{
  "main_panel": {
    "anchor_from": "center",
    "anchor_to": "center",
    "controls": [
      {
        "background": {
          "alpha": 0.6,
          "color": "black",
          "controls": [
            {
              "header": {
                "alpha": 0.4,
                "anchor_from": "top_left",
                "anchor_to": "top_left",
                "color": "black",
                "controls": [
                  {
                    "modal_title": {
                      "anchor_from": "left_middle",
                      "anchor_to": "left_middle",
                      "bindings": [
                        {
                          "binding_name": "#title_text",
                          "binding_type": "global"
                        }
                      ],
                      "color": "yellow",
                      "font_scale_factor": 1.1,
                      "font_type": "MinecraftTen",
                      "layer": 5,
                      "localize": false,
                      "offset": [
                        4,
                        -2
                      ],
                      "shadow": true,
                      "text": "#title_text",
                      "text_alignment": "left",
                      "type": "label"
                    }
                  },
                  {
                    "close_button@server_form.ng_close_button": {}
                  }
                ],
                "layer": 4,
                "offset": [
                  4,
                  4
                ],
                "size": [
                  "100% - 8px",
                  "21px"
                ],
                "texture": "textures/ui/ng/rounded_corners",
                "type": "image"
              }
            },
            {
              "contents": {
                "alpha": 0.4,
                "anchor_from": "bottom_left",
                "anchor_to": "bottom_left",
                "color": "black",
                "controls": [
                  {
                    "split_buttons@ng_long_form_list_buttons_panel_with_description": {}
                  }
                ],
                "layer": 7,
                "offset": [
                  4,
                  -4
                ],
                "size": [
                  "100% - 8px",
                  "100% - 36px"
                ],
                "texture": "textures/ui/ng/rounded_corners",
                "type": "image"
              }
            }
          ],
          "fill": true,
          "layer": 3,
          "size": [
            "100%",
            "100%"
          ],
          "texture": "textures/ui/ng/rounded_corners",
          "type": "image"
        }
      }
    ],
    "layer": 2,
    "max_size": [
      400,
      225
    ],
    "offset": [
      0,
      0
    ],
    "orientation": "vertical",
    "size": [
      "100%-4px",
      "100%-4px"
    ],
    "type": "stack_panel"
  },
  "namespace": "games",
  "ng_dynamic_button": {
    "anchor_from": "top_right",
    "anchor_to": "top_right",
    "controls": [
      {
        "button@common.button": {
          "$pressed_button_name": "button.form_button_click",
          "anchor_from": "top_left",
          "anchor_to": "top_left",
          "bindings": [
            {
              "binding_collection_name": "form_buttons",
              "binding_type": "collection_details"
            }
          ],
          "controls": [
            {
              "default@server_form.ng_dynamic_button_wrapper": {
                "$button_texture": "textures/ui/ng/button/button"
              }
            },
            {
              "hover@server_form.ng_dynamic_button_wrapper": {
                "$button_texture": "textures/ui/ng/button/button_hover"
              }
            },
            {
              "pressed@server_form.ng_dynamic_button_wrapper": {
                "$button_texture": "textures/ui/ng/button/button_pressed"
              }
            }
          ],
          "size": [
            "100% - 2px",
            "100% - 2px"
          ]
        }
      }
    ],
    "layer": 21,
    "size": "$button_size",
    "type": "panel"
  },
  "ng_form_grid": {
    "anchor_from": "top_right",
    "anchor_to": "top_right",
    "bindings": [
      {
        "binding_name": "#form_button_length",
        "binding_name_override": "#maximum_grid_items"
      }
    ],
    "collection_name": "form_buttons",
    "grid_item_template": "$ng_grid_template",
    "grid_rescaling_type": "horizontal",
    "layer": 20,
    "size": [
      "100%",
      "100%c"
    ],
    "type": "grid"
  },
  "ng_long_form_grid_buttons_panel@ng_long_form_list_buttons_panel_with_description": {
    "$button_size": [
      "50%",
      32
    ],
    "$scrolling_pane_offset": [
      2,
      2
    ],
    "$scrolling_pane_size": [
      "100%",
      "100% - 4px"
    ],
    "size": [
      "100% - 4px",
      "100%"
    ]
  },
  "ng_long_form_list_buttons_panel_with_description@common.scrolling_panel": {
    "$button_size": [
      "50%",
      32
    ],
    "$ng_grid_template": "games.ng_dynamic_button",
    "$scroll_background_image_control": "server_form.ng_scroll_rail",
    "$scroll_bar_left_padding_size": [
      0,
      0
    ],
    "$scroll_bar_right_padding_size": [
      0,
      0
    ],
    "$scroll_box_mouse_image_control": "server_form.ng_scroll_handle",
    "$scroll_box_touch_image_control": "server_form.ng_scroll_handle",
    "$scroll_size": [
      "12px",
      "100%"
    ],
    "$scroll_track_image_control": "server_form.ng_scroll_rail",
    "$scrolling_content": "games.ng_form_grid",
    "$scrolling_pane_offset": [
      2,
      2
    ],
    "$scrolling_pane_size": [
      "100%",
      "100% - 4px"
    ],
    "$show_background": false,
    "anchor_from": "bottom_left",
    "anchor_to": "bottom_left",
    "size": [
      "100% - 4px",
      "100%"
    ]
  }
}