{"ccui_form@common_dialogs.main_panel_no_buttons_ccui":{"$child_control":"ccui_form.ccui_form_panel","$text_name":"#title_text","$title_panel":"common_dialogs.standard_title_label","$title_size":[400,30],"$title_text_binding_type":"none","bindings":[{"binding_name":"#title_text"},{"binding_type":"view","source_property_name":"(not ((#title_text - 'CCUI-') = #title_text))","target_property_name":"#visible"}],"layer":2,"size":[400,272]},"ccui_form_dynamic_buttons_panel":{"anchor_from":"top_middle","anchor_to":"top_middle","bindings":[{"binding_name":"#form_button_length","binding_name_override":"#collection_length"}],"collection_name":"form_buttons","factory":{"control_name":"ccui_form.dynamic_button","name":"buttons"},"offset":[15,0],"orientation":"vertical","size":["100%","100%c"],"type":"stack_panel"},"ccui_form_panel":{"anchor_from":"top_left","anchor_to":"top_left","controls":[{"scrolling_panel@common.scrolling_panel":{"$scroll_bar_right_padding_size":[0,0],"$scroll_size":[5,"100%"],"$scrolling_content":"ccui_form.ccui_form_scrolling_content","$scrolling_pane_offset":[4,65],"$scrolling_pane_size":["100% - 4px","100%"],"$show_background":false,"anchor_from":"top_left","anchor_to":"top_left","size":["100%",160]}}],"layer":1,"orientation":"vertical","size":["100%","100%"],"type":"stack_panel"},"ccui_form_scrolling_content":{"anchor_from":"top_left","anchor_to":"top_left","controls":[{"label_offset_panel":{"controls":[{"main_label":{"anchor_from":"top_left","anchor_to":"top_left","color":"$main_header_text_color","offset":[26,0],"size":["85%","default"],"text":"#form_text","type":"label"}}],"size":["100%","100%c"],"type":"panel"}},{"padding":{"size":["100%",0],"type":"panel"}},{"wrapping_panel":{"controls":[{"ccui_form_dynamic_buttons_panel@ccui_form.ccui_form_dynamic_buttons_panel":{}}],"size":["100%","100%c"],"type":"panel"}}],"orientation":"vertical","size":["100%","100%c"],"type":"stack_panel"},"dynamic_button":{"controls":[{"panel_name":{"bindings":[{"binding_type":"view","resolve_sibling_scope":true,"source_control_name":"image","source_property_name":"(not (#texture = ''))","target_property_name":"#visible"}],"controls":[{"image":{"bindings":[{"binding_collection_name":"form_buttons","binding_name":"#form_button_texture","binding_name_override":"#texture","binding_type":"collection"},{"binding_collection_name":"form_buttons","binding_name":"#form_button_texture_file_system","binding_name_override":"#texture_file_system","binding_type":"collection"},{"binding_type":"view","source_property_name":"(not ((#texture = '') or (#texture = 'loading')))","target_property_name":"#visible"}],"layer":2,"offset":[0,0],"size":[180,30],"type":"image"}}],"size":[5,57],"type":"panel"}},{"form_button@common_buttons.ccui_text_button":{"$button_text":"#form_button_text","$button_text_binding_type":"collection","$button_text_grid_collection_name":"form_buttons","$button_text_max_size":[295,58],"$pressed_button_name":"button.form_button_click","anchor_from":"top_right","anchor_to":"top_right","bindings":[{"binding_collection_name":"form_buttons","binding_type":"collection_details"}],"size":[345,58]}}],"orientation":"horizontal","size":["100%",57],"type":"stack_panel"},"namespace":"ccui_form"}