{"dynamic_button":{"controls":[{"panel_name":{"bindings":[{"binding_type":"view","resolve_sibling_scope":true,"source_control_name":"image","source_property_name":"(not (#texture = ''))","target_property_name":"#visible"}],"controls":[{"image":{"bindings":[{"binding_collection_name":"form_buttons","binding_name":"#form_button_texture","binding_name_override":"#texture","binding_type":"collection"},{"binding_collection_name":"form_buttons","binding_name":"#form_button_texture_file_system","binding_name_override":"#texture_file_system","binding_type":"collection"},{"binding_type":"view","source_property_name":"(not ((#texture = '') or (#texture = 'loading')))","target_property_name":"#visible"}],"layer":5,"offset":[50,0],"size":[90,35],"type":"image"}}],"size":[5,50],"type":"panel"}},{"form_button_noimage@common_buttons.HSUI_noface_text_button":{"$button_text":"#form_button_text","$button_text_binding_type":"collection","$button_text_grid_collection_name":"form_buttons","$button_text_max_size":[300,45],"$pressed_button_name":"button.form_button_click","anchor_from":"top_right","anchor_to":"top_right","bindings":[{"binding_collection_name":"form_buttons","binding_type":"collection_details"},{"binding_collection_name":"form_buttons","binding_name":"#form_button_texture","binding_name_override":"#texture","binding_type":"collection"},{"binding_collection_name":"form_buttons","binding_name":"#form_button_texture_file_system","binding_name_override":"#texture_file_system","binding_type":"collection"},{"binding_type":"view","source_property_name":"(((#texture = '') or (#texture = 'loading')))","target_property_name":"#visible"}],"size":[350,50]}},{"form_button@common_buttons.HSUI_noface_text_button":{"$button_text":"#form_button_text","$button_text_binding_type":"collection","$button_text_grid_collection_name":"form_buttons","$button_text_max_size":[300,45],"$pressed_button_name":"button.form_button_click","anchor_from":"top_right","anchor_to":"top_right","bindings":[{"binding_collection_name":"form_buttons","binding_type":"collection_details"},{"binding_collection_name":"form_buttons","binding_name":"#form_button_texture","binding_name_override":"#texture","binding_type":"collection"},{"binding_collection_name":"form_buttons","binding_name":"#form_button_texture_file_system","binding_name_override":"#texture_file_system","binding_type":"collection"},{"binding_type":"view","source_property_name":"(not ((#texture = '') or (#texture = 'loading')))","target_property_name":"#visible"}],"size":[350,50]}}],"orientation":"horizontal","size":["100%",50],"type":"stack_panel"},"hsui_noface_form@common_dialogs.main_panel_no_buttons_hsui_noface":{"$child_control":"hsui_noface_form.hsui_noface_form_panel","$text_name":"#title_text","$title_panel":"common_dialogs.hsui_noface_standard_title_label","$title_size":["100% - 14px",10],"$title_text_binding_type":"none","bindings":[{"binding_name":"#title_text"},{"binding_type":"view","source_property_name":"(not ((#title_text - 'HSUINOFACE') = #title_text))","target_property_name":"#visible"}],"layer":2,"size":[400,225]},"hsui_noface_form_dynamic_buttons_panel":{"anchor_from":"top_middle","anchor_to":"top_middle","bindings":[{"binding_name":"#form_button_length","binding_name_override":"#collection_length"}],"collection_name":"form_buttons","factory":{"control_name":"hsui_noface_form.dynamic_button","name":"buttons"},"offset":[6,0],"orientation":"vertical","size":["100%","100%c"],"type":"stack_panel"},"hsui_noface_form_panel":{"anchor_from":"top_left","anchor_to":"top_left","controls":[{"scrolling_panel@common.scrolling_panel":{"$scroll_bar_right_padding_size":[0,0],"$scroll_size":[0,"100%"],"$scrolling_content":"hsui_noface_form.hsui_noface_form_scrolling_content","$scrolling_pane_offset":[8,36],"$scrolling_pane_size":["100%","110%"],"$show_background":false,"anchor_from":"top_left","anchor_to":"top_left","size":["100%",140]}}],"layer":1,"orientation":"vertical","size":["100%","100%"],"type":"stack_panel"},"hsui_noface_form_scrolling_content":{"anchor_from":"top_left","anchor_to":"top_left","controls":[{"label_offset_panel":{"controls":[{"main_label":{"anchor_from":"top_left","anchor_to":"top_left","color":"$main_header_text_color","offset":[14,2],"size":["100%","default"],"text":"#form_text","type":"label"}}],"size":["100%","100%c"],"type":"panel"}},{"padding":{"size":["100%",0],"type":"panel"}},{"wrapping_panel":{"controls":[{"hsui_noface_form_dynamic_buttons_panel@hsui_noface_form.hsui_noface_form_dynamic_buttons_panel":{}}],"size":["100%","100%c"],"type":"panel"}}],"orientation":"vertical","size":["100%","100%c"],"type":"stack_panel"},"namespace":"hsui_noface_form"}