{"dynamic_button":{"controls":[{"panel_name":{"bindings":[{"binding_type":"view","resolve_sibling_scope":true,"source_control_name":"image","source_property_name":"(not (#texture = ''))","target_property_name":"#visible"}],"controls":[{"image":{"bindings":[{"binding_collection_name":"form_buttons","binding_name":"#form_button_texture","binding_name_override":"#texture","binding_type":"collection"},{"binding_collection_name":"form_buttons","binding_name":"#form_button_texture_file_system","binding_name_override":"#texture_file_system","binding_type":"collection"},{"binding_type":"view","source_property_name":"(not ((#texture = '') or (#texture = 'loading')))","target_property_name":"#visible"}],"layer":2,"offset":[0,0],"size":[120,140],"type":"image"}}],"size":[120,140],"type":"panel"}},{"form_button@common_buttons.Empty_text_button":{"$button_text":"#form_button_text","$button_text_binding_type":"collection","$button_text_grid_collection_name":"form_buttons","$button_text_max_size":[220,140],"$pressed_button_name":"button.form_button_click","anchor_from":"top_right","anchor_to":"top_right","bindings":[{"binding_collection_name":"form_buttons","binding_type":"collection_details"}],"size":[250,140]}}],"orientation":"horizontal","size":["100%",140],"type":"stack_panel"},"namespace":"prui_form","prui_form@common_dialogs.main_panel_no_buttons_prui":{"$child_control":"prui_form.prui_form_panel","$text_name":"","$title_panel":"common_dialogs.standard_title_label","$title_size":["100% - 14px",10],"$title_text_binding_type":"none","bindings":[{"binding_name":"#title_text"},{"binding_type":"view","source_property_name":"(#title_text = 'PRUI')","target_property_name":"#visible"}],"layer":2,"size":[400,225]},"prui_form_dynamic_buttons_panel":{"anchor_from":"top_middle","anchor_to":"top_middle","bindings":[{"binding_name":"#form_button_length","binding_name_override":"#collection_length"}],"collection_name":"form_buttons","factory":{"control_name":"prui_form.dynamic_button","name":"buttons"},"offset":[6,0],"orientation":"vertical","size":["100% - 4px",0],"type":"stack_panel"},"prui_form_panel":{"anchor_from":"top_left","anchor_to":"top_left","controls":[{"scrolling_panel@common.scrolling_panel":{"$scroll_bar_right_padding_size":[0,0],"$scroll_size":[5,"100% - 2px"],"$scrolling_content":"prui_form.prui_form_scrolling_content","$scrolling_pane_offset":[4,32],"$scrolling_pane_size":["100% - 4px","100% - 32px"],"$show_background":false,"anchor_from":"top_left","anchor_to":"top_left","size":["100%","100%"]}}],"layer":1,"orientation":"vertical","size":["100%","100%"],"type":"stack_panel"},"prui_form_scrolling_content":{"anchor_from":"top_left","anchor_to":"top_left","controls":[{"label_offset_panel":{"controls":[{"main_label":{"anchor_from":"top_left","anchor_to":"top_left","color":"$main_header_text_color","offset":[10,0],"size":["100%","default"],"text":"#form_text","type":"label"}}],"size":["100%","100%c"],"type":"panel"}},{"padding":{"size":["100%",0],"type":"panel"}},{"wrapping_panel":{"controls":[{"prui_form_dynamic_buttons_panel@prui_form.prui_form_dynamic_buttons_panel":{}}],"size":["100%",0],"type":"panel"}}],"orientation":"vertical","size":["100% - 4px","100%c"],"type":"stack_panel"}}