{
	"format_version": "1.8.0",
	"animations": {
		"animation.hyperlands.basket_found": {
			"loop": "hold_on_last_frame",
			"animation_length": 3.2,
			"bones": {
				"EggHunt": {
					"rotation": {
						"0.0": [0, 0, 0],
						"0.16": [0, 0, 10],
						"0.32": [0, 0, -10],
						"0.44": [0, 0, 10],
						"0.56": [0, 0, -10],
						"0.68": [0, 0, 10],
						"0.8": [0, 0, -10],
						"0.92": [0, 0, 0]
					},
					"position": [0, 0, 0],
					"scale": 1
				},
				"basket": {
					"rotation": {
						"0.0": [0, 0, 0],
						"0.16": [0, 0, 0]
					},
					"position": [0, 0, 0],
					"scale": 1
				},
				"rightEgg2": {
					"rotation": {
						"0.88": [0, 0, 0],
						"1.16": [-13.67853, 15.05087, 11.98716],
						"1.44": [0.49607, 8.41967, 9.2606],
						"1.92": [-25.31064, 19.17106, -80.86494]
					},
					"position": {
						"0.88": [0, 0, 0],
						"1.16": [3.73, 3.27, 4.27],
						"1.64": [5, 1, 6],
						"1.92": [15, -3, 5]
					},
					"scale": 1
				},
				"leftEgg2": {
					"rotation": {
						"0.88": [0, 0, 0],
						"1.32": [-13.92446, 74.38829, -36.99396],
						"1.48": [39.75733, 55.63923, 4.75219],
						"1.6": [20.08, 54.1, 7.27],
						"1.76": [27.58, 54.1, 7.27],
						"1.88": [15.08, 54.1, 7.27],
						"2.0": [29.58, 54.1, 7.27],
						"2.16": [26.62683, 46.77711, 19.23221]
					},
					"position": {
						"0.88": [0, 0, 0],
						"1.32": [-7, 8, 13],
						"1.48": [-7, 2.67, 13.83],
						"1.6": [-7, -0.88, 14.56],
						"2.16": [-7, -12, 18]
					},
					"scale": 1
				},
				"behindEgg2": {
					"rotation": {
						"0.88": [0, 0, 0],
						"1.24": [-0.53225, 5.2149, -3.75818],
						"1.36": [11.61291, 8.69149, -6.26364],
						"1.48": [19.82431, 0.04595, -8.21201],
						"1.6": [1.96356, -10.76097, -10.64747],
						"1.92": [18.63849, -29.98458, -43.17607],
						"2.08": [27.60055, -54.84503, -48.85181]
					},
					"position": {
						"0.88": [0, 0, 0],
						"1.24": [8.1, 3.9, -6.75],
						"1.48": [13.5, 1.86, -11.25],
						"1.6": [18, 2, -15],
						"1.92": [22.22, -5.22, -17.22],
						"2.08": [23, -11, -24]
					},
					"scale": 1
				},
				"Branch": {
					"rotation": {
						"0.88": [0, 0, 0],
						"1.08": [-17.07925, -7.39312, -16.76718],
						"1.32": [-147.07925, -7.39312, -16.76718]
					},
					"position": {
						"0.88": [0, 0, 0],
						"1.08": [0, 0, 0],
						"1.32": [0, 2, 1]
					},
					"scale": 1
				},
				"Branch2": {
					"rotation": {
						"0.88": [0, 0, 0],
						"1.44": [76.00076, 0.58467, -10.62454]
					},
					"position": {
						"0.88": [0, 0, 0],
						"1.44": [7, 3, -7]
					},
					"scale": 1
				},
				"flowerf3": {
					"rotation": {
						"0.88": [0, 0, 0],
						"1.24": [-25.33761, 9.05478, -29.26175],
						"1.8": [3.55852, 5.51503, 0.78399]
					},
					"position": {
						"0.88": [0, 0, 0],
						"1.24": [-1, 0, 1],
						"1.8": [-4, -5, 6]
					},
					"scale": 1
				}
			}
		}
	}
}