{
	"format_version": "1.8.0",
	"animations": {
		"animation.hyperlands.dronefly": {
			"loop": true,
			"animation_length": 2.08,
			"bones": {
				"Drone": {
					"position": {
						"0.0": [0, 1.71, 0],
						"0.16": [0, 2, 0],
						"0.32": [0, 1.79, 0],
						"1.04": [0, -1.79, 0],
						"1.2": [0, -2, 0],
						"1.36": [0, -1.79, 0],
						"2.08": [0, 1.71, 0]
					}
				},
				"flag": {
					"rotation": {
						"0.0": [0, 0, 0],
						"1.04": [5, 0, 0],
						"2.08": [0, 0, 0]
					}
				},
				"blade1": {
					"rotation": {
						"0.0": [0, 0, 0],
						"0.52": [0, 720, 0],
						"1.04": [0, 1440, 0],
						"1.56": [0, 2160, 0],
						"2.08": [0, 2880, 0]
					}
				},
				"blade2": {
					"rotation": {
						"0.0": [0, 0, 0],
						"0.52": [0, 720, 0],
						"1.04": [0, 1440, 0],
						"1.56": [0, 2160, 0],
						"2.08": [0, 2880, 0]
					}
				},
				"blade3": {
					"rotation": {
						"0.0": [0, 0, 0],
						"0.52": [0, 720, 0],
						"1.04": [0, 1440, 0],
						"1.56": [0, 2160, 0],
						"2.08": [0, 2880, 0]
					}
				},
				"blade4": {
					"rotation": {
						"0.0": [0, 0, 0],
						"0.52": [0, 720, 0],
						"1.04": [0, 1440, 0],
						"1.56": [0, 2160, 0],
						"2.08": [0, 2880, 0]
					}
				},
				"flag2": {
					"rotation": {
						"0.0": [0, -22.5, 0],
						"0.2": [0, -32.5, 0],
						"0.4": [0, 30, 0],
						"0.64": [0, 57.5, 0],
						"0.84": [0, -27.5, 0],
						"1.0": [0, -37.5, 0],
						"1.2": [0, 20, 0],
						"1.4": [0, 45, 0],
						"1.52": [0, -12.5, 0],
						"1.64": [0, -20.63, 0],
						"1.84": [0, 27.5, 0],
						"2.08": [0, -20.83, 0]
					}
				},
				"flag3": {
					"rotation": {
						"0.0": [0, -22.5, 0],
						"0.2": [0, -22.5, 0],
						"0.4": [0, -52.5, 0],
						"0.56": [0, 45, 0],
						"0.72": [0, 17.5, 0],
						"0.88": [0, -32.5, 0],
						"1.0": [0, -25, 0],
						"1.2": [0, -22.5, 0],
						"1.44": [0, 27.5, 0],
						"1.68": [0, -45, 0],
						"1.84": [0, 45, 0],
						"2.0": [0, 0, 0],
						"2.08": [0, -22.5, 0]
					}
				},
				"flagbase": {
					"rotation": {
						"0.0": [0, 0, 0],
						"1.04": [-5, 0, 0],
						"2.08": [0, 0, 0]
					},
					"position": {
						"0.0": [0, 0, 0],
						"1.04": [0, 0, -0.5],
						"2.08": [0, 0, 0]
					}
				},
				"flag1": {
					"rotation": {
						"0.0": [0, 0, 0],
						"0.2": [0, 22.5, 0],
						"0.4": [0, 0, 0],
						"0.76": [0, -22.5, 0],
						"1.0": [0, 22.5, 0],
						"1.2": [0, 0, 0],
						"1.4": [0, -22.5, 0],
						"1.68": [0, 22.5, 0],
						"1.92": [0, -22.5, 0],
						"2.08": [0, 0, 0]
					}
				}
			}
		}
	}
}