{
	"format_version": "1.8.0",
	"animations": {
		"animation.hyperlands.lbcompress": {
			"animation_length": 0.75,
			"bones": {
				"root": {
					"scale": {
						"0.0": {
							"post": [1, 1, 1],
							"lerp_mode": "catmullrom"
						},
						"0.75": {
							"post": [0.1, 0.1, 0.1],
							"lerp_mode": "catmullrom"
						}
					}
				}
			}
		},
		"animation.hyperlands.lbfloat": {
			"loop": true,
			"animation_length": 3,
			"bones": {
				"root": {
					"rotation": {
						"0.0": [0, 0, 0],
						"0.75": [20, 45, 20],
						"1.5": [-20, 90, -20],
						"2.25": [20, 135, 20],
						"3.0": [0, 180, 0]
					},
					"position": {
						"0.0": [0, 10, 0],
						"0.1667": [0, 14, 0],
						"0.3333": [0, 17, 0],
						"0.5417": [0, 19.5, 0],
						"0.75": [0, 20, 0],
						"0.9583": [0, 19.5, 0],
						"1.1667": [0, 17, 0],
						"1.3333": [0, 14, 0],
						"1.5": [0, 10, 0],
						"1.6667": [0, 6, 0],
						"1.8333": [0, 3, 0],
						"2.0417": [0, 0.5, 0],
						"2.25": [0, 0, 0],
						"2.4583": [0, 0.5, 0],
						"2.6667": [0, 3, 0],
						"2.8333": [0, 6, 0],
						"3.0": [0, 10, 0]
					}
				}
			}
		}
	}
}