{
  "format_version": "1.8.0",
  "minecraft:client_entity": {
    "description": {
      "animation_controllers": [
        {
          "general": "controller.animation.cube_spawn"
        }
      ],
      "animations": {
        "default": "animation.item.menu.spin"
      },
      "geometry": {
        "default": "geometry.cube.npc"
      },
      "identifier": "cubecraft:cube_spawn",
      "materials": {
        "default": "entity_alphatest"
      },
      "render_controllers": [
        "controller.render.unlit"
      ],
      "textures": {
        "default": "textures/items/cube.npc"
      }
    }
  }
}