{
  "format_version": "1.20.0",
  "minecraft:client_entity": {
    "description": {
      "animations": {
        "hamster": "animation.hamster.cagepack_cageassortments.cage.default",
        "helicopter": "animation.helicopter.cagepack_cageassortments.cage.default",
        "helicopter_offset": "animation.cubecraft.featured.helicopter_offset",
        "merrygoround": "animation.merry-go-round.cagepack_cageassortments.cage.default"
      },
      "geometry": {
        "hamster": "geometry.cubecraft.cage.cagepack_cageassortments.hamster",
        "helicopter": "geometry.cubecraft.cage.cagepack_cageassortments.helicopter",
        "merrygoround": "geometry.cubecraft.cage.cagepack_cageassortments.merry-go-round"
      },
      "identifier": "cubecraft:featured.cage_assortments",
      "materials": {
        "default": "entity_alphatest"
      },
      "render_controllers": [
        "controller.render.marketplace.featured.cage_assortments"
      ],
      "scripts": {
        "animate": [
          {
            "helicopter": "variable.type==0"
          },
          {
            "helicopter_offset": "variable.type==0"
          },
          {
            "hamster": "variable.type==1"
          },
          {
            "merrygoround": "variable.type==2"
          }
        ],
        "initialize": [
          "variable.type=math.random_integer(0, 2);"
        ]
      },
      "textures": {
        "hamster": "textures/cc/cage/hamster",
        "helicopter": "textures/cc/cage/helicopter",
        "merrygoround": "textures/cc/cage/merry-go-round"
      }
    }
  }
}