{
  "format_version": "1.20.0",
  "minecraft:client_entity": {
    "description": {
      "animations": {
        "hallway": "animation.cage.hallway.default",
        "hills": "animation.cage.hills.default",
        "levelfun": "animation.wineffect.levelfun.default",
        "mrkitty": "animation.shopskin.mrkitty",
        "run_text": "animation.cubecraft.featured.run_text",
        "scientist": "animation.buddy.scientist.idle",
        "spiral_clouds": "animation.cubecraft.featured.spiral_clouds",
        "vhs": "animation.eggskin.vhs.idle"
      },
      "geometry": {
        "alex": "geometry.marketplace.texturepack.alex",
        "hallway": "geometry.cubecraft.cage.hallway",
        "hills": "geometry.cubecraft.cage.hills",
        "levelfun": "geometry.cubecraft.wineffect.levelfun",
        "mrkitty": "geometry.cubecraft.shopskin.mrkitty",
        "scientist": "geometry.cubecraft.buddy.scientist",
        "smiler": "geometry.cubecraft.buddy.smiler",
        "vhs": "geometry.cubecraft.eggskin.vhs"
      },
      "identifier": "cubecraft:featured.backrooms",
      "materials": {
        "animated": "cc_animated_default",
        "default": "entity_alphatest"
      },
      "particle_effects": {
        "run_text": "cubecraft:run_text",
        "spiral_clouds": "cubecraft:spiral_clouds",
        "tiny_forest": "cubecraft:tiny_forest"
      },
      "render_controllers": [
        "controller.render.marketplace.featured.backrooms"
      ],
      "scripts": {
        "animate": [
          {
            "scientist": "variable.type==0"
          },
          {
            "mrkitty": "variable.type==2"
          },
          {
            "levelfun": "variable.type==3"
          },
          {
            "hallway": "variable.type==4"
          },
          {
            "hills": "variable.type==5"
          },
          {
            "vhs": "variable.type==6"
          },
          {
            "run_text": "variable.type==7"
          },
          {
            "spiral_clouds": "variable.type==8"
          }
        ],
        "initialize": [
          "variable.type=math.random_integer(0, 8);"
        ],
        "scale": "variable.type >= 1 && variable.type <= 4 ? 0.7 : 1.0"
      },
      "textures": {
        "alex": "textures/marketplace_stand/featured_trail",
        "hallway": "textures/cc/cage/backrooms_hallway",
        "hills": "textures/cc/cage/backrooms_hills_day",
        "levelfun": "textures/cc/effect/win/backrooms_levelfun",
        "mrkitty": "textures/cc/shopskin/backrooms_mrkitty",
        "scientist": "textures/cc/buddy/backrooms_scientist",
        "smiler": "textures/cc/buddy/backrooms_smiler",
        "vhs": "textures/cc/eggskin/backrooms_vhs"
      }
    }
  }
}