{
  "format_version": "1.10.0",
  "minecraft:client_entity": {
    "description": {
      "animations": {
        "default": "animation.cubecraft.lobby_banner"
      },
      "geometry": {
        "battlearena": "geometry.lobby.text",
        "betagames": "geometry.lobby.text",
        "blockwars": "geometry.lobby.text",
        "eggwars": "geometry.lobby.text",
        "luckyblocks": "geometry.lobby.text",
        "minerware": "geometry.lobby.text",
        "parkour": "geometry.lobby.text",
        "skyblock": "geometry.lobby.text",
        "skywars": "geometry.lobby.text",
        "survivalgames": "geometry.lobby.text"
      },
      "identifier": "cubecraft:lobby_banner.text",
      "materials": {
        "default": "cc_lobby_banner"
      },
      "render_controllers": [
        "controller.render.lobby_banner"
      ],
      "scripts": {
        "animate": [
          "default"
        ],
        "initialize": [
          "variable.hLookAngleThreshold = 5;",
          "variable.upLookAngleThreshold = 15;",
          "variable.downLookAngleThreshold = 5;",
          "variable.targetGrowth = 0.5;",
          "variable.y0 = 0;",
          "variable.y1 = 0;",
          "variable.growth = 0;",
          "variable.camDis = 0;",
          "variable.c1 = 1.70158;",
          "variable.c3 = 2.70158;",
          "variable.x = 0;",
          "variable.lastVisibleFrame = 0;",
          "variable.lastHiddenFrame = 0;"
        ],
        "pre_animation": [
          "variable.y0 = query.rotation_to_camera(1);",
          "variable.y1 = variable.y0 > 0 ? variable.y0 - 180 : variable.y0 + 180;",
          "variable.isFacing = variable.y1 > query.camera_rotation(1) - variable.hLookAngleThreshold && variable.y1 < query.camera_rotation(1) + variable.hLookAngleThreshold && query.camera_rotation(0) > -variable.upLookAngleThreshold && query.camera_rotation(0) < variable.downLookAngleThreshold;",
          "variable.growth = math.lerp(variable.growth, variable.isFacing ? variable.targetGrowth : 0, query.delta_time * 4.0);",
          "variable.camDis = query.camera_distance_range_lerp(16, 40);",
          "variable.visible = (variable.camDis < 1);",
          "variable.lastVisibleFrame = variable.visible ? query.life_time : variable.lastVisibleFrame;",
          "variable.lastHiddenFrame = variable.visible ? variable.lastHiddenFrame : query.life_time;",
          "variable.time = math.clamp((query.life_time - (variable.visible ? variable.lastHiddenFrame : variable.lastVisibleFrame)) * 1.6, 0, 1);",
          "variable.x = (variable.visible ? variable.time : 1 - variable.time);"
        ],
        "scale": "(1 + math.clamp(variable.growth, 0, variable.targetGrowth)) * (1 + variable.c3 * math.pow(variable.x - 1, 3) + variable.c1 * math.pow(variable.x - 1, 2))"
      },
      "textures": {
        "battlearena": "textures/banners/battlearena_banner",
        "betagames": "textures/banners/betagames_banner",
        "blockwars": "textures/banners/blockwars_banner",
        "eggwars": "textures/banners/eggwars_banner",
        "luckyblocks": "textures/banners/luckyblocks_banner",
        "minerware": "textures/banners/minerware_banner",
        "parkour": "textures/banners/parkour_banner",
        "skyblock": "textures/banners/skyblock_banner",
        "skywars": "textures/banners/skywars_banner",
        "survivalgames": "textures/banners/survivalgames_banner"
      }
    }
  }
}