{
  "format_version": "1.8.0",
  "minecraft:client_entity": {
    "description": {
      "animation_controllers": [
        {
          "general": "controller.animation.gifting_npc"
        }
      ],
      "animations": {
        "default": "animation.paperlantern.headhunt.idle"
      },
      "geometry": {
        "default": "geometry.paperlantern.headhunt"
      },
      "identifier": "cubecraft:paperlantern.headhunt",
      "materials": {
        "default": "entity_alphatest"
      },
      "render_controllers": [
        "controller.render.unlit"
      ],
      "textures": {
        "default": "textures/head_hunt/paperlantern.headhunt"
      }
    }
  }
}