{
  "format_version": "1.8.0",
  "minecraft:client_entity": {
    "description": {
      "animation_controllers": [
        {
          "general": "controller.animation.generic.single"
        }
      ],
      "animations": {
        "default": "animation.lobby.mobvote.ballot"
      },
      "geometry": {
        "default": "geometry.cubecraft.lobby.mobvote.ballot"
      },
      "identifier": "cubecraft:lobby.mobvote.ballot",
      "materials": {
        "default": "entity_alphatest"
      },
      "render_controllers": [
        "controller.render.unlit"
      ],
      "textures": {
        "default": "textures/lobby/mobvote.ballot"
      }
    }
  }
}