{
  "format_version": "1.8.0",
  "minecraft:client_entity": {
    "description": {
      "animation_controllers": [
        {
          "general": "controller.animation.generic.single"
        }
      ],
      "animations": {
        "default": "animation.headhunt.ilde"
      },
      "geometry": {
        "default": "geometry.Cubecraft.headhunt.Icecream"
      },
      "identifier": "cubecraft:summer.headhunt",
      "materials": {
        "default": "entity_alphatest"
      },
      "render_controllers": [
        "controller.render.agent"
      ],
      "textures": {
        "default": "textures/head_hunt/icecream.texture"
      }
    }
  }
}