{
  "format_version": "1.8.0",
  "minecraft:client_entity": {
    "description": {
      "animation_controllers": [
        {
          "general": "controller.animation.generic.single"
        }
      ],
      "animations": {
        "default": "animation.item.menu.spin"
      },
      "geometry": {
        "default": "geometry.vip-levels.menu"
      },
      "identifier": "cubecraft:viplevels_menu",
      "materials": {
        "default": "entity_alphatest"
      },
      "render_controllers": [
        "controller.render.unlit"
      ],
      "textures": {
        "default": "textures/items/vip-levels.menu"
      }
    }
  }
}