{"animation_controllers":{"controller.animation.fivestates":{"initial_state":"state0","states":{"state0":{"animations":["state0"],"transitions":[{"state1":"query.is_angry"},{"state2":"query.is_baby"},{"state3":"query.is_casting"},{"state4":"query.is_charging"}]},"state1":{"animations":["state1"],"transitions":[{"state0":"!query.is_angry && !query.is_baby && !query.is_casting && !query.is_charging"},{"state2":"query.is_baby"},{"state3":"query.is_casting"},{"state4":"query.is_charging"}]},"state2":{"animations":["state2"],"transitions":[{"state0":"!query.is_angry && !query.is_baby && !query.is_casting && !query.is_charging"},{"state1":"query.is_angry"},{"state3":"query.is_casting"},{"state4":"query.is_charging"}]},"state3":{"animations":["state3"],"transitions":[{"state0":"!query.is_angry && !query.is_baby && !query.is_casting && !query.is_charging"},{"state1":"query.is_angry"},{"state2":"query.is_baby"},{"state4":"query.is_charging"}]},"state4":{"animations":["state4"],"transitions":[{"state0":"!query.is_angry && !query.is_baby && !query.is_casting && !query.is_charging"},{"state1":"query.is_angry"},{"state2":"query.is_baby"},{"state3":"query.is_casting"}]}}}},"format_version":"1.10.0"}