{"animation_controllers":{"controller.animation.fourstates":{"initial_state":"state0","states":{"state0":{"animations":["state0"],"transitions":[{"state1":"query.is_angry"},{"state2":"query.is_baby"},{"state3":"query.is_casting"}]},"state1":{"animations":["state1"],"transitions":[{"state0":"!query.is_angry && !query.is_baby && !query.is_casting"},{"state2":"query.is_baby"},{"state3":"query.is_casting"}]},"state2":{"animations":["state2"],"transitions":[{"state0":"!query.is_angry && !query.is_baby && !query.is_casting"},{"state1":"query.is_angry"},{"state3":"query.is_casting"}]},"state3":{"animations":["state3"],"transitions":[{"state0":"!query.is_angry && !query.is_baby && !query.is_casting"},{"state1":"query.is_angry"},{"state2":"query.is_baby"}]}}}},"format_version":"1.10.0"}