{"animation_controllers":{"controller.animation.genericstates":{"initial_state":"state0","states":{"state0":{"animations":["state0"],"transitions":[{"state1":"query.variant == 1"},{"state2":"query.variant == 2"},{"state3":"query.variant == 3"},{"state4":"query.variant == 4"},{"state5":"query.variant == 5"},{"state6":"query.variant == 6"},{"state7":"query.variant == 7"}]},"state1":{"animations":["state1"],"transitions":[{"state0":"query.variant == 0"},{"state2":"query.variant == 2"},{"state3":"query.variant == 3"},{"state4":"query.variant == 4"},{"state5":"query.variant == 5"},{"state6":"query.variant == 6"},{"state7":"query.variant == 7"}]},"state2":{"animations":["state2"],"transitions":[{"state0":"query.variant == 0"},{"state1":"query.variant == 1"},{"state3":"query.variant == 3"},{"state4":"query.variant == 4"},{"state5":"query.variant == 5"},{"state6":"query.variant == 6"},{"state7":"query.variant == 7"}]},"state3":{"animations":["state3"],"transitions":[{"state0":"query.variant == 0"},{"state1":"query.variant == 1"},{"state2":"query.variant == 2"},{"state4":"query.variant == 4"},{"state5":"query.variant == 5"},{"state6":"query.variant == 6"},{"state7":"query.variant == 7"}]},"state4":{"animations":["state4"],"transitions":[{"state0":"query.variant == 0"},{"state1":"query.variant == 1"},{"state2":"query.variant == 2"},{"state3":"query.variant == 3"},{"state5":"query.variant == 5"},{"state6":"query.variant == 6"},{"state7":"query.variant == 7"}]},"state5":{"animations":["state5"],"transitions":[{"state0":"query.variant == 0"},{"state1":"query.variant == 1"},{"state2":"query.variant == 2"},{"state3":"query.variant == 3"},{"state4":"query.variant == 4"},{"state6":"query.variant == 6"},{"state7":"query.variant == 7"}]},"state6":{"animations":["state6"],"transitions":[{"state0":"query.variant == 0"},{"state1":"query.variant == 1"},{"state2":"query.variant == 2"},{"state3":"query.variant == 3"},{"state4":"query.variant == 4"},{"state5":"query.variant == 5"},{"state7":"query.variant == 7"}]},"state7":{"animations":["state7"],"transitions":[{"state0":"query.variant == 0"},{"state1":"query.variant == 1"},{"state2":"query.variant == 2"},{"state3":"query.variant == 3"},{"state4":"query.variant == 4"},{"state5":"query.variant == 5"},{"state6":"query.variant == 6"}]}}}},"format_version":"1.18.10"}