{"animation_controllers":{"controller.animation.scaryhairy":{"initial_state":"idle","states":{"basic_attack":{"animations":["basic_attack"],"blend_transition":0.2,"transitions":[{"idle":"query.any_animation_finished"}]},"death":{"animations":["death"],"blend_transition":0.2,"transitions":[{"idle":"query.any_animation_finished"}]},"hurt":{"animations":["hurt"],"blend_transition":0.2,"transitions":[{"idle":"query.any_animation_finished"}]},"idle":{"animations":["idle"],"transitions":[{"walk":"query.ground_speed"},{"idle_blink":"query.variant == 2"},{"idle_quirk":"query.variant == 3"},{"basic_attack":"query.variant == 4"},{"hurt":"query.variant == 5"},{"ult_attack":"query.variant == 6"},{"death":"query.variant == 7"}]},"idle_blink":{"animations":["idle_blink"],"blend_transition":0.2,"transitions":[{"idle":"query.any_animation_finished"}]},"idle_quirk":{"animations":["idle_quirk"],"blend_transition":0.2,"transitions":[{"idle":"query.any_animation_finished"}]},"ult_attack":{"animations":["ult_attack"],"blend_transition":0.2,"transitions":[{"idle":"query.any_animation_finished"}]},"walk":{"animations":["walk"],"blend_transition":0.2,"transitions":[{"idle":"!query.ground_speed"}]}}}},"format_version":"1.18.10"}