{
  "format_version": "1.10.0",
  "render_controllers": {
    "controller.render.icon_marker": {
      "arrays": {
        "textures": {
          "Array.types": [
            "Texture.icon0",
            "Texture.icon1",
            "Texture.icon2",
            "Texture.icon3",
            "Texture.icon4",
            "Texture.icon5",
            "Texture.icon6",
            "Texture.icon7",
            "Texture.icon8",
            "Texture.icon9"
          ]
        }
      },
      "geometry": "Geometry.default",
      "ignore_lighting": true,
      "light_color_multiplier": 1,
      "materials": [
        {
          "*": "Material.default"
        }
      ],
      "textures": [
        "Array.types[query.variant]"
      ],
      "uv_anim": {
        "offset": [
          "math.mod(query.life_time, 6) < 0.75 ? math.floor(math.mod(query.life_time * 12, 8)) * 0.125 : 0",
          0
        ],
        "scale": [
          1.0,
          1.0
        ]
      }
    }
  }
}