{
  "format_version": "1.10.0",
  "render_controllers": {
    "controller.render.lucky_block": {
      "arrays": {
        "textures": {
          "Array.types": [
            "Texture.default",
            "Texture.diamond",
            "Texture.food",
            "Texture.blocks",
            "Texture.special"
          ]
        }
      },
      "geometry": "Geometry.default",
      "materials": [
        {
          "*": "Material.default"
        }
      ],
      "textures": [
        "Array.types[query.variant]"
      ]
    }
  }
}