{"animations":{"animation.geyser_custom.geo_e6dd650.firstperson_main_hand":{"bones":{"geyser_custom":{"position":[4,10,4],"rotation":[90,60,-40],"scale":1.5},"geyser_custom_x":{"rotation":[0,0,0],"scale":[0.35,0.35,0.35]},"geyser_custom_y":{"rotation":[0,-14,0]},"geyser_custom_z":{"rotation":[0,0,0]}},"loop":true},"animation.geyser_custom.geo_e6dd650.firstperson_off_hand":{"bones":{"geyser_custom":{"position":[4,10,4],"rotation":[90,60,-40],"scale":1.5},"geyser_custom_x":{"rotation":[0,0,0],"scale":[0.35,0.35,0.35]},"geyser_custom_y":{"rotation":[0,-14,0]},"geyser_custom_z":{"rotation":[0,0,0]}},"loop":true},"animation.geyser_custom.geo_e6dd650.head":{"bones":{"geyser_custom":{"position":[0,20.5,0]},"geyser_custom_x":{"scale":[0.53125,0.53125,0.53125]}},"loop":true},"animation.geyser_custom.geo_e6dd650.thirdperson_main_hand":{"bones":{"geyser_custom":{"position":[0,13,-3],"rotation":[90,0,0]},"geyser_custom_x":{"scale":[0.3,0.3,0.3]}},"loop":true},"animation.geyser_custom.geo_e6dd650.thirdperson_off_hand":{"bones":{"geyser_custom":{"position":[0,13,-3],"rotation":[90,0,0]},"geyser_custom_x":{"scale":[0.3,0.3,0.3]}},"loop":true}},"format_version":"1.8.0"}