{"animations":{"animation.geyser_custom.geo_1ed3d75.firstperson_main_hand":{"bones":{"geyser_custom":{"position":[4,13,12],"rotation":[90,60,-40],"scale":1.9},"geyser_custom_x":{"position":[0.695,-0.695,-0.6956],"rotation":[0,0,0],"scale":[0.35,0.35,0.35]},"geyser_custom_y":{"rotation":[0,61,0]},"geyser_custom_z":{"rotation":[0,0,0]}},"loop":true},"animation.geyser_custom.geo_1ed3d75.head":{"bones":{"geyser_custom":{"position":[0,19.5,0]},"geyser_custom_x":{"position":[1.65625,-1.875,3.125],"rotation":[0,0,0],"scale":[0.5625,0.5625,0.5625]},"geyser_custom_y":{"rotation":[0,0,0]},"geyser_custom_z":{"rotation":[0,0,3]}},"loop":true},"animation.geyser_custom.geo_1ed3d75.thirdperson_main_hand":{"bones":{"geyser_custom":{"position":[0,13,-3],"rotation":[90,0,0]},"geyser_custom_x":{"position":[1,-5,0],"rotation":[0,0,0],"scale":[0.35,0.35,0.35]},"geyser_custom_y":{"rotation":[0,100,0]},"geyser_custom_z":{"rotation":[0,0,0]}},"loop":true}},"format_version":"1.8.0"}