{"animations":{"animation.geyser_custom.geo_61bc7e8.firstperson_main_hand":{"bones":{"geyser_custom":{"position":[4,10,4],"rotation":[90,60,-40],"scale":1.5},"geyser_custom_x":{"position":[-2.7826,2.7826,0],"rotation":[0,0,0],"scale":[0.2,0.2,0.2]},"geyser_custom_y":{"position":[0,-4,4],"rotation":[0,-135,0],"scale":1.8},"geyser_custom_z":{"rotation":[0,0,0]}},"loop":true},"animation.geyser_custom.geo_61bc7e8.firstperson_off_hand":{"bones":{"geyser_custom":{"position":[4,10,4],"rotation":[90,60,-40],"scale":1.5},"geyser_custom_x":{"position":[2.7826,2.7826,0],"rotation":[0,0,0],"scale":[0.2,0.2,0.2]},"geyser_custom_y":{"rotation":[0,-135,0]},"geyser_custom_z":{"rotation":[0,0,0]}},"loop":true},"animation.geyser_custom.geo_61bc7e8.head":{"bones":{"geyser_custom":{"position":[0,19.5,0]},"geyser_custom_x":{"scale":[0.53125,0.53125,0.53125]}},"loop":true},"animation.geyser_custom.geo_61bc7e8.thirdperson_main_hand":{"bones":{"geyser_custom":{"position":[0,13,-3],"rotation":[90,0,0]},"geyser_custom_x":{"position":[0,0,4.1739],"scale":[0.5,0.5,0.5]}},"loop":true},"animation.geyser_custom.geo_61bc7e8.thirdperson_off_hand":{"bones":{"geyser_custom":{"position":[0,13,-3],"rotation":[90,0,0]},"geyser_custom_x":{"position":[0,0,4.1739],"scale":[0.5,0.5,0.5]}},"loop":true}},"format_version":"1.8.0"}