{"animations":{"animation.geyser_custom.geo_03814ed.firstperson_main_hand":{"bones":{"geyser_custom":{"position":[4,10,4],"rotation":[90,60,-40],"scale":1.5},"geyser_custom_x":{"position":[0,0.7,0],"rotation":[0,0,0],"scale":[0.5,0.5,0.5]},"geyser_custom_y":{"rotation":[0,-31,0]},"geyser_custom_z":{"rotation":[0,0,0]}},"loop":true},"animation.geyser_custom.geo_03814ed.firstperson_off_hand":{"bones":{"geyser_custom":{"position":[4,10,4],"rotation":[90,60,-40],"scale":1.5},"geyser_custom_x":{"position":[0,0.7,0],"rotation":[0,0,0],"scale":[0.5,0.5,0.5]},"geyser_custom_y":{"rotation":[0,-31,0]},"geyser_custom_z":{"rotation":[0,0,0]}},"loop":true},"animation.geyser_custom.geo_03814ed.head":{"bones":{"geyser_custom":{"position":[0,19.5,0]},"geyser_custom_x":{"position":[0,4.4375,-0.43374999999999997],"rotation":[2,0,0],"scale":[0.8125,0.875,0.8125]},"geyser_custom_y":{"rotation":[0,0,0]},"geyser_custom_z":{"rotation":[0,0,0]}},"loop":true},"animation.geyser_custom.geo_03814ed.thirdperson_main_hand":{"bones":{"geyser_custom":{"position":[0,13,-3],"rotation":[90,0,0]},"geyser_custom_x":{"position":[0,0.6956,0],"rotation":[-39,0,0],"scale":[0.5,0.5,0.5]},"geyser_custom_y":{"rotation":[0,3,0]},"geyser_custom_z":{"rotation":[0,0,0]}},"loop":true},"animation.geyser_custom.geo_03814ed.thirdperson_off_hand":{"bones":{"geyser_custom":{"position":[0,13,-3],"rotation":[90,0,0]},"geyser_custom_x":{"position":[0,0.6956,0],"rotation":[-39,0,0],"scale":[0.5,0.5,0.5]},"geyser_custom_y":{"rotation":[0,3,0]},"geyser_custom_z":{"rotation":[0,0,0]}},"loop":true}},"format_version":"1.8.0"}