{"animations":{"animation.geyser_custom.geo_a813b5d.firstperson_main_hand":{"bones":{"geyser_custom":{"position":[4,13,12],"rotation":[90,60,-40],"scale":2.2},"geyser_custom_x":{"position":[-0.6956,2.7826,-0.6956],"rotation":[0,0,0],"scale":[0.2,0.2,0.2]},"geyser_custom_y":{"rotation":[0,-125,0]},"geyser_custom_z":{"rotation":[0,0,0]}},"loop":true},"animation.geyser_custom.geo_a813b5d.firstperson_off_hand":{"bones":{"geyser_custom":{"position":[4,10,4],"rotation":[90,60,-40],"scale":1.5},"geyser_custom_x":{"position":[0.6956,2.7826,-0.6956],"rotation":[0,0,0],"scale":[0.2,0.2,0.2]},"geyser_custom_y":{"rotation":[0,-125,0]},"geyser_custom_z":{"rotation":[0,0,0]}},"loop":true},"animation.geyser_custom.geo_a813b5d.head":{"bones":{"geyser_custom":{"position":[0,19.5,0]},"geyser_custom_x":{"position":[0,3.25,0],"scale":[0.53125,0.53125,0.53125]}},"loop":true},"animation.geyser_custom.geo_a813b5d.thirdperson_main_hand":{"bones":{"geyser_custom":{"position":[0,13,-3],"rotation":[90,0,0]},"geyser_custom_x":{"scale":[0.3,0.3,0.3]}},"loop":true},"animation.geyser_custom.geo_a813b5d.thirdperson_off_hand":{"bones":{"geyser_custom":{"position":[0,13,-3],"rotation":[90,0,0]},"geyser_custom_x":{"scale":[0.3,0.3,0.3]}},"loop":true}},"format_version":"1.8.0"}