{"animations":{"animation.geyser_custom.geo_19b5091.firstperson_main_hand":{"bones":{"geyser_custom":{"position":[4,10,4],"rotation":[90,60,-40],"scale":1.5},"geyser_custom_x":{"rotation":[0.1,0.1,0.1]}},"loop":true},"animation.geyser_custom.geo_19b5091.firstperson_off_hand":{"bones":{"geyser_custom":{"position":[4,10,4],"rotation":[90,60,-40],"scale":1.5},"geyser_custom_x":{"rotation":[0.1,0.1,0.1]}},"loop":true},"animation.geyser_custom.geo_19b5091.head":{"bones":{"geyser_custom":{"position":[0,19.5,0]},"geyser_custom_x":{"position":[0,1.739125,-4.3125],"rotation":[-90,0,0],"scale":[0.1875,0.3125,0.1875]},"geyser_custom_y":{"rotation":[0,0,0]},"geyser_custom_z":{"rotation":[0,0,0]}},"loop":true},"animation.geyser_custom.geo_19b5091.thirdperson_main_hand":{"bones":{"geyser_custom":{"position":[0,13,-3],"rotation":[90,0,0]}},"loop":true},"animation.geyser_custom.geo_19b5091.thirdperson_off_hand":{"bones":{"geyser_custom":{"position":[0,13,-3],"rotation":[90,0,0]}},"loop":true}},"format_version":"1.8.0"}