{"animations":{"animation.geyser_custom.carnagewings.firstperson_main_hand":{"bones":{"geyser_custom":{"position":[4,10,4],"rotation":[90,60,-40],"scale":2},"geyser_custom_x":{"position":[-2.0869,0,0],"rotation":[0,0,0],"scale":[0.7,0.7,0.7]},"geyser_custom_y":{"rotation":[0,-14,0]},"geyser_custom_z":{"rotation":[0,0,0]}},"loop":true},"animation.geyser_custom.carnagewings.head":{"bones":{"geyser_custom":{"position":[0,19.5,3],"rotation":[0,90,0]},"geyser_custom_x":{"scale":2}},"loop":true},"animation.geyser_custom.carnagewings.thirdperson_main_hand":{"bones":{"geyser_custom":{"position":[0,13,-3],"rotation":[90,0,0],"scale":1.5},"geyser_custom_x":{"position":[-1,0,0],"rotation":[0,0,0],"scale":[0.7,0.7,0.7]},"geyser_custom_y":{"rotation":[0,-45,0]},"geyser_custom_z":{"rotation":[0,0,0]}},"loop":true}},"format_version":"1.8.0"}