{
  "format_version": "1.10.0",
  "minecraft:client_entity": {
    "description": {
      "animations": {
        "bob": "animation.player.bob",
        "pose_1": "animation.marketplace.pose.wave",
        "pose_2": "animation.marketplace.pose.crossed_arms",
        "pose_3": "animation.marketplace.pose.sit",
        "pose_4": "animation.marketplace.pose.jump",
        "pose_controller": "controller.animation.marketplace_stand.pose"
      },
      "geometry": {
        "default": "geometry.humanoid.custom"
      },
      "identifier": "cubecraft:marketplace.lobby.eggwars",
      "materials": {
        "default": "entity_alphatest"
      },
      "render_controllers": [
        "controller.render.marketplace.three"
      ],
      "scripts": {
        "animate": [
          "bob",
          "pose_controller"
        ],
        "initialize": [
          "variable.pose=math.random_integer(0, 4);"
        ]
      },
      "textures": {
        "one": "textures/marketplace_stand/eggwars_one",
        "three": "textures/marketplace_stand/eggwars_three",
        "two": "textures/marketplace_stand/eggwars_two"
      }
    }
  }
}