{
  "format_version": "1.10.0",
  "minecraft:client_entity": {
    "description": {
      "geometry": {
        "armor": "geometry.marketplace.texturepack.alex.armor",
        "default": "geometry.marketplace.texturepack.alex"
      },
      "identifier": "cubecraft:marketplace.lobby.sg",
      "materials": {
        "default": "entity_alphatest"
      },
      "render_controllers": [
        "controller.render.unlit",
        "controller.render.marketplace.armor"
      ],
      "textures": {
        "armor": "textures/marketplace_stand/sg_main_armor",
        "default": "textures/marketplace_stand/sg_main"
      }
    }
  }
}