{
  "format_version": "1.20.0",
  "minecraft:client_entity": {
    "description": {
      "animations": {
        "loop": "animation.cubecraft.summer_bundle_kill_effect.kill"
      },
      "geometry": {
        "default": "geometry.cubecraft.summer_bundle_kill_effect"
      },
      "identifier": "cubecraft:summer_bundle_kill_effect",
      "materials": {
        "default": "entity_alphatest"
      },
      "particle_effects": {
        "dust": "cubecraft:dust_cube"
      },
      "render_controllers": [
        "controller.render.unlit"
      ],
      "scripts": {
        "animate": [
          "loop"
        ]
      },
      "textures": {
        "default": "textures/marketplace_stand/summer_bundle_kill_effect"
      }
    }
  }
}