{"format_version":"1.16.0","minecraft:geometry":[{"bones":[{"binding":"c.item_slot == 'head' ? 'head' : q.item_slot_to_bone_name(c.item_slot)","name":"geyser_custom","pivot":[0,8,0]},{"name":"geyser_custom_x","parent":"geyser_custom","pivot":[0,8,0]},{"name":"geyser_custom_y","parent":"geyser_custom_x","pivot":[0,8,0]},{"cubes":[{"origin":[1.5,8.5,-0.125],"size":[0.75,2.25,0.25],"uv":{"down":{"uv":[7.496,12.0605],"uv_size":[-0.246,-0.123]},"east":{"uv":[7.9597,10.641],"uv_size":[0.082,1.109]},"north":{"uv":[8.504,10.641],"uv_size":[0.246,1.109]},"south":{"uv":[7.254,10.641],"uv_size":[0.246,1.109]},"up":{"uv":[7.496,12.0605],"uv_size":[-0.246,-0.123]},"west":{"uv":[7.9597,10.641],"uv_size":[0.082,1.109]}}},{"origin":[1,4,-0.375],"size":[1,0.5,0.75],"uv":{"down":{"uv":[7.6613,12.1815],"uv_size":[-0.328,-0.369]},"east":{"uv":[7.879,13.754],"uv_size":[0.246,0.246]},"north":{"uv":[8.3387,13.754],"uv_size":[0.328,0.246]},"south":{"uv":[7.3387,13.754],"uv_size":[0.328,0.246]},"up":{"uv":[7.6613,12.1815],"uv_size":[-0.328,-0.369]},"west":{"uv":[7.879,13.754],"uv_size":[0.246,0.246]}}},{"origin":[1,4.5,-0.125],"size":[1,0.5,0.25],"uv":{"east":{"uv":[7.9597,13.504],"uv_size":[0.082,0.246]},"north":{"uv":[8.3387,13.504],"uv_size":[0.328,0.246]},"south":{"uv":[7.3387,13.504],"uv_size":[0.328,0.246]},"up":{"uv":[7.6613,12.0605],"uv_size":[-0.328,-0.123]},"west":{"uv":[7.9597,13.504],"uv_size":[0.082,0.246]}}},{"origin":[1.25,5,-0.125],"size":[0.75,1,0.25],"uv":{"east":{"uv":[7.9597,13.008],"uv_size":[0.082,0.492]},"north":{"uv":[8.4207,13.008],"uv_size":[0.246,0.492]},"south":{"uv":[7.3373,13.008],"uv_size":[0.246,0.492]},"up":{"uv":[7.5793,12.0605],"uv_size":[-0.246,-0.123]},"west":{"uv":[7.9597,13.008],"uv_size":[0.082,0.492]}}},{"origin":[1,6.5,-0.125],"size":[1,0.25,0.25],"uv":{"down":{"uv":[7.6613,12.0605],"uv_size":[-0.328,-0.123]},"east":{"uv":[7.9597,12.627],"uv_size":[0.082,0.123]},"north":{"uv":[8.3387,12.627],"uv_size":[0.328,0.123]},"south":{"uv":[7.3387,12.627],"uv_size":[0.328,0.123]},"up":{"uv":[7.6613,12.0605],"uv_size":[-0.328,-0.123]},"west":{"uv":[7.9597,12.627],"uv_size":[0.082,0.123]}}},{"origin":[1.25,7.5,-0.125],"size":[0.75,0.75,0.25],"uv":{"down":{"uv":[7.5793,12.0605],"uv_size":[-0.246,-0.123]},"east":{"uv":[7.9597,11.881],"uv_size":[0.082,0.369]},"north":{"uv":[8.4207,11.881],"uv_size":[0.246,0.369]},"south":{"uv":[7.3373,11.881],"uv_size":[0.246,0.369]},"up":{"uv":[7.5793,12.0605],"uv_size":[-0.246,-0.123]},"west":{"uv":[7.9597,11.881],"uv_size":[0.082,0.369]}}},{"origin":[1.5,8.25,-0.375],"size":[0.5,0.25,0.75],"uv":{"down":{"uv":[7.4973,12.1815],"uv_size":[-0.164,-0.369]},"east":{"uv":[7.879,11.752],"uv_size":[0.246,0.123]},"north":{"uv":[8.5027,11.752],"uv_size":[0.164,0.123]},"south":{"uv":[7.336,11.752],"uv_size":[0.164,0.123]},"up":{"uv":[7.4973,12.1815],"uv_size":[-0.164,-0.369]},"west":{"uv":[7.879,11.752],"uv_size":[0.246,0.123]}}},{"origin":[1.75,8.5,-0.375],"size":[0.25,2.25,0.25],"uv":{"east":{"uv":[8.043,10.641],"uv_size":[0.082,1.109]},"north":{"uv":[8.5847,10.641],"uv_size":[0.082,1.109]},"up":{"uv":[7.4153,11.9355],"uv_size":[-0.082,-0.123]},"west":{"uv":[7.8763,10.641],"uv_size":[0.082,1.109]}}},{"origin":[1.75,8.5,0.125],"size":[0.25,2.25,0.25],"uv":{"east":{"uv":[7.8763,10.641],"uv_size":[0.082,1.109]},"south":{"uv":[7.3347,10.641],"uv_size":[0.082,1.109]},"up":{"uv":[7.4153,12.1855],"uv_size":[-0.082,-0.123]},"west":{"uv":[8.043,10.641],"uv_size":[0.082,1.109]}}},{"origin":[1.25,10.75,-0.125],"size":[0.75,1.25,0.25],"uv":{"down":{"uv":[7.5793,12.0605],"uv_size":[-0.246,-0.123]},"east":{"uv":[7.9597,10.01],"uv_size":[0.082,0.615]},"north":{"uv":[8.4207,10.01],"uv_size":[0.246,0.615]},"south":{"uv":[7.3373,10.01],"uv_size":[0.246,0.615]},"up":{"uv":[7.5793,12.0605],"uv_size":[-0.246,-0.123]},"west":{"uv":[7.9597,10.01],"uv_size":[0.082,0.615]}}},{"origin":[1.25,11.5,-0.375],"size":[0.75,0.5,0.25],"uv":{"down":{"uv":[7.5793,12.1855],"uv_size":[-0.246,-0.123]},"east":{"uv":[8.043,10.004],"uv_size":[0.082,0.246]},"north":{"uv":[8.4207,10.004],"uv_size":[0.246,0.246]},"up":{"uv":[7.5793,11.9355],"uv_size":[-0.246,-0.123]},"west":{"uv":[7.8763,10.004],"uv_size":[0.082,0.246]}}},{"origin":[1.25,11.5,0.125],"size":[0.75,0.5,0.25],"uv":{"down":{"uv":[7.5793,11.9355],"uv_size":[-0.246,-0.123]},"east":{"uv":[7.8763,10.004],"uv_size":[0.082,0.246]},"south":{"uv":[7.3373,10.004],"uv_size":[0.246,0.246]},"up":{"uv":[7.5793,12.1855],"uv_size":[-0.246,-0.123]},"west":{"uv":[8.043,10.004],"uv_size":[0.082,0.246]}}},{"origin":[1.25,4.5,-0.375],"size":[0.5,0.75,0.25],"uv":{"east":{"uv":[8.043,13.381],"uv_size":[0.082,0.369]},"north":{"uv":[8.4193,13.381],"uv_size":[0.164,0.369]},"south":{"uv":[7.4193,13.381],"uv_size":[0.164,0.369]},"up":{"uv":[7.5807,11.9355],"uv_size":[-0.164,-0.123]},"west":{"uv":[7.8763,13.381],"uv_size":[0.082,0.369]}}},{"origin":[1.25,4.5,0.125],"size":[0.5,0.75,0.25],"uv":{"east":{"uv":[7.8763,13.381],"uv_size":[0.082,0.369]},"north":{"uv":[8.4193,13.381],"uv_size":[0.164,0.369]},"south":{"uv":[7.4193,13.381],"uv_size":[0.164,0.369]},"up":{"uv":[7.5807,12.1855],"uv_size":[-0.164,-0.123]},"west":{"uv":[8.043,13.381],"uv_size":[0.082,0.369]}}},{"origin":[1.5,5.25,-0.375],"size":[0.25,0.5,0.25],"uv":{"east":{"uv":[8.043,13.129],"uv_size":[0.082,0.246]},"north":{"uv":[8.5013,13.129],"uv_size":[0.082,0.246]},"up":{"uv":[7.4987,11.9355],"uv_size":[-0.082,-0.123]},"west":{"uv":[7.8763,13.129],"uv_size":[0.082,0.246]}}},{"origin":[1.5,5.25,0.125],"size":[0.25,0.5,0.25],"uv":{"east":{"uv":[7.8763,13.129],"uv_size":[0.082,0.246]},"south":{"uv":[7.418,13.129],"uv_size":[0.082,0.246]},"up":{"uv":[7.4987,12.1855],"uv_size":[-0.082,-0.123]},"west":{"uv":[8.043,13.129],"uv_size":[0.082,0.246]}}},{"origin":[1.25,6,-0.125],"size":[0.5,0.5,0.25],"uv":{"east":{"uv":[7.9597,12.754],"uv_size":[0.082,0.246]},"north":{"uv":[8.4193,12.754],"uv_size":[0.164,0.246]},"south":{"uv":[7.4193,12.754],"uv_size":[0.164,0.246]},"west":{"uv":[7.9597,12.754],"uv_size":[0.082,0.246]}}},{"origin":[1.125,6.5,-0.375],"size":[0.75,0.25,0.75],"uv":{"down":{"uv":[7.621,12.1815],"uv_size":[-0.246,-0.369]},"east":{"uv":[7.879,12.627],"uv_size":[0.246,0.123]},"north":{"uv":[8.379,12.627],"uv_size":[0.246,0.123]},"south":{"uv":[7.379,12.627],"uv_size":[0.246,0.123]},"up":{"uv":[7.621,12.1815],"uv_size":[-0.246,-0.369]},"west":{"uv":[7.879,12.627],"uv_size":[0.246,0.123]}}},{"origin":[1.25,6.75,-0.125],"size":[0.5,0.75,0.25],"uv":{"east":{"uv":[7.9597,12.256],"uv_size":[0.082,0.369]},"north":{"uv":[8.4193,12.256],"uv_size":[0.164,0.369]},"south":{"uv":[7.4193,12.256],"uv_size":[0.164,0.369]},"west":{"uv":[7.9597,12.256],"uv_size":[0.082,0.369]}}},{"origin":[1.5,7.75,0.125],"size":[0.25,0.5,0.25],"uv":{"down":{"uv":[7.4987,11.9355],"uv_size":[-0.082,-0.123]},"east":{"uv":[7.8763,11.879],"uv_size":[0.082,0.246]},"south":{"uv":[7.418,11.879],"uv_size":[0.082,0.246]},"west":{"uv":[8.043,11.879],"uv_size":[0.082,0.246]}}},{"origin":[1.5,10.25,-0.375],"size":[0.25,1.25,0.25],"uv":{"down":{"uv":[7.4987,12.1855],"uv_size":[-0.082,-0.123]},"east":{"uv":[8.043,10.26],"uv_size":[0.082,0.615]},"north":{"uv":[8.5013,10.26],"uv_size":[0.082,0.615]},"south":{"uv":[7.418,10.26],"uv_size":[0.082,0.615]},"west":{"uv":[7.8763,10.26],"uv_size":[0.082,0.615]}}},{"origin":[1.5,10.25,0.125],"size":[0.25,1.25,0.25],"uv":{"down":{"uv":[7.4987,11.9355],"uv_size":[-0.082,-0.123]},"east":{"uv":[7.8763,10.26],"uv_size":[0.082,0.615]},"north":{"uv":[8.5013,10.26],"uv_size":[0.082,0.615]},"south":{"uv":[7.418,10.26],"uv_size":[0.082,0.615]},"west":{"uv":[8.043,10.26],"uv_size":[0.082,0.615]}}},{"origin":[1.25,3.25,-0.375],"size":[0.25,0.75,0.75],"uv":{"down":{"uv":[7.582,12.1815],"uv_size":[-0.082,-0.369]},"east":{"uv":[7.879,14.006],"uv_size":[0.246,0.369]},"north":{"uv":[8.418,14.006],"uv_size":[0.082,0.369]},"south":{"uv":[7.5013,14.006],"uv_size":[0.082,0.369]}}},{"origin":[1.25,10.5,-0.125],"size":[0.25,0.25,0.25],"uv":{"down":{"uv":[7.582,12.0605],"uv_size":[-0.082,-0.123]},"east":{"uv":[7.9597,10.627],"uv_size":[0.082,0.123]},"north":{"uv":[8.418,10.627],"uv_size":[0.082,0.123]},"south":{"uv":[7.5013,10.627],"uv_size":[0.082,0.123]}}},{"origin":[1.25,11.25,-0.375],"size":[0.25,0.25,0.25],"uv":{"down":{"uv":[7.582,12.1855],"uv_size":[-0.082,-0.123]},"east":{"uv":[8.043,10.252],"uv_size":[0.082,0.123]},"north":{"uv":[8.418,10.252],"uv_size":[0.082,0.123]}}},{"origin":[1.25,11.25,0.125],"size":[0.25,0.25,0.25],"uv":{"down":{"uv":[7.582,11.9355],"uv_size":[-0.082,-0.123]},"east":{"uv":[7.8763,10.252],"uv_size":[0.082,0.123]},"south":{"uv":[7.5013,10.252],"uv_size":[0.082,0.123]}}},{"origin":[1,12,-0.375],"size":[0.5,0.5,0.75],"uv":{"down":{"uv":[7.664,12.1815],"uv_size":[-0.164,-0.369]},"east":{"uv":[7.879,9.754],"uv_size":[0.246,0.246]},"north":{"uv":[8.336,9.754],"uv_size":[0.164,0.246]},"south":{"uv":[7.5027,9.754],"uv_size":[0.164,0.246]},"up":{"uv":[7.664,12.1815],"uv_size":[-0.164,-0.369]}}},{"origin":[1.25,12.5,-0.375],"size":[0.25,0.25,0.75],"uv":{"east":{"uv":[7.879,9.627],"uv_size":[0.246,0.123]},"north":{"uv":[8.418,9.627],"uv_size":[0.082,0.123]},"south":{"uv":[7.5013,9.627],"uv_size":[0.082,0.123]},"up":{"uv":[7.582,12.1815],"uv_size":[-0.082,-0.369]}}},{"origin":[1,3.5,-0.125],"size":[0.25,0.5,0.25],"uv":{"down":{"uv":[7.6653,12.0605],"uv_size":[-0.082,-0.123]},"east":{"uv":[7.9597,14.004],"uv_size":[0.082,0.246]},"north":{"uv":[8.3347,14.004],"uv_size":[0.082,0.246]},"south":{"uv":[7.5847,14.004],"uv_size":[0.082,0.246]}}},{"origin":[1,3.75,-0.375],"size":[0.25,0.25,0.25],"uv":{"down":{"uv":[7.6653,12.1855],"uv_size":[-0.082,-0.123]},"east":{"uv":[8.043,14.002],"uv_size":[0.082,0.123]},"north":{"uv":[8.3347,14.002],"uv_size":[0.082,0.123]}}},{"origin":[1,3.75,0.125],"size":[0.25,0.25,0.25],"uv":{"down":{"uv":[7.6653,11.9355],"uv_size":[-0.082,-0.123]},"east":{"uv":[7.8763,14.002],"uv_size":[0.082,0.123]},"south":{"uv":[7.5847,14.002],"uv_size":[0.082,0.123]}}},{"origin":[1,11.5,-0.125],"size":[0.25,0.5,0.25],"uv":{"down":{"uv":[7.6653,12.0605],"uv_size":[-0.082,-0.123]},"east":{"uv":[7.9597,10.004],"uv_size":[0.082,0.246]},"north":{"uv":[8.3347,10.004],"uv_size":[0.082,0.246]},"south":{"uv":[7.5847,10.004],"uv_size":[0.082,0.246]}}},{"origin":[1.5,5.75,0.125],"size":[0.25,2,0.125],"uv":{"east":{"uv":[7.9173,12.141],"uv_size":[0.041,0.984]},"north":{"uv":[8.5013,12.141],"uv_size":[0.082,0.984]},"south":{"uv":[7.418,12.141],"uv_size":[0.082,0.984]},"west":{"uv":[8.0423,12.141],"uv_size":[0.041,0.984]}}},{"origin":[1.5,5.75,-0.25],"size":[0.25,2,0.125],"uv":{"east":{"uv":[8.0423,12.141],"uv_size":[0.041,0.984]},"north":{"uv":[8.5013,12.141],"uv_size":[0.082,0.984]},"south":{"uv":[7.418,12.141],"uv_size":[0.082,0.984]},"west":{"uv":[7.9173,12.141],"uv_size":[0.041,0.984]}}},{"origin":[-2.25,21.5,-0.125],"size":[0.25,0.25,0.25],"uv":{"east":{"uv":[13.293,5.127],"uv_size":[0.082,0.123]},"west":{"uv":[13.293,5.127],"uv_size":[0.082,0.123]}}},{"origin":[1.25,3,-0.125],"size":[0.75,0.25,0.25],"uv":{"down":{"uv":[12.9127,4.0605],"uv_size":[-0.246,-0.123]},"east":{"uv":[13.293,6.377],"uv_size":[0.082,0.123]},"north":{"uv":[13.754,6.377],"uv_size":[0.246,0.123]},"south":{"uv":[12.6707,6.377],"uv_size":[0.246,0.123]},"up":{"uv":[12.9127,4.0605],"uv_size":[-0.246,-0.123]},"west":{"uv":[13.293,6.377],"uv_size":[0.082,0.123]}}},{"origin":[1.5,3.25,-0.375],"size":[0.5,0.75,0.75],"uv":{"down":{"uv":[12.8307,4.1815],"uv_size":[-0.164,-0.369]},"north":{"uv":[13.836,6.006],"uv_size":[0.164,0.369]},"south":{"uv":[12.6693,6.006],"uv_size":[0.164,0.369]},"west":{"uv":[13.2123,6.006],"uv_size":[0.246,0.369]}}},{"origin":[1.5,12,-0.375],"size":[0.5,0.75,0.75],"uv":{"down":{"uv":[12.8307,4.1815],"uv_size":[-0.164,-0.369]},"east":{"uv":[13.2123,1.631],"uv_size":[0.246,0.369]},"north":{"uv":[13.836,1.631],"uv_size":[0.164,0.369]},"south":{"uv":[12.6693,1.631],"uv_size":[0.164,0.369]},"up":{"uv":[12.8307,4.1815],"uv_size":[-0.164,-0.369]},"west":{"uv":[13.2123,1.631],"uv_size":[0.246,0.369]}}},{"origin":[1.25,12.75,-0.125],"size":[0.75,0.25,0.25],"uv":{"down":{"uv":[12.9127,4.0605],"uv_size":[-0.246,-0.123]},"east":{"uv":[13.293,1.502],"uv_size":[0.082,0.123]},"north":{"uv":[13.754,1.502],"uv_size":[0.246,0.123]},"south":{"uv":[12.6707,1.502],"uv_size":[0.246,0.123]},"up":{"uv":[12.9127,4.0605],"uv_size":[-0.246,-0.123]},"west":{"uv":[13.293,1.502],"uv_size":[0.082,0.123]}}},{"origin":[1,2.25,-0.125],"size":[0.75,0.5,0.25],"uv":{"down":{"uv":[12.996,4.0605],"uv_size":[-0.246,-0.123]},"east":{"uv":[13.293,6.629],"uv_size":[0.082,0.246]},"north":{"uv":[13.6707,6.629],"uv_size":[0.246,0.246]},"south":{"uv":[12.754,6.629],"uv_size":[0.246,0.246]},"up":{"uv":[12.996,4.0605],"uv_size":[-0.246,-0.123]},"west":{"uv":[13.293,6.629],"uv_size":[0.082,0.246]}}},{"origin":[1.25,2.5,-0.375],"size":[0.5,0.75,0.25],"uv":{"down":{"uv":[12.914,4.1855],"uv_size":[-0.164,-0.123]},"east":{"uv":[13.3763,6.381],"uv_size":[0.082,0.369]},"north":{"uv":[13.7527,6.381],"uv_size":[0.164,0.369]},"south":{"uv":[12.7527,6.381],"uv_size":[0.164,0.369]},"up":{"uv":[12.914,3.9355],"uv_size":[-0.164,-0.123]},"west":{"uv":[13.2097,6.381],"uv_size":[0.082,0.369]}}},{"origin":[1.25,2.5,0.125],"size":[0.5,0.75,0.25],"uv":{"down":{"uv":[12.914,3.9355],"uv_size":[-0.164,-0.123]},"east":{"uv":[13.2097,6.381],"uv_size":[0.082,0.369]},"north":{"uv":[13.7527,6.381],"uv_size":[0.164,0.369]},"south":{"uv":[12.7527,6.381],"uv_size":[0.164,0.369]},"up":{"uv":[12.914,4.1855],"uv_size":[-0.164,-0.123]},"west":{"uv":[13.3763,6.381],"uv_size":[0.082,0.369]}}},{"origin":[1.25,2.75,-0.125],"size":[0.5,0.25,0.25],"uv":{"east":{"uv":[13.293,6.502],"uv_size":[0.082,0.123]},"west":{"uv":[13.293,6.502],"uv_size":[0.082,0.123]}}},{"origin":[1.25,12.75,-0.375],"size":[0.5,0.75,0.25],"uv":{"down":{"uv":[12.914,4.1855],"uv_size":[-0.164,-0.123]},"east":{"uv":[13.3763,1.256],"uv_size":[0.082,0.369]},"north":{"uv":[13.7527,1.256],"uv_size":[0.164,0.369]},"south":{"uv":[12.7527,1.256],"uv_size":[0.164,0.369]},"up":{"uv":[12.914,3.9355],"uv_size":[-0.164,-0.123]},"west":{"uv":[13.2097,1.256],"uv_size":[0.082,0.369]}}},{"origin":[1.25,12.75,0.125],"size":[0.5,0.75,0.25],"uv":{"down":{"uv":[12.914,3.9355],"uv_size":[-0.164,-0.123]},"east":{"uv":[13.2097,1.256],"uv_size":[0.082,0.369]},"north":{"uv":[13.7527,1.256],"uv_size":[0.164,0.369]},"south":{"uv":[12.7527,1.256],"uv_size":[0.164,0.369]},"up":{"uv":[12.914,4.1855],"uv_size":[-0.164,-0.123]},"west":{"uv":[13.3763,1.256],"uv_size":[0.082,0.369]}}},{"origin":[1.25,13,-0.125],"size":[0.5,0.75,0.25],"uv":{"east":{"uv":[13.293,1.131],"uv_size":[0.082,0.369]},"north":{"uv":[13.7527,1.131],"uv_size":[0.164,0.369]},"south":{"uv":[12.7527,1.131],"uv_size":[0.164,0.369]},"up":{"uv":[12.914,4.0605],"uv_size":[-0.164,-0.123]},"west":{"uv":[13.293,1.131],"uv_size":[0.082,0.369]}}},{"origin":[0.75,1.5,-0.125],"size":[0.75,0.5,0.25],"uv":{"down":{"uv":[13.0793,4.0605],"uv_size":[-0.246,-0.123]},"east":{"uv":[13.293,7.004],"uv_size":[0.082,0.246]},"north":{"uv":[13.5873,7.004],"uv_size":[0.246,0.246]},"south":{"uv":[12.8373,7.004],"uv_size":[0.246,0.246]},"up":{"uv":[13.0793,4.0605],"uv_size":[-0.246,-0.123]},"west":{"uv":[13.293,7.004],"uv_size":[0.082,0.246]}}},{"origin":[1,1.75,-0.375],"size":[0.5,0.75,0.25],"uv":{"down":{"uv":[12.9973,4.1855],"uv_size":[-0.164,-0.123]},"east":{"uv":[13.3763,6.756],"uv_size":[0.082,0.369]},"north":{"uv":[13.6693,6.756],"uv_size":[0.164,0.369]},"south":{"uv":[12.836,6.756],"uv_size":[0.164,0.369]},"up":{"uv":[12.9973,3.9355],"uv_size":[-0.164,-0.123]},"west":{"uv":[13.2097,6.756],"uv_size":[0.082,0.369]}}},{"origin":[1,1.75,0.125],"size":[0.5,0.75,0.25],"uv":{"down":{"uv":[12.9973,3.9355],"uv_size":[-0.164,-0.123]},"east":{"uv":[13.2097,6.756],"uv_size":[0.082,0.369]},"north":{"uv":[13.6693,6.756],"uv_size":[0.164,0.369]},"south":{"uv":[12.836,6.756],"uv_size":[0.164,0.369]},"up":{"uv":[12.9973,4.1855],"uv_size":[-0.164,-0.123]},"west":{"uv":[13.3763,6.756],"uv_size":[0.082,0.369]}}},{"origin":[1,2,-0.125],"size":[0.5,0.25,0.25],"uv":{"east":{"uv":[13.293,6.877],"uv_size":[0.082,0.123]},"west":{"uv":[13.293,6.877],"uv_size":[0.082,0.123]}}},{"origin":[1,13.5,-0.375],"size":[0.5,0.75,0.25],"uv":{"down":{"uv":[12.9973,4.1855],"uv_size":[-0.164,-0.123]},"east":{"uv":[13.3763,0.881],"uv_size":[0.082,0.369]},"north":{"uv":[13.6693,0.881],"uv_size":[0.164,0.369]},"south":{"uv":[12.836,0.881],"uv_size":[0.164,0.369]},"up":{"uv":[12.9973,3.9355],"uv_size":[-0.164,-0.123]},"west":{"uv":[13.2097,0.881],"uv_size":[0.082,0.369]}}},{"origin":[1,13.5,0.125],"size":[0.5,0.75,0.25],"uv":{"down":{"uv":[12.9973,3.9355],"uv_size":[-0.164,-0.123]},"east":{"uv":[13.2097,0.881],"uv_size":[0.082,0.369]},"north":{"uv":[13.6693,0.881],"uv_size":[0.164,0.369]},"south":{"uv":[12.836,0.881],"uv_size":[0.164,0.369]},"up":{"uv":[12.9973,4.1855],"uv_size":[-0.164,-0.123]},"west":{"uv":[13.3763,0.881],"uv_size":[0.082,0.369]}}},{"origin":[1,13.75,-0.125],"size":[0.5,0.75,0.25],"uv":{"down":{"uv":[12.9973,4.0605],"uv_size":[-0.164,-0.123]},"east":{"uv":[13.293,0.756],"uv_size":[0.082,0.369]},"north":{"uv":[13.6693,0.756],"uv_size":[0.164,0.369]},"south":{"uv":[12.836,0.756],"uv_size":[0.164,0.369]},"up":{"uv":[12.9973,4.0605],"uv_size":[-0.164,-0.123]},"west":{"uv":[13.293,0.756],"uv_size":[0.082,0.369]}}},{"origin":[0.5,1,-0.125],"size":[0.75,0.25,0.25],"uv":{"down":{"uv":[13.1627,4.0605],"uv_size":[-0.246,-0.123]},"east":{"uv":[13.293,7.377],"uv_size":[0.082,0.123]},"north":{"uv":[13.504,7.377],"uv_size":[0.246,0.123]},"south":{"uv":[12.9207,7.377],"uv_size":[0.246,0.123]},"up":{"uv":[13.1627,4.0605],"uv_size":[-0.246,-0.123]},"west":{"uv":[13.293,7.377],"uv_size":[0.082,0.123]}}},{"origin":[0.75,1.25,-0.375],"size":[0.5,0.5,0.25],"uv":{"down":{"uv":[13.0807,4.1855],"uv_size":[-0.164,-0.123]},"east":{"uv":[13.3763,7.129],"uv_size":[0.082,0.246]},"north":{"uv":[13.586,7.129],"uv_size":[0.164,0.246]},"south":{"uv":[12.9193,7.129],"uv_size":[0.164,0.246]},"up":{"uv":[13.0807,3.9355],"uv_size":[-0.164,-0.123]},"west":{"uv":[13.2097,7.129],"uv_size":[0.082,0.246]}}},{"origin":[0.75,1.25,-0.125],"size":[0.5,0.25,0.5],"uv":{"down":{"uv":[13.0807,4.0585],"uv_size":[-0.164,-0.246]},"east":{"uv":[13.211,7.252],"uv_size":[0.164,0.123]},"south":{"uv":[12.9193,7.252],"uv_size":[0.164,0.123]},"up":{"uv":[13.0807,4.1835],"uv_size":[-0.164,-0.246]},"west":{"uv":[13.2943,7.252],"uv_size":[0.164,0.123]}}},{"origin":[0.75,1.5,0.125],"size":[0.5,0.25,0.25],"uv":{"east":{"uv":[13.2097,7.127],"uv_size":[0.082,0.123]},"south":{"uv":[12.9193,7.127],"uv_size":[0.164,0.123]},"up":{"uv":[13.0807,4.1855],"uv_size":[-0.164,-0.123]},"west":{"uv":[13.3763,7.127],"uv_size":[0.082,0.123]}}},{"origin":[1,13.25,-0.125],"size":[0.25,0.5,0.25],"uv":{"down":{"uv":[12.9987,4.0605],"uv_size":[-0.082,-0.123]},"east":{"uv":[13.293,1.129],"uv_size":[0.082,0.246]},"north":{"uv":[13.668,1.129],"uv_size":[0.082,0.246]},"south":{"uv":[12.918,1.129],"uv_size":[0.082,0.246]}}},{"origin":[0.75,14.25,-0.375],"size":[0.5,0.5,0.25],"uv":{"down":{"uv":[13.0807,4.1855],"uv_size":[-0.164,-0.123]},"east":{"uv":[13.3763,0.629],"uv_size":[0.082,0.246]},"north":{"uv":[13.586,0.629],"uv_size":[0.164,0.246]},"south":{"uv":[12.9193,0.629],"uv_size":[0.164,0.246]},"up":{"uv":[13.0807,3.9355],"uv_size":[-0.164,-0.123]},"west":{"uv":[13.2097,0.629],"uv_size":[0.082,0.246]}}},{"origin":[0.75,14.25,0.125],"size":[0.5,0.5,0.25],"uv":{"down":{"uv":[13.0807,3.9355],"uv_size":[-0.164,-0.123]},"east":{"uv":[13.2097,0.629],"uv_size":[0.082,0.246]},"north":{"uv":[13.586,0.629],"uv_size":[0.164,0.246]},"south":{"uv":[12.9193,0.629],"uv_size":[0.164,0.246]},"up":{"uv":[13.0807,4.1855],"uv_size":[-0.164,-0.123]},"west":{"uv":[13.3763,0.629],"uv_size":[0.082,0.246]}}},{"origin":[0.75,14.5,-0.125],"size":[0.5,0.5,0.25],"uv":{"down":{"uv":[13.0807,4.0605],"uv_size":[-0.164,-0.123]},"east":{"uv":[13.293,0.504],"uv_size":[0.082,0.246]},"north":{"uv":[13.586,0.504],"uv_size":[0.164,0.246]},"south":{"uv":[12.9193,0.504],"uv_size":[0.164,0.246]},"up":{"uv":[13.0807,4.0605],"uv_size":[-0.164,-0.123]},"west":{"uv":[13.293,0.504],"uv_size":[0.082,0.246]}}},{"origin":[0.25,0.25,-0.125],"size":[0.75,0.25,0.25],"uv":{"down":{"uv":[13.246,4.0605],"uv_size":[-0.246,-0.123]},"east":{"uv":[13.293,7.752],"uv_size":[0.082,0.123]},"north":{"uv":[13.4207,7.752],"uv_size":[0.246,0.123]},"south":{"uv":[13.004,7.752],"uv_size":[0.246,0.123]},"up":{"uv":[13.246,4.0605],"uv_size":[-0.246,-0.123]},"west":{"uv":[13.293,7.752],"uv_size":[0.082,0.123]}}},{"origin":[0.5,0.5,-0.375],"size":[0.5,0.5,0.75],"uv":{"down":{"uv":[13.164,4.1815],"uv_size":[-0.164,-0.369]},"east":{"uv":[13.2123,7.504],"uv_size":[0.246,0.246]},"north":{"uv":[13.5027,7.504],"uv_size":[0.164,0.246]},"south":{"uv":[13.0027,7.504],"uv_size":[0.164,0.246]},"up":{"uv":[13.164,4.1815],"uv_size":[-0.164,-0.369]},"west":{"uv":[13.2123,7.504],"uv_size":[0.246,0.246]}}},{"origin":[0.75,1,-0.375],"size":[0.25,0.25,0.25],"uv":{"east":{"uv":[13.3763,7.377],"uv_size":[0.082,0.123]},"north":{"uv":[13.5847,7.377],"uv_size":[0.082,0.123]},"west":{"uv":[13.2097,7.377],"uv_size":[0.082,0.123]}}},{"origin":[0.75,1,0.125],"size":[0.25,0.25,0.25],"uv":{"east":{"uv":[13.2097,7.377],"uv_size":[0.082,0.123]},"south":{"uv":[13.0013,7.377],"uv_size":[0.082,0.123]},"west":{"uv":[13.3763,7.377],"uv_size":[0.082,0.123]}}},{"origin":[0.75,14,-0.125],"size":[0.25,0.5,0.25],"uv":{"down":{"uv":[13.082,4.0605],"uv_size":[-0.082,-0.123]},"east":{"uv":[13.293,0.754],"uv_size":[0.082,0.246]},"north":{"uv":[13.5847,0.754],"uv_size":[0.082,0.246]},"south":{"uv":[13.0013,0.754],"uv_size":[0.082,0.246]}}},{"origin":[0.75,14.75,-0.375],"size":[0.25,0.75,0.25],"uv":{"east":{"uv":[13.3763,0.256],"uv_size":[0.082,0.369]},"north":{"uv":[13.5847,0.256],"uv_size":[0.082,0.369]},"south":{"uv":[13.0013,0.256],"uv_size":[0.082,0.369]},"up":{"uv":[13.082,3.9355],"uv_size":[-0.082,-0.123]},"west":{"uv":[13.2097,0.256],"uv_size":[0.082,0.369]}}},{"origin":[0.75,14.75,0.125],"size":[0.25,0.75,0.25],"uv":{"east":{"uv":[13.2097,0.256],"uv_size":[0.082,0.369]},"north":{"uv":[13.5847,0.256],"uv_size":[0.082,0.369]},"south":{"uv":[13.0013,0.256],"uv_size":[0.082,0.369]},"up":{"uv":[13.082,4.1855],"uv_size":[-0.082,-0.123]},"west":{"uv":[13.3763,0.256],"uv_size":[0.082,0.369]}}},{"origin":[0.5,15,-0.125],"size":[0.5,0.75,0.25],"uv":{"down":{"uv":[13.164,4.0605],"uv_size":[-0.164,-0.123]},"east":{"uv":[13.293,0.131],"uv_size":[0.082,0.369]},"north":{"uv":[13.5027,0.131],"uv_size":[0.164,0.369]},"south":{"uv":[13.0027,0.131],"uv_size":[0.164,0.369]},"up":{"uv":[13.164,4.0605],"uv_size":[-0.164,-0.123]},"west":{"uv":[13.293,0.131],"uv_size":[0.082,0.369]}}},{"origin":[0,-0.25,-0.125],"size":[0.75,0.25,0.25],"uv":{"down":{"uv":[13.3293,4.0605],"uv_size":[-0.246,-0.123]},"east":{"uv":[13.293,0.002],"uv_size":[0.082,0.123]},"north":{"uv":[13.3373,0.002],"uv_size":[0.246,0.123]},"south":{"uv":[13.0873,0.002],"uv_size":[0.246,0.123]},"up":{"uv":[13.3293,4.0605],"uv_size":[-0.246,-0.123]},"west":{"uv":[13.293,0.002],"uv_size":[0.082,0.123]}}},{"origin":[0.25,0,-0.375],"size":[0.5,0.25,0.75],"uv":{"down":{"uv":[13.2473,4.1815],"uv_size":[-0.164,-0.369]},"east":{"uv":[13.2123,7.877],"uv_size":[0.246,0.123]},"north":{"uv":[13.4193,7.877],"uv_size":[0.164,0.123]},"south":{"uv":[13.086,7.877],"uv_size":[0.164,0.123]},"up":{"uv":[13.2473,4.1815],"uv_size":[-0.164,-0.369]},"west":{"uv":[13.2123,7.877],"uv_size":[0.246,0.123]}}},{"origin":[0.5,0.25,-0.375],"size":[0.25,0.25,0.25],"uv":{"east":{"uv":[13.3763,7.752],"uv_size":[0.082,0.123]},"north":{"uv":[13.5013,7.752],"uv_size":[0.082,0.123]},"west":{"uv":[13.2097,7.752],"uv_size":[0.082,0.123]}}},{"origin":[0.5,0.25,0.125],"size":[0.25,0.25,0.25],"uv":{"east":{"uv":[13.2097,7.752],"uv_size":[0.082,0.123]},"south":{"uv":[13.0847,7.752],"uv_size":[0.082,0.123]},"west":{"uv":[13.3763,7.752],"uv_size":[0.082,0.123]}}},{"origin":[0.5,14.75,-0.125],"size":[0.25,0.25,0.25],"uv":{"down":{"uv":[13.1653,4.0605],"uv_size":[-0.082,-0.123]},"east":{"uv":[13.293,0.502],"uv_size":[0.082,0.123]},"north":{"uv":[13.5013,0.502],"uv_size":[0.082,0.123]},"south":{"uv":[13.0847,0.502],"uv_size":[0.082,0.123]}}},{"origin":[0.5,15,-0.375],"size":[0.25,1,0.25],"uv":{"down":{"uv":[13.1653,4.1855],"uv_size":[-0.082,-0.123]},"east":{"uv":[13.3763,0.008],"uv_size":[0.082,0.492]},"north":{"uv":[13.5013,0.008],"uv_size":[0.082,0.492]},"south":{"uv":[13.0847,0.008],"uv_size":[0.082,0.492]},"up":{"uv":[13.1653,3.9355],"uv_size":[-0.082,-0.123]},"west":{"uv":[13.2097,0.008],"uv_size":[0.082,0.492]}}},{"origin":[0.5,15,0.125],"size":[0.25,1,0.25],"uv":{"down":{"uv":[13.1653,3.9355],"uv_size":[-0.082,-0.123]},"east":{"uv":[13.2097,0.008],"uv_size":[0.082,0.492]},"north":{"uv":[13.5013,0.008],"uv_size":[0.082,0.492]},"south":{"uv":[13.0847,0.008],"uv_size":[0.082,0.492]},"up":{"uv":[13.1653,4.1855],"uv_size":[-0.082,-0.123]},"west":{"uv":[13.3763,0.008],"uv_size":[0.082,0.492]}}},{"origin":[0.25,15.75,-0.125],"size":[0.5,0.5,0.25],"uv":{"down":{"uv":[13.2473,4.0605],"uv_size":[-0.164,-0.123]},"east":{"uv":[13.293,0.002],"uv_size":[0.082,0.123]},"north":{"uv":[13.4193,0.002],"uv_size":[0.164,0.123]},"south":{"uv":[13.086,0.002],"uv_size":[0.164,0.123]},"up":{"uv":[13.2473,4.0605],"uv_size":[-0.164,-0.123]},"west":{"uv":[13.293,0.002],"uv_size":[0.082,0.123]}}},{"origin":[0,-0.75,-0.125],"size":[0.5,0.5,0.25],"uv":{"down":{"uv":[13.3307,4.0605],"uv_size":[-0.164,-0.123]},"east":{"uv":[13.293,0.129],"uv_size":[0.082,0.246]},"north":{"uv":[13.336,0.129],"uv_size":[0.164,0.246]},"south":{"uv":[13.1693,0.129],"uv_size":[0.164,0.246]},"west":{"uv":[13.293,0.129],"uv_size":[0.082,0.246]}}},{"origin":[0,-0.5,-0.375],"size":[0.5,0.25,0.25],"uv":{"down":{"uv":[13.3307,4.1855],"uv_size":[-0.164,-0.123]},"east":{"uv":[13.3763,0.127],"uv_size":[0.082,0.123]},"north":{"uv":[13.336,0.127],"uv_size":[0.164,0.123]},"up":{"uv":[13.3307,3.9355],"uv_size":[-0.164,-0.123]},"west":{"uv":[13.2097,0.127],"uv_size":[0.082,0.123]}}},{"origin":[0,-0.5,0.125],"size":[0.5,0.25,0.25],"uv":{"down":{"uv":[13.3307,3.9355],"uv_size":[-0.164,-0.123]},"east":{"uv":[13.2097,0.127],"uv_size":[0.082,0.123]},"south":{"uv":[13.1693,0.127],"uv_size":[0.164,0.123]},"up":{"uv":[13.3307,4.1855],"uv_size":[-0.164,-0.123]},"west":{"uv":[13.3763,0.127],"uv_size":[0.082,0.123]}}},{"origin":[0.25,-0.25,-0.375],"size":[0.25,0.25,0.25],"uv":{"east":{"uv":[13.3763,0.002],"uv_size":[0.082,0.123]},"north":{"uv":[13.418,0.002],"uv_size":[0.082,0.123]},"west":{"uv":[13.2097,0.002],"uv_size":[0.082,0.123]}}},{"origin":[0.25,-0.25,0.125],"size":[0.25,0.25,0.25],"uv":{"east":{"uv":[13.2097,0.002],"uv_size":[0.082,0.123]},"south":{"uv":[13.168,0.002],"uv_size":[0.082,0.123]},"west":{"uv":[13.3763,0.002],"uv_size":[0.082,0.123]}}},{"origin":[0.25,15.5,-0.125],"size":[0.25,0.25,0.25],"uv":{"down":{"uv":[13.2487,4.0605],"uv_size":[-0.082,-0.123]},"east":{"uv":[13.293,0.127],"uv_size":[0.082,0.123]},"north":{"uv":[13.418,0.127],"uv_size":[0.082,0.123]},"south":{"uv":[13.168,0.127],"uv_size":[0.082,0.123]}}},{"origin":[0.25,15.75,-0.375],"size":[0.25,0.75,0.25],"uv":{"down":{"uv":[13.2487,4.1855],"uv_size":[-0.082,-0.123]},"east":{"uv":[13.3763,0.002],"uv_size":[0.082,0.123]},"north":{"uv":[13.418,0.002],"uv_size":[0.082,0.123]},"south":{"uv":[13.168,0.002],"uv_size":[0.082,0.123]},"up":{"uv":[13.2487,3.9355],"uv_size":[-0.082,-0.123]},"west":{"uv":[13.2097,0.002],"uv_size":[0.082,0.123]}}},{"origin":[0.25,15.75,0.125],"size":[0.25,0.75,0.25],"uv":{"down":{"uv":[13.2487,3.9355],"uv_size":[-0.082,-0.123]},"east":{"uv":[13.2097,0.002],"uv_size":[0.082,0.123]},"north":{"uv":[13.418,0.002],"uv_size":[0.082,0.123]},"south":{"uv":[13.168,0.002],"uv_size":[0.082,0.123]},"up":{"uv":[13.2487,4.1855],"uv_size":[-0.082,-0.123]},"west":{"uv":[13.3763,0.002],"uv_size":[0.082,0.123]}}},{"origin":[0,16.25,-0.125],"size":[0.5,0.5,0.25],"uv":{"down":{"uv":[13.3307,4.0605],"uv_size":[-0.164,-0.123]},"east":{"uv":[13.293,7.629],"uv_size":[0.082,0.246]},"north":{"uv":[13.336,7.629],"uv_size":[0.164,0.246]},"south":{"uv":[13.1693,7.629],"uv_size":[0.164,0.246]},"up":{"uv":[13.3307,4.0605],"uv_size":[-0.164,-0.123]},"west":{"uv":[13.293,7.629],"uv_size":[0.082,0.246]}}},{"origin":[-0.25,-1.25,-0.125],"size":[0.5,0.5,0.25],"uv":{"down":{"uv":[13.414,4.0605],"uv_size":[-0.164,-0.123]},"east":{"uv":[13.293,0.379],"uv_size":[0.082,0.246]},"north":{"uv":[13.2527,0.379],"uv_size":[0.164,0.246]},"south":{"uv":[13.2527,0.379],"uv_size":[0.164,0.246]},"up":{"uv":[13.414,4.0605],"uv_size":[-0.164,-0.123]},"west":{"uv":[13.293,0.379],"uv_size":[0.082,0.246]}}},{"origin":[0,-1,-0.375],"size":[0.25,0.5,0.25],"uv":{"down":{"uv":[13.332,4.1855],"uv_size":[-0.082,-0.123]},"east":{"uv":[13.3763,0.254],"uv_size":[0.082,0.246]},"north":{"uv":[13.3347,0.254],"uv_size":[0.082,0.246]},"south":{"uv":[13.2513,0.254],"uv_size":[0.082,0.246]},"west":{"uv":[13.2097,0.254],"uv_size":[0.082,0.246]}}},{"origin":[0,-1,0.125],"size":[0.25,0.5,0.25],"uv":{"down":{"uv":[13.332,3.9355],"uv_size":[-0.082,-0.123]},"east":{"uv":[13.2097,0.254],"uv_size":[0.082,0.246]},"north":{"uv":[13.3347,0.254],"uv_size":[0.082,0.246]},"south":{"uv":[13.2513,0.254],"uv_size":[0.082,0.246]},"west":{"uv":[13.3763,0.254],"uv_size":[0.082,0.246]}}},{"origin":[0,16,-0.125],"size":[0.25,0.25,0.25],"uv":{"down":{"uv":[13.332,4.0605],"uv_size":[-0.082,-0.123]},"east":{"uv":[13.293,7.877],"uv_size":[0.082,0.123]},"north":{"uv":[13.3347,7.877],"uv_size":[0.082,0.123]},"south":{"uv":[13.2513,7.877],"uv_size":[0.082,0.123]}}},{"origin":[0,16.25,-0.375],"size":[0.25,0.75,0.25],"uv":{"down":{"uv":[13.332,4.1855],"uv_size":[-0.082,-0.123]},"east":{"uv":[13.3763,7.506],"uv_size":[0.082,0.369]},"north":{"uv":[13.3347,7.506],"uv_size":[0.082,0.369]},"south":{"uv":[13.2513,7.506],"uv_size":[0.082,0.369]},"up":{"uv":[13.332,3.9355],"uv_size":[-0.082,-0.123]},"west":{"uv":[13.2097,7.506],"uv_size":[0.082,0.369]}}},{"origin":[0,16.25,0.125],"size":[0.25,0.75,0.25],"uv":{"down":{"uv":[13.332,3.9355],"uv_size":[-0.082,-0.123]},"east":{"uv":[13.2097,7.506],"uv_size":[0.082,0.369]},"north":{"uv":[13.3347,7.506],"uv_size":[0.082,0.369]},"south":{"uv":[13.2513,7.506],"uv_size":[0.082,0.369]},"up":{"uv":[13.332,4.1855],"uv_size":[-0.082,-0.123]},"west":{"uv":[13.3763,7.506],"uv_size":[0.082,0.369]}}},{"origin":[-0.25,16.75,-0.125],"size":[0.5,0.5,0.25],"uv":{"down":{"uv":[13.414,4.0605],"uv_size":[-0.164,-0.123]},"east":{"uv":[13.293,7.379],"uv_size":[0.082,0.246]},"north":{"uv":[13.2527,7.379],"uv_size":[0.164,0.246]},"south":{"uv":[13.2527,7.379],"uv_size":[0.164,0.246]},"up":{"uv":[13.414,4.0605],"uv_size":[-0.164,-0.123]},"west":{"uv":[13.293,7.379],"uv_size":[0.082,0.246]}}},{"origin":[-0.5,-1.75,-0.125],"size":[0.5,0.5,0.25],"uv":{"down":{"uv":[13.4973,4.0605],"uv_size":[-0.164,-0.123]},"east":{"uv":[13.293,0.629],"uv_size":[0.082,0.246]},"north":{"uv":[13.1693,0.629],"uv_size":[0.164,0.246]},"south":{"uv":[13.336,0.629],"uv_size":[0.164,0.246]},"up":{"uv":[13.4973,4.0605],"uv_size":[-0.164,-0.123]},"west":{"uv":[13.293,0.629],"uv_size":[0.082,0.246]}}},{"origin":[-0.25,-1.5,-0.375],"size":[0.25,0.5,0.25],"uv":{"down":{"uv":[13.4153,4.1855],"uv_size":[-0.082,-0.123]},"east":{"uv":[13.3763,0.504],"uv_size":[0.082,0.246]},"north":{"uv":[13.2513,0.504],"uv_size":[0.082,0.246]},"south":{"uv":[13.3347,0.504],"uv_size":[0.082,0.246]},"up":{"uv":[13.4153,3.9355],"uv_size":[-0.082,-0.123]},"west":{"uv":[13.2097,0.504],"uv_size":[0.082,0.246]}}},{"origin":[-0.25,-1.5,0.125],"size":[0.25,0.5,0.25],"uv":{"down":{"uv":[13.4153,3.9355],"uv_size":[-0.082,-0.123]},"east":{"uv":[13.2097,0.504],"uv_size":[0.082,0.246]},"north":{"uv":[13.2513,0.504],"uv_size":[0.082,0.246]},"south":{"uv":[13.3347,0.504],"uv_size":[0.082,0.246]},"up":{"uv":[13.4153,4.1855],"uv_size":[-0.082,-0.123]},"west":{"uv":[13.3763,0.504],"uv_size":[0.082,0.246]}}},{"origin":[-0.25,17,-0.375],"size":[0.25,0.5,0.25],"uv":{"down":{"uv":[13.4153,4.1855],"uv_size":[-0.082,-0.123]},"east":{"uv":[13.3763,7.254],"uv_size":[0.082,0.246]},"north":{"uv":[13.2513,7.254],"uv_size":[0.082,0.246]},"south":{"uv":[13.3347,7.254],"uv_size":[0.082,0.246]},"up":{"uv":[13.4153,3.9355],"uv_size":[-0.082,-0.123]},"west":{"uv":[13.2097,7.254],"uv_size":[0.082,0.246]}}},{"origin":[-0.25,17,0.125],"size":[0.25,0.5,0.25],"uv":{"down":{"uv":[13.4153,3.9355],"uv_size":[-0.082,-0.123]},"east":{"uv":[13.2097,7.254],"uv_size":[0.082,0.246]},"north":{"uv":[13.2513,7.254],"uv_size":[0.082,0.246]},"south":{"uv":[13.3347,7.254],"uv_size":[0.082,0.246]},"up":{"uv":[13.4153,4.1855],"uv_size":[-0.082,-0.123]},"west":{"uv":[13.3763,7.254],"uv_size":[0.082,0.246]}}},{"origin":[-0.5,17.25,-0.125],"size":[0.5,0.5,0.25],"uv":{"down":{"uv":[13.4973,4.0605],"uv_size":[-0.164,-0.123]},"east":{"uv":[13.293,7.129],"uv_size":[0.082,0.246]},"north":{"uv":[13.1693,7.129],"uv_size":[0.164,0.246]},"south":{"uv":[13.336,7.129],"uv_size":[0.164,0.246]},"up":{"uv":[13.4973,4.0605],"uv_size":[-0.164,-0.123]},"west":{"uv":[13.293,7.129],"uv_size":[0.082,0.246]}}},{"origin":[-0.75,-2.25,-0.125],"size":[0.5,0.5,0.25],"uv":{"down":{"uv":[13.5807,4.0605],"uv_size":[-0.164,-0.123]},"east":{"uv":[13.293,0.879],"uv_size":[0.082,0.246]},"north":{"uv":[13.086,0.879],"uv_size":[0.164,0.246]},"south":{"uv":[13.4193,0.879],"uv_size":[0.164,0.246]},"up":{"uv":[13.5807,4.0605],"uv_size":[-0.164,-0.123]},"west":{"uv":[13.293,0.879],"uv_size":[0.082,0.246]}}},{"origin":[-0.5,-2,-0.375],"size":[0.25,0.5,0.25],"uv":{"down":{"uv":[13.4987,4.1855],"uv_size":[-0.082,-0.123]},"east":{"uv":[13.3763,0.754],"uv_size":[0.082,0.246]},"north":{"uv":[13.168,0.754],"uv_size":[0.082,0.246]},"south":{"uv":[13.418,0.754],"uv_size":[0.082,0.246]},"up":{"uv":[13.4987,3.9355],"uv_size":[-0.082,-0.123]},"west":{"uv":[13.2097,0.754],"uv_size":[0.082,0.246]}}},{"origin":[-0.5,-2,0.125],"size":[0.25,0.5,0.25],"uv":{"down":{"uv":[13.4987,3.9355],"uv_size":[-0.082,-0.123]},"east":{"uv":[13.2097,0.754],"uv_size":[0.082,0.246]},"north":{"uv":[13.168,0.754],"uv_size":[0.082,0.246]},"south":{"uv":[13.418,0.754],"uv_size":[0.082,0.246]},"up":{"uv":[13.4987,4.1855],"uv_size":[-0.082,-0.123]},"west":{"uv":[13.3763,0.754],"uv_size":[0.082,0.246]}}},{"origin":[-0.5,17.5,-0.375],"size":[0.25,0.5,0.25],"uv":{"down":{"uv":[13.4987,4.1855],"uv_size":[-0.082,-0.123]},"east":{"uv":[13.3763,7.004],"uv_size":[0.082,0.246]},"north":{"uv":[13.168,7.004],"uv_size":[0.082,0.246]},"south":{"uv":[13.418,7.004],"uv_size":[0.082,0.246]},"up":{"uv":[13.4987,3.9355],"uv_size":[-0.082,-0.123]},"west":{"uv":[13.2097,7.004],"uv_size":[0.082,0.246]}}},{"origin":[-0.5,17.5,0.125],"size":[0.25,0.5,0.25],"uv":{"down":{"uv":[13.4987,3.9355],"uv_size":[-0.082,-0.123]},"east":{"uv":[13.2097,7.004],"uv_size":[0.082,0.246]},"north":{"uv":[13.168,7.004],"uv_size":[0.082,0.246]},"south":{"uv":[13.418,7.004],"uv_size":[0.082,0.246]},"up":{"uv":[13.4987,4.1855],"uv_size":[-0.082,-0.123]},"west":{"uv":[13.3763,7.004],"uv_size":[0.082,0.246]}}},{"origin":[-0.75,17.75,-0.125],"size":[0.5,0.5,0.25],"uv":{"down":{"uv":[13.5807,4.0605],"uv_size":[-0.164,-0.123]},"east":{"uv":[13.293,6.879],"uv_size":[0.082,0.246]},"north":{"uv":[13.086,6.879],"uv_size":[0.164,0.246]},"south":{"uv":[13.4193,6.879],"uv_size":[0.164,0.246]},"up":{"uv":[13.5807,4.0605],"uv_size":[-0.164,-0.123]},"west":{"uv":[13.293,6.879],"uv_size":[0.082,0.246]}}},{"origin":[-1.25,-2.75,-0.125],"size":[0.75,0.25,0.25],"uv":{"down":{"uv":[13.746,4.0605],"uv_size":[-0.246,-0.123]},"east":{"uv":[13.293,1.252],"uv_size":[0.082,0.123]},"north":{"uv":[12.9207,1.252],"uv_size":[0.246,0.123]},"south":{"uv":[13.504,1.252],"uv_size":[0.246,0.123]},"up":{"uv":[13.746,4.0605],"uv_size":[-0.246,-0.123]},"west":{"uv":[13.293,1.252],"uv_size":[0.082,0.123]}}},{"origin":[-0.75,-2.5,-0.375],"size":[0.25,0.5,0.25],"uv":{"down":{"uv":[13.582,4.1855],"uv_size":[-0.082,-0.123]},"east":{"uv":[13.3763,1.004],"uv_size":[0.082,0.246]},"north":{"uv":[13.0847,1.004],"uv_size":[0.082,0.246]},"south":{"uv":[13.5013,1.004],"uv_size":[0.082,0.246]},"up":{"uv":[13.582,3.9355],"uv_size":[-0.082,-0.123]},"west":{"uv":[13.2097,1.004],"uv_size":[0.082,0.246]}}},{"origin":[-1,-2.5,-0.125],"size":[0.5,0.25,0.25],"uv":{"east":{"uv":[13.293,1.127],"uv_size":[0.082,0.123]},"north":{"uv":[13.0027,1.127],"uv_size":[0.164,0.123]},"south":{"uv":[13.5027,1.127],"uv_size":[0.164,0.123]},"up":{"uv":[13.664,4.0605],"uv_size":[-0.164,-0.123]},"west":{"uv":[13.293,1.127],"uv_size":[0.082,0.123]}}},{"origin":[-0.75,-2.5,0.125],"size":[0.25,0.5,0.25],"uv":{"down":{"uv":[13.582,3.9355],"uv_size":[-0.082,-0.123]},"east":{"uv":[13.2097,1.004],"uv_size":[0.082,0.246]},"north":{"uv":[13.0847,1.004],"uv_size":[0.082,0.246]},"south":{"uv":[13.5013,1.004],"uv_size":[0.082,0.246]},"up":{"uv":[13.582,4.1855],"uv_size":[-0.082,-0.123]},"west":{"uv":[13.3763,1.004],"uv_size":[0.082,0.246]}}},{"origin":[-0.75,18,-0.375],"size":[0.25,0.5,0.25],"uv":{"down":{"uv":[13.582,4.1855],"uv_size":[-0.082,-0.123]},"east":{"uv":[13.3763,6.754],"uv_size":[0.082,0.246]},"north":{"uv":[13.0847,6.754],"uv_size":[0.082,0.246]},"south":{"uv":[13.5013,6.754],"uv_size":[0.082,0.246]},"up":{"uv":[13.582,3.9355],"uv_size":[-0.082,-0.123]},"west":{"uv":[13.2097,6.754],"uv_size":[0.082,0.246]}}},{"origin":[-0.75,18,0.125],"size":[0.25,0.5,0.25],"uv":{"down":{"uv":[13.582,3.9355],"uv_size":[-0.082,-0.123]},"east":{"uv":[13.2097,6.754],"uv_size":[0.082,0.246]},"north":{"uv":[13.0847,6.754],"uv_size":[0.082,0.246]},"south":{"uv":[13.5013,6.754],"uv_size":[0.082,0.246]},"up":{"uv":[13.582,4.1855],"uv_size":[-0.082,-0.123]},"west":{"uv":[13.3763,6.754],"uv_size":[0.082,0.246]}}},{"origin":[-1,18.25,-0.125],"size":[0.5,0.5,0.25],"uv":{"down":{"uv":[13.664,4.0605],"uv_size":[-0.164,-0.123]},"east":{"uv":[13.293,6.629],"uv_size":[0.082,0.246]},"north":{"uv":[13.0027,6.629],"uv_size":[0.164,0.246]},"south":{"uv":[13.5027,6.629],"uv_size":[0.164,0.246]},"up":{"uv":[13.664,4.0605],"uv_size":[-0.164,-0.123]},"west":{"uv":[13.293,6.629],"uv_size":[0.082,0.246]}}},{"origin":[-1.25,-3,-0.125],"size":[0.5,0.25,0.25],"uv":{"down":{"uv":[13.7473,4.0605],"uv_size":[-0.164,-0.123]},"east":{"uv":[13.293,1.377],"uv_size":[0.082,0.123]},"north":{"uv":[12.9193,1.377],"uv_size":[0.164,0.123]},"south":{"uv":[13.586,1.377],"uv_size":[0.164,0.123]},"west":{"uv":[13.293,1.377],"uv_size":[0.082,0.123]}}},{"origin":[-1,-2.75,-0.375],"size":[0.25,0.25,0.25],"uv":{"down":{"uv":[13.6653,4.1855],"uv_size":[-0.082,-0.123]},"east":{"uv":[13.3763,1.252],"uv_size":[0.082,0.123]},"north":{"uv":[13.0013,1.252],"uv_size":[0.082,0.123]},"up":{"uv":[13.6653,3.9355],"uv_size":[-0.082,-0.123]},"west":{"uv":[13.2097,1.252],"uv_size":[0.082,0.123]}}},{"origin":[-1,-2.75,0.125],"size":[0.25,0.25,0.25],"uv":{"down":{"uv":[13.6653,3.9355],"uv_size":[-0.082,-0.123]},"east":{"uv":[13.2097,1.252],"uv_size":[0.082,0.123]},"south":{"uv":[13.5847,1.252],"uv_size":[0.082,0.123]},"up":{"uv":[13.6653,4.1855],"uv_size":[-0.082,-0.123]},"west":{"uv":[13.3763,1.252],"uv_size":[0.082,0.123]}}},{"origin":[-1,18.5,-0.375],"size":[0.25,0.25,0.25],"uv":{"down":{"uv":[13.6653,4.1855],"uv_size":[-0.082,-0.123]},"east":{"uv":[13.3763,6.627],"uv_size":[0.082,0.123]},"north":{"uv":[13.0013,6.627],"uv_size":[0.082,0.123]},"up":{"uv":[13.6653,3.9355],"uv_size":[-0.082,-0.123]},"west":{"uv":[13.2097,6.627],"uv_size":[0.082,0.123]}}},{"origin":[-1,18.5,0.125],"size":[0.25,0.25,0.25],"uv":{"down":{"uv":[13.6653,3.9355],"uv_size":[-0.082,-0.123]},"east":{"uv":[13.2097,6.627],"uv_size":[0.082,0.123]},"south":{"uv":[13.5847,6.627],"uv_size":[0.082,0.123]},"up":{"uv":[13.6653,4.1855],"uv_size":[-0.082,-0.123]},"west":{"uv":[13.3763,6.627],"uv_size":[0.082,0.123]}}},{"origin":[-1.25,18.75,-0.125],"size":[0.5,0.25,0.25],"uv":{"down":{"uv":[13.7473,4.0605],"uv_size":[-0.164,-0.123]},"east":{"uv":[13.293,6.502],"uv_size":[0.082,0.123]},"north":{"uv":[12.9193,6.502],"uv_size":[0.164,0.123]},"south":{"uv":[13.586,6.502],"uv_size":[0.164,0.123]},"up":{"uv":[13.7473,4.0605],"uv_size":[-0.164,-0.123]},"west":{"uv":[13.293,6.502],"uv_size":[0.082,0.123]}}},{"origin":[-1.5,-3.5,-0.125],"size":[0.5,0.5,0.25],"uv":{"down":{"uv":[13.8307,4.0605],"uv_size":[-0.164,-0.123]},"east":{"uv":[13.293,1.504],"uv_size":[0.082,0.246]},"north":{"uv":[12.836,1.504],"uv_size":[0.164,0.246]},"south":{"uv":[13.6693,1.504],"uv_size":[0.164,0.246]},"up":{"uv":[13.8307,4.0605],"uv_size":[-0.164,-0.123]},"west":{"uv":[13.293,1.504],"uv_size":[0.082,0.246]}}},{"origin":[-1.25,-3.25,-0.375],"size":[0.25,0.5,0.25],"uv":{"down":{"uv":[13.7487,4.1855],"uv_size":[-0.082,-0.123]},"east":{"uv":[13.3763,1.379],"uv_size":[0.082,0.246]},"north":{"uv":[12.918,1.379],"uv_size":[0.082,0.246]},"south":{"uv":[13.668,1.379],"uv_size":[0.082,0.246]},"up":{"uv":[13.7487,3.9355],"uv_size":[-0.082,-0.123]},"west":{"uv":[13.2097,1.379],"uv_size":[0.082,0.246]}}},{"origin":[-1.25,-3.25,0.125],"size":[0.25,0.5,0.25],"uv":{"down":{"uv":[13.7487,3.9355],"uv_size":[-0.082,-0.123]},"east":{"uv":[13.2097,1.379],"uv_size":[0.082,0.246]},"north":{"uv":[12.918,1.379],"uv_size":[0.082,0.246]},"south":{"uv":[13.668,1.379],"uv_size":[0.082,0.246]},"up":{"uv":[13.7487,4.1855],"uv_size":[-0.082,-0.123]},"west":{"uv":[13.3763,1.379],"uv_size":[0.082,0.246]}}},{"origin":[-1.25,18.5,-0.125],"size":[0.25,0.25,0.25],"uv":{"down":{"uv":[13.7487,4.0605],"uv_size":[-0.082,-0.123]},"east":{"uv":[13.293,6.627],"uv_size":[0.082,0.123]},"north":{"uv":[12.918,6.627],"uv_size":[0.082,0.123]},"south":{"uv":[13.668,6.627],"uv_size":[0.082,0.123]}}},{"origin":[-1.25,18.75,-0.375],"size":[0.25,0.5,0.25],"uv":{"down":{"uv":[13.7487,4.1855],"uv_size":[-0.082,-0.123]},"east":{"uv":[13.3763,6.379],"uv_size":[0.082,0.246]},"north":{"uv":[12.918,6.379],"uv_size":[0.082,0.246]},"south":{"uv":[13.668,6.379],"uv_size":[0.082,0.246]},"up":{"uv":[13.7487,3.9355],"uv_size":[-0.082,-0.123]},"west":{"uv":[13.2097,6.379],"uv_size":[0.082,0.246]}}},{"origin":[-1.25,18.75,0.125],"size":[0.25,0.5,0.25],"uv":{"down":{"uv":[13.7487,3.9355],"uv_size":[-0.082,-0.123]},"east":{"uv":[13.2097,6.379],"uv_size":[0.082,0.246]},"north":{"uv":[12.918,6.379],"uv_size":[0.082,0.246]},"south":{"uv":[13.668,6.379],"uv_size":[0.082,0.246]},"up":{"uv":[13.7487,4.1855],"uv_size":[-0.082,-0.123]},"west":{"uv":[13.3763,6.379],"uv_size":[0.082,0.246]}}},{"origin":[-1.5,19,-0.125],"size":[0.5,0.5,0.25],"uv":{"down":{"uv":[13.8307,4.0605],"uv_size":[-0.164,-0.123]},"east":{"uv":[13.293,6.254],"uv_size":[0.082,0.246]},"north":{"uv":[12.836,6.254],"uv_size":[0.164,0.246]},"south":{"uv":[13.6693,6.254],"uv_size":[0.164,0.246]},"up":{"uv":[13.8307,4.0605],"uv_size":[-0.164,-0.123]},"west":{"uv":[13.293,6.254],"uv_size":[0.082,0.246]}}},{"origin":[-1.75,-4,-0.125],"size":[0.5,0.5,0.25],"uv":{"down":{"uv":[13.914,4.0605],"uv_size":[-0.164,-0.123]},"east":{"uv":[13.293,1.754],"uv_size":[0.082,0.246]},"north":{"uv":[12.7527,1.754],"uv_size":[0.164,0.246]},"south":{"uv":[13.7527,1.754],"uv_size":[0.164,0.246]},"up":{"uv":[13.914,4.0605],"uv_size":[-0.164,-0.123]},"west":{"uv":[13.293,1.754],"uv_size":[0.082,0.246]}}},{"origin":[-1.5,-3.75,-0.375],"size":[0.25,0.5,0.25],"uv":{"down":{"uv":[13.832,4.1855],"uv_size":[-0.082,-0.123]},"east":{"uv":[13.3763,1.629],"uv_size":[0.082,0.246]},"north":{"uv":[12.8347,1.629],"uv_size":[0.082,0.246]},"south":{"uv":[13.7513,1.629],"uv_size":[0.082,0.246]},"up":{"uv":[13.832,3.9355],"uv_size":[-0.082,-0.123]},"west":{"uv":[13.2097,1.629],"uv_size":[0.082,0.246]}}},{"origin":[-1.5,-3.75,0.125],"size":[0.25,0.5,0.25],"uv":{"down":{"uv":[13.832,3.9355],"uv_size":[-0.082,-0.123]},"east":{"uv":[13.2097,1.629],"uv_size":[0.082,0.246]},"north":{"uv":[12.8347,1.629],"uv_size":[0.082,0.246]},"south":{"uv":[13.7513,1.629],"uv_size":[0.082,0.246]},"up":{"uv":[13.832,4.1855],"uv_size":[-0.082,-0.123]},"west":{"uv":[13.3763,1.629],"uv_size":[0.082,0.246]}}},{"origin":[-1.5,19.25,-0.375],"size":[0.25,0.5,0.25],"uv":{"down":{"uv":[13.832,4.1855],"uv_size":[-0.082,-0.123]},"east":{"uv":[13.3763,6.129],"uv_size":[0.082,0.246]},"north":{"uv":[12.8347,6.129],"uv_size":[0.082,0.246]},"south":{"uv":[13.7513,6.129],"uv_size":[0.082,0.246]},"up":{"uv":[13.832,3.9355],"uv_size":[-0.082,-0.123]},"west":{"uv":[13.2097,6.129],"uv_size":[0.082,0.246]}}},{"origin":[-1.5,19.25,0.125],"size":[0.25,0.5,0.25],"uv":{"down":{"uv":[13.832,3.9355],"uv_size":[-0.082,-0.123]},"east":{"uv":[13.2097,6.129],"uv_size":[0.082,0.246]},"north":{"uv":[12.8347,6.129],"uv_size":[0.082,0.246]},"south":{"uv":[13.7513,6.129],"uv_size":[0.082,0.246]},"up":{"uv":[13.832,4.1855],"uv_size":[-0.082,-0.123]},"west":{"uv":[13.3763,6.129],"uv_size":[0.082,0.246]}}},{"origin":[-1.75,19.5,-0.125],"size":[0.5,0.5,0.25],"uv":{"down":{"uv":[13.914,4.0605],"uv_size":[-0.164,-0.123]},"east":{"uv":[13.293,6.004],"uv_size":[0.082,0.246]},"north":{"uv":[12.7527,6.004],"uv_size":[0.164,0.246]},"south":{"uv":[13.7527,6.004],"uv_size":[0.164,0.246]},"up":{"uv":[13.914,4.0605],"uv_size":[-0.164,-0.123]},"west":{"uv":[13.293,6.004],"uv_size":[0.082,0.246]}}},{"origin":[-1.75,-7.75,-0.125],"size":[0.25,1,0.25],"uv":{"down":{"uv":[13.9153,4.0605],"uv_size":[-0.082,-0.123]},"east":{"uv":[13.293,3.383],"uv_size":[0.082,0.492]},"north":{"uv":[12.7513,3.383],"uv_size":[0.082,0.492]},"south":{"uv":[13.8347,3.383],"uv_size":[0.082,0.492]},"up":{"uv":[13.9153,4.0605],"uv_size":[-0.082,-0.123]},"west":{"uv":[13.293,3.383],"uv_size":[0.082,0.492]}}},{"origin":[-2,-4.5,-0.125],"size":[0.5,0.5,0.25],"uv":{"down":{"uv":[13.9973,4.0605],"uv_size":[-0.164,-0.123]},"east":{"uv":[13.293,2.004],"uv_size":[0.082,0.246]},"north":{"uv":[12.6693,2.004],"uv_size":[0.164,0.246]},"south":{"uv":[13.836,2.004],"uv_size":[0.164,0.246]},"up":{"uv":[13.9973,4.0605],"uv_size":[-0.164,-0.123]},"west":{"uv":[13.293,2.004],"uv_size":[0.082,0.246]}}},{"origin":[-1.75,-4.25,-0.375],"size":[0.25,0.5,0.25],"uv":{"down":{"uv":[13.9153,4.1855],"uv_size":[-0.082,-0.123]},"east":{"uv":[13.3763,1.879],"uv_size":[0.082,0.246]},"north":{"uv":[12.7513,1.879],"uv_size":[0.082,0.246]},"south":{"uv":[13.8347,1.879],"uv_size":[0.082,0.246]},"up":{"uv":[13.9153,3.9355],"uv_size":[-0.082,-0.123]},"west":{"uv":[13.2097,1.879],"uv_size":[0.082,0.246]}}},{"origin":[-1.75,-4.25,0.125],"size":[0.25,0.5,0.25],"uv":{"down":{"uv":[13.9153,3.9355],"uv_size":[-0.082,-0.123]},"east":{"uv":[13.2097,1.879],"uv_size":[0.082,0.246]},"north":{"uv":[12.7513,1.879],"uv_size":[0.082,0.246]},"south":{"uv":[13.8347,1.879],"uv_size":[0.082,0.246]},"up":{"uv":[13.9153,4.1855],"uv_size":[-0.082,-0.123]},"west":{"uv":[13.3763,1.879],"uv_size":[0.082,0.246]}}},{"origin":[-1.75,19.75,-0.375],"size":[0.25,0.5,0.25],"uv":{"down":{"uv":[13.9153,4.1855],"uv_size":[-0.082,-0.123]},"east":{"uv":[13.3763,5.879],"uv_size":[0.082,0.246]},"north":{"uv":[12.7513,5.879],"uv_size":[0.082,0.246]},"south":{"uv":[13.8347,5.879],"uv_size":[0.082,0.246]},"up":{"uv":[13.9153,3.9355],"uv_size":[-0.082,-0.123]},"west":{"uv":[13.2097,5.879],"uv_size":[0.082,0.246]}}},{"origin":[-1.75,19.75,0.125],"size":[0.25,0.5,0.25],"uv":{"down":{"uv":[13.9153,3.9355],"uv_size":[-0.082,-0.123]},"east":{"uv":[13.2097,5.879],"uv_size":[0.082,0.246]},"north":{"uv":[12.7513,5.879],"uv_size":[0.082,0.246]},"south":{"uv":[13.8347,5.879],"uv_size":[0.082,0.246]},"up":{"uv":[13.9153,4.1855],"uv_size":[-0.082,-0.123]},"west":{"uv":[13.3763,5.879],"uv_size":[0.082,0.246]}}},{"origin":[-2,20,-0.125],"size":[0.5,0.5,0.25],"uv":{"down":{"uv":[13.9973,4.0605],"uv_size":[-0.164,-0.123]},"east":{"uv":[13.293,5.754],"uv_size":[0.082,0.246]},"north":{"uv":[12.6693,5.754],"uv_size":[0.164,0.246]},"south":{"uv":[13.836,5.754],"uv_size":[0.164,0.246]},"up":{"uv":[13.9973,4.0605],"uv_size":[-0.164,-0.123]},"west":{"uv":[13.293,5.754],"uv_size":[0.082,0.246]}}},{"origin":[-2.25,22.75,-0.125],"size":[0.75,0.25,0.25],"uv":{"down":{"uv":[14.0793,4.0605],"uv_size":[-0.246,-0.123]},"east":{"uv":[13.293,4.502],"uv_size":[0.082,0.123]},"north":{"uv":[12.5873,4.502],"uv_size":[0.246,0.123]},"south":{"uv":[13.8373,4.502],"uv_size":[0.246,0.123]},"up":{"uv":[14.0793,4.0605],"uv_size":[-0.246,-0.123]},"west":{"uv":[13.293,4.502],"uv_size":[0.082,0.123]}}},{"origin":[-2,23,-0.125],"size":[0.5,0.25,0.25],"uv":{"east":{"uv":[13.293,4.377],"uv_size":[0.082,0.123]},"north":{"uv":[12.6693,4.377],"uv_size":[0.164,0.123]},"south":{"uv":[13.836,4.377],"uv_size":[0.164,0.123]},"up":{"uv":[13.9973,4.0605],"uv_size":[-0.164,-0.123]},"west":{"uv":[13.293,4.377],"uv_size":[0.082,0.123]}}},{"origin":[-1.75,23.25,-0.125],"size":[0.25,0.5,0.25],"uv":{"east":{"uv":[13.293,4.129],"uv_size":[0.082,0.246]},"north":{"uv":[12.7513,4.129],"uv_size":[0.082,0.246]},"south":{"uv":[13.8347,4.129],"uv_size":[0.082,0.246]},"up":{"uv":[13.9153,4.0605],"uv_size":[-0.082,-0.123]},"west":{"uv":[13.293,4.129],"uv_size":[0.082,0.246]}}},{"origin":[-2,-7.25,-0.125],"size":[0.25,1.5,0.25],"uv":{"down":{"uv":[13.9987,4.0605],"uv_size":[-0.082,-0.123]},"east":{"uv":[13.293,2.887],"uv_size":[0.082,0.738]},"north":{"uv":[12.668,2.887],"uv_size":[0.082,0.738]},"south":{"uv":[13.918,2.887],"uv_size":[0.082,0.738]},"up":{"uv":[13.9987,4.0605],"uv_size":[-0.082,-0.123]},"west":{"uv":[13.293,2.887],"uv_size":[0.082,0.738]}}},{"origin":[-2,-7,-0.375],"size":[0.25,0.75,0.25],"uv":{"down":{"uv":[13.9987,4.1855],"uv_size":[-0.082,-0.123]},"east":{"uv":[13.3763,3.131],"uv_size":[0.082,0.369]},"north":{"uv":[12.668,3.131],"uv_size":[0.082,0.369]},"up":{"uv":[13.9987,3.9355],"uv_size":[-0.082,-0.123]},"west":{"uv":[13.2097,3.131],"uv_size":[0.082,0.369]}}},{"origin":[-2,-7,0.125],"size":[0.25,0.75,0.25],"uv":{"down":{"uv":[13.9987,3.9355],"uv_size":[-0.082,-0.123]},"east":{"uv":[13.2097,3.131],"uv_size":[0.082,0.369]},"south":{"uv":[13.918,3.131],"uv_size":[0.082,0.369]},"up":{"uv":[13.9987,4.1855],"uv_size":[-0.082,-0.123]},"west":{"uv":[13.3763,3.131],"uv_size":[0.082,0.369]}}},{"origin":[-2.25,-5.5,-0.125],"size":[0.5,1,0.25],"uv":{"down":{"uv":[14.0807,4.0605],"uv_size":[-0.164,-0.123]},"east":{"uv":[13.293,2.258],"uv_size":[0.082,0.492]},"north":{"uv":[12.586,2.258],"uv_size":[0.164,0.492]},"south":{"uv":[13.9193,2.258],"uv_size":[0.164,0.492]},"up":{"uv":[14.0807,4.0605],"uv_size":[-0.164,-0.123]},"west":{"uv":[13.293,2.258],"uv_size":[0.082,0.492]}}},{"origin":[-2,-5,-0.375],"size":[0.25,0.75,0.25],"uv":{"down":{"uv":[13.9987,4.1855],"uv_size":[-0.082,-0.123]},"east":{"uv":[13.3763,2.131],"uv_size":[0.082,0.369]},"north":{"uv":[12.668,2.131],"uv_size":[0.082,0.369]},"south":{"uv":[13.918,2.131],"uv_size":[0.082,0.369]},"up":{"uv":[13.9987,3.9355],"uv_size":[-0.082,-0.123]},"west":{"uv":[13.2097,2.131],"uv_size":[0.082,0.369]}}},{"origin":[-2,-5,0.125],"size":[0.25,0.75,0.25],"uv":{"down":{"uv":[13.9987,3.9355],"uv_size":[-0.082,-0.123]},"east":{"uv":[13.2097,2.131],"uv_size":[0.082,0.369]},"north":{"uv":[12.668,2.131],"uv_size":[0.082,0.369]},"south":{"uv":[13.918,2.131],"uv_size":[0.082,0.369]},"up":{"uv":[13.9987,4.1855],"uv_size":[-0.082,-0.123]},"west":{"uv":[13.3763,2.131],"uv_size":[0.082,0.369]}}},{"origin":[-2,20.25,-0.375],"size":[0.25,0.75,0.25],"uv":{"down":{"uv":[13.9987,4.1855],"uv_size":[-0.082,-0.123]},"east":{"uv":[13.3763,5.506],"uv_size":[0.082,0.369]},"north":{"uv":[12.668,5.506],"uv_size":[0.082,0.369]},"south":{"uv":[13.918,5.506],"uv_size":[0.082,0.369]},"up":{"uv":[13.9987,3.9355],"uv_size":[-0.082,-0.123]},"west":{"uv":[13.2097,5.506],"uv_size":[0.082,0.369]}}},{"origin":[-2,20.25,0.125],"size":[0.25,0.75,0.25],"uv":{"down":{"uv":[13.9987,3.9355],"uv_size":[-0.082,-0.123]},"east":{"uv":[13.2097,5.506],"uv_size":[0.082,0.369]},"north":{"uv":[12.668,5.506],"uv_size":[0.082,0.369]},"south":{"uv":[13.918,5.506],"uv_size":[0.082,0.369]},"up":{"uv":[13.9987,4.1855],"uv_size":[-0.082,-0.123]},"west":{"uv":[13.3763,5.506],"uv_size":[0.082,0.369]}}},{"origin":[-2.25,20.5,-0.125],"size":[0.5,1,0.25],"uv":{"down":{"uv":[14.0807,4.0605],"uv_size":[-0.164,-0.123]},"east":{"uv":[13.293,5.258],"uv_size":[0.082,0.492]},"north":{"uv":[12.586,5.258],"uv_size":[0.164,0.492]},"south":{"uv":[13.9193,5.258],"uv_size":[0.164,0.492]},"up":{"uv":[14.0807,4.0605],"uv_size":[-0.164,-0.123]},"west":{"uv":[13.293,5.258],"uv_size":[0.082,0.492]}}},{"origin":[-2.25,21.75,-0.125],"size":[0.5,1,0.25],"uv":{"down":{"uv":[14.0807,4.0605],"uv_size":[-0.164,-0.123]},"east":{"uv":[13.293,4.633],"uv_size":[0.082,0.492]},"north":{"uv":[12.586,4.633],"uv_size":[0.164,0.492]},"south":{"uv":[13.9193,4.633],"uv_size":[0.164,0.492]},"west":{"uv":[13.293,4.633],"uv_size":[0.082,0.492]}}},{"origin":[-2.25,22.25,-0.375],"size":[0.5,0.25,0.25],"uv":{"down":{"uv":[14.0807,4.1855],"uv_size":[-0.164,-0.123]},"east":{"uv":[13.3763,4.752],"uv_size":[0.082,0.123]},"north":{"uv":[12.586,4.752],"uv_size":[0.164,0.123]},"up":{"uv":[14.0807,3.9355],"uv_size":[-0.164,-0.123]},"west":{"uv":[13.2097,4.752],"uv_size":[0.082,0.123]}}},{"origin":[-2.25,22.25,0.125],"size":[0.5,0.25,0.25],"uv":{"down":{"uv":[14.0807,3.9355],"uv_size":[-0.164,-0.123]},"east":{"uv":[13.2097,4.752],"uv_size":[0.082,0.123]},"south":{"uv":[13.9193,4.752],"uv_size":[0.164,0.123]},"up":{"uv":[14.0807,4.1855],"uv_size":[-0.164,-0.123]},"west":{"uv":[13.3763,4.752],"uv_size":[0.082,0.123]}}},{"origin":[-2,22.5,-0.375],"size":[0.25,0.5,0.25],"uv":{"east":{"uv":[13.3763,4.504],"uv_size":[0.082,0.246]},"north":{"uv":[12.668,4.504],"uv_size":[0.082,0.246]},"south":{"uv":[13.918,4.504],"uv_size":[0.082,0.246]},"up":{"uv":[13.9987,3.9355],"uv_size":[-0.082,-0.123]},"west":{"uv":[13.2097,4.504],"uv_size":[0.082,0.246]}}},{"origin":[-2,22.5,0.125],"size":[0.25,0.5,0.25],"uv":{"east":{"uv":[13.2097,4.504],"uv_size":[0.082,0.246]},"north":{"uv":[12.668,4.504],"uv_size":[0.082,0.246]},"south":{"uv":[13.918,4.504],"uv_size":[0.082,0.246]},"up":{"uv":[13.9987,4.1855],"uv_size":[-0.082,-0.123]},"west":{"uv":[13.3763,4.504],"uv_size":[0.082,0.246]}}},{"origin":[-2.25,-7,-0.125],"size":[0.25,1.5,0.25],"uv":{"down":{"uv":[14.082,4.0605],"uv_size":[-0.082,-0.123]},"east":{"uv":[13.293,2.762],"uv_size":[0.082,0.738]},"north":{"uv":[12.5847,2.762],"uv_size":[0.082,0.738]},"south":{"uv":[14.0013,2.762],"uv_size":[0.082,0.738]},"west":{"uv":[13.293,2.762],"uv_size":[0.082,0.738]}}},{"origin":[-2.25,-6.5,-0.375],"size":[0.25,1.5,0.25],"uv":{"down":{"uv":[14.082,4.1855],"uv_size":[-0.082,-0.123]},"east":{"uv":[13.3763,2.512],"uv_size":[0.082,0.738]},"north":{"uv":[12.5847,2.512],"uv_size":[0.082,0.738]},"south":{"uv":[14.0013,2.512],"uv_size":[0.082,0.738]},"up":{"uv":[14.082,3.9355],"uv_size":[-0.082,-0.123]},"west":{"uv":[13.2097,2.512],"uv_size":[0.082,0.738]}}},{"origin":[-2.25,-6.5,0.125],"size":[0.25,1.5,0.25],"uv":{"down":{"uv":[14.082,3.9355],"uv_size":[-0.082,-0.123]},"east":{"uv":[13.2097,2.512],"uv_size":[0.082,0.738]},"north":{"uv":[12.5847,2.512],"uv_size":[0.082,0.738]},"south":{"uv":[14.0013,2.512],"uv_size":[0.082,0.738]},"up":{"uv":[14.082,4.1855],"uv_size":[-0.082,-0.123]},"west":{"uv":[13.3763,2.512],"uv_size":[0.082,0.738]}}},{"origin":[-2.25,21,-0.375],"size":[0.25,1.25,0.25],"uv":{"down":{"uv":[14.082,4.1855],"uv_size":[-0.082,-0.123]},"east":{"uv":[13.3763,4.885],"uv_size":[0.082,0.615]},"north":{"uv":[12.5847,4.885],"uv_size":[0.082,0.615]},"south":{"uv":[14.0013,4.885],"uv_size":[0.082,0.615]},"west":{"uv":[13.2097,4.885],"uv_size":[0.082,0.615]}}},{"origin":[-2.25,21,0.125],"size":[0.25,1.25,0.25],"uv":{"down":{"uv":[14.082,3.9355],"uv_size":[-0.082,-0.123]},"east":{"uv":[13.2097,4.885],"uv_size":[0.082,0.615]},"north":{"uv":[12.5847,4.885],"uv_size":[0.082,0.615]},"south":{"uv":[14.0013,4.885],"uv_size":[0.082,0.615]},"west":{"uv":[13.3763,4.885],"uv_size":[0.082,0.615]}}},{"origin":[2,3.5,-0.125],"size":[0.125,0.25,0.25],"uv":{"down":{"uv":[13.3307,6.746],"uv_size":[-0.164,-0.246]},"north":{"uv":[13.1693,6.504],"uv_size":[0.164,0.246]},"south":{"uv":[13.1693,6.504],"uv_size":[0.164,0.246]},"up":{"uv":[13.3307,6.746],"uv_size":[-0.164,-0.246]}}},{"origin":[2,12.25,-0.125],"size":[0.125,0.25,0.25],"uv":{"down":{"uv":[13.3307,6.746],"uv_size":[-0.164,-0.246]},"north":{"uv":[13.1693,6.504],"uv_size":[0.164,0.246]},"south":{"uv":[13.1693,6.504],"uv_size":[0.164,0.246]},"up":{"uv":[13.3307,6.746],"uv_size":[-0.164,-0.246]}}},{"origin":[2.125,12.1875,-0.1875],"size":[0.125,0.375,0.375],"uv":{"down":{"uv":[13.3307,6.746],"uv_size":[-0.164,-0.246]},"east":{"uv":[13.1693,6.504],"uv_size":[0.164,0.246]},"north":{"uv":[13.1693,6.504],"uv_size":[0.164,0.246]},"south":{"uv":[13.1693,6.504],"uv_size":[0.164,0.246]},"up":{"uv":[13.3307,6.746],"uv_size":[-0.164,-0.246]},"west":{"uv":[13.1693,6.504],"uv_size":[0.164,0.246]}}},{"origin":[2.125,3.4375,-0.1875],"size":[0.125,0.375,0.375],"uv":{"down":{"uv":[13.3307,6.746],"uv_size":[-0.164,-0.246]},"east":{"uv":[13.1693,6.504],"uv_size":[0.164,0.246]},"north":{"uv":[13.1693,6.504],"uv_size":[0.164,0.246]},"south":{"uv":[13.1693,6.504],"uv_size":[0.164,0.246]},"up":{"uv":[13.3307,6.746],"uv_size":[-0.164,-0.246]},"west":{"uv":[13.1693,6.504],"uv_size":[0.164,0.246]}}},{"origin":[-2.375,-6.5,-0.1625],"size":[0.125,29,0.125],"uv":{"down":{"uv":[14.1243,12.0303],"uv_size":[-0.041,-0.0615]},"east":{"uv":[13.3132,8.016],"uv_size":[0.041,7.984]},"north":{"uv":[12.5423,8.016],"uv_size":[0.041,7.984]},"south":{"uv":[14.084,8.016],"uv_size":[0.041,7.984]},"up":{"uv":[14.1243,12.0303],"uv_size":[-0.041,-0.0615]},"west":{"uv":[13.3132,8.016],"uv_size":[0.041,7.984]}}},{"origin":[-2.2422,7.9,-0.2603],"size":[13.3672,0.1603,0.1603],"uv":{"down":{"uv":[8.7314,4.0789],"uv_size":[-3.1481,-0.0789]},"east":{"uv":[8.0009,4.4211],"uv_size":[0.0526,0.0789]},"north":{"uv":[7.2686,4.4211],"uv_size":[3.1481,0.0789]},"south":{"uv":[5.5993,4.4211],"uv_size":[3.1481,0.0789]},"up":{"uv":[8.7314,3.9987],"uv_size":[-3.1481,-0.0789]}}},{"origin":[11.125,7.852,-0.3109],"size":[0.2531,0.2531,0.2531],"uv":{"down":{"uv":[2.5027,7.008],"uv_size":[0.164,0.492]},"east":{"uv":[2.5027,3.004],"uv_size":[0.164,0.246]},"north":{"uv":[4.672,3.004],"uv_size":[0.328,0.246]},"south":{"uv":[0.3387,3.004],"uv_size":[0.328,0.246]},"up":{"uv":[2.8307,7.492],"uv_size":[-0.164,-0.492]},"west":{"uv":[2.6693,3.004],"uv_size":[0.164,0.246]}}}],"name":"geyser_custom_z","parent":"geyser_custom_y","pivot":[0,8,0]},{"cubes":[{"origin":[10.7097,7.852,-0.043],"pivot":[11.125,7.9,-0.1],"size":[0.6328,0.2531,0.0794],"uv":{"down":{"uv":[2.5027,7.008],"uv_size":[0.164,0.492]},"east":{"uv":[2.5027,3.004],"uv_size":[0.164,0.246]},"north":{"uv":[4.672,3.004],"uv_size":[0.328,0.246]},"south":{"uv":[0.3387,3.004],"uv_size":[0.328,0.246]},"up":{"uv":[2.8307,7.492],"uv_size":[-0.164,-0.492]},"west":{"uv":[2.6693,3.004],"uv_size":[0.164,0.246]}}}],"name":"rot_1","parent":"geyser_custom_z","pivot":[11.125,7.9,-0.1],"rotation":[0,22.5,0]},{"cubes":[{"origin":[10.6476,7.852,-0.3922],"pivot":[11.125,7.9,-0.1],"size":[0.6328,0.2531,0.0794],"uv":{"down":{"uv":[2.5027,7.008],"uv_size":[0.164,0.492]},"east":{"uv":[2.5027,3.004],"uv_size":[0.164,0.246]},"north":{"uv":[4.672,3.004],"uv_size":[0.328,0.246]},"south":{"uv":[0.3387,3.004],"uv_size":[0.328,0.246]},"up":{"uv":[2.8307,7.492],"uv_size":[-0.164,-0.492]},"west":{"uv":[2.6693,3.004],"uv_size":[0.164,0.246]}}}],"name":"rot_2","parent":"geyser_custom_z","pivot":[11.125,7.9,-0.1],"rotation":[0,-22.5,0]},{"cubes":[{"origin":[-0.7064,7.9381,4.998],"pivot":[5.25,7.9,-0.1],"size":[0.6328,0.0791,0.0791],"uv":{"down":{"uv":[2.5027,15.008],"uv_size":[0.164,0.492]},"east":{"uv":[2.5027,11.004],"uv_size":[0.164,0.246]},"north":{"uv":[4.672,11.004],"uv_size":[0.328,0.246]},"south":{"uv":[0.3387,11.004],"uv_size":[0.328,0.246]},"up":{"uv":[2.8307,15.492],"uv_size":[-0.164,-0.492]},"west":{"uv":[2.6693,11.004],"uv_size":[0.164,0.246]}}},{"origin":[-0.0413,7.9381,5.1088],"pivot":[5.25,7.9,-0.1],"size":[0.0791,0.0791,0.6328],"uv":{"down":{"uv":[2.5027,15.008],"uv_size":[0.164,0.492]},"east":{"uv":[4.672,11.004],"uv_size":[0.328,0.246]},"north":{"uv":[2.6693,11.004],"uv_size":[0.164,0.246]},"south":{"uv":[2.5027,11.004],"uv_size":[0.164,0.246]},"up":{"uv":[2.8307,15.492],"uv_size":[-0.164,-0.492]},"west":{"uv":[0.3387,11.004],"uv_size":[0.328,0.246]}}},{"origin":[-0.5672,7.9381,4.8588],"pivot":[5.25,7.9,-0.1],"size":[0.6328,0.0791,0.0791],"uv":{"down":{"uv":[2.5027,15.008],"uv_size":[0.164,0.492]},"east":{"uv":[2.5027,11.004],"uv_size":[0.164,0.246]},"north":{"uv":[4.672,11.004],"uv_size":[0.328,0.246]},"south":{"uv":[0.3387,11.004],"uv_size":[0.328,0.246]},"up":{"uv":[2.8307,15.492],"uv_size":[-0.164,-0.492]},"west":{"uv":[2.6693,11.004],"uv_size":[0.164,0.246]}}},{"origin":[0.0979,7.9381,4.9695],"pivot":[5.25,7.9,-0.1],"size":[0.0791,0.0791,0.6328],"uv":{"down":{"uv":[2.5027,15.008],"uv_size":[0.164,0.492]},"east":{"uv":[4.672,11.004],"uv_size":[0.328,0.246]},"north":{"uv":[2.6693,11.004],"uv_size":[0.164,0.246]},"south":{"uv":[2.5027,11.004],"uv_size":[0.164,0.246]},"up":{"uv":[2.8307,15.492],"uv_size":[-0.164,-0.492]},"west":{"uv":[0.3387,11.004],"uv_size":[0.328,0.246]}}},{"origin":[-0.428,7.9381,4.7196],"pivot":[5.25,7.9,-0.1],"size":[0.6328,0.0791,0.0791],"uv":{"down":{"uv":[2.5027,15.008],"uv_size":[0.164,0.492]},"east":{"uv":[2.5027,11.004],"uv_size":[0.164,0.246]},"north":{"uv":[4.672,11.004],"uv_size":[0.328,0.246]},"south":{"uv":[0.3387,11.004],"uv_size":[0.328,0.246]},"up":{"uv":[2.8307,15.492],"uv_size":[-0.164,-0.492]},"west":{"uv":[2.6693,11.004],"uv_size":[0.164,0.246]}}},{"origin":[0.2371,7.9381,4.8303],"pivot":[5.25,7.9,-0.1],"size":[0.0791,0.0791,0.6328],"uv":{"down":{"uv":[2.5027,15.008],"uv_size":[0.164,0.492]},"east":{"uv":[4.672,11.004],"uv_size":[0.328,0.246]},"north":{"uv":[2.6693,11.004],"uv_size":[0.164,0.246]},"south":{"uv":[2.5027,11.004],"uv_size":[0.164,0.246]},"up":{"uv":[2.8307,15.492],"uv_size":[-0.164,-0.492]},"west":{"uv":[0.3387,11.004],"uv_size":[0.328,0.246]}}}],"name":"rot_3","parent":"geyser_custom_z","pivot":[5.25,7.9,-0.1],"rotation":[0,-45,0]}],"description":{"identifier":"geometry.geyser_custom.geo_fe52a19","texture_height":16,"texture_width":16,"visible_bounds_height":4.5,"visible_bounds_offset":[0,0.75,0],"visible_bounds_width":4}}]}