{
  "format_version": "1.12.0",
  "minecraft:geometry": [
    {
      "bones": [
        {
          "name": "candlestick",
          "pivot": [
            0,
            8,
            0
          ]
        },
        {
          "cubes": [
            {
              "origin": [
                -1,
                8,
                -1
              ],
              "size": [
                2,
                6,
                2
              ],
              "uv": [
                12,
                0
              ]
            },
            {
              "origin": [
                -6,
                7,
                -1
              ],
              "size": [
                2,
                6,
                2
              ],
              "uv": [
                0,
                12
              ]
            },
            {
              "origin": [
                4,
                7,
                -1
              ],
              "size": [
                2,
                6,
                2
              ],
              "uv": [
                10,
                10
              ]
            },
            {
              "origin": [
                4.5,
                13,
                -0.5
              ],
              "pivot": [
                5,
                13.5,
                0
              ],
              "rotation": [
                0,
                -45,
                0
              ],
              "size": [
                1,
                1,
                1
              ],
              "uv": [
                0,
                0
              ]
            },
            {
              "origin": [
                -5.5,
                13,
                -0.5
              ],
              "pivot": [
                -5,
                13.5,
                0
              ],
              "rotation": [
                0,
                -45,
                0
              ],
              "size": [
                1,
                1,
                1
              ],
              "uv": [
                0,
                0
              ]
            },
            {
              "origin": [
                -0.5,
                14,
                -0.5
              ],
              "pivot": [
                0,
                14.5,
                0
              ],
              "rotation": [
                0,
                -45,
                0
              ],
              "size": [
                1,
                1,
                1
              ],
              "uv": [
                0,
                0
              ]
            },
            {
              "origin": [
                -0.2,
                14,
                -0.3
              ],
              "size": [
                0.5,
                0.5,
                0.5
              ],
              "uv": [
                0,
                0
              ]
            },
            {
              "origin": [
                -5.2,
                13,
                -0.3
              ],
              "size": [
                0.5,
                0.5,
                0.5
              ],
              "uv": [
                0,
                0
              ]
            }
          ],
          "name": "candle",
          "parent": "candlestick",
          "pivot": [
            0,
            8,
            0
          ]
        },
        {
          "cubes": [
            {
              "origin": [
                -6.5,
                6,
                -1.5
              ],
              "size": [
                3,
                1,
                3
              ],
              "uv": [
                0,
                8
              ]
            },
            {
              "origin": [
                -1.5,
                7,
                -1.5
              ],
              "size": [
                3,
                1,
                3
              ],
              "uv": [
                0,
                4
              ]
            },
            {
              "origin": [
                3.5,
                6,
                -1.5
              ],
              "size": [
                3,
                1,
                3
              ],
              "uv": [
                0,
                0
              ]
            },
            {
              "origin": [
                4,
                5,
                -1
              ],
              "size": [
                2,
                1,
                2
              ],
              "uv": [
                6,
                18
              ]
            },
            {
              "origin": [
                -6,
                5,
                -1
              ],
              "size": [
                2,
                1,
                2
              ],
              "uv": [
                16,
                16
              ]
            },
            {
              "origin": [
                -1,
                6,
                -1
              ],
              "size": [
                2,
                1,
                2
              ],
              "uv": [
                16,
                8
              ]
            },
            {
              "origin": [
                -0.5,
                1,
                -0.5
              ],
              "size": [
                1,
                5,
                1
              ],
              "uv": [
                14,
                19
              ]
            },
            {
              "origin": [
                -2.56066,
                1,
                -0.43934
              ],
              "pivot": [
                -1.06066,
                2.5,
                1.06066
              ],
              "rotation": [
                0,
                -45,
                0
              ],
              "size": [
                3,
                1,
                0
              ],
              "uv": [
                18,
                12
              ]
            },
            {
              "origin": [
                -0.56066,
                0,
                -0.43934
              ],
              "pivot": [
                -1.06066,
                2.5,
                1.06066
              ],
              "rotation": [
                0,
                -45,
                0
              ],
              "size": [
                2,
                1,
                0
              ],
              "uv": [
                6,
                13
              ]
            },
            {
              "origin": [
                -3.56066,
                0,
                -0.43934
              ],
              "pivot": [
                -1.06066,
                2.5,
                1.06066
              ],
              "rotation": [
                0,
                -45,
                0
              ],
              "size": [
                2,
                1,
                0
              ],
              "uv": [
                6,
                12
              ]
            },
            {
              "origin": [
                -1.5,
                1,
                0
              ],
              "pivot": [
                0,
                1.5,
                0
              ],
              "rotation": [
                0,
                45,
                0
              ],
              "size": [
                3,
                1,
                0
              ],
              "uv": [
                16,
                11
              ]
            },
            {
              "origin": [
                -2.5,
                0,
                0
              ],
              "pivot": [
                0,
                1.5,
                0
              ],
              "rotation": [
                0,
                45,
                0
              ],
              "size": [
                2,
                1,
                0
              ],
              "uv": [
                9,
                1
              ]
            },
            {
              "origin": [
                0.5,
                0,
                0
              ],
              "pivot": [
                0,
                1.5,
                0
              ],
              "rotation": [
                0,
                45,
                0
              ],
              "size": [
                2,
                1,
                0
              ],
              "uv": [
                9,
                0
              ]
            },
            {
              "origin": [
                0.5,
                2,
                0
              ],
              "size": [
                4,
                2,
                0
              ],
              "uv": [
                18,
                0
              ]
            },
            {
              "origin": [
                -4.5,
                2,
                0
              ],
              "size": [
                4,
                2,
                0
              ],
              "uv": [
                9,
                8
              ]
            },
            {
              "origin": [
                4.5,
                3,
                0
              ],
              "size": [
                1,
                2,
                0
              ],
              "uv": [
                0,
                4
              ]
            },
            {
              "origin": [
                -5.5,
                3,
                0
              ],
              "size": [
                1,
                2,
                0
              ],
              "uv": [
                0,
                0
              ]
            }
          ],
          "name": "structure",
          "parent": "candlestick",
          "pivot": [
            0,
            8,
            0
          ]
        }
      ],
      "description": {
        "identifier": "geometry.candlestick",
        "texture_height": 32,
        "texture_width": 32,
        "visible_bounds_height": 2.5,
        "visible_bounds_offset": [
          0,
          0.75,
          0
        ],
        "visible_bounds_width": 2
      }
    }
  ]
}