{
  "format_version": "1.12.0",
  "minecraft:geometry": [
    {
      "bones": [
        {
          "name": "all",
          "pivot": [
            -4,
            10.03174,
            0.61669
          ],
          "rotation": [
            0,
            180,
            0
          ]
        },
        {
          "name": "Body",
          "parent": "all",
          "pivot": [
            -8,
            0,
            1
          ]
        },
        {
          "cubes": [
            {
              "origin": [
                -10.5,
                12.3,
                5
              ],
              "size": [
                5,
                5,
                6
              ],
              "uv": [
                35,
                15
              ]
            },
            {
              "origin": [
                -8.5,
                15,
                10.5
              ],
              "size": [
                1,
                1,
                1
              ],
              "uv": [
                60,
                0
              ]
            }
          ],
          "name": "Head",
          "parent": "Body",
          "pivot": [
            -8,
            13.15,
            5
          ]
        },
        {
          "cubes": [
            {
              "origin": [
                -7.4,
                19.3,
                6
              ],
              "size": [
                3,
                10,
                1
              ],
              "uv": [
                18,
                44
              ]
            },
            {
              "origin": [
                -7.4,
                17.3,
                6
              ],
              "size": [
                2,
                2,
                1
              ],
              "uv": [
                0,
                22
              ]
            }
          ],
          "name": "earRight",
          "parent": "Head",
          "pivot": [
            -6.15,
            21.3,
            6.5
          ],
          "rotation": [
            0,
            -5,
            0
          ]
        },
        {
          "cubes": [
            {
              "origin": [
                -11.5,
                19.3,
                6
              ],
              "pivot": [
                -9.75,
                21.3,
                6.5
              ],
              "rotation": [
                0,
                5,
                0
              ],
              "size": [
                3,
                10,
                1
              ],
              "uv": [
                10,
                44
              ]
            },
            {
              "origin": [
                -10.5,
                17.3,
                6
              ],
              "pivot": [
                -9.75,
                21.3,
                6.5
              ],
              "rotation": [
                0,
                5,
                0
              ],
              "size": [
                2,
                2,
                1
              ],
              "uv": [
                0,
                4
              ]
            }
          ],
          "name": "earLeft",
          "parent": "Head",
          "pivot": [
            -9.75,
            21.3,
            6.5
          ]
        },
        {
          "cubes": [
            {
              "origin": [
                -12,
                3,
                -0.5
              ],
              "pivot": [
                -8,
                12.3,
                1
              ],
              "rotation": [
                -70,
                0,
                0
              ],
              "size": [
                8,
                14,
                8
              ],
              "uv": [
                0,
                0
              ]
            },
            {
              "origin": [
                -9.5,
                4.8,
                -7.9
              ],
              "pivot": [
                -7.5,
                6.3,
                -9
              ],
              "rotation": [
                17.5,
                0,
                0
              ],
              "size": [
                3,
                3,
                1
              ],
              "uv": [
                0,
                0
              ]
            }
          ],
          "name": "chest",
          "parent": "Body",
          "pivot": [
            -8,
            7.97263,
            -3.89015
          ]
        },
        {
          "cubes": [
            {
              "origin": [
                -12.5,
                -0.2,
                5.4
              ],
              "pivot": [
                -7.5,
                4.8,
                8.5
              ],
              "rotation": [
                10,
                0,
                0
              ],
              "size": [
                2,
                11,
                3
              ],
              "uv": [
                0,
                37
              ]
            }
          ],
          "name": "leftArm",
          "parent": "Body",
          "pivot": [
            -11.5,
            5.01457,
            6.83748
          ]
        },
        {
          "cubes": [
            {
              "origin": [
                -5.5,
                -0.2,
                5.4
              ],
              "pivot": [
                -7.5,
                4.8,
                8.5
              ],
              "rotation": [
                10,
                0,
                0
              ],
              "size": [
                2,
                11,
                3
              ],
              "uv": [
                35,
                33
              ]
            }
          ],
          "name": "rightArm",
          "parent": "Body",
          "pivot": [
            -4.5,
            5.01457,
            6.83748
          ]
        },
        {
          "cubes": [
            {
              "origin": [
                -13.5,
                -0.37759,
                -4.22495
              ],
              "size": [
                3,
                2,
                9
              ],
              "uv": [
                11,
                33
              ]
            },
            {
              "origin": [
                -13.5,
                -1.08792,
                1.93172
              ],
              "pivot": [
                -10.5,
                9.41208,
                3.93172
              ],
              "rotation": [
                -70,
                0,
                0
              ],
              "size": [
                3,
                8,
                7
              ],
              "uv": [
                32,
                0
              ]
            }
          ],
          "name": "leftLeg",
          "parent": "all",
          "pivot": [
            -12,
            10.03174,
            1.61669
          ]
        },
        {
          "cubes": [
            {
              "origin": [
                -5.5,
                -0.11877,
                -4.25902
              ],
              "size": [
                3,
                2,
                9
              ],
              "uv": [
                20,
                22
              ]
            },
            {
              "origin": [
                -5.5,
                -0.8291,
                1.89765
              ],
              "pivot": [
                -2.5,
                9.6709,
                3.89765
              ],
              "rotation": [
                -70,
                0,
                0
              ],
              "size": [
                3,
                8,
                7
              ],
              "uv": [
                0,
                22
              ]
            }
          ],
          "name": "rightLeg",
          "parent": "all",
          "pivot": [
            -4,
            10.03174,
            0.61669
          ]
        }
      ],
      "description": {
        "identifier": "geometry.easter_rabbit_boss",
        "texture_height": 64,
        "texture_width": 64,
        "visible_bounds_height": 4.5,
        "visible_bounds_offset": [
          0,
          1.75,
          0
        ],
        "visible_bounds_width": 3
      }
    }
  ]
}