{
  "format_version": "1.12.0",
  "minecraft:geometry": [
    {
      "bones": [
        {
          "cubes": [
            {
              "origin": [
                -4,
                3,
                -4
              ],
              "size": [
                8,
                2,
                8
              ],
              "uv": [
                0,
                0
              ]
            },
            {
              "origin": [
                -3,
                5,
                -3
              ],
              "size": [
                6,
                6,
                6
              ],
              "uv": [
                0,
                10
              ]
            },
            {
              "origin": [
                -0.5,
                11,
                -0.5
              ],
              "size": [
                1,
                1,
                1
              ],
              "uv": [
                21,
                13
              ]
            }
          ],
          "name": "bell",
          "pivot": [
            0,
            2,
            0
          ]
        },
        {
          "cubes": [
            {
              "origin": [
                -0.5,
                1.9,
                -0.5
              ],
              "size": [
                1,
                1.5,
                1
              ],
              "uv": [
                15,
                23
              ]
            },
            {
              "origin": [
                -0.7,
                1,
                -0.7
              ],
              "size": [
                1.4,
                1.2,
                1.4
              ],
              "uv": [
                9,
                23
              ]
            }
          ],
          "name": "tongue",
          "parent": "bell",
          "pivot": [
            0,
            3,
            0
          ]
        },
        {
          "cubes": [
            {
              "origin": [
                1,
                9,
                -0.5
              ],
              "pivot": [
                -3,
                8.5,
                0
              ],
              "rotation": [
                0,
                180,
                0
              ],
              "size": [
                1,
                1,
                1
              ],
              "uv": [
                0,
                6
              ]
            },
            {
              "origin": [
                0,
                8,
                -0.5
              ],
              "pivot": [
                -3,
                8.5,
                0
              ],
              "rotation": [
                0,
                180,
                0
              ],
              "size": [
                1,
                3,
                1
              ],
              "uv": [
                0,
                10
              ]
            },
            {
              "origin": [
                -1,
                7,
                -0.5
              ],
              "pivot": [
                -3,
                8.5,
                0
              ],
              "rotation": [
                0,
                180,
                0
              ],
              "size": [
                1,
                5,
                1
              ],
              "uv": [
                0,
                0
              ]
            },
            {
              "origin": [
                -2,
                7,
                -0.5
              ],
              "pivot": [
                -3,
                8.5,
                0
              ],
              "rotation": [
                0,
                180,
                0
              ],
              "size": [
                1,
                3,
                1
              ],
              "uv": [
                18,
                10
              ]
            },
            {
              "origin": [
                -3.3,
                8,
                -0.5
              ],
              "pivot": [
                -3,
                8.5,
                0
              ],
              "rotation": [
                0,
                180,
                0
              ],
              "size": [
                1.3,
                1,
                1
              ],
              "uv": [
                4,
                6
              ]
            }
          ],
          "name": "rightWing",
          "parent": "bell",
          "pivot": [
            -3,
            8.5,
            0
          ]
        },
        {
          "cubes": [
            {
              "origin": [
                2.7,
                8,
                -0.5
              ],
              "size": [
                1.3,
                1,
                1
              ],
              "uv": [
                18,
                14
              ]
            },
            {
              "origin": [
                4,
                7,
                -0.5
              ],
              "size": [
                1,
                3,
                1
              ],
              "uv": [
                4,
                22
              ]
            },
            {
              "origin": [
                5,
                7,
                -0.5
              ],
              "size": [
                1,
                5,
                1
              ],
              "uv": [
                4,
                0
              ]
            },
            {
              "origin": [
                6,
                8,
                -0.5
              ],
              "size": [
                1,
                3,
                1
              ],
              "uv": [
                0,
                22
              ]
            },
            {
              "origin": [
                7,
                9,
                -0.5
              ],
              "size": [
                1,
                1,
                1
              ],
              "uv": [
                0,
                14
              ]
            }
          ],
          "name": "leftWing",
          "parent": "bell",
          "pivot": [
            3,
            8.5,
            0
          ]
        }
      ],
      "description": {
        "identifier": "geometry.easter_bell",
        "texture_height": 32,
        "texture_width": 32,
        "visible_bounds_height": 2.5,
        "visible_bounds_offset": [
          0,
          0.75,
          0
        ],
        "visible_bounds_width": 3
      }
    }
  ]
}