{
  "format_version": "1.12.0",
  "minecraft:geometry": [
    {
      "bones": [
        {
          "name": "all",
          "pivot": [
            0,
            0,
            0
          ]
        },
        {
          "cubes": [
            {
              "origin": [
                -3.5,
                0,
                -2.5
              ],
              "size": [
                1,
                1,
                1
              ],
              "uv": [
                36,
                9
              ]
            },
            {
              "origin": [
                -5,
                0,
                -2.5
              ],
              "size": [
                1.5,
                1,
                1
              ],
              "uv": [
                6,
                36
              ]
            },
            {
              "origin": [
                -3.5,
                0,
                -4
              ],
              "size": [
                1,
                1,
                1.5
              ],
              "uv": [
                36,
                5
              ]
            },
            {
              "origin": [
                -4.25,
                0,
                -3.25
              ],
              "size": [
                1,
                1,
                1
              ],
              "uv": [
                36,
                0
              ]
            },
            {
              "origin": [
                -6,
                1,
                -2.5
              ],
              "size": [
                1,
                1,
                1
              ],
              "uv": [
                0,
                36
              ]
            },
            {
              "origin": [
                -4.5,
                2,
                -5
              ],
              "size": [
                1,
                1,
                1
              ],
              "uv": [
                35,
                30
              ]
            },
            {
              "origin": [
                -3.5,
                2,
                -6
              ],
              "size": [
                1,
                5,
                1
              ],
              "uv": [
                15,
                23
              ]
            },
            {
              "origin": [
                -3.5,
                7,
                -5
              ],
              "size": [
                1,
                2,
                1
              ],
              "uv": [
                32,
                12
              ]
            },
            {
              "origin": [
                -3.5,
                9,
                -4
              ],
              "size": [
                1,
                1,
                1
              ],
              "uv": [
                29,
                35
              ]
            },
            {
              "origin": [
                -5,
                9,
                -2.5
              ],
              "size": [
                1,
                1,
                1
              ],
              "uv": [
                35,
                28
              ]
            },
            {
              "origin": [
                -3.5,
                10,
                -3
              ],
              "size": [
                1,
                1,
                1.5
              ],
              "uv": [
                35,
                26
              ]
            },
            {
              "origin": [
                -4,
                10,
                -2.5
              ],
              "size": [
                0.5,
                1,
                1
              ],
              "uv": [
                3,
                11
              ]
            },
            {
              "origin": [
                -7,
                2,
                -2.5
              ],
              "size": [
                1,
                1,
                1
              ],
              "uv": [
                35,
                23
              ]
            },
            {
              "origin": [
                -6,
                2,
                -3.5
              ],
              "size": [
                1,
                1,
                1
              ],
              "uv": [
                35,
                20
              ]
            },
            {
              "origin": [
                -6,
                2,
                -3.5
              ],
              "size": [
                1,
                1,
                1
              ],
              "uv": [
                35,
                17
              ]
            },
            {
              "origin": [
                -5.25,
                2,
                -4.25
              ],
              "size": [
                1,
                1,
                1
              ],
              "uv": [
                35,
                14
              ]
            },
            {
              "origin": [
                -7,
                3,
                -2.5
              ],
              "size": [
                1,
                4,
                1
              ],
              "uv": [
                28,
                6
              ]
            },
            {
              "origin": [
                -6,
                7,
                -2.5
              ],
              "size": [
                1,
                2,
                1
              ],
              "uv": [
                10,
                32
              ]
            },
            {
              "origin": [
                -6.5,
                3,
                -3.5
              ],
              "size": [
                1,
                3,
                1
              ],
              "uv": [
                15,
                29
              ]
            },
            {
              "origin": [
                -5.5,
                3,
                -4.5
              ],
              "size": [
                1,
                3,
                1
              ],
              "uv": [
                3,
                29
              ]
            },
            {
              "origin": [
                -4.5,
                3,
                -5.5
              ],
              "size": [
                1,
                3,
                1
              ],
              "uv": [
                28,
                26
              ]
            },
            {
              "origin": [
                -4.5,
                6,
                -5
              ],
              "size": [
                1,
                1,
                1
              ],
              "uv": [
                35,
                11
              ]
            },
            {
              "origin": [
                -4.5,
                7,
                -4.5
              ],
              "size": [
                1,
                1,
                1
              ],
              "uv": [
                9,
                35
              ]
            },
            {
              "origin": [
                -5.5,
                7,
                -3.5
              ],
              "size": [
                1,
                1,
                1
              ],
              "uv": [
                35,
                7
              ]
            },
            {
              "origin": [
                -5,
                8,
                -3.5
              ],
              "size": [
                1,
                1,
                1
              ],
              "uv": [
                35,
                3
              ]
            },
            {
              "origin": [
                -4.5,
                8,
                -4
              ],
              "size": [
                1,
                1,
                1
              ],
              "uv": [
                3,
                35
              ]
            },
            {
              "origin": [
                -4.25,
                9,
                -3.25
              ],
              "size": [
                1,
                1,
                1
              ],
              "uv": [
                33,
                34
              ]
            },
            {
              "origin": [
                -6,
                6,
                -3.5
              ],
              "size": [
                1,
                1,
                1
              ],
              "uv": [
                34,
                32
              ]
            },
            {
              "origin": [
                -5,
                6,
                -4
              ],
              "size": [
                1,
                1.75,
                1
              ],
              "uv": [
                26,
                34
              ]
            },
            {
              "origin": [
                -5,
                1,
                -3.5
              ],
              "size": [
                1,
                1,
                1
              ],
              "uv": [
                22,
                34
              ]
            },
            {
              "origin": [
                -4.5,
                1,
                -4
              ],
              "size": [
                1,
                1,
                1
              ],
              "uv": [
                30,
                33
              ]
            },
            {
              "origin": [
                -3.5,
                1,
                -5
              ],
              "size": [
                1,
                1,
                1
              ],
              "uv": [
                32,
                27
              ]
            }
          ],
          "name": "face4",
          "parent": "all",
          "pivot": [
            -1.5,
            0,
            0.5
          ],
          "rotation": [
            0,
            -90,
            0
          ]
        },
        {
          "cubes": [
            {
              "origin": [
                -5.5,
                0,
                -3.5
              ],
              "size": [
                1,
                1,
                1
              ],
              "uv": [
                38,
                27
              ]
            },
            {
              "origin": [
                -7,
                0,
                -3.5
              ],
              "size": [
                1.5,
                1,
                1
              ],
              "uv": [
                38,
                24
              ]
            },
            {
              "origin": [
                -5.5,
                0,
                -5
              ],
              "size": [
                1,
                1,
                1.5
              ],
              "uv": [
                24,
                38
              ]
            },
            {
              "origin": [
                -6.25,
                0,
                -4.25
              ],
              "size": [
                1,
                1,
                1
              ],
              "uv": [
                38,
                21
              ]
            },
            {
              "origin": [
                -8,
                1,
                -3.5
              ],
              "size": [
                1,
                1,
                1
              ],
              "uv": [
                20,
                38
              ]
            },
            {
              "origin": [
                -6.5,
                2,
                -6
              ],
              "size": [
                1,
                1,
                1
              ],
              "uv": [
                38,
                18
              ]
            },
            {
              "origin": [
                -5.5,
                2,
                -7
              ],
              "size": [
                1,
                5,
                1
              ],
              "uv": [
                0,
                24
              ]
            },
            {
              "origin": [
                -5.5,
                7,
                -6
              ],
              "size": [
                1,
                2,
                1
              ],
              "uv": [
                32,
                18
              ]
            },
            {
              "origin": [
                -5.5,
                9,
                -5
              ],
              "size": [
                1,
                1,
                1
              ],
              "uv": [
                16,
                38
              ]
            },
            {
              "origin": [
                -7,
                9,
                -3.5
              ],
              "size": [
                1,
                1,
                1
              ],
              "uv": [
                38,
                15
              ]
            },
            {
              "origin": [
                -5.5,
                10,
                -4
              ],
              "size": [
                1,
                1,
                1.5
              ],
              "uv": [
                38,
                12
              ]
            },
            {
              "origin": [
                -6,
                10,
                -3.5
              ],
              "size": [
                0.5,
                1,
                1
              ],
              "uv": [
                7,
                11
              ]
            },
            {
              "origin": [
                -9,
                2,
                -3.5
              ],
              "size": [
                1,
                1,
                1
              ],
              "uv": [
                12,
                38
              ]
            },
            {
              "origin": [
                -8,
                2,
                -4.5
              ],
              "size": [
                1,
                1,
                1
              ],
              "uv": [
                6,
                38
              ]
            },
            {
              "origin": [
                -8,
                2,
                -4.5
              ],
              "size": [
                1,
                1,
                1
              ],
              "uv": [
                38,
                2
              ]
            },
            {
              "origin": [
                -7.25,
                2,
                -5.25
              ],
              "size": [
                1,
                1,
                1
              ],
              "uv": [
                0,
                38
              ]
            },
            {
              "origin": [
                -9,
                3,
                -3.5
              ],
              "size": [
                1,
                4,
                1
              ],
              "uv": [
                28,
                11
              ]
            },
            {
              "origin": [
                -8,
                7,
                -3.5
              ],
              "size": [
                1,
                2,
                1
              ],
              "uv": [
                32,
                15
              ]
            },
            {
              "origin": [
                -8.5,
                3,
                -4.5
              ],
              "size": [
                1,
                3,
                1
              ],
              "uv": [
                27,
                30
              ]
            },
            {
              "origin": [
                -7.5,
                3,
                -5.5
              ],
              "size": [
                1,
                3,
                1
              ],
              "uv": [
                23,
                30
              ]
            },
            {
              "origin": [
                -6.5,
                3,
                -6.5
              ],
              "size": [
                1,
                3,
                1
              ],
              "uv": [
                19,
                29
              ]
            },
            {
              "origin": [
                -6.5,
                6,
                -6
              ],
              "size": [
                1,
                1,
                1
              ],
              "uv": [
                35,
                37
              ]
            },
            {
              "origin": [
                -6.5,
                7,
                -5.5
              ],
              "size": [
                1,
                1,
                1
              ],
              "uv": [
                37,
                33
              ]
            },
            {
              "origin": [
                -7.5,
                7,
                -4.5
              ],
              "size": [
                1,
                1,
                1
              ],
              "uv": [
                27,
                37
              ]
            },
            {
              "origin": [
                -7,
                8,
                -4.5
              ],
              "size": [
                1,
                1,
                1
              ],
              "uv": [
                9,
                37
              ]
            },
            {
              "origin": [
                -6.5,
                8,
                -5
              ],
              "size": [
                1,
                1,
                1
              ],
              "uv": [
                3,
                37
              ]
            },
            {
              "origin": [
                -6.25,
                9,
                -4.25
              ],
              "size": [
                1,
                1,
                1
              ],
              "uv": [
                36,
                35
              ]
            },
            {
              "origin": [
                -8,
                6,
                -4.5
              ],
              "size": [
                1,
                1,
                1
              ],
              "uv": [
                32,
                36
              ]
            },
            {
              "origin": [
                -7,
                6,
                -5
              ],
              "size": [
                1,
                1.75,
                1
              ],
              "uv": [
                24,
                36
              ]
            },
            {
              "origin": [
                -7,
                1,
                -4.5
              ],
              "size": [
                1,
                1,
                1
              ],
              "uv": [
                20,
                36
              ]
            },
            {
              "origin": [
                -6.5,
                1,
                -5
              ],
              "size": [
                1,
                1,
                1
              ],
              "uv": [
                16,
                36
              ]
            },
            {
              "origin": [
                -5.5,
                1,
                -6
              ],
              "size": [
                1,
                1,
                1
              ],
              "uv": [
                12,
                36
              ]
            }
          ],
          "name": "face3",
          "parent": "all",
          "pivot": [
            -2,
            0,
            -1
          ],
          "rotation": [
            0,
            180,
            0
          ]
        },
        {
          "cubes": [
            {
              "origin": [
                -3.5,
                0,
                -2.5
              ],
              "size": [
                1,
                1,
                1
              ],
              "uv": [
                40,
                40
              ]
            },
            {
              "origin": [
                -5,
                0,
                -2.5
              ],
              "size": [
                1.5,
                1,
                1
              ],
              "uv": [
                36,
                40
              ]
            },
            {
              "origin": [
                -3.5,
                0,
                -4
              ],
              "size": [
                1,
                1,
                1.5
              ],
              "uv": [
                40,
                34
              ]
            },
            {
              "origin": [
                -4.25,
                0,
                -3.25
              ],
              "size": [
                1,
                1,
                1
              ],
              "uv": [
                30,
                40
              ]
            },
            {
              "origin": [
                -6,
                1,
                -2.5
              ],
              "size": [
                1,
                1,
                1
              ],
              "uv": [
                24,
                40
              ]
            },
            {
              "origin": [
                -4.5,
                2,
                -5
              ],
              "size": [
                1,
                1,
                1
              ],
              "uv": [
                20,
                40
              ]
            },
            {
              "origin": [
                -3.5,
                2,
                -6
              ],
              "size": [
                1,
                5,
                1
              ],
              "uv": [
                24,
                0
              ]
            },
            {
              "origin": [
                -3.5,
                7,
                -5
              ],
              "size": [
                1,
                2,
                1
              ],
              "uv": [
                32,
                24
              ]
            },
            {
              "origin": [
                -3.5,
                9,
                -4
              ],
              "size": [
                1,
                1,
                1
              ],
              "uv": [
                16,
                40
              ]
            },
            {
              "origin": [
                -5,
                9,
                -2.5
              ],
              "size": [
                1,
                1,
                1
              ],
              "uv": [
                12,
                40
              ]
            },
            {
              "origin": [
                -3.5,
                10,
                -3
              ],
              "size": [
                1,
                1,
                1.5
              ],
              "uv": [
                6,
                40
              ]
            },
            {
              "origin": [
                -4,
                10,
                -2.5
              ],
              "size": [
                0.5,
                1,
                1
              ],
              "uv": [
                11,
                11
              ]
            },
            {
              "origin": [
                -7,
                2,
                -2.5
              ],
              "size": [
                1,
                1,
                1
              ],
              "uv": [
                40,
                0
              ]
            },
            {
              "origin": [
                -6,
                2,
                -3.5
              ],
              "size": [
                1,
                1,
                1
              ],
              "uv": [
                0,
                40
              ]
            },
            {
              "origin": [
                -6,
                2,
                -3.5
              ],
              "size": [
                1,
                1,
                1
              ],
              "uv": [
                39,
                36
              ]
            },
            {
              "origin": [
                -5.25,
                2,
                -4.25
              ],
              "size": [
                1,
                1,
                1
              ],
              "uv": [
                33,
                39
              ]
            },
            {
              "origin": [
                -7,
                3,
                -2.5
              ],
              "size": [
                1,
                4,
                1
              ],
              "uv": [
                28,
                16
              ]
            },
            {
              "origin": [
                -6,
                7,
                -2.5
              ],
              "size": [
                1,
                2,
                1
              ],
              "uv": [
                32,
                21
              ]
            },
            {
              "origin": [
                -6.5,
                3,
                -3.5
              ],
              "size": [
                1,
                3,
                1
              ],
              "uv": [
                32,
                0
              ]
            },
            {
              "origin": [
                -5.5,
                3,
                -4.5
              ],
              "size": [
                1,
                3,
                1
              ],
              "uv": [
                0,
                32
              ]
            },
            {
              "origin": [
                -4.5,
                3,
                -5.5
              ],
              "size": [
                1,
                3,
                1
              ],
              "uv": [
                31,
                29
              ]
            },
            {
              "origin": [
                -4.5,
                6,
                -5
              ],
              "size": [
                1,
                1,
                1
              ],
              "uv": [
                27,
                39
              ]
            },
            {
              "origin": [
                -4.5,
                7,
                -4.5
              ],
              "size": [
                1,
                1,
                1
              ],
              "uv": [
                39,
                10
              ]
            },
            {
              "origin": [
                -5.5,
                7,
                -3.5
              ],
              "size": [
                1,
                1,
                1
              ],
              "uv": [
                9,
                39
              ]
            },
            {
              "origin": [
                -5,
                8,
                -3.5
              ],
              "size": [
                1,
                1,
                1
              ],
              "uv": [
                39,
                8
              ]
            },
            {
              "origin": [
                -4.5,
                8,
                -4
              ],
              "size": [
                1,
                1,
                1
              ],
              "uv": [
                39,
                6
              ]
            },
            {
              "origin": [
                -4.25,
                9,
                -3.25
              ],
              "size": [
                1,
                1,
                1
              ],
              "uv": [
                39,
                4
              ]
            },
            {
              "origin": [
                -6,
                6,
                -3.5
              ],
              "size": [
                1,
                1,
                1
              ],
              "uv": [
                3,
                39
              ]
            },
            {
              "origin": [
                -5,
                6,
                -4
              ],
              "size": [
                1,
                1.75,
                1
              ],
              "uv": [
                38,
                38
              ]
            },
            {
              "origin": [
                -5,
                1,
                -3.5
              ],
              "size": [
                1,
                1,
                1
              ],
              "uv": [
                38,
                31
              ]
            },
            {
              "origin": [
                -4.5,
                1,
                -4
              ],
              "size": [
                1,
                1,
                1
              ],
              "uv": [
                30,
                38
              ]
            },
            {
              "origin": [
                -3.5,
                1,
                -5
              ],
              "size": [
                1,
                1,
                1
              ],
              "uv": [
                38,
                29
              ]
            }
          ],
          "name": "face2",
          "parent": "all",
          "pivot": [
            -0.5,
            0,
            -1.5
          ],
          "rotation": [
            0,
            90,
            0
          ]
        },
        {
          "cubes": [
            {
              "origin": [
                -1.5,
                0,
                -1.5
              ],
              "size": [
                1,
                1,
                1
              ],
              "uv": [
                30,
                42
              ]
            },
            {
              "origin": [
                -3,
                0,
                -1.5
              ],
              "size": [
                1.5,
                1,
                1
              ],
              "uv": [
                24,
                42
              ]
            },
            {
              "origin": [
                -1.5,
                0,
                -3
              ],
              "size": [
                1,
                1,
                1.5
              ],
              "uv": [
                20,
                42
              ]
            },
            {
              "origin": [
                -2.25,
                0,
                -2.25
              ],
              "size": [
                1,
                1,
                1
              ],
              "uv": [
                41,
                30
              ]
            },
            {
              "origin": [
                -4,
                1,
                -1.5
              ],
              "size": [
                1,
                1,
                1
              ],
              "uv": [
                42,
                11
              ]
            },
            {
              "origin": [
                -2.5,
                2,
                -4
              ],
              "size": [
                1,
                1,
                1
              ],
              "uv": [
                42,
                7
              ]
            },
            {
              "origin": [
                -1.5,
                2,
                -5
              ],
              "size": [
                1,
                5,
                1
              ],
              "uv": [
                24,
                6
              ]
            },
            {
              "origin": [
                -1.5,
                7,
                -4
              ],
              "size": [
                1,
                2,
                1
              ],
              "uv": [
                18,
                33
              ]
            },
            {
              "origin": [
                -1.5,
                9,
                -3
              ],
              "size": [
                1,
                1,
                1
              ],
              "uv": [
                6,
                42
              ]
            },
            {
              "origin": [
                -3,
                9,
                -1.5
              ],
              "size": [
                1,
                1,
                1
              ],
              "uv": [
                27,
                41
              ]
            },
            {
              "origin": [
                -1.5,
                10,
                -2
              ],
              "size": [
                1,
                1,
                1.5
              ],
              "uv": [
                42,
                5
              ]
            },
            {
              "origin": [
                -2,
                10,
                -1.5
              ],
              "size": [
                0.5,
                1,
                1
              ],
              "uv": [
                15,
                11
              ]
            },
            {
              "origin": [
                -5,
                2,
                -1.5
              ],
              "size": [
                1,
                1,
                1
              ],
              "uv": [
                42,
                9
              ]
            },
            {
              "origin": [
                -4,
                2,
                -2.5
              ],
              "size": [
                1,
                1,
                1
              ],
              "uv": [
                42,
                2
              ]
            },
            {
              "origin": [
                -4,
                2,
                -2.5
              ],
              "size": [
                1,
                1,
                1
              ],
              "uv": [
                0,
                42
              ]
            },
            {
              "origin": [
                -3.25,
                2,
                -3.25
              ],
              "size": [
                1,
                1,
                1
              ],
              "uv": [
                33,
                41
              ]
            },
            {
              "origin": [
                -5,
                3,
                -1.5
              ],
              "size": [
                1,
                4,
                1
              ],
              "uv": [
                28,
                21
              ]
            },
            {
              "origin": [
                -4,
                7,
                -1.5
              ],
              "size": [
                1,
                2,
                1
              ],
              "uv": [
                14,
                33
              ]
            },
            {
              "origin": [
                -4.5,
                3,
                -2.5
              ],
              "size": [
                1,
                3,
                1
              ],
              "uv": [
                32,
                8
              ]
            },
            {
              "origin": [
                -3.5,
                3,
                -3.5
              ],
              "size": [
                1,
                3,
                1
              ],
              "uv": [
                6,
                32
              ]
            },
            {
              "origin": [
                -2.5,
                3,
                -4.5
              ],
              "size": [
                1,
                3,
                1
              ],
              "uv": [
                32,
                4
              ]
            },
            {
              "origin": [
                -2.5,
                6,
                -4
              ],
              "size": [
                1,
                1,
                1
              ],
              "uv": [
                41,
                28
              ]
            },
            {
              "origin": [
                -2.5,
                7,
                -3.5
              ],
              "size": [
                1,
                1,
                1
              ],
              "uv": [
                41,
                19
              ]
            },
            {
              "origin": [
                -3.5,
                7,
                -2.5
              ],
              "size": [
                1,
                1,
                1
              ],
              "uv": [
                41,
                16
              ]
            },
            {
              "origin": [
                -3,
                8,
                -2.5
              ],
              "size": [
                1,
                1,
                1
              ],
              "uv": [
                41,
                13
              ]
            },
            {
              "origin": [
                -2.5,
                8,
                -3
              ],
              "size": [
                1,
                1,
                1
              ],
              "uv": [
                9,
                41
              ]
            },
            {
              "origin": [
                -2.25,
                9,
                -2.25
              ],
              "size": [
                1,
                1,
                1
              ],
              "uv": [
                3,
                41
              ]
            },
            {
              "origin": [
                -4,
                6,
                -2.5
              ],
              "size": [
                1,
                1,
                1
              ],
              "uv": [
                41,
                25
              ]
            },
            {
              "origin": [
                -3,
                6,
                -3
              ],
              "size": [
                1,
                1.75,
                1
              ],
              "uv": [
                41,
                22
              ]
            },
            {
              "origin": [
                -3,
                1,
                -2.5
              ],
              "size": [
                1,
                1,
                1
              ],
              "uv": [
                12,
                42
              ]
            },
            {
              "origin": [
                -2.5,
                1,
                -3
              ],
              "size": [
                1,
                1,
                1
              ],
              "uv": [
                41,
                32
              ]
            },
            {
              "origin": [
                -1.5,
                1,
                -4
              ],
              "size": [
                1,
                1,
                1
              ],
              "uv": [
                16,
                42
              ]
            }
          ],
          "name": "face1",
          "parent": "all",
          "pivot": [
            0,
            0,
            0
          ]
        },
        {
          "cubes": [
            {
              "origin": [
                -2,
                0,
                -0.5
              ],
              "size": [
                1.5,
                11,
                1
              ],
              "uv": [
                4,
                12
              ]
            },
            {
              "origin": [
                0.5,
                0,
                -0.5
              ],
              "size": [
                1.5,
                11,
                1
              ],
              "uv": [
                0,
                12
              ]
            },
            {
              "origin": [
                -3,
                0,
                -0.5
              ],
              "size": [
                1,
                10,
                1
              ],
              "uv": [
                20,
                0
              ]
            },
            {
              "origin": [
                -3,
                2,
                0.5
              ],
              "pivot": [
                1,
                0,
                0.5
              ],
              "rotation": [
                0,
                180,
                0
              ],
              "size": [
                1,
                5,
                1
              ],
              "uv": [
                24,
                24
              ]
            },
            {
              "origin": [
                -2,
                1,
                0.5
              ],
              "pivot": [
                1,
                0,
                0.5
              ],
              "rotation": [
                0,
                180,
                0
              ],
              "size": [
                1,
                8,
                1
              ],
              "uv": [
                7,
                23
              ]
            },
            {
              "origin": [
                -1,
                0,
                0.5
              ],
              "pivot": [
                1,
                0,
                0.5
              ],
              "rotation": [
                0,
                180,
                0
              ],
              "size": [
                1,
                10,
                1
              ],
              "uv": [
                16,
                12
              ]
            },
            {
              "origin": [
                -5.5,
                2,
                -2
              ],
              "pivot": [
                0.5,
                0,
                -1
              ],
              "rotation": [
                0,
                90,
                0
              ],
              "size": [
                1,
                5,
                1
              ],
              "uv": [
                24,
                12
              ]
            },
            {
              "origin": [
                -4.5,
                1,
                -2
              ],
              "pivot": [
                0.5,
                0,
                -1
              ],
              "rotation": [
                0,
                90,
                0
              ],
              "size": [
                1,
                8,
                1
              ],
              "uv": [
                20,
                11
              ]
            },
            {
              "origin": [
                -3.5,
                0,
                -2
              ],
              "pivot": [
                0.5,
                0,
                -1
              ],
              "rotation": [
                0,
                90,
                0
              ],
              "size": [
                1,
                10,
                1
              ],
              "uv": [
                8,
                12
              ]
            },
            {
              "origin": [
                -2.5,
                0,
                -2
              ],
              "pivot": [
                0.5,
                0,
                -1
              ],
              "rotation": [
                0,
                90,
                0
              ],
              "size": [
                4,
                11,
                1
              ],
              "uv": [
                10,
                0
              ]
            },
            {
              "origin": [
                -2.5,
                0,
                -2
              ],
              "pivot": [
                0.5,
                0,
                -1
              ],
              "rotation": [
                0,
                90,
                0
              ],
              "size": [
                4,
                11,
                1
              ],
              "uv": [
                0,
                0
              ]
            },
            {
              "origin": [
                -3.5,
                2,
                -1
              ],
              "pivot": [
                0.5,
                0,
                -1
              ],
              "rotation": [
                0,
                -90,
                0
              ],
              "size": [
                1,
                5,
                1
              ],
              "uv": [
                24,
                18
              ]
            },
            {
              "origin": [
                -2.5,
                1,
                -1
              ],
              "pivot": [
                0.5,
                0,
                -1
              ],
              "rotation": [
                0,
                -90,
                0
              ],
              "size": [
                1,
                8,
                1
              ],
              "uv": [
                20,
                20
              ]
            },
            {
              "origin": [
                -1.5,
                0,
                -1
              ],
              "pivot": [
                0.5,
                0,
                -1
              ],
              "rotation": [
                0,
                -90,
                0
              ],
              "size": [
                1,
                10,
                1
              ],
              "uv": [
                12,
                12
              ]
            },
            {
              "origin": [
                -4,
                1,
                -0.5
              ],
              "size": [
                1,
                8,
                1
              ],
              "uv": [
                11,
                23
              ]
            },
            {
              "origin": [
                -5,
                2,
                -0.5
              ],
              "size": [
                1,
                5,
                1
              ],
              "uv": [
                28,
                0
              ]
            }
          ],
          "name": "base",
          "parent": "all",
          "pivot": [
            0,
            0,
            0
          ]
        }
      ],
      "description": {
        "identifier": "geometry.easter_egg",
        "texture_height": 64,
        "texture_width": 64,
        "visible_bounds_height": 2.5,
        "visible_bounds_offset": [
          0,
          0.75,
          0
        ],
        "visible_bounds_width": 2
      }
    }
  ]
}