{
  "format_version": "1.12.0",
  "minecraft:geometry": [
    {
      "bones": [
        {
          "name": "cage",
          "pivot": [
            -8,
            0,
            0
          ]
        },
        {
          "cubes": [
            {
              "origin": [
                72,
                0,
                -3
              ],
              "size": [
                4,
                56,
                4
              ],
              "uv": [
                310,
                189
              ]
            },
            {
              "origin": [
                -72,
                52,
                -3
              ],
              "size": [
                144,
                4,
                4
              ],
              "uv": [
                0,
                166
              ]
            },
            {
              "origin": [
                -76,
                0,
                -3
              ],
              "size": [
                4,
                56,
                4
              ],
              "uv": [
                328,
                189
              ]
            }
          ],
          "name": "barre",
          "parent": "cage",
          "pivot": [
            -8,
            0,
            0
          ]
        },
        {
          "cubes": [
            {
              "origin": [
                -75,
                52,
                1
              ],
              "size": [
                150,
                2,
                47
              ],
              "uv": [
                0,
                103
              ]
            },
            {
              "origin": [
                -75,
                0,
                1
              ],
              "size": [
                2,
                52,
                47
              ],
              "uv": [
                116,
                0
              ]
            },
            {
              "origin": [
                73,
                0,
                1
              ],
              "size": [
                2,
                52,
                47
              ],
              "uv": [
                0,
                0
              ]
            },
            {
              "origin": [
                -75,
                0,
                48
              ],
              "size": [
                150,
                54,
                2
              ],
              "uv": [
                0,
                193
              ]
            }
          ],
          "name": "filet",
          "parent": "cage",
          "pivot": [
            -8,
            0,
            0
          ]
        }
      ],
      "description": {
        "identifier": "geometry.goal",
        "texture_height": 512,
        "texture_width": 512,
        "visible_bounds_height": 6,
        "visible_bounds_offset": [
          0,
          1,
          0
        ],
        "visible_bounds_width": 11
      }
    }
  ]
}