{
  "format_version": "1.8.0",
  "geometry.jersey_captain.armor.base": {
    "bones": [
      {
        "name": "waist",
        "pivot": [
          0,
          12,
          0
        ]
      },
      {
        "cubes": [
          {
            "origin": [
              -4,
              12,
              -2
            ],
            "size": [
              8,
              12,
              4
            ],
            "uv": [
              16,
              16
            ]
          }
        ],
        "name": "body",
        "parent": "waist",
        "pivot": [
          0,
          24,
          0
        ]
      },
      {
        "cubes": [
          {
            "origin": [
              -4,
              24,
              -4
            ],
            "size": [
              8,
              8,
              8
            ],
            "uv": [
              0,
              0
            ]
          }
        ],
        "name": "head",
        "parent": "body",
        "pivot": [
          0,
          24,
          0
        ]
      },
      {
        "cubes": [
          {
            "inflate": 0.5,
            "origin": [
              -4,
              24,
              -4
            ],
            "size": [
              8,
              8,
              8
            ],
            "uv": [
              32,
              0
            ]
          }
        ],
        "name": "hat",
        "parent": "head",
        "pivot": [
          0,
          24,
          0
        ]
      },
      {
        "cubes": [
          {
            "origin": [
              -8,
              12,
              -2
            ],
            "size": [
              4,
              12,
              4
            ],
            "uv": [
              40,
              16
            ]
          }
        ],
        "name": "rightArm",
        "parent": "body",
        "pivot": [
          -5,
          22,
          0
        ]
      },
      {
        "name": "rightItem",
        "parent": "rightArm",
        "pivot": [
          -6,
          15,
          1
        ]
      },
      {
        "cubes": [
          {
            "origin": [
              -8,
              21,
              -2.25
            ],
            "size": [
              3,
              2,
              1
            ],
            "uv": [
              56,
              20
            ]
          },
          {
            "origin": [
              -8.25,
              21,
              -2
            ],
            "size": [
              1,
              2,
              2
            ],
            "uv": [
              58,
              19
            ]
          },
          {
            "origin": [
              -8.25,
              21,
              0
            ],
            "size": [
              1,
              2,
              2
            ],
            "uv": [
              58,
              19
            ]
          },
          {
            "origin": [
              -8,
              21,
              1.25
            ],
            "size": [
              3,
              2,
              1
            ],
            "uv": [
              56,
              20
            ]
          }
        ],
        "name": "armband",
        "parent": "rightArm",
        "pivot": [
          -5,
          22,
          0
        ]
      },
      {
        "cubes": [
          {
            "origin": [
              4,
              12,
              -2
            ],
            "size": [
              4,
              12,
              4
            ],
            "uv": [
              40,
              16
            ]
          }
        ],
        "mirror": true,
        "name": "leftArm",
        "parent": "body",
        "pivot": [
          5,
          22,
          0
        ]
      },
      {
        "cubes": [
          {
            "origin": [
              -3.9,
              0,
              -2
            ],
            "size": [
              4,
              12,
              4
            ],
            "uv": [
              0,
              16
            ]
          }
        ],
        "name": "rightLeg",
        "parent": "body",
        "pivot": [
          -1.9,
          12,
          0
        ]
      },
      {
        "cubes": [
          {
            "origin": [
              -0.1,
              0,
              -2
            ],
            "size": [
              4,
              12,
              4
            ],
            "uv": [
              0,
              16
            ]
          }
        ],
        "mirror": true,
        "name": "leftLeg",
        "parent": "body",
        "pivot": [
          1.9,
          12,
          0
        ]
      }
    ],
    "textureheight": 32,
    "texturewidth": 64,
    "visible_bounds_height": 3,
    "visible_bounds_offset": [
      0,
      1.5,
      0
    ],
    "visible_bounds_width": 3
  },
  "geometry.jersey_captain.armor.boots:geometry.jersey_captain.armor1": {
    "bones": [
      {
        "name": "head",
        "reset": true
      },
      {
        "name": "hat",
        "reset": true
      },
      {
        "name": "body",
        "reset": true
      },
      {
        "name": "rightArm",
        "reset": true
      },
      {
        "name": "leftArm",
        "reset": true
      }
    ]
  },
  "geometry.jersey_captain.armor.chestplate:geometry.jersey_captain.armor1": {
    "bones": [
      {
        "name": "head",
        "reset": true
      },
      {
        "name": "hat",
        "reset": true
      },
      {
        "name": "rightLeg",
        "reset": true
      },
      {
        "name": "leftLeg",
        "reset": true
      }
    ]
  },
  "geometry.jersey_captain.armor.helmet:geometry.jersey_captain.armor1": {
    "bones": [
      {
        "name": "body",
        "reset": true
      },
      {
        "name": "rightArm",
        "reset": true
      },
      {
        "name": "leftArm",
        "reset": true
      },
      {
        "name": "rightLeg",
        "reset": true
      },
      {
        "name": "leftLeg",
        "reset": true
      }
    ]
  },
  "geometry.jersey_captain.armor.leggings:geometry.jersey_captain.armor2": {
    "bones": [
      {
        "name": "head",
        "reset": true
      },
      {
        "name": "hat",
        "reset": true
      },
      {
        "name": "rightArm",
        "reset": true
      },
      {
        "name": "leftArm",
        "reset": true
      }
    ]
  },
  "geometry.jersey_captain.armor1:geometry.player.armor.base": {
    "bones": [
      {
        "inflate": 1,
        "name": "head"
      },
      {
        "inflate": 1.5,
        "name": "hat",
        "neverRender": false
      },
      {
        "inflate": 1.01,
        "name": "body"
      },
      {
        "inflate": 1,
        "name": "rightArm"
      },
      {
        "inflate": 1,
        "name": "leftArm"
      },
      {
        "inflate": 1,
        "name": "rightLeg"
      },
      {
        "inflate": 1,
        "name": "leftLeg"
      }
    ]
  },
  "geometry.jersey_captain.armor2:geometry.player.jersey_captain.base": {
    "bones": [
      {
        "inflate": 0.5,
        "name": "head"
      },
      {
        "inflate": 0.5,
        "name": "body"
      },
      {
        "inflate": 0.5,
        "name": "rightArm"
      },
      {
        "inflate": 0.5,
        "name": "leftArm"
      },
      {
        "inflate": 0.5,
        "name": "rightLeg"
      },
      {
        "inflate": 0.5,
        "name": "leftLeg"
      }
    ]
  }
}