{
  "format_version": "1.12.0",
  "minecraft:geometry": [
    {
      "bones": [
        {
          "cubes": [
            {
              "origin": [
                -3.5,
                -8.95,
                -2.2
              ],
              "size": [
                7,
                1,
                4.5
              ],
              "uv": [
                0,
                0
              ]
            },
            {
              "origin": [
                -3.5,
                -8.95,
                -2.2
              ],
              "size": [
                7,
                1,
                4.5
              ],
              "uv": [
                0,
                0
              ]
            }
          ],
          "name": "Head",
          "pivot": [
            0,
            -17,
            0
          ]
        },
        {
          "cubes": [
            {
              "origin": [
                0.6,
                -2.06769,
                5.34112
              ],
              "pivot": [
                0,
                -26.36769,
                0.34112
              ],
              "rotation": [
                15,
                0,
                0
              ],
              "size": [
                3,
                5,
                1
              ],
              "uv": [
                8,
                11
              ]
            },
            {
              "origin": [
                0.6,
                -6.91804,
                2.07049
              ],
              "pivot": [
                0,
                -26.21804,
                -2.92951
              ],
              "rotation": [
                7.5,
                0,
                0
              ],
              "size": [
                3,
                5,
                1
              ],
              "uv": [
                0,
                5
              ]
            },
            {
              "origin": [
                0.6,
                -8.3,
                -0.5
              ],
              "size": [
                2,
                2,
                1
              ],
              "uv": [
                20,
                15
              ]
            }
          ],
          "name": "rightEar",
          "parent": "Head",
          "pivot": [
            0,
            -17,
            0
          ]
        },
        {
          "cubes": [
            {
              "origin": [
                -2.5,
                -8.3,
                -0.5
              ],
              "pivot": [
                -1.75,
                -4.3,
                0
              ],
              "rotation": [
                0,
                5,
                0
              ],
              "size": [
                2,
                2,
                1
              ],
              "uv": [
                16,
                12
              ]
            },
            {
              "origin": [
                -3.52238,
                -6.38237,
                -0.7558
              ],
              "pivot": [
                -1.77238,
                -4.38237,
                -0.2558
              ],
              "rotation": [
                7.5,
                5,
                0
              ],
              "size": [
                3,
                5,
                1
              ],
              "uv": [
                0,
                11
              ]
            },
            {
              "origin": [
                -3.48772,
                -1.36996,
                -0.35967
              ],
              "pivot": [
                -1.73772,
                -4.36996,
                0.14033
              ],
              "rotation": [
                15,
                5,
                0
              ],
              "size": [
                3,
                5,
                1
              ],
              "uv": [
                8,
                5
              ]
            }
          ],
          "name": "leftEar",
          "parent": "Head",
          "pivot": [
            0,
            -17,
            0
          ]
        },
        {
          "cubes": [
            {
              "origin": [
                3.74454,
                -14.67952,
                4
              ],
              "pivot": [
                -0.52262,
                -17.07456,
                2.5
              ],
              "rotation": [
                180,
                0,
                -173.5
              ],
              "size": [
                1,
                5.1,
                2
              ],
              "uv": [
                16,
                5
              ]
            },
            {
              "origin": [
                3.54454,
                -16.67952,
                4
              ],
              "pivot": [
                -0.52262,
                -17.07456,
                2.5
              ],
              "rotation": [
                180,
                0,
                -173.5
              ],
              "size": [
                1,
                2,
                2
              ],
              "uv": [
                18,
                0
              ]
            },
            {
              "origin": [
                -4.3,
                -11,
                -1.5
              ],
              "size": [
                1,
                2.65,
                3
              ],
              "uv": [
                0,
                17
              ]
            }
          ],
          "name": "rightFace",
          "parent": "Head",
          "pivot": [
            0,
            -17,
            0
          ]
        },
        {
          "cubes": [
            {
              "origin": [
                3.35,
                -11,
                -1.5
              ],
              "size": [
                1,
                2.65,
                3
              ],
              "uv": [
                0,
                17
              ]
            },
            {
              "origin": [
                4.74454,
                -14.67952,
                -1
              ],
              "pivot": [
                -0.52262,
                -17.07456,
                2.5
              ],
              "rotation": [
                0,
                0,
                -6.5
              ],
              "size": [
                1,
                5.1,
                2
              ],
              "uv": [
                14,
                15
              ]
            },
            {
              "origin": [
                4.54454,
                -16.67952,
                -1
              ],
              "pivot": [
                -0.52262,
                -17.07456,
                2.5
              ],
              "rotation": [
                0,
                0,
                -6.5
              ],
              "size": [
                1,
                2,
                2
              ],
              "uv": [
                8,
                17
              ]
            }
          ],
          "name": "leftFace",
          "parent": "Head",
          "pivot": [
            0,
            -17,
            0
          ]
        }
      ],
      "description": {
        "identifier": "geometry.rabbit_ears",
        "texture_height": 32,
        "texture_width": 32,
        "visible_bounds_height": 26,
        "visible_bounds_offset": [
          0,
          -6,
          0
        ],
        "visible_bounds_width": 3
      }
    }
  ]
}