{
  "format_version": "1.12.0",
  "minecraft:geometry": [
    {
      "bones": [
        {
          "cubes": [
            {
              "origin": [
                -2.25,
                -12.1,
                -3
              ],
              "size": [
                4.5,
                2.5,
                6.25
              ],
              "uv": [
                0,
                0
              ]
            },
            {
              "origin": [
                -0.5,
                -11.35,
                3
              ],
              "size": [
                1,
                1,
                1
              ],
              "uv": [
                8,
                8
              ]
            },
            {
              "origin": [
                -0.5,
                -11.7,
                -3.3
              ],
              "size": [
                1,
                1,
                1
              ],
              "uv": [
                0,
                4
              ]
            }
          ],
          "name": "rightLeg",
          "pivot": [
            0,
            0,
            0
          ]
        },
        {
          "cubes": [
            {
              "origin": [
                0.7,
                -11.1,
                -1.95
              ],
              "pivot": [
                -1.25,
                -9.1,
                -2
              ],
              "rotation": [
                0,
                10,
                0
              ],
              "size": [
                1.1,
                3.1,
                1
              ],
              "uv": [
                4,
                8
              ]
            },
            {
              "origin": [
                0.75,
                -11.1,
                -2
              ],
              "pivot": [
                -1.25,
                -9.1,
                -2
              ],
              "rotation": [
                0,
                10,
                0
              ],
              "size": [
                1,
                3,
                1.1
              ],
              "uv": [
                0,
                0
              ]
            },
            {
              "origin": [
                -1.75,
                -11.1,
                -2.5
              ],
              "pivot": [
                -1.25,
                -9.1,
                -2
              ],
              "rotation": [
                0,
                -10,
                0
              ],
              "size": [
                1,
                3,
                1.1
              ],
              "uv": [
                0,
                8
              ]
            },
            {
              "origin": [
                -1.8,
                -11.1,
                -2.45
              ],
              "pivot": [
                -1.25,
                -9.1,
                -2
              ],
              "rotation": [
                0,
                -10,
                0
              ],
              "size": [
                1.1,
                3.1,
                1
              ],
              "uv": [
                4,
                8
              ]
            }
          ],
          "name": "ear",
          "parent": "rightLeg",
          "pivot": [
            -3.25,
            3,
            -2
          ]
        },
        {
          "cubes": [
            {
              "origin": [
                1.75,
                -12.1,
                -3
              ],
              "size": [
                4.5,
                2.5,
                6.25
              ],
              "uv": [
                0,
                0
              ]
            },
            {
              "origin": [
                3.5,
                -11.35,
                3
              ],
              "size": [
                1,
                1,
                1
              ],
              "uv": [
                8,
                8
              ]
            },
            {
              "origin": [
                3.5,
                -11.7,
                -3.3
              ],
              "size": [
                1,
                1,
                1
              ],
              "uv": [
                0,
                4
              ]
            }
          ],
          "name": "leftLeg",
          "pivot": [
            4,
            0,
            0
          ]
        },
        {
          "cubes": [
            {
              "origin": [
                4.7,
                -11.1,
                -1.95
              ],
              "pivot": [
                2.75,
                -9.1,
                -2
              ],
              "rotation": [
                0,
                10,
                0
              ],
              "size": [
                1.1,
                3.1,
                1
              ],
              "uv": [
                4,
                8
              ]
            },
            {
              "origin": [
                4.75,
                -11.1,
                -2
              ],
              "pivot": [
                2.75,
                -9.1,
                -2
              ],
              "rotation": [
                0,
                10,
                0
              ],
              "size": [
                1,
                3,
                1.1
              ],
              "uv": [
                0,
                0
              ]
            },
            {
              "origin": [
                2.25,
                -11.1,
                -2.5
              ],
              "pivot": [
                2.75,
                -9.1,
                -2
              ],
              "rotation": [
                0,
                -10,
                0
              ],
              "size": [
                1,
                3,
                1.1
              ],
              "uv": [
                0,
                8
              ]
            },
            {
              "origin": [
                2.2,
                -11.1,
                -2.45
              ],
              "pivot": [
                2.75,
                -9.1,
                -2
              ],
              "rotation": [
                0,
                -10,
                0
              ],
              "size": [
                1.1,
                3.1,
                1
              ],
              "uv": [
                4,
                8
              ]
            }
          ],
          "name": "ear2",
          "parent": "leftLeg",
          "pivot": [
            0.75,
            3,
            -2
          ]
        }
      ],
      "description": {
        "identifier": "geometry.rabbit_slipper",
        "texture_height": 32,
        "texture_width": 32,
        "visible_bounds_height": 3,
        "visible_bounds_offset": [
          0,
          0.5,
          0
        ],
        "visible_bounds_width": 2
      }
    }
  ]
}