{
  "format_version": "1.12.0",
  "minecraft:geometry": [
    {
      "bones": [
        {
          "name": "Head",
          "pivot": [
            0,
            25.03,
            0
          ]
        },
        {
          "cubes": [
            {
              "mirror": false,
              "origin": [
                -5,
                32.05,
                -5
              ],
              "size": [
                10,
                2,
                10
              ],
              "uv": [
                0,
                0
              ]
            }
          ],
          "mirror": true,
          "name": "Hat",
          "parent": "Head",
          "pivot": [
            0,
            25.03,
            0
          ]
        },
        {
          "cubes": [
            {
              "mirror": false,
              "origin": [
                -3.90946,
                33.46337,
                -3.31802
              ],
              "size": [
                7,
                4,
                7
              ],
              "uv": [
                0,
                12
              ]
            }
          ],
          "mirror": true,
          "name": "middle",
          "parent": "Hat",
          "pivot": [
            -6.75,
            25,
            7
          ],
          "rotation": [
            -3,
            0,
            1.5
          ]
        },
        {
          "cubes": [
            {
              "mirror": false,
              "origin": [
                -2.98093,
                36.32726,
                -1.95427
              ],
              "size": [
                4,
                4,
                4
              ],
              "uv": [
                0,
                23
              ]
            }
          ],
          "mirror": true,
          "name": "top",
          "parent": "middle",
          "pivot": [
            -6.75,
            28,
            7
          ],
          "rotation": [
            -6,
            0,
            3
          ]
        },
        {
          "cubes": [
            {
              "inflate": 0.25,
              "mirror": false,
              "origin": [
                -2.37576,
                39.30518,
                -1.1926
              ],
              "size": [
                1,
                2,
                1
              ],
              "uv": [
                0,
                0
              ]
            }
          ],
          "mirror": true,
          "name": "spade",
          "parent": "top",
          "pivot": [
            -6.75,
            31,
            7
          ],
          "rotation": [
            -12,
            0,
            6
          ]
        }
      ],
      "description": {
        "identifier": "geometry.witch_hat",
        "texture_height": 64,
        "texture_width": 64,
        "visible_bounds_height": 9.5,
        "visible_bounds_offset": [
          0,
          4.25,
          0
        ],
        "visible_bounds_width": 5
      }
    }
  ]
}