{"namespace":"chest","chest_label":{"type":"label","offset":[7,-5],"anchor_from":"top_left","anchor_to":"top_left","text":"$container_title","size":["90%","default"],"color":"$title_text_color","layer":2},"crafters_chest_grid_item@common.crafters_container_item":{"$item_collection_name":"container_items"},"crafters_chest_grid_item_insta_click@common.crafters_container_item":{"$item_collection_name":"container_items","$button_ref":"common.container_slot_button_prototype_quick_loot_mode"},"crafters_chest_grid_item_no_click@common.crafters_container_item_no_click":{"$item_collection_name":"container_items"},"crafters_chest_grid_item_inverted@common.crafters_chest_grid_item_inverted":{"$item_collection_name":"container_items"},"crafters_small_chest_grid":{"type":"grid","size":[162,54],"anchor_from":"top_left","anchor_to":"top_left","grid_dimensions":[9,3],"grid_item_template":"chest.crafters_chest_grid_item","collection_name":"container_items"},"crafters_large_chest_grid":{"type":"grid","size":[162,108],"anchor_from":"top_left","anchor_to":"top_left","grid_dimensions":[9,6],"grid_item_template":"chest.crafters_chest_grid_item","collection_name":"container_items"},"crafters_large_chest_panel_top_half":{"type":"panel","size":["100%",132],"offset":[0,11],"anchor_to":"top_left","anchor_from":"top_left","controls":[{"chest_label@chest.chest_label":{}},{"large_chest_grid@chest.crafters_large_chest_grid":{"offset":[7,10]}}]},"crafters_auction_large_chest_panel_top_half":{"type":"panel","size":["100%",132],"offset":[0,11],"anchor_to":"top_left","anchor_from":"top_left","controls":[{"chest_label@chest.chest_label":{"offset":[31,-5]}},{"categories":{"type":"stack_panel","size":[162,18],"orientation":"horizontal","anchor_from":"top_left","anchor_to":"top_left","collection_name":"container_items","offset":[31,10],"controls":[{"padding@common.empty_panel":{"size":[10,18]}},{"0@chest.crafters_chest_grid_item":{"anchor_from":"top_left","anchor_to":"top_left","collection_index":0,"$noHover":true}},{"1@chest.crafters_chest_grid_item":{"anchor_from":"top_left","anchor_to":"top_left","collection_index":1,"$noHover":true}},{"2@chest.crafters_chest_grid_item":{"anchor_from":"top_left","anchor_to":"top_left","collection_index":2,"$noHover":true}},{"3@chest.crafters_chest_grid_item":{"anchor_from":"top_left","anchor_to":"top_left","collection_index":3,"$noHover":true}},{"4@chest.crafters_chest_grid_item":{"anchor_from":"top_left","anchor_to":"top_left","collection_index":4,"$noHover":true}},{"5@chest.crafters_chest_grid_item":{"anchor_from":"top_left","anchor_to":"top_left","collection_index":5,"$noHover":true}},{"6@chest.crafters_chest_grid_item":{"anchor_from":"top_left","anchor_to":"top_left","collection_index":6,"$noHover":true}},{"7@chest.crafters_chest_grid_item":{"anchor_from":"top_left","anchor_to":"top_left","collection_index":7,"$noHover":true}}]}},{"items1":{"type":"stack_panel","size":[162,18],"orientation":"horizontal","anchor_from":"top_left","anchor_to":"top_left","collection_name":"container_items","offset":[31,36],"controls":[{"0@chest.crafters_chest_grid_item":{"anchor_from":"top_left","anchor_to":"top_left","collection_index":8}},{"1@chest.crafters_chest_grid_item":{"anchor_from":"top_left","anchor_to":"top_left","collection_index":9}},{"2@chest.crafters_chest_grid_item":{"anchor_from":"top_left","anchor_to":"top_left","collection_index":10}},{"3@chest.crafters_chest_grid_item":{"anchor_from":"top_left","anchor_to":"top_left","collection_index":11}},{"4@chest.crafters_chest_grid_item":{"anchor_from":"top_left","anchor_to":"top_left","collection_index":12}},{"5@chest.crafters_chest_grid_item":{"anchor_from":"top_left","anchor_to":"top_left","collection_index":13}},{"6@chest.crafters_chest_grid_item":{"anchor_from":"top_left","anchor_to":"top_left","collection_index":14}},{"7@chest.crafters_chest_grid_item":{"anchor_from":"top_left","anchor_to":"top_left","collection_index":15}},{"8@chest.crafters_chest_grid_item":{"anchor_from":"top_left","anchor_to":"top_left","collection_index":16}}]}},{"items2":{"type":"stack_panel","size":[162,18],"orientation":"horizontal","anchor_from":"top_left","anchor_to":"top_left","collection_name":"container_items","offset":[31,54],"controls":[{"0@chest.crafters_chest_grid_item":{"anchor_from":"top_left","anchor_to":"top_left","collection_index":17}},{"1@chest.crafters_chest_grid_item":{"anchor_from":"top_left","anchor_to":"top_left","collection_index":18}},{"2@chest.crafters_chest_grid_item":{"anchor_from":"top_left","anchor_to":"top_left","collection_index":19}},{"3@chest.crafters_chest_grid_item":{"anchor_from":"top_left","anchor_to":"top_left","collection_index":20}},{"4@chest.crafters_chest_grid_item":{"anchor_from":"top_left","anchor_to":"top_left","collection_index":21}},{"5@chest.crafters_chest_grid_item":{"anchor_from":"top_left","anchor_to":"top_left","collection_index":22}},{"6@chest.crafters_chest_grid_item":{"anchor_from":"top_left","anchor_to":"top_left","collection_index":23}},{"7@chest.crafters_chest_grid_item":{"anchor_from":"top_left","anchor_to":"top_left","collection_index":24}},{"8@chest.crafters_chest_grid_item":{"anchor_from":"top_left","anchor_to":"top_left","collection_index":25}}]}},{"items3":{"type":"stack_panel","size":[162,18],"orientation":"horizontal","anchor_from":"top_left","anchor_to":"top_left","collection_name":"container_items","offset":[31,72],"controls":[{"0@chest.crafters_chest_grid_item":{"anchor_from":"top_left","anchor_to":"top_left","collection_index":26}},{"1@chest.crafters_chest_grid_item":{"anchor_from":"top_left","anchor_to":"top_left","collection_index":27}},{"2@chest.crafters_chest_grid_item":{"anchor_from":"top_left","anchor_to":"top_left","collection_index":28}},{"3@chest.crafters_chest_grid_item":{"anchor_from":"top_left","anchor_to":"top_left","collection_index":29}},{"4@chest.crafters_chest_grid_item":{"anchor_from":"top_left","anchor_to":"top_left","collection_index":30}},{"5@chest.crafters_chest_grid_item":{"anchor_from":"top_left","anchor_to":"top_left","collection_index":31}},{"6@chest.crafters_chest_grid_item":{"anchor_from":"top_left","anchor_to":"top_left","collection_index":32}},{"7@chest.crafters_chest_grid_item":{"anchor_from":"top_left","anchor_to":"top_left","collection_index":33}},{"8@chest.crafters_chest_grid_item":{"anchor_from":"top_left","anchor_to":"top_left","collection_index":34}}]}},{"control_items":{"type":"stack_panel","size":[162,18],"orientation":"horizontal","anchor_from":"top_left","anchor_to":"top_left","collection_name":"container_items","offset":[31,98],"controls":[{"padding@common.empty_panel":{"size":[18,18]}},{"padding@common.empty_panel":{"size":[2,18]}},{"1@chest.crafters_chest_grid_item":{"anchor_from":"top_left","anchor_to":"top_left","collection_index":35}},{"padding@common.empty_panel":{"size":[8,18]}},{"2@chest.crafters_chest_grid_item":{"anchor_from":"top_left","anchor_to":"top_left","collection_index":36}},{"padding@common.empty_panel":{"size":[8,18]}},{"3@chest.crafters_chest_grid_item":{"anchor_from":"top_left","anchor_to":"top_left","collection_index":37}},{"padding@common.empty_panel":{"size":[8,18]}},{"4@chest.crafters_chest_grid_item":{"anchor_from":"top_left","anchor_to":"top_left","collection_index":38}},{"padding@common.empty_panel":{"size":[8,18]}},{"5@chest.crafters_chest_grid_item":{"anchor_from":"top_left","anchor_to":"top_left","collection_index":39}}]}},{"page_controls":{"type":"stack_panel","size":[162,18],"orientation":"horizontal","anchor_from":"top_left","anchor_to":"top_left","collection_name":"container_items","offset":[6,54],"controls":[{"0@chest.crafters_chest_grid_item":{"anchor_from":"top_left","anchor_to":"top_left","collection_index":40}},{"padding@common.empty_panel":{"size":[176,18]}},{"1@chest.crafters_chest_grid_item":{"anchor_from":"top_left","anchor_to":"top_left","collection_index":41}}]}}]},"crafters_auction_view_bid_chest_panel_top_half":{"type":"panel","size":["100%",113],"offset":[0,11],"anchor_to":"top_left","anchor_from":"top_left","controls":[{"chest_label@chest.chest_label":{"offset":[16,-5]}},{"items1":{"type":"stack_panel","size":[180,18],"orientation":"horizontal","anchor_from":"top_left","anchor_to":"top_left","collection_name":"container_items","offset":[7,10],"controls":[{"0@chest.crafters_chest_grid_item":{"anchor_from":"top_left","anchor_to":"top_left","collection_index":0}},{"1@chest.crafters_chest_grid_item":{"anchor_from":"top_left","anchor_to":"top_left","collection_index":1}},{"2@chest.crafters_chest_grid_item":{"anchor_from":"top_left","anchor_to":"top_left","collection_index":2}},{"3@chest.crafters_chest_grid_item":{"anchor_from":"top_left","anchor_to":"top_left","collection_index":3}},{"4@chest.crafters_chest_grid_item":{"anchor_from":"top_left","anchor_to":"top_left","collection_index":4}},{"5@chest.crafters_chest_grid_item":{"anchor_from":"top_left","anchor_to":"top_left","collection_index":5}},{"6@chest.crafters_chest_grid_item":{"anchor_from":"top_left","anchor_to":"top_left","collection_index":6}},{"7@chest.crafters_chest_grid_item":{"anchor_from":"top_left","anchor_to":"top_left","collection_index":7}},{"8@chest.crafters_chest_grid_item":{"anchor_from":"top_left","anchor_to":"top_left","collection_index":8}},{"9@chest.crafters_chest_grid_item":{"anchor_from":"top_left","anchor_to":"top_left","collection_index":9}}]}},{"items2":{"type":"stack_panel","size":[180,18],"orientation":"horizontal","anchor_from":"top_left","anchor_to":"top_left","collection_name":"container_items","offset":[7,28],"controls":[{"0@chest.crafters_chest_grid_item":{"anchor_from":"top_left","anchor_to":"top_left","collection_index":10}},{"1@chest.crafters_chest_grid_item":{"anchor_from":"top_left","anchor_to":"top_left","collection_index":11}},{"2@chest.crafters_chest_grid_item":{"anchor_from":"top_left","anchor_to":"top_left","collection_index":12}},{"3@chest.crafters_chest_grid_item":{"anchor_from":"top_left","anchor_to":"top_left","collection_index":13}},{"4@chest.crafters_chest_grid_item":{"anchor_from":"top_left","anchor_to":"top_left","collection_index":14}},{"5@chest.crafters_chest_grid_item":{"anchor_from":"top_left","anchor_to":"top_left","collection_index":15}},{"6@chest.crafters_chest_grid_item":{"anchor_from":"top_left","anchor_to":"top_left","collection_index":16}},{"7@chest.crafters_chest_grid_item":{"anchor_from":"top_left","anchor_to":"top_left","collection_index":17}},{"8@chest.crafters_chest_grid_item":{"anchor_from":"top_left","anchor_to":"top_left","collection_index":18}},{"9@chest.crafters_chest_grid_item":{"anchor_from":"top_left","anchor_to":"top_left","collection_index":19}}]}},{"control_items":{"type":"stack_panel","size":[162,18],"orientation":"horizontal","anchor_from":"top_left","anchor_to":"top_left","collection_name":"container_items","offset":[16,44],"controls":[{"padding@common.empty_panel":{"size":[115,18]}},{"1@chest.crafters_chest_grid_item_inverted":{"anchor_from":"top_left","anchor_to":"top_left","collection_index":20}},{"padding@common.empty_panel":{"size":[4,18]}},{"2@chest.crafters_chest_grid_item_inverted":{"anchor_from":"top_left","anchor_to":"top_left","collection_index":21}}]}}]},"crafters_number_input_large_chest_panel_top_half":{"type":"panel","size":["100%",124],"offset":[0,6],"anchor_to":"top_left","anchor_from":"top_left","controls":[{"chest_label@chest.chest_label":{"offset":[32,0]}},{"input_view":{"type":"stack_panel","size":[180,18],"orientation":"horizontal","anchor_from":"top_left","anchor_to":"top_left","collection_name":"container_items","offset":[31,14],"controls":[{"0@chest.crafters_chest_grid_item_no_click":{"anchor_from":"top_left","anchor_to":"top_left","collection_index":0}},{"1@chest.crafters_chest_grid_item_no_click":{"anchor_from":"top_left","anchor_to":"top_left","$item_renderer_offset":[-10,0],"collection_index":1}},{"2@chest.crafters_chest_grid_item_no_click":{"anchor_from":"top_left","anchor_to":"top_left","$item_renderer_offset":[-20,0],"collection_index":2}},{"3@chest.crafters_chest_grid_item_no_click":{"anchor_from":"top_left","anchor_to":"top_left","$item_renderer_offset":[-30,0],"collection_index":3}},{"4@chest.crafters_chest_grid_item_no_click":{"anchor_from":"top_left","anchor_to":"top_left","$item_renderer_offset":[-40,0],"collection_index":4}},{"5@chest.crafters_chest_grid_item_no_click":{"anchor_from":"top_left","anchor_to":"top_left","$item_renderer_offset":[-50,0],"collection_index":5}},{"6@chest.crafters_chest_grid_item_no_click":{"anchor_from":"top_left","anchor_to":"top_left","$item_renderer_offset":[-60,0],"collection_index":6}},{"7@chest.crafters_chest_grid_item_no_click":{"anchor_from":"top_left","anchor_to":"top_left","$item_renderer_offset":[-70,0],"collection_index":7}},{"8@chest.crafters_chest_grid_item_no_click":{"anchor_from":"top_left","anchor_to":"top_left","$item_renderer_offset":[-80,0],"collection_index":8}},{"9@chest.crafters_chest_grid_item_no_click":{"anchor_from":"top_left","anchor_to":"top_left","$item_renderer_offset":[-90,0],"collection_index":9}}]}},{"delete_button":{"type":"stack_panel","size":[180,18],"orientation":"horizontal","anchor_from":"top_left","anchor_to":"top_left","collection_name":"container_items","offset":[125,6],"controls":[{"10@chest.crafters_chest_grid_item_inverted":{"anchor_from":"top_left","anchor_to":"top_left","$button_ref":"common.container_slot_button_prototype_quick_loot_mode","collection_index":20}}]}},{"numbers_1":{"type":"stack_panel","size":[180,18],"orientation":"horizontal","anchor_from":"top_left","anchor_to":"top_left","collection_name":"container_items","offset":[49,35],"controls":[{"0@chest.crafters_chest_grid_item_inverted":{"anchor_from":"top_left","anchor_to":"top_left","$button_ref":"common.container_slot_button_prototype_quick_loot_mode","collection_index":10}},{"1@chest.crafters_chest_grid_item_inverted":{"anchor_from":"top_left","anchor_to":"top_left","$button_ref":"common.container_slot_button_prototype_quick_loot_mode","collection_index":11}},{"2@chest.crafters_chest_grid_item_inverted":{"anchor_from":"top_left","anchor_to":"top_left","$button_ref":"common.container_slot_button_prototype_quick_loot_mode","collection_index":12}}]}},{"numbers_2":{"type":"stack_panel","size":[180,18],"orientation":"horizontal","anchor_from":"top_left","anchor_to":"top_left","collection_name":"container_items","offset":[49,53],"controls":[{"0@chest.crafters_chest_grid_item_inverted":{"anchor_from":"top_left","anchor_to":"top_left","$button_ref":"common.container_slot_button_prototype_quick_loot_mode","collection_index":13}},{"1@chest.crafters_chest_grid_item_inverted":{"anchor_from":"top_left","anchor_to":"top_left","$button_ref":"common.container_slot_button_prototype_quick_loot_mode","collection_index":14}},{"2@chest.crafters_chest_grid_item_inverted":{"anchor_from":"top_left","anchor_to":"top_left","$button_ref":"common.container_slot_button_prototype_quick_loot_mode","collection_index":15}}]}},{"numbers_3":{"type":"stack_panel","size":[180,18],"orientation":"horizontal","anchor_from":"top_left","anchor_to":"top_left","collection_name":"container_items","offset":[49,71],"controls":[{"0@chest.crafters_chest_grid_item_inverted":{"anchor_from":"top_left","anchor_to":"top_left","$button_ref":"common.container_slot_button_prototype_quick_loot_mode","collection_index":16}},{"1@chest.crafters_chest_grid_item_inverted":{"anchor_from":"top_left","anchor_to":"top_left","$button_ref":"common.container_slot_button_prototype_quick_loot_mode","collection_index":17}},{"2@chest.crafters_chest_grid_item_inverted":{"anchor_from":"top_left","anchor_to":"top_left","$button_ref":"common.container_slot_button_prototype_quick_loot_mode","collection_index":18}}]}},{"numbers_4":{"type":"stack_panel","size":[180,18],"orientation":"horizontal","anchor_from":"top_left","anchor_to":"top_left","collection_name":"container_items","offset":[49,89],"controls":[{"padding@common.empty_panel":{"size":[18,0]}},{"0@chest.crafters_chest_grid_item_inverted":{"anchor_from":"top_left","anchor_to":"top_left","$button_ref":"common.container_slot_button_prototype_quick_loot_mode","collection_index":19}}]}},{"confirms":{"type":"stack_panel","size":[162,18],"orientation":"horizontal","anchor_from":"top_left","anchor_to":"top_left","collection_name":"container_items","offset":[0,89],"controls":[{"padding@common.empty_panel":{"size":[125,0]}},{"2@chest.crafters_chest_grid_item_inverted":{"anchor_from":"top_left","anchor_to":"top_left","$button_ref":"common.container_slot_button_prototype_quick_loot_mode","collection_index":21}}]}}]},"crafters_small_chest_panel_top_half":{"type":"panel","size":["100%","50%"],"offset":[0,12],"anchor_to":"top_left","anchor_from":"top_left","controls":[{"chest_label@chest.chest_label":{}},{"small_chest_grid@chest.crafters_small_chest_grid":{"offset":[7,9]}}]},"selected_item_details@common.selected_item_details":{"offset":[0,0]},"small_chest_panel":{"type":"panel","$ctitle":"$container_title","$nbVisible":"(not (($ctitle - '§n§b') = $ctitle))","controls":[{"container_gamepad_helpers@common.container_gamepad_helpers":{}},{"flying_item_renderer@common.flying_item_renderer":{"layer":14}},{"selected_item_details_factory@common.selected_item_details_factory":{}},{"item_lock_notification_factory@common.item_lock_notification_factory":{}},{"root_panel@common.root_panel":{"ignored":"($nbVisible)","layer":1,"controls":[{"common_panel@common.common_panel":{}},{"chest_panel":{"type":"panel","layer":5,"controls":[{"small_chest_panel_top_half@chest.crafters_small_chest_panel_top_half":{}},{"inventory_panel_bottom_half_with_label@common.inventory_panel_bottom_half_with_label":{}},{"hotbar_grid@common.hotbar_grid_template":{}},{"inventory_take_progress_icon_button@common.inventory_take_progress_icon_button":{}}]}},{"inventory_selected_icon_button@common.inventory_selected_icon_button":{}},{"gamepad_cursor@common.gamepad_cursor_button":{}}]}},{"root_panel_auction_view_bid@common.root_panel":{"ignored":"(not $nbVisible)","size":[194,175],"layer":1,"controls":[{"crafters_auction_panel":{"type":"panel","$show_close_button|default":true,"$close_button_visible_binding_name|default":"#close_button_visible","$close_button_offset|default":[0,0],"$close_button_layer|default":2,"$use_compact_close_button|default":false,"$show_divider|default":false,"$divider_offset|default":["42.5%","22px"],"$divider_visible_binding_name|default":"","$divider_visible_binding_type|default":"none","$divider_size|default":["5px","100% - 29px"],"controls":[{"bg_image":{"type":"image","texture":"textures/ui/crafters_view_bid_auctions","layer":1}},{"dialog_divider@common.dialog_divider":{"visible":"$show_divider","anchor_from":"top_left","anchor_to":"top_left","offset":"$divider_offset","size":"$divider_size","bindings":[{"binding_name":"$divider_visible_binding_name","binding_name_override":"#visible","binding_type":"$divider_visible_binding_type"}]}},{"close_button_holder":{"offset":[-8,0],"type":"panel","ignored":"(not $show_close_button)","controls":[{"close@common.close_button":{"layer":"$close_button_layer","offset":"$close_button_offset","ignored":"$use_compact_close_button"}},{"compact_close@common.compact_close_button":{"layer":"$close_button_layer","offset":"$close_button_offset","ignored":"(not $use_compact_close_button)"}}],"bindings":[{"binding_name":"$close_button_visible_binding_name","binding_name_override":"#visible"}]}}]}},{"chest_auction_panel":{"type":"panel","layer":5,"controls":[{"chest_panel_top_half@chest.crafters_auction_view_bid_chest_panel_top_half":{}},{"inventory_panel_bottom_half_with_label@common.inventory_panel_bottom_half":{"anchor_from":"bottom_left","anchor_to":"bottom_left","size":["100%",93],"controls":[{"inventory_panel@inventory_panel":{}},{"inventory_label@section_heading_label":{"anchor_from":"top_left","anchor_to":"top_left","offset":[15,3],"layer":2,"text":"container.inventory"}}]}},{"hotbar_grid@common.hotbar_grid_template":{}},{"inventory_take_progress_icon_button@common.inventory_take_progress_icon_button":{"offset":[9,0]}}]}},{"inventory_selected_icon_button@common.inventory_selected_icon_button":{}},{"gamepad_cursor@common.gamepad_cursor_button":{}}]}}]},"large_chest_panel":{"type":"panel","$ctitle":"$container_title","$naVisible":"(not (($ctitle - '§n§a') = $ctitle))","$ncVisible":"(not (($ctitle - '§n§c') = $ctitle))","$ndVisible":"(not (($ctitle - '§n§d') = $ctitle))","$mVisible":"(not (($ctitle - '§m') = $ctitle))","controls":[{"container_gamepad_helpers@common.container_gamepad_helpers":{}},{"flying_item_renderer@common.flying_item_renderer":{"layer":11}},{"selected_item_details_factory@common.selected_item_details_factory":{"control_name":"@chest.selected_item_details"}},{"item_lock_notification_factory@common.item_lock_notification_factory":{"control_name":"@common.item_lock_notification"}},{"root_panel@common.root_panel":{"ignored":"($naVisible or $ncVisible or $mVisible or $ndVisible)","size":[176,220],"layer":1,"controls":[{"common_panel@common.common_panel":{}},{"chest_panel":{"type":"panel","layer":5,"controls":[{"large_chest_panel_top_half@chest.large_chest_panel_top_half":{}},{"inventory_panel_bottom_half_with_label@common.inventory_panel_bottom_half_with_label":{}},{"hotbar_grid@common.hotbar_grid_template":{}},{"inventory_take_progress_icon_button@common.inventory_take_progress_icon_button":{}}]}},{"inventory_selected_icon_button@common.inventory_selected_icon_button":{}},{"gamepad_cursor@common.gamepad_cursor_button":{}}]}},{"root_panel@common.root_panel":{"ignored":"(not $ndVisible)","size":[176,220],"layer":1,"controls":[{"common_panel@common.common_panel":{}},{"chest_panel":{"type":"panel","layer":5,"controls":[{"large_chest_panel_top_half@chest.crafters_large_chest_panel_top_half":{}},{"inventory_panel_bottom_half_with_label@common.inventory_panel_bottom_half_with_label":{}},{"hotbar_grid@common.hotbar_grid_template":{}},{"inventory_take_progress_icon_button@common.inventory_take_progress_icon_button":{}}]}},{"inventory_selected_icon_button@common.inventory_selected_icon_button":{}},{"gamepad_cursor@common.gamepad_cursor_button":{}}]}},{"root_panel_row5@common.root_panel":{"ignored":"(not $mVisible)","size":[176,220],"layer":1,"controls":[{"crafters_row5_panel":{"type":"panel","$show_close_button|default":true,"$close_button_visible_binding_name|default":"#close_button_visible","$close_button_offset|default":[0,0],"$close_button_layer|default":2,"$use_compact_close_button|default":false,"$show_divider|default":false,"$divider_offset|default":["42.5%","22px"],"$divider_visible_binding_name|default":"","$divider_visible_binding_type|default":"none","$divider_size|default":["5px","100% - 29px"],"controls":[{"bg_image":{"type":"image","texture":"textures/ui/crafters_row5_ui","layer":1}},{"dialog_divider@common.dialog_divider":{"visible":"$show_divider","anchor_from":"top_left","anchor_to":"top_left","offset":"$divider_offset","size":"$divider_size","bindings":[{"binding_name":"$divider_visible_binding_name","binding_name_override":"#visible","binding_type":"$divider_visible_binding_type"}]}},{"close_button_holder":{"type":"panel","ignored":"(not $show_close_button)","controls":[{"close@common.close_button":{"layer":"$close_button_layer","offset":"$close_button_offset","ignored":"$use_compact_close_button"}},{"compact_close@common.compact_close_button":{"layer":"$close_button_layer","offset":"$close_button_offset","ignored":"(not $use_compact_close_button)"}}],"bindings":[{"binding_name":"$close_button_visible_binding_name","binding_name_override":"#visible"}]}}]}},{"chest_panel":{"type":"panel","layer":5,"controls":[{"large_chest_panel_top_half@chest.crafters_large_chest_panel_top_half":{}},{"inventory_panel_bottom_half_with_label@common.inventory_panel_bottom_half_with_label":{}},{"hotbar_grid@common.hotbar_grid_template":{}},{"inventory_take_progress_icon_button@common.inventory_take_progress_icon_button":{}}]}},{"inventory_selected_icon_button@common.inventory_selected_icon_button":{}},{"gamepad_cursor@common.gamepad_cursor_button":{}}]}},{"root_panel_auction@common.root_panel":{"ignored":"(not $naVisible)","size":[224,220],"layer":1,"controls":[{"crafters_auction_panel":{"type":"panel","$show_close_button|default":true,"$close_button_visible_binding_name|default":"#close_button_visible","$close_button_offset|default":[0,0],"$close_button_layer|default":2,"$use_compact_close_button|default":false,"$show_divider|default":false,"$divider_offset|default":["42.5%","22px"],"$divider_visible_binding_name|default":"","$divider_visible_binding_type|default":"none","$divider_size|default":["5px","100% - 29px"],"controls":[{"bg_image":{"type":"image","texture":"textures/ui/crafters_auctions","layer":1}},{"dialog_divider@common.dialog_divider":{"visible":"$show_divider","anchor_from":"top_left","anchor_to":"top_left","offset":"$divider_offset","size":"$divider_size","bindings":[{"binding_name":"$divider_visible_binding_name","binding_name_override":"#visible","binding_type":"$divider_visible_binding_type"}]}},{"close_button_holder":{"offset":[-24,0],"type":"panel","ignored":"(not $show_close_button)","controls":[{"close@common.close_button":{"layer":"$close_button_layer","offset":"$close_button_offset","ignored":"$use_compact_close_button"}},{"compact_close@common.compact_close_button":{"layer":"$close_button_layer","offset":"$close_button_offset","ignored":"(not $use_compact_close_button)"}}],"bindings":[{"binding_name":"$close_button_visible_binding_name","binding_name_override":"#visible"}]}}]}},{"chest_auction_panel":{"type":"panel","layer":5,"controls":[{"large_chest_panel_top_half@chest.crafters_auction_large_chest_panel_top_half":{}},{"inventory_panel_bottom_half_with_label@common.inventory_panel_bottom_half":{"anchor_from":"bottom_left","anchor_to":"bottom_left","size":["100%",93],"controls":[{"inventory_panel@inventory_panel":{}},{"inventory_label@section_heading_label":{"anchor_from":"top_left","anchor_to":"top_left","offset":[31,3],"layer":2,"text":"container.inventory"}}]}},{"hotbar_grid@common.hotbar_grid_template":{}},{"inventory_take_progress_icon_button@common.inventory_take_progress_icon_button":{"offset":[24,0]}}]}},{"inventory_selected_icon_button@common.inventory_selected_icon_button":{}},{"gamepad_cursor@common.gamepad_cursor_button":{}}]}},{"root_panel_number_input@common.root_panel":{"ignored":"(not $ncVisible)","size":[176,220],"layer":1,"controls":[{"crafters_number_input_panel":{"type":"panel","$show_close_button|default":true,"$close_button_visible_binding_name|default":"#close_button_visible","$close_button_offset|default":[0,0],"$close_button_layer|default":2,"$use_compact_close_button|default":false,"$show_divider|default":false,"$divider_offset|default":["42.5%","22px"],"$divider_visible_binding_name|default":"","$divider_visible_binding_type|default":"none","$divider_size|default":["5px","100% - 29px"],"controls":[{"bg_image":{"type":"image","texture":"textures/ui/crafters_number_input","layer":1}},{"dialog_divider@common.dialog_divider":{"visible":"$show_divider","anchor_from":"top_left","anchor_to":"top_left","offset":"$divider_offset","size":"$divider_size","bindings":[{"binding_name":"$divider_visible_binding_name","binding_name_override":"#visible","binding_type":"$divider_visible_binding_type"}]}},{"close_button_holder":{"offset":[-27,0],"type":"panel","ignored":"(not $show_close_button)","controls":[{"close@common.close_button":{"layer":"$close_button_layer","offset":"$close_button_offset","ignored":"$use_compact_close_button"}},{"compact_close@common.compact_close_button":{"layer":"$close_button_layer","offset":"$close_button_offset","ignored":"(not $use_compact_close_button)"}}],"bindings":[{"binding_name":"$close_button_visible_binding_name","binding_name_override":"#visible"}]}}]}},{"chest_number_input_panel":{"type":"panel","layer":5,"controls":[{"large_chest_panel_top_half@chest.crafters_number_input_large_chest_panel_top_half":{}},{"inventory_panel_bottom_half_with_label@common.inventory_panel_bottom_half":{"anchor_from":"bottom_left","anchor_to":"bottom_left","size":["100%",93],"controls":[{"inventory_panel@inventory_panel":{}},{"inventory_label@section_heading_label":{"anchor_from":"top_left","anchor_to":"top_left","offset":[6,3],"layer":2,"text":"container.inventory"}}]}},{"hotbar_grid@common.hotbar_grid_template":{}},{"inventory_take_progress_icon_button@common.inventory_take_progress_icon_button":{}}]}},{"inventory_selected_icon_button@common.inventory_selected_icon_button":{}},{"gamepad_cursor@common.gamepad_cursor_button":{}}]}}]},"ender_chest_panel@chest.small_chest_panel":{},"shulker_box_panel@chest.small_chest_panel":{},"barrel_panel@chest.small_chest_panel":{},"small_chest_screen@common.inventory_screen_common":{"$close_on_player_hurt|default":true,"close_on_player_hurt":"$close_on_player_hurt","variables":[{"requires":"$desktop_screen","$screen_content":"chest.small_chest_panel","$screen_bg_content":"common.screen_background"},{"requires":"$pocket_screen","$screen_content":"chest.small_chest_panel","$screen_bg_content":"common.screen_background"}]},"large_chest_screen@common.inventory_screen_common":{"$close_on_player_hurt|default":true,"close_on_player_hurt":"$close_on_player_hurt","variables":[{"requires":"$desktop_screen","$screen_content":"chest.large_chest_panel","$screen_bg_content":"common.screen_background"},{"requires":"$pocket_screen","$screen_content":"chest.large_chest_panel","$screen_bg_content":"common.screen_background"}]},"ender_chest_screen@common.inventory_screen_common":{"$close_on_player_hurt|default":true,"close_on_player_hurt":"$close_on_player_hurt","variables":[{"requires":"$desktop_screen","$screen_content":"chest.ender_chest_panel","$screen_bg_content":"common.screen_background"},{"requires":"$pocket_screen","$screen_content":"chest.ender_chest_panel","$screen_bg_content":"common.screen_background"}]},"shulker_box_screen@chest.small_chest_screen":{"$close_on_player_hurt":true,"variables":[{"requires":"$desktop_screen","$screen_content":"chest.shulker_box_panel","$screen_bg_content":"common.screen_background"},{"requires":"$pocket_screen","$screen_content":"chest.shulker_box_panel","$screen_bg_content":"common.screen_background"}]},"barrel_screen@chest.small_chest_screen":{"$close_on_player_hurt":true,"variables":[{"requires":"$desktop_screen","$screen_content":"chest.barrel_panel","$screen_bg_content":"common.screen_background"},{"requires":"$pocket_screen","$screen_content":"chest.barrel_panel","$screen_bg_content":"common.screen_background"}]}}