{"namespace":"npc_interact","student_button@common.empty_panel":{"size":["16.666%",20],"controls":[{"button@common_buttons.light_text_button":{"$button_type_panel":"npc_interact.student_button_label_panel","$pressed_button_name":"button.student_button","layer":4,"size":["100% - 2px","100%"],"bindings":[{"binding_type":"collection_details","binding_collection_name":"student_buttons_collection","binding_collection_prefix":"student_buttons"}]}}],"bindings":[{"binding_name":"#student_button_visible","binding_type":"collection","binding_name_override":"#visible","binding_collection_name":"student_buttons_collection"}]},"student_buttons@common.empty_panel":{"size":["100%",22],"controls":[{"buttons":{"type":"stack_panel","orientation":"horizontal","size":["100% + 2px",22],"controls":[{"actions":{"type":"grid","size":["fill",20],"grid_dimensions":[6,1],"grid_item_template":"npc_interact.student_button","collection_name":"student_buttons_collection"}}]}}]},"student_stack_panel":{"type":"stack_panel","orientation":"vertical","layer":1,"size":["100%","100%cm"],"controls":[{"title@crafters_title_label":{}},{"title_pad@common.empty_panel":{"size":["100%",2]}},{"message@npc_interact.student_message_section":{}},{"message_pad@common.empty_panel":{"size":["100%",4]}},{"buttons@npc_interact.student_buttons":{}}]},"student_message_section@common.empty_panel":{"size":["100%","100%cm"],"controls":[{"model@npc_interact.message_model_window":{}},{"point@npc_interact.bubble_point":{}},{"message@npc_interact.student_message_bubble":{}}]},"message_model_window@npc_interact.banner_fill":{"anchor_from":"left_middle","anchor_to":"left_middle","size":[80,80],"controls":[{"model@npc_interact.clipped_message_model":{}}]},"bubble_point":{"type":"image","texture":"textures/ui/crafters_dialog_bubble_point","size":[16,18],"layer":5,"anchor_from":"left_middle","anchor_to":"left_middle","offset":["80px + 4px - 16px",-20]},"student_message_bubble":{"type":"image","texture":"textures/ui/crafters_dialog_bubble","anchor_from":"right_middle","anchor_to":"right_middle","size":["100% - 80px - 2px",80],"controls":[{"dialog_panel":{"type":"panel","size":["100%","100%"],"$virtual_keyboard_buffer_control":"text_scroll","controls":[{"text_scroll@npc_interact.text_scroll":{}}]}}]},"student_view_content":{"type":"panel","anchor_from":"top_left","anchor_to":"top_left","offset":[0,-13],"$show_close_button":false,"size":["100%","100%cm"],"controls":[{"student@npc_interact.student_stack_panel":{}}],"bindings":[{"binding_name":"#student_view_visible","binding_name_override":"#visible","binding_type":"global"}]},"crafters_title_label":{"type":"label","size":["100%",10],"anchor_from":"top_left","anchor_to":"top_left","text_alignment":"left","color":"$title_text_color","text":"#title_text","layer":4,"shadow":false,"property_bag":{"#tts_dialog_title":"#title_text"},"$show_close_button":false,"bindings":[{"binding_type":"global","binding_name":"#title_text"},{"binding_type":"global","binding_condition":"once","binding_name":"#tts_dialog_title"}]},"crafters_form_fitting_main_panel_no_buttons":{"type":"panel","size":["100%","100%cm"],"anchor_from":"center","anchor_to":"center","$text_name|default":"","$show_close_button":true,"$use_compact_close_button":false,"$close_button_to_button_id":"button.exit_student","$custom_background":"common_dialogs.dialog_background_hollow_3","controls":[{"common_panel@common_dialogs.common_panel":{"$dialog_background":"$custom_background","$show_close_button":false}}]},"npc_screen_contents":{"type":"panel","size":["100%","100%"],"controls":[{"student@npc_interact.crafters_form_fitting_main_panel_no_buttons":{"size":["100%","100%cm"],"anchor_from":"bottom_middle","anchor_to":"bottom_middle","$child_control":"npc_interact.student_view_content","$custom_background":"common_dialogs.dialog_background_opaque_with_child","bindings":[{"binding_name":"#student_view_visible","binding_name_override":"#visible","binding_type":"global"}]}}]},"npc_screen@common.base_screen":{"type":"screen","$screen_content":"npc_interact.npc_screen_contents","button_mappings":[{"from_button_id":"button.menu_cancel","to_button_id":"button.exit_student","mapping_type":"global"}]}}