{"namespace":"toast_screen","popup":{"type":"input_panel","$toast_offset|default":[0,0],"offset":[0,-2],"anchor_from":"top_right","anchor_to":"bottom_right","size":["100%cm",25],"gesture_tracking_button":"button.toast_interaction","$alpha_anims|default":[],"$offset_anims|default":["@toast_screen.popup_anim"],"button_mappings":[{"from_button_id":"button.menu_select","to_button_id":"button.toast_interaction","mapping_type":"pressed","button_up_right_of_first_refusal":true}],"controls":[{"background":{"type":"image","texture":"textures/ui/greyBorderToast","anchor_from":"top_right","anchor_to":"top_right","anims":"$alpha_anims","size":["100%sm + 15px","100%sm + 4px"],"offset":[-0.5,0],"alpha":0.7}},{"popup_content":{"type":"stack_panel","orientation":"horizontal","size":["100%cm","100%"],"anchor_from":"top_right","anchor_to":"top_right","layer":1,"offset":[-8,2],"controls":[{"horizontal_padding":{"type":"panel","size":[0,"100%"]}},{"text_stack_panel":{"type":"stack_panel","size":["100%cm","100%"],"controls":[{"title@toast_screen.toast_label":{"text":"#toast_title","$toast_font_type":"MinecraftTen","size":["default","default"],"layer":2,"bindings":[{"binding_name":"#toast_title"}]}},{"middle_padding":{"type":"panel","size":["fill","2px"]}},{"description@toast_screen.toast_label":{"size":["default","default"],"text":"#toast_subtitle","bindings":[{"binding_name":"#toast_subtitle"}]}}]}}]}}],"anims":"$offset_anims"}}