{"animations":{"animation.geyser_custom.eyeball.firstperson_main_hand":{"bones":{"geyser_custom":{"position":[1,13,-4],"rotation":[-15,-15,0],"scale":1},"geyser_custom_x":{"position":[0,0,0],"rotation":[0,0,0],"scale":[0.4,0.4,0.4]},"tmd_misc_y":{"position":[0,0,0],"rotation":[0,0,0],"scale":1.2}},"loop":true},"animation.geyser_custom.eyeball.thirdperson_main_hand":{"bones":{"geyser_custom":{"position":[0,13,-3],"rotation":[45,0,0]},"geyser_custom_x":{"position":[0,0,0],"scale":[0.3,0.3,0.3]}},"loop":true}},"format_version":"1.8.0"}