{"format_version":"1.12.0","minecraft:geometry":[{"description":{"identifier":"geometry.sigma","texture_width":128,"texture_height":128,"visible_bounds_width":10,"visible_bounds_height":8,"visible_bounds_offset":[0,0,0]},"bones":[{"name":"head","pivot":[0,-3,0],"cubes":[{"origin":[-22.05,17.55,-15],"size":[5.25,10.5,5.25],"pivot":[-20.7375,18.675,-12.375],"rotation":[0,10,-5],"uv":[85,90]},{"origin":[-8.7,13.5,-16.5],"size":[5.25,20.25,5.25],"uv":[37,62]},{"origin":[-45.72522,18.75,-8.5448],"size":[5.25,12,5.25],"pivot":[-37.85022,21.75,-5.9198],"rotation":[0,32.5,-10],"uv":[34,87]},{"origin":[-33.92286,11.36394,-8.5448],"size":[5.25,12,5.25],"pivot":[-36.54786,14.36394,-5.9198],"rotation":[0,32.5,-10],"uv":[34,87],"mirror":true},{"origin":[-45.72522,11.25,-8.5448],"size":[10.5,5.25,5.25],"pivot":[-37.85022,21.75,-5.9198],"rotation":[0,32.5,-10],"uv":[85,0]},{"origin":[25.875,10.125,-8.775],"size":[5.25,20.25,5.25],"pivot":[33.75,21.375,-6.15],"rotation":[0,-32.5,10],"uv":[37,62]},{"origin":[36.375,10.125,-8.775],"size":[5.25,20.25,5.25],"pivot":[33.75,21.375,-6.15],"rotation":[0,-32.5,10],"uv":[37,62],"mirror":true},{"origin":[8.625,12.6,-15],"size":[5.25,20.25,5.25],"pivot":[16.5,22.725,-12.375],"rotation":[0,-10,5],"uv":[37,62]},{"origin":[19.125,12.6,-15],"size":[5.25,20.25,5.25],"pivot":[16.5,22.725,-12.375],"rotation":[0,-10,5],"uv":[37,62],"mirror":true},{"origin":[-27.3,12.3,-15],"size":[15.75,5.25,5.25],"pivot":[-20.7375,18.675,-12.375],"rotation":[0,10,-5],"uv":[45,30]},{"origin":[-27.3,28.05,-15],"size":[15.75,5.25,5.25],"pivot":[-20.7375,18.675,-12.375],"rotation":[0,10,-5],"uv":[45,0]},{"origin":[-40.47522,25.5,-8.5448],"size":[10.5,5.25,5.25],"pivot":[-37.85022,21.75,-5.9198],"rotation":[0,32.5,-10],"uv":[70,60]},{"origin":[31.125,25.125,-8.775],"size":[5.25,5.25,5.25],"pivot":[33.75,21.375,-6.15],"rotation":[0,-32.5,10],"uv":[90,10]},{"origin":[31.125,15.125,-8.775],"size":[5.25,5.25,5.25],"pivot":[33.75,21.375,-6.15],"rotation":[0,-32.5,10],"uv":[90,10]},{"origin":[-3.45,28.5,-16.5],"size":[10.5,5.25,5.25],"uv":[68,50]},{"origin":[-3.45,13.5,-16.5],"size":[10.5,5.25,5.25],"uv":[60,40]},{"origin":[1.8,18.75,-16.5],"size":[5.25,5.25,5.25],"uv":[90,70]},{"origin":[-40.47522,18.75,-8.5448],"size":[5.25,4.5,5.25],"pivot":[-37.85022,21.75,-5.9198],"rotation":[0,32.5,-10],"uv":[0,92]},{"origin":[13.875,27.6,-15],"size":[5.25,5.25,5.25],"pivot":[16.5,22.725,-12.375],"rotation":[0,-10,5],"uv":[90,10]}]}]}]}