{
  "animations": {
    "animation.armchair.festivebundle.cage": {
      "animation_length": 10,
      "bones": {
        "arms": {
          "position": {
            "0.0": [
              0,
              0,
              0
            ],
            "10.0": [
              0,
              0,
              0
            ],
            "6.5417": [
              0,
              0,
              0
            ],
            "6.9583": [
              -0.1,
              0,
              -0.48
            ],
            "7.375": [
              -0.24,
              0,
              -1.18
            ],
            "7.7917": [
              -0.36,
              0,
              -1.8
            ],
            "8.0": [
              -0.4,
              0,
              -2
            ],
            "8.2083": [
              -0.43,
              0,
              -2.16
            ],
            "8.625": [
              -0.45,
              0,
              -2.23
            ],
            "9.0": [
              -0.4,
              0,
              -2
            ]
          },
          "rotation": {
            "0.0": [
              0,
              0,
              0
            ],
            "10.0": [
              0,
              0,
              0
            ]
          }
        },
        "belly": {
          "scale": {
            "0.0": [
              1,
              1,
              1
            ],
            "0.5": [
              1,
              1,
              1
            ],
            "0.9167": [
              1.0396,
              1.0396,
              1.0396
            ],
            "1.3333": [
              1.088,
              1.088,
              1.088
            ],
            "1.5": [
              1.1,
              1.1,
              1.1
            ],
            "1.75": [
              1.1125,
              1.1125,
              1.1125
            ],
            "10.0": [
              1,
              1,
              1
            ],
            "2.0": [
              1.1,
              1.1,
              1.1
            ],
            "2.1667": [
              1.088,
              1.088,
              1.088
            ],
            "2.5833": [
              1.0396,
              1.0396,
              1.0396
            ],
            "3.0": [
              1,
              1,
              1
            ],
            "3.4167": [
              0.9931,
              0.9931,
              0.9931
            ],
            "3.5": [
              1,
              1,
              1
            ],
            "3.8333": [
              1.0296,
              1.0296,
              1.0296
            ],
            "4.25": [
              1.0797,
              1.0797,
              1.0797
            ],
            "4.5": [
              1.1,
              1.1,
              1.1
            ],
            "4.6667": [
              1.1111,
              1.1111,
              1.1111
            ],
            "5.0": [
              1.1,
              1.1,
              1.1
            ],
            "5.0833": [
              1.0945,
              1.0945,
              1.0945
            ],
            "5.5": [
              1.0438,
              1.0438,
              1.0438
            ],
            "5.9167": [
              1.0016,
              1.0016,
              1.0016
            ],
            "6.0": [
              1,
              1,
              1
            ],
            "6.3333": [
              1.0667,
              1.0667,
              1.0667
            ],
            "6.5": [
              1.1,
              1.1,
              1.1
            ],
            "6.75": [
              1.1069,
              1.1069,
              1.1069
            ],
            "7.1667": [
              1.1123,
              1.1123,
              1.1123
            ],
            "7.5833": [
              1.11,
              1.11,
              1.11
            ],
            "8.0": [
              1.1,
              1.1,
              1.1
            ]
          }
        },
        "eyes": {
          "scale": {
            "10.0": [
              1,
              0.5,
              1
            ],
            "6.5": [
              1,
              0.5,
              1
            ],
            "8.0": [
              1,
              0.2,
              1
            ],
            "9.0": [
              1,
              0.2,
              1
            ]
          }
        },
        "head": {
          "position": {
            "0.0": [
              0,
              0,
              0
            ],
            "10.0": [
              0,
              0,
              0
            ]
          },
          "rotation": {
            "0.0": [
              0,
              0,
              0
            ],
            "0.5": [
              0,
              0,
              0
            ],
            "0.9167": [
              -0.99,
              0,
              0
            ],
            "1.3333": [
              -2.2,
              0,
              0
            ],
            "1.5": [
              -2.5,
              0,
              0
            ],
            "1.75": [
              -2.81,
              0,
              0
            ],
            "10.0": [
              0,
              0,
              0
            ],
            "2.0": [
              -2.5,
              0,
              0
            ],
            "2.1667": [
              -2.2,
              0,
              0
            ],
            "2.5833": [
              -0.99,
              0,
              0
            ],
            "3.0": [
              0,
              0,
              0
            ],
            "3.4167": [
              0.17,
              0,
              0
            ],
            "3.5": [
              0,
              0,
              0
            ],
            "3.8333": [
              -0.74,
              0,
              0
            ],
            "4.25": [
              -1.99,
              0,
              0
            ],
            "4.5": [
              -2.5,
              0,
              0
            ],
            "4.6667": [
              -2.78,
              0,
              0
            ],
            "5.0": [
              -2.5,
              0,
              0
            ],
            "5.0833": [
              -2.36,
              0,
              0
            ],
            "5.5": [
              -1.09,
              0,
              0
            ],
            "5.9167": [
              -0.04,
              0,
              0
            ],
            "6.0": [
              0,
              0,
              0
            ],
            "6.3333": [
              -0.74,
              0,
              0
            ],
            "6.5": [
              -2.5,
              0,
              0
            ],
            "6.75": [
              -4.15,
              0,
              0
            ],
            "7.1667": [
              -8.06,
              0,
              0
            ],
            "7.5833": [
              -12.15,
              0,
              0
            ],
            "8.0": [
              -15,
              0,
              0
            ],
            "8.4167": [
              -16.65,
              0,
              0
            ],
            "8.8333": [
              -16.01,
              0,
              0
            ],
            "9.0": [
              -15,
              0,
              0
            ]
          }
        },
        "paw1": {
          "rotation": {
            "0.0": [
              0,
              0,
              0
            ],
            "10.0": [
              0,
              0,
              0
            ],
            "6.5": [
              0,
              0,
              0
            ],
            "6.9167": [
              -8.74,
              1.75,
              2.57
            ],
            "7.3333": [
              -21.35,
              4.27,
              6.26
            ],
            "7.75": [
              -32.99,
              6.6,
              9.68
            ],
            "8.0": [
              -37.5,
              7.5,
              11
            ],
            "8.1667": [
              -40.1,
              8.02,
              11.76
            ],
            "8.5833": [
              -42.06,
              8.41,
              12.34
            ],
            "9.0": [
              -37.5,
              7.5,
              11
            ]
          }
        },
        "paw2": {
          "rotation": {
            "0.0": [
              0,
              0,
              0
            ],
            "10.0": [
              0,
              0,
              0
            ],
            "6.5": [
              0,
              0,
              0
            ],
            "6.9167": [
              -8.74,
              0.82,
              2.57
            ],
            "7.3333": [
              -21.35,
              1.99,
              6.26
            ],
            "7.75": [
              -32.99,
              3.08,
              9.68
            ],
            "8.0": [
              -37.5,
              3.5,
              11
            ],
            "8.1667": [
              -40.1,
              3.74,
              11.76
            ],
            "8.5833": [
              -42.06,
              3.93,
              12.34
            ],
            "9.0": [
              -37.5,
              3.5,
              11
            ]
          }
        },
        "steam1": {
          "position": {
            "0.0": [
              0,
              -4,
              0
            ],
            "10.0": [
              0,
              11,
              0
            ],
            "2.0": [
              0,
              -4,
              0
            ],
            "4.0": [
              0,
              -4,
              0
            ],
            "6.0": [
              0,
              -4,
              0
            ],
            "8.0": [
              0,
              -4,
              0
            ]
          },
          "rotation": {
            "0.0": [
              0,
              0,
              0
            ],
            "2.0": [
              0,
              0,
              0
            ],
            "4.0": [
              0,
              0,
              0
            ],
            "6.0": [
              0,
              0,
              0
            ],
            "8.0": [
              0,
              0,
              0
            ]
          },
          "scale": {
            "0.0": [
              1,
              1,
              1
            ],
            "1.0": [
              1,
              1,
              1
            ],
            "10.0": [
              1,
              0,
              1
            ],
            "2.0": [
              1,
              1,
              1
            ],
            "3.0": [
              1,
              1,
              1
            ],
            "4.0": [
              1,
              1,
              1
            ],
            "5.0": [
              1,
              1,
              1
            ],
            "6.0": [
              1,
              1,
              1
            ],
            "7.0": [
              1,
              1,
              1
            ],
            "8.0": [
              1,
              1,
              1
            ],
            "9.0": [
              1,
              1,
              1
            ]
          }
        },
        "steam2": {
          "position": {
            "0.9583": [
              0,
              -4,
              -0.75
            ],
            "2.0": [
              0,
              6,
              -0.75
            ],
            "3.0": [
              0,
              14,
              -0.75
            ],
            "3.125": [
              0,
              -4,
              -0.75
            ],
            "4.1667": [
              0,
              6,
              -0.75
            ],
            "5.1667": [
              0,
              14,
              -0.75
            ],
            "5.2917": [
              0,
              -4,
              -0.75
            ],
            "6.3333": [
              0,
              6,
              -0.75
            ],
            "7.3333": [
              0,
              14,
              -0.75
            ],
            "7.4583": [
              0,
              -4,
              -0.75
            ],
            "8.5": [
              0,
              6,
              -0.75
            ],
            "9.4583": [
              0,
              14,
              -0.75
            ]
          },
          "rotation": {
            "0.9583": [
              0,
              -82.5,
              0
            ],
            "3.125": [
              0,
              -82.5,
              0
            ],
            "5.2917": [
              0,
              -82.5,
              0
            ],
            "7.4583": [
              0,
              -82.5,
              0
            ]
          },
          "scale": {
            "0.9583": [
              1,
              1,
              1
            ],
            "2.0": [
              1,
              1,
              1
            ],
            "3.0": [
              1,
              0,
              1
            ],
            "3.125": [
              1,
              0,
              1
            ],
            "3.1667": [
              1,
              1,
              1
            ],
            "4.1667": [
              1,
              1,
              1
            ],
            "5.1667": [
              1,
              0,
              1
            ],
            "5.2917": [
              1,
              0,
              1
            ],
            "5.3333": [
              1,
              1,
              1
            ],
            "6.3333": [
              1,
              1,
              1
            ],
            "7.3333": [
              1,
              0,
              1
            ],
            "7.4583": [
              1,
              0,
              1
            ],
            "7.5": [
              1,
              1,
              1
            ],
            "8.5": [
              1,
              1,
              1
            ],
            "9.5": [
              1,
              0,
              1
            ]
          }
        }
      },
      "loop": true
    }
  },
  "format_version": "1.8.0"
}