{
  "animations": {
    "animation.cage.hills.default": {
      "animation_length": 6.56,
      "bones": {
        "lights": {
          "position": {
            "0.2": [
              0,
              0,
              0
            ],
            "0.24": [
              0,
              0,
              0.3
            ],
            "3.56": [
              0,
              0,
              0.3
            ],
            "3.6": [
              0,
              0,
              0
            ],
            "3.72": [
              0,
              0,
              0
            ],
            "3.76": [
              0,
              0,
              0.3
            ],
            "4.0": [
              0,
              0,
              0.3
            ],
            "4.04": [
              0,
              0,
              0
            ],
            "4.32": [
              0,
              0,
              0
            ],
            "4.36": [
              0,
              0,
              0.3
            ],
            "4.44": [
              0,
              0,
              0.3
            ],
            "4.48": [
              0,
              0,
              0
            ]
          },
          "scale": [
            1,
            1,
            1
          ]
        },
        "lights2": {
          "position": {
            "0.24": [
              0,
              0,
              0
            ],
            "0.28": [
              0,
              0,
              0.3
            ],
            "3.32": [
              0,
              0,
              0.3
            ],
            "3.36": [
              0,
              0,
              0
            ],
            "3.56": [
              0,
              0,
              0
            ],
            "3.6": [
              0,
              0,
              0.3
            ],
            "3.76": [
              0,
              0,
              0.3
            ],
            "3.8": [
              0,
              0,
              0
            ],
            "4.08": [
              0,
              0,
              0
            ],
            "4.12": [
              0,
              0,
              0.3
            ],
            "4.2": [
              0,
              0,
              0.3
            ],
            "4.24": [
              0,
              0,
              0
            ]
          },
          "scale": [
            1,
            1,
            1
          ]
        },
        "lights3": {
          "position": {
            "0.28": [
              0,
              0,
              0
            ],
            "0.32": [
              0,
              0,
              0.3
            ],
            "3.48": [
              0,
              0,
              0.3
            ],
            "3.52": [
              0,
              0,
              0
            ],
            "3.72": [
              0,
              0,
              0
            ],
            "3.76": [
              0,
              0,
              0.3
            ],
            "3.92": [
              0,
              0,
              0.3
            ],
            "3.96": [
              0,
              0,
              0
            ],
            "4.12": [
              0,
              0,
              0
            ],
            "4.16": [
              0,
              0,
              0.3
            ],
            "4.24": [
              0,
              0,
              0.3
            ],
            "4.28": [
              0,
              0,
              0
            ]
          },
          "scale": [
            1,
            1,
            1
          ]
        },
        "moon": {
          "position": {
            "3.12": [
              6,
              0,
              -8
            ],
            "3.44": [
              7.13,
              9.23,
              -8
            ],
            "3.84": [
              10.26,
              18.46,
              -8
            ],
            "4.24": [
              14.54,
              27.69,
              -8
            ],
            "4.68": [
              26,
              34,
              -8
            ],
            "5.12": [
              39.5,
              27.85,
              -8
            ],
            "5.56": [
              44.28,
              17.54,
              -8
            ],
            "5.92": [
              47.57,
              9.23,
              -8
            ],
            "6.24": [
              48,
              0,
              -8
            ]
          },
          "rotation": {
            "3.12": [
              0,
              0,
              -45
            ],
            "6.24": [
              0,
              0,
              45
            ]
          },
          "scale": {
            "3.12": [
              0,
              0,
              0
            ],
            "3.52": [
              1,
              1,
              1
            ],
            "5.8": [
              1,
              1,
              1
            ],
            "6.24": [
              0,
              0,
              0
            ]
          }
        },
        "stop": {
          "position": {
            "0.0": [
              0,
              -0.2,
              0
            ],
            "1.0": [
              0,
              -3.6,
              0
            ],
            "3.4": [
              0,
              -3.6,
              0
            ],
            "3.96": [
              0,
              -0.2,
              0
            ]
          },
          "rotation": {
            "0.0": [
              0,
              0,
              10
            ],
            "3.4": [
              0,
              0,
              10
            ]
          },
          "scale": {
            "0.0": [
              1,
              1,
              1
            ],
            "1.0": [
              0,
              0,
              0
            ],
            "3.4": [
              0,
              0,
              0
            ],
            "3.96": [
              1,
              1,
              1
            ]
          }
        },
        "stop2": {
          "position": {
            "0.0": [
              0,
              -0.2,
              0
            ],
            "1.0": [
              0,
              -3.6,
              0
            ],
            "3.68": [
              0,
              -3.6,
              0
            ],
            "4.24": [
              0,
              -0.2,
              0
            ]
          },
          "rotation": [
            0,
            0,
            -12.5
          ],
          "scale": {
            "0.0": [
              1,
              1,
              1
            ],
            "1.0": [
              0,
              0,
              0
            ],
            "3.68": [
              0,
              0,
              0
            ],
            "4.24": [
              1,
              1,
              1
            ]
          }
        },
        "stop3": {
          "position": {
            "0.0": [
              0,
              0.3,
              0
            ],
            "1.0": [
              0,
              -3.6,
              0
            ],
            "3.2": [
              0,
              -3.6,
              0
            ],
            "3.76": [
              0,
              -0.2,
              0
            ]
          },
          "scale": {
            "0.0": [
              1,
              1,
              1
            ],
            "1.0": [
              0,
              0,
              0
            ],
            "3.2": [
              0,
              0,
              0
            ],
            "3.76": [
              1,
              1,
              1
            ]
          }
        },
        "sun": {
          "position": {
            "0.0": [
              6,
              0,
              -8
            ],
            "0.32": [
              7.13,
              9.23,
              -8
            ],
            "0.72": [
              10.26,
              18.46,
              -8
            ],
            "1.12": [
              14.54,
              27.69,
              -8
            ],
            "1.56": [
              26,
              34,
              -8
            ],
            "2.0": [
              39.5,
              27.85,
              -8
            ],
            "2.44": [
              44.28,
              17.54,
              -8
            ],
            "2.8": [
              47.57,
              9.23,
              -8
            ],
            "3.12": [
              48,
              0,
              -8
            ]
          },
          "rotation": {
            "0.0": [
              0,
              0,
              -45
            ],
            "3.12": [
              0,
              0,
              45
            ]
          },
          "scale": {
            "0.0": [
              0,
              0,
              0
            ],
            "0.4": [
              1,
              1,
              1
            ],
            "2.68": [
              1,
              1,
              1
            ],
            "3.12": [
              0,
              0,
              0
            ]
          }
        }
      },
      "loop": true
    }
  },
  "format_version": "1.8.0"
}