{
  "animations": {
    "animation.counter.food_bundle.cage": {
      "animation_length": 5.20833,
      "bones": {
        "bone2": {
          "position": {
            "1.875": [
              0,
              0,
              0
            ],
            "2.1667": [
              0,
              -0.4,
              -0.1
            ],
            "2.375": [
              0,
              0,
              0
            ],
            "4.2083": [
              0,
              0,
              0
            ]
          }
        },
        "bronzecoinsbundle": {
          "position": {
            "2.75": [
              0,
              0,
              -0.2
            ],
            "3.3333": [
              0,
              0,
              0.7
            ],
            "4.2083": [
              0,
              0,
              0.7
            ]
          }
        },
        "button": {
          "position": {
            "0.0": [
              0,
              0,
              0
            ],
            "0.25": [
              0,
              -0.3,
              -0.075
            ],
            "0.5": [
              0,
              0,
              0
            ],
            "4.2083": [
              0,
              0,
              0
            ]
          }
        },
        "button1": {
          "position": {
            "0.5417": [
              0,
              0,
              0
            ],
            "0.75": [
              0,
              -0.3,
              0
            ],
            "1.0": [
              0,
              0,
              0
            ],
            "1.2083": [
              0,
              0,
              0
            ],
            "1.4583": [
              0,
              -0.3,
              0
            ],
            "1.7083": [
              0,
              0,
              0
            ],
            "4.2083": [
              0,
              0,
              0
            ]
          }
        },
        "cashregisterdrawer": {
          "position": {
            "2.5417": [
              0,
              0,
              -6
            ],
            "2.9583": [
              0,
              0,
              -1
            ],
            "4.2083": [
              0,
              0,
              -1
            ],
            "4.7083": [
              0,
              0,
              -6
            ]
          }
        },
        "goldcoin_bundle": {
          "position": {
            "3.0417": [
              0,
              0,
              -0.2
            ],
            "3.2917": [
              0,
              0,
              0.4
            ],
            "4.2083": [
              0,
              0,
              0.4
            ]
          }
        },
        "moneybronze": {
          "position": {
            "3.0417": [
              0,
              0,
              -0.1
            ],
            "3.625": [
              0,
              0,
              0.7
            ],
            "4.2083": [
              0,
              0,
              0.7
            ]
          }
        },
        "moneygold": {
          "position": {
            "2.9583": [
              0,
              0,
              0
            ],
            "3.25": [
              0,
              0,
              0.6
            ],
            "3.5417": [
              0,
              0,
              0.6
            ],
            "4.2083": [
              0,
              0,
              0.6
            ]
          }
        },
        "moneysilver": {
          "position": {
            "3.0417": [
              0,
              0,
              0
            ],
            "3.2917": [
              0,
              0,
              0.6
            ],
            "4.2083": [
              0,
              0,
              0.6
            ]
          }
        },
        "registerlight": {
          "position": {
            "0.0": [
              0,
              -1,
              0
            ],
            "2.4583": [
              0,
              -1,
              0
            ],
            "2.5": [
              0,
              0,
              0.025
            ],
            "4.2083": [
              0,
              0,
              0.03
            ],
            "5.2083": [
              0,
              -1,
              0
            ]
          }
        },
        "silvercoinsbundle": {
          "position": {
            "3.0417": [
              0,
              0,
              0
            ],
            "3.5": [
              0,
              0,
              0.7
            ],
            "4.2083": [
              0,
              0,
              0.7
            ]
          }
        }
      },
      "loop": true
    }
  },
  "format_version": "1.8.0"
}