{
  "animations": {
    "animation.cage.doll": {
      "animation_length": 6,
      "bones": {
        "bone2": {
          "rotation": {
            "0.0": [
              0,
              0,
              0
            ],
            "1.48": [
              0,
              0,
              0
            ],
            "2.08": [
              20,
              0,
              0
            ],
            "2.4": [
              20,
              0,
              7.5
            ],
            "3.6": [
              20,
              0,
              7.5
            ],
            "3.92": [
              0,
              0,
              0
            ]
          }
        },
        "chair": {
          "rotation": {
            "0.0": [
              -5,
              0,
              0
            ],
            "1.52": [
              5,
              0,
              0
            ],
            "3.0": [
              -5,
              0,
              0
            ],
            "4.48": [
              5,
              0,
              0
            ],
            "6.0": [
              -5,
              0,
              0
            ]
          }
        },
        "eyes": {
          "position": {
            "0.0": [
              0,
              0,
              0
            ],
            "1.44": [
              0,
              0,
              0
            ],
            "1.48": [
              0,
              0,
              -0.1
            ],
            "1.72": [
              0,
              0,
              -0.1
            ],
            "1.76": [
              0,
              0,
              0
            ],
            "2.08": [
              0,
              0,
              0
            ],
            "2.12": [
              0,
              0,
              -0.1
            ],
            "2.4": [
              0,
              0,
              -0.1
            ],
            "2.44": [
              0,
              0,
              0
            ],
            "3.36": [
              0,
              0,
              0
            ],
            "3.4": [
              0,
              0,
              -0.1
            ],
            "3.64": [
              0,
              0,
              -0.1
            ],
            "3.68": [
              0,
              0,
              0
            ]
          },
          "scale": {
            "0.0": [
              1,
              1,
              1
            ],
            "1.44": [
              1,
              1,
              1
            ],
            "1.48": [
              0,
              0,
              0
            ],
            "1.72": [
              0,
              0,
              0
            ],
            "1.76": [
              1,
              1,
              1
            ],
            "2.08": [
              1,
              1,
              1
            ],
            "2.12": [
              0,
              0,
              0
            ],
            "2.4": [
              0,
              0,
              0
            ],
            "2.44": [
              1,
              1,
              1
            ],
            "3.36": [
              1,
              1,
              1
            ],
            "3.4": [
              0,
              0,
              0
            ],
            "3.64": [
              0,
              0,
              0
            ],
            "3.68": [
              1,
              1,
              1
            ]
          }
        },
        "pencil1": {
          "position": {
            "0.88": [
              0,
              0,
              0
            ],
            "2.0": [
              0,
              4,
              0
            ],
            "2.56": [
              0,
              5,
              0
            ],
            "3.04": [
              0,
              4.7,
              0
            ],
            "3.8": [
              0,
              5,
              0
            ],
            "4.64": [
              0,
              4,
              0
            ],
            "5.32": [
              0,
              0,
              0
            ]
          },
          "rotation": {
            "0.88": [
              0,
              0,
              0
            ],
            "2.0": [
              -37.5,
              0,
              0
            ],
            "2.56": [
              -37.5,
              15,
              0
            ],
            "3.04": [
              -37.5,
              30,
              0
            ],
            "3.8": [
              -37.5,
              15,
              0
            ],
            "4.64": [
              -37.5,
              0,
              0
            ],
            "5.32": [
              0,
              0,
              0
            ]
          }
        },
        "pencil2": {
          "position": {
            "0.12": [
              0,
              0,
              0
            ],
            "1.8": [
              0,
              8,
              0
            ],
            "2.96": [
              0,
              10,
              0
            ],
            "3.92": [
              0,
              9,
              0
            ],
            "5.68": [
              0,
              0,
              0
            ]
          },
          "rotation": {
            "0.12": [
              0,
              0,
              0
            ],
            "1.8": [
              67.5,
              0,
              0
            ],
            "2.96": [
              67.5,
              -35,
              -22.5
            ],
            "3.92": [
              112.5,
              -35,
              -22.5
            ],
            "5.68": [
              0,
              0,
              0
            ]
          }
        },
        "pram": {
          "position": {
            "0.0": [
              0,
              0,
              0
            ],
            "0.28": [
              0,
              0,
              1.1
            ],
            "2.76": [
              0,
              0,
              -19.8
            ],
            "3.0": [
              0,
              0,
              -21
            ],
            "3.24": [
              0,
              0,
              -21.8
            ],
            "6.0": [
              0,
              0,
              0
            ]
          }
        },
        "wheel_1": {
          "rotation": {
            "0.0": [
              10,
              0,
              0
            ],
            "0.28": [
              0,
              0,
              0
            ],
            "3.24": [
              182.5,
              0,
              0
            ],
            "6.0": [
              10,
              0,
              0
            ]
          }
        },
        "wheel_2": {
          "rotation": {
            "0.0": [
              10,
              0,
              0
            ],
            "0.28": [
              0,
              0,
              0
            ],
            "3.24": [
              182.5,
              0,
              0
            ],
            "6.0": [
              10,
              0,
              0
            ]
          }
        },
        "wheel_3": {
          "rotation": {
            "0.0": [
              10,
              0,
              0
            ],
            "0.28": [
              0,
              0,
              0
            ],
            "3.24": [
              182.5,
              0,
              0
            ],
            "6.0": [
              10,
              0,
              0
            ]
          }
        },
        "wheel_4": {
          "rotation": {
            "0.0": [
              10,
              0,
              0
            ],
            "0.28": [
              0,
              0,
              0
            ],
            "3.24": [
              182.5,
              0,
              0
            ],
            "6.0": [
              10,
              0,
              0
            ]
          }
        }
      },
      "loop": true
    }
  },
  "format_version": "1.8.0"
}