{
  "animations": {
    "animation.cage.flamingo": {
      "animation_length": 3.52,
      "bones": {
        "ball": {
          "position": {
            "0.0": [
              -10,
              2,
              -16.5
            ],
            "0.2": [
              -7.35,
              9.67,
              -16.5
            ],
            "0.4": [
              -3.13,
              19.3,
              -16.5
            ],
            "0.48": [
              -0.98,
              22,
              -16.5
            ],
            "0.6": [
              3,
              24.58,
              -16.5
            ],
            "0.8": [
              11.06,
              26.78,
              -16.5
            ],
            "0.96": [
              17.37,
              27.11,
              -16.5
            ],
            "1.0": [
              19.11,
              27.01,
              -16.5
            ],
            "1.2": [
              27.69,
              24.88,
              -16.5
            ],
            "1.36": [
              33.69,
              21.17,
              -16.5
            ],
            "1.4": [
              35.06,
              19.75,
              -16.5
            ],
            "1.6": [
              41.65,
              8.93,
              -16.5
            ],
            "1.76": [
              44,
              4,
              -16.5
            ],
            "1.8": [
              43.83,
              4.38,
              -16.5
            ],
            "2.0": [
              39.24,
              13.46,
              -16.5
            ],
            "2.16": [
              33.69,
              21.17,
              -16.5
            ],
            "2.2": [
              32.31,
              22.27,
              -16.5
            ],
            "2.4": [
              24.33,
              26.07,
              -16.5
            ],
            "2.56": [
              17.37,
              27.11,
              -16.5
            ],
            "2.6": [
              15.88,
              27.12,
              -16.5
            ],
            "2.8": [
              7.74,
              26.18,
              -16.5
            ],
            "3.0": [
              0.23,
              22.98,
              -16.5
            ],
            "3.04": [
              -0.98,
              22,
              -16.5
            ],
            "3.2": [
              -5.01,
              15.7,
              -16.5
            ],
            "3.4": [
              -8.6,
              5.94,
              -16.5
            ],
            "3.52": [
              -10,
              2,
              -16.5
            ]
          },
          "rotation": {
            "0.0": [
              0,
              0,
              -90
            ],
            "0.2": [
              0,
              0,
              -67.07
            ],
            "0.4": [
              0,
              0,
              -33.19
            ],
            "0.6": [
              0,
              0,
              7.89
            ],
            "0.8": [
              0,
              0,
              52.39
            ],
            "1.0": [
              0,
              0,
              96.56
            ],
            "1.2": [
              0,
              0,
              136.64
            ],
            "1.4": [
              0,
              0,
              168.85
            ],
            "1.6": [
              0,
              0,
              189.43
            ],
            "1.76": [
              0,
              0,
              195
            ],
            "1.8": [
              0,
              0,
              194.64
            ],
            "2.0": [
              0,
              0,
              182.84
            ],
            "2.2": [
              0,
              0,
              157.15
            ],
            "2.4": [
              0,
              0,
              121.34
            ],
            "2.6": [
              0,
              0,
              79.18
            ],
            "2.8": [
              0,
              0,
              34.42
            ],
            "3.0": [
              0,
              0,
              -9.17
            ],
            "3.2": [
              0,
              0,
              -47.82
            ],
            "3.4": [
              0,
              0,
              -77.77
            ],
            "3.52": [
              0,
              0,
              -90
            ]
          }
        },
        "drink_ring": {
          "position": {
            "0.0": [
              0,
              0,
              0
            ],
            "1.0": [
              0,
              -1,
              0
            ],
            "2.0": [
              0,
              0,
              0
            ],
            "3.0": [
              0,
              -1,
              0
            ],
            "3.52": [
              0,
              0,
              0
            ]
          }
        },
        "head2": {
          "position": [
            -0.4,
            0,
            0
          ]
        },
        "neck": {
          "position": {
            "0.84": [
              0,
              -0.2,
              0
            ],
            "2.84": [
              0,
              -0.2,
              0
            ]
          },
          "rotation": {
            "0.0": [
              0,
              0,
              0
            ],
            "0.84": [
              -10,
              0,
              0
            ],
            "1.92": [
              0,
              0,
              0
            ],
            "2.84": [
              -10,
              0,
              0
            ],
            "3.52": [
              0,
              0,
              0
            ]
          }
        },
        "ring": {
          "position": {
            "0.0": [
              0,
              0,
              0
            ],
            "2.0": [
              0,
              -1,
              0
            ],
            "3.52": [
              0,
              0,
              0
            ]
          }
        },
        "water_flamingo": {
          "position": [
            0,
            11,
            0
          ],
          "scale": {
            "0.0": [
              2,
              2,
              2
            ],
            "0.24": [
              2.0517,
              2.0517,
              2.0517
            ],
            "0.48": [
              2.1287,
              2.1287,
              2.1287
            ],
            "0.72": [
              2.2215,
              2.2215,
              2.2215
            ],
            "0.96": [
              2.3209,
              2.3209,
              2.3209
            ],
            "1.2": [
              2.4176,
              2.4176,
              2.4176
            ],
            "1.44": [
              2.5022,
              2.5022,
              2.5022
            ],
            "1.68": [
              2.5653,
              2.5653,
              2.5653
            ],
            "1.92": [
              2.5977,
              2.5977,
              2.5977
            ],
            "2.0": [
              2.6,
              2.6,
              2.6
            ],
            "2.16": [
              2.5844,
              2.5844,
              2.5844
            ],
            "2.4": [
              2.5125,
              2.5125,
              2.5125
            ],
            "2.64": [
              2.4013,
              2.4013,
              2.4013
            ],
            "2.88": [
              2.2719,
              2.2719,
              2.2719
            ],
            "3.12": [
              2.1456,
              2.1456,
              2.1456
            ],
            "3.36": [
              2.0438,
              2.0438,
              2.0438
            ],
            "3.52": [
              2,
              2,
              2
            ]
          }
        },
        "water_flamingo2": {
          "position": [
            0,
            10.1,
            0
          ],
          "scale": {
            "0.0": [
              2.5,
              2.5,
              2.5
            ],
            "0.2": [
              2.5206,
              2.5206,
              2.5206
            ],
            "0.4": [
              2.5504,
              2.5504,
              2.5504
            ],
            "0.6": [
              2.5869,
              2.5869,
              2.5869
            ],
            "0.8": [
              2.6272,
              2.6272,
              2.6272
            ],
            "1.0": [
              2.6687,
              2.6687,
              2.6687
            ],
            "1.2": [
              2.7088,
              2.7088,
              2.7088
            ],
            "1.4": [
              2.7446,
              2.7446,
              2.7446
            ],
            "1.6": [
              2.7736,
              2.7736,
              2.7736
            ],
            "1.8": [
              2.7929,
              2.7929,
              2.7929
            ],
            "2.0": [
              2.8,
              2.8,
              2.8
            ],
            "2.2": [
              2.788,
              2.788,
              2.788
            ],
            "2.4": [
              2.7563,
              2.7563,
              2.7563
            ],
            "2.6": [
              2.7108,
              2.7108,
              2.7108
            ],
            "2.8": [
              2.6579,
              2.6579,
              2.6579
            ],
            "3.0": [
              2.6035,
              2.6035,
              2.6035
            ],
            "3.2": [
              2.554,
              2.554,
              2.554
            ],
            "3.4": [
              2.5154,
              2.5154,
              2.5154
            ],
            "3.52": [
              2.5,
              2.5,
              2.5
            ]
          }
        },
        "water_ring3": {
          "scale": {
            "0.0": [
              0,
              0,
              0
            ],
            "1.0": [
              0.7,
              0.7,
              0.7
            ],
            "2.0": [
              0,
              0,
              0
            ],
            "3.0": [
              0.7,
              0.7,
              0.7
            ],
            "3.52": [
              0,
              0,
              0
            ]
          }
        },
        "water_ring4": {
          "position": [
            -1.5,
            0,
            -2
          ],
          "scale": {
            "0.0": [
              0,
              0,
              0
            ],
            "1.8": [
              0,
              0,
              0
            ],
            "1.96": [
              0.5,
              0.5,
              0.5
            ],
            "2.12": [
              0,
              0,
              0
            ]
          }
        },
        "water_ring5": {
          "position": [
            1.5,
            0,
            -2
          ],
          "scale": {
            "0.0": [
              0,
              0,
              0
            ],
            "0.2": [
              0.5,
              0.5,
              0.5
            ],
            "0.4": [
              0,
              0,
              0
            ]
          }
        }
      },
      "loop": true
    }
  },
  "format_version": "1.8.0"
}