{
  "animations": {
    "animation.goblin.begin": {
      "animation_length": 4.56,
      "bones": {
        "body": {
          "rotation": {
            "3.36": [
              0,
              0,
              0
            ],
            "3.56": [
              68.22,
              0,
              0
            ],
            "3.64": [
              90,
              0,
              0
            ]
          }
        },
        "bone10": {
          "position": [
            0,
            0,
            -0.3
          ]
        },
        "bone11": {
          "position": {
            "3.96": [
              0,
              0,
              0
            ],
            "4.08": [
              0,
              0,
              0
            ],
            "4.16": [
              0.26,
              0,
              0.01
            ],
            "4.24": [
              0.5,
              0,
              0
            ],
            "4.36": [
              0.47,
              0,
              -0.07
            ],
            "4.56": [
              0.3,
              0,
              -0.2
            ]
          },
          "rotation": {
            "3.96": [
              0,
              0,
              0
            ],
            "4.08": [
              0,
              0,
              0
            ],
            "4.16": [
              0.47,
              0,
              -12.97
            ],
            "4.24": [
              0,
              0,
              -25
            ],
            "4.36": [
              -2.59,
              0,
              -24.24
            ],
            "4.56": [
              -7.5,
              0,
              -17.5
            ]
          },
          "scale": {
            "3.96": [
              1,
              1,
              1
            ],
            "4.08": [
              1,
              1,
              1
            ]
          }
        },
        "bone19": {
          "position": {
            "2.48": [
              0,
              0,
              0
            ],
            "2.68": [
              0,
              11,
              -4
            ],
            "2.88": [
              -6,
              16,
              -11
            ],
            "3.08": [
              -7.62,
              12.81,
              -17.62
            ],
            "3.16": [
              -8,
              10,
              -20
            ],
            "3.28": [
              -8.63,
              1.27,
              -23.36
            ],
            "3.4": [
              -9,
              -6.7,
              -25.6
            ]
          },
          "rotation": {
            "2.48": [
              0,
              0,
              0
            ],
            "2.68": [
              25,
              12.5,
              0
            ],
            "2.88": [
              25,
              12.5,
              -62.5
            ],
            "3.08": [
              27.55,
              16.29,
              -111.66
            ],
            "3.16": [
              25,
              17.5,
              -130
            ],
            "3.28": [
              7.5,
              17.81,
              -160.47
            ],
            "3.4": [
              -10,
              17.5,
              -182.5
            ]
          },
          "scale": 1
        },
        "bone2": {
          "position": {
            "2.8": [
              0,
              0,
              -0.4
            ],
            "3.0": [
              0,
              0,
              -0.53
            ],
            "3.2": [
              0,
              0,
              -0.68
            ],
            "3.36": [
              0,
              0,
              -0.7
            ],
            "3.4": [
              0,
              0,
              -0.65
            ],
            "3.6": [
              0,
              0,
              -0.07
            ],
            "3.64": [
              0,
              0,
              0
            ]
          },
          "rotation": {
            "2.52": [
              20,
              0,
              0
            ],
            "2.64": [
              20,
              0,
              0
            ],
            "2.72": [
              28.91,
              0,
              0
            ],
            "2.8": [
              37.5,
              0,
              0
            ],
            "2.92": [
              37.46,
              0,
              0
            ],
            "3.08": [
              35,
              0,
              0
            ],
            "3.12": [
              35.66,
              0,
              0
            ],
            "3.32": [
              41.1,
              0,
              0
            ],
            "3.36": [
              39.5,
              0,
              0
            ],
            "3.52": [
              16.47,
              0,
              0
            ],
            "3.64": [
              0,
              0,
              0
            ]
          }
        },
        "bone20": {
          "position": {
            "2.48": [
              0,
              0,
              0
            ],
            "2.68": [
              0,
              4,
              -3
            ],
            "2.88": [
              0,
              3,
              -9
            ],
            "3.08": [
              -2.27,
              -4.15,
              -12.21
            ],
            "3.16": [
              -3,
              -6.4,
              -13
            ]
          },
          "rotation": {
            "2.48": [
              0,
              0,
              0
            ],
            "2.68": [
              22.5,
              0,
              0
            ],
            "2.88": [
              85,
              0,
              0
            ],
            "3.08": [
              158.83,
              0,
              0
            ],
            "3.16": [
              180,
              0,
              0
            ]
          },
          "scale": 1
        },
        "bone21": {
          "position": {
            "2.48": [
              0,
              0,
              0
            ],
            "2.68": [
              1,
              10,
              -5
            ],
            "2.88": [
              2,
              16,
              -13
            ],
            "3.08": [
              4.62,
              13.78,
              -20.23
            ],
            "3.16": [
              6,
              11,
              -23
            ],
            "3.28": [
              9.25,
              1.09,
              -27.63
            ],
            "3.4": [
              12,
              -8.2,
              -31
            ]
          },
          "rotation": {
            "2.48": [
              0,
              0,
              0
            ],
            "2.68": [
              42.5,
              0,
              0
            ],
            "2.88": [
              80,
              -40,
              0
            ],
            "3.08": [
              130.33,
              -37.38,
              1.46
            ],
            "3.16": [
              150,
              -35,
              0
            ],
            "3.28": [
              180.63,
              -34.69,
              -10
            ],
            "3.4": [
              202.5,
              -35,
              -20
            ]
          },
          "scale": 1
        },
        "bone5": {
          "rotation": {
            "2.48": [
              0,
              0,
              0
            ],
            "2.64": [
              -105,
              0,
              0
            ]
          }
        },
        "chest": {
          "position": {
            "0.0": [
              0,
              0,
              0
            ],
            "0.2": [
              0,
              0,
              0
            ],
            "0.4": [
              0,
              0,
              0
            ],
            "0.6": [
              0,
              0,
              0
            ],
            "0.8": [
              0,
              0,
              0
            ],
            "1.0": [
              0,
              0,
              0
            ],
            "1.2": [
              0,
              -0.07,
              0
            ],
            "1.28": [
              0,
              0,
              0
            ],
            "1.36": [
              0,
              1,
              0
            ],
            "1.4": [
              -1,
              1.13,
              0
            ],
            "1.44": [
              -2,
              1,
              0
            ],
            "1.52": [
              -2,
              0,
              0
            ],
            "1.6": [
              -2.03,
              -0.1,
              0
            ],
            "1.8": [
              -2.15,
              -0.18,
              0
            ],
            "1.92": [
              -2,
              0,
              0
            ],
            "2.0": [
              0,
              2,
              0
            ],
            "2.08": [
              0,
              0,
              0
            ],
            "2.2": [
              0,
              -0.21,
              0
            ],
            "2.4": [
              0,
              -0.16,
              0
            ],
            "2.48": [
              0,
              0,
              0
            ],
            "2.6": [
              0,
              1.73,
              0
            ],
            "2.64": [
              0,
              2,
              0
            ],
            "2.8": [
              0,
              0,
              0
            ]
          },
          "rotation": {
            "0.0": [
              0,
              0,
              0
            ],
            "0.2": [
              0,
              0,
              0
            ],
            "0.4": [
              0,
              0,
              0
            ],
            "0.6": [
              0,
              0,
              0
            ],
            "0.8": [
              0,
              0,
              0
            ],
            "1.0": [
              0,
              0,
              0
            ],
            "1.2": [
              0,
              0.55,
              0
            ],
            "1.28": [
              0,
              0,
              0
            ],
            "1.4": [
              0,
              -3.75,
              0
            ],
            "1.52": [
              0,
              -7.5,
              0
            ],
            "1.6": [
              0,
              -8.1,
              0
            ],
            "1.8": [
              0,
              -8.29,
              0
            ],
            "1.92": [
              0,
              -7.5,
              0
            ],
            "2.0": [
              0,
              -3.75,
              0
            ],
            "2.08": [
              0,
              0,
              0
            ],
            "2.2": [
              0,
              0.55,
              0
            ],
            "2.4": [
              0,
              0.12,
              0
            ],
            "2.48": [
              0,
              0,
              0
            ],
            "2.6": [
              0,
              0,
              0
            ],
            "2.8": [
              0,
              0,
              0
            ]
          },
          "scale": {
            "0.0": [
              1,
              1,
              1
            ],
            "0.2": [
              1,
              1,
              1
            ],
            "0.4": [
              1,
              1,
              1
            ],
            "0.6": [
              1,
              1,
              1
            ],
            "0.8": [
              1,
              1,
              1
            ],
            "1.0": [
              1,
              1,
              1
            ],
            "1.2": [
              1,
              1,
              1
            ],
            "1.28": [
              1,
              1,
              1
            ]
          }
        },
        "goblin": {
          "position": {
            "0.0": [
              0,
              0,
              0
            ],
            "0.2": [
              0,
              0,
              0
            ],
            "0.4": [
              0,
              0,
              0
            ],
            "0.6": [
              0,
              0,
              0
            ],
            "0.8": [
              0,
              0,
              0
            ],
            "1.0": [
              0,
              0,
              0
            ],
            "1.2": [
              0,
              -0.08,
              0
            ],
            "1.4": [
              0,
              -0.26,
              0
            ],
            "1.6": [
              0,
              -0.47,
              0
            ],
            "1.8": [
              0,
              -0.66,
              0
            ],
            "2.0": [
              0,
              -0.74,
              0
            ],
            "2.2": [
              0,
              -0.66,
              0
            ],
            "2.4": [
              0,
              -0.33,
              0
            ],
            "2.52": [
              0,
              0,
              0
            ],
            "2.6": [
              0,
              4.63,
              0
            ],
            "2.68": [
              0,
              10,
              0
            ],
            "2.8": [
              0,
              16,
              0
            ],
            "3.0": [
              0,
              20.65,
              0
            ],
            "3.08": [
              0,
              21.14,
              0
            ],
            "3.2": [
              0,
              18.68,
              0
            ],
            "3.36": [
              0,
              13.14,
              0
            ],
            "3.4": [
              0,
              11.83,
              0
            ],
            "3.6": [
              0,
              4.96,
              0
            ],
            "3.64": [
              0,
              4.14,
              0
            ],
            "3.68": [
              0,
              4.14,
              0
            ]
          },
          "rotation": {
            "0.0": [
              0,
              0,
              0
            ],
            "0.2": [
              0,
              0,
              0
            ],
            "0.4": [
              0,
              0,
              0
            ],
            "0.6": [
              0,
              0,
              0
            ],
            "0.8": [
              0,
              0,
              0
            ],
            "1.0": [
              0,
              0,
              0
            ],
            "1.2": [
              -0.09,
              0,
              0
            ],
            "1.4": [
              -0.32,
              0,
              0
            ],
            "1.6": [
              -0.59,
              0,
              0
            ],
            "1.8": [
              -0.82,
              0,
              0
            ],
            "2.0": [
              -0.93,
              0,
              0
            ],
            "2.2": [
              -0.82,
              0,
              0
            ],
            "2.4": [
              -0.42,
              0,
              0
            ],
            "2.52": [
              0,
              0,
              0
            ],
            "2.6": [
              4.06,
              0,
              0
            ],
            "2.68": [
              12.5,
              0,
              0
            ],
            "2.8": [
              47.5,
              0,
              0
            ],
            "3.0": [
              136.98,
              0,
              0
            ],
            "3.08": [
              173.09,
              0,
              0
            ],
            "3.2": [
              219.9,
              0,
              0
            ],
            "3.36": [
              265.59,
              0,
              0
            ],
            "3.4": [
              270.44,
              0,
              0
            ],
            "3.6": [
              266.4,
              0,
              0
            ],
            "3.64": [
              265.59,
              0,
              0
            ],
            "3.68": [
              265.59,
              0,
              0
            ]
          },
          "scale": {
            "0.0": [
              1,
              1,
              1
            ],
            "0.2": [
              1,
              0.832,
              1
            ],
            "0.4": [
              1,
              0.576,
              1
            ],
            "0.6": [
              1,
              0.304,
              1
            ],
            "0.8": [
              1,
              0.088,
              1
            ],
            "1.0": [
              1,
              0,
              1
            ],
            "1.2": [
              1,
              0.0399,
              1
            ],
            "1.4": [
              1,
              0.1458,
              1
            ],
            "1.6": [
              1,
              0.2973,
              1
            ],
            "1.8": [
              1,
              0.4738,
              1
            ],
            "2.0": [
              1,
              0.6549,
              1
            ],
            "2.2": [
              1,
              0.8201,
              1
            ],
            "2.4": [
              1,
              0.9488,
              1
            ],
            "2.52": [
              1,
              1,
              1
            ]
          }
        },
        "head3": {
          "position": {
            "2.64": [
              0,
              0,
              -0.7
            ],
            "2.84": [
              0,
              0,
              -0.7
            ],
            "3.04": [
              0,
              0,
              -0.71
            ],
            "3.24": [
              0,
              0,
              -0.71
            ],
            "3.44": [
              0,
              0,
              -0.71
            ],
            "3.64": [
              0,
              0,
              -0.7
            ],
            "3.84": [
              0.01,
              -0.01,
              -0.55
            ],
            "3.96": [
              0,
              0,
              -0.5
            ],
            "4.04": [
              -0.02,
              0.05,
              -0.53
            ],
            "4.24": [
              -0.1,
              0.2,
              -0.7
            ],
            "4.44": [
              -0.1,
              0.21,
              -0.71
            ],
            "4.56": [
              -0.1,
              0.2,
              -0.7
            ]
          },
          "rotation": {
            "2.52": [
              -30,
              0,
              0
            ],
            "2.64": [
              -45,
              0,
              0
            ],
            "2.72": [
              -38.12,
              0,
              0
            ],
            "2.8": [
              -27.5,
              0,
              0
            ],
            "2.92": [
              -19.06,
              0,
              0
            ],
            "3.08": [
              -12.5,
              0,
              0
            ],
            "3.12": [
              -12.93,
              0,
              0
            ],
            "3.32": [
              -20.33,
              0,
              0
            ],
            "3.52": [
              -29.73,
              0,
              0
            ],
            "3.64": [
              -32.5,
              0,
              0
            ],
            "3.72": [
              -31.43,
              -0.76,
              0
            ],
            "3.92": [
              -21.31,
              -1.56,
              0
            ],
            "3.96": [
              -20,
              0,
              0
            ],
            "4.12": [
              -17.87,
              19.14,
              0
            ],
            "4.24": [
              -17.5,
              32.5,
              0
            ],
            "4.32": [
              -17.32,
              34.79,
              0
            ],
            "4.52": [
              -17.48,
              32.72,
              0
            ],
            "4.56": [
              -17.5,
              32.5,
              0
            ]
          },
          "scale": 1
        },
        "leftarm": {
          "position": {
            "2.64": [
              0,
              0,
              0.6
            ],
            "2.8": [
              0,
              0,
              0.7
            ],
            "2.84": [
              0,
              0.01,
              0.66
            ],
            "3.04": [
              0,
              0.1,
              0.26
            ],
            "3.08": [
              0,
              0.1,
              0.2
            ],
            "3.24": [
              0,
              0.08,
              0.12
            ],
            "3.44": [
              0,
              0.04,
              0.04
            ],
            "3.64": [
              0,
              0,
              0
            ]
          },
          "rotation": {
            "2.52": [
              0,
              0,
              0
            ],
            "2.64": [
              30,
              0,
              0
            ],
            "2.72": [
              38.91,
              0,
              0
            ],
            "2.8": [
              40,
              0,
              0
            ],
            "2.92": [
              27.73,
              0,
              0
            ],
            "3.08": [
              7.5,
              0,
              0
            ],
            "3.12": [
              6.18,
              0,
              0
            ],
            "3.32": [
              2.14,
              0,
              0
            ],
            "3.52": [
              0.66,
              0,
              0
            ],
            "3.64": [
              0,
              0,
              0
            ]
          }
        },
        "leftleg": {
          "position": {
            "2.64": [
              0,
              0,
              0.1
            ],
            "2.8": [
              0,
              -0.3,
              0.3
            ],
            "2.84": [
              0,
              -0.32,
              0.33
            ],
            "3.04": [
              0,
              -0.32,
              0.51
            ],
            "3.08": [
              0,
              -0.3,
              0.5
            ],
            "3.24": [
              0,
              -0.23,
              0.39
            ],
            "3.44": [
              0,
              -0.1,
              0.17
            ],
            "3.64": [
              0,
              0,
              0
            ]
          },
          "rotation": {
            "2.52": [
              0,
              0,
              0
            ],
            "2.64": [
              12.5,
              0,
              0
            ],
            "2.72": [
              17.97,
              0,
              0
            ],
            "2.8": [
              22.5,
              0,
              0
            ],
            "2.92": [
              26.7,
              0,
              0
            ],
            "3.08": [
              27.5,
              0,
              0
            ],
            "3.12": [
              26.47,
              0,
              0
            ],
            "3.32": [
              16.55,
              0,
              0
            ],
            "3.52": [
              4.66,
              0,
              0
            ],
            "3.64": [
              0,
              0,
              0
            ]
          }
        },
        "rightarm": {
          "position": {
            "2.64": [
              0,
              0,
              0.6
            ],
            "2.8": [
              0,
              0,
              0.7
            ],
            "2.84": [
              0,
              0.01,
              0.66
            ],
            "3.04": [
              0,
              0.1,
              0.26
            ],
            "3.08": [
              0,
              0.1,
              0.2
            ],
            "3.24": [
              0,
              0.08,
              0.12
            ],
            "3.44": [
              0,
              0.04,
              0.04
            ],
            "3.64": [
              0,
              0,
              0
            ],
            "3.84": [
              0,
              0,
              0.02
            ],
            "3.96": [
              0,
              0,
              0
            ],
            "4.04": [
              0,
              0,
              -0.1
            ],
            "4.24": [
              0,
              0,
              -0.4
            ],
            "4.44": [
              0,
              0,
              -0.42
            ],
            "4.56": [
              0,
              0,
              -0.4
            ]
          },
          "rotation": {
            "2.52": [
              0,
              0,
              0
            ],
            "2.64": [
              30,
              0,
              0
            ],
            "2.72": [
              38.91,
              0,
              0
            ],
            "2.8": [
              40,
              0,
              0
            ],
            "2.92": [
              27.73,
              0,
              0
            ],
            "3.08": [
              7.5,
              0,
              0
            ],
            "3.12": [
              6.18,
              0,
              0
            ],
            "3.32": [
              2.14,
              0,
              0
            ],
            "3.52": [
              0.66,
              0,
              0
            ],
            "3.64": [
              0,
              0,
              0
            ],
            "3.72": [
              0.12,
              0.18,
              0
            ],
            "3.92": [
              1.26,
              0.36,
              0
            ],
            "3.96": [
              0,
              0,
              0
            ],
            "4.12": [
              -16.2,
              -4.42,
              0
            ],
            "4.24": [
              -27.5,
              -7.5,
              0
            ],
            "4.32": [
              -29.43,
              -8.03,
              0
            ],
            "4.52": [
              -27.69,
              -7.55,
              0
            ],
            "4.56": [
              -27.5,
              -7.5,
              0
            ]
          },
          "scale": 1
        },
        "rightleg": {
          "position": {
            "2.64": [
              0,
              0,
              0.1
            ],
            "2.8": [
              0,
              -0.3,
              0.3
            ],
            "2.84": [
              0,
              -0.32,
              0.33
            ],
            "3.04": [
              0,
              -0.32,
              0.51
            ],
            "3.08": [
              0,
              -0.3,
              0.5
            ],
            "3.24": [
              0,
              -0.23,
              0.39
            ],
            "3.44": [
              0,
              -0.1,
              0.17
            ],
            "3.64": [
              0,
              0,
              0
            ]
          },
          "rotation": {
            "2.52": [
              0,
              0,
              0
            ],
            "2.64": [
              12.5,
              0,
              0
            ],
            "2.72": [
              17.97,
              0,
              0
            ],
            "2.8": [
              22.5,
              0,
              0
            ],
            "2.92": [
              26.7,
              0,
              0
            ],
            "3.08": [
              27.5,
              0,
              0
            ],
            "3.12": [
              26.47,
              0,
              0
            ],
            "3.32": [
              16.55,
              0,
              0
            ],
            "3.52": [
              4.66,
              0,
              0
            ],
            "3.64": [
              0,
              0,
              0
            ]
          }
        }
      }
    },
    "animation.goblin.idle": {
      "animation_length": 1.8,
      "bones": {
        "body": {
          "rotation": [
            90,
            0,
            0
          ]
        },
        "bone10": {
          "position": [
            0,
            0,
            -0.3
          ]
        },
        "bone11": {
          "position": {
            "0.0": [
              0.3,
              0,
              -0.2
            ],
            "0.2": [
              0.3,
              0,
              -0.2
            ],
            "0.24": [
              0.3,
              0,
              -0.2
            ],
            "0.4": [
              0.3,
              0,
              -0.2
            ],
            "0.44": [
              0.3,
              0,
              -0.2
            ],
            "0.6": [
              0.3,
              0,
              -0.2
            ],
            "0.8": [
              0.3,
              0,
              -0.21
            ],
            "1.0": [
              0.3,
              0,
              -0.21
            ],
            "1.12": [
              0.3,
              0,
              -0.2
            ],
            "1.2": [
              0.3,
              0,
              -0.04
            ],
            "1.24": [
              0.3,
              0,
              0
            ],
            "1.4": [
              0.3,
              0,
              -0.17
            ],
            "1.44": [
              0.3,
              0,
              -0.2
            ]
          },
          "rotation": {
            "0.0": [
              -7.5,
              0,
              -17.5
            ],
            "0.2": [
              -7.5,
              0,
              -17.5
            ],
            "0.24": [
              -7.5,
              0,
              -17.5
            ],
            "0.4": [
              -7.5,
              0,
              -17.5
            ],
            "0.44": [
              -7.5,
              0,
              -17.5
            ],
            "0.6": [
              -7.66,
              0,
              -17.5
            ],
            "0.8": [
              -7.99,
              0,
              -17.5
            ],
            "1.0": [
              -7.95,
              0,
              -17.5
            ],
            "1.12": [
              -7.5,
              0,
              -17.5
            ],
            "1.2": [
              -1.67,
              0,
              -17.5
            ],
            "1.24": [
              0,
              0,
              -17.5
            ],
            "1.4": [
              -6.24,
              0,
              -17.5
            ],
            "1.44": [
              -7.5,
              0,
              -17.5
            ]
          }
        },
        "bone15": {
          "position": {
            "0.44": [
              0,
              0,
              0
            ],
            "0.56": [
              0,
              2.2,
              -6
            ],
            "0.64": [
              0,
              1.62,
              -4.7
            ],
            "0.8": [
              0,
              -0.3,
              -0.1
            ],
            "0.84": [
              0,
              -0.29,
              -0.05
            ],
            "1.04": [
              0,
              -0.3,
              -0.05
            ],
            "1.24": [
              0,
              -0.31,
              -0.07
            ],
            "1.4": [
              0,
              -0.26,
              -0.12
            ],
            "1.44": [
              0,
              -0.3,
              -0.1
            ],
            "1.56": [
              0,
              2.2,
              -6
            ],
            "1.64": [
              0,
              1.64,
              -4.69
            ],
            "1.8": [
              0,
              -0.3,
              -0.1
            ]
          },
          "rotation": {
            "0.44": [
              0,
              0,
              0
            ],
            "0.56": [
              -80,
              0,
              0
            ],
            "0.64": [
              -114.81,
              0,
              6.67
            ],
            "0.8": [
              -177.5,
              0,
              22.5
            ],
            "0.84": [
              -180.36,
              0,
              23.16
            ],
            "1.04": [
              -188.93,
              0,
              25.14
            ],
            "1.24": [
              -187.97,
              0,
              24.92
            ],
            "1.44": [
              -177.5,
              0,
              22.5
            ],
            "1.56": [
              -80,
              0,
              0
            ],
            "1.64": [
              -101.67,
              0,
              5
            ],
            "1.8": [
              -177.5,
              0,
              22.5
            ]
          },
          "scale": {
            "0.44": [
              1,
              1,
              1
            ],
            "0.64": [
              1,
              1,
              1
            ],
            "0.8": [
              1,
              1,
              1
            ],
            "0.84": [
              1,
              1,
              1
            ],
            "1.04": [
              1,
              1,
              1
            ],
            "1.24": [
              1,
              1,
              1
            ],
            "1.44": [
              1,
              1,
              1
            ],
            "1.64": [
              1,
              1,
              1
            ],
            "1.8": [
              1,
              1,
              1
            ]
          }
        },
        "bone19": {
          "position": [
            -9,
            -6.7,
            -25.6
          ],
          "rotation": [
            -10,
            17.5,
            -182.5
          ]
        },
        "bone2": {
          "position": {
            "0.0": [
              0,
              0,
              0
            ],
            "0.2": [
              0,
              0,
              -0.01
            ],
            "0.4": [
              0,
              0,
              0
            ],
            "0.44": [
              0,
              0,
              0
            ],
            "0.56": [
              0,
              0,
              0.1
            ],
            "0.6": [
              0,
              0,
              0.09
            ],
            "0.8": [
              0,
              0,
              0
            ],
            "1.0": [
              0,
              0,
              -0.01
            ],
            "1.2": [
              0,
              0,
              -0.01
            ],
            "1.4": [
              0,
              0,
              0
            ],
            "1.44": [
              0,
              0,
              0
            ],
            "1.56": [
              0,
              0,
              0.1
            ],
            "1.6": [
              0,
              0,
              0.09
            ],
            "1.8": [
              0,
              0,
              0
            ]
          },
          "rotation": {
            "0.0": [
              0,
              0,
              0
            ],
            "0.2": [
              0.28,
              0,
              0
            ],
            "0.4": [
              0.19,
              0,
              0
            ],
            "0.44": [
              0,
              0,
              0
            ],
            "0.56": [
              -5,
              0,
              0
            ],
            "0.6": [
              -4.69,
              0,
              0
            ],
            "0.8": [
              0,
              0,
              0
            ],
            "1.0": [
              0.54,
              0,
              0
            ],
            "1.2": [
              0.59,
              0,
              0
            ],
            "1.4": [
              0.15,
              0,
              0
            ],
            "1.44": [
              0,
              0,
              0
            ],
            "1.56": [
              -5,
              0,
              0
            ],
            "1.6": [
              -4.69,
              0,
              0
            ],
            "1.8": [
              0,
              0,
              0
            ]
          },
          "scale": {
            "0.44": [
              1,
              1,
              1
            ],
            "0.64": [
              1,
              1,
              1
            ],
            "0.84": [
              1,
              1,
              1
            ],
            "1.04": [
              1,
              1,
              1
            ],
            "1.24": [
              1,
              1,
              1
            ],
            "1.44": [
              1,
              1,
              1
            ]
          }
        },
        "bone20": {
          "position": [
            -3,
            -6.4,
            -13
          ],
          "rotation": [
            180,
            0,
            0
          ]
        },
        "bone21": {
          "position": [
            12,
            -8.2,
            -31
          ],
          "rotation": [
            202.5,
            -35,
            -20
          ]
        },
        "bone5": {
          "rotation": [
            -105,
            0,
            0
          ]
        },
        "chest": {
          "position": [
            0,
            0,
            0
          ],
          "rotation": [
            0,
            0,
            0
          ]
        },
        "goblin": {
          "position": {
            "0.0": [
              0,
              4.14,
              0
            ],
            "0.2": [
              0,
              4.14,
              0
            ],
            "0.4": [
              0,
              4.14,
              0
            ],
            "0.44": [
              0,
              4.14,
              0
            ],
            "0.56": [
              0,
              4.14,
              0
            ],
            "0.6": [
              0,
              4.14,
              0
            ],
            "0.8": [
              0,
              4.14,
              0
            ],
            "1.0": [
              0,
              4.14,
              0
            ],
            "1.2": [
              0,
              4.14,
              0
            ],
            "1.4": [
              0,
              4.14,
              0
            ],
            "1.44": [
              0,
              4.14,
              0
            ],
            "1.56": [
              0,
              4.14,
              0
            ],
            "1.6": [
              0,
              4.14,
              0
            ],
            "1.8": [
              0,
              4.14,
              0
            ]
          },
          "rotation": {
            "0.0": [
              265.59,
              0,
              0
            ],
            "0.2": [
              265.7,
              0,
              0
            ],
            "0.4": [
              265.67,
              0,
              0
            ],
            "0.44": [
              265.59,
              0,
              0
            ],
            "0.56": [
              263.59,
              0,
              0
            ],
            "0.6": [
              263.71,
              0,
              0
            ],
            "0.8": [
              265.59,
              0,
              0
            ],
            "1.0": [
              265.8,
              0,
              0
            ],
            "1.2": [
              265.82,
              0,
              0
            ],
            "1.4": [
              265.65,
              0,
              0
            ],
            "1.44": [
              265.59,
              0,
              0
            ],
            "1.56": [
              263.59,
              0,
              0
            ],
            "1.6": [
              263.71,
              0,
              0
            ],
            "1.8": [
              265.59,
              0,
              0
            ]
          },
          "scale": {
            "0.44": [
              1,
              1,
              1
            ],
            "0.64": [
              1,
              1,
              1
            ],
            "0.84": [
              1,
              1,
              1
            ],
            "1.04": [
              1,
              1,
              1
            ],
            "1.24": [
              1,
              1,
              1
            ],
            "1.44": [
              1,
              1,
              1
            ]
          }
        },
        "head3": {
          "position": {
            "0.0": [
              -0.1,
              0.2,
              -0.7
            ],
            "0.2": [
              -0.08,
              0.19,
              -0.7
            ],
            "0.24": [
              -0.1,
              0.2,
              -0.7
            ],
            "0.4": [
              -0.27,
              0.31,
              -0.7
            ],
            "0.56": [
              -0.4,
              0.4,
              -0.7
            ],
            "0.6": [
              -0.38,
              0.39,
              -0.7
            ],
            "0.8": [
              -0.1,
              0.2,
              -0.7
            ],
            "1.0": [
              -0.09,
              0.19,
              -0.7
            ],
            "1.12": [
              -0.1,
              0.2,
              -0.7
            ],
            "1.2": [
              -0.08,
              0.19,
              -0.7
            ],
            "1.24": [
              -0.1,
              0.2,
              -0.7
            ],
            "1.4": [
              -0.27,
              0.31,
              -0.7
            ],
            "1.56": [
              -0.4,
              0.4,
              -0.7
            ],
            "1.6": [
              -0.38,
              0.39,
              -0.7
            ],
            "1.8": [
              -0.1,
              0.2,
              -0.7
            ]
          },
          "rotation": {
            "0.0": [
              -17.5,
              32.5,
              0
            ],
            "0.2": [
              -15.91,
              32.5,
              0
            ],
            "0.24": [
              -17.5,
              32.5,
              0
            ],
            "0.4": [
              -32.97,
              32.5,
              0
            ],
            "0.56": [
              -45,
              32.5,
              0
            ],
            "0.6": [
              -43.28,
              32.5,
              0
            ],
            "0.8": [
              -17.5,
              32.5,
              0
            ],
            "1.0": [
              -16.29,
              32.5,
              0
            ],
            "1.12": [
              -17.5,
              32.5,
              0
            ],
            "1.2": [
              -15.46,
              32.5,
              0
            ],
            "1.24": [
              -17.5,
              32.5,
              0
            ],
            "1.4": [
              -32.97,
              32.5,
              0
            ],
            "1.56": [
              -45,
              32.5,
              0
            ],
            "1.6": [
              -43.28,
              32.5,
              0
            ],
            "1.8": [
              -17.5,
              32.5,
              0
            ]
          }
        },
        "leftarm": {
          "position": {
            "0.0": [
              0,
              0,
              0
            ],
            "0.2": [
              0,
              0,
              0.01
            ],
            "0.4": [
              0,
              0,
              0
            ],
            "0.44": [
              0,
              0,
              0
            ],
            "0.56": [
              0,
              0,
              -0.1
            ],
            "0.6": [
              0,
              0,
              -0.09
            ],
            "0.8": [
              0,
              0,
              0
            ],
            "1.0": [
              0,
              0,
              0.01
            ],
            "1.2": [
              0,
              0,
              0.01
            ],
            "1.4": [
              0,
              0,
              0
            ],
            "1.44": [
              0,
              0,
              0
            ],
            "1.56": [
              0,
              0,
              -0.1
            ],
            "1.6": [
              0,
              0,
              -0.09
            ],
            "1.8": [
              0,
              0,
              0
            ]
          },
          "rotation": {
            "0.0": [
              0,
              0,
              0
            ],
            "0.2": [
              0.56,
              0,
              0
            ],
            "0.4": [
              0.38,
              0,
              0
            ],
            "0.44": [
              0,
              0,
              0
            ],
            "0.56": [
              -10,
              0,
              0
            ],
            "0.6": [
              -9.37,
              0,
              0
            ],
            "0.8": [
              0,
              0,
              0
            ],
            "1.0": [
              1.07,
              0,
              0
            ],
            "1.2": [
              1.17,
              0,
              0
            ],
            "1.4": [
              0.29,
              0,
              0
            ],
            "1.44": [
              0,
              0,
              0
            ],
            "1.56": [
              -10,
              0,
              0
            ],
            "1.6": [
              -9.38,
              0,
              0
            ],
            "1.8": [
              0,
              0,
              0
            ]
          },
          "scale": {
            "0.44": [
              1,
              1,
              1
            ],
            "0.64": [
              1,
              1,
              1
            ],
            "0.84": [
              1,
              1,
              1
            ],
            "1.04": [
              1,
              1,
              1
            ],
            "1.24": [
              1,
              1,
              1
            ],
            "1.44": [
              1,
              1,
              1
            ]
          }
        },
        "leftleg": {
          "position": {
            "0.0": [
              0,
              0,
              0
            ],
            "0.2": [
              0,
              0,
              -0.01
            ],
            "0.4": [
              0,
              0,
              0
            ],
            "0.44": [
              0,
              0,
              0
            ],
            "0.56": [
              0,
              0,
              0.1
            ],
            "0.6": [
              0,
              0,
              0.09
            ],
            "0.8": [
              0,
              0,
              0
            ],
            "1.0": [
              0,
              0,
              -0.01
            ],
            "1.2": [
              0,
              0,
              -0.01
            ],
            "1.4": [
              0,
              0,
              0
            ],
            "1.44": [
              0,
              0,
              0
            ],
            "1.56": [
              0,
              0,
              0.1
            ],
            "1.6": [
              0,
              0,
              0.09
            ],
            "1.8": [
              0,
              0,
              0
            ]
          },
          "rotation": {
            "0.0": [
              0,
              0,
              0
            ],
            "0.2": [
              0.7,
              0,
              0
            ],
            "0.4": [
              0.47,
              0,
              0
            ],
            "0.44": [
              0,
              0,
              0
            ],
            "0.56": [
              -12.5,
              0,
              0
            ],
            "0.6": [
              -11.72,
              0,
              0
            ],
            "0.8": [
              0,
              0,
              0
            ],
            "1.0": [
              1.34,
              0,
              0
            ],
            "1.2": [
              1.46,
              0,
              0
            ],
            "1.4": [
              0.37,
              0,
              0
            ],
            "1.44": [
              0,
              0,
              0
            ],
            "1.56": [
              -12.5,
              0,
              0
            ],
            "1.6": [
              -11.72,
              0,
              0
            ],
            "1.8": [
              0,
              0,
              0
            ]
          },
          "scale": {
            "0.44": [
              1,
              1,
              1
            ],
            "0.64": [
              1,
              1,
              1
            ],
            "0.84": [
              1,
              1,
              1
            ],
            "1.04": [
              1,
              1,
              1
            ],
            "1.24": [
              1,
              1,
              1
            ],
            "1.44": [
              1,
              1,
              1
            ]
          }
        },
        "rightarm": {
          "position": {
            "0.0": [
              0,
              0,
              -0.4
            ],
            "0.2": [
              0,
              -0.02,
              -0.21
            ],
            "0.24": [
              0,
              0,
              -0.2
            ],
            "0.4": [
              0,
              0.36,
              -0.37
            ],
            "0.44": [
              0,
              0.4,
              -0.4
            ],
            "0.6": [
              0,
              0.26,
              -0.41
            ],
            "0.8": [
              0,
              0,
              -0.4
            ],
            "1.0": [
              0,
              -0.02,
              -0.41
            ],
            "1.12": [
              0,
              0,
              -0.4
            ],
            "1.2": [
              0,
              -0.03,
              -0.24
            ],
            "1.24": [
              0,
              0,
              -0.2
            ],
            "1.4": [
              0,
              0.36,
              -0.37
            ],
            "1.44": [
              0,
              0.4,
              -0.4
            ],
            "1.6": [
              0,
              0.26,
              -0.41
            ],
            "1.8": [
              0,
              0,
              -0.4
            ]
          },
          "rotation": {
            "0.0": [
              -27.5,
              -7.5,
              0
            ],
            "0.2": [
              -9.36,
              -0.9,
              6.6
            ],
            "0.24": [
              -10,
              0,
              7.5
            ],
            "0.4": [
              -51.92,
              0.6,
              8.1
            ],
            "0.44": [
              -57.5,
              0,
              7.5
            ],
            "0.6": [
              -47.84,
              -3.23,
              4.27
            ],
            "0.8": [
              -27.5,
              -7.5,
              0
            ],
            "1.0": [
              -27.46,
              -8.38,
              -0.88
            ],
            "1.12": [
              -27.5,
              -7.5,
              0
            ],
            "1.2": [
              -11.67,
              -2.22,
              5.28
            ],
            "1.24": [
              -10,
              0,
              7.5
            ],
            "1.4": [
              -51.92,
              0.6,
              8.1
            ],
            "1.44": [
              -57.5,
              0,
              7.5
            ],
            "1.6": [
              -47.84,
              -3.23,
              4.27
            ],
            "1.8": [
              -27.5,
              -7.5,
              0
            ]
          }
        },
        "rightleg": {
          "position": {
            "0.0": [
              0,
              0,
              0
            ],
            "0.2": [
              0,
              0,
              -0.01
            ],
            "0.4": [
              0,
              0,
              0
            ],
            "0.44": [
              0,
              0,
              0
            ],
            "0.56": [
              0,
              0,
              0.1
            ],
            "0.6": [
              0,
              0,
              0.09
            ],
            "0.8": [
              0,
              0,
              0
            ],
            "1.0": [
              0,
              0,
              -0.01
            ],
            "1.2": [
              0,
              0,
              -0.01
            ],
            "1.4": [
              0,
              0,
              0
            ],
            "1.44": [
              0,
              0,
              0
            ],
            "1.56": [
              0,
              0,
              0.1
            ],
            "1.6": [
              0,
              0,
              0.09
            ],
            "1.8": [
              0,
              0,
              0
            ]
          },
          "rotation": {
            "0.0": [
              0,
              0,
              0
            ],
            "0.2": [
              0.42,
              0,
              0
            ],
            "0.4": [
              0.28,
              0,
              0
            ],
            "0.44": [
              0,
              0,
              0
            ],
            "0.56": [
              -7.5,
              0,
              0
            ],
            "0.6": [
              -7.03,
              0,
              0
            ],
            "0.8": [
              0,
              0,
              0
            ],
            "1.0": [
              0.81,
              0,
              0
            ],
            "1.2": [
              0.88,
              0,
              0
            ],
            "1.4": [
              0.22,
              0,
              0
            ],
            "1.44": [
              0,
              0,
              0
            ],
            "1.56": [
              -7.5,
              0,
              0
            ],
            "1.6": [
              -7.03,
              0,
              0
            ],
            "1.8": [
              0,
              0,
              0
            ]
          },
          "scale": {
            "0.44": [
              1,
              1,
              1
            ],
            "0.64": [
              1,
              1,
              1
            ],
            "0.84": [
              1,
              1,
              1
            ],
            "1.04": [
              1,
              1,
              1
            ],
            "1.24": [
              1,
              1,
              1
            ],
            "1.44": [
              1,
              1,
              1
            ]
          }
        }
      },
      "loop": true
    }
  },
  "format_version": "1.8.0"
}