{
  "animations": {
    "animation.lunardragon.lunaryear.cage": {
      "animation_length": 8,
      "bones": {
        "bone": {
          "rotation": {
            "0.0": [
              -5,
              0,
              0
            ],
            "0.3333": [
              -2.5,
              0,
              0
            ],
            "0.6667": [
              0.83,
              0,
              0
            ],
            "1.0": [
              2.5,
              0,
              0
            ],
            "1.3333": [
              2.46,
              0,
              0
            ],
            "1.6667": [
              2.34,
              0,
              0
            ],
            "2.0": [
              2.15,
              0,
              0
            ],
            "2.3333": [
              1.9,
              0,
              0
            ],
            "2.6667": [
              1.59,
              0,
              0
            ],
            "3.0": [
              1.23,
              0,
              0
            ],
            "3.3333": [
              0.83,
              0,
              0
            ],
            "3.6667": [
              0.4,
              0,
              0
            ],
            "4.0": [
              -0.06,
              0,
              0
            ],
            "4.3333": [
              -0.54,
              0,
              0
            ],
            "4.6667": [
              -1.03,
              0,
              0
            ],
            "5.0": [
              -1.52,
              0,
              0
            ],
            "5.3333": [
              -2.02,
              0,
              0
            ],
            "5.6667": [
              -2.5,
              0,
              0
            ],
            "6.0": [
              -2.97,
              0,
              0
            ],
            "6.3333": [
              -3.41,
              0,
              0
            ],
            "6.6667": [
              -3.82,
              0,
              0
            ],
            "7.0": [
              -4.19,
              0,
              0
            ],
            "7.3333": [
              -4.52,
              0,
              0
            ],
            "7.6667": [
              -4.79,
              0,
              0
            ],
            "8.0": [
              -5,
              0,
              0
            ]
          }
        },
        "bone10": {
          "rotation": {
            "0.0": [
              0,
              0,
              0
            ],
            "0.3333": [
              -9.17,
              0,
              0
            ],
            "0.6667": [
              -21.39,
              0,
              0
            ],
            "1.0": [
              -27.5,
              0,
              0
            ],
            "1.3333": [
              -20.37,
              0,
              0
            ],
            "1.6667": [
              -7.13,
              0,
              0
            ],
            "2.0": [
              0,
              0,
              0
            ],
            "2.3333": [
              -7.13,
              0,
              0
            ],
            "2.6667": [
              -20.37,
              0,
              0
            ],
            "3.0": [
              -27.5,
              0,
              0
            ],
            "3.3333": [
              -20.37,
              0,
              0
            ],
            "3.6667": [
              -7.13,
              0,
              0
            ],
            "4.0": [
              0,
              0,
              0
            ],
            "4.3333": [
              -7.13,
              0,
              0
            ],
            "4.6667": [
              -20.37,
              0,
              0
            ],
            "5.0": [
              -27.5,
              0,
              0
            ],
            "5.3333": [
              -20.37,
              0,
              0
            ],
            "5.6667": [
              -7.13,
              0,
              0
            ],
            "6.0": [
              0,
              0,
              0
            ],
            "6.3333": [
              -7.13,
              0,
              0
            ],
            "6.6667": [
              -20.37,
              0,
              0
            ],
            "7.0": [
              -27.5,
              0,
              0
            ],
            "7.3333": [
              -21.39,
              0,
              0
            ],
            "7.6667": [
              -9.17,
              0,
              0
            ],
            "8.0": [
              0,
              0,
              0
            ]
          }
        },
        "bone11": {
          "position": {
            "0.0": [
              0,
              -2,
              0
            ],
            "0.3333": [
              0,
              -2,
              0
            ],
            "0.6667": [
              0,
              -2,
              0
            ],
            "1.0": [
              0,
              -2,
              0
            ],
            "1.3333": [
              0,
              -2,
              0
            ],
            "1.6667": [
              0,
              -2,
              0
            ],
            "2.0": [
              0,
              -2,
              0
            ],
            "2.3333": [
              0,
              -2,
              0
            ],
            "2.6667": [
              0,
              -2,
              0
            ],
            "3.0": [
              0,
              -2,
              0
            ],
            "3.3333": [
              0,
              -2,
              0
            ],
            "3.6667": [
              0,
              -2,
              0
            ],
            "4.0": [
              0,
              -2,
              0
            ],
            "4.3333": [
              0,
              -2,
              0
            ],
            "4.6667": [
              0,
              -2,
              0
            ],
            "5.0": [
              0,
              -2,
              0
            ],
            "5.3333": [
              0,
              -2,
              0
            ],
            "5.6667": [
              0,
              -2,
              0
            ],
            "6.0": [
              0,
              -2,
              0
            ],
            "6.3333": [
              0,
              -2,
              0
            ],
            "6.6667": [
              0,
              -2,
              0
            ],
            "7.0": [
              0,
              -2,
              0
            ],
            "7.3333": [
              0,
              -2,
              0
            ],
            "7.6667": [
              0,
              -2,
              0
            ],
            "8.0": [
              0,
              -2,
              0
            ]
          },
          "rotation": {
            "0.0": [
              0,
              0,
              0
            ],
            "0.3333": [
              -6.67,
              0,
              0
            ],
            "0.6667": [
              -15.56,
              0,
              0
            ],
            "1.0": [
              -20,
              0,
              0
            ],
            "1.3333": [
              -14.81,
              0,
              0
            ],
            "1.6667": [
              -5.19,
              0,
              0
            ],
            "2.0": [
              0,
              0,
              0
            ],
            "2.3333": [
              -5.19,
              0,
              0
            ],
            "2.6667": [
              -14.81,
              0,
              0
            ],
            "3.0": [
              -20,
              0,
              0
            ],
            "3.3333": [
              -14.81,
              0,
              0
            ],
            "3.6667": [
              -5.19,
              0,
              0
            ],
            "4.0": [
              0,
              0,
              0
            ],
            "4.3333": [
              -5.19,
              0,
              0
            ],
            "4.6667": [
              -14.81,
              0,
              0
            ],
            "5.0": [
              -20,
              0,
              0
            ],
            "5.3333": [
              -14.81,
              0,
              0
            ],
            "5.6667": [
              -5.19,
              0,
              0
            ],
            "6.0": [
              0,
              0,
              0
            ],
            "6.3333": [
              -5.19,
              0,
              0
            ],
            "6.6667": [
              -14.81,
              0,
              0
            ],
            "7.0": [
              -20,
              0,
              0
            ],
            "7.3333": [
              -15.56,
              0,
              0
            ],
            "7.6667": [
              -6.67,
              0,
              0
            ],
            "8.0": [
              0,
              0,
              0
            ]
          }
        },
        "bone12": {
          "rotation": {
            "0.0": [
              7.5,
              0,
              0
            ],
            "0.3333": [
              8.15,
              0,
              0
            ],
            "0.6667": [
              8.8,
              0,
              0
            ],
            "1.0": [
              7.5,
              0,
              0
            ],
            "1.3333": [
              2.31,
              0,
              0
            ],
            "1.6667": [
              -4.81,
              0,
              0
            ],
            "2.0": [
              -10,
              0,
              0
            ],
            "2.3333": [
              -11.01,
              0,
              0
            ],
            "2.6667": [
              -11.3,
              0,
              0
            ],
            "3.0": [
              -11.09,
              0,
              0
            ],
            "3.3333": [
              -10.65,
              0,
              0
            ],
            "3.6667": [
              -10.2,
              0,
              0
            ],
            "4.0": [
              -10,
              0,
              0
            ],
            "4.3333": [
              -10.46,
              0,
              0
            ],
            "4.6667": [
              -10.93,
              0,
              0
            ],
            "5.0": [
              -10,
              0,
              0
            ],
            "5.3333": [
              -7.21,
              0,
              0
            ],
            "5.6667": [
              -2.86,
              0,
              0
            ],
            "6.0": [
              1.17,
              0,
              0
            ],
            "6.3333": [
              3,
              0,
              0
            ],
            "6.5": [
              2.5,
              0,
              0
            ],
            "6.6667": [
              -3.99,
              0,
              0
            ],
            "7.0": [
              -25.3,
              0,
              0
            ],
            "7.1667": [
              -29.49,
              0,
              0
            ],
            "7.3333": [
              -25.92,
              0,
              0
            ],
            "7.6667": [
              -7.94,
              0,
              0
            ],
            "8.0": [
              7.5,
              0,
              0
            ]
          }
        },
        "bone13": {
          "rotation": {
            "0.0": [
              12.5,
              0,
              0
            ],
            "0.3333": [
              13.61,
              0,
              0
            ],
            "0.6667": [
              14.72,
              0,
              0
            ],
            "1.0": [
              12.5,
              0,
              0
            ],
            "1.3333": [
              3.61,
              0,
              0
            ],
            "1.6667": [
              -8.61,
              0,
              0
            ],
            "2.0": [
              -17.5,
              0,
              0
            ],
            "2.3333": [
              -19.24,
              0,
              0
            ],
            "2.6667": [
              -19.72,
              0,
              0
            ],
            "3.0": [
              -19.37,
              0,
              0
            ],
            "3.3333": [
              -18.61,
              0,
              0
            ],
            "3.6667": [
              -17.85,
              0,
              0
            ],
            "4.0": [
              -17.5,
              0,
              0
            ],
            "4.3333": [
              -18.43,
              0,
              0
            ],
            "4.6667": [
              -19.35,
              0,
              0
            ],
            "5.0": [
              -17.5,
              0,
              0
            ],
            "5.3333": [
              -12.26,
              0,
              0
            ],
            "5.6667": [
              -4.2,
              0,
              0
            ],
            "6.0": [
              3.51,
              0,
              0
            ],
            "6.3333": [
              7.71,
              0,
              0
            ],
            "6.5": [
              7.5,
              0,
              0
            ],
            "6.6667": [
              -1.31,
              0,
              0
            ],
            "7.0": [
              -32.27,
              0,
              0
            ],
            "7.1667": [
              -38.63,
              0,
              0
            ],
            "7.3333": [
              -33.81,
              0,
              0
            ],
            "7.6667": [
              -8.94,
              0,
              0
            ],
            "8.0": [
              12.5,
              0,
              0
            ]
          }
        },
        "bone14": {
          "rotation": {
            "0.0": [
              -7.5,
              0,
              0
            ],
            "0.3333": [
              3.33,
              0,
              0
            ],
            "0.6667": [
              17.78,
              0,
              0
            ],
            "1.0": [
              25,
              0,
              0
            ],
            "1.3333": [
              16.57,
              0,
              0
            ],
            "1.6667": [
              0.93,
              0,
              0
            ],
            "2.0": [
              -7.5,
              0,
              0
            ],
            "2.3333": [
              0.93,
              0,
              0
            ],
            "2.6667": [
              16.57,
              0,
              0
            ],
            "3.0": [
              25,
              0,
              0
            ],
            "3.3333": [
              16.57,
              0,
              0
            ],
            "3.6667": [
              0.93,
              0,
              0
            ],
            "4.0": [
              -7.5,
              0,
              0
            ],
            "4.3333": [
              0.93,
              0,
              0
            ],
            "4.6667": [
              16.57,
              0,
              0
            ],
            "5.0": [
              25,
              0,
              0
            ],
            "5.3333": [
              16.57,
              0,
              0
            ],
            "5.6667": [
              0.93,
              0,
              0
            ],
            "6.0": [
              -7.5,
              0,
              0
            ],
            "6.3333": [
              0.93,
              0,
              0
            ],
            "6.6667": [
              16.57,
              0,
              0
            ],
            "7.0": [
              25,
              0,
              0
            ],
            "7.3333": [
              17.78,
              0,
              0
            ],
            "7.6667": [
              3.33,
              0,
              0
            ],
            "8.0": [
              -7.5,
              0,
              0
            ]
          }
        },
        "bone15": {
          "rotation": {
            "0.0": [
              15,
              0,
              0
            ],
            "0.3333": [
              25,
              0,
              0
            ],
            "0.6667": [
              38.33,
              0,
              0
            ],
            "1.0": [
              45,
              0,
              0
            ],
            "1.3333": [
              37.22,
              0,
              0
            ],
            "1.6667": [
              22.78,
              0,
              0
            ],
            "2.0": [
              15,
              0,
              0
            ],
            "2.3333": [
              22.78,
              0,
              0
            ],
            "2.6667": [
              37.22,
              0,
              0
            ],
            "3.0": [
              45,
              0,
              0
            ],
            "3.3333": [
              37.22,
              0,
              0
            ],
            "3.6667": [
              22.78,
              0,
              0
            ],
            "4.0": [
              15,
              0,
              0
            ],
            "4.3333": [
              22.78,
              0,
              0
            ],
            "4.6667": [
              37.22,
              0,
              0
            ],
            "5.0": [
              45,
              0,
              0
            ],
            "5.3333": [
              37.22,
              0,
              0
            ],
            "5.6667": [
              22.78,
              0,
              0
            ],
            "6.0": [
              15,
              0,
              0
            ],
            "6.3333": [
              22.78,
              0,
              0
            ],
            "6.6667": [
              37.22,
              0,
              0
            ],
            "7.0": [
              45,
              0,
              0
            ],
            "7.3333": [
              38.33,
              0,
              0
            ],
            "7.6667": [
              25,
              0,
              0
            ],
            "8.0": [
              15,
              0,
              0
            ]
          }
        },
        "bone17": {
          "rotation": {
            "0.0": [
              0,
              0,
              0
            ],
            "0.3333": [
              11.67,
              0,
              0
            ],
            "0.6667": [
              27.22,
              0,
              0
            ],
            "1.0": [
              35,
              0,
              0
            ],
            "1.3333": [
              25.93,
              0,
              0
            ],
            "1.6667": [
              9.07,
              0,
              0
            ],
            "2.0": [
              0,
              0,
              0
            ],
            "2.3333": [
              9.07,
              0,
              0
            ],
            "2.6667": [
              25.93,
              0,
              0
            ],
            "3.0": [
              35,
              0,
              0
            ],
            "3.3333": [
              25.93,
              0,
              0
            ],
            "3.6667": [
              9.07,
              0,
              0
            ],
            "4.0": [
              0,
              0,
              0
            ],
            "4.3333": [
              9.07,
              0,
              0
            ],
            "4.6667": [
              25.93,
              0,
              0
            ],
            "5.0": [
              35,
              0,
              0
            ],
            "5.3333": [
              25.93,
              0,
              0
            ],
            "5.6667": [
              9.07,
              0,
              0
            ],
            "6.0": [
              0,
              0,
              0
            ],
            "6.3333": [
              9.07,
              0,
              0
            ],
            "6.6667": [
              25.93,
              0,
              0
            ],
            "7.0": [
              35,
              0,
              0
            ],
            "7.3333": [
              27.22,
              0,
              0
            ],
            "7.6667": [
              11.67,
              0,
              0
            ],
            "8.0": [
              0,
              0,
              0
            ]
          }
        },
        "bone18": {
          "rotation": {
            "0.0": [
              35,
              0,
              0
            ],
            "0.3333": [
              23.33,
              0,
              0
            ],
            "0.6667": [
              7.78,
              0,
              0
            ],
            "1.0": [
              0,
              0,
              0
            ],
            "1.3333": [
              9.07,
              0,
              0
            ],
            "1.6667": [
              25.93,
              0,
              0
            ],
            "2.0": [
              35,
              0,
              0
            ],
            "2.3333": [
              25.93,
              0,
              0
            ],
            "2.6667": [
              9.07,
              0,
              0
            ],
            "3.0": [
              0,
              0,
              0
            ],
            "3.3333": [
              9.07,
              0,
              0
            ],
            "3.6667": [
              25.93,
              0,
              0
            ],
            "4.0": [
              35,
              0,
              0
            ],
            "4.3333": [
              25.93,
              0,
              0
            ],
            "4.6667": [
              9.07,
              0,
              0
            ],
            "5.0": [
              0,
              0,
              0
            ],
            "5.3333": [
              9.07,
              0,
              0
            ],
            "5.6667": [
              25.93,
              0,
              0
            ],
            "6.0": [
              35,
              0,
              0
            ],
            "6.3333": [
              25.93,
              0,
              0
            ],
            "6.6667": [
              9.07,
              0,
              0
            ],
            "7.0": [
              0,
              0,
              0
            ],
            "7.3333": [
              7.78,
              0,
              0
            ],
            "7.6667": [
              23.33,
              0,
              0
            ],
            "8.0": [
              35,
              0,
              0
            ]
          }
        },
        "bone19": {
          "rotation": {
            "0.0": [
              20,
              0,
              0
            ],
            "0.3333": [
              30.83,
              0,
              0
            ],
            "0.6667": [
              45.28,
              0,
              0
            ],
            "1.0": [
              52.5,
              0,
              0
            ],
            "1.3333": [
              44.07,
              0,
              0
            ],
            "1.6667": [
              28.43,
              0,
              0
            ],
            "2.0": [
              20,
              0,
              0
            ],
            "2.3333": [
              28.43,
              0,
              0
            ],
            "2.6667": [
              44.07,
              0,
              0
            ],
            "3.0": [
              52.5,
              0,
              0
            ],
            "3.3333": [
              44.07,
              0,
              0
            ],
            "3.6667": [
              28.43,
              0,
              0
            ],
            "4.0": [
              20,
              0,
              0
            ],
            "4.3333": [
              28.43,
              0,
              0
            ],
            "4.6667": [
              44.07,
              0,
              0
            ],
            "5.0": [
              52.5,
              0,
              0
            ],
            "5.3333": [
              44.07,
              0,
              0
            ],
            "5.6667": [
              28.43,
              0,
              0
            ],
            "6.0": [
              20,
              0,
              0
            ],
            "6.3333": [
              28.43,
              0,
              0
            ],
            "6.6667": [
              44.07,
              0,
              0
            ],
            "7.0": [
              52.5,
              0,
              0
            ],
            "7.3333": [
              45.28,
              0,
              0
            ],
            "7.6667": [
              30.83,
              0,
              0
            ],
            "8.0": [
              20,
              0,
              0
            ]
          }
        },
        "bone2": {
          "rotation": {
            "0.0": [
              0,
              0,
              0
            ],
            "0.3333": [
              6.67,
              0,
              0
            ],
            "0.6667": [
              15.56,
              0,
              0
            ],
            "1.0": [
              20,
              0,
              0
            ],
            "1.3333": [
              14.81,
              0,
              0
            ],
            "1.6667": [
              5.19,
              0,
              0
            ],
            "2.0": [
              0,
              0,
              0
            ],
            "2.3333": [
              5.19,
              0,
              0
            ],
            "2.6667": [
              14.81,
              0,
              0
            ],
            "3.0": [
              20,
              0,
              0
            ],
            "3.3333": [
              14.81,
              0,
              0
            ],
            "3.6667": [
              5.19,
              0,
              0
            ],
            "4.0": [
              0,
              0,
              0
            ],
            "4.3333": [
              5.19,
              0,
              0
            ],
            "4.6667": [
              14.81,
              0,
              0
            ],
            "5.0": [
              20,
              0,
              0
            ],
            "5.3333": [
              14.81,
              0,
              0
            ],
            "5.6667": [
              5.19,
              0,
              0
            ],
            "6.0": [
              0,
              0,
              0
            ],
            "6.3333": [
              5.19,
              0,
              0
            ],
            "6.6667": [
              14.81,
              0,
              0
            ],
            "7.0": [
              20,
              0,
              0
            ],
            "7.3333": [
              15.56,
              0,
              0
            ],
            "7.6667": [
              6.67,
              0,
              0
            ],
            "8.0": [
              0,
              0,
              0
            ]
          }
        },
        "bone3": {
          "rotation": {
            "0.0": [
              0,
              0,
              0
            ],
            "0.3333": [
              -0.83,
              0,
              0
            ],
            "0.6667": [
              -1.94,
              0,
              0
            ],
            "1.0": [
              -2.5,
              0,
              0
            ],
            "1.3333": [
              -1.85,
              0,
              0
            ],
            "1.6667": [
              -0.65,
              0,
              0
            ],
            "2.0": [
              0,
              0,
              0
            ],
            "2.3333": [
              -0.65,
              0,
              0
            ],
            "2.6667": [
              -1.85,
              0,
              0
            ],
            "3.0": [
              -2.5,
              0,
              0
            ],
            "3.3333": [
              -1.85,
              0,
              0
            ],
            "3.6667": [
              -0.65,
              0,
              0
            ],
            "4.0": [
              0,
              0,
              0
            ],
            "4.3333": [
              -0.65,
              0,
              0
            ],
            "4.6667": [
              -1.85,
              0,
              0
            ],
            "5.0": [
              -2.5,
              0,
              0
            ],
            "5.3333": [
              -1.85,
              0,
              0
            ],
            "5.6667": [
              -0.65,
              0,
              0
            ],
            "6.0": [
              0,
              0,
              0
            ],
            "6.3333": [
              -0.65,
              0,
              0
            ],
            "6.6667": [
              -1.85,
              0,
              0
            ],
            "7.0": [
              -2.5,
              0,
              0
            ],
            "7.3333": [
              -1.94,
              0,
              0
            ],
            "7.6667": [
              -0.83,
              0,
              0
            ],
            "8.0": [
              0,
              0,
              0
            ]
          }
        },
        "bone4": {
          "rotation": {
            "0.0": [
              0,
              0,
              0
            ],
            "0.3333": [
              -1.67,
              0,
              0
            ],
            "0.6667": [
              -3.89,
              0,
              0
            ],
            "1.0": [
              -5,
              0,
              0
            ],
            "1.3333": [
              -3.7,
              0,
              0
            ],
            "1.6667": [
              -1.3,
              0,
              0
            ],
            "2.0": [
              0,
              0,
              0
            ],
            "2.3333": [
              -1.3,
              0,
              0
            ],
            "2.6667": [
              -3.7,
              0,
              0
            ],
            "3.0": [
              -5,
              0,
              0
            ],
            "3.3333": [
              -3.7,
              0,
              0
            ],
            "3.6667": [
              -1.3,
              0,
              0
            ],
            "4.0": [
              0,
              0,
              0
            ],
            "4.3333": [
              -1.3,
              0,
              0
            ],
            "4.6667": [
              -3.7,
              0,
              0
            ],
            "5.0": [
              -5,
              0,
              0
            ],
            "5.3333": [
              -3.7,
              0,
              0
            ],
            "5.6667": [
              -1.3,
              0,
              0
            ],
            "6.0": [
              0,
              0,
              0
            ],
            "6.3333": [
              -1.3,
              0,
              0
            ],
            "6.6667": [
              -3.7,
              0,
              0
            ],
            "7.0": [
              -5,
              0,
              0
            ],
            "7.3333": [
              -3.89,
              0,
              0
            ],
            "7.6667": [
              -1.67,
              0,
              0
            ],
            "8.0": [
              0,
              0,
              0
            ]
          }
        },
        "bone5": {
          "rotation": {
            "0.0": [
              0,
              0,
              0
            ],
            "0.3333": [
              1.67,
              0,
              0
            ],
            "0.6667": [
              3.89,
              0,
              0
            ],
            "1.0": [
              5,
              0,
              0
            ],
            "1.3333": [
              3.7,
              0,
              0
            ],
            "1.6667": [
              1.3,
              0,
              0
            ],
            "2.0": [
              0,
              0,
              0
            ],
            "2.3333": [
              1.3,
              0,
              0
            ],
            "2.6667": [
              3.7,
              0,
              0
            ],
            "3.0": [
              5,
              0,
              0
            ],
            "3.3333": [
              3.7,
              0,
              0
            ],
            "3.6667": [
              1.3,
              0,
              0
            ],
            "4.0": [
              0,
              0,
              0
            ],
            "4.3333": [
              1.3,
              0,
              0
            ],
            "4.6667": [
              3.7,
              0,
              0
            ],
            "5.0": [
              5,
              0,
              0
            ],
            "5.3333": [
              3.7,
              0,
              0
            ],
            "5.6667": [
              1.3,
              0,
              0
            ],
            "6.0": [
              0,
              0,
              0
            ],
            "6.3333": [
              1.3,
              0,
              0
            ],
            "6.6667": [
              3.7,
              0,
              0
            ],
            "7.0": [
              5,
              0,
              0
            ],
            "7.3333": [
              3.89,
              0,
              0
            ],
            "7.6667": [
              1.67,
              0,
              0
            ],
            "8.0": [
              0,
              0,
              0
            ]
          }
        },
        "bone6": {
          "rotation": {
            "0.0": [
              0,
              0,
              0
            ],
            "0.3333": [
              -0.83,
              0,
              0
            ],
            "0.6667": [
              -1.94,
              0,
              0
            ],
            "1.0": [
              -2.5,
              0,
              0
            ],
            "1.3333": [
              -1.85,
              0,
              0
            ],
            "1.6667": [
              -0.65,
              0,
              0
            ],
            "2.0": [
              0,
              0,
              0
            ],
            "2.3333": [
              -0.65,
              0,
              0
            ],
            "2.6667": [
              -1.85,
              0,
              0
            ],
            "3.0": [
              -2.5,
              0,
              0
            ],
            "3.3333": [
              -1.85,
              0,
              0
            ],
            "3.6667": [
              -0.65,
              0,
              0
            ],
            "4.0": [
              0,
              0,
              0
            ],
            "4.3333": [
              -0.65,
              0,
              0
            ],
            "4.6667": [
              -1.85,
              0,
              0
            ],
            "5.0": [
              -2.5,
              0,
              0
            ],
            "5.3333": [
              -1.85,
              0,
              0
            ],
            "5.6667": [
              -0.65,
              0,
              0
            ],
            "6.0": [
              0,
              0,
              0
            ],
            "6.3333": [
              -0.65,
              0,
              0
            ],
            "6.6667": [
              -1.85,
              0,
              0
            ],
            "7.0": [
              -2.5,
              0,
              0
            ],
            "7.3333": [
              -1.94,
              0,
              0
            ],
            "7.6667": [
              -0.83,
              0,
              0
            ],
            "8.0": [
              0,
              0,
              0
            ]
          }
        },
        "bone7": {
          "rotation": {
            "0.0": [
              0,
              0,
              0
            ],
            "0.3333": [
              1.67,
              0,
              0
            ],
            "0.6667": [
              3.89,
              0,
              0
            ],
            "1.0": [
              5,
              0,
              0
            ],
            "1.3333": [
              3.7,
              0,
              0
            ],
            "1.6667": [
              1.3,
              0,
              0
            ],
            "2.0": [
              0,
              0,
              0
            ],
            "2.3333": [
              1.3,
              0,
              0
            ],
            "2.6667": [
              3.7,
              0,
              0
            ],
            "3.0": [
              5,
              0,
              0
            ],
            "3.3333": [
              3.7,
              0,
              0
            ],
            "3.6667": [
              1.3,
              0,
              0
            ],
            "4.0": [
              0,
              0,
              0
            ],
            "4.3333": [
              1.3,
              0,
              0
            ],
            "4.6667": [
              3.7,
              0,
              0
            ],
            "5.0": [
              5,
              0,
              0
            ],
            "5.3333": [
              3.7,
              0,
              0
            ],
            "5.6667": [
              1.3,
              0,
              0
            ],
            "6.0": [
              0,
              0,
              0
            ],
            "6.3333": [
              1.3,
              0,
              0
            ],
            "6.6667": [
              3.7,
              0,
              0
            ],
            "7.0": [
              5,
              0,
              0
            ],
            "7.3333": [
              3.89,
              0,
              0
            ],
            "7.6667": [
              1.67,
              0,
              0
            ],
            "8.0": [
              0,
              0,
              0
            ]
          }
        },
        "bone8": {
          "rotation": {
            "0.0": [
              0,
              0,
              0
            ],
            "0.3333": [
              -1.67,
              0,
              0
            ],
            "0.6667": [
              -3.89,
              0,
              0
            ],
            "1.0": [
              -5,
              0,
              0
            ],
            "1.3333": [
              -3.7,
              0,
              0
            ],
            "1.6667": [
              -1.3,
              0,
              0
            ],
            "2.0": [
              0,
              0,
              0
            ],
            "2.3333": [
              -1.3,
              0,
              0
            ],
            "2.6667": [
              -3.7,
              0,
              0
            ],
            "3.0": [
              -5,
              0,
              0
            ],
            "3.3333": [
              -3.7,
              0,
              0
            ],
            "3.6667": [
              -1.3,
              0,
              0
            ],
            "4.0": [
              0,
              0,
              0
            ],
            "4.3333": [
              -1.3,
              0,
              0
            ],
            "4.6667": [
              -3.7,
              0,
              0
            ],
            "5.0": [
              -5,
              0,
              0
            ],
            "5.3333": [
              -3.7,
              0,
              0
            ],
            "5.6667": [
              -1.3,
              0,
              0
            ],
            "6.0": [
              0,
              0,
              0
            ],
            "6.3333": [
              -1.3,
              0,
              0
            ],
            "6.6667": [
              -3.7,
              0,
              0
            ],
            "7.0": [
              -5,
              0,
              0
            ],
            "7.3333": [
              -3.89,
              0,
              0
            ],
            "7.6667": [
              -1.67,
              0,
              0
            ],
            "8.0": [
              0,
              0,
              0
            ]
          }
        },
        "bone9": {
          "position": {
            "0.0": [
              0,
              0,
              0
            ],
            "0.3333": [
              0,
              0,
              0
            ],
            "0.6667": [
              0,
              0,
              0
            ],
            "1.0": [
              0,
              0,
              0
            ],
            "1.3333": [
              0,
              0,
              0
            ],
            "1.6667": [
              0,
              0,
              0
            ],
            "2.0": [
              0,
              0,
              0
            ],
            "2.3333": [
              0,
              0,
              0
            ],
            "2.6667": [
              0,
              0,
              0
            ],
            "3.0": [
              0,
              0,
              0
            ],
            "3.3333": [
              0,
              0,
              0
            ],
            "3.6667": [
              0,
              0,
              0
            ],
            "4.0": [
              0,
              0,
              0
            ],
            "4.3333": [
              0,
              0,
              0
            ],
            "4.6667": [
              0,
              0,
              0
            ],
            "5.0": [
              0,
              0,
              0
            ],
            "5.3333": [
              0,
              0,
              0
            ],
            "5.6667": [
              0,
              0,
              0
            ],
            "6.0": [
              0,
              0,
              0
            ],
            "6.3333": [
              0,
              0,
              0
            ],
            "6.6667": [
              0,
              0,
              0
            ],
            "7.0": [
              0,
              0,
              0
            ],
            "7.3333": [
              0,
              0,
              0
            ],
            "7.6667": [
              0,
              0,
              0
            ],
            "8.0": [
              0,
              0,
              0
            ]
          },
          "rotation": {
            "0.0": [
              0,
              0,
              0
            ],
            "0.3333": [
              1.67,
              0,
              0
            ],
            "0.6667": [
              3.89,
              0,
              0
            ],
            "1.0": [
              5,
              0,
              0
            ],
            "1.3333": [
              3.7,
              0,
              0
            ],
            "1.6667": [
              1.3,
              0,
              0
            ],
            "2.0": [
              0,
              0,
              0
            ],
            "2.3333": [
              1.3,
              0,
              0
            ],
            "2.6667": [
              3.7,
              0,
              0
            ],
            "3.0": [
              5,
              0,
              0
            ],
            "3.3333": [
              3.7,
              0,
              0
            ],
            "3.6667": [
              1.3,
              0,
              0
            ],
            "4.0": [
              0,
              0,
              0
            ],
            "4.3333": [
              1.3,
              0,
              0
            ],
            "4.6667": [
              3.7,
              0,
              0
            ],
            "5.0": [
              5,
              0,
              0
            ],
            "5.3333": [
              3.7,
              0,
              0
            ],
            "5.6667": [
              1.3,
              0,
              0
            ],
            "6.0": [
              0,
              0,
              0
            ],
            "6.3333": [
              1.3,
              0,
              0
            ],
            "6.6667": [
              3.7,
              0,
              0
            ],
            "7.0": [
              5,
              0,
              0
            ],
            "7.3333": [
              3.89,
              0,
              0
            ],
            "7.6667": [
              1.67,
              0,
              0
            ],
            "8.0": [
              0,
              0,
              0
            ]
          }
        },
        "frontbody": {
          "rotation": {
            "0.0": [
              0,
              0,
              0
            ],
            "0.3333": [
              -3.33,
              0,
              0
            ],
            "0.6667": [
              -7.78,
              0,
              0
            ],
            "1.0": [
              -10,
              0,
              0
            ],
            "1.3333": [
              -7.41,
              0,
              0
            ],
            "1.6667": [
              -2.59,
              0,
              0
            ],
            "2.0": [
              0,
              0,
              0
            ],
            "2.3333": [
              -2.59,
              0,
              0
            ],
            "2.6667": [
              -7.41,
              0,
              0
            ],
            "3.0": [
              -10,
              0,
              0
            ],
            "3.3333": [
              -7.41,
              0,
              0
            ],
            "3.6667": [
              -2.59,
              0,
              0
            ],
            "4.0": [
              0,
              0,
              0
            ],
            "4.3333": [
              -2.59,
              0,
              0
            ],
            "4.6667": [
              -7.41,
              0,
              0
            ],
            "5.0": [
              -10,
              0,
              0
            ],
            "5.3333": [
              -7.41,
              0,
              0
            ],
            "5.6667": [
              -2.59,
              0,
              0
            ],
            "6.0": [
              0,
              0,
              0
            ],
            "6.3333": [
              -2.59,
              0,
              0
            ],
            "6.6667": [
              -7.41,
              0,
              0
            ],
            "7.0": [
              -10,
              0,
              0
            ],
            "7.3333": [
              -7.78,
              0,
              0
            ],
            "7.6667": [
              -3.33,
              0,
              0
            ],
            "8.0": [
              0,
              0,
              0
            ]
          }
        },
        "hair_whisk": {
          "rotation": {
            "0.0": [
              6.67,
              0,
              -6.67
            ],
            "0.3333": [
              7.51,
              0,
              -7.51
            ],
            "0.6667": [
              8.8,
              0,
              -8.8
            ],
            "1.0": [
              9.9,
              0,
              -9.9
            ],
            "1.3333": [
              10.15,
              0,
              -10.15
            ],
            "1.4167": [
              10,
              0,
              -10
            ],
            "1.6667": [
              9.03,
              0,
              -9.03
            ],
            "2.0": [
              6.69,
              0,
              -6.69
            ],
            "2.3333": [
              3.88,
              0,
              -3.88
            ],
            "2.6667": [
              1.41,
              0,
              -1.41
            ],
            "3.0": [
              0.06,
              0,
              -0.06
            ],
            "3.0833": [
              0,
              0,
              0
            ],
            "3.3333": [
              0.47,
              0,
              -0.47
            ],
            "3.6667": [
              2.22,
              0,
              -2.22
            ],
            "4.0": [
              4.67,
              0,
              -4.67
            ],
            "4.3333": [
              7.21,
              0,
              -7.21
            ],
            "4.6667": [
              9.2,
              0,
              -9.2
            ],
            "5.0": [
              10,
              0,
              -10
            ],
            "5.3333": [
              9.17,
              0,
              -9.17
            ],
            "5.6667": [
              7.13,
              0,
              -7.13
            ],
            "6.0": [
              4.55,
              0,
              -4.55
            ],
            "6.3333": [
              2.07,
              0,
              -2.07
            ],
            "6.6667": [
              0.36,
              0,
              -0.36
            ],
            "6.8333": [
              0,
              0,
              0
            ],
            "7.0": [
              0.14,
              0,
              -0.14
            ],
            "7.3333": [
              2.04,
              0,
              -2.04
            ],
            "7.6667": [
              4.76,
              0,
              -4.76
            ],
            "8.0": [
              6.67,
              0,
              -6.67
            ]
          }
        },
        "hair_whisk2": {
          "rotation": {
            "0.0": [
              14.94,
              -0.98,
              7.44
            ],
            "0.3333": [
              11.82,
              -0.77,
              5.88
            ],
            "0.6667": [
              7.14,
              -0.47,
              3.56
            ],
            "1.0": [
              2.66,
              -0.17,
              1.32
            ],
            "1.3333": [
              0.12,
              -0.01,
              0.06
            ],
            "1.4167": [
              0,
              0,
              0
            ],
            "1.6667": [
              1.04,
              -0.07,
              0.52
            ],
            "2.0": [
              4.77,
              -0.31,
              2.37
            ],
            "2.3333": [
              9.56,
              -0.63,
              4.76
            ],
            "2.6667": [
              13.68,
              -0.89,
              6.81
            ],
            "2.8333": [
              14.94,
              -0.98,
              7.44
            ],
            "3.0": [
              15.47,
              -1.01,
              7.7
            ],
            "3.3333": [
              16.26,
              -1.06,
              8.1
            ],
            "3.6667": [
              16.7,
              -1.09,
              8.32
            ],
            "4.0": [
              16.79,
              -1.1,
              8.36
            ],
            "4.3333": [
              16.53,
              -1.08,
              8.23
            ],
            "4.6667": [
              15.91,
              -1.04,
              7.92
            ],
            "5.0": [
              14.94,
              -0.98,
              7.44
            ],
            "5.3333": [
              11.82,
              -0.77,
              5.88
            ],
            "5.6667": [
              7.14,
              -0.47,
              3.56
            ],
            "6.0": [
              2.66,
              -0.17,
              1.32
            ],
            "6.3333": [
              0.12,
              -0.01,
              0.06
            ],
            "6.4167": [
              0,
              0,
              0
            ],
            "6.6667": [
              0.84,
              -0.06,
              0.42
            ],
            "7.0": [
              3.95,
              -0.26,
              1.97
            ],
            "7.3333": [
              8.17,
              -0.53,
              4.07
            ],
            "7.6667": [
              12.25,
              -0.8,
              6.1
            ],
            "8.0": [
              14.94,
              -0.98,
              7.44
            ]
          }
        },
        "head": {
          "rotation": {
            "0.0": [
              0,
              0,
              0
            ],
            "0.3333": [
              -3.33,
              0,
              0
            ],
            "0.6667": [
              -7.78,
              0,
              0
            ],
            "1.0": [
              -10,
              0,
              0
            ],
            "1.3333": [
              -7.41,
              0,
              0
            ],
            "1.6667": [
              -2.59,
              0,
              0
            ],
            "2.0": [
              0,
              0,
              0
            ],
            "2.3333": [
              -2.59,
              0,
              0
            ],
            "2.6667": [
              -7.41,
              0,
              0
            ],
            "3.0": [
              -10,
              0,
              0
            ],
            "3.3333": [
              -7.41,
              0,
              0
            ],
            "3.6667": [
              -2.59,
              0,
              0
            ],
            "4.0": [
              0,
              0,
              0
            ],
            "4.3333": [
              -2.59,
              0,
              0
            ],
            "4.6667": [
              -7.41,
              0,
              0
            ],
            "5.0": [
              -10,
              0,
              0
            ],
            "5.3333": [
              -7.41,
              0,
              0
            ],
            "5.6667": [
              -2.59,
              0,
              0
            ],
            "6.0": [
              0,
              0,
              0
            ],
            "6.3333": [
              -2.59,
              0,
              0
            ],
            "6.6667": [
              -7.41,
              0,
              0
            ],
            "7.0": [
              -10,
              0,
              0
            ],
            "7.3333": [
              -7.78,
              0,
              0
            ],
            "7.6667": [
              -3.33,
              0,
              0
            ],
            "8.0": [
              0,
              0,
              0
            ]
          }
        },
        "head2": {
          "position": {
            "0.0": [
              0,
              0,
              0
            ],
            "0.3333": [
              0,
              0,
              0
            ],
            "0.6667": [
              0,
              0,
              0
            ],
            "1.0": [
              0,
              0,
              0
            ],
            "1.3333": [
              0,
              0,
              0
            ],
            "1.6667": [
              0,
              0,
              0
            ],
            "2.0": [
              0,
              0,
              0
            ],
            "2.3333": [
              0,
              0,
              0
            ],
            "2.6667": [
              0,
              0,
              0
            ],
            "3.0": [
              0,
              0,
              0
            ],
            "3.3333": [
              0,
              0,
              0
            ],
            "3.6667": [
              0,
              0,
              0
            ],
            "4.0": [
              0,
              0,
              0
            ],
            "4.3333": [
              0,
              0,
              0
            ],
            "4.6667": [
              0,
              0,
              0
            ],
            "5.0": [
              0,
              0,
              0
            ],
            "5.3333": [
              0,
              0,
              0
            ],
            "5.6667": [
              0,
              0,
              0
            ],
            "6.0": [
              0,
              0,
              0
            ],
            "6.3333": [
              0,
              0,
              0
            ],
            "6.6667": [
              0,
              0,
              0
            ],
            "7.0": [
              0,
              0,
              0
            ],
            "7.3333": [
              0,
              0,
              0
            ],
            "7.6667": [
              0,
              0,
              0
            ],
            "8.0": [
              0,
              0,
              0
            ]
          },
          "rotation": {
            "0.0": [
              -7.5,
              0,
              0
            ],
            "0.3333": [
              -9.81,
              0,
              0
            ],
            "0.6667": [
              -12.13,
              0,
              0
            ],
            "1.0": [
              -7.5,
              0,
              0
            ],
            "1.3333": [
              11.02,
              0,
              0
            ],
            "1.6667": [
              36.48,
              0,
              0
            ],
            "2.0": [
              55,
              0,
              0
            ],
            "2.3333": [
              58.67,
              0,
              0
            ],
            "2.6667": [
              59.81,
              0,
              0
            ],
            "3.0": [
              59.22,
              0,
              0
            ],
            "3.3333": [
              57.68,
              0,
              0
            ],
            "3.6667": [
              56.01,
              0,
              0
            ],
            "4.0": [
              55,
              0,
              0
            ],
            "4.3333": [
              55.01,
              0,
              0
            ],
            "4.6667": [
              55.47,
              0,
              0
            ],
            "5.0": [
              55.8,
              0,
              0
            ],
            "5.3333": [
              55.39,
              0,
              0
            ],
            "5.6667": [
              53.67,
              0,
              0
            ],
            "6.0": [
              50.03,
              0,
              0
            ],
            "6.3333": [
              11.48,
              0,
              0
            ],
            "6.5": [
              -2.5,
              0,
              0
            ],
            "6.6667": [
              -1.79,
              0,
              0
            ],
            "7.0": [
              13.01,
              0,
              0
            ],
            "7.1667": [
              16.4,
              0,
              0
            ],
            "7.3333": [
              13.98,
              0,
              0
            ],
            "7.6667": [
              2.39,
              0,
              0
            ],
            "8.0": [
              -7.5,
              0,
              0
            ]
          }
        },
        "jaw": {
          "rotation": [
            2.5,
            0,
            0
          ]
        },
        "leg1": {
          "rotation": {
            "0.0": [
              0,
              0,
              0
            ],
            "0.3333": [
              2.5,
              0,
              0
            ],
            "0.6667": [
              5.83,
              0,
              0
            ],
            "1.0": [
              7.5,
              0,
              0
            ],
            "1.3333": [
              5.56,
              0,
              0
            ],
            "1.6667": [
              1.94,
              0,
              0
            ],
            "2.0": [
              0,
              0,
              0
            ],
            "2.3333": [
              1.94,
              0,
              0
            ],
            "2.6667": [
              5.56,
              0,
              0
            ],
            "3.0": [
              7.5,
              0,
              0
            ],
            "3.3333": [
              5.56,
              0,
              0
            ],
            "3.6667": [
              1.94,
              0,
              0
            ],
            "4.0": [
              0,
              0,
              0
            ],
            "4.3333": [
              1.94,
              0,
              0
            ],
            "4.6667": [
              5.56,
              0,
              0
            ],
            "5.0": [
              7.5,
              0,
              0
            ],
            "5.3333": [
              5.56,
              0,
              0
            ],
            "5.6667": [
              1.94,
              0,
              0
            ],
            "6.0": [
              0,
              0,
              0
            ],
            "6.3333": [
              1.94,
              0,
              0
            ],
            "6.6667": [
              5.56,
              0,
              0
            ],
            "7.0": [
              7.5,
              0,
              0
            ],
            "7.3333": [
              5.83,
              0,
              0
            ],
            "7.6667": [
              2.5,
              0,
              0
            ],
            "8.0": [
              0,
              0,
              0
            ]
          }
        },
        "leg2": {
          "rotation": {
            "0.0": [
              0,
              0,
              0
            ],
            "0.3333": [
              2.5,
              0,
              0
            ],
            "0.6667": [
              5.83,
              0,
              0
            ],
            "1.0": [
              7.5,
              0,
              0
            ],
            "1.3333": [
              5.83,
              0,
              0
            ],
            "1.6667": [
              2.5,
              0,
              0
            ],
            "2.0": [
              0,
              0,
              0
            ]
          }
        },
        "leg3": {
          "rotation": {
            "0.0": [
              -25,
              0,
              0
            ],
            "0.3333": [
              -16.67,
              0,
              0
            ],
            "0.6667": [
              -5.56,
              0,
              0
            ],
            "1.0": [
              0,
              0,
              0
            ],
            "1.3333": [
              -6.48,
              0,
              0
            ],
            "1.6667": [
              -18.52,
              0,
              0
            ],
            "2.0": [
              -25,
              0,
              0
            ],
            "2.3333": [
              -18.52,
              0,
              0
            ],
            "2.6667": [
              -6.48,
              0,
              0
            ],
            "3.0": [
              0,
              0,
              0
            ],
            "3.3333": [
              -6.48,
              0,
              0
            ],
            "3.6667": [
              -18.52,
              0,
              0
            ],
            "4.0": [
              -25,
              0,
              0
            ],
            "4.3333": [
              -18.52,
              0,
              0
            ],
            "4.6667": [
              -6.48,
              0,
              0
            ],
            "5.0": [
              0,
              0,
              0
            ],
            "5.3333": [
              -6.48,
              0,
              0
            ],
            "5.6667": [
              -18.52,
              0,
              0
            ],
            "6.0": [
              -25,
              0,
              0
            ],
            "6.3333": [
              -18.52,
              0,
              0
            ],
            "6.6667": [
              -6.48,
              0,
              0
            ],
            "7.0": [
              0,
              0,
              0
            ],
            "7.3333": [
              -5.56,
              0,
              0
            ],
            "7.6667": [
              -16.67,
              0,
              0
            ],
            "8.0": [
              -25,
              0,
              0
            ]
          }
        },
        "leg4": {
          "rotation": {
            "0.0": [
              -22.5,
              0,
              0
            ],
            "0.3333": [
              -11.67,
              0,
              0
            ],
            "0.6667": [
              2.78,
              0,
              0
            ],
            "1.0": [
              10,
              0,
              0
            ],
            "1.3333": [
              1.57,
              0,
              0
            ],
            "1.6667": [
              -14.07,
              0,
              0
            ],
            "2.0": [
              -22.5,
              0,
              0
            ],
            "2.3333": [
              -14.07,
              0,
              0
            ],
            "2.6667": [
              1.57,
              0,
              0
            ],
            "3.0": [
              10,
              0,
              0
            ],
            "3.3333": [
              1.57,
              0,
              0
            ],
            "3.6667": [
              -14.07,
              0,
              0
            ],
            "4.0": [
              -22.5,
              0,
              0
            ],
            "4.3333": [
              -14.07,
              0,
              0
            ],
            "4.6667": [
              1.57,
              0,
              0
            ],
            "5.0": [
              10,
              0,
              0
            ],
            "5.3333": [
              1.57,
              0,
              0
            ],
            "5.6667": [
              -14.07,
              0,
              0
            ],
            "6.0": [
              -22.5,
              0,
              0
            ],
            "6.3333": [
              -14.07,
              0,
              0
            ],
            "6.6667": [
              1.57,
              0,
              0
            ],
            "7.0": [
              10,
              0,
              0
            ],
            "7.3333": [
              2.78,
              0,
              0
            ],
            "7.6667": [
              -11.67,
              0,
              0
            ],
            "8.0": [
              -22.5,
              0,
              0
            ]
          }
        },
        "leg5": {
          "rotation": {
            "0.0": [
              0,
              0,
              0
            ],
            "2.0": [
              0,
              0,
              0
            ],
            "2.3333": [
              -5,
              0,
              0
            ],
            "2.6667": [
              -11.67,
              0,
              0
            ],
            "3.0": [
              -15,
              0,
              0
            ],
            "3.3333": [
              -11.11,
              0,
              0
            ],
            "3.6667": [
              -3.89,
              0,
              0
            ],
            "4.0": [
              0,
              0,
              0
            ],
            "4.3333": [
              -3.61,
              0,
              0
            ],
            "4.6667": [
              -10.56,
              0,
              0
            ],
            "5.0": [
              -15,
              0,
              0
            ],
            "5.3333": [
              -15.19,
              0,
              0
            ],
            "5.6667": [
              -12.87,
              0,
              0
            ],
            "6.0": [
              -7.5,
              0,
              0
            ],
            "6.3333": [
              22,
              0,
              0
            ],
            "6.5": [
              27.5,
              0,
              0
            ],
            "6.6667": [
              16.57,
              0,
              0
            ],
            "7.0": [
              -23.46,
              0,
              0
            ],
            "7.1667": [
              -34.44,
              0,
              0
            ],
            "7.3333": [
              -33.17,
              0,
              0
            ],
            "7.6667": [
              -15.92,
              0,
              0
            ],
            "8.0": [
              0,
              0,
              0
            ]
          }
        },
        "leg6": {
          "rotation": {
            "0.0": [
              0,
              0,
              0
            ],
            "2.0": [
              0,
              0,
              0
            ],
            "2.3333": [
              3.33,
              0,
              0
            ],
            "2.6667": [
              7.78,
              0,
              0
            ],
            "3.0": [
              10,
              0,
              0
            ],
            "3.3333": [
              7.41,
              0,
              0
            ],
            "3.6667": [
              2.59,
              0,
              0
            ],
            "4.0": [
              0,
              0,
              0
            ],
            "4.3333": [
              2.87,
              0,
              0
            ],
            "4.6667": [
              7.96,
              0,
              0
            ],
            "5.0": [
              10,
              0,
              0
            ],
            "5.3333": [
              3.89,
              0,
              0
            ],
            "5.6667": [
              -5.28,
              0,
              0
            ],
            "6.0": [
              -7.5,
              0,
              0
            ],
            "6.3333": [
              26.89,
              0,
              0
            ],
            "6.5": [
              37.5,
              0,
              0
            ],
            "6.6667": [
              31.22,
              0,
              0
            ],
            "7.0": [
              1.68,
              0,
              0
            ],
            "7.1667": [
              -8.07,
              0,
              0
            ],
            "7.3333": [
              -9.76,
              0,
              0
            ],
            "7.6667": [
              -5.22,
              0,
              0
            ],
            "8.0": [
              0,
              0,
              0
            ]
          }
        },
        "leg7": {
          "rotation": {
            "2.0": [
              -12.5,
              0,
              0
            ],
            "2.3333": [
              -3.33,
              0,
              0
            ],
            "2.6667": [
              -7.78,
              0,
              0
            ],
            "3.0": [
              -10,
              0,
              0
            ],
            "3.3333": [
              -7.41,
              0,
              0
            ],
            "3.6667": [
              -2.59,
              0,
              0
            ],
            "4.0": [
              0,
              0,
              0
            ],
            "4.3333": [
              -3.06,
              0,
              0
            ],
            "4.6667": [
              -8.33,
              0,
              0
            ],
            "5.0": [
              -10,
              0,
              0
            ],
            "5.3333": [
              -5.09,
              0,
              0
            ],
            "5.6667": [
              3.43,
              0,
              0
            ],
            "6.0": [
              12.5,
              0,
              0
            ],
            "6.3333": [
              36.57,
              0,
              0
            ],
            "6.5": [
              40,
              0,
              0
            ],
            "6.6667": [
              31.27,
              0,
              0
            ],
            "7.0": [
              -1.19,
              0,
              0
            ],
            "7.1667": [
              -12.5,
              0,
              0
            ]
          }
        },
        "leg8": {
          "rotation": {
            "0.0": [
              0,
              0,
              0
            ],
            "2.0": [
              0,
              0,
              0
            ],
            "2.3333": [
              3.33,
              0,
              0
            ],
            "2.6667": [
              7.78,
              0,
              0
            ],
            "3.0": [
              10,
              0,
              0
            ],
            "3.3333": [
              7.41,
              0,
              0
            ],
            "3.6667": [
              2.59,
              0,
              0
            ],
            "4.0": [
              0,
              0,
              0
            ],
            "4.3333": [
              3.33,
              0,
              0
            ],
            "4.6667": [
              8.89,
              0,
              0
            ],
            "5.0": [
              10,
              0,
              0
            ],
            "5.3333": [
              0,
              0,
              0
            ],
            "5.6667": [
              -14.44,
              0,
              0
            ],
            "6.0": [
              -20,
              0,
              0
            ],
            "6.3333": [
              18.11,
              0,
              0
            ],
            "6.5": [
              30,
              0,
              0
            ],
            "6.6667": [
              21.87,
              0,
              0
            ],
            "7.0": [
              -13.97,
              0,
              0
            ],
            "7.1667": [
              -24.49,
              0,
              0
            ],
            "7.3333": [
              -24.26,
              0,
              0
            ],
            "7.6667": [
              -11.82,
              0,
              0
            ],
            "8.0": [
              0,
              0,
              0
            ]
          }
        },
        "lildragon": {
          "position": {
            "0.0": [
              0,
              -14,
              12
            ],
            "0.3333": [
              3.37,
              2.69,
              3.81
            ],
            "0.5": [
              3,
              12.5,
              -1
            ],
            "0.6667": [
              -0.78,
              22.31,
              -5.81
            ],
            "1.0": [
              -14,
              39,
              -14
            ],
            "1.3333": [
              -23.38,
              40.9,
              -14.93
            ],
            "1.6667": [
              -33.98,
              39.85,
              -14.42
            ],
            "2.0": [
              -42,
              39,
              -14
            ],
            "2.3333": [
              -46.37,
              40.19,
              -14.48
            ],
            "2.5833": [
              -46.82,
              40.81,
              -14.81
            ],
            "2.6667": [
              -46.97,
              40.73,
              -14.85
            ],
            "3.0": [
              -46.36,
              39.59,
              -14.86
            ],
            "3.25": [
              -45.9,
              39.03,
              -14.83
            ],
            "3.3333": [
              -45.94,
              39.11,
              -14.83
            ],
            "3.6667": [
              -46.53,
              40.25,
              -14.82
            ],
            "3.9167": [
              -46.82,
              40.81,
              -14.81
            ],
            "4.0": [
              -46.81,
              40.75,
              -14.82
            ],
            "4.3333": [
              -46.54,
              39.73,
              -14.88
            ],
            "4.5833": [
              -45.9,
              39.03,
              -14.83
            ],
            "4.6667": [
              -45.5,
              39.06,
              -14.8
            ],
            "5.0": [
              -42.67,
              40.3,
              -14.73
            ],
            "5.3333": [
              -42,
              39,
              -14
            ],
            "5.6667": [
              -50.32,
              28.91,
              -11.3
            ],
            "5.9167": [
              -56.06,
              18.85,
              -8.64
            ],
            "6.0": [
              -56.61,
              15.87,
              -7.83
            ],
            "6.3333": [
              -56.2,
              2.56,
              -4.26
            ],
            "6.5833": [
              -52.54,
              -6.55,
              -1.47
            ],
            "6.6667": [
              -50.47,
              -9.22,
              -0.54
            ],
            "7.0": [
              -38.15,
              -19.18,
              3.33
            ],
            "7.25": [
              -27.68,
              -23.12,
              6.05
            ],
            "7.3333": [
              -24.17,
              -23.15,
              6.91
            ],
            "7.6667": [
              -8.48,
              -17.88,
              10.27
            ],
            "7.9167": [
              0,
              -14,
              12
            ]
          },
          "rotation": {
            "0.0": [
              20,
              -55,
              -427.5
            ],
            "0.3333": [
              20,
              -55,
              -465.09
            ],
            "0.5": [
              20,
              -55,
              -487.5
            ],
            "0.6667": [
              14.86,
              -54.19,
              -496.3
            ],
            "1.0": [
              20,
              -55,
              -550
            ],
            "1.3333": [
              61.09,
              -61.47,
              -667.91
            ],
            "1.6667": [
              117.59,
              -70.37,
              -821.35
            ],
            "2.0": [
              158.67,
              -76.84,
              -932.31
            ],
            "2.3333": [
              164.91,
              -77.82,
              -950.07
            ],
            "2.6667": [
              169.77,
              -78.58,
              -964.86
            ],
            "3.0": [
              173.23,
              -79.13,
              -976.31
            ],
            "3.3333": [
              175.31,
              -79.46,
              -984.07
            ],
            "3.6667": [
              176.01,
              -79.57,
              -987.76
            ],
            "4.0": [
              175.31,
              -79.46,
              -987.01
            ],
            "4.3333": [
              173.23,
              -79.13,
              -981.46
            ],
            "4.6667": [
              169.77,
              -78.58,
              -970.74
            ],
            "5.0": [
              164.91,
              -77.82,
              -954.48
            ],
            "5.3333": [
              158.67,
              -76.84,
              -932.31
            ],
            "5.6667": [
              146.56,
              -74.93,
              -888.22
            ],
            "6.0": [
              129.31,
              -72.21,
              -825.42
            ],
            "6.3333": [
              108.71,
              -68.97,
              -750.42
            ],
            "6.6667": [
              86.54,
              -65.48,
              -669.73
            ],
            "7.0": [
              64.6,
              -62.02,
              -589.85
            ],
            "7.3333": [
              44.67,
              -58.88,
              -517.29
            ],
            "7.6667": [
              28.53,
              -56.34,
              -458.56
            ],
            "7.9167": [
              20,
              -55,
              -427.5
            ]
          }
        },
        "lunardragon": {
          "position": {
            "0.0": [
              0,
              0,
              0
            ],
            "0.3333": [
              0,
              -0.33,
              0
            ],
            "0.6667": [
              0,
              -0.78,
              0
            ],
            "1.0": [
              0,
              -1,
              0
            ],
            "1.3333": [
              0,
              -0.74,
              0
            ],
            "1.6667": [
              0,
              -0.26,
              0
            ],
            "2.0": [
              0,
              0,
              0
            ],
            "2.3333": [
              0,
              -0.26,
              0
            ],
            "2.6667": [
              0,
              -0.74,
              0
            ],
            "3.0": [
              0,
              -1,
              0
            ],
            "3.3333": [
              0,
              -0.74,
              0
            ],
            "3.6667": [
              0,
              -0.26,
              0
            ],
            "4.0": [
              0,
              0,
              0
            ],
            "4.3333": [
              0,
              -0.26,
              0
            ],
            "4.6667": [
              0,
              -0.74,
              0
            ],
            "5.0": [
              0,
              -1,
              0
            ],
            "5.3333": [
              0,
              -0.74,
              0
            ],
            "5.6667": [
              0,
              -0.26,
              0
            ],
            "6.0": [
              0,
              0,
              0
            ],
            "6.3333": [
              0,
              -0.26,
              0
            ],
            "6.6667": [
              0,
              -0.74,
              0
            ],
            "7.0": [
              0,
              -1,
              0
            ],
            "7.3333": [
              0,
              -0.78,
              0
            ],
            "7.6667": [
              0,
              -0.33,
              0
            ],
            "8.0": [
              0,
              0,
              0
            ]
          },
          "rotation": {
            "0.0": [
              0,
              0,
              0
            ],
            "0.3333": [
              0,
              0,
              0
            ],
            "0.6667": [
              0,
              0,
              0
            ],
            "1.0": [
              0,
              0,
              0
            ],
            "1.3333": [
              0,
              0,
              0
            ],
            "1.6667": [
              0,
              0,
              0
            ],
            "2.0": [
              0,
              0,
              0
            ],
            "2.3333": [
              0,
              0,
              0
            ],
            "2.6667": [
              0,
              0,
              0
            ],
            "3.0": [
              0,
              0,
              0
            ],
            "3.3333": [
              0,
              0,
              0
            ],
            "3.6667": [
              0,
              0,
              0
            ],
            "4.0": [
              0,
              0,
              0
            ],
            "4.3333": [
              0,
              0,
              0
            ],
            "4.6667": [
              0,
              0,
              0
            ],
            "5.0": [
              0,
              0,
              0
            ],
            "5.3333": [
              0,
              0,
              0
            ],
            "5.6667": [
              0,
              0,
              0
            ],
            "6.0": [
              0,
              0,
              0
            ],
            "6.3333": [
              0,
              0,
              0
            ],
            "6.6667": [
              0,
              0,
              0
            ],
            "7.0": [
              0,
              0,
              0
            ],
            "7.3333": [
              0,
              0,
              0
            ],
            "7.6667": [
              0,
              0,
              0
            ],
            "8.0": [
              0,
              0,
              0
            ]
          }
        },
        "neck": {
          "rotation": {
            "0.0": [
              0,
              0,
              0
            ],
            "0.3333": [
              -8.8,
              0,
              0
            ],
            "0.5": [
              -12.5,
              0,
              0
            ],
            "0.6667": [
              -14.72,
              0,
              0
            ],
            "1.0": [
              -12.5,
              0,
              0
            ],
            "1.3333": [
              -2.13,
              0,
              0
            ],
            "1.6667": [
              12.13,
              0,
              0
            ],
            "2.0": [
              22.5,
              0,
              0
            ],
            "2.3333": [
              24.53,
              0,
              0
            ],
            "2.6667": [
              25.09,
              0,
              0
            ],
            "3.0": [
              24.69,
              0,
              0
            ],
            "3.3333": [
              23.8,
              0,
              0
            ],
            "3.6667": [
              22.91,
              0,
              0
            ],
            "4.0": [
              22.5,
              0,
              0
            ],
            "4.3333": [
              23.8,
              0,
              0
            ],
            "4.6667": [
              25.09,
              0,
              0
            ],
            "5.0": [
              22.5,
              0,
              0
            ],
            "5.3333": [
              15.67,
              0,
              0
            ],
            "5.6667": [
              5.34,
              0,
              0
            ],
            "6.0": [
              -4.94,
              0,
              0
            ],
            "6.3333": [
              -11.62,
              0,
              0
            ],
            "6.5": [
              -12.5,
              0,
              0
            ],
            "6.6667": [
              -6.65,
              0,
              0
            ],
            "7.0": [
              18.73,
              0,
              0
            ],
            "7.1667": [
              25.48,
              0,
              0
            ],
            "7.3333": [
              24.04,
              0,
              0
            ],
            "7.6667": [
              11.4,
              0,
              0
            ],
            "8.0": [
              0,
              0,
              0
            ]
          }
        },
        "spikes": {
          "rotation": {
            "0.0": [
              -15,
              0,
              0
            ],
            "0.3333": [
              -2.5,
              0,
              0
            ],
            "0.6667": [
              14.17,
              0,
              0
            ],
            "1.0": [
              22.5,
              0,
              0
            ],
            "1.3333": [
              12.78,
              0,
              0
            ],
            "1.6667": [
              -5.28,
              0,
              0
            ],
            "2.0": [
              -15,
              0,
              0
            ],
            "2.3333": [
              -5.28,
              0,
              0
            ],
            "2.6667": [
              12.78,
              0,
              0
            ],
            "3.0": [
              22.5,
              0,
              0
            ],
            "3.3333": [
              12.78,
              0,
              0
            ],
            "3.6667": [
              -5.28,
              0,
              0
            ],
            "4.0": [
              -15,
              0,
              0
            ],
            "4.3333": [
              -5.28,
              0,
              0
            ],
            "4.6667": [
              12.78,
              0,
              0
            ],
            "5.0": [
              22.5,
              0,
              0
            ],
            "5.3333": [
              12.78,
              0,
              0
            ],
            "5.6667": [
              -5.28,
              0,
              0
            ],
            "6.0": [
              -15,
              0,
              0
            ],
            "6.3333": [
              -5.28,
              0,
              0
            ],
            "6.6667": [
              12.78,
              0,
              0
            ],
            "7.0": [
              22.5,
              0,
              0
            ],
            "7.3333": [
              14.17,
              0,
              0
            ],
            "7.6667": [
              -2.5,
              0,
              0
            ],
            "8.0": [
              -15,
              0,
              0
            ]
          }
        },
        "tail": {
          "rotation": {
            "0.0": [
              0,
              0,
              0
            ],
            "0.3333": [
              5.83,
              0,
              0
            ],
            "0.6667": [
              13.61,
              0,
              0
            ],
            "1.0": [
              17.5,
              0,
              0
            ],
            "1.3333": [
              12.96,
              0,
              0
            ],
            "1.6667": [
              4.54,
              0,
              0
            ],
            "2.0": [
              0,
              0,
              0
            ],
            "2.3333": [
              4.54,
              0,
              0
            ],
            "2.6667": [
              12.96,
              0,
              0
            ],
            "3.0": [
              17.5,
              0,
              0
            ],
            "3.3333": [
              12.96,
              0,
              0
            ],
            "3.6667": [
              4.54,
              0,
              0
            ],
            "4.0": [
              0,
              0,
              0
            ],
            "4.3333": [
              4.54,
              0,
              0
            ],
            "4.6667": [
              12.96,
              0,
              0
            ],
            "5.0": [
              17.5,
              0,
              0
            ],
            "5.3333": [
              12.96,
              0,
              0
            ],
            "5.6667": [
              4.54,
              0,
              0
            ],
            "6.0": [
              0,
              0,
              0
            ],
            "6.3333": [
              4.54,
              0,
              0
            ],
            "6.6667": [
              12.96,
              0,
              0
            ],
            "7.0": [
              17.5,
              0,
              0
            ],
            "7.3333": [
              13.61,
              0,
              0
            ],
            "7.6667": [
              5.83,
              0,
              0
            ],
            "8.0": [
              0,
              0,
              0
            ]
          }
        },
        "tail2": {
          "rotation": {
            "0.0": [
              7.5,
              0,
              0
            ],
            "0.3333": [
              8.24,
              0,
              0
            ],
            "0.6667": [
              8.98,
              0,
              0
            ],
            "1.0": [
              7.5,
              0,
              0
            ],
            "1.3333": [
              1.57,
              0,
              0
            ],
            "1.6667": [
              -6.57,
              0,
              0
            ],
            "2.0": [
              -12.5,
              0,
              0
            ],
            "2.3333": [
              -13.66,
              0,
              0
            ],
            "2.6667": [
              -13.98,
              0,
              0
            ],
            "3.0": [
              -13.75,
              0,
              0
            ],
            "3.3333": [
              -13.24,
              0,
              0
            ],
            "3.6667": [
              -12.73,
              0,
              0
            ],
            "4.0": [
              -12.5,
              0,
              0
            ],
            "4.3333": [
              -13.52,
              0,
              0
            ],
            "4.6667": [
              -14.54,
              0,
              0
            ],
            "5.0": [
              -12.5,
              0,
              0
            ],
            "5.3333": [
              -6.68,
              0,
              0
            ],
            "5.6667": [
              2.3,
              0,
              0
            ],
            "6.0": [
              10.84,
              0,
              0
            ],
            "6.3333": [
              15.36,
              0,
              0
            ],
            "6.5": [
              15,
              0,
              0
            ],
            "6.6667": [
              4.91,
              0,
              0
            ],
            "7.0": [
              -30.52,
              0,
              0
            ],
            "7.1667": [
              -38.84,
              0,
              0
            ],
            "7.3333": [
              -35.24,
              0,
              0
            ],
            "7.6667": [
              -12.51,
              0,
              0
            ],
            "8.0": [
              7.5,
              0,
              0
            ]
          }
        }
      },
      "loop": true
    }
  },
  "format_version": "1.8.0"
}