{
  "animations": {
    "animation.lunartemple.lunaryear.cage": {
      "animation_length": 6.54167,
      "bones": {
        "bone": {
          "position": {
            "3.0": [
              0,
              0,
              0
            ],
            "3.2917": [
              0,
              3.05,
              0
            ],
            "3.5833": [
              0,
              7.46,
              0
            ],
            "3.875": [
              0,
              12.66,
              0
            ],
            "4.1667": [
              0,
              18.11,
              0
            ],
            "4.4583": [
              0,
              23.23,
              0
            ],
            "4.75": [
              0,
              27.48,
              0
            ],
            "5.0": [
              0,
              30,
              0
            ],
            "5.0417": [
              0,
              30,
              0
            ]
          },
          "scale": {
            "3.0": [
              1,
              1,
              1
            ],
            "3.2917": [
              1.0091,
              1.0091,
              1.0091
            ],
            "3.5833": [
              1.0301,
              1.0301,
              1.0301
            ],
            "3.875": [
              1.0538,
              1.0538,
              1.0538
            ],
            "4.1667": [
              1.0709,
              1.0709,
              1.0709
            ],
            "4.4583": [
              1.072,
              1.072,
              1.072
            ],
            "4.75": [
              1.0479,
              1.0479,
              1.0479
            ],
            "5.0": [
              1,
              1,
              1
            ],
            "5.0417": [
              0,
              0,
              0
            ]
          }
        },
        "bone10": {
          "position": {
            "4.5": [
              0,
              0,
              0
            ],
            "4.7917": [
              0,
              3.32,
              0
            ],
            "5.0833": [
              0,
              8.36,
              0
            ],
            "5.375": [
              0,
              14.28,
              0
            ],
            "5.6667": [
              0,
              20.23,
              0
            ],
            "5.9583": [
              0,
              25.39,
              0
            ],
            "6.25": [
              0,
              28.92,
              0
            ],
            "6.5": [
              0,
              30,
              0
            ],
            "6.5417": [
              0,
              0,
              0
            ]
          },
          "scale": {
            "4.5": [
              1,
              1,
              1
            ],
            "4.7917": [
              1,
              1,
              1
            ],
            "5.0833": [
              1,
              1,
              1
            ],
            "5.375": [
              1,
              1,
              1
            ],
            "5.6667": [
              1,
              1,
              1
            ],
            "5.9583": [
              1,
              1,
              1
            ],
            "6.25": [
              1,
              1,
              1
            ],
            "6.5": [
              1,
              1,
              1
            ],
            "6.5417": [
              1,
              1,
              1
            ]
          }
        },
        "bone11": {
          "position": {
            "0.5": [
              0,
              0,
              0
            ],
            "0.7917": [
              0,
              3.32,
              0
            ],
            "1.0833": [
              0,
              8.36,
              0
            ],
            "1.375": [
              0,
              14.28,
              0
            ],
            "1.6667": [
              0,
              20.23,
              0
            ],
            "1.9583": [
              0,
              25.39,
              0
            ],
            "2.25": [
              0,
              28.92,
              0
            ],
            "2.5": [
              0,
              30,
              0
            ],
            "2.5417": [
              0,
              0,
              0
            ],
            "2.8333": [
              0,
              -3.18,
              0
            ],
            "3.125": [
              0,
              -3.57,
              0
            ],
            "3.4167": [
              0,
              -1.19,
              0
            ],
            "3.5": [
              0,
              0,
              0
            ],
            "3.7083": [
              0,
              2.16,
              0
            ],
            "4.0": [
              0,
              6.8,
              0
            ],
            "4.2917": [
              0,
              12.55,
              0
            ],
            "4.5833": [
              0,
              18.58,
              0
            ],
            "4.875": [
              0,
              24.05,
              0
            ],
            "5.1667": [
              0,
              28.12,
              0
            ],
            "5.4583": [
              0,
              29.97,
              0
            ],
            "5.5": [
              0,
              30,
              0
            ],
            "5.5417": [
              0,
              0,
              0
            ]
          },
          "scale": {
            "0.5": [
              1,
              1,
              1
            ],
            "0.7917": [
              1,
              1,
              1
            ],
            "1.0833": [
              1,
              1,
              1
            ],
            "1.375": [
              1,
              1,
              1
            ],
            "1.6667": [
              1,
              1,
              1
            ],
            "1.9583": [
              1,
              1,
              1
            ],
            "2.25": [
              1,
              1,
              1
            ],
            "2.5": [
              1,
              1,
              1
            ],
            "2.5417": [
              1,
              1,
              1
            ],
            "2.8333": [
              1,
              1,
              1
            ],
            "3.125": [
              1,
              1,
              1
            ],
            "3.4167": [
              1,
              1,
              1
            ],
            "3.5": [
              1,
              1,
              1
            ],
            "3.7083": [
              1,
              1,
              1
            ],
            "4.0": [
              1,
              1,
              1
            ],
            "4.2917": [
              1,
              1,
              1
            ],
            "4.5833": [
              1,
              1,
              1
            ],
            "4.875": [
              1,
              1,
              1
            ],
            "5.1667": [
              1,
              1,
              1
            ],
            "5.4583": [
              1,
              1,
              1
            ],
            "5.5": [
              1,
              1,
              1
            ],
            "5.5417": [
              1,
              1,
              1
            ]
          }
        },
        "bone12": {
          "position": {
            "2.5": [
              0,
              0,
              0
            ],
            "2.7917": [
              0,
              3.32,
              0
            ],
            "3.0833": [
              0,
              8.36,
              0
            ],
            "3.375": [
              0,
              14.28,
              0
            ],
            "3.6667": [
              0,
              20.23,
              0
            ],
            "3.9583": [
              0,
              25.39,
              0
            ],
            "4.25": [
              0,
              28.92,
              0
            ],
            "4.5": [
              0,
              30,
              0
            ],
            "4.5417": [
              0,
              0,
              0
            ]
          },
          "scale": {
            "2.5": [
              1,
              1,
              1
            ],
            "2.7917": [
              1.0091,
              1.0091,
              1.0091
            ],
            "3.0833": [
              1.0301,
              1.0301,
              1.0301
            ],
            "3.375": [
              1.0538,
              1.0538,
              1.0538
            ],
            "3.6667": [
              1.0709,
              1.0709,
              1.0709
            ],
            "3.9583": [
              1.072,
              1.072,
              1.072
            ],
            "4.25": [
              1.0479,
              1.0479,
              1.0479
            ],
            "4.5": [
              1,
              1,
              1
            ],
            "4.5417": [
              0,
              0,
              0
            ]
          }
        },
        "bone2": {
          "position": [
            0,
            0,
            0
          ],
          "scale": 1
        },
        "bone3": {
          "position": {
            "1.0": [
              0,
              0,
              0
            ],
            "1.2917": [
              0,
              3.05,
              0
            ],
            "1.5833": [
              0,
              7.46,
              0
            ],
            "1.875": [
              0,
              12.66,
              0
            ],
            "2.1667": [
              0,
              18.11,
              0
            ],
            "2.4583": [
              0,
              23.23,
              0
            ],
            "2.75": [
              0,
              27.48,
              0
            ],
            "3.0": [
              0,
              30,
              0
            ],
            "3.0417": [
              0,
              30,
              0
            ]
          },
          "scale": {
            "1.0": [
              1,
              1,
              1
            ],
            "1.2917": [
              1.0091,
              1.0091,
              1.0091
            ],
            "1.5833": [
              1.0301,
              1.0301,
              1.0301
            ],
            "1.875": [
              1.0538,
              1.0538,
              1.0538
            ],
            "2.1667": [
              1.0709,
              1.0709,
              1.0709
            ],
            "2.4583": [
              1.072,
              1.072,
              1.072
            ],
            "2.75": [
              1.0479,
              1.0479,
              1.0479
            ],
            "3.0": [
              1,
              1,
              1
            ],
            "3.0417": [
              0,
              0,
              0
            ]
          }
        },
        "bone4": {
          "position": {
            "0.0": [
              0,
              0,
              0
            ],
            "0.2917": [
              0,
              3.32,
              0
            ],
            "0.5833": [
              0,
              8.36,
              0
            ],
            "0.875": [
              0,
              14.28,
              0
            ],
            "1.1667": [
              0,
              20.23,
              0
            ],
            "1.4583": [
              0,
              25.39,
              0
            ],
            "1.75": [
              0,
              28.92,
              0
            ],
            "2.0": [
              0,
              30,
              0
            ],
            "2.0417": [
              0,
              0,
              0
            ],
            "2.3333": [
              0,
              -1.9,
              0
            ],
            "2.625": [
              0,
              -3.14,
              0
            ],
            "2.9167": [
              0,
              -3.71,
              0
            ],
            "3.2083": [
              0,
              -3.61,
              0
            ],
            "3.5": [
              0,
              -2.85,
              0
            ],
            "3.7917": [
              0,
              -1.43,
              0
            ],
            "4.0": [
              0,
              0,
              0
            ],
            "4.0833": [
              0,
              0.73,
              0
            ],
            "4.375": [
              0,
              4.63,
              0
            ],
            "4.6667": [
              0,
              10,
              0
            ],
            "4.9583": [
              0,
              16.01,
              0
            ],
            "5.25": [
              0,
              21.83,
              0
            ],
            "5.5417": [
              0,
              26.6,
              0
            ],
            "5.8333": [
              0,
              29.51,
              0
            ],
            "6.0": [
              0,
              30,
              0
            ],
            "6.0417": [
              0,
              0,
              0
            ]
          },
          "scale": {
            "0.0": [
              1,
              1,
              1
            ],
            "0.2917": [
              1,
              1.0091,
              1.0091
            ],
            "0.5833": [
              1,
              1.0301,
              1.0301
            ],
            "0.875": [
              1,
              1.0538,
              1.0538
            ],
            "1.1667": [
              1,
              1.0709,
              1.0709
            ],
            "1.4583": [
              1,
              1.072,
              1.072
            ],
            "1.75": [
              1,
              1.0479,
              1.0479
            ],
            "2.0": [
              1,
              1,
              1
            ],
            "2.0417": [
              1,
              0,
              0
            ],
            "2.3333": [
              1,
              0.0505,
              0.0505
            ],
            "2.625": [
              1,
              0.1822,
              0.1822
            ],
            "2.9167": [
              1,
              0.3653,
              0.3653
            ],
            "3.2083": [
              1,
              0.5701,
              0.5701
            ],
            "3.5": [
              1,
              0.7669,
              0.7669
            ],
            "3.7917": [
              1,
              0.926,
              0.926
            ],
            "4.0": [
              1,
              1,
              1
            ],
            "4.0833": [
              1,
              1.0191,
              1.0191
            ],
            "4.375": [
              1,
              1.0619,
              1.0619
            ],
            "4.6667": [
              1,
              1.0741,
              1.0741
            ],
            "4.9583": [
              1,
              1.065,
              1.065
            ],
            "5.25": [
              1,
              1.0439,
              1.0439
            ],
            "5.5417": [
              1,
              1.0202,
              1.0202
            ],
            "5.8333": [
              1,
              1.0032,
              1.0032
            ],
            "6.0": [
              1,
              1,
              1
            ],
            "6.0417": [
              1,
              1,
              1
            ]
          }
        },
        "bone5": {
          "position": {
            "3.5": [
              0,
              0,
              0
            ],
            "3.7917": [
              0,
              3.32,
              0
            ],
            "4.0833": [
              0,
              8.36,
              0
            ],
            "4.375": [
              0,
              14.28,
              0
            ],
            "4.6667": [
              0,
              20.23,
              0
            ],
            "4.9583": [
              0,
              25.39,
              0
            ],
            "5.25": [
              0,
              28.92,
              0
            ],
            "5.5": [
              0,
              30,
              0
            ],
            "5.5417": [
              0,
              0,
              0
            ]
          },
          "scale": {
            "3.5": [
              1,
              1,
              1
            ],
            "3.7917": [
              1.0091,
              1.0091,
              1.0091
            ],
            "4.0833": [
              1.0301,
              1.0301,
              1.0301
            ],
            "4.375": [
              1.0538,
              1.0538,
              1.0538
            ],
            "4.6667": [
              1.0709,
              1.0709,
              1.0709
            ],
            "4.9583": [
              1.072,
              1.072,
              1.072
            ],
            "5.25": [
              1.0479,
              1.0479,
              1.0479
            ],
            "5.5": [
              1,
              1,
              1
            ],
            "5.5417": [
              0,
              0,
              0
            ]
          }
        },
        "bone6": {
          "position": {
            "1.5": [
              0,
              0,
              0
            ],
            "1.7917": [
              0,
              3.32,
              0
            ],
            "2.0833": [
              0,
              8.36,
              0
            ],
            "2.375": [
              0,
              14.28,
              0
            ],
            "2.6667": [
              0,
              20.23,
              0
            ],
            "2.9583": [
              0,
              25.39,
              0
            ],
            "3.25": [
              0,
              28.92,
              0
            ],
            "3.5": [
              0,
              30,
              0
            ],
            "3.5417": [
              0,
              0,
              0
            ]
          },
          "scale": {
            "1.5": [
              1,
              1,
              1
            ],
            "1.7917": [
              1.0091,
              1.0091,
              1.0091
            ],
            "2.0833": [
              1.0301,
              1.0301,
              1.0301
            ],
            "2.375": [
              1.0538,
              1.0538,
              1.0538
            ],
            "2.6667": [
              1.0709,
              1.0709,
              1.0709
            ],
            "2.9583": [
              1.072,
              1.072,
              1.072
            ],
            "3.25": [
              1.0479,
              1.0479,
              1.0479
            ],
            "3.5": [
              1,
              1,
              1
            ],
            "3.5417": [
              0,
              0,
              0
            ]
          }
        },
        "bone7": {
          "position": [
            0,
            0,
            0
          ],
          "scale": 1
        },
        "bone8": {
          "position": {
            "2.0": [
              0,
              0,
              0
            ],
            "2.2917": [
              0,
              3.05,
              0
            ],
            "2.5833": [
              0,
              7.46,
              0
            ],
            "2.875": [
              0,
              12.66,
              0
            ],
            "3.1667": [
              0,
              18.11,
              0
            ],
            "3.4583": [
              0,
              23.23,
              0
            ],
            "3.75": [
              0,
              27.48,
              0
            ],
            "4.0": [
              0,
              30,
              0
            ],
            "4.0417": [
              0,
              30,
              0
            ]
          },
          "scale": {
            "2.0": [
              1,
              1,
              1
            ],
            "2.2917": [
              1.0091,
              1.0091,
              1.0091
            ],
            "2.5833": [
              1.0301,
              1.0301,
              1.0301
            ],
            "2.875": [
              1.0538,
              1.0538,
              1.0538
            ],
            "3.1667": [
              1.0709,
              1.0709,
              1.0709
            ],
            "3.4583": [
              1.072,
              1.072,
              1.072
            ],
            "3.75": [
              1.0479,
              1.0479,
              1.0479
            ],
            "4.0": [
              1,
              1,
              1
            ],
            "4.0417": [
              0,
              0,
              0
            ]
          }
        },
        "bone9": {
          "position": {
            "4.0": [
              0,
              0,
              0
            ],
            "4.2917": [
              0,
              3.32,
              0
            ],
            "4.5833": [
              0,
              8.36,
              0
            ],
            "4.875": [
              0,
              14.28,
              0
            ],
            "5.1667": [
              0,
              20.23,
              0
            ],
            "5.4583": [
              0,
              25.39,
              0
            ],
            "5.75": [
              0,
              28.92,
              0
            ],
            "6.0": [
              0,
              30,
              0
            ],
            "6.0417": [
              0,
              0,
              0
            ]
          },
          "scale": {
            "4.0": [
              1,
              1,
              1
            ],
            "4.2917": [
              1.0091,
              1.0091,
              1.0091
            ],
            "4.5833": [
              1.0301,
              1.0301,
              1.0301
            ],
            "4.875": [
              1.0538,
              1.0538,
              1.0538
            ],
            "5.1667": [
              1.0709,
              1.0709,
              1.0709
            ],
            "5.4583": [
              1.072,
              1.072,
              1.072
            ],
            "5.75": [
              1.0479,
              1.0479,
              1.0479
            ],
            "6.0": [
              1,
              1,
              1
            ],
            "6.0417": [
              0,
              0,
              0
            ]
          }
        }
      },
      "loop": true
    }
  },
  "format_version": "1.8.0"
}