{
  "animations": {
    "animation.merry-go-round.cagepack_cageassortments.cage.default": {
      "animation_length": 4,
      "bones": {
        "bone": {
          "rotation": {
            "0.0": [
              0,
              0,
              0
            ],
            "4.0": [
              0,
              -360,
              0
            ]
          }
        },
        "bone4": {
          "position": {
            "0.0": [
              0,
              0,
              0
            ],
            "1.0": [
              0,
              -1,
              0
            ],
            "2.0": [
              0,
              0,
              0
            ],
            "3.0": [
              0,
              -1,
              0
            ],
            "4.0": [
              0,
              0,
              0
            ]
          }
        },
        "bone5": {
          "position": {
            "0.0": [
              0,
              2,
              0
            ],
            "1.0": [
              0,
              -1,
              0
            ],
            "2.0": [
              0,
              2,
              0
            ],
            "3.0": [
              0,
              -1,
              0
            ],
            "4.0": [
              0,
              2,
              0
            ]
          }
        },
        "bone6": {
          "position": {
            "0.0": [
              0,
              -2,
              0
            ],
            "1.0": [
              0,
              1,
              0
            ],
            "2.0": [
              0,
              -2,
              0
            ],
            "3.0": [
              0,
              1,
              0
            ],
            "4.0": [
              0,
              -2,
              0
            ]
          }
        },
        "bone7": {
          "position": {
            "0.0": [
              0,
              0,
              0
            ],
            "1.0": [
              0,
              1,
              0
            ],
            "2.0": [
              0,
              0,
              0
            ],
            "3.0": [
              0,
              1,
              0
            ],
            "4.0": [
              0,
              0,
              0
            ]
          }
        },
        "bone8": {
          "position": {
            "1.125": [
              0,
              -1,
              0
            ],
            "1.5417": [
              0,
              3,
              0
            ],
            "2.0": [
              0,
              -1,
              0
            ],
            "3.125": [
              0,
              -1,
              0
            ],
            "3.5417": [
              0,
              3,
              0
            ],
            "4.0": [
              0,
              -1,
              0
            ]
          }
        },
        "bone9": {
          "position": {
            "0.0": [
              0,
              1,
              0
            ],
            "0.25": [
              0,
              -1,
              0
            ],
            "1.375": [
              0,
              -1,
              0
            ],
            "1.7917": [
              0,
              3,
              0
            ],
            "2.0": [
              0,
              1,
              0
            ],
            "2.25": [
              0,
              -1,
              0
            ],
            "3.375": [
              0,
              -1,
              0
            ],
            "3.7917": [
              0,
              3,
              0
            ],
            "4.0": [
              0,
              1,
              0
            ]
          }
        }
      },
      "loop": true
    }
  },
  "format_version": "1.8.0"
}