{
  "animations": {
    "animation.cage.rgb_keyboard.idle": {
      "animation_length": 8.4,
      "bones": {
        "Note": {
          "position": {
            "0.0": [
              9.5,
              5,
              -3
            ],
            "0.88": [
              9.5,
              -5.2,
              -3
            ],
            "1.48": [
              15.8,
              5,
              -3
            ],
            "2.36": [
              15.8,
              -5.2,
              -3
            ],
            "3.2": [
              15.8,
              5,
              -3
            ],
            "3.92": [
              15.8,
              -5.2,
              -3
            ],
            "6.08": [
              12.6,
              4,
              -3
            ],
            "7.0": [
              12.6,
              -4,
              -3
            ],
            "7.64": [
              15.8,
              5,
              -3
            ],
            "8.36": [
              15.8,
              -5.2,
              -3
            ]
          },
          "scale": {
            "0.0": [
              0,
              0,
              0
            ],
            "0.16": [
              1,
              1,
              1
            ],
            "0.52": [
              1,
              3.8,
              1
            ],
            "0.72": [
              1,
              3.8,
              1
            ],
            "0.88": [
              0,
              0,
              0
            ],
            "1.48": [
              0,
              0,
              0
            ],
            "1.64": [
              1,
              1,
              1
            ],
            "2.0": [
              1,
              3.8,
              1
            ],
            "2.2": [
              1,
              3.8,
              1
            ],
            "2.36": [
              0,
              0,
              0
            ],
            "3.2": [
              0,
              0,
              0
            ],
            "3.36": [
              1,
              1,
              1
            ],
            "3.56": [
              1,
              3.8,
              1
            ],
            "3.76": [
              1,
              3.8,
              1
            ],
            "3.92": [
              0,
              0,
              0
            ],
            "6.24": [
              0,
              0,
              0
            ],
            "6.4": [
              1,
              1,
              1
            ],
            "6.64": [
              1,
              3.8,
              1
            ],
            "6.84": [
              1,
              3.8,
              1
            ],
            "7.0": [
              0,
              0,
              0
            ],
            "7.64": [
              0,
              0,
              0
            ],
            "7.8": [
              1,
              1,
              1
            ],
            "8.0": [
              1,
              3.8,
              1
            ],
            "8.2": [
              1,
              3.8,
              1
            ],
            "8.36": [
              0,
              0,
              0
            ]
          }
        },
        "Note2": {
          "position": {
            "0.64": [
              11.5,
              4,
              -3
            ],
            "1.68": [
              11.5,
              -4,
              -3
            ],
            "2.04": [
              16.6,
              4,
              -3
            ],
            "2.72": [
              16.6,
              -1.23,
              -3
            ],
            "3.08": [
              16.6,
              -1.23,
              -3
            ],
            "3.48": [
              16.6,
              -4,
              -3
            ],
            "3.68": [
              16.6,
              4,
              -3
            ],
            "4.72": [
              16.6,
              -4,
              -3
            ],
            "5.2": [
              14.6,
              4,
              -3
            ],
            "6.24": [
              14.6,
              -4,
              -3
            ],
            "6.68": [
              16.6,
              4,
              -3
            ],
            "7.72": [
              16.6,
              -4,
              -3
            ]
          },
          "scale": {
            "0.8": [
              0,
              0,
              0
            ],
            "0.96": [
              1,
              1,
              1
            ],
            "1.32": [
              1,
              3.8,
              1
            ],
            "1.52": [
              1,
              3.8,
              1
            ],
            "1.68": [
              0,
              0,
              0
            ],
            "2.2": [
              0,
              0,
              0
            ],
            "2.36": [
              1,
              1,
              1
            ],
            "2.72": [
              1,
              3.8,
              1
            ],
            "3.08": [
              1,
              3.8,
              1
            ],
            "3.32": [
              1,
              3.8,
              1
            ],
            "3.48": [
              0,
              0,
              0
            ],
            "3.84": [
              0,
              0,
              0
            ],
            "4.0": [
              1,
              1,
              1
            ],
            "4.36": [
              1,
              3.8,
              1
            ],
            "4.56": [
              1,
              3.8,
              1
            ],
            "4.72": [
              0,
              0,
              0
            ],
            "5.36": [
              0,
              0,
              0
            ],
            "5.52": [
              1,
              1,
              1
            ],
            "5.88": [
              1,
              3.8,
              1
            ],
            "6.08": [
              1,
              3.8,
              1
            ],
            "6.24": [
              0,
              0,
              0
            ],
            "6.84": [
              0,
              0,
              0
            ],
            "7.0": [
              1,
              1,
              1
            ],
            "7.36": [
              1,
              3.8,
              1
            ],
            "7.56": [
              1,
              3.8,
              1
            ],
            "7.72": [
              0,
              0,
              0
            ]
          }
        },
        "Note3": {
          "position": {
            "2.04": [
              9.6,
              4,
              -3
            ],
            "2.72": [
              9.6,
              -1.23,
              -3
            ],
            "3.08": [
              9.6,
              -1.23,
              -3
            ],
            "3.48": [
              9.6,
              -4,
              -3
            ],
            "3.68": [
              14.6,
              4,
              -3
            ],
            "4.72": [
              14.6,
              -4,
              -3
            ],
            "5.04": [
              12.6,
              4,
              -3
            ],
            "6.08": [
              12.6,
              -4,
              -3
            ],
            "6.68": [
              12.6,
              4,
              -3
            ],
            "7.72": [
              12.6,
              -4,
              -3
            ]
          },
          "scale": {
            "2.2": [
              0,
              0,
              0
            ],
            "2.36": [
              1,
              1,
              1
            ],
            "2.72": [
              1,
              3.8,
              1
            ],
            "3.08": [
              1,
              3.8,
              1
            ],
            "3.32": [
              1,
              3.8,
              1
            ],
            "3.48": [
              0,
              0,
              0
            ],
            "3.84": [
              0,
              0,
              0
            ],
            "4.0": [
              1,
              1,
              1
            ],
            "4.36": [
              1,
              3.8,
              1
            ],
            "4.56": [
              1,
              3.8,
              1
            ],
            "4.72": [
              0,
              0,
              0
            ],
            "5.2": [
              0,
              0,
              0
            ],
            "5.36": [
              1,
              1,
              1
            ],
            "5.72": [
              1,
              3.8,
              1
            ],
            "5.92": [
              1,
              3.8,
              1
            ],
            "6.08": [
              0,
              0,
              0
            ],
            "6.84": [
              0,
              0,
              0
            ],
            "7.0": [
              1,
              1,
              1
            ],
            "7.36": [
              1,
              3.8,
              1
            ],
            "7.56": [
              1,
              3.8,
              1
            ],
            "7.72": [
              0,
              0,
              0
            ]
          }
        },
        "Note4": {
          "position": {
            "3.68": [
              18.85,
              4,
              -3
            ],
            "4.72": [
              18.85,
              -4,
              -3
            ],
            "4.88": [
              10.35,
              4,
              -3
            ],
            "5.92": [
              10.35,
              -4,
              -3
            ],
            "6.68": [
              14.6,
              4,
              -3
            ],
            "7.72": [
              14.6,
              -4,
              -3
            ]
          },
          "scale": {
            "3.84": [
              0,
              0,
              0
            ],
            "4.0": [
              1,
              1,
              1
            ],
            "4.36": [
              1,
              3.8,
              1
            ],
            "4.56": [
              1,
              3.8,
              1
            ],
            "4.72": [
              0,
              0,
              0
            ],
            "5.04": [
              0,
              0,
              0
            ],
            "5.2": [
              1,
              1,
              1
            ],
            "5.56": [
              1,
              3.8,
              1
            ],
            "5.76": [
              1,
              3.8,
              1
            ],
            "5.92": [
              0,
              0,
              0
            ],
            "6.84": [
              0,
              0,
              0
            ],
            "7.0": [
              1,
              1,
              1
            ],
            "7.36": [
              1,
              3.8,
              1
            ],
            "7.56": [
              1,
              3.8,
              1
            ],
            "7.72": [
              0,
              0,
              0
            ]
          }
        },
        "RainbowKeys": {
          "position": {
            "4.32": [
              4.1,
              0,
              0
            ],
            "4.72": [
              4.1,
              0,
              0
            ],
            "5.56": [
              0,
              0,
              0
            ],
            "5.96": [
              0,
              0,
              0
            ],
            "7.36": [
              4.1,
              0,
              0
            ],
            "7.72": [
              4.1,
              0,
              0
            ]
          },
          "scale": {
            "4.28": [
              0,
              0,
              0
            ],
            "4.32": [
              1,
              1,
              1
            ],
            "4.68": [
              1,
              1,
              1
            ],
            "4.72": [
              0,
              0,
              0
            ],
            "5.52": [
              0,
              0,
              0
            ],
            "5.56": [
              1,
              1,
              1
            ],
            "5.92": [
              1,
              1,
              1
            ],
            "5.96": [
              0,
              0,
              0
            ],
            "7.32": [
              0,
              0,
              0
            ],
            "7.36": [
              1,
              1,
              1
            ],
            "7.68": [
              1,
              1,
              1
            ],
            "7.72": [
              0,
              0,
              0
            ]
          }
        },
        "RainbowKeys2": {
          "position": {
            "0.56": [
              -1,
              0,
              0
            ],
            "0.8": [
              -1,
              0,
              0
            ],
            "1.32": [
              1,
              0,
              0
            ],
            "1.56": [
              1,
              0,
              0
            ],
            "2.0": [
              5.2,
              0,
              0
            ],
            "2.32": [
              5.2,
              0,
              0
            ],
            "2.72": [
              6.2,
              0,
              0
            ],
            "3.48": [
              6.2,
              0,
              0
            ],
            "4.32": [
              8.2,
              0,
              0
            ],
            "4.72": [
              8.2,
              0,
              0
            ],
            "5.8": [
              4.1,
              0,
              0
            ],
            "6.2": [
              4.1,
              0,
              0
            ],
            "7.36": [
              6.2,
              0,
              0
            ],
            "7.72": [
              6.2,
              0,
              0
            ],
            "8.04": [
              5.2,
              0,
              0
            ],
            "8.4": [
              5.2,
              0,
              0
            ]
          },
          "scale": {
            "0.52": [
              0,
              0,
              0
            ],
            "0.56": [
              1,
              1,
              1
            ],
            "0.76": [
              1,
              1,
              1
            ],
            "0.8": [
              0,
              0,
              0
            ],
            "1.28": [
              0,
              0,
              0
            ],
            "1.32": [
              1,
              1,
              1
            ],
            "1.52": [
              1,
              1,
              1
            ],
            "1.56": [
              0,
              0,
              0
            ],
            "1.96": [
              0,
              0,
              0
            ],
            "2.0": [
              1,
              1,
              1
            ],
            "2.28": [
              1,
              1,
              1
            ],
            "2.32": [
              0,
              0,
              0
            ],
            "2.68": [
              0,
              0,
              0
            ],
            "2.72": [
              1,
              1,
              1
            ],
            "3.44": [
              1,
              1,
              1
            ],
            "3.48": [
              0,
              0,
              0
            ],
            "4.28": [
              0,
              0,
              0
            ],
            "4.32": [
              1,
              1,
              1
            ],
            "4.68": [
              1,
              1,
              1
            ],
            "4.72": [
              0,
              0,
              0
            ],
            "5.76": [
              0,
              0,
              0
            ],
            "5.8": [
              1,
              1,
              1
            ],
            "6.16": [
              1,
              1,
              1
            ],
            "6.2": [
              0,
              0,
              0
            ],
            "7.32": [
              0,
              0,
              0
            ],
            "7.36": [
              1,
              1,
              1
            ],
            "7.68": [
              1,
              1,
              1
            ],
            "7.72": [
              0,
              0,
              0
            ],
            "8.0": [
              0,
              0,
              0
            ],
            "8.04": [
              1,
              1,
              1
            ],
            "8.36": [
              1,
              1,
              1
            ],
            "8.4": [
              0,
              0,
              0
            ]
          }
        },
        "RainbowKeys3": {
          "position": {
            "2.72": [
              -1,
              0,
              0
            ],
            "3.48": [
              -1,
              0,
              0
            ],
            "3.64": [
              5.2,
              0,
              0
            ],
            "3.96": [
              5.2,
              0,
              0
            ],
            "4.32": [
              6.2,
              0,
              0
            ],
            "4.72": [
              6.2,
              0,
              0
            ],
            "5.64": [
              2.1,
              0,
              0
            ],
            "6.04": [
              2.1,
              0,
              0
            ],
            "6.68": [
              2.1,
              0,
              0
            ],
            "7.0": [
              2.1,
              0,
              0
            ],
            "7.36": [
              2.1,
              0,
              0
            ],
            "7.72": [
              2.1,
              0,
              0
            ]
          },
          "scale": {
            "2.68": [
              0,
              0,
              0
            ],
            "2.72": [
              1,
              1,
              1
            ],
            "3.44": [
              1,
              1,
              1
            ],
            "3.48": [
              0,
              0,
              0
            ],
            "3.6": [
              0,
              0,
              0
            ],
            "3.64": [
              1,
              1,
              1
            ],
            "3.92": [
              1,
              1,
              1
            ],
            "3.96": [
              0,
              0,
              0
            ],
            "4.28": [
              0,
              0,
              0
            ],
            "4.32": [
              1,
              1,
              1
            ],
            "4.68": [
              1,
              1,
              1
            ],
            "4.72": [
              0,
              0,
              0
            ],
            "5.6": [
              0,
              0,
              0
            ],
            "5.64": [
              1,
              1,
              1
            ],
            "6.0": [
              1,
              1,
              1
            ],
            "6.04": [
              0,
              0,
              0
            ],
            "6.64": [
              0,
              0,
              0
            ],
            "6.68": [
              1,
              1,
              1
            ],
            "6.96": [
              1,
              1,
              1
            ],
            "7.0": [
              0,
              0,
              0
            ],
            "7.32": [
              0,
              0,
              0
            ],
            "7.36": [
              1,
              1,
              1
            ],
            "7.68": [
              1,
              1,
              1
            ],
            "7.72": [
              0,
              0,
              0
            ]
          }
        },
        "Visualiser": {
          "position": [
            0,
            0,
            -8
          ],
          "scale": {
            "0.0": [
              1,
              1,
              1
            ],
            "0.44": [
              1,
              3.6,
              1
            ],
            "0.92": [
              1,
              1.5,
              1
            ],
            "1.32": [
              1,
              4.4,
              1
            ],
            "1.72": [
              1,
              8.8,
              1
            ],
            "2.12": [
              1,
              4.5,
              1
            ],
            "2.52": [
              1,
              1,
              1
            ],
            "2.96": [
              1,
              3.6,
              1
            ],
            "3.44": [
              1,
              1.5,
              1
            ],
            "3.84": [
              1,
              4.4,
              1
            ],
            "4.24": [
              1,
              8.8,
              1
            ],
            "4.64": [
              1,
              4.5,
              1
            ],
            "5.04": [
              1,
              1,
              1
            ],
            "5.48": [
              1,
              3.6,
              1
            ],
            "5.96": [
              1,
              1.5,
              1
            ],
            "6.36": [
              1,
              4.4,
              1
            ],
            "6.76": [
              1,
              8.8,
              1
            ],
            "7.16": [
              1,
              4.5,
              1
            ],
            "7.56": [
              1,
              1,
              1
            ],
            "8.0": [
              1,
              3.6,
              1
            ],
            "8.36": [
              1,
              1,
              1
            ]
          }
        },
        "Visualiser10": {
          "scale": {
            "0.0": [
              1,
              1.9,
              1
            ],
            "0.44": [
              1,
              7.6,
              1
            ],
            "0.92": [
              1,
              5.5,
              1
            ],
            "1.32": [
              1,
              6,
              1
            ],
            "1.72": [
              1,
              3.8,
              1
            ],
            "2.12": [
              1,
              8,
              1
            ],
            "2.52": [
              1,
              5.8,
              1
            ],
            "2.92": [
              1,
              1.9,
              1
            ],
            "3.36": [
              1,
              7.6,
              1
            ],
            "3.84": [
              1,
              5.5,
              1
            ],
            "4.24": [
              1,
              6,
              1
            ],
            "4.64": [
              1,
              3.8,
              1
            ],
            "5.04": [
              1,
              8,
              1
            ],
            "5.44": [
              1,
              5.8,
              1
            ],
            "5.8": [
              1,
              1.9,
              1
            ],
            "6.16": [
              1,
              7.6,
              1
            ],
            "6.64": [
              1,
              5.5,
              1
            ],
            "7.04": [
              1,
              6,
              1
            ],
            "7.44": [
              1,
              3.8,
              1
            ],
            "7.76": [
              1,
              8,
              1
            ],
            "8.12": [
              1,
              5.8,
              1
            ],
            "8.4": [
              1,
              1.9,
              1
            ]
          }
        },
        "Visualiser2": {
          "position": [
            0,
            0,
            -6
          ],
          "scale": {
            "0.0": [
              1,
              3.4,
              1
            ],
            "0.44": [
              1,
              2.2,
              1
            ],
            "0.92": [
              1,
              3.5,
              1
            ],
            "1.32": [
              1,
              7.7,
              1
            ],
            "1.72": [
              1,
              2.4,
              1
            ],
            "2.08": [
              1,
              6.5,
              1
            ],
            "2.52": [
              1,
              3.4,
              1
            ],
            "2.96": [
              1,
              2.2,
              1
            ],
            "3.44": [
              1,
              3.5,
              1
            ],
            "3.84": [
              1,
              7.7,
              1
            ],
            "4.24": [
              1,
              2.4,
              1
            ],
            "4.6": [
              1,
              6.5,
              1
            ],
            "5.0": [
              1,
              3.4,
              1
            ],
            "5.44": [
              1,
              2.2,
              1
            ],
            "5.92": [
              1,
              3.5,
              1
            ],
            "6.32": [
              1,
              7.7,
              1
            ],
            "6.72": [
              1,
              2.4,
              1
            ],
            "7.08": [
              1,
              6.5,
              1
            ],
            "7.52": [
              1,
              3.4,
              1
            ],
            "7.96": [
              1,
              2.2,
              1
            ],
            "8.36": [
              1,
              3.4,
              1
            ]
          }
        },
        "Visualiser3": {
          "position": [
            0,
            0,
            -4
          ],
          "scale": {
            "0.0": [
              1,
              3.4,
              1
            ],
            "0.44": [
              1,
              6,
              1
            ],
            "0.92": [
              1,
              2,
              1
            ],
            "1.32": [
              1,
              1.3,
              1
            ],
            "1.72": [
              1,
              5,
              1
            ],
            "2.08": [
              1,
              8,
              1
            ],
            "2.52": [
              1,
              5.6,
              1
            ],
            "2.92": [
              1,
              3.4,
              1
            ],
            "3.36": [
              1,
              6,
              1
            ],
            "3.84": [
              1,
              2,
              1
            ],
            "4.24": [
              1,
              1.3,
              1
            ],
            "4.64": [
              1,
              5,
              1
            ],
            "5.0": [
              1,
              8,
              1
            ],
            "5.44": [
              1,
              3.1,
              1
            ],
            "5.88": [
              1,
              3.4,
              1
            ],
            "6.32": [
              1,
              6,
              1
            ],
            "6.8": [
              1,
              2,
              1
            ],
            "7.2": [
              1,
              1.3,
              1
            ],
            "7.6": [
              1,
              5,
              1
            ],
            "7.96": [
              1,
              8,
              1
            ],
            "8.36": [
              1,
              3.4,
              1
            ]
          }
        },
        "Visualiser4": {
          "position": [
            0,
            0,
            -2
          ],
          "scale": {
            "0.0": [
              1,
              1,
              1
            ],
            "0.44": [
              1,
              7,
              1
            ],
            "0.92": [
              1,
              3,
              1
            ],
            "1.32": [
              1,
              2,
              1
            ],
            "1.72": [
              1,
              8,
              1
            ],
            "2.08": [
              1,
              5,
              1
            ],
            "2.52": [
              1,
              4.1,
              1
            ],
            "2.92": [
              1,
              7.3,
              1
            ],
            "3.36": [
              1,
              1,
              1
            ],
            "3.8": [
              1,
              7,
              1
            ],
            "4.28": [
              1,
              3,
              1
            ],
            "4.68": [
              1,
              2,
              1
            ],
            "5.08": [
              1,
              8,
              1
            ],
            "5.44": [
              1,
              5,
              1
            ],
            "5.88": [
              1,
              4.1,
              1
            ],
            "6.28": [
              1,
              7.3,
              1
            ],
            "6.64": [
              1,
              1,
              1
            ],
            "7.08": [
              1,
              7,
              1
            ],
            "7.56": [
              1,
              3,
              1
            ],
            "7.96": [
              1,
              2,
              1
            ],
            "8.36": [
              1,
              1,
              1
            ]
          }
        },
        "Visualiser5": {
          "position": [
            0,
            0,
            0
          ],
          "scale": {
            "0.0": [
              1,
              1.9,
              1
            ],
            "0.44": [
              1,
              7.6,
              1
            ],
            "0.92": [
              1,
              5.5,
              1
            ],
            "1.32": [
              1,
              6,
              1
            ],
            "1.72": [
              1,
              3.8,
              1
            ],
            "2.12": [
              1,
              8,
              1
            ],
            "2.52": [
              1,
              5.8,
              1
            ],
            "2.92": [
              1,
              1.9,
              1
            ],
            "3.36": [
              1,
              7.6,
              1
            ],
            "3.84": [
              1,
              5.5,
              1
            ],
            "4.24": [
              1,
              6,
              1
            ],
            "4.64": [
              1,
              3.8,
              1
            ],
            "5.04": [
              1,
              8,
              1
            ],
            "5.44": [
              1,
              5.8,
              1
            ],
            "5.8": [
              1,
              1.9,
              1
            ],
            "6.16": [
              1,
              7.6,
              1
            ],
            "6.64": [
              1,
              5.5,
              1
            ],
            "7.04": [
              1,
              6,
              1
            ],
            "7.44": [
              1,
              3.8,
              1
            ],
            "7.76": [
              1,
              8,
              1
            ],
            "8.12": [
              1,
              5.8,
              1
            ],
            "8.4": [
              1,
              1.9,
              1
            ]
          }
        },
        "Visualiser6": {
          "position": [
            0,
            0,
            -8
          ],
          "scale": {
            "0.0": [
              1,
              1,
              1
            ],
            "0.44": [
              1,
              3.6,
              1
            ],
            "0.92": [
              1,
              1.5,
              1
            ],
            "1.32": [
              1,
              4.4,
              1
            ],
            "1.72": [
              1,
              8.8,
              1
            ],
            "2.12": [
              1,
              4.5,
              1
            ],
            "2.52": [
              1,
              1,
              1
            ],
            "2.96": [
              1,
              3.6,
              1
            ],
            "3.44": [
              1,
              1.5,
              1
            ],
            "3.84": [
              1,
              4.4,
              1
            ],
            "4.24": [
              1,
              8.8,
              1
            ],
            "4.64": [
              1,
              4.5,
              1
            ],
            "5.04": [
              1,
              1,
              1
            ],
            "5.48": [
              1,
              3.6,
              1
            ],
            "5.96": [
              1,
              1.5,
              1
            ],
            "6.36": [
              1,
              4.4,
              1
            ],
            "6.76": [
              1,
              8.8,
              1
            ],
            "7.16": [
              1,
              4.5,
              1
            ],
            "7.56": [
              1,
              1,
              1
            ],
            "8.0": [
              1,
              3.6,
              1
            ],
            "8.36": [
              1,
              1,
              1
            ]
          }
        },
        "Visualiser7": {
          "position": [
            0,
            0,
            -6
          ],
          "scale": {
            "0.0": [
              1,
              3.4,
              1
            ],
            "0.44": [
              1,
              2.2,
              1
            ],
            "0.92": [
              1,
              3.5,
              1
            ],
            "1.32": [
              1,
              7.7,
              1
            ],
            "1.72": [
              1,
              2.4,
              1
            ],
            "2.08": [
              1,
              6.5,
              1
            ],
            "2.52": [
              1,
              3.4,
              1
            ],
            "2.96": [
              1,
              2.2,
              1
            ],
            "3.44": [
              1,
              3.5,
              1
            ],
            "3.84": [
              1,
              7.7,
              1
            ],
            "4.24": [
              1,
              2.4,
              1
            ],
            "4.6": [
              1,
              6.5,
              1
            ],
            "5.0": [
              1,
              3.4,
              1
            ],
            "5.44": [
              1,
              2.2,
              1
            ],
            "5.92": [
              1,
              3.5,
              1
            ],
            "6.32": [
              1,
              7.7,
              1
            ],
            "6.72": [
              1,
              2.4,
              1
            ],
            "7.08": [
              1,
              6.5,
              1
            ],
            "7.52": [
              1,
              3.4,
              1
            ],
            "7.96": [
              1,
              2.2,
              1
            ],
            "8.36": [
              1,
              3.4,
              1
            ]
          }
        },
        "Visualiser8": {
          "position": [
            0,
            0,
            -4
          ],
          "scale": {
            "0.0": [
              1,
              3.4,
              1
            ],
            "0.44": [
              1,
              6,
              1
            ],
            "0.92": [
              1,
              2,
              1
            ],
            "1.32": [
              1,
              1.3,
              1
            ],
            "1.72": [
              1,
              5,
              1
            ],
            "2.08": [
              1,
              8,
              1
            ],
            "2.52": [
              1,
              5.6,
              1
            ],
            "2.92": [
              1,
              3.4,
              1
            ],
            "3.36": [
              1,
              6,
              1
            ],
            "3.84": [
              1,
              2,
              1
            ],
            "4.24": [
              1,
              1.3,
              1
            ],
            "4.64": [
              1,
              5,
              1
            ],
            "5.0": [
              1,
              8,
              1
            ],
            "5.44": [
              1,
              3.1,
              1
            ],
            "5.88": [
              1,
              3.4,
              1
            ],
            "6.32": [
              1,
              6,
              1
            ],
            "6.8": [
              1,
              2,
              1
            ],
            "7.2": [
              1,
              1.3,
              1
            ],
            "7.6": [
              1,
              5,
              1
            ],
            "7.96": [
              1,
              8,
              1
            ],
            "8.36": [
              1,
              3.4,
              1
            ]
          }
        },
        "Visualiser9": {
          "position": [
            0,
            0,
            -2
          ],
          "scale": {
            "0.0": [
              1,
              1,
              1
            ],
            "0.44": [
              1,
              7,
              1
            ],
            "0.92": [
              1,
              3,
              1
            ],
            "1.32": [
              1,
              2,
              1
            ],
            "1.72": [
              1,
              8,
              1
            ],
            "2.08": [
              1,
              5,
              1
            ],
            "2.52": [
              1,
              4.1,
              1
            ],
            "2.92": [
              1,
              7.3,
              1
            ],
            "3.36": [
              1,
              1,
              1
            ],
            "3.8": [
              1,
              7,
              1
            ],
            "4.28": [
              1,
              3,
              1
            ],
            "4.68": [
              1,
              2,
              1
            ],
            "5.08": [
              1,
              8,
              1
            ],
            "5.44": [
              1,
              5,
              1
            ],
            "5.88": [
              1,
              4.1,
              1
            ],
            "6.28": [
              1,
              7.3,
              1
            ],
            "6.64": [
              1,
              1,
              1
            ],
            "7.08": [
              1,
              7,
              1
            ],
            "7.56": [
              1,
              3,
              1
            ],
            "7.96": [
              1,
              2,
              1
            ],
            "8.36": [
              1,
              1,
              1
            ]
          }
        },
        "flashingstars": {
          "rotation": {
            "0.0": [
              0,
              0,
              0
            ],
            "2.12": [
              0,
              0,
              360
            ],
            "4.08": [
              0,
              0,
              720
            ],
            "6.24": [
              0,
              0,
              1080
            ],
            "8.4": [
              0,
              0,
              1440
            ]
          }
        },
        "floating": {
          "position": {
            "0.0": [
              0,
              0,
              0
            ],
            "1.0": [
              0,
              3,
              0
            ],
            "2.0": [
              0,
              0,
              0
            ],
            "3.0": [
              0,
              3,
              0
            ],
            "4.0": [
              0,
              0,
              0
            ],
            "5.0": [
              0,
              3,
              0
            ],
            "6.16": [
              0,
              0,
              0
            ],
            "7.28": [
              0,
              3,
              0
            ],
            "8.4": [
              0,
              0,
              0
            ]
          }
        },
        "speaker": {
          "position": {
            "0.0": [
              0,
              -1,
              0
            ],
            "0.48": [
              0,
              1,
              0
            ],
            "1.08": [
              0,
              -1,
              0
            ],
            "1.6": [
              0,
              1,
              0
            ],
            "2.08": [
              0,
              -1,
              0
            ],
            "2.6": [
              0,
              1,
              0
            ],
            "3.16": [
              0,
              -1,
              0
            ],
            "3.72": [
              0,
              1,
              0
            ],
            "4.2": [
              0,
              -1,
              0
            ],
            "4.72": [
              0,
              1,
              0
            ],
            "5.24": [
              0,
              -1,
              0
            ],
            "5.72": [
              0,
              1,
              0
            ],
            "6.28": [
              0,
              -1,
              0
            ],
            "6.8": [
              0,
              1,
              0
            ],
            "7.36": [
              0,
              -1,
              0
            ],
            "7.88": [
              0,
              1,
              0
            ],
            "8.4": [
              0,
              -1,
              0
            ]
          },
          "rotation": {
            "0.0": [
              0,
              0,
              0
            ],
            "0.48": [
              0,
              0,
              7.5
            ],
            "1.08": [
              0,
              0,
              0
            ],
            "1.6": [
              0,
              0,
              -7.5
            ],
            "2.08": [
              0,
              0,
              0
            ],
            "2.6": [
              0,
              0,
              7.5
            ],
            "3.16": [
              0,
              0,
              0
            ],
            "3.72": [
              0,
              0,
              -7.5
            ],
            "4.2": [
              0,
              0,
              0
            ],
            "4.72": [
              0,
              0,
              7.5
            ],
            "5.24": [
              0,
              0,
              0
            ],
            "5.72": [
              0,
              0,
              -7.5
            ],
            "6.28": [
              0,
              0,
              0
            ],
            "6.8": [
              0,
              0,
              7.5
            ],
            "7.36": [
              0,
              0,
              0
            ],
            "7.88": [
              0,
              0,
              -7.5
            ],
            "8.4": [
              0,
              0,
              0
            ]
          },
          "scale": {
            "0.0": [
              0.8,
              0.8,
              0.8
            ],
            "0.48": [
              1,
              1,
              1
            ],
            "1.08": [
              0.8,
              0.8,
              0.8
            ],
            "1.6": [
              1,
              1,
              1
            ],
            "2.08": [
              0.8,
              0.8,
              0.8
            ],
            "2.6": [
              1,
              1,
              1
            ],
            "3.16": [
              0.8,
              0.8,
              0.8
            ],
            "3.72": [
              1,
              1,
              1
            ],
            "4.2": [
              0.8,
              0.8,
              0.8
            ],
            "4.72": [
              1,
              1,
              1
            ],
            "5.24": [
              0.8,
              0.8,
              0.8
            ],
            "5.72": [
              1,
              1,
              1
            ],
            "6.28": [
              0.8,
              0.8,
              0.8
            ],
            "6.8": [
              1,
              1,
              1
            ],
            "7.36": [
              0.8,
              0.8,
              0.8
            ],
            "7.88": [
              1,
              1,
              1
            ],
            "8.4": [
              0.8,
              0.8,
              0.8
            ]
          }
        },
        "speaker2": {
          "position": {
            "0.0": [
              0,
              -1,
              0
            ],
            "0.48": [
              0,
              1,
              0
            ],
            "1.08": [
              0,
              -1,
              0
            ],
            "1.6": [
              0,
              1,
              0
            ],
            "2.08": [
              0,
              -1,
              0
            ],
            "2.6": [
              0,
              1,
              0
            ],
            "3.16": [
              0,
              -1,
              0
            ],
            "3.72": [
              0,
              1,
              0
            ],
            "4.2": [
              0,
              -1,
              0
            ],
            "4.72": [
              0,
              1,
              0
            ],
            "5.24": [
              0,
              -1,
              0
            ],
            "5.72": [
              0,
              1,
              0
            ],
            "6.28": [
              0,
              -1,
              0
            ],
            "6.8": [
              0,
              1,
              0
            ],
            "7.36": [
              0,
              -1,
              0
            ],
            "7.88": [
              0,
              1,
              0
            ],
            "8.4": [
              0,
              -1,
              0
            ]
          },
          "rotation": {
            "0.0": [
              0,
              0,
              0
            ],
            "0.48": [
              0,
              0,
              -7.5
            ],
            "1.08": [
              0,
              0,
              0
            ],
            "1.6": [
              0,
              0,
              7.5
            ],
            "2.08": [
              0,
              0,
              0
            ],
            "2.6": [
              0,
              0,
              -7.5
            ],
            "3.16": [
              0,
              0,
              0
            ],
            "3.72": [
              0,
              0,
              7.5
            ],
            "4.2": [
              0,
              0,
              0
            ],
            "4.72": [
              0,
              0,
              -7.5
            ],
            "5.24": [
              0,
              0,
              0
            ],
            "5.72": [
              0,
              0,
              7.5
            ],
            "6.28": [
              0,
              0,
              0
            ],
            "6.8": [
              0,
              0,
              -7.5
            ],
            "7.36": [
              0,
              0,
              0
            ],
            "7.88": [
              0,
              0,
              7.5
            ],
            "8.4": [
              0,
              0,
              0
            ]
          },
          "scale": {
            "0.0": [
              0.8,
              0.8,
              0.8
            ],
            "0.48": [
              1,
              1,
              1
            ],
            "1.08": [
              0.8,
              0.8,
              0.8
            ],
            "1.6": [
              1,
              1,
              1
            ],
            "2.08": [
              0.8,
              0.8,
              0.8
            ],
            "2.6": [
              1,
              1,
              1
            ],
            "3.16": [
              0.8,
              0.8,
              0.8
            ],
            "3.72": [
              1,
              1,
              1
            ],
            "4.2": [
              0.8,
              0.8,
              0.8
            ],
            "4.72": [
              1,
              1,
              1
            ],
            "5.24": [
              0.8,
              0.8,
              0.8
            ],
            "5.72": [
              1,
              1,
              1
            ],
            "6.28": [
              0.8,
              0.8,
              0.8
            ],
            "6.8": [
              1,
              1,
              1
            ],
            "7.36": [
              0.8,
              0.8,
              0.8
            ],
            "7.88": [
              1,
              1,
              1
            ],
            "8.4": [
              0.8,
              0.8,
              0.8
            ]
          }
        },
        "star": {
          "rotation": {
            "0.0": [
              0,
              0,
              0
            ],
            "2.12": [
              0,
              0,
              -360
            ],
            "4.08": [
              0,
              0,
              -720
            ],
            "6.24": [
              0,
              0,
              -1080
            ],
            "8.4": [
              0,
              0,
              -1440
            ]
          },
          "scale": {
            "0.0": [
              0.3,
              0.3,
              1
            ],
            "1.0": [
              1,
              1,
              1
            ],
            "2.12": [
              0.3,
              0.3,
              1
            ],
            "3.12": [
              1,
              1,
              1
            ],
            "4.12": [
              0.3,
              0.3,
              1
            ],
            "5.12": [
              1,
              1,
              1
            ],
            "6.24": [
              0.3,
              0.3,
              1
            ],
            "7.24": [
              1,
              1,
              1
            ],
            "8.4": [
              0.7,
              0.7,
              1
            ]
          }
        },
        "star2": {
          "rotation": {
            "0.0": [
              0,
              0,
              0
            ],
            "2.12": [
              0,
              0,
              -360
            ],
            "4.08": [
              0,
              0,
              -720
            ],
            "6.24": [
              0,
              0,
              -1080
            ],
            "8.4": [
              0,
              0,
              -1440
            ]
          },
          "scale": {
            "0.0": [
              1,
              1,
              1
            ],
            "1.0": [
              0.3,
              0.3,
              1
            ],
            "2.12": [
              1,
              1,
              1
            ],
            "3.16": [
              0.3,
              0.3,
              1
            ],
            "4.12": [
              1,
              1,
              1
            ],
            "5.16": [
              0.3,
              0.3,
              1
            ],
            "6.24": [
              1,
              1,
              1
            ],
            "7.28": [
              0.3,
              0.3,
              1
            ],
            "8.4": [
              1,
              1,
              1
            ]
          }
        },
        "star3": {
          "rotation": {
            "0.0": [
              0,
              0,
              0
            ],
            "2.12": [
              0,
              0,
              -360
            ],
            "4.08": [
              0,
              0,
              -720
            ],
            "6.24": [
              0,
              0,
              -1080
            ],
            "8.4": [
              0,
              0,
              -1440
            ]
          },
          "scale": {
            "0.0": [
              1,
              1,
              1
            ],
            "1.0": [
              0.3,
              0.3,
              1
            ],
            "2.12": [
              1,
              1,
              1
            ],
            "3.16": [
              0.3,
              0.3,
              1
            ],
            "4.12": [
              1,
              1,
              1
            ],
            "5.16": [
              0.3,
              0.3,
              1
            ],
            "6.24": [
              1,
              1,
              1
            ],
            "7.28": [
              0.3,
              0.3,
              1
            ],
            "8.4": [
              1,
              1,
              1
            ]
          }
        },
        "star4": {
          "rotation": {
            "0.0": [
              0,
              0,
              0
            ],
            "2.12": [
              0,
              0,
              -360
            ],
            "4.08": [
              0,
              0,
              -720
            ],
            "6.24": [
              0,
              0,
              -1080
            ],
            "8.4": [
              0,
              0,
              -1440
            ]
          },
          "scale": {
            "0.0": [
              0.3,
              0.3,
              1
            ],
            "1.0": [
              1,
              1,
              1
            ],
            "2.12": [
              0.3,
              0.3,
              1
            ],
            "3.12": [
              1,
              1,
              1
            ],
            "4.12": [
              0.3,
              0.3,
              1
            ],
            "5.12": [
              1,
              1,
              1
            ],
            "6.24": [
              0.3,
              0.3,
              1
            ],
            "7.24": [
              1,
              1,
              1
            ],
            "8.4": [
              0.7,
              0.7,
              1
            ]
          }
        },
        "star5": {
          "rotation": {
            "0.0": [
              0,
              0,
              0
            ],
            "2.12": [
              0,
              0,
              -360
            ],
            "4.08": [
              0,
              0,
              -720
            ],
            "6.24": [
              0,
              0,
              -1080
            ],
            "8.4": [
              0,
              0,
              -1440
            ]
          },
          "scale": {
            "0.0": [
              0.3,
              0.3,
              1
            ],
            "1.0": [
              1,
              1,
              1
            ],
            "2.12": [
              0.3,
              0.3,
              1
            ],
            "3.12": [
              1,
              1,
              1
            ],
            "4.12": [
              0.3,
              0.3,
              1
            ],
            "5.12": [
              1,
              1,
              1
            ],
            "6.24": [
              0.3,
              0.3,
              1
            ],
            "7.24": [
              1,
              1,
              1
            ],
            "8.4": [
              0.7,
              0.7,
              1
            ]
          }
        },
        "star6": {
          "rotation": {
            "0.0": [
              0,
              0,
              0
            ],
            "2.12": [
              0,
              0,
              -360
            ],
            "4.08": [
              0,
              0,
              -720
            ],
            "6.24": [
              0,
              0,
              -1080
            ],
            "8.4": [
              0,
              0,
              -1440
            ]
          },
          "scale": {
            "0.0": [
              1,
              1,
              1
            ],
            "1.0": [
              0.3,
              0.3,
              1
            ],
            "2.12": [
              1,
              1,
              1
            ],
            "3.16": [
              0.3,
              0.3,
              1
            ],
            "4.12": [
              1,
              1,
              1
            ],
            "5.16": [
              0.3,
              0.3,
              1
            ],
            "6.24": [
              1,
              1,
              1
            ],
            "7.28": [
              0.3,
              0.3,
              1
            ],
            "8.4": [
              1,
              1,
              1
            ]
          }
        },
        "star7": {
          "rotation": {
            "0.0": [
              0,
              0,
              0
            ],
            "2.12": [
              0,
              0,
              -360
            ],
            "4.08": [
              0,
              0,
              -720
            ],
            "6.24": [
              0,
              0,
              -1080
            ],
            "8.4": [
              0,
              0,
              -1440
            ]
          },
          "scale": {
            "0.0": [
              1,
              1,
              1
            ],
            "1.0": [
              0.3,
              0.3,
              1
            ],
            "2.12": [
              1,
              1,
              1
            ],
            "3.16": [
              0.3,
              0.3,
              1
            ],
            "4.12": [
              1,
              1,
              1
            ],
            "5.16": [
              0.3,
              0.3,
              1
            ],
            "6.24": [
              1,
              1,
              1
            ],
            "7.28": [
              0.3,
              0.3,
              1
            ],
            "8.4": [
              1,
              1,
              1
            ]
          }
        },
        "star8": {
          "rotation": {
            "0.0": [
              0,
              0,
              0
            ],
            "2.12": [
              0,
              0,
              -360
            ],
            "4.08": [
              0,
              0,
              -720
            ],
            "6.24": [
              0,
              0,
              -1080
            ],
            "8.4": [
              0,
              0,
              -1440
            ]
          },
          "scale": {
            "0.0": [
              0.3,
              0.3,
              1
            ],
            "1.0": [
              1,
              1,
              1
            ],
            "2.12": [
              0.3,
              0.3,
              1
            ],
            "3.12": [
              1,
              1,
              1
            ],
            "4.12": [
              0.3,
              0.3,
              1
            ],
            "5.12": [
              1,
              1,
              1
            ],
            "6.24": [
              0.3,
              0.3,
              1
            ],
            "7.24": [
              1,
              1,
              1
            ],
            "8.4": [
              0.7,
              0.7,
              1
            ]
          }
        }
      },
      "loop": true
    }
  },
  "format_version": "1.8.0"
}