{
  "animations": {
    "animation.skidloader.digging": {
      "animation_length": 7,
      "bones": {
        "arm": {
          "rotation": {
            "0.0": [
              10,
              0,
              0
            ],
            "1.0": [
              12.5,
              0,
              0
            ],
            "1.5": [
              12.5,
              0,
              0
            ],
            "3.5": [
              -60,
              0,
              0
            ],
            "4.0": [
              -60,
              0,
              0
            ],
            "5.0": [
              -47.5,
              0,
              0
            ],
            "5.5": [
              -47.5,
              0,
              0
            ],
            "7.0": [
              10,
              0,
              0
            ]
          }
        },
        "bone": {
          "position": {
            "0.0": [
              0,
              0,
              8
            ],
            "1.0": [
              0,
              0,
              0
            ],
            "1.5": [
              0,
              0,
              0
            ],
            "2.5": [
              0,
              0,
              0
            ],
            "3.5": [
              0,
              0,
              17
            ],
            "4.0": [
              0,
              0,
              17
            ],
            "5.5": [
              0,
              0,
              17
            ],
            "6.0": [
              0,
              0,
              3
            ],
            "7.0": [
              0,
              0,
              8
            ]
          }
        },
        "bone2": {
          "rotation": {
            "0.0": [
              -10,
              0,
              0
            ],
            "1.0": [
              -20,
              0,
              0
            ],
            "1.5": [
              -20,
              0,
              0
            ],
            "3.5": [
              -27.5,
              0,
              0
            ],
            "4.0": [
              -27.5,
              0,
              0
            ],
            "5.0": [
              -80,
              0,
              0
            ],
            "5.5": [
              -80,
              0,
              0
            ],
            "7.0": [
              -10,
              0,
              0
            ]
          }
        },
        "dirt": {
          "position": {
            "1.5": [
              0,
              0,
              0
            ],
            "3.5": [
              0,
              4,
              4
            ],
            "4.0": [
              0,
              4,
              4
            ],
            "5.0": [
              0,
              23,
              9
            ],
            "5.5": [
              0,
              23,
              9
            ]
          },
          "rotation": {
            "1.5": [
              0,
              0,
              0
            ],
            "3.5": [
              50,
              0,
              0
            ],
            "4.0": [
              50,
              0,
              0
            ],
            "5.0": [
              70,
              0,
              0
            ],
            "5.5": [
              70,
              0,
              0
            ]
          },
          "scale": {
            "0.75": [
              0,
              0,
              0
            ],
            "1.0": [
              1,
              1,
              1
            ],
            "1.5": [
              1,
              1,
              1
            ],
            "4.0": [
              1,
              1,
              1
            ],
            "4.9167": [
              1,
              1,
              1
            ],
            "5.0": [
              0,
              0,
              0
            ],
            "5.5": [
              0,
              0,
              0
            ]
          }
        }
      },
      "loop": true
    }
  },
  "format_version": "1.8.0"
}