{
  "animations": {
    "animation.sleigh.festivebundle.cage": {
      "animation_length": 6,
      "bones": {
        "Present9": {
          "rotation": {
            "0.0": [
              0,
              0,
              0
            ],
            "0.25": [
              0,
              0,
              -7.5
            ],
            "0.4167": [
              4.98,
              4.38,
              -3.59
            ],
            "0.5": [
              6.4,
              5.64,
              -1.4
            ],
            "0.8333": [
              2.13,
              1.88,
              0.37
            ],
            "1.0": [
              0,
              0,
              0
            ],
            "1.25": [
              0,
              0,
              -7.5
            ],
            "1.5": [
              6.4,
              5.64,
              -1.4
            ],
            "1.6667": [
              4.98,
              4.38,
              -0.26
            ],
            "2.0": [
              0,
              0,
              0
            ],
            "2.0833": [
              -0.71,
              -0.63,
              -2.34
            ],
            "2.25": [
              0,
              0,
              -7.5
            ],
            "2.5": [
              6.4,
              5.64,
              -1.4
            ],
            "2.9167": [
              0.84,
              0.74,
              0.34
            ],
            "3.0": [
              0,
              0,
              0
            ],
            "3.25": [
              0,
              0,
              -7.5
            ],
            "3.3333": [
              2.13,
              1.88,
              -6.3
            ],
            "3.5": [
              6.4,
              5.64,
              -1.4
            ],
            "3.75": [
              3.6,
              3.17,
              0.15
            ],
            "4.0": [
              0,
              0,
              0
            ],
            "4.1667": [
              -0.71,
              -0.63,
              -5.68
            ],
            "4.25": [
              0,
              0,
              -7.5
            ],
            "4.5": [
              6.4,
              5.64,
              -1.4
            ],
            "4.5833": [
              6,
              5.28,
              -0.79
            ],
            "5.0": [
              0,
              0,
              0
            ],
            "5.25": [
              0,
              0,
              -7.5
            ],
            "5.4167": [
              4.98,
              4.38,
              -3.59
            ],
            "5.5": [
              6.4,
              5.64,
              -1.4
            ],
            "5.8333": [
              2.13,
              1.88,
              -0.19
            ],
            "6.0": [
              0,
              0,
              0
            ]
          }
        },
        "present1": {
          "rotation": {
            "0.0": [
              0,
              0,
              0
            ],
            "0.25": [
              0,
              0,
              -7.5
            ],
            "0.4167": [
              0.56,
              -7.23,
              -2.57
            ],
            "0.5": [
              0,
              -10,
              0
            ],
            "0.75": [
              -7.56,
              -7.44,
              0.98
            ],
            "0.8333": [
              -5.88,
              -5.04,
              1.04
            ],
            "1.0": [
              0,
              0,
              0
            ],
            "1.25": [
              0,
              0,
              -7.5
            ],
            "1.5": [
              0,
              -10,
              0
            ],
            "1.6667": [
              -5.88,
              -9.12,
              1.04
            ],
            "1.75": [
              -7.56,
              -7.44,
              0.98
            ],
            "2.0": [
              0,
              0,
              0
            ],
            "2.0833": [
              0.56,
              0.92,
              -2.57
            ],
            "2.25": [
              0,
              0,
              -7.5
            ],
            "2.5": [
              0,
              -10,
              0
            ],
            "2.75": [
              -7.56,
              -7.44,
              0.98
            ],
            "2.9167": [
              -2.52,
              -2.11,
              0.88
            ],
            "3.0": [
              0,
              0,
              0
            ],
            "3.25": [
              0,
              0,
              -7.5
            ],
            "3.3333": [
              0.28,
              -3.06,
              -5.87
            ],
            "3.5": [
              0,
              -10,
              0
            ],
            "3.75": [
              -7.56,
              -7.44,
              0.98
            ],
            "4.0": [
              0,
              0,
              0
            ],
            "4.1667": [
              0.28,
              1.02,
              -5.87
            ],
            "4.25": [
              0,
              0,
              -7.5
            ],
            "4.5": [
              0,
              -10,
              0
            ],
            "4.5833": [
              -2.52,
              -10.26,
              0.88
            ],
            "4.75": [
              -7.56,
              -7.44,
              0.98
            ],
            "5.0": [
              0,
              0,
              0
            ],
            "5.25": [
              0,
              0,
              -7.5
            ],
            "5.4167": [
              0.56,
              -7.23,
              -2.57
            ],
            "5.5": [
              0,
              -10,
              0
            ],
            "5.75": [
              -7.56,
              -7.44,
              0.98
            ],
            "5.8333": [
              -5.88,
              -5.04,
              0.77
            ],
            "6.0": [
              0,
              0,
              0
            ]
          }
        },
        "present10": {
          "position": {
            "1.0": [
              0,
              0,
              0
            ],
            "1.4167": [
              0,
              0,
              0
            ],
            "1.8333": [
              0,
              0,
              0
            ],
            "2.25": [
              0,
              0,
              0
            ],
            "2.6667": [
              0,
              0,
              0
            ],
            "3.0": [
              0,
              0,
              0
            ],
            "3.0833": [
              0,
              0,
              0
            ],
            "3.5": [
              0,
              0,
              0
            ],
            "3.9167": [
              0,
              0,
              0
            ],
            "4.3333": [
              0,
              0,
              0
            ],
            "4.75": [
              0,
              0,
              0
            ],
            "5.0": [
              0,
              0,
              0
            ]
          },
          "rotation": {
            "0.0": [
              0,
              0,
              0
            ],
            "0.25": [
              0,
              2.5,
              0
            ],
            "0.4167": [
              -4.25,
              2.36,
              -0.29
            ],
            "0.5": [
              -5.01,
              2.05,
              -0.36
            ],
            "0.75": [
              4.69,
              0.82,
              0.19
            ],
            "0.8333": [
              4.02,
              0.39,
              0.18
            ],
            "1.0": [
              0,
              0,
              0
            ],
            "1.25": [
              0,
              2.5,
              0
            ],
            "1.5": [
              -5.01,
              2.05,
              -0.36
            ],
            "1.6667": [
              1.98,
              1.23,
              0.03
            ],
            "1.75": [
              4.69,
              0.82,
              0.19
            ],
            "2.0": [
              0,
              0,
              0
            ],
            "2.0833": [
              -0.16,
              0.7,
              0
            ],
            "2.25": [
              0,
              2.5,
              0
            ],
            "2.5": [
              -5.01,
              2.05,
              -0.36
            ],
            "2.75": [
              4.69,
              0.82,
              0.19
            ],
            "2.9167": [
              1.75,
              0.01,
              0.08
            ],
            "3.0": [
              0,
              0,
              0
            ],
            "3.25": [
              0,
              2.5,
              0
            ],
            "3.3333": [
              -1.84,
              2.6,
              -0.13
            ],
            "3.5": [
              -5.01,
              2.05,
              -0.36
            ],
            "3.75": [
              4.69,
              0.82,
              0.19
            ],
            "4.0": [
              0,
              0,
              0
            ],
            "4.1667": [
              0.2,
              1.76,
              0.02
            ],
            "4.25": [
              0,
              2.5,
              0
            ],
            "4.5": [
              -5.01,
              2.05,
              -0.36
            ],
            "4.5833": [
              -2.34,
              1.68,
              -0.21
            ],
            "4.75": [
              4.69,
              0.82,
              0.19
            ],
            "5.0": [
              0,
              0,
              0
            ],
            "5.25": [
              0,
              2.5,
              0
            ],
            "5.4167": [
              -4.25,
              2.36,
              -0.29
            ],
            "5.5": [
              -5.01,
              2.05,
              -0.36
            ],
            "5.75": [
              4.69,
              0.82,
              0.19
            ],
            "5.8333": [
              4.02,
              0.49,
              0.18
            ],
            "6.0": [
              0,
              0,
              0
            ]
          }
        },
        "present11": {
          "position": {
            "0.75": [
              0,
              0,
              0
            ],
            "1.0": [
              0,
              3,
              0
            ],
            "1.1667": [
              0,
              3,
              4
            ],
            "1.4167": [
              0,
              -6,
              46
            ],
            "1.5833": [
              0,
              -6,
              44.99
            ],
            "2.0": [
              0,
              -5.04,
              36.65
            ],
            "2.4167": [
              0,
              -3.27,
              23.53
            ],
            "2.8333": [
              0,
              -1.39,
              10.02
            ],
            "3.25": [
              0,
              -0.07,
              0.56
            ],
            "3.2917": [
              0,
              0,
              0
            ]
          },
          "rotation": {
            "0.0": [
              0,
              0,
              0
            ],
            "0.25": [
              -10,
              0,
              0
            ],
            "0.4167": [
              -9.8,
              5.48,
              -0.41
            ],
            "0.5": [
              -8.72,
              7.44,
              -0.05
            ],
            "0.75": [
              -4.28,
              4.19,
              4.97
            ],
            "0.8333": [
              -23.12,
              3.95,
              5.34
            ],
            "1.0": [
              -79.28,
              4.19,
              4.97
            ],
            "1.1667": [
              -161.78,
              4.19,
              4.97
            ],
            "1.25": [
              -198.87,
              4.35,
              -5.67
            ],
            "1.4167": [
              -236.78,
              4.19,
              -27.53
            ],
            "1.6667": [
              -220.93,
              3.85,
              -26.81
            ],
            "2.0833": [
              -174.05,
              2.98,
              -22
            ],
            "2.5": [
              -113.72,
              1.93,
              -14.61
            ],
            "2.9167": [
              -53.92,
              0.92,
              -6.88
            ],
            "3.3333": [
              -8.65,
              0.15,
              -1.05
            ],
            "3.4583": [
              0,
              0,
              0
            ],
            "3.75": [
              0,
              0,
              0
            ],
            "4.0": [
              -10,
              0,
              0
            ],
            "4.1667": [
              -10.12,
              5.79,
              -0.04
            ],
            "4.25": [
              -8.72,
              7.44,
              -0.05
            ],
            "4.5": [
              0,
              0,
              0
            ],
            "4.5833": [
              1.02,
              -0.55,
              0
            ],
            "4.75": [
              0,
              0,
              0
            ],
            "5.0": [
              -10,
              0,
              0
            ],
            "5.25": [
              -8.72,
              7.44,
              -0.05
            ],
            "5.4167": [
              -1.8,
              2.48,
              -0.02
            ],
            "5.5": [
              0,
              0,
              0
            ],
            "5.75": [
              -10,
              0,
              0
            ],
            "5.8333": [
              -7.78,
              0,
              0
            ],
            "6.0": [
              0,
              0,
              0
            ]
          },
          "scale": {
            "0.0": [
              1,
              1,
              1
            ],
            "0.4167": [
              1.0305,
              1.0305,
              1.0305
            ],
            "0.8333": [
              1.0712,
              1.0712,
              1.0712
            ],
            "1.25": [
              1.0458,
              1.0458,
              1.0458
            ],
            "1.4167": [
              1,
              1,
              1
            ],
            "1.4583": [
              0,
              0,
              0
            ],
            "1.5833": [
              0,
              0,
              0
            ],
            "1.6667": [
              0,
              0,
              0
            ],
            "1.8333": [
              0,
              0,
              0
            ],
            "2.0": [
              0,
              0,
              0
            ],
            "2.0833": [
              0,
              0,
              0
            ],
            "2.125": [
              0,
              0,
              0
            ],
            "2.25": [
              0,
              0,
              0
            ],
            "2.4167": [
              0,
              0,
              0
            ],
            "2.5": [
              0,
              0,
              0
            ],
            "2.625": [
              0,
              0,
              0
            ],
            "2.75": [
              0,
              0,
              0
            ],
            "2.8333": [
              0,
              0,
              0
            ],
            "2.9167": [
              0,
              0,
              0
            ],
            "3.0": [
              0,
              0,
              0
            ],
            "3.2917": [
              0,
              0,
              0
            ],
            "3.3333": [
              0.203,
              0.203,
              0.203
            ],
            "3.4583": [
              1,
              1,
              1
            ],
            "3.75": [
              1.045,
              1.045,
              1.045
            ],
            "4.1667": [
              1.0725,
              1.0725,
              1.0725
            ],
            "4.5833": [
              1.0688,
              1.0688,
              1.0688
            ],
            "5.0": [
              1.0469,
              1.0469,
              1.0469
            ],
            "5.4167": [
              1.0203,
              1.0203,
              1.0203
            ],
            "5.8333": [
              1.002,
              1.002,
              1.002
            ],
            "6.0": [
              1,
              1,
              1
            ]
          }
        },
        "present2": {
          "position": {
            "1.75": [
              0,
              0,
              0
            ],
            "2.0": [
              4,
              0,
              0
            ],
            "2.1667": [
              7.25,
              -1.13,
              0.13
            ],
            "2.3333": [
              10,
              -4,
              7
            ],
            "2.5833": [
              10.76,
              -8.47,
              23.37
            ],
            "3.0": [
              10.74,
              -17.09,
              56.81
            ],
            "3.1667": [
              10,
              -18,
              61
            ],
            "3.4167": [
              8.8,
              -16.64,
              56.78
            ],
            "3.8333": [
              5.69,
              -11.21,
              38.43
            ],
            "4.25": [
              2.33,
              -4.59,
              15.73
            ],
            "4.6667": [
              0,
              0,
              0
            ]
          },
          "rotation": {
            "0.0": [
              0,
              0,
              0
            ],
            "0.25": [
              0,
              0,
              -7.5
            ],
            "0.4167": [
              7.34,
              6.6,
              -1.77
            ],
            "0.5": [
              10.15,
              7.29,
              -0.01
            ],
            "0.75": [
              7.53,
              -12.54,
              -9.89
            ],
            "0.8333": [
              5.11,
              -10.29,
              -7.41
            ],
            "1.0": [
              0,
              0,
              0
            ],
            "1.25": [
              0,
              0,
              -7.5
            ],
            "1.5": [
              10.15,
              7.29,
              -0.01
            ],
            "1.6667": [
              8.73,
              -6.39,
              -10.23
            ],
            "1.75": [
              7.53,
              -12.54,
              -9.89
            ],
            "2.0": [
              6.87,
              -12.5,
              37.94
            ],
            "2.0833": [
              6.88,
              -17.14,
              55.11
            ],
            "2.3333": [
              6,
              -10.99,
              103.73
            ],
            "2.5": [
              4.27,
              24.58,
              106.58
            ],
            "2.9167": [
              -2.15,
              161.23,
              98.73
            ],
            "3.1667": [
              -3.82,
              200,
              84.82
            ],
            "3.3333": [
              -3.38,
              193.74,
              77.05
            ],
            "3.75": [
              -0.07,
              137.71,
              48.66
            ],
            "4.1667": [
              4.36,
              57.33,
              16.74
            ],
            "4.5833": [
              7.34,
              -5.68,
              -7.11
            ],
            "4.6667": [
              7.53,
              -12.54,
              -9.89
            ],
            "5.0": [
              0,
              0,
              0
            ],
            "5.25": [
              0,
              0,
              -7.5
            ],
            "5.4167": [
              7.34,
              6.6,
              -1.77
            ],
            "5.5": [
              10.15,
              7.29,
              -0.01
            ],
            "5.75": [
              7.53,
              -12.54,
              -9.89
            ],
            "5.8333": [
              5.11,
              -10.29,
              -7.69
            ],
            "6.0": [
              0,
              0,
              0
            ]
          },
          "scale": {
            "3.1667": [
              1,
              1,
              1
            ],
            "3.2083": [
              0,
              0,
              0
            ],
            "3.2917": [
              0,
              0,
              0
            ],
            "3.375": [
              0,
              0,
              0
            ],
            "3.4583": [
              0,
              0,
              0
            ],
            "3.5417": [
              0,
              0,
              0
            ],
            "3.5833": [
              0,
              0,
              0
            ],
            "3.625": [
              0,
              0,
              0
            ],
            "3.7083": [
              0,
              0,
              0
            ],
            "3.7917": [
              0,
              0,
              0
            ],
            "3.875": [
              0,
              0,
              0
            ],
            "3.9583": [
              0,
              0,
              0
            ],
            "4.0": [
              0,
              0,
              0
            ],
            "4.0417": [
              0,
              0,
              0
            ],
            "4.125": [
              0,
              0,
              0
            ],
            "4.2083": [
              0,
              0,
              0
            ],
            "4.2917": [
              0,
              0,
              0
            ],
            "4.375": [
              0,
              0,
              0
            ],
            "4.4167": [
              0,
              0,
              0
            ],
            "4.4583": [
              0,
              0,
              0
            ],
            "4.5417": [
              0,
              0,
              0
            ],
            "4.5833": [
              0,
              0,
              0
            ],
            "4.6667": [
              0,
              0,
              0
            ],
            "4.7083": [
              1,
              1,
              1
            ]
          }
        },
        "shootingstar2": {
          "position": {
            "1.0": [
              -48,
              -27,
              53
            ],
            "1.125": [
              -48,
              -19.13,
              45.51
            ],
            "1.25": [
              -48,
              -10.55,
              35.19
            ],
            "1.375": [
              -48,
              -6.29,
              23.87
            ],
            "1.5": [
              -48,
              -4.87,
              12.56
            ],
            "1.625": [
              -48,
              -7.36,
              1.97
            ],
            "1.7083": [
              -48,
              -11.13,
              -5.09
            ],
            "1.75": [
              -48,
              -13.01,
              -8.22
            ],
            "1.875": [
              -48,
              -20.66,
              -19.38
            ],
            "2.0": [
              -48,
              -27,
              -26
            ],
            "2.125": [
              -48,
              -29,
              -22.42
            ],
            "2.25": [
              -48,
              -29.08,
              -11
            ],
            "2.375": [
              -48,
              -29.43,
              0.17
            ],
            "2.5": [
              -48,
              -29.64,
              14.16
            ],
            "2.625": [
              -48,
              -29.6,
              27.23
            ],
            "2.6667": [
              -48,
              -29.52,
              30.74
            ],
            "2.75": [
              -48,
              -29.42,
              38.61
            ],
            "2.875": [
              -48,
              -29.1,
              48.44
            ],
            "3.0": [
              -48,
              -27,
              53
            ],
            "3.125": [
              -48,
              -18.97,
              46.9
            ],
            "3.25": [
              -48,
              -10.55,
              35.19
            ],
            "3.375": [
              -48,
              -6.29,
              23.87
            ],
            "3.5": [
              -48,
              -4.87,
              12.56
            ],
            "3.625": [
              -48,
              -7.36,
              1.97
            ],
            "3.7083": [
              -48,
              -11.13,
              -5.09
            ],
            "3.75": [
              -48,
              -13.01,
              -8.29
            ],
            "3.875": [
              -48,
              -20.63,
              -19.92
            ],
            "4.0": [
              -48,
              -27,
              -26
            ],
            "4.125": [
              -48,
              -29.04,
              -21.53
            ],
            "4.25": [
              -48,
              -29.37,
              -11.37
            ],
            "4.3333": [
              -48,
              -29.48,
              -3.35
            ],
            "4.375": [
              -48,
              -29.57,
              0.17
            ],
            "4.5": [
              -48,
              -29.63,
              13.25
            ],
            "4.625": [
              -48,
              -29.45,
              27.2
            ],
            "4.75": [
              -48,
              -29.13,
              38.32
            ],
            "4.875": [
              -48,
              -29.07,
              49.38
            ],
            "5.0": [
              -48,
              -27,
              53
            ],
            "5.125": [
              -48,
              -19,
              46.43
            ],
            "5.25": [
              -48,
              -10.55,
              35.19
            ],
            "5.375": [
              -48,
              -6.29,
              23.87
            ],
            "5.5": [
              -48,
              -4.87,
              12.56
            ],
            "5.625": [
              -48,
              -7.36,
              1.97
            ],
            "5.7083": [
              -48,
              -11.13,
              -5.09
            ],
            "5.75": [
              -48,
              -13.03,
              -8.09
            ],
            "5.875": [
              -48,
              -20.8,
              -18.33
            ],
            "6.0": [
              -48,
              -27,
              -26
            ]
          },
          "rotation": {
            "1.0": [
              -45,
              0,
              0
            ],
            "1.125": [
              -37.11,
              0,
              0
            ],
            "1.25": [
              -25.79,
              0,
              0
            ],
            "1.375": [
              -12.24,
              0,
              0
            ],
            "1.5": [
              2.37,
              0,
              0
            ],
            "1.625": [
              16.83,
              0,
              0
            ],
            "1.75": [
              29.97,
              0,
              0
            ],
            "1.875": [
              40.59,
              0,
              0
            ],
            "2.0": [
              47.5,
              0,
              0
            ],
            "2.125": [
              47.33,
              0,
              0
            ],
            "2.25": [
              29.59,
              0,
              0
            ],
            "2.375": [
              16.7,
              0,
              0
            ],
            "2.5": [
              0.62,
              0,
              0
            ],
            "2.625": [
              -14.45,
              0,
              0
            ],
            "2.6667": [
              -18.52,
              0,
              0
            ],
            "2.75": [
              -29.45,
              0,
              0
            ],
            "2.875": [
              -44.73,
              0,
              0
            ],
            "3.0": [
              -45,
              0,
              0
            ],
            "3.125": [
              -38.32,
              0,
              0
            ],
            "3.25": [
              -27.45,
              0,
              0
            ],
            "3.375": [
              -13.79,
              0,
              0
            ],
            "3.5": [
              1.27,
              0,
              0
            ],
            "3.625": [
              16.32,
              0,
              0
            ],
            "3.75": [
              29.97,
              0,
              0
            ],
            "3.875": [
              40.83,
              0,
              0
            ],
            "4.0": [
              47.5,
              0,
              0
            ],
            "4.125": [
              47.13,
              0,
              0
            ],
            "4.25": [
              31.72,
              0,
              0
            ],
            "4.3333": [
              20.74,
              0,
              0
            ],
            "4.375": [
              16.66,
              0,
              0
            ],
            "4.5": [
              1.59,
              0,
              0
            ],
            "4.625": [
              -14.47,
              0,
              0
            ],
            "4.75": [
              -27.32,
              0,
              0
            ],
            "4.875": [
              -44.94,
              0,
              0
            ],
            "5.0": [
              -45,
              0,
              0
            ],
            "5.125": [
              -38.08,
              0,
              0
            ],
            "5.25": [
              -27.45,
              0,
              0
            ],
            "5.375": [
              -14.32,
              0,
              0
            ],
            "5.5": [
              0.14,
              0,
              0
            ],
            "5.625": [
              14.75,
              0,
              0
            ],
            "5.75": [
              28.3,
              0,
              0
            ],
            "5.875": [
              39.61,
              0,
              0
            ],
            "6.0": [
              47.5,
              0,
              0
            ]
          },
          "scale": {
            "1.0": [
              0,
              1,
              0
            ],
            "1.0417": [
              1,
              1,
              1
            ],
            "1.875": [
              1,
              1,
              1
            ],
            "1.9167": [
              0,
              1,
              0
            ],
            "3.0417": [
              0,
              1,
              0
            ],
            "3.0833": [
              1,
              1,
              1
            ],
            "3.875": [
              1,
              1,
              1
            ],
            "3.9167": [
              0,
              1,
              0
            ],
            "5.0833": [
              0,
              1,
              0
            ],
            "5.125": [
              1,
              1,
              1
            ],
            "5.875": [
              1,
              1,
              1
            ],
            "5.9167": [
              0,
              1,
              0
            ]
          }
        },
        "shootingstar3": {
          "position": {
            "0.0": [
              3,
              -27,
              53
            ],
            "0.125": [
              3,
              -18.82,
              46.23
            ],
            "0.25": [
              3,
              -9.95,
              36.6
            ],
            "0.375": [
              3,
              -5.79,
              25.58
            ],
            "0.5": [
              3,
              -4.37,
              13.74
            ],
            "0.625": [
              3,
              -5.3,
              1.91
            ],
            "0.75": [
              3,
              -9.16,
              -9.17
            ],
            "0.875": [
              3,
              -18.25,
              -19.95
            ],
            "1.0": [
              3,
              -27,
              -26
            ],
            "1.125": [
              3,
              -29.13,
              -22.16
            ],
            "1.25": [
              3,
              -29.08,
              -11
            ],
            "1.375": [
              3,
              -29.43,
              0.17
            ],
            "1.5": [
              3,
              -29.64,
              14.16
            ],
            "1.625": [
              3,
              -29.6,
              27.23
            ],
            "1.6667": [
              3,
              -29.52,
              30.74
            ],
            "1.75": [
              3,
              -29.44,
              38.58
            ],
            "1.875": [
              3,
              -29.14,
              48.34
            ],
            "2.0": [
              3,
              -27,
              53
            ],
            "2.125": [
              3,
              -18.67,
              47.62
            ],
            "2.25": [
              3,
              -9.95,
              36.6
            ],
            "2.375": [
              3,
              -5.79,
              25.58
            ],
            "2.5": [
              3,
              -4.37,
              13.74
            ],
            "2.625": [
              3,
              -5.3,
              1.91
            ],
            "2.75": [
              3,
              -9.16,
              -9.17
            ],
            "2.875": [
              3,
              -18.38,
              -23.95
            ],
            "3.0": [
              3,
              -27,
              -26
            ],
            "3.125": [
              3,
              -27.97,
              -20.06
            ],
            "3.25": [
              3,
              -28.65,
              -10.75
            ],
            "3.375": [
              3,
              -29.06,
              0.8
            ],
            "3.5": [
              3,
              -29.18,
              13.47
            ],
            "3.625": [
              3,
              -29.03,
              26.15
            ],
            "3.75": [
              3,
              -28.62,
              37.71
            ],
            "3.875": [
              3,
              -27.94,
              47.03
            ],
            "4.0": [
              3,
              -27,
              53
            ],
            "4.125": [
              3,
              -18.82,
              51.17
            ],
            "4.25": [
              3,
              -9.95,
              36.6
            ],
            "4.375": [
              3,
              -5.79,
              25.58
            ],
            "4.5": [
              3,
              -4.37,
              13.74
            ],
            "4.625": [
              3,
              -5.3,
              1.91
            ],
            "4.75": [
              3,
              -9.16,
              -9.17
            ],
            "4.875": [
              3,
              -18.38,
              -19.02
            ],
            "5.0": [
              3,
              -27,
              -26
            ]
          },
          "rotation": {
            "0.0": [
              -45,
              0,
              0
            ],
            "0.125": [
              -37.11,
              0,
              0
            ],
            "0.25": [
              -25.79,
              0,
              0
            ],
            "0.375": [
              -12.24,
              0,
              0
            ],
            "0.5": [
              2.37,
              0,
              0
            ],
            "0.625": [
              16.83,
              0,
              0
            ],
            "0.75": [
              29.97,
              0,
              0
            ],
            "0.875": [
              40.59,
              0,
              0
            ],
            "1.0": [
              47.5,
              0,
              0
            ],
            "1.125": [
              47.33,
              0,
              0
            ],
            "1.25": [
              29.59,
              0,
              0
            ],
            "1.375": [
              16.7,
              0,
              0
            ],
            "1.5": [
              0.62,
              0,
              0
            ],
            "1.625": [
              -14.45,
              0,
              0
            ],
            "1.6667": [
              -18.52,
              0,
              0
            ],
            "1.75": [
              -29.45,
              0,
              0
            ],
            "1.875": [
              -44.73,
              0,
              0
            ],
            "2.0": [
              -45,
              0,
              0
            ],
            "2.125": [
              -37.87,
              0,
              0
            ],
            "2.25": [
              -25.9,
              0,
              0
            ],
            "2.375": [
              -10.9,
              0,
              0
            ],
            "2.5": [
              5.38,
              0,
              0
            ],
            "2.625": [
              21.13,
              0,
              0
            ],
            "2.75": [
              34.59,
              0,
              0
            ],
            "2.875": [
              43.98,
              0,
              0
            ],
            "3.0": [
              47.5,
              0,
              0
            ],
            "3.125": [
              43.53,
              0,
              0
            ],
            "3.25": [
              33.05,
              0,
              0
            ],
            "3.375": [
              18.23,
              0,
              0
            ],
            "3.5": [
              1.25,
              0,
              0
            ],
            "3.625": [
              -15.73,
              0,
              0
            ],
            "3.75": [
              -30.55,
              0,
              0
            ],
            "3.875": [
              -41.03,
              0,
              0
            ],
            "4.0": [
              -45,
              0,
              0
            ],
            "4.125": [
              -41.66,
              0,
              0
            ],
            "4.25": [
              -32.71,
              0,
              0
            ],
            "4.375": [
              -19.8,
              0,
              0
            ],
            "4.5": [
              -4.53,
              0,
              0
            ],
            "4.625": [
              11.46,
              0,
              0
            ],
            "4.75": [
              26.54,
              0,
              0
            ],
            "4.875": [
              39.1,
              0,
              0
            ],
            "5.0": [
              47.5,
              0,
              0
            ]
          },
          "scale": {
            "0.0": [
              0,
              1,
              0
            ],
            "0.0417": [
              1,
              1,
              1
            ],
            "0.9167": [
              1,
              1,
              1
            ],
            "0.9583": [
              0,
              1,
              0
            ],
            "2.0417": [
              0,
              1,
              0
            ],
            "2.0833": [
              1,
              1,
              1
            ],
            "2.875": [
              1,
              1,
              1
            ],
            "2.9167": [
              0,
              1,
              0
            ],
            "4.0417": [
              0,
              1,
              0
            ],
            "4.0833": [
              1,
              1,
              1
            ],
            "4.875": [
              1,
              1,
              1
            ],
            "4.9167": [
              0,
              1,
              0
            ]
          }
        },
        "sleigh": {
          "rotation": {
            "0.0": [
              0,
              0,
              0
            ],
            "0.4167": [
              0,
              0,
              -2.34
            ],
            "0.5": [
              0,
              0,
              -2.5
            ],
            "0.8333": [
              0,
              0,
              -0.65
            ],
            "1.0": [
              0,
              0,
              0
            ],
            "1.25": [
              0,
              0,
              -1.25
            ],
            "1.5": [
              0,
              0,
              -2.5
            ],
            "1.6667": [
              0,
              0,
              -1.85
            ],
            "2.0": [
              0,
              0,
              0
            ],
            "2.0833": [
              0,
              0,
              -0.19
            ],
            "2.5": [
              0,
              0,
              -2.5
            ],
            "2.9167": [
              0,
              0,
              -0.19
            ],
            "3.0": [
              0,
              0,
              0
            ],
            "3.3333": [
              0,
              0,
              -1.85
            ],
            "3.5": [
              0,
              0,
              -2.5
            ],
            "3.75": [
              0,
              0,
              -1.25
            ],
            "4.0": [
              0,
              0,
              0
            ],
            "4.1667": [
              0,
              0,
              -0.65
            ],
            "4.5": [
              0,
              0,
              -2.5
            ],
            "4.5833": [
              0,
              0,
              -2.31
            ],
            "5.0": [
              0,
              0,
              0
            ],
            "5.4167": [
              0,
              0,
              -2.31
            ],
            "5.5": [
              0,
              0,
              -2.5
            ],
            "5.8333": [
              0,
              0,
              -0.83
            ],
            "6.0": [
              0,
              0,
              0
            ]
          }
        }
      },
      "loop": true
    }
  },
  "format_version": "1.8.0"
}