{
  "animations": {
    "animation.cage.sundae": {
      "animation_length": 4.16,
      "bones": {
        "blue": {
          "position": {
            "0.0": [
              30,
              -3,
              -17
            ],
            "1.0": [
              30,
              -5,
              -17
            ],
            "2.04": [
              30,
              -3,
              -17
            ],
            "3.12": [
              30,
              -5,
              -17
            ],
            "4.16": [
              30,
              -3,
              -17
            ]
          },
          "rotation": {
            "0.0": [
              0,
              0,
              27.5
            ],
            "2.04": [
              0,
              0,
              -22.5
            ],
            "4.16": [
              0,
              0,
              27.5
            ]
          }
        },
        "drip": {
          "position": {
            "0.0": [
              0,
              2,
              0
            ],
            "1.04": [
              0,
              0,
              0
            ],
            "1.84": [
              0,
              -40,
              0
            ]
          },
          "rotation": [
            0,
            0,
            0
          ],
          "scale": {
            "0.0": [
              0,
              0,
              0
            ],
            "1.04": [
              1,
              1,
              1
            ],
            "1.72": [
              1,
              1,
              1
            ],
            "1.84": [
              0,
              0,
              0
            ]
          }
        },
        "drip2": {
          "position": {
            "0.0": [
              0,
              0,
              0
            ],
            "1.04": [
              0,
              -38,
              0
            ],
            "2.28": [
              0,
              -38,
              0
            ],
            "3.28": [
              0,
              0,
              0
            ]
          },
          "scale": {
            "0.44": [
              1,
              1,
              1
            ],
            "0.92": [
              1,
              1,
              1
            ],
            "1.04": [
              0,
              0,
              0
            ],
            "3.48": [
              0,
              0,
              0
            ],
            "4.16": [
              1,
              1,
              1
            ]
          }
        },
        "drip3": {
          "position": {
            "0.44": [
              0,
              0,
              0
            ],
            "2.44": [
              0,
              0,
              0
            ],
            "3.32": [
              0,
              -38,
              0
            ]
          },
          "scale": {
            "0.44": [
              0,
              0,
              0
            ],
            "1.84": [
              0,
              0,
              0
            ],
            "2.44": [
              0.6,
              0.6,
              0.6
            ],
            "3.16": [
              0.6,
              0.6,
              0.6
            ],
            "3.32": [
              0,
              0,
              0
            ]
          }
        },
        "drip4": {
          "position": {
            "1.84": [
              0,
              0,
              0
            ],
            "2.72": [
              0,
              0,
              0
            ],
            "3.56": [
              0,
              -39,
              0
            ]
          },
          "scale": {
            "1.84": [
              0,
              0,
              0
            ],
            "2.72": [
              0.7,
              0.7,
              0.7
            ],
            "3.36": [
              0.7,
              0.7,
              0.7
            ],
            "3.56": [
              0,
              0,
              0
            ]
          }
        },
        "drip5": {
          "position": {
            "0.4": [
              0,
              0,
              0
            ],
            "2.04": [
              0,
              0,
              0
            ],
            "3.12": [
              0,
              -39,
              0
            ]
          },
          "scale": {
            "0.4": [
              0,
              0,
              0
            ],
            "1.4": [
              0,
              0,
              0
            ],
            "2.04": [
              1,
              1,
              1
            ],
            "3.12": [
              0,
              0,
              0
            ]
          }
        },
        "green": {
          "position": {
            "0.0": [
              36,
              2,
              2
            ],
            "0.96": [
              36,
              -1,
              2
            ],
            "2.04": [
              36,
              2,
              2
            ],
            "3.12": [
              36,
              -1,
              2
            ],
            "4.16": [
              36,
              2,
              2
            ]
          },
          "rotation": {
            "0.0": [
              0,
              0,
              0
            ],
            "2.04": [
              0,
              0,
              32.5
            ],
            "4.16": [
              0,
              0,
              0
            ]
          }
        },
        "marshmallow": {
          "position": {
            "0.0": [
              31,
              27,
              -14
            ],
            "0.92": [
              31,
              25,
              -14
            ],
            "2.08": [
              31,
              27,
              -14
            ],
            "3.12": [
              31,
              25,
              -14
            ],
            "4.16": [
              31,
              27,
              -14
            ]
          },
          "rotation": {
            "0.0": [
              0,
              0,
              -12.5
            ],
            "2.08": [
              0,
              0,
              -52.5
            ],
            "4.16": [
              0,
              0,
              -12.5
            ]
          }
        },
        "marshmallow2": {
          "position": {
            "0.0": [
              12,
              5,
              5
            ],
            "1.0": [
              11,
              9,
              5
            ],
            "2.12": [
              12,
              5,
              5
            ],
            "3.2": [
              11,
              9,
              5
            ],
            "4.16": [
              12,
              5,
              5
            ]
          },
          "rotation": {
            "0.0": [
              0,
              0,
              0
            ],
            "2.12": [
              0,
              0,
              45
            ],
            "4.16": [
              0,
              0,
              0
            ]
          }
        },
        "marshmallow3": {
          "position": {
            "0.0": [
              7,
              34,
              -15
            ],
            "1.0": [
              7,
              30,
              -15
            ],
            "2.12": [
              7,
              34,
              -15
            ],
            "3.2": [
              7,
              30,
              -15
            ],
            "4.16": [
              7,
              34,
              -15
            ]
          },
          "rotation": {
            "0.0": [
              0,
              0,
              0
            ],
            "2.12": [
              0,
              0,
              42.5
            ],
            "4.16": [
              0,
              0,
              0
            ]
          }
        },
        "marshmallow4": {
          "position": {
            "0.0": [
              39,
              3,
              -16
            ],
            "1.0": [
              39,
              0,
              -16
            ],
            "2.12": [
              39,
              3,
              -16
            ],
            "3.2": [
              39,
              0,
              -16
            ],
            "4.16": [
              39,
              3,
              -16
            ]
          },
          "rotation": {
            "0.0": [
              0,
              0,
              0
            ],
            "2.12": [
              0,
              0,
              -27.5
            ],
            "4.16": [
              0,
              0,
              0
            ]
          }
        },
        "pink": {
          "position": {
            "0.0": [
              4,
              8,
              -17
            ],
            "1.0": [
              4,
              11,
              -17
            ],
            "2.04": [
              4,
              8,
              -17
            ],
            "3.12": [
              4,
              11,
              -17
            ],
            "4.16": [
              4,
              8,
              -17
            ]
          },
          "rotation": {
            "0.0": [
              0,
              0,
              -27.5
            ],
            "1.92": [
              0,
              0,
              40
            ],
            "4.16": [
              0,
              0,
              -27.5
            ]
          }
        },
        "red": {
          "position": {
            "0.0": [
              0,
              0,
              8
            ],
            "1.0": [
              0,
              -3,
              8
            ],
            "2.04": [
              0,
              0,
              8
            ],
            "3.12": [
              0,
              -3,
              8
            ],
            "4.16": [
              0,
              0,
              8
            ]
          },
          "rotation": {
            "0.0": [
              0,
              0,
              90
            ],
            "2.04": [
              0,
              0,
              127.5
            ],
            "4.16": [
              0,
              0,
              90
            ]
          }
        },
        "smallsparkle": {
          "position": [
            15,
            15,
            -13
          ],
          "scale": {
            "0.0": [
              0,
              0,
              0
            ],
            "0.68": [
              0.7,
              0.7,
              0.7
            ],
            "1.36": [
              0,
              0,
              0
            ],
            "2.04": [
              0.7,
              0.7,
              0.7
            ],
            "2.72": [
              0,
              0,
              0
            ],
            "3.4": [
              0.7,
              0.7,
              0.7
            ],
            "4.16": [
              0,
              0,
              0
            ]
          }
        },
        "smallsparkle2": {
          "position": [
            2,
            7,
            6
          ],
          "scale": {
            "0.0": [
              0,
              0,
              0
            ],
            "0.68": [
              0.7,
              0.7,
              0.7
            ],
            "1.36": [
              0,
              0,
              0
            ],
            "2.04": [
              0.7,
              0.7,
              0.7
            ],
            "2.72": [
              0,
              0,
              0
            ],
            "3.4": [
              0.7,
              0.7,
              0.7
            ],
            "4.16": [
              0,
              0,
              0
            ]
          }
        },
        "smallsparkle3": {
          "position": [
            32,
            28,
            -6
          ],
          "scale": {
            "0.0": [
              0,
              0,
              0
            ],
            "0.68": [
              0.7,
              0.7,
              0.7
            ],
            "1.36": [
              0,
              0,
              0
            ],
            "2.04": [
              0.7,
              0.7,
              0.7
            ],
            "2.72": [
              0,
              0,
              0
            ],
            "3.4": [
              0.7,
              0.7,
              0.7
            ],
            "4.16": [
              0,
              0,
              0
            ]
          }
        },
        "sparkle": {
          "position": [
            15,
            17,
            -14
          ],
          "scale": {
            "0.0": [
              0.2,
              0.2,
              0.2
            ],
            "0.68": [
              0.5,
              0.5,
              0.5
            ],
            "1.36": [
              0.2,
              0.2,
              0.2
            ],
            "2.04": [
              0.5,
              0.5,
              0.5
            ],
            "2.72": [
              0.2,
              0.2,
              0.2
            ],
            "3.4": [
              0.5,
              0.5,
              0.5
            ],
            "4.16": [
              0.2,
              0.2,
              0.2
            ]
          }
        },
        "sparkle2": {
          "position": [
            42,
            0,
            -20
          ],
          "scale": {
            "0.0": [
              0.2,
              0.2,
              0.2
            ],
            "0.68": [
              0.5,
              0.5,
              0.5
            ],
            "1.36": [
              0.2,
              0.2,
              0.2
            ],
            "2.04": [
              0.5,
              0.5,
              0.5
            ],
            "2.72": [
              0.2,
              0.2,
              0.2
            ],
            "3.4": [
              0.5,
              0.5,
              0.5
            ],
            "4.16": [
              0.2,
              0.2,
              0.2
            ]
          }
        },
        "sparkle3": {
          "position": [
            47,
            22,
            -12
          ],
          "scale": {
            "0.0": [
              0.5,
              0.5,
              0.5
            ],
            "0.68": [
              0.2,
              0.2,
              0.2
            ],
            "1.36": [
              0.5,
              0.5,
              0.5
            ],
            "2.04": [
              0.2,
              0.2,
              0.2
            ],
            "2.72": [
              0.5,
              0.5,
              0.5
            ],
            "3.4": [
              0.2,
              0.2,
              0.2
            ],
            "4.16": [
              0.5,
              0.5,
              0.5
            ]
          }
        },
        "sparkle4": {
          "position": [
            29,
            11,
            -5
          ],
          "scale": {
            "0.0": [
              0.2,
              0.2,
              0.2
            ],
            "0.68": [
              0.5,
              0.5,
              0.5
            ],
            "1.36": [
              0.2,
              0.2,
              0.2
            ],
            "2.04": [
              0.5,
              0.5,
              0.5
            ],
            "2.72": [
              0.2,
              0.2,
              0.2
            ],
            "3.4": [
              0.5,
              0.5,
              0.5
            ],
            "4.16": [
              0.2,
              0.2,
              0.2
            ]
          }
        },
        "sparkle5": {
          "position": [
            30,
            14,
            -40
          ],
          "scale": {
            "0.0": [
              0.5,
              0.5,
              0.5
            ],
            "0.68": [
              0.2,
              0.2,
              0.2
            ],
            "1.36": [
              0.5,
              0.5,
              0.5
            ],
            "2.04": [
              0.2,
              0.2,
              0.2
            ],
            "2.72": [
              0.5,
              0.5,
              0.5
            ],
            "3.4": [
              0.2,
              0.2,
              0.2
            ],
            "4.16": [
              0.5,
              0.5,
              0.5
            ]
          }
        },
        "sprinkles": {
          "position": [
            0,
            46,
            0
          ],
          "rotation": {
            "0.0": [
              0,
              0,
              0
            ],
            "4.16": [
              0,
              360,
              0
            ]
          }
        },
        "strawberry": {
          "position": {
            "0.0": [
              25,
              13,
              -13
            ],
            "1.0": [
              25,
              16,
              -13
            ],
            "2.12": [
              25,
              13,
              -13
            ],
            "3.2": [
              25,
              16,
              -13
            ],
            "4.16": [
              25,
              13,
              -13
            ]
          },
          "rotation": {
            "0.0": [
              0,
              0,
              -17.5
            ],
            "2.12": [
              0,
              0,
              14.65
            ],
            "4.16": [
              0,
              0,
              -17.5
            ]
          }
        },
        "strawberry2": {
          "position": {
            "0.0": [
              51,
              16,
              4
            ],
            "1.0": [
              51,
              12,
              4
            ],
            "2.12": [
              51,
              16,
              4
            ],
            "3.2": [
              51,
              12,
              4
            ],
            "4.16": [
              51,
              16,
              4
            ]
          },
          "rotation": {
            "0.0": [
              0,
              0,
              0
            ],
            "2.12": [
              0,
              0,
              22.5
            ],
            "4.16": [
              0,
              0,
              0
            ]
          }
        },
        "yellow": {
          "position": {
            "0.0": [
              18,
              2,
              17
            ],
            "1.0": [
              18,
              5,
              17
            ],
            "2.04": [
              18,
              2,
              17
            ],
            "3.12": [
              18,
              5,
              17
            ],
            "4.16": [
              18,
              2,
              17
            ]
          },
          "rotation": {
            "0.0": [
              0,
              0,
              27.5
            ],
            "1.92": [
              0,
              0,
              -25
            ],
            "4.16": [
              0,
              0,
              27.5
            ]
          }
        }
      },
      "loop": true
    }
  },
  "format_version": "1.8.0"
}