{
  "animations": {
    "animation.cubecraft.cage.surfer.idle": {
      "animation_length": 2,
      "bones": {
        "surfboard": {
          "rotation": {
            "0.0": [
              0,
              0,
              0
            ],
            "0.2917": [
              -0.73,
              0,
              0
            ],
            "0.5833": [
              -1.46,
              0,
              0
            ],
            "0.875": [
              -2.19,
              0,
              0
            ],
            "1.0": [
              -2.5,
              0,
              0
            ],
            "1.1667": [
              -2.08,
              0,
              0
            ],
            "1.4583": [
              -1.35,
              0,
              0
            ],
            "1.75": [
              -0.63,
              0,
              0
            ],
            "2.0": [
              0,
              0,
              0
            ]
          }
        },
        "water": {
          "rotation": {
            "0.0": [
              0,
              0,
              0
            ],
            "0.2917": [
              0.73,
              0,
              0
            ],
            "0.5833": [
              1.46,
              0,
              0
            ],
            "0.875": [
              2.19,
              0,
              0
            ],
            "1.0": [
              2.5,
              0,
              0
            ],
            "1.1667": [
              2.08,
              0,
              0
            ],
            "1.4583": [
              1.35,
              0,
              0
            ],
            "1.75": [
              0.63,
              0,
              0
            ],
            "2.0": [
              0,
              0,
              0
            ]
          }
        }
      },
      "loop": true,
      "particle_effects": {}
    }
  },
  "format_version": "1.8.0"
}