{
  "animations": {
    "animation.cage.susan.idle": {
      "animation_length": 1,
      "bones": {
        "body": {
          "rotation": {
            "0.0": [
              0,
              0,
              2.5
            ],
            "0.5": [
              0,
              0,
              -2.5
            ],
            "1.0": [
              0,
              0,
              2.5
            ]
          }
        },
        "chimney": {
          "scale": {
            "0.0": [
              1,
              1,
              1
            ],
            "0.125": [
              1.2,
              1.2,
              1.2
            ],
            "0.25": [
              1,
              1,
              1
            ]
          }
        },
        "smoke": {
          "position": {
            "0.125": [
              0,
              0,
              0
            ],
            "0.4167": [
              0,
              11.09,
              6.47
            ],
            "0.5": [
              0,
              14,
              9.43
            ],
            "0.7083": [
              0,
              17.77,
              17.86
            ],
            "1.0": [
              0,
              21,
              29
            ]
          },
          "scale": {
            "0.0": [
              0,
              0,
              0
            ],
            "0.125": [
              1,
              1,
              1
            ],
            "1.0": [
              0,
              0,
              0
            ]
          }
        },
        "wheels1": {
          "rotation": {
            "0.0": [
              0,
              0,
              0
            ],
            "1.0": [
              180,
              0,
              0
            ]
          }
        },
        "wheels2": {
          "rotation": {
            "0.0": [
              0,
              0,
              0
            ],
            "1.0": [
              180,
              0,
              0
            ]
          }
        },
        "wheels3": {
          "rotation": {
            "0.0": [
              0,
              0,
              0
            ],
            "1.0": [
              180,
              0,
              0
            ]
          }
        }
      },
      "loop": true
    }
  },
  "format_version": "1.8.0"
}