{
  "animations": {
    "animation.cubecraft.windmill.rotation": {
      "animation_length": 2.08,
      "bones": {
        "bone23": {
          "position": [
            0,
            0,
            0
          ],
          "rotation": {
            "0.0": [
              0,
              0,
              0
            ],
            "0.52": [
              90,
              0,
              0
            ],
            "1.04": [
              180,
              0,
              0
            ],
            "1.56": [
              270,
              0,
              0
            ],
            "2.08": [
              360,
              0,
              0
            ]
          },
          "scale": 1
        }
      },
      "loop": true
    }
  },
  "format_version": "1.8.0"
}