{
  "dynamic_button": {
    "controls": [
      {
        "panel_name": {
          "bindings": [
            {
              "binding_type": "view",
              "resolve_sibling_scope": true,
              "source_control_name": "image",
              "source_property_name": "(not (#texture = ''))",
              "target_property_name": "#visible"
            }
          ],
          "controls": [
            {
              "image": {
                "bindings": [
                  {
                    "binding_collection_name": "form_buttons",
                    "binding_name": "#form_button_texture",
                    "binding_name_override": "#texture",
                    "binding_type": "collection"
                  },
                  {
                    "binding_collection_name": "form_buttons",
                    "binding_name": "#form_button_texture_file_system",
                    "binding_name_override": "#texture_file_system",
                    "binding_type": "collection"
                  },
                  {
                    "binding_type": "view",
                    "source_property_name": "(not ((#texture = '') or (#texture = 'loading')))",
                    "target_property_name": "#visible"
                  }
                ],
                "layer": 2,
                "offset": [
                  1,
                  0
                ],
                "size": [
                  32,
                  32
                ],
                "type": "image"
              }
            },
            {
              "progress@progress.progress_loading_bars": {
                "bindings": [
                  {
                    "binding_type": "view",
                    "resolve_sibling_scope": true,
                    "source_control_name": "image",
                    "source_property_name": "(#texture = 'loading')",
                    "target_property_name": "#visible"
                  }
                ],
                "offset": [
                  1,
                  16
                ],
                "size": [
                  30,
                  4
                ]
              }
            }
          ],
          "size": [
            34,
            "100%c"
          ],
          "type": "panel"
        }
      },
      {
        "form_button@common_buttons.light_text_button": {
          "$button_text": "#form_button_text",
          "$button_text_binding_type": "collection",
          "$button_text_grid_collection_name": "form_buttons",
          "$button_text_max_size": [
            "100%",
            20
          ],
          "$pressed_button_name": "button.form_button_click",
          "anchor_from": "top_left",
          "anchor_to": "top_left",
          "bindings": [
            {
              "binding_collection_name": "form_buttons",
              "binding_type": "collection_details"
            }
          ],
          "size": [
            "fill",
            32
          ]
        }
      }
    ],
    "orientation": "horizontal",
    "size": [
      "100%",
      32
    ],
    "type": "stack_panel"
  },
  "long_form_dynamic_buttons_panel": {
    "offset": [
      0,
      0
    ],
    "size": [
      "100%",
      "100%c"
    ],
    "type": "stack_panel"
  },
  "long_form_scrolling_content": {
    "size": [
      "100%",
      "100%c"
    ],
    "type": "stack_panel"
  },
  "namespace": "server_form"
}