{
  "format_version": "1.10.0",
  "particle_effect": {
    "components": {
      "minecraft:emitter_lifetime_once": {
        "active_time": "variable.color.a"
      },
      "minecraft:emitter_rate_steady": {
        "max_particles": 100,
        "spawn_rate": 4
      },
      "minecraft:emitter_shape_box": {
        "direction": "outwards",
        "half_dimensions": [
          0.2,
          0.2,
          0.2
        ]
      },
      "minecraft:particle_appearance_billboard": {
        "facing_camera_mode": "rotate_xyz",
        "size": [
          0.2,
          0.2
        ],
        "uv": {
          "texture_height": 16,
          "texture_width": 64,
          "uv": [
            "math.floor(math.clamp(v.particle_age*4*(1/variable.color.a),0,4))*16",
            0
          ],
          "uv_size": [
            16,
            16
          ]
        }
      },
      "minecraft:particle_appearance_tinting": {
        "color": [
          "Math.clamp(variable.color.r, 0, 1)",
          "Math.clamp(variable.color.g, 0, 1)",
          "Math.clamp(variable.color.b, 0, 1)",
          1
        ]
      },
      "minecraft:particle_initial_speed": "v.particle_random_1*0.5",
      "minecraft:particle_initial_spin": {
        "rotation": "(v.particle_random_2-0.5)*180",
        "rotation_rate": "(v.particle_random_3-0.5)*180"
      },
      "minecraft:particle_lifetime_expression": {
        "max_lifetime": "variable.color.a"
      },
      "minecraft:particle_motion_dynamic": {}
    },
    "description": {
      "basic_render_parameters": {
        "material": "particles_alpha",
        "texture": "textures/cc/particle/brand_triangle"
      },
      "identifier": "cubecraft:brand_triangle"
    }
  }
}