{
  "format_version": "1.10.0",
  "particle_effect": {
    "components": {
      "minecraft:emitter_lifetime_once": {
        "active_time": 0.3
      },
      "minecraft:emitter_rate_instant": {
        "num_particles": 1
      },
      "minecraft:emitter_shape_point": {},
      "minecraft:particle_appearance_billboard": {
        "facing_camera_mode": "rotate_xyz",
        "size": [
          0.2,
          0.2
        ],
        "uv": {
          "texture_height": 16,
          "texture_width": 64,
          "uv": [
            "math.floor(math.clamp(v.particle_age*4*(1/variable.color.a),0,4))*16",
            0
          ],
          "uv_size": [
            16,
            16
          ]
        }
      },
      "minecraft:particle_appearance_tinting": {
        "color": [
          "Math.clamp(variable.color.r, 0, 1)",
          "Math.clamp(variable.color.g, 0, 1)",
          "Math.clamp(variable.color.b, 0, 1)",
          1
        ]
      },
      "minecraft:particle_initial_speed": 0,
      "minecraft:particle_lifetime_expression": {
        "max_lifetime": "variable.color.a"
      },
      "minecraft:particle_motion_dynamic": {}
    },
    "description": {
      "basic_render_parameters": {
        "material": "particles_alpha",
        "texture": "textures/cc/particle/brand_hexagon"
      },
      "identifier": "cubecraft:debug_hexagon"
    }
  }
}