{
  "format_version": "1.10.0",
  "particle_effect": {
    "components": {
      "minecraft:emitter_lifetime_looping": {
        "active_time": 3
      },
      "minecraft:emitter_rate_instant": {
        "num_particles": 32
      },
      "minecraft:emitter_shape_box": {
        "direction": "outwards",
        "half_dimensions": [
          0.5,
          0.5,
          0.5
        ],
        "offset": [
          0,
          0.5,
          0
        ],
        "surface_only": true
      },
      "minecraft:particle_appearance_billboard": {
        "facing_camera_mode": "rotate_xyz",
        "size": [
          "0.05 + (v.particle_random_3 * 0.1)",
          "0.05 + (v.particle_random_3 * 0.1)"
        ],
        "uv": {
          "texture_height": 8,
          "texture_width": 32,
          "uv": [
            "math.floor(v.particle_random_4 * 4) * 8",
            0
          ],
          "uv_size": [
            8,
            8
          ]
        }
      },
      "minecraft:particle_appearance_tinting": {
        "color": [
          "Math.clamp(variable.color.r, 0, 1)",
          "Math.clamp(variable.color.g, 0, 1)",
          "Math.clamp(variable.color.b, 0, 1)",
          1
        ]
      },
      "minecraft:particle_initial_speed": "1 + (v.particle_random_2 * 5)",
      "minecraft:particle_lifetime_expression": {
        "max_lifetime": "1 + (v.particle_random_2 * 2)"
      },
      "minecraft:particle_motion_collision": {
        "collision_drag": 5,
        "collision_radius": 0.1
      },
      "minecraft:particle_motion_dynamic": {
        "linear_acceleration": [
          0,
          "(v.particle_lifetime/2) * -9.8",
          0
        ]
      },
      "minecraft:particle_motion_parametric": {
        "rotation": "(v.particle_age < 1 ? 1 - Math.pow(1 - v.particle_age, 4) : 1) * v.particle_random_1 * 180"
      }
    },
    "description": {
      "basic_render_parameters": {
        "material": "particles_alpha",
        "texture": "textures/cc/particle/lucky_block_break"
      },
      "identifier": "cubecraft:lucky_block_break"
    }
  }
}