{
  "format_version": "1.10.0",
  "particle_effect": {
    "components": {
      "minecraft:emitter_initialization": {
        "creation_expression": "v.maxage = 2;"
      },
      "minecraft:emitter_lifetime_once": {
        "active_time": 1
      },
      "minecraft:emitter_rate_instant": {
        "num_particles": 32
      },
      "minecraft:emitter_shape_point": {
        "direction": [
          "math.sin(v.particle_random_1*360)",
          0,
          "math.cos(v.particle_random_1*360)"
        ],
        "offset": [
          0,
          "0.2 + math.mod(v.particle_random_1 * 100, 1) * 0.05",
          0
        ]
      },
      "minecraft:particle_appearance_billboard": {
        "direction": {
          "custom_direction": [
            0,
            0,
            1
          ],
          "mode": "custom"
        },
        "facing_camera_mode": "direction_y",
        "size": [
          "0.1 + (v.particle_age * 0.5 * v.maxage)",
          "0.1 + (v.particle_age * 0.5 * v.maxage)"
        ],
        "uv": {
          "texture_height": 16,
          "texture_width": 16,
          "uv": [
            0,
            0
          ],
          "uv_size": [
            16,
            16
          ]
        }
      },
      "minecraft:particle_appearance_tinting": {
        "color": [
          1,
          1,
          1,
          "Math.clamp(1 - (v.particle_age/2), 0, 1)"
        ]
      },
      "minecraft:particle_initial_speed": 20,
      "minecraft:particle_lifetime_expression": {
        "max_lifetime": 2
      },
      "minecraft:particle_motion_collision": {
        "collision_radius": 0.1,
        "expire_on_contact": true
      },
      "minecraft:particle_motion_dynamic": {
        "linear_drag_coefficient": 1
      },
      "minecraft:particle_motion_parametric": {
        "rotation": "(v.particle_random_1*360)+45"
      }
    },
    "description": {
      "basic_render_parameters": {
        "material": "particles_blend",
        "texture": "textures/cc/particle/soundwave"
      },
      "identifier": "cubecraft:minerware.soundwave"
    }
  }
}