{
  "format_version": "1.10.0",
  "particle_effect": {
    "components": {
      "minecraft:emitter_lifetime_once": {
        "active_time": 1
      },
      "minecraft:emitter_local_space": {
        "position": true,
        "rotation": false
      },
      "minecraft:emitter_rate_instant": {
        "num_particles": 1
      },
      "minecraft:emitter_shape_point": {},
      "minecraft:particle_appearance_billboard": {
        "facing_camera_mode": "rotate_xyz",
        "size": [
          "(v.particle_age < 1 ? math.sin(v.particle_age * 90) : 0.5 + v.particle_age / 2) * 0.25",
          "(v.particle_age < 1 ? math.sin(v.particle_age * 90) : 0.5 + v.particle_age / 2) * 0.25"
        ],
        "uv": {
          "texture_height": 32,
          "texture_width": 128,
          "uv": [
            "(v.particle_age < 1 ? math.mod(math.floor(v.particle_age * 16), 8) : math.floor((v.particle_age - 1) * 8)) * 16",
            "v.particle_age < 1 ? 0 : 16"
          ],
          "uv_size": [
            16,
            16
          ]
        }
      },
      "minecraft:particle_appearance_tinting": {
        "color": [
          1,
          1,
          1,
          "Math.clamp(4 - (v.particle_age * 2), 0, 1)"
        ]
      },
      "minecraft:particle_lifetime_expression": {
        "max_lifetime": 2
      },
      "minecraft:particle_motion_parametric": {
        "relative_position": [
          "math.sin(v.particle_random_1 * 360) * math.sin(math.min(v.particle_age, 1) * 90)",
          1,
          "math.cos(v.particle_random_1 * 360) * math.sin(math.min(v.particle_age, 1) * 90)"
        ],
        "rotation": "math.sin(v.particle_age * 180) * 7.5"
      }
    },
    "description": {
      "basic_render_parameters": {
        "material": "particles_blend",
        "texture": "textures/cc/particle/gain_no_trophy"
      },
      "identifier": "cubecraft:minerware.gain_no_trophy"
    }
  }
}