{
  "format_version": "1.10.0",
  "particle_effect": {
    "components": {
      "minecraft:emitter_lifetime_once": {
        "active_time": 0.5
      },
      "minecraft:emitter_local_space": {
        "position": true,
        "rotation": true
      },
      "minecraft:emitter_rate_instant": {
        "num_particles": 1
      },
      "minecraft:emitter_shape_point": {},
      "minecraft:particle_appearance_billboard": {
        "facing_camera_mode": "rotate_xyz",
        "size": [
          "math.abs(math.sin(v.particle_age * 90) * (v.particle_age < 2 ? 0.25 : 0.2))",
          "math.abs(math.sin(v.particle_age * 90) * (v.particle_age < 2 ? 0.25 : 0.2))"
        ],
        "uv": {
          "texture_height": 32,
          "texture_width": 128,
          "uv": [
            "math.mod(math.floor(v.particle_age * 16), 8) * 16",
            "v.particle_age < 2 ? 0 : 16"
          ],
          "uv_size": [
            16,
            16
          ]
        }
      },
      "minecraft:particle_appearance_tinting": {
        "color": [
          1,
          1,
          1,
          "Math.clamp(v.particle_age < 3 ? 1 : 1 - (v.particle_age * 2 - 6), 0, 1)"
        ]
      },
      "minecraft:particle_lifetime_expression": {
        "max_lifetime": 4
      },
      "minecraft:particle_motion_parametric": {
        "relative_position": [
          "math.sin(v.particle_random_1 * 50 - 25) * (v.particle_age < 3 ? math.sin(v.particle_age * 90) : -1)",
          "v.particle_age < 2 ? 1 + (v.particle_age < 1 ? 0 : -1 + math.cos((v.particle_age - 1) * 90)) : 0",
          "math.cos(v.particle_random_1 * 50 - 25) * (v.particle_age < 3 ? math.sin(v.particle_age * 90) : -1)"
        ],
        "rotation": "math.sin(v.particle_age * 360) * 7.5"
      }
    },
    "description": {
      "basic_render_parameters": {
        "material": "particles_blend",
        "texture": "textures/cc/particle/gain_trophy"
      },
      "identifier": "cubecraft:minerware.gain_trophy"
    }
  }
}