{
  "format_version": "1.10.0",
  "particle_effect": {
    "components": {
      "minecraft:emitter_initialization": {
        "creation_expression": "v.duration=30;"
      },
      "minecraft:emitter_lifetime_looping": {
        "active_time": 30
      },
      "minecraft:emitter_rate_steady": {
        "max_particles": 256,
        "spawn_rate": 2.1
      },
      "minecraft:emitter_shape_point": {
        "offset": [
          "Math.floor(Math.mod(v.emitter_age/v.duration*4*4*4,4))/4*1.33",
          "Math.floor(Math.mod(v.emitter_age/v.duration*4,4))/4*1.33",
          "Math.floor(Math.mod(v.emitter_age/v.duration*4*4,4))/4*1.33"
        ]
      },
      "minecraft:particle_appearance_billboard": {
        "facing_camera_mode": "rotate_xyz",
        "size": [
          0.1,
          0.1
        ],
        "uv": {
          "texture_height": 8,
          "texture_width": 32,
          "uv": [
            "math.floor(v.particle_random_1*4)*8",
            0
          ],
          "uv_size": [
            8,
            8
          ]
        }
      },
      "minecraft:particle_appearance_tinting": {
        "color": [
          "(Math.cos(v.particle_age * 90 + 0) + 1) / 2",
          "(Math.cos(v.particle_age * 90 + 120) + 1) / 2",
          "(Math.cos(v.particle_age * 90 + 240) + 1) / 2",
          1
        ]
      },
      "minecraft:particle_initial_speed": 0,
      "minecraft:particle_lifetime_expression": {
        "max_lifetime": "v.duration-v.emitter_age"
      },
      "minecraft:particle_motion_dynamic": {
        "linear_acceleration": [
          "math.sin(v.particle_age*(1+v.particle_random_3)*180)*2",
          "math.cos(v.particle_age*(1+v.particle_random_3)*360)*2",
          "math.cos(v.particle_age*(1+v.particle_random_3)*180)*2"
        ],
        "linear_drag_coefficient": 10
      },
      "minecraft:particle_motion_parametric": {
        "rotation": "(v.particle_random_2*360)+math.sin(v.particle_age*360)*15"
      }
    },
    "description": {
      "basic_render_parameters": {
        "material": "particles_alpha",
        "texture": "textures/cc/particle/lucky_block_break"
      },
      "identifier": "cubecraft:ultra_luckyblock_respawning"
    }
  }
}