{
	"format_version": "1.16.0",
	"minecraft:block": {
		"description": {
			"identifier": "histeria:histerite_anvil",
			"is_experimental": true,
			"register_to_creative_menu": true,
			"properties": {
				"customies:rotation": [
					2,
					3,
					4,
					5
				]
			},
			"menu_category": {
				"category": "items",
				"group": "none"
			}
		},
		"components": {
			"minecraft:collision_box": {
				"enabled": 1,
				"origin": [
					-8,
					0,
					-8
				],
				"size": [
					16,
					16,
					16
				]
			},
			"minecraft:destructible_by_mining": 2,
			"minecraft:geometry": "geometry.histerite_anvil",
			"minecraft:light_dampening": 0,
			"minecraft:light_emission": 0,
			"minecraft:material_instances": {
				"*": {
					"ambient_occlusion": 1,
					"face_dimming": 1,
					"render_method": "alpha_test",
					"texture": "histerite_anvil"
				}
			},
			"minecraft:on_player_placing": {},
			"minecraft:selection_box": {
				"enabled": 1,
				"origin": [
					-8,
					0,
					-8
				],
				"size": [
					16,
					16,
					16
				]
			}
		},
		"permutations": [
			{
				"components": {
					"minecraft:transformation": {
						"rotation": [
							0,
							0,
							0
						],
						"scale": [
							1,
							1,
							1
						],
						"translation": [
							0,
							0,
							0
						]
					}
				},
				"condition": "q.block_property('customies:rotation') == 2"
			},
			{
				"components": {
					"minecraft:transformation": {
						"rotation": [
							0,
							180,
							0
						],
						"scale": [
							1,
							1,
							1
						],
						"translation": [
							0,
							0,
							0
						]
					}
				},
				"condition": "q.block_property('customies:rotation') == 3"
			},
			{
				"components": {
					"minecraft:transformation": {
						"rotation": [
							0,
							90,
							0
						],
						"scale": [
							1,
							1,
							1
						],
						"translation": [
							0,
							0,
							0
						]
					}
				},
				"condition": "q.block_property('customies:rotation') == 4"
			},
			{
				"components": {
					"minecraft:transformation": {
						"rotation": [
							0,
							270,
							0
						],
						"scale": [
							1,
							1,
							1
						],
						"translation": [
							0,
							0,
							0
						]
					}
				},
				"condition": "q.block_property('customies:rotation') == 5"
			}
		]
	}
}
