{
	"format_version": "1.16.0",
	"minecraft:block": {
		"description": {
			"identifier": "histeria:nocturite_plant",
			"is_experimental": true,
			"register_to_creative_menu": true,
			"properties": {
				"customies:plant_age": [
					0,
					1,
					2,
					3
				]
			},
			"menu_category": {
				"category": "nature",
				"group": "itemGroup.name.seed"
			}
		},
		"components": {
			"minecraft:collision_box": {
				"enabled": 0,
				"origin": [
					-8,
					0,
					-8
				],
				"size": [
					16,
					16,
					16
				]
			},
			"minecraft:destructible_by_mining": 0,
			"minecraft:geometry": "geometry.nocturite_plant",
			"minecraft:light_dampening": 0,
			"minecraft:light_emission": 0,
			"minecraft:material_instances": {
				"*": {
					"ambient_occlusion": 1,
					"face_dimming": 1,
					"render_method": "alpha_test",
					"texture": "nocturite_plant"
				}
			},
			"minecraft:on_player_placing": {},
			"minecraft:selection_box": {
				"enabled": 1,
				"origin": [
					-8,
					0,
					-8
				],
				"size": [
					16,
					16,
					16
				]
			}
		},
		"permutations": [
			{
				"components": {
					"minecraft:material_instances": {
						"mappings": {},
						"materials": {
							"*": {
								"ambient_occlusion": 0,
								"face_dimming": 0,
								"render_method": "alpha_test",
								"texture": "nocturite_plant_stage_0"
							}
						}
					}
				},
				"condition": "q.block_property('customies:plant_age') == 0"
			},
			{
				"components": {
					"minecraft:material_instances": {
						"mappings": {},
						"materials": {
							"*": {
								"ambient_occlusion": 0,
								"face_dimming": 0,
								"render_method": "alpha_test",
								"texture": "nocturite_plant_stage_1"
							}
						}
					}
				},
				"condition": "q.block_property('customies:plant_age') == 1"
			},
			{
				"components": {
					"minecraft:material_instances": {
						"mappings": {},
						"materials": {
							"*": {
								"ambient_occlusion": 0,
								"face_dimming": 0,
								"render_method": "alpha_test",
								"texture": "nocturite_plant_stage_2"
							}
						}
					}
				},
				"condition": "q.block_property('customies:plant_age') == 2"
			},
			{
				"components": {
					"minecraft:material_instances": {
						"mappings": {},
						"materials": {
							"*": {
								"ambient_occlusion": 0,
								"face_dimming": 0,
								"render_method": "alpha_test",
								"texture": "nocturite_plant_stage_3"
							}
						}
					}
				},
				"condition": "q.block_property('customies:plant_age') == 3"
			}
		]
	}
}
