{
	"format_version": "1.16.0",
	"minecraft:block": {
		"description": {
			"identifier": "histeria:spike",
			"is_experimental": true,
			"register_to_creative_menu": true,
			"menu_category": {
				"category": "construction",
				"group": "none"
			}
		},
		"components": {
			"minecraft:collision_box": {
				"enabled": 0,
				"origin": [
					-8,
					0,
					-8
				],
				"size": [
					16,
					16,
					16
				]
			},
			"minecraft:destructible_by_mining": 3,
			"minecraft:geometry": "geometry.spike",
			"minecraft:light_dampening": 0,
			"minecraft:light_emission": 0,
			"minecraft:material_instances": {
				"*": {
					"ambient_occlusion": 1,
					"face_dimming": 1,
					"render_method": "alpha_test",
					"texture": "spike"
				}
			},
			"minecraft:selection_box": {
				"enabled": 1,
				"origin": [
					-8,
					0,
					-8
				],
				"size": [
					16,
					16,
					16
				]
			}
		}
	}
}
