{
  "format_version": "1.8.0",
  "minecraft:client_entity": {
    "description": {
      "animation_controllers": [
        {
          "general": "controller.animation.generic.single"
        }
      ],
      "animations": {
        "default": "animation.aquarium.idle"
      },
      "geometry": {
        "default": "geometry.cubecraft.lucky.block.skin.aquarium"
      },
      "identifier": "cubecraft:luckyblock_aquarium",
      "materials": {
        "default": "entity_alphatest"
      },
      "render_controllers": [
        "controller.render.unlit"
      ],
      "textures": {
        "default": "textures/cc/luckyblock/aquarium"
      }
    }
  }
}