{
  "format_version": "1.8.0",
  "minecraft:client_entity": {
    "description": {
      "animation_controllers": [
        {
          "general": "controller.animation.generic.single"
        }
      ],
      "animations": {
        "default": "animation.toaster.idle"
      },
      "geometry": {
        "default": "geometry.cubecraft.luckyblock.toaster"
      },
      "identifier": "cubecraft:luckyblock_toaster",
      "materials": {
        "default": "entity_alphatest"
      },
      "render_controllers": [
        "controller.render.unlit"
      ],
      "textures": {
        "default": "textures/cc/luckyblock/toaster"
      }
    }
  }
}