{
  "format_version": "1.12.0",
  "minecraft:geometry": [
    {
      "bones": [
        {
          "cubes": [
            {
              "origin": [
                8.3,
                -3.45,
                -0.5
              ],
              "pivot": [
                3.3,
                -3,
                0
              ],
              "rotation": [
                0,
                0,
                -45
              ],
              "size": [
                1,
                12,
                1
              ],
              "uv": {
                "down": {
                  "uv": [
                    11,
                    12
                  ],
                  "uv_size": [
                    1,
                    -1
                  ]
                },
                "east": {
                  "uv": [
                    8,
                    0
                  ],
                  "uv_size": [
                    1,
                    12
                  ]
                },
                "north": {
                  "uv": [
                    7,
                    0
                  ],
                  "uv_size": [
                    1,
                    12
                  ]
                },
                "south": {
                  "uv": [
                    9,
                    0
                  ],
                  "uv_size": [
                    1,
                    12
                  ]
                },
                "up": {
                  "uv": [
                    11,
                    10
                  ],
                  "uv_size": [
                    1,
                    1
                  ]
                },
                "west": {
                  "uv": [
                    10,
                    0
                  ],
                  "uv_size": [
                    1,
                    12
                  ]
                }
              }
            },
            {
              "origin": [
                -7.97817,
                9.05635,
                0
              ],
              "size": [
                7,
                7,
                0
              ],
              "uv": {
                "down": {
                  "uv": [
                    0,
                    0
                  ],
                  "uv_size": [
                    7,
                    0
                  ]
                },
                "east": {
                  "uv": [
                    0,
                    0
                  ],
                  "uv_size": [
                    0,
                    7
                  ]
                },
                "north": {
                  "uv": [
                    0,
                    0
                  ],
                  "uv_size": [
                    7,
                    7
                  ]
                },
                "south": {
                  "uv": [
                    0,
                    7
                  ],
                  "uv_size": [
                    7,
                    7
                  ]
                },
                "up": {
                  "uv": [
                    0,
                    0
                  ],
                  "uv_size": [
                    7,
                    0
                  ]
                },
                "west": {
                  "uv": [
                    0,
                    0
                  ],
                  "uv_size": [
                    0,
                    7
                  ]
                }
              }
            },
            {
              "origin": [
                -1.84767,
                7.92584,
                -0.6
              ],
              "size": [
                2,
                2,
                1.2
              ],
              "uv": {
                "down": {
                  "uv": [
                    11,
                    10
                  ],
                  "uv_size": [
                    2,
                    -1
                  ]
                },
                "east": {
                  "uv": [
                    11,
                    4
                  ],
                  "uv_size": [
                    1,
                    2
                  ]
                },
                "north": {
                  "uv": [
                    11,
                    0
                  ],
                  "uv_size": [
                    2,
                    2
                  ]
                },
                "south": {
                  "uv": [
                    11,
                    2
                  ],
                  "uv_size": [
                    2,
                    2
                  ]
                },
                "up": {
                  "uv": [
                    11,
                    8
                  ],
                  "uv_size": [
                    2,
                    1
                  ]
                },
                "west": {
                  "uv": [
                    11,
                    6
                  ],
                  "uv_size": [
                    1,
                    2
                  ]
                }
              }
            },
            {
              "origin": [
                0.05233,
                6.82584,
                -0.6
              ],
              "size": [
                1.2,
                1.2,
                1.2
              ],
              "uv": {
                "down": {
                  "uv": [
                    8,
                    13
                  ],
                  "uv_size": [
                    1,
                    -1
                  ]
                },
                "east": {
                  "uv": [
                    12,
                    5
                  ],
                  "uv_size": [
                    1,
                    1
                  ]
                },
                "north": {
                  "uv": [
                    12,
                    4
                  ],
                  "uv_size": [
                    1,
                    1
                  ]
                },
                "south": {
                  "uv": [
                    12,
                    6
                  ],
                  "uv_size": [
                    1,
                    1
                  ]
                },
                "up": {
                  "uv": [
                    12,
                    7
                  ],
                  "uv_size": [
                    1,
                    1
                  ]
                },
                "west": {
                  "uv": [
                    7,
                    12
                  ],
                  "uv_size": [
                    1,
                    1
                  ]
                }
              }
            }
          ],
          "name": "spin",
          "pivot": [
            3.3,
            -3,
            0
          ]
        }
      ],
      "description": {
        "identifier": "geometry.cubecraft.powerup.freezerator",
        "texture_height": 16,
        "texture_width": 16,
        "visible_bounds_height": 3.5,
        "visible_bounds_offset": [
          0,
          1.25,
          0
        ],
        "visible_bounds_width": 4
      }
    }
  ]
}