{
  "format_version": "1.12.0",
  "minecraft:geometry": [
    {
      "bones": [
        {
          "cubes": [
            {
              "origin": [
                -7,
                10,
                -5
              ],
              "size": [
                10,
                5,
                10
              ],
              "uv": {
                "east": {
                  "uv": [
                    10,
                    0
                  ],
                  "uv_size": [
                    10,
                    5
                  ]
                },
                "north": {
                  "uv": [
                    10,
                    0
                  ],
                  "uv_size": [
                    10,
                    5
                  ]
                },
                "south": {
                  "uv": [
                    10,
                    0
                  ],
                  "uv_size": [
                    10,
                    5
                  ]
                },
                "up": {
                  "uv": [
                    0,
                    0
                  ],
                  "uv_size": [
                    10,
                    10
                  ]
                },
                "west": {
                  "uv": [
                    10,
                    0
                  ],
                  "uv_size": [
                    10,
                    5
                  ]
                }
              }
            },
            {
              "origin": [
                -3,
                1,
                -1
              ],
              "size": [
                2,
                2,
                2
              ],
              "uv": {
                "down": {
                  "uv": [
                    10,
                    9
                  ],
                  "uv_size": [
                    2,
                    -2
                  ]
                },
                "east": {
                  "uv": [
                    14,
                    5
                  ],
                  "uv_size": [
                    -2,
                    2
                  ]
                },
                "north": {
                  "uv": [
                    13,
                    10
                  ],
                  "uv_size": [
                    2,
                    2
                  ]
                },
                "south": {
                  "uv": [
                    12,
                    5
                  ],
                  "uv_size": [
                    2,
                    2
                  ]
                },
                "up": {
                  "uv": [
                    10,
                    5
                  ],
                  "uv_size": [
                    2,
                    2
                  ]
                },
                "west": {
                  "uv": [
                    14,
                    5
                  ],
                  "uv_size": [
                    -2,
                    2
                  ]
                }
              }
            },
            {
              "origin": [
                -6.6,
                1,
                4.1
              ],
              "pivot": [
                -6.6,
                10,
                4.6
              ],
              "rotation": [
                -33.59794,
                35.79744,
                -48.63781
              ],
              "size": [
                0,
                9,
                1
              ],
              "uv": {
                "north": {
                  "uv": [
                    0,
                    0
                  ],
                  "uv_size": [
                    0,
                    9
                  ]
                },
                "south": {
                  "uv": [
                    0,
                    0
                  ],
                  "uv_size": [
                    0,
                    9
                  ]
                },
                "up": {
                  "uv": [
                    0,
                    1
                  ],
                  "uv_size": [
                    0,
                    -1
                  ]
                },
                "west": {
                  "uv": [
                    12,
                    9
                  ],
                  "uv_size": [
                    1,
                    9
                  ]
                }
              }
            },
            {
              "origin": [
                2.6,
                1,
                4.1
              ],
              "pivot": [
                2.6,
                10,
                4.6
              ],
              "rotation": [
                -33.59794,
                -35.79744,
                48.63781
              ],
              "size": [
                0,
                9,
                1
              ],
              "uv": {
                "east": {
                  "uv": [
                    13,
                    9
                  ],
                  "uv_size": [
                    -1,
                    9
                  ]
                },
                "north": {
                  "uv": [
                    0,
                    0
                  ],
                  "uv_size": [
                    0,
                    9
                  ]
                },
                "south": {
                  "uv": [
                    0,
                    0
                  ],
                  "uv_size": [
                    0,
                    9
                  ]
                },
                "up": {
                  "uv": [
                    0,
                    1
                  ],
                  "uv_size": [
                    0,
                    -1
                  ]
                }
              }
            },
            {
              "origin": [
                -6.6,
                1,
                -5.1
              ],
              "pivot": [
                -6.6,
                10,
                -4.6
              ],
              "rotation": [
                33.59794,
                -35.79744,
                -48.63781
              ],
              "size": [
                0,
                9,
                1
              ],
              "uv": {
                "north": {
                  "uv": [
                    0,
                    0
                  ],
                  "uv_size": [
                    0,
                    9
                  ]
                },
                "south": {
                  "uv": [
                    0,
                    0
                  ],
                  "uv_size": [
                    0,
                    9
                  ]
                },
                "up": {
                  "uv": [
                    0,
                    0
                  ],
                  "uv_size": [
                    0,
                    1
                  ]
                },
                "west": {
                  "uv": [
                    13,
                    9
                  ],
                  "uv_size": [
                    -1,
                    9
                  ]
                }
              }
            },
            {
              "origin": [
                2.6,
                1,
                -5.1
              ],
              "pivot": [
                2.6,
                10,
                -4.6
              ],
              "rotation": [
                33.59794,
                35.79744,
                48.63781
              ],
              "size": [
                0,
                9,
                1
              ],
              "uv": {
                "east": {
                  "uv": [
                    12,
                    9
                  ],
                  "uv_size": [
                    1,
                    9
                  ]
                },
                "north": {
                  "uv": [
                    0,
                    0
                  ],
                  "uv_size": [
                    0,
                    9
                  ]
                },
                "south": {
                  "uv": [
                    0,
                    0
                  ],
                  "uv_size": [
                    0,
                    9
                  ]
                },
                "up": {
                  "uv": [
                    0,
                    0
                  ],
                  "uv_size": [
                    0,
                    1
                  ]
                }
              }
            },
            {
              "origin": [
                -6,
                15,
                -4
              ],
              "size": [
                8,
                1,
                8
              ],
              "uv": {
                "east": {
                  "uv": [
                    13,
                    9
                  ],
                  "uv_size": [
                    8,
                    1
                  ]
                },
                "north": {
                  "uv": [
                    13,
                    9
                  ],
                  "uv_size": [
                    8,
                    1
                  ]
                },
                "south": {
                  "uv": [
                    13,
                    9
                  ],
                  "uv_size": [
                    8,
                    1
                  ]
                },
                "up": {
                  "uv": [
                    0,
                    10
                  ],
                  "uv_size": [
                    8,
                    8
                  ]
                },
                "west": {
                  "uv": [
                    13,
                    9
                  ],
                  "uv_size": [
                    8,
                    1
                  ]
                }
              }
            }
          ],
          "name": "spin",
          "pivot": [
            -2,
            0,
            0
          ],
          "rotation": [
            0,
            0,
            12.5
          ]
        }
      ],
      "description": {
        "identifier": "geometry.cubecraft.blockwars.slow_falling",
        "texture_height": 32,
        "texture_width": 32,
        "visible_bounds_height": 2.5,
        "visible_bounds_offset": [
          0,
          0.75,
          0
        ],
        "visible_bounds_width": 2
      }
    }
  ]
}