{
  "format_version": "1.12.0",
  "minecraft:geometry": [
    {
      "bones": [
        {
          "cubes": [
            {
              "origin": [
                1.5,
                25.65,
                2.55
              ],
              "pivot": [
                4,
                20.65,
                2.55
              ],
              "rotation": [
                15,
                -10,
                -150
              ],
              "size": [
                5,
                17,
                2
              ],
              "uv": [
                0,
                0
              ]
            },
            {
              "inflate": -0.3,
              "origin": [
                1.5,
                40.4,
                2.55
              ],
              "pivot": [
                4,
                20.65,
                2.55
              ],
              "rotation": [
                15,
                -10,
                -150
              ],
              "size": [
                5,
                4,
                2
              ],
              "uv": [
                14,
                0
              ]
            },
            {
              "inflate": -0.1,
              "origin": [
                2.5,
                17.65,
                2.55
              ],
              "pivot": [
                4,
                20.65,
                2.55
              ],
              "rotation": [
                15,
                -10,
                -150
              ],
              "size": [
                3,
                5,
                2
              ],
              "uv": [
                14,
                6
              ]
            },
            {
              "origin": [
                5.99038,
                14.65392,
                0.78432
              ],
              "pivot": [
                6.24038,
                15.15392,
                1.78432
              ],
              "rotation": [
                105,
                -10,
                -150
              ],
              "size": [
                2,
                1,
                2
              ],
              "uv": [
                18,
                19
              ]
            },
            {
              "origin": [
                -3.61187,
                19.33175,
                2.43398
              ],
              "pivot": [
                -1.86187,
                19.83175,
                3.43398
              ],
              "rotation": [
                105,
                -10,
                -150
              ],
              "size": [
                2,
                1,
                2
              ],
              "uv": [
                10,
                19
              ]
            },
            {
              "inflate": 0.2,
              "origin": [
                0.5,
                22.65,
                2.55
              ],
              "pivot": [
                4,
                20.65,
                2.55
              ],
              "rotation": [
                15,
                -10,
                -150
              ],
              "size": [
                7,
                3,
                2
              ],
              "uv": [
                14,
                14
              ]
            },
            {
              "inflate": 0.2,
              "origin": [
                2.5,
                16.65,
                2.55
              ],
              "pivot": [
                4,
                20.65,
                2.55
              ],
              "rotation": [
                15,
                -10,
                -150
              ],
              "size": [
                3,
                2,
                2
              ],
              "uv": [
                0,
                19
              ]
            },
            {
              "inflate": 0.2,
              "origin": [
                4.99038,
                14.15392,
                0.78432
              ],
              "pivot": [
                6.24038,
                15.15392,
                1.78432
              ],
              "rotation": [
                105,
                -10,
                -150
              ],
              "size": [
                1,
                2,
                2
              ],
              "uv": [
                14,
                22
              ]
            },
            {
              "inflate": 0.2,
              "origin": [
                -1.61187,
                18.83175,
                2.43398
              ],
              "pivot": [
                -1.86187,
                19.83175,
                3.43398
              ],
              "rotation": [
                105,
                -10,
                -150
              ],
              "size": [
                1,
                2,
                2
              ],
              "uv": [
                8,
                22
              ]
            }
          ],
          "name": "spin",
          "pivot": [
            3.19522,
            23.16348,
            3.13184
          ]
        }
      ],
      "description": {
        "identifier": "geometry.cubecraft.powerup.strength",
        "texture_height": 32,
        "texture_width": 32,
        "visible_bounds_height": 2,
        "visible_bounds_offset": [
          0,
          0,
          0
        ],
        "visible_bounds_width": 3
      }
    }
  ]
}