{
  "format_version": "1.12.0",
  "minecraft:geometry": [
    {
      "bones": [
        {
          "cubes": [
            {
              "origin": [
                -3,
                0,
                -2
              ],
              "size": [
                6,
                3,
                4
              ],
              "uv": {
                "down": {
                  "uv": [
                    25,
                    30
                  ],
                  "uv_size": [
                    6,
                    -4
                  ]
                },
                "east": {
                  "uv": [
                    29,
                    4
                  ],
                  "uv_size": [
                    4,
                    3
                  ]
                },
                "north": {
                  "uv": [
                    6,
                    27
                  ],
                  "uv_size": [
                    6,
                    3
                  ]
                },
                "south": {
                  "uv": [
                    29,
                    0
                  ],
                  "uv_size": [
                    6,
                    3
                  ]
                },
                "up": {
                  "uv": [
                    0,
                    26
                  ],
                  "uv_size": [
                    6,
                    4
                  ]
                },
                "west": {
                  "uv": [
                    16,
                    29
                  ],
                  "uv_size": [
                    4,
                    3
                  ]
                }
              }
            },
            {
              "origin": [
                -4,
                3,
                -3
              ],
              "size": [
                8,
                6,
                6
              ],
              "uv": {
                "down": {
                  "uv": [
                    16,
                    12
                  ],
                  "uv_size": [
                    8,
                    -6
                  ]
                },
                "east": {
                  "uv": [
                    8,
                    21
                  ],
                  "uv_size": [
                    6,
                    6
                  ]
                },
                "north": {
                  "uv": [
                    0,
                    15
                  ],
                  "uv_size": [
                    8,
                    6
                  ]
                },
                "south": {
                  "uv": [
                    8,
                    15
                  ],
                  "uv_size": [
                    8,
                    6
                  ]
                },
                "up": {
                  "uv": [
                    16,
                    0
                  ],
                  "uv_size": [
                    8,
                    6
                  ]
                },
                "west": {
                  "uv": [
                    14,
                    23
                  ],
                  "uv_size": [
                    6,
                    6
                  ]
                }
              }
            },
            {
              "origin": [
                -4,
                9,
                -2.5
              ],
              "size": [
                8,
                7,
                5
              ],
              "uv": {
                "down": {
                  "uv": [
                    0,
                    26
                  ],
                  "uv_size": [
                    8,
                    -5
                  ]
                },
                "east": {
                  "uv": [
                    20,
                    23
                  ],
                  "uv_size": [
                    5,
                    7
                  ]
                },
                "north": {
                  "uv": [
                    0,
                    8
                  ],
                  "uv_size": [
                    8,
                    7
                  ]
                },
                "south": {
                  "uv": [
                    8,
                    8
                  ],
                  "uv_size": [
                    8,
                    7
                  ]
                },
                "up": {
                  "uv": [
                    16,
                    18
                  ],
                  "uv_size": [
                    8,
                    5
                  ]
                },
                "west": {
                  "uv": [
                    24,
                    0
                  ],
                  "uv_size": [
                    5,
                    7
                  ]
                }
              }
            },
            {
              "origin": [
                -1,
                7,
                -4
              ],
              "size": [
                2,
                4,
                8
              ],
              "uv": {
                "down": {
                  "uv": [
                    14,
                    37
                  ],
                  "uv_size": [
                    2,
                    -8
                  ]
                },
                "east": {
                  "uv": [
                    24,
                    7
                  ],
                  "uv_size": [
                    8,
                    4
                  ]
                },
                "north": {
                  "uv": [
                    0,
                    30
                  ],
                  "uv_size": [
                    2,
                    4
                  ]
                },
                "south": {
                  "uv": [
                    2,
                    30
                  ],
                  "uv_size": [
                    2,
                    4
                  ]
                },
                "up": {
                  "uv": [
                    12,
                    27
                  ],
                  "uv_size": [
                    2,
                    8
                  ]
                },
                "west": {
                  "uv": [
                    24,
                    18
                  ],
                  "uv_size": [
                    8,
                    4
                  ]
                }
              }
            },
            {
              "origin": [
                -7,
                6,
                -1.5
              ],
              "size": [
                14,
                1,
                3
              ],
              "uv": {
                "down": {
                  "uv": [
                    16,
                    18
                  ],
                  "uv_size": [
                    14,
                    -3
                  ]
                },
                "east": {
                  "uv": [
                    30,
                    12
                  ],
                  "uv_size": [
                    3,
                    1
                  ]
                },
                "north": {
                  "uv": [
                    24,
                    11
                  ],
                  "uv_size": [
                    14,
                    1
                  ]
                },
                "south": {
                  "uv": [
                    29,
                    3
                  ],
                  "uv_size": [
                    14,
                    1
                  ]
                },
                "up": {
                  "uv": [
                    16,
                    12
                  ],
                  "uv_size": [
                    14,
                    3
                  ]
                },
                "west": {
                  "uv": [
                    30,
                    13
                  ],
                  "uv_size": [
                    3,
                    1
                  ]
                }
              }
            },
            {
              "origin": [
                -8,
                7,
                -2
              ],
              "size": [
                16,
                2,
                4
              ],
              "uv": {
                "down": {
                  "uv": [
                    0,
                    8
                  ],
                  "uv_size": [
                    16,
                    -4
                  ]
                },
                "east": {
                  "uv": [
                    4,
                    30
                  ],
                  "uv_size": [
                    4,
                    2
                  ]
                },
                "north": {
                  "uv": [
                    25,
                    22
                  ],
                  "uv_size": [
                    16,
                    2
                  ]
                },
                "south": {
                  "uv": [
                    25,
                    24
                  ],
                  "uv_size": [
                    16,
                    2
                  ]
                },
                "up": {
                  "uv": [
                    0,
                    0
                  ],
                  "uv_size": [
                    16,
                    4
                  ]
                },
                "west": {
                  "uv": [
                    8,
                    30
                  ],
                  "uv_size": [
                    4,
                    2
                  ]
                }
              }
            }
          ],
          "name": "spin",
          "pivot": [
            0,
            0,
            0
          ]
        }
      ],
      "description": {
        "identifier": "geometry.cubecraft.powerup.totemofundying",
        "texture_height": 64,
        "texture_width": 64,
        "visible_bounds_height": 2.5,
        "visible_bounds_offset": [
          0,
          0.75,
          0
        ],
        "visible_bounds_width": 2
      }
    }
  ]
}