{
  "format_version": "1.12.0",
  "minecraft:geometry": [
    {
      "description": {
        "identifier": "geometry.gtm.city_car",
        "texture_width": 128,
        "texture_height": 128,
        "visible_bounds_width": 5,
        "visible_bounds_height": 3,
        "visible_bounds_offset": [ 0, 1.5, 0 ]
      },
      "bones": [
        {
          "name": "root",
          "pivot": [ 0, 0, 0 ],
          "locators": { "wheel_back_left": [ 8.5, 0, -7.5 ], "wheel_back_right": [ 8.5, 0, 7.5 ] }
        },
        {
          "name": "car",
          "parent": "root",
          "pivot": [ -2.64706, 4.60882, -0.00196 ],
          "rotation": [ 90, 0, 0 ],
          "mirror": true,
          "cubes": [
            { "origin": [ -16, -3.39314, -2.31078 ], "size": [ 26, 16, 1 ], "uv": [ 0, 0 ] },
            { "origin": [ -6, -3.39314, -1.31078 ], "size": [ 16, 1, 5 ], "uv": [ 44, 59 ] },
            { "origin": [ -6, 11.60686, -1.31078 ], "size": [ 16, 1, 5 ], "uv": [ 44, 59 ] },
            { "origin": [ -16, 11.60686, -1.31078 ], "size": [ 10, 1, 4 ], "uv": [ 44, 59 ] },
            { "origin": [ -16, -3.39314, -1.31078 ], "size": [ 10, 1, 4 ], "uv": [ 44, 59 ] },
            { "origin": [ -16.5, -2.39314, -1.31078 ], "size": [ 1, 14, 4 ], "uv": [ 0, 1 ] },
            { "origin": [ -15, -0.39314, 2.18922 ], "size": [ 9, 10, 1 ], "uv": [ 44, 59 ] },
            { "origin": [ -13, 2.10686, 2.43922 ], "size": [ 7, 5, 1 ], "uv": [ 8, 37 ] },
            { "origin": [ 7.5, -2.39314, -1.31078 ], "size": [ 2, 14, 4 ], "uv": [ 13, 37 ] },
            { "origin": [ -6, -2.39314, -0.31078 ], "size": [ 2, 14, 4 ], "uv": [ 44, 59 ] },
            { "origin": [ -16, -2.39314, 1.93922 ], "size": [ 10, 14, 1 ], "uv": [ 44, 59 ] },
            { "origin": [ -5, -2.89314, 3.68922 ], "size": [ 0, 15, 4 ], "uv": [ 120, 0 ] },
            { "origin": [ 7, -2.39314, 2.68922 ], "size": [ 2, 14, 2 ], "uv": [ 0, 107 ] },
            { "origin": [ 0, -2.39314, -1.31078 ], "size": [ 8, 14, 2 ], "uv": [ 0, 107 ] },
            { "origin": [ 9, 8.60686, -0.31078 ], "size": [ 1, 2, 2 ], "uv": [ 117, 123 ] },
            { "origin": [ 9, 0.85686, -0.31078 ], "size": [ 1, 1, 2 ], "uv": [ 122, 119 ] },
            { "origin": [ 9, -1.39314, -0.31078 ], "size": [ 1, 2, 2 ], "uv": [ 117, 123 ] },
            { "origin": [ 9, 7.35686, -0.31078 ], "size": [ 1, 1, 2 ], "uv": [ 122, 119 ] },
            { "origin": [ -17, 7.60686, -0.31078 ], "size": [ 1, 3, 2 ], "uv": [ 121, 122 ] },
            { "origin": [ -17, -1.39314, -0.31078 ], "size": [ 1, 3, 2 ], "uv": [ 121, 122 ] },
            { "origin": [ -2, -3.89314, 1.68922 ], "size": [ 3, 1, 1 ], "uv": [ 106, 125 ] },
            { "origin": [ -2, 12.10686, 1.68922 ], "size": [ 3, 1, 1 ], "uv": [ 106, 125 ] },
            { "origin": [ 7.5, -1.89314, 3.93922 ], "size": [ 1, 13, 1 ], "uv": [ 0, 90 ] },
            { "origin": [ 6.75, -1.39314, -0.81078 ], "size": [ 1, 12, 5 ], "uv": [ 0, 90 ] },
            { "origin": [ 7, -2.39314, -1.31078 ], "size": [ 2, 14, 4 ], "uv": [ 0, 105 ] },
            { "origin": [ 1, -1.39314, -0.06078 ], "size": [ 7, 12, 1 ], "uv": [ 0, 90 ] },
            { "origin": [ -16.5, 12.10686, -2.56078 ], "size": [ 27, 1, 1 ], "uv": [ 0, 124 ] },
            { "origin": [ -16.5, -3.89314, -2.56078 ], "size": [ 27, 1, 1 ], "uv": [ 0, 124 ] },
            { "origin": [ 9.5, -2.89314, -2.56078 ], "size": [ 1, 15, 1 ], "uv": [ 0, 124 ] },
            { "origin": [ -16.5, -2.89314, -2.56078 ], "size": [ 1, 5, 1 ], "uv": [ 0, 124 ] },
            { "origin": [ -16.5, 7.10686, -2.56078 ], "size": [ 1, 5, 1 ], "uv": [ 0, 124 ] },
            { "origin": [ -16.75, 2.10686, -2.81078 ], "size": [ 1, 5, 2 ], "uv": [ 99, 120 ] },
            { "origin": [ -15.5, -2.89314, -2.56078 ], "size": [ 25, 15, 1 ], "uv": [ 22, 107 ] },
            { "origin": [ -5, -3.64314, -0.81078 ], "size": [ 14, 1, 2 ], "uv": [ 5, 37 ] },
            { "origin": [ -5, 11.85686, -0.81078 ], "size": [ 13, 1, 2 ], "uv": [ 5, 37 ] },
            { "origin": [ -15, -3.64314, -0.81078 ], "size": [ 9, 1, 2 ], "uv": [ 5, 37 ] },
            { "origin": [ -15, 11.85686, -0.81078 ], "size": [ 9, 1, 2 ], "uv": [ 5, 37 ] },
            { "origin": [ 9, -2.39314, 2.68922 ], "size": [ 1, 14, 1 ], "uv": [ 44, 59 ] },
            { "origin": [ -13.5, -3.39314, -3.56078 ], "size": [ 4, 1, 1 ], "uv": [ 106, 125 ] },
            { "origin": [ -13.5, 11.60686, -3.56078 ], "size": [ 4, 1, 1 ], "uv": [ 106, 125 ] },
            { "origin": [ 3.5, 11.60686, -3.56078 ], "size": [ 4, 1, 1 ], "uv": [ 106, 125 ] },
            { "origin": [ 3.5, -3.39314, -3.56078 ], "size": [ 4, 1, 1 ], "uv": [ 106, 125 ] },
            { "origin": [ -12.5, 11.60686, -4.56078 ], "size": [ 2, 1, 1 ], "uv": [ 106, 125 ] },
            { "origin": [ -12.5, -3.39314, -4.56078 ], "size": [ 2, 1, 1 ], "uv": [ 106, 125 ] },
            { "origin": [ 4.5, 11.60686, -4.56078 ], "size": [ 2, 1, 1 ], "uv": [ 106, 125 ] },
            { "origin": [ 4.5, -3.39314, -4.56078 ], "size": [ 2, 1, 1 ], "uv": [ 106, 125 ] },
            { "origin": [ -16.5, 2.10686, -2.56078 ], "size": [ 1, 5, 1 ], "uv": [ 0, 124 ] },
            { "origin": [ 8.75, 7.00686, -0.81078 ], "size": [ 1, 4, 3 ], "uv": [ 120, 102 ] },
            { "origin": [ 8.75, -1.74314, -0.81078 ], "size": [ 1, 4, 3 ], "uv": [ 120, 102 ] },
            { "origin": [ -16.75, -1.84314, -0.81078 ], "size": [ 1, 4, 3 ], "uv": [ 120, 102 ] },
            { "origin": [ -16.75, 7.10686, -0.81078 ], "size": [ 1, 4, 3 ], "uv": [ 120, 102 ] }
          ]
        }
      ]
    }
  ]
}