{
  "format_version": "1.12.0",
  "minecraft:geometry": [
    {
      "description": {
        "identifier": "geometry.gtm.city_car_v2",
        "texture_width": 128,
        "texture_height": 128,
        "visible_bounds_width": 7,
        "visible_bounds_height": 3,
        "visible_bounds_offset": [ 0, 1.5, 0 ]
      },
      "bones": [
        {
          "name": "root",
          "pivot": [ 0, 0, 0 ],
          "locators": { "wheel_back_left_v2": [ 8.5, 0, -7.5 ], "wheel_back_right_v2": [ 8.5, 0, 7.5 ] }
        },
        {
          "name": "sign",
          "parent": "root",
          "pivot": [ -16, 3, 0 ],
          "rotation": [ -90, 0, 0 ],
          "cubes": [ { "origin": [ -16.75, 0.5, -0.75 ], "size": [ 1, 5, 2 ], "uv": [ 54, 73 ] } ]
        },
        { "name": "left", "parent": "root", "pivot": [ 0, 25, 7 ], "mirror": true },
        {
          "name": "right",
          "parent": "root",
          "pivot": [ 0, 25, -7 ],
          "rotation": [ 0, -180, 0 ],
          "mirror": true
        },
        {
          "name": "back",
          "parent": "root",
          "pivot": [ 9, 25, 0 ],
          "rotation": [ 0, 90, 0 ],
          "mirror": true
        },
        {
          "name": "front",
          "parent": "root",
          "pivot": [ -9, 25, 0 ],
          "rotation": [ 0, -90, 0 ],
          "mirror": true
        },
        {
          "name": "bottom",
          "parent": "root",
          "pivot": [ 0, 24, 0 ],
          "rotation": [ 90, 0, 0 ],
          "mirror": true,
          "cubes": [
            {
              "origin": [ -16, 16, -21.7 ],
              "size": [ 26, 16, 1 ],
              "uv": [ 0, 0 ],
              "mirror": false
            },
            {
              "origin": [ -6, 16, -20.7 ],
              "size": [ 16, 1, 5 ],
              "uv": [ 37, 38 ],
              "mirror": false
            },
            {
              "origin": [ -6, 31, -20.7 ],
              "size": [ 16, 1, 5 ],
              "uv": [ 0, 37 ],
              "mirror": false
            },
            {
              "origin": [ -16, 31, -20.7 ],
              "size": [ 10, 1, 4 ],
              "uv": [ 51, 13 ],
              "mirror": false
            },
            {
              "origin": [ -16, 16, -20.7 ],
              "size": [ 10, 1, 4 ],
              "uv": [ 42, 50 ],
              "mirror": false
            },
            {
              "origin": [ -16.5, 17, -20.7 ],
              "size": [ 1, 14, 4 ],
              "uv": [ 24, 60 ],
              "mirror": false
            },
            {
              "origin": [ -15, 19, -17.2 ],
              "size": [ 9, 10, 1 ],
              "uv": [ 52, 18 ],
              "mirror": false
            },
            {
              "origin": [ -13, 21.5, -16.95 ],
              "size": [ 7, 5, 1 ],
              "uv": [ 70, 0 ],
              "mirror": false
            },
            {
              "origin": [ 7.5, 17, -20.7 ],
              "size": [ 2, 14, 4 ],
              "uv": [ 0, 58 ],
              "mirror": false
            },
            {
              "origin": [ -6, 17, -19.7 ],
              "size": [ 2, 14, 4 ],
              "uv": [ 54, 55 ],
              "mirror": false
            },
            {
              "origin": [ -16, 17, -17.45 ],
              "size": [ 10, 14, 1 ],
              "uv": [ 0, 43 ],
              "mirror": false
            },
            {
              "origin": [ -5, 16.5, -15.7 ],
              "size": [ 0, 15, 4 ],
              "uv": [ 34, 56 ],
              "mirror": false
            },
            {
              "origin": [ 7, 17, -16.7 ],
              "size": [ 2, 14, 2 ],
              "uv": [ 66, 55 ],
              "mirror": false
            },
            {
              "origin": [ 0, 17, -20.7 ],
              "size": [ 8, 14, 2 ],
              "uv": [ 22, 44 ],
              "mirror": false
            },
            { "origin": [ 9, 28, -19.7 ], "size": [ 1, 2, 2 ], "uv": [ 74, 36 ], "mirror": false },
            {
              "origin": [ 9, 20.25, -19.7 ],
              "size": [ 1, 1, 2 ],
              "uv": [ 73, 69 ],
              "mirror": false
            },
            { "origin": [ 9, 18, -19.7 ], "size": [ 1, 2, 2 ], "uv": [ 8, 58 ], "mirror": false },
            {
              "origin": [ 9, 26.75, -19.7 ],
              "size": [ 1, 1, 2 ],
              "uv": [ 19, 60 ],
              "mirror": false
            },
            {
              "origin": [ -17, 27, -19.7 ],
              "size": [ 1, 3, 2 ],
              "uv": [ 74, 29 ],
              "mirror": false
            },
            {
              "origin": [ -17, 18, -19.7 ],
              "size": [ 1, 3, 2 ],
              "uv": [ 60, 73 ],
              "mirror": false
            },
            {
              "origin": [ -2, 15.5, -17.7 ],
              "size": [ 3, 1, 1 ],
              "uv": [ 50, 57 ],
              "mirror": false
            },
            {
              "origin": [ -2, 31.5, -17.7 ],
              "size": [ 3, 1, 1 ],
              "uv": [ 50, 55 ],
              "mirror": false
            },
            {
              "origin": [ 7.5, 17.5, -15.45 ],
              "size": [ 1, 13, 1 ],
              "uv": [ 42, 73 ],
              "mirror": false
            },
            {
              "origin": [ 6.75, 18, -20.2 ],
              "size": [ 1, 12, 5 ],
              "uv": [ 12, 58 ],
              "mirror": false
            },
            {
              "origin": [ 7, 17, -20.7 ],
              "size": [ 2, 14, 4 ],
              "uv": [ 42, 55 ],
              "mirror": false
            },
            {
              "origin": [ 1, 18, -19.45 ],
              "size": [ 7, 12, 1 ],
              "uv": [ 54, 0 ],
              "mirror": false
            },
            {
              "origin": [ -16.5, 31.5, -21.95 ],
              "size": [ 27, 1, 1 ],
              "uv": [ 0, 35 ],
              "mirror": false
            },
            {
              "origin": [ -16.5, 15.5, -21.95 ],
              "size": [ 27, 1, 1 ],
              "uv": [ 0, 33 ],
              "mirror": false
            },
            {
              "origin": [ 9.5, 16.5, -21.95 ],
              "size": [ 1, 15, 1 ],
              "uv": [ 66, 71 ],
              "mirror": false
            },
            {
              "origin": [ -16.5, 16.5, -21.95 ],
              "size": [ 1, 5, 1 ],
              "uv": [ 74, 60 ],
              "mirror": false
            },
            {
              "origin": [ -16.5, 26.5, -21.95 ],
              "size": [ 1, 5, 1 ],
              "uv": [ 74, 54 ],
              "mirror": false
            },
            {
              "origin": [ -15.5, 16.5, -21.95 ],
              "size": [ 25, 15, 1 ],
              "uv": [ 0, 17 ],
              "mirror": false
            },
            {
              "origin": [ -5, 15.75, -20.2 ],
              "size": [ 14, 1, 2 ],
              "uv": [ 42, 44 ],
              "mirror": false
            },
            {
              "origin": [ -5, 31.25, -20.2 ],
              "size": [ 13, 1, 2 ],
              "uv": [ 42, 47 ],
              "mirror": false
            },
            {
              "origin": [ -15, 15.75, -20.2 ],
              "size": [ 9, 1, 2 ],
              "uv": [ 54, 35 ],
              "mirror": false
            },
            {
              "origin": [ -15, 31.25, -20.2 ],
              "size": [ 9, 1, 2 ],
              "uv": [ 52, 29 ],
              "mirror": false
            },
            {
              "origin": [ 9, 17, -16.7 ],
              "size": [ 1, 14, 1 ],
              "uv": [ 70, 71 ],
              "mirror": false
            },
            {
              "origin": [ -13.5, 16, -22.95 ],
              "size": [ 4, 1, 1 ],
              "uv": [ 72, 27 ],
              "mirror": false
            },
            {
              "origin": [ -13.5, 31, -22.95 ],
              "size": [ 4, 1, 1 ],
              "uv": [ 72, 25 ],
              "mirror": false
            },
            {
              "origin": [ 3.5, 31, -22.95 ],
              "size": [ 4, 1, 1 ],
              "uv": [ 64, 33 ],
              "mirror": false
            },
            {
              "origin": [ 3.5, 16, -22.95 ],
              "size": [ 4, 1, 1 ],
              "uv": [ 55, 32 ],
              "mirror": false
            },
            {
              "origin": [ -12.5, 31, -23.95 ],
              "size": [ 2, 1, 1 ],
              "uv": [ 74, 66 ],
              "mirror": false
            },
            {
              "origin": [ -12.5, 16, -23.95 ],
              "size": [ 2, 1, 1 ],
              "uv": [ 74, 40 ],
              "mirror": false
            },
            {
              "origin": [ 4.5, 31, -23.95 ],
              "size": [ 2, 1, 1 ],
              "uv": [ 74, 34 ],
              "mirror": false
            },
            {
              "origin": [ 4.5, 16, -23.95 ],
              "size": [ 2, 1, 1 ],
              "uv": [ 62, 55 ],
              "mirror": false
            },
            {
              "origin": [ -16.5, 21.5, -21.95 ],
              "size": [ 1, 5, 1 ],
              "uv": [ 74, 44 ],
              "mirror": false
            },
            {
              "origin": [ 8.75, 26.4, -20.2 ],
              "size": [ 1, 4, 3 ],
              "uv": [ 46, 73 ],
              "mirror": false
            },
            {
              "origin": [ 8.75, 17.65, -20.2 ],
              "size": [ 1, 4, 3 ],
              "uv": [ 72, 18 ],
              "mirror": false
            },
            {
              "origin": [ -16.75, 17.55, -20.2 ],
              "size": [ 1, 4, 3 ],
              "uv": [ 70, 6 ],
              "mirror": false
            },
            {
              "origin": [ -16.75, 26.5, -20.2 ],
              "size": [ 1, 4, 3 ],
              "uv": [ 69, 47 ],
              "mirror": false
            }
          ]
        }
      ]
    }
  ]
}