{
  "format_version": "1.12.0",
  "minecraft:geometry": [
    {
      "description": {
        "identifier": "geometry.gtm.carpet",
        "texture_width": 48,
        "texture_height": 24,
        "visible_bounds_width": 4,
        "visible_bounds_height": 2,
        "visible_bounds_offset": [ 0, 1, 0 ]
      },
      "bones": [
        {
          "name": "carpet",
          "pivot": [ 0, 0, 0 ],
          "cubes": [
            {
              "origin": [ -17, 2.5, -9 ],
              "size": [ 34, 0.6, 18 ],
              "uv": {
                "north": { "uv": [ 0, 17 ], "uv_size": [ 34, 1 ] },
                "east": { "uv": [ 18, 23 ], "uv_size": [ -18, 1 ] },
                "south": { "uv": [ 34, 0 ], "uv_size": [ -34, 1 ] },
                "west": { "uv": [ 0, 22 ], "uv_size": [ 18, 1 ] },
                "up": { "uv": [ 0, 0 ], "uv_size": [ 34, 18 ] },
                "down": { "uv": [ 0, 18 ], "uv_size": [ 34, -18 ] }
              }
            }
          ],
          "locators": { "trail_locator": [ 17, 2, 0 ] }
        },
        {
          "name": "decoration",
          "parent": "carpet",
          "pivot": [ 0, 0, 0 ],
          "cubes": [
            {
              "origin": [ -18, 2.8, -9 ],
              "size": [ 1, 0, 18 ],
              "uv": {
                "up": { "uv": [ 36, 18 ], "uv_size": [ -1, -18 ] },
                "down": { "uv": [ 37, 18 ], "uv_size": [ -1, -18 ] }
              }
            },
            {
              "origin": [ -18, 2.8, 9 ],
              "size": [ 36, 0, 1 ],
              "uv": {
                "up": { "uv": [ 36, 20 ], "uv_size": [ -36, -1 ] },
                "down": { "uv": [ 36, 21 ], "uv_size": [ -36, -1 ] }
              }
            },
            {
              "origin": [ -18, 2.8, -10 ],
              "size": [ 36, 0, 1 ],
              "uv": {
                "up": { "uv": [ 36, 20 ], "uv_size": [ -36, -1 ] },
                "down": { "uv": [ 36, 21 ], "uv_size": [ -36, -1 ] }
              }
            },
            {
              "origin": [ 17, 2.8, -9 ],
              "size": [ 1, 0, 18 ],
              "uv": {
                "up": { "uv": [ 36, 18 ], "uv_size": [ -1, -18 ] },
                "down": { "uv": [ 38, 18 ], "uv_size": [ -1, -18 ] }
              }
            }
          ]
        }
      ]
    }
  ]
}