{
  "format_version": "1.12.0",
  "minecraft:geometry": [
    {
      "description": {
        "identifier": "geometry.gtm.chicken",
        "texture_width": 64,
        "texture_height": 32,
        "visible_bounds_width": 3,
        "visible_bounds_height": 3.25,
        "visible_bounds_offset": [ 0, 1.375, 0 ]
      },
      "bones": [
        { "name": "chicken", "pivot": [ 0, 0, 0 ], "rotation": [ 0, 90, 0 ] },
        {
          "name": "head",
          "parent": "chicken",
          "pivot": [ 0, 9, -4 ],
          "cubes": [ { "origin": [ -2, 9, -6 ], "size": [ 4, 6, 3 ], "uv": [ 0, 0 ] } ]
        },
        {
          "name": "comb",
          "parent": "head",
          "pivot": [ 0, 9, -4 ],
          "cubes": [ { "origin": [ -1, 9, -7 ], "size": [ 2, 2, 2 ], "uv": [ 14, 4 ] } ]
        },
        {
          "name": "beak",
          "parent": "head",
          "pivot": [ 0, 9, -4 ],
          "cubes": [ { "origin": [ -1, 11, -8 ], "size": [ 2, 2, 2 ], "uv": [ 16, 0 ] } ]
        },
        {
          "name": "body",
          "parent": "chicken",
          "pivot": [ 0, 8, 0 ],
          "cubes": [
            {
              "origin": [ -3, -4, 5 ],
              "size": [ 6, 8, 6 ],
              "pivot": [ 0, 0, 0 ],
              "rotation": [ 90, 0, 0 ],
              "uv": [ 0, 9 ]
            }
          ]
        },
        {
          "name": "leg0",
          "parent": "chicken",
          "pivot": [ -2, 5, 1 ],
          "cubes": [ { "origin": [ -3, 0, -2 ], "size": [ 3, 5, 3 ], "uv": [ 26, 0 ] } ]
        },
        {
          "name": "leg1",
          "parent": "chicken",
          "pivot": [ 1, 5, 1 ],
          "cubes": [ { "origin": [ 0, 0, -2 ], "size": [ 3, 5, 3 ], "uv": [ 26, 0 ] } ]
        },
        {
          "name": "poultry_wing0",
          "parent": "chicken",
          "pivot": [ -3, 11, 0 ],
          "cubes": [ { "origin": [ -4, 7, -3 ], "size": [ 1, 4, 6 ], "uv": [ 24, 13 ] } ]
        },
        {
          "name": "poultry_wing1",
          "parent": "chicken",
          "pivot": [ 3, 11, 0 ],
          "cubes": [ { "origin": [ 3, 7, -3 ], "size": [ 1, 4, 6 ], "uv": [ 24, 13 ] } ]
        }
      ]
    }
  ]
}