{
  "format_version": "1.12.0",
  "minecraft:geometry": [
    {
      "description": {
        "identifier": "geometry.player.crown",
        "texture_width": 36,
        "texture_height": 26,
        "visible_bounds_width": 4,
        "visible_bounds_height": 6,
        "visible_bounds_offset": [ 0, 1, 0 ]
      },
      "bones": [
        { "name": "waist", "pivot": [ 0, 12, 0 ] },
        { "name": "body", "parent": "waist", "pivot": [ 0, 24, 0 ] },
        { "name": "head", "parent": "body", "pivot": [ 0, 0, 0 ] },
        {
          "name": "new_crown",
          "parent": "head",
          "pivot": [ 0, -23, 0 ],
          "cubes": [
            {
              "origin": [ -4, 7, -4 ],
              "size": [ 8, 4, 8 ],
              "inflate": -1,
              "uv": {
                "north": { "uv": [ 20, 0 ], "uv_size": [ 16, 4 ] },
                "east": { "uv": [ 20, 0 ], "uv_size": [ 16, 4 ] },
                "south": { "uv": [ 20, 0 ], "uv_size": [ 16, 4 ] },
                "west": { "uv": [ 20, 0 ], "uv_size": [ 16, 4 ] },
                "up": { "uv": [ 20, 0 ], "uv_size": [ 16, 16 ] }
              }
            },
            {
              "origin": [ -3.5, 10, -3.5 ],
              "size": [ 7, 1, 7 ],
              "inflate": -1,
              "uv": {
                "north": { "uv": [ 21, 1 ], "uv_size": [ 14, 2 ] },
                "east": { "uv": [ 21, 1 ], "uv_size": [ 14, 2 ] },
                "south": { "uv": [ 21, 1 ], "uv_size": [ 14, 2 ] },
                "west": { "uv": [ 21, 1 ], "uv_size": [ 14, 2 ] },
                "down": { "uv": [ 35, 1 ], "uv_size": [ -14, 14 ] }
              }
            },
            {
              "origin": [ -1, 12.85, -1 ],
              "size": [ 2, 2, 2 ],
              "uv": {
                "north": { "uv": [ 8, 0 ], "uv_size": [ 4, 4 ] },
                "east": { "uv": [ 8, 0 ], "uv_size": [ 4, 4 ] },
                "south": { "uv": [ 8, 0 ], "uv_size": [ 4, 4 ] },
                "west": { "uv": [ 8, 0 ], "uv_size": [ 4, 4 ] },
                "up": { "uv": [ 0, 0 ], "uv_size": [ 4, 4 ] },
                "down": { "uv": [ 4, 4 ], "uv_size": [ 4, -4 ] }
              }
            }
          ]
        },
        {
          "name": "outer_dec_top",
          "parent": "new_crown",
          "pivot": [ 0, 11.5, 0 ],
          "rotation": [ 0, -22.5, 0 ],
          "cubes": [
            {
              "origin": [ -5, 8.5, 0 ],
              "size": [ 10, 5, 0 ],
              "pivot": [ 0, 7, 0 ],
              "rotation": [ 0, 90, 0 ],
              "uv": { "south": { "uv": [ 0, 15 ], "uv_size": [ 20, 10 ] } }
            },
            {
              "origin": [ -5, 8.5, 0 ],
              "size": [ 10, 5, 0 ],
              "uv": { "south": { "uv": [ 0, 15 ], "uv_size": [ 20, 10 ] } }
            },
            {
              "origin": [ -5, 8.5, 0 ],
              "size": [ 10, 5, 0 ],
              "pivot": [ 0, 7, 0 ],
              "rotation": [ 0, -45, 0 ],
              "uv": { "south": { "uv": [ 0, 15 ], "uv_size": [ 20, 10 ] } }
            },
            {
              "origin": [ -5, 8.5, 0 ],
              "size": [ 10, 5, 0 ],
              "pivot": [ 0, 7, 0 ],
              "rotation": [ 0, 45, 0 ],
              "uv": { "south": { "uv": [ 0, 15 ], "uv_size": [ 20, 10 ] } }
            }
          ]
        },
        {
          "name": "outer_dec_lower",
          "parent": "new_crown",
          "pivot": [ 0, -23, 0 ],
          "cubes": [
            {
              "origin": [ -4, 8, -3 ],
              "size": [ 8, 5, 0 ],
              "pivot": [ 0, 8, -3 ],
              "rotation": [ 25, 0, 0 ],
              "uv": { "south": { "uv": [ 0, 4 ], "uv_size": [ 16, 10 ] } }
            },
            {
              "origin": [ -5, 9.69047, -3.62523 ],
              "size": [ 8, 5, 0 ],
              "pivot": [ -1, 8, 0 ],
              "rotation": [ 25, -90, 0 ],
              "uv": { "north": { "uv": [ 0, 4 ], "uv_size": [ 16, 10 ] } }
            },
            {
              "origin": [ -4, 9.69047, -4.62523 ],
              "size": [ 8, 5, 0 ],
              "pivot": [ 0, 8, -1 ],
              "rotation": [ 25, 180, 0 ],
              "uv": { "north": { "uv": [ 0, 4 ], "uv_size": [ 16, 10 ] } }
            },
            {
              "origin": [ -3, 9.69047, -3.62523 ],
              "size": [ 8, 5, 0 ],
              "pivot": [ 1, 8, 0 ],
              "rotation": [ 25, 90, 0 ],
              "uv": { "south": { "uv": [ 0, 4 ], "uv_size": [ 16, 10 ] } }
            }
          ]
        },
        { "name": "rightArm", "parent": "body", "pivot": [ -5, 22, 0 ] },
        { "name": "rightItem", "parent": "rightArm", "pivot": [ -6, 15, 1 ] },
        { "name": "leftArm", "parent": "body", "pivot": [ 5, 22, 0 ] },
        { "name": "rightLeg", "parent": "body", "pivot": [ -1.9, 12, 0 ] },
        { "name": "leftLeg", "parent": "body", "pivot": [ 1.9, 12, 0 ] },
        { "name": "bone", "parent": "body", "pivot": [ 0, 24, 0 ] }
      ]
    }
  ]
}