{
  "format_version": "1.12.0",
  "minecraft:geometry": [
    {
      "description": {
        "identifier": "geometry.player.jetpack",
        "texture_width": 64,
        "texture_height": 64,
        "visible_bounds_width": 2,
        "visible_bounds_height": 2,
        "visible_bounds_offset": [ 0, 1, 0 ]
      },
      "bones": [
        { "name": "waist", "pivot": [ 0, 12, 0 ] },
        {
          "name": "body",
          "parent": "waist",
          "pivot": [ 0, 24, 0 ],
          "cubes": [
            { "origin": [ 1.4, 13.5, 2.6 ], "size": [ 2, 9, 2 ], "inflate": 0.4, "uv": [ 56, 0 ] },
            {
              "origin": [ -3.4, 13.5, 2.6 ],
              "size": [ 2, 9, 2 ],
              "inflate": 0.4,
              "uv": [ 56, 0 ]
            },
            {
              "origin": [ 2.6, 13.9, 3.1 ],
              "size": [ 1, 8, 1 ],
              "inflate": 0.3,
              "uv": [ 48, 11 ]
            },
            {
              "origin": [ -2.2, 13.9, 3.1 ],
              "size": [ 1, 8, 1 ],
              "inflate": 0.3,
              "uv": [ 48, 11 ]
            },
            {
              "origin": [ 1.2, 13.9, 3.1 ],
              "size": [ 1, 8, 1 ],
              "inflate": 0.3,
              "uv": [ 52, 11 ]
            },
            {
              "origin": [ -3.6, 13.9, 3.1 ],
              "size": [ 1, 8, 1 ],
              "inflate": 0.3,
              "uv": [ 52, 11 ]
            },
            {
              "origin": [ 1.9, 13.9, 3.8 ],
              "size": [ 1, 8, 1 ],
              "inflate": 0.3,
              "uv": [ 56, 11 ]
            },
            {
              "origin": [ -2.9, 13.9, 3.8 ],
              "size": [ 1, 8, 1 ],
              "inflate": 0.3,
              "uv": [ 56, 11 ]
            },
            {
              "origin": [ 1.9, 13.9, 2.4 ],
              "size": [ 1, 8, 1 ],
              "inflate": 0.3,
              "uv": [ 60, 11 ]
            },
            {
              "origin": [ -2.9, 13.9, 2.4 ],
              "size": [ 1, 8, 1 ],
              "inflate": 0.3,
              "uv": [ 60, 11 ]
            },
            { "origin": [ 0.8, 22.2, 3.1 ], "size": [ 1, 1, 1 ], "uv": [ 52, 3 ] },
            { "origin": [ -4, 22.2, 3.1 ], "size": [ 1, 1, 1 ], "uv": [ 52, 3 ] },
            { "origin": [ 3, 22.2, 3.1 ], "size": [ 1, 1, 1 ], "uv": [ 52, 3 ] },
            { "origin": [ -1.8, 22.2, 3.1 ], "size": [ 1, 1, 1 ], "uv": [ 52, 3 ] },
            { "origin": [ 1.4, 22.1, 2.6 ], "size": [ 2, 1, 2 ], "uv": [ 40, 0 ] },
            { "origin": [ -3.4, 22.1, 2.6 ], "size": [ 2, 1, 2 ], "uv": [ 40, 0 ] },
            {
              "origin": [ 1.4, 22.6, 2.6 ],
              "size": [ 2, 1, 2 ],
              "inflate": -0.3,
              "uv": [ 48, 0 ]
            },
            {
              "origin": [ -3.4, 22.6, 2.6 ],
              "size": [ 2, 1, 2 ],
              "inflate": -0.3,
              "uv": [ 48, 0 ]
            },
            { "origin": [ 0.9, 15.6, 2.1 ], "size": [ 3, 1, 3 ], "inflate": 0.1, "uv": [ 44, 7 ] },
            {
              "origin": [ -3.9, 15.6, 2.1 ],
              "size": [ 3, 1, 3 ],
              "inflate": 0.1,
              "uv": [ 44, 7 ]
            },
            { "origin": [ 0.9, 19.2, 2.1 ], "size": [ 3, 1, 3 ], "inflate": 0.1, "uv": [ 44, 7 ] },
            { "origin": [ -1.5, 19.2, 1.5 ], "size": [ 3, 1, 1 ], "uv": [ 47, 5 ] },
            {
              "origin": [ 3.4, 15.6, -3.1 ],
              "size": [ 1, 1, 5.8 ],
              "inflate": -0.2,
              "uv": [ 35, 4 ]
            },
            {
              "origin": [ 3.4, 15.6, -3.7 ],
              "size": [ 1, 2, 1 ],
              "inflate": -0.2,
              "uv": [ 43, 6 ]
            },
            {
              "origin": [ 3.4, 18.1, -3.7 ],
              "size": [ 1, 2, 1 ],
              "inflate": -0.2,
              "uv": [ 35, 0 ]
            },
            {
              "origin": [ 3.4, 16.5, -3.7 ],
              "size": [ 1, 3, 1 ],
              "inflate": -0.1,
              "uv": [ 36, 5 ]
            },
            {
              "origin": [ -4.5, 15.6, -3.1 ],
              "size": [ 1, 1, 5.8 ],
              "inflate": -0.2,
              "uv": [ 35, 4 ]
            },
            {
              "origin": [ -4.5, 15.6, -3.7 ],
              "size": [ 1, 2, 1 ],
              "inflate": -0.2,
              "uv": [ 43, 6 ]
            },
            {
              "origin": [ -4.5, 18.1, -3.7 ],
              "size": [ 1, 2, 1 ],
              "inflate": -0.2,
              "uv": [ 35, 0 ]
            },
            {
              "origin": [ -4.5, 16.5, -3.7 ],
              "size": [ 1, 3, 1 ],
              "inflate": -0.1,
              "uv": [ 36, 5 ]
            },
            { "origin": [ -1.5, 15.6, 1.5 ], "size": [ 3, 1, 1 ], "uv": [ 47, 5 ] },
            {
              "origin": [ -3.9, 19.2, 2.1 ],
              "size": [ 3, 1, 3 ],
              "inflate": 0.1,
              "uv": [ 44, 7 ]
            },
            { "origin": [ 3, 21.5, 3.1 ], "size": [ 1, 1, 1 ], "uv": [ 52, 3 ] },
            { "origin": [ -1.8, 21.5, 3.1 ], "size": [ 1, 1, 1 ], "uv": [ 52, 3 ] },
            { "origin": [ 3, 12.5, 3.1 ], "size": [ 1, 1, 1 ], "uv": [ 44, 4 ] },
            { "origin": [ -1.8, 12.5, 3.1 ], "size": [ 1, 1, 1 ], "uv": [ 44, 4 ] },
            { "origin": [ 2.4, 12.6, 2.6 ], "size": [ 1, 1, 1 ], "uv": [ 44, 11 ] },
            { "origin": [ -2.4, 12.6, 2.6 ], "size": [ 1, 1, 1 ], "uv": [ 44, 11 ] },
            { "origin": [ 2.4, 12.6, 3.6 ], "size": [ 1, 1, 1 ], "uv": [ 44, 11 ] },
            { "origin": [ -2.4, 12.6, 3.6 ], "size": [ 1, 1, 1 ], "uv": [ 44, 11 ] },
            { "origin": [ 2.6, 12.9, 3.8 ], "size": [ 1, 1, 1 ], "uv": [ 40, 11 ] },
            { "origin": [ -2.2, 12.9, 3.8 ], "size": [ 1, 1, 1 ], "uv": [ 40, 11 ] },
            { "origin": [ 1.2, 12.9, 3.8 ], "size": [ 1, 1, 1 ], "uv": [ 40, 11 ] },
            { "origin": [ -3.6, 12.9, 3.8 ], "size": [ 1, 1, 1 ], "uv": [ 40, 11 ] },
            { "origin": [ 2.6, 12.9, 2.4 ], "size": [ 1, 1, 1 ], "uv": [ 40, 11 ] },
            { "origin": [ -2.2, 12.9, 2.4 ], "size": [ 1, 1, 1 ], "uv": [ 40, 11 ] },
            { "origin": [ 1.2, 12.9, 2.4 ], "size": [ 1, 1, 1 ], "uv": [ 40, 11 ] },
            { "origin": [ -3.6, 12.9, 2.4 ], "size": [ 1, 1, 1 ], "uv": [ 40, 11 ] },
            { "origin": [ 1.4, 12.6, 3.6 ], "size": [ 1, 1, 1 ], "uv": [ 44, 11 ] },
            { "origin": [ -3.4, 12.6, 3.6 ], "size": [ 1, 1, 1 ], "uv": [ 44, 11 ] },
            { "origin": [ 1.4, 12.6, 2.6 ], "size": [ 1, 1, 1 ], "uv": [ 44, 11 ] },
            { "origin": [ -3.4, 12.6, 2.6 ], "size": [ 1, 1, 1 ], "uv": [ 44, 11 ] },
            { "origin": [ 3.3, 12, 3.1 ], "size": [ 1, 1, 1 ], "uv": [ 44, 4 ] },
            { "origin": [ -1.5, 12, 3.1 ], "size": [ 1, 1, 1 ], "uv": [ 44, 4 ] },
            { "origin": [ 0.8, 21.5, 3.1 ], "size": [ 1, 1, 1 ], "uv": [ 52, 3 ] },
            { "origin": [ -4, 21.5, 3.1 ], "size": [ 1, 1, 1 ], "uv": [ 52, 3 ] },
            { "origin": [ 0.8, 12.5, 3.1 ], "size": [ 1, 1, 1 ], "uv": [ 44, 4 ] },
            { "origin": [ -4, 12.5, 3.1 ], "size": [ 1, 1, 1 ], "uv": [ 44, 4 ] },
            { "origin": [ 0.5, 12, 3.1 ], "size": [ 1, 1, 1 ], "uv": [ 44, 4 ] },
            { "origin": [ -4.3, 12, 3.1 ], "size": [ 1, 1, 1 ], "uv": [ 44, 4 ] },
            { "origin": [ 1.9, 21.5, 4.2 ], "size": [ 1, 1, 1 ], "uv": [ 52, 3 ] },
            { "origin": [ -2.9, 21.5, 4.2 ], "size": [ 1, 1, 1 ], "uv": [ 52, 3 ] },
            { "origin": [ 1.9, 12.5, 4.2 ], "size": [ 1, 1, 1 ], "uv": [ 44, 4 ] },
            { "origin": [ -2.9, 12.5, 4.2 ], "size": [ 1, 1, 1 ], "uv": [ 44, 4 ] },
            { "origin": [ 1.9, 12, 4.5 ], "size": [ 1, 1, 1 ], "uv": [ 44, 4 ] },
            { "origin": [ -2.9, 12, 4.5 ], "size": [ 1, 1, 1 ], "uv": [ 44, 4 ] },
            { "origin": [ 1.9, 22.2, 4.2 ], "size": [ 1, 1, 1 ], "uv": [ 52, 3 ] },
            { "origin": [ -2.9, 22.2, 4.2 ], "size": [ 1, 1, 1 ], "uv": [ 52, 3 ] },
            { "origin": [ 1.9, 21.5, 2 ], "size": [ 1, 1, 1 ], "uv": [ 52, 3 ] },
            { "origin": [ -2.9, 21.5, 2 ], "size": [ 1, 1, 1 ], "uv": [ 52, 3 ] },
            { "origin": [ 1.9, 12.5, 2 ], "size": [ 1, 1, 1 ], "uv": [ 44, 4 ] },
            { "origin": [ -2.9, 12.5, 2 ], "size": [ 1, 1, 1 ], "uv": [ 44, 4 ] },
            { "origin": [ 1.9, 12, 1.7 ], "size": [ 1, 1, 1 ], "uv": [ 44, 4 ] },
            { "origin": [ -2.9, 12, 1.7 ], "size": [ 1, 1, 1 ], "uv": [ 44, 4 ] },
            { "origin": [ 1.9, 22.2, 2 ], "size": [ 1, 1, 1 ], "uv": [ 52, 3 ] },
            { "origin": [ -2.9, 22.2, 2 ], "size": [ 1, 1, 1 ], "uv": [ 52, 3 ] }
          ]
        },
        { "name": "head", "parent": "body", "pivot": [ 0, 24, 0 ] },
        { "name": "hat", "parent": "head", "pivot": [ 0, 24, 0 ] },
        { "name": "rightArm", "parent": "body", "pivot": [ -5, 22, 0 ] },
        { "name": "rightItem", "parent": "rightArm", "pivot": [ -6, 15, 1 ] },
        { "name": "leftArm", "parent": "body", "pivot": [ 5, 22, 0 ], "mirror": true },
        { "name": "rightLeg", "parent": "body", "pivot": [ -1.9, 12, 0 ] },
        { "name": "leftLeg", "parent": "body", "pivot": [ 1.9, 12, 0 ], "mirror": true },
        { "name": "bone", "parent": "body", "pivot": [ 0, 24, 0 ] }
      ]
    }
  ]
}