{
  "format_version": "1.12.0",
  "minecraft:geometry": [
    {
      "description": {
        "identifier": "geometry.gtm.old_door",
        "texture_width": 64,
        "texture_height": 64,
        "visible_bounds_width": 4,
        "visible_bounds_height": 1.5,
        "visible_bounds_offset": [ 0, 0.25, 0 ]
      },
      "bones": [
        {
          "name": "door",
          "pivot": [ -2, -1, -5 ],
          "rotation": [ 0, -90, 0 ],
          "cubes": [
            {
              "origin": [ -6, -1, -22 ],
              "size": [ 4, 2, 34 ],
              "uv": {
                "north": { "uv": [ 0, 32 ], "uv_size": [ 4, 2 ] },
                "east": { "uv": [ 34, 34 ], "uv_size": [ -34, 2 ] },
                "south": { "uv": [ 4, 0 ], "uv_size": [ -4, 2 ] },
                "west": { "uv": [ 0, 35 ], "uv_size": [ 34, 1 ] },
                "up": { "uv": [ 0, 0 ], "uv_size": [ 4, 34 ] },
                "down": { "uv": [ 0, 34 ], "uv_size": [ 4, -34 ] }
              }
            },
            {
              "origin": [ 8, -1, -22 ],
              "size": [ 4, 2, 34 ],
              "uv": {
                "north": { "uv": [ 14, 26 ], "uv_size": [ 4, 2 ] },
                "east": { "uv": [ 0, 35 ], "uv_size": [ 34, 1 ] },
                "south": { "uv": [ 18, 0 ], "uv_size": [ -4, 2 ] },
                "west": { "uv": [ 0, 36 ], "uv_size": [ 34, 2 ] },
                "up": { "uv": [ 14, 0 ], "uv_size": [ 4, 34 ] },
                "down": { "uv": [ 14, 34 ], "uv_size": [ 4, -34 ] }
              }
            },
            {
              "origin": [ -2, -1, 8 ],
              "size": [ 10, 2, 4 ],
              "uv": {
                "north": { "uv": [ 4, 2 ], "uv_size": [ 10, 2 ] },
                "east": { "uv": [ 0, 0 ], "uv_size": [ 64, 8 ] },
                "south": { "uv": [ 14, 0 ], "uv_size": [ -10, 2 ] },
                "west": { "uv": [ 0, 0 ], "uv_size": [ 64, 8 ] },
                "up": { "uv": [ 4, 0 ], "uv_size": [ 10, 4 ] },
                "down": { "uv": [ 4, 4 ], "uv_size": [ 10, -4 ] }
              }
            },
            {
              "origin": [ -2, -1, -22 ],
              "size": [ 10, 2, 21 ],
              "uv": {
                "north": { "uv": [ 4, 31 ], "uv_size": [ 10, 2 ] },
                "east": { "uv": [ 0, 0 ], "uv_size": [ 64, 8 ] },
                "south": { "uv": [ 14, 13 ], "uv_size": [ -10, 2 ] },
                "west": { "uv": [ 0, 0 ], "uv_size": [ 64, 8 ] },
                "up": { "uv": [ 4, 13 ], "uv_size": [ 10, 21 ] },
                "down": { "uv": [ 4, 34 ], "uv_size": [ 10, -21 ] }
              }
            },
            {
              "origin": [ 11.5, -0.5, -6 ],
              "size": [ 1, 1, 2 ],
              "uv": {
                "north": { "uv": [ 15, 16 ], "uv_size": [ 1, 1 ] },
                "east": { "uv": [ 0, 0 ], "uv_size": [ 2, 1 ] },
                "south": { "uv": [ 15, 17 ], "uv_size": [ 1, 1 ] },
                "west": { "uv": [ 13, 16 ], "uv_size": [ 2, 1 ] },
                "up": { "uv": [ 16, 18 ], "uv_size": [ -1, -2 ] },
                "down": { "uv": [ 16, 18 ], "uv_size": [ -1, -2 ] }
              }
            }
          ]
        },
        {
          "name": "window",
          "parent": "door",
          "pivot": [ -2, -1, -5 ],
          "cubes": [
            {
              "origin": [ -2, 0, -1 ],
              "size": [ 10, 0, 9 ],
              "uv": {
                "north": { "uv": [ 0, 0 ], "uv_size": [ 10, 0 ] },
                "east": { "uv": [ 0, 0 ], "uv_size": [ 9, 0 ] },
                "south": { "uv": [ 0, 0 ], "uv_size": [ 10, 0 ] },
                "west": { "uv": [ 0, 0 ], "uv_size": [ 9, 0 ] },
                "up": { "uv": [ 4, 4 ], "uv_size": [ 10, 9 ] },
                "down": { "uv": [ 28, 34 ], "uv_size": [ -10, -9 ] }
              }
            },
            {
              "origin": [ 7, -1, -1 ],
              "size": [ 1, 2, 3 ],
              "uv": {
                "north": { "uv": [ 6, 16 ], "uv_size": [ 1, 2 ] },
                "east": { "uv": [ 14, 11 ], "uv_size": [ 3, 2 ] },
                "south": { "uv": [ 7, 5 ], "uv_size": [ 1, 2 ] },
                "west": { "uv": [ 14, 13 ], "uv_size": [ 3, 2 ] },
                "up": { "uv": [ 14, 13 ], "uv_size": [ -1, -3 ] },
                "down": { "uv": [ 14, 13 ], "uv_size": [ -1, -3 ] }
              }
            },
            {
              "origin": [ -2, -1, -1 ],
              "size": [ 1, 2, 3 ],
              "uv": {
                "north": { "uv": [ 2, 8 ], "uv_size": [ 1, 2 ] },
                "east": { "uv": [ 1, 7 ], "uv_size": [ 3, 2 ] },
                "south": { "uv": [ 2, 8 ], "uv_size": [ 1, 2 ] },
                "west": { "uv": [ 1, 7 ], "uv_size": [ 3, 2 ] },
                "up": { "uv": [ 5, 13 ], "uv_size": [ -1, -3 ] },
                "down": { "uv": [ 5, 13 ], "uv_size": [ -1, -3 ] }
              }
            }
          ]
        },
        {
          "name": "bone",
          "parent": "window",
          "pivot": [ 8, -1, -5 ],
          "cubes": [
            {
              "origin": [ -1, -0.75, -2 ],
              "size": [ 1, 1.5, 2 ],
              "pivot": [ -1, -1, -1 ],
              "rotation": [ 0, -45, 0 ],
              "uv": {
                "north": { "uv": [ 4, 11 ], "uv_size": [ 1, 2 ] },
                "east": { "uv": [ 4, 11 ], "uv_size": [ 1, 2 ] },
                "south": { "uv": [ 4, 11 ], "uv_size": [ 1, 2 ] },
                "west": { "uv": [ 4, 11 ], "uv_size": [ 1, 2 ] },
                "up": { "uv": [ 5, 16 ], "uv_size": [ -1, -1 ] },
                "down": { "uv": [ 5, 16 ], "uv_size": [ -1, -1 ] }
              }
            },
            {
              "origin": [ 4, -0.75, 0 ],
              "size": [ 1, 1.5, 1 ],
              "pivot": [ -1, -1, -1 ],
              "rotation": [ 0, -45, 0 ],
              "uv": {
                "north": { "uv": [ 4, 11 ], "uv_size": [ 1, 2 ] },
                "east": { "uv": [ 4, 11 ], "uv_size": [ 1, 2 ] },
                "south": { "uv": [ 4, 11 ], "uv_size": [ 1, 2 ] },
                "west": { "uv": [ 4, 11 ], "uv_size": [ 1, 2 ] },
                "up": { "uv": [ 5, 16 ], "uv_size": [ -1, -1 ] },
                "down": { "uv": [ 5, 16 ], "uv_size": [ -1, -1 ] }
              }
            },
            {
              "origin": [ 6, -0.75, -2 ],
              "size": [ 1, 1.5, 2 ],
              "pivot": [ 7, -1, -1 ],
              "rotation": [ 0, 45, 0 ],
              "uv": {
                "north": { "uv": [ 5, 11 ], "uv_size": [ -1, 2 ] },
                "east": { "uv": [ 5, 11 ], "uv_size": [ -1, 2 ] },
                "south": { "uv": [ 5, 11 ], "uv_size": [ -1, 2 ] },
                "west": { "uv": [ 5, 11 ], "uv_size": [ -1, 2 ] },
                "up": { "uv": [ 3, 16 ], "uv_size": [ 1, -1 ] },
                "down": { "uv": [ 3, 16 ], "uv_size": [ 1, -1 ] }
              }
            },
            {
              "origin": [ 1, -0.75, 0 ],
              "size": [ 1, 1.5, 1 ],
              "pivot": [ 7, -1, -1 ],
              "rotation": [ 0, 45, 0 ],
              "uv": {
                "north": { "uv": [ 5, 11 ], "uv_size": [ -1, 2 ] },
                "east": { "uv": [ 5, 11 ], "uv_size": [ -1, 2 ] },
                "south": { "uv": [ 5, 11 ], "uv_size": [ -1, 2 ] },
                "west": { "uv": [ 5, 11 ], "uv_size": [ -1, 2 ] },
                "up": { "uv": [ 3, 16 ], "uv_size": [ 1, -1 ] },
                "down": { "uv": [ 3, 16 ], "uv_size": [ 1, -1 ] }
              }
            },
            {
              "origin": [ 4, -0.75, 4 ],
              "size": [ 1, 1.5, 1 ],
              "pivot": [ -1, -1, 3 ],
              "rotation": [ 0, -45, 0 ],
              "uv": {
                "north": { "uv": [ 4, 11 ], "uv_size": [ 1, 2 ] },
                "east": { "uv": [ 4, 11 ], "uv_size": [ 1, 2 ] },
                "south": { "uv": [ 4, 11 ], "uv_size": [ 1, 2 ] },
                "west": { "uv": [ 4, 11 ], "uv_size": [ 1, 2 ] },
                "up": { "uv": [ 5, 16 ], "uv_size": [ -1, -1 ] },
                "down": { "uv": [ 5, 16 ], "uv_size": [ -1, -1 ] }
              }
            },
            {
              "origin": [ 1, -0.75, 4 ],
              "size": [ 1, 1.5, 1 ],
              "pivot": [ 7, -1, 3 ],
              "rotation": [ 0, 45, 0 ],
              "uv": {
                "north": { "uv": [ 5, 11 ], "uv_size": [ -1, 2 ] },
                "east": { "uv": [ 5, 11 ], "uv_size": [ -1, 2 ] },
                "south": { "uv": [ 5, 11 ], "uv_size": [ -1, 2 ] },
                "west": { "uv": [ 5, 11 ], "uv_size": [ -1, 2 ] },
                "up": { "uv": [ 3, 16 ], "uv_size": [ 1, -1 ] },
                "down": { "uv": [ 3, 16 ], "uv_size": [ 1, -1 ] }
              }
            },
            {
              "origin": [ -5, -0.75, -5.1 ],
              "size": [ 1, 1.5, 1 ],
              "pivot": [ -11, -1, 3 ],
              "rotation": [ 0, -45, 0 ],
              "uv": {
                "north": { "uv": [ 4, 11 ], "uv_size": [ 1, 2 ] },
                "east": { "uv": [ 4, 11 ], "uv_size": [ 1, 2 ] },
                "south": { "uv": [ 4, 11 ], "uv_size": [ 1, 2 ] },
                "west": { "uv": [ 4, 11 ], "uv_size": [ 1, 2 ] },
                "up": { "uv": [ 5, 16 ], "uv_size": [ -1, -1 ] },
                "down": { "uv": [ 5, 16 ], "uv_size": [ -1, -1 ] }
              }
            },
            {
              "origin": [ 7, -0.75, 2 ],
              "size": [ 1, 1.5, 1 ],
              "pivot": [ 7, -1, 3 ],
              "rotation": [ 0, 45, 0 ],
              "uv": {
                "north": { "uv": [ 5, 11 ], "uv_size": [ -1, 2 ] },
                "east": { "uv": [ 5, 11 ], "uv_size": [ -1, 2 ] },
                "south": { "uv": [ 5, 11 ], "uv_size": [ -1, 2 ] },
                "west": { "uv": [ 5, 11 ], "uv_size": [ -1, 2 ] },
                "up": { "uv": [ 3, 16 ], "uv_size": [ 1, -1 ] },
                "down": { "uv": [ 3, 16 ], "uv_size": [ 1, -1 ] }
              }
            },
            {
              "origin": [ 7, -0.75, 2 ],
              "size": [ 1, 1.5, 1 ],
              "pivot": [ 7, -1, 3 ],
              "rotation": [ 0, 45, 0 ],
              "uv": {
                "north": { "uv": [ 5, 11 ], "uv_size": [ -1, 2 ] },
                "east": { "uv": [ 5, 11 ], "uv_size": [ -1, 2 ] },
                "south": { "uv": [ 5, 11 ], "uv_size": [ -1, 2 ] },
                "west": { "uv": [ 5, 11 ], "uv_size": [ -1, 2 ] },
                "up": { "uv": [ 3, 16 ], "uv_size": [ 1, -1 ] },
                "down": { "uv": [ 3, 16 ], "uv_size": [ 1, -1 ] }
              }
            }
          ]
        },
        {
          "name": "bone3",
          "parent": "window",
          "pivot": [ 8, -1, -5 ],
          "cubes": [
            {
              "origin": [ 0, -0.75, 5 ],
              "size": [ 3, 1.5, 2 ],
              "pivot": [ 7, -1, -1 ],
              "rotation": [ 0, 45, 0 ],
              "uv": {
                "north": { "uv": [ 7, 17 ], "uv_size": [ -1, 2 ] },
                "east": { "uv": [ 5, 11 ], "uv_size": [ -1, 2 ] },
                "south": { "uv": [ 5, 18 ], "uv_size": [ -1, 2 ] },
                "west": { "uv": [ 5, 11 ], "uv_size": [ -1, 2 ] },
                "up": { "uv": [ 4, 16 ], "uv_size": [ 1, -1 ] },
                "down": { "uv": [ 4, 16 ], "uv_size": [ 1, -1 ] }
              }
            },
            {
              "origin": [ 1, -0.75, 6 ],
              "size": [ 1, 1.5, 1 ],
              "pivot": [ 7, -1, -1 ],
              "rotation": [ 0, 45, 0 ],
              "uv": {
                "north": { "uv": [ 5, 11 ], "uv_size": [ -1, 2 ] },
                "east": { "uv": [ 5, 11 ], "uv_size": [ -1, 2 ] },
                "south": { "uv": [ 5, 11 ], "uv_size": [ -1, 2 ] },
                "west": { "uv": [ 5, 11 ], "uv_size": [ -1, 2 ] },
                "up": { "uv": [ 5, 13 ], "uv_size": [ 1, -1 ] },
                "down": { "uv": [ 5, 13 ], "uv_size": [ 1, -1 ] }
              }
            }
          ]
        },
        {
          "name": "bone2",
          "parent": "window",
          "pivot": [ -2, -1, -5 ],
          "cubes": [
            {
              "origin": [ 3, -0.75, 5 ],
              "size": [ 4, 1.5, 3 ],
              "pivot": [ -1, -1, -1 ],
              "rotation": [ 0, -45, 0 ],
              "uv": {
                "north": { "uv": [ 4, 13 ], "uv_size": [ 1, 2 ] },
                "east": { "uv": [ 4, 14 ], "uv_size": [ 1, 2 ] },
                "south": { "uv": [ 4, 15 ], "uv_size": [ 1, 2 ] },
                "west": { "uv": [ 4, 15 ], "uv_size": [ 1, 2 ] },
                "up": { "uv": [ 5, 16 ], "uv_size": [ -1, -1 ] },
                "down": { "uv": [ 5, 16 ], "uv_size": [ -1, -1 ] }
              }
            },
            {
              "origin": [ 4, -0.75, 6 ],
              "size": [ 1, 1.5, 1 ],
              "pivot": [ -1, -1, -1 ],
              "rotation": [ 0, -45, 0 ],
              "uv": {
                "north": { "uv": [ 4, 13 ], "uv_size": [ 1, 2 ] },
                "east": { "uv": [ 4, 14 ], "uv_size": [ 1, 2 ] },
                "south": { "uv": [ 4, 15 ], "uv_size": [ 1, 2 ] },
                "west": { "uv": [ 4, 15 ], "uv_size": [ 1, 2 ] },
                "up": { "uv": [ 6, 13 ], "uv_size": [ -1, -1 ] },
                "down": { "uv": [ 6, 13 ], "uv_size": [ -1, -1 ] }
              }
            }
          ]
        },
        {
          "name": "bars",
          "parent": "window",
          "pivot": [ -2, -1, -5 ],
          "cubes": [
            {
              "origin": [ 4, -1, -1 ],
              "size": [ 1, 2, 3 ],
              "uv": {
                "north": { "uv": [ 2, 10 ], "uv_size": [ 1, 2 ] },
                "east": { "uv": [ 4, 13 ], "uv_size": [ 3, 2 ] },
                "south": { "uv": [ 3, 10 ], "uv_size": [ 1, 2 ] },
                "west": { "uv": [ 4, 13 ], "uv_size": [ 3, 2 ] },
                "up": { "uv": [ 11, 13 ], "uv_size": [ -1, -3 ] },
                "down": { "uv": [ 11, 13 ], "uv_size": [ -1, -3 ] }
              }
            },
            {
              "origin": [ -2, -1, 2 ],
              "size": [ 10, 2, 2 ],
              "uv": {
                "north": { "uv": [ 4, 8 ], "uv_size": [ 10, 2 ] },
                "east": { "uv": [ 9, 14 ], "uv_size": [ 2, 2 ] },
                "south": { "uv": [ 4, 8 ], "uv_size": [ 10, 2 ] },
                "west": { "uv": [ 6, 15 ], "uv_size": [ 2, 2 ] },
                "up": { "uv": [ 14, 10 ], "uv_size": [ -10, -2 ] },
                "down": { "uv": [ 14, 10 ], "uv_size": [ -10, -2 ] }
              }
            },
            {
              "origin": [ 1, -1, 4 ],
              "size": [ 1, 2, 4 ],
              "uv": {
                "north": { "uv": [ 1, 6 ], "uv_size": [ 1, 2 ] },
                "east": { "uv": [ 3, 1 ], "uv_size": [ 4, 2 ] },
                "south": { "uv": [ 4, 1 ], "uv_size": [ 1, 2 ] },
                "west": { "uv": [ 7, 1 ], "uv_size": [ 4, 2 ] },
                "up": { "uv": [ 8, 8 ], "uv_size": [ -1, -4 ] },
                "down": { "uv": [ 8, 8 ], "uv_size": [ -1, -4 ] }
              }
            },
            {
              "origin": [ 4, -1, 4 ],
              "size": [ 1, 2, 4 ],
              "uv": {
                "north": { "uv": [ 0, 0 ], "uv_size": [ 1, 2 ] },
                "east": { "uv": [ 8, 0 ], "uv_size": [ 4, 2 ] },
                "south": { "uv": [ 0, 0 ], "uv_size": [ 1, 2 ] },
                "west": { "uv": [ 0, 0 ], "uv_size": [ 4, 2 ] },
                "up": { "uv": [ 11, 8 ], "uv_size": [ -1, -4 ] },
                "down": { "uv": [ 11, 8 ], "uv_size": [ -1, -4 ] }
              }
            },
            {
              "origin": [ 1, -1, -1 ],
              "size": [ 1, 2, 3 ],
              "uv": {
                "north": { "uv": [ 4, 10 ], "uv_size": [ 1, 2 ] },
                "east": { "uv": [ 2, 10 ], "uv_size": [ 3, 2 ] },
                "south": { "uv": [ 4, 10 ], "uv_size": [ 1, 2 ] },
                "west": { "uv": [ 2, 10 ], "uv_size": [ 3, 2 ] },
                "up": { "uv": [ 8, 14 ], "uv_size": [ -1, -3 ] },
                "down": { "uv": [ 8, 13 ], "uv_size": [ -1, -3 ] }
              }
            }
          ]
        },
        {
          "name": "handle",
          "parent": "door",
          "pivot": [ -2, -1, -5 ],
          "cubes": [
            {
              "origin": [ 5, -1.25, -5 ],
              "size": [ 5, 2.5, 1 ],
              "uv": {
                "north": { "uv": [ 11, 16 ], "uv_size": [ 5, 1 ] },
                "east": { "uv": [ 11, 16 ], "uv_size": [ 1, 1 ] },
                "south": { "uv": [ 11, 16 ], "uv_size": [ 5, 1 ] },
                "west": { "uv": [ 15, 16 ], "uv_size": [ 1, 1 ] },
                "up": { "uv": [ 16, 17 ], "uv_size": [ -5, -1 ] },
                "down": { "uv": [ 16, 17 ], "uv_size": [ -5, -1 ] }
              }
            },
            {
              "origin": [ 8, -1.25, -6 ],
              "size": [ 2, 2.5, 1 ],
              "uv": {
                "north": { "uv": [ 14, 17 ], "uv_size": [ 2, 1 ] },
                "east": { "uv": [ 14, 17 ], "uv_size": [ 1, 1 ] },
                "south": { "uv": [ 11, 16 ], "uv_size": [ 5, 1 ] },
                "west": { "uv": [ 15, 17 ], "uv_size": [ 1, 1 ] },
                "up": { "uv": [ 14, 18 ], "uv_size": [ 2, -1 ] },
                "down": { "uv": [ 16, 17 ], "uv_size": [ -5, -1 ] }
              }
            }
          ]
        }
      ]
    }
  ]
}