{
  "format_version": "1.8.0",
  "geometry.gtm.spider": {
    "texturewidth": 64,
    "textureheight": 32,
    "visible_bounds_width": 4,
    "visible_bounds_height": 2,
    "visible_bounds_offset": [ 0, 1, 0 ],
    "bones": [
      { "name": "spider", "pivot": [ 0, 0, 0 ], "rotation": [ 0, 90, 0 ] },
      {
        "name": "leg7",
        "parent": "spider",
        "pivot": [ 4, 9, -1 ],
        "cubes": [ { "origin": [ 3, 8, -2 ], "size": [ 16, 2, 2 ], "uv": [ 18, 0 ] } ]
      },
      {
        "name": "leg6",
        "parent": "spider",
        "pivot": [ -4, 9, -1 ],
        "cubes": [ { "origin": [ -19, 8, -2 ], "size": [ 16, 2, 2 ], "uv": [ 18, 0 ] } ]
      },
      {
        "name": "leg4",
        "parent": "spider",
        "pivot": [ -4, 9, 0 ],
        "cubes": [ { "origin": [ -19, 8, -1 ], "size": [ 16, 2, 2 ], "uv": [ 18, 0 ] } ]
      },
      {
        "name": "leg3",
        "parent": "spider",
        "pivot": [ 4, 9, 1 ],
        "cubes": [ { "origin": [ 3, 8, 0 ], "size": [ 16, 2, 2 ], "uv": [ 18, 0 ] } ]
      },
      {
        "name": "head",
        "parent": "spider",
        "pivot": [ 0, 9, -3 ],
        "cubes": [ { "origin": [ -4, 5, -11 ], "size": [ 8, 8, 8 ], "uv": [ 32, 4 ] } ]
      },
      {
        "name": "body0",
        "parent": "spider",
        "pivot": [ 0, 9, 0 ],
        "cubes": [ { "origin": [ -3, 6, -3 ], "size": [ 6, 6, 6 ], "uv": [ 0, 0 ] } ]
      },
      {
        "name": "body1",
        "parent": "spider",
        "pivot": [ 0, 9, 9 ],
        "cubes": [ { "origin": [ -5, 5, 3 ], "size": [ 10, 8, 12 ], "uv": [ 0, 12 ] } ]
      },
      {
        "name": "leg0",
        "parent": "spider",
        "pivot": [ -4, 9, 2 ],
        "cubes": [ { "origin": [ -19, 8, 1 ], "size": [ 16, 2, 2 ], "uv": [ 18, 0 ] } ]
      },
      {
        "name": "leg1",
        "parent": "spider",
        "pivot": [ 4, 9, 2 ],
        "cubes": [ { "origin": [ 3, 8, 1 ], "size": [ 16, 2, 2 ], "uv": [ 18, 0 ] } ]
      },
      {
        "name": "leg2",
        "parent": "spider",
        "pivot": [ -4, 9, 1 ],
        "cubes": [ { "origin": [ -19, 8, 0 ], "size": [ 16, 2, 2 ], "uv": [ 18, 0 ] } ]
      },
      {
        "name": "leg5",
        "parent": "spider",
        "pivot": [ 4, 9, 0 ],
        "cubes": [ { "origin": [ 3, 8, -1 ], "size": [ 16, 2, 2 ], "uv": [ 18, 0 ] } ]
      }
    ]
  }
}