{
  "format_version": "1.12.0",
  "minecraft:geometry": [
    {
      "bones": [
        {
          "name": "axolandl",
          "pivot": [
            0,
            0,
            0
          ],
          "rotation": [
            0,
            90,
            0
          ]
        },
        {
          "name": "body",
          "parent": "axolandl",
          "pivot": [
            -1.75,
            14.5,
            1
          ]
        },
        {
          "cubes": [
            {
              "origin": [
                -3.35,
                9.35,
                -1.98
              ],
              "size": [
                4,
                8,
                6
              ],
              "uv": {
                "down": {
                  "uv": [
                    21,
                    52
                  ],
                  "uv_size": [
                    -4,
                    -6
                  ]
                },
                "east": {
                  "uv": [
                    17,
                    64
                  ],
                  "uv_size": [
                    6,
                    -8
                  ]
                },
                "north": {
                  "uv": [
                    7,
                    44
                  ],
                  "uv_size": [
                    4,
                    8
                  ]
                },
                "south": {
                  "uv": [
                    2,
                    44
                  ],
                  "uv_size": [
                    4,
                    8
                  ]
                },
                "up": {
                  "uv": [
                    16,
                    57
                  ],
                  "uv_size": [
                    -6,
                    -4
                  ]
                },
                "west": {
                  "uv": [
                    26,
                    59
                  ],
                  "uv_size": [
                    6,
                    -8
                  ]
                }
              }
            },
            {
              "origin": [
                -2.06934,
                5.40791,
                -1.4
              ],
              "size": [
                2,
                2,
                4
              ],
              "uv": {
                "down": {
                  "uv": [
                    32,
                    32
                  ],
                  "uv_size": [
                    2,
                    -4
                  ]
                },
                "east": {
                  "uv": [
                    27,
                    44
                  ],
                  "uv_size": [
                    4,
                    2
                  ]
                },
                "north": {
                  "uv": [
                    33,
                    16
                  ],
                  "uv_size": [
                    2,
                    2
                  ]
                },
                "south": {
                  "uv": [
                    33,
                    14
                  ],
                  "uv_size": [
                    2,
                    2
                  ]
                },
                "up": {
                  "uv": [
                    32,
                    32
                  ],
                  "uv_size": [
                    2,
                    4
                  ]
                },
                "west": {
                  "uv": [
                    27,
                    47
                  ],
                  "uv_size": [
                    4,
                    2
                  ]
                }
              }
            },
            {
              "origin": [
                -2.69523,
                6.98995,
                -1.5
              ],
              "size": [
                3,
                3,
                5
              ],
              "uv": {
                "down": {
                  "uv": [
                    0,
                    30
                  ],
                  "uv_size": [
                    4,
                    -6
                  ]
                },
                "east": {
                  "uv": [
                    43,
                    28
                  ],
                  "uv_size": [
                    6,
                    4
                  ]
                },
                "north": {
                  "uv": [
                    27,
                    14
                  ],
                  "uv_size": [
                    4,
                    4
                  ]
                },
                "south": {
                  "uv": [
                    27,
                    14
                  ],
                  "uv_size": [
                    4,
                    4
                  ]
                },
                "up": {
                  "uv": [
                    25,
                    0
                  ],
                  "uv_size": [
                    4,
                    6
                  ]
                },
                "west": {
                  "uv": [
                    39,
                    18
                  ],
                  "uv_size": [
                    6,
                    4
                  ]
                }
              }
            }
          ],
          "name": "torso",
          "parent": "body",
          "pivot": [
            -2.69523,
            7.28995,
            0.5
          ],
          "rotation": [
            0,
            0,
            22.5
          ]
        },
        {
          "name": "lower_body",
          "parent": "body",
          "pivot": [
            -1.75,
            14.5,
            1
          ]
        },
        {
          "cubes": [
            {
              "origin": [
                -0.1253,
                11.24053,
                0.48
              ],
              "pivot": [
                -3.82831,
                16.38734,
                0.5
              ],
              "rotation": [
                0,
                0,
                -22.5
              ],
              "size": [
                3,
                1,
                0
              ],
              "uv": {
                "down": {
                  "uv": [
                    0,
                    0
                  ],
                  "uv_size": [
                    3,
                    0
                  ]
                },
                "east": {
                  "uv": [
                    0,
                    0
                  ],
                  "uv_size": [
                    0,
                    1
                  ]
                },
                "north": {
                  "uv": [
                    10,
                    17
                  ],
                  "uv_size": [
                    3,
                    1
                  ]
                },
                "south": {
                  "uv": [
                    33,
                    25
                  ],
                  "uv_size": [
                    3,
                    1
                  ]
                },
                "up": {
                  "uv": [
                    0,
                    0
                  ],
                  "uv_size": [
                    3,
                    0
                  ]
                },
                "west": {
                  "uv": [
                    0,
                    0
                  ],
                  "uv_size": [
                    0,
                    1
                  ]
                }
              }
            },
            {
              "origin": [
                -6.59509,
                5.482,
                0.5
              ],
              "pivot": [
                -3.59509,
                5.982,
                0.5
              ],
              "rotation": [
                0,
                0,
                -45
              ],
              "size": [
                6,
                3,
                0
              ],
              "uv": {
                "down": {
                  "uv": [
                    0,
                    0
                  ],
                  "uv_size": [
                    6,
                    0
                  ]
                },
                "east": {
                  "uv": [
                    0,
                    0
                  ],
                  "uv_size": [
                    0,
                    3
                  ]
                },
                "north": {
                  "uv": [
                    25,
                    18
                  ],
                  "uv_size": [
                    6,
                    3
                  ]
                },
                "south": {
                  "uv": [
                    4,
                    27
                  ],
                  "uv_size": [
                    6,
                    3
                  ]
                },
                "up": {
                  "uv": [
                    0,
                    0
                  ],
                  "uv_size": [
                    6,
                    0
                  ]
                },
                "west": {
                  "uv": [
                    0,
                    0
                  ],
                  "uv_size": [
                    0,
                    3
                  ]
                }
              }
            },
            {
              "origin": [
                -9.9028,
                3.54001,
                0.45
              ],
              "size": [
                4,
                3,
                0
              ],
              "uv": {
                "down": {
                  "uv": [
                    0,
                    0
                  ],
                  "uv_size": [
                    4,
                    0
                  ]
                },
                "east": {
                  "uv": [
                    0,
                    0
                  ],
                  "uv_size": [
                    0,
                    3
                  ]
                },
                "north": {
                  "uv": [
                    14,
                    29
                  ],
                  "uv_size": [
                    4,
                    3
                  ]
                },
                "south": {
                  "uv": [
                    29,
                    23
                  ],
                  "uv_size": [
                    4,
                    3
                  ]
                },
                "up": {
                  "uv": [
                    0,
                    0
                  ],
                  "uv_size": [
                    4,
                    0
                  ]
                },
                "west": {
                  "uv": [
                    0,
                    0
                  ],
                  "uv_size": [
                    0,
                    3
                  ]
                }
              }
            },
            {
              "origin": [
                -12.5734,
                3.38296,
                0.5
              ],
              "pivot": [
                -7.5734,
                5.88296,
                0.5
              ],
              "rotation": [
                0,
                0,
                22.5
              ],
              "size": [
                4,
                3,
                0
              ],
              "uv": {
                "down": {
                  "uv": [
                    0,
                    0
                  ],
                  "uv_size": [
                    4,
                    0
                  ]
                },
                "east": {
                  "uv": [
                    0,
                    0
                  ],
                  "uv_size": [
                    0,
                    3
                  ]
                },
                "north": {
                  "uv": [
                    18,
                    27
                  ],
                  "uv_size": [
                    4,
                    3
                  ]
                },
                "south": {
                  "uv": [
                    22,
                    27
                  ],
                  "uv_size": [
                    4,
                    3
                  ]
                },
                "up": {
                  "uv": [
                    0,
                    0
                  ],
                  "uv_size": [
                    4,
                    0
                  ]
                },
                "west": {
                  "uv": [
                    0,
                    0
                  ],
                  "uv_size": [
                    0,
                    3
                  ]
                }
              }
            },
            {
              "origin": [
                -7.06726,
                10.26198,
                0.45
              ],
              "pivot": [
                -1.75,
                14.5,
                1
              ],
              "rotation": [
                0,
                0,
                -45
              ],
              "size": [
                8,
                2,
                0
              ],
              "uv": {
                "down": {
                  "uv": [
                    0,
                    0
                  ],
                  "uv_size": [
                    8,
                    0
                  ]
                },
                "east": {
                  "uv": [
                    0,
                    0
                  ],
                  "uv_size": [
                    0,
                    2
                  ]
                },
                "north": {
                  "uv": [
                    25,
                    21
                  ],
                  "uv_size": [
                    8,
                    2
                  ]
                },
                "south": {
                  "uv": [
                    10,
                    27
                  ],
                  "uv_size": [
                    8,
                    2
                  ]
                },
                "up": {
                  "uv": [
                    0,
                    0
                  ],
                  "uv_size": [
                    8,
                    0
                  ]
                },
                "west": {
                  "uv": [
                    0,
                    0
                  ],
                  "uv_size": [
                    0,
                    2
                  ]
                }
              }
            }
          ],
          "name": "tail_bottom",
          "parent": "lower_body",
          "pivot": [
            -3.3327,
            7.90012,
            0.5
          ],
          "rotation": [
            0,
            0,
            -22.5
          ]
        },
        {
          "cubes": [
            {
              "origin": [
                0.75,
                10.48604,
                5.73958
              ],
              "pivot": [
                -0.75,
                7.9,
                5.5
              ],
              "rotation": [
                22.5,
                0,
                0
              ],
              "size": [
                1,
                4,
                1
              ],
              "uv": {
                "down": {
                  "uv": [
                    7,
                    17
                  ],
                  "uv_size": [
                    1,
                    -1
                  ]
                },
                "east": {
                  "uv": [
                    33,
                    21
                  ],
                  "uv_size": [
                    1,
                    4
                  ]
                },
                "north": {
                  "uv": [
                    17,
                    32
                  ],
                  "uv_size": [
                    1,
                    4
                  ]
                },
                "south": {
                  "uv": [
                    0,
                    34
                  ],
                  "uv_size": [
                    1,
                    4
                  ]
                },
                "up": {
                  "uv": [
                    7,
                    15
                  ],
                  "uv_size": [
                    1,
                    1
                  ]
                },
                "west": {
                  "uv": [
                    1,
                    34
                  ],
                  "uv_size": [
                    1,
                    4
                  ]
                }
              }
            },
            {
              "origin": [
                2.44426,
                4.67847,
                4.04562
              ],
              "pivot": [
                1.25,
                8.49369,
                5.17262
              ],
              "rotation": [
                0,
                0,
                -45
              ],
              "size": [
                1,
                2,
                2
              ],
              "uv": {
                "down": {
                  "uv": [
                    9,
                    42
                  ],
                  "uv_size": [
                    -1,
                    -2
                  ]
                },
                "east": {
                  "uv": [
                    5,
                    12
                  ],
                  "uv_size": [
                    2,
                    2
                  ]
                },
                "north": {
                  "uv": [
                    6,
                    40
                  ],
                  "uv_size": [
                    1,
                    2
                  ]
                },
                "south": {
                  "uv": [
                    16,
                    40
                  ],
                  "uv_size": [
                    1,
                    2
                  ]
                },
                "up": {
                  "uv": [
                    11,
                    42
                  ],
                  "uv_size": [
                    -1,
                    -2
                  ]
                },
                "west": {
                  "uv": [
                    0.5,
                    30
                  ],
                  "uv_size": [
                    2,
                    2
                  ]
                }
              }
            },
            {
              "origin": [
                2.30426,
                6.17847,
                4.54562
              ],
              "pivot": [
                1.25,
                8.49369,
                5.17262
              ],
              "rotation": [
                0,
                0,
                -45
              ],
              "size": [
                1,
                4,
                1
              ],
              "uv": {
                "down": {
                  "uv": [
                    4,
                    26
                  ],
                  "uv_size": [
                    1,
                    -1
                  ]
                },
                "east": {
                  "uv": [
                    3,
                    34
                  ],
                  "uv_size": [
                    1,
                    4
                  ]
                },
                "north": {
                  "uv": [
                    2,
                    34
                  ],
                  "uv_size": [
                    1,
                    4
                  ]
                },
                "south": {
                  "uv": [
                    4,
                    34
                  ],
                  "uv_size": [
                    1,
                    4
                  ]
                },
                "up": {
                  "uv": [
                    4,
                    24
                  ],
                  "uv_size": [
                    1,
                    1
                  ]
                },
                "west": {
                  "uv": [
                    34,
                    6
                  ],
                  "uv_size": [
                    1,
                    4
                  ]
                }
              }
            }
          ],
          "name": "left_arm",
          "parent": "body",
          "pivot": [
            1.25,
            13.75,
            3.5
          ],
          "rotation": [
            15,
            0,
            0
          ]
        },
        {
          "cubes": [
            {
              "origin": [
                0.75,
                10.90866,
                -5.03327
              ],
              "pivot": [
                -0.75,
                7.9,
                -4.8
              ],
              "rotation": [
                -22.5,
                0,
                0
              ],
              "size": [
                1,
                4,
                1
              ],
              "uv": {
                "down": {
                  "uv": [
                    7,
                    16
                  ],
                  "uv_size": [
                    1,
                    1
                  ]
                },
                "east": {
                  "uv": [
                    34,
                    21
                  ],
                  "uv_size": [
                    -1,
                    4
                  ]
                },
                "north": {
                  "uv": [
                    1,
                    34
                  ],
                  "uv_size": [
                    -1,
                    4
                  ]
                },
                "south": {
                  "uv": [
                    18,
                    32
                  ],
                  "uv_size": [
                    -1,
                    4
                  ]
                },
                "up": {
                  "uv": [
                    7,
                    16
                  ],
                  "uv_size": [
                    1,
                    -1
                  ]
                },
                "west": {
                  "uv": [
                    2,
                    34
                  ],
                  "uv_size": [
                    -1,
                    4
                  ]
                }
              }
            },
            {
              "origin": [
                2.5607,
                5.09107,
                -4.31079
              ],
              "pivot": [
                1.25,
                8.49369,
                -4.47262
              ],
              "rotation": [
                0,
                0,
                -45
              ],
              "size": [
                1,
                2,
                2
              ],
              "uv": {
                "down": {
                  "uv": [
                    9,
                    40
                  ],
                  "uv_size": [
                    -1,
                    2
                  ]
                },
                "east": {
                  "uv": [
                    7,
                    12
                  ],
                  "uv_size": [
                    -2,
                    2
                  ]
                },
                "north": {
                  "uv": [
                    17,
                    40
                  ],
                  "uv_size": [
                    -1,
                    2
                  ]
                },
                "south": {
                  "uv": [
                    7,
                    40
                  ],
                  "uv_size": [
                    -1,
                    2
                  ]
                },
                "up": {
                  "uv": [
                    11,
                    40
                  ],
                  "uv_size": [
                    -1,
                    2
                  ]
                },
                "west": {
                  "uv": [
                    2.5,
                    30
                  ],
                  "uv_size": [
                    -2,
                    2
                  ]
                }
              }
            },
            {
              "origin": [
                2.5207,
                6.59107,
                -3.81079
              ],
              "pivot": [
                1.25,
                8.49369,
                -4.47262
              ],
              "rotation": [
                0,
                0,
                -45
              ],
              "size": [
                1,
                4,
                1
              ],
              "uv": {
                "down": {
                  "uv": [
                    4,
                    25
                  ],
                  "uv_size": [
                    1,
                    1
                  ]
                },
                "east": {
                  "uv": [
                    4,
                    34
                  ],
                  "uv_size": [
                    -1,
                    4
                  ]
                },
                "north": {
                  "uv": [
                    5,
                    34
                  ],
                  "uv_size": [
                    -1,
                    4
                  ]
                },
                "south": {
                  "uv": [
                    3,
                    34
                  ],
                  "uv_size": [
                    -1,
                    4
                  ]
                },
                "up": {
                  "uv": [
                    4,
                    25
                  ],
                  "uv_size": [
                    1,
                    -1
                  ]
                },
                "west": {
                  "uv": [
                    35,
                    6
                  ],
                  "uv_size": [
                    -1,
                    4
                  ]
                }
              }
            }
          ],
          "name": "right_arm",
          "parent": "body",
          "pivot": [
            1.32667,
            13.71955,
            -1.91442
          ],
          "rotation": [
            -15,
            0,
            0
          ]
        },
        {
          "cubes": [
            {
              "origin": [
                -0.15,
                4.8,
                -2.15
              ],
              "pivot": [
                0.45,
                6.4,
                -1.1
              ],
              "rotation": [
                0,
                0,
                -22.5
              ],
              "size": [
                2,
                4,
                2
              ],
              "uv": {
                "down": {
                  "uv": [
                    33,
                    0
                  ],
                  "uv_size": [
                    2,
                    2
                  ]
                },
                "east": {
                  "uv": [
                    20,
                    30
                  ],
                  "uv_size": [
                    -2,
                    4
                  ]
                },
                "north": {
                  "uv": [
                    22,
                    30
                  ],
                  "uv_size": [
                    -2,
                    4
                  ]
                },
                "south": {
                  "uv": [
                    32,
                    6
                  ],
                  "uv_size": [
                    -2,
                    4
                  ]
                },
                "up": {
                  "uv": [
                    5,
                    17
                  ],
                  "uv_size": [
                    2,
                    -2
                  ]
                },
                "west": {
                  "uv": [
                    24,
                    30
                  ],
                  "uv_size": [
                    -2,
                    4
                  ]
                }
              }
            },
            {
              "origin": [
                0.36824,
                1.46571,
                -2.1
              ],
              "size": [
                2,
                4,
                2
              ],
              "uv": {
                "down": {
                  "uv": [
                    33,
                    4
                  ],
                  "uv_size": [
                    2,
                    2
                  ]
                },
                "east": {
                  "uv": [
                    28,
                    30
                  ],
                  "uv_size": [
                    -2,
                    4
                  ]
                },
                "north": {
                  "uv": [
                    32,
                    26
                  ],
                  "uv_size": [
                    -2,
                    4
                  ]
                },
                "south": {
                  "uv": [
                    26,
                    30
                  ],
                  "uv_size": [
                    -2,
                    4
                  ]
                },
                "up": {
                  "uv": [
                    33,
                    4
                  ],
                  "uv_size": [
                    2,
                    -2
                  ]
                },
                "west": {
                  "uv": [
                    30,
                    30
                  ],
                  "uv_size": [
                    -2,
                    4
                  ]
                }
              }
            },
            {
              "origin": [
                0.36824,
                1.46571,
                -2.6
              ],
              "size": [
                4,
                0,
                3
              ],
              "uv": {
                "down": {
                  "uv": [
                    29,
                    0
                  ],
                  "uv_size": [
                    4,
                    3
                  ]
                },
                "east": {
                  "uv": [
                    3,
                    0
                  ],
                  "uv_size": [
                    -3,
                    0
                  ]
                },
                "north": {
                  "uv": [
                    4,
                    0
                  ],
                  "uv_size": [
                    -4,
                    0
                  ]
                },
                "south": {
                  "uv": [
                    4,
                    0
                  ],
                  "uv_size": [
                    -4,
                    0
                  ]
                },
                "up": {
                  "uv": [
                    26,
                    30
                  ],
                  "uv_size": [
                    4,
                    -3
                  ]
                },
                "west": {
                  "uv": [
                    3,
                    0
                  ],
                  "uv_size": [
                    -3,
                    0
                  ]
                }
              }
            }
          ],
          "name": "right_leg",
          "parent": "body",
          "pivot": [
            0.49549,
            7.87714,
            -1.1
          ],
          "rotation": [
            -5,
            0,
            10
          ]
        },
        {
          "cubes": [
            {
              "origin": [
                -0.05,
                4.7,
                2
              ],
              "pivot": [
                0.55,
                6.3,
                3
              ],
              "rotation": [
                0,
                0,
                -22.5
              ],
              "size": [
                2,
                4,
                2
              ],
              "uv": {
                "down": {
                  "uv": [
                    33,
                    2
                  ],
                  "uv_size": [
                    2,
                    -2
                  ]
                },
                "east": {
                  "uv": [
                    18,
                    30
                  ],
                  "uv_size": [
                    2,
                    4
                  ]
                },
                "north": {
                  "uv": [
                    30,
                    6
                  ],
                  "uv_size": [
                    2,
                    4
                  ]
                },
                "south": {
                  "uv": [
                    20,
                    30
                  ],
                  "uv_size": [
                    2,
                    4
                  ]
                },
                "up": {
                  "uv": [
                    5,
                    15
                  ],
                  "uv_size": [
                    2,
                    2
                  ]
                },
                "west": {
                  "uv": [
                    22,
                    30
                  ],
                  "uv_size": [
                    2,
                    4
                  ]
                }
              }
            },
            {
              "origin": [
                0.46824,
                1.36571,
                1.5
              ],
              "size": [
                4,
                0,
                3
              ],
              "uv": {
                "down": {
                  "uv": [
                    29,
                    3
                  ],
                  "uv_size": [
                    4,
                    -3
                  ]
                },
                "east": {
                  "uv": [
                    0,
                    0
                  ],
                  "uv_size": [
                    3,
                    0
                  ]
                },
                "north": {
                  "uv": [
                    0,
                    0
                  ],
                  "uv_size": [
                    4,
                    0
                  ]
                },
                "south": {
                  "uv": [
                    0,
                    0
                  ],
                  "uv_size": [
                    4,
                    0
                  ]
                },
                "up": {
                  "uv": [
                    26,
                    27
                  ],
                  "uv_size": [
                    4,
                    3
                  ]
                },
                "west": {
                  "uv": [
                    0,
                    0
                  ],
                  "uv_size": [
                    3,
                    0
                  ]
                }
              }
            },
            {
              "origin": [
                0.46824,
                1.36571,
                2.05
              ],
              "size": [
                2,
                4,
                2
              ],
              "uv": {
                "down": {
                  "uv": [
                    33,
                    6
                  ],
                  "uv_size": [
                    2,
                    -2
                  ]
                },
                "east": {
                  "uv": [
                    26,
                    30
                  ],
                  "uv_size": [
                    2,
                    4
                  ]
                },
                "north": {
                  "uv": [
                    24,
                    30
                  ],
                  "uv_size": [
                    2,
                    4
                  ]
                },
                "south": {
                  "uv": [
                    30,
                    26
                  ],
                  "uv_size": [
                    2,
                    4
                  ]
                },
                "up": {
                  "uv": [
                    33,
                    2
                  ],
                  "uv_size": [
                    2,
                    2
                  ]
                },
                "west": {
                  "uv": [
                    28,
                    30
                  ],
                  "uv_size": [
                    2,
                    4
                  ]
                }
              }
            }
          ],
          "name": "left_leg",
          "parent": "body",
          "pivot": [
            0.59549,
            7.77714,
            3
          ],
          "rotation": [
            5,
            0,
            10
          ]
        },
        {
          "cubes": [
            {
              "origin": [
                0.97372,
                12.64776,
                -2
              ],
              "pivot": [
                0.41128,
                15.79776,
                1.5
              ],
              "rotation": [
                0,
                0,
                -22.5
              ],
              "size": [
                4,
                4,
                6
              ],
              "uv": {
                "down": {
                  "uv": [
                    5,
                    23
                  ],
                  "uv_size": [
                    5,
                    -6
                  ]
                },
                "east": {
                  "uv": [
                    5,
                    23
                  ],
                  "uv_size": [
                    6,
                    4
                  ]
                },
                "north": {
                  "uv": [
                    15,
                    6
                  ],
                  "uv_size": [
                    4.5,
                    4
                  ]
                },
                "south": {
                  "uv": [
                    25,
                    6
                  ],
                  "uv_size": [
                    4.5,
                    4
                  ]
                },
                "up": {
                  "uv": [
                    15.5,
                    0
                  ],
                  "uv_size": [
                    4.5,
                    6
                  ]
                },
                "west": {
                  "uv": [
                    11,
                    23
                  ],
                  "uv_size": [
                    6,
                    4
                  ]
                }
              }
            },
            {
              "origin": [
                -0.12628,
                16.54776,
                0.95
              ],
              "pivot": [
                0.41128,
                15.79776,
                1.5
              ],
              "rotation": [
                0,
                0,
                -22.5
              ],
              "size": [
                5,
                1,
                0
              ],
              "uv": {
                "down": {
                  "uv": [
                    0,
                    0
                  ],
                  "uv_size": [
                    5,
                    0
                  ]
                },
                "east": {
                  "uv": [
                    0,
                    0
                  ],
                  "uv_size": [
                    0,
                    1
                  ]
                },
                "north": {
                  "uv": [
                    31,
                    20
                  ],
                  "uv_size": [
                    5,
                    1
                  ]
                },
                "south": {
                  "uv": [
                    0,
                    33
                  ],
                  "uv_size": [
                    5,
                    1
                  ]
                },
                "up": {
                  "uv": [
                    0,
                    0
                  ],
                  "uv_size": [
                    5,
                    0
                  ]
                },
                "west": {
                  "uv": [
                    0,
                    0
                  ],
                  "uv_size": [
                    0,
                    1
                  ]
                }
              }
            }
          ],
          "name": "neck",
          "parent": "body",
          "pivot": [
            0.16128,
            14.79776,
            0.75
          ]
        },
        {
          "cubes": [
            {
              "origin": [
                3.95,
                13.6,
                -2.5
              ],
              "size": [
                5,
                5,
                7
              ],
              "uv": {
                "down": {
                  "uv": [
                    0,
                    19
                  ],
                  "uv_size": [
                    5,
                    -7
                  ]
                },
                "east": {
                  "uv": [
                    8,
                    0
                  ],
                  "uv_size": [
                    7,
                    5
                  ]
                },
                "north": {
                  "uv": [
                    10,
                    18
                  ],
                  "uv_size": [
                    5,
                    5
                  ]
                },
                "south": {
                  "uv": [
                    15,
                    18
                  ],
                  "uv_size": [
                    5,
                    5
                  ]
                },
                "up": {
                  "uv": [
                    8,
                    10
                  ],
                  "uv_size": [
                    5,
                    7
                  ]
                },
                "west": {
                  "uv": [
                    8,
                    5
                  ],
                  "uv_size": [
                    7,
                    5
                  ]
                }
              }
            },
            {
              "origin": [
                3.92318,
                13.6,
                5.68425
              ],
              "pivot": [
                5.68136,
                16.1,
                5.8378
              ],
              "rotation": [
                0,
                22.5,
                0
              ],
              "size": [
                5,
                5,
                0
              ],
              "uv": {
                "down": {
                  "uv": [
                    0,
                    0
                  ],
                  "uv_size": [
                    5,
                    0
                  ]
                },
                "east": {
                  "uv": [
                    0,
                    0
                  ],
                  "uv_size": [
                    0,
                    5
                  ]
                },
                "north": {
                  "uv": [
                    0,
                    19
                  ],
                  "uv_size": [
                    5,
                    5
                  ]
                },
                "south": {
                  "uv": [
                    20,
                    0
                  ],
                  "uv_size": [
                    5,
                    5
                  ]
                },
                "up": {
                  "uv": [
                    0,
                    0
                  ],
                  "uv_size": [
                    5,
                    0
                  ]
                },
                "west": {
                  "uv": [
                    0,
                    0
                  ],
                  "uv_size": [
                    0,
                    5
                  ]
                }
              }
            },
            {
              "origin": [
                5.30256,
                19.96101,
                -2.12007
              ],
              "pivot": [
                6.10256,
                22.86101,
                -1.47007
              ],
              "rotation": [
                0,
                0,
                22.5
              ],
              "size": [
                5,
                0,
                2
              ],
              "uv": {
                "down": {
                  "uv": [
                    0,
                    24
                  ],
                  "uv_size": [
                    5,
                    -2
                  ]
                },
                "east": {
                  "uv": [
                    0,
                    0
                  ],
                  "uv_size": [
                    0,
                    5
                  ]
                },
                "north": {
                  "uv": [
                    0,
                    0
                  ],
                  "uv_size": [
                    4,
                    0
                  ]
                },
                "south": {
                  "uv": [
                    0,
                    0
                  ],
                  "uv_size": [
                    6,
                    0
                  ]
                },
                "up": {
                  "uv": [
                    0,
                    24
                  ],
                  "uv_size": [
                    5,
                    -2
                  ]
                },
                "west": {
                  "uv": [
                    0,
                    0
                  ],
                  "uv_size": [
                    0,
                    5
                  ]
                }
              }
            },
            {
              "origin": [
                5.10256,
                19.86101,
                2.42007
              ],
              "pivot": [
                6.10256,
                22.86101,
                1.47007
              ],
              "rotation": [
                0,
                0,
                22.5
              ],
              "size": [
                5,
                0,
                2
              ],
              "uv": {
                "down": {
                  "uv": [
                    0,
                    24
                  ],
                  "uv_size": [
                    5,
                    -3
                  ]
                },
                "east": {
                  "uv": [
                    0,
                    0
                  ],
                  "uv_size": [
                    0,
                    5
                  ]
                },
                "north": {
                  "uv": [
                    36.5,
                    42
                  ],
                  "uv_size": [
                    -3,
                    -4
                  ]
                },
                "south": {
                  "uv": [
                    7,
                    0
                  ],
                  "uv_size": [
                    -7,
                    0
                  ]
                },
                "up": {
                  "uv": [
                    5,
                    24
                  ],
                  "uv_size": [
                    -5,
                    -2
                  ]
                },
                "west": {
                  "uv": [
                    0,
                    0
                  ],
                  "uv_size": [
                    0,
                    5
                  ]
                }
              }
            },
            {
              "origin": [
                4.27318,
                13.6,
                -3.78425
              ],
              "pivot": [
                5.68136,
                16.1,
                -4.8378
              ],
              "rotation": [
                0,
                -22.5,
                0
              ],
              "size": [
                5,
                5,
                0
              ],
              "uv": {
                "down": {
                  "uv": [
                    0,
                    0
                  ],
                  "uv_size": [
                    5,
                    0
                  ]
                },
                "east": {
                  "uv": [
                    0,
                    0
                  ],
                  "uv_size": [
                    0,
                    5
                  ]
                },
                "north": {
                  "uv": [
                    20,
                    5
                  ],
                  "uv_size": [
                    5,
                    5
                  ]
                },
                "south": {
                  "uv": [
                    20,
                    18
                  ],
                  "uv_size": [
                    5,
                    5
                  ]
                },
                "up": {
                  "uv": [
                    0,
                    0
                  ],
                  "uv_size": [
                    5,
                    0
                  ]
                },
                "west": {
                  "uv": [
                    0,
                    0
                  ],
                  "uv_size": [
                    0,
                    5
                  ]
                }
              }
            }
          ],
          "name": "head",
          "parent": "neck",
          "pivot": [
            2.22091,
            16.1,
            1
          ]
        },
        {
          "cubes": [
            {
              "origin": [
                5.6,
                14.8,
                -0.4
              ],
              "size": [
                2,
                2,
                0
              ],
              "uv": {
                "down": {
                  "uv": [
                    64,
                    64
                  ],
                  "uv_size": [
                    -2,
                    0
                  ]
                },
                "east": {
                  "uv": [
                    64,
                    62
                  ],
                  "uv_size": [
                    0,
                    2
                  ]
                },
                "north": {
                  "uv": [
                    1,
                    39
                  ],
                  "uv_size": [
                    2,
                    2
                  ]
                },
                "south": {
                  "uv": [
                    53,
                    42
                  ],
                  "uv_size": [
                    2,
                    2
                  ]
                },
                "up": {
                  "uv": [
                    62,
                    41
                  ],
                  "uv_size": [
                    -2,
                    0
                  ]
                },
                "west": {
                  "uv": [
                    14,
                    61
                  ],
                  "uv_size": [
                    0,
                    2
                  ]
                }
              }
            }
          ],
          "name": "mouth_attack",
          "parent": "head",
          "pivot": [
            6.6,
            15.8,
            1
          ],
          "rotation": [
            0,
            -90,
            0
          ]
        }
      ],
      "description": {
        "identifier": "geometry.dancing_axolandl",
        "texture_height": 64,
        "texture_width": 64,
        "visible_bounds_height": 3.5,
        "visible_bounds_offset": [
          0,
          1.25,
          0
        ],
        "visible_bounds_width": 5
      }
    }
  ]
}