{
  "format_version": "1.12.0",
  "minecraft:geometry": [
    {
      "bones": [
        {
          "cubes": [
            {
              "origin": [
                -1,
                12,
                -1
              ],
              "size": [
                2,
                1,
                2
              ],
              "uv": {
                "down": {
                  "uv": [
                    23,
                    23
                  ],
                  "uv_size": [
                    2,
                    -2
                  ]
                },
                "east": {
                  "uv": [
                    6,
                    24
                  ],
                  "uv_size": [
                    2,
                    1
                  ]
                },
                "north": {
                  "uv": [
                    24,
                    5
                  ],
                  "uv_size": [
                    2,
                    1
                  ]
                },
                "south": {
                  "uv": [
                    24,
                    6
                  ],
                  "uv_size": [
                    2,
                    1
                  ]
                },
                "up": {
                  "uv": [
                    23,
                    19
                  ],
                  "uv_size": [
                    2,
                    2
                  ]
                },
                "west": {
                  "uv": [
                    24,
                    7
                  ],
                  "uv_size": [
                    2,
                    1
                  ]
                }
              }
            },
            {
              "origin": [
                -2,
                11,
                -2
              ],
              "size": [
                4,
                1,
                4
              ],
              "uv": {
                "down": {
                  "uv": [
                    12,
                    24
                  ],
                  "uv_size": [
                    4,
                    -4
                  ]
                },
                "east": {
                  "uv": [
                    21,
                    12
                  ],
                  "uv_size": [
                    4,
                    1
                  ]
                },
                "north": {
                  "uv": [
                    21,
                    11
                  ],
                  "uv_size": [
                    4,
                    1
                  ]
                },
                "south": {
                  "uv": [
                    22,
                    3
                  ],
                  "uv_size": [
                    4,
                    1
                  ]
                },
                "up": {
                  "uv": [
                    8,
                    20
                  ],
                  "uv_size": [
                    4,
                    4
                  ]
                },
                "west": {
                  "uv": [
                    22,
                    4
                  ],
                  "uv_size": [
                    4,
                    1
                  ]
                }
              }
            },
            {
              "origin": [
                -2.5,
                6.5,
                -2.5
              ],
              "size": [
                5,
                5,
                5
              ],
              "uv": {
                "down": {
                  "uv": [
                    17,
                    5
                  ],
                  "uv_size": [
                    5,
                    -5
                  ]
                },
                "east": {
                  "uv": [
                    5,
                    15
                  ],
                  "uv_size": [
                    5,
                    5
                  ]
                },
                "north": {
                  "uv": [
                    0,
                    15
                  ],
                  "uv_size": [
                    5,
                    5
                  ]
                },
                "south": {
                  "uv": [
                    10,
                    15
                  ],
                  "uv_size": [
                    5,
                    5
                  ]
                },
                "up": {
                  "uv": [
                    16,
                    8
                  ],
                  "uv_size": [
                    5,
                    5
                  ]
                },
                "west": {
                  "uv": [
                    15,
                    15
                  ],
                  "uv_size": [
                    5,
                    5
                  ]
                }
              }
            },
            {
              "origin": [
                -2.25,
                7.25,
                -2.6
              ],
              "size": [
                4.5,
                1,
                0
              ],
              "uv": {
                "down": {
                  "uv": [
                    0,
                    0
                  ],
                  "uv_size": [
                    17,
                    0
                  ]
                },
                "east": {
                  "uv": [
                    0,
                    0
                  ],
                  "uv_size": [
                    0,
                    4
                  ]
                },
                "north": {
                  "uv": [
                    0,
                    0
                  ],
                  "uv_size": [
                    17,
                    4
                  ]
                },
                "south": {
                  "uv": [
                    0,
                    4
                  ],
                  "uv_size": [
                    17,
                    4
                  ]
                },
                "up": {
                  "uv": [
                    0,
                    0
                  ],
                  "uv_size": [
                    17,
                    0
                  ]
                },
                "west": {
                  "uv": [
                    0,
                    0
                  ],
                  "uv_size": [
                    0,
                    4
                  ]
                }
              }
            }
          ],
          "name": "carrotpet",
          "pivot": [
            0,
            0,
            0
          ]
        },
        {
          "cubes": [
            {
              "origin": [
                -2,
                4,
                -2
              ],
              "size": [
                4,
                3,
                4
              ],
              "uv": {
                "down": {
                  "uv": [
                    4,
                    24
                  ],
                  "uv_size": [
                    4,
                    -4
                  ]
                },
                "east": {
                  "uv": [
                    20,
                    13
                  ],
                  "uv_size": [
                    4,
                    3
                  ]
                },
                "north": {
                  "uv": [
                    17,
                    5
                  ],
                  "uv_size": [
                    4,
                    3
                  ]
                },
                "south": {
                  "uv": [
                    16,
                    20
                  ],
                  "uv_size": [
                    4,
                    3
                  ]
                },
                "up": {
                  "uv": [
                    0,
                    20
                  ],
                  "uv_size": [
                    4,
                    4
                  ]
                },
                "west": {
                  "uv": [
                    20,
                    16
                  ],
                  "uv_size": [
                    4,
                    3
                  ]
                }
              }
            }
          ],
          "name": "bone",
          "parent": "carrotpet",
          "pivot": [
            0,
            6.58333,
            0
          ]
        },
        {
          "cubes": [
            {
              "origin": [
                -1.5,
                1,
                -1.5
              ],
              "size": [
                3,
                3,
                3
              ],
              "uv": {
                "down": {
                  "uv": [
                    16,
                    26
                  ],
                  "uv_size": [
                    3,
                    -3
                  ]
                },
                "east": {
                  "uv": [
                    21,
                    5
                  ],
                  "uv_size": [
                    3,
                    3
                  ]
                },
                "north": {
                  "uv": [
                    20,
                    19
                  ],
                  "uv_size": [
                    3,
                    3
                  ]
                },
                "south": {
                  "uv": [
                    21,
                    8
                  ],
                  "uv_size": [
                    3,
                    3
                  ]
                },
                "up": {
                  "uv": [
                    20,
                    22
                  ],
                  "uv_size": [
                    3,
                    3
                  ]
                },
                "west": {
                  "uv": [
                    22,
                    0
                  ],
                  "uv_size": [
                    3,
                    3
                  ]
                }
              }
            },
            {
              "origin": [
                -1,
                0,
                -1
              ],
              "size": [
                2,
                1,
                2
              ],
              "uv": {
                "down": {
                  "uv": [
                    18,
                    15
                  ],
                  "uv_size": [
                    2,
                    -2
                  ]
                },
                "east": {
                  "uv": [
                    0,
                    24
                  ],
                  "uv_size": [
                    2,
                    1
                  ]
                },
                "north": {
                  "uv": [
                    23,
                    23
                  ],
                  "uv_size": [
                    2,
                    1
                  ]
                },
                "south": {
                  "uv": [
                    2,
                    24
                  ],
                  "uv_size": [
                    2,
                    1
                  ]
                },
                "up": {
                  "uv": [
                    16,
                    13
                  ],
                  "uv_size": [
                    2,
                    2
                  ]
                },
                "west": {
                  "uv": [
                    4,
                    24
                  ],
                  "uv_size": [
                    2,
                    1
                  ]
                }
              }
            }
          ],
          "name": "bone2",
          "parent": "bone",
          "pivot": [
            0,
            4,
            0
          ]
        },
        {
          "cubes": [
            {
              "origin": [
                -4,
                13,
                0
              ],
              "size": [
                8,
                7,
                0
              ],
              "uv": {
                "down": {
                  "uv": [
                    0,
                    0
                  ],
                  "uv_size": [
                    8,
                    0
                  ]
                },
                "east": {
                  "uv": [
                    0,
                    0
                  ],
                  "uv_size": [
                    0,
                    7
                  ]
                },
                "north": {
                  "uv": [
                    0,
                    8
                  ],
                  "uv_size": [
                    8,
                    7
                  ]
                },
                "south": {
                  "uv": [
                    8,
                    8
                  ],
                  "uv_size": [
                    8,
                    7
                  ]
                },
                "up": {
                  "uv": [
                    0,
                    0
                  ],
                  "uv_size": [
                    8,
                    0
                  ]
                },
                "west": {
                  "uv": [
                    0,
                    0
                  ],
                  "uv_size": [
                    0,
                    7
                  ]
                }
              }
            }
          ],
          "name": "bone3",
          "parent": "carrotpet",
          "pivot": [
            0,
            13,
            0
          ]
        }
      ],
      "description": {
        "identifier": "geometry.cubecraft.golden_carrot",
        "texture_height": 32,
        "texture_width": 32,
        "visible_bounds_height": 2.5,
        "visible_bounds_offset": [
          0,
          0.75,
          0
        ],
        "visible_bounds_width": 2
      }
    }
  ]
}