{
  "format_version": "1.12.0",
  "minecraft:geometry": [
    {
      "bones": [
        {
          "name": "bone",
          "pivot": [
            0,
            38,
            0
          ]
        },
        {
          "cubes": [
            {
              "origin": [
                -4,
                26,
                -2
              ],
              "size": [
                8,
                12,
                4
              ],
              "uv": [
                32,
                16
              ]
            }
          ],
          "name": "Body",
          "parent": "bone",
          "pivot": [
            0,
            38,
            0
          ]
        },
        {
          "cubes": [
            {
              "origin": [
                1,
                -4,
                -1
              ],
              "size": [
                2,
                30,
                2
              ],
              "uv": [
                56,
                0
              ]
            }
          ],
          "mirror": true,
          "name": "LeftLeg",
          "parent": "Body",
          "pivot": [
            2,
            26,
            0
          ]
        },
        {
          "cubes": [
            {
              "origin": [
                -6,
                5,
                -3
              ],
              "size": [
                2,
                30,
                2
              ],
              "uv": [
                56,
                0
              ]
            }
          ],
          "name": "RightArm",
          "parent": "Body",
          "pivot": [
            -3,
            36,
            -2
          ],
          "rotation": [
            0,
            90,
            90
          ]
        },
        {
          "cubes": [
            {
              "origin": [
                4,
                7,
                -1
              ],
              "size": [
                2,
                30,
                2
              ],
              "uv": [
                56,
                0
              ]
            }
          ],
          "mirror": true,
          "name": "LeftArm",
          "parent": "Body",
          "pivot": [
            5,
            36,
            0
          ],
          "rotation": [
            0,
            0,
            -90
          ]
        },
        {
          "cubes": [
            {
              "origin": [
                -3,
                -4,
                -1
              ],
              "size": [
                2,
                30,
                2
              ],
              "uv": [
                56,
                0
              ]
            }
          ],
          "name": "RightLeg",
          "parent": "Body",
          "pivot": [
            -2,
            26,
            0
          ]
        },
        {
          "cubes": [
            {
              "inflate": -0.5,
              "origin": [
                -4,
                37,
                -4
              ],
              "size": [
                8,
                8,
                8
              ],
              "uv": [
                0,
                0
              ]
            }
          ],
          "name": "head",
          "parent": "bone",
          "pivot": [
            0,
            37,
            0
          ]
        }
      ],
      "description": {
        "identifier": "geometry.cubecraft.helicopter.enderman",
        "texture_height": 32,
        "texture_width": 64,
        "visible_bounds_height": 4.5,
        "visible_bounds_offset": [
          0,
          1.75,
          0
        ],
        "visible_bounds_width": 6
      }
    }
  ]
}