{
  "format_version": "1.12.0",
  "minecraft:geometry": [
    {
      "bones": [
        {
          "cubes": [
            {
              "origin": [
                -6,
                0.6,
                -6
              ],
              "size": [
                12,
                12,
                12
              ],
              "uv": {
                "down": {
                  "uv": [
                    11.9,
                    23.9
                  ],
                  "uv_size": [
                    -11.8,
                    -11.8
                  ]
                },
                "east": {
                  "uv": [
                    0.1,
                    12.1
                  ],
                  "uv_size": [
                    11.8,
                    11.8
                  ]
                },
                "north": {
                  "uv": [
                    0.1,
                    12.1
                  ],
                  "uv_size": [
                    11.8,
                    11.8
                  ]
                },
                "south": {
                  "uv": [
                    0.1,
                    12.1
                  ],
                  "uv_size": [
                    11.8,
                    11.8
                  ]
                },
                "up": {
                  "uv": [
                    11.9,
                    23.9
                  ],
                  "uv_size": [
                    -11.8,
                    -11.8
                  ]
                },
                "west": {
                  "uv": [
                    0.1,
                    12.1
                  ],
                  "uv_size": [
                    11.8,
                    11.8
                  ]
                }
              }
            },
            {
              "inflate": 0.2,
              "origin": [
                -6,
                0.6,
                -6
              ],
              "size": [
                12,
                12,
                12
              ],
              "uv": {
                "down": {
                  "uv": [
                    31.9,
                    19.9
                  ],
                  "uv_size": [
                    -14.8,
                    -15.8
                  ]
                },
                "east": {
                  "uv": [
                    17.1,
                    4.1
                  ],
                  "uv_size": [
                    14.8,
                    15.8
                  ]
                },
                "north": {
                  "uv": [
                    17.1,
                    4.1
                  ],
                  "uv_size": [
                    14.8,
                    15.8
                  ]
                },
                "south": {
                  "uv": [
                    17.1,
                    4.1
                  ],
                  "uv_size": [
                    14.8,
                    15.8
                  ]
                },
                "up": {
                  "uv": [
                    31.9,
                    19.9
                  ],
                  "uv_size": [
                    -14.8,
                    -15.8
                  ]
                },
                "west": {
                  "uv": [
                    17.1,
                    4.1
                  ],
                  "uv_size": [
                    14.8,
                    15.8
                  ]
                }
              }
            },
            {
              "inflate": 0.4,
              "origin": [
                -6,
                0.6,
                -6
              ],
              "size": [
                12,
                12,
                12
              ],
              "uv": {
                "down": {
                  "uv": [
                    11.9,
                    63.9
                  ],
                  "uv_size": [
                    -11.8,
                    -11.8
                  ]
                },
                "east": {
                  "uv": [
                    0.1,
                    52.1
                  ],
                  "uv_size": [
                    11.8,
                    11.8
                  ]
                },
                "north": {
                  "uv": [
                    0.1,
                    52.1
                  ],
                  "uv_size": [
                    11.8,
                    11.8
                  ]
                },
                "south": {
                  "uv": [
                    0.1,
                    52.1
                  ],
                  "uv_size": [
                    11.8,
                    11.8
                  ]
                },
                "up": {
                  "uv": [
                    11.9,
                    63.9
                  ],
                  "uv_size": [
                    -11.8,
                    -11.8
                  ]
                },
                "west": {
                  "uv": [
                    0.1,
                    52.1
                  ],
                  "uv_size": [
                    11.8,
                    11.8
                  ]
                }
              }
            },
            {
              "inflate": 0.6,
              "origin": [
                -6,
                0.6,
                -6
              ],
              "size": [
                12,
                12,
                12
              ],
              "uv": {
                "down": {
                  "uv": [
                    11.9,
                    51.9
                  ],
                  "uv_size": [
                    -11.8,
                    -11.8
                  ]
                },
                "east": {
                  "uv": [
                    0.1,
                    40.1
                  ],
                  "uv_size": [
                    11.8,
                    11.8
                  ]
                },
                "north": {
                  "uv": [
                    0.1,
                    40.1
                  ],
                  "uv_size": [
                    11.8,
                    11.8
                  ]
                },
                "south": {
                  "uv": [
                    0.1,
                    40.1
                  ],
                  "uv_size": [
                    11.8,
                    11.8
                  ]
                },
                "up": {
                  "uv": [
                    11.9,
                    51.9
                  ],
                  "uv_size": [
                    -11.8,
                    -11.8
                  ]
                },
                "west": {
                  "uv": [
                    0.1,
                    40.1
                  ],
                  "uv_size": [
                    11.8,
                    11.8
                  ]
                }
              }
            }
          ],
          "name": "luckyblock",
          "pivot": [
            0,
            7.6,
            0
          ]
        }
      ],
      "description": {
        "identifier": "geometry.cubecraft.luckyislands.luckyblock",
        "texture_height": 64,
        "texture_width": 64,
        "visible_bounds_height": 4,
        "visible_bounds_offset": [
          0,
          1,
          0
        ],
        "visible_bounds_width": 2
      }
    }
  ]
}