{
  "animations": {
    "animation.shoes.giantworm": {
      "animation_length": 1.64,
      "bones": {
        "2nd": {
          "scale": {
            "0.12": [
              1,
              1,
              1
            ],
            "0.4": [
              1.1,
              1.1,
              1.1
            ],
            "0.68": [
              1.1,
              1.1,
              1.1
            ],
            "0.96": [
              1,
              1,
              1
            ]
          }
        },
        "3rd": {
          "scale": {
            "0.2": [
              1,
              1,
              1
            ],
            "0.48": [
              1.1,
              1.1,
              1.1
            ],
            "0.76": [
              1.1055,
              1.1055,
              1.1055
            ],
            "0.8": [
              1.1,
              1.1,
              1.1
            ],
            "1.04": [
              1.0099,
              1.0099,
              1.0099
            ],
            "1.08": [
              1,
              1,
              1
            ]
          }
        },
        "4th": {
          "scale": {
            "0.4": [
              1,
              1,
              1
            ],
            "0.68": [
              1.0916,
              1.0916,
              1.0916
            ],
            "0.72": [
              1.1,
              1.1,
              1.1
            ],
            "0.96": [
              1.1094,
              1.1094,
              1.1094
            ],
            "1.04": [
              1.1,
              1.1,
              1.1
            ],
            "1.24": [
              1.0431,
              1.0431,
              1.0431
            ],
            "1.4": [
              1,
              1,
              1
            ]
          }
        },
        "5th": {
          "scale": {
            "0.6": [
              1,
              1,
              1
            ],
            "0.84": [
              1.1,
              1.1,
              1.1
            ],
            "0.88": [
              1.1069,
              1.1069,
              1.1069
            ],
            "1.08": [
              1.1,
              1.1,
              1.1
            ],
            "1.16": [
              1.0704,
              1.0704,
              1.0704
            ],
            "1.32": [
              1,
              1,
              1
            ]
          }
        },
        "6th": {
          "scale": {
            "0.8": [
              1,
              1,
              1
            ],
            "1.08": [
              1.1,
              1.1,
              1.1
            ],
            "1.36": [
              1.1,
              1.1,
              1.1
            ],
            "1.64": [
              1,
              1,
              1
            ]
          }
        },
        "top_most": {
          "scale": {
            "0.0": [
              1,
              1,
              1
            ],
            "0.28": [
              1.1,
              1.1,
              1.1
            ],
            "0.56": [
              1.1,
              1.1,
              1.1
            ],
            "0.8": [
              1,
              1,
              1
            ]
          }
        }
      },
      "loop": true
    }
  },
  "format_version": "1.8.0"
}