{
  "dynamic_form": {
    "controls": [
      {
        "big_button_and_scrolling_stack": {
          "anchor_from": "top_left",
          "anchor_to": "top_left",
          "controls": [
            {
              "big_button@cubecraft_common.cube_button_factory": {
                "$button_font_scale_factor": 0.9,
                "$button_font_size": "extra_large",
                "$button_to_show": "big_button",
                "$default_focus_precedence": 10,
                "$focus_id": "form_button_big",
                "$panel_max_size": [
                  182,
                  182
                ],
                "$panel_size": [
                  "100% - 6px",
                  "100% - 6px"
                ],
                "anchor_from": "top_left",
                "anchor_to": "top_left",
                "bindings": [
                  {
                    "binding_condition": "once",
                    "binding_name": "#form_button_length",
                    "binding_name_override": "#collection_length"
                  },
                  {
                    "binding_type": "view",
                    "source_property_name": "(not ((#title_text - '&big_button') = #title_text))",
                    "target_property_name": "#visible"
                  }
                ],
                "size": [
                  "100%",
                  "100%x"
                ]
              }
            },
            {
              "stack_wrapper@cubecraft_dynamic_form.stack_wrapper": {
                "size": [
                  "100%",
                  "100%"
                ]
              }
            }
          ],
          "orientation": "horizontal",
          "size": [
            "50%",
            "100%"
          ],
          "type": "stack_panel"
        }
      },
      {
        "grid_wrapper@cubecraft_dynamic_form.grid_wrapper": {
          "size": [
            "100%",
            "100%"
          ]
        }
      }
    ],
    "type": "panel"
  },
  "dynamic_grid_content": {
    "controls": [
      {
        "above_grid_textbox@cubecraft_common.selective_content_textbox": {
          "$image_offset": [
            -2,
            0
          ],
          "$text_offset": [
            -1,
            0
          ],
          "$textbox_binding": "(not (#form_text = '') and not ((#title_text - '&grid_text') = #title_text))"
        }
      },
      {
        "grid_content": {
          "$button_to_show": "grid_tile",
          "bindings": [
            {
              "binding_name": "#form_button_length",
              "binding_name_override": "#maximum_grid_items"
            }
          ],
          "collection_name": "form_buttons",
          "grid_fill_direction": "horizontal",
          "grid_item_template": "cubecraft_dynamic_form.dynamic_grid_item",
          "grid_rescaling_type": "horizontal",
          "size": [
            "100% - 4px",
            "100%c"
          ],
          "type": "grid"
        }
      }
    ],
    "orientation": "vertical",
    "size": [
      "100%",
      "100%c"
    ],
    "type": "stack_panel"
  },
  "dynamic_grid_item": {
    "$panel_size": [
      "100% - 4px",
      "100% - 4px"
    ],
    "bindings": [
      {
        "binding_collection_name": "form_buttons",
        "binding_type": "collection_details"
      }
    ],
    "controls": [
      {
        "button@cubecraft_common.cube_selective_button_panel": {
          "$default_focus_precedence": 10,
          "$focus_id": "form_button_grid_tile",
          "$hover_text_optional": true,
          "$use_selective_button_border": true,
          "bindings": [
            {
              "binding_collection_name": "form_buttons",
              "binding_condition": "once",
              "binding_name": "(not ((#form_button_text - $button_to_show) = #form_button_text))",
              "binding_name_override": "#visible",
              "binding_type": "collection"
            }
          ]
        }
      }
    ],
    "max_size": [
      91,
      91
    ],
    "min_size": [
      42,
      42
    ],
    "size": [
      "25% - 1px",
      "100%x"
    ],
    "type": "panel"
  },
  "dynamic_rect_wrapper": {
    "$panel_anchor": "left_middle",
    "$panel_size": [
      "100%sm",
      "100%sm"
    ],
    "controls": [
      {
        "button@cubecraft_common.cube_selective_button_panel": {
          "$button_font_scale_factor": 0.7,
          "$button_font_size": "large",
          "$button_offset": [
            2,
            0
          ],
          "$button_size": [
            "100% - 2px",
            "100% - 8px"
          ],
          "$button_to_show": "rect_button",
          "$default_focus_precedence": 10,
          "$focus_id": "form_button_rect",
          "$gradient_offset": [
            2,
            -2
          ],
          "$gradient_size_default": [
            "default",
            "100%sm + 6px"
          ],
          "$gradient_size_hover": [
            "default",
            "100%sm"
          ],
          "$image_offset": [
            2,
            0
          ],
          "$image_size": [
            "100%",
            "100% - 8px"
          ],
          "$use_selective_button_border": true,
          "min_size": [
            "100% - 34px",
            46
          ]
        }
      },
      {
        "thick_rect_padding": {
          "bindings": [
            {
              "binding_collection_name": "form_buttons",
              "binding_condition": "once",
              "binding_name": "(not ((#form_button_text - '§t§r') = #form_button_text))",
              "binding_name_override": "#visible",
              "binding_type": "collection"
            }
          ],
          "size": [
            "100%",
            "50%x"
          ],
          "type": "panel"
        }
      },
      {
        "slim_long_rect_padding": {
          "bindings": [
            {
              "binding_collection_name": "form_buttons",
              "binding_condition": "once",
              "binding_name": "(not ((#form_button_text - '§w§r') = #form_button_text) and ((#form_button_text - 'grid_tile') = #form_button_text))",
              "binding_name_override": "#visible",
              "binding_type": "collection"
            }
          ],
          "size": "@cubecraft_dynamic_form.selected_category_size_anim",
          "type": "panel"
        }
      }
    ],
    "size": [
      "100% - 34px",
      "100%cm"
    ],
    "type": "panel"
  },
  "dynamic_stacked_content@cubecraft_common.cube_button_factory": {
    "factory": {
      "control_name": "cubecraft_dynamic_form.dynamic_rect_wrapper",
      "name": "cubecraft_buttons"
    },
    "size": [
      "100%",
      "100%c"
    ]
  },
  "grid_wrapper": {
    "controls": [
      {
        "left_of_grid_textbox@cubecraft_common.selective_content_textbox": {
          "$image_offset": [
            -3,
            -1
          ],
          "$image_size": [
            "100% - 2px",
            "100%sm + 12px"
          ],
          "$text_offset": [
            -2,
            -1
          ],
          "$text_size": [
            "100% - 14px",
            "default"
          ],
          "$textbox_binding": "(not (#form_text = '') and not ((#title_text - '&side_text') = #title_text))",
          "size": [
            "25%",
            "100%cm + 4px"
          ]
        }
      },
      {
        "padding": {
          "bindings": [
            {
              "binding_condition": "once",
              "binding_name": "(not ((#title_text - '&small_grid') = #title_text))",
              "binding_name_override": "#visible"
            }
          ],
          "size": [
            "50%",
            "100%"
          ],
          "type": "panel"
        }
      },
      {
        "grid_scrolling_panel_wrapper": {
          "controls": [
            {
              "grid_scrolling_panel@cubecraft_scroll.scrolling_panel": {
                "$scroll_bar_right_padding_size": [
                  6,
                  0
                ],
                "$scroll_bar_side": "right",
                "$scroll_size": [
                  12,
                  "100%"
                ],
                "$scrolling_content": "cubecraft_dynamic_form.dynamic_grid_content",
                "$scrolling_pane_offset": [
                  6,
                  -1
                ],
                "$scrolling_pane_size": [
                  "100% + 16px",
                  "100%"
                ],
                "$show_background": false
              }
            },
            {
              "rounded_box@cubecraft_common.rounded_box_dark": {
                "anchor_from": "top_left",
                "anchor_to": "top_left",
                "bindings": [
                  {
                    "binding_type": "view",
                    "source_property_name": "(not ((#title_text - '&small_grid') = #title_text))",
                    "target_property_name": "#visible"
                  }
                ],
                "offset": [
                  -3,
                  -2
                ],
                "size": [
                  "100%",
                  "100% + 2px"
                ]
              }
            }
          ],
          "size": [
            "fill",
            "100% - 16px"
          ],
          "type": "panel"
        }
      }
    ],
    "orientation": "horizontal",
    "type": "stack_panel"
  },
  "namespace": "cubecraft_dynamic_form",
  "selected_category_size_anim": {
    "anim_type": "size",
    "duration": 0.5,
    "easing": "in_quart",
    "from": [
      "100% - 34px",
      46
    ],
    "to": [
      "100%",
      46
    ]
  },
  "stack_wrapper": {
    "controls": [
      {
        "above_stack_textbox@cubecraft_common.selective_content_textbox": {
          "$image_anchor": "top_middle",
          "$image_offset": [
            -4,
            1
          ],
          "$image_size": [
            "100% - 6px",
            "100% - 4px"
          ],
          "$text_anchor": "top_middle",
          "$text_offset": [
            -3,
            6
          ],
          "$text_size": [
            "100% - 18px",
            "default"
          ],
          "$textbox_binding": "(not (#form_text = '') and not ((#title_text - '&stack_text') = #title_text))",
          "size": [
            "100% - 2px",
            "50%x - 3px"
          ]
        }
      },
      {
        "stack_scrolling_panel@cubecraft_scroll.scrolling_panel": {
          "$scroll_bar_right_padding_size": [
            0,
            0
          ],
          "$scroll_bar_side": "left",
          "$scroll_size": [
            12,
            "100%"
          ],
          "$scrolling_content": "cubecraft_dynamic_form.dynamic_stacked_content",
          "$scrolling_pane_offset": [
            3,
            -9
          ],
          "$scrolling_pane_size": [
            "100% + 38px",
            "100% - 16px"
          ],
          "$show_background": false
        }
      }
    ],
    "type": "stack_panel"
  }
}