{"format_version":"1.8.0","render_controllers":{"controller.render.alphabet":{"arrays":{"textures":{"Array.skins":["Texture.aqua","Texture.black","Texture.blue","Texture.darkaqua","Texture.darkblue","Texture.darkgray","Texture.darkgreen","Texture.darkpurple","Texture.darkred","Texture.gold","Texture.gray","Texture.green","Texture.lightpurple","Texture.red","Texture.white","Texture.yellow"]}},"geometry":"Geometry.default","materials":[{"*":"Material.default"}],"textures":["Array.skins[query.variant]"]}}}