{
  "format_version": "1.8.0",
  "minecraft:client_entity": {
    "description": {
      "animation_controllers": [
        {
          "general": "controller.animation.chestskin.openable"
        }
      ],
      "animations": {
        "close": "animation.chestskin.jackinthebox.close",
        "default": "animation.chestskin.jackinthebox.default",
        "open": "animation.chestskin.jackinthebox.open"
      },
      "geometry": {
        "default": "geometry.cubecraft.chestskin.jackinthebox"
      },
      "identifier": "cubecraft:chestskin_jackinthebox",
      "materials": {
        "default": "entity_alphatest"
      },
      "render_controllers": [
        "controller.render.agent"
      ],
      "textures": {
        "default": "textures/cc/chestskin/jackinthebox"
      }
    }
  }
}