{
  "format_version": "1.8.0",
  "minecraft:client_entity": {
    "description": {
      "animation_controllers": [
        {
          "general": "controller.animation.chestskin.openable"
        }
      ],
      "animations": {
        "close": "animation.cubecraft.chestskin.mini_fridge.close",
        "default": "placeholder",
        "open": "animation.cubecraft.chestskin.mini_fridge.open"
      },
      "geometry": {
        "default": "geometry.cubecraft.chestskin.mini_fridge"
      },
      "identifier": "cubecraft:chestskin_minifridge",
      "materials": {
        "default": "entity_alphatest"
      },
      "render_controllers": [
        "controller.render.agent"
      ],
      "textures": {
        "default": "textures/cc/chestskin/mini_fridge"
      }
    }
  }
}