{
  "format_version": "1.12.0",
  "minecraft:geometry": [
    {
      "bones": [
        {
          "name": "bigcat",
          "pivot": [
            0,
            0,
            0
          ]
        },
        {
          "cubes": [
            {
              "origin": [
                -27,
                1,
                27
              ],
              "size": [
                54,
                41,
                22
              ],
              "uv": {
                "down": {
                  "uv": [
                    54,
                    92
                  ],
                  "uv_size": [
                    54,
                    -22
                  ]
                },
                "east": {
                  "uv": [
                    96,
                    92
                  ],
                  "uv_size": [
                    22,
                    41
                  ]
                },
                "north": {
                  "uv": [
                    0,
                    0
                  ],
                  "uv_size": [
                    54,
                    41
                  ]
                },
                "south": {
                  "uv": [
                    0,
                    41
                  ],
                  "uv_size": [
                    54,
                    41
                  ]
                },
                "up": {
                  "uv": [
                    54,
                    48
                  ],
                  "uv_size": [
                    54,
                    22
                  ]
                },
                "west": {
                  "uv": [
                    0,
                    105
                  ],
                  "uv_size": [
                    22,
                    41
                  ]
                }
              }
            },
            {
              "origin": [
                -26,
                23,
                29
              ],
              "size": [
                52,
                16,
                0
              ],
              "uv": {
                "down": {
                  "uv": [
                    0,
                    0
                  ],
                  "uv_size": [
                    42,
                    0
                  ]
                },
                "east": {
                  "uv": [
                    0,
                    0
                  ],
                  "uv_size": [
                    0,
                    16
                  ]
                },
                "north": {
                  "uv": [
                    108,
                    0
                  ],
                  "uv_size": [
                    52,
                    16
                  ]
                },
                "south": {
                  "uv": [
                    108,
                    16
                  ],
                  "uv_size": [
                    42,
                    16
                  ]
                },
                "up": {
                  "uv": [
                    0,
                    0
                  ],
                  "uv_size": [
                    42,
                    0
                  ]
                },
                "west": {
                  "uv": [
                    0,
                    0
                  ],
                  "uv_size": [
                    0,
                    16
                  ]
                }
              }
            },
            {
              "origin": [
                -24,
                1,
                21
              ],
              "size": [
                48,
                23,
                6
              ],
              "uv": {
                "down": {
                  "uv": [
                    108,
                    65
                  ],
                  "uv_size": [
                    48,
                    -6
                  ]
                },
                "east": {
                  "uv": [
                    85,
                    115
                  ],
                  "uv_size": [
                    6,
                    23
                  ]
                },
                "north": {
                  "uv": [
                    0,
                    82
                  ],
                  "uv_size": [
                    48,
                    23
                  ]
                },
                "south": {
                  "uv": [
                    48,
                    92
                  ],
                  "uv_size": [
                    48,
                    23
                  ]
                },
                "up": {
                  "uv": [
                    108,
                    53
                  ],
                  "uv_size": [
                    48,
                    6
                  ]
                },
                "west": {
                  "uv": [
                    118,
                    107
                  ],
                  "uv_size": [
                    6,
                    23
                  ]
                }
              }
            },
            {
              "origin": [
                -27,
                42,
                38
              ],
              "size": [
                54,
                24,
                0.1
              ],
              "uv": {
                "down": {
                  "uv": [
                    15,
                    170
                  ],
                  "uv_size": [
                    54,
                    0
                  ]
                },
                "east": {
                  "uv": [
                    15,
                    170
                  ],
                  "uv_size": [
                    0,
                    24
                  ]
                },
                "north": {
                  "uv": [
                    54,
                    0
                  ],
                  "uv_size": [
                    54,
                    24
                  ]
                },
                "south": {
                  "uv": [
                    54,
                    24
                  ],
                  "uv_size": [
                    54,
                    24
                  ]
                },
                "up": {
                  "uv": [
                    15,
                    170
                  ],
                  "uv_size": [
                    54,
                    0
                  ]
                },
                "west": {
                  "uv": [
                    15,
                    170
                  ],
                  "uv_size": [
                    0,
                    24
                  ]
                }
              }
            }
          ],
          "name": "head",
          "parent": "bigcat",
          "pivot": [
            0,
            27.75,
            29.33333
          ]
        },
        {
          "name": "eyes",
          "parent": "head",
          "pivot": [
            10,
            5,
            -15
          ]
        },
        {
          "cubes": [
            {
              "origin": [
                31,
                0,
                -10
              ],
              "size": [
                21,
                12,
                21
              ],
              "uv": {
                "down": {
                  "uv": [
                    108,
                    53
                  ],
                  "uv_size": [
                    21,
                    -21
                  ]
                },
                "east": {
                  "uv": [
                    108,
                    77
                  ],
                  "uv_size": [
                    21,
                    12
                  ]
                },
                "north": {
                  "uv": [
                    108,
                    65
                  ],
                  "uv_size": [
                    21,
                    12
                  ]
                },
                "south": {
                  "uv": [
                    43,
                    115
                  ],
                  "uv_size": [
                    21,
                    12
                  ]
                },
                "up": {
                  "uv": [
                    22,
                    105
                  ],
                  "uv_size": [
                    21,
                    21
                  ]
                },
                "west": {
                  "uv": [
                    64,
                    115
                  ],
                  "uv_size": [
                    21,
                    12
                  ]
                }
              }
            }
          ],
          "name": "paw2",
          "parent": "bigcat",
          "pivot": [
            41,
            4.5,
            21.5
          ]
        },
        {
          "cubes": [
            {
              "origin": [
                -52,
                0,
                -10
              ],
              "size": [
                21,
                12,
                21
              ],
              "uv": {
                "down": {
                  "uv": [
                    108,
                    53
                  ],
                  "uv_size": [
                    21,
                    -21
                  ]
                },
                "east": {
                  "uv": [
                    108,
                    77
                  ],
                  "uv_size": [
                    21,
                    12
                  ]
                },
                "north": {
                  "uv": [
                    108,
                    65
                  ],
                  "uv_size": [
                    21,
                    12
                  ]
                },
                "south": {
                  "uv": [
                    43,
                    115
                  ],
                  "uv_size": [
                    21,
                    12
                  ]
                },
                "up": {
                  "uv": [
                    22,
                    105
                  ],
                  "uv_size": [
                    21,
                    21
                  ]
                },
                "west": {
                  "uv": [
                    64,
                    115
                  ],
                  "uv_size": [
                    21,
                    12
                  ]
                }
              }
            }
          ],
          "name": "paw1",
          "parent": "bigcat",
          "pivot": [
            -42,
            4.5,
            21.5
          ]
        }
      ],
      "description": {
        "identifier": "geometry.cubecraft.minerware.bigcat",
        "texture_height": 256,
        "texture_width": 256,
        "visible_bounds_height": 5.5,
        "visible_bounds_offset": [
          0,
          2.25,
          0
        ],
        "visible_bounds_width": 9
      }
    }
  ]
}