{
  "format_version": "1.12.0",
  "minecraft:geometry": [
    {
      "bones": [
        {
          "name": "butterfly",
          "pivot": [
            0,
            0,
            0
          ]
        },
        {
          "cubes": [
            {
              "origin": [
                0,
                0,
                -3
              ],
              "size": [
                4,
                0,
                6
              ],
              "uv": {
                "down": {
                  "uv": [
                    4,
                    6
                  ],
                  "uv_size": [
                    4,
                    -6
                  ]
                },
                "east": {
                  "uv": [
                    0,
                    0
                  ],
                  "uv_size": [
                    6,
                    0
                  ]
                },
                "north": {
                  "uv": [
                    0,
                    0
                  ],
                  "uv_size": [
                    4,
                    0
                  ]
                },
                "south": {
                  "uv": [
                    0,
                    0
                  ],
                  "uv_size": [
                    4,
                    0
                  ]
                },
                "up": {
                  "uv": [
                    0,
                    0
                  ],
                  "uv_size": [
                    4,
                    6
                  ]
                },
                "west": {
                  "uv": [
                    0,
                    0
                  ],
                  "uv_size": [
                    6,
                    0
                  ]
                }
              }
            }
          ],
          "name": "wing1",
          "parent": "butterfly",
          "pivot": [
            0,
            0,
            0
          ]
        },
        {
          "cubes": [
            {
              "origin": [
                -4,
                0,
                -3
              ],
              "size": [
                4,
                0,
                6
              ],
              "uv": {
                "down": {
                  "uv": [
                    8,
                    6
                  ],
                  "uv_size": [
                    -4,
                    -6
                  ]
                },
                "east": {
                  "uv": [
                    6,
                    0
                  ],
                  "uv_size": [
                    -6,
                    0
                  ]
                },
                "north": {
                  "uv": [
                    4,
                    0
                  ],
                  "uv_size": [
                    -4,
                    0
                  ]
                },
                "south": {
                  "uv": [
                    4,
                    0
                  ],
                  "uv_size": [
                    -4,
                    0
                  ]
                },
                "up": {
                  "uv": [
                    4,
                    0
                  ],
                  "uv_size": [
                    -4,
                    6
                  ]
                },
                "west": {
                  "uv": [
                    6,
                    0
                  ],
                  "uv_size": [
                    -6,
                    0
                  ]
                }
              }
            }
          ],
          "name": "wing2",
          "parent": "butterfly",
          "pivot": [
            0,
            0,
            0
          ]
        }
      ],
      "description": {
        "identifier": "geometry.cubecraft.minerware.butterfly",
        "texture_height": 8,
        "texture_width": 8,
        "visible_bounds_height": 1.5,
        "visible_bounds_offset": [
          0,
          0.25,
          0
        ],
        "visible_bounds_width": 2
      }
    }
  ]
}