{
  "format_version": "1.12.0",
  "minecraft:geometry": [
    {
      "bones": [
        {
          "cubes": [
            {
              "origin": [
                -5,
                5,
                -1.05
              ],
              "size": [
                10,
                10,
                2.1
              ],
              "uv": {
                "down": {
                  "uv": [
                    20.4,
                    4
                  ],
                  "uv_size": [
                    9.3,
                    -2
                  ]
                },
                "east": {
                  "uv": [
                    29,
                    8.3
                  ],
                  "uv_size": [
                    2,
                    9.3
                  ]
                },
                "north": {
                  "uv": [
                    1.7,
                    16.6
                  ],
                  "uv_size": [
                    11.7,
                    11.7
                  ]
                },
                "south": {
                  "uv": [
                    1.7,
                    1.6
                  ],
                  "uv_size": [
                    11.7,
                    11.6
                  ]
                },
                "up": {
                  "uv": [
                    20.35,
                    2
                  ],
                  "uv_size": [
                    9.2,
                    2
                  ]
                },
                "west": {
                  "uv": [
                    29,
                    8.35
                  ],
                  "uv_size": [
                    2,
                    9.3
                  ]
                }
              }
            }
          ],
          "name": "root",
          "pivot": [
            0,
            0,
            0
          ]
        },
        {
          "cubes": [
            {
              "origin": [
                -1.5,
                5,
                -5.57107
              ],
              "pivot": [
                0,
                10,
                -0.5
              ],
              "rotation": [
                45,
                0,
                0
              ],
              "size": [
                2,
                10,
                10.14214
              ],
              "uv": {
                "down": {
                  "uv": [
                    29,
                    18
                  ],
                  "uv_size": [
                    2,
                    -10
                  ]
                },
                "east": {
                  "uv": [
                    22,
                    21
                  ],
                  "uv_size": [
                    10,
                    10
                  ]
                },
                "north": {
                  "uv": [
                    29,
                    8
                  ],
                  "uv_size": [
                    2,
                    10
                  ]
                },
                "south": {
                  "uv": [
                    29,
                    8
                  ],
                  "uv_size": [
                    2,
                    10
                  ]
                },
                "up": {
                  "uv": [
                    29,
                    8
                  ],
                  "uv_size": [
                    2,
                    10
                  ]
                },
                "west": {
                  "uv": [
                    22,
                    21
                  ],
                  "uv_size": [
                    10,
                    10
                  ]
                }
              }
            }
          ],
          "name": "coinsides",
          "parent": "root",
          "pivot": [
            0,
            10,
            -0.5
          ],
          "rotation": [
            0,
            90,
            0
          ]
        }
      ],
      "description": {
        "identifier": "geometry.cubecraft.minerware.coin",
        "texture_height": 32,
        "texture_width": 32,
        "visible_bounds_height": 2.5,
        "visible_bounds_offset": [
          0,
          0.75,
          0
        ],
        "visible_bounds_width": 2
      }
    }
  ]
}