{
  "format_version": "1.12.0",
  "minecraft:geometry": [
    {
      "bones": [
        {
          "cubes": [
            {
              "origin": [
                -16,
                7,
                -16
              ],
              "size": [
                32,
                2,
                32
              ],
              "uv": {
                "down": {
                  "uv": [
                    29,
                    29
                  ],
                  "uv_size": [
                    -29,
                    -29
                  ]
                },
                "east": {
                  "uv": [
                    0,
                    30
                  ],
                  "uv_size": [
                    12,
                    2
                  ]
                },
                "north": {
                  "uv": [
                    0,
                    30
                  ],
                  "uv_size": [
                    29,
                    2
                  ]
                },
                "south": {
                  "uv": [
                    0,
                    30
                  ],
                  "uv_size": [
                    12,
                    2
                  ]
                },
                "up": {
                  "uv": [
                    31,
                    31
                  ],
                  "uv_size": [
                    1,
                    1
                  ]
                },
                "west": {
                  "uv": [
                    0,
                    30
                  ],
                  "uv_size": [
                    12,
                    2
                  ]
                }
              }
            }
          ],
          "name": "log",
          "pivot": [
            0,
            0,
            0
          ]
        }
      ],
      "description": {
        "identifier": "geometry.cubecraft.minerware.crosstheroad_log",
        "texture_height": 32,
        "texture_width": 32,
        "visible_bounds_height": 3,
        "visible_bounds_offset": [
          0,
          0.5,
          0
        ],
        "visible_bounds_width": 3
      }
    }
  ]
}