{
  "format_version": "1.12.0",
  "minecraft:geometry": [
    {
      "bones": [
        {
          "name": "head",
          "pivot": [
            0,
            0,
            0
          ]
        },
        {
          "cubes": [
            {
              "origin": [
                -10.0701,
                13.39084,
                -3.45649
              ],
              "size": [
                20,
                8,
                9
              ],
              "uv": {
                "down": {
                  "uv": [
                    67,
                    9
                  ],
                  "uv_size": [
                    20,
                    -9
                  ]
                },
                "east": {
                  "uv": [
                    87,
                    0
                  ],
                  "uv_size": [
                    9,
                    8
                  ]
                },
                "north": {
                  "uv": [
                    65,
                    69
                  ],
                  "uv_size": [
                    20,
                    8
                  ]
                },
                "south": {
                  "uv": [
                    20,
                    76
                  ],
                  "uv_size": [
                    20,
                    8
                  ]
                },
                "up": {
                  "uv": [
                    65,
                    60
                  ],
                  "uv_size": [
                    20,
                    9
                  ]
                },
                "west": {
                  "uv": [
                    87,
                    8
                  ],
                  "uv_size": [
                    9,
                    8
                  ]
                }
              }
            },
            {
              "origin": [
                -11.0701,
                3.39084,
                -15.45649
              ],
              "size": [
                22,
                10,
                31
              ],
              "uv": {
                "down": {
                  "uv": [
                    22,
                    31
                  ],
                  "uv_size": [
                    22,
                    -31
                  ]
                },
                "east": {
                  "uv": [
                    0,
                    31
                  ],
                  "uv_size": [
                    31,
                    10
                  ]
                },
                "north": {
                  "uv": [
                    0,
                    41
                  ],
                  "uv_size": [
                    22,
                    10
                  ]
                },
                "south": {
                  "uv": [
                    22,
                    41
                  ],
                  "uv_size": [
                    22,
                    10
                  ]
                },
                "up": {
                  "uv": [
                    0,
                    0
                  ],
                  "uv_size": [
                    22,
                    31
                  ]
                },
                "west": {
                  "uv": [
                    31,
                    31
                  ],
                  "uv_size": [
                    31,
                    10
                  ]
                }
              }
            },
            {
              "origin": [
                9.9299,
                13.39084,
                -7.45649
              ],
              "pivot": [
                9.9299,
                13.39084,
                -7.45649
              ],
              "rotation": [
                0,
                -20,
                0
              ],
              "size": [
                4,
                3,
                0
              ],
              "uv": {
                "down": {
                  "uv": [
                    0,
                    0
                  ],
                  "uv_size": [
                    4,
                    0
                  ]
                },
                "east": {
                  "uv": [
                    0,
                    0
                  ],
                  "uv_size": [
                    0,
                    3
                  ]
                },
                "north": {
                  "uv": [
                    20,
                    73
                  ],
                  "uv_size": [
                    4,
                    3
                  ]
                },
                "south": {
                  "uv": [
                    89,
                    20
                  ],
                  "uv_size": [
                    4,
                    3
                  ]
                },
                "up": {
                  "uv": [
                    0,
                    0
                  ],
                  "uv_size": [
                    4,
                    0
                  ]
                },
                "west": {
                  "uv": [
                    0,
                    0
                  ],
                  "uv_size": [
                    0,
                    3
                  ]
                }
              }
            },
            {
              "origin": [
                -14.0701,
                13.39084,
                -7.45649
              ],
              "pivot": [
                -10.0701,
                13.39084,
                -7.45649
              ],
              "rotation": [
                0,
                20,
                0
              ],
              "size": [
                4,
                3,
                0
              ],
              "uv": {
                "down": {
                  "uv": [
                    4,
                    0
                  ],
                  "uv_size": [
                    -4,
                    0
                  ]
                },
                "east": {
                  "uv": [
                    0,
                    0
                  ],
                  "uv_size": [
                    0,
                    3
                  ]
                },
                "north": {
                  "uv": [
                    24,
                    73
                  ],
                  "uv_size": [
                    -4,
                    3
                  ]
                },
                "south": {
                  "uv": [
                    93,
                    20
                  ],
                  "uv_size": [
                    -4,
                    3
                  ]
                },
                "up": {
                  "uv": [
                    4,
                    0
                  ],
                  "uv_size": [
                    -4,
                    0
                  ]
                },
                "west": {
                  "uv": [
                    0,
                    0
                  ],
                  "uv_size": [
                    0,
                    3
                  ]
                }
              }
            },
            {
              "origin": [
                -11.5701,
                2.44084,
                -15.95649
              ],
              "size": [
                23,
                3,
                2
              ],
              "uv": {
                "down": {
                  "uv": [
                    85,
                    77
                  ],
                  "uv_size": [
                    23,
                    -2
                  ]
                },
                "east": {
                  "uv": [
                    37,
                    61
                  ],
                  "uv_size": [
                    2,
                    3
                  ]
                },
                "north": {
                  "uv": [
                    87,
                    26
                  ],
                  "uv_size": [
                    23,
                    3
                  ]
                },
                "south": {
                  "uv": [
                    87,
                    29
                  ],
                  "uv_size": [
                    23,
                    3
                  ]
                },
                "up": {
                  "uv": [
                    64,
                    26
                  ],
                  "uv_size": [
                    23,
                    2
                  ]
                },
                "west": {
                  "uv": [
                    62,
                    36
                  ],
                  "uv_size": [
                    2,
                    3
                  ]
                }
              }
            },
            {
              "origin": [
                -11.5701,
                2.44084,
                13.95649
              ],
              "size": [
                23,
                3,
                2
              ],
              "uv": {
                "down": {
                  "uv": [
                    85,
                    75
                  ],
                  "uv_size": [
                    23,
                    2
                  ]
                },
                "east": {
                  "uv": [
                    39,
                    61
                  ],
                  "uv_size": [
                    -2,
                    3
                  ]
                },
                "north": {
                  "uv": [
                    110,
                    29
                  ],
                  "uv_size": [
                    -23,
                    3
                  ]
                },
                "south": {
                  "uv": [
                    110,
                    26
                  ],
                  "uv_size": [
                    -23,
                    3
                  ]
                },
                "up": {
                  "uv": [
                    64,
                    28
                  ],
                  "uv_size": [
                    23,
                    -2
                  ]
                },
                "west": {
                  "uv": [
                    64,
                    36
                  ],
                  "uv_size": [
                    -2,
                    3
                  ]
                }
              }
            },
            {
              "origin": [
                -11.5701,
                2.34084,
                -4.44351
              ],
              "size": [
                23,
                3,
                9
              ],
              "uv": {
                "down": {
                  "uv": [
                    44,
                    18
                  ],
                  "uv_size": [
                    23,
                    -9
                  ]
                },
                "east": {
                  "uv": [
                    44,
                    28
                  ],
                  "uv_size": [
                    9,
                    3
                  ]
                },
                "north": {
                  "uv": [
                    59,
                    88
                  ],
                  "uv_size": [
                    23,
                    3
                  ]
                },
                "south": {
                  "uv": [
                    82,
                    88
                  ],
                  "uv_size": [
                    23,
                    3
                  ]
                },
                "up": {
                  "uv": [
                    44,
                    0
                  ],
                  "uv_size": [
                    23,
                    9
                  ]
                },
                "west": {
                  "uv": [
                    53,
                    28
                  ],
                  "uv_size": [
                    9,
                    3
                  ]
                }
              }
            },
            {
              "origin": [
                -10.0201,
                11.39084,
                -3.45649
              ],
              "pivot": [
                9.9299,
                21.39084,
                -3.45649
              ],
              "rotation": [
                -32.5,
                0,
                0
              ],
              "size": [
                19.9,
                10,
                9
              ],
              "uv": {
                "down": {
                  "uv": [
                    25,
                    76
                  ],
                  "uv_size": [
                    20,
                    -9
                  ]
                },
                "east": {
                  "uv": [
                    20,
                    85
                  ],
                  "uv_size": [
                    16,
                    18
                  ]
                },
                "north": {
                  "uv": [
                    44,
                    18
                  ],
                  "uv_size": [
                    20,
                    10
                  ]
                },
                "south": {
                  "uv": [
                    44,
                    41
                  ],
                  "uv_size": [
                    20,
                    10
                  ]
                },
                "up": {
                  "uv": [
                    67,
                    9
                  ],
                  "uv_size": [
                    20,
                    9
                  ]
                },
                "west": {
                  "uv": [
                    36,
                    85
                  ],
                  "uv_size": [
                    -16,
                    18
                  ]
                }
              }
            },
            {
              "origin": [
                -10.0201,
                11.39084,
                -3.45649
              ],
              "pivot": [
                9.9299,
                21.39084,
                5.54351
              ],
              "rotation": [
                32.5,
                0,
                0
              ],
              "size": [
                19.9,
                10,
                9
              ],
              "uv": {
                "down": {
                  "uv": [
                    0,
                    78
                  ],
                  "uv_size": [
                    20,
                    -9
                  ]
                },
                "east": {
                  "uv": [
                    36,
                    85
                  ],
                  "uv_size": [
                    -16,
                    18
                  ]
                },
                "north": {
                  "uv": [
                    0,
                    51
                  ],
                  "uv_size": [
                    20,
                    10
                  ]
                },
                "south": {
                  "uv": [
                    20,
                    51
                  ],
                  "uv_size": [
                    20,
                    10
                  ]
                },
                "up": {
                  "uv": [
                    45,
                    67
                  ],
                  "uv_size": [
                    20,
                    9
                  ]
                },
                "west": {
                  "uv": [
                    20,
                    85
                  ],
                  "uv_size": [
                    16,
                    18
                  ]
                }
              }
            }
          ],
          "name": "frame",
          "parent": "head",
          "pivot": [
            0,
            3,
            0
          ]
        },
        {
          "cubes": [
            {
              "origin": [
                -12.3125,
                2.4467,
                5.75
              ],
              "pivot": [
                12,
                4,
                9.5
              ],
              "rotation": [
                -45,
                0,
                0
              ],
              "size": [
                24.625,
                3.1066,
                7.5
              ],
              "uv": {
                "down": {
                  "uv": [
                    40,
                    67
                  ],
                  "uv_size": [
                    25,
                    -8
                  ]
                },
                "east": {
                  "uv": [
                    25,
                    61
                  ],
                  "uv_size": [
                    8,
                    3
                  ]
                },
                "north": {
                  "uv": [
                    36,
                    85
                  ],
                  "uv_size": [
                    25,
                    3
                  ]
                },
                "south": {
                  "uv": [
                    85,
                    60
                  ],
                  "uv_size": [
                    25,
                    3
                  ]
                },
                "up": {
                  "uv": [
                    40,
                    51
                  ],
                  "uv_size": [
                    25,
                    8
                  ]
                },
                "west": {
                  "uv": [
                    25,
                    64
                  ],
                  "uv_size": [
                    8,
                    3
                  ]
                }
              }
            },
            {
              "origin": [
                -12.3125,
                2.4467,
                5.75
              ],
              "size": [
                24.625,
                3.1066,
                7.5
              ],
              "uv": {
                "down": {
                  "uv": [
                    62,
                    36
                  ],
                  "uv_size": [
                    25,
                    -8
                  ]
                },
                "east": {
                  "uv": [
                    0,
                    88
                  ],
                  "uv_size": [
                    8,
                    3
                  ]
                },
                "north": {
                  "uv": [
                    61,
                    85
                  ],
                  "uv_size": [
                    25,
                    3
                  ]
                },
                "south": {
                  "uv": [
                    85,
                    63
                  ],
                  "uv_size": [
                    25,
                    3
                  ]
                },
                "up": {
                  "uv": [
                    0,
                    61
                  ],
                  "uv_size": [
                    25,
                    8
                  ]
                },
                "west": {
                  "uv": [
                    8,
                    88
                  ],
                  "uv_size": [
                    8,
                    3
                  ]
                }
              }
            },
            {
              "origin": [
                -12.8125,
                1.9467,
                7.5
              ],
              "size": [
                25.625,
                4,
                4
              ],
              "uv": {
                "down": {
                  "uv": [
                    66,
                    85
                  ],
                  "uv_size": [
                    26,
                    -4
                  ]
                },
                "east": {
                  "uv": [
                    33,
                    61
                  ],
                  "uv_size": [
                    4,
                    4
                  ]
                },
                "north": {
                  "uv": [
                    40,
                    77
                  ],
                  "uv_size": [
                    26,
                    4
                  ]
                },
                "south": {
                  "uv": [
                    66,
                    77
                  ],
                  "uv_size": [
                    26,
                    4
                  ]
                },
                "up": {
                  "uv": [
                    40,
                    81
                  ],
                  "uv_size": [
                    26,
                    4
                  ]
                },
                "west": {
                  "uv": [
                    20,
                    69
                  ],
                  "uv_size": [
                    4,
                    4
                  ]
                }
              }
            },
            {
              "origin": [
                -12.3125,
                0.25,
                7.9467
              ],
              "size": [
                24.625,
                7.5,
                3.1066
              ],
              "uv": {
                "down": {
                  "uv": [
                    85,
                    72
                  ],
                  "uv_size": [
                    25,
                    -3
                  ]
                },
                "east": {
                  "uv": [
                    89,
                    35
                  ],
                  "uv_size": [
                    3,
                    8
                  ]
                },
                "north": {
                  "uv": [
                    64,
                    18
                  ],
                  "uv_size": [
                    25,
                    8
                  ]
                },
                "south": {
                  "uv": [
                    64,
                    36
                  ],
                  "uv_size": [
                    25,
                    8
                  ]
                },
                "up": {
                  "uv": [
                    85,
                    66
                  ],
                  "uv_size": [
                    25,
                    3
                  ]
                },
                "west": {
                  "uv": [
                    90,
                    43
                  ],
                  "uv_size": [
                    3,
                    8
                  ]
                }
              }
            },
            {
              "origin": [
                -12.3125,
                0.25,
                7.9467
              ],
              "pivot": [
                12,
                4,
                9.5
              ],
              "rotation": [
                -45,
                0,
                0
              ],
              "size": [
                24.625,
                7.5,
                3.1066
              ],
              "uv": {
                "down": {
                  "uv": [
                    86,
                    88
                  ],
                  "uv_size": [
                    25,
                    -3
                  ]
                },
                "east": {
                  "uv": [
                    90,
                    51
                  ],
                  "uv_size": [
                    3,
                    8
                  ]
                },
                "north": {
                  "uv": [
                    65,
                    44
                  ],
                  "uv_size": [
                    25,
                    8
                  ]
                },
                "south": {
                  "uv": [
                    65,
                    52
                  ],
                  "uv_size": [
                    25,
                    8
                  ]
                },
                "up": {
                  "uv": [
                    85,
                    72
                  ],
                  "uv_size": [
                    25,
                    3
                  ]
                },
                "west": {
                  "uv": [
                    0,
                    91
                  ],
                  "uv_size": [
                    3,
                    8
                  ]
                }
              }
            }
          ],
          "name": "wheels1",
          "parent": "head",
          "pivot": [
            12,
            4,
            9.5
          ]
        },
        {
          "cubes": [
            {
              "origin": [
                -12.3125,
                2.4467,
                -13.25
              ],
              "pivot": [
                12,
                4,
                -9.5
              ],
              "rotation": [
                -45,
                0,
                0
              ],
              "size": [
                24.625,
                3.1066,
                7.5
              ],
              "uv": {
                "down": {
                  "uv": [
                    40,
                    67
                  ],
                  "uv_size": [
                    25,
                    -8
                  ]
                },
                "east": {
                  "uv": [
                    25,
                    61
                  ],
                  "uv_size": [
                    8,
                    3
                  ]
                },
                "north": {
                  "uv": [
                    36,
                    85
                  ],
                  "uv_size": [
                    25,
                    3
                  ]
                },
                "south": {
                  "uv": [
                    85,
                    60
                  ],
                  "uv_size": [
                    25,
                    3
                  ]
                },
                "up": {
                  "uv": [
                    40,
                    51
                  ],
                  "uv_size": [
                    25,
                    8
                  ]
                },
                "west": {
                  "uv": [
                    25,
                    64
                  ],
                  "uv_size": [
                    8,
                    3
                  ]
                }
              }
            },
            {
              "origin": [
                -12.3125,
                2.4467,
                -13.25
              ],
              "size": [
                24.625,
                3.1066,
                7.5
              ],
              "uv": {
                "down": {
                  "uv": [
                    62,
                    36
                  ],
                  "uv_size": [
                    25,
                    -8
                  ]
                },
                "east": {
                  "uv": [
                    0,
                    88
                  ],
                  "uv_size": [
                    8,
                    3
                  ]
                },
                "north": {
                  "uv": [
                    61,
                    85
                  ],
                  "uv_size": [
                    25,
                    3
                  ]
                },
                "south": {
                  "uv": [
                    85,
                    63
                  ],
                  "uv_size": [
                    25,
                    3
                  ]
                },
                "up": {
                  "uv": [
                    0,
                    61
                  ],
                  "uv_size": [
                    25,
                    8
                  ]
                },
                "west": {
                  "uv": [
                    8,
                    88
                  ],
                  "uv_size": [
                    8,
                    3
                  ]
                }
              }
            },
            {
              "origin": [
                -12.8125,
                1.9467,
                -11.5
              ],
              "size": [
                25.625,
                4,
                4
              ],
              "uv": {
                "down": {
                  "uv": [
                    66,
                    85
                  ],
                  "uv_size": [
                    26,
                    -4
                  ]
                },
                "east": {
                  "uv": [
                    33,
                    61
                  ],
                  "uv_size": [
                    4,
                    4
                  ]
                },
                "north": {
                  "uv": [
                    40,
                    77
                  ],
                  "uv_size": [
                    26,
                    4
                  ]
                },
                "south": {
                  "uv": [
                    66,
                    77
                  ],
                  "uv_size": [
                    26,
                    4
                  ]
                },
                "up": {
                  "uv": [
                    40,
                    81
                  ],
                  "uv_size": [
                    26,
                    4
                  ]
                },
                "west": {
                  "uv": [
                    20,
                    69
                  ],
                  "uv_size": [
                    4,
                    4
                  ]
                }
              }
            },
            {
              "origin": [
                -12.3125,
                0.25,
                -11.0533
              ],
              "size": [
                24.625,
                7.5,
                3.1066
              ],
              "uv": {
                "down": {
                  "uv": [
                    85,
                    72
                  ],
                  "uv_size": [
                    25,
                    -3
                  ]
                },
                "east": {
                  "uv": [
                    89,
                    35
                  ],
                  "uv_size": [
                    3,
                    8
                  ]
                },
                "north": {
                  "uv": [
                    64,
                    18
                  ],
                  "uv_size": [
                    25,
                    8
                  ]
                },
                "south": {
                  "uv": [
                    64,
                    36
                  ],
                  "uv_size": [
                    25,
                    8
                  ]
                },
                "up": {
                  "uv": [
                    85,
                    66
                  ],
                  "uv_size": [
                    25,
                    3
                  ]
                },
                "west": {
                  "uv": [
                    90,
                    43
                  ],
                  "uv_size": [
                    3,
                    8
                  ]
                }
              }
            },
            {
              "origin": [
                -12.3125,
                0.25,
                -11.0533
              ],
              "pivot": [
                12,
                4,
                -9.5
              ],
              "rotation": [
                -45,
                0,
                0
              ],
              "size": [
                24.625,
                7.5,
                3.1066
              ],
              "uv": {
                "down": {
                  "uv": [
                    86,
                    88
                  ],
                  "uv_size": [
                    25,
                    -3
                  ]
                },
                "east": {
                  "uv": [
                    90,
                    51
                  ],
                  "uv_size": [
                    3,
                    8
                  ]
                },
                "north": {
                  "uv": [
                    65,
                    44
                  ],
                  "uv_size": [
                    25,
                    8
                  ]
                },
                "south": {
                  "uv": [
                    65,
                    52
                  ],
                  "uv_size": [
                    25,
                    8
                  ]
                },
                "up": {
                  "uv": [
                    85,
                    72
                  ],
                  "uv_size": [
                    25,
                    3
                  ]
                },
                "west": {
                  "uv": [
                    0,
                    91
                  ],
                  "uv_size": [
                    3,
                    8
                  ]
                }
              }
            }
          ],
          "name": "wheels2",
          "parent": "head",
          "pivot": [
            12,
            4,
            -9.5
          ]
        }
      ],
      "description": {
        "identifier": "geometry.cubecraft.minerware.crosstheroad.car",
        "texture_height": 128,
        "texture_width": 128,
        "visible_bounds_height": 2.5,
        "visible_bounds_offset": [
          0,
          0.75,
          0
        ],
        "visible_bounds_width": 3
      }
    }
  ]
}