{
  "format_version": "1.12.0",
  "minecraft:geometry": [
    {
      "bones": [
        {
          "cubes": [
            {
              "origin": [
                -21,
                13,
                -10
              ],
              "size": [
                42,
                34,
                32
              ],
              "uv": {
                "down": {
                  "uv": [
                    42,
                    64
                  ],
                  "uv_size": [
                    42,
                    -32
                  ]
                },
                "east": {
                  "uv": [
                    42,
                    64
                  ],
                  "uv_size": [
                    32,
                    34
                  ]
                },
                "north": {
                  "uv": [
                    0,
                    0
                  ],
                  "uv_size": [
                    42,
                    34
                  ]
                },
                "south": {
                  "uv": [
                    0,
                    34
                  ],
                  "uv_size": [
                    42,
                    34
                  ]
                },
                "up": {
                  "uv": [
                    42,
                    0
                  ],
                  "uv_size": [
                    42,
                    32
                  ]
                },
                "west": {
                  "uv": [
                    0,
                    68
                  ],
                  "uv_size": [
                    32,
                    34
                  ]
                }
              }
            }
          ],
          "name": "giantpig",
          "pivot": [
            0,
            0,
            0
          ]
        },
        {
          "cubes": [
            {
              "origin": [
                8,
                0,
                -8
              ],
              "size": [
                9,
                15,
                9
              ],
              "uv": {
                "down": {
                  "uv": [
                    98,
                    79
                  ],
                  "uv_size": [
                    9,
                    -9
                  ]
                },
                "east": {
                  "uv": [
                    32,
                    83
                  ],
                  "uv_size": [
                    9,
                    15
                  ]
                },
                "north": {
                  "uv": [
                    32,
                    68
                  ],
                  "uv_size": [
                    9,
                    15
                  ]
                },
                "south": {
                  "uv": [
                    98,
                    55
                  ],
                  "uv_size": [
                    9,
                    15
                  ]
                },
                "up": {
                  "uv": [
                    84,
                    55
                  ],
                  "uv_size": [
                    9,
                    9
                  ]
                },
                "west": {
                  "uv": [
                    64,
                    98
                  ],
                  "uv_size": [
                    9,
                    15
                  ]
                }
              }
            }
          ],
          "name": "leg1",
          "parent": "giantpig",
          "pivot": [
            12.5,
            13.5,
            -3.5
          ]
        },
        {
          "cubes": [
            {
              "origin": [
                -17,
                0,
                -8
              ],
              "size": [
                9,
                15,
                9
              ],
              "uv": {
                "down": {
                  "uv": [
                    98,
                    79
                  ],
                  "uv_size": [
                    9,
                    -9
                  ]
                },
                "east": {
                  "uv": [
                    32,
                    83
                  ],
                  "uv_size": [
                    9,
                    15
                  ]
                },
                "north": {
                  "uv": [
                    32,
                    68
                  ],
                  "uv_size": [
                    9,
                    15
                  ]
                },
                "south": {
                  "uv": [
                    98,
                    55
                  ],
                  "uv_size": [
                    9,
                    15
                  ]
                },
                "up": {
                  "uv": [
                    84,
                    55
                  ],
                  "uv_size": [
                    9,
                    9
                  ]
                },
                "west": {
                  "uv": [
                    64,
                    98
                  ],
                  "uv_size": [
                    9,
                    15
                  ]
                }
              }
            }
          ],
          "name": "leg2",
          "parent": "giantpig",
          "pivot": [
            -12.5,
            13.5,
            -3.5
          ]
        },
        {
          "cubes": [
            {
              "origin": [
                -17,
                0,
                11
              ],
              "size": [
                9,
                15,
                9
              ],
              "uv": {
                "down": {
                  "uv": [
                    98,
                    79
                  ],
                  "uv_size": [
                    9,
                    -9
                  ]
                },
                "east": {
                  "uv": [
                    32,
                    83
                  ],
                  "uv_size": [
                    9,
                    15
                  ]
                },
                "north": {
                  "uv": [
                    32,
                    68
                  ],
                  "uv_size": [
                    9,
                    15
                  ]
                },
                "south": {
                  "uv": [
                    98,
                    55
                  ],
                  "uv_size": [
                    9,
                    15
                  ]
                },
                "up": {
                  "uv": [
                    84,
                    55
                  ],
                  "uv_size": [
                    9,
                    9
                  ]
                },
                "west": {
                  "uv": [
                    64,
                    98
                  ],
                  "uv_size": [
                    9,
                    15
                  ]
                }
              }
            }
          ],
          "name": "leg3",
          "parent": "giantpig",
          "pivot": [
            -12.5,
            13.5,
            15.5
          ]
        },
        {
          "cubes": [
            {
              "origin": [
                8,
                0,
                11
              ],
              "size": [
                9,
                15,
                9
              ],
              "uv": {
                "down": {
                  "uv": [
                    98,
                    79
                  ],
                  "uv_size": [
                    9,
                    -9
                  ]
                },
                "east": {
                  "uv": [
                    32,
                    83
                  ],
                  "uv_size": [
                    9,
                    15
                  ]
                },
                "north": {
                  "uv": [
                    32,
                    68
                  ],
                  "uv_size": [
                    9,
                    15
                  ]
                },
                "south": {
                  "uv": [
                    98,
                    55
                  ],
                  "uv_size": [
                    9,
                    15
                  ]
                },
                "up": {
                  "uv": [
                    84,
                    55
                  ],
                  "uv_size": [
                    9,
                    9
                  ]
                },
                "west": {
                  "uv": [
                    64,
                    98
                  ],
                  "uv_size": [
                    9,
                    15
                  ]
                }
              }
            }
          ],
          "name": "leg4",
          "parent": "giantpig",
          "pivot": [
            12.5,
            13.5,
            15.5
          ]
        },
        {
          "cubes": [
            {
              "origin": [
                -12,
                21,
                -19
              ],
              "size": [
                24,
                23,
                16
              ],
              "uv": {
                "down": {
                  "uv": [
                    84,
                    55
                  ],
                  "uv_size": [
                    24,
                    -16
                  ]
                },
                "east": {
                  "uv": [
                    74,
                    87
                  ],
                  "uv_size": [
                    16,
                    23
                  ]
                },
                "north": {
                  "uv": [
                    74,
                    64
                  ],
                  "uv_size": [
                    24,
                    23
                  ]
                },
                "south": {
                  "uv": [
                    84,
                    0
                  ],
                  "uv_size": [
                    24,
                    23
                  ]
                },
                "up": {
                  "uv": [
                    84,
                    23
                  ],
                  "uv_size": [
                    24,
                    16
                  ]
                },
                "west": {
                  "uv": [
                    90,
                    87
                  ],
                  "uv_size": [
                    16,
                    23
                  ]
                }
              }
            },
            {
              "origin": [
                -8,
                22,
                -24
              ],
              "size": [
                16,
                11,
                5
              ],
              "uv": {
                "down": {
                  "uv": [
                    0,
                    107
                  ],
                  "uv_size": [
                    16,
                    -5
                  ]
                },
                "east": {
                  "uv": [
                    26,
                    102
                  ],
                  "uv_size": [
                    5,
                    11
                  ]
                },
                "north": {
                  "uv": [
                    32,
                    98
                  ],
                  "uv_size": [
                    16,
                    11
                  ]
                },
                "south": {
                  "uv": [
                    48,
                    98
                  ],
                  "uv_size": [
                    16,
                    11
                  ]
                },
                "up": {
                  "uv": [
                    98,
                    79
                  ],
                  "uv_size": [
                    16,
                    5
                  ]
                },
                "west": {
                  "uv": [
                    0,
                    107
                  ],
                  "uv_size": [
                    5,
                    11
                  ]
                }
              }
            },
            {
              "origin": [
                18.03347,
                44.96751,
                -24.91342
              ],
              "pivot": [
                18.03347,
                44.96751,
                -17.91342
              ],
              "rotation": [
                0,
                45,
                -50
              ],
              "size": [
                0,
                8,
                7
              ],
              "uv": {
                "down": {
                  "uv": [
                    0,
                    7
                  ],
                  "uv_size": [
                    0,
                    -7
                  ]
                },
                "east": {
                  "uv": [
                    106,
                    92
                  ],
                  "uv_size": [
                    7,
                    8
                  ]
                },
                "north": {
                  "uv": [
                    0,
                    0
                  ],
                  "uv_size": [
                    0,
                    8
                  ]
                },
                "south": {
                  "uv": [
                    0,
                    0
                  ],
                  "uv_size": [
                    0,
                    8
                  ]
                },
                "up": {
                  "uv": [
                    0,
                    0
                  ],
                  "uv_size": [
                    0,
                    7
                  ]
                },
                "west": {
                  "uv": [
                    106,
                    100
                  ],
                  "uv_size": [
                    7,
                    8
                  ]
                }
              }
            },
            {
              "origin": [
                7,
                40,
                -16
              ],
              "pivot": [
                12,
                44,
                -16
              ],
              "rotation": [
                0,
                22.5,
                -50
              ],
              "size": [
                10,
                8,
                0
              ],
              "uv": {
                "down": {
                  "uv": [
                    0,
                    0
                  ],
                  "uv_size": [
                    10,
                    0
                  ]
                },
                "east": {
                  "uv": [
                    0,
                    0
                  ],
                  "uv_size": [
                    0,
                    8
                  ]
                },
                "north": {
                  "uv": [
                    16,
                    102
                  ],
                  "uv_size": [
                    10,
                    8
                  ]
                },
                "south": {
                  "uv": [
                    106,
                    84
                  ],
                  "uv_size": [
                    10,
                    8
                  ]
                },
                "up": {
                  "uv": [
                    0,
                    0
                  ],
                  "uv_size": [
                    10,
                    0
                  ]
                },
                "west": {
                  "uv": [
                    0,
                    0
                  ],
                  "uv_size": [
                    0,
                    8
                  ]
                }
              }
            },
            {
              "origin": [
                -17,
                40,
                -16
              ],
              "pivot": [
                -12,
                44,
                -16
              ],
              "rotation": [
                0,
                -22.5,
                50
              ],
              "size": [
                10,
                8,
                0
              ],
              "uv": {
                "down": {
                  "uv": [
                    10,
                    0
                  ],
                  "uv_size": [
                    -10,
                    0
                  ]
                },
                "east": {
                  "uv": [
                    0,
                    0
                  ],
                  "uv_size": [
                    0,
                    8
                  ]
                },
                "north": {
                  "uv": [
                    26,
                    102
                  ],
                  "uv_size": [
                    -10,
                    8
                  ]
                },
                "south": {
                  "uv": [
                    116,
                    84
                  ],
                  "uv_size": [
                    -10,
                    8
                  ]
                },
                "up": {
                  "uv": [
                    10,
                    0
                  ],
                  "uv_size": [
                    -10,
                    0
                  ]
                },
                "west": {
                  "uv": [
                    0,
                    0
                  ],
                  "uv_size": [
                    0,
                    8
                  ]
                }
              }
            },
            {
              "origin": [
                -18.03347,
                44.96751,
                -24.91342
              ],
              "pivot": [
                -18.03347,
                44.96751,
                -17.91342
              ],
              "rotation": [
                0,
                -45,
                50
              ],
              "size": [
                0,
                8,
                7
              ],
              "uv": {
                "down": {
                  "uv": [
                    0,
                    7
                  ],
                  "uv_size": [
                    0,
                    -7
                  ]
                },
                "east": {
                  "uv": [
                    113,
                    100
                  ],
                  "uv_size": [
                    -7,
                    8
                  ]
                },
                "north": {
                  "uv": [
                    0,
                    0
                  ],
                  "uv_size": [
                    0,
                    8
                  ]
                },
                "south": {
                  "uv": [
                    0,
                    0
                  ],
                  "uv_size": [
                    0,
                    8
                  ]
                },
                "up": {
                  "uv": [
                    0,
                    0
                  ],
                  "uv_size": [
                    0,
                    7
                  ]
                },
                "west": {
                  "uv": [
                    113,
                    92
                  ],
                  "uv_size": [
                    -7,
                    8
                  ]
                }
              }
            }
          ],
          "name": "head",
          "parent": "giantpig",
          "pivot": [
            0,
            32,
            -10
          ]
        }
      ],
      "description": {
        "identifier": "geometry.cubecraft.minerware.giantpig",
        "texture_height": 128,
        "texture_width": 128,
        "visible_bounds_height": 4.5,
        "visible_bounds_offset": [
          0,
          1.75,
          0
        ],
        "visible_bounds_width": 4
      }
    }
  ]
}