{
  "format_version": "1.12.0",
  "minecraft:geometry": [
    {
      "bones": [
        {
          "cubes": [
            {
              "origin": [
                -38,
                4.85492,
                5.06621
              ],
              "size": [
                76,
                12,
                14
              ],
              "uv": {
                "down": {
                  "uv": [
                    98,
                    28
                  ],
                  "uv_size": [
                    76,
                    -14
                  ]
                },
                "east": {
                  "uv": [
                    116,
                    177
                  ],
                  "uv_size": [
                    14,
                    12
                  ]
                },
                "north": {
                  "uv": [
                    0,
                    106
                  ],
                  "uv_size": [
                    76,
                    12
                  ]
                },
                "south": {
                  "uv": [
                    76,
                    106
                  ],
                  "uv_size": [
                    76,
                    12
                  ]
                },
                "up": {
                  "uv": [
                    98,
                    0
                  ],
                  "uv_size": [
                    76,
                    14
                  ]
                },
                "west": {
                  "uv": [
                    182,
                    91
                  ],
                  "uv_size": [
                    14,
                    12
                  ]
                }
              }
            },
            {
              "origin": [
                -26.5,
                4.85492,
                -18.93379
              ],
              "size": [
                53,
                12,
                24
              ],
              "uv": {
                "down": {
                  "uv": [
                    53,
                    106
                  ],
                  "uv_size": [
                    53,
                    -24
                  ]
                },
                "east": {
                  "uv": [
                    168,
                    118
                  ],
                  "uv_size": [
                    24,
                    12
                  ]
                },
                "north": {
                  "uv": [
                    154,
                    144
                  ],
                  "uv_size": [
                    53,
                    12
                  ]
                },
                "south": {
                  "uv": [
                    96,
                    156
                  ],
                  "uv_size": [
                    53,
                    12
                  ]
                },
                "up": {
                  "uv": [
                    0,
                    82
                  ],
                  "uv_size": [
                    53,
                    24
                  ]
                },
                "west": {
                  "uv": [
                    168,
                    130
                  ],
                  "uv_size": [
                    24,
                    12
                  ]
                }
              }
            },
            {
              "origin": [
                -24.5,
                16.85492,
                -16.93379
              ],
              "size": [
                49,
                3,
                29
              ],
              "uv": {
                "down": {
                  "uv": [
                    0,
                    58
                  ],
                  "uv_size": [
                    49,
                    -29
                  ]
                },
                "east": {
                  "uv": [
                    116,
                    79
                  ],
                  "uv_size": [
                    29,
                    3
                  ]
                },
                "north": {
                  "uv": [
                    174,
                    48
                  ],
                  "uv_size": [
                    49,
                    3
                  ]
                },
                "south": {
                  "uv": [
                    174,
                    51
                  ],
                  "uv_size": [
                    49,
                    3
                  ]
                },
                "up": {
                  "uv": [
                    0,
                    0
                  ],
                  "uv_size": [
                    49,
                    29
                  ]
                },
                "west": {
                  "uv": [
                    182,
                    103
                  ],
                  "uv_size": [
                    29,
                    3
                  ]
                }
              }
            }
          ],
          "name": "parkourcroc",
          "pivot": [
            0,
            14.41967,
            -3.63515
          ]
        },
        {
          "name": "body",
          "parent": "parkourcroc",
          "pivot": [
            0,
            16.81423,
            1.00371
          ],
          "rotation": [
            -2.5,
            0,
            0
          ]
        },
        {
          "cubes": [
            {
              "origin": [
                25.04758,
                17.68335,
                7.29273
              ],
              "pivot": [
                25.94922,
                13.33032,
                25.20277
              ],
              "rotation": [
                62.52363,
                2.16489,
                1.2506
              ],
              "size": [
                12,
                0,
                4
              ],
              "uv": {
                "down": {
                  "uv": [
                    145,
                    82
                  ],
                  "uv_size": [
                    12,
                    -4
                  ]
                },
                "east": {
                  "uv": [
                    0,
                    0
                  ],
                  "uv_size": [
                    4,
                    0
                  ]
                },
                "north": {
                  "uv": [
                    0,
                    0
                  ],
                  "uv_size": [
                    12,
                    0
                  ]
                },
                "south": {
                  "uv": [
                    0,
                    0
                  ],
                  "uv_size": [
                    12,
                    0
                  ]
                },
                "up": {
                  "uv": [
                    145,
                    74
                  ],
                  "uv_size": [
                    12,
                    4
                  ]
                },
                "west": {
                  "uv": [
                    0,
                    0
                  ],
                  "uv_size": [
                    4,
                    0
                  ]
                }
              }
            },
            {
              "origin": [
                24.54711,
                6.67163,
                11.31112
              ],
              "pivot": [
                25.94922,
                13.33032,
                25.20277
              ],
              "rotation": [
                62.52363,
                2.16489,
                1.2506
              ],
              "size": [
                12,
                12,
                18
              ],
              "uv": {
                "down": {
                  "uv": [
                    104,
                    195
                  ],
                  "uv_size": [
                    12,
                    -18
                  ]
                },
                "east": {
                  "uv": [
                    56,
                    177
                  ],
                  "uv_size": [
                    18,
                    12
                  ]
                },
                "north": {
                  "uv": [
                    142,
                    185
                  ],
                  "uv_size": [
                    12,
                    12
                  ]
                },
                "south": {
                  "uv": [
                    187,
                    9
                  ],
                  "uv_size": [
                    12,
                    12
                  ]
                },
                "up": {
                  "uv": [
                    92,
                    177
                  ],
                  "uv_size": [
                    12,
                    18
                  ]
                },
                "west": {
                  "uv": [
                    74,
                    177
                  ],
                  "uv_size": [
                    18,
                    12
                  ]
                }
              }
            }
          ],
          "name": "leg1",
          "parent": "body",
          "pivot": [
            25.94922,
            13.33032,
            25.20277
          ],
          "rotation": [
            5,
            0,
            0
          ]
        },
        {
          "cubes": [
            {
              "origin": [
                -37.04758,
                17.68335,
                7.29273
              ],
              "pivot": [
                -25.94922,
                13.33032,
                25.20277
              ],
              "rotation": [
                62.52363,
                -2.16489,
                -1.2506
              ],
              "size": [
                12,
                0,
                4
              ],
              "uv": {
                "down": {
                  "uv": [
                    157,
                    82
                  ],
                  "uv_size": [
                    -12,
                    -4
                  ]
                },
                "east": {
                  "uv": [
                    4,
                    0
                  ],
                  "uv_size": [
                    -4,
                    0
                  ]
                },
                "north": {
                  "uv": [
                    12,
                    0
                  ],
                  "uv_size": [
                    -12,
                    0
                  ]
                },
                "south": {
                  "uv": [
                    12,
                    0
                  ],
                  "uv_size": [
                    -12,
                    0
                  ]
                },
                "up": {
                  "uv": [
                    157,
                    74
                  ],
                  "uv_size": [
                    -12,
                    4
                  ]
                },
                "west": {
                  "uv": [
                    4,
                    0
                  ],
                  "uv_size": [
                    -4,
                    0
                  ]
                }
              }
            },
            {
              "origin": [
                -36.54711,
                6.67163,
                11.31112
              ],
              "pivot": [
                -25.94922,
                13.33032,
                25.20277
              ],
              "rotation": [
                62.52363,
                -2.16489,
                -1.2506
              ],
              "size": [
                12,
                12,
                18
              ],
              "uv": {
                "down": {
                  "uv": [
                    116,
                    195
                  ],
                  "uv_size": [
                    -12,
                    -18
                  ]
                },
                "east": {
                  "uv": [
                    92,
                    177
                  ],
                  "uv_size": [
                    -18,
                    12
                  ]
                },
                "north": {
                  "uv": [
                    154,
                    185
                  ],
                  "uv_size": [
                    -12,
                    12
                  ]
                },
                "south": {
                  "uv": [
                    199,
                    9
                  ],
                  "uv_size": [
                    -12,
                    12
                  ]
                },
                "up": {
                  "uv": [
                    104,
                    177
                  ],
                  "uv_size": [
                    -12,
                    18
                  ]
                },
                "west": {
                  "uv": [
                    74,
                    177
                  ],
                  "uv_size": [
                    -18,
                    12
                  ]
                }
              }
            }
          ],
          "name": "leg2",
          "parent": "body",
          "pivot": [
            -25.94922,
            13.33032,
            25.20277
          ],
          "rotation": [
            5,
            0,
            0
          ]
        },
        {
          "cubes": [
            {
              "origin": [
                -24,
                8.03834,
                12.17622
              ],
              "pivot": [
                0,
                12.99765,
                19.86372
              ],
              "rotation": [
                -40,
                0,
                0
              ],
              "size": [
                48,
                15,
                18
              ],
              "uv": {
                "down": {
                  "uv": [
                    0,
                    136
                  ],
                  "uv_size": [
                    48,
                    -18
                  ]
                },
                "east": {
                  "uv": [
                    155,
                    173
                  ],
                  "uv_size": [
                    18,
                    15
                  ]
                },
                "north": {
                  "uv": [
                    0,
                    136
                  ],
                  "uv_size": [
                    48,
                    15
                  ]
                },
                "south": {
                  "uv": [
                    48,
                    144
                  ],
                  "uv_size": [
                    48,
                    15
                  ]
                },
                "up": {
                  "uv": [
                    116,
                    56
                  ],
                  "uv_size": [
                    48,
                    18
                  ]
                },
                "west": {
                  "uv": [
                    173,
                    173
                  ],
                  "uv_size": [
                    18,
                    15
                  ]
                }
              }
            },
            {
              "origin": [
                -16,
                2.41701,
                19.53129
              ],
              "pivot": [
                0,
                2.01794,
                25.15118
              ],
              "rotation": [
                -55,
                0,
                0
              ],
              "size": [
                32,
                13,
                11
              ],
              "uv": {
                "down": {
                  "uv": [
                    0,
                    179
                  ],
                  "uv_size": [
                    32,
                    -11
                  ]
                },
                "east": {
                  "uv": [
                    45,
                    184
                  ],
                  "uv_size": [
                    11,
                    13
                  ]
                },
                "north": {
                  "uv": [
                    33,
                    159
                  ],
                  "uv_size": [
                    32,
                    13
                  ]
                },
                "south": {
                  "uv": [
                    164,
                    56
                  ],
                  "uv_size": [
                    32,
                    13
                  ]
                },
                "up": {
                  "uv": [
                    164,
                    69
                  ],
                  "uv_size": [
                    32,
                    11
                  ]
                },
                "west": {
                  "uv": [
                    167,
                    188
                  ],
                  "uv_size": [
                    11,
                    13
                  ]
                }
              }
            }
          ],
          "name": "bone2",
          "parent": "body",
          "pivot": [
            0,
            14.00468,
            16.74397
          ],
          "rotation": [
            12.5,
            0,
            0
          ]
        },
        {
          "cubes": [
            {
              "origin": [
                11.98721,
                3.8649,
                19.47754
              ],
              "pivot": [
                12.94922,
                4.45769,
                28.72248
              ],
              "rotation": [
                90.02363,
                2.16489,
                1.2506
              ],
              "size": [
                12,
                0,
                4
              ],
              "uv": {
                "down": {
                  "uv": [
                    33,
                    159
                  ],
                  "uv_size": [
                    12,
                    -4
                  ]
                },
                "east": {
                  "uv": [
                    0,
                    0
                  ],
                  "uv_size": [
                    4,
                    0
                  ]
                },
                "north": {
                  "uv": [
                    0,
                    0
                  ],
                  "uv_size": [
                    12,
                    0
                  ]
                },
                "south": {
                  "uv": [
                    0,
                    0
                  ],
                  "uv_size": [
                    12,
                    0
                  ]
                },
                "up": {
                  "uv": [
                    33,
                    151
                  ],
                  "uv_size": [
                    12,
                    4
                  ]
                },
                "west": {
                  "uv": [
                    0,
                    0
                  ],
                  "uv_size": [
                    4,
                    0
                  ]
                }
              }
            },
            {
              "origin": [
                11.48674,
                -4.15398,
                23.48845
              ],
              "pivot": [
                12.94922,
                4.45769,
                28.72248
              ],
              "rotation": [
                90.02363,
                2.16489,
                1.2506
              ],
              "size": [
                12,
                9,
                9
              ],
              "uv": {
                "down": {
                  "uv": [
                    68,
                    198
                  ],
                  "uv_size": [
                    12,
                    -9
                  ]
                },
                "east": {
                  "uv": [
                    80,
                    189
                  ],
                  "uv_size": [
                    9,
                    9
                  ]
                },
                "north": {
                  "uv": [
                    82,
                    159
                  ],
                  "uv_size": [
                    12,
                    9
                  ]
                },
                "south": {
                  "uv": [
                    178,
                    188
                  ],
                  "uv_size": [
                    12,
                    9
                  ]
                },
                "up": {
                  "uv": [
                    56,
                    189
                  ],
                  "uv_size": [
                    12,
                    9
                  ]
                },
                "west": {
                  "uv": [
                    116,
                    189
                  ],
                  "uv_size": [
                    9,
                    9
                  ]
                }
              }
            }
          ],
          "name": "leg3",
          "parent": "bone2",
          "pivot": [
            17.74624,
            7.40887,
            34.33323
          ],
          "rotation": [
            5,
            0,
            0
          ]
        },
        {
          "cubes": [
            {
              "origin": [
                -23.98721,
                3.8649,
                19.47754
              ],
              "pivot": [
                -12.94922,
                4.45769,
                28.72248
              ],
              "rotation": [
                90.02363,
                -2.16489,
                -1.2506
              ],
              "size": [
                12,
                0,
                4
              ],
              "uv": {
                "down": {
                  "uv": [
                    45,
                    159
                  ],
                  "uv_size": [
                    -12,
                    -4
                  ]
                },
                "east": {
                  "uv": [
                    4,
                    0
                  ],
                  "uv_size": [
                    -4,
                    0
                  ]
                },
                "north": {
                  "uv": [
                    12,
                    0
                  ],
                  "uv_size": [
                    -12,
                    0
                  ]
                },
                "south": {
                  "uv": [
                    12,
                    0
                  ],
                  "uv_size": [
                    -12,
                    0
                  ]
                },
                "up": {
                  "uv": [
                    45,
                    151
                  ],
                  "uv_size": [
                    -12,
                    4
                  ]
                },
                "west": {
                  "uv": [
                    4,
                    0
                  ],
                  "uv_size": [
                    -4,
                    0
                  ]
                }
              }
            },
            {
              "origin": [
                -23.48674,
                -4.15398,
                23.48845
              ],
              "pivot": [
                -12.94922,
                4.45769,
                28.72248
              ],
              "rotation": [
                90.02363,
                -2.16489,
                -1.2506
              ],
              "size": [
                12,
                9,
                9
              ],
              "uv": {
                "down": {
                  "uv": [
                    80,
                    198
                  ],
                  "uv_size": [
                    -12,
                    -9
                  ]
                },
                "east": {
                  "uv": [
                    125,
                    189
                  ],
                  "uv_size": [
                    -9,
                    9
                  ]
                },
                "north": {
                  "uv": [
                    94,
                    159
                  ],
                  "uv_size": [
                    -12,
                    9
                  ]
                },
                "south": {
                  "uv": [
                    190,
                    188
                  ],
                  "uv_size": [
                    -12,
                    9
                  ]
                },
                "up": {
                  "uv": [
                    68,
                    189
                  ],
                  "uv_size": [
                    -12,
                    9
                  ]
                },
                "west": {
                  "uv": [
                    89,
                    189
                  ],
                  "uv_size": [
                    -9,
                    9
                  ]
                }
              }
            }
          ],
          "name": "leg4",
          "parent": "bone2",
          "pivot": [
            -17.74624,
            7.40887,
            34.33323
          ],
          "rotation": [
            5,
            0,
            0
          ]
        },
        {
          "cubes": [
            {
              "origin": [
                -30,
                15.85492,
                -23.68379
              ],
              "size": [
                60,
                14,
                12
              ],
              "uv": {
                "down": {
                  "uv": [
                    108,
                    144
                  ],
                  "uv_size": [
                    60,
                    -12
                  ]
                },
                "east": {
                  "uv": [
                    33,
                    184
                  ],
                  "uv_size": [
                    12,
                    14
                  ]
                },
                "north": {
                  "uv": [
                    48,
                    118
                  ],
                  "uv_size": [
                    60,
                    14
                  ]
                },
                "south": {
                  "uv": [
                    108,
                    118
                  ],
                  "uv_size": [
                    60,
                    14
                  ]
                },
                "up": {
                  "uv": [
                    48,
                    132
                  ],
                  "uv_size": [
                    60,
                    12
                  ]
                },
                "west": {
                  "uv": [
                    130,
                    185
                  ],
                  "uv_size": [
                    12,
                    14
                  ]
                }
              }
            },
            {
              "origin": [
                -29,
                16.85492,
                -18.93379
              ],
              "size": [
                58,
                12,
                24
              ],
              "uv": {
                "down": {
                  "uv": [
                    58,
                    82
                  ],
                  "uv_size": [
                    58,
                    -24
                  ]
                },
                "east": {
                  "uv": [
                    32,
                    172
                  ],
                  "uv_size": [
                    24,
                    12
                  ]
                },
                "north": {
                  "uv": [
                    96,
                    144
                  ],
                  "uv_size": [
                    58,
                    12
                  ]
                },
                "south": {
                  "uv": [
                    152,
                    106
                  ],
                  "uv_size": [
                    58,
                    12
                  ]
                },
                "up": {
                  "uv": [
                    0,
                    58
                  ],
                  "uv_size": [
                    58,
                    24
                  ]
                },
                "west": {
                  "uv": [
                    131,
                    173
                  ],
                  "uv_size": [
                    24,
                    12
                  ]
                }
              }
            },
            {
              "origin": [
                -38,
                16.85492,
                5.06621
              ],
              "size": [
                76,
                12,
                14
              ],
              "uv": {
                "down": {
                  "uv": [
                    98,
                    56
                  ],
                  "uv_size": [
                    76,
                    -14
                  ]
                },
                "east": {
                  "uv": [
                    182,
                    156
                  ],
                  "uv_size": [
                    14,
                    12
                  ]
                },
                "north": {
                  "uv": [
                    106,
                    82
                  ],
                  "uv_size": [
                    76,
                    12
                  ]
                },
                "south": {
                  "uv": [
                    106,
                    94
                  ],
                  "uv_size": [
                    76,
                    12
                  ]
                },
                "up": {
                  "uv": [
                    98,
                    28
                  ],
                  "uv_size": [
                    76,
                    14
                  ]
                },
                "west": {
                  "uv": [
                    19,
                    184
                  ],
                  "uv_size": [
                    14,
                    12
                  ]
                }
              }
            },
            {
              "origin": [
                3.25,
                28.85492,
                -3.93379
              ],
              "pivot": [
                16.25,
                28.85492,
                -3.93379
              ],
              "rotation": [
                0,
                45,
                0
              ],
              "size": [
                13,
                10.5,
                19
              ],
              "uv": {
                "down": {
                  "uv": [
                    174,
                    38
                  ],
                  "uv_size": [
                    13,
                    -19
                  ]
                },
                "east": {
                  "uv": [
                    0,
                    179
                  ],
                  "uv_size": [
                    19,
                    11
                  ]
                },
                "north": {
                  "uv": [
                    187,
                    21
                  ],
                  "uv_size": [
                    13,
                    11
                  ]
                },
                "south": {
                  "uv": [
                    154,
                    188
                  ],
                  "uv_size": [
                    13,
                    11
                  ]
                },
                "up": {
                  "uv": [
                    174,
                    0
                  ],
                  "uv_size": [
                    13,
                    19
                  ]
                },
                "west": {
                  "uv": [
                    182,
                    80
                  ],
                  "uv_size": [
                    19,
                    11
                  ]
                }
              }
            },
            {
              "origin": [
                -16.25,
                28.85492,
                -3.93379
              ],
              "pivot": [
                -16.25,
                28.85492,
                -3.93379
              ],
              "rotation": [
                0,
                -45,
                0
              ],
              "size": [
                13,
                10.5,
                19
              ],
              "uv": {
                "down": {
                  "uv": [
                    187,
                    38
                  ],
                  "uv_size": [
                    -13,
                    -19
                  ]
                },
                "east": {
                  "uv": [
                    201,
                    80
                  ],
                  "uv_size": [
                    -19,
                    11
                  ]
                },
                "north": {
                  "uv": [
                    200,
                    21
                  ],
                  "uv_size": [
                    -13,
                    11
                  ]
                },
                "south": {
                  "uv": [
                    167,
                    188
                  ],
                  "uv_size": [
                    -13,
                    11
                  ]
                },
                "up": {
                  "uv": [
                    187,
                    0
                  ],
                  "uv_size": [
                    -13,
                    19
                  ]
                },
                "west": {
                  "uv": [
                    19,
                    179
                  ],
                  "uv_size": [
                    -19,
                    11
                  ]
                }
              }
            },
            {
              "origin": [
                -16.25,
                28.85492,
                -3.93379
              ],
              "size": [
                32.5,
                9,
                17.25
              ],
              "uv": {
                "down": {
                  "uv": [
                    149,
                    173
                  ],
                  "uv_size": [
                    33,
                    -17
                  ]
                },
                "east": {
                  "uv": [
                    65,
                    159
                  ],
                  "uv_size": [
                    17,
                    9
                  ]
                },
                "north": {
                  "uv": [
                    65,
                    168
                  ],
                  "uv_size": [
                    33,
                    9
                  ]
                },
                "south": {
                  "uv": [
                    98,
                    168
                  ],
                  "uv_size": [
                    33,
                    9
                  ]
                },
                "up": {
                  "uv": [
                    0,
                    151
                  ],
                  "uv_size": [
                    33,
                    17
                  ]
                },
                "west": {
                  "uv": [
                    187,
                    0
                  ],
                  "uv_size": [
                    17,
                    9
                  ]
                }
              }
            },
            {
              "origin": [
                -24.5,
                11.85492,
                -19.03379
              ],
              "size": [
                49,
                5,
                29
              ],
              "uv": {
                "down": {
                  "uv": [
                    49,
                    58
                  ],
                  "uv_size": [
                    49,
                    -29
                  ]
                },
                "east": {
                  "uv": [
                    116,
                    74
                  ],
                  "uv_size": [
                    29,
                    5
                  ]
                },
                "north": {
                  "uv": [
                    174,
                    38
                  ],
                  "uv_size": [
                    49,
                    5
                  ]
                },
                "south": {
                  "uv": [
                    174,
                    43
                  ],
                  "uv_size": [
                    49,
                    5
                  ]
                },
                "up": {
                  "uv": [
                    49,
                    0
                  ],
                  "uv_size": [
                    49,
                    29
                  ]
                },
                "west": {
                  "uv": [
                    182,
                    168
                  ],
                  "uv_size": [
                    29,
                    5
                  ]
                }
              }
            }
          ],
          "name": "head",
          "parent": "parkourcroc",
          "pivot": [
            38,
            16.85,
            19.07
          ]
        }
      ],
      "description": {
        "identifier": "geometry.cubecraft.minerware.parkourcroc",
        "texture_height": 256,
        "texture_width": 256,
        "visible_bounds_height": 4.5,
        "visible_bounds_offset": [
          0,
          1.75,
          0
        ],
        "visible_bounds_width": 7
      }
    }
  ]
}