{
  "format_version": "1.10.0",
  "minecraft:client_entity": {
    "description": {
      "animations": {
        "idle": "animation.buddy.anniversarycake.idle",
        "idle_controller": "controller.animation.buddy.generic",
        "move": "animation.buddy.anniversarycake.move"
      },
      "geometry": {
        "default": "geometry.cubecraft.buddy.anniversarycake"
      },
      "identifier": "cubecraft:buddy.anniversarycake",
      "materials": {
        "default": "entity_alphatest"
      },
      "render_controllers": [
        "controller.render.agent"
      ],
      "scripts": {
        "animate": [
          "idle_controller",
          {
            "move": "q.variant == 1"
          }
        ]
      },
      "textures": {
        "default": "textures/cc/buddy/anniversarycake_texture"
      }
    }
  }
}