{
  "format_version": "1.8.0",
  "minecraft:client_entity": {
    "description": {
      "animation_controllers": [
        {
          "general": "controller.animation.buddy.generic"
        }
      ],
      "animations": {
        "idle": "animation.avocado.idle",
        "move": "animation.avocado.move"
      },
      "geometry": {
        "default": "geometry.cubecraft.buddy.food_bundle.avocado"
      },
      "identifier": "cubecraft:buddy.avocado",
      "materials": {
        "default": "entity_alphatest"
      },
      "render_controllers": [
        "controller.render.agent"
      ],
      "scripts": {
        "scale": "0.7"
      },
      "textures": {
        "default": "textures/cc/buddy/avocado.buddy"
      }
    }
  }
}