{
  "format_version": "1.8.0",
  "minecraft:client_entity": {
    "description": {
      "animation_controllers": [
        {
          "idle": "controller.animation.buddy.generic"
        }
      ],
      "animations": {
        "idle": "animation.buddy.cubie.idle",
        "move": "animation.buddy.cubie.walk"
      },
      "geometry": {
        "default": "geometry.cubecraft.buddy.cubie"
      },
      "identifier": "cubecraft:buddy_cubie",
      "materials": {
        "default": "entity_alphatest"
      },
      "render_controllers": [
        "controller.render.agent"
      ],
      "textures": {
        "default": "textures/cc/buddy/cubie.texture"
      }
    }
  }
}