{
  "format_version": "1.8.0",
  "minecraft:client_entity": {
    "description": {
      "animation_controllers": [
        {
          "general": "controller.animation.buddy.generic"
        }
      ],
      "animations": {
        "default": "animation.wateringcan.bloombundle.wineffect.default",
        "fairybuddykiss.animation": "animation.fairybuddy.bloombundle.buddy.fairybuddykiss.animation",
        "fairybuddyloop.new": "animation.fairybuddy.bloombundle.buddy.fairybuddyloop.new",
        "fairybuddywand.animation": "animation.fairybuddy.bloombundle.buddy.fairybuddywand.animation",
        "idle": "animation.fairybuddy.bloombundle.buddy.idle",
        "move": "animation.fairybuddy.bloombundle.buddy.move"
      },
      "geometry": {
        "default": "geometry.cubecraft.buddy.bloombundle.fairybuddy"
      },
      "identifier": "cubecraft:buddy_fairybuddy",
      "materials": {
        "default": "entity_alphatest"
      },
      "render_controllers": [
        "controller.render.agent"
      ],
      "textures": {
        "default": "textures/cc/buddy/fairy_buddy"
      }
    }
  }
}