{
  "format_version": "1.8.0",
  "minecraft:client_entity": {
    "description": {
      "animation_controllers": [
        {
          "general": "controller.animation.generic.single"
        }
      ],
      "animations": {
        "default": "animation.monster.buddy.fly"
      },
      "geometry": {
        "default": "geometry.cubecraft.buddy.halloween.monster"
      },
      "identifier": "cubecraft:buddy_monster",
      "materials": {
        "default": "entity_alphatest"
      },
      "render_controllers": [
        "controller.render.agent"
      ],
      "textures": {
        "default": "textures/cc/buddy/monster"
      }
    }
  }
}