{
  "format_version": "1.8.0",
  "minecraft:client_entity": {
    "description": {
      "animation_controllers": [
        {
          "idle": "controller.animation.monster.buddy.frostoise"
        }
      ],
      "animations": {
        "idle": "animation.monster.buddy.frostoise.idle",
        "idleend": "animation.monster.buddy.frostoise.idleend",
        "idlestart": "animation.monster.buddy.frostoise.idlestart",
        "move": "animation.monster.buddy.frostoise.walk"
      },
      "geometry": {
        "default": "geometry.monster.buddy.frostoise"
      },
      "identifier": "cubecraft:monster_buddy_frostoise",
      "materials": {
        "default": "entity_alphatest"
      },
      "render_controllers": [
        "controller.render.agent"
      ],
      "textures": {
        "default": "textures/cc/buddy/monster.buddy.frostoise"
      }
    }
  }
}