{
  "format_version": "1.8.0",
  "minecraft:client_entity": {
    "description": {
      "animation_controllers": [
        {
          "idle": "controller.animation.buddy.generic.nomove"
        }
      ],
      "animations": {
        "idle": "animation.monster.buddy.firesentry.idlewalk"
      },
      "geometry": {
        "default": "geometry.monster.buddy.firesentry"
      },
      "identifier": "cubecraft:monster_buddy_firesentry",
      "materials": {
        "default": "entity_alphatest"
      },
      "render_controllers": [
        "controller.render.agent"
      ],
      "textures": {
        "default": "textures/cc/buddy/monster.buddy.firesentry"
      }
    }
  }
}