{
  "format_version": "1.8.0",
  "minecraft:client_entity": {
    "description": {
      "animation_controllers": [
        {
          "general": "controller.animation.buddy.generic"
        }
      ],
      "animations": {
        "idle": "animation.penguin.idle",
        "move": "animation.penguin.waddle"
      },
      "geometry": {
        "default": "geometry.cubecraft.buddy.penguin"
      },
      "identifier": "cubecraft:buddy_penguin",
      "materials": {
        "default": "entity_alphatest"
      },
      "render_controllers": [
        "controller.render.agent"
      ],
      "textures": {
        "default": "textures/cc/buddy/penguin"
      }
    }
  }
}