{
  "format_version": "1.8.0",
  "minecraft:client_entity": {
    "description": {
      "animation_controllers": [
        {
          "general": "controller.animation.generic.single"
        }
      ],
      "animations": {
        "default": "animation.pocketpet.idle"
      },
      "geometry": {
        "default": "geometry.cubecraft.buddy.toybundle.pocketpet"
      },
      "identifier": "cubecraft:buddy_pocketpet",
      "materials": {
        "default": "entity_alphatest"
      },
      "render_controllers": [
        "controller.render.agent"
      ],
      "textures": {
        "default": "textures/cc/buddy/pocketpet"
      }
    }
  }
}