{
  "format_version": "1.8.0",
  "minecraft:client_entity": {
    "description": {
      "animation_controllers": [
        {
          "idle": "controller.animation.buddy.generic"
        }
      ],
      "animations": {
        "idle": "animation.buddy.rgb_goodbad.idle",
        "move": "animation.buddy.rgb_goodbad.move"
      },
      "geometry": {
        "default": "geometry.cubecraft.buddy.rgb_goodbad",
        "rgb": "geometry.cubecraft.buddy.rgb_goodbad"
      },
      "identifier": "cubecraft:buddy.rgb_goodbad",
      "materials": {
        "default": "entity_alphatest",
        "rgb": "entity_alphatest"
      },
      "render_controllers": [
        "controller.render.agent",
        "controller.render.rgb"
      ],
      "textures": {
        "default": "textures/cc/buddy/rgb_goodbad",
        "rgb": "textures/cc/buddy/rgb_goodbad_overlay"
      }
    }
  }
}