{
  "format_version": "1.8.0",
  "minecraft:client_entity": {
    "description": {
      "animation_controllers": [
        {
          "general": "controller.animation.buddy.generic"
        }
      ],
      "animations": {
        "bear_buddy_idle2": "animation.summerbear.summer.buddy.bear_buddy_idle2",
        "default": "animation.icecreamstand.summer.cage.default",
        "idle": "animation.summerbear.summer.buddy.idle",
        "move": "animation.summerbear.summer.buddy.move",
        "walk": "animation.summerbear.summer.buddy.walk"
      },
      "geometry": {
        "default": "geometry.cubecraft.buddy.summer.summerbear"
      },
      "identifier": "cubecraft:buddy_summerbear",
      "materials": {
        "default": "entity_alphatest"
      },
      "render_controllers": [
        "controller.render.agent"
      ],
      "textures": {
        "default": "textures/cc/buddy/summer_bear"
      }
    }
  }
}