{
  "format_version": "1.8.0",
  "minecraft:client_entity": {
    "description": {
      "animation_controllers": [
        {
          "general": "controller.animation.buddy.generic"
        }
      ],
      "animations": {
        "idle": "animation.cubecraft.winter.pal.idle",
        "move": "animation.cubecraft.winter.pal.run"
      },
      "geometry": {
        "default": "geometry.cubecraft.buddy.festivebundle.winterpal"
      },
      "identifier": "cubecraft:buddy.winterpal",
      "materials": {
        "default": "entity_alphatest"
      },
      "render_controllers": [
        "controller.render.agent"
      ],
      "scripts": {
        "scale": "0.7"
      },
      "textures": {
        "default": "textures/cc/buddy/winterpal"
      }
    }
  }
}