{
  "format_version": "1.18.0",
  "sound_definitions": {
    "entity.arrow.hit_player": {
      "category": "neutral",
      "sounds": [
        {
          "load_on_low_memory": true,
          "name": "sounds/bow.hit"
        }
      ]
    },
    "ng.lobby.crate.keyappear": {
      "category": "neutral",
      "sounds": [
        {
          "name": "sounds/ng/lobby/crate/keyappear"
        }
      ]
    },
    "ng.lobby.crate.lock": {
      "category": "neutral",
      "sounds": [
        {
          "name": "sounds/ng/lobby/crate/lock_lock_1"
        }
      ]
    },
    "ng.lobby.crate.shuffle": {
      "category": "neutral",
      "sounds": [
        {
          "name": "sounds/ng/lobby/crate/shuffle"
        }
      ]
    },
    "ng.lobby.crate.unlock": {
      "category": "neutral",
      "sounds": [
        {
          "load_on_low_memory": true,
          "name": "sounds/ng/lobby/crate/lock_unlock_1"
        },
        {
          "load_on_low_memory": false,
          "name": "sounds/ng/lobby/crate/lock_unlock_fast_3"
        },
        {
          "load_on_low_memory": false,
          "name": "sounds/ng/lobby/crate/lock_unlock_squeek_2"
        }
      ]
    }
  }
}