{"animations":{"animation.geyser_custom.chainsaw.firstperson_main_hand":{"bones":{"geyser_custom":{"position":[-4.5,7,1],"rotation":[-50,180,0],"scale":1.5},"geyser_custom_x":{"position":[-2,0,2],"rotation":[0,0,0],"scale":[1.4,1.4,1.4]},"geyser_custom_y":{"rotation":[0,0,0]},"geyser_custom_z":{"rotation":[0,0,0]}},"loop":true},"animation.geyser_custom.chainsaw.thirdperson_main_hand":{"bones":{"geyser_custom":{"position":[-2,13,2.5],"rotation":[90,0,0]},"geyser_custom_x":{"position":[1,4,-3.5],"rotation":[-15,0,0],"scale":[1.4,1.4,1.4]},"geyser_custom_y":{"rotation":[0,-180,0]},"geyser_custom_z":{"rotation":[0,0,0]}},"loop":true}},"format_version":"1.8.0"}