{"animations":{"animation.tmd_melees.geo_82eacc4.firstperson_main_hand":{"bones":{"tmd_melees":{"position":[0,13,-5.5],"rotation":[90,0,0],"scale":1.5},"tmd_melees_x":{"position":[0,1.32,0],"rotation":[15,0,0]},"tmd_melees_y":{"rotation":[0,-90,0]},"tmd_melees_z":{"rotation":[0,0,0]}},"loop":true},"animation.tmd_melees.geo_82eacc4.head":{"bones":{"tmd_melees":{"position":[0,19.5,0]},"tmd_melees_x":{"scale":0.625}},"loop":true},"animation.tmd_melees.geo_82eacc4.thirdperson_main_hand":{"bones":{"tmd_melees":{"position":[0,13,-3],"rotation":[90,0,0]},"tmd_melees_x":{"position":[0.19,1.89,1.12],"rotation":[0,0,0],"scale":[1.1,1.1,1.1]},"tmd_melees_y":{"rotation":[0,-90,0]},"tmd_melees_z":{"rotation":[0,0,0]}},"loop":true}},"format_version":"1.8.0"}