{"animations":{"animation.tmd_melees.geo_0cc742b.firstperson_main_hand":{"bones":{"tmd_melees":{"position":[-1.5,1,-3.5],"rotation":[90,0,0],"scale":1.5},"tmd_melees_x":{"position":[1.391,2.7826,0.695],"rotation":[23,0,0]},"tmd_melees_y":{"rotation":[0,-3,0]},"tmd_melees_z":{"rotation":[0,0,0]}},"loop":true},"animation.tmd_melees.geo_0cc742b.head":{"bones":{"tmd_melees":{"position":[0,19.5,0]},"tmd_melees_x":{"scale":0.625}},"loop":true},"animation.tmd_melees.geo_0cc742b.thirdperson_main_hand":{"bones":{"tmd_melees":{"position":[0,13,-3],"rotation":[90,0,0]},"tmd_melees_x":{"position":[0.5,5.5652,-1.5],"rotation":[-30,0,0]},"tmd_melees_y":{"rotation":[0,0,0]},"tmd_melees_z":{"rotation":[0,0,0]}},"loop":true}},"format_version":"1.8.0"}