{"animations":{"animation.tmd_melees.geo_b053f64.firstperson_main_hand":{"bones":{"tmd_melees":{"position":[0,11,-3],"rotation":[90,0,0],"scale":1.5},"tmd_melees_x":{"position":[0,5.5644,0],"rotation":[22,0,0],"scale":[0.4,0.6,0.6]},"tmd_melees_y":{"position":[0,-2,0],"rotation":[0,3,0]},"tmd_melees_z":{"rotation":[0,0,0]}},"loop":true},"animation.tmd_melees.geo_b053f64.head":{"bones":{"tmd_melees":{"position":[0,19.5,0]},"tmd_melees_x":{"scale":0.625}},"loop":true},"animation.tmd_melees.geo_b053f64.thirdperson_main_hand":{"bones":{"tmd_melees":{"position":[0,13,-3],"rotation":[90,0,0]},"tmd_melees_x":{"position":[0,4.5,1.3913],"scale":[0.6,0.6,0.6]}},"loop":true}},"format_version":"1.8.0"}