{"animations":{"animation.tmd_melees.geo_632d242.firstperson_main_hand":{"bones":{"tmd_melees":{"position":[0,12.5,-5.5],"rotation":[90,0,0],"scale":1.5},"tmd_melees_x":{"position":[0,1.51,0],"rotation":[15,0,0],"scale":[0.6,1,0.6]},"tmd_melees_y":{"position":[0,-2,0],"rotation":[0,0,0],"scale":[1.4,1.4,1.4]},"tmd_melees_z":{"rotation":[0,0,0]}},"loop":true},"animation.tmd_melees.geo_632d242.head":{"bones":{"tmd_melees":{"position":[0,19.5,0]},"tmd_melees_x":{"scale":0.625}},"loop":true},"animation.tmd_melees.geo_632d242.thirdperson_main_hand":{"bones":{"tmd_melees":{"position":[0,13,-3],"rotation":[90,0,0]},"tmd_melees_x":{"position":[0,-2.08,0.94],"scale":[0.7,1.2,0.7]}},"loop":true}},"format_version":"1.8.0"}