{"animations":{"animation.tmd_melees.geo_f01f883.firstperson_main_hand":{"bones":{"tmd_melees":{"position":[1.5,13,-10],"rotation":[90,0,0],"scale":1.5},"tmd_melees_x":{"position":[-1.3913,5,0],"rotation":[14,0,0]},"tmd_melees_y":{"position":[0,-2,0],"rotation":[0,171,0],"scale":1.5},"tmd_melees_z":{"rotation":[0,0,-180]}},"loop":true},"animation.tmd_melees.geo_f01f883.head":{"bones":{"tmd_melees":{"position":[0,19.5,0]},"tmd_melees_x":{"scale":0.625}},"loop":true},"animation.tmd_melees.geo_f01f883.thirdperson_main_hand":{"bones":{"tmd_melees":{"position":[0,13,-3],"rotation":[90,0,0]},"tmd_melees_x":{"position":[0.4,7,1],"rotation":[180,0,0],"scale":[1.3824,1.3824,1.3824]},"tmd_melees_y":{"rotation":[0,180,0]},"tmd_melees_z":{"rotation":[0,0,0]}},"loop":true}},"format_version":"1.8.0"}