{"animations":{"animation.tmd_melees.geo_a2818d1.firstperson_main_hand":{"bones":{"tmd_melees":{"position":[2,10,-2],"rotation":[90,0,0],"scale":1.5},"tmd_melees_x":{"position":[0,1.32,0],"rotation":[15,0,0]},"tmd_melees_y":{"rotation":[0,0,0]},"tmd_melees_z":{"rotation":[0,0,0]}},"loop":true},"animation.tmd_melees.geo_a2818d1.head":{"bones":{"tmd_melees":{"position":[0,19.5,0]},"tmd_melees_x":{"scale":0.625}},"loop":true},"animation.tmd_melees.geo_a2818d1.thirdperson_main_hand":{"bones":{"tmd_melees":{"position":[0,13,-3],"rotation":[90,0,0]},"tmd_melees_x":{"position":[0.19,1.89,1.12],"scale":[1.1,1.1,1.1]}},"loop":true}},"format_version":"1.8.0"}