{"animations":{"animation.tmd_melees.geo_268c1d2.firstperson_main_hand":{"bones":{"tmd_melees":{"position":[0,15.5,-5.5],"rotation":[90,0,0],"scale":1.2},"tmd_melees_x":{"position":[0,-0.693,-1.3913],"rotation":[0.1,0.1,0.1],"scale":[1.4782,1.7216,1.7912]},"tmd_melees_y":{"position":[0,-2,0],"rotation":[0,0,0],"scale":[1.6,1.6,1.6]}},"loop":true},"animation.tmd_melees.geo_268c1d2.head":{"bones":{"tmd_melees":{"position":[0,19.5,0]},"tmd_melees_x":{"scale":0.625}},"loop":true},"animation.tmd_melees.geo_268c1d2.thirdperson_main_hand":{"bones":{"tmd_melees":{"position":[0,13,-3],"rotation":[90,0,0]},"tmd_melees_x":{"position":[0.5,0,1.3913],"scale":[1.8693,1.8693,1.8693]}},"loop":true}},"format_version":"1.8.0"}