{"animations":{"animation.tmd_melees.voltcarver.firstperson_main_hand":{"bones":{"tmd_melees":{"position":[0,2.5,-5.5],"rotation":[90,0,0],"scale":1.5},"tmd_melees_x":{"position":[0,3.4,0],"rotation":[15,0,0]},"tmd_melees_y":{"position":[0.2,-8.4,11],"rotation":[0,-90,0],"scale":[1.4,2.3,2.3]},"tmd_melees_z":{"rotation":[0,0,0]}},"loop":true},"animation.tmd_melees.voltcarver.head":{"bones":{"tmd_melees":{"position":[0,19.5,0]},"tmd_melees_x":{"scale":0.625}},"loop":true},"animation.tmd_melees.voltcarver.thirdperson_main_hand":{"bones":{"tmd_melees":{"position":[0,13,-3],"rotation":[90,0,0]},"tmd_melees_x":{"position":[0.19,3.21,1.13],"rotation":[0,0,0],"scale":[1.1,1.1,1.1]},"tmd_melees_y":{"position":[0,-5,8],"rotation":[0,-90,0],"scale":[1.1,1.7,1.7]},"tmd_melees_z":{"rotation":[0,0,0]}},"loop":true}},"format_version":"1.8.0"}