{"animations":{"animation.tmd_melees.geo_9a11ed5.firstperson_main_hand":{"bones":{"tmd_melees":{"position":[2,14,-2],"rotation":[90,0,0],"scale":1.5},"tmd_melees_x":{"position":[-1.3913,1.3913,0],"rotation":[0.1,0.1,0.1],"scale":[0.7,0.7,0.7]},"tmd_melees_y":{"position":[0,-1,0],"scale":[1.1,1.1,1.1]}},"loop":true},"animation.tmd_melees.geo_9a11ed5.head":{"bones":{"tmd_melees":{"position":[0,19.5,0]},"tmd_melees_x":{"position":[1.73875,-6.51875,-9.5625],"rotation":[-107,0,0],"scale":[0.4375,0.4375,0.4375]},"tmd_melees_y":{"rotation":[0,-180,0]},"tmd_melees_z":{"rotation":[0,0,19]}},"loop":true},"animation.tmd_melees.geo_9a11ed5.thirdperson_main_hand":{"bones":{"tmd_melees":{"position":[0,13,-3],"rotation":[90,0,0]},"tmd_melees_x":{"position":[0,1.4,1.45],"scale":[0.7,0.7,0.7]}},"loop":true}},"format_version":"1.8.0"}