{"animations":{"animation.tmd_melees.geo_4467b82.firstperson_main_hand":{"bones":{"tmd_melees":{"position":[0,13,3],"rotation":[90,0,0],"scale":1.9},"tmd_melees_x":{"position":[0,4.8695,0],"rotation":[10,0,0],"scale":[0.6,0.6,0.6]},"tmd_melees_y":{"rotation":[0,-3,0]},"tmd_melees_z":{"rotation":[0,0,0]}},"loop":true},"animation.tmd_melees.geo_4467b82.head":{"bones":{"tmd_melees":{"position":[0,19.5,0]},"tmd_melees_x":{"position":[0,1.25,-12.5],"rotation":[-50,0,0],"scale":[0.8125,0.8125,0.8125]},"tmd_melees_y":{"rotation":[0,-180,0]},"tmd_melees_z":{"rotation":[0,0,0]}},"loop":true},"animation.tmd_melees.geo_4467b82.thirdperson_main_hand":{"bones":{"tmd_melees":{"position":[0,13,-3],"rotation":[90,0,0]},"tmd_melees_x":{"position":[0,0.5,0.4],"scale":[0.75,0.75,0.75]}},"loop":true}},"format_version":"1.8.0"}