{"animations":{"animation.tmd_melees.geo_8225648.firstperson_main_hand":{"bones":{"tmd_melees":{"position":[3,13,-5.5],"rotation":[90,0,0],"scale":1.5},"tmd_melees_x":{"position":[0,3,0],"rotation":[15,0,0],"scale":[0.7,0.7,0.7]},"tmd_melees_y":{"position":[-3,-2,0],"rotation":[0,-180,0],"scale":[1.5,1.5,1.5]},"tmd_melees_z":{"rotation":[0,0,0]}},"loop":true},"animation.tmd_melees.geo_8225648.head":{"bones":{"tmd_melees":{"position":[0,19.5,0]},"tmd_melees_x":{"scale":0.625}},"loop":true},"animation.tmd_melees.geo_8225648.thirdperson_main_hand":{"bones":{"tmd_melees":{"position":[0,13,-3],"rotation":[90,0,0]},"tmd_melees_x":{"position":[0,2.65,1.13],"rotation":[0,0,0],"scale":[0.85,0.85,0.85]},"tmd_melees_y":{"rotation":[0,-180,0]},"tmd_melees_z":{"rotation":[0,0,0]}},"loop":true}},"format_version":"1.8.0"}