{"animations":{"animation.tmd_melees.geo_781c5a4.firstperson_main_hand":{"bones":{"tmd_melees":{"position":[0,14,-6.5],"rotation":[90,0,0],"scale":1.5},"tmd_melees_x":{"position":[0,1.5,0],"rotation":[0.1,0.1,0.1],"scale":[0.3,0.5,0.5]},"tmd_melees_y":{"position":[0,-2,0],"rotation":[0,0,0],"scale":[1.6,1.6,1.6]}},"loop":true},"animation.tmd_melees.geo_781c5a4.head":{"bones":{"tmd_melees":{"position":[0,19.5,0]},"tmd_melees_x":{"position":[2.1731249999999998,2.5,-4.780625],"rotation":[70,0,0],"scale":0.625},"tmd_melees_y":{"rotation":[0,-34,0]},"tmd_melees_z":{"rotation":[0,0,180]}},"loop":true},"animation.tmd_melees.geo_781c5a4.thirdperson_main_hand":{"bones":{"tmd_melees":{"position":[0,13,-3],"rotation":[90,0,0]},"tmd_melees_x":{"position":[0.5,1.5,1],"scale":[0.5,0.5,0.5]}},"loop":true}},"format_version":"1.8.0"}