{"animations":{"animation.tmd_melees.geo_e116252.firstperson_main_hand":{"bones":{"tmd_melees":{"position":[1,14.5,-5.5],"rotation":[90,0,0],"scale":1.5},"tmd_melees_x":{"position":[0,0.19,0],"rotation":[10,0,0]},"tmd_melees_y":{"rotation":[0,-90,0]},"tmd_melees_z":{"rotation":[0,0,0]}},"loop":true},"animation.tmd_melees.geo_e116252.head":{"bones":{"tmd_melees":{"position":[0,19.5,0]},"tmd_melees_x":{"scale":0.625}},"loop":true},"animation.tmd_melees.geo_e116252.thirdperson_main_hand":{"bones":{"tmd_melees":{"position":[0,13,-3],"rotation":[90,0,0]},"tmd_melees_x":{"position":[0.76,0.57,1.7],"rotation":[0,0,0],"scale":[0.75,0.75,0.75]},"tmd_melees_y":{"rotation":[0,-90,0]},"tmd_melees_z":{"rotation":[0,0,0]}},"loop":true}},"format_version":"1.8.0"}