{"animations":{"animation.tmd_melees.geo_fd794fa.firstperson_main_hand":{"bones":{"tmd_melees":{"position":[0,14,-5.5],"rotation":[90,0,0],"scale":1.5},"tmd_melees_x":{"position":[0,1.51,0],"rotation":[0.1,0.1,0.1],"scale":[0.6,0.6,0.6]},"tmd_melees_y":{"position":[0,-2,0],"rotation":[0,0,0],"scale":[1.4,1.4,1.4]}},"loop":true},"animation.tmd_melees.geo_fd794fa.head":{"bones":{"tmd_melees":{"position":[0,19.5,0]},"tmd_melees_x":{"scale":0.625}},"loop":true},"animation.tmd_melees.geo_fd794fa.thirdperson_main_hand":{"bones":{"tmd_melees":{"position":[0,13,-3],"rotation":[90,0,0]},"tmd_melees_x":{"position":[0,1.89,0.76],"scale":[0.7,0.7,0.7]}},"loop":true}},"format_version":"1.8.0"}