{"animations":{"animation.tmd_melees.geo_7426526.firstperson_main_hand":{"bones":{"tmd_melees":{"position":[0,14,-6.5],"rotation":[90,0,0],"scale":1.5},"tmd_melees_x":{"position":[0,1.51,0],"rotation":[0,0,0],"scale":[0.6,0.6,0.6]},"tmd_melees_y":{"position":[0,-2,0],"rotation":[0,-90,0],"scale":[1.4,1.4,1.4]},"tmd_melees_z":{"rotation":[0,0,0]}},"loop":true},"animation.tmd_melees.geo_7426526.head":{"bones":{"tmd_melees":{"position":[0,19.5,0]},"tmd_melees_x":{"scale":0.625}},"loop":true},"animation.tmd_melees.geo_7426526.thirdperson_main_hand":{"bones":{"tmd_melees":{"position":[0,13,-3],"rotation":[90,0,0]},"tmd_melees_x":{"position":[0,1.89,0.76],"rotation":[0,0,0],"scale":[0.8,0.8,0.8]},"tmd_melees_y":{"rotation":[0,-90,0]},"tmd_melees_z":{"rotation":[0,0,0]}},"loop":true}},"format_version":"1.8.0"}