{"animations":{"animation.tmd_melees.geo_d847249.firstperson_main_hand":{"bones":{"tmd_melees":{"position":[0,10.5,-6],"rotation":[90,0,0],"scale":1.5},"tmd_melees_x":{"position":[0,11,0],"rotation":[15,0,0],"scale":[1,0.8,0.8]},"tmd_melees_y":{"position":[0,-2,0],"rotation":[0,-90,0],"scale":[1.2,1.5,1.2]},"tmd_melees_z":{"rotation":[0,0,-90]}},"loop":true},"animation.tmd_melees.geo_d847249.head":{"bones":{"tmd_melees":{"position":[0,19.5,0]},"tmd_melees_x":{"scale":0.625}},"loop":true},"animation.tmd_melees.geo_d847249.thirdperson_main_hand":{"bones":{"tmd_melees":{"position":[0,13,-3],"rotation":[90,0,0]},"tmd_melees_x":{"position":[0,13,2],"rotation":[0,0,0],"scale":[1.24,1,1]},"tmd_melees_y":{"rotation":[0,-90,0]},"tmd_melees_z":{"rotation":[0,0,-90]}},"loop":true}},"format_version":"1.8.0"}