{"animations":{"animation.tmd_melees.geo_a566cec.firstperson_main_hand":{"bones":{"tmd_melees":{"position":[0.25,10.75,-1.5],"rotation":[90,0,0],"scale":1.5},"tmd_melees_x":{"position":[0,7.32,0],"rotation":[15,0,0]},"tmd_melees_y":{"rotation":[0,58,0]},"tmd_melees_z":{"rotation":[0,0,0]}},"loop":true},"animation.tmd_melees.geo_a566cec.head":{"bones":{"tmd_melees":{"position":[0,19.5,0]},"tmd_melees_x":{"scale":0.625}},"loop":true},"animation.tmd_melees.geo_a566cec.thirdperson_main_hand":{"bones":{"tmd_melees":{"position":[0,13,-3],"rotation":[90,0,0]},"tmd_melees_x":{"position":[0.19,7.89,1.12],"scale":[1.1,1.1,1.1]}},"loop":true}},"format_version":"1.8.0"}