{"animations":{"animation.tmd_melees.geo_b36ed1b.firstperson_main_hand":{"bones":{"tmd_melees":{"position":[4.5,12.5,-5.5],"rotation":[90,0,0],"scale":1.5},"tmd_melees_x":{"position":[0,3,0],"rotation":[15,0,0]},"tmd_melees_y":{"position":[-3,-1,0],"rotation":[0,0,0],"scale":[1.4,1.4,1.4]},"tmd_melees_z":{"rotation":[0,0,0]}},"loop":true},"animation.tmd_melees.geo_b36ed1b.head":{"bones":{"tmd_melees":{"position":[0,19.5,0]},"tmd_melees_x":{"scale":0.625}},"loop":true},"animation.tmd_melees.geo_b36ed1b.thirdperson_main_hand":{"bones":{"tmd_melees":{"position":[0,13,-3],"rotation":[90,0,0]},"tmd_melees_x":{"position":[0.19,1,1.12],"scale":[1.1,1.1,1.1]}},"loop":true}},"format_version":"1.8.0"}