{
  "animations": {
    "animation.battles.fight": {
      "animation_length": 11,
      "bones": {
        "arml": {
          "rotation": {
            "0.0": {
              "lerp_mode": "catmullrom",
              "post": [
                0,
                0,
                0
              ]
            },
            "1.0": {
              "lerp_mode": "catmullrom",
              "post": [
                0,
                0,
                0
              ]
            },
            "1.5": {
              "lerp_mode": "catmullrom",
              "post": [
                -99.93905,
                -5.43805,
                21.19736
              ]
            },
            "11.0": {
              "lerp_mode": "catmullrom",
              "post": [
                0,
                0,
                0
              ]
            },
            "2.0": {
              "lerp_mode": "catmullrom",
              "post": [
                -4.93905,
                -5.43805,
                21.19736
              ]
            },
            "3.0": {
              "lerp_mode": "catmullrom",
              "post": [
                -4.94,
                -5.44,
                21.2
              ]
            },
            "3.5": {
              "lerp_mode": "catmullrom",
              "post": [
                -6.64127,
                -3.14032,
                43.64741
              ]
            },
            "4.0": {
              "lerp_mode": "catmullrom",
              "post": [
                -4.94,
                -5.44,
                21.2
              ]
            },
            "5.0": {
              "lerp_mode": "catmullrom",
              "post": [
                -107.88014,
                -22.64106,
                52.78701
              ]
            },
            "5.5": {
              "lerp_mode": "catmullrom",
              "post": [
                -4.94,
                -5.44,
                21.2
              ]
            },
            "6.5": {
              "lerp_mode": "catmullrom",
              "post": [
                -4.94,
                -5.44,
                21.2
              ]
            },
            "7.0": {
              "lerp_mode": "catmullrom",
              "post": [
                -69.21261,
                -5.4379,
                96.03169
              ]
            },
            "7.5": {
              "lerp_mode": "catmullrom",
              "post": [
                -69.21261,
                -5.4379,
                96.03169
              ]
            },
            "8.0": {
              "lerp_mode": "catmullrom",
              "post": [
                -86.33034,
                -6.32855,
                0.94337
              ]
            },
            "8.5": {
              "lerp_mode": "catmullrom",
              "post": [
                -38.83034,
                -6.32855,
                0.94337
              ]
            }
          }
        },
        "arml2": {
          "rotation": {
            "0.0": {
              "lerp_mode": "catmullrom",
              "post": [
                0,
                0,
                0
              ]
            },
            "1.0": {
              "lerp_mode": "catmullrom",
              "post": [
                0,
                0,
                0
              ]
            },
            "11.0": {
              "lerp_mode": "catmullrom",
              "post": [
                0,
                0,
                0
              ]
            },
            "2.0": {
              "lerp_mode": "catmullrom",
              "post": [
                0,
                0,
                -20
              ]
            },
            "3.0": {
              "lerp_mode": "catmullrom",
              "post": [
                0,
                0,
                -20
              ]
            },
            "3.5": {
              "lerp_mode": "catmullrom",
              "post": [
                0,
                0,
                -40
              ]
            },
            "4.0": {
              "lerp_mode": "catmullrom",
              "post": [
                0,
                0,
                -20
              ]
            }
          }
        },
        "arml3": {
          "rotation": {
            "0.0": {
              "lerp_mode": "catmullrom",
              "post": [
                -0.2,
                -1.27,
                1.11
              ]
            },
            "1.0": {
              "lerp_mode": "catmullrom",
              "post": [
                -0.20011,
                -1.26689,
                1.11179
              ]
            },
            "1.5": {
              "lerp_mode": "catmullrom",
              "post": [
                60.57104,
                -13.52684,
                -46.08262
              ]
            },
            "11.0": {
              "lerp_mode": "catmullrom",
              "post": [
                -0.2,
                -1.27,
                1.11
              ]
            },
            "3.5": {
              "lerp_mode": "catmullrom",
              "post": [
                60.04625,
                6.30325,
                -51.66668
              ]
            },
            "4.5": {
              "lerp_mode": "catmullrom",
              "post": [
                -6.21621,
                -2.37374,
                -3.63629
              ]
            },
            "5.0": {
              "lerp_mode": "catmullrom",
              "post": [
                -6.22,
                -2.37,
                -3.64
              ]
            },
            "5.5": {
              "lerp_mode": "catmullrom",
              "post": [
                -4.84478,
                -4.56739,
                -26.07547
              ]
            },
            "6.5": {
              "lerp_mode": "catmullrom",
              "post": [
                -4.84,
                -4.57,
                -26.08
              ]
            },
            "7.0": {
              "lerp_mode": "catmullrom",
              "post": [
                109.26319,
                -23.56178,
                -32.57953
              ]
            },
            "7.5": {
              "lerp_mode": "catmullrom",
              "post": [
                41.76319,
                -23.56178,
                -32.57953
              ]
            },
            "8.0": {
              "lerp_mode": "catmullrom",
              "post": [
                71.79373,
                -50.00662,
                -79.7013
              ]
            },
            "8.5": {
              "lerp_mode": "catmullrom",
              "post": [
                78.35286,
                5.92783,
                -95.06379
              ]
            }
          }
        },
        "arml4": {
          "rotation": {
            "0.0": {
              "lerp_mode": "catmullrom",
              "post": [
                0,
                0,
                0
              ]
            },
            "1.0": {
              "lerp_mode": "catmullrom",
              "post": [
                0,
                0,
                0
              ]
            },
            "11.0": {
              "lerp_mode": "catmullrom",
              "post": [
                0,
                0,
                0
              ]
            },
            "2.0": {
              "lerp_mode": "catmullrom",
              "post": [
                0,
                0,
                30
              ]
            },
            "3.0": {
              "lerp_mode": "catmullrom",
              "post": [
                0,
                0,
                0
              ]
            },
            "5.0": {
              "lerp_mode": "catmullrom",
              "post": [
                0,
                0,
                0
              ]
            },
            "5.5": {
              "lerp_mode": "catmullrom",
              "post": [
                0,
                0,
                30
              ]
            }
          }
        },
        "body": {
          "rotation": {
            "0.0": {
              "lerp_mode": "catmullrom",
              "post": [
                17.5,
                0,
                0
              ]
            },
            "1.0": {
              "lerp_mode": "catmullrom",
              "post": [
                12.5,
                0,
                0
              ]
            },
            "11.0": {
              "lerp_mode": "catmullrom",
              "post": [
                17.5,
                0,
                0
              ]
            },
            "2.0": {
              "lerp_mode": "catmullrom",
              "post": [
                15.34721,
                12.06754,
                3.28396
              ]
            },
            "3.0": {
              "lerp_mode": "catmullrom",
              "post": [
                15.35,
                12.07,
                3.28
              ]
            },
            "3.5": {
              "lerp_mode": "catmullrom",
              "post": [
                -5.89983,
                12.07015,
                3.27975
              ]
            },
            "4.0": {
              "lerp_mode": "catmullrom",
              "post": [
                -2.15,
                12.07,
                3.28
              ]
            },
            "7.0": {
              "lerp_mode": "catmullrom",
              "post": [
                -2.15,
                12.07,
                3.28
              ]
            },
            "7.5": {
              "lerp_mode": "catmullrom",
              "post": [
                -19.65,
                12.07,
                3.28
              ]
            }
          }
        },
        "body2": {
          "rotation": {
            "0.0": {
              "lerp_mode": "catmullrom",
              "post": [
                0,
                0,
                0
              ]
            },
            "1.5": {
              "lerp_mode": "catmullrom",
              "post": [
                0,
                0,
                0
              ]
            },
            "11.0": {
              "lerp_mode": "catmullrom",
              "post": [
                0,
                0,
                0
              ]
            },
            "2.0": {
              "lerp_mode": "catmullrom",
              "post": [
                25,
                0,
                0
              ]
            },
            "2.5": {
              "lerp_mode": "catmullrom",
              "post": [
                0,
                0,
                0
              ]
            },
            "3.0": {
              "lerp_mode": "catmullrom",
              "post": [
                -10,
                0,
                0
              ]
            },
            "3.5": {
              "lerp_mode": "catmullrom",
              "post": [
                -10.34527,
                14.76689,
                -2.66399
              ]
            },
            "5.0": {
              "lerp_mode": "catmullrom",
              "post": [
                -10.35,
                14.77,
                -2.66
              ]
            },
            "6.0": {
              "lerp_mode": "catmullrom",
              "post": [
                -9.94674,
                -3.82798,
                0.69129
              ]
            }
          }
        },
        "hand": {
          "rotation": {
            "0.0": {
              "lerp_mode": "catmullrom",
              "post": [
                0,
                0,
                0
              ]
            },
            "11.0": {
              "lerp_mode": "catmullrom",
              "post": [
                0,
                0,
                0
              ]
            },
            "4.5": [
              0,
              0,
              0
            ],
            "5.0": [
              -27.5,
              0,
              0
            ],
            "5.5": [
              0,
              0,
              0
            ],
            "7.0": [
              -55,
              0,
              0
            ]
          }
        },
        "hand2": {
          "rotation": {
            "0.0": {
              "lerp_mode": "catmullrom",
              "post": [
                0,
                0,
                0
              ]
            },
            "11.0": {
              "lerp_mode": "catmullrom",
              "post": [
                0,
                0,
                0
              ]
            },
            "2.5": {
              "lerp_mode": "catmullrom",
              "post": [
                0,
                0,
                0
              ]
            },
            "3.0": {
              "lerp_mode": "catmullrom",
              "post": [
                17.5,
                0,
                0
              ]
            },
            "3.5": {
              "lerp_mode": "catmullrom",
              "post": [
                0,
                0,
                0
              ]
            },
            "5.0": {
              "lerp_mode": "catmullrom",
              "post": [
                0,
                0,
                0
              ]
            }
          }
        },
        "hand3": {
          "rotation": {
            "0.0": {
              "lerp_mode": "catmullrom",
              "post": [
                0,
                0,
                0
              ]
            },
            "1.0": {
              "lerp_mode": "catmullrom",
              "post": [
                0,
                0,
                0
              ]
            },
            "11.0": {
              "lerp_mode": "catmullrom",
              "post": [
                0,
                0,
                0
              ]
            },
            "2.0": {
              "lerp_mode": "catmullrom",
              "post": [
                -20,
                0,
                0
              ]
            }
          }
        },
        "hand4": {
          "rotation": {
            "0.0": {
              "lerp_mode": "catmullrom",
              "post": [
                0,
                0,
                0
              ]
            },
            "1.0": {
              "lerp_mode": "catmullrom",
              "post": [
                0,
                0,
                0
              ]
            },
            "11.0": {
              "lerp_mode": "catmullrom",
              "post": [
                0,
                0,
                0
              ]
            },
            "2.0": {
              "lerp_mode": "catmullrom",
              "post": [
                20,
                0,
                0
              ]
            },
            "3.0": {
              "lerp_mode": "catmullrom",
              "post": [
                0,
                0,
                0
              ]
            },
            "5.0": {
              "lerp_mode": "catmullrom",
              "post": [
                0,
                0,
                0
              ]
            },
            "5.5": {
              "lerp_mode": "catmullrom",
              "post": [
                15,
                0,
                0
              ]
            }
          }
        },
        "head": {
          "position": {
            "3.5": [
              0,
              0,
              0
            ],
            "4.5": [
              0,
              -23,
              20
            ],
            "7.5": [
              0,
              -23,
              20
            ],
            "8.0": [
              0,
              -1,
              -2
            ],
            "8.5": [
              0,
              -1,
              -1
            ]
          },
          "rotation": {
            "0.0": {
              "lerp_mode": "catmullrom",
              "post": [
                -15,
                0,
                0
              ]
            },
            "10.9167": [
              -357.48,
              -0.85,
              -182.35
            ],
            "10.9583": [
              -344.98,
              -0.85,
              -182.35
            ],
            "2.0": [
              -15,
              0,
              0
            ],
            "2.5": [
              -7.5,
              0,
              0
            ],
            "3.5": [
              -7.5,
              0,
              0
            ],
            "4.5": [
              -362.5,
              0,
              0
            ],
            "8.0": [
              -340,
              0,
              0
            ],
            "8.5": [
              -379.98247,
              -0.85481,
              -182.34941
            ],
            "9.9167": [
              -379.98247,
              -0.85481,
              -182.34941
            ]
          },
          "scale": {
            "4.0": [
              1,
              1,
              1
            ],
            "4.5": [
              0,
              0,
              -0.1
            ],
            "8.0": [
              0,
              0,
              -0.1
            ],
            "8.5": [
              -1,
              -1,
              1
            ]
          }
        },
        "head2": {
          "position": {
            "5.25": [
              0,
              0,
              0
            ],
            "6.0": [
              0,
              -40,
              -24
            ],
            "8.0": [
              0,
              -40,
              -24
            ],
            "8.5": [
              0,
              1,
              0
            ],
            "9.7083": [
              0,
              0,
              0
            ]
          },
          "rotation": {
            "0.0": {
              "lerp_mode": "catmullrom",
              "post": [
                0,
                0,
                0
              ]
            },
            "1.5": {
              "lerp_mode": "catmullrom",
              "post": [
                0,
                0,
                0
              ]
            },
            "11.0": {
              "lerp_mode": "catmullrom",
              "post": [
                0,
                0,
                0
              ]
            },
            "2.0": {
              "lerp_mode": "catmullrom",
              "post": [
                7.5,
                0,
                0
              ]
            },
            "2.5": {
              "lerp_mode": "catmullrom",
              "post": [
                0,
                0,
                0
              ]
            },
            "4.0": {
              "lerp_mode": "catmullrom",
              "post": [
                0,
                0,
                0
              ]
            },
            "4.5": {
              "lerp_mode": "catmullrom",
              "post": [
                7.26332,
                -10.06197,
                0.99145
              ]
            },
            "5.375": {
              "lerp_mode": "catmullrom",
              "post": [
                7.26,
                -10.06,
                0.99
              ]
            },
            "6.0": {
              "lerp_mode": "catmullrom",
              "post": [
                277.26,
                -10.06,
                0.99
              ]
            },
            "6.5": {
              "lerp_mode": "catmullrom",
              "post": [
                372.10834,
                4.60585,
                4.15077
              ]
            }
          },
          "scale": {
            "5.5": [
              1,
              1,
              1
            ],
            "6.0": [
              0,
              -0.6,
              0
            ],
            "8.5": [
              0,
              -0.6,
              0
            ],
            "9.0": [
              1,
              1,
              1
            ]
          }
        },
        "leftLeg": {
          "rotation": {
            "0.0": {
              "lerp_mode": "catmullrom",
              "post": [
                -20,
                0,
                0
              ]
            },
            "1.0": {
              "lerp_mode": "catmullrom",
              "post": [
                15,
                0,
                0
              ]
            },
            "11.0": {
              "lerp_mode": "catmullrom",
              "post": [
                -20,
                0,
                0
              ]
            },
            "2.0": {
              "lerp_mode": "catmullrom",
              "post": [
                -20,
                0,
                0
              ]
            },
            "3.5": {
              "lerp_mode": "catmullrom",
              "post": [
                -20,
                0,
                0
              ]
            },
            "4.0": {
              "lerp_mode": "catmullrom",
              "post": [
                17.5,
                0,
                0
              ]
            },
            "5.0": {
              "lerp_mode": "catmullrom",
              "post": [
                -15,
                0,
                0
              ]
            }
          }
        },
        "leftLeg2": {
          "rotation": {
            "0.0": {
              "lerp_mode": "catmullrom",
              "post": [
                0,
                0,
                0
              ]
            },
            "1.5": {
              "lerp_mode": "catmullrom",
              "post": [
                0,
                0,
                0
              ]
            },
            "11.0": {
              "lerp_mode": "catmullrom",
              "post": [
                0,
                0,
                0
              ]
            },
            "2.0": {
              "lerp_mode": "catmullrom",
              "post": [
                10,
                0,
                0
              ]
            },
            "6.0": {
              "lerp_mode": "catmullrom",
              "post": [
                10,
                0,
                0
              ]
            },
            "6.5": {
              "lerp_mode": "catmullrom",
              "post": [
                -17.5,
                0,
                0
              ]
            }
          }
        },
        "leftshin": {
          "rotation": {
            "0.0": {
              "lerp_mode": "catmullrom",
              "post": [
                20,
                0,
                0
              ]
            },
            "1.0": {
              "lerp_mode": "catmullrom",
              "post": [
                0,
                0,
                0
              ]
            },
            "11.0": {
              "lerp_mode": "catmullrom",
              "post": [
                20,
                0,
                0
              ]
            },
            "2.0": {
              "lerp_mode": "catmullrom",
              "post": [
                20,
                0,
                0
              ]
            },
            "3.5": {
              "lerp_mode": "catmullrom",
              "post": [
                20,
                0,
                0
              ]
            },
            "4.0": {
              "lerp_mode": "catmullrom",
              "post": [
                0,
                0,
                0
              ]
            },
            "5.0": {
              "lerp_mode": "catmullrom",
              "post": [
                15,
                0,
                0
              ]
            }
          }
        },
        "leftshin2": {
          "rotation": {
            "0.0": {
              "lerp_mode": "catmullrom",
              "post": [
                0,
                0,
                0
              ]
            },
            "1.5": {
              "lerp_mode": "catmullrom",
              "post": [
                0,
                0,
                0
              ]
            },
            "11.0": {
              "lerp_mode": "catmullrom",
              "post": [
                0,
                0,
                0
              ]
            },
            "2.0": {
              "lerp_mode": "catmullrom",
              "post": [
                -10,
                0,
                0
              ]
            }
          }
        },
        "rightLeg": {
          "rotation": {
            "0.0": {
              "lerp_mode": "catmullrom",
              "post": [
                22.5,
                0,
                0
              ]
            },
            "1.0": {
              "lerp_mode": "catmullrom",
              "post": [
                -15,
                0,
                0
              ]
            },
            "11.0": {
              "lerp_mode": "catmullrom",
              "post": [
                22.5,
                0,
                0
              ]
            },
            "2.0": {
              "lerp_mode": "catmullrom",
              "post": [
                22.5,
                0,
                0
              ]
            },
            "3.5": {
              "lerp_mode": "catmullrom",
              "post": [
                22.5,
                0,
                0
              ]
            },
            "4.0": {
              "lerp_mode": "catmullrom",
              "post": [
                -15,
                0,
                0
              ]
            },
            "4.5": {
              "lerp_mode": "catmullrom",
              "post": [
                5,
                0,
                0
              ]
            }
          }
        },
        "rightLeg2": {
          "rotation": {
            "0.0": {
              "lerp_mode": "catmullrom",
              "post": [
                0,
                0,
                0
              ]
            },
            "1.5": {
              "lerp_mode": "catmullrom",
              "post": [
                0,
                0,
                0
              ]
            },
            "11.0": {
              "lerp_mode": "catmullrom",
              "post": [
                0,
                0,
                0
              ]
            },
            "2.0": {
              "lerp_mode": "catmullrom",
              "post": [
                -17.5,
                0,
                0
              ]
            },
            "6.0": {
              "lerp_mode": "catmullrom",
              "post": [
                -17.5,
                0,
                0
              ]
            },
            "6.5": {
              "lerp_mode": "catmullrom",
              "post": [
                17.5,
                0,
                0
              ]
            }
          }
        },
        "rightshin": {
          "rotation": {
            "0.0": {
              "lerp_mode": "catmullrom",
              "post": [
                0,
                0,
                0
              ]
            },
            "1.0": {
              "lerp_mode": "catmullrom",
              "post": [
                15,
                0,
                0
              ]
            },
            "11.0": {
              "lerp_mode": "catmullrom",
              "post": [
                0,
                0,
                0
              ]
            },
            "2.0": {
              "lerp_mode": "catmullrom",
              "post": [
                0,
                0,
                0
              ]
            },
            "3.5": {
              "lerp_mode": "catmullrom",
              "post": [
                0,
                0,
                0
              ]
            },
            "4.0": {
              "lerp_mode": "catmullrom",
              "post": [
                17.5,
                0,
                0
              ]
            },
            "5.0": {
              "lerp_mode": "catmullrom",
              "post": [
                2.5,
                0,
                0
              ]
            }
          }
        },
        "rightshin2": {
          "rotation": {
            "0.0": {
              "lerp_mode": "catmullrom",
              "post": [
                0,
                0,
                0
              ]
            },
            "11.0": {
              "lerp_mode": "catmullrom",
              "post": [
                0,
                0,
                0
              ]
            },
            "6.0": [
              0,
              0,
              0
            ],
            "6.5": [
              -15,
              0,
              0
            ]
          }
        },
        "steve1": {
          "position": {
            "0.0": {
              "lerp_mode": "catmullrom",
              "post": [
                0,
                0,
                0
              ]
            },
            "1.0": [
              2,
              0,
              0
            ],
            "11.0": {
              "lerp_mode": "catmullrom",
              "post": [
                0,
                0,
                0
              ]
            },
            "2.0": [
              4,
              0,
              0
            ],
            "3.5": [
              4,
              0,
              0
            ],
            "4.0": [
              2,
              0,
              0
            ],
            "5.0": [
              5,
              0,
              0
            ]
          }
        },
        "steve2": {
          "position": {
            "10.5": [
              -3,
              0,
              0
            ],
            "11.0": [
              0,
              0,
              0
            ],
            "6.0": [
              0,
              0,
              0
            ],
            "6.5": [
              -3,
              0,
              0
            ]
          },
          "rotation": {
            "0.0": {
              "lerp_mode": "catmullrom",
              "post": [
                0,
                0,
                0
              ]
            },
            "11.0": {
              "lerp_mode": "catmullrom",
              "post": [
                0,
                0,
                0
              ]
            }
          }
        },
        "sword": {
          "rotation": {
            "0.0": {
              "lerp_mode": "catmullrom",
              "post": [
                0,
                0,
                0
              ]
            },
            "1.5": {
              "lerp_mode": "catmullrom",
              "post": [
                0,
                0,
                0
              ]
            },
            "1.75": {
              "lerp_mode": "catmullrom",
              "post": [
                5,
                0,
                0
              ]
            },
            "11.0": {
              "lerp_mode": "catmullrom",
              "post": [
                0,
                0,
                0
              ]
            },
            "4.5": {
              "lerp_mode": "catmullrom",
              "post": [
                5,
                0,
                0
              ]
            },
            "5.0": {
              "lerp_mode": "catmullrom",
              "post": [
                52.5,
                0,
                0
              ]
            },
            "7.0": {
              "lerp_mode": "catmullrom",
              "post": [
                52.5,
                0,
                0
              ]
            },
            "7.5": {
              "lerp_mode": "catmullrom",
              "post": [
                82.5,
                0,
                0
              ]
            }
          }
        },
        "sword2": {
          "rotation": {
            "0.0": {
              "lerp_mode": "catmullrom",
              "post": [
                0,
                0,
                0
              ]
            },
            "11.0": {
              "lerp_mode": "catmullrom",
              "post": [
                0,
                0,
                0
              ]
            },
            "3.0": {
              "lerp_mode": "catmullrom",
              "post": [
                0,
                0,
                0
              ]
            },
            "3.5": {
              "lerp_mode": "catmullrom",
              "post": [
                -55,
                0,
                0
              ]
            },
            "6.5": {
              "lerp_mode": "catmullrom",
              "post": [
                -55,
                0,
                0
              ]
            },
            "7.0": {
              "lerp_mode": "catmullrom",
              "post": [
                12.5,
                0,
                0
              ]
            },
            "7.5": {
              "lerp_mode": "catmullrom",
              "post": [
                11.98615,
                24.89837,
                -2.3273
              ]
            },
            "8.5": {
              "lerp_mode": "catmullrom",
              "post": [
                13.35077,
                41.43302,
                32.18468
              ]
            }
          }
        }
      },
      "loop": true
    }
  },
  "format_version": "1.8.0"
}