{
  "animations": {
    "animation.clipboard.bounce": {
      "animation_length": 1.28,
      "bones": {
        "Clipboard": {
          "position": {
            "0.0": [
              0,
              0,
              0
            ],
            "0.56": [
              0,
              5,
              0
            ],
            "0.64": [
              0,
              5.3,
              0
            ],
            "1.04": [
              0,
              1,
              0
            ],
            "1.28": [
              0,
              0,
              0
            ]
          }
        }
      },
      "loop": true
    }
  },
  "format_version": "1.8.0"
}