{
  "animations": {
    "animation.crate.opening": {
      "animation_length": 3,
      "bones": {
        "crate": {
          "position": {
            "0.3333": {
              "lerp_mode": "catmullrom",
              "post": [
                0,
                0,
                0
              ]
            },
            "0.5": {
              "lerp_mode": "catmullrom",
              "post": [
                0,
                1,
                0
              ]
            },
            "0.75": {
              "lerp_mode": "catmullrom",
              "post": [
                0,
                0,
                0
              ]
            },
            "3.0": [
              0,
              0,
              0
            ]
          },
          "scale": {
            "0.0": {
              "lerp_mode": "catmullrom",
              "post": [
                1,
                1,
                1
              ]
            },
            "0.1667": {
              "lerp_mode": "catmullrom",
              "post": [
                1,
                0.9,
                1
              ]
            },
            "0.3333": {
              "lerp_mode": "catmullrom",
              "post": [
                1,
                0.9,
                1
              ]
            },
            "0.5": {
              "lerp_mode": "catmullrom",
              "post": [
                1,
                1,
                1
              ]
            },
            "0.75": {
              "lerp_mode": "catmullrom",
              "post": [
                1,
                0.9,
                1
              ]
            },
            "1.0": {
              "lerp_mode": "catmullrom",
              "post": [
                1,
                1.05,
                1
              ]
            },
            "1.25": {
              "lerp_mode": "catmullrom",
              "post": [
                1,
                1,
                1
              ]
            },
            "1.5": {
              "lerp_mode": "catmullrom",
              "post": [
                1,
                1.02,
                1
              ]
            },
            "1.75": {
              "lerp_mode": "catmullrom",
              "post": [
                1,
                1,
                1
              ]
            },
            "3.0": {
              "lerp_mode": "catmullrom",
              "post": [
                1,
                1,
                1
              ]
            }
          }
        },
        "particles": {
          "position": {
            "0.5": {
              "lerp_mode": "catmullrom",
              "post": [
                0,
                4,
                0
              ]
            },
            "2.5": {
              "lerp_mode": "catmullrom",
              "post": [
                0,
                12,
                0
              ]
            }
          },
          "scale": {
            "0.0": [
              0,
              0,
              0
            ],
            "0.5": {
              "post": [
                1,
                1,
                1
              ],
              "pre": [
                0,
                0,
                0
              ]
            },
            "2.7083": {
              "post": [
                0,
                0,
                0
              ],
              "pre": [
                1,
                1,
                1
              ]
            }
          }
        },
        "tampa": {
          "rotation": {
            "0.5": {
              "lerp_mode": "catmullrom",
              "post": [
                0,
                0,
                0
              ]
            },
            "0.75": {
              "lerp_mode": "catmullrom",
              "post": [
                -90,
                0,
                0
              ]
            },
            "1.0": {
              "lerp_mode": "catmullrom",
              "post": [
                -80,
                0,
                0
              ]
            },
            "1.25": {
              "lerp_mode": "catmullrom",
              "post": [
                -90,
                0,
                0
              ]
            },
            "1.5": {
              "lerp_mode": "catmullrom",
              "post": [
                -97,
                0,
                0
              ]
            },
            "1.75": {
              "lerp_mode": "catmullrom",
              "post": [
                -90,
                0,
                0
              ]
            },
            "2.5": {
              "lerp_mode": "catmullrom",
              "post": [
                -90,
                0,
                0
              ]
            },
            "3.0": {
              "lerp_mode": "catmullrom",
              "post": [
                0,
                0,
                0
              ]
            }
          }
        }
      }
    },
    "animation.crate.shaking_lightly": {
      "animation_length": 1,
      "bones": {
        "crate": {
          "rotation": {
            "0.0": {
              "lerp_mode": "catmullrom",
              "post": [
                0,
                0,
                0
              ]
            },
            "0.1667": {
              "lerp_mode": "catmullrom",
              "post": [
                0.5,
                0,
                -0.5
              ]
            },
            "0.3333": {
              "lerp_mode": "catmullrom",
              "post": [
                0,
                0,
                0.5
              ]
            },
            "0.5": {
              "lerp_mode": "catmullrom",
              "post": [
                -0.5,
                0,
                -0.5
              ]
            },
            "0.6667": {
              "lerp_mode": "catmullrom",
              "post": [
                0,
                0,
                0.5
              ]
            },
            "0.8333": {
              "lerp_mode": "catmullrom",
              "post": [
                0.5,
                0,
                -0.5
              ]
            },
            "1.0": {
              "lerp_mode": "catmullrom",
              "post": [
                0,
                0,
                0
              ]
            }
          }
        },
        "left": {
          "rotation": {
            "0.0": {
              "lerp_mode": "catmullrom",
              "post": [
                0,
                0,
                0
              ]
            },
            "0.1667": {
              "lerp_mode": "catmullrom",
              "post": [
                0,
                0,
                2.5
              ]
            },
            "0.3333": {
              "lerp_mode": "catmullrom",
              "post": [
                0,
                0,
                0
              ]
            },
            "0.5": {
              "lerp_mode": "catmullrom",
              "post": [
                0,
                0,
                2.5
              ]
            },
            "0.6667": {
              "lerp_mode": "catmullrom",
              "post": [
                0,
                0,
                0
              ]
            },
            "0.8333": {
              "lerp_mode": "catmullrom",
              "post": [
                0,
                0,
                2.5
              ]
            },
            "1.0": {
              "lerp_mode": "catmullrom",
              "post": [
                0,
                0,
                0
              ]
            }
          }
        },
        "right": {
          "rotation": {
            "0.0": {
              "lerp_mode": "catmullrom",
              "post": [
                0,
                0,
                0
              ]
            },
            "0.1667": {
              "lerp_mode": "catmullrom",
              "post": [
                0,
                0,
                2.5
              ]
            },
            "0.3333": {
              "lerp_mode": "catmullrom",
              "post": [
                0,
                0,
                2.5
              ]
            },
            "0.5": {
              "lerp_mode": "catmullrom",
              "post": [
                0,
                0,
                2.5
              ]
            },
            "0.6667": {
              "lerp_mode": "catmullrom",
              "post": [
                0,
                0,
                2.5
              ]
            },
            "0.8333": {
              "lerp_mode": "catmullrom",
              "post": [
                0,
                0,
                2.5
              ]
            },
            "1.0": {
              "lerp_mode": "catmullrom",
              "post": [
                0,
                0,
                0
              ]
            }
          }
        },
        "tampa": {
          "rotation": {
            "0.0": {
              "lerp_mode": "catmullrom",
              "post": [
                0,
                0,
                0
              ]
            },
            "0.1667": {
              "lerp_mode": "catmullrom",
              "post": [
                -0.4,
                0,
                0
              ]
            },
            "0.3333": {
              "lerp_mode": "catmullrom",
              "post": [
                0,
                0,
                0
              ]
            },
            "0.5": {
              "lerp_mode": "catmullrom",
              "post": [
                -0.4,
                0,
                0
              ]
            },
            "0.6667": {
              "lerp_mode": "catmullrom",
              "post": [
                0,
                0,
                0
              ]
            },
            "0.8333": {
              "lerp_mode": "catmullrom",
              "post": [
                -0.4,
                0,
                0
              ]
            },
            "1.0": {
              "lerp_mode": "catmullrom",
              "post": [
                0,
                0,
                0
              ]
            }
          }
        }
      }
    },
    "animation.crate.shaking_vigorously": {
      "animation_length": 1.04167,
      "bones": {
        "crate": {
          "rotation": {
            "0.0": {
              "lerp_mode": "catmullrom",
              "post": [
                0,
                0,
                0
              ]
            },
            "0.1667": {
              "lerp_mode": "catmullrom",
              "post": [
                0,
                0,
                -2
              ]
            },
            "0.3333": {
              "lerp_mode": "catmullrom",
              "post": [
                2,
                0,
                0
              ]
            },
            "0.5": {
              "lerp_mode": "catmullrom",
              "post": [
                0,
                0,
                2
              ]
            },
            "0.6667": {
              "lerp_mode": "catmullrom",
              "post": [
                0,
                0,
                -2
              ]
            },
            "0.8333": {
              "lerp_mode": "catmullrom",
              "post": [
                2,
                0,
                0
              ]
            },
            "1.0": [
              0,
              0,
              0
            ],
            "1.0417": [
              0,
              0,
              0
            ]
          },
          "scale": {
            "0.0": {
              "lerp_mode": "catmullrom",
              "post": [
                1,
                1,
                1
              ]
            },
            "0.1667": {
              "lerp_mode": "catmullrom",
              "post": [
                1,
                1.02,
                1
              ]
            },
            "0.3333": {
              "lerp_mode": "catmullrom",
              "post": [
                1,
                1,
                1
              ]
            },
            "0.5": {
              "lerp_mode": "catmullrom",
              "post": [
                1,
                1.02,
                1
              ]
            },
            "0.6667": {
              "lerp_mode": "catmullrom",
              "post": [
                1,
                1,
                1
              ]
            },
            "0.8333": {
              "lerp_mode": "catmullrom",
              "post": [
                1,
                1.02,
                1
              ]
            },
            "1.0": [
              1,
              1,
              1
            ],
            "1.0417": [
              1,
              1,
              1
            ]
          }
        },
        "left": {
          "rotation": {
            "0.0": {
              "lerp_mode": "catmullrom",
              "post": [
                0,
                0,
                0
              ]
            },
            "0.1667": {
              "lerp_mode": "catmullrom",
              "post": [
                0,
                0,
                5
              ]
            },
            "0.3333": {
              "lerp_mode": "catmullrom",
              "post": [
                0,
                0,
                0
              ]
            },
            "0.5": {
              "lerp_mode": "catmullrom",
              "post": [
                0,
                0,
                5
              ]
            },
            "0.6667": {
              "lerp_mode": "catmullrom",
              "post": [
                0,
                0,
                5
              ]
            },
            "0.8333": {
              "lerp_mode": "catmullrom",
              "post": [
                0,
                0,
                0
              ]
            },
            "1.0": [
              0,
              0,
              0
            ],
            "1.0417": [
              0,
              0,
              0
            ]
          }
        },
        "right": {
          "rotation": {
            "0.0": {
              "lerp_mode": "catmullrom",
              "post": [
                0,
                0,
                0
              ]
            },
            "0.1667": {
              "lerp_mode": "catmullrom",
              "post": [
                0,
                0,
                -5
              ]
            },
            "0.3333": {
              "lerp_mode": "catmullrom",
              "post": [
                0,
                0,
                0
              ]
            },
            "0.5": {
              "lerp_mode": "catmullrom",
              "post": [
                0,
                0,
                -5
              ]
            },
            "0.6667": {
              "lerp_mode": "catmullrom",
              "post": [
                0,
                0,
                5
              ]
            },
            "0.8333": {
              "lerp_mode": "catmullrom",
              "post": [
                0,
                0,
                -5
              ]
            },
            "1.0": [
              0,
              0,
              0
            ],
            "1.0417": [
              0,
              0,
              0
            ]
          }
        },
        "tampa": {
          "rotation": {
            "0.0": {
              "lerp_mode": "catmullrom",
              "post": [
                0,
                0,
                0
              ]
            },
            "0.1667": {
              "lerp_mode": "catmullrom",
              "post": [
                -0.7,
                0,
                0
              ]
            },
            "0.3333": {
              "lerp_mode": "catmullrom",
              "post": [
                0,
                0,
                0
              ]
            },
            "0.5": {
              "lerp_mode": "catmullrom",
              "post": [
                -0.5,
                0,
                0
              ]
            },
            "0.6667": {
              "lerp_mode": "catmullrom",
              "post": [
                0,
                0,
                0
              ]
            },
            "0.8333": {
              "lerp_mode": "catmullrom",
              "post": [
                -0.5,
                0,
                0
              ]
            },
            "1.0": [
              0,
              0,
              0
            ],
            "1.0417": [
              0,
              0,
              0
            ]
          }
        }
      },
      "loop": true
    }
  },
  "format_version": "1.8.0"
}