{
  "animations": {
    "animation.island.spinny": {
      "animation_length": 2.5,
      "bones": {
        "bone": {
          "position": {
            "0.0": [
              0,
              0,
              0
            ],
            "1.0": [
              0,
              -9,
              0
            ]
          },
          "scale": {
            "0.0": [
              1,
              1,
              1
            ],
            "1.0": [
              0,
              0,
              0
            ]
          }
        },
        "bone2": {
          "position": {
            "0.5": [
              0,
              0,
              0
            ],
            "1.5": [
              0,
              -9,
              0
            ]
          },
          "scale": {
            "0.5": [
              1,
              1,
              1
            ],
            "1.5": [
              0,
              0,
              0
            ]
          }
        },
        "bone3": {
          "position": {
            "1.0": [
              0,
              0,
              0
            ],
            "2.0": [
              0,
              -6,
              0
            ]
          },
          "scale": {
            "1.0": [
              1,
              1,
              1
            ],
            "2.0": [
              0,
              0,
              0
            ]
          }
        },
        "bone4": {
          "position": {
            "1.5": [
              0,
              0,
              0
            ],
            "2.5": [
              0,
              -9,
              0
            ]
          },
          "scale": {
            "1.5": [
              1,
              1,
              1
            ],
            "2.5": [
              0,
              0,
              0
            ]
          }
        },
        "island": {
          "rotation": {
            "0.0": [
              0,
              0,
              0
            ],
            "2.5": [
              0,
              360,
              0
            ]
          }
        },
        "oaktree": {
          "rotation": {
            "0.0": [
              0,
              0,
              0
            ],
            "2.5": [
              0,
              360,
              0
            ]
          }
        }
      },
      "loop": true
    }
  },
  "format_version": "1.8.0"
}