{
  "animations": {
    "animation.question.hover": {
      "animation_length": 3,
      "bones": {
        "curve": {
          "position": {
            "0.0": [
              0,
              0,
              0
            ],
            "1.5": [
              0,
              1,
              0
            ],
            "3.0": [
              0,
              0,
              0
            ]
          },
          "rotation": {
            "0.0": [
              0,
              0,
              0
            ],
            "3.0": [
              0,
              -360,
              0
            ]
          }
        },
        "dot": {
          "position": {
            "0.0": [
              0,
              0,
              0
            ],
            "1.5": [
              0,
              1,
              0
            ],
            "3.0": [
              0,
              0,
              0
            ]
          },
          "rotation": {
            "0.0": [
              0,
              0,
              0
            ],
            "3.0": [
              0,
              -360,
              0
            ]
          }
        }
      },
      "loop": true
    }
  },
  "format_version": "1.8.0"
}