{
  "animations": {
    "animation.skyblock.yes": {
      "animation_length": 10.33333,
      "bones": {
        "body_top": {
          "position": {
            "0.0": [
              0,
              0,
              0
            ],
            "0.3333": [
              0,
              0,
              0
            ],
            "10.3333": [
              0,
              0,
              0
            ]
          },
          "rotation": {
            "0.0": [
              27.5,
              0,
              0
            ],
            "0.3333": [
              27.5,
              0,
              0
            ],
            "1.3333": [
              -25,
              0,
              0
            ],
            "10.3333": [
              27.5,
              0,
              0
            ],
            "2.3333": [
              27.5,
              0,
              0
            ],
            "3.3333": [
              -25,
              0,
              0
            ],
            "4.3333": [
              27.5,
              0,
              0
            ],
            "4.8333": [
              2.5,
              0,
              0
            ],
            "5.3333": [
              -15,
              0,
              0
            ],
            "9.5833": [
              27.5,
              0,
              0
            ]
          },
          "scale": {
            "0.0": [
              1,
              1,
              1
            ],
            "0.3333": [
              1,
              1,
              1
            ],
            "10.3333": [
              1,
              1,
              1
            ]
          }
        },
        "cubo1": {
          "position": {
            "0.0": [
              0,
              0,
              0
            ],
            "0.3333": [
              0,
              0,
              0
            ],
            "10.3333": [
              0,
              0,
              0
            ],
            "3.25": [
              0,
              0,
              0
            ],
            "3.3333": [
              0,
              37,
              0
            ],
            "3.4167": [
              0,
              37.5,
              0
            ],
            "4.3333": [
              0,
              34,
              0
            ],
            "6.5": [
              0,
              34,
              0
            ],
            "6.5417": [
              0,
              13,
              0
            ],
            "6.5833": [
              0,
              13,
              0
            ]
          },
          "rotation": {
            "0.0": [
              0,
              0,
              0
            ],
            "0.3333": [
              0,
              0,
              0
            ],
            "10.3333": [
              0,
              0,
              0
            ],
            "2.3333": [
              0,
              180,
              0
            ],
            "2.8333": [
              0,
              180,
              0
            ],
            "3.3333": [
              0,
              360,
              0
            ],
            "3.8333": [
              0,
              450,
              0
            ],
            "4.3333": [
              0,
              450,
              0
            ],
            "5.9583": [
              0,
              450,
              0
            ],
            "6.3333": [
              0,
              425,
              -4.79089
            ],
            "6.5833": [
              0,
              400,
              0.21
            ],
            "6.8333": [
              -5.61482,
              450,
              4.74135
            ],
            "7.0417": [
              0,
              0,
              0
            ]
          },
          "scale": {
            "0.0": [
              1,
              1,
              1
            ],
            "0.3333": [
              1,
              1,
              1
            ],
            "1.3333": [
              0.4,
              0.4,
              0.4
            ],
            "10.3333": [
              1,
              1,
              1
            ],
            "3.2917": [
              0.4,
              0.4,
              0.4
            ],
            "4.3333": [
              1,
              1,
              1
            ]
          }
        },
        "cubo2": {
          "position": {
            "0.0": [
              0,
              0,
              0
            ],
            "0.3333": [
              0,
              0,
              0
            ],
            "10.3333": [
              0,
              0,
              0
            ],
            "2.25": [
              0,
              0,
              0
            ],
            "2.3333": [
              0,
              -20,
              0
            ],
            "6.4583": [
              0,
              -20,
              0
            ],
            "6.5": [
              0,
              0,
              0
            ],
            "6.5833": [
              0,
              0,
              0
            ]
          },
          "rotation": {
            "0.0": [
              0,
              0,
              0
            ],
            "0.3333": [
              0,
              0,
              0
            ],
            "0.8333": [
              0,
              0,
              0
            ],
            "1.3333": [
              -0.06,
              90,
              0
            ],
            "1.8333": [
              0,
              180,
              0
            ],
            "10.3333": [
              0,
              0,
              0
            ],
            "2.3333": [
              0,
              180,
              0
            ],
            "2.8333": [
              0,
              180,
              0
            ],
            "3.3333": [
              0,
              360,
              0
            ],
            "3.8333": [
              0,
              450,
              0
            ],
            "4.3333": [
              0,
              450,
              0
            ],
            "4.6667": [
              0,
              450,
              0
            ],
            "4.7083": [
              0,
              0,
              0
            ],
            "6.0": [
              0,
              0,
              0
            ],
            "6.3333": [
              5.00954,
              4.99523,
              0.21865
            ],
            "6.5833": [
              0.01,
              -10,
              0.22
            ],
            "6.8333": [
              -5.61482,
              -3.3142,
              4.74135
            ],
            "7.0417": [
              0,
              0,
              0
            ]
          },
          "scale": {
            "0.0": [
              1,
              1,
              1
            ],
            "0.3333": [
              1,
              1,
              1
            ],
            "1.3333": [
              0.5,
              0.5,
              0.5
            ],
            "10.3333": [
              1,
              1,
              1
            ],
            "6.375": [
              0.5,
              0.5,
              0.5
            ],
            "6.4583": [
              1,
              1,
              1
            ]
          }
        },
        "cubo3": {
          "position": {
            "0.0": [
              0,
              0,
              0
            ],
            "0.3333": [
              0,
              0,
              0
            ],
            "1.25": [
              0,
              0,
              0
            ],
            "1.3333": [
              0,
              17,
              0
            ],
            "10.3333": [
              0,
              0,
              0
            ],
            "3.3333": [
              0,
              16.75,
              0
            ]
          },
          "rotation": {
            "0.0": [
              0,
              0,
              0
            ],
            "0.3333": [
              0,
              0,
              0
            ],
            "0.8333": [
              0,
              0,
              0
            ],
            "1.3333": [
              0,
              90,
              0
            ],
            "1.8333": [
              0,
              180,
              0
            ],
            "10.3333": [
              0,
              0,
              0
            ],
            "2.3333": [
              0,
              180,
              0
            ],
            "2.8333": [
              0,
              180,
              0
            ],
            "3.3333": [
              0,
              360,
              0
            ],
            "3.8333": [
              0,
              450,
              0
            ],
            "4.3333": [
              0,
              450,
              0
            ],
            "4.6667": [
              0,
              450,
              0
            ],
            "4.7083": [
              0,
              450,
              0
            ]
          },
          "scale": {
            "0.0": [
              1,
              1,
              1
            ],
            "0.3333": [
              1,
              1,
              1
            ],
            "1.3333": [
              0.4,
              0.4,
              0.4
            ],
            "10.3333": [
              1,
              1,
              1
            ],
            "2.3333": [
              1,
              1,
              1
            ],
            "3.3333": [
              0.5,
              0.5,
              0.5
            ],
            "3.7083": [
              0,
              0,
              0
            ]
          }
        },
        "head": {
          "position": {
            "0.0": [
              0,
              0,
              0
            ],
            "0.3333": [
              0,
              0,
              0
            ],
            "10.3333": [
              0,
              0,
              0
            ]
          },
          "rotation": {
            "0.0": [
              21.17,
              -18.75,
              -7.1
            ],
            "0.3333": [
              0,
              0,
              0
            ],
            "10.0": [
              20.88852,
              16.41371,
              6.15491
            ],
            "10.1667": [
              20,
              0,
              0
            ],
            "10.3333": [
              21.17,
              -18.75,
              -7.1
            ],
            "4.8333": [
              0,
              0,
              0
            ],
            "5.3333": [
              20,
              0,
              0
            ],
            "9.8333": [
              20,
              0,
              0
            ]
          },
          "scale": {
            "0.0": [
              1,
              1,
              1
            ],
            "0.3333": [
              1,
              1,
              1
            ],
            "10.3333": [
              1,
              1,
              1
            ]
          }
        },
        "leftArm": {
          "position": {
            "0.0": [
              0,
              0,
              0
            ],
            "0.3333": [
              0,
              0,
              0
            ],
            "10.3333": [
              0,
              0,
              0
            ]
          },
          "rotation": {
            "0.0": [
              0,
              0,
              0
            ],
            "0.3333": [
              0,
              0,
              0
            ],
            "1.3333": [
              -180,
              0,
              -47.5
            ],
            "10.3333": [
              0,
              0,
              0
            ],
            "2.3333": [
              0,
              0,
              0
            ],
            "3.3333": [
              -180,
              0,
              -47.5
            ],
            "4.3333": [
              0,
              0,
              0
            ],
            "5.3333": [
              0,
              0,
              40
            ],
            "6.3333": [
              0,
              0,
              40
            ],
            "6.5833": [
              -56.09176,
              30.23779,
              47.71215
            ],
            "7.2083": [
              -25.08,
              57.85,
              90.08
            ],
            "7.7083": [
              4.92,
              57.85,
              90.08
            ],
            "8.9167": [
              1.95,
              13.31,
              20.73
            ],
            "9.125": [
              23.38479,
              4.39828,
              6.85156
            ],
            "9.375": [
              0,
              0,
              0
            ]
          },
          "scale": {
            "0.0": [
              1,
              1,
              1
            ],
            "0.3333": [
              1,
              1,
              1
            ],
            "10.3333": [
              1,
              1,
              1
            ]
          }
        },
        "leftFeet": {
          "position": {
            "0.0": [
              0,
              0,
              0
            ],
            "0.3333": [
              0,
              0,
              0
            ],
            "10.3333": [
              0,
              0,
              0
            ],
            "6.3333": [
              0,
              0,
              0
            ],
            "8.0417": [
              0,
              0,
              0
            ]
          },
          "rotation": {
            "0.0": [
              12.5,
              0,
              0
            ],
            "0.3333": [
              12.5,
              0,
              0
            ],
            "1.3333": [
              0,
              0,
              0
            ],
            "10.3333": [
              12.5,
              0,
              0
            ],
            "2.3333": [
              12.5,
              0,
              0
            ],
            "3.3333": [
              0,
              0,
              0
            ],
            "4.3333": [
              12.5,
              0,
              0
            ],
            "6.3333": [
              13.41,
              0,
              0
            ],
            "6.5833": [
              43.39716,
              0,
              0
            ],
            "7.2083": [
              20.40426,
              0,
              0
            ],
            "8.0417": [
              16.2,
              0,
              0
            ],
            "8.9167": [
              98.81553,
              0,
              0
            ],
            "9.5833": [
              12.5,
              0,
              0
            ]
          },
          "scale": {
            "0.0": [
              1,
              1,
              1
            ],
            "0.3333": [
              1,
              1,
              1
            ],
            "10.3333": [
              1,
              1,
              1
            ],
            "6.3333": [
              1,
              1,
              1
            ],
            "8.0417": [
              1,
              1,
              1
            ]
          }
        },
        "leftHand": {
          "position": {
            "0.0": [
              0,
              0,
              0
            ],
            "0.3333": [
              0,
              0,
              0
            ],
            "10.3333": [
              0,
              0,
              0
            ]
          },
          "rotation": {
            "0.0": [
              0,
              0,
              0
            ],
            "0.3333": [
              0,
              0,
              0
            ],
            "1.3333": [
              0,
              0,
              -42.5
            ],
            "10.3333": [
              0,
              0,
              0
            ],
            "2.3333": [
              0,
              0,
              0
            ],
            "3.3333": [
              0,
              0,
              -42.5
            ],
            "4.3333": [
              0,
              0,
              0
            ],
            "4.8333": [
              0,
              0,
              0
            ],
            "5.3333": [
              0,
              0,
              -75
            ],
            "5.8333": [
              0,
              -2.5,
              -82.34375
            ],
            "6.3333": [
              0,
              0,
              -75
            ],
            "6.5833": [
              0,
              0,
              -32.5
            ],
            "7.2083": [
              0,
              0,
              -7.5
            ],
            "7.7083": [
              0,
              0,
              -87.5
            ],
            "8.4167": [
              0,
              0,
              -87.5
            ],
            "8.9167": [
              -80,
              0,
              -22.33043
            ],
            "9.375": [
              0,
              0,
              0
            ]
          },
          "scale": {
            "0.0": [
              1,
              1,
              1
            ],
            "0.3333": [
              1,
              1,
              1
            ],
            "10.3333": [
              1,
              1,
              1
            ]
          }
        },
        "leftKnee": {
          "position": {
            "0.0": [
              0,
              0,
              0
            ],
            "0.3333": [
              0,
              0,
              0
            ],
            "10.3333": [
              0,
              0,
              0
            ],
            "6.3333": [
              0,
              0,
              0
            ],
            "8.0417": [
              0,
              0,
              0
            ]
          },
          "rotation": {
            "0.0": [
              0,
              0,
              0
            ],
            "0.3333": [
              0,
              0,
              0
            ],
            "10.3333": [
              0,
              0,
              0
            ],
            "6.3333": [
              0,
              0,
              0
            ],
            "8.0417": [
              0,
              0,
              0
            ]
          },
          "scale": {
            "0.0": [
              1,
              1,
              1
            ],
            "0.3333": [
              1,
              1,
              1
            ],
            "10.3333": [
              1,
              1,
              1
            ],
            "6.3333": [
              1,
              1,
              1
            ],
            "8.0417": [
              1,
              1,
              1
            ]
          }
        },
        "leftLeg": {
          "position": {
            "0.0": [
              0,
              0,
              0
            ],
            "0.1667": [
              0,
              0,
              0
            ],
            "0.3333": [
              0,
              0,
              0
            ],
            "10.3333": [
              0,
              0,
              0
            ],
            "6.3333": [
              0,
              0,
              0
            ],
            "8.0417": [
              0,
              0,
              0
            ],
            "9.5833": [
              0,
              0,
              0
            ],
            "9.9583": [
              0,
              0,
              0
            ]
          },
          "rotation": {
            "0.0": [
              -15,
              0,
              0
            ],
            "0.1667": [
              -15,
              0,
              0
            ],
            "0.3333": [
              -15,
              0,
              0
            ],
            "1.3333": [
              32.5,
              0,
              0
            ],
            "10.3333": [
              -15,
              0,
              0
            ],
            "2.3333": [
              -15,
              0,
              0
            ],
            "3.3333": [
              25,
              0,
              0
            ],
            "4.3333": [
              -15,
              0,
              0
            ],
            "4.8333": [
              15,
              0,
              0
            ],
            "6.3333": [
              -26.71,
              0,
              0
            ],
            "6.5833": [
              -33.14339,
              5.50655,
              8.36024
            ],
            "7.0": [
              -14.54767,
              21.91801,
              26.82006
            ],
            "8.0417": [
              -15.17,
              9.97,
              12.11
            ],
            "8.5": [
              -19.39053,
              28.01451,
              -0.73862
            ],
            "8.7083": [
              -8.2424,
              51.28411,
              34.03056
            ],
            "8.875": [
              -17.89216,
              55.87856,
              35.88634
            ],
            "9.25": [
              -63.21261,
              42.63236,
              -7.86393
            ],
            "9.5833": [
              -15,
              0,
              0
            ],
            "9.9583": [
              -15,
              0,
              0
            ]
          },
          "scale": {
            "0.0": [
              1,
              1,
              1
            ],
            "0.1667": [
              1,
              1,
              1
            ],
            "0.3333": [
              1,
              1,
              1
            ],
            "10.3333": [
              1,
              1,
              1
            ],
            "6.3333": [
              1,
              1,
              1
            ],
            "8.0417": [
              1,
              1,
              1
            ],
            "9.5833": [
              1,
              1,
              1
            ],
            "9.9583": [
              1,
              1,
              1
            ]
          }
        },
        "rightArm": {
          "position": {
            "0.0": [
              0,
              0,
              0
            ],
            "0.3333": [
              0,
              0,
              0
            ],
            "10.3333": [
              0,
              0,
              0
            ]
          },
          "rotation": {
            "0.0": [
              0,
              0,
              0
            ],
            "0.3333": [
              0,
              0,
              0
            ],
            "1.3333": [
              -177.83459,
              -1.2497,
              29.97638
            ],
            "10.3333": [
              0,
              0,
              0
            ],
            "2.3333": [
              0,
              0,
              0
            ],
            "3.3333": [
              -177.83459,
              -1.2497,
              29.97638
            ],
            "4.3333": [
              0,
              0,
              0
            ],
            "4.8333": [
              0,
              0,
              0
            ],
            "5.3333": [
              0,
              0,
              -32.5
            ],
            "5.8333": [
              3.9435,
              -2.29646,
              -41.02107
            ],
            "6.3333": [
              0,
              0,
              -32.5
            ],
            "6.625": [
              -55.76784,
              47.13536,
              -88.49352
            ],
            "7.2083": [
              7.41,
              -32.27,
              -99.26
            ],
            "7.7083": [
              -21.18577,
              7.46763,
              -94.46398
            ],
            "8.9167": [
              -5.66,
              2.81,
              -21.61
            ],
            "9.125": [
              -17.10123,
              1.24945,
              -7.10455
            ],
            "9.375": [
              0,
              0,
              0
            ]
          },
          "scale": {
            "0.0": [
              1,
              1,
              1
            ],
            "0.3333": [
              1,
              1,
              1
            ],
            "10.3333": [
              1,
              1,
              1
            ]
          }
        },
        "rightFeet": {
          "position": {
            "0.0": [
              0,
              0,
              0
            ],
            "0.3333": [
              0,
              0,
              0
            ],
            "10.3333": [
              0,
              0,
              0
            ]
          },
          "rotation": {
            "0.0": [
              15,
              0,
              0
            ],
            "0.3333": [
              15,
              0,
              0
            ],
            "1.3333": [
              0,
              0,
              0
            ],
            "10.3333": [
              15,
              0,
              0
            ],
            "2.3333": [
              15,
              0,
              0
            ],
            "3.3333": [
              0,
              0,
              0
            ],
            "4.3333": [
              15,
              0,
              0
            ],
            "9.5833": [
              15,
              0,
              0
            ]
          },
          "scale": {
            "0.0": [
              1,
              1,
              1
            ],
            "0.3333": [
              1,
              1,
              1
            ],
            "10.3333": [
              1,
              1,
              1
            ]
          }
        },
        "rightHand": {
          "position": {
            "0.0": [
              0,
              0,
              0
            ],
            "0.3333": [
              0,
              0,
              0
            ],
            "10.3333": [
              0,
              0,
              0
            ]
          },
          "rotation": {
            "0.0": [
              0,
              0,
              0
            ],
            "0.3333": [
              0,
              0,
              0
            ],
            "1.3333": [
              0,
              0,
              42.5
            ],
            "10.3333": [
              0,
              0,
              0
            ],
            "2.3333": [
              0,
              0,
              0
            ],
            "3.3333": [
              0,
              0,
              42.5
            ],
            "4.3333": [
              0,
              0,
              0
            ],
            "4.8333": [
              0,
              0,
              0
            ],
            "5.3333": [
              0,
              0,
              72.5
            ],
            "5.8333": [
              0,
              2.5,
              81.71875
            ],
            "6.3333": [
              0,
              0,
              72.5
            ],
            "6.5833": [
              0,
              0,
              -2.5
            ],
            "7.2083": [
              0,
              0,
              -2.5
            ],
            "7.7083": [
              -65,
              0,
              -2.5
            ],
            "8.4167": [
              -65,
              0,
              -2.5
            ],
            "8.9167": [
              -71.74105,
              0,
              -0.57535
            ],
            "9.375": [
              0,
              0,
              0
            ]
          },
          "scale": {
            "0.0": [
              1,
              1,
              1
            ],
            "0.3333": [
              1,
              1,
              1
            ],
            "10.3333": [
              1,
              1,
              1
            ]
          }
        },
        "rightLeg": {
          "position": {
            "0.0": [
              0,
              0,
              0
            ],
            "0.25": [
              0,
              0,
              0
            ],
            "0.5": [
              0,
              0,
              0
            ],
            "10.3333": [
              0,
              0,
              0
            ],
            "9.5833": [
              0,
              0,
              0
            ],
            "9.9167": [
              0,
              0,
              0
            ]
          },
          "rotation": {
            "0.0": [
              -15,
              0,
              0
            ],
            "0.25": [
              -5,
              0,
              0
            ],
            "0.5": [
              -15,
              0,
              0
            ],
            "1.3333": [
              -27.5,
              0,
              0
            ],
            "10.3333": [
              -15,
              0,
              0
            ],
            "2.3333": [
              -15,
              0,
              0
            ],
            "3.3333": [
              0,
              0,
              0
            ],
            "4.3333": [
              -15,
              0,
              0
            ],
            "9.5833": [
              -15,
              0,
              0
            ],
            "9.9167": [
              -5,
              0,
              0
            ]
          },
          "scale": {
            "0.0": [
              1,
              1,
              1
            ],
            "0.25": [
              1,
              1,
              1
            ],
            "0.5": [
              1,
              1,
              1
            ],
            "10.3333": [
              1,
              1,
              1
            ],
            "9.5833": [
              1,
              1,
              1
            ],
            "9.9167": [
              1,
              1,
              1
            ]
          }
        },
        "total": {
          "position": {
            "0.0": [
              0,
              0.75,
              2
            ],
            "0.3333": [
              0,
              1,
              0
            ],
            "1.3333": [
              0,
              10,
              0
            ],
            "10.3333": [
              0,
              0.75,
              2
            ],
            "2.3333": [
              0,
              0,
              0
            ],
            "3.3333": [
              0,
              10,
              0
            ],
            "4.3333": [
              0,
              0,
              0
            ],
            "4.8333": [
              0,
              0.8,
              -0.35
            ],
            "6.3333": [
              0,
              0,
              0
            ],
            "6.5833": [
              0,
              1.3,
              3.08
            ],
            "7.0417": [
              0,
              2,
              13
            ],
            "7.6667": [
              0,
              3.99,
              13.51
            ],
            "8.3333": [
              0,
              4.22,
              14.52
            ],
            "8.8333": [
              0,
              2,
              15
            ],
            "9.5833": [
              0,
              0.75,
              2
            ]
          },
          "rotation": {
            "0.0": [
              0,
              0,
              0
            ],
            "0.3333": [
              0,
              0,
              0
            ],
            "10.3333": [
              0,
              0,
              0
            ],
            "6.3333": [
              0,
              0,
              0
            ],
            "7.0417": [
              85,
              0,
              0
            ],
            "8.8333": [
              85,
              0,
              0
            ],
            "9.5833": [
              0,
              0,
              0
            ]
          },
          "scale": {
            "0.0": [
              1,
              1,
              1
            ],
            "0.3333": [
              1,
              1,
              1
            ],
            "10.3333": [
              1,
              1,
              1
            ]
          }
        }
      },
      "loop": true
    }
  },
  "format_version": "1.8.0"
}