{"format_version":"1.12.0","minecraft:geometry":[{"description":{"identifier":"geometry.skycanvas","texture_width":216,"texture_height":216,"visible_bounds_width":4,"visible_bounds_height":3.5,"visible_bounds_offset":[0,1.25,0]},"bones":[{"name":"body","pivot":[0,-1.5,-9],"rotation":[68,0,0],"cubes":[{"origin":[-16,-0.5,0],"size":[32,1,32],"uv":{"north":{"uv":[200,0],"uv_size":[16,1]},"east":{"uv":[200,0],"uv_size":[16,1]},"south":{"uv":[200,0],"uv_size":[16,1]},"west":{"uv":[200,0],"uv_size":[16,1]},"up":{"uv":[0,0],"uv_size":[200,200]},"down":{"uv":[200,1],"uv_size":[16,-1]}}},{"origin":[-12,-0.5,-2],"size":[24,2,2],"uv":[164,210]},{"origin":[-10,-2.5,-7],"size":[22,2,2],"pivot":[0,0,0],"rotation":[0,120,0],"uv":[168,206]},{"origin":[-10,-2.5,5],"size":[22,2,2],"pivot":[0,0,0],"rotation":[0,60,0],"uv":[168,206]},{"origin":[-21,-2.5,9.5],"size":[22,2,2],"pivot":[0,-2.5,11],"rotation":[90,-27.5,-90],"uv":[168,206]}]}]}]}