{
  "format_version": "1.8.0",
  "minecraft:attachable": {
    "description": {
      "geometry": {
        "default": "geometry.cubecraft.shoes.trainers"
      },
      "identifier": "cubecraft:shoes_blue_trainers",
      "materials": {
        "default": "armor",
        "enchanted": "armor_enchanted"
      },
      "render_controllers": [
        "controller.render.armor"
      ],
      "scripts": {
        "parent_setup": "variable.boot_layer_visible = 0.0;"
      },
      "textures": {
        "default": "textures/cc/shoes/blue_trainers",
        "enchanted": "textures/cc/shoes/blue_trainers"
      }
    }
  }
}