{
  "format_version": "1.8.0",
  "render_controllers": {
    "controller.render.cube_logo_sheen": {
      "geometry": "Geometry.sheen",
      "ignore_lighting": true,
      "materials": [
        {
          "*": "Material.sheen"
        }
      ],
      "overlay_color": {
        "a": "0.8",
        "b": 1,
        "g": 1,
        "r": 1
      },
      "textures": [
        "Texture.sheen"
      ],
      "uv_anim": {
        "offset": [
          "Math.clamp(Math.mod(query.life_time, 5), 0, 1)",
          0
        ],
        "scale": [
          1.0,
          1.0
        ]
      }
    }
  }
}