{"animations":{"animation.geyser_custom.geo_f3dd4a5.firstperson_main_hand":{"bones":{"geyser_custom":{"position":[4,10,4],"rotation":[90,60,-40],"scale":1.5},"geyser_custom_x":{"position":[-1.51,0.94,0.19],"rotation":[7,0,0],"scale":[0.4,0.4,0.4]},"geyser_custom_y":{"position":[0,-3,0],"rotation":[0,0,0],"scale":[1.4,1.4,1.4]},"geyser_custom_z":{"rotation":[0,0,-90]}},"loop":true},"animation.geyser_custom.geo_f3dd4a5.thirdperson_main_hand":{"bones":{"geyser_custom":{"position":[0,13,-3],"rotation":[90,0,0]},"geyser_custom_x":{"position":[0,-1.32,1.32],"rotation":[0,0,0],"scale":[0.65,0.65,0.65]},"geyser_custom_y":{"rotation":[0,0,0]},"geyser_custom_z":{"rotation":[0,0,-90]}},"loop":true}},"format_version":"1.8.0"}