{"animations":{"animation.geyser_custom.geo_3aac37b.firstperson_main_hand":{"bones":{"geyser_custom":{"position":[4,10,4],"rotation":[90,60,-40],"scale":1.5},"geyser_custom_x":{"position":[-3.02,0.57,0.19],"rotation":[9,0,0]},"geyser_custom_y":{"position":[0,-3,0],"rotation":[0,103,0]},"geyser_custom_z":{"rotation":[0,0,-10]}},"loop":true},"animation.geyser_custom.geo_3aac37b.thirdperson_main_hand":{"bones":{"geyser_custom":{"position":[0,13,-3],"rotation":[90,0,0]},"geyser_custom_x":{"position":[0,-1.32,0.19],"rotation":[0,0,0],"scale":[0.7,0.7,0.7]},"geyser_custom_y":{"rotation":[0,90,0]},"geyser_custom_z":{"rotation":[0,0,0]}},"loop":true}},"format_version":"1.8.0"}