{"animations":{"animation.geyser_custom.geo_f1fd0da.firstperson_main_hand":{"bones":{"geyser_custom":{"position":[4,10,4],"rotation":[90,60,-40],"scale":1.5},"geyser_custom_x":{"position":[-1.32,-0.94,-0.57],"rotation":[10,0,0],"scale":[0.85,0.85,0.85]},"geyser_custom_y":{"rotation":[0,111,0]},"geyser_custom_z":{"rotation":[0,0,-31]}},"loop":true},"animation.geyser_custom.geo_f1fd0da.thirdperson_main_hand":{"bones":{"geyser_custom":{"position":[0,13,-3],"rotation":[90,0,0]},"geyser_custom_x":{"position":[0,0.19,-3.5],"rotation":[0,0,0],"scale":[0.85,0.85,0.85]},"geyser_custom_y":{"rotation":[0,90,0]},"geyser_custom_z":{"rotation":[0,0,-90]}},"loop":true}},"format_version":"1.8.0"}