{"format_version":"1.12.0","minecraft:geometry":[{"bones":[{"cubes":[{"origin":[-6,0.5,-4.75],"size":[12,5.5,2],"uv":{"down":{"uv":[11.75,15.125],"uv_size":[-3,-0.5]},"east":{"uv":[7.375,11],"uv_size":[-0.5,1.375]},"north":{"uv":[3,14.625],"uv_size":[-3,1.375]},"south":{"uv":[0,13.25],"uv_size":[3,1.375]},"up":{"uv":[14.75,14.625],"uv_size":[-3,0.5]},"west":{"uv":[6.375,11],"uv_size":[0.5,1.375]}}},{"origin":[-6,0.5,-2.25],"size":[12,5.5,1],"uv":{"down":{"uv":[11.75,12.75],"uv_size":[-3,-0.25]},"east":{"uv":[6.25,8.875],"uv_size":[-0.25,1.375]},"north":{"uv":[3,11.875],"uv_size":[-3,1.375]},"south":{"uv":[0,10.5],"uv_size":[3,1.375]},"up":{"uv":[14.75,12.5],"uv_size":[-3,0.25]},"west":{"uv":[8.375,11],"uv_size":[0.25,1.375]}}},{"origin":[-6,0.5,-1.25],"size":[12,3.5,1],"uv":{"down":{"uv":[11.75,11.25],"uv_size":[-3,-0.25]},"east":{"uv":[6.625,9.125],"uv_size":[-0.25,0.875]},"south":{"uv":[6,15.125],"uv_size":[3,0.875]},"up":{"uv":[14.75,12.25],"uv_size":[-3,0.25]},"west":{"uv":[6,8],"uv_size":[0.25,0.875]}}},{"origin":[-6,0.5,0.25],"size":[12,3.5,2],"uv":{"down":{"uv":[11.75,13.625],"uv_size":[-3,-0.5]},"east":{"uv":[15.5,15.125],"uv_size":[-0.5,0.875]},"north":{"uv":[6,10.375],"uv_size":[-3,0.875]},"south":{"uv":[3,9.5],"uv_size":[3,0.875]},"up":{"uv":[14.75,13.125],"uv_size":[-3,0.5]},"west":{"uv":[15.5,15.125],"uv_size":[0.5,0.875]}}},{"origin":[-6,0.5,2.75],"size":[12,5.5,2],"uv":{"down":{"uv":[11.75,14.625],"uv_size":[-3,-0.5]},"east":{"uv":[8.375,11],"uv_size":[-0.5,1.375]},"north":{"uv":[3,9.125],"uv_size":[-3,1.375]},"south":{"uv":[3,14.625],"uv_size":[3,1.375]},"up":{"uv":[14.75,14.125],"uv_size":[-3,0.5]},"west":{"uv":[7.375,11],"uv_size":[0.5,1.375]}}},{"origin":[-6,1,-2.75],"size":[12,4.5,0.5],"uv":{"down":{"uv":[15,15.25],"uv_size":[-3,-0.125]},"east":{"uv":[6.375,9.125],"uv_size":[-0.125,1.125]},"up":{"uv":[12,15.125],"uv_size":[-3,0.125]},"west":{"uv":[8.625,13.375],"uv_size":[0.125,1.125]}}},{"origin":[-6,1,-0.25],"size":[12,3,0.5],"uv":{"down":{"uv":[11.75,9.625],"uv_size":[-3,-0.125]},"east":{"uv":[8.75,12.625],"uv_size":[-0.125,0.75]},"up":{"uv":[11.75,8.75],"uv_size":[-3,0.125]},"west":{"uv":[6.25,8.125],"uv_size":[0.125,0.75]}}},{"origin":[-6,1,2.25],"size":[12,4.5,0.5],"uv":{"down":{"uv":[11.75,9.5],"uv_size":[-3,-0.125]},"east":{"uv":[6.5,8],"uv_size":[-0.125,1.125]},"north":{"uv":[6,12.375],"uv_size":[-3,1.125]},"up":{"uv":[11.75,8.875],"uv_size":[-3,0.125]},"west":{"uv":[8.625,11.25],"uv_size":[0.125,1.125]}}},{"origin":[-6,4,1.25],"size":[12,2,1],"uv":{"east":{"uv":[6.875,9.25],"uv_size":[-0.25,0.5]},"north":{"uv":[11.75,13.625],"uv_size":[-3,0.5]},"south":{"uv":[11.75,13.625],"uv_size":[3,0.5]},"up":{"uv":[11.75,11.25],"uv_size":[-3,0.25]},"west":{"uv":[5.75,8.125],"uv_size":[0.25,0.5]}}},{"origin":[-6,5,-1.25],"size":[12,1,1],"uv":{"down":{"uv":[11.75,12.5],"uv_size":[-3,-0.25]},"east":{"uv":[8.375,9.75],"uv_size":[-0.25,0.25]},"south":{"uv":[8.75,11.75],"uv_size":[3,0.25]},"up":{"uv":[11.75,11.5],"uv_size":[-3,0.25]},"west":{"uv":[7.875,9.75],"uv_size":[0.25,0.25]}}},{"origin":[-6,5,-0.25],"size":[12,0.5,1.5],"uv":{"down":{"uv":[11.75,13.125],"uv_size":[-3,-0.375]},"east":{"uv":[7.25,9.625],"uv_size":[-0.375,0.125]},"up":{"uv":[14.75,12.75],"uv_size":[-3,0.375]},"west":{"uv":[8,9.625],"uv_size":[0.375,0.125]}}},{"origin":[-6,5.5,0.25],"size":[12,0.5,1],"uv":{"east":{"uv":[6,8],"uv_size":[-0.25,0.125]},"north":{"uv":[11.75,9.125],"uv_size":[-3,0.125]},"up":{"uv":[11.75,10.75],"uv_size":[-3,0.25]},"west":{"uv":[8.5,10.875],"uv_size":[0.25,0.125]}}},{"origin":[4,0,-4.25],"size":[1.5,0.5,8.5],"uv":{"down":{"uv":[6.75,14.5],"uv_size":[-0.375,-2.125]},"east":{"uv":[8.5,10.375],"uv_size":[-2.125,0.125]},"north":{"uv":[8.75,9.625],"uv_size":[-0.375,0.125]},"south":{"uv":[7.625,9.625],"uv_size":[0.375,0.125]},"up":{"uv":[6.375,12.375],"uv_size":[-0.375,2.125]},"west":{"uv":[6.375,10.5],"uv_size":[2.125,0.125]}}},{"origin":[-5.5,4,-1.25],"size":[11,1,2.5],"uv":{"down":{"uv":[8.75,15.125],"uv_size":[-2.75,-0.625]},"east":{"uv":[7.875,9.75],"uv_size":[-0.625,0.25]},"up":{"uv":[5.75,8],"uv_size":[-2.75,0.625]},"west":{"uv":[6.625,9.75],"uv_size":[0.625,0.25]}}},{"origin":[4,6,-4.25],"size":[1.5,0.5,8.5],"uv":{"down":{"uv":[6.375,12.375],"uv_size":[-0.375,-2.125]},"east":{"uv":[8.5,10.875],"uv_size":[-2.125,0.125]},"north":{"uv":[8.75,9.875],"uv_size":[-0.375,0.125]},"south":{"uv":[8.375,9.75],"uv_size":[0.375,0.125]},"up":{"uv":[8.625,12.375],"uv_size":[-0.375,2.125]},"west":{"uv":[6.375,10.75],"uv_size":[2.125,0.125]}}},{"origin":[-5.5,0,-4.25],"size":[1.5,0.5,8.5],"uv":{"down":{"uv":[8.25,14.5],"uv_size":[-0.375,-2.125]},"east":{"uv":[8.5,10.125],"uv_size":[-2.125,0.125]},"north":{"uv":[8,9.5],"uv_size":[-0.375,0.125]},"south":{"uv":[7.25,9.625],"uv_size":[0.375,0.125]},"up":{"uv":[7.875,12.375],"uv_size":[-0.375,2.125]},"west":{"uv":[6.375,10.25],"uv_size":[2.125,0.125]}}},{"origin":[-5.5,6,-4.25],"size":[1.5,0.5,8.5],"uv":{"down":{"uv":[7.5,14.5],"uv_size":[-0.375,-2.125]},"east":{"uv":[8.5,10.625],"uv_size":[-2.125,0.125]},"north":{"uv":[7.25,9.5],"uv_size":[-0.375,0.125]},"south":{"uv":[7.25,9.5],"uv_size":[0.375,0.125]},"up":{"uv":[7.125,12.375],"uv_size":[-0.375,2.125]},"west":{"uv":[6.375,10],"uv_size":[2.125,0.125]}}}],"name":"bone","pivot":[0,0,0]}],"description":{"identifier":"geometry.lootbags.food","texture_height":16,"texture_width":16,"visible_bounds_height":1.5,"visible_bounds_offset":[0,0.25,0],"visible_bounds_width":3}}]}