{
  "namespace": "scoreboard",
  "scoreboard_sidebar": {
    "anchor_from": "right_middle",
    "anchor_to": "right_middle",
    "controls": [
      {
        "displayed_objective_background": {
          "alpha": 0.4,
          "anchor_from": "top_middle",
          "anchor_to": "top_middle",
          "bindings": [
            {
              "binding_name": "#objective_sidebar_name",
              "binding_type": "global"
            },
            {
              "binding_type": "view",
              "source_property_name": "(#objective_sidebar_name = '§6§lLOBBY')",
              "target_property_name": "#visible"
            }
          ],
          "controls": [
            {
              "displayed_objective_title": {
                "alpha": 1,
                "anchor_from": "center",
                "anchor_to": "center",
                "keep_ratio": true,
                "layer": 2,
                "max_size": [
                  "100% +25px",
                  30
                ],
                "size": [
                  "100%",
                  "100% -4px"
                ],
                "texture": "textures/ui/title",
                "type": "image"
              }
            },
            {
              "displayed_objective_title_shadow": {
                "alpha": 0.5,
                "anchor_from": "center",
                "anchor_to": "center",
                "color": "black",
                "keep_ratio": true,
                "layer": 1,
                "max_size": [
                  "100% +25px",
                  30
                ],
                "offset": [
                  1,
                  1
                ],
                "size": [
                  "100%",
                  "100% -4px"
                ],
                "texture": "textures/ui/title",
                "type": "image"
              }
            }
          ],
          "offset": [
            0,
            0
          ],
          "size": [
            "100%sm",
            30
          ],
          "texture": "textures/ui/ng/scoreboard/scoreboard",
          "type": "image"
        }
      },
      {
        "padding": {
          "bindings": [
            {
              "binding_name": "#objective_sidebar_name",
              "binding_type": "global"
            },
            {
              "binding_type": "view",
              "source_property_name": "(#objective_sidebar_name = '§6§lLOBBY')",
              "target_property_name": "#visible"
            }
          ],
          "size": [
            0,
            5
          ],
          "type": "panel"
        }
      },
      {
        "main": {
          "alpha": 0.4,
          "anchor_from": "top_middle",
          "anchor_to": "top_middle",
          "controls": [
            {
              "displayed_objective": {
                "anchor_from": "top_middle",
                "anchor_to": "top_middle",
                "bindings": [
                  {
                    "binding_name": "#objective_sidebar_name",
                    "binding_type": "global"
                  }
                ],
                "color": "$objective_title_color",
                "inherit_max_sibling_width": true,
                "layer": 1,
                "locked_alpha": 1.0,
                "offset": [
                  0,
                  2
                ],
                "size": [
                  "default",
                  22
                ],
                "text": "#objective_sidebar_name",
                "text_alignment": "center",
                "type": "label"
              }
            },
            {
              "lists": {
                "anchor_from": "middle_left",
                "anchor_to": "middle_left",
                "controls": [
                  {
                    "players": {
                      "anchor_from": "top_left",
                      "anchor_to": "top_left",
                      "bindings": [
                        {
                          "binding_name": "#scoreboard_sidebar_size",
                          "binding_name_override": "#collection_length",
                          "binding_type": "global"
                        }
                      ],
                      "collection_name": "scoreboard_players",
                      "factory": {
                        "control_name": "scoreboard.scoreboard_sidebar_player",
                        "name": "player_list_factory"
                      },
                      "orientation": "vertical",
                      "size": [
                        "100%cm",
                        "100%c"
                      ],
                      "type": "stack_panel"
                    }
                  }
                ],
                "inherit_max_sibling_width": true,
                "offset": [
                  0,
                  0
                ],
                "size": [
                  "100%c",
                  "100%cm"
                ],
                "type": "panel"
              }
            }
          ],
          "size": [
            "100%cm + 4px",
            "100%c"
          ],
          "texture": "textures/ui/ng/scoreboard/scoreboard",
          "type": "image"
        }
      }
    ],
    "offset": [
      -4,
      0
    ],
    "orientation": "vertical",
    "size": [
      "100%cm",
      "100%c"
    ],
    "type": "stack_panel"
  },
  "scoreboard_sidebar_player": {
    "bindings": [
      {
        "binding_collection_name": "scoreboard_players",
        "binding_name": "#player_name_sidebar",
        "binding_type": "collection"
      }
    ],
    "color": "$player_name_color",
    "layer": 2,
    "locked_alpha": 1.0,
    "max_size": [
      500,
      12
    ],
    "size": [
      "default",
      12
    ],
    "text": "#player_name_sidebar",
    "type": "label"
  },
  "scoreboard_sidebar_score": {
    "visible": false
  }
}