{
  "button_grid": {
    "anchor_from": "top_middle",
    "anchor_to": "top_middle",
    "bindings": [
      {
        "binding_name": "#form_button_length",
        "binding_name_override": "#maximum_grid_items"
      }
    ],
    "collection_name": "form_buttons",
    "grid_item_template": "default_form.button",
    "grid_rescaling_type": "horizontal",
    "size": [
      "100%",
      "100%c"
    ],
    "type": "grid"
  },
  "custom_dropdown_radio@settings_common.radio_with_label": {
    "$checked_control": "server_form.radio_visuals_checked",
    "$checked_hover_control": "server_form.radio_visuals_checked_hover",
    "$checked_locked_control": "server_form.radio_visuals_checked_locked",
    "$checked_locked_hover_control": "server_form.radio_visuals_checked_locked",
    "$radio_label_bindings": [
      {
        "binding_collection_name": "custom_dropdown",
        "binding_name": "#custom_radio_text",
        "binding_type": "collection"
      },
      {
        "binding_type": "collection_details"
      }
    ],
    "$radio_label_text": "#custom_radio_text",
    "$toggle_binding_type": "collection",
    "$toggle_collection_details_type": "collection_details",
    "$toggle_grid_collection_name": "custom_dropdown",
    "$toggle_name": "custom_dropdown_radio_toggle",
    "$toggle_state_binding_name": "#custom_radio_toggled",
    "$unchecked_control": "server_form.radio_visuals_unchecked",
    "$unchecked_hover_control": "server_form.radio_visuals_unchecked_hover",
    "$unchecked_locked_control": "server_form.radio_visuals_unchecked_locked",
    "$unchecked_locked_hover_control": "server_form.radio_visuals_unchecked_locked"
  },
  "custom_form_panel@common.scrolling_panel": {
    "$scroll_background_image_control": "server_form.ng_scroll_rail",
    "$scroll_bar_left_padding_size": [
      0,
      0
    ],
    "$scroll_bar_right_padding_size": [
      0,
      0
    ],
    "$scroll_box_mouse_image_control": "server_form.ng_scroll_handle",
    "$scroll_box_touch_image_control": "server_form.ng_scroll_handle",
    "$scroll_size": [
      "12px",
      "100%"
    ],
    "$scroll_track_image_control": "server_form.ng_scroll_rail",
    "$scrolling_content": "server_form.custom_form_scrolling_content",
    "$scrolling_pane_offset": [
      2,
      2
    ],
    "$scrolling_pane_size": [
      "100%",
      "100% - 4px"
    ],
    "$show_background": false,
    "anchor_from": "bottom_left",
    "anchor_to": "bottom_left",
    "size": [
      "100% - 4px",
      "100%"
    ]
  },
  "custom_form_scrolling_content": {
    "anchor_from": "top_left",
    "anchor_to": "top_left",
    "controls": [
      {
        "generated_form@server_form.generated_contents": {}
      },
      {
        "submit_button@common_buttons.light_text_button": {
          "$border_visible": false,
          "$button_text": "gui.submit",
          "$default_button_texture": "textures/ui/ng/button/button",
          "$default_text_color|default": "white",
          "$hover_button_texture": "textures/ui/ng/button/button_hover",
          "$pressed_button_name": "button.submit_custom_form",
          "$selected_button_texture": "textures/ui/ng/button/button_pressed",
          "anchor_from": "top_left",
          "anchor_to": "top_left",
          "bindings": [
            {
              "binding_name": "#submit_button_visible",
              "binding_name_override": "#visible"
            }
          ],
          "size": [
            "100% + 1px",
            32
          ]
        }
      }
    ],
    "offset": [
      2,
      0
    ],
    "orientation": "vertical",
    "size": [
      "100% - 4px",
      "100%c"
    ],
    "type": "stack_panel"
  },
  "custom_step_slider@server_form.ng_slider": {
    "$label_bindings": [
      {
        "binding_collection_name": "custom_form",
        "binding_name": "#custom_slider_step_text",
        "binding_type": "collection"
      }
    ],
    "$option_label": "#custom_slider_step_text",
    "$slider_name": "custom_slider_step",
    "$slider_steps_binding_name": "#custom_slider_steps",
    "$slider_steps_binding_type": "collection",
    "$slider_tts_text_value": "#custom_slider_step_text_value",
    "$slider_value_binding_name": "#custom_slider_step_value"
  },
  "generated_contents": {
    "anchor_from": "top_left",
    "anchor_to": "top_left",
    "bindings": [
      {
        "binding_name": "#custom_form_length",
        "binding_name_override": "#collection_length"
      }
    ],
    "collection_name": "custom_form",
    "factory": {
      "control_ids": {
        "dropdown": "@server_form.ng_dropdown",
        "input": "@server_form.ng_input",
        "label": "@server_form.ng_label",
        "slider": "@server_form.ng_slider",
        "step_slider": "@server_form.custom_step_slider",
        "toggle": "@server_form.ng_toggle"
      },
      "name": "buttons"
    },
    "orientation": "vertical",
    "size": [
      "100%",
      "100%c"
    ],
    "type": "stack_panel"
  },
  "long_form_scrolling_content": {
    "anchor_from": "top_middle",
    "anchor_to": "top_middle",
    "controls": [
      {
        "content_holder": {
          "bindings": [
            {
              "binding_type": "view",
              "source_property_name": "(not(#form_text = ''))",
              "target_property_name": "#visible"
            }
          ],
          "controls": [
            {
              "content": {
                "allow_clipping": true,
                "alpha": 0.4,
                "anchor_from": "top_left",
                "anchor_to": "top_left",
                "clips_children": true,
                "color": "black",
                "controls": [
                  {
                    "content_text": {
                      "anchor_from": "center",
                      "anchor_to": "center",
                      "font_scale_factor": 1,
                      "font_type": "MinecraftSeven",
                      "layer": 10,
                      "localize": false,
                      "shadow": true,
                      "size": [
                        "100%-4px",
                        "default"
                      ],
                      "text": "#form_text",
                      "text_alignment": "center",
                      "type": "label"
                    }
                  }
                ],
                "layer": 9,
                "size": [
                  "100%",
                  "100%c + 10px"
                ],
                "texture": "textures/ui/ng/rounded_corners",
                "type": "image"
              }
            }
          ],
          "size": [
            "100%",
            "100%c + 2px"
          ],
          "type": "panel"
        }
      },
      {
        "wrapping_panel": {
          "controls": [
            {
              "long_form_dynamic_buttons_panel@server_form.ng_form_grid": {}
            }
          ],
          "size": [
            "100%",
            "100%c"
          ],
          "type": "panel"
        }
      }
    ],
    "orientation": "vertical",
    "size": [
      "100% -2px",
      "100%c"
    ],
    "type": "stack_panel"
  },
  "namespace": "server_form",
  "nethergames_long_form": {
    "$flag_column_2": "§w",
    "$flag_column_3": "§y",
    "$flag_column_4": "§v",
    "$flag_games": "§z",
    "$flag_social": "§x",
    "controls": [
      {
        "long_form@server_form.ng_default_form": {
          "bindings": [
            {
              "binding_condition": "none",
              "binding_name": "#title_text",
              "binding_name_override": "#title_text",
              "binding_type": "global"
            },
            {
              "binding_type": "view",
              "source_property_name": "(((#title_text - $flag_games - $flag_column_3 - $flag_column_4 - $flag_column_2 - $flag_social) = #title_text) )",
              "target_property_name": "#visible"
            },
            {
              "binding_type": "view",
              "source_property_name": "(((#title_text - $flag_games  - $flag_column_3 - $flag_column_4 - $flag_column_2 - $flag_social) = #title_text) )",
              "target_property_name": "#enabled"
            }
          ]
        }
      },
      {
        "nethergames_games@games.main_panel": {
          "bindings": [
            {
              "binding_condition": "none",
              "binding_name": "#title_text",
              "binding_name_override": "#title_text",
              "binding_type": "global"
            },
            {
              "binding_type": "view",
              "source_property_name": "(not ((#title_text - $flag_games) = #title_text))",
              "target_property_name": "#visible"
            },
            {
              "binding_type": "view",
              "source_property_name": "(not ((#title_text - $flag_games) = #title_text))",
              "target_property_name": "#enabled"
            }
          ]
        }
      },
      {
        "nethergames_collumn_2@column.main_panel": {
          "$button_size": [
            "50%",
            "100%"
          ],
          "$max_size": [
            220,
            260
          ],
          "$size": [
            "100%-4px",
            "100%-4px"
          ],
          "bindings": [
            {
              "binding_condition": "none",
              "binding_name": "#title_text",
              "binding_name_override": "#title_text",
              "binding_type": "global"
            },
            {
              "binding_type": "view",
              "source_property_name": "(not ((#title_text - $flag_column_2) = #title_text))",
              "target_property_name": "#visible"
            },
            {
              "binding_type": "view",
              "source_property_name": "(not ((#title_text - $flag_column_2) = #title_text))",
              "target_property_name": "#enabled"
            }
          ]
        }
      },
      {
        "nethergames_collumn_3@column.main_panel": {
          "$button_size": [
            "33.333%",
            "100%"
          ],
          "$max_size": [
            320,
            260
          ],
          "$size": [
            "100%-4px",
            "100%-4px"
          ],
          "bindings": [
            {
              "binding_condition": "none",
              "binding_name": "#title_text",
              "binding_name_override": "#title_text",
              "binding_type": "global"
            },
            {
              "binding_type": "view",
              "source_property_name": "(not ((#title_text - $flag_column_3) = #title_text))",
              "target_property_name": "#visible"
            },
            {
              "binding_type": "view",
              "source_property_name": "(not ((#title_text - $flag_column_3) = #title_text))",
              "target_property_name": "#enabled"
            }
          ]
        }
      },
      {
        "nethergames_collumn_4@column.main_panel": {
          "$button_size": [
            "25%",
            "100%"
          ],
          "$max_size": [
            420,
            260
          ],
          "$size": [
            "100%-4px",
            "100%-4px"
          ],
          "bindings": [
            {
              "binding_condition": "none",
              "binding_name": "#title_text",
              "binding_name_override": "#title_text",
              "binding_type": "global"
            },
            {
              "binding_type": "view",
              "source_property_name": "(not ((#title_text - $flag_column_4) = #title_text))",
              "target_property_name": "#visible"
            },
            {
              "binding_type": "view",
              "source_property_name": "(not ((#title_text - $flag_column_4) = #title_text))",
              "target_property_name": "#enabled"
            }
          ]
        }
      },
      {
        "nethergames_social@nethergames_social.main_panel": {
          "bindings": [
            {
              "binding_condition": "none",
              "binding_name": "#title_text",
              "binding_name_override": "#title_text",
              "binding_type": "global"
            },
            {
              "binding_type": "view",
              "source_property_name": "(not ((#title_text - $flag_social) = #title_text))",
              "target_property_name": "#visible"
            },
            {
              "binding_type": "view",
              "source_property_name": "(not ((#title_text - $flag_social) = #title_text))",
              "target_property_name": "#enabled"
            }
          ]
        }
      }
    ],
    "size": [
      "100%",
      "100%"
    ],
    "type": "panel"
  },
  "nethergames_main_screen_content": {
    "controls": [
      {
        "server_form_factory": {
          "control_ids": {
            "custom_form": "@server_form.ng_custom_form",
            "long_form": "@server_form.nethergames_long_form"
          },
          "type": "factory"
        }
      }
    ],
    "size": [
      "100%",
      "100%"
    ],
    "type": "panel"
  },
  "ng_close_button@common.close_button": {
    "$default_button_alpha": 1,
    "anchor_from": "top_right",
    "anchor_to": "top_right",
    "bindings": [
      {
        "binding_name": "(not #is_using_gamepad)",
        "binding_name_override": "#visible"
      }
    ],
    "controls": [
      {
        "default@common.close_button_panel": {
          "$close_button_texture": "textures/ui/ng/close/close_button",
          "size": [
            17,
            17
          ]
        }
      },
      {
        "hover@common.close_button_panel": {
          "$close_button_texture": "textures/ui/ng/close/close_button_hover",
          "size": [
            17,
            17
          ]
        }
      },
      {
        "pressed@common.close_button_panel": {
          "$close_button_texture": "textures/ui/ng/close/close_button_pressed",
          "size": [
            17,
            17
          ]
        }
      }
    ],
    "offset": [
      -2,
      2
    ],
    "size": [
      "100%c",
      "100%c"
    ],
    "visible": "(not $is_console)"
  },
  "ng_custom_form": {
    "anchor_from": "center",
    "anchor_to": "center",
    "controls": [
      {
        "background": {
          "alpha": 0.4,
          "color": "black",
          "controls": [
            {
              "header": {
                "alpha": 0.4,
                "anchor_from": "top_left",
                "anchor_to": "top_left",
                "color": "black",
                "controls": [
                  {
                    "modal_title": {
                      "anchor_from": "left_middle",
                      "anchor_to": "left_middle",
                      "bindings": [
                        {
                          "binding_name": "#title_text",
                          "binding_type": "global"
                        }
                      ],
                      "color": "yellow",
                      "font_scale_factor": 1.1,
                      "font_type": "MinecraftTen",
                      "layer": 5,
                      "localize": false,
                      "offset": [
                        4,
                        -2
                      ],
                      "shadow": true,
                      "text": "#title_text",
                      "text_alignment": "left",
                      "type": "label"
                    }
                  },
                  {
                    "close_button@server_form.ng_close_button": {}
                  }
                ],
                "layer": 4,
                "offset": [
                  4,
                  4
                ],
                "size": [
                  "100% - 8px",
                  "21px"
                ],
                "texture": "textures/ui/ng/rounded_corners",
                "type": "image"
              }
            },
            {
              "contents": {
                "alpha": 0.4,
                "anchor_from": "bottom_left",
                "anchor_to": "bottom_left",
                "color": "black",
                "controls": [
                  {
                    "custom_form_slim@custom_form_panel": {}
                  }
                ],
                "layer": 7,
                "offset": [
                  4,
                  -4
                ],
                "size": [
                  "100% - 8px",
                  "100% - 36px"
                ],
                "texture": "textures/ui/ng/rounded_corners",
                "type": "image"
              }
            }
          ],
          "fill": true,
          "layer": 3,
          "size": [
            "100%",
            "100%"
          ],
          "texture": "textures/ui/ng/rounded_corners",
          "type": "image"
        }
      }
    ],
    "layer": 2,
    "offset": [
      0,
      0
    ],
    "orientation": "vertical",
    "size": [
      225,
      225
    ],
    "type": "stack_panel"
  },
  "ng_default_form": {
    "anchor_from": "center",
    "anchor_to": "center",
    "controls": [
      {
        "background": {
          "alpha": 0.6,
          "color": "black",
          "controls": [
            {
              "header": {
                "alpha": 0.4,
                "anchor_from": "top_left",
                "anchor_to": "top_left",
                "color": "black",
                "controls": [
                  {
                    "modal_title": {
                      "anchor_from": "left_middle",
                      "anchor_to": "left_middle",
                      "bindings": [
                        {
                          "binding_name": "#title_text",
                          "binding_type": "global"
                        }
                      ],
                      "color": "yellow",
                      "font_scale_factor": 1.1,
                      "font_type": "MinecraftTen",
                      "layer": 5,
                      "localize": false,
                      "offset": [
                        4,
                        -2
                      ],
                      "shadow": true,
                      "text": "#title_text",
                      "text_alignment": "left",
                      "type": "label"
                    }
                  },
                  {
                    "close_button@server_form.ng_close_button": {}
                  }
                ],
                "layer": 4,
                "offset": [
                  4,
                  4
                ],
                "size": [
                  "100% - 8px",
                  "21px"
                ],
                "texture": "textures/ui/ng/rounded_corners",
                "type": "image"
              }
            },
            {
              "contents": {
                "alpha": 0.4,
                "anchor_from": "bottom_left",
                "anchor_to": "bottom_left",
                "color": "black",
                "controls": [
                  {
                    "description@ng_long_form_list_buttons_panel_with_description": {}
                  }
                ],
                "layer": 7,
                "offset": [
                  4,
                  -4
                ],
                "size": [
                  "100% - 8px",
                  "100% - 36px"
                ],
                "texture": "textures/ui/ng/rounded_corners",
                "type": "image"
              }
            }
          ],
          "fill": true,
          "layer": 3,
          "size": [
            "100%",
            "100%"
          ],
          "texture": "textures/ui/ng/rounded_corners",
          "type": "image"
        }
      }
    ],
    "layer": 2,
    "offset": [
      0,
      0
    ],
    "orientation": "vertical",
    "size": [
      225,
      225
    ],
    "type": "stack_panel"
  },
  "ng_dropdown": {
    "controls": [
      {
        "content": {
          "alpha": 0.5,
          "anchor_from": "top_left",
          "anchor_to": "top_left",
          "color": "black",
          "controls": [
            {
              "custom_text": {
                "anchor_from": "center",
                "anchor_to": "center",
                "bindings": [
                  {
                    "binding_collection_name": "custom_form",
                    "binding_name": "#custom_text",
                    "binding_type": "collection"
                  }
                ],
                "font_type": "MinecraftTen",
                "offset": [
                  0,
                  -2
                ],
                "shadow": true,
                "size": [
                  "100%",
                  "default"
                ],
                "text": "#custom_text",
                "text_alignment": "center",
                "type": "label"
              }
            }
          ],
          "layer": 9,
          "size": [
            "100%",
            "100%c+5px"
          ],
          "texture": "textures/ui/ng/rounded_corners",
          "type": "image"
        }
      },
      {
        "padding": {
          "anchor_from": "center",
          "anchor_to": "center",
          "size": [
            "100%c",
            20
          ],
          "type": "panel"
        }
      },
      {
        "custom_dropdown_content@settings_common.option_radio_dropdown_group": {
          "$radio_bindings": [
            {
              "binding_collection_name": "custom_form",
              "binding_name": "#custom_dropdown_length",
              "binding_name_override": "#collection_length",
              "binding_type": "collection"
            }
          ],
          "$radio_buttons": [],
          "$radio_collection_name": "custom_dropdown",
          "$radio_factory": {
            "control_name": "server_form.custom_dropdown_radio",
            "name": "buttons"
          },
          "offset": [
            0,
            0
          ],
          "size": [
            "100% - 4px",
            "100%c - 15px"
          ]
        }
      }
    ],
    "size": [
      "100%",
      "100%c"
    ],
    "type": "panel"
  },
  "ng_dynamic_button": {
    "anchor_from": "top_right",
    "anchor_to": "top_right",
    "controls": [
      {
        "button@common.button": {
          "$pressed_button_name": "button.form_button_click",
          "anchor_from": "top_left",
          "anchor_to": "top_left",
          "bindings": [
            {
              "binding_collection_name": "form_buttons",
              "binding_type": "collection_details"
            }
          ],
          "controls": [
            {
              "default@server_form.ng_dynamic_button_wrapper": {
                "$button_texture": "textures/ui/ng/button/button"
              }
            },
            {
              "hover@server_form.ng_dynamic_button_wrapper": {
                "$button_texture": "textures/ui/ng/button/button_hover"
              }
            },
            {
              "pressed@server_form.ng_dynamic_button_wrapper": {
                "$button_texture": "textures/ui/ng/button/button_pressed"
              }
            }
          ],
          "size": [
            "100%",
            "100% - 2px"
          ]
        }
      }
    ],
    "layer": 21,
    "size": "$button_size",
    "type": "panel"
  },
  "ng_dynamic_button_big_icon@ng_dynamic_button": {
    "controls": [
      {
        "button@common.button": {
          "$pressed_button_name": "button.form_button_click",
          "anchor_from": "top_left",
          "anchor_to": "top_left",
          "bindings": [
            {
              "binding_collection_name": "form_buttons",
              "binding_type": "collection_details"
            }
          ],
          "controls": [
            {
              "default@server_form.ng_dynamic_button_big_icon_wrapper": {
                "$button_texture": "textures/ui/ng/button/button"
              }
            },
            {
              "hover@server_form.ng_dynamic_button_big_icon_wrapper": {
                "$button_texture": "textures/ui/ng/button/button_hover"
              }
            },
            {
              "pressed@server_form.ng_dynamic_button_big_icon_wrapper": {
                "$button_texture": "textures/ui/ng/button/button_pressed"
              }
            }
          ],
          "size": [
            "100% - 2px",
            "100% - 2px"
          ]
        }
      }
    ]
  },
  "ng_dynamic_button_big_icon_inside@ng_dynamic_button_inside": {
    "controls": [
      {
        "image": {
          "$fit_to_width": true,
          "bindings": [
            {
              "binding_collection_name": "form_buttons",
              "binding_name": "#form_button_texture",
              "binding_name_override": "#texture",
              "binding_type": "collection"
            },
            {
              "binding_collection_name": "form_buttons",
              "binding_name": "#form_button_texture_file_system",
              "binding_name_override": "#texture_file_system",
              "binding_type": "collection"
            },
            {
              "binding_type": "view",
              "source_property_name": "(not ((#texture = '') or (#texture = 'loading')))",
              "target_property_name": "#visible"
            }
          ],
          "clips_children": true,
          "force_texture_reload": true,
          "keep_ratio": false,
          "layer": 23,
          "offset": [
            2,
            2
          ],
          "size": [
            "100%",
            "100%"
          ],
          "type": "image"
        }
      },
      {
        "text_br": {
          "anchor_from": "top_left",
          "anchor_to": "top_left",
          "controls": [
            {
              "entry_description_panel": {
                "alpha": 0.4,
                "anchor_from": "top_right",
                "anchor_to": "top_right",
                "color": "black",
                "controls": [
                  {
                    "entry_description_label": {
                      "anchor_from": "center",
                      "anchor_to": "center",
                      "bindings": [
                        {
                          "binding_collection_name": "form_buttons",
                          "binding_condition": "none",
                          "binding_name": "#form_button_text",
                          "binding_name_override": "#form_button_text",
                          "binding_type": "collection"
                        }
                      ],
                      "color": "yellow",
                      "font_scale_factor": 1,
                      "font_type": "default",
                      "layer": 27,
                      "line_padding": 0,
                      "offset": [
                        1.2,
                        1
                      ],
                      "shadow": true,
                      "text": "#form_button_text",
                      "text_alignment": "left",
                      "type": "label"
                    }
                  }
                ],
                "keep_ratio": false,
                "layer": 24,
                "offset": [
                  -15,
                  -28
                ],
                "size": [
                  25,
                  15
                ],
                "texture": "textures/ui/ng/rounded_corners",
                "type": "image"
              }
            }
          ],
          "size": [
            "100%",
            "100%"
          ],
          "type": "panel"
        }
      }
    ],
    "orientation": "vertical"
  },
  "ng_dynamic_button_big_icon_wrapper@ng_dynamic_button_wrapper": {
    "bindings": [
      {
        "binding_collection_name": "form_buttons",
        "binding_condition": "none",
        "binding_name": "#form_button_text",
        "binding_name_override": "#form_button_text",
        "binding_type": "collection"
      }
    ],
    "controls": [
      {
        "ng_dynamic_button_big_icon_inside@server_form.ng_dynamic_button_big_icon_inside": {}
      }
    ],
    "texture": "$button_texture",
    "type": "image"
  },
  "ng_dynamic_button_inside": {
    "controls": [
      {
        "image": {
          "anchor_from": "top_left",
          "anchor_to": "top_left",
          "bindings": [
            {
              "binding_collection_name": "form_buttons",
              "binding_name": "#form_button_texture",
              "binding_name_override": "#texture",
              "binding_type": "collection"
            },
            {
              "binding_collection_name": "form_buttons",
              "binding_name": "#form_button_texture_file_system",
              "binding_name_override": "#texture_file_system",
              "binding_type": "collection"
            },
            {
              "binding_type": "view",
              "source_property_name": "(not ((#texture = '') or (#texture = 'loading')))",
              "target_property_name": "#visible"
            }
          ],
          "force_texture_reload": true,
          "keep_ratio": true,
          "layer": 23,
          "offset": [
            2,
            2
          ],
          "size": [
            26,
            26
          ],
          "type": "image"
        }
      },
      {
        "entry_description_panel": {
          "anchor_from": "center",
          "anchor_to": "center",
          "controls": [
            {
              "entry_description_label": {
                "anchor_from": "center",
                "anchor_to": "center",
                "bindings": [
                  {
                    "binding_collection_name": "form_buttons",
                    "binding_condition": "none",
                    "binding_name": "#form_button_text",
                    "binding_name_override": "#form_button_text",
                    "binding_type": "collection"
                  }
                ],
                "font_scale_factor": 1,
                "font_type": "default",
                "layer": 27,
                "shadow": true,
                "size": [
                  "100%-10px",
                  "default"
                ],
                "text": "#form_button_text",
                "text_alignment": "center",
                "type": "label"
              }
            }
          ],
          "layer": 24,
          "size": [
            "fill",
            "100%"
          ],
          "type": "panel"
        }
      }
    ],
    "layer": 22,
    "orientation": "horizontal",
    "size": [
      "100% - 4px",
      "100% - 4px"
    ],
    "type": "stack_panel"
  },
  "ng_dynamic_button_wrapper": {
    "bindings": [
      {
        "binding_collection_name": "form_buttons",
        "binding_condition": "none",
        "binding_name": "#form_button_text",
        "binding_name_override": "#form_button_text",
        "binding_type": "collection"
      }
    ],
    "controls": [
      {
        "ng_dynamic_button_inside@server_form.ng_dynamic_button_inside": {}
      }
    ],
    "size": [
      "100%",
      "100%"
    ],
    "texture": "$button_texture",
    "type": "image"
  },
  "ng_form_grid": {
    "anchor_from": "top_right",
    "anchor_to": "top_right",
    "bindings": [
      {
        "binding_name": "#form_button_length",
        "binding_name_override": "#maximum_grid_items"
      }
    ],
    "collection_name": "form_buttons",
    "grid_item_template": "server_form.ng_dynamic_button",
    "grid_rescaling_type": "horizontal",
    "layer": 20,
    "size": [
      "100%",
      "100%c"
    ],
    "type": "grid"
  },
  "ng_input": {
    "controls": [
      {
        "content": {
          "alpha": 0.5,
          "anchor_from": "top_left",
          "anchor_to": "top_left",
          "color": "black",
          "controls": [
            {
              "custom_text": {
                "anchor_from": "center",
                "anchor_to": "center",
                "bindings": [
                  {
                    "binding_collection_name": "custom_form",
                    "binding_name": "#custom_text",
                    "binding_type": "collection"
                  }
                ],
                "font_type": "MinecraftTen",
                "offset": [
                  0,
                  -2
                ],
                "shadow": true,
                "size": [
                  "100% -3px",
                  "default"
                ],
                "text": "#custom_text",
                "text_alignment": "center",
                "type": "label"
              }
            }
          ],
          "layer": 9,
          "size": [
            "100%",
            "100%c+5px"
          ],
          "texture": "textures/ui/ng/rounded_corners",
          "type": "image"
        }
      },
      {
        "padding": {
          "size": [
            0,
            15
          ],
          "type": "panel"
        }
      },
      {
        "custom_input@settings_common.option_text_edit": {
          "$max_text_edit_length": 100,
          "$option_binding_name": "#custom_input_text",
          "$text_box_enabled_binding_name": "#custom_input_enabled",
          "$text_box_name": "custom_input",
          "$text_edit_box_content_binding_name": "#custom_input_text",
          "$text_edit_box_content_binding_type": "collection",
          "$text_edit_box_grid_collection_name": "custom_form",
          "$text_edit_box_placeholder_content_binding_name": "#custom_placeholder_text",
          "$text_edit_box_placeholder_content_binding_type": "collection"
        }
      }
    ],
    "size": [
      "100%",
      "100%c"
    ],
    "type": "panel"
  },
  "ng_label": {
    "controls": [
      {
        "custom_text@settings_common.option_group_label": {
          "alpha": 0.5,
          "anchor_from": "top_left",
          "anchor_to": "top_left",
          "color": "black",
          "controls": [
            {
              "custom_text": {
                "anchor_from": "center",
                "anchor_to": "center",
                "bindings": [
                  {
                    "binding_collection_name": "custom_form",
                    "binding_name": "#custom_text",
                    "binding_type": "collection"
                  }
                ],
                "font_type": "MinecraftTen",
                "offset": [
                  0,
                  -2
                ],
                "shadow": true,
                "size": [
                  "100%",
                  "default"
                ],
                "text": "#custom_text",
                "text_alignment": "center",
                "type": "label"
              }
            }
          ],
          "layer": 9,
          "size": [
            "100%",
            "100%c+5px"
          ],
          "texture": "textures/ui/ng/rounded_corners",
          "type": "image"
        }
      }
    ],
    "size": [
      "100%",
      "100%c+4px"
    ],
    "type": "panel"
  },
  "ng_long_form_list_buttons_panel_with_description@common.scrolling_panel": {
    "$button_size": [
      "100%",
      32
    ],
    "$scroll_background_image_control": "server_form.ng_scroll_rail",
    "$scroll_bar_left_padding_size": [
      1,
      0
    ],
    "$scroll_bar_right_padding_size": [
      2,
      0
    ],
    "$scroll_box_mouse_image_control": "server_form.ng_scroll_handle",
    "$scroll_box_touch_image_control": "server_form.ng_scroll_handle",
    "$scroll_size": [
      "12px",
      "100%"
    ],
    "$scroll_track_image_control": "server_form.ng_scroll_rail",
    "$scrolling_content": "server_form.long_form_scrolling_content",
    "$scrolling_pane_offset": [
      2,
      2
    ],
    "$scrolling_pane_size": [
      "100% - 2px",
      "100% - 4px"
    ],
    "$show_background": false,
    "anchor_from": "bottom_left",
    "anchor_to": "bottom_left",
    "size": [
      "100%",
      "100%"
    ]
  },
  "ng_scroll_handle@common.scrollbar_box_image": {
    "fill": true,
    "size": [
      "100% - 4px",
      "100% - 4px"
    ],
    "texture": "textures/ui/ng/scroll_handle"
  },
  "ng_scroll_rail@common.scroll_indent_image": {
    "alpha": 0.4,
    "color": "black",
    "fill": true,
    "size": [
      "100%",
      "100%"
    ],
    "texture": "textures/ui/ng/rounded_corners"
  },
  "ng_slider@option_slider": {
    "$label_bindings": [
      {
        "binding_collection_name": "custom_form",
        "binding_name": "#custom_slider_text",
        "binding_type": "collection"
      }
    ],
    "$option_label": "#custom_slider_text",
    "$slider_binding_type": "collection",
    "$slider_collection_name": "custom_form",
    "$slider_enabled_binding_name": "#custom_slider_enabled",
    "$slider_enabled_binding_type": "collection",
    "$slider_name": "custom_slider",
    "$slider_tts_text_value": "#custom_slider_text_value",
    "$slider_value_binding_name": "#custom_slider_value"
  },
  "ng_toggle": {
    "controls": [
      {
        "custom_toggles@common.toggle": {
          "$checked_control": "server_form.option_toggle_on",
          "$checked_hover_control": "server_form.option_toggle_on_hover",
          "$label_bindings": [
            {
              "binding_collection_name": "custom_form",
              "binding_name": "#custom_text",
              "binding_type": "collection"
            }
          ],
          "$option_binding_name": "#custom_toggle_state",
          "$toggle_binding_type": "collection",
          "$toggle_enabled_binding_name": "#custom_toggle_enabled",
          "$toggle_enabled_binding_type": "collection",
          "$toggle_grid_collection_name": "custom_form",
          "$toggle_name": "custom_toggle",
          "$toggle_state_binding_name": "#custom_toggle_state",
          "$unchecked_control": "server_form.option_toggle_off",
          "$unchecked_hover_control": "server_form.option_toggle_off_hover",
          "anchor_from": "top_left",
          "anchor_to": "top_left",
          "offset": [
            0,
            0
          ],
          "size": [
            30,
            16
          ]
        }
      },
      {
        "custom_text": {
          "anchor_from": "center",
          "anchor_to": "center",
          "bindings": [
            {
              "binding_collection_name": "custom_form",
              "binding_name": "#custom_text",
              "binding_type": "collection"
            }
          ],
          "layer": 55,
          "offset": [
            35,
            3
          ],
          "shadow": true,
          "size": [
            "100%",
            "100%"
          ],
          "text": "#custom_text",
          "text_alignment": "left",
          "type": "label"
        }
      }
    ],
    "size": [
      "100%",
      20
    ],
    "type": "panel"
  },
  "option_slider@settings_common.option_generic": {
    "$control_name": "server_form.option_slider_control"
  },
  "option_slider_control": {
    "$slider_box_hover_layout": "server_form.slider_button_hover_layout",
    "$slider_box_indent_layout": "server_form.slider_button_indent_layout",
    "$slider_box_layout": "server_form.slider_button_layout",
    "$slider_box_locked_layout": "server_form.slider_button_locked_layout",
    "controls": [
      {
        "slider@common.slider": {
          "$option_label|default": "",
          "$slider_box_size": [
            16,
            16
          ],
          "$slider_enabled_binding_name": "$option_enabled_binding_name",
          "$slider_enabled_binding_type": "global",
          "$slider_tts_header": "$option_label",
          "$slider_tts_header_binding_type": "global",
          "controls": [
            {
              "slider_box@slider_box": {
                "$slider_box_layout": "$slider_box_layout",
                "$slider_box_size": "$slider_box_size",
                "$slider_track_button": "$slider_name"
              }
            },
            {
              "slider_bar_default@server_form.slider_bar_default": {}
            },
            {
              "slider_bar_hover@server_form.slider_bar_default": {}
            }
          ],
          "enabled": "$enabled",
          "offset": [
            1,
            0
          ],
          "size": [
            "100%-13px",
            10
          ],
          "variables": [
            {
              "$slider_enabled_binding_name": "#not_data_bound",
              "$slider_enabled_binding_type": "none",
              "requires": "(not $option_enabled_binding_name or not $enabled)"
            }
          ]
        }
      }
    ],
    "size": [
      "100% - 2px",
      16
    ],
    "type": "panel"
  },
  "option_toggle_off@server_form.toggle_controls": {
    "texture": "textures/ui/ng/toggles/toggle_off"
  },
  "option_toggle_off_hover@server_form.toggle_controls": {
    "texture": "textures/ui/ng/toggles/toggle_off_hover"
  },
  "option_toggle_on@server_form.toggle_controls": {
    "texture": "textures/ui/ng/toggles/toggle_on"
  },
  "option_toggle_on_hover@server_form.toggle_controls": {
    "texture": "textures/ui/ng/toggles/toggle_on_hover"
  },
  "radio_visuals": {
    "$alpha|default": 1,
    "$hovered|default": false,
    "$no_label|default": false,
    "$radio_label_bindings|default": [],
    "$radio_label_color|default": "$main_header_text_color",
    "$radio_label_font_type|default": "default",
    "$selected|default": false,
    "controls": [
      {
        "radio_image": {
          "alpha": "$alpha",
          "anchor_from": "left_middle",
          "anchor_to": "left_middle",
          "layer": 5,
          "offset": [
            2,
            0
          ],
          "size": [
            10,
            10
          ],
          "texture": "$radio_texture",
          "type": "image"
        }
      },
      {
        "radio_label": {
          "alpha": "$alpha",
          "anchor_from": "left_middle",
          "anchor_to": "left_middle",
          "bindings": "$radio_label_bindings",
          "color": "$radio_label_color",
          "font_type": "$radio_label_font_type",
          "ignored": "($no_label)",
          "layer": 5,
          "offset": [
            19,
            0.5
          ],
          "size": [
            "100% - 16px",
            "default"
          ],
          "text": "$radio_label_text",
          "type": "label"
        }
      },
      {
        "accessibility_selection_highlight": {
          "$highlight_image|default": "",
          "$selection_highlight_offset|default": [
            0,
            0
          ],
          "$selection_highlight_size|default": [
            "100% + 4px",
            "100% + 2px"
          ],
          "ignored": "(not $selected and not $hovered)",
          "layer": 1,
          "offset": "$selection_highlight_offset",
          "size": "$selection_highlight_size",
          "texture": "$highlight_image",
          "tiled": true,
          "type": "image"
        }
      }
    ],
    "size": [
      "100%",
      16
    ],
    "type": "panel",
    "variables": [
      {
        "$highlight_image": "",
        "requires": "$selected"
      },
      {
        "$highlight_image": "textures/ui/ng/button/button_hover",
        "layer": 1,
        "requires": "$hovered"
      }
    ]
  },
  "radio_visuals_checked@radio_visuals": {
    "$radio_texture": "textures/ui/ng/radio/radio_on",
    "$selected": true
  },
  "radio_visuals_checked_hover@radio_visuals": {
    "$hovered": true,
    "$radio_texture": "textures/ui/ng/radio/radio_on_hover"
  },
  "radio_visuals_checked_locked@radio_visuals": {
    "$alpha": 0.5,
    "$radio_texture": "textures/ui/ng/radio/radio_on",
    "$selected": true
  },
  "radio_visuals_unchecked@radio_visuals": {
    "$radio_texture": "textures/ui/ng/radio/radio_off"
  },
  "radio_visuals_unchecked_hover@radio_visuals": {
    "$hovered": true,
    "$radio_texture": "textures/ui/ng/radio/radio_off_hover"
  },
  "radio_visuals_unchecked_locked@radio_visuals": {
    "$alpha": 0.5,
    "$radio_texture": "textures/ui/ng/radio/radio_off"
  },
  "slider_background": {
    "texture": "textures/ui/ng/sliders/slider_background",
    "type": "image"
  },
  "slider_bar_default@server_form.slider_border": {
    "$background_control_name|default": "slider_background",
    "$background_control|default": "server_form.slider_background",
    "$progress_clip_direction|default": "left",
    "$progress_control_name|default": "slider_progress",
    "$progress_control|default": "server_form.slider_progress",
    "controls": [
      {
        "sizing_panel": {
          "controls": [
            {
              "$background_control_name@$background_control": {
                "layer": 1
              }
            },
            {
              "$progress_control_name@$progress_control": {
                "clip_direction": "$progress_clip_direction",
                "clip_pixelperfect": false,
                "layer": 3
              }
            }
          ],
          "size": [
            "100% - 2px",
            "100% - 2px"
          ],
          "type": "panel"
        }
      },
      {
        "transparent_grey": {
          "alpha": 1,
          "bindings": [
            {
              "binding_collection_name": "$slider_collection_name",
              "binding_condition": "$slider_enabled_binding_condition",
              "binding_name": "(not $slider_enabled_binding_name)",
              "binding_name_override": "#visible",
              "binding_type": "$slider_enabled_binding_type"
            }
          ],
          "ignored": "$is_holographic",
          "layer": 4,
          "texture": "textures/ui/ng/sliders/slider_border",
          "type": "image"
        }
      }
    ]
  },
  "slider_border": {
    "texture": "textures/ui/ng/sliders/slider_border",
    "type": "image"
  },
  "slider_button_hover_layout@server_form.slider_button_state": {
    "texture": "textures/ui/ng/sliders/slider_button_hover"
  },
  "slider_button_indent_layout@server_form.slider_button_state": {
    "texture": "textures/ui/sliders/slider_button_hover"
  },
  "slider_button_layout@server_form.slider_button_state": {
    "texture": "textures/ui/ng/sliders/slider_button_default"
  },
  "slider_button_locked_layout@server_form.slider_button_state": {
    "texture": "textures/ui/sliders/slider_button_default"
  },
  "slider_button_state": {
    "layer": 2,
    "texture": "textures/ui/ng/sliders/slider_button_default",
    "type": "image"
  },
  "slider_progress": {
    "texture": "textures/ui/ng/sliders/slider_progress",
    "type": "image"
  },
  "third_party_server_screen@common.base_screen": {
    "$screen_content": "server_form.nethergames_main_screen_content",
    "button_mappings": [
      {
        "from_button_id": "button.menu_cancel",
        "mapping_type": "global",
        "to_button_id": "button.menu_exit"
      }
    ]
  },
  "toggle_controls": {
    "anchor_from": "top_left",
    "anchor_to": "top_left",
    "size": [
      "100%",
      "100%"
    ],
    "type": "image"
  }
}