{"format_version":"1.12.0","minecraft:geometry":[{"bones":[{"cubes":[{"inflate":0.1,"mirror":true,"origin":[-3.95576,18.37648,-3],"size":[6.925,3.5,6.5],"uv":[158,154]},{"inflate":0.1,"mirror":true,"origin":[-8.13893,10.17256,-3],"pivot":[-0.63893,11.42256,0.25],"rotation":[0,0,-32.5],"size":[15,2.5,6.5],"uv":[178,0]},{"inflate":0.1,"origin":[-7.00274,13.92655,-3],"pivot":[-6.50274,14.67655,0.25],"rotation":[0,0,37.5],"size":[11,2.5,6.5],"uv":[178,0]},{"inflate":0.1,"origin":[1.04407,4.89336,-3],"pivot":[7.54407,5.64336,0.25],"rotation":[0,0,25],"size":[10,2.5,6.5],"uv":[178,0]},{"inflate":0.1,"origin":[-11.1462,16.21746,-3],"pivot":[-7.6462,15.96746,0.25],"rotation":[0,0,90],"size":[5,3.5,6.5],"uv":[152,172]},{"inflate":0.1,"origin":[-6.53402,16.93296,-3],"pivot":[-5.53402,18.68296,0.25],"rotation":[0,0,-35],"size":[4,3.5,6.5],"uv":[74,177]},{"inflate":0.1,"mirror":true,"origin":[1.53402,16.93296,-3],"pivot":[4.53402,18.68296,0.25],"rotation":[0,0,35],"size":[4,3.5,6.5],"uv":[74,177]},{"inflate":0.1,"mirror":true,"origin":[6.1462,17.21746,-3],"pivot":[7.6462,15.96746,0.25],"rotation":[0,0,-90],"size":[5,3.5,6.5],"uv":[152,172]},{"inflate":0.1,"origin":[-7.17357,2.265,-3],"pivot":[-4.17357,4.015,0.25],"rotation":[0,0,35],"size":[6,3.5,6.5],"uv":[74,177]},{"inflate":0.1,"origin":[-2.59531,0.82149,-3],"size":[6,3.5,6.5],"uv":[74,177]},{"inflate":0.1,"origin":[-9.42406,6.12766,-3],"pivot":[-5.92406,7.87766,0.25],"rotation":[0,0,-90],"size":[4,3.5,6.5],"uv":[152,172]},{"inflate":0.1,"mirror":true,"origin":[1.98294,2.265,-3],"pivot":[4.98294,4.015,0.25],"rotation":[0,0,-35],"size":[6,3.5,6.5],"uv":[74,177]},{"inflate":0.1,"mirror":true,"origin":[4.9694,5.51788,-3],"pivot":[7.4694,7.26788,0.25],"rotation":[0,0,105],"size":[5,3.5,6.5],"uv":[152,172]}],"name":"andsymbol","pivot":[0,0,0]}],"description":{"identifier":"geometry.and","texture_height":16,"texture_width":16,"visible_bounds_height":3.5,"visible_bounds_offset":[0,1.25,0],"visible_bounds_width":3}}]}