{"format_version":"1.12.0","minecraft:geometry":[{"bones":[{"cubes":[{"inflate":0.1,"origin":[-8,0,-3],"size":[4,24.5,6.5],"uv":[0,126]},{"inflate":0.1,"origin":[-3.8,10,-3],"size":[11,4.5,6.5],"uv":[132,132]},{"inflate":0.1,"origin":[1.88175,20.4807,-3],"pivot":[3.86437,20.34691,0.25],"rotation":[0,0,35],"size":[6,3.5,6.5],"uv":[0,193]},{"inflate":0.1,"origin":[-3.8,21,-3],"size":[8,3.5,6.5],"uv":[170,99]},{"inflate":0.1,"origin":[3.26746,22.26128,-3],"pivot":[3.86437,20.34691,0.25],"rotation":[0,0,90],"size":[6,3.5,6.5],"uv":[192,178]},{"inflate":0.1,"origin":[9.52874,17.19383,-3],"pivot":[7.52874,17.94383,0.25],"rotation":[0,0,117.5],"size":[4,3.5,6.5],"uv":[196,3]},{"inflate":0.1,"origin":[3.26746,-1.26128,-3],"pivot":[3.86437,4.15309,0.25],"rotation":[0,0,-90],"size":[6,3.5,6.5],"uv":[192,96]},{"inflate":0.1,"origin":[9.52874,3.80617,-3],"pivot":[7.52874,6.55617,0.25],"rotation":[0,0,-117.5],"size":[4,3.5,6.5],"uv":[108,195]},{"inflate":0.1,"origin":[1.88175,0.5193,-3],"pivot":[3.86437,4.15309,0.25],"rotation":[0,0,-35],"size":[6,3.5,6.5],"uv":[190,187]},{"inflate":0.1,"origin":[-3.8,0,-3],"size":[8,3.5,6.5],"uv":[94,169]}],"name":"B","pivot":[0,0,0]}],"description":{"identifier":"geometry.b","texture_height":16,"texture_width":16,"visible_bounds_height":3.5,"visible_bounds_offset":[0,1.25,0],"visible_bounds_width":3}}]}