{"format_version":"1.12.0","minecraft:geometry":[{"bones":[{"cubes":[{"inflate":0.1,"origin":[-4.31746,20.82363,-3],"size":[10,3.5,6.5],"uv":[152,54]},{"inflate":0.1,"origin":[-17.81746,11.02363,-3],"pivot":[-6.26746,12.77363,0.25],"rotation":[0,0,90],"size":[24.1,3.5,6.5],"uv":[56,84]},{"inflate":0.1,"origin":[3.36429,0.73058,-3],"pivot":[5.34691,4.36437,0.25],"rotation":[0,0,-35],"size":[6,3.5,6.5],"uv":[188,108]},{"inflate":0.1,"origin":[6.01128,5.01746,-3],"pivot":[9.01128,6.76746,0.25],"rotation":[0,0,-90],"size":[17,3.5,6.5],"uv":[112,42]},{"inflate":0.1,"origin":[3.36429,20.30434,-3],"pivot":[5.34691,20.17055,0.25],"rotation":[0,0,35],"size":[6,3.5,6.5],"uv":[116,186]},{"inflate":0.1,"origin":[-4.31746,0.21129,-3],"size":[10,3.5,6.5],"uv":[112,151]}],"name":"D","pivot":[0,0,0]}],"description":{"identifier":"geometry.d","texture_height":16,"texture_width":16,"visible_bounds_height":3.5,"visible_bounds_offset":[0,1.25,0],"visible_bounds_width":3}}]}