{"format_version":"1.12.0","minecraft:geometry":[{"bones":[{"cubes":[{"inflate":0.1,"origin":[-4.31746,20.82363,-3],"size":[12,3.5,6.5],"uv":[130,114]},{"inflate":0.1,"origin":[-4.31746,10.82363,-3],"size":[9,3.5,6.5],"uv":[154,12]},{"inflate":0.1,"origin":[-17.81746,11.02363,-3],"pivot":[-6.26746,12.77363,0.25],"rotation":[0,0,90],"size":[24.1,3.5,6.5],"uv":[56,75]}],"name":"F","pivot":[0,0,0]}],"description":{"identifier":"geometry.f","texture_height":16,"texture_width":16,"visible_bounds_height":3.5,"visible_bounds_offset":[0,1.25,0],"visible_bounds_width":3}}]}