{"format_version":"1.12.0","minecraft:geometry":[{"bones":[{"cubes":[{"inflate":0.1,"origin":[-17.89246,10.92363,-3],"pivot":[-6.26746,12.67363,0.25],"rotation":[0,0,90],"size":[24.175,3.5,6.5],"uv":[60,3]},{"inflate":0.09,"origin":[-8.8035,16.02596,-3],"pivot":[-1.7535,17.77596,0.25],"rotation":[0,0,45],"size":[18.6,3.5,6.5],"uv":[112,33]},{"inflate":0.1,"mirror":true,"origin":[-6.28254,10.92363,-3],"pivot":[6.26746,12.67363,0.25],"rotation":[0,0,-90],"size":[24.175,3.5,6.5],"uv":[60,3]}],"name":"N","pivot":[0,0,0]}],"description":{"identifier":"geometry.n","texture_height":16,"texture_width":16,"visible_bounds_height":3.5,"visible_bounds_offset":[0,1.25,0],"visible_bounds_width":3}}]}