{"format_version":"1.12.0","minecraft:geometry":[{"bones":[{"cubes":[{"inflate":0.1,"origin":[-4.31746,20.82363,-3],"size":[8,3.5,6.5],"uv":[166,114]},{"inflate":0.1,"origin":[-17.81746,11.02363,-3],"pivot":[-6.26746,12.77363,0.25],"rotation":[0,0,90],"size":[24.1,3.5,6.5],"uv":[56,39]},{"inflate":0.1,"origin":[1.36429,11.73058,-3],"pivot":[3.34691,15.36437,0.25],"rotation":[0,0,-35],"size":[6,3.5,6.5],"uv":[98,178]},{"inflate":0.1,"origin":[4.01128,16.01746,-3],"pivot":[7.01128,17.76746,0.25],"rotation":[0,0,-90],"size":[6,3.5,6.5],"uv":[0,175]},{"inflate":0.1,"origin":[1.36429,20.30434,-3],"pivot":[3.34691,20.17055,0.25],"rotation":[0,0,35],"size":[6,3.5,6.5],"uv":[178,87]},{"inflate":0.1,"origin":[-4.31746,11.21129,-3],"size":[8,3.5,6.5],"uv":[158,163]}],"name":"P","pivot":[0,0,0]}],"description":{"identifier":"geometry.p","texture_height":16,"texture_width":16,"visible_bounds_height":3.5,"visible_bounds_offset":[0,1.25,0],"visible_bounds_width":3}}]}