{"format_version":"1.12.0","minecraft:geometry":[{"bones":[{"cubes":[{"inflate":0.1,"mirror":true,"origin":[-4.31746,19.52363,-3],"size":[8,3.5,6.5],"uv":[158,154]},{"inflate":0.1,"mirror":true,"origin":[1.36429,9.43058,-3],"pivot":[3.34691,13.06437,0.25],"rotation":[0,0,-35],"size":[6,3.5,6.5],"uv":[178,0]},{"inflate":0.1,"mirror":true,"origin":[4.01128,13.71746,-3],"pivot":[7.01128,15.46746,0.25],"rotation":[0,0,-90],"size":[7,3.5,6.5],"uv":[152,172]},{"inflate":0.1,"mirror":true,"origin":[1.36429,19.00434,-3],"pivot":[3.34691,18.87055,0.25],"rotation":[0,0,35],"size":[6,3.5,6.5],"uv":[74,177]},{"inflate":0.1,"origin":[-7.99921,19.00434,-3],"pivot":[-3.98183,18.87055,0.25],"rotation":[0,0,-35],"size":[6,3.5,6.5],"uv":[74,177]},{"inflate":0.1,"mirror":true,"origin":[-2.31746,8.91129,-3],"size":[6,3.5,6.5],"uv":[156,123]},{"inflate":0.11,"origin":[-2.30746,5.20129,-2.99],"size":[5,3.5,6.5],"uv":[20,156]},{"inflate":0.11,"origin":[-2.16567,0.08847,-1.99],"size":[4,3.5,4.5],"uv":[196,47]}],"name":"questionmark","pivot":[0,0,0]}],"description":{"identifier":"geometry.questionmark","texture_height":16,"texture_width":16,"visible_bounds_height":3.5,"visible_bounds_offset":[0,1.25,0],"visible_bounds_width":3}}]}