{"format_version":"1.12.0","minecraft:geometry":[{"bones":[{"cubes":[{"inflate":0.1,"origin":[-14.81746,17.02363,-3],"pivot":[-6.26746,12.77363,0.25],"rotation":[0,0,90],"size":[21.1,3.5,6.5],"uv":[0,99]},{"inflate":0.1,"origin":[-17.81746,10.02363,-3],"pivot":[-6.26746,12.77363,0.25],"rotation":[0,0,90],"size":[3.1,17.5,6.5],"uv":[60,141]}],"name":"T","pivot":[0,0,0]}],"description":{"identifier":"geometry.t","texture_height":16,"texture_width":16,"visible_bounds_height":3.5,"visible_bounds_offset":[0,1.25,0],"visible_bounds_width":3}}]}