{"format_version":"1.12.0","minecraft:geometry":[{"bones":[{"cubes":[{"inflate":0.11,"origin":[-6.66738,11.0228,-3],"pivot":[4.75762,12.7728,0.25],"rotation":[0,0,102.5],"size":[23.925,3.5,6.5],"uv":[0,54]},{"inflate":0.11,"origin":[-17.77677,11.03473,-2.99],"pivot":[-5.27677,12.78473,0.26],"rotation":[0,0,-102.5],"size":[23.925,3.5,6.5],"uv":[0,45]},{"inflate":0.1,"origin":[-17.26337,22.17106,-3],"pivot":[-6.76337,12.92106,0.25],"rotation":[0,0,-180],"size":[8,3.5,6.5],"uv":[154,30]}],"name":"V","pivot":[0,0.325,0]}],"description":{"identifier":"geometry.v","texture_height":16,"texture_width":16,"visible_bounds_height":3.5,"visible_bounds_offset":[0,1.25,0],"visible_bounds_width":3}}]}