{"format_version":"1.12.0","minecraft:geometry":[{"bones":[{"cubes":[{"inflate":0.1,"origin":[-12.7855,6.1087,-2.99],"pivot":[-2.2855,7.8587,0.26],"rotation":[0,0,102.5],"size":[18,3.5,6.5],"uv":[42,111]},{"inflate":0.1,"origin":[-5.22429,18.93844,-2.99],"pivot":[-3.72429,11.28844,0.26],"rotation":[0,0,-180],"size":[5,3.5,6.5],"uv":[194,27]},{"inflate":0.11,"origin":[-3.18731,11.00211,-2.98],"pivot":[8.23769,12.75211,0.27],"rotation":[0,0,102.5],"size":[23.925,3.5,6.5],"uv":[0,27]},{"inflate":0.11,"mirror":true,"origin":[-20.73769,11.00211,-2.98],"pivot":[-8.23769,12.75211,0.27],"rotation":[0,0,-102.5],"size":[23.925,3.5,6.5],"uv":[0,27]},{"inflate":0.1,"origin":[-5.2145,6.1087,-2.99],"pivot":[2.2855,7.8587,0.26],"rotation":[0,0,-102.5],"size":[18.85,3.5,6.5],"uv":[0,108]},{"inflate":0.1,"origin":[0.22429,18.93844,-2.99],"pivot":[3.72429,11.28844,0.26],"rotation":[0,0,180],"size":[5,3.5,6.5],"uv":[166,193]},{"inflate":0.11,"origin":[4.92429,2.93844,-2.99],"pivot":[3.72429,11.28844,0.26],"rotation":[0,0,180],"size":[5,5.5,6.5],"uv":[166,193]}],"name":"W","pivot":[4,0,0]}],"description":{"identifier":"geometry.w","texture_height":16,"texture_width":16,"visible_bounds_height":3.5,"visible_bounds_offset":[0,1.25,0],"visible_bounds_width":3}}]}