{"format_version":"1.12.0","minecraft:geometry":[{"bones":[{"cubes":[{"inflate":0.11,"origin":[-12.22323,9.93473,-2.99],"pivot":[0.27677,11.68473,0.26],"rotation":[0,0,-122.5],"size":[26.25,3.5,6.5],"uv":[0,9]},{"inflate":0.11,"mirror":true,"origin":[-14.02677,9.93473,-2.99],"pivot":[-0.27677,11.68473,0.26],"rotation":[0,0,122.5],"size":[26.25,3.5,6.5],"uv":[0,9]}],"name":"X","pivot":[0,0.325,0]}],"description":{"identifier":"geometry.x","texture_height":16,"texture_width":16,"visible_bounds_height":3.5,"visible_bounds_offset":[0,1.25,0],"visible_bounds_width":3}}]}