{"format_version":"1.12.0","minecraft:geometry":[{"bones":[{"name":"total","pivot":[0,0,0]},{"name":"lightning","parent":"total","pivot":[0,0,0]},{"cubes":[{"inflate":0.25,"origin":[-2,18,-2],"pivot":[0,20,0],"rotation":[63.659,23.92746,39.32269],"size":[4,4,4],"uv":[0,16]}],"name":"top","parent":"lightning","pivot":[0,0,0]}],"description":{"identifier":"geometry.goldlure","texture_height":64,"texture_width":64,"visible_bounds_height":3.5,"visible_bounds_offset":[0,1.25,0],"visible_bounds_width":3}}]}