{
    "format_version": "1.10.0",
    "minecraft:client_entity": {
        "description": {
            "animations": {
                "attack.positions": "animation.player.attack.positions",
                "attack.rotations": "animation.player.attack.rotations",
                "base_controller": "controller.animation.player.base",
                "blink": "controller.animation.persona.blink",
                "bob": "animation.player.bob",
                "bow_and_arrow": "animation.humanoid.bow_and_arrow",
                "brandish_spear": "animation.humanoid.brandish_spear",
                "brushing": "animation.humanoid.brushing",
                "cape": "animation.player.cape",
                "charging": "animation.humanoid.charging",
                "crawling": "animation.player.crawl",
                "crawling.legs": "animation.player.crawl.legs",
                "crossbow_controller": "controller.animation.player.crossbow",
                "crossbow_hold": "animation.player.crossbow_hold",
                "damage_nearby_mobs": "animation.humanoid.damage_nearby_mobs",
                "first_person_attack_controller": "controller.animation.player.first_person_attack",
                "first_person_attack_rotation": "animation.player.first_person.attack_rotation",
                "first_person_attack_rotation_melee": "animation.player.first_person.attack_rotation_melee",
                "first_person_base_pose": "animation.player.first_person.base_pose",
                "first_person_crossbow_equipped": "animation.player.first_person.crossbow_equipped",
                "first_person_empty_hand": "animation.player.first_person.empty_hand",
                "first_person_map_controller": "controller.animation.player.first_person_map",
                "first_person_map_hold": "animation.player.first_person.map_hold",
                "first_person_map_hold_attack": "animation.player.first_person.map_hold_attack",
                "first_person_map_hold_main_hand": "animation.player.first_person.map_hold_main_hand",
                "first_person_map_hold_off_hand": "animation.player.first_person.map_hold_off_hand",
                "first_person_shield_block": "animation.player.first_person.shield_block",
                "first_person_swap_item": "animation.player.first_person.swap_item",
                "first_person_vr_attack_rotation": "animation.player.first_person.vr_attack_rotation",
                "first_person_walk": "animation.player.first_person.walk",
                "gunfirstpersonaim01": "animation.player.gunfirstpersonaim01",
                "gunfirstpersonaim02": "animation.player.gunfirstpersonaim02",
                "gunfirstpersonaim03": "animation.player.gunfirstpersonaim03",
                "gunfirstpersonaim04": "animation.player.gunfirstpersonaim04",
                "gunfirstpersonaim05": "animation.player.gunfirstpersonaim05",
                "gunfirstpersonaim06": "animation.player.gunfirstpersonaim06",
                "gunonehandfirstperson": "animation.player.gunonehandfirstperson",
                "gunonehandthirdperson": "animation.player.gunonehandthirdperson",
                "gunscopefirstpersonaim": "animation.player.gunscopefirstpersonaim",
                "guntwohandsfirstperson": "animation.player.guntwohandsfirstperson",
                "guntwohandsthirdperson": "animation.player.guntwohandsthirdperson",
                "holding": "animation.player.holding",
                "holding_brush": "animation.humanoid.holding_brush",
                "holding_spyglass": "animation.humanoid.holding_spyglass",
                "hudplayer": "controller.animation.player.hudplayer",
                "humanoid_base_pose": "animation.humanoid.base_pose",
                "look_at_target": "controller.animation.humanoid.look_at_target",
                "look_at_target_default": "animation.humanoid.look_at_target.default",
                "look_at_target_gliding": "animation.humanoid.look_at_target.gliding",
                "look_at_target_inverted": "animation.player.look_at_target.inverted",
                "look_at_target_swimming": "animation.humanoid.look_at_target.swimming",
                "look_at_target_ui": "animation.player.look_at_target.ui",
                "medicalitemfirstperson": "animation.player.medicalitemfirstperson",
                "meleeonehandfirstperson": "animation.player.meleeonehandfirstperson",
                "meleetwohandsfirstperson": "animation.player.meleetwohandsfirstperson",
                "move.arms": "animation.player.move.arms",
                "move.legs": "animation.player.move.legs",
                "playerholdinggun": "controller.animation.player.holding_gun",
                "playerholdingscopedgun": "controller.animation.player.holding_scoped_gun",
                "riding.arms": "animation.player.riding.arms",
                "riding.legs": "animation.player.riding.legs",
                "root": "controller.animation.player.root",
                "shield_block_main_hand": "animation.player.shield_block_main_hand",
                "shield_block_off_hand": "animation.player.shield_block_off_hand",
                "skeleton_attack": "animation.skeleton.attack",
                "sleeping": "animation.player.sleeping",
                "sneaking": "animation.player.sneaking",
                "swimming": "animation.player.swim",
                "swimming.legs": "animation.player.swim.legs",
                "third_person_bow_equipped": "animation.player.bow_equipped",
                "third_person_crossbow_equipped": "animation.player.crossbow_equipped",
                "tooting_goat_horn": "animation.humanoid.tooting_goat_horn",
                "use_item_progress": "animation.humanoid.use_item_progress"
            },
            "identifier": "minecraft:player",
            "scripts": {
                "animate": ["root", {
                        "playerholdinggun": "v.gun_held && v.is_first_person && !v.scopedgun_held"
                    }, {
                        "playerholdingscopedgun": "v.is_first_person && v.scopedgun_held"
                    }
                ],
                "pre_animation": ["variable.helmet_layer_visible = 1.0;", "variable.leg_layer_visible = 1.0;", "variable.boot_layer_visible = 1.0;", "variable.chest_layer_visible = 1.0;", "variable.attack_body_rot_y = Math.sin(360*Math.sqrt(variable.attack_time)) * 5.0;", "variable.tcos0 = (math.cos(query.modified_distance_moved * 38.17) * query.modified_move_speed / variable.gliding_speed_value) * 57.3;", "variable.first_person_rotation_factor = math.sin((1 - variable.attack_time) * 180.0);", "variable.hand_bob = query.life_time < 0.01 ? 0.0 : variable.hand_bob + ((query.is_on_ground && query.is_alive ? math.clamp(math.sqrt(math.pow(query.position_delta(0), 2.0) + math.pow(query.position_delta(2), 2.0)), 0.0, 0.1) : 0.0) - variable.hand_bob) * 0.02;", "variable.map_angle = math.clamp(1 - variable.player_x_rotation / 45.1, 0.0, 1.0);", "variable.item_use_normalized = query.main_hand_item_use_duration / query.main_hand_item_max_duration;", "v.medicalitem_held = (q.get_equipped_item_name=='eyeball'||q.get_equipped_item_name=='medical_bandage'||q.get_equipped_item_name=='medical_bandageusing'||q.get_equipped_item_name=='medical_medpack'||q.get_equipped_item_name=='medical_medpackusing'||q.get_equipped_item_name=='medical_painkillers'||q.get_equipped_item_name=='medical_painkillersusing'||q.get_equipped_item_name=='medical_antibiotics'||q.get_equipped_item_name=='medical_antibioticsusing'||q.get_equipped_item_name=='medical_syringe');", "v.m9_held = (q.get_equipped_item_name=='gun_m9_normal');", "v.coltacp_held = (q.get_equipped_item_name=='gun_coltacp_normal');", "v.glock_held = (q.get_equipped_item_name=='gun_glock_normal');", "v.smithwesson_held = (q.get_equipped_item_name=='gun_smithwesson_normal');", "v.coltpython_held = (q.get_equipped_item_name=='gun_coltpython_normal');", "v.deserteagle_held = (q.get_equipped_item_name=='gun_deserteagle_normal');", "v.doublebarrel_held = (q.get_equipped_item_name=='gun_doublebarrel_normal');", "v.remington_held = (q.get_equipped_item_name=='gun_remington_normal');", "v.mossberg_held = (q.get_equipped_item_name=='gun_mossberg_normal');", "v.spas12_held = (q.get_equipped_item_name=='gun_spas12_normal');", "v.mp5_held = (q.get_equipped_item_name=='gun_mp5_normal');", "v.ump45_held = (q.get_equipped_item_name=='gun_ump_normal');", "v.aks74u_held = (q.get_equipped_item_name=='gun_aks74u_normal');", "v.tommygun_held = (q.get_equipped_item_name=='gun_tommygun_normal');", "v.uzi_held = (q.get_equipped_item_name=='gun_uzi_normal');", "v.p90_held = (q.get_equipped_item_name=='gun_p90_normal');", "v.m4_held = (q.get_equipped_item_name=='gun_m4_normal');", "v.m4reddot_held = (q.get_equipped_item_name=='gun_m4reddot_normal');", "v.m16_held = (q.get_equipped_item_name=='gun_m16_normal');", "v.m16reddot_held = (q.get_equipped_item_name=='gun_m16reddot_normal');", "v.mini14_held = (q.get_equipped_item_name=='gun_mini14_normal');", "v.mini14reddot_held = (q.get_equipped_item_name=='gun_mini14reddot_normal');", "v.scar_held = (q.get_equipped_item_name=='gun_scar_normal');", "v.scarreddot_held = (q.get_equipped_item_name=='gun_scarreddot_normal');", "v.g36_held = (q.get_equipped_item_name=='gun_g36_normal');", "v.g36reddot_held = (q.get_equipped_item_name=='gun_g36reddot_normal');", "v.hk_held = (q.get_equipped_item_name=='gun_hk_normal');", "v.hkreddot_held = (q.get_equipped_item_name=='gun_hkreddot_normal');", "v.ak47_held = (q.get_equipped_item_name=='gun_ak47_normal');", "v.ak47reddot_held = (q.get_equipped_item_name=='gun_ak47reddot_normal');", "v.winchester_held = (q.get_equipped_item_name=='gun_winchester_normal');", "v.winchesterscope_held = (q.get_equipped_item_name=='gun_winchesterscope_normal');", "v.ssg_held = (q.get_equipped_item_name=='gun_ssg_normal');", "v.m14_held = (q.get_equipped_item_name=='gun_m14_normal');", "v.m14scope_held = (q.get_equipped_item_name=='gun_m14scope_normal');", "v.barrett_held = (q.get_equipped_item_name=='gun_barrett_normal');", "v.aug_held = (q.get_equipped_item_name=='gun_aug_normal');", "v.augscope_held = (q.get_equipped_item_name=='gun_augscope_normal');", "v.m60_held = (q.get_equipped_item_name=='gun_m60_normal');", "v.m60reddot_held = (q.get_equipped_item_name=='gun_m60reddot_normal');", "v.tokyomarui_held = (q.get_equipped_item_name=='gun_tokyomarui_normal');", "v.flaregun_held = (q.get_equipped_item_name=='gun_flaregun_normal');", "v.grimrevolver_held = (q.get_equipped_item_name=='gun_grimrevolver_normal');", "v.carnagerevolver_held = (q.get_equipped_item_name=='gun_carnagerevolver_normal');", "v.rpg_held = (q.get_equipped_item_name=='gun_rpg_normal');", "v.grenadelauncher_held = (q.get_equipped_item_name=='gun_grenadelauncher_normal');", "v.flamethrower_held = (q.get_equipped_item_name=='gun_flamethrower_normal');", "v.pumpkinlauncher_held = (q.get_equipped_item_name=='gun_pumpkinlauncher_normal');", "v.santaslittlehelper_held = (q.get_equipped_item_name=='gun_santaslittlehelper_normal'||q.get_equipped_item_name=='gun_santaslittlehelper_clone');", "v.carnagesniper_held = (q.get_equipped_item_name=='gun_carnagesniper_normal'||q.get_equipped_item_name=='gun_carnagesniper_clone');", "v.christmasmiracle_held = (q.get_equipped_item_name=='gun_christmasmiracle01_normal'||q.get_equipped_item_name=='gun_christmasmiracle01_clone'||q.get_equipped_item_name=='gun_christmasmiracle02_normal'||q.get_equipped_item_name=='gun_christmasmiracle02_clone'||q.get_equipped_item_name=='gun_christmasmiracle03_normal'||q.get_equipped_item_name=='gun_christmasmiracle03_clone');", "v.pinkprecision_held = (q.get_equipped_item_name=='gun_pinkprecision_normal'||q.get_equipped_item_name=='gun_pinkprecision_clone');", "v.linda_held = (q.get_equipped_item_name=='gun_linda_normal'||q.get_equipped_item_name=='gun_linda_clone');", "v.crossbow_held = (q.get_equipped_item_name=='gun_crossbow_normal'||q.get_equipped_item_name=='gun_crossbow_clone'||q.get_equipped_item_name=='gun_crossbow_clone2'||q.get_equipped_item_name=='gun_crossbow_clone3');", "v.stormshock_held = (q.get_equipped_item_name=='gun_stormshock_normal'||q.get_equipped_item_name=='gun_stormshock_clone');", "v.bamcannon_held = (q.get_equipped_item_name=='gun_bamcannon_normal'||q.get_equipped_item_name=='gun_bamcannon_clone');", "v.dragonbreathshotgun_held = (q.get_equipped_item_name=='gun_dragonbreathshotgun_normal'||q.get_equipped_item_name=='gun_dragonbreathshotgun_clone');", "v.fireworklauncher_held = (q.get_equipped_item_name=='gun_fireworklauncher_normal'||q.get_equipped_item_name=='gun_fireworklauncher_clone');", "v.hellfire_held = (q.get_equipped_item_name=='gun_hellfire_normal'||q.get_equipped_item_name=='gun_hellfire_clone');", "v.muricanator_held = (q.get_equipped_item_name=='gun_muricanator_normal'||q.get_equipped_item_name=='gun_muricanator_clone');", "v.ak47gold_held = (q.get_equipped_item_name=='gun_ak47_gold'||q.get_equipped_item_name=='gun_ak47_goldclone');", "v.barrettgold_held = (q.get_equipped_item_name=='gun_barrett_gold'||q.get_equipped_item_name=='gun_barrett_goldclone');", "v.deserteaglegold_held = (q.get_equipped_item_name=='gun_deserteagle_gold'||q.get_equipped_item_name=='gun_deserteagle_goldclone');", "v.p90gold_held = (q.get_equipped_item_name=='gun_p90_gold'||q.get_equipped_item_name=='gun_p90_goldclone');", "v.spas12gold_held = (q.get_equipped_item_name=='gun_spas12_gold'||q.get_equipped_item_name=='gun_spas12_goldclone');", "v.gatling_held = (q.get_equipped_item_name=='gun_gatlinggun_normal'||q.get_equipped_item_name=='gun_gatlinggun_loop'||q.get_equipped_item_name=='gun_gatlinggun_gold'||q.get_equipped_item_name=='gun_gatlinggun_goldloop');", "v.onehandgun_held = (v.m9_held || v.glock_held || v.smithwesson_held || v.coltacp_held || v.coltpython_held || v.deserteagle_held || v.uzi_held || v.flaregun_held || v.grimrevolver_held || v.carnagerevolver_held || v.linda_held || v.bamcannon_held || v.deserteaglegold_held);", "v.twohandgun_held = (v.dragonbreathshotgun_held || v.m60reddot_held || v.m60_held || v.augscope_held || v.aug_held || v.barrett_held || v.m14scope_held || v.m14_held || v.ssg_held || v.winchesterscope_held || v.winchester_held || v.ak47reddot_held || v.ak47_held || v.hkreddot_held || v.hk_held || v.g36reddot_held || v.g36_held || v.scarreddot_held || v.scar_held || v.m16reddot_held || v.m16_held || v.mini14_held || v.mini14reddot_held || v.m4reddot_held || v.m4_held || v.p90_held || v.tommygun_held || v.aks74u_held || v.ump45_held || v.mp5_held || v.doublebarrel_held || v.remington_held || v.mossberg_held || v.spas12_held || v.rpg_held || v.grenadelauncher_held || v.flamethrower_held || v.pumpkinlauncher_held || v.tokyomarui_held || v.santaslittlehelper_held  || v.carnagesniper_held  || v.christmasmiracle_held || v.pinkprecision_held || v.crossbow_held || v.stormshock_held || v.fireworklauncher_held || v.hellfire_held || v.muricanator_held || v.ak47gold_held || v.barrettgold_held || v.p90gold_held || v.spas12gold_held);", "v.lowholdinggun_held = (v.gatling_held);", "v.scopedgun_held = (v.winchesterscope_held || v.ssg_held || v.m14scope_held || v.barrett_held || v.augscope_held || v.tokyomarui_held || v.santaslittlehelper_held || v.carnagesniper_held || v.christmasmiracle_held || v.pinkprecision_held || v.stormshock_held || v.muricanator_held || v.barrettgold_held);", "v.gun_held = (v.onehandgun_held || v.twohandgun_held || v.lowholdinggun_held);", "v.onehandmelee_held = (q.get_equipped_item_name=='melee_aluminumbat'||q.get_equipped_item_name=='melee_barbedwirebat'||q.get_equipped_item_name=='melee_battleaxe'||q.get_equipped_item_name=='melee_bostaff'||q.get_equipped_item_name=='melee_bowieknife'||q.get_equipped_item_name=='melee_cane'||q.get_equipped_item_name=='melee_cleaver'||q.get_equipped_item_name=='melee_combatknife'||q.get_equipped_item_name=='melee_crowbar'||q.get_equipped_item_name=='melee_dullknife'||q.get_equipped_item_name=='melee_fireaxe'||q.get_equipped_item_name=='melee_gatoraxe'||q.get_equipped_item_name=='melee_goldenkatana'||q.get_equipped_item_name=='melee_golfclub'||q.get_equipped_item_name=='melee_hammer'||q.get_equipped_item_name=='melee_katana'||q.get_equipped_item_name=='melee_kitchenknife'||q.get_equipped_item_name=='melee_mace'||q.get_equipped_item_name=='melee_machete'||q.get_equipped_item_name=='melee_redmachete'||q.get_equipped_item_name=='melee_metalhatchet'||q.get_equipped_item_name=='melee_metalpipe'||q.get_equipped_item_name=='melee_pan'||q.get_equipped_item_name=='melee_pickaxe'||q.get_equipped_item_name=='melee_pitchfork'||q.get_equipped_item_name=='melee_sakuraslicer'||q.get_equipped_item_name=='melee_scissors'||q.get_equipped_item_name=='melee_screwdriver'||q.get_equipped_item_name=='melee_scythe'||q.get_equipped_item_name=='melee_shovel'||q.get_equipped_item_name=='melee_sickle'||q.get_equipped_item_name=='melee_sledgehammer'||q.get_equipped_item_name=='melee_spear'||q.get_equipped_item_name=='melee_voltcarver'||q.get_equipped_item_name=='melee_skullstaff'||q.get_equipped_item_name=='melee_woodenbat'||q.get_equipped_item_name=='melee_woodenhatchet'||q.get_equipped_item_name=='melee_blazeofglory'||q.get_equipped_item_name=='melee_christmasbat'||q.get_equipped_item_name=='melee_guitar'||q.get_equipped_item_name=='melee_lightningaxe');", "v.twohandmelee_held = (q.get_equipped_item_name=='melee_chainsaw'||q.get_equipped_item_name=='melee_chainsawactive');", "v.melee_held = (v.onehandmelee_held || v.twohandmelee_held);", "v.gunzoom01 = (v.glock_held || v.bamcannon_held);", "v.gunzoom02 = (v.coltacp_held || v.winchester_held || v.linda_held || v.m4reddot_held);", "v.gunzoom03 = (v.m9_held || v.smithwesson_held || v.deserteagle_held || v.deserteaglegold_held || v.doublebarrel_held || v.remington_held || v.mossberg_held || v.tommygun_held || v.aks74u_held || v.scar_held || v.mini14_held || v.mini14reddot_held || v.flaregun_held || v.m14_held);", "v.gunzoom04 = (v.coltpython_held || v.mp5_held || v.m4_held || v.m16_held || v.m16reddot_held || v.hk_held || v.hkreddot_held || v.aug_held || v.m60_held || v.m60reddot_held || v.fireworklauncher_held || v.crossbow_held || v.flamethrower_held || v.grenadelauncher_held || v.grimrevolver_held || v.carnagerevolver_held || v.pumpkinlauncher_held);", "v.gunzoom05 = (v.dragonbreathshotgun_held || v.spas12_held || v.spas12gold_held || v.ump45_held || v.g36_held || v.g36reddot_held || v.ak47_held || v.ak47reddot_held || v.ak47gold_held || v.rpg_held);", "v.gunzoom06 = (v.hellfire_held || v.p90_held || v.p90gold_held || v.uzi_held);"]
            }
        }
    }
}
