{"format_version":"1.10.0","animation_controllers":{"controller.animation.tube_b.water":{"initial_state":"default","states":{"default":{"transitions":[{"smoking":"!query.is_moving"}]},"smoking":{"particle_effects":[{"effect":"water"}],"transitions":[{"default":"query.is_moving"}]}}},"controller.animation.tube_b.water2":{"initial_state":"default","states":{"default":{"transitions":[{"smoking":"!query.is_moving"}]},"smoking":{"particle_effects":[{"effect":"water2"}],"transitions":[{"default":"query.is_moving"}]}}},"controller.animation.tube_b.water3":{"initial_state":"default","states":{"default":{"transitions":[{"smoking":"!query.is_moving"}]},"smoking":{"particle_effects":[{"effect":"water3"}],"transitions":[{"default":"query.is_moving"}]}}}}}