{"format_version":"1.10.0","animation_controllers":{"controller.animation.z_last.move_controller":{"initial_state":"default","states":{"default":{"transitions":[{"walk":"query.is_standing == 0"}],"blend_transition":1.2},"walk":{"variables":{"move_speed":{"input":"query.modified_move_speed","remap_curve":{"0.0":0,"0.15":1}}},"animations":[{"walk":"variable.move_speed"}],"transitions":[{"default":"query.is_standing == 1"}],"blend_transition":1.2}}},"controller.animation.z_last.attack_controller":{"initial_state":"default","states":{"default":{"transitions":[{"attack":"query.is_standing == 1"}],"blend_transition":1.1},"attack":{"animations":["attack"],"transitions":[{"default":"query.is_standing == 0"}],"blend_transition":1.1}}},"controller.animation.z_last.anim_controller":{"initial_state":"default","states":{"default":{"variables":{"breathe":{"input":"query.modified_move_speed","remap_curve":{"0.0":1,"0.25":0}},"no":{"input":"query.is_standing","remap_curve":{"0.0":1,"1.0":0}}},"blend_transition":1.1}}}}}