{
  "namespace": "server_form",
  "long_form@common_dialogs.main_panel_no_buttons": {
    "size": [
      260,
      210
    ]
  },
  "custom_form@common_dialogs.main_panel_no_buttons": {
    "size": [
      260,
      210
    ]
  },
  "third_party_server_screen@common.base_screen_custom": {
    "$screen_content": "server_form.nationsglory_main_form",
    "button_mappings": [
      {
        "from_button_id": "button.menu_cancel",
        "to_button_id": "button.menu_exit",
        "mapping_type": "global"
      }
    ]
  },
  "nationsglory_main_form": {
    "type": "panel",
    "size": [
      "100%",
      "100%"
    ],
    "controls": [
      {
        "server_form_factory": {
          "type": "factory",
          "control_ids": {
            "long_form": "@server_form.nationsglory_long_form",
            "custom_form": "@server_form.custom_form"
          }
        }
      }
    ]
  },
  "nationsglory_long_form": {
    "type": "panel",
    "$flag_job_main": "§J§O§B§1",
    "$flag_calendarfr": "calendrierFR",
    "$flag_calendarus": "calendrierUS",
    "$flag_loto_main": "§0§0§1",
    "$flag_join_main": "§j§j§j§j",
    "$flag_base_main": "§b§a§s§e",
    "size": [
      "100%",
      "100%"
    ],
    "controls": [
      {
        "long_form@long_form": {
          "enabled": false,
          "visible": false,
          "bindings": [
            {
              "binding_type": "global",
              "binding_condition": "none",
              "binding_name": "#title_text",
              "binding_name_override": "#title_text"
            },
            {
              "source_property_name": "(((#title_text - $flag_base_main - $flag_join_main - $flag_calendarus - $flag_calendarfr - $flag_job_main - $flag_loto_main) \u003d #title_text) )",
              "binding_type": "view",
              "target_property_name": "#visible"
            },
            {
              "source_property_name": "(((#title_text - $flag_base_main - $flag_join_main - $flag_calendarus - $flag_calendarfr - $flag_job_main - $flag_loto_main) \u003d #title_text) )",
              "binding_type": "view",
              "target_property_name": "#enabled"
            }
          ]
        }
      },
      {
        "ng_base_main@base_main.main_panel": {
          "enabled": false,
          "visible": false,
          "bindings": [
            {
              "binding_type": "global",
              "binding_condition": "none",
              "binding_name": "#title_text",
              "binding_name_override": "#title_text"
            },
            {
              "source_property_name": "(not ((#title_text - $flag_base_main) \u003d #title_text))",
              "binding_type": "view",
              "target_property_name": "#visible"
            },
            {
              "source_property_name": "(not ((#title_text - $flag_base_main) \u003d #title_text))",
              "binding_type": "view",
              "target_property_name": "#enabled"
            }
          ]
        }
      },
      {
        "ng_join_main@join_main.main_panel": {
          "enabled": false,
          "visible": false,
          "bindings": [
            {
              "binding_type": "global",
              "binding_condition": "none",
              "binding_name": "#title_text",
              "binding_name_override": "#title_text"
            },
            {
              "source_property_name": "(not ((#title_text - $flag_join_main) \u003d #title_text))",
              "binding_type": "view",
              "target_property_name": "#visible"
            },
            {
              "source_property_name": "(not ((#title_text - $flag_join_main) \u003d #title_text))",
              "binding_type": "view",
              "target_property_name": "#enabled"
            }
          ]
        }
      },
      {
        "ng_loto_main@loto_main.main_panel": {
          "enabled": false,
          "visible": false,
          "bindings": [
            {
              "binding_type": "global",
              "binding_condition": "none",
              "binding_name": "#title_text",
              "binding_name_override": "#title_text"
            },
            {
              "source_property_name": "(not ((#title_text - $flag_loto_main) \u003d #title_text))",
              "binding_type": "view",
              "target_property_name": "#visible"
            },
            {
              "source_property_name": "(not ((#title_text - $flag_loto_main) \u003d #title_text))",
              "binding_type": "view",
              "target_property_name": "#enabled"
            }
          ]
        }
      },
      {
        "ng_job_main@job_main.main_panel": {
          "enabled": false,
          "visible": false,
          "bindings": [
            {
              "binding_type": "global",
              "binding_condition": "none",
              "binding_name": "#title_text",
              "binding_name_override": "#title_text"
            },
            {
              "source_property_name": "(not ((#title_text - $flag_job_main) \u003d #title_text))",
              "binding_type": "view",
              "target_property_name": "#visible"
            },
            {
              "source_property_name": "(not ((#title_text - $flag_job_main) \u003d #title_text))",
              "binding_type": "view",
              "target_property_name": "#enabled"
            }
          ]
        }
      },
      {
        "ng_calendarFR@calendar.main_panel": {
          "enabled": false,
          "visible": false,
          "$uv_image": [
            113,
            758
          ],
          "$text_left": "Récupère un cadeau par jour\npendant le mois de décembre !",
          "$text_right": "Si tu ne ratte aucun jour, obtiens\nun méga cadeau le 25 !",
          "$text_big_button": "M\nE\nG\nA\n\nC\nA\nD\nE\nA\nU",
          "bindings": [
            {
              "binding_type": "global",
              "binding_condition": "none",
              "binding_name": "#title_text",
              "binding_name_override": "#title_text"
            },
            {
              "source_property_name": "(not ((#title_text - $flag_calendarfr) \u003d #title_text))",
              "binding_type": "view",
              "target_property_name": "#visible"
            },
            {
              "source_property_name": "(not ((#title_text - $flag_calendarfr) \u003d #title_text))",
              "binding_type": "view",
              "target_property_name": "#enabled"
            }
          ]
        }
      },
      {
        "ng_calendarUS@calendar.main_panel": {
          "enabled": false,
          "visible": false,
          "$uv_image": [
            577,
            758
          ],
          "$text_left": "Collect one gift per day\nduring the month of December!",
          "$text_right": "If you don't miss a day, get\na mega gift on the 25th !",
          "$text_big_button": "B\nI\nG\n\nG\nI\nF\nT",
          "bindings": [
            {
              "binding_type": "global",
              "binding_condition": "none",
              "binding_name": "#title_text",
              "binding_name_override": "#title_text"
            },
            {
              "source_property_name": "(not ((#title_text - $flag_calendarus) \u003d #title_text))",
              "binding_type": "view",
              "target_property_name": "#visible"
            },
            {
              "source_property_name": "(not ((#title_text - $flag_calendarus) \u003d #title_text))",
              "binding_type": "view",
              "target_property_name": "#enabled"
            }
          ]
        }
      }
    ]
  },
  "button_stack": {
    "type": "stack_panel",
    "size": [
      "100%",
      "100%c"
    ],
    "orientation": "vertical",
    "anchor_from": "top_left",
    "anchor_to": "top_left",
    "$button|default": "default_form.button",
    "factory": {
      "name": "buttons",
      "control_name": "$button"
    },
    "collection_name": "form_buttons",
    "bindings": [
      {
        "binding_name": "#form_button_length",
        "binding_name_override": "#collection_length"
      }
    ]
  },
  "button_one": {
    "type": "stack_panel",
    "orientation": "vertical",
    "anchor_from": "top_left",
    "anchor_to": "top_left",
    "$button|default": "default_form.button",
    "factory": {
      "name": "buttons",
      "control_name": "$button"
    },
    "collection_name": "form_buttons",
    "bindings": [
      {
        "binding_name": "#form_button_length",
        "binding_name_override": "#collection_length"
      }
    ]
  },
  "button_horizontal": {
    "type": "stack_panel",
    "orientation": "horizontal",
    "$button|default": "default_form.button",
    "anchor_from": "top_left",
    "anchor_to": "top_left",
    "factory": {
      "name": "buttons",
      "control_name": "$button"
    },
    "collection_name": "form_buttons",
    "bindings": [
      {
        "binding_name": "#form_button_length",
        "binding_name_override": "#collection_length"
      }
    ]
  },
  "button_grid": {
    "type": "grid",
    "size": [
      "100%",
      "100%c"
    ],
    "grid_item_template": "$path",
    "grid_rescaling_type": "horizontal",
    "collection_name": "form_buttons",
    "bindings": [
      {
        "binding_name": "#form_button_length",
        "binding_name_override": "#maximum_grid_items"
      }
    ]
  },
  "ng_close_button@common.close_button": {
    "$default_button_alpha": 1,
    "anchor_from": "top_right",
    "anchor_to": "top_right",
    "offset": [
      "-5%",
      "120%"
    ],
    "layer": 6,
    "controls": [
      {
        "default": {
          "layer": 2,
          "type": "image",
          "texture": "textures/common/whitetransparency",
          "color": "black",
          "keep_ratio": false,
          "size": [
            "100%c + 10px",
            "100%c + 10px"
          ],
          "alpha": 0,
          "controls": [
            {
              "close@common.close_button_panel": {
                "$close_button_texture": "textures/job/close_shop"
              }
            }
          ]
        }
      },
      {
        "hover": {
          "layer": 2,
          "type": "image",
          "texture": "textures/common/whitetransparency",
          "keep_ratio": false,
          "size": [
            "100%c + 10px",
            "100%c + 10px"
          ],
          "alpha": 0,
          "color": [
            0.2,
            0.2,
            0.2
          ],
          "controls": [
            {
              "close@common.close_button_panel": {
                "$close_button_texture": "textures/job/close_shop_hover"
              }
            }
          ]
        }
      },
      {
        "pressed": {
          "layer": 2,
          "type": "image",
          "texture": "textures/common/whitetransparency",
          "keep_ratio": false,
          "size": [
            "100%c + 10px",
            "100%c + 10px"
          ],
          "alpha": 0,
          "color": [
            0.2,
            0.2,
            0.2
          ],
          "controls": [
            {
              "close@common.close_button_panel": {
                "$close_button_texture": "textures/job/close_shop_hover"
              }
            }
          ]
        }
      }
    ]
  },
  "close_button@common.close_button": {
    "$default_button_alpha": 1,
    "anchor_from": "top_right",
    "anchor_to": "top_right",
    "layer": 6,
    "controls": [
      {
        "default": {
          "type": "panel",
          "controls": [
            {
              "close@common.close_button_panel": {
                "$close_button_texture": "textures/global/cross",
                "size": [
                  "50%",
                  "50%"
                ]
              }
            }
          ]
        }
      },
      {
        "hover": {
          "type": "panel",
          "controls": [
            {
              "close@common.close_button_panel": {
                "$close_button_texture": "textures/global/cross-hover",
                "size": [
                  "50%",
                  "50%"
                ]
              }
            }
          ]
        }
      },
      {
        "pressed": {
          "type": "panel",
          "controls": [
            {
              "close@common.close_button_panel": {
                "$close_button_texture": "textures/global/cross-hover",
                "size": [
                  "50%",
                  "50%"
                ]
              }
            }
          ]
        }
      }
    ]
  },
  "close_button_blue@common.close_button": {
    "$default_button_alpha": 1,
    "anchor_from": "top_right",
    "anchor_to": "top_right",
    "layer": 6,
    "controls": [
      {
        "default@server_form.color_global": {
          "type": "panel",
          "controls": [
            {
              "close@common.close_button_panel": {
                "$close_button_texture": "textures/global/cross",
                "$color_button": "$color9",
                "size": [
                  "50%",
                  "50%"
                ]
              }
            }
          ]
        }
      },
      {
        "hover": {
          "type": "panel",
          "controls": [
            {
              "close@common.close_button_panel": {
                "$close_button_texture": "textures/global/cross",
                "size": [
                  "50%",
                  "50%"
                ]
              }
            }
          ]
        }
      },
      {
        "pressed": {
          "type": "panel",
          "controls": [
            {
              "close@common.close_button_panel": {
                "$close_button_texture": "textures/global/cross",
                "size": [
                  "50%",
                  "50%"
                ]
              }
            }
          ]
        }
      }
    ]
  },
  "close_button_red@common.close_button": {
    "$default_button_alpha": 1,
    "anchor_from": "top_right",
    "anchor_to": "top_right",
    "layer": 6,
    "controls": [
      {
        "default": {
          "type": "panel",
          "controls": [
            {
              "close@common.close_button_panel": {
                "$close_button_texture": "textures/global/cross-default",
                "size": [
                  "50%",
                  "50%"
                ]
              }
            }
          ]
        }
      },
      {
        "hover": {
          "type": "panel",
          "controls": [
            {
              "close@common.close_button_panel": {
                "$close_button_texture": "textures/global/cross-hover-red",
                "size": [
                  "50%",
                  "50%"
                ]
              }
            }
          ]
        }
      },
      {
        "pressed": {
          "type": "panel",
          "controls": [
            {
              "close@common.close_button_panel": {
                "$close_button_texture": "textures/global/cross-hover-red",
                "size": [
                  "50%",
                  "50%"
                ]
              }
            }
          ]
        }
      }
    ]
  },
  "scrolling_panel@common.scrolling_panel": {
    "controls": [
      {
        "scroll_touch@server_form.scrollpanel_base": {
          "ignored": "(not $touch)",
          "size": "$scrolling_pane_size",
          "offset": "$scrolling_pane_offset",
          "$use_touch_mode": true
        }
      },
      {
        "scroll_mouse@server_form.scrollpanel_base": {
          "ignored": "$touch",
          "size": "$scrolling_pane_size",
          "offset": "$scrolling_pane_offset"
        }
      }
    ]
  },
  "scrollpanel_base@common.scrolling_panel": {
    "controls": [
      {
        "$scroll_view_name@server_form.brand_scroll_view_control": {
        }
      }
    ]
  },
  "brand_scroll_view_control@common.scroll_view_control": {
    "$scroll_background_image_control|default": "server_form.scrollbar_rail_image",
    "$scroll_track_image_control|default": "server_form.scrollbar_rail_image",
    "$scroll_bar_contained|default": false,
    "controls": [
      {
        "stack_panel": {
          "type": "stack_panel",
          "orientation": "horizontal",
          "$scroll_view_stack_panel_size|default": [
            "100%",
            "100%"
          ],
          "size": "$scroll_view_stack_panel_size",
          "$scroll_bar_side|default": "right",
          "controls": [
            {
              "bar_and_track_wrapper_left": {
                "type": "panel",
                "size": [
                  14,
                  "100%"
                ],
                "ignored": "(not ($scroll_bar_side = 'left'))",
                "controls": [
                  {
                    "bar_and_track@server_form.brand_scroll_bar_and_track": {
                      "ignored": "(not ($scroll_bar_side = 'left'))"
                    }
                  }
                ]
              }
            },
            {
              "background_and_viewport@common.scroll_background_and_viewport": {
              }
            },
            {
              "bar_and_track_wrapper_right": {
                "type": "panel",
                "size": [
                  14,
                  "100%"
                ],
                "ignored": "(not ($scroll_bar_side = 'right'))",
                "controls": [
                  {
                    "bar_and_track@server_form.brand_scroll_bar_and_track": {
                      "ignored": "(not ($scroll_bar_side = 'right'))"
                    }
                  }
                ]
              }
            }
          ]
        }
      }
    ]
  },
  "brand_scroll_bar_and_track@common.scroll_bar_and_track": {
    "controls": [
      {
        "stack_panel": {
          "type": "stack_panel",
          "orientation": "horizontal",
          "anchor_from": "center",
          "anchor_to": "center",
          "size": [
            "default",
            "100%"
          ],
          "controls": [
            {
              "empty_panel_0@common.empty_panel": {
                "ignored": "$scroll_bar_contained",
                "size": "$scroll_bar_left_padding_size"
              }
            },
            {
              "panel@server_form.brand_scroll_bar": {
              }
            },
            {
              "empty_panel_1@common.empty_panel": {
                "size": "$scroll_bar_right_padding_size"
              }
            }
          ]
        }
      }
    ]
  },
  "brand_scroll_bar": {
    "type": "panel",
    "size": "$scroll_size",
    "$scroll_track_anchor|default": "center",
    "anchor_from": "$scroll_track_anchor",
    "anchor_to": "$scroll_track_anchor",
    "$scroll_track_offset|default": [
      0,
      0
    ],
    "offset": "$scroll_track_offset",
    "controls": [
      {
        "track@common.scrollbar_track": {
          "layer": 2,
          "anchor_from": "center",
          "anchor_to": "center"
        }
      },
      {
        "scroll_handle@server_form.brand_scroll_handle": {
          "layer": 5,
          "anchor_from": "center",
          "anchor_to": "center"
        }
      }
    ]
  },
  "brand_scroll_handle": {
    "type": "panel",
    "controls": [
      {
        "box": {
          "type": "scrollbar_box",
          "anchor_to": "top_left",
          "anchor_from": "top_left",
          "layer": 1,
          "visible": "$scroll_box_visible",
          "contained": true,
          "draggable": "vertical",
          "$scroll_box_mouse_image_control|default": "server_form.scrollbar_handle_image",
          "$scroll_box_touch_image_control|default": "server_form.scrollbar_handle_image",
          "button_mappings": [
            {
              "from_button_id": "button.menu_select",
              "to_button_id": "button.menu_select",
              "mapping_type": "pressed",
              "button_up_right_of_first_refusal": true
            }
          ],
          "controls": [
            {
              "mouse_box@$scroll_box_mouse_image_control": {
              }
            }
          ]
        }
      }
    ]
  },
  "scrollbar_rail_image": {
    "type": "image",
    "texture": "textures/global/ng_scrollrail",
    "size": [
      3,
      "100%"
    ],
    "layer": 1
  },
  "scrollbar_handle_image": {
    "type": "image",
    "texture": "textures/global/ng_scrollhandle",
    "size": [
      5,
      "100%"
    ],
    "layer": 4
  },
  "img_dollars": {
    "type": "image",
    "texture": "textures/global/dolard",
    "clip_pixelperfect": true,
    "keep_ratio": false,
    "color": "$color_img",
    "uv": [
      0,
      0
    ],
    "uv_size": [
      32,
      32
    ],
    "offset": "$offset_img",
    "size": "$size_img"
  },
  "img_orbes": {
    "type": "image",
    "texture": "textures/global/orbes",
    "clip_pixelperfect": true,
    "keep_ratio": false,
    "color": "$color_img",
    "uv": [
      0,
      0
    ],
    "uv_size": [
      32,
      32
    ],
    "offset": "$offset_img",
    "size": "$size_img"
  },
  "img_cross": {
    "type": "image",
    "texture": "textures/global/cross",
    "clip_pixelperfect": true,
    "keep_ratio": false,
    "color": "$color_img",
    "uv": [
      0,
      0
    ],
    "uv_size": [
      32,
      32
    ],
    "offset": "$offset_img",
    "size": "$size_img"
  },
  "img_help": {
    "type": "image",
    "texture": "textures/global/help",
    "clip_pixelperfect": true,
    "keep_ratio": false,
    "color": "$color_img",
    "uv": [
      0,
      0
    ],
    "uv_size": [
      32,
      32
    ],
    "offset": "$offset_img",
    "size": "$size_img"
  },
  "button_return_inner": {
    "type": "panel",
    "anchor_from": "top_left",
    "anchor_to": "top_left",
    "size": [
      36,
      13
    ],
    "controls": [
      {
        "form_button@common.button": {
          "$pressed_button_name": "button.form_button_click",
          "$default_state|default": false,
          "$hover_state|default": false,
          "controls": [
            {
              "default": {
                "type": "panel",
                "controls": [
                  {
                    "background_hover": {
                      "type": "image",
                      "anchor_from": "top_left",
                      "anchor_to": "top_left",
                      "keep_ratio": false,
                      "color": [
                        0.4745,
                        0.4745,
                        0.7176
                      ],
                      "texture": "textures/global/back",
                      "layer": 15,
                      "size": [
                        16,
                        12
                      ]
                    }
                  },
                  {
                    "info_warzone@warzone_main.text": {
                      "$text": "Retour",
                      "$offset": [
                        17,
                        1.5
                      ],
                      "$color": [
                        0.4745,
                        0.4745,
                        0.7176
                      ],
                      "$font_type": "normal",
                      "anchor_from": "top_left",
                      "anchor_to": "top_left",
                      "layer": 16
                    }
                  }
                ]
              }
            },
            {
              "hover": {
                "type": "panel",
                "controls": [
                  {
                    "background_hover": {
                      "type": "image",
                      "anchor_from": "top_left",
                      "anchor_to": "top_left",
                      "keep_ratio": false,
                      "texture": "textures/global/back",
                      "layer": 15,
                      "size": [
                        16,
                        12
                      ]
                    }
                  },
                  {
                    "info_warzone@warzone_main.text": {
                      "$text": "Retour",
                      "$offset": [
                        17,
                        1.5
                      ],
                      "$color": "white",
                      "$font_type": "normal",
                      "anchor_from": "top_left",
                      "anchor_to": "top_left",
                      "layer": 16
                    }
                  }
                ]
              }
            }
          ],
          "bindings": [
            {
              "binding_type": "collection_details",
              "binding_collection_name": "form_buttons"
            }
          ]
        }
      }
    ]
  },
  "button_return": {
    "type": "panel",
    "anchor_from": "top_left",
    "anchor_to": "top_left",
    "offset": [
      -17,
      -2
    ],
    "controls": [
      {
        "value_orbs@server_form.text": {
          "$text": "#form_text",
          "anchor_from": "top_left",
          "anchor_to": "top_left",
          "offset": [
            0,
            8
          ],
          "$color": [
            0.4745,
            0.4745,
            0.7176
          ],
          "$font_size": "normal"
        }
      },
      {
        "img_orbes@server_form.img_orbes": {
          "$color_img": [
            0.4745,
            0.4745,
            0.7176
          ],
          "anchor_from": "top_left",
          "anchor_to": "top_left",
          "$offset_img": [
            0,
            0
          ],
          "$size_img": [
            7,
            7
          ]
        }
      }
    ]
  },
  "text": {
    "type": "label",
    "anchor_from": "top_left",
    "anchor_to": "top_left",
    "font_type": "$font_type",
    "font_scale_factor": "$font_scale_factor",
    "size": [
      "default",
      "default"
    ],
    "text": "$text",
    "color": "$color",
    "font_size": "$font_size",
    "offset": "$offset",
    "layer": 99
  },
  "color_global": {
    "$color1": [0.0509, 0.0509, 0.0902],
    "$color2": [0.0588, 0.0588, 0.1059],
    "$color3": [0.1137, 0.1137, 0.2078, 1],
    "$color4": [0.1451, 0.1451, 0.2706],
    "$color5":  [0.1804, 0.1804, 0.3373, 1],
    "$color6": [0.1373, 0.1373, 0.2549],
    "$color7": [0.251, 0.251, 0.463],
    "$color8": [0.2902, 0.2902, 0.5333],
    "$color9": [0.4745, 0.4745, 0.7176],
    "$color10": [0.7294, 0.7294, 0.8549],
    "$color11": [0.0627, 0.0627, 0.1176, 1],
    "$color_red": [0.9569, 0.1490, 0.2902],
    "$color_red_dark": [0.6902, 0.0157, 0.1294, 1],
    "$color_coral": [0.9882, 0.3608, 0.3961, 1],
    "$color_coral_dark": [0.6941, 0.1569, 0.1882, 1],
    "$color_lime": [0.4784, 0.7882, 0.3725],
    "$color_lime_dark": [0.3686, 0.6941, 0.2588, 1],
    "$color_purple": [0.6824, 0.4314, 0.9333],
    "$color_cyan": [0.4314, 0.7529, 0.9333],
    "$color_yellow": [0.9647, 0.7529, 0.0157],
    "$color_blue": [0.4314, 0.4314, 0.9333],
    "$color_blue_dark": [0.2431, 0.2627, 0.6627],
    "$color_orange": [1, 0.5725, 0.1725, 1],
    "$color_orange_dark": [0.7490, 0.4078, 0.0863, 1],
    "$color_grey": [0.7294, 0.7294, 0.8549],
    "$color_black": [0.1294, 0.1294, 0.1804, 1]

  }
}