{"format_version":"1.16.0","minecraft:geometry":[{"bones":[{"binding":"c.item_slot == 'head' ? 'head' : q.item_slot_to_bone_name(c.item_slot)","name":"geyser_custom","pivot":[0,8,0]},{"name":"geyser_custom_x","parent":"geyser_custom","pivot":[0,8,0]},{"name":"geyser_custom_y","parent":"geyser_custom_x","pivot":[0,8,0]},{"cubes":[{"origin":[-4,4.5,-1],"size":[8,0.5,3],"uv":{"down":{"uv":[8.2278,12.5595],"uv_size":[-0.4631,-0.1845]},"east":{"uv":[7.8852,12.688],"uv_size":[0.1736,0.0308]},"north":{"uv":[7.7722,12.688],"uv_size":[0.4631,0.0308]},"south":{"uv":[7.7722,12.688],"uv_size":[0.4631,0.0308]},"up":{"uv":[8.2278,12.622],"uv_size":[-0.4631,-0.1845]},"west":{"uv":[7.944,12.688],"uv_size":[0.1736,0.0308]}}},{"origin":[-3.5,6,-1],"size":[7.5,0.5,3],"uv":{"down":{"uv":[8.1988,12.5595],"uv_size":[-0.4341,-0.1845]},"east":{"uv":[7.8852,12.5943],"uv_size":[0.1736,0.0308]},"north":{"uv":[7.8012,12.5943],"uv_size":[0.4341,0.0308]},"south":{"uv":[7.7718,12.5943],"uv_size":[0.4341,0.0308]},"up":{"uv":[8.1988,12.622],"uv_size":[-0.4341,-0.1845]},"west":{"uv":[7.944,12.5943],"uv_size":[0.1736,0.0308]}}},{"origin":[-4,3.5,-0.5],"size":[8,1,2],"uv":{"down":{"uv":[8.2278,12.5293],"uv_size":[-0.4631,-0.123]},"east":{"uv":[7.9136,12.7198],"uv_size":[0.1158,0.0615]},"north":{"uv":[7.7722,12.7198],"uv_size":[0.4631,0.0615]},"south":{"uv":[7.7722,12.7198],"uv_size":[0.4631,0.0615]},"west":{"uv":[7.9725,12.7198],"uv_size":[0.1158,0.0615]}}},{"origin":[-4,5,-0.5],"size":[8,0.5,2],"uv":{"east":{"uv":[7.9136,12.6568],"uv_size":[0.1158,0.0308]},"north":{"uv":[7.7722,12.6568],"uv_size":[0.4631,0.0308]},"south":{"uv":[7.7722,12.6568],"uv_size":[0.4631,0.0308]},"up":{"uv":[8.2278,12.5918],"uv_size":[-0.4631,-0.123]},"west":{"uv":[7.9725,12.6568],"uv_size":[0.1158,0.0308]}}},{"origin":[-4,6.5,-0.5],"size":[8,1.5,2],"uv":{"down":{"uv":[8.2278,12.5293],"uv_size":[-0.4631,-0.123]},"east":{"uv":[7.9136,12.5015],"uv_size":[0.1158,0.0923]},"north":{"uv":[7.7722,12.5015],"uv_size":[0.4631,0.0923]},"south":{"uv":[7.7722,12.5015],"uv_size":[0.4631,0.0923]},"up":{"uv":[8.2278,12.5918],"uv_size":[-0.4631,-0.123]},"west":{"uv":[7.9725,12.5015],"uv_size":[0.1158,0.0923]}}},{"origin":[-3.5,3,0],"size":[7.5,0.5,1.5],"uv":{"down":{"uv":[8.1988,12.4985],"uv_size":[-0.4341,-0.0923]},"east":{"uv":[7.9132,12.7818],"uv_size":[0.0868,0.0308]},"north":{"uv":[7.8012,12.7818],"uv_size":[0.4341,0.0308]},"south":{"uv":[7.7718,12.7818],"uv_size":[0.4341,0.0308]},"west":{"uv":[8.0014,12.7818],"uv_size":[0.0868,0.0308]}}},{"origin":[-4,5.5,0],"size":[8,0.5,1],"uv":{"east":{"uv":[7.9421,12.6255],"uv_size":[0.0579,0.0308]},"north":{"uv":[7.7722,12.6255],"uv_size":[0.4631,0.0308]},"south":{"uv":[7.7722,12.6255],"uv_size":[0.4631,0.0308]},"up":{"uv":[8.2278,12.5615],"uv_size":[-0.4631,-0.0615]},"west":{"uv":[8.0009,12.6255],"uv_size":[0.0579,0.0308]}}},{"origin":[-3.5,4,-2],"size":[7,0.5,1.5],"uv":{"down":{"uv":[8.1993,12.6235],"uv_size":[-0.4052,-0.0923]},"east":{"uv":[8.0308,12.7193],"uv_size":[0.0868,0.0308]},"north":{"uv":[7.8007,12.7193],"uv_size":[0.4052,0.0308]},"up":{"uv":[8.1993,12.4673],"uv_size":[-0.4052,-0.0923]},"west":{"uv":[7.8838,12.7193],"uv_size":[0.0868,0.0308]}}},{"origin":[-3.5,4.5,-2],"size":[7,0.5,1],"uv":{"east":{"uv":[8.0598,12.688],"uv_size":[0.0579,0.0308]},"north":{"uv":[7.8007,12.688],"uv_size":[0.4052,0.0308]},"up":{"uv":[8.1993,12.4365],"uv_size":[-0.4052,-0.0615]},"west":{"uv":[7.8833,12.688],"uv_size":[0.0579,0.0308]}}},{"origin":[-3.5,6,-2],"size":[7,1,1],"uv":{"down":{"uv":[8.1993,12.624],"uv_size":[-0.4052,-0.0615]},"east":{"uv":[8.0598,12.5635],"uv_size":[0.0579,0.0615]},"north":{"uv":[7.8007,12.5635],"uv_size":[0.4052,0.0615]},"south":{"uv":[7.8007,12.5635],"uv_size":[0.4052,0.0615]},"up":{"uv":[8.1993,12.4365],"uv_size":[-0.4052,-0.0615]},"west":{"uv":[7.8833,12.5635],"uv_size":[0.0579,0.0615]}}},{"origin":[-3.5,3,-1.5],"size":[7,0.5,1.5],"uv":{"down":{"uv":[8.1993,12.5923],"uv_size":[-0.4052,-0.0923]},"east":{"uv":[8.0014,12.7818],"uv_size":[0.0868,0.0308]},"north":{"uv":[7.8007,12.7818],"uv_size":[0.4052,0.0308]},"up":{"uv":[8.1993,12.4985],"uv_size":[-0.4052,-0.0923]},"west":{"uv":[7.9132,12.7818],"uv_size":[0.0868,0.0308]}}},{"origin":[-3.5,3.5,-1.5],"size":[7,0.5,1],"uv":{"east":{"uv":[8.0304,12.7505],"uv_size":[0.0579,0.0308]},"north":{"uv":[7.8007,12.7505],"uv_size":[0.4052,0.0308]},"west":{"uv":[7.9127,12.7505],"uv_size":[0.0579,0.0308]}}},{"origin":[-3.5,5,-1.5],"size":[7,1,1],"uv":{"down":{"uv":[8.1993,12.5928],"uv_size":[-0.4052,-0.0615]},"east":{"uv":[8.0304,12.626],"uv_size":[0.0579,0.0615]},"north":{"uv":[7.8007,12.626],"uv_size":[0.4052,0.0615]},"south":{"uv":[7.8007,12.626],"uv_size":[0.4052,0.0615]},"up":{"uv":[8.1993,12.4678],"uv_size":[-0.4052,-0.0615]},"west":{"uv":[7.9127,12.626],"uv_size":[0.0579,0.0615]}}},{"origin":[-3.5,7,-1.5],"size":[7,1.5,1],"uv":{"down":{"uv":[8.1993,12.5928],"uv_size":[-0.4052,-0.0615]},"east":{"uv":[8.0304,12.4703],"uv_size":[0.0579,0.0923]},"north":{"uv":[7.8007,12.4703],"uv_size":[0.4052,0.0923]},"south":{"uv":[7.8007,12.4703],"uv_size":[0.4052,0.0923]},"up":{"uv":[8.1993,12.4678],"uv_size":[-0.4052,-0.0615]},"west":{"uv":[7.9127,12.4703],"uv_size":[0.0579,0.0923]}}},{"origin":[-3.5,6.5,-1],"size":[7,0.5,0.5],"uv":{"east":{"uv":[8.0299,12.563],"uv_size":[0.0289,0.0308]},"west":{"uv":[7.9416,12.563],"uv_size":[0.0289,0.0308]}}},{"origin":[-3.5,2.5,-0.5],"size":[7,0.5,2],"uv":{"down":{"uv":[8.1993,12.5293],"uv_size":[-0.4052,-0.123]},"east":{"uv":[7.9136,12.813],"uv_size":[0.1158,0.0308]},"north":{"uv":[7.8007,12.813],"uv_size":[0.4052,0.0308]},"south":{"uv":[7.8007,12.813],"uv_size":[0.4052,0.0308]},"up":{"uv":[8.1993,12.5918],"uv_size":[-0.4052,-0.123]},"west":{"uv":[7.9725,12.813],"uv_size":[0.1158,0.0308]}}},{"origin":[-3.5,5.5,-0.5],"size":[7,0.5,0.5],"uv":{"east":{"uv":[8.0005,12.6255],"uv_size":[0.0289,0.0308]},"west":{"uv":[7.9711,12.6255],"uv_size":[0.0289,0.0308]}}},{"origin":[-3.5,8,-0.5],"size":[7,0.5,3],"uv":{"down":{"uv":[8.1993,12.5283],"uv_size":[-0.4052,-0.1845]},"east":{"uv":[7.8558,12.4693],"uv_size":[0.1736,0.0308]},"south":{"uv":[7.8007,12.4693],"uv_size":[0.4052,0.0308]},"up":{"uv":[8.1993,12.6533],"uv_size":[-0.4052,-0.1845]},"west":{"uv":[7.9734,12.4693],"uv_size":[0.1736,0.0308]}}},{"origin":[-3,2,0],"size":[6.5,0.5,0.5],"uv":{"down":{"uv":[8.1704,12.4995],"uv_size":[-0.3762,-0.0308]},"east":{"uv":[7.9711,12.8443],"uv_size":[0.0289,0.0308]},"north":{"uv":[7.8296,12.8443],"uv_size":[0.3762,0.0308]},"south":{"uv":[7.8002,12.8443],"uv_size":[0.3762,0.0308]},"west":{"uv":[8.0005,12.8443],"uv_size":[0.0289,0.0308]}}},{"origin":[-3.5,8.5,0],"size":[7,0.5,1],"uv":{"east":{"uv":[7.9421,12.438],"uv_size":[0.0579,0.0308]},"north":{"uv":[7.8007,12.438],"uv_size":[0.4052,0.0308]},"south":{"uv":[7.8007,12.438],"uv_size":[0.4052,0.0308]},"up":{"uv":[8.1993,12.5615],"uv_size":[-0.4052,-0.0615]},"west":{"uv":[8.0009,12.438],"uv_size":[0.0579,0.0308]}}},{"origin":[-3.5,5.5,1],"size":[7,0.5,1.5],"uv":{"down":{"uv":[8.1993,12.436],"uv_size":[-0.4052,-0.0923]},"east":{"uv":[7.8544,12.6255],"uv_size":[0.0868,0.0308]},"south":{"uv":[7.8007,12.6255],"uv_size":[0.4052,0.0308]},"up":{"uv":[8.1993,12.6548],"uv_size":[-0.4052,-0.0923]},"west":{"uv":[8.0602,12.6255],"uv_size":[0.0868,0.0308]}}},{"origin":[-3.5,3,1.5],"size":[7,1.5,1],"uv":{"down":{"uv":[8.1993,12.4053],"uv_size":[-0.4052,-0.0615]},"east":{"uv":[7.8539,12.7203],"uv_size":[0.0579,0.0923]},"north":{"uv":[7.8007,12.7203],"uv_size":[0.4052,0.0923]},"south":{"uv":[7.8007,12.7203],"uv_size":[0.4052,0.0923]},"up":{"uv":[8.1993,12.6553],"uv_size":[-0.4052,-0.0615]},"west":{"uv":[8.0892,12.7203],"uv_size":[0.0579,0.0923]}}},{"origin":[-3.5,5,1.5],"size":[7,0.5,1],"uv":{"down":{"uv":[8.1993,12.4053],"uv_size":[-0.4052,-0.0615]},"east":{"uv":[7.8539,12.6568],"uv_size":[0.0579,0.0308]},"south":{"uv":[7.8007,12.6568],"uv_size":[0.4052,0.0308]},"west":{"uv":[8.0892,12.6568],"uv_size":[0.0579,0.0308]}}},{"origin":[-3.5,6.5,1.5],"size":[7,0.5,1.5],"uv":{"down":{"uv":[8.1993,12.4048],"uv_size":[-0.4052,-0.0923]},"east":{"uv":[7.8249,12.563],"uv_size":[0.0868,0.0308]},"south":{"uv":[7.8007,12.563],"uv_size":[0.4052,0.0308]},"up":{"uv":[8.1993,12.686],"uv_size":[-0.4052,-0.0923]},"west":{"uv":[8.0896,12.563],"uv_size":[0.0868,0.0308]}}},{"origin":[-3.5,7,1.5],"size":[7,1,1],"uv":{"east":{"uv":[7.8539,12.501],"uv_size":[0.0579,0.0615]},"south":{"uv":[7.8007,12.501],"uv_size":[0.4052,0.0615]},"west":{"uv":[8.0892,12.501],"uv_size":[0.0579,0.0615]}}},{"origin":[-3.5,4.5,2],"size":[7,0.5,1],"uv":{"down":{"uv":[8.1993,12.374],"uv_size":[-0.4052,-0.0615]},"east":{"uv":[7.8245,12.688],"uv_size":[0.0579,0.0308]},"south":{"uv":[7.8007,12.688],"uv_size":[0.4052,0.0308]},"up":{"uv":[8.1993,12.6865],"uv_size":[-0.4052,-0.0615]},"west":{"uv":[8.1186,12.688],"uv_size":[0.0579,0.0308]}}},{"origin":[-3.5,6,2],"size":[7,0.5,1],"uv":{"down":{"uv":[8.1993,12.374],"uv_size":[-0.4052,-0.0615]},"east":{"uv":[7.8245,12.5943],"uv_size":[0.0579,0.0308]},"south":{"uv":[7.8007,12.5943],"uv_size":[0.4052,0.0308]},"west":{"uv":[8.1186,12.5943],"uv_size":[0.0579,0.0308]}}},{"origin":[-3.5,4,2.5],"size":[7,0.5,0.5],"uv":{"down":{"uv":[8.1993,12.3433],"uv_size":[-0.4052,-0.0308]},"east":{"uv":[7.824,12.7193],"uv_size":[0.0289,0.0308]},"south":{"uv":[7.8007,12.7193],"uv_size":[0.4052,0.0308]},"west":{"uv":[8.1475,12.7193],"uv_size":[0.0289,0.0308]}}},{"origin":[2.5,11,-3],"size":[0.5,0.5,1],"uv":{"down":{"uv":[13.4995,11.6865],"uv_size":[-0.0289,-0.0615]},"east":{"uv":[13.7656,11.2818],"uv_size":[0.0579,0.0308]},"north":{"uv":[13.7946,11.2818],"uv_size":[0.0289,0.0308]},"south":{"uv":[13.4711,11.2818],"uv_size":[0.0289,0.0308]},"up":{"uv":[13.4995,11.374],"uv_size":[-0.0289,-0.0615]},"west":{"uv":[13.4715,11.2818],"uv_size":[0.0579,0.0308]}}},{"origin":[-3,5.5,-2.5],"size":[6,0.5,1],"uv":{"down":{"uv":[8.1708,12.6553],"uv_size":[-0.3473,-0.0615]},"east":{"uv":[8.0892,12.6255],"uv_size":[0.0579,0.0308]},"north":{"uv":[7.8292,12.6255],"uv_size":[0.3473,0.0308]},"up":{"uv":[8.1708,12.4053],"uv_size":[-0.3473,-0.0615]},"west":{"uv":[7.8539,12.6255],"uv_size":[0.0579,0.0308]}}},{"origin":[2.5,10.5,-2.5],"size":[0.5,0.5,1],"uv":{"down":{"uv":[13.4995,11.6553],"uv_size":[-0.0289,-0.0615]},"east":{"uv":[13.7362,11.313],"uv_size":[0.0579,0.0308]},"north":{"uv":[13.7946,11.313],"uv_size":[0.0289,0.0308]},"south":{"uv":[13.4711,11.313],"uv_size":[0.0289,0.0308]},"up":{"uv":[13.4995,11.4053],"uv_size":[-0.0289,-0.0615]},"west":{"uv":[13.5009,11.313],"uv_size":[0.0579,0.0308]}}},{"origin":[-2.5,2.5,-2],"size":[5.5,0.5,1.5],"uv":{"down":{"uv":[8.1419,12.6235],"uv_size":[-0.3184,-0.0923]},"east":{"uv":[8.0308,12.813],"uv_size":[0.0868,0.0308]},"north":{"uv":[7.8581,12.813],"uv_size":[0.3184,0.0308]},"up":{"uv":[8.1419,12.4673],"uv_size":[-0.3184,-0.0923]},"west":{"uv":[7.8838,12.813],"uv_size":[0.0868,0.0308]}}},{"origin":[-3,3,-2],"size":[6,1,0.5],"uv":{"down":{"uv":[8.1708,12.6245],"uv_size":[-0.3473,-0.0308]},"east":{"uv":[8.0887,12.751],"uv_size":[0.0289,0.0615]},"north":{"uv":[7.8292,12.751],"uv_size":[0.3473,0.0615]},"south":{"uv":[7.8292,12.751],"uv_size":[0.3473,0.0615]},"west":{"uv":[7.8828,12.751],"uv_size":[0.0289,0.0615]}}},{"origin":[-3,5,-2],"size":[6,0.5,0.5],"uv":{"east":{"uv":[8.0887,12.6568],"uv_size":[0.0289,0.0308]},"north":{"uv":[7.8292,12.6568],"uv_size":[0.3473,0.0308]},"west":{"uv":[7.8828,12.6568],"uv_size":[0.0289,0.0308]}}},{"origin":[-3,7,-2],"size":[6,1.5,0.5],"uv":{"east":{"uv":[8.0887,12.4703],"uv_size":[0.0289,0.0923]},"north":{"uv":[7.8292,12.4703],"uv_size":[0.3473,0.0923]},"up":{"uv":[8.1708,12.4058],"uv_size":[-0.3473,-0.0308]},"west":{"uv":[7.8828,12.4703],"uv_size":[0.0289,0.0923]}}},{"origin":[2.5,10,-2],"size":[0.5,0.5,2.5],"uv":{"down":{"uv":[13.4995,11.6225],"uv_size":[-0.0289,-0.1538]},"east":{"uv":[13.62,11.3443],"uv_size":[0.1447,0.0308]},"north":{"uv":[13.7946,11.3443],"uv_size":[0.0289,0.0308]},"south":{"uv":[13.4711,11.3443],"uv_size":[0.0289,0.0308]},"up":{"uv":[13.4995,11.5288],"uv_size":[-0.0289,-0.1538]},"west":{"uv":[13.5318,11.3443],"uv_size":[0.1447,0.0308]}}},{"origin":[-3,1.5,-1.5],"size":[6,0.5,3.5],"uv":{"down":{"uv":[8.1708,12.5903],"uv_size":[-0.3473,-0.2153]},"east":{"uv":[7.8856,12.8755],"uv_size":[0.2026,0.0308]},"north":{"uv":[7.8292,12.8755],"uv_size":[0.3473,0.0308]},"south":{"uv":[7.8292,12.8755],"uv_size":[0.3473,0.0308]},"up":{"uv":[8.1708,12.6215],"uv_size":[-0.3473,-0.2153]},"west":{"uv":[7.9151,12.8755],"uv_size":[0.2026,0.0308]}}},{"origin":[-2.5,9,-1.5],"size":[5.5,0.5,3.5],"uv":{"down":{"uv":[8.1419,12.5903],"uv_size":[-0.3184,-0.2153]},"east":{"uv":[7.8856,12.4068],"uv_size":[0.2026,0.0308]},"north":{"uv":[7.8581,12.4068],"uv_size":[0.3184,0.0308]},"south":{"uv":[7.8287,12.4068],"uv_size":[0.3184,0.0308]},"up":{"uv":[8.1419,12.6215],"uv_size":[-0.3184,-0.2153]},"west":{"uv":[7.9151,12.4068],"uv_size":[0.2026,0.0308]}}},{"origin":[-3,1,-1],"size":[6,0.5,3],"uv":{"down":{"uv":[8.1708,12.5595],"uv_size":[-0.3473,-0.1845]},"east":{"uv":[7.8852,12.9068],"uv_size":[0.1736,0.0308]},"north":{"uv":[7.8292,12.9068],"uv_size":[0.3473,0.0308]},"south":{"uv":[7.8292,12.9068],"uv_size":[0.3473,0.0308]},"west":{"uv":[7.944,12.9068],"uv_size":[0.1736,0.0308]}}},{"origin":[-3,2,-1],"size":[6,0.5,1],"uv":{"east":{"uv":[8.0009,12.8443],"uv_size":[0.0579,0.0308]},"north":{"uv":[7.8292,12.8443],"uv_size":[0.3473,0.0308]},"up":{"uv":[8.1708,12.499],"uv_size":[-0.3473,-0.0615]},"west":{"uv":[7.9421,12.8443],"uv_size":[0.0579,0.0308]}}},{"origin":[-3,8.5,-1],"size":[6,0.5,1],"uv":{"down":{"uv":[8.1708,12.5615],"uv_size":[-0.3473,-0.0615]},"east":{"uv":[8.0009,12.438],"uv_size":[0.0579,0.0308]},"north":{"uv":[7.8292,12.438],"uv_size":[0.3473,0.0308]},"up":{"uv":[8.1708,12.499],"uv_size":[-0.3473,-0.0615]},"west":{"uv":[7.9421,12.438],"uv_size":[0.0579,0.0308]}}},{"origin":[-3,9.5,-1],"size":[6,0.5,3],"uv":{"down":{"uv":[8.1708,12.5595],"uv_size":[-0.3473,-0.1845]},"east":{"uv":[7.8852,12.3755],"uv_size":[0.1736,0.0308]},"north":{"uv":[7.8292,12.3755],"uv_size":[0.3473,0.0308]},"south":{"uv":[7.8292,12.3755],"uv_size":[0.3473,0.0308]},"up":{"uv":[8.1708,12.622],"uv_size":[-0.3473,-0.1845]},"west":{"uv":[7.944,12.3755],"uv_size":[0.1736,0.0308]}}},{"origin":[-2.5,0.5,0],"size":[5.5,0.5,0.5],"uv":{"down":{"uv":[8.1419,12.4995],"uv_size":[-0.3184,-0.0308]},"east":{"uv":[7.9711,12.938],"uv_size":[0.0289,0.0308]},"north":{"uv":[7.8581,12.938],"uv_size":[0.3184,0.0308]},"south":{"uv":[7.8287,12.938],"uv_size":[0.3184,0.0308]},"west":{"uv":[8.0005,12.938],"uv_size":[0.0289,0.0308]}}},{"origin":[-2.5,10.5,0],"size":[5.5,0.5,1],"uv":{"down":{"uv":[13.7889,11.499],"uv_size":[-0.3184,-0.0615]},"east":{"uv":[7.9421,12.313],"uv_size":[0.0579,0.0308]},"north":{"uv":[13.5052,11.313],"uv_size":[0.3184,0.0308]},"south":{"uv":[13.4758,11.313],"uv_size":[0.3184,0.0308]},"up":{"uv":[8.1419,12.5615],"uv_size":[-0.3184,-0.0615]},"west":{"uv":[13.648,11.313],"uv_size":[0.0579,0.0308]}}},{"origin":[-3,2,0.5],"size":[6,0.5,1.5],"uv":{"east":{"uv":[7.8838,12.8443],"uv_size":[0.0868,0.0308]},"south":{"uv":[7.8292,12.8443],"uv_size":[0.3473,0.0308]},"up":{"uv":[8.1708,12.6235],"uv_size":[-0.3473,-0.0923]},"west":{"uv":[8.0308,12.8443],"uv_size":[0.0868,0.0308]}}},{"origin":[2,11,0.5],"size":[1,0.5,0.5],"uv":{"east":{"uv":[13.5887,11.2818],"uv_size":[0.0289,0.0308]},"north":{"uv":[13.7656,11.2818],"uv_size":[0.0579,0.0308]},"south":{"uv":[13.4715,11.2818],"uv_size":[0.0579,0.0308]},"up":{"uv":[13.5285,11.562],"uv_size":[-0.0579,-0.0308]},"west":{"uv":[13.6769,11.2818],"uv_size":[0.0289,0.0308]}}},{"origin":[-3,8.5,1],"size":[6,0.5,1],"uv":{"east":{"uv":[7.8833,12.438],"uv_size":[0.0579,0.0308]},"south":{"uv":[7.8292,12.438],"uv_size":[0.3473,0.0308]},"up":{"uv":[8.1708,12.624],"uv_size":[-0.3473,-0.0615]},"west":{"uv":[8.0598,12.438],"uv_size":[0.0579,0.0308]}}},{"origin":[-3,10,1],"size":[6,0.5,0.5],"uv":{"east":{"uv":[7.9122,12.3443],"uv_size":[0.0289,0.0308]},"north":{"uv":[7.8292,12.3443],"uv_size":[0.3473,0.0308]},"south":{"uv":[7.8292,12.3443],"uv_size":[0.3473,0.0308]},"up":{"uv":[8.1708,12.5933],"uv_size":[-0.3473,-0.0308]},"west":{"uv":[8.0593,12.3443],"uv_size":[0.0289,0.0308]}}},{"origin":[-3,2.5,1.5],"size":[6,0.5,1],"uv":{"down":{"uv":[8.1708,12.4053],"uv_size":[-0.3473,-0.0615]},"east":{"uv":[7.8539,12.813],"uv_size":[0.0579,0.0308]},"south":{"uv":[7.8292,12.813],"uv_size":[0.3473,0.0308]},"west":{"uv":[8.0892,12.813],"uv_size":[0.0579,0.0308]}}},{"origin":[-3,3,2.5],"size":[6,1,0.5],"uv":{"down":{"uv":[8.1708,12.3433],"uv_size":[-0.3473,-0.0308]},"east":{"uv":[7.824,12.751],"uv_size":[0.0289,0.0615]},"south":{"uv":[7.8292,12.751],"uv_size":[0.3473,0.0615]},"west":{"uv":[8.1475,12.751],"uv_size":[0.0289,0.0615]}}},{"origin":[-3,5,2.5],"size":[6,1,0.5],"uv":{"east":{"uv":[7.824,12.626],"uv_size":[0.0289,0.0615]},"north":{"uv":[7.8292,12.626],"uv_size":[0.3473,0.0615]},"south":{"uv":[7.8292,12.626],"uv_size":[0.3473,0.0615]},"west":{"uv":[8.1475,12.626],"uv_size":[0.0289,0.0615]}}},{"origin":[-3,7,2.5],"size":[6,1.5,0.5],"uv":{"east":{"uv":[7.824,12.4703],"uv_size":[0.0289,0.0923]},"north":{"uv":[7.8292,12.4703],"uv_size":[0.3473,0.0923]},"south":{"uv":[7.8292,12.4703],"uv_size":[0.3473,0.0923]},"up":{"uv":[8.1708,12.687],"uv_size":[-0.3473,-0.0308]},"west":{"uv":[8.1475,12.4703],"uv_size":[0.0289,0.0923]}}},{"origin":[-2.5,4,-3],"size":[5,1,1],"uv":{"down":{"uv":[8.1424,12.6865],"uv_size":[-0.2894,-0.0615]},"east":{"uv":[8.1186,12.6885],"uv_size":[0.0579,0.0615]},"north":{"uv":[7.8576,12.6885],"uv_size":[0.2894,0.0615]},"south":{"uv":[7.8576,12.6885],"uv_size":[0.2894,0.0615]},"up":{"uv":[8.1424,12.374],"uv_size":[-0.2894,-0.0615]},"west":{"uv":[7.8245,12.6885],"uv_size":[0.0579,0.0615]}}},{"origin":[-2.5,6,-3],"size":[5,1,1],"uv":{"down":{"uv":[8.1424,12.6865],"uv_size":[-0.2894,-0.0615]},"east":{"uv":[8.1186,12.5635],"uv_size":[0.0579,0.0615]},"north":{"uv":[7.8576,12.5635],"uv_size":[0.2894,0.0615]},"up":{"uv":[8.1424,12.374],"uv_size":[-0.2894,-0.0615]},"west":{"uv":[7.8245,12.5635],"uv_size":[0.0579,0.0615]}}},{"origin":[2,11,-3],"size":[0.5,2,0.5],"uv":{"down":{"uv":[13.5289,11.687],"uv_size":[-0.0289,-0.0308]},"east":{"uv":[13.7946,11.1895],"uv_size":[0.0289,0.123]},"north":{"uv":[13.7652,11.1895],"uv_size":[0.0289,0.123]},"south":{"uv":[13.5005,11.1895],"uv_size":[0.0289,0.123]},"up":{"uv":[13.5289,11.3433],"uv_size":[-0.0289,-0.0308]},"west":{"uv":[13.4711,11.1895],"uv_size":[0.0289,0.123]}}},{"origin":[-2.5,2.5,-2.5],"size":[5,1.5,0.5],"uv":{"down":{"uv":[8.1424,12.6558],"uv_size":[-0.2894,-0.0308]},"east":{"uv":[8.1181,12.7515],"uv_size":[0.0289,0.0923]},"north":{"uv":[7.8576,12.7515],"uv_size":[0.2894,0.0923]},"south":{"uv":[7.8576,12.7515],"uv_size":[0.2894,0.0923]},"west":{"uv":[7.8534,12.7515],"uv_size":[0.0289,0.0923]}}},{"origin":[-3,5,-2.5],"size":[5.5,0.5,0.5],"uv":{"down":{"uv":[8.1713,12.6558],"uv_size":[-0.3184,-0.0308]},"east":{"uv":[8.1181,12.6568],"uv_size":[0.0289,0.0308]},"north":{"uv":[7.8287,12.6568],"uv_size":[0.3184,0.0308]},"west":{"uv":[7.8534,12.6568],"uv_size":[0.0289,0.0308]}}},{"origin":[-2.5,7,-2.5],"size":[5,1.5,0.5],"uv":{"east":{"uv":[8.1181,12.4703],"uv_size":[0.0289,0.0923]},"north":{"uv":[7.8576,12.4703],"uv_size":[0.2894,0.0923]},"up":{"uv":[8.1424,12.3745],"uv_size":[-0.2894,-0.0308]},"west":{"uv":[7.8534,12.4703],"uv_size":[0.0289,0.0923]}}},{"origin":[-2.5,2,-2],"size":[5,0.5,1],"uv":{"down":{"uv":[8.1424,12.624],"uv_size":[-0.2894,-0.0615]},"east":{"uv":[8.0598,12.8443],"uv_size":[0.0579,0.0308]},"north":{"uv":[7.8576,12.8443],"uv_size":[0.2894,0.0308]},"west":{"uv":[7.8833,12.8443],"uv_size":[0.0579,0.0308]}}},{"origin":[-2.5,8.5,-2],"size":[5,0.5,1],"uv":{"down":{"uv":[8.1424,12.624],"uv_size":[-0.2894,-0.0615]},"east":{"uv":[8.0598,12.438],"uv_size":[0.0579,0.0308]},"north":{"uv":[7.8576,12.438],"uv_size":[0.2894,0.0308]},"up":{"uv":[8.1424,12.4365],"uv_size":[-0.2894,-0.0615]},"west":{"uv":[7.8833,12.438],"uv_size":[0.0579,0.0308]}}},{"origin":[-2.5,1,-1.5],"size":[5,0.5,0.5],"uv":{"down":{"uv":[8.1424,12.5933],"uv_size":[-0.2894,-0.0308]},"east":{"uv":[8.0593,12.9068],"uv_size":[0.0289,0.0308]},"north":{"uv":[7.8576,12.9068],"uv_size":[0.2894,0.0308]},"west":{"uv":[7.9122,12.9068],"uv_size":[0.0289,0.0308]}}},{"origin":[-2.5,9.5,-1.5],"size":[5,0.5,0.5],"uv":{"east":{"uv":[8.0593,12.3755],"uv_size":[0.0289,0.0308]},"north":{"uv":[7.8576,12.3755],"uv_size":[0.2894,0.0308]},"up":{"uv":[8.1424,12.437],"uv_size":[-0.2894,-0.0308]},"west":{"uv":[7.9122,12.3755],"uv_size":[0.0289,0.0308]}}},{"origin":[-2.5,0.5,-1],"size":[5,0.5,1],"uv":{"down":{"uv":[8.1424,12.5615],"uv_size":[-0.2894,-0.0615]},"east":{"uv":[8.0009,12.938],"uv_size":[0.0579,0.0308]},"north":{"uv":[7.8576,12.938],"uv_size":[0.2894,0.0308]},"west":{"uv":[7.9421,12.938],"uv_size":[0.0579,0.0308]}}},{"origin":[-2.5,10,-1],"size":[5,0.5,2],"uv":{"east":{"uv":[7.9431,12.3443],"uv_size":[0.1158,0.0308]},"north":{"uv":[7.8576,12.3443],"uv_size":[0.2894,0.0308]},"up":{"uv":[8.1424,12.5605],"uv_size":[-0.2894,-0.123]},"west":{"uv":[7.9431,12.3443],"uv_size":[0.1158,0.0308]}}},{"origin":[-2.5,10.5,-1],"size":[5,0.5,1],"uv":{"east":{"uv":[8.0009,12.313],"uv_size":[0.0579,0.0308]},"north":{"uv":[7.8576,12.313],"uv_size":[0.2894,0.0308]},"up":{"uv":[8.1424,12.499],"uv_size":[-0.2894,-0.0615]},"west":{"uv":[7.9421,12.313],"uv_size":[0.0579,0.0308]}}},{"origin":[-2.5,0,-0.5],"size":[5,0.5,2],"uv":{"down":{"uv":[8.1424,12.5293],"uv_size":[-0.2894,-0.123]},"east":{"uv":[7.9136,12.9693],"uv_size":[0.1158,0.0308]},"north":{"uv":[7.8576,12.9693],"uv_size":[0.2894,0.0308]},"south":{"uv":[7.8576,12.9693],"uv_size":[0.2894,0.0308]},"up":{"uv":[8.1424,12.5918],"uv_size":[-0.2894,-0.123]},"west":{"uv":[7.9725,12.9693],"uv_size":[0.1158,0.0308]}}},{"origin":[-2.5,0.5,0.5],"size":[5,0.5,1.5],"uv":{"down":{"uv":[8.1424,12.4673],"uv_size":[-0.2894,-0.0923]},"east":{"uv":[7.8838,12.938],"uv_size":[0.0868,0.0308]},"south":{"uv":[7.8576,12.938],"uv_size":[0.2894,0.0308]},"west":{"uv":[8.0308,12.938],"uv_size":[0.0868,0.0308]}}},{"origin":[2,11.5,0.5],"size":[0.5,0.5,0.5],"uv":{"east":{"uv":[13.5887,11.2505],"uv_size":[0.0289,0.0308]},"north":{"uv":[13.7652,11.2505],"uv_size":[0.0289,0.0308]},"south":{"uv":[13.5005,11.2505],"uv_size":[0.0289,0.0308]},"up":{"uv":[13.5289,11.562],"uv_size":[-0.0289,-0.0308]},"west":{"uv":[13.6769,11.2505],"uv_size":[0.0289,0.0308]}}},{"origin":[-2.5,10.5,1],"size":[5,0.5,1],"uv":{"down":{"uv":[8.1424,12.4365],"uv_size":[-0.2894,-0.0615]},"east":{"uv":[7.8833,12.313],"uv_size":[0.0579,0.0308]},"south":{"uv":[7.8576,12.313],"uv_size":[0.2894,0.0308]},"up":{"uv":[8.1424,12.624],"uv_size":[-0.2894,-0.0615]},"west":{"uv":[8.0598,12.313],"uv_size":[0.0579,0.0308]}}},{"origin":[-1.5,12,1],"size":[4,0.5,0.5],"uv":{"down":{"uv":[13.7315,11.437],"uv_size":[-0.2315,-0.0308]},"east":{"uv":[9.7946,12.2193],"uv_size":[0.0289,0.0308]},"north":{"uv":[13.5626,11.2193],"uv_size":[0.2315,0.0308]},"south":{"uv":[13.5038,11.2193],"uv_size":[0.2315,0.0308]},"up":{"uv":[13.7315,11.5933],"uv_size":[-0.2315,-0.0308]},"west":{"uv":[13.7064,11.2193],"uv_size":[0.0289,0.0308]}}},{"origin":[-2.5,10,1.5],"size":[5,0.5,0.5],"uv":{"east":{"uv":[7.8828,12.3443],"uv_size":[0.0289,0.0308]},"south":{"uv":[7.8576,12.3443],"uv_size":[0.2894,0.0308]},"west":{"uv":[8.0887,12.3443],"uv_size":[0.0289,0.0308]}}},{"origin":[-2.5,1,2],"size":[5,1.5,0.5],"uv":{"down":{"uv":[8.1424,12.3745],"uv_size":[-0.2894,-0.0308]},"east":{"uv":[7.8534,12.8453],"uv_size":[0.0289,0.0923]},"north":{"uv":[7.8576,12.8453],"uv_size":[0.2894,0.0923]},"south":{"uv":[7.8576,12.8453],"uv_size":[0.2894,0.0923]},"west":{"uv":[8.1181,12.8453],"uv_size":[0.0289,0.0923]}}},{"origin":[-2.5,8.5,2],"size":[5,0.5,1],"uv":{"down":{"uv":[8.1424,12.374],"uv_size":[-0.2894,-0.0615]},"east":{"uv":[7.8245,12.438],"uv_size":[0.0579,0.0308]},"south":{"uv":[7.8576,12.438],"uv_size":[0.2894,0.0308]},"up":{"uv":[8.1424,12.6865],"uv_size":[-0.2894,-0.0615]},"west":{"uv":[8.1186,12.438],"uv_size":[0.0579,0.0308]}}},{"origin":[-2.5,9,2],"size":[5,1,0.5],"uv":{"east":{"uv":[7.8534,12.376],"uv_size":[0.0289,0.0615]},"north":{"uv":[7.8576,12.376],"uv_size":[0.2894,0.0615]},"south":{"uv":[7.8576,12.376],"uv_size":[0.2894,0.0615]},"up":{"uv":[8.1424,12.6558],"uv_size":[-0.2894,-0.0308]},"west":{"uv":[8.1181,12.376],"uv_size":[0.0289,0.0615]}}},{"origin":[-2.5,2.5,2.5],"size":[5,0.5,0.5],"uv":{"down":{"uv":[8.1424,12.3433],"uv_size":[-0.2894,-0.0308]},"east":{"uv":[7.824,12.813],"uv_size":[0.0289,0.0308]},"south":{"uv":[7.8576,12.813],"uv_size":[0.2894,0.0308]},"west":{"uv":[8.1475,12.813],"uv_size":[0.0289,0.0308]}}},{"origin":[-2.5,3,3],"size":[5,5.5,0.5],"uv":{"down":{"uv":[8.1424,12.312],"uv_size":[-0.2894,-0.0308]},"east":{"uv":[7.7946,12.4743],"uv_size":[0.0289,0.3383]},"north":{"uv":[7.8576,12.4743],"uv_size":[0.2894,0.3383]},"south":{"uv":[7.8576,12.4743],"uv_size":[0.2894,0.3383]},"up":{"uv":[8.1424,12.7183],"uv_size":[-0.2894,-0.0308]},"west":{"uv":[8.1769,12.4743],"uv_size":[0.0289,0.3383]}}},{"origin":[-2.5,4,3.5],"size":[5,1,0.5],"uv":{"down":{"uv":[8.1424,12.2808],"uv_size":[-0.2894,-0.0308]},"east":{"uv":[7.7652,12.6885],"uv_size":[0.0289,0.0615]},"south":{"uv":[7.8576,12.6885],"uv_size":[0.2894,0.0615]},"up":{"uv":[8.1424,12.7495],"uv_size":[-0.2894,-0.0308]},"west":{"uv":[8.2064,12.6885],"uv_size":[0.0289,0.0615]}}},{"origin":[-2.5,6,3.5],"size":[5,1,0.5],"uv":{"down":{"uv":[8.1424,12.2808],"uv_size":[-0.2894,-0.0308]},"east":{"uv":[7.7652,12.5635],"uv_size":[0.0289,0.0615]},"south":{"uv":[7.8576,12.5635],"uv_size":[0.2894,0.0615]},"up":{"uv":[8.1424,12.7495],"uv_size":[-0.2894,-0.0308]},"west":{"uv":[8.2064,12.5635],"uv_size":[0.0289,0.0615]}}},{"origin":[-2,3,-3],"size":[4,1,0.5],"uv":{"down":{"uv":[8.1139,12.687],"uv_size":[-0.2315,-0.0308]},"east":{"uv":[8.1475,12.751],"uv_size":[0.0289,0.0615]},"north":{"uv":[7.8861,12.751],"uv_size":[0.2315,0.0615]},"west":{"uv":[7.824,12.751],"uv_size":[0.0289,0.0615]}}},{"origin":[-2,5,-3],"size":[4,1,0.5],"uv":{"east":{"uv":[8.1475,12.626],"uv_size":[0.0289,0.0615]},"north":{"uv":[7.8861,12.626],"uv_size":[0.2315,0.0615]},"south":{"uv":[7.8861,12.626],"uv_size":[0.2315,0.0615]},"west":{"uv":[7.824,12.626],"uv_size":[0.0289,0.0615]}}},{"origin":[-2,7,-3],"size":[4,1.5,0.5],"uv":{"east":{"uv":[8.1475,12.4703],"uv_size":[0.0289,0.0923]},"north":{"uv":[7.8861,12.4703],"uv_size":[0.2315,0.0923]},"up":{"uv":[8.1139,12.3433],"uv_size":[-0.2315,-0.0308]},"west":{"uv":[7.824,12.4703],"uv_size":[0.0289,0.0923]}}},{"origin":[-1.5,12.5,-3],"size":[3.5,1,0.5],"uv":{"down":{"uv":[13.732,11.687],"uv_size":[-0.2026,-0.0308]},"east":{"uv":[10.0299,12.1573],"uv_size":[0.0289,0.0615]},"north":{"uv":[13.5621,11.1573],"uv_size":[0.2026,0.0615]},"south":{"uv":[13.5327,11.1573],"uv_size":[0.2026,0.0615]},"up":{"uv":[13.732,11.3433],"uv_size":[-0.2026,-0.0308]},"west":{"uv":[13.4711,11.1573],"uv_size":[0.0289,0.0615]}}},{"origin":[-2,1.5,-2.5],"size":[4,0.5,1],"uv":{"down":{"uv":[8.1139,12.6553],"uv_size":[-0.2315,-0.0615]},"east":{"uv":[8.0892,12.8755],"uv_size":[0.0579,0.0308]},"north":{"uv":[7.8861,12.8755],"uv_size":[0.2315,0.0308]},"up":{"uv":[8.1139,12.4053],"uv_size":[-0.2315,-0.0615]},"west":{"uv":[7.8539,12.8755],"uv_size":[0.0579,0.0308]}}},{"origin":[-1.5,13,-2.5],"size":[3.5,1,0.5],"uv":{"down":{"uv":[13.732,11.6558],"uv_size":[-0.2026,-0.0308]},"east":{"uv":[10.0005,12.126],"uv_size":[0.0289,0.0615]},"north":{"uv":[13.5621,11.126],"uv_size":[0.2026,0.0615]},"south":{"uv":[13.5327,11.126],"uv_size":[0.2026,0.0615]},"up":{"uv":[13.732,11.3745],"uv_size":[-0.2026,-0.0308]},"west":{"uv":[13.5005,11.126],"uv_size":[0.0289,0.0615]}}},{"origin":[-2,1,-2],"size":[4,0.5,0.5],"uv":{"down":{"uv":[8.1139,12.6245],"uv_size":[-0.2315,-0.0308]},"east":{"uv":[8.0887,12.9068],"uv_size":[0.0289,0.0308]},"north":{"uv":[7.8861,12.9068],"uv_size":[0.2315,0.0308]},"west":{"uv":[7.8828,12.9068],"uv_size":[0.0289,0.0308]}}},{"origin":[-2,9,-2],"size":[4,1,0.5],"uv":{"east":{"uv":[8.0887,12.376],"uv_size":[0.0289,0.0615]},"north":{"uv":[7.8861,12.376],"uv_size":[0.2315,0.0615]},"south":{"uv":[7.8861,12.376],"uv_size":[0.2315,0.0615]},"up":{"uv":[8.1139,12.4058],"uv_size":[-0.2315,-0.0308]},"west":{"uv":[7.8828,12.376],"uv_size":[0.0289,0.0615]}}},{"origin":[-2,0.5,-1.5],"size":[4,0.5,0.5],"uv":{"down":{"uv":[8.1139,12.5933],"uv_size":[-0.2315,-0.0308]},"east":{"uv":[8.0593,12.938],"uv_size":[0.0289,0.0308]},"north":{"uv":[7.8861,12.938],"uv_size":[0.2315,0.0308]},"west":{"uv":[7.9122,12.938],"uv_size":[0.0289,0.0308]}}},{"origin":[-2,0,-1],"size":[4,0.5,0.5],"uv":{"down":{"uv":[8.1139,12.562],"uv_size":[-0.2315,-0.0308]},"east":{"uv":[8.0299,12.9693],"uv_size":[0.0289,0.0308]},"north":{"uv":[7.8861,12.9693],"uv_size":[0.2315,0.0308]},"west":{"uv":[7.9416,12.9693],"uv_size":[0.0289,0.0308]}}},{"origin":[-1.5,13.5,0],"size":[3.5,0.5,0.5],"uv":{"down":{"uv":[13.732,11.4995],"uv_size":[-0.2026,-0.0308]},"east":{"uv":[9.8534,12.1255],"uv_size":[0.0289,0.0308]},"north":{"uv":[13.5621,11.1255],"uv_size":[0.2026,0.0308]},"south":{"uv":[13.5327,11.1255],"uv_size":[0.2026,0.0308]},"up":{"uv":[13.732,11.5308],"uv_size":[-0.2026,-0.0308]},"west":{"uv":[13.6475,11.1255],"uv_size":[0.0289,0.0308]}}},{"origin":[-1.5,12.5,0.5],"size":[3.5,1,0.5],"uv":{"down":{"uv":[13.732,11.4683],"uv_size":[-0.2026,-0.0308]},"east":{"uv":[9.824,12.1573],"uv_size":[0.0289,0.0615]},"north":{"uv":[13.5621,11.1573],"uv_size":[0.2026,0.0615]},"south":{"uv":[13.5327,11.1573],"uv_size":[0.2026,0.0615]},"up":{"uv":[13.732,11.562],"uv_size":[-0.2026,-0.0308]},"west":{"uv":[13.6769,11.1573],"uv_size":[0.0289,0.0615]}}},{"origin":[-2,0,1.5],"size":[4,0.5,0.5],"uv":{"down":{"uv":[8.1139,12.4058],"uv_size":[-0.2315,-0.0308]},"east":{"uv":[7.8828,12.9693],"uv_size":[0.0289,0.0308]},"south":{"uv":[7.8861,12.9693],"uv_size":[0.2315,0.0308]},"west":{"uv":[8.0887,12.9693],"uv_size":[0.0289,0.0308]}}},{"origin":[-2,1,2.5],"size":[4,1.5,0.5],"uv":{"down":{"uv":[8.1139,12.3433],"uv_size":[-0.2315,-0.0308]},"east":{"uv":[7.824,12.8453],"uv_size":[0.0289,0.0923]},"south":{"uv":[7.8861,12.8453],"uv_size":[0.2315,0.0923]},"west":{"uv":[8.1475,12.8453],"uv_size":[0.0289,0.0923]}}},{"origin":[-2,9,2.5],"size":[4,1,0.5],"uv":{"east":{"uv":[7.824,12.376],"uv_size":[0.0289,0.0615]},"south":{"uv":[7.8861,12.376],"uv_size":[0.2315,0.0615]},"up":{"uv":[8.1139,12.687],"uv_size":[-0.2315,-0.0308]},"west":{"uv":[8.1475,12.376],"uv_size":[0.0289,0.0615]}}},{"origin":[-2,2.5,3],"size":[4,0.5,0.5],"uv":{"down":{"uv":[8.1139,12.312],"uv_size":[-0.2315,-0.0308]},"east":{"uv":[7.7946,12.813],"uv_size":[0.0289,0.0308]},"south":{"uv":[7.8861,12.813],"uv_size":[0.2315,0.0308]},"west":{"uv":[8.1769,12.813],"uv_size":[0.0289,0.0308]}}},{"origin":[-2,3,3.5],"size":[4,1,0.5],"uv":{"down":{"uv":[8.1139,12.2808],"uv_size":[-0.2315,-0.0308]},"east":{"uv":[7.7652,12.751],"uv_size":[0.0289,0.0615]},"south":{"uv":[7.8861,12.751],"uv_size":[0.2315,0.0615]},"west":{"uv":[8.2064,12.751],"uv_size":[0.0289,0.0615]}}},{"origin":[-2,5,3.5],"size":[4,1,0.5],"uv":{"east":{"uv":[7.7652,12.626],"uv_size":[0.0289,0.0615]},"south":{"uv":[7.8861,12.626],"uv_size":[0.2315,0.0615]},"west":{"uv":[8.2064,12.626],"uv_size":[0.0289,0.0615]}}},{"origin":[-2,7,3.5],"size":[4,1.5,0.5],"uv":{"east":{"uv":[7.7652,12.4703],"uv_size":[0.0289,0.0923]},"south":{"uv":[7.8861,12.4703],"uv_size":[0.2315,0.0923]},"up":{"uv":[8.1139,12.7495],"uv_size":[-0.2315,-0.0308]},"west":{"uv":[8.2064,12.4703],"uv_size":[0.0289,0.0923]}}},{"origin":[-1.5,11.5,-4],"size":[3,0.5,6.5],"uv":{"down":{"uv":[9.9678,12.7435],"uv_size":[-0.1736,-0.3998]},"east":{"uv":[9.7414,12.2505],"uv_size":[0.3762,0.0308]},"north":{"uv":[9.7969,12.2505],"uv_size":[0.1736,0.0308]},"south":{"uv":[9.7969,12.2505],"uv_size":[0.1736,0.0308]},"up":{"uv":[9.9678,12.6497],"uv_size":[-0.1736,-0.3998]},"west":{"uv":[9.6532,12.2505],"uv_size":[0.3762,0.0308]}}},{"origin":[-1.5,4.5,-3.5],"size":[3,0.5,0.5],"uv":{"down":{"uv":[8.0854,12.7183],"uv_size":[-0.1736,-0.0308]},"east":{"uv":[8.1769,12.688],"uv_size":[0.0289,0.0308]},"north":{"uv":[7.9146,12.688],"uv_size":[0.1736,0.0308]},"up":{"uv":[8.0854,12.312],"uv_size":[-0.1736,-0.0308]},"west":{"uv":[7.7946,12.688],"uv_size":[0.0289,0.0308]}}},{"origin":[-1.5,6,-3.5],"size":[3,0.5,0.5],"uv":{"down":{"uv":[8.0854,12.7183],"uv_size":[-0.1736,-0.0308]},"east":{"uv":[8.1769,12.5943],"uv_size":[0.0289,0.0308]},"north":{"uv":[7.9146,12.5943],"uv_size":[0.1736,0.0308]},"up":{"uv":[8.0854,12.312],"uv_size":[-0.1736,-0.0308]},"west":{"uv":[7.7946,12.5943],"uv_size":[0.0289,0.0308]}}},{"origin":[-1,11,-3.5],"size":[2.5,0.5,1.5],"uv":{"down":{"uv":[9.9388,12.7173],"uv_size":[-0.1447,-0.0923]},"east":{"uv":[10.0014,12.2818],"uv_size":[0.0868,0.0308]},"north":{"uv":[9.8259,12.2818],"uv_size":[0.1447,0.0308]},"south":{"uv":[9.7965,12.2818],"uv_size":[0.1447,0.0308]},"west":{"uv":[9.6779,12.2818],"uv_size":[0.0868,0.0308]}}},{"origin":[-1.5,12,-3.5],"size":[3,0.5,4.5],"uv":{"east":{"uv":[9.8278,12.2193],"uv_size":[0.2605,0.0308]},"north":{"uv":[9.7969,12.2193],"uv_size":[0.1736,0.0308]},"up":{"uv":[9.9678,12.558],"uv_size":[-0.1736,-0.2768]},"west":{"uv":[9.6807,12.2193],"uv_size":[0.2605,0.0308]}}},{"origin":[-1.5,12.5,-3.5],"size":[3,1,0.5],"uv":{"east":{"uv":[10.0593,12.1573],"uv_size":[0.0289,0.0615]},"north":{"uv":[9.7969,12.1573],"uv_size":[0.1736,0.0615]},"up":{"uv":[9.9678,12.312],"uv_size":[-0.1736,-0.0308]},"west":{"uv":[9.6769,12.1573],"uv_size":[0.0289,0.0615]}}},{"origin":[-1.5,13.5,-3],"size":[3,1,0.5],"uv":{"east":{"uv":[10.0299,12.0948],"uv_size":[0.0289,0.0615]},"north":{"uv":[9.7969,12.0948],"uv_size":[0.1736,0.0615]},"south":{"uv":[9.7969,12.0948],"uv_size":[0.1736,0.0615]},"up":{"uv":[9.9678,12.3433],"uv_size":[-0.1736,-0.0308]},"west":{"uv":[9.7064,12.0948],"uv_size":[0.0289,0.0615]}}},{"origin":[-1.5,1,-2.5],"size":[3,0.5,0.5],"uv":{"down":{"uv":[8.0854,12.6558],"uv_size":[-0.1736,-0.0308]},"east":{"uv":[8.1181,12.9068],"uv_size":[0.0289,0.0308]},"north":{"uv":[7.9146,12.9068],"uv_size":[0.1736,0.0308]},"west":{"uv":[7.8534,12.9068],"uv_size":[0.0289,0.0308]}}},{"origin":[-1.5,2,-2.5],"size":[3,0.5,0.5],"uv":{"east":{"uv":[8.1181,12.8443],"uv_size":[0.0289,0.0308]},"north":{"uv":[7.9146,12.8443],"uv_size":[0.1736,0.0308]},"west":{"uv":[7.8534,12.8443],"uv_size":[0.0289,0.0308]}}},{"origin":[-1.5,8.5,-2.5],"size":[3,1.5,0.5],"uv":{"east":{"uv":[8.1181,12.3765],"uv_size":[0.0289,0.0923]},"north":{"uv":[7.9146,12.3765],"uv_size":[0.1736,0.0923]},"south":{"uv":[7.9146,12.3765],"uv_size":[0.1736,0.0923]},"up":{"uv":[8.0854,12.3745],"uv_size":[-0.1736,-0.0308]},"west":{"uv":[7.8534,12.3765],"uv_size":[0.0289,0.0923]}}},{"origin":[-1.5,12.5,-2.5],"size":[3,0.5,3],"uv":{"east":{"uv":[9.8558,12.188],"uv_size":[0.1736,0.0308]},"up":{"uv":[9.9678,12.5283],"uv_size":[-0.1736,-0.1845]},"west":{"uv":[9.7381,12.188],"uv_size":[0.1736,0.0308]}}},{"origin":[-1.5,14,-2.5],"size":[3,2,5],"uv":{"down":{"uv":[9.9678,12.6512],"uv_size":[-0.1736,-0.3075]},"east":{"uv":[9.74,12.002],"uv_size":[0.2894,0.123]},"north":{"uv":[9.7969,12.002],"uv_size":[0.1736,0.123]},"south":{"uv":[9.7969,12.002],"uv_size":[0.1736,0.123]},"up":{"uv":[9.9678,12.6512],"uv_size":[-0.1736,-0.3075]},"west":{"uv":[9.74,12.002],"uv_size":[0.2894,0.123]}}},{"origin":[-1.5,0.5,-2],"size":[3,0.5,0.5],"uv":{"down":{"uv":[8.0854,12.6245],"uv_size":[-0.1736,-0.0308]},"east":{"uv":[8.0887,12.938],"uv_size":[0.0289,0.0308]},"north":{"uv":[7.9146,12.938],"uv_size":[0.1736,0.0308]},"west":{"uv":[7.8828,12.938],"uv_size":[0.0289,0.0308]}}},{"origin":[-1.5,10,-2],"size":[3,1,1],"uv":{"down":{"uv":[8.0854,12.624],"uv_size":[-0.1736,-0.0615]},"east":{"uv":[8.0598,12.3135],"uv_size":[0.0579,0.0615]},"north":{"uv":[7.9146,12.3135],"uv_size":[0.1736,0.0615]},"south":{"uv":[7.9146,12.3135],"uv_size":[0.1736,0.0615]},"up":{"uv":[8.0854,12.4365],"uv_size":[-0.1736,-0.0615]},"west":{"uv":[7.8833,12.3135],"uv_size":[0.0579,0.0615]}}},{"origin":[-1.5,13,-2],"size":[3,0.5,2.5],"uv":{"east":{"uv":[9.8553,12.1568],"uv_size":[0.1447,0.0308]},"up":{"uv":[9.9678,12.5288],"uv_size":[-0.1736,-0.1538]},"west":{"uv":[9.7671,12.1568],"uv_size":[0.1447,0.0308]}}},{"origin":[-1.5,13.5,-2],"size":[3,0.5,2],"uv":{"east":{"uv":[9.8842,12.1255],"uv_size":[0.1158,0.0308]},"west":{"uv":[9.7666,12.1255],"uv_size":[0.1158,0.0308]}}},{"origin":[-1.5,0,-1.5],"size":[3,0.5,0.5],"uv":{"down":{"uv":[8.0854,12.5933],"uv_size":[-0.1736,-0.0308]},"east":{"uv":[8.0593,12.9693],"uv_size":[0.0289,0.0308]},"north":{"uv":[7.9146,12.9693],"uv_size":[0.1736,0.0308]},"west":{"uv":[7.9122,12.9693],"uv_size":[0.0289,0.0308]}}},{"origin":[-1.5,11,-0.5],"size":[3,0.5,2],"uv":{"down":{"uv":[8.0854,12.5293],"uv_size":[-0.1736,-0.123]},"east":{"uv":[7.9136,12.2818],"uv_size":[0.1158,0.0308]},"north":{"uv":[7.9146,12.2818],"uv_size":[0.1736,0.0308]},"south":{"uv":[7.9146,12.2818],"uv_size":[0.1736,0.0308]},"west":{"uv":[7.9725,12.2818],"uv_size":[0.1158,0.0308]}}},{"origin":[-1.5,13.5,0.5],"size":[3,0.5,2],"uv":{"down":{"uv":[9.9678,12.4668],"uv_size":[-0.1736,-0.123]},"east":{"uv":[9.7372,12.1255],"uv_size":[0.1158,0.0308]},"south":{"uv":[9.7969,12.1255],"uv_size":[0.1736,0.0308]},"west":{"uv":[9.9136,12.1255],"uv_size":[0.1158,0.0308]}}},{"origin":[-1.5,12.5,1],"size":[3,1,1.5],"uv":{"down":{"uv":[9.9678,12.436],"uv_size":[-0.1736,-0.0923]},"east":{"uv":[9.7367,12.1573],"uv_size":[0.0868,0.0615]},"south":{"uv":[9.7969,12.1573],"uv_size":[0.1736,0.0615]},"west":{"uv":[9.9426,12.1573],"uv_size":[0.0868,0.0615]}}},{"origin":[-1.5,12,1.5],"size":[3,0.5,1],"uv":{"east":{"uv":[9.7362,12.2193],"uv_size":[0.0579,0.0308]},"south":{"uv":[9.7969,12.2193],"uv_size":[0.1736,0.0308]},"west":{"uv":[9.9715,12.2193],"uv_size":[0.0579,0.0308]}}},{"origin":[-1.5,0,2],"size":[3,1,0.5],"uv":{"down":{"uv":[8.0854,12.3745],"uv_size":[-0.1736,-0.0308]},"east":{"uv":[7.8534,12.9385],"uv_size":[0.0289,0.0615]},"north":{"uv":[7.9146,12.9385],"uv_size":[0.1736,0.0615]},"south":{"uv":[7.9146,12.9385],"uv_size":[0.1736,0.0615]},"west":{"uv":[8.1181,12.9385],"uv_size":[0.0289,0.0615]}}},{"origin":[-1.5,10,2],"size":[3,1,1],"uv":{"down":{"uv":[8.0854,12.374],"uv_size":[-0.1736,-0.0615]},"east":{"uv":[7.8245,12.3135],"uv_size":[0.0579,0.0615]},"north":{"uv":[7.9146,12.3135],"uv_size":[0.1736,0.0615]},"south":{"uv":[7.9146,12.3135],"uv_size":[0.1736,0.0615]},"up":{"uv":[8.0854,12.6865],"uv_size":[-0.1736,-0.0615]},"west":{"uv":[8.1186,12.3135],"uv_size":[0.0579,0.0615]}}},{"origin":[-1.5,0.5,2.5],"size":[3,0.5,0.5],"uv":{"down":{"uv":[8.0854,12.3433],"uv_size":[-0.1736,-0.0308]},"east":{"uv":[7.824,12.938],"uv_size":[0.0289,0.0308]},"south":{"uv":[7.9146,12.938],"uv_size":[0.1736,0.0308]},"west":{"uv":[8.1475,12.938],"uv_size":[0.0289,0.0308]}}},{"origin":[-1.5,1,3],"size":[3,1.5,0.5],"uv":{"down":{"uv":[8.0854,12.312],"uv_size":[-0.1736,-0.0308]},"east":{"uv":[7.7946,12.8453],"uv_size":[0.0289,0.0923]},"south":{"uv":[7.9146,12.8453],"uv_size":[0.1736,0.0923]},"west":{"uv":[8.1769,12.8453],"uv_size":[0.0289,0.0923]}}},{"origin":[-1.5,8.5,3],"size":[3,1.5,0.5],"uv":{"east":{"uv":[7.7946,12.3765],"uv_size":[0.0289,0.0923]},"north":{"uv":[7.9146,12.3765],"uv_size":[0.1736,0.0923]},"south":{"uv":[7.9146,12.3765],"uv_size":[0.1736,0.0923]},"up":{"uv":[8.0854,12.7183],"uv_size":[-0.1736,-0.0308]},"west":{"uv":[8.1769,12.3765],"uv_size":[0.0289,0.0923]}}},{"origin":[-1,8.5,-4.5],"size":[2,1.5,1.5],"uv":{"down":{"uv":[9.9393,12.7798],"uv_size":[-0.1158,-0.0923]},"east":{"uv":[10.0602,12.3765],"uv_size":[0.0868,0.0923]},"north":{"uv":[9.8254,12.3765],"uv_size":[0.1158,0.0923]},"south":{"uv":[9.8254,12.3765],"uv_size":[0.1158,0.0923]},"up":{"uv":[9.9393,12.311],"uv_size":[-0.1158,-0.0923]},"west":{"uv":[9.6191,12.3765],"uv_size":[0.0868,0.0923]}}},{"origin":[-1,10,-4],"size":[2,0.5,2],"uv":{"down":{"uv":[9.9393,12.748],"uv_size":[-0.1158,-0.123]},"east":{"uv":[10.0019,12.3443],"uv_size":[0.1158,0.0308]},"north":{"uv":[9.8254,12.3443],"uv_size":[0.1158,0.0308]},"up":{"uv":[9.9393,12.373],"uv_size":[-0.1158,-0.123]},"west":{"uv":[9.6489,12.3443],"uv_size":[0.1158,0.0308]}}},{"origin":[-1,10.5,-4],"size":[2,0.5,1.5],"uv":{"east":{"uv":[10.0308,12.313],"uv_size":[0.0868,0.0308]},"north":{"uv":[9.8254,12.313],"uv_size":[0.1158,0.0308]},"south":{"uv":[9.8254,12.313],"uv_size":[0.1158,0.0308]},"up":{"uv":[9.9393,12.3423],"uv_size":[-0.1158,-0.0923]},"west":{"uv":[9.6485,12.313],"uv_size":[0.0868,0.0308]}}},{"origin":[-1,11,-4],"size":[2,0.5,0.5],"uv":{"east":{"uv":[10.0887,12.2818],"uv_size":[0.0289,0.0308]},"north":{"uv":[9.8254,12.2818],"uv_size":[0.1158,0.0308]},"west":{"uv":[9.6475,12.2818],"uv_size":[0.0289,0.0308]}}},{"origin":[-1,3,-3.5],"size":[2,1.5,0.5],"uv":{"down":{"uv":[8.0569,12.7183],"uv_size":[-0.1158,-0.0308]},"east":{"uv":[8.1769,12.7203],"uv_size":[0.0289,0.0923]},"north":{"uv":[7.9431,12.7203],"uv_size":[0.1158,0.0923]},"south":{"uv":[7.9431,12.7203],"uv_size":[0.1158,0.0923]},"west":{"uv":[7.7946,12.7203],"uv_size":[0.0289,0.0923]}}},{"origin":[-1,5,-3.5],"size":[2,0.5,0.5],"uv":{"east":{"uv":[8.1769,12.6568],"uv_size":[0.0289,0.0308]},"north":{"uv":[7.9431,12.6568],"uv_size":[0.1158,0.0308]},"up":{"uv":[8.0569,12.312],"uv_size":[-0.1158,-0.0308]},"west":{"uv":[7.7946,12.6568],"uv_size":[0.0289,0.0308]}}},{"origin":[-1,6.5,-3.5],"size":[2,1.5,0.5],"uv":{"east":{"uv":[8.1769,12.5015],"uv_size":[0.0289,0.0923]},"north":{"uv":[7.9431,12.5015],"uv_size":[0.1158,0.0923]},"south":{"uv":[7.9431,12.5015],"uv_size":[0.1158,0.0923]},"up":{"uv":[8.0569,12.312],"uv_size":[-0.1158,-0.0308]},"west":{"uv":[7.7946,12.5015],"uv_size":[0.0289,0.0923]}}},{"origin":[-1,2.5,-3],"size":[2,0.5,0.5],"uv":{"down":{"uv":[8.0569,12.687],"uv_size":[-0.1158,-0.0308]},"east":{"uv":[8.1475,12.813],"uv_size":[0.0289,0.0308]},"north":{"uv":[7.9431,12.813],"uv_size":[0.1158,0.0308]},"west":{"uv":[7.824,12.813],"uv_size":[0.0289,0.0308]}}},{"origin":[-1,9.5,-3],"size":[2,0.5,0.5],"uv":{"down":{"uv":[9.9393,12.687],"uv_size":[-0.1158,-0.0308]},"east":{"uv":[10.0299,12.3755],"uv_size":[0.0289,0.0308]},"west":{"uv":[9.7064,12.3755],"uv_size":[0.0289,0.0308]}}},{"origin":[-1,0.5,-2.5],"size":[2,0.5,0.5],"uv":{"down":{"uv":[8.0569,12.6558],"uv_size":[-0.1158,-0.0308]},"east":{"uv":[8.1181,12.938],"uv_size":[0.0289,0.0308]},"north":{"uv":[7.9431,12.938],"uv_size":[0.1158,0.0308]},"west":{"uv":[7.8534,12.938],"uv_size":[0.0289,0.0308]}}},{"origin":[-1,0,-2],"size":[2,0.5,0.5],"uv":{"down":{"uv":[8.0569,12.6245],"uv_size":[-0.1158,-0.0308]},"east":{"uv":[8.0887,12.9693],"uv_size":[0.0289,0.0308]},"north":{"uv":[7.9431,12.9693],"uv_size":[0.1158,0.0308]},"west":{"uv":[7.8828,12.9693],"uv_size":[0.0289,0.0308]}}},{"origin":[-1,11,-1],"size":[2,0.5,0.5],"uv":{"east":{"uv":[9.9122,12.2818],"uv_size":[0.0289,0.0308]},"north":{"uv":[9.8254,12.2818],"uv_size":[0.1158,0.0308]},"west":{"uv":[9.824,12.2818],"uv_size":[0.0289,0.0308]}}},{"origin":[-1,11,1.5],"size":[2,0.5,0.5],"uv":{"east":{"uv":[9.7652,12.2818],"uv_size":[0.0289,0.0308]},"south":{"uv":[9.8254,12.2818],"uv_size":[0.1158,0.0308]},"west":{"uv":[9.9711,12.2818],"uv_size":[0.0289,0.0308]}}},{"origin":[-1,0,2.5],"size":[2,0.5,0.5],"uv":{"down":{"uv":[8.0569,12.3433],"uv_size":[-0.1158,-0.0308]},"east":{"uv":[7.824,12.9693],"uv_size":[0.0289,0.0308]},"south":{"uv":[7.9431,12.9693],"uv_size":[0.1158,0.0308]},"west":{"uv":[8.1475,12.9693],"uv_size":[0.0289,0.0308]}}},{"origin":[0,10,3],"size":[1,0.5,0.5],"uv":{"east":{"uv":[7.7946,12.3443],"uv_size":[0.0289,0.0308]},"south":{"uv":[7.9421,12.3443],"uv_size":[0.0579,0.0308]},"up":{"uv":[7.9991,12.7183],"uv_size":[-0.0579,-0.0308]},"west":{"uv":[8.1769,12.3443],"uv_size":[0.0289,0.0308]}}},{"origin":[-1,2.5,3.5],"size":[2,0.5,0.5],"uv":{"down":{"uv":[8.0569,12.2808],"uv_size":[-0.1158,-0.0308]},"east":{"uv":[7.7652,12.813],"uv_size":[0.0289,0.0308]},"south":{"uv":[7.9431,12.813],"uv_size":[0.1158,0.0308]},"west":{"uv":[8.2064,12.813],"uv_size":[0.0289,0.0308]}}},{"origin":[-1,3.5,4],"size":[2,2,0.5],"uv":{"down":{"uv":[8.0569,12.2495],"uv_size":[-0.1158,-0.0308]},"east":{"uv":[7.7358,12.6583],"uv_size":[0.0289,0.123]},"north":{"uv":[7.9431,12.6583],"uv_size":[0.1158,0.123]},"south":{"uv":[7.9431,12.6583],"uv_size":[0.1158,0.123]},"up":{"uv":[8.0569,12.7808],"uv_size":[-0.1158,-0.0308]},"west":{"uv":[8.2358,12.6583],"uv_size":[0.0289,0.123]}}},{"origin":[-1,6,4],"size":[2,2,0.5],"uv":{"down":{"uv":[8.0569,12.2495],"uv_size":[-0.1158,-0.0308]},"east":{"uv":[7.7358,12.502],"uv_size":[0.0289,0.123]},"north":{"uv":[7.9431,12.502],"uv_size":[0.1158,0.123]},"south":{"uv":[7.9431,12.502],"uv_size":[0.1158,0.123]},"up":{"uv":[8.0569,12.7808],"uv_size":[-0.1158,-0.0308]},"west":{"uv":[8.2358,12.502],"uv_size":[0.0289,0.123]}}},{"origin":[-0.5,5.5,-4.5],"size":[1,0.5,1.5],"uv":{"down":{"uv":[9.9108,12.7798],"uv_size":[-0.0579,-0.0923]},"east":{"uv":[10.0602,12.6255],"uv_size":[0.0868,0.0308]},"north":{"uv":[9.8539,12.6255],"uv_size":[0.0579,0.0308]},"up":{"uv":[9.9108,12.311],"uv_size":[-0.0579,-0.0923]},"west":{"uv":[9.6191,12.6255],"uv_size":[0.0868,0.0308]}}},{"origin":[-0.5,6,-4.5],"size":[1,2.5,1],"uv":{"east":{"uv":[10.0892,12.4713],"uv_size":[0.0579,0.1538]},"north":{"uv":[9.8539,12.4713],"uv_size":[0.0579,0.1538]},"south":{"uv":[9.8539,12.4713],"uv_size":[0.0579,0.1538]},"west":{"uv":[9.6186,12.4713],"uv_size":[0.0579,0.1538]}}},{"origin":[-0.5,8,-3.5],"size":[1,0.5,0.5],"uv":{"east":{"uv":[8.1769,12.4693],"uv_size":[0.0289,0.0308]},"west":{"uv":[7.7946,12.4693],"uv_size":[0.0289,0.0308]}}},{"origin":[-0.5,2,-3],"size":[1,0.5,0.5],"uv":{"down":{"uv":[8.0285,12.687],"uv_size":[-0.0579,-0.0308]},"east":{"uv":[8.1475,12.8443],"uv_size":[0.0289,0.0308]},"north":{"uv":[7.9715,12.8443],"uv_size":[0.0579,0.0308]},"west":{"uv":[7.824,12.8443],"uv_size":[0.0289,0.0308]}}},{"origin":[-0.5,8.5,-3],"size":[1,1,0.5],"uv":{"east":{"uv":[8.1475,12.4073],"uv_size":[0.0289,0.0615]},"west":{"uv":[7.824,12.4073],"uv_size":[0.0289,0.0615]}}},{"origin":[0,0.5,3],"size":[0.5,0.5,0.5],"uv":{"down":{"uv":[7.9995,12.312],"uv_size":[-0.0289,-0.0308]},"east":{"uv":[7.7946,12.938],"uv_size":[0.0289,0.0308]},"south":{"uv":[7.9711,12.938],"uv_size":[0.0289,0.0308]},"west":{"uv":[8.1769,12.938],"uv_size":[0.0289,0.0308]}}},{"origin":[0,3,4],"size":[0.5,0.5,0.5],"uv":{"down":{"uv":[7.9995,12.2495],"uv_size":[-0.0289,-0.0308]},"east":{"uv":[7.7358,12.7818],"uv_size":[0.0289,0.0308]},"south":{"uv":[7.9711,12.7818],"uv_size":[0.0289,0.0308]},"west":{"uv":[8.2358,12.7818],"uv_size":[0.0289,0.0308]}}},{"origin":[-0.5,5.5,4],"size":[1,0.5,0.5],"uv":{"east":{"uv":[7.7358,12.6255],"uv_size":[0.0289,0.0308]},"south":{"uv":[7.9715,12.6255],"uv_size":[0.0579,0.0308]},"west":{"uv":[8.2358,12.6255],"uv_size":[0.0289,0.0308]}}},{"origin":[-1.5,14.5,-3],"size":[1,0.5,0.5],"uv":{"east":{"uv":[10.0299,12.063],"uv_size":[0.0289,0.0308]},"north":{"uv":[9.7951,12.063],"uv_size":[0.0579,0.0308]},"up":{"uv":[9.9696,12.3433],"uv_size":[-0.0579,-0.0308]},"west":{"uv":[9.7064,12.063],"uv_size":[0.0289,0.0308]}}},{"origin":[-1,10,3],"size":[0.5,0.5,0.5],"uv":{"east":{"uv":[7.7946,12.3443],"uv_size":[0.0289,0.0308]},"south":{"uv":[8.0299,12.3443],"uv_size":[0.0289,0.0308]},"up":{"uv":[8.0584,12.7183],"uv_size":[-0.0289,-0.0308]},"west":{"uv":[8.1769,12.3443],"uv_size":[0.0289,0.0308]}}},{"origin":[-1,3,4],"size":[0.5,0.5,0.5],"uv":{"down":{"uv":[8.0584,12.2495],"uv_size":[-0.0289,-0.0308]},"east":{"uv":[7.7358,12.7818],"uv_size":[0.0289,0.0308]},"south":{"uv":[8.0299,12.7818],"uv_size":[0.0289,0.0308]},"west":{"uv":[8.2358,12.7818],"uv_size":[0.0289,0.0308]}}},{"origin":[-1.5,11,-3],"size":[0.5,0.5,1],"uv":{"down":{"uv":[9.9701,12.6865],"uv_size":[-0.0289,-0.0615]},"east":{"uv":[10.0009,12.2818],"uv_size":[0.0579,0.0308]},"north":{"uv":[9.7946,12.2818],"uv_size":[0.0289,0.0308]},"south":{"uv":[9.9416,12.2818],"uv_size":[0.0289,0.0308]}}},{"origin":[-1.5,4.5,4],"size":[0.5,0.5,0.5],"uv":{"down":{"uv":[8.0878,12.2495],"uv_size":[-0.0289,-0.0308]},"east":{"uv":[7.7358,12.688],"uv_size":[0.0289,0.0308]},"south":{"uv":[8.0593,12.688],"uv_size":[0.0289,0.0308]},"up":{"uv":[8.0878,12.7808],"uv_size":[-0.0289,-0.0308]}}},{"origin":[-1.5,6,4],"size":[0.5,0.5,0.5],"uv":{"down":{"uv":[8.0878,12.2495],"uv_size":[-0.0289,-0.0308]},"east":{"uv":[7.7358,12.5943],"uv_size":[0.0289,0.0308]},"south":{"uv":[8.0593,12.5943],"uv_size":[0.0289,0.0308]},"up":{"uv":[8.0878,12.7808],"uv_size":[-0.0289,-0.0308]}}},{"origin":[-2,9,-2.5],"size":[0.5,0.5,0.5],"uv":{"down":{"uv":[8.1172,12.6558],"uv_size":[-0.0289,-0.0308]},"east":{"uv":[8.1181,12.4068],"uv_size":[0.0289,0.0308]},"north":{"uv":[7.8828,12.4068],"uv_size":[0.0289,0.0308]},"up":{"uv":[8.1172,12.3745],"uv_size":[-0.0289,-0.0308]}}},{"origin":[-2,0.5,2],"size":[0.5,0.5,0.5],"uv":{"down":{"uv":[8.1172,12.3745],"uv_size":[-0.0289,-0.0308]},"east":{"uv":[7.8534,12.938],"uv_size":[0.0289,0.0308]},"south":{"uv":[8.0887,12.938],"uv_size":[0.0289,0.0308]}}},{"origin":[-2.5,7,-3],"size":[0.5,0.5,0.5],"uv":{"east":{"uv":[8.1475,12.5318],"uv_size":[0.0289,0.0308]},"north":{"uv":[7.8534,12.5318],"uv_size":[0.0289,0.0308]},"up":{"uv":[8.1466,12.3433],"uv_size":[-0.0289,-0.0308]}}},{"origin":[-2.5,2,2.5],"size":[0.5,0.5,0.5],"uv":{"down":{"uv":[8.1466,12.3433],"uv_size":[-0.0289,-0.0308]},"east":{"uv":[7.824,12.8443],"uv_size":[0.0289,0.0308]},"south":{"uv":[8.1181,12.8443],"uv_size":[0.0289,0.0308]}}},{"origin":[-3,2.5,-1.5],"size":[0.5,0.5,1],"uv":{"down":{"uv":[8.176,12.5928],"uv_size":[-0.0289,-0.0615]},"east":{"uv":[8.0304,12.813],"uv_size":[0.0579,0.0308]},"north":{"uv":[7.824,12.813],"uv_size":[0.0289,0.0308]}}},{"origin":[-3,9,-1],"size":[0.5,0.5,3],"uv":{"down":{"uv":[8.176,12.5595],"uv_size":[-0.0289,-0.1845]},"east":{"uv":[7.8852,12.4068],"uv_size":[0.1736,0.0308]},"north":{"uv":[7.824,12.4068],"uv_size":[0.0289,0.0308]},"south":{"uv":[8.1475,12.4068],"uv_size":[0.0289,0.0308]}}},{"origin":[-3,0.5,-0.5],"size":[0.5,0.5,0.5],"uv":{"down":{"uv":[8.176,12.5308],"uv_size":[-0.0289,-0.0308]},"east":{"uv":[8.0005,12.938],"uv_size":[0.0289,0.0308]},"north":{"uv":[7.824,12.938],"uv_size":[0.0289,0.0308]},"south":{"uv":[8.1475,12.938],"uv_size":[0.0289,0.0308]}}},{"origin":[-3,10,-0.5],"size":[0.5,0.5,0.5],"uv":{"east":{"uv":[8.0005,12.3443],"uv_size":[0.0289,0.0308]},"north":{"uv":[7.824,12.3443],"uv_size":[0.0289,0.0308]},"south":{"uv":[8.1475,12.3443],"uv_size":[0.0289,0.0308]},"up":{"uv":[8.176,12.4995],"uv_size":[-0.0289,-0.0308]}}},{"origin":[-3,0.5,0.5],"size":[0.5,0.5,0.5],"uv":{"down":{"uv":[8.176,12.4683],"uv_size":[-0.0289,-0.0308]},"east":{"uv":[7.9416,12.938],"uv_size":[0.0289,0.0308]},"north":{"uv":[7.824,12.938],"uv_size":[0.0289,0.0308]},"south":{"uv":[8.1475,12.938],"uv_size":[0.0289,0.0308]}}},{"origin":[-3,10,0.5],"size":[0.5,0.5,0.5],"uv":{"east":{"uv":[7.9416,12.3443],"uv_size":[0.0289,0.0308]},"north":{"uv":[7.824,12.3443],"uv_size":[0.0289,0.0308]},"up":{"uv":[8.176,12.562],"uv_size":[-0.0289,-0.0308]}}},{"origin":[-4,6,-1],"size":[0.5,0.5,2.5],"uv":{"down":{"uv":[8.2348,12.56],"uv_size":[-0.0289,-0.1538]},"east":{"uv":[7.9141,12.5943],"uv_size":[0.1447,0.0308]},"north":{"uv":[7.7652,12.5943],"uv_size":[0.0289,0.0308]},"south":{"uv":[8.2064,12.5943],"uv_size":[0.0289,0.0308]},"up":{"uv":[8.2348,12.5913],"uv_size":[-0.0289,-0.1538]}}},{"origin":[-4,3,-0.5],"size":[0.5,0.5,0.5],"uv":{"down":{"uv":[8.2348,12.5308],"uv_size":[-0.0289,-0.0308]},"east":{"uv":[8.0005,12.7818],"uv_size":[0.0289,0.0308]},"north":{"uv":[7.7652,12.7818],"uv_size":[0.0289,0.0308]},"south":{"uv":[8.2064,12.7818],"uv_size":[0.0289,0.0308]}}},{"origin":[-4,3,0.5],"size":[0.5,0.5,0.5],"uv":{"down":{"uv":[8.2348,12.4683],"uv_size":[-0.0289,-0.0308]},"east":{"uv":[7.9416,12.7818],"uv_size":[0.0289,0.0308]},"north":{"uv":[7.7652,12.7818],"uv_size":[0.0289,0.0308]},"south":{"uv":[8.2064,12.7818],"uv_size":[0.0289,0.0308]}}}],"name":"geyser_custom_z","parent":"geyser_custom_y","pivot":[0,8,0]}],"description":{"identifier":"geometry.geyser_custom.geo_e765852","texture_height":16,"texture_width":16,"visible_bounds_height":4.5,"visible_bounds_offset":[0,0.75,0],"visible_bounds_width":4}}]}