{"format_version":"1.16.0","minecraft:geometry":[{"bones":[{"binding":"c.item_slot == 'head' ? 'head' : q.item_slot_to_bone_name(c.item_slot)","name":"geyser_custom","pivot":[0,8,0]},{"name":"geyser_custom_x","parent":"geyser_custom","pivot":[0,8,0]},{"name":"geyser_custom_y","parent":"geyser_custom_x","pivot":[0,8,0]},{"cubes":[{"origin":[-2.75,3,-0.75],"size":[5.75,1.5,1.75],"uv":{"down":{"uv":[15.6858,10.5451],"uv_size":[-0.3328,-0.1076]},"east":{"uv":[15.4722,10.7203],"uv_size":[0.1013,0.0923]},"north":{"uv":[15.3731,10.7203],"uv_size":[0.3328,0.0923]},"south":{"uv":[15.3584,10.7203],"uv_size":[0.3328,0.0923]},"up":{"uv":[15.6858,10.5608],"uv_size":[-0.3328,-0.1076]},"west":{"uv":[15.4869,10.7203],"uv_size":[0.1013,0.0923]}}},{"origin":[-2.5,3,-1.25],"size":[5.25,1.5,0.5],"uv":{"down":{"uv":[15.6715,10.5776],"uv_size":[-0.3039,-0.0308]},"east":{"uv":[15.574,10.7203],"uv_size":[0.0289,0.0923]},"north":{"uv":[15.3873,10.7203],"uv_size":[0.3039,0.0923]},"south":{"uv":[15.3726,10.7203],"uv_size":[0.3039,0.0923]},"up":{"uv":[15.6715,10.4526],"uv_size":[-0.3039,-0.0308]},"west":{"uv":[15.4564,10.7203],"uv_size":[0.0289,0.0923]}}},{"origin":[-2.5,3,1],"size":[5.25,1.5,0.5],"uv":{"down":{"uv":[15.6715,10.437],"uv_size":[-0.3039,-0.0308]},"east":{"uv":[15.4416,10.7203],"uv_size":[0.0289,0.0923]},"north":{"uv":[15.3873,10.7203],"uv_size":[0.3039,0.0923]},"south":{"uv":[15.3726,10.7203],"uv_size":[0.3039,0.0923]},"up":{"uv":[15.6715,10.5933],"uv_size":[-0.3039,-0.0308]},"west":{"uv":[15.5887,10.7203],"uv_size":[0.0289,0.0923]}}},{"origin":[-2.25,3,-1.75],"size":[4.75,1.5,0.5],"uv":{"down":{"uv":[15.6573,10.6089],"uv_size":[-0.2749,-0.0308]},"east":{"uv":[15.6034,10.7203],"uv_size":[0.0289,0.0923]},"north":{"uv":[15.4015,10.7203],"uv_size":[0.2749,0.0923]},"south":{"uv":[15.3868,10.7203],"uv_size":[0.2749,0.0923]},"up":{"uv":[15.6573,10.4214],"uv_size":[-0.2749,-0.0308]},"west":{"uv":[15.4269,10.7203],"uv_size":[0.0289,0.0923]}}},{"origin":[-2.25,3,1.5],"size":[4.75,1.5,0.5],"uv":{"down":{"uv":[15.6573,10.4058],"uv_size":[-0.2749,-0.0308]},"east":{"uv":[15.4122,10.7203],"uv_size":[0.0289,0.0923]},"north":{"uv":[15.4015,10.7203],"uv_size":[0.2749,0.0923]},"south":{"uv":[15.3868,10.7203],"uv_size":[0.2749,0.0923]},"up":{"uv":[15.6573,10.6245],"uv_size":[-0.2749,-0.0308]},"west":{"uv":[15.6181,10.7203],"uv_size":[0.0289,0.0923]}}},{"origin":[-2,3,-2],"size":[4.25,1.5,0.25],"uv":{"down":{"uv":[15.6431,10.6248],"uv_size":[-0.246,-0.0154]},"east":{"uv":[15.6326,10.7203],"uv_size":[0.0145,0.0923]},"north":{"uv":[15.4158,10.7203],"uv_size":[0.246,0.0923]},"south":{"uv":[15.4011,10.7203],"uv_size":[0.246,0.0923]},"up":{"uv":[15.6431,10.3904],"uv_size":[-0.246,-0.0154]},"west":{"uv":[15.412,10.7203],"uv_size":[0.0145,0.0923]}}},{"origin":[-2,3,2],"size":[4.25,1.5,0.25],"uv":{"down":{"uv":[15.6431,10.3748],"uv_size":[-0.246,-0.0154]},"east":{"uv":[15.3973,10.7203],"uv_size":[0.0145,0.0923]},"north":{"uv":[15.4158,10.7203],"uv_size":[0.246,0.0923]},"south":{"uv":[15.4011,10.7203],"uv_size":[0.246,0.0923]},"up":{"uv":[15.6431,10.6404],"uv_size":[-0.246,-0.0154]},"west":{"uv":[15.6473,10.7203],"uv_size":[0.0145,0.0923]}}},{"origin":[-1.75,3,-2.25],"size":[3.75,1.5,0.25],"uv":{"down":{"uv":[15.6288,10.6404],"uv_size":[-0.2171,-0.0154]},"east":{"uv":[15.6473,10.7203],"uv_size":[0.0145,0.0923]},"north":{"uv":[15.43,10.7203],"uv_size":[0.2171,0.0923]},"south":{"uv":[15.4153,10.7203],"uv_size":[0.2171,0.0923]},"up":{"uv":[15.6288,10.3748],"uv_size":[-0.2171,-0.0154]},"west":{"uv":[15.3973,10.7203],"uv_size":[0.0145,0.0923]}}},{"origin":[-1.75,3,2.25],"size":[3.75,1.5,0.25],"uv":{"down":{"uv":[15.6288,10.3591],"uv_size":[-0.2171,-0.0154]},"east":{"uv":[15.3826,10.7203],"uv_size":[0.0145,0.0923]},"north":{"uv":[15.43,10.7203],"uv_size":[0.2171,0.0923]},"south":{"uv":[15.4153,10.7203],"uv_size":[0.2171,0.0923]},"up":{"uv":[15.6288,10.656],"uv_size":[-0.2171,-0.0154]},"west":{"uv":[15.662,10.7203],"uv_size":[0.0145,0.0923]}}},{"origin":[-1.25,3,-2.5],"size":[2.75,1.5,0.25],"uv":{"down":{"uv":[15.6004,10.656],"uv_size":[-0.1592,-0.0154]},"east":{"uv":[15.662,10.7203],"uv_size":[0.0145,0.0923]},"north":{"uv":[15.4585,10.7203],"uv_size":[0.1592,0.0923]},"south":{"uv":[15.4438,10.7203],"uv_size":[0.1592,0.0923]},"up":{"uv":[15.6004,10.3591],"uv_size":[-0.1592,-0.0154]},"west":{"uv":[15.3826,10.7203],"uv_size":[0.0145,0.0923]}}},{"origin":[-1.25,3,2.5],"size":[2.75,1.5,0.25],"uv":{"down":{"uv":[15.6004,10.3435],"uv_size":[-0.1592,-0.0154]},"east":{"uv":[15.3679,10.7203],"uv_size":[0.0145,0.0923]},"north":{"uv":[15.4585,10.7203],"uv_size":[0.1592,0.0923]},"south":{"uv":[15.4438,10.7203],"uv_size":[0.1592,0.0923]},"up":{"uv":[15.6004,10.6716],"uv_size":[-0.1592,-0.0154]},"west":{"uv":[15.6767,10.7203],"uv_size":[0.0145,0.0923]}}},{"origin":[-0.75,3,-2.75],"size":[1.75,1.5,0.25],"uv":{"down":{"uv":[15.5719,10.6716],"uv_size":[-0.1013,-0.0154]},"east":{"uv":[15.6767,10.7203],"uv_size":[0.0145,0.0923]},"north":{"uv":[15.4869,10.7203],"uv_size":[0.1013,0.0923]},"south":{"uv":[15.4722,10.7203],"uv_size":[0.1013,0.0923]},"up":{"uv":[15.5719,10.3435],"uv_size":[-0.1013,-0.0154]},"west":{"uv":[15.3679,10.7203],"uv_size":[0.0145,0.0923]}}},{"origin":[-0.75,3,2.75],"size":[1.75,1.5,0.25],"uv":{"down":{"uv":[15.5719,10.3279],"uv_size":[-0.1013,-0.0154]},"east":{"uv":[15.3532,10.7203],"uv_size":[0.0145,0.0923]},"north":{"uv":[15.4869,10.7203],"uv_size":[0.1013,0.0923]},"south":{"uv":[15.4722,10.7203],"uv_size":[0.1013,0.0923]},"up":{"uv":[15.5719,10.6873],"uv_size":[-0.1013,-0.0154]},"west":{"uv":[15.6914,10.7203],"uv_size":[0.0145,0.0923]}}},{"origin":[-1.25,12.5,-2.5],"size":[0.5,0.25,0.25],"uv":{"down":{"uv":[2.426,15.656],"uv_size":[-0.0289,-0.0154]},"east":{"uv":[2.4855,15.2034],"uv_size":[0.0145,0.0154]},"north":{"uv":[2.2799,15.2034],"uv_size":[0.0289,0.0154]},"south":{"uv":[2.3975,15.2034],"uv_size":[0.0289,0.0154]},"up":{"uv":[2.426,15.3591],"uv_size":[-0.0289,-0.0154]},"west":{"uv":[2.2061,15.2034],"uv_size":[0.0145,0.0154]}}},{"origin":[-1.25,12.5,2.5],"size":[0.5,0.25,0.25],"uv":{"down":{"uv":[2.426,15.3435],"uv_size":[-0.0289,-0.0154]},"east":{"uv":[2.1914,15.2034],"uv_size":[0.0145,0.0154]},"north":{"uv":[2.2799,15.2034],"uv_size":[0.0289,0.0154]},"south":{"uv":[2.3975,15.2034],"uv_size":[0.0289,0.0154]},"up":{"uv":[2.426,15.6716],"uv_size":[-0.0289,-0.0154]},"west":{"uv":[2.5002,15.2034],"uv_size":[0.0145,0.0154]}}},{"origin":[-2.75,0,-0.75],"size":[5.75,0.5,1.75],"uv":{"down":{"uv":[2.5093,15.5451],"uv_size":[-0.3328,-0.1076]},"east":{"uv":[2.2958,15.9693],"uv_size":[0.1013,0.0308]},"north":{"uv":[2.1966,15.9693],"uv_size":[0.3328,0.0308]},"south":{"uv":[2.1819,15.9693],"uv_size":[0.3328,0.0308]},"up":{"uv":[2.5093,15.5608],"uv_size":[-0.3328,-0.1076]},"west":{"uv":[2.3105,15.9693],"uv_size":[0.1013,0.0308]}}},{"origin":[-2.75,12.25,-0.75],"size":[5.75,0.25,1.75],"uv":{"down":{"uv":[2.5093,15.5451],"uv_size":[-0.3328,-0.1076]},"east":{"uv":[2.2958,15.219],"uv_size":[0.1013,0.0154]},"north":{"uv":[2.1966,15.219],"uv_size":[0.3328,0.0154]},"south":{"uv":[2.1819,15.219],"uv_size":[0.3328,0.0154]},"up":{"uv":[2.5093,15.5608],"uv_size":[-0.3328,-0.1076]},"west":{"uv":[2.3105,15.219],"uv_size":[0.1013,0.0154]}}},{"origin":[2.75,12.5,-0.75],"size":[0.25,0.25,1.75],"uv":{"down":{"uv":[2.1909,15.5451],"uv_size":[-0.0145,-0.1076]},"east":{"uv":[2.2958,15.2034],"uv_size":[0.1013,0.0154]},"north":{"uv":[2.5149,15.2034],"uv_size":[0.0145,0.0154]},"south":{"uv":[2.1767,15.2034],"uv_size":[0.0145,0.0154]},"up":{"uv":[2.1909,15.5608],"uv_size":[-0.0145,-0.1076]},"west":{"uv":[2.3105,15.2034],"uv_size":[0.1013,0.0154]}}},{"origin":[-2.5,0,-1.25],"size":[5.25,0.5,0.5],"uv":{"down":{"uv":[2.4951,15.5776],"uv_size":[-0.3039,-0.0308]},"east":{"uv":[2.3975,15.9693],"uv_size":[0.0289,0.0308]},"north":{"uv":[2.2108,15.9693],"uv_size":[0.3039,0.0308]},"south":{"uv":[2.1961,15.9693],"uv_size":[0.3039,0.0308]},"up":{"uv":[2.4951,15.4526],"uv_size":[-0.3039,-0.0308]},"west":{"uv":[2.2799,15.9693],"uv_size":[0.0289,0.0308]}}},{"origin":[-2.5,0,1],"size":[5.25,0.5,0.5],"uv":{"down":{"uv":[2.4951,15.437],"uv_size":[-0.3039,-0.0308]},"east":{"uv":[2.2652,15.9693],"uv_size":[0.0289,0.0308]},"north":{"uv":[2.2108,15.9693],"uv_size":[0.3039,0.0308]},"south":{"uv":[2.1961,15.9693],"uv_size":[0.3039,0.0308]},"up":{"uv":[2.4951,15.5933],"uv_size":[-0.3039,-0.0308]},"west":{"uv":[2.4122,15.9693],"uv_size":[0.0289,0.0308]}}},{"origin":[-2.5,12.25,1],"size":[5.25,0.25,0.5],"uv":{"down":{"uv":[2.4951,15.437],"uv_size":[-0.3039,-0.0308]},"east":{"uv":[2.2652,15.219],"uv_size":[0.0289,0.0154]},"north":{"uv":[2.2108,15.219],"uv_size":[0.3039,0.0154]},"south":{"uv":[2.1961,15.219],"uv_size":[0.3039,0.0154]},"up":{"uv":[2.4951,15.5933],"uv_size":[-0.3039,-0.0308]},"west":{"uv":[2.4122,15.219],"uv_size":[0.0289,0.0154]}}},{"origin":[2.5,12.5,1],"size":[0.25,0.25,0.5],"uv":{"down":{"uv":[2.2056,15.437],"uv_size":[-0.0145,-0.0308]},"east":{"uv":[2.2652,15.2034],"uv_size":[0.0289,0.0154]},"north":{"uv":[2.5002,15.2034],"uv_size":[0.0145,0.0154]},"south":{"uv":[2.1914,15.2034],"uv_size":[0.0145,0.0154]},"up":{"uv":[2.2056,15.5933],"uv_size":[-0.0145,-0.0308]},"west":{"uv":[2.4122,15.2034],"uv_size":[0.0289,0.0154]}}},{"origin":[-2.5,12.25,-1.25],"size":[5.25,0.25,0.5],"uv":{"down":{"uv":[2.4951,15.5776],"uv_size":[-0.3039,-0.0308]},"east":{"uv":[2.3975,15.219],"uv_size":[0.0289,0.0154]},"north":{"uv":[2.2108,15.219],"uv_size":[0.3039,0.0154]},"south":{"uv":[2.1961,15.219],"uv_size":[0.3039,0.0154]},"up":{"uv":[2.4951,15.4526],"uv_size":[-0.3039,-0.0308]},"west":{"uv":[2.2799,15.219],"uv_size":[0.0289,0.0154]}}},{"origin":[2.5,12.5,-1.25],"size":[0.25,0.25,0.5],"uv":{"down":{"uv":[2.2056,15.5776],"uv_size":[-0.0145,-0.0308]},"east":{"uv":[2.3975,15.2034],"uv_size":[0.0289,0.0154]},"north":{"uv":[2.5002,15.2034],"uv_size":[0.0145,0.0154]},"south":{"uv":[2.1914,15.2034],"uv_size":[0.0145,0.0154]},"up":{"uv":[2.2056,15.4526],"uv_size":[-0.0145,-0.0308]},"west":{"uv":[2.2799,15.2034],"uv_size":[0.0289,0.0154]}}},{"origin":[-2.25,0,-1.75],"size":[4.75,0.5,0.5],"uv":{"down":{"uv":[2.4808,15.6089],"uv_size":[-0.2749,-0.0308]},"east":{"uv":[2.4269,15.9693],"uv_size":[0.0289,0.0308]},"north":{"uv":[2.2251,15.9693],"uv_size":[0.2749,0.0308]},"south":{"uv":[2.2104,15.9693],"uv_size":[0.2749,0.0308]},"up":{"uv":[2.4808,15.4214],"uv_size":[-0.2749,-0.0308]},"west":{"uv":[2.2505,15.9693],"uv_size":[0.0289,0.0308]}}},{"origin":[-2.25,0,1.5],"size":[4.75,0.5,0.5],"uv":{"down":{"uv":[2.4808,15.4058],"uv_size":[-0.2749,-0.0308]},"east":{"uv":[2.2358,15.9693],"uv_size":[0.0289,0.0308]},"north":{"uv":[2.2251,15.9693],"uv_size":[0.2749,0.0308]},"south":{"uv":[2.2104,15.9693],"uv_size":[0.2749,0.0308]},"up":{"uv":[2.4808,15.6245],"uv_size":[-0.2749,-0.0308]},"west":{"uv":[2.4416,15.9693],"uv_size":[0.0289,0.0308]}}},{"origin":[-2.25,12.25,-1.75],"size":[4.75,0.25,0.5],"uv":{"down":{"uv":[2.4808,15.6089],"uv_size":[-0.2749,-0.0308]},"east":{"uv":[2.4269,15.219],"uv_size":[0.0289,0.0154]},"north":{"uv":[2.2251,15.219],"uv_size":[0.2749,0.0154]},"south":{"uv":[2.2104,15.219],"uv_size":[0.2749,0.0154]},"up":{"uv":[2.4808,15.4214],"uv_size":[-0.2749,-0.0308]},"west":{"uv":[2.2505,15.219],"uv_size":[0.0289,0.0154]}}},{"origin":[2.25,12.5,-1.75],"size":[0.25,0.25,0.5],"uv":{"down":{"uv":[2.2204,15.6089],"uv_size":[-0.0145,-0.0308]},"east":{"uv":[2.4269,15.2034],"uv_size":[0.0289,0.0154]},"north":{"uv":[2.4855,15.2034],"uv_size":[0.0145,0.0154]},"south":{"uv":[2.2061,15.2034],"uv_size":[0.0145,0.0154]},"up":{"uv":[2.2204,15.4214],"uv_size":[-0.0145,-0.0308]},"west":{"uv":[2.2505,15.2034],"uv_size":[0.0289,0.0154]}}},{"origin":[-2.25,12.25,1.5],"size":[4.75,0.25,0.5],"uv":{"down":{"uv":[2.4808,15.4058],"uv_size":[-0.2749,-0.0308]},"east":{"uv":[2.2358,15.219],"uv_size":[0.0289,0.0154]},"north":{"uv":[2.2251,15.219],"uv_size":[0.2749,0.0154]},"south":{"uv":[2.2104,15.219],"uv_size":[0.2749,0.0154]},"up":{"uv":[2.4808,15.6245],"uv_size":[-0.2749,-0.0308]},"west":{"uv":[2.4416,15.219],"uv_size":[0.0289,0.0154]}}},{"origin":[2.25,12.5,1.5],"size":[0.25,0.25,0.5],"uv":{"down":{"uv":[2.2204,15.4058],"uv_size":[-0.0145,-0.0308]},"east":{"uv":[2.2358,15.2034],"uv_size":[0.0289,0.0154]},"north":{"uv":[2.4855,15.2034],"uv_size":[0.0145,0.0154]},"south":{"uv":[2.2061,15.2034],"uv_size":[0.0145,0.0154]},"up":{"uv":[2.2204,15.6245],"uv_size":[-0.0145,-0.0308]},"west":{"uv":[2.4416,15.2034],"uv_size":[0.0289,0.0154]}}},{"origin":[-2,0,-2],"size":[4.25,0.5,0.25],"uv":{"down":{"uv":[2.4666,15.6248],"uv_size":[-0.246,-0.0154]},"east":{"uv":[2.4561,15.9693],"uv_size":[0.0145,0.0308]},"north":{"uv":[2.2393,15.9693],"uv_size":[0.246,0.0308]},"south":{"uv":[2.2246,15.9693],"uv_size":[0.246,0.0308]},"up":{"uv":[2.4666,15.3904],"uv_size":[-0.246,-0.0154]},"west":{"uv":[2.2355,15.9693],"uv_size":[0.0145,0.0308]}}},{"origin":[-2,0,2],"size":[4.25,0.5,0.25],"uv":{"down":{"uv":[2.4666,15.3748],"uv_size":[-0.246,-0.0154]},"east":{"uv":[2.2208,15.9693],"uv_size":[0.0145,0.0308]},"north":{"uv":[2.2393,15.9693],"uv_size":[0.246,0.0308]},"south":{"uv":[2.2246,15.9693],"uv_size":[0.246,0.0308]},"up":{"uv":[2.4666,15.6404],"uv_size":[-0.246,-0.0154]},"west":{"uv":[2.4708,15.9693],"uv_size":[0.0145,0.0308]}}},{"origin":[-2,12.25,-2],"size":[4.25,0.25,0.25],"uv":{"down":{"uv":[2.4666,15.6248],"uv_size":[-0.246,-0.0154]},"east":{"uv":[2.4561,15.219],"uv_size":[0.0145,0.0154]},"north":{"uv":[2.2393,15.219],"uv_size":[0.246,0.0154]},"south":{"uv":[2.2246,15.219],"uv_size":[0.246,0.0154]},"up":{"uv":[2.4666,15.3904],"uv_size":[-0.246,-0.0154]},"west":{"uv":[2.2355,15.219],"uv_size":[0.0145,0.0154]}}},{"origin":[-2,12.25,2],"size":[4.25,0.25,0.25],"uv":{"down":{"uv":[2.4666,15.3748],"uv_size":[-0.246,-0.0154]},"east":{"uv":[2.2208,15.219],"uv_size":[0.0145,0.0154]},"north":{"uv":[2.2393,15.219],"uv_size":[0.246,0.0154]},"south":{"uv":[2.2246,15.219],"uv_size":[0.246,0.0154]},"up":{"uv":[2.4666,15.6404],"uv_size":[-0.246,-0.0154]},"west":{"uv":[2.4708,15.219],"uv_size":[0.0145,0.0154]}}},{"origin":[2,12.5,-2],"size":[0.25,0.25,0.25],"uv":{"down":{"uv":[2.2351,15.6248],"uv_size":[-0.0145,-0.0154]},"east":{"uv":[2.4561,15.2034],"uv_size":[0.0145,0.0154]},"north":{"uv":[2.4708,15.2034],"uv_size":[0.0145,0.0154]},"south":{"uv":[2.2208,15.2034],"uv_size":[0.0145,0.0154]},"up":{"uv":[2.2351,15.3904],"uv_size":[-0.0145,-0.0154]},"west":{"uv":[2.2355,15.2034],"uv_size":[0.0145,0.0154]}}},{"origin":[-1.75,0,-2.25],"size":[3.75,0.5,0.25],"uv":{"down":{"uv":[2.4524,15.6404],"uv_size":[-0.2171,-0.0154]},"east":{"uv":[2.4708,15.9693],"uv_size":[0.0145,0.0308]},"north":{"uv":[2.2535,15.9693],"uv_size":[0.2171,0.0308]},"south":{"uv":[2.2388,15.9693],"uv_size":[0.2171,0.0308]},"up":{"uv":[2.4524,15.3748],"uv_size":[-0.2171,-0.0154]},"west":{"uv":[2.2208,15.9693],"uv_size":[0.0145,0.0308]}}},{"origin":[2,12.5,2],"size":[0.25,0.25,0.25],"uv":{"down":{"uv":[2.2351,15.3748],"uv_size":[-0.0145,-0.0154]},"east":{"uv":[2.2208,15.2034],"uv_size":[0.0145,0.0154]},"north":{"uv":[2.4708,15.2034],"uv_size":[0.0145,0.0154]},"south":{"uv":[2.2208,15.2034],"uv_size":[0.0145,0.0154]},"up":{"uv":[2.2351,15.6404],"uv_size":[-0.0145,-0.0154]},"west":{"uv":[2.4708,15.2034],"uv_size":[0.0145,0.0154]}}},{"origin":[-1.75,0,2.25],"size":[3.75,0.5,0.25],"uv":{"down":{"uv":[2.4524,15.3591],"uv_size":[-0.2171,-0.0154]},"east":{"uv":[2.2061,15.9693],"uv_size":[0.0145,0.0308]},"north":{"uv":[2.2535,15.9693],"uv_size":[0.2171,0.0308]},"south":{"uv":[2.2388,15.9693],"uv_size":[0.2171,0.0308]},"up":{"uv":[2.4524,15.656],"uv_size":[-0.2171,-0.0154]},"west":{"uv":[2.4855,15.9693],"uv_size":[0.0145,0.0308]}}},{"origin":[-1.75,12.25,-2.25],"size":[3.75,0.25,0.25],"uv":{"down":{"uv":[2.4524,15.6404],"uv_size":[-0.2171,-0.0154]},"east":{"uv":[2.4708,15.219],"uv_size":[0.0145,0.0154]},"north":{"uv":[2.2535,15.219],"uv_size":[0.2171,0.0154]},"south":{"uv":[2.2388,15.219],"uv_size":[0.2171,0.0154]},"up":{"uv":[2.4524,15.3748],"uv_size":[-0.2171,-0.0154]},"west":{"uv":[2.2208,15.219],"uv_size":[0.0145,0.0154]}}},{"origin":[-1.75,12.25,2.25],"size":[3.75,0.25,0.25],"uv":{"down":{"uv":[2.4524,15.3591],"uv_size":[-0.2171,-0.0154]},"east":{"uv":[2.2061,15.219],"uv_size":[0.0145,0.0154]},"north":{"uv":[2.2535,15.219],"uv_size":[0.2171,0.0154]},"south":{"uv":[2.2388,15.219],"uv_size":[0.2171,0.0154]},"up":{"uv":[2.4524,15.656],"uv_size":[-0.2171,-0.0154]},"west":{"uv":[2.4855,15.219],"uv_size":[0.0145,0.0154]}}},{"origin":[1.5,12.5,-2.25],"size":[0.5,0.25,0.25],"uv":{"down":{"uv":[2.2642,15.6404],"uv_size":[-0.0289,-0.0154]},"east":{"uv":[2.4708,15.2034],"uv_size":[0.0145,0.0154]},"north":{"uv":[2.4416,15.2034],"uv_size":[0.0289,0.0154]},"south":{"uv":[2.2358,15.2034],"uv_size":[0.0289,0.0154]},"up":{"uv":[2.2642,15.3748],"uv_size":[-0.0289,-0.0154]},"west":{"uv":[2.2208,15.2034],"uv_size":[0.0145,0.0154]}}},{"origin":[1.5,12.5,2.25],"size":[0.5,0.25,0.25],"uv":{"down":{"uv":[2.2642,15.3591],"uv_size":[-0.0289,-0.0154]},"east":{"uv":[2.2061,15.2034],"uv_size":[0.0145,0.0154]},"north":{"uv":[2.4416,15.2034],"uv_size":[0.0289,0.0154]},"south":{"uv":[2.2358,15.2034],"uv_size":[0.0289,0.0154]},"up":{"uv":[2.2642,15.656],"uv_size":[-0.0289,-0.0154]},"west":{"uv":[2.4855,15.2034],"uv_size":[0.0145,0.0154]}}},{"origin":[-1.25,0,-2.5],"size":[2.75,0.5,0.25],"uv":{"down":{"uv":[2.4239,15.656],"uv_size":[-0.1592,-0.0154]},"east":{"uv":[2.4855,15.9693],"uv_size":[0.0145,0.0308]},"north":{"uv":[2.282,15.9693],"uv_size":[0.1592,0.0308]},"south":{"uv":[2.2673,15.9693],"uv_size":[0.1592,0.0308]},"up":{"uv":[2.4239,15.3591],"uv_size":[-0.1592,-0.0154]},"west":{"uv":[2.2061,15.9693],"uv_size":[0.0145,0.0308]}}},{"origin":[-1.25,0,2.5],"size":[2.75,0.5,0.25],"uv":{"down":{"uv":[2.4239,15.3435],"uv_size":[-0.1592,-0.0154]},"east":{"uv":[2.1914,15.9693],"uv_size":[0.0145,0.0308]},"north":{"uv":[2.282,15.9693],"uv_size":[0.1592,0.0308]},"south":{"uv":[2.2673,15.9693],"uv_size":[0.1592,0.0308]},"up":{"uv":[2.4239,15.6716],"uv_size":[-0.1592,-0.0154]},"west":{"uv":[2.5002,15.9693],"uv_size":[0.0145,0.0308]}}},{"origin":[-1.25,12.25,-2.5],"size":[2.75,0.25,0.25],"uv":{"down":{"uv":[2.4239,15.656],"uv_size":[-0.1592,-0.0154]},"east":{"uv":[2.4855,15.219],"uv_size":[0.0145,0.0154]},"north":{"uv":[2.282,15.219],"uv_size":[0.1592,0.0154]},"south":{"uv":[2.2673,15.219],"uv_size":[0.1592,0.0154]},"up":{"uv":[2.4239,15.3591],"uv_size":[-0.1592,-0.0154]},"west":{"uv":[2.2061,15.219],"uv_size":[0.0145,0.0154]}}},{"origin":[-1.25,12.25,2.5],"size":[2.75,0.25,0.25],"uv":{"down":{"uv":[2.4239,15.3435],"uv_size":[-0.1592,-0.0154]},"east":{"uv":[2.1914,15.219],"uv_size":[0.0145,0.0154]},"north":{"uv":[2.282,15.219],"uv_size":[0.1592,0.0154]},"south":{"uv":[2.2673,15.219],"uv_size":[0.1592,0.0154]},"up":{"uv":[2.4239,15.6716],"uv_size":[-0.1592,-0.0154]},"west":{"uv":[2.5002,15.219],"uv_size":[0.0145,0.0154]}}},{"origin":[1,12.5,-2.5],"size":[0.5,0.25,0.25],"uv":{"down":{"uv":[2.2936,15.656],"uv_size":[-0.0289,-0.0154]},"east":{"uv":[2.4855,15.2034],"uv_size":[0.0145,0.0154]},"north":{"uv":[2.4122,15.2034],"uv_size":[0.0289,0.0154]},"south":{"uv":[2.2652,15.2034],"uv_size":[0.0289,0.0154]},"up":{"uv":[2.2936,15.3591],"uv_size":[-0.0289,-0.0154]},"west":{"uv":[2.2061,15.2034],"uv_size":[0.0145,0.0154]}}},{"origin":[1,12.5,2.5],"size":[0.5,0.25,0.25],"uv":{"down":{"uv":[2.2936,15.3435],"uv_size":[-0.0289,-0.0154]},"east":{"uv":[2.1914,15.2034],"uv_size":[0.0145,0.0154]},"north":{"uv":[2.4122,15.2034],"uv_size":[0.0289,0.0154]},"south":{"uv":[2.2652,15.2034],"uv_size":[0.0289,0.0154]},"up":{"uv":[2.2936,15.6716],"uv_size":[-0.0289,-0.0154]},"west":{"uv":[2.5002,15.2034],"uv_size":[0.0145,0.0154]}}},{"origin":[-0.75,0,-2.75],"size":[1.75,0.5,0.25],"uv":{"down":{"uv":[2.3954,15.6716],"uv_size":[-0.1013,-0.0154]},"east":{"uv":[2.5002,15.9693],"uv_size":[0.0145,0.0308]},"north":{"uv":[2.3105,15.9693],"uv_size":[0.1013,0.0308]},"south":{"uv":[2.2958,15.9693],"uv_size":[0.1013,0.0308]},"up":{"uv":[2.3954,15.3435],"uv_size":[-0.1013,-0.0154]},"west":{"uv":[2.1914,15.9693],"uv_size":[0.0145,0.0308]}}},{"origin":[-0.75,0,2.75],"size":[1.75,0.5,0.25],"uv":{"down":{"uv":[2.3954,15.3279],"uv_size":[-0.1013,-0.0154]},"east":{"uv":[2.1767,15.9693],"uv_size":[0.0145,0.0308]},"north":{"uv":[2.3105,15.9693],"uv_size":[0.1013,0.0308]},"south":{"uv":[2.2958,15.9693],"uv_size":[0.1013,0.0308]},"up":{"uv":[2.3954,15.6873],"uv_size":[-0.1013,-0.0154]},"west":{"uv":[2.5149,15.9693],"uv_size":[0.0145,0.0308]}}},{"origin":[-0.75,12.25,-2.75],"size":[1.75,0.5,0.25],"uv":{"down":{"uv":[2.3954,15.6716],"uv_size":[-0.1013,-0.0154]},"east":{"uv":[2.5002,15.2036],"uv_size":[0.0145,0.0308]},"north":{"uv":[2.3105,15.2036],"uv_size":[0.1013,0.0308]},"south":{"uv":[2.2958,15.2036],"uv_size":[0.1013,0.0308]},"up":{"uv":[2.3954,15.3435],"uv_size":[-0.1013,-0.0154]},"west":{"uv":[2.1914,15.2036],"uv_size":[0.0145,0.0308]}}},{"origin":[-0.75,12.25,2.75],"size":[1.75,0.5,0.25],"uv":{"down":{"uv":[2.3954,15.3279],"uv_size":[-0.1013,-0.0154]},"east":{"uv":[2.1767,15.2036],"uv_size":[0.0145,0.0308]},"north":{"uv":[2.3105,15.2036],"uv_size":[0.1013,0.0308]},"south":{"uv":[2.2958,15.2036],"uv_size":[0.1013,0.0308]},"up":{"uv":[2.3954,15.6873],"uv_size":[-0.1013,-0.0154]},"west":{"uv":[2.5149,15.2036],"uv_size":[0.0145,0.0308]}}},{"origin":[-1.75,12.5,2.25],"size":[0.5,0.25,0.25],"uv":{"down":{"uv":[2.4554,15.3591],"uv_size":[-0.0289,-0.0154]},"east":{"uv":[2.2061,15.2034],"uv_size":[0.0145,0.0154]},"north":{"uv":[2.2505,15.2034],"uv_size":[0.0289,0.0154]},"south":{"uv":[2.4269,15.2034],"uv_size":[0.0289,0.0154]},"up":{"uv":[2.4554,15.656],"uv_size":[-0.0289,-0.0154]},"west":{"uv":[2.4855,15.2034],"uv_size":[0.0145,0.0154]}}},{"origin":[-1.75,12.5,-2.25],"size":[0.5,0.25,0.25],"uv":{"down":{"uv":[2.4554,15.6404],"uv_size":[-0.0289,-0.0154]},"east":{"uv":[2.4708,15.2034],"uv_size":[0.0145,0.0154]},"north":{"uv":[2.2505,15.2034],"uv_size":[0.0289,0.0154]},"south":{"uv":[2.4269,15.2034],"uv_size":[0.0289,0.0154]},"up":{"uv":[2.4554,15.3748],"uv_size":[-0.0289,-0.0154]},"west":{"uv":[2.2208,15.2034],"uv_size":[0.0145,0.0154]}}},{"origin":[-2,12.5,2],"size":[0.25,0.25,0.25],"uv":{"down":{"uv":[2.4704,15.3748],"uv_size":[-0.0145,-0.0154]},"east":{"uv":[2.2208,15.2034],"uv_size":[0.0145,0.0154]},"north":{"uv":[2.2355,15.2034],"uv_size":[0.0145,0.0154]},"south":{"uv":[2.4561,15.2034],"uv_size":[0.0145,0.0154]},"up":{"uv":[2.4704,15.6404],"uv_size":[-0.0145,-0.0154]},"west":{"uv":[2.4708,15.2034],"uv_size":[0.0145,0.0154]}}},{"origin":[-2,12.5,-2],"size":[0.25,0.25,0.25],"uv":{"down":{"uv":[2.4704,15.6248],"uv_size":[-0.0145,-0.0154]},"east":{"uv":[2.4561,15.2034],"uv_size":[0.0145,0.0154]},"north":{"uv":[2.2355,15.2034],"uv_size":[0.0145,0.0154]},"south":{"uv":[2.4561,15.2034],"uv_size":[0.0145,0.0154]},"up":{"uv":[2.4704,15.3904],"uv_size":[-0.0145,-0.0154]},"west":{"uv":[2.2355,15.2034],"uv_size":[0.0145,0.0154]}}},{"origin":[-2.25,12.5,-1.75],"size":[0.25,0.25,0.5],"uv":{"down":{"uv":[2.4851,15.6089],"uv_size":[-0.0145,-0.0308]},"east":{"uv":[2.4269,15.2034],"uv_size":[0.0289,0.0154]},"north":{"uv":[2.2208,15.2034],"uv_size":[0.0145,0.0154]},"south":{"uv":[2.4708,15.2034],"uv_size":[0.0145,0.0154]},"up":{"uv":[2.4851,15.4214],"uv_size":[-0.0145,-0.0308]},"west":{"uv":[2.2505,15.2034],"uv_size":[0.0289,0.0154]}}},{"origin":[-2.25,12.5,1.5],"size":[0.25,0.25,0.5],"uv":{"down":{"uv":[2.4851,15.4058],"uv_size":[-0.0145,-0.0308]},"east":{"uv":[2.2358,15.2034],"uv_size":[0.0289,0.0154]},"north":{"uv":[2.2208,15.2034],"uv_size":[0.0145,0.0154]},"south":{"uv":[2.4708,15.2034],"uv_size":[0.0145,0.0154]},"up":{"uv":[2.4851,15.6245],"uv_size":[-0.0145,-0.0308]},"west":{"uv":[2.4416,15.2034],"uv_size":[0.0289,0.0154]}}},{"origin":[-2.5,12.5,-1.25],"size":[0.25,0.25,0.5],"uv":{"down":{"uv":[2.4998,15.5776],"uv_size":[-0.0145,-0.0308]},"east":{"uv":[2.3975,15.2034],"uv_size":[0.0289,0.0154]},"north":{"uv":[2.2061,15.2034],"uv_size":[0.0145,0.0154]},"south":{"uv":[2.4855,15.2034],"uv_size":[0.0145,0.0154]},"up":{"uv":[2.4998,15.4526],"uv_size":[-0.0145,-0.0308]},"west":{"uv":[2.2799,15.2034],"uv_size":[0.0289,0.0154]}}},{"origin":[-2.5,12.5,1],"size":[0.25,0.25,0.5],"uv":{"down":{"uv":[2.4998,15.437],"uv_size":[-0.0145,-0.0308]},"east":{"uv":[2.2652,15.2034],"uv_size":[0.0289,0.0154]},"north":{"uv":[2.2061,15.2034],"uv_size":[0.0145,0.0154]},"south":{"uv":[2.4855,15.2034],"uv_size":[0.0145,0.0154]},"up":{"uv":[2.4998,15.5933],"uv_size":[-0.0145,-0.0308]},"west":{"uv":[2.4122,15.2034],"uv_size":[0.0289,0.0154]}}},{"origin":[-2.75,12.5,-0.75],"size":[0.25,0.25,1.75],"uv":{"down":{"uv":[2.5145,15.5451],"uv_size":[-0.0145,-0.1076]},"east":{"uv":[2.2958,15.2034],"uv_size":[0.1013,0.0154]},"north":{"uv":[2.1914,15.2034],"uv_size":[0.0145,0.0154]},"south":{"uv":[2.5002,15.2034],"uv_size":[0.0145,0.0154]},"up":{"uv":[2.5145,15.5608],"uv_size":[-0.0145,-0.1076]},"west":{"uv":[2.3105,15.2034],"uv_size":[0.1013,0.0154]}}},{"origin":[-3.75,4.5,0.25],"size":[0.25,7.75,0.25],"uv":{"down":{"uv":[3.5145,15.4841],"uv_size":[-0.0145,-0.0154]},"east":{"uv":[3.2649,15.2421],"uv_size":[0.0145,0.4766]},"north":{"uv":[3.0738,15.2421],"uv_size":[0.0145,0.4766]},"south":{"uv":[3.5002,15.2421],"uv_size":[0.0145,0.4766]},"up":{"uv":[3.5145,15.531],"uv_size":[-0.0145,-0.0154]},"west":{"uv":[3.3091,15.2421],"uv_size":[0.0145,0.4766]}}},{"origin":[-3.5,3.75,-0.25],"size":[0.25,8.75,0.75],"uv":{"down":{"uv":[3.4998,15.5149],"uv_size":[-0.0145,-0.0461]},"east":{"uv":[3.2654,15.2275],"uv_size":[0.0434,0.5381]},"north":{"uv":[3.0885,15.2275],"uv_size":[0.0145,0.5381]},"south":{"uv":[3.4855,15.2275],"uv_size":[0.0145,0.5381]},"up":{"uv":[3.4998,15.5305],"uv_size":[-0.0145,-0.0461]},"west":{"uv":[3.2801,15.2275],"uv_size":[0.0434,0.5381]}}},{"origin":[-3.5,4.25,-0.5],"size":[0.25,8.5,0.25],"uv":{"down":{"uv":[3.4998,15.531],"uv_size":[-0.0145,-0.0154]},"east":{"uv":[3.3091,15.2116],"uv_size":[0.0145,0.5228]},"north":{"uv":[3.0885,15.2116],"uv_size":[0.0145,0.5228]},"south":{"uv":[3.4855,15.2116],"uv_size":[0.0145,0.5228]},"up":{"uv":[3.4998,15.4841],"uv_size":[-0.0145,-0.0154]},"west":{"uv":[3.2649,15.2116],"uv_size":[0.0145,0.5228]}}},{"origin":[-3.5,4.25,0.5],"size":[0.25,8.5,0.25],"uv":{"down":{"uv":[3.4998,15.4685],"uv_size":[-0.0145,-0.0154]},"east":{"uv":[3.2502,15.2116],"uv_size":[0.0145,0.5228]},"north":{"uv":[3.0885,15.2116],"uv_size":[0.0145,0.5228]},"south":{"uv":[3.4855,15.2116],"uv_size":[0.0145,0.5228]},"up":{"uv":[3.4998,15.5466],"uv_size":[-0.0145,-0.0154]},"west":{"uv":[3.3238,15.2116],"uv_size":[0.0145,0.5228]}}},{"origin":[-3.75,4.25,0],"size":[0.25,8.5,0.25],"uv":{"down":{"uv":[3.5145,15.4998],"uv_size":[-0.0145,-0.0154]},"east":{"uv":[3.2796,15.2116],"uv_size":[0.0145,0.5228]},"north":{"uv":[3.0738,15.2116],"uv_size":[0.0145,0.5228]},"south":{"uv":[3.5002,15.2116],"uv_size":[0.0145,0.5228]},"up":{"uv":[3.5145,15.5154],"uv_size":[-0.0145,-0.0154]},"west":{"uv":[3.2944,15.2116],"uv_size":[0.0145,0.5228]}}},{"origin":[-3.75,4.5,-0.25],"size":[0.25,7.75,0.25],"uv":{"down":{"uv":[3.5145,15.5154],"uv_size":[-0.0145,-0.0154]},"east":{"uv":[3.2944,15.2421],"uv_size":[0.0145,0.4766]},"north":{"uv":[3.0738,15.2421],"uv_size":[0.0145,0.4766]},"south":{"uv":[3.5002,15.2421],"uv_size":[0.0145,0.4766]},"up":{"uv":[3.5145,15.4998],"uv_size":[-0.0145,-0.0154]},"west":{"uv":[3.2796,15.2421],"uv_size":[0.0145,0.4766]}}},{"origin":[-3.25,12.75,0.5],"size":[0.25,0.25,0.25],"uv":{"down":{"uv":[3.4851,15.4685],"uv_size":[-0.0145,-0.0154]},"east":{"uv":[3.2502,15.1878],"uv_size":[0.0145,0.0154]},"north":{"uv":[3.1032,15.1878],"uv_size":[0.0145,0.0154]},"south":{"uv":[3.4708,15.1878],"uv_size":[0.0145,0.0154]},"up":{"uv":[3.4851,15.5466],"uv_size":[-0.0145,-0.0154]},"west":{"uv":[3.3238,15.1878],"uv_size":[0.0145,0.0154]}}},{"origin":[-3.25,12.75,-0.5],"size":[0.25,0.25,0.25],"uv":{"down":{"uv":[3.4851,15.531],"uv_size":[-0.0145,-0.0154]},"east":{"uv":[3.3091,15.1878],"uv_size":[0.0145,0.0154]},"north":{"uv":[3.1032,15.1878],"uv_size":[0.0145,0.0154]},"south":{"uv":[3.4708,15.1878],"uv_size":[0.0145,0.0154]},"up":{"uv":[3.4851,15.4841],"uv_size":[-0.0145,-0.0154]},"west":{"uv":[3.2649,15.1878],"uv_size":[0.0145,0.0154]}}},{"origin":[-3.5,12.5,-0.25],"size":[0.5,0.5,0.75],"uv":{"down":{"uv":[3.4995,15.5149],"uv_size":[-0.0289,-0.0461]},"east":{"uv":[3.2654,15.188],"uv_size":[0.0434,0.0308]},"north":{"uv":[3.0887,15.188],"uv_size":[0.0289,0.0308]},"south":{"uv":[3.4711,15.188],"uv_size":[0.0289,0.0308]},"up":{"uv":[3.4995,15.5305],"uv_size":[-0.0289,-0.0461]},"west":{"uv":[3.2801,15.188],"uv_size":[0.0434,0.0308]}}},{"origin":[-3.25,13,-0.25],"size":[0.25,0.25,0.75],"uv":{"down":{"uv":[0.6615,15.5149],"uv_size":[-0.0145,-0.0461]},"east":{"uv":[0.4419,15.1721],"uv_size":[0.0434,0.0154]},"north":{"uv":[0.2796,15.1721],"uv_size":[0.0145,0.0154]},"south":{"uv":[0.6473,15.1721],"uv_size":[0.0145,0.0154]},"up":{"uv":[0.6615,15.5305],"uv_size":[-0.0145,-0.0461]},"west":{"uv":[0.4566,15.1721],"uv_size":[0.0434,0.0154]}}},{"origin":[-1.5,14.75,-0.5],"size":[0.5,0.25,1.25],"uv":{"down":{"uv":[0.5584,15.53],"uv_size":[-0.0289,-0.0769]},"east":{"uv":[0.4276,15.0628],"uv_size":[0.0724,0.0154]},"north":{"uv":[0.3828,15.0628],"uv_size":[0.0289,0.0154]},"south":{"uv":[0.5299,15.0628],"uv_size":[0.0289,0.0154]},"up":{"uv":[0.5584,15.5456],"uv_size":[-0.0289,-0.0769]},"west":{"uv":[0.4424,15.0628],"uv_size":[0.0724,0.0154]}}},{"origin":[-1.5,14.5,-0.5],"size":[0.25,0.25,0.25],"uv":{"down":{"uv":[0.5586,15.531],"uv_size":[-0.0145,-0.0154]},"east":{"uv":[0.4855,15.0784],"uv_size":[0.0145,0.0154]},"north":{"uv":[0.3826,15.0784],"uv_size":[0.0145,0.0154]},"south":{"uv":[0.5444,15.0784],"uv_size":[0.0145,0.0154]},"up":{"uv":[0.5586,15.4841],"uv_size":[-0.0145,-0.0154]},"west":{"uv":[0.4414,15.0784],"uv_size":[0.0145,0.0154]}}},{"origin":[-1.5,14.5,0.5],"size":[0.25,0.25,0.25],"uv":{"down":{"uv":[0.5586,15.4685],"uv_size":[-0.0145,-0.0154]},"east":{"uv":[0.4267,15.0784],"uv_size":[0.0145,0.0154]},"north":{"uv":[0.3826,15.0784],"uv_size":[0.0145,0.0154]},"south":{"uv":[0.5444,15.0784],"uv_size":[0.0145,0.0154]},"up":{"uv":[0.5586,15.5466],"uv_size":[-0.0145,-0.0154]},"west":{"uv":[0.5002,15.0784],"uv_size":[0.0145,0.0154]}}},{"origin":[-1.75,14.25,-0.5],"size":[0.25,0.25,0.25],"uv":{"down":{"uv":[0.5733,15.531],"uv_size":[-0.0145,-0.0154]},"east":{"uv":[0.4855,15.094],"uv_size":[0.0145,0.0154]},"north":{"uv":[0.3679,15.094],"uv_size":[0.0145,0.0154]},"south":{"uv":[0.5591,15.094],"uv_size":[0.0145,0.0154]},"up":{"uv":[0.5733,15.4841],"uv_size":[-0.0145,-0.0154]},"west":{"uv":[0.4414,15.094],"uv_size":[0.0145,0.0154]}}},{"origin":[-1.75,14.25,0.5],"size":[0.25,0.25,0.25],"uv":{"down":{"uv":[0.5733,15.4685],"uv_size":[-0.0145,-0.0154]},"east":{"uv":[0.4267,15.094],"uv_size":[0.0145,0.0154]},"north":{"uv":[0.3679,15.094],"uv_size":[0.0145,0.0154]},"south":{"uv":[0.5591,15.094],"uv_size":[0.0145,0.0154]},"up":{"uv":[0.5733,15.5466],"uv_size":[-0.0145,-0.0154]},"west":{"uv":[0.5002,15.094],"uv_size":[0.0145,0.0154]}}},{"origin":[-1.75,14.5,-0.25],"size":[0.25,0.25,0.75],"uv":{"down":{"uv":[0.5733,15.5149],"uv_size":[-0.0145,-0.0461]},"east":{"uv":[0.4419,15.0784],"uv_size":[0.0434,0.0154]},"north":{"uv":[0.3679,15.0784],"uv_size":[0.0145,0.0154]},"south":{"uv":[0.5591,15.0784],"uv_size":[0.0145,0.0154]},"up":{"uv":[0.5733,15.5305],"uv_size":[-0.0145,-0.0461]},"west":{"uv":[0.4566,15.0784],"uv_size":[0.0434,0.0154]}}},{"origin":[-1.75,14.75,0],"size":[0.25,0.25,0.25],"uv":{"down":{"uv":[0.5733,15.4998],"uv_size":[-0.0145,-0.0154]},"east":{"uv":[0.4561,15.0628],"uv_size":[0.0145,0.0154]},"north":{"uv":[0.3679,15.0628],"uv_size":[0.0145,0.0154]},"south":{"uv":[0.5591,15.0628],"uv_size":[0.0145,0.0154]},"up":{"uv":[0.5733,15.5154],"uv_size":[-0.0145,-0.0154]},"west":{"uv":[0.4708,15.0628],"uv_size":[0.0145,0.0154]}}},{"origin":[-2,14,-0.5],"size":[0.25,0.25,1.25],"uv":{"down":{"uv":[0.588,15.53],"uv_size":[-0.0145,-0.0769]},"east":{"uv":[0.4276,15.1096],"uv_size":[0.0724,0.0154]},"north":{"uv":[0.3532,15.1096],"uv_size":[0.0145,0.0154]},"south":{"uv":[0.5738,15.1096],"uv_size":[0.0145,0.0154]},"up":{"uv":[0.588,15.5456],"uv_size":[-0.0145,-0.0769]},"west":{"uv":[0.4424,15.1096],"uv_size":[0.0724,0.0154]}}},{"origin":[-2,14.25,-0.25],"size":[0.25,0.25,0.75],"uv":{"down":{"uv":[0.588,15.5149],"uv_size":[-0.0145,-0.0461]},"east":{"uv":[0.4419,15.094],"uv_size":[0.0434,0.0154]},"north":{"uv":[0.3532,15.094],"uv_size":[0.0145,0.0154]},"south":{"uv":[0.5738,15.094],"uv_size":[0.0145,0.0154]},"up":{"uv":[0.588,15.5305],"uv_size":[-0.0145,-0.0461]},"west":{"uv":[0.4566,15.094],"uv_size":[0.0434,0.0154]}}},{"origin":[-2.25,13.75,-0.5],"size":[0.25,0.25,0.25],"uv":{"down":{"uv":[0.6027,15.531],"uv_size":[-0.0145,-0.0154]},"east":{"uv":[0.4855,15.1253],"uv_size":[0.0145,0.0154]},"north":{"uv":[0.3385,15.1253],"uv_size":[0.0145,0.0154]},"south":{"uv":[0.5885,15.1253],"uv_size":[0.0145,0.0154]},"up":{"uv":[0.6027,15.4841],"uv_size":[-0.0145,-0.0154]},"west":{"uv":[0.4414,15.1253],"uv_size":[0.0145,0.0154]}}},{"origin":[-2.25,13.75,0.5],"size":[0.25,0.25,0.25],"uv":{"down":{"uv":[0.6027,15.4685],"uv_size":[-0.0145,-0.0154]},"east":{"uv":[0.4267,15.1253],"uv_size":[0.0145,0.0154]},"north":{"uv":[0.3385,15.1253],"uv_size":[0.0145,0.0154]},"south":{"uv":[0.5885,15.1253],"uv_size":[0.0145,0.0154]},"up":{"uv":[0.6027,15.5466],"uv_size":[-0.0145,-0.0154]},"west":{"uv":[0.5002,15.1253],"uv_size":[0.0145,0.0154]}}},{"origin":[-2.25,14,-0.25],"size":[0.25,0.25,0.75],"uv":{"down":{"uv":[0.6027,15.5149],"uv_size":[-0.0145,-0.0461]},"east":{"uv":[0.4419,15.1096],"uv_size":[0.0434,0.0154]},"north":{"uv":[0.3385,15.1096],"uv_size":[0.0145,0.0154]},"south":{"uv":[0.5885,15.1096],"uv_size":[0.0145,0.0154]},"up":{"uv":[0.6027,15.5305],"uv_size":[-0.0145,-0.0461]},"west":{"uv":[0.4566,15.1096],"uv_size":[0.0434,0.0154]}}},{"origin":[-2.5,13.5,-0.5],"size":[0.25,0.25,1.25],"uv":{"down":{"uv":[0.6174,15.53],"uv_size":[-0.0145,-0.0769]},"east":{"uv":[0.4276,15.1409],"uv_size":[0.0724,0.0154]},"north":{"uv":[0.3238,15.1409],"uv_size":[0.0145,0.0154]},"south":{"uv":[0.6032,15.1409],"uv_size":[0.0145,0.0154]},"up":{"uv":[0.6174,15.5456],"uv_size":[-0.0145,-0.0769]},"west":{"uv":[0.4424,15.1409],"uv_size":[0.0724,0.0154]}}},{"origin":[-2.5,13.75,-0.25],"size":[0.25,0.25,0.75],"uv":{"down":{"uv":[0.6174,15.5149],"uv_size":[-0.0145,-0.0461]},"east":{"uv":[0.4419,15.1253],"uv_size":[0.0434,0.0154]},"north":{"uv":[0.3238,15.1253],"uv_size":[0.0145,0.0154]},"south":{"uv":[0.6032,15.1253],"uv_size":[0.0145,0.0154]},"up":{"uv":[0.6174,15.5305],"uv_size":[-0.0145,-0.0461]},"west":{"uv":[0.4566,15.1253],"uv_size":[0.0434,0.0154]}}},{"origin":[-2.75,13.25,-0.5],"size":[0.25,0.25,0.25],"uv":{"down":{"uv":[0.6321,15.531],"uv_size":[-0.0145,-0.0154]},"east":{"uv":[0.4855,15.1565],"uv_size":[0.0145,0.0154]},"north":{"uv":[0.3091,15.1565],"uv_size":[0.0145,0.0154]},"south":{"uv":[0.6179,15.1565],"uv_size":[0.0145,0.0154]},"up":{"uv":[0.6321,15.4841],"uv_size":[-0.0145,-0.0154]},"west":{"uv":[0.4414,15.1565],"uv_size":[0.0145,0.0154]}}},{"origin":[-2.75,13.25,0.5],"size":[0.25,0.25,0.25],"uv":{"down":{"uv":[0.6321,15.4685],"uv_size":[-0.0145,-0.0154]},"east":{"uv":[0.4267,15.1565],"uv_size":[0.0145,0.0154]},"north":{"uv":[0.3091,15.1565],"uv_size":[0.0145,0.0154]},"south":{"uv":[0.6179,15.1565],"uv_size":[0.0145,0.0154]},"up":{"uv":[0.6321,15.5466],"uv_size":[-0.0145,-0.0154]},"west":{"uv":[0.5002,15.1565],"uv_size":[0.0145,0.0154]}}},{"origin":[-2.75,13.5,-0.25],"size":[0.25,0.25,0.75],"uv":{"down":{"uv":[0.6321,15.5149],"uv_size":[-0.0145,-0.0461]},"east":{"uv":[0.4419,15.1409],"uv_size":[0.0434,0.0154]},"north":{"uv":[0.3091,15.1409],"uv_size":[0.0145,0.0154]},"south":{"uv":[0.6179,15.1409],"uv_size":[0.0145,0.0154]},"up":{"uv":[0.6321,15.5305],"uv_size":[-0.0145,-0.0461]},"west":{"uv":[0.4566,15.1409],"uv_size":[0.0434,0.0154]}}},{"origin":[-3,13,-0.5],"size":[0.25,0.25,1.25],"uv":{"down":{"uv":[0.6468,15.53],"uv_size":[-0.0145,-0.0769]},"east":{"uv":[0.4276,15.1721],"uv_size":[0.0724,0.0154]},"north":{"uv":[0.2944,15.1721],"uv_size":[0.0145,0.0154]},"south":{"uv":[0.6326,15.1721],"uv_size":[0.0145,0.0154]},"up":{"uv":[0.6468,15.5456],"uv_size":[-0.0145,-0.0769]},"west":{"uv":[0.4424,15.1721],"uv_size":[0.0724,0.0154]}}},{"origin":[-3,13.25,-0.25],"size":[0.25,0.25,0.75],"uv":{"down":{"uv":[0.6468,15.5149],"uv_size":[-0.0145,-0.0461]},"east":{"uv":[0.4419,15.1565],"uv_size":[0.0434,0.0154]},"north":{"uv":[0.2944,15.1565],"uv_size":[0.0145,0.0154]},"south":{"uv":[0.6326,15.1565],"uv_size":[0.0145,0.0154]},"up":{"uv":[0.6468,15.5305],"uv_size":[-0.0145,-0.0461]},"west":{"uv":[0.4566,15.1565],"uv_size":[0.0434,0.0154]}}},{"origin":[-1.25,15,-0.5],"size":[1.75,0.25,0.25],"uv":{"down":{"uv":[0.5425,15.531],"uv_size":[-0.1013,-0.0154]},"east":{"uv":[0.4855,15.0471],"uv_size":[0.0145,0.0154]},"north":{"uv":[0.3987,15.0471],"uv_size":[0.1013,0.0154]},"south":{"uv":[0.4428,15.0471],"uv_size":[0.1013,0.0154]},"up":{"uv":[0.5425,15.4841],"uv_size":[-0.1013,-0.0154]},"west":{"uv":[0.4414,15.0471],"uv_size":[0.0145,0.0154]}}},{"origin":[-1.25,15,0.5],"size":[1.75,0.25,0.25],"uv":{"down":{"uv":[0.5425,15.4685],"uv_size":[-0.1013,-0.0154]},"east":{"uv":[0.4267,15.0471],"uv_size":[0.0145,0.0154]},"north":{"uv":[0.3987,15.0471],"uv_size":[0.1013,0.0154]},"south":{"uv":[0.4428,15.0471],"uv_size":[0.1013,0.0154]},"up":{"uv":[0.5425,15.5466],"uv_size":[-0.1013,-0.0154]},"west":{"uv":[0.5002,15.0471],"uv_size":[0.0145,0.0154]}}},{"origin":[-1.5,15,-0.25],"size":[2.25,0.25,0.75],"uv":{"down":{"uv":[0.5567,15.5149],"uv_size":[-0.1302,-0.0461]},"east":{"uv":[0.4419,15.0471],"uv_size":[0.0434,0.0154]},"north":{"uv":[0.3845,15.0471],"uv_size":[0.1302,0.0154]},"south":{"uv":[0.4286,15.0471],"uv_size":[0.1302,0.0154]},"up":{"uv":[0.5567,15.5305],"uv_size":[-0.1302,-0.0461]},"west":{"uv":[0.4566,15.0471],"uv_size":[0.0434,0.0154]}}},{"origin":[0.75,14.75,-0.25],"size":[0.5,0.25,0.75],"uv":{"down":{"uv":[0.426,15.5149],"uv_size":[-0.0289,-0.0461]},"east":{"uv":[0.4419,15.0628],"uv_size":[0.0434,0.0154]},"north":{"uv":[0.5152,15.0628],"uv_size":[0.0289,0.0154]},"south":{"uv":[0.3975,15.0628],"uv_size":[0.0289,0.0154]},"up":{"uv":[0.426,15.5305],"uv_size":[-0.0289,-0.0461]},"west":{"uv":[0.4566,15.0628],"uv_size":[0.0434,0.0154]}}},{"origin":[1,14.25,-0.25],"size":[0.25,0.25,0.75],"uv":{"down":{"uv":[0.4115,15.5149],"uv_size":[-0.0145,-0.0461]},"east":{"uv":[0.4419,15.094],"uv_size":[0.0434,0.0154]},"north":{"uv":[0.5296,15.094],"uv_size":[0.0145,0.0154]},"south":{"uv":[0.3973,15.094],"uv_size":[0.0145,0.0154]},"up":{"uv":[0.4115,15.5305],"uv_size":[-0.0145,-0.0461]},"west":{"uv":[0.4566,15.094],"uv_size":[0.0434,0.0154]}}},{"origin":[0.75,14.5,-0.25],"size":[0.75,0.25,0.75],"uv":{"down":{"uv":[0.4258,15.5149],"uv_size":[-0.0434,-0.0461]},"east":{"uv":[0.4419,15.0784],"uv_size":[0.0434,0.0154]},"north":{"uv":[0.5154,15.0784],"uv_size":[0.0434,0.0154]},"south":{"uv":[0.3831,15.0784],"uv_size":[0.0434,0.0154]},"up":{"uv":[0.4258,15.5305],"uv_size":[-0.0434,-0.0461]},"west":{"uv":[0.4566,15.0784],"uv_size":[0.0434,0.0154]}}},{"origin":[-1.75,14,-0.25],"size":[1,0.5,0.75],"uv":{"down":{"uv":[1.5138,15.5149],"uv_size":[-0.0579,-0.0461]},"east":{"uv":[1.3831,15.0943],"uv_size":[0.0434,0.0308]},"north":{"uv":[1.3098,15.0943],"uv_size":[0.0579,0.0308]},"south":{"uv":[1.4568,15.0943],"uv_size":[0.0579,0.0308]},"up":{"uv":[1.5138,15.5305],"uv_size":[-0.0579,-0.0461]},"west":{"uv":[1.3978,15.0943],"uv_size":[0.0434,0.0308]}}},{"origin":[-2.75,13,-0.25],"size":[2,0.5,0.75],"uv":{"down":{"uv":[1.5716,15.5149],"uv_size":[-0.1158,-0.0461]},"east":{"uv":[1.3831,15.1568],"uv_size":[0.0434,0.0308]},"north":{"uv":[1.2519,15.1568],"uv_size":[0.1158,0.0308]},"south":{"uv":[1.4578,15.1568],"uv_size":[0.1158,0.0308]},"up":{"uv":[1.5716,15.5305],"uv_size":[-0.1158,-0.0461]},"west":{"uv":[1.3978,15.1568],"uv_size":[0.0434,0.0308]}}},{"origin":[-2.25,13.5,-0.25],"size":[1.5,0.5,0.75],"uv":{"down":{"uv":[1.5427,15.5149],"uv_size":[-0.0868,-0.0461]},"east":{"uv":[1.3831,15.1255],"uv_size":[0.0434,0.0308]},"north":{"uv":[1.2808,15.1255],"uv_size":[0.0868,0.0308]},"south":{"uv":[1.4573,15.1255],"uv_size":[0.0868,0.0308]},"up":{"uv":[1.5427,15.5305],"uv_size":[-0.0868,-0.0461]},"west":{"uv":[1.3978,15.1255],"uv_size":[0.0434,0.0308]}}},{"origin":[-1,14.75,0.5],"size":[1.5,0.25,0.25],"uv":{"down":{"uv":[1.4692,15.4685],"uv_size":[-0.0868,-0.0154]},"east":{"uv":[1.3679,15.0628],"uv_size":[0.0145,0.0154]},"north":{"uv":[1.3544,15.0628],"uv_size":[0.0868,0.0154]},"south":{"uv":[1.3838,15.0628],"uv_size":[0.0868,0.0154]},"up":{"uv":[1.4692,15.5466],"uv_size":[-0.0868,-0.0154]},"west":{"uv":[1.4414,15.0628],"uv_size":[0.0145,0.0154]}}},{"origin":[-1,14.75,-0.5],"size":[1.5,0.25,0.25],"uv":{"down":{"uv":[1.4692,15.531],"uv_size":[-0.0868,-0.0154]},"east":{"uv":[1.4267,15.0628],"uv_size":[0.0145,0.0154]},"north":{"uv":[1.3544,15.0628],"uv_size":[0.0868,0.0154]},"south":{"uv":[1.3838,15.0628],"uv_size":[0.0868,0.0154]},"up":{"uv":[1.4692,15.4841],"uv_size":[-0.0868,-0.0154]},"west":{"uv":[1.3826,15.0628],"uv_size":[0.0145,0.0154]}}},{"origin":[-1.25,14.5,0.5],"size":[1.75,0.25,0.25],"uv":{"down":{"uv":[1.4836,15.4685],"uv_size":[-0.1013,-0.0154]},"east":{"uv":[1.3679,15.0784],"uv_size":[0.0145,0.0154]},"north":{"uv":[1.3399,15.0784],"uv_size":[0.1013,0.0154]},"south":{"uv":[1.384,15.0784],"uv_size":[0.1013,0.0154]},"up":{"uv":[1.4836,15.5466],"uv_size":[-0.1013,-0.0154]},"west":{"uv":[1.4414,15.0784],"uv_size":[0.0145,0.0154]}}},{"origin":[-1.25,14.5,-0.5],"size":[1.75,0.25,0.25],"uv":{"down":{"uv":[1.4836,15.531],"uv_size":[-0.1013,-0.0154]},"east":{"uv":[1.4267,15.0784],"uv_size":[0.0145,0.0154]},"north":{"uv":[1.3399,15.0784],"uv_size":[0.1013,0.0154]},"south":{"uv":[1.384,15.0784],"uv_size":[0.1013,0.0154]},"up":{"uv":[1.4836,15.4841],"uv_size":[-0.1013,-0.0154]},"west":{"uv":[1.3826,15.0784],"uv_size":[0.0145,0.0154]}}},{"origin":[-1.5,14.25,0.5],"size":[2,0.25,0.25],"uv":{"down":{"uv":[1.4981,15.4685],"uv_size":[-0.1158,-0.0154]},"east":{"uv":[1.3679,15.094],"uv_size":[0.0145,0.0154]},"north":{"uv":[1.3254,15.094],"uv_size":[0.1158,0.0154]},"south":{"uv":[1.3842,15.094],"uv_size":[0.1158,0.0154]},"up":{"uv":[1.4981,15.5466],"uv_size":[-0.1158,-0.0154]},"west":{"uv":[1.4414,15.094],"uv_size":[0.0145,0.0154]}}},{"origin":[-1.5,14.25,-0.5],"size":[2,0.25,0.25],"uv":{"down":{"uv":[1.4981,15.531],"uv_size":[-0.1158,-0.0154]},"east":{"uv":[1.4267,15.094],"uv_size":[0.0145,0.0154]},"north":{"uv":[1.3254,15.094],"uv_size":[0.1158,0.0154]},"south":{"uv":[1.3842,15.094],"uv_size":[0.1158,0.0154]},"up":{"uv":[1.4981,15.4841],"uv_size":[-0.1158,-0.0154]},"west":{"uv":[1.3826,15.094],"uv_size":[0.0145,0.0154]}}},{"origin":[-1.75,14,0.5],"size":[2.25,0.25,0.25],"uv":{"down":{"uv":[1.5126,15.4685],"uv_size":[-0.1302,-0.0154]},"east":{"uv":[1.3679,15.1096],"uv_size":[0.0145,0.0154]},"north":{"uv":[1.3109,15.1096],"uv_size":[0.1302,0.0154]},"south":{"uv":[1.3845,15.1096],"uv_size":[0.1302,0.0154]},"up":{"uv":[1.5126,15.5466],"uv_size":[-0.1302,-0.0154]},"west":{"uv":[1.4414,15.1096],"uv_size":[0.0145,0.0154]}}},{"origin":[-1.75,14,-0.5],"size":[2.25,0.25,0.25],"uv":{"down":{"uv":[1.5126,15.531],"uv_size":[-0.1302,-0.0154]},"east":{"uv":[1.4267,15.1096],"uv_size":[0.0145,0.0154]},"north":{"uv":[1.3109,15.1096],"uv_size":[0.1302,0.0154]},"south":{"uv":[1.3845,15.1096],"uv_size":[0.1302,0.0154]},"up":{"uv":[1.5126,15.4841],"uv_size":[-0.1302,-0.0154]},"west":{"uv":[1.3826,15.1096],"uv_size":[0.0145,0.0154]}}},{"origin":[-2,13.75,0.5],"size":[2.5,0.25,0.25],"uv":{"down":{"uv":[1.5271,15.4685],"uv_size":[-0.1447,-0.0154]},"east":{"uv":[1.3679,15.1253],"uv_size":[0.0145,0.0154]},"north":{"uv":[1.2965,15.1253],"uv_size":[0.1447,0.0154]},"south":{"uv":[1.3847,15.1253],"uv_size":[0.1447,0.0154]},"up":{"uv":[1.5271,15.5466],"uv_size":[-0.1447,-0.0154]},"west":{"uv":[1.4414,15.1253],"uv_size":[0.0145,0.0154]}}},{"origin":[-2,13.75,-0.5],"size":[2.5,0.25,0.25],"uv":{"down":{"uv":[1.5271,15.531],"uv_size":[-0.1447,-0.0154]},"east":{"uv":[1.4267,15.1253],"uv_size":[0.0145,0.0154]},"north":{"uv":[1.2965,15.1253],"uv_size":[0.1447,0.0154]},"south":{"uv":[1.3847,15.1253],"uv_size":[0.1447,0.0154]},"up":{"uv":[1.5271,15.4841],"uv_size":[-0.1447,-0.0154]},"west":{"uv":[1.3826,15.1253],"uv_size":[0.0145,0.0154]}}},{"origin":[-2.25,13.5,0.5],"size":[2.75,0.25,0.25],"uv":{"down":{"uv":[1.5415,15.4685],"uv_size":[-0.1592,-0.0154]},"east":{"uv":[1.3679,15.1409],"uv_size":[0.0145,0.0154]},"north":{"uv":[1.282,15.1409],"uv_size":[0.1592,0.0154]},"south":{"uv":[1.3849,15.1409],"uv_size":[0.1592,0.0154]},"up":{"uv":[1.5415,15.5466],"uv_size":[-0.1592,-0.0154]},"west":{"uv":[1.4414,15.1409],"uv_size":[0.0145,0.0154]}}},{"origin":[-2.25,13.5,-0.5],"size":[2.75,0.25,0.25],"uv":{"down":{"uv":[1.5415,15.531],"uv_size":[-0.1592,-0.0154]},"east":{"uv":[1.4267,15.1409],"uv_size":[0.0145,0.0154]},"north":{"uv":[1.282,15.1409],"uv_size":[0.1592,0.0154]},"south":{"uv":[1.3849,15.1409],"uv_size":[0.1592,0.0154]},"up":{"uv":[1.5415,15.4841],"uv_size":[-0.1592,-0.0154]},"west":{"uv":[1.3826,15.1409],"uv_size":[0.0145,0.0154]}}},{"origin":[-2.5,13.25,0.5],"size":[3,0.25,0.25],"uv":{"down":{"uv":[1.556,15.4685],"uv_size":[-0.1736,-0.0154]},"east":{"uv":[1.3679,15.1565],"uv_size":[0.0145,0.0154]},"north":{"uv":[1.2675,15.1565],"uv_size":[0.1736,0.0154]},"south":{"uv":[1.3852,15.1565],"uv_size":[0.1736,0.0154]},"up":{"uv":[1.556,15.5466],"uv_size":[-0.1736,-0.0154]},"west":{"uv":[1.4414,15.1565],"uv_size":[0.0145,0.0154]}}},{"origin":[-2.5,13.25,-0.5],"size":[3,0.25,0.25],"uv":{"down":{"uv":[1.556,15.531],"uv_size":[-0.1736,-0.0154]},"east":{"uv":[1.4267,15.1565],"uv_size":[0.0145,0.0154]},"north":{"uv":[1.2675,15.1565],"uv_size":[0.1736,0.0154]},"south":{"uv":[1.3852,15.1565],"uv_size":[0.1736,0.0154]},"up":{"uv":[1.556,15.4841],"uv_size":[-0.1736,-0.0154]},"west":{"uv":[1.3826,15.1565],"uv_size":[0.0145,0.0154]}}},{"origin":[-2.75,13,0.5],"size":[3.25,0.25,0.25],"uv":{"down":{"uv":[1.5705,15.4685],"uv_size":[-0.1881,-0.0154]},"east":{"uv":[1.3679,15.1721],"uv_size":[0.0145,0.0154]},"north":{"uv":[1.2531,15.1721],"uv_size":[0.1881,0.0154]},"south":{"uv":[1.3854,15.1721],"uv_size":[0.1881,0.0154]},"up":{"uv":[1.5705,15.5466],"uv_size":[-0.1881,-0.0154]},"west":{"uv":[1.4414,15.1721],"uv_size":[0.0145,0.0154]}}},{"origin":[-2.75,13,-0.5],"size":[3.25,0.25,0.25],"uv":{"down":{"uv":[1.5705,15.531],"uv_size":[-0.1881,-0.0154]},"east":{"uv":[1.4267,15.1721],"uv_size":[0.0145,0.0154]},"north":{"uv":[1.2531,15.1721],"uv_size":[0.1881,0.0154]},"south":{"uv":[1.3854,15.1721],"uv_size":[0.1881,0.0154]},"up":{"uv":[1.5705,15.4841],"uv_size":[-0.1881,-0.0154]},"west":{"uv":[1.3826,15.1721],"uv_size":[0.0145,0.0154]}}},{"origin":[-0.25,12.5,0.75],"size":[0.75,0.5,0.25],"uv":{"down":{"uv":[1.4258,15.4529],"uv_size":[-0.0434,-0.0154]},"east":{"uv":[1.3532,15.188],"uv_size":[0.0145,0.0308]},"north":{"uv":[1.3978,15.188],"uv_size":[0.0434,0.0308]},"south":{"uv":[1.3831,15.188],"uv_size":[0.0434,0.0308]},"up":{"uv":[1.4258,15.5623],"uv_size":[-0.0434,-0.0154]},"west":{"uv":[1.4561,15.188],"uv_size":[0.0145,0.0308]}}},{"origin":[-0.25,12.5,-0.75],"size":[0.75,0.5,0.25],"uv":{"down":{"uv":[1.4258,15.5466],"uv_size":[-0.0434,-0.0154]},"east":{"uv":[1.4414,15.188],"uv_size":[0.0145,0.0308]},"north":{"uv":[1.3978,15.188],"uv_size":[0.0434,0.0308]},"south":{"uv":[1.3831,15.188],"uv_size":[0.0434,0.0308]},"up":{"uv":[1.4258,15.4685],"uv_size":[-0.0434,-0.0154]},"west":{"uv":[1.3679,15.188],"uv_size":[0.0145,0.0308]}}},{"origin":[-1,14.75,-0.25],"size":[1.75,0.25,0.75],"uv":{"down":{"uv":[1.4689,15.5149],"uv_size":[-0.1013,-0.0461]},"east":{"uv":[1.3831,15.0628],"uv_size":[0.0434,0.0154]},"north":{"uv":[1.3546,15.0628],"uv_size":[0.1013,0.0154]},"south":{"uv":[1.3693,15.0628],"uv_size":[0.1013,0.0154]},"up":{"uv":[1.4689,15.5305],"uv_size":[-0.1013,-0.0461]},"west":{"uv":[1.3978,15.0628],"uv_size":[0.0434,0.0154]}}},{"origin":[-1.5,14.5,-0.25],"size":[2.25,0.25,0.75],"uv":{"down":{"uv":[1.4979,15.5149],"uv_size":[-0.1302,-0.0461]},"east":{"uv":[1.3831,15.0784],"uv_size":[0.0434,0.0154]},"north":{"uv":[1.3256,15.0784],"uv_size":[0.1302,0.0154]},"south":{"uv":[1.3698,15.0784],"uv_size":[0.1302,0.0154]},"up":{"uv":[1.4979,15.5305],"uv_size":[-0.1302,-0.0461]},"west":{"uv":[1.3978,15.0784],"uv_size":[0.0434,0.0154]}}},{"origin":[-0.5,12.5,0.5],"size":[1.25,0.5,0.25],"uv":{"down":{"uv":[1.44,15.4685],"uv_size":[-0.0724,-0.0154]},"east":{"uv":[1.3679,15.188],"uv_size":[0.0145,0.0308]},"north":{"uv":[1.3835,15.188],"uv_size":[0.0724,0.0308]},"south":{"uv":[1.3688,15.188],"uv_size":[0.0724,0.0308]},"up":{"uv":[1.44,15.5466],"uv_size":[-0.0724,-0.0154]},"west":{"uv":[1.4414,15.188],"uv_size":[0.0145,0.0308]}}},{"origin":[-0.5,12.5,-0.5],"size":[1.25,0.5,0.25],"uv":{"down":{"uv":[1.44,15.531],"uv_size":[-0.0724,-0.0154]},"east":{"uv":[1.4267,15.188],"uv_size":[0.0145,0.0308]},"north":{"uv":[1.3835,15.188],"uv_size":[0.0724,0.0308]},"south":{"uv":[1.3688,15.188],"uv_size":[0.0724,0.0308]},"up":{"uv":[1.44,15.4841],"uv_size":[-0.0724,-0.0154]},"west":{"uv":[1.3826,15.188],"uv_size":[0.0145,0.0308]}}},{"origin":[-0.75,12.5,-0.25],"size":[1.75,2,0.75],"uv":{"down":{"uv":[1.4542,15.5149],"uv_size":[-0.1013,-0.0461]},"east":{"uv":[1.3831,15.0958],"uv_size":[0.0434,0.123]},"north":{"uv":[1.3693,15.0958],"uv_size":[0.1013,0.123]},"south":{"uv":[1.3546,15.0958],"uv_size":[0.1013,0.123]},"up":{"uv":[1.4542,15.5305],"uv_size":[-0.1013,-0.0461]},"west":{"uv":[1.3978,15.0958],"uv_size":[0.0434,0.123]}}},{"origin":[-0.75,4.5,2.75],"size":[1.75,7.75,0.25],"uv":{"down":{"uv":[7.1013,15.3279],"uv_size":[-0.1013,-0.0154]},"east":{"uv":[6.8826,15.2421],"uv_size":[0.0145,0.4766]},"north":{"uv":[7.0164,15.2421],"uv_size":[0.1013,0.4766]},"south":{"uv":[7.0016,15.2421],"uv_size":[0.1013,0.4766]},"up":{"uv":[7.1013,15.6873],"uv_size":[-0.1013,-0.0154]},"west":{"uv":[7.2208,15.2421],"uv_size":[0.0145,0.4766]}}},{"origin":[-0.75,4.5,-2.75],"size":[1.75,7.75,0.25],"uv":{"down":{"uv":[7.1013,15.6716],"uv_size":[-0.1013,-0.0154]},"east":{"uv":[7.2061,15.2421],"uv_size":[0.0145,0.4766]},"north":{"uv":[7.0164,15.2421],"uv_size":[0.1013,0.4766]},"south":{"uv":[7.0016,15.2421],"uv_size":[0.1013,0.4766]},"up":{"uv":[7.1013,15.3435],"uv_size":[-0.1013,-0.0154]},"west":{"uv":[6.8973,15.2421],"uv_size":[0.0145,0.4766]}}},{"origin":[-0.75,0.5,-2.75],"size":[1.75,2.5,0.25],"uv":{"down":{"uv":[7.1013,15.6716],"uv_size":[-0.1013,-0.0154]},"east":{"uv":[7.2061,15.815],"uv_size":[0.0145,0.1538]},"north":{"uv":[7.0164,15.815],"uv_size":[0.1013,0.1538]},"south":{"uv":[7.0016,15.815],"uv_size":[0.1013,0.1538]},"up":{"uv":[7.1013,15.3435],"uv_size":[-0.1013,-0.0154]},"west":{"uv":[6.8973,15.815],"uv_size":[0.0145,0.1538]}}},{"origin":[-1.25,4.5,-2.5],"size":[2.75,7.75,0.25],"uv":{"down":{"uv":[7.1298,15.656],"uv_size":[-0.1592,-0.0154]},"east":{"uv":[7.1914,15.2421],"uv_size":[0.0145,0.4766]},"north":{"uv":[6.9879,15.2421],"uv_size":[0.1592,0.4766]},"south":{"uv":[6.9732,15.2421],"uv_size":[0.1592,0.4766]},"up":{"uv":[7.1298,15.3591],"uv_size":[-0.1592,-0.0154]},"west":{"uv":[6.912,15.2421],"uv_size":[0.0145,0.4766]}}},{"origin":[-1.25,4.5,2.5],"size":[2.75,7.75,0.25],"uv":{"down":{"uv":[7.1298,15.3435],"uv_size":[-0.1592,-0.0154]},"east":{"uv":[6.8973,15.2421],"uv_size":[0.0145,0.4766]},"north":{"uv":[6.9879,15.2421],"uv_size":[0.1592,0.4766]},"south":{"uv":[6.9732,15.2421],"uv_size":[0.1592,0.4766]},"up":{"uv":[7.1298,15.6716],"uv_size":[-0.1592,-0.0154]},"west":{"uv":[7.2061,15.2421],"uv_size":[0.0145,0.4766]}}},{"origin":[-0.75,0.5,2.75],"size":[1.75,2.5,0.25],"uv":{"down":{"uv":[7.1013,15.3279],"uv_size":[-0.1013,-0.0154]},"east":{"uv":[6.8826,15.815],"uv_size":[0.0145,0.1538]},"north":{"uv":[7.0164,15.815],"uv_size":[0.1013,0.1538]},"south":{"uv":[7.0016,15.815],"uv_size":[0.1013,0.1538]},"up":{"uv":[7.1013,15.6873],"uv_size":[-0.1013,-0.0154]},"west":{"uv":[7.2208,15.815],"uv_size":[0.0145,0.1538]}}},{"origin":[-1.25,0.5,2.5],"size":[2.75,2.5,0.25],"uv":{"down":{"uv":[7.1298,15.3435],"uv_size":[-0.1592,-0.0154]},"east":{"uv":[6.8973,15.815],"uv_size":[0.0145,0.1538]},"north":{"uv":[6.9879,15.815],"uv_size":[0.1592,0.1538]},"south":{"uv":[6.9732,15.815],"uv_size":[0.1592,0.1538]},"up":{"uv":[7.1298,15.6716],"uv_size":[-0.1592,-0.0154]},"west":{"uv":[7.2061,15.815],"uv_size":[0.0145,0.1538]}}},{"origin":[-1.25,0.5,-2.5],"size":[2.75,2.5,0.25],"uv":{"down":{"uv":[7.1298,15.656],"uv_size":[-0.1592,-0.0154]},"east":{"uv":[7.1914,15.815],"uv_size":[0.0145,0.1538]},"north":{"uv":[6.9879,15.815],"uv_size":[0.1592,0.1538]},"south":{"uv":[6.9732,15.815],"uv_size":[0.1592,0.1538]},"up":{"uv":[7.1298,15.3591],"uv_size":[-0.1592,-0.0154]},"west":{"uv":[6.912,15.815],"uv_size":[0.0145,0.1538]}}},{"origin":[-1.75,4.5,2.25],"size":[3.75,7.75,0.25],"uv":{"down":{"uv":[7.1582,15.3591],"uv_size":[-0.2171,-0.0154]},"east":{"uv":[6.912,15.2421],"uv_size":[0.0145,0.4766]},"north":{"uv":[6.9594,15.2421],"uv_size":[0.2171,0.4766]},"south":{"uv":[6.9447,15.2421],"uv_size":[0.2171,0.4766]},"up":{"uv":[7.1582,15.656],"uv_size":[-0.2171,-0.0154]},"west":{"uv":[7.1914,15.2421],"uv_size":[0.0145,0.4766]}}},{"origin":[-1.75,4.5,-2.25],"size":[3.75,7.75,0.25],"uv":{"down":{"uv":[7.1582,15.6404],"uv_size":[-0.2171,-0.0154]},"east":{"uv":[7.1767,15.2421],"uv_size":[0.0145,0.4766]},"north":{"uv":[6.9594,15.2421],"uv_size":[0.2171,0.4766]},"south":{"uv":[6.9447,15.2421],"uv_size":[0.2171,0.4766]},"up":{"uv":[7.1582,15.3748],"uv_size":[-0.2171,-0.0154]},"west":{"uv":[6.9267,15.2421],"uv_size":[0.0145,0.4766]}}},{"origin":[-1.75,0.5,2.25],"size":[3.75,2.5,0.25],"uv":{"down":{"uv":[7.1582,15.3591],"uv_size":[-0.2171,-0.0154]},"east":{"uv":[6.912,15.815],"uv_size":[0.0145,0.1538]},"north":{"uv":[6.9594,15.815],"uv_size":[0.2171,0.1538]},"south":{"uv":[6.9447,15.815],"uv_size":[0.2171,0.1538]},"up":{"uv":[7.1582,15.656],"uv_size":[-0.2171,-0.0154]},"west":{"uv":[7.1914,15.815],"uv_size":[0.0145,0.1538]}}},{"origin":[-1.75,0.5,-2.25],"size":[3.75,2.5,0.25],"uv":{"down":{"uv":[7.1582,15.6404],"uv_size":[-0.2171,-0.0154]},"east":{"uv":[7.1767,15.815],"uv_size":[0.0145,0.1538]},"north":{"uv":[6.9594,15.815],"uv_size":[0.2171,0.1538]},"south":{"uv":[6.9447,15.815],"uv_size":[0.2171,0.1538]},"up":{"uv":[7.1582,15.3748],"uv_size":[-0.2171,-0.0154]},"west":{"uv":[6.9267,15.815],"uv_size":[0.0145,0.1538]}}},{"origin":[-2,4.5,2],"size":[4.25,7.75,0.25],"uv":{"down":{"uv":[7.1725,15.3748],"uv_size":[-0.246,-0.0154]},"east":{"uv":[6.9267,15.2421],"uv_size":[0.0145,0.4766]},"north":{"uv":[6.9452,15.2421],"uv_size":[0.246,0.4766]},"south":{"uv":[6.9305,15.2421],"uv_size":[0.246,0.4766]},"up":{"uv":[7.1725,15.6404],"uv_size":[-0.246,-0.0154]},"west":{"uv":[7.1767,15.2421],"uv_size":[0.0145,0.4766]}}},{"origin":[-2,4.5,-2],"size":[4.25,7.75,0.25],"uv":{"down":{"uv":[7.1725,15.6248],"uv_size":[-0.246,-0.0154]},"east":{"uv":[7.162,15.2421],"uv_size":[0.0145,0.4766]},"north":{"uv":[6.9452,15.2421],"uv_size":[0.246,0.4766]},"south":{"uv":[6.9305,15.2421],"uv_size":[0.246,0.4766]},"up":{"uv":[7.1725,15.3904],"uv_size":[-0.246,-0.0154]},"west":{"uv":[6.9414,15.2421],"uv_size":[0.0145,0.4766]}}},{"origin":[-2,0.5,2],"size":[4.25,2.5,0.25],"uv":{"down":{"uv":[7.1725,15.3748],"uv_size":[-0.246,-0.0154]},"east":{"uv":[6.9267,15.815],"uv_size":[0.0145,0.1538]},"north":{"uv":[6.9452,15.815],"uv_size":[0.246,0.1538]},"south":{"uv":[6.9305,15.815],"uv_size":[0.246,0.1538]},"up":{"uv":[7.1725,15.6404],"uv_size":[-0.246,-0.0154]},"west":{"uv":[7.1767,15.815],"uv_size":[0.0145,0.1538]}}},{"origin":[-2,0.5,-2],"size":[4.25,2.5,0.25],"uv":{"down":{"uv":[7.1725,15.6248],"uv_size":[-0.246,-0.0154]},"east":{"uv":[7.162,15.815],"uv_size":[0.0145,0.1538]},"north":{"uv":[6.9452,15.815],"uv_size":[0.246,0.1538]},"south":{"uv":[6.9305,15.815],"uv_size":[0.246,0.1538]},"up":{"uv":[7.1725,15.3904],"uv_size":[-0.246,-0.0154]},"west":{"uv":[6.9414,15.815],"uv_size":[0.0145,0.1538]}}},{"origin":[-2.25,4.5,1.5],"size":[4.75,7.75,0.5],"uv":{"down":{"uv":[7.1867,15.4058],"uv_size":[-0.2749,-0.0308]},"east":{"uv":[6.9416,15.2421],"uv_size":[0.0289,0.4766]},"north":{"uv":[6.9309,15.2421],"uv_size":[0.2749,0.4766]},"south":{"uv":[6.9162,15.2421],"uv_size":[0.2749,0.4766]},"up":{"uv":[7.1867,15.6245],"uv_size":[-0.2749,-0.0308]},"west":{"uv":[7.1475,15.2421],"uv_size":[0.0289,0.4766]}}},{"origin":[-2.25,4.5,-1.75],"size":[4.75,7.75,0.5],"uv":{"down":{"uv":[7.1867,15.6089],"uv_size":[-0.2749,-0.0308]},"east":{"uv":[7.1328,15.2421],"uv_size":[0.0289,0.4766]},"north":{"uv":[6.9309,15.2421],"uv_size":[0.2749,0.4766]},"south":{"uv":[6.9162,15.2421],"uv_size":[0.2749,0.4766]},"up":{"uv":[7.1867,15.4214],"uv_size":[-0.2749,-0.0308]},"west":{"uv":[6.9564,15.2421],"uv_size":[0.0289,0.4766]}}},{"origin":[-2.25,0.5,1.5],"size":[4.75,2.5,0.5],"uv":{"down":{"uv":[7.1867,15.4058],"uv_size":[-0.2749,-0.0308]},"east":{"uv":[6.9416,15.815],"uv_size":[0.0289,0.1538]},"north":{"uv":[6.9309,15.815],"uv_size":[0.2749,0.1538]},"south":{"uv":[6.9162,15.815],"uv_size":[0.2749,0.1538]},"up":{"uv":[7.1867,15.6245],"uv_size":[-0.2749,-0.0308]},"west":{"uv":[7.1475,15.815],"uv_size":[0.0289,0.1538]}}},{"origin":[-2.25,0.5,-1.75],"size":[4.75,2.5,0.5],"uv":{"down":{"uv":[7.1867,15.6089],"uv_size":[-0.2749,-0.0308]},"east":{"uv":[7.1328,15.815],"uv_size":[0.0289,0.1538]},"north":{"uv":[6.9309,15.815],"uv_size":[0.2749,0.1538]},"south":{"uv":[6.9162,15.815],"uv_size":[0.2749,0.1538]},"up":{"uv":[7.1867,15.4214],"uv_size":[-0.2749,-0.0308]},"west":{"uv":[6.9564,15.815],"uv_size":[0.0289,0.1538]}}},{"origin":[-2.5,4.5,1],"size":[5.25,7.75,0.5],"uv":{"down":{"uv":[7.2009,15.437],"uv_size":[-0.3039,-0.0308]},"east":{"uv":[6.9711,15.2421],"uv_size":[0.0289,0.4766]},"north":{"uv":[6.9167,15.2421],"uv_size":[0.3039,0.4766]},"south":{"uv":[6.902,15.2421],"uv_size":[0.3039,0.4766]},"up":{"uv":[7.2009,15.5933],"uv_size":[-0.3039,-0.0308]},"west":{"uv":[7.1181,15.2421],"uv_size":[0.0289,0.4766]}}},{"origin":[-2.5,4.5,-1.25],"size":[5.25,7.75,0.5],"uv":{"down":{"uv":[7.2009,15.5776],"uv_size":[-0.3039,-0.0308]},"east":{"uv":[7.1034,15.2421],"uv_size":[0.0289,0.4766]},"north":{"uv":[6.9167,15.2421],"uv_size":[0.3039,0.4766]},"south":{"uv":[6.902,15.2421],"uv_size":[0.3039,0.4766]},"up":{"uv":[7.2009,15.4526],"uv_size":[-0.3039,-0.0308]},"west":{"uv":[6.9858,15.2421],"uv_size":[0.0289,0.4766]}}},{"origin":[-2.5,0.5,1],"size":[5.25,2.5,0.5],"uv":{"down":{"uv":[7.2009,15.437],"uv_size":[-0.3039,-0.0308]},"east":{"uv":[6.9711,15.815],"uv_size":[0.0289,0.1538]},"north":{"uv":[6.9167,15.815],"uv_size":[0.3039,0.1538]},"south":{"uv":[6.902,15.815],"uv_size":[0.3039,0.1538]},"up":{"uv":[7.2009,15.5933],"uv_size":[-0.3039,-0.0308]},"west":{"uv":[7.1181,15.815],"uv_size":[0.0289,0.1538]}}},{"origin":[-2.5,0.5,-1.25],"size":[5.25,2.5,0.5],"uv":{"down":{"uv":[7.2009,15.5776],"uv_size":[-0.3039,-0.0308]},"east":{"uv":[7.1034,15.815],"uv_size":[0.0289,0.1538]},"north":{"uv":[6.9167,15.815],"uv_size":[0.3039,0.1538]},"south":{"uv":[6.902,15.815],"uv_size":[0.3039,0.1538]},"up":{"uv":[7.2009,15.4526],"uv_size":[-0.3039,-0.0308]},"west":{"uv":[6.9858,15.815],"uv_size":[0.0289,0.1538]}}},{"origin":[-2.75,4.5,-0.75],"size":[5.75,7.75,1.75],"uv":{"down":{"uv":[7.2152,15.5451],"uv_size":[-0.3328,-0.1076]},"east":{"uv":[7.0016,15.2421],"uv_size":[0.1013,0.4766]},"north":{"uv":[6.9025,15.2421],"uv_size":[0.3328,0.4766]},"south":{"uv":[6.8878,15.2421],"uv_size":[0.3328,0.4766]},"up":{"uv":[7.2152,15.5608],"uv_size":[-0.3328,-0.1076]},"west":{"uv":[7.0164,15.2421],"uv_size":[0.1013,0.4766]}}},{"origin":[-2.75,0.5,-0.75],"size":[5.75,2.5,1.75],"uv":{"down":{"uv":[7.2152,15.5451],"uv_size":[-0.3328,-0.1076]},"east":{"uv":[7.0016,15.815],"uv_size":[0.1013,0.1538]},"north":{"uv":[6.9025,15.815],"uv_size":[0.3328,0.1538]},"south":{"uv":[6.8878,15.815],"uv_size":[0.3328,0.1538]},"up":{"uv":[7.2152,15.5608],"uv_size":[-0.3328,-0.1076]},"west":{"uv":[7.0164,15.815],"uv_size":[0.1013,0.1538]}}}],"name":"geyser_custom_z","parent":"geyser_custom_y","pivot":[0,8,0]}],"description":{"identifier":"geometry.geyser_custom.geo_5e1506f","texture_height":16,"texture_width":16,"visible_bounds_height":4.5,"visible_bounds_offset":[0,0.75,0],"visible_bounds_width":4}}]}