{
  "format_version": "1.12.0",
  "minecraft:geometry": [
    {
      "bones": [
        {
          "cubes": [
            {
              "origin": [
                -4,
                25,
                -4
              ],
              "size": [
                8,
                8,
                8
              ],
              "uv": [
                0,
                16
              ]
            },
            {
              "origin": [
                1.5,
                29.6,
                0
              ],
              "pivot": [
                5,
                31,
                2
              ],
              "rotation": [
                0,
                0,
                22.5
              ],
              "size": [
                7,
                4,
                0
              ],
              "uv": [
                32,
                22
              ]
            },
            {
              "mirror": true,
              "origin": [
                -8.5,
                29.6,
                0
              ],
              "pivot": [
                -5,
                31,
                2
              ],
              "rotation": [
                0,
                0,
                -22.5
              ],
              "size": [
                7,
                4,
                0
              ],
              "uv": [
                32,
                22
              ]
            },
            {
              "mirror": true,
              "origin": [
                -6.7,
                32.5,
                -0.3
              ],
              "pivot": [
                -2.5,
                37.9,
                -0.2
              ],
              "rotation": [
                0,
                0,
                -22.5
              ],
              "size": [
                4,
                12,
                0
              ],
              "uv": [
                60,
                32
              ]
            },
            {
              "origin": [
                2.7,
                32.5,
                -0.3
              ],
              "pivot": [
                2.5,
                37.9,
                -0.2
              ],
              "rotation": [
                0,
                0,
                22.5
              ],
              "size": [
                4,
                12,
                0
              ],
              "uv": [
                60,
                32
              ]
            },
            {
              "inflate": 0.5,
              "origin": [
                -4.5,
                24.5,
                -4.5
              ],
              "size": [
                9,
                9,
                9
              ],
              "uv": [
                40,
                0
              ]
            }
          ],
          "name": "Head",
          "pivot": [
            0,
            25,
            0
          ],
          "rotation": [
            -6,
            5,
            0
          ]
        },
        {
          "cubes": [
            {
              "origin": [
                -4,
                12,
                -2
              ],
              "size": [
                8,
                13,
                4
              ],
              "uv": [
                0,
                32
              ]
            },
            {
              "inflate": 0.25,
              "origin": [
                -7.5,
                7.7,
                -2.6
              ],
              "size": [
                15,
                17,
                5
              ],
              "uv": [
                3,
                97
              ]
            },
            {
              "origin": [
                -4.5,
                21.25,
                -3.1
              ],
              "size": [
                9,
                4,
                5
              ],
              "uv": [
                85,
                19
              ]
            }
          ],
          "name": "Body",
          "pivot": [
            0,
            24,
            0
          ]
        },
        {
          "cubes": [
            {
              "mirror": true,
              "origin": [
                -7,
                10.5,
                -2
              ],
              "size": [
                3,
                14,
                4
              ],
              "uv": [
                20,
                45
              ]
            }
          ],
          "name": "RightArm",
          "pivot": [
            -5,
            22.5,
            0
          ]
        },
        {
          "cubes": [
            {
              "origin": [
                3.9,
                10.5,
                -2
              ],
              "pivot": [
                5.4,
                23.5,
                0
              ],
              "rotation": [
                0,
                0,
                -5
              ],
              "size": [
                3,
                14,
                4
              ],
              "uv": [
                20,
                45
              ]
            },
            {
              "origin": [
                5.4,
                7.5,
                -14.75
              ],
              "pivot": [
                5.4,
                23.5,
                0
              ],
              "rotation": [
                0,
                0,
                -5
              ],
              "size": [
                0,
                7,
                19
              ],
              "uv": [
                20,
                45
              ]
            }
          ],
          "name": "LeftArm",
          "pivot": [
            5,
            22.5,
            0
          ],
          "rotation": [
            0,
            0,
            2.5
          ]
        },
        {
          "cubes": [
            {
              "origin": [
                -3.9,
                0,
                -2
              ],
              "size": [
                4,
                12,
                4
              ],
              "uv": [
                0,
                49
              ]
            }
          ],
          "name": "RightLeg",
          "pivot": [
            -1.9,
            12,
            0
          ],
          "rotation": [
            -1.5,
            0,
            2
          ]
        },
        {
          "cubes": [
            {
              "mirror": true,
              "origin": [
                -0.1,
                0,
                -2
              ],
              "size": [
                4,
                12,
                4
              ],
              "uv": [
                0,
                49
              ]
            }
          ],
          "name": "LeftLeg",
          "pivot": [
            1.9,
            12,
            0
          ],
          "rotation": [
            0,
            0,
            -2
          ]
        }
      ],
      "description": {
        "identifier": "geometry.race.fayen.farmer.a",
        "texture_height": 128,
        "texture_width": 128,
        "visible_bounds_height": 4.5,
        "visible_bounds_offset": [
          0,
          1.75,
          0
        ],
        "visible_bounds_width": 3
      }
    }
  ]
}