{
  "format_version": "1.10.0",
  "minecraft:attachable": {
    "description": {
      "animations": {
        "attack": "animation.giga_sword.attack",
        "first_person": "animation.giga_sword.first_person",
        "third_person": "animation.giga_sword.third_person"
      },
      "geometry": {
        "default": "geometry.attachable.giga_sword"
      },
      "identifier": "cubecraft:giga_sword",
      "materials": {
        "default": "entity_alphatest",
        "enchanted": "entity_alphatest_glint"
      },
      "render_controllers": [
        "controller.render.agent"
      ],
      "scripts": {
        "animate": [
          {
            "first_person": "c.is_first_person"
          },
          {
            "third_person": "!c.is_first_person"
          },
          {
            "attack": "c.is_first_person && variable.attack_time > 0.0"
          }
        ],
        "pre_animation": [
          "variable.attack_time = c.owning_entity -> v.attack_time;"
        ]
      },
      "textures": {
        "default": "textures/attachable/giga_sword"
      }
    }
  }
}