{"format_version":"1.16.0","minecraft:geometry":[{"description":{"identifier":"geometry.geyser_custom.clownhelmet","texture_width":64,"texture_height":64,"visible_bounds_width":3,"visible_bounds_height":3.5,"visible_bounds_offset":[0,1.25,0]},"bones":[{"binding":"c.item_slot == 'head' ? 'head' : q.item_slot_to_bone_name(c.item_slot)","name":"geyser_custom","pivot":[0,8,0]},{"name":"geyser_custom_x","parent":"geyser_custom","pivot":[0,8,0]},{"name":"geyser_custom_y","parent":"geyser_custom_x","pivot":[0,8,0]},{"name":"geyser_custom_z","parent":"geyser_custom_y","pivot":[0,8,0],"rotation":[0,180,0],"cubes":[{"origin":[-1.2,4.8,5.6],"size":[2.4,2.4,1.6],"uv":{"north":{"uv":[20,34],"uv_size":[3,3]},"east":{"uv":[37,18],"uv_size":[-2,3]},"south":{"uv":[23,34],"uv_size":[3,3]},"west":{"uv":[35,18],"uv_size":[2,3]},"up":{"uv":[35,34],"uv_size":[3,2]},"down":{"uv":[35,36],"uv_size":[3,-2]}}},{"origin":[-5.6,1.6,4.8],"size":[11.2,4.8,0.8],"uv":{"north":{"uv":[0,20],"uv_size":[14,6]},"east":{"uv":[35,3],"uv_size":[1,6]},"south":{"uv":[14,20],"uv_size":[14,6]},"west":{"uv":[35,9],"uv_size":[1,6]},"up":{"uv":[14,33],"uv_size":[14,1]},"down":{"uv":[28,34],"uv_size":[14,-1]}}},{"origin":[3.2,6.4,4.8],"size":[2.4,2.4,0.8],"uv":{"north":{"uv":[26,34],"uv_size":[3,3]},"east":{"uv":[15,37],"uv_size":[1,3]},"south":{"uv":[29,34],"uv_size":[3,3]},"west":{"uv":[37,15],"uv_size":[1,3]},"up":{"uv":[16,37],"uv_size":[3,1]},"down":{"uv":[37,19],"uv_size":[3,-1]}}},{"origin":[-5.6,6.4,4.8],"size":[2.4,2.4,0.8],"uv":{"north":{"uv":[32,34],"uv_size":[3,3]},"east":{"uv":[21,37],"uv_size":[1,3]},"south":{"uv":[35,0],"uv_size":[3,3]},"west":{"uv":[22,37],"uv_size":[1,3]},"up":{"uv":[37,19],"uv_size":[3,1]},"down":{"uv":[37,21],"uv_size":[3,-1]}}},{"origin":[-1.6,6.4,4.8],"size":[3.2,2.4,0.8],"uv":{"north":{"uv":[12,34],"uv_size":[4,3]},"east":{"uv":[19,37],"uv_size":[1,3]},"south":{"uv":[16,34],"uv_size":[4,3]},"west":{"uv":[20,37],"uv_size":[1,3]},"up":{"uv":[35,23],"uv_size":[4,1]},"down":{"uv":[36,14],"uv_size":[4,-1]}}},{"origin":[-5.6,8.8,4.8],"size":[11.2,4,0.8],"uv":{"north":{"uv":[0,26],"uv_size":[14,5]},"east":{"uv":[36,3],"uv_size":[1,5]},"south":{"uv":[14,26],"uv_size":[14,5]},"west":{"uv":[36,8],"uv_size":[1,5]},"up":{"uv":[28,32],"uv_size":[14,1]},"down":{"uv":[0,34],"uv_size":[14,-1]}}},{"origin":[-11.2,12.8,5.6],"size":[22.4,8,0],"uv":{"north":{"uv":[28,10],"uv_size":[-28,10]},"east":{"uv":[0,0],"uv_size":[0,10]},"south":{"uv":[0,10],"uv_size":[28,10]},"west":{"uv":[0,0],"uv_size":[0,10]},"up":{"uv":[0,0],"uv_size":[28,0]},"down":{"uv":[0,0],"uv_size":[28,0]}}},{"origin":[5.6,8,5.6],"size":[5.6,4.8,0],"uv":{"north":{"uv":[35,6],"uv_size":[-7,6]},"east":{"uv":[0,0],"uv_size":[0,6]},"south":{"uv":[28,6],"uv_size":[7,6]},"west":{"uv":[0,0],"uv_size":[0,6]},"up":{"uv":[0,0],"uv_size":[7,0]},"down":{"uv":[0,0],"uv_size":[7,0]}}},{"origin":[-11.2,8,5.6],"size":[5.6,4.8,0],"uv":{"north":{"uv":[35,18],"uv_size":[-7,6]},"east":{"uv":[0,0],"uv_size":[0,6]},"south":{"uv":[28,18],"uv_size":[7,6]},"west":{"uv":[0,0],"uv_size":[0,6]},"up":{"uv":[0,0],"uv_size":[7,0]},"down":{"uv":[0,0],"uv_size":[7,0]}}},{"origin":[5.6,4.8,4.8],"size":[2.4,3.2,0.8],"uv":{"north":{"uv":[0,34],"uv_size":[3,4]},"east":{"uv":[35,36],"uv_size":[1,4]},"south":{"uv":[3,34],"uv_size":[3,4]},"west":{"uv":[36,36],"uv_size":[1,4]},"up":{"uv":[36,14],"uv_size":[3,1]},"down":{"uv":[37,12],"uv_size":[3,-1]}}},{"origin":[-8,4.8,4.8],"size":[2.4,3.2,0.8],"uv":{"north":{"uv":[6,34],"uv_size":[3,4]},"east":{"uv":[37,3],"uv_size":[1,4]},"south":{"uv":[9,34],"uv_size":[3,4]},"west":{"uv":[37,7],"uv_size":[1,4]},"up":{"uv":[12,37],"uv_size":[3,1]},"down":{"uv":[37,13],"uv_size":[3,-1]}}}]},{"name":"Strab","parent":"geyser_custom_z","pivot":[0,4.8,-2.66667],"cubes":[{"origin":[5.6,5.6,-6.4],"size":[0,1.6,11.2],"uv":{"north":{"uv":[0,0],"uv_size":[0,2]},"east":{"uv":[28,28],"uv_size":[14,2]},"south":{"uv":[0,0],"uv_size":[0,2]},"west":{"uv":[42,28],"uv_size":[-14,2]},"up":{"uv":[0,0],"uv_size":[0,14]},"down":{"uv":[0,14],"uv_size":[0,-14]}}},{"origin":[-5.6,5.6,-6.4],"size":[11.2,1.6,0],"uv":{"north":{"uv":[28,30],"uv_size":[14,2]},"east":{"uv":[64,52],"uv_size":[0,2]},"south":{"uv":[28,30],"uv_size":[14,2]},"west":{"uv":[0,52],"uv_size":[0,2]},"up":{"uv":[15,0],"uv_size":[-14,0]},"down":{"uv":[15,64],"uv_size":[-14,0]}}},{"origin":[-5.6,5.6,-6.4],"size":[0,1.6,11.2],"uv":{"north":{"uv":[0,0],"uv_size":[0,2]},"east":{"uv":[28,28],"uv_size":[14,2]},"south":{"uv":[0,0],"uv_size":[0,2]},"west":{"uv":[42,28],"uv_size":[-14,2]},"up":{"uv":[0,0],"uv_size":[0,14]},"down":{"uv":[0,14],"uv_size":[0,-14]}}}]}]}]}