{"format_version":"1.16.0","minecraft:geometry":[{"bones":[{"binding":"c.item_slot == 'head' ? 'head' : q.item_slot_to_bone_name(c.item_slot)","name":"geyser_custom","pivot":[0,8,0]},{"name":"geyser_custom_x","parent":"geyser_custom","pivot":[0,8,0]},{"name":"geyser_custom_y","parent":"geyser_custom_x","pivot":[0,8,0]},{"cubes":[{"origin":[-0.5,8,-9],"size":[1,2,0.5],"uv":{"down":{"uv":[4.2638,15.062],"uv_size":[-0.0579,-0.0308]},"east":{"uv":[3.7946,15.377],"uv_size":[0.0289,0.123]},"north":{"uv":[4.2068,15.377],"uv_size":[0.0579,0.123]},"south":{"uv":[4.2068,15.377],"uv_size":[0.0579,0.123]},"up":{"uv":[4.2638,15.9683],"uv_size":[-0.0579,-0.0308]},"west":{"uv":[4.6475,15.377],"uv_size":[0.0289,0.123]}}},{"origin":[-0.5,-4.5,-9],"size":[1,1,1],"uv":{"down":{"uv":[4.2638,15.0615],"uv_size":[-0.0579,-0.0615]},"east":{"uv":[3.7656,15.2198],"uv_size":[0.0579,0.0615]},"north":{"uv":[4.2068,15.2198],"uv_size":[0.0579,0.0615]},"south":{"uv":[4.2068,15.2198],"uv_size":[0.0579,0.0615]},"up":{"uv":[4.2638,15.999],"uv_size":[-0.0579,-0.0615]},"west":{"uv":[4.648,15.2198],"uv_size":[0.0579,0.0615]}}},{"origin":[-0.5,-3.5,-9.5],"size":[1,0.5,0.5],"uv":{"down":{"uv":[4.2638,15.0933],"uv_size":[-0.0579,-0.0308]},"east":{"uv":[3.824,15.188],"uv_size":[0.0289,0.0308]},"north":{"uv":[4.2068,15.188],"uv_size":[0.0579,0.0308]},"south":{"uv":[4.2068,15.188],"uv_size":[0.0579,0.0308]},"up":{"uv":[4.2638,15.937],"uv_size":[-0.0579,-0.0308]},"west":{"uv":[4.6181,15.188],"uv_size":[0.0289,0.0308]}}},{"origin":[-0.5,-3.5,-8],"size":[1,0.5,0.5],"uv":{"down":{"uv":[4.2638,15.9995],"uv_size":[-0.0579,-0.0308]},"east":{"uv":[4.6769,15.188],"uv_size":[0.0289,0.0308]},"north":{"uv":[4.2068,15.188],"uv_size":[0.0579,0.0308]},"south":{"uv":[4.2068,15.188],"uv_size":[0.0579,0.0308]},"up":{"uv":[4.2638,15.0308],"uv_size":[-0.0579,-0.0308]},"west":{"uv":[3.7652,15.188],"uv_size":[0.0289,0.0308]}}},{"origin":[-0.5,-2.5,-10],"size":[1,1.5,0.5],"uv":{"down":{"uv":[4.2638,15.1245],"uv_size":[-0.0579,-0.0308]},"east":{"uv":[3.8534,15.064],"uv_size":[0.0289,0.0923]},"north":{"uv":[4.2068,15.064],"uv_size":[0.0579,0.0923]},"south":{"uv":[4.2068,15.064],"uv_size":[0.0579,0.0923]},"up":{"uv":[4.2638,15.9058],"uv_size":[-0.0579,-0.0308]},"west":{"uv":[4.5887,15.064],"uv_size":[0.0289,0.0923]}}},{"origin":[-0.5,-2.5,-7.5],"size":[1,1.5,0.5],"uv":{"down":{"uv":[4.2638,15.9683],"uv_size":[-0.0579,-0.0308]},"east":{"uv":[4.6475,15.064],"uv_size":[0.0289,0.0923]},"north":{"uv":[4.2068,15.064],"uv_size":[0.0579,0.0923]},"south":{"uv":[4.2068,15.064],"uv_size":[0.0579,0.0923]},"up":{"uv":[4.2638,15.062],"uv_size":[-0.0579,-0.0308]},"west":{"uv":[3.7946,15.064],"uv_size":[0.0289,0.0923]}}},{"origin":[-0.5,2,-10],"size":[1,4,0.5],"uv":{"down":{"uv":[4.2638,15.1245],"uv_size":[-0.0579,-0.0308]},"east":{"uv":[3.8534,15.629],"uv_size":[0.0289,0.246]},"north":{"uv":[4.2068,15.629],"uv_size":[0.0579,0.246]},"south":{"uv":[4.2068,15.629],"uv_size":[0.0579,0.246]},"up":{"uv":[4.2638,15.9058],"uv_size":[-0.0579,-0.0308]},"west":{"uv":[4.5887,15.629],"uv_size":[0.0289,0.246]}}},{"origin":[-0.5,6.5,-9.5],"size":[1,3,0.5],"uv":{"down":{"uv":[4.2638,15.0933],"uv_size":[-0.0579,-0.0308]},"east":{"uv":[3.824,15.4093],"uv_size":[0.0289,0.1845]},"north":{"uv":[4.2068,15.4093],"uv_size":[0.0579,0.1845]},"south":{"uv":[4.2068,15.4093],"uv_size":[0.0579,0.1845]},"up":{"uv":[4.2638,15.937],"uv_size":[-0.0579,-0.0308]},"west":{"uv":[4.6181,15.4093],"uv_size":[0.0289,0.1845]}}},{"origin":[-1,6.5,-9],"size":[2,1.5,0.5],"uv":{"down":{"uv":[4.2922,15.062],"uv_size":[-0.1158,-0.0308]},"east":{"uv":[3.7946,15.5015],"uv_size":[0.0289,0.0923]},"north":{"uv":[4.1784,15.5015],"uv_size":[0.1158,0.0923]},"south":{"uv":[4.1784,15.5015],"uv_size":[0.1158,0.0923]},"up":{"uv":[4.2922,15.9683],"uv_size":[-0.1158,-0.0308]},"west":{"uv":[4.6475,15.5015],"uv_size":[0.0289,0.0923]}}},{"origin":[-1,4,-9],"size":[2,2,0.5],"uv":{"down":{"uv":[4.2922,15.062],"uv_size":[-0.1158,-0.0308]},"east":{"uv":[3.7946,15.627],"uv_size":[0.0289,0.123]},"north":{"uv":[4.1784,15.627],"uv_size":[0.1158,0.123]},"south":{"uv":[4.1784,15.627],"uv_size":[0.1158,0.123]},"up":{"uv":[4.2922,15.9683],"uv_size":[-0.1158,-0.0308]},"west":{"uv":[4.6475,15.627],"uv_size":[0.0289,0.123]}}},{"origin":[-1,3,-9.5],"size":[2,3.5,0.5],"uv":{"down":{"uv":[4.2922,15.0933],"uv_size":[-0.1158,-0.0308]},"east":{"uv":[3.824,15.5973],"uv_size":[0.0289,0.2153]},"north":{"uv":[4.1784,15.5973],"uv_size":[0.1158,0.2153]},"south":{"uv":[4.1784,15.5973],"uv_size":[0.1158,0.2153]},"up":{"uv":[4.2922,15.937],"uv_size":[-0.1158,-0.0308]},"west":{"uv":[4.6181,15.5973],"uv_size":[0.0289,0.2153]}}},{"origin":[-1,1.5,-10],"size":[2,0.5,0.5],"uv":{"down":{"uv":[4.2922,15.1245],"uv_size":[-0.1158,-0.0308]},"east":{"uv":[3.8534,15.8755],"uv_size":[0.0289,0.0308]},"north":{"uv":[4.1784,15.8755],"uv_size":[0.1158,0.0308]},"south":{"uv":[4.1784,15.8755],"uv_size":[0.1158,0.0308]},"up":{"uv":[4.2922,15.9058],"uv_size":[-0.1158,-0.0308]},"west":{"uv":[4.5887,15.8755],"uv_size":[0.0289,0.0308]}}},{"origin":[-1,-1,-7.5],"size":[2,1,0.5],"uv":{"down":{"uv":[4.2922,15.9683],"uv_size":[-0.1158,-0.0308]},"east":{"uv":[4.6475,15.001],"uv_size":[0.0289,0.0615]},"north":{"uv":[4.1784,15.001],"uv_size":[0.1158,0.0615]},"south":{"uv":[4.1784,15.001],"uv_size":[0.1158,0.0615]},"up":{"uv":[4.2922,15.062],"uv_size":[-0.1158,-0.0308]},"west":{"uv":[3.7946,15.001],"uv_size":[0.0289,0.0615]}}},{"origin":[-1,-1,-10],"size":[2,1,0.5],"uv":{"down":{"uv":[4.2922,15.1245],"uv_size":[-0.1158,-0.0308]},"east":{"uv":[3.8534,15.001],"uv_size":[0.0289,0.0615]},"north":{"uv":[4.1784,15.001],"uv_size":[0.1158,0.0615]},"south":{"uv":[4.1784,15.001],"uv_size":[0.1158,0.0615]},"up":{"uv":[4.2922,15.9058],"uv_size":[-0.1158,-0.0308]},"west":{"uv":[4.5887,15.001],"uv_size":[0.0289,0.0615]}}},{"origin":[-1,-3,-8],"size":[2,1,0.5],"uv":{"down":{"uv":[4.2922,15.9995],"uv_size":[-0.1158,-0.0308]},"east":{"uv":[4.6769,15.126],"uv_size":[0.0289,0.0615]},"north":{"uv":[4.1784,15.126],"uv_size":[0.1158,0.0615]},"south":{"uv":[4.1784,15.126],"uv_size":[0.1158,0.0615]},"up":{"uv":[4.2922,15.0308],"uv_size":[-0.1158,-0.0308]},"west":{"uv":[3.7652,15.126],"uv_size":[0.0289,0.0615]}}},{"origin":[-1,-3,-9.5],"size":[2,1,0.5],"uv":{"down":{"uv":[4.2922,15.0933],"uv_size":[-0.1158,-0.0308]},"east":{"uv":[3.824,15.126],"uv_size":[0.0289,0.0615]},"north":{"uv":[4.1784,15.126],"uv_size":[0.1158,0.0615]},"south":{"uv":[4.1784,15.126],"uv_size":[0.1158,0.0615]},"up":{"uv":[4.2922,15.937],"uv_size":[-0.1158,-0.0308]},"west":{"uv":[4.6181,15.126],"uv_size":[0.0289,0.0615]}}},{"origin":[-1,-3.5,-9],"size":[2,1,1],"uv":{"down":{"uv":[4.2922,15.0615],"uv_size":[-0.1158,-0.0615]},"east":{"uv":[3.7656,15.1573],"uv_size":[0.0579,0.0615]},"north":{"uv":[4.1784,15.1573],"uv_size":[0.1158,0.0615]},"south":{"uv":[4.1784,15.1573],"uv_size":[0.1158,0.0615]},"up":{"uv":[4.2922,15.999],"uv_size":[-0.1158,-0.0615]},"west":{"uv":[4.648,15.1573],"uv_size":[0.0579,0.0615]}}},{"origin":[-1.5,3,-9],"size":[3,1,0.5],"uv":{"down":{"uv":[4.3207,15.062],"uv_size":[-0.1736,-0.0308]},"east":{"uv":[3.7946,15.751],"uv_size":[0.0289,0.0615]},"north":{"uv":[4.1499,15.751],"uv_size":[0.1736,0.0615]},"south":{"uv":[4.1499,15.751],"uv_size":[0.1736,0.0615]},"up":{"uv":[4.3207,15.9683],"uv_size":[-0.1736,-0.0308]},"west":{"uv":[4.6475,15.751],"uv_size":[0.0289,0.0615]}}},{"origin":[-1.5,2,-9.5],"size":[3,1,1],"uv":{"down":{"uv":[4.3207,15.0928],"uv_size":[-0.1736,-0.0615]},"east":{"uv":[3.7951,15.8135],"uv_size":[0.0579,0.0615]},"north":{"uv":[4.1499,15.8135],"uv_size":[0.1736,0.0615]},"south":{"uv":[4.1499,15.8135],"uv_size":[0.1736,0.0615]},"up":{"uv":[4.3207,15.9678],"uv_size":[-0.1736,-0.0615]},"west":{"uv":[4.6186,15.8135],"uv_size":[0.0579,0.0615]}}},{"origin":[-1.5,-2,-8],"size":[3,1.5,0.5],"uv":{"down":{"uv":[4.3207,15.9995],"uv_size":[-0.1736,-0.0308]},"east":{"uv":[4.6769,15.0328],"uv_size":[0.0289,0.0923]},"north":{"uv":[4.1499,15.0328],"uv_size":[0.1736,0.0923]},"south":{"uv":[4.1499,15.0328],"uv_size":[0.1736,0.0923]},"up":{"uv":[4.3207,15.0308],"uv_size":[-0.1736,-0.0308]},"west":{"uv":[3.7652,15.0328],"uv_size":[0.0289,0.0923]}}},{"origin":[-1.5,-2,-9.5],"size":[3,1.5,0.5],"uv":{"down":{"uv":[4.3207,15.0933],"uv_size":[-0.1736,-0.0308]},"east":{"uv":[3.824,15.0328],"uv_size":[0.0289,0.0923]},"north":{"uv":[4.1499,15.0328],"uv_size":[0.1736,0.0923]},"south":{"uv":[4.1499,15.0328],"uv_size":[0.1736,0.0923]},"up":{"uv":[4.3207,15.937],"uv_size":[-0.1736,-0.0308]},"west":{"uv":[4.6181,15.0328],"uv_size":[0.0289,0.0923]}}},{"origin":[-1.5,-2.5,-9],"size":[3,2,1],"uv":{"down":{"uv":[4.3207,15.0615],"uv_size":[-0.1736,-0.0615]},"east":{"uv":[3.7656,15.0333],"uv_size":[0.0579,0.123]},"north":{"uv":[4.1499,15.0333],"uv_size":[0.1736,0.123]},"south":{"uv":[4.1499,15.0333],"uv_size":[0.1736,0.123]},"up":{"uv":[4.3207,15.999],"uv_size":[-0.1736,-0.0615]},"west":{"uv":[4.648,15.0333],"uv_size":[0.0579,0.123]}}},{"origin":[-2,0,-10],"size":[4,0.5,0.5],"uv":{"down":{"uv":[4.3492,15.1245],"uv_size":[-0.2315,-0.0308]},"east":{"uv":[3.8534,15.9693],"uv_size":[0.0289,0.0308]},"north":{"uv":[4.1214,15.9693],"uv_size":[0.2315,0.0308]},"south":{"uv":[4.1214,15.9693],"uv_size":[0.2315,0.0308]},"up":{"uv":[4.3492,15.9058],"uv_size":[-0.2315,-0.0308]},"west":{"uv":[4.5887,15.9693],"uv_size":[0.0289,0.0308]}}},{"origin":[-2,-0.5,-9.5],"size":[4,0.5,2],"uv":{"down":{"uv":[4.3492,15.9995],"uv_size":[-0.2315,-0.0308]},"east":{"uv":[4.6769,15.0005],"uv_size":[0.0289,0.0308]},"north":{"uv":[4.1214,15.0005],"uv_size":[0.2315,0.0308]},"south":{"uv":[4.1214,15.0005],"uv_size":[0.2315,0.0308]},"up":{"uv":[4.3492,15.0308],"uv_size":[-0.2315,-0.0308]},"west":{"uv":[3.7652,15.0005],"uv_size":[0.0289,0.0308]}}},{"origin":[-2.5,0,-7.5],"size":[5,0.5,0.5],"uv":{"down":{"uv":[4.3776,15.9683],"uv_size":[-0.2894,-0.0308]},"east":{"uv":[4.6475,15.9693],"uv_size":[0.0289,0.0308]},"north":{"uv":[4.0929,15.9693],"uv_size":[0.2894,0.0308]},"south":{"uv":[4.0929,15.9693],"uv_size":[0.2894,0.0308]},"up":{"uv":[4.3776,15.062],"uv_size":[-0.2894,-0.0308]},"west":{"uv":[3.7946,15.9693],"uv_size":[0.0289,0.0308]}}},{"origin":[3,2,-9],"size":[0.5,0.5,0.5],"uv":{"down":{"uv":[4.0584,15.062],"uv_size":[-0.0289,-0.0308]},"east":{"uv":[3.7946,15.8443],"uv_size":[0.0289,0.0308]},"north":{"uv":[4.4122,15.8443],"uv_size":[0.0289,0.0308]},"south":{"uv":[4.0299,15.8443],"uv_size":[0.0289,0.0308]},"up":{"uv":[4.0584,15.9683],"uv_size":[-0.0289,-0.0308]},"west":{"uv":[4.6475,15.8443],"uv_size":[0.0289,0.0308]}}},{"origin":[-3.5,0.5,-7.5],"size":[7,0.5,0.5],"uv":{"down":{"uv":[4.4346,15.9683],"uv_size":[-0.4052,-0.0308]},"east":{"uv":[4.6475,15.938],"uv_size":[0.0289,0.0308]},"north":{"uv":[4.036,15.938],"uv_size":[0.4052,0.0308]},"south":{"uv":[4.036,15.938],"uv_size":[0.4052,0.0308]},"up":{"uv":[4.4346,15.062],"uv_size":[-0.4052,-0.0308]},"west":{"uv":[3.7946,15.938],"uv_size":[0.0289,0.0308]}}},{"origin":[-3.5,0.5,-10],"size":[7,0.5,0.5],"uv":{"down":{"uv":[4.4346,15.1245],"uv_size":[-0.4052,-0.0308]},"east":{"uv":[3.8534,15.938],"uv_size":[0.0289,0.0308]},"north":{"uv":[4.036,15.938],"uv_size":[0.4052,0.0308]},"south":{"uv":[4.036,15.938],"uv_size":[0.4052,0.0308]},"up":{"uv":[4.4346,15.9058],"uv_size":[-0.4052,-0.0308]},"west":{"uv":[4.5887,15.938],"uv_size":[0.0289,0.0308]}}},{"origin":[-4,1,-10],"size":[8,0.5,0.5],"uv":{"down":{"uv":[4.4631,15.1245],"uv_size":[-0.4631,-0.0308]},"east":{"uv":[3.8534,15.9068],"uv_size":[0.0289,0.0308]},"north":{"uv":[4.0075,15.9068],"uv_size":[0.4631,0.0308]},"south":{"uv":[4.0075,15.9068],"uv_size":[0.4631,0.0308]},"up":{"uv":[4.4631,15.9058],"uv_size":[-0.4631,-0.0308]},"west":{"uv":[4.5887,15.9068],"uv_size":[0.0289,0.0308]}}},{"origin":[-4,0,-9.5],"size":[8,1,2],"uv":{"down":{"uv":[4.4631,15.9995],"uv_size":[-0.4631,-0.0308]},"east":{"uv":[4.6769,15.9385],"uv_size":[0.0289,0.0615]},"north":{"uv":[4.0075,15.9385],"uv_size":[0.4631,0.0615]},"south":{"uv":[4.0075,15.9385],"uv_size":[0.4631,0.0615]},"up":{"uv":[4.4631,15.0308],"uv_size":[-0.4631,-0.0308]},"west":{"uv":[3.7652,15.9385],"uv_size":[0.0289,0.0615]}}},{"origin":[4,6.5,-9.5],"size":[0.5,0.5,1],"uv":{"down":{"uv":[3.9995,15.0928],"uv_size":[-0.0289,-0.0615]},"east":{"uv":[3.7951,15.563],"uv_size":[0.0579,0.0308]},"north":{"uv":[4.4711,15.563],"uv_size":[0.0289,0.0308]},"south":{"uv":[3.9711,15.563],"uv_size":[0.0289,0.0308]},"up":{"uv":[3.9995,15.9678],"uv_size":[-0.0289,-0.0615]},"west":{"uv":[4.6186,15.563],"uv_size":[0.0579,0.0308]}}},{"origin":[4,5,-10],"size":[0.5,1,0.5],"uv":{"down":{"uv":[3.9995,15.1245],"uv_size":[-0.0289,-0.0308]},"east":{"uv":[3.8534,15.626],"uv_size":[0.0289,0.0615]},"north":{"uv":[4.4711,15.626],"uv_size":[0.0289,0.0615]},"south":{"uv":[3.9711,15.626],"uv_size":[0.0289,0.0615]},"up":{"uv":[3.9995,15.9058],"uv_size":[-0.0289,-0.0308]},"west":{"uv":[4.5887,15.626],"uv_size":[0.0289,0.0615]}}},{"origin":[3.5,4,-9.5],"size":[0.5,1,1],"uv":{"down":{"uv":[4.0289,15.0928],"uv_size":[-0.0289,-0.0615]},"east":{"uv":[3.7951,15.6885],"uv_size":[0.0579,0.0615]},"north":{"uv":[4.4416,15.6885],"uv_size":[0.0289,0.0615]},"south":{"uv":[4.0005,15.6885],"uv_size":[0.0289,0.0615]},"up":{"uv":[4.0289,15.9678],"uv_size":[-0.0289,-0.0615]},"west":{"uv":[4.6186,15.6885],"uv_size":[0.0579,0.0615]}}},{"origin":[4,5.5,-9],"size":[1,1,0.5],"uv":{"down":{"uv":[3.9991,15.062],"uv_size":[-0.0579,-0.0308]},"east":{"uv":[3.7946,15.5948],"uv_size":[0.0289,0.0615]},"north":{"uv":[4.4715,15.5948],"uv_size":[0.0579,0.0615]},"south":{"uv":[3.9421,15.5948],"uv_size":[0.0579,0.0615]},"up":{"uv":[3.9991,15.9683],"uv_size":[-0.0579,-0.0308]},"west":{"uv":[4.6475,15.5948],"uv_size":[0.0289,0.0615]}}},{"origin":[4,5,-9.5],"size":[1,1.5,0.5],"uv":{"down":{"uv":[3.9991,15.0933],"uv_size":[-0.0579,-0.0308]},"east":{"uv":[3.824,15.5953],"uv_size":[0.0289,0.0923]},"north":{"uv":[4.4715,15.5953],"uv_size":[0.0579,0.0923]},"south":{"uv":[3.9421,15.5953],"uv_size":[0.0579,0.0923]},"up":{"uv":[3.9991,15.937],"uv_size":[-0.0579,-0.0308]},"west":{"uv":[4.6181,15.5953],"uv_size":[0.0289,0.0923]}}},{"origin":[4,4,-10],"size":[1,1,1.5],"uv":{"down":{"uv":[3.9991,15.1235],"uv_size":[-0.0579,-0.0923]},"east":{"uv":[3.7955,15.6885],"uv_size":[0.0868,0.0615]},"north":{"uv":[4.4715,15.6885],"uv_size":[0.0579,0.0615]},"south":{"uv":[3.9421,15.6885],"uv_size":[0.0579,0.0615]},"up":{"uv":[3.9991,15.9673],"uv_size":[-0.0579,-0.0923]},"west":{"uv":[4.5896,15.6885],"uv_size":[0.0868,0.0615]}}},{"origin":[3.5,2,-10],"size":[1.5,2,0.5],"uv":{"down":{"uv":[4.028,15.1245],"uv_size":[-0.0868,-0.0308]},"east":{"uv":[3.8534,15.752],"uv_size":[0.0289,0.123]},"north":{"uv":[4.4426,15.752],"uv_size":[0.0868,0.123]},"south":{"uv":[3.9426,15.752],"uv_size":[0.0868,0.123]},"up":{"uv":[4.028,15.9058],"uv_size":[-0.0868,-0.0308]},"west":{"uv":[4.5887,15.752],"uv_size":[0.0289,0.123]}}},{"origin":[3,1.5,-10],"size":[2,0.5,0.5],"uv":{"down":{"uv":[4.0569,15.1245],"uv_size":[-0.1158,-0.0308]},"east":{"uv":[3.8534,15.8755],"uv_size":[0.0289,0.0308]},"north":{"uv":[4.4136,15.8755],"uv_size":[0.1158,0.0308]},"south":{"uv":[3.9431,15.8755],"uv_size":[0.1158,0.0308]},"up":{"uv":[4.0569,15.9058],"uv_size":[-0.1158,-0.0308]},"west":{"uv":[4.5887,15.8755],"uv_size":[0.0289,0.0308]}}},{"origin":[4.5,2.5,-8.5],"size":[1,0.5,0.5],"uv":{"down":{"uv":[3.9696,15.0308],"uv_size":[-0.0579,-0.0308]},"east":{"uv":[3.7652,15.813],"uv_size":[0.0289,0.0308]},"north":{"uv":[4.5009,15.813],"uv_size":[0.0579,0.0308]},"south":{"uv":[3.9127,15.813],"uv_size":[0.0579,0.0308]},"up":{"uv":[3.9696,15.9995],"uv_size":[-0.0579,-0.0308]},"west":{"uv":[4.6769,15.813],"uv_size":[0.0289,0.0308]}}},{"origin":[3,2.5,-9],"size":[2.5,1.5,0.5],"uv":{"down":{"uv":[4.0565,15.062],"uv_size":[-0.1447,-0.0308]},"east":{"uv":[3.7946,15.7515],"uv_size":[0.0289,0.0923]},"north":{"uv":[4.4141,15.7515],"uv_size":[0.1447,0.0923]},"south":{"uv":[3.9141,15.7515],"uv_size":[0.1447,0.0923]},"up":{"uv":[4.0565,15.9683],"uv_size":[-0.1447,-0.0308]},"west":{"uv":[4.6475,15.7515],"uv_size":[0.0289,0.0923]}}},{"origin":[3,2,-8.5],"size":[2.5,0.5,0.5],"uv":{"down":{"uv":[4.0565,15.0308],"uv_size":[-0.1447,-0.0308]},"east":{"uv":[3.7652,15.8443],"uv_size":[0.0289,0.0308]},"north":{"uv":[4.4141,15.8443],"uv_size":[0.1447,0.0308]},"south":{"uv":[3.9141,15.8443],"uv_size":[0.1447,0.0308]},"up":{"uv":[4.0565,15.9995],"uv_size":[-0.1447,-0.0308]},"west":{"uv":[4.6769,15.8443],"uv_size":[0.0289,0.0308]}}},{"origin":[3,2,-9.5],"size":[2.5,2,0.5],"uv":{"down":{"uv":[4.0565,15.0933],"uv_size":[-0.1447,-0.0308]},"east":{"uv":[3.824,15.752],"uv_size":[0.0289,0.123]},"north":{"uv":[4.4141,15.752],"uv_size":[0.1447,0.123]},"south":{"uv":[3.9141,15.752],"uv_size":[0.1447,0.123]},"up":{"uv":[4.0565,15.937],"uv_size":[-0.1447,-0.0308]},"west":{"uv":[4.6181,15.752],"uv_size":[0.0289,0.123]}}},{"origin":[-5.5,1,-9.5],"size":[11,1,1.5],"uv":{"down":{"uv":[4.5485,15.0923],"uv_size":[-0.6367,-0.0923]},"east":{"uv":[3.7661,15.876],"uv_size":[0.0868,0.0615]},"north":{"uv":[3.9221,15.876],"uv_size":[0.6367,0.0615]},"south":{"uv":[3.9221,15.876],"uv_size":[0.6367,0.0615]},"up":{"uv":[4.5485,15.9985],"uv_size":[-0.6367,-0.0923]},"west":{"uv":[4.6191,15.876],"uv_size":[0.0868,0.0615]}}},{"origin":[-5,1.5,-10],"size":[2,0.5,0.5],"uv":{"down":{"uv":[4.5275,15.1245],"uv_size":[-0.1158,-0.0308]},"east":{"uv":[3.8534,15.8755],"uv_size":[0.0289,0.0308]},"north":{"uv":[3.9431,15.8755],"uv_size":[0.1158,0.0308]},"south":{"uv":[4.4136,15.8755],"uv_size":[0.1158,0.0308]},"up":{"uv":[4.5275,15.9058],"uv_size":[-0.1158,-0.0308]},"west":{"uv":[4.5887,15.8755],"uv_size":[0.0289,0.0308]}}},{"origin":[-5.5,2,-9.5],"size":[2.5,2,1],"uv":{"down":{"uv":[4.5565,15.0928],"uv_size":[-0.1447,-0.0615]},"east":{"uv":[3.7951,15.752],"uv_size":[0.0579,0.123]},"north":{"uv":[3.9141,15.752],"uv_size":[0.1447,0.123]},"south":{"uv":[4.4141,15.752],"uv_size":[0.1447,0.123]},"up":{"uv":[4.5565,15.9678],"uv_size":[-0.1447,-0.0615]},"west":{"uv":[4.6186,15.752],"uv_size":[0.0579,0.123]}}},{"origin":[-5.5,2,-8.5],"size":[2.5,0.5,0.5],"uv":{"down":{"uv":[4.5565,15.0308],"uv_size":[-0.1447,-0.0308]},"east":{"uv":[3.7652,15.8443],"uv_size":[0.0289,0.0308]},"north":{"uv":[3.9141,15.8443],"uv_size":[0.1447,0.0308]},"south":{"uv":[4.4141,15.8443],"uv_size":[0.1447,0.0308]},"up":{"uv":[4.5565,15.9995],"uv_size":[-0.1447,-0.0308]},"west":{"uv":[4.6769,15.8443],"uv_size":[0.0289,0.0308]}}},{"origin":[-5,2,-10],"size":[1.5,2,0.5],"uv":{"down":{"uv":[4.528,15.1245],"uv_size":[-0.0868,-0.0308]},"east":{"uv":[3.8534,15.752],"uv_size":[0.0289,0.123]},"north":{"uv":[3.9426,15.752],"uv_size":[0.0868,0.123]},"south":{"uv":[4.4426,15.752],"uv_size":[0.0868,0.123]},"up":{"uv":[4.528,15.9058],"uv_size":[-0.0868,-0.0308]},"west":{"uv":[4.5887,15.752],"uv_size":[0.0289,0.123]}}},{"origin":[-5,4,-9.5],"size":[1.5,1,1],"uv":{"down":{"uv":[4.528,15.0928],"uv_size":[-0.0868,-0.0615]},"east":{"uv":[3.7951,15.6885],"uv_size":[0.0579,0.0615]},"north":{"uv":[3.9426,15.6885],"uv_size":[0.0868,0.0615]},"south":{"uv":[4.4426,15.6885],"uv_size":[0.0868,0.0615]},"up":{"uv":[4.528,15.9678],"uv_size":[-0.0868,-0.0615]},"west":{"uv":[4.6186,15.6885],"uv_size":[0.0579,0.0615]}}},{"origin":[-5,4,-10],"size":[1,1,0.5],"uv":{"down":{"uv":[4.5285,15.1245],"uv_size":[-0.0579,-0.0308]},"east":{"uv":[3.8534,15.6885],"uv_size":[0.0289,0.0615]},"north":{"uv":[3.9421,15.6885],"uv_size":[0.0579,0.0615]},"south":{"uv":[4.4715,15.6885],"uv_size":[0.0579,0.0615]},"up":{"uv":[4.5285,15.9058],"uv_size":[-0.0579,-0.0308]},"west":{"uv":[4.5887,15.6885],"uv_size":[0.0289,0.0615]}}},{"origin":[-5,5,-9],"size":[1,0.5,0.5],"uv":{"down":{"uv":[4.5285,15.062],"uv_size":[-0.0579,-0.0308]},"east":{"uv":[3.7946,15.6568],"uv_size":[0.0289,0.0308]},"north":{"uv":[3.9421,15.6568],"uv_size":[0.0579,0.0308]},"south":{"uv":[4.4715,15.6568],"uv_size":[0.0579,0.0308]},"up":{"uv":[4.5285,15.9683],"uv_size":[-0.0579,-0.0308]},"west":{"uv":[4.6475,15.6568],"uv_size":[0.0289,0.0308]}}},{"origin":[-4.5,5,-10],"size":[0.5,1,1],"uv":{"down":{"uv":[4.4995,15.124],"uv_size":[-0.0289,-0.0615]},"east":{"uv":[3.8245,15.626],"uv_size":[0.0579,0.0615]},"north":{"uv":[3.9711,15.626],"uv_size":[0.0289,0.0615]},"south":{"uv":[4.4711,15.626],"uv_size":[0.0289,0.0615]},"up":{"uv":[4.4995,15.9365],"uv_size":[-0.0289,-0.0615]},"west":{"uv":[4.5892,15.626],"uv_size":[0.0579,0.0615]}}},{"origin":[-5,6,-9.5],"size":[1,0.5,1],"uv":{"down":{"uv":[4.5285,15.0928],"uv_size":[-0.0579,-0.0615]},"east":{"uv":[3.7951,15.5943],"uv_size":[0.0579,0.0308]},"north":{"uv":[3.9421,15.5943],"uv_size":[0.0579,0.0308]},"south":{"uv":[4.4715,15.5943],"uv_size":[0.0579,0.0308]},"up":{"uv":[4.5285,15.9678],"uv_size":[-0.0579,-0.0615]},"west":{"uv":[4.6186,15.5943],"uv_size":[0.0579,0.0308]}}},{"origin":[-4.5,6.5,-9.5],"size":[0.5,0.5,1],"uv":{"down":{"uv":[4.4995,15.0928],"uv_size":[-0.0289,-0.0615]},"east":{"uv":[3.7951,15.563],"uv_size":[0.0579,0.0308]},"north":{"uv":[3.9711,15.563],"uv_size":[0.0289,0.0308]},"south":{"uv":[4.4711,15.563],"uv_size":[0.0289,0.0308]},"up":{"uv":[4.4995,15.9678],"uv_size":[-0.0289,-0.0615]},"west":{"uv":[4.6186,15.563],"uv_size":[0.0579,0.0308]}}},{"origin":[-5.5,2.5,-8.5],"size":[1,0.5,0.5],"uv":{"down":{"uv":[4.5579,15.0308],"uv_size":[-0.0579,-0.0308]},"east":{"uv":[3.7652,15.813],"uv_size":[0.0289,0.0308]},"north":{"uv":[3.9127,15.813],"uv_size":[0.0579,0.0308]},"south":{"uv":[4.5009,15.813],"uv_size":[0.0579,0.0308]},"up":{"uv":[4.5579,15.9995],"uv_size":[-0.0579,-0.0308]},"west":{"uv":[4.6769,15.813],"uv_size":[0.0289,0.0308]}}},{"origin":[-5,5,-9.5],"size":[0.5,1,0.5],"uv":{"down":{"uv":[4.5289,15.0933],"uv_size":[-0.0289,-0.0308]},"east":{"uv":[3.824,15.626],"uv_size":[0.0289,0.0615]},"north":{"uv":[3.9416,15.626],"uv_size":[0.0289,0.0615]},"south":{"uv":[4.5005,15.626],"uv_size":[0.0289,0.0615]},"up":{"uv":[4.5289,15.937],"uv_size":[-0.0289,-0.0308]},"west":{"uv":[4.6181,15.626],"uv_size":[0.0289,0.0615]}}},{"origin":[5.5,2.5,-9],"size":[2.5,0.5,0.5],"uv":{"down":{"uv":[1.0859,15.062],"uv_size":[-0.1447,-0.0308]},"east":{"uv":[0.9711,15.813],"uv_size":[0.0289,0.0308]},"north":{"uv":[1.7376,15.813],"uv_size":[0.1447,0.0308]},"south":{"uv":[0.9435,15.813],"uv_size":[0.1447,0.0308]},"up":{"uv":[1.0859,15.9683],"uv_size":[-0.1447,-0.0308]},"west":{"uv":[1.824,15.813],"uv_size":[0.0289,0.0308]}}},{"origin":[3.5,2,-9],"size":[4.5,0.5,0.5],"uv":{"down":{"uv":[1.2016,15.062],"uv_size":[-0.2605,-0.0308]},"east":{"uv":[0.9711,15.8443],"uv_size":[0.0289,0.0308]},"north":{"uv":[1.6219,15.8443],"uv_size":[0.2605,0.0308]},"south":{"uv":[0.9454,15.8443],"uv_size":[0.2605,0.0308]},"up":{"uv":[1.2016,15.9683],"uv_size":[-0.2605,-0.0308]},"west":{"uv":[1.824,15.8443],"uv_size":[0.0289,0.0308]}}},{"origin":[7,3,-9],"size":[1,1,0.5],"uv":{"down":{"uv":[0.9991,15.062],"uv_size":[-0.0579,-0.0308]},"east":{"uv":[0.9711,15.751],"uv_size":[0.0289,0.0615]},"north":{"uv":[1.8245,15.751],"uv_size":[0.0579,0.0615]},"south":{"uv":[0.9421,15.751],"uv_size":[0.0579,0.0615]},"up":{"uv":[0.9991,15.9683],"uv_size":[-0.0579,-0.0308]},"west":{"uv":[1.824,15.751],"uv_size":[0.0289,0.0615]}}},{"origin":[7,3,-8.5],"size":[1.5,1,0.5],"uv":{"down":{"uv":[0.9991,15.0308],"uv_size":[-0.0579,-0.0308]},"east":{"uv":[0.9416,15.751],"uv_size":[0.0289,0.0615]},"north":{"uv":[1.8245,15.751],"uv_size":[0.0579,0.0615]},"south":{"uv":[0.9421,15.751],"uv_size":[0.0579,0.0615]},"up":{"uv":[0.9991,15.9995],"uv_size":[-0.0579,-0.0308]},"west":{"uv":[1.8534,15.751],"uv_size":[0.0289,0.0615]}}},{"origin":[5.5,2,-8.5],"size":[3,1,0.5],"uv":{"down":{"uv":[1.0859,15.0308],"uv_size":[-0.1447,-0.0308]},"east":{"uv":[0.9416,15.8135],"uv_size":[0.0289,0.0615]},"north":{"uv":[1.7376,15.8135],"uv_size":[0.1447,0.0615]},"south":{"uv":[0.9435,15.8135],"uv_size":[0.1447,0.0615]},"up":{"uv":[1.0859,15.9995],"uv_size":[-0.1447,-0.0308]},"west":{"uv":[1.8534,15.8135],"uv_size":[0.0289,0.0615]}}},{"origin":[8,8.5,-2.5],"size":[1,0.5,1],"uv":{"down":{"uv":[1.8814,15.6553],"uv_size":[-0.0579,-0.0615]},"east":{"uv":[1.5009,15.438],"uv_size":[0.0579,0.0308]},"north":{"uv":[0.9421,15.438],"uv_size":[0.0579,0.0308]},"south":{"uv":[1.8245,15.438],"uv_size":[0.0579,0.0308]},"up":{"uv":[1.8814,15.4053],"uv_size":[-0.0579,-0.0615]},"west":{"uv":[1.2656,15.438],"uv_size":[0.0579,0.0308]}}},{"origin":[8,6.5,-3],"size":[1,0.5,0.5],"uv":{"down":{"uv":[1.8814,15.687],"uv_size":[-0.0579,-0.0308]},"east":{"uv":[1.5593,15.563],"uv_size":[0.0289,0.0308]},"north":{"uv":[0.9421,15.563],"uv_size":[0.0579,0.0308]},"south":{"uv":[1.8245,15.563],"uv_size":[0.0579,0.0308]},"up":{"uv":[1.8814,15.3433],"uv_size":[-0.0579,-0.0308]},"west":{"uv":[1.2358,15.563],"uv_size":[0.0289,0.0308]}}},{"origin":[8,5,-4],"size":[1,0.5,0.5],"uv":{"down":{"uv":[1.8814,15.7495],"uv_size":[-0.0579,-0.0308]},"east":{"uv":[1.6181,15.6568],"uv_size":[0.0289,0.0308]},"north":{"uv":[0.9421,15.6568],"uv_size":[0.0579,0.0308]},"south":{"uv":[1.8245,15.6568],"uv_size":[0.0579,0.0308]},"up":{"uv":[1.8814,15.2808],"uv_size":[-0.0579,-0.0308]},"west":{"uv":[1.1769,15.6568],"uv_size":[0.0289,0.0308]}}},{"origin":[8,4.5,-5],"size":[1,0.5,1],"uv":{"down":{"uv":[1.8814,15.8115],"uv_size":[-0.0579,-0.0615]},"east":{"uv":[1.648,15.688],"uv_size":[0.0579,0.0308]},"north":{"uv":[0.9421,15.688],"uv_size":[0.0579,0.0308]},"south":{"uv":[1.8245,15.688],"uv_size":[0.0579,0.0308]},"up":{"uv":[1.8814,15.249],"uv_size":[-0.0579,-0.0615]},"west":{"uv":[1.1186,15.688],"uv_size":[0.0579,0.0308]}}},{"origin":[8,4.5,-1],"size":[1,0.5,0.5],"uv":{"down":{"uv":[1.8814,15.562],"uv_size":[-0.0579,-0.0308]},"east":{"uv":[1.4416,15.688],"uv_size":[0.0289,0.0308]},"north":{"uv":[0.9421,15.688],"uv_size":[0.0579,0.0308]},"south":{"uv":[1.8245,15.688],"uv_size":[0.0579,0.0308]},"up":{"uv":[1.8814,15.4683],"uv_size":[-0.0579,-0.0308]},"west":{"uv":[1.3534,15.688],"uv_size":[0.0289,0.0308]}}},{"origin":[8,3.5,-1.5],"size":[1,0.5,0.5],"uv":{"down":{"uv":[1.8814,15.5933],"uv_size":[-0.0579,-0.0308]},"east":{"uv":[1.4711,15.7505],"uv_size":[0.0289,0.0308]},"north":{"uv":[0.9421,15.7505],"uv_size":[0.0579,0.0308]},"south":{"uv":[1.8245,15.7505],"uv_size":[0.0579,0.0308]},"up":{"uv":[1.8814,15.437],"uv_size":[-0.0579,-0.0308]},"west":{"uv":[1.324,15.7505],"uv_size":[0.0289,0.0308]}}},{"origin":[8,3,-5],"size":[1,0.5,0.5],"uv":{"down":{"uv":[1.8814,15.812],"uv_size":[-0.0579,-0.0308]},"east":{"uv":[1.6769,15.7818],"uv_size":[0.0289,0.0308]},"north":{"uv":[0.9421,15.7818],"uv_size":[0.0579,0.0308]},"south":{"uv":[1.8245,15.7818],"uv_size":[0.0579,0.0308]},"up":{"uv":[1.8814,15.2183],"uv_size":[-0.0579,-0.0308]},"west":{"uv":[1.1181,15.7818],"uv_size":[0.0289,0.0308]}}},{"origin":[8,3,-6],"size":[1,2,1],"uv":{"down":{"uv":[1.8814,15.874],"uv_size":[-0.0579,-0.0615]},"east":{"uv":[1.7068,15.6895],"uv_size":[0.0579,0.123]},"north":{"uv":[0.9421,15.6895],"uv_size":[0.0579,0.123]},"south":{"uv":[1.8245,15.6895],"uv_size":[0.0579,0.123]},"up":{"uv":[1.8814,15.1865],"uv_size":[-0.0579,-0.0615]},"west":{"uv":[1.0598,15.6895],"uv_size":[0.0579,0.123]}}},{"origin":[8,6.5,-2.5],"size":[1.5,2,1],"uv":{"down":{"uv":[1.8809,15.6553],"uv_size":[-0.0868,-0.0615]},"east":{"uv":[1.5009,15.4708],"uv_size":[0.0579,0.123]},"north":{"uv":[0.9426,15.4708],"uv_size":[0.0868,0.123]},"south":{"uv":[1.7955,15.4708],"uv_size":[0.0868,0.123]},"up":{"uv":[1.8809,15.4053],"uv_size":[-0.0868,-0.0615]},"west":{"uv":[1.2656,15.4708],"uv_size":[0.0579,0.123]}}},{"origin":[8,5.5,-3],"size":[1.5,1,1.5],"uv":{"down":{"uv":[1.8809,15.686],"uv_size":[-0.0868,-0.0923]},"east":{"uv":[1.5014,15.5948],"uv_size":[0.0868,0.0615]},"north":{"uv":[0.9426,15.5948],"uv_size":[0.0868,0.0615]},"south":{"uv":[1.7955,15.5948],"uv_size":[0.0868,0.0615]},"up":{"uv":[1.8809,15.4048],"uv_size":[-0.0868,-0.0923]},"west":{"uv":[1.2367,15.5948],"uv_size":[0.0868,0.0615]}}},{"origin":[8,2,-8],"size":[1,2,2],"uv":{"down":{"uv":[1.8814,15.998],"uv_size":[-0.0579,-0.123]},"east":{"uv":[1.7666,15.752],"uv_size":[0.1158,0.123]},"north":{"uv":[0.9421,15.752],"uv_size":[0.0579,0.123]},"south":{"uv":[1.8245,15.752],"uv_size":[0.0579,0.123]},"up":{"uv":[1.8814,15.123],"uv_size":[-0.0579,-0.123]},"west":{"uv":[0.9431,15.752],"uv_size":[0.1158,0.123]}}},{"origin":[8,5,-3.5],"size":[1.5,0.5,3],"uv":{"down":{"uv":[1.8809,15.7158],"uv_size":[-0.0868,-0.1845]},"east":{"uv":[1.444,15.6568],"uv_size":[0.1736,0.0308]},"north":{"uv":[0.9426,15.6568],"uv_size":[0.0868,0.0308]},"south":{"uv":[1.7955,15.6568],"uv_size":[0.0868,0.0308]},"up":{"uv":[1.8809,15.4658],"uv_size":[-0.0868,-0.1845]},"west":{"uv":[1.2087,15.6568],"uv_size":[0.1736,0.0308]}}},{"origin":[8,4.5,-4],"size":[1.5,0.5,3],"uv":{"down":{"uv":[1.8809,15.747],"uv_size":[-0.0868,-0.1845]},"east":{"uv":[1.4734,15.688],"uv_size":[0.1736,0.0308]},"north":{"uv":[0.9426,15.688],"uv_size":[0.0868,0.0308]},"south":{"uv":[1.7955,15.688],"uv_size":[0.0868,0.0308]},"up":{"uv":[1.8809,15.4345],"uv_size":[-0.0868,-0.1845]},"west":{"uv":[1.1793,15.688],"uv_size":[0.1736,0.0308]}}},{"origin":[8,3.5,-5],"size":[1.5,1,0.5],"uv":{"down":{"uv":[1.8809,15.812],"uv_size":[-0.0868,-0.0308]},"east":{"uv":[1.6769,15.7198],"uv_size":[0.0289,0.0615]},"north":{"uv":[0.9426,15.7198],"uv_size":[0.0868,0.0615]},"south":{"uv":[1.7955,15.7198],"uv_size":[0.0868,0.0615]},"up":{"uv":[1.8809,15.2183],"uv_size":[-0.0868,-0.0308]},"west":{"uv":[1.1181,15.7198],"uv_size":[0.0289,0.0615]}}},{"origin":[8,3,-1.5],"size":[1.5,0.5,0.5],"uv":{"down":{"uv":[1.8809,15.5933],"uv_size":[-0.0868,-0.0308]},"east":{"uv":[1.4711,15.7818],"uv_size":[0.0289,0.0308]},"north":{"uv":[0.9426,15.7818],"uv_size":[0.0868,0.0308]},"south":{"uv":[1.7955,15.7818],"uv_size":[0.0868,0.0308]},"up":{"uv":[1.8809,15.437],"uv_size":[-0.0868,-0.0308]},"west":{"uv":[1.324,15.7818],"uv_size":[0.0289,0.0308]}}},{"origin":[8,3,-4.5],"size":[1.5,1.5,3],"uv":{"down":{"uv":[1.8809,15.7783],"uv_size":[-0.0868,-0.1845]},"east":{"uv":[1.5028,15.7203],"uv_size":[0.1736,0.0923]},"north":{"uv":[0.9426,15.7203],"uv_size":[0.0868,0.0923]},"south":{"uv":[1.7955,15.7203],"uv_size":[0.0868,0.0923]},"up":{"uv":[1.8809,15.4033],"uv_size":[-0.0868,-0.1845]},"west":{"uv":[1.1499,15.7203],"uv_size":[0.1736,0.0923]}}},{"origin":[5.5,1,-9],"size":[1.5,1,1],"uv":{"down":{"uv":[1.0868,15.0615],"uv_size":[-0.0868,-0.0615]},"east":{"uv":[0.9421,15.876],"uv_size":[0.0579,0.0615]},"north":{"uv":[1.7367,15.876],"uv_size":[0.0868,0.0615]},"south":{"uv":[1.0014,15.876],"uv_size":[0.0868,0.0615]},"up":{"uv":[1.0868,15.999],"uv_size":[-0.0868,-0.0615]},"west":{"uv":[1.8245,15.876],"uv_size":[0.0579,0.0615]}}},{"origin":[-7,1,-9],"size":[1.5,2,1],"uv":{"down":{"uv":[1.8221,15.0615],"uv_size":[-0.0868,-0.0615]},"east":{"uv":[0.9421,15.8145],"uv_size":[0.0579,0.123]},"north":{"uv":[1.0014,15.8145],"uv_size":[0.0868,0.123]},"south":{"uv":[1.7367,15.8145],"uv_size":[0.0868,0.123]},"up":{"uv":[1.8221,15.999],"uv_size":[-0.0868,-0.0615]},"west":{"uv":[1.8245,15.8145],"uv_size":[0.0579,0.123]}}},{"origin":[-8,2,-9],"size":[1,2,1],"uv":{"down":{"uv":[1.8814,15.0615],"uv_size":[-0.0579,-0.0615]},"east":{"uv":[0.9421,15.752],"uv_size":[0.0579,0.123]},"north":{"uv":[0.9421,15.752],"uv_size":[0.0579,0.123]},"south":{"uv":[1.8245,15.752],"uv_size":[0.0579,0.123]},"up":{"uv":[1.8814,15.999],"uv_size":[-0.0579,-0.0615]},"west":{"uv":[1.8245,15.752],"uv_size":[0.0579,0.123]}}},{"origin":[-8.5,2,-8.5],"size":[0.5,2,2.5],"uv":{"down":{"uv":[0.9701,15.998],"uv_size":[-0.0289,-0.123]},"east":{"uv":[1.7666,15.752],"uv_size":[0.1158,0.123]},"north":{"uv":[1.8534,15.752],"uv_size":[0.0289,0.123]},"south":{"uv":[0.9416,15.752],"uv_size":[0.0289,0.123]},"up":{"uv":[0.9701,15.123],"uv_size":[-0.0289,-0.123]},"west":{"uv":[0.9431,15.752],"uv_size":[0.1158,0.123]}}},{"origin":[-9,3,-6],"size":[1,2,4.5],"uv":{"down":{"uv":[0.9991,15.8705],"uv_size":[-0.0579,-0.2768]},"east":{"uv":[1.5042,15.6895],"uv_size":[0.2605,0.123]},"north":{"uv":[1.8245,15.6895],"uv_size":[0.0579,0.123]},"south":{"uv":[0.9421,15.6895],"uv_size":[0.0579,0.123]},"up":{"uv":[0.9991,15.4018],"uv_size":[-0.0579,-0.2768]},"west":{"uv":[1.0631,15.6895],"uv_size":[0.2605,0.123]}}},{"origin":[-9.5,3,-1.5],"size":[1.5,0.5,0.5],"uv":{"down":{"uv":[1.028,15.5933],"uv_size":[-0.0868,-0.0308]},"east":{"uv":[1.4711,15.7818],"uv_size":[0.0289,0.0308]},"north":{"uv":[1.7955,15.7818],"uv_size":[0.0868,0.0308]},"south":{"uv":[0.9426,15.7818],"uv_size":[0.0868,0.0308]},"up":{"uv":[1.028,15.437],"uv_size":[-0.0868,-0.0308]},"west":{"uv":[1.324,15.7818],"uv_size":[0.0289,0.0308]}}},{"origin":[-9,3.5,-1.5],"size":[1,0.5,0.5],"uv":{"down":{"uv":[0.9991,15.5933],"uv_size":[-0.0579,-0.0308]},"east":{"uv":[1.4711,15.7505],"uv_size":[0.0289,0.0308]},"north":{"uv":[1.8245,15.7505],"uv_size":[0.0579,0.0308]},"south":{"uv":[0.9421,15.7505],"uv_size":[0.0579,0.0308]},"up":{"uv":[0.9991,15.437],"uv_size":[-0.0579,-0.0308]},"west":{"uv":[1.324,15.7505],"uv_size":[0.0289,0.0308]}}},{"origin":[-9,4.5,-1],"size":[1,1,0.5],"uv":{"down":{"uv":[0.9991,15.562],"uv_size":[-0.0579,-0.0308]},"east":{"uv":[1.4416,15.6573],"uv_size":[0.0289,0.0615]},"north":{"uv":[1.8245,15.6573],"uv_size":[0.0579,0.0615]},"south":{"uv":[0.9421,15.6573],"uv_size":[0.0579,0.0615]},"up":{"uv":[0.9991,15.4683],"uv_size":[-0.0579,-0.0308]},"west":{"uv":[1.3534,15.6573],"uv_size":[0.0289,0.0615]}}},{"origin":[-9.5,4.5,-1.5],"size":[1.5,1,0.5],"uv":{"down":{"uv":[1.028,15.5933],"uv_size":[-0.0868,-0.0308]},"east":{"uv":[1.4711,15.6573],"uv_size":[0.0289,0.0615]},"north":{"uv":[1.7955,15.6573],"uv_size":[0.0868,0.0615]},"south":{"uv":[0.9426,15.6573],"uv_size":[0.0868,0.0615]},"up":{"uv":[1.028,15.437],"uv_size":[-0.0868,-0.0308]},"west":{"uv":[1.324,15.6573],"uv_size":[0.0289,0.0615]}}},{"origin":[-9,5,-4],"size":[1,0.5,2.5],"uv":{"down":{"uv":[0.9991,15.7475],"uv_size":[-0.0579,-0.1538]},"east":{"uv":[1.5024,15.6568],"uv_size":[0.1447,0.0308]},"north":{"uv":[1.8245,15.6568],"uv_size":[0.0579,0.0308]},"south":{"uv":[0.9421,15.6568],"uv_size":[0.0579,0.0308]},"up":{"uv":[0.9991,15.4038],"uv_size":[-0.0579,-0.1538]},"west":{"uv":[1.1788,15.6568],"uv_size":[0.1447,0.0308]}}},{"origin":[-9.5,5.5,-3],"size":[1.5,0.5,1.5],"uv":{"down":{"uv":[1.028,15.686],"uv_size":[-0.0868,-0.0923]},"east":{"uv":[1.5014,15.6255],"uv_size":[0.0868,0.0308]},"north":{"uv":[1.7955,15.6255],"uv_size":[0.0868,0.0308]},"south":{"uv":[0.9426,15.6255],"uv_size":[0.0868,0.0308]},"up":{"uv":[1.028,15.4048],"uv_size":[-0.0868,-0.0923]},"west":{"uv":[1.2367,15.6255],"uv_size":[0.0868,0.0308]}}},{"origin":[-9,6,-3],"size":[1,0.5,1.5],"uv":{"down":{"uv":[0.9991,15.686],"uv_size":[-0.0579,-0.0923]},"east":{"uv":[1.5014,15.5943],"uv_size":[0.0868,0.0308]},"north":{"uv":[1.8245,15.5943],"uv_size":[0.0579,0.0308]},"south":{"uv":[0.9421,15.5943],"uv_size":[0.0579,0.0308]},"up":{"uv":[0.9991,15.4048],"uv_size":[-0.0579,-0.0923]},"west":{"uv":[1.2367,15.5943],"uv_size":[0.0868,0.0308]}}},{"origin":[-9.5,6.5,-2.5],"size":[1.5,2,1],"uv":{"down":{"uv":[1.028,15.6553],"uv_size":[-0.0868,-0.0615]},"east":{"uv":[1.5009,15.4708],"uv_size":[0.0579,0.123]},"north":{"uv":[1.7955,15.4708],"uv_size":[0.0868,0.123]},"south":{"uv":[0.9426,15.4708],"uv_size":[0.0868,0.123]},"up":{"uv":[1.028,15.4053],"uv_size":[-0.0868,-0.0615]},"west":{"uv":[1.2656,15.4708],"uv_size":[0.0579,0.123]}}},{"origin":[-9,2,-8],"size":[0.5,2,2],"uv":{"down":{"uv":[0.9995,15.998],"uv_size":[-0.0289,-0.123]},"east":{"uv":[1.7666,15.752],"uv_size":[0.1158,0.123]},"north":{"uv":[1.824,15.752],"uv_size":[0.0289,0.123]},"south":{"uv":[0.9711,15.752],"uv_size":[0.0289,0.123]},"up":{"uv":[0.9995,15.123],"uv_size":[-0.0289,-0.123]},"west":{"uv":[0.9431,15.752],"uv_size":[0.1158,0.123]}}},{"origin":[-9,8.5,-2.5],"size":[1,0.5,1],"uv":{"down":{"uv":[0.9991,15.6553],"uv_size":[-0.0579,-0.0615]},"east":{"uv":[1.5009,15.438],"uv_size":[0.0579,0.0308]},"north":{"uv":[1.8245,15.438],"uv_size":[0.0579,0.0308]},"south":{"uv":[0.9421,15.438],"uv_size":[0.0579,0.0308]},"up":{"uv":[0.9991,15.4053],"uv_size":[-0.0579,-0.0615]},"west":{"uv":[1.2656,15.438],"uv_size":[0.0579,0.0308]}}},{"origin":[-9.5,3,-4.5],"size":[0.5,1.5,3],"uv":{"down":{"uv":[1.0289,15.7783],"uv_size":[-0.0289,-0.1845]},"east":{"uv":[1.5028,15.7203],"uv_size":[0.1736,0.0923]},"north":{"uv":[1.7946,15.7203],"uv_size":[0.0289,0.0923]},"south":{"uv":[1.0005,15.7203],"uv_size":[0.0289,0.0923]},"up":{"uv":[1.0289,15.4033],"uv_size":[-0.0289,-0.1845]},"west":{"uv":[1.1499,15.7203],"uv_size":[0.1736,0.0923]}}},{"origin":[-9.5,3.5,-5],"size":[0.5,1,0.5],"uv":{"down":{"uv":[1.0289,15.812],"uv_size":[-0.0289,-0.0308]},"east":{"uv":[1.6769,15.7198],"uv_size":[0.0289,0.0615]},"north":{"uv":[1.7946,15.7198],"uv_size":[0.0289,0.0615]},"south":{"uv":[1.0005,15.7198],"uv_size":[0.0289,0.0615]},"up":{"uv":[1.0289,15.2183],"uv_size":[-0.0289,-0.0308]},"west":{"uv":[1.1181,15.7198],"uv_size":[0.0289,0.0615]}}},{"origin":[-9.5,4.5,-4],"size":[0.5,0.5,2.5],"uv":{"down":{"uv":[1.0289,15.7475],"uv_size":[-0.0289,-0.1538]},"east":{"uv":[1.5024,15.688],"uv_size":[0.1447,0.0308]},"north":{"uv":[1.7946,15.688],"uv_size":[0.0289,0.0308]},"south":{"uv":[1.0005,15.688],"uv_size":[0.0289,0.0308]},"up":{"uv":[1.0289,15.4038],"uv_size":[-0.0289,-0.1538]},"west":{"uv":[1.1788,15.688],"uv_size":[0.1447,0.0308]}}},{"origin":[-9.5,5,-3.5],"size":[0.5,0.5,2],"uv":{"down":{"uv":[1.0289,15.7168],"uv_size":[-0.0289,-0.123]},"east":{"uv":[1.5019,15.6568],"uv_size":[0.1158,0.0308]},"north":{"uv":[1.7946,15.6568],"uv_size":[0.0289,0.0308]},"south":{"uv":[1.0005,15.6568],"uv_size":[0.0289,0.0308]},"up":{"uv":[1.0289,15.4043],"uv_size":[-0.0289,-0.123]},"west":{"uv":[1.2078,15.6568],"uv_size":[0.1158,0.0308]}}},{"origin":[-9.5,5,-1],"size":[0.5,0.5,0.5],"uv":{"down":{"uv":[1.0289,15.562],"uv_size":[-0.0289,-0.0308]},"east":{"uv":[1.4416,15.6568],"uv_size":[0.0289,0.0308]},"north":{"uv":[1.7946,15.6568],"uv_size":[0.0289,0.0308]},"south":{"uv":[1.0005,15.6568],"uv_size":[0.0289,0.0308]},"up":{"uv":[1.0289,15.4683],"uv_size":[-0.0289,-0.0308]},"west":{"uv":[1.3534,15.6568],"uv_size":[0.0289,0.0308]}}},{"origin":[-9.5,6,-2.5],"size":[0.5,0.5,1],"uv":{"down":{"uv":[1.0289,15.6553],"uv_size":[-0.0289,-0.0615]},"east":{"uv":[1.5009,15.5943],"uv_size":[0.0579,0.0308]},"north":{"uv":[1.7946,15.5943],"uv_size":[0.0289,0.0308]},"south":{"uv":[1.0005,15.5943],"uv_size":[0.0289,0.0308]},"up":{"uv":[1.0289,15.4053],"uv_size":[-0.0289,-0.0615]},"west":{"uv":[1.2656,15.5943],"uv_size":[0.0579,0.0308]}}},{"origin":[-9,8.5,1.5],"size":[1,1,2],"uv":{"down":{"uv":[1.9402,15.4043],"uv_size":[-0.0579,-0.123]},"east":{"uv":[2.1489,15.4073],"uv_size":[0.1158,0.0615]},"north":{"uv":[2.7656,15.4073],"uv_size":[0.0579,0.0615]},"south":{"uv":[1.8833,15.4073],"uv_size":[0.0579,0.0615]},"up":{"uv":[1.9402,15.7168],"uv_size":[-0.0579,-0.123]},"west":{"uv":[2.4431,15.4073],"uv_size":[0.1158,0.0615]}}},{"origin":[-8.5,5.5,-8.5],"size":[0.5,1,1],"uv":{"down":{"uv":[1.9113,15.9995],"uv_size":[-0.0289,-0.0308]},"east":{"uv":[2.7946,15.5948],"uv_size":[0.0289,0.0615]},"north":{"uv":[2.7946,15.5948],"uv_size":[0.0289,0.0615]},"south":{"uv":[1.8828,15.5948],"uv_size":[0.0289,0.0615]},"up":{"uv":[1.9113,15.0308],"uv_size":[-0.0289,-0.0308]},"west":{"uv":[1.8828,15.5948],"uv_size":[0.0289,0.0615]}}},{"origin":[-9,6,-7.5],"size":[1,1,1.5],"uv":{"down":{"uv":[1.9402,15.9673],"uv_size":[-0.0579,-0.0923]},"east":{"uv":[2.7073,15.5635],"uv_size":[0.0868,0.0615]},"north":{"uv":[2.7656,15.5635],"uv_size":[0.0579,0.0615]},"south":{"uv":[1.8833,15.5635],"uv_size":[0.0579,0.0615]},"up":{"uv":[1.9402,15.1235],"uv_size":[-0.0579,-0.0923]},"west":{"uv":[1.9132,15.5635],"uv_size":[0.0868,0.0615]}}},{"origin":[-9,6.5,-6],"size":[1,1,1.5],"uv":{"down":{"uv":[1.9402,15.8735],"uv_size":[-0.0579,-0.0923]},"east":{"uv":[2.6191,15.5323],"uv_size":[0.0868,0.0615]},"north":{"uv":[2.7656,15.5323],"uv_size":[0.0579,0.0615]},"south":{"uv":[1.8833,15.5323],"uv_size":[0.0579,0.0615]},"up":{"uv":[1.9402,15.2173],"uv_size":[-0.0579,-0.0923]},"west":{"uv":[2.0014,15.5323],"uv_size":[0.0868,0.0615]}}},{"origin":[-9,7,-4.5],"size":[1,1,1.5],"uv":{"down":{"uv":[1.9402,15.7798],"uv_size":[-0.0579,-0.0923]},"east":{"uv":[2.5308,15.501],"uv_size":[0.0868,0.0615]},"north":{"uv":[2.7656,15.501],"uv_size":[0.0579,0.0615]},"south":{"uv":[1.8833,15.501],"uv_size":[0.0579,0.0615]},"up":{"uv":[1.9402,15.311],"uv_size":[-0.0579,-0.0923]},"west":{"uv":[2.0896,15.501],"uv_size":[0.0868,0.0615]}}},{"origin":[-9,7.5,-3],"size":[1,1,0.5],"uv":{"down":{"uv":[1.9402,15.687],"uv_size":[-0.0579,-0.0308]},"east":{"uv":[2.5005,15.4698],"uv_size":[0.0289,0.0615]},"north":{"uv":[2.7656,15.4698],"uv_size":[0.0579,0.0615]},"south":{"uv":[1.8833,15.4698],"uv_size":[0.0579,0.0615]},"up":{"uv":[1.9402,15.3433],"uv_size":[-0.0579,-0.0308]},"west":{"uv":[2.1769,15.4698],"uv_size":[0.0289,0.0615]}}},{"origin":[-9,7.5,-1.5],"size":[1,1,1],"uv":{"down":{"uv":[1.9402,15.5928],"uv_size":[-0.0579,-0.0615]},"east":{"uv":[2.3833,15.4698],"uv_size":[0.0579,0.0615]},"north":{"uv":[2.7656,15.4698],"uv_size":[0.0579,0.0615]},"south":{"uv":[1.8833,15.4698],"uv_size":[0.0579,0.0615]},"up":{"uv":[1.9402,15.4678],"uv_size":[-0.0579,-0.0615]},"west":{"uv":[2.2656,15.4698],"uv_size":[0.0579,0.0615]}}},{"origin":[-9,8,-0.5],"size":[1,1,2],"uv":{"down":{"uv":[1.9402,15.5293],"uv_size":[-0.0579,-0.123]},"east":{"uv":[2.2666,15.4385],"uv_size":[0.1158,0.0615]},"north":{"uv":[2.7656,15.4385],"uv_size":[0.0579,0.0615]},"south":{"uv":[1.8833,15.4385],"uv_size":[0.0579,0.0615]},"up":{"uv":[1.9402,15.5918],"uv_size":[-0.0579,-0.123]},"west":{"uv":[2.3254,15.4385],"uv_size":[0.1158,0.0615]}}},{"origin":[-9,9,3.5],"size":[1,1,1],"uv":{"down":{"uv":[1.9402,15.2803],"uv_size":[-0.0579,-0.0615]},"east":{"uv":[2.0892,15.376],"uv_size":[0.0579,0.0615]},"north":{"uv":[2.7656,15.376],"uv_size":[0.0579,0.0615]},"south":{"uv":[1.8833,15.376],"uv_size":[0.0579,0.0615]},"up":{"uv":[1.9402,15.7803],"uv_size":[-0.0579,-0.0615]},"west":{"uv":[2.5598,15.376],"uv_size":[0.0579,0.0615]}}},{"origin":[-9,5.5,-8],"size":[0.5,1,0.5],"uv":{"down":{"uv":[1.9407,15.9995],"uv_size":[-0.0289,-0.0308]},"east":{"uv":[2.7946,15.5948],"uv_size":[0.0289,0.0615]},"north":{"uv":[2.7652,15.5948],"uv_size":[0.0289,0.0615]},"south":{"uv":[1.9122,15.5948],"uv_size":[0.0289,0.0615]},"up":{"uv":[1.9407,15.0308],"uv_size":[-0.0289,-0.0308]},"west":{"uv":[1.8828,15.5948],"uv_size":[0.0289,0.0615]}}},{"origin":[-9,9,4.5],"size":[0.5,1,0.5],"uv":{"down":{"uv":[1.9407,15.2183],"uv_size":[-0.0289,-0.0308]},"east":{"uv":[2.0593,15.376],"uv_size":[0.0289,0.0615]},"north":{"uv":[2.7652,15.376],"uv_size":[0.0289,0.0615]},"south":{"uv":[1.9122,15.376],"uv_size":[0.0289,0.0615]},"up":{"uv":[1.9407,15.812],"uv_size":[-0.0289,-0.0308]},"west":{"uv":[2.6181,15.376],"uv_size":[0.0289,0.0615]}}},{"origin":[-8,6,-9],"size":[1.5,0.5,1],"uv":{"down":{"uv":[2.8221,15.0615],"uv_size":[-0.0868,-0.0615]},"east":{"uv":[1.8833,15.5943],"uv_size":[0.0579,0.0308]},"north":{"uv":[1.8838,15.5943],"uv_size":[0.0868,0.0308]},"south":{"uv":[2.7367,15.5943],"uv_size":[0.0868,0.0308]},"up":{"uv":[2.8221,15.999],"uv_size":[-0.0868,-0.0615]},"west":{"uv":[2.7656,15.5943],"uv_size":[0.0579,0.0308]}}},{"origin":[-6.5,5,-9],"size":[1.5,0.5,0.5],"uv":{"down":{"uv":[2.7339,15.062],"uv_size":[-0.0868,-0.0308]},"east":{"uv":[1.9122,15.6568],"uv_size":[0.0289,0.0308]},"north":{"uv":[1.972,15.6568],"uv_size":[0.0868,0.0308]},"south":{"uv":[2.6485,15.6568],"uv_size":[0.0868,0.0308]},"up":{"uv":[2.7339,15.9683],"uv_size":[-0.0868,-0.0308]},"west":{"uv":[2.7652,15.6568],"uv_size":[0.0289,0.0308]}}},{"origin":[-6.5,5,-8.5],"size":[2.5,0.5,0.5],"uv":{"down":{"uv":[2.7329,15.0308],"uv_size":[-0.1447,-0.0308]},"east":{"uv":[1.8828,15.6568],"uv_size":[0.0289,0.0308]},"north":{"uv":[1.9729,15.6568],"uv_size":[0.1447,0.0308]},"south":{"uv":[2.5906,15.6568],"uv_size":[0.1447,0.0308]},"up":{"uv":[2.7329,15.9995],"uv_size":[-0.1447,-0.0308]},"west":{"uv":[2.7946,15.6568],"uv_size":[0.0289,0.0308]}}},{"origin":[-4,5,-9],"size":[1,0.5,1],"uv":{"down":{"uv":[2.5873,15.0615],"uv_size":[-0.0579,-0.0615]},"east":{"uv":[1.8833,15.6568],"uv_size":[0.0579,0.0308]},"north":{"uv":[2.1186,15.6568],"uv_size":[0.0579,0.0308]},"south":{"uv":[2.5304,15.6568],"uv_size":[0.0579,0.0308]},"up":{"uv":[2.5873,15.999],"uv_size":[-0.0579,-0.0615]},"west":{"uv":[2.7656,15.6568],"uv_size":[0.0579,0.0308]}}},{"origin":[-8,5.5,-9],"size":[6.5,0.5,1],"uv":{"down":{"uv":[2.8174,15.0615],"uv_size":[-0.3762,-0.0615]},"east":{"uv":[1.8833,15.6255],"uv_size":[0.0579,0.0308]},"north":{"uv":[1.8885,15.6255],"uv_size":[0.3762,0.0308]},"south":{"uv":[2.4473,15.6255],"uv_size":[0.3762,0.0308]},"up":{"uv":[2.8174,15.999],"uv_size":[-0.3762,-0.0615]},"west":{"uv":[2.7656,15.6255],"uv_size":[0.0579,0.0308]}}},{"origin":[-1.5,6.5,-9],"size":[0.5,0.5,0.5],"uv":{"down":{"uv":[2.4407,15.062],"uv_size":[-0.0289,-0.0308]},"east":{"uv":[1.9122,15.563],"uv_size":[0.0289,0.0308]},"north":{"uv":[2.2652,15.563],"uv_size":[0.0289,0.0308]},"south":{"uv":[2.4122,15.563],"uv_size":[0.0289,0.0308]},"up":{"uv":[2.4407,15.9683],"uv_size":[-0.0289,-0.0308]},"west":{"uv":[2.7652,15.563],"uv_size":[0.0289,0.0308]}}},{"origin":[-1.5,6.5,-8.5],"size":[2.5,0.5,0.5],"uv":{"down":{"uv":[2.4388,15.0308],"uv_size":[-0.1447,-0.0308]},"east":{"uv":[1.8828,15.563],"uv_size":[0.0289,0.0308]},"north":{"uv":[2.2671,15.563],"uv_size":[0.1447,0.0308]},"south":{"uv":[2.2965,15.563],"uv_size":[0.1447,0.0308]},"up":{"uv":[2.4388,15.9995],"uv_size":[-0.1447,-0.0308]},"west":{"uv":[2.7946,15.563],"uv_size":[0.0289,0.0308]}}},{"origin":[1,6.5,-9],"size":[0.5,0.5,1],"uv":{"down":{"uv":[2.2936,15.0615],"uv_size":[-0.0289,-0.0615]},"east":{"uv":[1.8833,15.563],"uv_size":[0.0579,0.0308]},"north":{"uv":[2.4122,15.563],"uv_size":[0.0289,0.0308]},"south":{"uv":[2.2652,15.563],"uv_size":[0.0289,0.0308]},"up":{"uv":[2.2936,15.999],"uv_size":[-0.0289,-0.0615]},"west":{"uv":[2.7656,15.563],"uv_size":[0.0579,0.0308]}}},{"origin":[-3,6,-9],"size":[6,0.5,1],"uv":{"down":{"uv":[2.5238,15.0615],"uv_size":[-0.3473,-0.0615]},"east":{"uv":[1.8833,15.5943],"uv_size":[0.0579,0.0308]},"north":{"uv":[2.1821,15.5943],"uv_size":[0.3473,0.0308]},"south":{"uv":[2.1821,15.5943],"uv_size":[0.3473,0.0308]},"up":{"uv":[2.5238,15.999],"uv_size":[-0.3473,-0.0615]},"west":{"uv":[2.7656,15.5943],"uv_size":[0.0579,0.0308]}}},{"origin":[1.5,5.5,-9],"size":[2.5,0.5,0.5],"uv":{"down":{"uv":[2.2624,15.062],"uv_size":[-0.1447,-0.0308]},"east":{"uv":[1.9122,15.6255],"uv_size":[0.0289,0.0308]},"north":{"uv":[2.4435,15.6255],"uv_size":[0.1447,0.0308]},"south":{"uv":[2.12,15.6255],"uv_size":[0.1447,0.0308]},"up":{"uv":[2.2624,15.9683],"uv_size":[-0.1447,-0.0308]},"west":{"uv":[2.7652,15.6255],"uv_size":[0.0289,0.0308]}}},{"origin":[3,5,-9],"size":[3.5,0.5,1],"uv":{"down":{"uv":[2.1732,15.0615],"uv_size":[-0.2026,-0.0615]},"east":{"uv":[1.8833,15.6568],"uv_size":[0.0579,0.0308]},"north":{"uv":[2.5327,15.6568],"uv_size":[0.2026,0.0308]},"south":{"uv":[1.9739,15.6568],"uv_size":[0.2026,0.0308]},"up":{"uv":[2.1732,15.999],"uv_size":[-0.2026,-0.0615]},"west":{"uv":[2.7656,15.6568],"uv_size":[0.0579,0.0308]}}},{"origin":[5,5.5,-9],"size":[3,0.5,0.5],"uv":{"down":{"uv":[2.056,15.062],"uv_size":[-0.1736,-0.0308]},"east":{"uv":[1.9122,15.6255],"uv_size":[0.0289,0.0308]},"north":{"uv":[2.6499,15.6255],"uv_size":[0.1736,0.0308]},"south":{"uv":[1.8852,15.6255],"uv_size":[0.1736,0.0308]},"up":{"uv":[2.056,15.9683],"uv_size":[-0.1736,-0.0308]},"west":{"uv":[2.7652,15.6255],"uv_size":[0.0289,0.0308]}}},{"origin":[6.5,6,-9],"size":[1.5,0.5,0.5],"uv":{"down":{"uv":[1.9692,15.062],"uv_size":[-0.0868,-0.0308]},"east":{"uv":[1.9122,15.5943],"uv_size":[0.0289,0.0308]},"north":{"uv":[2.7367,15.5943],"uv_size":[0.0868,0.0308]},"south":{"uv":[1.8838,15.5943],"uv_size":[0.0868,0.0308]},"up":{"uv":[1.9692,15.9683],"uv_size":[-0.0868,-0.0308]},"west":{"uv":[2.7652,15.5943],"uv_size":[0.0289,0.0308]}}},{"origin":[1.5,5.5,-8.5],"size":[7,0.5,0.5],"uv":{"down":{"uv":[2.2586,15.0308],"uv_size":[-0.3762,-0.0308]},"east":{"uv":[1.8828,15.6255],"uv_size":[0.0289,0.0308]},"north":{"uv":[2.4473,15.6255],"uv_size":[0.3762,0.0308]},"south":{"uv":[1.8885,15.6255],"uv_size":[0.3762,0.0308]},"up":{"uv":[2.2586,15.9995],"uv_size":[-0.3762,-0.0308]},"west":{"uv":[2.7946,15.6255],"uv_size":[0.0289,0.0308]}}},{"origin":[6.5,6,-8.5],"size":[2,0.5,0.5],"uv":{"down":{"uv":[1.9692,15.0308],"uv_size":[-0.0868,-0.0308]},"east":{"uv":[1.8828,15.5943],"uv_size":[0.0289,0.0308]},"north":{"uv":[2.7367,15.5943],"uv_size":[0.0868,0.0308]},"south":{"uv":[1.8838,15.5943],"uv_size":[0.0868,0.0308]},"up":{"uv":[1.9692,15.9995],"uv_size":[-0.0868,-0.0308]},"west":{"uv":[2.7946,15.5943],"uv_size":[0.0289,0.0308]}}},{"origin":[-8.5,4,8],"size":[17,1.5,0.5],"uv":{"down":{"uv":[2.8085,15.9995],"uv_size":[-0.9261,-0.0308]},"east":{"uv":[2.7946,15.6578],"uv_size":[0.0289,0.0923]},"north":{"uv":[1.8974,15.6578],"uv_size":[0.9261,0.0923]},"south":{"uv":[1.8974,15.6578],"uv_size":[0.9261,0.0923]},"up":{"uv":[2.8085,15.0308],"uv_size":[-0.9261,-0.0308]},"west":{"uv":[1.8828,15.6578],"uv_size":[0.0289,0.0923]}}},{"origin":[8,8.5,1.5],"size":[1,1,2],"uv":{"down":{"uv":[2.8226,15.4043],"uv_size":[-0.0579,-0.123]},"east":{"uv":[2.1489,15.4073],"uv_size":[0.1158,0.0615]},"north":{"uv":[1.8833,15.4073],"uv_size":[0.0579,0.0615]},"south":{"uv":[2.7656,15.4073],"uv_size":[0.0579,0.0615]},"up":{"uv":[2.8226,15.7168],"uv_size":[-0.0579,-0.123]},"west":{"uv":[2.4431,15.4073],"uv_size":[0.1158,0.0615]}}},{"origin":[8,8,-0.5],"size":[1,1,2],"uv":{"down":{"uv":[2.8226,15.5293],"uv_size":[-0.0579,-0.123]},"east":{"uv":[2.2666,15.4385],"uv_size":[0.1158,0.0615]},"north":{"uv":[1.8833,15.4385],"uv_size":[0.0579,0.0615]},"south":{"uv":[2.7656,15.4385],"uv_size":[0.0579,0.0615]},"up":{"uv":[2.8226,15.5918],"uv_size":[-0.0579,-0.123]},"west":{"uv":[2.3254,15.4385],"uv_size":[0.1158,0.0615]}}},{"origin":[8.5,9,4.5],"size":[0.5,1,0.5],"uv":{"down":{"uv":[2.7936,15.2183],"uv_size":[-0.0289,-0.0308]},"east":{"uv":[2.0593,15.376],"uv_size":[0.0289,0.0615]},"north":{"uv":[1.9122,15.376],"uv_size":[0.0289,0.0615]},"south":{"uv":[2.7652,15.376],"uv_size":[0.0289,0.0615]},"up":{"uv":[2.7936,15.812],"uv_size":[-0.0289,-0.0308]},"west":{"uv":[2.6181,15.376],"uv_size":[0.0289,0.0615]}}},{"origin":[8,9,3.5],"size":[1,1,1],"uv":{"down":{"uv":[2.8226,15.2803],"uv_size":[-0.0579,-0.0615]},"east":{"uv":[2.0892,15.376],"uv_size":[0.0579,0.0615]},"north":{"uv":[1.8833,15.376],"uv_size":[0.0579,0.0615]},"south":{"uv":[2.7656,15.376],"uv_size":[0.0579,0.0615]},"up":{"uv":[2.8226,15.7803],"uv_size":[-0.0579,-0.0615]},"west":{"uv":[2.5598,15.376],"uv_size":[0.0579,0.0615]}}},{"origin":[8,7.5,-1.5],"size":[1,1,1],"uv":{"down":{"uv":[2.8226,15.5928],"uv_size":[-0.0579,-0.0615]},"east":{"uv":[2.3833,15.4698],"uv_size":[0.0579,0.0615]},"north":{"uv":[1.8833,15.4698],"uv_size":[0.0579,0.0615]},"south":{"uv":[2.7656,15.4698],"uv_size":[0.0579,0.0615]},"up":{"uv":[2.8226,15.4678],"uv_size":[-0.0579,-0.0615]},"west":{"uv":[2.2656,15.4698],"uv_size":[0.0579,0.0615]}}},{"origin":[8,7.5,-3],"size":[1,1,0.5],"uv":{"down":{"uv":[2.8226,15.687],"uv_size":[-0.0579,-0.0308]},"east":{"uv":[2.5005,15.4698],"uv_size":[0.0289,0.0615]},"north":{"uv":[1.8833,15.4698],"uv_size":[0.0579,0.0615]},"south":{"uv":[2.7656,15.4698],"uv_size":[0.0579,0.0615]},"up":{"uv":[2.8226,15.3433],"uv_size":[-0.0579,-0.0308]},"west":{"uv":[2.1769,15.4698],"uv_size":[0.0289,0.0615]}}},{"origin":[8,7,-4.5],"size":[1,1,1.5],"uv":{"down":{"uv":[2.8226,15.7798],"uv_size":[-0.0579,-0.0923]},"east":{"uv":[2.5308,15.501],"uv_size":[0.0868,0.0615]},"north":{"uv":[1.8833,15.501],"uv_size":[0.0579,0.0615]},"south":{"uv":[2.7656,15.501],"uv_size":[0.0579,0.0615]},"up":{"uv":[2.8226,15.311],"uv_size":[-0.0579,-0.0923]},"west":{"uv":[2.0896,15.501],"uv_size":[0.0868,0.0615]}}},{"origin":[8,6.5,-6],"size":[1,1,1.5],"uv":{"down":{"uv":[2.8226,15.8735],"uv_size":[-0.0579,-0.0923]},"east":{"uv":[2.6191,15.5323],"uv_size":[0.0868,0.0615]},"north":{"uv":[1.8833,15.5323],"uv_size":[0.0579,0.0615]},"south":{"uv":[2.7656,15.5323],"uv_size":[0.0579,0.0615]},"up":{"uv":[2.8226,15.2173],"uv_size":[-0.0579,-0.0923]},"west":{"uv":[2.0014,15.5323],"uv_size":[0.0868,0.0615]}}},{"origin":[8,6,-7.5],"size":[1,1,1.5],"uv":{"down":{"uv":[2.8226,15.9673],"uv_size":[-0.0579,-0.0923]},"east":{"uv":[2.7073,15.5635],"uv_size":[0.0868,0.0615]},"north":{"uv":[1.8833,15.5635],"uv_size":[0.0579,0.0615]},"south":{"uv":[2.7656,15.5635],"uv_size":[0.0579,0.0615]},"up":{"uv":[2.8226,15.1235],"uv_size":[-0.0579,-0.0923]},"west":{"uv":[1.9132,15.5635],"uv_size":[0.0868,0.0615]}}},{"origin":[8,5.5,-8],"size":[1,1,0.5],"uv":{"down":{"uv":[2.8226,15.9995],"uv_size":[-0.0579,-0.0308]},"east":{"uv":[2.7946,15.5948],"uv_size":[0.0289,0.0615]},"north":{"uv":[1.8833,15.5948],"uv_size":[0.0579,0.0615]},"south":{"uv":[2.7656,15.5948],"uv_size":[0.0579,0.0615]},"up":{"uv":[2.8226,15.0308],"uv_size":[-0.0579,-0.0308]},"west":{"uv":[1.8828,15.5948],"uv_size":[0.0289,0.0615]}}},{"origin":[-9,3,-1],"size":[1,1.5,4],"uv":{"down":{"uv":[2.8814,15.5585],"uv_size":[-0.0579,-0.246]},"east":{"uv":[3.1214,15.7203],"uv_size":[0.2315,0.0923]},"north":{"uv":[3.7068,15.7203],"uv_size":[0.0579,0.0923]},"south":{"uv":[2.8245,15.7203],"uv_size":[0.0579,0.0923]},"up":{"uv":[2.8814,15.6835],"uv_size":[-0.0579,-0.246]},"west":{"uv":[3.2391,15.7203],"uv_size":[0.2315,0.0923]}}},{"origin":[-9,3.5,3],"size":[1,2,0.5],"uv":{"down":{"uv":[2.8814,15.312],"uv_size":[-0.0579,-0.0308]},"east":{"uv":[3.0887,15.6583],"uv_size":[0.0289,0.123]},"north":{"uv":[3.7068,15.6583],"uv_size":[0.0579,0.123]},"south":{"uv":[2.8245,15.6583],"uv_size":[0.0579,0.123]},"up":{"uv":[2.8814,15.7183],"uv_size":[-0.0579,-0.0308]},"west":{"uv":[3.4711,15.6583],"uv_size":[0.0289,0.123]}}},{"origin":[-9,4,-1.5],"size":[1,0.5,0.5],"uv":{"down":{"uv":[2.8814,15.5933],"uv_size":[-0.0579,-0.0308]},"east":{"uv":[3.3534,15.7193],"uv_size":[0.0289,0.0308]},"north":{"uv":[3.7068,15.7193],"uv_size":[0.0579,0.0308]},"south":{"uv":[2.8245,15.7193],"uv_size":[0.0579,0.0308]},"up":{"uv":[2.8814,15.437],"uv_size":[-0.0579,-0.0308]},"west":{"uv":[3.2064,15.7193],"uv_size":[0.0289,0.0308]}}},{"origin":[-9,4,3.5],"size":[1,1.5,4.5],"uv":{"down":{"uv":[2.8814,15.2768],"uv_size":[-0.0579,-0.2768]},"east":{"uv":[2.8278,15.6578],"uv_size":[0.2605,0.0923]},"north":{"uv":[3.7068,15.6578],"uv_size":[0.0579,0.0923]},"south":{"uv":[2.8245,15.6578],"uv_size":[0.0579,0.0923]},"up":{"uv":[2.8814,15.9955],"uv_size":[-0.0579,-0.2768]},"west":{"uv":[3.5042,15.6578],"uv_size":[0.2605,0.0923]}}},{"origin":[-9,4.5,-0.5],"size":[1,1,3.5],"uv":{"down":{"uv":[2.8814,15.5278],"uv_size":[-0.0579,-0.2153]},"east":{"uv":[3.1209,15.6573],"uv_size":[0.2026,0.0615]},"north":{"uv":[3.7068,15.6573],"uv_size":[0.0579,0.0615]},"south":{"uv":[2.8245,15.6573],"uv_size":[0.0579,0.0615]},"up":{"uv":[2.8814,15.684],"uv_size":[-0.0579,-0.2153]},"west":{"uv":[3.268,15.6573],"uv_size":[0.2026,0.0615]}}},{"origin":[-8,4,8.5],"size":[16,1.5,0.5],"uv":{"down":{"uv":[3.7496,15.9683],"uv_size":[-0.9261,-0.0308]},"east":{"uv":[3.7064,15.6578],"uv_size":[0.0289,0.0923]},"north":{"uv":[2.8386,15.6578],"uv_size":[0.9261,0.0923]},"south":{"uv":[2.8386,15.6578],"uv_size":[0.9261,0.0923]},"up":{"uv":[3.7496,15.062],"uv_size":[-0.9261,-0.0308]},"west":{"uv":[2.8534,15.6578],"uv_size":[0.0289,0.0923]}}},{"origin":[8,4.5,-0.5],"size":[1,1,3.5],"uv":{"down":{"uv":[3.7638,15.5278],"uv_size":[-0.0579,-0.2153]},"east":{"uv":[3.1209,15.6573],"uv_size":[0.2026,0.0615]},"north":{"uv":[2.8245,15.6573],"uv_size":[0.0579,0.0615]},"south":{"uv":[3.7068,15.6573],"uv_size":[0.0579,0.0615]},"up":{"uv":[3.7638,15.684],"uv_size":[-0.0579,-0.2153]},"west":{"uv":[3.268,15.6573],"uv_size":[0.2026,0.0615]}}},{"origin":[8,4,3.5],"size":[1,1.5,4.5],"uv":{"down":{"uv":[3.7638,15.2768],"uv_size":[-0.0579,-0.2768]},"east":{"uv":[2.8278,15.6578],"uv_size":[0.2605,0.0923]},"north":{"uv":[2.8245,15.6578],"uv_size":[0.0579,0.0923]},"south":{"uv":[3.7068,15.6578],"uv_size":[0.0579,0.0923]},"up":{"uv":[3.7638,15.9955],"uv_size":[-0.0579,-0.2768]},"west":{"uv":[3.5042,15.6578],"uv_size":[0.2605,0.0923]}}},{"origin":[8,4,-1.5],"size":[1,0.5,0.5],"uv":{"down":{"uv":[3.7638,15.5933],"uv_size":[-0.0579,-0.0308]},"east":{"uv":[3.3534,15.7193],"uv_size":[0.0289,0.0308]},"north":{"uv":[2.8245,15.7193],"uv_size":[0.0579,0.0308]},"south":{"uv":[3.7068,15.7193],"uv_size":[0.0579,0.0308]},"up":{"uv":[3.7638,15.437],"uv_size":[-0.0579,-0.0308]},"west":{"uv":[3.2064,15.7193],"uv_size":[0.0289,0.0308]}}},{"origin":[8,3.5,3],"size":[1,2,0.5],"uv":{"down":{"uv":[3.7638,15.312],"uv_size":[-0.0579,-0.0308]},"east":{"uv":[3.0887,15.6583],"uv_size":[0.0289,0.123]},"north":{"uv":[2.8245,15.6583],"uv_size":[0.0579,0.123]},"south":{"uv":[3.7068,15.6583],"uv_size":[0.0579,0.123]},"up":{"uv":[3.7638,15.7183],"uv_size":[-0.0579,-0.0308]},"west":{"uv":[3.4711,15.6583],"uv_size":[0.0289,0.123]}}},{"origin":[8,3,-1],"size":[1,1.5,4],"uv":{"down":{"uv":[3.7638,15.5585],"uv_size":[-0.0579,-0.246]},"east":{"uv":[3.1214,15.7203],"uv_size":[0.2315,0.0923]},"north":{"uv":[2.8245,15.7203],"uv_size":[0.0579,0.0923]},"south":{"uv":[3.7068,15.7203],"uv_size":[0.0579,0.0923]},"up":{"uv":[3.7638,15.6835],"uv_size":[-0.0579,-0.246]},"west":{"uv":[3.2391,15.7203],"uv_size":[0.2315,0.0923]}}},{"origin":[8,8.5,4.5],"size":[0.5,2,3.5],"uv":{"down":{"uv":[1.8819,15.2153],"uv_size":[-0.0289,-0.2153]},"east":{"uv":[0.9445,15.3458],"uv_size":[0.2026,0.123]},"north":{"uv":[0.9416,15.3458],"uv_size":[0.0289,0.123]},"south":{"uv":[1.8534,15.3458],"uv_size":[0.0289,0.123]},"up":{"uv":[1.8819,15.9965],"uv_size":[-0.0289,-0.2153]},"west":{"uv":[1.6798,15.3458],"uv_size":[0.2026,0.123]}}},{"origin":[5,8.5,8],"size":[3,2,0.5],"uv":{"down":{"uv":[1.1148,15.9995],"uv_size":[-0.1736,-0.0308]},"east":{"uv":[1.8534,15.3458],"uv_size":[0.0289,0.123]},"north":{"uv":[1.7087,15.3458],"uv_size":[0.1736,0.123]},"south":{"uv":[0.944,15.3458],"uv_size":[0.1736,0.123]},"up":{"uv":[1.1148,15.0308],"uv_size":[-0.1736,-0.0308]},"west":{"uv":[0.9416,15.3458],"uv_size":[0.0289,0.123]}}},{"origin":[-8,9,8],"size":[13,1.5,0.5],"uv":{"down":{"uv":[1.8701,15.9995],"uv_size":[-0.7525,-0.0308]},"east":{"uv":[1.8534,15.3453],"uv_size":[0.0289,0.0923]},"north":{"uv":[0.9534,15.3453],"uv_size":[0.7525,0.0923]},"south":{"uv":[1.1299,15.3453],"uv_size":[0.7525,0.0923]},"up":{"uv":[1.8701,15.0308],"uv_size":[-0.7525,-0.0308]},"west":{"uv":[0.9416,15.3453],"uv_size":[0.0289,0.0923]}}},{"origin":[-5,10.5,8],"size":[10,0.5,0.5],"uv":{"down":{"uv":[1.6965,15.9995],"uv_size":[-0.5788,-0.0308]},"east":{"uv":[1.8534,15.313],"uv_size":[0.0289,0.0308]},"north":{"uv":[1.1271,15.313],"uv_size":[0.5788,0.0308]},"south":{"uv":[1.1271,15.313],"uv_size":[0.5788,0.0308]},"up":{"uv":[1.6965,15.0308],"uv_size":[-0.5788,-0.0308]},"west":{"uv":[0.9416,15.313],"uv_size":[0.0289,0.0308]}}},{"origin":[-3.5,9.5,8.5],"size":[7,1,0.5],"uv":{"down":{"uv":[1.6111,15.9683],"uv_size":[-0.4052,-0.0308]},"east":{"uv":[1.824,15.3448],"uv_size":[0.0289,0.0615]},"north":{"uv":[1.2125,15.3448],"uv_size":[0.4052,0.0615]},"south":{"uv":[1.2125,15.3448],"uv_size":[0.4052,0.0615]},"up":{"uv":[1.6111,15.062],"uv_size":[-0.4052,-0.0308]},"west":{"uv":[0.9711,15.3448],"uv_size":[0.0289,0.0615]}}},{"origin":[-3,9,8.5],"size":[6,0.5,0.5],"uv":{"down":{"uv":[1.5826,15.9683],"uv_size":[-0.3473,-0.0308]},"east":{"uv":[1.824,15.4068],"uv_size":[0.0289,0.0308]},"north":{"uv":[1.2409,15.4068],"uv_size":[0.3473,0.0308]},"south":{"uv":[1.2409,15.4068],"uv_size":[0.3473,0.0308]},"up":{"uv":[1.5826,15.062],"uv_size":[-0.3473,-0.0308]},"west":{"uv":[0.9711,15.4068],"uv_size":[0.0289,0.0308]}}},{"origin":[-3,10.5,8.5],"size":[6,0.5,0.5],"uv":{"down":{"uv":[1.5826,15.9683],"uv_size":[-0.3473,-0.0308]},"east":{"uv":[1.824,15.313],"uv_size":[0.0289,0.0308]},"north":{"uv":[1.2409,15.313],"uv_size":[0.3473,0.0308]},"south":{"uv":[1.2409,15.313],"uv_size":[0.3473,0.0308]},"up":{"uv":[1.5826,15.062],"uv_size":[-0.3473,-0.0308]},"west":{"uv":[0.9711,15.313],"uv_size":[0.0289,0.0308]}}},{"origin":[-8,8.5,8],"size":[3,0.5,0.5],"uv":{"down":{"uv":[1.8795,15.9995],"uv_size":[-0.1736,-0.0308]},"east":{"uv":[1.8534,15.438],"uv_size":[0.0289,0.0308]},"north":{"uv":[0.944,15.438],"uv_size":[0.1736,0.0308]},"south":{"uv":[1.7087,15.438],"uv_size":[0.1736,0.0308]},"up":{"uv":[1.8795,15.0308],"uv_size":[-0.1736,-0.0308]},"west":{"uv":[0.9416,15.438],"uv_size":[0.0289,0.0308]}}},{"origin":[-8.5,8.5,4.5],"size":[0.5,2,3.5],"uv":{"down":{"uv":[0.9701,15.2153],"uv_size":[-0.0289,-0.2153]},"east":{"uv":[0.9445,15.3458],"uv_size":[0.2026,0.123]},"north":{"uv":[1.8534,15.3458],"uv_size":[0.0289,0.123]},"south":{"uv":[0.9416,15.3458],"uv_size":[0.0289,0.123]},"up":{"uv":[0.9701,15.9965],"uv_size":[-0.0289,-0.2153]},"west":{"uv":[1.6798,15.3458],"uv_size":[0.2026,0.123]}}},{"origin":[8,5.5,-8],"size":[1,1,0.5],"uv":{"down":{"uv":[2.8226,15.9995],"uv_size":[-0.0579,-0.0308]},"east":{"uv":[2.7946,15.5948],"uv_size":[0.0289,0.0615]},"north":{"uv":[1.8833,15.5948],"uv_size":[0.0579,0.0615]},"south":{"uv":[2.7656,15.5948],"uv_size":[0.0579,0.0615]},"up":{"uv":[2.8226,15.0308],"uv_size":[-0.0579,-0.0308]},"west":{"uv":[1.8828,15.5948],"uv_size":[0.0289,0.0615]}}},{"origin":[-9,8.5,1.5],"size":[1,1,2],"uv":{"down":{"uv":[1.9402,15.4043],"uv_size":[-0.0579,-0.123]},"east":{"uv":[2.1489,15.4073],"uv_size":[0.1158,0.0615]},"north":{"uv":[2.7656,15.4073],"uv_size":[0.0579,0.0615]},"south":{"uv":[1.8833,15.4073],"uv_size":[0.0579,0.0615]},"up":{"uv":[1.9402,15.7168],"uv_size":[-0.0579,-0.123]},"west":{"uv":[2.4431,15.4073],"uv_size":[0.1158,0.0615]}}},{"origin":[-8.5,5.5,-8.5],"size":[0.5,1,1],"uv":{"down":{"uv":[1.9113,15.9995],"uv_size":[-0.0289,-0.0308]},"east":{"uv":[2.7946,15.5948],"uv_size":[0.0289,0.0615]},"north":{"uv":[2.7946,15.5948],"uv_size":[0.0289,0.0615]},"south":{"uv":[1.8828,15.5948],"uv_size":[0.0289,0.0615]},"up":{"uv":[1.9113,15.0308],"uv_size":[-0.0289,-0.0308]},"west":{"uv":[1.8828,15.5948],"uv_size":[0.0289,0.0615]}}},{"origin":[-9,6,-7.5],"size":[1,1,1.5],"uv":{"down":{"uv":[1.9402,15.9673],"uv_size":[-0.0579,-0.0923]},"east":{"uv":[2.7073,15.5635],"uv_size":[0.0868,0.0615]},"north":{"uv":[2.7656,15.5635],"uv_size":[0.0579,0.0615]},"south":{"uv":[1.8833,15.5635],"uv_size":[0.0579,0.0615]},"up":{"uv":[1.9402,15.1235],"uv_size":[-0.0579,-0.0923]},"west":{"uv":[1.9132,15.5635],"uv_size":[0.0868,0.0615]}}},{"origin":[-9,6.5,-6],"size":[1,1,1.5],"uv":{"down":{"uv":[1.9402,15.8735],"uv_size":[-0.0579,-0.0923]},"east":{"uv":[2.6191,15.5323],"uv_size":[0.0868,0.0615]},"north":{"uv":[2.7656,15.5323],"uv_size":[0.0579,0.0615]},"south":{"uv":[1.8833,15.5323],"uv_size":[0.0579,0.0615]},"up":{"uv":[1.9402,15.2173],"uv_size":[-0.0579,-0.0923]},"west":{"uv":[2.0014,15.5323],"uv_size":[0.0868,0.0615]}}},{"origin":[-9,7,-4.5],"size":[1,1,1.5],"uv":{"down":{"uv":[1.9402,15.7798],"uv_size":[-0.0579,-0.0923]},"east":{"uv":[2.5308,15.501],"uv_size":[0.0868,0.0615]},"north":{"uv":[2.7656,15.501],"uv_size":[0.0579,0.0615]},"south":{"uv":[1.8833,15.501],"uv_size":[0.0579,0.0615]},"up":{"uv":[1.9402,15.311],"uv_size":[-0.0579,-0.0923]},"west":{"uv":[2.0896,15.501],"uv_size":[0.0868,0.0615]}}},{"origin":[-9,7.5,-3],"size":[1,1,0.5],"uv":{"down":{"uv":[1.9402,15.687],"uv_size":[-0.0579,-0.0308]},"east":{"uv":[2.5005,15.4698],"uv_size":[0.0289,0.0615]},"north":{"uv":[2.7656,15.4698],"uv_size":[0.0579,0.0615]},"south":{"uv":[1.8833,15.4698],"uv_size":[0.0579,0.0615]},"up":{"uv":[1.9402,15.3433],"uv_size":[-0.0579,-0.0308]},"west":{"uv":[2.1769,15.4698],"uv_size":[0.0289,0.0615]}}},{"origin":[-9,7.5,-1.5],"size":[1,1,1],"uv":{"down":{"uv":[1.9402,15.5928],"uv_size":[-0.0579,-0.0615]},"east":{"uv":[2.3833,15.4698],"uv_size":[0.0579,0.0615]},"north":{"uv":[2.7656,15.4698],"uv_size":[0.0579,0.0615]},"south":{"uv":[1.8833,15.4698],"uv_size":[0.0579,0.0615]},"up":{"uv":[1.9402,15.4678],"uv_size":[-0.0579,-0.0615]},"west":{"uv":[2.2656,15.4698],"uv_size":[0.0579,0.0615]}}},{"origin":[-9,8,-0.5],"size":[1,1,2],"uv":{"down":{"uv":[1.9402,15.5293],"uv_size":[-0.0579,-0.123]},"east":{"uv":[2.2666,15.4385],"uv_size":[0.1158,0.0615]},"north":{"uv":[2.7656,15.4385],"uv_size":[0.0579,0.0615]},"south":{"uv":[1.8833,15.4385],"uv_size":[0.0579,0.0615]},"up":{"uv":[1.9402,15.5918],"uv_size":[-0.0579,-0.123]},"west":{"uv":[2.3254,15.4385],"uv_size":[0.1158,0.0615]}}},{"origin":[-9,9,3.5],"size":[1,1,1],"uv":{"down":{"uv":[1.9402,15.2803],"uv_size":[-0.0579,-0.0615]},"east":{"uv":[2.0892,15.376],"uv_size":[0.0579,0.0615]},"north":{"uv":[2.7656,15.376],"uv_size":[0.0579,0.0615]},"south":{"uv":[1.8833,15.376],"uv_size":[0.0579,0.0615]},"up":{"uv":[1.9402,15.7803],"uv_size":[-0.0579,-0.0615]},"west":{"uv":[2.5598,15.376],"uv_size":[0.0579,0.0615]}}},{"origin":[-9,5.5,-8],"size":[0.5,1,0.5],"uv":{"down":{"uv":[1.9407,15.9995],"uv_size":[-0.0289,-0.0308]},"east":{"uv":[2.7946,15.5948],"uv_size":[0.0289,0.0615]},"north":{"uv":[2.7652,15.5948],"uv_size":[0.0289,0.0615]},"south":{"uv":[1.9122,15.5948],"uv_size":[0.0289,0.0615]},"up":{"uv":[1.9407,15.0308],"uv_size":[-0.0289,-0.0308]},"west":{"uv":[1.8828,15.5948],"uv_size":[0.0289,0.0615]}}},{"origin":[-9,9,4.5],"size":[0.5,1,0.5],"uv":{"down":{"uv":[1.9407,15.2183],"uv_size":[-0.0289,-0.0308]},"east":{"uv":[2.0593,15.376],"uv_size":[0.0289,0.0615]},"north":{"uv":[2.7652,15.376],"uv_size":[0.0289,0.0615]},"south":{"uv":[1.9122,15.376],"uv_size":[0.0289,0.0615]},"up":{"uv":[1.9407,15.812],"uv_size":[-0.0289,-0.0308]},"west":{"uv":[2.6181,15.376],"uv_size":[0.0289,0.0615]}}},{"origin":[-8,6,-9],"size":[1.5,0.5,1],"uv":{"down":{"uv":[2.8221,15.0615],"uv_size":[-0.0868,-0.0615]},"east":{"uv":[1.8833,15.5943],"uv_size":[0.0579,0.0308]},"north":{"uv":[1.8838,15.5943],"uv_size":[0.0868,0.0308]},"south":{"uv":[2.7367,15.5943],"uv_size":[0.0868,0.0308]},"up":{"uv":[2.8221,15.999],"uv_size":[-0.0868,-0.0615]},"west":{"uv":[2.7656,15.5943],"uv_size":[0.0579,0.0308]}}},{"origin":[-6.5,5,-9],"size":[1.5,0.5,0.5],"uv":{"down":{"uv":[2.7339,15.062],"uv_size":[-0.0868,-0.0308]},"east":{"uv":[1.9122,15.6568],"uv_size":[0.0289,0.0308]},"north":{"uv":[1.972,15.6568],"uv_size":[0.0868,0.0308]},"south":{"uv":[2.6485,15.6568],"uv_size":[0.0868,0.0308]},"up":{"uv":[2.7339,15.9683],"uv_size":[-0.0868,-0.0308]},"west":{"uv":[2.7652,15.6568],"uv_size":[0.0289,0.0308]}}},{"origin":[-6.5,5,-8.5],"size":[2.5,0.5,0.5],"uv":{"down":{"uv":[2.7329,15.0308],"uv_size":[-0.1447,-0.0308]},"east":{"uv":[1.8828,15.6568],"uv_size":[0.0289,0.0308]},"north":{"uv":[1.9729,15.6568],"uv_size":[0.1447,0.0308]},"south":{"uv":[2.5906,15.6568],"uv_size":[0.1447,0.0308]},"up":{"uv":[2.7329,15.9995],"uv_size":[-0.1447,-0.0308]},"west":{"uv":[2.7946,15.6568],"uv_size":[0.0289,0.0308]}}},{"origin":[-4,5,-9],"size":[1,0.5,1],"uv":{"down":{"uv":[2.5873,15.0615],"uv_size":[-0.0579,-0.0615]},"east":{"uv":[1.8833,15.6568],"uv_size":[0.0579,0.0308]},"north":{"uv":[2.1186,15.6568],"uv_size":[0.0579,0.0308]},"south":{"uv":[2.5304,15.6568],"uv_size":[0.0579,0.0308]},"up":{"uv":[2.5873,15.999],"uv_size":[-0.0579,-0.0615]},"west":{"uv":[2.7656,15.6568],"uv_size":[0.0579,0.0308]}}},{"origin":[-8,5.5,-9],"size":[6.5,0.5,1],"uv":{"down":{"uv":[2.8174,15.0615],"uv_size":[-0.3762,-0.0615]},"east":{"uv":[1.8833,15.6255],"uv_size":[0.0579,0.0308]},"north":{"uv":[1.8885,15.6255],"uv_size":[0.3762,0.0308]},"south":{"uv":[2.4473,15.6255],"uv_size":[0.3762,0.0308]},"up":{"uv":[2.8174,15.999],"uv_size":[-0.3762,-0.0615]},"west":{"uv":[2.7656,15.6255],"uv_size":[0.0579,0.0308]}}},{"origin":[-1.5,6.5,-9],"size":[0.5,0.5,0.5],"uv":{"down":{"uv":[2.4407,15.062],"uv_size":[-0.0289,-0.0308]},"east":{"uv":[1.9122,15.563],"uv_size":[0.0289,0.0308]},"north":{"uv":[2.2652,15.563],"uv_size":[0.0289,0.0308]},"south":{"uv":[2.4122,15.563],"uv_size":[0.0289,0.0308]},"up":{"uv":[2.4407,15.9683],"uv_size":[-0.0289,-0.0308]},"west":{"uv":[2.7652,15.563],"uv_size":[0.0289,0.0308]}}},{"origin":[-1.5,6.5,-8.5],"size":[2.5,0.5,0.5],"uv":{"down":{"uv":[2.4388,15.0308],"uv_size":[-0.1447,-0.0308]},"east":{"uv":[1.8828,15.563],"uv_size":[0.0289,0.0308]},"north":{"uv":[2.2671,15.563],"uv_size":[0.1447,0.0308]},"south":{"uv":[2.2965,15.563],"uv_size":[0.1447,0.0308]},"up":{"uv":[2.4388,15.9995],"uv_size":[-0.1447,-0.0308]},"west":{"uv":[2.7946,15.563],"uv_size":[0.0289,0.0308]}}},{"origin":[1,6.5,-9],"size":[0.5,0.5,1],"uv":{"down":{"uv":[2.2936,15.0615],"uv_size":[-0.0289,-0.0615]},"east":{"uv":[1.8833,15.563],"uv_size":[0.0579,0.0308]},"north":{"uv":[2.4122,15.563],"uv_size":[0.0289,0.0308]},"south":{"uv":[2.2652,15.563],"uv_size":[0.0289,0.0308]},"up":{"uv":[2.2936,15.999],"uv_size":[-0.0289,-0.0615]},"west":{"uv":[2.7656,15.563],"uv_size":[0.0579,0.0308]}}},{"origin":[-3,6,-9],"size":[6,0.5,1],"uv":{"down":{"uv":[2.5238,15.0615],"uv_size":[-0.3473,-0.0615]},"east":{"uv":[1.8833,15.5943],"uv_size":[0.0579,0.0308]},"north":{"uv":[2.1821,15.5943],"uv_size":[0.3473,0.0308]},"south":{"uv":[2.1821,15.5943],"uv_size":[0.3473,0.0308]},"up":{"uv":[2.5238,15.999],"uv_size":[-0.3473,-0.0615]},"west":{"uv":[2.7656,15.5943],"uv_size":[0.0579,0.0308]}}},{"origin":[1.5,5.5,-9],"size":[2.5,0.5,0.5],"uv":{"down":{"uv":[2.2624,15.062],"uv_size":[-0.1447,-0.0308]},"east":{"uv":[1.9122,15.6255],"uv_size":[0.0289,0.0308]},"north":{"uv":[2.4435,15.6255],"uv_size":[0.1447,0.0308]},"south":{"uv":[2.12,15.6255],"uv_size":[0.1447,0.0308]},"up":{"uv":[2.2624,15.9683],"uv_size":[-0.1447,-0.0308]},"west":{"uv":[2.7652,15.6255],"uv_size":[0.0289,0.0308]}}},{"origin":[3,5,-9],"size":[3.5,0.5,1],"uv":{"down":{"uv":[2.1732,15.0615],"uv_size":[-0.2026,-0.0615]},"east":{"uv":[1.8833,15.6568],"uv_size":[0.0579,0.0308]},"north":{"uv":[2.5327,15.6568],"uv_size":[0.2026,0.0308]},"south":{"uv":[1.9739,15.6568],"uv_size":[0.2026,0.0308]},"up":{"uv":[2.1732,15.999],"uv_size":[-0.2026,-0.0615]},"west":{"uv":[2.7656,15.6568],"uv_size":[0.0579,0.0308]}}},{"origin":[5,5.5,-9],"size":[3,0.5,0.5],"uv":{"down":{"uv":[2.056,15.062],"uv_size":[-0.1736,-0.0308]},"east":{"uv":[1.9122,15.6255],"uv_size":[0.0289,0.0308]},"north":{"uv":[2.6499,15.6255],"uv_size":[0.1736,0.0308]},"south":{"uv":[1.8852,15.6255],"uv_size":[0.1736,0.0308]},"up":{"uv":[2.056,15.9683],"uv_size":[-0.1736,-0.0308]},"west":{"uv":[2.7652,15.6255],"uv_size":[0.0289,0.0308]}}},{"origin":[6.5,6,-9],"size":[1.5,0.5,0.5],"uv":{"down":{"uv":[1.9692,15.062],"uv_size":[-0.0868,-0.0308]},"east":{"uv":[1.9122,15.5943],"uv_size":[0.0289,0.0308]},"north":{"uv":[2.7367,15.5943],"uv_size":[0.0868,0.0308]},"south":{"uv":[1.8838,15.5943],"uv_size":[0.0868,0.0308]},"up":{"uv":[1.9692,15.9683],"uv_size":[-0.0868,-0.0308]},"west":{"uv":[2.7652,15.5943],"uv_size":[0.0289,0.0308]}}},{"origin":[1.5,5.5,-8.5],"size":[7,0.5,0.5],"uv":{"down":{"uv":[2.2586,15.0308],"uv_size":[-0.3762,-0.0308]},"east":{"uv":[1.8828,15.6255],"uv_size":[0.0289,0.0308]},"north":{"uv":[2.4473,15.6255],"uv_size":[0.3762,0.0308]},"south":{"uv":[1.8885,15.6255],"uv_size":[0.3762,0.0308]},"up":{"uv":[2.2586,15.9995],"uv_size":[-0.3762,-0.0308]},"west":{"uv":[2.7946,15.6255],"uv_size":[0.0289,0.0308]}}},{"origin":[6.5,6,-8.5],"size":[2,0.5,0.5],"uv":{"down":{"uv":[1.9692,15.0308],"uv_size":[-0.0868,-0.0308]},"east":{"uv":[1.8828,15.5943],"uv_size":[0.0289,0.0308]},"north":{"uv":[2.7367,15.5943],"uv_size":[0.0868,0.0308]},"south":{"uv":[1.8838,15.5943],"uv_size":[0.0868,0.0308]},"up":{"uv":[1.9692,15.9995],"uv_size":[-0.0868,-0.0308]},"west":{"uv":[2.7946,15.5943],"uv_size":[0.0289,0.0308]}}},{"origin":[-8.5,4,8],"size":[17,1.5,0.5],"uv":{"down":{"uv":[2.8085,15.9995],"uv_size":[-0.9261,-0.0308]},"east":{"uv":[2.7946,15.6578],"uv_size":[0.0289,0.0923]},"north":{"uv":[1.8974,15.6578],"uv_size":[0.9261,0.0923]},"south":{"uv":[1.8974,15.6578],"uv_size":[0.9261,0.0923]},"up":{"uv":[2.8085,15.0308],"uv_size":[-0.9261,-0.0308]},"west":{"uv":[1.8828,15.6578],"uv_size":[0.0289,0.0923]}}},{"origin":[8,8.5,1.5],"size":[1,1,2],"uv":{"down":{"uv":[2.8226,15.4043],"uv_size":[-0.0579,-0.123]},"east":{"uv":[2.1489,15.4073],"uv_size":[0.1158,0.0615]},"north":{"uv":[1.8833,15.4073],"uv_size":[0.0579,0.0615]},"south":{"uv":[2.7656,15.4073],"uv_size":[0.0579,0.0615]},"up":{"uv":[2.8226,15.7168],"uv_size":[-0.0579,-0.123]},"west":{"uv":[2.4431,15.4073],"uv_size":[0.1158,0.0615]}}},{"origin":[8,8,-0.5],"size":[1,1,2],"uv":{"down":{"uv":[2.8226,15.5293],"uv_size":[-0.0579,-0.123]},"east":{"uv":[2.2666,15.4385],"uv_size":[0.1158,0.0615]},"north":{"uv":[1.8833,15.4385],"uv_size":[0.0579,0.0615]},"south":{"uv":[2.7656,15.4385],"uv_size":[0.0579,0.0615]},"up":{"uv":[2.8226,15.5918],"uv_size":[-0.0579,-0.123]},"west":{"uv":[2.3254,15.4385],"uv_size":[0.1158,0.0615]}}},{"origin":[8.5,9,4.5],"size":[0.5,1,0.5],"uv":{"down":{"uv":[2.7936,15.2183],"uv_size":[-0.0289,-0.0308]},"east":{"uv":[2.0593,15.376],"uv_size":[0.0289,0.0615]},"north":{"uv":[1.9122,15.376],"uv_size":[0.0289,0.0615]},"south":{"uv":[2.7652,15.376],"uv_size":[0.0289,0.0615]},"up":{"uv":[2.7936,15.812],"uv_size":[-0.0289,-0.0308]},"west":{"uv":[2.6181,15.376],"uv_size":[0.0289,0.0615]}}},{"origin":[8,9,3.5],"size":[1,1,1],"uv":{"down":{"uv":[2.8226,15.2803],"uv_size":[-0.0579,-0.0615]},"east":{"uv":[2.0892,15.376],"uv_size":[0.0579,0.0615]},"north":{"uv":[1.8833,15.376],"uv_size":[0.0579,0.0615]},"south":{"uv":[2.7656,15.376],"uv_size":[0.0579,0.0615]},"up":{"uv":[2.8226,15.7803],"uv_size":[-0.0579,-0.0615]},"west":{"uv":[2.5598,15.376],"uv_size":[0.0579,0.0615]}}},{"origin":[8,7.5,-1.5],"size":[1,1,1],"uv":{"down":{"uv":[2.8226,15.5928],"uv_size":[-0.0579,-0.0615]},"east":{"uv":[2.3833,15.4698],"uv_size":[0.0579,0.0615]},"north":{"uv":[1.8833,15.4698],"uv_size":[0.0579,0.0615]},"south":{"uv":[2.7656,15.4698],"uv_size":[0.0579,0.0615]},"up":{"uv":[2.8226,15.4678],"uv_size":[-0.0579,-0.0615]},"west":{"uv":[2.2656,15.4698],"uv_size":[0.0579,0.0615]}}},{"origin":[8,7.5,-3],"size":[1,1,0.5],"uv":{"down":{"uv":[2.8226,15.687],"uv_size":[-0.0579,-0.0308]},"east":{"uv":[2.5005,15.4698],"uv_size":[0.0289,0.0615]},"north":{"uv":[1.8833,15.4698],"uv_size":[0.0579,0.0615]},"south":{"uv":[2.7656,15.4698],"uv_size":[0.0579,0.0615]},"up":{"uv":[2.8226,15.3433],"uv_size":[-0.0579,-0.0308]},"west":{"uv":[2.1769,15.4698],"uv_size":[0.0289,0.0615]}}},{"origin":[8,7,-4.5],"size":[1,1,1.5],"uv":{"down":{"uv":[2.8226,15.7798],"uv_size":[-0.0579,-0.0923]},"east":{"uv":[2.5308,15.501],"uv_size":[0.0868,0.0615]},"north":{"uv":[1.8833,15.501],"uv_size":[0.0579,0.0615]},"south":{"uv":[2.7656,15.501],"uv_size":[0.0579,0.0615]},"up":{"uv":[2.8226,15.311],"uv_size":[-0.0579,-0.0923]},"west":{"uv":[2.0896,15.501],"uv_size":[0.0868,0.0615]}}},{"origin":[8,6.5,-6],"size":[1,1,1.5],"uv":{"down":{"uv":[2.8226,15.8735],"uv_size":[-0.0579,-0.0923]},"east":{"uv":[2.6191,15.5323],"uv_size":[0.0868,0.0615]},"north":{"uv":[1.8833,15.5323],"uv_size":[0.0579,0.0615]},"south":{"uv":[2.7656,15.5323],"uv_size":[0.0579,0.0615]},"up":{"uv":[2.8226,15.2173],"uv_size":[-0.0579,-0.0923]},"west":{"uv":[2.0014,15.5323],"uv_size":[0.0868,0.0615]}}},{"origin":[8,6,-7.5],"size":[1,1,1.5],"uv":{"down":{"uv":[2.8226,15.9673],"uv_size":[-0.0579,-0.0923]},"east":{"uv":[2.7073,15.5635],"uv_size":[0.0868,0.0615]},"north":{"uv":[1.8833,15.5635],"uv_size":[0.0579,0.0615]},"south":{"uv":[2.7656,15.5635],"uv_size":[0.0579,0.0615]},"up":{"uv":[2.8226,15.1235],"uv_size":[-0.0579,-0.0923]},"west":{"uv":[1.9132,15.5635],"uv_size":[0.0868,0.0615]}}}],"name":"geyser_custom_z","parent":"geyser_custom_y","pivot":[0,8,0]}],"description":{"identifier":"geometry.geyser_custom.geo_d9933e7","texture_height":16,"texture_width":16,"visible_bounds_height":4.5,"visible_bounds_offset":[0,0.75,0],"visible_bounds_width":4}}]}