{
	"format_version": "1.16.0",
	"minecraft:geometry": [
		{
			"description": {
				"identifier": "geometry.geyser_custom.skullhelmet",
				"texture_width": 16,
				"texture_height": 16,
				"visible_bounds_width": 2,
				"visible_bounds_height": 2.5,
				"visible_bounds_offset": [0, 0.75, 0]
			},
			"bones": [{
                    "binding": "c.item_slot == 'head' ? 'head' : q.item_slot_to_bone_name(c.item_slot)",
                    "name": "geyser_custom",
                    "pivot": [0, 8, 0]
                }, {
                    "name": "geyser_custom_x",
                    "parent": "geyser_custom",
                    "pivot": [0, 8, 0]
                }, {
                    "name": "geyser_custom_y",
                    "parent": "geyser_custom_x",
                    "pivot": [0, 8, 0]
                }, {
                    "name": "geyser_custom_z",
                    "parent": "geyser_custom_y",
                    "pivot": [0, 8, 0],
                    "rotation": [0, 0, 0],
					"cubes": [
						{
							"origin": [-1.92, 6.51952, -2.03976],
							"size": [3.84, 3.84, 3.84],
							"uv": {
								"north": {"uv": [0, 0], "uv_size": [3.75, 3.75]},
								"east": {"uv": [0, 4], "uv_size": [3.75, 3.75]},
								"south": {"uv": [4, 0], "uv_size": [3.75, 3.75]},
								"west": {"uv": [4, 4], "uv_size": [3.75, 3.75]},
								"up": {"uv": [0, 8], "uv_size": [3.75, 3.75]},
								"down": {"uv": [8, 3.75], "uv_size": [3.75, -3.75]}
							}
						},
						{
							"origin": [-1.28, 7.47952, -5.23976],
							"size": [2.56, 1.92, 3.2],
							"uv": {
								"north": {"uv": [11, 4], "uv_size": [2.5, 2]},
								"east": {"uv": [7, 8], "uv_size": [3.25, 2]},
								"south": {"uv": [11, 6], "uv_size": [2.5, 2]},
								"west": {"uv": [7, 10], "uv_size": [3.25, 2]},
								"up": {"uv": [4, 8], "uv_size": [2.5, 3.25]},
								"down": {"uv": [8, 7.25], "uv_size": [2.5, -3.25]}
							}
						},
						{
							"origin": [-1.28, 6.83952, -5.23976],
							"size": [0, 0.64, 3.2],
							"uv": {
								"north": {"uv": [0, 0], "uv_size": [0, 0.75]},
								"east": {"uv": [12, 2], "uv_size": [3.25, 0.75]},
								"south": {"uv": [0, 0], "uv_size": [0, 0.75]},
								"west": {"uv": [15.25, 2], "uv_size": [-3.25, 0.75]},
								"up": {"uv": [0, 0], "uv_size": [0, 3.25]},
								"down": {"uv": [0, 3.25], "uv_size": [0, -3.25]}
							}
						},
						{
							"origin": [1.28, 6.83952, -5.23976],
							"size": [0, 0.64, 3.2],
							"uv": {
								"north": {"uv": [0, 0], "uv_size": [0, 0.75]},
								"east": {"uv": [12, 2], "uv_size": [3.25, 0.75]},
								"south": {"uv": [0, 0], "uv_size": [0, 0.75]},
								"west": {"uv": [15.25, 2], "uv_size": [-3.25, 0.75]},
								"up": {"uv": [0, 0], "uv_size": [0, 3.25]},
								"down": {"uv": [0, 3.25], "uv_size": [0, -3.25]}
							}
						},
						{
							"origin": [0, 9.39952, -5.23976],
							"size": [0, 0.64, 3.2],
							"uv": {
								"north": {"uv": [0, 0], "uv_size": [0, 0.75]},
								"east": {"uv": [12, 3], "uv_size": [3.25, 0.75]},
								"south": {"uv": [0, 0], "uv_size": [0, 0.75]},
								"west": {"uv": [15.25, 3], "uv_size": [-3.25, 0.75]},
								"up": {"uv": [0, 0], "uv_size": [0, 3.25]},
								"down": {"uv": [0, 3.25], "uv_size": [0, -3.25]}
							}
						},
						{
							"origin": [-1.28, 6.83952, -5.23976],
							"size": [2.56, 0.64, 0],
							"uv": {
								"north": {"uv": [7, 12], "uv_size": [2.5, 0.75]},
								"east": {"uv": [0, 0], "uv_size": [0, 0.75]},
								"south": {"uv": [9.5, 12], "uv_size": [-2.5, 0.75]},
								"west": {"uv": [0, 0], "uv_size": [0, 0.75]},
								"up": {"uv": [0, 0], "uv_size": [2.5, 0]},
								"down": {"uv": [0, 0], "uv_size": [2.5, 0]}
							}
						},
						{
							"origin": [-1.296, 5.17552, -4.85576],
							"size": [0, 1.28, 3.84],
							"pivot": [-0.016, 5.81552, -3.89576],
							"rotation": [22.5, 0, 0],
							"uv": {
								"north": {"uv": [0, 0], "uv_size": [0, 1.25]},
								"east": {"uv": [11, 8], "uv_size": [3.75, 1.25]},
								"south": {"uv": [0, 0], "uv_size": [0, 1.25]},
								"west": {"uv": [14.75, 8], "uv_size": [-3.75, 1.25]},
								"up": {"uv": [0, 0], "uv_size": [0, 3.75]},
								"down": {"uv": [0, 3.75], "uv_size": [0, -3.75]}
							}
						},
						{
							"origin": [1.296, 5.17552, -4.85576],
							"size": [0, 1.28, 3.84],
							"pivot": [0.016, 5.81552, -3.89576],
							"rotation": [22.5, 0, 0],
							"uv": {
								"north": {"uv": [0, 0], "uv_size": [0, 1.25]},
								"east": {"uv": [11, 8], "uv_size": [3.75, 1.25]},
								"south": {"uv": [0, 0], "uv_size": [0, 1.25]},
								"west": {"uv": [14.75, 8], "uv_size": [-3.75, 1.25]},
								"up": {"uv": [0, 0], "uv_size": [0, 3.75]},
								"down": {"uv": [0, 3.75], "uv_size": [0, -3.75]}
							}
						},
						{
							"origin": [-1.296, 5.17552, -4.85576],
							"size": [2.592, 1.28, 0],
							"pivot": [0, 5.81552, -3.89576],
							"rotation": [22.5, 0, 0],
							"uv": {
								"north": {"uv": [11, 10], "uv_size": [2.5, 1.25]},
								"east": {"uv": [0, 0], "uv_size": [0, 1.25]},
								"south": {"uv": [13.5, 10], "uv_size": [-2.5, 1.25]},
								"west": {"uv": [0, 0], "uv_size": [0, 1.25]},
								"up": {"uv": [0, 0], "uv_size": [2.5, 0]},
								"down": {"uv": [0, 0], "uv_size": [2.5, 0]}
							}
						},
						{
							"origin": [-2.64, 10.07952, -0.11976],
							"size": [1.28, 1.28, 2.56],
							"pivot": [-2, 10.71952, 1.16024],
							"rotation": [22.5, 0, 0],
							"uv": {
								"north": {"uv": [10, 12], "uv_size": [1.25, 1.25]},
								"east": {"uv": [0, 12], "uv_size": [2.5, 1.25]},
								"south": {"uv": [12, 12], "uv_size": [1.25, 1.25]},
								"west": {"uv": [12, 0], "uv_size": [2.5, 1.25]},
								"up": {"uv": [3, 12], "uv_size": [1.25, 2.5]},
								"down": {"uv": [5, 14.5], "uv_size": [1.25, -2.5]}
							}
						},
						{
							"origin": [-2.5376, 11.22916, 2.10682],
							"size": [1.0752, 1.0752, 1.6128],
							"pivot": [-2, 11.47876, 2.99322],
							"rotation": [45, 0, 0],
							"uv": {
								"north": {"uv": [0, 0], "uv_size": [0, 0]},
								"east": {"uv": [1, 14], "uv_size": [1.5, 1]},
								"south": {"uv": [14, 10], "uv_size": [1, 1]},
								"west": {"uv": [14, 4], "uv_size": [1.5, 1]},
								"up": {"uv": [14, 5], "uv_size": [1, 1.5]},
								"down": {"uv": [10, 15.5], "uv_size": [1, -1.5]}
							}
						},
						{
							"origin": [-2.46234, 11.83857, 3.0489],
							"size": [0.92468, 1.38701, 0.92467],
							"pivot": [-2, 12.64407, 3.75123],
							"rotation": [-22.5, 0, 0],
							"uv": {
								"north": {"uv": [7, 13], "uv_size": [1, 1.5]},
								"east": {"uv": [8, 13], "uv_size": [1, 1.5]},
								"south": {"uv": [9, 13], "uv_size": [1, 1.5]},
								"west": {"uv": [0, 14], "uv_size": [1, 1.5]},
								"up": {"uv": [14, 7], "uv_size": [1, 1]}
							}
						},
						{
							"origin": [-2.34213, 13.10982, 3.84235],
							"size": [0.68426, 1.02638, 0.68426],
							"pivot": [-2, 13.81501, 3.97648],
							"rotation": [-45, 0, 0],
							"uv": {
								"north": {"uv": [11, 14], "uv_size": [0.75, 1]},
								"east": {"uv": [14, 11], "uv_size": [0.75, 1]},
								"south": {"uv": [12, 14], "uv_size": [0.75, 1]},
								"west": {"uv": [14, 12], "uv_size": [0.75, 1]},
								"up": {"uv": [13, 14], "uv_size": [0.75, 0.75]},
								"down": {"uv": [0, 0], "uv_size": [0, 0]}
							}
						},
						{
							"origin": [-2.25318, 13.89609, 4.04912],
							"size": [0.50636, 0.50635, 0.75953],
							"pivot": [-2, 14.43726, 4.89289],
							"rotation": [22.5, 0, 0],
							"uv": {
								"north": {"uv": [0, 0], "uv_size": [0, 0]},
								"east": {"uv": [14, 13], "uv_size": [0.75, 0.5]},
								"south": {"uv": [15, 1], "uv_size": [0.5, 0.5]},
								"west": {"uv": [14, 14], "uv_size": [0.75, 0.5]},
								"up": {"uv": [15, 0], "uv_size": [0.5, 0.75]},
								"down": {"uv": [1, 15.75], "uv_size": [0.5, -0.75]}
							}
						},
						{
							"origin": [1.36, 10.07952, -0.11976],
							"size": [1.28, 1.28, 2.56],
							"pivot": [2, 10.71952, 1.16024],
							"rotation": [22.5, 0, 0],
							"uv": {
								"north": {"uv": [11.25, 12], "uv_size": [-1.25, 1.25]},
								"east": {"uv": [14.5, 0], "uv_size": [-2.5, 1.25]},
								"south": {"uv": [13.25, 12], "uv_size": [-1.25, 1.25]},
								"west": {"uv": [2.5, 12], "uv_size": [-2.5, 1.25]},
								"up": {"uv": [4.25, 12], "uv_size": [-1.25, 2.5]},
								"down": {"uv": [6.25, 14.5], "uv_size": [-1.25, -2.5]}
							}
						},
						{
							"origin": [1.4624, 11.22916, 2.10682],
							"size": [1.0752, 1.0752, 1.6128],
							"pivot": [2, 11.47876, 2.99322],
							"rotation": [45, 0, 0],
							"uv": {
								"north": {"uv": [0, 0], "uv_size": [0, 0]},
								"east": {"uv": [15.5, 4], "uv_size": [-1.5, 1]},
								"south": {"uv": [15, 10], "uv_size": [-1, 1]},
								"west": {"uv": [2.5, 14], "uv_size": [-1.5, 1]},
								"up": {"uv": [15, 5], "uv_size": [-1, 1.5]},
								"down": {"uv": [11, 15.5], "uv_size": [-1, -1.5]}
							}
						},
						{
							"origin": [1.53766, 11.83857, 3.0489],
							"size": [0.92468, 1.38701, 0.92467],
							"pivot": [2, 12.64407, 3.75123],
							"rotation": [-22.5, 0, 0],
							"uv": {
								"north": {"uv": [8, 13], "uv_size": [-1, 1.5]},
								"east": {"uv": [1, 14], "uv_size": [-1, 1.5]},
								"south": {"uv": [10, 13], "uv_size": [-1, 1.5]},
								"west": {"uv": [9, 13], "uv_size": [-1, 1.5]},
								"up": {"uv": [15, 7], "uv_size": [-1, 1]}
							}
						},
						{
							"origin": [1.65787, 13.10982, 3.84235],
							"size": [0.68426, 1.02638, 0.68426],
							"pivot": [2, 13.81501, 3.97648],
							"rotation": [-45, 0, 0],
							"uv": {
								"north": {"uv": [11.75, 14], "uv_size": [-0.75, 1]},
								"east": {"uv": [14.75, 12], "uv_size": [-0.75, 1]},
								"south": {"uv": [12.75, 14], "uv_size": [-0.75, 1]},
								"west": {"uv": [14.75, 11], "uv_size": [-0.75, 1]},
								"up": {"uv": [13.75, 14], "uv_size": [-0.75, 0.75]},
								"down": {"uv": [0, 0], "uv_size": [0, 0]}
							}
						},
						{
							"origin": [1.74682, 13.89609, 4.04912],
							"size": [0.50636, 0.50635, 0.75953],
							"pivot": [2, 14.43726, 4.89289],
							"rotation": [22.5, 0, 0],
							"uv": {
								"north": {"uv": [0, 0], "uv_size": [0, 0]},
								"east": {"uv": [14.75, 14], "uv_size": [-0.75, 0.5]},
								"south": {"uv": [15.5, 1], "uv_size": [-0.5, 0.5]},
								"west": {"uv": [14.75, 13], "uv_size": [-0.75, 0.5]},
								"up": {"uv": [15.5, 0], "uv_size": [-0.5, 0.75]},
								"down": {"uv": [1.5, 15.75], "uv_size": [-0.5, -0.75]}
							}
						},
						{
							"origin": [1.56, 7.67952, 0.18024],
							"size": [1.28, 1.28, 2.56],
							"pivot": [2.2, 8.31952, 1.46024],
							"rotation": [0, 22.5, 0],
							"uv": {
								"north": {"uv": [11.25, 12], "uv_size": [-1.25, 1.25]},
								"east": {"uv": [5, 12], "uv_size": [1.25, 2.5]},
								"south": {"uv": [13.25, 12], "uv_size": [-1.25, 1.25]},
								"west": {"uv": [3, 14.5], "uv_size": [1.25, -2.5]},
								"up": {"uv": [12, 1.25], "uv_size": [2.5, -1.25]},
								"down": {"uv": [0, 13.25], "uv_size": [2.5, -1.25]}
							}
						},
						{
							"origin": [2.70964, 7.78192, 2.40682],
							"size": [1.0752, 1.0752, 1.6128],
							"pivot": [2.95924, 8.31952, 3.29322],
							"rotation": [0, 45, 0],
							"uv": {
								"north": {"uv": [0, 0], "uv_size": [0, 0]},
								"east": {"uv": [10, 14], "uv_size": [1, 1.5]},
								"south": {"uv": [15, 10], "uv_size": [-1, 1]},
								"west": {"uv": [14, 6.5], "uv_size": [1, -1.5]},
								"up": {"uv": [14, 5], "uv_size": [1.5, -1]},
								"down": {"uv": [1, 15], "uv_size": [1.5, -1]}
							}
						},
						{
							"origin": [3.31905, 7.85718, 3.3489],
							"size": [1.38701, 0.92468, 0.92467],
							"pivot": [4.12455, 8.31952, 4.05123],
							"rotation": [0, -22.5, 0],
							"uv": {
								"north": {"uv": [8, 13], "uv_size": [-1, 1.5]},
								"south": {"uv": [10, 13], "uv_size": [-1, 1.5]},
								"west": {"uv": [14, 8], "uv_size": [1, -1]},
								"up": {"uv": [0, 15.5], "uv_size": [1, -1.5]},
								"down": {"uv": [8, 14.5], "uv_size": [1, -1.5]}
							}
						},
						{
							"origin": [4.5903, 7.97739, 4.14235],
							"size": [1.02638, 0.68426, 0.68426],
							"pivot": [5.29549, 8.31952, 4.27648],
							"rotation": [0, -45, 0],
							"uv": {
								"north": {"uv": [11.75, 14], "uv_size": [-0.75, 1]},
								"east": {"uv": [0, 0], "uv_size": [0, 0]},
								"south": {"uv": [12.75, 14], "uv_size": [-0.75, 1]},
								"west": {"uv": [13, 14.75], "uv_size": [0.75, -0.75]},
								"up": {"uv": [14, 13], "uv_size": [0.75, -1]},
								"down": {"uv": [14, 12], "uv_size": [0.75, -1]}
							}
						},
						{
							"origin": [5.37657, 8.06634, 4.34912],
							"size": [0.50635, 0.50636, 0.75953],
							"pivot": [5.91774, 8.31952, 5.19289],
							"rotation": [0, 22.5, 0],
							"uv": {
								"north": {"uv": [0, 0], "uv_size": [0, 0]},
								"east": {"uv": [1, 15], "uv_size": [0.5, 0.75]},
								"south": {"uv": [15.5, 1], "uv_size": [-0.5, 0.5]},
								"west": {"uv": [15, 0.75], "uv_size": [0.5, -0.75]},
								"up": {"uv": [14, 14.5], "uv_size": [0.75, -0.5]},
								"down": {"uv": [14, 13.5], "uv_size": [0.75, -0.5]}
							}
						},
						{
							"origin": [-2.84, 7.67952, 0.18024],
							"size": [1.28, 1.28, 2.56],
							"pivot": [-2.2, 8.31952, 1.46024],
							"rotation": [0, -22.5, 0],
							"uv": {
								"north": {"uv": [11.25, 13.25], "uv_size": [-1.25, -1.25]},
								"east": {"uv": [3, 12], "uv_size": [1.25, 2.5]},
								"south": {"uv": [13.25, 13.25], "uv_size": [-1.25, -1.25]},
								"west": {"uv": [5, 14.5], "uv_size": [1.25, -2.5]},
								"up": {"uv": [12, 0], "uv_size": [2.5, 1.25]},
								"down": {"uv": [0, 12], "uv_size": [2.5, 1.25]}
							}
						},
						{
							"origin": [-3.78484, 7.78192, 2.40682],
							"size": [1.0752, 1.0752, 1.6128],
							"pivot": [-2.95924, 8.31952, 3.29322],
							"rotation": [0, -45, 0],
							"uv": {
								"north": {"uv": [0, 0], "uv_size": [0, 0]},
								"east": {"uv": [14, 5], "uv_size": [1, 1.5]},
								"south": {"uv": [15, 11], "uv_size": [-1, -1]},
								"west": {"uv": [10, 15.5], "uv_size": [1, -1.5]},
								"up": {"uv": [14, 4], "uv_size": [1.5, 1]},
								"down": {"uv": [1, 14], "uv_size": [1.5, 1]}
							}
						},
						{
							"origin": [-4.70606, 7.85718, 3.3489],
							"size": [1.38701, 0.92468, 0.92467],
							"pivot": [-4.12455, 8.31952, 4.05123],
							"rotation": [0, 22.5, 0],
							"uv": {
								"north": {"uv": [8, 14.5], "uv_size": [-1, -1.5]},
								"east": {"uv": [14, 7], "uv_size": [1, 1]},
								"south": {"uv": [10, 14.5], "uv_size": [-1, -1.5]},
								"up": {"uv": [0, 14], "uv_size": [1, 1.5]},
								"down": {"uv": [8, 13], "uv_size": [1, 1.5]}
							}
						},
						{
							"origin": [-5.61668, 7.97739, 4.14235],
							"size": [1.02638, 0.68426, 0.68426],
							"pivot": [-5.29549, 8.31952, 4.27648],
							"rotation": [0, 45, 0],
							"uv": {
								"north": {"uv": [11.75, 15], "uv_size": [-0.75, -1]},
								"east": {"uv": [13, 14], "uv_size": [0.75, 0.75]},
								"south": {"uv": [12.75, 15], "uv_size": [-0.75, -1]},
								"west": {"uv": [0, 0], "uv_size": [0, 0]},
								"up": {"uv": [14, 12], "uv_size": [0.75, 1]},
								"down": {"uv": [14, 11], "uv_size": [0.75, 1]}
							}
						},
						{
							"origin": [-5.88292, 8.06634, 4.34912],
							"size": [0.50635, 0.50636, 0.75953],
							"pivot": [-5.91774, 8.31952, 5.19289],
							"rotation": [0, -22.5, 0],
							"uv": {
								"north": {"uv": [0, 0], "uv_size": [0, 0]},
								"east": {"uv": [15, 0], "uv_size": [0.5, 0.75]},
								"south": {"uv": [15.5, 1.5], "uv_size": [-0.5, -0.5]},
								"west": {"uv": [1, 15.75], "uv_size": [0.5, -0.75]},
								"up": {"uv": [14, 14], "uv_size": [0.75, 0.5]},
								"down": {"uv": [14, 13], "uv_size": [0.75, 0.5]}
							}
						}
					]
				}
			]
		}
	]
}