{"format_version":"1.16.0","minecraft:geometry":[{"bones":[{"binding":"c.item_slot == 'head' ? 'head' : q.item_slot_to_bone_name(c.item_slot)","name":"geyser_custom","pivot":[0,8,0]},{"name":"geyser_custom_x","parent":"geyser_custom","pivot":[0,8,0]},{"name":"geyser_custom_y","parent":"geyser_custom_x","pivot":[0,8,0]},{"cubes":[{"origin":[6,8,-5],"size":[2,1,2],"uv":{"down":{"uv":[1.984,3.016],"uv_size":[-1.984,1.984]},"east":{"uv":[1.984,4.984],"uv_size":[-0.984,-1.984]},"north":{"uv":[1.984,3.016],"uv_size":[-1.984,0.984]},"south":{"uv":[0.016,4.016],"uv_size":[1.984,0.984]},"up":{"uv":[1.984,4.984],"uv_size":[-1.984,-1.984]},"west":{"uv":[0.016,3.016],"uv_size":[0.984,1.984]}}},{"origin":[6,8,-6],"size":[1,1,9],"uv":{"down":{"uv":[1.984,2.016],"uv_size":[-0.984,8.984]},"east":{"uv":[1.984,10.984],"uv_size":[-0.984,-8.984]},"north":{"uv":[1.984,2.016],"uv_size":[-0.984,0.984]},"south":{"uv":[1.016,10.016],"uv_size":[0.984,0.984]},"up":{"uv":[1.984,10.984],"uv_size":[-0.984,-8.984]},"west":{"uv":[1.016,2.016],"uv_size":[0.984,8.984]}}},{"origin":[5,8,-4],"size":[1,1,10],"uv":{"down":{"uv":[2.984,4.016],"uv_size":[-0.984,9.984]},"east":{"uv":[2.984,13.984],"uv_size":[-0.984,-9.984]},"north":{"uv":[2.984,4.016],"uv_size":[-0.984,0.984]},"south":{"uv":[2.016,13.016],"uv_size":[0.984,0.984]},"up":{"uv":[2.984,13.984],"uv_size":[-0.984,-9.984]},"west":{"uv":[2.016,4.016],"uv_size":[0.984,9.984]}}},{"origin":[4,8,0],"size":[1,1,8],"uv":{"down":{"uv":[3.984,8.016],"uv_size":[-0.984,7.984]},"east":{"uv":[3.984,15.984],"uv_size":[-0.984,-7.984]},"north":{"uv":[3.984,8.016],"uv_size":[-0.984,0.984]},"south":{"uv":[3.016,15.016],"uv_size":[0.984,0.984]},"up":{"uv":[3.984,15.984],"uv_size":[-0.984,-7.984]},"west":{"uv":[3.016,8.016],"uv_size":[0.984,7.984]}}},{"origin":[1,8,2],"size":[3,1,2],"uv":{"down":{"uv":[6.984,10.016],"uv_size":[-2.984,1.984]},"east":{"uv":[6.984,11.984],"uv_size":[-0.984,-1.984]},"north":{"uv":[6.984,10.016],"uv_size":[-2.984,0.984]},"south":{"uv":[4.016,11.016],"uv_size":[2.984,0.984]},"up":{"uv":[6.984,11.984],"uv_size":[-2.984,-1.984]},"west":{"uv":[4.016,10.016],"uv_size":[0.984,1.984]}}},{"origin":[2,8,4],"size":[2,1,1],"uv":{"down":{"uv":[5.984,12.016],"uv_size":[-1.984,0.984]},"east":{"uv":[5.984,12.984],"uv_size":[-0.984,-0.984]},"north":{"uv":[5.984,12.016],"uv_size":[-1.984,0.984]},"south":{"uv":[4.016,12.016],"uv_size":[1.984,0.984]},"up":{"uv":[5.984,12.984],"uv_size":[-1.984,-0.984]},"west":{"uv":[4.016,12.016],"uv_size":[0.984,0.984]}}},{"origin":[3,8,5],"size":[1,1,2],"uv":{"down":{"uv":[4.984,13.016],"uv_size":[-0.984,1.984]},"east":{"uv":[4.984,14.984],"uv_size":[-0.984,-1.984]},"north":{"uv":[4.984,13.016],"uv_size":[-0.984,0.984]},"south":{"uv":[4.016,14.016],"uv_size":[0.984,0.984]},"up":{"uv":[4.984,14.984],"uv_size":[-0.984,-1.984]},"west":{"uv":[4.016,13.016],"uv_size":[0.984,1.984]}}},{"origin":[0,8,1],"size":[3,1,1],"uv":{"down":{"uv":[7.984,9.016],"uv_size":[-2.984,0.984]},"east":{"uv":[7.984,9.984],"uv_size":[-0.984,-0.984]},"north":{"uv":[7.984,9.016],"uv_size":[-2.984,0.984]},"south":{"uv":[5.016,9.016],"uv_size":[2.984,0.984]},"up":{"uv":[7.984,9.984],"uv_size":[-2.984,-0.984]},"west":{"uv":[5.016,9.016],"uv_size":[0.984,0.984]}}},{"origin":[-2,8,-1],"size":[4,1,2],"uv":{"down":{"uv":[9.984,7.016],"uv_size":[-3.984,1.984]},"east":{"uv":[9.984,8.984],"uv_size":[-0.984,-1.984]},"north":{"uv":[9.984,7.016],"uv_size":[-3.984,0.984]},"south":{"uv":[6.016,8.016],"uv_size":[3.984,0.984]},"up":{"uv":[9.984,8.984],"uv_size":[-3.984,-1.984]},"west":{"uv":[6.016,7.016],"uv_size":[0.984,1.984]}}},{"origin":[-1,8,-3],"size":[2,1,2],"uv":{"down":{"uv":[8.984,5.016],"uv_size":[-1.984,1.984]},"east":{"uv":[8.984,6.984],"uv_size":[-0.984,-1.984]},"north":{"uv":[8.984,5.016],"uv_size":[-1.984,0.984]},"south":{"uv":[7.016,6.016],"uv_size":[1.984,0.984]},"up":{"uv":[8.984,6.984],"uv_size":[-1.984,-1.984]},"west":{"uv":[7.016,5.016],"uv_size":[0.984,1.984]}}},{"origin":[-1,8,-4],"size":[1,1,1],"uv":{"down":{"uv":[8.984,4.016],"uv_size":[-0.984,0.984]},"east":{"uv":[8.984,4.984],"uv_size":[-0.984,-0.984]},"north":{"uv":[8.984,4.016],"uv_size":[-0.984,0.984]},"south":{"uv":[8.016,4.016],"uv_size":[0.984,0.984]},"up":{"uv":[8.984,4.984],"uv_size":[-0.984,-0.984]},"west":{"uv":[8.016,4.016],"uv_size":[0.984,0.984]}}},{"origin":[-2,8,-2],"size":[1,1,6],"uv":{"down":{"uv":[9.984,6.016],"uv_size":[-0.984,5.984]},"east":{"uv":[9.984,11.984],"uv_size":[-0.984,-5.984]},"north":{"uv":[9.984,6.016],"uv_size":[-0.984,0.984]},"south":{"uv":[9.016,11.016],"uv_size":[0.984,0.984]},"up":{"uv":[9.984,11.984],"uv_size":[-0.984,-5.984]},"west":{"uv":[9.016,6.016],"uv_size":[0.984,5.984]}}},{"origin":[-3,8,0],"size":[1,1,5],"uv":{"down":{"uv":[10.984,8.016],"uv_size":[-0.984,4.984]},"east":{"uv":[10.984,12.984],"uv_size":[-0.984,-4.984]},"north":{"uv":[10.984,8.016],"uv_size":[-0.984,0.984]},"south":{"uv":[10.016,12.016],"uv_size":[0.984,0.984]},"up":{"uv":[10.984,12.984],"uv_size":[-0.984,-4.984]},"west":{"uv":[10.016,8.016],"uv_size":[0.984,4.984]}}},{"origin":[-6,8,3],"size":[3,1,1],"uv":{"down":{"uv":[13.984,11.016],"uv_size":[-2.984,0.984]},"east":{"uv":[13.984,11.984],"uv_size":[-0.984,-0.984]},"north":{"uv":[13.984,11.016],"uv_size":[-2.984,0.984]},"south":{"uv":[11.016,11.016],"uv_size":[2.984,0.984]},"up":{"uv":[13.984,11.984],"uv_size":[-2.984,-0.984]},"west":{"uv":[11.016,11.016],"uv_size":[0.984,0.984]}}},{"origin":[-5,8,4],"size":[2,1,2],"uv":{"down":{"uv":[12.984,12.016],"uv_size":[-1.984,1.984]},"east":{"uv":[12.984,13.984],"uv_size":[-0.984,-1.984]},"north":{"uv":[12.984,12.016],"uv_size":[-1.984,0.984]},"south":{"uv":[11.016,13.016],"uv_size":[1.984,0.984]},"up":{"uv":[12.984,13.984],"uv_size":[-1.984,-1.984]},"west":{"uv":[11.016,12.016],"uv_size":[0.984,1.984]}}},{"origin":[-4,8,6],"size":[1,1,1],"uv":{"down":{"uv":[11.984,14.016],"uv_size":[-0.984,0.984]},"east":{"uv":[11.984,14.984],"uv_size":[-0.984,-0.984]},"north":{"uv":[11.984,14.016],"uv_size":[-0.984,0.984]},"south":{"uv":[11.016,14.016],"uv_size":[0.984,0.984]},"up":{"uv":[11.984,14.984],"uv_size":[-0.984,-0.984]},"west":{"uv":[11.016,14.016],"uv_size":[0.984,0.984]}}},{"origin":[-7,8,1],"size":[3,1,1],"uv":{"down":{"uv":[14.984,9.016],"uv_size":[-2.984,0.984]},"east":{"uv":[14.984,9.984],"uv_size":[-0.984,-0.984]},"north":{"uv":[14.984,9.016],"uv_size":[-2.984,0.984]},"south":{"uv":[12.016,9.016],"uv_size":[2.984,0.984]},"up":{"uv":[14.984,9.984],"uv_size":[-2.984,-0.984]},"west":{"uv":[12.016,9.016],"uv_size":[0.984,0.984]}}},{"origin":[-6,8,2],"size":[2,1,1],"uv":{"down":{"uv":[13.984,10.016],"uv_size":[-1.984,0.984]},"east":{"uv":[13.984,10.984],"uv_size":[-0.984,-0.984]},"north":{"uv":[13.984,10.016],"uv_size":[-1.984,0.984]},"south":{"uv":[12.016,10.016],"uv_size":[1.984,0.984]},"up":{"uv":[13.984,10.984],"uv_size":[-1.984,-0.984]},"west":{"uv":[12.016,10.016],"uv_size":[0.984,0.984]}}},{"origin":[-8,8,-2],"size":[3,1,2],"uv":{"down":{"uv":[15.984,6.016],"uv_size":[-2.984,1.984]},"east":{"uv":[15.984,7.984],"uv_size":[-0.984,-1.984]},"north":{"uv":[15.984,6.016],"uv_size":[-2.984,0.984]},"south":{"uv":[13.016,7.016],"uv_size":[2.984,0.984]},"up":{"uv":[15.984,7.984],"uv_size":[-2.984,-1.984]},"west":{"uv":[13.016,6.016],"uv_size":[0.984,1.984]}}},{"origin":[-7,8,0],"size":[2,1,1],"uv":{"down":{"uv":[14.984,8.016],"uv_size":[-1.984,0.984]},"east":{"uv":[14.984,8.984],"uv_size":[-0.984,-0.984]},"north":{"uv":[14.984,8.016],"uv_size":[-1.984,0.984]},"south":{"uv":[13.016,8.016],"uv_size":[1.984,0.984]},"up":{"uv":[14.984,8.984],"uv_size":[-1.984,-0.984]},"west":{"uv":[13.016,8.016],"uv_size":[0.984,0.984]}}},{"origin":[-8,8,-6],"size":[2,1,4],"uv":{"down":{"uv":[15.984,2.016],"uv_size":[-1.984,3.984]},"east":{"uv":[15.984,5.984],"uv_size":[-0.984,-3.984]},"north":{"uv":[15.984,2.016],"uv_size":[-1.984,0.984]},"south":{"uv":[14.016,5.016],"uv_size":[1.984,0.984]},"up":{"uv":[15.984,5.984],"uv_size":[-1.984,-3.984]},"west":{"uv":[14.016,2.016],"uv_size":[0.984,3.984]}}},{"origin":[-8,8,-7],"size":[1,1,1],"uv":{"down":{"uv":[15.984,1.016],"uv_size":[-0.984,0.984]},"east":{"uv":[15.984,1.984],"uv_size":[-0.984,-0.984]},"north":{"uv":[15.984,1.016],"uv_size":[-0.984,0.984]},"south":{"uv":[15.016,1.016],"uv_size":[0.984,0.984]},"up":{"uv":[15.984,1.984],"uv_size":[-0.984,-0.984]},"west":{"uv":[15.016,1.016],"uv_size":[0.984,0.984]}}}],"name":"geyser_custom_z","parent":"geyser_custom_y","pivot":[0,8,0]}],"description":{"identifier":"geometry.geyser_custom.geo_19b5091","texture_height":16,"texture_width":16,"visible_bounds_height":4.5,"visible_bounds_offset":[0,0.75,0],"visible_bounds_width":4}}]}