{
  "format_version": "1.12.0",
  "minecraft:client_entity": {
    "description": {
      "geometry": {
        "animated": "geometry.cubecraft.pit.template.portal",
        "default": "geometry.cubecraft.pitskin.hottub"
      },
      "identifier": "cubecraft:pit.hottub",
      "materials": {
        "animated": "experience_orb",
        "default": "entity_alphatest"
      },
      "render_controllers": [
        "controller.render.agent",
        "controller.render.texture_animation_default"
      ],
      "scripts": {
        "scale": "0.999"
      },
      "textures": {
        "animated": "textures/cc/pitskin/toilet_portal",
        "default": "textures/cc/pitskin/hottub"
      }
    }
  }
}