{"format_version":"1.16.0","minecraft:geometry":[{"bones":[{"binding":"c.item_slot == 'head' ? 'head' : q.item_slot_to_bone_name(c.item_slot)","name":"tmd_melees","pivot":[0,8,0]},{"name":"tmd_melees_x","parent":"tmd_melees","pivot":[0,8,0]},{"name":"tmd_melees_y","parent":"tmd_melees_x","pivot":[0,8,0]},{"cubes":[{"origin":[-1.5,14.75,-0.25],"size":[3,7,0.5],"uv":{"down":{"uv":[1.5753,12.0403],"uv_size":[-0.492,-0.082]},"east":{"uv":[1.293,10.67],"uv_size":[0.082,0.205]},"north":{"uv":[1.0913,10.67],"uv_size":[0.492,0.205]},"south":{"uv":[1.0913,10.67],"uv_size":[0.492,0.205]},"west":{"uv":[1.293,10.67],"uv_size":[0.082,0.205]}}},{"origin":[-1.5,17.75,-0.5],"size":[3,4,0.25],"uv":{"down":{"uv":[1.5753,12.0827],"uv_size":[-0.492,-0.041]},"east":{"uv":[1.3757,12.3857],"uv_size":[0.041,0.656]},"north":{"uv":[1.0913,12.3857],"uv_size":[0.492,0.656]},"west":{"uv":[1.2507,12.3857],"uv_size":[0.041,0.656]}}},{"origin":[-1.5,17.75,0.25],"size":[3,4,0.25],"uv":{"down":{"uv":[1.5753,11.9577],"uv_size":[-0.492,-0.041]},"east":{"uv":[1.2507,12.3857],"uv_size":[0.041,0.656]},"south":{"uv":[1.0913,12.3857],"uv_size":[0.492,0.656]},"west":{"uv":[1.3757,12.3857],"uv_size":[0.041,0.656]}}},{"origin":[-1.5,21.75,-0.5],"size":[3,0.5,1],"uv":{"down":{"uv":[9.5753,9.414],"uv_size":[-0.492,-0.164]},"east":{"uv":[9.2527,9.6263],"uv_size":[0.164,0.082]},"north":{"uv":[9.0913,9.6263],"uv_size":[0.492,0.082]},"south":{"uv":[9.0913,9.6263],"uv_size":[0.492,0.082]},"west":{"uv":[9.2527,9.6263],"uv_size":[0.164,0.082]}}},{"origin":[-1.5,22.25,-0.5],"size":[3,0.25,1],"uv":{"east":{"uv":[1.2527,12.2507],"uv_size":[0.164,0.041]},"north":{"uv":[1.0913,12.2507],"uv_size":[0.492,0.041]},"south":{"uv":[1.0913,12.2507],"uv_size":[0.492,0.041]},"up":{"uv":[1.5753,12.0807],"uv_size":[-0.492,-0.164]},"west":{"uv":[1.2527,12.2507],"uv_size":[0.164,0.041]}}},{"origin":[-1.25,13,-0.25],"size":[2.5,1.75,0.5],"uv":{"down":{"uv":[1.535,12.0403],"uv_size":[-0.41,-0.082]},"east":{"uv":[1.293,10.8797],"uv_size":[0.082,0.287]},"north":{"uv":[1.1317,10.8797],"uv_size":[0.41,0.287]},"south":{"uv":[1.1317,10.8797],"uv_size":[0.41,0.287]},"west":{"uv":[1.293,10.8797],"uv_size":[0.082,0.287]}}},{"origin":[-1.25,14,-0.5],"size":[2.5,3.75,0.25],"uv":{"down":{"uv":[1.535,12.0827],"uv_size":[-0.41,-0.041]},"east":{"uv":[1.3757,10.672],"uv_size":[0.041,0.328]},"north":{"uv":[1.1317,10.672],"uv_size":[0.41,0.328]},"south":{"uv":[1.1317,10.672],"uv_size":[0.41,0.328]},"west":{"uv":[1.2507,10.672],"uv_size":[0.041,0.328]}}},{"origin":[-1.25,14,0.25],"size":[2.5,3.75,0.25],"uv":{"down":{"uv":[1.535,11.9577],"uv_size":[-0.41,-0.041]},"east":{"uv":[1.2507,10.672],"uv_size":[0.041,0.328]},"north":{"uv":[1.1317,10.672],"uv_size":[0.41,0.328]},"south":{"uv":[1.1317,10.672],"uv_size":[0.41,0.328]},"west":{"uv":[1.3757,10.672],"uv_size":[0.041,0.328]}}},{"origin":[-1.25,16.25,-0.75],"size":[2.5,5.5,0.25],"uv":{"down":{"uv":[1.535,12.1243],"uv_size":[-0.41,-0.041]},"east":{"uv":[1.4173,12.3897],"uv_size":[0.041,0.902]},"north":{"uv":[1.1317,12.3897],"uv_size":[0.41,0.902]},"south":{"uv":[1.1317,12.3897],"uv_size":[0.41,0.902]},"west":{"uv":[1.209,12.3897],"uv_size":[0.041,0.902]}}},{"origin":[-1.25,16.25,0.5],"size":[2.5,5.5,0.25],"uv":{"down":{"uv":[1.535,11.916],"uv_size":[-0.41,-0.041]},"east":{"uv":[1.209,12.3897],"uv_size":[0.041,0.902]},"north":{"uv":[1.1317,12.3897],"uv_size":[0.41,0.902]},"south":{"uv":[1.1317,12.3897],"uv_size":[0.41,0.902]},"west":{"uv":[1.4173,12.3897],"uv_size":[0.041,0.902]}}},{"origin":[-1.25,18.5,-1],"size":[2.5,3.25,0.25],"uv":{"down":{"uv":[1.535,12.166],"uv_size":[-0.41,-0.041]},"east":{"uv":[1.459,12.3837],"uv_size":[0.041,0.533]},"north":{"uv":[1.1317,12.3837],"uv_size":[0.41,0.533]},"west":{"uv":[1.1673,12.3837],"uv_size":[0.041,0.533]}}},{"origin":[-1.25,18.5,0.75],"size":[2.5,3.25,0.25],"uv":{"down":{"uv":[1.535,11.8743],"uv_size":[-0.41,-0.041]},"east":{"uv":[1.1673,12.3837],"uv_size":[0.041,0.533]},"south":{"uv":[1.1317,12.3837],"uv_size":[0.41,0.533]},"west":{"uv":[1.459,12.3837],"uv_size":[0.041,0.533]}}},{"origin":[-1.25,21.75,-1],"size":[2.5,0.5,0.5],"uv":{"down":{"uv":[9.535,9.4987],"uv_size":[-0.41,-0.082]},"east":{"uv":[9.418,9.6263],"uv_size":[0.082,0.082]},"north":{"uv":[9.1317,9.6263],"uv_size":[0.41,0.082]},"west":{"uv":[9.168,9.6263],"uv_size":[0.082,0.082]}}},{"origin":[-1.25,21.75,0.5],"size":[2.5,0.5,0.5],"uv":{"down":{"uv":[9.535,9.2487],"uv_size":[-0.41,-0.082]},"east":{"uv":[9.168,9.6263],"uv_size":[0.082,0.082]},"south":{"uv":[9.1317,9.6263],"uv_size":[0.41,0.082]},"west":{"uv":[9.418,9.6263],"uv_size":[0.082,0.082]}}},{"origin":[-1.25,22.25,-1],"size":[2.5,0.25,0.5],"uv":{"east":{"uv":[1.418,12.2507],"uv_size":[0.082,0.041]},"north":{"uv":[1.1317,12.2507],"uv_size":[0.41,0.041]},"up":{"uv":[1.535,11.9153],"uv_size":[-0.41,-0.082]},"west":{"uv":[1.168,12.2507],"uv_size":[0.082,0.041]}}},{"origin":[-1.25,22.25,0.5],"size":[2.5,0.25,0.5],"uv":{"east":{"uv":[1.168,12.2507],"uv_size":[0.082,0.041]},"south":{"uv":[1.1317,12.2507],"uv_size":[0.41,0.041]},"up":{"uv":[1.535,12.1653],"uv_size":[-0.41,-0.082]},"west":{"uv":[1.418,12.2507],"uv_size":[0.082,0.041]}}},{"origin":[-1.25,22.5,-0.25],"size":[2.5,0.25,0.5],"uv":{"east":{"uv":[1.293,12.209],"uv_size":[0.082,0.041]},"north":{"uv":[1.1317,12.209],"uv_size":[0.41,0.041]},"south":{"uv":[1.1317,12.209],"uv_size":[0.41,0.041]},"up":{"uv":[1.535,12.0403],"uv_size":[-0.41,-0.082]},"west":{"uv":[1.293,12.209],"uv_size":[0.082,0.041]}}},{"origin":[-1,11.25,-0.25],"size":[2,1.75,0.5],"uv":{"down":{"uv":[1.4947,12.0403],"uv_size":[-0.328,-0.082]},"east":{"uv":[1.293,11.1713],"uv_size":[0.082,0.287]},"north":{"uv":[1.172,11.1713],"uv_size":[0.328,0.287]},"south":{"uv":[1.172,11.1713],"uv_size":[0.328,0.287]},"west":{"uv":[1.293,11.1713],"uv_size":[0.082,0.287]}}},{"origin":[-1,12.5,-0.5],"size":[2,1.5,0.25],"uv":{"down":{"uv":[1.4947,12.0827],"uv_size":[-0.328,-0.041]},"east":{"uv":[1.3757,11.004],"uv_size":[0.041,0.246]},"north":{"uv":[1.172,11.004],"uv_size":[0.328,0.246]},"south":{"uv":[1.172,11.004],"uv_size":[0.328,0.246]},"west":{"uv":[1.2507,11.004],"uv_size":[0.041,0.246]}}},{"origin":[-1,12.5,0.25],"size":[2,1.5,0.25],"uv":{"down":{"uv":[1.4947,11.9577],"uv_size":[-0.328,-0.041]},"east":{"uv":[1.2507,11.004],"uv_size":[0.041,0.246]},"north":{"uv":[1.172,11.004],"uv_size":[0.328,0.246]},"south":{"uv":[1.172,11.004],"uv_size":[0.328,0.246]},"west":{"uv":[1.3757,11.004],"uv_size":[0.041,0.246]}}},{"origin":[-1,13.5,-0.75],"size":[2,2.75,0.25],"uv":{"down":{"uv":[1.4947,12.1243],"uv_size":[-0.328,-0.041]},"east":{"uv":[1.4173,10.6733],"uv_size":[0.041,0.41]},"north":{"uv":[1.172,10.6733],"uv_size":[0.328,0.41]},"south":{"uv":[1.172,10.6733],"uv_size":[0.328,0.41]},"west":{"uv":[1.209,10.6733],"uv_size":[0.041,0.41]}}},{"origin":[-1,13.5,0.5],"size":[2,2.75,0.25],"uv":{"down":{"uv":[1.4947,11.916],"uv_size":[-0.328,-0.041]},"east":{"uv":[1.209,10.6733],"uv_size":[0.041,0.41]},"north":{"uv":[1.172,10.6733],"uv_size":[0.328,0.41]},"south":{"uv":[1.172,10.6733],"uv_size":[0.328,0.41]},"west":{"uv":[1.4173,10.6733],"uv_size":[0.041,0.41]}}},{"origin":[-1,15.5,-1],"size":[2,3,0.25],"uv":{"down":{"uv":[1.4947,12.166],"uv_size":[-0.328,-0.041]},"east":{"uv":[1.459,10.668],"uv_size":[0.041,0.082]},"north":{"uv":[1.172,10.668],"uv_size":[0.328,0.082]},"south":{"uv":[1.172,10.668],"uv_size":[0.328,0.082]},"west":{"uv":[1.1673,10.668],"uv_size":[0.041,0.082]}}},{"origin":[-1,15.5,0.75],"size":[2,3,0.25],"uv":{"down":{"uv":[1.4947,11.8743],"uv_size":[-0.328,-0.041]},"east":{"uv":[1.1673,10.668],"uv_size":[0.041,0.082]},"north":{"uv":[1.172,10.668],"uv_size":[0.328,0.082]},"south":{"uv":[1.172,10.668],"uv_size":[0.328,0.082]},"west":{"uv":[1.459,10.668],"uv_size":[0.041,0.082]}}},{"origin":[-1,18.5,-1.25],"size":[2,3.25,0.25],"uv":{"down":{"uv":[1.4947,12.2077],"uv_size":[-0.328,-0.041]},"east":{"uv":[1.5007,12.3837],"uv_size":[0.041,0.533]},"north":{"uv":[1.172,12.3837],"uv_size":[0.328,0.533]},"west":{"uv":[1.1257,12.3837],"uv_size":[0.041,0.533]}}},{"origin":[-1,18.5,1],"size":[2,3.25,0.25],"uv":{"down":{"uv":[1.4947,11.8327],"uv_size":[-0.328,-0.041]},"east":{"uv":[1.1257,12.3837],"uv_size":[0.041,0.533]},"south":{"uv":[1.172,12.3837],"uv_size":[0.328,0.533]},"west":{"uv":[1.5007,12.3837],"uv_size":[0.041,0.533]}}},{"origin":[-1,21.75,-1.25],"size":[2,0.5,0.25],"uv":{"east":{"uv":[9.5007,9.6263],"uv_size":[0.041,0.082]},"north":{"uv":[9.172,9.6263],"uv_size":[0.328,0.082]},"west":{"uv":[9.1257,9.6263],"uv_size":[0.041,0.082]}}},{"origin":[-1,21.75,1],"size":[2,0.5,0.25],"uv":{"east":{"uv":[9.1257,9.6263],"uv_size":[0.041,0.082]},"south":{"uv":[9.172,9.6263],"uv_size":[0.328,0.082]},"west":{"uv":[9.5007,9.6263],"uv_size":[0.041,0.082]}}},{"origin":[-1,22.25,-1.25],"size":[2,0.25,0.25],"uv":{"east":{"uv":[1.5007,12.2507],"uv_size":[0.041,0.041]},"north":{"uv":[1.172,12.2507],"uv_size":[0.328,0.041]},"up":{"uv":[1.4947,11.8327],"uv_size":[-0.328,-0.041]},"west":{"uv":[1.1257,12.2507],"uv_size":[0.041,0.041]}}},{"origin":[-1,22.25,1],"size":[2,0.25,0.25],"uv":{"east":{"uv":[1.1257,12.2507],"uv_size":[0.041,0.041]},"south":{"uv":[1.172,12.2507],"uv_size":[0.328,0.041]},"up":{"uv":[1.4947,12.2077],"uv_size":[-0.328,-0.041]},"west":{"uv":[1.5007,12.2507],"uv_size":[0.041,0.041]}}},{"origin":[-1,22.5,-0.75],"size":[2,0.25,0.5],"uv":{"down":{"uv":[1.4947,12.1237],"uv_size":[-0.328,-0.082]},"east":{"uv":[1.3763,12.209],"uv_size":[0.082,0.041]},"north":{"uv":[1.172,12.209],"uv_size":[0.328,0.041]},"up":{"uv":[1.4947,11.957],"uv_size":[-0.328,-0.082]},"west":{"uv":[1.2097,12.209],"uv_size":[0.082,0.041]}}},{"origin":[-1,22.5,0.25],"size":[2,0.25,0.5],"uv":{"down":{"uv":[1.4947,11.957],"uv_size":[-0.328,-0.082]},"east":{"uv":[1.2097,12.209],"uv_size":[0.082,0.041]},"south":{"uv":[1.172,12.209],"uv_size":[0.328,0.041]},"up":{"uv":[1.4947,12.1237],"uv_size":[-0.328,-0.082]},"west":{"uv":[1.3763,12.209],"uv_size":[0.082,0.041]}}},{"origin":[-0.75,0,-0.5],"size":[1.5,0.5,1],"uv":{"down":{"uv":[1.4543,12.0807],"uv_size":[-0.246,-0.164]},"east":{"uv":[1.2527,13.2513],"uv_size":[0.164,0.082]},"north":{"uv":[1.2123,13.2513],"uv_size":[0.246,0.082]},"south":{"uv":[1.2123,13.2513],"uv_size":[0.246,0.082]},"up":{"uv":[1.4543,12.0807],"uv_size":[-0.246,-0.164]},"west":{"uv":[1.2527,13.2513],"uv_size":[0.164,0.082]}}},{"origin":[-0.75,0.5,-0.25],"size":[1.5,0.25,0.5],"uv":{"east":{"uv":[1.293,13.209],"uv_size":[0.082,0.041]},"north":{"uv":[1.2123,13.209],"uv_size":[0.246,0.041]},"south":{"uv":[1.2123,13.209],"uv_size":[0.246,0.041]},"up":{"uv":[1.4543,12.0403],"uv_size":[-0.246,-0.082]},"west":{"uv":[1.293,13.209],"uv_size":[0.082,0.041]}}},{"origin":[-0.75,8,-0.25],"size":[1.5,3.25,0.5],"uv":{"down":{"uv":[1.4543,12.0403],"uv_size":[-0.246,-0.082]},"east":{"uv":[1.293,11.467],"uv_size":[0.082,0.533]},"north":{"uv":[1.2123,11.467],"uv_size":[0.246,0.533]},"south":{"uv":[1.2123,11.467],"uv_size":[0.246,0.533]},"west":{"uv":[1.293,11.467],"uv_size":[0.082,0.533]}}},{"origin":[-0.75,10.5,-0.5],"size":[1.5,2,0.25],"uv":{"down":{"uv":[1.4543,12.0827],"uv_size":[-0.246,-0.041]},"east":{"uv":[1.3757,11.2553],"uv_size":[0.041,0.328]},"north":{"uv":[1.2123,11.2553],"uv_size":[0.246,0.328]},"south":{"uv":[1.2123,11.2553],"uv_size":[0.246,0.328]},"west":{"uv":[1.2507,11.2553],"uv_size":[0.041,0.328]}}},{"origin":[-0.75,10.5,0.25],"size":[1.5,2,0.25],"uv":{"down":{"uv":[1.4543,11.9577],"uv_size":[-0.246,-0.041]},"east":{"uv":[1.2507,11.2553],"uv_size":[0.041,0.328]},"north":{"uv":[1.2123,11.2553],"uv_size":[0.246,0.328]},"south":{"uv":[1.2123,11.2553],"uv_size":[0.246,0.328]},"west":{"uv":[1.3757,11.2553],"uv_size":[0.041,0.328]}}},{"origin":[-0.75,12,-0.75],"size":[1.5,1.5,0.25],"uv":{"down":{"uv":[1.4543,12.1243],"uv_size":[-0.246,-0.041]},"east":{"uv":[1.4173,11.0873],"uv_size":[0.041,0.246]},"north":{"uv":[1.2123,11.0873],"uv_size":[0.246,0.246]},"south":{"uv":[1.2123,11.0873],"uv_size":[0.246,0.246]},"west":{"uv":[1.209,11.0873],"uv_size":[0.041,0.246]}}},{"origin":[-0.75,12,0.5],"size":[1.5,1.5,0.25],"uv":{"down":{"uv":[1.4543,11.916],"uv_size":[-0.246,-0.041]},"east":{"uv":[1.209,11.0873],"uv_size":[0.041,0.246]},"north":{"uv":[1.2123,11.0873],"uv_size":[0.246,0.246]},"south":{"uv":[1.2123,11.0873],"uv_size":[0.246,0.246]},"west":{"uv":[1.4173,11.0873],"uv_size":[0.041,0.246]}}},{"origin":[-0.75,13.5,-1],"size":[1.5,2,0.25],"uv":{"down":{"uv":[1.4543,12.166],"uv_size":[-0.246,-0.041]},"east":{"uv":[1.459,10.7553],"uv_size":[0.041,0.328]},"north":{"uv":[1.2123,10.7553],"uv_size":[0.246,0.328]},"west":{"uv":[1.1673,10.7553],"uv_size":[0.041,0.328]}}},{"origin":[-0.75,13.5,0.75],"size":[1.5,2,0.25],"uv":{"down":{"uv":[1.4543,11.8743],"uv_size":[-0.246,-0.041]},"east":{"uv":[1.1673,10.7553],"uv_size":[0.041,0.328]},"south":{"uv":[1.2123,10.7553],"uv_size":[0.246,0.328]},"west":{"uv":[1.459,10.7553],"uv_size":[0.041,0.328]}}},{"origin":[-0.75,16.25,-1.25],"size":[1.5,2.25,0.25],"uv":{"down":{"uv":[1.4543,12.2077],"uv_size":[-0.246,-0.041]},"east":{"uv":[1.5007,12.9227],"uv_size":[0.041,0.369]},"north":{"uv":[1.2123,12.9227],"uv_size":[0.246,0.369]},"west":{"uv":[1.1257,12.9227],"uv_size":[0.041,0.369]}}},{"origin":[-0.75,16.25,1],"size":[1.5,2.25,0.25],"uv":{"down":{"uv":[1.4543,11.8327],"uv_size":[-0.246,-0.041]},"east":{"uv":[1.1257,12.9227],"uv_size":[0.041,0.369]},"south":{"uv":[1.2123,12.9227],"uv_size":[0.246,0.369]},"west":{"uv":[1.5007,12.9227],"uv_size":[0.041,0.369]}}},{"origin":[-0.75,22.5,-1],"size":[1.5,0.25,0.25],"uv":{"east":{"uv":[1.459,12.209],"uv_size":[0.041,0.041]},"north":{"uv":[1.2123,12.209],"uv_size":[0.246,0.041]},"up":{"uv":[1.4543,11.8743],"uv_size":[-0.246,-0.041]},"west":{"uv":[1.1673,12.209],"uv_size":[0.041,0.041]}}},{"origin":[-0.75,22.5,0.75],"size":[1.5,0.25,0.25],"uv":{"east":{"uv":[1.1673,12.209],"uv_size":[0.041,0.041]},"south":{"uv":[1.2123,12.209],"uv_size":[0.246,0.041]},"up":{"uv":[1.4543,12.166],"uv_size":[-0.246,-0.041]},"west":{"uv":[1.459,12.209],"uv_size":[0.041,0.041]}}},{"origin":[-0.75,22.75,-0.25],"size":[1.5,0.25,0.5],"uv":{"east":{"uv":[1.293,12.1673],"uv_size":[0.082,0.041]},"north":{"uv":[1.2123,12.1673],"uv_size":[0.246,0.041]},"south":{"uv":[1.2123,12.1673],"uv_size":[0.246,0.041]},"up":{"uv":[1.4543,12.0403],"uv_size":[-0.246,-0.082]},"west":{"uv":[1.293,12.1673],"uv_size":[0.082,0.041]}}},{"origin":[-0.5,-0.25,-0.25],"size":[1,0.25,0.5],"uv":{"down":{"uv":[1.414,12.0403],"uv_size":[-0.164,-0.082]},"east":{"uv":[1.293,10.6673],"uv_size":[0.082,0.041]},"north":{"uv":[1.2527,10.6673],"uv_size":[0.164,0.041]},"south":{"uv":[1.2527,10.6673],"uv_size":[0.164,0.041]},"west":{"uv":[1.293,10.6673],"uv_size":[0.082,0.041]}}},{"origin":[-0.5,0,-0.75],"size":[1,0.5,0.25],"uv":{"down":{"uv":[1.414,12.1243],"uv_size":[-0.164,-0.041]},"east":{"uv":[1.4173,13.2513],"uv_size":[0.041,0.082]},"north":{"uv":[1.2527,13.2513],"uv_size":[0.164,0.082]},"up":{"uv":[1.414,11.916],"uv_size":[-0.164,-0.041]},"west":{"uv":[1.209,13.2513],"uv_size":[0.041,0.082]}}},{"origin":[-0.5,0,0.5],"size":[1,0.5,0.25],"uv":{"down":{"uv":[1.414,11.916],"uv_size":[-0.164,-0.041]},"east":{"uv":[1.209,13.2513],"uv_size":[0.041,0.082]},"south":{"uv":[1.2527,13.2513],"uv_size":[0.164,0.082]},"up":{"uv":[1.414,12.1243],"uv_size":[-0.164,-0.041]},"west":{"uv":[1.4173,13.2513],"uv_size":[0.041,0.082]}}},{"origin":[-0.5,0.5,-0.5],"size":[1,0.5,0.25],"uv":{"east":{"uv":[1.3757,13.168],"uv_size":[0.041,0.082]},"north":{"uv":[1.2527,13.168],"uv_size":[0.164,0.082]},"south":{"uv":[1.2527,13.168],"uv_size":[0.164,0.082]},"up":{"uv":[1.414,11.9577],"uv_size":[-0.164,-0.041]},"west":{"uv":[1.2507,13.168],"uv_size":[0.041,0.082]}}},{"origin":[-0.5,0.5,0.25],"size":[1,0.5,0.25],"uv":{"east":{"uv":[1.2507,13.168],"uv_size":[0.041,0.082]},"north":{"uv":[1.2527,13.168],"uv_size":[0.164,0.082]},"south":{"uv":[1.2527,13.168],"uv_size":[0.164,0.082]},"up":{"uv":[1.414,12.0827],"uv_size":[-0.164,-0.041]},"west":{"uv":[1.3757,13.168],"uv_size":[0.041,0.082]}}},{"origin":[-0.5,0.75,-0.25],"size":[1,0.25,0.5],"uv":{"east":{"uv":[1.293,13.1673],"uv_size":[0.082,0.041]},"west":{"uv":[1.293,13.1673],"uv_size":[0.082,0.041]}}},{"origin":[-0.5,1,-0.25],"size":[1,6.25,0.5],"uv":{"east":{"uv":[11.9597,4.141],"uv_size":[0.082,1.0257]},"north":{"uv":[11.9193,4.141],"uv_size":[0.164,1.0257]},"south":{"uv":[11.9193,4.141],"uv_size":[0.164,1.0257]},"west":{"uv":[11.9597,4.141],"uv_size":[0.082,1.0257]}}},{"origin":[-0.5,7.25,-0.5],"size":[1,3.25,0.25],"uv":{"down":{"uv":[1.414,12.0827],"uv_size":[-0.164,-0.041]},"east":{"uv":[1.3757,11.592],"uv_size":[0.041,0.533]},"north":{"uv":[1.2527,11.592],"uv_size":[0.164,0.533]},"south":{"uv":[1.2527,11.592],"uv_size":[0.164,0.533]},"west":{"uv":[1.2507,11.592],"uv_size":[0.041,0.533]}}},{"origin":[-0.5,7.25,-0.25],"size":[1,0.75,0.75],"uv":{"down":{"uv":[1.414,12.0397],"uv_size":[-0.164,-0.123]},"east":{"uv":[1.252,12.002],"uv_size":[0.123,0.123]},"south":{"uv":[1.2527,12.002],"uv_size":[0.164,0.123]},"up":{"uv":[1.414,12.0813],"uv_size":[-0.164,-0.123]},"west":{"uv":[1.2937,12.002],"uv_size":[0.123,0.123]}}},{"origin":[-0.5,8,0.25],"size":[1,2.5,0.25],"uv":{"east":{"uv":[1.2507,11.59],"uv_size":[0.041,0.41]},"south":{"uv":[1.2527,11.59],"uv_size":[0.164,0.41]},"west":{"uv":[1.3757,11.59],"uv_size":[0.041,0.41]}}},{"origin":[-0.5,10.5,-0.75],"size":[1,1.5,0.25],"uv":{"down":{"uv":[1.414,12.1243],"uv_size":[-0.164,-0.041]},"east":{"uv":[1.4173,11.3373],"uv_size":[0.041,0.246]},"north":{"uv":[1.2527,11.3373],"uv_size":[0.164,0.246]},"west":{"uv":[1.209,11.3373],"uv_size":[0.041,0.246]}}},{"origin":[-0.5,10.5,0.5],"size":[1,1.5,0.25],"uv":{"down":{"uv":[1.414,11.916],"uv_size":[-0.164,-0.041]},"east":{"uv":[1.209,11.3373],"uv_size":[0.041,0.246]},"south":{"uv":[1.2527,11.3373],"uv_size":[0.164,0.246]},"west":{"uv":[1.4173,11.3373],"uv_size":[0.041,0.246]}}},{"origin":[-0.5,12.5,-1],"size":[1,1,0.25],"uv":{"down":{"uv":[1.414,12.166],"uv_size":[-0.164,-0.041]},"east":{"uv":[1.459,11.086],"uv_size":[0.041,0.164]},"north":{"uv":[1.2527,11.086],"uv_size":[0.164,0.164]},"west":{"uv":[1.1673,11.086],"uv_size":[0.041,0.164]}}},{"origin":[-0.5,12.5,0.75],"size":[1,1,0.25],"uv":{"down":{"uv":[1.414,11.8743],"uv_size":[-0.164,-0.041]},"east":{"uv":[1.1673,11.086],"uv_size":[0.041,0.164]},"south":{"uv":[1.2527,11.086],"uv_size":[0.164,0.164]},"west":{"uv":[1.459,11.086],"uv_size":[0.041,0.164]}}},{"origin":[-0.5,14,-1.25],"size":[1,2.25,0.25],"uv":{"down":{"uv":[1.414,12.2077],"uv_size":[-0.164,-0.041]},"east":{"uv":[1.5007,10.672],"uv_size":[0.041,0.328]},"north":{"uv":[1.2527,10.672],"uv_size":[0.164,0.328]},"south":{"uv":[1.2527,10.672],"uv_size":[0.164,0.328]},"west":{"uv":[1.1257,10.672],"uv_size":[0.041,0.328]}}},{"origin":[-0.5,14,1],"size":[1,2.25,0.25],"uv":{"down":{"uv":[1.414,11.8327],"uv_size":[-0.164,-0.041]},"east":{"uv":[1.1257,10.672],"uv_size":[0.041,0.328]},"north":{"uv":[1.2527,10.672],"uv_size":[0.164,0.328]},"south":{"uv":[1.2527,10.672],"uv_size":[0.164,0.328]},"west":{"uv":[1.5007,10.672],"uv_size":[0.041,0.328]}}},{"origin":[-0.5,17.75,-1.5],"size":[1,4,0.25],"uv":{"down":{"uv":[1.414,12.2493],"uv_size":[-0.164,-0.041]},"east":{"uv":[1.5423,12.3857],"uv_size":[0.041,0.656]},"north":{"uv":[1.2527,12.3857],"uv_size":[0.164,0.656]},"south":{"uv":[1.2527,12.3857],"uv_size":[0.164,0.656]},"west":{"uv":[1.084,12.3857],"uv_size":[0.041,0.656]}}},{"origin":[-0.5,17.75,1.25],"size":[1,4,0.25],"uv":{"down":{"uv":[1.414,11.791],"uv_size":[-0.164,-0.041]},"east":{"uv":[1.084,12.3857],"uv_size":[0.041,0.656]},"north":{"uv":[1.2527,12.3857],"uv_size":[0.164,0.656]},"south":{"uv":[1.2527,12.3857],"uv_size":[0.164,0.656]},"west":{"uv":[1.5423,12.3857],"uv_size":[0.041,0.656]}}},{"origin":[-0.5,21.75,-1.5],"size":[1,0.5,0.25],"uv":{"east":{"uv":[9.5423,9.6263],"uv_size":[0.041,0.082]},"north":{"uv":[9.2527,9.6263],"uv_size":[0.164,0.082]},"west":{"uv":[9.084,9.6263],"uv_size":[0.041,0.082]}}},{"origin":[-0.5,21.75,1.25],"size":[1,0.5,0.25],"uv":{"east":{"uv":[9.084,9.6263],"uv_size":[0.041,0.082]},"south":{"uv":[9.2527,9.6263],"uv_size":[0.164,0.082]},"west":{"uv":[9.5423,9.6263],"uv_size":[0.041,0.082]}}},{"origin":[-0.5,22.25,-1.5],"size":[1,0.25,0.25],"uv":{"east":{"uv":[1.5423,12.2507],"uv_size":[0.041,0.041]},"north":{"uv":[1.2527,12.2507],"uv_size":[0.164,0.041]},"up":{"uv":[1.414,11.791],"uv_size":[-0.164,-0.041]},"west":{"uv":[1.084,12.2507],"uv_size":[0.041,0.041]}}},{"origin":[-0.5,22.25,1.25],"size":[1,0.25,0.25],"uv":{"east":{"uv":[1.084,12.2507],"uv_size":[0.041,0.041]},"south":{"uv":[1.2527,12.2507],"uv_size":[0.164,0.041]},"up":{"uv":[1.414,12.2493],"uv_size":[-0.164,-0.041]},"west":{"uv":[1.5423,12.2507],"uv_size":[0.041,0.041]}}},{"origin":[-0.5,22.75,-0.5],"size":[1,0.25,0.25],"uv":{"east":{"uv":[1.3757,12.1673],"uv_size":[0.041,0.041]},"north":{"uv":[1.2527,12.1673],"uv_size":[0.164,0.041]},"up":{"uv":[1.414,11.9577],"uv_size":[-0.164,-0.041]},"west":{"uv":[1.2507,12.1673],"uv_size":[0.041,0.041]}}},{"origin":[-0.5,22.75,0.25],"size":[1,0.25,0.25],"uv":{"east":{"uv":[1.2507,12.1673],"uv_size":[0.041,0.041]},"south":{"uv":[1.2527,12.1673],"uv_size":[0.164,0.041]},"up":{"uv":[1.414,12.0827],"uv_size":[-0.164,-0.041]},"west":{"uv":[1.3757,12.1673],"uv_size":[0.041,0.041]}}},{"origin":[-0.25,-0.25,-0.5],"size":[0.5,0.25,0.25],"uv":{"down":{"uv":[1.3737,12.0827],"uv_size":[-0.082,-0.041]},"east":{"uv":[1.3757,10.6673],"uv_size":[0.041,0.041]},"north":{"uv":[1.293,10.6673],"uv_size":[0.082,0.041]},"west":{"uv":[1.2507,10.6673],"uv_size":[0.041,0.041]}}},{"origin":[-0.25,-0.25,0.25],"size":[0.5,0.25,0.25],"uv":{"down":{"uv":[1.3737,11.9577],"uv_size":[-0.082,-0.041]},"east":{"uv":[1.2507,10.6673],"uv_size":[0.041,0.041]},"south":{"uv":[1.293,10.6673],"uv_size":[0.082,0.041]},"west":{"uv":[1.3757,10.6673],"uv_size":[0.041,0.041]}}},{"origin":[-0.25,0.5,-0.75],"size":[0.5,0.25,0.25],"uv":{"east":{"uv":[1.4173,13.209],"uv_size":[0.041,0.041]},"north":{"uv":[1.293,13.209],"uv_size":[0.082,0.041]},"up":{"uv":[1.3737,11.916],"uv_size":[-0.082,-0.041]},"west":{"uv":[1.209,13.209],"uv_size":[0.041,0.041]}}},{"origin":[-0.25,0.5,0.5],"size":[0.5,0.25,0.25],"uv":{"east":{"uv":[1.209,13.209],"uv_size":[0.041,0.041]},"south":{"uv":[1.293,13.209],"uv_size":[0.082,0.041]},"up":{"uv":[1.3737,12.1243],"uv_size":[-0.082,-0.041]},"west":{"uv":[1.4173,13.209],"uv_size":[0.041,0.041]}}},{"origin":[-0.25,1,-0.5],"size":[0.5,6.25,0.25],"uv":{"east":{"uv":[12.0423,4.141],"uv_size":[0.041,1.0257]},"north":{"uv":[11.9597,4.141],"uv_size":[0.082,1.0257]},"west":{"uv":[11.9173,4.141],"uv_size":[0.041,1.0257]}}},{"origin":[-0.25,1,0.25],"size":[0.5,6.25,0.25],"uv":{"east":{"uv":[11.9173,4.141],"uv_size":[0.041,1.0257]},"south":{"uv":[11.9597,4.141],"uv_size":[0.082,1.0257]},"west":{"uv":[12.0423,4.141],"uv_size":[0.041,1.0257]}}},{"origin":[-0.25,8,-0.75],"size":[0.5,2.5,0.25],"uv":{"down":{"uv":[1.3737,12.1243],"uv_size":[-0.082,-0.041]},"east":{"uv":[1.4173,11.59],"uv_size":[0.041,0.41]},"north":{"uv":[1.293,11.59],"uv_size":[0.082,0.41]},"west":{"uv":[1.209,11.59],"uv_size":[0.041,0.41]}}},{"origin":[-0.25,8,0.5],"size":[0.5,2.5,0.25],"uv":{"down":{"uv":[1.3737,11.916],"uv_size":[-0.082,-0.041]},"east":{"uv":[1.209,11.59],"uv_size":[0.041,0.41]},"south":{"uv":[1.293,11.59],"uv_size":[0.082,0.41]},"west":{"uv":[1.4173,11.59],"uv_size":[0.041,0.41]}}},{"origin":[-0.25,11.25,-1],"size":[0.5,1.25,0.25],"uv":{"down":{"uv":[1.3737,12.166],"uv_size":[-0.082,-0.041]},"east":{"uv":[1.459,11.2533],"uv_size":[0.041,0.205]},"north":{"uv":[1.293,11.2533],"uv_size":[0.082,0.205]},"south":{"uv":[1.293,11.2533],"uv_size":[0.082,0.205]},"west":{"uv":[1.1673,11.2533],"uv_size":[0.041,0.205]}}},{"origin":[-0.25,11.25,0.75],"size":[0.5,1.25,0.25],"uv":{"down":{"uv":[1.3737,11.8743],"uv_size":[-0.082,-0.041]},"east":{"uv":[1.1673,11.2533],"uv_size":[0.041,0.205]},"north":{"uv":[1.293,11.2533],"uv_size":[0.082,0.205]},"south":{"uv":[1.293,11.2533],"uv_size":[0.082,0.205]},"west":{"uv":[1.459,11.2533],"uv_size":[0.041,0.205]}}},{"origin":[-0.25,13,-1.25],"size":[0.5,1,0.25],"uv":{"down":{"uv":[1.3737,12.2077],"uv_size":[-0.082,-0.041]},"east":{"uv":[1.5007,11.0027],"uv_size":[0.041,0.164]},"north":{"uv":[1.293,11.0027],"uv_size":[0.082,0.164]},"south":{"uv":[1.293,11.0027],"uv_size":[0.082,0.164]},"west":{"uv":[1.1257,11.0027],"uv_size":[0.041,0.164]}}},{"origin":[-0.25,13,1],"size":[0.5,1,0.25],"uv":{"down":{"uv":[1.3737,11.8327],"uv_size":[-0.082,-0.041]},"east":{"uv":[1.1257,11.0027],"uv_size":[0.041,0.164]},"north":{"uv":[1.293,11.0027],"uv_size":[0.082,0.164]},"south":{"uv":[1.293,11.0027],"uv_size":[0.082,0.164]},"west":{"uv":[1.5007,11.0027],"uv_size":[0.041,0.164]}}},{"origin":[-0.25,14.75,-1.5],"size":[0.5,3,0.25],"uv":{"down":{"uv":[1.3737,12.2493],"uv_size":[-0.082,-0.041]},"east":{"uv":[1.5423,10.67],"uv_size":[0.041,0.205]},"north":{"uv":[1.293,10.67],"uv_size":[0.082,0.205]},"south":{"uv":[1.293,10.67],"uv_size":[0.082,0.205]},"west":{"uv":[1.084,10.67],"uv_size":[0.041,0.205]}}},{"origin":[-0.25,14.75,1.25],"size":[0.5,3,0.25],"uv":{"down":{"uv":[1.3737,11.791],"uv_size":[-0.082,-0.041]},"east":{"uv":[1.084,10.67],"uv_size":[0.041,0.205]},"north":{"uv":[1.293,10.67],"uv_size":[0.082,0.205]},"south":{"uv":[1.293,10.67],"uv_size":[0.082,0.205]},"west":{"uv":[1.5423,10.67],"uv_size":[0.041,0.205]}}},{"origin":[-0.25,22.5,-1.25],"size":[0.5,0.25,0.25],"uv":{"east":{"uv":[1.5007,12.209],"uv_size":[0.041,0.041]},"north":{"uv":[1.293,12.209],"uv_size":[0.082,0.041]},"up":{"uv":[1.3737,11.8327],"uv_size":[-0.082,-0.041]},"west":{"uv":[1.1257,12.209],"uv_size":[0.041,0.041]}}},{"origin":[-0.25,22.5,1],"size":[0.5,0.25,0.25],"uv":{"east":{"uv":[1.1257,12.209],"uv_size":[0.041,0.041]},"south":{"uv":[1.293,12.209],"uv_size":[0.082,0.041]},"up":{"uv":[1.3737,12.2077],"uv_size":[-0.082,-0.041]},"west":{"uv":[1.5007,12.209],"uv_size":[0.041,0.041]}}},{"origin":[-0.25,22.75,-0.75],"size":[0.5,0.25,0.25],"uv":{"east":{"uv":[1.4173,12.1673],"uv_size":[0.041,0.041]},"north":{"uv":[1.293,12.1673],"uv_size":[0.082,0.041]},"up":{"uv":[1.3737,11.916],"uv_size":[-0.082,-0.041]},"west":{"uv":[1.209,12.1673],"uv_size":[0.041,0.041]}}},{"origin":[-0.25,22.75,0.5],"size":[0.5,0.25,0.25],"uv":{"east":{"uv":[1.209,12.1673],"uv_size":[0.041,0.041]},"south":{"uv":[1.293,12.1673],"uv_size":[0.082,0.041]},"up":{"uv":[1.3737,12.1243],"uv_size":[-0.082,-0.041]},"west":{"uv":[1.4173,12.1673],"uv_size":[0.041,0.041]}}}],"name":"tmd_melees_z","parent":"tmd_melees_y","pivot":[0,8,0]}],"description":{"identifier":"geometry.tmd_melees.geo_a2818d1","texture_height":16,"texture_width":16,"visible_bounds_height":4.5,"visible_bounds_offset":[0,0.75,0],"visible_bounds_width":4}}]}