{"format_version":"1.16.0","minecraft:geometry":[{"bones":[{"binding":"c.item_slot == 'head' ? 'head' : q.item_slot_to_bone_name(c.item_slot)","name":"tmd_melees","pivot":[0,8,0]},{"name":"tmd_melees_x","parent":"tmd_melees","pivot":[0,8,0]},{"name":"tmd_melees_y","parent":"tmd_melees_x","pivot":[0,8,0]},{"cubes":[{"origin":[1.25,16.5,0.75],"size":[2,2,0.5],"uv":{"down":{"uv":[14.453,1.207],"uv_size":[-0.328,-0.082]},"east":{"uv":[14.4597,2.2553],"uv_size":[0.082,0.328]},"north":{"uv":[14.8803,2.2553],"uv_size":[0.328,0.328]},"south":{"uv":[14.1303,2.2553],"uv_size":[0.328,0.328]},"up":{"uv":[14.453,1.5403],"uv_size":[-0.328,-0.082]},"west":{"uv":[14.793,2.2553],"uv_size":[0.082,0.328]}}},{"origin":[1.5,16.25,0.75],"size":[1.5,0.25,0.5],"uv":{"down":{"uv":[14.4127,1.207],"uv_size":[-0.246,-0.082]},"east":{"uv":[14.4597,2.584],"uv_size":[0.082,0.041]},"north":{"uv":[14.9207,2.584],"uv_size":[0.246,0.041]},"south":{"uv":[14.1707,2.584],"uv_size":[0.246,0.041]},"up":{"uv":[14.4127,1.5403],"uv_size":[-0.246,-0.082]},"west":{"uv":[14.793,2.584],"uv_size":[0.082,0.041]}}},{"origin":[1,18.5,0.75],"size":[2,0.25,0.5],"uv":{"down":{"uv":[14.4947,1.207],"uv_size":[-0.328,-0.082]},"east":{"uv":[14.4597,2.209],"uv_size":[0.082,0.041]},"north":{"uv":[14.8387,2.209],"uv_size":[0.328,0.041]},"south":{"uv":[14.172,2.209],"uv_size":[0.328,0.041]},"up":{"uv":[14.4947,1.5403],"uv_size":[-0.328,-0.082]},"west":{"uv":[14.793,2.209],"uv_size":[0.082,0.041]}}},{"origin":[1.75,16,0.75],"size":[1,0.25,0.5],"uv":{"down":{"uv":[14.3723,1.207],"uv_size":[-0.164,-0.082]},"east":{"uv":[14.4597,2.6257],"uv_size":[0.082,0.041]},"north":{"uv":[14.961,2.6257],"uv_size":[0.164,0.041]},"south":{"uv":[14.211,2.6257],"uv_size":[0.164,0.041]},"up":{"uv":[14.3723,1.5403],"uv_size":[-0.164,-0.082]},"west":{"uv":[14.793,2.6257],"uv_size":[0.082,0.041]}}},{"origin":[0.75,18.75,0.75],"size":[2,0.25,0.5],"uv":{"down":{"uv":[14.5363,1.207],"uv_size":[-0.328,-0.082]},"east":{"uv":[14.4597,2.1673],"uv_size":[0.082,0.041]},"north":{"uv":[14.797,2.1673],"uv_size":[0.328,0.041]},"south":{"uv":[14.2137,2.1673],"uv_size":[0.328,0.041]},"up":{"uv":[14.5363,1.5403],"uv_size":[-0.328,-0.082]},"west":{"uv":[14.793,2.1673],"uv_size":[0.082,0.041]}}},{"origin":[1.75,15.75,0.75],"size":[0.75,0.25,0.5],"uv":{"down":{"uv":[14.373,1.207],"uv_size":[-0.123,-0.082]},"east":{"uv":[14.4597,0.0007],"uv_size":[0.082,0.041]},"north":{"uv":[14.9603,0.0007],"uv_size":[0.123,0.041]},"south":{"uv":[14.252,0.0007],"uv_size":[0.123,0.041]},"up":{"uv":[14.373,1.5403],"uv_size":[-0.123,-0.082]},"west":{"uv":[14.793,0.0007],"uv_size":[0.082,0.041]}}},{"origin":[1.5,19,0.75],"size":[1,0.25,0.5],"uv":{"down":{"uv":[14.414,1.207],"uv_size":[-0.164,-0.082]},"east":{"uv":[14.4597,2.1257],"uv_size":[0.082,0.041]},"north":{"uv":[14.9193,2.1257],"uv_size":[0.164,0.041]},"south":{"uv":[14.2527,2.1257],"uv_size":[0.164,0.041]},"up":{"uv":[14.414,1.5403],"uv_size":[-0.164,-0.082]},"west":{"uv":[14.793,2.1257],"uv_size":[0.082,0.041]}}},{"origin":[1.75,15.5,0.75],"size":[0.5,0.25,0.5],"uv":{"down":{"uv":[14.3737,1.207],"uv_size":[-0.082,-0.082]},"east":{"uv":[14.4597,0.0423],"uv_size":[0.082,0.041]},"north":{"uv":[14.9597,0.0423],"uv_size":[0.082,0.041]},"south":{"uv":[14.293,0.0423],"uv_size":[0.082,0.041]},"up":{"uv":[14.3737,1.5403],"uv_size":[-0.082,-0.082]},"west":{"uv":[14.793,0.0423],"uv_size":[0.082,0.041]}}},{"origin":[1.75,15.25,0.75],"size":[0.25,0.25,0.5],"uv":{"down":{"uv":[14.3743,1.207],"uv_size":[-0.041,-0.082]},"east":{"uv":[14.4597,0.084],"uv_size":[0.082,0.041]},"north":{"uv":[14.959,0.084],"uv_size":[0.041,0.041]},"south":{"uv":[14.334,0.084],"uv_size":[0.041,0.041]},"up":{"uv":[14.3743,1.5403],"uv_size":[-0.041,-0.082]},"west":{"uv":[14.793,0.084],"uv_size":[0.082,0.041]}}},{"origin":[0.5,17.5,0.5],"size":[1,1.25,0.25],"uv":{"down":{"uv":[14.5807,1.2493],"uv_size":[-0.164,-0.041]},"east":{"uv":[14.5423,2.2117],"uv_size":[0.041,0.205]},"north":{"uv":[14.7527,2.2117],"uv_size":[0.164,0.205]},"south":{"uv":[14.4193,2.2117],"uv_size":[0.164,0.205]},"up":{"uv":[14.5807,1.4577],"uv_size":[-0.164,-0.041]},"west":{"uv":[14.7507,2.2117],"uv_size":[0.041,0.205]}}},{"origin":[0.5,17.5,1.25],"size":[1,1.25,0.25],"uv":{"down":{"uv":[14.5807,1.1243],"uv_size":[-0.164,-0.041]},"east":{"uv":[14.4173,2.2117],"uv_size":[0.041,0.205]},"north":{"uv":[14.7527,2.2117],"uv_size":[0.164,0.205]},"south":{"uv":[14.4193,2.2117],"uv_size":[0.164,0.205]},"up":{"uv":[14.5807,1.5827],"uv_size":[-0.164,-0.041]},"west":{"uv":[14.8757,2.2117],"uv_size":[0.041,0.205]}}},{"origin":[0.5,17,0.75],"size":[0.75,0.5,0.5],"uv":{"down":{"uv":[14.5813,1.207],"uv_size":[-0.123,-0.082]},"east":{"uv":[14.4597,2.418],"uv_size":[0.082,0.082]},"north":{"uv":[14.752,2.418],"uv_size":[0.123,0.082]},"south":{"uv":[14.4603,2.418],"uv_size":[0.123,0.082]},"up":{"uv":[14.5813,1.5403],"uv_size":[-0.123,-0.082]},"west":{"uv":[14.793,2.418],"uv_size":[0.082,0.082]}}},{"origin":[-1.25,17.25,0.5],"size":[2.5,0.25,0.25],"uv":{"down":{"uv":[14.8683,1.2493],"uv_size":[-0.41,-0.041]},"east":{"uv":[14.5423,2.4173],"uv_size":[0.041,0.041]},"north":{"uv":[14.465,2.4173],"uv_size":[0.41,0.041]},"south":{"uv":[14.465,2.4173],"uv_size":[0.41,0.041]},"up":{"uv":[14.8683,1.4577],"uv_size":[-0.41,-0.041]},"west":{"uv":[14.7507,2.4173],"uv_size":[0.041,0.041]}}},{"origin":[-1.25,17.25,1.25],"size":[2.5,0.25,0.25],"uv":{"down":{"uv":[14.8683,1.1243],"uv_size":[-0.41,-0.041]},"east":{"uv":[14.4173,2.4173],"uv_size":[0.041,0.041]},"north":{"uv":[14.465,2.4173],"uv_size":[0.41,0.041]},"south":{"uv":[14.465,2.4173],"uv_size":[0.41,0.041]},"up":{"uv":[14.8683,1.5827],"uv_size":[-0.41,-0.041]},"west":{"uv":[14.8757,2.4173],"uv_size":[0.041,0.041]}}},{"origin":[1,17.5,0.75],"size":[0.25,1,0.5],"uv":{"down":{"uv":[14.4993,1.207],"uv_size":[-0.041,-0.082]},"east":{"uv":[14.4597,2.2527],"uv_size":[0.082,0.164]},"north":{"uv":[14.834,2.2527],"uv_size":[0.041,0.164]},"south":{"uv":[14.459,2.2527],"uv_size":[0.041,0.164]},"up":{"uv":[14.4993,1.5403],"uv_size":[-0.041,-0.082]},"west":{"uv":[14.793,2.2527],"uv_size":[0.082,0.164]}}},{"origin":[0.75,18.75,0.5],"size":[0.5,0.25,0.25],"uv":{"down":{"uv":[14.5403,1.2493],"uv_size":[-0.082,-0.041]},"east":{"uv":[14.5423,2.1673],"uv_size":[0.041,0.041]},"north":{"uv":[14.793,2.1673],"uv_size":[0.082,0.041]},"south":{"uv":[14.4597,2.1673],"uv_size":[0.082,0.041]},"up":{"uv":[14.5403,1.4577],"uv_size":[-0.082,-0.041]},"west":{"uv":[14.7507,2.1673],"uv_size":[0.041,0.041]}}},{"origin":[0.75,18.75,1.25],"size":[0.5,0.25,0.25],"uv":{"down":{"uv":[14.5403,1.1243],"uv_size":[-0.082,-0.041]},"east":{"uv":[14.4173,2.1673],"uv_size":[0.041,0.041]},"north":{"uv":[14.793,2.1673],"uv_size":[0.082,0.041]},"south":{"uv":[14.4597,2.1673],"uv_size":[0.082,0.041]},"up":{"uv":[14.5403,1.5827],"uv_size":[-0.082,-0.041]},"west":{"uv":[14.8757,2.1673],"uv_size":[0.041,0.041]}}},{"origin":[0.25,15.5,0.75],"size":[0.5,0.5,0.5],"uv":{"down":{"uv":[1.2903,6.5403],"uv_size":[-0.082,-0.082]},"east":{"uv":[1.1263,5.3347],"uv_size":[0.082,0.082]},"north":{"uv":[1.3763,5.3347],"uv_size":[0.082,0.082]},"south":{"uv":[1.2097,5.3347],"uv_size":[0.082,0.082]},"up":{"uv":[1.2903,6.8737],"uv_size":[-0.082,-0.082]},"west":{"uv":[1.4597,5.3347],"uv_size":[0.082,0.082]}}},{"origin":[0.25,15.75,0.5],"size":[0.5,1.25,0.25],"uv":{"down":{"uv":[1.2903,6.5827],"uv_size":[-0.082,-0.041]},"east":{"uv":[1.209,5.334],"uv_size":[0.041,0.041]},"north":{"uv":[1.3763,5.334],"uv_size":[0.082,0.041]},"south":{"uv":[1.2097,5.334],"uv_size":[0.082,0.041]},"up":{"uv":[1.2903,6.791],"uv_size":[-0.082,-0.041]},"west":{"uv":[1.4173,5.334],"uv_size":[0.041,0.041]}}},{"origin":[0.25,15.75,1.25],"size":[0.5,1.25,0.25],"uv":{"down":{"uv":[1.2903,6.4577],"uv_size":[-0.082,-0.041]},"east":{"uv":[1.084,5.334],"uv_size":[0.041,0.041]},"north":{"uv":[1.3763,5.334],"uv_size":[0.082,0.041]},"south":{"uv":[1.2097,5.334],"uv_size":[0.082,0.041]},"up":{"uv":[1.2903,6.916],"uv_size":[-0.082,-0.041]},"west":{"uv":[1.5423,5.334],"uv_size":[0.041,0.041]}}},{"origin":[0.5,16,0.75],"size":[0.25,1,0.5],"uv":{"down":{"uv":[1.2493,6.5403],"uv_size":[-0.041,-0.082]},"east":{"uv":[1.1263,7.836],"uv_size":[0.082,0.164]},"north":{"uv":[1.4173,7.836],"uv_size":[0.041,0.164]},"south":{"uv":[1.209,7.836],"uv_size":[0.041,0.164]},"up":{"uv":[1.2493,6.8737],"uv_size":[-0.041,-0.082]},"west":{"uv":[1.4597,7.836],"uv_size":[0.082,0.164]}}},{"origin":[0.25,17,0.5],"size":[0.5,0.25,0.25],"uv":{"down":{"uv":[14.6237,1.2493],"uv_size":[-0.082,-0.041]},"east":{"uv":[14.5423,2.459],"uv_size":[0.041,0.041]},"north":{"uv":[14.7097,2.459],"uv_size":[0.082,0.041]},"south":{"uv":[14.543,2.459],"uv_size":[0.082,0.041]},"up":{"uv":[14.6237,1.4577],"uv_size":[-0.082,-0.041]},"west":{"uv":[14.7507,2.459],"uv_size":[0.041,0.041]}}},{"origin":[0.25,17,1.25],"size":[0.5,0.25,0.25],"uv":{"down":{"uv":[14.6237,1.1243],"uv_size":[-0.082,-0.041]},"east":{"uv":[14.4173,2.459],"uv_size":[0.041,0.041]},"north":{"uv":[14.7097,2.459],"uv_size":[0.082,0.041]},"south":{"uv":[14.543,2.459],"uv_size":[0.082,0.041]},"up":{"uv":[14.6237,1.5827],"uv_size":[-0.082,-0.041]},"west":{"uv":[14.8757,2.459],"uv_size":[0.041,0.041]}}},{"origin":[-0.75,17.25,0.25],"size":[1.5,1.25,0.25],"uv":{"down":{"uv":[14.7877,1.291],"uv_size":[-0.246,-0.041]},"east":{"uv":[14.584,2.2533],"uv_size":[0.041,0.205]},"north":{"uv":[14.5457,2.2533],"uv_size":[0.246,0.205]},"south":{"uv":[14.5457,2.2533],"uv_size":[0.246,0.205]},"up":{"uv":[14.7877,1.416],"uv_size":[-0.246,-0.041]},"west":{"uv":[14.709,2.2533],"uv_size":[0.041,0.205]}}},{"origin":[-0.75,17.25,1.5],"size":[1.5,1.25,0.25],"uv":{"down":{"uv":[14.7877,1.0827],"uv_size":[-0.246,-0.041]},"east":{"uv":[14.3757,2.2533],"uv_size":[0.041,0.205]},"north":{"uv":[14.5457,2.2533],"uv_size":[0.246,0.205]},"south":{"uv":[14.5457,2.2533],"uv_size":[0.246,0.205]},"up":{"uv":[14.7877,1.6243],"uv_size":[-0.246,-0.041]},"west":{"uv":[14.9173,2.2533],"uv_size":[0.041,0.205]}}},{"origin":[-0.75,18.5,0.75],"size":[1.5,0.25,0.5],"uv":{"down":{"uv":[14.7877,1.207],"uv_size":[-0.246,-0.082]},"east":{"uv":[14.4597,2.209],"uv_size":[0.082,0.041]},"north":{"uv":[14.5457,2.209],"uv_size":[0.246,0.041]},"south":{"uv":[14.5457,2.209],"uv_size":[0.246,0.041]},"up":{"uv":[14.7877,1.5403],"uv_size":[-0.246,-0.082]},"west":{"uv":[14.793,2.209],"uv_size":[0.082,0.041]}}},{"origin":[0.25,6.75,0.5],"size":[0.25,9,0.25],"uv":{"down":{"uv":[1.291,6.5827],"uv_size":[-0.041,-0.041]},"east":{"uv":[1.209,5.391],"uv_size":[0.041,1.484]},"north":{"uv":[1.3757,5.391],"uv_size":[0.041,1.484]},"south":{"uv":[1.2507,5.391],"uv_size":[0.041,1.484]},"up":{"uv":[1.291,6.791],"uv_size":[-0.041,-0.041]},"west":{"uv":[1.4173,5.391],"uv_size":[0.041,1.484]}}},{"origin":[0.25,6.75,0.75],"size":[0.25,8.75,0.75],"uv":{"down":{"uv":[1.291,6.5397],"uv_size":[-0.041,-0.123]},"east":{"uv":[1.0853,5.4327],"uv_size":[0.123,1.4423]},"north":{"uv":[1.3757,5.4327],"uv_size":[0.041,1.4423]},"south":{"uv":[1.2507,5.4327],"uv_size":[0.041,1.4423]},"up":{"uv":[1.291,6.9147],"uv_size":[-0.041,-0.123]},"west":{"uv":[1.4603,5.4327],"uv_size":[0.123,1.4423]}}},{"origin":[-0.5,15.5,1.25],"size":[1,0.25,0.25],"uv":{"down":{"uv":[1.414,6.4577],"uv_size":[-0.164,-0.041]},"east":{"uv":[1.084,5.3757],"uv_size":[0.041,0.041]},"north":{"uv":[1.2527,5.3757],"uv_size":[0.164,0.041]},"south":{"uv":[1.2527,5.3757],"uv_size":[0.164,0.041]},"up":{"uv":[1.414,6.916],"uv_size":[-0.164,-0.041]},"west":{"uv":[1.5423,5.3757],"uv_size":[0.041,0.041]}}},{"origin":[-0.5,15.75,0.25],"size":[1,1.25,0.25],"uv":{"down":{"uv":[1.414,6.6243],"uv_size":[-0.164,-0.041]},"east":{"uv":[1.2507,5.334],"uv_size":[0.041,0.041]},"north":{"uv":[1.2527,5.334],"uv_size":[0.164,0.041]},"south":{"uv":[1.2527,5.334],"uv_size":[0.164,0.041]},"up":{"uv":[1.414,6.7493],"uv_size":[-0.164,-0.041]},"west":{"uv":[1.3757,5.334],"uv_size":[0.041,0.041]}}},{"origin":[-0.5,15.75,1.5],"size":[1,1.25,0.25],"uv":{"down":{"uv":[1.414,6.416],"uv_size":[-0.164,-0.041]},"east":{"uv":[1.0423,5.334],"uv_size":[0.041,0.041]},"north":{"uv":[1.2527,5.334],"uv_size":[0.164,0.041]},"south":{"uv":[1.2527,5.334],"uv_size":[0.164,0.041]},"up":{"uv":[1.414,6.9577],"uv_size":[-0.164,-0.041]},"west":{"uv":[1.584,5.334],"uv_size":[0.041,0.041]}}},{"origin":[-0.5,17,0.25],"size":[1,0.25,0.25],"uv":{"down":{"uv":[14.7473,1.291],"uv_size":[-0.164,-0.041]},"east":{"uv":[14.584,2.459],"uv_size":[0.041,0.041]},"north":{"uv":[14.586,2.459],"uv_size":[0.164,0.041]},"south":{"uv":[14.586,2.459],"uv_size":[0.164,0.041]},"up":{"uv":[14.7473,1.416],"uv_size":[-0.164,-0.041]},"west":{"uv":[14.709,2.459],"uv_size":[0.041,0.041]}}},{"origin":[-0.5,17,1.5],"size":[1,0.25,0.25],"uv":{"down":{"uv":[14.7473,1.0827],"uv_size":[-0.164,-0.041]},"east":{"uv":[14.3757,2.459],"uv_size":[0.041,0.041]},"north":{"uv":[14.586,2.459],"uv_size":[0.164,0.041]},"south":{"uv":[14.586,2.459],"uv_size":[0.164,0.041]},"up":{"uv":[14.7473,1.6243],"uv_size":[-0.164,-0.041]},"west":{"uv":[14.9173,2.459],"uv_size":[0.041,0.041]}}},{"origin":[-3.25,17.25,0.75],"size":[3.75,0.25,0.5],"uv":{"down":{"uv":[15.1983,1.207],"uv_size":[-0.615,-0.082]},"east":{"uv":[14.4597,2.4173],"uv_size":[0.082,0.041]},"north":{"uv":[14.135,2.4173],"uv_size":[0.615,0.041]},"south":{"uv":[14.5933,2.4173],"uv_size":[0.615,0.041]},"up":{"uv":[15.1983,1.5403],"uv_size":[-0.615,-0.082]},"west":{"uv":[14.793,2.4173],"uv_size":[0.082,0.041]}}},{"origin":[-0.5,18.5,0.25],"size":[1,0.25,0.5],"uv":{"down":{"uv":[14.7473,1.2903],"uv_size":[-0.164,-0.082]},"east":{"uv":[14.543,2.209],"uv_size":[0.082,0.041]},"north":{"uv":[14.586,2.209],"uv_size":[0.164,0.041]},"south":{"uv":[14.586,2.209],"uv_size":[0.164,0.041]},"up":{"uv":[14.7473,1.457],"uv_size":[-0.164,-0.082]},"west":{"uv":[14.7097,2.209],"uv_size":[0.082,0.041]}}},{"origin":[-1.5,18.5,1.25],"size":[2,0.25,0.25],"uv":{"down":{"uv":[14.9113,1.1243],"uv_size":[-0.328,-0.041]},"east":{"uv":[14.4173,2.209],"uv_size":[0.041,0.041]},"north":{"uv":[14.422,2.209],"uv_size":[0.328,0.041]},"south":{"uv":[14.5887,2.209],"uv_size":[0.328,0.041]},"up":{"uv":[14.9113,1.5827],"uv_size":[-0.328,-0.041]},"west":{"uv":[14.8757,2.209],"uv_size":[0.041,0.041]}}},{"origin":[-0.5,18.5,1.5],"size":[1,0.25,0.25],"uv":{"down":{"uv":[14.7473,1.0827],"uv_size":[-0.164,-0.041]},"east":{"uv":[14.3757,2.209],"uv_size":[0.041,0.041]},"north":{"uv":[14.586,2.209],"uv_size":[0.164,0.041]},"south":{"uv":[14.586,2.209],"uv_size":[0.164,0.041]},"up":{"uv":[14.7473,1.6243],"uv_size":[-0.164,-0.041]},"west":{"uv":[14.9173,2.209],"uv_size":[0.041,0.041]}}},{"origin":[-0.25,6.5,0.5],"size":[0.5,0.25,1],"uv":{"down":{"uv":[1.3737,6.5807],"uv_size":[-0.082,-0.164]},"east":{"uv":[1.086,6.8757],"uv_size":[0.164,0.041]},"north":{"uv":[1.293,6.8757],"uv_size":[0.082,0.041]},"south":{"uv":[1.293,6.8757],"uv_size":[0.082,0.041]},"up":{"uv":[1.3737,6.914],"uv_size":[-0.082,-0.164]},"west":{"uv":[1.4193,6.8757],"uv_size":[0.164,0.041]}}},{"origin":[-0.25,6.75,0.25],"size":[0.5,9,0.25],"uv":{"down":{"uv":[1.3737,6.6243],"uv_size":[-0.082,-0.041]},"east":{"uv":[1.2507,5.391],"uv_size":[0.041,1.484]},"north":{"uv":[1.293,5.391],"uv_size":[0.082,1.484]},"south":{"uv":[1.293,5.391],"uv_size":[0.082,1.484]},"up":{"uv":[1.3737,6.7493],"uv_size":[-0.082,-0.041]},"west":{"uv":[1.3757,5.391],"uv_size":[0.041,1.484]}}},{"origin":[-0.25,6.75,1.5],"size":[0.5,9,0.25],"uv":{"down":{"uv":[1.3737,6.416],"uv_size":[-0.082,-0.041]},"east":{"uv":[1.0423,5.391],"uv_size":[0.041,1.484]},"north":{"uv":[1.293,5.391],"uv_size":[0.082,1.484]},"south":{"uv":[1.293,5.391],"uv_size":[0.082,1.484]},"up":{"uv":[1.3737,6.9577],"uv_size":[-0.082,-0.041]},"west":{"uv":[1.584,5.391],"uv_size":[0.041,1.484]}}},{"origin":[-0.5,8.25,0.5],"size":[0.75,7.5,0.25],"uv":{"down":{"uv":[1.4147,6.5827],"uv_size":[-0.123,-0.041]},"east":{"uv":[1.209,5.391],"uv_size":[0.041,1.234]},"north":{"uv":[1.252,5.391],"uv_size":[0.123,1.234]},"south":{"uv":[1.2937,5.391],"uv_size":[0.123,1.234]},"up":{"uv":[1.4147,6.791],"uv_size":[-0.123,-0.041]},"west":{"uv":[1.4173,5.391],"uv_size":[0.041,1.234]}}},{"origin":[-0.5,8.25,1.25],"size":[0.75,7.25,0.25],"uv":{"down":{"uv":[1.4147,6.4577],"uv_size":[-0.123,-0.041]},"east":{"uv":[1.084,5.4327],"uv_size":[0.041,1.1923]},"north":{"uv":[1.252,5.4327],"uv_size":[0.123,1.1923]},"south":{"uv":[1.2937,5.4327],"uv_size":[0.123,1.1923]},"up":{"uv":[1.4147,6.916],"uv_size":[-0.123,-0.041]},"west":{"uv":[1.5423,5.4327],"uv_size":[0.041,1.1923]}}},{"origin":[-0.5,6.75,0.5],"size":[0.25,1.5,1],"uv":{"down":{"uv":[1.416,6.5807],"uv_size":[-0.041,-0.164]},"east":{"uv":[1.086,6.629],"uv_size":[0.164,0.246]},"north":{"uv":[1.2507,6.629],"uv_size":[0.041,0.246]},"south":{"uv":[1.3757,6.629],"uv_size":[0.041,0.246]},"up":{"uv":[1.416,6.914],"uv_size":[-0.041,-0.164]},"west":{"uv":[1.4193,6.629],"uv_size":[0.164,0.246]}}},{"origin":[-0.5,8.25,0.75],"size":[0.25,7.75,0.5],"uv":{"down":{"uv":[1.416,6.5403],"uv_size":[-0.041,-0.082]},"east":{"uv":[1.1263,5.3493],"uv_size":[0.082,1.2757]},"north":{"uv":[1.2507,5.3493],"uv_size":[0.041,1.2757]},"south":{"uv":[1.3757,5.3493],"uv_size":[0.041,1.2757]},"up":{"uv":[1.416,6.8737],"uv_size":[-0.041,-0.082]},"west":{"uv":[1.4597,5.3493],"uv_size":[0.082,1.2757]}}},{"origin":[-0.75,15.75,0.5],"size":[0.5,1.25,0.25],"uv":{"down":{"uv":[1.457,6.5827],"uv_size":[-0.082,-0.041]},"east":{"uv":[1.209,5.334],"uv_size":[0.041,0.041]},"north":{"uv":[1.2097,5.334],"uv_size":[0.082,0.041]},"south":{"uv":[1.3763,5.334],"uv_size":[0.082,0.041]},"up":{"uv":[1.457,6.791],"uv_size":[-0.082,-0.041]},"west":{"uv":[1.4173,5.334],"uv_size":[0.041,0.041]}}},{"origin":[-0.75,15.75,1.25],"size":[0.5,1.25,0.25],"uv":{"down":{"uv":[1.457,6.4577],"uv_size":[-0.082,-0.041]},"east":{"uv":[1.084,5.334],"uv_size":[0.041,0.041]},"north":{"uv":[1.2097,5.334],"uv_size":[0.082,0.041]},"south":{"uv":[1.3763,5.334],"uv_size":[0.082,0.041]},"up":{"uv":[1.457,6.916],"uv_size":[-0.082,-0.041]},"west":{"uv":[1.5423,5.334],"uv_size":[0.041,0.041]}}},{"origin":[-0.75,17,0.5],"size":[0.5,0.25,0.25],"uv":{"down":{"uv":[14.7903,1.2493],"uv_size":[-0.082,-0.041]},"east":{"uv":[14.5423,2.459],"uv_size":[0.041,0.041]},"north":{"uv":[14.543,2.459],"uv_size":[0.082,0.041]},"south":{"uv":[14.7097,2.459],"uv_size":[0.082,0.041]},"up":{"uv":[14.7903,1.4577],"uv_size":[-0.082,-0.041]},"west":{"uv":[14.7507,2.459],"uv_size":[0.041,0.041]}}},{"origin":[-0.75,17,1.25],"size":[0.5,0.25,0.25],"uv":{"down":{"uv":[14.7903,1.1243],"uv_size":[-0.082,-0.041]},"east":{"uv":[14.4173,2.459],"uv_size":[0.041,0.041]},"north":{"uv":[14.543,2.459],"uv_size":[0.082,0.041]},"south":{"uv":[14.7097,2.459],"uv_size":[0.082,0.041]},"up":{"uv":[14.7903,1.5827],"uv_size":[-0.082,-0.041]},"west":{"uv":[14.8757,2.459],"uv_size":[0.041,0.041]}}},{"origin":[-0.75,15.5,0.75],"size":[0.25,1.5,0.5],"uv":{"down":{"uv":[1.4577,6.5403],"uv_size":[-0.041,-0.082]},"east":{"uv":[1.1263,5.3347],"uv_size":[0.082,0.082]},"north":{"uv":[1.209,5.3347],"uv_size":[0.041,0.082]},"south":{"uv":[1.4173,5.3347],"uv_size":[0.041,0.082]},"up":{"uv":[1.4577,6.8737],"uv_size":[-0.041,-0.082]},"west":{"uv":[1.4597,5.3347],"uv_size":[0.082,0.082]}}},{"origin":[-3.25,17,0.75],"size":[2.75,0.25,0.5],"uv":{"down":{"uv":[15.201,1.207],"uv_size":[-0.451,-0.082]},"east":{"uv":[14.4597,2.459],"uv_size":[0.082,0.041]},"north":{"uv":[14.1323,2.459],"uv_size":[0.451,0.041]},"south":{"uv":[14.7573,2.459],"uv_size":[0.451,0.041]},"up":{"uv":[15.201,1.5403],"uv_size":[-0.451,-0.082]},"west":{"uv":[14.793,2.459],"uv_size":[0.082,0.041]}}},{"origin":[-1.5,17.5,0.5],"size":[1,1.25,0.25],"uv":{"down":{"uv":[14.914,1.2493],"uv_size":[-0.164,-0.041]},"east":{"uv":[14.5423,2.2117],"uv_size":[0.041,0.205]},"north":{"uv":[14.4193,2.2117],"uv_size":[0.164,0.205]},"south":{"uv":[14.7527,2.2117],"uv_size":[0.164,0.205]},"up":{"uv":[14.914,1.4577],"uv_size":[-0.164,-0.041]},"west":{"uv":[14.7507,2.2117],"uv_size":[0.041,0.205]}}},{"origin":[-1.5,17.5,1.25],"size":[1,1,0.25],"uv":{"down":{"uv":[14.914,1.1243],"uv_size":[-0.164,-0.041]},"east":{"uv":[14.4173,2.2527],"uv_size":[0.041,0.164]},"north":{"uv":[14.4193,2.2527],"uv_size":[0.164,0.164]},"south":{"uv":[14.7527,2.2527],"uv_size":[0.164,0.164]},"up":{"uv":[14.914,1.5827],"uv_size":[-0.164,-0.041]},"west":{"uv":[14.8757,2.2527],"uv_size":[0.041,0.164]}}},{"origin":[-1.25,18.75,0.5],"size":[0.5,0.25,1],"uv":{"down":{"uv":[14.8737,1.2473],"uv_size":[-0.082,-0.164]},"east":{"uv":[14.4193,2.1673],"uv_size":[0.164,0.041]},"north":{"uv":[14.4597,2.1673],"uv_size":[0.082,0.041]},"south":{"uv":[14.793,2.1673],"uv_size":[0.082,0.041]},"up":{"uv":[14.8737,1.5807],"uv_size":[-0.082,-0.164]},"west":{"uv":[14.7527,2.1673],"uv_size":[0.164,0.041]}}},{"origin":[-3.25,17.5,0.75],"size":[2.25,1,0.5],"uv":{"down":{"uv":[15.2023,1.207],"uv_size":[-0.369,-0.082]},"east":{"uv":[14.4597,2.2527],"uv_size":[0.082,0.164]},"north":{"uv":[14.131,2.2527],"uv_size":[0.369,0.164]},"south":{"uv":[14.8393,2.2527],"uv_size":[0.369,0.164]},"up":{"uv":[15.2023,1.5403],"uv_size":[-0.369,-0.082]},"west":{"uv":[14.793,2.2527],"uv_size":[0.082,0.164]}}},{"origin":[-3,18.5,0.75],"size":[2,0.25,0.5],"uv":{"down":{"uv":[15.1613,1.207],"uv_size":[-0.328,-0.082]},"east":{"uv":[14.4597,2.209],"uv_size":[0.082,0.041]},"north":{"uv":[14.172,2.209],"uv_size":[0.328,0.041]},"south":{"uv":[14.8387,2.209],"uv_size":[0.328,0.041]},"up":{"uv":[15.1613,1.5403],"uv_size":[-0.328,-0.082]},"west":{"uv":[14.793,2.209],"uv_size":[0.082,0.041]}}},{"origin":[-3.25,16.5,0.75],"size":[2,0.5,0.5],"uv":{"down":{"uv":[15.203,1.207],"uv_size":[-0.328,-0.082]},"east":{"uv":[14.4597,2.5013],"uv_size":[0.082,0.082]},"north":{"uv":[14.1303,2.5013],"uv_size":[0.328,0.082]},"south":{"uv":[14.8803,2.5013],"uv_size":[0.328,0.082]},"up":{"uv":[15.203,1.5403],"uv_size":[-0.328,-0.082]},"west":{"uv":[14.793,2.5013],"uv_size":[0.082,0.082]}}},{"origin":[-2.75,18.75,0.75],"size":[1.5,0.25,0.5],"uv":{"down":{"uv":[15.121,1.207],"uv_size":[-0.246,-0.082]},"east":{"uv":[14.4597,2.1673],"uv_size":[0.082,0.041]},"north":{"uv":[14.2123,2.1673],"uv_size":[0.246,0.041]},"south":{"uv":[14.879,2.1673],"uv_size":[0.246,0.041]},"up":{"uv":[15.121,1.5403],"uv_size":[-0.246,-0.082]},"west":{"uv":[14.793,2.1673],"uv_size":[0.082,0.041]}}},{"origin":[-3,16.25,0.75],"size":[1.5,0.25,0.5],"uv":{"down":{"uv":[15.1627,1.207],"uv_size":[-0.246,-0.082]},"east":{"uv":[14.4597,2.584],"uv_size":[0.082,0.041]},"north":{"uv":[14.1707,2.584],"uv_size":[0.246,0.041]},"south":{"uv":[14.9207,2.584],"uv_size":[0.246,0.041]},"up":{"uv":[15.1627,1.5403],"uv_size":[-0.246,-0.082]},"west":{"uv":[14.793,2.584],"uv_size":[0.082,0.041]}}},{"origin":[-2.5,19,0.75],"size":[1,0.25,0.5],"uv":{"down":{"uv":[15.0807,1.207],"uv_size":[-0.164,-0.082]},"east":{"uv":[14.4597,2.1257],"uv_size":[0.082,0.041]},"north":{"uv":[14.2527,2.1257],"uv_size":[0.164,0.041]},"south":{"uv":[14.9193,2.1257],"uv_size":[0.164,0.041]},"up":{"uv":[15.0807,1.5403],"uv_size":[-0.164,-0.082]},"west":{"uv":[14.793,2.1257],"uv_size":[0.082,0.041]}}},{"origin":[-2,15.25,0.75],"size":[0.25,1,0.5],"uv":{"down":{"uv":[14.9993,1.207],"uv_size":[-0.041,-0.082]},"east":{"uv":[14.4597,0.002],"uv_size":[0.082,0.123]},"north":{"uv":[14.334,0.002],"uv_size":[0.041,0.123]},"south":{"uv":[14.959,0.002],"uv_size":[0.041,0.123]},"up":{"uv":[14.9993,1.5403],"uv_size":[-0.041,-0.082]},"west":{"uv":[14.793,0.002],"uv_size":[0.082,0.123]}}},{"origin":[-2.25,15.5,0.75],"size":[0.25,0.75,0.5],"uv":{"down":{"uv":[15.041,1.207],"uv_size":[-0.041,-0.082]},"east":{"uv":[14.4597,0.0013],"uv_size":[0.082,0.082]},"north":{"uv":[14.2923,0.0013],"uv_size":[0.041,0.082]},"south":{"uv":[15.0007,0.0013],"uv_size":[0.041,0.082]},"up":{"uv":[15.041,1.5403],"uv_size":[-0.041,-0.082]},"west":{"uv":[14.793,0.0013],"uv_size":[0.082,0.082]}}},{"origin":[-2.5,15.75,0.75],"size":[0.25,0.5,0.5],"uv":{"down":{"uv":[15.0827,1.207],"uv_size":[-0.041,-0.082]},"east":{"uv":[14.4597,0.0007],"uv_size":[0.082,0.041]},"north":{"uv":[14.2507,0.0007],"uv_size":[0.041,0.041]},"south":{"uv":[15.0423,0.0007],"uv_size":[0.041,0.041]},"up":{"uv":[15.0827,1.5403],"uv_size":[-0.041,-0.082]},"west":{"uv":[14.793,0.0007],"uv_size":[0.082,0.041]}}},{"origin":[-2.75,16,0.75],"size":[0.25,0.25,0.5],"uv":{"down":{"uv":[15.1243,1.207],"uv_size":[-0.041,-0.082]},"east":{"uv":[14.4597,2.6257],"uv_size":[0.082,0.041]},"north":{"uv":[14.209,2.6257],"uv_size":[0.041,0.041]},"south":{"uv":[15.084,2.6257],"uv_size":[0.041,0.041]},"up":{"uv":[15.1243,1.5403],"uv_size":[-0.041,-0.082]},"west":{"uv":[14.793,2.6257],"uv_size":[0.082,0.041]}}}],"name":"tmd_melees_z","parent":"tmd_melees_y","pivot":[0,8,0]}],"description":{"identifier":"geometry.tmd_melees.geo_75e777f","texture_height":16,"texture_width":16,"visible_bounds_height":4.5,"visible_bounds_offset":[0,0.75,0],"visible_bounds_width":4}}]}