{"format_version":"1.16.0","minecraft:geometry":[{"bones":[{"binding":"c.item_slot == 'head' ? 'head' : q.item_slot_to_bone_name(c.item_slot)","name":"tmd_melees","pivot":[0,8,0]},{"name":"tmd_melees_x","parent":"tmd_melees","pivot":[0,8,0]},{"name":"tmd_melees_y","parent":"tmd_melees_x","pivot":[0,8,0]},{"cubes":[{"origin":[-0.5,-4,-0.25],"size":[1.25,9,0.5],"uv":{"down":{"uv":[14.7467,6.707],"uv_size":[-0.205,-0.082]},"east":{"uv":[14.6263,7.18],"uv_size":[0.082,0.82]},"north":{"uv":[14.5867,7.18],"uv_size":[0.205,0.82]},"south":{"uv":[14.545,7.18],"uv_size":[0.205,0.82]},"west":{"uv":[14.6263,7.18],"uv_size":[0.082,0.82]}}},{"origin":[-0.5,4,-0.5],"size":[1.25,0.25,0.25],"uv":{"down":{"uv":[14.7467,6.7493],"uv_size":[-0.205,-0.041]},"east":{"uv":[14.709,7.2923],"uv_size":[0.041,0.041]},"north":{"uv":[14.5867,7.2923],"uv_size":[0.205,0.041]},"up":{"uv":[14.7467,6.6243],"uv_size":[-0.205,-0.041]},"west":{"uv":[14.584,7.2923],"uv_size":[0.041,0.041]}}},{"origin":[-0.5,4,0.25],"size":[1.25,0.25,0.25],"uv":{"down":{"uv":[14.7467,6.6243],"uv_size":[-0.205,-0.041]},"east":{"uv":[14.584,7.2923],"uv_size":[0.041,0.041]},"south":{"uv":[14.545,7.2923],"uv_size":[0.205,0.041]},"up":{"uv":[14.7467,6.7493],"uv_size":[-0.205,-0.041]},"west":{"uv":[14.709,7.2923],"uv_size":[0.041,0.041]}}},{"origin":[-0.75,4.5,-0.5],"size":[1.5,0.25,0.25],"uv":{"down":{"uv":[14.7877,6.7493],"uv_size":[-0.246,-0.041]},"east":{"uv":[14.709,7.209],"uv_size":[0.041,0.041]},"north":{"uv":[14.5457,7.209],"uv_size":[0.246,0.041]},"south":{"uv":[14.5457,7.209],"uv_size":[0.246,0.041]},"up":{"uv":[14.7877,6.6243],"uv_size":[-0.246,-0.041]},"west":{"uv":[14.584,7.209],"uv_size":[0.041,0.041]}}},{"origin":[-0.75,4.5,0.25],"size":[1.5,0.25,0.25],"uv":{"down":{"uv":[14.7877,6.6243],"uv_size":[-0.246,-0.041]},"east":{"uv":[14.584,7.209],"uv_size":[0.041,0.041]},"north":{"uv":[14.5457,7.209],"uv_size":[0.246,0.041]},"south":{"uv":[14.5457,7.209],"uv_size":[0.246,0.041]},"up":{"uv":[14.7877,6.7493],"uv_size":[-0.246,-0.041]},"west":{"uv":[14.709,7.209],"uv_size":[0.041,0.041]}}},{"origin":[-0.5,5,-0.5],"size":[1.25,0.5,1],"uv":{"down":{"uv":[9.4133,6.7473],"uv_size":[-0.205,-0.164]},"east":{"uv":[9.2527,7.0847],"uv_size":[0.164,0.082]},"north":{"uv":[9.2533,7.0847],"uv_size":[0.205,0.082]},"south":{"uv":[9.2117,7.0847],"uv_size":[0.205,0.082]},"up":{"uv":[9.4133,6.7473],"uv_size":[-0.205,-0.164]},"west":{"uv":[9.2527,7.0847],"uv_size":[0.164,0.082]}}},{"origin":[-0.75,5.5,-0.25],"size":[1.5,6,0.25],"uv":{"down":{"uv":[9.4543,6.7077],"uv_size":[-0.246,-0.041]},"east":{"uv":[9.334,6.0993],"uv_size":[0.041,0.984]},"north":{"uv":[9.2123,6.0993],"uv_size":[0.246,0.984]},"south":{"uv":[9.2123,6.0993],"uv_size":[0.246,0.984]},"west":{"uv":[9.2923,6.0993],"uv_size":[0.041,0.984]}}},{"origin":[0.5,5.5,0],"size":[0.25,6,0.25],"uv":{"south":{"uv":[9.209,6.0993],"uv_size":[0.041,0.984]},"west":{"uv":[9.334,6.0993],"uv_size":[0.041,0.984]}}},{"origin":[-0.5,9.25,-0.5],"size":[1.25,0.5,0.25],"uv":{"down":{"uv":[9.4133,6.7493],"uv_size":[-0.205,-0.041]},"east":{"uv":[9.3757,6.3763],"uv_size":[0.041,0.082]},"north":{"uv":[9.2533,6.3763],"uv_size":[0.205,0.082]},"up":{"uv":[9.4133,6.6243],"uv_size":[-0.205,-0.041]},"west":{"uv":[9.2507,6.3763],"uv_size":[0.041,0.082]}}},{"origin":[-0.5,9.25,0.25],"size":[1.25,0.5,0.25],"uv":{"down":{"uv":[9.4133,6.6243],"uv_size":[-0.205,-0.041]},"east":{"uv":[9.2507,6.3763],"uv_size":[0.041,0.082]},"north":{"uv":[9.2533,6.3763],"uv_size":[0.205,0.082]},"south":{"uv":[9.2117,6.3763],"uv_size":[0.205,0.082]},"up":{"uv":[9.4133,6.7493],"uv_size":[-0.205,-0.041]},"west":{"uv":[9.3757,6.3763],"uv_size":[0.041,0.082]}}},{"origin":[-0.5,11.25,-0.5],"size":[1.25,0.25,0.25],"uv":{"down":{"uv":[9.4133,6.7493],"uv_size":[-0.205,-0.041]},"east":{"uv":[9.3757,6.084],"uv_size":[0.041,0.041]},"north":{"uv":[9.2533,6.084],"uv_size":[0.205,0.041]},"up":{"uv":[9.4133,6.6243],"uv_size":[-0.205,-0.041]},"west":{"uv":[9.2507,6.084],"uv_size":[0.041,0.041]}}},{"origin":[-0.5,11.25,0.25],"size":[1.25,0.25,0.25],"uv":{"down":{"uv":[9.4133,6.6243],"uv_size":[-0.205,-0.041]},"east":{"uv":[9.2507,6.084],"uv_size":[0.041,0.041]},"north":{"uv":[9.2533,6.084],"uv_size":[0.205,0.041]},"south":{"uv":[9.2117,6.084],"uv_size":[0.205,0.041]},"up":{"uv":[9.4133,6.7493],"uv_size":[-0.205,-0.041]},"west":{"uv":[9.3757,6.084],"uv_size":[0.041,0.041]}}},{"origin":[-0.75,11.5,-0.25],"size":[1.5,3.5,0.5],"uv":{"down":{"uv":[14.7877,6.707],"uv_size":[-0.246,-0.082]},"east":{"uv":[14.6263,5.5093],"uv_size":[0.082,0.574]},"north":{"uv":[14.5457,5.5093],"uv_size":[0.246,0.574]},"south":{"uv":[14.5457,5.5093],"uv_size":[0.246,0.574]},"up":{"uv":[14.7877,6.707],"uv_size":[-0.246,-0.082]},"west":{"uv":[14.6263,5.5093],"uv_size":[0.082,0.574]}}},{"origin":[-0.5,15,-0.25],"size":[1.25,5,0.5],"uv":{"east":{"uv":[14.6263,5.336],"uv_size":[0.082,0.164]},"north":{"uv":[14.5867,5.336],"uv_size":[0.205,0.164]},"south":{"uv":[14.545,5.336],"uv_size":[0.205,0.164]},"up":{"uv":[14.7467,6.707],"uv_size":[-0.205,-0.082]},"west":{"uv":[14.6263,5.336],"uv_size":[0.082,0.164]}}},{"origin":[-0.25,-4,-0.5],"size":[0.75,8,0.25],"uv":{"down":{"uv":[14.7063,6.7493],"uv_size":[-0.123,-0.041]},"east":{"uv":[14.709,7.344],"uv_size":[0.041,0.656]},"north":{"uv":[14.627,7.344],"uv_size":[0.123,0.656]},"west":{"uv":[14.584,7.344],"uv_size":[0.041,0.656]}}},{"origin":[-0.25,-4,0.25],"size":[0.75,8,0.25],"uv":{"down":{"uv":[14.7063,6.6243],"uv_size":[-0.123,-0.041]},"east":{"uv":[14.584,7.344],"uv_size":[0.041,0.656]},"south":{"uv":[14.5853,7.344],"uv_size":[0.123,0.656]},"west":{"uv":[14.709,7.344],"uv_size":[0.041,0.656]}}},{"origin":[-0.25,4,-0.75],"size":[0.75,0.25,0.25],"uv":{"down":{"uv":[14.7063,6.791],"uv_size":[-0.123,-0.041]},"east":{"uv":[14.7507,7.2923],"uv_size":[0.041,0.041]},"north":{"uv":[14.627,7.2923],"uv_size":[0.123,0.041]},"up":{"uv":[14.7063,6.5827],"uv_size":[-0.123,-0.041]},"west":{"uv":[14.5423,7.2923],"uv_size":[0.041,0.041]}}},{"origin":[-0.25,4,0.5],"size":[0.75,0.25,0.25],"uv":{"down":{"uv":[14.7063,6.5827],"uv_size":[-0.123,-0.041]},"east":{"uv":[14.5423,7.2923],"uv_size":[0.041,0.041]},"south":{"uv":[14.5853,7.2923],"uv_size":[0.123,0.041]},"up":{"uv":[14.7063,6.791],"uv_size":[-0.123,-0.041]},"west":{"uv":[14.7507,7.2923],"uv_size":[0.041,0.041]}}},{"origin":[-0.75,4.25,-0.5],"size":[1.25,0.25,0.25],"uv":{"down":{"uv":[14.7883,6.7493],"uv_size":[-0.205,-0.041]},"east":{"uv":[14.709,7.2507],"uv_size":[0.041,0.041]},"north":{"uv":[14.545,7.2507],"uv_size":[0.205,0.041]},"south":{"uv":[14.5867,7.2507],"uv_size":[0.205,0.041]},"west":{"uv":[14.584,7.2507],"uv_size":[0.041,0.041]}}},{"origin":[-0.75,4.25,0.25],"size":[1.25,0.25,0.25],"uv":{"down":{"uv":[14.7883,6.6243],"uv_size":[-0.205,-0.041]},"east":{"uv":[14.584,7.2507],"uv_size":[0.041,0.041]},"north":{"uv":[14.545,7.2507],"uv_size":[0.205,0.041]},"south":{"uv":[14.5867,7.2507],"uv_size":[0.205,0.041]},"west":{"uv":[14.709,7.2507],"uv_size":[0.041,0.041]}}},{"origin":[-0.5,4.5,0.5],"size":[1,0.25,0.25],"uv":{"down":{"uv":[14.7473,6.5827],"uv_size":[-0.164,-0.041]},"east":{"uv":[14.5423,7.209],"uv_size":[0.041,0.041]},"south":{"uv":[14.586,7.209],"uv_size":[0.164,0.041]},"up":{"uv":[14.7473,6.791],"uv_size":[-0.164,-0.041]},"west":{"uv":[14.7507,7.209],"uv_size":[0.041,0.041]}}},{"origin":[-0.75,4.75,-0.5],"size":[1.25,0.25,0.25],"uv":{"east":{"uv":[14.709,7.1673],"uv_size":[0.041,0.041]},"north":{"uv":[14.545,7.1673],"uv_size":[0.205,0.041]},"south":{"uv":[14.5867,7.1673],"uv_size":[0.205,0.041]},"up":{"uv":[14.7883,6.6243],"uv_size":[-0.205,-0.041]},"west":{"uv":[14.584,7.1673],"uv_size":[0.041,0.041]}}},{"origin":[-0.75,4.75,0.25],"size":[1.25,0.25,0.25],"uv":{"east":{"uv":[14.584,7.1673],"uv_size":[0.041,0.041]},"north":{"uv":[14.545,7.1673],"uv_size":[0.205,0.041]},"south":{"uv":[14.5867,7.1673],"uv_size":[0.205,0.041]},"up":{"uv":[14.7883,6.7493],"uv_size":[-0.205,-0.041]},"west":{"uv":[14.709,7.1673],"uv_size":[0.041,0.041]}}},{"origin":[-0.25,5,-0.75],"size":[0.75,0.5,0.25],"uv":{"down":{"uv":[9.373,6.791],"uv_size":[-0.123,-0.041]},"east":{"uv":[9.4173,7.0847],"uv_size":[0.041,0.082]},"north":{"uv":[9.2937,7.0847],"uv_size":[0.123,0.082]},"up":{"uv":[9.373,6.5827],"uv_size":[-0.123,-0.041]},"west":{"uv":[9.209,7.0847],"uv_size":[0.041,0.082]}}},{"origin":[-0.25,5,0.5],"size":[0.75,0.5,0.25],"uv":{"down":{"uv":[9.373,6.5827],"uv_size":[-0.123,-0.041]},"east":{"uv":[9.209,7.0847],"uv_size":[0.041,0.082]},"south":{"uv":[9.252,7.0847],"uv_size":[0.123,0.082]},"up":{"uv":[9.373,6.791],"uv_size":[-0.123,-0.041]},"west":{"uv":[9.4173,7.0847],"uv_size":[0.041,0.082]}}},{"origin":[-0.5,5.5,-0.5],"size":[1,3.75,0.25],"uv":{"east":{"uv":[9.3757,6.4683],"uv_size":[0.041,0.615]},"north":{"uv":[9.2527,6.4683],"uv_size":[0.164,0.615]},"west":{"uv":[9.2507,6.4683],"uv_size":[0.041,0.615]}}},{"origin":[-0.25,5.5,0],"size":[0.75,6,0.25],"uv":{"south":{"uv":[14.5853,6.0993],"uv_size":[0.123,0.984]}}},{"origin":[-0.5,5.5,0.25],"size":[1,3.75,0.25],"uv":{"east":{"uv":[9.2507,6.4683],"uv_size":[0.041,0.615]},"north":{"uv":[9.2527,6.4683],"uv_size":[0.164,0.615]},"south":{"uv":[9.2527,6.4683],"uv_size":[0.164,0.615]},"west":{"uv":[9.3757,6.4683],"uv_size":[0.041,0.615]}}},{"origin":[-0.25,9.25,-0.75],"size":[0.75,0.5,0.25],"uv":{"down":{"uv":[9.373,6.791],"uv_size":[-0.123,-0.041]},"east":{"uv":[9.4173,6.3763],"uv_size":[0.041,0.082]},"north":{"uv":[9.2937,6.3763],"uv_size":[0.123,0.082]},"up":{"uv":[9.373,6.5827],"uv_size":[-0.123,-0.041]},"west":{"uv":[9.209,6.3763],"uv_size":[0.041,0.082]}}},{"origin":[-0.25,9.25,0.5],"size":[0.75,0.5,0.25],"uv":{"down":{"uv":[9.373,6.5827],"uv_size":[-0.123,-0.041]},"east":{"uv":[9.209,6.3763],"uv_size":[0.041,0.082]},"south":{"uv":[9.252,6.3763],"uv_size":[0.123,0.082]},"up":{"uv":[9.373,6.791],"uv_size":[-0.123,-0.041]},"west":{"uv":[9.4173,6.3763],"uv_size":[0.041,0.082]}}},{"origin":[-0.5,9.75,-0.5],"size":[1,1.5,0.25],"uv":{"east":{"uv":[9.3757,6.129],"uv_size":[0.041,0.246]},"north":{"uv":[9.2527,6.129],"uv_size":[0.164,0.246]},"west":{"uv":[9.2507,6.129],"uv_size":[0.041,0.246]}}},{"origin":[-0.5,9.75,0.25],"size":[1,1.5,0.25],"uv":{"east":{"uv":[9.2507,6.129],"uv_size":[0.041,0.246]},"north":{"uv":[9.2527,6.129],"uv_size":[0.164,0.246]},"south":{"uv":[9.2527,6.129],"uv_size":[0.164,0.246]},"west":{"uv":[9.3757,6.129],"uv_size":[0.041,0.246]}}},{"origin":[-0.25,11.25,-0.75],"size":[0.75,0.25,0.25],"uv":{"down":{"uv":[9.373,6.791],"uv_size":[-0.123,-0.041]},"east":{"uv":[9.4173,6.084],"uv_size":[0.041,0.041]},"north":{"uv":[9.2937,6.084],"uv_size":[0.123,0.041]},"up":{"uv":[9.373,6.5827],"uv_size":[-0.123,-0.041]},"west":{"uv":[9.209,6.084],"uv_size":[0.041,0.041]}}},{"origin":[-0.25,11.25,0.5],"size":[0.75,0.25,0.25],"uv":{"down":{"uv":[9.373,6.5827],"uv_size":[-0.123,-0.041]},"east":{"uv":[9.209,6.084],"uv_size":[0.041,0.041]},"south":{"uv":[9.252,6.084],"uv_size":[0.123,0.041]},"up":{"uv":[9.373,6.791],"uv_size":[-0.123,-0.041]},"west":{"uv":[9.4173,6.084],"uv_size":[0.041,0.041]}}},{"origin":[-0.5,11.5,-0.5],"size":[1,8.5,0.25],"uv":{"east":{"uv":[14.709,5.3453],"uv_size":[0.041,0.738]},"north":{"uv":[14.586,5.3453],"uv_size":[0.164,0.738]},"south":{"uv":[14.586,5.3453],"uv_size":[0.164,0.738]},"up":{"uv":[14.7473,6.6243],"uv_size":[-0.164,-0.041]},"west":{"uv":[14.584,5.3453],"uv_size":[0.041,0.738]}}},{"origin":[-0.5,11.5,0.25],"size":[1,8.5,0.25],"uv":{"east":{"uv":[14.584,5.3453],"uv_size":[0.041,0.738]},"north":{"uv":[14.586,5.3453],"uv_size":[0.164,0.738]},"south":{"uv":[14.586,5.3453],"uv_size":[0.164,0.738]},"up":{"uv":[14.7473,6.7493],"uv_size":[-0.164,-0.041]},"west":{"uv":[14.709,5.3453],"uv_size":[0.041,0.738]}}},{"origin":[-0.5,20,-0.25],"size":[1,0.25,0.5],"uv":{"east":{"uv":[14.6263,7.2923],"uv_size":[0.082,0.041]},"north":{"uv":[14.586,7.2923],"uv_size":[0.164,0.041]},"south":{"uv":[14.586,7.2923],"uv_size":[0.164,0.041]},"up":{"uv":[14.7473,6.707],"uv_size":[-0.164,-0.082]},"west":{"uv":[14.6263,7.2923],"uv_size":[0.082,0.041]}}},{"origin":[-0.25,-3.75,-0.75],"size":[0.5,7.75,0.25],"uv":{"down":{"uv":[14.707,6.791],"uv_size":[-0.082,-0.041]},"east":{"uv":[14.7507,7.344],"uv_size":[0.041,0.656]},"north":{"uv":[14.6263,7.344],"uv_size":[0.082,0.656]},"west":{"uv":[14.5423,7.344],"uv_size":[0.041,0.656]}}},{"origin":[-0.25,-3.75,0.5],"size":[0.5,7.75,0.25],"uv":{"down":{"uv":[14.707,6.5827],"uv_size":[-0.082,-0.041]},"east":{"uv":[14.5423,7.344],"uv_size":[0.041,0.656]},"south":{"uv":[14.6263,7.344],"uv_size":[0.082,0.656]},"west":{"uv":[14.7507,7.344],"uv_size":[0.041,0.656]}}},{"origin":[-0.5,4.25,-0.75],"size":[0.75,0.5,0.25],"uv":{"down":{"uv":[14.748,6.791],"uv_size":[-0.123,-0.041]},"east":{"uv":[14.7507,7.2097],"uv_size":[0.041,0.082]},"north":{"uv":[14.5853,7.2097],"uv_size":[0.123,0.082]},"south":{"uv":[14.627,7.2097],"uv_size":[0.123,0.082]},"up":{"uv":[14.748,6.5827],"uv_size":[-0.123,-0.041]},"west":{"uv":[14.5423,7.2097],"uv_size":[0.041,0.082]}}},{"origin":[-0.5,4.25,0.5],"size":[0.75,0.25,0.25],"uv":{"down":{"uv":[14.748,6.5827],"uv_size":[-0.123,-0.041]},"east":{"uv":[14.5423,7.2507],"uv_size":[0.041,0.041]},"south":{"uv":[14.627,7.2507],"uv_size":[0.123,0.041]},"west":{"uv":[14.7507,7.2507],"uv_size":[0.041,0.041]}}},{"origin":[-0.25,4.75,-0.75],"size":[0.5,0.25,0.25],"uv":{"east":{"uv":[14.7507,7.1673],"uv_size":[0.041,0.041]},"north":{"uv":[14.6263,7.1673],"uv_size":[0.082,0.041]},"west":{"uv":[14.5423,7.1673],"uv_size":[0.041,0.041]}}},{"origin":[-0.5,4.75,0.5],"size":[0.75,0.25,0.25],"uv":{"east":{"uv":[14.5423,7.1673],"uv_size":[0.041,0.041]},"south":{"uv":[14.627,7.1673],"uv_size":[0.123,0.041]},"up":{"uv":[14.748,6.791],"uv_size":[-0.123,-0.041]},"west":{"uv":[14.7507,7.1673],"uv_size":[0.041,0.041]}}},{"origin":[-0.25,5.5,-0.75],"size":[0.5,3.75,0.25],"uv":{"east":{"uv":[9.4173,6.4683],"uv_size":[0.041,0.615]},"north":{"uv":[9.293,6.4683],"uv_size":[0.082,0.615]},"west":{"uv":[9.209,6.4683],"uv_size":[0.041,0.615]}}},{"origin":[-0.25,5.5,0.5],"size":[0.5,3.75,0.25],"uv":{"east":{"uv":[9.209,6.4683],"uv_size":[0.041,0.615]},"south":{"uv":[9.293,6.4683],"uv_size":[0.082,0.615]},"west":{"uv":[9.4173,6.4683],"uv_size":[0.041,0.615]}}},{"origin":[-0.25,9.75,-0.75],"size":[0.5,1.5,0.25],"uv":{"east":{"uv":[9.4173,6.129],"uv_size":[0.041,0.246]},"north":{"uv":[9.293,6.129],"uv_size":[0.082,0.246]},"west":{"uv":[9.209,6.129],"uv_size":[0.041,0.246]}}},{"origin":[-0.25,9.75,0.5],"size":[0.5,1.5,0.25],"uv":{"east":{"uv":[9.209,6.129],"uv_size":[0.041,0.246]},"south":{"uv":[9.293,6.129],"uv_size":[0.082,0.246]},"west":{"uv":[9.4173,6.129],"uv_size":[0.041,0.246]}}},{"origin":[-0.25,11.5,-0.75],"size":[0.5,8.5,0.25],"uv":{"east":{"uv":[14.7507,5.3453],"uv_size":[0.041,0.738]},"north":{"uv":[14.6263,5.3453],"uv_size":[0.082,0.738]},"up":{"uv":[14.707,6.5827],"uv_size":[-0.082,-0.041]},"west":{"uv":[14.5423,5.3453],"uv_size":[0.041,0.738]}}},{"origin":[-0.25,11.5,0.5],"size":[0.5,8.5,0.25],"uv":{"east":{"uv":[14.5423,5.3453],"uv_size":[0.041,0.738]},"south":{"uv":[14.6263,5.3453],"uv_size":[0.082,0.738]},"up":{"uv":[14.707,6.791],"uv_size":[-0.082,-0.041]},"west":{"uv":[14.7507,5.3453],"uv_size":[0.041,0.738]}}},{"origin":[-0.25,20,-0.5],"size":[0.5,0.25,0.25],"uv":{"east":{"uv":[14.709,7.2923],"uv_size":[0.041,0.041]},"north":{"uv":[14.6263,7.2923],"uv_size":[0.082,0.041]},"up":{"uv":[14.707,6.6243],"uv_size":[-0.082,-0.041]},"west":{"uv":[14.584,7.2923],"uv_size":[0.041,0.041]}}},{"origin":[-0.25,20,0.25],"size":[0.5,0.25,0.25],"uv":{"east":{"uv":[14.584,7.2923],"uv_size":[0.041,0.041]},"south":{"uv":[14.6263,7.2923],"uv_size":[0.082,0.041]},"up":{"uv":[14.707,6.7493],"uv_size":[-0.082,-0.041]},"west":{"uv":[14.709,7.2923],"uv_size":[0.041,0.041]}}},{"origin":[-0.5,-3.75,-0.5],"size":[0.25,7.75,0.25],"uv":{"down":{"uv":[14.7493,6.7493],"uv_size":[-0.041,-0.041]},"east":{"uv":[14.709,7.344],"uv_size":[0.041,0.656]},"north":{"uv":[14.584,7.344],"uv_size":[0.041,0.656]}}},{"origin":[-0.5,-3.75,0.25],"size":[0.25,7.75,0.25],"uv":{"down":{"uv":[14.7493,6.6243],"uv_size":[-0.041,-0.041]},"east":{"uv":[14.584,7.344],"uv_size":[0.041,0.656]},"south":{"uv":[14.709,7.344],"uv_size":[0.041,0.656]}}},{"origin":[-0.75,5.5,0],"size":[0.5,6,0.25],"uv":{"down":{"uv":[9.457,6.666],"uv_size":[-0.082,-0.041]},"east":{"uv":[9.2923,6.0993],"uv_size":[0.041,0.984]},"south":{"uv":[9.3763,6.0993],"uv_size":[0.082,0.984]}}},{"origin":[-0.5,6,0.5],"size":[0.25,0.5,0.25],"uv":{"down":{"uv":[9.416,6.5827],"uv_size":[-0.041,-0.041]},"east":{"uv":[9.209,6.918],"uv_size":[0.041,0.082]},"south":{"uv":[9.3757,6.918],"uv_size":[0.041,0.082]},"up":{"uv":[9.416,6.791],"uv_size":[-0.041,-0.041]}}},{"origin":[-0.75,-3.75,-0.25],"size":[0.25,5,0.5],"uv":{"down":{"uv":[14.791,6.707],"uv_size":[-0.041,-0.082]},"east":{"uv":[14.6263,7.795],"uv_size":[0.082,0.205]},"north":{"uv":[14.5423,7.795],"uv_size":[0.041,0.205]},"south":{"uv":[14.7507,7.795],"uv_size":[0.041,0.205]},"up":{"uv":[14.791,6.707],"uv_size":[-0.041,-0.082]}}},{"origin":[-0.75,1.5,-0.25],"size":[0.25,3.5,0.5],"uv":{"down":{"uv":[14.791,6.707],"uv_size":[-0.041,-0.082]},"east":{"uv":[14.6263,7.176],"uv_size":[0.082,0.574]},"north":{"uv":[14.5423,7.176],"uv_size":[0.041,0.574]},"south":{"uv":[14.7507,7.176],"uv_size":[0.041,0.574]}}},{"origin":[-0.75,5,-0.25],"size":[0.25,0.5,0.5],"uv":{"east":{"uv":[9.293,7.0847],"uv_size":[0.082,0.082]},"north":{"uv":[9.209,7.0847],"uv_size":[0.041,0.082]},"south":{"uv":[9.4173,7.0847],"uv_size":[0.041,0.082]},"up":{"uv":[9.4577,6.707],"uv_size":[-0.041,-0.082]}}},{"origin":[-0.75,6,-0.5],"size":[0.25,0.5,0.25],"uv":{"down":{"uv":[9.4577,6.7493],"uv_size":[-0.041,-0.041]},"east":{"uv":[9.3757,6.918],"uv_size":[0.041,0.082]},"north":{"uv":[9.209,6.918],"uv_size":[0.041,0.082]},"up":{"uv":[9.4577,6.6243],"uv_size":[-0.041,-0.041]}}},{"origin":[-0.75,6,0.25],"size":[0.25,0.5,0.25],"uv":{"down":{"uv":[9.4577,6.6243],"uv_size":[-0.041,-0.041]},"east":{"uv":[9.2507,6.918],"uv_size":[0.041,0.082]},"south":{"uv":[9.4173,6.918],"uv_size":[0.041,0.082]},"up":{"uv":[9.4577,6.7493],"uv_size":[-0.041,-0.041]}}}],"name":"tmd_melees_z","parent":"tmd_melees_y","pivot":[0,8,0]}],"description":{"identifier":"geometry.tmd_melees.geo_632d242","texture_height":16,"texture_width":16,"visible_bounds_height":4.5,"visible_bounds_offset":[0,0.75,0],"visible_bounds_width":4}}]}