{"format_version":"1.16.0","minecraft:geometry":[{"bones":[{"binding":"c.item_slot == 'head' ? 'head' : q.item_slot_to_bone_name(c.item_slot)","name":"tmd_melees","pivot":[0,8,0]},{"name":"tmd_melees_x","parent":"tmd_melees","pivot":[0,8,0]},{"name":"tmd_melees_y","parent":"tmd_melees_x","pivot":[0,8,0]},{"cubes":[{"origin":[-0.75,0,-1],"size":[1.25,1.25,0.5],"uv":{"down":{"uv":[6.7883,9.4987],"uv_size":[-0.205,-0.082]},"east":{"uv":[6.7513,10.4617],"uv_size":[0.082,0.205]},"north":{"uv":[6.545,10.4617],"uv_size":[0.205,0.205]},"south":{"uv":[6.5867,10.4617],"uv_size":[0.205,0.205]},"up":{"uv":[6.7883,9.2487],"uv_size":[-0.205,-0.082]},"west":{"uv":[6.5013,10.4617],"uv_size":[0.082,0.205]}}},{"origin":[-0.75,0.25,-0.5],"size":[1.25,6.25,0.5],"uv":{"down":{"uv":[6.7883,9.4153],"uv_size":[-0.205,-0.082]},"east":{"uv":[6.668,9.5993],"uv_size":[0.082,1.0257]},"north":{"uv":[6.545,9.5993],"uv_size":[0.205,1.0257]},"south":{"uv":[6.5867,9.5993],"uv_size":[0.205,1.0257]},"up":{"uv":[6.7883,9.332],"uv_size":[-0.205,-0.082]},"west":{"uv":[6.5847,9.5993],"uv_size":[0.082,1.0257]}}},{"origin":[-0.75,0.5,-1.25],"size":[1.25,0.25,0.25],"uv":{"down":{"uv":[6.7883,9.541],"uv_size":[-0.205,-0.041]},"east":{"uv":[6.834,10.5423],"uv_size":[0.041,0.041]},"north":{"uv":[6.545,10.5423],"uv_size":[0.205,0.041]},"up":{"uv":[6.7883,9.166],"uv_size":[-0.205,-0.041]},"west":{"uv":[6.459,10.5423],"uv_size":[0.041,0.041]}}},{"origin":[-0.75,0.5,0],"size":[1.25,6,0.5],"uv":{"down":{"uv":[6.7883,9.332],"uv_size":[-0.205,-0.082]},"east":{"uv":[6.5847,9.5993],"uv_size":[0.082,0.984]},"south":{"uv":[6.5867,9.5993],"uv_size":[0.205,0.984]},"up":{"uv":[6.7883,9.4153],"uv_size":[-0.205,-0.082]},"west":{"uv":[6.668,9.5993],"uv_size":[0.082,0.984]}}},{"origin":[-0.75,1.25,-0.75],"size":[1.25,0.75,0.25],"uv":{"east":{"uv":[6.7507,10.3353],"uv_size":[0.041,0.123]},"north":{"uv":[6.545,10.3353],"uv_size":[0.205,0.123]},"up":{"uv":[6.7883,9.2493],"uv_size":[-0.205,-0.041]},"west":{"uv":[6.5423,10.3353],"uv_size":[0.041,0.123]}}},{"origin":[-0.75,1.5,0.5],"size":[1.25,5,0.25],"uv":{"down":{"uv":[6.7883,9.2493],"uv_size":[-0.205,-0.041]},"east":{"uv":[6.5423,9.5967],"uv_size":[0.041,0.82]},"south":{"uv":[6.5867,9.5967],"uv_size":[0.205,0.82]},"up":{"uv":[6.7883,9.4577],"uv_size":[-0.205,-0.041]},"west":{"uv":[6.7507,9.5967],"uv_size":[0.041,0.82]}}},{"origin":[-0.75,2.75,-0.75],"size":[1.25,0.5,0.25],"uv":{"down":{"uv":[6.7883,9.4577],"uv_size":[-0.205,-0.041]},"east":{"uv":[6.7507,10.1263],"uv_size":[0.041,0.082]},"north":{"uv":[6.545,10.1263],"uv_size":[0.205,0.082]},"up":{"uv":[6.7883,9.2493],"uv_size":[-0.205,-0.041]},"west":{"uv":[6.5423,10.1263],"uv_size":[0.041,0.082]}}},{"origin":[-0.75,4,-0.75],"size":[1.25,0.5,0.25],"uv":{"down":{"uv":[6.7883,9.4577],"uv_size":[-0.205,-0.041]},"east":{"uv":[6.7507,9.918],"uv_size":[0.041,0.082]},"north":{"uv":[6.545,9.918],"uv_size":[0.205,0.082]},"up":{"uv":[6.7883,9.2493],"uv_size":[-0.205,-0.041]},"west":{"uv":[6.5423,9.918],"uv_size":[0.041,0.082]}}},{"origin":[-0.75,5.25,-0.75],"size":[1.25,1.25,0.25],"uv":{"down":{"uv":[6.7883,9.4577],"uv_size":[-0.205,-0.041]},"east":{"uv":[6.7507,9.5867],"uv_size":[0.041,0.205]},"north":{"uv":[6.545,9.5867],"uv_size":[0.205,0.205]},"up":{"uv":[6.7883,9.2493],"uv_size":[-0.205,-0.041]},"west":{"uv":[6.5423,9.5867],"uv_size":[0.041,0.205]}}},{"origin":[-0.75,5.5,-1],"size":[1.25,1,0.25],"uv":{"down":{"uv":[6.7883,9.4993],"uv_size":[-0.205,-0.041]},"east":{"uv":[6.7923,9.586],"uv_size":[0.041,0.164]},"north":{"uv":[6.545,9.586],"uv_size":[0.205,0.164]},"up":{"uv":[6.7883,9.2077],"uv_size":[-0.205,-0.041]},"west":{"uv":[6.5007,9.586],"uv_size":[0.041,0.164]}}},{"origin":[-0.75,5.5,0.75],"size":[1.25,1,0.25],"uv":{"down":{"uv":[6.7883,9.2077],"uv_size":[-0.205,-0.041]},"east":{"uv":[6.5007,9.586],"uv_size":[0.041,0.164]},"south":{"uv":[6.5867,9.586],"uv_size":[0.205,0.164]},"up":{"uv":[6.7883,9.4993],"uv_size":[-0.205,-0.041]},"west":{"uv":[6.7923,9.586],"uv_size":[0.041,0.164]}}},{"origin":[-0.75,5.75,-1.25],"size":[1.25,0.75,0.25],"uv":{"down":{"uv":[6.7883,9.541],"uv_size":[-0.205,-0.041]},"east":{"uv":[6.834,9.5853],"uv_size":[0.041,0.123]},"north":{"uv":[6.545,9.5853],"uv_size":[0.205,0.123]},"up":{"uv":[6.7883,9.166],"uv_size":[-0.205,-0.041]},"west":{"uv":[6.459,9.5853],"uv_size":[0.041,0.123]}}},{"origin":[-0.75,5.75,1],"size":[1.25,0.75,0.25],"uv":{"down":{"uv":[6.7883,9.166],"uv_size":[-0.205,-0.041]},"east":{"uv":[6.459,9.5853],"uv_size":[0.041,0.123]},"south":{"uv":[6.5867,9.5853],"uv_size":[0.205,0.123]},"up":{"uv":[6.7883,9.541],"uv_size":[-0.205,-0.041]},"west":{"uv":[6.834,9.5853],"uv_size":[0.041,0.123]}}},{"origin":[-0.75,6,-2],"size":[1.25,0.25,0.75],"uv":{"down":{"uv":[6.7883,9.6647],"uv_size":[-0.205,-0.123]},"east":{"uv":[6.877,9.6257],"uv_size":[0.123,0.041]},"north":{"uv":[6.545,9.6257],"uv_size":[0.205,0.041]},"up":{"uv":[6.7883,9.123],"uv_size":[-0.205,-0.123]},"west":{"uv":[6.3353,9.6257],"uv_size":[0.123,0.041]}}},{"origin":[-0.75,6,1.25],"size":[1.25,0.5,0.25],"uv":{"down":{"uv":[6.7883,9.1243],"uv_size":[-0.205,-0.041]},"east":{"uv":[6.4173,9.5847],"uv_size":[0.041,0.082]},"south":{"uv":[6.5867,9.5847],"uv_size":[0.205,0.082]},"up":{"uv":[6.7883,9.5827],"uv_size":[-0.205,-0.041]},"west":{"uv":[6.8757,9.5847],"uv_size":[0.041,0.082]}}},{"origin":[-0.75,6,1.5],"size":[1.25,0.25,0.25],"uv":{"down":{"uv":[6.7883,9.0827],"uv_size":[-0.205,-0.041]},"east":{"uv":[6.3757,9.6257],"uv_size":[0.041,0.041]},"south":{"uv":[6.5867,9.6257],"uv_size":[0.205,0.041]},"up":{"uv":[6.7883,9.6243],"uv_size":[-0.205,-0.041]},"west":{"uv":[6.9173,9.6257],"uv_size":[0.041,0.041]}}},{"origin":[-0.5,-0.25,-1],"size":[0.75,0.25,0.5],"uv":{"down":{"uv":[6.748,9.4987],"uv_size":[-0.123,-0.082]},"east":{"uv":[6.7513,8.0007],"uv_size":[0.082,0.041]},"north":{"uv":[6.5853,8.0007],"uv_size":[0.123,0.041]},"south":{"uv":[6.627,8.0007],"uv_size":[0.123,0.041]},"west":{"uv":[6.5013,8.0007],"uv_size":[0.082,0.041]}}},{"origin":[-0.5,0,-1.25],"size":[0.75,0.5,0.25],"uv":{"down":{"uv":[6.748,9.541],"uv_size":[-0.123,-0.041]},"east":{"uv":[6.834,10.5847],"uv_size":[0.041,0.082]},"north":{"uv":[6.5853,10.5847],"uv_size":[0.123,0.082]},"west":{"uv":[6.459,10.5847],"uv_size":[0.041,0.082]}}},{"origin":[-0.5,0,-0.5],"size":[0.75,0.25,0.5],"uv":{"down":{"uv":[6.748,9.4153],"uv_size":[-0.123,-0.082]},"east":{"uv":[6.668,10.6257],"uv_size":[0.082,0.041]},"south":{"uv":[6.627,10.6257],"uv_size":[0.123,0.041]},"west":{"uv":[6.5847,10.6257],"uv_size":[0.082,0.041]}}},{"origin":[-0.5,0.25,0],"size":[0.75,0.25,0.5],"uv":{"down":{"uv":[6.748,9.332],"uv_size":[-0.123,-0.082]},"east":{"uv":[6.5847,10.584],"uv_size":[0.082,0.041]},"south":{"uv":[6.627,10.584],"uv_size":[0.123,0.041]},"west":{"uv":[6.668,10.584],"uv_size":[0.082,0.041]}}},{"origin":[-0.5,0.5,-1.5],"size":[0.75,0.25,0.25],"uv":{"down":{"uv":[6.748,9.5827],"uv_size":[-0.123,-0.041]},"east":{"uv":[6.8757,10.5423],"uv_size":[0.041,0.041]},"north":{"uv":[6.5853,10.5423],"uv_size":[0.123,0.041]},"up":{"uv":[6.748,9.1243],"uv_size":[-0.123,-0.041]},"west":{"uv":[6.4173,10.5423],"uv_size":[0.041,0.041]}}},{"origin":[-0.5,0.5,0.5],"size":[0.75,1,0.25],"uv":{"down":{"uv":[6.748,9.2493],"uv_size":[-0.123,-0.041]},"east":{"uv":[6.5423,10.4193],"uv_size":[0.041,0.164]},"south":{"uv":[6.627,10.4193],"uv_size":[0.123,0.164]},"west":{"uv":[6.7507,10.4193],"uv_size":[0.041,0.164]}}},{"origin":[-0.5,0.75,-1.25],"size":[0.75,0.5,0.25],"uv":{"east":{"uv":[6.834,10.4597],"uv_size":[0.041,0.082]},"north":{"uv":[6.5853,10.4597],"uv_size":[0.123,0.082]},"up":{"uv":[6.748,9.166],"uv_size":[-0.123,-0.041]},"west":{"uv":[6.459,10.4597],"uv_size":[0.041,0.082]}}},{"origin":[-0.5,1.25,-1],"size":[0.75,0.75,0.25],"uv":{"east":{"uv":[6.7923,10.3353],"uv_size":[0.041,0.123]},"north":{"uv":[6.5853,10.3353],"uv_size":[0.123,0.123]},"up":{"uv":[6.748,9.2077],"uv_size":[-0.123,-0.041]},"west":{"uv":[6.5007,10.3353],"uv_size":[0.041,0.123]}}},{"origin":[-0.5,1.5,0.75],"size":[0.75,4,0.25],"uv":{"down":{"uv":[6.748,9.2077],"uv_size":[-0.123,-0.041]},"east":{"uv":[6.5007,9.7607],"uv_size":[0.041,0.656]},"south":{"uv":[6.627,9.7607],"uv_size":[0.123,0.656]},"west":{"uv":[6.7923,9.7607],"uv_size":[0.041,0.656]}}},{"origin":[-0.5,2,-0.75],"size":[0.75,0.75,0.25],"uv":{"east":{"uv":[6.7507,10.2103],"uv_size":[0.041,0.123]},"north":{"uv":[6.5853,10.2103],"uv_size":[0.123,0.123]},"west":{"uv":[6.5423,10.2103],"uv_size":[0.041,0.123]}}},{"origin":[-0.5,2.75,-1],"size":[0.75,0.5,0.25],"uv":{"down":{"uv":[6.748,9.4993],"uv_size":[-0.123,-0.041]},"east":{"uv":[6.7923,10.1263],"uv_size":[0.041,0.082]},"north":{"uv":[6.5853,10.1263],"uv_size":[0.123,0.082]},"up":{"uv":[6.748,9.2077],"uv_size":[-0.123,-0.041]},"west":{"uv":[6.5007,10.1263],"uv_size":[0.041,0.082]}}},{"origin":[-0.5,3.25,-0.75],"size":[0.75,0.75,0.25],"uv":{"east":{"uv":[6.7507,10.002],"uv_size":[0.041,0.123]},"north":{"uv":[6.5853,10.002],"uv_size":[0.123,0.123]},"west":{"uv":[6.5423,10.002],"uv_size":[0.041,0.123]}}},{"origin":[-0.5,4,-1],"size":[0.75,0.5,0.25],"uv":{"down":{"uv":[6.748,9.4993],"uv_size":[-0.123,-0.041]},"east":{"uv":[6.7923,9.918],"uv_size":[0.041,0.082]},"north":{"uv":[6.5853,9.918],"uv_size":[0.123,0.082]},"up":{"uv":[6.748,9.2077],"uv_size":[-0.123,-0.041]},"west":{"uv":[6.5007,9.918],"uv_size":[0.041,0.082]}}},{"origin":[-0.5,4.5,-0.75],"size":[0.75,0.75,0.25],"uv":{"east":{"uv":[6.7507,9.7937],"uv_size":[0.041,0.123]},"north":{"uv":[6.5853,9.7937],"uv_size":[0.123,0.123]},"west":{"uv":[6.5423,9.7937],"uv_size":[0.041,0.123]}}},{"origin":[-0.5,5.25,-1],"size":[0.75,0.25,0.25],"uv":{"down":{"uv":[6.748,9.4993],"uv_size":[-0.123,-0.041]},"east":{"uv":[6.7923,9.7507],"uv_size":[0.041,0.041]},"north":{"uv":[6.5853,9.7507],"uv_size":[0.123,0.041]},"west":{"uv":[6.5007,9.7507],"uv_size":[0.041,0.041]}}},{"origin":[-0.5,5.5,-1.25],"size":[0.75,0.25,0.25],"uv":{"down":{"uv":[6.748,9.541],"uv_size":[-0.123,-0.041]},"east":{"uv":[6.834,9.709],"uv_size":[0.041,0.041]},"north":{"uv":[6.5853,9.709],"uv_size":[0.123,0.041]},"west":{"uv":[6.459,9.709],"uv_size":[0.041,0.041]}}},{"origin":[-0.5,5.5,1],"size":[0.75,0.25,0.25],"uv":{"down":{"uv":[6.748,9.166],"uv_size":[-0.123,-0.041]},"east":{"uv":[6.459,9.709],"uv_size":[0.041,0.041]},"south":{"uv":[6.627,9.709],"uv_size":[0.123,0.041]},"west":{"uv":[6.834,9.709],"uv_size":[0.041,0.041]}}},{"origin":[-0.5,5.75,-1.75],"size":[0.75,0.25,0.5],"uv":{"down":{"uv":[6.748,9.6237],"uv_size":[-0.123,-0.082]},"east":{"uv":[6.8763,9.6673],"uv_size":[0.082,0.041]},"north":{"uv":[6.5853,9.6673],"uv_size":[0.123,0.041]},"west":{"uv":[6.3763,9.6673],"uv_size":[0.082,0.041]}}},{"origin":[-0.5,5.75,1.25],"size":[0.75,0.25,0.25],"uv":{"down":{"uv":[6.748,9.1243],"uv_size":[-0.123,-0.041]},"east":{"uv":[6.4173,9.6673],"uv_size":[0.041,0.041]},"south":{"uv":[6.627,9.6673],"uv_size":[0.123,0.041]},"west":{"uv":[6.8757,9.6673],"uv_size":[0.041,0.041]}}},{"origin":[-0.5,6,-2.5],"size":[0.75,0.25,0.5],"uv":{"down":{"uv":[6.748,9.7487],"uv_size":[-0.123,-0.082]},"east":{"uv":[7.0013,9.6257],"uv_size":[0.082,0.041]},"north":{"uv":[6.5853,9.6257],"uv_size":[0.123,0.041]},"up":{"uv":[6.748,8.9987],"uv_size":[-0.123,-0.082]},"west":{"uv":[6.2513,9.6257],"uv_size":[0.082,0.041]}}},{"origin":[-0.5,6,1.75],"size":[0.75,0.5,0.25],"uv":{"down":{"uv":[6.748,9.041],"uv_size":[-0.123,-0.041]},"east":{"uv":[6.334,9.5847],"uv_size":[0.041,0.082]},"north":{"uv":[6.5853,9.5847],"uv_size":[0.123,0.082]},"south":{"uv":[6.627,9.5847],"uv_size":[0.123,0.082]},"up":{"uv":[6.748,9.666],"uv_size":[-0.123,-0.041]},"west":{"uv":[6.959,9.5847],"uv_size":[0.041,0.082]}}},{"origin":[-0.5,6,2],"size":[0.75,0.25,0.5],"uv":{"down":{"uv":[6.748,8.9987],"uv_size":[-0.123,-0.082]},"east":{"uv":[6.2513,9.6257],"uv_size":[0.082,0.041]},"south":{"uv":[6.627,9.6257],"uv_size":[0.123,0.041]},"up":{"uv":[6.748,9.7487],"uv_size":[-0.123,-0.082]},"west":{"uv":[7.0013,9.6257],"uv_size":[0.082,0.041]}}},{"origin":[-0.5,6.25,-2.25],"size":[0.75,0.25,1],"uv":{"down":{"uv":[6.748,9.7057],"uv_size":[-0.123,-0.164]},"east":{"uv":[6.8777,9.584],"uv_size":[0.164,0.041]},"north":{"uv":[6.5853,9.584],"uv_size":[0.123,0.041]},"up":{"uv":[6.748,9.1223],"uv_size":[-0.123,-0.164]},"west":{"uv":[6.2943,9.584],"uv_size":[0.164,0.041]}}},{"origin":[-0.5,6.25,1.5],"size":[0.75,0.25,0.25],"uv":{"east":{"uv":[6.3757,9.584],"uv_size":[0.041,0.041]},"up":{"uv":[6.748,9.6243],"uv_size":[-0.123,-0.041]},"west":{"uv":[6.9173,9.584],"uv_size":[0.041,0.041]}}},{"origin":[-0.5,6.5,-1.25],"size":[0.75,0.75,2.25],"uv":{"down":{"uv":[12.0813,12.2023],"uv_size":[-0.123,-0.369]},"east":{"uv":[11.8393,12.127],"uv_size":[0.369,0.123]},"north":{"uv":[11.9187,12.127],"uv_size":[0.123,0.123]},"south":{"uv":[11.9603,12.127],"uv_size":[0.123,0.123]},"up":{"uv":[12.0813,12.1607],"uv_size":[-0.123,-0.369]},"west":{"uv":[11.7977,12.127],"uv_size":[0.369,0.123]}}},{"origin":[-0.5,7.25,-0.75],"size":[0.75,7.75,1.25],"uv":{"east":{"uv":[11.92,10.8493],"uv_size":[0.205,1.2757]},"north":{"uv":[11.9187,10.8493],"uv_size":[0.123,1.2757]},"south":{"uv":[11.9603,10.8493],"uv_size":[0.123,1.2757]},"up":{"uv":[12.0813,12.08],"uv_size":[-0.123,-0.205]},"west":{"uv":[11.8783,10.8493],"uv_size":[0.205,1.2757]}}},{"origin":[-0.5,7.25,0.5],"size":[0.75,5.75,0.25],"uv":{"east":{"uv":[11.8757,11.182],"uv_size":[0.041,0.943]},"south":{"uv":[11.9603,11.182],"uv_size":[0.123,0.943]},"up":{"uv":[12.0813,12.1243],"uv_size":[-0.123,-0.041]},"west":{"uv":[12.084,11.182],"uv_size":[0.041,0.943]}}},{"origin":[-0.5,7.25,0.75],"size":[0.75,2.75,0.25],"uv":{"east":{"uv":[11.834,11.674],"uv_size":[0.041,0.451]},"south":{"uv":[11.9603,11.674],"uv_size":[0.123,0.451]},"up":{"uv":[12.0813,12.166],"uv_size":[-0.123,-0.041]},"west":{"uv":[12.1257,11.674],"uv_size":[0.041,0.451]}}},{"origin":[-0.5,10,-1],"size":[0.75,3.75,0.25],"uv":{"down":{"uv":[12.0813,12.166],"uv_size":[-0.123,-0.041]},"east":{"uv":[12.1257,11.0517],"uv_size":[0.041,0.615]},"north":{"uv":[11.9187,11.0517],"uv_size":[0.123,0.615]},"up":{"uv":[12.0813,11.8743],"uv_size":[-0.123,-0.041]},"west":{"uv":[11.834,11.0517],"uv_size":[0.041,0.615]}}},{"origin":[-0.5,15,-0.5],"size":[0.75,0.75,1],"uv":{"east":{"uv":[11.9193,10.7103],"uv_size":[0.164,0.123]},"north":{"uv":[11.9187,10.7103],"uv_size":[0.123,0.123]},"south":{"uv":[11.9603,10.7103],"uv_size":[0.123,0.123]},"up":{"uv":[12.0813,12.0807],"uv_size":[-0.123,-0.164]},"west":{"uv":[11.9193,10.7103],"uv_size":[0.164,0.123]}}},{"origin":[-0.5,15.75,-0.25],"size":[0.75,0.5,1],"uv":{"down":{"uv":[12.0813,12.039],"uv_size":[-0.123,-0.164]},"east":{"uv":[11.8777,10.6673],"uv_size":[0.164,0.041]},"north":{"uv":[11.9187,10.6673],"uv_size":[0.123,0.041]},"south":{"uv":[11.9603,10.6673],"uv_size":[0.123,0.041]},"up":{"uv":[12.0813,12.1223],"uv_size":[-0.123,-0.164]},"west":{"uv":[11.961,10.6673],"uv_size":[0.164,0.041]}}},{"origin":[-0.5,16.25,0],"size":[0.75,0.5,0.75],"uv":{"east":{"uv":[11.877,13.2097],"uv_size":[0.123,0.082]},"north":{"uv":[11.9187,13.2097],"uv_size":[0.123,0.082]},"south":{"uv":[11.9603,13.2097],"uv_size":[0.123,0.082]},"up":{"uv":[12.0813,12.123],"uv_size":[-0.123,-0.123]},"west":{"uv":[12.002,13.2097],"uv_size":[0.123,0.082]}}},{"origin":[-0.5,16.75,0.25],"size":[0.75,0.5,0.5],"uv":{"east":{"uv":[11.8763,13.1263],"uv_size":[0.082,0.082]},"north":{"uv":[11.9187,13.1263],"uv_size":[0.123,0.082]},"south":{"uv":[11.9603,13.1263],"uv_size":[0.123,0.082]},"up":{"uv":[12.0813,12.1237],"uv_size":[-0.123,-0.082]},"west":{"uv":[12.043,13.1263],"uv_size":[0.082,0.082]}}},{"origin":[-0.5,17.25,0.5],"size":[0.75,0.25,0.25],"uv":{"east":{"uv":[11.8757,13.084],"uv_size":[0.041,0.041]},"north":{"uv":[11.9187,13.084],"uv_size":[0.123,0.041]},"south":{"uv":[11.9603,13.084],"uv_size":[0.123,0.041]},"up":{"uv":[12.0813,12.1243],"uv_size":[-0.123,-0.041]},"west":{"uv":[12.084,13.084],"uv_size":[0.041,0.041]}}},{"origin":[-0.25,6.5,-1.5],"size":[0.25,0.75,0.25],"uv":{"east":{"uv":[12.209,12.127],"uv_size":[0.041,0.123]},"north":{"uv":[11.959,12.127],"uv_size":[0.041,0.123]},"up":{"uv":[12.041,11.791],"uv_size":[-0.041,-0.041]},"west":{"uv":[11.7507,12.127],"uv_size":[0.041,0.123]}}},{"origin":[-0.25,6.5,1],"size":[0.25,3.75,0.25],"uv":{"east":{"uv":[11.7923,11.635],"uv_size":[0.041,0.615]},"north":{"uv":[11.959,11.635],"uv_size":[0.041,0.615]},"south":{"uv":[12.0007,11.635],"uv_size":[0.041,0.615]},"up":{"uv":[12.041,12.2077],"uv_size":[-0.041,-0.041]},"west":{"uv":[12.1673,11.635],"uv_size":[0.041,0.615]}}},{"origin":[-0.25,7.25,-1.25],"size":[0.25,8,0.25],"uv":{"east":{"uv":[12.1673,10.8077],"uv_size":[0.041,1.3173]},"north":{"uv":[11.959,10.8077],"uv_size":[0.041,1.3173]},"south":{"uv":[12.0007,10.8077],"uv_size":[0.041,1.3173]},"up":{"uv":[12.041,11.8327],"uv_size":[-0.041,-0.041]},"west":{"uv":[11.7923,10.8077],"uv_size":[0.041,1.3173]}}},{"origin":[-0.25,7.25,-1],"size":[0.25,2.75,0.25],"uv":{"east":{"uv":[12.1257,11.674],"uv_size":[0.041,0.451]},"west":{"uv":[11.834,11.674],"uv_size":[0.041,0.451]}}},{"origin":[-0.25,9.5,-1.5],"size":[0.25,4.5,0.25],"uv":{"down":{"uv":[12.041,12.2493],"uv_size":[-0.041,-0.041]},"east":{"uv":[12.209,11.012],"uv_size":[0.041,0.738]},"north":{"uv":[11.959,11.012],"uv_size":[0.041,0.738]},"up":{"uv":[12.041,11.791],"uv_size":[-0.041,-0.041]},"west":{"uv":[11.7507,11.012],"uv_size":[0.041,0.738]}}},{"origin":[-0.25,10,0.75],"size":[0.25,3.25,0.25],"uv":{"east":{"uv":[11.834,11.1337],"uv_size":[0.041,0.533]},"north":{"uv":[11.959,11.1337],"uv_size":[0.041,0.533]},"south":{"uv":[12.0007,11.1337],"uv_size":[0.041,0.533]},"up":{"uv":[12.041,12.166],"uv_size":[-0.041,-0.041]},"west":{"uv":[12.1257,11.1337],"uv_size":[0.041,0.533]}}},{"origin":[-0.25,10.5,1],"size":[0.25,0.25,0.25],"uv":{"down":{"uv":[12.041,11.8327],"uv_size":[-0.041,-0.041]},"east":{"uv":[11.7923,11.5423],"uv_size":[0.041,0.041]},"south":{"uv":[12.0007,11.5423],"uv_size":[0.041,0.041]},"up":{"uv":[12.041,12.2077],"uv_size":[-0.041,-0.041]},"west":{"uv":[12.1673,11.5423],"uv_size":[0.041,0.041]}}},{"origin":[-0.25,11,1],"size":[0.25,0.25,0.25],"uv":{"down":{"uv":[12.041,11.8327],"uv_size":[-0.041,-0.041]},"east":{"uv":[11.7923,11.459],"uv_size":[0.041,0.041]},"south":{"uv":[12.0007,11.459],"uv_size":[0.041,0.041]},"up":{"uv":[12.041,12.2077],"uv_size":[-0.041,-0.041]},"west":{"uv":[12.1673,11.459],"uv_size":[0.041,0.041]}}},{"origin":[-0.25,11.5,1],"size":[0.25,0.25,0.25],"uv":{"down":{"uv":[12.041,11.8327],"uv_size":[-0.041,-0.041]},"east":{"uv":[11.7923,11.3757],"uv_size":[0.041,0.041]},"south":{"uv":[12.0007,11.3757],"uv_size":[0.041,0.041]},"up":{"uv":[12.041,12.2077],"uv_size":[-0.041,-0.041]},"west":{"uv":[12.1673,11.3757],"uv_size":[0.041,0.041]}}},{"origin":[-0.25,12,1],"size":[0.25,0.25,0.25],"uv":{"down":{"uv":[12.041,11.8327],"uv_size":[-0.041,-0.041]},"east":{"uv":[11.7923,11.2923],"uv_size":[0.041,0.041]},"south":{"uv":[12.0007,11.2923],"uv_size":[0.041,0.041]},"up":{"uv":[12.041,12.2077],"uv_size":[-0.041,-0.041]},"west":{"uv":[12.1673,11.2923],"uv_size":[0.041,0.041]}}},{"origin":[-0.25,12.5,1],"size":[0.25,0.25,0.25],"uv":{"down":{"uv":[12.041,11.8327],"uv_size":[-0.041,-0.041]},"east":{"uv":[11.7923,11.209],"uv_size":[0.041,0.041]},"south":{"uv":[12.0007,11.209],"uv_size":[0.041,0.041]},"up":{"uv":[12.041,12.2077],"uv_size":[-0.041,-0.041]},"west":{"uv":[12.1673,11.209],"uv_size":[0.041,0.041]}}},{"origin":[-0.25,13,0.5],"size":[0.25,2.75,0.25],"uv":{"east":{"uv":[11.8757,10.7157],"uv_size":[0.041,0.451]},"north":{"uv":[11.959,10.7157],"uv_size":[0.041,0.451]},"south":{"uv":[12.0007,10.7157],"uv_size":[0.041,0.451]},"west":{"uv":[12.084,10.7157],"uv_size":[0.041,0.451]}}},{"origin":[-0.25,13,1],"size":[0.25,0.25,0.25],"uv":{"down":{"uv":[12.041,11.8327],"uv_size":[-0.041,-0.041]},"east":{"uv":[11.7923,11.1257],"uv_size":[0.041,0.041]},"south":{"uv":[12.0007,11.1257],"uv_size":[0.041,0.041]},"up":{"uv":[12.041,12.2077],"uv_size":[-0.041,-0.041]},"west":{"uv":[12.1673,11.1257],"uv_size":[0.041,0.041]}}},{"origin":[-0.25,13.5,0.75],"size":[0.25,0.25,0.25],"uv":{"down":{"uv":[12.041,11.8743],"uv_size":[-0.041,-0.041]},"east":{"uv":[11.834,11.0423],"uv_size":[0.041,0.041]},"south":{"uv":[12.0007,11.0423],"uv_size":[0.041,0.041]},"up":{"uv":[12.041,12.166],"uv_size":[-0.041,-0.041]},"west":{"uv":[12.1257,11.0423],"uv_size":[0.041,0.041]}}},{"origin":[-0.25,13.75,-1],"size":[0.25,2.25,0.25],"uv":{"east":{"uv":[12.1257,10.6727],"uv_size":[0.041,0.369]},"north":{"uv":[11.959,10.6727],"uv_size":[0.041,0.369]},"south":{"uv":[12.0007,10.6727],"uv_size":[0.041,0.369]},"up":{"uv":[12.041,11.8743],"uv_size":[-0.041,-0.041]},"west":{"uv":[11.834,10.6727],"uv_size":[0.041,0.369]}}},{"origin":[-0.25,14,0.75],"size":[0.25,0.25,0.25],"uv":{"down":{"uv":[12.041,11.8743],"uv_size":[-0.041,-0.041]},"east":{"uv":[11.834,10.959],"uv_size":[0.041,0.041]},"south":{"uv":[12.0007,10.959],"uv_size":[0.041,0.041]},"up":{"uv":[12.041,12.166],"uv_size":[-0.041,-0.041]},"west":{"uv":[12.1257,10.959],"uv_size":[0.041,0.041]}}},{"origin":[-0.25,14.5,0.75],"size":[0.25,0.25,0.25],"uv":{"down":{"uv":[12.041,11.8743],"uv_size":[-0.041,-0.041]},"east":{"uv":[11.834,10.8757],"uv_size":[0.041,0.041]},"south":{"uv":[12.0007,10.8757],"uv_size":[0.041,0.041]},"up":{"uv":[12.041,12.166],"uv_size":[-0.041,-0.041]},"west":{"uv":[12.1257,10.8757],"uv_size":[0.041,0.041]}}},{"origin":[-0.25,15,-0.75],"size":[0.25,1.5,0.25],"uv":{"east":{"uv":[12.084,10.6693],"uv_size":[0.041,0.164]},"north":{"uv":[11.959,10.6693],"uv_size":[0.041,0.164]},"south":{"uv":[12.0007,10.6693],"uv_size":[0.041,0.164]},"up":{"uv":[12.041,11.916],"uv_size":[-0.041,-0.041]},"west":{"uv":[11.8757,10.6693],"uv_size":[0.041,0.164]}}},{"origin":[-0.25,15,0.75],"size":[0.25,0.25,0.25],"uv":{"down":{"uv":[12.041,11.8743],"uv_size":[-0.041,-0.041]},"east":{"uv":[11.834,10.7923],"uv_size":[0.041,0.041]},"south":{"uv":[12.0007,10.7923],"uv_size":[0.041,0.041]},"up":{"uv":[12.041,12.166],"uv_size":[-0.041,-0.041]},"west":{"uv":[12.1257,10.7923],"uv_size":[0.041,0.041]}}},{"origin":[-0.25,15.5,0.75],"size":[0.25,2.25,0.25],"uv":{"down":{"uv":[12.041,11.8743],"uv_size":[-0.041,-0.041]},"east":{"uv":[11.834,10.668],"uv_size":[0.041,0.082]},"north":{"uv":[11.959,10.668],"uv_size":[0.041,0.082]},"south":{"uv":[12.0007,10.668],"uv_size":[0.041,0.082]},"up":{"uv":[12.041,12.166],"uv_size":[-0.041,-0.041]},"west":{"uv":[12.1257,10.668],"uv_size":[0.041,0.082]}}},{"origin":[-0.25,15.75,-0.5],"size":[0.25,1.25,0.25],"uv":{"east":{"uv":[12.0423,10.6673],"uv_size":[0.041,0.041]},"north":{"uv":[11.959,10.6673],"uv_size":[0.041,0.041]},"south":{"uv":[12.0007,10.6673],"uv_size":[0.041,0.041]},"up":{"uv":[12.041,11.9577],"uv_size":[-0.041,-0.041]},"west":{"uv":[11.9173,10.6673],"uv_size":[0.041,0.041]}}},{"origin":[-0.25,16.25,-0.25],"size":[0.25,1.25,0.25],"uv":{"east":{"uv":[12.0007,13.0867],"uv_size":[0.041,0.205]},"north":{"uv":[11.959,13.0867],"uv_size":[0.041,0.205]},"south":{"uv":[12.0007,13.0867],"uv_size":[0.041,0.205]},"up":{"uv":[12.041,11.9993],"uv_size":[-0.041,-0.041]},"west":{"uv":[11.959,13.0867],"uv_size":[0.041,0.205]}}},{"origin":[-0.25,16.75,0],"size":[0.25,1,0.25],"uv":{"east":{"uv":[11.959,13.0443],"uv_size":[0.041,0.164]},"north":{"uv":[11.959,13.0443],"uv_size":[0.041,0.164]},"south":{"uv":[12.0007,13.0443],"uv_size":[0.041,0.164]},"up":{"uv":[12.041,12.041],"uv_size":[-0.041,-0.041]},"west":{"uv":[12.0007,13.0443],"uv_size":[0.041,0.164]}}},{"origin":[-0.25,17.25,0.25],"size":[0.25,0.75,0.25],"uv":{"east":{"uv":[11.9173,13.002],"uv_size":[0.041,0.123]},"north":{"uv":[11.959,13.002],"uv_size":[0.041,0.123]},"south":{"uv":[12.0007,13.002],"uv_size":[0.041,0.123]},"up":{"uv":[12.041,12.0827],"uv_size":[-0.041,-0.041]},"west":{"uv":[12.0423,13.002],"uv_size":[0.041,0.123]}}},{"origin":[-0.25,17.5,0.5],"size":[0.25,0.75,0.25],"uv":{"east":{"uv":[11.8757,12.9603],"uv_size":[0.041,0.123]},"north":{"uv":[11.959,12.9603],"uv_size":[0.041,0.123]},"south":{"uv":[12.0007,12.9603],"uv_size":[0.041,0.123]},"up":{"uv":[12.041,12.1243],"uv_size":[-0.041,-0.041]},"west":{"uv":[12.084,12.9603],"uv_size":[0.041,0.123]}}}],"name":"tmd_melees_z","parent":"tmd_melees_y","pivot":[0,8,0]}],"description":{"identifier":"geometry.tmd_melees.geo_fd794fa","texture_height":16,"texture_width":16,"visible_bounds_height":4.5,"visible_bounds_offset":[0,0.75,0],"visible_bounds_width":4}}]}