{"format_version":"1.16.0","minecraft:geometry":[{"bones":[{"binding":"c.item_slot == 'head' ? 'head' : q.item_slot_to_bone_name(c.item_slot)","name":"tmd_melees","pivot":[0,8,0]},{"name":"tmd_melees_x","parent":"tmd_melees","pivot":[0,8,0]},{"name":"tmd_melees_y","parent":"tmd_melees_x","pivot":[0,8,0]},{"cubes":[{"origin":[7.5,5.75,-0.125],"size":[0.75,0.25,0.25],"uv":{"down":{"uv":[5.4973,2.707],"uv_size":[-0.164,-0.082]},"east":{"uv":[7.9597,3.3347],"uv_size":[0.082,0.082]},"north":{"uv":[10.5027,3.3347],"uv_size":[0.164,0.082]},"south":{"uv":[5.336,3.3347],"uv_size":[0.164,0.082]},"up":{"uv":[5.4973,2.707],"uv_size":[-0.164,-0.082]},"west":{"uv":[7.9597,3.3347],"uv_size":[0.082,0.082]}}},{"origin":[6.75,6,-0.125],"size":[1.25,0.25,0.25],"uv":{"down":{"uv":[5.7433,2.707],"uv_size":[-0.41,-0.082]},"east":{"uv":[7.9597,3.2513],"uv_size":[0.082,0.082]},"north":{"uv":[10.2567,3.2513],"uv_size":[0.41,0.082]},"south":{"uv":[5.34,3.2513],"uv_size":[0.41,0.082]},"up":{"uv":[5.7433,2.707],"uv_size":[-0.41,-0.082]},"west":{"uv":[7.9597,3.2513],"uv_size":[0.082,0.082]}}},{"origin":[5.75,6.25,-0.125],"size":[1.75,0.25,0.25],"uv":{"down":{"uv":[6.074,2.707],"uv_size":[-0.574,-0.082]},"east":{"uv":[7.9597,3.168],"uv_size":[0.082,0.082]},"north":{"uv":[9.926,3.168],"uv_size":[0.574,0.082]},"south":{"uv":[5.5093,3.168],"uv_size":[0.574,0.082]},"up":{"uv":[6.074,2.707],"uv_size":[-0.574,-0.082]},"west":{"uv":[7.9597,3.168],"uv_size":[0.082,0.082]}}},{"origin":[4.75,6.5,-0.125],"size":[2.25,0.25,0.25],"uv":{"down":{"uv":[6.4047,2.707],"uv_size":[-0.738,-0.082]},"east":{"uv":[7.9597,3.0847],"uv_size":[0.082,0.082]},"north":{"uv":[9.5953,3.0847],"uv_size":[0.738,0.082]},"south":{"uv":[5.6787,3.0847],"uv_size":[0.738,0.082]},"up":{"uv":[6.4047,2.707],"uv_size":[-0.738,-0.082]},"west":{"uv":[7.9597,3.0847],"uv_size":[0.082,0.082]}}},{"origin":[4,6.75,-0.125],"size":[2.25,0.25,0.25],"uv":{"down":{"uv":[6.6547,2.707],"uv_size":[-0.738,-0.082]},"east":{"uv":[7.9597,3.0013],"uv_size":[0.082,0.082]},"north":{"uv":[9.3453,3.0013],"uv_size":[0.738,0.082]},"south":{"uv":[5.9287,3.0013],"uv_size":[0.738,0.082]},"up":{"uv":[6.6547,2.707],"uv_size":[-0.738,-0.082]},"west":{"uv":[7.9597,3.0013],"uv_size":[0.082,0.082]}}},{"origin":[3,7,-0.125],"size":[2.5,0.25,0.25],"uv":{"down":{"uv":[6.9867,2.707],"uv_size":[-0.82,-0.082]},"east":{"uv":[7.9597,2.918],"uv_size":[0.082,0.082]},"north":{"uv":[9.0133,2.918],"uv_size":[0.82,0.082]},"south":{"uv":[6.18,2.918],"uv_size":[0.82,0.082]},"up":{"uv":[6.9867,2.707],"uv_size":[-0.82,-0.082]},"west":{"uv":[7.9597,2.918],"uv_size":[0.082,0.082]}}},{"origin":[2,7.25,-0.125],"size":[2.75,0.25,0.25],"uv":{"down":{"uv":[7.3187,2.707],"uv_size":[-0.902,-0.082]},"east":{"uv":[7.9597,2.8347],"uv_size":[0.082,0.082]},"north":{"uv":[8.6813,2.8347],"uv_size":[0.902,0.082]},"south":{"uv":[6.4313,2.8347],"uv_size":[0.902,0.082]},"up":{"uv":[7.3187,2.707],"uv_size":[-0.902,-0.082]},"west":{"uv":[7.9597,2.8347],"uv_size":[0.082,0.082]}}},{"origin":[1,7.5,-0.125],"size":[3,0.25,0.25],"uv":{"down":{"uv":[7.6507,2.707],"uv_size":[-0.984,-0.082]},"east":{"uv":[7.9597,2.7513],"uv_size":[0.082,0.082]},"north":{"uv":[8.3493,2.7513],"uv_size":[0.984,0.082]},"south":{"uv":[6.6827,2.7513],"uv_size":[0.984,0.082]},"up":{"uv":[7.6507,2.707],"uv_size":[-0.984,-0.082]},"west":{"uv":[7.9597,2.7513],"uv_size":[0.082,0.082]}}},{"origin":[0,7.75,-0.125],"size":[3.25,0.25,0.25],"uv":{"down":{"uv":[7.984,2.707],"uv_size":[-1.0673,-0.082]},"east":{"uv":[7.9597,2.668],"uv_size":[0.082,0.082]},"north":{"uv":[8.016,2.668],"uv_size":[1.0673,0.082]},"south":{"uv":[6.9327,2.668],"uv_size":[1.0673,0.082]},"up":{"uv":[7.984,2.707],"uv_size":[-1.0673,-0.082]},"west":{"uv":[7.9597,2.668],"uv_size":[0.082,0.082]}}},{"origin":[-1.25,8,-0.125],"size":[3.5,0.25,0.25],"uv":{"down":{"uv":[8.4007,2.707],"uv_size":[-1.1507,-0.082]},"east":{"uv":[7.9597,2.5847],"uv_size":[0.082,0.082]},"north":{"uv":[7.5993,2.5847],"uv_size":[1.1507,0.082]},"south":{"uv":[7.266,2.5847],"uv_size":[1.1507,0.082]},"up":{"uv":[8.4007,2.707],"uv_size":[-1.1507,-0.082]},"west":{"uv":[7.9597,2.5847],"uv_size":[0.082,0.082]}}},{"origin":[-3.25,8.25,-0.125],"size":[4.5,0.25,0.25],"uv":{"down":{"uv":[9.0673,2.707],"uv_size":[-1.484,-0.082]},"east":{"uv":[7.9597,2.5013],"uv_size":[0.082,0.082]},"north":{"uv":[6.9327,2.5013],"uv_size":[1.484,0.082]},"south":{"uv":[7.5993,2.5013],"uv_size":[1.484,0.082]},"up":{"uv":[9.0673,2.707],"uv_size":[-1.484,-0.082]},"west":{"uv":[7.9597,2.5013],"uv_size":[0.082,0.082]}}},{"origin":[-5.5,8.5,-0.125],"size":[5.75,0.25,0.25],"uv":{"down":{"uv":[9.8173,2.707],"uv_size":[-1.9007,-0.082]},"east":{"uv":[7.9597,2.418],"uv_size":[0.082,0.082]},"north":{"uv":[6.1827,2.418],"uv_size":[1.9007,0.082]},"south":{"uv":[7.9327,2.418],"uv_size":[1.9007,0.082]},"up":{"uv":[9.8173,2.707],"uv_size":[-1.9007,-0.082]},"west":{"uv":[7.9597,2.418],"uv_size":[0.082,0.082]}}},{"origin":[-8.25,8.75,-0.125],"size":[7.25,0.25,0.25],"uv":{"down":{"uv":[10.6507,2.707],"uv_size":[-2.3173,-0.082]},"north":{"uv":[5.3493,2.3347],"uv_size":[2.3173,0.082]},"south":{"uv":[8.3493,2.3347],"uv_size":[2.3173,0.082]},"up":{"uv":[10.6507,2.707],"uv_size":[-2.3173,-0.082]},"west":{"uv":[7.9597,2.3347],"uv_size":[0.082,0.082]}}},{"origin":[-8.25,9,-0.125],"size":[5.25,0.25,0.25],"uv":{"north":{"uv":[5.3493,2.2513],"uv_size":[1.6507,0.082]},"south":{"uv":[9.016,2.2513],"uv_size":[1.6507,0.082]},"up":{"uv":[10.6507,2.707],"uv_size":[-1.6507,-0.082]},"west":{"uv":[7.9597,2.2513],"uv_size":[0.082,0.082]}}},{"origin":[-8.25,9.25,-0.125],"size":[3,0.25,0.25],"uv":{"north":{"uv":[5.348,2.168],"uv_size":[0.902,0.082]},"south":{"uv":[9.7647,2.168],"uv_size":[0.902,0.082]},"up":{"uv":[10.652,2.707],"uv_size":[-0.902,-0.082]},"west":{"uv":[7.9597,2.168],"uv_size":[0.082,0.082]}}},{"origin":[-15.75,8.5,-0.25],"size":[7.5,1,0.5],"uv":{"down":{"uv":[14.609,12.0403],"uv_size":[-1.234,-0.082]},"east":{"uv":[14.6263,11.7527],"uv_size":[0.082,0.164]},"north":{"uv":[14.7243,11.7527],"uv_size":[1.234,0.164]},"south":{"uv":[13.391,11.7527],"uv_size":[1.234,0.164]},"up":{"uv":[14.609,12.0403],"uv_size":[-1.234,-0.082]},"west":{"uv":[14.6263,11.7527],"uv_size":[0.082,0.164]}}},{"origin":[-9,9.5,-0.25],"size":[0.75,0.25,0.5],"uv":{"north":{"uv":[15.8353,11.709],"uv_size":[0.123,0.041]},"south":{"uv":[13.377,11.709],"uv_size":[0.123,0.041]},"up":{"uv":[13.498,12.0403],"uv_size":[-0.123,-0.082]},"west":{"uv":[14.6263,11.709],"uv_size":[0.082,0.041]}}},{"origin":[-9,8.25,-0.25],"size":[0.25,0.25,0.5],"uv":{"down":{"uv":[13.4993,12.0403],"uv_size":[-0.041,-0.082]},"north":{"uv":[15.834,11.9173],"uv_size":[0.041,0.041]},"south":{"uv":[13.459,11.9173],"uv_size":[0.041,0.041]},"west":{"uv":[14.6263,11.9173],"uv_size":[0.082,0.041]}}},{"origin":[-9,8.5,-0.5],"size":[0.25,1,0.25],"uv":{"down":{"uv":[13.4993,12.0827],"uv_size":[-0.041,-0.041]},"east":{"uv":[14.709,11.7527],"uv_size":[0.041,0.164]},"north":{"uv":[15.834,11.7527],"uv_size":[0.041,0.164]},"up":{"uv":[13.4993,11.9577],"uv_size":[-0.041,-0.041]},"west":{"uv":[14.584,11.7527],"uv_size":[0.041,0.164]}}},{"origin":[-9,8.5,0.25],"size":[0.25,1,0.25],"uv":{"down":{"uv":[13.4993,11.9577],"uv_size":[-0.041,-0.041]},"south":{"uv":[13.459,11.7527],"uv_size":[0.041,0.164]},"up":{"uv":[13.4993,12.0827],"uv_size":[-0.041,-0.041]},"west":{"uv":[14.709,11.7527],"uv_size":[0.041,0.164]}}},{"origin":[-9.75,8,-0.5],"size":[0.75,0.5,0.25],"uv":{"down":{"uv":[5.623,9.416],"uv_size":[-0.123,-0.041]},"east":{"uv":[6.709,9.2513],"uv_size":[0.041,0.082]},"north":{"uv":[7.7103,9.2513],"uv_size":[0.123,0.082]},"south":{"uv":[5.502,9.2513],"uv_size":[0.123,0.082]},"west":{"uv":[6.584,9.2513],"uv_size":[0.041,0.082]}}},{"origin":[-9.75,8,-0.25],"size":[0.75,0.25,0.75],"uv":{"down":{"uv":[5.623,9.373],"uv_size":[-0.123,-0.123]},"east":{"uv":[6.5853,9.2923],"uv_size":[0.123,0.041]},"south":{"uv":[5.502,9.2923],"uv_size":[0.123,0.041]},"up":{"uv":[5.623,9.4147],"uv_size":[-0.123,-0.123]},"west":{"uv":[6.627,9.2923],"uv_size":[0.123,0.041]}}},{"origin":[-9.75,8.25,-0.75],"size":[0.75,1.5,0.25],"uv":{"down":{"uv":[5.623,9.4577],"uv_size":[-0.123,-0.041]},"east":{"uv":[6.7507,9.0457],"uv_size":[0.041,0.246]},"north":{"uv":[7.7103,9.0457],"uv_size":[0.123,0.246]},"south":{"uv":[5.502,9.0457],"uv_size":[0.123,0.246]},"up":{"uv":[5.623,9.2493],"uv_size":[-0.123,-0.041]},"west":{"uv":[6.5423,9.0457],"uv_size":[0.041,0.246]}}},{"origin":[-9.25,8.25,-0.25],"size":[0.25,0.25,1],"uv":{"down":{"uv":[5.541,9.3723],"uv_size":[-0.041,-0.164]},"east":{"uv":[6.5443,9.2507],"uv_size":[0.164,0.041]},"south":{"uv":[5.5007,9.2507],"uv_size":[0.041,0.041]},"up":{"uv":[5.541,9.4557],"uv_size":[-0.041,-0.164]},"west":{"uv":[6.6277,9.2507],"uv_size":[0.164,0.041]}}},{"origin":[-9.5,8.5,-1],"size":[0.5,1,0.25],"uv":{"down":{"uv":[5.582,9.4993],"uv_size":[-0.082,-0.041]},"east":{"uv":[6.7923,9.086],"uv_size":[0.041,0.164]},"north":{"uv":[7.7513,9.086],"uv_size":[0.082,0.164]},"up":{"uv":[5.582,9.2077],"uv_size":[-0.082,-0.041]},"west":{"uv":[6.5007,9.086],"uv_size":[0.041,0.164]}}},{"origin":[-15.25,8.5,-0.5],"size":[6.25,0.25,0.25],"uv":{"down":{"uv":[3.859,6.7493],"uv_size":[-1.0257,-0.041]},"north":{"uv":[4.141,6.5423],"uv_size":[1.0257,0.041]},"up":{"uv":[3.859,6.6243],"uv_size":[-1.0257,-0.041]}}},{"origin":[-9.75,8.5,0.25],"size":[0.75,1.5,0.25],"uv":{"down":{"uv":[5.623,9.291],"uv_size":[-0.123,-0.041]},"east":{"uv":[6.584,9.004],"uv_size":[0.041,0.246]},"north":{"uv":[7.7103,9.004],"uv_size":[0.123,0.246]},"south":{"uv":[5.502,9.004],"uv_size":[0.123,0.246]},"up":{"uv":[5.623,9.416],"uv_size":[-0.123,-0.041]},"west":{"uv":[6.709,9.004],"uv_size":[0.041,0.246]}}},{"origin":[-9.75,8.5,0.5],"size":[0.75,1.25,0.25],"uv":{"down":{"uv":[5.623,9.2493],"uv_size":[-0.123,-0.041]},"east":{"uv":[6.5423,9.045],"uv_size":[0.041,0.205]},"south":{"uv":[5.502,9.045],"uv_size":[0.123,0.205]},"up":{"uv":[5.623,9.4577],"uv_size":[-0.123,-0.041]},"west":{"uv":[6.7507,9.045],"uv_size":[0.041,0.205]}}},{"origin":[-9.5,8.5,0.75],"size":[0.5,1,0.25],"uv":{"down":{"uv":[5.582,9.2077],"uv_size":[-0.082,-0.041]},"east":{"uv":[6.5007,9.086],"uv_size":[0.041,0.164]},"south":{"uv":[5.5013,9.086],"uv_size":[0.082,0.164]},"up":{"uv":[5.582,9.4993],"uv_size":[-0.082,-0.041]},"west":{"uv":[6.7923,9.086],"uv_size":[0.041,0.164]}}},{"origin":[-10.5,9,-0.5],"size":[1.5,0.25,0.25],"uv":{"down":{"uv":[3.0793,6.7493],"uv_size":[-0.246,-0.041]},"north":{"uv":[4.9207,6.459],"uv_size":[0.246,0.041]},"up":{"uv":[3.0793,6.6243],"uv_size":[-0.246,-0.041]}}},{"origin":[-9.75,9.5,-0.5],"size":[0.75,0.5,0.75],"uv":{"down":{"uv":[5.623,9.4147],"uv_size":[-0.123,-0.123]},"east":{"uv":[6.627,9.0013],"uv_size":[0.123,0.082]},"north":{"uv":[7.7103,9.0013],"uv_size":[0.123,0.082]},"up":{"uv":[5.623,9.373],"uv_size":[-0.123,-0.123]},"west":{"uv":[6.5853,9.0013],"uv_size":[0.123,0.082]}}},{"origin":[-9.5,7.75,-0.5],"size":[0.25,0.25,1],"uv":{"down":{"uv":[5.5827,9.414],"uv_size":[-0.041,-0.164]},"east":{"uv":[6.586,9.334],"uv_size":[0.164,0.041]},"north":{"uv":[7.7507,9.334],"uv_size":[0.041,0.041]},"south":{"uv":[5.5423,9.334],"uv_size":[0.041,0.041]},"up":{"uv":[5.5827,9.414],"uv_size":[-0.041,-0.164]},"west":{"uv":[6.586,9.334],"uv_size":[0.164,0.041]}}},{"origin":[-9.5,8,-0.75],"size":[0.25,0.25,0.25],"uv":{"down":{"uv":[5.5827,9.4577],"uv_size":[-0.041,-0.041]},"east":{"uv":[6.7507,9.2923],"uv_size":[0.041,0.041]},"north":{"uv":[7.7507,9.2923],"uv_size":[0.041,0.041]},"west":{"uv":[6.5423,9.2923],"uv_size":[0.041,0.041]}}},{"origin":[-9.5,8,0.5],"size":[0.25,0.5,0.25],"uv":{"down":{"uv":[5.5827,9.2493],"uv_size":[-0.041,-0.041]},"east":{"uv":[6.5423,9.2513],"uv_size":[0.041,0.082]},"north":{"uv":[7.7507,9.2513],"uv_size":[0.041,0.082]},"south":{"uv":[5.5423,9.2513],"uv_size":[0.041,0.082]},"west":{"uv":[6.7507,9.2513],"uv_size":[0.041,0.082]}}},{"origin":[-9.5,8.25,-1],"size":[0.25,0.25,0.25],"uv":{"down":{"uv":[5.5827,9.4993],"uv_size":[-0.041,-0.041]},"east":{"uv":[6.7923,9.2507],"uv_size":[0.041,0.041]},"north":{"uv":[7.7507,9.2507],"uv_size":[0.041,0.041]},"west":{"uv":[6.5007,9.2507],"uv_size":[0.041,0.041]}}},{"origin":[-9.75,8.25,0.25],"size":[0.5,0.25,0.25],"uv":{"north":{"uv":[7.7097,9.2507],"uv_size":[0.082,0.041]},"south":{"uv":[5.543,9.2507],"uv_size":[0.082,0.041]}}},{"origin":[-9.5,8.25,0.75],"size":[0.25,0.25,0.25],"uv":{"down":{"uv":[5.5827,9.2077],"uv_size":[-0.041,-0.041]},"east":{"uv":[6.5007,9.2507],"uv_size":[0.041,0.041]},"south":{"uv":[5.5423,9.2507],"uv_size":[0.041,0.041]},"west":{"uv":[6.7923,9.2507],"uv_size":[0.041,0.041]}}},{"origin":[-9.5,8.75,-1.25],"size":[0.25,0.75,0.25],"uv":{"down":{"uv":[5.5827,9.541],"uv_size":[-0.041,-0.041]},"east":{"uv":[6.834,9.0853],"uv_size":[0.041,0.123]},"north":{"uv":[7.7507,9.0853],"uv_size":[0.041,0.123]},"up":{"uv":[5.5827,9.166],"uv_size":[-0.041,-0.041]},"west":{"uv":[6.459,9.0853],"uv_size":[0.041,0.123]}}},{"origin":[-10.75,8.75,-0.5],"size":[1.5,0.25,0.25],"uv":{"north":{"uv":[4.879,6.5007],"uv_size":[0.246,0.041]},"up":{"uv":[3.121,6.6243],"uv_size":[-0.246,-0.041]}}},{"origin":[-9.5,8.75,1],"size":[0.25,0.75,0.25],"uv":{"down":{"uv":[5.5827,9.166],"uv_size":[-0.041,-0.041]},"east":{"uv":[6.459,9.0853],"uv_size":[0.041,0.123]},"south":{"uv":[5.5423,9.0853],"uv_size":[0.041,0.123]},"up":{"uv":[5.5827,9.541],"uv_size":[-0.041,-0.041]},"west":{"uv":[6.834,9.0853],"uv_size":[0.041,0.123]}}},{"origin":[-9.5,9.5,-1],"size":[0.25,0.25,0.25],"uv":{"east":{"uv":[6.7923,9.0423],"uv_size":[0.041,0.041]},"north":{"uv":[7.7507,9.0423],"uv_size":[0.041,0.041]},"up":{"uv":[5.5827,9.2077],"uv_size":[-0.041,-0.041]},"west":{"uv":[6.5007,9.0423],"uv_size":[0.041,0.041]}}},{"origin":[-9.5,9.5,0.75],"size":[0.25,0.25,0.25],"uv":{"east":{"uv":[6.5007,9.0423],"uv_size":[0.041,0.041]},"south":{"uv":[5.5423,9.0423],"uv_size":[0.041,0.041]},"up":{"uv":[5.5827,9.4993],"uv_size":[-0.041,-0.041]},"west":{"uv":[6.7923,9.0423],"uv_size":[0.041,0.041]}}},{"origin":[-9.5,9.75,-0.75],"size":[0.25,0.25,0.25],"uv":{"east":{"uv":[6.7507,9.0007],"uv_size":[0.041,0.041]},"north":{"uv":[7.7507,9.0007],"uv_size":[0.041,0.041]},"up":{"uv":[5.5827,9.2493],"uv_size":[-0.041,-0.041]},"west":{"uv":[6.5423,9.0007],"uv_size":[0.041,0.041]}}},{"origin":[-9.5,9.75,0.5],"size":[0.25,0.25,0.25],"uv":{"east":{"uv":[6.5423,9.0007],"uv_size":[0.041,0.041]},"south":{"uv":[5.5423,9.0007],"uv_size":[0.041,0.041]},"up":{"uv":[5.5827,9.4577],"uv_size":[-0.041,-0.041]},"west":{"uv":[6.7507,9.0007],"uv_size":[0.041,0.041]}}},{"origin":[-9.5,10,-0.5],"size":[0.25,0.25,1],"uv":{"down":{"uv":[5.5827,9.414],"uv_size":[-0.041,-0.164]},"east":{"uv":[6.586,8.959],"uv_size":[0.164,0.041]},"north":{"uv":[7.7507,8.959],"uv_size":[0.041,0.041]},"south":{"uv":[5.5423,8.959],"uv_size":[0.041,0.041]},"up":{"uv":[5.5827,9.414],"uv_size":[-0.041,-0.164]},"west":{"uv":[6.586,8.959],"uv_size":[0.164,0.041]}}},{"origin":[-15.75,8.25,-0.25],"size":[6.25,0.25,0.5],"uv":{"down":{"uv":[3.9423,6.707],"uv_size":[-1.0257,-0.082]},"east":{"uv":[3.9597,6.584],"uv_size":[0.082,0.041]},"north":{"uv":[4.0577,6.584],"uv_size":[1.0257,0.041]},"south":{"uv":[2.9327,6.584],"uv_size":[1.0257,0.041]}}},{"origin":[-9.75,8.25,0.5],"size":[0.25,0.25,0.25],"uv":{"down":{"uv":[5.6243,9.2493],"uv_size":[-0.041,-0.041]},"east":{"uv":[6.5423,9.2507],"uv_size":[0.041,0.041]},"south":{"uv":[5.584,9.2507],"uv_size":[0.041,0.041]}}},{"origin":[-9.75,8.75,-1],"size":[0.25,0.75,0.25],"uv":{"down":{"uv":[5.6243,9.4993],"uv_size":[-0.041,-0.041]},"east":{"uv":[6.7923,9.0853],"uv_size":[0.041,0.123]},"north":{"uv":[7.709,9.0853],"uv_size":[0.041,0.123]},"up":{"uv":[5.6243,9.2077],"uv_size":[-0.041,-0.041]}}},{"origin":[-9.75,8.75,0.75],"size":[0.25,0.75,0.25],"uv":{"down":{"uv":[5.6243,9.2077],"uv_size":[-0.041,-0.041]},"east":{"uv":[6.5007,9.0853],"uv_size":[0.041,0.123]},"south":{"uv":[5.584,9.0853],"uv_size":[0.041,0.123]},"up":{"uv":[5.6243,9.4993],"uv_size":[-0.041,-0.041]}}},{"origin":[-15.75,9.25,-0.5],"size":[6.25,0.25,0.25],"uv":{"down":{"uv":[3.9423,6.7493],"uv_size":[-1.0257,-0.041]},"north":{"uv":[4.0577,6.4173],"uv_size":[1.0257,0.041]},"up":{"uv":[3.9423,6.6243],"uv_size":[-1.0257,-0.041]}}},{"origin":[-10.75,8.25,-0.5],"size":[1,0.25,0.25],"uv":{"down":{"uv":[3.1223,6.7493],"uv_size":[-0.164,-0.041]},"east":{"uv":[4.0423,6.584],"uv_size":[0.041,0.041]},"north":{"uv":[4.8777,6.584],"uv_size":[0.164,0.041]}}},{"origin":[-10.75,8.25,0.25],"size":[1,1.5,0.25],"uv":{"down":{"uv":[3.1223,6.6243],"uv_size":[-0.164,-0.041]},"east":{"uv":[3.9173,6.379],"uv_size":[0.041,0.246]},"north":{"uv":[4.8777,6.379],"uv_size":[0.164,0.246]},"south":{"uv":[2.961,6.379],"uv_size":[0.164,0.246]},"up":{"uv":[3.1223,6.7493],"uv_size":[-0.164,-0.041]},"west":{"uv":[4.0423,6.379],"uv_size":[0.041,0.246]}}},{"origin":[-10.25,8.5,-0.75],"size":[0.5,1,0.25],"uv":{"down":{"uv":[3.0403,6.791],"uv_size":[-0.082,-0.041]},"east":{"uv":[4.084,6.4193],"uv_size":[0.041,0.164]},"north":{"uv":[4.9597,6.4193],"uv_size":[0.082,0.164]},"south":{"uv":[2.9597,6.4193],"uv_size":[0.082,0.164]},"up":{"uv":[3.0403,6.5827],"uv_size":[-0.082,-0.041]}}},{"origin":[-10.5,8.5,0.5],"size":[0.75,0.75,0.25],"uv":{"down":{"uv":[3.0813,6.5827],"uv_size":[-0.123,-0.041]},"east":{"uv":[3.8757,6.4603],"uv_size":[0.041,0.123]},"south":{"uv":[2.9603,6.4603],"uv_size":[0.123,0.123]},"up":{"uv":[3.0813,6.791],"uv_size":[-0.123,-0.041]}}},{"origin":[-10.25,9.25,0.5],"size":[0.5,0.25,0.25],"uv":{"south":{"uv":[2.9597,6.4173],"uv_size":[0.082,0.041]},"up":{"uv":[3.0403,6.791],"uv_size":[-0.082,-0.041]}}},{"origin":[-11,9.5,-0.5],"size":[1.25,0.25,0.75],"uv":{"down":{"uv":[3.1633,6.748],"uv_size":[-0.205,-0.123]},"east":{"uv":[3.9603,6.3757],"uv_size":[0.123,0.041]},"north":{"uv":[4.8367,6.3757],"uv_size":[0.205,0.041]},"south":{"uv":[2.9617,6.3757],"uv_size":[0.205,0.041]},"up":{"uv":[3.1633,6.7063],"uv_size":[-0.205,-0.123]}}},{"origin":[-10.75,8.5,-0.75],"size":[0.5,0.5,0.25],"uv":{"down":{"uv":[3.1237,6.791],"uv_size":[-0.082,-0.041]},"east":{"uv":[4.084,6.5013],"uv_size":[0.041,0.082]},"north":{"uv":[4.8763,6.5013],"uv_size":[0.082,0.082]},"south":{"uv":[3.043,6.5013],"uv_size":[0.082,0.082]},"up":{"uv":[3.1237,6.5827],"uv_size":[-0.082,-0.041]}}},{"origin":[-10.5,9,-0.75],"size":[0.25,0.5,0.25],"uv":{"north":{"uv":[4.9173,6.418],"uv_size":[0.041,0.082]},"south":{"uv":[3.0423,6.418],"uv_size":[0.041,0.082]},"up":{"uv":[3.0827,6.5827],"uv_size":[-0.041,-0.041]}}},{"origin":[-10.5,9.25,0.5],"size":[0.25,0.25,0.25],"uv":{"south":{"uv":[3.0423,6.4173],"uv_size":[0.041,0.041]},"up":{"uv":[3.0827,6.791],"uv_size":[-0.041,-0.041]}}},{"origin":[-10.75,8.5,0.5],"size":[0.25,0.5,0.25],"uv":{"down":{"uv":[3.1243,6.5827],"uv_size":[-0.041,-0.041]},"east":{"uv":[3.8757,6.5013],"uv_size":[0.041,0.082]},"south":{"uv":[3.084,6.5013],"uv_size":[0.041,0.082]}}},{"origin":[-10.75,9,-0.75],"size":[0.25,0.5,0.25],"uv":{"east":{"uv":[4.084,6.418],"uv_size":[0.041,0.082]},"north":{"uv":[4.8757,6.418],"uv_size":[0.041,0.082]},"south":{"uv":[3.084,6.418],"uv_size":[0.041,0.082]},"up":{"uv":[3.1243,6.5827],"uv_size":[-0.041,-0.041]}}},{"origin":[-11,9,0.5],"size":[0.5,0.25,0.25],"uv":{"down":{"uv":[3.1653,6.5827],"uv_size":[-0.082,-0.041]},"north":{"uv":[4.8347,6.459],"uv_size":[0.082,0.041]},"south":{"uv":[3.0847,6.459],"uv_size":[0.082,0.041]},"up":{"uv":[3.1653,6.791],"uv_size":[-0.082,-0.041]}}},{"origin":[-10.75,9.25,0.5],"size":[0.25,0.25,0.25],"uv":{"south":{"uv":[3.084,6.4173],"uv_size":[0.041,0.041]},"up":{"uv":[3.1243,6.791],"uv_size":[-0.041,-0.041]}}},{"origin":[-15.75,8.5,0.25],"size":[5,0.5,0.25],"uv":{"down":{"uv":[3.945,6.6243],"uv_size":[-0.82,-0.041]},"east":{"uv":[3.9173,6.5013],"uv_size":[0.041,0.082]},"south":{"uv":[3.1383,6.5013],"uv_size":[0.82,0.082]},"up":{"uv":[3.945,6.7493],"uv_size":[-0.82,-0.041]}}},{"origin":[-11.5,8.75,-0.75],"size":[0.75,0.5,0.25],"uv":{"down":{"uv":[3.248,6.791],"uv_size":[-0.123,-0.041]},"east":{"uv":[4.084,6.4597],"uv_size":[0.041,0.082]},"north":{"uv":[4.752,6.4597],"uv_size":[0.123,0.082]},"south":{"uv":[3.127,6.4597],"uv_size":[0.123,0.082]},"west":{"uv":[3.8757,6.4597],"uv_size":[0.041,0.082]}}},{"origin":[-15.25,8.75,-0.5],"size":[4.5,0.25,0.25],"uv":{"north":{"uv":[4.137,6.5007],"uv_size":[0.738,0.041]},"up":{"uv":[3.863,6.6243],"uv_size":[-0.738,-0.041]}}},{"origin":[-15.75,8.75,0.5],"size":[5,0.25,0.25],"uv":{"down":{"uv":[3.945,6.5827],"uv_size":[-0.82,-0.041]},"east":{"uv":[3.8757,6.5007],"uv_size":[0.041,0.041]},"south":{"uv":[3.1383,6.5007],"uv_size":[0.82,0.041]},"up":{"uv":[3.945,6.791],"uv_size":[-0.82,-0.041]}}},{"origin":[-11,9,0.25],"size":[0.25,0.75,0.25],"uv":{"east":{"uv":[3.9173,6.377],"uv_size":[0.041,0.123]},"north":{"uv":[4.834,6.377],"uv_size":[0.041,0.123]},"south":{"uv":[3.1257,6.377],"uv_size":[0.041,0.123]},"up":{"uv":[3.166,6.7493],"uv_size":[-0.041,-0.041]}}},{"origin":[-15.75,9.25,-0.75],"size":[5,0.25,0.25],"uv":{"down":{"uv":[3.945,6.791],"uv_size":[-0.82,-0.041]},"east":{"uv":[4.084,6.4173],"uv_size":[0.041,0.041]},"north":{"uv":[4.055,6.4173],"uv_size":[0.82,0.041]},"up":{"uv":[3.945,6.5827],"uv_size":[-0.82,-0.041]}}},{"origin":[-13.5,9.25,0.5],"size":[2.75,0.25,0.25],"uv":{"down":{"uv":[3.576,6.5827],"uv_size":[-0.451,-0.041]},"north":{"uv":[4.424,6.4173],"uv_size":[0.451,0.041]},"south":{"uv":[3.1323,6.4173],"uv_size":[0.451,0.041]},"up":{"uv":[3.576,6.791],"uv_size":[-0.451,-0.041]}}},{"origin":[-11.25,9,0.25],"size":[0.25,0.25,0.5],"uv":{"down":{"uv":[3.2077,6.6237],"uv_size":[-0.041,-0.082]},"south":{"uv":[3.1673,6.459],"uv_size":[0.041,0.041]},"up":{"uv":[3.2077,6.7903],"uv_size":[-0.041,-0.082]},"west":{"uv":[4.043,6.459],"uv_size":[0.082,0.041]}}},{"origin":[-15.75,9.25,0.25],"size":[4.75,0.25,0.25],"uv":{"down":{"uv":[3.9457,6.6243],"uv_size":[-0.779,-0.041]},"south":{"uv":[3.1793,6.4173],"uv_size":[0.779,0.041]},"up":{"uv":[3.9457,6.7493],"uv_size":[-0.779,-0.041]}}},{"origin":[-14,9.5,-0.25],"size":[3,0.25,0.5],"uv":{"east":{"uv":[3.9597,6.3757],"uv_size":[0.082,0.041]},"north":{"uv":[4.3413,6.3757],"uv_size":[0.492,0.041]},"south":{"uv":[3.1747,6.3757],"uv_size":[0.492,0.041]},"up":{"uv":[3.6587,6.707],"uv_size":[-0.492,-0.082]}}},{"origin":[-11.5,9,0.25],"size":[0.25,0.25,0.5],"uv":{"down":{"uv":[3.2493,6.6237],"uv_size":[-0.041,-0.082]},"south":{"uv":[3.209,6.459],"uv_size":[0.041,0.041]},"up":{"uv":[3.2493,6.7903],"uv_size":[-0.041,-0.082]}}},{"origin":[-12,8.75,-0.75],"size":[0.5,0.25,0.25],"uv":{"down":{"uv":[3.332,6.791],"uv_size":[-0.082,-0.041]},"north":{"uv":[4.668,6.5007],"uv_size":[0.082,0.041]},"up":{"uv":[3.332,6.5827],"uv_size":[-0.082,-0.041]}}},{"origin":[-11.75,9,-0.75],"size":[0.25,0.25,0.5],"uv":{"down":{"uv":[3.291,6.7903],"uv_size":[-0.041,-0.082]},"north":{"uv":[4.709,6.459],"uv_size":[0.041,0.041]},"up":{"uv":[3.291,6.6237],"uv_size":[-0.041,-0.082]},"west":{"uv":[3.8763,6.459],"uv_size":[0.082,0.041]}}},{"origin":[-11.75,9,0.25],"size":[0.25,0.25,0.5],"uv":{"down":{"uv":[3.291,6.6237],"uv_size":[-0.041,-0.082]},"south":{"uv":[3.2507,6.459],"uv_size":[0.041,0.041]},"up":{"uv":[3.291,6.7903],"uv_size":[-0.041,-0.082]}}},{"origin":[-15.75,9,-0.75],"size":[4,0.25,0.5],"uv":{"down":{"uv":[3.9477,6.7903],"uv_size":[-0.656,-0.082]},"east":{"uv":[4.043,6.459],"uv_size":[0.082,0.041]},"north":{"uv":[4.0523,6.459],"uv_size":[0.656,0.041]},"up":{"uv":[3.9477,6.6237],"uv_size":[-0.656,-0.082]}}},{"origin":[-12,9,0.25],"size":[0.25,0.25,0.5],"uv":{"down":{"uv":[3.3327,6.6237],"uv_size":[-0.041,-0.082]},"south":{"uv":[3.2923,6.459],"uv_size":[0.041,0.041]},"up":{"uv":[3.3327,6.7903],"uv_size":[-0.041,-0.082]}}},{"origin":[-12.25,8.75,-0.75],"size":[0.25,0.25,0.25],"uv":{"down":{"uv":[3.3743,6.791],"uv_size":[-0.041,-0.041]},"north":{"uv":[4.6257,6.5007],"uv_size":[0.041,0.041]}}},{"origin":[-12.25,9,0.25],"size":[0.25,0.25,0.5],"uv":{"down":{"uv":[3.3743,6.6237],"uv_size":[-0.041,-0.082]},"south":{"uv":[3.334,6.459],"uv_size":[0.041,0.041]},"up":{"uv":[3.3743,6.7903],"uv_size":[-0.041,-0.082]}}},{"origin":[-12.5,8.75,-0.75],"size":[0.25,0.25,0.25],"uv":{"down":{"uv":[3.416,6.791],"uv_size":[-0.041,-0.041]},"north":{"uv":[4.584,6.5007],"uv_size":[0.041,0.041]}}},{"origin":[-12.5,9,0.25],"size":[0.25,0.25,0.5],"uv":{"down":{"uv":[3.416,6.6237],"uv_size":[-0.041,-0.082]},"south":{"uv":[3.3757,6.459],"uv_size":[0.041,0.041]},"up":{"uv":[3.416,6.7903],"uv_size":[-0.041,-0.082]}}},{"origin":[-14,8.75,-0.75],"size":[1.5,0.25,0.25],"uv":{"down":{"uv":[3.6627,6.791],"uv_size":[-0.246,-0.041]},"north":{"uv":[4.3373,6.5007],"uv_size":[0.246,0.041]}}},{"origin":[-14,9,0.25],"size":[1.5,0.25,0.5],"uv":{"down":{"uv":[3.6627,6.6237],"uv_size":[-0.246,-0.082]},"south":{"uv":[3.4207,6.459],"uv_size":[0.246,0.041]},"up":{"uv":[3.6627,6.7903],"uv_size":[-0.246,-0.082]}}},{"origin":[-15.75,9.25,0.5],"size":[2.25,0.25,0.25],"uv":{"down":{"uv":[3.9523,6.5827],"uv_size":[-0.369,-0.041]},"east":{"uv":[3.8757,6.4173],"uv_size":[0.041,0.041]},"south":{"uv":[3.5893,6.4173],"uv_size":[0.369,0.041]},"up":{"uv":[3.9523,6.791],"uv_size":[-0.369,-0.041]}}},{"origin":[-14.25,8.75,-0.75],"size":[0.25,0.25,0.25],"uv":{"down":{"uv":[3.7077,6.791],"uv_size":[-0.041,-0.041]},"north":{"uv":[4.2923,6.5007],"uv_size":[0.041,0.041]}}},{"origin":[-14.25,9,0.25],"size":[0.25,0.25,0.5],"uv":{"down":{"uv":[3.7077,6.6237],"uv_size":[-0.041,-0.082]},"south":{"uv":[3.6673,6.459],"uv_size":[0.041,0.041]},"up":{"uv":[3.7077,6.7903],"uv_size":[-0.041,-0.082]}}},{"origin":[-14.5,9.5,-0.25],"size":[0.5,0.25,0.25],"uv":{"north":{"uv":[4.2513,6.3757],"uv_size":[0.082,0.041]},"up":{"uv":[3.7487,6.666],"uv_size":[-0.082,-0.041]}}},{"origin":[-16,9.5,0],"size":[2,0.25,0.25],"uv":{"down":{"uv":[3.9947,6.666],"uv_size":[-0.328,-0.041]},"east":{"uv":[3.959,6.3757],"uv_size":[0.041,0.041]},"north":{"uv":[4.0053,6.3757],"uv_size":[0.328,0.041]},"south":{"uv":[3.672,6.3757],"uv_size":[0.328,0.041]},"up":{"uv":[3.9947,6.7077],"uv_size":[-0.328,-0.041]}}},{"origin":[-14.5,8.75,-0.75],"size":[0.25,0.25,0.25],"uv":{"down":{"uv":[3.7493,6.791],"uv_size":[-0.041,-0.041]},"north":{"uv":[4.2507,6.5007],"uv_size":[0.041,0.041]}}},{"origin":[-14.5,9,0.25],"size":[0.25,0.25,0.5],"uv":{"down":{"uv":[3.7493,6.6237],"uv_size":[-0.041,-0.082]},"south":{"uv":[3.709,6.459],"uv_size":[0.041,0.041]},"up":{"uv":[3.7493,6.7903],"uv_size":[-0.041,-0.082]}}},{"origin":[-14.75,8.75,-0.75],"size":[0.25,0.25,0.25],"uv":{"down":{"uv":[3.791,6.791],"uv_size":[-0.041,-0.041]},"north":{"uv":[4.209,6.5007],"uv_size":[0.041,0.041]}}},{"origin":[-14.75,9,0.25],"size":[0.25,0.25,0.5],"uv":{"down":{"uv":[3.791,6.6237],"uv_size":[-0.041,-0.082]},"south":{"uv":[3.7507,6.459],"uv_size":[0.041,0.041]},"up":{"uv":[3.791,6.7903],"uv_size":[-0.041,-0.082]}}},{"origin":[-16,9.5,-0.25],"size":[1.5,0.25,0.25],"uv":{"down":{"uv":[3.996,6.7077],"uv_size":[-0.246,-0.041]},"east":{"uv":[4.0007,6.3757],"uv_size":[0.041,0.041]},"north":{"uv":[4.004,6.3757],"uv_size":[0.246,0.041]},"up":{"uv":[3.996,6.666],"uv_size":[-0.246,-0.041]}}},{"origin":[-15.5,8.75,-0.75],"size":[0.75,0.25,0.25],"uv":{"down":{"uv":[3.9147,6.791],"uv_size":[-0.123,-0.041]},"north":{"uv":[4.0853,6.5007],"uv_size":[0.123,0.041]},"south":{"uv":[3.7937,6.5007],"uv_size":[0.123,0.041]}}},{"origin":[-15,9,0.25],"size":[0.25,0.25,0.5],"uv":{"down":{"uv":[3.8327,6.6237],"uv_size":[-0.041,-0.082]},"south":{"uv":[3.7923,6.459],"uv_size":[0.041,0.041]},"up":{"uv":[3.8327,6.7903],"uv_size":[-0.041,-0.082]}}},{"origin":[-15.25,9,0.25],"size":[0.25,0.25,0.5],"uv":{"down":{"uv":[3.8743,6.6237],"uv_size":[-0.041,-0.082]},"south":{"uv":[3.834,6.459],"uv_size":[0.041,0.041]},"up":{"uv":[3.8743,6.7903],"uv_size":[-0.041,-0.082]}}},{"origin":[-15.75,8.5,-0.5],"size":[0.5,0.5,0.25],"uv":{"down":{"uv":[3.957,6.7493],"uv_size":[-0.082,-0.041]},"east":{"uv":[4.0423,6.5013],"uv_size":[0.041,0.082]},"north":{"uv":[4.043,6.5013],"uv_size":[0.082,0.082]},"west":{"uv":[3.9173,6.5013],"uv_size":[0.041,0.082]}}},{"origin":[-15.5,9,0.25],"size":[0.25,0.25,0.5],"uv":{"down":{"uv":[3.916,6.6237],"uv_size":[-0.041,-0.082]},"south":{"uv":[3.8757,6.459],"uv_size":[0.041,0.041]},"up":{"uv":[3.916,6.7903],"uv_size":[-0.041,-0.082]}}},{"origin":[-15.75,8.75,-0.75],"size":[0.25,0.25,0.25],"uv":{"down":{"uv":[3.9577,6.791],"uv_size":[-0.041,-0.041]},"east":{"uv":[4.084,6.5007],"uv_size":[0.041,0.041]},"north":{"uv":[4.0423,6.5007],"uv_size":[0.041,0.041]}}},{"origin":[-15.75,9,0.25],"size":[0.25,0.25,0.5],"uv":{"down":{"uv":[3.9577,6.6237],"uv_size":[-0.041,-0.082]},"east":{"uv":[3.8763,6.459],"uv_size":[0.082,0.041]},"south":{"uv":[3.9173,6.459],"uv_size":[0.041,0.041]},"up":{"uv":[3.9577,6.7903],"uv_size":[-0.041,-0.082]}}},{"origin":[-16,8.5,-0.25],"size":[0.25,1,0.25],"uv":{"down":{"uv":[3.9993,6.7077],"uv_size":[-0.041,-0.041]},"east":{"uv":[4.0007,6.4193],"uv_size":[0.041,0.164]},"north":{"uv":[4.0007,6.4193],"uv_size":[0.041,0.164]},"south":{"uv":[3.959,6.4193],"uv_size":[0.041,0.164]}}},{"origin":[-16,8.5,0],"size":[0.25,0.5,0.25],"uv":{"down":{"uv":[3.9993,6.666],"uv_size":[-0.041,-0.041]},"east":{"uv":[3.959,6.5013],"uv_size":[0.041,0.082]},"south":{"uv":[3.959,6.5013],"uv_size":[0.041,0.082]}}},{"origin":[-16,8.75,-0.5],"size":[0.25,0.25,0.25],"uv":{"down":{"uv":[3.9993,6.7493],"uv_size":[-0.041,-0.041]},"east":{"uv":[4.0423,6.5007],"uv_size":[0.041,0.041]},"north":{"uv":[4.0007,6.5007],"uv_size":[0.041,0.041]}}},{"origin":[-16,8.75,0.25],"size":[0.25,0.75,0.25],"uv":{"down":{"uv":[3.9993,6.6243],"uv_size":[-0.041,-0.041]},"east":{"uv":[3.9173,6.4187],"uv_size":[0.041,0.123]},"north":{"uv":[4.0007,6.4187],"uv_size":[0.041,0.123]},"south":{"uv":[3.959,6.4187],"uv_size":[0.041,0.123]},"up":{"uv":[3.9993,6.7493],"uv_size":[-0.041,-0.041]},"west":{"uv":[4.0423,6.4187],"uv_size":[0.041,0.123]}}},{"origin":[-16,9,-0.5],"size":[0.25,0.25,0.25],"uv":{"east":{"uv":[4.0423,6.459],"uv_size":[0.041,0.041]},"north":{"uv":[4.0007,6.459],"uv_size":[0.041,0.041]}}},{"origin":[-16.25,9,0],"size":[0.5,0.25,0.25],"uv":{"down":{"uv":[4.0403,6.666],"uv_size":[-0.082,-0.041]},"east":{"uv":[3.959,6.459],"uv_size":[0.041,0.041]},"north":{"uv":[3.9597,6.459],"uv_size":[0.082,0.041]},"south":{"uv":[3.9597,6.459],"uv_size":[0.082,0.041]}}},{"origin":[-16,9.25,-0.5],"size":[0.25,0.25,0.25],"uv":{"east":{"uv":[4.0423,6.4173],"uv_size":[0.041,0.041]},"north":{"uv":[4.0007,6.4173],"uv_size":[0.041,0.041]},"up":{"uv":[3.9993,6.6243],"uv_size":[-0.041,-0.041]}}},{"origin":[-16.25,9.25,0],"size":[0.5,0.25,0.25],"uv":{"east":{"uv":[3.959,6.4173],"uv_size":[0.041,0.041]},"north":{"uv":[3.9597,6.4173],"uv_size":[0.082,0.041]},"south":{"uv":[3.9597,6.4173],"uv_size":[0.082,0.041]},"up":{"uv":[4.0403,6.7077],"uv_size":[-0.082,-0.041]}}},{"origin":[-16.25,8.75,-0.25],"size":[0.25,0.25,0.5],"uv":{"down":{"uv":[4.041,6.707],"uv_size":[-0.041,-0.082]},"east":{"uv":[3.9597,6.5007],"uv_size":[0.082,0.041]},"north":{"uv":[3.959,6.5007],"uv_size":[0.041,0.041]},"south":{"uv":[4.0007,6.5007],"uv_size":[0.041,0.041]},"up":{"uv":[4.041,6.707],"uv_size":[-0.041,-0.082]},"west":{"uv":[3.9597,6.5007],"uv_size":[0.082,0.041]}}},{"origin":[-16.25,9,-0.25],"size":[0.25,0.25,0.25],"uv":{"east":{"uv":[4.0007,6.459],"uv_size":[0.041,0.041]},"north":{"uv":[3.959,6.459],"uv_size":[0.041,0.041]}}},{"origin":[-16.25,9.25,-0.25],"size":[0.25,0.25,0.25],"uv":{"east":{"uv":[4.0007,6.4173],"uv_size":[0.041,0.041]},"north":{"uv":[3.959,6.4173],"uv_size":[0.041,0.041]},"up":{"uv":[4.041,6.666],"uv_size":[-0.041,-0.041]}}}],"name":"tmd_melees_z","parent":"tmd_melees_y","pivot":[0,8,0]}],"description":{"identifier":"geometry.tmd_melees.geo_449d651","texture_height":16,"texture_width":16,"visible_bounds_height":4.5,"visible_bounds_offset":[0,0.75,0],"visible_bounds_width":4}}]}