{"format_version":"1.16.0","minecraft:geometry":[{"bones":[{"binding":"c.item_slot == 'head' ? 'head' : q.item_slot_to_bone_name(c.item_slot)","name":"tmd_melees","pivot":[0,8,0]},{"name":"tmd_melees_x","parent":"tmd_melees","pivot":[0,8,0]},{"name":"tmd_melees_y","parent":"tmd_melees_x","pivot":[0,8,0]},{"cubes":[{"origin":[0.45,6,0.65],"size":[0.1,12,0.001],"uv":{"north":{"uv":[15.2452,11.216],"uv_size":[0.0098,0.984]},"south":{"uv":[15.1452,11.216],"uv_size":[0.0098,0.984]}}},{"origin":[0.45,5.9,0.39],"size":[0.1,12,0.001],"uv":{"north":{"uv":[15.2452,11.216],"uv_size":[0.0098,0.994]},"south":{"uv":[15.1452,11.216],"uv_size":[0.0098,0.994]}}},{"origin":[0.45,6,0.11],"size":[0.1,12,0.001],"uv":{"north":{"uv":[15.2452,11.216],"uv_size":[0.0098,0.984]},"south":{"uv":[15.1452,11.216],"uv_size":[0.0098,0.984]}}},{"origin":[0.5,4.75,-1.25],"size":[0.25,0.5,0.25],"uv":{"down":{"uv":[13.5496,5.7246],"uv_size":[-0.0246,-0.0246]},"east":{"uv":[13.7004,5.8758],"uv_size":[0.0246,0.0492]},"north":{"uv":[13.6504,5.8758],"uv_size":[0.0246,0.0492]},"south":{"uv":[13.5254,5.8758],"uv_size":[0.0246,0.0492]},"up":{"uv":[13.5496,5.4996],"uv_size":[-0.0246,-0.0246]},"west":{"uv":[13.4754,5.8758],"uv_size":[0.0246,0.0492]}}},{"origin":[0.5,4.75,1.25],"size":[0.25,0.5,0.5],"uv":{"down":{"uv":[13.5496,5.4742],"uv_size":[-0.0246,-0.0492]},"east":{"uv":[13.4258,5.8758],"uv_size":[0.0492,0.0492]},"north":{"uv":[13.6504,5.8758],"uv_size":[0.0246,0.0492]},"south":{"uv":[13.5254,5.8758],"uv_size":[0.0246,0.0492]},"up":{"uv":[13.5496,5.7742],"uv_size":[-0.0246,-0.0492]},"west":{"uv":[13.7258,5.8758],"uv_size":[0.0492,0.0492]}}},{"origin":[0.5,5,-1],"size":[0.25,0.25,0.25],"uv":{"down":{"uv":[13.5496,5.6996],"uv_size":[-0.0246,-0.0246]},"east":{"uv":[13.6754,5.8754],"uv_size":[0.0246,0.0246]},"north":{"uv":[13.6504,5.8754],"uv_size":[0.0246,0.0246]},"south":{"uv":[13.5254,5.8754],"uv_size":[0.0246,0.0246]},"up":{"uv":[13.5496,5.5246],"uv_size":[-0.0246,-0.0246]},"west":{"uv":[13.5004,5.8754],"uv_size":[0.0246,0.0246]}}},{"origin":[0.5,5.5,-0.25],"size":[0.25,0.25,1.25],"uv":{"down":{"uv":[13.5496,5.623],"uv_size":[-0.0246,-0.123]},"east":{"uv":[13.502,5.8254],"uv_size":[0.123,0.0246]},"north":{"uv":[13.6504,5.8254],"uv_size":[0.0246,0.0246]},"south":{"uv":[13.5254,5.8254],"uv_size":[0.0246,0.0246]},"up":{"uv":[13.5496,5.698],"uv_size":[-0.0246,-0.123]},"west":{"uv":[13.577,5.8254],"uv_size":[0.123,0.0246]}}},{"origin":[0.5,5.5,2],"size":[0.25,0.5,0.5],"uv":{"down":{"uv":[13.5496,5.3992],"uv_size":[-0.0246,-0.0492]},"east":{"uv":[13.3508,5.8008],"uv_size":[0.0492,0.0492]},"north":{"uv":[13.6504,5.8008],"uv_size":[0.0246,0.0492]},"south":{"uv":[13.5254,5.8008],"uv_size":[0.0246,0.0492]},"up":{"uv":[13.5496,5.8492],"uv_size":[-0.0246,-0.0492]},"west":{"uv":[13.8008,5.8008],"uv_size":[0.0492,0.0492]}}},{"origin":[0.5,5.75,0],"size":[0.25,0.25,1.25],"uv":{"down":{"uv":[13.5496,5.598],"uv_size":[-0.0246,-0.123]},"east":{"uv":[13.477,5.8004],"uv_size":[0.123,0.0246]},"north":{"uv":[13.6504,5.8004],"uv_size":[0.0246,0.0246]},"south":{"uv":[13.5254,5.8004],"uv_size":[0.0246,0.0246]},"up":{"uv":[13.5496,5.723],"uv_size":[-0.0246,-0.123]},"west":{"uv":[13.602,5.8004],"uv_size":[0.123,0.0246]}}},{"origin":[0.5,6,-2],"size":[0.25,0.25,0.5],"uv":{"down":{"uv":[13.5496,5.7992],"uv_size":[-0.0246,-0.0492]},"east":{"uv":[13.7508,5.7754],"uv_size":[0.0492,0.0246]},"north":{"uv":[13.6504,5.7754],"uv_size":[0.0246,0.0246]},"south":{"uv":[13.5254,5.7754],"uv_size":[0.0246,0.0246]},"up":{"uv":[13.5496,5.4492],"uv_size":[-0.0246,-0.0492]},"west":{"uv":[13.4008,5.7754],"uv_size":[0.0492,0.0246]}}},{"origin":[0.5,6.25,-1.75],"size":[0.25,0.25,0.25],"uv":{"down":{"uv":[13.5496,5.7746],"uv_size":[-0.0246,-0.0246]},"east":{"uv":[13.7504,5.7504],"uv_size":[0.0246,0.0246]},"north":{"uv":[13.6504,5.7504],"uv_size":[0.0246,0.0246]},"south":{"uv":[13.5254,5.7504],"uv_size":[0.0246,0.0246]},"up":{"uv":[13.5496,5.4496],"uv_size":[-0.0246,-0.0246]},"west":{"uv":[13.4254,5.7504],"uv_size":[0.0246,0.0246]}}},{"origin":[-0.25,17.75,0],"size":[1,0.5,0.75],"uv":{"down":{"uv":[13.6234,3.9988],"uv_size":[-0.0984,-0.0738]},"east":{"uv":[13.5262,4.5758],"uv_size":[0.0738,0.0492]},"north":{"uv":[13.5766,4.5758],"uv_size":[0.0984,0.0492]},"south":{"uv":[13.5266,4.5758],"uv_size":[0.0984,0.0492]},"up":{"uv":[13.6234,4.0738],"uv_size":[-0.0984,-0.0738]},"west":{"uv":[13.6012,4.5758],"uv_size":[0.0738,0.0492]}}},{"origin":[-0.25,18,-0.25],"size":[1,0.25,0.25],"uv":{"down":{"uv":[13.6234,4.0246],"uv_size":[-0.0984,-0.0246]},"east":{"uv":[13.6004,4.5754],"uv_size":[0.0246,0.0246]},"north":{"uv":[13.5766,4.5754],"uv_size":[0.0984,0.0246]},"south":{"uv":[13.5266,4.5754],"uv_size":[0.0984,0.0246]},"up":{"uv":[13.6234,3.9996],"uv_size":[-0.0984,-0.0246]},"west":{"uv":[13.5754,4.5754],"uv_size":[0.0246,0.0246]}}},{"origin":[-0.25,18,0.75],"size":[1,0.25,0.25],"uv":{"down":{"uv":[13.6234,3.9246],"uv_size":[-0.0984,-0.0246]},"east":{"uv":[13.5004,4.5754],"uv_size":[0.0246,0.0246]},"north":{"uv":[13.5766,4.5754],"uv_size":[0.0984,0.0246]},"south":{"uv":[13.5266,4.5754],"uv_size":[0.0984,0.0246]},"up":{"uv":[13.6234,4.0996],"uv_size":[-0.0984,-0.0246]},"west":{"uv":[13.6754,4.5754],"uv_size":[0.0246,0.0246]}}},{"origin":[0,18.25,-0.25],"size":[0.75,1,0.25],"uv":{"down":{"uv":[13.5988,4.0246],"uv_size":[-0.0738,-0.0246]},"east":{"uv":[13.6004,4.4766],"uv_size":[0.0246,0.0984]},"north":{"uv":[13.6012,4.4766],"uv_size":[0.0738,0.0984]},"south":{"uv":[13.5262,4.4766],"uv_size":[0.0738,0.0984]},"up":{"uv":[13.5988,3.9996],"uv_size":[-0.0738,-0.0246]},"west":{"uv":[13.5754,4.4766],"uv_size":[0.0246,0.0984]}}},{"origin":[-0.25,18.25,0.25],"size":[1,0.25,0.5],"uv":{"down":{"uv":[13.6234,3.9742],"uv_size":[-0.0984,-0.0492]},"east":{"uv":[13.5258,4.5504],"uv_size":[0.0492,0.0246]},"north":{"uv":[13.5766,4.5504],"uv_size":[0.0984,0.0246]},"south":{"uv":[13.5266,4.5504],"uv_size":[0.0984,0.0246]},"up":{"uv":[13.6234,4.0742],"uv_size":[-0.0984,-0.0492]},"west":{"uv":[13.6258,4.5504],"uv_size":[0.0492,0.0246]}}},{"origin":[0,18.25,0.75],"size":[0.75,1,0.25],"uv":{"down":{"uv":[13.5988,3.9246],"uv_size":[-0.0738,-0.0246]},"east":{"uv":[13.5004,4.4766],"uv_size":[0.0246,0.0984]},"north":{"uv":[13.6012,4.4766],"uv_size":[0.0738,0.0984]},"south":{"uv":[13.5262,4.4766],"uv_size":[0.0738,0.0984]},"up":{"uv":[13.5988,4.0996],"uv_size":[-0.0738,-0.0246]},"west":{"uv":[13.6754,4.4766],"uv_size":[0.0246,0.0984]}}},{"origin":[0,18.5,0],"size":[0.75,0.25,0.5],"uv":{"down":{"uv":[13.5988,3.9992],"uv_size":[-0.0738,-0.0492]},"east":{"uv":[13.5508,4.5254],"uv_size":[0.0492,0.0246]},"north":{"uv":[13.6012,4.5254],"uv_size":[0.0738,0.0246]},"south":{"uv":[13.5262,4.5254],"uv_size":[0.0738,0.0246]},"up":{"uv":[13.5988,4.0492],"uv_size":[-0.0738,-0.0492]},"west":{"uv":[13.6008,4.5254],"uv_size":[0.0492,0.0246]}}},{"origin":[0,18.75,0.25],"size":[0.75,0.25,0.5],"uv":{"down":{"uv":[13.5988,3.9742],"uv_size":[-0.0738,-0.0492]},"east":{"uv":[13.5258,4.5004],"uv_size":[0.0492,0.0246]},"north":{"uv":[13.6012,4.5004],"uv_size":[0.0738,0.0246]},"south":{"uv":[13.5262,4.5004],"uv_size":[0.0738,0.0246]},"up":{"uv":[13.5988,4.0742],"uv_size":[-0.0738,-0.0492]},"west":{"uv":[13.6258,4.5004],"uv_size":[0.0492,0.0246]}}},{"origin":[0.5,19,0],"size":[0.25,0.5,0.75],"uv":{"down":{"uv":[13.5496,3.9988],"uv_size":[-0.0246,-0.0738]},"east":{"uv":[13.5262,4.4508],"uv_size":[0.0738,0.0492]},"north":{"uv":[13.6504,4.4508],"uv_size":[0.0246,0.0492]},"south":{"uv":[13.5254,4.4508],"uv_size":[0.0246,0.0492]},"up":{"uv":[13.5496,4.0738],"uv_size":[-0.0246,-0.0738]},"west":{"uv":[13.6012,4.4508],"uv_size":[0.0738,0.0492]}}},{"origin":[-0.25,3.75,-0.75],"size":[0.75,0.25,0.25],"uv":{"down":{"uv":[15.2238,5.6746],"uv_size":[-0.0738,-0.0246]},"east":{"uv":[15.2504,6.0004],"uv_size":[0.0246,0.0246]},"north":{"uv":[15.1762,6.0004],"uv_size":[0.0738,0.0246]},"south":{"uv":[15.1512,6.0004],"uv_size":[0.0738,0.0246]},"up":{"uv":[15.2238,5.5496],"uv_size":[-0.0738,-0.0246]},"west":{"uv":[15.1254,6.0004],"uv_size":[0.0246,0.0246]}}},{"origin":[0.25,3.75,-0.5],"size":[0.25,5.5,0.25],"uv":{"down":{"uv":[15.1746,5.6496],"uv_size":[-0.0246,-0.0246]},"east":{"uv":[15.2254,5.4838],"uv_size":[0.0246,0.5412]},"north":{"uv":[15.2254,5.4838],"uv_size":[0.0246,0.5412]},"south":{"uv":[15.1504,5.4838],"uv_size":[0.0246,0.5412]},"up":{"uv":[15.1746,5.5746],"uv_size":[-0.0246,-0.0246]},"west":{"uv":[15.1504,5.4838],"uv_size":[0.0246,0.5412]}}},{"origin":[0.25,3.75,-0.25],"size":[0.25,5,0.25],"uv":{"down":{"uv":[15.1746,5.6246],"uv_size":[-0.0246,-0.0246]},"east":{"uv":[15.2004,5.533],"uv_size":[0.0246,0.492]},"north":{"uv":[15.2254,5.533],"uv_size":[0.0246,0.492]},"south":{"uv":[15.1504,5.533],"uv_size":[0.0246,0.492]},"up":{"uv":[15.1746,5.5996],"uv_size":[-0.0246,-0.0246]},"west":{"uv":[15.1754,5.533],"uv_size":[0.0246,0.492]}}},{"origin":[0.25,3.75,0],"size":[0.25,4.5,0.25],"uv":{"down":{"uv":[15.1746,5.5996],"uv_size":[-0.0246,-0.0246]},"east":{"uv":[15.1754,5.5822],"uv_size":[0.0246,0.4428]},"north":{"uv":[15.2254,5.5822],"uv_size":[0.0246,0.4428]},"south":{"uv":[15.1504,5.5822],"uv_size":[0.0246,0.4428]},"up":{"uv":[15.1746,5.6246],"uv_size":[-0.0246,-0.0246]},"west":{"uv":[15.2004,5.5822],"uv_size":[0.0246,0.4428]}}},{"origin":[0.25,3.75,0.25],"size":[0.25,4.25,0.25],"uv":{"down":{"uv":[15.1746,5.5746],"uv_size":[-0.0246,-0.0246]},"east":{"uv":[15.1504,5.6068],"uv_size":[0.0246,0.4182]},"north":{"uv":[15.2254,5.6068],"uv_size":[0.0246,0.4182]},"south":{"uv":[15.1504,5.6068],"uv_size":[0.0246,0.4182]},"up":{"uv":[15.1746,5.6496],"uv_size":[-0.0246,-0.0246]},"west":{"uv":[15.2254,5.6068],"uv_size":[0.0246,0.4182]}}},{"origin":[0.25,3.75,0.5],"size":[0.25,3.75,0.25],"uv":{"down":{"uv":[15.1746,5.5496],"uv_size":[-0.0246,-0.0246]},"east":{"uv":[15.1254,5.656],"uv_size":[0.0246,0.369]},"north":{"uv":[15.2254,5.656],"uv_size":[0.0246,0.369]},"south":{"uv":[15.1504,5.656],"uv_size":[0.0246,0.369]},"up":{"uv":[15.1746,5.6746],"uv_size":[-0.0246,-0.0246]},"west":{"uv":[15.2504,5.656],"uv_size":[0.0246,0.369]}}},{"origin":[0.25,3.75,0.75],"size":[0.25,3.5,0.25],"uv":{"down":{"uv":[15.1746,5.5246],"uv_size":[-0.0246,-0.0246]},"east":{"uv":[15.1004,5.6806],"uv_size":[0.0246,0.3444]},"north":{"uv":[15.2254,5.6806],"uv_size":[0.0246,0.3444]},"south":{"uv":[15.1504,5.6806],"uv_size":[0.0246,0.3444]},"up":{"uv":[15.1746,5.6996],"uv_size":[-0.0246,-0.0246]},"west":{"uv":[15.2754,5.6806],"uv_size":[0.0246,0.3444]}}},{"origin":[0.25,3.75,1],"size":[0.25,3.25,0.25],"uv":{"down":{"uv":[15.1746,5.4996],"uv_size":[-0.0246,-0.0246]},"east":{"uv":[15.0754,5.7052],"uv_size":[0.0246,0.3198]},"north":{"uv":[15.2254,5.7052],"uv_size":[0.0246,0.3198]},"south":{"uv":[15.1504,5.7052],"uv_size":[0.0246,0.3198]},"up":{"uv":[15.1746,5.7246],"uv_size":[-0.0246,-0.0246]},"west":{"uv":[15.3004,5.7052],"uv_size":[0.0246,0.3198]}}},{"origin":[-0.25,3.75,1.25],"size":[0.75,0.25,0.25],"uv":{"down":{"uv":[15.2238,5.4746],"uv_size":[-0.0738,-0.0246]},"east":{"uv":[15.0504,6.0004],"uv_size":[0.0246,0.0246]},"north":{"uv":[15.1762,6.0004],"uv_size":[0.0738,0.0246]},"south":{"uv":[15.1512,6.0004],"uv_size":[0.0738,0.0246]},"up":{"uv":[15.2238,5.7496],"uv_size":[-0.0738,-0.0246]},"west":{"uv":[15.3254,6.0004],"uv_size":[0.0246,0.0246]}}},{"origin":[-0.25,4,-1.5],"size":[0.75,0.25,0.25],"uv":{"down":{"uv":[15.2238,5.7496],"uv_size":[-0.0738,-0.0246]},"east":{"uv":[15.3254,5.9754],"uv_size":[0.0246,0.0246]},"north":{"uv":[15.1762,5.9754],"uv_size":[0.0738,0.0246]},"south":{"uv":[15.1512,5.9754],"uv_size":[0.0738,0.0246]},"up":{"uv":[15.2238,5.4746],"uv_size":[-0.0738,-0.0246]},"west":{"uv":[15.0504,5.9754],"uv_size":[0.0246,0.0246]}}},{"origin":[0.25,4,-1.25],"size":[0.25,6.5,0.5],"uv":{"down":{"uv":[15.1746,5.7242],"uv_size":[-0.0246,-0.0492]},"east":{"uv":[15.2758,5.3604],"uv_size":[0.0492,0.6396]},"north":{"uv":[15.2254,5.3604],"uv_size":[0.0246,0.6396]},"south":{"uv":[15.1504,5.3604],"uv_size":[0.0246,0.6396]},"up":{"uv":[15.1746,5.5242],"uv_size":[-0.0246,-0.0492]},"west":{"uv":[15.0758,5.3604],"uv_size":[0.0492,0.6396]}}},{"origin":[0.25,4,-0.75],"size":[0.25,6.25,0.25],"uv":{"down":{"uv":[15.1746,5.6746],"uv_size":[-0.0246,-0.0246]},"east":{"uv":[15.2504,5.385],"uv_size":[0.0246,0.615]},"north":{"uv":[15.2254,5.385],"uv_size":[0.0246,0.615]},"south":{"uv":[15.1504,5.385],"uv_size":[0.0246,0.615]},"up":{"uv":[15.1746,5.5496],"uv_size":[-0.0246,-0.0246]},"west":{"uv":[15.1254,5.385],"uv_size":[0.0246,0.615]}}},{"origin":[0.25,4,1.25],"size":[0.25,2.75,1],"uv":{"down":{"uv":[15.1746,5.4734],"uv_size":[-0.0246,-0.0984]},"east":{"uv":[14.9766,5.7294],"uv_size":[0.0984,0.2706]},"north":{"uv":[15.2254,5.7294],"uv_size":[0.0246,0.2706]},"south":{"uv":[15.1504,5.7294],"uv_size":[0.0246,0.2706]},"up":{"uv":[15.1746,5.8234],"uv_size":[-0.0246,-0.0984]},"west":{"uv":[15.3266,5.7294],"uv_size":[0.0984,0.2706]}}},{"origin":[-0.25,4.25,-2],"size":[0.75,0.25,0.25],"uv":{"down":{"uv":[15.2238,5.7996],"uv_size":[-0.0738,-0.0246]},"east":{"uv":[15.3754,5.9504],"uv_size":[0.0246,0.0246]},"north":{"uv":[15.1762,5.9504],"uv_size":[0.0738,0.0246]},"south":{"uv":[15.1512,5.9504],"uv_size":[0.0738,0.0246]},"up":{"uv":[15.2238,5.4246],"uv_size":[-0.0738,-0.0246]},"west":{"uv":[15.0004,5.9504],"uv_size":[0.0246,0.0246]}}},{"origin":[0.25,4.25,-1.75],"size":[0.25,4.25,0.5],"uv":{"down":{"uv":[15.1746,5.7742],"uv_size":[-0.0246,-0.0492]},"east":{"uv":[15.3258,5.5568],"uv_size":[0.0492,0.4182]},"north":{"uv":[15.2254,5.5568],"uv_size":[0.0246,0.4182]},"south":{"uv":[15.1504,5.5568],"uv_size":[0.0246,0.4182]},"up":{"uv":[15.1746,5.4742],"uv_size":[-0.0246,-0.0492]},"west":{"uv":[15.0258,5.5568],"uv_size":[0.0492,0.4182]}}},{"origin":[-0.25,4.25,2.25],"size":[0.75,0.25,0.25],"uv":{"down":{"uv":[15.2238,5.3746],"uv_size":[-0.0738,-0.0246]},"east":{"uv":[14.9504,5.9504],"uv_size":[0.0246,0.0246]},"north":{"uv":[15.1762,5.9504],"uv_size":[0.0738,0.0246]},"south":{"uv":[15.1512,5.9504],"uv_size":[0.0738,0.0246]},"up":{"uv":[15.2238,5.8496],"uv_size":[-0.0738,-0.0246]},"west":{"uv":[15.4254,5.9504],"uv_size":[0.0246,0.0246]}}},{"origin":[0.25,4.5,-2],"size":[0.25,3.5,0.25],"uv":{"down":{"uv":[15.1746,5.7996],"uv_size":[-0.0246,-0.0246]},"east":{"uv":[15.3754,5.6056],"uv_size":[0.0246,0.3444]},"north":{"uv":[15.2254,5.6056],"uv_size":[0.0246,0.3444]},"south":{"uv":[15.1504,5.6056],"uv_size":[0.0246,0.3444]},"up":{"uv":[15.1746,5.4246],"uv_size":[-0.0246,-0.0246]},"west":{"uv":[15.0004,5.6056],"uv_size":[0.0246,0.3444]}}},{"origin":[0.25,4.5,2.25],"size":[0.25,2.25,0.5],"uv":{"down":{"uv":[15.1746,5.3742],"uv_size":[-0.0246,-0.0492]},"east":{"uv":[14.9258,5.7286],"uv_size":[0.0492,0.2214]},"north":{"uv":[15.2254,5.7286],"uv_size":[0.0246,0.2214]},"south":{"uv":[15.1504,5.7286],"uv_size":[0.0246,0.2214]},"up":{"uv":[15.1746,5.8742],"uv_size":[-0.0246,-0.0492]},"west":{"uv":[15.4258,5.7286],"uv_size":[0.0492,0.2214]}}},{"origin":[-0.25,4.75,-2.25],"size":[0.75,0.25,0.25],"uv":{"down":{"uv":[15.2238,5.8246],"uv_size":[-0.0738,-0.0246]},"east":{"uv":[15.4004,5.9004],"uv_size":[0.0246,0.0246]},"north":{"uv":[15.1762,5.9004],"uv_size":[0.0738,0.0246]},"south":{"uv":[15.1512,5.9004],"uv_size":[0.0738,0.0246]},"up":{"uv":[15.2238,5.3996],"uv_size":[-0.0738,-0.0246]},"west":{"uv":[14.9754,5.9004],"uv_size":[0.0246,0.0246]}}},{"origin":[-0.25,4.75,2.75],"size":[0.75,0.25,0.25],"uv":{"down":{"uv":[15.2238,5.3246],"uv_size":[-0.0738,-0.0246]},"east":{"uv":[14.9004,5.9004],"uv_size":[0.0246,0.0246]},"north":{"uv":[15.1762,5.9004],"uv_size":[0.0738,0.0246]},"south":{"uv":[15.1512,5.9004],"uv_size":[0.0738,0.0246]},"up":{"uv":[15.2238,5.8996],"uv_size":[-0.0738,-0.0246]},"west":{"uv":[15.4754,5.9004],"uv_size":[0.0246,0.0246]}}},{"origin":[0.25,5,-2.25],"size":[0.25,2.75,0.25],"uv":{"down":{"uv":[15.1746,5.8246],"uv_size":[-0.0246,-0.0246]},"east":{"uv":[15.4004,5.6294],"uv_size":[0.0246,0.2706]},"north":{"uv":[15.2254,5.6294],"uv_size":[0.0246,0.2706]},"south":{"uv":[15.1504,5.6294],"uv_size":[0.0246,0.2706]},"up":{"uv":[15.1746,5.3996],"uv_size":[-0.0246,-0.0246]},"west":{"uv":[14.9754,5.6294],"uv_size":[0.0246,0.2706]}}},{"origin":[0.25,5,2.75],"size":[0.25,2.75,0.25],"uv":{"down":{"uv":[15.1746,5.3246],"uv_size":[-0.0246,-0.0246]},"east":{"uv":[14.9004,5.6294],"uv_size":[0.0246,0.2706]},"north":{"uv":[15.2254,5.6294],"uv_size":[0.0246,0.2706]},"south":{"uv":[15.1504,5.6294],"uv_size":[0.0246,0.2706]},"up":{"uv":[15.1746,5.8996],"uv_size":[-0.0246,-0.0246]},"west":{"uv":[15.4754,5.6294],"uv_size":[0.0246,0.2706]}}},{"origin":[-0.25,5.25,-2.5],"size":[0.75,0.25,0.25],"uv":{"down":{"uv":[15.2238,5.8496],"uv_size":[-0.0738,-0.0246]},"east":{"uv":[15.4254,5.8504],"uv_size":[0.0246,0.0246]},"north":{"uv":[15.1762,5.8504],"uv_size":[0.0738,0.0246]},"south":{"uv":[15.1512,5.8504],"uv_size":[0.0738,0.0246]},"up":{"uv":[15.2238,5.3746],"uv_size":[-0.0738,-0.0246]},"west":{"uv":[14.9504,5.8504],"uv_size":[0.0246,0.0246]}}},{"origin":[-0.25,5.25,3],"size":[0.75,0.25,0.25],"uv":{"down":{"uv":[15.2238,5.2996],"uv_size":[-0.0738,-0.0246]},"east":{"uv":[14.8754,5.8504],"uv_size":[0.0246,0.0246]},"north":{"uv":[15.1762,5.8504],"uv_size":[0.0738,0.0246]},"south":{"uv":[15.1512,5.8504],"uv_size":[0.0738,0.0246]},"up":{"uv":[15.2238,5.9246],"uv_size":[-0.0738,-0.0246]},"west":{"uv":[15.5004,5.8504],"uv_size":[0.0246,0.0246]}}},{"origin":[0.25,5.5,-2.5],"size":[0.25,1.75,0.25],"uv":{"down":{"uv":[15.1746,5.8496],"uv_size":[-0.0246,-0.0246]},"east":{"uv":[15.4254,5.6778],"uv_size":[0.0246,0.1722]},"north":{"uv":[15.2254,5.6778],"uv_size":[0.0246,0.1722]},"south":{"uv":[15.1504,5.6778],"uv_size":[0.0246,0.1722]},"up":{"uv":[15.1746,5.3746],"uv_size":[-0.0246,-0.0246]},"west":{"uv":[14.9504,5.6778],"uv_size":[0.0246,0.1722]}}},{"origin":[0.25,5.5,3],"size":[0.25,1.5,0.25],"uv":{"down":{"uv":[15.1746,5.2996],"uv_size":[-0.0246,-0.0246]},"east":{"uv":[14.8754,5.7024],"uv_size":[0.0246,0.1476]},"north":{"uv":[15.2254,5.7024],"uv_size":[0.0246,0.1476]},"south":{"uv":[15.1504,5.7024],"uv_size":[0.0246,0.1476]},"up":{"uv":[15.1746,5.9246],"uv_size":[-0.0246,-0.0246]},"west":{"uv":[15.5004,5.7024],"uv_size":[0.0246,0.1476]}}},{"origin":[0.25,6.75,1.25],"size":[0.25,4.25,0.25],"uv":{"down":{"uv":[2.3746,15.0746],"uv_size":[-0.0246,-0.0246]},"east":{"uv":[2.2504,14.9068],"uv_size":[0.0246,0.4182]},"north":{"uv":[2.4254,14.9068],"uv_size":[0.0246,0.4182]},"south":{"uv":[2.3504,14.9068],"uv_size":[0.0246,0.4182]},"up":{"uv":[2.3746,15.3496],"uv_size":[-0.0246,-0.0246]},"west":{"uv":[2.5254,14.9068],"uv_size":[0.0246,0.4182]}}},{"origin":[0.25,6.75,1.5],"size":[0.25,4,0.25],"uv":{"down":{"uv":[2.3746,15.0496],"uv_size":[-0.0246,-0.0246]},"east":{"uv":[2.2254,14.9314],"uv_size":[0.0246,0.3936]},"north":{"uv":[2.4254,14.9314],"uv_size":[0.0246,0.3936]},"south":{"uv":[2.3504,14.9314],"uv_size":[0.0246,0.3936]},"up":{"uv":[2.3746,15.3746],"uv_size":[-0.0246,-0.0246]},"west":{"uv":[2.5504,14.9314],"uv_size":[0.0246,0.3936]}}},{"origin":[0.25,6.75,1.75],"size":[0.25,2,0.25],"uv":{"down":{"uv":[2.3746,15.0246],"uv_size":[-0.0246,-0.0246]},"east":{"uv":[2.2004,15.1282],"uv_size":[0.0246,0.1968]},"north":{"uv":[2.4254,15.1282],"uv_size":[0.0246,0.1968]},"south":{"uv":[2.3504,15.1282],"uv_size":[0.0246,0.1968]},"up":{"uv":[2.3746,15.3996],"uv_size":[-0.0246,-0.0246]},"west":{"uv":[2.5754,15.1282],"uv_size":[0.0246,0.1968]}}},{"origin":[0.25,6.75,2],"size":[0.25,1.5,0.25],"uv":{"down":{"uv":[2.3746,14.9996],"uv_size":[-0.0246,-0.0246]},"east":{"uv":[2.1754,15.1774],"uv_size":[0.0246,0.1476]},"north":{"uv":[2.4254,15.1774],"uv_size":[0.0246,0.1476]},"south":{"uv":[2.3504,15.1774],"uv_size":[0.0246,0.1476]},"up":{"uv":[2.3746,15.4246],"uv_size":[-0.0246,-0.0246]},"west":{"uv":[2.6004,15.1774],"uv_size":[0.0246,0.1476]}}},{"origin":[0.25,6.75,2.25],"size":[0.25,1.25,0.25],"uv":{"down":{"uv":[2.3746,14.9746],"uv_size":[-0.0246,-0.0246]},"east":{"uv":[2.1504,15.202],"uv_size":[0.0246,0.123]},"north":{"uv":[2.4254,15.202],"uv_size":[0.0246,0.123]},"south":{"uv":[2.3504,15.202],"uv_size":[0.0246,0.123]},"up":{"uv":[2.3746,15.4496],"uv_size":[-0.0246,-0.0246]},"west":{"uv":[2.6254,15.202],"uv_size":[0.0246,0.123]}}},{"origin":[0.25,6.75,2.5],"size":[0.25,0.25,0.25],"uv":{"down":{"uv":[15.1746,5.3496],"uv_size":[-0.0246,-0.0246]},"east":{"uv":[14.9254,5.7004],"uv_size":[0.0246,0.0246]},"north":{"uv":[15.2254,5.7004],"uv_size":[0.0246,0.0246]},"south":{"uv":[15.1504,5.7004],"uv_size":[0.0246,0.0246]},"up":{"uv":[15.1746,5.8746],"uv_size":[-0.0246,-0.0246]},"west":{"uv":[15.4504,5.7004],"uv_size":[0.0246,0.0246]}}},{"origin":[0.25,7,1],"size":[0.25,4,0.25],"uv":{"down":{"uv":[2.3746,15.0996],"uv_size":[-0.0246,-0.0246]},"east":{"uv":[2.2754,14.9064],"uv_size":[0.0246,0.3936]},"north":{"uv":[2.4254,14.9064],"uv_size":[0.0246,0.3936]},"south":{"uv":[2.3504,14.9064],"uv_size":[0.0246,0.3936]},"up":{"uv":[2.3746,15.3246],"uv_size":[-0.0246,-0.0246]},"west":{"uv":[2.5004,14.9064],"uv_size":[0.0246,0.3936]}}},{"origin":[0.25,7,2.5],"size":[0.25,0.75,0.25],"uv":{"down":{"uv":[2.3746,14.9496],"uv_size":[-0.0246,-0.0246]},"east":{"uv":[2.1254,15.2262],"uv_size":[0.0246,0.0738]},"north":{"uv":[2.4254,15.2262],"uv_size":[0.0246,0.0738]},"south":{"uv":[2.3504,15.2262],"uv_size":[0.0246,0.0738]},"up":{"uv":[2.3746,15.4746],"uv_size":[-0.0246,-0.0246]},"west":{"uv":[2.6504,15.2262],"uv_size":[0.0246,0.0738]}}},{"origin":[0.25,7.25,0.75],"size":[0.25,3.75,0.25],"uv":{"down":{"uv":[2.3746,15.1246],"uv_size":[-0.0246,-0.0246]},"east":{"uv":[2.3004,14.906],"uv_size":[0.0246,0.369]},"north":{"uv":[2.4254,14.906],"uv_size":[0.0246,0.369]},"south":{"uv":[2.3504,14.906],"uv_size":[0.0246,0.369]},"up":{"uv":[2.3746,15.2996],"uv_size":[-0.0246,-0.0246]},"west":{"uv":[2.4754,14.906],"uv_size":[0.0246,0.369]}}},{"origin":[0.25,7.5,0.5],"size":[0.25,3.5,0.25],"uv":{"down":{"uv":[2.3746,15.1496],"uv_size":[-0.0246,-0.0246]},"east":{"uv":[2.3254,14.9056],"uv_size":[0.0246,0.3444]},"north":{"uv":[2.4254,14.9056],"uv_size":[0.0246,0.3444]},"south":{"uv":[2.3504,14.9056],"uv_size":[0.0246,0.3444]},"up":{"uv":[2.3746,15.2746],"uv_size":[-0.0246,-0.0246]},"west":{"uv":[2.4504,14.9056],"uv_size":[0.0246,0.3444]}}},{"origin":[-0.25,7.75,2.5],"size":[0.75,0.25,0.25],"uv":{"down":{"uv":[15.2238,5.3496],"uv_size":[-0.0738,-0.0246]},"east":{"uv":[14.9254,5.6004],"uv_size":[0.0246,0.0246]},"north":{"uv":[15.1762,5.6004],"uv_size":[0.0738,0.0246]},"south":{"uv":[15.1512,5.6004],"uv_size":[0.0738,0.0246]},"up":{"uv":[15.2238,5.8746],"uv_size":[-0.0738,-0.0246]},"west":{"uv":[15.4504,5.6004],"uv_size":[0.0246,0.0246]}}},{"origin":[0.25,8,0.25],"size":[0.25,2.75,0.25],"uv":{"down":{"uv":[2.3746,15.1746],"uv_size":[-0.0246,-0.0246]},"east":{"uv":[2.3504,14.9294],"uv_size":[0.0246,0.2706]},"north":{"uv":[2.4254,14.9294],"uv_size":[0.0246,0.2706]},"south":{"uv":[2.3504,14.9294],"uv_size":[0.0246,0.2706]},"up":{"uv":[2.3746,15.2496],"uv_size":[-0.0246,-0.0246]},"west":{"uv":[2.4254,14.9294],"uv_size":[0.0246,0.2706]}}},{"origin":[-0.25,8,2.25],"size":[0.75,0.25,0.25],"uv":{"down":{"uv":[15.2238,5.3746],"uv_size":[-0.0738,-0.0246]},"east":{"uv":[14.9504,5.5754],"uv_size":[0.0246,0.0246]},"north":{"uv":[15.1762,5.5754],"uv_size":[0.0738,0.0246]},"south":{"uv":[15.1512,5.5754],"uv_size":[0.0738,0.0246]},"up":{"uv":[15.2238,5.8496],"uv_size":[-0.0738,-0.0246]},"west":{"uv":[15.4254,5.5754],"uv_size":[0.0246,0.0246]}}},{"origin":[0.25,8.25,0],"size":[0.25,2.25,0.25],"uv":{"down":{"uv":[2.3746,15.1996],"uv_size":[-0.0246,-0.0246]},"east":{"uv":[2.3754,14.9536],"uv_size":[0.0246,0.2214]},"north":{"uv":[2.4254,14.9536],"uv_size":[0.0246,0.2214]},"south":{"uv":[2.3504,14.9536],"uv_size":[0.0246,0.2214]},"up":{"uv":[2.3746,15.2246],"uv_size":[-0.0246,-0.0246]},"west":{"uv":[2.4004,14.9536],"uv_size":[0.0246,0.2214]}}},{"origin":[0.25,8.25,2],"size":[0.25,0.5,0.25],"uv":{"down":{"uv":[15.1746,5.3996],"uv_size":[-0.0246,-0.0246]},"east":{"uv":[14.9754,5.5258],"uv_size":[0.0246,0.0492]},"north":{"uv":[15.2254,5.5258],"uv_size":[0.0246,0.0492]},"south":{"uv":[15.1504,5.5258],"uv_size":[0.0246,0.0492]},"up":{"uv":[15.1746,5.8246],"uv_size":[-0.0246,-0.0246]},"west":{"uv":[15.4004,5.5258],"uv_size":[0.0246,0.0492]}}},{"origin":[-0.25,8.5,-1.5],"size":[0.75,0.25,0.25],"uv":{"down":{"uv":[15.2238,5.7496],"uv_size":[-0.0738,-0.0246]},"east":{"uv":[15.3254,5.5254],"uv_size":[0.0246,0.0246]},"north":{"uv":[15.1762,5.5254],"uv_size":[0.0738,0.0246]},"south":{"uv":[15.1512,5.5254],"uv_size":[0.0738,0.0246]},"up":{"uv":[15.2238,5.4746],"uv_size":[-0.0738,-0.0246]},"west":{"uv":[15.0504,5.5254],"uv_size":[0.0246,0.0246]}}},{"origin":[0.25,8.75,-0.25],"size":[0.25,1.5,0.25],"uv":{"down":{"uv":[2.3746,15.2246],"uv_size":[-0.0246,-0.0246]},"east":{"uv":[2.4004,14.9774],"uv_size":[0.0246,0.1476]},"north":{"uv":[2.4254,14.9774],"uv_size":[0.0246,0.1476]},"south":{"uv":[2.3504,14.9774],"uv_size":[0.0246,0.1476]},"up":{"uv":[2.3746,15.1996],"uv_size":[-0.0246,-0.0246]},"west":{"uv":[2.3754,14.9774],"uv_size":[0.0246,0.1476]}}},{"origin":[0.25,8.75,1.75],"size":[0.25,1,0.25],"uv":{"down":{"uv":[15.1746,5.4246],"uv_size":[-0.0246,-0.0246]},"east":{"uv":[15.0004,5.4266],"uv_size":[0.0246,0.0984]},"north":{"uv":[15.2254,5.4266],"uv_size":[0.0246,0.0984]},"south":{"uv":[15.1504,5.4266],"uv_size":[0.0246,0.0984]},"up":{"uv":[15.1746,5.7996],"uv_size":[-0.0246,-0.0246]},"west":{"uv":[15.3754,5.4266],"uv_size":[0.0246,0.0984]}}},{"origin":[0.25,9.25,-0.5],"size":[0.25,0.75,0.25],"uv":{"down":{"uv":[2.3746,15.2496],"uv_size":[-0.0246,-0.0246]},"east":{"uv":[2.4254,15.0012],"uv_size":[0.0246,0.0738]},"north":{"uv":[2.4254,15.0012],"uv_size":[0.0246,0.0738]},"south":{"uv":[2.3504,15.0012],"uv_size":[0.0246,0.0738]},"up":{"uv":[2.3746,15.1746],"uv_size":[-0.0246,-0.0246]},"west":{"uv":[2.3504,15.0012],"uv_size":[0.0246,0.0738]}}},{"origin":[-0.25,9.5,2],"size":[0.75,0.25,0.25],"uv":{"down":{"uv":[15.2238,5.3996],"uv_size":[-0.0738,-0.0246]},"east":{"uv":[14.9754,5.4254],"uv_size":[0.0246,0.0246]},"north":{"uv":[15.1762,5.4254],"uv_size":[0.0738,0.0246]},"south":{"uv":[15.1512,5.4254],"uv_size":[0.0738,0.0246]},"up":{"uv":[15.2238,5.8246],"uv_size":[-0.0738,-0.0246]},"west":{"uv":[15.4004,5.4254],"uv_size":[0.0246,0.0246]}}},{"origin":[0.25,9.75,-1.5],"size":[0.25,1,0.25],"uv":{"down":{"uv":[15.1746,5.7496],"uv_size":[-0.0246,-0.0246]},"east":{"uv":[15.3254,5.3266],"uv_size":[0.0246,0.0984]},"north":{"uv":[15.2254,5.3266],"uv_size":[0.0246,0.0984]},"south":{"uv":[15.1504,5.3266],"uv_size":[0.0246,0.0984]},"up":{"uv":[15.1746,5.4746],"uv_size":[-0.0246,-0.0246]},"west":{"uv":[15.0504,5.3266],"uv_size":[0.0246,0.0984]}}},{"origin":[0.25,9.75,1.75],"size":[0.25,0.75,0.25],"uv":{"down":{"uv":[2.3746,15.0246],"uv_size":[-0.0246,-0.0246]},"east":{"uv":[2.2004,14.9512],"uv_size":[0.0246,0.0738]},"north":{"uv":[2.4254,14.9512],"uv_size":[0.0246,0.0738]},"south":{"uv":[2.3504,14.9512],"uv_size":[0.0246,0.0738]},"up":{"uv":[2.3746,15.3996],"uv_size":[-0.0246,-0.0246]},"west":{"uv":[2.5754,14.9512],"uv_size":[0.0246,0.0738]}}},{"origin":[0.25,9.75,2],"size":[0.25,1.5,0.25],"uv":{"down":{"uv":[15.1746,5.3996],"uv_size":[-0.0246,-0.0246]},"east":{"uv":[14.9754,5.2774],"uv_size":[0.0246,0.1476]},"north":{"uv":[15.2254,5.2774],"uv_size":[0.0246,0.1476]},"south":{"uv":[15.1504,5.2774],"uv_size":[0.0246,0.1476]},"up":{"uv":[15.1746,5.8246],"uv_size":[-0.0246,-0.0246]},"west":{"uv":[15.4004,5.2774],"uv_size":[0.0246,0.1476]}}},{"origin":[-0.25,10,-1.75],"size":[0.75,0.5,0.25],"uv":{"down":{"uv":[15.2238,5.7746],"uv_size":[-0.0738,-0.0246]},"east":{"uv":[15.3504,5.3508],"uv_size":[0.0246,0.0492]},"north":{"uv":[15.1762,5.3508],"uv_size":[0.0738,0.0492]},"south":{"uv":[15.1512,5.3508],"uv_size":[0.0738,0.0492]},"up":{"uv":[15.2238,5.4496],"uv_size":[-0.0738,-0.0246]},"west":{"uv":[15.0254,5.3508],"uv_size":[0.0246,0.0492]}}},{"origin":[0.25,10,-0.5],"size":[0.25,0.5,0.25],"uv":{"down":{"uv":[15.1746,5.6496],"uv_size":[-0.0246,-0.0246]},"east":{"uv":[15.2254,5.3508],"uv_size":[0.0246,0.0492]},"north":{"uv":[15.2254,5.3508],"uv_size":[0.0246,0.0492]},"south":{"uv":[15.1504,5.3508],"uv_size":[0.0246,0.0492]},"up":{"uv":[15.1746,5.5746],"uv_size":[-0.0246,-0.0246]},"west":{"uv":[15.1504,5.3508],"uv_size":[0.0246,0.0492]}}},{"origin":[0.25,10.25,-0.25],"size":[0.25,0.5,0.25],"uv":{"down":{"uv":[15.1746,5.6246],"uv_size":[-0.0246,-0.0246]},"east":{"uv":[15.2004,5.3258],"uv_size":[0.0246,0.0492]},"north":{"uv":[15.2254,5.3258],"uv_size":[0.0246,0.0492]},"south":{"uv":[15.1504,5.3258],"uv_size":[0.0246,0.0492]},"up":{"uv":[15.1746,5.5996],"uv_size":[-0.0246,-0.0246]},"west":{"uv":[15.1754,5.3258],"uv_size":[0.0246,0.0492]}}},{"origin":[0.25,10.5,0],"size":[0.25,0.75,0.25],"uv":{"down":{"uv":[15.1746,5.5996],"uv_size":[-0.0246,-0.0246]},"east":{"uv":[15.1754,5.2762],"uv_size":[0.0246,0.0738]},"north":{"uv":[15.2254,5.2762],"uv_size":[0.0246,0.0738]},"south":{"uv":[15.1504,5.2762],"uv_size":[0.0246,0.0738]},"up":{"uv":[15.1746,5.6246],"uv_size":[-0.0246,-0.0246]},"west":{"uv":[15.2004,5.2762],"uv_size":[0.0246,0.0738]}}},{"origin":[0.25,10.5,1.75],"size":[0.25,0.75,0.25],"uv":{"down":{"uv":[15.1746,5.4246],"uv_size":[-0.0246,-0.0246]},"east":{"uv":[15.0004,5.2762],"uv_size":[0.0246,0.0738]},"north":{"uv":[15.2254,5.2762],"uv_size":[0.0246,0.0738]},"south":{"uv":[15.1504,5.2762],"uv_size":[0.0246,0.0738]},"up":{"uv":[15.1746,5.7996],"uv_size":[-0.0246,-0.0246]},"west":{"uv":[15.3754,5.2762],"uv_size":[0.0246,0.0738]}}},{"origin":[0.25,10.75,0.25],"size":[0.25,0.75,0.25],"uv":{"down":{"uv":[15.1746,5.5746],"uv_size":[-0.0246,-0.0246]},"east":{"uv":[15.1504,5.2512],"uv_size":[0.0246,0.0738]},"north":{"uv":[15.2254,5.2512],"uv_size":[0.0246,0.0738]},"south":{"uv":[15.1504,5.2512],"uv_size":[0.0246,0.0738]},"up":{"uv":[15.1746,5.6496],"uv_size":[-0.0246,-0.0246]},"west":{"uv":[15.2254,5.2512],"uv_size":[0.0246,0.0738]}}},{"origin":[0.25,10.75,1.5],"size":[0.25,0.75,0.25],"uv":{"down":{"uv":[15.1746,5.4496],"uv_size":[-0.0246,-0.0246]},"east":{"uv":[15.0254,5.2512],"uv_size":[0.0246,0.0738]},"north":{"uv":[15.2254,5.2512],"uv_size":[0.0246,0.0738]},"south":{"uv":[15.1504,5.2512],"uv_size":[0.0246,0.0738]},"up":{"uv":[15.1746,5.7746],"uv_size":[-0.0246,-0.0246]},"west":{"uv":[15.3504,5.2512],"uv_size":[0.0246,0.0738]}}},{"origin":[0.25,11,0.5],"size":[0.25,0.75,0.5],"uv":{"down":{"uv":[15.1746,5.5492],"uv_size":[-0.0246,-0.0492]},"east":{"uv":[15.1008,5.2262],"uv_size":[0.0492,0.0738]},"north":{"uv":[15.2254,5.2262],"uv_size":[0.0246,0.0738]},"south":{"uv":[15.1504,5.2262],"uv_size":[0.0246,0.0738]},"up":{"uv":[15.1746,5.6992],"uv_size":[-0.0246,-0.0492]},"west":{"uv":[15.2508,5.2262],"uv_size":[0.0492,0.0738]}}},{"origin":[0.25,11,1],"size":[0.25,0.5,0.5],"uv":{"down":{"uv":[15.1746,5.4992],"uv_size":[-0.0246,-0.0492]},"east":{"uv":[15.0508,5.2508],"uv_size":[0.0492,0.0492]},"north":{"uv":[15.2254,5.2508],"uv_size":[0.0246,0.0492]},"south":{"uv":[15.1504,5.2508],"uv_size":[0.0246,0.0492]},"up":{"uv":[15.1746,5.7492],"uv_size":[-0.0246,-0.0492]},"west":{"uv":[15.3008,5.2508],"uv_size":[0.0492,0.0492]}}},{"origin":[0.25,11.25,0],"size":[0.25,6.5,0.25],"uv":{"down":{"uv":[13.5746,5.5996],"uv_size":[-0.0246,-0.0246]},"east":{"uv":[13.5754,4.8076],"uv_size":[0.0246,0.4674]},"north":{"uv":[13.6254,4.8076],"uv_size":[0.0246,0.4674]},"south":{"uv":[13.5504,4.8076],"uv_size":[0.0246,0.4674]},"up":{"uv":[13.5746,5.6246],"uv_size":[-0.0246,-0.0246]},"west":{"uv":[13.6004,4.8076],"uv_size":[0.0246,0.4674]}}},{"origin":[0.25,11.5,0.25],"size":[0.25,6.25,0.25],"uv":{"down":{"uv":[13.5746,5.5746],"uv_size":[-0.0246,-0.0246]},"east":{"uv":[13.5504,4.8072],"uv_size":[0.0246,0.4428]},"north":{"uv":[13.6254,4.8072],"uv_size":[0.0246,0.4428]},"south":{"uv":[13.5504,4.8072],"uv_size":[0.0246,0.4428]},"up":{"uv":[13.5746,5.6496],"uv_size":[-0.0246,-0.0246]},"west":{"uv":[13.6254,4.8072],"uv_size":[0.0246,0.4428]}}},{"origin":[0,11.75,0.5],"size":[0.5,0.25,0.25],"uv":{"down":{"uv":[15.1992,5.5496],"uv_size":[-0.0492,-0.0246]},"east":{"uv":[15.1254,5.2004],"uv_size":[0.0246,0.0246]},"north":{"uv":[15.2008,5.2004],"uv_size":[0.0492,0.0246]},"south":{"uv":[15.1508,5.2004],"uv_size":[0.0492,0.0246]},"up":{"uv":[15.1992,5.6746],"uv_size":[-0.0492,-0.0246]},"west":{"uv":[15.2504,5.2004],"uv_size":[0.0246,0.0246]}}},{"origin":[0.25,12,0.5],"size":[0.25,5.75,0.25],"uv":{"down":{"uv":[13.5746,5.5496],"uv_size":[-0.0246,-0.0246]},"east":{"uv":[13.5254,4.8064],"uv_size":[0.0246,0.3936]},"north":{"uv":[13.6254,4.8064],"uv_size":[0.0246,0.3936]},"south":{"uv":[13.5504,4.8064],"uv_size":[0.0246,0.3936]},"up":{"uv":[13.5746,5.6746],"uv_size":[-0.0246,-0.0246]},"west":{"uv":[13.6504,4.8064],"uv_size":[0.0246,0.3936]}}},{"origin":[-0.25,17.75,-0.25],"size":[0.75,0.25,0.25],"uv":{"down":{"uv":[13.6238,4.0246],"uv_size":[-0.0738,-0.0246]},"east":{"uv":[13.6004,4.6004],"uv_size":[0.0246,0.0246]},"north":{"uv":[13.5762,4.6004],"uv_size":[0.0738,0.0246]},"south":{"uv":[13.5512,4.6004],"uv_size":[0.0738,0.0246]},"up":{"uv":[13.6238,3.9996],"uv_size":[-0.0738,-0.0246]},"west":{"uv":[13.5754,4.6004],"uv_size":[0.0246,0.0246]}}},{"origin":[-0.25,17.75,0.75],"size":[0.75,0.25,0.25],"uv":{"down":{"uv":[13.6238,3.9246],"uv_size":[-0.0738,-0.0246]},"east":{"uv":[13.5004,4.6004],"uv_size":[0.0246,0.0246]},"north":{"uv":[13.5762,4.6004],"uv_size":[0.0738,0.0246]},"south":{"uv":[13.5512,4.6004],"uv_size":[0.0738,0.0246]},"up":{"uv":[13.6238,4.0996],"uv_size":[-0.0738,-0.0246]},"west":{"uv":[13.6754,4.6004],"uv_size":[0.0246,0.0246]}}},{"origin":[0,18,-0.5],"size":[0.5,0.25,0.25],"uv":{"down":{"uv":[13.5992,4.0496],"uv_size":[-0.0492,-0.0246]},"east":{"uv":[13.6254,4.5754],"uv_size":[0.0246,0.0246]},"north":{"uv":[13.6008,4.5754],"uv_size":[0.0492,0.0246]},"south":{"uv":[13.5508,4.5754],"uv_size":[0.0492,0.0246]},"up":{"uv":[13.5992,3.9746],"uv_size":[-0.0492,-0.0246]},"west":{"uv":[13.5504,4.5754],"uv_size":[0.0246,0.0246]}}},{"origin":[0,18,1],"size":[0.5,0.25,0.25],"uv":{"down":{"uv":[13.5992,3.8996],"uv_size":[-0.0492,-0.0246]},"east":{"uv":[13.4754,4.5754],"uv_size":[0.0246,0.0246]},"north":{"uv":[13.6008,4.5754],"uv_size":[0.0492,0.0246]},"south":{"uv":[13.5508,4.5754],"uv_size":[0.0492,0.0246]},"up":{"uv":[13.5992,4.1246],"uv_size":[-0.0492,-0.0246]},"west":{"uv":[13.7004,4.5754],"uv_size":[0.0246,0.0246]}}},{"origin":[0.25,18.25,-0.5],"size":[0.25,1,0.25],"uv":{"down":{"uv":[13.5746,4.0496],"uv_size":[-0.0246,-0.0246]},"east":{"uv":[13.6254,4.4766],"uv_size":[0.0246,0.0984]},"north":{"uv":[13.6254,4.4766],"uv_size":[0.0246,0.0984]},"south":{"uv":[13.5504,4.4766],"uv_size":[0.0246,0.0984]},"up":{"uv":[13.5746,3.9746],"uv_size":[-0.0246,-0.0246]},"west":{"uv":[13.5504,4.4766],"uv_size":[0.0246,0.0984]}}},{"origin":[0.25,18.25,1],"size":[0.25,1,0.25],"uv":{"down":{"uv":[13.5746,3.8996],"uv_size":[-0.0246,-0.0246]},"east":{"uv":[13.4754,4.4766],"uv_size":[0.0246,0.0984]},"north":{"uv":[13.6254,4.4766],"uv_size":[0.0246,0.0984]},"south":{"uv":[13.5504,4.4766],"uv_size":[0.0246,0.0984]},"up":{"uv":[13.5746,4.1246],"uv_size":[-0.0246,-0.0246]},"west":{"uv":[13.7004,4.4766],"uv_size":[0.0246,0.0984]}}},{"origin":[0,18.75,0],"size":[0.5,0.25,0.25],"uv":{"down":{"uv":[13.5992,3.9996],"uv_size":[-0.0492,-0.0246]},"east":{"uv":[13.5754,4.5004],"uv_size":[0.0246,0.0246]},"north":{"uv":[13.6008,4.5004],"uv_size":[0.0492,0.0246]},"south":{"uv":[13.5508,4.5004],"uv_size":[0.0492,0.0246]},"up":{"uv":[13.5992,4.0246],"uv_size":[-0.0492,-0.0246]},"west":{"uv":[13.6004,4.5004],"uv_size":[0.0246,0.0246]}}},{"origin":[0.25,19.25,-0.25],"size":[0.25,0.25,1.25],"uv":{"down":{"uv":[13.5746,4.023],"uv_size":[-0.0246,-0.123]},"east":{"uv":[13.502,4.4504],"uv_size":[0.123,0.0246]},"north":{"uv":[13.6254,4.4504],"uv_size":[0.0246,0.0246]},"south":{"uv":[13.5504,4.4504],"uv_size":[0.0246,0.0246]},"up":{"uv":[13.5746,4.098],"uv_size":[-0.0246,-0.123]},"west":{"uv":[13.577,4.4504],"uv_size":[0.123,0.0246]}}},{"origin":[0.25,19.5,0],"size":[0.25,0.25,0.75],"uv":{"down":{"uv":[13.5746,3.9988],"uv_size":[-0.0246,-0.0738]},"east":{"uv":[13.5262,4.4254],"uv_size":[0.0738,0.0246]},"north":{"uv":[13.6254,4.4254],"uv_size":[0.0246,0.0246]},"south":{"uv":[13.5504,4.4254],"uv_size":[0.0246,0.0246]},"up":{"uv":[13.5746,4.0738],"uv_size":[-0.0246,-0.0738]},"west":{"uv":[13.6012,4.4254],"uv_size":[0.0738,0.0246]}}},{"origin":[0,3.5,-0.75],"size":[0.25,0.25,2.25],"uv":{"down":{"uv":[15.1996,5.6714],"uv_size":[-0.0246,-0.2214]},"east":{"uv":[15.0536,6.0254],"uv_size":[0.2214,0.0246]},"north":{"uv":[15.2004,6.0254],"uv_size":[0.0246,0.0246]},"south":{"uv":[15.1754,6.0254],"uv_size":[0.0246,0.0246]},"up":{"uv":[15.1996,5.7464],"uv_size":[-0.0246,-0.2214]},"west":{"uv":[15.1286,6.0254],"uv_size":[0.2214,0.0246]}}},{"origin":[0,3.75,-1.5],"size":[0.25,0.25,0.75],"uv":{"down":{"uv":[15.1996,5.7488],"uv_size":[-0.0246,-0.0738]},"east":{"uv":[15.2762,6.0004],"uv_size":[0.0738,0.0246]},"north":{"uv":[15.2004,6.0004],"uv_size":[0.0246,0.0246]},"south":{"uv":[15.1754,6.0004],"uv_size":[0.0246,0.0246]},"up":{"uv":[15.1996,5.5238],"uv_size":[-0.0246,-0.0738]},"west":{"uv":[15.0512,6.0004],"uv_size":[0.0738,0.0246]}}},{"origin":[0,3.75,1.5],"size":[0.25,0.25,0.75],"uv":{"down":{"uv":[15.1996,5.4488],"uv_size":[-0.0246,-0.0738]},"east":{"uv":[14.9762,6.0004],"uv_size":[0.0738,0.0246]},"north":{"uv":[15.2004,6.0004],"uv_size":[0.0246,0.0246]},"south":{"uv":[15.1754,6.0004],"uv_size":[0.0246,0.0246]},"up":{"uv":[15.1996,5.8238],"uv_size":[-0.0246,-0.0738]},"west":{"uv":[15.3512,6.0004],"uv_size":[0.0738,0.0246]}}},{"origin":[0,4,-2],"size":[0.25,0.25,0.5],"uv":{"down":{"uv":[15.1996,5.7992],"uv_size":[-0.0246,-0.0492]},"east":{"uv":[15.3508,5.9754],"uv_size":[0.0492,0.0246]},"north":{"uv":[15.2004,5.9754],"uv_size":[0.0246,0.0246]},"south":{"uv":[15.1754,5.9754],"uv_size":[0.0246,0.0246]},"up":{"uv":[15.1996,5.4492],"uv_size":[-0.0246,-0.0492]},"west":{"uv":[15.0008,5.9754],"uv_size":[0.0492,0.0246]}}},{"origin":[-0.25,4,2],"size":[0.5,0.25,0.25],"uv":{"down":{"uv":[15.2242,5.3996],"uv_size":[-0.0492,-0.0246]},"east":{"uv":[14.9754,5.9754],"uv_size":[0.0246,0.0246]},"north":{"uv":[15.1758,5.9754],"uv_size":[0.0492,0.0246]},"south":{"uv":[15.1758,5.9754],"uv_size":[0.0492,0.0246]},"up":{"uv":[15.2242,5.8246],"uv_size":[-0.0492,-0.0246]},"west":{"uv":[15.4004,5.9754],"uv_size":[0.0246,0.0246]}}},{"origin":[0,4,2.25],"size":[0.25,0.25,0.25],"uv":{"down":{"uv":[15.1996,5.3746],"uv_size":[-0.0246,-0.0246]},"east":{"uv":[14.9504,5.9754],"uv_size":[0.0246,0.0246]},"north":{"uv":[15.2004,5.9754],"uv_size":[0.0246,0.0246]},"south":{"uv":[15.1754,5.9754],"uv_size":[0.0246,0.0246]},"up":{"uv":[15.1996,5.8496],"uv_size":[-0.0246,-0.0246]},"west":{"uv":[15.4254,5.9754],"uv_size":[0.0246,0.0246]}}},{"origin":[0,4.25,-2.25],"size":[0.25,0.5,0.25],"uv":{"down":{"uv":[15.1996,5.8246],"uv_size":[-0.0246,-0.0246]},"east":{"uv":[15.4004,5.9258],"uv_size":[0.0246,0.0492]},"north":{"uv":[15.2004,5.9258],"uv_size":[0.0246,0.0492]},"south":{"uv":[15.1754,5.9258],"uv_size":[0.0246,0.0492]},"up":{"uv":[15.1996,5.3996],"uv_size":[-0.0246,-0.0246]},"west":{"uv":[14.9754,5.9258],"uv_size":[0.0246,0.0492]}}},{"origin":[0,4.25,2.5],"size":[0.25,0.5,0.25],"uv":{"down":{"uv":[15.1996,5.3496],"uv_size":[-0.0246,-0.0246]},"east":{"uv":[14.9254,5.9258],"uv_size":[0.0246,0.0492]},"north":{"uv":[15.2004,5.9258],"uv_size":[0.0246,0.0492]},"south":{"uv":[15.1754,5.9258],"uv_size":[0.0246,0.0492]},"up":{"uv":[15.1996,5.8746],"uv_size":[-0.0246,-0.0246]},"west":{"uv":[15.4504,5.9258],"uv_size":[0.0246,0.0492]}}},{"origin":[0,4.5,2.75],"size":[0.25,0.25,0.25],"uv":{"down":{"uv":[15.1996,5.3246],"uv_size":[-0.0246,-0.0246]},"east":{"uv":[14.9004,5.9254],"uv_size":[0.0246,0.0246]},"north":{"uv":[15.2004,5.9254],"uv_size":[0.0246,0.0246]},"south":{"uv":[15.1754,5.9254],"uv_size":[0.0246,0.0246]},"up":{"uv":[15.1996,5.8996],"uv_size":[-0.0246,-0.0246]},"west":{"uv":[15.4754,5.9254],"uv_size":[0.0246,0.0246]}}},{"origin":[0,4.75,-2.5],"size":[0.25,0.5,0.25],"uv":{"down":{"uv":[15.1996,5.8496],"uv_size":[-0.0246,-0.0246]},"east":{"uv":[15.4254,5.8758],"uv_size":[0.0246,0.0492]},"north":{"uv":[15.2004,5.8758],"uv_size":[0.0246,0.0492]},"south":{"uv":[15.1754,5.8758],"uv_size":[0.0246,0.0492]},"up":{"uv":[15.1996,5.3746],"uv_size":[-0.0246,-0.0246]},"west":{"uv":[14.9504,5.8758],"uv_size":[0.0246,0.0492]}}},{"origin":[0,4.75,3],"size":[0.25,0.5,0.25],"uv":{"down":{"uv":[15.1996,5.2996],"uv_size":[-0.0246,-0.0246]},"east":{"uv":[14.8754,5.8758],"uv_size":[0.0246,0.0492]},"north":{"uv":[15.2004,5.8758],"uv_size":[0.0246,0.0492]},"south":{"uv":[15.1754,5.8758],"uv_size":[0.0246,0.0492]},"up":{"uv":[15.1996,5.9246],"uv_size":[-0.0246,-0.0246]},"west":{"uv":[15.5004,5.8758],"uv_size":[0.0246,0.0492]}}},{"origin":[0,5.25,-2.75],"size":[0.25,2,0.25],"uv":{"down":{"uv":[15.1996,5.8746],"uv_size":[-0.0246,-0.0246]},"east":{"uv":[15.4504,5.6782],"uv_size":[0.0246,0.1968]},"north":{"uv":[15.2004,5.6782],"uv_size":[0.0246,0.1968]},"south":{"uv":[15.1754,5.6782],"uv_size":[0.0246,0.1968]},"up":{"uv":[15.1996,5.3496],"uv_size":[-0.0246,-0.0246]},"west":{"uv":[14.9254,5.6782],"uv_size":[0.0246,0.1968]}}},{"origin":[0,5.25,3.25],"size":[0.25,1.75,0.25],"uv":{"down":{"uv":[15.1996,5.2746],"uv_size":[-0.0246,-0.0246]},"east":{"uv":[14.8504,5.7028],"uv_size":[0.0246,0.1722]},"north":{"uv":[15.2004,5.7028],"uv_size":[0.0246,0.1722]},"south":{"uv":[15.1754,5.7028],"uv_size":[0.0246,0.1722]},"up":{"uv":[15.1996,5.9496],"uv_size":[-0.0246,-0.0246]},"west":{"uv":[15.5254,5.7028],"uv_size":[0.0246,0.1722]}}},{"origin":[-0.25,6.75,3],"size":[0.5,0.25,0.25],"uv":{"down":{"uv":[15.2242,5.2996],"uv_size":[-0.0492,-0.0246]},"east":{"uv":[14.8754,5.7004],"uv_size":[0.0246,0.0246]},"north":{"uv":[15.1758,5.7004],"uv_size":[0.0492,0.0246]},"south":{"uv":[15.1758,5.7004],"uv_size":[0.0492,0.0246]},"up":{"uv":[15.2242,5.9246],"uv_size":[-0.0492,-0.0246]},"west":{"uv":[15.5004,5.7004],"uv_size":[0.0246,0.0246]}}},{"origin":[-0.25,7,-2.5],"size":[0.5,0.25,0.25],"uv":{"down":{"uv":[15.2242,5.8496],"uv_size":[-0.0492,-0.0246]},"east":{"uv":[15.4254,5.6754],"uv_size":[0.0246,0.0246]},"north":{"uv":[15.1758,5.6754],"uv_size":[0.0492,0.0246]},"south":{"uv":[15.1758,5.6754],"uv_size":[0.0492,0.0246]},"up":{"uv":[15.2242,5.3746],"uv_size":[-0.0492,-0.0246]},"west":{"uv":[14.9504,5.6754],"uv_size":[0.0246,0.0246]}}},{"origin":[0,7,3],"size":[0.25,0.75,0.25],"uv":{"down":{"uv":[15.1996,5.2996],"uv_size":[-0.0246,-0.0246]},"east":{"uv":[14.8754,5.6262],"uv_size":[0.0246,0.0738]},"north":{"uv":[15.2004,5.6262],"uv_size":[0.0246,0.0738]},"south":{"uv":[15.1754,5.6262],"uv_size":[0.0246,0.0738]},"up":{"uv":[15.1996,5.9246],"uv_size":[-0.0246,-0.0246]},"west":{"uv":[15.5004,5.6262],"uv_size":[0.0246,0.0738]}}},{"origin":[0,7.25,-2.5],"size":[0.25,0.5,0.25],"uv":{"down":{"uv":[15.1996,5.8496],"uv_size":[-0.0246,-0.0246]},"east":{"uv":[15.4254,5.6258],"uv_size":[0.0246,0.0492]},"north":{"uv":[15.2004,5.6258],"uv_size":[0.0246,0.0492]},"south":{"uv":[15.1754,5.6258],"uv_size":[0.0246,0.0492]},"up":{"uv":[15.1996,5.3746],"uv_size":[-0.0246,-0.0246]},"west":{"uv":[14.9504,5.6258],"uv_size":[0.0246,0.0492]}}},{"origin":[-0.25,7.5,-2.25],"size":[0.5,0.25,0.25],"uv":{"down":{"uv":[15.2242,5.8246],"uv_size":[-0.0492,-0.0246]},"east":{"uv":[15.4004,5.6254],"uv_size":[0.0246,0.0246]},"north":{"uv":[15.1758,5.6254],"uv_size":[0.0492,0.0246]},"south":{"uv":[15.1758,5.6254],"uv_size":[0.0492,0.0246]},"up":{"uv":[15.2242,5.3996],"uv_size":[-0.0492,-0.0246]},"west":{"uv":[14.9754,5.6254],"uv_size":[0.0246,0.0246]}}},{"origin":[-0.25,7.5,2.75],"size":[0.5,0.25,0.25],"uv":{"down":{"uv":[15.2242,5.3246],"uv_size":[-0.0492,-0.0246]},"east":{"uv":[14.9004,5.6254],"uv_size":[0.0246,0.0246]},"north":{"uv":[15.1758,5.6254],"uv_size":[0.0492,0.0246]},"south":{"uv":[15.1758,5.6254],"uv_size":[0.0492,0.0246]},"up":{"uv":[15.2242,5.8996],"uv_size":[-0.0492,-0.0246]},"west":{"uv":[15.4754,5.6254],"uv_size":[0.0246,0.0246]}}},{"origin":[0,7.75,-2.25],"size":[0.25,0.25,0.5],"uv":{"down":{"uv":[15.1996,5.8242],"uv_size":[-0.0246,-0.0492]},"east":{"uv":[15.3758,5.6004],"uv_size":[0.0492,0.0246]},"north":{"uv":[15.2004,5.6004],"uv_size":[0.0246,0.0246]},"south":{"uv":[15.1754,5.6004],"uv_size":[0.0246,0.0246]},"up":{"uv":[15.1996,5.4242],"uv_size":[-0.0246,-0.0492]},"west":{"uv":[14.9758,5.6004],"uv_size":[0.0492,0.0246]}}},{"origin":[0,7.75,2.75],"size":[0.25,0.25,0.25],"uv":{"down":{"uv":[15.1996,5.3246],"uv_size":[-0.0246,-0.0246]},"east":{"uv":[14.9004,5.6004],"uv_size":[0.0246,0.0246]},"north":{"uv":[15.2004,5.6004],"uv_size":[0.0246,0.0246]},"south":{"uv":[15.1754,5.6004],"uv_size":[0.0246,0.0246]},"up":{"uv":[15.1996,5.8996],"uv_size":[-0.0246,-0.0246]},"west":{"uv":[15.4754,5.6004],"uv_size":[0.0246,0.0246]}}},{"origin":[0,8,-2],"size":[0.25,0.5,0.25],"uv":{"down":{"uv":[15.1996,5.7996],"uv_size":[-0.0246,-0.0246]},"east":{"uv":[15.3754,5.5508],"uv_size":[0.0246,0.0492]},"north":{"uv":[15.2004,5.5508],"uv_size":[0.0246,0.0492]},"south":{"uv":[15.1754,5.5508],"uv_size":[0.0246,0.0492]},"up":{"uv":[15.1996,5.4246],"uv_size":[-0.0246,-0.0246]},"west":{"uv":[15.0004,5.5508],"uv_size":[0.0246,0.0492]}}},{"origin":[0,8,2.5],"size":[0.25,0.25,0.25],"uv":{"down":{"uv":[15.1996,5.3496],"uv_size":[-0.0246,-0.0246]},"east":{"uv":[14.9254,5.5754],"uv_size":[0.0246,0.0246]},"north":{"uv":[15.2004,5.5754],"uv_size":[0.0246,0.0246]},"south":{"uv":[15.1754,5.5754],"uv_size":[0.0246,0.0246]},"up":{"uv":[15.1996,5.8746],"uv_size":[-0.0246,-0.0246]},"west":{"uv":[15.4504,5.5754],"uv_size":[0.0246,0.0246]}}},{"origin":[-0.25,8.25,-1.75],"size":[0.5,0.25,0.25],"uv":{"down":{"uv":[15.2242,5.7746],"uv_size":[-0.0492,-0.0246]},"east":{"uv":[15.3504,5.5504],"uv_size":[0.0246,0.0246]},"north":{"uv":[15.1758,5.5504],"uv_size":[0.0492,0.0246]},"south":{"uv":[15.1758,5.5504],"uv_size":[0.0492,0.0246]},"up":{"uv":[15.2242,5.4496],"uv_size":[-0.0492,-0.0246]},"west":{"uv":[15.0254,5.5504],"uv_size":[0.0246,0.0246]}}},{"origin":[0,8.25,2.25],"size":[0.25,0.5,0.25],"uv":{"down":{"uv":[15.1996,5.3746],"uv_size":[-0.0246,-0.0246]},"east":{"uv":[14.9504,5.5258],"uv_size":[0.0246,0.0492]},"north":{"uv":[15.2004,5.5258],"uv_size":[0.0246,0.0492]},"south":{"uv":[15.1754,5.5258],"uv_size":[0.0246,0.0492]},"up":{"uv":[15.1996,5.8496],"uv_size":[-0.0246,-0.0246]},"west":{"uv":[15.4254,5.5258],"uv_size":[0.0246,0.0492]}}},{"origin":[0,8.5,-1.75],"size":[0.25,0.25,0.25],"uv":{"down":{"uv":[15.1996,5.7746],"uv_size":[-0.0246,-0.0246]},"east":{"uv":[15.3504,5.5254],"uv_size":[0.0246,0.0246]},"north":{"uv":[15.2004,5.5254],"uv_size":[0.0246,0.0246]},"south":{"uv":[15.1754,5.5254],"uv_size":[0.0246,0.0246]},"up":{"uv":[15.1996,5.4496],"uv_size":[-0.0246,-0.0246]},"west":{"uv":[15.0254,5.5254],"uv_size":[0.0246,0.0246]}}},{"origin":[-0.25,8.5,2],"size":[0.5,0.25,0.25],"uv":{"down":{"uv":[15.2242,5.3996],"uv_size":[-0.0492,-0.0246]},"east":{"uv":[14.9754,5.5254],"uv_size":[0.0246,0.0246]},"north":{"uv":[15.1758,5.5254],"uv_size":[0.0492,0.0246]},"south":{"uv":[15.1758,5.5254],"uv_size":[0.0492,0.0246]},"up":{"uv":[15.2242,5.8246],"uv_size":[-0.0492,-0.0246]},"west":{"uv":[15.4004,5.5254],"uv_size":[0.0246,0.0246]}}},{"origin":[0,8.75,-1.5],"size":[0.25,1,0.25],"uv":{"down":{"uv":[15.1996,5.7496],"uv_size":[-0.0246,-0.0246]},"east":{"uv":[15.3254,5.4266],"uv_size":[0.0246,0.0984]},"north":{"uv":[15.2004,5.4266],"uv_size":[0.0246,0.0984]},"south":{"uv":[15.1754,5.4266],"uv_size":[0.0246,0.0984]},"up":{"uv":[15.1996,5.4746],"uv_size":[-0.0246,-0.0246]},"west":{"uv":[15.0504,5.4266],"uv_size":[0.0246,0.0984]}}},{"origin":[0,8.75,2],"size":[0.25,0.75,0.25],"uv":{"down":{"uv":[15.1996,5.3996],"uv_size":[-0.0246,-0.0246]},"east":{"uv":[14.9754,5.4512],"uv_size":[0.0246,0.0738]},"north":{"uv":[15.2004,5.4512],"uv_size":[0.0246,0.0738]},"south":{"uv":[15.1754,5.4512],"uv_size":[0.0246,0.0738]},"up":{"uv":[15.1996,5.8246],"uv_size":[-0.0246,-0.0246]},"west":{"uv":[15.4004,5.4512],"uv_size":[0.0246,0.0738]}}},{"origin":[0,9.5,2.25],"size":[0.25,1.75,0.25],"uv":{"down":{"uv":[15.1996,5.3746],"uv_size":[-0.0246,-0.0246]},"east":{"uv":[14.9504,5.2778],"uv_size":[0.0246,0.1722]},"north":{"uv":[15.2004,5.2778],"uv_size":[0.0246,0.1722]},"south":{"uv":[15.1754,5.2778],"uv_size":[0.0246,0.1722]},"up":{"uv":[15.1996,5.8496],"uv_size":[-0.0246,-0.0246]},"west":{"uv":[15.4254,5.2778],"uv_size":[0.0246,0.1722]}}},{"origin":[0,9.75,-1.75],"size":[0.25,0.25,0.25],"uv":{"down":{"uv":[15.1996,5.7746],"uv_size":[-0.0246,-0.0246]},"east":{"uv":[15.3504,5.4004],"uv_size":[0.0246,0.0246]},"north":{"uv":[15.2004,5.4004],"uv_size":[0.0246,0.0246]},"south":{"uv":[15.1754,5.4004],"uv_size":[0.0246,0.0246]},"up":{"uv":[15.1996,5.4496],"uv_size":[-0.0246,-0.0246]},"west":{"uv":[15.0254,5.4004],"uv_size":[0.0246,0.0246]}}},{"origin":[-0.25,10.25,-1],"size":[0.5,0.25,0.25],"uv":{"down":{"uv":[15.2242,5.6996],"uv_size":[-0.0492,-0.0246]},"east":{"uv":[15.2754,5.3504],"uv_size":[0.0246,0.0246]},"north":{"uv":[15.1758,5.3504],"uv_size":[0.0492,0.0246]},"south":{"uv":[15.1758,5.3504],"uv_size":[0.0492,0.0246]},"up":{"uv":[15.2242,5.5246],"uv_size":[-0.0492,-0.0246]},"west":{"uv":[15.1004,5.3504],"uv_size":[0.0246,0.0246]}}},{"origin":[0,10.25,-0.75],"size":[0.25,0.25,0.5],"uv":{"down":{"uv":[15.1996,5.6742],"uv_size":[-0.0246,-0.0492]},"east":{"uv":[15.2258,5.3504],"uv_size":[0.0492,0.0246]},"north":{"uv":[15.2004,5.3504],"uv_size":[0.0246,0.0246]},"south":{"uv":[15.1754,5.3504],"uv_size":[0.0246,0.0246]},"up":{"uv":[15.1996,5.5742],"uv_size":[-0.0246,-0.0492]},"west":{"uv":[15.1258,5.3504],"uv_size":[0.0492,0.0246]}}},{"origin":[0,10.5,-1.75],"size":[0.25,0.25,1],"uv":{"down":{"uv":[15.1996,5.7734],"uv_size":[-0.0246,-0.0984]},"east":{"uv":[15.2766,5.3254],"uv_size":[0.0984,0.0246]},"north":{"uv":[15.2004,5.3254],"uv_size":[0.0246,0.0246]},"south":{"uv":[15.1754,5.3254],"uv_size":[0.0246,0.0246]},"up":{"uv":[15.1996,5.5234],"uv_size":[-0.0246,-0.0984]},"west":{"uv":[15.0266,5.3254],"uv_size":[0.0984,0.0246]}}},{"origin":[0,10.5,-0.5],"size":[0.25,0.25,0.5],"uv":{"down":{"uv":[15.1996,5.6492],"uv_size":[-0.0246,-0.0492]},"east":{"uv":[15.2008,5.3254],"uv_size":[0.0492,0.0246]},"north":{"uv":[15.2004,5.3254],"uv_size":[0.0246,0.0246]},"south":{"uv":[15.1754,5.3254],"uv_size":[0.0246,0.0246]},"up":{"uv":[15.1996,5.5992],"uv_size":[-0.0246,-0.0492]},"west":{"uv":[15.1508,5.3254],"uv_size":[0.0492,0.0246]}}},{"origin":[0,10.75,-1.5],"size":[0.25,0.25,0.25],"uv":{"down":{"uv":[15.1996,5.7496],"uv_size":[-0.0246,-0.0246]},"east":{"uv":[15.3254,5.3004],"uv_size":[0.0246,0.0246]},"north":{"uv":[15.2004,5.3004],"uv_size":[0.0246,0.0246]},"south":{"uv":[15.1754,5.3004],"uv_size":[0.0246,0.0246]},"up":{"uv":[15.1996,5.4746],"uv_size":[-0.0246,-0.0246]},"west":{"uv":[15.0504,5.3004],"uv_size":[0.0246,0.0246]}}},{"origin":[0,10.75,-0.25],"size":[0.25,7,0.25],"uv":{"down":{"uv":[15.1996,5.6246],"uv_size":[-0.0246,-0.0246]},"east":{"uv":[15.2004,4.8084],"uv_size":[0.0246,0.5166]},"north":{"uv":[15.2004,4.8084],"uv_size":[0.0246,0.5166]},"south":{"uv":[15.1754,4.8084],"uv_size":[0.0246,0.5166]},"up":{"uv":[15.1996,5.5996],"uv_size":[-0.0246,-0.0246]},"west":{"uv":[15.1754,4.8084],"uv_size":[0.0246,0.5166]}}},{"origin":[-0.25,11,2],"size":[0.5,0.25,0.25],"uv":{"down":{"uv":[15.2242,5.3996],"uv_size":[-0.0492,-0.0246]},"east":{"uv":[14.9754,5.2754],"uv_size":[0.0246,0.0246]},"north":{"uv":[15.1758,5.2754],"uv_size":[0.0492,0.0246]},"south":{"uv":[15.1758,5.2754],"uv_size":[0.0492,0.0246]},"up":{"uv":[15.2242,5.8246],"uv_size":[-0.0492,-0.0246]},"west":{"uv":[15.4004,5.2754],"uv_size":[0.0246,0.0246]}}},{"origin":[-0.25,11.25,0],"size":[0.5,6.5,0.25],"uv":{"down":{"uv":[15.2242,5.5996],"uv_size":[-0.0492,-0.0246]},"east":{"uv":[15.1754,4.8076],"uv_size":[0.0246,0.4674]},"north":{"uv":[15.1758,4.8076],"uv_size":[0.0492,0.4674]},"south":{"uv":[15.1758,4.8076],"uv_size":[0.0492,0.4674]},"up":{"uv":[15.2242,5.6246],"uv_size":[-0.0492,-0.0246]},"west":{"uv":[15.2004,4.8076],"uv_size":[0.0246,0.4674]}}},{"origin":[-0.25,11.25,1.5],"size":[0.5,0.25,0.5],"uv":{"down":{"uv":[15.2242,5.4492],"uv_size":[-0.0492,-0.0492]},"east":{"uv":[15.0008,5.2504],"uv_size":[0.0492,0.0246]},"north":{"uv":[15.1758,5.2504],"uv_size":[0.0492,0.0246]},"south":{"uv":[15.1758,5.2504],"uv_size":[0.0492,0.0246]},"up":{"uv":[15.2242,5.7992],"uv_size":[-0.0492,-0.0492]},"west":{"uv":[15.3508,5.2504],"uv_size":[0.0492,0.0246]}}},{"origin":[0,11.25,2],"size":[0.25,0.25,0.25],"uv":{"down":{"uv":[15.1996,5.3996],"uv_size":[-0.0246,-0.0246]},"east":{"uv":[14.9754,5.2504],"uv_size":[0.0246,0.0246]},"north":{"uv":[15.2004,5.2504],"uv_size":[0.0246,0.0246]},"south":{"uv":[15.1754,5.2504],"uv_size":[0.0246,0.0246]},"up":{"uv":[15.1996,5.8246],"uv_size":[-0.0246,-0.0246]},"west":{"uv":[15.4004,5.2504],"uv_size":[0.0246,0.0246]}}},{"origin":[-0.25,11.5,0.25],"size":[0.5,0.5,0.25],"uv":{"down":{"uv":[15.2242,5.5746],"uv_size":[-0.0492,-0.0246]},"east":{"uv":[15.1504,5.2008],"uv_size":[0.0246,0.0492]},"north":{"uv":[15.1758,5.2008],"uv_size":[0.0492,0.0492]},"south":{"uv":[15.1758,5.2008],"uv_size":[0.0492,0.0492]},"up":{"uv":[15.2242,5.6496],"uv_size":[-0.0492,-0.0246]},"west":{"uv":[15.2254,5.2008],"uv_size":[0.0246,0.0492]}}},{"origin":[-0.25,11.5,0.5],"size":[0.5,0.25,0.5],"uv":{"down":{"uv":[15.2242,5.5492],"uv_size":[-0.0492,-0.0492]},"east":{"uv":[15.1008,5.2254],"uv_size":[0.0492,0.0246]},"north":{"uv":[15.1758,5.2254],"uv_size":[0.0492,0.0246]},"south":{"uv":[15.1758,5.2254],"uv_size":[0.0492,0.0246]},"up":{"uv":[15.2242,5.6992],"uv_size":[-0.0492,-0.0492]},"west":{"uv":[15.2508,5.2254],"uv_size":[0.0492,0.0246]}}},{"origin":[0,11.5,1],"size":[0.25,0.25,0.75],"uv":{"down":{"uv":[15.1996,5.4988],"uv_size":[-0.0246,-0.0738]},"east":{"uv":[15.0262,5.2254],"uv_size":[0.0738,0.0246]},"north":{"uv":[15.2004,5.2254],"uv_size":[0.0246,0.0246]},"south":{"uv":[15.1754,5.2254],"uv_size":[0.0246,0.0246]},"up":{"uv":[15.1996,5.7738],"uv_size":[-0.0246,-0.0738]},"west":{"uv":[15.3012,5.2254],"uv_size":[0.0738,0.0246]}}},{"origin":[0,11.75,0.75],"size":[0.25,6,0.25],"uv":{"down":{"uv":[15.1996,5.5246],"uv_size":[-0.0246,-0.0246]},"east":{"uv":[15.1004,4.8068],"uv_size":[0.0246,0.4182]},"north":{"uv":[15.2004,4.8068],"uv_size":[0.0246,0.4182]},"south":{"uv":[15.1754,4.8068],"uv_size":[0.0246,0.4182]},"up":{"uv":[15.1996,5.6996],"uv_size":[-0.0246,-0.0246]},"west":{"uv":[15.2754,4.8068],"uv_size":[0.0246,0.4182]}}},{"origin":[-0.25,12,0.5],"size":[0.5,5.75,0.25],"uv":{"down":{"uv":[15.2242,5.5496],"uv_size":[-0.0492,-0.0246]},"east":{"uv":[15.1254,4.8064],"uv_size":[0.0246,0.3936]},"north":{"uv":[15.1758,4.8064],"uv_size":[0.0492,0.3936]},"south":{"uv":[15.1758,4.8064],"uv_size":[0.0492,0.3936]},"up":{"uv":[15.2242,5.6746],"uv_size":[-0.0492,-0.0246]},"west":{"uv":[15.2504,4.8064],"uv_size":[0.0246,0.3936]}}},{"origin":[-0.25,12.25,0.25],"size":[0.5,5.5,0.25],"uv":{"down":{"uv":[15.2242,5.5746],"uv_size":[-0.0492,-0.0246]},"east":{"uv":[15.1504,4.806],"uv_size":[0.0246,0.369]},"north":{"uv":[15.1758,4.806],"uv_size":[0.0492,0.369]},"south":{"uv":[15.1758,4.806],"uv_size":[0.0492,0.369]},"up":{"uv":[15.2242,5.6496],"uv_size":[-0.0492,-0.0246]},"west":{"uv":[15.2254,4.806],"uv_size":[0.0246,0.369]}}},{"origin":[0,17.75,-0.5],"size":[0.25,0.25,0.25],"uv":{"down":{"uv":[13.5996,4.0496],"uv_size":[-0.0246,-0.0246]},"east":{"uv":[13.6254,4.6004],"uv_size":[0.0246,0.0246]},"north":{"uv":[13.6004,4.6004],"uv_size":[0.0246,0.0246]},"south":{"uv":[13.5754,4.6004],"uv_size":[0.0246,0.0246]},"up":{"uv":[13.5996,3.9746],"uv_size":[-0.0246,-0.0246]},"west":{"uv":[13.5504,4.6004],"uv_size":[0.0246,0.0246]}}},{"origin":[0,17.75,1],"size":[0.25,0.25,0.25],"uv":{"down":{"uv":[13.5996,3.8996],"uv_size":[-0.0246,-0.0246]},"east":{"uv":[13.4754,4.6004],"uv_size":[0.0246,0.0246]},"north":{"uv":[13.6004,4.6004],"uv_size":[0.0246,0.0246]},"south":{"uv":[13.5754,4.6004],"uv_size":[0.0246,0.0246]},"up":{"uv":[13.5996,4.1246],"uv_size":[-0.0246,-0.0246]},"west":{"uv":[13.7004,4.6004],"uv_size":[0.0246,0.0246]}}},{"origin":[0,18.5,0.5],"size":[0.25,0.25,0.25],"uv":{"down":{"uv":[13.5996,3.9496],"uv_size":[-0.0246,-0.0246]},"east":{"uv":[13.5254,4.5254],"uv_size":[0.0246,0.0246]},"north":{"uv":[13.6004,4.5254],"uv_size":[0.0246,0.0246]},"south":{"uv":[13.5754,4.5254],"uv_size":[0.0246,0.0246]},"up":{"uv":[13.5996,4.0746],"uv_size":[-0.0246,-0.0246]},"west":{"uv":[13.6504,4.5254],"uv_size":[0.0246,0.0246]}}},{"origin":[0,19,0],"size":[0.25,0.5,0.75],"uv":{"down":{"uv":[13.5996,3.9988],"uv_size":[-0.0246,-0.0738]},"east":{"uv":[13.5262,4.4508],"uv_size":[0.0738,0.0492]},"north":{"uv":[13.6004,4.4508],"uv_size":[0.0246,0.0492]},"south":{"uv":[13.5754,4.4508],"uv_size":[0.0246,0.0492]},"up":{"uv":[13.5996,4.0738],"uv_size":[-0.0246,-0.0738]},"west":{"uv":[13.6012,4.4508],"uv_size":[0.0738,0.0492]}}},{"origin":[-0.25,3.75,-0.5],"size":[0.25,6.75,1.75],"uv":{"down":{"uv":[15.2246,5.6472],"uv_size":[-0.0246,-0.1722]},"east":{"uv":[15.0778,5.3608],"uv_size":[0.1722,0.6642]},"north":{"uv":[15.1754,5.3608],"uv_size":[0.0246,0.6642]},"south":{"uv":[15.2004,5.3608],"uv_size":[0.0246,0.6642]},"up":{"uv":[15.2246,5.7222],"uv_size":[-0.0246,-0.1722]},"west":{"uv":[15.1528,5.3608],"uv_size":[0.1722,0.6642]}}},{"origin":[-0.25,4,-1.25],"size":[0.25,6.5,0.25],"uv":{"down":{"uv":[15.2246,5.7246],"uv_size":[-0.0246,-0.0246]},"east":{"uv":[15.3004,5.3604],"uv_size":[0.0246,0.6396]},"north":{"uv":[15.1754,5.3604],"uv_size":[0.0246,0.6396]},"south":{"uv":[15.2004,5.3604],"uv_size":[0.0246,0.6396]},"up":{"uv":[15.2246,5.4996],"uv_size":[-0.0246,-0.0246]},"west":{"uv":[15.0754,5.3604],"uv_size":[0.0246,0.6396]}}},{"origin":[-0.25,4,-1],"size":[0.25,6.25,0.5],"uv":{"down":{"uv":[15.2246,5.6992],"uv_size":[-0.0246,-0.0492]},"east":{"uv":[15.2508,5.385],"uv_size":[0.0492,0.615]},"north":{"uv":[15.1754,5.385],"uv_size":[0.0246,0.615]},"south":{"uv":[15.2004,5.385],"uv_size":[0.0246,0.615]},"up":{"uv":[15.2246,5.5492],"uv_size":[-0.0246,-0.0492]},"west":{"uv":[15.1008,5.385],"uv_size":[0.0492,0.615]}}},{"origin":[-0.25,4,1.25],"size":[0.25,7.5,0.25],"uv":{"down":{"uv":[15.2246,5.4746],"uv_size":[-0.0246,-0.0246]},"east":{"uv":[15.0504,5.262],"uv_size":[0.0246,0.738]},"north":{"uv":[15.1754,5.262],"uv_size":[0.0246,0.738]},"south":{"uv":[15.2004,5.262],"uv_size":[0.0246,0.738]},"up":{"uv":[15.2246,5.7496],"uv_size":[-0.0246,-0.0246]},"west":{"uv":[15.3254,5.262],"uv_size":[0.0246,0.738]}}},{"origin":[-0.25,4,1.5],"size":[0.25,7.25,0.5],"uv":{"down":{"uv":[15.2246,5.4492],"uv_size":[-0.0246,-0.0492]},"east":{"uv":[15.0008,5.2866],"uv_size":[0.0492,0.7134]},"north":{"uv":[15.1754,5.2866],"uv_size":[0.0246,0.7134]},"south":{"uv":[15.2004,5.2866],"uv_size":[0.0246,0.7134]},"up":{"uv":[15.2246,5.7992],"uv_size":[-0.0246,-0.0492]},"west":{"uv":[15.3508,5.2866],"uv_size":[0.0492,0.7134]}}},{"origin":[-0.25,4.25,-1.75],"size":[0.25,4,0.5],"uv":{"down":{"uv":[15.2246,5.7742],"uv_size":[-0.0246,-0.0492]},"east":{"uv":[15.3258,5.5814],"uv_size":[0.0492,0.3936]},"north":{"uv":[15.1754,5.5814],"uv_size":[0.0246,0.3936]},"south":{"uv":[15.2004,5.5814],"uv_size":[0.0246,0.3936]},"up":{"uv":[15.2246,5.4742],"uv_size":[-0.0246,-0.0492]},"west":{"uv":[15.0258,5.5814],"uv_size":[0.0492,0.3936]}}},{"origin":[-0.25,4.25,2],"size":[0.25,4.25,0.25],"uv":{"down":{"uv":[15.2246,5.3996],"uv_size":[-0.0246,-0.0246]},"east":{"uv":[14.9754,5.5568],"uv_size":[0.0246,0.4182]},"north":{"uv":[15.1754,5.5568],"uv_size":[0.0246,0.4182]},"south":{"uv":[15.2004,5.5568],"uv_size":[0.0246,0.4182]},"up":{"uv":[15.2246,5.8246],"uv_size":[-0.0246,-0.0246]},"west":{"uv":[15.4004,5.5568],"uv_size":[0.0246,0.4182]}}},{"origin":[-0.25,4.5,-2.25],"size":[0.25,0.25,0.5],"uv":{"down":{"uv":[15.2246,5.8242],"uv_size":[-0.0246,-0.0492]},"east":{"uv":[15.3758,5.9254],"uv_size":[0.0492,0.0246]},"north":{"uv":[15.1754,5.9254],"uv_size":[0.0246,0.0246]},"south":{"uv":[15.2004,5.9254],"uv_size":[0.0246,0.0246]},"up":{"uv":[15.2246,5.4242],"uv_size":[-0.0246,-0.0492]},"west":{"uv":[14.9758,5.9254],"uv_size":[0.0492,0.0246]}}},{"origin":[-0.25,4.5,2.25],"size":[0.25,3.5,0.25],"uv":{"down":{"uv":[15.2246,5.3746],"uv_size":[-0.0246,-0.0246]},"east":{"uv":[14.9504,5.6056],"uv_size":[0.0246,0.3444]},"north":{"uv":[15.1754,5.6056],"uv_size":[0.0246,0.3444]},"south":{"uv":[15.2004,5.6056],"uv_size":[0.0246,0.3444]},"up":{"uv":[15.2246,5.8496],"uv_size":[-0.0246,-0.0246]},"west":{"uv":[15.4254,5.6056],"uv_size":[0.0246,0.3444]}}},{"origin":[-0.25,4.5,2.5],"size":[0.25,3.25,0.25],"uv":{"down":{"uv":[15.2246,5.3496],"uv_size":[-0.0246,-0.0246]},"east":{"uv":[14.9254,5.6302],"uv_size":[0.0246,0.3198]},"north":{"uv":[15.1754,5.6302],"uv_size":[0.0246,0.3198]},"south":{"uv":[15.2004,5.6302],"uv_size":[0.0246,0.3198]},"up":{"uv":[15.2246,5.8746],"uv_size":[-0.0246,-0.0246]},"west":{"uv":[15.4504,5.6302],"uv_size":[0.0246,0.3198]}}},{"origin":[-0.25,4.75,-2],"size":[0.25,3.25,0.25],"uv":{"down":{"uv":[15.2246,5.7996],"uv_size":[-0.0246,-0.0246]},"east":{"uv":[15.3754,5.6052],"uv_size":[0.0246,0.3198]},"north":{"uv":[15.1754,5.6052],"uv_size":[0.0246,0.3198]},"south":{"uv":[15.2004,5.6052],"uv_size":[0.0246,0.3198]},"up":{"uv":[15.2246,5.4246],"uv_size":[-0.0246,-0.0246]},"west":{"uv":[15.0004,5.6052],"uv_size":[0.0246,0.3198]}}},{"origin":[-0.25,5,-2.25],"size":[0.25,2.5,0.25],"uv":{"down":{"uv":[15.2246,5.8246],"uv_size":[-0.0246,-0.0246]},"east":{"uv":[15.4004,5.654],"uv_size":[0.0246,0.246]},"north":{"uv":[15.1754,5.654],"uv_size":[0.0246,0.246]},"south":{"uv":[15.2004,5.654],"uv_size":[0.0246,0.246]},"up":{"uv":[15.2246,5.3996],"uv_size":[-0.0246,-0.0246]},"west":{"uv":[14.9754,5.654],"uv_size":[0.0246,0.246]}}},{"origin":[-0.25,5,2.75],"size":[0.25,2.5,0.25],"uv":{"down":{"uv":[15.2246,5.3246],"uv_size":[-0.0246,-0.0246]},"east":{"uv":[14.9004,5.654],"uv_size":[0.0246,0.246]},"north":{"uv":[15.1754,5.654],"uv_size":[0.0246,0.246]},"south":{"uv":[15.2004,5.654],"uv_size":[0.0246,0.246]},"up":{"uv":[15.2246,5.8996],"uv_size":[-0.0246,-0.0246]},"west":{"uv":[15.4754,5.654],"uv_size":[0.0246,0.246]}}},{"origin":[-0.25,5.5,-2.5],"size":[0.25,1.5,0.25],"uv":{"down":{"uv":[15.2246,5.8496],"uv_size":[-0.0246,-0.0246]},"east":{"uv":[15.4254,5.7024],"uv_size":[0.0246,0.1476]},"north":{"uv":[15.1754,5.7024],"uv_size":[0.0246,0.1476]},"south":{"uv":[15.2004,5.7024],"uv_size":[0.0246,0.1476]},"up":{"uv":[15.2246,5.3746],"uv_size":[-0.0246,-0.0246]},"west":{"uv":[14.9504,5.7024],"uv_size":[0.0246,0.1476]}}},{"origin":[-0.25,5.5,3],"size":[0.25,1.25,0.25],"uv":{"down":{"uv":[15.2246,5.2996],"uv_size":[-0.0246,-0.0246]},"east":{"uv":[14.8754,5.727],"uv_size":[0.0246,0.123]},"north":{"uv":[15.1754,5.727],"uv_size":[0.0246,0.123]},"south":{"uv":[15.2004,5.727],"uv_size":[0.0246,0.123]},"up":{"uv":[15.2246,5.9246],"uv_size":[-0.0246,-0.0246]},"west":{"uv":[15.5004,5.727],"uv_size":[0.0246,0.123]}}},{"origin":[-0.25,8.25,-1.5],"size":[0.25,0.25,0.25],"uv":{"down":{"uv":[15.2246,5.7496],"uv_size":[-0.0246,-0.0246]},"east":{"uv":[15.3254,5.5504],"uv_size":[0.0246,0.0246]},"north":{"uv":[15.1754,5.5504],"uv_size":[0.0246,0.0246]},"south":{"uv":[15.2004,5.5504],"uv_size":[0.0246,0.0246]},"up":{"uv":[15.2246,5.4746],"uv_size":[-0.0246,-0.0246]},"west":{"uv":[15.0504,5.5504],"uv_size":[0.0246,0.0246]}}},{"origin":[-0.25,9.75,-1.5],"size":[0.25,1,0.25],"uv":{"down":{"uv":[15.2246,5.7496],"uv_size":[-0.0246,-0.0246]},"east":{"uv":[15.3254,5.3266],"uv_size":[0.0246,0.0984]},"north":{"uv":[15.1754,5.3266],"uv_size":[0.0246,0.0984]},"south":{"uv":[15.2004,5.3266],"uv_size":[0.0246,0.0984]},"up":{"uv":[15.2246,5.4746],"uv_size":[-0.0246,-0.0246]},"west":{"uv":[15.0504,5.3266],"uv_size":[0.0246,0.0984]}}},{"origin":[-0.25,9.75,2],"size":[0.25,1.25,0.25],"uv":{"down":{"uv":[15.2246,5.3996],"uv_size":[-0.0246,-0.0246]},"east":{"uv":[14.9754,5.302],"uv_size":[0.0246,0.123]},"north":{"uv":[15.1754,5.302],"uv_size":[0.0246,0.123]},"south":{"uv":[15.2004,5.302],"uv_size":[0.0246,0.123]},"up":{"uv":[15.2246,5.8246],"uv_size":[-0.0246,-0.0246]},"west":{"uv":[15.4004,5.302],"uv_size":[0.0246,0.123]}}},{"origin":[-0.25,10.5,-0.25],"size":[0.25,0.25,1.5],"uv":{"down":{"uv":[15.2246,5.6226],"uv_size":[-0.0246,-0.1476]},"east":{"uv":[15.0774,5.3254],"uv_size":[0.1476,0.0246]},"north":{"uv":[15.1754,5.3254],"uv_size":[0.0246,0.0246]},"south":{"uv":[15.2004,5.3254],"uv_size":[0.0246,0.0246]},"up":{"uv":[15.2246,5.7226],"uv_size":[-0.0246,-0.1476]},"west":{"uv":[15.1774,5.3254],"uv_size":[0.1476,0.0246]}}},{"origin":[-0.25,10.75,0],"size":[0.25,0.5,1.25],"uv":{"down":{"uv":[15.2246,5.598],"uv_size":[-0.0246,-0.123]},"east":{"uv":[15.077,5.2758],"uv_size":[0.123,0.0492]},"north":{"uv":[15.1754,5.2758],"uv_size":[0.0246,0.0492]},"south":{"uv":[15.2004,5.2758],"uv_size":[0.0246,0.0492]},"up":{"uv":[15.2246,5.723],"uv_size":[-0.0246,-0.123]},"west":{"uv":[15.202,5.2758],"uv_size":[0.123,0.0492]}}},{"origin":[-0.25,11.25,0.25],"size":[0.25,0.25,1],"uv":{"down":{"uv":[15.2246,5.5734],"uv_size":[-0.0246,-0.0984]},"east":{"uv":[15.0766,5.2504],"uv_size":[0.0984,0.0246]},"north":{"uv":[15.1754,5.2504],"uv_size":[0.0246,0.0246]},"south":{"uv":[15.2004,5.2504],"uv_size":[0.0246,0.0246]},"up":{"uv":[15.2246,5.7234],"uv_size":[-0.0246,-0.0984]},"west":{"uv":[15.2266,5.2504],"uv_size":[0.0984,0.0246]}}},{"origin":[-0.25,11.75,0.5],"size":[0.25,0.25,0.25],"uv":{"down":{"uv":[15.2246,5.5496],"uv_size":[-0.0246,-0.0246]},"east":{"uv":[15.1254,5.2004],"uv_size":[0.0246,0.0246]},"north":{"uv":[15.1754,5.2004],"uv_size":[0.0246,0.0246]},"south":{"uv":[15.2004,5.2004],"uv_size":[0.0246,0.0246]},"up":{"uv":[15.2246,5.6746],"uv_size":[-0.0246,-0.0246]},"west":{"uv":[15.2504,5.2004],"uv_size":[0.0246,0.0246]}}},{"origin":[-0.25,12,0.25],"size":[0.25,0.25,0.25],"uv":{"down":{"uv":[15.2246,5.5746],"uv_size":[-0.0246,-0.0246]},"east":{"uv":[15.1504,5.1754],"uv_size":[0.0246,0.0246]},"north":{"uv":[15.1754,5.1754],"uv_size":[0.0246,0.0246]},"south":{"uv":[15.2004,5.1754],"uv_size":[0.0246,0.0246]},"up":{"uv":[15.2246,5.6496],"uv_size":[-0.0246,-0.0246]},"west":{"uv":[15.2254,5.1754],"uv_size":[0.0246,0.0246]}}},{"origin":[-0.25,18.25,0],"size":[0.25,0.25,0.25],"uv":{"down":{"uv":[13.6246,3.9996],"uv_size":[-0.0246,-0.0246]},"east":{"uv":[13.5754,4.5504],"uv_size":[0.0246,0.0246]},"north":{"uv":[13.5754,4.5504],"uv_size":[0.0246,0.0246]},"south":{"uv":[13.6004,4.5504],"uv_size":[0.0246,0.0246]},"up":{"uv":[13.6246,4.0246],"uv_size":[-0.0246,-0.0246]},"west":{"uv":[13.6004,4.5504],"uv_size":[0.0246,0.0246]}}}],"name":"tmd_melees_z","parent":"tmd_melees_y","pivot":[0,8,0]}],"description":{"identifier":"geometry.tmd_melees.geo_f01f883","texture_height":16,"texture_width":16,"visible_bounds_height":4.5,"visible_bounds_offset":[0,0.75,0],"visible_bounds_width":4}}]}