{"format_version":"1.16.0","minecraft:geometry":[{"bones":[{"binding":"c.item_slot == 'head' ? 'head' : q.item_slot_to_bone_name(c.item_slot)","name":"tmd_melees","pivot":[0,8,0]},{"name":"tmd_melees_x","parent":"tmd_melees","pivot":[0,8,0]},{"name":"tmd_melees_y","parent":"tmd_melees_x","pivot":[0,8,0]},{"cubes":[{"origin":[-1,0,-1],"size":[1.5,5,2],"uv":{"down":{"uv":[12.1627,4.1613],"uv_size":[-0.246,-0.328]},"east":{"uv":[11.8387,4.5133],"uv_size":[0.328,0.82]},"north":{"uv":[11.8373,4.5133],"uv_size":[0.246,0.82]},"south":{"uv":[11.9207,4.5133],"uv_size":[0.246,0.82]},"up":{"uv":[12.1627,4.1613],"uv_size":[-0.246,-0.328]},"west":{"uv":[11.8387,4.5133],"uv_size":[0.328,0.82]}}},{"origin":[-1,5,0],"size":[1.5,9,1],"uv":{"down":{"uv":[12.1627,11.9973],"uv_size":[-0.246,-0.164]},"east":{"uv":[11.836,11.016],"uv_size":[0.164,1.484]},"north":{"uv":[11.8373,11.016],"uv_size":[0.246,1.484]},"south":{"uv":[11.9207,11.016],"uv_size":[0.246,1.484]},"up":{"uv":[12.1627,12.164],"uv_size":[-0.246,-0.164]},"west":{"uv":[12.0027,11.016],"uv_size":[0.164,1.484]}}},{"origin":[-1,5.5,-0.5],"size":[1.5,7,0.5],"uv":{"down":{"uv":[12.1627,12.082],"uv_size":[-0.246,-0.082]},"east":{"uv":[12.0013,11.266],"uv_size":[0.082,1.1507]},"north":{"uv":[11.8373,11.266],"uv_size":[0.246,1.1507]},"south":{"uv":[11.9207,11.266],"uv_size":[0.246,1.1507]},"up":{"uv":[12.1627,11.9987],"uv_size":[-0.246,-0.082]},"west":{"uv":[11.918,11.266],"uv_size":[0.082,1.1507]}}},{"origin":[-1,6,-1],"size":[1.5,3.5,0.5],"uv":{"down":{"uv":[12.1627,12.1653],"uv_size":[-0.246,-0.082]},"east":{"uv":[12.0847,11.7593],"uv_size":[0.082,0.574]},"north":{"uv":[11.8373,11.7593],"uv_size":[0.246,0.574]},"south":{"uv":[11.9207,11.7593],"uv_size":[0.246,0.574]},"up":{"uv":[12.1627,11.9153],"uv_size":[-0.246,-0.082]},"west":{"uv":[11.8347,11.7593],"uv_size":[0.082,0.574]}}},{"origin":[-1,14,0.5],"size":[1.5,0.5,0.5],"uv":{"down":{"uv":[12.1627,11.9153],"uv_size":[-0.246,-0.082]},"east":{"uv":[11.8347,10.918],"uv_size":[0.082,0.082]},"north":{"uv":[11.8373,10.918],"uv_size":[0.246,0.082]},"south":{"uv":[11.9207,10.918],"uv_size":[0.246,0.082]},"up":{"uv":[12.1627,12.1653],"uv_size":[-0.246,-0.082]},"west":{"uv":[12.0847,10.918],"uv_size":[0.082,0.082]}}},{"origin":[-0.5,5,-1],"size":[0.5,1,0.5],"uv":{"down":{"uv":[12.082,12.1653],"uv_size":[-0.082,-0.082]},"east":{"uv":[12.0847,12.336],"uv_size":[0.082,0.164]},"north":{"uv":[11.918,12.336],"uv_size":[0.082,0.164]},"south":{"uv":[12.0013,12.336],"uv_size":[0.082,0.164]},"up":{"uv":[12.082,11.9153],"uv_size":[-0.082,-0.082]},"west":{"uv":[11.8347,12.336],"uv_size":[0.082,0.164]}}},{"origin":[-0.5,5,-0.5],"size":[0.5,0.5,0.5],"uv":{"down":{"uv":[12.082,12.082],"uv_size":[-0.082,-0.082]},"east":{"uv":[12.0013,12.418],"uv_size":[0.082,0.082]},"north":{"uv":[11.918,12.418],"uv_size":[0.082,0.082]},"south":{"uv":[12.0013,12.418],"uv_size":[0.082,0.082]},"up":{"uv":[12.082,11.9987],"uv_size":[-0.082,-0.082]},"west":{"uv":[11.918,12.418],"uv_size":[0.082,0.082]}}},{"origin":[-0.5,5.5,-1.5],"size":[0.5,7,0.5],"uv":{"down":{"uv":[12.082,12.2487],"uv_size":[-0.082,-0.082]},"east":{"uv":[12.168,11.266],"uv_size":[0.082,1.1507]},"north":{"uv":[11.918,11.266],"uv_size":[0.082,1.1507]},"south":{"uv":[12.0013,11.266],"uv_size":[0.082,1.1507]},"up":{"uv":[12.082,11.832],"uv_size":[-0.082,-0.082]},"west":{"uv":[11.7513,11.266],"uv_size":[0.082,1.1507]}}},{"origin":[-0.5,6,-2],"size":[0.5,3.5,0.5],"uv":{"down":{"uv":[12.082,12.332],"uv_size":[-0.082,-0.082]},"east":{"uv":[12.2513,11.7593],"uv_size":[0.082,0.574]},"north":{"uv":[11.918,11.7593],"uv_size":[0.082,0.574]},"south":{"uv":[12.0013,11.7593],"uv_size":[0.082,0.574]},"up":{"uv":[12.082,11.7487],"uv_size":[-0.082,-0.082]},"west":{"uv":[11.668,11.7593],"uv_size":[0.082,0.574]}}},{"origin":[-0.5,9.5,-1],"size":[0.5,4.5,0.5],"uv":{"down":{"uv":[12.082,12.1653],"uv_size":[-0.082,-0.082]},"east":{"uv":[12.0847,11.012],"uv_size":[0.082,0.738]},"north":{"uv":[11.918,11.012],"uv_size":[0.082,0.738]},"south":{"uv":[12.0013,11.012],"uv_size":[0.082,0.738]},"up":{"uv":[12.082,11.9153],"uv_size":[-0.082,-0.082]},"west":{"uv":[11.8347,11.012],"uv_size":[0.082,0.738]}}},{"origin":[-0.5,12.5,-0.5],"size":[0.5,2.5,0.5],"uv":{"down":{"uv":[12.082,12.082],"uv_size":[-0.082,-0.082]},"east":{"uv":[12.0013,10.84],"uv_size":[0.082,0.41]},"north":{"uv":[11.918,10.84],"uv_size":[0.082,0.41]},"south":{"uv":[12.0013,10.84],"uv_size":[0.082,0.41]},"up":{"uv":[12.082,11.9987],"uv_size":[-0.082,-0.082]},"west":{"uv":[11.918,10.84],"uv_size":[0.082,0.41]}}},{"origin":[-0.5,14,0],"size":[0.5,1.5,0.5],"uv":{"down":{"uv":[12.082,11.9987],"uv_size":[-0.082,-0.082]},"east":{"uv":[11.918,10.754],"uv_size":[0.082,0.246]},"north":{"uv":[11.918,10.754],"uv_size":[0.082,0.246]},"south":{"uv":[12.0013,10.754],"uv_size":[0.082,0.246]},"up":{"uv":[12.082,12.082],"uv_size":[-0.082,-0.082]},"west":{"uv":[12.0013,10.754],"uv_size":[0.082,0.246]}}},{"origin":[-0.5,14.5,0.5],"size":[0.5,1.5,0.5],"uv":{"down":{"uv":[12.082,11.9153],"uv_size":[-0.082,-0.082]},"east":{"uv":[11.8347,10.6707],"uv_size":[0.082,0.246]},"north":{"uv":[11.918,10.6707],"uv_size":[0.082,0.246]},"south":{"uv":[12.0013,10.6707],"uv_size":[0.082,0.246]},"up":{"uv":[12.082,12.1653],"uv_size":[-0.082,-0.082]},"west":{"uv":[12.0847,10.6707],"uv_size":[0.082,0.246]}}}],"name":"tmd_melees_z","parent":"tmd_melees_y","pivot":[0,8,0]}],"description":{"identifier":"geometry.tmd_melees.geo_781c5a4","texture_height":16,"texture_width":16,"visible_bounds_height":4.5,"visible_bounds_offset":[0,0.75,0],"visible_bounds_width":4}}]}