{"format_version":"1.16.0","minecraft:geometry":[{"bones":[{"binding":"c.item_slot == 'head' ? 'head' : q.item_slot_to_bone_name(c.item_slot)","name":"tmd_melees","pivot":[0,8,0]},{"name":"tmd_melees_x","parent":"tmd_melees","pivot":[0,8,0]},{"name":"tmd_melees_y","parent":"tmd_melees_x","pivot":[0,8,0]},{"cubes":[{"origin":[-1,16,-0.5],"size":[1.75,2,1],"uv":{"down":{"uv":[12.162,4.0807],"uv_size":[-0.287,-0.164]},"east":{"uv":[11.9193,5.0053],"uv_size":[0.164,0.328]},"north":{"uv":[11.838,5.0053],"uv_size":[0.287,0.328]},"south":{"uv":[11.8797,5.0053],"uv_size":[0.287,0.328]},"up":{"uv":[12.162,4.0807],"uv_size":[-0.287,-0.164]},"west":{"uv":[11.9193,5.0053],"uv_size":[0.164,0.328]}}},{"origin":[-1,16.25,0.5],"size":[1.75,1.5,0.25],"uv":{"down":{"uv":[12.162,3.916],"uv_size":[-0.287,-0.041]},"east":{"uv":[11.8757,5.0457],"uv_size":[0.041,0.246]},"south":{"uv":[11.8797,5.0457],"uv_size":[0.287,0.246]},"up":{"uv":[12.162,4.1243],"uv_size":[-0.287,-0.041]},"west":{"uv":[12.084,5.0457],"uv_size":[0.041,0.246]}}},{"origin":[-1,16.5,-0.75],"size":[1.75,1.25,0.25],"uv":{"down":{"uv":[12.162,4.1243],"uv_size":[-0.287,-0.041]},"east":{"uv":[12.084,5.045],"uv_size":[0.041,0.205]},"north":{"uv":[11.838,5.045],"uv_size":[0.287,0.205]},"up":{"uv":[12.162,3.916],"uv_size":[-0.287,-0.041]},"west":{"uv":[11.8757,5.045],"uv_size":[0.041,0.205]}}},{"origin":[-0.75,0.25,-0.25],"size":[1.25,15.75,0.5],"uv":{"down":{"uv":[4.1217,12.0403],"uv_size":[-0.205,-0.082]},"east":{"uv":[3.9597,10.6827],"uv_size":[0.082,2.609]},"north":{"uv":[3.8783,10.6827],"uv_size":[0.205,2.609]},"south":{"uv":[3.92,10.6827],"uv_size":[0.205,2.609]},"west":{"uv":[3.9597,10.6827],"uv_size":[0.082,2.609]}}},{"origin":[-0.75,0.75,-0.5],"size":[1.25,15.25,0.25],"uv":{"down":{"uv":[4.1217,12.0827],"uv_size":[-0.205,-0.041]},"east":{"uv":[4.0423,10.6827],"uv_size":[0.041,2.5257]},"north":{"uv":[3.8783,10.6827],"uv_size":[0.205,2.5257]},"west":{"uv":[3.9173,10.6827],"uv_size":[0.041,2.5257]}}},{"origin":[-0.75,0.75,0.25],"size":[1.25,15.25,0.25],"uv":{"down":{"uv":[4.1217,11.9577],"uv_size":[-0.205,-0.041]},"east":{"uv":[3.9173,10.6827],"uv_size":[0.041,2.5257]},"south":{"uv":[3.92,10.6827],"uv_size":[0.205,2.5257]},"west":{"uv":[4.0423,10.6827],"uv_size":[0.041,2.5257]}}},{"origin":[-0.75,16,-0.75],"size":[1.25,0.5,0.25],"uv":{"down":{"uv":[12.1217,4.1243],"uv_size":[-0.205,-0.041]},"east":{"uv":[12.084,5.2513],"uv_size":[0.041,0.082]},"north":{"uv":[11.8783,5.2513],"uv_size":[0.205,0.082]},"west":{"uv":[11.8757,5.2513],"uv_size":[0.041,0.082]}}},{"origin":[-0.75,16,0.5],"size":[1.25,0.25,0.25],"uv":{"down":{"uv":[12.1217,3.916],"uv_size":[-0.205,-0.041]},"east":{"uv":[11.8757,5.2923],"uv_size":[0.041,0.041]},"south":{"uv":[11.92,5.2923],"uv_size":[0.205,0.041]},"west":{"uv":[12.084,5.2923],"uv_size":[0.041,0.041]}}},{"origin":[-0.75,16.25,5.5],"size":[1.25,0.5,0.25],"uv":{"down":{"uv":[12.1217,8.416],"uv_size":[-0.205,-0.041]},"east":{"uv":[11.0423,10.543],"uv_size":[0.041,0.082]},"north":{"uv":[11.8783,10.543],"uv_size":[0.205,0.082]},"south":{"uv":[11.92,10.543],"uv_size":[0.205,0.082]},"up":{"uv":[12.1217,10.291],"uv_size":[-0.205,-0.041]},"west":{"uv":[12.9173,10.543],"uv_size":[0.041,0.082]}}},{"origin":[-0.75,16.25,5.75],"size":[1.25,0.25,0.75],"uv":{"down":{"uv":[12.1217,8.373],"uv_size":[-0.205,-0.123]},"east":{"uv":[10.9187,10.584],"uv_size":[0.123,0.041]},"south":{"uv":[11.92,10.584],"uv_size":[0.205,0.041]},"up":{"uv":[12.1217,10.4147],"uv_size":[-0.205,-0.123]},"west":{"uv":[12.9603,10.584],"uv_size":[0.123,0.041]}}},{"origin":[-0.75,16.5,-1],"size":[1.25,1.25,0.25],"uv":{"down":{"uv":[12.1217,4.166],"uv_size":[-0.205,-0.041]},"east":{"uv":[12.1257,5.045],"uv_size":[0.041,0.205]},"north":{"uv":[11.8783,5.045],"uv_size":[0.205,0.205]},"up":{"uv":[12.1217,3.8743],"uv_size":[-0.205,-0.041]},"west":{"uv":[11.834,5.045],"uv_size":[0.041,0.205]}}},{"origin":[-0.75,16.5,0.75],"size":[1.25,1.25,0.25],"uv":{"down":{"uv":[12.1217,3.8743],"uv_size":[-0.205,-0.041]},"east":{"uv":[11.834,5.045],"uv_size":[0.041,0.205]},"south":{"uv":[11.92,5.045],"uv_size":[0.205,0.205]},"up":{"uv":[12.1217,4.166],"uv_size":[-0.205,-0.041]},"west":{"uv":[12.1257,5.045],"uv_size":[0.041,0.205]}}},{"origin":[-0.75,16.5,4.25],"size":[1.25,0.5,0.75],"uv":{"down":{"uv":[12.1217,8.623],"uv_size":[-0.205,-0.123]},"east":{"uv":[11.1687,10.5013],"uv_size":[0.123,0.082]},"north":{"uv":[11.8783,10.5013],"uv_size":[0.205,0.082]},"south":{"uv":[11.92,10.5013],"uv_size":[0.205,0.082]},"up":{"uv":[12.1217,10.1647],"uv_size":[-0.205,-0.123]},"west":{"uv":[12.7103,10.5013],"uv_size":[0.123,0.082]}}},{"origin":[-0.75,16.5,5],"size":[1.25,0.25,0.5],"uv":{"down":{"uv":[12.1217,8.4987],"uv_size":[-0.205,-0.082]},"east":{"uv":[11.0847,10.5423],"uv_size":[0.082,0.041]},"up":{"uv":[12.1217,10.2487],"uv_size":[-0.205,-0.082]},"west":{"uv":[12.8347,10.5423],"uv_size":[0.082,0.041]}}},{"origin":[-0.75,16.75,3],"size":[1.25,0.5,1.25],"uv":{"down":{"uv":[12.1217,8.83],"uv_size":[-0.205,-0.205]},"east":{"uv":[11.295,10.4597],"uv_size":[0.205,0.082]},"north":{"uv":[11.8783,10.4597],"uv_size":[0.205,0.082]},"south":{"uv":[11.92,10.4597],"uv_size":[0.205,0.082]},"up":{"uv":[12.1217,10.0383],"uv_size":[-0.205,-0.205]},"west":{"uv":[12.5033,10.4597],"uv_size":[0.205,0.082]}}},{"origin":[-0.75,17,1],"size":[1.25,0.5,2],"uv":{"down":{"uv":[12.1217,9.1613],"uv_size":[-0.205,-0.328]},"east":{"uv":[11.5053,10.418],"uv_size":[0.328,0.082]},"south":{"uv":[11.92,10.418],"uv_size":[0.205,0.082]},"up":{"uv":[12.1217,9.828],"uv_size":[-0.205,-0.328]},"west":{"uv":[12.172,10.418],"uv_size":[0.328,0.082]}}},{"origin":[-0.75,17.75,-0.75],"size":[1.25,0.25,0.25],"uv":{"east":{"uv":[12.084,5.0007],"uv_size":[0.041,0.041]},"north":{"uv":[11.8783,5.0007],"uv_size":[0.205,0.041]},"up":{"uv":[12.1217,3.916],"uv_size":[-0.205,-0.041]},"west":{"uv":[11.8757,5.0007],"uv_size":[0.041,0.041]}}},{"origin":[-0.75,17.75,0.5],"size":[1.25,0.25,0.25],"uv":{"east":{"uv":[11.8757,5.0007],"uv_size":[0.041,0.041]},"south":{"uv":[11.92,5.0007],"uv_size":[0.205,0.041]},"up":{"uv":[12.1217,4.1243],"uv_size":[-0.205,-0.041]},"west":{"uv":[12.084,5.0007],"uv_size":[0.041,0.041]}}},{"origin":[-0.75,18,-0.5],"size":[1.25,0.25,1],"uv":{"east":{"uv":[11.9193,4.959],"uv_size":[0.164,0.041]},"north":{"uv":[11.8783,4.959],"uv_size":[0.205,0.041]},"south":{"uv":[11.92,4.959],"uv_size":[0.205,0.041]},"up":{"uv":[12.1217,4.0807],"uv_size":[-0.205,-0.164]},"west":{"uv":[11.9193,4.959],"uv_size":[0.164,0.041]}}},{"origin":[-0.5,0,-0.5],"size":[0.75,0.75,0.25],"uv":{"down":{"uv":[4.0813,12.0827],"uv_size":[-0.123,-0.041]},"east":{"uv":[4.0423,13.2103],"uv_size":[0.041,0.123]},"north":{"uv":[3.9187,13.2103],"uv_size":[0.123,0.123]},"south":{"uv":[3.9603,13.2103],"uv_size":[0.123,0.123]},"west":{"uv":[3.9173,13.2103],"uv_size":[0.041,0.123]}}},{"origin":[-0.5,0,-0.25],"size":[0.75,0.25,0.75],"uv":{"down":{"uv":[4.0813,12.0397],"uv_size":[-0.123,-0.123]},"east":{"uv":[3.9187,13.2923],"uv_size":[0.123,0.041]},"south":{"uv":[3.9603,13.2923],"uv_size":[0.123,0.041]},"up":{"uv":[4.0813,12.0813],"uv_size":[-0.123,-0.123]},"west":{"uv":[3.9603,13.2923],"uv_size":[0.123,0.041]}}},{"origin":[-0.5,0.25,0.25],"size":[0.75,0.5,0.25],"uv":{"east":{"uv":[3.9173,13.2097],"uv_size":[0.041,0.082]},"south":{"uv":[3.9603,13.2097],"uv_size":[0.123,0.082]},"west":{"uv":[4.0423,13.2097],"uv_size":[0.041,0.082]}}},{"origin":[-0.5,0.5,-0.75],"size":[0.75,15.5,0.25],"uv":{"down":{"uv":[4.0813,12.1243],"uv_size":[-0.123,-0.041]},"east":{"uv":[4.084,10.6827],"uv_size":[0.041,2.5673]},"north":{"uv":[3.9187,10.6827],"uv_size":[0.123,2.5673]},"south":{"uv":[3.9603,10.6827],"uv_size":[0.123,2.5673]},"west":{"uv":[3.8757,10.6827],"uv_size":[0.041,2.5673]}}},{"origin":[-0.5,0.5,0.5],"size":[0.75,15.5,0.25],"uv":{"down":{"uv":[4.0813,11.916],"uv_size":[-0.123,-0.041]},"east":{"uv":[3.8757,10.6827],"uv_size":[0.041,2.5673]},"north":{"uv":[3.9187,10.6827],"uv_size":[0.123,2.5673]},"south":{"uv":[3.9603,10.6827],"uv_size":[0.123,2.5673]},"west":{"uv":[4.084,10.6827],"uv_size":[0.041,2.5673]}}},{"origin":[-0.5,15.5,7.25],"size":[0.75,0.75,0.25],"uv":{"down":{"uv":[12.0813,8.1243],"uv_size":[-0.123,-0.041]},"east":{"uv":[10.7507,8.0013],"uv_size":[0.041,0.082]},"north":{"uv":[11.9187,8.0013],"uv_size":[0.123,0.082]},"south":{"uv":[11.9603,8.0013],"uv_size":[0.123,0.082]},"up":{"uv":[12.0813,10.5827],"uv_size":[-0.123,-0.041]},"west":{"uv":[13.209,8.0013],"uv_size":[0.041,0.082]}}},{"origin":[-0.5,15.5,7.5],"size":[0.75,0.5,0.25],"uv":{"down":{"uv":[12.0813,8.0827],"uv_size":[-0.123,-0.041]},"east":{"uv":[10.709,8.0013],"uv_size":[0.041,0.082]},"south":{"uv":[11.9603,8.0013],"uv_size":[0.123,0.082]},"up":{"uv":[12.0813,10.6243],"uv_size":[-0.123,-0.041]},"west":{"uv":[13.2507,8.0013],"uv_size":[0.041,0.082]}}},{"origin":[-0.5,15.5,7.75],"size":[0.75,0.25,0.25],"uv":{"down":{"uv":[12.0813,8.041],"uv_size":[-0.123,-0.041]},"east":{"uv":[10.6673,8.0423],"uv_size":[0.041,0.041]},"south":{"uv":[11.9603,8.0423],"uv_size":[0.123,0.041]},"up":{"uv":[12.0813,10.666],"uv_size":[-0.123,-0.041]},"west":{"uv":[13.2923,8.0423],"uv_size":[0.041,0.041]}}},{"origin":[-0.5,15.75,6.5],"size":[0.75,0.75,0.5],"uv":{"down":{"uv":[12.0813,8.2487],"uv_size":[-0.123,-0.082]},"east":{"uv":[10.8347,8.0007],"uv_size":[0.082,0.041]},"north":{"uv":[11.9187,8.0007],"uv_size":[0.123,0.041]},"south":{"uv":[11.9603,8.0007],"uv_size":[0.123,0.041]},"up":{"uv":[12.0813,10.4987],"uv_size":[-0.123,-0.082]},"west":{"uv":[13.0847,8.0007],"uv_size":[0.082,0.041]}}},{"origin":[-0.5,15.75,7],"size":[0.75,0.5,0.25],"uv":{"down":{"uv":[12.0813,8.166],"uv_size":[-0.123,-0.041]},"east":{"uv":[10.7923,8.0007],"uv_size":[0.041,0.041]},"up":{"uv":[12.0813,10.541],"uv_size":[-0.123,-0.041]},"west":{"uv":[13.1673,8.0007],"uv_size":[0.041,0.041]}}},{"origin":[-0.5,16,-1],"size":[0.75,0.5,0.25],"uv":{"down":{"uv":[12.0813,4.166],"uv_size":[-0.123,-0.041]},"east":{"uv":[12.1257,5.2513],"uv_size":[0.041,0.082]},"north":{"uv":[11.9187,5.2513],"uv_size":[0.123,0.082]},"west":{"uv":[11.834,5.2513],"uv_size":[0.041,0.082]}}},{"origin":[-0.5,16,0.75],"size":[0.75,0.5,0.25],"uv":{"down":{"uv":[12.0813,3.8743],"uv_size":[-0.123,-0.041]},"east":{"uv":[11.834,5.2513],"uv_size":[0.041,0.082]},"north":{"uv":[11.9187,5.2513],"uv_size":[0.123,0.082]},"south":{"uv":[11.9603,5.2513],"uv_size":[0.123,0.082]},"west":{"uv":[12.1257,5.2513],"uv_size":[0.041,0.082]}}},{"origin":[-0.5,16,5.5],"size":[0.75,0.25,1],"uv":{"down":{"uv":[12.0813,8.414],"uv_size":[-0.123,-0.164]},"east":{"uv":[10.9193,10.6257],"uv_size":[0.164,0.041]},"north":{"uv":[11.9187,10.6257],"uv_size":[0.123,0.041]},"up":{"uv":[12.0813,10.414],"uv_size":[-0.123,-0.164]},"west":{"uv":[12.9193,10.6257],"uv_size":[0.164,0.041]}}},{"origin":[-0.5,16.25,-6.5],"size":[0.75,0.25,1],"uv":{"down":{"uv":[12.0813,10.414],"uv_size":[-0.123,-0.164]},"east":{"uv":[12.9193,10.584],"uv_size":[0.164,0.041]},"north":{"uv":[11.9187,10.584],"uv_size":[0.123,0.041]},"south":{"uv":[11.9603,10.584],"uv_size":[0.123,0.041]},"up":{"uv":[12.0813,8.414],"uv_size":[-0.123,-0.164]},"west":{"uv":[10.9193,10.584],"uv_size":[0.164,0.041]}}},{"origin":[-0.5,16.25,4.25],"size":[0.75,0.25,1.25],"uv":{"down":{"uv":[12.0813,8.6217],"uv_size":[-0.123,-0.205]},"east":{"uv":[11.0867,10.584],"uv_size":[0.205,0.041]},"north":{"uv":[11.9187,10.584],"uv_size":[0.123,0.041]},"up":{"uv":[12.0813,10.2467],"uv_size":[-0.123,-0.205]},"west":{"uv":[12.7117,10.584],"uv_size":[0.205,0.041]}}},{"origin":[-0.5,16.5,-5.75],"size":[0.75,0.25,1.5],"uv":{"down":{"uv":[12.0813,10.2877],"uv_size":[-0.123,-0.246]},"east":{"uv":[12.7123,10.5423],"uv_size":[0.246,0.041]},"north":{"uv":[11.9187,10.5423],"uv_size":[0.123,0.041]},"south":{"uv":[11.9603,10.5423],"uv_size":[0.123,0.041]},"up":{"uv":[12.0813,8.621],"uv_size":[-0.123,-0.246]},"west":{"uv":[11.0457,10.5423],"uv_size":[0.246,0.041]}}},{"origin":[-0.5,16.5,3],"size":[0.75,0.25,1.25],"uv":{"down":{"uv":[12.0813,8.83],"uv_size":[-0.123,-0.205]},"east":{"uv":[11.295,10.5423],"uv_size":[0.205,0.041]},"north":{"uv":[11.9187,10.5423],"uv_size":[0.123,0.041]},"west":{"uv":[12.5033,10.5423],"uv_size":[0.205,0.041]}}},{"origin":[-0.5,16.5,5.75],"size":[0.75,0.25,0.75],"uv":{"east":{"uv":[10.9187,10.5423],"uv_size":[0.123,0.041]},"south":{"uv":[11.9603,10.5423],"uv_size":[0.123,0.041]},"up":{"uv":[12.0813,10.4147],"uv_size":[-0.123,-0.123]},"west":{"uv":[12.9603,10.5423],"uv_size":[0.123,0.041]}}},{"origin":[-0.5,16.75,-5],"size":[0.75,0.25,2],"uv":{"down":{"uv":[12.0813,10.1613],"uv_size":[-0.123,-0.328]},"east":{"uv":[12.5053,10.5007],"uv_size":[0.328,0.041]},"north":{"uv":[11.9187,10.5007],"uv_size":[0.123,0.041]},"south":{"uv":[11.9603,10.5007],"uv_size":[0.123,0.041]},"up":{"uv":[12.0813,8.828],"uv_size":[-0.123,-0.328]},"west":{"uv":[11.172,10.5007],"uv_size":[0.328,0.041]}}},{"origin":[-0.5,16.75,1],"size":[0.75,0.25,2],"uv":{"down":{"uv":[12.0813,9.1613],"uv_size":[-0.123,-0.328]},"east":{"uv":[11.5053,10.5007],"uv_size":[0.328,0.041]},"west":{"uv":[12.172,10.5007],"uv_size":[0.328,0.041]}}},{"origin":[-0.5,16.75,5],"size":[0.75,0.25,0.75],"uv":{"down":{"uv":[12.0813,8.498],"uv_size":[-0.123,-0.123]},"east":{"uv":[11.0437,10.5007],"uv_size":[0.123,0.041]},"south":{"uv":[11.9603,10.5007],"uv_size":[0.123,0.041]},"up":{"uv":[12.0813,10.2897],"uv_size":[-0.123,-0.123]},"west":{"uv":[12.8353,10.5007],"uv_size":[0.123,0.041]}}},{"origin":[-0.5,17,-4.25],"size":[0.75,0.25,3.25],"uv":{"down":{"uv":[12.0813,10.033],"uv_size":[-0.123,-0.533]},"east":{"uv":[12.1753,10.459],"uv_size":[0.533,0.041]},"north":{"uv":[11.9187,10.459],"uv_size":[0.123,0.041]},"up":{"uv":[12.0813,9.158],"uv_size":[-0.123,-0.533]},"west":{"uv":[11.3003,10.459],"uv_size":[0.533,0.041]}}},{"origin":[-0.5,17,4.25],"size":[0.75,0.25,0.75],"uv":{"east":{"uv":[11.1687,10.459],"uv_size":[0.123,0.041]},"south":{"uv":[11.9603,10.459],"uv_size":[0.123,0.041]},"up":{"uv":[12.0813,10.1647],"uv_size":[-0.123,-0.123]},"west":{"uv":[12.7103,10.459],"uv_size":[0.123,0.041]}}},{"origin":[-0.5,17.25,-3],"size":[0.75,0.25,2],"uv":{"east":{"uv":[12.172,10.4173],"uv_size":[0.328,0.041]},"north":{"uv":[11.9187,10.4173],"uv_size":[0.123,0.041]},"up":{"uv":[12.0813,9.1613],"uv_size":[-0.123,-0.328]},"west":{"uv":[11.5053,10.4173],"uv_size":[0.328,0.041]}}},{"origin":[-0.5,17.25,3],"size":[0.75,0.25,1.25],"uv":{"east":{"uv":[11.295,10.4173],"uv_size":[0.205,0.041]},"south":{"uv":[11.9603,10.4173],"uv_size":[0.123,0.041]},"up":{"uv":[12.0813,10.0383],"uv_size":[-0.123,-0.205]},"west":{"uv":[12.5033,10.4173],"uv_size":[0.205,0.041]}}},{"origin":[-0.5,17.5,1],"size":[0.75,0.25,2],"uv":{"east":{"uv":[11.5053,10.3757],"uv_size":[0.328,0.041]},"south":{"uv":[11.9603,10.3757],"uv_size":[0.123,0.041]},"up":{"uv":[12.0813,9.828],"uv_size":[-0.123,-0.328]},"west":{"uv":[12.172,10.3757],"uv_size":[0.328,0.041]}}},{"origin":[-0.5,17.75,-1],"size":[0.75,0.25,0.25],"uv":{"east":{"uv":[12.1257,5.0007],"uv_size":[0.041,0.041]},"north":{"uv":[11.9187,5.0007],"uv_size":[0.123,0.041]},"up":{"uv":[12.0813,3.8743],"uv_size":[-0.123,-0.041]},"west":{"uv":[11.834,5.0007],"uv_size":[0.041,0.041]}}},{"origin":[-0.5,17.75,0.75],"size":[0.75,0.25,0.25],"uv":{"east":{"uv":[11.834,5.0007],"uv_size":[0.041,0.041]},"south":{"uv":[11.9603,5.0007],"uv_size":[0.123,0.041]},"up":{"uv":[12.0813,4.166],"uv_size":[-0.123,-0.041]},"west":{"uv":[12.1257,5.0007],"uv_size":[0.041,0.041]}}},{"origin":[-0.5,18,-0.75],"size":[0.75,0.25,0.25],"uv":{"east":{"uv":[12.084,4.959],"uv_size":[0.041,0.041]},"north":{"uv":[11.9187,4.959],"uv_size":[0.123,0.041]},"up":{"uv":[12.0813,3.916],"uv_size":[-0.123,-0.041]},"west":{"uv":[11.8757,4.959],"uv_size":[0.041,0.041]}}},{"origin":[-0.5,18,0.5],"size":[0.75,0.25,0.25],"uv":{"east":{"uv":[11.8757,4.959],"uv_size":[0.041,0.041]},"south":{"uv":[11.9603,4.959],"uv_size":[0.123,0.041]},"up":{"uv":[12.0813,4.1243],"uv_size":[-0.123,-0.041]},"west":{"uv":[12.084,4.959],"uv_size":[0.041,0.041]}}},{"origin":[-0.25,0.25,-0.75],"size":[0.25,0.25,0.25],"uv":{"down":{"uv":[4.041,12.1243],"uv_size":[-0.041,-0.041]},"east":{"uv":[4.084,13.2507],"uv_size":[0.041,0.041]},"north":{"uv":[3.959,13.2507],"uv_size":[0.041,0.041]},"west":{"uv":[3.8757,13.2507],"uv_size":[0.041,0.041]}}},{"origin":[-0.25,0.25,0.5],"size":[0.25,0.25,0.25],"uv":{"down":{"uv":[4.041,11.916],"uv_size":[-0.041,-0.041]},"east":{"uv":[3.8757,13.2507],"uv_size":[0.041,0.041]},"south":{"uv":[4.0007,13.2507],"uv_size":[0.041,0.041]},"west":{"uv":[4.084,13.2507],"uv_size":[0.041,0.041]}}},{"origin":[-0.25,15.5,-8],"size":[0.25,0.25,0.75],"uv":{"down":{"uv":[12.041,10.6647],"uv_size":[-0.041,-0.123]},"east":{"uv":[13.2103,8.0423],"uv_size":[0.123,0.041]},"north":{"uv":[11.959,8.0423],"uv_size":[0.041,0.041]},"south":{"uv":[12.0007,8.0423],"uv_size":[0.041,0.041]},"up":{"uv":[12.041,8.123],"uv_size":[-0.041,-0.123]},"west":{"uv":[10.6687,8.0423],"uv_size":[0.123,0.041]}}},{"origin":[-0.25,15.75,-7.75],"size":[0.25,0.25,1.25],"uv":{"down":{"uv":[12.041,10.6217],"uv_size":[-0.041,-0.205]},"east":{"uv":[13.0867,8.0007],"uv_size":[0.205,0.041]},"north":{"uv":[11.959,8.0007],"uv_size":[0.041,0.041]},"south":{"uv":[12.0007,8.0007],"uv_size":[0.041,0.041]},"up":{"uv":[12.041,8.2467],"uv_size":[-0.041,-0.205]},"west":{"uv":[10.7117,8.0007],"uv_size":[0.205,0.041]}}},{"origin":[-0.25,16,-7.5],"size":[0.25,0.25,2],"uv":{"down":{"uv":[12.041,10.578],"uv_size":[-0.041,-0.328]},"east":{"uv":[12.922,10.6257],"uv_size":[0.328,0.041]},"north":{"uv":[11.959,10.6257],"uv_size":[0.041,0.041]},"south":{"uv":[12.0007,10.6257],"uv_size":[0.041,0.041]},"up":{"uv":[12.041,8.4113],"uv_size":[-0.041,-0.328]},"west":{"uv":[10.7553,10.6257],"uv_size":[0.328,0.041]}}},{"origin":[-0.25,16.25,-7],"size":[0.25,0.25,0.5],"uv":{"east":{"uv":[13.0847,10.584],"uv_size":[0.082,0.041]},"north":{"uv":[11.959,10.584],"uv_size":[0.041,0.041]},"up":{"uv":[12.041,8.2487],"uv_size":[-0.041,-0.082]},"west":{"uv":[10.8347,10.584],"uv_size":[0.082,0.041]}}},{"origin":[-0.25,16.25,-5.5],"size":[0.25,0.25,1.25],"uv":{"down":{"uv":[12.041,10.2467],"uv_size":[-0.041,-0.205]},"east":{"uv":[12.7117,10.584],"uv_size":[0.205,0.041]},"south":{"uv":[12.0007,10.584],"uv_size":[0.041,0.041]},"west":{"uv":[11.0867,10.584],"uv_size":[0.205,0.041]}}},{"origin":[-0.25,16.5,-6.5],"size":[0.25,0.25,0.75],"uv":{"east":{"uv":[12.9603,10.5423],"uv_size":[0.123,0.041]},"north":{"uv":[11.959,10.5423],"uv_size":[0.041,0.041]},"up":{"uv":[12.041,8.373],"uv_size":[-0.041,-0.123]},"west":{"uv":[10.9187,10.5423],"uv_size":[0.123,0.041]}}},{"origin":[-0.25,16.5,-4.25],"size":[0.25,0.25,1.25],"uv":{"down":{"uv":[12.041,10.0383],"uv_size":[-0.041,-0.205]},"east":{"uv":[12.5033,10.5423],"uv_size":[0.205,0.041]},"south":{"uv":[12.0007,10.5423],"uv_size":[0.041,0.041]},"west":{"uv":[11.295,10.5423],"uv_size":[0.205,0.041]}}},{"origin":[-0.25,16.75,-5.75],"size":[0.25,0.25,0.75],"uv":{"east":{"uv":[12.8353,10.5007],"uv_size":[0.123,0.041]},"north":{"uv":[11.959,10.5007],"uv_size":[0.041,0.041]},"up":{"uv":[12.041,8.498],"uv_size":[-0.041,-0.123]},"west":{"uv":[11.0437,10.5007],"uv_size":[0.123,0.041]}}},{"origin":[-0.25,16.75,-3],"size":[0.25,0.25,2],"uv":{"down":{"uv":[12.041,9.828],"uv_size":[-0.041,-0.328]},"east":{"uv":[12.172,10.5007],"uv_size":[0.328,0.041]},"west":{"uv":[11.5053,10.5007],"uv_size":[0.328,0.041]}}},{"origin":[-0.25,17,-5],"size":[0.25,0.25,0.75],"uv":{"east":{"uv":[12.7103,10.459],"uv_size":[0.123,0.041]},"north":{"uv":[11.959,10.459],"uv_size":[0.041,0.041]},"up":{"uv":[12.041,8.623],"uv_size":[-0.041,-0.123]},"west":{"uv":[11.1687,10.459],"uv_size":[0.123,0.041]}}},{"origin":[-0.25,17.25,-4.25],"size":[0.25,0.25,1.25],"uv":{"east":{"uv":[12.5033,10.4173],"uv_size":[0.205,0.041]},"north":{"uv":[11.959,10.4173],"uv_size":[0.041,0.041]},"up":{"uv":[12.041,8.83],"uv_size":[-0.041,-0.205]},"west":{"uv":[11.295,10.4173],"uv_size":[0.205,0.041]}}},{"origin":[-0.25,17.5,-3],"size":[0.25,0.25,2],"uv":{"east":{"uv":[12.172,10.3757],"uv_size":[0.328,0.041]},"north":{"uv":[11.959,10.3757],"uv_size":[0.041,0.041]},"up":{"uv":[12.041,9.1613],"uv_size":[-0.041,-0.328]},"west":{"uv":[11.5053,10.3757],"uv_size":[0.328,0.041]}}}],"name":"tmd_melees_z","parent":"tmd_melees_y","pivot":[0,8,0]}],"description":{"identifier":"geometry.tmd_melees.geo_dfecc01","texture_height":16,"texture_width":16,"visible_bounds_height":4.5,"visible_bounds_offset":[0,0.75,0],"visible_bounds_width":4}}]}