{"format_version":"1.16.0","minecraft:geometry":[{"bones":[{"binding":"c.item_slot == 'head' ? 'head' : q.item_slot_to_bone_name(c.item_slot)","name":"tmd_melees","pivot":[0,8,0]},{"name":"tmd_melees_x","parent":"tmd_melees","pivot":[0,8,0]},{"name":"tmd_melees_y","parent":"tmd_melees_x","pivot":[0,8,0]},{"cubes":[{"origin":[-0.75,6.5,0],"size":[1.25,1,0.25],"uv":{"down":{"uv":[1.455,11.9993],"uv_size":[-0.205,-0.041]},"east":{"uv":[1.2923,12.086],"uv_size":[0.041,0.164]},"north":{"uv":[1.2117,12.086],"uv_size":[0.205,0.164]},"south":{"uv":[1.2533,12.086],"uv_size":[0.205,0.164]},"up":{"uv":[1.455,12.041],"uv_size":[-0.205,-0.041]},"west":{"uv":[1.334,12.086],"uv_size":[0.041,0.164]}}},{"origin":[-0.75,6.75,-0.25],"size":[1.25,0.5,0.25],"uv":{"down":{"uv":[1.455,12.041],"uv_size":[-0.205,-0.041]},"east":{"uv":[1.334,12.1263],"uv_size":[0.041,0.082]},"north":{"uv":[1.2117,12.1263],"uv_size":[0.205,0.082]},"up":{"uv":[1.455,11.9993],"uv_size":[-0.205,-0.041]},"west":{"uv":[1.2923,12.1263],"uv_size":[0.041,0.082]}}},{"origin":[-0.75,6.75,0.25],"size":[1.25,0.5,0.25],"uv":{"down":{"uv":[1.455,11.9577],"uv_size":[-0.205,-0.041]},"east":{"uv":[1.2507,12.1263],"uv_size":[0.041,0.082]},"south":{"uv":[1.2533,12.1263],"uv_size":[0.205,0.082]},"up":{"uv":[1.455,12.0827],"uv_size":[-0.205,-0.041]},"west":{"uv":[1.3757,12.1263],"uv_size":[0.041,0.082]}}},{"origin":[-0.5,0.75,-1.5],"size":[0.75,0.5,0.25],"uv":{"down":{"uv":[12.0813,12.2493],"uv_size":[-0.123,-0.041]},"east":{"uv":[12.209,13.1263],"uv_size":[0.041,0.082]},"north":{"uv":[11.9187,13.1263],"uv_size":[0.123,0.082]},"south":{"uv":[11.9603,13.1263],"uv_size":[0.123,0.082]},"up":{"uv":[12.0813,11.791],"uv_size":[-0.123,-0.041]},"west":{"uv":[11.7507,13.1263],"uv_size":[0.041,0.082]}}},{"origin":[-0.5,0.75,-1.25],"size":[0.75,0.25,0.75],"uv":{"down":{"uv":[12.0813,12.2063],"uv_size":[-0.123,-0.123]},"east":{"uv":[12.0853,13.1673],"uv_size":[0.123,0.041]},"south":{"uv":[11.9603,13.1673],"uv_size":[0.123,0.041]},"up":{"uv":[12.0813,11.9147],"uv_size":[-0.123,-0.123]},"west":{"uv":[11.7937,13.1673],"uv_size":[0.123,0.041]}}},{"origin":[-0.5,0.75,0.75],"size":[0.75,0.5,0.25],"uv":{"down":{"uv":[12.0813,11.8743],"uv_size":[-0.123,-0.041]},"east":{"uv":[11.834,13.1263],"uv_size":[0.041,0.082]},"north":{"uv":[11.9187,13.1263],"uv_size":[0.123,0.082]},"south":{"uv":[11.9603,13.1263],"uv_size":[0.123,0.082]},"up":{"uv":[12.0813,12.166],"uv_size":[-0.123,-0.041]},"west":{"uv":[12.1257,13.1263],"uv_size":[0.041,0.082]}}},{"origin":[-0.5,0.75,1],"size":[0.75,0.25,0.75],"uv":{"down":{"uv":[12.0813,11.8313],"uv_size":[-0.123,-0.123]},"east":{"uv":[11.7103,13.1673],"uv_size":[0.123,0.041]},"south":{"uv":[11.9603,13.1673],"uv_size":[0.123,0.041]},"up":{"uv":[12.0813,12.2897],"uv_size":[-0.123,-0.123]},"west":{"uv":[12.1687,13.1673],"uv_size":[0.123,0.041]}}},{"origin":[-0.5,1,-1.75],"size":[0.75,0.5,0.25],"uv":{"down":{"uv":[12.0813,12.291],"uv_size":[-0.123,-0.041]},"east":{"uv":[12.2507,13.0847],"uv_size":[0.041,0.082]},"north":{"uv":[11.9187,13.0847],"uv_size":[0.123,0.082]},"south":{"uv":[11.9603,13.0847],"uv_size":[0.123,0.082]},"up":{"uv":[12.0813,11.7493],"uv_size":[-0.123,-0.041]},"west":{"uv":[11.709,13.0847],"uv_size":[0.041,0.082]}}},{"origin":[-0.5,1,-0.75],"size":[0.75,0.25,0.5],"uv":{"down":{"uv":[12.0813,12.1237],"uv_size":[-0.123,-0.082]},"east":{"uv":[12.043,13.1257],"uv_size":[0.082,0.041]},"north":{"uv":[11.9187,13.1257],"uv_size":[0.123,0.041]},"south":{"uv":[11.9603,13.1257],"uv_size":[0.123,0.041]},"up":{"uv":[12.0813,11.957],"uv_size":[-0.123,-0.082]},"west":{"uv":[11.8763,13.1257],"uv_size":[0.082,0.041]}}},{"origin":[-0.5,1,0.5],"size":[0.75,1.75,0.25],"uv":{"down":{"uv":[12.0813,11.916],"uv_size":[-0.123,-0.041]},"east":{"uv":[11.8757,12.8797],"uv_size":[0.041,0.287]},"north":{"uv":[11.9187,12.8797],"uv_size":[0.123,0.287]},"south":{"uv":[11.9603,12.8797],"uv_size":[0.123,0.287]},"up":{"uv":[12.0813,12.1243],"uv_size":[-0.123,-0.041]},"west":{"uv":[12.084,12.8797],"uv_size":[0.041,0.287]}}},{"origin":[-0.5,1,1.5],"size":[0.75,0.25,0.5],"uv":{"down":{"uv":[12.0813,11.7487],"uv_size":[-0.123,-0.082]},"east":{"uv":[11.668,13.1257],"uv_size":[0.082,0.041]},"north":{"uv":[11.9187,13.1257],"uv_size":[0.123,0.041]},"south":{"uv":[11.9603,13.1257],"uv_size":[0.123,0.041]},"up":{"uv":[12.0813,12.332],"uv_size":[-0.123,-0.082]},"west":{"uv":[12.2513,13.1257],"uv_size":[0.082,0.041]}}},{"origin":[-0.5,1.25,-2],"size":[0.75,1.25,0.25],"uv":{"down":{"uv":[12.0813,12.3327],"uv_size":[-0.123,-0.041]},"east":{"uv":[12.2923,12.92],"uv_size":[0.041,0.205]},"north":{"uv":[11.9187,12.92],"uv_size":[0.123,0.205]},"south":{"uv":[11.9603,12.92],"uv_size":[0.123,0.205]},"up":{"uv":[12.0813,11.7077],"uv_size":[-0.123,-0.041]},"west":{"uv":[11.6673,12.92],"uv_size":[0.041,0.205]}}},{"origin":[-0.5,1.25,-0.5],"size":[0.75,1.5,0.25],"uv":{"east":{"uv":[12.0423,12.879],"uv_size":[0.041,0.246]},"north":{"uv":[11.9187,12.879],"uv_size":[0.123,0.246]},"south":{"uv":[11.9603,12.879],"uv_size":[0.123,0.246]},"up":{"uv":[12.0813,11.9577],"uv_size":[-0.123,-0.041]},"west":{"uv":[11.9173,12.879],"uv_size":[0.041,0.246]}}},{"origin":[-0.5,1.25,1.75],"size":[0.75,0.25,0.5],"uv":{"down":{"uv":[12.0813,11.707],"uv_size":[-0.123,-0.082]},"east":{"uv":[11.6263,13.084],"uv_size":[0.082,0.041]},"north":{"uv":[11.9187,13.084],"uv_size":[0.123,0.041]},"south":{"uv":[11.9603,13.084],"uv_size":[0.123,0.041]},"up":{"uv":[12.0813,12.3737],"uv_size":[-0.123,-0.082]},"west":{"uv":[12.293,13.084],"uv_size":[0.082,0.041]}}},{"origin":[-0.5,1.5,2],"size":[0.75,1,0.25],"uv":{"east":{"uv":[11.6257,12.9193],"uv_size":[0.041,0.164]},"north":{"uv":[11.9187,12.9193],"uv_size":[0.123,0.164]},"south":{"uv":[11.9603,12.9193],"uv_size":[0.123,0.164]},"up":{"uv":[12.0813,12.3743],"uv_size":[-0.123,-0.041]},"west":{"uv":[12.334,12.9193],"uv_size":[0.041,0.164]}}},{"origin":[-0.5,2.25,-1.75],"size":[0.75,0.5,0.25],"uv":{"down":{"uv":[12.0813,12.291],"uv_size":[-0.123,-0.041]},"east":{"uv":[12.2507,12.8763],"uv_size":[0.041,0.082]},"north":{"uv":[11.9187,12.8763],"uv_size":[0.123,0.082]},"south":{"uv":[11.9603,12.8763],"uv_size":[0.123,0.082]},"up":{"uv":[12.0813,11.7493],"uv_size":[-0.123,-0.041]},"west":{"uv":[11.709,12.8763],"uv_size":[0.041,0.082]}}},{"origin":[-0.5,2.25,1.75],"size":[0.75,0.5,0.25],"uv":{"down":{"uv":[12.0813,11.7077],"uv_size":[-0.123,-0.041]},"east":{"uv":[11.6673,12.8763],"uv_size":[0.041,0.082]},"north":{"uv":[11.9187,12.8763],"uv_size":[0.123,0.082]},"south":{"uv":[11.9603,12.8763],"uv_size":[0.123,0.082]},"up":{"uv":[12.0813,12.3327],"uv_size":[-0.123,-0.041]},"west":{"uv":[12.2923,12.8763],"uv_size":[0.041,0.082]}}},{"origin":[-0.5,2.5,-1.5],"size":[0.75,0.5,0.25],"uv":{"down":{"uv":[12.0813,12.2493],"uv_size":[-0.123,-0.041]},"east":{"uv":[12.209,12.8347],"uv_size":[0.041,0.082]},"north":{"uv":[11.9187,12.8347],"uv_size":[0.123,0.082]},"south":{"uv":[11.9603,12.8347],"uv_size":[0.123,0.082]},"up":{"uv":[12.0813,11.791],"uv_size":[-0.123,-0.041]},"west":{"uv":[11.7507,12.8347],"uv_size":[0.041,0.082]}}},{"origin":[-0.5,2.5,-0.75],"size":[0.75,2.25,0.25],"uv":{"down":{"uv":[12.0813,12.1243],"uv_size":[-0.123,-0.041]},"east":{"uv":[12.084,12.5477],"uv_size":[0.041,0.369]},"north":{"uv":[11.9187,12.5477],"uv_size":[0.123,0.369]},"south":{"uv":[11.9603,12.5477],"uv_size":[0.123,0.369]},"up":{"uv":[12.0813,11.916],"uv_size":[-0.123,-0.041]},"west":{"uv":[11.8757,12.5477],"uv_size":[0.041,0.369]}}},{"origin":[-0.5,2.5,0.75],"size":[0.75,2.25,0.25],"uv":{"down":{"uv":[12.0813,11.8743],"uv_size":[-0.123,-0.041]},"east":{"uv":[11.834,12.5477],"uv_size":[0.041,0.369]},"north":{"uv":[11.9187,12.5477],"uv_size":[0.123,0.369]},"south":{"uv":[11.9603,12.5477],"uv_size":[0.123,0.369]},"up":{"uv":[12.0813,12.166],"uv_size":[-0.123,-0.041]},"west":{"uv":[12.1257,12.5477],"uv_size":[0.041,0.369]}}},{"origin":[-0.5,2.5,1.5],"size":[0.75,0.5,0.25],"uv":{"down":{"uv":[12.0813,11.7493],"uv_size":[-0.123,-0.041]},"east":{"uv":[11.709,12.8347],"uv_size":[0.041,0.082]},"north":{"uv":[11.9187,12.8347],"uv_size":[0.123,0.082]},"south":{"uv":[11.9603,12.8347],"uv_size":[0.123,0.082]},"up":{"uv":[12.0813,12.291],"uv_size":[-0.123,-0.041]},"west":{"uv":[12.2507,12.8347],"uv_size":[0.041,0.082]}}},{"origin":[-0.5,2.75,-1.25],"size":[0.75,0.25,0.5],"uv":{"down":{"uv":[12.0813,12.207],"uv_size":[-0.123,-0.082]},"east":{"uv":[12.1263,12.834],"uv_size":[0.082,0.041]},"up":{"uv":[12.0813,11.8737],"uv_size":[-0.123,-0.082]},"west":{"uv":[11.793,12.834],"uv_size":[0.082,0.041]}}},{"origin":[-0.5,2.75,1],"size":[0.75,0.5,0.25],"uv":{"down":{"uv":[12.0813,11.8327],"uv_size":[-0.123,-0.041]},"east":{"uv":[11.7923,12.793],"uv_size":[0.041,0.082]},"south":{"uv":[11.9603,12.793],"uv_size":[0.123,0.082]},"up":{"uv":[12.0813,12.2077],"uv_size":[-0.123,-0.041]},"west":{"uv":[12.1673,12.793],"uv_size":[0.041,0.082]}}},{"origin":[-0.5,2.75,1.25],"size":[0.75,0.25,0.25],"uv":{"down":{"uv":[12.0813,11.791],"uv_size":[-0.123,-0.041]},"east":{"uv":[11.7507,12.834],"uv_size":[0.041,0.041]},"up":{"uv":[12.0813,12.2493],"uv_size":[-0.123,-0.041]},"west":{"uv":[12.209,12.834],"uv_size":[0.041,0.041]}}},{"origin":[-0.5,3,-1],"size":[0.75,0.25,0.25],"uv":{"east":{"uv":[12.1257,12.7923],"uv_size":[0.041,0.041]},"north":{"uv":[11.9187,12.7923],"uv_size":[0.123,0.041]},"up":{"uv":[12.0813,11.8743],"uv_size":[-0.123,-0.041]},"west":{"uv":[11.834,12.7923],"uv_size":[0.041,0.041]}}},{"origin":[-0.5,4.5,-0.5],"size":[0.75,3,0.25],"uv":{"down":{"uv":[12.0813,12.0827],"uv_size":[-0.123,-0.041]},"east":{"uv":[12.0423,12.0913],"uv_size":[0.041,0.492]},"north":{"uv":[11.9187,12.0913],"uv_size":[0.123,0.492]},"south":{"uv":[11.9603,12.0913],"uv_size":[0.123,0.492]},"up":{"uv":[12.0813,11.9577],"uv_size":[-0.123,-0.041]},"west":{"uv":[11.9173,12.0913],"uv_size":[0.041,0.492]}}},{"origin":[-0.5,4.5,0.5],"size":[0.75,3,0.25],"uv":{"down":{"uv":[12.0813,11.916],"uv_size":[-0.123,-0.041]},"east":{"uv":[11.8757,12.0913],"uv_size":[0.041,0.492]},"north":{"uv":[11.9187,12.0913],"uv_size":[0.123,0.492]},"south":{"uv":[11.9603,12.0913],"uv_size":[0.123,0.492]},"up":{"uv":[12.0813,12.1243],"uv_size":[-0.123,-0.041]},"west":{"uv":[12.084,12.0913],"uv_size":[0.041,0.492]}}},{"origin":[-0.5,5.5,-0.25],"size":[0.75,1.25,0.25],"uv":{"down":{"uv":[12.0813,12.041],"uv_size":[-0.123,-0.041]},"east":{"uv":[12.0007,12.2117],"uv_size":[0.041,0.205]},"south":{"uv":[11.9603,12.2117],"uv_size":[0.123,0.205]},"west":{"uv":[11.959,12.2117],"uv_size":[0.041,0.205]}}},{"origin":[-0.5,5.5,0.25],"size":[0.75,1.25,0.25],"uv":{"down":{"uv":[12.0813,11.9577],"uv_size":[-0.123,-0.041]},"east":{"uv":[11.9173,12.2117],"uv_size":[0.041,0.205]},"north":{"uv":[11.9187,12.2117],"uv_size":[0.123,0.205]},"west":{"uv":[12.0423,12.2117],"uv_size":[0.041,0.205]}}},{"origin":[-0.5,6.25,0],"size":[0.75,0.25,0.25],"uv":{"down":{"uv":[12.0813,11.9993],"uv_size":[-0.123,-0.041]},"east":{"uv":[11.959,12.2507],"uv_size":[0.041,0.041]},"west":{"uv":[12.0007,12.2507],"uv_size":[0.041,0.041]}}},{"origin":[-0.5,7.25,-0.25],"size":[0.75,3.75,0.25],"uv":{"east":{"uv":[12.0007,11.51],"uv_size":[0.041,0.615]},"north":{"uv":[11.9187,11.51],"uv_size":[0.123,0.615]},"south":{"uv":[11.9603,11.51],"uv_size":[0.123,0.615]},"up":{"uv":[12.0813,11.9993],"uv_size":[-0.123,-0.041]},"west":{"uv":[11.959,11.51],"uv_size":[0.041,0.615]}}},{"origin":[-0.5,7.25,0.25],"size":[0.75,3.75,0.25],"uv":{"east":{"uv":[11.9173,11.51],"uv_size":[0.041,0.615]},"north":{"uv":[11.9187,11.51],"uv_size":[0.123,0.615]},"south":{"uv":[11.9603,11.51],"uv_size":[0.123,0.615]},"up":{"uv":[12.0813,12.0827],"uv_size":[-0.123,-0.041]},"west":{"uv":[12.0423,11.51],"uv_size":[0.041,0.615]}}},{"origin":[-0.5,7.5,0],"size":[0.75,7,0.25],"uv":{"east":{"uv":[11.959,10.9327],"uv_size":[0.041,1.1507]},"north":{"uv":[11.9187,10.9327],"uv_size":[0.123,1.1507]},"south":{"uv":[11.9603,10.9327],"uv_size":[0.123,1.1507]},"up":{"uv":[12.0813,12.041],"uv_size":[-0.123,-0.041]},"west":{"uv":[12.0007,10.9327],"uv_size":[0.041,1.1507]}}},{"origin":[-0.25,0.5,-1.5],"size":[0.25,0.25,1],"uv":{"down":{"uv":[12.041,12.2473],"uv_size":[-0.041,-0.164]},"east":{"uv":[12.086,13.209],"uv_size":[0.164,0.041]},"north":{"uv":[11.959,13.209],"uv_size":[0.041,0.041]},"south":{"uv":[12.0007,13.209],"uv_size":[0.041,0.041]},"up":{"uv":[12.041,11.914],"uv_size":[-0.041,-0.164]},"west":{"uv":[11.7527,13.209],"uv_size":[0.164,0.041]}}},{"origin":[-0.25,0.5,0.75],"size":[0.25,0.25,1],"uv":{"down":{"uv":[12.041,11.8723],"uv_size":[-0.041,-0.164]},"east":{"uv":[11.711,13.209],"uv_size":[0.164,0.041]},"north":{"uv":[11.959,13.209],"uv_size":[0.041,0.041]},"south":{"uv":[12.0007,13.209],"uv_size":[0.041,0.041]},"up":{"uv":[12.041,12.289],"uv_size":[-0.041,-0.164]},"west":{"uv":[12.1277,13.209],"uv_size":[0.164,0.041]}}},{"origin":[-0.25,0.75,-1.75],"size":[0.25,0.25,0.25],"uv":{"down":{"uv":[12.041,12.291],"uv_size":[-0.041,-0.041]},"east":{"uv":[12.2507,13.1673],"uv_size":[0.041,0.041]},"north":{"uv":[11.959,13.1673],"uv_size":[0.041,0.041]},"west":{"uv":[11.709,13.1673],"uv_size":[0.041,0.041]}}},{"origin":[-0.25,0.75,-0.5],"size":[0.25,0.25,0.25],"uv":{"down":{"uv":[12.041,12.0827],"uv_size":[-0.041,-0.041]},"east":{"uv":[12.0423,13.1673],"uv_size":[0.041,0.041]},"south":{"uv":[12.0007,13.1673],"uv_size":[0.041,0.041]},"west":{"uv":[11.9173,13.1673],"uv_size":[0.041,0.041]}}},{"origin":[-0.25,0.75,0.5],"size":[0.25,0.25,0.25],"uv":{"down":{"uv":[12.041,11.916],"uv_size":[-0.041,-0.041]},"east":{"uv":[11.8757,13.1673],"uv_size":[0.041,0.041]},"north":{"uv":[11.959,13.1673],"uv_size":[0.041,0.041]},"west":{"uv":[12.084,13.1673],"uv_size":[0.041,0.041]}}},{"origin":[-0.25,0.75,1.75],"size":[0.25,0.25,0.25],"uv":{"down":{"uv":[12.041,11.7077],"uv_size":[-0.041,-0.041]},"east":{"uv":[11.6673,13.1673],"uv_size":[0.041,0.041]},"south":{"uv":[12.0007,13.1673],"uv_size":[0.041,0.041]},"west":{"uv":[12.2923,13.1673],"uv_size":[0.041,0.041]}}},{"origin":[-0.25,1,-2],"size":[0.25,0.25,0.25],"uv":{"down":{"uv":[12.041,12.3327],"uv_size":[-0.041,-0.041]},"east":{"uv":[12.2923,13.1257],"uv_size":[0.041,0.041]},"north":{"uv":[11.959,13.1257],"uv_size":[0.041,0.041]},"west":{"uv":[11.6673,13.1257],"uv_size":[0.041,0.041]}}},{"origin":[-0.25,1,-0.25],"size":[0.25,1.75,0.25],"uv":{"down":{"uv":[12.041,12.041],"uv_size":[-0.041,-0.041]},"east":{"uv":[12.0007,12.8797],"uv_size":[0.041,0.287]},"north":{"uv":[11.959,12.8797],"uv_size":[0.041,0.287]},"south":{"uv":[12.0007,12.8797],"uv_size":[0.041,0.287]},"up":{"uv":[12.041,11.9993],"uv_size":[-0.041,-0.041]},"west":{"uv":[11.959,12.8797],"uv_size":[0.041,0.287]}}},{"origin":[-0.25,1,0.25],"size":[0.25,1.75,0.25],"uv":{"down":{"uv":[12.041,11.9577],"uv_size":[-0.041,-0.041]},"east":{"uv":[11.9173,12.8797],"uv_size":[0.041,0.287]},"north":{"uv":[11.959,12.8797],"uv_size":[0.041,0.287]},"up":{"uv":[12.041,12.0827],"uv_size":[-0.041,-0.041]},"west":{"uv":[12.0423,12.8797],"uv_size":[0.041,0.287]}}},{"origin":[-0.25,1,2],"size":[0.25,0.25,0.25],"uv":{"down":{"uv":[12.041,11.666],"uv_size":[-0.041,-0.041]},"east":{"uv":[11.6257,13.1257],"uv_size":[0.041,0.041]},"south":{"uv":[12.0007,13.1257],"uv_size":[0.041,0.041]},"west":{"uv":[12.334,13.1257],"uv_size":[0.041,0.041]}}},{"origin":[-0.25,1.25,-2.25],"size":[0.25,1.25,0.25],"uv":{"down":{"uv":[12.041,12.3743],"uv_size":[-0.041,-0.041]},"east":{"uv":[12.334,12.92],"uv_size":[0.041,0.205]},"north":{"uv":[11.959,12.92],"uv_size":[0.041,0.205]},"up":{"uv":[12.041,11.666],"uv_size":[-0.041,-0.041]},"west":{"uv":[11.6257,12.92],"uv_size":[0.041,0.205]}}},{"origin":[-0.25,1.25,2.25],"size":[0.25,1.25,0.25],"uv":{"down":{"uv":[12.041,11.6243],"uv_size":[-0.041,-0.041]},"east":{"uv":[11.584,12.92],"uv_size":[0.041,0.205]},"north":{"uv":[11.959,12.92],"uv_size":[0.041,0.205]},"south":{"uv":[12.0007,12.92],"uv_size":[0.041,0.205]},"up":{"uv":[12.041,12.416],"uv_size":[-0.041,-0.041]},"west":{"uv":[12.3757,12.92],"uv_size":[0.041,0.205]}}},{"origin":[-0.25,2.5,-2],"size":[0.25,0.25,0.25],"uv":{"east":{"uv":[12.2923,12.8757],"uv_size":[0.041,0.041]},"north":{"uv":[11.959,12.8757],"uv_size":[0.041,0.041]},"up":{"uv":[12.041,11.7077],"uv_size":[-0.041,-0.041]},"west":{"uv":[11.6673,12.8757],"uv_size":[0.041,0.041]}}},{"origin":[-0.25,2.5,2],"size":[0.25,0.25,0.25],"uv":{"east":{"uv":[11.6257,12.8757],"uv_size":[0.041,0.041]},"south":{"uv":[12.0007,12.8757],"uv_size":[0.041,0.041]},"up":{"uv":[12.041,12.3743],"uv_size":[-0.041,-0.041]},"west":{"uv":[12.334,12.8757],"uv_size":[0.041,0.041]}}},{"origin":[-0.25,2.75,-1.75],"size":[0.25,0.25,0.25],"uv":{"east":{"uv":[12.2507,12.834],"uv_size":[0.041,0.041]},"north":{"uv":[11.959,12.834],"uv_size":[0.041,0.041]},"up":{"uv":[12.041,11.7493],"uv_size":[-0.041,-0.041]},"west":{"uv":[11.709,12.834],"uv_size":[0.041,0.041]}}},{"origin":[-0.25,2.75,-0.5],"size":[0.25,0.25,0.25],"uv":{"east":{"uv":[12.0423,12.834],"uv_size":[0.041,0.041]},"south":{"uv":[12.0007,12.834],"uv_size":[0.041,0.041]},"up":{"uv":[12.041,11.9577],"uv_size":[-0.041,-0.041]},"west":{"uv":[11.9173,12.834],"uv_size":[0.041,0.041]}}},{"origin":[-0.25,2.75,0.5],"size":[0.25,0.25,0.25],"uv":{"east":{"uv":[11.8757,12.834],"uv_size":[0.041,0.041]},"north":{"uv":[11.959,12.834],"uv_size":[0.041,0.041]},"up":{"uv":[12.041,12.1243],"uv_size":[-0.041,-0.041]},"west":{"uv":[12.084,12.834],"uv_size":[0.041,0.041]}}},{"origin":[-0.25,2.75,1.75],"size":[0.25,0.25,0.25],"uv":{"east":{"uv":[11.6673,12.834],"uv_size":[0.041,0.041]},"south":{"uv":[12.0007,12.834],"uv_size":[0.041,0.041]},"up":{"uv":[12.041,12.3327],"uv_size":[-0.041,-0.041]},"west":{"uv":[12.2923,12.834],"uv_size":[0.041,0.041]}}},{"origin":[-0.25,3,-1.5],"size":[0.25,0.25,0.5],"uv":{"down":{"uv":[12.041,12.2487],"uv_size":[-0.041,-0.082]},"east":{"uv":[12.168,12.7923],"uv_size":[0.082,0.041]},"north":{"uv":[11.959,12.7923],"uv_size":[0.041,0.041]},"up":{"uv":[12.041,11.832],"uv_size":[-0.041,-0.082]},"west":{"uv":[11.7513,12.7923],"uv_size":[0.082,0.041]}}},{"origin":[-0.25,3,1.25],"size":[0.25,0.25,0.5],"uv":{"down":{"uv":[12.041,11.7903],"uv_size":[-0.041,-0.082]},"east":{"uv":[11.7097,12.7923],"uv_size":[0.082,0.041]},"south":{"uv":[12.0007,12.7923],"uv_size":[0.041,0.041]},"up":{"uv":[12.041,12.2903],"uv_size":[-0.041,-0.082]},"west":{"uv":[12.2097,12.7923],"uv_size":[0.082,0.041]}}},{"origin":[-0.25,3.25,-1],"size":[0.25,1.5,0.25],"uv":{"east":{"uv":[12.1257,12.5457],"uv_size":[0.041,0.246]},"north":{"uv":[11.959,12.5457],"uv_size":[0.041,0.246]},"up":{"uv":[12.041,11.8743],"uv_size":[-0.041,-0.041]},"west":{"uv":[11.834,12.5457],"uv_size":[0.041,0.246]}}},{"origin":[-0.25,3.25,1],"size":[0.25,1.5,0.25],"uv":{"east":{"uv":[11.7923,12.5457],"uv_size":[0.041,0.246]},"south":{"uv":[12.0007,12.5457],"uv_size":[0.041,0.246]},"up":{"uv":[12.041,12.2077],"uv_size":[-0.041,-0.041]},"west":{"uv":[12.1673,12.5457],"uv_size":[0.041,0.246]}}},{"origin":[-0.25,4.75,-0.75],"size":[0.25,3.5,0.25],"uv":{"east":{"uv":[12.084,11.9677],"uv_size":[0.041,0.574]},"north":{"uv":[11.959,11.9677],"uv_size":[0.041,0.574]},"south":{"uv":[12.0007,11.9677],"uv_size":[0.041,0.574]},"up":{"uv":[12.041,11.916],"uv_size":[-0.041,-0.041]},"west":{"uv":[11.8757,11.9677],"uv_size":[0.041,0.574]}}},{"origin":[-0.25,4.75,0.75],"size":[0.25,3.5,0.25],"uv":{"east":{"uv":[11.834,11.9677],"uv_size":[0.041,0.574]},"north":{"uv":[11.959,11.9677],"uv_size":[0.041,0.574]},"south":{"uv":[12.0007,11.9677],"uv_size":[0.041,0.574]},"up":{"uv":[12.041,12.166],"uv_size":[-0.041,-0.041]},"west":{"uv":[12.1257,11.9677],"uv_size":[0.041,0.574]}}},{"origin":[-0.25,7.5,-0.5],"size":[0.25,4,0.25],"uv":{"east":{"uv":[12.0423,11.4273],"uv_size":[0.041,0.656]},"north":{"uv":[11.959,11.4273],"uv_size":[0.041,0.656]},"south":{"uv":[12.0007,11.4273],"uv_size":[0.041,0.656]},"up":{"uv":[12.041,11.9577],"uv_size":[-0.041,-0.041]},"west":{"uv":[11.9173,11.4273],"uv_size":[0.041,0.656]}}},{"origin":[-0.25,7.5,0.5],"size":[0.25,4,0.25],"uv":{"east":{"uv":[11.8757,11.4273],"uv_size":[0.041,0.656]},"north":{"uv":[11.959,11.4273],"uv_size":[0.041,0.656]},"south":{"uv":[12.0007,11.4273],"uv_size":[0.041,0.656]},"up":{"uv":[12.041,12.1243],"uv_size":[-0.041,-0.041]},"west":{"uv":[12.084,11.4273],"uv_size":[0.041,0.656]}}},{"origin":[-0.25,11,-0.25],"size":[0.25,4,0.25],"uv":{"east":{"uv":[12.0007,10.844],"uv_size":[0.041,0.656]},"north":{"uv":[11.959,10.844],"uv_size":[0.041,0.656]},"south":{"uv":[12.0007,10.844],"uv_size":[0.041,0.656]},"up":{"uv":[12.041,11.9993],"uv_size":[-0.041,-0.041]},"west":{"uv":[11.959,10.844],"uv_size":[0.041,0.656]}}},{"origin":[-0.25,11,0.25],"size":[0.25,4,0.25],"uv":{"east":{"uv":[11.9173,10.844],"uv_size":[0.041,0.656]},"north":{"uv":[11.959,10.844],"uv_size":[0.041,0.656]},"south":{"uv":[12.0007,10.844],"uv_size":[0.041,0.656]},"up":{"uv":[12.041,12.0827],"uv_size":[-0.041,-0.041]},"west":{"uv":[12.0423,10.844],"uv_size":[0.041,0.656]}}},{"origin":[-0.25,14.5,0],"size":[0.25,1.5,0.25],"uv":{"east":{"uv":[11.959,10.6707],"uv_size":[0.041,0.246]},"north":{"uv":[11.959,10.6707],"uv_size":[0.041,0.246]},"south":{"uv":[12.0007,10.6707],"uv_size":[0.041,0.246]},"up":{"uv":[12.041,12.041],"uv_size":[-0.041,-0.041]},"west":{"uv":[12.0007,10.6707],"uv_size":[0.041,0.246]}}}],"name":"tmd_melees_z","parent":"tmd_melees_y","pivot":[0,8,0]}],"description":{"identifier":"geometry.tmd_melees.geo_a2b0873","texture_height":16,"texture_width":16,"visible_bounds_height":4.5,"visible_bounds_offset":[0,0.75,0],"visible_bounds_width":4}}]}