{"format_version":"1.16.0","minecraft:geometry":[{"bones":[{"binding":"c.item_slot == 'head' ? 'head' : q.item_slot_to_bone_name(c.item_slot)","name":"tmd_melees","pivot":[0,8,0]},{"name":"tmd_melees_x","parent":"tmd_melees","pivot":[0,8,0]},{"name":"tmd_melees_y","parent":"tmd_melees_x","pivot":[0,8,0]},{"cubes":[{"origin":[-0.5,4.25,-0.25],"size":[0.5,3,1],"uv":{"down":{"uv":[12.246,4.117],"uv_size":[-0.246,-0.492]},"east":{"uv":[11.633,4.391],"uv_size":[0.492,1.484]},"north":{"uv":[11.754,4.391],"uv_size":[0.246,1.484]},"south":{"uv":[12.004,4.391],"uv_size":[0.246,1.484]},"up":{"uv":[12.246,4.367],"uv_size":[-0.246,-0.492]},"west":{"uv":[11.883,4.391],"uv_size":[0.492,1.484]}}},{"origin":[0,4.25,0],"size":[0.25,3,0.5],"uv":{"down":{"uv":[11.998,3.996],"uv_size":[-0.123,-0.246]},"east":{"uv":[11.754,4.391],"uv_size":[0.246,1.484]},"north":{"uv":[12.002,4.391],"uv_size":[0.123,1.484]},"south":{"uv":[11.877,4.391],"uv_size":[0.123,1.484]},"up":{"uv":[11.998,4.246],"uv_size":[-0.123,-0.246]},"west":{"uv":[12.004,4.391],"uv_size":[0.246,1.484]}}},{"origin":[-0.75,4.25,0],"size":[0.25,3,0.5],"uv":{"down":{"uv":[12.373,3.996],"uv_size":[-0.123,-0.246]},"east":{"uv":[11.754,4.391],"uv_size":[0.246,1.484]},"north":{"uv":[11.627,4.391],"uv_size":[0.123,1.484]},"south":{"uv":[12.252,4.391],"uv_size":[0.123,1.484]},"up":{"uv":[12.373,4.246],"uv_size":[-0.123,-0.246]},"west":{"uv":[12.004,4.391],"uv_size":[0.246,1.484]}}},{"origin":[0,4.25,-0.125],"size":[0.125,3,0.125],"uv":{"down":{"uv":[11.999,4.0615],"uv_size":[-0.0615,-0.0615]},"east":{"uv":[12.001,4.391],"uv_size":[0.0615,1.484]},"north":{"uv":[12.001,4.391],"uv_size":[0.0615,1.484]},"south":{"uv":[11.9385,4.391],"uv_size":[0.0615,1.484]},"up":{"uv":[11.999,3.999],"uv_size":[-0.0615,-0.0615]},"west":{"uv":[11.9385,4.391],"uv_size":[0.0615,1.484]}}},{"origin":[-0.625,4.25,0.5],"size":[0.125,3,0.125],"uv":{"down":{"uv":[12.3115,3.749],"uv_size":[-0.0615,-0.0615]},"east":{"uv":[11.6885,4.391],"uv_size":[0.0615,1.484]},"north":{"uv":[11.6885,4.391],"uv_size":[0.0615,1.484]},"south":{"uv":[12.251,4.391],"uv_size":[0.0615,1.484]},"up":{"uv":[12.3115,4.3115],"uv_size":[-0.0615,-0.0615]},"west":{"uv":[12.251,4.391],"uv_size":[0.0615,1.484]}}},{"origin":[0,4.25,0.5],"size":[0.125,3,0.125],"uv":{"down":{"uv":[11.999,3.749],"uv_size":[-0.0615,-0.0615]},"east":{"uv":[11.6885,4.391],"uv_size":[0.0615,1.484]},"north":{"uv":[12.001,4.391],"uv_size":[0.0615,1.484]},"south":{"uv":[11.9385,4.391],"uv_size":[0.0615,1.484]},"up":{"uv":[11.999,4.3115],"uv_size":[-0.0615,-0.0615]},"west":{"uv":[12.251,4.391],"uv_size":[0.0615,1.484]}}},{"origin":[-0.625,4.25,-0.125],"size":[0.125,3,0.125],"uv":{"down":{"uv":[12.3115,4.0615],"uv_size":[-0.0615,-0.0615]},"east":{"uv":[12.001,4.391],"uv_size":[0.0615,1.484]},"north":{"uv":[11.6885,4.391],"uv_size":[0.0615,1.484]},"south":{"uv":[12.251,4.391],"uv_size":[0.0615,1.484]},"up":{"uv":[12.3115,3.999],"uv_size":[-0.0615,-0.0615]},"west":{"uv":[11.9385,4.391],"uv_size":[0.0615,1.484]}}},{"origin":[-0.625,4.125,0],"size":[0.75,0.125,0.5],"uv":{"down":{"uv":[12.3065,3.996],"uv_size":[-0.369,-0.246]},"east":{"uv":[11.754,5.876],"uv_size":[0.246,0.0615]},"north":{"uv":[11.6935,5.876],"uv_size":[0.369,0.0615]},"south":{"uv":[11.9435,5.876],"uv_size":[0.369,0.0615]},"up":{"uv":[12.3065,4.246],"uv_size":[-0.369,-0.246]},"west":{"uv":[12.004,5.876],"uv_size":[0.246,0.0615]}}},{"origin":[-0.5,4.125,-0.125],"size":[0.5,0.125,0.125],"uv":{"down":{"uv":[12.246,4.0615],"uv_size":[-0.246,-0.0615]},"east":{"uv":[12.001,5.876],"uv_size":[0.0615,0.0615]},"north":{"uv":[11.754,5.876],"uv_size":[0.246,0.0615]},"south":{"uv":[12.004,5.876],"uv_size":[0.246,0.0615]},"up":{"uv":[12.246,3.999],"uv_size":[-0.246,-0.0615]},"west":{"uv":[11.9385,5.876],"uv_size":[0.0615,0.0615]}}},{"origin":[-0.5,4.125,0.5],"size":[0.5,0.125,0.125],"uv":{"down":{"uv":[12.246,3.749],"uv_size":[-0.246,-0.0615]},"east":{"uv":[11.6885,5.876],"uv_size":[0.0615,0.0615]},"north":{"uv":[11.754,5.876],"uv_size":[0.246,0.0615]},"south":{"uv":[12.004,5.876],"uv_size":[0.246,0.0615]},"up":{"uv":[12.246,4.3115],"uv_size":[-0.246,-0.0615]},"west":{"uv":[12.251,5.876],"uv_size":[0.0615,0.0615]}}},{"origin":[-0.5,7.25,0],"size":[0.5,1,0.5],"uv":{"down":{"uv":[4.246,11.996],"uv_size":[-0.246,-0.246]},"east":{"uv":[3.754,11.883],"uv_size":[0.246,0.492]},"north":{"uv":[3.754,11.883],"uv_size":[0.246,0.492]},"south":{"uv":[4.004,11.883],"uv_size":[0.246,0.492]},"up":{"uv":[4.246,12.246],"uv_size":[-0.246,-0.246]},"west":{"uv":[4.004,11.883],"uv_size":[0.246,0.492]}}},{"origin":[-0.5,8.05,-0.25],"size":[0.5,0.4,1],"uv":{"down":{"uv":[12.246,4.117],"uv_size":[-0.246,-0.492]},"east":{"uv":[11.633,3.7782],"uv_size":[0.492,0.1968]},"north":{"uv":[11.754,3.7782],"uv_size":[0.246,0.1968]},"south":{"uv":[12.004,3.7782],"uv_size":[0.246,0.1968]},"up":{"uv":[12.246,4.367],"uv_size":[-0.246,-0.492]},"west":{"uv":[11.883,3.7782],"uv_size":[0.492,0.1968]}}},{"origin":[0,8.05,0],"size":[0.25,0.4,0.5],"uv":{"down":{"uv":[11.998,3.996],"uv_size":[-0.123,-0.246]},"east":{"uv":[11.754,3.7782],"uv_size":[0.246,0.1968]},"north":{"uv":[12.002,3.7782],"uv_size":[0.123,0.1968]},"south":{"uv":[11.877,3.7782],"uv_size":[0.123,0.1968]},"up":{"uv":[11.998,4.246],"uv_size":[-0.123,-0.246]},"west":{"uv":[12.004,3.7782],"uv_size":[0.246,0.1968]}}},{"origin":[-0.75,8.05,0],"size":[0.25,0.4,0.5],"uv":{"down":{"uv":[12.373,3.996],"uv_size":[-0.123,-0.246]},"east":{"uv":[11.754,3.7782],"uv_size":[0.246,0.1968]},"north":{"uv":[11.627,3.7782],"uv_size":[0.123,0.1968]},"south":{"uv":[12.252,3.7782],"uv_size":[0.123,0.1968]},"up":{"uv":[12.373,4.246],"uv_size":[-0.123,-0.246]},"west":{"uv":[12.004,3.7782],"uv_size":[0.246,0.1968]}}},{"origin":[0,8.05,-0.125],"size":[0.125,0.4,0.125],"uv":{"down":{"uv":[11.999,4.0615],"uv_size":[-0.0615,-0.0615]},"east":{"uv":[12.001,3.7782],"uv_size":[0.0615,0.1968]},"north":{"uv":[12.001,3.7782],"uv_size":[0.0615,0.1968]},"south":{"uv":[11.9385,3.7782],"uv_size":[0.0615,0.1968]},"up":{"uv":[11.999,3.999],"uv_size":[-0.0615,-0.0615]},"west":{"uv":[11.9385,3.7782],"uv_size":[0.0615,0.1968]}}},{"origin":[-0.625,8.05,0.5],"size":[0.125,0.4,0.125],"uv":{"down":{"uv":[12.3115,3.749],"uv_size":[-0.0615,-0.0615]},"east":{"uv":[11.6885,3.7782],"uv_size":[0.0615,0.1968]},"north":{"uv":[11.6885,3.7782],"uv_size":[0.0615,0.1968]},"south":{"uv":[12.251,3.7782],"uv_size":[0.0615,0.1968]},"up":{"uv":[12.3115,4.3115],"uv_size":[-0.0615,-0.0615]},"west":{"uv":[12.251,3.7782],"uv_size":[0.0615,0.1968]}}},{"origin":[0,8.05,0.5],"size":[0.125,0.4,0.125],"uv":{"down":{"uv":[11.999,3.749],"uv_size":[-0.0615,-0.0615]},"east":{"uv":[11.6885,3.7782],"uv_size":[0.0615,0.1968]},"north":{"uv":[12.001,3.7782],"uv_size":[0.0615,0.1968]},"south":{"uv":[11.9385,3.7782],"uv_size":[0.0615,0.1968]},"up":{"uv":[11.999,4.3115],"uv_size":[-0.0615,-0.0615]},"west":{"uv":[12.251,3.7782],"uv_size":[0.0615,0.1968]}}},{"origin":[-0.625,8.05,-0.125],"size":[0.125,0.4,0.125],"uv":{"down":{"uv":[12.3115,4.0615],"uv_size":[-0.0615,-0.0615]},"east":{"uv":[12.001,3.7782],"uv_size":[0.0615,0.1968]},"north":{"uv":[11.6885,3.7782],"uv_size":[0.0615,0.1968]},"south":{"uv":[12.251,3.7782],"uv_size":[0.0615,0.1968]},"up":{"uv":[12.3115,3.999],"uv_size":[-0.0615,-0.0615]},"west":{"uv":[11.9385,3.7782],"uv_size":[0.0615,0.1968]}}},{"origin":[-0.4,7.25,0.3],"size":[0.3,1,0.3],"uv":{"down":{"uv":[4.1976,11.8476],"uv_size":[-0.1476,-0.1476]},"east":{"uv":[3.7024,11.883],"uv_size":[0.1476,0.492]},"north":{"uv":[3.8024,11.883],"uv_size":[0.1476,0.492]},"south":{"uv":[4.0524,11.883],"uv_size":[0.1476,0.492]},"up":{"uv":[4.1976,12.2976],"uv_size":[-0.1476,-0.1476]},"west":{"uv":[4.1524,11.883],"uv_size":[0.1476,0.492]}}},{"origin":[-0.2,7.25,0.1],"size":[0.3,1,0.3],"uv":{"down":{"uv":[4.0976,11.9476],"uv_size":[-0.1476,-0.1476]},"east":{"uv":[3.8024,11.883],"uv_size":[0.1476,0.492]},"north":{"uv":[3.9024,11.883],"uv_size":[0.1476,0.492]},"south":{"uv":[3.9524,11.883],"uv_size":[0.1476,0.492]},"up":{"uv":[4.0976,12.1976],"uv_size":[-0.1476,-0.1476]},"west":{"uv":[4.0524,11.883],"uv_size":[0.1476,0.492]}}},{"origin":[-0.4,7.25,-0.1],"size":[0.3,1,0.3],"uv":{"down":{"uv":[4.1976,12.0476],"uv_size":[-0.1476,-0.1476]},"east":{"uv":[3.9024,11.883],"uv_size":[0.1476,0.492]},"north":{"uv":[3.8024,11.883],"uv_size":[0.1476,0.492]},"south":{"uv":[4.0524,11.883],"uv_size":[0.1476,0.492]},"up":{"uv":[4.1976,12.0976],"uv_size":[-0.1476,-0.1476]},"west":{"uv":[3.9524,11.883],"uv_size":[0.1476,0.492]}}},{"origin":[-0.6,7.25,0.1],"size":[0.3,1,0.3],"uv":{"down":{"uv":[4.2976,11.9476],"uv_size":[-0.1476,-0.1476]},"east":{"uv":[3.8024,11.883],"uv_size":[0.1476,0.492]},"north":{"uv":[3.7024,11.883],"uv_size":[0.1476,0.492]},"south":{"uv":[4.1524,11.883],"uv_size":[0.1476,0.492]},"up":{"uv":[4.2976,12.1976],"uv_size":[-0.1476,-0.1476]},"west":{"uv":[4.0524,11.883],"uv_size":[0.1476,0.492]}}},{"origin":[-0.7,7.95,0.1],"size":[0.9,0.3,0.3],"uv":{"down":{"uv":[4.3428,11.9476],"uv_size":[-0.4428,-0.1476]},"east":{"uv":[3.8024,11.8774],"uv_size":[0.1476,0.1476]},"north":{"uv":[3.6572,11.8774],"uv_size":[0.4428,0.1476]},"south":{"uv":[3.9072,11.8774],"uv_size":[0.4428,0.1476]},"up":{"uv":[4.3428,12.1976],"uv_size":[-0.4428,-0.1476]},"west":{"uv":[4.0524,11.8774],"uv_size":[0.1476,0.1476]}}},{"origin":[-0.4,7.95,-0.2],"size":[0.3,0.3,0.9],"uv":{"down":{"uv":[4.1976,12.0928],"uv_size":[-0.1476,-0.4428]},"east":{"uv":[3.6572,11.8774],"uv_size":[0.4428,0.1476]},"north":{"uv":[3.8024,11.8774],"uv_size":[0.1476,0.1476]},"south":{"uv":[4.0524,11.8774],"uv_size":[0.1476,0.1476]},"up":{"uv":[4.1976,12.3428],"uv_size":[-0.1476,-0.4428]},"west":{"uv":[3.9072,11.8774],"uv_size":[0.4428,0.1476]}}},{"origin":[-0.7,7.05,0.1],"size":[0.9,0.3,0.3],"uv":{"down":{"uv":[4.3428,11.9476],"uv_size":[-0.4428,-0.1476]},"east":{"uv":[3.8024,12.3274],"uv_size":[0.1476,0.1476]},"north":{"uv":[3.6572,12.3274],"uv_size":[0.4428,0.1476]},"south":{"uv":[3.9072,12.3274],"uv_size":[0.4428,0.1476]},"up":{"uv":[4.3428,12.1976],"uv_size":[-0.4428,-0.1476]},"west":{"uv":[4.0524,12.3274],"uv_size":[0.1476,0.1476]}}},{"origin":[-0.4,7.05,-0.2],"size":[0.3,0.3,0.9],"uv":{"down":{"uv":[4.1976,12.0928],"uv_size":[-0.1476,-0.4428]},"east":{"uv":[3.6572,12.3274],"uv_size":[0.4428,0.1476]},"north":{"uv":[3.8024,12.3274],"uv_size":[0.1476,0.1476]},"south":{"uv":[4.0524,12.3274],"uv_size":[0.1476,0.1476]},"up":{"uv":[4.1976,12.3428],"uv_size":[-0.1476,-0.4428]},"west":{"uv":[3.9072,12.3274],"uv_size":[0.4428,0.1476]}}},{"origin":[-0.5,7.05,-0.1],"size":[0.5,0.3,0.7],"uv":{"down":{"uv":[4.246,12.0444],"uv_size":[-0.246,-0.3444]},"east":{"uv":[3.7056,12.3274],"uv_size":[0.3444,0.1476]},"north":{"uv":[3.754,12.3274],"uv_size":[0.246,0.1476]},"south":{"uv":[4.004,12.3274],"uv_size":[0.246,0.1476]},"up":{"uv":[4.246,12.2944],"uv_size":[-0.246,-0.3444]},"west":{"uv":[3.9556,12.3274],"uv_size":[0.3444,0.1476]}}},{"origin":[-0.6,7.05,0],"size":[0.7,0.3,0.5],"uv":{"down":{"uv":[4.2944,11.996],"uv_size":[-0.3444,-0.246]},"east":{"uv":[3.754,12.3274],"uv_size":[0.246,0.1476]},"north":{"uv":[3.7056,12.3274],"uv_size":[0.3444,0.1476]},"south":{"uv":[3.9556,12.3274],"uv_size":[0.3444,0.1476]},"up":{"uv":[4.2944,12.246],"uv_size":[-0.3444,-0.246]},"west":{"uv":[4.004,12.3274],"uv_size":[0.246,0.1476]}}},{"origin":[-0.7,7.95,0.1],"size":[0.9,0.3,0.3],"uv":{"down":{"uv":[4.3428,11.9476],"uv_size":[-0.4428,-0.1476]},"east":{"uv":[3.8024,11.8774],"uv_size":[0.1476,0.1476]},"north":{"uv":[3.6572,11.8774],"uv_size":[0.4428,0.1476]},"south":{"uv":[3.9072,11.8774],"uv_size":[0.4428,0.1476]},"up":{"uv":[4.3428,12.1976],"uv_size":[-0.4428,-0.1476]},"west":{"uv":[4.0524,11.8774],"uv_size":[0.1476,0.1476]}}},{"origin":[-0.4,7.95,-0.2],"size":[0.3,0.3,0.9],"uv":{"down":{"uv":[4.1976,12.0928],"uv_size":[-0.1476,-0.4428]},"east":{"uv":[3.6572,11.8774],"uv_size":[0.4428,0.1476]},"north":{"uv":[3.8024,11.8774],"uv_size":[0.1476,0.1476]},"south":{"uv":[4.0524,11.8774],"uv_size":[0.1476,0.1476]},"up":{"uv":[4.1976,12.3428],"uv_size":[-0.1476,-0.4428]},"west":{"uv":[3.9072,11.8774],"uv_size":[0.4428,0.1476]}}},{"origin":[-0.5,7.95,-0.1],"size":[0.5,0.3,0.7],"uv":{"down":{"uv":[4.246,12.0444],"uv_size":[-0.246,-0.3444]},"east":{"uv":[3.7056,11.8774],"uv_size":[0.3444,0.1476]},"north":{"uv":[3.754,11.8774],"uv_size":[0.246,0.1476]},"south":{"uv":[4.004,11.8774],"uv_size":[0.246,0.1476]},"up":{"uv":[4.246,12.2944],"uv_size":[-0.246,-0.3444]},"west":{"uv":[3.9556,11.8774],"uv_size":[0.3444,0.1476]}}},{"origin":[-0.6,7.95,0],"size":[0.7,0.3,0.5],"uv":{"down":{"uv":[4.2944,11.996],"uv_size":[-0.3444,-0.246]},"east":{"uv":[3.754,11.8774],"uv_size":[0.246,0.1476]},"north":{"uv":[3.7056,11.8774],"uv_size":[0.3444,0.1476]},"south":{"uv":[3.9556,11.8774],"uv_size":[0.3444,0.1476]},"up":{"uv":[4.2944,12.246],"uv_size":[-0.3444,-0.246]},"west":{"uv":[4.004,11.8774],"uv_size":[0.246,0.1476]}}},{"origin":[-0.35,8.45,0.16],"size":[0.2,3,0.2],"uv":{"down":{"uv":[4.1734,3.9184],"uv_size":[-0.0984,-0.0984]},"east":{"uv":[3.8216,2.291],"uv_size":[0.0984,1.484]},"north":{"uv":[3.8266,2.291],"uv_size":[0.0984,1.484]},"south":{"uv":[4.0766,2.291],"uv_size":[0.0984,1.484]},"up":{"uv":[4.1734,4.1784],"uv_size":[-0.0984,-0.0984]},"west":{"uv":[4.0816,2.291],"uv_size":[0.0984,1.484]}}},{"origin":[-0.35,11.45,0.2],"size":[0.2,0.4,0.12],"uv":{"down":{"uv":[4.1734,3.899],"uv_size":[-0.0984,-0.059]},"east":{"uv":[3.841,2.0782],"uv_size":[0.059,0.1968]},"north":{"uv":[3.8266,2.0782],"uv_size":[0.0984,0.1968]},"south":{"uv":[4.0766,2.0782],"uv_size":[0.0984,0.1968]},"up":{"uv":[4.1734,4.159],"uv_size":[-0.0984,-0.059]},"west":{"uv":[4.101,2.0782],"uv_size":[0.059,0.1968]}}},{"origin":[-0.35,11.85,0.23],"size":[0.2,0.4,0.06],"uv":{"down":{"uv":[4.1734,3.8845],"uv_size":[-0.0984,-0.0295]},"east":{"uv":[3.8555,1.8782],"uv_size":[0.0295,0.1968]},"north":{"uv":[3.8266,1.8782],"uv_size":[0.0984,0.1968]},"south":{"uv":[4.0766,1.8782],"uv_size":[0.0984,0.1968]},"up":{"uv":[4.1734,4.1445],"uv_size":[-0.0984,-0.0295]},"west":{"uv":[4.1155,1.8782],"uv_size":[0.0295,0.1968]}}}],"name":"tmd_melees_z","parent":"tmd_melees_y","pivot":[0,8,0]}],"description":{"identifier":"geometry.tmd_melees.geo_4485827","texture_height":16,"texture_width":16,"visible_bounds_height":4.5,"visible_bounds_offset":[0,0.75,0],"visible_bounds_width":4}}]}