{"format_version":"1.16.0","minecraft:geometry":[{"bones":[{"binding":"c.item_slot == 'head' ? 'head' : q.item_slot_to_bone_name(c.item_slot)","name":"tmd_melees","pivot":[0,8,0]},{"name":"tmd_melees_x","parent":"tmd_melees","pivot":[0,8,0]},{"name":"tmd_melees_y","parent":"tmd_melees_x","pivot":[0,8,0]},{"cubes":[{"origin":[-0.5,8.75,-5.75],"size":[0.75,0.25,0.25],"uv":{"down":{"uv":[12.0813,12.9577],"uv_size":[-0.123,-0.041]},"east":{"uv":[12.9173,11.834],"uv_size":[0.041,0.041]},"north":{"uv":[11.9187,11.834],"uv_size":[0.123,0.041]},"south":{"uv":[11.9603,11.834],"uv_size":[0.123,0.041]},"up":{"uv":[12.0813,11.0827],"uv_size":[-0.123,-0.041]},"west":{"uv":[11.0423,11.834],"uv_size":[0.041,0.041]}}},{"origin":[-0.5,9,-5.5],"size":[0.75,0.5,0.25],"uv":{"down":{"uv":[12.0813,12.916],"uv_size":[-0.123,-0.041]},"east":{"uv":[12.8757,11.7513],"uv_size":[0.041,0.082]},"north":{"uv":[11.9187,11.7513],"uv_size":[0.123,0.082]},"south":{"uv":[11.9603,11.7513],"uv_size":[0.123,0.082]},"up":{"uv":[12.0813,11.1243],"uv_size":[-0.123,-0.041]},"west":{"uv":[11.084,11.7513],"uv_size":[0.041,0.082]}}},{"origin":[-0.5,9.25,-5.25],"size":[0.75,0.5,0.25],"uv":{"down":{"uv":[12.0813,12.8743],"uv_size":[-0.123,-0.041]},"east":{"uv":[12.834,11.7097],"uv_size":[0.041,0.082]},"north":{"uv":[11.9187,11.7097],"uv_size":[0.123,0.082]},"south":{"uv":[11.9603,11.7097],"uv_size":[0.123,0.082]},"up":{"uv":[12.0813,11.166],"uv_size":[-0.123,-0.041]},"west":{"uv":[11.1257,11.7097],"uv_size":[0.041,0.082]}}},{"origin":[-0.5,9.5,-5],"size":[0.75,0.75,0.25],"uv":{"down":{"uv":[12.0813,12.8327],"uv_size":[-0.123,-0.041]},"east":{"uv":[12.7923,11.627],"uv_size":[0.041,0.123]},"north":{"uv":[11.9187,11.627],"uv_size":[0.123,0.123]},"south":{"uv":[11.9603,11.627],"uv_size":[0.123,0.123]},"up":{"uv":[12.0813,11.2077],"uv_size":[-0.123,-0.041]},"west":{"uv":[11.1673,11.627],"uv_size":[0.041,0.123]}}},{"origin":[-0.5,9.75,-4.75],"size":[0.75,1,0.5],"uv":{"down":{"uv":[12.0813,12.7903],"uv_size":[-0.123,-0.082]},"east":{"uv":[12.7097,11.5443],"uv_size":[0.082,0.164]},"north":{"uv":[11.9187,11.5443],"uv_size":[0.123,0.164]},"south":{"uv":[11.9603,11.5443],"uv_size":[0.123,0.164]},"up":{"uv":[12.0813,11.2903],"uv_size":[-0.123,-0.082]},"west":{"uv":[11.2097,11.5443],"uv_size":[0.082,0.164]}}},{"origin":[-0.5,10,-4.25],"size":[0.75,1.25,0.25],"uv":{"down":{"uv":[12.0813,12.7077],"uv_size":[-0.123,-0.041]},"east":{"uv":[12.6673,11.4617],"uv_size":[0.041,0.205]},"north":{"uv":[11.9187,11.4617],"uv_size":[0.123,0.205]},"south":{"uv":[11.9603,11.4617],"uv_size":[0.123,0.205]},"up":{"uv":[12.0813,11.3327],"uv_size":[-0.123,-0.041]},"west":{"uv":[11.2923,11.4617],"uv_size":[0.041,0.205]}}},{"origin":[-0.5,10.25,-4],"size":[0.75,1.25,0.25],"uv":{"down":{"uv":[12.0813,12.666],"uv_size":[-0.123,-0.041]},"east":{"uv":[12.6257,11.42],"uv_size":[0.041,0.205]},"north":{"uv":[11.9187,11.42],"uv_size":[0.123,0.205]},"south":{"uv":[11.9603,11.42],"uv_size":[0.123,0.205]},"up":{"uv":[12.0813,11.3743],"uv_size":[-0.123,-0.041]},"west":{"uv":[11.334,11.42],"uv_size":[0.041,0.205]}}},{"origin":[-0.5,10.5,-3.75],"size":[0.75,1,0.5],"uv":{"down":{"uv":[12.0813,12.6237],"uv_size":[-0.123,-0.082]},"east":{"uv":[12.543,11.4193],"uv_size":[0.082,0.164]},"north":{"uv":[11.9187,11.4193],"uv_size":[0.123,0.164]},"south":{"uv":[11.9603,11.4193],"uv_size":[0.123,0.164]},"up":{"uv":[12.0813,11.457],"uv_size":[-0.123,-0.082]},"west":{"uv":[11.3763,11.4193],"uv_size":[0.082,0.164]}}},{"origin":[-0.5,10.75,-4.5],"size":[0.75,0.25,0.25],"uv":{"down":{"uv":[12.0813,12.7493],"uv_size":[-0.123,-0.041]},"east":{"uv":[12.709,11.5007],"uv_size":[0.041,0.041]},"north":{"uv":[11.9187,11.5007],"uv_size":[0.123,0.041]},"south":{"uv":[11.9603,11.5007],"uv_size":[0.123,0.041]},"up":{"uv":[12.0813,11.291],"uv_size":[-0.123,-0.041]},"west":{"uv":[11.2507,11.5007],"uv_size":[0.041,0.041]}}},{"origin":[-0.5,10.75,-3.25],"size":[0.75,1.25,0.25],"uv":{"down":{"uv":[12.0813,12.541],"uv_size":[-0.123,-0.041]},"east":{"uv":[12.5007,11.3367],"uv_size":[0.041,0.205]},"north":{"uv":[11.9187,11.3367],"uv_size":[0.123,0.205]},"south":{"uv":[11.9603,11.3367],"uv_size":[0.123,0.205]},"up":{"uv":[12.0813,11.4993],"uv_size":[-0.123,-0.041]},"west":{"uv":[11.459,11.3367],"uv_size":[0.041,0.205]}}},{"origin":[-0.5,11,-3],"size":[0.75,1,0.75],"uv":{"down":{"uv":[12.0813,12.498],"uv_size":[-0.123,-0.123]},"east":{"uv":[12.377,11.336],"uv_size":[0.123,0.164]},"north":{"uv":[11.9187,11.336],"uv_size":[0.123,0.164]},"south":{"uv":[11.9603,11.336],"uv_size":[0.123,0.164]},"up":{"uv":[12.0813,11.623],"uv_size":[-0.123,-0.123]},"west":{"uv":[11.502,11.336],"uv_size":[0.123,0.164]}}},{"origin":[-0.5,11.25,-2.25],"size":[0.75,1.25,0.75],"uv":{"down":{"uv":[12.0813,12.373],"uv_size":[-0.123,-0.123]},"east":{"uv":[12.252,11.2533],"uv_size":[0.123,0.205]},"north":{"uv":[11.9187,11.2533],"uv_size":[0.123,0.205]},"south":{"uv":[11.9603,11.2533],"uv_size":[0.123,0.205]},"up":{"uv":[12.0813,11.748],"uv_size":[-0.123,-0.123]},"west":{"uv":[11.627,11.2533],"uv_size":[0.123,0.205]}}},{"origin":[-0.5,11.5,-3.5],"size":[0.75,0.25,0.25],"uv":{"down":{"uv":[12.0813,12.5827],"uv_size":[-0.123,-0.041]},"east":{"uv":[12.5423,11.3757],"uv_size":[0.041,0.041]},"north":{"uv":[11.9187,11.3757],"uv_size":[0.123,0.041]},"south":{"uv":[11.9603,11.3757],"uv_size":[0.123,0.041]},"up":{"uv":[12.0813,11.4577],"uv_size":[-0.123,-0.041]},"west":{"uv":[11.4173,11.3757],"uv_size":[0.041,0.041]}}},{"origin":[-0.5,11.5,-1.5],"size":[0.75,1.25,0.75],"uv":{"down":{"uv":[12.0813,12.248],"uv_size":[-0.123,-0.123]},"east":{"uv":[12.127,11.2117],"uv_size":[0.123,0.205]},"north":{"uv":[11.9187,11.2117],"uv_size":[0.123,0.205]},"south":{"uv":[11.9603,11.2117],"uv_size":[0.123,0.205]},"up":{"uv":[12.0813,11.873],"uv_size":[-0.123,-0.123]},"west":{"uv":[11.752,11.2117],"uv_size":[0.123,0.205]}}},{"origin":[-0.5,11.75,-0.75],"size":[0.75,1.25,0.75],"uv":{"down":{"uv":[12.0813,12.123],"uv_size":[-0.123,-0.123]},"east":{"uv":[12.002,11.17],"uv_size":[0.123,0.205]},"north":{"uv":[11.9187,11.17],"uv_size":[0.123,0.205]},"south":{"uv":[11.9603,11.17],"uv_size":[0.123,0.205]},"up":{"uv":[12.0813,11.998],"uv_size":[-0.123,-0.123]},"west":{"uv":[11.877,11.17],"uv_size":[0.123,0.205]}}},{"origin":[-0.5,12,-2.75],"size":[0.75,0.25,0.5],"uv":{"down":{"uv":[12.0813,12.457],"uv_size":[-0.123,-0.082]},"east":{"uv":[12.3763,11.2923],"uv_size":[0.082,0.041]},"north":{"uv":[11.9187,11.2923],"uv_size":[0.123,0.041]},"south":{"uv":[11.9603,11.2923],"uv_size":[0.123,0.041]},"up":{"uv":[12.0813,11.6237],"uv_size":[-0.123,-0.082]},"west":{"uv":[11.543,11.2923],"uv_size":[0.082,0.041]}}},{"origin":[-0.5,12,0],"size":[0.75,1.25,0.5],"uv":{"down":{"uv":[12.0813,11.9987],"uv_size":[-0.123,-0.082]},"east":{"uv":[11.918,11.1283],"uv_size":[0.082,0.205]},"north":{"uv":[11.9187,11.1283],"uv_size":[0.123,0.205]},"south":{"uv":[11.9603,11.1283],"uv_size":[0.123,0.205]},"up":{"uv":[12.0813,12.082],"uv_size":[-0.123,-0.082]},"west":{"uv":[12.0013,11.1283],"uv_size":[0.082,0.205]}}},{"origin":[-0.5,12,0.5],"size":[0.75,1,0.25],"uv":{"down":{"uv":[12.0813,11.916],"uv_size":[-0.123,-0.041]},"east":{"uv":[11.8757,11.1693],"uv_size":[0.041,0.164]},"north":{"uv":[11.9187,11.1693],"uv_size":[0.123,0.164]},"south":{"uv":[11.9603,11.1693],"uv_size":[0.123,0.164]},"up":{"uv":[12.0813,12.1243],"uv_size":[-0.123,-0.041]},"west":{"uv":[12.084,11.1693],"uv_size":[0.041,0.164]}}},{"origin":[-0.5,12,0.75],"size":[0.75,0.75,1.25],"uv":{"down":{"uv":[12.0813,11.8717],"uv_size":[-0.123,-0.205]},"east":{"uv":[11.67,11.2103],"uv_size":[0.205,0.123]},"north":{"uv":[11.9187,11.2103],"uv_size":[0.123,0.123]},"south":{"uv":[11.9603,11.2103],"uv_size":[0.123,0.123]},"up":{"uv":[12.0813,12.33],"uv_size":[-0.123,-0.205]},"west":{"uv":[12.1283,11.2103],"uv_size":[0.205,0.123]}}},{"origin":[-0.5,12.5,-1.75],"size":[0.75,0.25,0.25],"uv":{"down":{"uv":[12.0813,12.291],"uv_size":[-0.123,-0.041]},"east":{"uv":[12.2507,11.209],"uv_size":[0.041,0.041]},"north":{"uv":[11.9187,11.209],"uv_size":[0.123,0.041]},"south":{"uv":[11.9603,11.209],"uv_size":[0.123,0.041]},"up":{"uv":[12.0813,11.7493],"uv_size":[-0.123,-0.041]},"west":{"uv":[11.709,11.209],"uv_size":[0.041,0.041]}}},{"origin":[-0.5,12.75,-1],"size":[0.75,0.25,0.25],"uv":{"down":{"uv":[12.0813,12.166],"uv_size":[-0.123,-0.041]},"east":{"uv":[12.1257,11.1673],"uv_size":[0.041,0.041]},"north":{"uv":[11.9187,11.1673],"uv_size":[0.123,0.041]},"south":{"uv":[11.9603,11.1673],"uv_size":[0.123,0.041]},"up":{"uv":[12.0813,11.8743],"uv_size":[-0.123,-0.041]},"west":{"uv":[11.834,11.1673],"uv_size":[0.041,0.041]}}},{"origin":[-0.5,12.75,1],"size":[0.75,0.25,2.75],"uv":{"down":{"uv":[12.0813,11.826],"uv_size":[-0.123,-0.451]},"east":{"uv":[11.3823,11.1673],"uv_size":[0.451,0.041]},"north":{"uv":[11.9187,11.1673],"uv_size":[0.123,0.041]},"south":{"uv":[11.9603,11.1673],"uv_size":[0.123,0.041]},"up":{"uv":[12.0813,12.6177],"uv_size":[-0.123,-0.451]},"west":{"uv":[12.174,11.1673],"uv_size":[0.451,0.041]}}},{"origin":[-0.5,13,-0.25],"size":[0.75,0.25,0.25],"uv":{"down":{"uv":[12.0813,12.041],"uv_size":[-0.123,-0.041]},"east":{"uv":[12.0007,11.1257],"uv_size":[0.041,0.041]},"north":{"uv":[11.9187,11.1257],"uv_size":[0.123,0.041]},"south":{"uv":[11.9603,11.1257],"uv_size":[0.123,0.041]},"up":{"uv":[12.0813,11.9993],"uv_size":[-0.123,-0.041]},"west":{"uv":[11.959,11.1257],"uv_size":[0.041,0.041]}}},{"origin":[-0.5,13,1.25],"size":[0.75,0.5,0.5],"uv":{"down":{"uv":[12.0813,11.7903],"uv_size":[-0.123,-0.082]},"east":{"uv":[11.7097,11.0847],"uv_size":[0.082,0.082]},"north":{"uv":[11.9187,11.0847],"uv_size":[0.123,0.082]},"south":{"uv":[11.9603,11.0847],"uv_size":[0.123,0.082]},"up":{"uv":[12.0813,12.2903],"uv_size":[-0.123,-0.082]},"west":{"uv":[12.2097,11.0847],"uv_size":[0.082,0.082]}}},{"origin":[-0.5,13,1.75],"size":[0.75,0.25,0.25],"uv":{"down":{"uv":[12.0813,11.7077],"uv_size":[-0.123,-0.041]},"east":{"uv":[11.6673,11.1257],"uv_size":[0.041,0.041]},"north":{"uv":[11.9187,11.1257],"uv_size":[0.123,0.041]},"south":{"uv":[11.9603,11.1257],"uv_size":[0.123,0.041]},"up":{"uv":[12.0813,12.3327],"uv_size":[-0.123,-0.041]},"west":{"uv":[12.2923,11.1257],"uv_size":[0.041,0.041]}}},{"origin":[-0.5,13,2.25],"size":[0.75,0.25,1.5],"uv":{"down":{"uv":[12.0813,11.621],"uv_size":[-0.123,-0.246]},"east":{"uv":[11.379,11.1257],"uv_size":[0.246,0.041]},"north":{"uv":[11.9187,11.1257],"uv_size":[0.123,0.041]},"south":{"uv":[11.9603,11.1257],"uv_size":[0.123,0.041]},"up":{"uv":[12.0813,12.621],"uv_size":[-0.123,-0.246]},"west":{"uv":[12.379,11.1257],"uv_size":[0.246,0.041]}}},{"origin":[-0.5,13.25,0.25],"size":[0.75,0.25,0.25],"uv":{"down":{"uv":[12.0813,11.9577],"uv_size":[-0.123,-0.041]},"east":{"uv":[11.9173,11.084],"uv_size":[0.041,0.041]},"north":{"uv":[11.9187,11.084],"uv_size":[0.123,0.041]},"south":{"uv":[11.9603,11.084],"uv_size":[0.123,0.041]},"up":{"uv":[12.0813,12.0827],"uv_size":[-0.123,-0.041]},"west":{"uv":[12.0423,11.084],"uv_size":[0.041,0.041]}}},{"origin":[-0.5,13.25,2.5],"size":[0.75,0.5,1.25],"uv":{"down":{"uv":[12.0813,11.58],"uv_size":[-0.123,-0.205]},"east":{"uv":[11.3783,11.043],"uv_size":[0.205,0.082]},"north":{"uv":[11.9187,11.043],"uv_size":[0.123,0.082]},"south":{"uv":[11.9603,11.043],"uv_size":[0.123,0.082]},"up":{"uv":[12.0813,12.6217],"uv_size":[-0.123,-0.205]},"west":{"uv":[12.42,11.043],"uv_size":[0.205,0.082]}}},{"origin":[-0.5,13.5,1.5],"size":[0.75,0.25,0.25],"uv":{"down":{"uv":[12.0813,11.7493],"uv_size":[-0.123,-0.041]},"east":{"uv":[11.709,11.0423],"uv_size":[0.041,0.041]},"north":{"uv":[11.9187,11.0423],"uv_size":[0.123,0.041]},"south":{"uv":[11.9603,11.0423],"uv_size":[0.123,0.041]},"up":{"uv":[12.0813,12.291],"uv_size":[-0.123,-0.041]},"west":{"uv":[12.2507,11.0423],"uv_size":[0.041,0.041]}}},{"origin":[-0.25,7,-6.75],"size":[0.25,0.75,0.25],"uv":{"down":{"uv":[12.041,13.1243],"uv_size":[-0.041,-0.041]},"east":{"uv":[13.084,12.0437],"uv_size":[0.041,0.123]},"north":{"uv":[11.959,12.0437],"uv_size":[0.041,0.123]},"south":{"uv":[12.0007,12.0437],"uv_size":[0.041,0.123]},"up":{"uv":[12.041,10.916],"uv_size":[-0.041,-0.041]},"west":{"uv":[10.8757,12.0437],"uv_size":[0.041,0.123]}}},{"origin":[-0.25,7.25,-6.5],"size":[0.25,1.25,0.25],"uv":{"down":{"uv":[12.041,13.0827],"uv_size":[-0.041,-0.041]},"east":{"uv":[13.0423,11.92],"uv_size":[0.041,0.205]},"north":{"uv":[11.959,11.92],"uv_size":[0.041,0.205]},"south":{"uv":[12.0007,11.92],"uv_size":[0.041,0.205]},"up":{"uv":[12.041,10.9577],"uv_size":[-0.041,-0.041]},"west":{"uv":[10.9173,11.92],"uv_size":[0.041,0.205]}}},{"origin":[-0.25,7.5,-6.25],"size":[0.25,1.5,0.25],"uv":{"down":{"uv":[12.041,13.041],"uv_size":[-0.041,-0.041]},"east":{"uv":[13.0007,11.8373],"uv_size":[0.041,0.246]},"north":{"uv":[11.959,11.8373],"uv_size":[0.041,0.246]},"south":{"uv":[12.0007,11.8373],"uv_size":[0.041,0.246]},"up":{"uv":[12.041,10.9993],"uv_size":[-0.041,-0.041]},"west":{"uv":[10.959,11.8373],"uv_size":[0.041,0.246]}}},{"origin":[-0.25,8,-6],"size":[0.25,1.25,0.25],"uv":{"down":{"uv":[12.041,12.9993],"uv_size":[-0.041,-0.041]},"east":{"uv":[12.959,11.795],"uv_size":[0.041,0.205]},"north":{"uv":[11.959,11.795],"uv_size":[0.041,0.205]},"south":{"uv":[12.0007,11.795],"uv_size":[0.041,0.205]},"up":{"uv":[12.041,11.041],"uv_size":[-0.041,-0.041]},"west":{"uv":[11.0007,11.795],"uv_size":[0.041,0.205]}}},{"origin":[-0.25,8.25,-5.75],"size":[0.25,0.5,0.25],"uv":{"down":{"uv":[12.041,12.9577],"uv_size":[-0.041,-0.041]},"east":{"uv":[12.9173,11.8763],"uv_size":[0.041,0.082]},"north":{"uv":[11.959,11.8763],"uv_size":[0.041,0.082]},"south":{"uv":[12.0007,11.8763],"uv_size":[0.041,0.082]},"up":{"uv":[12.041,11.0827],"uv_size":[-0.041,-0.041]},"west":{"uv":[11.0423,11.8763],"uv_size":[0.041,0.082]}}},{"origin":[-0.25,8.5,-5.5],"size":[0.25,0.5,0.25],"uv":{"down":{"uv":[12.041,12.916],"uv_size":[-0.041,-0.041]},"east":{"uv":[12.8757,11.8347],"uv_size":[0.041,0.082]},"north":{"uv":[11.959,11.8347],"uv_size":[0.041,0.082]},"south":{"uv":[12.0007,11.8347],"uv_size":[0.041,0.082]},"up":{"uv":[12.041,11.1243],"uv_size":[-0.041,-0.041]},"west":{"uv":[11.084,11.8347],"uv_size":[0.041,0.082]}}},{"origin":[-0.25,8.75,-5.25],"size":[0.25,0.5,0.25],"uv":{"down":{"uv":[12.041,12.8743],"uv_size":[-0.041,-0.041]},"east":{"uv":[12.834,11.793],"uv_size":[0.041,0.082]},"north":{"uv":[11.959,11.793],"uv_size":[0.041,0.082]},"south":{"uv":[12.0007,11.793],"uv_size":[0.041,0.082]},"up":{"uv":[12.041,11.166],"uv_size":[-0.041,-0.041]},"west":{"uv":[11.1257,11.793],"uv_size":[0.041,0.082]}}},{"origin":[-0.25,9,-5.75],"size":[0.25,0.75,0.25],"uv":{"down":{"uv":[12.041,12.9577],"uv_size":[-0.041,-0.041]},"east":{"uv":[12.9173,11.7103],"uv_size":[0.041,0.123]},"north":{"uv":[11.959,11.7103],"uv_size":[0.041,0.123]},"south":{"uv":[12.0007,11.7103],"uv_size":[0.041,0.123]},"up":{"uv":[12.041,11.0827],"uv_size":[-0.041,-0.041]},"west":{"uv":[11.0423,11.7103],"uv_size":[0.041,0.123]}}},{"origin":[-0.25,9,-5],"size":[0.25,0.5,0.25],"uv":{"down":{"uv":[12.041,12.8327],"uv_size":[-0.041,-0.041]},"east":{"uv":[12.7923,11.7513],"uv_size":[0.041,0.082]},"north":{"uv":[11.959,11.7513],"uv_size":[0.041,0.082]},"south":{"uv":[12.0007,11.7513],"uv_size":[0.041,0.082]},"up":{"uv":[12.041,11.2077],"uv_size":[-0.041,-0.041]},"west":{"uv":[11.1673,11.7513],"uv_size":[0.041,0.082]}}},{"origin":[-0.25,9.25,-4.75],"size":[0.25,0.5,0.25],"uv":{"down":{"uv":[12.041,12.791],"uv_size":[-0.041,-0.041]},"east":{"uv":[12.7507,11.7097],"uv_size":[0.041,0.082]},"north":{"uv":[11.959,11.7097],"uv_size":[0.041,0.082]},"south":{"uv":[12.0007,11.7097],"uv_size":[0.041,0.082]},"up":{"uv":[12.041,11.2493],"uv_size":[-0.041,-0.041]},"west":{"uv":[11.209,11.7097],"uv_size":[0.041,0.082]}}},{"origin":[-0.25,9.5,-5.5],"size":[0.25,0.5,0.25],"uv":{"down":{"uv":[12.041,12.916],"uv_size":[-0.041,-0.041]},"east":{"uv":[12.8757,11.668],"uv_size":[0.041,0.082]},"north":{"uv":[11.959,11.668],"uv_size":[0.041,0.082]},"south":{"uv":[12.0007,11.668],"uv_size":[0.041,0.082]},"up":{"uv":[12.041,11.1243],"uv_size":[-0.041,-0.041]},"west":{"uv":[11.084,11.668],"uv_size":[0.041,0.082]}}},{"origin":[-0.25,9.5,-4.5],"size":[0.25,0.25,0.5],"uv":{"down":{"uv":[12.041,12.7487],"uv_size":[-0.041,-0.082]},"east":{"uv":[12.668,11.709],"uv_size":[0.082,0.041]},"north":{"uv":[11.959,11.709],"uv_size":[0.041,0.041]},"south":{"uv":[12.0007,11.709],"uv_size":[0.041,0.041]},"up":{"uv":[12.041,11.332],"uv_size":[-0.041,-0.082]},"west":{"uv":[11.2513,11.709],"uv_size":[0.082,0.041]}}},{"origin":[-0.25,9.75,-5.25],"size":[0.25,0.75,0.25],"uv":{"down":{"uv":[12.041,12.8743],"uv_size":[-0.041,-0.041]},"east":{"uv":[12.834,11.5853],"uv_size":[0.041,0.123]},"north":{"uv":[11.959,11.5853],"uv_size":[0.041,0.123]},"south":{"uv":[12.0007,11.5853],"uv_size":[0.041,0.123]},"up":{"uv":[12.041,11.166],"uv_size":[-0.041,-0.041]},"west":{"uv":[11.1257,11.5853],"uv_size":[0.041,0.123]}}},{"origin":[-0.25,9.75,-4.25],"size":[0.25,0.25,0.5],"uv":{"down":{"uv":[12.041,12.707],"uv_size":[-0.041,-0.082]},"east":{"uv":[12.6263,11.6673],"uv_size":[0.082,0.041]},"north":{"uv":[11.959,11.6673],"uv_size":[0.041,0.041]},"south":{"uv":[12.0007,11.6673],"uv_size":[0.041,0.041]},"up":{"uv":[12.041,11.3737],"uv_size":[-0.041,-0.082]},"west":{"uv":[11.293,11.6673],"uv_size":[0.082,0.041]}}},{"origin":[-0.25,10,-4],"size":[0.25,0.25,0.5],"uv":{"down":{"uv":[12.041,12.6653],"uv_size":[-0.041,-0.082]},"east":{"uv":[12.5847,11.6257],"uv_size":[0.082,0.041]},"north":{"uv":[11.959,11.6257],"uv_size":[0.041,0.041]},"south":{"uv":[12.0007,11.6257],"uv_size":[0.041,0.041]},"up":{"uv":[12.041,11.4153],"uv_size":[-0.041,-0.082]},"west":{"uv":[11.3347,11.6257],"uv_size":[0.082,0.041]}}},{"origin":[-0.25,10.25,-5],"size":[0.25,0.75,0.25],"uv":{"down":{"uv":[12.041,12.8327],"uv_size":[-0.041,-0.041]},"east":{"uv":[12.7923,11.502],"uv_size":[0.041,0.123]},"north":{"uv":[11.959,11.502],"uv_size":[0.041,0.123]},"south":{"uv":[12.0007,11.502],"uv_size":[0.041,0.123]},"up":{"uv":[12.041,11.2077],"uv_size":[-0.041,-0.041]},"west":{"uv":[11.1673,11.502],"uv_size":[0.041,0.123]}}},{"origin":[-0.25,10.25,-3.75],"size":[0.25,0.25,0.75],"uv":{"down":{"uv":[12.041,12.623],"uv_size":[-0.041,-0.123]},"east":{"uv":[12.502,11.584],"uv_size":[0.123,0.041]},"north":{"uv":[11.959,11.584],"uv_size":[0.041,0.041]},"south":{"uv":[12.0007,11.584],"uv_size":[0.041,0.041]},"up":{"uv":[12.041,11.498],"uv_size":[-0.041,-0.123]},"west":{"uv":[11.377,11.584],"uv_size":[0.123,0.041]}}},{"origin":[-0.25,10.5,-3.25],"size":[0.25,0.25,0.5],"uv":{"down":{"uv":[12.041,12.5403],"uv_size":[-0.041,-0.082]},"east":{"uv":[12.4597,11.5423],"uv_size":[0.082,0.041]},"north":{"uv":[11.959,11.5423],"uv_size":[0.041,0.041]},"south":{"uv":[12.0007,11.5423],"uv_size":[0.041,0.041]},"up":{"uv":[12.041,11.5403],"uv_size":[-0.041,-0.082]},"west":{"uv":[11.4597,11.5423],"uv_size":[0.082,0.041]}}},{"origin":[-0.25,10.75,-4.75],"size":[0.25,0.5,0.25],"uv":{"down":{"uv":[12.041,12.791],"uv_size":[-0.041,-0.041]},"east":{"uv":[12.7507,11.4597],"uv_size":[0.041,0.082]},"north":{"uv":[11.959,11.4597],"uv_size":[0.041,0.082]},"south":{"uv":[12.0007,11.4597],"uv_size":[0.041,0.082]},"up":{"uv":[12.041,11.2493],"uv_size":[-0.041,-0.041]},"west":{"uv":[11.209,11.4597],"uv_size":[0.041,0.082]}}},{"origin":[-0.25,10.75,-3],"size":[0.25,0.25,1],"uv":{"down":{"uv":[12.041,12.4973],"uv_size":[-0.041,-0.164]},"east":{"uv":[12.336,11.5007],"uv_size":[0.164,0.041]},"north":{"uv":[11.959,11.5007],"uv_size":[0.041,0.041]},"south":{"uv":[12.0007,11.5007],"uv_size":[0.041,0.041]},"up":{"uv":[12.041,11.664],"uv_size":[-0.041,-0.164]},"west":{"uv":[11.5027,11.5007],"uv_size":[0.164,0.041]}}},{"origin":[-0.25,11,-4.5],"size":[0.25,0.5,0.25],"uv":{"down":{"uv":[12.041,12.7493],"uv_size":[-0.041,-0.041]},"east":{"uv":[12.709,11.418],"uv_size":[0.041,0.082]},"north":{"uv":[11.959,11.418],"uv_size":[0.041,0.082]},"south":{"uv":[12.0007,11.418],"uv_size":[0.041,0.082]},"up":{"uv":[12.041,11.291],"uv_size":[-0.041,-0.041]},"west":{"uv":[11.2507,11.418],"uv_size":[0.041,0.082]}}},{"origin":[-0.25,11,-2.25],"size":[0.25,0.25,1],"uv":{"down":{"uv":[12.041,12.3723],"uv_size":[-0.041,-0.164]},"east":{"uv":[12.211,11.459],"uv_size":[0.164,0.041]},"north":{"uv":[11.959,11.459],"uv_size":[0.041,0.041]},"south":{"uv":[12.0007,11.459],"uv_size":[0.041,0.041]},"up":{"uv":[12.041,11.789],"uv_size":[-0.041,-0.164]},"west":{"uv":[11.6277,11.459],"uv_size":[0.164,0.041]}}},{"origin":[-0.25,11.25,-4.25],"size":[0.25,0.5,0.25],"uv":{"down":{"uv":[12.041,12.7077],"uv_size":[-0.041,-0.041]},"east":{"uv":[12.6673,11.3763],"uv_size":[0.041,0.082]},"north":{"uv":[11.959,11.3763],"uv_size":[0.041,0.082]},"south":{"uv":[12.0007,11.3763],"uv_size":[0.041,0.082]},"up":{"uv":[12.041,11.3327],"uv_size":[-0.041,-0.041]},"west":{"uv":[11.2923,11.3763],"uv_size":[0.041,0.082]}}},{"origin":[-0.25,11.25,-1.5],"size":[0.25,0.25,1],"uv":{"down":{"uv":[12.041,12.2473],"uv_size":[-0.041,-0.164]},"east":{"uv":[12.086,11.4173],"uv_size":[0.164,0.041]},"north":{"uv":[11.959,11.4173],"uv_size":[0.041,0.041]},"south":{"uv":[12.0007,11.4173],"uv_size":[0.041,0.041]},"up":{"uv":[12.041,11.914],"uv_size":[-0.041,-0.164]},"west":{"uv":[11.7527,11.4173],"uv_size":[0.164,0.041]}}},{"origin":[-0.25,11.5,-4],"size":[0.25,0.25,0.5],"uv":{"down":{"uv":[12.041,12.6653],"uv_size":[-0.041,-0.082]},"east":{"uv":[12.5847,11.3757],"uv_size":[0.082,0.041]},"north":{"uv":[11.959,11.3757],"uv_size":[0.041,0.041]},"south":{"uv":[12.0007,11.3757],"uv_size":[0.041,0.041]},"up":{"uv":[12.041,11.4153],"uv_size":[-0.041,-0.082]},"west":{"uv":[11.3347,11.3757],"uv_size":[0.082,0.041]}}},{"origin":[-0.25,11.5,-0.75],"size":[0.25,0.25,1],"uv":{"down":{"uv":[12.041,12.1223],"uv_size":[-0.041,-0.164]},"east":{"uv":[11.961,11.3757],"uv_size":[0.164,0.041]},"north":{"uv":[11.959,11.3757],"uv_size":[0.041,0.041]},"south":{"uv":[12.0007,11.3757],"uv_size":[0.041,0.041]},"up":{"uv":[12.041,12.039],"uv_size":[-0.041,-0.164]},"west":{"uv":[11.8777,11.3757],"uv_size":[0.164,0.041]}}},{"origin":[-0.25,11.75,-3.75],"size":[0.25,0.25,0.5],"uv":{"down":{"uv":[12.041,12.6237],"uv_size":[-0.041,-0.082]},"east":{"uv":[12.543,11.334],"uv_size":[0.082,0.041]},"north":{"uv":[11.959,11.334],"uv_size":[0.041,0.041]},"south":{"uv":[12.0007,11.334],"uv_size":[0.041,0.041]},"up":{"uv":[12.041,11.457],"uv_size":[-0.041,-0.082]},"west":{"uv":[11.3763,11.334],"uv_size":[0.082,0.041]}}},{"origin":[-0.25,11.75,0],"size":[0.25,0.25,2],"uv":{"down":{"uv":[12.041,11.9947],"uv_size":[-0.041,-0.328]},"east":{"uv":[11.672,11.334],"uv_size":[0.328,0.041]},"north":{"uv":[11.959,11.334],"uv_size":[0.041,0.041]},"south":{"uv":[12.0007,11.334],"uv_size":[0.041,0.041]},"up":{"uv":[12.041,12.328],"uv_size":[-0.041,-0.328]},"west":{"uv":[12.0053,11.334],"uv_size":[0.328,0.041]}}},{"origin":[-0.25,12,-3.5],"size":[0.25,0.25,0.75],"uv":{"down":{"uv":[12.041,12.5813],"uv_size":[-0.041,-0.123]},"east":{"uv":[12.4603,11.2923],"uv_size":[0.123,0.041]},"north":{"uv":[11.959,11.2923],"uv_size":[0.041,0.041]},"south":{"uv":[12.0007,11.2923],"uv_size":[0.041,0.041]},"up":{"uv":[12.041,11.5397],"uv_size":[-0.041,-0.123]},"west":{"uv":[11.4187,11.2923],"uv_size":[0.123,0.041]}}},{"origin":[-0.25,12.25,-3],"size":[0.25,0.25,0.75],"uv":{"down":{"uv":[12.041,12.498],"uv_size":[-0.041,-0.123]},"east":{"uv":[12.377,11.2507],"uv_size":[0.123,0.041]},"north":{"uv":[11.959,11.2507],"uv_size":[0.041,0.041]},"south":{"uv":[12.0007,11.2507],"uv_size":[0.041,0.041]},"up":{"uv":[12.041,11.623],"uv_size":[-0.041,-0.123]},"west":{"uv":[11.502,11.2507],"uv_size":[0.123,0.041]}}},{"origin":[-0.25,12.5,-2.5],"size":[0.25,0.25,0.75],"uv":{"down":{"uv":[12.041,12.4147],"uv_size":[-0.041,-0.123]},"east":{"uv":[12.2937,11.209],"uv_size":[0.123,0.041]},"north":{"uv":[11.959,11.209],"uv_size":[0.041,0.041]},"south":{"uv":[12.0007,11.209],"uv_size":[0.041,0.041]},"up":{"uv":[12.041,11.7063],"uv_size":[-0.041,-0.123]},"west":{"uv":[11.5853,11.209],"uv_size":[0.123,0.041]}}},{"origin":[-0.25,12.5,2],"size":[0.25,0.25,1.75],"uv":{"down":{"uv":[12.041,11.662],"uv_size":[-0.041,-0.287]},"east":{"uv":[11.3797,11.209],"uv_size":[0.287,0.041]},"north":{"uv":[11.959,11.209],"uv_size":[0.041,0.041]},"south":{"uv":[12.0007,11.209],"uv_size":[0.041,0.041]},"up":{"uv":[12.041,12.6203],"uv_size":[-0.041,-0.287]},"west":{"uv":[12.338,11.209],"uv_size":[0.287,0.041]}}},{"origin":[-0.25,12.75,-2],"size":[0.25,0.25,1],"uv":{"down":{"uv":[12.041,12.3307],"uv_size":[-0.041,-0.164]},"east":{"uv":[12.1693,11.1673],"uv_size":[0.164,0.041]},"north":{"uv":[11.959,11.1673],"uv_size":[0.041,0.041]},"south":{"uv":[12.0007,11.1673],"uv_size":[0.041,0.041]},"up":{"uv":[12.041,11.8307],"uv_size":[-0.041,-0.164]},"west":{"uv":[11.6693,11.1673],"uv_size":[0.164,0.041]}}},{"origin":[-0.25,13,-1.25],"size":[0.25,0.25,1],"uv":{"down":{"uv":[12.041,12.2057],"uv_size":[-0.041,-0.164]},"east":{"uv":[12.0443,11.1257],"uv_size":[0.164,0.041]},"north":{"uv":[11.959,11.1257],"uv_size":[0.041,0.041]},"south":{"uv":[12.0007,11.1257],"uv_size":[0.041,0.041]},"up":{"uv":[12.041,11.9557],"uv_size":[-0.041,-0.164]},"west":{"uv":[11.7943,11.1257],"uv_size":[0.164,0.041]}}},{"origin":[-0.25,13.25,-0.5],"size":[0.25,0.25,0.75],"uv":{"down":{"uv":[12.041,12.0813],"uv_size":[-0.041,-0.123]},"east":{"uv":[11.9603,11.084],"uv_size":[0.123,0.041]},"north":{"uv":[11.959,11.084],"uv_size":[0.041,0.041]},"south":{"uv":[12.0007,11.084],"uv_size":[0.041,0.041]},"up":{"uv":[12.041,12.0397],"uv_size":[-0.041,-0.123]},"west":{"uv":[11.9187,11.084],"uv_size":[0.123,0.041]}}},{"origin":[-0.75,0.25,6.75],"size":[1.25,1.25,0.25],"uv":{"down":{"uv":[12.1217,2.8743],"uv_size":[-0.205,-0.041]},"east":{"uv":[10.834,5.0867],"uv_size":[0.041,0.205]},"north":{"uv":[11.8783,5.0867],"uv_size":[0.205,0.205]},"south":{"uv":[11.92,5.0867],"uv_size":[0.205,0.205]},"up":{"uv":[12.1217,5.166],"uv_size":[-0.205,-0.041]},"west":{"uv":[13.1257,5.0867],"uv_size":[0.041,0.205]}}},{"origin":[-0.75,0.25,7],"size":[1.25,1,0.25],"uv":{"down":{"uv":[12.1217,2.8327],"uv_size":[-0.205,-0.041]},"east":{"uv":[10.7923,5.1277],"uv_size":[0.041,0.164]},"north":{"uv":[11.8783,5.1277],"uv_size":[0.205,0.164]},"south":{"uv":[11.92,5.1277],"uv_size":[0.205,0.164]},"up":{"uv":[12.1217,5.2077],"uv_size":[-0.205,-0.041]},"west":{"uv":[13.1673,5.1277],"uv_size":[0.041,0.164]}}},{"origin":[-0.75,0.25,7.25],"size":[1.25,0.75,0.25],"uv":{"down":{"uv":[12.1217,2.791],"uv_size":[-0.205,-0.041]},"east":{"uv":[10.7507,5.1687],"uv_size":[0.041,0.123]},"north":{"uv":[11.8783,5.1687],"uv_size":[0.205,0.123]},"south":{"uv":[11.92,5.1687],"uv_size":[0.205,0.123]},"up":{"uv":[12.1217,5.2493],"uv_size":[-0.205,-0.041]},"west":{"uv":[13.209,5.1687],"uv_size":[0.041,0.123]}}},{"origin":[-0.75,0.5,7.5],"size":[1.25,0.25,0.25],"uv":{"down":{"uv":[12.1217,2.7493],"uv_size":[-0.205,-0.041]},"east":{"uv":[10.709,5.209],"uv_size":[0.041,0.041]},"north":{"uv":[11.8783,5.209],"uv_size":[0.205,0.041]},"south":{"uv":[11.92,5.209],"uv_size":[0.205,0.041]},"up":{"uv":[12.1217,5.291],"uv_size":[-0.205,-0.041]},"west":{"uv":[13.2507,5.209],"uv_size":[0.041,0.041]}}},{"origin":[-0.75,0.75,6.5],"size":[1.25,1.25,0.25],"uv":{"down":{"uv":[12.1217,2.916],"uv_size":[-0.205,-0.041]},"east":{"uv":[10.8757,5.0033],"uv_size":[0.041,0.205]},"north":{"uv":[11.8783,5.0033],"uv_size":[0.205,0.205]},"south":{"uv":[11.92,5.0033],"uv_size":[0.205,0.205]},"up":{"uv":[12.1217,5.1243],"uv_size":[-0.205,-0.041]},"west":{"uv":[13.084,5.0033],"uv_size":[0.041,0.205]}}},{"origin":[-0.75,1,6.25],"size":[1.25,1.5,0.25],"uv":{"down":{"uv":[12.1217,2.9577],"uv_size":[-0.205,-0.041]},"east":{"uv":[10.9173,4.9207],"uv_size":[0.041,0.246]},"north":{"uv":[11.8783,4.9207],"uv_size":[0.205,0.246]},"south":{"uv":[11.92,4.9207],"uv_size":[0.205,0.246]},"up":{"uv":[12.1217,5.0827],"uv_size":[-0.205,-0.041]},"west":{"uv":[13.0423,4.9207],"uv_size":[0.041,0.246]}}},{"origin":[-0.75,1.5,6],"size":[1.25,1.5,0.25],"uv":{"down":{"uv":[12.1217,2.9993],"uv_size":[-0.205,-0.041]},"east":{"uv":[10.959,4.8373],"uv_size":[0.041,0.246]},"north":{"uv":[11.8783,4.8373],"uv_size":[0.205,0.246]},"south":{"uv":[11.92,4.8373],"uv_size":[0.205,0.246]},"up":{"uv":[12.1217,5.041],"uv_size":[-0.205,-0.041]},"west":{"uv":[13.0007,4.8373],"uv_size":[0.041,0.246]}}},{"origin":[-0.75,2,5.75],"size":[1.25,1.25,0.25],"uv":{"down":{"uv":[12.1217,3.041],"uv_size":[-0.205,-0.041]},"east":{"uv":[11.0007,4.795],"uv_size":[0.041,0.205]},"north":{"uv":[11.8783,4.795],"uv_size":[0.205,0.205]},"south":{"uv":[11.92,4.795],"uv_size":[0.205,0.205]},"up":{"uv":[12.1217,4.9993],"uv_size":[-0.205,-0.041]},"west":{"uv":[12.959,4.795],"uv_size":[0.041,0.205]}}},{"origin":[-0.75,2.5,5.5],"size":[1.25,1.5,0.25],"uv":{"down":{"uv":[12.1217,3.0827],"uv_size":[-0.205,-0.041]},"east":{"uv":[11.0423,4.6707],"uv_size":[0.041,0.246]},"north":{"uv":[11.8783,4.6707],"uv_size":[0.205,0.246]},"south":{"uv":[11.92,4.6707],"uv_size":[0.205,0.246]},"up":{"uv":[12.1217,4.9577],"uv_size":[-0.205,-0.041]},"west":{"uv":[12.9173,4.6707],"uv_size":[0.041,0.246]}}},{"origin":[-0.75,3.25,5.25],"size":[1.25,2,0.25],"uv":{"down":{"uv":[12.1217,3.1243],"uv_size":[-0.205,-0.041]},"east":{"uv":[11.084,4.4637],"uv_size":[0.041,0.328]},"north":{"uv":[11.8783,4.4637],"uv_size":[0.205,0.328]},"south":{"uv":[11.92,4.4637],"uv_size":[0.205,0.328]},"up":{"uv":[12.1217,4.916],"uv_size":[-0.205,-0.041]},"west":{"uv":[12.8757,4.4637],"uv_size":[0.041,0.328]}}},{"origin":[-0.75,4,5],"size":[1.25,2,0.25],"uv":{"down":{"uv":[12.1217,3.166],"uv_size":[-0.205,-0.041]},"east":{"uv":[11.1257,4.3387],"uv_size":[0.041,0.328]},"north":{"uv":[11.8783,4.3387],"uv_size":[0.205,0.328]},"south":{"uv":[11.92,4.3387],"uv_size":[0.205,0.328]},"up":{"uv":[12.1217,4.8743],"uv_size":[-0.205,-0.041]},"west":{"uv":[12.834,4.3387],"uv_size":[0.041,0.328]}}},{"origin":[-0.75,4.75,4.75],"size":[1.25,2.5,0.25],"uv":{"down":{"uv":[12.1217,3.2077],"uv_size":[-0.205,-0.041]},"east":{"uv":[11.1673,4.1317],"uv_size":[0.041,0.41]},"north":{"uv":[11.8783,4.1317],"uv_size":[0.205,0.41]},"south":{"uv":[11.92,4.1317],"uv_size":[0.205,0.41]},"up":{"uv":[12.1217,4.8327],"uv_size":[-0.205,-0.041]},"west":{"uv":[12.7923,4.1317],"uv_size":[0.041,0.41]}}},{"origin":[-0.75,5.5,4.5],"size":[1.25,8,0.25],"uv":{"down":{"uv":[12.1217,3.2493],"uv_size":[-0.205,-0.041]},"east":{"uv":[11.209,3.0993],"uv_size":[0.041,1.3173]},"north":{"uv":[11.8783,3.0993],"uv_size":[0.205,1.3173]},"south":{"uv":[11.92,3.0993],"uv_size":[0.205,1.3173]},"up":{"uv":[12.1217,4.791],"uv_size":[-0.205,-0.041]},"west":{"uv":[12.7507,3.0993],"uv_size":[0.041,1.3173]}}},{"origin":[-0.75,6.75,4.25],"size":[1.25,7,0.25],"uv":{"down":{"uv":[12.1217,3.291],"uv_size":[-0.205,-0.041]},"east":{"uv":[11.2507,3.0577],"uv_size":[0.041,1.1507]},"north":{"uv":[11.8783,3.0577],"uv_size":[0.205,1.1507]},"south":{"uv":[11.92,3.0577],"uv_size":[0.205,1.1507]},"up":{"uv":[12.1217,4.7493],"uv_size":[-0.205,-0.041]},"west":{"uv":[12.709,3.0577],"uv_size":[0.041,1.1507]}}},{"origin":[-0.75,7.75,4.75],"size":[1.25,0.5,0.25],"uv":{"down":{"uv":[12.1217,3.2077],"uv_size":[-0.205,-0.041]},"east":{"uv":[11.1673,3.9597],"uv_size":[0.041,0.082]},"north":{"uv":[11.8783,3.9597],"uv_size":[0.205,0.082]},"south":{"uv":[11.92,3.9597],"uv_size":[0.205,0.082]},"up":{"uv":[12.1217,4.8327],"uv_size":[-0.205,-0.041]},"west":{"uv":[12.7923,3.9597],"uv_size":[0.041,0.082]}}},{"origin":[-0.75,8.25,4],"size":[1.25,0.75,0.25],"uv":{"down":{"uv":[12.1217,3.3327],"uv_size":[-0.205,-0.041]},"east":{"uv":[11.2923,3.8353],"uv_size":[0.041,0.123]},"north":{"uv":[11.8783,3.8353],"uv_size":[0.205,0.123]},"south":{"uv":[11.92,3.8353],"uv_size":[0.205,0.123]},"up":{"uv":[12.1217,4.7077],"uv_size":[-0.205,-0.041]},"west":{"uv":[12.6673,3.8353],"uv_size":[0.041,0.123]}}},{"origin":[-0.75,10.25,4],"size":[1.25,0.75,0.25],"uv":{"down":{"uv":[12.1217,3.3327],"uv_size":[-0.205,-0.041]},"east":{"uv":[11.2923,3.502],"uv_size":[0.041,0.123]},"north":{"uv":[11.8783,3.502],"uv_size":[0.205,0.123]},"south":{"uv":[11.92,3.502],"uv_size":[0.205,0.123]},"up":{"uv":[12.1217,4.7077],"uv_size":[-0.205,-0.041]},"west":{"uv":[12.6673,3.502],"uv_size":[0.041,0.123]}}},{"origin":[-0.75,12,4.75],"size":[1.25,1,0.25],"uv":{"down":{"uv":[12.1217,3.2077],"uv_size":[-0.205,-0.041]},"east":{"uv":[11.1673,3.1693],"uv_size":[0.041,0.164]},"north":{"uv":[11.8783,3.1693],"uv_size":[0.205,0.164]},"south":{"uv":[11.92,3.1693],"uv_size":[0.205,0.164]},"up":{"uv":[12.1217,4.8327],"uv_size":[-0.205,-0.041]},"west":{"uv":[12.7923,3.1693],"uv_size":[0.041,0.164]}}},{"origin":[-0.75,12.5,4],"size":[1.25,1,0.25],"uv":{"down":{"uv":[12.1217,3.3327],"uv_size":[-0.205,-0.041]},"east":{"uv":[11.2923,3.086],"uv_size":[0.041,0.164]},"north":{"uv":[11.8783,3.086],"uv_size":[0.205,0.164]},"south":{"uv":[11.92,3.086],"uv_size":[0.205,0.164]},"up":{"uv":[12.1217,4.7077],"uv_size":[-0.205,-0.041]},"west":{"uv":[12.6673,3.086],"uv_size":[0.041,0.164]}}},{"origin":[-0.75,12.75,3.75],"size":[1.25,0.75,0.25],"uv":{"down":{"uv":[12.1217,3.3743],"uv_size":[-0.205,-0.041]},"east":{"uv":[11.334,3.0853],"uv_size":[0.041,0.123]},"north":{"uv":[11.8783,3.0853],"uv_size":[0.205,0.123]},"south":{"uv":[11.92,3.0853],"uv_size":[0.205,0.123]},"up":{"uv":[12.1217,4.666],"uv_size":[-0.205,-0.041]},"west":{"uv":[12.6257,3.0853],"uv_size":[0.041,0.123]}}},{"origin":[-0.5,0,6.5],"size":[0.75,0.75,0.25],"uv":{"down":{"uv":[12.0813,2.916],"uv_size":[-0.123,-0.041]},"east":{"uv":[10.8757,5.2103],"uv_size":[0.041,0.123]},"north":{"uv":[11.9187,5.2103],"uv_size":[0.123,0.123]},"south":{"uv":[11.9603,5.2103],"uv_size":[0.123,0.123]},"up":{"uv":[12.0813,5.1243],"uv_size":[-0.123,-0.041]},"west":{"uv":[13.084,5.2103],"uv_size":[0.041,0.123]}}},{"origin":[-0.5,0,6.75],"size":[0.75,0.25,0.75],"uv":{"down":{"uv":[12.0813,2.873],"uv_size":[-0.123,-0.123]},"east":{"uv":[10.752,5.2923],"uv_size":[0.123,0.041]},"north":{"uv":[11.9187,5.2923],"uv_size":[0.123,0.041]},"south":{"uv":[11.9603,5.2923],"uv_size":[0.123,0.041]},"up":{"uv":[12.0813,5.248],"uv_size":[-0.123,-0.123]},"west":{"uv":[13.127,5.2923],"uv_size":[0.123,0.041]}}},{"origin":[-0.5,0.25,7.5],"size":[0.75,0.25,0.5],"uv":{"down":{"uv":[12.0813,2.7487],"uv_size":[-0.123,-0.082]},"east":{"uv":[10.668,5.2507],"uv_size":[0.082,0.041]},"north":{"uv":[11.9187,5.2507],"uv_size":[0.123,0.041]},"south":{"uv":[11.9603,5.2507],"uv_size":[0.123,0.041]},"up":{"uv":[12.0813,5.332],"uv_size":[-0.123,-0.082]},"west":{"uv":[13.2513,5.2507],"uv_size":[0.082,0.041]}}},{"origin":[-0.5,0.5,7.75],"size":[0.75,0.25,0.25],"uv":{"down":{"uv":[12.0813,2.7077],"uv_size":[-0.123,-0.041]},"east":{"uv":[10.6673,5.209],"uv_size":[0.041,0.041]},"north":{"uv":[11.9187,5.209],"uv_size":[0.123,0.041]},"south":{"uv":[11.9603,5.209],"uv_size":[0.123,0.041]},"up":{"uv":[12.0813,5.3327],"uv_size":[-0.123,-0.041]},"west":{"uv":[13.2923,5.209],"uv_size":[0.041,0.041]}}},{"origin":[-0.5,0.75,6.25],"size":[0.75,0.25,0.25],"uv":{"down":{"uv":[12.0813,2.9577],"uv_size":[-0.123,-0.041]},"east":{"uv":[10.9173,5.1673],"uv_size":[0.041,0.041]},"north":{"uv":[11.9187,5.1673],"uv_size":[0.123,0.041]},"south":{"uv":[11.9603,5.1673],"uv_size":[0.123,0.041]},"up":{"uv":[12.0813,5.0827],"uv_size":[-0.123,-0.041]},"west":{"uv":[13.0423,5.1673],"uv_size":[0.041,0.041]}}},{"origin":[-0.5,0.75,7.5],"size":[0.75,0.25,0.25],"uv":{"down":{"uv":[12.0813,2.7493],"uv_size":[-0.123,-0.041]},"east":{"uv":[10.709,5.1673],"uv_size":[0.041,0.041]},"north":{"uv":[11.9187,5.1673],"uv_size":[0.123,0.041]},"south":{"uv":[11.9603,5.1673],"uv_size":[0.123,0.041]},"up":{"uv":[12.0813,5.291],"uv_size":[-0.123,-0.041]},"west":{"uv":[13.2507,5.1673],"uv_size":[0.041,0.041]}}},{"origin":[-0.5,1,6],"size":[0.75,0.5,0.25],"uv":{"down":{"uv":[12.0813,2.9993],"uv_size":[-0.123,-0.041]},"east":{"uv":[10.959,5.0847],"uv_size":[0.041,0.082]},"north":{"uv":[11.9187,5.0847],"uv_size":[0.123,0.082]},"south":{"uv":[11.9603,5.0847],"uv_size":[0.123,0.082]},"up":{"uv":[12.0813,5.041],"uv_size":[-0.123,-0.041]},"west":{"uv":[13.0007,5.0847],"uv_size":[0.041,0.082]}}},{"origin":[-0.5,1,7.25],"size":[0.75,0.25,0.25],"uv":{"down":{"uv":[12.0813,2.791],"uv_size":[-0.123,-0.041]},"east":{"uv":[10.7507,5.1257],"uv_size":[0.041,0.041]},"north":{"uv":[11.9187,5.1257],"uv_size":[0.123,0.041]},"south":{"uv":[11.9603,5.1257],"uv_size":[0.123,0.041]},"up":{"uv":[12.0813,5.2493],"uv_size":[-0.123,-0.041]},"west":{"uv":[13.209,5.1257],"uv_size":[0.041,0.041]}}},{"origin":[-0.5,1.25,7],"size":[0.75,0.25,0.25],"uv":{"down":{"uv":[12.0813,2.8327],"uv_size":[-0.123,-0.041]},"east":{"uv":[10.7923,5.084],"uv_size":[0.041,0.041]},"north":{"uv":[11.9187,5.084],"uv_size":[0.123,0.041]},"south":{"uv":[11.9603,5.084],"uv_size":[0.123,0.041]},"up":{"uv":[12.0813,5.2077],"uv_size":[-0.123,-0.041]},"west":{"uv":[13.1673,5.084],"uv_size":[0.041,0.041]}}},{"origin":[-0.5,1.5,5.75],"size":[0.75,0.5,0.25],"uv":{"down":{"uv":[12.0813,3.041],"uv_size":[-0.123,-0.041]},"east":{"uv":[11.0007,5.0013],"uv_size":[0.041,0.082]},"north":{"uv":[11.9187,5.0013],"uv_size":[0.123,0.082]},"south":{"uv":[11.9603,5.0013],"uv_size":[0.123,0.082]},"up":{"uv":[12.0813,4.9993],"uv_size":[-0.123,-0.041]},"west":{"uv":[12.959,5.0013],"uv_size":[0.041,0.082]}}},{"origin":[-0.5,1.5,6.75],"size":[0.75,0.5,0.25],"uv":{"down":{"uv":[12.0813,2.8743],"uv_size":[-0.123,-0.041]},"east":{"uv":[10.834,5.0013],"uv_size":[0.041,0.082]},"north":{"uv":[11.9187,5.0013],"uv_size":[0.123,0.082]},"south":{"uv":[11.9603,5.0013],"uv_size":[0.123,0.082]},"up":{"uv":[12.0813,5.166],"uv_size":[-0.123,-0.041]},"west":{"uv":[13.1257,5.0013],"uv_size":[0.041,0.082]}}},{"origin":[-0.5,2,5.5],"size":[0.75,0.5,0.25],"uv":{"down":{"uv":[12.0813,3.0827],"uv_size":[-0.123,-0.041]},"east":{"uv":[11.0423,4.918],"uv_size":[0.041,0.082]},"north":{"uv":[11.9187,4.918],"uv_size":[0.123,0.082]},"south":{"uv":[11.9603,4.918],"uv_size":[0.123,0.082]},"up":{"uv":[12.0813,4.9577],"uv_size":[-0.123,-0.041]},"west":{"uv":[12.9173,4.918],"uv_size":[0.041,0.082]}}},{"origin":[-0.5,2,6.5],"size":[0.75,0.5,0.25],"uv":{"down":{"uv":[12.0813,2.916],"uv_size":[-0.123,-0.041]},"east":{"uv":[10.8757,4.918],"uv_size":[0.041,0.082]},"north":{"uv":[11.9187,4.918],"uv_size":[0.123,0.082]},"south":{"uv":[11.9603,4.918],"uv_size":[0.123,0.082]},"up":{"uv":[12.0813,5.1243],"uv_size":[-0.123,-0.041]},"west":{"uv":[13.084,4.918],"uv_size":[0.041,0.082]}}},{"origin":[-0.5,2.5,5.25],"size":[0.75,0.75,0.25],"uv":{"down":{"uv":[12.0813,3.1243],"uv_size":[-0.123,-0.041]},"east":{"uv":[11.084,4.7937],"uv_size":[0.041,0.123]},"north":{"uv":[11.9187,4.7937],"uv_size":[0.123,0.123]},"south":{"uv":[11.9603,4.7937],"uv_size":[0.123,0.123]},"up":{"uv":[12.0813,4.916],"uv_size":[-0.123,-0.041]},"west":{"uv":[12.8757,4.7937],"uv_size":[0.041,0.123]}}},{"origin":[-0.5,2.5,6.25],"size":[0.75,0.5,0.25],"uv":{"down":{"uv":[12.0813,2.9577],"uv_size":[-0.123,-0.041]},"east":{"uv":[10.9173,4.8347],"uv_size":[0.041,0.082]},"north":{"uv":[11.9187,4.8347],"uv_size":[0.123,0.082]},"south":{"uv":[11.9603,4.8347],"uv_size":[0.123,0.082]},"up":{"uv":[12.0813,5.0827],"uv_size":[-0.123,-0.041]},"west":{"uv":[13.0423,4.8347],"uv_size":[0.041,0.082]}}},{"origin":[-0.5,3,6],"size":[0.75,0.25,0.25],"uv":{"down":{"uv":[12.0813,2.9993],"uv_size":[-0.123,-0.041]},"east":{"uv":[10.959,4.7923],"uv_size":[0.041,0.041]},"north":{"uv":[11.9187,4.7923],"uv_size":[0.123,0.041]},"south":{"uv":[11.9603,4.7923],"uv_size":[0.123,0.041]},"up":{"uv":[12.0813,5.041],"uv_size":[-0.123,-0.041]},"west":{"uv":[13.0007,4.7923],"uv_size":[0.041,0.041]}}},{"origin":[-0.5,3.25,5],"size":[0.75,0.75,0.25],"uv":{"down":{"uv":[12.0813,3.166],"uv_size":[-0.123,-0.041]},"east":{"uv":[11.1257,4.6687],"uv_size":[0.041,0.123]},"north":{"uv":[11.9187,4.6687],"uv_size":[0.123,0.123]},"south":{"uv":[11.9603,4.6687],"uv_size":[0.123,0.123]},"up":{"uv":[12.0813,4.8743],"uv_size":[-0.123,-0.041]},"west":{"uv":[12.834,4.6687],"uv_size":[0.041,0.123]}}},{"origin":[-0.5,3.25,5.75],"size":[0.75,0.75,0.25],"uv":{"down":{"uv":[12.0813,3.041],"uv_size":[-0.123,-0.041]},"east":{"uv":[11.0007,4.6687],"uv_size":[0.041,0.123]},"north":{"uv":[11.9187,4.6687],"uv_size":[0.123,0.123]},"south":{"uv":[11.9603,4.6687],"uv_size":[0.123,0.123]},"up":{"uv":[12.0813,4.9993],"uv_size":[-0.123,-0.041]},"west":{"uv":[12.959,4.6687],"uv_size":[0.041,0.123]}}},{"origin":[-0.5,4,4.75],"size":[0.75,0.75,0.25],"uv":{"down":{"uv":[12.0813,3.2077],"uv_size":[-0.123,-0.041]},"east":{"uv":[11.1673,4.5437],"uv_size":[0.041,0.123]},"north":{"uv":[11.9187,4.5437],"uv_size":[0.123,0.123]},"south":{"uv":[11.9603,4.5437],"uv_size":[0.123,0.123]},"up":{"uv":[12.0813,4.8327],"uv_size":[-0.123,-0.041]},"west":{"uv":[12.7923,4.5437],"uv_size":[0.041,0.123]}}},{"origin":[-0.5,4,5.5],"size":[0.75,1.25,0.25],"uv":{"down":{"uv":[12.0813,3.0827],"uv_size":[-0.123,-0.041]},"east":{"uv":[11.0423,4.4617],"uv_size":[0.041,0.205]},"north":{"uv":[11.9187,4.4617],"uv_size":[0.123,0.205]},"south":{"uv":[11.9603,4.4617],"uv_size":[0.123,0.205]},"up":{"uv":[12.0813,4.9577],"uv_size":[-0.123,-0.041]},"west":{"uv":[12.9173,4.4617],"uv_size":[0.041,0.205]}}},{"origin":[-0.5,4.75,4.5],"size":[0.75,0.75,0.25],"uv":{"down":{"uv":[12.0813,3.2493],"uv_size":[-0.123,-0.041]},"east":{"uv":[11.209,4.4187],"uv_size":[0.041,0.123]},"north":{"uv":[11.9187,4.4187],"uv_size":[0.123,0.123]},"south":{"uv":[11.9603,4.4187],"uv_size":[0.123,0.123]},"up":{"uv":[12.0813,4.791],"uv_size":[-0.123,-0.041]},"west":{"uv":[12.7507,4.4187],"uv_size":[0.041,0.123]}}},{"origin":[-0.5,5.25,5.25],"size":[0.75,0.75,0.25],"uv":{"down":{"uv":[12.0813,3.1243],"uv_size":[-0.123,-0.041]},"east":{"uv":[11.084,4.3353],"uv_size":[0.041,0.123]},"north":{"uv":[11.9187,4.3353],"uv_size":[0.123,0.123]},"south":{"uv":[11.9603,4.3353],"uv_size":[0.123,0.123]},"up":{"uv":[12.0813,4.916],"uv_size":[-0.123,-0.041]},"west":{"uv":[12.8757,4.3353],"uv_size":[0.041,0.123]}}},{"origin":[-0.5,5.5,4.25],"size":[0.75,1.25,0.25],"uv":{"down":{"uv":[12.0813,3.291],"uv_size":[-0.123,-0.041]},"east":{"uv":[11.2507,4.2117],"uv_size":[0.041,0.205]},"north":{"uv":[11.9187,4.2117],"uv_size":[0.123,0.205]},"south":{"uv":[11.9603,4.2117],"uv_size":[0.123,0.205]},"up":{"uv":[12.0813,4.7493],"uv_size":[-0.123,-0.041]},"west":{"uv":[12.709,4.2117],"uv_size":[0.041,0.205]}}},{"origin":[-0.5,6,5],"size":[0.75,1.25,0.25],"uv":{"down":{"uv":[12.0813,3.166],"uv_size":[-0.123,-0.041]},"east":{"uv":[11.1257,4.1283],"uv_size":[0.041,0.205]},"north":{"uv":[11.9187,4.1283],"uv_size":[0.123,0.205]},"south":{"uv":[11.9603,4.1283],"uv_size":[0.123,0.205]},"up":{"uv":[12.0813,4.8743],"uv_size":[-0.123,-0.041]},"west":{"uv":[12.834,4.1283],"uv_size":[0.041,0.205]}}},{"origin":[-0.5,6.75,4],"size":[0.75,1.25,0.25],"uv":{"down":{"uv":[12.0813,3.3327],"uv_size":[-0.123,-0.041]},"east":{"uv":[11.2923,4.0033],"uv_size":[0.041,0.205]},"north":{"uv":[11.9187,4.0033],"uv_size":[0.123,0.205]},"south":{"uv":[11.9603,4.0033],"uv_size":[0.123,0.205]},"up":{"uv":[12.0813,4.7077],"uv_size":[-0.123,-0.041]},"west":{"uv":[12.6673,4.0033],"uv_size":[0.041,0.205]}}},{"origin":[-0.5,7.25,4.75],"size":[0.75,0.5,0.25],"uv":{"down":{"uv":[12.0813,3.2077],"uv_size":[-0.123,-0.041]},"east":{"uv":[11.1673,4.043],"uv_size":[0.041,0.082]},"north":{"uv":[11.9187,4.043],"uv_size":[0.123,0.082]},"south":{"uv":[11.9603,4.043],"uv_size":[0.123,0.082]},"up":{"uv":[12.0813,4.8327],"uv_size":[-0.123,-0.041]},"west":{"uv":[12.7923,4.043],"uv_size":[0.041,0.082]}}},{"origin":[-0.5,7.75,5],"size":[0.75,0.5,0.25],"uv":{"down":{"uv":[12.0813,3.166],"uv_size":[-0.123,-0.041]},"east":{"uv":[11.1257,3.9597],"uv_size":[0.041,0.082]},"north":{"uv":[11.9187,3.9597],"uv_size":[0.123,0.082]},"south":{"uv":[11.9603,3.9597],"uv_size":[0.123,0.082]},"up":{"uv":[12.0813,4.8743],"uv_size":[-0.123,-0.041]},"west":{"uv":[12.834,3.9597],"uv_size":[0.041,0.082]}}},{"origin":[-0.25,8,4],"size":[0.5,0.25,0.25],"uv":{"down":{"uv":[12.0403,3.3327],"uv_size":[-0.082,-0.041]},"east":{"uv":[11.2923,3.959],"uv_size":[0.041,0.041]},"north":{"uv":[11.9597,3.959],"uv_size":[0.082,0.041]},"south":{"uv":[11.9597,3.959],"uv_size":[0.082,0.041]},"up":{"uv":[12.0403,4.7077],"uv_size":[-0.082,-0.041]},"west":{"uv":[12.6673,3.959],"uv_size":[0.041,0.041]}}},{"origin":[-0.5,8.25,3.75],"size":[0.75,0.75,0.25],"uv":{"down":{"uv":[12.0813,3.3743],"uv_size":[-0.123,-0.041]},"east":{"uv":[11.334,3.8353],"uv_size":[0.041,0.123]},"north":{"uv":[11.9187,3.8353],"uv_size":[0.123,0.123]},"south":{"uv":[11.9603,3.8353],"uv_size":[0.123,0.123]},"up":{"uv":[12.0813,4.666],"uv_size":[-0.123,-0.041]},"west":{"uv":[12.6257,3.8353],"uv_size":[0.041,0.123]}}},{"origin":[-0.5,8.25,4.75],"size":[0.75,3.75,0.25],"uv":{"down":{"uv":[12.0813,3.2077],"uv_size":[-0.123,-0.041]},"east":{"uv":[11.1673,3.3433],"uv_size":[0.041,0.615]},"north":{"uv":[11.9187,3.3433],"uv_size":[0.123,0.615]},"south":{"uv":[11.9603,3.3433],"uv_size":[0.123,0.615]},"up":{"uv":[12.0813,4.8327],"uv_size":[-0.123,-0.041]},"west":{"uv":[12.7923,3.3433],"uv_size":[0.041,0.615]}}},{"origin":[-0.5,9,4],"size":[0.75,1.25,0.25],"uv":{"down":{"uv":[12.0813,3.3327],"uv_size":[-0.123,-0.041]},"east":{"uv":[11.2923,3.6283],"uv_size":[0.041,0.205]},"north":{"uv":[11.9187,3.6283],"uv_size":[0.123,0.205]},"south":{"uv":[11.9603,3.6283],"uv_size":[0.123,0.205]},"up":{"uv":[12.0813,4.7077],"uv_size":[-0.123,-0.041]},"west":{"uv":[12.6673,3.6283],"uv_size":[0.041,0.205]}}},{"origin":[-0.5,10.25,3.75],"size":[0.75,0.75,0.25],"uv":{"down":{"uv":[12.0813,3.3743],"uv_size":[-0.123,-0.041]},"east":{"uv":[11.334,3.502],"uv_size":[0.041,0.123]},"north":{"uv":[11.9187,3.502],"uv_size":[0.123,0.123]},"south":{"uv":[11.9603,3.502],"uv_size":[0.123,0.123]},"up":{"uv":[12.0813,4.666],"uv_size":[-0.123,-0.041]},"west":{"uv":[12.6257,3.502],"uv_size":[0.041,0.123]}}},{"origin":[-0.5,11,4],"size":[0.75,1.5,0.25],"uv":{"down":{"uv":[12.0813,3.3327],"uv_size":[-0.123,-0.041]},"east":{"uv":[11.2923,3.254],"uv_size":[0.041,0.246]},"north":{"uv":[11.9187,3.254],"uv_size":[0.123,0.246]},"south":{"uv":[11.9603,3.254],"uv_size":[0.123,0.246]},"up":{"uv":[12.0813,4.7077],"uv_size":[-0.123,-0.041]},"west":{"uv":[12.6673,3.254],"uv_size":[0.041,0.246]}}},{"origin":[-0.5,12,5],"size":[0.75,1,0.25],"uv":{"down":{"uv":[12.0813,3.166],"uv_size":[-0.123,-0.041]},"east":{"uv":[11.1257,3.1693],"uv_size":[0.041,0.164]},"north":{"uv":[11.9187,3.1693],"uv_size":[0.123,0.164]},"south":{"uv":[11.9603,3.1693],"uv_size":[0.123,0.164]},"up":{"uv":[12.0813,4.8743],"uv_size":[-0.123,-0.041]},"west":{"uv":[12.834,3.1693],"uv_size":[0.041,0.164]}}},{"origin":[-0.25,12.5,3.75],"size":[0.5,0.25,0.25],"uv":{"down":{"uv":[12.0403,3.3743],"uv_size":[-0.082,-0.041]},"east":{"uv":[11.334,3.209],"uv_size":[0.041,0.041]},"north":{"uv":[11.9597,3.209],"uv_size":[0.082,0.041]},"south":{"uv":[11.9597,3.209],"uv_size":[0.082,0.041]},"up":{"uv":[12.0403,4.666],"uv_size":[-0.082,-0.041]},"west":{"uv":[12.6257,3.209],"uv_size":[0.041,0.041]}}},{"origin":[-0.5,13,4.75],"size":[0.75,0.75,0.25],"uv":{"down":{"uv":[12.0813,3.2077],"uv_size":[-0.123,-0.041]},"east":{"uv":[11.1673,3.0437],"uv_size":[0.041,0.123]},"north":{"uv":[11.9187,3.0437],"uv_size":[0.123,0.123]},"south":{"uv":[11.9603,3.0437],"uv_size":[0.123,0.123]},"up":{"uv":[12.0813,4.8327],"uv_size":[-0.123,-0.041]},"west":{"uv":[12.7923,3.0437],"uv_size":[0.041,0.123]}}},{"origin":[-0.5,13.5,3.75],"size":[0.75,0.25,0.5],"uv":{"down":{"uv":[12.0813,3.3737],"uv_size":[-0.123,-0.082]},"east":{"uv":[11.293,3.0423],"uv_size":[0.082,0.041]},"north":{"uv":[11.9187,3.0423],"uv_size":[0.123,0.041]},"south":{"uv":[11.9603,3.0423],"uv_size":[0.123,0.041]},"up":{"uv":[12.0813,4.707],"uv_size":[-0.123,-0.082]},"west":{"uv":[12.6263,3.0423],"uv_size":[0.082,0.041]}}},{"origin":[-0.5,13.5,4.5],"size":[0.75,0.25,0.25],"uv":{"down":{"uv":[12.0813,3.2493],"uv_size":[-0.123,-0.041]},"east":{"uv":[11.209,3.0423],"uv_size":[0.041,0.041]},"north":{"uv":[11.9187,3.0423],"uv_size":[0.123,0.041]},"south":{"uv":[11.9603,3.0423],"uv_size":[0.123,0.041]},"up":{"uv":[12.0813,4.791],"uv_size":[-0.123,-0.041]},"west":{"uv":[12.7507,3.0423],"uv_size":[0.041,0.041]}}},{"origin":[-0.5,13.75,4.25],"size":[0.75,0.25,0.25],"uv":{"down":{"uv":[12.0813,3.291],"uv_size":[-0.123,-0.041]},"east":{"uv":[11.2507,3.0007],"uv_size":[0.041,0.041]},"north":{"uv":[11.9187,3.0007],"uv_size":[0.123,0.041]},"south":{"uv":[11.9603,3.0007],"uv_size":[0.123,0.041]},"up":{"uv":[12.0813,4.7493],"uv_size":[-0.123,-0.041]},"west":{"uv":[12.709,3.0007],"uv_size":[0.041,0.041]}}},{"origin":[-0.75,12,4],"size":[0.25,0.5,0.25],"uv":{"down":{"uv":[12.1243,3.3327],"uv_size":[-0.041,-0.041]},"east":{"uv":[11.2923,3.2513],"uv_size":[0.041,0.082]},"north":{"uv":[11.8757,3.2513],"uv_size":[0.041,0.082]},"south":{"uv":[12.084,3.2513],"uv_size":[0.041,0.082]},"up":{"uv":[12.1243,4.7077],"uv_size":[-0.041,-0.041]},"west":{"uv":[12.6673,3.2513],"uv_size":[0.041,0.082]}}}],"name":"tmd_melees_z","parent":"tmd_melees_y","pivot":[0,8,0]}],"description":{"identifier":"geometry.tmd_melees.geo_0cc742b","texture_height":16,"texture_width":16,"visible_bounds_height":4.5,"visible_bounds_offset":[0,0.75,0],"visible_bounds_width":4}}]}