{"format_version":"1.16.0","minecraft:geometry":[{"bones":[{"binding":"c.item_slot == 'head' ? 'head' : q.item_slot_to_bone_name(c.item_slot)","name":"tmd_melees","pivot":[0,0,0]},{"name":"tmd_melees_x","parent":"tmd_melees","pivot":[0,0,0]},{"cubes":[{"origin":[-0.16663,2,-0.1667],"size":[0.33333,0.33333,0.16667],"uv":{"down":{"uv":[1,17.5],"uv_size":[0.5,-0.5]},"east":{"uv":[16,15],"uv_size":[0.5,0.5]},"north":{"uv":[15,16],"uv_size":[0.5,0.5]},"south":{"uv":[16,16],"uv_size":[0.5,0.5]},"up":{"uv":[17,0],"uv_size":[0.5,0.5]},"west":{"uv":[0,17],"uv_size":[0.5,0.5]}}},{"origin":[-0.16667,2.3333,-0.1667],"size":[0.16667,0.16667,0.16667],"uv":{"down":{"uv":[4,17.5],"uv_size":[0.5,-0.5]},"east":{"uv":[2,17],"uv_size":[0.5,0.5]},"north":{"uv":[17,1],"uv_size":[0.5,0.5]},"south":{"uv":[17,2],"uv_size":[0.5,0.5]},"up":{"uv":[17,3],"uv_size":[0.5,0.5]},"west":{"uv":[3,17],"uv_size":[0.5,0.5]}}},{"origin":[-0.1667,1,0],"size":[0.5,1.33333,0.16667],"uv":{"down":{"uv":[5,17.5],"uv_size":[0.5,-0.5]},"east":{"uv":[8,8],"uv_size":[0.5,1.5]},"north":{"uv":[8,6],"uv_size":[0.5,1.5]},"south":{"uv":[9,0],"uv_size":[0.5,1.5]},"up":{"uv":[17,4],"uv_size":[0.5,0.5]},"west":{"uv":[2,9],"uv_size":[0.5,1.5]}}},{"origin":[-0.1667,1.1667,0.1667],"size":[0.5,0.66667,0.16667],"uv":{"down":{"uv":[8,17.5],"uv_size":[0.5,-0.5]},"east":{"uv":[6,17],"uv_size":[0.5,0.5]},"north":{"uv":[17,5],"uv_size":[0.5,0.5]},"south":{"uv":[17,6],"uv_size":[0.5,0.5]},"up":{"uv":[17,7],"uv_size":[0.5,0.5]},"west":{"uv":[7,17],"uv_size":[0.5,0.5]}}},{"origin":[-0.1667,1.3333,-0.1667],"size":[0.5,0.66667,0.16667],"uv":{"down":{"uv":[11,17.5],"uv_size":[0.5,-0.5]},"east":{"uv":[9,17],"uv_size":[0.5,0.5]},"north":{"uv":[17,8],"uv_size":[0.5,0.5]},"south":{"uv":[17,9],"uv_size":[0.5,0.5]},"up":{"uv":[17,10],"uv_size":[0.5,0.5]},"west":{"uv":[10,17],"uv_size":[0.5,0.5]}}},{"origin":[-0.1667,1.6667,0.3333],"size":[0.5,0.33333,0.16667],"uv":{"down":{"uv":[14,17.5],"uv_size":[0.5,-0.5]},"east":{"uv":[12,17],"uv_size":[0.5,0.5]},"north":{"uv":[17,11],"uv_size":[0.5,0.5]},"south":{"uv":[17,12],"uv_size":[0.5,0.5]},"up":{"uv":[17,13],"uv_size":[0.5,0.5]},"west":{"uv":[13,17],"uv_size":[0.5,0.5]}}},{"origin":[0.16663,1.8333,0.1667],"size":[0.16667,0.33333,0.16667],"uv":{"down":{"uv":[17,17.5],"uv_size":[0.5,-0.5]},"east":{"uv":[15,17],"uv_size":[0.5,0.5]},"north":{"uv":[17,14],"uv_size":[0.5,0.5]},"south":{"uv":[17,15],"uv_size":[0.5,0.5]},"up":{"uv":[17,16],"uv_size":[0.5,0.5]},"west":{"uv":[16,17],"uv_size":[0.5,0.5]}}},{"origin":[0.00003,0,0],"size":[0.16667,1,0.16667],"uv":{"down":{"uv":[18,0.5],"uv_size":[0.5,-0.5]},"east":{"uv":[9,11],"uv_size":[0.5,1]},"north":{"uv":[7,9],"uv_size":[0.5,1]},"south":{"uv":[11,9],"uv_size":[0.5,1]},"up":{"uv":[0,18],"uv_size":[0.5,0.5]},"west":{"uv":[10,11],"uv_size":[0.5,1]}}},{"origin":[0.00003,0.3333,0.1667],"size":[0.16667,0.83333,0.16667],"uv":{"down":{"uv":[18,1.5],"uv_size":[0.5,-0.5]},"east":{"uv":[11,11],"uv_size":[0.5,1]},"north":{"uv":[11,10],"uv_size":[0.5,1]},"south":{"uv":[0,12],"uv_size":[0.5,1]},"up":{"uv":[1,18],"uv_size":[0.5,0.5]},"west":{"uv":[12,0],"uv_size":[0.5,1]}}},{"origin":[0.00003,0.6667,-0.1667],"size":[0.16667,0.66667,0.16667],"uv":{"down":{"uv":[18,4.5],"uv_size":[0.5,-0.5]},"east":{"uv":[18,2],"uv_size":[0.5,0.5]},"north":{"uv":[2,18],"uv_size":[0.5,0.5]},"south":{"uv":[3,18],"uv_size":[0.5,0.5]},"up":{"uv":[4,18],"uv_size":[0.5,0.5]},"west":{"uv":[18,3],"uv_size":[0.5,0.5]}}},{"origin":[0.00003,1.3333,0.3333],"size":[0.16667,0.33333,0.16667],"uv":{"down":{"uv":[18,7.5],"uv_size":[0.5,-0.5]},"east":{"uv":[18,5],"uv_size":[0.5,0.5]},"north":{"uv":[5,18],"uv_size":[0.5,0.5]},"south":{"uv":[6,18],"uv_size":[0.5,0.5]},"up":{"uv":[7,18],"uv_size":[0.5,0.5]},"west":{"uv":[18,6],"uv_size":[0.5,0.5]}}},{"origin":[-0.16663,2,0.3333],"size":[0.33333,0.33333,0.16667],"uv":{"down":{"uv":[18,10.5],"uv_size":[0.5,-0.5]},"east":{"uv":[18,8],"uv_size":[0.5,0.5]},"north":{"uv":[8,18],"uv_size":[0.5,0.5]},"south":{"uv":[9,18],"uv_size":[0.5,0.5]},"up":{"uv":[10,18],"uv_size":[0.5,0.5]},"west":{"uv":[18,9],"uv_size":[0.5,0.5]}}},{"origin":[0.00003,2.3333,0.3333],"size":[0.16667,0.16667,0.16667],"uv":{"down":{"uv":[18,13.5],"uv_size":[0.5,-0.5]},"east":{"uv":[18,11],"uv_size":[0.5,0.5]},"north":{"uv":[11,18],"uv_size":[0.5,0.5]},"south":{"uv":[12,18],"uv_size":[0.5,0.5]},"up":{"uv":[13,18],"uv_size":[0.5,0.5]},"west":{"uv":[18,12],"uv_size":[0.5,0.5]}}},{"origin":[-0.16667,1.5,0.3333],"size":[0.16667,0.16667,0.16667],"uv":{"down":{"uv":[18,16.5],"uv_size":[0.5,-0.5]},"east":{"uv":[18,14],"uv_size":[0.5,0.5]},"north":{"uv":[14,18],"uv_size":[0.5,0.5]},"south":{"uv":[15,18],"uv_size":[0.5,0.5]},"up":{"uv":[16,18],"uv_size":[0.5,0.5]},"west":{"uv":[18,15],"uv_size":[0.5,0.5]}}},{"origin":[-0.16667,1,0.1667],"size":[0.16667,0.16667,0.16667],"uv":{"down":{"uv":[1,19.5],"uv_size":[0.5,-0.5]},"east":{"uv":[18,17],"uv_size":[0.5,0.5]},"north":{"uv":[17,18],"uv_size":[0.5,0.5]},"south":{"uv":[18,18],"uv_size":[0.5,0.5]},"up":{"uv":[19,0],"uv_size":[0.5,0.5]},"west":{"uv":[0,19],"uv_size":[0.5,0.5]}}},{"origin":[-0.16667,0.5,0],"size":[0.16667,0.5,0.33333],"uv":{"down":{"uv":[4,19.5],"uv_size":[0.5,-0.5]},"east":{"uv":[2,19],"uv_size":[0.5,0.5]},"north":{"uv":[19,1],"uv_size":[0.5,0.5]},"south":{"uv":[19,2],"uv_size":[0.5,0.5]},"up":{"uv":[19,3],"uv_size":[0.5,0.5]},"west":{"uv":[3,19],"uv_size":[0.5,0.5]}}},{"origin":[-0.33337,1.3333,0.1667],"size":[0.16667,0.83333,0.16667],"uv":{"down":{"uv":[5,19.5],"uv_size":[0.5,-0.5]},"east":{"uv":[12,1],"uv_size":[0.5,1]},"north":{"uv":[1,12],"uv_size":[0.5,1]},"south":{"uv":[2,12],"uv_size":[0.5,1]},"up":{"uv":[19,4],"uv_size":[0.5,0.5]},"west":{"uv":[3,12],"uv_size":[0.5,1]}}},{"origin":[-0.33337,1.1667,0],"size":[0.16667,1.16667,0.16667],"uv":{"down":{"uv":[6,19.5],"uv_size":[0.5,-0.5]},"east":{"uv":[12,4],"uv_size":[0.5,1]},"north":{"uv":[12,3],"uv_size":[0.5,1]},"south":{"uv":[12,5],"uv_size":[0.5,1]},"up":{"uv":[19,5],"uv_size":[0.5,0.5]},"west":{"uv":[12,6],"uv_size":[0.5,1]}}},{"origin":[-0.33337,1.6667,-0.1667],"size":[0.16667,0.33333,0.16667],"uv":{"down":{"uv":[9,19.5],"uv_size":[0.5,-0.5]},"east":{"uv":[7,19],"uv_size":[0.5,0.5]},"north":{"uv":[19,6],"uv_size":[0.5,0.5]},"south":{"uv":[19,7],"uv_size":[0.5,0.5]},"up":{"uv":[19,8],"uv_size":[0.5,0.5]},"west":{"uv":[8,19],"uv_size":[0.5,0.5]}}},{"origin":[-0.16663,1.8333,0.1667],"size":[0.33333,0.33333,0.16667],"uv":{"down":{"uv":[12,19.5],"uv_size":[0.5,-0.5]},"east":{"uv":[10,19],"uv_size":[0.5,0.5]},"north":{"uv":[19,9],"uv_size":[0.5,0.5]},"south":{"uv":[19,10],"uv_size":[0.5,0.5]},"up":{"uv":[19,11],"uv_size":[0.5,0.5]},"west":{"uv":[11,19],"uv_size":[0.5,0.5]}}},{"origin":[0.00003,2.3333,-0.1667],"size":[0.16667,1,0.16667],"uv":{"down":{"uv":[13,19.5],"uv_size":[0.5,-0.5]},"east":{"uv":[12,8],"uv_size":[0.5,1]},"north":{"uv":[12,7],"uv_size":[0.5,1]},"south":{"uv":[9,12],"uv_size":[0.5,1]},"up":{"uv":[19,12],"uv_size":[0.5,0.5]},"west":{"uv":[12,9],"uv_size":[0.5,1]}}},{"origin":[-0.33337,3.3333,-0.1667],"size":[0.16667,0.83333,0.16667],"uv":{"down":{"uv":[14,19.5],"uv_size":[0.5,-0.5]},"east":{"uv":[12,10],"uv_size":[0.5,1]},"north":{"uv":[10,12],"uv_size":[0.5,1]},"south":{"uv":[11,12],"uv_size":[0.5,1]},"up":{"uv":[19,13],"uv_size":[0.5,0.5]},"west":{"uv":[12,11],"uv_size":[0.5,1]}}},{"origin":[0.16663,2,-0.1667],"size":[0.16667,2.16667,0.16667],"uv":{"down":{"uv":[15,19.5],"uv_size":[0.5,-0.5]},"east":{"uv":[3,7],"uv_size":[0.5,2]},"north":{"uv":[2,7],"uv_size":[0.5,2]},"south":{"uv":[7,3],"uv_size":[0.5,2]},"up":{"uv":[19,14],"uv_size":[0.5,0.5]},"west":{"uv":[7,5],"uv_size":[0.5,2]}}},{"origin":[0.16663,2,0.3333],"size":[0.16667,2.16667,0.16667],"uv":{"down":{"uv":[16,19.5],"uv_size":[0.5,-0.5]},"east":{"uv":[8,0],"uv_size":[0.5,2]},"north":{"uv":[7,7],"uv_size":[0.5,2]},"south":{"uv":[8,2],"uv_size":[0.5,2]},"up":{"uv":[19,15],"uv_size":[0.5,0.5]},"west":{"uv":[8,4],"uv_size":[0.5,2]}}},{"origin":[-0.33337,3.3333,0.3333],"size":[0.16667,0.83333,0.16667],"uv":{"down":{"uv":[17,19.5],"uv_size":[0.5,-0.5]},"east":{"uv":[0,13],"uv_size":[0.5,1]},"north":{"uv":[12,12],"uv_size":[0.5,1]},"south":{"uv":[13,0],"uv_size":[0.5,1]},"up":{"uv":[19,16],"uv_size":[0.5,0.5]},"west":{"uv":[1,13],"uv_size":[0.5,1]}}},{"origin":[-0.3333,2.5,0.3333],"size":[0.5,0.83333,0.16667],"uv":{"down":{"uv":[18,19.5],"uv_size":[0.5,-0.5]},"east":{"uv":[2,13],"uv_size":[0.5,1]},"north":{"uv":[13,1],"uv_size":[0.5,1]},"south":{"uv":[13,2],"uv_size":[0.5,1]},"up":{"uv":[19,17],"uv_size":[0.5,0.5]},"west":{"uv":[3,13],"uv_size":[0.5,1]}}},{"origin":[-0.33337,2.1667,0.1667],"size":[0.66667,1.16667,0.16667],"uv":{"down":{"uv":[19,19.5],"uv_size":[0.5,-0.5]},"east":{"uv":[4,13],"uv_size":[0.5,1]},"north":{"uv":[13,3],"uv_size":[0.5,1]},"south":{"uv":[13,4],"uv_size":[0.5,1]},"up":{"uv":[19,18],"uv_size":[0.5,0.5]},"west":{"uv":[5,13],"uv_size":[0.5,1]}}},{"origin":[-0.33337,2.3333,0],"size":[0.66667,1,0.16667],"uv":{"down":{"uv":[20,0.5],"uv_size":[0.5,-0.5]},"east":{"uv":[6,13],"uv_size":[0.5,1]},"north":{"uv":[13,5],"uv_size":[0.5,1]},"south":{"uv":[13,6],"uv_size":[0.5,1]},"up":{"uv":[0,20],"uv_size":[0.5,0.5]},"west":{"uv":[7,13],"uv_size":[0.5,1]}}},{"origin":[-0.33333,2.5,-0.1667],"size":[0.33333,0.83333,0.16667],"uv":{"down":{"uv":[20,1.5],"uv_size":[0.5,-0.5]},"east":{"uv":[8,13],"uv_size":[0.5,1]},"north":{"uv":[13,7],"uv_size":[0.5,1]},"south":{"uv":[13,8],"uv_size":[0.5,1]},"up":{"uv":[1,20],"uv_size":[0.5,0.5]},"west":{"uv":[9,13],"uv_size":[0.5,1]}}},{"origin":[-0.33337,2,-0.1667],"size":[0.16667,0.5,0.16667],"uv":{"down":{"uv":[20,4.5],"uv_size":[0.5,-0.5]},"east":{"uv":[20,2],"uv_size":[0.5,0.5]},"north":{"uv":[2,20],"uv_size":[0.5,0.5]},"south":{"uv":[3,20],"uv_size":[0.5,0.5]},"up":{"uv":[4,20],"uv_size":[0.5,0.5]},"west":{"uv":[20,3],"uv_size":[0.5,0.5]}}},{"origin":[-0.33333,2.3333,0.3333],"size":[0.33333,0.16667,0.16667],"uv":{"down":{"uv":[20,7.5],"uv_size":[0.5,-0.5]},"east":{"uv":[20,5],"uv_size":[0.5,0.5]},"north":{"uv":[5,20],"uv_size":[0.5,0.5]},"south":{"uv":[6,20],"uv_size":[0.5,0.5]},"up":{"uv":[7,20],"uv_size":[0.5,0.5]},"west":{"uv":[20,6],"uv_size":[0.5,0.5]}}},{"origin":[-0.33337,1.8333,0.3333],"size":[0.16667,0.5,0.16667],"uv":{"down":{"uv":[20,10.5],"uv_size":[0.5,-0.5]},"east":{"uv":[20,8],"uv_size":[0.5,0.5]},"north":{"uv":[8,20],"uv_size":[0.5,0.5]},"south":{"uv":[9,20],"uv_size":[0.5,0.5]},"up":{"uv":[10,20],"uv_size":[0.5,0.5]},"west":{"uv":[20,9],"uv_size":[0.5,0.5]}}},{"origin":[-0.16663,3.3333,0.3333],"size":[0.33333,0.83333,0.16667],"uv":{"down":{"uv":[20,11.5],"uv_size":[0.5,-0.5]},"east":{"uv":[10,13],"uv_size":[0.5,1]},"north":{"uv":[13,9],"uv_size":[0.5,1]},"south":{"uv":[13,10],"uv_size":[0.5,1]},"up":{"uv":[11,20],"uv_size":[0.5,0.5]},"west":{"uv":[11,13],"uv_size":[0.5,1]}}},{"origin":[-0.33337,3.3333,0],"size":[0.66667,0.83333,0.33333],"uv":{"down":{"uv":[20,12.5],"uv_size":[0.5,-0.5]},"east":{"uv":[12,13],"uv_size":[0.5,1]},"north":{"uv":[13,11],"uv_size":[0.5,1]},"south":{"uv":[13,12],"uv_size":[0.5,1]},"up":{"uv":[12,20],"uv_size":[0.5,0.5]},"west":{"uv":[13,13],"uv_size":[0.5,1]}}},{"origin":[-0.16663,3.3333,-0.1667],"size":[0.33333,0.83333,0.16667],"uv":{"down":{"uv":[20,13.5],"uv_size":[0.5,-0.5]},"east":{"uv":[14,0],"uv_size":[0.5,1]},"north":{"uv":[0,14],"uv_size":[0.5,1]},"south":{"uv":[1,14],"uv_size":[0.5,1]},"up":{"uv":[13,20],"uv_size":[0.5,0.5]},"west":{"uv":[14,1],"uv_size":[0.5,1]}}},{"origin":[-0.33337,4.1667,-0.1667],"size":[0.66667,0.33333,0.66667],"uv":{"down":{"uv":[20,16.5],"uv_size":[0.5,-0.5]},"east":{"uv":[20,14],"uv_size":[0.5,0.5]},"north":{"uv":[14,20],"uv_size":[0.5,0.5]},"south":{"uv":[15,20],"uv_size":[0.5,0.5]},"up":{"uv":[16,20],"uv_size":[0.5,0.5]},"west":{"uv":[20,15],"uv_size":[0.5,0.5]}}},{"origin":[1.33337,5,0],"size":[0.83333,0.16667,0.33333],"uv":{"down":{"uv":[14,3.5],"uv_size":[1,-0.5]},"east":{"uv":[17,20],"uv_size":[0.5,0.5]},"north":{"uv":[2,14],"uv_size":[1,0.5]},"south":{"uv":[14,2],"uv_size":[1,0.5]},"up":{"uv":[3,14],"uv_size":[1,0.5]},"west":{"uv":[20,17],"uv_size":[0.5,0.5]}}},{"origin":[-2,4.8333,0],"size":[4,0.16667,0.33333],"uv":{"down":{"uv":[0,3.5],"uv_size":[4,-0.5]},"east":{"uv":[18,20],"uv_size":[0.5,0.5]},"north":{"uv":[0,0],"uv_size":[4,0.5]},"south":{"uv":[0,1],"uv_size":[4,0.5]},"up":{"uv":[0,2],"uv_size":[4,0.5]},"west":{"uv":[20,18],"uv_size":[0.5,0.5]}}},{"origin":[1.66667,5.1667,0],"size":[0.33333,0.16667,0.33333],"uv":{"down":{"uv":[1,21.5],"uv_size":[0.5,-0.5]},"east":{"uv":[20,19],"uv_size":[0.5,0.5]},"north":{"uv":[19,20],"uv_size":[0.5,0.5]},"south":{"uv":[20,20],"uv_size":[0.5,0.5]},"up":{"uv":[21,0],"uv_size":[0.5,0.5]},"west":{"uv":[0,21],"uv_size":[0.5,0.5]}}},{"origin":[0.33333,4.6667,0],"size":[1.16667,0.16667,0.33333],"uv":{"down":{"uv":[14,5.5],"uv_size":[1,-0.5]},"east":{"uv":[21,1],"uv_size":[0.5,0.5]},"north":{"uv":[4,14],"uv_size":[1,0.5]},"south":{"uv":[14,4],"uv_size":[1,0.5]},"up":{"uv":[5,14],"uv_size":[1,0.5]},"west":{"uv":[2,21],"uv_size":[0.5,0.5]}}},{"origin":[0.33337,4.6667,-0.1667],"size":[0.83333,0.16667,0.16667],"uv":{"down":{"uv":[14,7.5],"uv_size":[1,-0.5]},"east":{"uv":[21,2],"uv_size":[0.5,0.5]},"north":{"uv":[6,14],"uv_size":[1,0.5]},"south":{"uv":[14,6],"uv_size":[1,0.5]},"up":{"uv":[7,14],"uv_size":[1,0.5]},"west":{"uv":[3,21],"uv_size":[0.5,0.5]}}},{"origin":[0.33337,4.6667,0.3333],"size":[0.83333,0.16667,0.16667],"uv":{"down":{"uv":[14,9.5],"uv_size":[1,-0.5]},"east":{"uv":[21,3],"uv_size":[0.5,0.5]},"north":{"uv":[8,14],"uv_size":[1,0.5]},"south":{"uv":[14,8],"uv_size":[1,0.5]},"up":{"uv":[9,14],"uv_size":[1,0.5]},"west":{"uv":[4,21],"uv_size":[0.5,0.5]}}},{"origin":[0.5,4.8333,0.3333],"size":[0.5,0.16667,0.16667],"uv":{"down":{"uv":[7,21.5],"uv_size":[0.5,-0.5]},"east":{"uv":[5,21],"uv_size":[0.5,0.5]},"north":{"uv":[21,4],"uv_size":[0.5,0.5]},"south":{"uv":[21,5],"uv_size":[0.5,0.5]},"up":{"uv":[21,6],"uv_size":[0.5,0.5]},"west":{"uv":[6,21],"uv_size":[0.5,0.5]}}},{"origin":[0.5,4.8333,-0.1667],"size":[0.5,0.16667,0.16667],"uv":{"down":{"uv":[10,21.5],"uv_size":[0.5,-0.5]},"east":{"uv":[8,21],"uv_size":[0.5,0.5]},"north":{"uv":[21,7],"uv_size":[0.5,0.5]},"south":{"uv":[21,8],"uv_size":[0.5,0.5]},"up":{"uv":[21,9],"uv_size":[0.5,0.5]},"west":{"uv":[9,21],"uv_size":[0.5,0.5]}}},{"origin":[0.66663,5,-0.1667],"size":[0.16667,0.16667,0.66667],"uv":{"down":{"uv":[13,21.5],"uv_size":[0.5,-0.5]},"east":{"uv":[11,21],"uv_size":[0.5,0.5]},"north":{"uv":[21,10],"uv_size":[0.5,0.5]},"south":{"uv":[21,11],"uv_size":[0.5,0.5]},"up":{"uv":[21,12],"uv_size":[0.5,0.5]},"west":{"uv":[12,21],"uv_size":[0.5,0.5]}}},{"origin":[-0.66663,4.5,-0.1667],"size":[1.33333,0.16667,0.66667],"uv":{"down":{"uv":[9,4.5],"uv_size":[1.5,-0.5]},"east":{"uv":[21,13],"uv_size":[0.5,0.5]},"north":{"uv":[9,2],"uv_size":[1.5,0.5]},"south":{"uv":[3,9],"uv_size":[1.5,0.5]},"up":{"uv":[9,3],"uv_size":[1.5,0.5]},"west":{"uv":[14,21],"uv_size":[0.5,0.5]}}},{"origin":[-1.16663,4.6667,-0.1667],"size":[0.83333,0.16667,0.66667],"uv":{"down":{"uv":[14,11.5],"uv_size":[1,-0.5]},"east":{"uv":[21,14],"uv_size":[0.5,0.5]},"north":{"uv":[10,14],"uv_size":[1,0.5]},"south":{"uv":[14,10],"uv_size":[1,0.5]},"up":{"uv":[11,14],"uv_size":[1,0.5]},"west":{"uv":[15,21],"uv_size":[0.5,0.5]}}},{"origin":[-1,4.8333,-0.1667],"size":[0.5,0.16667,0.16667],"uv":{"down":{"uv":[18,21.5],"uv_size":[0.5,-0.5]},"east":{"uv":[16,21],"uv_size":[0.5,0.5]},"north":{"uv":[21,15],"uv_size":[0.5,0.5]},"south":{"uv":[21,16],"uv_size":[0.5,0.5]},"up":{"uv":[21,17],"uv_size":[0.5,0.5]},"west":{"uv":[17,21],"uv_size":[0.5,0.5]}}},{"origin":[-1,4.8333,0.3333],"size":[0.5,0.16667,0.16667],"uv":{"down":{"uv":[21,21.5],"uv_size":[0.5,-0.5]},"east":{"uv":[19,21],"uv_size":[0.5,0.5]},"north":{"uv":[21,18],"uv_size":[0.5,0.5]},"south":{"uv":[21,19],"uv_size":[0.5,0.5]},"up":{"uv":[21,20],"uv_size":[0.5,0.5]},"west":{"uv":[20,21],"uv_size":[0.5,0.5]}}},{"origin":[-0.83337,5,-0.1667],"size":[0.16667,0.16667,0.66667],"uv":{"down":{"uv":[22,2.5],"uv_size":[0.5,-0.5]},"east":{"uv":[22,0],"uv_size":[0.5,0.5]},"north":{"uv":[0,22],"uv_size":[0.5,0.5]},"south":{"uv":[1,22],"uv_size":[0.5,0.5]},"up":{"uv":[2,22],"uv_size":[0.5,0.5]},"west":{"uv":[22,1],"uv_size":[0.5,0.5]}}},{"origin":[-1.50003,4.6667,0],"size":[0.33333,0.16667,0.33333],"uv":{"down":{"uv":[22,5.5],"uv_size":[0.5,-0.5]},"east":{"uv":[22,3],"uv_size":[0.5,0.5]},"north":{"uv":[3,22],"uv_size":[0.5,0.5]},"south":{"uv":[4,22],"uv_size":[0.5,0.5]},"up":{"uv":[5,22],"uv_size":[0.5,0.5]},"west":{"uv":[22,4],"uv_size":[0.5,0.5]}}},{"origin":[-2.16663,5,0],"size":[0.83333,0.16667,0.33333],"uv":{"down":{"uv":[14,13.5],"uv_size":[1,-0.5]},"east":{"uv":[6,22],"uv_size":[0.5,0.5]},"north":{"uv":[12,14],"uv_size":[1,0.5]},"south":{"uv":[14,12],"uv_size":[1,0.5]},"up":{"uv":[13,14],"uv_size":[1,0.5]},"west":{"uv":[22,6],"uv_size":[0.5,0.5]}}},{"origin":[-2.00003,5.1667,0],"size":[0.33333,0.16667,0.33333],"uv":{"down":{"uv":[22,9.5],"uv_size":[0.5,-0.5]},"east":{"uv":[22,7],"uv_size":[0.5,0.5]},"north":{"uv":[7,22],"uv_size":[0.5,0.5]},"south":{"uv":[8,22],"uv_size":[0.5,0.5]},"up":{"uv":[9,22],"uv_size":[0.5,0.5]},"west":{"uv":[22,8],"uv_size":[0.5,0.5]}}},{"origin":[0.16667,4.8333,-0.1667],"size":[0.33333,0.16667,0.16667],"uv":{"down":{"uv":[22,12.5],"uv_size":[0.5,-0.5]},"east":{"uv":[22,10],"uv_size":[0.5,0.5]},"north":{"uv":[10,22],"uv_size":[0.5,0.5]},"south":{"uv":[11,22],"uv_size":[0.5,0.5]},"up":{"uv":[12,22],"uv_size":[0.5,0.5]},"west":{"uv":[22,11],"uv_size":[0.5,0.5]}}},{"origin":[-0.5,4.8333,-0.1667],"size":[0.5,0.16667,0.16667],"uv":{"down":{"uv":[22,15.5],"uv_size":[0.5,-0.5]},"east":{"uv":[22,13],"uv_size":[0.5,0.5]},"north":{"uv":[13,22],"uv_size":[0.5,0.5]},"south":{"uv":[14,22],"uv_size":[0.5,0.5]},"up":{"uv":[15,22],"uv_size":[0.5,0.5]},"west":{"uv":[22,14],"uv_size":[0.5,0.5]}}},{"origin":[-0.6667,5,-0.1667],"size":[0.5,0.33333,0.66667],"uv":{"down":{"uv":[22,18.5],"uv_size":[0.5,-0.5]},"east":{"uv":[22,16],"uv_size":[0.5,0.5]},"north":{"uv":[16,22],"uv_size":[0.5,0.5]},"south":{"uv":[17,22],"uv_size":[0.5,0.5]},"up":{"uv":[18,22],"uv_size":[0.5,0.5]},"west":{"uv":[22,17],"uv_size":[0.5,0.5]}}},{"origin":[-0.49997,5.3333,-0.1667],"size":[0.16667,0.33333,0.66667],"uv":{"down":{"uv":[22,21.5],"uv_size":[0.5,-0.5]},"east":{"uv":[22,19],"uv_size":[0.5,0.5]},"north":{"uv":[19,22],"uv_size":[0.5,0.5]},"south":{"uv":[20,22],"uv_size":[0.5,0.5]},"up":{"uv":[21,22],"uv_size":[0.5,0.5]},"west":{"uv":[22,20],"uv_size":[0.5,0.5]}}},{"origin":[-0.5,4.8333,0.3333],"size":[0.5,0.16667,0.16667],"uv":{"down":{"uv":[2,23.5],"uv_size":[0.5,-0.5]},"east":{"uv":[0,23],"uv_size":[0.5,0.5]},"north":{"uv":[22,22],"uv_size":[0.5,0.5]},"south":{"uv":[23,0],"uv_size":[0.5,0.5]},"up":{"uv":[23,1],"uv_size":[0.5,0.5]},"west":{"uv":[1,23],"uv_size":[0.5,0.5]}}},{"origin":[-0.33337,4.6667,-0.1667],"size":[0.66667,0.16667,0.66667],"uv":{"down":{"uv":[5,23.5],"uv_size":[0.5,-0.5]},"east":{"uv":[3,23],"uv_size":[0.5,0.5]},"north":{"uv":[23,2],"uv_size":[0.5,0.5]},"south":{"uv":[23,3],"uv_size":[0.5,0.5]},"up":{"uv":[23,4],"uv_size":[0.5,0.5]},"west":{"uv":[4,23],"uv_size":[0.5,0.5]}}},{"origin":[0.16667,4.8333,0.3333],"size":[0.33333,0.16667,0.16667],"uv":{"down":{"uv":[8,23.5],"uv_size":[0.5,-0.5]},"east":{"uv":[6,23],"uv_size":[0.5,0.5]},"north":{"uv":[23,5],"uv_size":[0.5,0.5]},"south":{"uv":[23,6],"uv_size":[0.5,0.5]},"up":{"uv":[23,7],"uv_size":[0.5,0.5]},"west":{"uv":[7,23],"uv_size":[0.5,0.5]}}},{"origin":[0.1667,5,-0.1667],"size":[0.5,0.33333,0.66667],"uv":{"down":{"uv":[11,23.5],"uv_size":[0.5,-0.5]},"east":{"uv":[9,23],"uv_size":[0.5,0.5]},"north":{"uv":[23,8],"uv_size":[0.5,0.5]},"south":{"uv":[23,9],"uv_size":[0.5,0.5]},"up":{"uv":[23,10],"uv_size":[0.5,0.5]},"west":{"uv":[10,23],"uv_size":[0.5,0.5]}}},{"origin":[0.33333,5.3333,-0.1667],"size":[0.16667,0.33333,0.66667],"uv":{"down":{"uv":[14,23.5],"uv_size":[0.5,-0.5]},"east":{"uv":[12,23],"uv_size":[0.5,0.5]},"north":{"uv":[23,11],"uv_size":[0.5,0.5]},"south":{"uv":[23,12],"uv_size":[0.5,0.5]},"up":{"uv":[23,13],"uv_size":[0.5,0.5]},"west":{"uv":[13,23],"uv_size":[0.5,0.5]}}},{"origin":[0.00003,4.8333,-0.1667],"size":[0.16667,1,0.16667],"uv":{"down":{"uv":[15,23.5],"uv_size":[0.5,-0.5]},"east":{"uv":[0,15],"uv_size":[0.5,1]},"north":{"uv":[14,14],"uv_size":[0.5,1]},"south":{"uv":[15,0],"uv_size":[0.5,1]},"up":{"uv":[23,14],"uv_size":[0.5,0.5]},"west":{"uv":[1,15],"uv_size":[0.5,1]}}},{"origin":[0.00003,4.8333,0.3333],"size":[0.16667,1,0.16667],"uv":{"down":{"uv":[16,23.5],"uv_size":[0.5,-0.5]},"east":{"uv":[2,15],"uv_size":[0.5,1]},"north":{"uv":[15,1],"uv_size":[0.5,1]},"south":{"uv":[15,2],"uv_size":[0.5,1]},"up":{"uv":[23,15],"uv_size":[0.5,0.5]},"west":{"uv":[3,15],"uv_size":[0.5,1]}}},{"origin":[-0.16663,5,0],"size":[0.33333,0.83333,0.33333],"uv":{"down":{"uv":[17,23.5],"uv_size":[0.5,-0.5]},"east":{"uv":[4,15],"uv_size":[0.5,1]},"north":{"uv":[15,3],"uv_size":[0.5,1]},"south":{"uv":[15,4],"uv_size":[0.5,1]},"up":{"uv":[23,16],"uv_size":[0.5,0.5]},"west":{"uv":[5,15],"uv_size":[0.5,1]}}},{"origin":[0.00003,6.5,-0.1667],"size":[0.16667,0.16667,0.16667],"uv":{"down":{"uv":[20,23.5],"uv_size":[0.5,-0.5]},"east":{"uv":[18,23],"uv_size":[0.5,0.5]},"north":{"uv":[23,17],"uv_size":[0.5,0.5]},"south":{"uv":[23,18],"uv_size":[0.5,0.5]},"up":{"uv":[23,19],"uv_size":[0.5,0.5]},"west":{"uv":[19,23],"uv_size":[0.5,0.5]}}},{"origin":[0.00003,6.5,0.3333],"size":[0.16667,0.16667,0.16667],"uv":{"down":{"uv":[23,23.5],"uv_size":[0.5,-0.5]},"east":{"uv":[21,23],"uv_size":[0.5,0.5]},"north":{"uv":[23,20],"uv_size":[0.5,0.5]},"south":{"uv":[23,21],"uv_size":[0.5,0.5]},"up":{"uv":[23,22],"uv_size":[0.5,0.5]},"west":{"uv":[22,23],"uv_size":[0.5,0.5]}}},{"origin":[-0.16663,7,-0.1667],"size":[0.33333,0.5,0.16667],"uv":{"down":{"uv":[24,2.5],"uv_size":[0.5,-0.5]},"east":{"uv":[24,0],"uv_size":[0.5,0.5]},"north":{"uv":[0,24],"uv_size":[0.5,0.5]},"south":{"uv":[1,24],"uv_size":[0.5,0.5]},"up":{"uv":[2,24],"uv_size":[0.5,0.5]},"west":{"uv":[24,1],"uv_size":[0.5,0.5]}}},{"origin":[-0.16663,7,0.3333],"size":[0.33333,0.5,0.16667],"uv":{"down":{"uv":[24,5.5],"uv_size":[0.5,-0.5]},"east":{"uv":[24,3],"uv_size":[0.5,0.5]},"north":{"uv":[3,24],"uv_size":[0.5,0.5]},"south":{"uv":[4,24],"uv_size":[0.5,0.5]},"up":{"uv":[5,24],"uv_size":[0.5,0.5]},"west":{"uv":[24,4],"uv_size":[0.5,0.5]}}},{"origin":[-0.16663,7.1667,0],"size":[0.33333,0.16667,0.33333],"uv":{"down":{"uv":[24,8.5],"uv_size":[0.5,-0.5]},"east":{"uv":[24,6],"uv_size":[0.5,0.5]},"north":{"uv":[6,24],"uv_size":[0.5,0.5]},"south":{"uv":[7,24],"uv_size":[0.5,0.5]},"up":{"uv":[8,24],"uv_size":[0.5,0.5]},"west":{"uv":[24,7],"uv_size":[0.5,0.5]}}},{"origin":[-0.16663,9,-0.1667],"size":[0.33333,0.33333,0.16667],"uv":{"down":{"uv":[16,14.5],"uv_size":[0.5,-0.5]},"east":{"uv":[16,12],"uv_size":[0.5,0.5]},"north":{"uv":[12,16],"uv_size":[0.5,0.5]},"south":{"uv":[13,16],"uv_size":[0.5,0.5]},"up":{"uv":[14,16],"uv_size":[0.5,0.5]},"west":{"uv":[16,13],"uv_size":[0.5,0.5]}}},{"origin":[0.00003,8.5,-0.1667],"size":[0.16667,0.16667,0.66667],"uv":{"down":{"uv":[24,11.5],"uv_size":[0.5,-0.5]},"east":{"uv":[24,9],"uv_size":[0.5,0.5]},"north":{"uv":[9,24],"uv_size":[0.5,0.5]},"south":{"uv":[10,24],"uv_size":[0.5,0.5]},"up":{"uv":[11,24],"uv_size":[0.5,0.5]},"west":{"uv":[24,10],"uv_size":[0.5,0.5]}}},{"origin":[-0.16663,9,0.3333],"size":[0.33333,0.33333,0.16667],"uv":{"down":{"uv":[24,14.5],"uv_size":[0.5,-0.5]},"east":{"uv":[24,12],"uv_size":[0.5,0.5]},"north":{"uv":[12,24],"uv_size":[0.5,0.5]},"south":{"uv":[13,24],"uv_size":[0.5,0.5]},"up":{"uv":[14,24],"uv_size":[0.5,0.5]},"west":{"uv":[24,13],"uv_size":[0.5,0.5]}}},{"origin":[-0.3333,9.1667,0],"size":[0.5,0.16667,0.33333],"uv":{"down":{"uv":[24,17.5],"uv_size":[0.5,-0.5]},"east":{"uv":[24,15],"uv_size":[0.5,0.5]},"north":{"uv":[15,24],"uv_size":[0.5,0.5]},"south":{"uv":[16,24],"uv_size":[0.5,0.5]},"up":{"uv":[17,24],"uv_size":[0.5,0.5]},"west":{"uv":[24,16],"uv_size":[0.5,0.5]}}},{"origin":[-0.16663,9.8333,-0.1667],"size":[0.33333,0.33333,0.16667],"uv":{"down":{"uv":[24,20.5],"uv_size":[0.5,-0.5]},"east":{"uv":[24,18],"uv_size":[0.5,0.5]},"north":{"uv":[18,24],"uv_size":[0.5,0.5]},"south":{"uv":[19,24],"uv_size":[0.5,0.5]},"up":{"uv":[20,24],"uv_size":[0.5,0.5]},"west":{"uv":[24,19],"uv_size":[0.5,0.5]}}},{"origin":[-0.16663,9.8333,0.3333],"size":[0.33333,0.33333,0.16667],"uv":{"down":{"uv":[24,23.5],"uv_size":[0.5,-0.5]},"east":{"uv":[24,21],"uv_size":[0.5,0.5]},"north":{"uv":[21,24],"uv_size":[0.5,0.5]},"south":{"uv":[22,24],"uv_size":[0.5,0.5]},"up":{"uv":[23,24],"uv_size":[0.5,0.5]},"west":{"uv":[24,22],"uv_size":[0.5,0.5]}}},{"origin":[-0.16663,10,0],"size":[0.33333,0.16667,0.33333],"uv":{"down":{"uv":[2,25.5],"uv_size":[0.5,-0.5]},"east":{"uv":[0,25],"uv_size":[0.5,0.5]},"north":{"uv":[24,24],"uv_size":[0.5,0.5]},"south":{"uv":[25,0],"uv_size":[0.5,0.5]},"up":{"uv":[25,1],"uv_size":[0.5,0.5]},"west":{"uv":[1,25],"uv_size":[0.5,0.5]}}},{"origin":[-0.16663,11.1667,-0.1667],"size":[0.33333,0.83333,0.66667],"uv":{"down":{"uv":[3,25.5],"uv_size":[0.5,-0.5]},"east":{"uv":[6,15],"uv_size":[0.5,1]},"north":{"uv":[15,5],"uv_size":[0.5,1]},"south":{"uv":[15,6],"uv_size":[0.5,1]},"up":{"uv":[25,2],"uv_size":[0.5,0.5]},"west":{"uv":[7,15],"uv_size":[0.5,1]}}},{"origin":[-0.16667,5,-0.1667],"size":[0.16667,0.83333,0.16667],"uv":{"down":{"uv":[4,25.5],"uv_size":[0.5,-0.5]},"east":{"uv":[8,15],"uv_size":[0.5,1]},"north":{"uv":[15,7],"uv_size":[0.5,1]},"south":{"uv":[15,8],"uv_size":[0.5,1]},"up":{"uv":[25,3],"uv_size":[0.5,0.5]},"west":{"uv":[9,15],"uv_size":[0.5,1]}}},{"origin":[-0.16667,5,0.3333],"size":[0.16667,0.83333,0.16667],"uv":{"down":{"uv":[5,25.5],"uv_size":[0.5,-0.5]},"east":{"uv":[10,15],"uv_size":[0.5,1]},"north":{"uv":[15,9],"uv_size":[0.5,1]},"south":{"uv":[15,10],"uv_size":[0.5,1]},"up":{"uv":[25,4],"uv_size":[0.5,0.5]},"west":{"uv":[11,15],"uv_size":[0.5,1]}}},{"origin":[-0.16667,6.8333,-0.1667],"size":[0.16667,0.16667,0.66667],"uv":{"down":{"uv":[8,25.5],"uv_size":[0.5,-0.5]},"east":{"uv":[6,25],"uv_size":[0.5,0.5]},"north":{"uv":[25,5],"uv_size":[0.5,0.5]},"south":{"uv":[25,6],"uv_size":[0.5,0.5]},"up":{"uv":[25,7],"uv_size":[0.5,0.5]},"west":{"uv":[7,25],"uv_size":[0.5,0.5]}}},{"origin":[-0.16667,8.8333,-0.1667],"size":[0.16667,0.16667,0.66667],"uv":{"down":{"uv":[11,25.5],"uv_size":[0.5,-0.5]},"east":{"uv":[9,25],"uv_size":[0.5,0.5]},"north":{"uv":[25,8],"uv_size":[0.5,0.5]},"south":{"uv":[25,9],"uv_size":[0.5,0.5]},"up":{"uv":[25,10],"uv_size":[0.5,0.5]},"west":{"uv":[10,25],"uv_size":[0.5,0.5]}}},{"origin":[-0.33333,9.3333,-0.1667],"size":[0.33333,0.5,0.66667],"uv":{"down":{"uv":[14,25.5],"uv_size":[0.5,-0.5]},"east":{"uv":[12,25],"uv_size":[0.5,0.5]},"north":{"uv":[25,11],"uv_size":[0.5,0.5]},"south":{"uv":[25,12],"uv_size":[0.5,0.5]},"up":{"uv":[25,13],"uv_size":[0.5,0.5]},"west":{"uv":[13,25],"uv_size":[0.5,0.5]}}},{"origin":[-0.16667,12,-0.1667],"size":[0.16667,0.5,0.16667],"uv":{"down":{"uv":[17,25.5],"uv_size":[0.5,-0.5]},"east":{"uv":[15,25],"uv_size":[0.5,0.5]},"north":{"uv":[25,14],"uv_size":[0.5,0.5]},"south":{"uv":[25,15],"uv_size":[0.5,0.5]},"up":{"uv":[25,16],"uv_size":[0.5,0.5]},"west":{"uv":[16,25],"uv_size":[0.5,0.5]}}},{"origin":[-0.16667,12,0.3333],"size":[0.16667,0.5,0.16667],"uv":{"down":{"uv":[20,25.5],"uv_size":[0.5,-0.5]},"east":{"uv":[18,25],"uv_size":[0.5,0.5]},"north":{"uv":[25,17],"uv_size":[0.5,0.5]},"south":{"uv":[25,18],"uv_size":[0.5,0.5]},"up":{"uv":[25,19],"uv_size":[0.5,0.5]},"west":{"uv":[19,25],"uv_size":[0.5,0.5]}}},{"origin":[-0.16667,12.3333,0],"size":[0.16667,0.16667,0.33333],"uv":{"down":{"uv":[23,25.5],"uv_size":[0.5,-0.5]},"east":{"uv":[21,25],"uv_size":[0.5,0.5]},"north":{"uv":[25,20],"uv_size":[0.5,0.5]},"south":{"uv":[25,21],"uv_size":[0.5,0.5]},"up":{"uv":[25,22],"uv_size":[0.5,0.5]},"west":{"uv":[22,25],"uv_size":[0.5,0.5]}}},{"origin":[-0.33337,9.1667,-0.1667],"size":[0.16667,0.16667,0.16667],"uv":{"down":{"uv":[26,0.5],"uv_size":[0.5,-0.5]},"east":{"uv":[24,25],"uv_size":[0.5,0.5]},"north":{"uv":[25,23],"uv_size":[0.5,0.5]},"south":{"uv":[25,24],"uv_size":[0.5,0.5]},"up":{"uv":[0,26],"uv_size":[0.5,0.5]},"west":{"uv":[25,25],"uv_size":[0.5,0.5]}}},{"origin":[-0.33337,9.1667,0.3333],"size":[0.16667,0.16667,0.16667],"uv":{"down":{"uv":[26,3.5],"uv_size":[0.5,-0.5]},"east":{"uv":[26,1],"uv_size":[0.5,0.5]},"north":{"uv":[1,26],"uv_size":[0.5,0.5]},"south":{"uv":[2,26],"uv_size":[0.5,0.5]},"up":{"uv":[3,26],"uv_size":[0.5,0.5]},"west":{"uv":[26,2],"uv_size":[0.5,0.5]}}},{"origin":[-0.00003,11,0],"size":[0.33333,0.16667,0.33333],"uv":{"down":{"uv":[26,6.5],"uv_size":[0.5,-0.5]},"east":{"uv":[26,4],"uv_size":[0.5,0.5]},"north":{"uv":[4,26],"uv_size":[0.5,0.5]},"south":{"uv":[5,26],"uv_size":[0.5,0.5]},"up":{"uv":[6,26],"uv_size":[0.5,0.5]},"west":{"uv":[26,5],"uv_size":[0.5,0.5]}}},{"origin":[-0.00003,10.8333,0.3333],"size":[0.33333,0.33333,0.16667],"uv":{"down":{"uv":[26,9.5],"uv_size":[0.5,-0.5]},"east":{"uv":[26,7],"uv_size":[0.5,0.5]},"north":{"uv":[7,26],"uv_size":[0.5,0.5]},"south":{"uv":[8,26],"uv_size":[0.5,0.5]},"up":{"uv":[9,26],"uv_size":[0.5,0.5]},"west":{"uv":[26,8],"uv_size":[0.5,0.5]}}},{"origin":[-0.00003,10.8333,-0.1667],"size":[0.33333,0.33333,0.16667],"uv":{"down":{"uv":[26,12.5],"uv_size":[0.5,-0.5]},"east":{"uv":[26,10],"uv_size":[0.5,0.5]},"north":{"uv":[10,26],"uv_size":[0.5,0.5]},"south":{"uv":[11,26],"uv_size":[0.5,0.5]},"up":{"uv":[12,26],"uv_size":[0.5,0.5]},"west":{"uv":[26,11],"uv_size":[0.5,0.5]}}},{"origin":[-0.00003,10.3333,0.3333],"size":[0.33333,0.16667,0.16667],"uv":{"down":{"uv":[26,15.5],"uv_size":[0.5,-0.5]},"east":{"uv":[26,13],"uv_size":[0.5,0.5]},"north":{"uv":[13,26],"uv_size":[0.5,0.5]},"south":{"uv":[14,26],"uv_size":[0.5,0.5]},"up":{"uv":[15,26],"uv_size":[0.5,0.5]},"west":{"uv":[26,14],"uv_size":[0.5,0.5]}}},{"origin":[-0.00003,10.1667,0],"size":[0.33333,0.16667,0.5],"uv":{"down":{"uv":[26,18.5],"uv_size":[0.5,-0.5]},"east":{"uv":[26,16],"uv_size":[0.5,0.5]},"north":{"uv":[16,26],"uv_size":[0.5,0.5]},"south":{"uv":[17,26],"uv_size":[0.5,0.5]},"up":{"uv":[18,26],"uv_size":[0.5,0.5]},"west":{"uv":[26,17],"uv_size":[0.5,0.5]}}},{"origin":[-0.00003,10.1667,-0.1667],"size":[0.33333,0.33333,0.16667],"uv":{"down":{"uv":[26,21.5],"uv_size":[0.5,-0.5]},"east":{"uv":[26,19],"uv_size":[0.5,0.5]},"north":{"uv":[19,26],"uv_size":[0.5,0.5]},"south":{"uv":[20,26],"uv_size":[0.5,0.5]},"up":{"uv":[21,26],"uv_size":[0.5,0.5]},"west":{"uv":[26,20],"uv_size":[0.5,0.5]}}},{"origin":[-0.00003,8.6667,-0.1667],"size":[0.33333,0.33333,0.66667],"uv":{"down":{"uv":[26,24.5],"uv_size":[0.5,-0.5]},"east":{"uv":[26,22],"uv_size":[0.5,0.5]},"north":{"uv":[22,26],"uv_size":[0.5,0.5]},"south":{"uv":[23,26],"uv_size":[0.5,0.5]},"up":{"uv":[24,26],"uv_size":[0.5,0.5]},"west":{"uv":[26,23],"uv_size":[0.5,0.5]}}},{"origin":[-0.00003,7.6667,-0.1667],"size":[0.33333,0.33333,0.66667],"uv":{"down":{"uv":[1,27.5],"uv_size":[0.5,-0.5]},"east":{"uv":[26,25],"uv_size":[0.5,0.5]},"north":{"uv":[25,26],"uv_size":[0.5,0.5]},"south":{"uv":[26,26],"uv_size":[0.5,0.5]},"up":{"uv":[27,0],"uv_size":[0.5,0.5]},"west":{"uv":[0,27],"uv_size":[0.5,0.5]}}},{"origin":[-0.1667,7.5,0.3333],"size":[0.5,0.16667,0.16667],"uv":{"down":{"uv":[4,27.5],"uv_size":[0.5,-0.5]},"east":{"uv":[2,27],"uv_size":[0.5,0.5]},"north":{"uv":[27,1],"uv_size":[0.5,0.5]},"south":{"uv":[27,2],"uv_size":[0.5,0.5]},"up":{"uv":[27,3],"uv_size":[0.5,0.5]},"west":{"uv":[3,27],"uv_size":[0.5,0.5]}}},{"origin":[-0.1667,7.5,-0.1667],"size":[0.5,0.16667,0.16667],"uv":{"down":{"uv":[7,27.5],"uv_size":[0.5,-0.5]},"east":{"uv":[5,27],"uv_size":[0.5,0.5]},"north":{"uv":[27,4],"uv_size":[0.5,0.5]},"south":{"uv":[27,5],"uv_size":[0.5,0.5]},"up":{"uv":[27,6],"uv_size":[0.5,0.5]},"west":{"uv":[6,27],"uv_size":[0.5,0.5]}}},{"origin":[-0.00003,6.6667,-0.1667],"size":[0.33333,0.33333,0.66667],"uv":{"down":{"uv":[10,27.5],"uv_size":[0.5,-0.5]},"east":{"uv":[8,27],"uv_size":[0.5,0.5]},"north":{"uv":[27,7],"uv_size":[0.5,0.5]},"south":{"uv":[27,8],"uv_size":[0.5,0.5]},"up":{"uv":[27,9],"uv_size":[0.5,0.5]},"west":{"uv":[9,27],"uv_size":[0.5,0.5]}}},{"origin":[-0.00003,6,0.3333],"size":[0.33333,0.16667,0.16667],"uv":{"down":{"uv":[13,27.5],"uv_size":[0.5,-0.5]},"east":{"uv":[11,27],"uv_size":[0.5,0.5]},"north":{"uv":[27,10],"uv_size":[0.5,0.5]},"south":{"uv":[27,11],"uv_size":[0.5,0.5]},"up":{"uv":[27,12],"uv_size":[0.5,0.5]},"west":{"uv":[12,27],"uv_size":[0.5,0.5]}}},{"origin":[-0.00003,6,-0.1667],"size":[0.33333,0.16667,0.16667],"uv":{"down":{"uv":[16,27.5],"uv_size":[0.5,-0.5]},"east":{"uv":[14,27],"uv_size":[0.5,0.5]},"north":{"uv":[27,13],"uv_size":[0.5,0.5]},"south":{"uv":[27,14],"uv_size":[0.5,0.5]},"up":{"uv":[27,15],"uv_size":[0.5,0.5]},"west":{"uv":[15,27],"uv_size":[0.5,0.5]}}},{"origin":[-0.1667,5.8333,-0.1667],"size":[0.5,0.16667,0.66667],"uv":{"down":{"uv":[19,27.5],"uv_size":[0.5,-0.5]},"east":{"uv":[17,27],"uv_size":[0.5,0.5]},"north":{"uv":[27,16],"uv_size":[0.5,0.5]},"south":{"uv":[27,17],"uv_size":[0.5,0.5]},"up":{"uv":[27,18],"uv_size":[0.5,0.5]},"west":{"uv":[18,27],"uv_size":[0.5,0.5]}}},{"origin":[0.16667,10.6667,0.3333],"size":[0.33333,0.16667,0.16667],"uv":{"down":{"uv":[22,27.5],"uv_size":[0.5,-0.5]},"east":{"uv":[20,27],"uv_size":[0.5,0.5]},"north":{"uv":[27,19],"uv_size":[0.5,0.5]},"south":{"uv":[27,20],"uv_size":[0.5,0.5]},"up":{"uv":[27,21],"uv_size":[0.5,0.5]},"west":{"uv":[21,27],"uv_size":[0.5,0.5]}}},{"origin":[0.16667,10.5,0],"size":[0.33333,0.16667,0.5],"uv":{"down":{"uv":[25,27.5],"uv_size":[0.5,-0.5]},"east":{"uv":[23,27],"uv_size":[0.5,0.5]},"north":{"uv":[27,22],"uv_size":[0.5,0.5]},"south":{"uv":[27,23],"uv_size":[0.5,0.5]},"up":{"uv":[27,24],"uv_size":[0.5,0.5]},"west":{"uv":[24,27],"uv_size":[0.5,0.5]}}},{"origin":[0.16667,10.5,-0.1667],"size":[0.33333,0.33333,0.16667],"uv":{"down":{"uv":[28,0.5],"uv_size":[0.5,-0.5]},"east":{"uv":[26,27],"uv_size":[0.5,0.5]},"north":{"uv":[27,25],"uv_size":[0.5,0.5]},"south":{"uv":[27,26],"uv_size":[0.5,0.5]},"up":{"uv":[0,28],"uv_size":[0.5,0.5]},"west":{"uv":[27,27],"uv_size":[0.5,0.5]}}},{"origin":[0.16667,8.3333,0],"size":[0.33333,0.33333,0.33333],"uv":{"down":{"uv":[28,3.5],"uv_size":[0.5,-0.5]},"east":{"uv":[28,1],"uv_size":[0.5,0.5]},"north":{"uv":[1,28],"uv_size":[0.5,0.5]},"south":{"uv":[2,28],"uv_size":[0.5,0.5]},"up":{"uv":[3,28],"uv_size":[0.5,0.5]},"west":{"uv":[28,2],"uv_size":[0.5,0.5]}}},{"origin":[0.16667,8.1667,-0.1667],"size":[0.33333,0.5,0.16667],"uv":{"down":{"uv":[28,6.5],"uv_size":[0.5,-0.5]},"east":{"uv":[28,4],"uv_size":[0.5,0.5]},"north":{"uv":[4,28],"uv_size":[0.5,0.5]},"south":{"uv":[5,28],"uv_size":[0.5,0.5]},"up":{"uv":[6,28],"uv_size":[0.5,0.5]},"west":{"uv":[28,5],"uv_size":[0.5,0.5]}}},{"origin":[0,8,-0.1667],"size":[0.5,0.16667,0.66667],"uv":{"down":{"uv":[28,9.5],"uv_size":[0.5,-0.5]},"east":{"uv":[28,7],"uv_size":[0.5,0.5]},"north":{"uv":[7,28],"uv_size":[0.5,0.5]},"south":{"uv":[8,28],"uv_size":[0.5,0.5]},"up":{"uv":[9,28],"uv_size":[0.5,0.5]},"west":{"uv":[28,8],"uv_size":[0.5,0.5]}}},{"origin":[0.16667,8.1667,0.3333],"size":[0.33333,0.5,0.16667],"uv":{"down":{"uv":[28,12.5],"uv_size":[0.5,-0.5]},"east":{"uv":[28,10],"uv_size":[0.5,0.5]},"north":{"uv":[10,28],"uv_size":[0.5,0.5]},"south":{"uv":[11,28],"uv_size":[0.5,0.5]},"up":{"uv":[12,28],"uv_size":[0.5,0.5]},"west":{"uv":[28,11],"uv_size":[0.5,0.5]}}},{"origin":[0,6.5,0],"size":[0.5,0.16667,0.33333],"uv":{"down":{"uv":[28,15.5],"uv_size":[0.5,-0.5]},"east":{"uv":[28,13],"uv_size":[0.5,0.5]},"north":{"uv":[13,28],"uv_size":[0.5,0.5]},"south":{"uv":[14,28],"uv_size":[0.5,0.5]},"up":{"uv":[15,28],"uv_size":[0.5,0.5]},"west":{"uv":[28,14],"uv_size":[0.5,0.5]}}},{"origin":[0.16667,6.3333,0.3333],"size":[0.33333,0.33333,0.16667],"uv":{"down":{"uv":[28,18.5],"uv_size":[0.5,-0.5]},"east":{"uv":[28,16],"uv_size":[0.5,0.5]},"north":{"uv":[16,28],"uv_size":[0.5,0.5]},"south":{"uv":[17,28],"uv_size":[0.5,0.5]},"up":{"uv":[18,28],"uv_size":[0.5,0.5]},"west":{"uv":[28,17],"uv_size":[0.5,0.5]}}},{"origin":[0,6.1667,-0.1667],"size":[0.5,0.16667,0.66667],"uv":{"down":{"uv":[28,21.5],"uv_size":[0.5,-0.5]},"east":{"uv":[28,19],"uv_size":[0.5,0.5]},"north":{"uv":[19,28],"uv_size":[0.5,0.5]},"south":{"uv":[20,28],"uv_size":[0.5,0.5]},"up":{"uv":[21,28],"uv_size":[0.5,0.5]},"west":{"uv":[28,20],"uv_size":[0.5,0.5]}}},{"origin":[0.16667,6.3333,-0.1667],"size":[0.33333,0.33333,0.16667],"uv":{"down":{"uv":[28,24.5],"uv_size":[0.5,-0.5]},"east":{"uv":[28,22],"uv_size":[0.5,0.5]},"north":{"uv":[22,28],"uv_size":[0.5,0.5]},"south":{"uv":[23,28],"uv_size":[0.5,0.5]},"up":{"uv":[24,28],"uv_size":[0.5,0.5]},"west":{"uv":[28,23],"uv_size":[0.5,0.5]}}},{"origin":[-0.3333,6,0],"size":[1.5,0.16667,0.33333],"uv":{"down":{"uv":[9,7.5],"uv_size":[1.5,-0.5]},"east":{"uv":[25,28],"uv_size":[0.5,0.5]},"north":{"uv":[5,9],"uv_size":[1.5,0.5]},"south":{"uv":[9,5],"uv_size":[1.5,0.5]},"up":{"uv":[9,6],"uv_size":[1.5,0.5]},"west":{"uv":[28,25],"uv_size":[0.5,0.5]}}},{"origin":[0.5,6.1667,0],"size":[0.5,0.16667,0.33333],"uv":{"down":{"uv":[0,29.5],"uv_size":[0.5,-0.5]},"east":{"uv":[28,26],"uv_size":[0.5,0.5]},"north":{"uv":[26,28],"uv_size":[0.5,0.5]},"south":{"uv":[27,28],"uv_size":[0.5,0.5]},"up":{"uv":[28,28],"uv_size":[0.5,0.5]},"west":{"uv":[28,27],"uv_size":[0.5,0.5]}}},{"origin":[-0.16667,8.1667,0],"size":[1.16667,0.16667,0.33333],"uv":{"down":{"uv":[13,15.5],"uv_size":[1,-0.5]},"east":{"uv":[29,0],"uv_size":[0.5,0.5]},"north":{"uv":[15,11],"uv_size":[1,0.5]},"south":{"uv":[12,15],"uv_size":[1,0.5]},"up":{"uv":[15,12],"uv_size":[1,0.5]},"west":{"uv":[1,29],"uv_size":[0.5,0.5]}}},{"origin":[-0.33333,10.3333,0],"size":[1.33333,0.16667,0.33333],"uv":{"down":{"uv":[10,0.5],"uv_size":[1.5,-0.5]},"east":{"uv":[29,1],"uv_size":[0.5,0.5]},"north":{"uv":[9,8],"uv_size":[1.5,0.5]},"south":{"uv":[9,9],"uv_size":[1.5,0.5]},"up":{"uv":[0,10],"uv_size":[1.5,0.5]},"west":{"uv":[2,29],"uv_size":[0.5,0.5]}}},{"origin":[-0.50003,6.3333,0],"size":[1.33333,0.16667,0.33333],"uv":{"down":{"uv":[7,10.5],"uv_size":[1.5,-0.5]},"east":{"uv":[29,2],"uv_size":[0.5,0.5]},"north":{"uv":[10,1],"uv_size":[1.5,0.5]},"south":{"uv":[3,10],"uv_size":[1.5,0.5]},"up":{"uv":[5,10],"uv_size":[1.5,0.5]},"west":{"uv":[3,29],"uv_size":[0.5,0.5]}}},{"origin":[0.49997,8,0],"size":[0.33333,0.16667,0.33333],"uv":{"down":{"uv":[6,29.5],"uv_size":[0.5,-0.5]},"east":{"uv":[4,29],"uv_size":[0.5,0.5]},"north":{"uv":[29,3],"uv_size":[0.5,0.5]},"south":{"uv":[29,4],"uv_size":[0.5,0.5]},"up":{"uv":[29,5],"uv_size":[0.5,0.5]},"west":{"uv":[5,29],"uv_size":[0.5,0.5]}}},{"origin":[0.49997,10.5,0],"size":[0.33333,0.16667,0.33333],"uv":{"down":{"uv":[9,29.5],"uv_size":[0.5,-0.5]},"east":{"uv":[7,29],"uv_size":[0.5,0.5]},"north":{"uv":[29,6],"uv_size":[0.5,0.5]},"south":{"uv":[29,7],"uv_size":[0.5,0.5]},"up":{"uv":[29,8],"uv_size":[0.5,0.5]},"west":{"uv":[8,29],"uv_size":[0.5,0.5]}}},{"origin":[0.33337,5.8333,0],"size":[0.33333,0.16667,0.33333],"uv":{"down":{"uv":[12,29.5],"uv_size":[0.5,-0.5]},"east":{"uv":[10,29],"uv_size":[0.5,0.5]},"north":{"uv":[29,9],"uv_size":[0.5,0.5]},"south":{"uv":[29,10],"uv_size":[0.5,0.5]},"up":{"uv":[29,11],"uv_size":[0.5,0.5]},"west":{"uv":[11,29],"uv_size":[0.5,0.5]}}},{"origin":[0.33337,6,-0.1667],"size":[0.33333,0.16667,0.16667],"uv":{"down":{"uv":[15,29.5],"uv_size":[0.5,-0.5]},"east":{"uv":[13,29],"uv_size":[0.5,0.5]},"north":{"uv":[29,12],"uv_size":[0.5,0.5]},"south":{"uv":[29,13],"uv_size":[0.5,0.5]},"up":{"uv":[29,14],"uv_size":[0.5,0.5]},"west":{"uv":[14,29],"uv_size":[0.5,0.5]}}},{"origin":[0.33337,6,0.3333],"size":[0.33333,0.16667,0.16667],"uv":{"down":{"uv":[18,29.5],"uv_size":[0.5,-0.5]},"east":{"uv":[16,29],"uv_size":[0.5,0.5]},"north":{"uv":[29,15],"uv_size":[0.5,0.5]},"south":{"uv":[29,16],"uv_size":[0.5,0.5]},"up":{"uv":[29,17],"uv_size":[0.5,0.5]},"west":{"uv":[17,29],"uv_size":[0.5,0.5]}}},{"origin":[0.50003,6.1667,-0.1667],"size":[0.16667,0.5,0.16667],"uv":{"down":{"uv":[21,29.5],"uv_size":[0.5,-0.5]},"east":{"uv":[19,29],"uv_size":[0.5,0.5]},"north":{"uv":[29,18],"uv_size":[0.5,0.5]},"south":{"uv":[29,19],"uv_size":[0.5,0.5]},"up":{"uv":[29,20],"uv_size":[0.5,0.5]},"west":{"uv":[20,29],"uv_size":[0.5,0.5]}}},{"origin":[0.50003,6.1667,0.3333],"size":[0.16667,0.5,0.16667],"uv":{"down":{"uv":[24,29.5],"uv_size":[0.5,-0.5]},"east":{"uv":[22,29],"uv_size":[0.5,0.5]},"north":{"uv":[29,21],"uv_size":[0.5,0.5]},"south":{"uv":[29,22],"uv_size":[0.5,0.5]},"up":{"uv":[29,23],"uv_size":[0.5,0.5]},"west":{"uv":[23,29],"uv_size":[0.5,0.5]}}},{"origin":[0.50003,6.5,0],"size":[0.16667,0.5,0.33333],"uv":{"down":{"uv":[27,29.5],"uv_size":[0.5,-0.5]},"east":{"uv":[25,29],"uv_size":[0.5,0.5]},"north":{"uv":[29,24],"uv_size":[0.5,0.5]},"south":{"uv":[29,25],"uv_size":[0.5,0.5]},"up":{"uv":[29,26],"uv_size":[0.5,0.5]},"west":{"uv":[26,29],"uv_size":[0.5,0.5]}}},{"origin":[-0.49997,7.3333,0],"size":[1.16667,0.33333,0.33333],"uv":{"down":{"uv":[15,15.5],"uv_size":[1,-0.5]},"east":{"uv":[29,27],"uv_size":[0.5,0.5]},"north":{"uv":[15,13],"uv_size":[1,0.5]},"south":{"uv":[14,15],"uv_size":[1,0.5]},"up":{"uv":[15,14],"uv_size":[1,0.5]},"west":{"uv":[28,29],"uv_size":[0.5,0.5]}}},{"origin":[0.33337,7.6667,0],"size":[0.33333,0.33333,0.33333],"uv":{"down":{"uv":[30,1.5],"uv_size":[0.5,-0.5]},"east":{"uv":[29,29],"uv_size":[0.5,0.5]},"north":{"uv":[29,28],"uv_size":[0.5,0.5]},"south":{"uv":[0,30],"uv_size":[0.5,0.5]},"up":{"uv":[1,30],"uv_size":[0.5,0.5]},"west":{"uv":[30,0],"uv_size":[0.5,0.5]}}},{"origin":[0.50003,8,-0.1667],"size":[0.16667,0.66667,0.16667],"uv":{"down":{"uv":[30,4.5],"uv_size":[0.5,-0.5]},"east":{"uv":[30,2],"uv_size":[0.5,0.5]},"north":{"uv":[2,30],"uv_size":[0.5,0.5]},"south":{"uv":[3,30],"uv_size":[0.5,0.5]},"up":{"uv":[4,30],"uv_size":[0.5,0.5]},"west":{"uv":[30,3],"uv_size":[0.5,0.5]}}},{"origin":[0.50003,8,0.3333],"size":[0.16667,0.66667,0.16667],"uv":{"down":{"uv":[30,7.5],"uv_size":[0.5,-0.5]},"east":{"uv":[30,5],"uv_size":[0.5,0.5]},"north":{"uv":[5,30],"uv_size":[0.5,0.5]},"south":{"uv":[6,30],"uv_size":[0.5,0.5]},"up":{"uv":[7,30],"uv_size":[0.5,0.5]},"west":{"uv":[30,6],"uv_size":[0.5,0.5]}}},{"origin":[0.50003,8.3333,0],"size":[0.16667,0.5,0.33333],"uv":{"down":{"uv":[30,10.5],"uv_size":[0.5,-0.5]},"east":{"uv":[30,8],"uv_size":[0.5,0.5]},"north":{"uv":[8,30],"uv_size":[0.5,0.5]},"south":{"uv":[9,30],"uv_size":[0.5,0.5]},"up":{"uv":[10,30],"uv_size":[0.5,0.5]},"west":{"uv":[30,9],"uv_size":[0.5,0.5]}}},{"origin":[0.33337,10.1667,0],"size":[0.33333,0.16667,0.33333],"uv":{"down":{"uv":[30,13.5],"uv_size":[0.5,-0.5]},"east":{"uv":[30,11],"uv_size":[0.5,0.5]},"north":{"uv":[11,30],"uv_size":[0.5,0.5]},"south":{"uv":[12,30],"uv_size":[0.5,0.5]},"up":{"uv":[13,30],"uv_size":[0.5,0.5]},"west":{"uv":[30,12],"uv_size":[0.5,0.5]}}},{"origin":[0.33337,10.3333,-0.1667],"size":[0.33333,0.16667,0.16667],"uv":{"down":{"uv":[30,16.5],"uv_size":[0.5,-0.5]},"east":{"uv":[30,14],"uv_size":[0.5,0.5]},"north":{"uv":[14,30],"uv_size":[0.5,0.5]},"south":{"uv":[15,30],"uv_size":[0.5,0.5]},"up":{"uv":[16,30],"uv_size":[0.5,0.5]},"west":{"uv":[30,15],"uv_size":[0.5,0.5]}}},{"origin":[0.33337,10.3333,0.3333],"size":[0.33333,0.16667,0.16667],"uv":{"down":{"uv":[30,19.5],"uv_size":[0.5,-0.5]},"east":{"uv":[30,17],"uv_size":[0.5,0.5]},"north":{"uv":[17,30],"uv_size":[0.5,0.5]},"south":{"uv":[18,30],"uv_size":[0.5,0.5]},"up":{"uv":[19,30],"uv_size":[0.5,0.5]},"west":{"uv":[30,18],"uv_size":[0.5,0.5]}}},{"origin":[0.50003,10.5,-0.1667],"size":[0.16667,0.33333,0.16667],"uv":{"down":{"uv":[30,22.5],"uv_size":[0.5,-0.5]},"east":{"uv":[30,20],"uv_size":[0.5,0.5]},"north":{"uv":[20,30],"uv_size":[0.5,0.5]},"south":{"uv":[21,30],"uv_size":[0.5,0.5]},"up":{"uv":[22,30],"uv_size":[0.5,0.5]},"west":{"uv":[30,21],"uv_size":[0.5,0.5]}}},{"origin":[0.50003,10.5,0.3333],"size":[0.16667,0.33333,0.16667],"uv":{"down":{"uv":[30,25.5],"uv_size":[0.5,-0.5]},"east":{"uv":[30,23],"uv_size":[0.5,0.5]},"north":{"uv":[23,30],"uv_size":[0.5,0.5]},"south":{"uv":[24,30],"uv_size":[0.5,0.5]},"up":{"uv":[25,30],"uv_size":[0.5,0.5]},"west":{"uv":[30,24],"uv_size":[0.5,0.5]}}},{"origin":[-0.16663,10.6667,0],"size":[0.83333,0.33333,0.33333],"uv":{"down":{"uv":[16,1.5],"uv_size":[1,-0.5]},"east":{"uv":[26,30],"uv_size":[0.5,0.5]},"north":{"uv":[0,16],"uv_size":[1,0.5]},"south":{"uv":[16,0],"uv_size":[1,0.5]},"up":{"uv":[1,16],"uv_size":[1,0.5]},"west":{"uv":[30,26],"uv_size":[0.5,0.5]}}},{"origin":[0.16667,5.6667,-0.1667],"size":[0.33333,0.16667,0.66667],"uv":{"down":{"uv":[30,29.5],"uv_size":[0.5,-0.5]},"east":{"uv":[30,27],"uv_size":[0.5,0.5]},"north":{"uv":[27,30],"uv_size":[0.5,0.5]},"south":{"uv":[28,30],"uv_size":[0.5,0.5]},"up":{"uv":[29,30],"uv_size":[0.5,0.5]},"west":{"uv":[30,28],"uv_size":[0.5,0.5]}}},{"origin":[0.33333,5.8333,-0.1667],"size":[0.16667,0.16667,0.16667],"uv":{"down":{"uv":[2,31.5],"uv_size":[0.5,-0.5]},"east":{"uv":[0,31],"uv_size":[0.5,0.5]},"north":{"uv":[30,30],"uv_size":[0.5,0.5]},"south":{"uv":[31,0],"uv_size":[0.5,0.5]},"up":{"uv":[31,1],"uv_size":[0.5,0.5]},"west":{"uv":[1,31],"uv_size":[0.5,0.5]}}},{"origin":[0.33333,5.8333,0.3333],"size":[0.16667,0.16667,0.16667],"uv":{"down":{"uv":[5,31.5],"uv_size":[0.5,-0.5]},"east":{"uv":[3,31],"uv_size":[0.5,0.5]},"north":{"uv":[31,2],"uv_size":[0.5,0.5]},"south":{"uv":[31,3],"uv_size":[0.5,0.5]},"up":{"uv":[31,4],"uv_size":[0.5,0.5]},"west":{"uv":[4,31],"uv_size":[0.5,0.5]}}},{"origin":[0.33333,6.6667,-0.1667],"size":[0.16667,0.33333,0.66667],"uv":{"down":{"uv":[8,31.5],"uv_size":[0.5,-0.5]},"east":{"uv":[6,31],"uv_size":[0.5,0.5]},"north":{"uv":[31,5],"uv_size":[0.5,0.5]},"south":{"uv":[31,6],"uv_size":[0.5,0.5]},"up":{"uv":[31,7],"uv_size":[0.5,0.5]},"west":{"uv":[7,31],"uv_size":[0.5,0.5]}}},{"origin":[-1,7,0],"size":[1.5,0.16667,0.33333],"uv":{"down":{"uv":[11,2.5],"uv_size":[1.5,-0.5]},"east":{"uv":[31,8],"uv_size":[0.5,0.5]},"north":{"uv":[9,10],"uv_size":[1.5,0.5]},"south":{"uv":[0,11],"uv_size":[1.5,0.5]},"up":{"uv":[2,11],"uv_size":[1.5,0.5]},"west":{"uv":[9,31],"uv_size":[0.5,0.5]}}},{"origin":[0.16667,7.1667,0],"size":[0.33333,0.16667,0.33333],"uv":{"down":{"uv":[12,31.5],"uv_size":[0.5,-0.5]},"east":{"uv":[10,31],"uv_size":[0.5,0.5]},"north":{"uv":[31,9],"uv_size":[0.5,0.5]},"south":{"uv":[31,10],"uv_size":[0.5,0.5]},"up":{"uv":[31,11],"uv_size":[0.5,0.5]},"west":{"uv":[11,31],"uv_size":[0.5,0.5]}}},{"origin":[0.16667,7.3333,-0.1667],"size":[0.33333,0.16667,0.16667],"uv":{"down":{"uv":[15,31.5],"uv_size":[0.5,-0.5]},"east":{"uv":[13,31],"uv_size":[0.5,0.5]},"north":{"uv":[31,12],"uv_size":[0.5,0.5]},"south":{"uv":[31,13],"uv_size":[0.5,0.5]},"up":{"uv":[31,14],"uv_size":[0.5,0.5]},"west":{"uv":[14,31],"uv_size":[0.5,0.5]}}},{"origin":[0.16667,7.3333,0.3333],"size":[0.33333,0.16667,0.16667],"uv":{"down":{"uv":[18,31.5],"uv_size":[0.5,-0.5]},"east":{"uv":[16,31],"uv_size":[0.5,0.5]},"north":{"uv":[31,15],"uv_size":[0.5,0.5]},"south":{"uv":[31,16],"uv_size":[0.5,0.5]},"up":{"uv":[31,17],"uv_size":[0.5,0.5]},"west":{"uv":[17,31],"uv_size":[0.5,0.5]}}},{"origin":[0.33333,7.5,-0.1667],"size":[0.16667,0.5,0.16667],"uv":{"down":{"uv":[21,31.5],"uv_size":[0.5,-0.5]},"east":{"uv":[19,31],"uv_size":[0.5,0.5]},"north":{"uv":[31,18],"uv_size":[0.5,0.5]},"south":{"uv":[31,19],"uv_size":[0.5,0.5]},"up":{"uv":[31,20],"uv_size":[0.5,0.5]},"west":{"uv":[20,31],"uv_size":[0.5,0.5]}}},{"origin":[0.33333,7.5,0.3333],"size":[0.16667,0.5,0.16667],"uv":{"down":{"uv":[24,31.5],"uv_size":[0.5,-0.5]},"east":{"uv":[22,31],"uv_size":[0.5,0.5]},"north":{"uv":[31,21],"uv_size":[0.5,0.5]},"south":{"uv":[31,22],"uv_size":[0.5,0.5]},"up":{"uv":[31,23],"uv_size":[0.5,0.5]},"west":{"uv":[23,31],"uv_size":[0.5,0.5]}}},{"origin":[0.33333,8.6667,-0.1667],"size":[0.16667,0.33333,0.66667],"uv":{"down":{"uv":[27,31.5],"uv_size":[0.5,-0.5]},"east":{"uv":[25,31],"uv_size":[0.5,0.5]},"north":{"uv":[31,24],"uv_size":[0.5,0.5]},"south":{"uv":[31,25],"uv_size":[0.5,0.5]},"up":{"uv":[31,26],"uv_size":[0.5,0.5]},"west":{"uv":[26,31],"uv_size":[0.5,0.5]}}},{"origin":[-0.5,9,0],"size":[1,0.16667,0.33333],"uv":{"down":{"uv":[16,3.5],"uv_size":[1,-0.5]},"east":{"uv":[31,27],"uv_size":[0.5,0.5]},"north":{"uv":[2,16],"uv_size":[1,0.5]},"south":{"uv":[16,2],"uv_size":[1,0.5]},"up":{"uv":[3,16],"uv_size":[1,0.5]},"west":{"uv":[28,31],"uv_size":[0.5,0.5]}}},{"origin":[-0.66667,9.8333,0],"size":[1.16667,0.16667,0.33333],"uv":{"down":{"uv":[16,5.5],"uv_size":[1,-0.5]},"east":{"uv":[31,28],"uv_size":[0.5,0.5]},"north":{"uv":[4,16],"uv_size":[1,0.5]},"south":{"uv":[16,4],"uv_size":[1,0.5]},"up":{"uv":[5,16],"uv_size":[1,0.5]},"west":{"uv":[29,31],"uv_size":[0.5,0.5]}}},{"origin":[0.16667,10,0],"size":[0.33333,0.16667,0.33333],"uv":{"down":{"uv":[32,0.5],"uv_size":[0.5,-0.5]},"east":{"uv":[30,31],"uv_size":[0.5,0.5]},"north":{"uv":[31,29],"uv_size":[0.5,0.5]},"south":{"uv":[31,30],"uv_size":[0.5,0.5]},"up":{"uv":[0,32],"uv_size":[0.5,0.5]},"west":{"uv":[31,31],"uv_size":[0.5,0.5]}}},{"origin":[0.33333,10.1667,-0.1667],"size":[0.16667,0.16667,0.16667],"uv":{"down":{"uv":[32,3.5],"uv_size":[0.5,-0.5]},"east":{"uv":[32,1],"uv_size":[0.5,0.5]},"north":{"uv":[1,32],"uv_size":[0.5,0.5]},"south":{"uv":[2,32],"uv_size":[0.5,0.5]},"up":{"uv":[3,32],"uv_size":[0.5,0.5]},"west":{"uv":[32,2],"uv_size":[0.5,0.5]}}},{"origin":[0.33333,10.1667,0.3333],"size":[0.16667,0.16667,0.16667],"uv":{"down":{"uv":[32,6.5],"uv_size":[0.5,-0.5]},"east":{"uv":[32,4],"uv_size":[0.5,0.5]},"north":{"uv":[4,32],"uv_size":[0.5,0.5]},"south":{"uv":[5,32],"uv_size":[0.5,0.5]},"up":{"uv":[6,32],"uv_size":[0.5,0.5]},"west":{"uv":[32,5],"uv_size":[0.5,0.5]}}},{"origin":[0.33333,10.8333,-0.1667],"size":[0.16667,0.33333,0.16667],"uv":{"down":{"uv":[32,9.5],"uv_size":[0.5,-0.5]},"east":{"uv":[32,7],"uv_size":[0.5,0.5]},"north":{"uv":[7,32],"uv_size":[0.5,0.5]},"south":{"uv":[8,32],"uv_size":[0.5,0.5]},"up":{"uv":[9,32],"uv_size":[0.5,0.5]},"west":{"uv":[32,8],"uv_size":[0.5,0.5]}}},{"origin":[0.33333,10.8333,0.3333],"size":[0.16667,0.33333,0.16667],"uv":{"down":{"uv":[32,12.5],"uv_size":[0.5,-0.5]},"east":{"uv":[32,10],"uv_size":[0.5,0.5]},"north":{"uv":[10,32],"uv_size":[0.5,0.5]},"south":{"uv":[11,32],"uv_size":[0.5,0.5]},"up":{"uv":[12,32],"uv_size":[0.5,0.5]},"west":{"uv":[32,11],"uv_size":[0.5,0.5]}}},{"origin":[0.33333,11,0],"size":[0.16667,0.83333,0.33333],"uv":{"down":{"uv":[32,13.5],"uv_size":[0.5,-0.5]},"east":{"uv":[16,6],"uv_size":[0.5,1]},"north":{"uv":[6,16],"uv_size":[0.5,1]},"south":{"uv":[7,16],"uv_size":[0.5,1]},"up":{"uv":[13,32],"uv_size":[0.5,0.5]},"west":{"uv":[16,7],"uv_size":[0.5,1]}}},{"origin":[0.16663,5.3333,-0.1667],"size":[0.16667,0.33333,0.66667],"uv":{"down":{"uv":[32,16.5],"uv_size":[0.5,-0.5]},"east":{"uv":[32,14],"uv_size":[0.5,0.5]},"north":{"uv":[14,32],"uv_size":[0.5,0.5]},"south":{"uv":[15,32],"uv_size":[0.5,0.5]},"up":{"uv":[16,32],"uv_size":[0.5,0.5]},"west":{"uv":[32,15],"uv_size":[0.5,0.5]}}},{"origin":[0.16663,7,-0.1667],"size":[0.16667,0.33333,0.16667],"uv":{"down":{"uv":[32,19.5],"uv_size":[0.5,-0.5]},"east":{"uv":[32,17],"uv_size":[0.5,0.5]},"north":{"uv":[17,32],"uv_size":[0.5,0.5]},"south":{"uv":[18,32],"uv_size":[0.5,0.5]},"up":{"uv":[19,32],"uv_size":[0.5,0.5]},"west":{"uv":[32,18],"uv_size":[0.5,0.5]}}},{"origin":[0.16663,7,0.3333],"size":[0.16667,0.33333,0.16667],"uv":{"down":{"uv":[32,22.5],"uv_size":[0.5,-0.5]},"east":{"uv":[32,20],"uv_size":[0.5,0.5]},"north":{"uv":[20,32],"uv_size":[0.5,0.5]},"south":{"uv":[21,32],"uv_size":[0.5,0.5]},"up":{"uv":[22,32],"uv_size":[0.5,0.5]},"west":{"uv":[32,21],"uv_size":[0.5,0.5]}}},{"origin":[0.16663,9,-0.1667],"size":[0.16667,0.33333,0.16667],"uv":{"down":{"uv":[32,25.5],"uv_size":[0.5,-0.5]},"east":{"uv":[32,23],"uv_size":[0.5,0.5]},"north":{"uv":[23,32],"uv_size":[0.5,0.5]},"south":{"uv":[24,32],"uv_size":[0.5,0.5]},"up":{"uv":[25,32],"uv_size":[0.5,0.5]},"west":{"uv":[32,24],"uv_size":[0.5,0.5]}}},{"origin":[0.16663,9,0.3333],"size":[0.16667,0.33333,0.16667],"uv":{"down":{"uv":[32,28.5],"uv_size":[0.5,-0.5]},"east":{"uv":[32,26],"uv_size":[0.5,0.5]},"north":{"uv":[26,32],"uv_size":[0.5,0.5]},"south":{"uv":[27,32],"uv_size":[0.5,0.5]},"up":{"uv":[28,32],"uv_size":[0.5,0.5]},"west":{"uv":[32,27],"uv_size":[0.5,0.5]}}},{"origin":[0.16663,9.1667,0],"size":[0.16667,0.33333,0.33333],"uv":{"down":{"uv":[32,31.5],"uv_size":[0.5,-0.5]},"east":{"uv":[32,29],"uv_size":[0.5,0.5]},"north":{"uv":[29,32],"uv_size":[0.5,0.5]},"south":{"uv":[30,32],"uv_size":[0.5,0.5]},"up":{"uv":[31,32],"uv_size":[0.5,0.5]},"west":{"uv":[32,30],"uv_size":[0.5,0.5]}}},{"origin":[-0.00003,9.6667,0],"size":[0.33333,0.16667,0.33333],"uv":{"down":{"uv":[2,33.5],"uv_size":[0.5,-0.5]},"east":{"uv":[0,33],"uv_size":[0.5,0.5]},"north":{"uv":[32,32],"uv_size":[0.5,0.5]},"south":{"uv":[33,0],"uv_size":[0.5,0.5]},"up":{"uv":[33,1],"uv_size":[0.5,0.5]},"west":{"uv":[1,33],"uv_size":[0.5,0.5]}}},{"origin":[0.16663,9.8333,-0.1667],"size":[0.16667,0.33333,0.16667],"uv":{"down":{"uv":[5,33.5],"uv_size":[0.5,-0.5]},"east":{"uv":[3,33],"uv_size":[0.5,0.5]},"north":{"uv":[33,2],"uv_size":[0.5,0.5]},"south":{"uv":[33,3],"uv_size":[0.5,0.5]},"up":{"uv":[33,4],"uv_size":[0.5,0.5]},"west":{"uv":[4,33],"uv_size":[0.5,0.5]}}},{"origin":[0.16663,9.8333,0.3333],"size":[0.16667,0.33333,0.16667],"uv":{"down":{"uv":[8,33.5],"uv_size":[0.5,-0.5]},"east":{"uv":[6,33],"uv_size":[0.5,0.5]},"north":{"uv":[33,5],"uv_size":[0.5,0.5]},"south":{"uv":[33,6],"uv_size":[0.5,0.5]},"up":{"uv":[33,7],"uv_size":[0.5,0.5]},"west":{"uv":[7,33],"uv_size":[0.5,0.5]}}},{"origin":[0.16663,11.1667,-0.1667],"size":[0.16667,0.83333,0.66667],"uv":{"down":{"uv":[9,33.5],"uv_size":[0.5,-0.5]},"east":{"uv":[16,8],"uv_size":[0.5,1]},"north":{"uv":[8,16],"uv_size":[0.5,1]},"south":{"uv":[9,16],"uv_size":[0.5,1]},"up":{"uv":[33,8],"uv_size":[0.5,0.5]},"west":{"uv":[16,9],"uv_size":[0.5,1]}}},{"origin":[-0.50003,12,0],"size":[0.83333,0.33333,0.33333],"uv":{"down":{"uv":[16,11.5],"uv_size":[1,-0.5]},"east":{"uv":[33,9],"uv_size":[0.5,0.5]},"north":{"uv":[10,16],"uv_size":[1,0.5]},"south":{"uv":[16,10],"uv_size":[1,0.5]},"up":{"uv":[11,16],"uv_size":[1,0.5]},"west":{"uv":[10,33],"uv_size":[0.5,0.5]}}},{"origin":[-0.00003,12.3333,0],"size":[0.33333,2.5,0.33333],"uv":{"down":{"uv":[11,33.5],"uv_size":[0.5,-0.5]},"east":{"uv":[4,0],"uv_size":[0.5,2.5]},"north":{"uv":[0,4],"uv_size":[0.5,2.5]},"south":{"uv":[1,4],"uv_size":[0.5,2.5]},"up":{"uv":[33,10],"uv_size":[0.5,0.5]},"west":{"uv":[2,4],"uv_size":[0.5,2.5]}}},{"origin":[-0.16663,6.3333,-0.1667],"size":[0.33333,0.16667,0.16667],"uv":{"down":{"uv":[14,33.5],"uv_size":[0.5,-0.5]},"east":{"uv":[12,33],"uv_size":[0.5,0.5]},"north":{"uv":[33,11],"uv_size":[0.5,0.5]},"south":{"uv":[33,12],"uv_size":[0.5,0.5]},"up":{"uv":[33,13],"uv_size":[0.5,0.5]},"west":{"uv":[13,33],"uv_size":[0.5,0.5]}}},{"origin":[-0.16663,6.3333,0.3333],"size":[0.33333,0.16667,0.16667],"uv":{"down":{"uv":[17,33.5],"uv_size":[0.5,-0.5]},"east":{"uv":[15,33],"uv_size":[0.5,0.5]},"north":{"uv":[33,14],"uv_size":[0.5,0.5]},"south":{"uv":[33,15],"uv_size":[0.5,0.5]},"up":{"uv":[33,16],"uv_size":[0.5,0.5]},"west":{"uv":[16,33],"uv_size":[0.5,0.5]}}},{"origin":[0.00003,8.1667,-0.1667],"size":[0.16667,0.33333,0.16667],"uv":{"down":{"uv":[20,33.5],"uv_size":[0.5,-0.5]},"east":{"uv":[18,33],"uv_size":[0.5,0.5]},"north":{"uv":[33,17],"uv_size":[0.5,0.5]},"south":{"uv":[33,18],"uv_size":[0.5,0.5]},"up":{"uv":[33,19],"uv_size":[0.5,0.5]},"west":{"uv":[19,33],"uv_size":[0.5,0.5]}}},{"origin":[0.00003,8.1667,0.3333],"size":[0.16667,0.33333,0.16667],"uv":{"down":{"uv":[23,33.5],"uv_size":[0.5,-0.5]},"east":{"uv":[21,33],"uv_size":[0.5,0.5]},"north":{"uv":[33,20],"uv_size":[0.5,0.5]},"south":{"uv":[33,21],"uv_size":[0.5,0.5]},"up":{"uv":[33,22],"uv_size":[0.5,0.5]},"west":{"uv":[22,33],"uv_size":[0.5,0.5]}}},{"origin":[-0.16663,8.3333,0],"size":[0.33333,0.16667,0.33333],"uv":{"down":{"uv":[26,33.5],"uv_size":[0.5,-0.5]},"east":{"uv":[24,33],"uv_size":[0.5,0.5]},"north":{"uv":[33,23],"uv_size":[0.5,0.5]},"south":{"uv":[33,24],"uv_size":[0.5,0.5]},"up":{"uv":[33,25],"uv_size":[0.5,0.5]},"west":{"uv":[25,33],"uv_size":[0.5,0.5]}}},{"origin":[0.00003,9.3333,-0.1667],"size":[0.16667,0.5,0.16667],"uv":{"down":{"uv":[29,33.5],"uv_size":[0.5,-0.5]},"east":{"uv":[27,33],"uv_size":[0.5,0.5]},"north":{"uv":[33,26],"uv_size":[0.5,0.5]},"south":{"uv":[33,27],"uv_size":[0.5,0.5]},"up":{"uv":[33,28],"uv_size":[0.5,0.5]},"west":{"uv":[28,33],"uv_size":[0.5,0.5]}}},{"origin":[0.00003,9.3333,0],"size":[0.16667,0.33333,0.5],"uv":{"down":{"uv":[32,33.5],"uv_size":[0.5,-0.5]},"east":{"uv":[30,33],"uv_size":[0.5,0.5]},"north":{"uv":[33,29],"uv_size":[0.5,0.5]},"south":{"uv":[33,30],"uv_size":[0.5,0.5]},"up":{"uv":[33,31],"uv_size":[0.5,0.5]},"west":{"uv":[31,33],"uv_size":[0.5,0.5]}}},{"origin":[0.00003,9.6667,0.3333],"size":[0.16667,0.16667,0.16667],"uv":{"down":{"uv":[34,1.5],"uv_size":[0.5,-0.5]},"east":{"uv":[33,33],"uv_size":[0.5,0.5]},"north":{"uv":[33,32],"uv_size":[0.5,0.5]},"south":{"uv":[0,34],"uv_size":[0.5,0.5]},"up":{"uv":[1,34],"uv_size":[0.5,0.5]},"west":{"uv":[34,0],"uv_size":[0.5,0.5]}}},{"origin":[0.00003,10.5,-0.1667],"size":[0.16667,0.33333,0.16667],"uv":{"down":{"uv":[34,4.5],"uv_size":[0.5,-0.5]},"east":{"uv":[34,2],"uv_size":[0.5,0.5]},"north":{"uv":[2,34],"uv_size":[0.5,0.5]},"south":{"uv":[3,34],"uv_size":[0.5,0.5]},"up":{"uv":[4,34],"uv_size":[0.5,0.5]},"west":{"uv":[34,3],"uv_size":[0.5,0.5]}}},{"origin":[-0.16663,10.5,0],"size":[0.33333,0.16667,0.33333],"uv":{"down":{"uv":[34,7.5],"uv_size":[0.5,-0.5]},"east":{"uv":[34,5],"uv_size":[0.5,0.5]},"north":{"uv":[5,34],"uv_size":[0.5,0.5]},"south":{"uv":[6,34],"uv_size":[0.5,0.5]},"up":{"uv":[7,34],"uv_size":[0.5,0.5]},"west":{"uv":[34,6],"uv_size":[0.5,0.5]}}},{"origin":[0.00003,10.5,0.3333],"size":[0.16667,0.33333,0.16667],"uv":{"down":{"uv":[34,10.5],"uv_size":[0.5,-0.5]},"east":{"uv":[34,8],"uv_size":[0.5,0.5]},"north":{"uv":[8,34],"uv_size":[0.5,0.5]},"south":{"uv":[9,34],"uv_size":[0.5,0.5]},"up":{"uv":[10,34],"uv_size":[0.5,0.5]},"west":{"uv":[34,9],"uv_size":[0.5,0.5]}}},{"origin":[0.00003,12,-0.1667],"size":[0.16667,2.66667,0.16667],"uv":{"down":{"uv":[34,11.5],"uv_size":[0.5,-0.5]},"east":{"uv":[4,3],"uv_size":[0.5,2.5]},"north":{"uv":[3,4],"uv_size":[0.5,2.5]},"south":{"uv":[5,0],"uv_size":[0.5,2.5]},"up":{"uv":[11,34],"uv_size":[0.5,0.5]},"west":{"uv":[5,3],"uv_size":[0.5,2.5]}}},{"origin":[0.00003,12,0.3333],"size":[0.16667,0.5,0.16667],"uv":{"down":{"uv":[34,14.5],"uv_size":[0.5,-0.5]},"east":{"uv":[34,12],"uv_size":[0.5,0.5]},"north":{"uv":[12,34],"uv_size":[0.5,0.5]},"south":{"uv":[13,34],"uv_size":[0.5,0.5]},"up":{"uv":[14,34],"uv_size":[0.5,0.5]},"west":{"uv":[34,13],"uv_size":[0.5,0.5]}}},{"origin":[-0.3333,14.8333,0],"size":[0.5,0.33333,0.33333],"uv":{"down":{"uv":[34,17.5],"uv_size":[0.5,-0.5]},"east":{"uv":[34,15],"uv_size":[0.5,0.5]},"north":{"uv":[15,34],"uv_size":[0.5,0.5]},"south":{"uv":[16,34],"uv_size":[0.5,0.5]},"up":{"uv":[17,34],"uv_size":[0.5,0.5]},"west":{"uv":[34,16],"uv_size":[0.5,0.5]}}},{"origin":[-0.16663,15.1667,0],"size":[0.33333,0.66667,0.33333],"uv":{"down":{"uv":[34,20.5],"uv_size":[0.5,-0.5]},"east":{"uv":[34,18],"uv_size":[0.5,0.5]},"north":{"uv":[18,34],"uv_size":[0.5,0.5]},"south":{"uv":[19,34],"uv_size":[0.5,0.5]},"up":{"uv":[20,34],"uv_size":[0.5,0.5]},"west":{"uv":[34,19],"uv_size":[0.5,0.5]}}},{"origin":[-0.16667,6,-0.1667],"size":[0.16667,0.33333,0.16667],"uv":{"down":{"uv":[34,23.5],"uv_size":[0.5,-0.5]},"east":{"uv":[34,21],"uv_size":[0.5,0.5]},"north":{"uv":[21,34],"uv_size":[0.5,0.5]},"south":{"uv":[22,34],"uv_size":[0.5,0.5]},"up":{"uv":[23,34],"uv_size":[0.5,0.5]},"west":{"uv":[34,22],"uv_size":[0.5,0.5]}}},{"origin":[-0.16667,6,0.3333],"size":[0.16667,0.33333,0.16667],"uv":{"down":{"uv":[34,26.5],"uv_size":[0.5,-0.5]},"east":{"uv":[34,24],"uv_size":[0.5,0.5]},"north":{"uv":[24,34],"uv_size":[0.5,0.5]},"south":{"uv":[25,34],"uv_size":[0.5,0.5]},"up":{"uv":[26,34],"uv_size":[0.5,0.5]},"west":{"uv":[34,25],"uv_size":[0.5,0.5]}}},{"origin":[-0.33333,6.1667,0],"size":[0.33333,0.16667,0.33333],"uv":{"down":{"uv":[34,29.5],"uv_size":[0.5,-0.5]},"east":{"uv":[34,27],"uv_size":[0.5,0.5]},"north":{"uv":[27,34],"uv_size":[0.5,0.5]},"south":{"uv":[28,34],"uv_size":[0.5,0.5]},"up":{"uv":[29,34],"uv_size":[0.5,0.5]},"west":{"uv":[34,28],"uv_size":[0.5,0.5]}}},{"origin":[-0.33333,6.5,-0.1667],"size":[0.33333,0.33333,0.66667],"uv":{"down":{"uv":[34,32.5],"uv_size":[0.5,-0.5]},"east":{"uv":[34,30],"uv_size":[0.5,0.5]},"north":{"uv":[30,34],"uv_size":[0.5,0.5]},"south":{"uv":[31,34],"uv_size":[0.5,0.5]},"up":{"uv":[32,34],"uv_size":[0.5,0.5]},"west":{"uv":[34,31],"uv_size":[0.5,0.5]}}},{"origin":[-0.16667,7.6667,-0.1667],"size":[0.16667,0.5,0.66667],"uv":{"down":{"uv":[1,35.5],"uv_size":[0.5,-0.5]},"east":{"uv":[34,33],"uv_size":[0.5,0.5]},"north":{"uv":[33,34],"uv_size":[0.5,0.5]},"south":{"uv":[34,34],"uv_size":[0.5,0.5]},"up":{"uv":[35,0],"uv_size":[0.5,0.5]},"west":{"uv":[0,35],"uv_size":[0.5,0.5]}}},{"origin":[-0.16667,8.5,-0.1667],"size":[0.16667,0.33333,0.66667],"uv":{"down":{"uv":[4,35.5],"uv_size":[0.5,-0.5]},"east":{"uv":[2,35],"uv_size":[0.5,0.5]},"north":{"uv":[35,1],"uv_size":[0.5,0.5]},"south":{"uv":[35,2],"uv_size":[0.5,0.5]},"up":{"uv":[35,3],"uv_size":[0.5,0.5]},"west":{"uv":[3,35],"uv_size":[0.5,0.5]}}},{"origin":[-0.16667,10.1667,-0.1667],"size":[0.16667,0.33333,0.16667],"uv":{"down":{"uv":[7,35.5],"uv_size":[0.5,-0.5]},"east":{"uv":[5,35],"uv_size":[0.5,0.5]},"north":{"uv":[35,4],"uv_size":[0.5,0.5]},"south":{"uv":[35,5],"uv_size":[0.5,0.5]},"up":{"uv":[35,6],"uv_size":[0.5,0.5]},"west":{"uv":[6,35],"uv_size":[0.5,0.5]}}},{"origin":[-0.33333,10.1667,0],"size":[0.33333,0.16667,0.33333],"uv":{"down":{"uv":[10,35.5],"uv_size":[0.5,-0.5]},"east":{"uv":[8,35],"uv_size":[0.5,0.5]},"north":{"uv":[35,7],"uv_size":[0.5,0.5]},"south":{"uv":[35,8],"uv_size":[0.5,0.5]},"up":{"uv":[35,9],"uv_size":[0.5,0.5]},"west":{"uv":[9,35],"uv_size":[0.5,0.5]}}},{"origin":[-0.16667,10.1667,0.3333],"size":[0.16667,0.33333,0.16667],"uv":{"down":{"uv":[13,35.5],"uv_size":[0.5,-0.5]},"east":{"uv":[11,35],"uv_size":[0.5,0.5]},"north":{"uv":[35,10],"uv_size":[0.5,0.5]},"south":{"uv":[35,11],"uv_size":[0.5,0.5]},"up":{"uv":[35,12],"uv_size":[0.5,0.5]},"west":{"uv":[12,35],"uv_size":[0.5,0.5]}}},{"origin":[-0.16667,10.8333,-0.1667],"size":[0.16667,0.33333,0.16667],"uv":{"down":{"uv":[16,35.5],"uv_size":[0.5,-0.5]},"east":{"uv":[14,35],"uv_size":[0.5,0.5]},"north":{"uv":[35,13],"uv_size":[0.5,0.5]},"south":{"uv":[35,14],"uv_size":[0.5,0.5]},"up":{"uv":[35,15],"uv_size":[0.5,0.5]},"west":{"uv":[15,35],"uv_size":[0.5,0.5]}}},{"origin":[-0.16667,10.8333,0.3333],"size":[0.16667,0.33333,0.16667],"uv":{"down":{"uv":[19,35.5],"uv_size":[0.5,-0.5]},"east":{"uv":[17,35],"uv_size":[0.5,0.5]},"north":{"uv":[35,16],"uv_size":[0.5,0.5]},"south":{"uv":[35,17],"uv_size":[0.5,0.5]},"up":{"uv":[35,18],"uv_size":[0.5,0.5]},"west":{"uv":[18,35],"uv_size":[0.5,0.5]}}},{"origin":[-0.5,11,0],"size":[0.5,0.16667,0.33333],"uv":{"down":{"uv":[22,35.5],"uv_size":[0.5,-0.5]},"east":{"uv":[20,35],"uv_size":[0.5,0.5]},"north":{"uv":[35,19],"uv_size":[0.5,0.5]},"south":{"uv":[35,20],"uv_size":[0.5,0.5]},"up":{"uv":[35,21],"uv_size":[0.5,0.5]},"west":{"uv":[21,35],"uv_size":[0.5,0.5]}}},{"origin":[-0.16667,12.5,-0.1667],"size":[0.16667,2.5,0.16667],"uv":{"down":{"uv":[23,35.5],"uv_size":[0.5,-0.5]},"east":{"uv":[6,3],"uv_size":[0.5,2.5]},"north":{"uv":[6,0],"uv_size":[0.5,2.5]},"south":{"uv":[4,6],"uv_size":[0.5,2.5]},"up":{"uv":[35,22],"uv_size":[0.5,0.5]},"west":{"uv":[5,6],"uv_size":[0.5,2.5]}}},{"origin":[-0.33333,12.5,0],"size":[0.33333,2.33333,0.33333],"uv":{"down":{"uv":[24,35.5],"uv_size":[0.5,-0.5]},"east":{"uv":[0,7],"uv_size":[0.5,2.5]},"north":{"uv":[6,6],"uv_size":[0.5,2.5]},"south":{"uv":[7,0],"uv_size":[0.5,2.5]},"up":{"uv":[35,23],"uv_size":[0.5,0.5]},"west":{"uv":[1,7],"uv_size":[0.5,2.5]}}},{"origin":[-0.16667,15.8333,0],"size":[0.16667,0.33333,0.33333],"uv":{"down":{"uv":[27,35.5],"uv_size":[0.5,-0.5]},"east":{"uv":[25,35],"uv_size":[0.5,0.5]},"north":{"uv":[35,24],"uv_size":[0.5,0.5]},"south":{"uv":[35,25],"uv_size":[0.5,0.5]},"up":{"uv":[35,26],"uv_size":[0.5,0.5]},"west":{"uv":[26,35],"uv_size":[0.5,0.5]}}},{"origin":[-0.33337,5.3333,-0.1667],"size":[0.16667,0.66667,0.66667],"uv":{"down":{"uv":[30,35.5],"uv_size":[0.5,-0.5]},"east":{"uv":[28,35],"uv_size":[0.5,0.5]},"north":{"uv":[35,27],"uv_size":[0.5,0.5]},"south":{"uv":[35,28],"uv_size":[0.5,0.5]},"up":{"uv":[35,29],"uv_size":[0.5,0.5]},"west":{"uv":[29,35],"uv_size":[0.5,0.5]}}},{"origin":[-0.50003,6.8333,-0.1667],"size":[0.33333,0.5,0.16667],"uv":{"down":{"uv":[33,35.5],"uv_size":[0.5,-0.5]},"east":{"uv":[31,35],"uv_size":[0.5,0.5]},"north":{"uv":[35,30],"uv_size":[0.5,0.5]},"south":{"uv":[35,31],"uv_size":[0.5,0.5]},"up":{"uv":[35,32],"uv_size":[0.5,0.5]},"west":{"uv":[32,35],"uv_size":[0.5,0.5]}}},{"origin":[-0.83337,6.8333,0],"size":[0.66667,0.16667,0.33333],"uv":{"down":{"uv":[36,0.5],"uv_size":[0.5,-0.5]},"east":{"uv":[34,35],"uv_size":[0.5,0.5]},"north":{"uv":[35,33],"uv_size":[0.5,0.5]},"south":{"uv":[35,34],"uv_size":[0.5,0.5]},"up":{"uv":[0,36],"uv_size":[0.5,0.5]},"west":{"uv":[35,35],"uv_size":[0.5,0.5]}}},{"origin":[-0.50003,6.8333,0.3333],"size":[0.33333,0.5,0.16667],"uv":{"down":{"uv":[36,3.5],"uv_size":[0.5,-0.5]},"east":{"uv":[36,1],"uv_size":[0.5,0.5]},"north":{"uv":[1,36],"uv_size":[0.5,0.5]},"south":{"uv":[2,36],"uv_size":[0.5,0.5]},"up":{"uv":[3,36],"uv_size":[0.5,0.5]},"west":{"uv":[36,2],"uv_size":[0.5,0.5]}}},{"origin":[-0.6667,7.1667,0],"size":[0.5,0.16667,0.33333],"uv":{"down":{"uv":[36,6.5],"uv_size":[0.5,-0.5]},"east":{"uv":[36,4],"uv_size":[0.5,0.5]},"north":{"uv":[4,36],"uv_size":[0.5,0.5]},"south":{"uv":[5,36],"uv_size":[0.5,0.5]},"up":{"uv":[6,36],"uv_size":[0.5,0.5]},"west":{"uv":[36,5],"uv_size":[0.5,0.5]}}},{"origin":[-0.33337,7.3333,-0.1667],"size":[0.16667,0.33333,0.16667],"uv":{"down":{"uv":[36,9.5],"uv_size":[0.5,-0.5]},"east":{"uv":[36,7],"uv_size":[0.5,0.5]},"north":{"uv":[7,36],"uv_size":[0.5,0.5]},"south":{"uv":[8,36],"uv_size":[0.5,0.5]},"up":{"uv":[9,36],"uv_size":[0.5,0.5]},"west":{"uv":[36,8],"uv_size":[0.5,0.5]}}},{"origin":[-0.33337,7.3333,0.3333],"size":[0.16667,0.33333,0.16667],"uv":{"down":{"uv":[36,12.5],"uv_size":[0.5,-0.5]},"east":{"uv":[36,10],"uv_size":[0.5,0.5]},"north":{"uv":[10,36],"uv_size":[0.5,0.5]},"south":{"uv":[11,36],"uv_size":[0.5,0.5]},"up":{"uv":[12,36],"uv_size":[0.5,0.5]},"west":{"uv":[36,11],"uv_size":[0.5,0.5]}}},{"origin":[-0.33337,7.6667,0],"size":[0.16667,0.33333,0.33333],"uv":{"down":{"uv":[36,15.5],"uv_size":[0.5,-0.5]},"east":{"uv":[36,13],"uv_size":[0.5,0.5]},"north":{"uv":[13,36],"uv_size":[0.5,0.5]},"south":{"uv":[14,36],"uv_size":[0.5,0.5]},"up":{"uv":[15,36],"uv_size":[0.5,0.5]},"west":{"uv":[36,14],"uv_size":[0.5,0.5]}}},{"origin":[-0.33337,8.5,0],"size":[0.16667,0.5,0.33333],"uv":{"down":{"uv":[36,18.5],"uv_size":[0.5,-0.5]},"east":{"uv":[36,16],"uv_size":[0.5,0.5]},"north":{"uv":[16,36],"uv_size":[0.5,0.5]},"south":{"uv":[17,36],"uv_size":[0.5,0.5]},"up":{"uv":[18,36],"uv_size":[0.5,0.5]},"west":{"uv":[36,17],"uv_size":[0.5,0.5]}}},{"origin":[-0.33337,8.8333,-0.1667],"size":[0.16667,0.33333,0.16667],"uv":{"down":{"uv":[36,21.5],"uv_size":[0.5,-0.5]},"east":{"uv":[36,19],"uv_size":[0.5,0.5]},"north":{"uv":[19,36],"uv_size":[0.5,0.5]},"south":{"uv":[20,36],"uv_size":[0.5,0.5]},"up":{"uv":[21,36],"uv_size":[0.5,0.5]},"west":{"uv":[36,20],"uv_size":[0.5,0.5]}}},{"origin":[-0.33337,8.8333,0.3333],"size":[0.16667,0.33333,0.16667],"uv":{"down":{"uv":[36,24.5],"uv_size":[0.5,-0.5]},"east":{"uv":[36,22],"uv_size":[0.5,0.5]},"north":{"uv":[22,36],"uv_size":[0.5,0.5]},"south":{"uv":[23,36],"uv_size":[0.5,0.5]},"up":{"uv":[24,36],"uv_size":[0.5,0.5]},"west":{"uv":[36,23],"uv_size":[0.5,0.5]}}},{"origin":[-0.50003,9.8333,-0.1667],"size":[0.33333,0.16667,0.16667],"uv":{"down":{"uv":[36,27.5],"uv_size":[0.5,-0.5]},"east":{"uv":[36,25],"uv_size":[0.5,0.5]},"north":{"uv":[25,36],"uv_size":[0.5,0.5]},"south":{"uv":[26,36],"uv_size":[0.5,0.5]},"up":{"uv":[27,36],"uv_size":[0.5,0.5]},"west":{"uv":[36,26],"uv_size":[0.5,0.5]}}},{"origin":[-0.50003,9.8333,0.3333],"size":[0.33333,0.16667,0.16667],"uv":{"down":{"uv":[36,30.5],"uv_size":[0.5,-0.5]},"east":{"uv":[36,28],"uv_size":[0.5,0.5]},"north":{"uv":[28,36],"uv_size":[0.5,0.5]},"south":{"uv":[29,36],"uv_size":[0.5,0.5]},"up":{"uv":[30,36],"uv_size":[0.5,0.5]},"west":{"uv":[36,29],"uv_size":[0.5,0.5]}}},{"origin":[-0.33337,10,-0.1667],"size":[0.16667,0.16667,0.66667],"uv":{"down":{"uv":[36,33.5],"uv_size":[0.5,-0.5]},"east":{"uv":[36,31],"uv_size":[0.5,0.5]},"north":{"uv":[31,36],"uv_size":[0.5,0.5]},"south":{"uv":[32,36],"uv_size":[0.5,0.5]},"up":{"uv":[33,36],"uv_size":[0.5,0.5]},"west":{"uv":[36,32],"uv_size":[0.5,0.5]}}},{"origin":[-0.33337,10.8333,0],"size":[0.16667,0.16667,0.33333],"uv":{"down":{"uv":[0,37.5],"uv_size":[0.5,-0.5]},"east":{"uv":[36,34],"uv_size":[0.5,0.5]},"north":{"uv":[34,36],"uv_size":[0.5,0.5]},"south":{"uv":[35,36],"uv_size":[0.5,0.5]},"up":{"uv":[36,36],"uv_size":[0.5,0.5]},"west":{"uv":[36,35],"uv_size":[0.5,0.5]}}},{"origin":[-0.33337,11,-0.1667],"size":[0.16667,1.5,0.16667],"uv":{"down":{"uv":[1,37.5],"uv_size":[0.5,-0.5]},"east":{"uv":[4,11],"uv_size":[0.5,1.5]},"north":{"uv":[11,3],"uv_size":[0.5,1.5]},"south":{"uv":[5,11],"uv_size":[0.5,1.5]},"up":{"uv":[37,0],"uv_size":[0.5,0.5]},"west":{"uv":[11,5],"uv_size":[0.5,1.5]}}},{"origin":[-0.33337,11,0.3333],"size":[0.16667,1.5,0.16667],"uv":{"down":{"uv":[2,37.5],"uv_size":[0.5,-0.5]},"east":{"uv":[7,11],"uv_size":[0.5,1.5]},"north":{"uv":[6,11],"uv_size":[0.5,1.5]},"south":{"uv":[11,7],"uv_size":[0.5,1.5]},"up":{"uv":[37,1],"uv_size":[0.5,0.5]},"west":{"uv":[8,11],"uv_size":[0.5,1.5]}}},{"origin":[-0.6667,11.1667,0],"size":[0.5,0.33333,0.33333],"uv":{"down":{"uv":[5,37.5],"uv_size":[0.5,-0.5]},"east":{"uv":[3,37],"uv_size":[0.5,0.5]},"north":{"uv":[37,2],"uv_size":[0.5,0.5]},"south":{"uv":[37,3],"uv_size":[0.5,0.5]},"up":{"uv":[37,4],"uv_size":[0.5,0.5]},"west":{"uv":[4,37],"uv_size":[0.5,0.5]}}},{"origin":[-0.50003,11.5,0],"size":[0.33333,0.5,0.33333],"uv":{"down":{"uv":[8,37.5],"uv_size":[0.5,-0.5]},"east":{"uv":[6,37],"uv_size":[0.5,0.5]},"north":{"uv":[37,5],"uv_size":[0.5,0.5]},"south":{"uv":[37,6],"uv_size":[0.5,0.5]},"up":{"uv":[37,7],"uv_size":[0.5,0.5]},"west":{"uv":[7,37],"uv_size":[0.5,0.5]}}},{"origin":[-0.33337,12.3333,0],"size":[0.16667,0.16667,0.33333],"uv":{"down":{"uv":[11,37.5],"uv_size":[0.5,-0.5]},"east":{"uv":[9,37],"uv_size":[0.5,0.5]},"north":{"uv":[37,8],"uv_size":[0.5,0.5]},"south":{"uv":[37,9],"uv_size":[0.5,0.5]},"up":{"uv":[37,10],"uv_size":[0.5,0.5]},"west":{"uv":[10,37],"uv_size":[0.5,0.5]}}},{"origin":[-0.49997,5.6667,-0.1667],"size":[0.16667,0.16667,0.66667],"uv":{"down":{"uv":[14,37.5],"uv_size":[0.5,-0.5]},"east":{"uv":[12,37],"uv_size":[0.5,0.5]},"north":{"uv":[37,11],"uv_size":[0.5,0.5]},"south":{"uv":[37,12],"uv_size":[0.5,0.5]},"up":{"uv":[37,13],"uv_size":[0.5,0.5]},"west":{"uv":[13,37],"uv_size":[0.5,0.5]}}},{"origin":[-0.49997,6.5,0],"size":[0.16667,0.33333,0.33333],"uv":{"down":{"uv":[17,37.5],"uv_size":[0.5,-0.5]},"east":{"uv":[15,37],"uv_size":[0.5,0.5]},"north":{"uv":[37,14],"uv_size":[0.5,0.5]},"south":{"uv":[37,15],"uv_size":[0.5,0.5]},"up":{"uv":[37,16],"uv_size":[0.5,0.5]},"west":{"uv":[16,37],"uv_size":[0.5,0.5]}}},{"origin":[-0.49997,8.8333,0],"size":[0.16667,0.16667,0.33333],"uv":{"down":{"uv":[20,37.5],"uv_size":[0.5,-0.5]},"east":{"uv":[18,37],"uv_size":[0.5,0.5]},"north":{"uv":[37,17],"uv_size":[0.5,0.5]},"south":{"uv":[37,18],"uv_size":[0.5,0.5]},"up":{"uv":[37,19],"uv_size":[0.5,0.5]},"west":{"uv":[19,37],"uv_size":[0.5,0.5]}}},{"origin":[-0.49997,9.1667,-0.1667],"size":[0.16667,0.66667,0.66667],"uv":{"down":{"uv":[23,37.5],"uv_size":[0.5,-0.5]},"east":{"uv":[21,37],"uv_size":[0.5,0.5]},"north":{"uv":[37,20],"uv_size":[0.5,0.5]},"south":{"uv":[37,21],"uv_size":[0.5,0.5]},"up":{"uv":[37,22],"uv_size":[0.5,0.5]},"west":{"uv":[22,37],"uv_size":[0.5,0.5]}}},{"origin":[-0.49997,10,0],"size":[0.16667,0.16667,0.33333],"uv":{"down":{"uv":[26,37.5],"uv_size":[0.5,-0.5]},"east":{"uv":[24,37],"uv_size":[0.5,0.5]},"north":{"uv":[37,23],"uv_size":[0.5,0.5]},"south":{"uv":[37,24],"uv_size":[0.5,0.5]},"up":{"uv":[37,25],"uv_size":[0.5,0.5]},"west":{"uv":[25,37],"uv_size":[0.5,0.5]}}},{"origin":[-0.49997,11.1667,-0.1667],"size":[0.16667,0.33333,0.16667],"uv":{"down":{"uv":[29,37.5],"uv_size":[0.5,-0.5]},"east":{"uv":[27,37],"uv_size":[0.5,0.5]},"north":{"uv":[37,26],"uv_size":[0.5,0.5]},"south":{"uv":[37,27],"uv_size":[0.5,0.5]},"up":{"uv":[37,28],"uv_size":[0.5,0.5]},"west":{"uv":[28,37],"uv_size":[0.5,0.5]}}},{"origin":[-0.49997,11.1667,0.3333],"size":[0.16667,0.33333,0.16667],"uv":{"down":{"uv":[32,37.5],"uv_size":[0.5,-0.5]},"east":{"uv":[30,37],"uv_size":[0.5,0.5]},"north":{"uv":[37,29],"uv_size":[0.5,0.5]},"south":{"uv":[37,30],"uv_size":[0.5,0.5]},"up":{"uv":[37,31],"uv_size":[0.5,0.5]},"west":{"uv":[31,37],"uv_size":[0.5,0.5]}}},{"origin":[-0.66667,6.6667,0],"size":[0.16667,0.16667,0.33333],"uv":{"down":{"uv":[35,37.5],"uv_size":[0.5,-0.5]},"east":{"uv":[33,37],"uv_size":[0.5,0.5]},"north":{"uv":[37,32],"uv_size":[0.5,0.5]},"south":{"uv":[37,33],"uv_size":[0.5,0.5]},"up":{"uv":[37,34],"uv_size":[0.5,0.5]},"west":{"uv":[34,37],"uv_size":[0.5,0.5]}}},{"origin":[-0.66667,7,-0.1667],"size":[0.16667,0.16667,0.16667],"uv":{"down":{"uv":[38,0.5],"uv_size":[0.5,-0.5]},"east":{"uv":[36,37],"uv_size":[0.5,0.5]},"north":{"uv":[37,35],"uv_size":[0.5,0.5]},"south":{"uv":[37,36],"uv_size":[0.5,0.5]},"up":{"uv":[0,38],"uv_size":[0.5,0.5]},"west":{"uv":[37,37],"uv_size":[0.5,0.5]}}},{"origin":[-0.66667,7,0.3333],"size":[0.16667,0.16667,0.16667],"uv":{"down":{"uv":[38,3.5],"uv_size":[0.5,-0.5]},"east":{"uv":[38,1],"uv_size":[0.5,0.5]},"north":{"uv":[1,38],"uv_size":[0.5,0.5]},"south":{"uv":[2,38],"uv_size":[0.5,0.5]},"up":{"uv":[3,38],"uv_size":[0.5,0.5]},"west":{"uv":[38,2],"uv_size":[0.5,0.5]}}},{"origin":[-0.66667,9.1667,0],"size":[0.16667,0.66667,0.33333],"uv":{"down":{"uv":[38,6.5],"uv_size":[0.5,-0.5]},"east":{"uv":[38,4],"uv_size":[0.5,0.5]},"north":{"uv":[4,38],"uv_size":[0.5,0.5]},"south":{"uv":[5,38],"uv_size":[0.5,0.5]},"up":{"uv":[6,38],"uv_size":[0.5,0.5]},"west":{"uv":[38,5],"uv_size":[0.5,0.5]}}},{"origin":[-0.66667,9.5,-0.1667],"size":[0.16667,0.33333,0.16667],"uv":{"down":{"uv":[38,9.5],"uv_size":[0.5,-0.5]},"east":{"uv":[38,7],"uv_size":[0.5,0.5]},"north":{"uv":[7,38],"uv_size":[0.5,0.5]},"south":{"uv":[8,38],"uv_size":[0.5,0.5]},"up":{"uv":[9,38],"uv_size":[0.5,0.5]},"west":{"uv":[38,8],"uv_size":[0.5,0.5]}}},{"origin":[-0.66667,9.5,0.3333],"size":[0.16667,0.33333,0.16667],"uv":{"down":{"uv":[38,12.5],"uv_size":[0.5,-0.5]},"east":{"uv":[38,10],"uv_size":[0.5,0.5]},"north":{"uv":[10,38],"uv_size":[0.5,0.5]},"south":{"uv":[11,38],"uv_size":[0.5,0.5]},"up":{"uv":[12,38],"uv_size":[0.5,0.5]},"west":{"uv":[38,11],"uv_size":[0.5,0.5]}}},{"origin":[-1.00003,9.5,0],"size":[0.33333,0.16667,0.33333],"uv":{"down":{"uv":[38,15.5],"uv_size":[0.5,-0.5]},"east":{"uv":[38,13],"uv_size":[0.5,0.5]},"north":{"uv":[13,38],"uv_size":[0.5,0.5]},"south":{"uv":[14,38],"uv_size":[0.5,0.5]},"up":{"uv":[15,38],"uv_size":[0.5,0.5]},"west":{"uv":[38,14],"uv_size":[0.5,0.5]}}},{"origin":[-0.83337,9.6667,0],"size":[0.16667,0.16667,0.33333],"uv":{"down":{"uv":[38,18.5],"uv_size":[0.5,-0.5]},"east":{"uv":[38,16],"uv_size":[0.5,0.5]},"north":{"uv":[16,38],"uv_size":[0.5,0.5]},"south":{"uv":[17,38],"uv_size":[0.5,0.5]},"up":{"uv":[18,38],"uv_size":[0.5,0.5]},"west":{"uv":[38,17],"uv_size":[0.5,0.5]}}},{"origin":[-0.83337,11.3333,0],"size":[0.16667,0.16667,0.33333],"uv":{"down":{"uv":[38,21.5],"uv_size":[0.5,-0.5]},"east":{"uv":[38,19],"uv_size":[0.5,0.5]},"north":{"uv":[19,38],"uv_size":[0.5,0.5]},"south":{"uv":[20,38],"uv_size":[0.5,0.5]},"up":{"uv":[21,38],"uv_size":[0.5,0.5]},"west":{"uv":[38,20],"uv_size":[0.5,0.5]}}}],"name":"tmd_melees_y","parent":"tmd_melees_x","pivot":[0,8,0]}],"description":{"identifier":"geometry.tmd_melees.voltcarver","texture_height":64,"texture_width":64,"visible_bounds_height":2.5,"visible_bounds_offset":[0,0.75,0],"visible_bounds_width":2}}]}