{
  "format_version": "1.10.0",
  "minecraft:attachable": {
    "description": {
      "identifier": "minecraft:golden_chestplate.player",
      "item": { "minecraft:golden_chestplate": "query.owner_identifier == 'minecraft:player'" },
      "materials": { "default": "armor", "enchanted": "armor_enchanted" },
      "textures": {
        "default": "textures/models/armor/jetpack",
        "enchanted": "textures/misc/enchanted_item_glint"
      },
      "geometry": { "default": "geometry.player.jetpack" },
      "scripts": { "parent_setup": "variable.chest_layer_visible = 0.0;" },
      "render_controllers": [ "controller.render.armor" ]
    }
  }
}