{
  "grid_hover_description": {
    "anchor_from": "bottom_middle",
    "anchor_to": "bottom_middle",
    "bindings": [
      {
        "binding_collection_name": "form_buttons",
        "binding_condition": "none",
        "binding_name": "#form_button_text",
        "binding_name_override": "#form_button_text",
        "binding_type": "collection"
      }
    ],
    "controls": [
      {
        "grid_hover_text@grid.grid_hover_text": {}
      }
    ],
    "font_scale_factor": 1,
    "font_type": "Default",
    "layer": 5,
    "line_padding": 1,
    "offset": [
      0,
      23
    ],
    "shadow": false,
    "size": [
      200,
      25
    ],
    "text": "#form_button_text",
    "text_alignment": "center",
    "type": "label"
  },
  "grid_hover_state": {
    "anchor_from": "top_left",
    "anchor_to": "top_left",
    "controls": [
      {
        "grid_hover_states@grid.grid_hover_states": {}
      }
    ],
    "layer": 2,
    "offset": [
      0,
      0
    ],
    "size": [
      "100% -2px",
      "100% -2px"
    ],
    "texture": "$button_texture",
    "type": "image"
  },
  "grid_hover_states": {
    "bindings": [
      {
        "binding_collection_name": "form_buttons",
        "binding_name": "#form_button_texture",
        "binding_name_override": "#texture",
        "binding_type": "collection"
      },
      {
        "binding_collection_name": "form_buttons",
        "binding_name": "#form_button_texture_file_system",
        "binding_name_override": "#texture_file_system",
        "binding_type": "collection"
      },
      {
        "binding_type": "view",
        "source_property_name": "(not ((#texture = '') or (#texture = 'loading')))",
        "target_property_name": "#visible"
      }
    ],
    "controls": [
      {
        "grid_hover_description@grid.grid_hover_description": {}
      }
    ],
    "keep_ratio": true,
    "layer": 2,
    "offset": [
      0,
      -12
    ],
    "size": [
      47,
      47
    ],
    "type": "image"
  },
  "grid_hover_text@common.hover_text": {
    "bindings": [
      {
        "binding_collection_name": "form_buttons",
        "binding_name": "#form_button_text",
        "binding_name_override": "#hover_text",
        "binding_type": "collection"
      }
    ],
    "layer": 10
  },
  "namespace": "grid",
  "zeqa_button_size": {
    "anchor_from": "top_middle",
    "anchor_to": "top_middle",
    "controls": [
      {
        "zeqa_button": {
          "controls": [
            {
              "button@common.button": {
                "$pressed_button_name": "button.form_button_click",
                "anchor_from": "top_middle",
                "anchor_to": "top_middle",
                "bindings": [
                  {
                    "binding_collection_name": "form_buttons",
                    "binding_type": "collection_details"
                  }
                ],
                "controls": [
                  {
                    "default@grid.zeqa_buttons": {
                      "$button_texture": "textures/ui/zeqa/grid/default"
                    }
                  },
                  {
                    "hover@grid.grid_hover_state": {
                      "$button_texture": "textures/ui/zeqa/grid/default_hover"
                    }
                  },
                  {
                    "pressed@grid.zeqa_buttons": {
                      "$button_texture": "textures/ui/zeqa/grid/default_pressed"
                    }
                  }
                ],
                "layer": 2,
                "offset": [
                  2.5,
                  0
                ],
                "sound_name": "zeqa.click",
                "sound_volume": 1.0
              }
            }
          ],
          "size": [
            "100%",
            "100%"
          ],
          "type": "panel"
        }
      }
    ],
    "max_size": [
      90,
      90
    ],
    "min_size": [
      90,
      90
    ],
    "size": [
      90,
      90
    ],
    "type": "panel"
  },
  "zeqa_buttons": {
    "anchor_from": "top_left",
    "anchor_to": "top_left",
    "controls": [
      {
        "menu_icon": {
          "controls": [
            {
              "menu_icon": {
                "bindings": [
                  {
                    "binding_collection_name": "form_buttons",
                    "binding_name": "#form_button_texture",
                    "binding_name_override": "#texture",
                    "binding_type": "collection"
                  },
                  {
                    "binding_collection_name": "form_buttons",
                    "binding_name": "#form_button_texture_file_system",
                    "binding_name_override": "#texture_file_system",
                    "binding_type": "collection"
                  },
                  {
                    "binding_type": "view",
                    "source_property_name": "(not ((#texture = '') or (#texture = 'loading')))",
                    "target_property_name": "#visible"
                  }
                ],
                "keep_ratio": true,
                "layer": 2,
                "offset": [
                  0,
                  -8
                ],
                "size": [
                  47,
                  47
                ],
                "type": "image"
              }
            }
          ],
          "layer": 2,
          "size": [
            "100%",
            "fill"
          ],
          "texture": "$button_texture",
          "type": "image"
        }
      },
      {
        "description_text": {
          "controls": [
            {
              "entry_description_label": {
                "anchor_from": "top_middle",
                "anchor_to": "bottom_middle",
                "bindings": [
                  {
                    "binding_collection_name": "form_buttons",
                    "binding_condition": "none",
                    "binding_name": "#form_button_text",
                    "binding_name_override": "#form_button_text",
                    "binding_type": "collection"
                  }
                ],
                "font_scale_factor": 1,
                "font_type": "Default",
                "layer": 5,
                "line_padding": 1,
                "offset": [
                  0,
                  -9.5
                ],
                "shadow": false,
                "size": [
                  200,
                  20
                ],
                "text": "#form_button_text",
                "text_alignment": "center",
                "type": "label"
              }
            }
          ],
          "layer": 2,
          "size": [
            "100%",
            0
          ],
          "type": "image"
        }
      }
    ],
    "offset": [
      0,
      0
    ],
    "orientation": "vertical",
    "size": [
      "100% -2px",
      "100% -2px"
    ],
    "type": "stack_panel"
  },
  "zeqa_grid": {
    "controls": [
      {
        "zeqa_menu_grid@grid.zeqa_menu_grid": {}
      }
    ],
    "offset": [
      0,
      0
    ],
    "orientation": "vertical",
    "size": [
      "100%",
      "100%c"
    ],
    "type": "stack_panel"
  },
  "zeqa_long_form": {
    "anchor_from": "center",
    "anchor_to": "center",
    "controls": [
      {
        "title": {
          "alpha": 1,
          "anchor_from": "top_middle",
          "anchor_to": "top_middle",
          "controls": [
            {
              "title_text": {
                "anchor_from": "top_middle",
                "anchor_to": "top_middle",
                "bindings": [
                  {
                    "binding_name": "#title_text",
                    "binding_type": "global"
                  }
                ],
                "font_scale_factor": 1.3,
                "font_type": "Default",
                "layer": 5,
                "offset": [
                  0,
                  1
                ],
                "shadow": false,
                "text": "#title_text",
                "text_alignment": "center",
                "type": "label"
              }
            }
          ],
          "layer": 4,
          "offset": [
            0,
            -5
          ],
          "size": [
            "100%c +10px",
            "100%c +3px"
          ],
          "texture": "textures/ui/zeqa/longform/titlebg",
          "type": "image"
        }
      },
      {
        "close_button@server_form.zeqa_close_button": {
          "anchor_from": "top_right",
          "anchor_to": "top_right",
          "offset": [
            5,
            -8
          ]
        }
      },
      {
        "contents": {
          "allow_clipping": true,
          "clips_children": true,
          "controls": [
            {
              "add_panel": {
                "anchor_from": "top_left",
                "anchor_to": "top_left",
                "controls": [
                  {
                    "padding": {
                      "size": [
                        "100%",
                        15
                      ],
                      "type": "panel"
                    }
                  },
                  {
                    "zeqa_scroll_panel@zeqa_scroll_panel": {}
                  }
                ],
                "offset": [
                  0,
                  0
                ],
                "orientation": "vertical",
                "size": [
                  "100%",
                  "100%"
                ],
                "type": "stack_panel"
              }
            }
          ],
          "keep_ratio": false,
          "layer": 2,
          "size": [
            "100%",
            "100%"
          ],
          "texture": "textures/ui/zeqa/grid/background",
          "type": "image"
        }
      }
    ],
    "max_size": [
      385,
      200
    ],
    "offset": [
      0,
      0
    ],
    "orientation": "vertical",
    "size": [
      "100% - 4px",
      "100% - 4px"
    ],
    "type": "panel"
  },
  "zeqa_menu_grid": {
    "anchor_from": "top_middle",
    "anchor_to": "top_middle",
    "bindings": [
      {
        "binding_name": "#form_button_length",
        "binding_name_override": "#maximum_grid_items"
      }
    ],
    "collection_name": "form_buttons",
    "grid_item_template": "grid.zeqa_button_size",
    "grid_rescaling_type": "horizontal",
    "size": [
      "100%",
      "100%c"
    ],
    "type": "grid"
  },
  "zeqa_scroll_panel": {
    "controls": [
      {
        "zeqa_scroll_panel_pane@common.scrolling_panel": {
          "$scroll_background_image_control": "server_form.zeqa_rail",
          "$scroll_bar_contained": true,
          "$scroll_bar_left_padding_size": [
            0,
            0
          ],
          "$scroll_bar_right_padding_size": [
            2,
            0
          ],
          "$scroll_box_mouse_image_control": "server_form.zeqa_scroll_handle",
          "$scroll_box_touch_image_control": "server_form.zeqa_scroll_handle",
          "$scroll_size": [
            5,
            "100% -4px"
          ],
          "$scroll_track_image_control": "server_form.zeqa_rail",
          "$scroll_view_port_offset": [
            -2,
            0
          ],
          "$scrolling_content": "grid.zeqa_wrapper",
          "$scrolling_pane_offset": [
            0,
            0
          ],
          "$scrolling_pane_size": [
            "100% - 4px",
            "100% - 2px"
          ],
          "$show_background": false,
          "anchor_from": "top_left",
          "anchor_to": "top_left",
          "size": [
            "100%",
            "100%"
          ]
        }
      }
    ],
    "layer": 2,
    "size": [
      "100%",
      "100% - 18px"
    ],
    "type": "image"
  },
  "zeqa_wrapper": {
    "controls": [
      {
        "zeqa_wrapper@grid.zeqa_grid": {}
      }
    ],
    "size": [
      "100%",
      "100%c"
    ],
    "type": "panel"
  }
}