{
  "namespace": "static",
  "zeqa_emojis_form": {
    "$max_size|default": [
      415,
      250
    ],
    "$size|default": [
      415,
      250
    ],
    "anchor_from": "center",
    "anchor_to": "center",
    "controls": [
      {
        "title": {
          "alpha": 1.0,
          "anchor_from": "top_middle",
          "anchor_to": "top_middle",
          "controls": [
            {
              "title_text": {
                "anchor_from": "top_middle",
                "anchor_to": "top_middle",
                "bindings": [
                  {
                    "binding_name": "#title_text",
                    "binding_type": "global"
                  }
                ],
                "font_scale_factor": 1.3,
                "font_type": "MinecraftSeven",
                "layer": 5,
                "offset": [
                  0,
                  0.5
                ],
                "shadow": false,
                "text": "#title_text",
                "text_alignment": "center",
                "type": "label"
              }
            }
          ],
          "layer": 4,
          "offset": [
            0,
            -5
          ],
          "size": [
            "100%c +10px",
            "100%c +3px"
          ],
          "texture": "textures/ui/zeqa/longform/titlebg",
          "type": "image"
        }
      },
      {
        "close_button@server_form.zeqa_close_button": {
          "anchor_from": "top_right",
          "anchor_to": "top_right",
          "offset": [
            5,
            -8
          ]
        }
      },
      {
        "contents": {
          "keep_ratio": false,
          "layer": 2,
          "size": [
            "100%",
            "100%"
          ],
          "texture": "textures/ui/zeqa/static/emojis",
          "type": "image"
        }
      }
    ],
    "offset": [
      0,
      0
    ],
    "orientation": "vertical",
    "size": "$size",
    "type": "panel",
    "variables": [
      {
        "$max_size": [
          300,
          175
        ],
        "$size": [
          300,
          175
        ],
        "requires": "($pocket_screen or $apple_os or $pocket_edition or $google_os)"
      }
    ]
  },
  "zeqa_rank_form": {
    "$max_size|default": [
      415,
      250
    ],
    "$size|default": [
      415,
      250
    ],
    "anchor_from": "center",
    "anchor_to": "center",
    "controls": [
      {
        "title": {
          "alpha": 1.0,
          "anchor_from": "top_middle",
          "anchor_to": "top_middle",
          "controls": [
            {
              "title_text": {
                "anchor_from": "top_middle",
                "anchor_to": "top_middle",
                "bindings": [
                  {
                    "binding_name": "#title_text",
                    "binding_type": "global"
                  }
                ],
                "font_scale_factor": 1.3,
                "font_type": "MinecraftSeven",
                "layer": 5,
                "offset": [
                  0,
                  0.5
                ],
                "shadow": false,
                "text": "#title_text",
                "text_alignment": "center",
                "type": "label"
              }
            }
          ],
          "layer": 4,
          "offset": [
            0,
            -5
          ],
          "size": [
            "100%c +10px",
            "100%c +3px"
          ],
          "texture": "textures/ui/zeqa/longform/titlebg",
          "type": "image"
        }
      },
      {
        "close_button@server_form.zeqa_close_button": {
          "anchor_from": "top_right",
          "anchor_to": "top_right",
          "offset": [
            5,
            -8
          ]
        }
      },
      {
        "contents": {
          "keep_ratio": false,
          "layer": 2,
          "size": [
            "100%",
            "100%"
          ],
          "texture": "textures/ui/zeqa/static/rank",
          "type": "image"
        }
      }
    ],
    "offset": [
      0,
      0
    ],
    "orientation": "vertical",
    "size": "$size",
    "type": "panel",
    "variables": [
      {
        "$max_size": [
          300,
          175
        ],
        "$size": [
          300,
          175
        ],
        "requires": "($pocket_screen or $apple_os or $pocket_edition or $google_os)"
      }
    ]
  },
  "zeqa_rules_form": {
    "$max_size|default": [
      415,
      250
    ],
    "$size|default": [
      415,
      250
    ],
    "anchor_from": "center",
    "anchor_to": "center",
    "controls": [
      {
        "title": {
          "alpha": 1.0,
          "anchor_from": "top_middle",
          "anchor_to": "top_middle",
          "controls": [
            {
              "title_text": {
                "anchor_from": "top_middle",
                "anchor_to": "top_middle",
                "bindings": [
                  {
                    "binding_name": "#title_text",
                    "binding_type": "global"
                  }
                ],
                "font_scale_factor": 1.3,
                "font_type": "MinecraftSeven",
                "layer": 5,
                "offset": [
                  0,
                  0.5
                ],
                "shadow": false,
                "text": "#title_text",
                "text_alignment": "center",
                "type": "label"
              }
            }
          ],
          "layer": 4,
          "offset": [
            0,
            -5
          ],
          "size": [
            "100%c +10px",
            "100%c +3px"
          ],
          "texture": "textures/ui/zeqa/longform/titlebg",
          "type": "image"
        }
      },
      {
        "close_button@server_form.zeqa_close_button": {
          "anchor_from": "top_right",
          "anchor_to": "top_right",
          "offset": [
            5,
            -8
          ]
        }
      },
      {
        "contents": {
          "keep_ratio": false,
          "layer": 2,
          "size": [
            "100%",
            "100%"
          ],
          "texture": "textures/ui/zeqa/static/rules",
          "type": "image"
        }
      }
    ],
    "offset": [
      0,
      0
    ],
    "orientation": "vertical",
    "size": "$size",
    "type": "panel",
    "variables": [
      {
        "$max_size": [
          300,
          175
        ],
        "$size": [
          300,
          175
        ],
        "requires": "($pocket_screen or $apple_os or $pocket_edition or $google_os)"
      }
    ]
  }
}