{"format_version":"1.10.0","minecraft:client_entity":{"description":{"identifier":"lifeboat:zombie_apocalypse_eye","materials":{"default":"default"},"textures":{"default":"textures/entity/eye/eye"},"geometry":{"default":"geometry.eye"},"scripts":{"animate":["general","anim_controller","attack_controller","move_controller"]},"animations":{"anim_controller":"controller.animation.eye.anim_controller","attack_controller":"controller.animation.eye.attack_controller","move_controller":"controller.animation.eye.move_controller","walk":"animation.eye.walk","attack":"animation.eye.attack","general":"animation.eye.general"},"render_controllers":["controller.render.united"],"spawn_egg":{"texture":"spawn_egg","texture_index":38}}}}