{"format_version":"1.10.0","minecraft:client_entity":{"description":{"identifier":"lifeboat:zombie_apocalypse_mboss","materials":{"default":"default"},"textures":{"default":"textures/entity/mboss/0"},"geometry":{"default":"geometry.mboss"},"scripts":{"scale":"0.4","animate":["anim_controller","attacking","move_controller"]},"animations":{"anim_controller":"controller.animation.doll.anim_controller","attacking":"controller.animation.base.attacking","attack":"animation.mboss.attack","move_controller":"controller.animation.doll.move_controller","walk":"animation.mboss.walk"},"render_controllers":["controller.render.default"],"spawn_egg":{"texture":"spawn_egg","texture_index":38}}}}