{"format_version":"1.10.0","minecraft:client_entity":{"description":{"identifier":"lifeboat:zombie_apocalypse_mummy","materials":{"default":"default"},"textures":{"default":"textures/entity/mummy/0"},"geometry":{"default":"geometry.mummy"},"scripts":{"animate":["look_at_target","attack","move"],"scale":"1.0"},"animations":{"chilling":"animation.mummy.chilling","look_at_target":"animation.mummy.look_at_target","attack":"controller.animation.mummy.attack","move":"controller.animation.mummy.move","moving":"animation.mummy.moving","attacking":"animation.mummy.attacking"},"render_controllers":["controller.render.default"],"spawn_egg":{"texture":"spawn_egg","texture_index":52}}}}