{"format_version":"1.10.0","minecraft:client_entity":{"description":{"identifier":"lifeboat:zombie_apocalypse_yeti","materials":{"default":"alphatest"},"textures":{"default":"textures/entity/yeti/0"},"geometry":{"default":"geometry.yeti"},"scripts":{"scale":"1.3","animate":["attack","general","express"]},"animations":{"attack":"controller.animation.pirat_canon.attack","move":"animation.yeti.move","express":"controller.animation.animals.move","general":"animation.yeti.general","attacking":"animation.yeti.attack"},"render_controllers":["controller.render.default"],"spawn_egg":{"texture":"spawn_egg","texture_index":38}}}}