{
  "format_version": "1.8.0",
  "minecraft:client_entity": {
    "description": {
      "animation_controllers": [
        {
          "general": "controller.animation.clipboard.general"
        }
      ],
      "animations": {
        "bounce": "animation.clipboard.bounce"
      },
      "geometry": {
        "default": "geometry.clipboard"
      },
      "identifier": "game:clipboard",
      "materials": {
        "default": "translucence"
      },
      "render_controllers": [
        "controller.render.translucence"
      ],
      "textures": {
        "default": "textures/entity/game/clipboard"
      }
    }
  }
}