{
  "format_version": "1.8.0",
  "minecraft:client_entity": {
    "description": {
      "animation_controllers": [
        {
          "general": "controller.animation.crate.general"
        }
      ],
      "animations": {
        "default": "animation.crate.shaking_lightly",
        "opening": "animation.crate.opening",
        "shaking_lightly": "animation.crate.shaking_lightly",
        "shaking_vigorously": "animation.crate.shaking_vigorously"
      },
      "geometry": {
        "default": "geometry.crate"
      },
      "identifier": "game:crate",
      "materials": {
        "default": "translucence"
      },
      "render_controllers": [
        "controller.render.crate"
      ],
      "textures": {
        "default": "textures/entity/game/crate_iron",
        "diamond": "textures/entity/game/crate_diamond",
        "divine": "textures/entity/game/crate_divine",
        "emerald": "textures/entity/game/crate_emerald",
        "gold": "textures/entity/game/crate_gold",
        "iron": "textures/entity/game/crate_iron",
        "vote": "textures/entity/game/crate_vote"
      }
    }
  }
}