{
  "format_version": "1.8.0",
  "minecraft:client_entity": {
    "description": {
      "animation_controllers": [
        {
          "general": "controller.animation.dollarsign.general"
        }
      ],
      "animations": {
        "bounce": "animation.dollarsign.bounce"
      },
      "geometry": {
        "default": "geometry.dollarsign"
      },
      "identifier": "game:dollarsign",
      "materials": {
        "default": "translucence"
      },
      "render_controllers": [
        "controller.render.translucence"
      ],
      "textures": {
        "default": "textures/entity/game/dollarsign"
      }
    }
  }
}