{
  "format_version": "1.8.0",
  "minecraft:client_entity": {
    "description": {
      "geometry": {
        "default": "geometry.moneybag"
      },
      "identifier": "game:moneybag",
      "materials": {
        "default": "translucence"
      },
      "render_controllers": [
        "controller.render.moneybag"
      ],
      "textures": {
        "default": "textures/entity/game/moneybag_silver",
        "gold": "textures/entity/game/moneybag_gold",
        "iron": "textures/entity/game/moneybag_silver"
      }
    }
  }
}