{
    "namespace": "btn_close",
    "btn_close@common.close_button": {
        "$default_button_alpha": 1,
        "anchor_from": "top_right",
        "anchor_to": "top_right",
        "offset": [
            "0%",
            "0%"
        ],
        "layer": 6,
        "controls": [
            {
                "default": {
                    "layer": 2,
                    "type": "panel",
                    "size": [
                        "100%c",
                        "100%c"
                    ],
                    "controls": [
                        {
                            "close@common.close_button_panel": {
                                "$close_button_texture": "textures/ui/btn_close",
                                "size": [
                                    "10px",
                                    "10px"
                                ]
                            }
                        }
                    ]
                }
            },
            {
                "hover": {
                    "layer": 2,
                    "type": "panel",
                    "size": [
                        "100%c",
                        "100%c"
                    ],
                    "controls": [
                        {
                            "close@common.close_button_panel": {
                                "$close_button_texture": "textures/ui/btn_close_hover",
                                "size": [
                                    "10px",
                                    "10px"
                                ]
                            }
                        }
                    ]
                }
            },
            {
                "pressed": {
                    "layer": 2,
                    "type": "panel",
                    "size": [
                        "100%c",
                        "100%c"
                    ],
                    "controls": [
                        {
                            "close@common.close_button_panel": {
                                "$close_button_texture": "textures/ui/btn_close_hover",
                                "size": [
                                    "10px",
                                    "10px"
                                ]
                            }
                        }
                    ]
                }
            }
        ]
    }
}