{
    "namespace": "server_list",
    "main": {
        "type": "panel",
        "size": [
            "85%",
            "90%"
        ],
        "offset": [
            0,
            5
        ],
        "controls": [
            {
                "close": {
                    "type": "panel",
                    "anchor_from": "top_right",
                    "anchor_to": "top_right",
                    "controls": [
                        {
                            "close_button@btn_close.btn_close": {}
                        }
                    ]
                }
            },
            {
                "contents": {
                    "layer": 2,
                    "type": "image",
                    "texture": "textures/ui/main_menu/form_background",
                    "keep_ratio": false,
                    "controls": [
                        {
                            "button_panel@server_list.button_panel": {}
                        }
                    ]
                }
            }
        ]
    },
    "button_panel": {
        "type": "stack_panel",
        "orientation": "horizontal",
        "size": [
            "90px",
            "90px"
        ],
        "offset": [
            "12.5%",
            0
        ],
        "factory": {
            "name": "buttons",
            "control_name": "server_list.button_panel_child"
        },
        "collection_name": "form_buttons",
        "bindings": [
            {
                "binding_name": "#form_button_length",
                "binding_name_override": "#collection_length"
            }
        ]
    },
    "button_panel_child": {
        "type": "panel",
        "size": [
            "85%",
            "85%"
        ],
        "$farmland": "farmland",
        "$imbali": "imbali",
        "$manashino": "manashino",
        "$minage": "minage",
        "$untaa": "untaa",
        "controls": [
            {
                "dynamic_button_item@server_list.dynamic_button_item": {
                    "$texture": "textures/ui/main_menu/farmland/farmland",
                    "$texture_hover": "textures/ui/main_menu/farmland/farmland_hover",
                    "$source_property_flag": "(not (#form_button_text - $farmland = #form_button_text))",
                    "offset": [
                        "18%",
                        "65%"
                    ]
                }
            },
            {
                "dynamic_button_item@server_list.dynamic_button_item": {
                    "$texture": "textures/ui/main_menu/imbali/imbali",
                    "$texture_hover": "textures/ui/main_menu/imbali/imbali_hover",
                    "$source_property_flag": "(not (#form_button_text - $imbali = #form_button_text))",
                    "offset": [
                        "-240%",
                        "25%"
                    ]
                }
            },
            {
                "dynamic_button_item@server_list.dynamic_button_item": {
                    "$texture": "textures/ui/main_menu/manashino/manashino",
                    "$texture_hover": "textures/ui/main_menu/manashino/manashino_hover",
                    "$source_property_flag": "(not (#form_button_text - $manashino = #form_button_text))",
                    "offset": [
                        "-280%",
                        "125%"
                    ]
                }
            },
            {
                "dynamic_button_item@server_list.dynamic_button_item": {
                    "$texture": "textures/ui/main_menu/minage/minage",
                    "$texture_hover": "textures/ui/main_menu/minage/minage_hover",
                    "$source_property_flag": "(not (#form_button_text - $minage = #form_button_text))",
                    "offset": [
                        "-220%",
                        "-95%"
                    ]
                }
            },
            {
                "dynamic_button_item@server_list.dynamic_button_item": {
                    "$texture": "textures/ui/main_menu/untaa/untaa",
                    "$texture_hover": "textures/ui/main_menu/untaa/untaa_hover",
                    "$source_property_flag": "(not (#form_button_text - $untaa = #form_button_text))",
                    "offset": [
                        "-285%",
                        "-25%"
                    ]
                }
            }
        ]
    },
    "dynamic_button_item": {
        "type": "stack_panel",
        "size": [
            "85%",
            "85%"
        ],
        "$texture|default": "textures/ui/main_menu/untaa/untaa",
        "$texture_hover|default": "textures/ui/main_menu/untaa/untaa_hover",
        "$source_property_flag|default": "",
        "orientation": "horizontal",
        "bindings": [
            {
                "binding_name": "#form_button_text",
                "binding_type": "collection",
                "binding_collection_name": "form_buttons"
            },
            {
                "binding_type": "view",
                "source_property_name": "$source_property_flag",
                "target_property_name": "#visible"
            }
        ],
        "controls": [
            {
                "form_button@common_buttons.light_text_button": {
                    "$pressed_button_name": "button.form_button_click",
                    "$default_button_texture": "$texture",
                    "$hover_button_texture": "$texture_hover",
                    "$pressed_button_texture": "$texture_hover",
                    "$border_visible": false,
                    "focus_enabled": false,
                    "$button_text": "",
                    "$button_text_binding_type": "collection",
                    "$button_text_grid_collection_name": "form_buttons",
                    "$button_text_size": [
                        "100%",
                        "70%"
                    ],
                    "$button_text_max_size": [
                        "100%",
                        "70%"
                    ],
                    "bindings": [
                        {
                            "binding_type": "collection_details",
                            "binding_collection_name": "form_buttons"
                        }
                    ]
                }
            }
        ]
    }
}