{
    "namespace": "server_job",
    "main": {
        "type": "panel",
        "size": [
            "85%",
            "90%"
        ],
        "offset": [
            0,
            5
        ],
        "controls": [
            {
                "close": {
                    "type": "panel",
                    "anchor_from": "top_right",
                    "anchor_to": "top_right",
                    "controls": [
                        {
                            "close_button@btn_close.btn_close": {}
                        }
                    ]
                }
            },
            {
                "contents": {
                    "layer": 2,
                    "type": "image",
                    "texture": "textures/ui/jobs/job_background",
                    "keep_ratio": false,
                    "controls": [
                        {
                            "button_panel@server_job.button_panel": {}
                        }
                    ]
                }
            }
        ]
    },
    "button_panel": {
        "type": "stack_panel",
        "orientation": "horizontal",
        "size": [
            "20%",
            "40%"
        ],
        "anchor_from": "left_middle",
        "anchor_to": "left_middle",
        "offset": [
            "12.5%",
            0
        ],
        "factory": {
            "name": "buttons",
            "control_name": "server_job.button_panel_child"
        },
        "collection_name": "form_buttons",
        "bindings": [
            {
                "binding_name": "#form_button_length",
                "binding_name_override": "#collection_length"
            }
        ]
    },
    "button_panel_child": {
        "type": "panel",
        "size": [
            "85%",
            "85%"
        ],
        "$miner": "Mineur",
        "$farmer": "Farmeur",
        "$hunter": "Hunter",
        "$alchimiste": "Alchimiste",
        "controls": [
            {
                "dynamic_button_item@server_job.dynamic_button_item": {
                    "$texture": "textures/ui/jobs/Mineur",
                    "$texture_hover": "textures/ui/jobs/Mineur_Hover",
                    "$source_property_flag": "(not (#form_button_text - $miner = #form_button_text))"
                }
            },
            {
                "dynamic_button_item@server_job.dynamic_button_item": {
                    "$texture": "textures/ui/jobs/Farmeur",
                    "$texture_hover": "textures/ui/jobs/Farmeur_Hover",
                    "$source_property_flag": "(not (#form_button_text - $farmer = #form_button_text))"
                }
            },
            {
                "dynamic_button_item@server_job.dynamic_button_item": {
                    "$texture": "textures/ui/jobs/Hunter",
                    "$texture_hover": "textures/ui/jobs/Hunter_Hover",
                    "$source_property_flag": "(not (#form_button_text - $hunter = #form_button_text))"
                }
            },
            {
                "dynamic_button_item@server_job.dynamic_button_item": {
                    "$texture": "textures/ui/jobs/Alchimiste",
                    "$texture_hover": "textures/ui/jobs/Alchimiste_Hover",
                    "$source_property_flag": "(not (#form_button_text - $alchimiste = #form_button_text))"
                }
            }
        ]
    },
    "dynamic_button_item": {
        "type": "stack_panel",
        "size": [
            "85%",
            "85%"
        ],
        "$texture|default": "textures/ui/jobs/Farmeur",
        "$texture_hover|default": "textures/ui/jobs/Farmeur_Hover",
        "$source_property_flag|default": "",
        "orientation": "horizontal",
        "bindings": [
            {
                "binding_name": "#form_button_text",
                "binding_type": "collection",
                "binding_collection_name": "form_buttons"
            },
            {
                "binding_type": "view",
                "source_property_name": "$source_property_flag",
                "target_property_name": "#visible"
            }
        ],
        "controls": [
            {
                "form_button@common_buttons.light_text_button": {
                    "$pressed_button_name": "button.form_button_click",
                    "$default_button_texture": "$texture",
                    "$hover_button_texture": "$texture_hover",
                    "$pressed_button_texture": "$texture_hover",
                    "$border_visible": false,
                    "focus_enabled": false,
                    "$button_text": "",
                    "$button_text_binding_type": "collection",
                    "$button_text_grid_collection_name": "form_buttons",
                    "$button_text_size": [
                        "100%",
                        "70%"
                    ],
                    "$button_text_max_size": [
                        "100%",
                        "70%"
                    ],
                    "bindings": [
                        {
                            "binding_type": "collection_details",
                            "binding_collection_name": "form_buttons"
                        }
                    ]
                }
            }
        ]
    }
}