{
	"format_version": "1.16.0",
	"minecraft:geometry": [
		{
			"description": {
				"identifier": "geometry.geyser_custom.musicbox",
				"texture_width": 64,
				"texture_height": 64,
				"visible_bounds_width": 3,
				"visible_bounds_height": 2.5,
				"visible_bounds_offset": [0, 0.75, 0]
			},
			"bones": [
				{
                    "binding": "c.item_slot == 'head' ? 'head' : q.item_slot_to_bone_name(c.item_slot)",
                    "name": "geyser_custom",
                    "pivot": [0, 8, 0]
                }, {
                    "name": "geyser_custom_x",
                    "parent": "geyser_custom",
                    "pivot": [0, 8, 0]
                }, {
                    "name": "geyser_custom_y",
                    "parent": "geyser_custom_x",
                    "pivot": [0, 8, 0]
                }, 
				{
					"name": "geyser_custom_z",
                    "parent": "geyser_custom_y",
                    "pivot": [0, 8, 0],
					"cubes": [
						{
							"origin": [-5, 0, -6],
							"size": [11, 0.5, 11],
							"uv": {
								"north": {"uv": [41, 43], "uv_size": [11, 0.5]},
								"east": {"uv": [44, 7], "uv_size": [11, 0.5]},
								"south": {"uv": [44, 8], "uv_size": [11, 0.5]},
								"west": {"uv": [44, 9], "uv_size": [11, 0.5]},
								"up": {"uv": [0, 0], "uv_size": [11, 11]},
								"down": {"uv": [0, 22], "uv_size": [11, -11]}
							}
						},
						{
							"origin": [3, 8, -6],
							"size": [3, 0.5, 1.5],
							"uv": {
								"north": {"uv": [49, 4], "uv_size": [3, 0.5]},
								"east": {"uv": [52, 42], "uv_size": [1.5, 0.5]},
								"south": {"uv": [49, 5], "uv_size": [3, 0.5]},
								"west": {"uv": [52, 43], "uv_size": [1.5, 0.5]},
								"up": {"uv": [4, 39], "uv_size": [3, 1.5]},
								"down": {"uv": [7, 40.5], "uv_size": [3, -1.5]}
							}
						},
						{
							"origin": [4.5, 8, -4.5],
							"size": [1.5, 0.5, 1.5],
							"uv": {
								"north": {"uv": [52, 44], "uv_size": [1.5, 0.5]},
								"east": {"uv": [52, 45], "uv_size": [1.5, 0.5]},
								"south": {"uv": [52, 46], "uv_size": [1.5, 0.5]},
								"west": {"uv": [48, 52], "uv_size": [1.5, 0.5]},
								"up": {"uv": [47, 44], "uv_size": [1.5, 1.5]},
								"down": {"uv": [26, 49.5], "uv_size": [1.5, -1.5]}
							}
						},
						{
							"origin": [4.5, 8, 2.5],
							"size": [1.5, 0.5, 2.5],
							"uv": {
								"north": {"uv": [33, 52], "uv_size": [1.5, 0.5]},
								"east": {"uv": [51, 0], "uv_size": [2.5, 0.5]},
								"south": {"uv": [35, 52], "uv_size": [1.5, 0.5]},
								"west": {"uv": [51, 1], "uv_size": [2.5, 0.5]},
								"up": {"uv": [32, 45], "uv_size": [1.5, 2.5]},
								"down": {"uv": [34, 47.5], "uv_size": [1.5, -2.5]}
							}
						},
						{
							"origin": [-4.5, 0.5, -5.5],
							"size": [10, 0.5, 10],
							"uv": {
								"north": {"uv": [44, 10], "uv_size": [10, 0.5]},
								"east": {"uv": [44, 11], "uv_size": [10, 0.5]},
								"south": {"uv": [44, 12], "uv_size": [10, 0.5]},
								"west": {"uv": [44, 13], "uv_size": [10, 0.5]},
								"up": {"uv": [11, 0], "uv_size": [10, 10]},
								"down": {"uv": [11, 20], "uv_size": [10, -10]}
							}
						},
						{
							"origin": [-4.5, 7.5, -5.5],
							"size": [10, 0.5, 1],
							"uv": {
								"north": {"uv": [44, 21], "uv_size": [10, 0.5]},
								"east": {"uv": [53, 50], "uv_size": [1, 0.5]},
								"south": {"uv": [44, 22], "uv_size": [10, 0.5]},
								"west": {"uv": [52, 53], "uv_size": [1, 0.5]},
								"up": {"uv": [0, 37], "uv_size": [10, 1]},
								"down": {"uv": [10, 38], "uv_size": [10, -1]}
							}
						},
						{
							"origin": [4.5, 7.5, -4.5],
							"size": [1, 0.5, 9],
							"uv": {
								"north": {"uv": [53, 53], "uv_size": [1, 0.5]},
								"east": {"uv": [44, 39], "uv_size": [9, 0.5]},
								"south": {"uv": [54, 0], "uv_size": [1, 0.5]},
								"west": {"uv": [44, 40], "uv_size": [9, 0.5]},
								"up": {"uv": [20, 37], "uv_size": [1, 9]},
								"down": {"uv": [0, 48], "uv_size": [1, -9]}
							}
						},
						{
							"origin": [4.5, 8, -3],
							"size": [1, 0.5, 5.5],
							"uv": {
								"north": {"uv": [1, 54], "uv_size": [1, 0.5]},
								"east": {"uv": [47, 27], "uv_size": [5.5, 0.5]},
								"south": {"uv": [54, 1], "uv_size": [1, 0.5]},
								"west": {"uv": [47, 28], "uv_size": [5.5, 0.5]},
								"up": {"uv": [1, 44], "uv_size": [1, 5.5]},
								"down": {"uv": [2, 49.5], "uv_size": [1, -5.5]}
							}
						},
						{
							"origin": [-4.5, 7.5, 3.5],
							"size": [9, 1, 1],
							"uv": {
								"north": {"uv": [38, 3], "uv_size": [9, 1]},
								"east": {"uv": [8, 29], "uv_size": [1, 1]},
								"south": {"uv": [38, 4], "uv_size": [9, 1]},
								"west": {"uv": [9, 29], "uv_size": [1, 1]},
								"up": {"uv": [38, 5], "uv_size": [9, 1]},
								"down": {"uv": [38, 7], "uv_size": [9, -1]}
							}
						},
						{
							"origin": [3, 8, 4.5],
							"size": [1.5, 0.5, 0.5],
							"uv": {
								"north": {"uv": [52, 49], "uv_size": [1.5, 0.5]},
								"east": {"uv": [31, 54], "uv_size": [0.5, 0.5]},
								"south": {"uv": [50, 52], "uv_size": [1.5, 0.5]},
								"west": {"uv": [32, 54], "uv_size": [0.5, 0.5]},
								"up": {"uv": [52, 51], "uv_size": [1.5, 0.5]},
								"down": {"uv": [52, 52.5], "uv_size": [1.5, -0.5]}
							}
						},
						{
							"origin": [-5, 8, -5.5],
							"size": [8, 0.5, 1],
							"uv": {
								"north": {"uv": [12, 45], "uv_size": [8, 0.5]},
								"east": {"uv": [2, 54], "uv_size": [1, 0.5]},
								"south": {"uv": [45, 26], "uv_size": [8, 0.5]},
								"west": {"uv": [54, 2], "uv_size": [1, 0.5]},
								"up": {"uv": [42, 15], "uv_size": [8, 1]},
								"down": {"uv": [42, 17], "uv_size": [8, -1]}
							}
						},
						{
							"origin": [-5, 8, 4.5],
							"size": [3, 0.5, 0.5],
							"uv": {
								"north": {"uv": [49, 6], "uv_size": [3, 0.5]},
								"east": {"uv": [33, 54], "uv_size": [0.5, 0.5]},
								"south": {"uv": [36, 49], "uv_size": [3, 0.5]},
								"west": {"uv": [54, 35], "uv_size": [0.5, 0.5]},
								"up": {"uv": [49, 44], "uv_size": [3, 0.5]},
								"down": {"uv": [49, 45.5], "uv_size": [3, -0.5]}
							}
						},
						{
							"origin": [-5, 8, -6],
							"size": [2.5, 0.5, 0.5],
							"uv": {
								"north": {"uv": [51, 2], "uv_size": [2.5, 0.5]},
								"east": {"uv": [54, 36], "uv_size": [0.5, 0.5]},
								"south": {"uv": [3, 51], "uv_size": [2.5, 0.5]},
								"west": {"uv": [37, 54], "uv_size": [0.5, 0.5]},
								"up": {"uv": [51, 3], "uv_size": [2.5, 0.5]},
								"down": {"uv": [51, 14.5], "uv_size": [2.5, -0.5]}
							}
						},
						{
							"origin": [-4.5, 7.5, -4.5],
							"size": [1, 1, 8],
							"uv": {
								"north": {"uv": [28, 37], "uv_size": [1, 1]},
								"east": {"uv": [42, 17], "uv_size": [8, 1]},
								"south": {"uv": [47, 6], "uv_size": [1, 1]},
								"west": {"uv": [42, 18], "uv_size": [8, 1]},
								"up": {"uv": [10, 22], "uv_size": [1, 8]},
								"down": {"uv": [21, 49], "uv_size": [1, -8]}
							}
						},
						{
							"origin": [-5, 8, -4.5],
							"size": [0.5, 0.5, 1.5],
							"uv": {
								"north": {"uv": [54, 37], "uv_size": [0.5, 0.5]},
								"east": {"uv": [1, 53], "uv_size": [1.5, 0.5]},
								"south": {"uv": [38, 54], "uv_size": [0.5, 0.5]},
								"west": {"uv": [3, 53], "uv_size": [1.5, 0.5]},
								"up": {"uv": [37, 52], "uv_size": [0.5, 1.5]},
								"down": {"uv": [40, 53.5], "uv_size": [0.5, -1.5]}
							}
						},
						{
							"origin": [-5, 8, 2],
							"size": [0.5, 0.5, 2.5],
							"uv": {
								"north": {"uv": [54, 38], "uv_size": [0.5, 0.5]},
								"east": {"uv": [32, 51], "uv_size": [2.5, 0.5]},
								"south": {"uv": [39, 54], "uv_size": [0.5, 0.5]},
								"west": {"uv": [35, 51], "uv_size": [2.5, 0.5]},
								"up": {"uv": [27, 50], "uv_size": [0.5, 2.5]},
								"down": {"uv": [6, 53.5], "uv_size": [0.5, -2.5]}
							}
						},
						{
							"origin": [3.5, 1, -5],
							"size": [1.5, 6.5, 1.5],
							"uv": {
								"north": {"uv": [8, 22], "uv_size": [1.5, 6.5]},
								"east": {"uv": [10, 38], "uv_size": [1.5, 6.5]},
								"south": {"uv": [12, 38], "uv_size": [1.5, 6.5]},
								"west": {"uv": [14, 38], "uv_size": [1.5, 6.5]},
								"up": {"uv": [32, 48], "uv_size": [1.5, 1.5]},
								"down": {"uv": [34, 49.5], "uv_size": [1.5, -1.5]}
							}
						},
						{
							"origin": [4.5, 1, 2.5],
							"size": [0.5, 6.5, 1.5],
							"uv": {
								"north": {"uv": [20, 46], "uv_size": [0.5, 6.5]},
								"east": {"uv": [16, 38], "uv_size": [1.5, 6.5]},
								"south": {"uv": [12, 47], "uv_size": [0.5, 6.5]},
								"west": {"uv": [18, 38], "uv_size": [1.5, 6.5]},
								"up": {"uv": [53, 4], "uv_size": [0.5, 1.5]},
								"down": {"uv": [5, 54.5], "uv_size": [0.5, -1.5]}
							}
						},
						{
							"origin": [-4, 1, -5],
							"size": [1.5, 6.5, 0.5],
							"uv": {
								"north": {"uv": [28, 38], "uv_size": [1.5, 6.5]},
								"east": {"uv": [13, 47], "uv_size": [0.5, 6.5]},
								"south": {"uv": [30, 38], "uv_size": [1.5, 6.5]},
								"west": {"uv": [14, 47], "uv_size": [0.5, 6.5]},
								"up": {"uv": [53, 6], "uv_size": [1.5, 0.5]},
								"down": {"uv": [8, 53.5], "uv_size": [1.5, -0.5]}
							}
						},
						{
							"origin": [-4, 1, 2.5],
							"size": [0.5, 6.5, 0.5],
							"uv": {
								"north": {"uv": [15, 47], "uv_size": [0.5, 6.5]},
								"east": {"uv": [16, 47], "uv_size": [0.5, 6.5]},
								"south": {"uv": [17, 47], "uv_size": [0.5, 6.5]},
								"west": {"uv": [18, 47], "uv_size": [0.5, 6.5]},
								"up": {"uv": [54, 39], "uv_size": [0.5, 0.5]},
								"down": {"uv": [40, 54.5], "uv_size": [0.5, -0.5]}
							}
						},
						{
							"origin": [-4, 1, 3],
							"size": [1, 6.5, 0.5],
							"uv": {
								"north": {"uv": [22, 41], "uv_size": [1, 6.5]},
								"east": {"uv": [19, 47], "uv_size": [0.5, 6.5]},
								"south": {"uv": [23, 41], "uv_size": [1, 6.5]},
								"west": {"uv": [28, 47], "uv_size": [0.5, 6.5]},
								"up": {"uv": [3, 54], "uv_size": [1, 0.5]},
								"down": {"uv": [54, 3.5], "uv_size": [1, -0.5]}
							}
						},
						{
							"origin": [-4, 1, 3.5],
							"size": [1.5, 6.5, 0.5],
							"uv": {
								"north": {"uv": [32, 38], "uv_size": [1.5, 6.5]},
								"east": {"uv": [29, 47], "uv_size": [0.5, 6.5]},
								"south": {"uv": [34, 38], "uv_size": [1.5, 6.5]},
								"west": {"uv": [41, 47], "uv_size": [0.5, 6.5]},
								"up": {"uv": [53, 15], "uv_size": [1.5, 0.5]},
								"down": {"uv": [53, 16.5], "uv_size": [1.5, -0.5]}
							}
						},
						{
							"origin": [3.5, 1, 3],
							"size": [1, 6.5, 1],
							"uv": {
								"north": {"uv": [24, 41], "uv_size": [1, 6.5]},
								"east": {"uv": [25, 41], "uv_size": [1, 6.5]},
								"south": {"uv": [26, 41], "uv_size": [1, 6.5]},
								"west": {"uv": [27, 41], "uv_size": [1, 6.5]},
								"up": {"uv": [40, 51], "uv_size": [1, 1]},
								"down": {"uv": [48, 52], "uv_size": [1, -1]}
							}
						},
						{
							"origin": [-4, 1, -4.5],
							"size": [1, 6.5, 1],
							"uv": {
								"north": {"uv": [42, 21], "uv_size": [1, 6.5]},
								"east": {"uv": [42, 28], "uv_size": [1, 6.5]},
								"south": {"uv": [42, 35], "uv_size": [1, 6.5]},
								"west": {"uv": [36, 42], "uv_size": [1, 6.5]},
								"up": {"uv": [49, 51], "uv_size": [1, 1]},
								"down": {"uv": [51, 50], "uv_size": [1, -1]}
							}
						},
						{
							"origin": [-1, 8, -2],
							"size": [3, 0.5, 3],
							"uv": {
								"north": {"uv": [49, 46], "uv_size": [3, 0.5]},
								"east": {"uv": [48, 49], "uv_size": [3, 0.5]},
								"south": {"uv": [50, 15], "uv_size": [3, 0.5]},
								"west": {"uv": [50, 16], "uv_size": [3, 0.5]},
								"up": {"uv": [31, 7], "uv_size": [3, 3]},
								"down": {"uv": [1, 42], "uv_size": [3, -3]}
							}
						},
						{
							"origin": [-0.5, 8.5, -1.5],
							"size": [2, 0.5, 2],
							"uv": {
								"north": {"uv": [50, 51], "uv_size": [2, 0.5]},
								"east": {"uv": [51, 50], "uv_size": [2, 0.5]},
								"south": {"uv": [2, 52], "uv_size": [2, 0.5]},
								"west": {"uv": [4, 52], "uv_size": [2, 0.5]},
								"up": {"uv": [45, 27], "uv_size": [2, 2]},
								"down": {"uv": [28, 47], "uv_size": [2, -2]}
							}
						},
						{
							"origin": [-3, 1, -4.5],
							"size": [6.5, 6.5, 1],
							"uv": {
								"north": {"uv": [29, 10], "uv_size": [6.5, 6.5]},
								"east": {"uv": [37, 42], "uv_size": [1, 6.5]},
								"south": {"uv": [29, 17], "uv_size": [6.5, 6.5]},
								"west": {"uv": [38, 42], "uv_size": [1, 6.5]},
								"up": {"uv": [39, 42], "uv_size": [6.5, 1]},
								"down": {"uv": [1, 44], "uv_size": [6.5, -1]}
							}
						},
						{
							"origin": [3.5, 1, -3.5],
							"size": [1, 6.5, 6.5],
							"uv": {
								"north": {"uv": [43, 7], "uv_size": [1, 6.5]},
								"east": {"uv": [29, 24], "uv_size": [6.5, 6.5]},
								"south": {"uv": [8, 43], "uv_size": [1, 6.5]},
								"west": {"uv": [0, 30], "uv_size": [6.5, 6.5]},
								"up": {"uv": [9, 43], "uv_size": [1, 6.5]},
								"down": {"uv": [43, 27.5], "uv_size": [1, -6.5]}
							}
						},
						{
							"origin": [-2.5, 1, 3],
							"size": [6, 6.5, 0.5],
							"uv": {
								"north": {"uv": [36, 14], "uv_size": [6, 6.5]},
								"east": {"uv": [42, 47], "uv_size": [0.5, 6.5]},
								"south": {"uv": [36, 21], "uv_size": [6, 6.5]},
								"west": {"uv": [43, 47], "uv_size": [0.5, 6.5]},
								"up": {"uv": [4, 41], "uv_size": [6, 0.5]},
								"down": {"uv": [46, 42.5], "uv_size": [6, -0.5]}
							}
						},
						{
							"origin": [-3.5, 1, -3.5],
							"size": [0.5, 6.5, 6],
							"uv": {
								"north": {"uv": [44, 47], "uv_size": [0.5, 6.5]},
								"east": {"uv": [36, 28], "uv_size": [6, 6.5]},
								"south": {"uv": [45, 47], "uv_size": [0.5, 6.5]},
								"west": {"uv": [36, 35], "uv_size": [6, 6.5]},
								"up": {"uv": [24, 48], "uv_size": [0.5, 6]},
								"down": {"uv": [25, 54], "uv_size": [0.5, -6]}
							}
						},
						{
							"origin": [-3.5, 7.5, -4.5],
							"size": [8, 0.5, 8],
							"uv": {
								"north": {"uv": [45, 29], "uv_size": [8, 0.5]},
								"east": {"uv": [45, 30], "uv_size": [8, 0.5]},
								"south": {"uv": [45, 31], "uv_size": [8, 0.5]},
								"west": {"uv": [45, 32], "uv_size": [8, 0.5]},
								"up": {"uv": [21, 10], "uv_size": [8, 8]},
								"down": {"uv": [21, 26], "uv_size": [8, -8]}
							}
						},
						{
							"origin": [-3, 1, -3.5],
							"size": [6.5, 6.5, 6.5],
							"uv": {
								"north": {"uv": [7, 30], "uv_size": [6.5, 6.5]},
								"east": {"uv": [14, 30], "uv_size": [6.5, 6.5]},
								"south": {"uv": [31, 0], "uv_size": [6.5, 6.5]},
								"west": {"uv": [29, 31], "uv_size": [6.5, 6.5]},
								"up": {"uv": [21, 34], "uv_size": [6.5, 6.5]},
								"down": {"uv": [36, 13.5], "uv_size": [6.5, -6.5]}
							}
						},
						{
							"origin": [-3, 1, 3],
							"size": [0.5, 6.5, 0.5],
							"uv": {
								"north": {"uv": [46, 47], "uv_size": [0.5, 6.5]},
								"east": {"uv": [47, 47], "uv_size": [0.5, 6.5]},
								"south": {"uv": [0, 48], "uv_size": [0.5, 6.5]},
								"west": {"uv": [48, 0], "uv_size": [0.5, 6.5]},
								"up": {"uv": [54, 40], "uv_size": [0.5, 0.5]},
								"down": {"uv": [41, 54.5], "uv_size": [0.5, -0.5]}
							}
						},
						{
							"origin": [-3.5, 1, 2.5],
							"size": [0.5, 6.5, 0.5],
							"uv": {
								"north": {"uv": [10, 48], "uv_size": [0.5, 6.5]},
								"east": {"uv": [11, 48], "uv_size": [0.5, 6.5]},
								"south": {"uv": [22, 48], "uv_size": [0.5, 6.5]},
								"west": {"uv": [23, 48], "uv_size": [0.5, 6.5]},
								"up": {"uv": [42, 54], "uv_size": [0.5, 0.5]},
								"down": {"uv": [54, 42.5], "uv_size": [0.5, -0.5]}
							}
						},
						{
							"origin": [3, 14.5, 12.5],
							"size": [3, 1.5, 0.5],
							"pivot": [6, 16, 12.5],
							"rotation": [-45, 0, 0],
							"uv": {
								"north": {"uv": [41, 44], "uv_size": [3, 1.5]},
								"east": {"uv": [20, 53], "uv_size": [0.5, 1.5]},
								"south": {"uv": [44, 44], "uv_size": [3, 1.5]},
								"west": {"uv": [21, 53], "uv_size": [0.5, 1.5]},
								"up": {"uv": [50, 17], "uv_size": [3, 0.5]},
								"down": {"uv": [50, 18.5], "uv_size": [3, -0.5]}
							}
						},
						{
							"origin": [4.5, 13, 12.5],
							"size": [1.5, 1.5, 0.5],
							"pivot": [6, 16, 12.5],
							"rotation": [-45, 0, 0],
							"uv": {
								"north": {"uv": [48, 47], "uv_size": [1.5, 1.5]},
								"east": {"uv": [26, 53], "uv_size": [0.5, 1.5]},
								"south": {"uv": [49, 0], "uv_size": [1.5, 1.5]},
								"west": {"uv": [53, 26], "uv_size": [0.5, 1.5]},
								"up": {"uv": [53, 28], "uv_size": [1.5, 0.5]},
								"down": {"uv": [53, 29.5], "uv_size": [1.5, -0.5]}
							}
						},
						{
							"origin": [4.5, 4.9999, 12.5],
							"size": [1.5, 3, 0.5],
							"pivot": [6, 16, 12.5],
							"rotation": [-45, 0, 0],
							"uv": {
								"north": {"uv": [34, 7], "uv_size": [1.5, 3]},
								"east": {"uv": [21, 49], "uv_size": [0.5, 3]},
								"south": {"uv": [10, 45], "uv_size": [1.5, 3]},
								"west": {"uv": [1, 50], "uv_size": [0.5, 3]},
								"up": {"uv": [30, 53], "uv_size": [1.5, 0.5]},
								"down": {"uv": [53, 30.5], "uv_size": [1.5, -0.5]}
							}
						},
						{
							"origin": [3, 4.9998, 12.5],
							"size": [1.5, 0.5, 0.5],
							"pivot": [6, 16, 12.5],
							"rotation": [-45, 0, 0],
							"uv": {
								"north": {"uv": [53, 31], "uv_size": [1.5, 0.5]},
								"east": {"uv": [54, 54], "uv_size": [0.5, 0.5]},
								"south": {"uv": [32, 53], "uv_size": [1.5, 0.5]},
								"west": {"uv": [0, 55], "uv_size": [0.5, 0.5]},
								"up": {"uv": [53, 32], "uv_size": [1.5, 0.5]},
								"down": {"uv": [53, 33.5], "uv_size": [1.5, -0.5]}
							}
						},
						{
							"origin": [-5, 5.4999, 12.5],
							"size": [9.5, 1, 0.5],
							"pivot": [6, 16, 12.5],
							"rotation": [-45, 0, 0],
							"uv": {
								"north": {"uv": [38, 1], "uv_size": [9.5, 1]},
								"east": {"uv": [54, 19], "uv_size": [0.5, 1]},
								"south": {"uv": [38, 2], "uv_size": [9.5, 1]},
								"west": {"uv": [54, 20], "uv_size": [0.5, 1]},
								"up": {"uv": [44, 37], "uv_size": [9.5, 0.5]},
								"down": {"uv": [44, 38.5], "uv_size": [9.5, -0.5]}
							}
						},
						{
							"origin": [-5, 4.9998, 12.5],
							"size": [3, 0.5, 0.5],
							"pivot": [6, 16, 12.5],
							"rotation": [-45, 0, 0],
							"uv": {
								"north": {"uv": [50, 19], "uv_size": [3, 0.5]},
								"east": {"uv": [55, 0], "uv_size": [0.5, 0.5]},
								"south": {"uv": [50, 20], "uv_size": [3, 0.5]},
								"west": {"uv": [1, 55], "uv_size": [0.5, 0.5]},
								"up": {"uv": [32, 50], "uv_size": [3, 0.5]},
								"down": {"uv": [35, 50.5], "uv_size": [3, -0.5]}
							}
						},
						{
							"origin": [-5, 6.4999, 12.5],
							"size": [0.5, 1.5, 0.5],
							"pivot": [6, 16, 12.5],
							"rotation": [-45, 0, 0],
							"uv": {
								"north": {"uv": [27, 53], "uv_size": [0.5, 1.5]},
								"east": {"uv": [34, 53], "uv_size": [0.5, 1.5]},
								"south": {"uv": [35, 53], "uv_size": [0.5, 1.5]},
								"west": {"uv": [36, 53], "uv_size": [0.5, 1.5]},
								"up": {"uv": [55, 1], "uv_size": [0.5, 0.5]},
								"down": {"uv": [2, 55.5], "uv_size": [0.5, -0.5]}
							}
						},
						{
							"origin": [-4.5, 6.5, 12.5],
							"size": [1, 6.5, 1],
							"pivot": [6, 16, 12.5],
							"rotation": [-45, 0, 0],
							"uv": {
								"north": {"uv": [43, 28], "uv_size": [1, 6.5]},
								"east": {"uv": [43, 35], "uv_size": [1, 6.5]},
								"south": {"uv": [39, 43], "uv_size": [1, 6.5]},
								"west": {"uv": [40, 43], "uv_size": [1, 6.5]},
								"up": {"uv": [9, 52], "uv_size": [1, 1]},
								"down": {"uv": [21, 53], "uv_size": [1, -1]}
							}
						},
						{
							"origin": [-5, 13, 12.5],
							"size": [1.5, 1.5, 0.5],
							"pivot": [6, 16, 12.5],
							"rotation": [-45, 0, 0],
							"uv": {
								"north": {"uv": [49, 2], "uv_size": [1.5, 1.5]},
								"east": {"uv": [53, 39], "uv_size": [0.5, 1.5]},
								"south": {"uv": [3, 49], "uv_size": [1.5, 1.5]},
								"west": {"uv": [53, 47], "uv_size": [0.5, 1.5]},
								"up": {"uv": [53, 34], "uv_size": [1.5, 0.5]},
								"down": {"uv": [53, 41.5], "uv_size": [1.5, -0.5]}
							}
						},
						{
							"origin": [-5, 14.5, 12.5],
							"size": [8, 1, 0.5],
							"pivot": [6, 16, 12.5],
							"rotation": [-45, 0, 0],
							"uv": {
								"north": {"uv": [42, 19], "uv_size": [8, 1]},
								"east": {"uv": [54, 21], "uv_size": [0.5, 1]},
								"south": {"uv": [42, 20], "uv_size": [8, 1]},
								"west": {"uv": [54, 22], "uv_size": [0.5, 1]},
								"up": {"uv": [45, 33], "uv_size": [8, 0.5]},
								"down": {"uv": [45, 34.5], "uv_size": [8, -0.5]}
							}
						},
						{
							"origin": [-5, 15.5, 12.5],
							"size": [3, 0.5, 0.5],
							"pivot": [6, 16, 12.5],
							"rotation": [-45, 0, 0],
							"uv": {
								"north": {"uv": [38, 50], "uv_size": [3, 0.5]},
								"east": {"uv": [55, 2], "uv_size": [0.5, 0.5]},
								"south": {"uv": [50, 47], "uv_size": [3, 0.5]},
								"west": {"uv": [3, 55], "uv_size": [0.5, 0.5]},
								"up": {"uv": [48, 50], "uv_size": [3, 0.5]},
								"down": {"uv": [50, 48.5], "uv_size": [3, -0.5]}
							}
						},
						{
							"origin": [-4.5, 14.5, 13],
							"size": [10, 1, 0.5],
							"pivot": [6, 16, 12.5],
							"rotation": [-45, 0, 0],
							"uv": {
								"north": {"uv": [0, 38], "uv_size": [10, 1]},
								"east": {"uv": [54, 23], "uv_size": [0.5, 1]},
								"south": {"uv": [38, 0], "uv_size": [10, 1]},
								"west": {"uv": [24, 54], "uv_size": [0.5, 1]},
								"up": {"uv": [44, 23], "uv_size": [10, 0.5]},
								"down": {"uv": [44, 24.5], "uv_size": [10, -0.5]}
							}
						},
						{
							"origin": [4.5, 8, 12.5],
							"size": [1, 5, 1],
							"pivot": [6, 16, 12.5],
							"rotation": [-45, 0, 0],
							"uv": {
								"north": {"uv": [3, 44], "uv_size": [1, 5]},
								"east": {"uv": [4, 44], "uv_size": [1, 5]},
								"south": {"uv": [5, 44], "uv_size": [1, 5]},
								"west": {"uv": [6, 44], "uv_size": [1, 5]},
								"up": {"uv": [26, 52], "uv_size": [1, 1]},
								"down": {"uv": [32, 53], "uv_size": [1, -1]}
							}
						},
						{
							"origin": [4.5, 13, 13],
							"size": [1, 1.5, 0.5],
							"pivot": [6, 16, 12.5],
							"rotation": [-45, 0, 0],
							"uv": {
								"north": {"uv": [2, 50], "uv_size": [1, 1.5]},
								"east": {"uv": [48, 53], "uv_size": [0.5, 1.5]},
								"south": {"uv": [8, 50], "uv_size": [1, 1.5]},
								"west": {"uv": [49, 53], "uv_size": [0.5, 1.5]},
								"up": {"uv": [54, 24], "uv_size": [1, 0.5]},
								"down": {"uv": [25, 54.5], "uv_size": [1, -0.5]}
							}
						},
						{
							"origin": [4.5, 5.4999, 13],
							"size": [1, 2.5, 0.5],
							"pivot": [6, 16, 12.5],
							"rotation": [-45, 0, 0],
							"uv": {
								"north": {"uv": [28, 34], "uv_size": [1, 2.5]},
								"east": {"uv": [38, 51], "uv_size": [0.5, 2.5]},
								"south": {"uv": [47, 3], "uv_size": [1, 2.5]},
								"west": {"uv": [39, 51], "uv_size": [0.5, 2.5]},
								"up": {"uv": [54, 25], "uv_size": [1, 0.5]},
								"down": {"uv": [54, 26.5], "uv_size": [1, -0.5]}
							}
						},
						{
							"origin": [-4.5, 5.4998, 13],
							"size": [9, 1, 0.5],
							"pivot": [6, 16, 12.5],
							"rotation": [-45, 0, 0],
							"uv": {
								"north": {"uv": [1, 42], "uv_size": [9, 1]},
								"east": {"uv": [54, 27], "uv_size": [0.5, 1]},
								"south": {"uv": [42, 14], "uv_size": [9, 1]},
								"west": {"uv": [28, 54], "uv_size": [0.5, 1]},
								"up": {"uv": [44, 41], "uv_size": [9, 0.5]},
								"down": {"uv": [45, 25.5], "uv_size": [9, -0.5]}
							}
						},
						{
							"origin": [-4.5, 13, 13],
							"size": [1, 1.5, 0.5],
							"pivot": [6, 16, 12.5],
							"rotation": [-45, 0, 0],
							"uv": {
								"north": {"uv": [9, 50], "uv_size": [1, 1.5]},
								"east": {"uv": [50, 53], "uv_size": [0.5, 1.5]},
								"south": {"uv": [26, 50], "uv_size": [1, 1.5]},
								"west": {"uv": [51, 53], "uv_size": [0.5, 1.5]},
								"up": {"uv": [29, 54], "uv_size": [1, 0.5]},
								"down": {"uv": [30, 54.5], "uv_size": [1, -0.5]}
							}
						},
						{
							"origin": [-4.5, 5.5, 13.5],
							"size": [10, 10, 0.5],
							"pivot": [6, 16, 12.5],
							"rotation": [-45, 0, 0],
							"uv": {
								"north": {"uv": [11, 20], "uv_size": [10, 10]},
								"east": {"uv": [7, 44], "uv_size": [0.5, 10]},
								"south": {"uv": [21, 0], "uv_size": [10, 10]},
								"west": {"uv": [44, 25], "uv_size": [0.5, 10]},
								"up": {"uv": [44, 35], "uv_size": [10, 0.5]},
								"down": {"uv": [44, 36.5], "uv_size": [10, -0.5]}
							}
						},
						{
							"origin": [-3.5, 6.5, 14],
							"size": [8, 8, 0.5],
							"pivot": [6, 16, 12.5],
							"rotation": [-45, 0, 0],
							"uv": {
								"north": {"uv": [0, 22], "uv_size": [8, 8]},
								"east": {"uv": [30, 45], "uv_size": [0.5, 8]},
								"south": {"uv": [21, 26], "uv_size": [8, 8]},
								"west": {"uv": [31, 45], "uv_size": [0.5, 8]},
								"up": {"uv": [12, 46], "uv_size": [8, 0.5]},
								"down": {"uv": [41, 46.5], "uv_size": [8, -0.5]}
							}
						}
					]
				},
				{
					"name": "zombie",
                    "parent": "geyser_custom_z",
					"pivot": [0.5, 9, -0.5],
					"cubes": [
						{
							"origin": [0, 9.5, -0.75],
							"size": [1, 1, 0.5],
							"uv": {
								"north": {"uv": [52, 6], "uv_size": [1, 1]},
								"east": {"uv": [54, 17], "uv_size": [0.5, 1]},
								"south": {"uv": [8, 52], "uv_size": [1, 1]},
								"west": {"uv": [18, 54], "uv_size": [0.5, 1]},
								"up": {"uv": [54, 18], "uv_size": [1, 0.5]},
								"down": {"uv": [19, 54.5], "uv_size": [1, -0.5]}
							}
						},
						{
							"origin": [0, 9, -0.75],
							"size": [1, 0.5, 0.5],
							"uv": {
								"north": {"uv": [54, 14], "uv_size": [1, 0.5]},
								"east": {"uv": [53, 54], "uv_size": [0.5, 0.5]},
								"south": {"uv": [15, 54], "uv_size": [1, 0.5]},
								"west": {"uv": [54, 53], "uv_size": [0.5, 0.5]},
								"up": {"uv": [16, 54], "uv_size": [1, 0.5]},
								"down": {"uv": [17, 54.5], "uv_size": [1, -0.5]}
							}
						},
						{
							"origin": [-0.5, 11.5, -1.75],
							"size": [0.5, 0.5, 0.5],
							"uv": {
								"north": {"uv": [46, 54], "uv_size": [0.5, 0.5]},
								"east": {"uv": [54, 46], "uv_size": [0.5, 0.5]},
								"south": {"uv": [47, 54], "uv_size": [0.5, 0.5]},
								"west": {"uv": [54, 47], "uv_size": [0.5, 0.5]},
								"up": {"uv": [54, 48], "uv_size": [0.5, 0.5]},
								"down": {"uv": [54, 49.5], "uv_size": [0.5, -0.5]}
							}
						},
						{
							"origin": [-0.5, 11.5, -1.25],
							"size": [0.5, 0.5, 1],
							"uv": {
								"north": {"uv": [52, 54], "uv_size": [0.5, 0.5]},
								"east": {"uv": [54, 12], "uv_size": [1, 0.5]},
								"south": {"uv": [54, 52], "uv_size": [0.5, 0.5]},
								"west": {"uv": [13, 54], "uv_size": [1, 0.5]},
								"up": {"uv": [54, 13], "uv_size": [0.5, 1]},
								"down": {"uv": [14, 55], "uv_size": [0.5, -1]}
							}
						},
						{
							"origin": [0, 12, -0.75],
							"size": [1, 1, 0.5],
							"uv": {
								"north": {"uv": [52, 4], "uv_size": [1, 1]},
								"east": {"uv": [4, 54], "uv_size": [0.5, 1]},
								"south": {"uv": [52, 5], "uv_size": [1, 1]},
								"west": {"uv": [54, 4], "uv_size": [0.5, 1]},
								"up": {"uv": [54, 5], "uv_size": [1, 0.5]},
								"down": {"uv": [6, 54.5], "uv_size": [1, -0.5]}
							}
						},
						{
							"origin": [1, 11.5, -1.75],
							"size": [0.5, 0.5, 0.5],
							"uv": {
								"north": {"uv": [43, 54], "uv_size": [0.5, 0.5]},
								"east": {"uv": [54, 43], "uv_size": [0.5, 0.5]},
								"south": {"uv": [44, 54], "uv_size": [0.5, 0.5]},
								"west": {"uv": [54, 44], "uv_size": [0.5, 0.5]},
								"up": {"uv": [45, 54], "uv_size": [0.5, 0.5]},
								"down": {"uv": [54, 45.5], "uv_size": [0.5, -0.5]}
							}
						},
						{
							"origin": [1, 11.5, -1.25],
							"size": [0.5, 0.5, 1],
							"uv": {
								"north": {"uv": [54, 50], "uv_size": [0.5, 0.5]},
								"east": {"uv": [7, 54], "uv_size": [1, 0.5]},
								"south": {"uv": [54, 51], "uv_size": [0.5, 0.5]},
								"west": {"uv": [8, 54], "uv_size": [1, 0.5]},
								"up": {"uv": [9, 54], "uv_size": [0.5, 1]},
								"down": {"uv": [54, 11], "uv_size": [0.5, -1]}
							}
						},
						{
							"origin": [0, 10.5, -0.75],
							"size": [1, 1.5, 0.5],
							"uv": {
								"north": {"uv": [5, 49], "uv_size": [1, 1.5]},
								"east": {"uv": [53, 17], "uv_size": [0.5, 1.5]},
								"south": {"uv": [6, 49], "uv_size": [1, 1.5]},
								"west": {"uv": [53, 19], "uv_size": [0.5, 1.5]},
								"up": {"uv": [54, 11], "uv_size": [1, 0.5]},
								"down": {"uv": [12, 54.5], "uv_size": [1, -0.5]}
							}
						}
					]
				}
			]
		}
	]
}