{
	"format_version": "1.16.0",
	"minecraft:geometry": [
		{
			"description": {
				"identifier": "geometry.geyser_custom.vampirehead",
				"texture_width": 64,
				"texture_height": 64,
				"visible_bounds_width": 2,
				"visible_bounds_height": 2.5,
				"visible_bounds_offset": [0, 0.75, 0]
			},
			"bones": [
				{
                    "binding": "c.item_slot == 'head' ? 'head' : q.item_slot_to_bone_name(c.item_slot)",
                    "name": "geyser_custom",
                    "pivot": [0, 8, 0]
                }, {
                    "name": "geyser_custom_x",
                    "parent": "geyser_custom",
                    "pivot": [0, 8, 0]
                }, {
                    "name": "geyser_custom_y",
                    "parent": "geyser_custom_x",
                    "pivot": [0, 8, 0]
                }, 
				{
					"name": "geyser_custom_z",
                    "parent": "geyser_custom_y",
                    "pivot": [0, 8, 0],
					"cubes": [
						{"origin": [-4, 0, -4], "size": [8, 8, 8], "uv": [0, 0]},
						{"origin": [-4, 0, -4], "size": [8, 8, 8], "inflate": 0.5, "uv": [32, 0]}
					]
				}
			]
		}
	]
}