{
  "animations": {
    "animation.cubecraft.travelling_merchant_camel.idle": {
      "animation_length": 9.45833,
      "bones": {
        "body": {
          "position": {
            "0.0": [
              0,
              0,
              0
            ],
            "0.875": [
              0,
              0.4,
              0
            ],
            "3.0": [
              0,
              0,
              0
            ],
            "6.4583": [
              0,
              0,
              0
            ],
            "7.9583": [
              0,
              0.4,
              0
            ],
            "9.375": [
              0,
              0,
              0
            ]
          },
          "rotation": {
            "0.0": {
              "lerp_mode": "catmullrom",
              "post": [
                0,
                0,
                0
              ]
            },
            "0.8333": {
              "lerp_mode": "catmullrom",
              "post": [
                0,
                0,
                -3
              ]
            },
            "3.0": {
              "lerp_mode": "catmullrom",
              "post": [
                0,
                0,
                0
              ]
            },
            "6.4583": {
              "lerp_mode": "catmullrom",
              "post": [
                0,
                0,
                0
              ]
            },
            "7.9583": {
              "lerp_mode": "catmullrom",
              "post": [
                0,
                0,
                -1
              ]
            },
            "9.375": {
              "lerp_mode": "catmullrom",
              "post": [
                0,
                0,
                0
              ]
            }
          }
        },
        "head": {
          "rotation": {
            "0.0": {
              "lerp_mode": "catmullrom",
              "post": [
                0,
                0,
                0
              ]
            },
            "0.5": {
              "lerp_mode": "catmullrom",
              "post": [
                0,
                0,
                -27.5
              ]
            },
            "1.0": {
              "lerp_mode": "catmullrom",
              "post": [
                0,
                0,
                -27.5
              ]
            },
            "2.0": {
              "lerp_mode": "catmullrom",
              "post": [
                0,
                0,
                -7.5
              ]
            },
            "3.0": {
              "lerp_mode": "catmullrom",
              "post": [
                -10,
                0,
                -7.5
              ]
            },
            "3.5": {
              "lerp_mode": "catmullrom",
              "post": [
                0,
                0,
                -15
              ]
            },
            "4.5": {
              "lerp_mode": "catmullrom",
              "post": [
                0,
                0,
                -40
              ]
            },
            "5.9583": {
              "lerp_mode": "catmullrom",
              "post": [
                0,
                0,
                -15
              ]
            },
            "6.4583": {
              "lerp_mode": "catmullrom",
              "post": [
                -10,
                0,
                -7.5
              ]
            },
            "7.4583": {
              "lerp_mode": "catmullrom",
              "post": [
                0,
                0,
                -7.5
              ]
            },
            "8.4583": {
              "lerp_mode": "catmullrom",
              "post": [
                0,
                0,
                -27.5
              ]
            },
            "8.9583": {
              "lerp_mode": "catmullrom",
              "post": [
                0,
                0,
                -27.5
              ]
            },
            "9.4583": {
              "lerp_mode": "catmullrom",
              "post": [
                0,
                0,
                0
              ]
            }
          }
        },
        "lower_back_left_leg": {
          "rotation": {
            "2.0": [
              0,
              0,
              0
            ],
            "6.4583": [
              0,
              0,
              -5
            ],
            "7.4583": [
              0,
              0,
              0
            ]
          }
        },
        "lower_back_right_leg": {
          "rotation": {
            "3.0": [
              0,
              0,
              4
            ],
            "6.4583": [
              0,
              0,
              4
            ]
          }
        },
        "lower_neck": {
          "position": {
            "0.0": {
              "lerp_mode": "catmullrom",
              "post": [
                0,
                0,
                0
              ]
            },
            "0.8333": {
              "lerp_mode": "catmullrom",
              "post": [
                0,
                2.08,
                0
              ]
            },
            "3.0": {
              "lerp_mode": "catmullrom",
              "post": [
                0,
                0,
                0
              ]
            },
            "6.4583": {
              "lerp_mode": "catmullrom",
              "post": [
                0,
                0,
                0
              ]
            },
            "7.9583": {
              "lerp_mode": "catmullrom",
              "post": [
                0,
                1.1,
                0
              ]
            },
            "9.4583": {
              "lerp_mode": "catmullrom",
              "post": [
                0,
                0,
                0
              ]
            }
          },
          "rotation": {
            "0.0": {
              "lerp_mode": "catmullrom",
              "post": [
                0,
                15,
                0
              ]
            },
            "0.5": {
              "lerp_mode": "catmullrom",
              "post": [
                0,
                16.72,
                -10
              ]
            },
            "1.0": {
              "lerp_mode": "catmullrom",
              "post": [
                0,
                16.72,
                -10
              ]
            },
            "1.7917": {
              "lerp_mode": "catmullrom",
              "post": [
                0,
                15,
                0
              ]
            },
            "2.7917": {
              "lerp_mode": "catmullrom",
              "post": [
                0,
                -12.5,
                0
              ]
            },
            "6.6667": {
              "lerp_mode": "catmullrom",
              "post": [
                0,
                -12.5,
                0
              ]
            },
            "7.6667": {
              "lerp_mode": "catmullrom",
              "post": [
                0,
                15,
                0
              ]
            },
            "8.4583": {
              "lerp_mode": "catmullrom",
              "post": [
                0,
                16.72,
                -10
              ]
            },
            "8.9583": {
              "lerp_mode": "catmullrom",
              "post": [
                0,
                16.72,
                -10
              ]
            },
            "9.4583": {
              "lerp_mode": "catmullrom",
              "post": [
                0,
                15,
                0
              ]
            }
          }
        },
        "neck": {
          "rotation": {
            "2.5": {
              "lerp_mode": "catmullrom",
              "post": [
                0,
                0,
                0
              ]
            },
            "3.5": {
              "lerp_mode": "catmullrom",
              "post": [
                0,
                0,
                15
              ]
            },
            "5.9583": {
              "lerp_mode": "catmullrom",
              "post": [
                0,
                0,
                15
              ]
            },
            "6.9583": {
              "lerp_mode": "catmullrom",
              "post": [
                0,
                0,
                0
              ]
            }
          }
        },
        "upper_back_left_leg": {
          "position": [
            -0.12,
            -0.52,
            0
          ],
          "rotation": [
            0,
            0,
            2.12
          ]
        },
        "upper_back_right_leg": {
          "position": [
            0,
            0,
            0
          ],
          "rotation": [
            0,
            0,
            0
          ]
        },
        "upper_left_leg": {
          "position": [
            0,
            0,
            0
          ],
          "rotation": [
            0,
            0,
            0
          ]
        },
        "upper_neck": {
          "rotation": {
            "2.5": {
              "lerp_mode": "catmullrom",
              "post": [
                0,
                0,
                0
              ]
            },
            "4.0": {
              "lerp_mode": "catmullrom",
              "post": [
                0,
                0,
                12.5
              ]
            },
            "5.4583": {
              "lerp_mode": "catmullrom",
              "post": [
                0,
                0,
                12.5
              ]
            },
            "6.9583": {
              "lerp_mode": "catmullrom",
              "post": [
                0,
                0,
                0
              ]
            }
          }
        },
        "upper_right_leg": {
          "position": [
            0,
            0,
            0
          ],
          "rotation": [
            0,
            0,
            0
          ]
        }
      },
      "loop": true
    }
  },
  "format_version": "1.8.0"
}