{"format_version":"1.12.0","minecraft:geometry":[{"description":{"identifier":"geometry.xp_bush_full","texture_width":16,"texture_height":16,"visible_bounds_width":2,"visible_bounds_height":2.5,"visible_bounds_offset":[0,0.75,0]},"bones":[{"name":"bb_main","pivot":[0,0,0],"cubes":[{"origin":[-4,0,-4],"size":[8,17,8],"uv":{"north":{"uv":[0,0],"uv_size":[4,16]},"east":{"uv":[0,0],"uv_size":[4,16]},"south":{"uv":[0,0],"uv_size":[4,16]},"west":{"uv":[0,0],"uv_size":[4,16]},"up":{"uv":[4,4],"uv_size":[-4,-4]},"down":{"uv":[4,4],"uv_size":[-4,-4]}}}]}]}]}