{"format_version":"1.12.0","minecraft:geometry":[{"description":{"identifier":"geometry.xp_bush_0","texture_width":16,"texture_height":16,"visible_bounds_width":2,"visible_bounds_height":2.5,"visible_bounds_offset":[0,0.75,0]},"bones":[{"name":"bb_main","pivot":[0,0,0],"cubes":[{"origin":[-2,0,-2],"size":[4,4,4],"uv":{"north":{"uv":[0,0],"uv_size":[16,16]},"east":{"uv":[0,0],"uv_size":[16,16]},"south":{"uv":[0,0],"uv_size":[16,16]},"west":{"uv":[0,0],"uv_size":[16,16]},"up":{"uv":[16,0],"uv_size":[-16,16]},"down":{"uv":[16,16],"uv_size":[-16,-16]}}}]}]},{"description":{"identifier":"geometry.xp_bush_1","texture_width":16,"texture_height":16,"visible_bounds_width":2,"visible_bounds_height":2.5,"visible_bounds_offset":[0,0.75,0]},"bones":[{"name":"bb_main","pivot":[0,0,0],"cubes":[{"origin":[-3,0,-3],"size":[6,8,6],"uv":{"north":{"uv":[0,0],"uv_size":[16,16]},"east":{"uv":[0,0],"uv_size":[16,16]},"south":{"uv":[0,0],"uv_size":[16,16]},"west":{"uv":[0,0],"uv_size":[16,16]},"up":{"uv":[16,0],"uv_size":[-16,16]},"down":{"uv":[16,16],"uv_size":[-16,-16]}}}]}]},{"description":{"identifier":"geometry.xp_bush_2","texture_width":16,"texture_height":16,"visible_bounds_width":2,"visible_bounds_height":2.5,"visible_bounds_offset":[0,0.75,0]},"bones":[{"name":"bb_main","pivot":[0,0,0],"cubes":[{"origin":[-4,0,-4],"size":[8,10,8],"uv":{"north":{"uv":[0,0],"uv_size":[16,16]},"east":{"uv":[0,0],"uv_size":[16,16]},"south":{"uv":[0,0],"uv_size":[16,16]},"west":{"uv":[0,0],"uv_size":[16,16]},"up":{"uv":[16,0],"uv_size":[-16,16]},"down":{"uv":[16,16],"uv_size":[-16,-16]}}}]}]},{"description":{"identifier":"geometry.xp_bush_3","texture_width":16,"texture_height":16,"visible_bounds_width":2,"visible_bounds_height":2.5,"visible_bounds_offset":[0,0.75,0]},"bones":[{"name":"bb_main","pivot":[0,0,0],"cubes":[{"origin":[-5,0,-5],"size":[10,12,10],"uv":{"north":{"uv":[0,0],"uv_size":[16,16]},"east":{"uv":[0,0],"uv_size":[16,16]},"south":{"uv":[0,0],"uv_size":[16,16]},"west":{"uv":[0,0],"uv_size":[16,16]},"up":{"uv":[16,0],"uv_size":[-16,16]},"down":{"uv":[16,16],"uv_size":[-16,-16]}}}]}]},{"description":{"identifier":"geometry.xp_bush_full","texture_width":16,"texture_height":16,"visible_bounds_width":2,"visible_bounds_height":2.5,"visible_bounds_offset":[0,0.75,0]},"bones":[{"name":"bb_main","pivot":[0,0,0],"cubes":[{"origin":[-8,0,-8],"size":[16,16,16],"uv":{"north":{"uv":[0,0],"uv_size":[16,16]},"east":{"uv":[0,0],"uv_size":[16,16]},"south":{"uv":[0,0],"uv_size":[16,16]},"west":{"uv":[0,0],"uv_size":[16,16]},"up":{"uv":[16,0],"uv_size":[-16,16]},"down":{"uv":[16,16],"uv_size":[-16,-16]}}}]}]}]}