{
  "animation_controllers": {
    "controller.animation.minerware.bouncepad": {
      "initial_state": "idle",
      "states": {
        "idle": {
          "animations": [
            "idle"
          ],
          "transitions": [
            {
              "launch": "query.is_baby"
            }
          ]
        },
        "launch": {
          "animations": [
            "launch"
          ],
          "transitions": [
            {
              "idle": "query.any_animation_finished"
            }
          ]
        }
      }
    }
  },
  "format_version": "1.10.0"
}