{"content":[{"path":"manifest.json","key":""},{"path":"pack_icon.png","key":""},{"path":"textures/colormap/foliage.png","key":"i9G9pZoqosL691y0szKGNOypTL4IBHTP"},{"path":"textures/colormap/grass.png","key":"5EXoUG47uYxOHNXX9nNkItTlphB7OUUb"},{"path":"textures/crates/carnage01.png","key":"ciuMmrhafkmCsy7u5JtL2JmuizEYiPZX"},{"path":"textures/crates/christmas.png","key":"O53B6Il2Q8Zdlv9IUdqzxFNiG7yCTZpT"},{"path":"textures/crates/exclusive.png","key":"7x7cFRynEDZXcWuyXftDD818Sj1zZMTp"},{"path":"textures/crates/flame01.png","key":"iIonc7nijq5VpUPphASNpZyNn11VSrUh"},{"path":"textures/crates/gamergirl01.png","key":"y7a8UOyMAoJuDYMRs5vRZpHzYOxmQ74X"},{"path":"textures/crates/godly_crate.png","key":"GgSp9eXs5lMqz00RyfdqjeBinds3PFqq"},{"path":"textures/crates/halloween.png","key":"poJ8d1BpywYVe3AkpFAZ3CxqMowCIn3Y"},{"path":"textures/crates/july4_crate.png","key":"Pb9NjE3q3AVoYPmhnMAqTnE6syLYbAG5"},{"path":"textures/crates/legendary_crate.png","key":"fd34RmnPA4m1YUM3y5yLWnnf1BussLSg"},{"path":"textures/crates/lightning.png","key":"n1VuOkLKY6dbRqG75X1LT784uhqGzrC3"},{"path":"textures/crates/mythical_crate.png","key":"4iHDroihLll4PUSMOp7JaJWcLb5zt0uR"},{"path":"textures/crates/rare_crate.png","key":"arQnYovgUAZpMwPu7ocMHO9iJfqee7YZ"},{"path":"textures/crates/vote_crate.png","key":"CaRBKhkPzp3ZGkAtOet0x5nKmnjyPlVN"},{"path":"textures/crates/wintercrate01.png","key":"z9gp6NMepQWCskZ7VbWFRnKnaHQXIZ0k"},{"path":"textures/custom/extractionlaptop.png","key":"r7zfT8yC6RJcmB21ZUxjRPn3LLCpTtfM"},{"path":"textures/custom/extractiontower.png","key":"jWNTMcPbOsG6P5xhv4XORl9455MyK8jv"},{"path":"textures/custom/gold_bar.png","key":"OhjLSV7sCMt1ofjOYp3ovV82k6MNYQLU"},{"path":"textures/custom/helicopter.png","key":"332MB9CAvBxtjQA9EVxw9cxulTDDIy6A"},{"path":"textures/custom/lightning.png","key":"zRaJiO5tSPUXikcChGsdW8zxndiYNAWS"},{"path":"textures/custom/skullstaff.png","key":"U71h1iIZkXDnWrinru3HU8JBGoo82Ciu"},{"path":"textures/entity/bed/red.png","key":"nYP7iRHOgxhzxdGI0Rze4lnPNWRMOT3x"},{"path":"textures/entity/chest/double_normal.png","key":"RKfZIUhSecaml8JGTTDJnYJunhfKdcz8"},{"path":"textures/entity/chest/ender.png","key":"E9oZB4vSD5t3Inf5J9IM2gJMtVArr5Hq"},{"path":"textures/entity/chest/normal.png","key":"XZRiVfrOfl54cwbwIFCC6hCEPcCn4JR3"},{"path":"textures/entity/chest/trapped.png","key":"mdhWRFC3dGk9pyPFBRwrQj2jvSD9xDvy"},{"path":"textures/entity/chest/trapped_double.png","key":"0ym7dXbxm8SQGp10osTUeWncMS14EbCg"},{"path":"textures/entity/customarrow.png","key":"8ExGZ1rqV55siTGkc07TWKJnPtCVmOei"},{"path":"textures/entity/horse/donkey.png","key":"F8y7q7NYsA27HqrjOhGMtclxpEdUZCwu"},{"path":"textures/entity/horse2/donkey.png","key":"fcNFPwJvwIo4pxAbheAx3gLZTx4EQ07B"},{"path":"textures/entity/piglin/piglin.png","key":"RxkPqdtZ0XPxxxwGLMjgwsUSR9AsdFPK"},{"path":"textures/entity/piglin/zombie_piglin.png","key":"Xx5pVG3tSduQ4TuvkFMUByb3XS7x1wbG"},{"path":"textures/entity/pistonarm/pistonArm.png","key":"6qziSbW61lL5zRojtgNee9OEZpJIfXay"},{"path":"textures/entity/pistonarm/pistonArmSticky.png","key":"vOSzgJjSkzEVwSFD49HZ7rQCBStQZdJ7"},{"path":"textures/entity/sign.png","key":"CYUgnfMY03VNyquijoF4KrPM7MlCaK1a"},{"path":"textures/entity/skeleton/stray.png","key":"L1atXUX2uhOH02jYaVjeSZTlkvuGqpci"},{"path":"textures/entity/skeleton/stray_overlay.png","key":"skANDS1bX9jR1vq3wxnUTpZWS2dRNi8l"},{"path":"textures/entity/skeleton/stray_overlay2.png","key":"cFT6LTBGYNWnyqCZdCyKGdRUdZbVslXY"},{"path":"textures/entity/skeleton/stray_overlay3.png","key":"SiMGbYytDDjcPRsc57B4MOyH37LsVjfh"},{"path":"textures/entity/skeleton/stray_overlay4.png","key":"BCU9m4i4DjlmIkT43R4Qnt7zI79ljadG"},{"path":"textures/entity/skeleton/stray_overlay5.png","key":"kYDSB6chr4hvzx31nutuu5QxTHYoPtd6"},{"path":"textures/entity/skeleton/stray_overlay6.png","key":"Uz3lWlQSHXCVHNrSiWl4mP3wYo8IWUO8"},{"path":"textures/entity/skeleton/stray_overlay7.png","key":"DgW6Rt8kvSMZ437h49BKkWP3IpiaJ5Ef"},{"path":"textures/entity/skeleton/stray2.png","key":"60xr713UV0HnWb4yEdu7zqmA4XtHeFVv"},{"path":"textures/entity/skeleton/stray3.png","key":"0gFYHiSVRtvH34VDXMzhXv1nUq6HkkUh"},{"path":"textures/entity/skeleton/stray4.png","key":"pJspFUNcSAJI6E8nCUpYSZVcnQHro1uA"},{"path":"textures/entity/skeleton/stray5.png","key":"rA7nBXtAO8hiEXtYONZxhJaeL5pvOTZW"},{"path":"textures/entity/skeleton/stray6.png","key":"bt5Q2pAP5V2jGdsSn8eb9vsxxH39P4EY"},{"path":"textures/entity/skeleton/stray7.png","key":"5FmIcWOr5WZnIHcjJKmwXcWTDjzWlwWI"},{"path":"textures/entity/zombie/zombie1.png","key":"nvaJvLVFkw5lL9XOI1DqEG1yQ5gDommf"},{"path":"textures/entity/zombie/zombie10.png","key":"gbb7Af7Lxg42pffZBd0ovQlV0sdBk3y4"},{"path":"textures/entity/zombie/zombie11.png","key":"xtgjM7TFekkIQXfYlK3zoMuT8vzM8XAq"},{"path":"textures/entity/zombie/zombie12.png","key":"cnBAGI7xYxHPpI8Ovw3DfnKhDa9jIA1l"},{"path":"textures/entity/zombie/zombie13.png","key":"qGQMkzkQeD2vVCt2vUB3GjvIP21JhWDH"},{"path":"textures/entity/zombie/zombie14.png","key":"eCcdGERdk2lvhvOvkyDNbj9CW8DwxG3K"},{"path":"textures/entity/zombie/zombie15.png","key":"8ertf9LVcVMeO5KmhmdO6PajH7CGpDnt"},{"path":"textures/entity/zombie/zombie16.png","key":"n64OUB2f8iSqpgRIorfTLSFSh5FiyvvS"},{"path":"textures/entity/zombie/zombie17.png","key":"pmhmjlvpmKjcDDxSGNqMlSgODUNOsPep"},{"path":"textures/entity/zombie/zombie18.png","key":"fr0NlKztH0iOM7fdW9SpowFFHxrc3sLq"},{"path":"textures/entity/zombie/zombie19.png","key":"O2TrlvWDO7NCXdSJoQLyftvAd3w0ZSRX"},{"path":"textures/entity/zombie/zombie2.png","key":"ldWPI5tZGAe6oqDHdohNex3VJW4rz4GA"},{"path":"textures/entity/zombie/zombie20.png","key":"VfsJVbw60dY1bGIUlRh1xZrQ6nCCoqHo"},{"path":"textures/entity/zombie/zombie21.png","key":"QRazTA3hzkfNJbk7LzzBsT2KZDxq13RD"},{"path":"textures/entity/zombie/zombie3.png","key":"zQmaVR4OViEwqi8RmwjfP7kta9tWpxaY"},{"path":"textures/entity/zombie/zombie4.png","key":"VABJxHPQIeFx8lQPdBVNDEDdVEz4gJE9"},{"path":"textures/entity/zombie/zombie5.png","key":"7mDFF5jkPod93Qh8weHnVhn7iC5YUtny"},{"path":"textures/entity/zombie/zombie6.png","key":"bBtg0Mxcyv3jRJxrmis08B6VYzZWGfUa"},{"path":"textures/entity/zombie/zombie7.png","key":"I7HTa1OzqxK0I3AjZYnGu5foMbSZXKK6"},{"path":"textures/entity/zombie/zombie8.png","key":"5mo59YYGW8c7ZNuoPMtqkAraUK2thAvJ"},{"path":"textures/entity/zombie/zombie9.png","key":"JejGTb7q2CPjuDR8DKuOq7Xmn3F8Vzy5"},{"path":"textures/entity/zombie_brute/brute01.png","key":"brZTYguuYhVjoucRYHgmbdh2BYUcz8pl"},{"path":"textures/entity/zombie_brute/brute02.png","key":"ldY48pgR8ugMYYGaZtiqmuZvNVqaXgso"},{"path":"textures/entity/zombie_brute/brute03.png","key":"o28uDXMnX3scmGpwHmr8QRfsIzNKhATT"},{"path":"textures/environment/clouds.png","key":"feErfjIN56XHoU2PxAXFOCy5hiIBEXqg"},{"path":"textures/environment/destroy_stage_0.png","key":"bMwNku0pSVEIStDvKdeoTYV27YZhN23I"},{"path":"textures/environment/destroy_stage_1.png","key":"ogWbq0G43GQd0oL9sOOiBFHVuTD7j4MP"},{"path":"textures/environment/destroy_stage_2.png","key":"t48uPNjsYUclqkqgJjXANgBprAKvL41A"},{"path":"textures/environment/destroy_stage_3.png","key":"FFpD1KRYY0pFpnCgGpsw2mFDOhFGA4Tu"},{"path":"textures/environment/destroy_stage_4.png","key":"Zk0D8dyAi1uq9D8KKNN2ciEvnl5JZ6hm"},{"path":"textures/environment/destroy_stage_5.png","key":"ULnNgu2MrGT9t2DsxqO2s19OD2MGEtmp"},{"path":"textures/environment/destroy_stage_6.png","key":"gi33sIrOzBNrHv0C4vTwhTEJAqvHrUU6"},{"path":"textures/environment/destroy_stage_7.png","key":"bFKbxKZDCOalMpyuhFFVa8UvfqlMy6ns"},{"path":"textures/environment/destroy_stage_8.png","key":"uKyJlHhkcJCZHCDBAjQbIvO1maFT6Shm"},{"path":"textures/environment/destroy_stage_9.png","key":"WaLATzEt7DjWsrG477SnDU3qwrzUKvnI"},{"path":"textures/environment/moon_phases.png","key":"jWiibIOm7xTxMr07S0gTB3JrSSJWCEGr"},{"path":"textures/environment/sun.png","key":"G1nNa8hZLjHq56jdGWun4XvFmONTK9ma"},{"path":"textures/environment/weather.png","key":"bd8snGMTYm5dA0dGicRizdr9B0Oh0JA1"},{"path":"textures/flame_atlas.png","key":"XWGNRZMrsogTmkkUYeZwextKniZ1xNAa"},{"path":"textures/flipbook_textures.json","key":"vFXy1oi1hhc67kpN0yUjYgTCH3zyP3o1"},{"path":"textures/geyser/bow/1.png","key":"TTfGAAdtQkxJZtBJEiSMcCBqsnRyh2BH"},{"path":"textures/geyser/customblocks/10.png","key":"v5yDbfPSQl39A54cKC1L4a2S3sKn50OR"},{"path":"textures/geyser/customblocks/2.png","key":"rzDjWlJAVDaSomdPxc9siXSdQIermcbM"},{"path":"textures/geyser/customblocks/3.png","key":"8CnXx9vWlkWOFDaJ66pUKzBTsGYnj3v0"},{"path":"textures/geyser/customblocks/4.png","key":"KeEreshqanqpg6YhtId7CTZfNzqljWFy"},{"path":"textures/geyser/customblocks/5.png","key":"ksVKeBQpc0SB8j6FNQkxWVq4Cskf5bDx"},{"path":"textures/geyser/customblocks/8.png","key":"zgxvWGufUEc2pgQ79JliSid2P2JRLcKQ"},{"path":"textures/geyser/customblocks/9.png","key":"oeHP6TkiBALdcZR6pM1QLxRU9NLA1QEf"},{"path":"textures/geyser/customblocks/tire.png","key":"YR1SlkE2t0jz0MEXDuLgO5WpCKTmF5Fm"},{"path":"textures/geyser/customblocks/tire_inner.png","key":"iQTY52fQUbm8oIjYW8VOtaUhLqPwtNl9"},{"path":"textures/geyser/customblocks/tire_outer.png","key":"jDtkhjPqjGIhITsIbbTJ0rS8Oe8rB9ge"},{"path":"textures/geyser/customblocks2/1.png","key":"k7bu15qjRPRPFJvigClnVhvybwXlIRUu"},{"path":"textures/geyser/customblocks2/2.png","key":"kvDAsPHEsStwNMsV9qfbKSirqG5n8miK"},{"path":"textures/geyser/eyeball/eyeball.png","key":"i59Wv6cWGXkHDNRCw0Ept5PcGALtWkRe"},{"path":"textures/geyser/geyser_custom/1.png","key":"pVYl5y8msmNWuW8loFYXmtXbYsoFxWwk"},{"path":"textures/geyser/geyser_custom/2.png","key":"WmklgX7MbniCOUfgAJsCArpwVckkbo0S"},{"path":"textures/geyser/guns/carnagerevolver.png","key":"8m3fllgF75Ocr3kLiDXoUCk4R5687qEq"},{"path":"textures/geyser/guns/carnagesniper.png","key":"K88r3rleDJt4vOPuo6cXlmDrZK0ILOJD"},{"path":"textures/geyser/guns/dragonbreath.png","key":"uJwN3B01oLnMGJq9x3Lgo1LlhH2naVJa"},{"path":"textures/geyser/helmets/carnagehelmet.png","key":"pfFk94IxibOXJ2HJl1HdUslGxxdWH6eP"},{"path":"textures/geyser/helmets/carnagewings.png","key":"bE4krAYbI4tleDSsV96yzjyBU06plssK"},{"path":"textures/geyser/helmets/clownhelmet.png","key":"iAy2khg3Spmjzc1GKfnfKb8RuJcvJCpO"},{"path":"textures/geyser/helmets/elfhat.png","key":"3JN2pMQ0lrceUXTO8FGxLxfoSfxUOOMG"},{"path":"textures/geyser/helmets/goldsanta.png","key":"qQW0drKYoeHtzl1QRZiM452Jbpxpphjn"},{"path":"textures/geyser/helmets/pumpkin.png","key":"xmiu1eFslDEgt8RCyjJNYzgJWf8KdSqJ"},{"path":"textures/geyser/helmets/skullhelmet.png","key":"QDYKUdG2wRYmdLlBZTgQz7j17bq465s4"},{"path":"textures/geyser/helmets/unclesam.png","key":"yVJ6Fus3PyM1ytJXfjo68ImXDYbcr9Oc"},{"path":"textures/geyser/supplydrops/supplydrop.png","key":"OnKWqQR29p4SZDGav1jkdUk880miRfdN"},{"path":"textures/geyser/tmd_items/1.png","key":"p4QC5095GHusvPT0OXjnl9IzrooNWnC1"},{"path":"textures/geyser/tmd_items/2.png","key":"WehdFdxF5s6C6EYrJ0aoh3gU8RGOgFfa"},{"path":"textures/geyser/tmd_items/4.png","key":"CLxfaYkQwcoF44KtgdUy9LbRn6AKVDf1"},{"path":"textures/geyser/tmd_items/5.png","key":"9C4WdhZy7cAbx4xJXtPxGmH0sjsGFHU7"},{"path":"textures/geyser/tmd_melees/1.png","key":"LQMDH5QxvlUY36IDd2CzoHfaQWUqrba5"},{"path":"textures/geyser/tmd_melees/2.png","key":"lnuDcULxTx2rv94DdCqb4GeskLkj6yV8"},{"path":"textures/geyser/tmd_melees/3.png","key":"Oa4lCuJifeE5PaaTBQl9mVOd60INfm9I"},{"path":"textures/geyser/tmd_melees/voltcarver.png","key":"98nxffchRh0r3AIUGCAsozKyX5m16rTe"},{"path":"textures/geyser/tmd_misc/1.png","key":"9tgdzpXMHsVIXwxrIpQZNxfWExg644ib"},{"path":"textures/geyser/tmd_misc/2.png","key":"y9zaNaZU8CZTkbnYSviu3goDdWE5nFEe"},{"path":"textures/geyser/tmd_misc/3.png","key":"xe88hNrmWLDgFOcq19PiwjvIbzZUC6IM"},{"path":"textures/geyser/tmd_misc/minecraft/miscitems/cloth.png","key":"YanaZXKIKHiFbEW0Z3Yu3zGKn3pLrNFE"},{"path":"textures/geyser/tmd_misc/minecraft/miscitems/gunpowder.png","key":"ajk0FNdqdFrPGxcsbXUlEFK84vGtqgKC"},{"path":"textures/geyser/tmd_misc/minecraft/miscitems/metal.png","key":"aRSQc5yqrSYFb8O9BSL41i9uCfiF35Gk"},{"path":"textures/geyser/tmd_misc/minecraft/miscitems/oldrag.png","key":"h0tsrCtrxQ4JtYeDYWLXfs4LwCuTdXlw"},{"path":"textures/geyser/tmd_misc/minecraft/miscitems/whisperermask.png","key":"6IadcRcZFy72KVMyRJMbWkMYnQQ2ai9n"},{"path":"textures/geyser/tmd_misc/minecraft/miscitems/wood.png","key":"nvajwTr7gMfpDiTJXg8FaJeUNYlQBgpT"},{"path":"textures/gui/gui2.png","key":"bimmj5qVleoCnCRojK3yIXVsJ8DeTWe2"},{"path":"textures/gui/icons.png","key":"9rizaK6lR8DsyTGX3GnbSpLpd7TijIqs"},{"path":"textures/gui/newgui/mob_effects/wither_effect.png","key":"jHCJ6ud1gvPjzjVmy7mx9vl0XWi3TCtG"},{"path":"textures/item_texture.json","key":"355txp5A1jwkeg5euavrTJyc5KkyiKxE"},{"path":"textures/items/apple.png","key":"4y3V7Pk7bj1ymZAPDTdSrcKJmSrK6hYL"},{"path":"textures/items/apple_golden.png","key":"BuDMcPE5v0eDzpFrCXlZEYtMyNlAfbUO"},{"path":"textures/items/arrow.png","key":"hyngQVPnUgonOKooox7nIhPSJpOm2KQY"},{"path":"textures/items/beef_cooked.png","key":"KcdMUyHtmd5b02LbPCu2PybzIpUaOmev"},{"path":"textures/items/beef_raw.png","key":"HQpA0KQiWgRZQAXRzmgy8Y9lJSSrMnbP"},{"path":"textures/items/black.png","key":"lw78BL4DyxpxEqHIuzJuWL7Uf3ZAJiYG"},{"path":"textures/items/book_enchanted.png","key":"haIMpF1jFXDEEGYYFYve49hInkqIbGik"},{"path":"textures/items/book_normal.png","key":"jX7ZxYehrKGs44oc2cpWyKT8mueHQIit"},{"path":"textures/items/book_writable.png","key":"hs6D28TiLwONalYnEHEn2rnjuZ1svUAo"},{"path":"textures/items/book_written.png","key":"PRT1DZKjetmtcS6MDoMvaInRZICwh4TG"},{"path":"textures/items/bottle.png","key":"yMLOBIfxfQqQVhuVz0ISMrUKJpyFuoap"},{"path":"textures/items/bow_pulling_0.png","key":"36d8i4y5zyTOiEHfEl72TUQ7zsIZ5wbR"},{"path":"textures/items/bow_pulling_1.png","key":"18UJv7PxeBZdWQN0fiDvQTjaIg0TM1WU"},{"path":"textures/items/bow_pulling_2.png","key":"pyoiebOCJELsbpKRoVwSgbyhheonFCDT"},{"path":"textures/items/bow_standby.png","key":"1tJ6ecHculhqGqPKKdGJkrnD5RD5ISqZ"},{"path":"textures/items/bread.png","key":"6SaF9jVqKzMBbRUrSclEMjeLgUPnf7Xn"},{"path":"textures/items/bucket_empty.png","key":"taAoxuTy6OMCpkwcXusNREmXgtEYjqB7"},{"path":"textures/items/carrot.png","key":"U5gAI6hsF86pBe5Yj2fQnNOw3mm3TwpX"},{"path":"textures/items/carrot_golden.png","key":"HwI8K57fYjTGAd7eFU2snZIa5nezqgJo"},{"path":"textures/items/chainmail_boots.png","key":"hqJFyVmURAMLvS3E67MsaQEJNR9QV5g9"},{"path":"textures/items/chainmail_chestplate.png","key":"x7W7HlN9YBW8fAMECaWmyMJe8p15fHsT"},{"path":"textures/items/chainmail_helmet.png","key":"ptpiew62hXrEuZe8hlJWqUSmQmPB1Rek"},{"path":"textures/items/chainmail_leggings.png","key":"RpyhhMvIldeegfEilmlmsdAfrejTDJJl"},{"path":"textures/items/chicken_cooked.png","key":"q0CvhYA8KNGkvwxOcbe7s7us9tRpMbw6"},{"path":"textures/items/coal.png","key":"OQ9NgHLD9ugiBLFfN1vlYtdZrUejJbPC"},{"path":"textures/items/comparator.png","key":"cw6FhJMSIHY7t7c7Ve99yNCuATH8WIoe"},{"path":"textures/items/compass_item.png","key":"MfRAFqU54ADfY7wiYVj4Is2kx3QxdIuc"},{"path":"textures/items/dark_grey.png","key":"uCmVr78jwK1cJeteTMECVK4HHHT8uV6H"},{"path":"textures/items/diamond.png","key":"lNZeiJXG2X8cxPFJlaqWGT1DGpW41X4b"},{"path":"textures/items/diamond_boots.png","key":"gdOnSB8OUp5KczqQKV90zW4FhFsKRuc8"},{"path":"textures/items/diamond_chestplate.png","key":"3jjRRMPhLz0W5zVIuPfgZWJS1U19ygWv"},{"path":"textures/items/diamond_helmet.png","key":"f4UHj8BEGhi6xhANtUjjcoZ8fAvgaffL"},{"path":"textures/items/diamond_leggings.png","key":"bqjj84z2XIJSFmQLQ8zgOCOSHnHJL4ux"},{"path":"textures/items/door_iron.png","key":"ykXxnvvyawbIymLqEG3fXsaGxcAvPIV7"},{"path":"textures/items/door_wood.png","key":"NUK6ih3dTdlHQF07eVKsIK2ZOILIcLlN"},{"path":"textures/items/dye_powder_orange.png","key":"gm9EpsQZW9w4IyIiwLf3oDScCZxas9ac"},{"path":"textures/items/egg.png","key":"70acx20yFCVianIexqubPW3RTeRRwKBd"},{"path":"textures/items/empty_armor_slot_boots.png","key":"6T91QEZQKpUm5XZzW6u2brA42WNlQMLy"},{"path":"textures/items/empty_armor_slot_chestplate.png","key":"7jpvJLFK4SeMsIZ84EBiwjmrWIdKPcwj"},{"path":"textures/items/empty_armor_slot_helmet.png","key":"EgKLrDWwkNR4ybKmwZhikQcyUvalDQ0O"},{"path":"textures/items/empty_armor_slot_leggings.png","key":"4H0mD8e6Vv3P3felXKby1OggeB9AyHxx"},{"path":"textures/items/empty_armor_slot_shield.png","key":"YefES8bYTLpMPgbGHIvdBOANBhgFi8x2"},{"path":"textures/items/ender_eye.png","key":"e41b4nrKi1kUPdmX8QS04AA0uzrVGczC"},{"path":"textures/items/ender_eye.png.mcmeta","key":"MewOZjbZjURdjIPXFAyYXqf6HYj35nYL"},{"path":"textures/items/ender_pearl.png","key":"DrgmAYjpJpWQ6v7Th4XzP0nqfbAHRnpk"},{"path":"textures/items/experience_bottle.png","key":"kdPYpyRYfmkFPTSqYdMGjIMmJpLXTqZk"},{"path":"textures/items/filled_bottle.png","key":"08SJX9yUCRYkoaOvaBMb4ChaiLOwvnea"},{"path":"textures/items/fireworks_charge.png","key":"MRIKPiQecUJzplJIkV2fvj6qJ6HHSscP"},{"path":"textures/items/fish_clownfish_raw.png","key":"o9bZKgtUNO5cKTwzA3vp9yCkAc5I86b7"},{"path":"textures/items/fish_cooked.png","key":"u5qQ9EWRE2n5YjgRb4k5qqQ2HJJOSzzg"},{"path":"textures/items/fish_pufferfish_raw.png","key":"yrgFc1j5SHdBKGKPKmd2nTku9D8jZVNl"},{"path":"textures/items/fish_raw.png","key":"bg0OUstmy4fW8mLfB9ibhC0JdRut5C3c"},{"path":"textures/items/fish_salmon_cooked.png","key":"6qYMjjNetJxIgHBsfwu4FBuGq8KCoRqJ"},{"path":"textures/items/fish_salmon_raw.png","key":"EP15HH15soGgcGlu4TvowhotwPTkfYxX"},{"path":"textures/items/ghast_tear.png","key":"CVH1W0vyk4jjjrwjV504bE9ZJYSfkobK"},{"path":"textures/items/glass_bottle.png","key":"j9C93UYLC3UPK4sCp5RmuIYxhUA59PoE"},{"path":"textures/items/gold_boots.png","key":"qjNGHiZEEthDsGSWMIZceaakFp0KNkfr"},{"path":"textures/items/gold_chestplate.png","key":"IQp5ZC9v2DOlfX44BWdK0lWHqGD35ksK"},{"path":"textures/items/gold_helmet.png","key":"VLFAybNYFnD7PrMT4Fyokcp1pSTGgzkE"},{"path":"textures/items/gold_leggings.png","key":"kAyF1sN5P0g2o46AUdFPt0wvNwtEtuKA"},{"path":"textures/items/gray.png","key":"iEE17goJjrr7x66BLrunqIUemxcDFCzG"},{"path":"textures/items/hopper.png","key":"k7wofUcAyzSoDzFppmFTw5wmuJachA6V"},{"path":"textures/items/iron_boots.png","key":"yrwixy7vecQ0QTM2n1Jvg2U3nuXeu81Z"},{"path":"textures/items/iron_chestplate.png","key":"A0fqSkUHewENyf8iE6wfXf94K3zA3ZcB"},{"path":"textures/items/iron_helmet.png","key":"E2T6Jau2JpqfMS5aH2PVfjtxUgf0RgQI"},{"path":"textures/items/iron_horse_armor.png","key":"TsiMaBVB2uxcJqFeRjRjx7Cf7HZazjWF"},{"path":"textures/items/iron_leggings.png","key":"M8uQREoWsZ5QeDRAuMRZKtslTbSkqQ6Y"},{"path":"textures/items/lead.png","key":"S6t6uEX1FjTroBYLyGOw4rDc8IyfWoZp"},{"path":"textures/items/leather.png","key":"t8RCkdI0m0phNx9LstATfM8WiQ68wXbv"},{"path":"textures/items/leather_boots.png","key":"QPXwexCCLpZK9fh7SoZK6qf94uII9hJE"},{"path":"textures/items/leather_boots_b.png","key":"weZqbNiSfyt7pTFwVFqBKm59awwMtKVI"},{"path":"textures/items/leather_chestplate.png","key":"gbBRCT6dCI04MWo6kTUJSbPaGMWRuPOB"},{"path":"textures/items/leather_chestplate_b.png","key":"Wt02MParjh8z4ci6iZhecXuPFqAt27Ew"},{"path":"textures/items/leather_helmet.png","key":"WfSAJBGDs3npgdqACJmhg9rtpJxIrK0M"},{"path":"textures/items/leather_helmet_b.png","key":"djgL2mI56Pmx5PK9zrjNnF2tHSS5wt77"},{"path":"textures/items/leather_leggings.png","key":"I5jo7xYXF0CbO7BHxI9y7tOtetTvCuSv"},{"path":"textures/items/leather_leggings_b.png","key":"pMCEY1NwFLUC0PipauJIL4JWvPUlq46T"},{"path":"textures/items/light_gray.png","key":"nYSWSQBC9KOJq7E51f27ytpPitU59kJs"},{"path":"textures/items/magma_cream.png","key":"yfSP0KjS0bkUB4FrGZTgfx7Vey2LrXjN"},{"path":"textures/items/map_empty.png","key":"1owoIXVeqstTIq9uYBpRnmXiACaww9qz"},{"path":"textures/items/map_filled.png","key":"2E8YuSCbzp1qfX32LsdnX62sYijg01YE"},{"path":"textures/items/melon_speckled.png","key":"nC6DC9jwSmhhcCYSnwBYttuRVg8Il71O"},{"path":"textures/items/mushroom_stew.png","key":"qG03sZFuPSmUNnRtHyo4O1eiZwgfl7ge"},{"path":"textures/items/mutton_cooked.png","key":"2inSLFvzJVVvLpuDYmQowqVI1KOjguEk"},{"path":"textures/items/mutton_raw.png","key":"XDi9XRSFLCwrL5yAE6VXBr4I3sMhLMkU"},{"path":"textures/items/nether_star.png","key":"nubodYR1JquYM7trv2Lqd81iDST2okWl"},{"path":"textures/items/porkchop_cooked.png","key":"2iclzkjTY2K9wWT6XdBK4uKirme68qkY"},{"path":"textures/items/porkchop_raw.png","key":"qos2iNmjMsEE9pyA5p7A0FJ2VkrOEIJQ"},{"path":"textures/items/potato.png","key":"8LXsdPNxyndazC76MQe4exSuv8YYwMsp"},{"path":"textures/items/potato_baked.png","key":"6BGeZ5P8RifwXvnIaE4FPy9iScWyRW84"},{"path":"textures/items/potato_poisonous.png","key":"UOb1HqwVoK8KsA2ay8fI26Zb5CyGxpPB"},{"path":"textures/items/potion_overlay.png","key":"NyqZIOglnVV8it4n29lqE5l1QafOrgLe"},{"path":"textures/items/prismarine_shard.png","key":"IGNoN2SbzeYTlwS6U8Ln7fa7e78NZAIA"},{"path":"textures/items/quartz.png","key":"HLGM77n1ogOFXkMH9x5oS5hpHsjOgK31"},{"path":"textures/items/rabbit_cooked.png","key":"mFgJO1Ux76RxZPRhT1G7CcDndGncrfh9"},{"path":"textures/items/rabbit_hide.png","key":"IpHqzFQdUaO5KhGkjXU2XRyHXuDUw48K"},{"path":"textures/items/rabbit_raw.png","key":"pNbOhp8HBxSFJ9EATYGkKqvWQhjbi9Tw"},{"path":"textures/items/rabbit_stew.png","key":"cut5CogGtEQnT13WdOGMAWPUvHSxk57c"},{"path":"textures/items/redstone_dust.png","key":"WvTBtzAnA9VvMOhWv7upetxVlo6tII0V"},{"path":"textures/items/repeater.png","key":"EuXxps7noURBsqiqRQLcWz53uvZKZ5Yg"},{"path":"textures/items/saddle.png","key":"QZAOoMp1dVhiefYZB7s6H6IEhxM9Ob97"},{"path":"textures/items/seeds_melon.png","key":"BI12cCxOOoRLZERgYUEkBaealskYB4oC"},{"path":"textures/items/seeds_pumpkin.png","key":"QneHUevR8rMT3ydRd1RCYxyL5JeXQsZD"},{"path":"textures/items/seeds_wheat.png","key":"J0ZuNkHdNzVW8ODK3ub6FudIuuhoHUZR"},{"path":"textures/items/snowball.png","key":"DkcYQDG5WhgeQPluA03dN9yAnin6Qtlw"},{"path":"textures/items/string.png","key":"IU94vTahOrgFX25GxB4oncvyRxzPD1Oj"},{"path":"textures/items/wood_axe.png","key":"awEPoN5rdZbSKHw3rSWH73rjyQOo1mvd"},{"path":"textures/lootbags/food.png","key":"wjqv3RPV8pmuWGDABHnZV7MrjbIedIGc"},{"path":"textures/lootbags/garage.png","key":"QoSA6AvKczSN3bDWLJufalU63ZkW2daG"},{"path":"textures/lootbags/house.png","key":"BDZ0k2PWfe53AGbv6EfRY0CsfaTeZE6u"},{"path":"textures/lootbags/medical.png","key":"CdKdXImsU5qshthhz2BIA359Pe33XFCJ"},{"path":"textures/lootbags/military.png","key":"mOgttGzXPRtoixpIBjcWxLgJaMbLlEcb"},{"path":"textures/lootbags/office.png","key":"kA462SkqM8Y5yisZdwxVRYSeo3VlOHEw"},{"path":"textures/lootbags/police.png","key":"XHyF5xutu3EdLwB3mdRz7W4dLZswJ2ZC"},{"path":"textures/lootbags/shop.png","key":"W2PuU2ddwuq9U89V5VosxKiSJEIyKIfJ"},{"path":"textures/lootbags/wild.png","key":"Eru4X3yRFhllovKd23t0MoCv1gqvrF0F"},{"path":"textures/misc/pumpkinblur.png","key":"TTCQcZB5W0op35vKOmZjnLlQiUV0H1dn"},{"path":"textures/models/armor/chain_1.png","key":"isaOEBzl6NiXBa0wCTQ1hHM189xDBopG"},{"path":"textures/models/armor/chain_2.png","key":"QR2vaUbPaXBbv6TN8efvCQBGLJFem4AW"},{"path":"textures/models/armor/cloth_1.png","key":"40EQkQS7VUk89Js2FFLMqZ9FiqR5pfuO"},{"path":"textures/models/armor/cloth_2.png","key":"hs9enTqUWPm0f2J1WOIw74RwIWXqXLI7"},{"path":"textures/models/armor/diamond_1.png","key":"ah4fXaEQtYNNJPnGmD8m1r6q3zRktzZ9"},{"path":"textures/models/armor/diamond_2.png","key":"RbwtKEZIAxKr9dDTUVZlNWAxwEIYSINA"},{"path":"textures/models/armor/gold_1.png","key":"48H3V3G4YQJnbV1Eywv83jtL0Sc0FxQh"},{"path":"textures/models/armor/gold_2.png","key":"XZVMHMueL6Lbllco5O7OQxmirjFQeFeu"},{"path":"textures/models/armor/iron_1.png","key":"4j1bWh0mEiAvw3St4405FUJV1I287Ubm"},{"path":"textures/models/armor/iron_2.png","key":"DSdKHWrKeksha5NPd4FLqKckQJZCKZ6z"},{"path":"textures/models/armor/leather_1.tga","key":"0RDcVVrC6tlzdNR9vp5F15NKU3Fdc8gR"},{"path":"textures/models/armor/leather_2.tga","key":"tttTE5JcJejgArAojn8V2ObvUFTbvalc"},{"path":"textures/painting/kz.png","key":"5uPt2jkBqXd3K3Q8YCQs6TaiSnQAganA"},{"path":"textures/particle/large_explosion.png","key":"lsXpRrdK8kNXHH8qiTWS4QcYkC8WUccN"},{"path":"textures/particle/muzzleflash.png","key":"hPSP2Xcawkz548xQXrRnRB6SYH1lUEgO"},{"path":"textures/particle/particles.png","key":"bWZoumAOEuULm5r2jDpSzCO644tj49NW"},{"path":"textures/terrain_texture.json","key":"gL6QGUyICIioMer8dhzoL50APaEb4zCn"}]}