{
  "format_version": "1.12.0",
  "minecraft:geometry": [
    {
      "bones": [
        {
          "name": "all",
          "pivot": [
            0,
            0,
            0
          ]
        },
        {
          "name": "body",
          "parent": "all",
          "pivot": [
            0,
            12,
            0
          ]
        },
        {
          "cubes": [
            {
              "origin": [
                -4,
                12,
                -2
              ],
              "size": [
                8,
                12,
                4
              ],
              "uv": {
                "down": {
                  "uv": [
                    36,
                    42
                  ],
                  "uv_size": [
                    8,
                    -4
                  ]
                },
                "east": {
                  "uv": [
                    32,
                    16
                  ],
                  "uv_size": [
                    4,
                    12
                  ]
                },
                "north": {
                  "uv": [
                    0,
                    0
                  ],
                  "uv_size": [
                    8,
                    12
                  ]
                },
                "south": {
                  "uv": [
                    8,
                    0
                  ],
                  "uv_size": [
                    8,
                    12
                  ]
                },
                "up": {
                  "uv": [
                    36,
                    34
                  ],
                  "uv_size": [
                    8,
                    4
                  ]
                },
                "west": {
                  "uv": [
                    32,
                    28
                  ],
                  "uv_size": [
                    4,
                    12
                  ]
                }
              }
            },
            {
              "origin": [
                -4,
                14,
                2
              ],
              "pivot": [
                0,
                15,
                3
              ],
              "rotation": [
                7.5,
                0,
                0
              ],
              "size": [
                8,
                8,
                0
              ],
              "uv": {
                "south": {
                  "uv": [
                    16,
                    32
                  ],
                  "uv_size": [
                    8,
                    8
                  ]
                }
              }
            },
            {
              "inflate": -1,
              "origin": [
                -4,
                12,
                -2
              ],
              "size": [
                8,
                12,
                4
              ],
              "uv": {
                "down": {
                  "uv": [
                    40,
                    8
                  ],
                  "uv_size": [
                    8,
                    -4
                  ]
                },
                "east": {
                  "uv": [
                    0,
                    36
                  ],
                  "uv_size": [
                    4,
                    12
                  ]
                },
                "north": {
                  "uv": [
                    0,
                    12
                  ],
                  "uv_size": [
                    8,
                    12
                  ]
                },
                "south": {
                  "uv": [
                    8,
                    12
                  ],
                  "uv_size": [
                    8,
                    12
                  ]
                },
                "up": {
                  "uv": [
                    40,
                    0
                  ],
                  "uv_size": [
                    8,
                    4
                  ]
                },
                "west": {
                  "uv": [
                    4,
                    36
                  ],
                  "uv_size": [
                    4,
                    12
                  ]
                }
              }
            }
          ],
          "name": "torso",
          "parent": "body",
          "pivot": [
            0,
            12,
            0
          ]
        },
        {
          "cubes": [
            {
              "origin": [
                -8,
                18,
                -2
              ],
              "size": [
                4,
                6,
                4
              ],
              "uv": {
                "down": {
                  "uv": [
                    56,
                    24
                  ],
                  "uv_size": [
                    4,
                    -4
                  ]
                },
                "east": {
                  "uv": [
                    40,
                    42
                  ],
                  "uv_size": [
                    4,
                    6
                  ]
                },
                "north": {
                  "uv": [
                    36,
                    42
                  ],
                  "uv_size": [
                    4,
                    6
                  ]
                },
                "south": {
                  "uv": [
                    44,
                    8
                  ],
                  "uv_size": [
                    4,
                    6
                  ]
                },
                "up": {
                  "uv": [
                    56,
                    16
                  ],
                  "uv_size": [
                    4,
                    4
                  ]
                },
                "west": {
                  "uv": [
                    44,
                    14
                  ],
                  "uv_size": [
                    4,
                    6
                  ]
                }
              }
            },
            {
              "inflate": 0.21,
              "origin": [
                -8,
                18,
                -2
              ],
              "size": [
                4,
                6,
                4
              ],
              "uv": {
                "down": {
                  "uv": [
                    56,
                    40
                  ],
                  "uv_size": [
                    4,
                    -4
                  ]
                },
                "east": {
                  "uv": [
                    8,
                    46
                  ],
                  "uv_size": [
                    4,
                    6
                  ]
                },
                "north": {
                  "uv": [
                    44,
                    44
                  ],
                  "uv_size": [
                    4,
                    6
                  ]
                },
                "south": {
                  "uv": [
                    12,
                    46
                  ],
                  "uv_size": [
                    4,
                    6
                  ]
                },
                "up": {
                  "uv": [
                    56,
                    32
                  ],
                  "uv_size": [
                    4,
                    4
                  ]
                },
                "west": {
                  "uv": [
                    16,
                    46
                  ],
                  "uv_size": [
                    4,
                    6
                  ]
                }
              }
            }
          ],
          "name": "arm",
          "parent": "torso",
          "pivot": [
            -4,
            22,
            0
          ],
          "rotation": [
            -30,
            0,
            0
          ]
        },
        {
          "cubes": [
            {
              "inflate": -0.01,
              "origin": [
                -8,
                12,
                -2
              ],
              "size": [
                4,
                6,
                4
              ],
              "uv": {
                "down": {
                  "uv": [
                    56,
                    32
                  ],
                  "uv_size": [
                    4,
                    -4
                  ]
                },
                "east": {
                  "uv": [
                    44,
                    26
                  ],
                  "uv_size": [
                    4,
                    6
                  ]
                },
                "north": {
                  "uv": [
                    44,
                    20
                  ],
                  "uv_size": [
                    4,
                    6
                  ]
                },
                "south": {
                  "uv": [
                    44,
                    32
                  ],
                  "uv_size": [
                    4,
                    6
                  ]
                },
                "up": {
                  "uv": [
                    56,
                    24
                  ],
                  "uv_size": [
                    4,
                    4
                  ]
                },
                "west": {
                  "uv": [
                    44,
                    38
                  ],
                  "uv_size": [
                    4,
                    6
                  ]
                }
              }
            },
            {
              "inflate": 0.2,
              "origin": [
                -8,
                12,
                -2
              ],
              "size": [
                4,
                6,
                4
              ],
              "uv": {
                "down": {
                  "uv": [
                    44,
                    60
                  ],
                  "uv_size": [
                    4,
                    -4
                  ]
                },
                "east": {
                  "uv": [
                    32,
                    46
                  ],
                  "uv_size": [
                    4,
                    6
                  ]
                },
                "north": {
                  "uv": [
                    20,
                    46
                  ],
                  "uv_size": [
                    4,
                    6
                  ]
                },
                "south": {
                  "uv": [
                    0,
                    48
                  ],
                  "uv_size": [
                    4,
                    6
                  ]
                },
                "up": {
                  "uv": [
                    56,
                    40
                  ],
                  "uv_size": [
                    4,
                    4
                  ]
                },
                "west": {
                  "uv": [
                    48,
                    0
                  ],
                  "uv_size": [
                    4,
                    6
                  ]
                }
              }
            },
            {
              "origin": [
                -8,
                12,
                2
              ],
              "size": [
                0,
                6,
                4
              ],
              "uv": {
                "east": {
                  "uv": [
                    36,
                    54
                  ],
                  "uv_size": [
                    4,
                    6
                  ]
                }
              }
            },
            {
              "origin": [
                -6,
                12,
                2
              ],
              "size": [
                0,
                6,
                4
              ],
              "uv": {
                "east": {
                  "uv": [
                    52,
                    54
                  ],
                  "uv_size": [
                    4,
                    6
                  ]
                }
              }
            }
          ],
          "name": "forearm",
          "parent": "arm",
          "pivot": [
            -8,
            18,
            2
          ],
          "rotation": [
            -55,
            0,
            0
          ]
        },
        {
          "cubes": [
            {
              "origin": [
                -6,
                -3,
                -3
              ],
              "size": [
                1,
                4,
                1
              ],
              "uv": {
                "down": {
                  "uv": [
                    61,
                    42
                  ],
                  "uv_size": [
                    1,
                    -1
                  ]
                },
                "east": {
                  "uv": [
                    40,
                    60
                  ],
                  "uv_size": [
                    1,
                    4
                  ]
                },
                "north": {
                  "uv": [
                    39,
                    60
                  ],
                  "uv_size": [
                    1,
                    4
                  ]
                },
                "south": {
                  "uv": [
                    60,
                    40
                  ],
                  "uv_size": [
                    1,
                    4
                  ]
                },
                "up": {
                  "uv": [
                    61,
                    40
                  ],
                  "uv_size": [
                    1,
                    1
                  ]
                },
                "west": {
                  "uv": [
                    41,
                    60
                  ],
                  "uv_size": [
                    1,
                    4
                  ]
                }
              }
            },
            {
              "inflate": 0.15,
              "origin": [
                -6,
                1,
                -3
              ],
              "size": [
                1,
                16,
                1
              ],
              "uv": {
                "down": {
                  "uv": [
                    61,
                    46
                  ],
                  "uv_size": [
                    1,
                    -1
                  ]
                },
                "east": {
                  "uv": [
                    17,
                    58
                  ],
                  "uv_size": [
                    1,
                    16
                  ]
                },
                "north": {
                  "uv": [
                    16,
                    58
                  ],
                  "uv_size": [
                    1,
                    16
                  ]
                },
                "south": {
                  "uv": [
                    18,
                    58
                  ],
                  "uv_size": [
                    1,
                    16
                  ]
                },
                "up": {
                  "uv": [
                    61,
                    44
                  ],
                  "uv_size": [
                    1,
                    1
                  ]
                },
                "west": {
                  "uv": [
                    19,
                    58
                  ],
                  "uv_size": [
                    1,
                    16
                  ]
                }
              }
            },
            {
              "inflate": 0.2,
              "origin": [
                -6,
                8,
                -3
              ],
              "size": [
                1,
                4,
                3
              ],
              "uv": {
                "down": {
                  "uv": [
                    51,
                    63
                  ],
                  "uv_size": [
                    1,
                    -3
                  ]
                },
                "east": {
                  "uv": [
                    36,
                    60
                  ],
                  "uv_size": [
                    3,
                    4
                  ]
                },
                "north": {
                  "uv": [
                    45,
                    60
                  ],
                  "uv_size": [
                    1,
                    4
                  ]
                },
                "south": {
                  "uv": [
                    46,
                    60
                  ],
                  "uv_size": [
                    1,
                    4
                  ]
                },
                "up": {
                  "uv": [
                    50,
                    60
                  ],
                  "uv_size": [
                    1,
                    3
                  ]
                },
                "west": {
                  "uv": [
                    60,
                    36
                  ],
                  "uv_size": [
                    3,
                    4
                  ]
                }
              }
            },
            {
              "inflate": 0.3,
              "origin": [
                -6,
                2,
                -5
              ],
              "size": [
                1,
                4,
                1
              ],
              "uv": {
                "down": {
                  "uv": [
                    61,
                    62
                  ],
                  "uv_size": [
                    1,
                    -1
                  ]
                },
                "east": {
                  "uv": [
                    48,
                    60
                  ],
                  "uv_size": [
                    1,
                    4
                  ]
                },
                "north": {
                  "uv": [
                    47,
                    60
                  ],
                  "uv_size": [
                    1,
                    4
                  ]
                },
                "south": {
                  "uv": [
                    60,
                    48
                  ],
                  "uv_size": [
                    1,
                    4
                  ]
                },
                "up": {
                  "uv": [
                    61,
                    60
                  ],
                  "uv_size": [
                    1,
                    1
                  ]
                },
                "west": {
                  "uv": [
                    49,
                    60
                  ],
                  "uv_size": [
                    1,
                    4
                  ]
                }
              }
            },
            {
              "inflate": 0.35,
              "origin": [
                -6,
                6,
                -5
              ],
              "size": [
                1,
                1,
                1
              ],
              "uv": {
                "down": {
                  "uv": [
                    62,
                    35
                  ],
                  "uv_size": [
                    1,
                    -1
                  ]
                },
                "east": {
                  "uv": [
                    62,
                    32
                  ],
                  "uv_size": [
                    1,
                    1
                  ]
                },
                "north": {
                  "uv": [
                    32,
                    62
                  ],
                  "uv_size": [
                    1,
                    1
                  ]
                },
                "south": {
                  "uv": [
                    33,
                    62
                  ],
                  "uv_size": [
                    1,
                    1
                  ]
                },
                "up": {
                  "uv": [
                    34,
                    62
                  ],
                  "uv_size": [
                    1,
                    1
                  ]
                },
                "west": {
                  "uv": [
                    62,
                    33
                  ],
                  "uv_size": [
                    1,
                    1
                  ]
                }
              }
            },
            {
              "inflate": 0.35,
              "origin": [
                -6,
                1,
                -5
              ],
              "size": [
                1,
                1,
                1
              ],
              "uv": {
                "down": {
                  "uv": [
                    62,
                    44
                  ],
                  "uv_size": [
                    1,
                    -1
                  ]
                },
                "east": {
                  "uv": [
                    62,
                    35
                  ],
                  "uv_size": [
                    1,
                    1
                  ]
                },
                "north": {
                  "uv": [
                    35,
                    62
                  ],
                  "uv_size": [
                    1,
                    1
                  ]
                },
                "south": {
                  "uv": [
                    62,
                    40
                  ],
                  "uv_size": [
                    1,
                    1
                  ]
                },
                "up": {
                  "uv": [
                    62,
                    42
                  ],
                  "uv_size": [
                    1,
                    1
                  ]
                },
                "west": {
                  "uv": [
                    62,
                    41
                  ],
                  "uv_size": [
                    1,
                    1
                  ]
                }
              }
            },
            {
              "origin": [
                -6,
                5,
                -4
              ],
              "size": [
                1,
                1,
                1
              ],
              "uv": {
                "down": {
                  "uv": [
                    62,
                    26
                  ],
                  "uv_size": [
                    1,
                    -1
                  ]
                },
                "east": {
                  "uv": [
                    21,
                    62
                  ],
                  "uv_size": [
                    1,
                    1
                  ]
                },
                "north": {
                  "uv": [
                    20,
                    62
                  ],
                  "uv_size": [
                    1,
                    1
                  ]
                },
                "south": {
                  "uv": [
                    22,
                    62
                  ],
                  "uv_size": [
                    1,
                    1
                  ]
                },
                "up": {
                  "uv": [
                    62,
                    24
                  ],
                  "uv_size": [
                    1,
                    1
                  ]
                },
                "west": {
                  "uv": [
                    23,
                    62
                  ],
                  "uv_size": [
                    1,
                    1
                  ]
                }
              }
            },
            {
              "origin": [
                -6,
                2,
                -4
              ],
              "size": [
                1,
                1,
                1
              ],
              "uv": {
                "down": {
                  "uv": [
                    62,
                    32
                  ],
                  "uv_size": [
                    1,
                    -1
                  ]
                },
                "east": {
                  "uv": [
                    62,
                    27
                  ],
                  "uv_size": [
                    1,
                    1
                  ]
                },
                "north": {
                  "uv": [
                    62,
                    26
                  ],
                  "uv_size": [
                    1,
                    1
                  ]
                },
                "south": {
                  "uv": [
                    62,
                    28
                  ],
                  "uv_size": [
                    1,
                    1
                  ]
                },
                "up": {
                  "uv": [
                    62,
                    30
                  ],
                  "uv_size": [
                    1,
                    1
                  ]
                },
                "west": {
                  "uv": [
                    62,
                    29
                  ],
                  "uv_size": [
                    1,
                    1
                  ]
                }
              }
            },
            {
              "origin": [
                -6,
                12,
                -2
              ],
              "size": [
                1,
                1,
                1
              ],
              "uv": {
                "down": {
                  "uv": [
                    60,
                    62
                  ],
                  "uv_size": [
                    1,
                    -1
                  ]
                },
                "east": {
                  "uv": [
                    61,
                    51
                  ],
                  "uv_size": [
                    1,
                    1
                  ]
                },
                "north": {
                  "uv": [
                    61,
                    50
                  ],
                  "uv_size": [
                    1,
                    1
                  ]
                },
                "south": {
                  "uv": [
                    54,
                    61
                  ],
                  "uv_size": [
                    1,
                    1
                  ]
                },
                "up": {
                  "uv": [
                    61,
                    59
                  ],
                  "uv_size": [
                    1,
                    1
                  ]
                },
                "west": {
                  "uv": [
                    55,
                    61
                  ],
                  "uv_size": [
                    1,
                    1
                  ]
                }
              }
            },
            {
              "inflate": 0.2,
              "origin": [
                -6,
                16,
                -2
              ],
              "pivot": [
                -5,
                16,
                -2
              ],
              "rotation": [
                25,
                0,
                0
              ],
              "size": [
                1,
                1,
                2
              ],
              "uv": {
                "down": {
                  "uv": [
                    60,
                    61
                  ],
                  "uv_size": [
                    1,
                    -2
                  ]
                },
                "east": {
                  "uv": [
                    54,
                    60
                  ],
                  "uv_size": [
                    2,
                    1
                  ]
                },
                "north": {
                  "uv": [
                    61,
                    46
                  ],
                  "uv_size": [
                    1,
                    1
                  ]
                },
                "south": {
                  "uv": [
                    61,
                    47
                  ],
                  "uv_size": [
                    1,
                    1
                  ]
                },
                "up": {
                  "uv": [
                    43,
                    14
                  ],
                  "uv_size": [
                    1,
                    2
                  ]
                },
                "west": {
                  "uv": [
                    60,
                    58
                  ],
                  "uv_size": [
                    2,
                    1
                  ]
                }
              }
            },
            {
              "inflate": 0.21,
              "origin": [
                -6,
                17,
                -3
              ],
              "size": [
                1,
                1,
                3
              ],
              "uv": {
                "down": {
                  "uv": [
                    53,
                    63
                  ],
                  "uv_size": [
                    1,
                    -3
                  ]
                },
                "east": {
                  "uv": [
                    40,
                    14
                  ],
                  "uv_size": [
                    3,
                    1
                  ]
                },
                "north": {
                  "uv": [
                    61,
                    48
                  ],
                  "uv_size": [
                    1,
                    1
                  ]
                },
                "south": {
                  "uv": [
                    61,
                    49
                  ],
                  "uv_size": [
                    1,
                    1
                  ]
                },
                "up": {
                  "uv": [
                    52,
                    60
                  ],
                  "uv_size": [
                    1,
                    3
                  ]
                },
                "west": {
                  "uv": [
                    40,
                    15
                  ],
                  "uv_size": [
                    3,
                    1
                  ]
                }
              }
            },
            {
              "inflate": 0.1,
              "origin": [
                -6,
                -7,
                -3
              ],
              "size": [
                1,
                4,
                1
              ],
              "uv": {
                "down": {
                  "uv": [
                    61,
                    44
                  ],
                  "uv_size": [
                    1,
                    -1
                  ]
                },
                "east": {
                  "uv": [
                    43,
                    60
                  ],
                  "uv_size": [
                    1,
                    4
                  ]
                },
                "north": {
                  "uv": [
                    42,
                    60
                  ],
                  "uv_size": [
                    1,
                    4
                  ]
                },
                "south": {
                  "uv": [
                    44,
                    60
                  ],
                  "uv_size": [
                    1,
                    4
                  ]
                },
                "up": {
                  "uv": [
                    61,
                    42
                  ],
                  "uv_size": [
                    1,
                    1
                  ]
                },
                "west": {
                  "uv": [
                    60,
                    44
                  ],
                  "uv_size": [
                    1,
                    4
                  ]
                }
              }
            }
          ],
          "name": "sniper",
          "parent": "forearm",
          "pivot": [
            -5,
            13,
            -1
          ],
          "rotation": [
            -2.38733,
            1.29876,
            -70.08385
          ]
        },
        {
          "cubes": [
            {
              "origin": [
                4,
                18,
                -2
              ],
              "size": [
                4,
                6,
                4
              ],
              "uv": {
                "down": {
                  "uv": [
                    32,
                    62
                  ],
                  "uv_size": [
                    4,
                    -4
                  ]
                },
                "east": {
                  "uv": [
                    48,
                    24
                  ],
                  "uv_size": [
                    4,
                    6
                  ]
                },
                "north": {
                  "uv": [
                    24,
                    48
                  ],
                  "uv_size": [
                    4,
                    6
                  ]
                },
                "south": {
                  "uv": [
                    28,
                    48
                  ],
                  "uv_size": [
                    4,
                    6
                  ]
                },
                "up": {
                  "uv": [
                    20,
                    58
                  ],
                  "uv_size": [
                    4,
                    4
                  ]
                },
                "west": {
                  "uv": [
                    48,
                    30
                  ],
                  "uv_size": [
                    4,
                    6
                  ]
                }
              }
            },
            {
              "inflate": 0.21,
              "origin": [
                4,
                18,
                -2
              ],
              "size": [
                4,
                6,
                4
              ],
              "uv": {
                "down": {
                  "uv": [
                    0,
                    64
                  ],
                  "uv_size": [
                    4,
                    -4
                  ]
                },
                "east": {
                  "uv": [
                    48,
                    36
                  ],
                  "uv_size": [
                    4,
                    6
                  ]
                },
                "north": {
                  "uv": [
                    36,
                    48
                  ],
                  "uv_size": [
                    4,
                    6
                  ]
                },
                "south": {
                  "uv": [
                    40,
                    48
                  ],
                  "uv_size": [
                    4,
                    6
                  ]
                },
                "up": {
                  "uv": [
                    56,
                    58
                  ],
                  "uv_size": [
                    4,
                    4
                  ]
                },
                "west": {
                  "uv": [
                    48,
                    42
                  ],
                  "uv_size": [
                    4,
                    6
                  ]
                }
              }
            }
          ],
          "name": "arm2",
          "parent": "torso",
          "pivot": [
            4,
            22,
            0
          ],
          "rotation": [
            -67.5,
            0,
            0
          ]
        },
        {
          "cubes": [
            {
              "inflate": -0.01,
              "origin": [
                4,
                12,
                -2
              ],
              "size": [
                4,
                6,
                4
              ],
              "uv": {
                "down": {
                  "uv": [
                    4,
                    64
                  ],
                  "uv_size": [
                    4,
                    -4
                  ]
                },
                "east": {
                  "uv": [
                    44,
                    50
                  ],
                  "uv_size": [
                    4,
                    6
                  ]
                },
                "north": {
                  "uv": [
                    48,
                    48
                  ],
                  "uv_size": [
                    4,
                    6
                  ]
                },
                "south": {
                  "uv": [
                    52,
                    0
                  ],
                  "uv_size": [
                    4,
                    6
                  ]
                },
                "up": {
                  "uv": [
                    60,
                    0
                  ],
                  "uv_size": [
                    4,
                    4
                  ]
                },
                "west": {
                  "uv": [
                    52,
                    6
                  ],
                  "uv_size": [
                    4,
                    6
                  ]
                }
              }
            },
            {
              "origin": [
                8,
                12,
                2
              ],
              "size": [
                0,
                6,
                4
              ],
              "uv": {
                "west": {
                  "uv": [
                    40,
                    54
                  ],
                  "uv_size": [
                    4,
                    6
                  ]
                }
              }
            },
            {
              "origin": [
                6,
                12,
                2
              ],
              "size": [
                0,
                6,
                4
              ],
              "uv": {
                "west": {
                  "uv": [
                    48,
                    54
                  ],
                  "uv_size": [
                    4,
                    6
                  ]
                }
              }
            },
            {
              "inflate": 0.2,
              "origin": [
                4,
                12,
                -2
              ],
              "size": [
                4,
                6,
                4
              ],
              "uv": {
                "down": {
                  "uv": [
                    8,
                    64
                  ],
                  "uv_size": [
                    4,
                    -4
                  ]
                },
                "east": {
                  "uv": [
                    12,
                    52
                  ],
                  "uv_size": [
                    4,
                    6
                  ]
                },
                "north": {
                  "uv": [
                    8,
                    52
                  ],
                  "uv_size": [
                    4,
                    6
                  ]
                },
                "south": {
                  "uv": [
                    52,
                    12
                  ],
                  "uv_size": [
                    4,
                    6
                  ]
                },
                "up": {
                  "uv": [
                    60,
                    4
                  ],
                  "uv_size": [
                    4,
                    4
                  ]
                },
                "west": {
                  "uv": [
                    16,
                    52
                  ],
                  "uv_size": [
                    4,
                    6
                  ]
                }
              }
            }
          ],
          "name": "forearm2",
          "parent": "arm2",
          "pivot": [
            6,
            18,
            2
          ],
          "rotation": [
            -12.5,
            0,
            0
          ]
        },
        {
          "cubes": [
            {
              "origin": [
                -4,
                24,
                -4
              ],
              "size": [
                8,
                8,
                8
              ],
              "uv": {
                "down": {
                  "uv": [
                    32,
                    8
                  ],
                  "uv_size": [
                    8,
                    -8
                  ]
                },
                "east": {
                  "uv": [
                    24,
                    12
                  ],
                  "uv_size": [
                    8,
                    8
                  ]
                },
                "north": {
                  "uv": [
                    8,
                    24
                  ],
                  "uv_size": [
                    8,
                    8
                  ]
                },
                "south": {
                  "uv": [
                    16,
                    24
                  ],
                  "uv_size": [
                    8,
                    8
                  ]
                },
                "up": {
                  "uv": [
                    24,
                    28
                  ],
                  "uv_size": [
                    8,
                    8
                  ]
                },
                "west": {
                  "uv": [
                    24,
                    20
                  ],
                  "uv_size": [
                    8,
                    8
                  ]
                }
              }
            },
            {
              "inflate": 0.2,
              "origin": [
                -4,
                20,
                -4
              ],
              "size": [
                8,
                12,
                8
              ],
              "uv": {
                "down": {
                  "uv": [
                    32,
                    16
                  ],
                  "uv_size": [
                    8,
                    -8
                  ]
                },
                "east": {
                  "uv": [
                    16,
                    12
                  ],
                  "uv_size": [
                    8,
                    12
                  ]
                },
                "north": {
                  "uv": [
                    16,
                    0
                  ],
                  "uv_size": [
                    8,
                    12
                  ]
                },
                "south": {
                  "uv": [
                    0,
                    24
                  ],
                  "uv_size": [
                    8,
                    12
                  ]
                },
                "up": {
                  "uv": [
                    8,
                    32
                  ],
                  "uv_size": [
                    8,
                    8
                  ]
                },
                "west": {
                  "uv": [
                    24,
                    0
                  ],
                  "uv_size": [
                    8,
                    12
                  ]
                }
              }
            }
          ],
          "name": "head",
          "parent": "torso",
          "pivot": [
            0,
            24,
            0
          ]
        },
        {
          "cubes": [
            {
              "inflate": -1,
              "origin": [
                -4,
                8,
                -1
              ],
              "pivot": [
                0,
                14,
                -1
              ],
              "rotation": [
                27.5,
                0,
                0
              ],
              "size": [
                8,
                6,
                2
              ],
              "uv": {
                "down": {
                  "uv": [
                    56,
                    56
                  ],
                  "uv_size": [
                    8,
                    -2
                  ]
                },
                "east": {
                  "uv": [
                    60,
                    24
                  ],
                  "uv_size": [
                    2,
                    6
                  ]
                },
                "north": {
                  "uv": [
                    36,
                    16
                  ],
                  "uv_size": [
                    8,
                    6
                  ]
                },
                "south": {
                  "uv": [
                    36,
                    22
                  ],
                  "uv_size": [
                    8,
                    6
                  ]
                },
                "up": {
                  "uv": [
                    56,
                    52
                  ],
                  "uv_size": [
                    8,
                    2
                  ]
                },
                "west": {
                  "uv": [
                    28,
                    60
                  ],
                  "uv_size": [
                    2,
                    6
                  ]
                }
              }
            }
          ],
          "name": "bone2",
          "parent": "body",
          "pivot": [
            0,
            15,
            1
          ]
        },
        {
          "cubes": [
            {
              "inflate": -1,
              "origin": [
                -4,
                11,
                -1
              ],
              "pivot": [
                0,
                12,
                0
              ],
              "rotation": [
                -27.5,
                0,
                0
              ],
              "size": [
                8,
                6,
                2
              ],
              "uv": {
                "down": {
                  "uv": [
                    8,
                    60
                  ],
                  "uv_size": [
                    8,
                    -2
                  ]
                },
                "east": {
                  "uv": [
                    30,
                    60
                  ],
                  "uv_size": [
                    2,
                    6
                  ]
                },
                "north": {
                  "uv": [
                    24,
                    36
                  ],
                  "uv_size": [
                    8,
                    6
                  ]
                },
                "south": {
                  "uv": [
                    36,
                    28
                  ],
                  "uv_size": [
                    8,
                    6
                  ]
                },
                "up": {
                  "uv": [
                    56,
                    56
                  ],
                  "uv_size": [
                    8,
                    2
                  ]
                },
                "west": {
                  "uv": [
                    60,
                    30
                  ],
                  "uv_size": [
                    2,
                    6
                  ]
                }
              }
            }
          ],
          "name": "bone",
          "parent": "body",
          "pivot": [
            0,
            13,
            -2
          ]
        },
        {
          "cubes": [
            {
              "origin": [
                -4,
                6,
                -3
              ],
              "size": [
                4,
                6,
                4
              ],
              "uv": {
                "down": {
                  "uv": [
                    56,
                    8
                  ],
                  "uv_size": [
                    4,
                    -4
                  ]
                },
                "east": {
                  "uv": [
                    40,
                    8
                  ],
                  "uv_size": [
                    4,
                    6
                  ]
                },
                "north": {
                  "uv": [
                    8,
                    40
                  ],
                  "uv_size": [
                    4,
                    6
                  ]
                },
                "south": {
                  "uv": [
                    12,
                    40
                  ],
                  "uv_size": [
                    4,
                    6
                  ]
                },
                "up": {
                  "uv": [
                    56,
                    0
                  ],
                  "uv_size": [
                    4,
                    4
                  ]
                },
                "west": {
                  "uv": [
                    16,
                    40
                  ],
                  "uv_size": [
                    4,
                    6
                  ]
                }
              }
            }
          ],
          "name": "leg",
          "parent": "body",
          "pivot": [
            0,
            12,
            -1
          ],
          "rotation": [
            -5,
            17.5,
            0
          ]
        },
        {
          "cubes": [
            {
              "origin": [
                -4,
                0,
                -3
              ],
              "size": [
                4,
                6,
                4
              ],
              "uv": {
                "down": {
                  "uv": [
                    56,
                    16
                  ],
                  "uv_size": [
                    4,
                    -4
                  ]
                },
                "east": {
                  "uv": [
                    32,
                    40
                  ],
                  "uv_size": [
                    4,
                    6
                  ]
                },
                "north": {
                  "uv": [
                    20,
                    40
                  ],
                  "uv_size": [
                    4,
                    6
                  ]
                },
                "south": {
                  "uv": [
                    24,
                    42
                  ],
                  "uv_size": [
                    4,
                    6
                  ]
                },
                "up": {
                  "uv": [
                    56,
                    8
                  ],
                  "uv_size": [
                    4,
                    4
                  ]
                },
                "west": {
                  "uv": [
                    28,
                    42
                  ],
                  "uv_size": [
                    4,
                    6
                  ]
                }
              }
            },
            {
              "inflate": 0.2,
              "origin": [
                -4,
                0,
                -3
              ],
              "size": [
                4,
                6,
                4
              ],
              "uv": {
                "down": {
                  "uv": [
                    56,
                    52
                  ],
                  "uv_size": [
                    4,
                    -4
                  ]
                },
                "east": {
                  "uv": [
                    48,
                    6
                  ],
                  "uv_size": [
                    4,
                    6
                  ]
                },
                "north": {
                  "uv": [
                    4,
                    48
                  ],
                  "uv_size": [
                    4,
                    6
                  ]
                },
                "south": {
                  "uv": [
                    48,
                    12
                  ],
                  "uv_size": [
                    4,
                    6
                  ]
                },
                "up": {
                  "uv": [
                    56,
                    44
                  ],
                  "uv_size": [
                    4,
                    4
                  ]
                },
                "west": {
                  "uv": [
                    48,
                    18
                  ],
                  "uv_size": [
                    4,
                    6
                  ]
                }
              }
            }
          ],
          "name": "leg2",
          "parent": "leg",
          "pivot": [
            -1,
            6,
            -3
          ]
        },
        {
          "cubes": [
            {
              "origin": [
                0,
                6,
                -3
              ],
              "size": [
                4,
                6,
                4
              ],
              "uv": {
                "down": {
                  "uv": [
                    12,
                    64
                  ],
                  "uv_size": [
                    4,
                    -4
                  ]
                },
                "east": {
                  "uv": [
                    20,
                    52
                  ],
                  "uv_size": [
                    4,
                    6
                  ]
                },
                "north": {
                  "uv": [
                    52,
                    18
                  ],
                  "uv_size": [
                    4,
                    6
                  ]
                },
                "south": {
                  "uv": [
                    52,
                    24
                  ],
                  "uv_size": [
                    4,
                    6
                  ]
                },
                "up": {
                  "uv": [
                    60,
                    8
                  ],
                  "uv_size": [
                    4,
                    4
                  ]
                },
                "west": {
                  "uv": [
                    52,
                    30
                  ],
                  "uv_size": [
                    4,
                    6
                  ]
                }
              }
            }
          ],
          "name": "leg3",
          "parent": "body",
          "pivot": [
            0,
            12,
            -1
          ],
          "rotation": [
            7.5,
            -15,
            0
          ]
        },
        {
          "cubes": [
            {
              "origin": [
                0,
                0,
                -3
              ],
              "size": [
                4,
                6,
                4
              ],
              "uv": {
                "down": {
                  "uv": [
                    60,
                    20
                  ],
                  "uv_size": [
                    4,
                    -4
                  ]
                },
                "east": {
                  "uv": [
                    52,
                    36
                  ],
                  "uv_size": [
                    4,
                    6
                  ]
                },
                "north": {
                  "uv": [
                    32,
                    52
                  ],
                  "uv_size": [
                    4,
                    6
                  ]
                },
                "south": {
                  "uv": [
                    52,
                    42
                  ],
                  "uv_size": [
                    4,
                    6
                  ]
                },
                "up": {
                  "uv": [
                    60,
                    12
                  ],
                  "uv_size": [
                    4,
                    4
                  ]
                },
                "west": {
                  "uv": [
                    52,
                    48
                  ],
                  "uv_size": [
                    4,
                    6
                  ]
                }
              }
            },
            {
              "inflate": 0.2,
              "origin": [
                0,
                0,
                -3
              ],
              "size": [
                4,
                6,
                4
              ],
              "uv": {
                "down": {
                  "uv": [
                    24,
                    64
                  ],
                  "uv_size": [
                    4,
                    -4
                  ]
                },
                "east": {
                  "uv": [
                    4,
                    54
                  ],
                  "uv_size": [
                    4,
                    6
                  ]
                },
                "north": {
                  "uv": [
                    0,
                    54
                  ],
                  "uv_size": [
                    4,
                    6
                  ]
                },
                "south": {
                  "uv": [
                    24,
                    54
                  ],
                  "uv_size": [
                    4,
                    6
                  ]
                },
                "up": {
                  "uv": [
                    60,
                    20
                  ],
                  "uv_size": [
                    4,
                    4
                  ]
                },
                "west": {
                  "uv": [
                    28,
                    54
                  ],
                  "uv_size": [
                    4,
                    6
                  ]
                }
              }
            }
          ],
          "name": "leg4",
          "parent": "leg3",
          "pivot": [
            1,
            6,
            -3
          ]
        }
      ],
      "description": {
        "identifier": "geometry.callofduty",
        "texture_height": 128,
        "texture_width": 128,
        "visible_bounds_height": 3.5,
        "visible_bounds_offset": [
          0,
          1.25,
          0
        ],
        "visible_bounds_width": 3
      }
    }
  ]
}