{
  "format_version": "1.12.0",
  "minecraft:geometry": [
    {
      "bones": [
        {
          "name": "zues",
          "pivot": [
            0,
            0,
            0
          ]
        },
        {
          "cubes": [
            {
              "origin": [
                -4,
                12,
                -2
              ],
              "size": [
                8,
                11,
                4
              ],
              "uv": {
                "down": {
                  "uv": [
                    24,
                    36
                  ],
                  "uv_size": [
                    8,
                    -4
                  ]
                },
                "east": {
                  "uv": [
                    32,
                    0
                  ],
                  "uv_size": [
                    4,
                    11
                  ]
                },
                "north": {
                  "uv": [
                    0,
                    0
                  ],
                  "uv_size": [
                    8,
                    11
                  ]
                },
                "south": {
                  "uv": [
                    8,
                    0
                  ],
                  "uv_size": [
                    8,
                    11
                  ]
                },
                "up": {
                  "uv": [
                    32,
                    22
                  ],
                  "uv_size": [
                    8,
                    4
                  ]
                },
                "west": {
                  "uv": [
                    32,
                    11
                  ],
                  "uv_size": [
                    4,
                    11
                  ]
                }
              }
            },
            {
              "inflate": 0.01,
              "origin": [
                -5,
                17,
                -3
              ],
              "size": [
                10,
                6,
                5
              ],
              "uv": {
                "down": {
                  "uv": [
                    30,
                    80
                  ],
                  "uv_size": [
                    10,
                    -5
                  ]
                },
                "east": {
                  "uv": [
                    32,
                    0
                  ],
                  "uv_size": [
                    5,
                    6
                  ]
                },
                "north": {
                  "uv": [
                    0,
                    75
                  ],
                  "uv_size": [
                    10,
                    6
                  ]
                },
                "south": {
                  "uv": [
                    10,
                    75
                  ],
                  "uv_size": [
                    10,
                    6
                  ]
                },
                "up": {
                  "uv": [
                    20,
                    75
                  ],
                  "uv_size": [
                    10,
                    5
                  ]
                },
                "west": {
                  "uv": [
                    32,
                    11
                  ],
                  "uv_size": [
                    5,
                    6
                  ]
                }
              }
            },
            {
              "inflate": 0.2,
              "origin": [
                -5,
                11,
                -3
              ],
              "size": [
                10,
                12,
                5
              ],
              "uv": {
                "down": {
                  "uv": [
                    30,
                    92
                  ],
                  "uv_size": [
                    10,
                    -12
                  ]
                },
                "east": {
                  "uv": [
                    45,
                    80
                  ],
                  "uv_size": [
                    5,
                    12
                  ]
                },
                "north": {
                  "uv": [
                    0,
                    81
                  ],
                  "uv_size": [
                    10,
                    12
                  ]
                },
                "south": {
                  "uv": [
                    10,
                    81
                  ],
                  "uv_size": [
                    10,
                    12
                  ]
                },
                "up": {
                  "uv": [
                    20,
                    80
                  ],
                  "uv_size": [
                    10,
                    5
                  ]
                },
                "west": {
                  "uv": [
                    40,
                    80
                  ],
                  "uv_size": [
                    5,
                    12
                  ]
                }
              }
            },
            {
              "inflate": 0.01,
              "origin": [
                -4,
                12,
                -2
              ],
              "size": [
                8,
                5,
                4
              ],
              "uv": {
                "down": {
                  "uv": [
                    32,
                    34
                  ],
                  "uv_size": [
                    8,
                    -4
                  ]
                },
                "east": {
                  "uv": [
                    16,
                    38
                  ],
                  "uv_size": [
                    4,
                    5
                  ]
                },
                "north": {
                  "uv": [
                    0,
                    17
                  ],
                  "uv_size": [
                    8,
                    5
                  ]
                },
                "south": {
                  "uv": [
                    8,
                    17
                  ],
                  "uv_size": [
                    8,
                    5
                  ]
                },
                "up": {
                  "uv": [
                    32,
                    26
                  ],
                  "uv_size": [
                    8,
                    4
                  ]
                },
                "west": {
                  "uv": [
                    20,
                    38
                  ],
                  "uv_size": [
                    4,
                    5
                  ]
                }
              }
            }
          ],
          "name": "body",
          "parent": "zues",
          "pivot": [
            0,
            12,
            0
          ]
        },
        {
          "cubes": [
            {
              "inflate": 0.1,
              "origin": [
                -4,
                6,
                -2
              ],
              "size": [
                4,
                6,
                4
              ],
              "uv": {
                "down": {
                  "uv": [
                    52,
                    49
                  ],
                  "uv_size": [
                    4,
                    -4
                  ]
                },
                "east": {
                  "uv": [
                    36,
                    0
                  ],
                  "uv_size": [
                    4,
                    6
                  ]
                },
                "north": {
                  "uv": [
                    32,
                    34
                  ],
                  "uv_size": [
                    4,
                    6
                  ]
                },
                "south": {
                  "uv": [
                    36,
                    6
                  ],
                  "uv_size": [
                    4,
                    6
                  ]
                },
                "up": {
                  "uv": [
                    36,
                    18
                  ],
                  "uv_size": [
                    4,
                    4
                  ]
                },
                "west": {
                  "uv": [
                    36,
                    12
                  ],
                  "uv_size": [
                    4,
                    6
                  ]
                }
              }
            },
            {
              "inflate": 0.2,
              "origin": [
                -4,
                6,
                -2
              ],
              "size": [
                4,
                6,
                4
              ],
              "uv": {
                "down": {
                  "uv": [
                    16,
                    59
                  ],
                  "uv_size": [
                    4,
                    -4
                  ]
                },
                "east": {
                  "uv": [
                    32,
                    40
                  ],
                  "uv_size": [
                    4,
                    6
                  ]
                },
                "north": {
                  "uv": [
                    40,
                    30
                  ],
                  "uv_size": [
                    4,
                    6
                  ]
                },
                "south": {
                  "uv": [
                    36,
                    40
                  ],
                  "uv_size": [
                    4,
                    6
                  ]
                },
                "up": {
                  "uv": [
                    48,
                    54
                  ],
                  "uv_size": [
                    4,
                    4
                  ]
                },
                "west": {
                  "uv": [
                    40,
                    36
                  ],
                  "uv_size": [
                    4,
                    6
                  ]
                }
              }
            },
            {
              "inflate": 0.2,
              "origin": [
                0.4,
                6,
                -2
              ],
              "pivot": [
                0.2,
                5.8,
                -2.2
              ],
              "rotation": [
                0,
                -12.5,
                0
              ],
              "size": [
                4,
                6,
                4
              ],
              "uv": {
                "down": {
                  "uv": [
                    16,
                    59
                  ],
                  "uv_size": [
                    4,
                    -4
                  ]
                },
                "east": {
                  "uv": [
                    32,
                    40
                  ],
                  "uv_size": [
                    4,
                    6
                  ]
                },
                "north": {
                  "uv": [
                    40,
                    30
                  ],
                  "uv_size": [
                    4,
                    6
                  ]
                },
                "south": {
                  "uv": [
                    36,
                    40
                  ],
                  "uv_size": [
                    4,
                    6
                  ]
                },
                "up": {
                  "uv": [
                    48,
                    54
                  ],
                  "uv_size": [
                    4,
                    4
                  ]
                },
                "west": {
                  "uv": [
                    40,
                    36
                  ],
                  "uv_size": [
                    4,
                    6
                  ]
                }
              }
            }
          ],
          "name": "leg",
          "parent": "body",
          "pivot": [
            -2,
            12,
            0
          ],
          "rotation": [
            -39.66569,
            4.20854,
            9.07947
          ]
        },
        {
          "cubes": [
            {
              "origin": [
                -4,
                0,
                -2
              ],
              "size": [
                4,
                6,
                4
              ],
              "uv": {
                "down": {
                  "uv": [
                    52,
                    57
                  ],
                  "uv_size": [
                    4,
                    -4
                  ]
                },
                "east": {
                  "uv": [
                    28,
                    36
                  ],
                  "uv_size": [
                    4,
                    6
                  ]
                },
                "north": {
                  "uv": [
                    24,
                    36
                  ],
                  "uv_size": [
                    4,
                    6
                  ]
                },
                "south": {
                  "uv": [
                    36,
                    34
                  ],
                  "uv_size": [
                    4,
                    6
                  ]
                },
                "up": {
                  "uv": [
                    52,
                    49
                  ],
                  "uv_size": [
                    4,
                    4
                  ]
                },
                "west": {
                  "uv": [
                    0,
                    38
                  ],
                  "uv_size": [
                    4,
                    6
                  ]
                }
              }
            },
            {
              "inflate": 0.2,
              "origin": [
                -4,
                0,
                -2
              ],
              "size": [
                4,
                6,
                4
              ],
              "uv": {
                "down": {
                  "uv": [
                    32,
                    59
                  ],
                  "uv_size": [
                    4,
                    -4
                  ]
                },
                "east": {
                  "uv": [
                    28,
                    42
                  ],
                  "uv_size": [
                    4,
                    6
                  ]
                },
                "north": {
                  "uv": [
                    24,
                    42
                  ],
                  "uv_size": [
                    4,
                    6
                  ]
                },
                "south": {
                  "uv": [
                    40,
                    42
                  ],
                  "uv_size": [
                    4,
                    6
                  ]
                },
                "up": {
                  "uv": [
                    20,
                    55
                  ],
                  "uv_size": [
                    4,
                    4
                  ]
                },
                "west": {
                  "uv": [
                    16,
                    43
                  ],
                  "uv_size": [
                    4,
                    6
                  ]
                }
              }
            }
          ],
          "name": "calf",
          "parent": "leg",
          "pivot": [
            0,
            6,
            -2
          ],
          "rotation": [
            44.89078,
            -3.53329,
            3.54002
          ]
        },
        {
          "cubes": [
            {
              "inflate": 0.1,
              "origin": [
                0,
                6,
                -2
              ],
              "size": [
                4,
                6,
                4
              ],
              "uv": {
                "down": {
                  "uv": [
                    56,
                    36
                  ],
                  "uv_size": [
                    4,
                    -4
                  ]
                },
                "east": {
                  "uv": [
                    48,
                    42
                  ],
                  "uv_size": [
                    4,
                    6
                  ]
                },
                "north": {
                  "uv": [
                    40,
                    48
                  ],
                  "uv_size": [
                    4,
                    6
                  ]
                },
                "south": {
                  "uv": [
                    44,
                    48
                  ],
                  "uv_size": [
                    4,
                    6
                  ]
                },
                "up": {
                  "uv": [
                    56,
                    28
                  ],
                  "uv_size": [
                    4,
                    4
                  ]
                },
                "west": {
                  "uv": [
                    48,
                    48
                  ],
                  "uv_size": [
                    4,
                    6
                  ]
                }
              }
            },
            {
              "inflate": 0.2,
              "origin": [
                0,
                6,
                -2
              ],
              "size": [
                4,
                6,
                4
              ],
              "uv": {
                "down": {
                  "uv": [
                    56,
                    53
                  ],
                  "uv_size": [
                    4,
                    -4
                  ]
                },
                "east": {
                  "uv": [
                    20,
                    49
                  ],
                  "uv_size": [
                    4,
                    6
                  ]
                },
                "north": {
                  "uv": [
                    16,
                    49
                  ],
                  "uv_size": [
                    4,
                    6
                  ]
                },
                "south": {
                  "uv": [
                    0,
                    50
                  ],
                  "uv_size": [
                    4,
                    6
                  ]
                },
                "up": {
                  "uv": [
                    56,
                    45
                  ],
                  "uv_size": [
                    4,
                    4
                  ]
                },
                "west": {
                  "uv": [
                    4,
                    50
                  ],
                  "uv_size": [
                    4,
                    6
                  ]
                }
              }
            },
            {
              "inflate": 0.2,
              "origin": [
                -4.4,
                6,
                -2
              ],
              "size": [
                4,
                6,
                4
              ],
              "uv": {
                "down": {
                  "uv": [
                    56,
                    53
                  ],
                  "uv_size": [
                    4,
                    -4
                  ]
                },
                "east": {
                  "uv": [
                    20,
                    49
                  ],
                  "uv_size": [
                    4,
                    6
                  ]
                },
                "north": {
                  "uv": [
                    16,
                    49
                  ],
                  "uv_size": [
                    4,
                    6
                  ]
                },
                "south": {
                  "uv": [
                    0,
                    50
                  ],
                  "uv_size": [
                    4,
                    6
                  ]
                },
                "up": {
                  "uv": [
                    56,
                    45
                  ],
                  "uv_size": [
                    4,
                    4
                  ]
                },
                "west": {
                  "uv": [
                    4,
                    50
                  ],
                  "uv_size": [
                    4,
                    6
                  ]
                }
              }
            }
          ],
          "name": "leg2",
          "parent": "body",
          "pivot": [
            2,
            12,
            0
          ],
          "rotation": [
            22.80843,
            -3.81024,
            -9.25249
          ]
        },
        {
          "cubes": [
            {
              "origin": [
                0,
                0,
                -2
              ],
              "size": [
                4,
                6,
                4
              ],
              "uv": {
                "down": {
                  "uv": [
                    52,
                    61
                  ],
                  "uv_size": [
                    4,
                    -4
                  ]
                },
                "east": {
                  "uv": [
                    12,
                    50
                  ],
                  "uv_size": [
                    4,
                    6
                  ]
                },
                "north": {
                  "uv": [
                    8,
                    50
                  ],
                  "uv_size": [
                    4,
                    6
                  ]
                },
                "south": {
                  "uv": [
                    52,
                    0
                  ],
                  "uv_size": [
                    4,
                    6
                  ]
                },
                "up": {
                  "uv": [
                    56,
                    53
                  ],
                  "uv_size": [
                    4,
                    4
                  ]
                },
                "west": {
                  "uv": [
                    52,
                    6
                  ],
                  "uv_size": [
                    4,
                    6
                  ]
                }
              }
            },
            {
              "inflate": 0.2,
              "origin": [
                0,
                0,
                -2
              ],
              "size": [
                4,
                6,
                4
              ],
              "uv": {
                "down": {
                  "uv": [
                    24,
                    62
                  ],
                  "uv_size": [
                    4,
                    -4
                  ]
                },
                "east": {
                  "uv": [
                    52,
                    18
                  ],
                  "uv_size": [
                    4,
                    6
                  ]
                },
                "north": {
                  "uv": [
                    52,
                    12
                  ],
                  "uv_size": [
                    4,
                    6
                  ]
                },
                "south": {
                  "uv": [
                    52,
                    24
                  ],
                  "uv_size": [
                    4,
                    6
                  ]
                },
                "up": {
                  "uv": [
                    56,
                    57
                  ],
                  "uv_size": [
                    4,
                    4
                  ]
                },
                "west": {
                  "uv": [
                    52,
                    30
                  ],
                  "uv_size": [
                    4,
                    6
                  ]
                }
              }
            }
          ],
          "name": "calf2",
          "parent": "leg2",
          "pivot": [
            0,
            6,
            -2
          ]
        },
        {
          "cubes": [
            {
              "origin": [
                -10,
                17,
                -2
              ],
              "size": [
                5,
                6,
                5
              ],
              "uv": {
                "down": {
                  "uv": [
                    73,
                    10
                  ],
                  "uv_size": [
                    -5,
                    -5
                  ]
                },
                "east": {
                  "uv": [
                    73,
                    28
                  ],
                  "uv_size": [
                    -5,
                    6
                  ]
                },
                "north": {
                  "uv": [
                    73,
                    10
                  ],
                  "uv_size": [
                    -5,
                    6
                  ]
                },
                "south": {
                  "uv": [
                    73,
                    22
                  ],
                  "uv_size": [
                    -5,
                    6
                  ]
                },
                "up": {
                  "uv": [
                    73,
                    0
                  ],
                  "uv_size": [
                    -5,
                    5
                  ]
                },
                "west": {
                  "uv": [
                    73,
                    16
                  ],
                  "uv_size": [
                    -5,
                    6
                  ]
                }
              }
            },
            {
              "inflate": 0.2,
              "origin": [
                -10,
                17,
                -2
              ],
              "size": [
                5,
                6,
                5
              ],
              "uv": {
                "down": {
                  "uv": [
                    20,
                    98
                  ],
                  "uv_size": [
                    5,
                    -5
                  ]
                },
                "east": {
                  "uv": [
                    0,
                    93
                  ],
                  "uv_size": [
                    5,
                    6
                  ]
                },
                "north": {
                  "uv": [
                    15,
                    93
                  ],
                  "uv_size": [
                    5,
                    6
                  ]
                },
                "south": {
                  "uv": [
                    10,
                    93
                  ],
                  "uv_size": [
                    5,
                    6
                  ]
                },
                "up": {
                  "uv": [
                    25,
                    93
                  ],
                  "uv_size": [
                    5,
                    5
                  ]
                },
                "west": {
                  "uv": [
                    5,
                    93
                  ],
                  "uv_size": [
                    5,
                    6
                  ]
                }
              }
            }
          ],
          "name": "arm",
          "parent": "body",
          "pivot": [
            -5,
            21,
            0
          ],
          "rotation": [
            -92.5,
            0,
            0
          ]
        },
        {
          "cubes": [
            {
              "origin": [
                -9.5,
                11,
                -1
              ],
              "size": [
                4,
                6,
                4
              ],
              "uv": {
                "down": {
                  "uv": [
                    44,
                    58
                  ],
                  "uv_size": [
                    4,
                    -4
                  ]
                },
                "east": {
                  "uv": [
                    40,
                    12
                  ],
                  "uv_size": [
                    4,
                    6
                  ]
                },
                "north": {
                  "uv": [
                    40,
                    6
                  ],
                  "uv_size": [
                    4,
                    6
                  ]
                },
                "south": {
                  "uv": [
                    40,
                    18
                  ],
                  "uv_size": [
                    4,
                    6
                  ]
                },
                "up": {
                  "uv": [
                    40,
                    54
                  ],
                  "uv_size": [
                    4,
                    4
                  ]
                },
                "west": {
                  "uv": [
                    40,
                    24
                  ],
                  "uv_size": [
                    4,
                    6
                  ]
                }
              }
            },
            {
              "inflate": 0.2,
              "origin": [
                -9.5,
                11,
                -1
              ],
              "size": [
                4,
                6,
                4
              ],
              "uv": {
                "down": {
                  "uv": [
                    4,
                    60
                  ],
                  "uv_size": [
                    4,
                    -4
                  ]
                },
                "east": {
                  "uv": [
                    8,
                    44
                  ],
                  "uv_size": [
                    4,
                    6
                  ]
                },
                "north": {
                  "uv": [
                    44,
                    6
                  ],
                  "uv_size": [
                    4,
                    6
                  ]
                },
                "south": {
                  "uv": [
                    12,
                    44
                  ],
                  "uv_size": [
                    4,
                    6
                  ]
                },
                "up": {
                  "uv": [
                    56,
                    0
                  ],
                  "uv_size": [
                    4,
                    4
                  ]
                },
                "west": {
                  "uv": [
                    44,
                    12
                  ],
                  "uv_size": [
                    4,
                    6
                  ]
                }
              }
            }
          ],
          "name": "forearm",
          "parent": "arm",
          "pivot": [
            -9,
            17,
            3
          ],
          "rotation": [
            -49.75742,
            -5.73853,
            -4.83711
          ]
        },
        {
          "cubes": [
            {
              "inflate": 0.01,
              "origin": [
                -8.5,
                9,
                -4
              ],
              "size": [
                2,
                3,
                8
              ],
              "uv": {
                "down": {
                  "uv": [
                    30,
                    66
                  ],
                  "uv_size": [
                    2,
                    -8
                  ]
                },
                "east": {
                  "uv": [
                    32,
                    52
                  ],
                  "uv_size": [
                    8,
                    3
                  ]
                },
                "north": {
                  "uv": [
                    60,
                    29
                  ],
                  "uv_size": [
                    2,
                    3
                  ]
                },
                "south": {
                  "uv": [
                    60,
                    32
                  ],
                  "uv_size": [
                    2,
                    3
                  ]
                },
                "up": {
                  "uv": [
                    28,
                    58
                  ],
                  "uv_size": [
                    2,
                    8
                  ]
                },
                "west": {
                  "uv": [
                    52,
                    36
                  ],
                  "uv_size": [
                    8,
                    3
                  ]
                }
              }
            },
            {
              "inflate": 0.01,
              "origin": [
                -8.5,
                11,
                -11
              ],
              "size": [
                2,
                2,
                7
              ],
              "uv": {
                "down": {
                  "uv": [
                    34,
                    66
                  ],
                  "uv_size": [
                    2,
                    -7
                  ]
                },
                "east": {
                  "uv": [
                    44,
                    58
                  ],
                  "uv_size": [
                    7,
                    2
                  ]
                },
                "north": {
                  "uv": [
                    60,
                    41
                  ],
                  "uv_size": [
                    2,
                    2
                  ]
                },
                "south": {
                  "uv": [
                    60,
                    43
                  ],
                  "uv_size": [
                    2,
                    2
                  ]
                },
                "up": {
                  "uv": [
                    32,
                    59
                  ],
                  "uv_size": [
                    2,
                    7
                  ]
                },
                "west": {
                  "uv": [
                    16,
                    59
                  ],
                  "uv_size": [
                    7,
                    2
                  ]
                }
              }
            },
            {
              "inflate": 0.01,
              "origin": [
                -8.5,
                10,
                -6
              ],
              "size": [
                2,
                1,
                2
              ],
              "uv": {
                "down": {
                  "uv": [
                    60,
                    47
                  ],
                  "uv_size": [
                    2,
                    -2
                  ]
                },
                "east": {
                  "uv": [
                    4,
                    62
                  ],
                  "uv_size": [
                    2,
                    1
                  ]
                },
                "north": {
                  "uv": [
                    2,
                    62
                  ],
                  "uv_size": [
                    2,
                    1
                  ]
                },
                "south": {
                  "uv": [
                    62,
                    6
                  ],
                  "uv_size": [
                    2,
                    1
                  ]
                },
                "up": {
                  "uv": [
                    44,
                    60
                  ],
                  "uv_size": [
                    2,
                    2
                  ]
                },
                "west": {
                  "uv": [
                    62,
                    7
                  ],
                  "uv_size": [
                    2,
                    1
                  ]
                }
              }
            },
            {
              "inflate": 0.01,
              "origin": [
                -8.5,
                12,
                -4
              ],
              "size": [
                2,
                1,
                2
              ],
              "uv": {
                "down": {
                  "uv": [
                    60,
                    49
                  ],
                  "uv_size": [
                    2,
                    -2
                  ]
                },
                "east": {
                  "uv": [
                    9,
                    62
                  ],
                  "uv_size": [
                    2,
                    1
                  ]
                },
                "north": {
                  "uv": [
                    62,
                    8
                  ],
                  "uv_size": [
                    2,
                    1
                  ]
                },
                "south": {
                  "uv": [
                    62,
                    9
                  ],
                  "uv_size": [
                    2,
                    1
                  ]
                },
                "up": {
                  "uv": [
                    46,
                    60
                  ],
                  "uv_size": [
                    2,
                    2
                  ]
                },
                "west": {
                  "uv": [
                    62,
                    10
                  ],
                  "uv_size": [
                    2,
                    1
                  ]
                }
              }
            },
            {
              "inflate": 0.01,
              "origin": [
                -8.5,
                8,
                4
              ],
              "size": [
                2,
                2,
                7
              ],
              "uv": {
                "down": {
                  "uv": [
                    38,
                    66
                  ],
                  "uv_size": [
                    2,
                    -7
                  ]
                },
                "east": {
                  "uv": [
                    0,
                    60
                  ],
                  "uv_size": [
                    7,
                    2
                  ]
                },
                "north": {
                  "uv": [
                    60,
                    53
                  ],
                  "uv_size": [
                    2,
                    2
                  ]
                },
                "south": {
                  "uv": [
                    60,
                    55
                  ],
                  "uv_size": [
                    2,
                    2
                  ]
                },
                "up": {
                  "uv": [
                    36,
                    59
                  ],
                  "uv_size": [
                    2,
                    7
                  ]
                },
                "west": {
                  "uv": [
                    60,
                    0
                  ],
                  "uv_size": [
                    7,
                    2
                  ]
                }
              }
            },
            {
              "inflate": 0.01,
              "origin": [
                -8.5,
                10,
                4
              ],
              "size": [
                2,
                1,
                2
              ],
              "uv": {
                "down": {
                  "uv": [
                    60,
                    53
                  ],
                  "uv_size": [
                    2,
                    -2
                  ]
                },
                "east": {
                  "uv": [
                    62,
                    16
                  ],
                  "uv_size": [
                    2,
                    1
                  ]
                },
                "north": {
                  "uv": [
                    62,
                    15
                  ],
                  "uv_size": [
                    2,
                    1
                  ]
                },
                "south": {
                  "uv": [
                    62,
                    17
                  ],
                  "uv_size": [
                    2,
                    1
                  ]
                },
                "up": {
                  "uv": [
                    50,
                    60
                  ],
                  "uv_size": [
                    2,
                    2
                  ]
                },
                "west": {
                  "uv": [
                    62,
                    18
                  ],
                  "uv_size": [
                    2,
                    1
                  ]
                }
              }
            },
            {
              "inflate": 0.01,
              "origin": [
                -8.5,
                8,
                2
              ],
              "size": [
                2,
                1,
                2
              ],
              "uv": {
                "down": {
                  "uv": [
                    60,
                    51
                  ],
                  "uv_size": [
                    2,
                    -2
                  ]
                },
                "east": {
                  "uv": [
                    62,
                    11
                  ],
                  "uv_size": [
                    2,
                    1
                  ]
                },
                "north": {
                  "uv": [
                    11,
                    62
                  ],
                  "uv_size": [
                    2,
                    1
                  ]
                },
                "south": {
                  "uv": [
                    62,
                    12
                  ],
                  "uv_size": [
                    2,
                    1
                  ]
                },
                "up": {
                  "uv": [
                    48,
                    60
                  ],
                  "uv_size": [
                    2,
                    2
                  ]
                },
                "west": {
                  "uv": [
                    13,
                    62
                  ],
                  "uv_size": [
                    2,
                    1
                  ]
                }
              }
            }
          ],
          "name": "bolt",
          "parent": "forearm",
          "pivot": [
            -8,
            11,
            0
          ],
          "rotation": [
            0,
            5,
            0
          ]
        },
        {
          "cubes": [
            {
              "inflate": 0.2,
              "origin": [
                -8.5,
                9,
                -4
              ],
              "size": [
                2,
                3,
                8
              ],
              "uv": {
                "down": {
                  "uv": [
                    42,
                    66
                  ],
                  "uv_size": [
                    2,
                    -8
                  ]
                },
                "east": {
                  "uv": [
                    52,
                    39
                  ],
                  "uv_size": [
                    8,
                    3
                  ]
                },
                "north": {
                  "uv": [
                    60,
                    35
                  ],
                  "uv_size": [
                    2,
                    3
                  ]
                },
                "south": {
                  "uv": [
                    60,
                    38
                  ],
                  "uv_size": [
                    2,
                    3
                  ]
                },
                "up": {
                  "uv": [
                    40,
                    58
                  ],
                  "uv_size": [
                    2,
                    8
                  ]
                },
                "west": {
                  "uv": [
                    52,
                    42
                  ],
                  "uv_size": [
                    8,
                    3
                  ]
                }
              }
            },
            {
              "inflate": 0.2,
              "origin": [
                -8.5,
                11,
                -11
              ],
              "size": [
                2,
                2,
                7
              ],
              "uv": {
                "down": {
                  "uv": [
                    7,
                    67
                  ],
                  "uv_size": [
                    2,
                    -7
                  ]
                },
                "east": {
                  "uv": [
                    60,
                    2
                  ],
                  "uv_size": [
                    7,
                    2
                  ]
                },
                "north": {
                  "uv": [
                    60,
                    57
                  ],
                  "uv_size": [
                    2,
                    2
                  ]
                },
                "south": {
                  "uv": [
                    60,
                    59
                  ],
                  "uv_size": [
                    2,
                    2
                  ]
                },
                "up": {
                  "uv": [
                    60,
                    6
                  ],
                  "uv_size": [
                    2,
                    7
                  ]
                },
                "west": {
                  "uv": [
                    60,
                    4
                  ],
                  "uv_size": [
                    7,
                    2
                  ]
                }
              }
            },
            {
              "inflate": 0.2,
              "origin": [
                -8.5,
                10,
                -6
              ],
              "size": [
                2,
                1,
                2
              ],
              "uv": {
                "down": {
                  "uv": [
                    18,
                    63
                  ],
                  "uv_size": [
                    2,
                    -2
                  ]
                },
                "east": {
                  "uv": [
                    62,
                    20
                  ],
                  "uv_size": [
                    2,
                    1
                  ]
                },
                "north": {
                  "uv": [
                    62,
                    19
                  ],
                  "uv_size": [
                    2,
                    1
                  ]
                },
                "south": {
                  "uv": [
                    62,
                    21
                  ],
                  "uv_size": [
                    2,
                    1
                  ]
                },
                "up": {
                  "uv": [
                    16,
                    61
                  ],
                  "uv_size": [
                    2,
                    2
                  ]
                },
                "west": {
                  "uv": [
                    62,
                    22
                  ],
                  "uv_size": [
                    2,
                    1
                  ]
                }
              }
            },
            {
              "inflate": 0.2,
              "origin": [
                -8.5,
                12,
                -4
              ],
              "size": [
                2,
                1,
                2
              ],
              "uv": {
                "down": {
                  "uv": [
                    22,
                    63
                  ],
                  "uv_size": [
                    2,
                    -2
                  ]
                },
                "east": {
                  "uv": [
                    24,
                    62
                  ],
                  "uv_size": [
                    2,
                    1
                  ]
                },
                "north": {
                  "uv": [
                    62,
                    23
                  ],
                  "uv_size": [
                    2,
                    1
                  ]
                },
                "south": {
                  "uv": [
                    62,
                    24
                  ],
                  "uv_size": [
                    2,
                    1
                  ]
                },
                "up": {
                  "uv": [
                    20,
                    61
                  ],
                  "uv_size": [
                    2,
                    2
                  ]
                },
                "west": {
                  "uv": [
                    62,
                    25
                  ],
                  "uv_size": [
                    2,
                    1
                  ]
                }
              }
            },
            {
              "inflate": 0.2,
              "origin": [
                -8.5,
                8,
                4
              ],
              "size": [
                2,
                2,
                7
              ],
              "uv": {
                "down": {
                  "uv": [
                    60,
                    29
                  ],
                  "uv_size": [
                    2,
                    -7
                  ]
                },
                "east": {
                  "uv": [
                    9,
                    60
                  ],
                  "uv_size": [
                    7,
                    2
                  ]
                },
                "north": {
                  "uv": [
                    52,
                    61
                  ],
                  "uv_size": [
                    2,
                    2
                  ]
                },
                "south": {
                  "uv": [
                    54,
                    61
                  ],
                  "uv_size": [
                    2,
                    2
                  ]
                },
                "up": {
                  "uv": [
                    60,
                    15
                  ],
                  "uv_size": [
                    2,
                    7
                  ]
                },
                "west": {
                  "uv": [
                    60,
                    13
                  ],
                  "uv_size": [
                    7,
                    2
                  ]
                }
              }
            },
            {
              "inflate": 0.2,
              "origin": [
                -8.5,
                10,
                4
              ],
              "size": [
                2,
                1,
                2
              ],
              "uv": {
                "down": {
                  "uv": [
                    58,
                    63
                  ],
                  "uv_size": [
                    2,
                    -2
                  ]
                },
                "east": {
                  "uv": [
                    62,
                    26
                  ],
                  "uv_size": [
                    2,
                    1
                  ]
                },
                "north": {
                  "uv": [
                    26,
                    62
                  ],
                  "uv_size": [
                    2,
                    1
                  ]
                },
                "south": {
                  "uv": [
                    62,
                    27
                  ],
                  "uv_size": [
                    2,
                    1
                  ]
                },
                "up": {
                  "uv": [
                    56,
                    61
                  ],
                  "uv_size": [
                    2,
                    2
                  ]
                },
                "west": {
                  "uv": [
                    62,
                    28
                  ],
                  "uv_size": [
                    2,
                    1
                  ]
                }
              }
            },
            {
              "inflate": 0.2,
              "origin": [
                -8.5,
                8,
                2
              ],
              "size": [
                2,
                1,
                2
              ],
              "uv": {
                "down": {
                  "uv": [
                    0,
                    64
                  ],
                  "uv_size": [
                    2,
                    -2
                  ]
                },
                "east": {
                  "uv": [
                    62,
                    30
                  ],
                  "uv_size": [
                    2,
                    1
                  ]
                },
                "north": {
                  "uv": [
                    62,
                    29
                  ],
                  "uv_size": [
                    2,
                    1
                  ]
                },
                "south": {
                  "uv": [
                    62,
                    31
                  ],
                  "uv_size": [
                    2,
                    1
                  ]
                },
                "up": {
                  "uv": [
                    60,
                    61
                  ],
                  "uv_size": [
                    2,
                    2
                  ]
                },
                "west": {
                  "uv": [
                    62,
                    32
                  ],
                  "uv_size": [
                    2,
                    1
                  ]
                }
              }
            }
          ],
          "name": "bolt2",
          "parent": "bolt",
          "pivot": [
            -8,
            11,
            0
          ]
        },
        {
          "cubes": [
            {
              "origin": [
                -7.5,
                10,
                -0.5
              ],
              "size": [
                1,
                1,
                1
              ],
              "uv": {
                "down": {
                  "uv": [
                    15,
                    63
                  ],
                  "uv_size": [
                    1,
                    -1
                  ]
                },
                "east": {
                  "uv": [
                    23,
                    59
                  ],
                  "uv_size": [
                    1,
                    1
                  ]
                },
                "north": {
                  "uv": [
                    51,
                    58
                  ],
                  "uv_size": [
                    1,
                    1
                  ]
                },
                "south": {
                  "uv": [
                    51,
                    59
                  ],
                  "uv_size": [
                    1,
                    1
                  ]
                },
                "up": {
                  "uv": [
                    6,
                    62
                  ],
                  "uv_size": [
                    1,
                    1
                  ]
                },
                "west": {
                  "uv": [
                    23,
                    60
                  ],
                  "uv_size": [
                    1,
                    1
                  ]
                }
              }
            },
            {
              "origin": [
                -7.5,
                9,
                -1
              ],
              "size": [
                1,
                1,
                1
              ],
              "uv": {
                "down": {
                  "uv": [
                    15,
                    63
                  ],
                  "uv_size": [
                    1,
                    -1
                  ]
                },
                "east": {
                  "uv": [
                    23,
                    59
                  ],
                  "uv_size": [
                    1,
                    1
                  ]
                },
                "north": {
                  "uv": [
                    51,
                    58
                  ],
                  "uv_size": [
                    1,
                    1
                  ]
                },
                "south": {
                  "uv": [
                    51,
                    59
                  ],
                  "uv_size": [
                    1,
                    1
                  ]
                },
                "up": {
                  "uv": [
                    6,
                    62
                  ],
                  "uv_size": [
                    1,
                    1
                  ]
                },
                "west": {
                  "uv": [
                    23,
                    60
                  ],
                  "uv_size": [
                    1,
                    1
                  ]
                }
              }
            }
          ],
          "name": "sparks",
          "parent": "bolt",
          "pivot": [
            -8,
            11,
            0
          ]
        },
        {
          "cubes": [
            {
              "origin": [
                -7.5,
                10,
                -0.5
              ],
              "size": [
                1,
                1,
                1
              ],
              "uv": {
                "down": {
                  "uv": [
                    15,
                    63
                  ],
                  "uv_size": [
                    1,
                    -1
                  ]
                },
                "east": {
                  "uv": [
                    23,
                    59
                  ],
                  "uv_size": [
                    1,
                    1
                  ]
                },
                "north": {
                  "uv": [
                    51,
                    58
                  ],
                  "uv_size": [
                    1,
                    1
                  ]
                },
                "south": {
                  "uv": [
                    51,
                    59
                  ],
                  "uv_size": [
                    1,
                    1
                  ]
                },
                "up": {
                  "uv": [
                    6,
                    62
                  ],
                  "uv_size": [
                    1,
                    1
                  ]
                },
                "west": {
                  "uv": [
                    23,
                    60
                  ],
                  "uv_size": [
                    1,
                    1
                  ]
                }
              }
            },
            {
              "origin": [
                -7.5,
                9,
                -1
              ],
              "size": [
                1,
                1,
                1
              ],
              "uv": {
                "down": {
                  "uv": [
                    15,
                    63
                  ],
                  "uv_size": [
                    1,
                    -1
                  ]
                },
                "east": {
                  "uv": [
                    23,
                    59
                  ],
                  "uv_size": [
                    1,
                    1
                  ]
                },
                "north": {
                  "uv": [
                    51,
                    58
                  ],
                  "uv_size": [
                    1,
                    1
                  ]
                },
                "south": {
                  "uv": [
                    51,
                    59
                  ],
                  "uv_size": [
                    1,
                    1
                  ]
                },
                "up": {
                  "uv": [
                    6,
                    62
                  ],
                  "uv_size": [
                    1,
                    1
                  ]
                },
                "west": {
                  "uv": [
                    23,
                    60
                  ],
                  "uv_size": [
                    1,
                    1
                  ]
                }
              }
            }
          ],
          "name": "sparks2",
          "parent": "bolt",
          "pivot": [
            -8,
            11,
            0
          ]
        },
        {
          "cubes": [
            {
              "origin": [
                -7.5,
                10,
                -0.5
              ],
              "size": [
                1,
                1,
                1
              ],
              "uv": {
                "down": {
                  "uv": [
                    15,
                    63
                  ],
                  "uv_size": [
                    1,
                    -1
                  ]
                },
                "east": {
                  "uv": [
                    23,
                    59
                  ],
                  "uv_size": [
                    1,
                    1
                  ]
                },
                "north": {
                  "uv": [
                    51,
                    58
                  ],
                  "uv_size": [
                    1,
                    1
                  ]
                },
                "south": {
                  "uv": [
                    51,
                    59
                  ],
                  "uv_size": [
                    1,
                    1
                  ]
                },
                "up": {
                  "uv": [
                    6,
                    62
                  ],
                  "uv_size": [
                    1,
                    1
                  ]
                },
                "west": {
                  "uv": [
                    23,
                    60
                  ],
                  "uv_size": [
                    1,
                    1
                  ]
                }
              }
            },
            {
              "origin": [
                -7.5,
                9,
                -1
              ],
              "size": [
                1,
                1,
                1
              ],
              "uv": {
                "down": {
                  "uv": [
                    15,
                    63
                  ],
                  "uv_size": [
                    1,
                    -1
                  ]
                },
                "east": {
                  "uv": [
                    23,
                    59
                  ],
                  "uv_size": [
                    1,
                    1
                  ]
                },
                "north": {
                  "uv": [
                    51,
                    58
                  ],
                  "uv_size": [
                    1,
                    1
                  ]
                },
                "south": {
                  "uv": [
                    51,
                    59
                  ],
                  "uv_size": [
                    1,
                    1
                  ]
                },
                "up": {
                  "uv": [
                    6,
                    62
                  ],
                  "uv_size": [
                    1,
                    1
                  ]
                },
                "west": {
                  "uv": [
                    23,
                    60
                  ],
                  "uv_size": [
                    1,
                    1
                  ]
                }
              }
            }
          ],
          "name": "sparks3",
          "parent": "bolt",
          "pivot": [
            -8,
            11,
            0
          ]
        },
        {
          "cubes": [
            {
              "origin": [
                -7.5,
                10,
                -0.5
              ],
              "size": [
                1,
                1,
                1
              ],
              "uv": {
                "down": {
                  "uv": [
                    15,
                    63
                  ],
                  "uv_size": [
                    1,
                    -1
                  ]
                },
                "east": {
                  "uv": [
                    23,
                    59
                  ],
                  "uv_size": [
                    1,
                    1
                  ]
                },
                "north": {
                  "uv": [
                    51,
                    58
                  ],
                  "uv_size": [
                    1,
                    1
                  ]
                },
                "south": {
                  "uv": [
                    51,
                    59
                  ],
                  "uv_size": [
                    1,
                    1
                  ]
                },
                "up": {
                  "uv": [
                    6,
                    62
                  ],
                  "uv_size": [
                    1,
                    1
                  ]
                },
                "west": {
                  "uv": [
                    23,
                    60
                  ],
                  "uv_size": [
                    1,
                    1
                  ]
                }
              }
            },
            {
              "origin": [
                -7.5,
                9,
                -1
              ],
              "size": [
                1,
                1,
                1
              ],
              "uv": {
                "down": {
                  "uv": [
                    15,
                    63
                  ],
                  "uv_size": [
                    1,
                    -1
                  ]
                },
                "east": {
                  "uv": [
                    23,
                    59
                  ],
                  "uv_size": [
                    1,
                    1
                  ]
                },
                "north": {
                  "uv": [
                    51,
                    58
                  ],
                  "uv_size": [
                    1,
                    1
                  ]
                },
                "south": {
                  "uv": [
                    51,
                    59
                  ],
                  "uv_size": [
                    1,
                    1
                  ]
                },
                "up": {
                  "uv": [
                    6,
                    62
                  ],
                  "uv_size": [
                    1,
                    1
                  ]
                },
                "west": {
                  "uv": [
                    23,
                    60
                  ],
                  "uv_size": [
                    1,
                    1
                  ]
                }
              }
            }
          ],
          "name": "sparks4",
          "parent": "bolt",
          "pivot": [
            -8,
            11,
            0
          ]
        },
        {
          "cubes": [
            {
              "origin": [
                -7.5,
                10,
                -0.5
              ],
              "size": [
                1,
                1,
                1
              ],
              "uv": {
                "down": {
                  "uv": [
                    15,
                    63
                  ],
                  "uv_size": [
                    1,
                    -1
                  ]
                },
                "east": {
                  "uv": [
                    23,
                    59
                  ],
                  "uv_size": [
                    1,
                    1
                  ]
                },
                "north": {
                  "uv": [
                    51,
                    58
                  ],
                  "uv_size": [
                    1,
                    1
                  ]
                },
                "south": {
                  "uv": [
                    51,
                    59
                  ],
                  "uv_size": [
                    1,
                    1
                  ]
                },
                "up": {
                  "uv": [
                    6,
                    62
                  ],
                  "uv_size": [
                    1,
                    1
                  ]
                },
                "west": {
                  "uv": [
                    23,
                    60
                  ],
                  "uv_size": [
                    1,
                    1
                  ]
                }
              }
            },
            {
              "origin": [
                -7.5,
                9,
                -1
              ],
              "size": [
                1,
                1,
                1
              ],
              "uv": {
                "down": {
                  "uv": [
                    15,
                    63
                  ],
                  "uv_size": [
                    1,
                    -1
                  ]
                },
                "east": {
                  "uv": [
                    23,
                    59
                  ],
                  "uv_size": [
                    1,
                    1
                  ]
                },
                "north": {
                  "uv": [
                    51,
                    58
                  ],
                  "uv_size": [
                    1,
                    1
                  ]
                },
                "south": {
                  "uv": [
                    51,
                    59
                  ],
                  "uv_size": [
                    1,
                    1
                  ]
                },
                "up": {
                  "uv": [
                    6,
                    62
                  ],
                  "uv_size": [
                    1,
                    1
                  ]
                },
                "west": {
                  "uv": [
                    23,
                    60
                  ],
                  "uv_size": [
                    1,
                    1
                  ]
                }
              }
            }
          ],
          "name": "sparks5",
          "parent": "bolt",
          "pivot": [
            -8,
            11,
            0
          ]
        },
        {
          "cubes": [
            {
              "origin": [
                -7.5,
                10,
                -0.5
              ],
              "size": [
                1,
                1,
                1
              ],
              "uv": {
                "down": {
                  "uv": [
                    15,
                    63
                  ],
                  "uv_size": [
                    1,
                    -1
                  ]
                },
                "east": {
                  "uv": [
                    23,
                    59
                  ],
                  "uv_size": [
                    1,
                    1
                  ]
                },
                "north": {
                  "uv": [
                    51,
                    58
                  ],
                  "uv_size": [
                    1,
                    1
                  ]
                },
                "south": {
                  "uv": [
                    51,
                    59
                  ],
                  "uv_size": [
                    1,
                    1
                  ]
                },
                "up": {
                  "uv": [
                    6,
                    62
                  ],
                  "uv_size": [
                    1,
                    1
                  ]
                },
                "west": {
                  "uv": [
                    23,
                    60
                  ],
                  "uv_size": [
                    1,
                    1
                  ]
                }
              }
            },
            {
              "origin": [
                -7.5,
                9,
                -1
              ],
              "size": [
                1,
                1,
                1
              ],
              "uv": {
                "down": {
                  "uv": [
                    15,
                    63
                  ],
                  "uv_size": [
                    1,
                    -1
                  ]
                },
                "east": {
                  "uv": [
                    23,
                    59
                  ],
                  "uv_size": [
                    1,
                    1
                  ]
                },
                "north": {
                  "uv": [
                    51,
                    58
                  ],
                  "uv_size": [
                    1,
                    1
                  ]
                },
                "south": {
                  "uv": [
                    51,
                    59
                  ],
                  "uv_size": [
                    1,
                    1
                  ]
                },
                "up": {
                  "uv": [
                    6,
                    62
                  ],
                  "uv_size": [
                    1,
                    1
                  ]
                },
                "west": {
                  "uv": [
                    23,
                    60
                  ],
                  "uv_size": [
                    1,
                    1
                  ]
                }
              }
            }
          ],
          "name": "sparks6",
          "parent": "bolt",
          "pivot": [
            -8,
            11,
            0
          ]
        },
        {
          "cubes": [
            {
              "origin": [
                5,
                17,
                -3
              ],
              "size": [
                5,
                6,
                5
              ],
              "uv": {
                "down": {
                  "uv": [
                    68,
                    10
                  ],
                  "uv_size": [
                    5,
                    -5
                  ]
                },
                "east": {
                  "uv": [
                    68,
                    16
                  ],
                  "uv_size": [
                    5,
                    6
                  ]
                },
                "north": {
                  "uv": [
                    68,
                    10
                  ],
                  "uv_size": [
                    5,
                    6
                  ]
                },
                "south": {
                  "uv": [
                    68,
                    22
                  ],
                  "uv_size": [
                    5,
                    6
                  ]
                },
                "up": {
                  "uv": [
                    68,
                    0
                  ],
                  "uv_size": [
                    5,
                    5
                  ]
                },
                "west": {
                  "uv": [
                    68,
                    28
                  ],
                  "uv_size": [
                    5,
                    6
                  ]
                }
              }
            },
            {
              "inflate": 0.2,
              "origin": [
                5,
                17,
                -3
              ],
              "size": [
                5,
                6,
                5
              ],
              "uv": {
                "down": {
                  "uv": [
                    73,
                    29
                  ],
                  "uv_size": [
                    5,
                    -5
                  ]
                },
                "east": {
                  "uv": [
                    73,
                    6
                  ],
                  "uv_size": [
                    5,
                    6
                  ]
                },
                "north": {
                  "uv": [
                    73,
                    18
                  ],
                  "uv_size": [
                    5,
                    6
                  ]
                },
                "south": {
                  "uv": [
                    73,
                    12
                  ],
                  "uv_size": [
                    5,
                    6
                  ]
                },
                "up": {
                  "uv": [
                    73,
                    29
                  ],
                  "uv_size": [
                    5,
                    5
                  ]
                },
                "west": {
                  "uv": [
                    73,
                    0
                  ],
                  "uv_size": [
                    5,
                    6
                  ]
                }
              }
            }
          ],
          "name": "arm2",
          "parent": "body",
          "pivot": [
            5,
            21,
            0
          ],
          "rotation": [
            22.5,
            0,
            -10
          ]
        },
        {
          "cubes": [
            {
              "origin": [
                5.5,
                11,
                -4
              ],
              "size": [
                4,
                6,
                4
              ],
              "uv": {
                "down": {
                  "uv": [
                    56,
                    20
                  ],
                  "uv_size": [
                    4,
                    -4
                  ]
                },
                "east": {
                  "uv": [
                    48,
                    12
                  ],
                  "uv_size": [
                    4,
                    6
                  ]
                },
                "north": {
                  "uv": [
                    48,
                    6
                  ],
                  "uv_size": [
                    4,
                    6
                  ]
                },
                "south": {
                  "uv": [
                    48,
                    18
                  ],
                  "uv_size": [
                    4,
                    6
                  ]
                },
                "up": {
                  "uv": [
                    56,
                    12
                  ],
                  "uv_size": [
                    4,
                    4
                  ]
                },
                "west": {
                  "uv": [
                    24,
                    48
                  ],
                  "uv_size": [
                    4,
                    6
                  ]
                }
              }
            },
            {
              "inflate": 0.2,
              "origin": [
                5.5,
                11,
                -4
              ],
              "size": [
                4,
                6,
                4
              ],
              "uv": {
                "down": {
                  "uv": [
                    56,
                    28
                  ],
                  "uv_size": [
                    4,
                    -4
                  ]
                },
                "east": {
                  "uv": [
                    28,
                    48
                  ],
                  "uv_size": [
                    4,
                    6
                  ]
                },
                "north": {
                  "uv": [
                    48,
                    24
                  ],
                  "uv_size": [
                    4,
                    6
                  ]
                },
                "south": {
                  "uv": [
                    48,
                    30
                  ],
                  "uv_size": [
                    4,
                    6
                  ]
                },
                "up": {
                  "uv": [
                    56,
                    20
                  ],
                  "uv_size": [
                    4,
                    4
                  ]
                },
                "west": {
                  "uv": [
                    48,
                    36
                  ],
                  "uv_size": [
                    4,
                    6
                  ]
                }
              }
            }
          ],
          "name": "forearm2",
          "parent": "arm2",
          "pivot": [
            9,
            17,
            0
          ],
          "rotation": [
            -57.52472,
            -1.34295,
            2.10886
          ]
        },
        {
          "cubes": [
            {
              "origin": [
                -4,
                23,
                -4
              ],
              "size": [
                8,
                8,
                8
              ],
              "uv": {
                "down": {
                  "uv": [
                    24,
                    8
                  ],
                  "uv_size": [
                    8,
                    -8
                  ]
                },
                "east": {
                  "uv": [
                    16,
                    8
                  ],
                  "uv_size": [
                    8,
                    8
                  ]
                },
                "north": {
                  "uv": [
                    16,
                    0
                  ],
                  "uv_size": [
                    8,
                    8
                  ]
                },
                "south": {
                  "uv": [
                    16,
                    16
                  ],
                  "uv_size": [
                    8,
                    8
                  ]
                },
                "up": {
                  "uv": [
                    8,
                    22
                  ],
                  "uv_size": [
                    8,
                    8
                  ]
                },
                "west": {
                  "uv": [
                    0,
                    22
                  ],
                  "uv_size": [
                    8,
                    8
                  ]
                }
              }
            },
            {
              "inflate": 0.2,
              "origin": [
                -4,
                23,
                -4
              ],
              "size": [
                8,
                8,
                8
              ],
              "uv": {
                "down": {
                  "uv": [
                    8,
                    38
                  ],
                  "uv_size": [
                    8,
                    -8
                  ]
                },
                "east": {
                  "uv": [
                    16,
                    24
                  ],
                  "uv_size": [
                    8,
                    8
                  ]
                },
                "north": {
                  "uv": [
                    24,
                    8
                  ],
                  "uv_size": [
                    8,
                    8
                  ]
                },
                "south": {
                  "uv": [
                    24,
                    16
                  ],
                  "uv_size": [
                    8,
                    8
                  ]
                },
                "up": {
                  "uv": [
                    0,
                    30
                  ],
                  "uv_size": [
                    8,
                    8
                  ]
                },
                "west": {
                  "uv": [
                    24,
                    24
                  ],
                  "uv_size": [
                    8,
                    8
                  ]
                }
              }
            }
          ],
          "name": "head",
          "parent": "body",
          "pivot": [
            0,
            23,
            0
          ],
          "rotation": [
            10,
            -17.5,
            0
          ]
        }
      ],
      "description": {
        "identifier": "geometry.opzeus",
        "texture_height": 128,
        "texture_width": 128,
        "visible_bounds_height": 3.5,
        "visible_bounds_offset": [
          0,
          1.25,
          0
        ],
        "visible_bounds_width": 3
      }
    }
  ]
}