{
  "format_version": "1.12.0",
  "minecraft:geometry": [
    {
      "bones": [
        {
          "name": "skyblockguy",
          "pivot": [
            0,
            2,
            0
          ],
          "rotation": [
            -180,
            0,
            180
          ]
        },
        {
          "cubes": [
            {
              "origin": [
                -4,
                14,
                -2
              ],
              "size": [
                8,
                12,
                4
              ],
              "uv": [
                24,
                32
              ]
            }
          ],
          "name": "player",
          "parent": "skyblockguy",
          "pivot": [
            0,
            2,
            0
          ]
        },
        {
          "cubes": [
            {
              "origin": [
                -4,
                26,
                -4
              ],
              "size": [
                8,
                8,
                8
              ],
              "uv": [
                0,
                16
              ]
            },
            {
              "inflate": 0.3,
              "origin": [
                -4,
                26,
                -4
              ],
              "size": [
                8,
                8,
                8
              ],
              "uv": [
                0,
                0
              ]
            }
          ],
          "name": "playerhead",
          "parent": "player",
          "pivot": [
            4,
            26,
            0
          ],
          "rotation": [
            5,
            0,
            0
          ]
        },
        {
          "cubes": [
            {
              "origin": [
                -4,
                2,
                -2
              ],
              "size": [
                4,
                12,
                4
              ],
              "uv": [
                16,
                48
              ]
            }
          ],
          "name": "rightleg",
          "parent": "player",
          "pivot": [
            -2,
            12,
            0
          ],
          "rotation": [
            -2.5,
            0,
            2.5
          ]
        },
        {
          "cubes": [
            {
              "origin": [
                0,
                2,
                -2
              ],
              "size": [
                4,
                12,
                4
              ],
              "uv": [
                32,
                48
              ]
            }
          ],
          "name": "leftleg",
          "parent": "player",
          "pivot": [
            2,
            12,
            0
          ],
          "rotation": [
            -2.5,
            0,
            -2.5
          ]
        },
        {
          "cubes": [
            {
              "origin": [
                4,
                14,
                -2
              ],
              "size": [
                4,
                12,
                4
              ],
              "uv": [
                48,
                48
              ]
            }
          ],
          "name": "leftarm",
          "parent": "player",
          "pivot": [
            6,
            24,
            0
          ],
          "rotation": [
            2.5,
            0,
            -5
          ]
        },
        {
          "cubes": [
            {
              "origin": [
                -8,
                14,
                -2
              ],
              "size": [
                4,
                12,
                4
              ],
              "uv": [
                48,
                32
              ]
            }
          ],
          "name": "rightarm",
          "parent": "player",
          "pivot": [
            -6,
            24,
            0
          ],
          "rotation": [
            2.5,
            0,
            5
          ]
        },
        {
          "name": "wings",
          "parent": "player",
          "pivot": [
            0,
            2,
            0
          ]
        },
        {
          "cubes": [
            {
              "origin": [
                -5,
                2,
                -2
              ],
              "size": [
                10,
                20,
                0
              ],
              "uv": [
                0,
                32
              ]
            },
            {
              "inflate": 0.01,
              "origin": [
                4,
                8,
                -3
              ],
              "size": [
                2,
                10,
                2
              ],
              "uv": [
                0,
                52
              ]
            },
            {
              "origin": [
                4,
                -2,
                -3
              ],
              "pivot": [
                6,
                8,
                -2
              ],
              "rotation": [
                0,
                0,
                55
              ],
              "size": [
                2,
                10,
                2
              ],
              "uv": [
                0,
                52
              ]
            }
          ],
          "name": "wing2",
          "parent": "wings",
          "pivot": [
            0,
            22,
            -2
          ],
          "rotation": [
            -15,
            0,
            -80
          ]
        },
        {
          "name": "bone2",
          "parent": "wing2",
          "pivot": [
            0,
            2,
            0
          ]
        },
        {
          "cubes": [
            {
              "mirror": true,
              "origin": [
                -5,
                2,
                -2
              ],
              "size": [
                10,
                20,
                0
              ],
              "uv": [
                0,
                32
              ]
            },
            {
              "inflate": 0.01,
              "mirror": true,
              "origin": [
                -6,
                8,
                -3
              ],
              "size": [
                2,
                10,
                2
              ],
              "uv": [
                0,
                52
              ]
            }
          ],
          "name": "wing1",
          "parent": "wings",
          "pivot": [
            0,
            22,
            -2
          ],
          "rotation": [
            -15,
            0,
            80
          ]
        },
        {
          "cubes": [
            {
              "mirror": true,
              "origin": [
                -6,
                -2,
                -3
              ],
              "pivot": [
                -6,
                8,
                -2
              ],
              "rotation": [
                0,
                0,
                -55
              ],
              "size": [
                2,
                10,
                2
              ],
              "uv": [
                0,
                52
              ]
            }
          ],
          "name": "bone",
          "parent": "wing1",
          "pivot": [
            0,
            2,
            0
          ]
        },
        {
          "name": "isle1",
          "parent": "skyblockguy",
          "pivot": [
            0,
            26,
            0
          ]
        },
        {
          "name": "island1",
          "parent": "isle1",
          "pivot": [
            0,
            26,
            0
          ]
        },
        {
          "cubes": [
            {
              "origin": [
                8,
                28,
                -15
              ],
              "size": [
                6,
                2,
                6
              ],
              "uv": [
                24,
                16
              ]
            },
            {
              "origin": [
                11,
                30,
                -12
              ],
              "size": [
                1,
                2,
                1
              ],
              "uv": [
                0,
                0
              ]
            },
            {
              "origin": [
                10,
                32,
                -13
              ],
              "size": [
                3,
                3,
                3
              ],
              "uv": [
                50,
                4
              ]
            },
            {
              "origin": [
                9,
                26,
                -14
              ],
              "size": [
                4,
                2,
                4
              ],
              "uv": [
                42,
                16
              ]
            }
          ],
          "name": "angle",
          "parent": "island1",
          "pivot": [
            0,
            26,
            0
          ]
        },
        {
          "name": "isle2",
          "parent": "skyblockguy",
          "pivot": [
            0,
            12,
            0
          ]
        },
        {
          "name": "island2",
          "parent": "isle2",
          "pivot": [
            0,
            12,
            0
          ]
        },
        {
          "cubes": [
            {
              "origin": [
                -15,
                33,
                -14
              ],
              "size": [
                7,
                2,
                6
              ],
              "uv": [
                24,
                0
              ]
            },
            {
              "origin": [
                -10,
                35,
                -13
              ],
              "size": [
                1,
                2,
                1
              ],
              "uv": [
                0,
                0
              ]
            },
            {
              "origin": [
                -13,
                35,
                -11
              ],
              "size": [
                1,
                1,
                1
              ],
              "uv": [
                4,
                0
              ]
            },
            {
              "origin": [
                -11,
                37,
                -14
              ],
              "size": [
                3,
                3,
                3
              ],
              "uv": [
                50,
                4
              ]
            },
            {
              "origin": [
                -14,
                36,
                -12
              ],
              "size": [
                3,
                3,
                3
              ],
              "uv": [
                50,
                4
              ]
            },
            {
              "origin": [
                -14,
                31,
                -13
              ],
              "size": [
                5,
                2,
                4
              ],
              "uv": [
                46,
                10
              ]
            }
          ],
          "name": "angle2",
          "parent": "island2",
          "pivot": [
            0,
            12,
            0
          ]
        },
        {
          "name": "isle3",
          "parent": "skyblockguy",
          "pivot": [
            0,
            12,
            0
          ]
        },
        {
          "name": "island3",
          "parent": "isle3",
          "pivot": [
            0,
            12,
            0
          ]
        },
        {
          "cubes": [
            {
              "origin": [
                -13,
                14,
                9
              ],
              "size": [
                7,
                2,
                6
              ],
              "uv": [
                24,
                0
              ]
            },
            {
              "origin": [
                -11,
                16,
                11
              ],
              "size": [
                1,
                1,
                1
              ],
              "uv": [
                4,
                0
              ]
            },
            {
              "origin": [
                -12,
                17,
                10
              ],
              "size": [
                3,
                3,
                3
              ],
              "uv": [
                50,
                4
              ]
            },
            {
              "origin": [
                -12,
                12,
                10
              ],
              "size": [
                5,
                2,
                4
              ],
              "uv": [
                46,
                10
              ]
            }
          ],
          "name": "angle3",
          "parent": "island3",
          "pivot": [
            0,
            12,
            0
          ]
        },
        {
          "name": "isle4",
          "parent": "skyblockguy",
          "pivot": [
            0,
            12,
            0
          ]
        },
        {
          "name": "island4",
          "parent": "isle4",
          "pivot": [
            0,
            12,
            0
          ]
        },
        {
          "cubes": [
            {
              "origin": [
                14,
                20,
                -2
              ],
              "size": [
                5,
                2,
                5
              ],
              "uv": [
                32,
                25
              ]
            },
            {
              "origin": [
                15,
                22,
                0
              ],
              "size": [
                1,
                1,
                1
              ],
              "uv": [
                4,
                2
              ]
            },
            {
              "origin": [
                17,
                22,
                -1
              ],
              "size": [
                1,
                1,
                1
              ],
              "uv": [
                4,
                2
              ]
            },
            {
              "origin": [
                15,
                19,
                -1
              ],
              "size": [
                3,
                1,
                3
              ],
              "uv": [
                44,
                0
              ]
            }
          ],
          "name": "angle4",
          "parent": "island4",
          "pivot": [
            0,
            12,
            0
          ]
        }
      ],
      "description": {
        "identifier": "geometry.skyblock",
        "texture_height": 64,
        "texture_width": 64,
        "visible_bounds_height": 5,
        "visible_bounds_offset": [
          0,
          1.5,
          0
        ],
        "visible_bounds_width": 5
      }
    }
  ]
}