{
  "animations": {
    "animation.npc.float": {
      "animation_length": 15.9,
      "bones": {
        "main": {
          "position": {
            "0.0": [
              0,
              -5,
              0
            ],
            "0.8": [
              0,
              -6.82,
              0
            ],
            "1.0": [
              0,
              -7,
              0
            ],
            "1.6": [
              0,
              -5.7,
              0
            ],
            "10.0": [
              0,
              -5,
              0
            ],
            "10.4": [
              0,
              -5.7,
              0
            ],
            "11.0": [
              0,
              -7,
              0
            ],
            "11.2": [
              0,
              -6.79,
              0
            ],
            "12.0": [
              0,
              -5,
              0
            ],
            "12.8": [
              0,
              -6.79,
              0
            ],
            "13.0": [
              0,
              -7,
              0
            ],
            "13.6": [
              0,
              -5.7,
              0
            ],
            "14.0": [
              0,
              -5,
              0
            ],
            "14.4": [
              0,
              -5.7,
              0
            ],
            "15.0": [
              0,
              -7,
              0
            ],
            "15.2": [
              0,
              -6.79,
              0
            ],
            "15.9": [
              0,
              -5,
              0
            ],
            "2.0": [
              0,
              -5,
              0
            ],
            "2.4": [
              0,
              -5.7,
              0
            ],
            "3.0": [
              0,
              -7,
              0
            ],
            "3.2": [
              0,
              -6.79,
              0
            ],
            "4.0": [
              0,
              -5,
              0
            ],
            "4.8": [
              0,
              -6.79,
              0
            ],
            "5.0": [
              0,
              -7,
              0
            ],
            "5.6": [
              0,
              -5.7,
              0
            ],
            "6.0": [
              0,
              -5,
              0
            ],
            "6.4": [
              0,
              -5.7,
              0
            ],
            "7.0": [
              0,
              -7,
              0
            ],
            "7.2": [
              0,
              -6.79,
              0
            ],
            "8.0": [
              0,
              -5,
              0
            ],
            "8.8": [
              0,
              -6.79,
              0
            ],
            "9.0": [
              0,
              -7,
              0
            ],
            "9.6": [
              0,
              -5.7,
              0
            ]
          },
          "rotation": {
            "0.0": {
              "lerp_mode": "catmullrom",
              "post": [
                0,
                0,
                0
              ]
            },
            "15.9": {
              "lerp_mode": "catmullrom",
              "post": [
                0,
                360,
                0
              ]
            },
            "8.0": {
              "lerp_mode": "catmullrom",
              "post": [
                0,
                180,
                0
              ]
            }
          }
        }
      },
      "loop": true
    }
  },
  "format_version": "1.8.0"
}