{
  "animations": {
    "animation.item.menu.spin": {
      "animation_length": 16,
      "bones": {
        "box": {
          "rotation": [
            15,
            0,
            0
          ]
        },
        "gift": {
          "position": {
            "0.0": [
              0,
              -5,
              0
            ],
            "1.0": [
              0,
              -6.96,
              0
            ],
            "1.0833": [
              0,
              -7,
              0
            ],
            "10.0": [
              0,
              -5.06,
              0
            ],
            "10.9167": [
              0,
              -7,
              0
            ],
            "11.0": [
              0,
              -6.94,
              0
            ],
            "11.9167": [
              0,
              -5,
              0
            ],
            "12.0": [
              0,
              -5.06,
              0
            ],
            "12.9167": [
              0,
              -7,
              0
            ],
            "13.0": [
              0,
              -6.94,
              0
            ],
            "13.9167": [
              0,
              -5,
              0
            ],
            "14.0": [
              0,
              -5.06,
              0
            ],
            "14.9167": [
              0,
              -7,
              0
            ],
            "15.0": [
              0,
              -6.95,
              0
            ],
            "15.9167": [
              0,
              -5,
              0
            ],
            "2.0": [
              0,
              -5,
              0
            ],
            "3.0": [
              0,
              -7,
              0
            ],
            "4.0": [
              0,
              -5,
              0
            ],
            "5.0": [
              0,
              -7,
              0
            ],
            "6.0": [
              0,
              -5,
              0
            ],
            "7.0": [
              0,
              -7,
              0
            ],
            "8.0": [
              0,
              -5,
              0
            ],
            "8.9167": [
              0,
              -7,
              0
            ],
            "9.0": [
              0,
              -6.94,
              0
            ],
            "9.9167": [
              0,
              -5,
              0
            ]
          },
          "rotation": {
            "0.0": [
              0,
              0,
              0
            ],
            "1.0": [
              0,
              13.89,
              0
            ],
            "10.0": [
              0,
              229.88,
              0
            ],
            "11.0": [
              0,
              256.4,
              0
            ],
            "12.0": [
              0,
              282.53,
              0
            ],
            "13.0": [
              0,
              307.16,
              0
            ],
            "14.0": [
              0,
              329.19,
              0
            ],
            "15.0": [
              0,
              347.54,
              0
            ],
            "15.9167": [
              0,
              360,
              0
            ],
            "2.0": [
              0,
              32.34,
              0
            ],
            "3.0": [
              0,
              54.32,
              0
            ],
            "4.0": [
              0,
              78.75,
              0
            ],
            "5.0": [
              0,
              104.59,
              0
            ],
            "6.0": [
              0,
              130.78,
              0
            ],
            "7.0": [
              0,
              156.27,
              0
            ],
            "8.0": [
              0,
              180,
              0
            ],
            "9.0": [
              0,
              204.04,
              0
            ]
          }
        },
        "item": {
          "position": [
            0,
            4,
            0
          ],
          "rotation": [
            17.5,
            0,
            0
          ]
        },
        "lid": {
          "position": {
            "0.0": [
              0,
              0,
              0
            ],
            "0.6667": [
              0,
              0,
              0
            ],
            "1.1667": [
              0,
              -0.3,
              0
            ],
            "10.0": [
              0,
              0,
              0
            ],
            "10.6667": [
              0,
              0,
              0
            ],
            "11.1667": [
              0,
              -0.3,
              0
            ],
            "12.0": [
              0,
              0,
              0
            ],
            "12.6667": [
              0,
              0,
              0
            ],
            "13.1667": [
              0,
              -0.3,
              0
            ],
            "14.0": [
              0,
              0,
              0
            ],
            "14.6667": [
              0,
              0,
              0
            ],
            "15.1667": [
              0,
              -0.3,
              0
            ],
            "16.0": [
              0,
              0,
              0
            ],
            "2.0": [
              0,
              0,
              0
            ],
            "2.6667": [
              0,
              0,
              0
            ],
            "3.1667": [
              0,
              -0.3,
              0
            ],
            "4.0": [
              0,
              0,
              0
            ],
            "4.6667": [
              0,
              0,
              0
            ],
            "5.1667": [
              0,
              -0.3,
              0
            ],
            "6.0": [
              0,
              0,
              0
            ],
            "6.6667": [
              0,
              0,
              0
            ],
            "7.1667": [
              0,
              -0.3,
              0
            ],
            "8.0": [
              0,
              0,
              0
            ],
            "8.6667": [
              0,
              0,
              0
            ],
            "9.1667": [
              0,
              -0.3,
              0
            ]
          }
        },
        "spin": {
          "position": [
            0,
            "Math.sin(q.life_time * 90) * 1.8",
            0
          ],
          "rotation": [
            0,
            "q.life_time * 32.0",
            0
          ]
        }
      },
      "loop": true,
      "override_previous_animation": true
    }
  },
  "format_version": "1.8.0"
}