{"format_version":"1.10.0","minecraft:client_entity":{"description":{"identifier":"lifeboat:jeep","materials":{"default":"alphatest"},"textures":{"default":"textures/entity/jeep"},"geometry":{"default":"geometry.jeep","robot":"geometry.jeep_robot"},"scripts":{"scale":"0.8","animate":["transformation_controller"]},"animations":{"transformation_controller":"controller.animation.transformation","transforming":"animation.jeep.into_a_robo","transforming_robot":"animation.jeep.chilling"},"render_controllers":["controller.render.transformer"]}}}