{"format_version":"1.10.0","minecraft:attachable":{"description":{"identifier":"nationsglory:onyx_leggings.player","item":{"nationsglory:onyx_leggings":"query.owner_identifier == 'minecraft:player'"},"materials":{"default":"armor","enchanted":"armor_enchanted"},"textures":{"default":"textures/models/armor/onyx_2","enchanted":"textures/misc/enchanted_item_glint"},"geometry":{"default":"geometry.player.armor.leggings"},"scripts":{"parent_setup":"variable.leg_layer_visible = 0.0;"},"render_controllers":["controller.render.armor"]}}}