{
	"format_version": "1.12.0",
	"minecraft:geometry": [
		{
			"description": {
				"identifier": "geometry.custom_chest",
				"texture_width": 128,
				"texture_height": 128,
				"visible_bounds_width": 3,
				"visible_bounds_height": 3.5,
				"visible_bounds_offset": [0, 1.25, 0]
			},
			"bones": [
				{
					"name": "body",
					"pivot": [0, 0, 0]
				},
				{
					"name": "upper",
					"parent": "body",
					"pivot": [0, 12.01303, 8.00364],
					"cubes": [
						{
							"origin": [-7, 10, -7],
							"size": [14, 4, 14],
							"uv": {
								"north": {"uv": [28, 28], "uv_size": [28, 10]},
								"east": {"uv": [56, 28], "uv_size": [28, 10]},
								"south": {"uv": [84, 28], "uv_size": [28, 10]},
								"west": {"uv": [0, 28], "uv_size": [28, 10]},
								"up": {"uv": [56, 28], "uv_size": [-28, -28]},
								"down": {"uv": [84, 28], "uv_size": [-28, -28]}
							}
						},
						{
							"origin": [-0.9, 7, -8],
							"size": [1.8, 4.5, 1],
							"uv": {
								"north": {"uv": [12, 2], "uv_size": [-4, 8]},
								"east": {"uv": [0, 2], "uv_size": [1, 8]},
								"south": {"uv": [1, 2], "uv_size": [6, 8]},
								"west": {"uv": [7, 2], "uv_size": [1, 8]},
								"up": {"uv": [6, 2], "uv_size": [-4, -2]},
								"down": {"uv": [10, 2], "uv_size": [-4, -2]}
							}
						}
					]
				},
				{
					"name": "lower",
					"parent": "body",
					"pivot": [0, 0, 0],
					"cubes": [
						{
							"origin": [-7, 0, -7],
							"size": [14, 10, 14],
							"uv": {
								"north": {"uv": [28, 66], "uv_size": [28, 20]},
								"east": {"uv": [56, 66], "uv_size": [28, 20]},
								"south": {"uv": [84, 66], "uv_size": [28, 20]},
								"west": {"uv": [0, 66], "uv_size": [28, 20]},
								"up": {"uv": [84, 66], "uv_size": [-28, -28]},
								"down": {"uv": [84, 28], "uv_size": [-28, -28]}
							}
						}
					]
				}
			]
		}
	]
}