{
	"format_version": "1.12.0",
	"minecraft:geometry": [
		{
			"description": {
				"identifier": "geometry.machine_crusher",
				"texture_width": 16,
				"texture_height": 16,
				"visible_bounds_width": 2,
				"visible_bounds_height": 2.5,
				"visible_bounds_offset": [0, 0.75, 0]
			},
			"bones": [
				{
					"name": "bb_main",
					"pivot": [0, 0, 0],
					"cubes": [
						{
							"origin": [-8, 0, -8],
							"size": [16, 16, 16],
							"uv": {
								"north": {"uv": [3.5, 7.25], "uv_size": [3.5, 3.5]},
								"east": {"uv": [0, 7.25], "uv_size": [3.5, 3.5]},
								"south": {"uv": [0, 7.25], "uv_size": [3.5, 3.5]},
								"west": {"uv": [0, 7.375], "uv_size": [3.5, 3.375]},
								"up": {"uv": [3.5, 0], "uv_size": [3.5, 3.5]},
								"down": {"uv": [7, 3.5], "uv_size": [3.5, -3.5]}
							}
						}
					]
				}
			]
		}
	]
}