{"resource_pack_name":"vanilla","texture_name":"atlas.items","texture_data":{"troll_face_item":{"textures":"textures/items/troll_face_item"},"anti_matter":{"textures":"textures/items/anti_matter"},"red_matter":{"textures":"textures/items/red_matter"},"incendiaire":{"textures":"textures/items/incendiaire"},"repulsive":{"textures":"textures/items/repulsive"},"conventionnel":{"textures":"textures/items/conventionnel"},"shrapnel":{"textures":"textures/items/shrapnel"},"fragmentation":{"textures":"textures/items/fragmentation"},"endothermique":{"textures":"textures/items/endothermique"},"thermobarique":{"textures":"textures/items/thermobarique"},"nuke_cluster":{"textures":"textures/items/nuke_cluster"},"nuke":{"textures":"textures/items/nuke"},"beer":{"textures":"textures/items/beer"},"terminal":{"textures":"textures/items/terminal"},"plateforme":{"textures":"textures/items/plateforme"},"tool_rotate":{"textures":"textures/items/tool_rotate"},"key_reparator":{"textures":"textures/items/key_reparator"},"fusee":{"textures":"textures/items/fusee"},"bio_generator":{"textures":"textures/items/bio_generator"},"casino":{"textures":"textures/items/casino"},"bombonne_oxygen":{"textures":"textures/items/bombonne_oxygen"},"solar_panel_advanced":{"textures":"textures/items/solar_panel_advanced"},"solar_panel":{"textures":"textures/items/solar_panel"},"machine_potion":{"textures":"textures/items/machine_potion"},"lootbox_classique":{"textures":"textures/items/lootbox_classique"},"lootbox_legendaire":{"textures":"textures/items/lootbox_legendaire"},"lootbox_toxique":{"textures":"textures/items/lootbox_toxique"},"lootbox_prime":{"textures":"textures/items/lootbox_prime"},"lootbox_noel":{"textures":"textures/items/lootbox_noel"},"lootbox_noel_legendaire":{"textures":"textures/items/lootbox_noel_legendaire"},"lootbox_ultimate":{"textures":"textures/items/lootbox_ultimate"},"lootbox_twitch":{"textures":"textures/items/lootbox_twitch"},"lootbox_twitter":{"textures":"textures/items/lootbox_twitter"},"lootbox_discord":{"textures":"textures/items/lootbox_discord"},"drink_construct":{"textures":"textures/items/drink_construct"},"drink_energy":{"textures":"textures/items/drink_energy"},"drink_spy":{"textures":"textures/items/drink_spy"},"fragment_tiber":{"textures":"textures/items/fragment_tiber"},"moteur":{"textures":"textures/items/moteur"},"fibre_bois":{"textures":"textures/items/fibre_bois"},"gallium":{"textures":"textures/items/gallium"},"magnesium":{"textures":"textures/items/magnesium"},"niobium":{"textures":"textures/items/niobium"},"circuit_basique":{"textures":"textures/items/circuit_basique"},"plaque_acier":{"textures":"textures/items/plaque_acier"},"plaque_desh":{"textures":"textures/items/plaque_desh"},"onyx_brut":{"textures":"textures/items/onyx_brut"},"unite_solaire":{"textures":"textures/items/unite_solaire"},"rocket_launcher":{"textures":"textures/items/rocket_launcher"},"lingot_desh":{"textures":"textures/items/lingot_desh"},"backpack":{"textures":"textures/items/backpack"},"pickaxe_electric":{"textures":"textures/items/pickaxe_electric"},"axe_electric":{"textures":"textures/items/axe_electric"},"shovel_electric":{"textures":"textures/items/shovel_electric"},"parachute":{"textures":"textures/items/parachute"},"aspirateur_fantom":{"textures":"textures/items/aspirateur_fantom"},"rpg":{"textures":"textures/items/rpg"},"roquette_rpg":{"textures":"textures/items/roquette_rpg"},"ak47":{"textures":"textures/items/ak47"},"chargeur_ak47":{"textures":"textures/items/chargeur_ak47"},"usp45":{"textures":"textures/items/usp45"},"chargeur_usp45":{"textures":"textures/items/chargeur_usp45"},"chargeur_potion":{"textures":"textures/items/chargeur_potion"},"door_chene_black":{"textures":"textures/items/door_chene_black"},"door_elfique":{"textures":"textures/items/door_elfique"},"electric_charger":{"textures":"textures/items/electric_charger"},"electric_collector":{"textures":"textures/items/electric_collector"},"compteur_electric":{"textures":"textures/items/compteur_electric"},"compress_oxygen":{"textures":"textures/items/compress_oxygen"},"collector_oxygen":{"textures":"textures/items/collector_oxygen"},"imprimante":{"textures":"textures/items/imprimante"},"industry_reaper":{"textures":"textures/items/industry_reaper"},"workstation":{"textures":"textures/items/workstation"},"machine_reaper":{"textures":"textures/items/machine_reaper"},"server":{"textures":"textures/items/server"},"battery":{"textures":"textures/items/battery"},"battery_upgrade":{"textures":"textures/items/battery_upgrade"},"pile":{"textures":"textures/items/pile"},"group_electro":{"textures":"textures/items/group_electro"},"bonbonblanc":{"textures":"textures/items/bonbonblanc"},"bonbonbleu":{"textures":"textures/items/bonbonbleu"},"bonbonjaune":{"textures":"textures/items/bonbonjaune"},"bonbonnoir":{"textures":"textures/items/bonbonnoir"},"bonbonorange":{"textures":"textures/items/bonbonorange"},"bonbonrose":{"textures":"textures/items/bonbonrose"},"staff_coin_11":{"textures":"textures/items/staff_coin_11"},"staff_coin_0":{"textures":"textures/items/staff_coin_0"},"staff_coin_1":{"textures":"textures/items/staff_coin_1"},"staff_coin_2":{"textures":"textures/items/staff_coin_2"},"staff_coin_3":{"textures":"textures/items/staff_coin_3"},"staff_coin_4":{"textures":"textures/items/staff_coin_4"},"staff_coin_5":{"textures":"textures/items/staff_coin_5"},"staff_coin_6":{"textures":"textures/items/staff_coin_6"},"staff_coin_7":{"textures":"textures/items/staff_coin_7"},"staff_coin_8":{"textures":"textures/items/staff_coin_8"},"staff_coin_9":{"textures":"textures/items/staff_coin_9"},"staff_coin_10":{"textures":"textures/items/staff_coin_10"},"spice":{"textures":"textures/items/spice"},"spice_rare":{"textures":"textures/items/spice_rare"},"can":{"textures":"textures/items/canette"},"staff_dried_kelp":{"textures":"textures/items/staff_dried_kelp"},"magmarock":{"textures":"textures/items/magmarock"},"pineapple":{"textures":"textures/items/staff_ananas"},"green_apple":{"textures":"textures/items/staff_apple_0"},"red_apple":{"textures":"textures/items/staff_apple_1"},"yellow_apple":{"textures":"textures/items/staff_apple_2"},"rotten_apple":{"textures":"textures/items/staff_apple_3"},"bananas":{"textures":"textures/items/staff_bananas_0"},"banana":{"textures":"textures/items/staff_bananas_1"},"beach_ball":{"textures":"textures/items/staff_beach_ball"},"empty_bottle":{"textures":"textures/items/staff_bottle_0"},"blue_bottle":{"textures":"textures/items/staff_bottle_1"},"red_bottle":{"textures":"textures/items/staff_bottle_2"},"purple_bottle":{"textures":"textures/items/staff_bottle_3"},"green_bottle":{"textures":"textures/items/staff_bottle_4"},"blue_bucket":{"textures":"textures/items/staff_bucket_0"},"green_bucket":{"textures":"textures/items/staff_bucket_1"},"red_bucket":{"textures":"textures/items/staff_bucket_2"},"casserole":{"textures":"textures/items/staff_casserole"},"cherries":{"textures":"textures/items/staff_cherries"},"staff_dish_0":{"textures":"textures/items/staff_dish_0"},"staff_dish_1":{"textures":"textures/items/staff_dish_1"},"staff_dish_2":{"textures":"textures/items/staff_dish_2"},"staff_dish_3":{"textures":"textures/items/staff_dish_3"},"staff_flipflops":{"textures":"textures/items/staff_flipflops"},"salmon":{"textures":"textures/items/salmon"},"staff_fried_eggs":{"textures":"textures/items/staff_fried_eggs"},"staff_grapes_0":{"textures":"textures/items/staff_grapes_0"},"staff_grapes_1":{"textures":"textures/items/staff_grapes_1"},"staff_icecream_0":{"textures":"textures/items/staff_icecream_0"},"staff_icecream_1":{"textures":"textures/items/staff_icecream_1"},"staff_icecream_2":{"textures":"textures/items/staff_icecream_2"},"staff_lemon_0":{"textures":"textures/items/staff_lemon_0"},"staff_lemon_1":{"textures":"textures/items/staff_lemon_1"},"staff_lifebelt":{"textures":"textures/items/staff_lifebelt"},"staff_mag":{"textures":"textures/items/staff_mag"},"staff_orange_0":{"textures":"textures/items/staff_orange_0"},"staff_orange_1":{"textures":"textures/items/staff_orange_1"},"staff_paper_0":{"textures":"textures/items/staff_paper_0"},"staff_paper_1":{"textures":"textures/items/staff_paper_1"},"staff_paper_2":{"textures":"textures/items/staff_paper_2"},"staff_paper_3":{"textures":"textures/items/staff_paper_3"},"staff_paper_4":{"textures":"textures/items/staff_paper_4"},"staff_paper_5":{"textures":"textures/items/staff_paper_5"},"staff_paper_6":{"textures":"textures/items/staff_paper_6"},"staff_paper_7":{"textures":"textures/items/staff_paper_7"},"staff_paper_8":{"textures":"textures/items/staff_paper_8"},"staff_paper_9":{"textures":"textures/items/staff_paper_9"},"staff_paper_10":{"textures":"textures/items/staff_paper_10"},"staff_paper_11":{"textures":"textures/items/staff_paper_11"},"staff_paper_12":{"textures":"textures/items/staff_paper_12"},"staff_pear_0":{"textures":"textures/items/staff_pear_0"},"staff_pear_1":{"textures":"textures/items/staff_pear_1"},"staff_pearl_bracelet":{"textures":"textures/items/staff_pearl_bracelet"},"staff_pizza_slice":{"textures":"textures/items/staff_pizza_slice"},"staff_pumpkin":{"textures":"textures/items/staff_pumpkin"},"staff_rubber_ring_0":{"textures":"textures/items/staff_rubber_ring_0"},"staff_rubber_ring_1":{"textures":"textures/items/staff_rubber_ring_1"},"staff_shell_0":{"textures":"textures/items/staff_shell_0"},"staff_shell_1":{"textures":"textures/items/staff_shell_1"},"staff_skewer":{"textures":"textures/items/staff_skewer"},"staff_skewer_peppers":{"textures":"textures/items/staff_skewer_peppers"},"staff_snorkeling_mask":{"textures":"textures/items/staff_snorkeling_mask"},"staff_spatula_0":{"textures":"textures/items/staff_spatula_0"},"staff_spatula_1":{"textures":"textures/items/staff_spatula_1"},"staff_starfish":{"textures":"textures/items/staff_starfish"},"staff_strawberry_0":{"textures":"textures/items/staff_strawberry_0"},"staff_strawberry_1":{"textures":"textures/items/staff_strawberry_1"},"staff_sunscreen":{"textures":"textures/items/staff_sunscreen"},"staff_sushi_0":{"textures":"textures/items/staff_sushi_0"},"staff_sushi_1":{"textures":"textures/items/staff_sushi_1"},"staff_watergun_0":{"textures":"textures/items/staff_watergun_0"},"staff_watergun_1":{"textures":"textures/items/staff_watergun_1"},"staff_crystal_0":{"textures":"textures/items/staff_crystal_0"},"staff_crystal_1":{"textures":"textures/items/staff_crystal_1"},"staff_crystal_2":{"textures":"textures/items/staff_crystal_2"},"staff_crystal_3":{"textures":"textures/items/staff_crystal_3"},"staff_crystal_4":{"textures":"textures/items/staff_crystal_4"},"staff_crystal_5":{"textures":"textures/items/staff_crystal_5"},"staff_crystal_6":{"textures":"textures/items/staff_crystal_6"},"staff_extractmineral_0":{"textures":"textures/items/staff_extractmineral_0"},"staff_extractmineral_1":{"textures":"textures/items/staff_extractmineral_1"},"staff_extractmineral_2":{"textures":"textures/items/staff_extractmineral_2"},"staff_extractmineral_3":{"textures":"textures/items/staff_extractmineral_3"},"staff_extractmineral_4":{"textures":"textures/items/staff_extractmineral_4"},"staff_extractmineral_5":{"textures":"textures/items/staff_extractmineral_5"},"staff_extractmineral_6":{"textures":"textures/items/staff_extractmineral_6"},"staff_extractmineral_7":{"textures":"textures/items/staff_extractmineral_7"},"staff_extractmineral_8":{"textures":"textures/items/staff_extractmineral_8"},"staff_gem_0":{"textures":"textures/items/staff_gem_0"},"staff_gem_1":{"textures":"textures/items/staff_gem_1"},"staff_gem_2":{"textures":"textures/items/staff_gem_2"},"staff_gem_3":{"textures":"textures/items/staff_gem_3"},"staff_gem_4":{"textures":"textures/items/staff_gem_4"},"staff_gem_5":{"textures":"textures/items/staff_gem_5"},"staff_gem_6":{"textures":"textures/items/staff_gem_6"},"staff_gem_7":{"textures":"textures/items/staff_gem_7"},"staff_gem_8":{"textures":"textures/items/staff_gem_8"},"staff_gem_9":{"textures":"textures/items/staff_gem_9"},"staff_gem_10":{"textures":"textures/items/staff_gem_10"},"staff_watermelon":{"textures":"textures/items/staff_watermelon"},"staff_stone_0":{"textures":"textures/items/staff_stone_0"},"staff_stone_1":{"textures":"textures/items/staff_stone_1"},"staff_stone_2":{"textures":"textures/items/staff_stone_2"},"staff_ingot_0":{"textures":"textures/items/staff_ingot_0"},"staff_ingot_2":{"textures":"textures/items/staff_ingot_2"},"staff_ingot_3":{"textures":"textures/items/staff_ingot_3"},"staff_rawmineral_0":{"textures":"textures/items/staff_rawmineral_0"},"staff_rawmineral_1":{"textures":"textures/items/staff_rawmineral_1"},"staff_rawmineral_2":{"textures":"textures/items/staff_rawmineral_2"},"staff_rawmineral_3":{"textures":"textures/items/staff_rawmineral_3"},"staff_rawmineral_4":{"textures":"textures/items/staff_rawmineral_4"},"staff_rawmineral_5":{"textures":"textures/items/staff_rawmineral_5"},"staff_rawmineral_6":{"textures":"textures/items/staff_rawmineral_6"},"staff_rawmineral_7":{"textures":"textures/items/staff_rawmineral_7"},"staff_rawmineral_8":{"textures":"textures/items/staff_rawmineral_8"},"staff_whistle":{"textures":"textures/items/staff_whistle"},"staff_ingot_1":{"textures":"textures/items/staff_ingot_1"},"volcanite_ingot":{"textures":"textures/items/volcanite_ingot"},"volcanite_stick":{"textures":"textures/items/volcanite_stick"},"volcanite_helmet":{"textures":"textures/items/volcanite_helmet"},"volcanite_chestplate":{"textures":"textures/items/volcanite_chestplate"},"volcanite_leggings":{"textures":"textures/items/volcanite_leggings"},"volcanite_boots":{"textures":"textures/items/volcanite_boots"},"volcanite_sword":{"textures":"textures/items/volcanite_sword"},"volcanite_pickaxe":{"textures":"textures/items/volcanite_pickaxe"},"volcanite_shovel":{"textures":"textures/items/volcanite_shovel"},"volcanite_axe":{"textures":"textures/items/volcanite_axe"},"volcanite_hoe":{"textures":"textures/items/volcanite_hoe"},"staff_bone_1":{"textures":"textures/items/staff_bone_1"},"staff_bone_2":{"textures":"textures/items/staff_bone_2"},"staff_brain_1":{"textures":"textures/items/staff_brain_1"},"staff_brain_2":{"textures":"textures/items/staff_brain_2"},"staff_candy_1":{"textures":"textures/items/staff_candy_1"},"staff_candy_2":{"textures":"textures/items/staff_candy_2"},"staff_candy_3":{"textures":"textures/items/staff_candy_3"},"staff_candy_4":{"textures":"textures/items/staff_candy_4"},"staff_candy_5":{"textures":"textures/items/staff_candy_5"},"staff_candycauldron":{"textures":"textures/items/staff_candycauldron"},"staff_cursed_skull_1":{"textures":"textures/items/staff_cursedskull_1"},"staff_cursed_skull_2":{"textures":"textures/items/staff_cursedskull_2"},"staff_cursed_skull_3":{"textures":"textures/items/staff_cursedskull_3"},"staff_cursed_skull_4":{"textures":"textures/items/staff_cursedskull_4"},"staff_cursed_skull_5":{"textures":"textures/items/staff_cursedskull_5"},"staff_eye_human":{"textures":"textures/items/staff_eye_human"},"staff_eye_monster":{"textures":"textures/items/staff_eye_monster"},"staff_eye_zombie":{"textures":"textures/items/staff_eye_zombie"},"staff_ghost":{"textures":"textures/items/staff_ghost"},"staff_hall_bucket":{"textures":"textures/items/staff_hall_bucket"},"staff_hall_pumpkin":{"textures":"textures/items/staff_hall_pumpkin"},"staff_hand_human":{"textures":"textures/items/staff_hand_human"},"staff_hand_monster":{"textures":"textures/items/staff_hand_monster"},"staff_hand_zombie":{"textures":"textures/items/staff_hand_zombie"},"staff_magiccauldron_1":{"textures":"textures/items/staff_magiccauldron_1"},"staff_magiccauldron_2":{"textures":"textures/items/staff_magiccauldron_2"},"staff_magiccauldron_3":{"textures":"textures/items/staff_magiccauldron_3"},"staff_magicwand_1":{"textures":"textures/items/staff_magicwand_1"},"staff_magicwand_2":{"textures":"textures/items/staff_magicwand_2"},"staff_pentagram":{"textures":"textures/items/staff_pentagram"},"staff_soul_1":{"textures":"textures/items/staff_soul_1"},"staff_soul_2":{"textures":"textures/items/staff_soul_2"},"staff_soul_3":{"textures":"textures/items/staff_soul_3"},"staff_soul_4":{"textures":"textures/items/staff_soul_4"},"staff_soul_5":{"textures":"textures/items/staff_soul_5"},"staff_witchhat":{"textures":"textures/items/staff_witchhat"},"lootbox_frozen_legendary":{"textures":"textures/items/lootbox_frozen_legendary"},"desh_boots":{"textures":"textures/items/desh_boots"},"desh_chestplate":{"textures":"textures/items/desh_chestplate"},"desh_helmet":{"textures":"textures/items/desh_helmet"},"desh_leggings":{"textures":"textures/items/desh_leggings"},"onyx_boots":{"textures":"textures/items/onyx_boots"},"onyx_chestplate":{"textures":"textures/items/onyx_chestplate"},"onyx_helmet":{"textures":"textures/items/onyx_helmet"},"onyx_leggings":{"textures":"textures/items/onyx_leggings"},"solidtech_boots":{"textures":"textures/items/solidtech_boots"},"solidtech_chestplate":{"textures":"textures/items/solidtech_chestplate"},"solidtech_helmet":{"textures":"textures/items/solidtech_helmet"},"solidtech_leggings":{"textures":"textures/items/solidtech_leggings"},"prototype_boots":{"textures":"textures/items/prototype_boots"},"prototype_chestplate":{"textures":"textures/items/prototype_chestplate"},"prototype_helmet":{"textures":"textures/items/prototype_helmet"},"prototype_leggings":{"textures":"textures/items/prototype_leggings"},"speed_leggings":{"textures":"textures/items/speed_leggings"},"jump_boots":{"textures":"textures/items/jump_boots"},"adamentium_boots":{"textures":"textures/items/adamentium_boots"},"adamentium_chestplate":{"textures":"textures/items/adamentium_chestplate"},"adamentium_helmet":{"textures":"textures/items/adamentium_helmet"},"adamentium_leggings":{"textures":"textures/items/adamentium_leggings"},"demonic_sword":{"textures":"textures/items/demonic_sword"},"onyx_sword":{"textures":"textures/items/onyx_sword"},"onyx_pickaxe":{"textures":"textures/items/onyx_pickaxe"},"onyx_shovel":{"textures":"textures/items/onyx_shovel"},"onyx_axe":{"textures":"textures/items/onyx_axe"},"onyx_hoe":{"textures":"textures/items/onyx_hoe"},"electric_meter":{"textures":"textures/items/money"},"megalodon_sword":{"textures":"textures/items/megalodon_sword"},"jerrican":{"textures":"textures/items/jerrican"},"money":{"textures":"textures/items/money"},"tiber_circuit":{"textures":"textures/items/tiber_circuit"},"tiber_compressed":{"textures":"textures/items/tiber_compressed"},"key":{"textures":"textures/items/key"},"blueprint":{"textures":"textures/items/blueprint"},"eco_ingot":{"textures":"textures/items/eco_ingot"},"eco_compressed":{"textures":"textures/items/eco_compressed"},"eco_plate":{"textures":"textures/items/eco_plate"},"eco_item":{"textures":"textures/items/eco_item"},"eco_helmet":{"textures":"textures/items/eco_helmet"},"eco_chestplate":{"textures":"textures/items/eco_chestplate"},"eco_leggings":{"textures":"textures/items/eco_leggings"},"eco_boots":{"textures":"textures/items/eco_boots"},"eco_sword":{"textures":"textures/items/eco_sword"},"eco_pickaxe":{"textures":"textures/items/eco_pickaxe"},"eco_shovel":{"textures":"textures/items/eco_shovel"},"eco_axe":{"textures":"textures/items/eco_axe"},"eco_hoe":{"textures":"textures/items/eco_hoe"},"eco_bow":{"textures":"textures/items/eco_bow"},"upgrade_radius":{"textures":"textures/items/upgrade_radius"},"upgrade_automation":{"textures":"textures/items/upgrade_automation"},"upgrade_durability":{"textures":"textures/items/upgrade_durability"},"upgrade_productivity":{"textures":"textures/items/upgrade_productivity"},"liquid_tank":{"textures":"textures/items/liquidtank"},"pumping_jack":{"textures":"textures/items/pumpjack"},"refinery":{"textures":"textures/items/refinery"},"ecotron":{"textures":"textures/items/ecotron"},"anti_aircraft_turret":{"textures":"textures/items/anti_aircraft_turret"},"holy_helmet":{"textures":"textures/items/holy_helmet"},"holy_chestplate":{"textures":"textures/items/holy_chestplate"},"holy_leggings":{"textures":"textures/items/holy_leggings"},"holy_boots":{"textures":"textures/items/holy_boots"},"mad_chemist_helmet":{"textures":"textures/items/mad_chemist_helmet"},"mad_chemist_chestplate":{"textures":"textures/items/mad_chemist_chestplate"},"mad_chemist_leggings":{"textures":"textures/items/mad_chemist_leggings"},"mad_chemist_boots":{"textures":"textures/items/mad_chemist_boots"},"necromantine_helmet":{"textures":"textures/items/necromantine_helmet"},"necromantine_chestplate":{"textures":"textures/items/necromantine_chestplate"},"necromantine_leggings":{"textures":"textures/items/necromantine_leggings"},"necromantine_boots":{"textures":"textures/items/necromantine_boots"},"ninja_helmet":{"textures":"textures/items/ninja_helmet"},"ninja_chestplate":{"textures":"textures/items/ninja_chestplate"},"ninja_leggings":{"textures":"textures/items/ninja_leggings"},"ninja_boots":{"textures":"textures/items/ninja_boots"},"pirate_helmet":{"textures":"textures/items/pirate_helmet"},"pirate_chestplate":{"textures":"textures/items/pirate_chestplate"},"pirate_leggings":{"textures":"textures/items/pirate_leggings"},"pirate_boots":{"textures":"textures/items/pirate_boots"},"raider_helmet":{"textures":"textures/items/raider_helmet"},"raider_chestplate":{"textures":"textures/items/raider_chestplate"},"raider_leggings":{"textures":"textures/items/raider_leggings"},"raider_boots":{"textures":"textures/items/raider_boots"},"templar_helmet":{"textures":"textures/items/templar_helmet"},"templar_chestplate":{"textures":"textures/items/templar_chestplate"},"templar_leggings":{"textures":"textures/items/templar_leggings"},"templar_boots":{"textures":"textures/items/templar_boots"},"shadowassassin_helmet":{"textures":"textures/items/shadowassassin_helmet"},"shadowassassin_chestplate":{"textures":"textures/items/shadowassassin_chestplate"},"shadowassassin_leggings":{"textures":"textures/items/shadowassassin_leggings"},"shadowassassin_boots":{"textures":"textures/items/shadowassassin_boots"},"corsaire_helmet":{"textures":"textures/items/corsaire_helmet"},"corsaire_chestplate":{"textures":"textures/items/corsaire_chestplate"},"corsaire_leggings":{"textures":"textures/items/corsaire_leggings"},"corsaire_boots":{"textures":"textures/items/corsaire_boots"},"apocalypse_helmet":{"textures":"textures/items/apocalypse_helmet"},"apocalypse_chestplate":{"textures":"textures/items/apocalypse_chestplate"},"apocalypse_leggings":{"textures":"textures/items/apocalypse_leggings"},"apocalypse_boots":{"textures":"textures/items/apocalypse_boots"},"crown":{"textures":"textures/items/crown"},"holy_sword":{"textures":"textures/items/holy_sword"},"katana":{"textures":"textures/items/katana"},"necromantine_sword":{"textures":"textures/items/necromantine_sword"},"air_element":{"textures":"textures/items/air_element"},"amethyst":{"textures":"textures/items/amethyst"},"ancien_coin":{"textures":"textures/items/ancien_coin"},"ancien_scroll":{"textures":"textures/items/ancien_scroll"},"arcane_spell":{"textures":"textures/items/arcane_spell"},"artifact":{"textures":"textures/items/artifact"},"baseball":{"textures":"textures/items/baseball"},"batton":{"textures":"textures/items/batton"},"bo_staff":{"textures":"textures/items/bo_staff"},"broken_orb":{"textures":"textures/items/broken_orb"},"bronze_staff":{"textures":"textures/items/bronze_staff"},"chicken_sword":{"textures":"textures/items/chicken_sword"},"clarinet":{"textures":"textures/items/clarinet"},"bronze_coin":{"textures":"textures/items/bronze_coin"},"diamond_coin":{"textures":"textures/items/diamond_coin"},"emerald_coin":{"textures":"textures/items/emerald_coin"},"gold_coin":{"textures":"textures/items/gold_coin"},"iron_coin":{"textures":"textures/items/iron_coin"},"stone_coin":{"textures":"textures/items/stone_coin"},"wood_coin":{"textures":"textures/items/wood_coin"},"combat_knife":{"textures":"textures/items/combat_knife"},"crowbar":{"textures":"textures/items/crowbar"},"demonic_staff":{"textures":"textures/items/demonic_staff"},"diamond_staff":{"textures":"textures/items/diamond_staff"},"earth_element":{"textures":"textures/items/earth_element"},"emerald_staff":{"textures":"textures/items/emerald_staff"},"excalibur":{"textures":"textures/items/excalibur"},"fire_element":{"textures":"textures/items/fire_element"},"fire_spell":{"textures":"textures/items/fire_spell"},"gold_staff":{"textures":"textures/items/gold_staff"},"gun_chainsow":{"textures":"textures/items/gun_chainsow"},"hammer":{"textures":"textures/items/hammer"},"handcuffs":{"textures":"textures/items/handcuffs"},"heart":{"textures":"textures/items/heart"},"holy_spell":{"textures":"textures/items/holy_spell"},"ice_spell":{"textures":"textures/items/ice_spell"},"kunai":{"textures":"textures/items/kunai"},"pipe":{"textures":"textures/items/pipe"},"leaf_blade":{"textures":"textures/items/leaf_blade"},"letter":{"textures":"textures/items/letter"},"lighter":{"textures":"textures/items/lighter"},"lightning_spell":{"textures":"textures/items/lightning_spell"},"locket":{"textures":"textures/items/locket"},"macuahuitl":{"textures":"textures/items/macuahuitl"},"magic_wand":{"textures":"textures/items/magic_wand"},"mithril_staff":{"textures":"textures/items/mithril_staff"},"nature_spell":{"textures":"textures/items/nature_spell"},"necklace":{"textures":"textures/items/necklace"},"ocarina":{"textures":"textures/items/ocarina"},"orb":{"textures":"textures/items/orb"},"pendant":{"textures":"textures/items/pendant"},"phone":{"textures":"textures/items/phone"},"plans":{"textures":"textures/items/plans"},"rapier":{"textures":"textures/items/rapier"},"ring":{"textures":"textures/items/ring"},"ruby":{"textures":"textures/items/ruby"},"saber":{"textures":"textures/items/saber"},"sai_blade":{"textures":"textures/items/sai_blade"},"saphire":{"textures":"textures/items/saphire"},"satchel":{"textures":"textures/items/satchel"},"ear":{"textures":"textures/items/ear"},"silk":{"textures":"textures/items/silk"},"skull":{"textures":"textures/items/skull"},"sledgehammer":{"textures":"textures/items/sledgehammer"},"stone_staff":{"textures":"textures/items/stone_staff"},"swiss_knife":{"textures":"textures/items/swiss_knife"},"tablet":{"textures":"textures/items/tablet"},"usb":{"textures":"textures/items/usb"},"water_element":{"textures":"textures/items/water_element"},"wood_staff":{"textures":"textures/items/wood_staff"},"desh_stick":{"textures":"textures/items/desh_stick"},"wrench":{"textures":"textures/items/wrench"},"antiballistic_missile":{"textures":"textures/items/antiballistic_missile"},"coalgenerator":{"textures":"textures/items/coalgenerator"},"fuelloader":{"textures":"textures/items/fuelloader"},"electriccompressor":{"textures":"textures/items/electriccompressor"},"steel_ingot":{"textures":"textures/items/steel_ingot"},"steel_dust":{"textures":"textures/items/steel_dust"},"steel_compressed":{"textures":"textures/items/steel_compressed"},"advanced_circuit":{"textures":"textures/items/advanced_circuit"},"elite_circuit":{"textures":"textures/items/elite_circuit"},"gallium_circuit":{"textures":"textures/items/gallium_circuit"},"magnesium_compressed":{"textures":"textures/items/magnesium_compressed"},"niobium_compressed":{"textures":"textures/items/niobium_compressed"},"xp_berry":{"textures":"textures/mod/items/xp_berry"},"server_choose":{"textures":"textures/items/server_choose"},"ngphone":{"textures":"textures/items/ngphone"},"staff_basket":{"textures":"textures/items/staff_basket"},"staff_bell":{"textures":"textures/items/staff_bell"},"staff_black_chocolate":{"textures":"textures/items/staff_black_chocolate"},"staff_broken_easter_egg":{"textures":"textures/items/staff_broken_easter_egg"},"staff_bronze_egg":{"textures":"textures/items/staff_bronze_egg"},"staff_chocolate_bunny":{"textures":"textures/items/staff_chocolate_bunny"},"staff_chocolate_hen":{"textures":"textures/items/staff_chocolate_hen"},"staff_counter_geiger":{"textures":"textures/items/staff_counter_geiger"},"staff_dust_2":{"textures":"textures/items/staff_dust_2"},"staff_dust_3":{"textures":"textures/items/staff_dust_3"},"staff_dust_8":{"textures":"textures/items/staff_dust_8"},"staff_dust_11":{"textures":"textures/items/staff_dust_11"},"staff_dust_12":{"textures":"textures/items/staff_dust_12"},"staff_dust_13":{"textures":"textures/items/staff_dust_13"},"staff_easter_basket":{"textures":"textures/items/staff_easter_basket"},"staff_easter_bell":{"textures":"textures/items/staff_easter_bell"},"staff_easter_egg_0":{"textures":"textures/items/staff_easter_egg_0"},"staff_easter_egg_7":{"textures":"textures/items/staff_easter_egg_7"},"staff_easter_egg_8":{"textures":"textures/items/staff_easter_egg_8"},"staff_elec_circuit":{"textures":"textures/items/staff_elec_circuit"},"staff_explosive":{"textures":"textures/items/staff_explosive"},"staff_futurphone":{"textures":"textures/items/staff_futurphone"},"staff_gold_egg":{"textures":"textures/items/staff_gold_egg"},"staff_milk_chocolate":{"textures":"textures/items/staff_milk_chocolate"},"staff_silver_egg":{"textures":"textures/items/staff_silver_egg"},"staff_newspaper":{"textures":"textures/items/staff_newspaper"},"staff_white_chocolate":{"textures":"textures/items/staff_white_chocolate"},"staff_wire_0":{"textures":"textures/items/staff_wire_0"},"staff_wire_1":{"textures":"textures/items/staff_wire_1"},"staff_wire_2":{"textures":"textures/items/staff_wire_2"},"sunlight_boots":{"textures":"textures/items/sunlight_boots"},"sunlight_leggings":{"textures":"textures/items/sunlight_leggings"},"sunlight_chestplate":{"textures":"textures/items/sunlight_chestplate"},"sunlight_helmet":{"textures":"textures/items/sunlight_helmet"},"electric_repeater":{"textures":"textures/items/electric_repeater"},"upgrade_consumption":{"textures":"textures/items/upgrade_consumption"},"alpha_helmet":{"textures":"textures/items/alpha_helmet"},"alpha_chestplate":{"textures":"textures/items/alpha_chestplate"},"alpha_leggings":{"textures":"textures/items/alpha_leggings"},"alpha_boots":{"textures":"textures/items/alpha_boots"},"gamma_helmet":{"textures":"textures/items/gamma_helmet"},"gamma_chestplate":{"textures":"textures/items/gamma_chestplate"},"gamma_leggings":{"textures":"textures/items/gamma_leggings"},"gamma_boots":{"textures":"textures/items/gamma_boots"},"sigma_helmet":{"textures":"textures/items/sigma_helmet"},"sigma_chestplate":{"textures":"textures/items/sigma_chestplate"},"sigma_leggings":{"textures":"textures/items/sigma_leggings"},"sigma_boots":{"textures":"textures/items/sigma_boots"},"omega_helmet":{"textures":"textures/items/omega_helmet"},"omega_chestplate":{"textures":"textures/items/omega_chestplate"},"omega_leggings":{"textures":"textures/items/omega_leggings"},"omega_boots":{"textures":"textures/items/omega_boots"},"delta_helmet":{"textures":"textures/items/delta_helmet"},"delta_chestplate":{"textures":"textures/items/delta_chestplate"},"delta_leggings":{"textures":"textures/items/delta_leggings"},"delta_boots":{"textures":"textures/items/delta_boots"}}}