{"resource_pack_name":"nationsglory","texture_name":"atlas.terrain","num_mip_levels":4,"padding":8,"texture_data":{"xp_bush_default":{"textures":"textures/blocks/xp_bush_default"},"volcanite":{"textures":"textures/blocks/volcanite"},"carton":{"textures":"textures/blocks/carton"},"onyx_ore":{"textures":"textures/blocks/onyx_ore"},"brique_saumon":{"textures":"textures/blocks/brique_saumon"},"brique_basalt":{"textures":"textures/blocks/brique_basalt"},"bibliotheque":{"textures":"textures/blocks/bibliotheque"},"metal_cloute":{"textures":"textures/blocks/metal_cloute"},"parquet_fonce":{"textures":"textures/blocks/parquet_fonce"},"terre_sableuse":{"textures":"textures/blocks/terre_sableuse"},"fer_oxide":{"textures":"textures/blocks/fer_oxide"},"brique_orange":{"textures":"textures/blocks/brique_orange"},"brique_claire":{"textures":"textures/blocks/brique_claire"},"fer_noir":{"textures":"textures/blocks/fer_noir"},"desh_ore":{"textures":"textures/blocks/desh_ore"},"parquet_croise":{"textures":"textures/blocks/parquet_croise"},"verre_sombre":{"textures":"textures/blocks/verre_sombre"},"bloc_acier":{"textures":"textures/blocks/bloc_acier"},"carreaux_ciment":{"textures":"textures/blocks/carreaux_ciment"},"chaume_croise":{"textures":"textures/blocks/chaume_croise"},"marbre_sculpte":{"textures":"textures/blocks/marbre_sculpte"},"carreaux_marbre":{"textures":"textures/blocks/carreaux_marbre"},"pilier_marbre":{"textures":"textures/blocks/pilier_marbre"},"tuile_bleu":{"textures":"textures/blocks/tuile_bleu"},"tuile_rouge":{"textures":"textures/blocks/tuile_rouge"},"roche_blanche":{"textures":"textures/blocks/roche_blanche"},"roche_sculpte":{"textures":"textures/blocks/roche_sculpte"},"brique_rouge":{"textures":"textures/blocks/brique_rouge"},"roche_sombre":{"textures":"textures/blocks/roche_sombre"},"brique_sombre":{"textures":"textures/blocks/brique_sombre"},"brique_granite_white":{"textures":"textures/blocks/brique_granite_white"},"brique_grises":{"textures":"textures/blocks/brique_grises"},"bloc_chaux":{"textures":"textures/blocks/bloc_chaux"},"bloc_ardoise":{"textures":"textures/blocks/bloc_ardoise"},"chaume_claire":{"textures":"textures/blocks/chaume_claire"},"chaume_foncee":{"textures":"textures/blocks/chaume_foncee"},"brique_grises_foncee":{"textures":"textures/blocks/brique_grises_foncee"},"tuile_brown":{"textures":"textures/blocks/tuile_brown"},"brique_beiges":{"textures":"textures/blocks/brique_beiges"},"brique_rosees":{"textures":"textures/blocks/brique_rosees"},"bois_plaque":{"textures":"textures/blocks/bois_plaque"},"shadow_ore":{"textures":"textures/blocks/shadow_ore"},"verre_cyan":{"textures":"textures/blocks/verre_cyan"},"verre_gray":{"textures":"textures/blocks/verre_gray"},"verre_lime":{"textures":"textures/blocks/verre_lime"},"verre_magenta":{"textures":"textures/blocks/verre_magenta"},"verre_orange":{"textures":"textures/blocks/verre_orange"},"verre_red":{"textures":"textures/blocks/verre_red"},"stone_granite_brown":{"textures":"textures/blocks/stone_granite_brown"},"xp_bush_growth":{"textures":"textures/blocks/xp_bush_growth"},"reinforced_concrete":{"textures":"textures/blocks/reinforced_concrete"},"terracotta_shingles_gray":{"textures":"textures/blocks/terracotta_shingles_gray"},"terracotta_shingles_green":{"textures":"textures/blocks/terracotta_shingles_green"},"terracotta_shingles_light_blue":{"textures":"textures/blocks/terracotta_shingles_light_blue"},"terracotta_shingles_light_gray":{"textures":"textures/blocks/terracotta_shingles_light_gray"},"terracotta_shingles_lime":{"textures":"textures/blocks/terracotta_shingles_lime"},"terracotta_shingles_magenta":{"textures":"textures/blocks/terracotta_shingles_magenta"},"terracotta_shingles_orange":{"textures":"textures/blocks/terracotta_shingles_orange"},"terracotta_shingles_pink":{"textures":"textures/blocks/terracotta_shingles_pink"},"terracotta_shingles_purple":{"textures":"textures/blocks/terracotta_shingles_purple"},"terracotta_shingles_red":{"textures":"textures/blocks/terracotta_shingles_red"},"terracotta_shingles_white":{"textures":"textures/blocks/terracotta_shingles_white"},"terracotta_shingles_yellow":{"textures":"textures/blocks/terracotta_shingles_yellow"},"tiles-large":{"textures":"textures/blocks/tiles-large"},"tiles-medium":{"textures":"textures/blocks/tiles-medium"},"tiles-small":{"textures":"textures/blocks/tiles-small"},"warpedblinds":{"textures":"textures/blocks/warpedblinds"},"warpedbricks":{"textures":"textures/blocks/warpedbricks"},"twisted-top":{"textures":"textures/blocks/twisted-top"},"twisted-side":{"textures":"textures/blocks/twisted-side"},"acaciablinds":{"textures":"textures/blocks/acaciablinds"},"acaciabricks":{"textures":"textures/blocks/acaciabricks"},"acaciacrate":{"textures":"textures/blocks/acaciacrate"},"acaciaquarkedplanks":{"textures":"textures/blocks/acaciaquarkedplanks"},"bench_butcher_knives_top":{"textures":"textures/blocks/bench_butcher_knives_top"},"bench_butcher_knives_other":{"textures":"textures/blocks/bench_butcher_knives_other"},"bench_butcher_knives":{"textures":"textures/blocks/bench_butcher_knives"},"birchblinds":{"textures":"textures/blocks/birchblinds"},"birchbricks":{"textures":"textures/blocks/birchbricks"},"birchcrate":{"textures":"textures/blocks/birchcrate"},"birchquarkedplanks":{"textures":"textures/blocks/birchquarkedplanks"},"braid":{"textures":"textures/blocks/braid"},"brick_orange_small_top_ornate":{"textures":"textures/blocks/brick_orange_small_top_ornate"},"bricks-cracked":{"textures":"textures/blocks/bricks-cracked"},"bricks-encased":{"textures":"textures/blocks/bricks-encased"},"bricks-small":{"textures":"textures/blocks/bricks-small"},"bricks-soft":{"textures":"textures/blocks/bricks-soft"},"bricks-soft-cracked":{"textures":"textures/blocks/bricks-soft-cracked"},"bricks-solid":{"textures":"textures/blocks/bricks-solid"},"bricks-triple":{"textures":"textures/blocks/bricks-triple"},"chaotic-medium":{"textures":"textures/blocks/chaotic-medium"},"chaotic-small":{"textures":"textures/blocks/chaotic-small"},"circular":{"textures":"textures/blocks/circular"},"clearscreen":{"textures":"textures/blocks/clearscreen"},"cobaltdots":{"textures":"textures/blocks/cobaltdots"},"cobaltscaffold":{"textures":"textures/blocks/cobaltscaffold"},"copper_block_2":{"textures":"textures/blocks/cooper_block_2"},"copper_block_3":{"textures":"textures/blocks/cooper_block_3"},"copper_block_4":{"textures":"textures/blocks/cooper_block_4"},"cracked":{"textures":"textures/blocks/cracked"},"crate_3old":{"textures":"textures/blocks/crate_3old"},"crate_sapin":{"textures":"textures/blocks/crate_sapin"},"crimsonblinds":{"textures":"textures/blocks/crimsonblinds"},"crimsonbricks":{"textures":"textures/blocks/crimsonbricks"},"crimsoncrate":{"textures":"textures/blocks/crimsoncrate"},"crimsonquarkedplanks":{"textures":"textures/blocks/crimsonquarkedplanks"},"cut_gold":{"textures":"textures/blocks/cut_gold"},"cut_iron":{"textures":"textures/blocks/cut_iron"},"darkoakblinds":{"textures":"textures/blocks/darkoakblinds"},"darkoakbricks":{"textures":"textures/blocks/darkoakbricks"},"darkoakcrate":{"textures":"textures/blocks/darkoakcrate"},"darkoakquarkedplanks":{"textures":"textures/blocks/darkoakquarkedplanks"},"dent":{"textures":"textures/blocks/dent"},"french-1":{"textures":"textures/blocks/french-1"},"french-2":{"textures":"textures/blocks/french-2"},"gold_block_2":{"textures":"textures/blocks/gold_block_2"},"gold_block_3":{"textures":"textures/blocks/gold_block_3"},"gold_block_4":{"textures":"textures/blocks/gold_block_4"},"goldblock_scaffold":{"textures":"textures/blocks/goldblock_scaffold"},"goldblock5":{"textures":"textures/blocks/goldblock5"},"hazardgray":{"textures":"textures/blocks/hazardgray"},"hazardorange":{"textures":"textures/blocks/hazardorange"},"hazardred":{"textures":"textures/blocks/hazardred"},"hazardyellow":{"textures":"textures/blocks/hazardyellow"},"iron_block_2":{"textures":"textures/blocks/iron_block_2"},"iron_block_3":{"textures":"textures/blocks/iron_block_3"},"iron_block_4":{"textures":"textures/blocks/iron_block_4"},"jungle_stone":{"textures":"textures/blocks/jungle_stone"},"jungleblinds":{"textures":"textures/blocks/jungleblinds"},"junglebricks":{"textures":"textures/blocks/junglebricks"},"junglecrate":{"textures":"textures/blocks/junglecrate"},"junglequarkedplanks":{"textures":"textures/blocks/junglequarkedplanks"},"keystone_netherbrick":{"textures":"textures/blocks/keystone_netherbrick"},"lablargesteel-side":{"textures":"textures/blocks/lablargesteel-side"},"labsmallsteel-side":{"textures":"textures/blocks/labsmallsteel-side"},"log_cherry":{"textures":"textures/blocks/log_cherry"},"log_cherry_top":{"textures":"textures/blocks/log_cherry_top"},"log_cherry_vert":{"textures":"textures/blocks/log_cherry_vert"},"log_dark":{"textures":"textures/blocks/log_dark"},"log_dark_top":{"textures":"textures/blocks/log_dark_top"},"log_eucalyptus":{"textures":"textures/blocks/log_eucalyptus"},"log_eucalyptus_top":{"textures":"textures/blocks/log_eucalyptus_top"},"metal_3":{"textures":"textures/blocks/metal_3"},"metal_4":{"textures":"textures/blocks/metal_4"},"metal_5":{"textures":"textures/blocks/metal_5"},"metal_6":{"textures":"textures/blocks/metal_6"},"metaldots":{"textures":"textures/blocks/metaldots"},"metalscaffold":{"textures":"textures/blocks/metalscaffold"},"mosaic":{"textures":"textures/blocks/mosaic"},"oakblinds":{"textures":"textures/blocks/oakblinds"},"oakbricks":{"textures":"textures/blocks/oakbricks"},"oakcrate":{"textures":"textures/blocks/oakcrate"},"oakquarkedplanks":{"textures":"textures/blocks/oakquarkedplanks"},"ornate":{"textures":"textures/blocks/ornate"},"panel":{"textures":"textures/blocks/panel"},"pillar-side":{"textures":"textures/blocks/pillar-side"},"pillar-top":{"textures":"textures/blocks/pillar-top"},"plank_eucalyptus":{"textures":"textures/blocks/plank_eucalyptus"},"planks_black_mapple":{"textures":"textures/blocks/planks_black_mapple"},"planks_cherry":{"textures":"textures/blocks/planks_cherry"},"prism":{"textures":"textures/blocks/prism"},"road":{"textures":"textures/blocks/road"},"rubydots":{"textures":"textures/blocks/rubydots"},"rubyscaffold":{"textures":"textures/blocks/rubyscaffold"},"sand_brick":{"textures":"textures/blocks/sand_brick"},"sand_brick_small":{"textures":"textures/blocks/sand_brick_small"},"sand_brick_square":{"textures":"textures/blocks/sand_brick_square"},"sand_brick_square_small":{"textures":"textures/blocks/sand_brick_square_small"},"sand_carved":{"textures":"textures/blocks/sand_carved"},"sand_carved_2":{"textures":"textures/blocks/sand_carved_2"},"scienceblock":{"textures":"textures/blocks/scienceblock"},"scienceblock-dark":{"textures":"textures/blocks/scienceblock-dark"},"scienceblock-dark-tiles-small":{"textures":"textures/blocks/scienceblock-dark-tiles-small"},"scienceblock-tiles-small":{"textures":"textures/blocks/scienceblock-tiles-small"},"smalltile":{"textures":"textures/blocks/smalltile"},"spruceblinds":{"textures":"textures/blocks/spruceblinds"},"sprucebricks":{"textures":"textures/blocks/sprucebricks"},"sprucecrate":{"textures":"textures/blocks/sprucecrate"},"sprucequarkedplanks":{"textures":"textures/blocks/sprucequarkedplanks"},"steeldots":{"textures":"textures/blocks/steeldots"},"steelscaffold":{"textures":"textures/blocks/steelscaffold"},"stone_andesite_brick":{"textures":"textures/blocks/stone_andesite_brick"},"stone_andesite_carved":{"textures":"textures/blocks/stone_andesite_carved"},"stone_andesite_chiseled_1":{"textures":"textures/blocks/stone_andesite_chiseled_1"},"stone_andesite_chiseled_2":{"textures":"textures/blocks/stone_andesite_chiseled_2"},"stone_andesite_chiseled_3":{"textures":"textures/blocks/stone_andesite_chiseled_3"},"stone_andesite_chiseled_5":{"textures":"textures/blocks/stone_andesite_chiseled_5"},"stone_andesite_chiseled_6":{"textures":"textures/blocks/stone_andesite_chiseled_6"},"stone_andesite_redstone":{"textures":"textures/blocks/stone_andesite_redstone"},"stone_andesite_smooth_1":{"textures":"textures/blocks/stone_andesite_smooth_1"},"stone_base_chiseled_1":{"textures":"textures/blocks/stone_base_chiseled_1"},"stone_base_chiseled_2":{"textures":"textures/blocks/stone_base_chiseled_2"},"stone_base_chiseled_3":{"textures":"textures/blocks/stone_base_chiseled_3"},"stone_base_chiseled_5":{"textures":"textures/blocks/stone_base_chiseled_5"},"stone_base_chiseled_6":{"textures":"textures/blocks/stone_base_chiseled_6"},"stone_black_brick_small":{"textures":"textures/blocks/stone_black_brick_small"},"stone_black_brick_square":{"textures":"textures/blocks/stone_black_brick_square"},"stone_black_brick_square_small":{"textures":"textures/blocks/stone_black_brick_square_small"},"stone_black_carved":{"textures":"textures/blocks/stone_black_carved"},"stone_black_carved_2":{"textures":"textures/blocks/stone_black_carved_2"},"stone_diorite_brick":{"textures":"textures/blocks/stone_diorite_brick"},"stone_diorite_carved":{"textures":"textures/blocks/stone_diorite_carved"},"stone_diorite_chiseled_1":{"textures":"textures/blocks/stone_diorite_chiseled_1"},"stone_diorite_chiseled_2":{"textures":"textures/blocks/stone_diorite_chiseled_2"},"stone_diorite_chiseled_5":{"textures":"textures/blocks/stone_diorite_chiseled_5"},"stone_diorite_chiseled_6":{"textures":"textures/blocks/stone_diorite_chiseled_6"},"stone_diorite_floor_2":{"textures":"textures/blocks/stone_diorite_floor_2"},"stone_diorite_gold":{"textures":"textures/blocks/stone_diorite_gold"},"stone_granite":{"textures":"textures/blocks/stone_granite"},"stone_granite_brick":{"textures":"textures/blocks/stone_granite_brick"},"stone_granite_carved":{"textures":"textures/blocks/stone_granite_carved"},"stone_granite_chiseled_1":{"textures":"textures/blocks/stone_granite_chiseled_1"},"stone_granite_chiseled_2":{"textures":"textures/blocks/stone_granite_chiseled_2"},"stone_granite_chiseled_3":{"textures":"textures/blocks/stone_granite_chiseled_3"},"stone_granite_chiseled_5":{"textures":"textures/blocks/stone_granite_chiseled_5"},"stone_granite_chiseled_6":{"textures":"textures/blocks/stone_granite_chiseled_6"},"stone_granite_lapis":{"textures":"textures/blocks/stone_granite_lapis"},"stone_green_brick":{"textures":"textures/blocks/stone_green_brick"},"stone_green_brick_small":{"textures":"textures/blocks/stone_green_brick_small"},"stone_green_brick_square":{"textures":"textures/blocks/stone_green_brick_square"},"stone_green_brick_square_small":{"textures":"textures/blocks/stone_green_brick_square_small"},"stone_green_carved":{"textures":"textures/blocks/stone_green_carved"},"stone_green_carved_2":{"textures":"textures/blocks/stone_green_carved_2"},"stone_jungle_brick":{"textures":"textures/blocks/stone_jungle_brick"},"stone_jungle_carved":{"textures":"textures/blocks/stone_jungle_carved"},"stone_jungle_chiseled_1":{"textures":"textures/blocks/stone_jungle_chiseled_1"},"stone_jungle_chiseled_2":{"textures":"textures/blocks/stone_jungle_chiseled_2"},"stone_jungle_chiseled_3":{"textures":"textures/blocks/stone_jungle_chiseled_3"},"stone_jungle_chiseled_5":{"textures":"textures/blocks/stone_jungle_chiseled_5"},"stone_jungle_chiseled_6":{"textures":"textures/blocks/stone_jungle_chiseled_6"},"stone_jungle_clay":{"textures":"textures/blocks/stone_jungle_clay"},"stone_jungle_emerald":{"textures":"textures/blocks/stone_jungle_emerald"},"stone_jungle_smooth":{"textures":"textures/blocks/stone_jungle_smooth"},"stone_red_brick":{"textures":"textures/blocks/stone_red_brick"},"stone_red_brick_small":{"textures":"textures/blocks/stone_red_brick_small"},"stone_red_brick_square":{"textures":"textures/blocks/stone_red_brick_square"},"stone_red_brick_square_small":{"textures":"textures/blocks/stone_red_brick_square_small"},"stone_red_carved":{"textures":"textures/blocks/stone_red_carved"},"stone_red_carved_2":{"textures":"textures/blocks/stone_red_carved_2"},"stone_yellow_brick":{"textures":"textures/blocks/stone_yellow_brick"},"stone_yellow_brick_small":{"textures":"textures/blocks/stone_yellow_brick_small"},"stone_yellow_brick_square":{"textures":"textures/blocks/stone_yellow_brick_square"},"stone_yellow_brick_square_small":{"textures":"textures/blocks/stone_yellow_brick_square_small"},"stone_yellow_carved":{"textures":"textures/blocks/stone_yellow_carved"},"stone_yellow_carved_2":{"textures":"textures/blocks/stone_yellow_carved_2"},"terracotta_shingles":{"textures":"textures/blocks/terracotta_shingles"},"terracotta_shingles_black":{"textures":"textures/blocks/terracotta_shingles_black"},"terracotta_shingles_blue":{"textures":"textures/blocks/terracotta_shingles_blue"},"terracotta_shingles_brown":{"textures":"textures/blocks/terracotta_shingles_brown"},"terracotta_shingles_cyan":{"textures":"textures/blocks/terracotta_shingles_cyan"},"warpedcrate":{"textures":"textures/blocks/warpedcrate"},"warpedquarkedplanks":{"textures":"textures/blocks/warpedquarkedplanks"},"weaver":{"textures":"textures/blocks/weaver"},"wireframewhite":{"textures":"textures/blocks/wireframewhite"}}}