{"version":1,"content":[{"path":"manifest.json"},{"path":"pack_icon.png"},{"path":"animations/animation.wheel_turn_z.json","key":"Lp15EhpLFLBd9ulf82E5nCKk0SSxMwWw"},{"path":"animations/ent_animation.json","key":"TsEHkRfZqPEwze30QtW5epjGfDMCsoxV"},{"path":"animations/eye.animation.json","key":"bS2NUuwG3AIPWtNONBcuNQBNTK3ZeJaK"},{"path":"animations/MiniBoss.animation.json","key":"TtsQjD65MgIIP0FVYyK900ZRq2wJgWiL"},{"path":"animations/mr_zoth.animation.json","key":"GVKw5674vqywmICpXZUbhieZDicl9pMP"},{"path":"animations/mr_zoth_tent.animation.json","key":"mnF2w9L5CEIlad2rEfKHi8QPcEPv2RZs"},{"path":"animations/mummy.animation.json","key":"W9H0oorySEe9MoaQy0x1fLjNpac1sK3n"},{"path":"animations/mutant.animation.json","key":"Po8aBCcNPxF4lYZwA8ZMnJuXXf3pFzDa"},{"path":"animations/yeti.animation.json","key":"FE2sNZCpT7jmYRlgaLJVLwAnjr19k5xW"},{"path":"animations/z_last.animation.json","key":"qLVnBmuMTPvSLVHbIN5Sr1A7SMmHwME2"},{"path":"animation_controllers/base.json","key":"UF8bXUMDaBIhWN9cPlkCIA9uMW7tHxXG"},{"path":"animation_controllers/doll.animation_controllers.json","key":"RHRZd6TU80JE5XvKQfXnZJmympuY7QxB"},{"path":"animation_controllers/eye.animation_controllers.json","key":"VFEbJtrtq6IGU31U5kzQsstnrFufYXw0"},{"path":"animation_controllers/move.animation_controllers.json","key":"EeJumC9DlWOxShPG1wL7Juxa2IBI31Ac"},{"path":"animation_controllers/mummy.animation_controllers.json","key":"WL6KifE8y03OPJfxNrZXLbm3tXVFkKII"},{"path":"animation_controllers/mutant.animation_controllers.json","key":"gI1ar0PbnghaqtqFTVvTeKhAcIX9SiKr"},{"path":"animation_controllers/waer_controller.json","key":"pHbuEpKj0wf6uMtfBN8SjAJnqrQ0QhAg"},{"path":"animation_controllers/z_last.animation_controllers.json","key":"AFo7j0j20na7h2RTeRwUM08eSywDJpyJ"},{"path":"entity/acid_plant.json","key":"NOhe9A1tA5FCyTrKvHkwNX6KevAeQga6"},{"path":"entity/eye.json","key":"8TfbKyIDrlT17qugdCOQrU07gCZBCNEx"},{"path":"entity/fire_worm.json","key":"hpkcAYcsR4Lc1XKptUBjoE6y7NMzOS7w"},{"path":"entity/goblin.json","key":"omXWSZn1CIkKRfEz5NiYHepW3AzPC1gl"},{"path":"entity/harpy.json","key":"WKASGKfHBqS4ind7Pzo6TKbt7L9AtLlb"},{"path":"entity/mboss.json","key":"7VdOTH4uXaqVVTLofohybgWU7DZhhfRs"},{"path":"entity/mummy.json","key":"pF0cWbbBuPoxgzQy5s2YdbCOZ5HYqvQH"},{"path":"entity/ogr.json","key":"h9eT2BWwL8WjWnliP4YYXt5I53fut5Qt"},{"path":"entity/squirrel.json","key":"RtcnK6ZFCMdj8j9oECD7irrxtY2voNiI"},{"path":"entity/yeti.json","key":"MOWtKDrUIohfFrnVAhdd7ThPmqbs3UPi"},{"path":"materials/entity.material","key":"sdHNE1ISlGxuDkPCkKs369ZHNKxFbifZ"},{"path":"materials/entity_1.material","key":"FWkLjeCVHjAaXPUvPdfdnlH5egqMoOUJ"},{"path":"materials/entity_3.material","key":"xZT06Me5PWsI2NLHCGz7IsARlQmf1AmQ"},{"path":"materials/entity_4.material","key":"8POKUwNSC3DzdwBC7d0ZQHgcgEwZsZTG"},{"path":"render_controllers/default.json","key":"AovAOSpYlvczxjAL0rEx9L0qp8gERj56"},{"path":"render_controllers/default_0.json","key":"NkUXFwoDq0ahxU59K7VkjMtGQJrwrels"},{"path":"render_controllers/default_1.json","key":"LnfQsdee9Il9IszQgvXeINKHKuTyMQdx"},{"path":"render_controllers/default_4.json","key":"RPGZE7V6SoeFnzvOYiHN2brBZ86U54fb"},{"path":"render_controllers/united.json","key":"z4ZlUkynFZbbm71eM4RtyUH6URXvIWfb"},{"path":"models/entity/acid_plant.json"},{"path":"models/entity/eye.json"},{"path":"models/entity/fire_worm.json"},{"path":"models/entity/goblin.json"},{"path":"models/entity/harpy.json"},{"path":"models/entity/mboss.json"},{"path":"models/entity/mummy.json"},{"path":"models/entity/ogr.json"},{"path":"models/entity/Squirrel.json"},{"path":"models/entity/yeti.json"},{"path":"textures/entity/acid_plant/acid_plant.png","key":"h8oIyTzvkmQsnPns5yCuVYP8dgr4tjcy"},{"path":"textures/entity/eye/eye.png","key":"N0itgayF2mdzgVGES5H0bIWmafmCSF1Y"},{"path":"textures/entity/fire_worm/fire_worm.png","key":"BEJB9g4Txtwh9DHdnvaeSBNTwfpei5DI"},{"path":"textures/entity/goblin/goblin.png","key":"2uNvD7FnZjxNlw5nvCMd9AI8fKU59REk"},{"path":"textures/entity/harpy/harpy.png","key":"lv7GjYedBvHj6plVqaJcTXmDNOhJIswc"},{"path":"textures/entity/mboss/0.png","key":"JjosqvnLxxwWrg5gntx8bhiXtWVC0Pyj"},{"path":"textures/entity/mummy/0.png","key":"qO1LrpXLUBVDPIzIWV2AFMQSywqrsCB9"},{"path":"textures/entity/ogr/ogr.png","key":"K24Azk7ILyIoMSDoLlsBs22NIoJuzJP1"},{"path":"textures/entity/squirrel/squirrel.png","key":"ENTPerTiW70TbICa0oEgSKE1axKf0dMN"},{"path":"textures/entity/yeti/0.png","key":"d4W1aucmvEb2VmPND0XAdotynV6yq1A4"},{"path":"signatures.json","key":"sVPEnv0ffIi3qRoRVZ2bcTzcE4cQS8hE"}]}