[{"hash":"Otkvz1IvT1xHALEfGFrdOa8GD08CjrG1EEbpAYS7J6A=","path":"manifest.json"},{"hash":"ag39u5CszHyCiUl0LKaKS02CTSYWIvl5Kfnq5AoZqfY=","path":"pack_icon.png"},{"hash":"QBspWkuz6intoULBU5SD1tnnO76kPnOC4WSIm5Tncgs=","path":"models/entity/acid_plant.json"},{"hash":"hR8uuEG1pEPg4jnj2MXge6oSZDXMhOakKCrvOzdXnkU=","path":"models/entity/eye.json"},{"hash":"XV7QrpWuHxyhfN705K4qtwX7CWcf7CUA6jY2PqU5nQU=","path":"models/entity/fire_worm.json"},{"hash":"48ydx2jTmGD8eSK47mfb0rvPLYcFuPwn8nVQaloi+9A=","path":"models/entity/goblin.json"},{"hash":"FXO/3ZkEwxHtkZl4j0tgy3xZzs0fvn+KqxkUDe/pjcY=","path":"models/entity/harpy.json"},{"hash":"tpDNgansenqW5sS8mGdXWS1z/jIDkNx64W5G5JeC8WY=","path":"models/entity/mboss.json"},{"hash":"AiYVGlYNsh2e6/oUyseG5GDiW8Ns6uL8Ug9YwiO/i70=","path":"models/entity/mummy.json"},{"hash":"ONKv15cYsJTfOShQQ+UYCqdTg5Jzut+e1RY/2kMsYu8=","path":"models/entity/ogr.json"},{"hash":"lX+FhG3lMwzVogvBmdJ43uOWwBS7pU4OtoX0sTJ+N98=","path":"models/entity/Squirrel.json"},{"hash":"j63w9VisGGGM7rEIWJkHlHfukPCPEQc8WvKMUFpjGMY=","path":"models/entity/yeti.json"}]