{
	"namespace": "server_form",
	"third_party_server_screen@common.base_screen": {
		"$screen_content": "server_form.endiorite_main_content",
		"button_mappings": [
			{
				"from_button_id": "button.menu_cancel",
				"to_button_id": "button.menu_exit",
				"mapping_type": "global"
			}
		]
	},
	"endiorite_main_content": {
		"type": "panel",
		"size": [
			"100%",
			"100%"
		],
		"controls": [
			{
				"server_form_factory": {
					"type": "factory",
					"control_ids": {
						"long_form": "@server_form.endiorite_long_form_selection",
						"custom_form": "@server_form.custom_form"
					}
				}
			}
		]
	},
	"endiorite_custom_form_selection": {
		"type": "panel",
		"$trixium_deposite": "fr.endiorite.trixium.deposite.test",
		"size": [
			"100%",
			"100%"
		],
		"controls": [
			{
				"custom_form@custom_form": {
					"bindings": [
						{
							"binding_type": "global",
							"binding_condition": "none",
							"binding_name": "#title_text",
							"binding_name_override": "#title_text"
						},
						{
							"source_property_name": "(((#title_text - $trixium_deposite) = #title_text))",
							"binding_type": "view",
							"target_property_name": "#visible"
						}
					]
				}
			} /*,
			{
				"trixium_menu_deposite@server_trixium_deposite.main": {
					"bindings": [
						{
							"binding_type": "global",
							"binding_condition": "none",
							"binding_name": "#title_text",
							"binding_name_override": "#title_text"
						},
						{
							"source_property_name": "(not ((#title_text - $trixium_deposite) = #title_text))",
							"binding_type": "view",
							"target_property_name": "#visible"
						}
					]
				}
			}
			*/
		]
	},
	"endiorite_long_form_selection": {
		"type": "panel",
		"$flag1": "fr.endiorite.job",
		"$flag2": "fr.endiorite.server",
		"$flag3": "fr.endiorite.trixium",
		"size": [
			"100%",
			"100%"
		],
		"controls": [
			{
				"long_form@long_form": {
					"bindings": [
						{
							"binding_type": "global",
							"binding_condition": "none",
							"binding_name": "#title_text",
							"binding_name_override": "#title_text"
						},
						{
							"source_property_name": "(((#title_text - $flag1) = #title_text) and ((#title_text - $flag2) = #title_text) and ((#title_text - $flag3) = #title_text))",
							"binding_type": "view",
							"target_property_name": "#visible"
						}
					]
				}
			},
			{
				"endiorite_main@server_job.main": {
					"bindings": [
						{
							"binding_type": "global",
							"binding_condition": "none",
							"binding_name": "#title_text",
							"binding_name_override": "#title_text"
						},
						{
							"source_property_name": "(not ((#title_text - $flag1) = #title_text))",
							"binding_type": "view",
							"target_property_name": "#visible"
						}
					]
				}
			},
			{
				"endiorite_server@server_list.main": {
					"bindings": [
						{
							"binding_type": "global",
							"binding_condition": "none",
							"binding_name": "#title_text",
							"binding_name_override": "#title_text"
						},
						{
							"source_property_name": "(not ((#title_text - $flag2) = #title_text))",
							"binding_type": "view",
							"target_property_name": "#visible"
						}
					]
				}
			} /*,
			{
				"endiorite_trixium@server_trixium.main": {
					"bindings": [
						{
							"binding_type": "global",
							"binding_condition": "none",
							"binding_name": "#title_text",
							"binding_name_override": "#title_text"
						},
						{
							"source_property_name": "(not ((#title_text - $flag3) = #title_text))",
							"binding_type": "view",
							"target_property_name": "#visible"
						}
					]
				}
			}
			*/
		]
	}
}