{
  "format_version": "1.8.0",
  "minecraft:client_entity": {
    "description": {
      "geometry": {
        "default": "geometry.cubecraft.flag.food_bundle.fruitropes"
      },
      "identifier": "cubecraft:flag.fruitropes",
      "materials": {
        "default": "entity_alphatest"
      },
      "render_controllers": [
        "controller.render.flag"
      ],
      "textures": {
        "blue": "textures/cc/flag/fruit_ropes_blue",
        "red": "textures/cc/flag/fruit_ropes_red"
      }
    }
  }
}