{
  "format_version": "1.8.0",
  "minecraft:client_entity": {
    "description": {
      "animation_controllers": [
        {
          "general": "controller.animation.generic.single"
        }
      ],
      "animations": {
        "default": "animation.orbstaff.orbstaff_flagskin_22.flag.animation.flag.skin.idle"
      },
      "geometry": {
        "default": "geometry.cubecraft.flag.orbstaff_flagskin_22.orbstaff"
      },
      "identifier": "cubecraft:flagskin.orbstaff",
      "materials": {
        "default": "entity_alphatest"
      },
      "render_controllers": [
        "controller.render.flag"
      ],
      "textures": {
        "blue": "textures/cc/flag/orb_staff_blue",
        "red": "textures/cc/flag/orb_staff_red"
      }
    }
  }
}