{
  "format_version": "1.8.0",
  "minecraft:client_entity": {
    "description": {
      "animation_controllers": [
        {
          "general": "controller.animation.generic.single"
        }
      ],
      "animations": {
        "default": "animation.flag.pirate.idle"
      },
      "geometry": {
        "default": "geometry.flag.pirate"
      },
      "identifier": "cubecraft:flag.pirate",
      "materials": {
        "default": "entity_alphatest"
      },
      "render_controllers": [
        "controller.render.flag.animated"
      ],
      "textures": {
        "blue": "textures/cc/flag/pirate_blue",
        "red": "textures/cc/flag/pirate_red"
      }
    }
  }
}