{"format_version":"1.12.0","minecraft:geometry":[{"bones":[{"cubes":[{"origin":[-4.5,0.5,-3.5],"size":[9,3,7],"uv":{"down":{"uv":[0,6],"uv_size":[2.25,-1.75]},"east":{"uv":[7.375,3.875],"uv_size":[1.75,0.75]},"north":{"uv":[2.375,5.875],"uv_size":[2.25,0.75]},"south":{"uv":[4.75,5.875],"uv_size":[2.25,0.75]},"up":{"uv":[2.625,4],"uv_size":[2.25,1.75]},"west":{"uv":[7.375,4.75],"uv_size":[1.75,0.75]}}},{"origin":[-4.5,4.5,-3.5],"size":[9,1.5,7],"uv":{"down":{"uv":[5.125,1.75],"uv_size":[2.25,-1.75]},"east":{"uv":[4.75,7.5],"uv_size":[1.75,0.375]},"north":{"uv":[7.125,7.375],"uv_size":[2.25,0.375]},"south":{"uv":[7.5,0],"uv_size":[2.25,0.375]},"up":{"uv":[5,4],"uv_size":[2.25,1.75]},"west":{"uv":[2.375,7.625],"uv_size":[1.75,0.375]}}},{"origin":[-4.5,6,-1.5],"size":[9,0.5,3],"uv":{"down":{"uv":[2.375,7.5],"uv_size":[2.25,-0.75]},"east":{"uv":[8.625,10.75],"uv_size":[0.75,0.125]},"north":{"uv":[2,8.375],"uv_size":[2.25,0.125]},"south":{"uv":[4.375,8.5],"uv_size":[2.25,0.125]},"up":{"uv":[0,6.125],"uv_size":[2.25,0.75]},"west":{"uv":[10.75,9],"uv_size":[0.75,0.125]}}},{"origin":[-4.4875,6.5,-3.70711],"pivot":[4,6,-4.20711],"rotation":[-45,0,0],"size":[8.975,2.5,1.5],"uv":{"down":{"uv":[7.5,1.375],"uv_size":[2.25,-0.375]},"east":{"uv":[0.75,9],"uv_size":[0.375,0.625]},"north":{"uv":[4.75,6.75],"uv_size":[2.25,0.625]},"south":{"uv":[0,7],"uv_size":[2.25,0.625]},"up":{"uv":[7.5,0.5],"uv_size":[2.25,0.375]},"west":{"uv":[1.25,9],"uv_size":[0.375,0.625]}}},{"origin":[-4.4875,6.5,2.20711],"pivot":[4,6,4.20711],"rotation":[45,0,0],"size":[8.975,2.5,1.5],"uv":{"down":{"uv":[7.5,2.375],"uv_size":[2.25,-0.375]},"east":{"uv":[1.75,9],"uv_size":[0.375,0.625]},"north":{"uv":[7.125,5.875],"uv_size":[2.25,0.625]},"south":{"uv":[7.125,6.625],"uv_size":[2.25,0.625]},"up":{"uv":[7.5,1.5],"uv_size":[2.25,0.375]},"west":{"uv":[2.25,9],"uv_size":[0.375,0.625]}}},{"origin":[-4.475,6.26777,-1.73224],"size":[8.95,1.5,3.475],"uv":{"down":{"uv":[5.125,3.75],"uv_size":[2.25,-0.875]},"east":{"uv":[0,8.125],"uv_size":[0.875,0.375]},"north":{"uv":[7.5,2.5],"uv_size":[2.25,0.375]},"south":{"uv":[7.5,3],"uv_size":[2.25,0.375]},"up":{"uv":[5.125,1.875],"uv_size":[2.25,0.875]},"west":{"uv":[1,8.125],"uv_size":[0.875,0.375]}}},{"origin":[3.5,0,-4],"size":[1.5,1.5,1.5],"uv":{"down":{"uv":[8.375,10.125],"uv_size":[0.375,-0.375]},"east":{"uv":[9.5,8.5],"uv_size":[0.375,0.375]},"north":{"uv":[9.5,7.625],"uv_size":[0.375,0.375]},"south":{"uv":[6.875,9.75],"uv_size":[0.375,0.375]},"up":{"uv":[7.875,9.75],"uv_size":[0.375,0.375]},"west":{"uv":[7.375,9.75],"uv_size":[0.375,0.375]}}},{"origin":[3.75,1.5,-3.75],"size":[1,2,1],"uv":{"down":{"uv":[5.875,11.25],"uv_size":[0.25,-0.25]},"east":{"uv":[10.375,2.5],"uv_size":[0.25,0.5]},"north":{"uv":[9.375,10.125],"uv_size":[0.25,0.5]},"south":{"uv":[10.375,3.125],"uv_size":[0.25,0.5]},"up":{"uv":[3.25,11],"uv_size":[0.25,0.25]},"west":{"uv":[10.375,5.375],"uv_size":[0.25,0.5]}}},{"origin":[-4.75,1.5,-3.75],"size":[1,2,1],"uv":{"down":{"uv":[6.625,11.375],"uv_size":[0.25,-0.25]},"east":{"uv":[10.375,6.625],"uv_size":[0.25,0.5]},"north":{"uv":[10.375,6],"uv_size":[0.25,0.5]},"south":{"uv":[10.5,3.75],"uv_size":[0.25,0.5]},"up":{"uv":[5.125,11.125],"uv_size":[0.25,0.25]},"west":{"uv":[10.5,4.375],"uv_size":[0.25,0.5]}}},{"origin":[-5,3.5,-4],"size":[10,1,8],"uv":{"down":{"uv":[0,4.125],"uv_size":[2.5,-2]},"east":{"uv":[0,7.75],"uv_size":[2,0.25]},"north":{"uv":[7.5,3.5],"uv_size":[2.5,0.25]},"south":{"uv":[6.625,7.875],"uv_size":[2.5,0.25]},"up":{"uv":[0,0],"uv_size":[2.5,2]},"west":{"uv":[4.25,8],"uv_size":[2,0.25]}}},{"origin":[-4.75,0,-3.75],"size":[9.5,0.5,7.5],"uv":{"down":{"uv":[2.625,3.875],"uv_size":[2.375,-1.875]},"east":{"uv":[2,8.125],"uv_size":[1.875,0.125]},"north":{"uv":[7.375,5.625],"uv_size":[2.375,0.125]},"south":{"uv":[6.375,8.25],"uv_size":[2.375,0.125]},"up":{"uv":[2.625,0],"uv_size":[2.375,1.875]},"west":{"uv":[8.875,8.25],"uv_size":[1.875,0.125]}}},{"origin":[-5,0,-4],"size":[1.5,1.5,1.5],"uv":{"down":{"uv":[9.875,1.375],"uv_size":[0.375,-0.375]},"east":{"uv":[9.75,9],"uv_size":[0.375,0.375]},"north":{"uv":[8.875,9.75],"uv_size":[0.375,0.375]},"south":{"uv":[9.75,9.5],"uv_size":[0.375,0.375]},"up":{"uv":[9.875,0.5],"uv_size":[0.375,0.375]},"west":{"uv":[9.875,0],"uv_size":[0.375,0.375]}}},{"origin":[-0.75,1.875,-3.975],"pivot":[0,2.625,-3.225],"rotation":[0,0,-45],"size":[1,1,1.5],"uv":{"down":{"uv":[8.25,11.125],"uv_size":[0.25,-0.375]},"east":{"uv":[10.75,6.875],"uv_size":[0.375,0.25]},"north":{"uv":[11.125,10],"uv_size":[0.25,0.25]},"south":{"uv":[10.125,11.125],"uv_size":[0.25,0.25]},"up":{"uv":[7.875,10.75],"uv_size":[0.25,0.375]},"west":{"uv":[7.375,10.75],"uv_size":[0.375,0.25]}}},{"origin":[-0.5875,2.275,-3.9875],"pivot":[0,2.8625,-3.2375],"rotation":[0,0,-45],"size":[0.3375,0.3375,0],"uv":{"down":{"uv":[5.375,3.875],"uv_size":[0.125,0]},"east":{"uv":[4.875,9.375],"uv_size":[0,0.125]},"north":{"uv":[6.375,8],"uv_size":[0.125,0.125]},"south":{"uv":[4,8.125],"uv_size":[0.125,0.125]},"up":{"uv":[5.125,3.875],"uv_size":[0.125,0]},"west":{"uv":[2.75,9.5],"uv_size":[0,0.125]}}},{"origin":[-0.5875,2.775,-4],"pivot":[0,3.3625,-3.25],"rotation":[0,0,-45],"size":[0.3375,0.3375,0],"uv":{"down":{"uv":[5.375,3.875],"uv_size":[0.125,0]},"east":{"uv":[4.875,9.375],"uv_size":[0,0.125]},"north":{"uv":[6.375,8],"uv_size":[0.125,0.125]},"south":{"uv":[4,8.125],"uv_size":[0.125,0.125]},"up":{"uv":[5.125,3.875],"uv_size":[0.125,0]},"west":{"uv":[2.75,9.5],"uv_size":[0,0.125]}}},{"origin":[-1.25,1.75,-3.7375],"pivot":[0,3,-2.9875],"rotation":[0,0,-45],"size":[1.5,1.5,1.5],"uv":{"down":{"uv":[8.875,10.625],"uv_size":[0.375,-0.375]},"east":{"uv":[6.875,10.25],"uv_size":[0.375,0.375]},"north":{"uv":[4.375,10.25],"uv_size":[0.375,0.375]},"south":{"uv":[7.375,10.25],"uv_size":[0.375,0.375]},"up":{"uv":[8.375,10.25],"uv_size":[0.375,0.375]},"west":{"uv":[7.875,10.25],"uv_size":[0.375,0.375]}}},{"origin":[-0.5,0,-4],"size":[1,1,1.5],"uv":{"down":{"uv":[2,11],"uv_size":[0.25,-0.375]},"east":{"uv":[6.625,7.5],"uv_size":[0.375,0.25]},"north":{"uv":[3.375,9.75],"uv_size":[0.25,0.25]},"south":{"uv":[2.875,11],"uv_size":[0.25,0.25]},"up":{"uv":[10.5,8.5],"uv_size":[0.25,0.375]},"west":{"uv":[4.25,7.625],"uv_size":[0.375,0.25]}}},{"origin":[-1,3.25,-4.5],"size":[2,2,1],"uv":{"down":{"uv":[10.5,8.125],"uv_size":[0.5,-0.25]},"east":{"uv":[0.75,10.625],"uv_size":[0.25,0.5]},"north":{"uv":[3.75,8.625],"uv_size":[0.5,0.5]},"south":{"uv":[4.375,8.75],"uv_size":[0.5,0.5]},"up":{"uv":[10.5,5],"uv_size":[0.5,0.25]},"west":{"uv":[1.125,10.625],"uv_size":[0.25,0.5]}}},{"origin":[-0.70711,2.27145,-3.9875],"size":[1.4125,1.5,1.5],"uv":{"down":{"uv":[10.375,2.375],"uv_size":[0.375,-0.375]},"east":{"uv":[10.375,0],"uv_size":[0.375,0.375]},"north":{"uv":[10.25,10],"uv_size":[0.375,0.375]},"south":{"uv":[10.375,0.5],"uv_size":[0.375,0.375]},"up":{"uv":[10.375,1.5],"uv_size":[0.375,0.375]},"west":{"uv":[10.375,1],"uv_size":[0.375,0.375]}}},{"origin":[-1.06066,2.2929,-3.75],"size":[2.125,1.5,1.5],"uv":{"down":{"uv":[8.75,9.625],"uv_size":[0.5,-0.375]},"east":{"uv":[10.25,9],"uv_size":[0.375,0.375]},"north":{"uv":[6.875,9.25],"uv_size":[0.5,0.375]},"south":{"uv":[7.5,9.25],"uv_size":[0.5,0.375]},"up":{"uv":[8.125,9.25],"uv_size":[0.5,0.375]},"west":{"uv":[10.25,9.5],"uv_size":[0.375,0.375]}}},{"origin":[-5.25,4,-4.25],"size":[1.5,1,1.5],"uv":{"down":{"uv":[10,8],"uv_size":[0.375,-0.375]},"east":{"uv":[2.375,10.625],"uv_size":[0.375,0.25]},"north":{"uv":[9,8.5],"uv_size":[0.375,0.25]},"south":{"uv":[2.875,10.625],"uv_size":[0.375,0.25]},"up":{"uv":[5.375,10],"uv_size":[0.375,0.375]},"west":{"uv":[3.375,10.625],"uv_size":[0.375,0.25]}}},{"origin":[3.75,4,-4.25],"size":[1.5,1,1.5],"uv":{"down":{"uv":[9.75,10.375],"uv_size":[0.375,-0.375]},"east":{"uv":[6.375,10.625],"uv_size":[0.375,0.25]},"north":{"uv":[5.875,10.625],"uv_size":[0.375,0.25]},"south":{"uv":[10.75,2.5],"uv_size":[0.375,0.25]},"up":{"uv":[10,8.5],"uv_size":[0.375,0.375]},"west":{"uv":[10.75,2.875],"uv_size":[0.375,0.25]}}},{"origin":[4,7.12132,-1.87868],"size":[1,1,3.75],"uv":{"down":{"uv":[0.375,9.625],"uv_size":[0.25,-1]},"east":{"uv":[6.75,8.5],"uv_size":[1,0.25]},"north":{"uv":[11,9.625],"uv_size":[0.25,0.25]},"south":{"uv":[10.875,11],"uv_size":[0.25,0.25]},"up":{"uv":[0,8.625],"uv_size":[0.25,1]},"west":{"uv":[7.875,8.5],"uv_size":[1,0.25]}}},{"origin":[4.0125,7.46447,-7.53553],"pivot":[4.25,2.46447,-7.53553],"rotation":[-45,0,0],"size":[0.975,3,1],"uv":{"down":{"uv":[8.625,11.25],"uv_size":[0.25,-0.25]},"east":{"uv":[5.375,9.125],"uv_size":[0.25,0.75]},"north":{"uv":[5,9.125],"uv_size":[0.25,0.75]},"south":{"uv":[5.75,9.125],"uv_size":[0.25,0.75]},"up":{"uv":[6.25,11],"uv_size":[0.25,0.25]},"west":{"uv":[3.75,9.25],"uv_size":[0.25,0.75]}}},{"origin":[4,5,-4],"size":[1,1,1],"uv":{"down":{"uv":[3.625,11.375],"uv_size":[0.25,-0.25]},"east":{"uv":[11.125,0.375],"uv_size":[0.25,0.25]},"north":{"uv":[11.125,0],"uv_size":[0.25,0.25]},"south":{"uv":[11.125,0.75],"uv_size":[0.25,0.25]},"up":{"uv":[2,11.125],"uv_size":[0.25,0.25]},"west":{"uv":[11.125,1.125],"uv_size":[0.25,0.25]}}},{"origin":[-5,7.12132,-1.87868],"size":[1,1,3.75],"uv":{"down":{"uv":[3.375,9.625],"uv_size":[0.25,-1]},"east":{"uv":[0.75,8.625],"uv_size":[1,0.25]},"north":{"uv":[11.125,10.375],"uv_size":[0.25,0.25]},"south":{"uv":[10.5,11.125],"uv_size":[0.25,0.25]},"up":{"uv":[3,8.625],"uv_size":[0.25,1]},"west":{"uv":[1.875,8.625],"uv_size":[1,0.25]}}},{"origin":[-4.9875,7.46447,-7.53553],"pivot":[-4.25,2.46447,-7.53553],"rotation":[-45,0,0],"size":[0.975,3,1],"uv":{"down":{"uv":[0.375,11.5],"uv_size":[0.25,-0.25]},"east":{"uv":[4.5,9.375],"uv_size":[0.25,0.75]},"north":{"uv":[4.125,9.375],"uv_size":[0.25,0.75]},"south":{"uv":[9.375,9.25],"uv_size":[0.25,0.75]},"up":{"uv":[0,11.25],"uv_size":[0.25,0.25]},"west":{"uv":[9.5,5.875],"uv_size":[0.25,0.75]}}},{"origin":[-5,5,-4],"size":[1,1,1],"uv":{"down":{"uv":[11.25,2.875],"uv_size":[0.25,-0.25]},"east":{"uv":[1.125,11.25],"uv_size":[0.25,0.25]},"north":{"uv":[0.75,11.25],"uv_size":[0.25,0.25]},"south":{"uv":[11.25,1.5],"uv_size":[0.25,0.25]},"up":{"uv":[11.25,2.25],"uv_size":[0.25,0.25]},"west":{"uv":[11.25,1.875],"uv_size":[0.25,0.25]}}},{"origin":[0.25,7.12132,-1.87868],"size":[0.5,1,3.75],"uv":{"down":{"uv":[5.625,11.5],"uv_size":[0.125,-1]},"east":{"uv":[5,8.75],"uv_size":[1,0.25]},"north":{"uv":[2.125,7.75],"uv_size":[0.125,0.25]},"south":{"uv":[9.25,7.875],"uv_size":[0.125,0.25]},"up":{"uv":[2.375,4.25],"uv_size":[0.125,1]},"west":{"uv":[6.125,8.875],"uv_size":[1,0.25]}}},{"origin":[0.2625,7.46447,-7.53553],"pivot":[0.5,2.46447,-7.53553],"rotation":[-45,0,0],"size":[0.475,3,1],"uv":{"down":{"uv":[2.875,11.625],"uv_size":[0.125,-0.25]},"east":{"uv":[0.375,9.75],"uv_size":[0.25,0.75]},"north":{"uv":[10.75,9.25],"uv_size":[0.125,0.75]},"south":{"uv":[9.5,10.75],"uv_size":[0.125,0.75]},"up":{"uv":[10.125,3.5],"uv_size":[0.125,0.25]},"west":{"uv":[0.75,9.75],"uv_size":[0.25,0.75]}}},{"origin":[0.25,5,-4],"size":[0.5,1,1],"uv":{"down":{"uv":[6.125,11.625],"uv_size":[0.125,-0.25]},"east":{"uv":[7.75,11.25],"uv_size":[0.25,0.25]},"north":{"uv":[3.125,11.375],"uv_size":[0.125,0.25]},"south":{"uv":[3.375,11.375],"uv_size":[0.125,0.25]},"up":{"uv":[5.875,11.375],"uv_size":[0.125,0.25]},"west":{"uv":[8.125,11.25],"uv_size":[0.25,0.25]}}},{"origin":[0.25,4.5,3],"size":[0.5,1.5,1],"uv":{"down":{"uv":[11.5,4],"uv_size":[0.125,-0.25]},"east":{"uv":[10.875,7.25],"uv_size":[0.25,0.375]},"north":{"uv":[11.25,10.75],"uv_size":[0.125,0.375]},"south":{"uv":[11.25,11.25],"uv_size":[0.125,0.375]},"up":{"uv":[3.625,11.5],"uv_size":[0.125,0.25]},"west":{"uv":[10.875,8.25],"uv_size":[0.25,0.375]}}},{"origin":[-0.75,7.12132,-1.87868],"size":[0.5,1,3.75],"uv":{"down":{"uv":[1.75,11.625],"uv_size":[0.125,-1]},"east":{"uv":[7.25,8.875],"uv_size":[1,0.25]},"north":{"uv":[8.75,11.375],"uv_size":[0.125,0.25]},"south":{"uv":[9,11.375],"uv_size":[0.125,0.25]},"up":{"uv":[1.5,10.625],"uv_size":[0.125,1]},"west":{"uv":[8.375,8.875],"uv_size":[1,0.25]}}},{"origin":[-0.7375,7.46447,-7.53553],"pivot":[-0.5,2.46447,-7.53553],"rotation":[-45,0,0],"size":[0.475,3,1],"uv":{"down":{"uv":[11.375,9.5],"uv_size":[0.125,-0.25]},"east":{"uv":[1.875,9.75],"uv_size":[0.25,0.75]},"north":{"uv":[10.875,3.625],"uv_size":[0.125,0.75]},"south":{"uv":[10.875,10.125],"uv_size":[0.125,0.75]},"up":{"uv":[9.25,11.375],"uv_size":[0.125,0.25]},"west":{"uv":[2.25,9.75],"uv_size":[0.25,0.75]}}},{"origin":[-0.75,5,-4],"size":[0.5,1,1],"uv":{"down":{"uv":[11.5,0.625],"uv_size":[0.125,-0.25]},"east":{"uv":[11.25,8.125],"uv_size":[0.25,0.25]},"north":{"uv":[11.375,9.625],"uv_size":[0.125,0.25]},"south":{"uv":[10.875,11.375],"uv_size":[0.125,0.25]},"up":{"uv":[11.5,0],"uv_size":[0.125,0.25]},"west":{"uv":[11.25,8.5],"uv_size":[0.25,0.25]}}},{"origin":[-0.75,4.5,3],"size":[0.5,1.5,1],"uv":{"down":{"uv":[11.5,3.625],"uv_size":[0.125,-0.25]},"east":{"uv":[10.875,1.75],"uv_size":[0.25,0.375]},"north":{"uv":[2.375,5.375],"uv_size":[0.125,0.375]},"south":{"uv":[2.75,9],"uv_size":[0.125,0.375]},"up":{"uv":[2,11.5],"uv_size":[0.125,0.25]},"west":{"uv":[10.875,4.5],"uv_size":[0.25,0.375]}}},{"origin":[3.5,0,2.5],"size":[1.5,1.5,1.5],"uv":{"down":{"uv":[8.375,9.75],"uv_size":[0.375,0.375]},"east":{"uv":[9.875,8.5],"uv_size":[-0.375,0.375]},"north":{"uv":[7.25,9.75],"uv_size":[-0.375,0.375]},"south":{"uv":[9.875,7.625],"uv_size":[-0.375,0.375]},"up":{"uv":[7.875,10.125],"uv_size":[0.375,-0.375]},"west":{"uv":[7.75,9.75],"uv_size":[-0.375,0.375]}}},{"origin":[3.75,1.5,2.75],"size":[1,2,1],"uv":{"down":{"uv":[5.875,11],"uv_size":[0.25,0.25]},"east":{"uv":[10.625,2.5],"uv_size":[-0.25,0.5]},"north":{"uv":[10.625,3.125],"uv_size":[-0.25,0.5]},"south":{"uv":[9.625,10.125],"uv_size":[-0.25,0.5]},"up":{"uv":[3.25,11.25],"uv_size":[0.25,-0.25]},"west":{"uv":[10.625,5.375],"uv_size":[-0.25,0.5]}}},{"origin":[3.75,4,2.75],"size":[1.5,1,1.5],"uv":{"down":{"uv":[9.75,10],"uv_size":[0.375,0.375]},"east":{"uv":[6.75,10.625],"uv_size":[-0.375,0.25]},"north":{"uv":[11.125,2.5],"uv_size":[-0.375,0.25]},"south":{"uv":[6.25,10.625],"uv_size":[-0.375,0.25]},"up":{"uv":[10,8.875],"uv_size":[0.375,-0.375]},"west":{"uv":[11.125,2.875],"uv_size":[-0.375,0.25]}}},{"origin":[0.2625,7.46447,6.53554],"pivot":[0.5,2.46447,7.53554],"rotation":[45,0,0],"size":[0.475,3,1],"uv":{"down":{"uv":[2.875,11.375],"uv_size":[0.125,0.25]},"east":{"uv":[0.625,9.75],"uv_size":[-0.25,0.75]},"north":{"uv":[9.625,10.75],"uv_size":[-0.125,0.75]},"south":{"uv":[10.875,9.25],"uv_size":[-0.125,0.75]},"up":{"uv":[10.125,3.75],"uv_size":[0.125,-0.25]},"west":{"uv":[1,9.75],"uv_size":[-0.25,0.75]}}},{"origin":[-0.7375,7.46447,6.53554],"pivot":[-0.5,2.46447,7.53554],"rotation":[45,0,0],"size":[0.475,3,1],"uv":{"down":{"uv":[11.375,9.25],"uv_size":[0.125,0.25]},"east":{"uv":[2.125,9.75],"uv_size":[-0.25,0.75]},"north":{"uv":[11,10.125],"uv_size":[-0.125,0.75]},"south":{"uv":[11,3.625],"uv_size":[-0.125,0.75]},"up":{"uv":[9.25,11.625],"uv_size":[0.125,-0.25]},"west":{"uv":[2.5,9.75],"uv_size":[-0.25,0.75]}}},{"origin":[-4.9875,7.46447,6.53554],"pivot":[-4.25,2.46447,7.53554],"rotation":[45,0,0],"size":[0.975,3,1],"uv":{"down":{"uv":[0.375,11.25],"uv_size":[0.25,0.25]},"east":{"uv":[4.75,9.375],"uv_size":[-0.25,0.75]},"north":{"uv":[9.625,9.25],"uv_size":[-0.25,0.75]},"south":{"uv":[4.375,9.375],"uv_size":[-0.25,0.75]},"up":{"uv":[0,11.5],"uv_size":[0.25,-0.25]},"west":{"uv":[9.75,5.875],"uv_size":[-0.25,0.75]}}},{"origin":[4.0125,7.46447,6.53554],"pivot":[4.25,2.46447,7.53554],"rotation":[45,0,0],"size":[0.975,3,1],"uv":{"down":{"uv":[8.625,11],"uv_size":[0.25,0.25]},"east":{"uv":[5.625,9.125],"uv_size":[-0.25,0.75]},"north":{"uv":[6,9.125],"uv_size":[-0.25,0.75]},"south":{"uv":[5.25,9.125],"uv_size":[-0.25,0.75]},"up":{"uv":[6.25,11.25],"uv_size":[0.25,-0.25]},"west":{"uv":[4,9.25],"uv_size":[-0.25,0.75]}}},{"origin":[-5,5,3],"size":[1,1,1],"uv":{"down":{"uv":[11.25,2.625],"uv_size":[0.25,0.25]},"east":{"uv":[1.375,11.25],"uv_size":[-0.25,0.25]},"north":{"uv":[11.5,1.5],"uv_size":[-0.25,0.25]},"south":{"uv":[1,11.25],"uv_size":[-0.25,0.25]},"up":{"uv":[11.25,2.5],"uv_size":[0.25,-0.25]},"west":{"uv":[11.5,1.875],"uv_size":[-0.25,0.25]}}},{"origin":[4,5,3],"size":[1,1,1],"uv":{"down":{"uv":[3.625,11.125],"uv_size":[0.25,0.25]},"east":{"uv":[11.375,0.375],"uv_size":[-0.25,0.25]},"north":{"uv":[11.375,0.75],"uv_size":[-0.25,0.25]},"south":{"uv":[11.375,0],"uv_size":[-0.25,0.25]},"up":{"uv":[2,11.375],"uv_size":[0.25,-0.25]},"west":{"uv":[11.375,1.125],"uv_size":[-0.25,0.25]}}},{"origin":[-5.25,4,2.75],"size":[1.5,1,1.5],"uv":{"down":{"uv":[10,7.625],"uv_size":[0.375,0.375]},"east":{"uv":[2.75,10.625],"uv_size":[-0.375,0.25]},"north":{"uv":[3.25,10.625],"uv_size":[-0.375,0.25]},"south":{"uv":[9.375,8.5],"uv_size":[-0.375,0.25]},"up":{"uv":[5.375,10.375],"uv_size":[0.375,-0.375]},"west":{"uv":[3.75,10.625],"uv_size":[-0.375,0.25]}}},{"origin":[-4.75,1.5,2.75],"size":[1,2,1],"uv":{"down":{"uv":[6.625,11.125],"uv_size":[0.25,0.25]},"east":{"uv":[10.625,6.625],"uv_size":[-0.25,0.5]},"north":{"uv":[10.75,3.75],"uv_size":[-0.25,0.5]},"south":{"uv":[10.625,6],"uv_size":[-0.25,0.5]},"up":{"uv":[5.125,11.375],"uv_size":[0.25,-0.25]},"west":{"uv":[10.75,4.375],"uv_size":[-0.25,0.5]}}},{"origin":[-5,0,2.5],"size":[1.5,1.5,1.5],"uv":{"down":{"uv":[9.875,1],"uv_size":[0.375,0.375]},"east":{"uv":[10.125,9],"uv_size":[-0.375,0.375]},"north":{"uv":[10.125,9.5],"uv_size":[-0.375,0.375]},"south":{"uv":[9.25,9.75],"uv_size":[-0.375,0.375]},"up":{"uv":[9.875,0.875],"uv_size":[0.375,-0.375]},"west":{"uv":[10.25,0],"uv_size":[-0.375,0.375]}}}],"name":"bone","pivot":[0,0,0]}],"description":{"identifier":"geometry.exclusive_crate","texture_height":16,"texture_width":16,"visible_bounds_height":2.5,"visible_bounds_offset":[0,0.75,0],"visible_bounds_width":3}}]}