{"format_version":"1.12.0","minecraft:geometry":[{"bones":[{"cubes":[{"origin":[-4.0625,1,-2.8125],"size":[8,2,5.5],"uv":{"east":{"uv":[2,5.625],"uv_size":[1.375,0.5]},"north":{"uv":[4.5,3.375],"uv_size":[2,0.5]},"south":{"uv":[4.5,3.375],"uv_size":[2,0.5]},"west":{"uv":[2,5.625],"uv_size":[1.375,0.5]}}},{"origin":[-4.5625,0,-3.3125],"size":[9,1,6.5],"uv":{"down":{"uv":[2.25,3.25],"uv_size":[2.25,-1.625]},"east":{"uv":[6.25,0],"uv_size":[1.625,0.25]},"north":{"uv":[5.875,2.875],"uv_size":[2.25,0.25]},"south":{"uv":[5.875,2.875],"uv_size":[2.25,0.25]},"up":{"uv":[2.25,0],"uv_size":[2.25,1.625]},"west":{"uv":[6.25,0],"uv_size":[1.625,0.25]}}},{"origin":[-4.3125,3,-3.0625],"size":[8.5,1,6],"uv":{"down":{"uv":[0,3.25],"uv_size":[2.25,-1.625]},"east":{"uv":[3.75,6.125],"uv_size":[1.625,0.25]},"north":{"uv":[4.75,5.625],"uv_size":[2.25,0.25]},"south":{"uv":[4.75,5.625],"uv_size":[2.25,0.25]},"up":{"uv":[0,0],"uv_size":[2.25,1.625]},"west":{"uv":[3.75,6.125],"uv_size":[1.625,0.25]}}},{"origin":[-0.8125,1,-3.0625],"pivot":[-0.0625,3,-3.0625],"rotation":[-22.5,0,0],"size":[1.5,2,0],"uv":{"north":{"uv":[7,5.5],"uv_size":[0.375,0.5]},"south":{"uv":[7.375,5.5],"uv_size":[-0.375,0.5]}}},{"origin":[-4.5625,5.5,-3.3125],"size":[9,1,6.5],"uv":{"down":{"uv":[2.25,4.875],"uv_size":[2.25,-1.625]},"east":{"uv":[6.25,0.75],"uv_size":[1.625,0.25]},"north":{"uv":[4.75,5.875],"uv_size":[2.25,0.25]},"south":{"uv":[4.75,5.875],"uv_size":[2.25,0.25]},"up":{"uv":[0,3.25],"uv_size":[2.25,1.625]},"west":{"uv":[6.25,0.75],"uv_size":[1.625,0.25]}}},{"origin":[-4.0625,4,-2.8125],"size":[8,1.5,5.5],"uv":{"east":{"uv":[0,5.75],"uv_size":[1.375,0.375]},"north":{"uv":[2,5.25],"uv_size":[2,0.375]},"south":{"uv":[2,5.25],"uv_size":[2,0.375]},"west":{"uv":[0,5.75],"uv_size":[1.375,0.375]}}},{"origin":[-4.0625,6,-1.8125],"size":[8,1.5,3.5],"uv":{"east":{"uv":[3.75,6.375],"uv_size":[0.875,0.375]},"north":{"uv":[2,4.875],"uv_size":[2,0.375]},"south":{"uv":[4,4.875],"uv_size":[2,0.375]},"up":{"uv":[4.5,1.25],"uv_size":[2,0.875]},"west":{"uv":[3.75,6.375],"uv_size":[0.875,0.375]}}},{"origin":[-3.0625,2,-1.8125],"pivot":[-0.5625,6,-1.8125],"rotation":[0,0,45],"size":[4,2,3.5],"uv":{"down":{"uv":[1,5.75],"uv_size":[1,-0.875]},"east":{"uv":[2,6.125],"uv_size":[0.875,0.5]},"north":{"uv":[0,6.125],"uv_size":[1,0.5]},"south":{"uv":[1,6.125],"uv_size":[-1,0.5]},"up":{"uv":[0,4.875],"uv_size":[1,0.875]},"west":{"uv":[2.875,6.125],"uv_size":[0.875,0.5]}}},{"origin":[-1.0375,1.95,-1.8125],"pivot":[0.4375,6,-1.8125],"rotation":[0,0,-45],"size":[4,2,3.5],"uv":{"down":{"uv":[2,5.75],"uv_size":[-1,-0.875]},"east":{"uv":[3.75,6.125],"uv_size":[-0.875,0.5]},"north":{"uv":[1,7.125],"uv_size":[-1,0.5]},"south":{"uv":[0,7.125],"uv_size":[1,0.5]},"up":{"uv":[1,4.875],"uv_size":[-1,0.875]},"west":{"uv":[2.875,6.125],"uv_size":[-0.875,0.5]}}},{"origin":[-4.0625,5.5,-1.8125],"pivot":[-0.0625,7.5,-1.8125],"rotation":[-45,0,0],"size":[8,2,1.5],"uv":{"east":{"uv":[6.5,1],"uv_size":[0.375,0.5]},"north":{"uv":[4.5,4.375],"uv_size":[2,0.5]},"west":{"uv":[6.875,1],"uv_size":[-0.375,0.5]}}},{"origin":[-4.0625,6,1.6875],"pivot":[-0.0625,7.5,1.6875],"rotation":[-45,0,0],"size":[8,1.5,2],"uv":{"east":{"uv":[6.875,1],"uv_size":[-0.375,0.5]},"up":{"uv":[4.5,4.875],"uv_size":[2,-0.5]},"west":{"uv":[6.875,1.5],"uv_size":[-0.375,-0.5]}}},{"origin":[-1.0625,2.625,-3.8125],"pivot":[-0.0625,2.625,-3.3125],"rotation":[0,0,45],"size":[1,2,1],"uv":{"east":{"uv":[6.5,6.375],"uv_size":[0.25,0.5]},"north":{"uv":[6.5,4.375],"uv_size":[0.25,0.5]},"south":{"uv":[0,6.625],"uv_size":[0.25,0.5]},"up":{"uv":[6.25,1],"uv_size":[0.25,0.25]},"west":{"uv":[0.25,6.625],"uv_size":[0.25,0.5]}}},{"origin":[-0.0625,2.625,-3.8125],"pivot":[-0.0625,2.625,-3.3125],"rotation":[0,0,-45],"size":[1,2,1],"uv":{"east":{"uv":[2.25,6.625],"uv_size":[0.25,0.5]},"north":{"uv":[2,6.625],"uv_size":[0.25,0.5]},"south":{"uv":[2.5,6.625],"uv_size":[0.25,0.5]},"up":{"uv":[6.875,1.75],"uv_size":[0.25,0.25]},"west":{"uv":[2.75,6.625],"uv_size":[0.25,0.5]}}},{"origin":[-3.0625,3.5,-3.8125],"size":[1,1,1],"uv":{"down":{"uv":[6.75,6.625],"uv_size":[0.25,-0.25]},"east":{"uv":[6.75,4.625],"uv_size":[0.25,0.25]},"north":{"uv":[4.5,6.75],"uv_size":[0.25,0.25]},"south":{"uv":[4.75,6.75],"uv_size":[0.25,0.25]},"up":{"uv":[5.25,6.75],"uv_size":[0.25,0.25]},"west":{"uv":[7,4.625],"uv_size":[-0.25,0.25]}}},{"origin":[-3.0625,4.5,-3.3125],"size":[1,0.5,0.5],"uv":{"down":{"uv":[6.25,5.625],"uv_size":[0.25,-0.125]},"east":{"uv":[1.875,6],"uv_size":[0.125,0.125]},"north":{"uv":[1.375,6],"uv_size":[0.25,0.125]},"south":{"uv":[1.625,6],"uv_size":[0.25,0.125]},"up":{"uv":[6,5.5],"uv_size":[0.25,0.125]},"west":{"uv":[2,6],"uv_size":[-0.125,0.125]}}},{"origin":[-3.0625,5,-3.8125],"size":[1,2,1.5],"uv":{"down":{"uv":[3.25,7],"uv_size":[0.25,-0.375]},"east":{"uv":[6.5,3.375],"uv_size":[0.375,0.5]},"north":{"uv":[0.5,6.625],"uv_size":[0.25,0.5]},"south":{"uv":[0.75,6.625],"uv_size":[0.25,0.5]},"up":{"uv":[3,6.625],"uv_size":[0.25,0.375]},"west":{"uv":[6.875,3.375],"uv_size":[-0.375,0.5]}}},{"origin":[-3.0625,0,-3.8125],"size":[1,1.5,1],"uv":{"down":{"uv":[6.875,1.25],"uv_size":[0.25,-0.25]},"east":{"uv":[3.75,6.75],"uv_size":[0.25,0.375]},"north":{"uv":[3.5,6.625],"uv_size":[0.25,0.375]},"south":{"uv":[4,6.75],"uv_size":[0.25,0.375]},"up":{"uv":[6.75,6.625],"uv_size":[0.25,0.25]},"west":{"uv":[4,6.75],"uv_size":[-0.25,0.375]}}},{"origin":[-3.0625,2.5,-3.8125],"size":[1,0.5,1],"uv":{"down":{"uv":[1.5,7.125],"uv_size":[0.25,-0.25]},"east":{"uv":[6.5,5.5],"uv_size":[0.25,0.125]},"north":{"uv":[6.5,2],"uv_size":[0.25,0.125]},"south":{"uv":[6.75,2],"uv_size":[0.25,0.125]},"up":{"uv":[6.875,1.25],"uv_size":[0.25,0.25]},"west":{"uv":[6.75,5.5],"uv_size":[-0.25,0.125]}}},{"origin":[-3.0625,1.5,-3.3125],"size":[1,1,0.5],"uv":{"down":{"uv":[6.875,4.125],"uv_size":[0.25,-0.125]},"east":{"uv":[1.875,5.75],"uv_size":[0.125,0.25]},"north":{"uv":[6.875,1.5],"uv_size":[0.25,0.25]},"south":{"uv":[1.75,6.875],"uv_size":[0.25,0.25]},"up":{"uv":[6.875,3.875],"uv_size":[0.25,0.125]},"west":{"uv":[2,5.75],"uv_size":[-0.125,0.25]}}},{"origin":[1.9375,3.5,-3.8125],"size":[1,1,1],"uv":{"down":{"uv":[6.75,6.625],"uv_size":[0.25,-0.25]},"east":{"uv":[6.75,4.625],"uv_size":[0.25,0.25]},"north":{"uv":[4.5,6.75],"uv_size":[0.25,0.25]},"south":{"uv":[4.75,6.75],"uv_size":[0.25,0.25]},"up":{"uv":[5.25,6.75],"uv_size":[0.25,0.25]},"west":{"uv":[7,4.625],"uv_size":[-0.25,0.25]}}},{"origin":[1.9375,4.5,-3.3125],"size":[1,0.5,0.5],"uv":{"down":{"uv":[6.25,5.625],"uv_size":[0.25,-0.125]},"east":{"uv":[1.875,6],"uv_size":[0.125,0.125]},"north":{"uv":[1.375,6],"uv_size":[0.25,0.125]},"south":{"uv":[1.625,6],"uv_size":[0.25,0.125]},"up":{"uv":[6,5.5],"uv_size":[0.25,0.125]},"west":{"uv":[2,6],"uv_size":[-0.125,0.125]}}},{"origin":[1.9375,5,-3.8125],"size":[1,2,1.5],"uv":{"down":{"uv":[3.25,7],"uv_size":[0.25,-0.375]},"east":{"uv":[6.5,3.375],"uv_size":[0.375,0.5]},"north":{"uv":[0.5,6.625],"uv_size":[0.25,0.5]},"south":{"uv":[0.75,6.625],"uv_size":[0.25,0.5]},"up":{"uv":[3,6.625],"uv_size":[0.25,0.375]},"west":{"uv":[6.875,3.375],"uv_size":[-0.375,0.5]}}},{"origin":[1.9375,0,-3.8125],"size":[1,1.5,1],"uv":{"down":{"uv":[6.875,1.25],"uv_size":[0.25,-0.25]},"east":{"uv":[3.75,6.75],"uv_size":[0.25,0.375]},"north":{"uv":[3.5,6.625],"uv_size":[0.25,0.375]},"south":{"uv":[4,6.75],"uv_size":[0.25,0.375]},"up":{"uv":[6.75,6.625],"uv_size":[0.25,0.25]},"west":{"uv":[4,6.75],"uv_size":[-0.25,0.375]}}},{"origin":[1.9375,2.5,-3.8125],"size":[1,0.5,1],"uv":{"down":{"uv":[1.5,7.125],"uv_size":[0.25,-0.25]},"east":{"uv":[6.5,5.5],"uv_size":[0.25,0.125]},"north":{"uv":[6.5,2],"uv_size":[0.25,0.125]},"south":{"uv":[6.75,2],"uv_size":[0.25,0.125]},"up":{"uv":[6.875,1.25],"uv_size":[0.25,0.25]},"west":{"uv":[6.75,5.5],"uv_size":[-0.25,0.125]}}},{"origin":[1.9375,1.5,-3.3125],"size":[1,1,0.5],"uv":{"down":{"uv":[6.875,4.125],"uv_size":[0.25,-0.125]},"east":{"uv":[1.875,5.75],"uv_size":[0.125,0.25]},"north":{"uv":[6.875,1.5],"uv_size":[0.25,0.25]},"south":{"uv":[1.75,6.875],"uv_size":[0.25,0.25]},"up":{"uv":[6.875,3.875],"uv_size":[0.25,0.125]},"west":{"uv":[2,5.75],"uv_size":[-0.125,0.25]}}}],"name":"bone","pivot":[0,0,0]}],"description":{"identifier":"geometry.gamergirl_crate","texture_height":16,"texture_width":16,"visible_bounds_height":2.5,"visible_bounds_offset":[0,0.75,0],"visible_bounds_width":3}}]}