{
  "cubecraft_store_button@common_buttons.light_text_button": {
    "$button_state_panel": "pause.cubecraft_store_button_state_panel",
    "$default_button_texture": "textures/ui/store_button/background_default",
    "$hover_button_texture": "textures/ui/store_button/background_hover",
    "$locked_button_texture": "textures/ui/store_button/background_default",
    "$pressed_button_name": "button.menu_store",
    "$pressed_button_texture": "textures/ui/store_button/background_default",
    "bindings": [
      {
        "binding_name": "#store_button_visible",
        "binding_name_override": "#visible",
        "binding_type": "global"
      }
    ],
    "focus_change_left": "$pressed_button_name",
    "focus_change_right": "$focus_override_right",
    "focus_identifier": "$pressed_button_name",
    "ignored": "$is_secondary_client",
    "size": [
      "100%",
      28
    ]
  },
  "cubecraft_store_button_sheen": {
    "layer": 2,
    "size": [
      "100%",
      "100%"
    ],
    "texture": "textures/ui/store_button/sheen",
    "tiled": true,
    "tiled_scale": [
      5,
      5
    ],
    "type": "image",
    "uv": "@pause.cubecraft_store_button_sheen_uv_anim",
    "uv_size": [
      84,
      84
    ]
  },
  "cubecraft_store_button_sheen_uv_anim": {
    "anim_type": "uv",
    "duration": 1.8,
    "easing": "in_out_quart",
    "from": [
      106,
      0
    ],
    "to": [
      306,
      0
    ]
  },
  "cubecraft_store_button_state_panel@common_buttons.new_ui_button_panel": {
    "controls": [
      {
        "sheen_image@pause.cubecraft_store_button_sheen": {}
      },
      {
        "$button_image@$button_image": {
          "anchor_from": "$image_anchor",
          "anchor_to": "$image_anchor",
          "color": "$button_image_color",
          "fill": "$button_image_fill",
          "ignored": "(not $button_image_visible)",
          "layer": 1,
          "offset": "$image_offset",
          "size": "$button_image_size"
        }
      },
      {
        "text_image_default@pause.cubecraft_store_button_text_base": {
          "ignored": "$hover_state",
          "texture": "textures/ui/store_button/text_default"
        }
      },
      {
        "text_image_hover@pause.cubecraft_store_button_text_base": {
          "ignored": "(not $hover_state)",
          "texture": "textures/ui/store_button/text_hover"
        }
      },
      {
        "border@common_buttons.focus_border": {
          "alpha": "$border_alpha",
          "color": "$border_color",
          "ignored": "(not $border_visible)",
          "layer": "$border_layer"
        }
      }
    ]
  },
  "cubecraft_store_button_text_base": {
    "ignored": "$hover_state",
    "layer": 100,
    "size": [
      "80%",
      "80%"
    ],
    "texture": "textures/ui/store_button/text_default",
    "type": "image"
  },
  "namespace": "pause",
  "store_button_panel": {
    "controls": [
      {
        "store_button@pause.cubecraft_store_button": {}
      },
      {
        "store_error_button@pause.store_error_button": {}
      }
    ],
    "size": [
      "100%",
      28
    ],
    "type": "panel"
  }
}