{
  "empty_progress_bar_blue": {
    "color": [
      0,
      0.75,
      1
    ],
    "texture": "textures/ui/empty_progress_bar",
    "type": "image"
  },
  "empty_progress_bar_green": {
    "color": [
      0,
      1,
      0
    ],
    "texture": "textures/ui/empty_progress_bar",
    "type": "image"
  },
  "empty_progress_bar_purple": {
    "color": [
      0.5,
      0,
      0.9
    ],
    "texture": "textures/ui/empty_progress_bar",
    "type": "image"
  },
  "empty_progress_bar_red": {
    "color": [
      1,
      0,
      0
    ],
    "texture": "textures/ui/empty_progress_bar",
    "type": "image"
  },
  "empty_progress_bar_white": {
    "color": [
      1,
      1,
      1
    ],
    "texture": "textures/ui/empty_progress_bar",
    "type": "image"
  },
  "empty_progress_bar_yellow": {
    "color": [
      1,
      1,
      0
    ],
    "texture": "textures/ui/empty_progress_bar",
    "type": "image"
  },
  "filled_progress_bar_blue": {
    "bindings": [
      {
        "binding_name": "#progress_percentage",
        "binding_name_override": "#clip_ratio"
      }
    ],
    "clip_direction": "left",
    "color": [
      0,
      0.75,
      1
    ],
    "texture": "textures/ui/filled_progress_bar",
    "type": "image"
  },
  "filled_progress_bar_for_collections_blue@filled_progress_bar_blue": {
    "bindings": [
      {
        "binding_collection_name": "$progress_bar_collection",
        "binding_name": "#progress_percentage",
        "binding_name_override": "#clip_ratio",
        "binding_type": "collection"
      }
    ],
    "clip_pixelperfect": false
  },
  "filled_progress_bar_for_collections_green@filled_progress_bar_green": {
    "bindings": [
      {
        "binding_collection_name": "$progress_bar_collection",
        "binding_name": "#progress_percentage",
        "binding_name_override": "#clip_ratio",
        "binding_type": "collection"
      }
    ],
    "clip_pixelperfect": false
  },
  "filled_progress_bar_for_collections_purple@filled_progress_bar_purple": {
    "bindings": [
      {
        "binding_collection_name": "$progress_bar_collection",
        "binding_name": "#progress_percentage",
        "binding_name_override": "#clip_ratio",
        "binding_type": "collection"
      }
    ],
    "clip_pixelperfect": false
  },
  "filled_progress_bar_for_collections_red@filled_progress_bar_red": {
    "bindings": [
      {
        "binding_collection_name": "$progress_bar_collection",
        "binding_name": "#progress_percentage",
        "binding_name_override": "#clip_ratio",
        "binding_type": "collection"
      }
    ],
    "clip_pixelperfect": false
  },
  "filled_progress_bar_for_collections_white@filled_progress_bar_white": {
    "bindings": [
      {
        "binding_collection_name": "$progress_bar_collection",
        "binding_name": "#progress_percentage",
        "binding_name_override": "#clip_ratio",
        "binding_type": "collection"
      }
    ],
    "clip_pixelperfect": false
  },
  "filled_progress_bar_for_collections_yellow@filled_progress_bar_yellow": {
    "bindings": [
      {
        "binding_collection_name": "$progress_bar_collection",
        "binding_name": "#progress_percentage",
        "binding_name_override": "#clip_ratio",
        "binding_type": "collection"
      }
    ],
    "clip_pixelperfect": false
  },
  "filled_progress_bar_green": {
    "bindings": [
      {
        "binding_name": "#progress_percentage",
        "binding_name_override": "#clip_ratio"
      }
    ],
    "clip_direction": "left",
    "color": [
      0,
      1,
      0
    ],
    "texture": "textures/ui/filled_progress_bar",
    "type": "image"
  },
  "filled_progress_bar_purple": {
    "bindings": [
      {
        "binding_name": "#progress_percentage",
        "binding_name_override": "#clip_ratio"
      }
    ],
    "clip_direction": "left",
    "color": [
      0.5,
      0,
      0.9
    ],
    "texture": "textures/ui/filled_progress_bar",
    "type": "image"
  },
  "filled_progress_bar_red": {
    "bindings": [
      {
        "binding_name": "#progress_percentage",
        "binding_name_override": "#clip_ratio"
      }
    ],
    "clip_direction": "left",
    "color": [
      1,
      0,
      0
    ],
    "texture": "textures/ui/filled_progress_bar",
    "type": "image"
  },
  "filled_progress_bar_white": {
    "bindings": [
      {
        "binding_name": "#progress_percentage",
        "binding_name_override": "#clip_ratio"
      }
    ],
    "clip_direction": "left",
    "color": [
      1,
      1,
      1
    ],
    "texture": "textures/ui/filled_progress_bar",
    "type": "image"
  },
  "filled_progress_bar_yellow": {
    "bindings": [
      {
        "binding_name": "#progress_percentage",
        "binding_name_override": "#clip_ratio"
      }
    ],
    "clip_direction": "left",
    "color": [
      1,
      1,
      0
    ],
    "texture": "textures/ui/filled_progress_bar",
    "type": "image"
  },
  "namespace": "common",
  "progress_bar_blue": {
    "anchor_from": "top_middle",
    "anchor_to": "top_middle",
    "controls": [
      {
        "empty_progress_bar_blue@common.empty_progress_bar_blue": {
          "layer": 1
        }
      },
      {
        "filled_progress_bar_blue@common.filled_progress_bar_blue": {
          "layer": 2
        }
      }
    ],
    "offset": [
      0,
      20
    ],
    "size": [
      182,
      5
    ],
    "type": "panel"
  },
  "progress_bar_for_collections_blue@progress_bar_blue": {
    "controls": [
      {
        "empty_progress_bar_blue@common.empty_progress_bar_blue": {
          "layer": 1
        }
      },
      {
        "filled_progress_bar_for_collections_blue@common.filled_progress_bar_for_collections_blue": {
          "layer": 2
        }
      }
    ]
  },
  "progress_bar_for_collections_green@progress_bar_green": {
    "controls": [
      {
        "empty_progress_bar_green@common.empty_progress_bar_green": {
          "layer": 1
        }
      },
      {
        "filled_progress_bar_for_collections_green@common.filled_progress_bar_for_collections_green": {
          "layer": 2
        }
      }
    ]
  },
  "progress_bar_for_collections_purple@progress_bar_purple": {
    "controls": [
      {
        "empty_progress_bar_purple@common.empty_progress_bar_purple": {
          "layer": 1
        }
      },
      {
        "filled_progress_bar_for_collections_purple@common.filled_progress_bar_for_collections_purple": {
          "layer": 2
        }
      }
    ]
  },
  "progress_bar_for_collections_red@progress_bar_red": {
    "controls": [
      {
        "empty_progress_bar_red@common.empty_progress_bar_red": {
          "layer": 1
        }
      },
      {
        "filled_progress_bar_for_collections_red@common.filled_progress_bar_for_collections_red": {
          "layer": 2
        }
      }
    ]
  },
  "progress_bar_for_collections_white@progress_bar_white": {
    "controls": [
      {
        "empty_progress_bar_white@common.empty_progress_bar_white": {
          "layer": 1
        }
      },
      {
        "filled_progress_bar_for_collections_white@common.filled_progress_bar_for_collections_white": {
          "layer": 2
        }
      }
    ]
  },
  "progress_bar_for_collections_yellow@progress_bar_yellow": {
    "controls": [
      {
        "empty_progress_bar_yellow@common.empty_progress_bar_yellow": {
          "layer": 1
        }
      },
      {
        "filled_progress_bar_for_collections_yellow@common.filled_progress_bar_for_collections_yellow": {
          "layer": 2
        }
      }
    ]
  },
  "progress_bar_green": {
    "anchor_from": "top_middle",
    "anchor_to": "top_middle",
    "controls": [
      {
        "empty_progress_bar_green@common.empty_progress_bar_green": {
          "layer": 1
        }
      },
      {
        "filled_progress_bar_green@common.filled_progress_bar_green": {
          "layer": 2
        }
      }
    ],
    "offset": [
      0,
      20
    ],
    "size": [
      182,
      5
    ],
    "type": "panel"
  },
  "progress_bar_purple": {
    "anchor_from": "top_middle",
    "anchor_to": "top_middle",
    "controls": [
      {
        "empty_progress_bar_purple@common.empty_progress_bar_purple": {
          "layer": 1
        }
      },
      {
        "filled_progress_bar_purple@common.filled_progress_bar_purple": {
          "layer": 2
        }
      }
    ],
    "offset": [
      0,
      20
    ],
    "size": [
      182,
      5
    ],
    "type": "panel"
  },
  "progress_bar_red": {
    "anchor_from": "top_middle",
    "anchor_to": "top_middle",
    "controls": [
      {
        "empty_progress_bar_red@common.empty_progress_bar_red": {
          "layer": 1
        }
      },
      {
        "filled_progress_bar_red@common.filled_progress_bar_red": {
          "layer": 2
        }
      }
    ],
    "offset": [
      0,
      20
    ],
    "size": [
      182,
      5
    ],
    "type": "panel"
  },
  "progress_bar_white": {
    "anchor_from": "top_middle",
    "anchor_to": "top_middle",
    "controls": [
      {
        "empty_progress_bar_white@common.empty_progress_bar_white": {
          "layer": 1
        }
      },
      {
        "filled_progress_bar_white@common.filled_progress_bar_white": {
          "layer": 2
        }
      }
    ],
    "offset": [
      0,
      20
    ],
    "size": [
      182,
      5
    ],
    "type": "panel"
  },
  "progress_bar_yellow": {
    "anchor_from": "top_middle",
    "anchor_to": "top_middle",
    "controls": [
      {
        "empty_progress_bar_yellow@common.empty_progress_bar_yellow": {
          "layer": 1
        }
      },
      {
        "filled_progress_bar_yellow@common.filled_progress_bar_yellow": {
          "layer": 2
        }
      }
    ],
    "offset": [
      0,
      20
    ],
    "size": [
      182,
      5
    ],
    "type": "panel"
  }
}