{"big_dropdown@havoc_forms.menu_form":{"$bg":"textures/ui/general/more_black","$form_name":"havoc.dropdown","$menu_body_size":["100%",176],"$menu_content":[{"@havoc_forms_dropdown.dropdown_pane":{"offset":[0,4]}},{"back_button@hvtk_menu.close_button_wrapper":{"$button_background_texture":"textures/ui/buttons/red","$button_background_texture_hover":"textures/ui/buttons/red_hover","$button_control":"havoc_forms_dropdown.dropdown_menu_button","$button_text":"CANCEL","anchor_from":"bottom_left","anchor_to":"bottom_left","offset":[4,-4]}},{"confirm_button@hvtk_menu.button_wrapper":{"$button_background_texture":"textures/ui/buttons/green","$button_background_texture_hover":"textures/ui/buttons/green_hover","$button_control":"havoc_forms_dropdown.dropdown_menu_button","$button_text":"SEND","$pressed_button_name":"button.submit_custom_form","anchor_from":"bottom_right","anchor_to":"bottom_right","bindings":[{"binding_name":"#submit_button_visible","binding_name_override":"#visible"}],"offset":[-4,-4]}}],"$menu_header_control":"havoc_forms_dropdown.header","$menu_size":[225,"100%c"]},"custom_accessor":{"collection_name":"custom_form","size":["100%","100%c"],"type":"stack_panel"},"custom_dropdown_radio@settings_common.radio_with_label":{"$radio_label_bindings":[{"binding_collection_name":"custom_dropdown","binding_name":"#custom_radio_text","binding_type":"collection"},{"binding_type":"collection_details"}],"$radio_label_text":"#custom_radio_text","$toggle_binding_type":"collection","$toggle_collection_details_type":"collection_details","$toggle_grid_collection_name":"custom_dropdown","$toggle_name":"custom_dropdown_radio_toggle","$toggle_state_binding_name":"#custom_radio_toggled"},"dropdown_entry":{"controls":[{"label":{"bindings":[{"binding_collection_name":"custom_form","binding_name":"#custom_text","binding_type":"collection"}],"text":"#custom_text","type":"label"}},{"spacer":{"size":["100%",2],"type":"panel"}},{"@flat_dropdown":{"size":["100%",120]}}],"size":["100%","100%c"],"type":"stack_panel"},"dropdown_menu_button":{"$button_background_texture_hover|default":"$button_background_texture","$button_background_texture|default":"textures/ui/general/white","$button_text|default":"","$hover_state|default":false,"controls":[{"background":{"$_texture":"$button_background_texture_hover","fill":true,"layer":1,"size":["100%","100%"],"texture":"$_texture","type":"image","variables":[{"$_texture":"$button_background_texture","requires":"(not ($hover_state))"}]}},{"label":{"anchor_from":"center","anchor_to":"center","font_scale_factor":2,"font_type":"MinecraftTen","layer":2,"offset":[0,"-1.5px"],"text":"$button_text","type":"label"}}],"size":[85,26],"type":"panel"},"dropdown_pane":{"anchor_from":"top_middle","anchor_to":"top_middle","bindings":[{"binding_condition":"once","binding_name":"#custom_form_length","binding_name_override":"#collection_length"}],"collection_name":"custom_form","factory":{"control_ids":{"dropdown":"@havoc_forms_dropdown.dropdown_entry"},"name":"dd_buttons"},"orientation":"vertical","size":["100% - 8px","100%c"],"type":"stack_panel"},"flat_dropdown@common.scrolling_panel":{"$scroll_bar_right_padding_size":[0,0],"$scroll_size":[5,"100% - 4px"],"$scrolling_content":"havoc_forms_dropdown.flat_dropdown_content","$scrolling_pane_offset":[2,0],"$scrolling_pane_size":["100% - 4px","100% - 2px"],"$show_background":false,"anchor_from":"top_left","anchor_to":"top_left","size":["100%","100%"]},"flat_dropdown_content@settings_common.option_radio_group_control":{"$option_enabled_binding_name|default":"","$radio_bindings":[{"binding_collection_name":"custom_form","binding_name":"#custom_dropdown_length","binding_name_override":"#collection_length","binding_type":"collection"}],"$radio_buttons":[],"$radio_collection_name":"custom_dropdown","$radio_factory":{"control_name":"havoc_forms_dropdown.custom_dropdown_radio","name":"buttons"}},"header":{"$menu_title_bindings":[{"binding_collection_name":"custom_form","binding_name":"#custom_text","binding_type":"collection"}],"$menu_title|default":"Custom hey","controls":[{"@havoc_forms_dropdown.custom_accessor":{"controls":[{"title":{"anchor_from":"top_left","anchor_to":"top_left","bindings":"$menu_title_bindings","collection_index":0,"font_scale_factor":2,"font_type":"MinecraftTen","layer":3,"size":["100%","20px"],"text":"#custom_text","text_alignment":"left","type":"label"}}],"offset":[0,-2]}},{"@havoc_forms_dropdown.custom_accessor":{"controls":[{"title":{"alpha":0.5,"anchor_from":"top_left","anchor_to":"top_left","bindings":"$menu_title_bindings","collection_index":0,"color":[0,0,0],"font_scale_factor":2,"font_type":"MinecraftTen","layer":2,"size":["100%","20px"],"text":"#custom_text","text_alignment":"left","type":"label"}}],"offset":[1,-1]}},{"close_button@hvtk_menu.close_button":{}}],"size":["100%","20px"],"type":"panel"},"namespace":"havoc_forms_dropdown"}