{"grid_button@common.button":{"$pressed_button_name":"button.form_button_click","bindings":[{"binding_collection_name":"form_buttons","binding_condition":"once","binding_type":"collection_details"},{"binding_collection_name":"form_buttons","binding_condition":"once","binding_name":"(not (#form_button_text = '_'))","binding_name_override":"#visible","binding_type":"collection"}],"controls":[{"default@grid_button_panel":{}},{"hover@grid_button_panel":{"$hover_state":true}},{"pressed@grid_button_panel":{"$hover_state":true}}]},"grid_button_generator":{"$_size":["68px","94px"],"$right_padding|default":true,"controls":[{"maybe_invisible@grid_button":{}}],"size":"$_size","type":"panel","variables":[{"$_size":["74px","94px"],"requires":"$right_padding"}]},"grid_button_icon":{"anchor_from":"top_middle","anchor_to":"top_middle","controls":[{"image":{"bindings":[{"binding_collection_name":"form_buttons","binding_name":"#form_button_texture","binding_name_override":"#texture","binding_type":"collection"},{"binding_collection_name":"form_buttons","binding_name":"#form_button_texture_file_system","binding_name_override":"#texture_file_system","binding_type":"collection"},{"binding_type":"view","source_property_name":"(not ((#texture = '') or (#texture = 'loading')))","target_property_name":"#visible"}],"layer":2,"size":["100%","100%"],"type":"image"}},{"progress@progress.progress_loading_bars":{"anchor_from":"center","anchor_to":"center","bindings":[{"binding_type":"view","resolve_sibling_scope":true,"source_control_name":"image","source_property_name":"(#texture = 'loading')","target_property_name":"#visible"}],"size":[30,4]}}],"size":["68px","68px"],"type":"panel"},"grid_button_pair_accessor":{"anchor_from":"top_middle","anchor_to":"top_middle","collection_name":"form_buttons","controls":[{"pair_wrapper":{"collection_index":"$pair_collection_index","controls":[{"@grid_button_icon":{}},{"hover_text@common.hover_text":{"bindings":[{"binding_collection_name":"form_buttons","binding_condition":"once","binding_name":"#form_button_text","binding_type":"collection"},{"binding_condition":"once","binding_type":"view","source_property_name":"(not (#form_button_text = '_'))","target_property_name":"#visible"},{"binding_condition":"once","binding_type":"view","source_property_name":"#form_button_text","target_property_name":"#hover_text"}],"layer":10}}],"size":["100%","100%"],"type":"panel"}}],"size":["68px","68px"],"type":"stack_panel"},"grid_button_panel":{"$hover_state|default":false,"anchor_from":"top_left","anchor_to":"top_left","controls":[{"default_icon@grid_button_icon":{"visible":"(not ($hover_state))"}},{"hover_pair@grid_button_pair_accessor":{"visible":"($hover_state)"}},{"text@grid_button_text":{}}],"size":["68px","94px"],"type":"panel"},"grid_button_text":{"anchor_from":"top_left","anchor_to":"top_left","controls":[{"@grid_button_text_background":{}},{"@grid_button_text_label":{}}],"offset":[0,"70px"],"size":["100%","22px"],"type":"panel"},"grid_button_text_background":{"controls":[{"green@grid_button_text_background_route":{"$bg_discriminator":"green>","$texture":"textures/ui/buttons/green","$texture_hover":"textures/ui/buttons/green_hover"}},{"red@grid_button_text_background_route":{"$bg_discriminator":"red>","$texture":"textures/ui/buttons/red","$texture_hover":"textures/ui/buttons/red_hover"}}],"size":["100%","100%"],"type":"panel"},"grid_button_text_background_route":{"$_texture":"","$bg_discriminator|default":"unknown>","$texture_hover|default":"textures/ui/buttons/gray_hover","$texture|default":"textures/ui/buttons/gray","bindings":[{"binding_collection_name":"form_buttons","binding_condition":"once","binding_name":"(not ((#form_button_text - $bg_discriminator) = #form_button_text))","binding_name_override":"#visible","binding_type":"collection"}],"fill":true,"texture":"$_texture","type":"image","variables":[{"$_texture":"$texture","requires":"not ($hover_state)"},{"$_texture":"$texture_hover","requires":"$hover_state"}]},"grid_button_text_label":{"anchor_from":"center","anchor_to":"center","bindings":[{"binding_collection_name":"form_buttons","binding_condition":"once","binding_name":"#form_button_text","binding_type":"collection"},{"binding_type":"view","source_property_name":"(#form_button_text - 'green>' - 'red>')","target_property_name":"#alt_text"}],"font_scale_factor":1.4,"font_type":"MinecraftTen","layer":3,"offset":[0,"-1px"],"text":"#alt_text","type":"label"},"grid_line":{"anchor_from":"top_middle","anchor_to":"top_middle","collection_name":"form_buttons","orientation":"horizontal","size":["100%c","94px"],"type":"stack_panel"},"grid_line_1@grid_line":{"controls":[{"button01@grid_button_generator":{"$pair_collection_index":1,"collection_index":0}},{"button02@grid_button_generator":{"$pair_collection_index":3,"collection_index":2}},{"button03@grid_button_generator":{"$pair_collection_index":5,"collection_index":4}},{"button04@grid_button_generator":{"$pair_collection_index":7,"collection_index":6}},{"button05@grid_button_generator":{"$pair_collection_index":9,"$right_padding":false,"collection_index":8}}]},"grid_line_2@grid_line":{"controls":[{"button01@grid_button_generator":{"$pair_collection_index":11,"collection_index":10}},{"button02@grid_button_generator":{"$pair_collection_index":13,"collection_index":12}},{"button03@grid_button_generator":{"$pair_collection_index":15,"collection_index":14}},{"button04@grid_button_generator":{"$pair_collection_index":17,"collection_index":16}},{"button05@grid_button_generator":{"$pair_collection_index":19,"$right_padding":false,"collection_index":18}}]},"grid_menu@havoc_forms.menu_form":{"$form_name":"havoc.grid_menu","$menu_body_control":"hv_grid_menu.grid_menu_body","$menu_title":"#form_text"},"grid_menu_body@hvtk_menu.menu_body":{"$menu_content|default":[],"controls":[{"background":{"fill":true,"layer":1,"size":["100%","100%sm"],"texture":"textures/ui/general/black","type":"image"}},{"content@grid_menu_body_content":{"layer":2}}],"size":["100%","100%cm"],"type":"panel"},"grid_menu_body_content":{"anchor_from":"center","anchor_to":"center","controls":[{"size_hint_default":{"bindings":[{"binding_condition":"once","binding_type":"view","source_property_name":"(($var_title_text - '>sr') = $var_title_text)","target_property_name":"#visible"}],"size":[0,"202px"],"type":"panel"}},{"size_hint_single_line":{"bindings":[{"binding_condition":"once","binding_type":"view","source_property_name":"(not (($var_title_text - '>sr') = $var_title_text))","target_property_name":"#visible"}],"size":[0,"103px"],"type":"panel"}},{"@hv_grid_menu.note":{"offset":[0,"4px"]}},{"@hv_grid_menu.grid_line_1":{"offset":[0,"4px"]}},{"@hv_grid_menu.grid_line_2":{"offset":[0,"102px"]}}],"size":["100%","100%cm"],"type":"panel"},"namespace":"hv_grid_menu","note":{"anchor_from":"top_middle","anchor_to":"top_middle","collection_name":"form_buttons","controls":[{"note_panel":{"collection_index":20,"controls":[{"label@note_label":{}}],"size":["100%","100%"],"type":"panel"}}],"size":["100%","94px"],"type":"stack_panel"},"note_label":{"anchor_from":"center","anchor_to":"center","bindings":[{"binding_collection_name":"form_buttons","binding_condition":"once","binding_name":"#form_button_text","binding_type":"collection"}],"shadow":true,"text":"#form_button_text","text_alignment":"center","type":"label"}}