{"btn_accessor":{"collection_name":"form_buttons","size":["100%c","100%c"],"type":"stack_panel"},"content_background":{"bindings":[{"binding_collection_name":"form_buttons","binding_name":"#form_button_text","binding_name_override":"#texture","binding_type":"collection"}],"size":["276px","477px"],"type":"image"},"exp_bar":{"bindings":[{"binding_collection_name":"form_buttons","binding_name":"#form_button_text","binding_name_override":"#texture","binding_type":"collection"}],"size":["368px","14px"],"type":"image"},"header":{"controls":[{"labels_wrapper@header_labels_wrapper":{"anchor_from":"top_middle","anchor_to":"top_middle"}},{"exp_bar@btn_accessor":{"anchor_from":"top_middle","anchor_to":"top_middle","controls":[{"@exp_bar":{"collection_index":5}}],"offset":[0,"14px"],"size":["100%c","100%c"]}}],"size":["100%","30px"],"type":"panel"},"header_label":{"bindings":[{"binding_collection_name":"form_buttons","binding_name":"#form_button_text","binding_type":"collection"}],"font_scale_factor":1.2,"font_type":"MinecraftTen","text":"#form_button_text","type":"label"},"header_labels_wrapper":{"controls":[{"label_left@btn_accessor":{"anchor_from":"top_left","anchor_to":"top_left","controls":[{"@header_label":{"collection_index":2}}]}},{"label_middle@btn_accessor":{"anchor_from":"top_middle","anchor_to":"top_middle","controls":[{"@header_label":{"collection_index":3}}]}},{"label_right@btn_accessor":{"anchor_from":"top_right","anchor_to":"top_right","controls":[{"@header_label":{"collection_index":4}}]}}],"size":["100% - 40px","100%"],"type":"panel"},"level_display":{"$pair_collection_index|default":4,"$rewards_collection_index|default":4,"anchor_from":"top_left","anchor_to":"top_left","collection_name":"form_buttons","controls":[{"label_rewards_title":{"color":[0.09,0.71,0.96],"font_type":"MinecraftTen","text":"Rewards","type":"label"}},{"spacer01":{"size":["100%","2px"],"type":"panel"}},{"label_rewards_list":{"bindings":[{"binding_collection_name":"form_buttons","binding_name":"#form_button_text","binding_type":"collection"}],"collection_index":"$rewards_collection_index","size":["100px","default"],"text":"#form_button_text","type":"label"}},{"spacer02":{"size":["100%","2px"],"type":"panel"}},{"button@level_display_button":{"$pressed_button_name":"button.form_button_click","collection_index":"$pair_collection_index"}}],"orientation":"vertical","size":["100%c","100%c"],"type":"stack_panel"},"level_display_button@common.button":{"bindings":[{"binding_collection_name":"form_buttons","binding_condition":"once","binding_type":"collection_details"}],"controls":[{"default@level_display_button_panel":{}},{"hover@level_display_button_panel":{"$hover_state":true}},{"pressed@level_display_button_panel":{"$hover_state":true}}],"size":["100%c","100%c"]},"level_display_button_panel":{"$hover_state|default":false,"controls":[{"bg_default":{"bindings":[{"binding_collection_name":"form_buttons","binding_name":"#form_button_texture","binding_name_override":"#texture","binding_type":"collection"},{"binding_type":"view","source_property_name":"(not ((#texture = '') or (#texture = 'loading')))","target_property_name":"#visible"}],"fill":true,"ignored":"$hover_state","size":["100%","100%"],"type":"image"}},{"bg_hover":{"bindings":[{"binding_collection_name":"form_buttons","binding_name":"(#form_button_texture + '_hover')","binding_name_override":"#texture","binding_type":"collection"},{"binding_type":"view","source_property_name":"(not ((#texture = '') or (#texture = 'loading')))","target_property_name":"#visible"}],"fill":true,"ignored":"(not $hover_state)","size":["100%","100%"],"type":"image"}},{"label":{"anchor_from":"center","anchor_to":"center","bindings":[{"binding_collection_name":"form_buttons","binding_name":"#form_button_text","binding_type":"collection"}],"font_scale_factor":1.3,"font_type":"MinecraftTen","layer":2,"offset":[0,"-1px"],"text":"#form_button_text","type":"label"}}],"offset":[-1,0],"size":["58px","20px"],"type":"panel"},"level_menu@havoc_forms.menu_form":{"$bg":"textures/ui/general/more_black","$form_name":"havoc.level_menu","$menu_content":[{"@havoc_forms_levels.header":{"anchor_from":"top_left","anchor_to":"top_left"}},{"content_wrapper":{"anchor_from":"top_left","anchor_to":"top_left","controls":[{"content@common.scrolling_panel":{"$scroll_bar_right_padding_size":[0,0],"$scrolling_content":"havoc_forms_levels.scrolling_content","$scrolling_pane_size":["100%","100%"],"$show_background":false}}],"offset":[0,"30px + 2px"],"size":["100%","100% - 30px - 2px"],"type":"panel"}}],"$menu_custom_header":"havoc_forms_levels.titlebar_buttons","$menu_title":"#form_text"},"namespace":"havoc_forms_levels","scrolling_content":{"controls":[{"content_background@btn_accessor":{"anchor_from":"top_middle","anchor_to":"top_middle","controls":[{"@content_background":{"collection_index":6}}],"size":["100%c","100%c"]}},{"level_l1@level_display":{"$focus_id":"b1","$focus_id_binding_type":"none","$focus_override_down":"b2","$focus_override_down_binding_type":"none","$pair_collection_index":8,"$rewards_collection_index":7,"offset":["49px","31px"]}},{"level_l2@level_display":{"$focus_id":"b3","$focus_id_binding_type":"none","$focus_override_down":"b4","$focus_override_down_binding_type":"none","$focus_override_up":"b2","$focus_override_up_binding_type":"none","$pair_collection_index":12,"$rewards_collection_index":11,"offset":["49px","117px"]}},{"level_l3@level_display":{"$focus_id":"b5","$focus_id_binding_type":"none","$focus_override_down":"b6","$focus_override_down_binding_type":"none","$focus_override_up":"b4","$focus_override_up_binding_type":"none","$pair_collection_index":16,"$rewards_collection_index":15,"offset":["49px","203px"]}},{"level_l4@level_display":{"$focus_id":"b7","$focus_id_binding_type":"none","$focus_override_down":"b8","$focus_override_down_binding_type":"none","$focus_override_up":"b6","$focus_override_up_binding_type":"none","$pair_collection_index":20,"$rewards_collection_index":19,"offset":["49px","289px"]}},{"level_l5@level_display":{"$focus_id":"b9","$focus_id_binding_type":"none","$focus_override_down":"b10","$focus_override_down_binding_type":"none","$focus_override_up":"b8","$focus_override_up_binding_type":"none","$pair_collection_index":24,"$rewards_collection_index":23,"offset":["49px","375px"]}},{"level_r1@level_display":{"$focus_id":"b2","$focus_id_binding_type":"none","$focus_override_down":"b3","$focus_override_down_binding_type":"none","$focus_override_up":"b1","$focus_override_up_binding_type":"none","$pair_collection_index":10,"$rewards_collection_index":9,"offset":["259px","74px"]}},{"level_r2@level_display":{"$focus_id":"b4","$focus_id_binding_type":"none","$focus_override_down":"b5","$focus_override_down_binding_type":"none","$focus_override_up":"b3","$focus_override_up_binding_type":"none","$pair_collection_index":14,"$rewards_collection_index":13,"offset":["259px","160px"]}},{"level_r3@level_display":{"$focus_id":"b6","$focus_id_binding_type":"none","$focus_override_down":"b7","$focus_override_down_binding_type":"none","$focus_override_up":"b5","$focus_override_up_binding_type":"none","$pair_collection_index":18,"$rewards_collection_index":17,"offset":["259px","246px"]}},{"level_r4@level_display":{"$focus_id":"b8","$focus_id_binding_type":"none","$focus_override_down":"b9","$focus_override_down_binding_type":"none","$focus_override_up":"b7","$focus_override_up_binding_type":"none","$pair_collection_index":22,"$rewards_collection_index":21,"offset":["259px","332px"]}},{"level_r5@level_display":{"$focus_id":"b10","$focus_id_binding_type":"none","$focus_override_up":"b9","$focus_override_up_binding_type":"none","$pair_collection_index":26,"$rewards_collection_index":25,"offset":["259px","418px"]}}],"offset":[3,0],"size":["100%","486px"],"type":"panel"},"titlebar_button@common.button":{"$focus_override_down":"b1","$focus_override_down_binding_type":"none","$focus_override_up":"FOCUS_OVERRIDE_STOP","$pressed_button_name":"button.form_button_click","bindings":[{"binding_collection_name":"form_buttons","binding_condition":"once","binding_type":"collection_details"},{"binding_collection_name":"form_buttons","binding_condition":"once","binding_name":"((not (#form_button_text = '_')) and (not (#form_button_text = '')))","binding_name_override":"#visible","binding_type":"collection"}],"controls":[{"default@titlebar_button_panel":{}},{"hover@titlebar_button_panel":{"$hover_state":true}},{"pressed@titlebar_button_panel":{"$hover_state":true}}],"size":["100%c","100%c"]},"titlebar_button_panel":{"$hover_state|default":false,"controls":[{"bg_default":{"bindings":[{"binding_collection_name":"form_buttons","binding_name":"#form_button_texture","binding_name_override":"#texture","binding_type":"collection"},{"binding_type":"view","source_property_name":"(not ((#texture = '') or (#texture = 'loading')))","target_property_name":"#visible"}],"fill":true,"ignored":"$hover_state","size":["100%","100%"],"type":"image"}},{"bg_hover":{"bindings":[{"binding_collection_name":"form_buttons","binding_name":"(#form_button_texture + '_hover')","binding_name_override":"#texture","binding_type":"collection"},{"binding_type":"view","source_property_name":"(not ((#texture = '') or (#texture = 'loading')))","target_property_name":"#visible"}],"fill":true,"ignored":"(not $hover_state)","size":["100%","100%"],"type":"image"}},{"label":{"anchor_from":"center","anchor_to":"center","bindings":[{"binding_collection_name":"form_buttons","binding_name":"#form_button_text","binding_type":"collection"}],"font_scale_factor":1.2,"font_type":"MinecraftTen","layer":2,"offset":[0,"-1px"],"text":"#form_button_text","type":"label"}}],"size":["50px","18px"],"type":"panel"},"titlebar_buttons":{"anchor_from":"bottom_middle","anchor_to":"bottom_middle","controls":[{"prev@btn_accessor":{"$focus_id":"t1","$focus_id_binding_type":"none","$focus_override_left":"FOCUS_OVERRIDE_STOP","$focus_override_right":"t2","$focus_override_right_binding_type":"none","anchor_from":"left_middle","anchor_to":"left_middle","controls":[{"@titlebar_button":{"collection_index":0}}]}},{"fix@btn_accessor":{"anchor_from":"center","anchor_to":"center","controls":[{"focusfix@common.button":{"$button_focus_precedence":1,"$focus_override_down":"b1","$focus_override_down_binding_type":"none","$focus_override_up":"FOCUS_OVERRIDE_STOP","$pressed_button_name":"","size":[0,0]}}]}},{"next@btn_accessor":{"$focus_id":"t2","$focus_id_binding_type":"none","$focus_override_left":"t1","$focus_override_left_binding_type":"none","$focus_override_right":"FOCUS_OVERRIDE_STOP","anchor_from":"right_middle","anchor_to":"right_middle","controls":[{"@titlebar_button":{"collection_index":1}}]}}],"size":["101px","100%"],"type":"panel"}}