{"desc_accessor":{"collection_name":"form_buttons","controls":[{"gamemode":{"bindings":[{"binding_collection_name":"form_buttons","binding_name":"#form_button_text","binding_type":"collection"}],"collection_index":"$desc_pair_collection_index","font_scale_factor":1.4,"font_type":"MinecraftTen","size":["100%","14px"],"text":"#form_button_text","text_alignment":"center","type":"label"}},{"platform":{"bindings":[{"binding_collection_name":"form_buttons","binding_name":"#form_button_texture","binding_type":"collection"}],"collection_index":"$desc_pair_collection_index","color":[0.9,0.74,0.1],"font_scale_factor":0.8,"font_type":"MinecraftTen","size":["100%","8px"],"text":"#form_button_texture","text_alignment":"center","type":"label"}}],"type":"stack_panel"},"footnote":{"alpha":0.6,"anchor_from":"center","anchor_to":"top_middle","controls":[{"label@footnote_label":{}}],"offset":[0,"80px"],"size":["100%c + 8px","100%c + 6px"],"texture":"textures/ui/hud_tip_text_background","type":"image"},"footnote_label":{"text":"#form_text","text_alignment":"center","type":"label"},"namespace":"havoc_forms_ss","server_button@common.button":{"$pressed_button_name":"button.form_button_click","bindings":[{"binding_collection_name":"form_buttons","binding_type":"collection_details"},{"binding_collection_name":"form_buttons","binding_condition":"once","binding_name":"((not (#form_button_text = '_'))","binding_name_override":"#visible","binding_type":"collection"}],"controls":[{"default@server_button_icon":{}},{"hover@server_button_icon":{"$hover_state":true}},{"pressed@server_button_icon":{"$hover_state":true}}],"size":["100%c + 8px","100%c"]},"server_button_content":{"$desc_pair_collection_index|default":0,"$head_size|default":["34px","34px"],"$head_texture|default":"","$server_id|default":"","controls":[{"icon":{"anchor_from":"center","anchor_to":"center","controls":[{"head":{"size":"$head_size","texture":"$head_texture","type":"image"}}],"size":["100%","100%c"],"type":"panel"}},{"desc":{"controls":[{"@desc_accessor":{}}],"size":["100%","22px"],"type":"panel"}},{"online_count":{"bindings":[{"binding_collection_name":"form_buttons","binding_name":"#form_button_text","binding_type":"collection"}],"color":[0.42,0.9,0.1],"font_scale_factor":0.8,"font_type":"MinecraftTen","size":["100%","8px"],"text":"#form_button_text","text_alignment":"center","type":"label","visible":"($hover_state)"}}],"layer":3,"size":["100%","100%"],"type":"stack_panel","variables":[{"$head_size":["26px","26px"],"requires":"$hover_state"}]},"server_button_icon":{"$hover_state|default":false,"controls":[{"hover":{"layer":2,"size":["100%","100%"],"texture":"textures/ui/serverselector/button_hover","type":"image","visible":"($hover_state)"}},{"content@server_button_content":{}}],"layer":1,"size":["60px","60px"],"texture":"textures/ui/serverselector/button_background","type":"image"},"server_selector_main":{"anchor_from":"center","anchor_to":"center","controls":[{"title@title":{}},{"contents_wrapper":{"controls":[{"@server_selector_row1":{}},{"@server_selector_row2":{}}],"size":["100%","130px"],"type":"panel"}}],"layer":2,"orientation":"vertical","size":["384px","200px"],"type":"stack_panel"},"server_selector_pve@havoc_forms.base_form":{"$form_name":"havoc.server_selector_pve","anchor_from":"center","anchor_to":"center","controls":[{"main@server_selector_main":{"$head_01":"textures/ui/serverselector/zombie01","$head_02":"textures/ui/serverselector/zombie02","$head_03":"textures/ui/serverselector/zombie03","$head_04":"textures/ui/serverselector/zombie04","$head_05":"textures/ui/serverselector/zombie05","$head_06":"textures/ui/serverselector/zombie06"}},{"footnote@footnote":{}}],"size":["100%","100%"]},"server_selector_pvp@havoc_forms.base_form":{"$form_name":"havoc.server_selector_pvp","anchor_from":"center","anchor_to":"center","controls":[{"main@server_selector_main":{"$head_01":"textures/ui/serverselector/rick","$head_02":"textures/ui/serverselector/daryl","$head_03":"textures/ui/serverselector/michonne","$head_04":"textures/ui/serverselector/carol","$head_05":"textures/ui/serverselector/ezekiel","$head_06":"textures/ui/serverselector/negan"}},{"footnote@footnote":{}}],"size":["100%","100%"]},"server_selector_row1":{"collection_name":"form_buttons","controls":[{"srv1@server_button":{"$desc_pair_collection_index":0,"$head_texture":"$head_01","collection_index":1}},{"srv2@server_button":{"$desc_pair_collection_index":2,"$head_texture":"$head_02","collection_index":3}},{"srv3@server_button":{"$desc_pair_collection_index":4,"$head_texture":"$head_03","collection_index":5}}],"orientation":"horizontal","size":["default","100%"],"type":"stack_panel"},"server_selector_row2":{"collection_name":"form_buttons","controls":[{"srv1@server_button":{"$desc_pair_collection_index":6,"$head_texture":"$head_04","collection_index":7}},{"srv2@server_button":{"$desc_pair_collection_index":8,"$head_texture":"$head_05","collection_index":9}},{"srv3@server_button":{"$desc_pair_collection_index":10,"$head_texture":"$head_06","collection_index":11}}],"offset":[0,70],"orientation":"horizontal","size":["default","100%"],"type":"stack_panel"},"title":{"anchor_from":"center","anchor_to":"top_middle","controls":[{"image@title_image":{}}],"size":["100%","100%c + 11px"],"type":"panel"},"title_image":{"size":["300px","30px"],"texture":"textures/ui/title","type":"image"}}