{"desc_accessor":{"collection_name":"form_buttons","controls":[{"gamemode":{"bindings":[{"binding_collection_name":"form_buttons","binding_name":"#form_button_text","binding_type":"collection"}],"collection_index":"$desc_pair_collection_index","font_scale_factor":2.8,"font_type":"MinecraftTen","size":["100%","28px"],"text":"#form_button_text","text_alignment":"center","type":"label"}},{"platform":{"bindings":[{"binding_collection_name":"form_buttons","binding_name":"#form_button_texture","binding_type":"collection"}],"collection_index":"$desc_pair_collection_index","color":[0.9,0.74,0.1],"font_scale_factor":1.4,"font_type":"MinecraftTen","size":["100%","14px"],"text":"#form_button_texture","text_alignment":"center","type":"label"}}],"type":"stack_panel"},"footnote":{"alpha":0.6,"anchor_from":"center","anchor_to":"top_middle","controls":[{"label@footnote_label":{}}],"offset":[0,"60px"],"size":["100%c + 8px","100%c + 6px"],"texture":"textures/ui/hud_tip_text_background","type":"image"},"footnote_label":{"text":"#form_text","text_alignment":"center","type":"label"},"namespace":"havoc_forms_ss_main","server_button@common.button":{"$pressed_button_name":"button.form_button_click","bindings":[{"binding_collection_name":"form_buttons","binding_type":"collection_details"},{"binding_collection_name":"form_buttons","binding_condition":"once","binding_name":"((not (#form_button_text = '_'))","binding_name_override":"#visible","binding_type":"collection"}],"controls":[{"default@server_button_icon":{}},{"hover@server_button_icon":{"$hover_state":true}},{"pressed@server_button_icon":{"$hover_state":true}}],"size":["100%c + 8px","100%c"]},"server_button_content":{"$bg_texture|default":"","$desc_pair_collection_index|default":0,"$server_id|default":"","$spacer_size|default":["50px","50px"],"controls":[{"icon":{"anchor_from":"center","anchor_to":"center","size":"$spacer_size","type":"panel"}},{"desc":{"controls":[{"@desc_accessor":{}}],"size":["100%","42px"],"type":"panel"}},{"online_count":{"bindings":[{"binding_collection_name":"form_buttons","binding_name":"#form_button_text","binding_type":"collection"}],"color":[0.42,0.9,0.1],"font_scale_factor":1.2,"font_type":"MinecraftTen","size":["100%","12px"],"text":"#form_button_text","text_alignment":"center","type":"label","visible":"($hover_state)"}}],"layer":4,"size":["100%","100%"],"type":"stack_panel","variables":[{"$spacer_size":["40px","40px"],"requires":"$hover_state"}]},"server_button_icon":{"$hover_state|default":false,"controls":[{"hover":{"layer":3,"size":["100%","100%"],"texture":"textures/ui/serverselector/big_button_hover","type":"image","visible":"($hover_state)"}},{"content@server_button_content":{}},{"imagebg":{"layer":2,"size":["100%","100%"],"texture":"$bg_texture","type":"image"}}],"layer":1,"size":["150px","100px"],"texture":"textures/ui/serverselector/button_background","type":"image"},"server_selector@havoc_forms.base_form":{"$form_name":"havoc.main_selector","anchor_from":"center","anchor_to":"center","controls":[{"main@server_selector_main":{}},{"footnote@footnote":{}}],"size":["100%","100%"]},"server_selector_contents":{"collection_name":"form_buttons","controls":[{"srv1@server_button":{"$bg_texture":"textures/ui/serverselector/pvp","$desc_pair_collection_index":0,"collection_index":1}},{"srv2@server_button":{"$bg_texture":"textures/ui/serverselector/pve","$desc_pair_collection_index":2,"collection_index":3}}],"orientation":"horizontal","size":["default","100%"],"type":"stack_panel"},"server_selector_main":{"anchor_from":"center","anchor_to":"center","controls":[{"title@title":{}},{"contents_wrapper":{"controls":[{"@server_selector_contents":{}}],"size":["100%","120px"],"type":"panel"}}],"layer":2,"orientation":"vertical","size":["384px","185px"],"type":"stack_panel"},"title":{"anchor_from":"center","anchor_to":"top_middle","controls":[{"image@title_image":{}}],"size":["100%","100%c + 11px"],"type":"panel"},"title_image":{"size":["360px","36px"],"texture":"textures/ui/title","type":"image"}}