{"buy_confirm_menu@havoc_forms.menu_form":{"$form_name":"havoc.shop_menu_buy","$menu_content":[{"item_icon@havoc_forms_shop.custom_form_accessor":{"$accessor_collection_index":1,"$accessor_control":"havoc_forms_shop.confirm_menu_item_icon_wrapper","anchor_from":"top_left","anchor_to":"top_left","offset":["5px","11px"]}},{"item_description_panel":{"anchor_from":"top_left","anchor_to":"top_left","controls":[{"item_description@havoc_forms_shop.custom_form_accessor":{"$accessor_collection_index":0,"$accessor_control":"havoc_forms_shop.confirm_menu_item_description","anchor_from":"center","anchor_to":"center"}}],"offset":["44%","10px"],"size":["100%c","100px"],"type":"panel"}},{"slider@havoc_forms_shop.custom_form_accessor":{"$accessor_collection_index":2,"$accessor_control":"havoc_forms_shop.confirm_menu_amount_slider","anchor_from":"bottom_left","anchor_to":"bottom_left","offset":["10px","-40px"],"size":["100% - 20px","100%c"]}},{"back_button@hvtk_menu.close_button_wrapper":{"$button_background_texture":"textures/ui/buttons/red","$button_background_texture_hover":"textures/ui/buttons/red_hover","$button_control":"havoc_forms_shop.confirm_menu_button","$button_text":"Back","anchor_from":"bottom_left","anchor_to":"bottom_left","offset":["14px","-10px"]}},{"confirm_button@hvtk_menu.button_wrapper":{"$button_background_texture":"textures/ui/buttons/green","$button_background_texture_hover":"textures/ui/buttons/green_hover","$button_control":"havoc_forms_shop.confirm_menu_button","$button_text":"Purchase","$pressed_button_name":"button.submit_custom_form","anchor_from":"bottom_right","anchor_to":"bottom_right","bindings":[{"binding_name":"#submit_button_visible","binding_name_override":"#visible"}],"offset":["-14px","-10px"]}}],"$menu_size":["264px","100%c"],"$menu_title":"Confirm Purchase"},"category_button":{"$hover_state|default":false,"controls":[{"background@category_button_background":{}},{"label@category_button_label":{}}],"size":["100%","22px"],"type":"panel"},"category_button_background":{"$_texture":"","$texture_hover|default":"textures/ui/buttons/gray_hover","$texture|default":"textures/ui/buttons/gray","anchor_from":"bottom_middle","anchor_to":"bottom_middle","fill":true,"layer":4,"size":["100%","100%"],"texture":"$_texture","type":"image","variables":[{"$_texture":"$texture","requires":"(not ($hover_state))"},{"$_texture":"$texture_hover","requires":"$hover_state"}]},"category_button_label":{"bindings":[{"binding_collection_name":"form_buttons","binding_condition":"once","binding_name":"#form_button_text","binding_type":"collection"}],"font_scale_factor":1.6,"font_type":"MinecraftTen","layer":5,"offset":[0,"-1.5px"],"text":"#form_button_text","type":"label"},"category_button_wrapper@common.button":{"$pressed_button_name":"button.form_button_click","bindings":[{"binding_collection_name":"form_buttons","binding_condition":"once","binding_type":"collection_details"}],"controls":[{"default@category_button":{}},{"hover@category_button":{"$hover_state":true}},{"pressed@category_button":{"$hover_state":true}}],"size":["100%","20px + 2px"]},"confirm_menu_amount_label":{"bindings":[{"binding_collection_name":"custom_form","binding_name":"#custom_slider_step_text","binding_type":"collection"},{"binding_type":"view","source_property_name":"('Buy ' + (#custom_slider_step_text - '_:'))","target_property_name":"#alt_text"}],"font_scale_factor":1.5,"font_type":"MinecraftTen","text":"#alt_text","type":"label"},"confirm_menu_amount_slider":{"controls":[{"label_wrapper":{"controls":[{"amount_label@confirm_menu_amount_label":{"anchor_from":"top_left","anchor_to":"top_left","offset":["5px",0]}},{"price_label@confirm_menu_price_label":{"anchor_from":"top_right","anchor_to":"top_right","offset":["-5px",0]}}],"size":["100%","100%cm"],"type":"panel"}},{"slider@server_form.custom_step_slider":{"$show_option_label":false,"bindings":[{"binding_type":"view","source_property_name":"(($var_title_text - '_one_') = $var_title_text)","target_property_name":"#visible"}]}},{"confirm_menu_one_spacer":{"bindings":[{"binding_type":"view","source_property_name":"(not (($var_title_text - '_one_') = $var_title_text))","target_property_name":"#visible"}],"size":["10px","10px"],"type":"panel"}}],"orientation":"vertical","size":["100%","100%c"],"type":"stack_panel"},"confirm_menu_button":{"$button_background_texture_color|default":[1,1,1],"$button_background_texture_hover_color|default":"$button_background_texture_color","$button_background_texture_hover|default":"$button_background_texture","$button_background_texture|default":"textures/ui/general/white","$button_text|default":"","$hover_state|default":false,"controls":[{"background":{"$_color":"$button_background_texture_hover_color","$_texture":"$button_background_texture_hover","color":"$_color","fill":true,"layer":1,"size":["100%","100%"],"texture":"$_texture","type":"image","variables":[{"$_color":"$button_background_texture_color","$_texture":"$button_background_texture","requires":"(not ($hover_state))"}]}},{"label":{"anchor_from":"center","anchor_to":"center","font_scale_factor":2,"font_type":"MinecraftTen","layer":2,"offset":[0,"-1.5px"],"text":"$button_text","type":"label"}}],"size":["105px","30px"],"type":"panel"},"confirm_menu_item_bg_route":{"$bg_color|default":[0.51,0.5,0.5],"$bg_discriminator|default":"bg1>","bindings":[{"binding_collection_name":"custom_form","binding_condition":"once","binding_name":"(not ((#custom_text - $bg_discriminator) = #custom_text))","binding_name_override":"#visible","binding_type":"collection"}],"color":"$bg_color","fill":true,"layer":2,"size":["100%","100%"],"texture":"textures/ui/shop/confirm_item_bg","type":"image"},"confirm_menu_item_description":{"bindings":[{"binding_collection_name":"custom_form","binding_name":"#custom_text","binding_type":"collection"}],"shadow":true,"text":"#custom_text","type":"label"},"confirm_menu_item_icon":{"bindings":[{"binding_collection_name":"custom_form","binding_name":"(#custom_text - 'bg1>' - 'bg2>' - 'bg3>' - 'bg4>' - 'bg5>' - 'bg6>' - 'bg7>' - 'bg8>' - 'bg9>' - 'bg10>' - 'bg11>' - 'bg12>')","binding_name_override":"#texture","binding_type":"collection"}],"size":["64px","64px"],"type":"image"},"confirm_menu_item_icon_wrapper":{"controls":[{"icon@confirm_menu_item_icon":{"anchor_from":"center","anchor_to":"center","layer":3}},{"gray@confirm_menu_item_bg_route":{"$bg_color":[0.51,0.5,0.5],"$bg_discriminator":"bg1>"}},{"yellow@confirm_menu_item_bg_route":{"$bg_color":[0.98,0.96,0.125],"$bg_discriminator":"bg2>"}},{"light_green@confirm_menu_item_bg_route":{"$bg_color":[0.09,0.9,0.08],"$bg_discriminator":"bg3>"}},{"light_blue@confirm_menu_item_bg_route":{"$bg_color":[0.09,0.71,0.96],"$bg_discriminator":"bg4>"}},{"purple@confirm_menu_item_bg_route":{"$bg_color":[0.53,0,0.68],"$bg_discriminator":"bg5>"}},{"cyan@confirm_menu_item_bg_route":{"$bg_color":[0.01,0.62,0.62],"$bg_discriminator":"bg6>"}},{"dark_blue@confirm_menu_item_bg_route":{"$bg_color":[0.34,0.33,1],"$bg_discriminator":"bg7>"}},{"light_orange@confirm_menu_item_bg_route":{"$bg_color":[1,0.67,0.01],"$bg_discriminator":"bg8>"}},{"light_red@confirm_menu_item_bg_route":{"$bg_color":[0.85,0.42,0.41],"$bg_discriminator":"bg9>"}},{"magenta@confirm_menu_item_bg_route":{"$bg_color":[0.8,0.4,0.85],"$bg_discriminator":"bg10>"}},{"orange@confirm_menu_item_bg_route":{"$bg_color":[0.91,0.36,0],"$bg_discriminator":"bg11>"}},{"red@confirm_menu_item_bg_route":{"$bg_color":[0.68,0,0],"$bg_discriminator":"bg12>"}}],"size":["100px","100px"],"type":"panel"},"confirm_menu_price_label":{"bindings":[{"binding_collection_name":"custom_form","binding_name":"#custom_slider_step_text","binding_type":"collection"},{"binding_type":"view","source_property_name":"('$' + ((#custom_slider_step_text - '_:') * ($var_title_text - $form_name - '_one_')))","target_property_name":"#alt_text"}],"color":[0.11,0.8,0.35],"font_scale_factor":1.5,"font_type":"MinecraftTen","text":"#alt_text","type":"label"},"custom_form_accessor":{"$accessor_collection_index|default":0,"$accessor_control|default":"","collection_name":"custom_form","controls":[{"wrapped@$accessor_control":{"collection_index":"$accessor_collection_index"}}],"size":["100%c","100%c"],"type":"stack_panel"},"namespace":"havoc_forms_shop","scrolling_content":{"anchor_from":"top_middle","anchor_to":"top_middle","controls":[{"sec01_atitle@section_dynamic_title":{"$section_title_index":10}},{"sec01_content@section_content":{"controls":[{"sec01_item11@shop_item_generator":{"$pair_collection_index":12,"collection_index":11}},{"sec01_item13@shop_item_generator":{"$pair_collection_index":14,"collection_index":13}},{"sec01_item15@shop_item_generator":{"$pair_collection_index":16,"collection_index":15}},{"sec01_item17@shop_item_generator":{"$pair_collection_index":18,"collection_index":17}},{"sec01_item19@shop_item_generator":{"$pair_collection_index":20,"collection_index":19}}]}},{"sec02_atitle@section_dynamic_title":{"$section_title_index":21}},{"sec02_content@section_content":{"controls":[{"sec02_item22@shop_item_generator":{"$pair_collection_index":23,"collection_index":22}},{"sec02_item24@shop_item_generator":{"$pair_collection_index":25,"collection_index":24}},{"sec02_item26@shop_item_generator":{"$pair_collection_index":27,"collection_index":26}},{"sec02_item28@shop_item_generator":{"$pair_collection_index":29,"collection_index":28}},{"sec02_item30@shop_item_generator":{"$pair_collection_index":31,"collection_index":30}}]}},{"sec03_atitle@section_dynamic_title":{"$section_title_index":32}},{"sec03_content@section_content":{"controls":[{"sec03_item33@shop_item_generator":{"$pair_collection_index":34,"collection_index":33}},{"sec03_item35@shop_item_generator":{"$pair_collection_index":36,"collection_index":35}},{"sec03_item37@shop_item_generator":{"$pair_collection_index":38,"collection_index":37}},{"sec03_item39@shop_item_generator":{"$pair_collection_index":40,"collection_index":39}},{"sec03_item41@shop_item_generator":{"$pair_collection_index":42,"collection_index":41}}]}},{"sec04_atitle@section_dynamic_title":{"$section_title_index":43}},{"sec04_content@section_content":{"controls":[{"sec04_item44@shop_item_generator":{"$pair_collection_index":45,"collection_index":44}},{"sec04_item46@shop_item_generator":{"$pair_collection_index":47,"collection_index":46}},{"sec04_item48@shop_item_generator":{"$pair_collection_index":49,"collection_index":48}},{"sec04_item50@shop_item_generator":{"$pair_collection_index":51,"collection_index":50}},{"sec04_item52@shop_item_generator":{"$pair_collection_index":53,"collection_index":52}}]}},{"sec05_atitle@section_dynamic_title":{"$section_title_index":54}},{"sec05_content@section_content":{"controls":[{"sec05_item55@shop_item_generator":{"$pair_collection_index":56,"collection_index":55}},{"sec05_item57@shop_item_generator":{"$pair_collection_index":58,"collection_index":57}},{"sec05_item59@shop_item_generator":{"$pair_collection_index":60,"collection_index":59}},{"sec05_item61@shop_item_generator":{"$pair_collection_index":62,"collection_index":61}},{"sec05_item63@shop_item_generator":{"$pair_collection_index":64,"collection_index":63}}]}},{"sec06_atitle@section_dynamic_title":{"$section_title_index":65}},{"sec06_content@section_content":{"controls":[{"sec06_item66@shop_item_generator":{"$pair_collection_index":67,"collection_index":66}},{"sec06_item68@shop_item_generator":{"$pair_collection_index":69,"collection_index":68}},{"sec06_item70@shop_item_generator":{"$pair_collection_index":71,"collection_index":70}},{"sec06_item72@shop_item_generator":{"$pair_collection_index":73,"collection_index":72}},{"sec06_item74@shop_item_generator":{"$pair_collection_index":75,"collection_index":74}}]}},{"sec07_atitle@section_dynamic_title":{"$section_title_index":76}},{"sec07_content@section_content":{"controls":[{"sec07_item77@shop_item_generator":{"$pair_collection_index":78,"collection_index":77}},{"sec07_item79@shop_item_generator":{"$pair_collection_index":80,"collection_index":79}},{"sec07_item81@shop_item_generator":{"$pair_collection_index":82,"collection_index":81}},{"sec07_item83@shop_item_generator":{"$pair_collection_index":84,"collection_index":83}},{"sec07_item85@shop_item_generator":{"$pair_collection_index":86,"collection_index":85}}]}},{"sec08_atitle@section_dynamic_title":{"$section_title_index":87}},{"sec08_content@section_content":{"controls":[{"sec08_item88@shop_item_generator":{"$pair_collection_index":89,"collection_index":88}},{"sec08_item90@shop_item_generator":{"$pair_collection_index":91,"collection_index":90}},{"sec08_item92@shop_item_generator":{"$pair_collection_index":93,"collection_index":92}},{"sec08_item94@shop_item_generator":{"$pair_collection_index":95,"collection_index":94}},{"sec08_item96@shop_item_generator":{"$pair_collection_index":97,"collection_index":96}}]}},{"sec09_atitle@section_dynamic_title":{"$section_title_index":98}},{"sec09_content@section_content":{"controls":[{"sec09_item99@shop_item_generator":{"$pair_collection_index":100,"collection_index":99}},{"sec09_item101@shop_item_generator":{"$pair_collection_index":102,"collection_index":101}},{"sec09_item103@shop_item_generator":{"$pair_collection_index":104,"collection_index":103}},{"sec09_item105@shop_item_generator":{"$pair_collection_index":106,"collection_index":105}},{"sec09_item107@shop_item_generator":{"$pair_collection_index":108,"collection_index":107}}]}},{"sec10_atitle@section_dynamic_title":{"$section_title_index":109}},{"sec10_content@section_content":{"controls":[{"sec10_item110@shop_item_generator":{"$pair_collection_index":111,"collection_index":110}},{"sec10_item112@shop_item_generator":{"$pair_collection_index":113,"collection_index":112}},{"sec10_item114@shop_item_generator":{"$pair_collection_index":115,"collection_index":114}},{"sec10_item116@shop_item_generator":{"$pair_collection_index":117,"collection_index":116}},{"sec10_item118@shop_item_generator":{"$pair_collection_index":119,"collection_index":118}}]}}],"offset":[0,"-4px"],"orientation":"vertical","size":["100%","100%c"],"type":"stack_panel"},"section_content":{"anchor_from":"top_left","anchor_to":"top_left","collection_name":"form_buttons","orientation":"horizontal","size":["100%","100%cm"],"type":"stack_panel"},"section_dynamic_title":{"$section_title_index|default":0,"collection_name":"form_buttons","controls":[{"lookup_label":{"anchor_from":"top_left","anchor_to":"top_left","bindings":[{"binding_collection_name":"form_buttons","binding_condition":"once","binding_name":"#form_button_text","binding_type":"collection"},{"binding_collection_name":"form_buttons","binding_condition":"once","binding_name":"((not (#form_button_text = '_')) and (not (#form_button_text = '')))","binding_name_override":"#visible","binding_type":"collection"}],"collection_index":"$section_title_index","controls":[{"spacer@hvtk_menu.spacer":{"offset":[0,"20px"]}}],"font_scale_factor":1.8,"font_type":"MinecraftTen","size":["100%","24px"],"text":"#form_button_text","text_alignment":"left","type":"label"}},{"inner_section_spacer":{"bindings":[{"binding_type":"view","resolve_sibling_scope":true,"source_control_name":"lookup_label","source_property_name":"(not #visible)","target_property_name":"#visible"}],"size":["100%","3px"],"type":"panel"}}],"size":["100%","100%cm"],"type":"stack_panel"},"shop_item_background":{"bindings":[{"binding_collection_name":"form_buttons","binding_name":"#form_button_texture","binding_name_override":"#texture","binding_type":"collection"}],"fill":true,"layer":2,"texture":"textures/ui/shop/item_bg","type":"image"},"shop_item_button":{"$hover_state|default":false,"anchor_from":"bottom_left","anchor_to":"bottom_left","controls":[{"icon@shop_item_button_icon":{}},{"price@shop_item_button_price":{}},{"hover@shop_item_button_hover":{}},{"hover_lore@shop_item_button_hover_lore":{"ignored":"(not ($hover_state))"}}],"offset":[0,"-1px"],"size":["52px","71px"],"type":"panel"},"shop_item_button_hover":{"$_texture":"","$texture_hover|default":"textures/ui/shop/item_bg_hover","$texture|default":"","anchor_from":"bottom_middle","anchor_to":"bottom_middle","fill":true,"layer":4,"size":["100%","100%"],"texture":"$_texture","type":"image","variables":[{"$_texture":"$texture","requires":"(not ($hover_state))"},{"$_texture":"$texture_hover","requires":"$hover_state"}]},"shop_item_button_hover_lore":{"collection_name":"form_buttons","controls":[{"@common.hover_text":{"bindings":[{"binding_collection_name":"form_buttons","binding_condition":"once","binding_name":"#form_button_text","binding_type":"collection"},{"binding_condition":"once","binding_type":"view","source_property_name":"(not (#form_button_text = '_'))","target_property_name":"#visible"},{"binding_condition":"once","binding_type":"view","source_property_name":"#form_button_text","target_property_name":"#hover_text"}],"collection_index":"$pair_collection_index","layer":10}}],"size":["100%","100%"],"type":"stack_panel"},"shop_item_button_icon":{"anchor_from":"top_left","anchor_to":"top_left","controls":[{"background":{"collection_name":"form_buttons","controls":[{"@shop_item_background":{"collection_index":"$pair_collection_index"}}],"size":["100%","100%"],"type":"stack_panel"}},{"preview":{"$_size":"","$size_hover|default":["43px","43px"],"$size|default":["40px","40px"],"bindings":[{"binding_collection_name":"form_buttons","binding_name":"#form_button_texture","binding_name_override":"#texture","binding_type":"collection"},{"binding_type":"view","source_property_name":"(not ((#texture = '') or (#texture = 'loading')))","target_property_name":"#visible"}],"layer":5,"size":"$_size","type":"image","variables":[{"$_size":"$size","requires":"(not ($hover_state))"},{"$_size":"$size_hover","requires":"$hover_state"}]}}],"size":["100%","100%x"],"type":"panel"},"shop_item_button_price":{"anchor_from":"top_left","anchor_to":"top_left","controls":[{"bg_green@shop_item_price_bg_route":{"$bg_discriminator|default":"green>","$texture_hover|default":"textures/ui/buttons/green_hover","$texture|default":"textures/ui/buttons/green"}},{"bg_orange@shop_item_price_bg_route":{"$bg_discriminator|default":"orange>","$texture_hover|default":"textures/ui/buttons/orange_hover","$texture|default":"textures/ui/buttons/orange"}},{"bg_red@shop_item_price_bg_route":{"$bg_discriminator|default":"red>","$texture_hover|default":"textures/ui/buttons/red_hover","$texture|default":"textures/ui/buttons/red"}},{"label":{"anchor_from":"center","anchor_to":"center","bindings":[{"binding_collection_name":"form_buttons","binding_name":"#form_button_text","binding_type":"collection"},{"binding_type":"view","source_property_name":"(#form_button_text - $shop_item_discriminator - 'green>' - 'orange>' - 'red>')","target_property_name":"#alt_text"}],"font_type":"MinecraftTen","layer":3,"offset":[0,"-1px"],"text":"#alt_text","type":"label"}}],"offset":[0,"53px"],"size":["100%","16px"],"type":"panel"},"shop_item_generator@common.button":{"$_size":["100%c + 1.8px","100%c"],"$pressed_button_name":"button.form_button_click","$shop_item_discriminator|default":"item_","$shop_item_top_padding|default":false,"bindings":[{"binding_collection_name":"form_buttons","binding_condition":"once","binding_type":"collection_details"},{"binding_collection_name":"form_buttons","binding_condition":"once","binding_name":"(not ((#form_button_text - $shop_item_discriminator) = #form_button_text))","binding_name_override":"#visible","binding_type":"collection"}],"controls":[{"default@shop_item_button":{}},{"hover@shop_item_button":{"$hover_state":true}},{"pressed@shop_item_button":{"$hover_state":true}}],"size":"$_size","variables":[{"$_size":["100%c + 1.8px","100%c + 3px"],"requires":"$shop_item_top_padding"}]},"shop_item_price_bg_route":{"$_texture":"","$bg_discriminator|default":"green>","$texture_hover|default":"textures/ui/buttons/green_hover","$texture|default":"textures/ui/buttons/green","bindings":[{"binding_collection_name":"form_buttons","binding_condition":"once","binding_name":"(not ((#form_button_text - $bg_discriminator) = #form_button_text))","binding_name_override":"#visible","binding_type":"collection"}],"fill":true,"texture":"$_texture","type":"image","variables":[{"$_texture":"$texture","requires":"(not ($hover_state))"},{"$_texture":"$texture_hover","requires":"$hover_state"}]},"shop_menu@havoc_forms.menu_form":{"$form_name":"havoc.shop_menu","$menu_content":[{"sidebar":{"anchor_from":"top_left","anchor_to":"top_left","controls":[{"desc@havoc_forms_shop.sidebar_description":{"bindings":[{"binding_type":"view","source_property_name":"(not (($var_title_text - '+desc') = $var_title_text))","target_property_name":"#visible"}]}},{"categories@havoc_forms_shop.sidebar_categories":{"bindings":[{"binding_type":"view","resolve_sibling_scope":true,"source_control_name":"desc","source_property_name":"(not #visible)","target_property_name":"#visible"}]}}],"size":["102px","100%"],"type":"panel"}},{"content_wrapper":{"anchor_from":"top_left","anchor_to":"top_left","controls":[{"content@common.scrolling_panel":{"$scroll_bar_right_padding_size":[0,0],"$scrolling_content":"havoc_forms_shop.scrolling_content","$scrolling_pane_size":["100%","100%"],"$show_background":false}}],"offset":["104px",0],"size":["100% - 104px","100%"],"type":"panel"}}],"$menu_title":"#form_text"},"sidebar_categories":{"collection_name":"form_buttons","controls":[{"sell@havoc_forms_shop.category_button_wrapper":{"$texture":"textures/ui/buttons/orange","$texture_hover":"textures/ui/buttons/orange_hover","collection_index":0}},{"cat01@havoc_forms_shop.category_button_wrapper":{"collection_index":1}},{"cat02@havoc_forms_shop.category_button_wrapper":{"collection_index":2}},{"cat03@havoc_forms_shop.category_button_wrapper":{"collection_index":3}},{"cat04@havoc_forms_shop.category_button_wrapper":{"collection_index":4}},{"cat05@havoc_forms_shop.category_button_wrapper":{"collection_index":5}},{"cat06@havoc_forms_shop.category_button_wrapper":{"collection_index":6}},{"cat07@havoc_forms_shop.category_button_wrapper":{"collection_index":7}},{"cat08@havoc_forms_shop.category_button_wrapper":{"collection_index":8}}],"orientation":"vertical","size":["100%","100%"],"type":"stack_panel"},"sidebar_desc_wrapper":{"controls":[{"desc":{"anchor_from":"top_left","anchor_to":"top_left","bindings":[{"binding_collection_name":"form_buttons","binding_name":"#form_button_text","binding_type":"collection"}],"font_scale_factor":1,"offset":["4px","5px"],"shadow":true,"size":["100% - 6px","100% - 5px"],"text":"#form_button_text","type":"label"}}],"size":["100%","100%"],"type":"panel"},"sidebar_description":{"controls":[{"desc_accessor":{"collection_name":"form_buttons","controls":[{"desc_wrapper@sidebar_desc_wrapper":{"collection_index":0}}],"size":["100%","100%"],"type":"stack_panel"}}],"size":["100%","100%"],"texture":"textures/ui/shop/desc_bg","type":"image"}}