{"desc_button":{"controls":[{"desc_button@common.button":{"$pressed_button_name":"button.form_button_click","anchor_from":"center","anchor_to":"center","bindings":[{"binding_collection_name":"form_buttons","binding_condition":"once","binding_type":"collection_details"},{"binding_collection_name":"form_buttons","binding_condition":"once","binding_name":"((not (#form_button_text = '_'))","binding_name_override":"#visible","binding_type":"collection"}],"controls":[{"default@havoc_forms_vert_desc.desc_button_panel":{}},{"hover@havoc_forms_vert_desc.desc_button_panel":{"$hover_state":true}},{"pressed@havoc_forms_vert_desc.desc_button_panel":{"$hover_state":true}}],"size":["100%c","100%c"]}}],"size":["100%","100%"],"type":"panel"},"desc_button_panel":{"$hover_state|default":false,"controls":[{"bg_default":{"bindings":[{"binding_collection_name":"form_buttons","binding_name":"#form_button_texture","binding_name_override":"#texture","binding_type":"collection"},{"binding_type":"view","source_property_name":"(not ((#texture = '') or (#texture = 'loading')))","target_property_name":"#visible"}],"fill":true,"ignored":"$hover_state","size":["100%","100%"],"type":"image"}},{"bg_hover":{"bindings":[{"binding_collection_name":"form_buttons","binding_name":"(#form_button_texture + '_hover')","binding_name_override":"#texture","binding_type":"collection"},{"binding_type":"view","source_property_name":"(not ((#texture = '') or (#texture = 'loading')))","target_property_name":"#visible"}],"fill":true,"ignored":"(not $hover_state)","size":["100%","100%"],"type":"image"}},{"label":{"anchor_from":"center","anchor_to":"center","bindings":[{"binding_collection_name":"form_buttons","binding_name":"#form_button_text","binding_type":"collection"}],"font_scale_factor":1.3,"font_type":"MinecraftTen","layer":11,"offset":[0,"-1px"],"text":"#form_button_text","type":"label"}}],"size":[100,26],"type":"panel"},"desc_button_wrapper":{"collection_name":"form_buttons","controls":[{"@desc_button":{"collection_index":"$desc_button_collection_index"}}],"size":["100%",26],"type":"stack_panel"},"desc_content":{"anchor_from":"right_middle","anchor_to":"right_middle","collection_name":"form_buttons","controls":[{"s1@desc_panel":{"$primary_btn_collection_index":2,"$secondary_btn_collection_index":3,"bindings":[{"binding_type":"view","source_control_name":"section_bind_1","source_property_name":"#toggle_state","target_property_name":"#visible"}],"collection_index":1}},{"s2@desc_panel":{"$primary_btn_collection_index":5,"$secondary_btn_collection_index":6,"bindings":[{"binding_type":"view","source_control_name":"section_bind_2","source_property_name":"#toggle_state","target_property_name":"#visible"}],"collection_index":4}},{"s3@desc_panel":{"$primary_btn_collection_index":8,"$secondary_btn_collection_index":9,"bindings":[{"binding_type":"view","source_control_name":"section_bind_3","source_property_name":"#toggle_state","target_property_name":"#visible"}],"collection_index":7}},{"s4@desc_panel":{"$primary_btn_collection_index":11,"$secondary_btn_collection_index":12,"bindings":[{"binding_type":"view","source_control_name":"section_bind_4","source_property_name":"#toggle_state","target_property_name":"#visible"}],"collection_index":10}},{"s5@desc_panel":{"$primary_btn_collection_index":14,"$secondary_btn_collection_index":15,"bindings":[{"binding_type":"view","source_control_name":"section_bind_5","source_property_name":"#toggle_state","target_property_name":"#visible"}],"collection_index":13}},{"s6@desc_panel":{"$primary_btn_collection_index":17,"$secondary_btn_collection_index":18,"bindings":[{"binding_type":"view","source_control_name":"section_bind_6","source_property_name":"#toggle_state","target_property_name":"#visible"}],"collection_index":16}},{"s7@desc_panel":{"$primary_btn_collection_index":20,"$secondary_btn_collection_index":21,"bindings":[{"binding_type":"view","source_control_name":"section_bind_7","source_property_name":"#toggle_state","target_property_name":"#visible"}],"collection_index":19}},{"s8@desc_panel":{"$primary_btn_collection_index":23,"$secondary_btn_collection_index":24,"bindings":[{"binding_type":"view","source_control_name":"section_bind_8","source_property_name":"#toggle_state","target_property_name":"#visible"}],"collection_index":22}}],"size":["100% - 152px","100%c"],"type":"stack_panel"},"desc_panel":{"anchor_from":"center","anchor_to":"center","controls":[{"desc_text":{"anchor_from":"center","anchor_to":"center","bindings":[{"binding_collection_name":"form_buttons","binding_name":"#form_button_texture","binding_name_override":"#desc","binding_type":"collection"},{"binding_type":"view","source_property_name":"(not ((#desc = '') or (#desc = 'loading')))","target_property_name":"#visible"}],"size":[226,"default"],"text":"#desc","text_alignment":"center","type":"label"}},{"spacer":{"size":["100%",10],"type":"panel"}},{"primary_button@desc_button_wrapper":{"$desc_button_collection_index":"$primary_btn_collection_index"}},{"secondary_button@desc_button_wrapper":{"$desc_button_collection_index":"$secondary_btn_collection_index"}}],"layer":10,"orientation":"vertical","size":["100%","100%c"],"type":"stack_panel"},"namespace":"havoc_forms_vert_desc","section_base":{"$texture_suffix|default":"","collection_name":"form_buttons","controls":[{"background":{"bindings":[{"binding_collection_name":"form_buttons","binding_name":"(#form_button_texture + $texture_suffix)","binding_name_override":"#texture","binding_type":"collection"},{"binding_type":"view","source_property_name":"(not ((#texture = '') or (#texture = 'loading')))","target_property_name":"#visible"}],"collection_index":0,"fill":true,"size":["100%","100%"],"type":"image"}}],"size":["100%","100%"],"type":"stack_panel"},"section_checked@section_base":{"$texture_suffix":""},"section_default@section_base":{"$texture_suffix":"_dark"},"section_hover@section_base":{"$texture_suffix":"_hover"},"section_toggle":{"$checked_control":"havoc_forms_vert_desc.section_checked","$checked_hover_control":"havoc_forms_vert_desc.section_hover","$toggle_group_default_selected":0,"$toggle_name":"sections","$unchecked_control":"havoc_forms_vert_desc.section_default","$unchecked_hover_control":"havoc_forms_vert_desc.section_hover","controls":[{"$section_bind@common.radio_toggle":{}},{"button_title":{"anchor_from":"center","anchor_to":"center","bindings":[{"binding_collection_name":"form_buttons","binding_name":"#form_button_text","binding_type":"collection"}],"font_scale_factor":1.3,"font_type":"MinecraftTen","layer":200,"offset":[0,"-2px"],"size":["default",13],"text":"#form_button_text","text_alignment":"center","type":"label"}}],"size":["100%",23.875],"type":"panel"},"section_toggle_wrapper":{"$_size":["100%",24.875],"$top_toggle|default":false,"bindings":[{"binding_collection_name":"form_buttons","binding_condition":"once","binding_name":"((not (#form_button_text = '_'))","binding_name_override":"#visible","binding_type":"collection"}],"controls":[{"@section_toggle":{"$_offset":[0,1],"anchor_from":"top_left","anchor_to":"top_left","offset":"$_offset","variables":[{"$_offset":[0,0],"requires":"$top_toggle"}]}}],"size":"$_size","type":"panel","variables":[{"$_size":["100%",23.875],"requires":"$top_toggle"}]},"toggles":{"anchor_from":"top_left","anchor_to":"top_left","collection_name":"form_buttons","controls":[{"s1@section_toggle_wrapper":{"$section_bind":"section_bind_1","$toggle_group_forced_index":0,"$top_toggle":true,"collection_index":1}},{"s2@section_toggle_wrapper":{"$section_bind":"section_bind_2","$toggle_group_forced_index":1,"collection_index":4}},{"s3@section_toggle_wrapper":{"$section_bind":"section_bind_3","$toggle_group_forced_index":2,"collection_index":7}},{"s4@section_toggle_wrapper":{"$section_bind":"section_bind_4","$toggle_group_forced_index":3,"collection_index":10}},{"s5@section_toggle_wrapper":{"$section_bind":"section_bind_5","$toggle_group_forced_index":4,"collection_index":13}},{"s6@section_toggle_wrapper":{"$section_bind":"section_bind_6","$toggle_group_forced_index":5,"collection_index":16}},{"s7@section_toggle_wrapper":{"$section_bind":"section_bind_7","$toggle_group_forced_index":6,"collection_index":19}},{"s8@section_toggle_wrapper":{"$section_bind":"section_bind_8","$toggle_group_forced_index":7,"collection_index":22}}],"layer":5,"orientation":"vertical","size":[150,"100%"],"type":"stack_panel"},"vert_desc_menu@havoc_forms.menu_form":{"$bg":"textures/ui/general/more_black","$form_name":"havoc.vertical_desc","$menu_content":[{"left_column@havoc_forms_vert_desc.toggles":{}},{"right_column@havoc_forms_vert_desc.desc_content":{}}],"$menu_title":"#form_text"}}