{"crosshair":{"anchor_from":"center","anchor_to":"center","controls":[{"assaultrifle@crosshair_type":{"$crosshair_texture":"textures/ui/crosshair/assaultrifle","$crosshair_value":"201"}},{"crossbow@crosshair_type":{"$crosshair_texture":"textures/ui/crosshair/crossbow","$crosshair_value":"202"}},{"flamethrower@crosshair_type":{"$crosshair_texture":"textures/ui/crosshair/flamethrower","$crosshair_value":"203"}},{"grenadelauncher@crosshair_type":{"$crosshair_texture":"textures/ui/crosshair/grenadelauncher","$crosshair_value":"204"}},{"lmg@crosshair_type":{"$crosshair_texture":"textures/ui/crosshair/lmg","$crosshair_value":"205"}},{"melee@crosshair_type":{"$crosshair_texture":"textures/ui/crosshair/melee","$crosshair_value":"206"}},{"pistol@crosshair_type":{"$crosshair_texture":"textures/ui/crosshair/pistol","$crosshair_value":"207"}},{"rocketlauncher@crosshair_type":{"$crosshair_texture":"textures/ui/crosshair/rocketlauncher","$crosshair_value":"208"}},{"shotgun@crosshair_type":{"$crosshair_texture":"textures/ui/crosshair/shotgun","$crosshair_value":"209"}},{"smg@crosshair_type":{"$crosshair_texture":"textures/ui/crosshair/smg","$crosshair_value":"210"}},{"sniper@crosshair_type":{"$crosshair_texture":"textures/ui/crosshair/sniper","$crosshair_value":"211"}},{"aimed@crosshair_type":{"$crosshair_texture":"textures/ui/crosshair/aimed","$crosshair_value":"212"}}],"layer":200,"offset":[-0.5,-0.5],"size":["fill","fill"],"type":"panel"},"crosshair_type@havoc.sb_ui":{"$sb_ui_element":"havoc.crosshair_type_image"},"crosshair_type_image":{"$crosshair_size|default":[89.5,89.5],"$crosshair_texture|default":"textures/ui/crosshair/assaultrifle","$crosshair_value|default":"200","alpha":1.0,"anchor_from":"center","anchor_to":"center","bindings":[{"binding_collection_name":"scoreboard_scores","binding_name":"#player_score_sidebar","binding_type":"collection"},{"binding_type":"view","source_property_name":"(#player_score_sidebar = $crosshair_value)","target_property_name":"#visible"}],"fill":true,"layer":30,"size":"$crosshair_size","texture":"$crosshair_texture","type":"image"},"namespace":"havoc"}