{"black_stained_glass_pane":{"sound":"glass"},"blue_stained_glass_pane":{"sound":"glass"},"cyan_stained_glass_pane":{"sound":"glass"},"format_version":[1,1,0],"gray_stained_glass_pane":{"sound":"glass"},"green_stained_glass_pane":{"sound":"glass"},"light_blue_stained_glass_pane":{"sound":"glass"},"light_gray_stained_glass_pane":{"sound":"glass"},"lime_stained_glass_pane":{"sound":"glass"},"normal_glass_pane":{"sound":"glass"},"pink_stained_glass_pane":{"sound":"glass"},"purple_stained_glass_pane":{"sound":"glass"},"red_stained_glass_pane":{"sound":"glass"},"white_stained_glass_pane":{"sound":"glass"},"yellow_stained_glass_pane":{"sound":"glass"}}