{"background":{"$bg|default":"textures/ui/general/black","fill":true,"size":["100%","100%"],"texture":"$bg","type":"image"},"button_wrapper@common.button":{"$button_control|default":"","controls":[{"default@$button_control":{}},{"hover@$button_control":{"$hover_state":true}},{"pressed@$button_control":{"$hover_state":true}}],"size":["100%cm","100%cm"]},"close_button@common.close_button":{"anchor_from":"bottom_right","anchor_to":"bottom_right","controls":[{"default@hvtk_menu.close_button_image":{}},{"hover@hvtk_menu.close_button_image":{"$close_button_texture":"textures/ui/menu/close_button_hover"}},{"pressed@hvtk_menu.close_button_image":{"$close_button_texture":"textures/ui/menu/close_button_hover"}}],"offset":[0,"-2px"],"size":["14px","14px"]},"close_button_image":{"$close_button_texture|default":"textures/ui/menu/close_button","size":["100%","100%"],"texture":"$close_button_texture","type":"image"},"close_button_wrapper@common.close_button":{"$button_control|default":"","controls":[{"default@$button_control":{}},{"hover@$button_control":{"$hover_state":true}},{"pressed@$button_control":{"$hover_state":true}}],"size":["100%cm","100%cm"]},"default_custom_header":{"ignored":true,"type":"panel"},"header":{"$menu_custom_header|default":"hvtk_menu.default_custom_header","$menu_title_bindings|default":[],"$menu_title|default":"Menu Title","controls":[{"title":{"anchor_from":"top_left","anchor_to":"top_left","bindings":"$menu_title_bindings","font_scale_factor":2,"font_type":"MinecraftTen","layer":3,"offset":[0,"-2px"],"size":["100%","20px"],"text":"$menu_title","text_alignment":"left","type":"label"}},{"title_shadow":{"alpha":0.5,"anchor_from":"top_left","anchor_to":"top_left","bindings":"$menu_title_bindings","color":[0,0,0],"font_scale_factor":2,"font_type":"MinecraftTen","layer":2,"offset":[1,-1],"size":["100%","20px"],"text":"$menu_title","text_alignment":"left","type":"label"}},{"custom_header@$menu_custom_header":{}},{"close_button@hvtk_menu.close_button":{}}],"size":["100%","20px"],"type":"panel"},"menu":{"$menu_body_control|default":"hvtk_menu.menu_body","$menu_header_control|default":"hvtk_menu.header","$menu_size|default":["384px","100%c"],"controls":[{"header@$menu_header_control":{}},{"spacer@hvtk_menu.spacer":{}},{"padding01":{"size":["100%","2px"],"type":"panel"}},{"body@$menu_body_control":{}}],"orientation":"vertical","size":"$menu_size","type":"stack_panel"},"menu_body":{"$menu_body_size|default":["100%","202px"],"$menu_content|default":[],"controls":[{"background@hvtk_menu.background":{"layer":1}},{"content":{"anchor_from":"center","anchor_to":"center","controls":"$menu_content","layer":2,"size":["100% - 6px","100% - 4px"],"type":"panel"}}],"size":"$menu_body_size","type":"panel"},"namespace":"hvtk_menu","spacer":{"anchor_from":"top_left","anchor_to":"top_left","fill":true,"size":["100%","2px"],"texture":"textures/ui/general/white","type":"image"},"subheader":{"$subheader_title|default":"Sub-header","controls":[{"title":{"anchor_from":"top_left","anchor_to":"top_left","font_scale_factor":1.5,"font_type":"MinecraftTen","size":["100%","15px"],"text":"$subheader_title","text_alignment":"left","type":"label"}},{"spacer@hvtk_menu.spacer":{"offset":[0,"20px"]}}],"size":["100%","21px"],"type":"panel"}}