{
  "format_version": "1.8.0",
  "minecraft:client_entity": {
    "description": {
      "animation_controllers": [
        {
          "general": "controller.animation.generic.single"
        }
      ],
      "animations": {
        "default": "animation.headhunt.mobvote.crab.idle"
      },
      "geometry": {
        "default": "geometry.cubecraft.headhunt.mobvote.crab"
      },
      "identifier": "cubecraft:headhunt.mobvote.crab",
      "materials": {
        "default": "entity_alphatest"
      },
      "render_controllers": [
        "controller.render.unlit"
      ],
      "textures": {
        "default": "textures/head_hunt/mobvote.crab"
      }
    }
  }
}