{
  "animations": {
    "animation.beehive.skywars.chestskin.close": {
      "animation_length": 0.3,
      "bones": {
        "lid": {
          "rotation": {
            "0.0": [
              75,
              0,
              0
            ],
            "0.2": [
              22.22,
              0,
              0
            ],
            "0.3": [
              0,
              0,
              0
            ]
          }
        },
        "stack1": {
          "position": {
            "0.0": [
              0,
              6,
              0
            ],
            "0.2": [
              0,
              1.78,
              0
            ],
            "0.3": [
              0,
              0,
              0
            ]
          },
          "rotation": [
            0,
            0,
            0
          ]
        },
        "stack3": {
          "position": {
            "0.0": [
              0,
              3,
              0
            ],
            "0.2": [
              0,
              0.89,
              0
            ],
            "0.3": [
              0,
              0,
              0
            ]
          },
          "rotation": [
            0,
            0,
            0
          ]
        },
        "stack5": {
          "position": {
            "0.0": [
              0,
              1,
              0
            ],
            "0.2": [
              0,
              0.3,
              0
            ],
            "0.3": [
              0,
              0,
              0
            ]
          },
          "rotation": [
            0,
            0,
            0
          ]
        }
      },
      "loop": "hold_on_last_frame"
    },
    "animation.beehive.skywars.chestskin.open": {
      "animation_length": 0.3,
      "bones": {
        "lid": {
          "rotation": {
            "0.0": [
              0,
              0,
              0
            ],
            "0.2": [
              52.78,
              0,
              0
            ],
            "0.3": [
              75,
              0,
              0
            ]
          }
        },
        "stack1": {
          "position": {
            "0.0": [
              0,
              0,
              0
            ],
            "0.2": [
              0,
              4.22,
              0
            ],
            "0.3": [
              0,
              6,
              0
            ]
          },
          "rotation": [
            0,
            0,
            0
          ]
        },
        "stack3": {
          "position": {
            "0.0": [
              0,
              0,
              0
            ],
            "0.2": [
              0,
              2.11,
              0
            ],
            "0.3": [
              0,
              3,
              0
            ]
          },
          "rotation": [
            0,
            0,
            0
          ]
        },
        "stack5": {
          "position": {
            "0.0": [
              0,
              0,
              0
            ],
            "0.2": [
              0,
              0.7,
              0
            ],
            "0.3": [
              0,
              1,
              0
            ]
          },
          "rotation": [
            0,
            0,
            0
          ]
        }
      },
      "loop": "hold_on_last_frame"
    }
  },
  "format_version": "1.8.0"
}