{
  "animations": {
    "animation.cardboardbox.skywars.chestskin.close": {
      "animation_length": 0.5,
      "bones": {
        "lid1": {
          "rotation": {
            "0.25": [
              0,
              0,
              112.5
            ],
            "0.5": [
              0,
              0,
              0
            ]
          }
        },
        "lid2": {
          "rotation": {
            "0.0": [
              -240,
              0,
              0
            ],
            "0.25": [
              0,
              0,
              0
            ]
          }
        },
        "lid3": {
          "rotation": {
            "0.0": [
              107.5,
              0,
              0
            ],
            "0.25": [
              0,
              0,
              0
            ]
          }
        },
        "lid4": {
          "rotation": {
            "0.25": [
              0,
              0,
              -122.5
            ],
            "0.5": [
              0,
              0,
              0
            ]
          }
        }
      },
      "loop": "hold_on_last_frame"
    },
    "animation.cardboardbox.skywars.chestskin.open": {
      "animation_length": 0.5,
      "bones": {
        "lid1": {
          "rotation": {
            "0.0": [
              0,
              0,
              0
            ],
            "0.25": [
              0,
              0,
              112.5
            ]
          }
        },
        "lid2": {
          "rotation": {
            "0.25": [
              0,
              0,
              0
            ],
            "0.5": [
              -240,
              0,
              0
            ]
          }
        },
        "lid3": {
          "rotation": {
            "0.25": [
              0,
              0,
              0
            ],
            "0.5": [
              107.5,
              0,
              0
            ]
          }
        },
        "lid4": {
          "rotation": {
            "0.0": [
              0,
              0,
              0
            ],
            "0.25": [
              0,
              0,
              -122.5
            ]
          }
        }
      },
      "loop": "hold_on_last_frame"
    }
  },
  "format_version": "1.8.0"
}