{
  "animations": {
    "animation.dollhouse.close": {
      "animation_length": 0.29167,
      "bones": {
        "door": {
          "rotation": {
            "0.0": [
              0,
              90,
              0
            ],
            "0.2917": [
              0,
              0,
              0
            ]
          }
        }
      },
      "loop": "hold_on_last_frame"
    },
    "animation.dollhouse.open": {
      "animation_length": 9.54167,
      "bones": {
        "bone": {
          "rotation": {
            "0.5": [
              0,
              0,
              0
            ],
            "9.0": [
              0,
              115,
              0
            ],
            "9.5417": [
              0,
              115,
              0
            ]
          }
        },
        "door": {
          "rotation": {
            "0.0": [
              0,
              0,
              0
            ],
            "0.2917": [
              0,
              90,
              0
            ]
          }
        }
      },
      "loop": "hold_on_last_frame"
    }
  },
  "format_version": "1.8.0"
}