{
  "animations": {
    "animation.cubecraft.chestskin.mini_fridge.close": {
      "animation_length": 0.33333,
      "bones": {
        "can9": {
          "position": [
            0,
            -9,
            -7
          ],
          "rotation": [
            -360,
            90,
            -270
          ],
          "scale": {
            "0.0": [
              1,
              1,
              1
            ],
            "0.1667": [
              0,
              0,
              0
            ]
          }
        },
        "lid": {
          "rotation": {
            "0.0": [
              0,
              92.5,
              0
            ],
            "0.3333": [
              0,
              0,
              0
            ]
          }
        }
      },
      "loop": "hold_on_last_frame"
    },
    "animation.cubecraft.chestskin.mini_fridge.open": {
      "animation_length": 0.33333,
      "bones": {
        "can9": {
          "position": {
            "0.0": [
              0,
              0,
              0
            ],
            "0.125": [
              0,
              -2.33,
              -3.67
            ],
            "0.25": [
              0,
              -9,
              -4
            ],
            "0.3333": [
              0,
              -9,
              -7
            ]
          },
          "rotation": {
            "0.0": [
              0,
              0,
              0
            ],
            "0.25": [
              0,
              -45,
              90
            ],
            "0.3333": [
              -360,
              90,
              -270
            ]
          }
        },
        "lid": {
          "rotation": {
            "0.0": [
              0,
              0,
              0
            ],
            "0.3333": [
              0,
              92.5,
              0
            ]
          }
        }
      },
      "loop": "hold_on_last_frame"
    }
  },
  "format_version": "1.8.0"
}