{
  "animations": {
    "animation.chestskin.pumpkinface.close": {
      "animation_length": 0.5,
      "bones": {
        "droop": {
          "position": [
            -3,
            4,
            -3
          ],
          "scale": {
            "0.0": [
              1,
              1,
              1
            ],
            "0.5": [
              1,
              0,
              1
            ]
          }
        },
        "lid": {
          "position": {
            "0.0": [
              0,
              -8,
              9
            ],
            "0.125": [
              0,
              -4.5,
              10
            ],
            "0.25": [
              0,
              -1,
              8.5
            ],
            "0.3333": [
              0,
              0.33,
              6.17
            ],
            "0.5": [
              0,
              0,
              0
            ]
          },
          "rotation": {
            "0.0": [
              -90,
              0,
              0
            ],
            "0.5": [
              0,
              0,
              0
            ]
          }
        }
      },
      "loop": "hold_on_last_frame"
    },
    "animation.chestskin.pumpkinface.open": {
      "animation_length": 0.5,
      "bones": {
        "droop": {
          "position": [
            -3,
            4,
            -3
          ],
          "scale": {
            "0.0": [
              1,
              0,
              1
            ],
            "0.5": [
              1,
              1,
              1
            ]
          }
        },
        "lid": {
          "position": {
            "0.0": [
              0,
              0,
              0
            ],
            "0.1667": [
              0,
              0.33,
              6.17
            ],
            "0.25": [
              0,
              -1,
              8.5
            ],
            "0.375": [
              0,
              -4.5,
              10
            ],
            "0.5": [
              0,
              -8,
              9
            ]
          },
          "rotation": {
            "0.0": [
              0,
              0,
              0
            ],
            "0.5": [
              -90,
              0,
              0
            ]
          }
        }
      },
      "loop": "hold_on_last_frame"
    }
  },
  "format_version": "1.8.0"
}