{
  "animations": {
    "animation.supplycrate.skywars.chestskin.close": {
      "animation_length": 0.3125,
      "bones": {
        "lid": {
          "position": {
            "0.0": [
              0,
              -0.6,
              -0.5
            ],
            "0.3125": [
              0,
              0,
              0
            ]
          },
          "rotation": {
            "0.0": [
              -62.5,
              0,
              0
            ],
            "0.3125": [
              0,
              0,
              0
            ]
          }
        },
        "lid2": {
          "rotation": {
            "0.0": [
              0,
              0,
              102.5
            ],
            "0.1875": [
              0,
              0,
              0
            ],
            "0.3125": [
              0,
              0,
              0
            ]
          }
        },
        "lid3": {
          "rotation": {
            "0.0": [
              0,
              0,
              -102.5
            ],
            "0.1875": [
              0,
              0,
              0
            ]
          }
        },
        "raiser": {
          "position": {
            "0.1875": [
              0,
              0,
              0
            ],
            "0.3125": [
              0,
              -2,
              0
            ]
          },
          "rotation": {
            "0.0625": [
              7.5,
              0,
              0
            ],
            "0.1875": [
              0,
              0,
              0
            ],
            "0.3125": [
              0,
              0,
              0
            ]
          }
        }
      },
      "loop": "hold_on_last_frame"
    },
    "animation.supplycrate.skywars.chestskin.open": {
      "animation_length": 0.375,
      "bones": {
        "lid": {
          "position": {
            "0.0": [
              0,
              0,
              0
            ],
            "0.3125": [
              0,
              -0.6,
              -0.5
            ]
          },
          "rotation": {
            "0.0": [
              0,
              0,
              0
            ],
            "0.3125": [
              -62.5,
              0,
              0
            ]
          }
        },
        "lid2": {
          "rotation": {
            "0.0": [
              0,
              0,
              0
            ],
            "0.125": [
              0,
              0,
              0
            ],
            "0.3125": [
              0,
              0,
              107.5
            ],
            "0.375": [
              0,
              0,
              102.5
            ]
          }
        },
        "lid3": {
          "rotation": {
            "0.125": [
              0,
              0,
              0
            ],
            "0.3125": [
              0,
              0,
              -107.5
            ],
            "0.375": [
              0,
              0,
              -102.5
            ]
          }
        },
        "raiser": {
          "position": {
            "0.0": [
              0,
              -2,
              0
            ],
            "0.125": [
              0,
              0,
              0
            ]
          },
          "rotation": {
            "0.0": [
              0,
              0,
              0
            ],
            "0.125": [
              0,
              0,
              0
            ],
            "0.375": [
              7.5,
              0,
              0
            ]
          }
        }
      },
      "loop": "hold_on_last_frame"
    }
  },
  "format_version": "1.8.0"
}