{
  "animations": {
    "animation.whalechest.skywars.chestskin.close": {
      "animation_length": 0.3,
      "bones": {
        "top": {
          "rotation": {
            "0.0": [
              -62.5,
              0,
              0
            ],
            "0.2": [
              -18.52,
              0,
              0
            ],
            "0.3": [
              0,
              0,
              0
            ]
          }
        }
      },
      "loop": "hold_on_last_frame"
    },
    "animation.whalechest.skywars.chestskin.open": {
      "animation_length": 0.3,
      "bones": {
        "top": {
          "rotation": {
            "0.0": [
              0,
              0,
              0
            ],
            "0.2": [
              -43.98,
              0,
              0
            ],
            "0.3": [
              -62.5,
              0,
              0
            ]
          }
        }
      },
      "loop": "hold_on_last_frame"
    }
  },
  "format_version": "1.8.0"
}