{
  "format_version": "1.8.0",
  "minecraft:client_entity": {
    "description": {
      "animation_controllers": [
        {
          "idle": "controller.animation.rpg.entity.generic.idle"
        }
      ],
      "animations": {
        "idle": "animation.npc.humanoid.idle"
      },
      "geometry": {
        "default": "geometry.race.dwarf.warrior.male.a"
      },
      "identifier": "cubecraft:race_dwarf_warrior_male_a",
      "materials": {
        "default": "entity_alphatest"
      },
      "render_controllers": [
        "controller.render.agent"
      ],
      "textures": {
        "default": "textures/races/dwarf/race.dwarf.warrior.male.a"
      }
    }
  }
}