{
  "format_version": "1.12.0",
  "minecraft:geometry": [
    {
      "bones": [
        {
          "name": "full_banner",
          "pivot": [
            -1,
            16,
            1
          ]
        },
        {
          "cubes": [
            {
              "origin": [
                -1,
                0,
                -23
              ],
              "size": [
                0,
                32,
                48
              ],
              "uv": {
                "west": {
                  "uv": [
                    0,
                    0
                  ],
                  "uv_size": [
                    72,
                    48
                  ]
                }
              }
            }
          ],
          "name": "backdrop",
          "parent": "full_banner",
          "pivot": [
            -1,
            16,
            1
          ],
          "rotation": [
            0,
            90,
            0
          ]
        },
        {
          "cubes": [
            {
              "origin": [
                0,
                0,
                -24
              ],
              "size": [
                0,
                32,
                48
              ],
              "uv": {
                "north": {
                  "uv": [
                    0,
                    0
                  ],
                  "uv_size": [
                    0,
                    0
                  ]
                },
                "south": {
                  "uv": [
                    0,
                    0
                  ],
                  "uv_size": [
                    0,
                    0
                  ]
                },
                "west": {
                  "uv": [
                    73,
                    0
                  ],
                  "uv_size": [
                    72,
                    48
                  ]
                }
              }
            }
          ],
          "name": "text",
          "parent": "full_banner",
          "pivot": [
            0,
            16,
            0
          ],
          "rotation": [
            0,
            90,
            0
          ]
        }
      ],
      "description": {
        "identifier": "geometry.lobby.text",
        "texture_height": 49,
        "texture_width": 145,
        "visible_bounds_height": 4.5,
        "visible_bounds_offset": [
          0,
          1.75,
          0
        ],
        "visible_bounds_width": 5
      }
    }
  ]
}