{
  "format_version": "1.12.0",
  "minecraft:geometry": [
    {
      "bones": [
        {
          "cubes": [
            {
              "origin": [
                -3,
                27,
                -11
              ],
              "size": [
                6,
                5,
                8
              ],
              "uv": [
                2,
                14
              ]
            },
            {
              "origin": [
                2,
                31,
                -9
              ],
              "size": [
                0,
                3,
                3
              ],
              "uv": [
                1,
                28
              ]
            },
            {
              "origin": [
                -2,
                31,
                -9
              ],
              "size": [
                0,
                3,
                3
              ],
              "uv": [
                1,
                28
              ]
            },
            {
              "origin": [
                -2.7,
                25,
                -11
              ],
              "size": [
                0,
                2,
                8
              ],
              "uv": [
                0,
                90
              ]
            },
            {
              "origin": [
                2.5,
                25,
                -11
              ],
              "size": [
                0,
                2,
                8
              ],
              "uv": [
                0,
                108
              ]
            },
            {
              "origin": [
                -3,
                25,
                -9.5
              ],
              "size": [
                6,
                2,
                0
              ],
              "uv": [
                86,
                6
              ]
            },
            {
              "origin": [
                -3.01,
                28,
                -5
              ],
              "pivot": [
                0,
                32.5,
                0
              ],
              "rotation": [
                22.5,
                0,
                0
              ],
              "size": [
                6,
                6,
                8
              ],
              "uv": [
                1,
                0
              ]
            },
            {
              "origin": [
                -3.01,
                26.6,
                1.1
              ],
              "size": [
                6,
                8,
                0
              ],
              "uv": [
                63,
                26
              ]
            },
            {
              "origin": [
                -3.01,
                25.5315,
                1.05015
              ],
              "size": [
                6,
                8,
                0
              ],
              "uv": [
                102,
                10
              ]
            },
            {
              "origin": [
                -3.01,
                35.03387,
                2.19761
              ],
              "size": [
                6,
                0,
                4
              ],
              "uv": [
                24,
                85
              ]
            },
            {
              "origin": [
                2.99,
                30.85968,
                15.77178
              ],
              "pivot": [
                -2.01,
                1.82581,
                13.57417
              ],
              "rotation": [
                22.5,
                0,
                0
              ],
              "size": [
                0,
                6,
                5
              ],
              "uv": [
                76,
                15
              ]
            },
            {
              "origin": [
                -3.009,
                29.83626,
                3.23148
              ],
              "pivot": [
                -3.009,
                32.83626,
                4.73148
              ],
              "rotation": [
                22.5,
                0,
                0
              ],
              "size": [
                0,
                6,
                5
              ],
              "uv": [
                10,
                75
              ]
            },
            {
              "origin": [
                -3,
                22,
                -2
              ],
              "pivot": [
                0,
                22,
                0.5
              ],
              "rotation": [
                22.5,
                0,
                0
              ],
              "size": [
                6,
                4,
                5
              ],
              "uv": [
                0,
                71
              ]
            },
            {
              "origin": [
                -3.5,
                24,
                -3
              ],
              "size": [
                7,
                6,
                7
              ],
              "uv": [
                33,
                7
              ]
            },
            {
              "origin": [
                -4.8,
                23.65434,
                5.73777
              ],
              "pivot": [
                0,
                26.65434,
                7.23777
              ],
              "rotation": [
                -22.5,
                0,
                0
              ],
              "size": [
                0,
                6,
                3
              ],
              "uv": [
                24,
                41
              ]
            }
          ],
          "name": "Head",
          "pivot": [
            0,
            22.66667,
            -2.08333
          ],
          "rotation": [
            1.49435,
            -0.49813,
            -0.14376
          ]
        },
        {
          "cubes": [
            {
              "origin": [
                -3.1,
                25.34862,
                -9.98478
              ],
              "size": [
                6,
                2,
                8
              ],
              "uv": [
                2,
                44
              ]
            },
            {
              "origin": [
                -4.1,
                27.44862,
                -8.98478
              ],
              "size": [
                8,
                0,
                8
              ],
              "uv": [
                55,
                85
              ]
            },
            {
              "origin": [
                -2.6,
                27.34862,
                -9.18478
              ],
              "size": [
                0,
                2,
                8
              ],
              "uv": [
                22,
                68
              ]
            },
            {
              "origin": [
                -2.9,
                27.34862,
                -9.58478
              ],
              "size": [
                6,
                2,
                0
              ],
              "uv": [
                32,
                4
              ]
            },
            {
              "origin": [
                2.3,
                27.34862,
                -9.98478
              ],
              "size": [
                0,
                2,
                8
              ],
              "uv": [
                36,
                16
              ]
            }
          ],
          "name": "jaw",
          "parent": "Head",
          "pivot": [
            -0.1,
            27.375,
            -3
          ],
          "rotation": [
            2.5,
            0,
            0
          ]
        },
        {
          "cubes": [
            {
              "origin": [
                -4,
                12,
                -2
              ],
              "size": [
                8,
                12,
                4
              ],
              "uv": [
                0,
                55
              ]
            },
            {
              "inflate": 0.25,
              "origin": [
                -4,
                12,
                -2
              ],
              "size": [
                8,
                12,
                4
              ],
              "uv": [
                32,
                44
              ]
            },
            {
              "inflate": 0.25,
              "origin": [
                -4.5,
                12,
                -2.5
              ],
              "size": [
                9,
                12,
                5
              ],
              "uv": [
                74,
                40
              ]
            }
          ],
          "name": "Body",
          "pivot": [
            0,
            24,
            0
          ]
        },
        {
          "cubes": [
            {
              "mirror": true,
              "origin": [
                -16,
                13,
                2
              ],
              "pivot": [
                -0.5,
                21.5,
                2
              ],
              "rotation": [
                0,
                22.5,
                0
              ],
              "size": [
                15,
                17,
                0
              ],
              "uv": [
                30,
                27
              ]
            }
          ],
          "name": "wing_b",
          "parent": "Body",
          "pivot": [
            -0.5,
            21.5,
            2
          ]
        },
        {
          "cubes": [
            {
              "origin": [
                2,
                13,
                2
              ],
              "pivot": [
                0.5,
                21.5,
                2
              ],
              "rotation": [
                0,
                -22.5,
                0
              ],
              "size": [
                15,
                17,
                0
              ],
              "uv": [
                30,
                27
              ]
            }
          ],
          "name": "wing_a",
          "parent": "Body",
          "pivot": [
            1.5,
            21.5,
            2
          ]
        },
        {
          "cubes": [
            {
              "origin": [
                0.249,
                10.8,
                1.3
              ],
              "pivot": [
                0,
                14,
                4.5
              ],
              "rotation": [
                -22.5,
                0,
                0
              ],
              "size": [
                0,
                5,
                6
              ],
              "uv": [
                22,
                72
              ]
            },
            {
              "origin": [
                0.25,
                12.65,
                6.3
              ],
              "pivot": [
                0,
                14,
                4.5
              ],
              "rotation": [
                -45,
                0,
                0
              ],
              "size": [
                0,
                4,
                8
              ],
              "uv": [
                67,
                8
              ]
            },
            {
              "origin": [
                0.249,
                0.9,
                10.35
              ],
              "size": [
                0,
                8,
                3
              ],
              "uv": [
                0,
                11
              ]
            }
          ],
          "name": "tail",
          "parent": "Body",
          "pivot": [
            0,
            14,
            4.5
          ],
          "rotation": [
            0,
            0,
            17.5
          ]
        },
        {
          "cubes": [
            {
              "inflate": 0.25,
              "mirror": true,
              "origin": [
                -7.2,
                11.5,
                -2.2
              ],
              "size": [
                4,
                13,
                5
              ],
              "uv": [
                103,
                39
              ]
            },
            {
              "inflate": 0.25,
              "mirror": true,
              "origin": [
                -7,
                12,
                -2
              ],
              "size": [
                3,
                12,
                4
              ],
              "uv": [
                67,
                0
              ]
            }
          ],
          "name": "RightArm",
          "pivot": [
            -5,
            22,
            0
          ]
        },
        {
          "cubes": [
            {
              "inflate": 0.25,
              "origin": [
                4,
                12,
                -2
              ],
              "size": [
                3,
                12,
                4
              ],
              "uv": [
                67,
                0
              ]
            },
            {
              "inflate": 0.25,
              "origin": [
                3.2,
                11.5,
                -2.4
              ],
              "size": [
                4,
                13,
                5
              ],
              "uv": [
                103,
                39
              ]
            }
          ],
          "name": "LeftArm",
          "pivot": [
            5,
            22,
            0
          ],
          "rotation": [
            2,
            0,
            0
          ]
        },
        {
          "cubes": [
            {
              "origin": [
                -4.6,
                -0.3,
                -3
              ],
              "size": [
                6,
                0,
                6
              ],
              "uv": [
                34,
                60
              ]
            },
            {
              "inflate": 0.25,
              "mirror": true,
              "origin": [
                -4.15,
                0,
                -2.25
              ],
              "size": [
                4,
                12,
                5
              ],
              "uv": [
                81,
                60
              ]
            },
            {
              "inflate": 0.25,
              "mirror": true,
              "origin": [
                -3.65,
                0,
                -1.75
              ],
              "size": [
                3,
                12,
                4
              ],
              "uv": [
                56,
                40
              ]
            }
          ],
          "name": "RightLeg",
          "pivot": [
            -2.65,
            12,
            0.25
          ],
          "rotation": [
            0,
            0,
            0
          ]
        },
        {
          "cubes": [
            {
              "origin": [
                -0.6,
                -0.3,
                -3
              ],
              "size": [
                6,
                0,
                6
              ],
              "uv": [
                34,
                60
              ]
            },
            {
              "inflate": 0.25,
              "origin": [
                0.4,
                0,
                -1.75
              ],
              "size": [
                3,
                12,
                4
              ],
              "uv": [
                56,
                40
              ]
            },
            {
              "inflate": 0.25,
              "origin": [
                -0.1,
                0,
                -2.15
              ],
              "size": [
                4,
                12,
                5
              ],
              "uv": [
                81,
                60
              ]
            }
          ],
          "name": "LeftLeg",
          "pivot": [
            2.4,
            12,
            0.25
          ],
          "rotation": [
            0,
            0,
            0
          ]
        }
      ],
      "description": {
        "identifier": "geometry.race.nym.civillian.female.a",
        "texture_height": 128,
        "texture_width": 128,
        "visible_bounds_height": 6,
        "visible_bounds_offset": [
          0,
          2,
          0
        ],
        "visible_bounds_width": 4
      }
    }
  ]
}