{"animations":{"animation.geyser_custom.geo_c39d247.firstperson_main_hand":{"bones":{"geyser_custom":{"position":[-6,8,0.5],"rotation":[90,0,0],"scale":0.9},"geyser_custom_x":{"position":[0,0,0],"rotation":[0,0,0],"scale":[2.7,2.7,2.7]},"geyser_custom_y":{"position":[0,0,0],"rotation":[0,0,0],"scale":1.2},"geyser_custom_z":{"rotation":[0,0,0]}},"loop":true},"animation.geyser_custom.geo_c39d247.thirdperson_main_hand":{"bones":{"geyser_custom":{"position":[-6,7,-1],"rotation":[90,0,0]},"geyser_custom_x":{"position":[0,0,0],"rotation":[0,0,0],"scale":[1.3,1.3,1.3]}},"loop":true}},"format_version":"1.8.0"}