{"animations":{"animation.geyser_custom.carnagesniper.firstperson_main_hand":{"bones":{"geyser_custom":{"position":[-5.5,9,1],"rotation":[90,0,0],"scale":1.5},"geyser_custom_x":{"position":[0,0,0],"rotation":[0,0,0]},"geyser_custom_y":{"position":[0,0,0],"rotation":[0,0,0],"scale":1.5}},"loop":true},"animation.geyser_custom.carnagesniper.thirdperson_main_hand":{"bones":{"geyser_custom":{"position":[-6,5.75,0],"rotation":[90,0,0],"scale":1.1},"geyser_custom_x":{"position":[0,0,0],"rotation":[0,0,0]}},"loop":true}},"format_version":"1.8.0"}