{"animations":{"animation.geyser_custom.geo_dad490e.firstperson_main_hand":{"bones":{"geyser_custom":{"position":[-6,6,0.5],"rotation":[90,0,0],"scale":1.4},"geyser_custom_x":{"position":[0,0,0],"rotation":[0,0,0]},"geyser_custom_y":{"position":[0,0,0],"rotation":[0,0,0],"scale":1.65},"geyser_custom_z":{"rotation":[0,0,0]}},"loop":true},"animation.geyser_custom.geo_dad490e.thirdperson_main_hand":{"bones":{"geyser_custom":{"position":[-6,6,-1.5],"rotation":[90,0,0]},"geyser_custom_x":{"position":[0,0,0],"rotation":[0,0,0]},"geyser_custom_y":{"position":[0,0,0],"rotation":[0,0,0]},"geyser_custom_z":{"rotation":[0,0,0]}},"loop":true}},"format_version":"1.8.0"}