{"animations":{"animation.geyser_custom.geo_d86bc49.firstperson_main_hand":{"bones":{"geyser_custom":{"position":[-6,8,0.25],"rotation":[90,0,0],"scale":1.1},"geyser_custom_x":{"position":[0,0,0],"rotation":[0,0,0],"scale":[0.8,0.6,0.6]},"geyser_custom_y":{"position":[0,0,0],"rotation":[0,0,0],"scale":1.9},"geyser_custom_z":{"rotation":[0,0,0]}},"loop":true},"animation.geyser_custom.geo_d86bc49.thirdperson_main_hand":{"bones":{"geyser_custom":{"position":[-6,6,-1],"rotation":[90,0,0]},"geyser_custom_x":{"position":[0,0,0],"rotation":[0,0,0],"scale":[0.8,0.6,0.6]},"geyser_custom_y":{"position":[0,0,0],"rotation":[0,0,0],"scale":[1,1,1]},"geyser_custom_z":{"rotation":[0,0,0]}},"loop":true}},"format_version":"1.8.0"}