{"animations":{"animation.geyser_custom.geo_bebaa2d.firstperson_main_hand":{"bones":{"geyser_custom":{"position":[-6,7,2],"rotation":[90,0,0],"scale":1.2},"geyser_custom_x":{"position":[0,0,0],"rotation":[0,0,0],"scale":[1.4,1.4,1.4]},"geyser_custom_y":{"position":[0,0,0],"rotation":[0,0,0],"scale":1.4},"geyser_custom_z":{"rotation":[0,0,0]}},"loop":true},"animation.geyser_custom.geo_bebaa2d.thirdperson_main_hand":{"bones":{"geyser_custom":{"position":[-6,6,-1],"rotation":[90,0,0]},"geyser_custom_x":{"position":[0,0,0],"rotation":[0,0,0],"scale":[1.2,1.2,1.2]},"geyser_custom_y":{"position":[0,0,0],"rotation":[0,0,0],"scale":[0.8,0.8,0.8]},"geyser_custom_z":{"rotation":[0,0,0]}},"loop":true}},"format_version":"1.8.0"}