{"animations":{"animation.geyser_custom.geo_fe7e288.firstperson_main_hand":{"bones":{"geyser_custom":{"position":[-6,3,-0.5],"rotation":[90,0,0],"scale":1.3},"geyser_custom_x":{"position":[0,0,0],"rotation":[0,0,0],"scale":[2.8,2.8,2.8]},"geyser_custom_y":{"position":[0,0,0],"rotation":[0,0,0],"scale":1},"geyser_custom_z":{"rotation":[0,0,0]}},"loop":true},"animation.geyser_custom.geo_fe7e288.thirdperson_main_hand":{"bones":{"geyser_custom":{"position":[-6,6,-1.35],"rotation":[90,0,0]},"geyser_custom_x":{"position":[0,0,0],"rotation":[0,0,0],"scale":[2,2,2]},"geyser_custom_y":{"position":[0,0,0],"rotation":[0,0,0]},"geyser_custom_z":{"rotation":[0,0,0]}},"loop":true}},"format_version":"1.8.0"}