{"animations":{"animation.geyser_custom.geo_b0b5d24.firstperson_main_hand":{"bones":{"geyser_custom":{"position":[-6,10,0],"rotation":[90,0,0],"scale":1.2},"geyser_custom_x":{"position":[0,0,0],"rotation":[0,0,0],"scale":[1.5,1.5,1.5]},"geyser_custom_y":{"position":[0,0,0],"rotation":[0,0,0],"scale":1.4},"geyser_custom_z":{"rotation":[0,0,0]}},"loop":true},"animation.geyser_custom.geo_b0b5d24.thirdperson_main_hand":{"bones":{"geyser_custom":{"position":[-6,5,-1],"rotation":[90,0,0]},"geyser_custom_x":{"position":[0,0,0],"rotation":[0,0,0]},"geyser_custom_y":{"position":[0,0,0],"rotation":[0,0,0]},"geyser_custom_z":{"rotation":[0,0,0]}},"loop":true}},"format_version":"1.8.0"}