{"animations":{"animation.geyser_custom.geo_ad3fc32.firstperson_main_hand":{"bones":{"geyser_custom":{"position":[-6,4,1],"rotation":[90,0,0],"scale":1.3},"geyser_custom_x":{"position":[0,0,0],"rotation":[0,0,0],"scale":[1.1,1.1,1.1]},"geyser_custom_y":{"position":[0,0,0],"rotation":[0,0,0],"scale":1.4},"geyser_custom_z":{"rotation":[0,0,0]}},"loop":true},"animation.geyser_custom.geo_ad3fc32.thirdperson_main_hand":{"bones":{"geyser_custom":{"position":[-6,6,-1],"rotation":[90,0,0]},"geyser_custom_x":{"position":[0,0,0],"rotation":[0,0,0],"scale":[1.1,1.1,1.1]},"geyser_custom_y":{"position":[0,0,0],"rotation":[0,0,0]},"geyser_custom_z":{"rotation":[0,0,6]}},"loop":true}},"format_version":"1.8.0"}