{"animations":{"animation.geyser_custom.gatlinggunloop.firstperson_main_hand":{"bones":{"bone":{"position":[0,0,0],"rotation":{"0.0":[0,0,0],"0.5":[0,0,180],"0.75":[0,0,270],"1.0":[0,0,360]},"scale":[1,1,1]},"geyser_custom":{"position":[10,10,20],"rotation":[0,180,0],"scale":1.2},"geyser_custom_x":{"position":[-7.56,-4.54,16.25],"rotation":[0,0,0],"scale":[1.8,1.8,1.8]},"geyser_custom_y":{"position":[0,0,-16],"rotation":[0,-180,0],"scale":[1.5,1.5,1.5]},"geyser_custom_z":{"rotation":[0,0,0]}},"loop":true},"animation.geyser_custom.gatlinggunloop.thirdperson_main_hand":{"bones":{"bone":{"position":[0,0,0],"rotation":{"0.0":[0,0,0],"0.5":[0,0,180],"0.75":[0,0,270],"1.0":[0,0,360]},"scale":[1,1,1]},"geyser_custom":{"position":[-5.5,3,-5],"rotation":[90,0,0]},"geyser_custom_x":{"position":[0.4,3.4,-2.997],"rotation":[-67,0,0],"scale":[0.8,0.8,0.8]},"geyser_custom_y":{"rotation":[0,-180,0]},"geyser_custom_z":{"rotation":[0,0,0]}},"loop":true}},"format_version":"1.8.0"}