{"animations":{"animation.geyser_custom.geo_6f274a4.firstperson_main_hand":{"bones":{"geyser_custom":{"position":[-6,7,-0.75],"rotation":[90,0,0],"scale":1.1},"geyser_custom_x":{"position":[0,0,0],"rotation":[0,0,0],"scale":[1.7,1.7,1.7]},"geyser_custom_y":{"position":[0,0,0],"rotation":[0,0,0],"scale":0.85},"geyser_custom_z":{"rotation":[0,0,0]}},"loop":true},"animation.geyser_custom.geo_6f274a4.thirdperson_main_hand":{"bones":{"geyser_custom":{"position":[-6,6.5,-1.5],"rotation":[90,0,0]},"geyser_custom_x":{"position":[0,0,0],"rotation":[0,0,0],"scale":[0.9,0.9,0.9]},"geyser_custom_y":{"rotation":[0,0,0]},"geyser_custom_z":{"rotation":[0,0,0]}},"loop":true}},"format_version":"1.8.0"}