{"animations":{"animation.geyser_custom.geo_c8d6818.firstperson_main_hand":{"bones":{"geyser_custom":{"position":[-6,4,-2],"rotation":[90,0,0],"scale":1.2},"geyser_custom_x":{"position":[0,0,0],"rotation":[0,0,0],"scale":[1.7,1.7,1.7]},"geyser_custom_y":{"position":[0,0,0],"rotation":[0,0,0]},"geyser_custom_z":{"rotation":[0,0,0]}},"loop":true},"animation.geyser_custom.geo_c8d6818.thirdperson_main_hand":{"bones":{"geyser_custom":{"position":[-6,4.5,-1.5],"rotation":[90,0,0]},"geyser_custom_x":{"position":[0,0,0],"rotation":[0,0,0],"scale":[1.2,1.2,1.1]},"geyser_custom_y":{"rotation":[0,0,0]},"geyser_custom_z":{"rotation":[0,0,0]}},"loop":true}},"format_version":"1.8.0"}