{"animations":{"animation.geyser_custom.geo_d1c40b1.firstperson_main_hand":{"bones":{"geyser_custom":{"position":[-6,12,-0.5],"rotation":[90,0,0],"scale":1},"geyser_custom_x":{"position":[0,0,0],"rotation":[0,0,0],"scale":[2,2,2]},"geyser_custom_y":{"position":[0,0,0],"rotation":[0,0,0],"scale":1.6},"geyser_custom_z":{"rotation":[0,0,0]}},"loop":true},"animation.geyser_custom.geo_d1c40b1.thirdperson_main_hand":{"bones":{"geyser_custom":{"position":[-6,9.25,-1.5],"rotation":[90,0,0]},"geyser_custom_x":{"position":[0,0,0],"rotation":[0,0,0],"scale":[1.3,1.3,1.3]}},"loop":true}},"format_version":"1.8.0"}