{"animations":{"animation.geyser_custom.geo_8fd5489.firstperson_main_hand":{"bones":{"geyser_custom":{"position":[-6,10,0],"rotation":[90,0,0],"scale":1.2},"geyser_custom_x":{"position":[0,0,0],"rotation":[0,0,0],"scale":[0.6,0.6,0.6]},"geyser_custom_y":{"position":[0,0,0],"rotation":[0,0,0],"scale":1.9},"geyser_custom_z":{"rotation":[0,0,0]}},"loop":true},"animation.geyser_custom.geo_8fd5489.thirdperson_main_hand":{"bones":{"geyser_custom":{"position":[-6,8,-1.5],"rotation":[90,0,0]},"geyser_custom_x":{"position":[0,0,0],"rotation":[0,0,0],"scale":[0.65,0.65,0.65]},"geyser_custom_y":{"position":[0,0,0],"rotation":[0,0,0],"scale":[1,1,1]},"geyser_custom_z":{"rotation":[0,0,0]}},"loop":true}},"format_version":"1.8.0"}