{"animations":{"animation.geyser_custom.geo_23e0a29.firstperson_main_hand":{"bones":{"geyser_custom":{"position":[-6,3,-0.75],"rotation":[90,0,0],"scale":0.95},"geyser_custom_x":{"position":[0,0,0],"rotation":[0,0,0],"scale":[3.4,3.4,3.4]},"geyser_custom_y":{"position":[0,0,0],"rotation":[0,0,0],"scale":1.4},"geyser_custom_z":{"rotation":[0,0,0]}},"loop":true},"animation.geyser_custom.geo_23e0a29.thirdperson_main_hand":{"bones":{"geyser_custom":{"position":[-6,6,-1.5],"rotation":[90,0,0]},"geyser_custom_x":{"position":[0,0,0],"rotation":[0,0,0],"scale":[1.8,1.8,1.8]},"geyser_custom_y":{"rotation":[0,0,0],"scale":[1,1,1]},"geyser_custom_z":{"rotation":[0,0,0]}},"loop":true}},"format_version":"1.8.0"}