{
  "format_version": "1.8.0",
  "minecraft:client_entity": {
    "description": {
      "animation_controllers": [
        {
          "general": "controller.animation.eggwarsgenerator_nooutput"
        },
        {
          "idle": "controller.animation.generator.idle"
        }
      ],
      "animations": {
        "broken": "animation.bbqgrill.eggwars_summer.eggwarsgenerator.broken",
        "empty": "animation.bbqgrill.eggwars_summer.eggwarsgenerator.empty",
        "idle": "animation.bbqgrill.eggwars_summer.eggwarsgenerator.idle",
        "overloaded": "animation.bbqgrill.eggwars_summer.eggwarsgenerator.overloaded"
      },
      "geometry": {
        "animated": "geometry.cubecraft.eggwarsgenerator.eggwars_summer.bbqgrill_fire",
        "default": "geometry.cubecraft.eggwarsgenerator.eggwars_summer.bbqgrill"
      },
      "identifier": "cubecraft:eggwarsgenerator_bbqgrill",
      "materials": {
        "animated": "experience_orb",
        "default": "entity_alphatest"
      },
      "render_controllers": [
        "controller.render.generatorskin",
        "controller.render.texture_animation_default"
      ],
      "textures": {
        "animated": "textures/cc/eggwarsgenerator/bbq_grill/bbqgrill_fire",
        "diamond": "textures/cc/eggwarsgenerator/bbq_grill/bbq_grill_diamond",
        "emerald": "textures/cc/eggwarsgenerator/bbq_grill/bbq_grill_emerald",
        "gold": "textures/cc/eggwarsgenerator/bbq_grill/bbq_grill_gold",
        "iron": "textures/cc/eggwarsgenerator/bbq_grill/bbq_grill_iron"
      }
    }
  }
}