{
  "format_version": "1.8.0",
  "minecraft:client_entity": {
    "description": {
      "animation_controllers": [
        {
          "general": "controller.animation.eggwarsgenerator"
        },
        {
          "idle": "controller.animation.generator.idle"
        }
      ],
      "animations": {
        "broken": "animation.generator.skin.sewer.broken",
        "empty": "animation.generator.skin.sewer.empty",
        "idle": "animation.generator.skin.sewer.idle",
        "output": "animation.generator.skin.sewer.output",
        "overloaded": "animation.generator.skin.sewer.overloaded"
      },
      "geometry": {
        "default": "geometry.cubecraft.eggwarsgenerator.eggwars.sewercrawler"
      },
      "identifier": "cubecraft:eggwarsgenerator_sewercrawler",
      "materials": {
        "default": "entity_alphatest"
      },
      "render_controllers": [
        "controller.render.generatorskin"
      ],
      "textures": {
        "diamond": "textures/cc/eggwarsgenerator/sewer_crawler/sewer_crawler_diamond",
        "emerald": "textures/cc/eggwarsgenerator/sewer_crawler/sewer_crawler_emerald",
        "gold": "textures/cc/eggwarsgenerator/sewer_crawler/sewer_crawler_gold",
        "iron": "textures/cc/eggwarsgenerator/sewer_crawler/sewer_crawler_iron"
      }
    }
  }
}