{
  "format_version": "1.8.0",
  "minecraft:client_entity": {
    "description": {
      "animation_controllers": [
        {
          "general": "controller.animation.generic.single"
        }
      ],
      "animations": {
        "default": "animation.generatorskin.island"
      },
      "geometry": {
        "default": "geometry.cubecraft.eggwarsgenerator.eggwars.island"
      },
      "identifier": "cubecraft:eggwarsgenerator_island",
      "materials": {
        "default": "entity_alphatest"
      },
      "render_controllers": [
        "controller.render.generatorskin"
      ],
      "textures": {
        "diamond": "textures/cc/eggwarsgenerator/island/island_diamond",
        "emerald": "textures/cc/eggwarsgenerator/island/island_emerald",
        "gold": "textures/cc/eggwarsgenerator/island/island_gold",
        "iron": "textures/cc/eggwarsgenerator/island/island_iron"
      }
    }
  }
}