{
  "format_version": "1.8.0",
  "minecraft:client_entity": {
    "description": {
      "animation_controllers": [
        {
          "general": "controller.animation.eggwarsgenerator"
        },
        {
          "idle": "controller.animation.generator.idle"
        }
      ],
      "animations": {
        "broken": "animation.generator.skin.toilet.broken",
        "empty": "animation.generator.skin.toilet.empty",
        "idle": "animation.generator.skin.toilet.idle",
        "output": "animation.generator.skin.toilet.output",
        "overloaded": "animation.generator.skin.toilet.overloaded"
      },
      "geometry": {
        "default": "geometry.cubecraft.eggwarsgenerator.eggwars.toilet"
      },
      "identifier": "cubecraft:eggwarsgenerator_toilet",
      "materials": {
        "default": "entity_alphatest"
      },
      "render_controllers": [
        "controller.render.generatorskin"
      ],
      "textures": {
        "diamond": "textures/cc/eggwarsgenerator/toilet/toilet_diamond",
        "emerald": "textures/cc/eggwarsgenerator/toilet/toilet_emerald",
        "gold": "textures/cc/eggwarsgenerator/toilet/toilet_gold",
        "iron": "textures/cc/eggwarsgenerator/toilet/toilet_iron"
      }
    }
  }
}