{
  "format_version": "1.8.0",
  "minecraft:client_entity": {
    "description": {
      "animation_controllers": [
        {
          "general": "controller.animation.generic.single"
        }
      ],
      "animations": {
        "default": "animation.icecreamparlour.eggwars_summer.eggwarsgenerator.idle"
      },
      "geometry": {
        "default": "geometry.cubecraft.eggwarsgenerator.eggwars_summer.icecreamparlour"
      },
      "identifier": "cubecraft:eggwarsgenerator_icecreamparlour",
      "materials": {
        "default": "entity_alphatest"
      },
      "render_controllers": [
        "controller.render.generatorskin"
      ],
      "textures": {
        "diamond": "textures/cc/eggwarsgenerator/ice_cream_parlour/ice_cream_parlour_diamond",
        "emerald": "textures/cc/eggwarsgenerator/ice_cream_parlour/ice_cream_parlour_emerald",
        "gold": "textures/cc/eggwarsgenerator/ice_cream_parlour/ice_cream_parlour_gold",
        "iron": "textures/cc/eggwarsgenerator/ice_cream_parlour/ice_cream_parlour_iron"
      }
    }
  }
}