{"resource_pack_name":"§lTRPIXEL","texture_name":"atlas.terrain","padding":8,"num_mip_levels":4,"texture_data":{"silver_ore":{"textures":["textures/blocks/silver_ore"]},"conveyor_belt":{"textures":["textures/blocks/conveyor_belt"]},"repelling_candle":{"textures":["textures/blocks/repelling_candle"]},"conveyor_belt_side":{"textures":["textures/blocks/conveyor_belt_side"]},"enchanted_bookshelf":{"textures":["textures/blocks/enchanted_bookshelf"]},"enchanted_bookshelf_top":{"textures":["textures/blocks/enchanted_bookshelf_top"]},"hyper_furnace":{"textures":["textures/blocks/hyper_furnace_front_off","textures/blocks/hyper_furnace_front_on","textures/blocks/hyper_furnace_side","textures/blocks/hyper_furnace_top"]},"hyper_furnace_front_off":{"textures":["textures/blocks/hyper_furnace_front_off"]},"hyper_furnace_front_on":{"textures":["textures/blocks/hyper_furnace_front_on"]},"hyper_furnace_side":{"textures":["textures/blocks/hyper_furnace_side"]},"hyper_furnace_top":{"textures":["textures/blocks/hyper_furnace_top"]},"polished_pumpkin_top":{"textures":["textures/blocks/polished_pumpkin_top"]},"polished_pumpkin_side":{"textures":["textures/blocks/polished_pumpkin_side"]},"bundle_1_comfy_candles":{"textures":["textures/blocks/furnitures/bundle_1/comfy_candles"]},"bundle_1_comfy_ceiling_lamp":{"textures":["textures/blocks/furnitures/bundle_1/comfy_ceiling_lamp"]},"bundle_1_comfy_grandpa_chair":{"textures":["textures/blocks/furnitures/bundle_1/comfy_grandpa_chair"]},"bundle_1_comfy_pillow":{"textures":["textures/blocks/furnitures/bundle_1/comfy_pillow"]},"bundle_1_dreamy_table":{"textures":["textures/blocks/furnitures/bundle_1/dreamy_table"]},"bundle_1_dreamy_big_table":{"textures":["textures/blocks/furnitures/bundle_1/dreamy_big_table"]},"bundle_1_comfy_fairy_lights":{"textures":["textures/blocks/furnitures/bundle_1/comfy_fairy_lights"]},"bundle_1_comfy_floor_lamp":{"textures":["textures/blocks/furnitures/bundle_1/comfy_floor_lamp"]},"bundle_xmas_present1":{"textures":["textures/blocks/furnitures/bundle_xmas/christmas_present1"]},"bundle_xmas_present2":{"textures":["textures/blocks/furnitures/bundle_xmas/christmas_present2"]},"bundle_xmas_cake":{"textures":["textures/blocks/furnitures/bundle_xmas/christmas_cake"]},"bundle_xmas_hot_chocolate":{"textures":["textures/blocks/furnitures/bundle_xmas/christmas_hot_choclate"]},"solid_red_block":{"textures":["textures/blocks/solidcolors/solid_red_block"]},"solid_orange_block":{"textures":["textures/blocks/solidcolors/solid_orange_block"]},"solid_gold_block":{"textures":["textures/blocks/solidcolors/solid_gold_block"]},"solid_yellow_block":{"textures":["textures/blocks/solidcolors/solid_yellow_block"]},"solid_green_block":{"textures":["textures/blocks/solidcolors/solid_green_block"]},"solid_light_green_block":{"textures":["textures/blocks/solidcolors/solid_light_green_block"]},"solid_lime_block":{"textures":["textures/blocks/solidcolors/solid_lime_block"]},"solid_dark_cyan_block":{"textures":["textures/blocks/solidcolors/solid_dark_cyan_block"]},"solid_cyan_block":{"textures":["textures/blocks/solidcolors/solid_cyan_block"]},"solid_dark_blue_block":{"textures":["textures/blocks/solidcolors/solid_dark_blue_block"]},"solid_blue_block":{"textures":["textures/blocks/solidcolors/solid_blue_block"]},"solid_aqua_block":{"textures":["textures/blocks/solidcolors/solid_aqua_block"]},"solid_dark_blurple_block":{"textures":["textures/blocks/solidcolors/solid_dark_blurple_block"]},"solid_blurple_block":{"textures":["textures/blocks/solidcolors/solid_blurple_block"]},"solid_dark_magenta_block":{"textures":["textures/blocks/solidcolors/solid_dark_magenta_block"]},"solid_magenta_block":{"textures":["textures/blocks/solidcolors/solid_magenta_block"]},"solid_dark_pink_block":{"textures":["textures/blocks/solidcolors/solid_dark_pink_block"]},"solid_pink_block":{"textures":["textures/blocks/solidcolors/solid_pink_block"]},"solid_dark_brown_block":{"textures":["textures/blocks/solidcolors/solid_dark_brown_block"]},"solid_brown_block":{"textures":["textures/blocks/solidcolors/solid_brown_block"]},"solid_black_block":{"textures":["textures/blocks/solidcolors/solid_black_block"]},"solid_gray_block":{"textures":["textures/blocks/solidcolors/solid_gray_block"]},"solid_light_gray_block":{"textures":["textures/blocks/solidcolors/solid_light_gray_block"]},"solid_white_block":{"textures":["textures/blocks/solidcolors/solid_white_block"]},"mirror":{"textures":["textures/blocks/mirror"]}}}