{"format_version":"1.12.0","minecraft:geometry":[{"description":{"identifier":"geometry.duck","texture_width":32,"texture_height":32,"visible_bounds_width":2,"visible_bounds_height":2.5,"visible_bounds_offset":[0,0.75,0]},"bones":[{"name":"alay","pivot":[0,-4,0],"rotation":[0,-90,0]},{"name":"govde","parent":"alay","pivot":[3.75,5.75,0.25],"cubes":[{"origin":[-5.4,5.5,-2.5],"size":[7,2.75,5],"uv":{"north":{"uv":[0,13],"uv_size":[7,3]},"east":{"uv":[4,20],"uv_size":[5,3]},"south":{"uv":[7,13],"uv_size":[7,3]},"west":{"uv":[20,4],"uv_size":[5,3]},"up":{"uv":[9,0],"uv_size":[7,5]},"down":{"uv":[9,10],"uv_size":[7,-5]}}},{"origin":[-5.25,5.25,-2.75],"size":[9.25,2.75,5.45],"uv":{"north":{"uv":[0,10],"uv_size":[9,3]},"east":{"uv":[20,16],"uv_size":[5,3]},"south":{"uv":[9,10],"uv_size":[9,3]},"west":{"uv":[20,19],"uv_size":[5,3]},"up":{"uv":[0,0],"uv_size":[9,5]},"down":{"uv":[0,10],"uv_size":[9,-5]}}}]},{"name":"bacaks","parent":"govde","pivot":[0,-6,0]},{"name":"sag_bacaks","parent":"bacaks","pivot":[0.5,5.25,1.25],"cubes":[{"origin":[0.05,4.4,0.65],"size":[1.2,1,1.2],"uv":{"north":{"uv":[29,22],"uv_size":[1,1]},"east":{"uv":[23,29],"uv_size":[1,1]},"south":{"uv":[29,23],"uv_size":[1,1]},"west":{"uv":[24,29],"uv_size":[1,1]},"up":{"uv":[29,24],"uv_size":[1,1]},"down":{"uv":[25,30],"uv_size":[1,-1]}}},{"origin":[0.15,0,0.8],"size":[0.85,6,0.85],"uv":{"north":{"uv":[7,23],"uv_size":[1,6]},"east":{"uv":[8,23],"uv_size":[1,6]},"south":{"uv":[0,24],"uv_size":[1,6]},"west":{"uv":[1,24],"uv_size":[1,6]},"up":{"uv":[24,3],"uv_size":[1,1]},"down":{"uv":[11,29],"uv_size":[1,-1]}}}]},{"name":"sag_ayaks","parent":"sag_bacaks","pivot":[0.5,0.25,1.5],"rotation":[0,7.5,0],"cubes":[{"origin":[-0.6,0,0.85],"size":[1.05,0.1,0.75],"pivot":[0.75,0,1.4],"rotation":[0,1,0],"uv":{"north":{"uv":[28,13],"uv_size":[1,1]},"east":{"uv":[28,16],"uv_size":[1,1]},"south":{"uv":[28,17],"uv_size":[1,1]},"west":{"uv":[28,18],"uv_size":[1,1]},"up":{"uv":[28,19],"uv_size":[1,1]},"down":{"uv":[28,21],"uv_size":[1,-1]}}},{"origin":[-1.1,0,0.75],"size":[1.05,0.1,1.05],"pivot":[0.75,0,1.4],"rotation":[0,1,0],"uv":{"north":{"uv":[21,28],"uv_size":[1,1]},"east":{"uv":[28,21],"uv_size":[1,1]},"south":{"uv":[22,28],"uv_size":[1,1]},"west":{"uv":[23,28],"uv_size":[1,1]},"up":{"uv":[24,28],"uv_size":[1,1]},"down":{"uv":[25,29],"uv_size":[1,-1]}}},{"origin":[-1.5,0.1,0.55],"size":[0.85,0,1.45],"pivot":[0.75,0,1.4],"rotation":[0,1,0],"uv":{"north":{"uv":[0,0],"uv_size":[1,0]},"east":{"uv":[0,0],"uv_size":[1,0]},"south":{"uv":[0,0],"uv_size":[1,0]},"west":{"uv":[0,0],"uv_size":[1,0]},"up":{"uv":[28,25],"uv_size":[1,1]},"down":{"uv":[26,29],"uv_size":[1,-1]}}},{"origin":[-2.1,0,0.25],"size":[1.05,0.1,2.05],"pivot":[0.75,0,1.4],"rotation":[0,1,0],"uv":{"north":{"uv":[28,26],"uv_size":[1,1]},"east":{"uv":[16,8],"uv_size":[2,1]},"south":{"uv":[27,28],"uv_size":[1,1]},"west":{"uv":[16,9],"uv_size":[2,1]},"up":{"uv":[27,26],"uv_size":[1,2]},"down":{"uv":[4,30],"uv_size":[1,-2]}}},{"origin":[-2.35,0,1],"size":[3,0.35,0.3],"pivot":[0.75,0,1.4],"rotation":[0,-20,0],"uv":{"north":{"uv":[13,25],"uv_size":[3,1]},"east":{"uv":[28,27],"uv_size":[1,1]},"south":{"uv":[25,13],"uv_size":[3,1]},"west":{"uv":[28,28],"uv_size":[1,1]},"up":{"uv":[16,25],"uv_size":[3,1]},"down":{"uv":[25,17],"uv_size":[3,-1]}}},{"origin":[-2.25,0,1.3],"size":[3,0.35,0.3],"pivot":[0.75,0,1.4],"rotation":[0,20.5,0],"uv":{"north":{"uv":[25,17],"uv_size":[3,1]},"east":{"uv":[29,0],"uv_size":[1,1]},"south":{"uv":[25,18],"uv_size":[3,1]},"west":{"uv":[29,1],"uv_size":[1,1]},"up":{"uv":[19,25],"uv_size":[3,1]},"down":{"uv":[25,20],"uv_size":[3,-1]}}},{"origin":[-2.2,0,1.15],"size":[3,0.35,0.3],"uv":{"north":{"uv":[25,20],"uv_size":[3,1]},"east":{"uv":[29,2],"uv_size":[1,1]},"south":{"uv":[25,21],"uv_size":[3,1]},"west":{"uv":[29,3],"uv_size":[1,1]},"up":{"uv":[22,25],"uv_size":[3,1]},"down":{"uv":[25,26],"uv_size":[3,-1]}}}]},{"name":"sol_bacaks","parent":"bacaks","pivot":[0.5,5.25,-1.5],"rotation":[0,-5,0],"cubes":[{"origin":[0.05,4.4,-2.05],"size":[1.2,1,1.2],"uv":{"north":{"uv":[29,25],"uv_size":[1,1]},"east":{"uv":[26,29],"uv_size":[1,1]},"south":{"uv":[29,26],"uv_size":[1,1]},"west":{"uv":[27,29],"uv_size":[1,1]},"up":{"uv":[29,27],"uv_size":[1,1]},"down":{"uv":[28,30],"uv_size":[1,-1]}}},{"origin":[0.15,0,-1.85],"size":[0.85,6,0.85],"uv":{"north":{"uv":[2,24],"uv_size":[1,6]},"east":{"uv":[3,24],"uv_size":[1,6]},"south":{"uv":[9,24],"uv_size":[1,6]},"west":{"uv":[10,24],"uv_size":[1,6]},"up":{"uv":[29,4],"uv_size":[1,1]},"down":{"uv":[29,6],"uv_size":[1,-1]}}}]},{"name":"sol_ayak","parent":"sol_bacaks","pivot":[0.5,0,-1.5],"cubes":[{"origin":[-2.35,0,-1.7],"size":[3,0.4,0.3],"pivot":[0.75,0,-1.3],"rotation":[0,-20,0],"uv":{"north":{"uv":[26,0],"uv_size":[3,1]},"east":{"uv":[29,6],"uv_size":[1,1]},"south":{"uv":[26,1],"uv_size":[3,1]},"west":{"uv":[7,29],"uv_size":[1,1]},"up":{"uv":[26,2],"uv_size":[3,1]},"down":{"uv":[26,4],"uv_size":[3,-1]}}},{"origin":[-0.5,0.1,-1.85],"size":[0.85,0.05,0.75],"pivot":[0.75,0,-1.3],"rotation":[0,1,0],"uv":{"north":{"uv":[29,7],"uv_size":[1,1]},"east":{"uv":[8,29],"uv_size":[1,1]},"south":{"uv":[29,8],"uv_size":[1,1]},"west":{"uv":[29,9],"uv_size":[1,1]},"up":{"uv":[29,10],"uv_size":[1,1]},"down":{"uv":[11,30],"uv_size":[1,-1]}}},{"origin":[-1.1,0,-1.95],"size":[1.05,0.15,1.05],"pivot":[0.75,0,-1.3],"rotation":[0,1,0],"uv":{"north":{"uv":[29,11],"uv_size":[1,1]},"east":{"uv":[12,29],"uv_size":[1,1]},"south":{"uv":[29,12],"uv_size":[1,1]},"west":{"uv":[13,29],"uv_size":[1,1]},"up":{"uv":[29,13],"uv_size":[1,1]},"down":{"uv":[14,30],"uv_size":[1,-1]}}},{"origin":[-1.6,0,-2.15],"size":[1.05,0.15,1.45],"pivot":[0.75,0,-1.3],"rotation":[0,1,0],"uv":{"north":{"uv":[29,14],"uv_size":[1,1]},"east":{"uv":[15,29],"uv_size":[1,1]},"south":{"uv":[29,15],"uv_size":[1,1]},"west":{"uv":[16,29],"uv_size":[1,1]},"up":{"uv":[29,16],"uv_size":[1,1]},"down":{"uv":[17,30],"uv_size":[1,-1]}}},{"origin":[-2.1,0,-2.45],"size":[1.05,0.15,2.05],"pivot":[0.75,0,-1.3],"rotation":[0,1,0],"uv":{"north":{"uv":[29,17],"uv_size":[1,1]},"east":{"uv":[12,16],"uv_size":[2,1]},"south":{"uv":[18,29],"uv_size":[1,1]},"west":{"uv":[18,16],"uv_size":[2,1]},"up":{"uv":[5,28],"uv_size":[1,2]},"down":{"uv":[6,30],"uv_size":[1,-2]}}},{"origin":[-2.25,0,-1.4],"size":[3,0.4,0.3],"pivot":[0.75,0,-1.3],"rotation":[0,20.5,0],"uv":{"north":{"uv":[4,26],"uv_size":[3,1]},"east":{"uv":[29,18],"uv_size":[1,1]},"south":{"uv":[26,4],"uv_size":[3,1]},"west":{"uv":[19,29],"uv_size":[1,1]},"up":{"uv":[26,5],"uv_size":[3,1]},"down":{"uv":[26,7],"uv_size":[3,-1]}}},{"origin":[-2.2,0,-1.55],"size":[3,0.4,0.3],"uv":{"north":{"uv":[26,7],"uv_size":[3,1]},"east":{"uv":[29,19],"uv_size":[1,1]},"south":{"uv":[26,8],"uv_size":[3,1]},"west":{"uv":[20,29],"uv_size":[1,1]},"up":{"uv":[26,9],"uv_size":[3,1]},"down":{"uv":[26,11],"uv_size":[3,-1]}}}]},{"name":"kols","parent":"govde","pivot":[0,-9,0]},{"name":"sag_kols","parent":"kols","pivot":[-1.55,7.75,2.35],"rotation":[6.29797,-18.61599,14.16014],"cubes":[{"origin":[-1.72201,4.12779,2.48219],"size":[4,4,0.5],"uv":{"north":{"uv":[14,13],"uv_size":[4,4]},"east":{"uv":[11,24],"uv_size":[1,4]},"south":{"uv":[0,16],"uv_size":[4,4]},"west":{"uv":[25,3],"uv_size":[1,4]},"up":{"uv":[22,14],"uv_size":[4,1]},"down":{"uv":[22,16],"uv_size":[4,-1]}}},{"origin":[2.27799,5.12779,2.48219],"size":[1.5,3,0.5],"uv":{"north":{"uv":[24,0],"uv_size":[2,3]},"east":{"uv":[13,26],"uv_size":[1,3]},"south":{"uv":[24,22],"uv_size":[2,3]},"west":{"uv":[14,26],"uv_size":[1,3]},"up":{"uv":[20,7],"uv_size":[2,1]},"down":{"uv":[18,22],"uv_size":[2,-1]}}}]},{"name":"sol_kols","parent":"kols","pivot":[-1.75,8,-2.3],"rotation":[-7.55531,19.80631,11.36445],"cubes":[{"origin":[-1.79362,4.20158,-2.97542],"size":[4,4,0.5],"uv":{"north":{"uv":[16,0],"uv_size":[4,4]},"east":{"uv":[25,7],"uv_size":[1,4]},"south":{"uv":[4,16],"uv_size":[4,4]},"west":{"uv":[12,25],"uv_size":[1,4]},"up":{"uv":[25,11],"uv_size":[4,1]},"down":{"uv":[25,13],"uv_size":[4,-1]}}},{"origin":[2.20638,5.20158,-2.97542],"size":[1.5,3,0.5],"uv":{"north":{"uv":[15,26],"uv_size":[1,3]},"east":{"uv":[16,26],"uv_size":[1,3]},"south":{"uv":[17,26],"uv_size":[1,3]},"west":{"uv":[18,26],"uv_size":[1,3]},"up":{"uv":[29,20],"uv_size":[1,1]},"down":{"uv":[21,30],"uv_size":[1,-1]}}}]},{"name":"gafa","parent":"govde","pivot":[-4.25,8,0],"cubes":[{"origin":[-5.25,7.5,-1.75],"size":[3,4,3.5],"pivot":[-3,8,0],"rotation":[0,0,10],"uv":{"north":{"uv":[9,20],"uv_size":[3,4]},"east":{"uv":[16,4],"uv_size":[4,4]},"south":{"uv":[12,21],"uv_size":[3,4]},"west":{"uv":[8,16],"uv_size":[4,4]},"up":{"uv":[15,21],"uv_size":[3,4]},"down":{"uv":[22,11],"uv_size":[3,-4]}}},{"origin":[-5.5,11,-2],"size":[4,4,4],"uv":{"north":{"uv":[12,17],"uv_size":[4,4]},"east":{"uv":[16,17],"uv_size":[4,4]},"south":{"uv":[18,8],"uv_size":[4,4]},"west":{"uv":[18,12],"uv_size":[4,4]},"up":{"uv":[0,20],"uv_size":[4,4]},"down":{"uv":[20,4],"uv_size":[4,-4]}}}]},{"name":"agzini_burnunu","parent":"gafa","pivot":[-5.5,11.25,0],"cubes":[{"origin":[-6.75,12,-1.5],"size":[1.25,0.5,3],"uv":{"north":{"uv":[29,21],"uv_size":[1,1]},"east":{"uv":[26,14],"uv_size":[3,1]},"south":{"uv":[22,29],"uv_size":[1,1]},"west":{"uv":[26,15],"uv_size":[3,1]},"up":{"uv":[19,26],"uv_size":[1,3]},"down":{"uv":[20,29],"uv_size":[1,-3]}}},{"origin":[-8,11,-1.5],"size":[2.5,1,3],"uv":{"north":{"uv":[21,26],"uv_size":[3,1]},"east":{"uv":[26,22],"uv_size":[3,1]},"south":{"uv":[26,23],"uv_size":[3,1]},"west":{"uv":[24,26],"uv_size":[3,1]},"up":{"uv":[22,11],"uv_size":[3,3]},"down":{"uv":[18,25],"uv_size":[3,-3]}}}]},{"name":"guyruk","parent":"govde","pivot":[3.75,5.75,0.25],"cubes":[{"origin":[3.25,5.65,-1.35],"size":[3,1,2.75],"pivot":[4,5,0],"rotation":[0,0,-12.5],"uv":{"north":{"uv":[26,24],"uv_size":[3,1]},"east":{"uv":[4,27],"uv_size":[3,1]},"south":{"uv":[21,27],"uv_size":[3,1]},"west":{"uv":[24,27],"uv_size":[3,1]},"up":{"uv":[21,22],"uv_size":[3,3]},"down":{"uv":[4,26],"uv_size":[3,-3]}}}]}]}]}