{"format_version":"1.12.0","minecraft:geometry":[{"description":{"identifier":"geometry.flamerang","texture_width":32,"texture_height":16,"visible_bounds_width":2,"visible_bounds_height":1.5,"visible_bounds_offset":[0,0.25,0]},"bones":[{"name":"head","pivot":[0,0,0],"cubes":[{"origin":[1,0,-2],"size":[4,1,4],"uv":{"north":{"uv":[0,7],"uv_size":[4,-1]},"east":{"uv":[22,3],"uv_size":[4,1]},"south":{"uv":[0,10],"uv_size":[4,-1]},"west":{"uv":[22,0],"uv_size":[4,1]},"up":{"uv":[4,10],"uv_size":[-4,-4]},"down":{"uv":[4,10],"uv_size":[-4,-4]}}},{"origin":[0,0,2],"size":[4,1,1],"uv":{"north":{"uv":[1,10],"uv_size":[4,1]},"east":{"uv":[4,10],"uv_size":[1,1]},"south":{"uv":[1,10],"uv_size":[4,1]},"west":{"uv":[1,10],"uv_size":[1,1]},"up":{"uv":[5,11],"uv_size":[-4,-1]},"down":{"uv":[5,11],"uv_size":[-4,-1]}}},{"origin":[0,0,-3],"size":[4,1,1],"uv":{"north":{"uv":[1,5],"uv_size":[4,1]},"east":{"uv":[4,5],"uv_size":[1,1]},"south":{"uv":[1,5],"uv_size":[4,1]},"west":{"uv":[1,5],"uv_size":[1,1]},"up":{"uv":[5,6],"uv_size":[-4,-1]},"down":{"uv":[5,6],"uv_size":[-4,-1]}}},{"origin":[-1,0,-4],"size":[5,1,1],"uv":{"north":{"uv":[1,4],"uv_size":[5,1]},"east":{"uv":[5,4],"uv_size":[1,1]},"south":{"uv":[1,4],"uv_size":[5,1]},"west":{"uv":[1,4],"uv_size":[1,1]},"up":{"uv":[6,5],"uv_size":[-5,-1]},"down":{"uv":[6,5],"uv_size":[-5,-1]}}},{"origin":[-1,0,3],"size":[5,1,1],"uv":{"north":{"uv":[1,11],"uv_size":[5,1]},"east":{"uv":[5,11],"uv_size":[1,1]},"south":{"uv":[1,11],"uv_size":[5,1]},"west":{"uv":[1,11],"uv_size":[1,1]},"up":{"uv":[6,12],"uv_size":[-5,-1]},"down":{"uv":[6,12],"uv_size":[-5,-1]}}},{"origin":[-2,0,4],"size":[5,1,1],"uv":{"north":{"uv":[2,12],"uv_size":[5,1]},"east":{"uv":[6,12],"uv_size":[1,1]},"south":{"uv":[2,12],"uv_size":[5,1]},"west":{"uv":[2,12],"uv_size":[1,1]},"up":{"uv":[7,13],"uv_size":[-5,-1]},"down":{"uv":[7,13],"uv_size":[-5,-1]}}},{"origin":[-2,0,-5],"size":[5,1,1],"uv":{"north":{"uv":[2,3],"uv_size":[5,1]},"east":{"uv":[6,3],"uv_size":[1,1]},"south":{"uv":[2,3],"uv_size":[5,1]},"west":{"uv":[2,3],"uv_size":[1,1]},"up":{"uv":[7,4],"uv_size":[-5,-1]},"down":{"uv":[7,4],"uv_size":[-5,-1]}}},{"origin":[-3,0,-6],"size":[5,1,1],"uv":{"north":{"uv":[3,2],"uv_size":[5,1]},"east":{"uv":[7,2],"uv_size":[1,1]},"south":{"uv":[3,2],"uv_size":[5,1]},"west":{"uv":[3,2],"uv_size":[1,1]},"up":{"uv":[8,3],"uv_size":[-5,-1]},"down":{"uv":[8,3],"uv_size":[-5,-1]}}},{"origin":[-3,0,5],"size":[5,1,1],"uv":{"north":{"uv":[3,13],"uv_size":[5,1]},"east":{"uv":[7,13],"uv_size":[1,1]},"south":{"uv":[3,13],"uv_size":[5,1]},"west":{"uv":[3,13],"uv_size":[1,1]},"up":{"uv":[8,14],"uv_size":[-5,-1]},"down":{"uv":[8,14],"uv_size":[-5,-1]}}},{"origin":[-3,0,6],"size":[4,1,1],"uv":{"north":{"uv":[4,14],"uv_size":[4,1]},"east":{"uv":[7,14],"uv_size":[1,1]},"south":{"uv":[4,14],"uv_size":[4,1]},"west":{"uv":[4,14],"uv_size":[1,1]},"up":{"uv":[8,15],"uv_size":[-4,-1]},"down":{"uv":[8,15],"uv_size":[-4,-1]}}},{"origin":[-3,0,7],"size":[3,1,1],"uv":{"north":{"uv":[5,15],"uv_size":[3,1]},"east":{"uv":[7,15],"uv_size":[1,1]},"south":{"uv":[5,15],"uv_size":[3,1]},"west":{"uv":[5,15],"uv_size":[1,1]},"up":{"uv":[8,16],"uv_size":[-3,-1]},"down":{"uv":[8,16],"uv_size":[-3,-1]}}},{"origin":[-3,0,-7],"size":[4,1,1],"uv":{"north":{"uv":[4,1],"uv_size":[4,1]},"east":{"uv":[7,1],"uv_size":[1,1]},"south":{"uv":[4,1],"uv_size":[4,1]},"west":{"uv":[4,1],"uv_size":[1,1]},"up":{"uv":[8,2],"uv_size":[-4,-1]},"down":{"uv":[8,2],"uv_size":[-4,-1]}}},{"origin":[-3,0,-8],"size":[3,1,1],"uv":{"north":{"uv":[5,0],"uv_size":[3,1]},"east":{"uv":[7,0],"uv_size":[1,1]},"south":{"uv":[5,0],"uv_size":[3,1]},"west":{"uv":[5,0],"uv_size":[1,1]},"up":{"uv":[8,1],"uv_size":[-3,-1]},"down":{"uv":[8,1],"uv_size":[-3,-1]}}}]}]}]}