{"format_version":"1.12.0","minecraft:geometry":[{"description":{"identifier":"geometry.frozen_bolt","texture_width":32,"texture_height":32,"visible_bounds_width":3,"visible_bounds_height":1.5,"visible_bounds_offset":[0,0.25,0]},"bones":[{"name":"body","pivot":[0,1,0],"cubes":[{"origin":[-0.5,-0.5,-2.95],"size":[1,1,11.5],"uv":{"north":{"uv":[0,0],"uv_size":[8,8]},"east":{"uv":[0,0],"uv_size":[16,8]},"south":{"uv":[0,0],"uv_size":[8,8]},"west":{"uv":[0,0],"uv_size":[16,8]},"up":{"uv":[8,16],"uv_size":[-8,-16]},"down":{"uv":[8,16],"uv_size":[-8,-16]}}},{"origin":[-1.5,-1.5,-2],"size":[3,3,3],"uv":{"north":{"uv":[0,0],"uv_size":[32,32]},"east":{"uv":[0,0],"uv_size":[32,32]},"south":{"uv":[0,0],"uv_size":[32,32]},"west":{"uv":[0,0],"uv_size":[32,32]},"up":{"uv":[32,32],"uv_size":[-32,-32]},"down":{"uv":[32,32],"uv_size":[-32,-32]}}},{"origin":[-2,-2,4.5],"size":[4,4,4],"uv":{"north":{"uv":[0,0],"uv_size":[32,32]},"east":{"uv":[0,0],"uv_size":[32,32]},"south":{"uv":[0,0],"uv_size":[32,32]},"west":{"uv":[0,0],"uv_size":[32,32]},"up":{"uv":[32,32],"uv_size":[-32,-32]},"down":{"uv":[32,32],"uv_size":[-32,-32]}}},{"origin":[-1.75,-1.75,1],"size":[3.5,3.5,3.5],"uv":{"north":{"uv":[0,0],"uv_size":[32,32]},"east":{"uv":[0,0],"uv_size":[32,32]},"south":{"uv":[0,0],"uv_size":[32,32]},"west":{"uv":[0,0],"uv_size":[32,32]},"up":{"uv":[32,32],"uv_size":[-32,-32]},"down":{"uv":[32,32],"uv_size":[-32,-32]}}}]}]}]}