{"format_version":"1.12.0","minecraft:geometry":[{"description":{"identifier":"geometry.goddess_statue","texture_width":16,"texture_height":16,"visible_bounds_width":3,"visible_bounds_height":3.5,"visible_bounds_offset":[0,1.25,0]},"bones":[{"name":"voxel_file","pivot":[12,0,-7],"cubes":[{"origin":[-5,8,-5],"size":[3,1,1],"uv":[0,0]},{"origin":[7,2,-4],"size":[1,4,1],"uv":[0,0]},{"origin":[-7,2,-4],"size":[1,4,1],"uv":[0,0]},{"origin":[7,8,-4],"size":[1,1,1],"uv":[0,0]},{"origin":[-7,8,-4],"size":[1,1,1],"uv":[0,0]},{"origin":[2,19,-3],"size":[2,1,1],"uv":[0,0]},{"origin":[4,15,-4],"size":[1,1,1],"uv":[0,0]},{"origin":[-5,15,-3],"size":[1,1,1],"uv":[0,0]},{"origin":[4,16,-4],"size":[1,1,2],"uv":[0,0]},{"origin":[4,15,-3],"size":[2,1,1],"uv":[0,0]},{"origin":[-4,15,-4],"size":[1,2,2],"uv":[0,0]},{"origin":[3,17,-4],"size":[1,1,1],"uv":[0,0]},{"origin":[-3,17,-4],"size":[1,1,1],"uv":[0,0]},{"origin":[2,17,-4],"size":[1,4,1],"uv":[0,0]},{"origin":[-2,17,-4],"size":[1,4,1],"uv":[0,0]},{"origin":[-6,14,-3],"size":[1,1,2],"uv":[0,0]},{"origin":[6,14,-3],"size":[1,1,2],"uv":[0,0]},{"origin":[-3,24,-1],"size":[1,1,1],"uv":[0,0]},{"origin":[-1,23,-4],"size":[3,1,1],"uv":[0,0]},{"origin":[3,24,-1],"size":[1,1,2],"uv":[0,0]},{"origin":[-7,13,-3],"size":[1,1,4],"uv":[0,0]},{"origin":[7,13,-3],"size":[1,1,4],"uv":[0,0]},{"origin":[-2,24,-3],"size":[1,1,5],"uv":[0,0]},{"origin":[2,24,-3],"size":[1,1,5],"uv":[0,0]},{"origin":[-3,23,-2],"size":[1,1,4],"uv":[0,0]},{"origin":[3,23,-2],"size":[1,1,4],"uv":[0,0]},{"origin":[-4,21,-1],"size":[1,1,3],"uv":[0,0]},{"origin":[4,21,-1],"size":[1,1,3],"uv":[0,0]},{"origin":[-4,18,-2],"size":[1,1,4],"uv":[0,0]},{"origin":[4,18,-2],"size":[1,1,4],"uv":[0,0]},{"origin":[7,9,-5],"size":[1,1,2],"uv":[0,0]},{"origin":[-7,9,-5],"size":[1,1,2],"uv":[0,0]},{"origin":[-7,10,1],"size":[1,2,1],"uv":[0,0]},{"origin":[7,10,1],"size":[1,2,1],"uv":[0,0]},{"origin":[-1,24,-3],"size":[3,1,6],"uv":[0,0]},{"origin":[-2,23,-3],"size":[5,1,6],"uv":[0,0]},{"origin":[7,10,-5],"size":[1,3,6],"uv":[0,0]},{"origin":[-7,10,-5],"size":[1,3,6],"uv":[0,0]},{"origin":[6,13,-5],"size":[1,1,4],"uv":[0,0]},{"origin":[-3,21,-3],"size":[1,2,6],"uv":[0,0]},{"origin":[-6,13,-5],"size":[1,1,4],"uv":[0,0]},{"origin":[4,14,-5],"size":[1,1,1],"uv":[0,0]},{"origin":[3,21,-3],"size":[1,2,6],"uv":[0,0]},{"origin":[-4,20,-2],"size":[1,1,5],"uv":[0,0]},{"origin":[-4,14,-5],"size":[1,1,1],"uv":[0,0]},{"origin":[2,15,-5],"size":[2,1,1],"uv":[0,0]},{"origin":[4,20,-2],"size":[1,1,5],"uv":[0,0]},{"origin":[-3,15,-5],"size":[1,1,1],"uv":[0,0]},{"origin":[-5,18,2],"size":[2,1,1],"uv":[0,0]},{"origin":[1,16,-5],"size":[2,1,1],"uv":[0,0]},{"origin":[4,18,2],"size":[2,1,1],"uv":[0,0]},{"origin":[-2,16,-5],"size":[1,1,1],"uv":[0,0]},{"origin":[-7,7,-3],"size":[1,3,6],"uv":[0,0]},{"origin":[7,7,-3],"size":[1,3,6],"uv":[0,0]},{"origin":[-7,0,-4],"size":[1,2,7],"uv":[0,0]},{"origin":[7,0,-4],"size":[1,2,7],"uv":[0,0]},{"origin":[-2,21,-4],"size":[1,2,8],"uv":[0,0]},{"origin":[2,21,-4],"size":[1,2,8],"uv":[0,0]},{"origin":[2,20,-3],"size":[2,1,7],"uv":[0,0]},{"origin":[-4,19,-2],"size":[1,1,6],"uv":[0,0]},{"origin":[-3,19,-3],"size":[2,2,7],"uv":[0,0]},{"origin":[2,19,-2],"size":[3,1,6],"uv":[0,0]},{"origin":[-9,18,3],"size":[2,1,1],"uv":[0,0]},{"origin":[-1,18,-4],"size":[3,5,8],"uv":[0,0]},{"origin":[8,18,3],"size":[2,1,1],"uv":[0,0]},{"origin":[-7,17,3],"size":[1,1,1],"uv":[0,0]},{"origin":[7,17,3],"size":[1,1,1],"uv":[0,0]},{"origin":[-10,16,3],"size":[3,2,1],"uv":[0,0]},{"origin":[-6,16,3],"size":[1,2,1],"uv":[0,0]},{"origin":[6,16,3],"size":[1,2,1],"uv":[0,0]},{"origin":[8,16,3],"size":[3,2,1],"uv":[0,0]},{"origin":[-6,13,-1],"size":[1,3,5],"uv":[0,0]},{"origin":[6,13,-1],"size":[1,3,5],"uv":[0,0]},{"origin":[-5,7,-6],"size":[3,1,2],"uv":[0,0]},{"origin":[6,8,-6],"size":[1,1,1],"uv":[0,0]},{"origin":[-7,2,-3],"size":[1,5,7],"uv":[0,0]},{"origin":[7,2,-3],"size":[1,5,7],"uv":[0,0]},{"origin":[-6,0,-5],"size":[1,1,9],"uv":[0,0]},{"origin":[6,0,-5],"size":[1,1,9],"uv":[0,0]},{"origin":[-10,19,4],"size":[1,1,1],"uv":[0,0]},{"origin":[-5,19,4],"size":[1,1,1],"uv":[0,0]},{"origin":[5,19,4],"size":[1,1,1],"uv":[0,0]},{"origin":[10,19,4],"size":[1,1,1],"uv":[0,0]},{"origin":[-11,18,3],"size":[1,1,2],"uv":[0,0]},{"origin":[-6,8,-6],"size":[4,1,1],"uv":[0,0]},{"origin":[6,9,-6],"size":[1,1,10],"uv":[0,0]},{"origin":[-3,18,-3],"size":[2,1,8],"uv":[0,0]},{"origin":[2,18,-3],"size":[2,1,8],"uv":[0,0]},{"origin":[-6,9,-6],"size":[1,1,10],"uv":[0,0]},{"origin":[11,18,3],"size":[1,1,2],"uv":[0,0]},{"origin":[-1,17,-4],"size":[1,1,9],"uv":[0,0]},{"origin":[1,17,-4],"size":[1,1,9],"uv":[0,0]},{"origin":[6,12,-6],"size":[1,1,10],"uv":[0,0]},{"origin":[-6,12,-6],"size":[1,1,10],"uv":[0,0]},{"origin":[4,11,-6],"size":[2,3,2],"uv":[0,0]},{"origin":[-5,13,-6],"size":[1,1,2],"uv":[0,0]},{"origin":[3,11,-6],"size":[1,4,2],"uv":[0,0]},{"origin":[0,16,-4],"size":[1,2,9],"uv":[0,0]},{"origin":[-3,14,-6],"size":[1,1,2],"uv":[0,0]},{"origin":[1,15,-6],"size":[1,1,2],"uv":[0,0]},{"origin":[-2,15,-6],"size":[2,1,2],"uv":[0,0]},{"origin":[-1,16,-6],"size":[2,1,2],"uv":[0,0]},{"origin":[0,0,-7],"size":[1,1,1],"uv":[0,0]},{"origin":[-9,14,4],"size":[1,5,1],"uv":[0,0]},{"origin":[9,14,4],"size":[1,5,1],"uv":[0,0]},{"origin":[-7,12,4],"size":[1,6,1],"uv":[0,0]},{"origin":[3,1,-7],"size":[1,2,1],"uv":[0,0]},{"origin":[7,12,4],"size":[1,6,1],"uv":[0,0]},{"origin":[-6,11,4],"size":[1,7,1],"uv":[0,0]},{"origin":[6,11,4],"size":[1,7,1],"uv":[0,0]},{"origin":[-3,1,-7],"size":[1,2,1],"uv":[0,0]},{"origin":[-5,7,-4],"size":[1,3,9],"uv":[0,0]},{"origin":[5,7,-6],"size":[1,3,11],"uv":[0,0]},{"origin":[-6,1,-5],"size":[1,8,10],"uv":[0,0]},{"origin":[6,1,-5],"size":[1,8,10],"uv":[0,0]},{"origin":[-5,0,-6],"size":[1,3,11],"uv":[0,0]},{"origin":[5,0,-6],"size":[1,3,11],"uv":[0,0]},{"origin":[-9,19,3],"size":[4,1,3],"uv":[0,0]},{"origin":[6,19,3],"size":[4,1,3],"uv":[0,0]},{"origin":[-10,18,3],"size":[1,1,3],"uv":[0,0]},{"origin":[-6,18,3],"size":[3,1,3],"uv":[0,0]},{"origin":[4,18,3],"size":[3,1,3],"uv":[0,0]},{"origin":[10,18,3],"size":[1,1,3],"uv":[0,0]},{"origin":[-3,6,-7],"size":[1,1,3],"uv":[0,0]},{"origin":[-4,17,-3],"size":[3,1,9],"uv":[0,0]},{"origin":[2,17,-3],"size":[3,1,9],"uv":[0,0]},{"origin":[-11,16,3],"size":[1,2,3],"uv":[0,0]},{"origin":[-2,1,-7],"size":[1,8,1],"uv":[0,0]},{"origin":[11,16,3],"size":[1,2,3],"uv":[0,0]},{"origin":[3,9,-7],"size":[3,1,1],"uv":[0,0]},{"origin":[-3,15,-4],"size":[3,2,10],"uv":[0,0]},{"origin":[1,15,-4],"size":[3,2,10],"uv":[0,0]},{"origin":[-1,1,-7],"size":[4,9,1],"uv":[0,0]},{"origin":[0,14,-6],"size":[1,2,12],"uv":[0,0]},{"origin":[-1,13,-6],"size":[3,1,12],"uv":[0,0]},{"origin":[3,10,-7],"size":[3,1,3],"uv":[0,0]},{"origin":[6,10,-7],"size":[1,2,11],"uv":[0,0]},{"origin":[1,11,-7],"size":[1,1,1],"uv":[0,0]},{"origin":[-6,10,-7],"size":[1,2,11],"uv":[0,0]},{"origin":[2,11,-7],"size":[4,2,1],"uv":[0,0]},{"origin":[0,12,-7],"size":[1,1,13],"uv":[0,0]},{"origin":[-4,7,-4],"size":[1,3,10],"uv":[0,0]},{"origin":[-2,10,-7],"size":[1,3,1],"uv":[0,0]},{"origin":[4,7,-6],"size":[1,3,12],"uv":[0,0]},{"origin":[-3,6,-4],"size":[1,4,10],"uv":[0,0]},{"origin":[-5,9,-7],"size":[1,4,3],"uv":[0,0]},{"origin":[3,6,-6],"size":[1,4,12],"uv":[0,0]},{"origin":[-5,3,-6],"size":[2,4,12],"uv":[0,0]},{"origin":[-2,13,-7],"size":[7,1,1],"uv":[0,0]},{"origin":[4,3,-6],"size":[2,4,12],"uv":[0,0]},{"origin":[-4,2,-6],"size":[2,1,12],"uv":[0,0]},{"origin":[-4,9,-7],"size":[2,5,3],"uv":[0,0]},{"origin":[1,14,-7],"size":[2,1,13],"uv":[0,0]},{"origin":[-2,14,-7],"size":[2,1,13],"uv":[0,0]},{"origin":[-4,0,-6],"size":[3,2,12],"uv":[0,0]},{"origin":[2,0,-6],"size":[1,1,12],"uv":[0,0]},{"origin":[3,0,-6],"size":[2,3,12],"uv":[0,0]},{"origin":[-7,18,3],"size":[1,1,4],"uv":[0,0]},{"origin":[7,18,3],"size":[1,1,4],"uv":[0,0]},{"origin":[-5,17,1],"size":[1,1,6],"uv":[0,0]},{"origin":[5,17,1],"size":[1,1,6],"uv":[0,0]},{"origin":[-10,15,4],"size":[1,3,3],"uv":[0,0]},{"origin":[-5,15,-2],"size":[2,2,9],"uv":[0,0]},{"origin":[4,15,-2],"size":[2,2,9],"uv":[0,0]},{"origin":[10,15,4],"size":[1,3,3],"uv":[0,0]},{"origin":[-9,13,5],"size":[1,6,2],"uv":[0,0]},{"origin":[9,13,5],"size":[1,6,2],"uv":[0,0]},{"origin":[-8,12,4],"size":[1,7,3],"uv":[0,0]},{"origin":[-1,12,-7],"size":[1,1,14],"uv":[0,0]},{"origin":[1,12,-7],"size":[1,1,14],"uv":[0,0]},{"origin":[8,12,4],"size":[1,7,3],"uv":[0,0]},{"origin":[-7,11,5],"size":[2,7,2],"uv":[0,0]},{"origin":[6,11,5],"size":[2,7,2],"uv":[0,0]},{"origin":[-5,10,-4],"size":[3,5,11],"uv":[0,0]},{"origin":[3,10,-4],"size":[3,5,11],"uv":[0,0]},{"origin":[-3,3,-7],"size":[1,3,14],"uv":[0,0]},{"origin":[3,3,-7],"size":[1,3,14],"uv":[0,0]},{"origin":[-2,2,-6],"size":[1,12,13],"uv":[0,0]},{"origin":[2,1,-6],"size":[1,13,13],"uv":[0,0]},{"origin":[-1,0,-6],"size":[3,12,13],"uv":[0,0]}]}]}]}