{"format_version":"1.12.0","minecraft:geometry":[{"description":{"identifier":"geometry.hologram_base","texture_width":16,"texture_height":16,"visible_bounds_width":3,"visible_bounds_height":2.5,"visible_bounds_offset":[0,0.75,0]},"bones":[{"name":"bb_main","pivot":[0.5,0.5,0.5],"cubes":[{"origin":[-0.5,0,-0.5],"size":[1,1,1],"uv":{"north":{"uv":[0,0],"uv_size":[16,16]},"east":{"uv":[0,0],"uv_size":[16,16]},"south":{"uv":[0,0],"uv_size":[16,16]},"west":{"uv":[0,0],"uv_size":[16,16]},"up":{"uv":[0,0],"uv_size":[16,16]},"down":{"uv":[0,16],"uv_size":[16,-16]}}}]}]}]}