{"format_version":"1.12.0","minecraft:geometry":[{"description":{"identifier":"geometry.humanoid.large_backpack","texture_width":32,"texture_height":48,"visible_bounds_width":5,"visible_bounds_height":3.5,"visible_bounds_offset":[0,1.25,0]},"bones":[{"name":"bottom","pivot":[0,0,0],"cubes":[{"origin":[-4,12,2],"size":[8,10,4],"uv":{"north":{"uv":[4,19],"uv_size":[8,10]},"east":{"uv":[0,19],"uv_size":[4,10]},"south":{"uv":[15.9,19],"uv_size":[8,10]},"west":{"uv":[12,19],"uv_size":[4,10]},"up":{"uv":[4,15],"uv_size":[8,4]},"down":{"uv":[11.9,19],"uv_size":[8,-4]}}},{"origin":[-1,17.9,6],"size":[2,1,0.7],"uv":{"north":{"uv":[1,13],"uv_size":[2,2]},"east":{"uv":[0,13],"uv_size":[1,2]},"south":{"uv":[4,13],"uv_size":[2,2]},"west":{"uv":[3,13],"uv_size":[1,2]},"up":{"uv":[1,12],"uv_size":[2,1]},"down":{"uv":[3,13],"uv_size":[2,-1]}}},{"origin":[-4,19,6],"size":[8,3,0.2],"uv":{"north":{"uv":[16,4],"uv_size":[8,3]},"east":{"uv":[16,4],"uv_size":[1,3]},"south":{"uv":[16,4],"uv_size":[8,3]},"west":{"uv":[23,4],"uv_size":[1,3]},"up":{"uv":[16,4],"uv_size":[8,1]},"down":{"uv":[16,5],"uv_size":[8,-1]}}},{"origin":[-1,13.9,7],"size":[2,1,0.7],"uv":{"north":{"uv":[1,13],"uv_size":[2,2]},"east":{"uv":[0,13],"uv_size":[1,2]},"south":{"uv":[4,13],"uv_size":[2,2]},"west":{"uv":[3,13],"uv_size":[1,2]},"up":{"uv":[1,12],"uv_size":[2,1]},"down":{"uv":[3,13],"uv_size":[2,-1]}}},{"origin":[-3,14,7],"size":[6,1,0.2],"uv":{"north":{"uv":[17,7],"uv_size":[6,1]},"east":{"uv":[17,7],"uv_size":[6,1]},"south":{"uv":[17,7],"uv_size":[6,1]},"west":{"uv":[17,7],"uv_size":[6,1]},"up":{"uv":[23,8],"uv_size":[-6,-1]},"down":{"uv":[23,8],"uv_size":[-6,-1]}}},{"origin":[-4,15,7],"size":[8,2,0.2],"uv":{"north":{"uv":[16,29],"uv_size":[8,2]},"east":{"uv":[16,29],"uv_size":[1,2]},"south":{"uv":[16,29],"uv_size":[8,2]},"west":{"uv":[23,29],"uv_size":[1,2]},"up":{"uv":[16,29],"uv_size":[8,1]},"down":{"uv":[16,30],"uv_size":[8,-1]}}},{"origin":[5,12.9,3.5],"size":[0.7,1,1],"uv":{"north":{"uv":[1,13],"uv_size":[0.7,1]},"east":{"uv":[0,13],"uv_size":[1,1]},"south":{"uv":[4,13],"uv_size":[0.7,1]},"west":{"uv":[3,13],"uv_size":[1,1]},"up":{"uv":[1,12],"uv_size":[0.7,1]},"down":{"uv":[3,13],"uv_size":[0.7,-1]}}},{"origin":[5,13,3],"size":[0.2,1,2],"uv":{"north":{"uv":[13,31],"uv_size":[2,1]},"east":{"uv":[13,31],"uv_size":[2,1]},"south":{"uv":[13,31],"uv_size":[2,1]},"west":{"uv":[13,31],"uv_size":[2,1]},"up":{"uv":[15,32],"uv_size":[-2,-1]},"down":{"uv":[15,32],"uv_size":[-2,-1]}}},{"origin":[5,14,2],"size":[0.2,2,4],"uv":{"north":{"uv":[15,29],"uv_size":[1,2]},"east":{"uv":[12,29],"uv_size":[4,2]},"south":{"uv":[15,29],"uv_size":[1,2]},"west":{"uv":[12,29],"uv_size":[4,2]},"up":{"uv":[16.2,29],"uv_size":[-4,1]},"down":{"uv":[16.2,32],"uv_size":[-4,-1]}}},{"origin":[-3,18,6],"size":[6,1,0.2],"uv":{"north":{"uv":[17,7],"uv_size":[6,1]},"east":{"uv":[17,7],"uv_size":[6,1]},"south":{"uv":[17,7],"uv_size":[6,1]},"west":{"uv":[17,7],"uv_size":[6,1]},"up":{"uv":[23,8],"uv_size":[-6,-1]},"down":{"uv":[23,8],"uv_size":[-6,-1]}}},{"origin":[-4,12,6],"size":[8,5,1],"uv":{"north":{"uv":[16,24],"uv_size":[8,5]},"east":{"uv":[16,24],"uv_size":[1,5]},"south":{"uv":[16,29],"uv_size":[8,5]},"west":{"uv":[16,24],"uv_size":[1,5]},"up":{"uv":[24,29],"uv_size":[-8,-1]},"down":{"uv":[24,29],"uv_size":[-8,-1]}}},{"origin":[4,12,2],"size":[1,4,4],"uv":{"north":{"uv":[12,25],"uv_size":[1,4]},"east":{"uv":[8,29],"uv_size":[4,4]},"south":{"uv":[11,25],"uv_size":[1,4]},"west":{"uv":[12,29],"uv_size":[4,4]},"up":{"uv":[13,29],"uv_size":[-1,-4]},"down":{"uv":[12,29],"uv_size":[-1,-4]}}},{"origin":[-5.7,12.9,3.5],"size":[0.7,1,1],"uv":{"north":{"uv":[1,13],"uv_size":[0.7,1]},"east":{"uv":[0,13],"uv_size":[1,1]},"south":{"uv":[4,13],"uv_size":[0.7,1]},"west":{"uv":[3,13],"uv_size":[1,1]},"up":{"uv":[1,12],"uv_size":[0.7,1]},"down":{"uv":[3,13],"uv_size":[0.7,-1]}}},{"origin":[-5.2,13,3],"size":[0.2,1,2],"uv":{"north":{"uv":[13,31],"uv_size":[2,1]},"east":{"uv":[13,31],"uv_size":[2,1]},"south":{"uv":[13,31],"uv_size":[2,1]},"west":{"uv":[13,31],"uv_size":[2,1]},"up":{"uv":[15,32],"uv_size":[-2,-1]},"down":{"uv":[15,32],"uv_size":[-2,-1]}}},{"origin":[-5.2,14,2],"size":[0.2,2,4],"uv":{"north":{"uv":[15,29],"uv_size":[1,2]},"east":{"uv":[12,29],"uv_size":[4,2]},"south":{"uv":[15,29],"uv_size":[1,2]},"west":{"uv":[12,29],"uv_size":[4,2]},"up":{"uv":[16.2,29],"uv_size":[-4,1]},"down":{"uv":[16.2,32],"uv_size":[-4,-1]}}},{"origin":[-5,12,2],"size":[1,4,4],"uv":{"north":{"uv":[12,25],"uv_size":[1,4]},"east":{"uv":[8,29],"uv_size":[4,4]},"south":{"uv":[11,25],"uv_size":[1,4]},"west":{"uv":[12,29],"uv_size":[4,4]},"up":{"uv":[13,29],"uv_size":[-1,-4]},"down":{"uv":[12,29],"uv_size":[-1,-4]}}}]}]}]}