{"format_version":"1.12.0","minecraft:geometry":[{"description":{"identifier":"geometry.quest_tracker","texture_width":32,"texture_height":32,"visible_bounds_width":4,"visible_bounds_height":4,"visible_bounds_offset":[0,1,0]},"bones":[{"name":"root","pivot":[0,0,0]},{"name":"bone","parent":"root","pivot":[0,0,0]},{"name":"front","parent":"bone","pivot":[0,0,0]},{"name":"front_inner","parent":"front","pivot":[0,0.00202,0],"cubes":[{"origin":[4.2,-3,0],"size":[1,6,0],"uv":[18,18]},{"origin":[1.775,-7.025,0],"size":[1,6,0],"pivot":[0,-8.05,0],"rotation":[0,0,-60],"uv":[18,12]},{"origin":[-2.775,-7.025,0],"size":[1,6,0],"pivot":[0,-8.05,0],"rotation":[0,0,60],"uv":[18,6]},{"origin":[-5.2,-3,0],"size":[1,6,0],"uv":[18,0]},{"origin":[-12.175,-7.025,0],"size":[1,6,0],"pivot":[0,-8.05,0],"rotation":[0,0,60],"uv":[12,17]},{"origin":[11.175,-7.025,0],"size":[1,6,0],"pivot":[0,-8.05,0],"rotation":[0,0,-60],"uv":[10,17]}]},{"name":"symbol","parent":"front","pivot":[0,-1.25,-1],"cubes":[{"origin":[-1,-5,-1],"size":[2,2,0],"uv":[20,2]},{"origin":[-1,-2,-1],"size":[2,7,0],"uv":[4,7]}]},{"name":"back","parent":"bone","pivot":[0,0,0]},{"name":"outburst","parent":"back","pivot":[0,0,0]},{"name":"left","parent":"outburst","pivot":[-6.95,0,0.5],"cubes":[{"origin":[-6.95,-4,0.5],"size":[1,8,0],"uv":[30,0]}]},{"name":"bottomleft","parent":"outburst","pivot":[-3.5141,-5.96699,0.5],"rotation":[0,0,-60],"cubes":[{"origin":[-3.51769,-10.02679,0.5],"size":[1,8,0],"uv":[30,0]}]},{"name":"topright","parent":"outburst","pivot":[3.5234,5.98309,0.5],"rotation":[0,0,-60],"cubes":[{"origin":[2.52699,2.0429,0.5],"size":[1,8,0],"uv":[30,0]}]},{"name":"topleft","parent":"outburst","pivot":[-3.5234,5.98309,0.5],"rotation":[0,0,60],"cubes":[{"origin":[-3.52699,2.0429,0.5],"size":[1,8,0],"uv":[30,0]}]},{"name":"bottomright","parent":"outburst","pivot":[3.5141,-5.96699,0.5],"rotation":[0,0,60],"cubes":[{"origin":[2.51769,-10.02679,0.5],"size":[1,8,0],"uv":[30,0]}]},{"name":"right","parent":"outburst","pivot":[6.925,0,0.5],"cubes":[{"origin":[5.925,-4,0.5],"size":[1,8,0],"uv":[30,0]}]},{"name":"outer","parent":"back","pivot":[-0.00417,0.00537,0],"cubes":[{"origin":[5.925,-4,0],"size":[1,8,0],"uv":[8,9]},{"origin":[0,-8,0],"size":[1,8,0],"pivot":[0,-8,0],"rotation":[0,0,-60],"uv":[2,14]},{"origin":[-1,-8,0],"size":[1,8,0],"pivot":[0,-8,0],"rotation":[0,0,60],"uv":[4,14]},{"origin":[-13.875,-8,0],"size":[1,8,0],"pivot":[0,-8,0],"rotation":[0,0,60],"uv":[12,9]},{"origin":[12.875,-8,0],"size":[1,8,0],"pivot":[0,-8,0],"rotation":[0,0,-60],"uv":[0,14]},{"origin":[-6.95,-4,0],"size":[1,8,0],"uv":[10,9]}]},{"name":"symbol_shadow","parent":"back","pivot":[0,-1.8,-0.5],"cubes":[{"origin":[-1,-2.55,-0.5],"size":[2,7,0],"uv":[0,7]},{"origin":[-1,-5.55,-0.5],"size":[2,2,0],"uv":[20,0]}]},{"name":"back_inner","parent":"bone","pivot":[0,0,0]},{"name":"inner","parent":"back_inner","pivot":[0.00357,0,1.00157],"cubes":[{"origin":[-3.5,-3.5,1.05],"size":[7,7,0],"uv":[0,0]},{"origin":[3.35,-3.5,1.05],"size":[1,7,0],"uv":[6,14]},{"origin":[-4.325,-3.5,1.05],"size":[1,7,0],"uv":[14,0]},{"origin":[-2.5,-4.5,1.05],"size":[5,1,0],"uv":[8,8]},{"origin":[-1,-5.25,1.05],"size":[2,1,0],"uv":[20,5]},{"origin":[-1,4.25,1.05],"size":[2,1,0],"uv":[20,4]},{"origin":[-2.5,3.5,1.05],"size":[5,1,0],"uv":[8,7]}]}]}]}