{"format_version":"1.8.0","geometry.retina_laser":{"texturewidth":64,"textureheight":16,"visible_bounds_width":3,"visible_bounds_height":3.5,"visible_bounds_offset":[0,1.25,0],"bones":[{"name":"head","pivot":[0,1,0],"cubes":[{"origin":[-4,1,-4],"size":[8,8,8],"uv":[0,0]}]},{"name":"hat","parent":"head","pivot":[0,1,0],"cubes":[{"origin":[-4,1,-4],"size":[8,8,8],"uv":[32,0],"inflate":0.5}]},{"name":"outline","pivot":[0,0,0],"cubes":[{"origin":[-4,0,6],"size":[1,3,1],"uv":[60,0]},{"origin":[-8,3,0],"size":[1,3,1],"uv":[60,0]},{"origin":[2,4,-8],"size":[1,3,1],"uv":[60,0]},{"origin":[2,7,7],"size":[1,3,1],"uv":[60,0]},{"origin":[7,1,6],"size":[1,3,1],"uv":[60,0]},{"origin":[6,8,-2],"size":[1,3,1],"uv":[60,0]},{"origin":[5,0,-7],"size":[1,3,1],"uv":[60,0]},{"origin":[-6,0,-7],"size":[1,3,1],"uv":[60,0]}]}]}}