{"format_version":"1.12.0","minecraft:geometry":[{"description":{"identifier":"geometry.showcase_block","texture_width":16,"texture_height":42,"visible_bounds_width":5,"visible_bounds_height":3.5,"visible_bounds_offset":[0,1.25,0]},"bones":[{"name":"bottom","pivot":[0,0,0],"cubes":[{"origin":[-8,0,-8],"size":[16,2,16],"uv":{"north":{"uv":[0,14],"uv_size":[16,2]},"east":{"uv":[0,14],"uv_size":[16,2]},"south":{"uv":[0,14],"uv_size":[16,2]},"west":{"uv":[0,14],"uv_size":[16,2]},"up":{"uv":[16,16],"uv_size":[-16,-16]},"down":{"uv":[0,16],"uv_size":[16,-16]}}},{"origin":[-8,19,-8],"size":[16,2,16],"uv":{"north":{"uv":[0,0],"uv_size":[16,2]},"east":{"uv":[0,0],"uv_size":[16,2]},"south":{"uv":[0,0],"uv_size":[16,2]},"west":{"uv":[0,0],"uv_size":[16,2]},"up":{"uv":[0,0],"uv_size":[16,16]},"down":{"uv":[0,16],"uv_size":[16,-16]}}},{"origin":[-8,33,-8],"size":[16,1,16],"uv":{"north":{"uv":[0,31],"uv_size":[16,1]},"east":{"uv":[0,31],"uv_size":[16,1]},"south":{"uv":[0,31],"uv_size":[16,1]},"west":{"uv":[0,31],"uv_size":[16,1]},"up":{"uv":[0,16],"uv_size":[16,16]},"down":{"uv":[0,32],"uv_size":[16,-16]}}},{"origin":[7,21,-8],"size":[1,1,16],"uv":{"north":{"uv":[15,30],"uv_size":[1,1]},"east":{"uv":[0,17],"uv_size":[16,1]},"south":{"uv":[0,30],"uv_size":[1,1]},"west":{"uv":[0,30],"uv_size":[16,1]},"up":{"uv":[1,16],"uv_size":[1,16]},"down":{"uv":[3,32],"uv_size":[1,-16]}}},{"origin":[7,32,-8],"size":[1,1,16],"uv":{"north":{"uv":[12,2],"uv_size":[1,1]},"east":{"uv":[0,23],"uv_size":[16,1]},"south":{"uv":[0,7],"uv_size":[1,1]},"west":{"uv":[0,8],"uv_size":[16,1]},"up":{"uv":[8,0],"uv_size":[1,16]},"down":{"uv":[15,32],"uv_size":[1,-16]}}},{"origin":[-8,21,-8],"size":[1,1,16],"uv":{"north":{"uv":[0,30],"uv_size":[1,1]},"east":{"uv":[0,30],"uv_size":[16,1]},"south":{"uv":[15,30],"uv_size":[1,1]},"west":{"uv":[0,8],"uv_size":[16,1]},"up":{"uv":[8,0],"uv_size":[1,16]},"down":{"uv":[14,31],"uv_size":[1,-16]}}},{"origin":[-8,32,-8],"size":[1,1,16],"uv":{"north":{"uv":[0,20],"uv_size":[1,1]},"east":{"uv":[0,19],"uv_size":[16,1]},"south":{"uv":[5,8],"uv_size":[1,1]},"west":{"uv":[0,15],"uv_size":[16,1]},"up":{"uv":[0,16],"uv_size":[1,16]},"down":{"uv":[9,16],"uv_size":[1,-16]}}},{"origin":[7,22,7],"size":[1,10,1],"uv":{"north":{"uv":[0,1],"uv_size":[1,10]},"east":{"uv":[0,0.5],"uv_size":[1,10]},"south":{"uv":[1,1],"uv_size":[1,10]},"west":{"uv":[1,0.5],"uv_size":[1,10]},"up":{"uv":[0.5,0],"uv_size":[1,1]},"down":{"uv":[1,1],"uv_size":[1,-1]}}},{"origin":[-8,22,7],"size":[1,10,1],"uv":{"north":{"uv":[0,1],"uv_size":[1,10]},"east":{"uv":[0,20],"uv_size":[1,10]},"south":{"uv":[1,1],"uv_size":[1,10]},"west":{"uv":[1,0.5],"uv_size":[1,10]},"up":{"uv":[0.5,0],"uv_size":[1,1]},"down":{"uv":[1,1],"uv_size":[1,-1]}}},{"origin":[7,22,-8],"size":[1,10,1],"uv":{"north":{"uv":[15,20],"uv_size":[1,10]},"east":{"uv":[0,20],"uv_size":[1,10]},"south":{"uv":[15,20],"uv_size":[1,10]},"west":{"uv":[0,20],"uv_size":[1,10]},"up":{"uv":[0,0],"uv_size":[1,1]},"down":{"uv":[1,1],"uv_size":[1,-1]}}},{"origin":[-8,22,-8],"size":[1,10,1],"uv":{"north":{"uv":[0,20],"uv_size":[1,10]},"east":{"uv":[15,20],"uv_size":[1,10]},"south":{"uv":[0,20],"uv_size":[1,10]},"west":{"uv":[15,20],"uv_size":[1,10]},"up":{"uv":[0,0],"uv_size":[1,1]},"down":{"uv":[1,1],"uv_size":[-1,-1]}}},{"origin":[-7,21,-8],"size":[14,1,1],"uv":{"north":{"uv":[1,30],"uv_size":[14,1]},"east":{"uv":[15,30],"uv_size":[1,1]},"south":{"uv":[1,30],"uv_size":[14,1]},"west":{"uv":[0,30],"uv_size":[1,1]},"up":{"uv":[1,30],"uv_size":[14,1]},"down":{"uv":[7.5,1],"uv_size":[14,-1]}}},{"origin":[-7,32,-8],"size":[14,1,1],"uv":{"north":{"uv":[1,0],"uv_size":[14,1]},"east":{"uv":[0,0],"uv_size":[1,1]},"south":{"uv":[1,0],"uv_size":[14,1]},"west":{"uv":[0,0],"uv_size":[1,1]},"up":{"uv":[1,0],"uv_size":[14,1]},"down":{"uv":[0,1],"uv_size":[14,-1]}}},{"origin":[-7,21,7],"size":[14,1,1],"uv":{"north":{"uv":[1,0],"uv_size":[14,1]},"east":{"uv":[0,0],"uv_size":[1,1]},"south":{"uv":[1,30],"uv_size":[14,1]},"west":{"uv":[9,0],"uv_size":[1,1]},"up":{"uv":[1,0],"uv_size":[14,1]},"down":{"uv":[0,1],"uv_size":[14,-1]}}},{"origin":[-7,22,7.5],"size":[14,10,0],"uv":{"south":{"uv":[0,32],"uv_size":[14,10]}}},{"origin":[7.5,22,-7],"size":[0,10,14],"uv":{"west":{"uv":[0,32],"uv_size":[14,10]}}},{"origin":[-7.5,22,-7],"size":[0,10,14],"uv":{"east":{"uv":[0,32],"uv_size":[14,10]}}},{"origin":[-7,22,-7.5],"size":[14,10,0],"uv":{"north":{"uv":[0,32],"uv_size":[14,10]}}},{"origin":[-7,32,7],"size":[14,1,1],"uv":{"north":{"uv":[1,0],"uv_size":[14,1]},"east":{"uv":[0,0],"uv_size":[1,1]},"south":{"uv":[0,0],"uv_size":[14,1]},"west":{"uv":[7,0],"uv_size":[1,1]},"up":{"uv":[1,0],"uv_size":[14,1]},"down":{"uv":[1,1],"uv_size":[14,-1]}}},{"origin":[-7,17,-7],"size":[14,2,14],"uv":{"north":{"uv":[1,1],"uv_size":[14,2]},"east":{"uv":[1,1],"uv_size":[14,2]},"south":{"uv":[1,1],"uv_size":[14,2]},"west":{"uv":[1,1],"uv_size":[14,2]},"up":{"uv":[7,0],"uv_size":[7,7]},"down":{"uv":[1,15],"uv_size":[14,-14]}}},{"origin":[-7,2,-7],"size":[14,2,14],"uv":{"north":{"uv":[1,13],"uv_size":[14,2]},"east":{"uv":[1,13],"uv_size":[14,2]},"south":{"uv":[1,13],"uv_size":[14,2]},"west":{"uv":[1,13],"uv_size":[14,2]},"up":{"uv":[1,1],"uv_size":[14,14]},"down":{"uv":[14,7],"uv_size":[7,-7]}}},{"origin":[-6,4,-6],"size":[12,2,12],"uv":{"north":{"uv":[2,11],"uv_size":[11,2]},"east":{"uv":[2,11],"uv_size":[11,2]},"south":{"uv":[2,11],"uv_size":[11,2]},"west":{"uv":[2,11],"uv_size":[11,2]},"up":{"uv":[2,2],"uv_size":[11,11]},"down":{"uv":[12,6],"uv_size":[6,-6]}}},{"origin":[-6,15,-6],"size":[12,2,12],"uv":{"north":{"uv":[2,2],"uv_size":[11,2]},"east":{"uv":[2,2],"uv_size":[11,2]},"south":{"uv":[2,2],"uv_size":[11,2]},"west":{"uv":[2,2],"uv_size":[11,2]},"up":{"uv":[13,13],"uv_size":[-11,-11]},"down":{"uv":[2,13],"uv_size":[11,-11]}}},{"origin":[-5,6,-5],"size":[10,9,10],"uv":{"north":{"uv":[2,3],"uv_size":[11,9]},"east":{"uv":[2,3],"uv_size":[11,9]},"south":{"uv":[2,3],"uv_size":[11,9]},"west":{"uv":[2,3],"uv_size":[11,9]},"up":{"uv":[3,3],"uv_size":[9,9]},"down":{"uv":[3,12],"uv_size":[9,-9]}}}]}]}]}