{"format_version":"1.12.0","minecraft:geometry":[{"description":{"identifier":"geometry.humanoid.small_backpack","texture_width":32,"texture_height":48,"visible_bounds_width":5,"visible_bounds_height":3.5,"visible_bounds_offset":[0,1.25,0]},"bones":[{"name":"bottom","pivot":[0,0,0],"cubes":[{"origin":[-4,14,2],"size":[8,8,4],"uv":{"north":{"uv":[4,4],"uv_size":[8,8]},"east":{"uv":[0,4],"uv_size":[4,8]},"south":{"uv":[16,4],"uv_size":[8,8]},"west":{"uv":[12,4],"uv_size":[4,8]},"up":{"uv":[4,0],"uv_size":[8,4]},"down":{"uv":[12,4],"uv_size":[8,-4]}}},{"origin":[-1,17.9,6],"size":[2,1,0.7],"uv":{"north":{"uv":[1,13],"uv_size":[2,2]},"east":{"uv":[0,13],"uv_size":[1,2]},"south":{"uv":[4,13],"uv_size":[2,2]},"west":{"uv":[3,13],"uv_size":[1,2]},"up":{"uv":[1,12],"uv_size":[2,1]},"down":{"uv":[3,13],"uv_size":[2,-1]}}},{"origin":[-4,19,6],"size":[8,3,0.2],"uv":{"north":{"uv":[16,4],"uv_size":[8,3]},"east":{"uv":[16,4],"uv_size":[1,3]},"south":{"uv":[16,4],"uv_size":[8,3]},"west":{"uv":[23,4],"uv_size":[1,3]},"up":{"uv":[16,4],"uv_size":[8,1]},"down":{"uv":[16,5],"uv_size":[8,-1]}}},{"origin":[-3,18,6],"size":[6,1,0.2],"uv":{"north":{"uv":[17,7],"uv_size":[6,1]},"east":{"uv":[17,7],"uv_size":[6,1]},"south":{"uv":[17,7],"uv_size":[6,1]},"west":{"uv":[17,7],"uv_size":[6,1]},"up":{"uv":[23,8],"uv_size":[-6,-1]},"down":{"uv":[23,8],"uv_size":[-6,-1]}}}]}]}]}