{"format_version":"1.12.0","minecraft:geometry":[{"description":{"identifier":"geometry.soul_of_the_alpha","texture_width":64,"texture_height":64,"visible_bounds_width":4,"visible_bounds_height":2.5,"visible_bounds_offset":[0,0.75,0]},"bones":[{"name":"geneli","pivot":[-1.55,2,2]},{"name":"govde","parent":"geneli","pivot":[-1.55,2,2],"cubes":[{"origin":[-3.55,9,-5.5],"size":[7,5.5,7],"uv":{"north":{"uv":[14,0],"uv_size":[7,6]},"east":{"uv":[14,6],"uv_size":[7,6]},"south":{"uv":[14,12],"uv_size":[7,6]},"west":{"uv":[0,15],"uv_size":[7,6]},"up":{"uv":[0,8],"uv_size":[7,7]},"down":{"uv":[7,15],"uv_size":[7,-7]}}},{"origin":[-3.3,9.001,0.5],"size":[6.5,5,8],"uv":{"north":{"uv":[18,23],"uv_size":[7,5]},"east":{"uv":[7,18],"uv_size":[8,5]},"south":{"uv":[23,18],"uv_size":[7,5]},"west":{"uv":[15,18],"uv_size":[8,5]},"up":{"uv":[0,0],"uv_size":[7,8]},"down":{"uv":[7,8],"uv_size":[7,-8]}}}]},{"name":"boyun","parent":"govde","pivot":[-0.05,12,-4],"cubes":[{"origin":[-2.3,14.25,-5.25],"size":[4.5,6,4.5],"pivot":[-1.55,12,0],"rotation":[42.5,0,0],"uv":{"north":{"uv":[25,23],"uv_size":[5,6]},"east":{"uv":[0,27],"uv_size":[5,6]},"south":{"uv":[27,0],"uv_size":[5,6]},"west":{"uv":[27,6],"uv_size":[5,6]},"up":{"uv":[27,12],"uv_size":[5,5]},"down":{"uv":[18,33],"uv_size":[5,-5]}}}]},{"name":"head","parent":"boyun","pivot":[-0.1,15.25,-8.25],"cubes":[{"origin":[-3.05,13.75,-11.75],"size":[6,6,6],"uv":{"north":{"uv":[0,21],"uv_size":[6,6]},"east":{"uv":[21,0],"uv_size":[6,6]},"south":{"uv":[21,6],"uv_size":[6,6]},"west":{"uv":[21,12],"uv_size":[6,6]},"up":{"uv":[6,23],"uv_size":[6,6]},"down":{"uv":[12,29],"uv_size":[6,-6]}}}]},{"name":"agiz","parent":"head","pivot":[-0.15,15.05,-11.75],"rotation":[5,0,0]},{"name":"ust","parent":"agiz","pivot":[0.45,15.65,-11.45],"cubes":[{"origin":[-1.5497,15.45,-13.5],"size":[2.9998,1.25,2.25],"pivot":[-0.55,16.05,-11.75],"rotation":[5,0,0],"uv":{"north":{"uv":[44,34],"uv_size":[3,1]},"east":{"uv":[44,40],"uv_size":[2,1]},"south":{"uv":[44,35],"uv_size":[3,1]},"west":{"uv":[44,41],"uv_size":[2,1]},"up":{"uv":[41,32],"uv_size":[3,2]},"down":{"uv":[42,13],"uv_size":[3,-2]}}},{"origin":[-1.55,15.5,-15.65],"size":[3,1,4],"uv":{"north":{"uv":[44,36],"uv_size":[3,1]},"east":{"uv":[43,23],"uv_size":[4,1]},"south":{"uv":[44,37],"uv_size":[3,1]},"west":{"uv":[43,24],"uv_size":[4,1]},"up":{"uv":[20,33],"uv_size":[3,4]},"down":{"uv":[34,24],"uv_size":[3,-4]}}},{"origin":[-0.55,15.75,-15.95],"size":[1,1,1],"uv":{"north":{"uv":[39,19],"uv_size":[1,1]},"east":{"uv":[39,34],"uv_size":[1,1]},"south":{"uv":[35,39],"uv_size":[1,1]},"west":{"uv":[39,35],"uv_size":[1,1]},"up":{"uv":[40,21],"uv_size":[1,1]},"down":{"uv":[22,41],"uv_size":[1,-1]}}}]},{"name":"alt","parent":"agiz","pivot":[-0.3,14.8,-10.75],"cubes":[{"origin":[-1.55,14.25,-15.65],"size":[3,1.25,4],"uv":{"north":{"uv":[27,17],"uv_size":[3,1]},"east":{"uv":[43,21],"uv_size":[4,1]},"south":{"uv":[44,33],"uv_size":[3,1]},"west":{"uv":[43,22],"uv_size":[4,1]},"up":{"uv":[33,16],"uv_size":[3,4]},"down":{"uv":[17,37],"uv_size":[3,-4]}}}]},{"name":"kulaklar","parent":"head","pivot":[-1.55,2.75,2.25]},{"name":"sol","parent":"kulaklar","pivot":[1.45,19.5,-6.75],"rotation":[-5.9092,-3.88218,11.91889],"cubes":[{"origin":[0.7,19.5,-7.25],"size":[2.25,3,1],"uv":{"north":{"uv":[34,24],"uv_size":[2,3]},"east":{"uv":[13,15],"uv_size":[1,3]},"south":{"uv":[41,5],"uv_size":[2,3]},"west":{"uv":[17,29],"uv_size":[1,3]},"up":{"uv":[23,28],"uv_size":[2,1]},"down":{"uv":[44,39],"uv_size":[2,-1]}}},{"origin":[0.7,22.5,-7.25],"size":[1.25,1,1],"uv":{"north":{"uv":[12,17],"uv_size":[1,1]},"east":{"uv":[6,21],"uv_size":[1,1]},"south":{"uv":[6,22],"uv_size":[1,1]},"west":{"uv":[5,27],"uv_size":[1,1]},"up":{"uv":[5,28],"uv_size":[1,1]},"down":{"uv":[32,17],"uv_size":[1,-1]}}}]},{"name":"sag","parent":"kulaklar","pivot":[-2.55,19.4,-6.65],"rotation":[-5.25443,4.73184,-10.4988],"cubes":[{"origin":[-3.05,19.4,-7.15],"size":[2.25,3,1],"uv":{"north":{"uv":[41,29],"uv_size":[2,3]},"east":{"uv":[33,20],"uv_size":[1,3]},"south":{"uv":[42,8],"uv_size":[2,3]},"west":{"uv":[22,37],"uv_size":[1,3]},"up":{"uv":[44,39],"uv_size":[2,1]},"down":{"uv":[40,45],"uv_size":[2,-1]}}},{"origin":[-2.05,22.4,-7.15],"size":[1.25,1,1],"uv":{"north":{"uv":[17,32],"uv_size":[1,1]},"east":{"uv":[4,33],"uv_size":[1,1]},"south":{"uv":[4,34],"uv_size":[1,1]},"west":{"uv":[16,35],"uv_size":[1,1]},"up":{"uv":[16,36],"uv_size":[1,1]},"down":{"uv":[39,17],"uv_size":[1,-1]}}}]},{"name":"bacaklar","parent":"geneli","pivot":[-1.55,2,2]},{"name":"sag_on","parent":"bacaklar","pivot":[-2.1,10,-2.75]},{"name":"1","parent":"sag_on","pivot":[-2.35,10,-3],"rotation":[17.5,0,0],"cubes":[{"origin":[-4.1,8,-5],"size":[3,4,4],"uv":{"north":{"uv":[4,35],"uv_size":[3,4]},"east":{"uv":[30,23],"uv_size":[4,4]},"south":{"uv":[7,35],"uv_size":[3,4]},"west":{"uv":[32,0],"uv_size":[4,4]},"up":{"uv":[10,35],"uv_size":[3,4]},"down":{"uv":[13,39],"uv_size":[3,-4]}}}]},{"name":"2","parent":"1","pivot":[-1.85,8.5,-3],"rotation":[-17.5,0,0],"cubes":[{"origin":[-3.6,4,-4.5],"size":[2,6,3],"uv":{"north":{"uv":[23,35],"uv_size":[2,6]},"east":{"uv":[5,29],"uv_size":[3,6]},"south":{"uv":[25,35],"uv_size":[2,6]},"west":{"uv":[8,29],"uv_size":[3,6]},"up":{"uv":[42,16],"uv_size":[2,3]},"down":{"uv":[42,37],"uv_size":[2,-3]}}}]},{"name":"3","parent":"2","pivot":[-2.35,4,-3],"rotation":[-25,0,0],"cubes":[{"origin":[-3.45,0,-4],"size":[1.75,5,2],"uv":{"north":{"uv":[6,39],"uv_size":[2,5]},"east":{"uv":[8,39],"uv_size":[2,5]},"south":{"uv":[10,39],"uv_size":[2,5]},"west":{"uv":[12,39],"uv_size":[2,5]},"up":{"uv":[30,27],"uv_size":[2,2]},"down":{"uv":[43,27],"uv_size":[2,-2]}}}]},{"name":"a4","parent":"3","pivot":[-2.35,0.6,-1.9],"rotation":[25,0,0],"cubes":[{"origin":[-3.55,0.1,-5.4],"size":[2,1,3.5],"uv":{"north":{"uv":[44,42],"uv_size":[2,1]},"east":{"uv":[43,31],"uv_size":[4,1]},"south":{"uv":[44,43],"uv_size":[2,1]},"west":{"uv":[44,10],"uv_size":[4,1]},"up":{"uv":[39,0],"uv_size":[2,4]},"down":{"uv":[16,45],"uv_size":[2,-4]}}}]},{"name":"sol_on","parent":"bacaklar","pivot":[3,10,-2.75]},{"name":"7","parent":"sol_on","pivot":[2.75,10,-3],"rotation":[17.5,0,0],"cubes":[{"origin":[1,8,-5],"size":[3,4,4],"uv":{"north":{"uv":[36,16],"uv_size":[3,4]},"east":{"uv":[32,12],"uv_size":[4,4]},"south":{"uv":[36,24],"uv_size":[3,4]},"west":{"uv":[32,27],"uv_size":[4,4]},"up":{"uv":[36,28],"uv_size":[3,4]},"down":{"uv":[36,36],"uv_size":[3,-4]}}}]},{"name":"8","parent":"7","pivot":[3.25,8.5,-3],"rotation":[-17.5,0,0],"cubes":[{"origin":[1.5,4,-4.5],"size":[2,6,3],"uv":{"north":{"uv":[36,36],"uv_size":[2,6]},"east":{"uv":[23,29],"uv_size":[3,6]},"south":{"uv":[0,37],"uv_size":[2,6]},"west":{"uv":[26,29],"uv_size":[3,6]},"up":{"uv":[42,37],"uv_size":[2,3]},"down":{"uv":[42,43],"uv_size":[2,-3]}}}]},{"name":"9","parent":"8","pivot":[2.75,4,-3],"rotation":[-25,0,0],"cubes":[{"origin":[1.65,0,-4],"size":[1.75,5,2],"uv":{"north":{"uv":[39,29],"uv_size":[2,5]},"east":{"uv":[31,39],"uv_size":[2,5]},"south":{"uv":[33,39],"uv_size":[2,5]},"west":{"uv":[40,8],"uv_size":[2,5]},"up":{"uv":[42,43],"uv_size":[2,2]},"down":{"uv":[6,46],"uv_size":[2,-2]}}}]},{"name":"a5","parent":"9","pivot":[2.75,0.6,-1.9],"rotation":[25,0,0],"cubes":[{"origin":[1.55,0.1,-5.4],"size":[2,1,3.5],"uv":{"north":{"uv":[45,1],"uv_size":[2,1]},"east":{"uv":[44,18],"uv_size":[4,1]},"south":{"uv":[45,2],"uv_size":[2,1]},"west":{"uv":[27,44],"uv_size":[4,1]},"up":{"uv":[41,21],"uv_size":[2,4]},"down":{"uv":[22,45],"uv_size":[2,-4]}}}]},{"name":"sag_arka","parent":"bacaklar","pivot":[-3.05,10,6.5],"rotation":[-17.5,0,0]},{"name":"4","parent":"sag_arka","pivot":[-2.8,10,6],"rotation":[17.5,0,0],"cubes":[{"origin":[-4.55,8,4],"size":[3,4,4],"uv":{"north":{"uv":[27,35],"uv_size":[3,4]},"east":{"uv":[32,4],"uv_size":[4,4]},"south":{"uv":[30,35],"uv_size":[3,4]},"west":{"uv":[32,8],"uv_size":[4,4]},"up":{"uv":[33,35],"uv_size":[3,4]},"down":{"uv":[36,4],"uv_size":[3,-4]}}}]},{"name":"5","parent":"4","pivot":[-2.3,8.5,6],"rotation":[15,0,0],"cubes":[{"origin":[-4.05,4,4.5],"size":[2,6,3],"uv":{"north":{"uv":[36,4],"uv_size":[2,6]},"east":{"uv":[11,29],"uv_size":[3,6]},"south":{"uv":[36,10],"uv_size":[2,6]},"west":{"uv":[14,29],"uv_size":[3,6]},"up":{"uv":[35,42],"uv_size":[2,3]},"down":{"uv":[37,45],"uv_size":[2,-3]}}}]},{"name":"6","parent":"5","pivot":[-2.8,4,6],"rotation":[-17.5,0,0],"cubes":[{"origin":[-3.9,0,5],"size":[1.75,5,2],"uv":{"north":{"uv":[14,39],"uv_size":[2,5]},"east":{"uv":[39,24],"uv_size":[2,5]},"south":{"uv":[27,39],"uv_size":[2,5]},"west":{"uv":[29,39],"uv_size":[2,5]},"up":{"uv":[43,27],"uv_size":[2,2]},"down":{"uv":[43,31],"uv_size":[2,-2]}}}]},{"name":"a3","parent":"6","pivot":[-3.05,0.6,5.9],"rotation":[2,0,0],"cubes":[{"origin":[-4,-0.3,3.55],"size":[1.95,1,3.5],"uv":{"north":{"uv":[44,44],"uv_size":[2,1]},"east":{"uv":[44,16],"uv_size":[4,1]},"south":{"uv":[45,0],"uv_size":[2,1]},"west":{"uv":[44,17],"uv_size":[4,1]},"up":{"uv":[18,41],"uv_size":[2,4]},"down":{"uv":[20,45],"uv_size":[2,-4]}}}]},{"name":"sol_arka","parent":"bacaklar","pivot":[2.95,10,6.5],"rotation":[-17.5,0,0]},{"name":"10","parent":"sol_arka","pivot":[3.2,10,6],"rotation":[17.5,0,0],"cubes":[{"origin":[1.45,8,4],"size":[3,4,4],"uv":{"north":{"uv":[16,37],"uv_size":[3,4]},"east":{"uv":[32,31],"uv_size":[4,4]},"south":{"uv":[19,37],"uv_size":[3,4]},"west":{"uv":[0,33],"uv_size":[4,4]},"up":{"uv":[37,20],"uv_size":[3,4]},"down":{"uv":[38,8],"uv_size":[3,-4]}}}]},{"name":"11","parent":"10","pivot":[3.7,8.5,6],"rotation":[15,0,0],"cubes":[{"origin":[1.95,4,4.5],"size":[2,6,3],"uv":{"north":{"uv":[2,37],"uv_size":[2,6]},"east":{"uv":[29,29],"uv_size":[3,6]},"south":{"uv":[38,8],"uv_size":[2,6]},"west":{"uv":[30,17],"uv_size":[3,6]},"up":{"uv":[0,43],"uv_size":[2,3]},"down":{"uv":[43,3],"uv_size":[2,-3]}}}]},{"name":"12","parent":"11","pivot":[3.2,4,6],"rotation":[-17.5,0,0],"cubes":[{"origin":[2.1,0,5],"size":[1.75,5,2],"uv":{"north":{"uv":[40,16],"uv_size":[2,5]},"east":{"uv":[40,34],"uv_size":[2,5]},"south":{"uv":[40,39],"uv_size":[2,5]},"west":{"uv":[41,0],"uv_size":[2,5]},"up":{"uv":[8,44],"uv_size":[2,2]},"down":{"uv":[44,10],"uv_size":[2,-2]}}}]},{"name":"a6","parent":"12","pivot":[2.95,0.6,5.9],"rotation":[2,0,0],"cubes":[{"origin":[2,-0.3,3.55],"size":[1.95,1,3.5],"uv":{"north":{"uv":[4,45],"uv_size":[2,1]},"east":{"uv":[31,44],"uv_size":[4,1]},"south":{"uv":[45,5],"uv_size":[2,1]},"west":{"uv":[44,32],"uv_size":[4,1]},"up":{"uv":[24,41],"uv_size":[2,4]},"down":{"uv":[41,29],"uv_size":[2,-4]}}}]},{"name":"kuyruk","parent":"geneli","pivot":[0.2,12,7.5],"rotation":[-50,0,0],"cubes":[{"origin":[-0.8,11.5,7.5],"size":[1.5,1.5,6],"uv":{"north":{"uv":[10,44],"uv_size":[2,2]},"east":{"uv":[7,15],"uv_size":[6,2]},"south":{"uv":[12,44],"uv_size":[2,2]},"west":{"uv":[38,14],"uv_size":[6,2]},"up":{"uv":[38,36],"uv_size":[2,6]},"down":{"uv":[4,45],"uv_size":[2,-6]}}},{"origin":[-1.05,11.25,7.5],"size":[2,2,3],"uv":{"north":{"uv":[14,44],"uv_size":[2,2]},"east":{"uv":[42,19],"uv_size":[3,2]},"south":{"uv":[44,14],"uv_size":[2,2]},"west":{"uv":[43,3],"uv_size":[3,2]},"up":{"uv":[2,43],"uv_size":[2,3]},"down":{"uv":[43,8],"uv_size":[2,-3]}}}]},{"name":"kuyruk2","parent":"kuyruk","pivot":[0.2,12,13.45],"rotation":[17.5,0,0],"cubes":[{"origin":[-0.75,11.55,13.15],"size":[1.4,1.4,5.25],"uv":{"north":{"uv":[39,17],"uv_size":[1,1]},"east":{"uv":[7,17],"uv_size":[5,1]},"south":{"uv":[39,18],"uv_size":[1,1]},"west":{"uv":[40,13],"uv_size":[5,1]},"up":{"uv":[26,41],"uv_size":[1,5]},"down":{"uv":[39,47],"uv_size":[1,-5]}}}]}]}]}