{"format_version":"1.12.0","minecraft:geometry":[{"description":{"identifier":"geometry.stone_platform","texture_width":16,"texture_height":16,"visible_bounds_width":3,"visible_bounds_height":1.5,"visible_bounds_offset":[0,0.25,0]},"bones":[{"name":"bb_main","pivot":[0,0,0],"cubes":[{"origin":[-12,0,-12],"size":[24,3,24],"uv":{"north":{"uv":[0,0],"uv_size":[16,2]},"east":{"uv":[0,0],"uv_size":[16,2]},"south":{"uv":[0,0],"uv_size":[16,2]},"west":{"uv":[0,0],"uv_size":[16,2]},"up":{"uv":[16,16],"uv_size":[-16,-16]},"down":{"uv":[16,16],"uv_size":[-16,-16]}}}]}]}]}