{"format_version":"1.12.0","minecraft:geometry":[{"description":{"identifier":"geometry.training_dummy","texture_width":32,"texture_height":32,"visible_bounds_width":3,"visible_bounds_height":3.5,"visible_bounds_offset":[0,1.25,0]},"bones":[{"name":"bb_main","pivot":[1,0,-1],"cubes":[{"origin":[-1,0,-1],"size":[2,12,2],"uv":{"north":{"uv":[0,20],"uv_size":[2,12]},"east":{"uv":[6,20],"uv_size":[2,12]},"south":{"uv":[4,20],"uv_size":[2,12]},"west":{"uv":[2,20],"uv_size":[2,12]},"up":{"uv":[6,20],"uv_size":[-2,-2]},"down":{"uv":[4,20],"uv_size":[-2,-2]}}},{"origin":[-1,24,-1],"size":[2,1,2],"uv":{"north":{"uv":[4,20],"uv_size":[2,1]},"east":{"uv":[0,0],"uv_size":[2,1]},"south":{"uv":[0,0],"uv_size":[2,1]},"west":{"uv":[2,20],"uv_size":[2,1]},"up":{"uv":[4,20],"uv_size":[-2,-2]},"down":{"uv":[6,20],"uv_size":[-2,-2]}}},{"origin":[-4,12,-2],"size":[8,12,4],"uv":{"north":{"uv":[16,12],"uv_size":[8,12]},"east":{"uv":[16,0],"uv_size":[4,12]},"south":{"uv":[8,12],"uv_size":[8,12]},"west":{"uv":[20,0],"uv_size":[4,12]},"up":{"uv":[16,8],"uv_size":[-8,-4]},"down":{"uv":[16,12],"uv_size":[-8,-4]}}},{"origin":[4,21,-1],"size":[4,2,2],"uv":{"north":{"uv":[4,26],"uv_size":[4,2]},"east":{"uv":[2,18],"uv_size":[2,2]},"south":{"uv":[0,28],"uv_size":[4,2]},"west":{"uv":[4,18],"uv_size":[2,2]},"up":{"uv":[4,32],"uv_size":[-4,-2]},"down":{"uv":[8,30],"uv_size":[-4,-2]}}},{"origin":[-8,21,-1],"size":[4,2,2],"uv":{"north":{"uv":[0,25],"uv_size":[4,2]},"east":{"uv":[4,18],"uv_size":[2,2]},"south":{"uv":[4,23],"uv_size":[4,2]},"west":{"uv":[2,18],"uv_size":[2,2]},"up":{"uv":[8,23],"uv_size":[-4,-2]},"down":{"uv":[4,25],"uv_size":[-4,-2]}}},{"origin":[-4,25,-4],"size":[8,8,8],"uv":{"north":{"uv":[24,0],"uv_size":[8,8]},"east":{"uv":[24,8],"uv_size":[8,8]},"south":{"uv":[24,8],"uv_size":[8,8]},"west":{"uv":[24,8],"uv_size":[8,8]},"up":{"uv":[32,16],"uv_size":[-8,-8]},"down":{"uv":[32,16],"uv_size":[-8,-8]}}}]}]}]}