{"format_version":"1.16.0","minecraft:geometry":[{"bones":[{"name":"geyser_custom","pivot":[0,8,0]},{"name":"geyser_custom_x","parent":"geyser_custom","pivot":[0,8,0]},{"name":"geyser_custom_y","parent":"geyser_custom_x","pivot":[0,8,0]},{"cubes":[{"origin":[-3,0,-3],"size":[6,1,6],"uv":{"down":{"uv":[15.272,1.5577],"uv_size":[-0.8434,-0.8434]},"east":{"uv":[14.4423,2.1451],"uv_size":[0.8434,0.1406]},"north":{"uv":[14.4423,2.1451],"uv_size":[0.8434,0.1406]},"south":{"uv":[14.4423,2.1451],"uv_size":[0.8434,0.1406]},"up":{"uv":[15.272,1.5577],"uv_size":[-0.8434,-0.8434]},"west":{"uv":[14.4423,2.1451],"uv_size":[0.8434,0.1406]}}},{"origin":[-1.5,1,-1.5],"size":[3,1,3],"uv":{"east":{"uv":[14.6497,2.0023],"uv_size":[0.4217,0.1406]},"north":{"uv":[14.6497,2.0023],"uv_size":[0.4217,0.1406]},"south":{"uv":[14.6497,2.0023],"uv_size":[0.4217,0.1406]},"up":{"uv":[15.0646,1.3503],"uv_size":[-0.4217,-0.4217]},"west":{"uv":[14.6497,2.0023],"uv_size":[0.4217,0.1406]}}},{"origin":[-1,2,-1],"size":[2,9.25,2],"uv":{"east":{"uv":[14.7189,0.6946],"uv_size":[0.2811,1.3054]},"north":{"uv":[14.7189,0.6946],"uv_size":[0.2811,1.3054]},"south":{"uv":[14.7189,0.6946],"uv_size":[0.2811,1.3054]},"up":{"uv":[14.9954,1.2811],"uv_size":[-0.2811,-0.2811]},"west":{"uv":[14.7189,0.6946],"uv_size":[0.2811,1.3054]}}},{"origin":[3.5,6.5,-4],"size":[0.5,8,8],"uv":{"down":{"uv":[9.7846,13.1269],"uv_size":[-0.0703,-1.1269]},"east":{"uv":[9.7303,11.6589],"uv_size":[1.1269,1.1269]},"north":{"uv":[10.7869,11.6589],"uv_size":[0.0703,1.1269]},"south":{"uv":[9.7154,11.6589],"uv_size":[0.0703,1.1269]},"up":{"uv":[9.7846,13.1269],"uv_size":[-0.0703,-1.1269]},"west":{"uv":[9.7303,11.6589],"uv_size":[1.1269,1.1269]}}},{"origin":[-4,6.5,-4],"size":[0.5,8,8],"uv":{"down":{"uv":[10.856,13.1269],"uv_size":[-0.0703,-1.1269]},"east":{"uv":[9.7303,11.6589],"uv_size":[1.1269,1.1269]},"north":{"uv":[9.7154,11.6589],"uv_size":[0.0703,1.1269]},"south":{"uv":[10.7869,11.6589],"uv_size":[0.0703,1.1269]},"up":{"uv":[10.856,13.1269],"uv_size":[-0.0703,-1.1269]},"west":{"uv":[9.7303,11.6589],"uv_size":[1.1269,1.1269]}}},{"origin":[-3.5,6.5,-4],"size":[7,8,0.5],"uv":{"down":{"uv":[10.7697,13.1417],"uv_size":[-0.984,-0.0703]},"north":{"uv":[9.8017,11.6589],"uv_size":[0.984,1.1269]},"south":{"uv":[9.8017,11.6589],"uv_size":[0.984,1.1269]},"up":{"uv":[10.7697,12.0703],"uv_size":[-0.984,-0.0703]}}},{"origin":[-3.5,6.5,3.5],"size":[7,8,0.5],"uv":{"down":{"uv":[10.7697,12.0703],"uv_size":[-0.984,-0.0703]},"north":{"uv":[9.8017,11.6589],"uv_size":[0.984,1.1269]},"south":{"uv":[9.8017,11.6589],"uv_size":[0.984,1.1269]},"up":{"uv":[10.7697,13.1417],"uv_size":[-0.984,-0.0703]}}},{"origin":[-0.85,11.25,-0.85],"size":[1.7,0.5,1.7],"uv":{"east":{"uv":[5.5967,12.0369],"uv_size":[0.239,0.0703]},"north":{"uv":[5.5967,12.0369],"uv_size":[0.239,0.0703]},"south":{"uv":[5.5967,12.0369],"uv_size":[0.239,0.0703]},"up":{"uv":[5.8318,12.689],"uv_size":[-0.239,-0.239]},"west":{"uv":[5.5967,12.0369],"uv_size":[0.239,0.0703]}}},{"origin":[0.25,11.75,-0.75],"size":[0.5,1,0.5],"uv":{"east":{"uv":[8.0369,11.8951],"uv_size":[0.0703,0.1406]},"north":{"uv":[8.0369,11.8951],"uv_size":[0.0703,0.1406]},"south":{"uv":[7.894,11.8951],"uv_size":[0.0703,0.1406]},"up":{"uv":[7.9631,12.5346],"uv_size":[-0.0703,-0.0703]},"west":{"uv":[7.894,11.8951],"uv_size":[0.0703,0.1406]}}},{"origin":[-0.75,11.75,0.25],"size":[0.5,1,0.5],"uv":{"east":{"uv":[7.894,11.8951],"uv_size":[0.0703,0.1406]},"north":{"uv":[7.894,11.8951],"uv_size":[0.0703,0.1406]},"south":{"uv":[8.0369,11.8951],"uv_size":[0.0703,0.1406]},"up":{"uv":[8.106,12.6774],"uv_size":[-0.0703,-0.0703]},"west":{"uv":[8.0369,11.8951],"uv_size":[0.0703,0.1406]}}},{"origin":[-0.25,12.25,0.25],"size":[1,0.5,0.5],"uv":{"down":{"uv":[8.0334,12.5346],"uv_size":[-0.1406,-0.0703]},"north":{"uv":[7.9666,11.894],"uv_size":[0.1406,0.0703]},"south":{"uv":[7.8951,11.894],"uv_size":[0.1406,0.0703]},"up":{"uv":[8.0334,12.6774],"uv_size":[-0.1406,-0.0703]},"west":{"uv":[8.0369,11.894],"uv_size":[0.0703,0.0703]}}},{"origin":[-0.75,12.25,-0.75],"size":[1,0.5,0.5],"uv":{"down":{"uv":[8.1049,12.6774],"uv_size":[-0.1406,-0.0703]},"east":{"uv":[8.0369,11.894],"uv_size":[0.0703,0.0703]},"north":{"uv":[7.8951,11.894],"uv_size":[0.1406,0.0703]},"south":{"uv":[7.9666,11.894],"uv_size":[0.1406,0.0703]},"up":{"uv":[8.1049,12.5346],"uv_size":[-0.1406,-0.0703]}}},{"origin":[0.25,12.75,0.25],"size":[0.5,0.5,0.5],"uv":{"east":{"uv":[7.894,11.8226],"uv_size":[0.0703,0.0703]},"north":{"uv":[8.0369,11.8226],"uv_size":[0.0703,0.0703]},"south":{"uv":[7.894,11.8226],"uv_size":[0.0703,0.0703]},"west":{"uv":[8.0369,11.8226],"uv_size":[0.0703,0.0703]}}},{"origin":[-0.75,12.75,-0.75],"size":[0.5,0.5,0.5],"uv":{"east":{"uv":[8.0369,11.8226],"uv_size":[0.0703,0.0703]},"north":{"uv":[7.894,11.8226],"uv_size":[0.0703,0.0703]},"south":{"uv":[8.0369,11.8226],"uv_size":[0.0703,0.0703]},"west":{"uv":[7.894,11.8226],"uv_size":[0.0703,0.0703]}}},{"origin":[-0.75,13.25,-0.75],"size":[1.5,0.5,1.5],"uv":{"down":{"uv":[8.1037,12.6751],"uv_size":[-0.2109,-0.2109]},"east":{"uv":[7.8963,11.7511],"uv_size":[0.2109,0.0703]},"north":{"uv":[7.8963,11.7511],"uv_size":[0.2109,0.0703]},"south":{"uv":[7.8963,11.7511],"uv_size":[0.2109,0.0703]},"up":{"uv":[8.1037,12.6751],"uv_size":[-0.2109,-0.2109]},"west":{"uv":[7.8963,11.7511],"uv_size":[0.2109,0.0703]}}},{"origin":[-3.5,13.75,-3.5],"size":[7,0.25,0.25],"uv":{"down":{"uv":[6.1983,13.0709],"uv_size":[-0.984,-0.0351]},"south":{"uv":[5.2303,11.7149],"uv_size":[0.984,0.0351]},"up":{"uv":[6.1983,12.1066],"uv_size":[-0.984,-0.0351]}}},{"origin":[-3.5,13.75,3.25],"size":[7,0.25,0.25],"uv":{"down":{"uv":[6.1983,12.1066],"uv_size":[-0.984,-0.0351]},"north":{"uv":[5.2303,11.7149],"uv_size":[0.984,0.0351]},"up":{"uv":[6.1983,13.0709],"uv_size":[-0.984,-0.0351]}}},{"origin":[3.25,13.75,-3.25],"size":[0.25,0.25,6.5],"uv":{"down":{"uv":[5.2494,13.0209],"uv_size":[-0.0351,-0.9137]},"east":{"uv":[5.2649,11.7149],"uv_size":[0.9137,0.0351]},"up":{"uv":[5.2494,13.0209],"uv_size":[-0.0351,-0.9137]}}},{"origin":[-3.5,13.75,-3.25],"size":[0.25,0.25,6.5],"uv":{"down":{"uv":[6.2137,13.0209],"uv_size":[-0.0351,-0.9137]},"up":{"uv":[6.2137,13.0209],"uv_size":[-0.0351,-0.9137]},"west":{"uv":[5.2649,11.7149],"uv_size":[0.9137,0.0351]}}}],"name":"geyser_custom_z","parent":"geyser_custom_y","pivot":[0,8,0]},{"cubes":[{"origin":[-3.5,13.749,-3.45],"size":[0.25,0.25,9.35],"uv":{"down":{"uv":[6.2137,13.0483],"uv_size":[-0.0351,-1.3197]},"east":{"uv":[4.8874,11.715],"uv_size":[1.3197,0.0351]},"up":{"uv":[6.2137,13.3983],"uv_size":[-0.0351,-1.3197]},"west":{"uv":[5.2374,11.715],"uv_size":[1.3197,0.0351]}}}],"name":"rot_1","parent":"geyser_custom_z","pivot":[-3.25,13.749,-3.45],"rotation":[0,45,0]},{"cubes":[{"origin":[3.15,13.748,-3.25],"size":[0.25,0.25,9.35],"uv":{"down":{"uv":[5.2637,13.0197],"uv_size":[-0.0351,-1.3197]},"east":{"uv":[4.8589,11.7151],"uv_size":[1.3197,0.0351]},"up":{"uv":[5.2637,13.4269],"uv_size":[-0.0351,-1.3197]},"west":{"uv":[5.266,11.7151],"uv_size":[1.3197,0.0351]}}}],"name":"rot_2","parent":"geyser_custom_z","pivot":[3.4,13.748,-3.25],"rotation":[0,-45,0]}],"description":{"identifier":"geometry.geyser_custom.lamp","texture_height":16,"texture_width":16,"visible_bounds_height":4.5,"visible_bounds_offset":[0,0.75,0],"visible_bounds_width":4}}]}