{"format_version":"1.16.0","minecraft:geometry":[{"bones":[{"name":"geyser_custom","pivot":[0,8,0]},{"name":"geyser_custom_x","parent":"geyser_custom","pivot":[0,8,0]},{"name":"geyser_custom_y","parent":"geyser_custom_x","pivot":[0,8,0]},{"cubes":[{"origin":[-1,0,7.1875],"size":[2,2,0.8125],"uv":{"down":{"uv":[14.9954,4.6856],"uv_size":[-0.2811,-0.1142]},"east":{"uv":[13.7161,6.576],"uv_size":[0.1142,0.2811]},"north":{"uv":[14.7189,6.576],"uv_size":[0.2811,0.2811]},"south":{"uv":[14.7189,6.576],"uv_size":[0.2811,0.2811]},"up":{"uv":[14.9954,6.8553],"uv_size":[-0.2811,-0.1142]},"west":{"uv":[15.8858,6.576],"uv_size":[0.1142,0.2811]}}}],"name":"geyser_custom_z","parent":"geyser_custom_y","pivot":[0,8,0],"rotation":[0,180,0]},{"cubes":[{"origin":[-0.99,16,-8],"size":[1.98,1.98,23.45],"uv":{"down":{"uv":[14.994,6.8411],"uv_size":[-0.2783,-2.2697]},"east":{"uv":[13.7303,6.496],"uv_size":[2.2697,0.2783]},"north":{"uv":[14.7202,6.496],"uv_size":[0.2783,0.2783]},"south":{"uv":[14.7202,6.496],"uv_size":[0.2783,0.2783]},"up":{"uv":[14.994,6.8411],"uv_size":[-0.2783,-2.2697]},"west":{"uv":[13.7303,6.496],"uv_size":[2.2697,0.2783]}}}],"name":"rot_1","parent":"geyser_custom_z","pivot":[0.99,17.98,-8],"rotation":[-45,0,0]}],"description":{"identifier":"geometry.geyser_custom.powerline_raised_03","texture_height":16,"texture_width":16,"visible_bounds_height":4.5,"visible_bounds_offset":[0,0.75,0],"visible_bounds_width":4}}]}