{"format_version":"1.16.0","minecraft:geometry":[{"bones":[{"binding":"c.item_slot == 'head' ? 'head' : q.item_slot_to_bone_name(c.item_slot)","name":"geyser_custom","pivot":[0,8,0]},{"name":"geyser_custom_x","parent":"geyser_custom","pivot":[0,8,0]},{"name":"geyser_custom_y","parent":"geyser_custom_x","pivot":[0,8,0]},{"cubes":[{"origin":[-1,0,-8],"size":[2,2,16],"uv":{"down":{"uv":[14.9954,6.8411],"uv_size":[-0.2811,-2.2697]},"east":{"uv":[13.7303,6.576],"uv_size":[2.2697,0.2811]},"north":{"uv":[14.7189,6.576],"uv_size":[0.2811,0.2811]},"south":{"uv":[14.7189,6.576],"uv_size":[0.2811,0.2811]},"up":{"uv":[14.9954,6.8411],"uv_size":[-0.2811,-2.2697]},"west":{"uv":[13.7303,6.576],"uv_size":[2.2697,0.2811]}}},{"origin":[-8,0,-1],"size":[7,2,2],"uv":{"down":{"uv":[15.984,5.8526],"uv_size":[-0.984,-0.2811]},"east":{"uv":[14.7189,6.576],"uv_size":[0.2811,0.2811]},"north":{"uv":[13.7303,6.576],"uv_size":[0.984,0.2811]},"south":{"uv":[15.016,6.576],"uv_size":[0.984,0.2811]},"up":{"uv":[15.984,5.8526],"uv_size":[-0.984,-0.2811]}}}],"name":"geyser_custom_z","parent":"geyser_custom_y","pivot":[0,8,0]}],"description":{"identifier":"geometry.geyser_custom.powerline_t_01","texture_height":16,"texture_width":16,"visible_bounds_height":4.5,"visible_bounds_offset":[0,0.75,0],"visible_bounds_width":4}}]}