{"format_version":"1.16.0","minecraft:geometry":[{"bones":[{"binding":"c.item_slot == 'head' ? 'head' : q.item_slot_to_bone_name(c.item_slot)","name":"geyser_custom","pivot":[0,8,0]},{"name":"geyser_custom_x","parent":"geyser_custom","pivot":[0,8,0]},{"name":"geyser_custom_y","parent":"geyser_custom_x","pivot":[0,8,0]},{"cubes":[{"origin":[-1,0,-8],"size":[2,2,0.4],"uv":{"down":{"uv":[14.9954,6.8562],"uv_size":[-0.2811,-0.0562]},"east":{"uv":[15.9438,6.576],"uv_size":[0.0562,0.2811]},"north":{"uv":[14.7189,6.576],"uv_size":[0.2811,0.2811]},"south":{"uv":[14.7189,6.576],"uv_size":[0.2811,0.2811]},"up":{"uv":[14.9954,4.6277],"uv_size":[-0.2811,-0.0562]},"west":{"uv":[13.7152,6.576],"uv_size":[0.0562,0.2811]}}},{"origin":[-8,0,-1],"size":[0.4,2,2],"uv":{"down":{"uv":[15.9991,5.8526],"uv_size":[-0.0562,-0.2811]},"east":{"uv":[14.7189,6.576],"uv_size":[0.2811,0.2811]},"north":{"uv":[13.7152,6.576],"uv_size":[0.0562,0.2811]},"south":{"uv":[15.9438,6.576],"uv_size":[0.0562,0.2811]},"up":{"uv":[15.9991,5.8526],"uv_size":[-0.0562,-0.2811]},"west":{"uv":[14.7189,6.576],"uv_size":[0.2811,0.2811]}}}],"name":"geyser_custom_z","parent":"geyser_custom_y","pivot":[0,8,0]},{"cubes":[{"origin":[-1,-0.01,-7.6],"pivot":[1,-0.01,-7.6],"size":[2,2.02,12.15],"uv":{"down":{"uv":[14.9954,6.784],"uv_size":[-0.2811,-1.7197]},"east":{"uv":[14.2231,6.5746],"uv_size":[1.7197,0.2825]},"north":{"uv":[14.7189,6.5746],"uv_size":[0.2811,0.2825]},"south":{"uv":[14.7189,6.5746],"uv_size":[0.2811,0.2825]},"up":{"uv":[14.9954,6.3483],"uv_size":[-0.2811,-1.7197]},"west":{"uv":[13.7874,6.5746],"uv_size":[1.7197,0.2825]}}}],"name":"rot_1","parent":"geyser_custom_z","pivot":[1,-0.01,-7.6],"rotation":[0,-45,0]}],"description":{"identifier":"geometry.geyser_custom.powerline_corner_01","texture_height":16,"texture_width":16,"visible_bounds_height":4.5,"visible_bounds_offset":[0,0.75,0],"visible_bounds_width":4}}]}