{"format_version":"1.16.0","minecraft:geometry":[{"bones":[{"name":"geyser_custom","pivot":[0,8,0]},{"name":"geyser_custom_x","parent":"geyser_custom","pivot":[0,8,0]},{"name":"geyser_custom_y","parent":"geyser_custom_x","pivot":[0,8,0]},{"cubes":[{"origin":[-0.995,0,-8],"size":[1.99,17.98,1.99],"uv":{"down":{"uv":[14.9947,6.8526],"uv_size":[-0.2797,-0.2797]},"east":{"uv":[15.7203,4.5874],"uv_size":[0.2797,2.2697]},"north":{"uv":[14.7195,4.5874],"uv_size":[0.2797,2.2697]},"south":{"uv":[14.7195,4.5874],"uv_size":[0.2797,2.2697]},"up":{"uv":[14.9947,4.8512],"uv_size":[-0.2797,-0.2797]},"west":{"uv":[13.7188,4.5874],"uv_size":[0.2797,2.2697]}}}],"name":"geyser_custom_z","parent":"geyser_custom_y","pivot":[0,8,0],"rotation":[0,180,0]}],"description":{"identifier":"geometry.geyser_custom.powerline_vertical_03","texture_height":16,"texture_width":16,"visible_bounds_height":4.5,"visible_bounds_offset":[0,0.75,0],"visible_bounds_width":4}}]}