{"format_version":"1.16.0","minecraft:geometry":[{"bones":[{"binding":"c.item_slot == 'head' ? 'head' : q.item_slot_to_bone_name(c.item_slot)","name":"geyser_custom","pivot":[0,8,0]},{"name":"geyser_custom_x","parent":"geyser_custom","pivot":[0,8,0]},{"name":"geyser_custom_y","parent":"geyser_custom_x","pivot":[0,8,0]},{"cubes":[{"origin":[-3,0,-3],"size":[6,1,6],"uv":{"down":{"uv":[13.484,13.484],"uv_size":[-2.984,-2.984]},"east":{"uv":[10.516,15.508],"uv_size":[2.984,0.492]},"north":{"uv":[10.516,15.508],"uv_size":[2.984,0.492]},"south":{"uv":[10.516,15.508],"uv_size":[2.984,0.492]},"up":{"uv":[13.484,13.484],"uv_size":[-2.984,-2.984]},"west":{"uv":[10.516,15.508],"uv_size":[2.984,0.492]}}},{"origin":[-1.75,1,-2],"size":[3.5,3.25,4],"uv":{"east":{"uv":[3.016,13.891],"uv_size":[1.984,1.609]},"north":{"uv":[3.141,13.891],"uv_size":[1.734,1.609]},"south":{"uv":[3.141,13.891],"uv_size":[1.734,1.609]},"up":{"uv":[4.859,12.984],"uv_size":[-1.734,-1.984]},"west":{"uv":[3.016,13.891],"uv_size":[1.984,1.609]}}},{"origin":[-2,1,-1.75],"size":[4,3.25,3.5],"uv":{"east":{"uv":[3.141,13.891],"uv_size":[1.734,1.609]},"north":{"uv":[3.016,13.891],"uv_size":[1.984,1.609]},"south":{"uv":[3.016,13.891],"uv_size":[1.984,1.609]},"up":{"uv":[4.984,12.859],"uv_size":[-1.984,-1.734]},"west":{"uv":[3.141,13.891],"uv_size":[1.734,1.609]}}},{"origin":[-1.5,4.25,-1.75],"size":[3,0.75,3.5],"uv":{"east":{"uv":[3.141,13.506],"uv_size":[1.734,0.369]},"north":{"uv":[3.266,13.506],"uv_size":[1.484,0.369]},"south":{"uv":[3.266,13.506],"uv_size":[1.484,0.369]},"up":{"uv":[4.734,12.859],"uv_size":[-1.484,-1.734]},"west":{"uv":[3.141,13.506],"uv_size":[1.734,0.369]}}},{"origin":[-1.75,4.25,-1.5],"size":[3.5,0.75,3],"uv":{"east":{"uv":[3.266,13.506],"uv_size":[1.484,0.369]},"north":{"uv":[3.141,13.506],"uv_size":[1.734,0.369]},"south":{"uv":[3.141,13.506],"uv_size":[1.734,0.369]},"up":{"uv":[4.859,12.734],"uv_size":[-1.734,-1.484]},"west":{"uv":[3.266,13.506],"uv_size":[1.484,0.369]}}},{"origin":[-1.25,5,-1.5],"size":[2.5,0.25,3],"uv":{"east":{"uv":[3.266,13.377],"uv_size":[1.484,0.123]},"north":{"uv":[3.391,13.377],"uv_size":[1.234,0.123]},"south":{"uv":[3.391,13.377],"uv_size":[1.234,0.123]},"up":{"uv":[4.609,12.734],"uv_size":[-1.234,-1.484]},"west":{"uv":[3.266,13.377],"uv_size":[1.484,0.123]}}},{"origin":[-1.5,5,-1.25],"size":[3,0.25,2.5],"uv":{"east":{"uv":[3.391,13.377],"uv_size":[1.234,0.123]},"north":{"uv":[3.266,13.377],"uv_size":[1.484,0.123]},"south":{"uv":[3.266,13.377],"uv_size":[1.484,0.123]},"up":{"uv":[4.734,12.609],"uv_size":[-1.484,-1.234]},"west":{"uv":[3.391,13.377],"uv_size":[1.234,0.123]}}},{"origin":[-1,5.25,-1.25],"size":[2,0.25,2.5],"uv":{"east":{"uv":[3.391,13.252],"uv_size":[1.234,0.123]},"north":{"uv":[3.516,13.252],"uv_size":[0.984,0.123]},"south":{"uv":[3.516,13.252],"uv_size":[0.984,0.123]},"up":{"uv":[4.484,12.609],"uv_size":[-0.984,-1.234]},"west":{"uv":[3.391,13.252],"uv_size":[1.234,0.123]}}},{"origin":[-1.25,5.25,-1],"size":[2.5,0.25,2],"uv":{"east":{"uv":[3.516,13.252],"uv_size":[0.984,0.123]},"north":{"uv":[3.391,13.252],"uv_size":[1.234,0.123]},"south":{"uv":[3.391,13.252],"uv_size":[1.234,0.123]},"up":{"uv":[4.609,12.484],"uv_size":[-1.234,-0.984]},"west":{"uv":[3.516,13.252],"uv_size":[0.984,0.123]}}},{"origin":[-0.5,5.5,-0.75],"size":[1,0.25,1.5],"uv":{"east":{"uv":[3.637,13.127],"uv_size":[0.738,0.123]},"north":{"uv":[3.758,13.127],"uv_size":[0.492,0.123]},"south":{"uv":[3.758,13.127],"uv_size":[0.492,0.123]},"up":{"uv":[4.242,12.363],"uv_size":[-0.492,-0.738]},"west":{"uv":[3.637,13.127],"uv_size":[0.738,0.123]}}},{"origin":[-0.75,5.5,-0.5],"size":[1.5,0.25,1],"uv":{"east":{"uv":[3.758,13.127],"uv_size":[0.492,0.123]},"north":{"uv":[3.637,13.127],"uv_size":[0.738,0.123]},"south":{"uv":[3.637,13.127],"uv_size":[0.738,0.123]},"up":{"uv":[4.363,12.242],"uv_size":[-0.738,-0.492]},"west":{"uv":[3.758,13.127],"uv_size":[0.492,0.123]}}},{"origin":[-0.125,1,-2.5],"size":[0.25,5.25,0.25],"uv":{"east":{"uv":[5.127,4.891],"uv_size":[0.123,2.609]},"north":{"uv":[3.9395,4.891],"uv_size":[0.123,2.609]},"south":{"uv":[3.9395,4.891],"uv_size":[0.123,2.609]},"up":{"uv":[4.0605,2.873],"uv_size":[-0.123,-0.123]},"west":{"uv":[2.752,4.891],"uv_size":[0.123,2.609]}}},{"origin":[-0.125,1,2.25],"size":[0.25,5.25,0.25],"uv":{"east":{"uv":[2.752,4.891],"uv_size":[0.123,2.609]},"north":{"uv":[3.9395,4.891],"uv_size":[0.123,2.609]},"south":{"uv":[3.9395,4.891],"uv_size":[0.123,2.609]},"up":{"uv":[4.0605,5.248],"uv_size":[-0.123,-0.123]},"west":{"uv":[5.127,4.891],"uv_size":[0.123,2.609]}}},{"origin":[2.25,1,-0.125],"size":[0.25,5.25,0.25],"uv":{"east":{"uv":[3.9395,4.891],"uv_size":[0.123,2.609]},"north":{"uv":[5.127,4.891],"uv_size":[0.123,2.609]},"south":{"uv":[2.752,4.891],"uv_size":[0.123,2.609]},"up":{"uv":[2.873,4.0605],"uv_size":[-0.123,-0.123]},"west":{"uv":[3.9395,4.891],"uv_size":[0.123,2.609]}}},{"origin":[-2.5,1,-0.125],"size":[0.25,5.25,0.25],"uv":{"east":{"uv":[3.9395,4.891],"uv_size":[0.123,2.609]},"north":{"uv":[2.752,4.891],"uv_size":[0.123,2.609]},"south":{"uv":[5.127,4.891],"uv_size":[0.123,2.609]},"up":{"uv":[5.248,4.0605],"uv_size":[-0.123,-0.123]},"west":{"uv":[3.9395,4.891],"uv_size":[0.123,2.609]}}},{"origin":[-0.125,6,-2.25],"size":[0.25,0.25,4.5],"uv":{"down":{"uv":[4.0605,5.109],"uv_size":[-0.123,-2.234]},"east":{"uv":[2.891,4.877],"uv_size":[2.234,0.123]},"up":{"uv":[4.0605,5.109],"uv_size":[-0.123,-2.234]},"west":{"uv":[2.891,4.877],"uv_size":[2.234,0.123]}}},{"origin":[-2.25,6,-0.125],"size":[4.5,0.25,0.25],"uv":{"down":{"uv":[5.109,4.0605],"uv_size":[-2.234,-0.123]},"north":{"uv":[2.891,4.877],"uv_size":[2.234,0.123]},"south":{"uv":[2.891,4.877],"uv_size":[2.234,0.123]},"up":{"uv":[5.109,4.0605],"uv_size":[-2.234,-0.123]}}},{"origin":[-2.5,4.25,-2.25],"size":[0.25,0.25,4.5],"uv":{"down":{"uv":[5.248,5.109],"uv_size":[-0.123,-2.234]},"east":{"uv":[2.891,5.752],"uv_size":[2.234,0.123]},"up":{"uv":[5.248,5.109],"uv_size":[-0.123,-2.234]},"west":{"uv":[2.891,5.752],"uv_size":[2.234,0.123]}}},{"origin":[2.25,4.25,-2.25],"size":[0.25,0.25,4.5],"uv":{"down":{"uv":[2.873,5.109],"uv_size":[-0.123,-2.234]},"east":{"uv":[2.891,5.752],"uv_size":[2.234,0.123]},"up":{"uv":[2.873,5.109],"uv_size":[-0.123,-2.234]},"west":{"uv":[2.891,5.752],"uv_size":[2.234,0.123]}}},{"origin":[-2.5,4.25,-2.5],"size":[5,0.25,0.25],"uv":{"down":{"uv":[5.234,5.248],"uv_size":[-2.484,-0.123]},"east":{"uv":[5.127,5.752],"uv_size":[0.123,0.123]},"north":{"uv":[2.766,5.752],"uv_size":[2.484,0.123]},"south":{"uv":[2.766,5.752],"uv_size":[2.484,0.123]},"up":{"uv":[5.234,2.873],"uv_size":[-2.484,-0.123]},"west":{"uv":[2.752,5.752],"uv_size":[0.123,0.123]}}},{"origin":[-2.5,4.25,2.25],"size":[5,0.25,0.25],"uv":{"down":{"uv":[5.234,2.873],"uv_size":[-2.484,-0.123]},"east":{"uv":[2.752,5.752],"uv_size":[0.123,0.123]},"north":{"uv":[2.766,5.752],"uv_size":[2.484,0.123]},"south":{"uv":[2.766,5.752],"uv_size":[2.484,0.123]},"up":{"uv":[5.234,5.248],"uv_size":[-2.484,-0.123]},"west":{"uv":[5.127,5.752],"uv_size":[0.123,0.123]}}},{"origin":[-2.5,2.5,2.25],"size":[5,0.25,0.25],"uv":{"down":{"uv":[5.234,2.873],"uv_size":[-2.484,-0.123]},"east":{"uv":[2.752,6.627],"uv_size":[0.123,0.123]},"north":{"uv":[2.766,6.627],"uv_size":[2.484,0.123]},"south":{"uv":[2.766,6.627],"uv_size":[2.484,0.123]},"up":{"uv":[5.234,5.248],"uv_size":[-2.484,-0.123]},"west":{"uv":[5.127,6.627],"uv_size":[0.123,0.123]}}},{"origin":[-2.5,2.5,-2.25],"size":[0.25,0.25,4.5],"uv":{"down":{"uv":[5.248,5.109],"uv_size":[-0.123,-2.234]},"east":{"uv":[2.891,6.627],"uv_size":[2.234,0.123]},"up":{"uv":[5.248,5.109],"uv_size":[-0.123,-2.234]},"west":{"uv":[2.891,6.627],"uv_size":[2.234,0.123]}}},{"origin":[2.25,2.5,-2.25],"size":[0.25,0.25,4.5],"uv":{"down":{"uv":[2.873,5.109],"uv_size":[-0.123,-2.234]},"east":{"uv":[2.891,6.627],"uv_size":[2.234,0.123]},"up":{"uv":[2.873,5.109],"uv_size":[-0.123,-2.234]},"west":{"uv":[2.891,6.627],"uv_size":[2.234,0.123]}}},{"origin":[-2.5,2.5,-2.5],"size":[5,0.25,0.25],"uv":{"down":{"uv":[5.234,5.248],"uv_size":[-2.484,-0.123]},"east":{"uv":[5.127,6.627],"uv_size":[0.123,0.123]},"north":{"uv":[2.766,6.627],"uv_size":[2.484,0.123]},"south":{"uv":[2.766,6.627],"uv_size":[2.484,0.123]},"up":{"uv":[5.234,2.873],"uv_size":[-2.484,-0.123]},"west":{"uv":[2.752,6.627],"uv_size":[0.123,0.123]}}}],"name":"geyser_custom_z","parent":"geyser_custom_y","pivot":[0,8,0]}],"description":{"identifier":"geometry.geyser_custom.redstone_torch_off","texture_height":16,"texture_width":16,"visible_bounds_height":4.5,"visible_bounds_offset":[0,0.75,0],"visible_bounds_width":4}}]}