{"format_version":"1.16.0","minecraft:geometry":[{"bones":[{"name":"geyser_custom","pivot":[0,8,0]},{"name":"geyser_custom_x","parent":"geyser_custom","pivot":[0,8,0]},{"name":"geyser_custom_y","parent":"geyser_custom_x","pivot":[0,8,0]},{"cubes":[{"origin":[-2,0,-2],"size":[4,8,2],"uv":{"down":{"uv":[5.9909,10.2811],"uv_size":[-0.5623,-0.2811]},"east":{"uv":[5.4331,10.3017],"uv_size":[0.2811,1.1269]},"north":{"uv":[5.4377,10.3017],"uv_size":[0.5623,1.1269]},"south":{"uv":[5.4377,10.3017],"uv_size":[0.5623,1.1269]},"up":{"uv":[5.9909,10.2811],"uv_size":[-0.5623,-0.2811]},"west":{"uv":[5.4331,10.3017],"uv_size":[0.2811,1.1269]}}},{"origin":[-2,0,0],"size":[4,6,2],"uv":{"down":{"uv":[5.9909,10.5669],"uv_size":[-0.5623,-0.2811]},"east":{"uv":[5.7189,10.5851],"uv_size":[0.2811,0.8434]},"south":{"uv":[5.4377,10.5851],"uv_size":[0.5623,0.8434]},"up":{"uv":[5.9909,10.5669],"uv_size":[-0.5623,-0.2811]},"west":{"uv":[5.7189,10.5851],"uv_size":[0.2811,0.8434]}}}],"name":"geyser_custom_z","parent":"geyser_custom_y","pivot":[0,8,0]},{"cubes":[{"origin":[-8,15,-7.375],"size":[16,1.5,22.63],"uv":{"down":{"material_instance":"panel","uv":[8,16],"uv_size":[-8,-16]},"east":{"material_instance":"panel","uv":[0,0],"uv_size":[8,1.5]},"north":{"material_instance":"panel","uv":[0,0],"uv_size":[8.25,1.5]},"south":{"material_instance":"panel","uv":[0,14.5],"uv_size":[8,1.5]},"up":{"material_instance":"panel","uv":[16,16],"uv_size":[-8,-16]},"west":{"material_instance":"panel","uv":[0,14.5],"uv_size":[8,1.5]}}}],"name":"rot_1","parent":"geyser_custom_z","pivot":[8,16.5,-7.375],"rotation":[-45,0,0]},{"cubes":[{"origin":[-3,8.375,-2.1875],"size":[6,1,8],"uv":{"down":{"uv":[3.8434,10.9126],"uv_size":[-0.8434,-1.1269]},"east":{"uv":[2.9446,10.8951],"uv_size":[1.1269,0.1406]},"north":{"uv":[3.0137,10.8951],"uv_size":[0.8434,0.1406]},"south":{"uv":[3.0137,10.8951],"uv_size":[0.8434,0.1406]},"up":{"uv":[3.8434,10.9126],"uv_size":[-0.8434,-1.1269]},"west":{"uv":[2.9446,10.8951],"uv_size":[1.1269,0.1406]}}}],"name":"rot_2","parent":"geyser_custom_z","pivot":[3,9.375,-2.1875],"rotation":[-45,0,0]}],"description":{"identifier":"geometry.geyser_custom.solarpanelpole_01","texture_height":16,"texture_width":16,"visible_bounds_height":4.5,"visible_bounds_offset":[0,0.75,0],"visible_bounds_width":4}}]}