{"format_version":"1.16.0","minecraft:geometry":[{"bones":[{"name":"geyser_custom","pivot":[0,8,0]},{"name":"geyser_custom_x","parent":"geyser_custom","pivot":[0,8,0]},{"name":"geyser_custom_y","parent":"geyser_custom_x","pivot":[0,8,0]},{"name":"geyser_custom_z","parent":"geyser_custom_y","pivot":[0,8,0]},{"cubes":[{"origin":[-8,15,-7.375],"size":[16,1.5,22.63],"uv":{"down":{"uv":[8,16],"uv_size":[-8,-16]},"east":{"uv":[0,0],"uv_size":[8,1.5]},"north":{"uv":[0,0],"uv_size":[8,1.5]},"south":{"uv":[0,14.5],"uv_size":[8,1.5]},"up":{"uv":[16,16],"uv_size":[-8,-16]},"west":{"uv":[0,14.5],"uv_size":[8,1.5]}}}],"name":"rot_1","parent":"geyser_custom_z","pivot":[8,16.5,-7.375],"rotation":[-45,0,0]}],"description":{"identifier":"geometry.geyser_custom.solarpanel_01","texture_height":16,"texture_width":16,"visible_bounds_height":4.5,"visible_bounds_offset":[0,0.75,0],"visible_bounds_width":4}}]}