{"format_version":"1.16.0","minecraft:geometry":[{"bones":[{"name":"geyser_custom","pivot":[0,8,0]},{"name":"geyser_custom_x","parent":"geyser_custom","pivot":[0,8,0]},{"name":"geyser_custom_y","parent":"geyser_custom_x","pivot":[0,8,0]},{"cubes":[{"origin":[-4,0,-4],"size":[8,1,8],"uv":{"down":{"uv":[1.1269,4.5554],"uv_size":[-1.1269,-1.1269]},"east":{"uv":[1.1451,3.4446],"uv_size":[0.1406,1.1269]},"north":{"uv":[0.016,3.288],"uv_size":[1.1269,0.1406]},"south":{"uv":[0.016,3.288],"uv_size":[1.1269,0.1406]},"up":{"uv":[1.1269,4.5554],"uv_size":[-1.1269,-1.1269]},"west":{"uv":[1.1451,3.4446],"uv_size":[0.1406,1.1269]}}},{"origin":[-0.75,1,-0.75],"size":[1.5,25,1.5],"uv":{"east":{"uv":[4.3606,1.016],"uv_size":[0.2109,3.5554]},"north":{"uv":[3.7177,1.016],"uv_size":[0.2109,3.5554]},"south":{"uv":[4.1463,1.016],"uv_size":[0.2109,3.5554]},"west":{"uv":[3.932,1.016],"uv_size":[0.2109,3.5554]}}},{"origin":[-0.85,26,-0.85],"size":[1.7,0.5,1.7],"uv":{"down":{"uv":[5.8318,12.689],"uv_size":[-0.239,-0.239]},"east":{"uv":[5.5967,12.2154],"uv_size":[0.239,0.0703]},"north":{"uv":[5.5967,12.2154],"uv_size":[0.239,0.0703]},"south":{"uv":[5.5967,12.2154],"uv_size":[0.239,0.0703]},"up":{"uv":[5.8318,12.689],"uv_size":[-0.239,-0.239]},"west":{"uv":[5.5967,12.2154],"uv_size":[0.239,0.0703]}}},{"origin":[0.25,26.5,-0.75],"size":[0.5,1,0.5],"uv":{"east":{"uv":[8.0369,12.0737],"uv_size":[0.0703,0.1406]},"north":{"uv":[8.0369,12.0737],"uv_size":[0.0703,0.1406]},"south":{"uv":[7.894,12.0737],"uv_size":[0.0703,0.1406]},"up":{"uv":[7.9631,12.5346],"uv_size":[-0.0703,-0.0703]},"west":{"uv":[7.894,12.0737],"uv_size":[0.0703,0.1406]}}},{"origin":[-0.75,26.5,0.25],"size":[0.5,1,0.5],"uv":{"east":{"uv":[7.894,12.0737],"uv_size":[0.0703,0.1406]},"north":{"uv":[7.894,12.0737],"uv_size":[0.0703,0.1406]},"south":{"uv":[8.0369,12.0737],"uv_size":[0.0703,0.1406]},"up":{"uv":[8.106,12.6774],"uv_size":[-0.0703,-0.0703]},"west":{"uv":[8.0369,12.0737],"uv_size":[0.0703,0.1406]}}},{"origin":[-0.25,27,0.25],"size":[1,0.5,0.5],"uv":{"down":{"uv":[8.0334,12.5346],"uv_size":[-0.1406,-0.0703]},"north":{"uv":[7.9666,12.0726],"uv_size":[0.1406,0.0703]},"south":{"uv":[7.8951,12.0726],"uv_size":[0.1406,0.0703]},"up":{"uv":[8.0334,12.6774],"uv_size":[-0.1406,-0.0703]},"west":{"uv":[8.0369,12.0726],"uv_size":[0.0703,0.0703]}}},{"origin":[-0.75,27,-0.75],"size":[1,0.5,0.5],"uv":{"down":{"uv":[8.1049,12.6774],"uv_size":[-0.1406,-0.0703]},"east":{"uv":[8.0369,12.0726],"uv_size":[0.0703,0.0703]},"north":{"uv":[7.8951,12.0726],"uv_size":[0.1406,0.0703]},"south":{"uv":[7.9666,12.0726],"uv_size":[0.1406,0.0703]},"up":{"uv":[8.1049,12.5346],"uv_size":[-0.1406,-0.0703]}}},{"origin":[0.25,27.5,0.25],"size":[0.5,0.5,0.5],"uv":{"east":{"uv":[7.894,12.0011],"uv_size":[0.0703,0.0703]},"north":{"uv":[8.0369,12.0011],"uv_size":[0.0703,0.0703]},"south":{"uv":[7.894,12.0011],"uv_size":[0.0703,0.0703]},"west":{"uv":[8.0369,12.0011],"uv_size":[0.0703,0.0703]}}},{"origin":[-0.75,27.5,-0.75],"size":[0.5,0.5,0.5],"uv":{"east":{"uv":[8.0369,12.0011],"uv_size":[0.0703,0.0703]},"north":{"uv":[7.894,12.0011],"uv_size":[0.0703,0.0703]},"south":{"uv":[8.0369,12.0011],"uv_size":[0.0703,0.0703]},"west":{"uv":[7.894,12.0011],"uv_size":[0.0703,0.0703]}}},{"origin":[-0.75,28,-0.75],"size":[1.5,0.5,1.5],"uv":{"down":{"uv":[8.1037,12.6751],"uv_size":[-0.2109,-0.2109]},"east":{"uv":[7.8963,11.9297],"uv_size":[0.2109,0.0703]},"north":{"uv":[7.8963,11.9297],"uv_size":[0.2109,0.0703]},"south":{"uv":[7.8963,11.9297],"uv_size":[0.2109,0.0703]},"up":{"uv":[8.1037,12.6751],"uv_size":[-0.2109,-0.2109]},"west":{"uv":[7.8963,11.9297],"uv_size":[0.2109,0.0703]}}},{"origin":[-4.5,28.5,-4.5],"size":[9,0.25,0.25],"uv":{"down":{"uv":[6.0197,13.0351],"uv_size":[-1.2697,-0.0351]},"south":{"uv":[5.0874,11.8934],"uv_size":[1.2697,0.0351]},"up":{"uv":[6.3411,11.9637],"uv_size":[-1.2697,-0.0351]}}},{"origin":[-4.5,28.5,4.25],"size":[9,0.25,0.25],"uv":{"down":{"uv":[6.4483,12.428],"uv_size":[-1.2697,-0.0351]},"north":{"uv":[5.0874,11.8934],"uv_size":[1.2697,0.0351]},"up":{"uv":[6.3411,13.2137],"uv_size":[-1.2697,-0.0351]}}},{"origin":[4.25,28.5,-4.25],"size":[0.25,0.25,8.5],"uv":{"down":{"uv":[5.678,13.1983],"uv_size":[-0.0351,-1.1983]},"east":{"uv":[5.1231,11.8934],"uv_size":[1.1983,0.0351]},"up":{"uv":[5.1066,13.1626],"uv_size":[-0.0351,-1.1983]}}},{"origin":[-4.5,28.5,-4.25],"size":[0.25,0.25,8.5],"uv":{"down":{"uv":[5.7851,13.1269],"uv_size":[-0.0351,-1.1983]},"up":{"uv":[6.3566,13.1626],"uv_size":[-0.0351,-1.1983]},"west":{"uv":[5.1231,11.8934],"uv_size":[1.1983,0.0351]}}},{"origin":[4.5,24,-5],"size":[0.5,6,10],"uv":{"down":{"uv":[1.484,0.9274],"uv_size":[-1.4126,-0.0703]},"east":{"uv":[0.0874,0.0851],"uv_size":[1.4126,0.8434]},"north":{"uv":[1.4297,0.0851],"uv_size":[0.0703,0.8434]},"south":{"uv":[0.0726,0.0851],"uv_size":[0.0703,0.8434]},"up":{"uv":[1.484,0.1417],"uv_size":[-1.4126,-0.0703]},"west":{"uv":[0.0874,0.0851],"uv_size":[1.4126,0.8434]}}},{"origin":[-4.5,24,-5],"size":[9,6,0.5],"uv":{"down":{"uv":[1.4126,0.9274],"uv_size":[-1.2697,-0.0703]},"north":{"uv":[0.1589,0.0851],"uv_size":[1.2697,0.8434]},"south":{"uv":[0.1589,0.0851],"uv_size":[1.2697,0.8434]},"up":{"uv":[1.4126,0.1417],"uv_size":[-1.2697,-0.0703]}}},{"origin":[-5,24,-5],"size":[0.5,6,10],"uv":{"down":{"uv":[1.484,0.9274],"uv_size":[-1.4126,-0.0703]},"east":{"uv":[0.0874,0.0851],"uv_size":[1.4126,0.8434]},"north":{"uv":[1.4297,0.0851],"uv_size":[0.0703,0.8434]},"south":{"uv":[0.0726,0.0851],"uv_size":[0.0703,0.8434]},"up":{"uv":[1.484,0.1417],"uv_size":[-1.4126,-0.0703]},"west":{"uv":[0.0874,0.0851],"uv_size":[1.4126,0.8434]}}},{"origin":[-4.5,24,4.5],"size":[9,6,0.5],"uv":{"down":{"uv":[1.4126,0.9274],"uv_size":[-1.2697,-0.0703]},"north":{"uv":[0.1589,0.0851],"uv_size":[1.2697,0.8434]},"south":{"uv":[0.1589,0.0851],"uv_size":[1.2697,0.8434]},"up":{"uv":[1.4126,0.1417],"uv_size":[-1.2697,-0.0703]}}}],"name":"geyser_custom_z","parent":"geyser_custom_y","pivot":[0,8,0]},{"cubes":[{"origin":[-4.375,28.499,-4.25],"size":[0.25,0.25,12.021],"uv":{"down":{"uv":[6.3439,13.1752],"uv_size":[-0.0351,-1.7013]},"east":{"uv":[4.9089,12.322],"uv_size":[1.7013,0.0351]},"up":{"uv":[6.3209,13.5584],"uv_size":[-0.0351,-1.7013]},"west":{"uv":[4.9089,12.3577],"uv_size":[1.7013,0.0351]}}}],"name":"rot_1","parent":"geyser_custom_z","pivot":[-4.25,28.499,-4.25],"rotation":[0,45,0]},{"cubes":[{"origin":[4.125,28.498,-4.25],"size":[0.25,0.25,12.021],"uv":{"down":{"uv":[5.1297,13.1499],"uv_size":[-0.0351,-1.7013]},"east":{"uv":[4.8731,12.4291],"uv_size":[1.7013,0.0351]},"up":{"uv":[5.1066,13.5584],"uv_size":[-0.0351,-1.7013]},"west":{"uv":[4.8374,12.3934],"uv_size":[1.7013,0.0351]}}}],"name":"rot_2","parent":"geyser_custom_z","pivot":[4.25,28.498,-4.25],"rotation":[0,-45,0]}],"description":{"identifier":"geometry.geyser_custom.talllamp","texture_height":16,"texture_width":16,"visible_bounds_height":4.5,"visible_bounds_offset":[0,0.75,0],"visible_bounds_width":4}}]}