{"format_version":"1.16.0","minecraft:geometry":[{"bones":[{"name":"geyser_custom","pivot":[0,8,0]},{"name":"geyser_custom_x","parent":"geyser_custom","pivot":[0,8,0]},{"name":"geyser_custom_y","parent":"geyser_custom_x","pivot":[0,8,0]},{"cubes":[{"origin":[4,0,5.5],"size":[2,1.5,2.5],"uv":{"east":{"uv":[1.996,15.984],"uv_size":[-0.246,-1.234]},"north":{"uv":[1.984,14.754],"uv_size":[-0.984,0.246]},"up":{"uv":[1.984,15.984],"uv_size":[-0.984,-1.234]},"west":{"uv":[1.004,14.766],"uv_size":[0.246,1.234]}}},{"origin":[3.5,0,3.5],"size":[2,1.5,2],"uv":{"east":{"uv":[2.246,14.734],"uv_size":[-0.246,-0.984]},"north":{"uv":[2.234,13.754],"uv_size":[-0.984,0.246]},"south":{"uv":[1.266,14.504],"uv_size":[0.984,0.246]},"up":{"uv":[2.234,14.734],"uv_size":[-0.984,-0.984]},"west":{"uv":[1.254,13.766],"uv_size":[0.246,0.984]}}},{"origin":[3,0,2.5],"size":[2,1.5,1],"uv":{"east":{"uv":[2.496,13.742],"uv_size":[-0.246,-0.492]},"north":{"uv":[2.484,13.254],"uv_size":[-0.984,0.246]},"south":{"uv":[1.516,13.504],"uv_size":[0.984,0.246]},"up":{"uv":[2.484,13.742],"uv_size":[-0.984,-0.492]},"west":{"uv":[1.504,13.258],"uv_size":[0.246,0.492]}}},{"origin":[2.5,0,1.5],"size":[2,1.5,1],"uv":{"east":{"uv":[2.746,13.242],"uv_size":[-0.246,-0.492]},"north":{"uv":[2.734,12.754],"uv_size":[-0.984,0.246]},"south":{"uv":[1.766,13.004],"uv_size":[0.984,0.246]},"up":{"uv":[2.734,13.242],"uv_size":[-0.984,-0.492]},"west":{"uv":[1.754,12.758],"uv_size":[0.246,0.492]}}},{"origin":[2,0,0.5],"size":[2,1.5,1],"uv":{"east":{"uv":[2.996,12.742],"uv_size":[-0.246,-0.492]},"north":{"uv":[2.984,12.254],"uv_size":[-0.984,0.246]},"south":{"uv":[2.016,12.504],"uv_size":[0.984,0.246]},"up":{"uv":[2.984,12.742],"uv_size":[-0.984,-0.492]},"west":{"uv":[2.004,12.258],"uv_size":[0.246,0.492]}}},{"origin":[1.5,0,-0.5],"size":[2,1.5,1],"uv":{"east":{"uv":[3.246,12.242],"uv_size":[-0.246,-0.492]},"north":{"uv":[3.234,11.754],"uv_size":[-0.984,0.246]},"south":{"uv":[2.266,12.004],"uv_size":[0.984,0.246]},"up":{"uv":[3.234,12.242],"uv_size":[-0.984,-0.492]},"west":{"uv":[2.254,11.758],"uv_size":[0.246,0.492]}}},{"origin":[1,0,-1],"size":[2,1.5,0.5],"uv":{"east":{"uv":[3.496,11.746],"uv_size":[-0.246,-0.246]},"north":{"uv":[3.484,11.504],"uv_size":[-0.984,0.246]},"south":{"uv":[2.516,11.504],"uv_size":[0.984,0.246]},"up":{"uv":[3.484,11.746],"uv_size":[-0.984,-0.246]},"west":{"uv":[2.504,11.504],"uv_size":[0.246,0.246]}}},{"origin":[2,0,-1.5],"size":[0.5,1.5,0.5],"uv":{"north":{"uv":[2.996,11.254],"uv_size":[-0.246,0.246]},"up":{"uv":[2.996,11.496],"uv_size":[-0.246,-0.246]},"west":{"uv":[2.754,11.254],"uv_size":[0.246,0.246]}}},{"origin":[1,0,-2],"size":[1,1.5,1],"uv":{"north":{"uv":[3.246,11.004],"uv_size":[-0.246,0.246]},"up":{"uv":[3.492,11.492],"uv_size":[-0.492,-0.492]},"west":{"uv":[3.004,11.004],"uv_size":[0.246,0.246]}}},{"origin":[-8,0,6.5],"size":[4,1.5,1.5],"uv":{"north":{"uv":[7.984,15.254],"uv_size":[-1.984,0.246]},"up":{"uv":[7.984,15.988],"uv_size":[-1.984,-0.738]},"west":{"uv":[6.004,15.262],"uv_size":[0.246,0.738]}}},{"origin":[-8,0,5.5],"size":[3.5,1.5,1],"uv":{"north":{"uv":[7.984,14.754],"uv_size":[-1.734,0.246]},"up":{"uv":[7.984,15.242],"uv_size":[-1.734,-0.492]},"west":{"uv":[6.254,14.758],"uv_size":[0.246,0.492]}}},{"origin":[-8,0,5],"size":[3,1.5,0.5],"uv":{"north":{"uv":[7.984,14.504],"uv_size":[-1.484,0.246]},"up":{"uv":[7.984,14.746],"uv_size":[-1.484,-0.246]},"west":{"uv":[6.504,14.504],"uv_size":[0.246,0.246]}}},{"origin":[-8,0,4.5],"size":[2.5,1.5,0.5],"uv":{"north":{"uv":[7.984,14.254],"uv_size":[-1.234,0.246]},"up":{"uv":[7.984,14.496],"uv_size":[-1.234,-0.246]},"west":{"uv":[6.754,14.254],"uv_size":[0.246,0.246]}}},{"origin":[-8,0,4],"size":[1.5,1.5,0.5],"uv":{"north":{"uv":[7.988,14.004],"uv_size":[-0.738,0.246]},"up":{"uv":[7.988,14.246],"uv_size":[-0.738,-0.246]},"west":{"uv":[7.254,14.004],"uv_size":[0.246,0.246]}}},{"origin":[-8,0,-4],"size":[6.5,0.125,12],"uv":{"up":{"uv":[7.984,7.984],"uv_size":[-3.234,-5.984]}}},{"origin":[-1.5,0,-2],"size":[3,0.125,10],"uv":{"up":{"uv":[4.734,7.984],"uv_size":[-1.484,-4.984]}}},{"origin":[1.5,0,0.5],"size":[2,0.125,7.5],"uv":{"up":{"uv":[3.234,7.984],"uv_size":[-0.984,-3.734]}}},{"origin":[3.5,0,5.5],"size":[0.5,0.125,2.5],"uv":{"up":{"uv":[2.246,7.984],"uv_size":[-0.246,-1.234]}}},{"origin":[1,0,-2.5],"size":[0.5,1.5,0.5],"uv":{"north":{"uv":[2.754,11.254],"uv_size":[0.246,0.246]},"up":{"uv":[2.996,11.496],"uv_size":[-0.246,-0.246]},"west":{"uv":[2.754,11.254],"uv_size":[0.246,0.246]}}},{"origin":[0.5,0,-3],"size":[0.5,1.5,2],"uv":{"east":{"uv":[3.484,11.504],"uv_size":[-0.984,0.246]},"north":{"uv":[2.504,11.504],"uv_size":[0.246,0.246]},"south":{"uv":[3.496,11.746],"uv_size":[-0.246,-0.246]},"up":{"uv":[3.484,11.746],"uv_size":[-0.984,-0.246]},"west":{"uv":[2.516,11.504],"uv_size":[0.984,0.246]}}},{"origin":[-0.5,0,-3.5],"size":[1,1.5,2],"uv":{"east":{"uv":[3.234,11.754],"uv_size":[-0.984,0.246]},"north":{"uv":[2.254,11.758],"uv_size":[0.246,0.492]},"south":{"uv":[3.246,12.242],"uv_size":[-0.246,-0.492]},"up":{"uv":[3.234,12.242],"uv_size":[-0.984,-0.492]},"west":{"uv":[2.266,12.004],"uv_size":[0.984,0.246]}}},{"origin":[-1.5,0,-4],"size":[1,1.5,2],"uv":{"east":{"uv":[2.984,12.254],"uv_size":[-0.984,0.246]},"north":{"uv":[2.004,12.258],"uv_size":[0.246,0.492]},"south":{"uv":[2.996,12.742],"uv_size":[-0.246,-0.492]},"up":{"uv":[2.984,12.742],"uv_size":[-0.984,-0.492]},"west":{"uv":[2.016,12.504],"uv_size":[0.984,0.246]}}},{"origin":[-2.5,0,-4.5],"size":[1,1.5,2],"uv":{"east":{"uv":[2.734,12.754],"uv_size":[-0.984,0.246]},"north":{"uv":[1.754,12.758],"uv_size":[0.246,0.492]},"south":{"uv":[2.746,13.242],"uv_size":[-0.246,-0.492]},"up":{"uv":[2.734,13.242],"uv_size":[-0.984,-0.492]},"west":{"uv":[1.766,13.004],"uv_size":[0.984,0.246]}}},{"origin":[-3.5,0,-5],"size":[1,1.5,2],"uv":{"east":{"uv":[2.484,13.254],"uv_size":[-0.984,0.246]},"north":{"uv":[1.504,13.258],"uv_size":[0.246,0.492]},"south":{"uv":[2.496,13.742],"uv_size":[-0.246,-0.492]},"up":{"uv":[2.484,13.742],"uv_size":[-0.984,-0.492]},"west":{"uv":[1.516,13.504],"uv_size":[0.984,0.246]}}},{"origin":[-5.5,0,-5.5],"size":[2,1.5,2],"uv":{"east":{"uv":[2.234,13.754],"uv_size":[-0.984,0.246]},"north":{"uv":[1.254,13.766],"uv_size":[0.246,0.984]},"south":{"uv":[2.246,14.734],"uv_size":[-0.246,-0.984]},"up":{"uv":[2.234,14.734],"uv_size":[-0.984,-0.984]},"west":{"uv":[1.266,14.504],"uv_size":[0.984,0.246]}}},{"origin":[-8,0,-6],"size":[2.5,1.5,2],"uv":{"north":{"uv":[1.004,14.766],"uv_size":[0.246,1.234]},"south":{"uv":[1.996,15.984],"uv_size":[-0.246,-1.234]},"up":{"uv":[1.984,15.984],"uv_size":[-0.984,-1.234]},"west":{"uv":[1.016,15.262],"uv_size":[0.984,0.738]}}}],"name":"geyser_custom_z","parent":"geyser_custom_y","pivot":[0,8,0],"rotation":[0,180,0]},{"cubes":[{"origin":[-5.25,0.5,4.25],"size":[7.5,0.5,2],"uv":{"north":{"uv":[13.984,5.504],"uv_size":[-4.484,0.246]},"south":{"uv":[9.516,6.254],"uv_size":[4.484,0.246]},"up":{"uv":[13.984,6.484],"uv_size":[-4.484,-0.984]},"west":{"uv":[9.504,6.484],"uv_size":[0.246,-0.984]}}}],"name":"rot_1","parent":"geyser_custom_z","pivot":[-5.25,0.5,5.25],"rotation":[0,45,0]},{"cubes":[{"origin":[-4,0.5,6],"size":[7.5,0.5,2],"uv":{"north":{"uv":[13.984,5.504],"uv_size":[-4.484,0.246]},"south":{"uv":[9.516,6.254],"uv_size":[4.484,0.246]},"up":{"uv":[13.984,6.484],"uv_size":[-4.484,-0.984]},"west":{"uv":[9.504,6.484],"uv_size":[0.246,-0.984]}}}],"name":"rot_2","parent":"geyser_custom_z","pivot":[-4,0.5,8],"rotation":[0,22.5,0]},{"cubes":[{"origin":[-8,0.5,-3.5],"size":[2,0.5,7.5],"uv":{"east":{"uv":[13.984,5.504],"uv_size":[-4.484,0.246]},"north":{"uv":[9.504,6.484],"uv_size":[0.246,-0.984]},"up":{"uv":[13.984,6.484],"uv_size":[-4.484,-0.984]},"west":{"uv":[9.516,6.254],"uv_size":[4.484,0.246]}}}],"name":"rot_3","parent":"geyser_custom_z","pivot":[-8,0.5,4],"rotation":[0,-22.5,0]}],"description":{"identifier":"geometry.geyser_custom.vent_curved_03","texture_height":16,"texture_width":16,"visible_bounds_height":4.5,"visible_bounds_offset":[0,0.75,0],"visible_bounds_width":4}}]}