{"format_version":"1.16.0","minecraft:geometry":[{"bones":[{"name":"geyser_custom","pivot":[0,8,0]},{"name":"geyser_custom_x","parent":"geyser_custom","pivot":[0,8,0]},{"name":"geyser_custom_y","parent":"geyser_custom_x","pivot":[0,8,0]},{"cubes":[{"origin":[-6,0,-8],"size":[2,1.5,16],"uv":{"down":{"uv":[1.984,8.016],"uv_size":[-0.984,7.984]},"east":{"uv":[1.004,8.016],"uv_size":[0.246,7.984]},"north":{"uv":[1.016,15.754],"uv_size":[0.984,0.246]},"south":{"uv":[1.984,8.004],"uv_size":[-0.984,0.246]},"up":{"uv":[1.984,15.984],"uv_size":[-0.984,-7.984]},"west":{"uv":[1.996,15.984],"uv_size":[-0.246,-7.984]}}},{"origin":[4,0,-8],"size":[4,1.5,16],"uv":{"down":{"uv":[7.984,8.016],"uv_size":[-1.984,7.984]},"east":{"uv":[6.004,8.016],"uv_size":[0.246,7.984]},"north":{"uv":[6.016,15.754],"uv_size":[1.984,0.246]},"south":{"uv":[7.984,8.004],"uv_size":[-1.984,0.246]},"up":{"uv":[7.984,15.984],"uv_size":[-1.984,-7.984]},"west":{"uv":[7.996,15.984],"uv_size":[-0.246,-7.984]}}},{"origin":[-4,0,-8],"size":[8,0.125,16],"uv":{"down":{"uv":[5.984,7.984],"uv_size":[-3.984,-7.984]},"north":{"uv":[2.016,7.9385],"uv_size":[3.984,0.0615]},"south":{"uv":[2.016,7.9385],"uv_size":[3.984,0.0615]},"up":{"uv":[5.984,7.984],"uv_size":[-3.984,-7.984]}}},{"origin":[-3.5,0.5,5],"size":[7.5,0.5,2],"uv":{"east":{"uv":[10.254,0.516],"uv_size":[0.246,0.984]},"north":{"uv":[10.266,1.254],"uv_size":[3.734,0.246]},"south":{"uv":[13.984,0.504],"uv_size":[-3.734,0.246]},"up":{"uv":[13.984,1.484],"uv_size":[-3.734,-0.984]}}},{"origin":[-3.5,0.5,1],"size":[7.5,0.5,2],"uv":{"east":{"uv":[10.254,2.516],"uv_size":[0.246,0.984]},"north":{"uv":[10.266,3.254],"uv_size":[3.734,0.246]},"south":{"uv":[13.984,2.504],"uv_size":[-3.734,0.246]},"up":{"uv":[13.984,3.484],"uv_size":[-3.734,-0.984]}}},{"origin":[-3.5,0.5,-3],"size":[7.5,0.5,2],"uv":{"east":{"uv":[10.254,4.516],"uv_size":[0.246,0.984]},"north":{"uv":[10.266,5.254],"uv_size":[3.734,0.246]},"south":{"uv":[13.984,4.504],"uv_size":[-3.734,0.246]},"up":{"uv":[13.984,5.484],"uv_size":[-3.734,-0.984]}}},{"origin":[-3.5,0.5,-7],"size":[7.5,0.5,2],"uv":{"east":{"uv":[10.254,6.516],"uv_size":[0.246,0.984]},"north":{"uv":[10.266,7.254],"uv_size":[3.734,0.246]},"south":{"uv":[13.984,6.504],"uv_size":[-3.734,0.246]},"up":{"uv":[13.984,7.484],"uv_size":[-3.734,-0.984]}}}],"name":"geyser_custom_z","parent":"geyser_custom_y","pivot":[0,8,0],"rotation":[0,-90,0]}],"description":{"identifier":"geometry.geyser_custom.vent_straight_02","texture_height":16,"texture_width":16,"visible_bounds_height":4.5,"visible_bounds_offset":[0,0.75,0],"visible_bounds_width":4}}]}