{"format_version":"1.16.0","minecraft:geometry":[{"bones":[{"name":"geyser_custom","pivot":[0,8,0]},{"name":"geyser_custom_x","parent":"geyser_custom","pivot":[0,8,0]},{"name":"geyser_custom_y","parent":"geyser_custom_x","pivot":[0,8,0]},{"cubes":[{"origin":[-1.9,7.8284,-10.8284],"size":[3.8,2.8284,2.8284],"uv":{"east":{"uv":[0.016,10.234],"uv_size":[1.3982,-1.3982]},"north":{"uv":[0.016,9.8598],"uv_size":[1.983,1.3982]},"up":{"uv":[1.983,11.242],"uv_size":[-1.983,-1.3982]},"west":{"uv":[0.016,10.234],"uv_size":[1.3982,-1.3982]}}}],"name":"geyser_custom_z","parent":"geyser_custom_y","pivot":[0,8,0],"rotation":[0,90,0]},{"cubes":[{"origin":[-1.99,-11,8],"size":[4,22.6274,4],"uv":{"east":{"uv":[1.984,2.016],"uv_size":[-1.984,11.234]},"north":{"uv":[0.016,2.016],"uv_size":[1.984,11.234]},"south":{"uv":[0.016,2.016],"uv_size":[1.984,11.234]},"up":{"uv":[1.984,1.984],"uv_size":[-1.984,-1.984]},"west":{"uv":[1.984,2.016],"uv_size":[-1.984,11.234]}}}],"name":"rot_1","parent":"geyser_custom_z","pivot":[2.01,-11,8],"rotation":[45,0,0]},{"cubes":[{"origin":[-1.9841,5.0025,-7.9975],"size":[3.99,4,3.99],"uv":{"east":{"uv":[1.984,0.016],"uv_size":[-1.984,1.984]},"north":{"uv":[0.016,0.016],"uv_size":[1.984,1.984]},"south":{"uv":[0.016,0.016],"uv_size":[1.984,1.984]},"west":{"uv":[1.984,0.016],"uv_size":[-1.984,1.984]}}}],"name":"rot_2","parent":"geyser_custom_z","pivot":[2.0059,5.0025,-7.9975],"rotation":[45,0,0]}],"description":{"identifier":"geometry.geyser_custom.woodstake_04","texture_height":16,"texture_width":16,"visible_bounds_height":4.5,"visible_bounds_offset":[0,0.75,0],"visible_bounds_width":4}}]}