{
  "format_version": "1.8.0",
  "minecraft:client_entity": {
    "description": {
      "animation_controllers": [
        {
          "general": "controller.animation.eggskin.breakable"
        }
      ],
      "animations": {
        "break": "animation.eggskin.vhs.break",
        "idle": "animation.eggskin.vhs.idle"
      },
      "geometry": {
        "default": "geometry.cubecraft.eggskin.vhs"
      },
      "identifier": "cubecraft:eggskin.vhs",
      "materials": {
        "default": "entity_alphatest"
      },
      "render_controllers": [
        "controller.render.agent"
      ],
      "textures": {
        "default": "textures/cc/eggskin/backrooms_vhs"
      }
    }
  }
}