{
  "format_version": "1.8.0",
  "minecraft:client_entity": {
    "description": {
      "animation_controllers": [
        {
          "general": "controller.animation.eggskin.breakable"
        }
      ],
      "animations": {
        "break": "animation.eggskin.cupcake.exploding",
        "idle": "animation.eggskin.cupcake.idle"
      },
      "geometry": {
        "default": "geometry.cubecraft.eggskin.eggwarsrank.cupcake"
      },
      "identifier": "cubecraft:eggskin_cupcake",
      "materials": {
        "default": "entity_alphatest"
      },
      "render_controllers": [
        "controller.render.agent"
      ],
      "textures": {
        "default": "textures/cc/eggskin/cupcake"
      }
    }
  }
}