{
  "format_version": "1.8.0",
  "minecraft:client_entity": {
    "description": {
      "animation_controllers": [
        {
          "general": "controller.animation.eggskin.breakable"
        }
      ],
      "animations": {
        "break": "animation.explodingteddy.explode",
        "idle": "animation.explodingteddy.idle"
      },
      "geometry": {
        "default": "geometry.cubecraft.egg.skin.exploding.teddy"
      },
      "identifier": "cubecraft:eggskin_explodingteddy",
      "materials": {
        "default": "entity_alphatest"
      },
      "particle_effects": {
        "particle": "cubecraft:teddy_fluff"
      },
      "render_controllers": [
        "controller.render.agent"
      ],
      "textures": {
        "default": "textures/cc/eggskin/explodingteddy"
      }
    }
  }
}