{
  "format_version": "1.8.0",
  "minecraft:client_entity": {
    "description": {
      "animation_controllers": [
        {
          "general": "controller.animation.eggskin.breakable"
        }
      ],
      "animations": {
        "break": "animation.eggskin.flamingskull.break",
        "idle": "animation.eggskin.flamingskull.idle"
      },
      "geometry": {
        "animated": "geometry.cubecraft.eggskin.flamingskull"
      },
      "identifier": "cubecraft:eggskin_flamingskull",
      "materials": {
        "animated": "experience_orb"
      },
      "render_controllers": [
        "controller.render.texture_animation_default"
      ],
      "textures": {
        "animated": "textures/cc/eggskin/flaming_skull"
      }
    }
  }
}