{
  "format_version": "1.8.0",
  "minecraft:client_entity": {
    "description": {
      "animation_controllers": [
        {
          "general": "controller.animation.eggskin.breakable"
        }
      ],
      "animations": {
        "break": "animation.gyroreactor.singleloot.eggskin.break",
        "default": "animation.cauldron.singleloot.cage.default",
        "idle": "animation.gyroreactor.singleloot.eggskin.idle"
      },
      "geometry": {
        "default": "geometry.cubecraft.eggskin.singleloot.gyroreactor"
      },
      "identifier": "cubecraft:eggskin_gyroreactor",
      "materials": {
        "default": "entity_alphatest"
      },
      "render_controllers": [
        "controller.render.agent"
      ],
      "textures": {
        "default": "textures/cc/eggskin/gyro_reactor"
      }
    }
  }
}