{
  "format_version": "1.8.0",
  "minecraft:client_entity": {
    "description": {
      "animation_controllers": [
        {
          "general": "controller.animation.eggskin.breakable"
        }
      ],
      "animations": {
        "break": "animation.eggskin.plush.break",
        "idle": "animation.eggskin.plush.idle"
      },
      "geometry": {
        "default": "geometry.cubecraft.eggskin.eggwarsrank.plush"
      },
      "identifier": "cubecraft:eggskin_plush",
      "materials": {
        "default": "entity_alphatest"
      },
      "render_controllers": [
        "controller.render.agent"
      ],
      "textures": {
        "default": "textures/cc/eggskin/plush"
      }
    }
  }
}