{
  "format_version": "1.8.0",
  "minecraft:client_entity": {
    "description": {
      "animation_controllers": [
        {
          "general": "controller.animation.generic.single"
        }
      ],
      "animations": {
        "default": "animation.sleepyegg.festivebundle.eggskin"
      },
      "geometry": {
        "default": "geometry.cubecraft.eggskin.festivebundle.sleepyegg"
      },
      "identifier": "cubecraft:eggskin_sleepyegg",
      "materials": {
        "default": "entity_alphatest"
      },
      "render_controllers": [
        "controller.render.agent"
      ],
      "textures": {
        "default": "textures/cc/eggskin/sleepy_egg"
      }
    }
  }
}