{
	"format_version": "1.10.0",
	"particle_effect": {
		"description": {
			"identifier": "histeria:corrupt_particle",
			"basic_render_parameters": {
				"material": "particles_blend",
				"texture": "textures/particle/corrupt"
			}
		},
		"components": {
			"minecraft:emitter_rate_instant": {
				"num_particles": 1
			},
			"minecraft:emitter_lifetime_once": {
				"active_time": 1
			},
			"minecraft:emitter_shape_point": {
				"direction": ["Math.random(-0.25, 0.25)", "Math.random(0, 1)", "Math.random(-0.25, 0.25)"]
			},
			"minecraft:particle_lifetime_expression": {
				"max_lifetime": "Math.random(0.85, 1.35) / 2"
			},
			"minecraft:particle_initial_speed": "(Math.random(0, 1) + Math.random(0, 1) + 1) * 0.55",
			"minecraft:particle_motion_dynamic": {
				"linear_acceleration": ["(variable.particle_random_1 * 2 - 1)*0.5 - (variable.particle_age * 0.4) * 2.5", "1 + (0.08 * variable.particle_age) - (variable.particle_age * 0.4) * 1.5", "(variable.particle_random_2 * 2 - 1)*0.5 - (variable.particle_age * 0.4) * 2.5"]
			},
			"minecraft:particle_appearance_billboard": {
				"size": [0.125, 0.125],
				"facing_camera_mode": "lookat_xyz",
				"uv": {
					"texture_width": 64,
					"texture_height": 8,
					"flipbook": {
						"base_UV": [0, 0],
						"size_UV": [8, 8],
						"step_UV": [8, 0],
						"frames_per_second": 10,
						"max_frame": 8,
						"stretch_to_lifetime": true
					}
				}
			},
			"minecraft:particle_motion_collision": {
				"enabled": 1,
				"collision_drag": 1,
				"coefficient_of_restitution": 1,
				"collision_radius": 0.5
			},
			"minecraft:particle_appearance_lighting": {}
		}
	}
}