{
  "format_version": "1.10.0",
  "particle_effect": {
    "description": {
      "identifier": "histeria:lift",
      "basic_render_parameters": {
        "material": "particles_alpha",
        "texture": "textures/particle/lift"
      }
    },
    "components": {
      "minecraft:emitter_rate_instant": {
        "num_particles": 1
      },        
      "minecraft:emitter_lifetime_once": {
      },
      "minecraft:emitter_shape_point": {
      },
      "minecraft:particle_lifetime_expression": {
        "max_lifetime": "16 / 20.0"
      },
      "minecraft:particle_motion_dynamic": {
        "linear_acceleration": [ 0, 2, 0 ],
        "linear_drag_coefficient": 2.5
      },
      "minecraft:particle_motion_collision": {
        "coefficient_of_restitution": 0.1,
        "collision_drag": 10.0,
        "collision_radius": 0.1
      },
      "minecraft:particle_appearance_billboard": {
        "size": [ 1.5, 1.5 ],
        "facing_camera_mode": "lookat_xyz",
        "uv": {
          "texture_width": 32,
          "texture_height": 256,
          "flipbook": {
            "base_UV": [ 0, 0 ],
            "size_UV": [ 32, 32 ],
            "step_UV": [ 0, 32 ],
            "frames_per_second": 8,
            "max_frame": 8,
            "stretch_to_lifetime": true,
            "loop": false
          }
        }
      },
      "minecraft:particle_appearance_tinting": {
        "color": [ "variable.particle_random_1 * 0.3 + 0.7", "variable.particle_random_1 * 0.3 + 0.7", "variable.particle_random_1 * 0.3 + 0.7", 0 ]
      }
    }
  }
} 
