{
  "format_version": "1.8.0",
  "minecraft:client_entity": {
    "description": {
      "animation_controllers": [
        {
          "general": "controller.animation.generic.single"
        }
      ],
      "animations": {
        "default": "animation.gumballs.food_bundle.wineffect"
      },
      "geometry": {
        "default": "geometry.cubecraft.wineffect.food_bundle.gumballs"
      },
      "identifier": "cubecraft:wineffect.gumball",
      "materials": {
        "default": "entity_alphatest"
      },
      "particle_effects": {
        "gumball_drop": "cubecraft:gumball_drop"
      },
      "render_controllers": [
        "controller.render.agent"
      ],
      "scripts": {
        "scale": "2"
      },
      "textures": {
        "default": "textures/cc/effect/win/gumballs"
      }
    }
  }
}