{
  "format_version": "1.8.0",
  "minecraft:client_entity": {
    "description": {
      "animation_controllers": [
        {
          "general": "controller.animation.generic.single"
        }
      ],
      "animations": {
        "default": "animation.wineffect.lobbyloot.spawn"
      },
      "geometry": {
        "default": "geometry.cubecraft.wineffect.lobbyloot"
      },
      "identifier": "cubecraft:wineffect_lobbyloot",
      "materials": {
        "default": "entity_alphatest"
      },
      "render_controllers": [
        "controller.render.agent"
      ],
      "textures": {
        "default": "textures/cc/effect/win/lobbyloot"
      }
    }
  }
}