{
  "format_version": "1.8.0",
  "minecraft:client_entity": {
    "description": {
      "animation_controllers": [
        {
          "general": "controller.animation.generic.single"
        }
      ],
      "animations": {
        "default": "animation.pigeon.default"
      },
      "geometry": {
        "default": "geometry.cubecraft.effect.win.pigeon"
      },
      "identifier": "cubecraft:wineffect_pigeon",
      "materials": {
        "default": "entity_alphatest"
      },
      "render_controllers": [
        "controller.render.agent"
      ],
      "textures": {
        "default": "textures/cc/effect/win/pigeon"
      }
    }
  }
}