{
  "format_version": "1.8.0",
  "minecraft:client_entity": {
    "description": {
      "animation_controllers": [
        {
          "general": "controller.animation.generic.beginthenloop"
        }
      ],
      "animations": {
        "begin": "animation.redcarpet.fall",
        "loop": "animation.redcarpet.loop"
      },
      "geometry": {
        "default": "geometry.cubecraft.win.effect.red.carpet"
      },
      "identifier": "cubecraft:wineffect_redcarpet",
      "materials": {
        "default": "entity_alphatest"
      },
      "render_controllers": [
        "controller.render.agent"
      ],
      "textures": {
        "default": "textures/cc/effect/win/redcarpet"
      }
    }
  }
}