{
  "format_version": "1.8.0",
  "minecraft:client_entity": {
    "description": {
      "animation_controllers": [
        {
          "general": "controller.animation.generic.single"
        }
      ],
      "animations": {
        "default": "animation.rooftop_parkour.idle"
      },
      "geometry": {
        "default": "geometry.cubecraft.wineffect.rooftop_parkour"
      },
      "identifier": "cubecraft:wineffect_rooftop_parkour",
      "materials": {
        "default": "entity_alphatest"
      },
      "render_controllers": [
        "controller.render.agent"
      ],
      "textures": {
        "default": "textures/cc/effect/win/rooftop_parkour"
      }
    }
  }
}