{
  "format_version": "1.8.0",
  "minecraft:client_entity": {
    "description": {
      "animation_controllers": [
        {
          "general": "controller.animation.generic.single"
        }
      ],
      "animations": {
        "default": "animation.effect.win.saltshaker"
      },
      "geometry": {
        "default": "geometry.cubecraft.wineffect.battlearena.saltshaker"
      },
      "identifier": "cubecraft:wineffect_saltshaker",
      "materials": {
        "default": "entity_alphatest"
      },
      "render_controllers": [
        "controller.render.agent"
      ],
      "textures": {
        "default": "textures/cc/effect/win/salt_shaker"
      }
    }
  }
}