{
  "format_version": "1.8.0",
  "minecraft:client_entity": {
    "description": {
      "animation_controllers": [
        {
          "general": "controller.animation.generic.single"
        }
      ],
      "animations": {
        "default": "animation.wineffect.surpriseparty.spawn"
      },
      "geometry": {
        "default": "geometry.cubecraft.wineffect.surpriseparty"
      },
      "identifier": "cubecraft:wineffect.surpriseparty",
      "materials": {
        "default": "entity_alphatest"
      },
      "render_controllers": [
        "controller.render.agent"
      ],
      "scripts": {
        "scale": "1"
      },
      "textures": {
        "default": "textures/cc/effect/win/surpriseparty"
      }
    }
  }
}