{"format_version":"1.8.0","animations":{"animation.ent.move":{"loop":true,"bones":{"rightLeg":{"rotation":["(Math.cos(query.modified_distance_moved * 30.17) * 55.0)",0,0]},"leftLeg":{"rotation":["(Math.cos(query.modified_distance_moved * 30.17 + 180) * 55.0)",0,0]},"leftArm":{"rotation":["(Math.cos(query.modified_distance_moved * 30.17 + 180) * 45.0)",0,0]},"rightArm":{"rotation":["(Math.cos(query.modified_distance_moved * 30.17) * 45.0)",0,0]}}},"animation.ent.look_at_target":{"loop":true,"bones":{"head":{"rotation":["query.target_x_rotation","query.target_y_rotation",0]}}}}}