{"format_version":"1.8.0","animations":{"animation.mboss.walk":{"loop":true,"animation_length":2.08,"bones":{"Head":{"rotation":{"0.0":[0,-5,10],"1.0333":[0,5,-10],"2.0833":[0,-5,10]},"position":{"0.0":[-2,0,0],"1.0333":[2,0,0],"2.0833":[-2,0,0]}},"jaw":{"rotation":{"0.0":[0,0,0],"0.4333":[10,0,0],"0.4833":[0,0,0],"0.5167":[20,0,0],"0.5667":[0,0,0],"0.6":[25,0,0],"0.6333":[0,0,0],"0.6833":[25,0,0],"0.7167":[0,0,0],"0.7667":[15,0,0],"0.8":[0,0,0],"0.8333":[25,0,0],"0.8833":[0,0,0],"0.9167":[20,0,0],"1.6":[0,0,0],"2.0833":[0,0,0]}},"body":{"rotation":{"0.0":[0,10,0],"1.0333":[0,-10,0],"2.0833":[0,10,0]}},"RLeg":{"rotation":{"0.0":[25,0,0],"1.0333":[-25,0,0],"2.0833":[25,0,0]},"position":{"0.0":[0,0,4],"1.0333":[0,0,-4],"2.0833":[0,0,4]}},"LLeg":{"rotation":{"0.0":[-25,0,0],"1.0333":[25,0,0],"2.0833":[-25,0,0]},"position":{"0.0":[0,0,-4],"1.0333":[0,0,4],"2.0833":[0,0,-4]}},"LHand":{"rotation":{"0.0":[25,0,0],"1.0333":[-25,0,0],"2.0833":[25,0,0]},"position":{"0.0":[0,0,-2],"1.0333":[2,0,2],"2.0833":[0,0,-2]}},"RHand":{"rotation":{"0.0":[-25,0,0],"1.0333":[25,0,0],"2.0833":[-25,0,0]},"position":{"0.0":[-2,0,2],"1.0333":[0,0,-2],"2.0833":[-2,0,2]}}}},"animation.mboss.attack":{"animation_length":0.5,"bones":{"Head":{"rotation":{"0.0":[0,0,0],"0.125":[-10,15,0],"0.250":[10,15,0],"0.5":[0,0,0]},"position":{"0.0":[0,0,0],"0.125":[0,-1,16],"0.250":[0,-5,-13],"0.5":[0,0,0]}},"jaw":{"rotation":{"0.0":[0,0,0],"0.05":[20,0,0],"0.1":[0,0,0],"0.15":[15,0,0],"0.20":[0,0,0],"0.25":[10,0,0],"0.30":[0,0,0],"0.40":[15,0,0],"0.5":[0,0,0]},"position":[0,0,0]},"body":{"rotation":{"0.0":[0,0,0],"0.125":[-25,0,0],"0.250":[24.23,0,0],"0.5":[0,0,0]}},"LHand":{"rotation":{"0.0":[0,0,0],"0.125":[0,0,0],"0.250":[-125,0,40],"0.5":[5,0,0]},"position":{"0.0":[0,0,0],"0.125":[0,0,12],"0.250":[0,-6,-12],"0.5":[0,0,0]}},"RHand":{"rotation":{"0.0":[0,0,0],"0.125":[-125,0,-35],"0.250":[0,0,0],"0.5":[0,0,0]},"position":{"0.0":[0,0,0],"0.125":[0,-2,12],"0.250":[0,-6,-10],"0.5":[0,0,0]}}}}}}