{"format_version":"1.8.0","animations":{"animation.mummy.look_at_target":{"loop":true,"bones":{"head":{"rotation":["query.target_x_rotation","query.target_y_rotation",0]}}},"animation.mummy.moving":{"loop":true,"animation_length":0.8,"bones":{"head":{"rotation":{"0.0":[0,0,0],"0.2":[0,0,0],"0.2333":[3,0,-3],"0.2833":[0,0,0],"0.6":[0,0,0],"0.6333":[3,0,3],"0.6833":[0,0,0]}},"rot":{"rotation":{"0.0333":[0,0,5],"0.2":[25,0,-5],"0.5167":[25,0,-5],"0.6333":[0,0,5]}},"body":{"rotation":{"0.0":[5,0,0],"0.2":[10,0,-5],"0.4":[5,0,0],"0.6":[10,0,5],"0.8":[5,0,0]},"position":{"0.1667":[0,0,0],"0.2":[0,-0.5,0],"0.2333":[0,0,0],"0.5667":[0,0,0],"0.6":[0,-0.5,0],"0.6333":[0,0,0]}},"lenta1":{"rotation":{"0.0":[-2,0,0],"0.0333":[0,0,0],"0.2333":[10,0,0],"0.4333":[0,0,0],"0.6333":[-10,0,0],"0.8":[-2,0,0]}},"bone4":{"rotation":{"0.0":[-5,0,0],"0.0333":[-5,0,0],"0.2333":[-5,0,0],"0.2833":[5,0,0],"0.6333":[5,0,0],"0.6833":[-5,0,0]}},"leftArm":{"rotation":[-90,10,0]},"lenta3":{"rotation":{"0.0":[85,5,0],"0.2":[80,0,0],"0.4":[85,5,0],"0.6":[80,10,0],"0.8":[85,5,0]}},"bone6":{"rotation":{"0.0":[0,0,-3],"0.0833":[0,0,-3],"0.2333":[0,0,-3],"0.3167":[0,0,3],"0.6333":[0,0,3],"0.7167":[0,0,-3]}},"lenta4":{"rotation":{"0.0":[85,5,0],"0.2":[80,0,0],"0.4":[85,5,0],"0.6":[80,10,0],"0.8":[85,5,0]}},"bone7":{"rotation":{"0.0":[0,0,-3],"0.0833":[0,0,-3],"0.2333":[0,0,-3],"0.3167":[0,0,3],"0.6333":[0,0,3],"0.7167":[0,0,-3]}},"rightArm":{"rotation":[-90,-10,0]},"lenta5":{"rotation":{"0.0":[85,-5,0],"0.2":[80,-10,0],"0.4":[85,-5,0],"0.6":[80,0,0],"0.8":[85,-5,0]}},"bone8":{"rotation":{"0.0":[0,0,-3],"0.0833":[0,0,-3],"0.2333":[0,0,-3],"0.3167":[0,0,3],"0.6333":[0,0,3],"0.7167":[0,0,-3]}},"lenta6":{"rotation":{"0.0":[85,-5,0],"0.2":[80,-10,0],"0.4":[85,-5,0],"0.6":[80,0,0],"0.8":[85,-5,0]}},"bone9":{"rotation":{"0.0":[0,0,-3],"0.0833":[0,0,-3],"0.2333":[0,0,-3],"0.3167":[0,0,3],"0.6333":[0,0,3],"0.7167":[0,0,-3]}},"leftLeg":{"rotation":{"0.0":[0,0,0],"0.2":[-30,15,0],"0.4":[0,0,0],"0.6":[30,0,0],"0.8":[0,0,0]}},"rightLeg":{"rotation":{"0.0":[0,0,0],"0.2":[30,0,0],"0.4":[0,0,0],"0.6":[-30,-15,0],"0.8":[0,0,0]}}}}}}