{"format_version":"1.8.0","animations":{"animation.yeti.general":{"loop":true,"animation_length":15,"bones":{"head":{"rotation":{"0.0":["math.sin(query.life_time * 90) * 2",0,0],"10.0":["math.sin(query.life_time * 90) * 2",0,0],"10.4":["-7.5+math.sin(query.life_time * 90) * 2",-22.5,0],"11.3":["-2.5+math.sin(query.life_time * 90) * 2",-22.5,0],"11.8":["15+math.sin(query.life_time * 90) * 2",17.5,0],"12.5":["15+math.sin(query.life_time * 90) * 2",12.5,0],"12.8":["math.sin(query.life_time * 90) * 2",0,0]}},"bone2":{"rotation":{"6.0":[0,0,0],"6.25":[10,0,0],"7.0":[10,0,0],"7.5":[20,0,0],"8.0":[0,0,0]}},"body":{"rotation":["- math.sin(query.life_time * 90) * 2",0,0]},"finger":{"rotation":{"0.0":[0,0,0],"2.0":[0,45,0],"4.0":[0,0,0]}},"finger2":{"rotation":{"0.0":[0,0,0],"2.0":[0,45,0],"4.0":[0,0,0]}},"finger3":{"rotation":{"0.0":[0,0,0],"2.0":[0,45,0],"4.0":[0,0,0]}},"bfinger":{"rotation":{"0.0":[0,0,0],"2.0":[-17.5,-22.5,0],"4.0":[0,0,0]}},"rightArm":{"rotation":{"5.0":[0,0,0],"5.7":[87.5,0,-25],"6.0":[87.5,0,-25],"6.25":[100,0,-25],"6.45":[85,0,-25],"6.65":[100,0,-25],"6.85":[85,0,-25],"7.05":[100,0,-25],"7.25":[85,0,-25],"7.95":[0,0,0]}},"lokot2":{"rotation":{"5.25":[0,0,0],"5.7":[-20,-10,-20],"6.0":[-20,-8.75,-20],"6.25":[-20,-25,-20],"6.45":[-20,-5,-20],"6.65":[-20,-25,-20],"6.85":[-20,-5,-20],"7.05":[-20,-25,-20],"7.25":[-20,-5,-20],"7.7":[0,0,0]}},"finger4":{"rotation":{"0.0":[0,0,0],"2.0":[0,-45,0],"4.0":[0,0,0],"5.75":[0,0,0],"6.0":[0,-40,0]}},"finger5":{"rotation":{"0.0":[0,0,0],"2.0":[0,-45,0],"4.0":[0,0,0],"5.75":[0,0,0],"6.0":[0,-40,0]}},"finger6":{"rotation":{"0.0":[0,0,0],"2.0":[0,-45,0],"4.0":[0,0,0],"5.75":[0,0,0],"6.0":[0,-40,0]}},"bfinger2":{"rotation":{"0.0":[0,0,0],"2.0":[17.5,22.5,0],"4.0":[0,0,0],"5.5":[0,0,0],"5.75":[-40,22.5,40]}},"dihlo":{"scale":"1 + 0.05 * math.sin(query.life_time * 90) "},"bone5":{"position":{"4.3":[0,0,0],"4.5":[0,0.2,0],"4.65":[0,0,0],"4.75":[0,0.2,0],"5.0":[0,0,0]},"scale":"1 + 0.05 * math.sin(query.life_time * 90) "},"bone6":{"position":{"4.0":[0,0,0],"5.0":[0,-0.5,0],"6.0":[0,-0.5,0],"6.25":[0,0.6,0],"7.5":[0,0.6,0],"8.0":[0,0,0],"10.0":[0,0,0],"10.5":[0,-0.5,0],"12.0":[0,-0.5,0],"12.5":[0,0,0]}}}},"animation.yeti.move":{"loop":true,"animation_length":2,"bones":{"bone":{"position":{"0.3":{"post":[0,0,0],"lerp_mode":"catmullrom"},"0.5":{"post":[0,-2,0],"lerp_mode":"catmullrom"},"1.0":{"post":[0,0,0],"lerp_mode":"catmullrom"},"1.3":{"post":[0,0,0],"lerp_mode":"catmullrom"},"1.5":{"post":[0,-1,0],"lerp_mode":"catmullrom"},"2.0":{"post":[0,0,0],"lerp_mode":"catmullrom"}}},"leftLeg":{"rotation":{"0.0":[0,0,0],"0.5":[-17.5,0,0],"1.5":[37.5,0,0],"2.0":[0,0,0]}},"kolen":{"rotation":{"0.0":[0,0,0],"0.5":[-5,0,0],"1.0":[0,0,0],"1.5":[10,0,0],"2.0":[0,0,0]}},"stup":{"rotation":{"0.0":[0,0,0],"0.5":[8,0,0],"1.0":[0,0,0],"1.5":[-10,0,0],"2.0":[0,0,0]}},"rightLeg":{"rotation":{"0.0":[0,0,0],"0.5":[37.5,0,0],"1.5":[-17.5,0,0],"2.0":[0,0,0]}},"kolen2":{"rotation":{"0.0":[0,0,0],"0.5":[10,0,0],"1.0":[0,0,0],"1.5":[-5,0,0],"2.0":[0,0,0]}},"stup2":{"rotation":{"0.0":[0,0,0],"0.5":[-10,0,0],"1.0":[0,0,0],"1.5":[8,0,0],"2.0":[0,0,0]}},"body":{"rotation":{"0.3":{"post":[0,0,0],"lerp_mode":"catmullrom"},"0.5":{"post":[3,-3,0],"lerp_mode":"catmullrom"},"1.0":{"post":[0,0,0],"lerp_mode":"catmullrom"},"1.3":{"post":[0,0,0],"lerp_mode":"catmullrom"},"1.5":{"post":[3,3,0],"lerp_mode":"catmullrom"},"2.0":{"post":[0,0,0],"lerp_mode":"catmullrom"}}},"leftArm":{"rotation":{"0.0":[0,0,0],"0.5":[65,0,0],"1.0":[0,0,0],"1.5":[-20,0,0],"2.0":[0,0,0]}},"lokot":{"rotation":{"0.0":[0,0,0],"0.5":[29,-19,5],"1.0":[0,0,0],"1.5":[82.7345,-13.86022,63.90575],"2.0":[0,0,0]}},"rightArm":{"rotation":{"0.0":[0,0,0],"0.5":[-20,0,0],"1.0":[0,0,0],"1.5":[65,0,0],"2.0":[0,0,0]}},"lokot2":{"rotation":{"0.0":[0,0,0],"0.5":[82.7345,-13.86022,-63.9058],"1.0":[0,0,0],"1.5":[29,-19,5],"2.0":[0,0,0]}},"head":{"rotation":{"0.3":[0,0,0],"0.5":[-3,0,0],"1.0":[0,0,0],"1.3":[0,0,0],"1.5":[-3,0,0],"2.0":[0,0,0]}},"bone2":{"rotation":{"0.0":[0,0,0],"0.3":[8,0,1],"1.0":[0,0,0],"1.3":[4,0,-1],"2.0":[0,0,0]}},"bone6":{"position":{"0.0":[0,0,0],"0.3":[0,-0.3,0],"0.5":[0,-0.3,0],"1.0":[0,0,0],"1.3":[0,-0.3,0],"1.5":[0,-0.3,0],"2.0":[0,0,0]}}}},"animation.yeti.attack":{"animation_length":3,"bones":{"leftLeg":{"rotation":{"2.6":[0,0,0],"2.7":[0,-20,0],"3.0":[0,0,0]},"position":{"2.6":[0,0,0],"2.7":[-2,0,5],"3.0":[0,0,0]}},"body":{"rotation":{"0.0":[0,0,0],"0.75":[45,0,0],"1.4":[-12.5,0,0],"2.6":[-12.5,0,0],"2.7":[-25,0,0],"2.8":[20,0,0],"3.0":[0,0,0]},"position":{"0.0":[0,0,0],"0.75":[0,-4,-6],"1.4":[0,0,0],"2.6":[0,0,0],"2.7":[0,-4,2],"3.0":[0,-4,2]}},"leftArm":{"rotation":{"0.0":[0,0,0],"0.85":[-15.34541,53.08504,4.4073],"1.4":[-102.7918,10.61982,-52.46189],"1.7":[-97.79,10.62,-52.46],"2.0":[-102.7918,10.61982,-52.46189],"2.3":[-97.79,10.62,-52.46],"2.6":[-102.7918,10.61982,-52.46189],"2.7":[-107.79,10.62,-52.46],"2.8":[-104.07597,7.68196,-50.15788],"2.9":[-84.13759,-12.31118,-40.51149],"3.0":[0,0,0]}},"lokot":{"rotation":{"0.0":[0,0,0],"0.85":[-2.73736,-23.01883,-16.74345],"1.1":[-8.12067,-3.19112,-33.80937],"1.3":[-10.91157,6.11717,-56.96908],"1.4":[-23.28089,-7.18758,-78.0259],"2.6":[-23.28089,-7.18758,-78.0259],"2.7":[-34.78779,-6.55123,-94.45698],"2.8":[11.2453,-38.03884,-10.69887],"3.0":[0,0,0]}},"rightArm":{"rotation":{"0.0":[0,0,0],"0.85":[-15.3454,-53.085,-4.4073],"1.4":[-102.79759,-10.62121,52.45669],"1.7":[-97.8,-10.62,52.46],"2.0":[-102.79759,-10.62121,52.45669],"2.3":[-97.8,-10.62,52.46],"2.6":[-102.79759,-10.62121,52.45669],"2.7":[-107.8,-10.62,52.46],"2.8":[-104.08597,-7.68196,50.15788],"2.9":[-84.14759,12.31118,40.51149],"3.0":[0,0,0]}},"lokot2":{"rotation":{"0.0":[0,0,0],"0.85":[-2.73736,23.0188,16.7435],"1.1":[-7.14881,1.55489,31.96291],"1.3":[-10.10974,-6.61908,55.89764],"1.4":[-23.28621,7.18141,78.02783],"2.6":[-23.28621,7.18141,78.02783],"2.7":[-34.79582,6.54429,94.46127],"2.8":[11.2366,38.03858,10.69783],"3.0":[0,0,0]}},"head":{"rotation":{"0.0":[0,0,0],"0.75":[-32.5,0,0],"1.5":[25.5,0,0],"2.7":[25.5,0,0],"2.8":[-9.5,0,0],"3.0":[0,0,0]}},"bone2":{"rotation":{"1.5":[0,0,0],"1.75":[0,0,5],"2.0":[0,0,-5],"2.25":[0,0,5],"2.5":[0,0,0]}},"bone6":{"position":{"0.0":[0,0,0],"0.4":[0,-0.5,0],"1.5":[0,-0.5,0],"1.65":[0,-0.1,0],"1.85":[0,-0.5,0]}},"bone7":{"rotation":{"0.75":[0,0,0],"1.4":[-70,0,0],"1.7":[-67.5,0,0],"2.0":[-70,0,0],"2.3":[-67.5,0,0],"2.6":[-70,0,0],"2.7":[-77.5,0,0],"2.8":[-65,0,0],"3.0":[0,0,0]},"position":{"0.0":[0,-46,-45],"0.75":[0,-46,-45],"0.9":[0,-31.55,-48.05],"1.0":[0,-11.92,-60.08],"1.2":[0,33.54,-51.04],"1.3":[0,47.27,-32.52],"1.4":[0,53,-14],"1.7":[0,53,-16],"2.0":[0,53,-14],"2.3":[0,53,-16],"2.6":[0,53,-14],"2.7":[0,50.2,5],"2.75":[0,50.2,-28],"2.8":[0,26.2,-61],"3.0":[0,26.2,-61]},"scale":{"0.0":[0,0,0],"0.75":{"pre":[0,0,0],"post":[1.5,1.5,1.5]},"2.85":{"pre":[1.5,1.5,1.5],"post":[0,0,0]}}}}}}}