{
  "format_version": "1.12.0",
  "minecraft:geometry": [
    {
      "bones": [
        {
          "name": "steve1",
          "pivot": [
            -13,
            20,
            0
          ],
          "rotation": [
            0,
            -90,
            0
          ]
        },
        {
          "cubes": [
            {
              "mirror": false,
              "origin": [
                -17,
                12,
                -1
              ],
              "size": [
                8,
                12,
                4
              ],
              "uv": [
                0,
                32
              ]
            }
          ],
          "mirror": true,
          "name": "body",
          "parent": "steve1",
          "pivot": [
            -13,
            13,
            1
          ]
        },
        {
          "cubes": [
            {
              "mirror": false,
              "origin": [
                -17,
                24,
                -3
              ],
              "size": [
                8,
                8,
                8
              ],
              "uv": [
                0,
                16
              ]
            }
          ],
          "mirror": true,
          "name": "head",
          "parent": "body",
          "pivot": [
            -13,
            24,
            1
          ]
        },
        {
          "cubes": [
            {
              "origin": [
                -21,
                18,
                -1
              ],
              "size": [
                4,
                6,
                4
              ],
              "uv": [
                56,
                12
              ]
            },
            {
              "inflate": -0.004,
              "origin": [
                -21,
                16,
                -1
              ],
              "size": [
                4,
                4,
                4
              ],
              "uv": [
                28,
                68
              ]
            }
          ],
          "name": "arml",
          "parent": "body",
          "pivot": [
            -18,
            21.5,
            1
          ]
        },
        {
          "cubes": [
            {
              "origin": [
                -21,
                12,
                -1
              ],
              "size": [
                4,
                6,
                4
              ],
              "uv": [
                40,
                60
              ]
            }
          ],
          "name": "hand",
          "parent": "arml",
          "pivot": [
            -19,
            15,
            1
          ]
        },
        {
          "cubes": [
            {
              "origin": [
                -19.4,
                8.91981,
                1.5268
              ],
              "size": [
                1,
                1,
                1
              ],
              "uv": [
                72,
                45
              ]
            },
            {
              "origin": [
                -19.4,
                9.91981,
                1.5268
              ],
              "size": [
                1,
                1,
                1
              ],
              "uv": [
                44,
                72
              ]
            },
            {
              "origin": [
                -19.4,
                10.91981,
                1.5268
              ],
              "size": [
                1,
                1,
                1
              ],
              "uv": [
                72,
                43
              ]
            },
            {
              "origin": [
                -19.4,
                10.91981,
                0.5268
              ],
              "size": [
                1,
                1,
                1
              ],
              "uv": [
                24,
                72
              ]
            },
            {
              "origin": [
                -19.4,
                10.91981,
                -0.4732
              ],
              "size": [
                1,
                1,
                1
              ],
              "uv": [
                20,
                72
              ]
            },
            {
              "origin": [
                -19.4,
                9.91981,
                -0.4732
              ],
              "size": [
                1,
                1,
                1
              ],
              "uv": [
                72,
                16
              ]
            },
            {
              "origin": [
                -19.4,
                8.91981,
                -0.4732
              ],
              "size": [
                1,
                1,
                1
              ],
              "uv": [
                16,
                72
              ]
            },
            {
              "origin": [
                -19.4,
                8.91981,
                0.5268
              ],
              "size": [
                1,
                1,
                1
              ],
              "uv": [
                72,
                14
              ]
            },
            {
              "origin": [
                -19.4,
                9.91981,
                0.5268
              ],
              "size": [
                1,
                1,
                1
              ],
              "uv": [
                12,
                72
              ]
            },
            {
              "origin": [
                -19.4,
                11.91981,
                -0.4732
              ],
              "size": [
                1,
                1,
                1
              ],
              "uv": [
                8,
                72
              ]
            },
            {
              "origin": [
                -19.4,
                11.91981,
                -1.4732
              ],
              "size": [
                1,
                1,
                1
              ],
              "uv": [
                4,
                72
              ]
            },
            {
              "origin": [
                -19.4,
                10.91981,
                -1.4732
              ],
              "size": [
                1,
                1,
                1
              ],
              "uv": [
                72,
                3
              ]
            },
            {
              "origin": [
                -19.4,
                12.91981,
                -1.4732
              ],
              "size": [
                1,
                1,
                1
              ],
              "uv": [
                0,
                72
              ]
            },
            {
              "origin": [
                -19.4,
                12.91981,
                -2.4732
              ],
              "size": [
                1,
                1,
                1
              ],
              "uv": [
                71,
                71
              ]
            },
            {
              "origin": [
                -19.4,
                11.91981,
                -2.4732
              ],
              "size": [
                1,
                1,
                1
              ],
              "uv": [
                71,
                69
              ]
            },
            {
              "origin": [
                -19.4,
                13.91981,
                -2.4732
              ],
              "size": [
                1,
                1,
                1
              ],
              "uv": [
                71,
                67
              ]
            },
            {
              "origin": [
                -19.4,
                14.91981,
                -1.4732
              ],
              "size": [
                1,
                1,
                1
              ],
              "uv": [
                71,
                61
              ]
            },
            {
              "origin": [
                -19.4,
                15.91981,
                -1.4732
              ],
              "size": [
                1,
                1,
                1
              ],
              "uv": [
                71,
                41
              ]
            },
            {
              "origin": [
                -19.4,
                16.91981,
                -0.4732
              ],
              "size": [
                1,
                1,
                1
              ],
              "uv": [
                71,
                39
              ]
            },
            {
              "origin": [
                -19.4,
                17.91981,
                -0.4732
              ],
              "size": [
                1,
                1,
                1
              ],
              "uv": [
                71,
                27
              ]
            },
            {
              "origin": [
                -19.4,
                17.91981,
                -1.4732
              ],
              "size": [
                1,
                1,
                1
              ],
              "uv": [
                71,
                1
              ]
            },
            {
              "origin": [
                -19.4,
                16.91981,
                -1.4732
              ],
              "size": [
                1,
                1,
                1
              ],
              "uv": [
                68,
                70
              ]
            },
            {
              "origin": [
                -19.4,
                16.91981,
                -2.4732
              ],
              "size": [
                1,
                1,
                1
              ],
              "uv": [
                64,
                70
              ]
            },
            {
              "origin": [
                -19.4,
                15.91981,
                -2.4732
              ],
              "size": [
                1,
                1,
                1
              ],
              "uv": [
                60,
                70
              ]
            },
            {
              "origin": [
                -19.4,
                14.91981,
                -2.4732
              ],
              "size": [
                1,
                1,
                1
              ],
              "uv": [
                56,
                70
              ]
            },
            {
              "origin": [
                -19.4,
                15.91981,
                -3.4732
              ],
              "size": [
                1,
                1,
                1
              ],
              "uv": [
                52,
                70
              ]
            },
            {
              "origin": [
                -19.4,
                16.91981,
                -4.4732
              ],
              "size": [
                1,
                1,
                1
              ],
              "uv": [
                48,
                70
              ]
            },
            {
              "origin": [
                -19.4,
                17.91981,
                -5.4732
              ],
              "size": [
                1,
                1,
                1
              ],
              "uv": [
                44,
                70
              ]
            },
            {
              "origin": [
                -19.4,
                18.91981,
                -6.4732
              ],
              "size": [
                1,
                1,
                1
              ],
              "uv": [
                40,
                70
              ]
            },
            {
              "origin": [
                -19.4,
                19.91981,
                -7.4732
              ],
              "size": [
                1,
                1,
                1
              ],
              "uv": [
                12,
                70
              ]
            },
            {
              "origin": [
                -19.4,
                20.91981,
                -8.4732
              ],
              "size": [
                1,
                1,
                1
              ],
              "uv": [
                8,
                70
              ]
            },
            {
              "origin": [
                -19.4,
                21.91981,
                -9.4732
              ],
              "size": [
                1,
                1,
                1
              ],
              "uv": [
                4,
                70
              ]
            },
            {
              "origin": [
                -19.4,
                22.91981,
                -10.4732
              ],
              "size": [
                1,
                1,
                1
              ],
              "uv": [
                0,
                70
              ]
            },
            {
              "origin": [
                -19.4,
                15.91981,
                -4.4732
              ],
              "size": [
                1,
                1,
                1
              ],
              "uv": [
                68,
                68
              ]
            },
            {
              "origin": [
                -19.4,
                16.91981,
                -5.4732
              ],
              "size": [
                1,
                1,
                1
              ],
              "uv": [
                64,
                68
              ]
            },
            {
              "origin": [
                -19.4,
                17.91981,
                -6.4732
              ],
              "size": [
                1,
                1,
                1
              ],
              "uv": [
                68,
                62
              ]
            },
            {
              "origin": [
                -19.4,
                18.91981,
                -7.4732
              ],
              "size": [
                1,
                1,
                1
              ],
              "uv": [
                68,
                60
              ]
            },
            {
              "origin": [
                -19.4,
                19.91981,
                -8.4732
              ],
              "size": [
                1,
                1,
                1
              ],
              "uv": [
                60,
                68
              ]
            },
            {
              "origin": [
                -19.4,
                20.91981,
                -9.4732
              ],
              "size": [
                1,
                1,
                1
              ],
              "uv": [
                56,
                68
              ]
            },
            {
              "origin": [
                -19.4,
                21.91981,
                -10.4732
              ],
              "size": [
                1,
                1,
                1
              ],
              "uv": [
                68,
                42
              ]
            },
            {
              "origin": [
                -19.4,
                14.91981,
                -4.4732
              ],
              "size": [
                1,
                1,
                1
              ],
              "uv": [
                68,
                40
              ]
            },
            {
              "origin": [
                -19.4,
                15.91981,
                -5.4732
              ],
              "size": [
                1,
                1,
                1
              ],
              "uv": [
                68,
                38
              ]
            },
            {
              "origin": [
                -19.4,
                16.91981,
                -6.4732
              ],
              "size": [
                1,
                1,
                1
              ],
              "uv": [
                68,
                28
              ]
            },
            {
              "origin": [
                -19.4,
                17.91981,
                -7.4732
              ],
              "size": [
                1,
                1,
                1
              ],
              "uv": [
                68,
                26
              ]
            },
            {
              "origin": [
                -19.4,
                18.91981,
                -8.4732
              ],
              "size": [
                1,
                1,
                1
              ],
              "uv": [
                68,
                14
              ]
            },
            {
              "origin": [
                -19.4,
                19.91981,
                -9.4732
              ],
              "size": [
                1,
                1,
                1
              ],
              "uv": [
                68,
                2
              ]
            },
            {
              "origin": [
                -19.4,
                20.91981,
                -10.4732
              ],
              "size": [
                1,
                1,
                1
              ],
              "uv": [
                68,
                0
              ]
            },
            {
              "origin": [
                -19.4,
                14.91981,
                -5.4732
              ],
              "size": [
                1,
                1,
                1
              ],
              "uv": [
                36,
                66
              ]
            },
            {
              "origin": [
                -19.4,
                15.91981,
                -6.4732
              ],
              "size": [
                1,
                1,
                1
              ],
              "uv": [
                32,
                66
              ]
            },
            {
              "origin": [
                -19.4,
                16.91981,
                -7.4732
              ],
              "size": [
                1,
                1,
                1
              ],
              "uv": [
                28,
                66
              ]
            },
            {
              "origin": [
                -19.4,
                17.91981,
                -8.4732
              ],
              "size": [
                1,
                1,
                1
              ],
              "uv": [
                16,
                66
              ]
            },
            {
              "origin": [
                -19.4,
                18.91981,
                -9.4732
              ],
              "size": [
                1,
                1,
                1
              ],
              "uv": [
                64,
                54
              ]
            },
            {
              "origin": [
                -19.4,
                19.91981,
                -10.4732
              ],
              "size": [
                1,
                1,
                1
              ],
              "uv": [
                64,
                52
              ]
            },
            {
              "origin": [
                -19.4,
                20.91981,
                -11.4732
              ],
              "size": [
                1,
                1,
                1
              ],
              "uv": [
                36,
                64
              ]
            },
            {
              "origin": [
                -19.4,
                14.91981,
                -6.4732
              ],
              "size": [
                1,
                1,
                1
              ],
              "uv": [
                32,
                64
              ]
            },
            {
              "origin": [
                -19.4,
                15.91981,
                -7.4732
              ],
              "size": [
                1,
                1,
                1
              ],
              "uv": [
                28,
                64
              ]
            },
            {
              "origin": [
                -19.4,
                17.91981,
                -9.4732
              ],
              "size": [
                1,
                1,
                1
              ],
              "uv": [
                64,
                26
              ]
            },
            {
              "origin": [
                -19.4,
                16.91981,
                -8.4732
              ],
              "size": [
                1,
                1,
                1
              ],
              "uv": [
                64,
                24
              ]
            },
            {
              "origin": [
                -19.4,
                18.91981,
                -10.4732
              ],
              "size": [
                1,
                1,
                1
              ],
              "uv": [
                64,
                22
              ]
            },
            {
              "origin": [
                -19.4,
                19.91981,
                -11.4732
              ],
              "size": [
                1,
                1,
                1
              ],
              "uv": [
                16,
                64
              ]
            },
            {
              "origin": [
                -19.4,
                20.91981,
                -12.4732
              ],
              "size": [
                1,
                1,
                1
              ],
              "uv": [
                64,
                10
              ]
            },
            {
              "origin": [
                -19.4,
                23.91981,
                -11.4732
              ],
              "size": [
                1,
                1,
                1
              ],
              "uv": [
                56,
                62
              ]
            },
            {
              "origin": [
                -19.4,
                22.91981,
                -11.4732
              ],
              "size": [
                1,
                1,
                1
              ],
              "uv": [
                52,
                62
              ]
            },
            {
              "origin": [
                -19.4,
                21.91981,
                -11.4732
              ],
              "size": [
                1,
                1,
                1
              ],
              "uv": [
                0,
                62
              ]
            },
            {
              "origin": [
                -19.4,
                21.91981,
                -12.4732
              ],
              "size": [
                1,
                1,
                1
              ],
              "uv": [
                56,
                60
              ]
            },
            {
              "origin": [
                -19.4,
                22.91981,
                -12.4732
              ],
              "size": [
                1,
                1,
                1
              ],
              "uv": [
                60,
                52
              ]
            },
            {
              "origin": [
                -19.4,
                23.91981,
                -12.4732
              ],
              "size": [
                1,
                1,
                1
              ],
              "uv": [
                52,
                60
              ]
            },
            {
              "origin": [
                -19.4,
                23.91981,
                -13.4732
              ],
              "size": [
                1,
                1,
                1
              ],
              "uv": [
                60,
                22
              ]
            },
            {
              "origin": [
                -19.4,
                22.91981,
                -13.4732
              ],
              "size": [
                1,
                1,
                1
              ],
              "uv": [
                60,
                10
              ]
            },
            {
              "origin": [
                -19.4,
                21.91981,
                -13.4732
              ],
              "size": [
                1,
                1,
                1
              ],
              "uv": [
                0,
                60
              ]
            },
            {
              "origin": [
                -19.4,
                14.91981,
                -3.4732
              ],
              "size": [
                1,
                1,
                1
              ],
              "uv": [
                59,
                46
              ]
            },
            {
              "origin": [
                -19.4,
                13.91981,
                -3.4732
              ],
              "size": [
                1,
                1,
                1
              ],
              "uv": [
                58,
                44
              ]
            },
            {
              "origin": [
                -19.4,
                13.91981,
                -4.4732
              ],
              "size": [
                1,
                1,
                1
              ],
              "uv": [
                44,
                58
              ]
            },
            {
              "origin": [
                -19.4,
                13.91981,
                -5.4732
              ],
              "size": [
                1,
                1,
                1
              ],
              "uv": [
                8,
                58
              ]
            },
            {
              "origin": [
                -19.4,
                12.91981,
                -4.4732
              ],
              "size": [
                1,
                1,
                1
              ],
              "uv": [
                4,
                58
              ]
            },
            {
              "origin": [
                -19.4,
                12.91981,
                -5.4732
              ],
              "size": [
                1,
                1,
                1
              ],
              "uv": [
                0,
                58
              ]
            },
            {
              "origin": [
                -19.4,
                12.91981,
                -6.4732
              ],
              "size": [
                1,
                1,
                1
              ],
              "uv": [
                44,
                56
              ]
            },
            {
              "origin": [
                -19.4,
                11.91981,
                -6.4732
              ],
              "size": [
                1,
                1,
                1
              ],
              "uv": [
                40,
                56
              ]
            },
            {
              "origin": [
                -19.4,
                11.91981,
                -7.4732
              ],
              "size": [
                1,
                1,
                1
              ],
              "uv": [
                28,
                56
              ]
            },
            {
              "origin": [
                -19.4,
                10.91981,
                -7.4732
              ],
              "size": [
                1,
                1,
                1
              ],
              "uv": [
                24,
                56
              ]
            },
            {
              "origin": [
                -19.4,
                10.91981,
                -6.4732
              ],
              "size": [
                1,
                1,
                1
              ],
              "uv": [
                56,
                22
              ]
            },
            {
              "origin": [
                -19.4,
                11.91981,
                -5.4732
              ],
              "size": [
                1,
                1,
                1
              ],
              "uv": [
                55,
                48
              ]
            },
            {
              "origin": [
                -19.4,
                11.91981,
                -4.4732
              ],
              "size": [
                1,
                1,
                1
              ],
              "uv": [
                55,
                46
              ]
            },
            {
              "origin": [
                -19.4,
                12.91981,
                -3.4732
              ],
              "size": [
                1,
                1,
                1
              ],
              "uv": [
                54,
                44
              ]
            }
          ],
          "name": "sword",
          "parent": "hand",
          "pivot": [
            -18.9,
            10.87647,
            0.11176
          ],
          "rotation": [
            17.5,
            0,
            0
          ]
        },
        {
          "cubes": [
            {
              "origin": [
                -9,
                18,
                -1
              ],
              "size": [
                4,
                6,
                4
              ],
              "uv": [
                56,
                0
              ]
            },
            {
              "inflate": -0.004,
              "origin": [
                -9,
                16,
                -1
              ],
              "size": [
                4,
                4,
                4
              ],
              "uv": [
                68,
                18
              ]
            }
          ],
          "name": "arml2",
          "parent": "body",
          "pivot": [
            -7,
            22.5,
            1
          ]
        },
        {
          "cubes": [
            {
              "origin": [
                -9,
                12,
                -1
              ],
              "size": [
                4,
                6,
                4
              ],
              "uv": [
                28,
                54
              ]
            }
          ],
          "name": "hand3",
          "parent": "arml2",
          "pivot": [
            -7,
            15,
            1
          ]
        },
        {
          "cubes": [
            {
              "mirror": false,
              "origin": [
                -16.9,
                6.06031,
                -0.65798
              ],
              "size": [
                4,
                6,
                4
              ],
              "uv": [
                0,
                60
              ]
            }
          ],
          "mirror": true,
          "name": "leftLeg",
          "parent": "steve1",
          "pivot": [
            -14.9,
            12,
            1
          ]
        },
        {
          "cubes": [
            {
              "inflate": -0.005,
              "origin": [
                -16.9,
                4.06031,
                -0.65798
              ],
              "size": [
                4,
                4,
                4
              ],
              "uv": [
                68,
                6
              ]
            },
            {
              "origin": [
                -16.9,
                0.06031,
                -0.65798
              ],
              "size": [
                4,
                6,
                4
              ],
              "uv": [
                12,
                54
              ]
            }
          ],
          "name": "leftshin",
          "parent": "leftLeg",
          "pivot": [
            -14.9,
            4.56031,
            1.34202
          ]
        },
        {
          "cubes": [
            {
              "mirror": false,
              "origin": [
                -13.1,
                6,
                -1
              ],
              "size": [
                4,
                6,
                4
              ],
              "uv": [
                52,
                34
              ]
            }
          ],
          "mirror": true,
          "name": "rightLeg",
          "parent": "steve1",
          "pivot": [
            -11.1,
            12,
            1
          ]
        },
        {
          "cubes": [
            {
              "inflate": -0.005,
              "origin": [
                -13.1,
                4,
                -1
              ],
              "size": [
                4,
                4,
                4
              ],
              "uv": [
                64,
                52
              ]
            },
            {
              "origin": [
                -13.1,
                0,
                -1
              ],
              "size": [
                4,
                6,
                4
              ],
              "uv": [
                52,
                24
              ]
            }
          ],
          "name": "rightshin",
          "parent": "rightLeg",
          "pivot": [
            -11.1,
            4.5,
            1
          ]
        },
        {
          "name": "steve2",
          "pivot": [
            17,
            20,
            0
          ],
          "rotation": [
            0,
            -90,
            0
          ]
        },
        {
          "cubes": [
            {
              "mirror": false,
              "origin": [
                13,
                11.84808,
                -3
              ],
              "size": [
                8,
                12,
                4
              ],
              "uv": [
                28,
                28
              ]
            }
          ],
          "mirror": true,
          "name": "body2",
          "parent": "steve2",
          "pivot": [
            17,
            12.92404,
            -1.86824
          ]
        },
        {
          "cubes": [
            {
              "mirror": false,
              "origin": [
                13,
                23.84808,
                -5
              ],
              "size": [
                8,
                8,
                8
              ],
              "uv": [
                0,
                0
              ]
            }
          ],
          "mirror": true,
          "name": "head2",
          "parent": "body2",
          "pivot": [
            17,
            23.84808,
            -1
          ]
        },
        {
          "cubes": [
            {
              "origin": [
                21,
                17.84808,
                -3
              ],
              "size": [
                4,
                6,
                4
              ],
              "uv": [
                48,
                50
              ]
            },
            {
              "inflate": -0.004,
              "origin": [
                21,
                15.84808,
                -3
              ],
              "size": [
                4,
                4,
                4
              ],
              "uv": [
                64,
                30
              ]
            }
          ],
          "name": "arml3",
          "parent": "body2",
          "pivot": [
            22,
            21.34808,
            -1
          ]
        },
        {
          "cubes": [
            {
              "origin": [
                21,
                11.84808,
                -3
              ],
              "size": [
                4,
                6,
                4
              ],
              "uv": [
                0,
                48
              ]
            }
          ],
          "name": "hand2",
          "parent": "arml3",
          "pivot": [
            23,
            14.84808,
            -1
          ]
        },
        {
          "cubes": [
            {
              "origin": [
                22.4,
                8.76789,
                -2.5268
              ],
              "size": [
                1,
                1,
                1
              ],
              "uv": [
                44,
                54
              ]
            },
            {
              "origin": [
                22.4,
                9.76789,
                -2.5268
              ],
              "size": [
                1,
                1,
                1
              ],
              "uv": [
                40,
                54
              ]
            },
            {
              "origin": [
                22.4,
                10.76789,
                -2.5268
              ],
              "size": [
                1,
                1,
                1
              ],
              "uv": [
                28,
                54
              ]
            },
            {
              "origin": [
                22.4,
                10.76789,
                -1.5268
              ],
              "size": [
                1,
                1,
                1
              ],
              "uv": [
                24,
                54
              ]
            },
            {
              "origin": [
                22.4,
                10.76789,
                -0.5268
              ],
              "size": [
                1,
                1,
                1
              ],
              "uv": [
                54,
                0
              ]
            },
            {
              "origin": [
                22.4,
                9.76789,
                -0.5268
              ],
              "size": [
                1,
                1,
                1
              ],
              "uv": [
                52,
                47
              ]
            },
            {
              "origin": [
                22.4,
                8.76789,
                -0.5268
              ],
              "size": [
                1,
                1,
                1
              ],
              "uv": [
                52,
                36
              ]
            },
            {
              "origin": [
                22.4,
                8.76789,
                -1.5268
              ],
              "size": [
                1,
                1,
                1
              ],
              "uv": [
                52,
                34
              ]
            },
            {
              "origin": [
                22.4,
                9.76789,
                -1.5268
              ],
              "size": [
                1,
                1,
                1
              ],
              "uv": [
                52,
                20
              ]
            },
            {
              "origin": [
                22.4,
                11.76789,
                -0.5268
              ],
              "size": [
                1,
                1,
                1
              ],
              "uv": [
                52,
                18
              ]
            },
            {
              "origin": [
                22.4,
                11.76789,
                0.4732
              ],
              "size": [
                1,
                1,
                1
              ],
              "uv": [
                52,
                16
              ]
            },
            {
              "origin": [
                22.4,
                10.76789,
                0.4732
              ],
              "size": [
                1,
                1,
                1
              ],
              "uv": [
                16,
                52
              ]
            },
            {
              "origin": [
                22.4,
                12.76789,
                0.4732
              ],
              "size": [
                1,
                1,
                1
              ],
              "uv": [
                51,
                45
              ]
            },
            {
              "origin": [
                22.4,
                12.76789,
                1.4732
              ],
              "size": [
                1,
                1,
                1
              ],
              "uv": [
                51,
                4
              ]
            },
            {
              "origin": [
                22.4,
                11.76789,
                1.4732
              ],
              "size": [
                1,
                1,
                1
              ],
              "uv": [
                51,
                2
              ]
            },
            {
              "origin": [
                22.4,
                13.76789,
                1.4732
              ],
              "size": [
                1,
                1,
                1
              ],
              "uv": [
                16,
                50
              ]
            },
            {
              "origin": [
                22.4,
                14.76789,
                0.4732
              ],
              "size": [
                1,
                1,
                1
              ],
              "uv": [
                12,
                50
              ]
            },
            {
              "origin": [
                22.4,
                15.76789,
                0.4732
              ],
              "size": [
                1,
                1,
                1
              ],
              "uv": [
                50,
                0
              ]
            },
            {
              "origin": [
                22.4,
                16.76789,
                -0.5268
              ],
              "size": [
                1,
                1,
                1
              ],
              "uv": [
                0,
                50
              ]
            },
            {
              "origin": [
                22.4,
                17.76789,
                -0.5268
              ],
              "size": [
                1,
                1,
                1
              ],
              "uv": [
                48,
                46
              ]
            },
            {
              "origin": [
                22.4,
                17.76789,
                0.4732
              ],
              "size": [
                1,
                1,
                1
              ],
              "uv": [
                48,
                44
              ]
            },
            {
              "origin": [
                22.4,
                16.76789,
                0.4732
              ],
              "size": [
                1,
                1,
                1
              ],
              "uv": [
                48,
                30
              ]
            },
            {
              "origin": [
                22.4,
                16.76789,
                1.4732
              ],
              "size": [
                1,
                1,
                1
              ],
              "uv": [
                48,
                28
              ]
            },
            {
              "origin": [
                22.4,
                15.76789,
                1.4732
              ],
              "size": [
                1,
                1,
                1
              ],
              "uv": [
                48,
                16
              ]
            },
            {
              "origin": [
                22.4,
                14.76789,
                1.4732
              ],
              "size": [
                1,
                1,
                1
              ],
              "uv": [
                16,
                48
              ]
            },
            {
              "origin": [
                22.4,
                15.76789,
                2.4732
              ],
              "size": [
                1,
                1,
                1
              ],
              "uv": [
                12,
                48
              ]
            },
            {
              "origin": [
                22.4,
                16.76789,
                3.4732
              ],
              "size": [
                1,
                1,
                1
              ],
              "uv": [
                48,
                3
              ]
            },
            {
              "origin": [
                22.4,
                17.76789,
                4.4732
              ],
              "size": [
                1,
                1,
                1
              ],
              "uv": [
                0,
                48
              ]
            },
            {
              "origin": [
                22.4,
                18.76789,
                5.4732
              ],
              "size": [
                1,
                1,
                1
              ],
              "uv": [
                47,
                1
              ]
            },
            {
              "origin": [
                22.4,
                19.76789,
                6.4732
              ],
              "size": [
                1,
                1,
                1
              ],
              "uv": [
                36,
                46
              ]
            },
            {
              "origin": [
                22.4,
                20.76789,
                7.4732
              ],
              "size": [
                1,
                1,
                1
              ],
              "uv": [
                32,
                46
              ]
            },
            {
              "origin": [
                22.4,
                21.76789,
                8.4732
              ],
              "size": [
                1,
                1,
                1
              ],
              "uv": [
                36,
                44
              ]
            },
            {
              "origin": [
                22.4,
                22.76789,
                9.4732
              ],
              "size": [
                1,
                1,
                1
              ],
              "uv": [
                32,
                44
              ]
            },
            {
              "origin": [
                22.4,
                15.76789,
                3.4732
              ],
              "size": [
                1,
                1,
                1
              ],
              "uv": [
                44,
                16
              ]
            },
            {
              "origin": [
                22.4,
                16.76789,
                4.4732
              ],
              "size": [
                1,
                1,
                1
              ],
              "uv": [
                44,
                2
              ]
            },
            {
              "origin": [
                22.4,
                17.76789,
                5.4732
              ],
              "size": [
                1,
                1,
                1
              ],
              "uv": [
                44,
                0
              ]
            },
            {
              "origin": [
                22.4,
                18.76789,
                6.4732
              ],
              "size": [
                1,
                1,
                1
              ],
              "uv": [
                24,
                42
              ]
            },
            {
              "origin": [
                22.4,
                19.76789,
                7.4732
              ],
              "size": [
                1,
                1,
                1
              ],
              "uv": [
                24,
                40
              ]
            },
            {
              "origin": [
                22.4,
                20.76789,
                8.4732
              ],
              "size": [
                1,
                1,
                1
              ],
              "uv": [
                40,
                14
              ]
            },
            {
              "origin": [
                22.4,
                21.76789,
                9.4732
              ],
              "size": [
                1,
                1,
                1
              ],
              "uv": [
                40,
                12
              ]
            },
            {
              "origin": [
                22.4,
                14.76789,
                3.4732
              ],
              "size": [
                1,
                1,
                1
              ],
              "uv": [
                40,
                10
              ]
            },
            {
              "origin": [
                22.4,
                15.76789,
                4.4732
              ],
              "size": [
                1,
                1,
                1
              ],
              "uv": [
                24,
                38
              ]
            },
            {
              "origin": [
                22.4,
                16.76789,
                5.4732
              ],
              "size": [
                1,
                1,
                1
              ],
              "uv": [
                24,
                36
              ]
            },
            {
              "origin": [
                22.4,
                17.76789,
                6.4732
              ],
              "size": [
                1,
                1,
                1
              ],
              "uv": [
                36,
                10
              ]
            },
            {
              "origin": [
                22.4,
                18.76789,
                7.4732
              ],
              "size": [
                1,
                1,
                1
              ],
              "uv": [
                35,
                25
              ]
            },
            {
              "origin": [
                22.4,
                19.76789,
                8.4732
              ],
              "size": [
                1,
                1,
                1
              ],
              "uv": [
                35,
                23
              ]
            },
            {
              "origin": [
                22.4,
                20.76789,
                9.4732
              ],
              "size": [
                1,
                1,
                1
              ],
              "uv": [
                24,
                34
              ]
            },
            {
              "origin": [
                22.4,
                14.76789,
                4.4732
              ],
              "size": [
                1,
                1,
                1
              ],
              "uv": [
                20,
                34
              ]
            },
            {
              "origin": [
                22.4,
                15.76789,
                5.4732
              ],
              "size": [
                1,
                1,
                1
              ],
              "uv": [
                0,
                34
              ]
            },
            {
              "origin": [
                22.4,
                16.76789,
                6.4732
              ],
              "size": [
                1,
                1,
                1
              ],
              "uv": [
                32,
                26
              ]
            },
            {
              "origin": [
                22.4,
                17.76789,
                7.4732
              ],
              "size": [
                1,
                1,
                1
              ],
              "uv": [
                32,
                24
              ]
            },
            {
              "origin": [
                22.4,
                18.76789,
                8.4732
              ],
              "size": [
                1,
                1,
                1
              ],
              "uv": [
                24,
                32
              ]
            },
            {
              "origin": [
                22.4,
                19.76789,
                9.4732
              ],
              "size": [
                1,
                1,
                1
              ],
              "uv": [
                32,
                22
              ]
            },
            {
              "origin": [
                22.4,
                20.76789,
                10.4732
              ],
              "size": [
                1,
                1,
                1
              ],
              "uv": [
                20,
                32
              ]
            },
            {
              "origin": [
                22.4,
                14.76789,
                5.4732
              ],
              "size": [
                1,
                1,
                1
              ],
              "uv": [
                32,
                10
              ]
            },
            {
              "origin": [
                22.4,
                15.76789,
                6.4732
              ],
              "size": [
                1,
                1,
                1
              ],
              "uv": [
                0,
                32
              ]
            },
            {
              "origin": [
                22.4,
                17.76789,
                8.4732
              ],
              "size": [
                1,
                1,
                1
              ],
              "uv": [
                30,
                2
              ]
            },
            {
              "origin": [
                22.4,
                16.76789,
                7.4732
              ],
              "size": [
                1,
                1,
                1
              ],
              "uv": [
                30,
                0
              ]
            },
            {
              "origin": [
                22.4,
                18.76789,
                9.4732
              ],
              "size": [
                1,
                1,
                1
              ],
              "uv": [
                28,
                22
              ]
            },
            {
              "origin": [
                22.4,
                19.76789,
                10.4732
              ],
              "size": [
                1,
                1,
                1
              ],
              "uv": [
                27,
                5
              ]
            },
            {
              "origin": [
                22.4,
                20.76789,
                11.4732
              ],
              "size": [
                1,
                1,
                1
              ],
              "uv": [
                27,
                3
              ]
            },
            {
              "origin": [
                22.4,
                23.76789,
                10.4732
              ],
              "size": [
                1,
                1,
                1
              ],
              "uv": [
                27,
                1
              ]
            },
            {
              "origin": [
                22.4,
                22.76789,
                10.4732
              ],
              "size": [
                1,
                1,
                1
              ],
              "uv": [
                24,
                22
              ]
            },
            {
              "origin": [
                22.4,
                21.76789,
                10.4732
              ],
              "size": [
                1,
                1,
                1
              ],
              "uv": [
                24,
                20
              ]
            },
            {
              "origin": [
                22.4,
                21.76789,
                11.4732
              ],
              "size": [
                1,
                1,
                1
              ],
              "uv": [
                24,
                18
              ]
            },
            {
              "origin": [
                22.4,
                22.76789,
                11.4732
              ],
              "size": [
                1,
                1,
                1
              ],
              "uv": [
                24,
                16
              ]
            },
            {
              "origin": [
                22.4,
                23.76789,
                11.4732
              ],
              "size": [
                1,
                1,
                1
              ],
              "uv": [
                24,
                6
              ]
            },
            {
              "origin": [
                22.4,
                23.76789,
                12.4732
              ],
              "size": [
                1,
                1,
                1
              ],
              "uv": [
                24,
                4
              ]
            },
            {
              "origin": [
                22.4,
                22.76789,
                12.4732
              ],
              "size": [
                1,
                1,
                1
              ],
              "uv": [
                24,
                2
              ]
            },
            {
              "origin": [
                22.4,
                21.76789,
                12.4732
              ],
              "size": [
                1,
                1,
                1
              ],
              "uv": [
                24,
                0
              ]
            },
            {
              "origin": [
                22.4,
                14.76789,
                2.4732
              ],
              "size": [
                1,
                1,
                1
              ],
              "uv": [
                4,
                22
              ]
            },
            {
              "origin": [
                22.4,
                13.76789,
                2.4732
              ],
              "size": [
                1,
                1,
                1
              ],
              "uv": [
                0,
                22
              ]
            },
            {
              "origin": [
                22.4,
                13.76789,
                3.4732
              ],
              "size": [
                1,
                1,
                1
              ],
              "uv": [
                4,
                20
              ]
            },
            {
              "origin": [
                22.4,
                13.76789,
                4.4732
              ],
              "size": [
                1,
                1,
                1
              ],
              "uv": [
                0,
                20
              ]
            },
            {
              "origin": [
                22.4,
                12.76789,
                3.4732
              ],
              "size": [
                1,
                1,
                1
              ],
              "uv": [
                4,
                18
              ]
            },
            {
              "origin": [
                22.4,
                12.76789,
                4.4732
              ],
              "size": [
                1,
                1,
                1
              ],
              "uv": [
                0,
                18
              ]
            },
            {
              "origin": [
                22.4,
                12.76789,
                5.4732
              ],
              "size": [
                1,
                1,
                1
              ],
              "uv": [
                4,
                16
              ]
            },
            {
              "origin": [
                22.4,
                11.76789,
                5.4732
              ],
              "size": [
                1,
                1,
                1
              ],
              "uv": [
                0,
                16
              ]
            },
            {
              "origin": [
                22.4,
                11.76789,
                6.4732
              ],
              "size": [
                1,
                1,
                1
              ],
              "uv": [
                0,
                6
              ]
            },
            {
              "origin": [
                22.4,
                10.76789,
                6.4732
              ],
              "size": [
                1,
                1,
                1
              ],
              "uv": [
                3,
                5
              ]
            },
            {
              "origin": [
                22.4,
                10.76789,
                5.4732
              ],
              "size": [
                1,
                1,
                1
              ],
              "uv": [
                0,
                4
              ]
            },
            {
              "origin": [
                22.4,
                11.76789,
                4.4732
              ],
              "size": [
                1,
                1,
                1
              ],
              "uv": [
                3,
                3
              ]
            },
            {
              "origin": [
                22.4,
                11.76789,
                3.4732
              ],
              "size": [
                1,
                1,
                1
              ],
              "uv": [
                3,
                1
              ]
            },
            {
              "origin": [
                22.4,
                12.76789,
                2.4732
              ],
              "size": [
                1,
                1,
                1
              ],
              "uv": [
                0,
                0
              ]
            }
          ],
          "name": "sword2",
          "parent": "hand2",
          "pivot": [
            22.9,
            10.72455,
            -0.11176
          ],
          "rotation": [
            -17.5,
            0,
            0
          ]
        },
        {
          "cubes": [
            {
              "origin": [
                9,
                17.84808,
                -3
              ],
              "size": [
                4,
                6,
                4
              ],
              "uv": [
                36,
                44
              ]
            },
            {
              "inflate": -0.004,
              "origin": [
                9,
                15.84808,
                -3
              ],
              "size": [
                4,
                4,
                4
              ],
              "uv": [
                16,
                64
              ]
            }
          ],
          "name": "arml4",
          "parent": "body2",
          "pivot": [
            11,
            22.34808,
            -1
          ]
        },
        {
          "cubes": [
            {
              "origin": [
                9,
                11.84808,
                -3
              ],
              "size": [
                4,
                6,
                4
              ],
              "uv": [
                20,
                44
              ]
            }
          ],
          "name": "hand4",
          "parent": "arml4",
          "pivot": [
            11,
            14.84808,
            -1
          ]
        },
        {
          "cubes": [
            {
              "mirror": false,
              "origin": [
                16.9,
                6.0019,
                -2.91276
              ],
              "size": [
                4,
                6,
                4
              ],
              "uv": [
                44,
                6
              ]
            }
          ],
          "mirror": true,
          "name": "leftLeg2",
          "parent": "steve2",
          "pivot": [
            18.9,
            11,
            -1
          ]
        },
        {
          "cubes": [
            {
              "inflate": -0.005,
              "origin": [
                16.9,
                4.0019,
                -2.91276
              ],
              "size": [
                4,
                4,
                4
              ],
              "uv": [
                56,
                60
              ]
            },
            {
              "origin": [
                16.9,
                0.0019,
                -2.91276
              ],
              "size": [
                4,
                6,
                4
              ],
              "uv": [
                40,
                18
              ]
            }
          ],
          "name": "leftshin2",
          "parent": "leftLeg2",
          "pivot": [
            18.9,
            4.5019,
            -0.91276
          ]
        },
        {
          "cubes": [
            {
              "mirror": false,
              "origin": [
                13.1,
                6,
                -3
              ],
              "size": [
                4,
                6,
                4
              ],
              "uv": [
                32,
                0
              ]
            }
          ],
          "mirror": true,
          "name": "rightLeg2",
          "parent": "steve2",
          "pivot": [
            15.1,
            12,
            -1
          ]
        },
        {
          "cubes": [
            {
              "inflate": -0.005,
              "origin": [
                13.1,
                4,
                -3
              ],
              "size": [
                4,
                4,
                4
              ],
              "uv": [
                60,
                44
              ]
            },
            {
              "origin": [
                13.1,
                0,
                -3
              ],
              "size": [
                4,
                6,
                4
              ],
              "uv": [
                28,
                12
              ]
            }
          ],
          "name": "rightshin2",
          "parent": "rightLeg2",
          "pivot": [
            15.1,
            4.5,
            -1
          ]
        }
      ],
      "description": {
        "identifier": "geometry.battles",
        "texture_height": 128,
        "texture_width": 128,
        "visible_bounds_height": 3.5,
        "visible_bounds_offset": [
          0,
          1.25,
          0
        ],
        "visible_bounds_width": 4
      }
    }
  ]
}