{
  "format_version": "1.12.0",
  "minecraft:geometry": [
    {
      "bones": [
        {
          "cubes": [
            {
              "origin": [
                -2,
                0,
                -2
              ],
              "size": [
                4,
                1,
                4
              ],
              "uv": [
                24,
                25
              ]
            },
            {
              "origin": [
                -6,
                7,
                -6
              ],
              "size": [
                12,
                2,
                12
              ],
              "uv": [
                0,
                0
              ]
            },
            {
              "origin": [
                -1,
                1,
                -1
              ],
              "size": [
                2,
                6,
                2
              ],
              "uv": [
                0,
                0
              ]
            }
          ],
          "name": "table",
          "pivot": [
            0,
            0,
            0
          ]
        },
        {
          "cubes": [
            {
              "origin": [
                -5,
                9,
                -5
              ],
              "size": [
                10,
                1,
                10
              ],
              "uv": [
                0,
                14
              ]
            },
            {
              "origin": [
                -4,
                10,
                -4
              ],
              "size": [
                8,
                3,
                8
              ],
              "uv": [
                24,
                30
              ]
            },
            {
              "origin": [
                -3,
                13,
                1
              ],
              "size": [
                1,
                4,
                1
              ],
              "uv": [
                0,
                14
              ]
            },
            {
              "origin": [
                1,
                13,
                0
              ],
              "size": [
                1,
                4,
                1
              ],
              "uv": [
                8,
                0
              ]
            },
            {
              "origin": [
                -1,
                13,
                -2
              ],
              "size": [
                1,
                4,
                1
              ],
              "uv": [
                7,
                7
              ]
            }
          ],
          "name": "cake",
          "pivot": [
            0,
            3,
            0
          ]
        },
        {
          "cubes": [
            {
              "origin": [
                -3,
                -10,
                -3
              ],
              "size": [
                6,
                7,
                6
              ],
              "uv": [
                0,
                38
              ]
            },
            {
              "origin": [
                -4,
                -9,
                -4
              ],
              "size": [
                8,
                5,
                8
              ],
              "uv": [
                0,
                25
              ]
            }
          ],
          "name": "rock",
          "pivot": [
            0,
            0,
            0
          ]
        }
      ],
      "description": {
        "identifier": "geometry.gadget.cake",
        "texture_height": 64,
        "texture_width": 64,
        "visible_bounds_height": 3,
        "visible_bounds_offset": [
          0,
          0.5,
          0
        ],
        "visible_bounds_width": 2
      }
    }
  ]
}