{
  "format_version": "1.12.0",
  "minecraft:geometry": [
    {
      "bones": [
        {
          "cubes": [
            {
              "origin": [
                -12.3,
                8.32543,
                -2.9595
              ],
              "pivot": [
                -0.8,
                11.82543,
                0.5405
              ],
              "rotation": [
                12.5,
                0,
                0
              ],
              "size": [
                23,
                7,
                8
              ],
              "uv": [
                0,
                0
              ]
            },
            {
              "origin": [
                7.2,
                15.32543,
                2.0405
              ],
              "pivot": [
                -0.8,
                11.82543,
                0.5405
              ],
              "rotation": [
                12.5,
                0,
                0
              ],
              "size": [
                1,
                1,
                1
              ],
              "uv": [
                0,
                4
              ]
            },
            {
              "origin": [
                7.2,
                15.32543,
                -0.9595
              ],
              "pivot": [
                -0.8,
                11.82543,
                0.5405
              ],
              "rotation": [
                12.5,
                0,
                0
              ],
              "size": [
                1,
                1,
                1
              ],
              "uv": [
                3,
                1
              ]
            },
            {
              "origin": [
                5.7,
                15.32543,
                0.5405
              ],
              "pivot": [
                -0.8,
                11.82543,
                0.5405
              ],
              "rotation": [
                12.5,
                0,
                0
              ],
              "size": [
                1,
                1,
                1
              ],
              "uv": [
                3,
                3
              ]
            },
            {
              "origin": [
                8.7,
                15.32543,
                0.5405
              ],
              "pivot": [
                -0.8,
                11.82543,
                0.5405
              ],
              "rotation": [
                12.5,
                0,
                0
              ],
              "size": [
                1,
                1,
                1
              ],
              "uv": [
                0,
                2
              ]
            },
            {
              "origin": [
                -9.8,
                15.32543,
                0.4405
              ],
              "pivot": [
                -0.8,
                11.82543,
                0.5405
              ],
              "rotation": [
                12.5,
                0,
                0
              ],
              "size": [
                1,
                1,
                4
              ],
              "uv": [
                0,
                15
              ]
            },
            {
              "origin": [
                -5.8,
                15.32543,
                -2.5595
              ],
              "pivot": [
                -0.8,
                11.82543,
                0.5405
              ],
              "rotation": [
                12.5,
                0,
                0
              ],
              "size": [
                3,
                1,
                3
              ],
              "uv": [
                9,
                42
              ]
            },
            {
              "origin": [
                -5.8,
                17.32543,
                -2.5595
              ],
              "pivot": [
                -0.8,
                11.82543,
                0.5405
              ],
              "rotation": [
                12.5,
                0,
                0
              ],
              "size": [
                3,
                1,
                3
              ],
              "uv": [
                0,
                41
              ]
            },
            {
              "origin": [
                -4.8,
                16.32543,
                -1.5595
              ],
              "pivot": [
                -0.8,
                11.82543,
                0.5405
              ],
              "rotation": [
                12.5,
                0,
                0
              ],
              "size": [
                1,
                1,
                1
              ],
              "uv": [
                0,
                0
              ]
            },
            {
              "inflate": 0.001,
              "origin": [
                -11.3,
                15.32543,
                1.9405
              ],
              "pivot": [
                -0.8,
                11.82543,
                0.5405
              ],
              "rotation": [
                12.5,
                0,
                0
              ],
              "size": [
                4,
                1,
                1
              ],
              "uv": [
                0,
                20
              ]
            },
            {
              "origin": [
                -4.3,
                11.22543,
                -7.0595
              ],
              "pivot": [
                -0.8,
                11.82543,
                0.5405
              ],
              "rotation": [
                30,
                0,
                0
              ],
              "size": [
                7,
                4,
                5
              ],
              "uv": [
                0,
                32
              ]
            },
            {
              "origin": [
                0.61225,
                10,
                3.53881
              ],
              "pivot": [
                5.61225,
                12.5,
                4.53881
              ],
              "rotation": [
                0,
                -7.5,
                0
              ],
              "size": [
                9,
                5,
                2
              ],
              "uv": [
                22,
                39
              ]
            },
            {
              "origin": [
                -11.21225,
                10,
                3.53881
              ],
              "pivot": [
                -7.21225,
                12.5,
                4.53881
              ],
              "rotation": [
                0,
                7.5,
                0
              ],
              "size": [
                9,
                5,
                2
              ],
              "uv": [
                24,
                15
              ]
            },
            {
              "inflate": 0.001,
              "origin": [
                3.7,
                10.23213,
                -12.08618
              ],
              "pivot": [
                7.2,
                13.73213,
                0.91382
              ],
              "rotation": [
                40,
                0,
                0
              ],
              "size": [
                7,
                7,
                10
              ],
              "uv": [
                24,
                22
              ]
            },
            {
              "inflate": 0.001,
              "origin": [
                -12.3,
                10.23213,
                -12.08618
              ],
              "pivot": [
                7.2,
                13.73213,
                0.91382
              ],
              "rotation": [
                40,
                0,
                0
              ],
              "size": [
                7,
                7,
                10
              ],
              "uv": [
                0,
                15
              ]
            }
          ],
          "name": "Controller",
          "pivot": [
            -0.36667,
            13.9548,
            -0.50866
          ]
        }
      ],
      "description": {
        "identifier": "geometry.controller",
        "texture_height": 64,
        "texture_width": 64,
        "visible_bounds_height": 2.5,
        "visible_bounds_offset": [
          0,
          0.75,
          0
        ],
        "visible_bounds_width": 3
      }
    }
  ]
}