{
  "format_version": "1.12.0",
  "minecraft:geometry": [
    {
      "bones": [
        {
          "cubes": [
            {
              "origin": [
                -1.11421,
                4.28166,
                -1
              ],
              "size": [
                3,
                2,
                2
              ],
              "uv": [
                8,
                24
              ]
            },
            {
              "inflate": 0.001,
              "origin": [
                -5.81162,
                7.72279,
                -1
              ],
              "size": [
                2.5,
                3,
                2
              ],
              "uv": [
                16,
                26
              ]
            },
            {
              "inflate": 0.001,
              "origin": [
                3.57613,
                14.65383,
                -1
              ],
              "size": [
                2.5,
                3,
                2
              ],
              "uv": [
                0,
                26
              ]
            },
            {
              "inflate": -0.003,
              "origin": [
                0.95552,
                2.83787,
                -1
              ],
              "size": [
                1,
                20,
                2
              ],
              "uv": [
                6,
                0
              ]
            },
            {
              "inflate": -0.003,
              "origin": [
                -1.04448,
                2.83787,
                -1
              ],
              "size": [
                1,
                20,
                2
              ],
              "uv": [
                0,
                0
              ]
            },
            {
              "origin": [
                -1.94766,
                11.08318,
                -1
              ],
              "pivot": [
                0.55234,
                8.58318,
                0
              ],
              "rotation": [
                0,
                0,
                30
              ],
              "size": [
                4,
                2,
                2
              ],
              "uv": [
                12,
                0
              ]
            },
            {
              "origin": [
                -1.11421,
                4.28166,
                -1
              ],
              "pivot": [
                0.38579,
                8.78166,
                0
              ],
              "rotation": [
                0,
                0,
                37.5
              ],
              "size": [
                3,
                2,
                2
              ],
              "uv": [
                18,
                22
              ]
            },
            {
              "origin": [
                0.5261,
                13.05434,
                -1
              ],
              "pivot": [
                0.0261,
                18.25434,
                0
              ],
              "rotation": [
                0,
                0,
                37.5
              ],
              "size": [
                3,
                2,
                2
              ],
              "uv": [
                12,
                12
              ]
            },
            {
              "origin": [
                2.2426,
                13.25561,
                -1
              ],
              "pivot": [
                1.7426,
                20.45561,
                0
              ],
              "rotation": [
                0,
                0,
                60
              ],
              "size": [
                3,
                2,
                2
              ],
              "uv": [
                12,
                8
              ]
            },
            {
              "origin": [
                -1,
                19,
                -1
              ],
              "pivot": [
                0.5,
                16.5,
                0
              ],
              "rotation": [
                0,
                0,
                -35
              ],
              "size": [
                3,
                2,
                2
              ],
              "uv": [
                0,
                22
              ]
            },
            {
              "origin": [
                -1.11421,
                4.28166,
                -1
              ],
              "pivot": [
                0.38579,
                8.78166,
                0
              ],
              "rotation": [
                0,
                0,
                -35
              ],
              "size": [
                3,
                2,
                2
              ],
              "uv": [
                22,
                2
              ]
            },
            {
              "origin": [
                -1,
                19,
                -1
              ],
              "pivot": [
                0.5,
                16.5,
                0
              ],
              "rotation": [
                0,
                0,
                -72.5
              ],
              "size": [
                3.0494,
                2,
                2
              ],
              "uv": [
                20,
                10
              ]
            },
            {
              "origin": [
                -1.16361,
                4.29843,
                -1
              ],
              "pivot": [
                0.38579,
                8.78166,
                0
              ],
              "rotation": [
                0,
                0,
                -72.5
              ],
              "size": [
                3.09879,
                1.98323,
                2
              ],
              "uv": [
                20,
                18
              ]
            },
            {
              "origin": [
                -1.11421,
                4.28166,
                -1
              ],
              "pivot": [
                0.38579,
                8.78166,
                0
              ],
              "rotation": [
                0,
                0,
                -110
              ],
              "size": [
                3,
                2,
                2
              ],
              "uv": [
                20,
                14
              ]
            },
            {
              "origin": [
                -1,
                19,
                -1
              ],
              "size": [
                3,
                2,
                2
              ],
              "uv": [
                12,
                16
              ]
            },
            {
              "origin": [
                -0.78613,
                11.70832,
                -1
              ],
              "pivot": [
                0.71387,
                16.20832,
                0
              ],
              "rotation": [
                0,
                0,
                -110
              ],
              "size": [
                3,
                2,
                2
              ],
              "uv": [
                20,
                6
              ]
            },
            {
              "origin": [
                -1,
                19,
                -1
              ],
              "pivot": [
                0.5,
                16.5,
                0
              ],
              "rotation": [
                0,
                0,
                37.5
              ],
              "size": [
                3,
                2,
                2
              ],
              "uv": [
                10,
                20
              ]
            },
            {
              "origin": [
                3.2996,
                2.17375,
                -1
              ],
              "pivot": [
                4.7996,
                12.67375,
                0
              ],
              "rotation": [
                0,
                0,
                60
              ],
              "size": [
                3,
                2,
                2
              ],
              "uv": [
                12,
                4
              ]
            }
          ],
          "name": "money",
          "pivot": [
            0.4037,
            12.70586,
            0
          ]
        }
      ],
      "description": {
        "identifier": "geometry.dollarsign",
        "texture_height": 32,
        "texture_width": 32,
        "visible_bounds_height": 3.5,
        "visible_bounds_offset": [
          0,
          1.25,
          0
        ],
        "visible_bounds_width": 2
      }
    }
  ]
}