{
  "format_version": "1.12.0",
  "minecraft:geometry": [
    {
      "bones": [
        {
          "cubes": [
            {
              "origin": [
                -8,
                5,
                -8
              ],
              "size": [
                16,
                16,
                16
              ],
              "uv": [
                0,
                0
              ]
            },
            {
              "origin": [
                -6,
                7,
                -6
              ],
              "size": [
                12,
                12,
                16
              ],
              "uv": [
                0,
                32
              ]
            },
            {
              "origin": [
                -6,
                7,
                -10
              ],
              "size": [
                12,
                12,
                16
              ],
              "uv": [
                2,
                33
              ]
            },
            {
              "origin": [
                -10,
                7,
                -6
              ],
              "size": [
                12,
                12,
                12
              ],
              "uv": [
                7,
                36
              ]
            },
            {
              "mirror": true,
              "origin": [
                -2,
                7,
                -6
              ],
              "pivot": [
                4,
                13,
                0
              ],
              "rotation": [
                0,
                180,
                0
              ],
              "size": [
                12,
                12,
                12
              ],
              "uv": [
                4,
                4
              ]
            },
            {
              "origin": [
                -6,
                11,
                -6
              ],
              "size": [
                12,
                12,
                12
              ],
              "uv": [
                5,
                4
              ]
            },
            {
              "origin": [
                -6,
                3,
                -6
              ],
              "size": [
                12,
                12,
                12
              ],
              "uv": [
                16,
                40
              ]
            },
            {
              "origin": [
                -9,
                5,
                -8
              ],
              "size": [
                16,
                16,
                16
              ],
              "uv": [
                0,
                0
              ]
            },
            {
              "origin": [
                -8,
                5,
                -7
              ],
              "size": [
                16,
                16,
                16
              ],
              "uv": [
                0,
                0
              ]
            },
            {
              "origin": [
                -7,
                5,
                -8
              ],
              "size": [
                16,
                16,
                16
              ],
              "uv": [
                0,
                0
              ]
            },
            {
              "origin": [
                -8,
                6,
                -8
              ],
              "size": [
                16,
                16,
                16
              ],
              "uv": [
                0,
                0
              ]
            },
            {
              "origin": [
                -8,
                5,
                -9
              ],
              "size": [
                16,
                16,
                16
              ],
              "uv": [
                0,
                0
              ]
            },
            {
              "origin": [
                -8,
                4,
                -8
              ],
              "size": [
                16,
                16,
                16
              ],
              "uv": [
                0,
                0
              ]
            }
          ],
          "name": "EARTH",
          "pivot": [
            0,
            13,
            0
          ]
        },
        {
          "name": "clouds",
          "parent": "EARTH",
          "pivot": [
            -9.5,
            32,
            10
          ]
        },
        {
          "cubes": [
            {
              "origin": [
                -2,
                15,
                11
              ],
              "size": [
                7,
                2,
                0
              ],
              "uv": {
                "down": {
                  "uv": [
                    7,
                    0
                  ],
                  "uv_size": [
                    -7,
                    0
                  ]
                },
                "east": {
                  "uv": [
                    0,
                    0
                  ],
                  "uv_size": [
                    0,
                    2
                  ]
                },
                "north": {
                  "uv": [
                    0,
                    0
                  ],
                  "uv_size": [
                    7,
                    2
                  ]
                },
                "south": {
                  "uv": [
                    0,
                    0
                  ],
                  "uv_size": [
                    7,
                    2
                  ]
                },
                "up": {
                  "uv": [
                    7,
                    0
                  ],
                  "uv_size": [
                    -7,
                    0
                  ]
                },
                "west": {
                  "uv": [
                    0,
                    0
                  ],
                  "uv_size": [
                    0,
                    2
                  ]
                }
              }
            },
            {
              "origin": [
                0,
                17,
                11
              ],
              "size": [
                7,
                2,
                0
              ],
              "uv": {
                "down": {
                  "uv": [
                    7,
                    0
                  ],
                  "uv_size": [
                    -7,
                    0
                  ]
                },
                "east": {
                  "uv": [
                    0,
                    0
                  ],
                  "uv_size": [
                    0,
                    2
                  ]
                },
                "north": {
                  "uv": [
                    0,
                    0
                  ],
                  "uv_size": [
                    7,
                    2
                  ]
                },
                "south": {
                  "uv": [
                    0,
                    0
                  ],
                  "uv_size": [
                    7,
                    2
                  ]
                },
                "up": {
                  "uv": [
                    7,
                    0
                  ],
                  "uv_size": [
                    -7,
                    0
                  ]
                },
                "west": {
                  "uv": [
                    0,
                    0
                  ],
                  "uv_size": [
                    0,
                    2
                  ]
                }
              }
            }
          ],
          "name": "cloud1",
          "parent": "clouds",
          "pivot": [
            -9.5,
            32,
            10
          ]
        },
        {
          "cubes": [
            {
              "origin": [
                -6,
                8,
                11
              ],
              "size": [
                5,
                4,
                0
              ],
              "uv": {
                "down": {
                  "uv": [
                    5,
                    0
                  ],
                  "uv_size": [
                    -5,
                    0
                  ]
                },
                "east": {
                  "uv": [
                    0,
                    0
                  ],
                  "uv_size": [
                    0,
                    4
                  ]
                },
                "north": {
                  "uv": [
                    0,
                    0
                  ],
                  "uv_size": [
                    5,
                    4
                  ]
                },
                "south": {
                  "uv": [
                    0,
                    0
                  ],
                  "uv_size": [
                    5,
                    4
                  ]
                },
                "up": {
                  "uv": [
                    5,
                    0
                  ],
                  "uv_size": [
                    -5,
                    0
                  ]
                },
                "west": {
                  "uv": [
                    0,
                    0
                  ],
                  "uv_size": [
                    0,
                    4
                  ]
                }
              }
            },
            {
              "origin": [
                -1,
                8,
                11
              ],
              "size": [
                3,
                2,
                0
              ],
              "uv": {
                "down": {
                  "uv": [
                    3,
                    0
                  ],
                  "uv_size": [
                    -3,
                    0
                  ]
                },
                "east": {
                  "uv": [
                    0,
                    0
                  ],
                  "uv_size": [
                    0,
                    2
                  ]
                },
                "north": {
                  "uv": [
                    0,
                    0
                  ],
                  "uv_size": [
                    3,
                    2
                  ]
                },
                "south": {
                  "uv": [
                    0,
                    0
                  ],
                  "uv_size": [
                    3,
                    2
                  ]
                },
                "up": {
                  "uv": [
                    3,
                    0
                  ],
                  "uv_size": [
                    -3,
                    0
                  ]
                },
                "west": {
                  "uv": [
                    0,
                    0
                  ],
                  "uv_size": [
                    0,
                    2
                  ]
                }
              }
            }
          ],
          "name": "cloud2",
          "parent": "clouds",
          "pivot": [
            0,
            0,
            0
          ]
        },
        {
          "cubes": [
            {
              "origin": [
                -21,
                11,
                11
              ],
              "pivot": [
                -9.5,
                11,
                10
              ],
              "rotation": [
                0,
                -90,
                0
              ],
              "size": [
                9,
                2,
                0
              ],
              "uv": {
                "down": {
                  "uv": [
                    9,
                    0
                  ],
                  "uv_size": [
                    -9,
                    0
                  ]
                },
                "east": {
                  "uv": [
                    0,
                    0
                  ],
                  "uv_size": [
                    0,
                    2
                  ]
                },
                "north": {
                  "uv": [
                    0,
                    0
                  ],
                  "uv_size": [
                    9,
                    2
                  ]
                },
                "south": {
                  "uv": [
                    0,
                    0
                  ],
                  "uv_size": [
                    9,
                    2
                  ]
                },
                "up": {
                  "uv": [
                    9,
                    0
                  ],
                  "uv_size": [
                    -9,
                    0
                  ]
                },
                "west": {
                  "uv": [
                    0,
                    0
                  ],
                  "uv_size": [
                    0,
                    2
                  ]
                }
              }
            },
            {
              "origin": [
                -20,
                13,
                11
              ],
              "pivot": [
                -9.5,
                11,
                10
              ],
              "rotation": [
                0,
                -90,
                0
              ],
              "size": [
                5,
                3,
                0
              ],
              "uv": {
                "down": {
                  "uv": [
                    5,
                    0
                  ],
                  "uv_size": [
                    -5,
                    0
                  ]
                },
                "east": {
                  "uv": [
                    0,
                    0
                  ],
                  "uv_size": [
                    0,
                    3
                  ]
                },
                "north": {
                  "uv": [
                    0,
                    0
                  ],
                  "uv_size": [
                    5,
                    3
                  ]
                },
                "south": {
                  "uv": [
                    0,
                    0
                  ],
                  "uv_size": [
                    5,
                    3
                  ]
                },
                "up": {
                  "uv": [
                    5,
                    0
                  ],
                  "uv_size": [
                    -5,
                    0
                  ]
                },
                "west": {
                  "uv": [
                    0,
                    0
                  ],
                  "uv_size": [
                    0,
                    3
                  ]
                }
              }
            }
          ],
          "name": "cloud3",
          "parent": "clouds",
          "pivot": [
            -9.5,
            32,
            10
          ]
        },
        {
          "cubes": [
            {
              "origin": [
                -21,
                7,
                11
              ],
              "pivot": [
                -9.5,
                11,
                10
              ],
              "rotation": [
                0,
                -90,
                0
              ],
              "size": [
                4,
                2,
                0
              ],
              "uv": {
                "down": {
                  "uv": [
                    4,
                    0
                  ],
                  "uv_size": [
                    -4,
                    0
                  ]
                },
                "east": {
                  "uv": [
                    0,
                    0
                  ],
                  "uv_size": [
                    0,
                    2
                  ]
                },
                "north": {
                  "uv": [
                    0,
                    0
                  ],
                  "uv_size": [
                    4,
                    2
                  ]
                },
                "south": {
                  "uv": [
                    0,
                    0
                  ],
                  "uv_size": [
                    4,
                    2
                  ]
                },
                "up": {
                  "uv": [
                    4,
                    0
                  ],
                  "uv_size": [
                    -4,
                    0
                  ]
                },
                "west": {
                  "uv": [
                    0,
                    0
                  ],
                  "uv_size": [
                    0,
                    2
                  ]
                }
              }
            },
            {
              "origin": [
                -25,
                6,
                11
              ],
              "pivot": [
                -9.5,
                11,
                10
              ],
              "rotation": [
                0,
                -90,
                0
              ],
              "size": [
                4,
                2,
                0
              ],
              "uv": {
                "down": {
                  "uv": [
                    4,
                    0
                  ],
                  "uv_size": [
                    -4,
                    0
                  ]
                },
                "east": {
                  "uv": [
                    0,
                    0
                  ],
                  "uv_size": [
                    0,
                    2
                  ]
                },
                "north": {
                  "uv": [
                    0,
                    0
                  ],
                  "uv_size": [
                    4,
                    2
                  ]
                },
                "south": {
                  "uv": [
                    0,
                    0
                  ],
                  "uv_size": [
                    4,
                    2
                  ]
                },
                "up": {
                  "uv": [
                    4,
                    0
                  ],
                  "uv_size": [
                    -4,
                    0
                  ]
                },
                "west": {
                  "uv": [
                    0,
                    0
                  ],
                  "uv_size": [
                    0,
                    2
                  ]
                }
              }
            }
          ],
          "name": "cloud4",
          "parent": "clouds",
          "pivot": [
            -9.5,
            32,
            10
          ]
        },
        {
          "cubes": [
            {
              "origin": [
                -25,
                17,
                11
              ],
              "pivot": [
                -9.5,
                11,
                10
              ],
              "rotation": [
                0,
                -90,
                0
              ],
              "size": [
                6,
                2,
                0
              ],
              "uv": {
                "down": {
                  "uv": [
                    6,
                    0
                  ],
                  "uv_size": [
                    -6,
                    0
                  ]
                },
                "east": {
                  "uv": [
                    0,
                    0
                  ],
                  "uv_size": [
                    0,
                    2
                  ]
                },
                "north": {
                  "uv": [
                    0,
                    0
                  ],
                  "uv_size": [
                    6,
                    2
                  ]
                },
                "south": {
                  "uv": [
                    0,
                    0
                  ],
                  "uv_size": [
                    6,
                    2
                  ]
                },
                "up": {
                  "uv": [
                    6,
                    0
                  ],
                  "uv_size": [
                    -6,
                    0
                  ]
                },
                "west": {
                  "uv": [
                    0,
                    0
                  ],
                  "uv_size": [
                    0,
                    2
                  ]
                }
              }
            }
          ],
          "name": "cloud5",
          "parent": "clouds",
          "pivot": [
            -9.5,
            32,
            10
          ]
        },
        {
          "cubes": [
            {
              "origin": [
                -23,
                11,
                10
              ],
              "pivot": [
                -9.5,
                11,
                -10
              ],
              "rotation": [
                0,
                90,
                0
              ],
              "size": [
                9,
                2,
                0
              ],
              "uv": {
                "down": {
                  "uv": [
                    9,
                    0
                  ],
                  "uv_size": [
                    -9,
                    0
                  ]
                },
                "east": {
                  "uv": [
                    0,
                    0
                  ],
                  "uv_size": [
                    0,
                    2
                  ]
                },
                "north": {
                  "uv": [
                    7,
                    0
                  ],
                  "uv_size": [
                    9,
                    2
                  ]
                },
                "south": {
                  "uv": [
                    7,
                    0
                  ],
                  "uv_size": [
                    9,
                    2
                  ]
                },
                "up": {
                  "uv": [
                    9,
                    0
                  ],
                  "uv_size": [
                    -9,
                    0
                  ]
                },
                "west": {
                  "uv": [
                    0,
                    0
                  ],
                  "uv_size": [
                    0,
                    2
                  ]
                }
              }
            },
            {
              "origin": [
                -24,
                13,
                10
              ],
              "pivot": [
                -9.5,
                11,
                -10
              ],
              "rotation": [
                0,
                90,
                0
              ],
              "size": [
                7,
                2,
                0
              ],
              "uv": {
                "down": {
                  "uv": [
                    9,
                    0
                  ],
                  "uv_size": [
                    -9,
                    0
                  ]
                },
                "east": {
                  "uv": [
                    0,
                    0
                  ],
                  "uv_size": [
                    0,
                    2
                  ]
                },
                "north": {
                  "uv": [
                    7,
                    0
                  ],
                  "uv_size": [
                    9,
                    2
                  ]
                },
                "south": {
                  "uv": [
                    7,
                    0
                  ],
                  "uv_size": [
                    9,
                    2
                  ]
                },
                "up": {
                  "uv": [
                    9,
                    0
                  ],
                  "uv_size": [
                    -9,
                    0
                  ]
                },
                "west": {
                  "uv": [
                    0,
                    0
                  ],
                  "uv_size": [
                    0,
                    2
                  ]
                }
              }
            }
          ],
          "name": "cloud8",
          "parent": "clouds",
          "pivot": [
            -9.5,
            32,
            10
          ]
        },
        {
          "cubes": [
            {
              "origin": [
                -2,
                15,
                -11
              ],
              "size": [
                7,
                2,
                0
              ],
              "uv": {
                "down": {
                  "uv": [
                    7,
                    0
                  ],
                  "uv_size": [
                    -7,
                    0
                  ]
                },
                "east": {
                  "uv": [
                    0,
                    0
                  ],
                  "uv_size": [
                    0,
                    2
                  ]
                },
                "north": {
                  "uv": [
                    7,
                    0
                  ],
                  "uv_size": [
                    -7,
                    2
                  ]
                },
                "south": {
                  "uv": [
                    7,
                    0
                  ],
                  "uv_size": [
                    -7,
                    2
                  ]
                },
                "up": {
                  "uv": [
                    7,
                    0
                  ],
                  "uv_size": [
                    -7,
                    0
                  ]
                },
                "west": {
                  "uv": [
                    0,
                    0
                  ],
                  "uv_size": [
                    0,
                    2
                  ]
                }
              }
            }
          ],
          "name": "cloud7",
          "parent": "clouds",
          "pivot": [
            -9.5,
            32,
            10
          ]
        },
        {
          "cubes": [
            {
              "origin": [
                -5,
                9,
                -11
              ],
              "size": [
                6,
                3,
                0
              ],
              "uv": {
                "down": {
                  "uv": [
                    6,
                    0
                  ],
                  "uv_size": [
                    -6,
                    0
                  ]
                },
                "east": {
                  "uv": [
                    0,
                    0
                  ],
                  "uv_size": [
                    0,
                    3
                  ]
                },
                "north": {
                  "uv": [
                    5,
                    0
                  ],
                  "uv_size": [
                    6,
                    3
                  ]
                },
                "south": {
                  "uv": [
                    5,
                    0
                  ],
                  "uv_size": [
                    6,
                    3
                  ]
                },
                "up": {
                  "uv": [
                    6,
                    0
                  ],
                  "uv_size": [
                    -6,
                    0
                  ]
                },
                "west": {
                  "uv": [
                    0,
                    0
                  ],
                  "uv_size": [
                    0,
                    3
                  ]
                }
              }
            }
          ],
          "name": "cloud6",
          "parent": "clouds",
          "pivot": [
            -9.5,
            32,
            10
          ]
        },
        {
          "cubes": [
            {
              "origin": [
                19,
                11,
                -2
              ],
              "size": [
                4,
                4,
                4
              ],
              "uv": {
                "down": {
                  "uv": [
                    4,
                    36
                  ],
                  "uv_size": [
                    -4,
                    -4
                  ]
                },
                "east": {
                  "uv": [
                    8,
                    32
                  ],
                  "uv_size": [
                    4,
                    4
                  ]
                },
                "north": {
                  "uv": [
                    0,
                    36
                  ],
                  "uv_size": [
                    4,
                    4
                  ]
                },
                "south": {
                  "uv": [
                    4,
                    32
                  ],
                  "uv_size": [
                    4,
                    4
                  ]
                },
                "up": {
                  "uv": [
                    8,
                    40
                  ],
                  "uv_size": [
                    -4,
                    -4
                  ]
                },
                "west": {
                  "uv": [
                    12,
                    32
                  ],
                  "uv_size": [
                    4,
                    4
                  ]
                }
              }
            },
            {
              "origin": [
                21,
                11,
                -2
              ],
              "size": [
                4,
                4,
                4
              ],
              "uv": {
                "down": {
                  "uv": [
                    4,
                    36
                  ],
                  "uv_size": [
                    -4,
                    -4
                  ]
                },
                "east": {
                  "uv": [
                    8,
                    32
                  ],
                  "uv_size": [
                    4,
                    4
                  ]
                },
                "north": {
                  "uv": [
                    0,
                    36
                  ],
                  "uv_size": [
                    4,
                    4
                  ]
                },
                "south": {
                  "uv": [
                    4,
                    32
                  ],
                  "uv_size": [
                    4,
                    4
                  ]
                },
                "up": {
                  "uv": [
                    8,
                    40
                  ],
                  "uv_size": [
                    -4,
                    -4
                  ]
                },
                "west": {
                  "uv": [
                    12,
                    32
                  ],
                  "uv_size": [
                    4,
                    4
                  ]
                }
              }
            },
            {
              "origin": [
                20,
                10,
                -2
              ],
              "size": [
                4,
                4,
                4
              ],
              "uv": {
                "down": {
                  "uv": [
                    4,
                    36
                  ],
                  "uv_size": [
                    -4,
                    -4
                  ]
                },
                "east": {
                  "uv": [
                    8,
                    32
                  ],
                  "uv_size": [
                    4,
                    4
                  ]
                },
                "north": {
                  "uv": [
                    0,
                    36
                  ],
                  "uv_size": [
                    4,
                    4
                  ]
                },
                "south": {
                  "uv": [
                    4,
                    32
                  ],
                  "uv_size": [
                    4,
                    4
                  ]
                },
                "up": {
                  "uv": [
                    8,
                    40
                  ],
                  "uv_size": [
                    -4,
                    -4
                  ]
                },
                "west": {
                  "uv": [
                    12,
                    32
                  ],
                  "uv_size": [
                    4,
                    4
                  ]
                }
              }
            },
            {
              "origin": [
                20,
                11,
                -3
              ],
              "size": [
                4,
                4,
                4
              ],
              "uv": {
                "down": {
                  "uv": [
                    4,
                    36
                  ],
                  "uv_size": [
                    -4,
                    -4
                  ]
                },
                "east": {
                  "uv": [
                    8,
                    32
                  ],
                  "uv_size": [
                    4,
                    4
                  ]
                },
                "north": {
                  "uv": [
                    0,
                    36
                  ],
                  "uv_size": [
                    4,
                    4
                  ]
                },
                "south": {
                  "uv": [
                    4,
                    32
                  ],
                  "uv_size": [
                    4,
                    4
                  ]
                },
                "up": {
                  "uv": [
                    8,
                    40
                  ],
                  "uv_size": [
                    -4,
                    -4
                  ]
                },
                "west": {
                  "uv": [
                    12,
                    32
                  ],
                  "uv_size": [
                    4,
                    4
                  ]
                }
              }
            },
            {
              "origin": [
                20,
                11,
                -1
              ],
              "size": [
                4,
                4,
                4
              ],
              "uv": {
                "down": {
                  "uv": [
                    4,
                    36
                  ],
                  "uv_size": [
                    -4,
                    -4
                  ]
                },
                "east": {
                  "uv": [
                    8,
                    32
                  ],
                  "uv_size": [
                    4,
                    4
                  ]
                },
                "north": {
                  "uv": [
                    0,
                    36
                  ],
                  "uv_size": [
                    4,
                    4
                  ]
                },
                "south": {
                  "uv": [
                    4,
                    32
                  ],
                  "uv_size": [
                    4,
                    4
                  ]
                },
                "up": {
                  "uv": [
                    8,
                    40
                  ],
                  "uv_size": [
                    -4,
                    -4
                  ]
                },
                "west": {
                  "uv": [
                    12,
                    32
                  ],
                  "uv_size": [
                    4,
                    4
                  ]
                }
              }
            },
            {
              "origin": [
                20,
                12,
                -2
              ],
              "size": [
                4,
                4,
                4
              ],
              "uv": {
                "down": {
                  "uv": [
                    4,
                    36
                  ],
                  "uv_size": [
                    -4,
                    -4
                  ]
                },
                "east": {
                  "uv": [
                    8,
                    32
                  ],
                  "uv_size": [
                    4,
                    4
                  ]
                },
                "north": {
                  "uv": [
                    0,
                    36
                  ],
                  "uv_size": [
                    4,
                    4
                  ]
                },
                "south": {
                  "uv": [
                    4,
                    32
                  ],
                  "uv_size": [
                    4,
                    4
                  ]
                },
                "up": {
                  "uv": [
                    8,
                    40
                  ],
                  "uv_size": [
                    -4,
                    -4
                  ]
                },
                "west": {
                  "uv": [
                    12,
                    32
                  ],
                  "uv_size": [
                    4,
                    4
                  ]
                }
              }
            }
          ],
          "name": "MOON",
          "pivot": [
            0,
            0,
            0
          ]
        }
      ],
      "description": {
        "identifier": "geometry.earth",
        "texture_height": 64,
        "texture_width": 64,
        "visible_bounds_height": 3.5,
        "visible_bounds_offset": [
          0,
          1.25,
          0
        ],
        "visible_bounds_width": 5
      }
    }
  ]
}