{
  "format_version": "1.12.0",
  "minecraft:geometry": [
    {
      "bones": [
        {
          "cubes": [
            {
              "origin": [
                -4,
                0.75,
                0
              ],
              "size": [
                6,
                1.25,
                1
              ],
              "uv": {
                "down": {
                  "uv": [
                    6,
                    12
                  ],
                  "uv_size": [
                    6,
                    -1
                  ]
                },
                "east": {
                  "uv": [
                    11,
                    15
                  ],
                  "uv_size": [
                    1,
                    1
                  ]
                },
                "north": {
                  "uv": [
                    0,
                    11
                  ],
                  "uv_size": [
                    6,
                    1
                  ]
                },
                "south": {
                  "uv": [
                    11,
                    0
                  ],
                  "uv_size": [
                    6,
                    1
                  ]
                },
                "up": {
                  "uv": [
                    11,
                    1
                  ],
                  "uv_size": [
                    6,
                    1
                  ]
                },
                "west": {
                  "uv": [
                    5,
                    16
                  ],
                  "uv_size": [
                    1,
                    1
                  ]
                }
              }
            },
            {
              "origin": [
                -4,
                0.75,
                2
              ],
              "size": [
                6,
                1.25,
                1
              ],
              "uv": {
                "down": {
                  "uv": [
                    12,
                    8
                  ],
                  "uv_size": [
                    6,
                    -1
                  ]
                },
                "east": {
                  "uv": [
                    6,
                    16
                  ],
                  "uv_size": [
                    1,
                    1
                  ]
                },
                "north": {
                  "uv": [
                    0,
                    12
                  ],
                  "uv_size": [
                    6,
                    1
                  ]
                },
                "south": {
                  "uv": [
                    6,
                    12
                  ],
                  "uv_size": [
                    6,
                    1
                  ]
                },
                "up": {
                  "uv": [
                    12,
                    6
                  ],
                  "uv_size": [
                    6,
                    1
                  ]
                },
                "west": {
                  "uv": [
                    7,
                    16
                  ],
                  "uv_size": [
                    1,
                    1
                  ]
                }
              }
            },
            {
              "origin": [
                -4.3,
                1,
                0.875
              ],
              "size": [
                6.6,
                1.25,
                1.25
              ],
              "uv": {
                "down": {
                  "uv": [
                    0,
                    9.25
                  ],
                  "uv_size": [
                    6.5,
                    -1.25
                  ]
                },
                "east": {
                  "uv": [
                    12,
                    14
                  ],
                  "uv_size": [
                    1.25,
                    1.25
                  ]
                },
                "north": {
                  "uv": [
                    6,
                    2
                  ],
                  "uv_size": [
                    6.5,
                    1.25
                  ]
                },
                "south": {
                  "uv": [
                    6,
                    4
                  ],
                  "uv_size": [
                    6.5,
                    1.25
                  ]
                },
                "up": {
                  "uv": [
                    5,
                    6
                  ],
                  "uv_size": [
                    6.5,
                    1.25
                  ]
                },
                "west": {
                  "uv": [
                    14,
                    14
                  ],
                  "uv_size": [
                    1.25,
                    1.25
                  ]
                }
              }
            },
            {
              "origin": [
                -4.45,
                1.15,
                1.025
              ],
              "size": [
                6.9,
                0.95,
                0.95
              ],
              "uv": {
                "down": {
                  "uv": [
                    7,
                    11
                  ],
                  "uv_size": [
                    7,
                    -1
                  ]
                },
                "east": {
                  "uv": [
                    8,
                    16
                  ],
                  "uv_size": [
                    1,
                    1
                  ]
                },
                "north": {
                  "uv": [
                    7,
                    8
                  ],
                  "uv_size": [
                    7,
                    1
                  ]
                },
                "south": {
                  "uv": [
                    7,
                    9
                  ],
                  "uv_size": [
                    7,
                    1
                  ]
                },
                "up": {
                  "uv": [
                    0,
                    10
                  ],
                  "uv_size": [
                    7,
                    1
                  ]
                },
                "west": {
                  "uv": [
                    9,
                    16
                  ],
                  "uv_size": [
                    1,
                    1
                  ]
                }
              }
            },
            {
              "origin": [
                -3.75,
                1.15,
                2.5
              ],
              "size": [
                5.5,
                0.75,
                0.75
              ],
              "uv": {
                "down": {
                  "uv": [
                    13,
                    2.75
                  ],
                  "uv_size": [
                    5.5,
                    -0.75
                  ]
                },
                "east": {
                  "uv": [
                    10,
                    16
                  ],
                  "uv_size": [
                    0.75,
                    0.75
                  ]
                },
                "north": {
                  "uv": [
                    12,
                    11
                  ],
                  "uv_size": [
                    5.5,
                    0.75
                  ]
                },
                "south": {
                  "uv": [
                    12,
                    12
                  ],
                  "uv_size": [
                    5.5,
                    0.75
                  ]
                },
                "up": {
                  "uv": [
                    0,
                    13
                  ],
                  "uv_size": [
                    5.5,
                    0.75
                  ]
                },
                "west": {
                  "uv": [
                    11,
                    16
                  ],
                  "uv_size": [
                    0.75,
                    0.75
                  ]
                }
              }
            },
            {
              "origin": [
                -3.75,
                1.15,
                -0.25
              ],
              "size": [
                5.5,
                0.75,
                0.75
              ],
              "uv": {
                "down": {
                  "uv": [
                    6,
                    13.75
                  ],
                  "uv_size": [
                    5.5,
                    -0.75
                  ]
                },
                "east": {
                  "uv": [
                    12,
                    16
                  ],
                  "uv_size": [
                    0.75,
                    0.75
                  ]
                },
                "north": {
                  "uv": [
                    13,
                    3
                  ],
                  "uv_size": [
                    5.5,
                    0.75
                  ]
                },
                "south": {
                  "uv": [
                    13,
                    4
                  ],
                  "uv_size": [
                    5.5,
                    0.75
                  ]
                },
                "up": {
                  "uv": [
                    13,
                    5
                  ],
                  "uv_size": [
                    5.5,
                    0.75
                  ]
                },
                "west": {
                  "uv": [
                    13,
                    16
                  ],
                  "uv_size": [
                    0.75,
                    0.75
                  ]
                }
              }
            },
            {
              "origin": [
                -3.75,
                0.5,
                0.25
              ],
              "size": [
                5.5,
                0.5,
                2.5
              ],
              "uv": {
                "down": {
                  "uv": [
                    0,
                    5.5
                  ],
                  "uv_size": [
                    5.5,
                    -2.5
                  ]
                },
                "east": {
                  "uv": [
                    0,
                    15
                  ],
                  "uv_size": [
                    2.5,
                    0.5
                  ]
                },
                "north": {
                  "uv": [
                    6,
                    14
                  ],
                  "uv_size": [
                    5.5,
                    0.5
                  ]
                },
                "south": {
                  "uv": [
                    14,
                    8
                  ],
                  "uv_size": [
                    5.5,
                    0.5
                  ]
                },
                "up": {
                  "uv": [
                    0,
                    0
                  ],
                  "uv_size": [
                    5.5,
                    2.5
                  ]
                },
                "west": {
                  "uv": [
                    3,
                    15
                  ],
                  "uv_size": [
                    2.5,
                    0.5
                  ]
                }
              }
            },
            {
              "origin": [
                -3.5,
                0.35,
                0.5
              ],
              "size": [
                5,
                0.15,
                2
              ],
              "uv": {
                "down": {
                  "uv": [
                    6,
                    2
                  ],
                  "uv_size": [
                    5,
                    -2
                  ]
                },
                "east": {
                  "uv": [
                    14,
                    16
                  ],
                  "uv_size": [
                    2,
                    0.25
                  ]
                },
                "north": {
                  "uv": [
                    6,
                    15
                  ],
                  "uv_size": [
                    5,
                    0.25
                  ]
                },
                "south": {
                  "uv": [
                    0,
                    16
                  ],
                  "uv_size": [
                    5,
                    0.25
                  ]
                },
                "up": {
                  "uv": [
                    0,
                    6
                  ],
                  "uv_size": [
                    5,
                    2
                  ]
                },
                "west": {
                  "uv": [
                    16,
                    14
                  ],
                  "uv_size": [
                    2,
                    0.25
                  ]
                }
              }
            },
            {
              "origin": [
                1.75,
                0.75,
                1
              ],
              "size": [
                0.25,
                0.25,
                1
              ],
              "uv": {
                "down": {
                  "uv": [
                    17,
                    2
                  ],
                  "uv_size": [
                    0.25,
                    -2
                  ]
                },
                "east": {
                  "uv": [
                    16,
                    15
                  ],
                  "uv_size": [
                    2,
                    0.25
                  ]
                },
                "north": {
                  "uv": [
                    9,
                    17
                  ],
                  "uv_size": [
                    0.25,
                    0.25
                  ]
                },
                "south": {
                  "uv": [
                    10,
                    17
                  ],
                  "uv_size": [
                    0.25,
                    0.25
                  ]
                },
                "up": {
                  "uv": [
                    0,
                    17
                  ],
                  "uv_size": [
                    0.25,
                    2
                  ]
                },
                "west": {
                  "uv": [
                    16,
                    16
                  ],
                  "uv_size": [
                    2,
                    0.25
                  ]
                }
              }
            },
            {
              "origin": [
                -4,
                0.75,
                1
              ],
              "size": [
                0.25,
                0.25,
                1
              ],
              "uv": {
                "down": {
                  "uv": [
                    6,
                    19
                  ],
                  "uv_size": [
                    0.25,
                    -2
                  ]
                },
                "east": {
                  "uv": [
                    1,
                    17
                  ],
                  "uv_size": [
                    2,
                    0.25
                  ]
                },
                "north": {
                  "uv": [
                    11,
                    17
                  ],
                  "uv_size": [
                    0.25,
                    0.25
                  ]
                },
                "south": {
                  "uv": [
                    12,
                    17
                  ],
                  "uv_size": [
                    0.25,
                    0.25
                  ]
                },
                "up": {
                  "uv": [
                    5,
                    17
                  ],
                  "uv_size": [
                    0.25,
                    2
                  ]
                },
                "west": {
                  "uv": [
                    3,
                    17
                  ],
                  "uv_size": [
                    2,
                    0.25
                  ]
                }
              }
            }
          ],
          "name": "hotdog",
          "pivot": [
            0,
            0,
            0
          ]
        }
      ],
      "description": {
        "identifier": "geometry.hotdog",
        "texture_height": 32,
        "texture_width": 32,
        "visible_bounds_height": 1.5,
        "visible_bounds_offset": [
          0,
          0.25,
          0
        ],
        "visible_bounds_width": 2
      }
    }
  ]
}