{
  "format_version": "1.12.0",
  "minecraft:geometry": [
    {
      "bones": [
        {
          "cubes": [
            {
              "origin": [
                -10,
                6,
                -26
              ],
              "size": [
                19,
                12,
                24
              ],
              "uv": {
                "down": {
                  "uv": [
                    78,
                    48
                  ],
                  "uv_size": [
                    19,
                    -24
                  ]
                },
                "east": {
                  "uv": [
                    138,
                    0
                  ],
                  "uv_size": [
                    -24,
                    12
                  ]
                },
                "north": {
                  "uv": [
                    124,
                    114
                  ],
                  "uv_size": [
                    19,
                    12
                  ]
                },
                "south": {
                  "uv": [
                    124,
                    114
                  ],
                  "uv_size": [
                    19,
                    12
                  ]
                },
                "up": {
                  "uv": [
                    78,
                    0
                  ],
                  "uv_size": [
                    19,
                    24
                  ]
                },
                "west": {
                  "uv": [
                    114,
                    0
                  ],
                  "uv_size": [
                    24,
                    12
                  ]
                }
              }
            },
            {
              "origin": [
                -6.9,
                6.75,
                -34
              ],
              "pivot": [
                -0.5,
                11,
                -17
              ],
              "rotation": [
                45,
                0,
                0
              ],
              "size": [
                12.8,
                12.25,
                14
              ],
              "uv": {
                "down": {
                  "uv": [
                    119,
                    152
                  ],
                  "uv_size": [
                    13,
                    -14
                  ]
                },
                "east": {
                  "uv": [
                    143,
                    88
                  ],
                  "uv_size": [
                    14,
                    12
                  ]
                },
                "north": {
                  "uv": [
                    85,
                    145
                  ],
                  "uv_size": [
                    13,
                    12
                  ]
                },
                "south": {
                  "uv": [
                    148,
                    8
                  ],
                  "uv_size": [
                    13,
                    12
                  ]
                },
                "up": {
                  "uv": [
                    106,
                    135
                  ],
                  "uv_size": [
                    13,
                    14
                  ]
                },
                "west": {
                  "uv": [
                    143,
                    113
                  ],
                  "uv_size": [
                    14,
                    12
                  ]
                }
              }
            },
            {
              "origin": [
                -7,
                -5.25,
                -29
              ],
              "pivot": [
                -0.5,
                11,
                -17
              ],
              "rotation": [
                -45,
                0,
                0
              ],
              "size": [
                13,
                21.25,
                9
              ],
              "uv": {
                "down": {
                  "uv": [
                    154,
                    64
                  ],
                  "uv_size": [
                    13,
                    -9
                  ]
                },
                "east": {
                  "uv": [
                    9,
                    135
                  ],
                  "uv_size": [
                    -9,
                    21
                  ]
                },
                "north": {
                  "uv": [
                    114,
                    12
                  ],
                  "uv_size": [
                    13,
                    21
                  ]
                },
                "south": {
                  "uv": [
                    65,
                    114
                  ],
                  "uv_size": [
                    13,
                    21
                  ]
                },
                "up": {
                  "uv": [
                    48,
                    151
                  ],
                  "uv_size": [
                    13,
                    9
                  ]
                },
                "west": {
                  "uv": [
                    0,
                    135
                  ],
                  "uv_size": [
                    9,
                    21
                  ]
                }
              }
            },
            {
              "origin": [
                -9,
                14,
                0
              ],
              "size": [
                17,
                3,
                16
              ],
              "uv": {
                "down": {
                  "uv": [
                    95,
                    130
                  ],
                  "uv_size": [
                    17,
                    -16
                  ]
                },
                "east": {
                  "uv": [
                    112,
                    60
                  ],
                  "uv_size": [
                    16,
                    3
                  ]
                },
                "north": {
                  "uv": [
                    78,
                    60
                  ],
                  "uv_size": [
                    17,
                    3
                  ]
                },
                "south": {
                  "uv": [
                    95,
                    60
                  ],
                  "uv_size": [
                    17,
                    3
                  ]
                },
                "up": {
                  "uv": [
                    78,
                    114
                  ],
                  "uv_size": [
                    17,
                    16
                  ]
                },
                "west": {
                  "uv": [
                    114,
                    39
                  ],
                  "uv_size": [
                    16,
                    3
                  ]
                }
              }
            },
            {
              "origin": [
                -5.5,
                4.25,
                14
              ],
              "pivot": [
                -0.5,
                11,
                23.5
              ],
              "rotation": [
                22.5,
                0,
                0
              ],
              "size": [
                10,
                14.75,
                16
              ],
              "uv": {
                "down": {
                  "uv": [
                    75,
                    161
                  ],
                  "uv_size": [
                    10,
                    -16
                  ]
                },
                "east": {
                  "uv": [
                    16,
                    120
                  ],
                  "uv_size": [
                    -16,
                    15
                  ]
                },
                "north": {
                  "uv": [
                    54,
                    119
                  ],
                  "uv_size": [
                    10,
                    15
                  ]
                },
                "south": {
                  "uv": [
                    148,
                    20
                  ],
                  "uv_size": [
                    10,
                    15
                  ]
                },
                "up": {
                  "uv": [
                    144,
                    55
                  ],
                  "uv_size": [
                    10,
                    16
                  ]
                },
                "west": {
                  "uv": [
                    0,
                    120
                  ],
                  "uv_size": [
                    16,
                    15
                  ]
                }
              }
            },
            {
              "origin": [
                -5.5,
                1.25,
                14
              ],
              "size": [
                10,
                6.75,
                17
              ],
              "uv": {
                "down": {
                  "uv": [
                    25,
                    157
                  ],
                  "uv_size": [
                    10,
                    -17
                  ]
                },
                "east": {
                  "uv": [
                    112,
                    152
                  ],
                  "uv_size": [
                    17,
                    7
                  ]
                },
                "north": {
                  "uv": [
                    158,
                    20
                  ],
                  "uv_size": [
                    10,
                    7
                  ]
                },
                "south": {
                  "uv": [
                    158,
                    27
                  ],
                  "uv_size": [
                    10,
                    7
                  ]
                },
                "up": {
                  "uv": [
                    132,
                    138
                  ],
                  "uv_size": [
                    10,
                    17
                  ]
                },
                "west": {
                  "uv": [
                    142,
                    152
                  ],
                  "uv_size": [
                    17,
                    7
                  ]
                }
              }
            },
            {
              "origin": [
                -7.5,
                17.25,
                17
              ],
              "pivot": [
                -0.5,
                11,
                23.5
              ],
              "rotation": [
                22.5,
                0,
                0
              ],
              "size": [
                14,
                2.75,
                15
              ],
              "uv": {
                "down": {
                  "uv": [
                    92,
                    145
                  ],
                  "uv_size": [
                    14,
                    -15
                  ]
                },
                "east": {
                  "uv": [
                    130,
                    39
                  ],
                  "uv_size": [
                    15,
                    3
                  ]
                },
                "north": {
                  "uv": [
                    159,
                    107
                  ],
                  "uv_size": [
                    14,
                    3
                  ]
                },
                "south": {
                  "uv": [
                    159,
                    110
                  ],
                  "uv_size": [
                    14,
                    3
                  ]
                },
                "up": {
                  "uv": [
                    78,
                    130
                  ],
                  "uv_size": [
                    14,
                    15
                  ]
                },
                "west": {
                  "uv": [
                    159,
                    5
                  ],
                  "uv_size": [
                    15,
                    3
                  ]
                }
              }
            },
            {
              "origin": [
                -7.5,
                25.27549,
                -7.98463
              ],
              "pivot": [
                -0.5,
                26.65049,
                -6.73463
              ],
              "rotation": [
                -20.94102,
                8.42106,
                20.94102
              ],
              "size": [
                6,
                2.75,
                2.5
              ],
              "uv": {
                "down": {
                  "uv": [
                    161,
                    11
                  ],
                  "uv_size": [
                    6,
                    -3
                  ]
                },
                "east": {
                  "uv": [
                    75,
                    135
                  ],
                  "uv_size": [
                    3,
                    3
                  ]
                },
                "north": {
                  "uv": [
                    48,
                    160
                  ],
                  "uv_size": [
                    6,
                    3
                  ]
                },
                "south": {
                  "uv": [
                    54,
                    160
                  ],
                  "uv_size": [
                    6,
                    3
                  ]
                },
                "up": {
                  "uv": [
                    6,
                    161
                  ],
                  "uv_size": [
                    6,
                    3
                  ]
                },
                "west": {
                  "uv": [
                    119,
                    135
                  ],
                  "uv_size": [
                    3,
                    3
                  ]
                }
              }
            },
            {
              "origin": [
                -14,
                28.31616,
                -5.18225
              ],
              "pivot": [
                -9.625,
                29.19116,
                -5.68225
              ],
              "rotation": [
                -24.14867,
                20.70481,
                -9.00717
              ],
              "size": [
                7.75,
                1.75,
                1.5
              ],
              "uv": {
                "down": {
                  "uv": [
                    33,
                    163
                  ],
                  "uv_size": [
                    8,
                    -2
                  ]
                },
                "east": {
                  "uv": [
                    63,
                    2
                  ],
                  "uv_size": [
                    2,
                    2
                  ]
                },
                "north": {
                  "uv": [
                    161,
                    13
                  ],
                  "uv_size": [
                    8,
                    2
                  ]
                },
                "south": {
                  "uv": [
                    161,
                    15
                  ],
                  "uv_size": [
                    8,
                    2
                  ]
                },
                "up": {
                  "uv": [
                    161,
                    17
                  ],
                  "uv_size": [
                    8,
                    2
                  ]
                },
                "west": {
                  "uv": [
                    63,
                    4
                  ],
                  "uv_size": [
                    2,
                    2
                  ]
                }
              }
            },
            {
              "origin": [
                5.25,
                28.31616,
                -5.18225
              ],
              "pivot": [
                8.625,
                29.19116,
                -5.68225
              ],
              "rotation": [
                -24.14867,
                -20.70481,
                9.00717
              ],
              "size": [
                7.75,
                1.75,
                1.5
              ],
              "uv": {
                "down": {
                  "uv": [
                    12,
                    163
                  ],
                  "uv_size": [
                    8,
                    -2
                  ]
                },
                "east": {
                  "uv": [
                    62,
                    54
                  ],
                  "uv_size": [
                    2,
                    2
                  ]
                },
                "north": {
                  "uv": [
                    155,
                    53
                  ],
                  "uv_size": [
                    8,
                    2
                  ]
                },
                "south": {
                  "uv": [
                    160,
                    45
                  ],
                  "uv_size": [
                    8,
                    2
                  ]
                },
                "up": {
                  "uv": [
                    161,
                    11
                  ],
                  "uv_size": [
                    8,
                    2
                  ]
                },
                "west": {
                  "uv": [
                    63,
                    0
                  ],
                  "uv_size": [
                    2,
                    2
                  ]
                }
              }
            },
            {
              "origin": [
                0.5,
                25.27549,
                -7.98463
              ],
              "pivot": [
                -0.5,
                26.65049,
                -6.73463
              ],
              "rotation": [
                -20.94102,
                -8.42106,
                -20.94102
              ],
              "size": [
                6,
                2.75,
                2.5
              ],
              "uv": {
                "down": {
                  "uv": [
                    160,
                    45
                  ],
                  "uv_size": [
                    6,
                    -3
                  ]
                },
                "east": {
                  "uv": [
                    62,
                    48
                  ],
                  "uv_size": [
                    3,
                    3
                  ]
                },
                "north": {
                  "uv": [
                    112,
                    149
                  ],
                  "uv_size": [
                    6,
                    3
                  ]
                },
                "south": {
                  "uv": [
                    159,
                    153
                  ],
                  "uv_size": [
                    6,
                    3
                  ]
                },
                "up": {
                  "uv": [
                    159,
                    156
                  ],
                  "uv_size": [
                    6,
                    3
                  ]
                },
                "west": {
                  "uv": [
                    62,
                    51
                  ],
                  "uv_size": [
                    3,
                    3
                  ]
                }
              }
            },
            {
              "origin": [
                -3.5,
                30,
                -16
              ],
              "pivot": [
                -0.5,
                11,
                -23.5
              ],
              "rotation": [
                -22.5,
                0,
                0
              ],
              "size": [
                6,
                3.75,
                4
              ],
              "uv": {
                "down": {
                  "uv": [
                    98,
                    149
                  ],
                  "uv_size": [
                    6,
                    -4
                  ]
                },
                "east": {
                  "uv": [
                    21,
                    141
                  ],
                  "uv_size": [
                    4,
                    4
                  ]
                },
                "north": {
                  "uv": [
                    9,
                    135
                  ],
                  "uv_size": [
                    6,
                    4
                  ]
                },
                "south": {
                  "uv": [
                    135,
                    88
                  ],
                  "uv_size": [
                    6,
                    4
                  ]
                },
                "up": {
                  "uv": [
                    138,
                    8
                  ],
                  "uv_size": [
                    6,
                    4
                  ]
                },
                "west": {
                  "uv": [
                    144,
                    8
                  ],
                  "uv_size": [
                    4,
                    4
                  ]
                }
              }
            },
            {
              "origin": [
                -3.5,
                25.25,
                -21
              ],
              "pivot": [
                -0.5,
                11,
                -23.5
              ],
              "rotation": [
                -22.5,
                0,
                0
              ],
              "size": [
                6,
                4.75,
                10
              ],
              "uv": {
                "down": {
                  "uv": [
                    110,
                    169
                  ],
                  "uv_size": [
                    6,
                    -10
                  ]
                },
                "east": {
                  "uv": [
                    134,
                    55
                  ],
                  "uv_size": [
                    10,
                    5
                  ]
                },
                "north": {
                  "uv": [
                    129,
                    74
                  ],
                  "uv_size": [
                    6,
                    5
                  ]
                },
                "south": {
                  "uv": [
                    106,
                    130
                  ],
                  "uv_size": [
                    6,
                    5
                  ]
                },
                "up": {
                  "uv": [
                    0,
                    156
                  ],
                  "uv_size": [
                    6,
                    10
                  ]
                },
                "west": {
                  "uv": [
                    143,
                    132
                  ],
                  "uv_size": [
                    10,
                    5
                  ]
                }
              }
            },
            {
              "origin": [
                -6.5,
                7.25,
                -27
              ],
              "pivot": [
                -0.5,
                11,
                -23.5
              ],
              "rotation": [
                -22.5,
                0,
                0
              ],
              "size": [
                12,
                20.75,
                17
              ],
              "uv": {
                "down": {
                  "uv": [
                    50,
                    151
                  ],
                  "uv_size": [
                    12,
                    -17
                  ]
                },
                "east": {
                  "uv": [
                    114,
                    21
                  ],
                  "uv_size": [
                    -17,
                    21
                  ]
                },
                "north": {
                  "uv": [
                    112,
                    114
                  ],
                  "uv_size": [
                    12,
                    21
                  ]
                },
                "south": {
                  "uv": [
                    112,
                    114
                  ],
                  "uv_size": [
                    12,
                    21
                  ]
                },
                "up": {
                  "uv": [
                    38,
                    134
                  ],
                  "uv_size": [
                    12,
                    17
                  ]
                },
                "west": {
                  "uv": [
                    97,
                    21
                  ],
                  "uv_size": [
                    17,
                    21
                  ]
                }
              }
            },
            {
              "origin": [
                -7,
                6,
                1
              ],
              "size": [
                13,
                10,
                14
              ],
              "uv": {
                "down": {
                  "uv": [
                    135,
                    88
                  ],
                  "uv_size": [
                    13,
                    -14
                  ]
                },
                "east": {
                  "uv": [
                    98,
                    149
                  ],
                  "uv_size": [
                    14,
                    10
                  ]
                },
                "north": {
                  "uv": [
                    62,
                    149
                  ],
                  "uv_size": [
                    13,
                    10
                  ]
                },
                "south": {
                  "uv": [
                    62,
                    149
                  ],
                  "uv_size": [
                    13,
                    10
                  ]
                },
                "up": {
                  "uv": [
                    62,
                    135
                  ],
                  "uv_size": [
                    13,
                    14
                  ]
                },
                "west": {
                  "uv": [
                    98,
                    149
                  ],
                  "uv_size": [
                    14,
                    10
                  ]
                }
              }
            },
            {
              "origin": [
                -16,
                4,
                -28
              ],
              "pivot": [
                -10.5,
                4.5,
                6
              ],
              "rotation": [
                0,
                0,
                -22.5
              ],
              "size": [
                13,
                5,
                63
              ],
              "uv": {
                "down": {
                  "uv": [
                    52,
                    119
                  ],
                  "uv_size": [
                    -13,
                    -63
                  ]
                },
                "east": {
                  "uv": [
                    128,
                    99
                  ],
                  "uv_size": [
                    -63,
                    5
                  ]
                },
                "north": {
                  "uv": [
                    170,
                    119
                  ],
                  "uv_size": [
                    -13,
                    5
                  ]
                },
                "south": {
                  "uv": [
                    172,
                    0
                  ],
                  "uv_size": [
                    -13,
                    5
                  ]
                },
                "up": {
                  "uv": [
                    39,
                    56
                  ],
                  "uv_size": [
                    -13,
                    63
                  ]
                },
                "west": {
                  "uv": [
                    65,
                    99
                  ],
                  "uv_size": [
                    63,
                    5
                  ]
                }
              }
            },
            {
              "origin": [
                -17,
                -2,
                20
              ],
              "size": [
                1,
                3,
                12
              ],
              "uv": {
                "down": {
                  "uv": [
                    63,
                    24
                  ],
                  "uv_size": [
                    -1,
                    -12
                  ]
                },
                "east": {
                  "uv": [
                    151,
                    159
                  ],
                  "uv_size": [
                    -12,
                    3
                  ]
                },
                "north": {
                  "uv": [
                    64,
                    6
                  ],
                  "uv_size": [
                    -1,
                    3
                  ]
                },
                "south": {
                  "uv": [
                    64,
                    9
                  ],
                  "uv_size": [
                    -1,
                    3
                  ]
                },
                "up": {
                  "uv": [
                    63,
                    0
                  ],
                  "uv_size": [
                    -1,
                    12
                  ]
                },
                "west": {
                  "uv": [
                    128,
                    159
                  ],
                  "uv_size": [
                    -12,
                    3
                  ]
                }
              }
            },
            {
              "origin": [
                -17,
                -2,
                5
              ],
              "size": [
                1,
                3,
                12
              ],
              "uv": {
                "down": {
                  "uv": [
                    63,
                    24
                  ],
                  "uv_size": [
                    -1,
                    -12
                  ]
                },
                "east": {
                  "uv": [
                    151,
                    159
                  ],
                  "uv_size": [
                    -12,
                    3
                  ]
                },
                "north": {
                  "uv": [
                    64,
                    6
                  ],
                  "uv_size": [
                    -1,
                    3
                  ]
                },
                "south": {
                  "uv": [
                    64,
                    9
                  ],
                  "uv_size": [
                    -1,
                    3
                  ]
                },
                "up": {
                  "uv": [
                    63,
                    0
                  ],
                  "uv_size": [
                    -1,
                    12
                  ]
                },
                "west": {
                  "uv": [
                    128,
                    159
                  ],
                  "uv_size": [
                    -12,
                    3
                  ]
                }
              }
            },
            {
              "origin": [
                2,
                4,
                -28
              ],
              "pivot": [
                9.5,
                4.5,
                6
              ],
              "rotation": [
                0,
                0,
                22.5
              ],
              "size": [
                13,
                5,
                63
              ],
              "uv": {
                "down": {
                  "uv": [
                    39,
                    119
                  ],
                  "uv_size": [
                    13,
                    -63
                  ]
                },
                "east": {
                  "uv": [
                    128,
                    99
                  ],
                  "uv_size": [
                    -63,
                    5
                  ]
                },
                "north": {
                  "uv": [
                    157,
                    119
                  ],
                  "uv_size": [
                    13,
                    5
                  ]
                },
                "south": {
                  "uv": [
                    159,
                    0
                  ],
                  "uv_size": [
                    13,
                    5
                  ]
                },
                "up": {
                  "uv": [
                    26,
                    56
                  ],
                  "uv_size": [
                    13,
                    63
                  ]
                },
                "west": {
                  "uv": [
                    65,
                    99
                  ],
                  "uv_size": [
                    63,
                    5
                  ]
                }
              }
            },
            {
              "origin": [
                -6.25,
                4,
                -7.25
              ],
              "size": [
                12.25,
                6,
                14
              ],
              "uv": {
                "down": {
                  "uv": [
                    142,
                    152
                  ],
                  "uv_size": [
                    12,
                    -14
                  ]
                },
                "east": {
                  "uv": [
                    9,
                    155
                  ],
                  "uv_size": [
                    14,
                    6
                  ]
                },
                "north": {
                  "uv": [
                    85,
                    157
                  ],
                  "uv_size": [
                    12,
                    6
                  ]
                },
                "south": {
                  "uv": [
                    157,
                    113
                  ],
                  "uv_size": [
                    12,
                    6
                  ]
                },
                "up": {
                  "uv": [
                    9,
                    141
                  ],
                  "uv_size": [
                    12,
                    14
                  ]
                },
                "west": {
                  "uv": [
                    155,
                    47
                  ],
                  "uv_size": [
                    14,
                    6
                  ]
                }
              }
            },
            {
              "origin": [
                -12,
                1,
                -36.75
              ],
              "size": [
                23,
                7,
                17.5
              ],
              "uv": {
                "down": {
                  "uv": [
                    88,
                    99
                  ],
                  "uv_size": [
                    23,
                    -18
                  ]
                },
                "east": {
                  "uv": [
                    166,
                    81
                  ],
                  "uv_size": [
                    -18,
                    7
                  ]
                },
                "north": {
                  "uv": [
                    143,
                    100
                  ],
                  "uv_size": [
                    23,
                    7
                  ]
                },
                "south": {
                  "uv": [
                    143,
                    125
                  ],
                  "uv_size": [
                    23,
                    7
                  ]
                },
                "up": {
                  "uv": [
                    65,
                    81
                  ],
                  "uv_size": [
                    23,
                    18
                  ]
                },
                "west": {
                  "uv": [
                    148,
                    81
                  ],
                  "uv_size": [
                    18,
                    7
                  ]
                }
              }
            },
            {
              "origin": [
                -11,
                2,
                -29.25
              ],
              "pivot": [
                -0.5,
                6,
                -24
              ],
              "rotation": [
                -22.5,
                0,
                0
              ],
              "size": [
                21,
                8,
                10
              ],
              "uv": {
                "down": {
                  "uv": [
                    127,
                    32
                  ],
                  "uv_size": [
                    21,
                    -10
                  ]
                },
                "east": {
                  "uv": [
                    129,
                    155
                  ],
                  "uv_size": [
                    10,
                    8
                  ]
                },
                "north": {
                  "uv": [
                    134,
                    47
                  ],
                  "uv_size": [
                    21,
                    8
                  ]
                },
                "south": {
                  "uv": [
                    138,
                    0
                  ],
                  "uv_size": [
                    21,
                    8
                  ]
                },
                "up": {
                  "uv": [
                    127,
                    12
                  ],
                  "uv_size": [
                    21,
                    10
                  ]
                },
                "west": {
                  "uv": [
                    23,
                    157
                  ],
                  "uv_size": [
                    10,
                    8
                  ]
                }
              }
            },
            {
              "origin": [
                -8,
                0,
                29
              ],
              "pivot": [
                -0.5,
                3,
                36
              ],
              "rotation": [
                22.5,
                0,
                0
              ],
              "size": [
                15,
                6,
                14
              ],
              "uv": {
                "down": {
                  "uv": [
                    129,
                    74
                  ],
                  "uv_size": [
                    15,
                    -14
                  ]
                },
                "east": {
                  "uv": [
                    171,
                    94
                  ],
                  "uv_size": [
                    -14,
                    6
                  ]
                },
                "north": {
                  "uv": [
                    111,
                    93
                  ],
                  "uv_size": [
                    15,
                    6
                  ]
                },
                "south": {
                  "uv": [
                    154,
                    64
                  ],
                  "uv_size": [
                    15,
                    6
                  ]
                },
                "up": {
                  "uv": [
                    128,
                    93
                  ],
                  "uv_size": [
                    15,
                    14
                  ]
                },
                "west": {
                  "uv": [
                    157,
                    94
                  ],
                  "uv_size": [
                    14,
                    6
                  ]
                }
              }
            },
            {
              "origin": [
                -7,
                -4.1,
                -26
              ],
              "size": [
                13,
                9,
                64
              ],
              "uv": {
                "down": {
                  "uv": [
                    13,
                    120
                  ],
                  "uv_size": [
                    13,
                    -64
                  ]
                },
                "east": {
                  "uv": [
                    129,
                    72
                  ],
                  "uv_size": [
                    -64,
                    9
                  ]
                },
                "north": {
                  "uv": [
                    154,
                    132
                  ],
                  "uv_size": [
                    13,
                    9
                  ]
                },
                "south": {
                  "uv": [
                    154,
                    141
                  ],
                  "uv_size": [
                    13,
                    9
                  ]
                },
                "up": {
                  "uv": [
                    0,
                    56
                  ],
                  "uv_size": [
                    13,
                    64
                  ]
                },
                "west": {
                  "uv": [
                    65,
                    72
                  ],
                  "uv_size": [
                    64,
                    9
                  ]
                }
              }
            },
            {
              "origin": [
                15,
                -2,
                5
              ],
              "size": [
                1,
                3,
                12
              ],
              "uv": {
                "down": {
                  "uv": [
                    62,
                    24
                  ],
                  "uv_size": [
                    1,
                    -12
                  ]
                },
                "east": {
                  "uv": [
                    116,
                    159
                  ],
                  "uv_size": [
                    12,
                    3
                  ]
                },
                "north": {
                  "uv": [
                    63,
                    6
                  ],
                  "uv_size": [
                    1,
                    3
                  ]
                },
                "south": {
                  "uv": [
                    63,
                    9
                  ],
                  "uv_size": [
                    1,
                    3
                  ]
                },
                "up": {
                  "uv": [
                    62,
                    0
                  ],
                  "uv_size": [
                    1,
                    12
                  ]
                },
                "west": {
                  "uv": [
                    139,
                    159
                  ],
                  "uv_size": [
                    12,
                    3
                  ]
                }
              }
            },
            {
              "origin": [
                15,
                -2,
                20
              ],
              "size": [
                1,
                3,
                12
              ],
              "uv": {
                "down": {
                  "uv": [
                    62,
                    24
                  ],
                  "uv_size": [
                    1,
                    -12
                  ]
                },
                "east": {
                  "uv": [
                    116,
                    159
                  ],
                  "uv_size": [
                    12,
                    3
                  ]
                },
                "north": {
                  "uv": [
                    63,
                    6
                  ],
                  "uv_size": [
                    1,
                    3
                  ]
                },
                "south": {
                  "uv": [
                    63,
                    9
                  ],
                  "uv_size": [
                    1,
                    3
                  ]
                },
                "up": {
                  "uv": [
                    62,
                    0
                  ],
                  "uv_size": [
                    1,
                    12
                  ]
                },
                "west": {
                  "uv": [
                    139,
                    159
                  ],
                  "uv_size": [
                    12,
                    3
                  ]
                }
              }
            },
            {
              "origin": [
                -16,
                -1,
                -22
              ],
              "size": [
                31,
                6,
                56
              ],
              "uv": {
                "down": {
                  "uv": [
                    31,
                    56
                  ],
                  "uv_size": [
                    31,
                    -56
                  ]
                },
                "east": {
                  "uv": [
                    134,
                    54
                  ],
                  "uv_size": [
                    -56,
                    6
                  ]
                },
                "north": {
                  "uv": [
                    114,
                    33
                  ],
                  "uv_size": [
                    31,
                    6
                  ]
                },
                "south": {
                  "uv": [
                    128,
                    107
                  ],
                  "uv_size": [
                    31,
                    6
                  ]
                },
                "up": {
                  "uv": [
                    0,
                    0
                  ],
                  "uv_size": [
                    31,
                    56
                  ]
                },
                "west": {
                  "uv": [
                    78,
                    54
                  ],
                  "uv_size": [
                    56,
                    6
                  ]
                }
              }
            }
          ],
          "name": "jetski",
          "pivot": [
            0,
            0,
            0
          ]
        }
      ],
      "description": {
        "identifier": "geometry.jetski",
        "texture_height": 256,
        "texture_width": 256,
        "visible_bounds_height": 3.5,
        "visible_bounds_offset": [
          0,
          1.25,
          0
        ],
        "visible_bounds_width": 7
      }
    }
  ]
}