{
  "format_version": "1.12.0",
  "minecraft:geometry": [
    {
      "bones": [
        {
          "name": "sub",
          "pivot": [
            0,
            0,
            0
          ]
        },
        {
          "cubes": [
            {
              "origin": [
                -6,
                0,
                -15
              ],
              "size": [
                12,
                5,
                30
              ],
              "uv": [
                0,
                35
              ]
            },
            {
              "origin": [
                -6,
                7,
                -15
              ],
              "size": [
                12,
                5,
                30
              ],
              "uv": [
                0,
                0
              ]
            },
            {
              "origin": [
                -6,
                1,
                -16
              ],
              "size": [
                12,
                4,
                1
              ],
              "uv": [
                0,
                15
              ]
            },
            {
              "origin": [
                -6,
                7,
                -16
              ],
              "size": [
                12,
                4,
                1
              ],
              "uv": [
                0,
                5
              ]
            },
            {
              "origin": [
                -6,
                1,
                15
              ],
              "size": [
                12,
                4,
                1
              ],
              "uv": [
                0,
                10
              ]
            },
            {
              "origin": [
                -6,
                7,
                15
              ],
              "size": [
                12,
                4,
                1
              ],
              "uv": [
                0,
                0
              ]
            },
            {
              "origin": [
                6,
                1,
                -15
              ],
              "size": [
                1,
                4,
                30
              ],
              "uv": [
                86,
                34
              ]
            },
            {
              "origin": [
                6,
                7,
                -15
              ],
              "size": [
                1,
                4,
                30
              ],
              "uv": [
                0,
                70
              ]
            },
            {
              "origin": [
                -7,
                7,
                -15
              ],
              "size": [
                1,
                4,
                30
              ],
              "uv": [
                54,
                64
              ]
            },
            {
              "origin": [
                -7,
                1,
                -15
              ],
              "size": [
                1,
                4,
                30
              ],
              "uv": [
                54,
                30
              ]
            }
          ],
          "name": "bread",
          "parent": "sub",
          "pivot": [
            0,
            0,
            0
          ]
        },
        {
          "cubes": [
            {
              "origin": [
                -3,
                3,
                -19
              ],
              "size": [
                6,
                6,
                3
              ],
              "uv": [
                0,
                20
              ]
            },
            {
              "origin": [
                -3,
                5,
                -16
              ],
              "size": [
                6,
                2,
                2
              ],
              "uv": [
                0,
                35
              ]
            }
          ],
          "name": "booster",
          "parent": "sub",
          "pivot": [
            0,
            0,
            0
          ]
        },
        {
          "cubes": [
            {
              "origin": [
                -6,
                5,
                -14
              ],
              "size": [
                12,
                2,
                28
              ],
              "uv": [
                54,
                0
              ]
            }
          ],
          "name": "insides",
          "parent": "sub",
          "pivot": [
            0,
            0,
            0
          ]
        }
      ],
      "description": {
        "identifier": "geometry.gadget.sailing_sub",
        "texture_height": 256,
        "texture_width": 256,
        "visible_bounds_height": 2.5,
        "visible_bounds_offset": [
          0,
          0.75,
          0
        ],
        "visible_bounds_width": 3
      }
    }
  ]
}