{
  "format_version": "1.12.0",
  "minecraft:geometry": [
    {
      "bones": [
        {
          "cubes": [
            {
              "origin": [
                1,
                1,
                -3
              ],
              "size": [
                3,
                2,
                5
              ],
              "uv": {
                "down": {
                  "uv": [
                    8,
                    10
                  ],
                  "uv_size": [
                    3,
                    -5
                  ]
                },
                "east": {
                  "uv": [
                    12,
                    10
                  ],
                  "uv_size": [
                    5,
                    2
                  ]
                },
                "north": {
                  "uv": [
                    9,
                    15
                  ],
                  "uv_size": [
                    3,
                    2
                  ]
                },
                "south": {
                  "uv": [
                    12,
                    15
                  ],
                  "uv_size": [
                    3,
                    2
                  ]
                },
                "up": {
                  "uv": [
                    8,
                    0
                  ],
                  "uv_size": [
                    3,
                    5
                  ]
                },
                "west": {
                  "uv": [
                    12,
                    12
                  ],
                  "uv_size": [
                    5,
                    2
                  ]
                }
              }
            },
            {
              "origin": [
                1.25,
                1,
                -4
              ],
              "size": [
                2.5,
                1.75,
                1
              ],
              "uv": {
                "down": {
                  "uv": [
                    0,
                    20
                  ],
                  "uv_size": [
                    2.5,
                    -1
                  ]
                },
                "east": {
                  "uv": [
                    7,
                    18
                  ],
                  "uv_size": [
                    1,
                    1.75
                  ]
                },
                "north": {
                  "uv": [
                    3,
                    16
                  ],
                  "uv_size": [
                    2.5,
                    1.75
                  ]
                },
                "south": {
                  "uv": [
                    6,
                    16
                  ],
                  "uv_size": [
                    2.5,
                    1.75
                  ]
                },
                "up": {
                  "uv": [
                    18,
                    18
                  ],
                  "uv_size": [
                    2.5,
                    1
                  ]
                },
                "west": {
                  "uv": [
                    8,
                    18
                  ],
                  "uv_size": [
                    1,
                    1.75
                  ]
                }
              }
            },
            {
              "origin": [
                1.4,
                0.8,
                -4.3
              ],
              "pivot": [
                2.525,
                1.75,
                -4.25
              ],
              "rotation": [
                -22.5,
                0,
                0
              ],
              "size": [
                2.25,
                1.7,
                0.5
              ],
              "uv": {
                "down": {
                  "uv": [
                    20,
                    10.5
                  ],
                  "uv_size": [
                    2.25,
                    -0.5
                  ]
                },
                "east": {
                  "uv": [
                    2,
                    21
                  ],
                  "uv_size": [
                    0.5,
                    1.75
                  ]
                },
                "north": {
                  "uv": [
                    17,
                    8
                  ],
                  "uv_size": [
                    2.25,
                    1.75
                  ]
                },
                "south": {
                  "uv": [
                    9,
                    17
                  ],
                  "uv_size": [
                    2.25,
                    1.75
                  ]
                },
                "up": {
                  "uv": [
                    9,
                    20
                  ],
                  "uv_size": [
                    2.25,
                    0.5
                  ]
                },
                "west": {
                  "uv": [
                    3,
                    21
                  ],
                  "uv_size": [
                    0.5,
                    1.75
                  ]
                }
              }
            },
            {
              "origin": [
                0.9,
                0,
                -3.1
              ],
              "size": [
                3.2,
                1,
                8.2
              ],
              "uv": {
                "down": {
                  "uv": [
                    4,
                    8.25
                  ],
                  "uv_size": [
                    3.25,
                    -8.25
                  ]
                },
                "east": {
                  "uv": [
                    12,
                    14
                  ],
                  "uv_size": [
                    8.25,
                    1
                  ]
                },
                "north": {
                  "uv": [
                    17,
                    12
                  ],
                  "uv_size": [
                    3.25,
                    1
                  ]
                },
                "south": {
                  "uv": [
                    17,
                    13
                  ],
                  "uv_size": [
                    3.25,
                    1
                  ]
                },
                "up": {
                  "uv": [
                    0,
                    0
                  ],
                  "uv_size": [
                    3.25,
                    8.25
                  ]
                },
                "west": {
                  "uv": [
                    0,
                    15
                  ],
                  "uv_size": [
                    8.25,
                    1
                  ]
                }
              }
            },
            {
              "origin": [
                0.925,
                0.19155,
                -4.06299
              ],
              "pivot": [
                2.5,
                0.69155,
                -3.46299
              ],
              "rotation": [
                -22.5,
                0,
                0
              ],
              "size": [
                3.15,
                1,
                1.2
              ],
              "uv": {
                "down": {
                  "uv": [
                    17,
                    7.25
                  ],
                  "uv_size": [
                    3.25,
                    -1.25
                  ]
                },
                "east": {
                  "uv": [
                    4,
                    20
                  ],
                  "uv_size": [
                    1.25,
                    1
                  ]
                },
                "north": {
                  "uv": [
                    15,
                    17
                  ],
                  "uv_size": [
                    3.25,
                    1
                  ]
                },
                "south": {
                  "uv": [
                    0,
                    18
                  ],
                  "uv_size": [
                    3.25,
                    1
                  ]
                },
                "up": {
                  "uv": [
                    17,
                    4
                  ],
                  "uv_size": [
                    3.25,
                    1.25
                  ]
                },
                "west": {
                  "uv": [
                    6,
                    20
                  ],
                  "uv_size": [
                    1.25,
                    1
                  ]
                }
              }
            },
            {
              "origin": [
                1.025,
                0.19155,
                -4.51299
              ],
              "pivot": [
                2.5,
                0.69155,
                -3.46299
              ],
              "rotation": [
                -22.5,
                0,
                0
              ],
              "size": [
                2.95,
                1,
                0.45
              ],
              "uv": {
                "down": {
                  "uv": [
                    9,
                    19.5
                  ],
                  "uv_size": [
                    3,
                    -0.5
                  ]
                },
                "east": {
                  "uv": [
                    21,
                    5
                  ],
                  "uv_size": [
                    0.5,
                    1
                  ]
                },
                "north": {
                  "uv": [
                    4,
                    18
                  ],
                  "uv_size": [
                    3,
                    1
                  ]
                },
                "south": {
                  "uv": [
                    15,
                    18
                  ],
                  "uv_size": [
                    3,
                    1
                  ]
                },
                "up": {
                  "uv": [
                    3,
                    19
                  ],
                  "uv_size": [
                    3,
                    0.5
                  ]
                },
                "west": {
                  "uv": [
                    6,
                    21
                  ],
                  "uv_size": [
                    0.5,
                    1
                  ]
                }
              }
            },
            {
              "origin": [
                1.1,
                2.24974,
                -2.50131
              ],
              "pivot": [
                2.5,
                3.12474,
                0.12369
              ],
              "rotation": [
                22.5,
                0,
                0
              ],
              "size": [
                2.8,
                1.75,
                5.25
              ],
              "uv": {
                "down": {
                  "uv": [
                    3,
                    14.25
                  ],
                  "uv_size": [
                    2.75,
                    -5.25
                  ]
                },
                "east": {
                  "uv": [
                    14,
                    0
                  ],
                  "uv_size": [
                    5.25,
                    1.75
                  ]
                },
                "north": {
                  "uv": [
                    15,
                    15
                  ],
                  "uv_size": [
                    2.75,
                    1.75
                  ]
                },
                "south": {
                  "uv": [
                    0,
                    16
                  ],
                  "uv_size": [
                    2.75,
                    1.75
                  ]
                },
                "up": {
                  "uv": [
                    0,
                    9
                  ],
                  "uv_size": [
                    2.75,
                    5.25
                  ]
                },
                "west": {
                  "uv": [
                    14,
                    2
                  ],
                  "uv_size": [
                    5.25,
                    1.75
                  ]
                }
              }
            },
            {
              "origin": [
                1.75,
                3.24974,
                -1.25131
              ],
              "pivot": [
                2.5,
                3.12474,
                0.12369
              ],
              "rotation": [
                22.5,
                0,
                0
              ],
              "size": [
                1.5,
                1,
                0.25
              ],
              "uv": {
                "down": {
                  "uv": [
                    21,
                    7.25
                  ],
                  "uv_size": [
                    1.5,
                    -0.25
                  ]
                },
                "east": {
                  "uv": [
                    7,
                    21
                  ],
                  "uv_size": [
                    0.25,
                    1
                  ]
                },
                "north": {
                  "uv": [
                    6,
                    9
                  ],
                  "uv_size": [
                    1.5,
                    1
                  ]
                },
                "south": {
                  "uv": [
                    12,
                    19
                  ],
                  "uv_size": [
                    1.5,
                    1
                  ]
                },
                "up": {
                  "uv": [
                    21,
                    6
                  ],
                  "uv_size": [
                    1.5,
                    0.25
                  ]
                },
                "west": {
                  "uv": [
                    21,
                    16
                  ],
                  "uv_size": [
                    0.25,
                    1
                  ]
                }
              }
            },
            {
              "origin": [
                1.75,
                3.24974,
                -0.25131
              ],
              "pivot": [
                2.5,
                3.12474,
                0.12369
              ],
              "rotation": [
                22.5,
                0,
                0
              ],
              "size": [
                1.5,
                1,
                0.25
              ],
              "uv": {
                "down": {
                  "uv": [
                    9,
                    21.25
                  ],
                  "uv_size": [
                    1.5,
                    -0.25
                  ]
                },
                "east": {
                  "uv": [
                    17,
                    21
                  ],
                  "uv_size": [
                    0.25,
                    1
                  ]
                },
                "north": {
                  "uv": [
                    14,
                    19
                  ],
                  "uv_size": [
                    1.5,
                    1
                  ]
                },
                "south": {
                  "uv": [
                    16,
                    19
                  ],
                  "uv_size": [
                    1.5,
                    1
                  ]
                },
                "up": {
                  "uv": [
                    21,
                    8
                  ],
                  "uv_size": [
                    1.5,
                    0.25
                  ]
                },
                "west": {
                  "uv": [
                    21,
                    17
                  ],
                  "uv_size": [
                    0.25,
                    1
                  ]
                }
              }
            },
            {
              "origin": [
                1.75,
                3.24974,
                0.74869
              ],
              "pivot": [
                2.5,
                3.12474,
                0.12369
              ],
              "rotation": [
                22.5,
                0,
                0
              ],
              "size": [
                1.5,
                1,
                0.25
              ],
              "uv": {
                "down": {
                  "uv": [
                    11,
                    21.25
                  ],
                  "uv_size": [
                    1.5,
                    -0.25
                  ]
                },
                "east": {
                  "uv": [
                    18,
                    21
                  ],
                  "uv_size": [
                    0.25,
                    1
                  ]
                },
                "north": {
                  "uv": [
                    19,
                    17
                  ],
                  "uv_size": [
                    1.5,
                    1
                  ]
                },
                "south": {
                  "uv": [
                    18,
                    19
                  ],
                  "uv_size": [
                    1.5,
                    1
                  ]
                },
                "up": {
                  "uv": [
                    21,
                    9
                  ],
                  "uv_size": [
                    1.5,
                    0.25
                  ]
                },
                "west": {
                  "uv": [
                    21,
                    18
                  ],
                  "uv_size": [
                    0.25,
                    1
                  ]
                }
              }
            },
            {
              "origin": [
                1.75,
                3.24974,
                1.74869
              ],
              "pivot": [
                2.5,
                3.12474,
                0.12369
              ],
              "rotation": [
                22.5,
                0,
                0
              ],
              "size": [
                1.5,
                1,
                0.25
              ],
              "uv": {
                "down": {
                  "uv": [
                    13,
                    21.25
                  ],
                  "uv_size": [
                    1.5,
                    -0.25
                  ]
                },
                "east": {
                  "uv": [
                    19,
                    21
                  ],
                  "uv_size": [
                    0.25,
                    1
                  ]
                },
                "north": {
                  "uv": [
                    0,
                    20
                  ],
                  "uv_size": [
                    1.5,
                    1
                  ]
                },
                "south": {
                  "uv": [
                    20,
                    0
                  ],
                  "uv_size": [
                    1.5,
                    1
                  ]
                },
                "up": {
                  "uv": [
                    21,
                    12
                  ],
                  "uv_size": [
                    1.5,
                    0.25
                  ]
                },
                "west": {
                  "uv": [
                    20,
                    21
                  ],
                  "uv_size": [
                    0.25,
                    1
                  ]
                }
              }
            },
            {
              "origin": [
                1.75,
                3.12186,
                3.1263
              ],
              "pivot": [
                2.5,
                4.37186,
                1.5013
              ],
              "rotation": [
                90,
                0,
                0
              ],
              "size": [
                1.5,
                1,
                0.25
              ],
              "uv": {
                "down": {
                  "uv": [
                    21,
                    14.25
                  ],
                  "uv_size": [
                    1.5,
                    -0.25
                  ]
                },
                "east": {
                  "uv": [
                    21,
                    21
                  ],
                  "uv_size": [
                    0.25,
                    1
                  ]
                },
                "north": {
                  "uv": [
                    20,
                    1
                  ],
                  "uv_size": [
                    1.5,
                    1
                  ]
                },
                "south": {
                  "uv": [
                    2,
                    20
                  ],
                  "uv_size": [
                    1.5,
                    1
                  ]
                },
                "up": {
                  "uv": [
                    21,
                    13
                  ],
                  "uv_size": [
                    1.5,
                    0.25
                  ]
                },
                "west": {
                  "uv": [
                    0,
                    22
                  ],
                  "uv_size": [
                    0.25,
                    1
                  ]
                }
              }
            },
            {
              "origin": [
                1.75,
                3.12186,
                2.3763
              ],
              "pivot": [
                2.5,
                4.37186,
                1.5013
              ],
              "rotation": [
                90,
                0,
                0
              ],
              "size": [
                1.5,
                1,
                0.25
              ],
              "uv": {
                "down": {
                  "uv": [
                    21,
                    15.25
                  ],
                  "uv_size": [
                    1.5,
                    -0.25
                  ]
                },
                "east": {
                  "uv": [
                    22,
                    0
                  ],
                  "uv_size": [
                    0.25,
                    1
                  ]
                },
                "north": {
                  "uv": [
                    20,
                    2
                  ],
                  "uv_size": [
                    1.5,
                    1
                  ]
                },
                "south": {
                  "uv": [
                    20,
                    3
                  ],
                  "uv_size": [
                    1.5,
                    1
                  ]
                },
                "up": {
                  "uv": [
                    15,
                    21
                  ],
                  "uv_size": [
                    1.5,
                    0.25
                  ]
                },
                "west": {
                  "uv": [
                    1,
                    22
                  ],
                  "uv_size": [
                    0.25,
                    1
                  ]
                }
              }
            },
            {
              "origin": [
                1,
                1,
                2
              ],
              "size": [
                3,
                4.25,
                3
              ],
              "uv": {
                "down": {
                  "uv": [
                    14,
                    10
                  ],
                  "uv_size": [
                    3,
                    -3
                  ]
                },
                "east": {
                  "uv": [
                    9,
                    10
                  ],
                  "uv_size": [
                    3,
                    4.25
                  ]
                },
                "north": {
                  "uv": [
                    6,
                    10
                  ],
                  "uv_size": [
                    3,
                    4.25
                  ]
                },
                "south": {
                  "uv": [
                    11,
                    0
                  ],
                  "uv_size": [
                    3,
                    4.25
                  ]
                },
                "up": {
                  "uv": [
                    14,
                    4
                  ],
                  "uv_size": [
                    3,
                    3
                  ]
                },
                "west": {
                  "uv": [
                    11,
                    5
                  ],
                  "uv_size": [
                    3,
                    4.25
                  ]
                }
              }
            },
            {
              "origin": [
                2.625,
                5.25,
                3.625
              ],
              "pivot": [
                3.625,
                5.875,
                4
              ],
              "rotation": [
                45,
                -90,
                -45
              ],
              "size": [
                1.5,
                0.75,
                0.75
              ],
              "uv": {
                "down": {
                  "uv": [
                    16,
                    20.75
                  ],
                  "uv_size": [
                    1.5,
                    -0.75
                  ]
                },
                "east": {
                  "uv": [
                    6,
                    19
                  ],
                  "uv_size": [
                    0.75,
                    0.75
                  ]
                },
                "north": {
                  "uv": [
                    20,
                    11
                  ],
                  "uv_size": [
                    1.5,
                    0.75
                  ]
                },
                "south": {
                  "uv": [
                    12,
                    20
                  ],
                  "uv_size": [
                    1.5,
                    0.75
                  ]
                },
                "up": {
                  "uv": [
                    14,
                    20
                  ],
                  "uv_size": [
                    1.5,
                    0.75
                  ]
                },
                "west": {
                  "uv": [
                    4,
                    21
                  ],
                  "uv_size": [
                    0.75,
                    0.75
                  ]
                }
              }
            },
            {
              "origin": [
                2.625,
                5.25,
                5.875
              ],
              "pivot": [
                3.625,
                5.875,
                4
              ],
              "rotation": [
                45,
                -90,
                -45
              ],
              "size": [
                1.5,
                0.75,
                0.75
              ],
              "uv": {
                "down": {
                  "uv": [
                    0,
                    21.75
                  ],
                  "uv_size": [
                    1.5,
                    -0.75
                  ]
                },
                "east": {
                  "uv": [
                    21,
                    4
                  ],
                  "uv_size": [
                    0.75,
                    0.75
                  ]
                },
                "north": {
                  "uv": [
                    18,
                    20
                  ],
                  "uv_size": [
                    1.5,
                    0.75
                  ]
                },
                "south": {
                  "uv": [
                    20,
                    19
                  ],
                  "uv_size": [
                    1.5,
                    0.75
                  ]
                },
                "up": {
                  "uv": [
                    20,
                    20
                  ],
                  "uv_size": [
                    1.5,
                    0.75
                  ]
                },
                "west": {
                  "uv": [
                    5,
                    21
                  ],
                  "uv_size": [
                    0.75,
                    0.75
                  ]
                }
              }
            },
            {
              "origin": [
                1,
                5.25,
                2
              ],
              "size": [
                3,
                1.25,
                1
              ],
              "uv": {
                "down": {
                  "uv": [
                    18,
                    17
                  ],
                  "uv_size": [
                    3,
                    -1
                  ]
                },
                "east": {
                  "uv": [
                    8,
                    20
                  ],
                  "uv_size": [
                    1,
                    1.25
                  ]
                },
                "north": {
                  "uv": [
                    17,
                    10
                  ],
                  "uv_size": [
                    3,
                    1.25
                  ]
                },
                "south": {
                  "uv": [
                    12,
                    17
                  ],
                  "uv_size": [
                    3,
                    1.25
                  ]
                },
                "up": {
                  "uv": [
                    18,
                    15
                  ],
                  "uv_size": [
                    3,
                    1
                  ]
                },
                "west": {
                  "uv": [
                    20,
                    8
                  ],
                  "uv_size": [
                    1,
                    1.25
                  ]
                }
              }
            }
          ],
          "name": "shoe",
          "pivot": [
            0,
            0,
            0
          ]
        },
        {
          "cubes": [
            {
              "origin": [
                -4.5,
                1,
                -2
              ],
              "size": [
                3,
                2,
                5
              ],
              "uv": {
                "down": {
                  "uv": [
                    8,
                    10
                  ],
                  "uv_size": [
                    3,
                    -5
                  ]
                },
                "east": {
                  "uv": [
                    12,
                    10
                  ],
                  "uv_size": [
                    5,
                    2
                  ]
                },
                "north": {
                  "uv": [
                    9,
                    15
                  ],
                  "uv_size": [
                    3,
                    2
                  ]
                },
                "south": {
                  "uv": [
                    12,
                    15
                  ],
                  "uv_size": [
                    3,
                    2
                  ]
                },
                "up": {
                  "uv": [
                    8,
                    0
                  ],
                  "uv_size": [
                    3,
                    5
                  ]
                },
                "west": {
                  "uv": [
                    12,
                    12
                  ],
                  "uv_size": [
                    5,
                    2
                  ]
                }
              }
            },
            {
              "origin": [
                -4.25,
                1,
                -3
              ],
              "size": [
                2.5,
                1.75,
                1
              ],
              "uv": {
                "down": {
                  "uv": [
                    0,
                    20
                  ],
                  "uv_size": [
                    2.5,
                    -1
                  ]
                },
                "east": {
                  "uv": [
                    7,
                    18
                  ],
                  "uv_size": [
                    1,
                    1.75
                  ]
                },
                "north": {
                  "uv": [
                    3,
                    16
                  ],
                  "uv_size": [
                    2.5,
                    1.75
                  ]
                },
                "south": {
                  "uv": [
                    6,
                    16
                  ],
                  "uv_size": [
                    2.5,
                    1.75
                  ]
                },
                "up": {
                  "uv": [
                    18,
                    18
                  ],
                  "uv_size": [
                    2.5,
                    1
                  ]
                },
                "west": {
                  "uv": [
                    8,
                    18
                  ],
                  "uv_size": [
                    1,
                    1.75
                  ]
                }
              }
            },
            {
              "origin": [
                -4.1,
                0.8,
                -3.3
              ],
              "pivot": [
                -2.975,
                1.75,
                -3.25
              ],
              "rotation": [
                -22.5,
                0,
                0
              ],
              "size": [
                2.25,
                1.7,
                0.5
              ],
              "uv": {
                "down": {
                  "uv": [
                    20,
                    10.5
                  ],
                  "uv_size": [
                    2.25,
                    -0.5
                  ]
                },
                "east": {
                  "uv": [
                    2,
                    21
                  ],
                  "uv_size": [
                    0.5,
                    1.75
                  ]
                },
                "north": {
                  "uv": [
                    17,
                    8
                  ],
                  "uv_size": [
                    2.25,
                    1.75
                  ]
                },
                "south": {
                  "uv": [
                    9,
                    17
                  ],
                  "uv_size": [
                    2.25,
                    1.75
                  ]
                },
                "up": {
                  "uv": [
                    9,
                    20
                  ],
                  "uv_size": [
                    2.25,
                    0.5
                  ]
                },
                "west": {
                  "uv": [
                    3,
                    21
                  ],
                  "uv_size": [
                    0.5,
                    1.75
                  ]
                }
              }
            },
            {
              "origin": [
                -4.6,
                0,
                -2.1
              ],
              "size": [
                3.2,
                1,
                8.2
              ],
              "uv": {
                "down": {
                  "uv": [
                    4,
                    8.25
                  ],
                  "uv_size": [
                    3.25,
                    -8.25
                  ]
                },
                "east": {
                  "uv": [
                    12,
                    14
                  ],
                  "uv_size": [
                    8.25,
                    1
                  ]
                },
                "north": {
                  "uv": [
                    17,
                    12
                  ],
                  "uv_size": [
                    3.25,
                    1
                  ]
                },
                "south": {
                  "uv": [
                    17,
                    13
                  ],
                  "uv_size": [
                    3.25,
                    1
                  ]
                },
                "up": {
                  "uv": [
                    0,
                    0
                  ],
                  "uv_size": [
                    3.25,
                    8.25
                  ]
                },
                "west": {
                  "uv": [
                    0,
                    15
                  ],
                  "uv_size": [
                    8.25,
                    1
                  ]
                }
              }
            },
            {
              "origin": [
                -4.575,
                0.19155,
                -3.06299
              ],
              "pivot": [
                -3,
                0.69155,
                -2.46299
              ],
              "rotation": [
                -22.5,
                0,
                0
              ],
              "size": [
                3.15,
                1,
                1.2
              ],
              "uv": {
                "down": {
                  "uv": [
                    17,
                    7.25
                  ],
                  "uv_size": [
                    3.25,
                    -1.25
                  ]
                },
                "east": {
                  "uv": [
                    4,
                    20
                  ],
                  "uv_size": [
                    1.25,
                    1
                  ]
                },
                "north": {
                  "uv": [
                    15,
                    17
                  ],
                  "uv_size": [
                    3.25,
                    1
                  ]
                },
                "south": {
                  "uv": [
                    0,
                    18
                  ],
                  "uv_size": [
                    3.25,
                    1
                  ]
                },
                "up": {
                  "uv": [
                    17,
                    4
                  ],
                  "uv_size": [
                    3.25,
                    1.25
                  ]
                },
                "west": {
                  "uv": [
                    6,
                    20
                  ],
                  "uv_size": [
                    1.25,
                    1
                  ]
                }
              }
            },
            {
              "origin": [
                -4.475,
                0.19155,
                -3.51299
              ],
              "pivot": [
                -3,
                0.69155,
                -2.46299
              ],
              "rotation": [
                -22.5,
                0,
                0
              ],
              "size": [
                2.95,
                1,
                0.45
              ],
              "uv": {
                "down": {
                  "uv": [
                    9,
                    19.5
                  ],
                  "uv_size": [
                    3,
                    -0.5
                  ]
                },
                "east": {
                  "uv": [
                    21,
                    5
                  ],
                  "uv_size": [
                    0.5,
                    1
                  ]
                },
                "north": {
                  "uv": [
                    4,
                    18
                  ],
                  "uv_size": [
                    3,
                    1
                  ]
                },
                "south": {
                  "uv": [
                    15,
                    18
                  ],
                  "uv_size": [
                    3,
                    1
                  ]
                },
                "up": {
                  "uv": [
                    3,
                    19
                  ],
                  "uv_size": [
                    3,
                    0.5
                  ]
                },
                "west": {
                  "uv": [
                    6,
                    21
                  ],
                  "uv_size": [
                    0.5,
                    1
                  ]
                }
              }
            },
            {
              "origin": [
                -4.4,
                2.24974,
                -1.50131
              ],
              "pivot": [
                -3,
                3.12474,
                1.12369
              ],
              "rotation": [
                22.5,
                0,
                0
              ],
              "size": [
                2.8,
                1.75,
                5.25
              ],
              "uv": {
                "down": {
                  "uv": [
                    3,
                    14.25
                  ],
                  "uv_size": [
                    2.75,
                    -5.25
                  ]
                },
                "east": {
                  "uv": [
                    14,
                    0
                  ],
                  "uv_size": [
                    5.25,
                    1.75
                  ]
                },
                "north": {
                  "uv": [
                    15,
                    15
                  ],
                  "uv_size": [
                    2.75,
                    1.75
                  ]
                },
                "south": {
                  "uv": [
                    0,
                    16
                  ],
                  "uv_size": [
                    2.75,
                    1.75
                  ]
                },
                "up": {
                  "uv": [
                    0,
                    9
                  ],
                  "uv_size": [
                    2.75,
                    5.25
                  ]
                },
                "west": {
                  "uv": [
                    14,
                    2
                  ],
                  "uv_size": [
                    5.25,
                    1.75
                  ]
                }
              }
            },
            {
              "origin": [
                -3.75,
                3.24974,
                -0.25131
              ],
              "pivot": [
                -3,
                3.12474,
                1.12369
              ],
              "rotation": [
                22.5,
                0,
                0
              ],
              "size": [
                1.5,
                1,
                0.25
              ],
              "uv": {
                "down": {
                  "uv": [
                    21,
                    7.25
                  ],
                  "uv_size": [
                    1.5,
                    -0.25
                  ]
                },
                "east": {
                  "uv": [
                    7,
                    21
                  ],
                  "uv_size": [
                    0.25,
                    1
                  ]
                },
                "north": {
                  "uv": [
                    6,
                    9
                  ],
                  "uv_size": [
                    1.5,
                    1
                  ]
                },
                "south": {
                  "uv": [
                    12,
                    19
                  ],
                  "uv_size": [
                    1.5,
                    1
                  ]
                },
                "up": {
                  "uv": [
                    21,
                    6
                  ],
                  "uv_size": [
                    1.5,
                    0.25
                  ]
                },
                "west": {
                  "uv": [
                    21,
                    16
                  ],
                  "uv_size": [
                    0.25,
                    1
                  ]
                }
              }
            },
            {
              "origin": [
                -3.75,
                3.24974,
                0.74869
              ],
              "pivot": [
                -3,
                3.12474,
                1.12369
              ],
              "rotation": [
                22.5,
                0,
                0
              ],
              "size": [
                1.5,
                1,
                0.25
              ],
              "uv": {
                "down": {
                  "uv": [
                    9,
                    21.25
                  ],
                  "uv_size": [
                    1.5,
                    -0.25
                  ]
                },
                "east": {
                  "uv": [
                    17,
                    21
                  ],
                  "uv_size": [
                    0.25,
                    1
                  ]
                },
                "north": {
                  "uv": [
                    14,
                    19
                  ],
                  "uv_size": [
                    1.5,
                    1
                  ]
                },
                "south": {
                  "uv": [
                    16,
                    19
                  ],
                  "uv_size": [
                    1.5,
                    1
                  ]
                },
                "up": {
                  "uv": [
                    21,
                    8
                  ],
                  "uv_size": [
                    1.5,
                    0.25
                  ]
                },
                "west": {
                  "uv": [
                    21,
                    17
                  ],
                  "uv_size": [
                    0.25,
                    1
                  ]
                }
              }
            },
            {
              "origin": [
                -3.75,
                3.24974,
                1.74869
              ],
              "pivot": [
                -3,
                3.12474,
                1.12369
              ],
              "rotation": [
                22.5,
                0,
                0
              ],
              "size": [
                1.5,
                1,
                0.25
              ],
              "uv": {
                "down": {
                  "uv": [
                    11,
                    21.25
                  ],
                  "uv_size": [
                    1.5,
                    -0.25
                  ]
                },
                "east": {
                  "uv": [
                    18,
                    21
                  ],
                  "uv_size": [
                    0.25,
                    1
                  ]
                },
                "north": {
                  "uv": [
                    19,
                    17
                  ],
                  "uv_size": [
                    1.5,
                    1
                  ]
                },
                "south": {
                  "uv": [
                    18,
                    19
                  ],
                  "uv_size": [
                    1.5,
                    1
                  ]
                },
                "up": {
                  "uv": [
                    21,
                    9
                  ],
                  "uv_size": [
                    1.5,
                    0.25
                  ]
                },
                "west": {
                  "uv": [
                    21,
                    18
                  ],
                  "uv_size": [
                    0.25,
                    1
                  ]
                }
              }
            },
            {
              "origin": [
                -3.75,
                3.24974,
                2.74869
              ],
              "pivot": [
                -3,
                3.12474,
                1.12369
              ],
              "rotation": [
                22.5,
                0,
                0
              ],
              "size": [
                1.5,
                1,
                0.25
              ],
              "uv": {
                "down": {
                  "uv": [
                    13,
                    21.25
                  ],
                  "uv_size": [
                    1.5,
                    -0.25
                  ]
                },
                "east": {
                  "uv": [
                    19,
                    21
                  ],
                  "uv_size": [
                    0.25,
                    1
                  ]
                },
                "north": {
                  "uv": [
                    0,
                    20
                  ],
                  "uv_size": [
                    1.5,
                    1
                  ]
                },
                "south": {
                  "uv": [
                    20,
                    0
                  ],
                  "uv_size": [
                    1.5,
                    1
                  ]
                },
                "up": {
                  "uv": [
                    21,
                    12
                  ],
                  "uv_size": [
                    1.5,
                    0.25
                  ]
                },
                "west": {
                  "uv": [
                    20,
                    21
                  ],
                  "uv_size": [
                    0.25,
                    1
                  ]
                }
              }
            },
            {
              "origin": [
                -3.75,
                3.12186,
                4.1263
              ],
              "pivot": [
                -3,
                4.37186,
                2.5013
              ],
              "rotation": [
                90,
                0,
                0
              ],
              "size": [
                1.5,
                1,
                0.25
              ],
              "uv": {
                "down": {
                  "uv": [
                    21,
                    14.25
                  ],
                  "uv_size": [
                    1.5,
                    -0.25
                  ]
                },
                "east": {
                  "uv": [
                    21,
                    21
                  ],
                  "uv_size": [
                    0.25,
                    1
                  ]
                },
                "north": {
                  "uv": [
                    20,
                    1
                  ],
                  "uv_size": [
                    1.5,
                    1
                  ]
                },
                "south": {
                  "uv": [
                    2,
                    20
                  ],
                  "uv_size": [
                    1.5,
                    1
                  ]
                },
                "up": {
                  "uv": [
                    21,
                    13
                  ],
                  "uv_size": [
                    1.5,
                    0.25
                  ]
                },
                "west": {
                  "uv": [
                    0,
                    22
                  ],
                  "uv_size": [
                    0.25,
                    1
                  ]
                }
              }
            },
            {
              "origin": [
                -3.75,
                3.12186,
                3.3763
              ],
              "pivot": [
                -3,
                4.37186,
                2.5013
              ],
              "rotation": [
                90,
                0,
                0
              ],
              "size": [
                1.5,
                1,
                0.25
              ],
              "uv": {
                "down": {
                  "uv": [
                    21,
                    15.25
                  ],
                  "uv_size": [
                    1.5,
                    -0.25
                  ]
                },
                "east": {
                  "uv": [
                    22,
                    0
                  ],
                  "uv_size": [
                    0.25,
                    1
                  ]
                },
                "north": {
                  "uv": [
                    20,
                    2
                  ],
                  "uv_size": [
                    1.5,
                    1
                  ]
                },
                "south": {
                  "uv": [
                    20,
                    3
                  ],
                  "uv_size": [
                    1.5,
                    1
                  ]
                },
                "up": {
                  "uv": [
                    15,
                    21
                  ],
                  "uv_size": [
                    1.5,
                    0.25
                  ]
                },
                "west": {
                  "uv": [
                    1,
                    22
                  ],
                  "uv_size": [
                    0.25,
                    1
                  ]
                }
              }
            },
            {
              "origin": [
                -4.5,
                1,
                3
              ],
              "size": [
                3,
                4.25,
                3
              ],
              "uv": {
                "down": {
                  "uv": [
                    14,
                    10
                  ],
                  "uv_size": [
                    3,
                    -3
                  ]
                },
                "east": {
                  "uv": [
                    9,
                    10
                  ],
                  "uv_size": [
                    3,
                    4.25
                  ]
                },
                "north": {
                  "uv": [
                    6,
                    10
                  ],
                  "uv_size": [
                    3,
                    4.25
                  ]
                },
                "south": {
                  "uv": [
                    11,
                    0
                  ],
                  "uv_size": [
                    3,
                    4.25
                  ]
                },
                "up": {
                  "uv": [
                    14,
                    4
                  ],
                  "uv_size": [
                    3,
                    3
                  ]
                },
                "west": {
                  "uv": [
                    11,
                    5
                  ],
                  "uv_size": [
                    3,
                    4.25
                  ]
                }
              }
            },
            {
              "origin": [
                -2.875,
                5.25,
                4.625
              ],
              "pivot": [
                -1.875,
                5.875,
                5
              ],
              "rotation": [
                45,
                -90,
                -45
              ],
              "size": [
                1.5,
                0.75,
                0.75
              ],
              "uv": {
                "down": {
                  "uv": [
                    16,
                    20.75
                  ],
                  "uv_size": [
                    1.5,
                    -0.75
                  ]
                },
                "east": {
                  "uv": [
                    6,
                    19
                  ],
                  "uv_size": [
                    0.75,
                    0.75
                  ]
                },
                "north": {
                  "uv": [
                    20,
                    11
                  ],
                  "uv_size": [
                    1.5,
                    0.75
                  ]
                },
                "south": {
                  "uv": [
                    12,
                    20
                  ],
                  "uv_size": [
                    1.5,
                    0.75
                  ]
                },
                "up": {
                  "uv": [
                    14,
                    20
                  ],
                  "uv_size": [
                    1.5,
                    0.75
                  ]
                },
                "west": {
                  "uv": [
                    4,
                    21
                  ],
                  "uv_size": [
                    0.75,
                    0.75
                  ]
                }
              }
            },
            {
              "origin": [
                -2.875,
                5.25,
                6.875
              ],
              "pivot": [
                -1.875,
                5.875,
                5
              ],
              "rotation": [
                45,
                -90,
                -45
              ],
              "size": [
                1.5,
                0.75,
                0.75
              ],
              "uv": {
                "down": {
                  "uv": [
                    0,
                    21.75
                  ],
                  "uv_size": [
                    1.5,
                    -0.75
                  ]
                },
                "east": {
                  "uv": [
                    21,
                    4
                  ],
                  "uv_size": [
                    0.75,
                    0.75
                  ]
                },
                "north": {
                  "uv": [
                    18,
                    20
                  ],
                  "uv_size": [
                    1.5,
                    0.75
                  ]
                },
                "south": {
                  "uv": [
                    20,
                    19
                  ],
                  "uv_size": [
                    1.5,
                    0.75
                  ]
                },
                "up": {
                  "uv": [
                    20,
                    20
                  ],
                  "uv_size": [
                    1.5,
                    0.75
                  ]
                },
                "west": {
                  "uv": [
                    5,
                    21
                  ],
                  "uv_size": [
                    0.75,
                    0.75
                  ]
                }
              }
            },
            {
              "origin": [
                -4.5,
                5.25,
                3
              ],
              "size": [
                3,
                1.25,
                1
              ],
              "uv": {
                "down": {
                  "uv": [
                    18,
                    17
                  ],
                  "uv_size": [
                    3,
                    -1
                  ]
                },
                "east": {
                  "uv": [
                    8,
                    20
                  ],
                  "uv_size": [
                    1,
                    1.25
                  ]
                },
                "north": {
                  "uv": [
                    17,
                    10
                  ],
                  "uv_size": [
                    3,
                    1.25
                  ]
                },
                "south": {
                  "uv": [
                    12,
                    17
                  ],
                  "uv_size": [
                    3,
                    1.25
                  ]
                },
                "up": {
                  "uv": [
                    18,
                    15
                  ],
                  "uv_size": [
                    3,
                    1
                  ]
                },
                "west": {
                  "uv": [
                    20,
                    8
                  ],
                  "uv_size": [
                    1,
                    1.25
                  ]
                }
              }
            }
          ],
          "name": "shoe2",
          "pivot": [
            -2.99853,
            3.39498,
            1.22333
          ],
          "rotation": [
            0,
            22.5,
            0
          ]
        }
      ],
      "description": {
        "identifier": "geometry.shoes",
        "texture_height": 32,
        "texture_width": 32,
        "visible_bounds_height": 1.5,
        "visible_bounds_offset": [
          0,
          0.25,
          0
        ],
        "visible_bounds_width": 2
      }
    }
  ]
}