{
  "format_version": "1.12.0",
  "minecraft:geometry": [
    {
      "bones": [
        {
          "cubes": [
            {
              "origin": [
                -9,
                19,
                -11
              ],
              "size": [
                18,
                4,
                1
              ],
              "uv": [
                123,
                75
              ]
            },
            {
              "origin": [
                -9,
                10,
                -11
              ],
              "size": [
                18,
                4,
                1
              ],
              "uv": [
                122,
                122
              ]
            },
            {
              "origin": [
                -9,
                14,
                -10
              ],
              "size": [
                18,
                5,
                1
              ],
              "uv": [
                117,
                21
              ]
            },
            {
              "origin": [
                -9,
                5,
                -10
              ],
              "size": [
                18,
                5,
                1
              ],
              "uv": [
                117,
                14
              ]
            },
            {
              "origin": [
                -9,
                1,
                -11
              ],
              "size": [
                18,
                4,
                1
              ],
              "uv": [
                122,
                116
              ]
            },
            {
              "origin": [
                -9,
                19,
                10
              ],
              "size": [
                18,
                4,
                1
              ],
              "uv": [
                122,
                110
              ]
            },
            {
              "origin": [
                -9,
                14,
                9
              ],
              "size": [
                18,
                5,
                1
              ],
              "uv": [
                117,
                7
              ]
            },
            {
              "origin": [
                -9,
                10,
                10
              ],
              "size": [
                18,
                4,
                1
              ],
              "uv": [
                117,
                28
              ]
            },
            {
              "origin": [
                -9,
                5,
                9
              ],
              "size": [
                18,
                5,
                1
              ],
              "uv": [
                117,
                0
              ]
            },
            {
              "origin": [
                -9,
                1,
                10
              ],
              "size": [
                18,
                4,
                1
              ],
              "uv": [
                108,
                41
              ]
            },
            {
              "origin": [
                10,
                19,
                -9
              ],
              "size": [
                1,
                4,
                18
              ],
              "uv": [
                39,
                108
              ]
            },
            {
              "origin": [
                9,
                14,
                -9
              ],
              "size": [
                1,
                5,
                18
              ],
              "uv": [
                87,
                41
              ]
            },
            {
              "origin": [
                10,
                10,
                -9
              ],
              "size": [
                1,
                4,
                18
              ],
              "uv": [
                108,
                47
              ]
            },
            {
              "origin": [
                9,
                5,
                -9
              ],
              "size": [
                1,
                5,
                18
              ],
              "uv": [
                0,
                108
              ]
            },
            {
              "origin": [
                10,
                1,
                -9
              ],
              "size": [
                1,
                4,
                18
              ],
              "uv": [
                78,
                110
              ]
            },
            {
              "origin": [
                -12,
                0,
                -12
              ],
              "size": [
                24,
                1,
                24
              ],
              "uv": [
                73,
                84
              ]
            },
            {
              "origin": [
                -12,
                23,
                -12
              ],
              "size": [
                24,
                1,
                24
              ],
              "uv": [
                0,
                82
              ]
            },
            {
              "origin": [
                9,
                1,
                -12
              ],
              "size": [
                3,
                22,
                3
              ],
              "uv": [
                0,
                0
              ]
            },
            {
              "origin": [
                9,
                1,
                9
              ],
              "size": [
                3,
                22,
                3
              ],
              "uv": [
                13,
                0
              ]
            },
            {
              "mirror": true,
              "origin": [
                -12,
                1,
                -12
              ],
              "size": [
                3,
                22,
                3
              ],
              "uv": [
                0,
                0
              ]
            },
            {
              "mirror": true,
              "origin": [
                -10,
                14,
                -9
              ],
              "size": [
                1,
                5,
                18
              ],
              "uv": [
                87,
                41
              ]
            },
            {
              "mirror": true,
              "origin": [
                -11,
                19,
                -9
              ],
              "size": [
                1,
                4,
                18
              ],
              "uv": [
                39,
                108
              ]
            },
            {
              "mirror": true,
              "origin": [
                -11,
                10,
                -9
              ],
              "size": [
                1,
                4,
                18
              ],
              "uv": [
                108,
                47
              ]
            },
            {
              "mirror": true,
              "origin": [
                -12,
                1,
                9
              ],
              "size": [
                3,
                22,
                3
              ],
              "uv": [
                13,
                0
              ]
            },
            {
              "mirror": true,
              "origin": [
                -10,
                5,
                -9
              ],
              "size": [
                1,
                5,
                18
              ],
              "uv": [
                0,
                108
              ]
            },
            {
              "mirror": true,
              "origin": [
                -11,
                1,
                -9
              ],
              "size": [
                1,
                4,
                18
              ],
              "uv": [
                78,
                110
              ]
            }
          ],
          "name": "crate",
          "pivot": [
            0,
            0,
            0
          ]
        },
        {
          "cubes": [
            {
              "origin": [
                -20,
                64,
                -18.01
              ],
              "size": [
                40,
                4,
                36.02
              ],
              "uv": [
                0,
                215
              ]
            },
            {
              "origin": [
                -43.92711,
                58.20354,
                -18
              ],
              "pivot": [
                -45.92711,
                60.20354,
                0
              ],
              "rotation": [
                0,
                0,
                -12.5
              ],
              "size": [
                25,
                4,
                36
              ],
              "uv": [
                0,
                154
              ]
            },
            {
              "mirror": true,
              "origin": [
                18.92711,
                58.20354,
                -18
              ],
              "pivot": [
                45.92711,
                60.20354,
                0
              ],
              "rotation": [
                0,
                0,
                12.5
              ],
              "size": [
                25,
                4,
                36
              ],
              "uv": [
                0,
                154
              ]
            },
            {
              "origin": [
                -10.1,
                32,
                -1
              ],
              "size": [
                20.2,
                2,
                2
              ],
              "uv": [
                190,
                71
              ]
            },
            {
              "mirror": true,
              "origin": [
                9,
                19,
                -2
              ],
              "pivot": [
                11.5,
                31,
                -0.5
              ],
              "rotation": [
                -45,
                0,
                0
              ],
              "size": [
                1,
                14,
                1
              ],
              "uv": [
                235,
                114
              ]
            },
            {
              "mirror": true,
              "origin": [
                7.9,
                31,
                0
              ],
              "pivot": [
                11.5,
                31,
                0.5
              ],
              "rotation": [
                -21,
                0,
                50
              ],
              "size": [
                1,
                46,
                1
              ],
              "uv": [
                187,
                0
              ]
            },
            {
              "origin": [
                -8.9,
                31,
                0
              ],
              "pivot": [
                -11.5,
                31,
                0.5
              ],
              "rotation": [
                -21,
                0,
                -50
              ],
              "size": [
                1,
                46,
                1
              ],
              "uv": [
                187,
                0
              ]
            },
            {
              "origin": [
                -8.9,
                31,
                -1
              ],
              "pivot": [
                -11.5,
                31,
                -0.5
              ],
              "rotation": [
                21,
                0,
                -50
              ],
              "size": [
                1,
                46,
                1
              ],
              "uv": [
                187,
                0
              ]
            },
            {
              "mirror": true,
              "origin": [
                7.9,
                31,
                -1
              ],
              "pivot": [
                11.5,
                31,
                -0.5
              ],
              "rotation": [
                21,
                0,
                50
              ],
              "size": [
                1,
                46,
                1
              ],
              "uv": [
                187,
                0
              ]
            },
            {
              "mirror": true,
              "origin": [
                8.9,
                32.9,
                -1
              ],
              "pivot": [
                12.5,
                32.9,
                -0.5
              ],
              "rotation": [
                26,
                0,
                15
              ],
              "size": [
                1,
                36,
                1
              ],
              "uv": [
                177,
                0
              ]
            },
            {
              "mirror": true,
              "origin": [
                8.9,
                32.9,
                0
              ],
              "pivot": [
                12.5,
                32.9,
                0.5
              ],
              "rotation": [
                -26,
                0,
                15
              ],
              "size": [
                1,
                36,
                1
              ],
              "uv": [
                177,
                0
              ]
            },
            {
              "origin": [
                -9.9,
                32.9,
                0
              ],
              "pivot": [
                -12.5,
                32.9,
                0.5
              ],
              "rotation": [
                -26,
                0,
                -15
              ],
              "size": [
                1,
                36,
                1
              ],
              "uv": [
                177,
                0
              ]
            },
            {
              "origin": [
                -9.9,
                32.9,
                -1
              ],
              "pivot": [
                -12.5,
                32.9,
                -0.5
              ],
              "rotation": [
                26,
                0,
                -15
              ],
              "size": [
                1,
                36,
                1
              ],
              "uv": [
                177,
                0
              ]
            },
            {
              "mirror": true,
              "origin": [
                9,
                19,
                1
              ],
              "pivot": [
                11.5,
                31,
                0.5
              ],
              "rotation": [
                45,
                0,
                0
              ],
              "size": [
                1,
                14,
                1
              ],
              "uv": [
                235,
                114
              ]
            },
            {
              "origin": [
                -10,
                19,
                -2
              ],
              "pivot": [
                -11.5,
                31,
                -0.5
              ],
              "rotation": [
                -45,
                0,
                0
              ],
              "size": [
                1,
                14,
                1
              ],
              "uv": [
                235,
                114
              ]
            },
            {
              "origin": [
                -10,
                19,
                1
              ],
              "pivot": [
                -11.5,
                31,
                0.5
              ],
              "rotation": [
                45,
                0,
                0
              ],
              "size": [
                1,
                14,
                1
              ],
              "uv": [
                235,
                114
              ]
            }
          ],
          "name": "parachute",
          "pivot": [
            0,
            0,
            0
          ]
        }
      ],
      "description": {
        "identifier": "geometry.supplydrop",
        "texture_height": 256,
        "texture_width": 256,
        "visible_bounds_height": 6,
        "visible_bounds_offset": [
          0,
          2,
          0
        ],
        "visible_bounds_width": 7
      }
    }
  ]
}