{
  "format_version": "1.10.0",
  "particle_effect": {
    "description": {
      "identifier": "gtmcpe:trail_rainbow",
      "basic_render_parameters": { "material": "particles_alpha", "texture": "textures/particle/particles" }
    },
    "components": {
      "minecraft:emitter_rate_steady": { "spawn_rate": 20, "max_particles": 100 },
      "minecraft:emitter_lifetime_expression": { "activation_expression": 1 },
      "minecraft:emitter_shape_disc": { "radius": 1, "direction": "outwards" },
      "minecraft:particle_lifetime_expression": { "max_lifetime": "Math.random(1,2)" },
      "minecraft:particle_initial_spin": { "rotation": "math.random(0,360)", "rotation_rate": 0.5 },
      "minecraft:particle_initial_speed": 0.001,
      "minecraft:particle_motion_dynamic": {
        "linear_acceleration": [ 0, 0.1, 0 ],
        "linear_drag_coefficient": 0.1,
        "rotation_acceleration": "Math.pow(variable.particle_age*10,1)"
      },
      "minecraft:particle_appearance_billboard": {
        "size": [ 0.1, 0.1 ],
        "facing_camera_mode": "rotate_xyz",
        "uv": {
          "texture_width": 16,
          "texture_height": 16,
          "flipbook": {
            "base_UV": [ 8, 0 ],
            "size_UV": [ 1, 1 ],
            "step_UV": [ -1, 0 ],
            "frames_per_second": 2,
            "max_frame": 8,
            "stretch_to_lifetime": true,
            "loop": true
          }
        }
      },
      "minecraft:particle_appearance_lighting": {},
      "minecraft:particle_appearance_tinting": {
        "color": {
          "interpolant": "variable.particle_age*12.5",
          "gradient": {
            "0.0": "#FFFF0000",
            "4.0": "#FFFFA900",
            "6.800000000000001": "#FFEDF501",
            "10.0": "#FF2FFF00",
            "13.4": "#FF00D4FA",
            "16.599999999999998": "#FF0000FF",
            "20.0": "#FFFF00DA"
          }
        }
      }
    }
  }
}