{
  "format_version": "1.10.0",
  "particle_effect": {
    "description": {
      "identifier": "minecraft:gtmcpe_dollar_rain",
      "basic_render_parameters": { "material": "particles_alpha", "texture": "textures/items/paper" }
    },
    "components": {
      "minecraft:emitter_rate_steady": { "spawn_rate": 100, "max_particles": 500 },
      "minecraft:emitter_lifetime_once": { "active_time": 4 },
      "minecraft:emitter_shape_box": {
        "offset": [ 0, 20, 0 ],
        "half_dimensions": [ 32, 0, 32 ],
        "direction": [ "2+Math.random(-1, 1)/2", "-8-Math.random(0, 8)", "Math.random(-1, 1)/2" ]
      },
      "minecraft:particle_lifetime_expression": { "max_lifetime": 2.7 },
      "minecraft:particle_expire_if_not_in_blocks": [ "minecraft:air" ],
      "minecraft:particle_initial_speed": "Math.random(0, 8)",
      "minecraft:particle_motion_dynamic": { "linear_acceleration": [ 0, -2, 0 ] },
      "minecraft:particle_appearance_billboard": {
        "size": [ 0.2, 0.2 ],
        "facing_camera_mode": "lookat_y",
        "uv": { "texture_width": 16, "texture_height": 16, "uv": [ 0, 0 ], "uv_size": [ 16, 16 ] }
      },
      "minecraft:particle_appearance_tinting": { "color": [ 1, 0.89804, 0, 1 ] }
    }
  }
}