{"content":[{"path":"animations/geyser_custom/collectables/animation.doll.json","key":"TByS2uFCe7VSi19qzFPXreIh2PkP2Hkb"},{"path":"animations/geyser_custom/collectables/animation.musicbox.json","key":"AIYar7wp66irX2aY9dOb5FyuyxtyjJFa"},{"path":"animations/geyser_custom/explosives/animation.pumpkinbomb.json","key":"ZHYnR5zbCkcMCV7vF6MHjfiWp5obpbSG"},{"path":"animations/geyser_custom/helmets/animation.killerclown.json","key":"zD6H0nxaqjSVxHdNZasiPfmXXihMljPk"},{"path":"animations/geyser_custom/helmets/animation.vampirehead.json","key":"27s4rrM9P1aC6MlRK7FmCeK77G0QHLaw"},{"path":"attachables/geyser_custom/collectables/doll.attachable.json","key":"CkTarWzhRr3T25W7kYPa2fY9DAhwSlxb"},{"path":"attachables/geyser_custom/collectables/musicbox.attachable.json","key":"t6lSx0Mq0RM8fZbkRMo4OmOu2TwV8IjS"},{"path":"attachables/geyser_custom/explosives/pumpkinbomb.attachable.json","key":"YLC9Awk7pEGMG3nPcCvF7srVXv7J66Cl"},{"path":"attachables/geyser_custom/helmets/killerclown.attachable.json","key":"RtRqj8aySLaqraDUzbUUdO0dzi5LbdRP"},{"path":"attachables/geyser_custom/helmets/vampirehead.attachable.json","key":"XUn6zpNIHYVO3KZgqrKYLxyCKbsH88pW"},{"path":"manifest.json","key":""},{"path":"models/blocks/geyser_custom/doll.json","key":"56o1OxTPOqadzRv2uXRaBZXiTZ0ItN9W"},{"path":"models/blocks/geyser_custom/killerclown.json","key":"wRZ0Bb5KXXXEBc0gMEY8fYw4BVQekaOG"},{"path":"models/blocks/geyser_custom/musicbox.json","key":"OH6kQR8duFqvSQW4nQMDALYi0icffxSY"},{"path":"models/blocks/geyser_custom/pumpkinbomb.json","key":"hUFdEOi2QHZ9PPR9S7ckob2eMHRTXb5i"},{"path":"models/blocks/geyser_custom/vampirehead.json","key":"Woq11SLowBFvfbPFN1RSE7MmocsNV7A1"},{"path":"pack_icon.png","key":""},{"path":"sounds/halloween/bonestaff.ogg","key":"jjI7z1T9AfHHi3Yvj724IQAmfEkjxx21"},{"path":"sounds/halloween/creepylaugh.ogg","key":"pOsYnExgCTG0YNOaUZnO4xcNsZFWjQe2"},{"path":"sounds/halloween/musicbox.ogg","key":"KON5XF09N0wz44bc7oKnkMnUpy7LO7uL"},{"path":"sounds/sound_definitions.json","key":"duW02j69NdzbcWeL0wuBgJcwABDyxCpe"},{"path":"textures/custom/doll.png","key":"sSDHv6p2eDH7yr1zqaFh39gVq6COaLcp"},{"path":"textures/custom/killerclown.png","key":"NyCe6Beq0JbB4lXMJrI0Of9xzN2A2nPM"},{"path":"textures/custom/musicbox.png","key":"C91syZNqq2TE1bTlVSpMiLywV2Gd8vje"},{"path":"textures/custom/pumpkinbomb.png","key":"BNE2vLahlttfq0MTidu56dDyuBbOFTlI"},{"path":"textures/custom/vampire.png","key":"A4W89g4seoDop5PaYMw8c7WQErUdhhqr"},{"path":"textures/entity/zombie/husk.png","key":"E35hQ8VhC8occjudO4Nj4bBYFHepbkP8"},{"path":"textures/icons/collectables/doll.png","key":"53HLEGO3s5WJMiYTCXJqiB0RT9Kv8eN0"},{"path":"textures/icons/collectables/musicbox.png","key":"MAn9HsHBmW8ECZNuczYSij2SuILt7C7V"},{"path":"textures/icons/grenades/pumpkinbomb.png","key":"2HLCAh7V6BPTwZkMecAEmj8Oa9eJbf7N"},{"path":"textures/icons/helmets/killerclown.png","key":"jC72xFGMH9LupZQqElldzs4Mqjf9yj6Q"},{"path":"textures/icons/helmets/vampirehead.png","key":"JVglovSOLxOrgnd9xjasfk8ufhzbf1Vd"},{"path":"textures/item_texture.json","key":"3LHOOclkjHx8gZCTIoLKPPDB12xBg3wo"},{"path":"textures/items/rabbit_foot.png","key":"rdo9L4fY2JWTurOwmcxmIVpVyeuHK5UU"}]}