{
  "animations": {
    "animation.beachchair.summer.wineffect.default": {
      "animation_length": 4.16,
      "bones": {
        "ball": {
          "position": {
            "0.0": [
              0,
              0,
              0
            ],
            "0.52": [
              0,
              8,
              0
            ],
            "1.04": [
              0,
              0,
              0
            ],
            "1.56": [
              0,
              8,
              0
            ],
            "2.08": [
              0,
              0,
              0
            ],
            "2.6": [
              0,
              8,
              0
            ],
            "3.12": [
              0,
              0,
              0
            ],
            "3.64": [
              0,
              8,
              0
            ],
            "4.16": [
              0,
              0,
              0
            ]
          },
          "rotation": {
            "0.0": [
              0,
              0,
              0
            ],
            "0.52": [
              87.5,
              0,
              0
            ],
            "1.04": [
              180,
              0,
              0
            ],
            "1.56": [
              270,
              0,
              0
            ],
            "2.08": [
              360,
              0,
              0
            ],
            "2.6": [
              450,
              0,
              0
            ],
            "3.12": [
              540,
              0,
              0
            ],
            "3.64": [
              630,
              0,
              0
            ],
            "4.16": [
              720,
              0,
              0
            ]
          }
        },
        "ball_shadow": {
          "scale": {
            "0.0": [
              1,
              1,
              1
            ],
            "0.52": [
              0.5,
              0.5,
              0.5
            ],
            "1.04": [
              1,
              1,
              1
            ],
            "1.56": [
              0.5,
              0.5,
              0.5
            ],
            "2.08": [
              1,
              1,
              1
            ],
            "2.6": [
              0.5,
              0.5,
              0.5
            ],
            "3.12": [
              1,
              1,
              1
            ],
            "3.64": [
              0.5,
              0.5,
              0.5
            ],
            "4.16": [
              1,
              1,
              1
            ]
          }
        },
        "chair_wave": {
          "rotation": {
            "0.0": [
              0,
              0,
              0
            ],
            "1.04": [
              -12.5,
              0,
              0
            ],
            "2.08": [
              0,
              0,
              0
            ],
            "3.12": [
              -12.5,
              0,
              0
            ],
            "4.16": [
              0,
              0,
              0
            ]
          }
        },
        "drink": {
          "position": {
            "0.0": [
              0,
              0,
              0
            ],
            "1.04": [
              0,
              0,
              0
            ],
            "2.04": [
              13.33,
              10.75,
              -0.5
            ],
            "2.64": [
              13.33,
              9.75,
              -0.5
            ],
            "3.12": [
              13.33,
              10.75,
              -0.5
            ],
            "4.16": [
              0,
              0,
              0
            ]
          },
          "rotation": {
            "0.0": [
              0,
              0,
              0
            ],
            "1.04": [
              0,
              0,
              0
            ],
            "1.52": [
              -14.51082,
              3.84097,
              14.51082
            ],
            "2.04": [
              -27.1078,
              -3.01378,
              1.16036
            ],
            "3.12": [
              -27.1078,
              -3.01378,
              1.16036
            ],
            "3.64": [
              -14.51082,
              3.84097,
              14.51082
            ],
            "4.16": [
              0,
              0,
              0
            ]
          }
        }
      },
      "loop": true
    }
  },
  "format_version": "1.8.0"
}