{
  "animations": {
    "animation.effect.win.bees": {
      "animation_length": 8.32,
      "bones": {
        "b_wing_l2": {
          "rotation": {
            "0.0": [
              0,
              0,
              0
            ],
            "0.08": [
              -25,
              0,
              0
            ],
            "0.16": [
              0,
              0,
              0
            ],
            "0.24": [
              -25,
              0,
              0
            ],
            "0.32": [
              0,
              0,
              0
            ],
            "0.4": [
              -25,
              0,
              0
            ],
            "0.48": [
              0,
              0,
              0
            ],
            "0.56": [
              -25,
              0,
              0
            ],
            "0.64": [
              0,
              0,
              0
            ],
            "0.72": [
              -25,
              0,
              0
            ],
            "0.8": [
              0,
              0,
              0
            ],
            "0.88": [
              -25,
              0,
              0
            ],
            "0.96": [
              0,
              0,
              0
            ],
            "1.04": [
              -25,
              0,
              0
            ],
            "1.12": [
              0,
              0,
              0
            ],
            "1.2": [
              -25,
              0,
              0
            ],
            "1.28": [
              0,
              0,
              0
            ],
            "1.36": [
              -25,
              0,
              0
            ],
            "1.44": [
              0,
              0,
              0
            ],
            "1.52": [
              -25,
              0,
              0
            ],
            "1.6": [
              0,
              0,
              0
            ],
            "1.68": [
              -25,
              0,
              0
            ],
            "1.76": [
              0,
              0,
              0
            ],
            "1.84": [
              -25,
              0,
              0
            ],
            "1.92": [
              0,
              0,
              0
            ],
            "2.0": [
              -25,
              0,
              0
            ],
            "2.08": [
              0,
              0,
              0
            ],
            "2.16": [
              -25,
              0,
              0
            ],
            "2.24": [
              0,
              0,
              0
            ],
            "2.32": [
              -25,
              0,
              0
            ],
            "2.4": [
              0,
              0,
              0
            ],
            "2.48": [
              -25,
              0,
              0
            ],
            "2.56": [
              0,
              0,
              0
            ],
            "2.64": [
              -25,
              0,
              0
            ],
            "2.72": [
              0,
              0,
              0
            ],
            "2.8": [
              -25,
              0,
              0
            ],
            "2.88": [
              0,
              0,
              0
            ],
            "2.96": [
              -25,
              0,
              0
            ],
            "3.04": [
              0,
              0,
              0
            ],
            "3.12": [
              -25,
              0,
              0
            ],
            "3.2": [
              0,
              0,
              0
            ],
            "3.28": [
              -25,
              0,
              0
            ],
            "3.36": [
              0,
              0,
              0
            ],
            "3.44": [
              -25,
              0,
              0
            ],
            "3.52": [
              0,
              0,
              0
            ],
            "3.6": [
              -25,
              0,
              0
            ],
            "3.68": [
              0,
              0,
              0
            ],
            "3.76": [
              -25,
              0,
              0
            ],
            "3.84": [
              0,
              0,
              0
            ],
            "3.92": [
              -25,
              0,
              0
            ],
            "4.0": [
              0,
              0,
              0
            ],
            "4.08": [
              -25,
              0,
              0
            ],
            "4.16": [
              0,
              0,
              0
            ],
            "4.24": [
              0,
              0,
              0
            ],
            "4.32": [
              -25,
              0,
              0
            ],
            "4.4": [
              0,
              0,
              0
            ],
            "4.48": [
              -25,
              0,
              0
            ],
            "4.56": [
              0,
              0,
              0
            ],
            "4.64": [
              -25,
              0,
              0
            ],
            "4.72": [
              0,
              0,
              0
            ],
            "4.8": [
              -25,
              0,
              0
            ],
            "4.88": [
              0,
              0,
              0
            ],
            "4.96": [
              -25,
              0,
              0
            ],
            "5.04": [
              0,
              0,
              0
            ],
            "5.12": [
              -25,
              0,
              0
            ],
            "5.2": [
              0,
              0,
              0
            ],
            "5.28": [
              -25,
              0,
              0
            ],
            "5.36": [
              0,
              0,
              0
            ],
            "5.44": [
              -25,
              0,
              0
            ],
            "5.52": [
              0,
              0,
              0
            ],
            "5.6": [
              -25,
              0,
              0
            ],
            "5.68": [
              0,
              0,
              0
            ],
            "5.76": [
              -25,
              0,
              0
            ],
            "5.84": [
              0,
              0,
              0
            ],
            "5.92": [
              -25,
              0,
              0
            ],
            "6.0": [
              0,
              0,
              0
            ],
            "6.08": [
              -25,
              0,
              0
            ],
            "6.16": [
              0,
              0,
              0
            ],
            "6.24": [
              -25,
              0,
              0
            ],
            "6.32": [
              0,
              0,
              0
            ],
            "6.4": [
              -25,
              0,
              0
            ],
            "6.48": [
              0,
              0,
              0
            ],
            "6.56": [
              -25,
              0,
              0
            ],
            "6.64": [
              0,
              0,
              0
            ],
            "6.72": [
              -25,
              0,
              0
            ],
            "6.8": [
              0,
              0,
              0
            ],
            "6.88": [
              -25,
              0,
              0
            ],
            "6.96": [
              0,
              0,
              0
            ],
            "7.04": [
              -25,
              0,
              0
            ],
            "7.12": [
              0,
              0,
              0
            ],
            "7.2": [
              -25,
              0,
              0
            ],
            "7.28": [
              0,
              0,
              0
            ],
            "7.36": [
              -25,
              0,
              0
            ],
            "7.44": [
              0,
              0,
              0
            ],
            "7.52": [
              -25,
              0,
              0
            ],
            "7.6": [
              0,
              0,
              0
            ],
            "7.68": [
              -25,
              0,
              0
            ],
            "7.76": [
              0,
              0,
              0
            ],
            "7.84": [
              -25,
              0,
              0
            ],
            "7.92": [
              0,
              0,
              0
            ],
            "8.0": [
              -25,
              0,
              0
            ],
            "8.08": [
              0,
              0,
              0
            ],
            "8.16": [
              -25,
              0,
              0
            ],
            "8.24": [
              0,
              0,
              0
            ],
            "8.32": [
              -25,
              0,
              0
            ]
          }
        },
        "b_wing_r2": {
          "rotation": {
            "0.0": [
              0,
              0,
              0
            ],
            "0.08": [
              32.5,
              0,
              0
            ],
            "0.16": [
              0,
              0,
              0
            ],
            "0.24": [
              32.5,
              0,
              0
            ],
            "0.32": [
              0,
              0,
              0
            ],
            "0.4": [
              32.5,
              0,
              0
            ],
            "0.48": [
              0,
              0,
              0
            ],
            "0.56": [
              32.5,
              0,
              0
            ],
            "0.64": [
              0,
              0,
              0
            ],
            "0.72": [
              32.5,
              0,
              0
            ],
            "0.8": [
              0,
              0,
              0
            ],
            "0.88": [
              32.5,
              0,
              0
            ],
            "0.96": [
              0,
              0,
              0
            ],
            "1.04": [
              32.5,
              0,
              0
            ],
            "1.12": [
              0,
              0,
              0
            ],
            "1.2": [
              32.5,
              0,
              0
            ],
            "1.28": [
              0,
              0,
              0
            ],
            "1.36": [
              32.5,
              0,
              0
            ],
            "1.44": [
              0,
              0,
              0
            ],
            "1.52": [
              32.5,
              0,
              0
            ],
            "1.6": [
              0,
              0,
              0
            ],
            "1.68": [
              32.5,
              0,
              0
            ],
            "1.76": [
              0,
              0,
              0
            ],
            "1.84": [
              32.5,
              0,
              0
            ],
            "1.92": [
              0,
              0,
              0
            ],
            "2.0": [
              32.5,
              0,
              0
            ],
            "2.08": [
              0,
              0,
              0
            ],
            "2.16": [
              32.5,
              0,
              0
            ],
            "2.24": [
              0,
              0,
              0
            ],
            "2.32": [
              32.5,
              0,
              0
            ],
            "2.4": [
              0,
              0,
              0
            ],
            "2.48": [
              32.5,
              0,
              0
            ],
            "2.56": [
              0,
              0,
              0
            ],
            "2.64": [
              32.5,
              0,
              0
            ],
            "2.72": [
              0,
              0,
              0
            ],
            "2.8": [
              32.5,
              0,
              0
            ],
            "2.88": [
              0,
              0,
              0
            ],
            "2.96": [
              32.5,
              0,
              0
            ],
            "3.04": [
              0,
              0,
              0
            ],
            "3.12": [
              32.5,
              0,
              0
            ],
            "3.2": [
              0,
              0,
              0
            ],
            "3.28": [
              32.5,
              0,
              0
            ],
            "3.36": [
              0,
              0,
              0
            ],
            "3.44": [
              32.5,
              0,
              0
            ],
            "3.52": [
              0,
              0,
              0
            ],
            "3.6": [
              32.5,
              0,
              0
            ],
            "3.68": [
              0,
              0,
              0
            ],
            "3.76": [
              32.5,
              0,
              0
            ],
            "3.84": [
              0,
              0,
              0
            ],
            "3.92": [
              32.5,
              0,
              0
            ],
            "4.0": [
              0,
              0,
              0
            ],
            "4.08": [
              32.5,
              0,
              0
            ],
            "4.16": [
              0,
              0,
              0
            ],
            "4.24": [
              0,
              0,
              0
            ],
            "4.32": [
              32.5,
              0,
              0
            ],
            "4.4": [
              0,
              0,
              0
            ],
            "4.48": [
              32.5,
              0,
              0
            ],
            "4.56": [
              0,
              0,
              0
            ],
            "4.64": [
              32.5,
              0,
              0
            ],
            "4.72": [
              0,
              0,
              0
            ],
            "4.8": [
              32.5,
              0,
              0
            ],
            "4.88": [
              0,
              0,
              0
            ],
            "4.96": [
              32.5,
              0,
              0
            ],
            "5.04": [
              0,
              0,
              0
            ],
            "5.12": [
              32.5,
              0,
              0
            ],
            "5.2": [
              0,
              0,
              0
            ],
            "5.28": [
              32.5,
              0,
              0
            ],
            "5.36": [
              0,
              0,
              0
            ],
            "5.44": [
              32.5,
              0,
              0
            ],
            "5.52": [
              0,
              0,
              0
            ],
            "5.6": [
              32.5,
              0,
              0
            ],
            "5.68": [
              0,
              0,
              0
            ],
            "5.76": [
              32.5,
              0,
              0
            ],
            "5.84": [
              0,
              0,
              0
            ],
            "5.92": [
              32.5,
              0,
              0
            ],
            "6.0": [
              0,
              0,
              0
            ],
            "6.08": [
              32.5,
              0,
              0
            ],
            "6.16": [
              0,
              0,
              0
            ],
            "6.24": [
              32.5,
              0,
              0
            ],
            "6.32": [
              0,
              0,
              0
            ],
            "6.4": [
              32.5,
              0,
              0
            ],
            "6.48": [
              0,
              0,
              0
            ],
            "6.56": [
              32.5,
              0,
              0
            ],
            "6.64": [
              0,
              0,
              0
            ],
            "6.72": [
              32.5,
              0,
              0
            ],
            "6.8": [
              0,
              0,
              0
            ],
            "6.88": [
              32.5,
              0,
              0
            ],
            "6.96": [
              0,
              0,
              0
            ],
            "7.04": [
              32.5,
              0,
              0
            ],
            "7.12": [
              0,
              0,
              0
            ],
            "7.2": [
              32.5,
              0,
              0
            ],
            "7.28": [
              0,
              0,
              0
            ],
            "7.36": [
              32.5,
              0,
              0
            ],
            "7.44": [
              0,
              0,
              0
            ],
            "7.52": [
              32.5,
              0,
              0
            ],
            "7.6": [
              0,
              0,
              0
            ],
            "7.68": [
              32.5,
              0,
              0
            ],
            "7.76": [
              0,
              0,
              0
            ],
            "7.84": [
              32.5,
              0,
              0
            ],
            "7.92": [
              0,
              0,
              0
            ],
            "8.0": [
              32.5,
              0,
              0
            ],
            "8.08": [
              0,
              0,
              0
            ],
            "8.16": [
              32.5,
              0,
              0
            ],
            "8.24": [
              0,
              0,
              0
            ],
            "8.32": [
              32.5,
              0,
              0
            ]
          }
        },
        "bee_a": {
          "position": {
            "0.0": {
              "lerp_mode": "catmullrom",
              "post": [
                -2,
                0,
                -9
              ]
            },
            "0.52": {
              "lerp_mode": "catmullrom",
              "post": [
                -14.5,
                -3,
                -2.5
              ]
            },
            "1.04": {
              "lerp_mode": "catmullrom",
              "post": [
                -21,
                0,
                14
              ]
            },
            "1.56": {
              "lerp_mode": "catmullrom",
              "post": [
                -13.52,
                -4,
                30.61
              ]
            },
            "2.08": {
              "lerp_mode": "catmullrom",
              "post": [
                2,
                0,
                32
              ]
            },
            "2.6": {
              "lerp_mode": "catmullrom",
              "post": [
                15.79,
                -4,
                26.76
              ]
            },
            "3.12": {
              "lerp_mode": "catmullrom",
              "post": [
                18,
                0,
                8
              ]
            },
            "3.64": {
              "lerp_mode": "catmullrom",
              "post": [
                14.31,
                -4,
                -5.19
              ]
            },
            "4.16": {
              "lerp_mode": "catmullrom",
              "post": [
                -2,
                0,
                -9
              ]
            },
            "4.68": {
              "lerp_mode": "catmullrom",
              "post": [
                -14.5,
                -3,
                -2.5
              ]
            },
            "5.2": {
              "lerp_mode": "catmullrom",
              "post": [
                -21,
                0,
                14
              ]
            },
            "5.72": {
              "lerp_mode": "catmullrom",
              "post": [
                -13.52,
                -4,
                30.61
              ]
            },
            "6.24": {
              "lerp_mode": "catmullrom",
              "post": [
                2,
                0,
                32
              ]
            },
            "6.76": {
              "lerp_mode": "catmullrom",
              "post": [
                15.79,
                -4,
                26.76
              ]
            },
            "7.28": {
              "lerp_mode": "catmullrom",
              "post": [
                18,
                0,
                8
              ]
            },
            "7.8": {
              "lerp_mode": "catmullrom",
              "post": [
                14.31,
                -4,
                -5.19
              ]
            },
            "8.32": {
              "lerp_mode": "catmullrom",
              "post": [
                -2,
                0,
                -9
              ]
            }
          },
          "rotation": {
            "0.0": {
              "lerp_mode": "catmullrom",
              "post": [
                0,
                17.5,
                0
              ]
            },
            "0.52": {
              "lerp_mode": "catmullrom",
              "post": [
                0,
                63.44,
                20
              ]
            },
            "1.04": {
              "lerp_mode": "catmullrom",
              "post": [
                0,
                95,
                0
              ]
            },
            "1.56": {
              "lerp_mode": "catmullrom",
              "post": [
                0,
                148.54,
                -16.25
              ]
            },
            "2.08": {
              "lerp_mode": "catmullrom",
              "post": [
                0,
                180,
                0
              ]
            },
            "2.32": {
              "lerp_mode": "catmullrom",
              "post": [
                0,
                198.38,
                15.75
              ]
            },
            "2.84": {
              "lerp_mode": "catmullrom",
              "post": [
                -42.14,
                254.57,
                1.11
              ]
            },
            "3.12": {
              "lerp_mode": "catmullrom",
              "post": [
                -32.5,
                274.57,
                -6.14
              ]
            },
            "3.36": {
              "lerp_mode": "catmullrom",
              "post": [
                -13.49,
                299.99,
                -8.48
              ]
            },
            "3.64": {
              "lerp_mode": "catmullrom",
              "post": [
                -7.5,
                333.44,
                0
              ]
            },
            "4.16": {
              "lerp_mode": "catmullrom",
              "post": [
                0,
                377.5,
                0
              ]
            },
            "4.68": {
              "lerp_mode": "catmullrom",
              "post": [
                0,
                420.94,
                20
              ]
            },
            "5.2": {
              "lerp_mode": "catmullrom",
              "post": [
                0,
                455,
                0
              ]
            },
            "5.72": {
              "lerp_mode": "catmullrom",
              "post": [
                0,
                506.04,
                -16.25
              ]
            },
            "6.24": {
              "lerp_mode": "catmullrom",
              "post": [
                0,
                535,
                0
              ]
            },
            "6.48": {
              "lerp_mode": "catmullrom",
              "post": [
                0,
                540.88,
                15.75
              ]
            },
            "6.76": {
              "lerp_mode": "catmullrom",
              "post": [
                -23.74,
                572.98,
                9.12
              ]
            },
            "7.0": {
              "lerp_mode": "catmullrom",
              "post": [
                -42.14,
                607.07,
                1.11
              ]
            },
            "7.28": {
              "lerp_mode": "catmullrom",
              "post": [
                -32.5,
                617.07,
                -6.14
              ]
            },
            "7.52": {
              "lerp_mode": "catmullrom",
              "post": [
                -13.49,
                652.49,
                -8.48
              ]
            },
            "7.8": {
              "lerp_mode": "catmullrom",
              "post": [
                -7.5,
                678.44,
                0
              ]
            },
            "8.32": {
              "lerp_mode": "catmullrom",
              "post": [
                0,
                722.5,
                0
              ]
            }
          }
        },
        "bee_b": {
          "position": {
            "0.0": {
              "lerp_mode": "catmullrom",
              "post": [
                0,
                -7,
                20
              ]
            },
            "0.52": {
              "lerp_mode": "catmullrom",
              "post": [
                15,
                -9.7,
                15.5
              ]
            },
            "1.04": {
              "lerp_mode": "catmullrom",
              "post": [
                24,
                -7,
                1
              ]
            },
            "1.56": {
              "lerp_mode": "catmullrom",
              "post": [
                15.5,
                -9.5,
                -15.5
              ]
            },
            "2.08": {
              "lerp_mode": "catmullrom",
              "post": [
                1,
                -7,
                -20
              ]
            },
            "2.6": {
              "lerp_mode": "catmullrom",
              "post": [
                -15.5,
                -5,
                -15
              ]
            },
            "3.12": {
              "lerp_mode": "catmullrom",
              "post": [
                -20,
                -7,
                0
              ]
            },
            "3.64": {
              "lerp_mode": "catmullrom",
              "post": [
                -15,
                -9.3,
                15
              ]
            },
            "4.16": {
              "lerp_mode": "catmullrom",
              "post": [
                0,
                -7,
                20
              ]
            },
            "4.68": {
              "lerp_mode": "catmullrom",
              "post": [
                15,
                -9.7,
                15.5
              ]
            },
            "5.2": {
              "lerp_mode": "catmullrom",
              "post": [
                24,
                -7,
                1
              ]
            },
            "5.72": {
              "lerp_mode": "catmullrom",
              "post": [
                15.5,
                -9.5,
                -15.5
              ]
            },
            "6.24": {
              "lerp_mode": "catmullrom",
              "post": [
                1,
                -7,
                -20
              ]
            },
            "6.76": {
              "lerp_mode": "catmullrom",
              "post": [
                -15.5,
                -5,
                -15
              ]
            },
            "7.28": {
              "lerp_mode": "catmullrom",
              "post": [
                -20,
                -7,
                0
              ]
            },
            "7.8": {
              "lerp_mode": "catmullrom",
              "post": [
                -15,
                -9.3,
                15
              ]
            },
            "8.32": {
              "lerp_mode": "catmullrom",
              "post": [
                0,
                -7,
                20
              ]
            }
          },
          "rotation": {
            "0.0": {
              "lerp_mode": "catmullrom",
              "post": [
                -45,
                180,
                0
              ]
            },
            "1.04": {
              "lerp_mode": "catmullrom",
              "post": [
                -45,
                280,
                0
              ]
            },
            "2.08": {
              "lerp_mode": "catmullrom",
              "post": [
                -40,
                365,
                10
              ]
            },
            "2.6": {
              "lerp_mode": "catmullrom",
              "post": [
                -42.19,
                422.37,
                6.72
              ]
            },
            "3.12": {
              "lerp_mode": "catmullrom",
              "post": [
                -45,
                462.5,
                0
              ]
            },
            "3.64": {
              "lerp_mode": "catmullrom",
              "post": [
                -45,
                497.03,
                -17.5
              ]
            },
            "4.16": {
              "lerp_mode": "catmullrom",
              "post": [
                -45,
                542.5,
                0
              ]
            },
            "4.68": {
              "lerp_mode": "catmullrom",
              "post": [
                -45.31,
                573.78,
                0.47
              ]
            },
            "5.2": {
              "lerp_mode": "catmullrom",
              "post": [
                -45,
                620,
                0
              ]
            },
            "5.72": {
              "lerp_mode": "catmullrom",
              "post": [
                -42.34,
                686.8,
                5.18
              ]
            },
            "6.24": {
              "lerp_mode": "catmullrom",
              "post": [
                -40,
                717.5,
                10
              ]
            },
            "6.76": {
              "lerp_mode": "catmullrom",
              "post": [
                -42.19,
                784.87,
                6.72
              ]
            },
            "7.28": {
              "lerp_mode": "catmullrom",
              "post": [
                -45,
                805,
                0
              ]
            },
            "7.8": {
              "lerp_mode": "catmullrom",
              "post": [
                -45,
                852.03,
                -17.5
              ]
            },
            "8.32": {
              "lerp_mode": "catmullrom",
              "post": [
                -45,
                897.5,
                0
              ]
            }
          }
        },
        "bee_c": {
          "position": {
            "0.0": {
              "lerp_mode": "catmullrom",
              "post": [
                20,
                0,
                11
              ]
            },
            "0.52": {
              "lerp_mode": "catmullrom",
              "post": [
                15,
                -3,
                -4
              ]
            },
            "1.04": {
              "lerp_mode": "catmullrom",
              "post": [
                2,
                0,
                -11
              ]
            },
            "1.56": {
              "lerp_mode": "catmullrom",
              "post": [
                -12,
                4,
                -6
              ]
            },
            "2.08": {
              "lerp_mode": "catmullrom",
              "post": [
                -20,
                0,
                7
              ]
            },
            "2.6": {
              "lerp_mode": "catmullrom",
              "post": [
                -13.5,
                -3,
                21
              ]
            },
            "3.12": {
              "lerp_mode": "catmullrom",
              "post": [
                1,
                0,
                27
              ]
            },
            "3.64": {
              "lerp_mode": "catmullrom",
              "post": [
                14.5,
                4,
                23
              ]
            },
            "4.16": {
              "lerp_mode": "catmullrom",
              "post": [
                20,
                0,
                11
              ]
            },
            "4.68": {
              "lerp_mode": "catmullrom",
              "post": [
                15,
                -3,
                -4
              ]
            },
            "5.2": {
              "lerp_mode": "catmullrom",
              "post": [
                2,
                0,
                -11
              ]
            },
            "5.72": {
              "lerp_mode": "catmullrom",
              "post": [
                -12,
                4,
                -6
              ]
            },
            "6.24": {
              "lerp_mode": "catmullrom",
              "post": [
                -20,
                0,
                7
              ]
            },
            "6.76": {
              "lerp_mode": "catmullrom",
              "post": [
                -13.5,
                -3,
                21
              ]
            },
            "7.28": {
              "lerp_mode": "catmullrom",
              "post": [
                1,
                0,
                27
              ]
            },
            "7.8": {
              "lerp_mode": "catmullrom",
              "post": [
                14.5,
                4,
                23
              ]
            },
            "8.32": {
              "lerp_mode": "catmullrom",
              "post": [
                20,
                0,
                11
              ]
            }
          },
          "rotation": {
            "0.0": {
              "lerp_mode": "catmullrom",
              "post": [
                0,
                -90,
                0
              ]
            },
            "1.04": {
              "lerp_mode": "catmullrom",
              "post": [
                0,
                -7.5,
                22.5
              ]
            },
            "2.08": {
              "lerp_mode": "catmullrom",
              "post": [
                -15,
                97.5,
                0
              ]
            },
            "2.6": {
              "lerp_mode": "catmullrom",
              "post": [
                -8.44,
                142.93,
                -8.91
              ]
            },
            "3.12": {
              "lerp_mode": "catmullrom",
              "post": [
                0,
                180,
                -12.5
              ]
            },
            "3.64": {
              "lerp_mode": "catmullrom",
              "post": [
                0,
                218.13,
                0
              ]
            },
            "4.16": {
              "lerp_mode": "catmullrom",
              "post": [
                0,
                270,
                0
              ]
            },
            "4.68": {
              "lerp_mode": "catmullrom",
              "post": [
                0.94,
                317.93,
                12.66
              ]
            },
            "5.2": {
              "lerp_mode": "catmullrom",
              "post": [
                0,
                342.5,
                22.5
              ]
            },
            "5.72": {
              "lerp_mode": "catmullrom",
              "post": [
                -7.97,
                408.7,
                12.42
              ]
            },
            "6.24": {
              "lerp_mode": "catmullrom",
              "post": [
                -15,
                462.5,
                0
              ]
            },
            "6.76": {
              "lerp_mode": "catmullrom",
              "post": [
                -8.44,
                507.93,
                -8.91
              ]
            },
            "7.28": {
              "lerp_mode": "catmullrom",
              "post": [
                0,
                517.5,
                -12.5
              ]
            },
            "7.8": {
              "lerp_mode": "catmullrom",
              "post": [
                0,
                565.63,
                0
              ]
            },
            "8.32": {
              "lerp_mode": "catmullrom",
              "post": [
                0,
                640,
                0
              ]
            }
          }
        },
        "c_wing_l2": {
          "rotation": {
            "0.0": [
              0,
              0,
              0
            ],
            "0.08": [
              -30,
              0,
              0
            ],
            "0.16": [
              0,
              0,
              0
            ],
            "0.24": [
              -30,
              0,
              0
            ],
            "0.32": [
              0,
              0,
              0
            ],
            "0.4": [
              -30,
              0,
              0
            ],
            "0.48": [
              0,
              0,
              0
            ],
            "0.56": [
              -30,
              0,
              0
            ],
            "0.64": [
              0,
              0,
              0
            ],
            "0.72": [
              -30,
              0,
              0
            ],
            "0.8": [
              0,
              0,
              0
            ],
            "0.88": [
              -30,
              0,
              0
            ],
            "0.96": [
              0,
              0,
              0
            ],
            "1.04": [
              -30,
              0,
              0
            ],
            "1.12": [
              0,
              0,
              0
            ],
            "1.2": [
              -30,
              0,
              0
            ],
            "1.28": [
              0,
              0,
              0
            ],
            "1.36": [
              -30,
              0,
              0
            ],
            "1.44": [
              0,
              0,
              0
            ],
            "1.52": [
              -30,
              0,
              0
            ],
            "1.6": [
              0,
              0,
              0
            ],
            "1.68": [
              -30,
              0,
              0
            ],
            "1.76": [
              0,
              0,
              0
            ],
            "1.84": [
              -30,
              0,
              0
            ],
            "1.92": [
              0,
              0,
              0
            ],
            "2.0": [
              -30,
              0,
              0
            ],
            "2.08": [
              0,
              0,
              0
            ],
            "2.16": [
              -30,
              0,
              0
            ],
            "2.24": [
              0,
              0,
              0
            ],
            "2.32": [
              -30,
              0,
              0
            ],
            "2.4": [
              0,
              0,
              0
            ],
            "2.48": [
              -30,
              0,
              0
            ],
            "2.56": [
              0,
              0,
              0
            ],
            "2.64": [
              -30,
              0,
              0
            ],
            "2.72": [
              0,
              0,
              0
            ],
            "2.8": [
              -30,
              0,
              0
            ],
            "2.88": [
              0,
              0,
              0
            ],
            "2.96": [
              -30,
              0,
              0
            ],
            "3.04": [
              0,
              0,
              0
            ],
            "3.12": [
              -30,
              0,
              0
            ],
            "3.2": [
              0,
              0,
              0
            ],
            "3.28": [
              -30,
              0,
              0
            ],
            "3.36": [
              0,
              0,
              0
            ],
            "3.44": [
              -30,
              0,
              0
            ],
            "3.52": [
              0,
              0,
              0
            ],
            "3.6": [
              -30,
              0,
              0
            ],
            "3.68": [
              0,
              0,
              0
            ],
            "3.76": [
              -30,
              0,
              0
            ],
            "3.84": [
              0,
              0,
              0
            ],
            "3.92": [
              -30,
              0,
              0
            ],
            "4.0": [
              0,
              0,
              0
            ],
            "4.08": [
              -30,
              0,
              0
            ],
            "4.16": [
              0,
              0,
              0
            ],
            "4.24": [
              0,
              0,
              0
            ],
            "4.32": [
              -30,
              0,
              0
            ],
            "4.4": [
              0,
              0,
              0
            ],
            "4.48": [
              -30,
              0,
              0
            ],
            "4.56": [
              0,
              0,
              0
            ],
            "4.64": [
              -30,
              0,
              0
            ],
            "4.72": [
              0,
              0,
              0
            ],
            "4.8": [
              -30,
              0,
              0
            ],
            "4.88": [
              0,
              0,
              0
            ],
            "4.96": [
              -30,
              0,
              0
            ],
            "5.04": [
              0,
              0,
              0
            ],
            "5.12": [
              -30,
              0,
              0
            ],
            "5.2": [
              0,
              0,
              0
            ],
            "5.28": [
              -30,
              0,
              0
            ],
            "5.36": [
              0,
              0,
              0
            ],
            "5.44": [
              -30,
              0,
              0
            ],
            "5.52": [
              0,
              0,
              0
            ],
            "5.6": [
              -30,
              0,
              0
            ],
            "5.68": [
              0,
              0,
              0
            ],
            "5.76": [
              -30,
              0,
              0
            ],
            "5.84": [
              0,
              0,
              0
            ],
            "5.92": [
              -30,
              0,
              0
            ],
            "6.0": [
              0,
              0,
              0
            ],
            "6.08": [
              -30,
              0,
              0
            ],
            "6.16": [
              0,
              0,
              0
            ],
            "6.24": [
              -30,
              0,
              0
            ],
            "6.32": [
              0,
              0,
              0
            ],
            "6.4": [
              -30,
              0,
              0
            ],
            "6.48": [
              0,
              0,
              0
            ],
            "6.56": [
              -30,
              0,
              0
            ],
            "6.64": [
              0,
              0,
              0
            ],
            "6.72": [
              -30,
              0,
              0
            ],
            "6.8": [
              0,
              0,
              0
            ],
            "6.88": [
              -30,
              0,
              0
            ],
            "6.96": [
              0,
              0,
              0
            ],
            "7.04": [
              -30,
              0,
              0
            ],
            "7.12": [
              0,
              0,
              0
            ],
            "7.2": [
              -30,
              0,
              0
            ],
            "7.28": [
              0,
              0,
              0
            ],
            "7.36": [
              -30,
              0,
              0
            ],
            "7.44": [
              0,
              0,
              0
            ],
            "7.52": [
              -30,
              0,
              0
            ],
            "7.6": [
              0,
              0,
              0
            ],
            "7.68": [
              -30,
              0,
              0
            ],
            "7.76": [
              0,
              0,
              0
            ],
            "7.84": [
              -30,
              0,
              0
            ],
            "7.92": [
              0,
              0,
              0
            ],
            "8.0": [
              -30,
              0,
              0
            ],
            "8.08": [
              0,
              0,
              0
            ],
            "8.16": [
              -30,
              0,
              0
            ],
            "8.24": [
              0,
              0,
              0
            ]
          }
        },
        "c_wing_r2": {
          "rotation": {
            "0.0": [
              0,
              0,
              0
            ],
            "0.08": [
              35,
              0,
              0
            ],
            "0.16": [
              0,
              0,
              0
            ],
            "0.24": [
              35,
              0,
              0
            ],
            "0.32": [
              0,
              0,
              0
            ],
            "0.4": [
              35,
              0,
              0
            ],
            "0.48": [
              0,
              0,
              0
            ],
            "0.56": [
              35,
              0,
              0
            ],
            "0.64": [
              0,
              0,
              0
            ],
            "0.72": [
              35,
              0,
              0
            ],
            "0.8": [
              0,
              0,
              0
            ],
            "0.88": [
              35,
              0,
              0
            ],
            "0.96": [
              0,
              0,
              0
            ],
            "1.04": [
              35,
              0,
              0
            ],
            "1.12": [
              0,
              0,
              0
            ],
            "1.2": [
              35,
              0,
              0
            ],
            "1.28": [
              0,
              0,
              0
            ],
            "1.36": [
              35,
              0,
              0
            ],
            "1.44": [
              0,
              0,
              0
            ],
            "1.52": [
              35,
              0,
              0
            ],
            "1.6": [
              0,
              0,
              0
            ],
            "1.68": [
              35,
              0,
              0
            ],
            "1.76": [
              0,
              0,
              0
            ],
            "1.84": [
              35,
              0,
              0
            ],
            "1.92": [
              0,
              0,
              0
            ],
            "2.0": [
              35,
              0,
              0
            ],
            "2.08": [
              0,
              0,
              0
            ],
            "2.16": [
              35,
              0,
              0
            ],
            "2.24": [
              0,
              0,
              0
            ],
            "2.32": [
              35,
              0,
              0
            ],
            "2.4": [
              0,
              0,
              0
            ],
            "2.48": [
              35,
              0,
              0
            ],
            "2.56": [
              0,
              0,
              0
            ],
            "2.64": [
              35,
              0,
              0
            ],
            "2.72": [
              0,
              0,
              0
            ],
            "2.8": [
              35,
              0,
              0
            ],
            "2.88": [
              0,
              0,
              0
            ],
            "2.96": [
              35,
              0,
              0
            ],
            "3.04": [
              0,
              0,
              0
            ],
            "3.12": [
              35,
              0,
              0
            ],
            "3.2": [
              0,
              0,
              0
            ],
            "3.28": [
              35,
              0,
              0
            ],
            "3.36": [
              0,
              0,
              0
            ],
            "3.44": [
              35,
              0,
              0
            ],
            "3.52": [
              0,
              0,
              0
            ],
            "3.6": [
              35,
              0,
              0
            ],
            "3.68": [
              0,
              0,
              0
            ],
            "3.76": [
              35,
              0,
              0
            ],
            "3.84": [
              0,
              0,
              0
            ],
            "3.92": [
              35,
              0,
              0
            ],
            "4.0": [
              0,
              0,
              0
            ],
            "4.08": [
              35,
              0,
              0
            ],
            "4.16": [
              0,
              0,
              0
            ],
            "4.24": [
              0,
              0,
              0
            ],
            "4.32": [
              35,
              0,
              0
            ],
            "4.4": [
              0,
              0,
              0
            ],
            "4.48": [
              35,
              0,
              0
            ],
            "4.56": [
              0,
              0,
              0
            ],
            "4.64": [
              35,
              0,
              0
            ],
            "4.72": [
              0,
              0,
              0
            ],
            "4.8": [
              35,
              0,
              0
            ],
            "4.88": [
              0,
              0,
              0
            ],
            "4.96": [
              35,
              0,
              0
            ],
            "5.04": [
              0,
              0,
              0
            ],
            "5.12": [
              35,
              0,
              0
            ],
            "5.2": [
              0,
              0,
              0
            ],
            "5.28": [
              35,
              0,
              0
            ],
            "5.36": [
              0,
              0,
              0
            ],
            "5.44": [
              35,
              0,
              0
            ],
            "5.52": [
              0,
              0,
              0
            ],
            "5.6": [
              35,
              0,
              0
            ],
            "5.68": [
              0,
              0,
              0
            ],
            "5.76": [
              35,
              0,
              0
            ],
            "5.84": [
              0,
              0,
              0
            ],
            "5.92": [
              35,
              0,
              0
            ],
            "6.0": [
              0,
              0,
              0
            ],
            "6.08": [
              35,
              0,
              0
            ],
            "6.16": [
              0,
              0,
              0
            ],
            "6.24": [
              35,
              0,
              0
            ],
            "6.32": [
              0,
              0,
              0
            ],
            "6.4": [
              35,
              0,
              0
            ],
            "6.48": [
              0,
              0,
              0
            ],
            "6.56": [
              35,
              0,
              0
            ],
            "6.64": [
              0,
              0,
              0
            ],
            "6.72": [
              35,
              0,
              0
            ],
            "6.8": [
              0,
              0,
              0
            ],
            "6.88": [
              35,
              0,
              0
            ],
            "6.96": [
              0,
              0,
              0
            ],
            "7.04": [
              35,
              0,
              0
            ],
            "7.12": [
              0,
              0,
              0
            ],
            "7.2": [
              35,
              0,
              0
            ],
            "7.28": [
              0,
              0,
              0
            ],
            "7.36": [
              35,
              0,
              0
            ],
            "7.44": [
              0,
              0,
              0
            ],
            "7.52": [
              35,
              0,
              0
            ],
            "7.6": [
              0,
              0,
              0
            ],
            "7.68": [
              35,
              0,
              0
            ],
            "7.76": [
              0,
              0,
              0
            ],
            "7.84": [
              35,
              0,
              0
            ],
            "7.92": [
              0,
              0,
              0
            ],
            "8.0": [
              35,
              0,
              0
            ],
            "8.08": [
              0,
              0,
              0
            ],
            "8.16": [
              35,
              0,
              0
            ],
            "8.24": [
              0,
              0,
              0
            ]
          }
        },
        "wing_l": {
          "rotation": {
            "0.0": [
              0,
              0,
              0
            ],
            "0.08": [
              -35,
              0,
              0
            ],
            "0.16": [
              0,
              0,
              0
            ],
            "0.24": [
              -35,
              0,
              0
            ],
            "0.32": [
              0,
              0,
              0
            ],
            "0.4": [
              -35,
              0,
              0
            ],
            "0.48": [
              0,
              0,
              0
            ],
            "0.56": [
              -35,
              0,
              0
            ],
            "0.64": [
              0,
              0,
              0
            ],
            "0.72": [
              -35,
              0,
              0
            ],
            "0.8": [
              0,
              0,
              0
            ],
            "0.88": [
              -35,
              0,
              0
            ],
            "0.96": [
              0,
              0,
              0
            ],
            "1.04": [
              -35,
              0,
              0
            ],
            "1.12": [
              0,
              0,
              0
            ],
            "1.2": [
              -35,
              0,
              0
            ],
            "1.28": [
              0,
              0,
              0
            ],
            "1.36": [
              -35,
              0,
              0
            ],
            "1.44": [
              0,
              0,
              0
            ],
            "1.52": [
              -35,
              0,
              0
            ],
            "1.6": [
              0,
              0,
              0
            ],
            "1.68": [
              -35,
              0,
              0
            ],
            "1.76": [
              0,
              0,
              0
            ],
            "1.84": [
              -35,
              0,
              0
            ],
            "1.92": [
              0,
              0,
              0
            ],
            "2.0": [
              -35,
              0,
              0
            ],
            "2.08": [
              0,
              0,
              0
            ],
            "2.16": [
              -35,
              0,
              0
            ],
            "2.24": [
              0,
              0,
              0
            ],
            "2.32": [
              -35,
              0,
              0
            ],
            "2.4": [
              0,
              0,
              0
            ],
            "2.48": [
              -35,
              0,
              0
            ],
            "2.56": [
              0,
              0,
              0
            ],
            "2.64": [
              -35,
              0,
              0
            ],
            "2.72": [
              0,
              0,
              0
            ],
            "2.8": [
              -35,
              0,
              0
            ],
            "2.88": [
              0,
              0,
              0
            ],
            "2.96": [
              -35,
              0,
              0
            ],
            "3.04": [
              0,
              0,
              0
            ],
            "3.12": [
              -35,
              0,
              0
            ],
            "3.2": [
              0,
              0,
              0
            ],
            "3.28": [
              -35,
              0,
              0
            ],
            "3.36": [
              0,
              0,
              0
            ],
            "3.44": [
              -35,
              0,
              0
            ],
            "3.52": [
              0,
              0,
              0
            ],
            "3.6": [
              -35,
              0,
              0
            ],
            "3.68": [
              0,
              0,
              0
            ],
            "3.76": [
              -35,
              0,
              0
            ],
            "3.84": [
              0,
              0,
              0
            ],
            "3.92": [
              -35,
              0,
              0
            ],
            "4.0": [
              0,
              0,
              0
            ],
            "4.08": [
              -35,
              0,
              0
            ],
            "4.16": [
              0,
              0,
              0
            ],
            "4.24": [
              0,
              0,
              0
            ],
            "4.32": [
              -35,
              0,
              0
            ],
            "4.4": [
              0,
              0,
              0
            ],
            "4.48": [
              -35,
              0,
              0
            ],
            "4.56": [
              0,
              0,
              0
            ],
            "4.64": [
              -35,
              0,
              0
            ],
            "4.72": [
              0,
              0,
              0
            ],
            "4.8": [
              -35,
              0,
              0
            ],
            "4.88": [
              0,
              0,
              0
            ],
            "4.96": [
              -35,
              0,
              0
            ],
            "5.04": [
              0,
              0,
              0
            ],
            "5.12": [
              -35,
              0,
              0
            ],
            "5.2": [
              0,
              0,
              0
            ],
            "5.28": [
              -35,
              0,
              0
            ],
            "5.36": [
              0,
              0,
              0
            ],
            "5.44": [
              -35,
              0,
              0
            ],
            "5.52": [
              0,
              0,
              0
            ],
            "5.6": [
              -35,
              0,
              0
            ],
            "5.68": [
              0,
              0,
              0
            ],
            "5.76": [
              -35,
              0,
              0
            ],
            "5.84": [
              0,
              0,
              0
            ],
            "5.92": [
              -35,
              0,
              0
            ],
            "6.0": [
              0,
              0,
              0
            ],
            "6.08": [
              -35,
              0,
              0
            ],
            "6.16": [
              0,
              0,
              0
            ],
            "6.24": [
              -35,
              0,
              0
            ],
            "6.32": [
              0,
              0,
              0
            ],
            "6.4": [
              -35,
              0,
              0
            ],
            "6.48": [
              0,
              0,
              0
            ],
            "6.56": [
              -35,
              0,
              0
            ],
            "6.64": [
              0,
              0,
              0
            ],
            "6.72": [
              -35,
              0,
              0
            ],
            "6.8": [
              0,
              0,
              0
            ],
            "6.88": [
              -35,
              0,
              0
            ],
            "6.96": [
              0,
              0,
              0
            ],
            "7.04": [
              -35,
              0,
              0
            ],
            "7.12": [
              0,
              0,
              0
            ],
            "7.2": [
              -35,
              0,
              0
            ],
            "7.28": [
              0,
              0,
              0
            ],
            "7.36": [
              -35,
              0,
              0
            ],
            "7.44": [
              0,
              0,
              0
            ],
            "7.52": [
              -35,
              0,
              0
            ],
            "7.6": [
              0,
              0,
              0
            ],
            "7.68": [
              -35,
              0,
              0
            ],
            "7.76": [
              0,
              0,
              0
            ],
            "7.84": [
              -35,
              0,
              0
            ],
            "7.92": [
              0,
              0,
              0
            ],
            "8.0": [
              -35,
              0,
              0
            ],
            "8.08": [
              0,
              0,
              0
            ],
            "8.16": [
              -35,
              0,
              0
            ],
            "8.24": [
              0,
              0,
              0
            ],
            "8.32": [
              -35,
              0,
              0
            ]
          }
        },
        "wing_r": {
          "rotation": {
            "0.0": [
              0,
              0,
              0
            ],
            "0.08": [
              35,
              0,
              0
            ],
            "0.16": [
              0,
              0,
              0
            ],
            "0.24": [
              35,
              0,
              0
            ],
            "0.32": [
              0,
              0,
              0
            ],
            "0.4": [
              35,
              0,
              0
            ],
            "0.48": [
              0,
              0,
              0
            ],
            "0.56": [
              35,
              0,
              0
            ],
            "0.64": [
              0,
              0,
              0
            ],
            "0.72": [
              35,
              0,
              0
            ],
            "0.8": [
              0,
              0,
              0
            ],
            "0.88": [
              35,
              0,
              0
            ],
            "0.96": [
              0,
              0,
              0
            ],
            "1.04": [
              35,
              0,
              0
            ],
            "1.12": [
              0,
              0,
              0
            ],
            "1.2": [
              35,
              0,
              0
            ],
            "1.28": [
              0,
              0,
              0
            ],
            "1.36": [
              35,
              0,
              0
            ],
            "1.44": [
              0,
              0,
              0
            ],
            "1.52": [
              35,
              0,
              0
            ],
            "1.6": [
              0,
              0,
              0
            ],
            "1.68": [
              35,
              0,
              0
            ],
            "1.76": [
              0,
              0,
              0
            ],
            "1.84": [
              35,
              0,
              0
            ],
            "1.92": [
              0,
              0,
              0
            ],
            "2.0": [
              35,
              0,
              0
            ],
            "2.08": [
              0,
              0,
              0
            ],
            "2.16": [
              35,
              0,
              0
            ],
            "2.24": [
              0,
              0,
              0
            ],
            "2.32": [
              35,
              0,
              0
            ],
            "2.4": [
              0,
              0,
              0
            ],
            "2.48": [
              35,
              0,
              0
            ],
            "2.56": [
              0,
              0,
              0
            ],
            "2.64": [
              35,
              0,
              0
            ],
            "2.72": [
              0,
              0,
              0
            ],
            "2.8": [
              35,
              0,
              0
            ],
            "2.88": [
              0,
              0,
              0
            ],
            "2.96": [
              35,
              0,
              0
            ],
            "3.04": [
              0,
              0,
              0
            ],
            "3.12": [
              35,
              0,
              0
            ],
            "3.2": [
              0,
              0,
              0
            ],
            "3.28": [
              35,
              0,
              0
            ],
            "3.36": [
              0,
              0,
              0
            ],
            "3.44": [
              35,
              0,
              0
            ],
            "3.52": [
              0,
              0,
              0
            ],
            "3.6": [
              35,
              0,
              0
            ],
            "3.68": [
              0,
              0,
              0
            ],
            "3.76": [
              35,
              0,
              0
            ],
            "3.84": [
              0,
              0,
              0
            ],
            "3.92": [
              35,
              0,
              0
            ],
            "4.0": [
              0,
              0,
              0
            ],
            "4.08": [
              35,
              0,
              0
            ],
            "4.16": [
              0,
              0,
              0
            ],
            "4.24": [
              0,
              0,
              0
            ],
            "4.32": [
              35,
              0,
              0
            ],
            "4.4": [
              0,
              0,
              0
            ],
            "4.48": [
              35,
              0,
              0
            ],
            "4.56": [
              0,
              0,
              0
            ],
            "4.64": [
              35,
              0,
              0
            ],
            "4.72": [
              0,
              0,
              0
            ],
            "4.8": [
              35,
              0,
              0
            ],
            "4.88": [
              0,
              0,
              0
            ],
            "4.96": [
              35,
              0,
              0
            ],
            "5.04": [
              0,
              0,
              0
            ],
            "5.12": [
              35,
              0,
              0
            ],
            "5.2": [
              0,
              0,
              0
            ],
            "5.28": [
              35,
              0,
              0
            ],
            "5.36": [
              0,
              0,
              0
            ],
            "5.44": [
              35,
              0,
              0
            ],
            "5.52": [
              0,
              0,
              0
            ],
            "5.6": [
              35,
              0,
              0
            ],
            "5.68": [
              0,
              0,
              0
            ],
            "5.76": [
              35,
              0,
              0
            ],
            "5.84": [
              0,
              0,
              0
            ],
            "5.92": [
              35,
              0,
              0
            ],
            "6.0": [
              0,
              0,
              0
            ],
            "6.08": [
              35,
              0,
              0
            ],
            "6.16": [
              0,
              0,
              0
            ],
            "6.24": [
              35,
              0,
              0
            ],
            "6.32": [
              0,
              0,
              0
            ],
            "6.4": [
              35,
              0,
              0
            ],
            "6.48": [
              0,
              0,
              0
            ],
            "6.56": [
              35,
              0,
              0
            ],
            "6.64": [
              0,
              0,
              0
            ],
            "6.72": [
              35,
              0,
              0
            ],
            "6.8": [
              0,
              0,
              0
            ],
            "6.88": [
              35,
              0,
              0
            ],
            "6.96": [
              0,
              0,
              0
            ],
            "7.04": [
              35,
              0,
              0
            ],
            "7.12": [
              0,
              0,
              0
            ],
            "7.2": [
              35,
              0,
              0
            ],
            "7.28": [
              0,
              0,
              0
            ],
            "7.36": [
              35,
              0,
              0
            ],
            "7.44": [
              0,
              0,
              0
            ],
            "7.52": [
              35,
              0,
              0
            ],
            "7.6": [
              0,
              0,
              0
            ],
            "7.68": [
              35,
              0,
              0
            ],
            "7.76": [
              0,
              0,
              0
            ],
            "7.84": [
              35,
              0,
              0
            ],
            "7.92": [
              0,
              0,
              0
            ],
            "8.0": [
              35,
              0,
              0
            ],
            "8.08": [
              0,
              0,
              0
            ],
            "8.16": [
              35,
              0,
              0
            ],
            "8.24": [
              0,
              0,
              0
            ],
            "8.32": [
              35,
              0,
              0
            ]
          }
        }
      },
      "loop": true
    }
  },
  "format_version": "1.8.0"
}