{
  "animations": {
    "animation.effect.win.eggsplat": {
      "animation_length": 1.8,
      "bones": {
        "egg": {
          "scale": {
            "0.0": [
              1,
              1,
              1
            ],
            "1.64": [
              1,
              1,
              1
            ],
            "1.8": [
              0,
              0,
              0
            ]
          }
        },
        "inside_egg": {
          "position": [
            12,
            0,
            -2
          ],
          "scale": {
            "0.72": [
              0,
              1,
              0
            ],
            "0.96": [
              1,
              1,
              1
            ]
          }
        },
        "shell_bottom": {
          "position": {
            "0.0": {
              "lerp_mode": "catmullrom",
              "post": [
                -3.65,
                68.4,
                0
              ]
            },
            "0.72": [
              -5.15,
              2.05,
              0
            ],
            "1.0": [
              -10.65,
              2.2,
              0
            ],
            "1.2": [
              -11.65,
              2.2,
              0
            ]
          },
          "rotation": {
            "0.0": {
              "lerp_mode": "catmullrom",
              "post": [
                0,
                0,
                40
              ]
            },
            "0.72": [
              0,
              0,
              80
            ],
            "1.0": [
              0,
              0,
              80
            ]
          }
        },
        "shell_top": {
          "position": {
            "0.0": {
              "lerp_mode": "catmullrom",
              "post": [
                0,
                67,
                0
              ]
            },
            "0.72": [
              0,
              -2.85,
              0
            ],
            "1.0": [
              3.75,
              -4.1,
              0
            ],
            "1.28": [
              7.75,
              -4.6,
              0
            ],
            "1.44": [
              8.75,
              -4.6,
              0
            ]
          },
          "rotation": {
            "0.0": {
              "lerp_mode": "catmullrom",
              "post": [
                0,
                0,
                40
              ]
            },
            "0.72": [
              0,
              0,
              80
            ],
            "1.0": [
              0,
              0,
              125
            ],
            "1.28": [
              0,
              0,
              177.5
            ]
          }
        }
      },
      "loop": "hold_on_last_frame"
    }
  },
  "format_version": "1.8.0"
}