{
  "animations": {
    "animation.gumballs.food_bundle.wineffect": {
      "animation_length": 8.66667,
      "bones": {
        "Candy_lid_2": {
          "position": {
            "0.0": [
              -0.5,
              0.75,
              0
            ],
            "0.5": [
              0,
              0,
              0
            ],
            "6.0": [
              0,
              0,
              0
            ],
            "6.5417": [
              -0.5,
              0.75,
              0
            ]
          },
          "rotation": {
            "0.0": [
              0,
              0,
              72.5
            ],
            "0.5": [
              0,
              0,
              0
            ],
            "6.0": [
              0,
              0,
              0
            ],
            "6.5417": [
              0,
              0,
              72.5
            ]
          }
        },
        "Gumball_box": {
          "position": {
            "0.0": [
              0,
              -24,
              0
            ],
            "0.3333": [
              1.89,
              -15.68,
              0
            ],
            "0.6667": [
              4.48,
              -4.14,
              0
            ],
            "1.0": [
              5.98,
              4.44,
              0
            ],
            "1.375": [
              1.98,
              0.44,
              0
            ],
            "1.5417": [
              3.39,
              1.85,
              0
            ],
            "1.7083": [
              5.56,
              4.02,
              0
            ],
            "1.7917": [
              5.98,
              4.44,
              0
            ],
            "1.875": [
              5.63,
              4.09,
              0
            ],
            "2.0417": [
              3.71,
              2.17,
              0
            ],
            "2.2083": [
              2.07,
              0.53,
              0
            ],
            "2.25": [
              1.98,
              0.44,
              0
            ],
            "2.375": [
              2.84,
              1.3,
              0
            ],
            "2.5417": [
              5.12,
              3.58,
              0
            ],
            "2.6667": [
              5.98,
              4.44,
              0
            ],
            "2.7083": [
              5.84,
              4.3,
              0
            ],
            "2.875": [
              3.65,
              2.11,
              0
            ],
            "3.0417": [
              1.98,
              0.44,
              0
            ],
            "3.2083": [
              3.39,
              1.85,
              0
            ],
            "3.375": [
              5.56,
              4.02,
              0
            ],
            "3.4583": [
              5.98,
              4.44,
              0
            ],
            "3.5417": [
              5.48,
              3.94,
              0
            ],
            "3.7083": [
              3.02,
              1.48,
              0
            ],
            "3.8333": [
              1.98,
              0.44,
              0
            ],
            "3.875": [
              2.12,
              0.58,
              0
            ],
            "4.0417": [
              4.31,
              2.77,
              0
            ],
            "4.2083": [
              5.98,
              4.44,
              0
            ],
            "4.375": [
              4.57,
              3.03,
              0
            ],
            "4.5417": [
              2.4,
              0.86,
              0
            ],
            "4.625": [
              1.98,
              0.44,
              0
            ],
            "4.7083": [
              2.4,
              0.86,
              0
            ],
            "4.875": [
              4.57,
              3.03,
              0
            ],
            "5.0417": [
              5.98,
              4.44,
              0
            ],
            "5.2083": [
              4.31,
              2.77,
              0
            ],
            "5.375": [
              2.12,
              0.58,
              0
            ],
            "5.4167": [
              1.98,
              0.44,
              0
            ],
            "5.5417": [
              3.09,
              2.38,
              0
            ],
            "5.7083": [
              5.98,
              4.44,
              0
            ],
            "5.875": [
              4.31,
              2.77,
              0
            ],
            "6.0417": [
              2.12,
              0.58,
              0
            ],
            "6.0833": [
              1.98,
              0.44,
              0
            ],
            "6.2917": [
              5.98,
              4.44,
              0
            ],
            "6.4583": [
              4.31,
              2.77,
              0
            ],
            "6.625": [
              2.12,
              0.58,
              0
            ],
            "6.6667": [
              1.98,
              0.44,
              0
            ],
            "6.875": [
              5.98,
              4.44,
              0
            ],
            "7.0417": [
              4.31,
              2.77,
              0
            ],
            "7.2083": [
              2.12,
              0.58,
              0
            ],
            "7.25": [
              1.98,
              0.44,
              0
            ]
          },
          "rotation": {
            "0.0": [
              96.29,
              -37.33,
              86.17
            ],
            "0.3333": [
              67.76,
              -26.27,
              60.64
            ],
            "0.6667": [
              28.53,
              -11.06,
              25.53
            ],
            "1.0": [
              0,
              0,
              0
            ]
          },
          "scale": {
            "7.0833": [
              1,
              1,
              1
            ],
            "7.625": [
              0,
              0,
              0
            ]
          }
        },
        "Gumballs2": {
          "position": [
            8,
            5,
            6
          ],
          "rotation": [
            -180,
            0,
            -110
          ]
        },
        "candy_lid": {
          "position": {
            "0.0": [
              1.225,
              -0.3,
              0
            ],
            "0.5": [
              0,
              0,
              0
            ],
            "6.0": [
              0,
              0,
              0
            ],
            "6.5417": [
              1.225,
              -0.3,
              0
            ]
          },
          "rotation": {
            "0.0": [
              0,
              0,
              -92.5
            ],
            "0.5": [
              0,
              0,
              0
            ],
            "6.0": [
              0,
              0,
              0
            ],
            "6.5417": [
              0,
              0,
              -92.5
            ]
          }
        }
      },
      "loop": "hold_on_last_frame",
      "particle_effects": {
        "1.3333": {
          "effect": "gumball_drop",
          "locator": "gumballs"
        }
      }
    }
  },
  "format_version": "1.8.0"
}