{
  "animations": {
    "animation.effect.win.ice_shard": {
      "animation_length": 3.12,
      "bones": {
        "block": {
          "position": {
            "0.72": [
              -0.8,
              0,
              0.37
            ],
            "1.2": [
              -2.9,
              0,
              -1.7
            ],
            "1.52": {
              "lerp_mode": "catmullrom",
              "post": [
                -3.3,
                0,
                -2.1
              ],
              "pre": [
                -3.3,
                0,
                -2.1
              ]
            }
          },
          "rotation": [
            0,
            7.5,
            0
          ],
          "scale": {
            "0.76": [
              0,
              0,
              0
            ],
            "0.8": [
              1,
              1,
              1
            ]
          }
        },
        "block2": {
          "position": {
            "0.72": [
              0,
              0,
              0
            ],
            "1.2": [
              3,
              0,
              0
            ],
            "1.52": {
              "lerp_mode": "catmullrom",
              "post": [
                4,
                0,
                0
              ],
              "pre": [
                4,
                0,
                0
              ]
            }
          },
          "scale": {
            "0.76": [
              0,
              0,
              0
            ],
            "0.8": [
              1,
              1,
              1
            ]
          }
        },
        "icicle_big": {
          "position": {
            "0.0": [
              0,
              18,
              0
            ],
            "0.68": [
              0,
              0,
              0
            ],
            "0.8": [
              0,
              -4,
              0
            ],
            "0.84": [
              0,
              -4,
              0
            ]
          },
          "scale": {
            "0.68": [
              1,
              1,
              1
            ],
            "0.8": [
              1,
              0,
              1
            ],
            "0.84": [
              0,
              0,
              0
            ]
          }
        },
        "icicle_small": {
          "position": {
            "0.72": [
              0,
              -0.4,
              0.1
            ],
            "1.0": {
              "lerp_mode": "catmullrom",
              "post": [
                0,
                0.8,
                -1
              ],
              "pre": [
                0,
                0.8,
                -1
              ]
            },
            "1.28": {
              "lerp_mode": "catmullrom",
              "post": [
                0,
                0.4,
                -2.5
              ],
              "pre": [
                0,
                0.4,
                -2.5
              ]
            },
            "1.56": {
              "lerp_mode": "catmullrom",
              "post": [
                0,
                -0.5,
                -3
              ],
              "pre": [
                0,
                -0.5,
                -3
              ]
            }
          },
          "rotation": {
            "0.72": [
              20,
              0,
              0
            ],
            "1.0": {
              "lerp_mode": "catmullrom",
              "post": [
                60,
                0,
                0
              ],
              "pre": [
                60,
                0,
                0
              ]
            },
            "1.28": {
              "lerp_mode": "catmullrom",
              "post": [
                122.5,
                0,
                0
              ],
              "pre": [
                122.5,
                0,
                0
              ]
            },
            "1.56": {
              "lerp_mode": "catmullrom",
              "post": [
                168,
                0,
                0
              ],
              "pre": [
                168,
                0,
                0
              ]
            },
            "1.6": [
              180.5,
              0,
              0
            ]
          },
          "scale": {
            "0.72": [
              0,
              0,
              0
            ],
            "0.76": [
              1,
              1,
              1
            ],
            "1.56": [
              1,
              1,
              1
            ],
            "1.6": [
              1,
              0,
              1
            ],
            "1.64": [
              0,
              0,
              0
            ]
          }
        },
        "icicle_small2": {
          "position": {
            "0.72": [
              -0.8,
              -0.4,
              1.1
            ],
            "1.0": {
              "lerp_mode": "catmullrom",
              "post": [
                0,
                0.8,
                2.4
              ],
              "pre": [
                0,
                0.8,
                2.4
              ]
            },
            "1.28": {
              "lerp_mode": "catmullrom",
              "post": [
                0,
                0.4,
                3.2
              ],
              "pre": [
                0,
                0.4,
                3.2
              ]
            },
            "1.56": {
              "lerp_mode": "catmullrom",
              "post": [
                0,
                -0.5,
                3.8
              ],
              "pre": [
                0,
                -0.5,
                3.8
              ]
            }
          },
          "rotation": {
            "0.72": [
              315,
              0,
              0
            ],
            "1.0": {
              "lerp_mode": "catmullrom",
              "post": [
                282.5,
                0,
                0
              ],
              "pre": [
                282.5,
                0,
                0
              ]
            },
            "1.28": {
              "lerp_mode": "catmullrom",
              "post": [
                222.5,
                0,
                0
              ],
              "pre": [
                222.5,
                0,
                0
              ]
            },
            "1.56": {
              "lerp_mode": "catmullrom",
              "post": [
                190.5,
                0,
                0
              ],
              "pre": [
                190.5,
                0,
                0
              ]
            },
            "1.6": [
              180.5,
              0,
              0
            ]
          },
          "scale": {
            "0.72": [
              0,
              0,
              0
            ],
            "0.76": [
              1,
              1,
              1
            ],
            "1.56": [
              1,
              1,
              1
            ],
            "1.6": [
              1,
              0,
              1
            ],
            "1.64": [
              0,
              0,
              0
            ]
          }
        },
        "icicle_small3": {
          "position": {
            "0.72": [
              -0.8,
              -0.4,
              0.4
            ],
            "1.0": {
              "lerp_mode": "catmullrom",
              "post": [
                -1.9,
                0.8,
                1.7
              ],
              "pre": [
                -1.9,
                0.8,
                1.7
              ]
            },
            "1.28": {
              "lerp_mode": "catmullrom",
              "post": [
                -3.3,
                0.4,
                2.7
              ],
              "pre": [
                -3.3,
                0.4,
                2.7
              ]
            },
            "1.56": {
              "lerp_mode": "catmullrom",
              "post": [
                -4.1,
                -0.5,
                3.2
              ],
              "pre": [
                -4.1,
                -0.5,
                3.2
              ]
            },
            "1.64": [
              -4.2,
              -0.6,
              3.3
            ]
          },
          "rotation": {
            "0.72": [
              315,
              -35,
              0
            ],
            "1.0": {
              "lerp_mode": "catmullrom",
              "post": [
                282.5,
                -52.5,
                0
              ],
              "pre": [
                282.5,
                -52.5,
                0
              ]
            },
            "1.28": {
              "lerp_mode": "catmullrom",
              "post": [
                222.5,
                -57.5,
                0
              ],
              "pre": [
                222.5,
                -57.5,
                0
              ]
            },
            "1.56": {
              "lerp_mode": "catmullrom",
              "post": [
                190.5,
                0,
                0
              ],
              "pre": [
                190.5,
                0,
                0
              ]
            },
            "1.64": [
              180.5,
              0,
              0
            ]
          },
          "scale": {
            "0.72": [
              0,
              0,
              0
            ],
            "0.76": [
              1,
              1,
              1
            ],
            "1.56": [
              1,
              1,
              1
            ],
            "1.6": [
              1,
              0,
              1
            ],
            "1.64": [
              0,
              0,
              0
            ]
          }
        },
        "icicle_splash": {
          "scale": {
            "0.8": [
              0,
              0,
              0
            ],
            "0.84": [
              1,
              1,
              1
            ]
          }
        },
        "piece_a": {
          "position": {
            "0.76": [
              1.25,
              0,
              2.45
            ],
            "1.44": [
              -1,
              0,
              3
            ],
            "1.88": {
              "lerp_mode": "catmullrom",
              "post": [
                -1.65,
                0,
                3.2
              ],
              "pre": [
                -1.65,
                0,
                3.2
              ]
            }
          },
          "scale": {
            "0.72": [
              0,
              0,
              0
            ],
            "0.76": [
              1,
              1,
              1
            ]
          }
        },
        "piece_b": {
          "position": {
            "0.76": [
              6,
              0,
              3
            ],
            "1.44": [
              8.5,
              0,
              5.2
            ],
            "2.08": {
              "lerp_mode": "catmullrom",
              "post": [
                9.8,
                0,
                6
              ],
              "pre": [
                9.8,
                0,
                6
              ]
            }
          },
          "scale": {
            "0.72": [
              0,
              0,
              0
            ],
            "0.76": [
              1,
              1,
              1
            ]
          }
        },
        "piece_c": {
          "position": {
            "0.76": [
              5.5,
              0,
              1.4
            ],
            "1.44": [
              2.8,
              0,
              4.9
            ],
            "2.04": {
              "lerp_mode": "catmullrom",
              "post": [
                2.27,
                0,
                5.54
              ],
              "pre": [
                2.27,
                0,
                5.54
              ]
            }
          },
          "scale": {
            "0.72": [
              0,
              0,
              0
            ],
            "0.76": [
              1,
              1,
              1
            ]
          }
        },
        "piece_d": {
          "position": {
            "0.76": [
              5.7,
              0,
              3
            ],
            "1.44": [
              8,
              0,
              5
            ],
            "2.08": {
              "lerp_mode": "catmullrom",
              "post": [
                9.5,
                0,
                6
              ],
              "pre": [
                9.5,
                0,
                6
              ]
            }
          },
          "scale": {
            "0.72": [
              0,
              0,
              0
            ],
            "0.76": [
              1,
              1,
              1
            ]
          }
        }
      },
      "loop": true
    }
  },
  "format_version": "1.8.0"
}