{
  "animations": {
    "animation.cubecraft.passtheparcel.drop": {
      "animation_length": 8.5,
      "bones": {
        "bone": {
          "position": {
            "0.875": [
              0,
              0,
              0
            ],
            "1.0": [
              -5,
              10,
              0
            ],
            "1.125": [
              -16,
              -2,
              0
            ]
          },
          "rotation": {
            "0.875": [
              0,
              0,
              0
            ],
            "1.0": [
              0,
              0,
              -57.5
            ],
            "1.125": [
              0,
              0,
              -180
            ]
          }
        },
        "bone2": {
          "position": {
            "3.4167": [
              0,
              0,
              0
            ],
            "3.5833": [
              6.17,
              15,
              -0.12
            ],
            "3.7083": [
              10.76,
              -3,
              -0.76
            ]
          },
          "rotation": {
            "3.0833": [
              0,
              0,
              0
            ],
            "3.4167": [
              0,
              0,
              0
            ],
            "3.5833": [
              -77.5,
              102.5,
              0
            ],
            "3.7083": [
              -77.5,
              92.5,
              102.5
            ]
          }
        },
        "bone3": {
          "position": {
            "2.0833": [
              0,
              0,
              0
            ],
            "2.25": [
              0,
              15,
              8
            ],
            "2.375": [
              2,
              -3,
              15
            ]
          },
          "rotation": {
            "1.75": [
              0,
              0,
              0
            ],
            "2.0833": [
              0,
              0,
              0
            ],
            "2.25": [
              -77.5,
              0,
              0
            ],
            "2.375": [
              0,
              -30,
              -180
            ]
          }
        },
        "bone5": {
          "position": {
            "4.5833": [
              0,
              0,
              0
            ],
            "4.75": [
              3.94,
              15,
              4.32
            ],
            "4.875": [
              7.88,
              -2,
              9.41
            ]
          },
          "rotation": {
            "4.5": [
              0,
              0,
              0
            ],
            "4.5833": [
              0,
              0,
              0
            ],
            "4.75": [
              -77.5,
              102.5,
              0
            ],
            "4.875": [
              -77.5,
              92.5,
              102.5
            ]
          }
        },
        "bone7": {
          "position": {
            "5.9167": [
              0,
              0,
              0
            ],
            "6.0833": [
              -1.4,
              15,
              3.59
            ],
            "6.2083": [
              -3.16,
              -1,
              6.57
            ]
          },
          "rotation": {
            "5.8333": [
              0,
              0,
              0
            ],
            "5.9167": [
              0,
              0,
              0
            ],
            "6.0833": [
              -46.38,
              -10.57,
              -24.37
            ],
            "6.2083": [
              -180,
              -59.37,
              0
            ]
          }
        },
        "passtheparcel": {
          "position": {
            "0.0": [
              -16,
              94,
              -8
            ],
            "0.5": [
              -16,
              0,
              -8
            ]
          },
          "rotation": {
            "0.0": [
              0,
              -17.5,
              -10
            ],
            "0.5": [
              0,
              -19.61,
              0
            ],
            "0.5833": [
              0,
              -17.5,
              10
            ],
            "0.625": [
              0,
              -17.24,
              1.41
            ],
            "0.6667": [
              0,
              -17.5,
              -7.5
            ],
            "0.75": [
              0,
              -19.61,
              0
            ]
          }
        },
        "present2": {
          "position": {
            "0.0": [
              -14,
              -1.9,
              0
            ],
            "0.625": [
              -14.42,
              -2.33,
              -0.73
            ],
            "1.25": [
              -14.11,
              -0.28,
              -0.18
            ],
            "1.2917": [
              -14,
              0.1,
              0
            ],
            "1.5": [
              -7,
              23.1,
              12
            ],
            "1.75": [
              -3,
              0,
              18
            ]
          },
          "rotation": {
            "1.5": [
              0,
              32.5,
              60
            ],
            "1.75": [
              0,
              -32,
              0
            ],
            "1.8333": [
              0,
              -32,
              10
            ],
            "1.9167": [
              0,
              -32,
              -7.5
            ],
            "2.0": [
              0,
              -44.5,
              0
            ]
          },
          "scale": {
            "0.0": [
              0.5,
              0.5,
              0.5
            ],
            "0.625": [
              0.4728,
              0.4728,
              0.4728
            ],
            "1.25": [
              0.4771,
              0.4771,
              0.4771
            ],
            "1.4167": [
              0.5,
              0.5,
              0.5
            ],
            "1.5": [
              1,
              1,
              1
            ]
          }
        },
        "present3": {
          "position": {
            "0.0": [
              -12,
              -0.75,
              0
            ],
            "0.625": [
              -12.59,
              -1.07,
              0.22
            ],
            "1.25": [
              -13.5,
              -1.64,
              0.59
            ],
            "1.875": [
              -14.15,
              -1.55,
              0.67
            ],
            "2.5": [
              -14,
              0.1,
              0
            ],
            "2.7083": [
              -6.06,
              21.1,
              -9.49
            ],
            "2.9583": [
              -1.31,
              0.1,
              -23.86
            ]
          },
          "rotation": {
            "2.7083": [
              0,
              32.5,
              60
            ],
            "2.9583": [
              10,
              15.5,
              0
            ],
            "3.0417": [
              -10,
              0,
              10
            ],
            "3.125": [
              7.5,
              0,
              -7.5
            ],
            "3.2083": [
              0,
              0,
              0
            ]
          },
          "scale": {
            "0.0": [
              0.5,
              0.5,
              0.5
            ],
            "0.625": [
              0.4892,
              0.4892,
              0.4892
            ],
            "1.25": [
              0.4703,
              0.4703,
              0.4703
            ],
            "1.875": [
              0.4636,
              0.4636,
              0.4636
            ],
            "2.5": [
              0.4892,
              0.4892,
              0.4892
            ],
            "2.625": [
              0.5,
              0.5,
              0.5
            ],
            "2.7083": [
              1,
              1,
              1
            ]
          }
        },
        "present4": {
          "position": {
            "0.0": [
              -10,
              0,
              0
            ],
            "0.625": [
              -9.85,
              -0.18,
              0.08
            ],
            "1.25": [
              -9.53,
              -0.6,
              0.26
            ],
            "1.875": [
              -9.2,
              -1.02,
              0.44
            ],
            "2.5": [
              -9.03,
              -1.23,
              0.53
            ],
            "3.125": [
              -9.2,
              -0.99,
              0.44
            ],
            "3.75": [
              -9.86,
              -0.08,
              0.07
            ],
            "3.8333": [
              -10,
              0.1,
              0
            ],
            "4.0417": [
              -23.1,
              17.6,
              -7.2
            ],
            "4.2917": [
              -30.31,
              0.1,
              -11.86
            ]
          },
          "rotation": {
            "3.8333": [
              0,
              0,
              0
            ],
            "4.0417": [
              133.78,
              43.1,
              -187.82
            ],
            "4.2917": [
              133.78,
              43.1,
              -240.32
            ],
            "4.375": [
              133.78,
              43.1,
              -195.32
            ],
            "4.4583": [
              181.28,
              43.1,
              -195.32
            ],
            "4.5417": [
              180,
              43.1,
              -180
            ]
          },
          "scale": {
            "0.0": [
              0.5,
              0.5,
              0.5
            ],
            "0.625": [
              0.4948,
              0.4948,
              0.4948
            ],
            "1.25": [
              0.4829,
              0.4829,
              0.4829
            ],
            "1.875": [
              0.4705,
              0.4705,
              0.4705
            ],
            "2.5": [
              0.4633,
              0.4633,
              0.4633
            ],
            "3.125": [
              0.4672,
              0.4672,
              0.4672
            ],
            "3.75": [
              0.4882,
              0.4882,
              0.4882
            ],
            "3.9583": [
              0.5,
              0.5,
              0.5
            ],
            "4.0417": [
              1,
              1,
              1
            ]
          }
        },
        "present5": {
          "position": {
            "0.0": [
              -8,
              0,
              0
            ],
            "0.625": [
              -7.98,
              -0.11,
              0.1
            ],
            "1.25": [
              -7.95,
              -0.39,
              0.31
            ],
            "1.875": [
              -7.91,
              -0.73,
              0.57
            ],
            "2.5": [
              -7.87,
              -1.04,
              0.81
            ],
            "3.125": [
              -7.84,
              -1.22,
              0.98
            ],
            "3.75": [
              -7.81,
              -1.15,
              1
            ],
            "4.375": [
              -7.79,
              -0.75,
              0.82
            ],
            "5.0": [
              -7.79,
              0.1,
              0.36
            ],
            "5.2083": [
              -8.18,
              17.6,
              -9.72
            ],
            "5.4583": [
              -6.79,
              0.1,
              -17.05
            ]
          },
          "rotation": {
            "5.0": [
              0,
              0,
              0
            ],
            "5.2083": [
              198.78,
              43.1,
              -187.82
            ],
            "5.4583": [
              149.61,
              43.1,
              -174.07
            ],
            "5.5417": [
              181.28,
              43.1,
              -195.32
            ],
            "5.625": [
              165.45,
              43.1,
              -159.7
            ],
            "5.7083": [
              180,
              43.1,
              -180
            ]
          },
          "scale": {
            "0.0": [
              0.5,
              0.5,
              0.5
            ],
            "0.625": [
              0.4967,
              0.4967,
              0.4967
            ],
            "1.25": [
              0.4888,
              0.4888,
              0.4888
            ],
            "1.875": [
              0.4788,
              0.4788,
              0.4788
            ],
            "2.5": [
              0.4695,
              0.4695,
              0.4695
            ],
            "3.125": [
              0.4637,
              0.4637,
              0.4637
            ],
            "3.75": [
              0.4641,
              0.4641,
              0.4641
            ],
            "4.375": [
              0.4733,
              0.4733,
              0.4733
            ],
            "5.0": [
              0.4942,
              0.4942,
              0.4942
            ],
            "5.125": [
              0.5,
              0.5,
              0.5
            ],
            "5.2083": [
              1,
              1,
              1
            ]
          }
        },
        "sweet": {
          "position": {
            "0.0": [
              -7,
              0,
              -0.5
            ],
            "0.625": [
              -7,
              -0.05,
              -0.5
            ],
            "1.25": [
              -7,
              -0.16,
              -0.5
            ],
            "1.875": [
              -7,
              -0.31,
              -0.5
            ],
            "2.5": [
              -7,
              -0.48,
              -0.5
            ],
            "3.125": [
              -7,
              -0.62,
              -0.5
            ],
            "3.75": [
              -7,
              -0.72,
              -0.5
            ],
            "4.375": [
              -7,
              -0.74,
              -0.5
            ],
            "5.0": [
              -7,
              -0.64,
              -0.5
            ],
            "5.625": [
              -7,
              -0.41,
              -0.5
            ],
            "6.25": [
              -7,
              0,
              -0.5
            ],
            "6.5": [
              -7,
              10,
              -0.5
            ],
            "6.875": [
              -7,
              8.5,
              -0.5
            ],
            "7.0": [
              -7,
              8,
              -0.5
            ],
            "7.5": [
              -7,
              10,
              -0.5
            ],
            "8.0": [
              -7,
              8,
              -0.5
            ],
            "8.125": [
              -7,
              8.27,
              -0.5
            ],
            "8.5": [
              -7,
              10,
              -0.5
            ]
          },
          "rotation": [
            0.93,
            0.03,
            -24.13
          ],
          "scale": {
            "0.0": [
              0.5,
              0.5,
              0.5
            ],
            "0.625": [
              0.4978,
              0.4978,
              0.4978
            ],
            "1.25": [
              0.4923,
              0.4923,
              0.4923
            ],
            "1.875": [
              0.4847,
              0.4847,
              0.4847
            ],
            "2.5": [
              0.4766,
              0.4766,
              0.4766
            ],
            "3.125": [
              0.4694,
              0.4694,
              0.4694
            ],
            "3.75": [
              0.4644,
              0.4644,
              0.4644
            ],
            "4.375": [
              0.4631,
              0.4631,
              0.4631
            ],
            "5.0": [
              0.4668,
              0.4668,
              0.4668
            ],
            "5.625": [
              0.4771,
              0.4771,
              0.4771
            ],
            "6.25": [
              0.4953,
              0.4953,
              0.4953
            ],
            "6.375": [
              0.5,
              0.5,
              0.5
            ],
            "6.5": [
              1,
              1,
              1
            ]
          }
        }
      },
      "loop": true
    },
    "animation.cubecraft.passtheparcel.loop": {
      "animation_length": 2,
      "bones": {
        "bone": {
          "position": [
            -16,
            -2,
            0
          ],
          "rotation": [
            0,
            0,
            -180
          ],
          "scale": 1
        },
        "bone2": {
          "position": [
            10.76,
            -3,
            -0.76
          ],
          "rotation": [
            -77.5,
            92.5,
            102.5
          ],
          "scale": 1
        },
        "bone3": {
          "position": [
            2,
            -3,
            15
          ],
          "rotation": [
            0,
            -30,
            -180
          ],
          "scale": 1
        },
        "bone5": {
          "position": [
            7.88,
            -2,
            9.41
          ],
          "rotation": [
            -77.5,
            92.5,
            102.5
          ],
          "scale": 1
        },
        "bone7": {
          "position": [
            -3.16,
            -1,
            6.57
          ],
          "rotation": [
            -180,
            -59.37,
            0
          ],
          "scale": 1
        },
        "passtheparcel": {
          "position": [
            -16,
            0,
            -8
          ],
          "rotation": [
            0,
            -19.61,
            0
          ],
          "scale": 1
        },
        "present1": {
          "position": [
            0,
            0,
            0
          ],
          "rotation": [
            0,
            0,
            0
          ],
          "scale": 1
        },
        "present2": {
          "position": [
            -3,
            0,
            18
          ],
          "rotation": [
            0,
            -44.5,
            0
          ],
          "scale": 1
        },
        "present3": {
          "position": [
            -1.31,
            0.1,
            -23.86
          ],
          "rotation": [
            0,
            0,
            0
          ],
          "scale": 1
        },
        "present4": {
          "position": [
            -30.31,
            0.1,
            -11.86
          ],
          "rotation": [
            180,
            43.1,
            -180
          ],
          "scale": 1
        },
        "present5": {
          "position": [
            -6.79,
            0.1,
            -17.05
          ],
          "rotation": [
            180,
            43.1,
            -180
          ],
          "scale": 1
        },
        "sweet": {
          "position": {
            "0.0": [
              -7,
              10,
              -0.5
            ],
            "0.5": [
              -7,
              8,
              -0.5
            ],
            "0.8": [
              -7,
              9.3,
              -0.5
            ],
            "1.0": [
              -7,
              10,
              -0.5
            ],
            "1.5": [
              -7,
              8,
              -0.5
            ],
            "1.6": [
              -7,
              8.18,
              -0.5
            ],
            "2.0": [
              -7,
              10,
              -0.5
            ]
          },
          "rotation": [
            0.93,
            0.03,
            -24.13
          ],
          "scale": 1
        }
      },
      "loop": true
    }
  },
  "format_version": "1.8.0"
}