{
  "animations": {
    "animation.cubecraft.presentrush.loop": {
      "animation_length": 12.33333,
      "bones": {
        "bear": {
          "position": {
            "0.0": [
              0,
              -17.5,
              0
            ],
            "10.0833": [
              1,
              -7.5,
              0
            ],
            "10.2917": [
              1,
              -7.66,
              0
            ],
            "10.8333": [
              1,
              -8.5,
              0
            ],
            "2.2917": [
              1,
              -17.5,
              0
            ],
            "2.5417": [
              1,
              -7.5,
              0
            ],
            "2.7917": [
              1,
              -8.5,
              0
            ],
            "3.2917": [
              1,
              -8.5,
              0
            ],
            "3.4167": [
              1,
              -8.37,
              0
            ],
            "4.0417": [
              1,
              -7.5,
              0
            ],
            "4.6667": [
              1,
              -8.43,
              0
            ],
            "4.7917": [
              1,
              -8.5,
              0
            ],
            "5.2917": [
              1,
              -7.76,
              0
            ],
            "5.5417": [
              1,
              -7.5,
              0
            ],
            "5.9167": [
              1,
              -8,
              0
            ],
            "6.2917": [
              1,
              -8.5,
              0
            ],
            "6.5417": [
              1,
              -8.24,
              0
            ],
            "7.0417": [
              1,
              -7.5,
              0
            ],
            "7.1667": [
              1,
              -7.59,
              0
            ],
            "7.7083": [
              1,
              -8.5,
              0
            ],
            "7.7917": [
              1,
              -8.47,
              0
            ],
            "8.4167": [
              1,
              -7.53,
              0
            ],
            "8.5": [
              1,
              -7.5,
              0
            ],
            "9.0417": [
              1,
              -8.22,
              0
            ],
            "9.3333": [
              1,
              -8.5,
              0
            ],
            "9.6667": [
              1,
              -8.08,
              0
            ]
          },
          "scale": {
            "0.0": [
              0.5,
              0.5,
              0.5
            ],
            "2.2917": [
              0.5,
              0.5,
              0.5
            ],
            "2.5417": [
              1,
              1,
              1
            ],
            "2.7917": [
              1,
              1,
              1
            ]
          }
        },
        "candycane": {
          "position": {
            "0.0": [
              -1,
              -18.75,
              0
            ],
            "10.0417": [
              -1,
              -7.75,
              0
            ],
            "10.2917": [
              -1,
              -8.04,
              0
            ],
            "10.75": [
              -1,
              -8.75,
              0
            ],
            "10.9167": [
              -1,
              -8.63,
              0
            ],
            "11.4583": [
              -1,
              -7.75,
              0
            ],
            "2.0833": [
              -2,
              -18.75,
              0
            ],
            "2.2917": [
              -1,
              -7.75,
              0
            ],
            "2.5417": [
              -1,
              -8.75,
              0
            ],
            "2.7917": [
              -1,
              -8.75,
              0
            ],
            "3.0417": [
              -1,
              -8.75,
              0
            ],
            "3.4167": [
              -1,
              -8.19,
              0
            ],
            "3.7917": [
              -1,
              -7.75,
              0
            ],
            "4.0417": [
              -1,
              -8.01,
              0
            ],
            "4.5417": [
              -1,
              -8.75,
              0
            ],
            "4.6667": [
              -1,
              -8.68,
              0
            ],
            "5.2917": [
              -1,
              -7.75,
              0
            ],
            "5.9167": [
              -1,
              -8.68,
              0
            ],
            "6.0417": [
              -1,
              -8.75,
              0
            ],
            "6.5417": [
              -1,
              -7.96,
              0
            ],
            "6.75": [
              -1,
              -7.75,
              0
            ],
            "7.1667": [
              -1,
              -8.29,
              0
            ],
            "7.5417": [
              -1,
              -8.75,
              0
            ],
            "7.7917": [
              -1,
              -8.57,
              0
            ],
            "8.4167": [
              -1,
              -7.76,
              0
            ],
            "8.4583": [
              -1,
              -7.75,
              0
            ],
            "9.0417": [
              -1,
              -8.58,
              0
            ],
            "9.25": [
              -1,
              -8.75,
              0
            ],
            "9.6667": [
              -1,
              -8.21,
              0
            ]
          },
          "scale": {
            "0.0": [
              0.5,
              0.5,
              0.5
            ],
            "2.0833": [
              0.5,
              0.5,
              0.5
            ],
            "2.2917": [
              1,
              1,
              1
            ],
            "2.7917": [
              1,
              1,
              1
            ]
          }
        },
        "diamond": {
          "position": {
            "0.0": [
              0,
              -16,
              0
            ],
            "10.25": [
              0,
              -7,
              0
            ],
            "10.2917": [
              0,
              -6.99,
              0
            ],
            "10.9167": [
              0,
              -6.21,
              0
            ],
            "11.125": [
              0,
              -6,
              0
            ],
            "2.5417": [
              0,
              -16,
              0
            ],
            "2.7917": [
              0,
              -6,
              0
            ],
            "3.4167": [
              0,
              -6.82,
              0
            ],
            "3.5417": [
              0,
              -7,
              0
            ],
            "4.0417": [
              0,
              -6.26,
              0
            ],
            "4.2917": [
              0,
              -6,
              0
            ],
            "4.6667": [
              0,
              -6.5,
              0
            ],
            "5.0417": [
              0,
              -7,
              0
            ],
            "5.2917": [
              0,
              -6.74,
              0
            ],
            "5.7917": [
              0,
              -6,
              0
            ],
            "5.9167": [
              0,
              -6.07,
              0
            ],
            "6.5417": [
              0,
              -7,
              0
            ],
            "7.1667": [
              0,
              -6.32,
              0
            ],
            "7.5417": [
              0,
              -6,
              0
            ],
            "7.7917": [
              0,
              -6.18,
              0
            ],
            "8.4167": [
              0,
              -6.99,
              0
            ],
            "8.4583": [
              0,
              -7,
              0
            ],
            "9.0417": [
              0,
              -6.3,
              0
            ],
            "9.375": [
              0,
              -6,
              0
            ],
            "9.6667": [
              0,
              -6.26,
              0
            ]
          },
          "rotation": {
            "0.0": [
              0.24079,
              -2.48839,
              0.00626
            ],
            "3.8333": [
              0.24,
              -2.49,
              0.01
            ]
          },
          "scale": {
            "0.0": [
              0.6,
              0.6,
              1
            ],
            "2.5417": [
              0.6,
              0.6,
              1
            ],
            "2.7917": [
              1,
              1,
              1
            ]
          }
        },
        "lid": {
          "position": {
            "0.0": [
              0,
              -3,
              0
            ],
            "1.2917": [
              0,
              -3,
              0
            ],
            "1.7083": [
              0,
              4,
              22
            ],
            "1.875": [
              0,
              -8,
              27
            ],
            "2.3333": [
              0,
              -8.25,
              27.31
            ],
            "2.7917": [
              0,
              -7,
              27
            ]
          },
          "rotation": {
            "0.0": [
              0,
              0,
              0
            ],
            "1.2917": [
              0,
              0,
              0
            ],
            "1.5417": [
              -117.5,
              0,
              -17.5
            ],
            "1.7083": [
              -162.5,
              0,
              -17.5
            ],
            "1.875": [
              -182.5,
              30,
              -5
            ]
          }
        },
        "lid2": {
          "position": {
            "0.0": [
              0,
              -3,
              0
            ],
            "1.1667": [
              0,
              -3,
              0
            ],
            "1.375": [
              0,
              7.4,
              13.2
            ],
            "1.5417": [
              0,
              2,
              25
            ],
            "1.7083": [
              0,
              -8,
              27
            ],
            "2.7917": [
              0,
              -8,
              27
            ]
          },
          "rotation": {
            "0.0": [
              0,
              0,
              0
            ],
            "1.1667": [
              0,
              0,
              0
            ],
            "1.375": [
              -102.5,
              0,
              12.5
            ],
            "1.5417": [
              -160,
              0,
              12.5
            ],
            "1.7083": [
              -180,
              0,
              -2.5
            ],
            "1.7917": [
              -181.25,
              0,
              -0.47
            ],
            "1.875": [
              -180,
              0,
              2.5
            ],
            "2.0": [
              -180,
              0,
              -5
            ],
            "2.125": [
              -180,
              0,
              0
            ],
            "2.7917": [
              -180,
              0,
              0
            ]
          }
        },
        "lid3": {
          "position": {
            "0.0": [
              0,
              -3,
              0
            ],
            "1.4167": [
              0,
              -3,
              0
            ],
            "1.7083": [
              0,
              5,
              11
            ],
            "1.875": [
              0,
              3,
              23
            ],
            "2.0417": [
              0,
              -8,
              28
            ],
            "2.7917": [
              0,
              -8,
              28
            ]
          },
          "rotation": {
            "0.0": [
              0,
              0,
              0
            ],
            "1.4167": [
              0,
              0,
              0
            ],
            "1.7083": [
              -70,
              0,
              17.5
            ],
            "1.875": [
              -140,
              0,
              17.5
            ],
            "2.0417": [
              -180,
              0,
              2.5
            ],
            "2.125": [
              -181.49,
              0,
              2.5
            ],
            "2.1667": [
              -180,
              0,
              2.5
            ],
            "2.2917": [
              -180,
              0,
              -5
            ],
            "2.4167": [
              -180,
              0,
              0
            ],
            "2.7917": [
              -180,
              0,
              0
            ]
          }
        },
        "present1": {
          "position": {
            "0.0": [
              0,
              63,
              0
            ],
            "0.75": [
              0,
              0,
              0
            ],
            "3.125": [
              0,
              0,
              0
            ]
          },
          "rotation": {
            "0.0": [
              0,
              0,
              12.5
            ],
            "0.75": [
              0,
              0,
              12.5
            ],
            "0.875": [
              0,
              0,
              -10
            ],
            "1.0": [
              0,
              0,
              0
            ],
            "3.125": [
              0,
              0,
              0
            ]
          }
        },
        "present2": {
          "position": {
            "0.0": [
              0,
              42,
              0
            ],
            "0.5": [
              0,
              0,
              0
            ],
            "2.7917": [
              0,
              0,
              0
            ]
          },
          "rotation": {
            "0.0": [
              10,
              0,
              0
            ],
            "0.5": [
              10,
              0,
              0
            ],
            "0.6667": [
              10,
              0,
              17.5
            ],
            "0.8333": [
              0,
              0,
              0
            ],
            "2.7917": [
              0,
              0,
              0
            ]
          }
        },
        "present3": {
          "position": {
            "0.0": [
              0,
              52,
              0
            ],
            "0.625": [
              0,
              0,
              0
            ],
            "2.7917": [
              0,
              0,
              0
            ]
          },
          "rotation": {
            "0.0": [
              0,
              0,
              -10
            ],
            "0.625": [
              0,
              0,
              -10
            ],
            "0.75": [
              0,
              0,
              7.5
            ],
            "0.9167": [
              0,
              0,
              0
            ],
            "2.7917": [
              0,
              0,
              0
            ]
          }
        }
      },
      "loop": true
    },
    "animation.cubecraft.presentrush.spawn": {
      "animation_length": 7.04167,
      "bones": {
        "bear": {
          "position": {
            "0.0": [
              0,
              -17.5,
              0
            ],
            "2.2917": [
              1,
              -17.5,
              0
            ],
            "2.5417": [
              1,
              -7.5,
              0
            ],
            "2.7917": {
              "lerp_mode": "catmullrom",
              "post": [
                1,
                -8.5,
                0
              ]
            },
            "3.5417": {
              "lerp_mode": "catmullrom",
              "post": [
                1,
                -7.5,
                0
              ]
            },
            "4.2917": {
              "lerp_mode": "catmullrom",
              "post": [
                1,
                -8.5,
                0
              ]
            },
            "5.0417": {
              "lerp_mode": "catmullrom",
              "post": [
                1,
                -7.5,
                0
              ]
            },
            "5.7917": {
              "lerp_mode": "catmullrom",
              "post": [
                1,
                -8.5,
                0
              ]
            },
            "6.5417": {
              "lerp_mode": "catmullrom",
              "post": [
                1,
                -7.5,
                0
              ]
            },
            "7.0417": {
              "lerp_mode": "catmullrom",
              "post": [
                1,
                -8.5,
                0
              ]
            }
          },
          "scale": {
            "0.0": [
              0.5,
              0.5,
              0.5
            ],
            "2.2917": [
              0.5,
              0.5,
              0.5
            ],
            "2.5417": [
              1,
              1,
              1
            ]
          }
        },
        "candycane": {
          "position": {
            "0.0": [
              -1,
              -18.75,
              0
            ],
            "2.0833": [
              -2,
              -18.75,
              0
            ],
            "2.2917": [
              -1,
              -7.75,
              0
            ],
            "2.5417": [
              -1,
              -8.75,
              0
            ],
            "2.9583": [
              -1,
              -8.17,
              0
            ],
            "3.2917": [
              -1,
              -7.75,
              0
            ],
            "3.375": [
              -1,
              -7.78,
              0
            ],
            "3.7917": [
              -1,
              -8.49,
              0
            ],
            "4.0417": [
              -1,
              -8.75,
              0
            ],
            "4.2083": [
              -1,
              -8.62,
              0
            ],
            "4.625": [
              -1,
              -7.88,
              0
            ],
            "4.7917": [
              -1,
              -7.75,
              0
            ],
            "5.0417": [
              -1,
              -8.01,
              0
            ],
            "5.4583": [
              -1,
              -8.72,
              0
            ],
            "5.5417": [
              -1,
              -8.75,
              0
            ],
            "5.875": [
              -1,
              -8.29,
              0
            ],
            "6.25": [
              -1,
              -7.75,
              0
            ],
            "6.2917": [
              -1,
              -7.76,
              0
            ],
            "6.7083": [
              -1,
              -8.3,
              0
            ],
            "7.0417": [
              -1,
              -8.75,
              0
            ]
          },
          "scale": {
            "0.0": [
              0.5,
              0.5,
              0.5
            ],
            "2.0833": [
              0.5,
              0.5,
              0.5
            ],
            "2.2917": [
              1,
              1,
              1
            ]
          }
        },
        "diamond": {
          "position": {
            "0.0": [
              0,
              -16,
              0
            ],
            "2.5417": [
              0,
              -16,
              0
            ],
            "2.7917": [
              0,
              -6,
              0
            ],
            "3.0417": [
              0,
              -7,
              0
            ],
            "3.4583": [
              0,
              -6.42,
              0
            ],
            "3.7917": [
              0,
              -6,
              0
            ],
            "3.875": [
              0,
              -6.03,
              0
            ],
            "4.2917": [
              0,
              -6.74,
              0
            ],
            "4.5417": [
              0,
              -7,
              0
            ],
            "4.7083": [
              0,
              -6.87,
              0
            ],
            "5.125": [
              0,
              -6.13,
              0
            ],
            "5.2917": [
              0,
              -6,
              0
            ],
            "5.5417": [
              0,
              -6.26,
              0
            ],
            "5.9583": [
              0,
              -6.97,
              0
            ],
            "6.0417": [
              0,
              -7,
              0
            ],
            "6.375": [
              0,
              -6.78,
              0
            ],
            "6.7917": [
              0,
              -6.23,
              0
            ],
            "7.0417": [
              0,
              -6,
              0
            ]
          },
          "rotation": [
            0.24079,
            -2.48839,
            0.00626
          ],
          "scale": {
            "0.0": [
              0.6,
              0.6,
              1
            ],
            "2.5417": [
              0.6,
              0.6,
              1
            ],
            "2.7917": [
              1,
              1,
              1
            ]
          }
        },
        "lid": {
          "position": {
            "0.0": [
              0,
              -3,
              0
            ],
            "1.2917": [
              0,
              -3,
              0
            ],
            "1.5417": {
              "lerp_mode": "catmullrom",
              "post": [
                0,
                6,
                11
              ]
            },
            "1.7083": {
              "lerp_mode": "catmullrom",
              "post": [
                0,
                4,
                22
              ]
            },
            "1.875": {
              "lerp_mode": "catmullrom",
              "post": [
                0,
                -8,
                27
              ]
            }
          },
          "rotation": {
            "0.0": [
              0,
              0,
              0
            ],
            "1.2917": [
              0,
              0,
              0
            ],
            "1.5417": {
              "lerp_mode": "catmullrom",
              "post": [
                -117.5,
                0,
                -17.5
              ]
            },
            "1.7083": {
              "lerp_mode": "catmullrom",
              "post": [
                -162.5,
                0,
                -17.5
              ]
            },
            "1.875": {
              "lerp_mode": "catmullrom",
              "post": [
                -182.5,
                30,
                -5
              ]
            },
            "2.0417": {
              "lerp_mode": "catmullrom",
              "post": [
                -180,
                0,
                2.5
              ]
            },
            "2.1667": {
              "lerp_mode": "catmullrom",
              "post": [
                -180,
                0,
                -5
              ]
            },
            "2.2917": {
              "lerp_mode": "catmullrom",
              "post": [
                -180,
                0,
                0
              ]
            }
          }
        },
        "lid2": {
          "position": {
            "0.0": [
              0,
              -3,
              0
            ],
            "1.1667": [
              0,
              -3,
              0
            ],
            "1.375": [
              0,
              7.4,
              13.2
            ],
            "1.5417": [
              0,
              2,
              25
            ],
            "1.7083": [
              0,
              -8,
              27
            ]
          },
          "rotation": {
            "0.0": [
              0,
              0,
              0
            ],
            "1.1667": [
              0,
              0,
              0
            ],
            "1.375": [
              -102.5,
              0,
              12.5
            ],
            "1.5417": [
              -160,
              0,
              12.5
            ],
            "1.7083": [
              -180,
              0,
              -2.5
            ],
            "1.7917": [
              -181.25,
              0,
              -0.47
            ],
            "1.875": [
              -180,
              0,
              2.5
            ],
            "2.0": [
              -180,
              0,
              -5
            ],
            "2.125": [
              -180,
              0,
              0
            ]
          }
        },
        "lid3": {
          "position": {
            "0.0": [
              0,
              -3,
              0
            ],
            "1.4167": [
              0,
              -3,
              0
            ],
            "1.7083": [
              0,
              5,
              11
            ],
            "1.875": [
              0,
              3,
              23
            ],
            "2.0417": [
              0,
              -8,
              28
            ]
          },
          "rotation": {
            "0.0": [
              0,
              0,
              0
            ],
            "1.4167": [
              0,
              0,
              0
            ],
            "1.7083": [
              -70,
              0,
              17.5
            ],
            "1.875": [
              -140,
              0,
              17.5
            ],
            "2.0417": [
              -180,
              0,
              2.5
            ],
            "2.125": [
              -181.49,
              0,
              2.5
            ],
            "2.1667": [
              -180,
              0,
              2.5
            ],
            "2.2917": [
              -180,
              0,
              -5
            ],
            "2.4167": [
              -180,
              0,
              0
            ]
          }
        },
        "present1": {
          "position": {
            "0.0": [
              0,
              63,
              0
            ],
            "0.75": [
              0,
              0,
              0
            ]
          },
          "rotation": {
            "0.0": [
              0,
              0,
              12.5
            ],
            "0.75": [
              0,
              0,
              12.5
            ],
            "0.875": [
              0,
              0,
              -10
            ],
            "1.0": [
              0,
              0,
              0
            ]
          }
        },
        "present2": {
          "position": {
            "0.0": [
              0,
              42,
              0
            ],
            "0.5": [
              0,
              0,
              0
            ]
          },
          "rotation": {
            "0.0": [
              10,
              0,
              0
            ],
            "0.5": [
              10,
              0,
              0
            ],
            "0.6667": [
              10,
              0,
              17.5
            ],
            "0.8333": [
              0,
              0,
              0
            ]
          }
        },
        "present3": {
          "position": {
            "0.0": [
              0,
              52,
              0
            ],
            "0.625": [
              0,
              0,
              0
            ]
          },
          "rotation": {
            "0.0": [
              0,
              0,
              -10
            ],
            "0.625": [
              0,
              0,
              -10
            ],
            "0.75": [
              0,
              0,
              7.5
            ],
            "0.9167": [
              0,
              0,
              0
            ]
          }
        }
      }
    }
  },
  "format_version": "1.8.0"
}