{
  "animations": {
    "animation.wineffect.rgb_rainbow.begin": {
      "animation_length": 3,
      "bones": {
        "cloud1": {
          "scale": {
            "0.0": [
              0,
              0,
              0
            ],
            "0.52": [
              1,
              1,
              1
            ]
          }
        },
        "cloud2": {
          "scale": {
            "0.0": [
              0,
              0,
              0
            ],
            "0.52": [
              1,
              1,
              1
            ]
          }
        },
        "confetti": {
          "position": {
            "0.88": [
              18,
              29,
              -9
            ],
            "2.2": [
              18,
              0,
              -9
            ]
          },
          "scale": {
            "0.92": [
              0,
              0,
              0
            ],
            "1.56": [
              1,
              1,
              1
            ],
            "2.2": [
              0,
              0,
              0
            ]
          }
        },
        "confetti2": {
          "position": {
            "1.24": [
              -9,
              29,
              -9
            ],
            "2.56": [
              -9,
              0,
              -9
            ]
          },
          "scale": {
            "1.28": [
              0,
              0,
              0
            ],
            "1.92": [
              1,
              1,
              1
            ],
            "2.56": [
              0,
              0,
              0
            ]
          }
        },
        "confetti3": {
          "position": {
            "0.0": [
              0,
              29,
              -14
            ],
            "1.32": [
              0,
              0,
              -14
            ]
          },
          "scale": {
            "0.04": [
              0,
              0,
              0
            ],
            "0.68": [
              1,
              1,
              1
            ],
            "1.32": [
              0,
              0,
              0
            ]
          }
        },
        "confetti4": {
          "position": {
            "1.48": [
              1,
              29,
              3
            ],
            "2.76": [
              1,
              0,
              3
            ]
          },
          "scale": {
            "1.48": [
              0,
              0,
              0
            ],
            "2.12": [
              1,
              1,
              1
            ],
            "2.76": [
              0,
              0,
              0
            ]
          }
        },
        "confetti5": {
          "position": {
            "0.52": [
              2,
              29,
              -17
            ],
            "1.8": [
              2,
              0,
              -17
            ]
          },
          "scale": {
            "0.52": [
              0,
              0,
              0
            ],
            "1.16": [
              1,
              1,
              1
            ],
            "1.8": [
              0,
              0,
              0
            ]
          }
        },
        "confetti6": {
          "scale": 0
        },
        "rainbow": {
          "position": {
            "0.0": [
              0,
              0,
              0
            ],
            "1.0": [
              0,
              4,
              0
            ],
            "2.0": [
              0,
              0,
              0
            ],
            "3.0": [
              0,
              4,
              0
            ]
          }
        },
        "rainbow1": {
          "position": [
            0,
            0,
            0
          ],
          "scale": {
            "0.52": [
              1,
              0,
              1
            ],
            "0.72": [
              1,
              1,
              1
            ]
          }
        },
        "rainbow10": {
          "position": {
            "2.48": [
              -0.07,
              0.7,
              0
            ],
            "2.68": [
              0,
              0,
              0
            ]
          },
          "rotation": {
            "2.48": [
              0,
              0,
              5.83
            ],
            "2.68": [
              0,
              0,
              0
            ]
          },
          "scale": {
            "2.48": [
              1,
              0,
              1
            ],
            "2.68": [
              1,
              1,
              1
            ]
          }
        },
        "rainbow11": {
          "position": {
            "2.72": [
              -0.07,
              0.7,
              0
            ],
            "2.92": [
              0,
              0,
              0
            ]
          },
          "rotation": {
            "2.72": [
              0,
              0,
              5.83
            ],
            "2.92": [
              0,
              0,
              0
            ]
          },
          "scale": {
            "2.72": [
              1,
              0,
              1
            ],
            "2.92": [
              1,
              1,
              1
            ]
          }
        },
        "rainbow2": {
          "position": {
            "0.72": [
              0,
              -1.5,
              0
            ],
            "0.92": [
              0,
              0,
              0
            ]
          },
          "rotation": {
            "0.72": [
              0,
              0,
              -0.83
            ],
            "0.92": [
              0,
              0,
              0
            ]
          },
          "scale": {
            "0.72": [
              1,
              0,
              1
            ],
            "0.92": [
              1,
              1,
              1
            ]
          }
        },
        "rainbow3": {
          "position": {
            "0.92": [
              0,
              -1.5,
              0
            ],
            "1.12": [
              0,
              0,
              0
            ]
          },
          "rotation": {
            "0.92": [
              0,
              0,
              29.26
            ],
            "1.12": [
              0,
              0,
              0
            ]
          },
          "scale": {
            "0.92": [
              1,
              0,
              1
            ],
            "1.12": [
              1,
              1,
              1
            ]
          }
        },
        "rainbow4": {
          "position": {
            "1.16": [
              -2.8,
              0,
              0
            ],
            "1.36": [
              0,
              0,
              0
            ]
          },
          "scale": {
            "1.16": [
              0,
              1,
              1
            ],
            "1.36": [
              1,
              1,
              1
            ]
          }
        },
        "rainbow5": {
          "position": {
            "1.36": [
              -2.8,
              0,
              0
            ],
            "1.56": [
              0,
              0,
              0
            ]
          },
          "scale": {
            "1.36": [
              0,
              1,
              1
            ],
            "1.56": [
              1,
              1,
              1
            ]
          }
        },
        "rainbow6": {
          "position": {
            "1.56": [
              -2.8,
              0,
              0
            ],
            "1.76": [
              0,
              0,
              0
            ]
          },
          "scale": {
            "1.56": [
              0,
              1,
              1
            ],
            "1.76": [
              1,
              1,
              1
            ]
          }
        },
        "rainbow7": {
          "position": {
            "1.8": [
              -2.8,
              0,
              0
            ],
            "2.0": [
              0,
              0,
              0
            ]
          },
          "scale": {
            "1.8": [
              0,
              1,
              1
            ],
            "2.0": [
              1,
              1,
              1
            ]
          }
        },
        "rainbow8": {
          "position": {
            "2.04": [
              -2.8,
              0,
              0
            ],
            "2.24": [
              0,
              0,
              0
            ]
          },
          "rotation": {
            "2.04": [
              0,
              0,
              -25
            ],
            "2.24": [
              0,
              0,
              0
            ]
          },
          "scale": {
            "2.04": [
              0,
              1,
              1
            ],
            "2.24": [
              1,
              1,
              1
            ]
          }
        },
        "rainbow9": {
          "position": {
            "2.28": [
              -0.07,
              0.7,
              0
            ],
            "2.48": [
              0,
              0,
              0
            ]
          },
          "rotation": {
            "2.28": [
              0,
              0,
              5.83
            ],
            "2.48": [
              0,
              0,
              0
            ]
          },
          "scale": {
            "2.28": [
              1,
              0,
              1
            ],
            "2.48": [
              1,
              1,
              1
            ]
          }
        },
        "rainbow_dither": {
          "position": {
            "0.72": [
              -3.4,
              -2.8,
              -0.1
            ],
            "0.92": [
              -0.2,
              0.9,
              -0.1
            ],
            "1.16": [
              4,
              3.8,
              -0.1
            ],
            "1.36": [
              9.1,
              6,
              -0.1
            ],
            "1.6": [
              14.1,
              6.3,
              -0.1
            ],
            "2.04": [
              20.6,
              3.7,
              -0.1
            ],
            "2.28": [
              24.9,
              0.3,
              -0.1
            ],
            "2.48": [
              28,
              -4.2,
              -0.1
            ],
            "2.72": [
              29.9,
              -8.9,
              -0.1
            ],
            "2.88": [
              29.9,
              -12.7,
              -0.1
            ]
          },
          "rotation": {
            "0.72": [
              0,
              0,
              -27.5
            ],
            "0.92": [
              0,
              0,
              -15
            ],
            "1.16": [
              0,
              0,
              2.5
            ],
            "1.36": [
              0,
              0,
              15
            ],
            "1.6": [
              0,
              0,
              32.5
            ],
            "2.04": [
              0,
              0,
              57.5
            ],
            "2.28": [
              0,
              0,
              72.5
            ],
            "2.48": [
              0,
              0,
              90
            ],
            "2.72": [
              0,
              0,
              102.5
            ],
            "2.88": [
              0,
              0,
              122.5
            ]
          },
          "scale": {
            "0.48": [
              0,
              0,
              0
            ],
            "0.72": [
              1,
              1,
              1
            ],
            "2.76": [
              1,
              1,
              1
            ],
            "2.88": [
              0,
              0,
              0
            ]
          }
        },
        "star": {
          "position": {
            "0.28": [
              0,
              30,
              0
            ],
            "1.56": [
              0,
              0,
              0
            ]
          },
          "scale": {
            "0.28": [
              0,
              0,
              0
            ],
            "0.92": [
              1,
              1,
              1
            ],
            "1.56": [
              0,
              0,
              0
            ]
          }
        },
        "star2": {
          "scale": 0
        },
        "star3": {
          "scale": 0
        }
      },
      "loop": "hold_on_last_frame"
    },
    "animation.wineffect.rgb_rainbow.loop": {
      "animation_length": 6.04,
      "bones": {
        "confetti": {
          "position": {
            "1.72": [
              18,
              29,
              -9
            ],
            "3.04": [
              18,
              0,
              -9
            ]
          },
          "scale": {
            "1.76": [
              0,
              0,
              0
            ],
            "2.4": [
              1,
              1,
              1
            ],
            "3.04": [
              0,
              0,
              0
            ]
          }
        },
        "confetti2": {
          "position": {
            "0.92": [
              -9,
              29,
              -9
            ],
            "2.24": [
              -9,
              0,
              -9
            ],
            "4.56": [
              -9,
              29,
              -9
            ],
            "5.88": [
              -9,
              0,
              -9
            ]
          },
          "scale": {
            "0.96": [
              0,
              0,
              0
            ],
            "1.6": [
              1,
              1,
              1
            ],
            "2.24": [
              0,
              0,
              0
            ],
            "4.6": [
              0,
              0,
              0
            ],
            "5.24": [
              1,
              1,
              1
            ],
            "5.88": [
              0,
              0,
              0
            ]
          }
        },
        "confetti3": {
          "position": {
            "0.24": [
              0,
              29,
              -14
            ],
            "1.56": [
              0,
              0,
              -14
            ],
            "3.16": [
              0,
              29,
              -14
            ],
            "4.48": [
              0,
              0,
              -14
            ]
          },
          "scale": {
            "0.28": [
              0,
              0,
              0
            ],
            "0.92": [
              1,
              1,
              1
            ],
            "1.56": [
              0,
              0,
              0
            ],
            "3.2": [
              0,
              0,
              0
            ],
            "3.84": [
              1,
              1,
              1
            ],
            "4.48": [
              0,
              0,
              0
            ]
          }
        },
        "confetti4": {
          "position": {
            "1.2": [
              1,
              29,
              3
            ],
            "2.48": [
              1,
              0,
              3
            ],
            "3.6": [
              1,
              29,
              3
            ],
            "4.88": [
              1,
              0,
              3
            ]
          },
          "scale": {
            "1.2": [
              0,
              0,
              0
            ],
            "1.84": [
              1,
              1,
              1
            ],
            "2.48": [
              0,
              0,
              0
            ],
            "3.6": [
              0,
              0,
              0
            ],
            "4.24": [
              1,
              1,
              1
            ],
            "4.88": [
              0,
              0,
              0
            ]
          }
        },
        "confetti5": {
          "position": {
            "0.0": [
              2,
              29,
              -17
            ],
            "1.28": [
              2,
              0,
              -17
            ],
            "3.36": [
              2,
              29,
              -17
            ],
            "4.64": [
              2,
              0,
              -17
            ]
          },
          "scale": {
            "0.0": [
              0,
              0,
              0
            ],
            "0.64": [
              1,
              1,
              1
            ],
            "1.28": [
              0,
              0,
              0
            ],
            "3.36": [
              0,
              0,
              0
            ],
            "4.0": [
              1,
              1,
              1
            ],
            "4.64": [
              0,
              0,
              0
            ]
          }
        },
        "confetti6": {
          "position": {
            "1.16": [
              -7,
              29,
              -17
            ],
            "2.44": [
              -7,
              0,
              -17
            ],
            "4.72": [
              -7,
              29,
              -17
            ],
            "6.0": [
              -7,
              0,
              -17
            ]
          },
          "scale": {
            "1.16": [
              0,
              0,
              0
            ],
            "1.8": [
              1,
              1,
              1
            ],
            "2.44": [
              0,
              0,
              0
            ],
            "4.72": [
              0,
              0,
              0
            ],
            "5.36": [
              1,
              1,
              1
            ],
            "6.0": [
              0,
              0,
              0
            ]
          }
        },
        "rainbow": {
          "position": {
            "0.0": [
              0,
              4,
              0
            ],
            "1.0": [
              0,
              0,
              0
            ],
            "2.0": [
              0,
              4,
              0
            ],
            "3.0": [
              0,
              0,
              0
            ],
            "4.0": [
              0,
              4,
              0
            ],
            "5.0": [
              0,
              0,
              0
            ],
            "6.0": [
              0,
              4,
              0
            ]
          }
        },
        "star": {
          "position": {
            "0.48": [
              0,
              30,
              0
            ],
            "1.76": [
              0,
              0,
              0
            ],
            "3.08": [
              0,
              30,
              0
            ],
            "4.36": [
              0,
              0,
              0
            ]
          },
          "scale": {
            "0.48": [
              0,
              0,
              0
            ],
            "1.12": [
              1,
              1,
              1
            ],
            "1.76": [
              0,
              0,
              0
            ],
            "3.08": [
              0,
              0,
              0
            ],
            "3.72": [
              1,
              1,
              1
            ],
            "4.36": [
              0,
              0,
              0
            ]
          }
        },
        "star2": {
          "position": {
            "1.32": [
              22,
              30,
              -13
            ],
            "2.6": [
              22,
              0,
              -13
            ],
            "4.36": [
              22,
              30,
              -13
            ],
            "5.64": [
              22,
              0,
              -13
            ]
          },
          "scale": {
            "1.32": [
              0,
              0,
              0
            ],
            "1.96": [
              1,
              1,
              1
            ],
            "2.6": [
              0,
              0,
              0
            ],
            "4.36": [
              0,
              0,
              0
            ],
            "5.0": [
              1,
              1,
              1
            ],
            "5.64": [
              0,
              0,
              0
            ]
          }
        },
        "star3": {
          "position": {
            "2.04": [
              5,
              30,
              -18
            ],
            "3.32": [
              5,
              0,
              -18
            ]
          },
          "scale": {
            "2.04": [
              0,
              0,
              0
            ],
            "2.68": [
              1,
              1,
              1
            ],
            "3.32": [
              0,
              0,
              0
            ]
          }
        }
      },
      "loop": true
    }
  },
  "format_version": "1.8.0"
}