{
  "animations": {
    "animation.wineffect.surpriseparty.spawn": {
      "animation_length": 7,
      "bones": {
        "balloon1": {
          "position": {
            "0.3333": [
              0,
              0,
              0
            ],
            "2.9583": [
              0,
              -26,
              0
            ],
            "3.0417": [
              0,
              -25.5,
              0
            ],
            "3.0833": [
              0,
              -26,
              0
            ],
            "4.0": [
              -4,
              -29,
              0
            ]
          },
          "rotation": {
            "2.9583": [
              0,
              0,
              0
            ],
            "4.0": [
              0,
              0,
              -60
            ]
          },
          "scale": {
            "0.3333": [
              0,
              0,
              0
            ],
            "0.5833": [
              1.2,
              1.2,
              1.2
            ],
            "0.6667": [
              1,
              1,
              1
            ],
            "6.1667": [
              1,
              1,
              1
            ],
            "6.25": [
              1.5,
              1.5,
              1.5
            ],
            "6.3333": [
              0,
              0,
              0
            ]
          }
        },
        "balloon2": {
          "position": {
            "0.0": [
              0,
              0,
              0
            ],
            "2.9583": [
              0,
              -26,
              0
            ],
            "3.0417": [
              0,
              -25.5,
              0
            ],
            "3.0833": [
              0,
              -26,
              0
            ],
            "4.0": [
              0,
              -29,
              3
            ]
          },
          "rotation": {
            "2.9583": [
              0,
              0,
              0
            ],
            "4.0": [
              -60,
              0,
              0
            ]
          },
          "scale": {
            "0.0": [
              0,
              0,
              0
            ],
            "0.25": [
              1.2,
              1.2,
              1.2
            ],
            "0.3333": [
              1,
              1,
              1
            ],
            "6.3333": [
              1,
              1,
              1
            ],
            "6.4167": [
              1.5,
              1.5,
              1.5
            ],
            "6.5": [
              0,
              0,
              0
            ]
          }
        },
        "balloon3": {
          "position": {
            "0.2083": [
              0,
              0,
              0
            ],
            "3.9167": [
              0,
              -26,
              0
            ],
            "4.0": [
              0,
              -25.5,
              0
            ],
            "4.0833": [
              0,
              -26,
              0
            ],
            "5.0": [
              -4,
              -29,
              0
            ]
          },
          "rotation": {
            "3.9167": [
              0,
              0,
              0
            ],
            "5.0": [
              0,
              0,
              -60
            ]
          },
          "scale": {
            "0.2083": [
              0,
              0,
              0
            ],
            "0.4583": [
              1.2,
              1.2,
              1.2
            ],
            "0.5417": [
              1,
              1,
              1
            ],
            "6.5833": [
              1,
              1,
              1
            ],
            "6.6667": [
              1.5,
              1.5,
              1.5
            ],
            "6.75": [
              0,
              0,
              0
            ]
          }
        },
        "balloon4": {
          "position": {
            "0.0": [
              0,
              0,
              0
            ],
            "3.4167": [
              0,
              -26,
              0
            ],
            "3.5": [
              0,
              -25.5,
              0
            ],
            "3.5833": [
              0,
              -26,
              0
            ],
            "4.5": [
              0,
              -29,
              -3
            ]
          },
          "rotation": {
            "3.4167": [
              0,
              0,
              0
            ],
            "4.5": [
              60,
              0,
              0
            ]
          },
          "scale": {
            "0.0": [
              0,
              0,
              0
            ],
            "0.25": [
              1.2,
              1.2,
              1.2
            ],
            "0.3333": [
              1,
              1,
              1
            ],
            "6.0": [
              1,
              1,
              1
            ],
            "6.0833": [
              1.5,
              1.5,
              1.5
            ],
            "6.1667": [
              0,
              0,
              0
            ]
          }
        },
        "balloon5": {
          "position": {
            "0.2083": [
              0,
              0,
              0
            ],
            "2.875": [
              0,
              -26,
              0
            ],
            "2.9583": [
              0,
              -25.5,
              0
            ],
            "3.0417": [
              0,
              -26,
              0
            ],
            "3.9167": [
              4,
              -29,
              0
            ]
          },
          "rotation": {
            "2.875": [
              0,
              0,
              0
            ],
            "3.9167": [
              0,
              0,
              60
            ]
          },
          "scale": {
            "0.2083": [
              0,
              0,
              0
            ],
            "0.4583": [
              1.2,
              1.2,
              1.2
            ],
            "0.5417": [
              1,
              1,
              1
            ],
            "6.75": [
              1,
              1,
              1
            ],
            "6.8333": [
              1.5,
              1.5,
              1.5
            ],
            "6.9167": [
              0,
              0,
              0
            ]
          }
        },
        "pop1": {
          "scale": {
            "6.25": [
              0,
              0,
              0
            ],
            "6.2917": [
              2,
              2,
              2
            ]
          }
        },
        "pop2": {
          "scale": {
            "6.4167": [
              0,
              0,
              0
            ],
            "6.4583": [
              2,
              2,
              2
            ]
          }
        },
        "pop3": {
          "scale": {
            "6.6667": [
              0,
              0,
              0
            ],
            "6.7083": [
              2,
              2,
              2
            ]
          }
        },
        "pop4": {
          "scale": {
            "6.0833": [
              0,
              0,
              0
            ],
            "6.125": [
              2,
              2,
              2
            ]
          }
        },
        "pop5": {
          "scale": {
            "6.8333": [
              0,
              0,
              0
            ],
            "6.875": [
              2,
              2,
              2
            ]
          }
        }
      },
      "loop": "hold_on_last_frame",
      "particle_effects": {}
    }
  },
  "format_version": "1.8.0"
}