{"format_version":"1.16.0","minecraft:geometry":[{"bones":[{"binding":"c.item_slot == 'head' ? 'head' : q.item_slot_to_bone_name(c.item_slot)","name":"geyser_custom","pivot":[0,8,0]},{"name":"geyser_custom_x","parent":"geyser_custom","pivot":[0,8,0]},{"name":"geyser_custom_y","parent":"geyser_custom_x","pivot":[0,8,0]},{"cubes":[{"origin":[-0.5,0,-1],"size":[1.5,3.5,2],"uv":{"down":{"uv":[15.5574,1.5605],"uv_size":[-0.0868,-0.123]},"east":{"uv":[15.4725,1.7848],"uv_size":[0.1158,0.2153]},"north":{"uv":[15.5014,1.7848],"uv_size":[0.0868,0.2153]},"south":{"uv":[15.472,1.7848],"uv_size":[0.0868,0.2153]},"up":{"uv":[15.5574,1.5605],"uv_size":[-0.0868,-0.123]},"west":{"uv":[15.4725,1.7848],"uv_size":[0.1158,0.2153]}}},{"origin":[-0.5,0.5,-1.5],"size":[1.5,2,0.5],"uv":{"down":{"uv":[15.5574,1.5933],"uv_size":[-0.0868,-0.0308]},"east":{"uv":[15.5887,1.8458],"uv_size":[0.0289,0.123]},"north":{"uv":[15.5014,1.8458],"uv_size":[0.0868,0.123]},"south":{"uv":[15.472,1.8458],"uv_size":[0.0868,0.123]},"up":{"uv":[15.5574,1.437],"uv_size":[-0.0868,-0.0308]},"west":{"uv":[15.4416,1.8458],"uv_size":[0.0289,0.123]}}},{"origin":[-0.5,0.5,1],"size":[1.5,2,0.5],"uv":{"down":{"uv":[15.5574,1.437],"uv_size":[-0.0868,-0.0308]},"east":{"uv":[15.4416,1.8458],"uv_size":[0.0289,0.123]},"north":{"uv":[15.5014,1.8458],"uv_size":[0.0868,0.123]},"south":{"uv":[15.472,1.8458],"uv_size":[0.0868,0.123]},"up":{"uv":[15.5574,1.5933],"uv_size":[-0.0868,-0.0308]},"west":{"uv":[15.5887,1.8458],"uv_size":[0.0289,0.123]}}},{"origin":[-0.5,3.5,-0.5],"size":[1.5,12.5,1],"uv":{"down":{"uv":[15.5574,1.5303],"uv_size":[-0.0868,-0.0615]},"east":{"uv":[15.5009,1.0125],"uv_size":[0.0579,0.7688]},"north":{"uv":[15.5014,1.0125],"uv_size":[0.0868,0.7688]},"south":{"uv":[15.472,1.0125],"uv_size":[0.0868,0.7688]},"up":{"uv":[15.5574,1.5303],"uv_size":[-0.0868,-0.0615]},"west":{"uv":[15.5009,1.0125],"uv_size":[0.0579,0.7688]}}},{"origin":[-0.5,10.5,-1],"size":[1.5,2,0.5],"uv":{"down":{"uv":[15.5574,1.562],"uv_size":[-0.0868,-0.0308]},"east":{"uv":[15.5593,1.2208],"uv_size":[0.0289,0.123]},"north":{"uv":[15.5014,1.2208],"uv_size":[0.0868,0.123]},"south":{"uv":[15.472,1.2208],"uv_size":[0.0868,0.123]},"up":{"uv":[15.5574,1.4683],"uv_size":[-0.0868,-0.0308]},"west":{"uv":[15.4711,1.2208],"uv_size":[0.0289,0.123]}}},{"origin":[-0.5,10.5,0.5],"size":[1.5,2,0.5],"uv":{"down":{"uv":[15.5574,1.4683],"uv_size":[-0.0868,-0.0308]},"east":{"uv":[15.4711,1.2208],"uv_size":[0.0289,0.123]},"north":{"uv":[15.5014,1.2208],"uv_size":[0.0868,0.123]},"south":{"uv":[15.472,1.2208],"uv_size":[0.0868,0.123]},"up":{"uv":[15.5574,1.562],"uv_size":[-0.0868,-0.0308]},"west":{"uv":[15.5593,1.2208],"uv_size":[0.0289,0.123]}}},{"origin":[-0.5,11,-1.5],"size":[1.5,5,0.5],"uv":{"down":{"uv":[15.5574,1.5933],"uv_size":[-0.0868,-0.0308]},"east":{"uv":[15.5887,1.005],"uv_size":[0.0289,0.3075]},"north":{"uv":[15.5014,1.005],"uv_size":[0.0868,0.3075]},"south":{"uv":[15.472,1.005],"uv_size":[0.0868,0.3075]},"up":{"uv":[15.5574,1.437],"uv_size":[-0.0868,-0.0308]},"west":{"uv":[15.4416,1.005],"uv_size":[0.0289,0.3075]}}},{"origin":[-0.5,11,1],"size":[1.5,5,0.5],"uv":{"down":{"uv":[15.5574,1.437],"uv_size":[-0.0868,-0.0308]},"east":{"uv":[15.4416,1.005],"uv_size":[0.0289,0.3075]},"north":{"uv":[15.5014,1.005],"uv_size":[0.0868,0.3075]},"south":{"uv":[15.472,1.005],"uv_size":[0.0868,0.3075]},"up":{"uv":[15.5574,1.5933],"uv_size":[-0.0868,-0.0308]},"west":{"uv":[15.5887,1.005],"uv_size":[0.0289,0.3075]}}},{"origin":[-0.5,12,-2],"size":[1.5,4,0.5],"uv":{"down":{"uv":[15.5574,1.6245],"uv_size":[-0.0868,-0.0308]},"east":{"uv":[15.6181,1.004],"uv_size":[0.0289,0.246]},"north":{"uv":[15.5014,1.004],"uv_size":[0.0868,0.246]},"south":{"uv":[15.472,1.004],"uv_size":[0.0868,0.246]},"up":{"uv":[15.5574,1.4058],"uv_size":[-0.0868,-0.0308]},"west":{"uv":[15.4122,1.004],"uv_size":[0.0289,0.246]}}},{"origin":[-0.5,12,1.5],"size":[1.5,4,0.5],"uv":{"down":{"uv":[15.5574,1.4058],"uv_size":[-0.0868,-0.0308]},"east":{"uv":[15.4122,1.004],"uv_size":[0.0289,0.246]},"north":{"uv":[15.5014,1.004],"uv_size":[0.0868,0.246]},"south":{"uv":[15.472,1.004],"uv_size":[0.0868,0.246]},"up":{"uv":[15.5574,1.6245],"uv_size":[-0.0868,-0.0308]},"west":{"uv":[15.6181,1.004],"uv_size":[0.0289,0.246]}}}],"name":"geyser_custom_z","parent":"geyser_custom_y","pivot":[0,8,0]}],"description":{"identifier":"geometry.geyser_custom.geo_3071e3a","texture_height":16,"texture_width":16,"visible_bounds_height":4.5,"visible_bounds_offset":[0,0.75,0],"visible_bounds_width":4}}]}