{"format_version":"1.16.0","minecraft:geometry":[{"bones":[{"binding":"c.item_slot == 'head' ? 'head' : q.item_slot_to_bone_name(c.item_slot)","name":"geyser_custom","pivot":[0,8,0]},{"name":"geyser_custom_x","parent":"geyser_custom","pivot":[0,8,0]},{"name":"geyser_custom_y","parent":"geyser_custom_x","pivot":[0,8,0]},{"cubes":[{"origin":[-18,4,-1.5],"size":[36,24,1.5],"uv":{"down":{"uv":[6.7172,12.0005],"uv_size":[0.6946,0.0308]},"east":{"uv":[7.5005,12.508],"uv_size":[0.0289,0.492]},"north":{"uv":[6.7172,12.508],"uv_size":[0.6946,0.492]},"south":{"uv":[10.4819,10.508],"uv_size":[0.6946,0.492]},"up":{"uv":[7.4005,12.0308],"uv_size":[-0.6946,-0.0308]},"west":{"uv":[6.5887,12.508],"uv_size":[0.0289,0.492]}}},{"origin":[-18,27.25,0],"size":[36,0.75,0.75],"uv":{"down":{"uv":[6.7172,12.0315],"uv_size":[0.6946,0.0154]},"east":{"uv":[7.4855,12.5003],"uv_size":[0.0145,0.0154]},"south":{"uv":[6.7172,12.5003],"uv_size":[0.6946,0.0154]},"up":{"uv":[7.4005,12.0466],"uv_size":[-0.6946,-0.0154]},"west":{"uv":[6.6179,12.5003],"uv_size":[0.0145,0.0154]}}},{"origin":[-18,4,0],"size":[36,1.5,0.75],"uv":{"down":{"uv":[6.7172,12.0315],"uv_size":[0.6946,0.0154]},"east":{"uv":[7.4855,12.9693],"uv_size":[0.0145,0.0308]},"south":{"uv":[6.7172,12.9693],"uv_size":[0.6946,0.0308]},"up":{"uv":[7.4005,12.0466],"uv_size":[-0.6946,-0.0154]},"west":{"uv":[6.6179,12.9693],"uv_size":[0.0145,0.0308]}}},{"origin":[17.25,5.5,0],"size":[0.75,21.75,0.75],"uv":{"east":{"uv":[7.4855,12.5229],"uv_size":[0.0145,0.4459]},"south":{"uv":[6.7061,12.5229],"uv_size":[0.0145,0.4459]},"west":{"uv":[6.6179,12.5229],"uv_size":[0.0145,0.4459]}}},{"origin":[-18,5.5,0],"size":[0.75,21.75,0.75],"uv":{"east":{"uv":[7.4855,12.5229],"uv_size":[0.0145,0.4459]},"south":{"uv":[7.3973,12.5229],"uv_size":[0.0145,0.4459]},"west":{"uv":[6.6179,12.5229],"uv_size":[0.0145,0.4459]}}},{"origin":[-17.625,4.375,0.75],"size":[0.75,0.75,0.25],"uv":{"down":{"uv":[11.1689,11.5156],"uv_size":[-0.0145,0]},"east":{"uv":[10.8382,11.9768],"uv_size":[0,0.0154]},"south":{"uv":[11.1546,11.9768],"uv_size":[0.0145,0.0154]},"up":{"uv":[11.1689,11.5156],"uv_size":[-0.0145,0]},"west":{"uv":[10.8382,11.9768],"uv_size":[0,0.0154]}}},{"origin":[-16.2,4.525,0.75],"size":[0.45,0.45,0.25],"uv":{"down":{"uv":[11.1689,11.5156],"uv_size":[-0.0145,0]},"east":{"uv":[10.8382,11.9768],"uv_size":[0,0.0154]},"south":{"uv":[11.1546,11.9768],"uv_size":[0.0145,0.0154]},"up":{"uv":[11.1689,11.5156],"uv_size":[-0.0145,0]},"west":{"uv":[10.8382,11.9768],"uv_size":[0,0.0154]}}},{"origin":[-15.075,4.525,0.75],"size":[0.45,0.45,0.25],"uv":{"down":{"uv":[11.1689,11.5156],"uv_size":[-0.0145,0]},"east":{"uv":[10.8382,11.9768],"uv_size":[0,0.0154]},"south":{"uv":[11.1546,11.9768],"uv_size":[0.0145,0.0154]},"up":{"uv":[11.1689,11.5156],"uv_size":[-0.0145,0]},"west":{"uv":[10.8382,11.9768],"uv_size":[0,0.0154]}}},{"origin":[-13.95,4.525,0.75],"size":[0.45,0.45,0.25],"uv":{"down":{"uv":[11.1689,11.5156],"uv_size":[-0.0145,0]},"east":{"uv":[10.8382,11.9768],"uv_size":[0,0.0154]},"south":{"uv":[11.1546,11.9768],"uv_size":[0.0145,0.0154]},"up":{"uv":[11.1689,11.5156],"uv_size":[-0.0145,0]},"west":{"uv":[10.8382,11.9768],"uv_size":[0,0.0154]}}},{"origin":[-12.825,4.525,0.75],"size":[0.45,0.45,0.25],"uv":{"down":{"uv":[11.1689,11.5156],"uv_size":[-0.0145,0]},"east":{"uv":[10.8382,11.9768],"uv_size":[0,0.0154]},"south":{"uv":[11.1546,11.9768],"uv_size":[0.0145,0.0154]},"up":{"uv":[11.1689,11.5156],"uv_size":[-0.0145,0]},"west":{"uv":[10.8382,11.9768],"uv_size":[0,0.0154]}}},{"origin":[-2,1,-3],"size":[4,12,1.5],"uv":{"east":{"uv":[7.0812,12.7999],"uv_size":[0.0217,0.1845]},"north":{"uv":[7.0304,12.7999],"uv_size":[0.0579,0.1845]},"south":{"uv":[7.0304,12.7999],"uv_size":[0.0579,0.1845]},"up":{"uv":[7.0873,12.4762],"uv_size":[-0.0579,-0.0231]},"west":{"uv":[7.0151,12.7999],"uv_size":[0.0217,0.1845]}}},{"origin":[-8,0,-6.25],"size":[16,1,8],"uv":{"down":{"uv":[6.9449,12.4043],"uv_size":[0.2315,0.123]},"east":{"uv":[7.035,12.9846],"uv_size":[0.1158,0.0154]},"north":{"uv":[6.9449,12.9846],"uv_size":[0.2315,0.0154]},"south":{"uv":[6.9449,12.9846],"uv_size":[0.2315,0.0154]},"up":{"uv":[7.1727,12.5253],"uv_size":[-0.2315,-0.123]},"west":{"uv":[6.9688,12.9846],"uv_size":[0.1158,0.0154]}}}],"name":"geyser_custom_z","parent":"geyser_custom_y","pivot":[0,8,0]}],"description":{"identifier":"geometry.geyser_custom.geo_f0fe9e0","texture_height":16,"texture_width":16,"visible_bounds_height":4.5,"visible_bounds_offset":[0,0.75,0],"visible_bounds_width":4}}]}