{"format_version":"1.16.0","minecraft:geometry":[{"bones":[{"binding":"c.item_slot == 'head' ? 'head' : q.item_slot_to_bone_name(c.item_slot)","name":"geyser_custom","pivot":[0,8,0]},{"name":"geyser_custom_x","parent":"geyser_custom","pivot":[0,8,0]},{"name":"geyser_custom_y","parent":"geyser_custom_x","pivot":[0,8,0]},{"cubes":[{"origin":[-1,10.5,-3],"size":[1.5,2.5,0.5],"uv":{"down":{"uv":[15.5868,6.687],"uv_size":[-0.0868,-0.0308]},"east":{"uv":[15.6769,6.19],"uv_size":[0.0289,0.1538]},"north":{"uv":[15.472,6.19],"uv_size":[0.0868,0.1538]},"south":{"uv":[15.5014,6.19],"uv_size":[0.0868,0.1538]},"up":{"uv":[15.5868,6.3433],"uv_size":[-0.0868,-0.0308]},"west":{"uv":[15.3534,6.19],"uv_size":[0.0289,0.1538]}}},{"origin":[-1,10.5,0.5],"size":[1.5,4.5,0.5],"uv":{"down":{"uv":[15.5868,6.4683],"uv_size":[-0.0868,-0.0308]},"east":{"uv":[15.4711,6.067],"uv_size":[0.0289,0.2768]},"north":{"uv":[15.472,6.067],"uv_size":[0.0868,0.2768]},"south":{"uv":[15.5014,6.067],"uv_size":[0.0868,0.2768]},"up":{"uv":[15.5868,6.562],"uv_size":[-0.0868,-0.0308]},"west":{"uv":[15.5593,6.067],"uv_size":[0.0289,0.2768]}}},{"origin":[-1,11.5,-1.5],"size":[1.5,3.5,0.5],"uv":{"down":{"uv":[15.5868,6.5933],"uv_size":[-0.0868,-0.0308]},"east":{"uv":[15.5887,6.066],"uv_size":[0.0289,0.2153]},"north":{"uv":[15.472,6.066],"uv_size":[0.0868,0.2153]},"south":{"uv":[15.5014,6.066],"uv_size":[0.0868,0.2153]},"up":{"uv":[15.5868,6.437],"uv_size":[-0.0868,-0.0308]},"west":{"uv":[15.4416,6.066],"uv_size":[0.0289,0.2153]}}},{"origin":[-1.5,12,1],"size":[2,1,0.5],"uv":{"down":{"uv":[15.6158,6.437],"uv_size":[-0.1158,-0.0308]},"east":{"uv":[15.4416,6.1885],"uv_size":[0.0289,0.0615]},"north":{"uv":[15.4431,6.1885],"uv_size":[0.1158,0.0615]},"south":{"uv":[15.5019,6.1885],"uv_size":[0.1158,0.0615]},"up":{"uv":[15.6158,6.5933],"uv_size":[-0.1158,-0.0308]},"west":{"uv":[15.5887,6.1885],"uv_size":[0.0289,0.0615]}}},{"origin":[-1,12.5,0],"size":[1.5,1,0.5],"uv":{"down":{"uv":[15.5868,6.4995],"uv_size":[-0.0868,-0.0308]},"east":{"uv":[15.5005,6.1573],"uv_size":[0.0289,0.0615]},"north":{"uv":[15.472,6.1573],"uv_size":[0.0868,0.0615]},"south":{"uv":[15.5014,6.1573],"uv_size":[0.0868,0.0615]},"up":{"uv":[15.5868,6.5308],"uv_size":[-0.0868,-0.0308]},"west":{"uv":[15.5299,6.1573],"uv_size":[0.0289,0.0615]}}},{"origin":[0,12.5,2.5],"size":[0.5,1.5,0.5],"uv":{"down":{"uv":[15.5289,6.3433],"uv_size":[-0.0289,-0.0308]},"east":{"uv":[15.3534,6.1265],"uv_size":[0.0289,0.0923]},"north":{"uv":[15.5299,6.1265],"uv_size":[0.0289,0.0923]},"south":{"uv":[15.5005,6.1265],"uv_size":[0.0289,0.0923]},"up":{"uv":[15.5289,6.687],"uv_size":[-0.0289,-0.0308]},"west":{"uv":[15.6769,6.1265],"uv_size":[0.0289,0.0923]}}},{"origin":[-1,13,-2],"size":[1.5,1.5,0.5],"uv":{"down":{"uv":[15.5868,6.6245],"uv_size":[-0.0868,-0.0308]},"east":{"uv":[15.6181,6.0953],"uv_size":[0.0289,0.0923]},"north":{"uv":[15.472,6.0953],"uv_size":[0.0868,0.0923]},"south":{"uv":[15.5014,6.0953],"uv_size":[0.0868,0.0923]},"up":{"uv":[15.5868,6.4058],"uv_size":[-0.0868,-0.0308]},"west":{"uv":[15.4122,6.0953],"uv_size":[0.0289,0.0923]}}},{"origin":[-1.5,13.5,1.5],"size":[2,1,0.5],"uv":{"down":{"uv":[15.6158,6.4058],"uv_size":[-0.1158,-0.0308]},"east":{"uv":[15.4122,6.0948],"uv_size":[0.0289,0.0615]},"north":{"uv":[15.4431,6.0948],"uv_size":[0.1158,0.0615]},"south":{"uv":[15.5019,6.0948],"uv_size":[0.1158,0.0615]},"up":{"uv":[15.6158,6.6245],"uv_size":[-0.1158,-0.0308]},"west":{"uv":[15.6181,6.0948],"uv_size":[0.0289,0.0615]}}},{"origin":[-1.5,10.5,-2.5],"size":[1.5,4.5,0.5],"uv":{"down":{"uv":[15.6162,6.6558],"uv_size":[-0.0868,-0.0308]},"east":{"uv":[15.6475,6.067],"uv_size":[0.0289,0.2768]},"north":{"uv":[15.4426,6.067],"uv_size":[0.0868,0.2768]},"south":{"uv":[15.5308,6.067],"uv_size":[0.0868,0.2768]},"up":{"uv":[15.6162,6.3745],"uv_size":[-0.0868,-0.0308]},"west":{"uv":[15.3828,6.067],"uv_size":[0.0289,0.2768]}}},{"origin":[-1,10.5,-2],"size":[1,2.5,0.5],"uv":{"down":{"uv":[15.5873,6.6245],"uv_size":[-0.0579,-0.0308]},"east":{"uv":[15.6181,6.19],"uv_size":[0.0289,0.1538]},"north":{"uv":[15.4715,6.19],"uv_size":[0.0579,0.1538]},"south":{"uv":[15.5304,6.19],"uv_size":[0.0579,0.1538]},"up":{"uv":[15.5873,6.4058],"uv_size":[-0.0579,-0.0308]},"west":{"uv":[15.4122,6.19],"uv_size":[0.0289,0.1538]}}},{"origin":[-1,10.5,-1.5],"size":[1,1,2],"uv":{"down":{"uv":[15.5873,6.5918],"uv_size":[-0.0579,-0.123]},"east":{"uv":[15.5019,6.2823],"uv_size":[0.1158,0.0615]},"north":{"uv":[15.4715,6.2823],"uv_size":[0.0579,0.0615]},"south":{"uv":[15.5304,6.2823],"uv_size":[0.0579,0.0615]},"up":{"uv":[15.5873,6.5293],"uv_size":[-0.0579,-0.123]},"west":{"uv":[15.4431,6.2823],"uv_size":[0.1158,0.0615]}}},{"origin":[-1.5,10.5,1],"size":[1.5,1.5,0.5],"uv":{"down":{"uv":[15.6162,6.437],"uv_size":[-0.0868,-0.0308]},"east":{"uv":[15.4416,6.2515],"uv_size":[0.0289,0.0923]},"north":{"uv":[15.4426,6.2515],"uv_size":[0.0868,0.0923]},"south":{"uv":[15.5308,6.2515],"uv_size":[0.0868,0.0923]},"up":{"uv":[15.6162,6.5933],"uv_size":[-0.0868,-0.0308]},"west":{"uv":[15.5887,6.2515],"uv_size":[0.0289,0.0923]}}},{"origin":[-1,10.5,1.5],"size":[1,3,1],"uv":{"down":{"uv":[15.5873,6.4053],"uv_size":[-0.0579,-0.0615]},"east":{"uv":[15.3833,6.1593],"uv_size":[0.0579,0.1845]},"north":{"uv":[15.4715,6.1593],"uv_size":[0.0579,0.1845]},"south":{"uv":[15.5304,6.1593],"uv_size":[0.0579,0.1845]},"up":{"uv":[15.5873,6.6553],"uv_size":[-0.0579,-0.0615]},"west":{"uv":[15.6186,6.1593],"uv_size":[0.0579,0.1845]}}},{"origin":[-1.5,11.5,-1],"size":[1.5,2.5,0.5],"uv":{"down":{"uv":[15.6162,6.562],"uv_size":[-0.0868,-0.0308]},"east":{"uv":[15.5593,6.1275],"uv_size":[0.0289,0.1538]},"north":{"uv":[15.4426,6.1275],"uv_size":[0.0868,0.1538]},"south":{"uv":[15.5308,6.1275],"uv_size":[0.0868,0.1538]},"up":{"uv":[15.6162,6.4683],"uv_size":[-0.0868,-0.0308]},"west":{"uv":[15.4711,6.1275],"uv_size":[0.0289,0.1538]}}},{"origin":[-1,11.5,-0.5],"size":[1,2.5,0.5],"uv":{"down":{"uv":[15.5873,6.5308],"uv_size":[-0.0579,-0.0308]},"east":{"uv":[15.5299,6.1275],"uv_size":[0.0289,0.1538]},"north":{"uv":[15.4715,6.1275],"uv_size":[0.0579,0.1538]},"south":{"uv":[15.5304,6.1275],"uv_size":[0.0579,0.1538]},"up":{"uv":[15.5873,6.4995],"uv_size":[-0.0579,-0.0308]},"west":{"uv":[15.5005,6.1275],"uv_size":[0.0289,0.1538]}}},{"origin":[-1,11.5,0],"size":[1,1,0.5],"uv":{"down":{"uv":[15.5873,6.4995],"uv_size":[-0.0579,-0.0308]},"east":{"uv":[15.5005,6.2198],"uv_size":[0.0289,0.0615]},"north":{"uv":[15.4715,6.2198],"uv_size":[0.0579,0.0615]},"south":{"uv":[15.5304,6.2198],"uv_size":[0.0579,0.0615]},"up":{"uv":[15.5873,6.5308],"uv_size":[-0.0579,-0.0308]},"west":{"uv":[15.5299,6.2198],"uv_size":[0.0289,0.0615]}}},{"origin":[-1.5,13,-3],"size":[1.5,1.5,0.5],"uv":{"down":{"uv":[15.6162,6.687],"uv_size":[-0.0868,-0.0308]},"east":{"uv":[15.6769,6.0953],"uv_size":[0.0289,0.0923]},"north":{"uv":[15.4426,6.0953],"uv_size":[0.0868,0.0923]},"south":{"uv":[15.5308,6.0953],"uv_size":[0.0868,0.0923]},"up":{"uv":[15.6162,6.3433],"uv_size":[-0.0868,-0.0308]},"west":{"uv":[15.3534,6.0953],"uv_size":[0.0289,0.0923]}}},{"origin":[-1.5,13,1],"size":[1.5,3,0.5],"uv":{"down":{"uv":[15.6162,6.437],"uv_size":[-0.0868,-0.0308]},"east":{"uv":[15.4416,6.003],"uv_size":[0.0289,0.1845]},"north":{"uv":[15.4426,6.003],"uv_size":[0.0868,0.1845]},"south":{"uv":[15.5308,6.003],"uv_size":[0.0868,0.1845]},"up":{"uv":[15.6162,6.5933],"uv_size":[-0.0868,-0.0308]},"west":{"uv":[15.5887,6.003],"uv_size":[0.0289,0.1845]}}},{"origin":[-1,13.5,0],"size":[1,1,0.5],"uv":{"down":{"uv":[15.5873,6.4995],"uv_size":[-0.0579,-0.0308]},"east":{"uv":[15.5005,6.0948],"uv_size":[0.0289,0.0615]},"north":{"uv":[15.4715,6.0948],"uv_size":[0.0579,0.0615]},"south":{"uv":[15.5304,6.0948],"uv_size":[0.0579,0.0615]},"up":{"uv":[15.5873,6.5308],"uv_size":[-0.0579,-0.0308]},"west":{"uv":[15.5299,6.0948],"uv_size":[0.0289,0.0615]}}},{"origin":[-1,13.5,2],"size":[1,2,0.5],"uv":{"down":{"uv":[15.5873,6.3745],"uv_size":[-0.0579,-0.0308]},"east":{"uv":[15.3828,6.0333],"uv_size":[0.0289,0.123]},"north":{"uv":[15.4715,6.0333],"uv_size":[0.0579,0.123]},"south":{"uv":[15.5304,6.0333],"uv_size":[0.0579,0.123]},"up":{"uv":[15.5873,6.6558],"uv_size":[-0.0579,-0.0308]},"west":{"uv":[15.6475,6.0333],"uv_size":[0.0289,0.123]}}},{"origin":[-0.5,14,-1],"size":[0.5,0.5,0.5],"uv":{"down":{"uv":[15.5584,6.562],"uv_size":[-0.0289,-0.0308]},"east":{"uv":[15.5593,6.0943],"uv_size":[0.0289,0.0308]},"north":{"uv":[15.5005,6.0943],"uv_size":[0.0289,0.0308]},"south":{"uv":[15.5299,6.0943],"uv_size":[0.0289,0.0308]},"up":{"uv":[15.5584,6.4683],"uv_size":[-0.0289,-0.0308]},"west":{"uv":[15.4711,6.0943],"uv_size":[0.0289,0.0308]}}},{"origin":[-1,14,2.5],"size":[1,1,0.5],"uv":{"down":{"uv":[15.5873,6.3433],"uv_size":[-0.0579,-0.0308]},"east":{"uv":[15.3534,6.0635],"uv_size":[0.0289,0.0615]},"north":{"uv":[15.4715,6.0635],"uv_size":[0.0579,0.0615]},"south":{"uv":[15.5304,6.0635],"uv_size":[0.0579,0.0615]},"up":{"uv":[15.5873,6.687],"uv_size":[-0.0579,-0.0308]},"west":{"uv":[15.6769,6.0635],"uv_size":[0.0289,0.0615]}}},{"origin":[-1,14.5,-2],"size":[1,1.5,0.5],"uv":{"down":{"uv":[15.5873,6.6245],"uv_size":[-0.0579,-0.0308]},"east":{"uv":[15.6181,6.0015],"uv_size":[0.0289,0.0923]},"north":{"uv":[15.4715,6.0015],"uv_size":[0.0579,0.0923]},"south":{"uv":[15.5304,6.0015],"uv_size":[0.0579,0.0923]},"up":{"uv":[15.5873,6.4058],"uv_size":[-0.0579,-0.0308]},"west":{"uv":[15.4122,6.0015],"uv_size":[0.0289,0.0923]}}},{"origin":[-1,14.5,-0.5],"size":[1,1.5,0.5],"uv":{"down":{"uv":[15.5873,6.5308],"uv_size":[-0.0579,-0.0308]},"east":{"uv":[15.5299,6.0015],"uv_size":[0.0289,0.0923]},"north":{"uv":[15.4715,6.0015],"uv_size":[0.0579,0.0923]},"south":{"uv":[15.5304,6.0015],"uv_size":[0.0579,0.0923]},"up":{"uv":[15.5873,6.4995],"uv_size":[-0.0579,-0.0308]},"west":{"uv":[15.5005,6.0015],"uv_size":[0.0289,0.0923]}}},{"origin":[-1.5,14.5,1.5],"size":[1.5,0.5,0.5],"uv":{"down":{"uv":[15.6162,6.4058],"uv_size":[-0.0868,-0.0308]},"east":{"uv":[15.4122,6.063],"uv_size":[0.0289,0.0308]},"north":{"uv":[15.4426,6.063],"uv_size":[0.0868,0.0308]},"south":{"uv":[15.5308,6.063],"uv_size":[0.0868,0.0308]},"up":{"uv":[15.6162,6.6245],"uv_size":[-0.0868,-0.0308]},"west":{"uv":[15.6181,6.063],"uv_size":[0.0289,0.0308]}}},{"origin":[-0.5,15,-2.5],"size":[0.5,1,0.5],"uv":{"down":{"uv":[15.5584,6.6558],"uv_size":[-0.0289,-0.0308]},"east":{"uv":[15.6475,6.001],"uv_size":[0.0289,0.0615]},"north":{"uv":[15.5005,6.001],"uv_size":[0.0289,0.0615]},"south":{"uv":[15.5299,6.001],"uv_size":[0.0289,0.0615]},"up":{"uv":[15.5584,6.3745],"uv_size":[-0.0289,-0.0308]},"west":{"uv":[15.3828,6.001],"uv_size":[0.0289,0.0615]}}},{"origin":[-1.5,15,-1.5],"size":[1.5,0.5,0.5],"uv":{"down":{"uv":[15.6162,6.5933],"uv_size":[-0.0868,-0.0308]},"east":{"uv":[15.5887,6.0318],"uv_size":[0.0289,0.0308]},"north":{"uv":[15.4426,6.0318],"uv_size":[0.0868,0.0308]},"south":{"uv":[15.5308,6.0318],"uv_size":[0.0868,0.0308]},"up":{"uv":[15.6162,6.437],"uv_size":[-0.0868,-0.0308]},"west":{"uv":[15.4416,6.0318],"uv_size":[0.0289,0.0308]}}},{"origin":[-1.5,15,0.5],"size":[1.5,0.5,0.5],"uv":{"down":{"uv":[15.6162,6.4683],"uv_size":[-0.0868,-0.0308]},"east":{"uv":[15.4711,6.0318],"uv_size":[0.0289,0.0308]},"north":{"uv":[15.4426,6.0318],"uv_size":[0.0868,0.0308]},"south":{"uv":[15.5308,6.0318],"uv_size":[0.0868,0.0308]},"up":{"uv":[15.6162,6.562],"uv_size":[-0.0868,-0.0308]},"west":{"uv":[15.5593,6.0318],"uv_size":[0.0289,0.0308]}}},{"origin":[-0.5,15.5,2],"size":[0.5,0.5,0.5],"uv":{"down":{"uv":[15.5584,6.3745],"uv_size":[-0.0289,-0.0308]},"east":{"uv":[15.3828,6.0005],"uv_size":[0.0289,0.0308]},"north":{"uv":[15.5005,6.0005],"uv_size":[0.0289,0.0308]},"south":{"uv":[15.5299,6.0005],"uv_size":[0.0289,0.0308]},"up":{"uv":[15.5584,6.6558],"uv_size":[-0.0289,-0.0308]},"west":{"uv":[15.6475,6.0005],"uv_size":[0.0289,0.0308]}}},{"origin":[-1,11.5,2.5],"size":[0.5,2.5,0.5],"uv":{"down":{"uv":[15.5878,6.3433],"uv_size":[-0.0289,-0.0308]},"east":{"uv":[15.3534,6.1275],"uv_size":[0.0289,0.1538]},"north":{"uv":[15.4711,6.1275],"uv_size":[0.0289,0.1538]},"south":{"uv":[15.5593,6.1275],"uv_size":[0.0289,0.1538]},"up":{"uv":[15.5878,6.687],"uv_size":[-0.0289,-0.0308]},"west":{"uv":[15.6769,6.1275],"uv_size":[0.0289,0.1538]}}},{"origin":[-1,14.5,-3],"size":[0.5,1,0.5],"uv":{"down":{"uv":[15.5878,6.687],"uv_size":[-0.0289,-0.0308]},"east":{"uv":[15.6769,6.0323],"uv_size":[0.0289,0.0615]},"north":{"uv":[15.4711,6.0323],"uv_size":[0.0289,0.0615]},"south":{"uv":[15.5593,6.0323],"uv_size":[0.0289,0.0615]},"up":{"uv":[15.5878,6.3433],"uv_size":[-0.0289,-0.0308]},"west":{"uv":[15.3534,6.0323],"uv_size":[0.0289,0.0615]}}},{"origin":[-1,14.5,0],"size":[0.5,1,0.5],"uv":{"down":{"uv":[15.5878,6.4995],"uv_size":[-0.0289,-0.0308]},"east":{"uv":[15.5005,6.0323],"uv_size":[0.0289,0.0615]},"north":{"uv":[15.4711,6.0323],"uv_size":[0.0289,0.0615]},"south":{"uv":[15.5593,6.0323],"uv_size":[0.0289,0.0615]},"up":{"uv":[15.5878,6.5308],"uv_size":[-0.0289,-0.0308]},"west":{"uv":[15.5299,6.0323],"uv_size":[0.0289,0.0615]}}},{"origin":[-1,15,2.5],"size":[0.5,1,0.5],"uv":{"down":{"uv":[15.5878,6.3433],"uv_size":[-0.0289,-0.0308]},"east":{"uv":[15.3534,6.001],"uv_size":[0.0289,0.0615]},"north":{"uv":[15.4711,6.001],"uv_size":[0.0289,0.0615]},"south":{"uv":[15.5593,6.001],"uv_size":[0.0289,0.0615]},"up":{"uv":[15.5878,6.687],"uv_size":[-0.0289,-0.0308]},"west":{"uv":[15.6769,6.001],"uv_size":[0.0289,0.0615]}}},{"origin":[-1.5,12,1.5],"size":[0.5,1.5,0.5],"uv":{"down":{"uv":[15.6172,6.4058],"uv_size":[-0.0289,-0.0308]},"east":{"uv":[15.4122,6.1578],"uv_size":[0.0289,0.0923]},"north":{"uv":[15.4416,6.1578],"uv_size":[0.0289,0.0923]},"south":{"uv":[15.5887,6.1578],"uv_size":[0.0289,0.0923]},"up":{"uv":[15.6172,6.6245],"uv_size":[-0.0289,-0.0308]},"west":{"uv":[15.6181,6.1578],"uv_size":[0.0289,0.0923]}}},{"origin":[-1.5,12.5,-1.5],"size":[0.5,2.5,0.5],"uv":{"down":{"uv":[15.6172,6.5933],"uv_size":[-0.0289,-0.0308]},"east":{"uv":[15.5887,6.065],"uv_size":[0.0289,0.1538]},"north":{"uv":[15.4416,6.065],"uv_size":[0.0289,0.1538]},"south":{"uv":[15.5887,6.065],"uv_size":[0.0289,0.1538]},"up":{"uv":[15.6172,6.437],"uv_size":[-0.0289,-0.0308]},"west":{"uv":[15.4416,6.065],"uv_size":[0.0289,0.1538]}}},{"origin":[-1.5,13.5,0.5],"size":[0.5,1.5,0.5],"uv":{"down":{"uv":[15.6172,6.4683],"uv_size":[-0.0289,-0.0308]},"east":{"uv":[15.4711,6.064],"uv_size":[0.0289,0.0923]},"north":{"uv":[15.4416,6.064],"uv_size":[0.0289,0.0923]},"south":{"uv":[15.5887,6.064],"uv_size":[0.0289,0.0923]},"up":{"uv":[15.6172,6.562],"uv_size":[-0.0289,-0.0308]},"west":{"uv":[15.5593,6.064],"uv_size":[0.0289,0.0923]}}},{"origin":[-1.5,14.5,2],"size":[0.5,1.5,0.5],"uv":{"down":{"uv":[15.6172,6.3745],"uv_size":[-0.0289,-0.0308]},"east":{"uv":[15.3828,6.0015],"uv_size":[0.0289,0.0923]},"north":{"uv":[15.4416,6.0015],"uv_size":[0.0289,0.0923]},"south":{"uv":[15.5887,6.0015],"uv_size":[0.0289,0.0923]},"up":{"uv":[15.6172,6.6558],"uv_size":[-0.0289,-0.0308]},"west":{"uv":[15.6475,6.0015],"uv_size":[0.0289,0.0923]}}},{"origin":[-1.5,15,-2.5],"size":[0.5,1,0.5],"uv":{"down":{"uv":[15.6172,6.6558],"uv_size":[-0.0289,-0.0308]},"east":{"uv":[15.6475,6.001],"uv_size":[0.0289,0.0615]},"north":{"uv":[15.4416,6.001],"uv_size":[0.0289,0.0615]},"south":{"uv":[15.5887,6.001],"uv_size":[0.0289,0.0615]},"up":{"uv":[15.6172,6.3745],"uv_size":[-0.0289,-0.0308]},"west":{"uv":[15.3828,6.001],"uv_size":[0.0289,0.0615]}}},{"origin":[-1.5,1,-0.5],"size":[2,8,1],"uv":{"down":{"uv":[3.3805,14.5303],"uv_size":[-0.1158,-0.0615]},"east":{"uv":[3.2656,14.4455],"uv_size":[0.0579,0.492]},"north":{"uv":[3.2078,14.4455],"uv_size":[0.1158,0.492]},"south":{"uv":[3.2666,14.4455],"uv_size":[0.1158,0.492]},"up":{"uv":[3.3805,14.5303],"uv_size":[-0.1158,-0.0615]},"west":{"uv":[3.2656,14.4455],"uv_size":[0.0579,0.492]}}},{"origin":[-1.5,7,-1],"size":[2,2,0.5],"uv":{"down":{"uv":[3.3805,14.562],"uv_size":[-0.1158,-0.0308]},"east":{"uv":[3.324,14.4395],"uv_size":[0.0289,0.123]},"north":{"uv":[3.2078,14.4395],"uv_size":[0.1158,0.123]},"south":{"uv":[3.2666,14.4395],"uv_size":[0.1158,0.123]},"up":{"uv":[3.3805,14.4683],"uv_size":[-0.1158,-0.0308]},"west":{"uv":[3.2358,14.4395],"uv_size":[0.0289,0.123]}}},{"origin":[-1.5,7,0.5],"size":[2,2,0.5],"uv":{"down":{"uv":[3.3805,14.4683],"uv_size":[-0.1158,-0.0308]},"east":{"uv":[3.2358,14.4395],"uv_size":[0.0289,0.123]},"north":{"uv":[3.2078,14.4395],"uv_size":[0.1158,0.123]},"south":{"uv":[3.2666,14.4395],"uv_size":[0.1158,0.123]},"up":{"uv":[3.3805,14.562],"uv_size":[-0.1158,-0.0308]},"west":{"uv":[3.324,14.4395],"uv_size":[0.0289,0.123]}}},{"origin":[-1.5,7.5,-2],"size":[2,1.5,1],"uv":{"down":{"uv":[3.3805,14.624],"uv_size":[-0.1158,-0.0615]},"east":{"uv":[3.3539,14.439],"uv_size":[0.0579,0.0923]},"north":{"uv":[3.2078,14.439],"uv_size":[0.1158,0.0923]},"south":{"uv":[3.2666,14.439],"uv_size":[0.1158,0.0923]},"up":{"uv":[3.3805,14.4365],"uv_size":[-0.1158,-0.0615]},"west":{"uv":[3.1774,14.439],"uv_size":[0.0579,0.0923]}}},{"origin":[-1.5,7.5,1],"size":[2,1.5,1],"uv":{"down":{"uv":[3.3805,14.4365],"uv_size":[-0.1158,-0.0615]},"east":{"uv":[3.1774,14.439],"uv_size":[0.0579,0.0923]},"north":{"uv":[3.2078,14.439],"uv_size":[0.1158,0.0923]},"south":{"uv":[3.2666,14.439],"uv_size":[0.1158,0.0923]},"up":{"uv":[3.3805,14.624],"uv_size":[-0.1158,-0.0615]},"west":{"uv":[3.3539,14.439],"uv_size":[0.0579,0.0923]}}},{"origin":[-1.5,8.5,-2.5],"size":[2,0.5,0.5],"uv":{"down":{"uv":[3.3805,14.6558],"uv_size":[-0.1158,-0.0308]},"east":{"uv":[3.4122,14.438],"uv_size":[0.0289,0.0308]},"north":{"uv":[3.2078,14.438],"uv_size":[0.1158,0.0308]},"south":{"uv":[3.2666,14.438],"uv_size":[0.1158,0.0308]},"up":{"uv":[3.3805,14.3745],"uv_size":[-0.1158,-0.0308]},"west":{"uv":[3.1475,14.438],"uv_size":[0.0289,0.0308]}}},{"origin":[-1.5,8.5,2],"size":[2,0.5,0.5],"uv":{"down":{"uv":[3.3805,14.3745],"uv_size":[-0.1158,-0.0308]},"east":{"uv":[3.1475,14.438],"uv_size":[0.0289,0.0308]},"north":{"uv":[3.2078,14.438],"uv_size":[0.1158,0.0308]},"south":{"uv":[3.2666,14.438],"uv_size":[0.1158,0.0308]},"up":{"uv":[3.3805,14.6558],"uv_size":[-0.1158,-0.0308]},"west":{"uv":[3.4122,14.438],"uv_size":[0.0289,0.0308]}}},{"origin":[-1,0,-0.5],"size":[1,1,1],"uv":{"down":{"uv":[3.352,14.5303],"uv_size":[-0.0579,-0.0615]},"east":{"uv":[3.2656,14.9385],"uv_size":[0.0579,0.0615]},"north":{"uv":[3.2362,14.9385],"uv_size":[0.0579,0.0615]},"south":{"uv":[3.2951,14.9385],"uv_size":[0.0579,0.0615]},"up":{"uv":[3.352,14.5303],"uv_size":[-0.0579,-0.0615]},"west":{"uv":[3.2656,14.9385],"uv_size":[0.0579,0.0615]}}},{"origin":[-1,1,-1],"size":[1,6,0.5],"uv":{"down":{"uv":[3.352,14.562],"uv_size":[-0.0579,-0.0308]},"east":{"uv":[3.324,14.5685],"uv_size":[0.0289,0.369]},"north":{"uv":[3.2362,14.5685],"uv_size":[0.0579,0.369]},"south":{"uv":[3.2951,14.5685],"uv_size":[0.0579,0.369]},"up":{"uv":[3.352,14.4683],"uv_size":[-0.0579,-0.0308]},"west":{"uv":[3.2358,14.5685],"uv_size":[0.0289,0.369]}}},{"origin":[-1,1,0.5],"size":[1,6,0.5],"uv":{"down":{"uv":[3.352,14.4683],"uv_size":[-0.0579,-0.0308]},"east":{"uv":[3.2358,14.5685],"uv_size":[0.0289,0.369]},"north":{"uv":[3.2362,14.5685],"uv_size":[0.0579,0.369]},"south":{"uv":[3.2951,14.5685],"uv_size":[0.0579,0.369]},"up":{"uv":[3.352,14.562],"uv_size":[-0.0579,-0.0308]},"west":{"uv":[3.324,14.5685],"uv_size":[0.0289,0.369]}}},{"origin":[-1,7,-1.5],"size":[1,0.5,0.5],"uv":{"down":{"uv":[3.352,14.5933],"uv_size":[-0.0579,-0.0308]},"east":{"uv":[3.3534,14.5318],"uv_size":[0.0289,0.0308]},"north":{"uv":[3.2362,14.5318],"uv_size":[0.0579,0.0308]},"south":{"uv":[3.2951,14.5318],"uv_size":[0.0579,0.0308]},"up":{"uv":[3.352,14.437],"uv_size":[-0.0579,-0.0308]},"west":{"uv":[3.2064,14.5318],"uv_size":[0.0289,0.0308]}}},{"origin":[-1,7,1],"size":[1,0.5,0.5],"uv":{"down":{"uv":[3.352,14.437],"uv_size":[-0.0579,-0.0308]},"east":{"uv":[3.2064,14.5318],"uv_size":[0.0289,0.0308]},"north":{"uv":[3.2362,14.5318],"uv_size":[0.0579,0.0308]},"south":{"uv":[3.2951,14.5318],"uv_size":[0.0579,0.0308]},"up":{"uv":[3.352,14.5933],"uv_size":[-0.0579,-0.0308]},"west":{"uv":[3.3534,14.5318],"uv_size":[0.0289,0.0308]}}},{"origin":[-1,8,-2.5],"size":[1,0.5,0.5],"uv":{"down":{"uv":[3.352,14.6558],"uv_size":[-0.0579,-0.0308]},"east":{"uv":[3.4122,14.4693],"uv_size":[0.0289,0.0308]},"north":{"uv":[3.2362,14.4693],"uv_size":[0.0579,0.0308]},"south":{"uv":[3.2951,14.4693],"uv_size":[0.0579,0.0308]},"up":{"uv":[3.352,14.3745],"uv_size":[-0.0579,-0.0308]},"west":{"uv":[3.1475,14.4693],"uv_size":[0.0289,0.0308]}}},{"origin":[-1,8,2],"size":[1,0.5,0.5],"uv":{"down":{"uv":[3.352,14.3745],"uv_size":[-0.0579,-0.0308]},"east":{"uv":[3.1475,14.4693],"uv_size":[0.0289,0.0308]},"north":{"uv":[3.2362,14.4693],"uv_size":[0.0579,0.0308]},"south":{"uv":[3.2951,14.4693],"uv_size":[0.0579,0.0308]},"up":{"uv":[3.352,14.6558],"uv_size":[-0.0579,-0.0308]},"west":{"uv":[3.4122,14.4693],"uv_size":[0.0289,0.0308]}}},{"origin":[-1.5,9.5,2.5],"size":[2,1,0.5],"uv":{"down":{"uv":[15.6158,10.3433],"uv_size":[-0.1158,-0.0308]},"east":{"uv":[15.3534,10.3448],"uv_size":[0.0289,0.0615]},"north":{"uv":[15.4431,10.3448],"uv_size":[0.1158,0.0615]},"south":{"uv":[15.5019,10.3448],"uv_size":[0.1158,0.0615]},"up":{"uv":[15.6158,10.687],"uv_size":[-0.1158,-0.0308]},"west":{"uv":[15.6769,10.3448],"uv_size":[0.0289,0.0615]}}},{"origin":[-1.5,9,-2.5],"size":[2,1.5,5],"uv":{"down":{"uv":[15.6158,10.6512],"uv_size":[-0.1158,-0.3075]},"east":{"uv":[15.3871,10.3453],"uv_size":[0.2894,0.0923]},"north":{"uv":[15.4431,10.3453],"uv_size":[0.1158,0.0923]},"south":{"uv":[15.5019,10.3453],"uv_size":[0.1158,0.0923]},"up":{"uv":[15.6158,10.6512],"uv_size":[-0.1158,-0.3075]},"west":{"uv":[15.3871,10.3453],"uv_size":[0.2894,0.0923]}}},{"origin":[-1.5,9.5,-3],"size":[2,1,0.5],"uv":{"down":{"uv":[15.6158,10.687],"uv_size":[-0.1158,-0.0308]},"east":{"uv":[15.6769,10.3448],"uv_size":[0.0289,0.0615]},"north":{"uv":[15.4431,10.3448],"uv_size":[0.1158,0.0615]},"south":{"uv":[15.5019,10.3448],"uv_size":[0.1158,0.0615]},"up":{"uv":[15.6158,10.3433],"uv_size":[-0.1158,-0.0308]},"west":{"uv":[15.3534,10.3448],"uv_size":[0.0289,0.0615]}}},{"origin":[0,10.5,-2.5],"size":[0.5,5,0.5],"uv":{"down":{"uv":[15.5289,5.6558],"uv_size":[-0.0289,-0.0308]},"east":{"uv":[15.6475,5.0363],"uv_size":[0.0289,0.3075]},"north":{"uv":[15.5299,5.0363],"uv_size":[0.0289,0.3075]},"south":{"uv":[15.5005,5.0363],"uv_size":[0.0289,0.3075]},"up":{"uv":[15.5289,5.3745],"uv_size":[-0.0289,-0.0308]},"west":{"uv":[15.3828,5.0363],"uv_size":[0.0289,0.3075]}}},{"origin":[0,10.5,-2],"size":[0.5,2.5,0.5],"uv":{"down":{"uv":[15.5289,5.6245],"uv_size":[-0.0289,-0.0308]},"east":{"uv":[15.6181,5.19],"uv_size":[0.0289,0.1538]},"north":{"uv":[15.5299,5.19],"uv_size":[0.0289,0.1538]},"south":{"uv":[15.5005,5.19],"uv_size":[0.0289,0.1538]},"up":{"uv":[15.5289,5.4058],"uv_size":[-0.0289,-0.0308]},"west":{"uv":[15.4122,5.19],"uv_size":[0.0289,0.1538]}}},{"origin":[0,10.5,-1.5],"size":[0.5,1,2],"uv":{"down":{"uv":[15.5289,5.5918],"uv_size":[-0.0289,-0.123]},"east":{"uv":[15.5019,5.2823],"uv_size":[0.1158,0.0615]},"north":{"uv":[15.5299,5.2823],"uv_size":[0.0289,0.0615]},"south":{"uv":[15.5005,5.2823],"uv_size":[0.0289,0.0615]},"up":{"uv":[15.5289,5.5293],"uv_size":[-0.0289,-0.123]},"west":{"uv":[15.4431,5.2823],"uv_size":[0.1158,0.0615]}}},{"origin":[0,10.5,1],"size":[0.5,1.5,2],"uv":{"down":{"uv":[15.5289,5.4355],"uv_size":[-0.0289,-0.123]},"east":{"uv":[15.3548,5.2515],"uv_size":[0.1158,0.0923]},"north":{"uv":[15.5299,5.2515],"uv_size":[0.0289,0.0923]},"south":{"uv":[15.5005,5.2515],"uv_size":[0.0289,0.0923]},"up":{"uv":[15.5289,5.6855],"uv_size":[-0.0289,-0.123]},"west":{"uv":[15.5901,5.2515],"uv_size":[0.1158,0.0923]}}},{"origin":[0,11.5,-1],"size":[0.5,2.5,1],"uv":{"down":{"uv":[15.5289,5.5615],"uv_size":[-0.0289,-0.0615]},"east":{"uv":[15.5304,5.1275],"uv_size":[0.0579,0.1538]},"north":{"uv":[15.5299,5.1275],"uv_size":[0.0289,0.1538]},"south":{"uv":[15.5005,5.1275],"uv_size":[0.0289,0.1538]},"up":{"uv":[15.5289,5.499],"uv_size":[-0.0289,-0.0615]},"west":{"uv":[15.4715,5.1275],"uv_size":[0.0579,0.1538]}}},{"origin":[0,11.5,0],"size":[0.5,1,0.5],"uv":{"down":{"uv":[15.5289,5.4995],"uv_size":[-0.0289,-0.0308]},"east":{"uv":[15.5005,5.2198],"uv_size":[0.0289,0.0615]},"north":{"uv":[15.5299,5.2198],"uv_size":[0.0289,0.0615]},"south":{"uv":[15.5005,5.2198],"uv_size":[0.0289,0.0615]},"up":{"uv":[15.5289,5.5308],"uv_size":[-0.0289,-0.0308]},"west":{"uv":[15.5299,5.2198],"uv_size":[0.0289,0.0615]}}},{"origin":[0,12,1.5],"size":[0.5,1.5,1],"uv":{"down":{"uv":[15.5289,5.4053],"uv_size":[-0.0289,-0.0615]},"east":{"uv":[15.3833,5.1578],"uv_size":[0.0579,0.0923]},"north":{"uv":[15.5299,5.1578],"uv_size":[0.0289,0.0923]},"south":{"uv":[15.5005,5.1578],"uv_size":[0.0289,0.0923]},"up":{"uv":[15.5289,5.6553],"uv_size":[-0.0289,-0.0615]},"west":{"uv":[15.6186,5.1578],"uv_size":[0.0579,0.0923]}}},{"origin":[-0.5,12,2.5],"size":[1,0.5,0.5],"uv":{"down":{"uv":[15.5579,5.3433],"uv_size":[-0.0579,-0.0308]},"east":{"uv":[15.3534,5.2193],"uv_size":[0.0289,0.0308]},"north":{"uv":[15.5009,5.2193],"uv_size":[0.0579,0.0308]},"south":{"uv":[15.5009,5.2193],"uv_size":[0.0579,0.0308]},"up":{"uv":[15.5579,5.687],"uv_size":[-0.0579,-0.0308]},"west":{"uv":[15.6769,5.2193],"uv_size":[0.0289,0.0308]}}},{"origin":[0,13.5,2],"size":[0.5,2,0.5],"uv":{"down":{"uv":[15.5289,5.3745],"uv_size":[-0.0289,-0.0308]},"east":{"uv":[15.3828,5.0333],"uv_size":[0.0289,0.123]},"north":{"uv":[15.5299,5.0333],"uv_size":[0.0289,0.123]},"south":{"uv":[15.5005,5.0333],"uv_size":[0.0289,0.123]},"up":{"uv":[15.5289,5.6558],"uv_size":[-0.0289,-0.0308]},"west":{"uv":[15.6475,5.0333],"uv_size":[0.0289,0.123]}}},{"origin":[-1.5,14,-0.5],"size":[2,0.5,0.5],"uv":{"down":{"uv":[15.6158,5.5308],"uv_size":[-0.1158,-0.0308]},"east":{"uv":[15.5299,5.0943],"uv_size":[0.0289,0.0308]},"north":{"uv":[15.4431,5.0943],"uv_size":[0.1158,0.0308]},"south":{"uv":[15.5019,5.0943],"uv_size":[0.1158,0.0308]},"up":{"uv":[15.6158,5.4995],"uv_size":[-0.1158,-0.0308]},"west":{"uv":[15.5005,5.0943],"uv_size":[0.0289,0.0308]}}},{"origin":[0,14.5,-0.5],"size":[0.5,1,0.5],"uv":{"down":{"uv":[15.5289,5.5308],"uv_size":[-0.0289,-0.0308]},"east":{"uv":[15.5299,5.0323],"uv_size":[0.0289,0.0615]},"north":{"uv":[15.5299,5.0323],"uv_size":[0.0289,0.0615]},"south":{"uv":[15.5005,5.0323],"uv_size":[0.0289,0.0615]},"up":{"uv":[15.5289,5.4995],"uv_size":[-0.0289,-0.0308]},"west":{"uv":[15.5005,5.0323],"uv_size":[0.0289,0.0615]}}},{"origin":[-1.5,10.5,2.5],"size":[1.5,1,0.5],"uv":{"down":{"uv":[15.6162,5.3433],"uv_size":[-0.0868,-0.0308]},"east":{"uv":[15.3534,5.2823],"uv_size":[0.0289,0.0615]},"north":{"uv":[15.4426,5.2823],"uv_size":[0.0868,0.0615]},"south":{"uv":[15.5308,5.2823],"uv_size":[0.0868,0.0615]},"up":{"uv":[15.6162,5.687],"uv_size":[-0.0868,-0.0308]},"west":{"uv":[15.6769,5.2823],"uv_size":[0.0289,0.0615]}}},{"origin":[-0.5,11.5,2.5],"size":[0.5,0.5,0.5],"uv":{"down":{"uv":[15.5584,5.3433],"uv_size":[-0.0289,-0.0308]},"east":{"uv":[15.3534,5.2505],"uv_size":[0.0289,0.0308]},"north":{"uv":[15.5005,5.2505],"uv_size":[0.0289,0.0308]},"south":{"uv":[15.5299,5.2505],"uv_size":[0.0289,0.0308]},"up":{"uv":[15.5584,5.687],"uv_size":[-0.0289,-0.0308]},"west":{"uv":[15.6769,5.2505],"uv_size":[0.0289,0.0308]}}},{"origin":[-0.5,12.5,2.5],"size":[0.5,1.5,0.5],"uv":{"down":{"uv":[15.5584,5.3433],"uv_size":[-0.0289,-0.0308]},"east":{"uv":[15.3534,5.1265],"uv_size":[0.0289,0.0923]},"north":{"uv":[15.5005,5.1265],"uv_size":[0.0289,0.0923]},"south":{"uv":[15.5299,5.1265],"uv_size":[0.0289,0.0923]},"up":{"uv":[15.5584,5.687],"uv_size":[-0.0289,-0.0308]},"west":{"uv":[15.6769,5.1265],"uv_size":[0.0289,0.0923]}}},{"origin":[-1,14,-1],"size":[0.5,2,0.5],"uv":{"down":{"uv":[15.5878,5.562],"uv_size":[-0.0289,-0.0308]},"east":{"uv":[15.5593,5.002],"uv_size":[0.0289,0.123]},"north":{"uv":[15.4711,5.002],"uv_size":[0.0289,0.123]},"south":{"uv":[15.5593,5.002],"uv_size":[0.0289,0.123]},"up":{"uv":[15.5878,5.4683],"uv_size":[-0.0289,-0.0308]},"west":{"uv":[15.4711,5.002],"uv_size":[0.0289,0.123]}}},{"origin":[-1,15,1.5],"size":[0.5,1,0.5],"uv":{"down":{"uv":[15.5878,5.4058],"uv_size":[-0.0289,-0.0308]},"east":{"uv":[15.4122,5.001],"uv_size":[0.0289,0.0615]},"north":{"uv":[15.4711,5.001],"uv_size":[0.0289,0.0615]},"south":{"uv":[15.5593,5.001],"uv_size":[0.0289,0.0615]},"up":{"uv":[15.5878,5.6245],"uv_size":[-0.0289,-0.0308]},"west":{"uv":[15.6181,5.001],"uv_size":[0.0289,0.0615]}}},{"origin":[-1,15.5,0.5],"size":[0.5,0.5,0.5],"uv":{"down":{"uv":[15.5878,5.4683],"uv_size":[-0.0289,-0.0308]},"east":{"uv":[15.4711,5.0005],"uv_size":[0.0289,0.0308]},"north":{"uv":[15.4711,5.0005],"uv_size":[0.0289,0.0308]},"south":{"uv":[15.5593,5.0005],"uv_size":[0.0289,0.0308]},"up":{"uv":[15.5878,5.562],"uv_size":[-0.0289,-0.0308]},"west":{"uv":[15.5593,5.0005],"uv_size":[0.0289,0.0308]}}},{"origin":[-1.5,10.5,-2],"size":[0.5,4.5,0.5],"uv":{"down":{"uv":[15.6172,5.6245],"uv_size":[-0.0289,-0.0308]},"east":{"uv":[15.6181,5.067],"uv_size":[0.0289,0.2768]},"north":{"uv":[15.4416,5.067],"uv_size":[0.0289,0.2768]},"south":{"uv":[15.5887,5.067],"uv_size":[0.0289,0.2768]},"up":{"uv":[15.6172,5.4058],"uv_size":[-0.0289,-0.0308]},"west":{"uv":[15.4122,5.067],"uv_size":[0.0289,0.2768]}}},{"origin":[-1.5,10.5,-3],"size":[0.5,2.5,0.5],"uv":{"down":{"uv":[15.6172,5.687],"uv_size":[-0.0289,-0.0308]},"east":{"uv":[15.6769,5.19],"uv_size":[0.0289,0.1538]},"north":{"uv":[15.4416,5.19],"uv_size":[0.0289,0.1538]},"south":{"uv":[15.5887,5.19],"uv_size":[0.0289,0.1538]},"up":{"uv":[15.6172,5.3433],"uv_size":[-0.0289,-0.0308]},"west":{"uv":[15.3534,5.19],"uv_size":[0.0289,0.1538]}}},{"origin":[-1.5,10.5,-1],"size":[0.5,1,2],"uv":{"down":{"uv":[15.6172,5.5605],"uv_size":[-0.0289,-0.123]},"east":{"uv":[15.4725,5.2823],"uv_size":[0.1158,0.0615]},"north":{"uv":[15.4416,5.2823],"uv_size":[0.0289,0.0615]},"south":{"uv":[15.5887,5.2823],"uv_size":[0.0289,0.0615]},"up":{"uv":[15.6172,5.5605],"uv_size":[-0.0289,-0.123]},"west":{"uv":[15.4725,5.2823],"uv_size":[0.1158,0.0615]}}},{"origin":[-1.5,10.5,-1.5],"size":[0.5,2,0.5],"uv":{"down":{"uv":[15.6172,5.5933],"uv_size":[-0.0289,-0.0308]},"east":{"uv":[15.5887,5.2208],"uv_size":[0.0289,0.123]},"north":{"uv":[15.4416,5.2208],"uv_size":[0.0289,0.123]},"south":{"uv":[15.5887,5.2208],"uv_size":[0.0289,0.123]},"up":{"uv":[15.6172,5.437],"uv_size":[-0.0289,-0.0308]},"west":{"uv":[15.4416,5.2208],"uv_size":[0.0289,0.123]}}},{"origin":[-1.5,10.5,1.5],"size":[0.5,1.5,1],"uv":{"down":{"uv":[15.6172,5.4053],"uv_size":[-0.0289,-0.0615]},"east":{"uv":[15.3833,5.2515],"uv_size":[0.0579,0.0923]},"north":{"uv":[15.4416,5.2515],"uv_size":[0.0289,0.0923]},"south":{"uv":[15.5887,5.2515],"uv_size":[0.0289,0.0923]},"up":{"uv":[15.6172,5.6553],"uv_size":[-0.0289,-0.0615]},"west":{"uv":[15.6186,5.2515],"uv_size":[0.0579,0.0923]}}},{"origin":[-1.5,11.5,2.5],"size":[0.5,2,0.5],"uv":{"down":{"uv":[15.6172,5.3433],"uv_size":[-0.0289,-0.0308]},"east":{"uv":[15.3534,5.1583],"uv_size":[0.0289,0.123]},"north":{"uv":[15.4416,5.1583],"uv_size":[0.0289,0.123]},"south":{"uv":[15.5887,5.1583],"uv_size":[0.0289,0.123]},"up":{"uv":[15.6172,5.687],"uv_size":[-0.0289,-0.0308]},"west":{"uv":[15.6769,5.1583],"uv_size":[0.0289,0.123]}}},{"origin":[-1.5,11.5,0.5],"size":[0.5,2,0.5],"uv":{"down":{"uv":[15.6172,5.4683],"uv_size":[-0.0289,-0.0308]},"east":{"uv":[15.4711,5.1583],"uv_size":[0.0289,0.123]},"north":{"uv":[15.4416,5.1583],"uv_size":[0.0289,0.123]},"south":{"uv":[15.5887,5.1583],"uv_size":[0.0289,0.123]},"up":{"uv":[15.6172,5.562],"uv_size":[-0.0289,-0.0308]},"west":{"uv":[15.5593,5.1583],"uv_size":[0.0289,0.123]}}},{"origin":[-1.5,11.5,-0.5],"size":[0.5,2.5,1],"uv":{"down":{"uv":[15.6172,5.5303],"uv_size":[-0.0289,-0.0615]},"east":{"uv":[15.5009,5.1275],"uv_size":[0.0579,0.1538]},"north":{"uv":[15.4416,5.1275],"uv_size":[0.0289,0.1538]},"south":{"uv":[15.5887,5.1275],"uv_size":[0.0289,0.1538]},"up":{"uv":[15.6172,5.5303],"uv_size":[-0.0289,-0.0615]},"west":{"uv":[15.5009,5.1275],"uv_size":[0.0579,0.1538]}}},{"origin":[-1.5,12,2],"size":[0.5,2.5,0.5],"uv":{"down":{"uv":[15.6172,5.3745],"uv_size":[-0.0289,-0.0308]},"east":{"uv":[15.3828,5.0963],"uv_size":[0.0289,0.1538]},"north":{"uv":[15.4416,5.0963],"uv_size":[0.0289,0.1538]},"south":{"uv":[15.5887,5.0963],"uv_size":[0.0289,0.1538]},"up":{"uv":[15.6172,5.6558],"uv_size":[-0.0289,-0.0308]},"west":{"uv":[15.6475,5.0963],"uv_size":[0.0289,0.1538]}}},{"origin":[-1.5,14,0],"size":[0.5,0.5,0.5],"uv":{"down":{"uv":[15.6172,5.4995],"uv_size":[-0.0289,-0.0308]},"east":{"uv":[15.5005,5.0943],"uv_size":[0.0289,0.0308]},"north":{"uv":[15.4416,5.0943],"uv_size":[0.0289,0.0308]},"south":{"uv":[15.5887,5.0943],"uv_size":[0.0289,0.0308]},"up":{"uv":[15.6172,5.5308],"uv_size":[-0.0289,-0.0308]},"west":{"uv":[15.5299,5.0943],"uv_size":[0.0289,0.0308]}}},{"origin":[-1.5,14.5,-0.5],"size":[0.5,1,0.5],"uv":{"down":{"uv":[15.6172,5.5308],"uv_size":[-0.0289,-0.0308]},"east":{"uv":[15.5299,5.0323],"uv_size":[0.0289,0.0615]},"north":{"uv":[15.4416,5.0323],"uv_size":[0.0289,0.0615]},"south":{"uv":[15.5887,5.0323],"uv_size":[0.0289,0.0615]},"up":{"uv":[15.6172,5.4995],"uv_size":[-0.0289,-0.0308]},"west":{"uv":[15.5005,5.0323],"uv_size":[0.0289,0.0615]}}}],"name":"geyser_custom_z","parent":"geyser_custom_y","pivot":[0,8,0]}],"description":{"identifier":"geometry.geyser_custom.geo_1d3e0ac","texture_height":16,"texture_width":16,"visible_bounds_height":4.5,"visible_bounds_offset":[0,0.75,0],"visible_bounds_width":4}}]}