{"format_version":"1.16.0","minecraft:geometry":[{"bones":[{"binding":"c.item_slot == 'head' ? 'head' : q.item_slot_to_bone_name(c.item_slot)","name":"geyser_custom","pivot":[0,8,0]},{"name":"geyser_custom_x","parent":"geyser_custom","pivot":[0,8,0]},{"name":"geyser_custom_y","parent":"geyser_custom_x","pivot":[0,8,0]},{"cubes":[{"origin":[-1,7.5,-7],"size":[2,0.5,4.5],"uv":{"down":{"uv":[15.5864,1.933],"uv_size":[-0.1158,-0.2768]},"east":{"uv":[15.6807,1.5005],"uv_size":[0.2605,0.0308]},"north":{"uv":[15.4725,1.5005],"uv_size":[0.1158,0.0308]},"south":{"uv":[15.4725,1.5005],"uv_size":[0.1158,0.0308]},"up":{"uv":[15.5864,1.3393],"uv_size":[-0.1158,-0.2768]},"west":{"uv":[15.1219,1.5005],"uv_size":[0.2605,0.0308]}}},{"origin":[-1,8,-4.5],"size":[2,0.5,2],"uv":{"down":{"uv":[15.5864,1.7793],"uv_size":[-0.1158,-0.123]},"east":{"uv":[15.6784,1.4693],"uv_size":[0.1158,0.0308]},"north":{"uv":[15.4725,1.4693],"uv_size":[0.1158,0.0308]},"south":{"uv":[15.4725,1.4693],"uv_size":[0.1158,0.0308]},"up":{"uv":[15.5864,1.3418],"uv_size":[-0.1158,-0.123]},"west":{"uv":[15.2666,1.4693],"uv_size":[0.1158,0.0308]}}},{"origin":[-1,8.5,-2],"size":[2,0.5,2],"uv":{"down":{"uv":[15.5864,1.623],"uv_size":[-0.1158,-0.123]},"east":{"uv":[15.5313,1.438],"uv_size":[0.1158,0.0308]},"north":{"uv":[15.4725,1.438],"uv_size":[0.1158,0.0308]},"south":{"uv":[15.4725,1.438],"uv_size":[0.1158,0.0308]},"up":{"uv":[15.5864,1.498],"uv_size":[-0.1158,-0.123]},"west":{"uv":[15.4136,1.438],"uv_size":[0.1158,0.0308]}}},{"origin":[-1,9,-1],"size":[2,0.5,4.5],"uv":{"down":{"uv":[15.5864,1.558],"uv_size":[-0.1158,-0.2768]},"east":{"uv":[15.3278,1.4068],"uv_size":[0.2605,0.0308]},"north":{"uv":[15.4725,1.4068],"uv_size":[0.1158,0.0308]},"south":{"uv":[15.4725,1.4068],"uv_size":[0.1158,0.0308]},"up":{"uv":[15.5864,1.7143],"uv_size":[-0.1158,-0.2768]},"west":{"uv":[15.4748,1.4068],"uv_size":[0.2605,0.0308]}}},{"origin":[0.5,9,6],"size":[0.5,2,0.5],"uv":{"down":{"uv":[15.4995,1.1245],"uv_size":[-0.0289,-0.0308]},"east":{"uv":[15.1475,1.3145],"uv_size":[0.0289,0.123]},"north":{"uv":[15.5593,1.3145],"uv_size":[0.0289,0.123]},"south":{"uv":[15.4711,1.3145],"uv_size":[0.0289,0.123]},"up":{"uv":[15.4995,1.9058],"uv_size":[-0.0289,-0.0308]},"west":{"uv":[15.8828,1.3145],"uv_size":[0.0289,0.123]}}},{"origin":[-1,9.5,1],"size":[2,0.5,5],"uv":{"down":{"uv":[15.5864,1.4325],"uv_size":[-0.1158,-0.3075]},"east":{"uv":[15.1812,1.3755],"uv_size":[0.2894,0.0308]},"north":{"uv":[15.4725,1.3755],"uv_size":[0.1158,0.0308]},"south":{"uv":[15.4725,1.3755],"uv_size":[0.1158,0.0308]},"up":{"uv":[15.5864,1.87],"uv_size":[-0.1158,-0.3075]},"west":{"uv":[15.5929,1.3755],"uv_size":[0.2894,0.0308]}}},{"origin":[-1,10,3],"size":[2,0.5,3],"uv":{"down":{"uv":[15.5864,1.3095],"uv_size":[-0.1158,-0.1845]},"east":{"uv":[15.1793,1.3443],"uv_size":[0.1736,0.0308]},"north":{"uv":[15.4725,1.3443],"uv_size":[0.1158,0.0308]},"south":{"uv":[15.4725,1.3443],"uv_size":[0.1158,0.0308]},"up":{"uv":[15.5864,1.872],"uv_size":[-0.1158,-0.1845]},"west":{"uv":[15.7087,1.3443],"uv_size":[0.1736,0.0308]}}},{"origin":[-1,10.5,5],"size":[2,0.5,1],"uv":{"down":{"uv":[15.5864,1.1865],"uv_size":[-0.1158,-0.0615]},"east":{"uv":[15.1774,1.313],"uv_size":[0.0579,0.0308]},"north":{"uv":[15.4725,1.313],"uv_size":[0.1158,0.0308]},"south":{"uv":[15.4725,1.313],"uv_size":[0.1158,0.0308]},"up":{"uv":[15.5864,1.874],"uv_size":[-0.1158,-0.0615]},"west":{"uv":[15.8245,1.313],"uv_size":[0.0579,0.0308]}}},{"origin":[-1,9.5,6],"size":[1.5,1.5,0.5],"uv":{"down":{"uv":[15.5868,1.1245],"uv_size":[-0.0868,-0.0308]},"east":{"uv":[15.1475,1.314],"uv_size":[0.0289,0.0923]},"north":{"uv":[15.472,1.314],"uv_size":[0.0868,0.0923]},"south":{"uv":[15.5014,1.314],"uv_size":[0.0868,0.0923]},"up":{"uv":[15.5868,1.9058],"uv_size":[-0.0868,-0.0308]},"west":{"uv":[15.8828,1.314],"uv_size":[0.0289,0.0923]}}},{"origin":[-1,9,6],"size":[0.5,0.5,0.5],"uv":{"down":{"uv":[15.5878,1.1245],"uv_size":[-0.0289,-0.0308]},"east":{"uv":[15.1475,1.4068],"uv_size":[0.0289,0.0308]},"north":{"uv":[15.4711,1.4068],"uv_size":[0.0289,0.0308]},"south":{"uv":[15.5593,1.4068],"uv_size":[0.0289,0.0308]},"up":{"uv":[15.5878,1.9058],"uv_size":[-0.0289,-0.0308]},"west":{"uv":[15.8828,1.4068],"uv_size":[0.0289,0.0308]}}},{"origin":[-1.5,5.5,-7.5],"size":[3,1,15.5],"uv":{"down":{"uv":[4.3207,15.9533],"uv_size":[-0.1736,-0.9533]},"east":{"uv":[3.7793,15.5948],"uv_size":[0.8972,0.0615]},"north":{"uv":[4.1499,15.5948],"uv_size":[0.1736,0.0615]},"south":{"uv":[4.1499,15.5948],"uv_size":[0.1736,0.0615]},"up":{"uv":[4.3207,15.9845],"uv_size":[-0.1736,-0.9533]},"west":{"uv":[3.8087,15.5948],"uv_size":[0.8972,0.0615]}}},{"origin":[-1.5,6.5,-7],"size":[3,0.5,14.5],"uv":{"down":{"uv":[4.3207,15.923],"uv_size":[-0.1736,-0.8918]},"east":{"uv":[3.8078,15.563],"uv_size":[0.8393,0.0308]},"north":{"uv":[4.1499,15.563],"uv_size":[0.1736,0.0308]},"south":{"uv":[4.1499,15.563],"uv_size":[0.1736,0.0308]},"up":{"uv":[4.3207,15.9543],"uv_size":[-0.1736,-0.8918]},"west":{"uv":[3.8372,15.563],"uv_size":[0.8393,0.0308]}}},{"origin":[-1.5,7,6],"size":[3,1,1],"uv":{"down":{"uv":[4.3207,15.124],"uv_size":[-0.1736,-0.0615]},"east":{"uv":[3.8245,15.501],"uv_size":[0.0579,0.0615]},"north":{"uv":[4.1499,15.501],"uv_size":[0.1736,0.0615]},"south":{"uv":[4.1499,15.501],"uv_size":[0.1736,0.0615]},"up":{"uv":[4.3207,15.9365],"uv_size":[-0.1736,-0.0615]},"west":{"uv":[4.5892,15.501],"uv_size":[0.0579,0.0615]}}},{"origin":[-1.5,8,-7.5],"size":[3,1.5,3],"uv":{"down":{"uv":[4.3207,15.9658],"uv_size":[-0.1736,-0.1845]},"east":{"uv":[4.5028,15.4078],"uv_size":[0.1736,0.0923]},"north":{"uv":[4.1499,15.4078],"uv_size":[0.1736,0.0923]},"south":{"uv":[4.1499,15.4078],"uv_size":[0.1736,0.0923]},"up":{"uv":[4.3207,15.2158],"uv_size":[-0.1736,-0.1845]},"west":{"uv":[3.7969,15.4078],"uv_size":[0.1736,0.0923]}}},{"origin":[-1.5,8.5,-4.5],"size":[3,2.5,2.5],"uv":{"down":{"uv":[4.3207,15.7788],"uv_size":[-0.1736,-0.1538]},"east":{"uv":[4.3553,15.315],"uv_size":[0.1447,0.1538]},"north":{"uv":[4.1499,15.315],"uv_size":[0.1736,0.1538]},"south":{"uv":[4.1499,15.315],"uv_size":[0.1736,0.1538]},"up":{"uv":[4.3207,15.3725],"uv_size":[-0.1736,-0.1538]},"west":{"uv":[3.9729,15.315],"uv_size":[0.1447,0.1538]}}},{"origin":[-1.5,9,-2],"size":[3,2.5,1],"uv":{"down":{"uv":[4.3207,15.624],"uv_size":[-0.1736,-0.0615]},"east":{"uv":[4.2951,15.2838],"uv_size":[0.0579,0.1538]},"north":{"uv":[4.1499,15.2838],"uv_size":[0.1736,0.1538]},"south":{"uv":[4.1499,15.2838],"uv_size":[0.1736,0.1538]},"up":{"uv":[4.3207,15.4365],"uv_size":[-0.1736,-0.0615]},"west":{"uv":[4.1186,15.2838],"uv_size":[0.0579,0.1538]}}},{"origin":[-1.5,9.5,-7],"size":[3,1,2.5],"uv":{"down":{"uv":[4.3207,15.935],"uv_size":[-0.1736,-0.1538]},"east":{"uv":[4.5024,15.3448],"uv_size":[0.1447,0.0615]},"north":{"uv":[4.1499,15.3448],"uv_size":[0.1736,0.0615]},"south":{"uv":[4.1499,15.3448],"uv_size":[0.1736,0.0615]},"up":{"uv":[4.3207,15.2163],"uv_size":[-0.1736,-0.1538]},"west":{"uv":[3.8259,15.3448],"uv_size":[0.1447,0.0615]}}},{"origin":[-1.5,9.5,-1],"size":[3,2.5,2],"uv":{"down":{"uv":[4.3207,15.5605],"uv_size":[-0.1736,-0.123]},"east":{"uv":[4.1784,15.2525],"uv_size":[0.1158,0.1538]},"north":{"uv":[4.1499,15.2525],"uv_size":[0.1736,0.1538]},"south":{"uv":[4.1499,15.2525],"uv_size":[0.1736,0.1538]},"up":{"uv":[4.3207,15.5605],"uv_size":[-0.1736,-0.123]},"west":{"uv":[4.1784,15.2525],"uv_size":[0.1158,0.1538]}}},{"origin":[-1.5,10,1],"size":[3,2,2],"uv":{"down":{"uv":[4.3207,15.4355],"uv_size":[-0.1736,-0.123]},"east":{"uv":[4.0607,15.252],"uv_size":[0.1158,0.123]},"north":{"uv":[4.1499,15.252],"uv_size":[0.1736,0.123]},"south":{"uv":[4.1499,15.252],"uv_size":[0.1736,0.123]},"up":{"uv":[4.3207,15.6855],"uv_size":[-0.1736,-0.123]},"west":{"uv":[4.296,15.252],"uv_size":[0.1158,0.123]}}},{"origin":[-1.5,10.5,-6],"size":[3,0.5,1.5],"uv":{"down":{"uv":[4.3207,15.8735],"uv_size":[-0.1736,-0.0923]},"east":{"uv":[4.5014,15.313],"uv_size":[0.0868,0.0308]},"north":{"uv":[4.1499,15.313],"uv_size":[0.1736,0.0308]},"south":{"uv":[4.1499,15.313],"uv_size":[0.1736,0.0308]},"up":{"uv":[4.3207,15.2173],"uv_size":[-0.1736,-0.0923]},"west":{"uv":[3.8838,15.313],"uv_size":[0.0868,0.0308]}}},{"origin":[-1.5,10.5,3],"size":[3,2,2],"uv":{"down":{"uv":[4.3207,15.3105],"uv_size":[-0.1736,-0.123]},"east":{"uv":[3.9431,15.2208],"uv_size":[0.1158,0.123]},"north":{"uv":[4.1499,15.2208],"uv_size":[0.1736,0.123]},"south":{"uv":[4.1499,15.2208],"uv_size":[0.1736,0.123]},"up":{"uv":[4.3207,15.8105],"uv_size":[-0.1736,-0.123]},"west":{"uv":[4.4136,15.2208],"uv_size":[0.1158,0.123]}}},{"origin":[-1.5,11,-4],"size":[3,0.5,2],"uv":{"down":{"uv":[4.3207,15.748],"uv_size":[-0.1736,-0.123]},"east":{"uv":[4.3548,15.2818],"uv_size":[0.1158,0.0308]},"north":{"uv":[4.1499,15.2818],"uv_size":[0.1736,0.0308]},"south":{"uv":[4.1499,15.2818],"uv_size":[0.1736,0.0308]},"up":{"uv":[4.3207,15.373],"uv_size":[-0.1736,-0.123]},"west":{"uv":[4.0019,15.2818],"uv_size":[0.1158,0.0308]}}},{"origin":[-1.5,11,5],"size":[3,1.5,1.5],"uv":{"down":{"uv":[4.3207,15.186],"uv_size":[-0.1736,-0.0923]},"east":{"uv":[3.8544,15.2203],"uv_size":[0.0868,0.0923]},"north":{"uv":[4.1499,15.2203],"uv_size":[0.1736,0.0923]},"south":{"uv":[4.1499,15.2203],"uv_size":[0.1736,0.0923]},"up":{"uv":[4.3207,15.9048],"uv_size":[-0.1736,-0.0923]},"west":{"uv":[4.5308,15.2203],"uv_size":[0.0868,0.0923]}}},{"origin":[-1.5,11,6.5],"size":[3,1,0.5],"uv":{"down":{"uv":[4.3207,15.0933],"uv_size":[-0.1736,-0.0308]},"east":{"uv":[3.824,15.251],"uv_size":[0.0289,0.0615]},"north":{"uv":[4.1499,15.251],"uv_size":[0.1736,0.0615]},"south":{"uv":[4.1499,15.251],"uv_size":[0.1736,0.0615]},"up":{"uv":[4.3207,15.937],"uv_size":[-0.1736,-0.0308]},"west":{"uv":[4.6181,15.251],"uv_size":[0.0289,0.0615]}}},{"origin":[-1.5,12,2],"size":[3,0.5,1],"uv":{"down":{"uv":[4.3207,15.374],"uv_size":[-0.1736,-0.0615]},"east":{"uv":[4.0598,15.2193],"uv_size":[0.0579,0.0308]},"north":{"uv":[4.1499,15.2193],"uv_size":[0.1736,0.0308]},"south":{"uv":[4.1499,15.2193],"uv_size":[0.1736,0.0308]},"up":{"uv":[4.3207,15.6865],"uv_size":[-0.1736,-0.0615]},"west":{"uv":[4.3539,15.2193],"uv_size":[0.0579,0.0308]}}},{"origin":[-1,7,-7],"size":[2,0.5,13],"uv":{"down":{"uv":[4.2922,15.9245],"uv_size":[-0.1158,-0.7995]},"east":{"uv":[3.8946,15.5318],"uv_size":[0.7525,0.0308]},"north":{"uv":[4.1784,15.5318],"uv_size":[0.1158,0.0308]},"south":{"uv":[4.1784,15.5318],"uv_size":[0.1158,0.0308]},"up":{"uv":[4.2922,15.862],"uv_size":[-0.1158,-0.7995]},"west":{"uv":[3.8358,15.5318],"uv_size":[0.7525,0.0308]}}},{"origin":[-1,7,7],"size":[2,0.5,0.5],"uv":{"down":{"uv":[4.2922,15.062],"uv_size":[-0.1158,-0.0308]},"east":{"uv":[3.7946,15.5318],"uv_size":[0.0289,0.0308]},"north":{"uv":[4.1784,15.5318],"uv_size":[0.1158,0.0308]},"south":{"uv":[4.1784,15.5318],"uv_size":[0.1158,0.0308]},"up":{"uv":[4.2922,15.9683],"uv_size":[-0.1158,-0.0308]},"west":{"uv":[4.6475,15.5318],"uv_size":[0.0289,0.0308]}}},{"origin":[-1,9.5,-7.5],"size":[2,1,0.5],"uv":{"down":{"uv":[4.2922,15.9683],"uv_size":[-0.1158,-0.0308]},"east":{"uv":[4.6475,15.3448],"uv_size":[0.0289,0.0615]},"north":{"uv":[4.1784,15.3448],"uv_size":[0.1158,0.0615]},"south":{"uv":[4.1784,15.3448],"uv_size":[0.1158,0.0615]},"up":{"uv":[4.2922,15.062],"uv_size":[-0.1158,-0.0308]},"west":{"uv":[3.7946,15.3448],"uv_size":[0.0289,0.0615]}}},{"origin":[-1,10.5,-6.5],"size":[2,0.5,0.5],"uv":{"down":{"uv":[4.2922,15.9058],"uv_size":[-0.1158,-0.0308]},"east":{"uv":[4.5887,15.313],"uv_size":[0.0289,0.0308]},"north":{"uv":[4.1784,15.313],"uv_size":[0.1158,0.0308]},"south":{"uv":[4.1784,15.313],"uv_size":[0.1158,0.0308]},"up":{"uv":[4.2922,15.1245],"uv_size":[-0.1158,-0.0308]},"west":{"uv":[3.8534,15.313],"uv_size":[0.0289,0.0308]}}},{"origin":[-1,11,-5],"size":[2,0.5,1],"uv":{"down":{"uv":[4.2922,15.8115],"uv_size":[-0.1158,-0.0615]},"east":{"uv":[4.4715,15.2818],"uv_size":[0.0579,0.0308]},"north":{"uv":[4.1784,15.2818],"uv_size":[0.1158,0.0308]},"south":{"uv":[4.1784,15.2818],"uv_size":[0.1158,0.0308]},"up":{"uv":[4.2922,15.249],"uv_size":[-0.1158,-0.0615]},"west":{"uv":[3.9421,15.2818],"uv_size":[0.0579,0.0308]}}},{"origin":[-1,11,7],"size":[2,0.5,0.5],"uv":{"down":{"uv":[4.2922,15.062],"uv_size":[-0.1158,-0.0308]},"east":{"uv":[3.7946,15.2818],"uv_size":[0.0289,0.0308]},"north":{"uv":[4.1784,15.2818],"uv_size":[0.1158,0.0308]},"south":{"uv":[4.1784,15.2818],"uv_size":[0.1158,0.0308]},"up":{"uv":[4.2922,15.9683],"uv_size":[-0.1158,-0.0308]},"west":{"uv":[4.6475,15.2818],"uv_size":[0.0289,0.0308]}}},{"origin":[-1,11.5,-2.5],"size":[2,0.5,1.5],"uv":{"down":{"uv":[4.2922,15.6548],"uv_size":[-0.1158,-0.0923]},"east":{"uv":[4.2955,15.2505],"uv_size":[0.0868,0.0308]},"north":{"uv":[4.1784,15.2505],"uv_size":[0.1158,0.0308]},"south":{"uv":[4.1784,15.2505],"uv_size":[0.1158,0.0308]},"up":{"uv":[4.2922,15.436],"uv_size":[-0.1158,-0.0923]},"west":{"uv":[4.0896,15.2505],"uv_size":[0.0868,0.0308]}}},{"origin":[-1,12,0.5],"size":[2,0.5,1.5],"uv":{"down":{"uv":[4.2922,15.4673],"uv_size":[-0.1158,-0.0923]},"east":{"uv":[4.1191,15.2193],"uv_size":[0.0868,0.0308]},"north":{"uv":[4.1784,15.2193],"uv_size":[0.1158,0.0308]},"south":{"uv":[4.1784,15.2193],"uv_size":[0.1158,0.0308]},"up":{"uv":[4.2922,15.6235],"uv_size":[-0.1158,-0.0923]},"west":{"uv":[4.2661,15.2193],"uv_size":[0.0868,0.0308]}}},{"origin":[-1,12,6.5],"size":[2,1,0.5],"uv":{"down":{"uv":[4.2922,15.0933],"uv_size":[-0.1158,-0.0308]},"east":{"uv":[3.824,15.1885],"uv_size":[0.0289,0.0615]},"north":{"uv":[4.1784,15.1885],"uv_size":[0.1158,0.0615]},"south":{"uv":[4.1784,15.1885],"uv_size":[0.1158,0.0615]},"up":{"uv":[4.2922,15.937],"uv_size":[-0.1158,-0.0308]},"west":{"uv":[4.6181,15.1885],"uv_size":[0.0289,0.0615]}}},{"origin":[-1,12.5,3.5],"size":[2,0.5,3],"uv":{"down":{"uv":[4.2922,15.2783],"uv_size":[-0.1158,-0.1845]},"east":{"uv":[3.8558,15.188],"uv_size":[0.1736,0.0308]},"north":{"uv":[4.1784,15.188],"uv_size":[0.1158,0.0308]},"south":{"uv":[4.1784,15.188],"uv_size":[0.1158,0.0308]},"up":{"uv":[4.2922,15.9033],"uv_size":[-0.1158,-0.1845]},"west":{"uv":[4.444,15.188],"uv_size":[0.1736,0.0308]}}},{"origin":[-0.5,6.5,-7.5],"size":[1,0.5,0.5],"uv":{"down":{"uv":[4.2638,15.9683],"uv_size":[-0.0579,-0.0308]},"east":{"uv":[4.6475,15.563],"uv_size":[0.0289,0.0308]},"north":{"uv":[4.2068,15.563],"uv_size":[0.0579,0.0308]},"south":{"uv":[4.2068,15.563],"uv_size":[0.0579,0.0308]},"up":{"uv":[4.2638,15.062],"uv_size":[-0.0579,-0.0308]},"west":{"uv":[3.7946,15.563],"uv_size":[0.0289,0.0308]}}},{"origin":[-0.5,6.5,7.5],"size":[1,0.5,0.5],"uv":{"down":{"uv":[4.2638,15.0308],"uv_size":[-0.0579,-0.0308]},"east":{"uv":[3.7652,15.563],"uv_size":[0.0289,0.0308]},"north":{"uv":[4.2068,15.563],"uv_size":[0.0579,0.0308]},"south":{"uv":[4.2068,15.563],"uv_size":[0.0579,0.0308]},"up":{"uv":[4.2638,15.9995],"uv_size":[-0.0579,-0.0308]},"west":{"uv":[4.6769,15.563],"uv_size":[0.0289,0.0308]}}},{"origin":[-0.5,10.5,-7],"size":[1,0.5,0.5],"uv":{"down":{"uv":[4.2638,15.937],"uv_size":[-0.0579,-0.0308]},"east":{"uv":[4.6181,15.313],"uv_size":[0.0289,0.0308]},"north":{"uv":[4.2068,15.313],"uv_size":[0.0579,0.0308]},"south":{"uv":[4.2068,15.313],"uv_size":[0.0579,0.0308]},"up":{"uv":[4.2638,15.0933],"uv_size":[-0.0579,-0.0308]},"west":{"uv":[3.824,15.313],"uv_size":[0.0289,0.0308]}}},{"origin":[-0.5,11,-5.5],"size":[1,0.5,0.5],"uv":{"down":{"uv":[4.2638,15.8433],"uv_size":[-0.0579,-0.0308]},"east":{"uv":[4.5299,15.2818],"uv_size":[0.0289,0.0308]},"north":{"uv":[4.2068,15.2818],"uv_size":[0.0579,0.0308]},"south":{"uv":[4.2068,15.2818],"uv_size":[0.0579,0.0308]},"up":{"uv":[4.2638,15.187],"uv_size":[-0.0579,-0.0308]},"west":{"uv":[3.9122,15.2818],"uv_size":[0.0289,0.0308]}}},{"origin":[-0.5,11.5,-3],"size":[1,0.5,0.5],"uv":{"down":{"uv":[4.2638,15.687],"uv_size":[-0.0579,-0.0308]},"east":{"uv":[4.3828,15.2505],"uv_size":[0.0289,0.0308]},"north":{"uv":[4.2068,15.2505],"uv_size":[0.0579,0.0308]},"south":{"uv":[4.2068,15.2505],"uv_size":[0.0579,0.0308]},"up":{"uv":[4.2638,15.3433],"uv_size":[-0.0579,-0.0308]},"west":{"uv":[4.0593,15.2505],"uv_size":[0.0289,0.0308]}}},{"origin":[-0.5,11.5,7],"size":[1,1,0.5],"uv":{"down":{"uv":[4.2638,15.062],"uv_size":[-0.0579,-0.0308]},"east":{"uv":[3.7946,15.2198],"uv_size":[0.0289,0.0615]},"north":{"uv":[4.2068,15.2198],"uv_size":[0.0579,0.0615]},"south":{"uv":[4.2068,15.2198],"uv_size":[0.0579,0.0615]},"up":{"uv":[4.2638,15.9683],"uv_size":[-0.0579,-0.0308]},"west":{"uv":[4.6475,15.2198],"uv_size":[0.0289,0.0615]}}},{"origin":[-0.5,12,0],"size":[1,0.5,0.5],"uv":{"down":{"uv":[4.2638,15.4995],"uv_size":[-0.0579,-0.0308]},"east":{"uv":[4.2064,15.2193],"uv_size":[0.0289,0.0308]},"north":{"uv":[4.2068,15.2193],"uv_size":[0.0579,0.0308]},"south":{"uv":[4.2068,15.2193],"uv_size":[0.0579,0.0308]},"up":{"uv":[4.2638,15.5308],"uv_size":[-0.0579,-0.0308]},"west":{"uv":[4.2358,15.2193],"uv_size":[0.0289,0.0308]}}},{"origin":[-0.5,12.5,3],"size":[1,0.5,0.5],"uv":{"down":{"uv":[4.2638,15.312],"uv_size":[-0.0579,-0.0308]},"east":{"uv":[4.0299,15.188],"uv_size":[0.0289,0.0308]},"north":{"uv":[4.2068,15.188],"uv_size":[0.0579,0.0308]},"south":{"uv":[4.2068,15.188],"uv_size":[0.0579,0.0308]},"up":{"uv":[4.2638,15.7183],"uv_size":[-0.0579,-0.0308]},"west":{"uv":[4.4122,15.188],"uv_size":[0.0289,0.0308]}}}],"name":"geyser_custom_z","parent":"geyser_custom_y","pivot":[0,8,0]}],"description":{"identifier":"geometry.geyser_custom.geo_99c9835","texture_height":16,"texture_width":16,"visible_bounds_height":4.5,"visible_bounds_offset":[0,0.75,0],"visible_bounds_width":4}}]}