{"format_version":"1.16.0","minecraft:geometry":[{"bones":[{"binding":"c.item_slot == 'head' ? 'head' : q.item_slot_to_bone_name(c.item_slot)","name":"geyser_custom","pivot":[0,8,0]},{"name":"geyser_custom_x","parent":"geyser_custom","pivot":[0,8,0]},{"name":"geyser_custom_y","parent":"geyser_custom_x","pivot":[0,8,0]},{"cubes":[{"origin":[-5,2.5,-0.5],"size":[10.5,2.5,1.5],"uv":{"down":{"uv":[0.7548,14.5298],"uv_size":[-0.6078,-0.0923]},"east":{"uv":[0.4132,14.69],"uv_size":[0.0868,0.1538]},"north":{"uv":[0.1864,14.69],"uv_size":[0.6078,0.1538]},"south":{"uv":[0.1569,14.69],"uv_size":[0.6078,0.1538]},"up":{"uv":[0.7548,14.561],"uv_size":[-0.6078,-0.0923]},"west":{"uv":[0.4426,14.69],"uv_size":[0.0868,0.1538]}}},{"origin":[-5,3,-1],"size":[10.5,1.5,0.5],"uv":{"down":{"uv":[0.7548,14.562],"uv_size":[-0.6078,-0.0308]},"east":{"uv":[0.5005,14.7203],"uv_size":[0.0289,0.0923]},"north":{"uv":[0.1864,14.7203],"uv_size":[0.6078,0.0923]},"south":{"uv":[0.1569,14.7203],"uv_size":[0.6078,0.0923]},"up":{"uv":[0.7548,14.4683],"uv_size":[-0.6078,-0.0308]},"west":{"uv":[0.4122,14.7203],"uv_size":[0.0289,0.0923]}}},{"origin":[-5,3,1],"size":[10.5,1.5,0.5],"uv":{"down":{"uv":[0.7548,14.437],"uv_size":[-0.6078,-0.0308]},"east":{"uv":[0.3828,14.7203],"uv_size":[0.0289,0.0923]},"north":{"uv":[0.1864,14.7203],"uv_size":[0.6078,0.0923]},"south":{"uv":[0.1569,14.7203],"uv_size":[0.6078,0.0923]},"up":{"uv":[0.7548,14.5933],"uv_size":[-0.6078,-0.0308]},"west":{"uv":[0.5299,14.7203],"uv_size":[0.0289,0.0923]}}},{"origin":[-4.5,2,-1],"size":[9.5,1,0.5],"uv":{"down":{"uv":[0.7264,14.562],"uv_size":[-0.5499,-0.0308]},"east":{"uv":[0.5005,14.8135],"uv_size":[0.0289,0.0615]},"north":{"uv":[0.2148,14.8135],"uv_size":[0.5499,0.0615]},"south":{"uv":[0.1854,14.8135],"uv_size":[0.5499,0.0615]},"up":{"uv":[0.7264,14.4683],"uv_size":[-0.5499,-0.0308]},"west":{"uv":[0.4122,14.8135],"uv_size":[0.0289,0.0615]}}},{"origin":[-4.5,2,-0.5],"size":[9.5,0.5,2],"uv":{"down":{"uv":[0.7264,14.5293],"uv_size":[-0.5499,-0.123]},"east":{"uv":[0.3842,14.8443],"uv_size":[0.1158,0.0308]},"north":{"uv":[0.2148,14.8443],"uv_size":[0.5499,0.0308]},"south":{"uv":[0.1854,14.8443],"uv_size":[0.5499,0.0308]},"up":{"uv":[0.7264,14.5918],"uv_size":[-0.5499,-0.123]},"west":{"uv":[0.4431,14.8443],"uv_size":[0.1158,0.0308]}}},{"origin":[-4.5,2.5,-1.5],"size":[9.5,3,0.5],"uv":{"down":{"uv":[0.7264,14.5933],"uv_size":[-0.5499,-0.0308]},"east":{"uv":[0.5299,14.6593],"uv_size":[0.0289,0.1845]},"north":{"uv":[0.2148,14.6593],"uv_size":[0.5499,0.1845]},"south":{"uv":[0.1854,14.6593],"uv_size":[0.5499,0.1845]},"up":{"uv":[0.7264,14.437],"uv_size":[-0.5499,-0.0308]},"west":{"uv":[0.3828,14.6593],"uv_size":[0.0289,0.1845]}}},{"origin":[-4.5,2.5,1],"size":[9.5,0.5,1],"uv":{"down":{"uv":[0.7264,14.4365],"uv_size":[-0.5499,-0.0615]},"east":{"uv":[0.3539,14.813],"uv_size":[0.0579,0.0308]},"north":{"uv":[0.2148,14.813],"uv_size":[0.5499,0.0308]},"south":{"uv":[0.1854,14.813],"uv_size":[0.5499,0.0308]},"up":{"uv":[0.7264,14.624],"uv_size":[-0.5499,-0.0615]},"west":{"uv":[0.5304,14.813],"uv_size":[0.0579,0.0308]}}},{"origin":[-4.5,3,1.5],"size":[9.5,2.5,0.5],"uv":{"down":{"uv":[0.7264,14.4058],"uv_size":[-0.5499,-0.0308]},"east":{"uv":[0.3534,14.6588],"uv_size":[0.0289,0.1538]},"north":{"uv":[0.2148,14.6588],"uv_size":[0.5499,0.1538]},"south":{"uv":[0.1854,14.6588],"uv_size":[0.5499,0.1538]},"up":{"uv":[0.7264,14.6245],"uv_size":[-0.5499,-0.0308]},"west":{"uv":[0.5593,14.6588],"uv_size":[0.0289,0.1538]}}},{"origin":[-4.5,3.5,-2],"size":[9.5,1,0.5],"uv":{"down":{"uv":[0.7264,14.6245],"uv_size":[-0.5499,-0.0308]},"east":{"uv":[0.5593,14.7198],"uv_size":[0.0289,0.0615]},"north":{"uv":[0.2148,14.7198],"uv_size":[0.5499,0.0615]},"south":{"uv":[0.1854,14.7198],"uv_size":[0.5499,0.0615]},"up":{"uv":[0.7264,14.4058],"uv_size":[-0.5499,-0.0308]},"west":{"uv":[0.3534,14.7198],"uv_size":[0.0289,0.0615]}}},{"origin":[-4.5,3.5,2],"size":[9.5,1,0.5],"uv":{"down":{"uv":[0.7264,14.3745],"uv_size":[-0.5499,-0.0308]},"east":{"uv":[0.324,14.7198],"uv_size":[0.0289,0.0615]},"north":{"uv":[0.2148,14.7198],"uv_size":[0.5499,0.0615]},"south":{"uv":[0.1854,14.7198],"uv_size":[0.5499,0.0615]},"up":{"uv":[0.7264,14.6558],"uv_size":[-0.5499,-0.0308]},"west":{"uv":[0.5887,14.7198],"uv_size":[0.0289,0.0615]}}},{"origin":[-4.5,4.5,-1],"size":[9.5,1.5,0.5],"uv":{"down":{"uv":[0.7264,14.562],"uv_size":[-0.5499,-0.0308]},"east":{"uv":[0.5005,14.6265],"uv_size":[0.0289,0.0923]},"north":{"uv":[0.2148,14.6265],"uv_size":[0.5499,0.0923]},"south":{"uv":[0.1854,14.6265],"uv_size":[0.5499,0.0923]},"up":{"uv":[0.7264,14.4683],"uv_size":[-0.5499,-0.0308]},"west":{"uv":[0.4122,14.6265],"uv_size":[0.0289,0.0923]}}},{"origin":[-4.5,4.5,1],"size":[9.5,1.5,0.5],"uv":{"down":{"uv":[0.7264,14.437],"uv_size":[-0.5499,-0.0308]},"east":{"uv":[0.3828,14.6265],"uv_size":[0.0289,0.0923]},"north":{"uv":[0.2148,14.6265],"uv_size":[0.5499,0.0923]},"south":{"uv":[0.1854,14.6265],"uv_size":[0.5499,0.0923]},"up":{"uv":[0.7264,14.5933],"uv_size":[-0.5499,-0.0308]},"west":{"uv":[0.5299,14.6265],"uv_size":[0.0289,0.0923]}}},{"origin":[-4.5,5,-0.5],"size":[9.5,1,1.5],"uv":{"down":{"uv":[0.7264,14.5298],"uv_size":[-0.5499,-0.0923]},"east":{"uv":[0.4132,14.626],"uv_size":[0.0868,0.0615]},"north":{"uv":[0.2148,14.626],"uv_size":[0.5499,0.0615]},"south":{"uv":[0.1854,14.626],"uv_size":[0.5499,0.0615]},"up":{"uv":[0.7264,14.561],"uv_size":[-0.5499,-0.0923]},"west":{"uv":[0.4426,14.626],"uv_size":[0.0868,0.0615]}}},{"origin":[-4,1,-0.5],"size":[8.5,1,1.5],"uv":{"down":{"uv":[0.6979,14.5298],"uv_size":[-0.492,-0.0923]},"east":{"uv":[0.4132,14.876],"uv_size":[0.0868,0.0615]},"north":{"uv":[0.2433,14.876],"uv_size":[0.492,0.0615]},"south":{"uv":[0.2139,14.876],"uv_size":[0.492,0.0615]},"up":{"uv":[0.6979,14.561],"uv_size":[-0.492,-0.0923]},"west":{"uv":[0.4426,14.876],"uv_size":[0.0868,0.0615]}}},{"origin":[-4,1.5,-1],"size":[8.5,0.5,0.5],"uv":{"down":{"uv":[0.6979,14.562],"uv_size":[-0.492,-0.0308]},"east":{"uv":[0.5005,14.8755],"uv_size":[0.0289,0.0308]},"north":{"uv":[0.2433,14.8755],"uv_size":[0.492,0.0308]},"south":{"uv":[0.2139,14.8755],"uv_size":[0.492,0.0308]},"up":{"uv":[0.6979,14.4683],"uv_size":[-0.492,-0.0308]},"west":{"uv":[0.4122,14.8755],"uv_size":[0.0289,0.0308]}}},{"origin":[-4,1.5,1],"size":[8.5,0.5,0.5],"uv":{"down":{"uv":[0.6979,14.437],"uv_size":[-0.492,-0.0308]},"east":{"uv":[0.3828,14.8755],"uv_size":[0.0289,0.0308]},"north":{"uv":[0.2433,14.8755],"uv_size":[0.492,0.0308]},"south":{"uv":[0.2139,14.8755],"uv_size":[0.492,0.0308]},"up":{"uv":[0.6979,14.5933],"uv_size":[-0.492,-0.0308]},"west":{"uv":[0.5299,14.8755],"uv_size":[0.0289,0.0308]}}},{"origin":[-4,2,-2],"size":[8.5,1.5,0.5],"uv":{"down":{"uv":[0.6979,14.6245],"uv_size":[-0.492,-0.0308]},"east":{"uv":[0.5593,14.7828],"uv_size":[0.0289,0.0923]},"north":{"uv":[0.2433,14.7828],"uv_size":[0.492,0.0923]},"south":{"uv":[0.2139,14.7828],"uv_size":[0.492,0.0923]},"up":{"uv":[0.6979,14.4058],"uv_size":[-0.492,-0.0308]},"west":{"uv":[0.3534,14.7828],"uv_size":[0.0289,0.0923]}}},{"origin":[-4,2,-1.5],"size":[8.5,0.5,0.5],"uv":{"down":{"uv":[0.6979,14.5933],"uv_size":[-0.492,-0.0308]},"east":{"uv":[0.5299,14.8443],"uv_size":[0.0289,0.0308]},"north":{"uv":[0.2433,14.8443],"uv_size":[0.492,0.0308]},"south":{"uv":[0.2139,14.8443],"uv_size":[0.492,0.0308]},"up":{"uv":[0.6979,14.437],"uv_size":[-0.492,-0.0308]},"west":{"uv":[0.3828,14.8443],"uv_size":[0.0289,0.0308]}}},{"origin":[-4,2,1.5],"size":[8.5,0.5,1],"uv":{"down":{"uv":[0.6979,14.4053],"uv_size":[-0.492,-0.0615]},"east":{"uv":[0.3245,14.8443],"uv_size":[0.0579,0.0308]},"north":{"uv":[0.2433,14.8443],"uv_size":[0.492,0.0308]},"south":{"uv":[0.2139,14.8443],"uv_size":[0.492,0.0308]},"up":{"uv":[0.6979,14.6553],"uv_size":[-0.492,-0.0615]},"west":{"uv":[0.5598,14.8443],"uv_size":[0.0579,0.0308]}}},{"origin":[-4,2.5,-2.5],"size":[8.5,3,0.5],"uv":{"down":{"uv":[0.6979,14.6558],"uv_size":[-0.492,-0.0308]},"east":{"uv":[0.5887,14.6593],"uv_size":[0.0289,0.1845]},"north":{"uv":[0.2433,14.6593],"uv_size":[0.492,0.1845]},"south":{"uv":[0.2139,14.6593],"uv_size":[0.492,0.1845]},"up":{"uv":[0.6979,14.3745],"uv_size":[-0.492,-0.0308]},"west":{"uv":[0.324,14.6593],"uv_size":[0.0289,0.1845]}}},{"origin":[-4,2.5,2],"size":[8.5,1,1],"uv":{"down":{"uv":[0.6979,14.374],"uv_size":[-0.492,-0.0615]},"east":{"uv":[0.2951,14.7823],"uv_size":[0.0579,0.0615]},"north":{"uv":[0.2433,14.7823],"uv_size":[0.492,0.0615]},"south":{"uv":[0.2139,14.7823],"uv_size":[0.492,0.0615]},"up":{"uv":[0.6979,14.6865],"uv_size":[-0.492,-0.0615]},"west":{"uv":[0.5892,14.7823],"uv_size":[0.0579,0.0615]}}},{"origin":[-4,3.5,2.5],"size":[8.5,2,0.5],"uv":{"down":{"uv":[0.6979,14.3433],"uv_size":[-0.492,-0.0308]},"east":{"uv":[0.2946,14.6583],"uv_size":[0.0289,0.123]},"north":{"uv":[0.2433,14.6583],"uv_size":[0.492,0.123]},"south":{"uv":[0.2139,14.6583],"uv_size":[0.492,0.123]},"up":{"uv":[0.6979,14.687],"uv_size":[-0.492,-0.0308]},"west":{"uv":[0.6181,14.6583],"uv_size":[0.0289,0.123]}}},{"origin":[-4,4.5,-2],"size":[8.5,1.5,0.5],"uv":{"down":{"uv":[0.6979,14.6245],"uv_size":[-0.492,-0.0308]},"east":{"uv":[0.5593,14.6265],"uv_size":[0.0289,0.0923]},"north":{"uv":[0.2433,14.6265],"uv_size":[0.492,0.0923]},"south":{"uv":[0.2139,14.6265],"uv_size":[0.492,0.0923]},"up":{"uv":[0.6979,14.4058],"uv_size":[-0.492,-0.0308]},"west":{"uv":[0.3534,14.6265],"uv_size":[0.0289,0.0923]}}},{"origin":[-4,4.5,2],"size":[8.5,2,0.5],"uv":{"down":{"uv":[0.6979,14.3745],"uv_size":[-0.492,-0.0308]},"east":{"uv":[0.324,14.5958],"uv_size":[0.0289,0.123]},"north":{"uv":[0.2433,14.5958],"uv_size":[0.492,0.123]},"south":{"uv":[0.2139,14.5958],"uv_size":[0.492,0.123]},"up":{"uv":[0.6979,14.6558],"uv_size":[-0.492,-0.0308]},"west":{"uv":[0.5887,14.5958],"uv_size":[0.0289,0.123]}}},{"origin":[-4,5.5,-1.5],"size":[8.5,1,0.5],"uv":{"down":{"uv":[0.6979,14.5933],"uv_size":[-0.492,-0.0308]},"east":{"uv":[0.5299,14.5948],"uv_size":[0.0289,0.0615]},"north":{"uv":[0.2433,14.5948],"uv_size":[0.492,0.0615]},"south":{"uv":[0.2139,14.5948],"uv_size":[0.492,0.0615]},"up":{"uv":[0.6979,14.437],"uv_size":[-0.492,-0.0308]},"west":{"uv":[0.3828,14.5948],"uv_size":[0.0289,0.0615]}}},{"origin":[-4,5.5,1.5],"size":[8.5,1.5,0.5],"uv":{"down":{"uv":[0.6979,14.4058],"uv_size":[-0.492,-0.0308]},"east":{"uv":[0.3534,14.564],"uv_size":[0.0289,0.0923]},"north":{"uv":[0.2433,14.564],"uv_size":[0.492,0.0923]},"south":{"uv":[0.2139,14.564],"uv_size":[0.492,0.0923]},"up":{"uv":[0.6979,14.6245],"uv_size":[-0.492,-0.0308]},"west":{"uv":[0.5593,14.564],"uv_size":[0.0289,0.0923]}}},{"origin":[-4,6,-1],"size":[8.5,1,2.5],"uv":{"down":{"uv":[0.6979,14.56],"uv_size":[-0.492,-0.1538]},"east":{"uv":[0.3847,14.5635],"uv_size":[0.1447,0.0615]},"north":{"uv":[0.2433,14.5635],"uv_size":[0.492,0.0615]},"south":{"uv":[0.2139,14.5635],"uv_size":[0.492,0.0615]},"up":{"uv":[0.6979,14.5913],"uv_size":[-0.492,-0.1538]},"west":{"uv":[0.4141,14.5635],"uv_size":[0.1447,0.0615]}}},{"origin":[-4,7,-0.5],"size":[8.5,0.5,1.5],"uv":{"down":{"uv":[0.6979,14.5298],"uv_size":[-0.492,-0.0923]},"east":{"uv":[0.4132,14.5318],"uv_size":[0.0868,0.0308]},"north":{"uv":[0.2433,14.5318],"uv_size":[0.492,0.0308]},"south":{"uv":[0.2139,14.5318],"uv_size":[0.492,0.0308]},"up":{"uv":[0.6979,14.561],"uv_size":[-0.492,-0.0923]},"west":{"uv":[0.4426,14.5318],"uv_size":[0.0868,0.0308]}}},{"origin":[-3.5,0.5,-1],"size":[7.5,1,0.5],"uv":{"down":{"uv":[0.6694,14.562],"uv_size":[-0.4341,-0.0308]},"east":{"uv":[0.5005,14.9073],"uv_size":[0.0289,0.0615]},"north":{"uv":[0.2718,14.9073],"uv_size":[0.4341,0.0615]},"south":{"uv":[0.2424,14.9073],"uv_size":[0.4341,0.0615]},"up":{"uv":[0.6694,14.4683],"uv_size":[-0.4341,-0.0308]},"west":{"uv":[0.4122,14.9073],"uv_size":[0.0289,0.0615]}}},{"origin":[-3.5,0.5,-0.5],"size":[7.5,0.5,2],"uv":{"down":{"uv":[0.6694,14.5293],"uv_size":[-0.4341,-0.123]},"east":{"uv":[0.3842,14.938],"uv_size":[0.1158,0.0308]},"north":{"uv":[0.2718,14.938],"uv_size":[0.4341,0.0308]},"south":{"uv":[0.2424,14.938],"uv_size":[0.4341,0.0308]},"up":{"uv":[0.6694,14.5918],"uv_size":[-0.4341,-0.123]},"west":{"uv":[0.4431,14.938],"uv_size":[0.1158,0.0308]}}},{"origin":[-3.5,1,-1.5],"size":[7.5,1,0.5],"uv":{"down":{"uv":[0.6694,14.5933],"uv_size":[-0.4341,-0.0308]},"east":{"uv":[0.5299,14.876],"uv_size":[0.0289,0.0615]},"north":{"uv":[0.2718,14.876],"uv_size":[0.4341,0.0615]},"south":{"uv":[0.2424,14.876],"uv_size":[0.4341,0.0615]},"up":{"uv":[0.6694,14.437],"uv_size":[-0.4341,-0.0308]},"west":{"uv":[0.3828,14.876],"uv_size":[0.0289,0.0615]}}},{"origin":[-3.5,1,1],"size":[7.5,0.5,1],"uv":{"down":{"uv":[0.6694,14.4365],"uv_size":[-0.4341,-0.0615]},"east":{"uv":[0.3539,14.9068],"uv_size":[0.0579,0.0308]},"north":{"uv":[0.2718,14.9068],"uv_size":[0.4341,0.0308]},"south":{"uv":[0.2424,14.9068],"uv_size":[0.4341,0.0308]},"up":{"uv":[0.6694,14.624],"uv_size":[-0.4341,-0.0615]},"west":{"uv":[0.5304,14.9068],"uv_size":[0.0579,0.0308]}}},{"origin":[-3.5,1.5,-2],"size":[7.5,0.5,0.5],"uv":{"down":{"uv":[0.6694,14.6245],"uv_size":[-0.4341,-0.0308]},"east":{"uv":[0.5593,14.8755],"uv_size":[0.0289,0.0308]},"north":{"uv":[0.2718,14.8755],"uv_size":[0.4341,0.0308]},"south":{"uv":[0.2424,14.8755],"uv_size":[0.4341,0.0308]},"up":{"uv":[0.6694,14.4058],"uv_size":[-0.4341,-0.0308]},"west":{"uv":[0.3534,14.8755],"uv_size":[0.0289,0.0308]}}},{"origin":[-3.5,1.5,1.5],"size":[7.5,0.5,1],"uv":{"down":{"uv":[0.6694,14.4053],"uv_size":[-0.4341,-0.0615]},"east":{"uv":[0.3245,14.8755],"uv_size":[0.0579,0.0308]},"north":{"uv":[0.2718,14.8755],"uv_size":[0.4341,0.0308]},"south":{"uv":[0.2424,14.8755],"uv_size":[0.4341,0.0308]},"up":{"uv":[0.6694,14.6553],"uv_size":[-0.4341,-0.0615]},"west":{"uv":[0.5598,14.8755],"uv_size":[0.0579,0.0308]}}},{"origin":[-3.5,2,-2.5],"size":[7.5,0.5,0.5],"uv":{"down":{"uv":[0.6694,14.6558],"uv_size":[-0.4341,-0.0308]},"east":{"uv":[0.5887,14.8443],"uv_size":[0.0289,0.0308]},"north":{"uv":[0.2718,14.8443],"uv_size":[0.4341,0.0308]},"south":{"uv":[0.2424,14.8443],"uv_size":[0.4341,0.0308]},"up":{"uv":[0.6694,14.3745],"uv_size":[-0.4341,-0.0308]},"west":{"uv":[0.324,14.8443],"uv_size":[0.0289,0.0308]}}},{"origin":[-3.5,2,2.5],"size":[7.5,0.5,0.5],"uv":{"down":{"uv":[0.6694,14.3433],"uv_size":[-0.4341,-0.0308]},"east":{"uv":[0.2946,14.8443],"uv_size":[0.0289,0.0308]},"north":{"uv":[0.2718,14.8443],"uv_size":[0.4341,0.0308]},"south":{"uv":[0.2424,14.8443],"uv_size":[0.4341,0.0308]},"up":{"uv":[0.6694,14.687],"uv_size":[-0.4341,-0.0308]},"west":{"uv":[0.6181,14.8443],"uv_size":[0.0289,0.0308]}}},{"origin":[-3.5,2.5,-3],"size":[7.5,3,0.5],"uv":{"down":{"uv":[0.6694,14.687],"uv_size":[-0.4341,-0.0308]},"east":{"uv":[0.6181,14.6593],"uv_size":[0.0289,0.1845]},"north":{"uv":[0.2718,14.6593],"uv_size":[0.4341,0.1845]},"south":{"uv":[0.2424,14.6593],"uv_size":[0.4341,0.1845]},"up":{"uv":[0.6694,14.3433],"uv_size":[-0.4341,-0.0308]},"west":{"uv":[0.2946,14.6593],"uv_size":[0.0289,0.1845]}}},{"origin":[-3.5,2.5,3],"size":[7.5,3.5,0.5],"uv":{"down":{"uv":[0.6694,14.312],"uv_size":[-0.4341,-0.0308]},"east":{"uv":[0.2652,14.6285],"uv_size":[0.0289,0.2153]},"north":{"uv":[0.2718,14.6285],"uv_size":[0.4341,0.2153]},"south":{"uv":[0.2424,14.6285],"uv_size":[0.4341,0.2153]},"up":{"uv":[0.6694,14.7183],"uv_size":[-0.4341,-0.0308]},"west":{"uv":[0.6475,14.6285],"uv_size":[0.0289,0.2153]}}},{"origin":[-3.5,5.5,-2.5],"size":[7.5,1,0.5],"uv":{"down":{"uv":[0.6694,14.6558],"uv_size":[-0.4341,-0.0308]},"east":{"uv":[0.5887,14.5948],"uv_size":[0.0289,0.0615]},"north":{"uv":[0.2718,14.5948],"uv_size":[0.4341,0.0615]},"south":{"uv":[0.2424,14.5948],"uv_size":[0.4341,0.0615]},"up":{"uv":[0.6694,14.3745],"uv_size":[-0.4341,-0.0308]},"west":{"uv":[0.324,14.5948],"uv_size":[0.0289,0.0615]}}},{"origin":[-3.5,5.5,2.5],"size":[7.5,1.5,0.5],"uv":{"down":{"uv":[0.6694,14.3433],"uv_size":[-0.4341,-0.0308]},"east":{"uv":[0.2946,14.564],"uv_size":[0.0289,0.0923]},"north":{"uv":[0.2718,14.564],"uv_size":[0.4341,0.0923]},"south":{"uv":[0.2424,14.564],"uv_size":[0.4341,0.0923]},"up":{"uv":[0.6694,14.687],"uv_size":[-0.4341,-0.0308]},"west":{"uv":[0.6181,14.564],"uv_size":[0.0289,0.0923]}}},{"origin":[-3.5,6,-2],"size":[7.5,1.5,0.5],"uv":{"down":{"uv":[0.6694,14.6245],"uv_size":[-0.4341,-0.0308]},"east":{"uv":[0.5593,14.5328],"uv_size":[0.0289,0.0923]},"north":{"uv":[0.2718,14.5328],"uv_size":[0.4341,0.0923]},"south":{"uv":[0.2424,14.5328],"uv_size":[0.4341,0.0923]},"up":{"uv":[0.6694,14.4058],"uv_size":[-0.4341,-0.0308]},"west":{"uv":[0.3534,14.5328],"uv_size":[0.0289,0.0923]}}},{"origin":[-3,6.5,-2.5],"size":[7,0.5,0.5],"uv":{"down":{"uv":[0.6405,14.6558],"uv_size":[-0.4052,-0.0308]},"east":{"uv":[0.5887,14.563],"uv_size":[0.0289,0.0308]},"north":{"uv":[0.3007,14.563],"uv_size":[0.4052,0.0308]},"south":{"uv":[0.2419,14.563],"uv_size":[0.4052,0.0308]},"up":{"uv":[0.6405,14.3745],"uv_size":[-0.4052,-0.0308]},"west":{"uv":[0.324,14.563],"uv_size":[0.0289,0.0308]}}},{"origin":[-3.5,6.5,-1.5],"size":[7.5,1.5,0.5],"uv":{"down":{"uv":[0.6694,14.5933],"uv_size":[-0.4341,-0.0308]},"east":{"uv":[0.5299,14.5015],"uv_size":[0.0289,0.0923]},"north":{"uv":[0.2718,14.5015],"uv_size":[0.4341,0.0923]},"south":{"uv":[0.2424,14.5015],"uv_size":[0.4341,0.0923]},"up":{"uv":[0.6694,14.437],"uv_size":[-0.4341,-0.0308]},"west":{"uv":[0.3828,14.5015],"uv_size":[0.0289,0.0923]}}},{"origin":[-3.5,6.5,2],"size":[7.5,1.5,0.5],"uv":{"down":{"uv":[0.6694,14.3745],"uv_size":[-0.4341,-0.0308]},"east":{"uv":[0.324,14.5015],"uv_size":[0.0289,0.0923]},"north":{"uv":[0.2718,14.5015],"uv_size":[0.4341,0.0923]},"south":{"uv":[0.2424,14.5015],"uv_size":[0.4341,0.0923]},"up":{"uv":[0.6694,14.6558],"uv_size":[-0.4341,-0.0308]},"west":{"uv":[0.5887,14.5015],"uv_size":[0.0289,0.0923]}}},{"origin":[-3.5,7,-1],"size":[7.5,1.5,0.5],"uv":{"down":{"uv":[0.6694,14.562],"uv_size":[-0.4341,-0.0308]},"east":{"uv":[0.5005,14.4703],"uv_size":[0.0289,0.0923]},"north":{"uv":[0.2718,14.4703],"uv_size":[0.4341,0.0923]},"south":{"uv":[0.2424,14.4703],"uv_size":[0.4341,0.0923]},"up":{"uv":[0.6694,14.4683],"uv_size":[-0.4341,-0.0308]},"west":{"uv":[0.4122,14.4703],"uv_size":[0.0289,0.0923]}}},{"origin":[-3.5,7,1],"size":[7.5,1.5,1],"uv":{"down":{"uv":[0.6694,14.4365],"uv_size":[-0.4341,-0.0615]},"east":{"uv":[0.3539,14.4703],"uv_size":[0.0579,0.0923]},"north":{"uv":[0.2718,14.4703],"uv_size":[0.4341,0.0923]},"south":{"uv":[0.2424,14.4703],"uv_size":[0.4341,0.0923]},"up":{"uv":[0.6694,14.624],"uv_size":[-0.4341,-0.0615]},"west":{"uv":[0.5304,14.4703],"uv_size":[0.0579,0.0923]}}},{"origin":[-3.5,7.5,-0.5],"size":[7.5,1.5,1.5],"uv":{"down":{"uv":[0.6694,14.5298],"uv_size":[-0.4341,-0.0923]},"east":{"uv":[0.4132,14.439],"uv_size":[0.0868,0.0923]},"north":{"uv":[0.2718,14.439],"uv_size":[0.4341,0.0923]},"south":{"uv":[0.2424,14.439],"uv_size":[0.4341,0.0923]},"up":{"uv":[0.6694,14.561],"uv_size":[-0.4341,-0.0923]},"west":{"uv":[0.4426,14.439],"uv_size":[0.0868,0.0923]}}},{"origin":[-3,0.5,-2],"size":[6.5,1,0.5],"uv":{"down":{"uv":[0.6409,14.6245],"uv_size":[-0.3762,-0.0308]},"east":{"uv":[0.5593,14.9073],"uv_size":[0.0289,0.0615]},"north":{"uv":[0.3002,14.9073],"uv_size":[0.3762,0.0615]},"south":{"uv":[0.2708,14.9073],"uv_size":[0.3762,0.0615]},"up":{"uv":[0.6409,14.4058],"uv_size":[-0.3762,-0.0308]},"west":{"uv":[0.3534,14.9073],"uv_size":[0.0289,0.0615]}}},{"origin":[-3,0.5,-1.5],"size":[6.5,0.5,0.5],"uv":{"down":{"uv":[0.6409,14.5933],"uv_size":[-0.3762,-0.0308]},"east":{"uv":[0.5299,14.938],"uv_size":[0.0289,0.0308]},"north":{"uv":[0.3002,14.938],"uv_size":[0.3762,0.0308]},"south":{"uv":[0.2708,14.938],"uv_size":[0.3762,0.0308]},"up":{"uv":[0.6409,14.437],"uv_size":[-0.3762,-0.0308]},"west":{"uv":[0.3828,14.938],"uv_size":[0.0289,0.0308]}}},{"origin":[-3,0.5,1.5],"size":[6.5,0.5,1],"uv":{"down":{"uv":[0.6409,14.4053],"uv_size":[-0.3762,-0.0615]},"east":{"uv":[0.3245,14.938],"uv_size":[0.0579,0.0308]},"north":{"uv":[0.3002,14.938],"uv_size":[0.3762,0.0308]},"south":{"uv":[0.2708,14.938],"uv_size":[0.3762,0.0308]},"up":{"uv":[0.6409,14.6553],"uv_size":[-0.3762,-0.0615]},"west":{"uv":[0.5598,14.938],"uv_size":[0.0579,0.0308]}}},{"origin":[-3,1,-2.5],"size":[6.5,1,0.5],"uv":{"down":{"uv":[0.6409,14.6558],"uv_size":[-0.3762,-0.0308]},"east":{"uv":[0.5887,14.876],"uv_size":[0.0289,0.0615]},"north":{"uv":[0.3002,14.876],"uv_size":[0.3762,0.0615]},"south":{"uv":[0.2708,14.876],"uv_size":[0.3762,0.0615]},"up":{"uv":[0.6409,14.3745],"uv_size":[-0.3762,-0.0308]},"west":{"uv":[0.324,14.876],"uv_size":[0.0289,0.0615]}}},{"origin":[-3,1,2],"size":[6.5,0.5,1],"uv":{"down":{"uv":[0.6409,14.374],"uv_size":[-0.3762,-0.0615]},"east":{"uv":[0.2951,14.9068],"uv_size":[0.0579,0.0308]},"north":{"uv":[0.3002,14.9068],"uv_size":[0.3762,0.0308]},"south":{"uv":[0.2708,14.9068],"uv_size":[0.3762,0.0308]},"up":{"uv":[0.6409,14.6865],"uv_size":[-0.3762,-0.0615]},"west":{"uv":[0.5892,14.9068],"uv_size":[0.0579,0.0308]}}},{"origin":[-3,1.5,-3],"size":[6.5,1,0.5],"uv":{"down":{"uv":[0.6409,14.687],"uv_size":[-0.3762,-0.0308]},"east":{"uv":[0.6181,14.8448],"uv_size":[0.0289,0.0615]},"north":{"uv":[0.3002,14.8448],"uv_size":[0.3762,0.0615]},"south":{"uv":[0.2708,14.8448],"uv_size":[0.3762,0.0615]},"up":{"uv":[0.6409,14.3433],"uv_size":[-0.3762,-0.0308]},"west":{"uv":[0.2946,14.8448],"uv_size":[0.0289,0.0615]}}},{"origin":[-3,1.5,2.5],"size":[6.5,0.5,1],"uv":{"down":{"uv":[0.6409,14.3428],"uv_size":[-0.3762,-0.0615]},"east":{"uv":[0.2656,14.8755],"uv_size":[0.0579,0.0308]},"north":{"uv":[0.3002,14.8755],"uv_size":[0.3762,0.0308]},"south":{"uv":[0.2708,14.8755],"uv_size":[0.3762,0.0308]},"up":{"uv":[0.6409,14.7178],"uv_size":[-0.3762,-0.0615]},"west":{"uv":[0.6186,14.8755],"uv_size":[0.0579,0.0308]}}},{"origin":[-3,2,3],"size":[6.5,0.5,0.5],"uv":{"down":{"uv":[0.6409,14.312],"uv_size":[-0.3762,-0.0308]},"east":{"uv":[0.2652,14.8443],"uv_size":[0.0289,0.0308]},"north":{"uv":[0.3002,14.8443],"uv_size":[0.3762,0.0308]},"south":{"uv":[0.2708,14.8443],"uv_size":[0.3762,0.0308]},"up":{"uv":[0.6409,14.7183],"uv_size":[-0.3762,-0.0308]},"west":{"uv":[0.6475,14.8443],"uv_size":[0.0289,0.0308]}}},{"origin":[-3,2.5,-3.5],"size":[6.5,2.5,0.5],"uv":{"down":{"uv":[0.6409,14.7183],"uv_size":[-0.3762,-0.0308]},"east":{"uv":[0.6475,14.69],"uv_size":[0.0289,0.1538]},"north":{"uv":[0.3002,14.69],"uv_size":[0.3762,0.1538]},"south":{"uv":[0.2708,14.69],"uv_size":[0.3762,0.1538]},"up":{"uv":[0.6409,14.312],"uv_size":[-0.3762,-0.0308]},"west":{"uv":[0.2652,14.69],"uv_size":[0.0289,0.1538]}}},{"origin":[-3,2.5,3.5],"size":[6.5,4,0.5],"uv":{"down":{"uv":[0.6409,14.2808],"uv_size":[-0.3762,-0.0308]},"east":{"uv":[0.2358,14.5978],"uv_size":[0.0289,0.246]},"north":{"uv":[0.3002,14.5978],"uv_size":[0.3762,0.246]},"south":{"uv":[0.2708,14.5978],"uv_size":[0.3762,0.246]},"up":{"uv":[0.6409,14.7495],"uv_size":[-0.3762,-0.0308]},"west":{"uv":[0.6769,14.5978],"uv_size":[0.0289,0.246]}}},{"origin":[-3,5.5,-3],"size":[6.5,1,0.5],"uv":{"down":{"uv":[0.6409,14.687],"uv_size":[-0.3762,-0.0308]},"east":{"uv":[0.6181,14.5948],"uv_size":[0.0289,0.0615]},"north":{"uv":[0.3002,14.5948],"uv_size":[0.3762,0.0615]},"south":{"uv":[0.2708,14.5948],"uv_size":[0.3762,0.0615]},"up":{"uv":[0.6409,14.3433],"uv_size":[-0.3762,-0.0308]},"west":{"uv":[0.2946,14.5948],"uv_size":[0.0289,0.0615]}}},{"origin":[-3,6,3],"size":[6.5,1.5,0.5],"uv":{"down":{"uv":[0.6409,14.312],"uv_size":[-0.3762,-0.0308]},"east":{"uv":[0.2652,14.5328],"uv_size":[0.0289,0.0923]},"north":{"uv":[0.3002,14.5328],"uv_size":[0.3762,0.0923]},"south":{"uv":[0.2708,14.5328],"uv_size":[0.3762,0.0923]},"up":{"uv":[0.6409,14.7183],"uv_size":[-0.3762,-0.0308]},"west":{"uv":[0.6475,14.5328],"uv_size":[0.0289,0.0923]}}},{"origin":[-3,7,-2.5],"size":[6.5,0.5,0.5],"uv":{"down":{"uv":[0.6409,14.6558],"uv_size":[-0.3762,-0.0308]},"east":{"uv":[0.5887,14.5318],"uv_size":[0.0289,0.0308]},"north":{"uv":[0.3002,14.5318],"uv_size":[0.3762,0.0308]},"south":{"uv":[0.2708,14.5318],"uv_size":[0.3762,0.0308]},"up":{"uv":[0.6409,14.3745],"uv_size":[-0.3762,-0.0308]},"west":{"uv":[0.324,14.5318],"uv_size":[0.0289,0.0308]}}},{"origin":[-3,7,2.5],"size":[6.5,1.5,0.5],"uv":{"down":{"uv":[0.6409,14.3433],"uv_size":[-0.3762,-0.0308]},"east":{"uv":[0.2946,14.4703],"uv_size":[0.0289,0.0923]},"north":{"uv":[0.3002,14.4703],"uv_size":[0.3762,0.0923]},"south":{"uv":[0.2708,14.4703],"uv_size":[0.3762,0.0923]},"up":{"uv":[0.6409,14.687],"uv_size":[-0.3762,-0.0308]},"west":{"uv":[0.6181,14.4703],"uv_size":[0.0289,0.0923]}}},{"origin":[-2.5,7.5,-2.5],"size":[6,0.5,1],"uv":{"down":{"uv":[0.612,14.6553],"uv_size":[-0.3473,-0.0615]},"east":{"uv":[0.5598,14.5005],"uv_size":[0.0579,0.0308]},"north":{"uv":[0.3292,14.5005],"uv_size":[0.3473,0.0308]},"south":{"uv":[0.2704,14.5005],"uv_size":[0.3473,0.0308]},"up":{"uv":[0.612,14.4053],"uv_size":[-0.3473,-0.0615]},"west":{"uv":[0.3245,14.5005],"uv_size":[0.0579,0.0308]}}},{"origin":[-3,8,-2],"size":[6.5,0.5,1],"uv":{"down":{"uv":[0.6409,14.624],"uv_size":[-0.3762,-0.0615]},"east":{"uv":[0.5304,14.4693],"uv_size":[0.0579,0.0308]},"north":{"uv":[0.3002,14.4693],"uv_size":[0.3762,0.0308]},"south":{"uv":[0.2708,14.4693],"uv_size":[0.3762,0.0308]},"up":{"uv":[0.6409,14.4365],"uv_size":[-0.3762,-0.0615]},"west":{"uv":[0.3539,14.4693],"uv_size":[0.0579,0.0308]}}},{"origin":[-3,8,2],"size":[6.5,1,0.5],"uv":{"down":{"uv":[0.6409,14.3745],"uv_size":[-0.3762,-0.0308]},"east":{"uv":[0.324,14.4385],"uv_size":[0.0289,0.0615]},"north":{"uv":[0.3002,14.4385],"uv_size":[0.3762,0.0615]},"south":{"uv":[0.2708,14.4385],"uv_size":[0.3762,0.0615]},"up":{"uv":[0.6409,14.6558],"uv_size":[-0.3762,-0.0308]},"west":{"uv":[0.5887,14.4385],"uv_size":[0.0289,0.0615]}}},{"origin":[-3,8.5,-1.5],"size":[6.5,0.5,1],"uv":{"down":{"uv":[0.6409,14.5928],"uv_size":[-0.3762,-0.0615]},"east":{"uv":[0.5009,14.438],"uv_size":[0.0579,0.0308]},"north":{"uv":[0.3002,14.438],"uv_size":[0.3762,0.0308]},"south":{"uv":[0.2708,14.438],"uv_size":[0.3762,0.0308]},"up":{"uv":[0.6409,14.4678],"uv_size":[-0.3762,-0.0615]},"west":{"uv":[0.3833,14.438],"uv_size":[0.0579,0.0308]}}},{"origin":[-3,8.5,1],"size":[6.5,1,0.5],"uv":{"down":{"uv":[0.6409,14.437],"uv_size":[-0.3762,-0.0308]},"east":{"uv":[0.3828,14.4073],"uv_size":[0.0289,0.0615]},"north":{"uv":[0.3002,14.4073],"uv_size":[0.3762,0.0615]},"south":{"uv":[0.2708,14.4073],"uv_size":[0.3762,0.0615]},"up":{"uv":[0.6409,14.5933],"uv_size":[-0.3762,-0.0308]},"west":{"uv":[0.5299,14.4073],"uv_size":[0.0289,0.0615]}}},{"origin":[-3,8.5,1.5],"size":[6.5,0.5,0.5],"uv":{"down":{"uv":[0.6409,14.4058],"uv_size":[-0.3762,-0.0308]},"east":{"uv":[0.3534,14.438],"uv_size":[0.0289,0.0308]},"north":{"uv":[0.3002,14.438],"uv_size":[0.3762,0.0308]},"south":{"uv":[0.2708,14.438],"uv_size":[0.3762,0.0308]},"up":{"uv":[0.6409,14.6245],"uv_size":[-0.3762,-0.0308]},"west":{"uv":[0.5593,14.438],"uv_size":[0.0289,0.0308]}}},{"origin":[-3,9,-1],"size":[6.5,0.5,2],"uv":{"down":{"uv":[0.6409,14.5605],"uv_size":[-0.3762,-0.123]},"east":{"uv":[0.4136,14.4068],"uv_size":[0.1158,0.0308]},"north":{"uv":[0.3002,14.4068],"uv_size":[0.3762,0.0308]},"south":{"uv":[0.2708,14.4068],"uv_size":[0.3762,0.0308]},"up":{"uv":[0.6409,14.5605],"uv_size":[-0.3762,-0.123]},"west":{"uv":[0.4136,14.4068],"uv_size":[0.1158,0.0308]}}},{"origin":[-2.5,0,-1],"size":[5.5,0.5,2.5],"uv":{"down":{"uv":[0.6125,14.56],"uv_size":[-0.3184,-0.1538]},"east":{"uv":[0.3847,14.9693],"uv_size":[0.1447,0.0308]},"north":{"uv":[0.3287,14.9693],"uv_size":[0.3184,0.0308]},"south":{"uv":[0.2993,14.9693],"uv_size":[0.3184,0.0308]},"up":{"uv":[0.6125,14.5913],"uv_size":[-0.3184,-0.1538]},"west":{"uv":[0.4141,14.9693],"uv_size":[0.1447,0.0308]}}},{"origin":[-2.5,0.5,-2.5],"size":[5.5,0.5,0.5],"uv":{"down":{"uv":[0.6125,14.6558],"uv_size":[-0.3184,-0.0308]},"east":{"uv":[0.5887,14.938],"uv_size":[0.0289,0.0308]},"north":{"uv":[0.3287,14.938],"uv_size":[0.3184,0.0308]},"south":{"uv":[0.2993,14.938],"uv_size":[0.3184,0.0308]},"up":{"uv":[0.6125,14.3745],"uv_size":[-0.3184,-0.0308]},"west":{"uv":[0.324,14.938],"uv_size":[0.0289,0.0308]}}},{"origin":[-2.5,0.5,2.5],"size":[5.5,0.5,0.5],"uv":{"down":{"uv":[0.6125,14.3433],"uv_size":[-0.3184,-0.0308]},"east":{"uv":[0.2946,14.938],"uv_size":[0.0289,0.0308]},"north":{"uv":[0.3287,14.938],"uv_size":[0.3184,0.0308]},"south":{"uv":[0.2993,14.938],"uv_size":[0.3184,0.0308]},"up":{"uv":[0.6125,14.687],"uv_size":[-0.3184,-0.0308]},"west":{"uv":[0.6181,14.938],"uv_size":[0.0289,0.0308]}}},{"origin":[-2.5,1,-3],"size":[5.5,0.5,0.5],"uv":{"down":{"uv":[0.6125,14.687],"uv_size":[-0.3184,-0.0308]},"east":{"uv":[0.6181,14.9068],"uv_size":[0.0289,0.0308]},"north":{"uv":[0.3287,14.9068],"uv_size":[0.3184,0.0308]},"south":{"uv":[0.2993,14.9068],"uv_size":[0.3184,0.0308]},"up":{"uv":[0.6125,14.3433],"uv_size":[-0.3184,-0.0308]},"west":{"uv":[0.2946,14.9068],"uv_size":[0.0289,0.0308]}}},{"origin":[-2.5,1,3],"size":[5.5,0.5,0.5],"uv":{"down":{"uv":[0.6125,14.312],"uv_size":[-0.3184,-0.0308]},"east":{"uv":[0.2652,14.9068],"uv_size":[0.0289,0.0308]},"north":{"uv":[0.3287,14.9068],"uv_size":[0.3184,0.0308]},"south":{"uv":[0.2993,14.9068],"uv_size":[0.3184,0.0308]},"up":{"uv":[0.6125,14.7183],"uv_size":[-0.3184,-0.0308]},"west":{"uv":[0.6475,14.9068],"uv_size":[0.0289,0.0308]}}},{"origin":[-2.5,2,-3.5],"size":[5.5,0.5,0.5],"uv":{"down":{"uv":[0.6125,14.7183],"uv_size":[-0.3184,-0.0308]},"east":{"uv":[0.6475,14.8443],"uv_size":[0.0289,0.0308]},"north":{"uv":[0.3287,14.8443],"uv_size":[0.3184,0.0308]},"south":{"uv":[0.2993,14.8443],"uv_size":[0.3184,0.0308]},"up":{"uv":[0.6125,14.312],"uv_size":[-0.3184,-0.0308]},"west":{"uv":[0.2652,14.8443],"uv_size":[0.0289,0.0308]}}},{"origin":[-2.5,2,3.5],"size":[5.5,0.5,0.5],"uv":{"down":{"uv":[0.6125,14.2808],"uv_size":[-0.3184,-0.0308]},"east":{"uv":[0.2358,14.8443],"uv_size":[0.0289,0.0308]},"north":{"uv":[0.3287,14.8443],"uv_size":[0.3184,0.0308]},"south":{"uv":[0.2993,14.8443],"uv_size":[0.3184,0.0308]},"up":{"uv":[0.6125,14.7495],"uv_size":[-0.3184,-0.0308]},"west":{"uv":[0.6769,14.8443],"uv_size":[0.0289,0.0308]}}},{"origin":[-2.5,2.5,-4],"size":[5.5,2,0.5],"uv":{"down":{"uv":[0.6125,14.7495],"uv_size":[-0.3184,-0.0308]},"east":{"uv":[0.6769,14.7208],"uv_size":[0.0289,0.123]},"north":{"uv":[0.3287,14.7208],"uv_size":[0.3184,0.123]},"south":{"uv":[0.2993,14.7208],"uv_size":[0.3184,0.123]},"up":{"uv":[0.6125,14.2808],"uv_size":[-0.3184,-0.0308]},"west":{"uv":[0.2358,14.7208],"uv_size":[0.0289,0.123]}}},{"origin":[-2.5,2.5,4],"size":[5.5,2.5,0.5],"uv":{"down":{"uv":[0.6125,14.2495],"uv_size":[-0.3184,-0.0308]},"east":{"uv":[0.2064,14.69],"uv_size":[0.0289,0.1538]},"north":{"uv":[0.3287,14.69],"uv_size":[0.3184,0.1538]},"south":{"uv":[0.2993,14.69],"uv_size":[0.3184,0.1538]},"up":{"uv":[0.6125,14.7808],"uv_size":[-0.3184,-0.0308]},"west":{"uv":[0.7064,14.69],"uv_size":[0.0289,0.1538]}}},{"origin":[-2.5,5,-3.5],"size":[5.5,1.5,0.5],"uv":{"down":{"uv":[0.6125,14.7183],"uv_size":[-0.3184,-0.0308]},"east":{"uv":[0.6475,14.5953],"uv_size":[0.0289,0.0923]},"north":{"uv":[0.3287,14.5953],"uv_size":[0.3184,0.0923]},"south":{"uv":[0.2993,14.5953],"uv_size":[0.3184,0.0923]},"up":{"uv":[0.6125,14.312],"uv_size":[-0.3184,-0.0308]},"west":{"uv":[0.2652,14.5953],"uv_size":[0.0289,0.0923]}}},{"origin":[-2.5,6.5,-3],"size":[5.5,1,0.5],"uv":{"down":{"uv":[0.6125,14.687],"uv_size":[-0.3184,-0.0308]},"east":{"uv":[0.6181,14.5323],"uv_size":[0.0289,0.0615]},"north":{"uv":[0.3287,14.5323],"uv_size":[0.3184,0.0615]},"south":{"uv":[0.2993,14.5323],"uv_size":[0.3184,0.0615]},"up":{"uv":[0.6125,14.3433],"uv_size":[-0.3184,-0.0308]},"west":{"uv":[0.2946,14.5323],"uv_size":[0.0289,0.0615]}}},{"origin":[-2.5,6.5,3.5],"size":[5.5,1,0.5],"uv":{"down":{"uv":[0.6125,14.2808],"uv_size":[-0.3184,-0.0308]},"east":{"uv":[0.2358,14.5323],"uv_size":[0.0289,0.0615]},"north":{"uv":[0.3287,14.5323],"uv_size":[0.3184,0.0615]},"south":{"uv":[0.2993,14.5323],"uv_size":[0.3184,0.0615]},"up":{"uv":[0.6125,14.7495],"uv_size":[-0.3184,-0.0308]},"west":{"uv":[0.6769,14.5323],"uv_size":[0.0289,0.0615]}}},{"origin":[-2.5,7.5,3],"size":[5.5,1,0.5],"uv":{"down":{"uv":[0.6125,14.312],"uv_size":[-0.3184,-0.0308]},"east":{"uv":[0.2652,14.4698],"uv_size":[0.0289,0.0615]},"north":{"uv":[0.3287,14.4698],"uv_size":[0.3184,0.0615]},"south":{"uv":[0.2993,14.4698],"uv_size":[0.3184,0.0615]},"up":{"uv":[0.6125,14.7183],"uv_size":[-0.3184,-0.0308]},"west":{"uv":[0.6475,14.4698],"uv_size":[0.0289,0.0615]}}},{"origin":[-2.5,8,-2.5],"size":[5.5,1,0.5],"uv":{"down":{"uv":[0.6125,14.6558],"uv_size":[-0.3184,-0.0308]},"east":{"uv":[0.5887,14.4385],"uv_size":[0.0289,0.0615]},"north":{"uv":[0.3287,14.4385],"uv_size":[0.3184,0.0615]},"south":{"uv":[0.2993,14.4385],"uv_size":[0.3184,0.0615]},"up":{"uv":[0.6125,14.3745],"uv_size":[-0.3184,-0.0308]},"west":{"uv":[0.324,14.4385],"uv_size":[0.0289,0.0615]}}},{"origin":[-2.5,8.5,-2],"size":[5.5,1,0.5],"uv":{"down":{"uv":[0.6125,14.6245],"uv_size":[-0.3184,-0.0308]},"east":{"uv":[0.5593,14.4073],"uv_size":[0.0289,0.0615]},"north":{"uv":[0.3287,14.4073],"uv_size":[0.3184,0.0615]},"south":{"uv":[0.2993,14.4073],"uv_size":[0.3184,0.0615]},"up":{"uv":[0.6125,14.4058],"uv_size":[-0.3184,-0.0308]},"west":{"uv":[0.3534,14.4073],"uv_size":[0.0289,0.0615]}}},{"origin":[-2.5,8.5,2.5],"size":[5.5,0.5,0.5],"uv":{"down":{"uv":[0.6125,14.3433],"uv_size":[-0.3184,-0.0308]},"east":{"uv":[0.2946,14.438],"uv_size":[0.0289,0.0308]},"north":{"uv":[0.3287,14.438],"uv_size":[0.3184,0.0308]},"south":{"uv":[0.2993,14.438],"uv_size":[0.3184,0.0308]},"up":{"uv":[0.6125,14.687],"uv_size":[-0.3184,-0.0308]},"west":{"uv":[0.6181,14.438],"uv_size":[0.0289,0.0308]}}},{"origin":[-2.5,9,-1.5],"size":[5.5,0.5,0.5],"uv":{"down":{"uv":[0.6125,14.5933],"uv_size":[-0.3184,-0.0308]},"east":{"uv":[0.5299,14.4068],"uv_size":[0.0289,0.0308]},"north":{"uv":[0.3287,14.4068],"uv_size":[0.3184,0.0308]},"south":{"uv":[0.2993,14.4068],"uv_size":[0.3184,0.0308]},"up":{"uv":[0.6125,14.437],"uv_size":[-0.3184,-0.0308]},"west":{"uv":[0.3828,14.4068],"uv_size":[0.0289,0.0308]}}},{"origin":[-2.5,9,1.5],"size":[5.5,0.5,1],"uv":{"down":{"uv":[0.6125,14.4053],"uv_size":[-0.3184,-0.0615]},"east":{"uv":[0.3245,14.4068],"uv_size":[0.0579,0.0308]},"north":{"uv":[0.3287,14.4068],"uv_size":[0.3184,0.0308]},"south":{"uv":[0.2993,14.4068],"uv_size":[0.3184,0.0308]},"up":{"uv":[0.6125,14.6553],"uv_size":[-0.3184,-0.0615]},"west":{"uv":[0.5598,14.4068],"uv_size":[0.0579,0.0308]}}},{"origin":[-2,0,-1.5],"size":[4.5,0.5,0.5],"uv":{"down":{"uv":[0.584,14.5933],"uv_size":[-0.2605,-0.0308]},"east":{"uv":[0.5299,14.9693],"uv_size":[0.0289,0.0308]},"north":{"uv":[0.3572,14.9693],"uv_size":[0.2605,0.0308]},"south":{"uv":[0.3278,14.9693],"uv_size":[0.2605,0.0308]},"up":{"uv":[0.584,14.437],"uv_size":[-0.2605,-0.0308]},"west":{"uv":[0.3828,14.9693],"uv_size":[0.0289,0.0308]}}},{"origin":[-2,0,1.5],"size":[4.5,0.5,0.5],"uv":{"down":{"uv":[0.584,14.4058],"uv_size":[-0.2605,-0.0308]},"east":{"uv":[0.3534,14.9693],"uv_size":[0.0289,0.0308]},"north":{"uv":[0.3572,14.9693],"uv_size":[0.2605,0.0308]},"south":{"uv":[0.3278,14.9693],"uv_size":[0.2605,0.0308]},"up":{"uv":[0.584,14.6245],"uv_size":[-0.2605,-0.0308]},"west":{"uv":[0.5593,14.9693],"uv_size":[0.0289,0.0308]}}},{"origin":[-2,0.5,-3],"size":[4.5,0.5,0.5],"uv":{"down":{"uv":[0.584,14.687],"uv_size":[-0.2605,-0.0308]},"east":{"uv":[0.6181,14.938],"uv_size":[0.0289,0.0308]},"north":{"uv":[0.3572,14.938],"uv_size":[0.2605,0.0308]},"south":{"uv":[0.3278,14.938],"uv_size":[0.2605,0.0308]},"up":{"uv":[0.584,14.3433],"uv_size":[-0.2605,-0.0308]},"west":{"uv":[0.2946,14.938],"uv_size":[0.0289,0.0308]}}},{"origin":[-2,0.5,3],"size":[4.5,0.5,0.5],"uv":{"down":{"uv":[0.584,14.312],"uv_size":[-0.2605,-0.0308]},"east":{"uv":[0.2652,14.938],"uv_size":[0.0289,0.0308]},"north":{"uv":[0.3572,14.938],"uv_size":[0.2605,0.0308]},"south":{"uv":[0.3278,14.938],"uv_size":[0.2605,0.0308]},"up":{"uv":[0.584,14.7183],"uv_size":[-0.2605,-0.0308]},"west":{"uv":[0.6475,14.938],"uv_size":[0.0289,0.0308]}}},{"origin":[-2,1.5,-3.5],"size":[4.5,0.5,0.5],"uv":{"down":{"uv":[0.584,14.7183],"uv_size":[-0.2605,-0.0308]},"east":{"uv":[0.6475,14.8755],"uv_size":[0.0289,0.0308]},"north":{"uv":[0.3572,14.8755],"uv_size":[0.2605,0.0308]},"south":{"uv":[0.3278,14.8755],"uv_size":[0.2605,0.0308]},"up":{"uv":[0.584,14.312],"uv_size":[-0.2605,-0.0308]},"west":{"uv":[0.2652,14.8755],"uv_size":[0.0289,0.0308]}}},{"origin":[-2,1.5,3.5],"size":[4.5,0.5,0.5],"uv":{"down":{"uv":[0.584,14.2808],"uv_size":[-0.2605,-0.0308]},"east":{"uv":[0.2358,14.8755],"uv_size":[0.0289,0.0308]},"north":{"uv":[0.3572,14.8755],"uv_size":[0.2605,0.0308]},"south":{"uv":[0.3278,14.8755],"uv_size":[0.2605,0.0308]},"up":{"uv":[0.584,14.7495],"uv_size":[-0.2605,-0.0308]},"west":{"uv":[0.6769,14.8755],"uv_size":[0.0289,0.0308]}}},{"origin":[-2,2,-4],"size":[4.5,0.5,0.5],"uv":{"down":{"uv":[0.584,14.7495],"uv_size":[-0.2605,-0.0308]},"east":{"uv":[0.6769,14.8443],"uv_size":[0.0289,0.0308]},"north":{"uv":[0.3572,14.8443],"uv_size":[0.2605,0.0308]},"south":{"uv":[0.3278,14.8443],"uv_size":[0.2605,0.0308]},"up":{"uv":[0.584,14.2808],"uv_size":[-0.2605,-0.0308]},"west":{"uv":[0.2358,14.8443],"uv_size":[0.0289,0.0308]}}},{"origin":[-2,2,4],"size":[4.5,0.5,0.5],"uv":{"down":{"uv":[0.584,14.2495],"uv_size":[-0.2605,-0.0308]},"east":{"uv":[0.2064,14.8443],"uv_size":[0.0289,0.0308]},"north":{"uv":[0.3572,14.8443],"uv_size":[0.2605,0.0308]},"south":{"uv":[0.3278,14.8443],"uv_size":[0.2605,0.0308]},"up":{"uv":[0.584,14.7808],"uv_size":[-0.2605,-0.0308]},"west":{"uv":[0.7064,14.8443],"uv_size":[0.0289,0.0308]}}},{"origin":[-2,4.5,-4],"size":[4.5,1.5,0.5],"uv":{"down":{"uv":[0.584,14.7495],"uv_size":[-0.2605,-0.0308]},"east":{"uv":[0.6769,14.6265],"uv_size":[0.0289,0.0923]},"north":{"uv":[0.3572,14.6265],"uv_size":[0.2605,0.0923]},"south":{"uv":[0.3278,14.6265],"uv_size":[0.2605,0.0923]},"up":{"uv":[0.584,14.2808],"uv_size":[-0.2605,-0.0308]},"west":{"uv":[0.2358,14.6265],"uv_size":[0.0289,0.0923]}}},{"origin":[-2,5,4],"size":[4.5,1.5,0.5],"uv":{"down":{"uv":[0.584,14.2495],"uv_size":[-0.2605,-0.0308]},"east":{"uv":[0.2064,14.5953],"uv_size":[0.0289,0.0923]},"north":{"uv":[0.3572,14.5953],"uv_size":[0.2605,0.0923]},"south":{"uv":[0.3278,14.5953],"uv_size":[0.2605,0.0923]},"up":{"uv":[0.584,14.7808],"uv_size":[-0.2605,-0.0308]},"west":{"uv":[0.7064,14.5953],"uv_size":[0.0289,0.0923]}}},{"origin":[-2,6.5,-3.5],"size":[4.5,1,0.5],"uv":{"down":{"uv":[0.584,14.7183],"uv_size":[-0.2605,-0.0308]},"east":{"uv":[0.6475,14.5323],"uv_size":[0.0289,0.0615]},"north":{"uv":[0.3572,14.5323],"uv_size":[0.2605,0.0615]},"south":{"uv":[0.3278,14.5323],"uv_size":[0.2605,0.0615]},"up":{"uv":[0.584,14.312],"uv_size":[-0.2605,-0.0308]},"west":{"uv":[0.2652,14.5323],"uv_size":[0.0289,0.0615]}}},{"origin":[-2,7.5,-3],"size":[4.5,1,0.5],"uv":{"down":{"uv":[0.584,14.687],"uv_size":[-0.2605,-0.0308]},"east":{"uv":[0.6181,14.4698],"uv_size":[0.0289,0.0615]},"north":{"uv":[0.3572,14.4698],"uv_size":[0.2605,0.0615]},"south":{"uv":[0.3278,14.4698],"uv_size":[0.2605,0.0615]},"up":{"uv":[0.584,14.3433],"uv_size":[-0.2605,-0.0308]},"west":{"uv":[0.2946,14.4698],"uv_size":[0.0289,0.0615]}}},{"origin":[-2,7.5,3.5],"size":[4.5,0.5,0.5],"uv":{"down":{"uv":[0.584,14.2808],"uv_size":[-0.2605,-0.0308]},"east":{"uv":[0.2358,14.5005],"uv_size":[0.0289,0.0308]},"north":{"uv":[0.3572,14.5005],"uv_size":[0.2605,0.0308]},"south":{"uv":[0.3278,14.5005],"uv_size":[0.2605,0.0308]},"up":{"uv":[0.584,14.7495],"uv_size":[-0.2605,-0.0308]},"west":{"uv":[0.6769,14.5005],"uv_size":[0.0289,0.0308]}}},{"origin":[-2,8.5,3],"size":[4.5,0.5,0.5],"uv":{"down":{"uv":[0.584,14.312],"uv_size":[-0.2605,-0.0308]},"east":{"uv":[0.2652,14.438],"uv_size":[0.0289,0.0308]},"north":{"uv":[0.3572,14.438],"uv_size":[0.2605,0.0308]},"south":{"uv":[0.3278,14.438],"uv_size":[0.2605,0.0308]},"up":{"uv":[0.584,14.7183],"uv_size":[-0.2605,-0.0308]},"west":{"uv":[0.6475,14.438],"uv_size":[0.0289,0.0308]}}},{"origin":[-2,9,-2.5],"size":[4.5,0.5,0.5],"uv":{"down":{"uv":[0.584,14.6558],"uv_size":[-0.2605,-0.0308]},"east":{"uv":[0.5887,14.4068],"uv_size":[0.0289,0.0308]},"north":{"uv":[0.3572,14.4068],"uv_size":[0.2605,0.0308]},"south":{"uv":[0.3278,14.4068],"uv_size":[0.2605,0.0308]},"up":{"uv":[0.584,14.3745],"uv_size":[-0.2605,-0.0308]},"west":{"uv":[0.324,14.4068],"uv_size":[0.0289,0.0308]}}},{"origin":[-2,9,2.5],"size":[4.5,0.5,0.5],"uv":{"down":{"uv":[0.584,14.3433],"uv_size":[-0.2605,-0.0308]},"east":{"uv":[0.2946,14.4068],"uv_size":[0.0289,0.0308]},"north":{"uv":[0.3572,14.4068],"uv_size":[0.2605,0.0308]},"south":{"uv":[0.3278,14.4068],"uv_size":[0.2605,0.0308]},"up":{"uv":[0.584,14.687],"uv_size":[-0.2605,-0.0308]},"west":{"uv":[0.6181,14.4068],"uv_size":[0.0289,0.0308]}}},{"origin":[-1.5,0,-2],"size":[3.5,0.5,0.5],"uv":{"down":{"uv":[0.5555,14.6245],"uv_size":[-0.2026,-0.0308]},"east":{"uv":[0.5593,14.9693],"uv_size":[0.0289,0.0308]},"north":{"uv":[0.3856,14.9693],"uv_size":[0.2026,0.0308]},"south":{"uv":[0.3562,14.9693],"uv_size":[0.2026,0.0308]},"up":{"uv":[0.5555,14.4058],"uv_size":[-0.2026,-0.0308]},"west":{"uv":[0.3534,14.9693],"uv_size":[0.0289,0.0308]}}},{"origin":[-1.5,0,2],"size":[3.5,0.5,0.5],"uv":{"down":{"uv":[0.5555,14.3745],"uv_size":[-0.2026,-0.0308]},"east":{"uv":[0.324,14.9693],"uv_size":[0.0289,0.0308]},"north":{"uv":[0.3856,14.9693],"uv_size":[0.2026,0.0308]},"south":{"uv":[0.3562,14.9693],"uv_size":[0.2026,0.0308]},"up":{"uv":[0.5555,14.6558],"uv_size":[-0.2026,-0.0308]},"west":{"uv":[0.5887,14.9693],"uv_size":[0.0289,0.0308]}}},{"origin":[-1.5,1,-3.5],"size":[3.5,0.5,0.5],"uv":{"down":{"uv":[0.5555,14.7183],"uv_size":[-0.2026,-0.0308]},"east":{"uv":[0.6475,14.9068],"uv_size":[0.0289,0.0308]},"north":{"uv":[0.3856,14.9068],"uv_size":[0.2026,0.0308]},"south":{"uv":[0.3562,14.9068],"uv_size":[0.2026,0.0308]},"up":{"uv":[0.5555,14.312],"uv_size":[-0.2026,-0.0308]},"west":{"uv":[0.2652,14.9068],"uv_size":[0.0289,0.0308]}}},{"origin":[-1.5,1,3.5],"size":[3.5,0.5,0.5],"uv":{"down":{"uv":[0.5555,14.2808],"uv_size":[-0.2026,-0.0308]},"east":{"uv":[0.2358,14.9068],"uv_size":[0.0289,0.0308]},"north":{"uv":[0.3856,14.9068],"uv_size":[0.2026,0.0308]},"south":{"uv":[0.3562,14.9068],"uv_size":[0.2026,0.0308]},"up":{"uv":[0.5555,14.7495],"uv_size":[-0.2026,-0.0308]},"west":{"uv":[0.6769,14.9068],"uv_size":[0.0289,0.0308]}}},{"origin":[-1.5,2.5,-4.5],"size":[3.5,2,0.5],"uv":{"down":{"uv":[0.5555,14.7808],"uv_size":[-0.2026,-0.0308]},"east":{"uv":[0.7064,14.7208],"uv_size":[0.0289,0.123]},"north":{"uv":[0.3856,14.7208],"uv_size":[0.2026,0.123]},"south":{"uv":[0.3562,14.7208],"uv_size":[0.2026,0.123]},"up":{"uv":[0.5555,14.2495],"uv_size":[-0.2026,-0.0308]},"west":{"uv":[0.2064,14.7208],"uv_size":[0.0289,0.123]}}},{"origin":[-1.5,2.5,4.5],"size":[3.5,1.5,0.5],"uv":{"down":{"uv":[0.5555,14.2183],"uv_size":[-0.2026,-0.0308]},"east":{"uv":[0.1769,14.7515],"uv_size":[0.0289,0.0923]},"north":{"uv":[0.3856,14.7515],"uv_size":[0.2026,0.0923]},"south":{"uv":[0.3562,14.7515],"uv_size":[0.2026,0.0923]},"up":{"uv":[0.5555,14.812],"uv_size":[-0.2026,-0.0308]},"west":{"uv":[0.7358,14.7515],"uv_size":[0.0289,0.0923]}}},{"origin":[-1.5,6,-4],"size":[3.5,1,0.5],"uv":{"down":{"uv":[0.5555,14.7495],"uv_size":[-0.2026,-0.0308]},"east":{"uv":[0.6769,14.5635],"uv_size":[0.0289,0.0615]},"north":{"uv":[0.3856,14.5635],"uv_size":[0.2026,0.0615]},"south":{"uv":[0.3562,14.5635],"uv_size":[0.2026,0.0615]},"up":{"uv":[0.5555,14.2808],"uv_size":[-0.2026,-0.0308]},"west":{"uv":[0.2358,14.5635],"uv_size":[0.0289,0.0615]}}},{"origin":[-1.5,6.5,4],"size":[3.5,0.5,0.5],"uv":{"down":{"uv":[0.5555,14.2495],"uv_size":[-0.2026,-0.0308]},"east":{"uv":[0.2064,14.563],"uv_size":[0.0289,0.0308]},"north":{"uv":[0.3856,14.563],"uv_size":[0.2026,0.0308]},"south":{"uv":[0.3562,14.563],"uv_size":[0.2026,0.0308]},"up":{"uv":[0.5555,14.7808],"uv_size":[-0.2026,-0.0308]},"west":{"uv":[0.7064,14.563],"uv_size":[0.0289,0.0308]}}},{"origin":[-1.5,7.5,-3.5],"size":[3.5,0.5,0.5],"uv":{"down":{"uv":[0.5555,14.7183],"uv_size":[-0.2026,-0.0308]},"east":{"uv":[0.6475,14.5005],"uv_size":[0.0289,0.0308]},"north":{"uv":[0.3856,14.5005],"uv_size":[0.2026,0.0308]},"south":{"uv":[0.3562,14.5005],"uv_size":[0.2026,0.0308]},"up":{"uv":[0.5555,14.312],"uv_size":[-0.2026,-0.0308]},"west":{"uv":[0.2652,14.5005],"uv_size":[0.0289,0.0308]}}},{"origin":[-1.5,8,3.5],"size":[3.5,0.5,0.5],"uv":{"down":{"uv":[0.5555,14.2808],"uv_size":[-0.2026,-0.0308]},"east":{"uv":[0.2358,14.4693],"uv_size":[0.0289,0.0308]},"north":{"uv":[0.3856,14.4693],"uv_size":[0.2026,0.0308]},"south":{"uv":[0.3562,14.4693],"uv_size":[0.2026,0.0308]},"up":{"uv":[0.5555,14.7495],"uv_size":[-0.2026,-0.0308]},"west":{"uv":[0.6769,14.4693],"uv_size":[0.0289,0.0308]}}},{"origin":[-1.5,8.5,-3],"size":[3.5,0.5,0.5],"uv":{"down":{"uv":[0.5555,14.687],"uv_size":[-0.2026,-0.0308]},"east":{"uv":[0.6181,14.438],"uv_size":[0.0289,0.0308]},"north":{"uv":[0.3856,14.438],"uv_size":[0.2026,0.0308]},"south":{"uv":[0.3562,14.438],"uv_size":[0.2026,0.0308]},"up":{"uv":[0.5555,14.3433],"uv_size":[-0.2026,-0.0308]},"west":{"uv":[0.2946,14.438],"uv_size":[0.0289,0.0308]}}},{"origin":[-1,0,-2.5],"size":[2.5,0.5,0.5],"uv":{"down":{"uv":[0.5271,14.6558],"uv_size":[-0.1447,-0.0308]},"east":{"uv":[0.5887,14.9693],"uv_size":[0.0289,0.0308]},"north":{"uv":[0.4141,14.9693],"uv_size":[0.1447,0.0308]},"south":{"uv":[0.3847,14.9693],"uv_size":[0.1447,0.0308]},"up":{"uv":[0.5271,14.3745],"uv_size":[-0.1447,-0.0308]},"west":{"uv":[0.324,14.9693],"uv_size":[0.0289,0.0308]}}},{"origin":[-1,0,2.5],"size":[2.5,0.5,0.5],"uv":{"down":{"uv":[0.5271,14.3433],"uv_size":[-0.1447,-0.0308]},"east":{"uv":[0.2946,14.9693],"uv_size":[0.0289,0.0308]},"north":{"uv":[0.4141,14.9693],"uv_size":[0.1447,0.0308]},"south":{"uv":[0.3847,14.9693],"uv_size":[0.1447,0.0308]},"up":{"uv":[0.5271,14.687],"uv_size":[-0.1447,-0.0308]},"west":{"uv":[0.6181,14.9693],"uv_size":[0.0289,0.0308]}}},{"origin":[-1,0.5,-3.5],"size":[2.5,0.5,0.5],"uv":{"down":{"uv":[0.5271,14.7183],"uv_size":[-0.1447,-0.0308]},"east":{"uv":[0.6475,14.938],"uv_size":[0.0289,0.0308]},"north":{"uv":[0.4141,14.938],"uv_size":[0.1447,0.0308]},"south":{"uv":[0.3847,14.938],"uv_size":[0.1447,0.0308]},"up":{"uv":[0.5271,14.312],"uv_size":[-0.1447,-0.0308]},"west":{"uv":[0.2652,14.938],"uv_size":[0.0289,0.0308]}}},{"origin":[-1,0.5,3.5],"size":[2.5,0.5,0.5],"uv":{"down":{"uv":[0.5271,14.2808],"uv_size":[-0.1447,-0.0308]},"east":{"uv":[0.2358,14.938],"uv_size":[0.0289,0.0308]},"north":{"uv":[0.4141,14.938],"uv_size":[0.1447,0.0308]},"south":{"uv":[0.3847,14.938],"uv_size":[0.1447,0.0308]},"up":{"uv":[0.5271,14.7495],"uv_size":[-0.1447,-0.0308]},"west":{"uv":[0.6769,14.938],"uv_size":[0.0289,0.0308]}}},{"origin":[-1,1.5,-4],"size":[2.5,0.5,0.5],"uv":{"down":{"uv":[0.5271,14.7495],"uv_size":[-0.1447,-0.0308]},"east":{"uv":[0.6769,14.8755],"uv_size":[0.0289,0.0308]},"north":{"uv":[0.4141,14.8755],"uv_size":[0.1447,0.0308]},"south":{"uv":[0.3847,14.8755],"uv_size":[0.1447,0.0308]},"up":{"uv":[0.5271,14.2808],"uv_size":[-0.1447,-0.0308]},"west":{"uv":[0.2358,14.8755],"uv_size":[0.0289,0.0308]}}},{"origin":[-1,1.5,4],"size":[2.5,0.5,0.5],"uv":{"down":{"uv":[0.5271,14.2495],"uv_size":[-0.1447,-0.0308]},"east":{"uv":[0.2064,14.8755],"uv_size":[0.0289,0.0308]},"north":{"uv":[0.4141,14.8755],"uv_size":[0.1447,0.0308]},"south":{"uv":[0.3847,14.8755],"uv_size":[0.1447,0.0308]},"up":{"uv":[0.5271,14.7808],"uv_size":[-0.1447,-0.0308]},"west":{"uv":[0.7064,14.8755],"uv_size":[0.0289,0.0308]}}},{"origin":[-1,2,-4.5],"size":[2.5,0.5,0.5],"uv":{"down":{"uv":[0.5271,14.7808],"uv_size":[-0.1447,-0.0308]},"east":{"uv":[0.7064,14.8443],"uv_size":[0.0289,0.0308]},"north":{"uv":[0.4141,14.8443],"uv_size":[0.1447,0.0308]},"south":{"uv":[0.3847,14.8443],"uv_size":[0.1447,0.0308]},"up":{"uv":[0.5271,14.2495],"uv_size":[-0.1447,-0.0308]},"west":{"uv":[0.2064,14.8443],"uv_size":[0.0289,0.0308]}}},{"origin":[-1,2,4.5],"size":[2.5,0.5,0.5],"uv":{"down":{"uv":[0.5271,14.2183],"uv_size":[-0.1447,-0.0308]},"east":{"uv":[0.1769,14.8443],"uv_size":[0.0289,0.0308]},"north":{"uv":[0.4141,14.8443],"uv_size":[0.1447,0.0308]},"south":{"uv":[0.3847,14.8443],"uv_size":[0.1447,0.0308]},"up":{"uv":[0.5271,14.812],"uv_size":[-0.1447,-0.0308]},"west":{"uv":[0.7358,14.8443],"uv_size":[0.0289,0.0308]}}},{"origin":[-1,4,4.5],"size":[2.5,1,0.5],"uv":{"down":{"uv":[0.5271,14.2183],"uv_size":[-0.1447,-0.0308]},"east":{"uv":[0.1769,14.6885],"uv_size":[0.0289,0.0615]},"north":{"uv":[0.4141,14.6885],"uv_size":[0.1447,0.0615]},"south":{"uv":[0.3847,14.6885],"uv_size":[0.1447,0.0615]},"up":{"uv":[0.5271,14.812],"uv_size":[-0.1447,-0.0308]},"west":{"uv":[0.7358,14.6885],"uv_size":[0.0289,0.0615]}}},{"origin":[-1,4.5,-4.5],"size":[2.5,1.5,0.5],"uv":{"down":{"uv":[0.5271,14.7808],"uv_size":[-0.1447,-0.0308]},"east":{"uv":[0.7064,14.6265],"uv_size":[0.0289,0.0923]},"north":{"uv":[0.4141,14.6265],"uv_size":[0.1447,0.0923]},"south":{"uv":[0.3847,14.6265],"uv_size":[0.1447,0.0923]},"up":{"uv":[0.5271,14.2495],"uv_size":[-0.1447,-0.0308]},"west":{"uv":[0.2064,14.6265],"uv_size":[0.0289,0.0923]}}},{"origin":[-1,7,-4],"size":[2.5,0.5,0.5],"uv":{"down":{"uv":[0.5271,14.7495],"uv_size":[-0.1447,-0.0308]},"east":{"uv":[0.6769,14.5318],"uv_size":[0.0289,0.0308]},"north":{"uv":[0.4141,14.5318],"uv_size":[0.1447,0.0308]},"south":{"uv":[0.3847,14.5318],"uv_size":[0.1447,0.0308]},"up":{"uv":[0.5271,14.2808],"uv_size":[-0.1447,-0.0308]},"west":{"uv":[0.2358,14.5318],"uv_size":[0.0289,0.0308]}}},{"origin":[-1,7,4],"size":[2.5,0.5,0.5],"uv":{"down":{"uv":[0.5271,14.2495],"uv_size":[-0.1447,-0.0308]},"east":{"uv":[0.2064,14.5318],"uv_size":[0.0289,0.0308]},"north":{"uv":[0.4141,14.5318],"uv_size":[0.1447,0.0308]},"south":{"uv":[0.3847,14.5318],"uv_size":[0.1447,0.0308]},"up":{"uv":[0.5271,14.7808],"uv_size":[-0.1447,-0.0308]},"west":{"uv":[0.7064,14.5318],"uv_size":[0.0289,0.0308]}}},{"origin":[-1,8,-3.5],"size":[2.5,0.5,0.5],"uv":{"down":{"uv":[0.5271,14.7183],"uv_size":[-0.1447,-0.0308]},"east":{"uv":[0.6475,14.4693],"uv_size":[0.0289,0.0308]},"north":{"uv":[0.4141,14.4693],"uv_size":[0.1447,0.0308]},"south":{"uv":[0.3847,14.4693],"uv_size":[0.1447,0.0308]},"up":{"uv":[0.5271,14.312],"uv_size":[-0.1447,-0.0308]},"west":{"uv":[0.2652,14.4693],"uv_size":[0.0289,0.0308]}}},{"origin":[-1,8.5,3.5],"size":[2.5,0.5,0.5],"uv":{"down":{"uv":[0.5271,14.2808],"uv_size":[-0.1447,-0.0308]},"east":{"uv":[0.2358,14.438],"uv_size":[0.0289,0.0308]},"north":{"uv":[0.4141,14.438],"uv_size":[0.1447,0.0308]},"south":{"uv":[0.3847,14.438],"uv_size":[0.1447,0.0308]},"up":{"uv":[0.5271,14.7495],"uv_size":[-0.1447,-0.0308]},"west":{"uv":[0.6769,14.438],"uv_size":[0.0289,0.0308]}}},{"origin":[-1,9,-3],"size":[2.5,0.5,0.5],"uv":{"down":{"uv":[0.5271,14.687],"uv_size":[-0.1447,-0.0308]},"east":{"uv":[0.6181,14.4068],"uv_size":[0.0289,0.0308]},"north":{"uv":[0.4141,14.4068],"uv_size":[0.1447,0.0308]},"south":{"uv":[0.3847,14.4068],"uv_size":[0.1447,0.0308]},"up":{"uv":[0.5271,14.3433],"uv_size":[-0.1447,-0.0308]},"west":{"uv":[0.2946,14.4068],"uv_size":[0.0289,0.0308]}}},{"origin":[-1,9,3],"size":[2.5,0.5,0.5],"uv":{"down":{"uv":[0.5271,14.312],"uv_size":[-0.1447,-0.0308]},"east":{"uv":[0.2652,14.4068],"uv_size":[0.0289,0.0308]},"north":{"uv":[0.4141,14.4068],"uv_size":[0.1447,0.0308]},"south":{"uv":[0.3847,14.4068],"uv_size":[0.1447,0.0308]},"up":{"uv":[0.5271,14.7183],"uv_size":[-0.1447,-0.0308]},"west":{"uv":[0.6475,14.4068],"uv_size":[0.0289,0.0308]}}},{"origin":[-0.5,1,-4],"size":[1.5,0.5,0.5],"uv":{"down":{"uv":[0.4986,14.7495],"uv_size":[-0.0868,-0.0308]},"east":{"uv":[0.6769,14.9068],"uv_size":[0.0289,0.0308]},"north":{"uv":[0.4426,14.9068],"uv_size":[0.0868,0.0308]},"south":{"uv":[0.4132,14.9068],"uv_size":[0.0868,0.0308]},"up":{"uv":[0.4986,14.2808],"uv_size":[-0.0868,-0.0308]},"west":{"uv":[0.2358,14.9068],"uv_size":[0.0289,0.0308]}}},{"origin":[-0.5,1,4],"size":[1.5,0.5,0.5],"uv":{"down":{"uv":[0.4986,14.2495],"uv_size":[-0.0868,-0.0308]},"east":{"uv":[0.2064,14.9068],"uv_size":[0.0289,0.0308]},"north":{"uv":[0.4426,14.9068],"uv_size":[0.0868,0.0308]},"south":{"uv":[0.4132,14.9068],"uv_size":[0.0868,0.0308]},"up":{"uv":[0.4986,14.7808],"uv_size":[-0.0868,-0.0308]},"west":{"uv":[0.7064,14.9068],"uv_size":[0.0289,0.0308]}}},{"origin":[-0.5,2.5,-5],"size":[1.5,4,0.5],"uv":{"down":{"uv":[0.4986,14.812],"uv_size":[-0.0868,-0.0308]},"east":{"uv":[0.7358,14.5978],"uv_size":[0.0289,0.246]},"north":{"uv":[0.4426,14.5978],"uv_size":[0.0868,0.246]},"south":{"uv":[0.4132,14.5978],"uv_size":[0.0868,0.246]},"up":{"uv":[0.4986,14.2183],"uv_size":[-0.0868,-0.0308]},"west":{"uv":[0.1769,14.5978],"uv_size":[0.0289,0.246]}}},{"origin":[-0.5,2.5,5],"size":[1.5,1,0.5],"uv":{"down":{"uv":[0.4986,14.187],"uv_size":[-0.0868,-0.0308]},"east":{"uv":[0.1475,14.7823],"uv_size":[0.0289,0.0615]},"north":{"uv":[0.4426,14.7823],"uv_size":[0.0868,0.0615]},"south":{"uv":[0.4132,14.7823],"uv_size":[0.0868,0.0615]},"up":{"uv":[0.4986,14.8433],"uv_size":[-0.0868,-0.0308]},"west":{"uv":[0.7652,14.7823],"uv_size":[0.0289,0.0615]}}},{"origin":[-0.5,2.5,5.5],"size":[1.5,0.5,1.5],"uv":{"down":{"uv":[0.4986,14.1548],"uv_size":[-0.0868,-0.0923]},"east":{"uv":[0.0602,14.813],"uv_size":[0.0868,0.0308]},"north":{"uv":[0.4426,14.813],"uv_size":[0.0868,0.0308]},"south":{"uv":[0.4132,14.813],"uv_size":[0.0868,0.0308]},"up":{"uv":[0.4986,14.936],"uv_size":[-0.0868,-0.0923]},"west":{"uv":[0.7955,14.813],"uv_size":[0.0868,0.0308]}}},{"origin":[-0.5,3,6.5],"size":[1.5,0.5,1.5],"uv":{"down":{"uv":[0.4986,14.0923],"uv_size":[-0.0868,-0.0923]},"east":{"uv":[0.0014,14.7818],"uv_size":[0.0868,0.0308]},"north":{"uv":[0.4426,14.7818],"uv_size":[0.0868,0.0308]},"south":{"uv":[0.4132,14.7818],"uv_size":[0.0868,0.0308]},"up":{"uv":[0.4986,14.9985],"uv_size":[-0.0868,-0.0923]},"west":{"uv":[0.8544,14.7818],"uv_size":[0.0868,0.0308]}}},{"origin":[-0.5,3.5,-5.5],"size":[1.5,4,0.5],"uv":{"down":{"uv":[0.4986,14.8433],"uv_size":[-0.0868,-0.0308]},"east":{"uv":[0.7652,14.5353],"uv_size":[0.0289,0.246]},"north":{"uv":[0.4426,14.5353],"uv_size":[0.0868,0.246]},"south":{"uv":[0.4132,14.5353],"uv_size":[0.0868,0.246]},"up":{"uv":[0.4986,14.187],"uv_size":[-0.0868,-0.0308]},"west":{"uv":[0.1475,14.5353],"uv_size":[0.0289,0.246]}}},{"origin":[-0.5,3.5,7.5],"size":[1.5,1,0.5],"uv":{"down":{"uv":[0.4986,14.0308],"uv_size":[-0.0868,-0.0308]},"east":{"uv":[0.0005,14.7198],"uv_size":[0.0289,0.0615]},"north":{"uv":[0.4426,14.7198],"uv_size":[0.0868,0.0615]},"south":{"uv":[0.4132,14.7198],"uv_size":[0.0868,0.0615]},"up":{"uv":[0.4986,14.9995],"uv_size":[-0.0868,-0.0308]},"west":{"uv":[0.9122,14.7198],"uv_size":[0.0289,0.0615]}}},{"origin":[-0.5,4,8],"size":[1.5,2,0.5],"uv":{"down":{"uv":[0.4986,14.9995],"uv_size":[-0.0868,-0.0308]},"east":{"uv":[0.9122,14.627],"uv_size":[0.0289,0.123]},"north":{"uv":[0.4426,14.627],"uv_size":[0.0868,0.123]},"south":{"uv":[0.4132,14.627],"uv_size":[0.0868,0.123]},"up":{"uv":[0.4986,14.0308],"uv_size":[-0.0868,-0.0308]},"west":{"uv":[0.0005,14.627],"uv_size":[0.0289,0.123]}}},{"origin":[-0.5,4.5,-6],"size":[1.5,4,0.5],"uv":{"down":{"uv":[0.4986,14.8745],"uv_size":[-0.0868,-0.0308]},"east":{"uv":[0.7946,14.4728],"uv_size":[0.0289,0.246]},"north":{"uv":[0.4426,14.4728],"uv_size":[0.0868,0.246]},"south":{"uv":[0.4132,14.4728],"uv_size":[0.0868,0.246]},"up":{"uv":[0.4986,14.1558],"uv_size":[-0.0868,-0.0308]},"west":{"uv":[0.1181,14.4728],"uv_size":[0.0289,0.246]}}},{"origin":[-0.5,5,4.5],"size":[1.5,0.5,0.5],"uv":{"down":{"uv":[0.4986,14.2183],"uv_size":[-0.0868,-0.0308]},"east":{"uv":[0.1769,14.6568],"uv_size":[0.0289,0.0308]},"north":{"uv":[0.4426,14.6568],"uv_size":[0.0868,0.0308]},"south":{"uv":[0.4132,14.6568],"uv_size":[0.0868,0.0308]},"up":{"uv":[0.4986,14.812],"uv_size":[-0.0868,-0.0308]},"west":{"uv":[0.7358,14.6568],"uv_size":[0.0289,0.0308]}}},{"origin":[-0.5,5.5,7.5],"size":[1.5,2,0.5],"uv":{"down":{"uv":[0.4986,14.0308],"uv_size":[-0.0868,-0.0308]},"east":{"uv":[0.0005,14.5333],"uv_size":[0.0289,0.123]},"north":{"uv":[0.4426,14.5333],"uv_size":[0.0868,0.123]},"south":{"uv":[0.4132,14.5333],"uv_size":[0.0868,0.123]},"up":{"uv":[0.4986,14.9995],"uv_size":[-0.0868,-0.0308]},"west":{"uv":[0.9122,14.5333],"uv_size":[0.0289,0.123]}}},{"origin":[-0.5,6,-6.5],"size":[1.5,3.5,0.5],"uv":{"down":{"uv":[0.4986,14.9058],"uv_size":[-0.0868,-0.0308]},"east":{"uv":[0.824,14.4098],"uv_size":[0.0289,0.2153]},"north":{"uv":[0.4426,14.4098],"uv_size":[0.0868,0.2153]},"south":{"uv":[0.4132,14.4098],"uv_size":[0.0868,0.2153]},"up":{"uv":[0.4986,14.1245],"uv_size":[-0.0868,-0.0308]},"west":{"uv":[0.0887,14.4098],"uv_size":[0.0289,0.2153]}}},{"origin":[-0.5,6,-4.5],"size":[1.5,0.5,0.5],"uv":{"down":{"uv":[0.4986,14.7808],"uv_size":[-0.0868,-0.0308]},"east":{"uv":[0.7064,14.5943],"uv_size":[0.0289,0.0308]},"north":{"uv":[0.4426,14.5943],"uv_size":[0.0868,0.0308]},"south":{"uv":[0.4132,14.5943],"uv_size":[0.0868,0.0308]},"up":{"uv":[0.4986,14.2495],"uv_size":[-0.0868,-0.0308]},"west":{"uv":[0.2064,14.5943],"uv_size":[0.0289,0.0308]}}},{"origin":[-0.5,7,7],"size":[1.5,1.5,0.5],"uv":{"down":{"uv":[0.4986,14.062],"uv_size":[-0.0868,-0.0308]},"east":{"uv":[0.0299,14.4703],"uv_size":[0.0289,0.0923]},"north":{"uv":[0.4426,14.4703],"uv_size":[0.0868,0.0923]},"south":{"uv":[0.4132,14.4703],"uv_size":[0.0868,0.0923]},"up":{"uv":[0.4986,14.9683],"uv_size":[-0.0868,-0.0308]},"west":{"uv":[0.8828,14.4703],"uv_size":[0.0289,0.0923]}}},{"origin":[-0.5,7.5,-4],"size":[1.5,0.5,0.5],"uv":{"down":{"uv":[0.4986,14.7495],"uv_size":[-0.0868,-0.0308]},"east":{"uv":[0.6769,14.5005],"uv_size":[0.0289,0.0308]},"north":{"uv":[0.4426,14.5005],"uv_size":[0.0868,0.0308]},"south":{"uv":[0.4132,14.5005],"uv_size":[0.0868,0.0308]},"up":{"uv":[0.4986,14.2808],"uv_size":[-0.0868,-0.0308]},"west":{"uv":[0.2358,14.5005],"uv_size":[0.0289,0.0308]}}},{"origin":[-0.5,7.5,4],"size":[1.5,1,0.5],"uv":{"down":{"uv":[0.4986,14.2495],"uv_size":[-0.0868,-0.0308]},"east":{"uv":[0.2064,14.4698],"uv_size":[0.0289,0.0615]},"north":{"uv":[0.4426,14.4698],"uv_size":[0.0868,0.0615]},"south":{"uv":[0.4132,14.4698],"uv_size":[0.0868,0.0615]},"up":{"uv":[0.4986,14.7808],"uv_size":[-0.0868,-0.0308]},"west":{"uv":[0.7064,14.4698],"uv_size":[0.0289,0.0615]}}},{"origin":[-0.5,8,-7],"size":[1.5,1,0.5],"uv":{"down":{"uv":[0.4986,14.937],"uv_size":[-0.0868,-0.0308]},"east":{"uv":[0.8534,14.4385],"uv_size":[0.0289,0.0615]},"north":{"uv":[0.4426,14.4385],"uv_size":[0.0868,0.0615]},"south":{"uv":[0.4132,14.4385],"uv_size":[0.0868,0.0615]},"up":{"uv":[0.4986,14.0933],"uv_size":[-0.0868,-0.0308]},"west":{"uv":[0.0593,14.4385],"uv_size":[0.0289,0.0615]}}},{"origin":[-0.5,8,4.5],"size":[1.5,1,0.5],"uv":{"down":{"uv":[0.4986,14.2183],"uv_size":[-0.0868,-0.0308]},"east":{"uv":[0.1769,14.4385],"uv_size":[0.0289,0.0615]},"north":{"uv":[0.4426,14.4385],"uv_size":[0.0868,0.0615]},"south":{"uv":[0.4132,14.4385],"uv_size":[0.0868,0.0615]},"up":{"uv":[0.4986,14.812],"uv_size":[-0.0868,-0.0308]},"west":{"uv":[0.7358,14.4385],"uv_size":[0.0289,0.0615]}}},{"origin":[-0.5,8,6.5],"size":[1.5,1,0.5],"uv":{"down":{"uv":[0.4986,14.0933],"uv_size":[-0.0868,-0.0308]},"east":{"uv":[0.0593,14.4385],"uv_size":[0.0289,0.0615]},"north":{"uv":[0.4426,14.4385],"uv_size":[0.0868,0.0615]},"south":{"uv":[0.4132,14.4385],"uv_size":[0.0868,0.0615]},"up":{"uv":[0.4986,14.937],"uv_size":[-0.0868,-0.0308]},"west":{"uv":[0.8534,14.4385],"uv_size":[0.0289,0.0615]}}},{"origin":[-0.5,8.5,-3.5],"size":[1.5,0.5,0.5],"uv":{"down":{"uv":[0.4986,14.7183],"uv_size":[-0.0868,-0.0308]},"east":{"uv":[0.6475,14.438],"uv_size":[0.0289,0.0308]},"north":{"uv":[0.4426,14.438],"uv_size":[0.0868,0.0308]},"south":{"uv":[0.4132,14.438],"uv_size":[0.0868,0.0308]},"up":{"uv":[0.4986,14.312],"uv_size":[-0.0868,-0.0308]},"west":{"uv":[0.2652,14.438],"uv_size":[0.0289,0.0308]}}},{"origin":[-0.5,8.5,5],"size":[1.5,0.5,1.5],"uv":{"down":{"uv":[0.4986,14.186],"uv_size":[-0.0868,-0.0923]},"east":{"uv":[0.0896,14.438],"uv_size":[0.0868,0.0308]},"north":{"uv":[0.4426,14.438],"uv_size":[0.0868,0.0308]},"south":{"uv":[0.4132,14.438],"uv_size":[0.0868,0.0308]},"up":{"uv":[0.4986,14.9048],"uv_size":[-0.0868,-0.0923]},"west":{"uv":[0.7661,14.438],"uv_size":[0.0868,0.0308]}}},{"origin":[-0.5,9,-7.5],"size":[1.5,0.5,0.5],"uv":{"down":{"uv":[0.4986,14.9683],"uv_size":[-0.0868,-0.0308]},"east":{"uv":[0.8828,14.4068],"uv_size":[0.0289,0.0308]},"north":{"uv":[0.4426,14.4068],"uv_size":[0.0868,0.0308]},"south":{"uv":[0.4132,14.4068],"uv_size":[0.0868,0.0308]},"up":{"uv":[0.4986,14.062],"uv_size":[-0.0868,-0.0308]},"west":{"uv":[0.0299,14.4068],"uv_size":[0.0289,0.0308]}}},{"origin":[0.5,9,-7],"size":[0.5,0.5,0.5],"uv":{"down":{"uv":[0.4407,14.937],"uv_size":[-0.0289,-0.0308]},"east":{"uv":[0.8534,14.4068],"uv_size":[0.0289,0.0308]},"north":{"uv":[0.5005,14.4068],"uv_size":[0.0289,0.0308]},"south":{"uv":[0.4122,14.4068],"uv_size":[0.0289,0.0308]},"up":{"uv":[0.4407,14.0933],"uv_size":[-0.0289,-0.0308]},"west":{"uv":[0.0593,14.4068],"uv_size":[0.0289,0.0308]}}},{"origin":[-0.5,9.5,-0.5],"size":[1.5,0.5,1.5],"uv":{"down":{"uv":[0.4986,14.5298],"uv_size":[-0.0868,-0.0923]},"east":{"uv":[0.4132,14.3755],"uv_size":[0.0868,0.0308]},"north":{"uv":[0.4426,14.3755],"uv_size":[0.0868,0.0308]},"south":{"uv":[0.4132,14.3755],"uv_size":[0.0868,0.0308]},"up":{"uv":[0.4986,14.561],"uv_size":[-0.0868,-0.0923]},"west":{"uv":[0.4426,14.3755],"uv_size":[0.0868,0.0308]}}},{"origin":[0,3,-5.5],"size":[0.5,0.5,0.5],"uv":{"down":{"uv":[0.4701,14.8433],"uv_size":[-0.0289,-0.0308]},"east":{"uv":[0.7652,14.7818],"uv_size":[0.0289,0.0308]},"north":{"uv":[0.4711,14.7818],"uv_size":[0.0289,0.0308]},"south":{"uv":[0.4416,14.7818],"uv_size":[0.0289,0.0308]},"up":{"uv":[0.4701,14.187],"uv_size":[-0.0289,-0.0308]},"west":{"uv":[0.1475,14.7818],"uv_size":[0.0289,0.0308]}}},{"origin":[0,3.5,5],"size":[0.5,0.5,0.5],"uv":{"down":{"uv":[0.4701,14.187],"uv_size":[-0.0289,-0.0308]},"east":{"uv":[0.1475,14.7505],"uv_size":[0.0289,0.0308]},"north":{"uv":[0.4711,14.7505],"uv_size":[0.0289,0.0308]},"south":{"uv":[0.4416,14.7505],"uv_size":[0.0289,0.0308]},"up":{"uv":[0.4701,14.8433],"uv_size":[-0.0289,-0.0308]},"west":{"uv":[0.7652,14.7505],"uv_size":[0.0289,0.0308]}}},{"origin":[0,4,-6],"size":[0.5,0.5,0.5],"uv":{"down":{"uv":[0.4701,14.8745],"uv_size":[-0.0289,-0.0308]},"east":{"uv":[0.7946,14.7193],"uv_size":[0.0289,0.0308]},"north":{"uv":[0.4711,14.7193],"uv_size":[0.0289,0.0308]},"south":{"uv":[0.4416,14.7193],"uv_size":[0.0289,0.0308]},"up":{"uv":[0.4701,14.1558],"uv_size":[-0.0289,-0.0308]},"west":{"uv":[0.1181,14.7193],"uv_size":[0.0289,0.0308]}}},{"origin":[0,5.5,-6.5],"size":[0.5,0.5,0.5],"uv":{"down":{"uv":[0.4701,14.9058],"uv_size":[-0.0289,-0.0308]},"east":{"uv":[0.824,14.6255],"uv_size":[0.0289,0.0308]},"north":{"uv":[0.4711,14.6255],"uv_size":[0.0289,0.0308]},"south":{"uv":[0.4416,14.6255],"uv_size":[0.0289,0.0308]},"up":{"uv":[0.4701,14.1245],"uv_size":[-0.0289,-0.0308]},"west":{"uv":[0.0887,14.6255],"uv_size":[0.0289,0.0308]}}},{"origin":[0,6.5,-5],"size":[0.5,0.5,0.5],"uv":{"down":{"uv":[0.4701,14.812],"uv_size":[-0.0289,-0.0308]},"east":{"uv":[0.7358,14.563],"uv_size":[0.0289,0.0308]},"north":{"uv":[0.4711,14.563],"uv_size":[0.0289,0.0308]},"south":{"uv":[0.4416,14.563],"uv_size":[0.0289,0.0308]},"up":{"uv":[0.4701,14.2183],"uv_size":[-0.0289,-0.0308]},"west":{"uv":[0.1769,14.563],"uv_size":[0.0289,0.0308]}}},{"origin":[0,7.5,-7],"size":[0.5,0.5,0.5],"uv":{"down":{"uv":[0.4701,14.937],"uv_size":[-0.0289,-0.0308]},"east":{"uv":[0.8534,14.5005],"uv_size":[0.0289,0.0308]},"north":{"uv":[0.4711,14.5005],"uv_size":[0.0289,0.0308]},"south":{"uv":[0.4416,14.5005],"uv_size":[0.0289,0.0308]},"up":{"uv":[0.4701,14.0933],"uv_size":[-0.0289,-0.0308]},"west":{"uv":[0.0593,14.5005],"uv_size":[0.0289,0.0308]}}},{"origin":[0,7.5,-5.5],"size":[0.5,0.5,0.5],"uv":{"down":{"uv":[0.4701,14.8433],"uv_size":[-0.0289,-0.0308]},"east":{"uv":[0.7652,14.5005],"uv_size":[0.0289,0.0308]},"north":{"uv":[0.4711,14.5005],"uv_size":[0.0289,0.0308]},"south":{"uv":[0.4416,14.5005],"uv_size":[0.0289,0.0308]},"up":{"uv":[0.4701,14.187],"uv_size":[-0.0289,-0.0308]},"west":{"uv":[0.1475,14.5005],"uv_size":[0.0289,0.0308]}}},{"origin":[0,8.5,-7.5],"size":[0.5,0.5,0.5],"uv":{"down":{"uv":[0.4701,14.9683],"uv_size":[-0.0289,-0.0308]},"east":{"uv":[0.8828,14.438],"uv_size":[0.0289,0.0308]},"north":{"uv":[0.4711,14.438],"uv_size":[0.0289,0.0308]},"south":{"uv":[0.4416,14.438],"uv_size":[0.0289,0.0308]},"up":{"uv":[0.4701,14.062],"uv_size":[-0.0289,-0.0308]},"west":{"uv":[0.0299,14.438],"uv_size":[0.0289,0.0308]}}},{"origin":[0,8.5,-6],"size":[0.5,0.5,0.5],"uv":{"down":{"uv":[0.4701,14.8745],"uv_size":[-0.0289,-0.0308]},"east":{"uv":[0.7946,14.438],"uv_size":[0.0289,0.0308]},"north":{"uv":[0.4711,14.438],"uv_size":[0.0289,0.0308]},"south":{"uv":[0.4416,14.438],"uv_size":[0.0289,0.0308]},"up":{"uv":[0.4701,14.1558],"uv_size":[-0.0289,-0.0308]},"west":{"uv":[0.1181,14.438],"uv_size":[0.0289,0.0308]}}},{"origin":[-0.5,9,-7],"size":[0.5,0.5,0.5],"uv":{"down":{"uv":[0.4995,14.937],"uv_size":[-0.0289,-0.0308]},"east":{"uv":[0.8534,14.4068],"uv_size":[0.0289,0.0308]},"north":{"uv":[0.4416,14.4068],"uv_size":[0.0289,0.0308]},"south":{"uv":[0.4711,14.4068],"uv_size":[0.0289,0.0308]},"up":{"uv":[0.4995,14.0933],"uv_size":[-0.0289,-0.0308]},"west":{"uv":[0.0593,14.4068],"uv_size":[0.0289,0.0308]}}},{"origin":[-3,7.5,-2],"size":[0.5,0.5,0.5],"uv":{"down":{"uv":[0.6466,14.6245],"uv_size":[-0.0289,-0.0308]},"east":{"uv":[0.5593,14.5005],"uv_size":[0.0289,0.0308]},"north":{"uv":[0.2946,14.5005],"uv_size":[0.0289,0.0308]},"south":{"uv":[0.6181,14.5005],"uv_size":[0.0289,0.0308]},"up":{"uv":[0.6466,14.4058],"uv_size":[-0.0289,-0.0308]},"west":{"uv":[0.3534,14.5005],"uv_size":[0.0289,0.0308]}}}],"name":"geyser_custom_z","parent":"geyser_custom_y","pivot":[0,8,0]}],"description":{"identifier":"geometry.geyser_custom.geo_3001362","texture_height":16,"texture_width":16,"visible_bounds_height":4.5,"visible_bounds_offset":[0,0.75,0],"visible_bounds_width":4}}]}