{"format_version":"1.10.0","particle_effect":{"description":{"identifier":"trpixel:gold_spread","basic_render_parameters":{"material":"particles_alpha","texture":"textures/ui/MCoin"}},"components":{"minecraft:emitter_local_space":{"position":true,"rotation":true},"minecraft:emitter_rate_steady":{"spawn_rate":200,"max_particles":400},"minecraft:emitter_lifetime_once":{"active_time":0.5},"minecraft:emitter_shape_box":{"offset":[0,0.5,0],"half_dimensions":[0.3,0,0.3],"surface_only":true,"direction":["Math.random(-0.4,0.4)",1,"Math.random(-0.4,0.4)"]},"minecraft:particle_lifetime_expression":{"max_lifetime":10},"minecraft:particle_expire_if_not_in_blocks":["minecraft:air"],"minecraft:particle_initial_speed":2,"minecraft:particle_motion_dynamic":{"linear_acceleration":[0,-4,0],"linear_drag_coefficient":0.1},"minecraft:particle_appearance_billboard":{"size":[0.03,0.03],"facing_camera_mode":"rotate_xyz","uv":{"texture_width":11,"texture_height":11,"uv":[0,0],"uv_size":[11,11]}},"minecraft:particle_motion_collision":{"collision_drag":10,"coefficient_of_restitution":0.4,"collision_radius":0.01},"minecraft:particle_appearance_lighting":{},"minecraft:particle_appearance_tinting":{"color":[1,1,1,1]}}}}