{
  "animations": {
    "animation.dancing_axolandl.lildance": {
      "animation_length": 1,
      "bones": {
        "axolandl": {
          "position": {
            "0.0": [
              0,
              -0.5,
              0
            ],
            "0.25": [
              0,
              0.25,
              0
            ],
            "0.5": [
              0,
              -1,
              0
            ],
            "0.75": [
              0,
              0.25,
              0
            ],
            "1.0": [
              0,
              -0.5,
              0
            ]
          },
          "rotation": {
            "0.0": [
              -12.5,
              0,
              0
            ],
            "0.5": [
              12.5,
              0,
              0
            ],
            "1.0": [
              -12.5,
              0,
              0
            ]
          }
        },
        "head": {
          "rotation": {
            "0.0": [
              0,
              0,
              0
            ],
            "0.25": [
              0,
              0,
              -12.5
            ],
            "0.5": [
              0,
              0,
              0
            ],
            "0.75": [
              0,
              0,
              -12.5
            ],
            "1.0": [
              0,
              0,
              0
            ]
          }
        },
        "left_arm": {
          "position": {
            "0.0": [
              0,
              0,
              0
            ],
            "0.25": [
              0,
              1,
              0
            ],
            "0.5": [
              0,
              0,
              0
            ],
            "0.75": [
              0,
              1,
              0
            ],
            "1.0": [
              0,
              0,
              0
            ]
          },
          "rotation": {
            "0.0": [
              0,
              62.5,
              0
            ],
            "0.5": [
              0,
              -50,
              0
            ],
            "1.0": [
              0,
              62.5,
              0
            ]
          }
        },
        "left_leg": {
          "rotation": {
            "0.0": [
              10.18406,
              -2.15393,
              -9.76758
            ],
            "0.5": [
              -5.66666,
              -3.09166,
              -47.1018
            ],
            "1.0": [
              10.18406,
              -2.15393,
              -9.76758
            ]
          }
        },
        "neck": {
          "rotation": {
            "0.0": [
              0,
              0,
              0
            ],
            "0.25": [
              0,
              0,
              -12.5
            ],
            "0.5": [
              0,
              0,
              0
            ],
            "0.75": [
              0,
              0,
              -12.5
            ],
            "1.0": [
              0,
              0,
              0
            ]
          }
        },
        "right_arm": {
          "position": {
            "0.0": [
              0,
              0,
              0
            ],
            "0.25": [
              0,
              1,
              0
            ],
            "0.5": [
              0,
              0,
              0
            ],
            "0.75": [
              0,
              1,
              0
            ],
            "1.0": [
              0,
              0,
              0
            ]
          },
          "rotation": {
            "0.0": [
              0,
              62.5,
              0
            ],
            "0.5": [
              0,
              -50,
              0
            ],
            "1.0": [
              0,
              62.5,
              0
            ]
          }
        },
        "right_leg": {
          "rotation": {
            "0.0": [
              10.42502,
              1.44105,
              -47.10178
            ],
            "0.5": [
              -7.32,
              -2.15,
              -9.77
            ],
            "1.0": [
              10.42502,
              1.44105,
              -47.10178
            ]
          }
        },
        "tail_bottom": {
          "rotation": {
            "0.0": [
              0,
              -7.5,
              0
            ],
            "0.5": [
              0,
              7.5,
              0
            ],
            "1.0": [
              0,
              -7.5,
              0
            ]
          }
        }
      },
      "loop": true
    }
  },
  "format_version": "1.8.0"
}