{
  "animations": {
    "animation.giga_sword.attack": {
      "anim_time_update": "variable.attack_time",
      "animation_length": 0.2,
      "bones": {
        "item_root": {
          "rotation": {
            "0.0": [
              0,
              0,
              0
            ],
            "0.2": [
              -85,
              0,
              0
            ]
          }
        }
      },
      "override_previous_animation": true
    },
    "animation.giga_sword.first_person": {
      "bones": {
        "item_root": {
          "position": [
            1,
            9,
            8
          ],
          "rotation": [
            124.77465,
            -47.44052,
            93.69768
          ]
        }
      },
      "loop": true
    },
    "animation.giga_sword.third_person": {
      "bones": {
        "item_root": {
          "position": [
            -6,
            15,
            -2
          ],
          "rotation": [
            87.5,
            0,
            0
          ]
        }
      },
      "loop": true
    }
  },
  "format_version": "1.8.0"
}