{
  "animations": {
    "animation.golden_carrot.hop": {
      "animation_length": 0.5,
      "bones": {
        "bone": {
          "position": {
            "0.0": [
              0,
              0,
              0
            ],
            "0.125": [
              0,
              1,
              0
            ],
            "0.25": [
              0,
              0,
              0
            ],
            "0.5": [
              0,
              0,
              0
            ]
          },
          "scale": {
            "0.125": [
              1,
              1,
              1
            ],
            "0.25": [
              1,
              1.3,
              1
            ],
            "0.375": [
              1,
              1,
              1
            ]
          }
        },
        "bone2": {
          "position": {
            "0.0": [
              0,
              0,
              0
            ],
            "0.125": [
              0,
              1,
              0
            ],
            "0.25": [
              0,
              0,
              0
            ],
            "0.5": [
              0,
              0,
              0
            ]
          }
        },
        "bone3": {
          "rotation": {
            "0.125": [
              7.5,
              0,
              0
            ],
            "0.25": [
              -30,
              0,
              0
            ],
            "0.375": [
              2.5,
              0,
              0
            ]
          }
        },
        "carrotpet": {
          "position": {
            "0.0": [
              0,
              0,
              0
            ],
            "0.125": [
              0,
              -2,
              0
            ],
            "0.25": [
              0,
              6,
              0
            ],
            "0.5": [
              0,
              0,
              0
            ]
          },
          "rotation": {
            "0.0": [
              0,
              0,
              0
            ],
            "0.125": [
              5,
              0,
              0
            ],
            "0.375": [
              -7.5,
              0,
              0
            ],
            "0.5": [
              0,
              0,
              0
            ]
          }
        }
      },
      "loop": true
    }
  },
  "format_version": "1.8.0"
}