{
  "animations": {
    "animation.cubecraft.skeletonknight.attack": {
      "animation_length": 0.5,
      "bones": {
        "RightArm": {
          "rotation": {
            "0.0": [
              -25,
              0,
              0
            ],
            "0.0417": [
              0,
              25,
              27.5
            ],
            "0.1667": [
              -53.92447,
              -24.84672,
              -2.98364
            ],
            "0.25": [
              -17.14149,
              -8.28224,
              -0.99455
            ],
            "0.2917": [
              -25,
              0,
              0
            ]
          }
        }
      },
      "loop": true
    },
    "animation.cubecraft.skeletonknight.idle": {
      "animation_length": 0.29167,
      "bones": {
        "RightArm": {
          "rotation": [
            -25,
            0,
            0
          ]
        }
      },
      "loop": true
    },
    "animation.cubecraft.skeletonknight.walk": {
      "bones": {
        "LeftArm": {
          "rotation": [
            "math.cos(query.anim_time * 360) * 30",
            0,
            0
          ]
        },
        "LeftLeg": {
          "rotation": [
            "math.cos(query.anim_time * 360) * -1.4 * 30",
            0,
            0
          ]
        },
        "RightArm": {
          "rotation": [
            "math.cos(query.anim_time * 360) * -30",
            0,
            0
          ]
        },
        "RightLeg": {
          "rotation": [
            "math.cos(query.anim_time * 360) * 1.4 * 30",
            0,
            0
          ]
        }
      },
      "loop": true
    }
  },
  "format_version": "1.8.0"
}