{
	"format_version": "1.16.0",
	"minecraft:item": {
		"description": {
			"category": "",
			"identifier": "histeria:chest_explorer",
			"is_experimental": true
		},
		"components": {
			"item_properties": {
				"can_destroy_in_creative": 1,
				"creative_category": 4,
				"creative_group": "none",
				"hand_equipped": 1,
				"max_stack_size": 1,
				"minecraft:icon": {
					"texture": "chest_explorer"
				}
			},
			"minecraft:display_name": {
				"value": "Chest Explorer"
			},
			"minecraft:durability": {
				"max_durability": 10
			}
		}
	}
}
