{
	"format_version": "1.16.0",
	"minecraft:item": {
		"description": {
			"category": "",
			"identifier": "histeria:dynamite",
			"is_experimental": true
		},
		"components": {
			"item_properties": {
				"can_destroy_in_creative": 1,
				"creative_category": 3,
				"creative_group": "itemGroup.name.arrow",
				"hand_equipped": 0,
				"max_stack_size": 16,
				"minecraft:icon": {
					"texture": "dynamite"
				}
			},
			"minecraft:cooldown": {
				"category": "dynamite",
				"duration": 2
			},
			"minecraft:display_name": {
				"value": "Dynamite"
			}
		}
	}
}
