{
	"format_version": "1.16.0",
	"minecraft:item": {
		"description": {
			"category": "",
			"identifier": "histeria:histerite_apple",
			"is_experimental": true
		},
		"components": {
			"item_properties": {
				"can_destroy_in_creative": 1,
				"creative_category": 2,
				"creative_group": "itemGroup.name.miscFood",
				"max_stack_size": 16,
				"minecraft:icon": {
					"texture": "histerite_apple"
				},
				"use_animation": 1,
				"use_duration": 20
			},
			"minecraft:cooldown": {
				"category": "histerite_apple",
				"duration": 30
			},
			"minecraft:display_name": {
				"value": "Histerite Apple"
			},
			"minecraft:food": {
				"can_always_eat": 1
			}
		}
	}
}
