{
	"format_version": "1.16.0",
	"minecraft:item": {
		"description": {
			"category": "",
			"identifier": "histeria:histerite_pickaxe",
			"is_experimental": true
		},
		"components": {
			"item_properties": {
				"can_destroy_in_creative": 1,
				"creative_category": 3,
				"creative_group": "itemGroup.name.pickaxe",
				"hand_equipped": 1,
				"max_stack_size": 1,
				"minecraft:icon": {
					"texture": "histerite_pickaxe"
				}
			},
			"minecraft:display_name": {
				"value": "Histerite Pickaxe"
			},
			"minecraft:durability": {
				"max_durability": 4500
			}
		}
	}
}
