{
	"format_version": "1.16.0",
	"minecraft:item": {
		"description": {
			"category": "",
			"identifier": "histeria:histerite_compress",
			"is_experimental": true
		},
		"components": {
			"item_properties": {
				"can_destroy_in_creative": 1,
				"creative_category": 4,
				"creative_group": "none",
				"hand_equipped": 0,
				"max_stack_size": 64,
				"minecraft:icon": {
					"texture": "histerite_compress"
				}
			},
			"minecraft:display_name": {
				"value": "Histerite Compress"
			}
		}
	}
}
