{
	"format_version": "1.16.0",
	"minecraft:item": {
		"description": {
			"category": "",
			"identifier": "histeria:histerite_helmet",
			"is_experimental": true
		},
		"components": {
			"item_properties": {
				"can_destroy_in_creative": 1,
				"creative_category": 3,
				"creative_group": "itemGroup.name.helmet",
				"max_stack_size": 1,
				"minecraft:icon": {
					"texture": "histerite_helmet"
				}
			},
			"minecraft:armor": {
				"protection": 3,
				"texture_type": "none"
			},
			"minecraft:display_name": {
				"value": "Histerite Helmet"
			},
			"minecraft:durability": {
				"max_durability": 1598
			},
			"minecraft:wearable": {
				"slot": "slot.armor.head"
			}
		}
	}
}
