{
	"format_version": "1.16.0",
	"minecraft:item": {
		"description": {
			"category": "",
			"identifier": "histeria:nocturite_chestplate",
			"is_experimental": true
		},
		"components": {
			"item_properties": {
				"can_destroy_in_creative": 1,
				"creative_category": 3,
				"creative_group": "itemGroup.name.chestplate",
				"max_stack_size": 1,
				"minecraft:icon": {
					"texture": "nocturite_chestplate"
				}
			},
			"minecraft:armor": {
				"protection": 8,
				"texture_type": "none"
			},
			"minecraft:display_name": {
				"value": "Nocturite Chestplate"
			},
			"minecraft:durability": {
				"max_durability": 5113
			},
			"minecraft:wearable": {
				"slot": "slot.armor.chest"
			}
		}
	}
}
