{
	"format_version": "1.16.0",
	"minecraft:item": {
		"description": {
			"category": "",
			"identifier": "histeria:nocturite_boots",
			"is_experimental": true
		},
		"components": {
			"item_properties": {
				"can_destroy_in_creative": 1,
				"creative_category": 3,
				"creative_group": "itemGroup.name.boots",
				"max_stack_size": 1,
				"minecraft:icon": {
					"texture": "nocturite_boots"
				}
			},
			"minecraft:armor": {
				"protection": 3,
				"texture_type": "none"
			},
			"minecraft:display_name": {
				"value": "Nocturite Boots"
			},
			"minecraft:durability": {
				"max_durability": 4148
			},
			"minecraft:wearable": {
				"slot": "slot.armor.feet"
			}
		}
	}
}
