{
	"format_version": "1.16.0",
	"minecraft:item": {
		"description": {
			"category": "",
			"identifier": "histeria:speed_stick",
			"is_experimental": true
		},
		"components": {
			"item_properties": {
				"can_destroy_in_creative": 1,
				"creative_category": 4,
				"creative_group": "none",
				"hand_equipped": 1,
				"max_stack_size": 16,
				"minecraft:icon": {
					"texture": "speed_stick"
				}
			},
			"minecraft:cooldown": {
				"category": "speedstick",
				"duration": 15
			},
			"minecraft:display_name": {
				"value": "Speed Stick"
			}
		}
	}
}
