[{"atlas_tile":"cauldron_water","flipbook_texture":"textures/blocks/water_still_grey","ticks_per_frame":2},{"atlas_tile":"flower_allium","flipbook_texture":"textures/blocks/flower_allium","ticks_per_frame":2},{"atlas_tile":"carnage02","flipbook_texture":"textures/crates/carnage02","ticks_per_frame":2},{"atlas_tile":"carnage03","flipbook_texture":"textures/crates/carnage03","ticks_per_frame":2},{"atlas_tile":"flame02","flipbook_texture":"textures/crates/flame02","ticks_per_frame":2},{"atlas_tile":"flame03","flipbook_texture":"textures/crates/flame03","ticks_per_frame":2},{"atlas_tile":"gamergirl02","flipbook_texture":"textures/crates/gamergirl02","ticks_per_frame":2},{"atlas_tile":"winter02","flipbook_texture":"textures/crates/winter02","ticks_per_frame":2},{"atlas_tile":"winter03","flipbook_texture":"textures/crates/winter03","ticks_per_frame":2},{"atlas_tile":"winter04","flipbook_texture":"textures/crates/winter04","ticks_per_frame":2},{"atlas_tile":"newportal","flipbook_texture":"textures/blocks/newportal"}]