{"resource_pack_name":"geyser_custom","texture_data":{"ak47_icon":{"textures":["textures/icons/guns/ak47"]},"ak47reddot_icon":{"textures":["textures/icons/guns/ak47reddot"]},"akms_icon":{"textures":["textures/icons/guns/akms"]},"americanator_icon":{"textures":["textures/icons/guns/americanator"]},"antibiotics_icon":{"textures":["textures/icons/meds/antibiotics_icon"]},"assaultrifleclip_icon":{"textures":["textures/icons/ammo/assaultrifleclip_icon"]},"aug_icon":{"textures":["textures/icons/guns/aug"]},"augscoped_icon":{"textures":["textures/icons/guns/augscoped"]},"bamcannon_icon":{"textures":["textures/icons/guns/bamcannon"]},"bandages_icon":{"textures":["textures/icons/meds/bandages_icon"]},"barbedwirebat_icon":{"textures":["textures/icons/melees/barbedwirebat_icon"]},"barrett50cal_icon":{"textures":["textures/icons/guns/barrett50cal"]},"battleaxe_icon":{"textures":["textures/icons/melees/battleaxe_icon"]},"black_glass_icon":{"textures":["textures/blocks/glassicons/glass_black"]},"blazeofglory_icon":{"textures":["textures/icons/melees/blazeofglory_icon"]},"blue_glass_icon":{"textures":["textures/blocks/glassicons/glass_blue"]},"bluecar_icon":{"textures":["textures/icons/vehicles/bluecar_icon"]},"bluegamergirlhelmet_icon":{"textures":["textures/icons/helmets/bluegamergirlhelmet_icon"]},"bostaff_icon":{"textures":["textures/icons/melees/bostaff_icon"]},"bow_icon":{"textures":["textures/icons/bow/bow_icon"]},"bowieknife_icon":{"textures":["textures/icons/melees/bowieknife_icon"]},"broom_icon":{"textures":["textures/icons/misc/broom_icon"]},"c4_icon":{"textures":["textures/icons/grenades/c4_icon"]},"c4detonator_icon":{"textures":["textures/icons/grenades/c4detonator_icon"]},"cane_icon":{"textures":["textures/icons/melees/cane_icon"]},"carnagehelmet_icon":{"textures":["textures/icons/helmets/carnagehelmet_icon"]},"clownhelmet_icon":{"textures":["textures/icons/helmets/clownhelmet_icon"]},"skullhelmet_icon":{"textures":["textures/icons/helmets/skullhelmet_icon"]},"carnagerevolver_icon":{"textures":["textures/icons/guns/carnagerevolver"]},"carnagesniper_icon":{"textures":["textures/icons/guns/carnagesniper"]},"carnagewings_icon":{"textures":["textures/icons/helmets/carnagewings_icon"]},"chainsaw_icon":{"textures":["textures/icons/melees/chainsaw_icon"]},"christmasbat_icon":{"textures":["textures/icons/melees/christmasbat_icon"]},"christmasmiracle01_icon":{"textures":["textures/icons/guns/christmasmiracle01"]},"christmasmiracle02_icon":{"textures":["textures/icons/guns/christmasmiracle02"]},"christmasmiracle03_icon":{"textures":["textures/icons/guns/christmasmiracle03"]},"cleaver_icon":{"textures":["textures/icons/melees/cleaver_icon"]},"cloth_icon":{"textures":["textures/geyser/tmd_misc/minecraft/miscitems/cloth"]},"coltacp_icon":{"textures":["textures/icons/guns/coltacp"]},"coltpython_icon":{"textures":["textures/icons/guns/coltpython"]},"combatknife_icon":{"textures":["textures/icons/melees/combatknife_icon"]},"crossbow_icon":{"textures":["textures/icons/guns/crossbow"]},"crowbar_icon":{"textures":["textures/icons/melees/crowbar_icon"]},"crown_icon":{"textures":["textures/icons/helmets/crown_icon"]},"cyan_glass_icon":{"textures":["textures/blocks/glassicons/glass_cyan"]},"deserteagle_icon":{"textures":["textures/icons/guns/deserteagle"]},"disc_13":{"textures":["textures/icons/discs/13"]},"disc_blocks":{"textures":["textures/icons/discs/blocks"]},"disc_cat":{"textures":["textures/icons/discs/cat"]},"disc_chirp":{"textures":["textures/icons/discs/chirp"]},"disc_far":{"textures":["textures/icons/discs/far"]},"disc_mall":{"textures":["textures/icons/discs/mall"]},"doublebarrelshotgun_icon":{"textures":["textures/icons/guns/doublebarrelshotgun"]},"dragonbreathshotgun_icon":{"textures":["textures/icons/guns/dragonbreathshotgun"]},"dullknife_icon":{"textures":["textures/icons/melees/dullknife_icon"]},"electriccircuit_icon":{"textures":["textures/icons/misc/electriccircuit_icon"]},"elfhat_icon":{"textures":["textures/icons/helmets/elfhat_icon"]},"emptybottle_icon":{"textures":["textures/icons/misc/emptybottle_icon"]},"eyeball_icon":{"textures":["textures/icons/eyeball/eyeball_icon"]},"fireaxe_icon":{"textures":["textures/icons/melees/fireaxe_icon"]},"fireworklauncher_icon":{"textures":["textures/icons/guns/fireworklauncher"]},"flamethrower_icon":{"textures":["textures/icons/guns/flamethrower"]},"flare_icon":{"textures":["textures/icons/ammo/flare_icon"]},"flaregun_icon":{"textures":["textures/icons/guns/flaregun"]},"flashlight_icon":{"textures":["textures/icons/misc/flashlight_icon"]},"fork_icon":{"textures":["textures/icons/misc/fork_icon"]},"g36_icon":{"textures":["textures/icons/guns/g36"]},"g36reddot_icon":{"textures":["textures/icons/guns/g36reddot"]},"gascan_icon":{"textures":["textures/icons/misc/gascan_icon"]},"gatlinggun_icon":{"textures":["textures/icons/guns/gatlinggun"]},"gatoraxe_icon":{"textures":["textures/icons/melees/gatoraxe_icon"]},"glock_icon":{"textures":["textures/icons/guns/glock"]},"goldak47_icon":{"textures":["textures/icons/guns/goldak47"]},"goldbarrett50cal_icon":{"textures":["textures/icons/guns/goldbarrett50cal"]},"golddeserteagle_icon":{"textures":["textures/icons/guns/golddeserteagle"]},"goldenkatana_icon":{"textures":["textures/icons/melees/goldenkatana_icon"]},"goldgatlinggun_icon":{"textures":["textures/icons/guns/goldgatlinggun"]},"goldp90_icon":{"textures":["textures/icons/guns/goldp90"]},"goldsantahat_icon":{"textures":["textures/icons/helmets/goldsantahat_icon"]},"goldspas12_icon":{"textures":["textures/icons/guns/goldspas12"]},"golfclub_icon":{"textures":["textures/icons/melees/golfclub_icon"]},"gray_glass_icon":{"textures":["textures/blocks/glassicons/glass_gray"]},"graycar_icon":{"textures":["textures/icons/vehicles/graycar_icon"]},"green_glass_icon":{"textures":["textures/blocks/glassicons/glass_green"]},"grenade_icon":{"textures":["textures/icons/grenades/grenade_icon"]},"grenadelauncher_icon":{"textures":["textures/icons/guns/grenadelauncher"]},"grenadelauncherbullet_icon":{"textures":["textures/icons/misc/grenadelauncherbullet"]},"grimrevolver_icon":{"textures":["textures/icons/guns/grimrevolver"]},"guitar_icon":{"textures":["textures/icons/melees/guitar_icon"]},"gunpowder_icon":{"textures":["textures/geyser/tmd_misc/minecraft/miscitems/gunpowder"]},"hammer_icon":{"textures":["textures/icons/melees/hammer_icon"]},"hellfire_icon":{"textures":["textures/icons/guns/hellfire"]},"hk_icon":{"textures":["textures/icons/guns/hk"]},"hkreddot_icon":{"textures":["textures/icons/guns/hkreddot"]},"iron_bars_icon":{"textures":["textures/blocks/glass_brown"]},"jasonmask_icon":{"textures":["textures/icons/helmets/jasonmask_icon"]},"katana_icon":{"textures":["textures/icons/melees/katana_icon"]},"kitchenknife_icon":{"textures":["textures/icons/melees/kitchenknife_icon"]},"lamp_icon":{"textures":["textures/icons/misc/lamp_icon"]},"laptop_icon":{"textures":["textures/icons/misc/laptop"]},"leglightninghelmet_icon":{"textures":["textures/icons/helmets/leglightninghelmet_icon"]},"light_blue_glass_icon":{"textures":["textures/blocks/glassicons/glass_light_blue"]},"lightningaxe_icon":{"textures":["textures/icons/melees/lightningaxe_icon"]},"lightninghelmet_icon":{"textures":["textures/icons/helmets/lightninghelmet_icon"]},"lime_glass_icon":{"textures":["textures/blocks/glassicons/glass_lime"]},"linda_icon":{"textures":["textures/icons/guns/linda"]},"lmgclip_icon":{"textures":["textures/icons/ammo/lmgclip_icon"]},"m14_icon":{"textures":["textures/icons/guns/m14"]},"m14scoped_icon":{"textures":["textures/icons/guns/m14scoped"]},"m16_icon":{"textures":["textures/icons/guns/m16"]},"m16reddot_icon":{"textures":["textures/icons/guns/m16reddot"]},"m4_icon":{"textures":["textures/icons/guns/m4"]},"m4reddot_icon":{"textures":["textures/icons/guns/m4reddot"]},"m60_icon":{"textures":["textures/icons/guns/m60"]},"m60reddot_icon":{"textures":["textures/icons/guns/m60reddot"]},"m9_icon":{"textures":["textures/icons/guns/m9"]},"mace_icon":{"textures":["textures/icons/melees/mace_icon"]},"machete_icon":{"textures":["textures/icons/melees/machete_icon"]},"magenta_glass_icon":{"textures":["textures/blocks/glass_magenta"]},"map_icon":{"textures":["textures/items/map_empty"]},"medpack_icon":{"textures":["textures/icons/meds/medpack_icon"]},"metal_icon":{"textures":["textures/geyser/tmd_misc/minecraft/miscitems/metal"]},"metalbat_icon":{"textures":["textures/icons/melees/metalbat_icon"]},"metalhatchet_icon":{"textures":["textures/icons/melees/metalhatchet_icon"]},"mini14_icon":{"textures":["textures/icons/guns/mini14"]},"mini14reddot_icon":{"textures":["textures/icons/guns/mini14reddot"]},"molotov_icon":{"textures":["textures/icons/grenades/molotov_icon"]},"monitor_icon":{"textures":["textures/icons/misc/monitor_icon"]},"mossberg_icon":{"textures":["textures/icons/guns/mossberg"]},"motorcycle_icon":{"textures":["textures/icons/vehicles/motorcycle_icon"]},"mp5_icon":{"textures":["textures/icons/guns/mp5"]},"oldrag_icon":{"textures":["textures/geyser/tmd_misc/minecraft/miscitems/oldrag"]},"orange_glass_icon":{"textures":["textures/blocks/glass_orange"]},"p90_icon":{"textures":["textures/icons/guns/p90"]},"painkillers_icon":{"textures":["textures/icons/meds/painkillers_icon"]},"paintbrush_icon":{"textures":["textures/icons/misc/paintbrush_icon"]},"pan_icon":{"textures":["textures/icons/melees/pan_icon"]},"pickaxe_icon":{"textures":["textures/icons/melees/pickaxe_icon"]},"pink_glass_icon":{"textures":["textures/blocks/glassicons/glass_pink"]},"pinkgamergirlhelmet_icon":{"textures":["textures/icons/helmets/pinkgamergirlhelmet_icon"]},"pinkprecision_icon":{"textures":["textures/icons/guns/pinkprecision"]},"pipe_icon":{"textures":["textures/icons/melees/pipe_icon"]},"pistolclip_icon":{"textures":["textures/icons/ammo/pistolclip_icon"]},"pitchfork_icon":{"textures":["textures/icons/melees/pitchfork_icon"]},"plank_icon":{"textures":["textures/icons/misc/plank_icon"]},"pumpkin_icon":{"textures":["textures/icons/helmets/pumpkin_icon"]},"pumpkinlauncher_icon":{"textures":["textures/icons/guns/pumpkinlauncher"]},"purple_glass_icon":{"textures":["textures/blocks/glassicons/glass_purple"]},"red_glass_icon":{"textures":["textures/blocks/glassicons/glass_red"]},"redcar_icon":{"textures":["textures/icons/vehicles/redcar_icon"]},"reddotsite_icon":{"textures":["textures/icons/misc/reddotsite_icon"]},"redmachete_icon":{"textures":["textures/icons/melees/redmachete_icon"]},"remington_icon":{"textures":["textures/icons/guns/remington"]},"rocket_icon":{"textures":["textures/icons/ammo/rocket_icon"]},"rpg_icon":{"textures":["textures/icons/guns/rpg"]},"sakuraslicer_icon":{"textures":["textures/icons/melees/sakuraslicer_icon"]},"santahat_icon":{"textures":["textures/icons/helmets/santahat_icon"]},"santaslittlehelper_icon":{"textures":["textures/icons/guns/santaslittlehelper"]},"scar_icon":{"textures":["textures/icons/guns/scar"]},"scarreddot_icon":{"textures":["textures/icons/guns/scarreddot"]},"scissors_icon":{"textures":["textures/icons/melees/scissors_icon"]},"scope_icon":{"textures":["textures/icons/misc/scope_icon"]},"screwdriver_icon":{"textures":["textures/icons/melees/screwdriver_icon"]},"scythe_icon":{"textures":["textures/icons/melees/scythe_icon"]},"shelf_icon":{"textures":["textures/icons/misc/shelf_icon"]},"sheriffhat_icon":{"textures":["textures/icons/helmets/sheriffhat_icon"]},"shotgunshell_icon":{"textures":["textures/icons/ammo/shotgunshell_icon"]},"shovel_icon":{"textures":["textures/icons/melees/shovel_icon"]},"sickle_icon":{"textures":["textures/icons/melees/sickle_icon"]},"silver_glass_icon":{"textures":["textures/blocks/glassicons/glass_silver"]},"sledgehammer_icon":{"textures":["textures/icons/melees/sledgehammer_icon"]},"smgclip_icon":{"textures":["textures/icons/ammo/smgclip_icon"]},"smithwesson_icon":{"textures":["textures/icons/guns/smithwesson"]},"smokegrenade_icon":{"textures":["textures/icons/grenades/smokegrenade_icon"]},"sniperclip_icon":{"textures":["textures/icons/ammo/sniperclip_icon"]},"spas12_icon":{"textures":["textures/icons/guns/spas12"]},"spear_icon":{"textures":["textures/icons/melees/spear_icon"]},"spoon_icon":{"textures":["textures/icons/misc/spoon_icon"]},"ssg_icon":{"textures":["textures/icons/guns/ssg"]},"stapler_icon":{"textures":["textures/icons/misc/stapler_icon"]},"stormshock_icon":{"textures":["textures/icons/guns/stormshock"]},"supplydrop_icon":{"textures":["textures/icons/misc/supplydrop"]},"syringe_icon":{"textures":["textures/icons/meds/syringe_icon"]},"teapot_icon":{"textures":["textures/icons/misc/teapot_icon"]},"toiletpaper_icon":{"textures":["textures/icons/misc/toiletpaper_icon"]},"tokyomarui_icon":{"textures":["textures/icons/guns/tokyomarui"]},"tommygun_icon":{"textures":["textures/icons/guns/tommygun"]},"tv_icon":{"textures":["textures/icons/misc/tv_icon"]},"ump45_icon":{"textures":["textures/icons/guns/ump45"]},"unclesamhat_icon":{"textures":["textures/icons/helmets/unclesam_icon"]},"uzi_icon":{"textures":["textures/icons/guns/uzi"]},"voltcarver_icon":{"textures":["textures/icons/melees/voltcarver_icon"]},"skullstaff_icon":{"textures":["textures/icons/melees/skullstaff_icon"]},"waterbottle_icon":{"textures":["textures/icons/misc/waterbottle_icon"]},"whisperermask_icon":{"textures":["textures/geyser/tmd_misc/minecraft/miscitems/whisperermask"]},"white_glass_icon":{"textures":["textures/blocks/glassicons/glass_white"]},"winchester_icon":{"textures":["textures/icons/guns/winchester"]},"winchesterscoped_icon":{"textures":["textures/icons/guns/winchesterscoped"]},"witchhat_icon":{"textures":["textures/icons/helmets/witchhat_icon"]},"wood_icon":{"textures":["textures/geyser/tmd_misc/minecraft/miscitems/wood"]},"woodenbat_icon":{"textures":["textures/icons/melees/woodenbat_icon"]},"woodenhatchet_icon":{"textures":["textures/icons/melees/woodenhatchet_icon"]},"yellow_glass_icon":{"textures":["textures/blocks/glassicons/glass_yellow"]},"gold_bar_icon":{"textures":["textures/custom/gold_bar"]}},"texture_name":"atlas.items"}