{"animations":{"animation.geyser_custom.geo_928030b.firstperson_main_hand":{"bones":{"geyser_custom":{"position":[4,10,4],"rotation":[90,60,-40],"scale":1.5},"geyser_custom_x":{"rotation":[0.1,0.1,0.1]}},"loop":true},"animation.geyser_custom.geo_928030b.firstperson_off_hand":{"bones":{"geyser_custom":{"position":[4,10,4],"rotation":[90,60,-40],"scale":1.5},"geyser_custom_x":{"rotation":[0.1,0.1,0.1]}},"loop":true},"animation.geyser_custom.geo_928030b.head":{"bones":{"geyser_custom":{"position":[0,20,0]},"geyser_custom_x":{"rotation":[0,0,0],"scale":[1,1,1]},"geyser_custom_y":{"rotation":[0,-180,0]},"geyser_custom_z":{"rotation":[0,0,0]}},"loop":true},"animation.geyser_custom.geo_928030b.thirdperson_main_hand":{"bones":{"geyser_custom":{"position":[0,13,-3],"rotation":[90,0,0]}},"loop":true},"animation.geyser_custom.geo_928030b.thirdperson_off_hand":{"bones":{"geyser_custom":{"position":[0,13,-3],"rotation":[90,0,0]}},"loop":true}},"format_version":"1.8.0"}