{"animations":{"animation.geyser_custom.geo_934747f.firstperson_main_hand":{"bones":{"geyser_custom":{"position":[4,10,4],"rotation":[90,60,-40],"scale":1.5},"geyser_custom_x":{"rotation":[0.1,0.1,0.1]}},"loop":true},"animation.geyser_custom.geo_934747f.firstperson_off_hand":{"bones":{"geyser_custom":{"position":[4,10,4],"rotation":[90,60,-40],"scale":1.5},"geyser_custom_x":{"rotation":[0.1,0.1,0.1]}},"loop":true},"animation.geyser_custom.geo_934747f.head":{"bones":{"geyser_custom":{"position":[0,20,0]},"geyser_custom_x":{"scale":[1,1,1]}},"loop":true},"animation.geyser_custom.geo_934747f.thirdperson_main_hand":{"bones":{"geyser_custom":{"position":[0,13,-3],"rotation":[90,0,0]}},"loop":true},"animation.geyser_custom.geo_934747f.thirdperson_off_hand":{"bones":{"geyser_custom":{"position":[0,13,-3],"rotation":[90,0,0]}},"loop":true}},"format_version":"1.8.0"}