{
  "bar": {
    "anchor_from": "top_left",
    "anchor_to": "top_left",
    "color": [
      0.1568627450980392,
      0.1568627450980392,
      0.1725490196078431
    ],
    "layer": 2,
    "texture": "textures/ui/plutonium/group_background",
    "type": "image"
  },
  "custom_checkbox_content@settings_common.option_radio_dropdown_group": {
    "$radio_bindings": [
      {
        "binding_collection_name": "custom_form",
        "binding_name": "#custom_dropdown_length",
        "binding_name_override": "#collection_length",
        "binding_type": "collection"
      }
    ],
    "$radio_buttons": [],
    "$radio_collection_name": "custom_dropdown",
    "$radio_factory": {
      "control_name": "base_menu.custom_checkbox_radio",
      "name": "buttons"
    }
  },
  "custom_checkbox_radio@base_menu.radio_with_label": {
    "$radio_label_bindings": [
      {
        "binding_collection_name": "custom_dropdown",
        "binding_name": "#custom_radio_text",
        "binding_type": "collection"
      },
      {
        "binding_type": "collection_details"
      }
    ],
    "$radio_label_text": "#custom_radio_text",
    "$toggle_binding_type": "collection",
    "$toggle_collection_details_type": "collection_details",
    "$toggle_grid_collection_name": "custom_dropdown",
    "$toggle_name": "custom_dropdown_radio_toggle",
    "$toggle_state_binding_name": "#custom_radio_toggled"
  },
  "custom_dropdown": {
    "$checkbox_dropdown": "§i§a",
    "$checkbox_dropdown_with_padding": "§i§b",
    "controls": [
      {
        "custom_dropdown_base": {
          "bindings": [
            {
              "binding_collection_name": "custom_form",
              "binding_name": "#custom_text",
              "binding_name_override": "#text",
              "binding_type": "collection"
            },
            {
              "binding_type": "view",
              "source_property_name": "((#text - $checkbox_dropdown - $checkbox_dropdown_with_padding) = #text)",
              "target_property_name": "#visible"
            },
            {
              "binding_type": "view",
              "source_property_name": "((#text - $checkbox_dropdown - $checkbox_dropdown_with_padding) = #text)",
              "target_property_name": "#enabled"
            }
          ],
          "controls": [
            {
              "dropdown@settings_common.option_dropdown": {
                "$dropdown_area": "generated_form",
                "$dropdown_content": "server_form.custom_dropdown_content",
                "$dropdown_name": "custom_dropdown",
                "$dropdown_scroll_content_size": [
                  "100%",
                  "200%"
                ],
                "$label_bindings": [
                  {
                    "binding_collection_name": "custom_form",
                    "binding_name": "#custom_text",
                    "binding_type": "collection"
                  }
                ],
                "$option_enabled_binding_name": "#not_data_bound",
                "$option_label": "#custom_text",
                "$options_dropdown_toggle_label_binding": "#dropdown_option_text",
                "$options_dropdown_toggle_label_binding_collection_name": "custom_form",
                "$options_dropdown_toggle_label_binding_type": "collection",
                "$toggle_binding_type": "collection",
                "$toggle_grid_collection_name": "custom_form"
              }
            }
          ],
          "size": [
            "100%",
            "100%c"
          ],
          "type": "panel"
        }
      },
      {
        "checkbox_dropdown@base_menu.custom_checkbox_content": {
          "$option_enabled_binding_name": "#not_data_bound",
          "bindings": [
            {
              "binding_collection_name": "custom_form",
              "binding_name": "#custom_text",
              "binding_name_override": "#text",
              "binding_type": "collection"
            },
            {
              "binding_type": "view",
              "source_property_name": "(not((#text - $checkbox_dropdown) = #text))",
              "target_property_name": "#visible"
            },
            {
              "binding_type": "view",
              "source_property_name": "(not((#text - $checkbox_dropdown) = #text))",
              "target_property_name": "#enabled"
            }
          ],
          "offset": [
            20,
            0
          ]
        }
      },
      {
        "checkbox_dropdown_with_padding": {
          "bindings": [
            {
              "binding_collection_name": "custom_form",
              "binding_name": "#custom_text",
              "binding_name_override": "#text",
              "binding_type": "collection"
            },
            {
              "binding_type": "view",
              "source_property_name": "(not((#text - $checkbox_dropdown_with_padding) = #text))",
              "target_property_name": "#visible"
            },
            {
              "binding_type": "view",
              "source_property_name": "(not((#text - $checkbox_dropdown_with_padding) = #text))",
              "target_property_name": "#enabled"
            }
          ],
          "controls": [
            {
              "padding": {
                "size": [
                  15,
                  0
                ],
                "type": "stack_panel"
              }
            },
            {
              "checkbox_content@base_menu.custom_checkbox_content": {
                "$option_enabled_binding_name": "#not_data_bound"
              }
            }
          ],
          "orientation": "horizontal",
          "size": [
            "100%",
            "100%c"
          ],
          "type": "stack_panel"
        }
      }
    ],
    "type": "stack_panel"
  },
  "custom_input": {
    "$16_characters_input|default": "§g§a",
    "$2_characters_input|default": "§g§c",
    "$description_input|default": "§g§b",
    "controls": [
      {
        "custom_input_base@base_menu.custom_input_base": {
          "bindings": [
            {
              "binding_collection_name": "custom_form",
              "binding_name": "#custom_text",
              "binding_name_override": "#text",
              "binding_type": "collection"
            },
            {
              "binding_type": "view",
              "source_property_name": "((#text - $16_characters_input - $description_input - $2_characters_input) = #text)",
              "target_property_name": "#visible"
            },
            {
              "binding_type": "view",
              "source_property_name": "((#text - $16_characters_input - $description_input - $2_characters_input) = #text)",
              "target_property_name": "#enabled"
            }
          ]
        }
      },
      {
        "16_characters_input@base_menu.custom_input_base": {
          "$max_text_edit_length": 16,
          "bindings": [
            {
              "binding_collection_name": "custom_form",
              "binding_name": "#custom_text",
              "binding_name_override": "#text",
              "binding_type": "collection"
            },
            {
              "binding_type": "view",
              "source_property_name": "(not((#text - $16_characters_input) = #text))",
              "target_property_name": "#visible"
            },
            {
              "binding_type": "view",
              "source_property_name": "(not((#text - $16_characters_input) = #text))",
              "target_property_name": "#enabled"
            }
          ]
        }
      },
      {
        "description_input@base_menu.custom_multiline_text_input_base": {
          "$option_text_edit_control_size": [
            "89% + 0.5px",
            55
          ],
          "bindings": [
            {
              "binding_collection_name": "custom_form",
              "binding_name": "#custom_text",
              "binding_name_override": "#text",
              "binding_type": "collection"
            },
            {
              "binding_type": "view",
              "source_property_name": "(not((#text - $description_input) = #text))",
              "target_property_name": "#visible"
            },
            {
              "binding_type": "view",
              "source_property_name": "(not((#text - $description_input) = #text))",
              "target_property_name": "#enabled"
            }
          ]
        }
      },
      {
        "$2_characters_input@base_menu.custom_input_base": {
          "$max_text_edit_length": 2,
          "bindings": [
            {
              "binding_collection_name": "custom_form",
              "binding_name": "#custom_text",
              "binding_name_override": "#text",
              "binding_type": "collection"
            },
            {
              "binding_type": "view",
              "source_property_name": "(not((#text - $2_characters_input) = #text))",
              "target_property_name": "#visible"
            },
            {
              "binding_type": "view",
              "source_property_name": "(not((#text - $2_characters_input) = #text))",
              "target_property_name": "#enabled"
            }
          ]
        }
      }
    ],
    "type": "stack_panel"
  },
  "custom_input_base@base_menu.option_text_edit": {
    "$label_bindings": [
      {
        "binding_collection_name": "custom_form",
        "binding_name": "#custom_text",
        "binding_type": "collection"
      }
    ],
    "$label_offset": [
      -6,
      0
    ],
    "$max_text_edit_length": 150,
    "$option_binding_name": "#custom_input_text",
    "$option_label": "#custom_text",
    "$option_place_holder_text": "#custom_placeholder_text",
    "$option_text_edit_control_size": [
      "89% + 0.5px",
      20
    ],
    "$text_box_enabled_binding_name": "#custom_input_enabled",
    "$text_box_name": "custom_input",
    "$text_edit_box_content_binding_name": "#custom_input_text",
    "$text_edit_box_content_binding_type": "collection",
    "$text_edit_box_grid_collection_name": "custom_form",
    "$text_edit_box_placeholder_content_binding_name": "$option_place_holder_text",
    "$text_edit_box_placeholder_content_binding_type": "collection",
    "layer": 5
  },
  "custom_label": {
    "$paragraph|default": "§j§c",
    "$subtitle|default": "§j§b",
    "$title|default": "§j§a",
    "controls": [
      {
        "custom_label_base@base_menu.custom_label_base": {
          "bindings": [
            {
              "binding_collection_name": "custom_form",
              "binding_name": "#custom_text",
              "binding_name_override": "#text",
              "binding_type": "collection"
            },
            {
              "binding_type": "view",
              "source_property_name": "((#text - $title - $subtitle - $paragraph) = #text)",
              "target_property_name": "#visible"
            },
            {
              "binding_type": "view",
              "source_property_name": "((#text - $title - $subtitle - $paragraph) = #text)",
              "target_property_name": "#enabled"
            }
          ]
        }
      },
      {
        "title_label@base_menu.custom_label_base": {
          "$text_color": [
            0.4117647058823529,
            0.4549019607843137,
            0.8705882352941176
          ],
          "bindings": [
            {
              "binding_collection_name": "custom_form",
              "binding_name": "#custom_text",
              "binding_name_override": "#text",
              "binding_type": "collection"
            },
            {
              "binding_type": "view",
              "source_property_name": "(not((#text - $title) = #text))",
              "target_property_name": "#visible"
            },
            {
              "binding_type": "view",
              "source_property_name": "(not((#text - $title) = #text))",
              "target_property_name": "#enabled"
            }
          ]
        }
      },
      {
        "subtitle_label@base_menu.custom_label_base": {
          "$font_scale_factor": 0.9,
          "$text_offset": [
            1,
            4
          ],
          "bindings": [
            {
              "binding_collection_name": "custom_form",
              "binding_name": "#custom_text",
              "binding_name_override": "#text",
              "binding_type": "collection"
            },
            {
              "binding_type": "view",
              "source_property_name": "(not((#text - $subtitle) = #text))",
              "target_property_name": "#visible"
            },
            {
              "binding_type": "view",
              "source_property_name": "(not((#text - $subtitle) = #text))",
              "target_property_name": "#enabled"
            }
          ]
        }
      },
      {
        "paragraph_label@base_menu.custom_label_base": {
          "$font_scale_factor": 0.6,
          "$text_offset": [
            5,
            0
          ],
          "bindings": [
            {
              "binding_collection_name": "custom_form",
              "binding_name": "#custom_text",
              "binding_name_override": "#text",
              "binding_type": "collection"
            },
            {
              "binding_type": "view",
              "source_property_name": "(not((#text - $paragraph) = #text))",
              "target_property_name": "#visible"
            },
            {
              "binding_type": "view",
              "source_property_name": "(not((#text - $paragraph) = #text))",
              "target_property_name": "#enabled"
            }
          ],
          "size": [
            "100% - 20px",
            "100%c + 3px"
          ]
        }
      }
    ],
    "type": "stack_panel"
  },
  "custom_label_base@base_menu.option_group_label": {
    "$text": "#custom_text",
    "$text_bindings": [
      {
        "binding_collection_name": "custom_form",
        "binding_name": "#custom_text",
        "binding_type": "collection"
      }
    ],
    "bindings": [
      {
        "binding_collection_name": "custom_form",
        "binding_name": "#custom_text",
        "binding_name_override": "#text",
        "binding_type": "collection"
      },
      {
        "binding_type": "view",
        "source_property_name": "((#text - $title - $subtitle - $paragraph) = #text)",
        "target_property_name": "#visible"
      },
      {
        "binding_type": "view",
        "source_property_name": "((#text - $title - $subtitle - $paragraph) = #text)",
        "target_property_name": "#enabled"
      }
    ]
  },
  "custom_multiline_text_input_base@base_menu.multiline_text_option_text_edit": {
    "$font_scale_factor": 0.5,
    "$label_bindings": [
      {
        "binding_collection_name": "custom_form",
        "binding_name": "#custom_text",
        "binding_type": "collection"
      }
    ],
    "$label_offset": [
      -6,
      0
    ],
    "$max_text_edit_length": 150,
    "$option_binding_name": "#custom_input_text",
    "$option_label": "#custom_text",
    "$option_place_holder_text": "#custom_placeholder_text",
    "$option_text_edit_control_size": [
      "90% + 0.5px",
      20
    ],
    "$text_box_enabled_binding_name": "#custom_input_enabled",
    "$text_box_name": "custom_input",
    "$text_edit_box_content_binding_name": "#custom_input_text",
    "$text_edit_box_content_binding_type": "collection",
    "$text_edit_box_grid_collection_name": "custom_form",
    "$text_edit_box_placeholder_content_binding_name": "$option_place_holder_text",
    "$text_edit_box_placeholder_content_binding_type": "collection",
    "layer": 5
  },
  "custom_toggle@base_menu.option_toggle": {
    "$label_bindings": [
      {
        "binding_collection_name": "custom_form",
        "binding_name": "#custom_text",
        "binding_type": "collection"
      }
    ],
    "$option_binding_name": "#custom_toggle_state",
    "$option_label": "#custom_text",
    "$toggle_binding_type": "collection",
    "$toggle_enabled_binding_name": "#custom_toggle_enabled",
    "$toggle_enabled_binding_type": "collection",
    "$toggle_grid_collection_name": "custom_form",
    "$toggle_name": "custom_toggle",
    "$toggle_state_binding_name": "#custom_toggle_state"
  },
  "edit_box_indent": {
    "$alpha|default": 1.0,
    "alpha": "$alpha",
    "texture": "textures/ui/plutonium/edit_box_background",
    "type": "image"
  },
  "edit_box_indent_hover": {
    "$alpha|default": 1.0,
    "alpha": "$alpha",
    "texture": "textures/ui/plutonium/edit_box_background_hover",
    "type": "image"
  },
  "header_button": {
    "$back_button|default": "§h§ù",
    "$home_button|default": "§h§a",
    "controls": [
      {
        "back_button@plutonium_buttons.header_button": {
          "$header_button_texture": "textures/ui/plutonium/back_button",
          "$hover_header_button_texture": "textures/ui/plutonium/hover_back_button",
          "$pressed_header_button_texture": "textures/ui/plutonium/pressed_back_button",
          "bindings": [
            {
              "binding_collection_name": "form_buttons",
              "binding_type": "collection_details"
            },
            {
              "binding_collection_name": "form_buttons",
              "binding_name": "#form_button_text",
              "binding_name_override": "#text",
              "binding_type": "collection"
            },
            {
              "binding_type": "view",
              "source_property_name": "(not ((#text - $back_button) = #text))",
              "target_property_name": "#visible"
            },
            {
              "binding_type": "view",
              "source_property_name": "(not ((#text - $back_button) = #text))",
              "target_property_name": "#enabled"
            }
          ],
          "enabled": false,
          "offset": [
            0,
            0
          ],
          "visible": false
        }
      },
      {
        "home_button@plutonium_buttons.header_button": {
          "$header_button_texture": "textures/ui/plutonium/home_button",
          "$hover_header_button_texture": "textures/ui/plutonium/hover_home_button",
          "$pressed_header_button_texture": "textures/ui/plutonium/pressed_home_button",
          "bindings": [
            {
              "binding_collection_name": "form_buttons",
              "binding_type": "collection_details"
            },
            {
              "binding_collection_name": "form_buttons",
              "binding_name": "#form_button_text",
              "binding_name_override": "#text",
              "binding_type": "collection"
            },
            {
              "binding_type": "view",
              "source_property_name": "(not ((#text - $home_button) = #text))",
              "target_property_name": "#visible"
            },
            {
              "binding_type": "view",
              "source_property_name": "(not ((#text - $home_button) = #text))",
              "target_property_name": "#enabled"
            }
          ],
          "enabled": false,
          "offset": [
            19,
            0
          ],
          "visible": false
        }
      }
    ],
    "size": [
      0,
      0
    ],
    "type": "panel"
  },
  "header_panel": {
    "controls": [
      {
        "background_panel": {
          "controls": [
            {
              "black_background@base_menu.panel_background": {
                "$background_color": [
                  0,
                  0,
                  0
                ],
                "alpha": 0.4,
                "anims": [
                  "@plutonium_animations.background_entrance_animation",
                  "@plutonium_animations.background_exit_animation"
                ],
                "offset": [
                  -2500,
                  -2500
                ],
                "size": [
                  10000,
                  10000
                ]
              }
            }
          ],
          "size": [
            0,
            0
          ],
          "type": "panel"
        }
      },
      {
        "title_panel": {
          "controls": [
            {
              "modal_title@base_menu.modal_title": {
                "layer": 3,
                "offset": [
                  17.5,
                  -0.5
                ]
              }
            },
            {
              "title_shadow@base_menu.title_shadow": {
                "layer": 2,
                "offset": [
                  19.5,
                  0.5
                ]
              }
            }
          ],
          "size": [
            "fill",
            "100%"
          ],
          "type": "panel"
        }
      },
      {
        "bar_panel": {
          "controls": [
            {
              "bar@base_menu.bar": {
                "layer": 1,
                "offset": [
                  15.5,
                  14
                ],
                "size": [
                  "92% - 1px",
                  4
                ]
              }
            }
          ],
          "size": [
            "100%",
            "100%"
          ],
          "type": "panel"
        }
      },
      {
        "close_button_panel": {
          "$default_close_button_texture|default": "textures/ui/plutonium/close_button",
          "$hover_close_button_texture|default": "textures/ui/plutonium/hover_close_button",
          "$pressed_close_button_texture|default": "textures/ui/plutonium/pressed_close_button",
          "controls": [
            {
              "close_button@common.close_button": {
                "$default_button_alpha": 1,
                "anchor_from": "top_right",
                "anchor_to": "top_right",
                "controls": [
                  {
                    "default@common.close_button_panel": {
                      "$button_alpha": "$default_button_alpha",
                      "$close_button_texture": "$default_close_button_texture",
                      "size": [
                        "100%",
                        "100%"
                      ]
                    }
                  },
                  {
                    "hover@common.close_button_panel": {
                      "$close_button_texture": "$hover_close_button_texture",
                      "size": [
                        "100%",
                        "100%"
                      ]
                    }
                  },
                  {
                    "pressed@common.close_button_panel": {
                      "$close_button_texture": "$pressed_close_button_texture",
                      "size": [
                        "100%",
                        "100%"
                      ]
                    }
                  }
                ],
                "layer": 6,
                "offset": [
                  -17,
                  0.5
                ],
                "size": [
                  14.7,
                  14.7
                ]
              }
            }
          ],
          "layer": 4,
          "size": [
            0,
            0
          ],
          "type": "panel"
        }
      },
      {
        "header_button_panel": {
          "controls": [
            {
              "long_form_headers_buttons_panel@base_menu.long_form_headers_buttons_panel": {
                "offset": [
                  -57,
                  -6.75
                ]
              }
            }
          ],
          "layer": 4,
          "size": [
            "100%",
            14.7
          ],
          "type": "panel"
        }
      }
    ],
    "orientation": "horizontal",
    "size": [
      "100%",
      20
    ],
    "type": "stack_panel"
  },
  "long_form_headers_buttons_panel": {
    "$dynamic_button|default": "base_menu.header_button",
    "anchor_from": "center",
    "anchor_to": "center",
    "bindings": [
      {
        "binding_name": "#form_button_length",
        "binding_name_override": "#collection_length"
      }
    ],
    "collection_name": "form_buttons",
    "factory": {
      "control_name": "$dynamic_button",
      "name": "buttons"
    },
    "orientation": "horizontal",
    "size": [
      "100% - 4px",
      "100%c"
    ],
    "type": "stack_panel"
  },
  "modal_title": {
    "anchor_from": "top_left",
    "anchor_to": "top_left",
    "bindings": [
      {
        "binding_name": "#title_text",
        "binding_type": "global"
      }
    ],
    "color": [
      0.4117647058823529,
      0.4549019607843137,
      0.8705882352941176
    ],
    "font_scale_factor": 2,
    "localize": false,
    "max_size": [
      "default",
      "100%"
    ],
    "shadow": false,
    "size": [
      "default",
      20
    ],
    "text": "#title_text",
    "text_alignment": "left",
    "type": "label"
  },
  "multiline_text_option_text_edit@settings_common.option_generic": {
    "$control_name": "base_menu.multiline_text_option_text_edit_control",
    "$max_text_edit_length|default": 30,
    "$option_place_holder_text|default": ""
  },
  "multiline_text_option_text_edit_control@common.multiline_text_edit_box": {
    "$option_text_edit_control_size|default": [
      "100%",
      "30px"
    ],
    "$place_holder_text": "$option_place_holder_text",
    "$text_background_default": "base_menu.edit_box_indent",
    "$text_background_hover": "base_menu.edit_box_indent_hover",
    "$text_box_enabled_binding_name": "$option_enabled_binding_name",
    "$text_box_tts_header": "$option_label",
    "$text_edit_box_binding_collection_name": "$option_binding_name",
    "$text_edit_box_binding_type": "global",
    "$text_edit_box_content_binding_name": "$option_binding_name",
    "$tts_override_control_value|default": " ",
    "constrain_to_rect": true,
    "enabled": "$enabled",
    "max_length": "$max_text_edit_length",
    "offset": [
      6,
      0
    ],
    "size": "$option_text_edit_control_size",
    "tts_override_control_value": "$tts_override_control_value",
    "variables": [
      {
        "$text_box_enabled_binding_name": "#not_data_bound",
        "$text_edit_box_enabled_binding_type": "none",
        "requires": "(not $option_enabled_binding_name or not $enabled)"
      }
    ]
  },
  "namespace": "base_menu",
  "option_group_label": {
    "$font_scale_factor|default": 1,
    "$font_type|default": "default",
    "$text_bindings|default": [],
    "$text_color|default": "$main_header_text_color",
    "$text_offset|default": [
      0,
      4
    ],
    "$text|default": "unset $text",
    "controls": [
      {
        "text": {
          "anchor_from": "top_left",
          "anchor_to": "top_left",
          "bindings": "$text_bindings",
          "color": "$text_color",
          "font_scale_factor": "$font_scale_factor",
          "font_type": "$font_type",
          "locked_alpha": 0.5,
          "max_size": [
            "100%",
            "default"
          ],
          "offset": "$text_offset",
          "text": "$text",
          "type": "label"
        }
      }
    ],
    "size": [
      "100%",
      "100%c + 9px"
    ],
    "type": "panel"
  },
  "option_text_edit@settings_common.option_generic": {
    "$control_name": "base_menu.option_text_edit_control",
    "$max_text_edit_length|default": 30,
    "$option_place_holder_text|default": ""
  },
  "option_text_edit_control@common.text_edit_box": {
    "$option_text_edit_control_size|default": [
      "100%",
      "30px"
    ],
    "$place_holder_text": "$option_place_holder_text",
    "$text_background_default": "base_menu.edit_box_indent",
    "$text_background_hover": "base_menu.edit_box_indent_hover",
    "$text_box_enabled_binding_name": "$option_enabled_binding_name",
    "$text_box_tts_header": "$option_label",
    "$text_edit_box_binding_collection_name": "$option_binding_name",
    "$text_edit_box_binding_type": "global",
    "$text_edit_box_content_binding_name": "$option_binding_name",
    "$tts_override_control_value|default": " ",
    "enabled": "$enabled",
    "max_length": "$max_text_edit_length",
    "offset": [
      6,
      0
    ],
    "size": "$option_text_edit_control_size",
    "tts_override_control_value": "$tts_override_control_value",
    "variables": [
      {
        "$text_box_enabled_binding_name": "#not_data_bound",
        "$text_edit_box_enabled_binding_type": "none",
        "requires": "(not $option_enabled_binding_name or not $enabled)"
      }
    ]
  },
  "option_toggle@settings_common.option_generic": {
    "$control_name": "base_menu.option_toggle_control",
    "$option_label|default": "",
    "$toggle_tts_header": "$option_label",
    "variables": [
      {
        "$one_line_layout": true,
        "requires": "$desktop_screen"
      }
    ]
  },
  "option_toggle_control@common.toggle": {
    "$binding_condition": "once",
    "$binding_type": "global",
    "$checked_control": "base_menu.option_toggle_on",
    "$checked_hover_control": "base_menu.option_toggle_on_hover",
    "$checked_locked_control": "settings_common.option_toggle_on_locked",
    "$checked_locked_hover_control": "settings_common.option_toggle_on_locked",
    "$enable_directional_toggling": false,
    "$toggle_enabled_binding_name|default": "$option_enabled_binding_name",
    "$toggle_enabled_binding_type|default": "global",
    "$toggle_state_binding_name|default": "$option_binding_name",
    "$unchecked_control": "base_menu.option_toggle_off",
    "$unchecked_hover_control": "base_menu.option_toggle_off_hover",
    "$unchecked_locked_control": "settings_common.option_toggle_off_locked",
    "$unchecked_locked_hover_control": "settings_common.option_toggle_off_locked",
    "enabled": "$enabled",
    "layer": 2,
    "size": [
      "100%",
      "100%c"
    ],
    "variables": [
      {
        "$toggle_enabled_binding_name": "#not_data_bound",
        "$toggle_enabled_binding_type": "none",
        "requires": "(not $option_enabled_binding_name or not $enabled)"
      }
    ]
  },
  "option_toggle_off@settings_common.option_toggle_state_template": {
    "texture": "textures/ui/plutonium/toggle_off"
  },
  "option_toggle_off_hover@settings_common.option_toggle_state_template": {
    "texture": "textures/ui/plutonium/toggle_off_hover"
  },
  "option_toggle_on@settings_common.option_toggle_state_template": {
    "texture": "textures/ui/plutonium/toggle_on"
  },
  "option_toggle_on_hover@settings_common.option_toggle_state_template": {
    "texture": "textures/ui/plutonium/toggle_on_hover"
  },
  "panel_background": {
    "$background_color|default": [],
    "$background_offset|default": [
      -2,
      0
    ],
    "$background_size|default": [
      "100% - 2px",
      "100% - 2px"
    ],
    "$background_texture|default": "textures/ui/plutonium/background",
    "color": "$background_color",
    "fill": true,
    "layer": 1,
    "offset": "$background_offset",
    "size": "$background_size",
    "texture": "$background_texture",
    "type": "image"
  },
  "panel_outline": {
    "$outline_color|default": [],
    "$outline_offset|default": [
      -2,
      0
    ],
    "$outline_size|default": [
      "100%",
      "100%"
    ],
    "$outline_texture|default": "textures/ui/plutonium/rounded_outline",
    "color": "$outline_color",
    "fill": true,
    "layer": 5,
    "offset": "$outline_offset",
    "size": "$outline_size",
    "texture": "$outline_texture",
    "type": "image"
  },
  "radio_visuals": {
    "$alpha|default": 1.0,
    "$background_color": [
      0.1176470588235294,
      0.1176470588235294,
      0.1176470588235294
    ],
    "$background_offset": [
      0,
      0
    ],
    "$background_size": [
      8,
      8
    ],
    "$hover_size": [
      8,
      8
    ],
    "$hovered|default": false,
    "$no_label|default": false,
    "$outline_color": "white",
    "$outline_offset": [
      0,
      0
    ],
    "$outline_size": [
      10,
      10
    ],
    "$outline_texture": "textures/ui/plutonium/thin_rounded_outline",
    "$radio_label_bindings|default": [],
    "$radio_label_color|default": "$main_header_text_color",
    "$radio_label_font_type|default": "default",
    "$selected|default": false,
    "controls": [
      {
        "panel_background@base_menu.panel_background": {
          "anchor_from": "left_middle",
          "anchor_to": "left_middle",
          "offset": [
            2,
            0
          ]
        }
      },
      {
        "panel_outline@base_menu.panel_outline": {
          "anchor_from": "left_middle",
          "anchor_to": "left_middle"
        }
      },
      {
        "panel_hover@base_menu.panel_background": {
          "$background_color": "white",
          "alpha": 0.2,
          "anchor_from": "left_middle",
          "anchor_to": "left_middle",
          "offset": [
            1,
            0
          ],
          "size": "$hover_size",
          "visible": "$hovered"
        }
      },
      {
        "radio_label": {
          "alpha": "$alpha",
          "anchor_from": "left_middle",
          "anchor_to": "left_middle",
          "bindings": "$radio_label_bindings",
          "color": "$radio_label_color",
          "font_type": "$radio_label_font_type",
          "ignored": "($no_label)",
          "layer": 2,
          "offset": [
            16,
            0.5
          ],
          "size": [
            "100% - 16px",
            "default"
          ],
          "text": "$radio_label_text",
          "type": "label"
        }
      }
    ],
    "size": [
      "100%",
      16
    ],
    "type": "panel",
    "variables": [
      {
        "$background_color": [
          0.4117647058823529,
          0.4549019607843137,
          0.8705882352941177
        ],
        "$background_size": [
          6,
          6
        ],
        "requires": "$selected"
      }
    ]
  },
  "radio_visuals_checked@base_menu.radio_visuals": {
    "$selected": true
  },
  "radio_visuals_checked_hover@base_menu.radio_visuals": {
    "$hovered": true,
    "$selected": true
  },
  "radio_visuals_checked_locked@base_menu.radio_visuals": {
    "$alpha": 0.5,
    "$selected": true
  },
  "radio_visuals_unchecked@base_menu.radio_visuals": {},
  "radio_visuals_unchecked_hover@base_menu.radio_visuals": {
    "$hovered": true
  },
  "radio_visuals_unchecked_locked@base_menu.radio_visuals": {
    "$alpha": 0.5
  },
  "radio_with_label": {
    "$enabled|default": true,
    "anchor_from": "top_left",
    "anchor_to": "top_left",
    "controls": [
      {
        "radio_with_label_core@base_menu.radio_with_label_core": {}
      }
    ],
    "offset": [
      3,
      0
    ],
    "size": [
      "100%",
      "13px"
    ],
    "type": "panel"
  },
  "radio_with_label_core@common.radio_toggle": {
    "$checked_control|default": "base_menu.radio_visuals_checked",
    "$checked_hover_control|default": "base_menu.radio_visuals_checked_hover",
    "$checked_locked_control|default": "base_menu.radio_visuals_checked_locked",
    "$checked_locked_hover_control|default": "base_menu.radio_visuals_checked_locked",
    "$radio_toggle_group": true,
    "$toggle_enabled_binding_name": "$option_enabled_binding_name",
    "$toggle_enabled_binding_type": "global",
    "$toggle_name|default": "$toggle_state_binding_name",
    "$unchecked_control|default": "base_menu.radio_visuals_unchecked",
    "$unchecked_hover_control|default": "base_menu.radio_visuals_unchecked_hover",
    "$unchecked_locked_control|default": "base_menu.radio_visuals_unchecked_locked",
    "$unchecked_locked_hover_control|default": "base_menu.radio_visuals_unchecked_locked",
    "enabled": "$enabled",
    "size": [
      "100%",
      "100%c"
    ],
    "variables": [
      {
        "$toggle_enabled_binding_name": "#not_data_bound",
        "$toggle_enabled_binding_type": "none",
        "requires": "(not $option_enabled_binding_name or not $enabled)"
      }
    ]
  },
  "scroll_indent_image": {
    "layer": 3,
    "size": [
      12,
      "100% + 4px"
    ],
    "texture": "textures/ui/plutonium/scroll_indent",
    "type": "image"
  },
  "scrollbar_box_image": {
    "layer": 4,
    "size": [
      8,
      "100%"
    ],
    "texture": "textures/ui/plutonium/scrollbar_box",
    "type": "image"
  },
  "scrolling_panel@common.scrolling_panel": {
    "$scroll_background_image_control": "base_menu.scroll_indent_image",
    "$scroll_bar_right_padding_size": [
      0,
      0
    ],
    "$scroll_bar_right_padding_size_touch": [
      0,
      0
    ],
    "$scroll_box_mouse_image_control": "base_menu.scrollbar_box_image",
    "$scroll_box_touch_image_control": "base_menu.scrollbar_box_image",
    "$scroll_size": [
      12,
      "100% - 4px"
    ],
    "$scroll_size_touch": [
      12,
      "100% - 4px"
    ],
    "$scroll_track_image_control": "base_menu.scroll_indent_image",
    "$scrolling_pane_offset": [
      0,
      0
    ],
    "$scrolling_pane_size": [
      "100% - 4px",
      "100% - 2px"
    ],
    "$show_background": false,
    "anchor_from": "top_left",
    "anchor_to": "top_left",
    "controls": [
      {
        "scroll_mouse@common.scrolling_panel_base": {
          "offset": "$scrolling_pane_offset",
          "size": "$scrolling_pane_size"
        }
      }
    ],
    "size": [
      "90%",
      "90%"
    ]
  },
  "title_shadow": {
    "anchor_from": "top_left",
    "anchor_to": "top_left",
    "bindings": [
      {
        "binding_name": "#title_text",
        "binding_type": "global"
      }
    ],
    "color": [
      0.2941176470588235,
      0.3294117647058824,
      0.6196078431372549
    ],
    "font_scale_factor": 2,
    "localize": false,
    "max_size": [
      "default",
      "100%"
    ],
    "shadow": false,
    "size": [
      "default",
      20
    ],
    "text": "#title_text",
    "text_alignment": "left",
    "type": "label"
  }
}