{
  "anim_alpha": {
    "anim_type": "alpha",
    "duration": 0.3,
    "easing": "linear",
    "from": 0,
    "to": 1
  },
  "background_entrance_animation": {
    "anim_type": "size",
    "duration": 0.5,
    "easing": "linear",
    "end_event": "screen.entrance_end",
    "from": 0,
    "play_event": "screen.entrance_push",
    "to": 0.4
  },
  "background_exit_animation": {
    "anim_type": "size",
    "duration": 0.5,
    "easing": "linear",
    "end_event": "screen.exit_end",
    "from": 0.4,
    "play_event": "screen.exit_push",
    "to": 0
  },
  "faction_icon_anim_size": {
    "anim_type": "size",
    "duration": 0.3,
    "easing": "linear",
    "from": [
      0,
      0
    ],
    "to": [
      60,
      60
    ]
  },
  "faction_icon_anim_size_2": {
    "anim_type": "size",
    "duration": 0.3,
    "easing": "linear",
    "from": [
      0,
      0
    ],
    "to": [
      24,
      24
    ]
  },
  "faction_icon_anim_size_3": {
    "anim_type": "size",
    "duration": 0.3,
    "easing": "linear",
    "from": [
      0,
      0
    ],
    "to": [
      50,
      50
    ]
  },
  "faction_icon_anim_size_4": {
    "anim_type": "size",
    "duration": 0.3,
    "easing": "linear",
    "from": [
      0,
      0
    ],
    "to": [
      40,
      40
    ]
  },
  "namespace": "plutonium_animations",
  "progress_anim_size": {
    "anim_type": "size",
    "duration": 0.3,
    "easing": "linear",
    "from": [
      0,
      "default"
    ],
    "to": [
      "100% - 4px",
      "default"
    ]
  },
  "progress_anim_size_2": {
    "anim_type": "size",
    "duration": 0.3,
    "easing": "linear",
    "from": [
      0,
      0
    ],
    "to": [
      "90%",
      "40,95px"
    ]
  },
  "progress_anim_size_3": {
    "anim_type": "size",
    "duration": 0.3,
    "easing": "linear",
    "from": [
      0,
      0
    ],
    "to": [
      "25%",
      "25px"
    ]
  },
  "progress_anim_size_4": {
    "anim_type": "size",
    "duration": 0.3,
    "easing": "linear",
    "from": [
      0,
      0
    ],
    "to": [
      115,
      "17,1491px"
    ]
  },
  "screen_entrance_animation_pop_alpha": {
    "anim_type": "alpha",
    "duration": 0.1,
    "easing": "linear",
    "end_event": "screen.entrance_end",
    "from": 0.0,
    "play_event": "screen.entrance_pop",
    "scale_from_starting_alpha": true,
    "to": 1.0
  },
  "screen_entrance_animation_pop_fade": {
    "anim_type": "alpha",
    "duration": 0.1,
    "easing": "out_cubic",
    "end_event": "screen.entrance_end",
    "from": 0.0,
    "play_event": "screen.entrance_pop",
    "to": 1.0
  },
  "screen_entrance_animation_push_alpha": {
    "anim_type": "alpha",
    "duration": 0.1,
    "easing": "linear",
    "end_event": "screen.entrance_end",
    "from": 0.0,
    "play_event": "screen.entrance_push",
    "scale_from_starting_alpha": true,
    "to": 1.0
  },
  "screen_entrance_animation_push_fade": {
    "anim_type": "alpha",
    "duration": 0.1,
    "easing": "out_cubic",
    "end_event": "screen.entrance_end",
    "from": 0.0,
    "play_event": "screen.entrance_push",
    "to": 1.0
  },
  "screen_exit_animation_pop_alpha": {
    "anim_type": "alpha",
    "duration": 0.1,
    "easing": "linear",
    "end_event": "screen.exit_end",
    "from": 1.0,
    "play_event": "screen.exit_pop",
    "scale_from_starting_alpha": true,
    "to": 0.0
  },
  "screen_exit_animation_pop_fade": {
    "anim_type": "alpha",
    "duration": 0.1,
    "easing": "out_cubic",
    "end_event": "screen.exit_end",
    "from": 1.0,
    "play_event": "screen.exit_pop",
    "to": 0.0
  },
  "screen_exit_animation_push_alpha": {
    "anim_type": "alpha",
    "duration": 0.1,
    "easing": "linear",
    "end_event": "screen.exit_end",
    "from": 1.0,
    "play_event": "screen.exit_push",
    "scale_from_starting_alpha": true,
    "to": 0.0
  },
  "screen_exit_animation_push_fade": {
    "anim_type": "alpha",
    "duration": 0.1,
    "easing": "out_cubic",
    "end_event": "screen.exit_end",
    "from": 1.0,
    "play_event": "screen.exit_push",
    "to": 0.0
  }
}