{
  "format_version": "1.12.0",
  "minecraft:geometry": [
    {
      "bones": [
        {
          "cubes": [
            {
              "origin": [
                -4,
                24,
                -4
              ],
              "size": [
                8,
                8,
                8
              ],
              "uv": [
                0,
                0
              ]
            }
          ],
          "name": "Head",
          "pivot": [
            0,
            24,
            0
          ],
          "rotation": [
            -1.01156,
            9.99923,
            -0.0885
          ]
        },
        {
          "cubes": [
            {
              "origin": [
                -4,
                12,
                -2
              ],
              "size": [
                8,
                12,
                4
              ],
              "uv": [
                16,
                16
              ]
            }
          ],
          "locators": {
            "particle": {
              "offset": [
                0,
                10,
                0
              ],
              "rotation": [
                180,
                0,
                0
              ]
            }
          },
          "name": "Body",
          "pivot": [
            0,
            24,
            0
          ]
        },
        {
          "cubes": [
            {
              "origin": [
                -7,
                12,
                -2
              ],
              "size": [
                3,
                12,
                4
              ],
              "uv": [
                32,
                48
              ]
            }
          ],
          "name": "RightArm",
          "pivot": [
            -5,
            22,
            0
          ],
          "rotation": [
            -24.91615,
            1.29876,
            7.38733
          ]
        },
        {
          "cubes": [
            {
              "origin": [
                4,
                12,
                -2
              ],
              "size": [
                3,
                12,
                4
              ],
              "uv": [
                40,
                16
              ]
            }
          ],
          "name": "LeftArm",
          "pivot": [
            5,
            22,
            0
          ],
          "rotation": [
            21.9829,
            0.261,
            -7.49548
          ]
        },
        {
          "cubes": [
            {
              "origin": [
                -3.9,
                0,
                -2
              ],
              "size": [
                4,
                12,
                4
              ],
              "uv": [
                0,
                16
              ]
            }
          ],
          "name": "RightLeg",
          "pivot": [
            -1.9,
            12,
            0
          ],
          "rotation": [
            18.5,
            0,
            2
          ]
        },
        {
          "cubes": [
            {
              "origin": [
                -0.1,
                0,
                -2
              ],
              "size": [
                4,
                12,
                4
              ],
              "uv": [
                16,
                48
              ]
            }
          ],
          "name": "LeftLeg",
          "pivot": [
            1.9,
            12,
            0
          ],
          "rotation": [
            -22.5,
            0,
            -2
          ]
        }
      ],
      "description": {
        "identifier": "geometry.marketplace.texturepack.alex",
        "texture_height": 64,
        "texture_width": 64,
        "visible_bounds_height": 3.5,
        "visible_bounds_offset": [
          0,
          1.25,
          0
        ],
        "visible_bounds_width": 3
      }
    }
  ]
}