{
  "format_version": "1.12.0",
  "minecraft:geometry": [
    {
      "bones": [
        {
          "cubes": [
            {
              "origin": [
                -19,
                56,
                13
              ],
              "pivot": [
                -15,
                56,
                17
              ],
              "rotation": [
                15,
                -40,
                0
              ],
              "size": [
                8,
                8,
                8
              ],
              "uv": [
                0,
                0
              ]
            },
            {
              "origin": [
                -19,
                44,
                15
              ],
              "pivot": [
                -15,
                0,
                17
              ],
              "rotation": [
                0,
                -40,
                0
              ],
              "size": [
                8,
                12,
                4
              ],
              "uv": [
                16,
                16
              ]
            },
            {
              "origin": [
                -20.59627,
                44,
                11.14327
              ],
              "pivot": [
                -19.59627,
                54,
                13.14327
              ],
              "rotation": [
                -57.05847,
                -30.66101,
                45.04792
              ],
              "size": [
                3,
                12,
                4
              ],
              "uv": [
                40,
                16
              ]
            },
            {
              "origin": [
                -12.40373,
                44,
                18.85673
              ],
              "pivot": [
                -10.40373,
                54,
                20.85673
              ],
              "rotation": [
                -0.8386,
                -37.80946,
                -22.37174
              ],
              "size": [
                3,
                12,
                4
              ],
              "uv": [
                32,
                48
              ]
            },
            {
              "origin": [
                -18.45548,
                32,
                13.7787
              ],
              "pivot": [
                -16.45548,
                44,
                15.7787
              ],
              "rotation": [
                -10,
                -40,
                0
              ],
              "size": [
                4,
                12,
                4
              ],
              "uv": [
                0,
                16
              ]
            },
            {
              "origin": [
                -15.54452,
                32,
                16.2213
              ],
              "pivot": [
                -13.54452,
                44,
                18.2213
              ],
              "rotation": [
                12.5,
                -40,
                0
              ],
              "size": [
                4,
                12,
                4
              ],
              "uv": [
                16,
                48
              ]
            }
          ],
          "name": "head",
          "pivot": [
            1.39728,
            -3.42353,
            -2.40834
          ]
        },
        {
          "cubes": [
            {
              "origin": [
                10,
                18,
                -22
              ],
              "size": [
                12,
                11,
                12
              ],
              "uv": {
                "down": {
                  "uv": [
                    84,
                    52
                  ],
                  "uv_size": [
                    12,
                    -12
                  ]
                },
                "east": {
                  "uv": [
                    92,
                    63
                  ],
                  "uv_size": [
                    12,
                    11
                  ]
                },
                "north": {
                  "uv": [
                    92,
                    52
                  ],
                  "uv_size": [
                    12,
                    11
                  ]
                },
                "south": {
                  "uv": [
                    68,
                    68
                  ],
                  "uv_size": [
                    12,
                    11
                  ]
                },
                "up": {
                  "uv": [
                    68,
                    56
                  ],
                  "uv_size": [
                    12,
                    12
                  ]
                },
                "west": {
                  "uv": [
                    96,
                    40
                  ],
                  "uv_size": [
                    12,
                    11
                  ]
                }
              }
            },
            {
              "origin": [
                11,
                27,
                -21
              ],
              "size": [
                10,
                2,
                10
              ],
              "uv": {
                "east": {
                  "uv": [
                    104,
                    55
                  ],
                  "uv_size": [
                    10,
                    2
                  ]
                },
                "north": {
                  "uv": [
                    104,
                    53
                  ],
                  "uv_size": [
                    10,
                    2
                  ]
                },
                "south": {
                  "uv": [
                    104,
                    57
                  ],
                  "uv_size": [
                    10,
                    2
                  ]
                },
                "west": {
                  "uv": [
                    104,
                    59
                  ],
                  "uv_size": [
                    10,
                    2
                  ]
                }
              }
            },
            {
              "origin": [
                10,
                27,
                -22
              ],
              "size": [
                12,
                0,
                12
              ],
              "uv": {
                "east": {
                  "uv": [
                    68,
                    40
                  ],
                  "uv_size": [
                    12,
                    0
                  ]
                },
                "north": {
                  "uv": [
                    68,
                    40
                  ],
                  "uv_size": [
                    12,
                    0
                  ]
                },
                "south": {
                  "uv": [
                    68,
                    40
                  ],
                  "uv_size": [
                    12,
                    0
                  ]
                },
                "up": {
                  "uv": [
                    80,
                    56
                  ],
                  "uv_size": [
                    12,
                    12
                  ]
                },
                "west": {
                  "uv": [
                    68,
                    40
                  ],
                  "uv_size": [
                    12,
                    0
                  ]
                }
              }
            }
          ],
          "name": "enchanter_table",
          "parent": "head",
          "pivot": [
            16,
            18,
            -16
          ]
        },
        {
          "cubes": [
            {
              "origin": [
                11,
                14.5,
                -24
              ],
              "pivot": [
                16,
                19.5,
                -16
              ],
              "rotation": [
                -90,
                0,
                0
              ],
              "size": [
                10,
                10,
                0
              ],
              "uv": {
                "down": {
                  "uv": [
                    68,
                    40
                  ],
                  "uv_size": [
                    16,
                    0
                  ]
                },
                "east": {
                  "uv": [
                    68,
                    40
                  ],
                  "uv_size": [
                    0,
                    16
                  ]
                },
                "north": {
                  "uv": [
                    68,
                    40
                  ],
                  "uv_size": [
                    16,
                    16
                  ]
                },
                "up": {
                  "uv": [
                    68,
                    40
                  ],
                  "uv_size": [
                    16,
                    0
                  ]
                },
                "west": {
                  "uv": [
                    68,
                    40
                  ],
                  "uv_size": [
                    0,
                    16
                  ]
                }
              }
            }
          ],
          "name": "spiral1",
          "parent": "enchanter_table",
          "pivot": [
            16,
            19.5,
            -16
          ]
        },
        {
          "cubes": [
            {
              "origin": [
                11,
                15.25,
                -24
              ],
              "pivot": [
                16,
                20.25,
                -16
              ],
              "rotation": [
                -90,
                0,
                0
              ],
              "size": [
                10,
                10,
                0
              ],
              "uv": {
                "down": {
                  "uv": [
                    68,
                    40
                  ],
                  "uv_size": [
                    16,
                    0
                  ]
                },
                "east": {
                  "uv": [
                    68,
                    40
                  ],
                  "uv_size": [
                    0,
                    16
                  ]
                },
                "north": {
                  "uv": [
                    68,
                    40
                  ],
                  "uv_size": [
                    16,
                    16
                  ]
                },
                "up": {
                  "uv": [
                    68,
                    40
                  ],
                  "uv_size": [
                    16,
                    0
                  ]
                },
                "west": {
                  "uv": [
                    68,
                    40
                  ],
                  "uv_size": [
                    0,
                    16
                  ]
                }
              }
            }
          ],
          "name": "spiral2",
          "parent": "enchanter_table",
          "pivot": [
            16,
            20.25,
            -16
          ]
        },
        {
          "cubes": [
            {
              "origin": [
                14,
                26,
                -18
              ],
              "size": [
                4,
                3,
                4
              ],
              "uv": {
                "east": {
                  "uv": [
                    104,
                    61
                  ],
                  "uv_size": [
                    4,
                    3
                  ]
                },
                "north": {
                  "uv": [
                    88,
                    52
                  ],
                  "uv_size": [
                    4,
                    3
                  ]
                },
                "south": {
                  "uv": [
                    92,
                    76
                  ],
                  "uv_size": [
                    4,
                    3
                  ]
                },
                "up": {
                  "uv": [
                    84,
                    52
                  ],
                  "uv_size": [
                    4,
                    4
                  ]
                },
                "west": {
                  "uv": [
                    104,
                    64
                  ],
                  "uv_size": [
                    4,
                    3
                  ]
                }
              }
            }
          ],
          "name": "gem",
          "parent": "enchanter_table",
          "pivot": [
            16,
            26,
            -16
          ]
        },
        {
          "name": "lids",
          "parent": "enchanter_table",
          "pivot": [
            16,
            18,
            -16
          ]
        },
        {
          "cubes": [
            {
              "origin": [
                16,
                30,
                -22
              ],
              "pivot": [
                16,
                19,
                -16
              ],
              "rotation": [
                0,
                0,
                17.5
              ],
              "size": [
                6,
                2,
                12
              ],
              "uv": {
                "down": {
                  "uv": [
                    92,
                    80
                  ],
                  "uv_size": [
                    -6,
                    -12
                  ]
                },
                "east": {
                  "uv": [
                    116,
                    51
                  ],
                  "uv_size": [
                    -12,
                    2
                  ]
                },
                "north": {
                  "uv": [
                    110,
                    67
                  ],
                  "uv_size": [
                    -6,
                    2
                  ]
                },
                "south": {
                  "uv": [
                    102,
                    76
                  ],
                  "uv_size": [
                    -6,
                    2
                  ]
                },
                "up": {
                  "uv": [
                    86,
                    68
                  ],
                  "uv_size": [
                    -6,
                    12
                  ]
                },
                "west": {
                  "uv": [
                    104,
                    74
                  ],
                  "uv_size": [
                    -12,
                    2
                  ]
                }
              }
            }
          ],
          "name": "lid1",
          "parent": "lids",
          "pivot": [
            22,
            29,
            -16
          ]
        },
        {
          "cubes": [
            {
              "origin": [
                10,
                30,
                -22
              ],
              "pivot": [
                16,
                19,
                -16
              ],
              "rotation": [
                0,
                0,
                -15
              ],
              "size": [
                6,
                2,
                12
              ],
              "uv": {
                "down": {
                  "uv": [
                    86,
                    80
                  ],
                  "uv_size": [
                    6,
                    -12
                  ]
                },
                "east": {
                  "uv": [
                    92,
                    74
                  ],
                  "uv_size": [
                    12,
                    2
                  ]
                },
                "north": {
                  "uv": [
                    104,
                    67
                  ],
                  "uv_size": [
                    6,
                    2
                  ]
                },
                "south": {
                  "uv": [
                    96,
                    76
                  ],
                  "uv_size": [
                    6,
                    2
                  ]
                },
                "up": {
                  "uv": [
                    80,
                    68
                  ],
                  "uv_size": [
                    6,
                    12
                  ]
                },
                "west": {
                  "uv": [
                    104,
                    51
                  ],
                  "uv_size": [
                    12,
                    2
                  ]
                }
              }
            }
          ],
          "name": "lid2",
          "parent": "lids",
          "pivot": [
            10,
            29,
            -16
          ]
        }
      ],
      "description": {
        "identifier": "geometry.marketplace.beta.stand",
        "texture_height": 128,
        "texture_width": 128,
        "visible_bounds_height": 15,
        "visible_bounds_offset": [
          0,
          -2.5,
          0
        ],
        "visible_bounds_width": 35
      }
    }
  ]
}