{
  "format_version": "1.12.0",
  "minecraft:geometry": [
    {
      "bones": [
        {
          "name": "root",
          "pivot": [
            0,
            -13,
            0
          ]
        },
        {
          "cubes": [
            {
              "origin": [
                -0.1,
                -13,
                -2
              ],
              "size": [
                4,
                12,
                4
              ],
              "uv": [
                16,
                48
              ]
            }
          ],
          "name": "LeftLeg",
          "parent": "root",
          "pivot": [
            1.9,
            -1,
            0
          ],
          "rotation": [
            -22.5,
            0,
            -2
          ]
        },
        {
          "cubes": [
            {
              "origin": [
                -3.9,
                -13,
                -2
              ],
              "size": [
                4,
                12,
                4
              ],
              "uv": [
                0,
                16
              ]
            }
          ],
          "name": "RightLeg",
          "parent": "root",
          "pivot": [
            -1.9,
            -1,
            0
          ],
          "rotation": [
            18.5,
            0,
            2
          ]
        },
        {
          "cubes": [
            {
              "origin": [
                4,
                -1,
                -2
              ],
              "size": [
                3,
                12,
                4
              ],
              "uv": [
                32,
                48
              ]
            }
          ],
          "name": "LeftArm",
          "parent": "root",
          "pivot": [
            5,
            9,
            0
          ],
          "rotation": [
            -155.68984,
            -17.21711,
            26.20067
          ]
        },
        {
          "cubes": [
            {
              "origin": [
                -7,
                -1,
                -2
              ],
              "size": [
                3,
                12,
                4
              ],
              "uv": [
                40,
                16
              ]
            }
          ],
          "name": "RightArm",
          "parent": "root",
          "pivot": [
            -5,
            9,
            0
          ],
          "rotation": [
            -158.253,
            17.44524,
            -27.05528
          ]
        },
        {
          "cubes": [
            {
              "origin": [
                -4,
                -1,
                -2
              ],
              "size": [
                8,
                12,
                4
              ],
              "uv": [
                16,
                16
              ]
            }
          ],
          "name": "Body",
          "parent": "root",
          "pivot": [
            0,
            11,
            0
          ]
        },
        {
          "cubes": [
            {
              "origin": [
                -4,
                11,
                -4
              ],
              "size": [
                8,
                8,
                8
              ],
              "uv": [
                0,
                0
              ]
            }
          ],
          "name": "Head",
          "parent": "root",
          "pivot": [
            0,
            11,
            0
          ],
          "rotation": [
            -1.01156,
            9.99923,
            -0.0885
          ]
        }
      ],
      "description": {
        "identifier": "geometry.marketplace.luckyblock.main",
        "texture_height": 64,
        "texture_width": 64,
        "visible_bounds_height": 4,
        "visible_bounds_offset": [
          0,
          1,
          0
        ],
        "visible_bounds_width": 3
      }
    }
  ]
}