{
  "format_version": "1.12.0",
  "minecraft:geometry": [
    {
      "bones": [
        {
          "name": "root",
          "pivot": [
            0,
            0,
            0
          ]
        },
        {
          "name": "player",
          "parent": "root",
          "pivot": [
            -4,
            -1,
            0
          ],
          "rotation": [
            0,
            37.5,
            15
          ]
        },
        {
          "name": "waist",
          "parent": "player",
          "pivot": [
            -4,
            11,
            0
          ],
          "rotation": [
            0,
            0,
            17.5
          ]
        },
        {
          "cubes": [
            {
              "origin": [
                -8,
                11,
                -2
              ],
              "size": [
                8,
                12,
                4
              ],
              "uv": [
                16,
                16
              ]
            }
          ],
          "name": "body",
          "parent": "waist",
          "pivot": [
            -4,
            23,
            0
          ]
        },
        {
          "cubes": [
            {
              "origin": [
                -8,
                23,
                -4
              ],
              "size": [
                8,
                8,
                8
              ],
              "uv": [
                0,
                0
              ]
            }
          ],
          "name": "head",
          "parent": "body",
          "pivot": [
            -4,
            23,
            0
          ],
          "rotation": [
            -27.5,
            0,
            0
          ]
        },
        {
          "cubes": [
            {
              "inflate": 0.5,
              "origin": [
                -8,
                23,
                -4
              ],
              "size": [
                8,
                8,
                8
              ],
              "uv": [
                32,
                0
              ]
            }
          ],
          "name": "hat",
          "parent": "head",
          "pivot": [
            -4,
            23,
            0
          ]
        },
        {
          "cubes": [
            {
              "origin": [
                0,
                10.5,
                -2
              ],
              "size": [
                3,
                12,
                4
              ],
              "uv": [
                32,
                48
              ]
            }
          ],
          "name": "leftArm",
          "parent": "body",
          "pivot": [
            1,
            20.5,
            0
          ],
          "rotation": [
            0,
            0,
            -135
          ]
        },
        {
          "cubes": [
            {
              "inflate": 0.25,
              "origin": [
                0,
                10.5,
                -2
              ],
              "size": [
                3,
                12,
                4
              ],
              "uv": [
                48,
                48
              ]
            }
          ],
          "name": "leftSleeve",
          "parent": "leftArm",
          "pivot": [
            1,
            20.5,
            0
          ]
        },
        {
          "name": "leftItem",
          "parent": "leftArm",
          "pivot": [
            2,
            13.5,
            1
          ]
        },
        {
          "cubes": [
            {
              "origin": [
                -11,
                10.5,
                -2
              ],
              "size": [
                3,
                12,
                4
              ],
              "uv": [
                40,
                16
              ]
            }
          ],
          "name": "rightArm",
          "parent": "body",
          "pivot": [
            -9,
            20.5,
            0
          ],
          "rotation": [
            0,
            0,
            142.5
          ]
        },
        {
          "cubes": [
            {
              "inflate": 0.25,
              "origin": [
                -11,
                10.5,
                -2
              ],
              "size": [
                3,
                12,
                4
              ],
              "uv": [
                40,
                32
              ]
            }
          ],
          "name": "rightSleeve",
          "parent": "rightArm",
          "pivot": [
            -9,
            20.5,
            0
          ]
        },
        {
          "locators": {
            "lead_hold": [
              -10,
              13.5,
              1
            ]
          },
          "name": "rightItem",
          "parent": "rightArm",
          "pivot": [
            -10,
            13.5,
            1
          ]
        },
        {
          "cubes": [
            {
              "inflate": 0.25,
              "origin": [
                -8,
                11,
                -2
              ],
              "size": [
                8,
                12,
                4
              ],
              "uv": [
                16,
                32
              ]
            }
          ],
          "name": "jacket",
          "parent": "body",
          "pivot": [
            -4,
            23,
            0
          ]
        },
        {
          "name": "cape",
          "parent": "body",
          "pivot": [
            -4,
            23,
            -3
          ]
        },
        {
          "cubes": [
            {
              "origin": [
                -7.9,
                -1,
                -2
              ],
              "size": [
                4,
                12,
                4
              ],
              "uv": [
                0,
                16
              ]
            }
          ],
          "name": "rightLeg",
          "parent": "player",
          "pivot": [
            -5.9,
            11,
            0
          ],
          "rotation": [
            0,
            0,
            27.5
          ]
        },
        {
          "cubes": [
            {
              "inflate": 0.25,
              "origin": [
                -7.9,
                -1,
                -2
              ],
              "size": [
                4,
                12,
                4
              ],
              "uv": [
                0,
                32
              ]
            }
          ],
          "name": "rightPants",
          "parent": "rightLeg",
          "pivot": [
            -5.9,
            11,
            0
          ]
        },
        {
          "cubes": [
            {
              "origin": [
                -4.1,
                -1,
                -2
              ],
              "size": [
                4,
                12,
                4
              ],
              "uv": [
                16,
                48
              ]
            }
          ],
          "mirror": true,
          "name": "leftLeg",
          "parent": "player",
          "pivot": [
            -2.1,
            11,
            0
          ],
          "rotation": [
            0,
            0,
            -10
          ]
        },
        {
          "cubes": [
            {
              "inflate": 0.25,
              "origin": [
                -4.1,
                -1,
                -2
              ],
              "size": [
                4,
                12,
                4
              ],
              "uv": [
                0,
                48
              ]
            }
          ],
          "name": "leftPants",
          "parent": "leftLeg",
          "pivot": [
            -2.1,
            11,
            0
          ]
        },
        {
          "cubes": [
            {
              "origin": [
                -8,
                0.01,
                -8
              ],
              "size": [
                16,
                0,
                16
              ],
              "uv": {
                "east": {
                  "uv": [
                    0,
                    0
                  ],
                  "uv_size": [
                    16,
                    0
                  ]
                },
                "north": {
                  "uv": [
                    0,
                    0
                  ],
                  "uv_size": [
                    16,
                    0
                  ]
                },
                "south": {
                  "uv": [
                    0,
                    0
                  ],
                  "uv_size": [
                    16,
                    0
                  ]
                },
                "up": {
                  "uv": [
                    0,
                    64
                  ],
                  "uv_size": [
                    16,
                    16
                  ]
                },
                "west": {
                  "uv": [
                    0,
                    0
                  ],
                  "uv_size": [
                    16,
                    0
                  ]
                }
              }
            }
          ],
          "name": "hole",
          "parent": "root",
          "pivot": [
            0,
            0,
            0
          ]
        }
      ],
      "description": {
        "identifier": "geometry.marketplace.main.main.one",
        "texture_height": 128,
        "texture_width": 128,
        "visible_bounds_height": 4,
        "visible_bounds_offset": [
          0,
          1,
          0
        ],
        "visible_bounds_width": 4
      }
    }
  ]
}