{
  "format_version": "1.12.0",
  "minecraft:geometry": [
    {
      "bones": [
        {
          "name": "root",
          "pivot": [
            0,
            0,
            0
          ],
          "rotation": [
            0,
            180,
            0
          ]
        },
        {
          "locators": {
            "portal_relic": [
              0,
              20,
              -13
            ],
            "portal_relic2": {
              "offset": [
                0,
                20,
                13
              ],
              "rotation": [
                180,
                0,
                -180
              ]
            }
          },
          "name": "waist",
          "parent": "root",
          "pivot": [
            0,
            12,
            0
          ]
        },
        {
          "cubes": [
            {
              "origin": [
                -3,
                12,
                -3
              ],
              "size": [
                6,
                12,
                6
              ],
              "uv": {
                "down": {
                  "uv": [
                    62,
                    51
                  ],
                  "uv_size": [
                    6,
                    -6
                  ]
                },
                "east": {
                  "uv": [
                    48,
                    32
                  ],
                  "uv_size": [
                    6,
                    12
                  ]
                },
                "north": {
                  "uv": [
                    48,
                    20
                  ],
                  "uv_size": [
                    6,
                    12
                  ]
                },
                "south": {
                  "uv": [
                    48,
                    44
                  ],
                  "uv_size": [
                    6,
                    12
                  ]
                },
                "up": {
                  "uv": [
                    40,
                    58
                  ],
                  "uv_size": [
                    6,
                    6
                  ]
                },
                "west": {
                  "uv": [
                    32,
                    50
                  ],
                  "uv_size": [
                    6,
                    12
                  ]
                }
              }
            }
          ],
          "locators": {
            "particles": [
              0,
              12,
              0
            ]
          },
          "name": "body",
          "parent": "waist",
          "pivot": [
            0,
            19,
            0
          ]
        },
        {
          "cubes": [
            {
              "origin": [
                -9,
                17.40576,
                9.10943
              ],
              "pivot": [
                0,
                0,
                0
              ],
              "rotation": [
                15,
                0,
                0
              ],
              "size": [
                18,
                4,
                4
              ],
              "uv": {
                "down": {
                  "uv": [
                    54,
                    36
                  ],
                  "uv_size": [
                    18,
                    -4
                  ]
                },
                "east": {
                  "uv": [
                    35,
                    70
                  ],
                  "uv_size": [
                    4,
                    4
                  ]
                },
                "north": {
                  "uv": [
                    54,
                    20
                  ],
                  "uv_size": [
                    18,
                    4
                  ]
                },
                "south": {
                  "uv": [
                    54,
                    24
                  ],
                  "uv_size": [
                    18,
                    4
                  ]
                },
                "up": {
                  "uv": [
                    54,
                    28
                  ],
                  "uv_size": [
                    18,
                    4
                  ]
                },
                "west": {
                  "uv": [
                    52,
                    70
                  ],
                  "uv_size": [
                    4,
                    4
                  ]
                }
              }
            },
            {
              "inflate": 0.2,
              "origin": [
                -4,
                17.40576,
                9.10943
              ],
              "pivot": [
                0,
                0,
                0
              ],
              "rotation": [
                15,
                0,
                0
              ],
              "size": [
                8,
                4,
                4
              ],
              "uv": {
                "down": {
                  "uv": [
                    0,
                    69
                  ],
                  "uv_size": [
                    8,
                    -4
                  ]
                },
                "east": {
                  "uv": [
                    56,
                    70
                  ],
                  "uv_size": [
                    4,
                    4
                  ]
                },
                "north": {
                  "uv": [
                    24,
                    57
                  ],
                  "uv_size": [
                    8,
                    4
                  ]
                },
                "south": {
                  "uv": [
                    40,
                    64
                  ],
                  "uv_size": [
                    8,
                    4
                  ]
                },
                "up": {
                  "uv": [
                    64,
                    63
                  ],
                  "uv_size": [
                    8,
                    4
                  ]
                },
                "west": {
                  "uv": [
                    70,
                    59
                  ],
                  "uv_size": [
                    4,
                    4
                  ]
                }
              }
            }
          ],
          "name": "cloth",
          "parent": "body",
          "pivot": [
            0,
            21.61986,
            5.70831
          ]
        },
        {
          "name": "coat",
          "parent": "body",
          "pivot": [
            0,
            24,
            0
          ]
        },
        {
          "cubes": [
            {
              "origin": [
                -8,
                12.22354,
                -2.89778
              ],
              "size": [
                16,
                11,
                0
              ],
              "uv": {
                "down": {
                  "uv": [
                    0,
                    0
                  ],
                  "uv_size": [
                    16,
                    0
                  ]
                },
                "east": {
                  "uv": [
                    0,
                    0
                  ],
                  "uv_size": [
                    0,
                    11
                  ]
                },
                "north": {
                  "uv": [
                    32,
                    0
                  ],
                  "uv_size": [
                    16,
                    11
                  ]
                },
                "south": {
                  "uv": [
                    32,
                    11
                  ],
                  "uv_size": [
                    16,
                    11
                  ]
                },
                "up": {
                  "uv": [
                    0,
                    0
                  ],
                  "uv_size": [
                    16,
                    0
                  ]
                },
                "west": {
                  "uv": [
                    0,
                    0
                  ],
                  "uv_size": [
                    0,
                    11
                  ]
                }
              }
            }
          ],
          "name": "coat4",
          "parent": "coat",
          "pivot": [
            0,
            24,
            0
          ],
          "rotation": [
            0,
            90,
            15
          ]
        },
        {
          "cubes": [
            {
              "origin": [
                -8,
                5.22354,
                -2.89778
              ],
              "size": [
                16,
                7,
                0
              ],
              "uv": {
                "down": {
                  "uv": [
                    0,
                    0
                  ],
                  "uv_size": [
                    16,
                    0
                  ]
                },
                "east": {
                  "uv": [
                    0,
                    0
                  ],
                  "uv_size": [
                    0,
                    7
                  ]
                },
                "north": {
                  "uv": [
                    16,
                    40
                  ],
                  "uv_size": [
                    16,
                    7
                  ]
                },
                "south": {
                  "uv": [
                    32,
                    43
                  ],
                  "uv_size": [
                    16,
                    7
                  ]
                },
                "up": {
                  "uv": [
                    0,
                    0
                  ],
                  "uv_size": [
                    16,
                    0
                  ]
                },
                "west": {
                  "uv": [
                    0,
                    0
                  ],
                  "uv_size": [
                    0,
                    7
                  ]
                }
              }
            },
            {
              "inflate": 0.2,
              "origin": [
                -8,
                4.74058,
                -3.01837
              ],
              "size": [
                16,
                3,
                1
              ],
              "uv": {
                "down": {
                  "uv": [
                    71,
                    46
                  ],
                  "uv_size": [
                    16,
                    -1
                  ]
                },
                "east": {
                  "uv": [
                    46,
                    75
                  ],
                  "uv_size": [
                    1,
                    3
                  ]
                },
                "north": {
                  "uv": [
                    62,
                    39
                  ],
                  "uv_size": [
                    16,
                    3
                  ]
                },
                "south": {
                  "uv": [
                    62,
                    42
                  ],
                  "uv_size": [
                    16,
                    3
                  ]
                },
                "up": {
                  "uv": [
                    69,
                    13
                  ],
                  "uv_size": [
                    16,
                    1
                  ]
                },
                "west": {
                  "uv": [
                    47,
                    75
                  ],
                  "uv_size": [
                    1,
                    3
                  ]
                }
              }
            }
          ],
          "name": "coatB4",
          "parent": "coat4",
          "pivot": [
            0,
            12.22354,
            -2.89778
          ]
        },
        {
          "cubes": [
            {
              "origin": [
                -8,
                12.22354,
                -2.89778
              ],
              "size": [
                16,
                11,
                0
              ],
              "uv": {
                "down": {
                  "uv": [
                    0,
                    0
                  ],
                  "uv_size": [
                    16,
                    0
                  ]
                },
                "east": {
                  "uv": [
                    0,
                    0
                  ],
                  "uv_size": [
                    0,
                    11
                  ]
                },
                "north": {
                  "uv": [
                    0,
                    22
                  ],
                  "uv_size": [
                    16,
                    11
                  ]
                },
                "south": {
                  "uv": [
                    16,
                    22
                  ],
                  "uv_size": [
                    16,
                    11
                  ]
                },
                "up": {
                  "uv": [
                    0,
                    0
                  ],
                  "uv_size": [
                    16,
                    0
                  ]
                },
                "west": {
                  "uv": [
                    0,
                    0
                  ],
                  "uv_size": [
                    0,
                    11
                  ]
                }
              }
            }
          ],
          "name": "coat3",
          "parent": "coat",
          "pivot": [
            0,
            24,
            0
          ],
          "rotation": [
            165,
            0,
            -180
          ]
        },
        {
          "cubes": [
            {
              "origin": [
                -8,
                5.22354,
                -2.89778
              ],
              "size": [
                16,
                7,
                0
              ],
              "uv": {
                "down": {
                  "uv": [
                    0,
                    0
                  ],
                  "uv_size": [
                    16,
                    0
                  ]
                },
                "east": {
                  "uv": [
                    0,
                    0
                  ],
                  "uv_size": [
                    0,
                    7
                  ]
                },
                "north": {
                  "uv": [
                    32,
                    36
                  ],
                  "uv_size": [
                    16,
                    7
                  ]
                },
                "south": {
                  "uv": [
                    0,
                    40
                  ],
                  "uv_size": [
                    16,
                    7
                  ]
                },
                "up": {
                  "uv": [
                    0,
                    0
                  ],
                  "uv_size": [
                    16,
                    0
                  ]
                },
                "west": {
                  "uv": [
                    0,
                    0
                  ],
                  "uv_size": [
                    0,
                    7
                  ]
                }
              }
            },
            {
              "inflate": 0.2,
              "origin": [
                -8,
                4.74058,
                -3.01837
              ],
              "size": [
                16,
                3,
                1
              ],
              "uv": {
                "down": {
                  "uv": [
                    67,
                    58
                  ],
                  "uv_size": [
                    16,
                    -1
                  ]
                },
                "east": {
                  "uv": [
                    75,
                    32
                  ],
                  "uv_size": [
                    1,
                    3
                  ]
                },
                "north": {
                  "uv": [
                    24,
                    62
                  ],
                  "uv_size": [
                    16,
                    3
                  ]
                },
                "south": {
                  "uv": [
                    62,
                    36
                  ],
                  "uv_size": [
                    16,
                    3
                  ]
                },
                "up": {
                  "uv": [
                    67,
                    56
                  ],
                  "uv_size": [
                    16,
                    1
                  ]
                },
                "west": {
                  "uv": [
                    45,
                    75
                  ],
                  "uv_size": [
                    1,
                    3
                  ]
                }
              }
            }
          ],
          "name": "coatB3",
          "parent": "coat3",
          "pivot": [
            0,
            12.22354,
            -2.89778
          ]
        },
        {
          "cubes": [
            {
              "origin": [
                -8,
                12.22354,
                -2.89778
              ],
              "size": [
                16,
                11,
                0
              ],
              "uv": {
                "down": {
                  "uv": [
                    0,
                    0
                  ],
                  "uv_size": [
                    16,
                    0
                  ]
                },
                "east": {
                  "uv": [
                    0,
                    0
                  ],
                  "uv_size": [
                    0,
                    11
                  ]
                },
                "north": {
                  "uv": [
                    16,
                    0
                  ],
                  "uv_size": [
                    16,
                    11
                  ]
                },
                "south": {
                  "uv": [
                    16,
                    11
                  ],
                  "uv_size": [
                    16,
                    11
                  ]
                },
                "up": {
                  "uv": [
                    0,
                    0
                  ],
                  "uv_size": [
                    16,
                    0
                  ]
                },
                "west": {
                  "uv": [
                    0,
                    0
                  ],
                  "uv_size": [
                    0,
                    11
                  ]
                }
              }
            }
          ],
          "name": "coat2",
          "parent": "coat",
          "pivot": [
            0,
            24,
            0
          ],
          "rotation": [
            0,
            -90,
            -15
          ]
        },
        {
          "cubes": [
            {
              "origin": [
                -8,
                5.22354,
                -2.89778
              ],
              "size": [
                16,
                7,
                0
              ],
              "uv": {
                "down": {
                  "uv": [
                    0,
                    0
                  ],
                  "uv_size": [
                    16,
                    0
                  ]
                },
                "east": {
                  "uv": [
                    0,
                    0
                  ],
                  "uv_size": [
                    0,
                    7
                  ]
                },
                "north": {
                  "uv": [
                    0,
                    33
                  ],
                  "uv_size": [
                    16,
                    7
                  ]
                },
                "south": {
                  "uv": [
                    16,
                    33
                  ],
                  "uv_size": [
                    16,
                    7
                  ]
                },
                "up": {
                  "uv": [
                    0,
                    0
                  ],
                  "uv_size": [
                    16,
                    0
                  ]
                },
                "west": {
                  "uv": [
                    0,
                    0
                  ],
                  "uv_size": [
                    0,
                    7
                  ]
                }
              }
            },
            {
              "inflate": 0.2,
              "origin": [
                -8,
                4.74058,
                -3.01837
              ],
              "size": [
                16,
                3,
                1
              ],
              "uv": {
                "down": {
                  "uv": [
                    64,
                    16
                  ],
                  "uv_size": [
                    16,
                    -1
                  ]
                },
                "east": {
                  "uv": [
                    75,
                    26
                  ],
                  "uv_size": [
                    1,
                    3
                  ]
                },
                "north": {
                  "uv": [
                    8,
                    60
                  ],
                  "uv_size": [
                    16,
                    3
                  ]
                },
                "south": {
                  "uv": [
                    54,
                    60
                  ],
                  "uv_size": [
                    16,
                    3
                  ]
                },
                "up": {
                  "uv": [
                    64,
                    14
                  ],
                  "uv_size": [
                    16,
                    1
                  ]
                },
                "west": {
                  "uv": [
                    75,
                    29
                  ],
                  "uv_size": [
                    1,
                    3
                  ]
                }
              }
            }
          ],
          "name": "coatB2",
          "parent": "coat2",
          "pivot": [
            0,
            12.22354,
            -2.89778
          ]
        },
        {
          "cubes": [
            {
              "origin": [
                -8,
                12.22354,
                -2.89778
              ],
              "size": [
                16,
                11,
                0
              ],
              "uv": {
                "down": {
                  "uv": [
                    0,
                    0
                  ],
                  "uv_size": [
                    16,
                    0
                  ]
                },
                "east": {
                  "uv": [
                    0,
                    0
                  ],
                  "uv_size": [
                    0,
                    11
                  ]
                },
                "north": {
                  "uv": [
                    0,
                    0
                  ],
                  "uv_size": [
                    16,
                    11
                  ]
                },
                "south": {
                  "uv": [
                    0,
                    11
                  ],
                  "uv_size": [
                    16,
                    11
                  ]
                },
                "up": {
                  "uv": [
                    0,
                    0
                  ],
                  "uv_size": [
                    16,
                    0
                  ]
                },
                "west": {
                  "uv": [
                    0,
                    0
                  ],
                  "uv_size": [
                    0,
                    11
                  ]
                }
              }
            }
          ],
          "name": "coat1",
          "parent": "coat",
          "pivot": [
            0,
            24,
            0
          ],
          "rotation": [
            -15,
            0,
            0
          ]
        },
        {
          "cubes": [
            {
              "origin": [
                -8,
                5.22354,
                -2.89778
              ],
              "size": [
                16,
                7,
                0
              ],
              "uv": {
                "down": {
                  "uv": [
                    0,
                    0
                  ],
                  "uv_size": [
                    16,
                    0
                  ]
                },
                "east": {
                  "uv": [
                    0,
                    0
                  ],
                  "uv_size": [
                    0,
                    7
                  ]
                },
                "north": {
                  "uv": [
                    32,
                    22
                  ],
                  "uv_size": [
                    16,
                    7
                  ]
                },
                "south": {
                  "uv": [
                    32,
                    29
                  ],
                  "uv_size": [
                    16,
                    7
                  ]
                },
                "up": {
                  "uv": [
                    0,
                    0
                  ],
                  "uv_size": [
                    16,
                    0
                  ]
                },
                "west": {
                  "uv": [
                    0,
                    0
                  ],
                  "uv_size": [
                    0,
                    7
                  ]
                }
              }
            },
            {
              "inflate": 0.2,
              "origin": [
                -8,
                4.74058,
                -3.01837
              ],
              "size": [
                16,
                3,
                1
              ],
              "uv": {
                "down": {
                  "uv": [
                    62,
                    59
                  ],
                  "uv_size": [
                    16,
                    -1
                  ]
                },
                "east": {
                  "uv": [
                    39,
                    70
                  ],
                  "uv_size": [
                    1,
                    3
                  ]
                },
                "north": {
                  "uv": [
                    56,
                    16
                  ],
                  "uv_size": [
                    16,
                    3
                  ]
                },
                "south": {
                  "uv": [
                    8,
                    57
                  ],
                  "uv_size": [
                    16,
                    3
                  ]
                },
                "up": {
                  "uv": [
                    56,
                    19
                  ],
                  "uv_size": [
                    16,
                    1
                  ]
                },
                "west": {
                  "uv": [
                    38,
                    74
                  ],
                  "uv_size": [
                    1,
                    3
                  ]
                }
              }
            }
          ],
          "name": "coatB",
          "parent": "coat1",
          "pivot": [
            0,
            12.22354,
            -2.89778
          ]
        },
        {
          "cubes": [
            {
              "origin": [
                -4,
                24,
                -4.5
              ],
              "pivot": [
                0,
                28,
                -0.5
              ],
              "rotation": [
                5,
                0,
                0
              ],
              "size": [
                8,
                8,
                8
              ],
              "uv": {
                "down": {
                  "uv": [
                    56,
                    16
                  ],
                  "uv_size": [
                    8,
                    -8
                  ]
                },
                "east": {
                  "uv": [
                    54,
                    36
                  ],
                  "uv_size": [
                    8,
                    8
                  ]
                },
                "north": {
                  "uv": [
                    38,
                    50
                  ],
                  "uv_size": [
                    8,
                    8
                  ]
                },
                "south": {
                  "uv": [
                    54,
                    44
                  ],
                  "uv_size": [
                    8,
                    8
                  ]
                },
                "up": {
                  "uv": [
                    56,
                    0
                  ],
                  "uv_size": [
                    8,
                    8
                  ]
                },
                "west": {
                  "uv": [
                    54,
                    52
                  ],
                  "uv_size": [
                    8,
                    8
                  ]
                }
              }
            },
            {
              "inflate": 0.2,
              "origin": [
                -4,
                22,
                -4.5
              ],
              "pivot": [
                0,
                28,
                -0.5
              ],
              "rotation": [
                5,
                0,
                0
              ],
              "size": [
                8,
                10,
                8
              ],
              "uv": {
                "down": {
                  "uv": [
                    0,
                    65
                  ],
                  "uv_size": [
                    8,
                    -8
                  ]
                },
                "east": {
                  "uv": [
                    8,
                    47
                  ],
                  "uv_size": [
                    8,
                    10
                  ]
                },
                "north": {
                  "uv": [
                    0,
                    47
                  ],
                  "uv_size": [
                    8,
                    10
                  ]
                },
                "south": {
                  "uv": [
                    16,
                    47
                  ],
                  "uv_size": [
                    8,
                    10
                  ]
                },
                "up": {
                  "uv": [
                    46,
                    56
                  ],
                  "uv_size": [
                    8,
                    8
                  ]
                },
                "west": {
                  "uv": [
                    24,
                    47
                  ],
                  "uv_size": [
                    8,
                    10
                  ]
                }
              }
            },
            {
              "inflate": 0.2,
              "origin": [
                -4,
                22,
                -4.65
              ],
              "pivot": [
                0,
                28,
                -0.5
              ],
              "rotation": [
                5,
                0,
                0
              ],
              "size": [
                8,
                10,
                1
              ],
              "uv": {
                "down": {
                  "uv": [
                    62,
                    60
                  ],
                  "uv_size": [
                    8,
                    -1
                  ]
                },
                "east": {
                  "uv": [
                    51,
                    71
                  ],
                  "uv_size": [
                    1,
                    10
                  ]
                },
                "north": {
                  "uv": [
                    48,
                    0
                  ],
                  "uv_size": [
                    8,
                    10
                  ]
                },
                "south": {
                  "uv": [
                    48,
                    10
                  ],
                  "uv_size": [
                    8,
                    10
                  ]
                },
                "up": {
                  "uv": [
                    24,
                    61
                  ],
                  "uv_size": [
                    8,
                    1
                  ]
                },
                "west": {
                  "uv": [
                    44,
                    73
                  ],
                  "uv_size": [
                    1,
                    10
                  ]
                }
              }
            }
          ],
          "name": "head",
          "parent": "body",
          "pivot": [
            0,
            24,
            -0.5
          ]
        },
        {
          "cubes": [
            {
              "inflate": 0.2,
              "origin": [
                -6.5,
                16.25,
                -2
              ],
              "size": [
                3,
                2,
                4
              ],
              "uv": {
                "down": {
                  "uv": [
                    39,
                    77
                  ],
                  "uv_size": [
                    3,
                    -4
                  ]
                },
                "east": {
                  "uv": [
                    75,
                    5
                  ],
                  "uv_size": [
                    4,
                    2
                  ]
                },
                "north": {
                  "uv": [
                    75,
                    22
                  ],
                  "uv_size": [
                    3,
                    2
                  ]
                },
                "south": {
                  "uv": [
                    75,
                    24
                  ],
                  "uv_size": [
                    3,
                    2
                  ]
                },
                "up": {
                  "uv": [
                    72,
                    71
                  ],
                  "uv_size": [
                    3,
                    4
                  ]
                },
                "west": {
                  "uv": [
                    75,
                    7
                  ],
                  "uv_size": [
                    4,
                    2
                  ]
                }
              }
            },
            {
              "origin": [
                -6.5,
                17,
                -2
              ],
              "size": [
                3,
                7,
                4
              ],
              "uv": {
                "down": {
                  "uv": [
                    72,
                    71
                  ],
                  "uv_size": [
                    3,
                    -4
                  ]
                },
                "east": {
                  "uv": [
                    27,
                    65
                  ],
                  "uv_size": [
                    4,
                    7
                  ]
                },
                "north": {
                  "uv": [
                    69,
                    0
                  ],
                  "uv_size": [
                    3,
                    7
                  ]
                },
                "south": {
                  "uv": [
                    3,
                    69
                  ],
                  "uv_size": [
                    3,
                    7
                  ]
                },
                "up": {
                  "uv": [
                    66,
                    72
                  ],
                  "uv_size": [
                    3,
                    4
                  ]
                },
                "west": {
                  "uv": [
                    31,
                    65
                  ],
                  "uv_size": [
                    4,
                    7
                  ]
                }
              }
            }
          ],
          "name": "rightArm",
          "parent": "body",
          "pivot": [
            -5,
            22,
            0
          ],
          "rotation": [
            -69.84126,
            7.04533,
            20.07816
          ]
        },
        {
          "name": "rightItem",
          "parent": "rightArm",
          "pivot": [
            -6,
            15,
            1
          ]
        },
        {
          "cubes": [
            {
              "inflate": 0.2,
              "origin": [
                -6,
                12,
                -1.5
              ],
              "size": [
                2,
                5,
                3
              ],
              "uv": {
                "down": {
                  "uv": [
                    75,
                    22
                  ],
                  "uv_size": [
                    2,
                    -3
                  ]
                },
                "east": {
                  "uv": [
                    48,
                    71
                  ],
                  "uv_size": [
                    3,
                    5
                  ]
                },
                "north": {
                  "uv": [
                    33,
                    72
                  ],
                  "uv_size": [
                    2,
                    5
                  ]
                },
                "south": {
                  "uv": [
                    42,
                    73
                  ],
                  "uv_size": [
                    2,
                    5
                  ]
                },
                "up": {
                  "uv": [
                    75,
                    16
                  ],
                  "uv_size": [
                    2,
                    3
                  ]
                },
                "west": {
                  "uv": [
                    72,
                    0
                  ],
                  "uv_size": [
                    3,
                    5
                  ]
                }
              }
            }
          ],
          "name": "rightHand",
          "parent": "rightArm",
          "pivot": [
            -5,
            17.25,
            0
          ],
          "rotation": [
            0,
            0,
            -2.5
          ]
        },
        {
          "cubes": [
            {
              "origin": [
                -0.67318,
                9.52394,
                -2.67058
              ],
              "pivot": [
                2.32682,
                12.52394,
                -2.17058
              ],
              "rotation": [
                0,
                0,
                45
              ],
              "size": [
                6,
                6,
                1
              ],
              "uv": {
                "down": {
                  "uv": [
                    108,
                    99
                  ],
                  "uv_size": [
                    -6,
                    -1
                  ]
                },
                "east": {
                  "uv": [
                    102,
                    98
                  ],
                  "uv_size": [
                    6,
                    1
                  ]
                },
                "north": {
                  "uv": [
                    96,
                    98
                  ],
                  "uv_size": [
                    6,
                    6
                  ]
                },
                "south": {
                  "uv": [
                    96,
                    98
                  ],
                  "uv_size": [
                    6,
                    6
                  ]
                },
                "up": {
                  "uv": [
                    108,
                    99
                  ],
                  "uv_size": [
                    -6,
                    -1
                  ]
                },
                "west": {
                  "uv": [
                    102,
                    98
                  ],
                  "uv_size": [
                    6,
                    1
                  ]
                }
              }
            },
            {
              "origin": [
                5.72682,
                8.52394,
                -2.57058
              ],
              "pivot": [
                5.32682,
                12.52394,
                -2.17058
              ],
              "rotation": [
                0,
                -35,
                0
              ],
              "size": [
                5,
                8,
                0
              ],
              "uv": {
                "down": {
                  "uv": [
                    107,
                    98
                  ],
                  "uv_size": [
                    -5,
                    0
                  ]
                },
                "east": {
                  "uv": [
                    128,
                    128
                  ],
                  "uv_size": [
                    0,
                    0
                  ]
                },
                "north": {
                  "uv": [
                    101,
                    104.5
                  ],
                  "uv_size": [
                    -5,
                    7
                  ]
                },
                "south": {
                  "uv": [
                    96,
                    104.5
                  ],
                  "uv_size": [
                    5,
                    7
                  ]
                },
                "up": {
                  "uv": [
                    107,
                    98
                  ],
                  "uv_size": [
                    -5,
                    0
                  ]
                },
                "west": {
                  "uv": [
                    102,
                    98
                  ],
                  "uv_size": [
                    0,
                    2
                  ]
                }
              }
            },
            {
              "origin": [
                -6.07318,
                8.52394,
                -2.57058
              ],
              "pivot": [
                -0.67318,
                12.52394,
                -2.17058
              ],
              "rotation": [
                0,
                35,
                0
              ],
              "size": [
                5,
                8,
                0
              ],
              "uv": {
                "down": {
                  "uv": [
                    102,
                    98
                  ],
                  "uv_size": [
                    5,
                    0
                  ]
                },
                "east": {
                  "uv": [
                    102,
                    98
                  ],
                  "uv_size": [
                    0,
                    2
                  ]
                },
                "north": {
                  "uv": [
                    96,
                    104.5
                  ],
                  "uv_size": [
                    5,
                    7
                  ]
                },
                "south": {
                  "uv": [
                    101,
                    104.5
                  ],
                  "uv_size": [
                    -5,
                    7
                  ]
                },
                "up": {
                  "uv": [
                    102,
                    98
                  ],
                  "uv_size": [
                    5,
                    0
                  ]
                },
                "west": {
                  "uv": [
                    102,
                    98
                  ],
                  "uv_size": [
                    0,
                    2
                  ]
                }
              }
            }
          ],
          "locators": {
            "particle": [
              2.32682,
              12.52394,
              -4.17058
            ]
          },
          "name": "item_root",
          "parent": "rightHand",
          "pivot": [
            -4.19391,
            12.4197,
            -0.09944
          ],
          "rotation": [
            69.03021,
            17.44334,
            -13.39516
          ]
        },
        {
          "name": "hand2",
          "parent": "item_root",
          "pivot": [
            2.32682,
            12.52394,
            -1.50272
          ]
        },
        {
          "name": "hand1",
          "parent": "item_root",
          "pivot": [
            1.32682,
            13.52394,
            -1.50272
          ],
          "rotation": [
            0,
            0,
            -180
          ]
        },
        {
          "cubes": [
            {
              "origin": [
                3.5,
                17,
                -2
              ],
              "size": [
                3,
                7,
                4
              ],
              "uv": {
                "down": {
                  "uv": [
                    72,
                    55
                  ],
                  "uv_size": [
                    3,
                    -4
                  ]
                },
                "east": {
                  "uv": [
                    48,
                    64
                  ],
                  "uv_size": [
                    4,
                    7
                  ]
                },
                "north": {
                  "uv": [
                    45,
                    68
                  ],
                  "uv_size": [
                    3,
                    7
                  ]
                },
                "south": {
                  "uv": [
                    0,
                    69
                  ],
                  "uv_size": [
                    3,
                    7
                  ]
                },
                "up": {
                  "uv": [
                    72,
                    31
                  ],
                  "uv_size": [
                    3,
                    4
                  ]
                },
                "west": {
                  "uv": [
                    23,
                    65
                  ],
                  "uv_size": [
                    4,
                    7
                  ]
                }
              }
            },
            {
              "inflate": 0.2,
              "origin": [
                3.5,
                16.25,
                -2
              ],
              "size": [
                3,
                2,
                4
              ],
              "uv": {
                "down": {
                  "uv": [
                    72,
                    67
                  ],
                  "uv_size": [
                    3,
                    -4
                  ]
                },
                "east": {
                  "uv": [
                    74,
                    49
                  ],
                  "uv_size": [
                    4,
                    2
                  ]
                },
                "north": {
                  "uv": [
                    75,
                    9
                  ],
                  "uv_size": [
                    3,
                    2
                  ]
                },
                "south": {
                  "uv": [
                    75,
                    11
                  ],
                  "uv_size": [
                    3,
                    2
                  ]
                },
                "up": {
                  "uv": [
                    63,
                    72
                  ],
                  "uv_size": [
                    3,
                    4
                  ]
                },
                "west": {
                  "uv": [
                    75,
                    3
                  ],
                  "uv_size": [
                    4,
                    2
                  ]
                }
              }
            }
          ],
          "name": "leftArm",
          "parent": "body",
          "pivot": [
            5,
            22,
            0
          ],
          "rotation": [
            -69.91203,
            -11.86674,
            -22.46328
          ]
        },
        {
          "name": "leftItem",
          "parent": "leftArm",
          "pivot": [
            6,
            15,
            1
          ]
        },
        {
          "cubes": [
            {
              "inflate": 0.2,
              "origin": [
                4,
                12,
                -1.5
              ],
              "size": [
                2,
                5,
                3
              ],
              "uv": {
                "down": {
                  "uv": [
                    58,
                    77
                  ],
                  "uv_size": [
                    2,
                    -3
                  ]
                },
                "east": {
                  "uv": [
                    60,
                    70
                  ],
                  "uv_size": [
                    3,
                    5
                  ]
                },
                "north": {
                  "uv": [
                    46,
                    50
                  ],
                  "uv_size": [
                    2,
                    5
                  ]
                },
                "south": {
                  "uv": [
                    52,
                    64
                  ],
                  "uv_size": [
                    2,
                    5
                  ]
                },
                "up": {
                  "uv": [
                    38,
                    58
                  ],
                  "uv_size": [
                    2,
                    3
                  ]
                },
                "west": {
                  "uv": [
                    71,
                    46
                  ],
                  "uv_size": [
                    3,
                    5
                  ]
                }
              }
            }
          ],
          "name": "leftHand",
          "parent": "leftArm",
          "pivot": [
            5,
            17.25,
            0
          ],
          "rotation": [
            0,
            0,
            12.5
          ]
        },
        {
          "cubes": [
            {
              "origin": [
                0.9,
                6,
                -1.5
              ],
              "size": [
                3,
                5,
                3
              ],
              "uv": {
                "down": {
                  "uv": [
                    75,
                    3
                  ],
                  "uv_size": [
                    3,
                    -3
                  ]
                },
                "east": {
                  "uv": [
                    72,
                    26
                  ],
                  "uv_size": [
                    3,
                    5
                  ]
                },
                "north": {
                  "uv": [
                    24,
                    72
                  ],
                  "uv_size": [
                    3,
                    5
                  ]
                },
                "south": {
                  "uv": [
                    27,
                    72
                  ],
                  "uv_size": [
                    3,
                    5
                  ]
                },
                "up": {
                  "uv": [
                    74,
                    59
                  ],
                  "uv_size": [
                    3,
                    3
                  ]
                },
                "west": {
                  "uv": [
                    30,
                    72
                  ],
                  "uv_size": [
                    3,
                    5
                  ]
                }
              }
            },
            {
              "origin": [
                -0.1,
                6,
                -2.5
              ],
              "pivot": [
                2.4,
                9,
                0
              ],
              "rotation": [
                0,
                0,
                -7.5
              ],
              "size": [
                5,
                7,
                5
              ],
              "uv": {
                "down": {
                  "uv": [
                    67,
                    56
                  ],
                  "uv_size": [
                    5,
                    -5
                  ]
                },
                "east": {
                  "uv": [
                    8,
                    63
                  ],
                  "uv_size": [
                    5,
                    7
                  ]
                },
                "north": {
                  "uv": [
                    62,
                    51
                  ],
                  "uv_size": [
                    5,
                    7
                  ]
                },
                "south": {
                  "uv": [
                    13,
                    63
                  ],
                  "uv_size": [
                    5,
                    7
                  ]
                },
                "up": {
                  "uv": [
                    35,
                    65
                  ],
                  "uv_size": [
                    5,
                    5
                  ]
                },
                "west": {
                  "uv": [
                    18,
                    63
                  ],
                  "uv_size": [
                    5,
                    7
                  ]
                }
              }
            }
          ],
          "name": "rightLeg",
          "parent": "root",
          "pivot": [
            1.9,
            12,
            0
          ]
        },
        {
          "cubes": [
            {
              "origin": [
                0.9,
                0,
                -1.5
              ],
              "size": [
                3,
                6,
                3
              ],
              "uv": {
                "down": {
                  "uv": [
                    74,
                    49
                  ],
                  "uv_size": [
                    3,
                    -3
                  ]
                },
                "east": {
                  "uv": [
                    12,
                    70
                  ],
                  "uv_size": [
                    3,
                    6
                  ]
                },
                "north": {
                  "uv": [
                    9,
                    70
                  ],
                  "uv_size": [
                    3,
                    6
                  ]
                },
                "south": {
                  "uv": [
                    15,
                    70
                  ],
                  "uv_size": [
                    3,
                    6
                  ]
                },
                "up": {
                  "uv": [
                    35,
                    74
                  ],
                  "uv_size": [
                    3,
                    3
                  ]
                },
                "west": {
                  "uv": [
                    18,
                    70
                  ],
                  "uv_size": [
                    3,
                    6
                  ]
                }
              }
            }
          ],
          "name": "rightFoot",
          "parent": "rightLeg",
          "pivot": [
            2.4,
            6,
            0
          ]
        },
        {
          "cubes": [
            {
              "origin": [
                -3.9,
                6,
                -1.5
              ],
              "size": [
                3,
                5,
                3
              ],
              "uv": {
                "down": {
                  "uv": [
                    55,
                    77
                  ],
                  "uv_size": [
                    3,
                    -3
                  ]
                },
                "east": {
                  "uv": [
                    72,
                    16
                  ],
                  "uv_size": [
                    3,
                    5
                  ]
                },
                "north": {
                  "uv": [
                    72,
                    5
                  ],
                  "uv_size": [
                    3,
                    5
                  ]
                },
                "south": {
                  "uv": [
                    21,
                    72
                  ],
                  "uv_size": [
                    3,
                    5
                  ]
                },
                "up": {
                  "uv": [
                    52,
                    74
                  ],
                  "uv_size": [
                    3,
                    3
                  ]
                },
                "west": {
                  "uv": [
                    72,
                    21
                  ],
                  "uv_size": [
                    3,
                    5
                  ]
                }
              }
            },
            {
              "origin": [
                -4.9,
                6,
                -2.5
              ],
              "pivot": [
                -2.4,
                9,
                0
              ],
              "rotation": [
                0,
                0,
                7.5
              ],
              "size": [
                5,
                7,
                5
              ],
              "uv": {
                "down": {
                  "uv": [
                    40,
                    73
                  ],
                  "uv_size": [
                    5,
                    -5
                  ]
                },
                "east": {
                  "uv": [
                    59,
                    63
                  ],
                  "uv_size": [
                    5,
                    7
                  ]
                },
                "north": {
                  "uv": [
                    54,
                    63
                  ],
                  "uv_size": [
                    5,
                    7
                  ]
                },
                "south": {
                  "uv": [
                    64,
                    0
                  ],
                  "uv_size": [
                    5,
                    7
                  ]
                },
                "up": {
                  "uv": [
                    64,
                    67
                  ],
                  "uv_size": [
                    5,
                    5
                  ]
                },
                "west": {
                  "uv": [
                    64,
                    7
                  ],
                  "uv_size": [
                    5,
                    7
                  ]
                }
              }
            }
          ],
          "name": "leftLeg",
          "parent": "root",
          "pivot": [
            -1.9,
            12,
            0
          ]
        },
        {
          "cubes": [
            {
              "origin": [
                -3.9,
                0,
                -1.5
              ],
              "size": [
                3,
                6,
                3
              ],
              "uv": {
                "down": {
                  "uv": [
                    69,
                    76
                  ],
                  "uv_size": [
                    3,
                    -3
                  ]
                },
                "east": {
                  "uv": [
                    69,
                    7
                  ],
                  "uv_size": [
                    3,
                    6
                  ]
                },
                "north": {
                  "uv": [
                    68,
                    45
                  ],
                  "uv_size": [
                    3,
                    6
                  ]
                },
                "south": {
                  "uv": [
                    69,
                    67
                  ],
                  "uv_size": [
                    3,
                    6
                  ]
                },
                "up": {
                  "uv": [
                    72,
                    10
                  ],
                  "uv_size": [
                    3,
                    3
                  ]
                },
                "west": {
                  "uv": [
                    6,
                    70
                  ],
                  "uv_size": [
                    3,
                    6
                  ]
                }
              }
            }
          ],
          "name": "leftFoot",
          "parent": "leftLeg",
          "pivot": [
            -2.4,
            6,
            0
          ]
        }
      ],
      "description": {
        "identifier": "geometry.marketplace.main.main.three",
        "texture_height": 128,
        "texture_width": 128,
        "visible_bounds_height": 3.5,
        "visible_bounds_offset": [
          0,
          1.25,
          0
        ],
        "visible_bounds_width": 3
      }
    }
  ]
}