{
  "format_version": "1.12.0",
  "minecraft:geometry": [
    {
      "bones": [
        {
          "name": "body",
          "pivot": [
            0,
            0,
            0
          ]
        },
        {
          "name": "layer1",
          "parent": "body",
          "pivot": [
            0,
            0,
            0
          ]
        },
        {
          "cubes": [
            {
              "origin": [
                -22,
                2,
                39.9
              ],
              "size": [
                44,
                44,
                0
              ],
              "uv": {
                "north": {
                  "uv": [
                    0,
                    0
                  ],
                  "uv_size": [
                    128,
                    128
                  ]
                }
              }
            }
          ],
          "name": "layer1portal",
          "parent": "layer1",
          "pivot": [
            0,
            24,
            39.9
          ]
        },
        {
          "name": "layer0",
          "parent": "body",
          "pivot": [
            0,
            0,
            0
          ]
        },
        {
          "cubes": [
            {
              "origin": [
                -26.5,
                4.5,
                -2
              ],
              "pivot": [
                -24,
                7,
                0
              ],
              "rotation": [
                -15,
                0,
                0
              ],
              "size": [
                5.5,
                5.5,
                5
              ],
              "uv": {
                "down": {
                  "uv": [
                    48,
                    63
                  ],
                  "uv_size": [
                    11,
                    -10
                  ]
                },
                "east": {
                  "uv": [
                    0,
                    45
                  ],
                  "uv_size": [
                    10,
                    11
                  ]
                },
                "north": {
                  "uv": [
                    26,
                    43
                  ],
                  "uv_size": [
                    11,
                    11
                  ]
                },
                "south": {
                  "uv": [
                    37,
                    43
                  ],
                  "uv_size": [
                    11,
                    11
                  ]
                },
                "up": {
                  "uv": [
                    48,
                    43
                  ],
                  "uv_size": [
                    11,
                    10
                  ]
                },
                "west": {
                  "uv": [
                    10,
                    45
                  ],
                  "uv_size": [
                    10,
                    11
                  ]
                }
              }
            },
            {
              "origin": [
                -26.5,
                9,
                2
              ],
              "pivot": [
                -24,
                7,
                0
              ],
              "rotation": [
                -15,
                0,
                0
              ],
              "size": [
                5.5,
                1,
                1
              ],
              "uv": {
                "down": {
                  "uv": [
                    61,
                    40
                  ],
                  "uv_size": [
                    11,
                    -2
                  ]
                },
                "east": {
                  "uv": [
                    20,
                    50
                  ],
                  "uv_size": [
                    2,
                    2
                  ]
                },
                "north": {
                  "uv": [
                    41,
                    26
                  ],
                  "uv_size": [
                    11,
                    2
                  ]
                },
                "south": {
                  "uv": [
                    41,
                    28
                  ],
                  "uv_size": [
                    11,
                    2
                  ]
                },
                "up": {
                  "uv": [
                    61,
                    36
                  ],
                  "uv_size": [
                    11,
                    2
                  ]
                },
                "west": {
                  "uv": [
                    22,
                    50
                  ],
                  "uv_size": [
                    2,
                    2
                  ]
                }
              }
            }
          ],
          "locators": {
            "particle": [
              -23.75,
              6.5,
              0
            ]
          },
          "name": "layer0consumer",
          "parent": "layer0",
          "pivot": [
            -24,
            7,
            0
          ],
          "rotation": [
            0,
            -32.5,
            0
          ]
        },
        {
          "cubes": [
            {
              "origin": [
                -27.75,
                3.5,
                -0.5
              ],
              "size": [
                1.5,
                6,
                2.5
              ],
              "uv": {
                "down": {
                  "uv": [
                    23,
                    50
                  ],
                  "uv_size": [
                    3,
                    -5
                  ]
                },
                "east": {
                  "uv": [
                    41,
                    54
                  ],
                  "uv_size": [
                    5,
                    12
                  ]
                },
                "north": {
                  "uv": [
                    59,
                    49
                  ],
                  "uv_size": [
                    3,
                    12
                  ]
                },
                "south": {
                  "uv": [
                    60,
                    0
                  ],
                  "uv_size": [
                    3,
                    12
                  ]
                },
                "up": {
                  "uv": [
                    20,
                    45
                  ],
                  "uv_size": [
                    3,
                    5
                  ]
                },
                "west": {
                  "uv": [
                    55,
                    0
                  ],
                  "uv_size": [
                    5,
                    12
                  ]
                }
              }
            }
          ],
          "name": "layer0rightArm",
          "parent": "layer0consumer",
          "pivot": [
            -26.875,
            0.5,
            0.75
          ]
        },
        {
          "cubes": [
            {
              "origin": [
                -21.25,
                3.5,
                -0.5
              ],
              "size": [
                1.5,
                6,
                2.5
              ],
              "uv": {
                "down": {
                  "uv": [
                    12,
                    67
                  ],
                  "uv_size": [
                    3,
                    -5
                  ]
                },
                "east": {
                  "uv": [
                    55,
                    12
                  ],
                  "uv_size": [
                    5,
                    12
                  ]
                },
                "north": {
                  "uv": [
                    60,
                    12
                  ],
                  "uv_size": [
                    3,
                    12
                  ]
                },
                "south": {
                  "uv": [
                    61,
                    24
                  ],
                  "uv_size": [
                    3,
                    12
                  ]
                },
                "up": {
                  "uv": [
                    59,
                    61
                  ],
                  "uv_size": [
                    3,
                    5
                  ]
                },
                "west": {
                  "uv": [
                    0,
                    56
                  ],
                  "uv_size": [
                    5,
                    12
                  ]
                }
              }
            }
          ],
          "name": "layer0leftArm",
          "parent": "layer0consumer",
          "pivot": [
            -20.125,
            0.5,
            0.75
          ]
        },
        {
          "cubes": [
            {
              "origin": [
                -25.5,
                2.17647,
                -0.57414
              ],
              "pivot": [
                -24,
                4.42647,
                0.37586
              ],
              "rotation": [
                57.5,
                0,
                0
              ],
              "size": [
                3.5,
                5,
                3.5
              ],
              "uv": {
                "down": {
                  "uv": [
                    5,
                    63
                  ],
                  "uv_size": [
                    7,
                    -7
                  ]
                },
                "east": {
                  "uv": [
                    54,
                    26
                  ],
                  "uv_size": [
                    7,
                    10
                  ]
                },
                "north": {
                  "uv": [
                    20,
                    54
                  ],
                  "uv_size": [
                    7,
                    10
                  ]
                },
                "south": {
                  "uv": [
                    27,
                    54
                  ],
                  "uv_size": [
                    7,
                    10
                  ]
                },
                "up": {
                  "uv": [
                    54,
                    36
                  ],
                  "uv_size": [
                    7,
                    7
                  ]
                },
                "west": {
                  "uv": [
                    34,
                    54
                  ],
                  "uv_size": [
                    7,
                    10
                  ]
                }
              }
            },
            {
              "origin": [
                -23.75,
                2.74386,
                2.6714
              ],
              "pivot": [
                -23.75,
                3.71885,
                4.37139
              ],
              "rotation": [
                72.5,
                0,
                0
              ],
              "size": [
                0,
                3,
                4
              ],
              "uv": {
                "down": {
                  "uv": [
                    0,
                    8
                  ],
                  "uv_size": [
                    0,
                    -8
                  ]
                },
                "east": {
                  "uv": [
                    12,
                    56
                  ],
                  "uv_size": [
                    8,
                    6
                  ]
                },
                "north": {
                  "uv": [
                    0,
                    0
                  ],
                  "uv_size": [
                    0,
                    6
                  ]
                },
                "south": {
                  "uv": [
                    0,
                    0
                  ],
                  "uv_size": [
                    0,
                    6
                  ]
                },
                "up": {
                  "uv": [
                    0,
                    0
                  ],
                  "uv_size": [
                    0,
                    8
                  ]
                },
                "west": {
                  "uv": [
                    59,
                    43
                  ],
                  "uv_size": [
                    8,
                    6
                  ]
                }
              }
            }
          ],
          "name": "layer0leg",
          "parent": "layer0consumer",
          "pivot": [
            -22.75,
            -3.25,
            -1.625
          ]
        },
        {
          "cubes": [
            {
              "origin": [
                -27.25,
                7.375,
                -3.375
              ],
              "pivot": [
                -23.75,
                11,
                -0.125
              ],
              "rotation": [
                12.5,
                0,
                0
              ],
              "size": [
                7,
                7.5,
                6.5
              ],
              "uv": {
                "down": {
                  "uv": [
                    40,
                    43
                  ],
                  "uv_size": [
                    14,
                    -13
                  ]
                },
                "east": {
                  "uv": [
                    28,
                    0
                  ],
                  "uv_size": [
                    13,
                    15
                  ]
                },
                "north": {
                  "uv": [
                    0,
                    0
                  ],
                  "uv_size": [
                    14,
                    15
                  ]
                },
                "south": {
                  "uv": [
                    14,
                    0
                  ],
                  "uv_size": [
                    14,
                    15
                  ]
                },
                "up": {
                  "uv": [
                    26,
                    30
                  ],
                  "uv_size": [
                    14,
                    13
                  ]
                },
                "west": {
                  "uv": [
                    28,
                    15
                  ],
                  "uv_size": [
                    13,
                    15
                  ]
                }
              }
            },
            {
              "inflate": 0.2,
              "origin": [
                -27.15,
                7.475,
                -3.275
              ],
              "pivot": [
                -23.75,
                11,
                -0.125
              ],
              "rotation": [
                12.5,
                0,
                0
              ],
              "size": [
                6.8,
                7.3,
                6.3
              ],
              "uv": {
                "down": {
                  "uv": [
                    41,
                    26
                  ],
                  "uv_size": [
                    14,
                    -13
                  ]
                },
                "east": {
                  "uv": [
                    0,
                    30
                  ],
                  "uv_size": [
                    13,
                    15
                  ]
                },
                "north": {
                  "uv": [
                    0,
                    15
                  ],
                  "uv_size": [
                    14,
                    15
                  ]
                },
                "south": {
                  "uv": [
                    14,
                    15
                  ],
                  "uv_size": [
                    14,
                    15
                  ]
                },
                "up": {
                  "uv": [
                    41,
                    0
                  ],
                  "uv_size": [
                    14,
                    13
                  ]
                },
                "west": {
                  "uv": [
                    13,
                    30
                  ],
                  "uv_size": [
                    13,
                    15
                  ]
                }
              }
            }
          ],
          "locators": {
            "death": [
              -23.75,
              9,
              0.875
            ]
          },
          "name": "layer0head",
          "parent": "layer0consumer",
          "pivot": [
            -23.5,
            0.5,
            0.875
          ]
        },
        {
          "cubes": [
            {
              "origin": [
                25,
                22.1,
                -7
              ],
              "size": [
                14,
                2,
                14
              ],
              "uv": {
                "down": {
                  "uv": [
                    73,
                    2
                  ],
                  "uv_size": [
                    1,
                    -1
                  ]
                },
                "east": {
                  "uv": [
                    72,
                    0
                  ],
                  "uv_size": [
                    14,
                    2
                  ]
                },
                "north": {
                  "uv": [
                    72,
                    0
                  ],
                  "uv_size": [
                    14,
                    2
                  ]
                },
                "south": {
                  "uv": [
                    72,
                    0
                  ],
                  "uv_size": [
                    14,
                    2
                  ]
                },
                "up": {
                  "uv": [
                    94,
                    11
                  ],
                  "uv_size": [
                    14,
                    14
                  ]
                },
                "west": {
                  "uv": [
                    72,
                    0
                  ],
                  "uv_size": [
                    14,
                    2
                  ]
                }
              }
            },
            {
              "origin": [
                26.5,
                0.025,
                -5.5
              ],
              "size": [
                11,
                24,
                11
              ],
              "uv": {
                "down": {
                  "uv": [
                    97,
                    11
                  ],
                  "uv_size": [
                    11,
                    -11
                  ]
                },
                "east": {
                  "uv": [
                    108,
                    0
                  ],
                  "uv_size": [
                    11,
                    24
                  ]
                },
                "north": {
                  "uv": [
                    108,
                    0
                  ],
                  "uv_size": [
                    11,
                    24
                  ]
                },
                "south": {
                  "uv": [
                    108,
                    0
                  ],
                  "uv_size": [
                    11,
                    24
                  ]
                },
                "up": {
                  "uv": [
                    86,
                    0
                  ],
                  "uv_size": [
                    11,
                    11
                  ]
                },
                "west": {
                  "uv": [
                    108,
                    0
                  ],
                  "uv_size": [
                    11,
                    24
                  ]
                }
              }
            }
          ],
          "name": "layer0pillar",
          "parent": "layer0",
          "pivot": [
            32,
            0.00833,
            0
          ]
        },
        {
          "cubes": [
            {
              "origin": [
                27.5,
                -0.1,
                -4.5
              ],
              "size": [
                9,
                23,
                9
              ],
              "uv": {
                "down": {
                  "uv": [
                    85,
                    20
                  ],
                  "uv_size": [
                    9,
                    -9
                  ]
                },
                "east": {
                  "uv": [
                    119,
                    0
                  ],
                  "uv_size": [
                    9,
                    23
                  ]
                },
                "north": {
                  "uv": [
                    119,
                    0
                  ],
                  "uv_size": [
                    9,
                    23
                  ]
                },
                "south": {
                  "uv": [
                    119,
                    0
                  ],
                  "uv_size": [
                    9,
                    23
                  ]
                },
                "up": {
                  "uv": [
                    85,
                    11
                  ],
                  "uv_size": [
                    9,
                    9
                  ]
                },
                "west": {
                  "uv": [
                    119,
                    0
                  ],
                  "uv_size": [
                    9,
                    23
                  ]
                }
              }
            }
          ],
          "name": "layer0anim",
          "parent": "layer0pillar",
          "pivot": [
            32,
            0,
            0
          ]
        },
        {
          "cubes": [
            {
              "origin": [
                8,
                0.05,
                8
              ],
              "size": [
                16,
                0,
                16
              ],
              "uv": {
                "up": {
                  "uv": [
                    16,
                    128
                  ],
                  "uv_size": [
                    -16,
                    -16
                  ]
                }
              }
            },
            {
              "origin": [
                8,
                0.05,
                24
              ],
              "size": [
                16,
                0,
                16
              ],
              "uv": {
                "up": {
                  "uv": [
                    16,
                    128
                  ],
                  "uv_size": [
                    -16,
                    -16
                  ]
                }
              }
            },
            {
              "origin": [
                -8,
                0.05,
                24
              ],
              "size": [
                16,
                0,
                16
              ],
              "uv": {
                "up": {
                  "uv": [
                    16,
                    128
                  ],
                  "uv_size": [
                    -16,
                    -16
                  ]
                }
              }
            },
            {
              "origin": [
                -24,
                0.05,
                24
              ],
              "size": [
                16,
                0,
                16
              ],
              "uv": {
                "up": {
                  "uv": [
                    16,
                    128
                  ],
                  "uv_size": [
                    -16,
                    -16
                  ]
                }
              }
            }
          ],
          "name": "layer0grass",
          "parent": "layer0",
          "pivot": [
            0,
            0,
            0
          ]
        },
        {
          "cubes": [
            {
              "origin": [
                8,
                0,
                31
              ],
              "pivot": [
                16,
                8,
                31
              ],
              "rotation": [
                0,
                -45,
                0
              ],
              "size": [
                16,
                16,
                0
              ],
              "uv": {
                "north": {
                  "uv": [
                    16,
                    112
                  ],
                  "uv_size": [
                    16,
                    16
                  ]
                }
              }
            },
            {
              "origin": [
                8,
                0,
                31
              ],
              "pivot": [
                16,
                8,
                31
              ],
              "rotation": [
                0,
                45,
                0
              ],
              "size": [
                16,
                16,
                0
              ],
              "uv": {
                "north": {
                  "uv": [
                    16,
                    112
                  ],
                  "uv_size": [
                    16,
                    16
                  ]
                }
              }
            }
          ],
          "name": "layer0plant",
          "parent": "layer0grass",
          "pivot": [
            16,
            8,
            31
          ]
        },
        {
          "locators": {
            "particle2": [
              -14,
              12,
              22
            ]
          },
          "name": "layer0spiritguide",
          "pivot": [
            -14,
            9,
            22
          ],
          "rotation": [
            0,
            -12.5,
            0
          ]
        },
        {
          "cubes": [
            {
              "origin": [
                -16.5,
                6.9864,
                19.6936
              ],
              "size": [
                5,
                8,
                5
              ],
              "uv": {
                "down": {
                  "uv": [
                    69,
                    125
                  ],
                  "uv_size": [
                    -5,
                    -5
                  ]
                },
                "east": {
                  "uv": [
                    82,
                    92
                  ],
                  "uv_size": [
                    -5,
                    8
                  ]
                },
                "north": {
                  "uv": [
                    77,
                    92
                  ],
                  "uv_size": [
                    -5,
                    8
                  ]
                },
                "south": {
                  "uv": [
                    69,
                    104
                  ],
                  "uv_size": [
                    -5,
                    8
                  ]
                },
                "up": {
                  "uv": [
                    93,
                    116
                  ],
                  "uv_size": [
                    -5,
                    5
                  ]
                },
                "west": {
                  "uv": [
                    77,
                    100
                  ],
                  "uv_size": [
                    -5,
                    8
                  ]
                }
              }
            }
          ],
          "name": "layer0body2",
          "parent": "layer0spiritguide",
          "pivot": [
            -14.04288,
            8.5992,
            22
          ]
        },
        {
          "name": "layer0cloth",
          "parent": "layer0body2",
          "pivot": [
            -14.4,
            24.90863,
            29.0783
          ]
        },
        {
          "name": "layer0coat",
          "parent": "layer0body2",
          "pivot": [
            -14,
            13,
            22
          ]
        },
        {
          "cubes": [
            {
              "origin": [
                -16.43533,
                7.82626,
                18.0496
              ],
              "size": [
                0,
                6,
                8
              ],
              "uv": {
                "down": {
                  "uv": [
                    64,
                    100
                  ],
                  "uv_size": [
                    0,
                    -8
                  ]
                },
                "east": {
                  "uv": [
                    64,
                    92
                  ],
                  "uv_size": [
                    8,
                    6
                  ]
                },
                "north": {
                  "uv": [
                    64,
                    92
                  ],
                  "uv_size": [
                    0,
                    6
                  ]
                },
                "south": {
                  "uv": [
                    64,
                    92
                  ],
                  "uv_size": [
                    0,
                    6
                  ]
                },
                "up": {
                  "uv": [
                    64,
                    92
                  ],
                  "uv_size": [
                    0,
                    8
                  ]
                }
              }
            }
          ],
          "name": "layer0coat1",
          "parent": "layer0coat",
          "pivot": [
            -16.38373,
            13.98811,
            22.0496
          ],
          "rotation": [
            0,
            0,
            17.5
          ]
        },
        {
          "cubes": [
            {
              "origin": [
                -16.43533,
                3.82626,
                17.0496
              ],
              "size": [
                0,
                4,
                10
              ],
              "uv": {
                "down": {
                  "uv": [
                    64,
                    102
                  ],
                  "uv_size": [
                    0,
                    -10
                  ]
                },
                "east": {
                  "uv": [
                    77,
                    100
                  ],
                  "uv_size": [
                    10,
                    4
                  ]
                },
                "north": {
                  "uv": [
                    64,
                    92
                  ],
                  "uv_size": [
                    0,
                    4
                  ]
                },
                "south": {
                  "uv": [
                    64,
                    92
                  ],
                  "uv_size": [
                    0,
                    4
                  ]
                },
                "up": {
                  "uv": [
                    64,
                    92
                  ],
                  "uv_size": [
                    0,
                    10
                  ]
                }
              }
            },
            {
              "origin": [
                -16.33533,
                3.02626,
                16.5496
              ],
              "size": [
                0,
                2,
                11
              ],
              "uv": {
                "down": {
                  "uv": [
                    64,
                    103
                  ],
                  "uv_size": [
                    0,
                    -11
                  ]
                },
                "east": {
                  "uv": [
                    69,
                    120
                  ],
                  "uv_size": [
                    11,
                    2
                  ]
                },
                "north": {
                  "uv": [
                    64,
                    92
                  ],
                  "uv_size": [
                    0,
                    2
                  ]
                },
                "south": {
                  "uv": [
                    64,
                    92
                  ],
                  "uv_size": [
                    0,
                    2
                  ]
                },
                "up": {
                  "uv": [
                    64,
                    92
                  ],
                  "uv_size": [
                    0,
                    11
                  ]
                },
                "west": {
                  "uv": [
                    93,
                    98
                  ],
                  "uv_size": [
                    11,
                    2
                  ]
                }
              }
            }
          ],
          "name": "layer0coatB1",
          "parent": "layer0coat1",
          "pivot": [
            -16.38533,
            7.92626,
            22.0496
          ]
        },
        {
          "cubes": [
            {
              "origin": [
                -11.36467,
                7.82626,
                18.0496
              ],
              "size": [
                0,
                6,
                8
              ],
              "uv": {
                "down": {
                  "uv": [
                    64,
                    100
                  ],
                  "uv_size": [
                    0,
                    -8
                  ]
                },
                "north": {
                  "uv": [
                    64,
                    92
                  ],
                  "uv_size": [
                    0,
                    6
                  ]
                },
                "south": {
                  "uv": [
                    64,
                    92
                  ],
                  "uv_size": [
                    0,
                    6
                  ]
                },
                "up": {
                  "uv": [
                    64,
                    92
                  ],
                  "uv_size": [
                    0,
                    8
                  ]
                },
                "west": {
                  "uv": [
                    72,
                    92
                  ],
                  "uv_size": [
                    -8,
                    6
                  ]
                }
              }
            }
          ],
          "name": "layer0coat2",
          "parent": "layer0coat",
          "pivot": [
            -11.41627,
            13.98811,
            22.0496
          ],
          "rotation": [
            0,
            0,
            -17.5
          ]
        },
        {
          "cubes": [
            {
              "origin": [
                -11.36467,
                3.82626,
                17.0496
              ],
              "size": [
                0,
                4,
                10
              ],
              "uv": {
                "down": {
                  "uv": [
                    64,
                    102
                  ],
                  "uv_size": [
                    0,
                    -10
                  ]
                },
                "north": {
                  "uv": [
                    64,
                    92
                  ],
                  "uv_size": [
                    0,
                    4
                  ]
                },
                "south": {
                  "uv": [
                    64,
                    92
                  ],
                  "uv_size": [
                    0,
                    4
                  ]
                },
                "up": {
                  "uv": [
                    64,
                    92
                  ],
                  "uv_size": [
                    0,
                    10
                  ]
                },
                "west": {
                  "uv": [
                    87,
                    100
                  ],
                  "uv_size": [
                    -10,
                    4
                  ]
                }
              }
            },
            {
              "origin": [
                -11.46467,
                3.02626,
                16.5496
              ],
              "size": [
                0,
                2,
                11
              ],
              "uv": {
                "down": {
                  "uv": [
                    64,
                    103
                  ],
                  "uv_size": [
                    0,
                    -11
                  ]
                },
                "east": {
                  "uv": [
                    104,
                    98
                  ],
                  "uv_size": [
                    -11,
                    2
                  ]
                },
                "north": {
                  "uv": [
                    64,
                    92
                  ],
                  "uv_size": [
                    0,
                    2
                  ]
                },
                "south": {
                  "uv": [
                    64,
                    92
                  ],
                  "uv_size": [
                    0,
                    2
                  ]
                },
                "up": {
                  "uv": [
                    64,
                    92
                  ],
                  "uv_size": [
                    0,
                    11
                  ]
                },
                "west": {
                  "uv": [
                    80,
                    120
                  ],
                  "uv_size": [
                    -11,
                    2
                  ]
                }
              }
            }
          ],
          "name": "layer0coatB2",
          "parent": "layer0coat2",
          "pivot": [
            -11.41467,
            7.92626,
            22.0496
          ]
        },
        {
          "cubes": [
            {
              "origin": [
                -18,
                7.82626,
                19.7309
              ],
              "size": [
                8,
                6,
                0
              ],
              "uv": {
                "down": {
                  "uv": [
                    64,
                    100
                  ],
                  "uv_size": [
                    0,
                    -8
                  ]
                },
                "east": {
                  "uv": [
                    64,
                    92
                  ],
                  "uv_size": [
                    0,
                    6
                  ]
                },
                "north": {
                  "uv": [
                    72,
                    92
                  ],
                  "uv_size": [
                    -8,
                    6
                  ]
                },
                "up": {
                  "uv": [
                    64,
                    92
                  ],
                  "uv_size": [
                    0,
                    8
                  ]
                },
                "west": {
                  "uv": [
                    64,
                    92
                  ],
                  "uv_size": [
                    0,
                    6
                  ]
                }
              }
            }
          ],
          "name": "layer0coat3",
          "parent": "layer0coat",
          "pivot": [
            -14,
            13.98811,
            19.7825
          ],
          "rotation": [
            -17.5,
            0,
            0
          ]
        },
        {
          "cubes": [
            {
              "origin": [
                -19,
                3.82626,
                19.7309
              ],
              "size": [
                10,
                4,
                0
              ],
              "uv": {
                "down": {
                  "uv": [
                    64,
                    102
                  ],
                  "uv_size": [
                    0,
                    -10
                  ]
                },
                "east": {
                  "uv": [
                    64,
                    92
                  ],
                  "uv_size": [
                    0,
                    4
                  ]
                },
                "north": {
                  "uv": [
                    87,
                    100
                  ],
                  "uv_size": [
                    -10,
                    4
                  ]
                },
                "up": {
                  "uv": [
                    64,
                    92
                  ],
                  "uv_size": [
                    0,
                    10
                  ]
                },
                "west": {
                  "uv": [
                    64,
                    92
                  ],
                  "uv_size": [
                    0,
                    4
                  ]
                }
              }
            },
            {
              "origin": [
                -19.5,
                3.02626,
                19.8309
              ],
              "size": [
                11,
                2,
                0
              ],
              "uv": {
                "down": {
                  "uv": [
                    64,
                    103
                  ],
                  "uv_size": [
                    0,
                    -11
                  ]
                },
                "east": {
                  "uv": [
                    64,
                    92
                  ],
                  "uv_size": [
                    0,
                    2
                  ]
                },
                "north": {
                  "uv": [
                    80,
                    120
                  ],
                  "uv_size": [
                    -11,
                    2
                  ]
                },
                "up": {
                  "uv": [
                    64,
                    92
                  ],
                  "uv_size": [
                    0,
                    11
                  ]
                },
                "west": {
                  "uv": [
                    64,
                    92
                  ],
                  "uv_size": [
                    0,
                    2
                  ]
                }
              }
            }
          ],
          "name": "layer0coatB3",
          "parent": "layer0coat3",
          "pivot": [
            -14,
            7.92626,
            19.7809
          ]
        },
        {
          "cubes": [
            {
              "origin": [
                -18,
                7.82626,
                24.6691
              ],
              "size": [
                8,
                6,
                0
              ],
              "uv": {
                "down": {
                  "uv": [
                    64,
                    100
                  ],
                  "uv_size": [
                    0,
                    -8
                  ]
                },
                "east": {
                  "uv": [
                    64,
                    92
                  ],
                  "uv_size": [
                    0,
                    6
                  ]
                },
                "south": {
                  "uv": [
                    64,
                    92
                  ],
                  "uv_size": [
                    8,
                    6
                  ]
                },
                "up": {
                  "uv": [
                    64,
                    92
                  ],
                  "uv_size": [
                    0,
                    8
                  ]
                },
                "west": {
                  "uv": [
                    64,
                    92
                  ],
                  "uv_size": [
                    0,
                    6
                  ]
                }
              }
            }
          ],
          "name": "layer0coat4",
          "parent": "layer0coat",
          "pivot": [
            -14,
            13.98811,
            24.6175
          ],
          "rotation": [
            17.5,
            0,
            0
          ]
        },
        {
          "cubes": [
            {
              "origin": [
                -19,
                3.82626,
                24.6691
              ],
              "size": [
                10,
                4,
                0
              ],
              "uv": {
                "down": {
                  "uv": [
                    64,
                    102
                  ],
                  "uv_size": [
                    0,
                    -10
                  ]
                },
                "east": {
                  "uv": [
                    64,
                    92
                  ],
                  "uv_size": [
                    0,
                    4
                  ]
                },
                "south": {
                  "uv": [
                    77,
                    100
                  ],
                  "uv_size": [
                    10,
                    4
                  ]
                },
                "up": {
                  "uv": [
                    64,
                    92
                  ],
                  "uv_size": [
                    0,
                    10
                  ]
                },
                "west": {
                  "uv": [
                    64,
                    92
                  ],
                  "uv_size": [
                    0,
                    4
                  ]
                }
              }
            },
            {
              "origin": [
                -19.5,
                3.02626,
                24.5691
              ],
              "size": [
                11,
                2,
                0
              ],
              "uv": {
                "down": {
                  "uv": [
                    64,
                    103
                  ],
                  "uv_size": [
                    0,
                    -11
                  ]
                },
                "east": {
                  "uv": [
                    64,
                    92
                  ],
                  "uv_size": [
                    0,
                    2
                  ]
                },
                "north": {
                  "uv": [
                    93,
                    98
                  ],
                  "uv_size": [
                    11,
                    2
                  ]
                },
                "south": {
                  "uv": [
                    69,
                    120
                  ],
                  "uv_size": [
                    11,
                    2
                  ]
                },
                "up": {
                  "uv": [
                    64,
                    92
                  ],
                  "uv_size": [
                    0,
                    11
                  ]
                },
                "west": {
                  "uv": [
                    64,
                    92
                  ],
                  "uv_size": [
                    0,
                    2
                  ]
                }
              }
            }
          ],
          "name": "layer0coatB4",
          "parent": "layer0coat4",
          "pivot": [
            -14,
            7.92626,
            24.6191
          ]
        },
        {
          "cubes": [
            {
              "inflate": -0.2,
              "origin": [
                -17,
                13.66135,
                18.89042
              ],
              "size": [
                6,
                6,
                6
              ],
              "uv": {
                "down": {
                  "uv": [
                    70,
                    120
                  ],
                  "uv_size": [
                    6,
                    -6
                  ]
                },
                "east": {
                  "uv": [
                    75,
                    108
                  ],
                  "uv_size": [
                    6,
                    6
                  ]
                },
                "north": {
                  "uv": [
                    69,
                    108
                  ],
                  "uv_size": [
                    6,
                    6
                  ]
                },
                "south": {
                  "uv": [
                    81,
                    108
                  ],
                  "uv_size": [
                    6,
                    6
                  ]
                },
                "up": {
                  "uv": [
                    64,
                    114
                  ],
                  "uv_size": [
                    6,
                    6
                  ]
                },
                "west": {
                  "uv": [
                    82,
                    92
                  ],
                  "uv_size": [
                    6,
                    6
                  ]
                }
              }
            },
            {
              "origin": [
                -17,
                13.56515,
                19.00327
              ],
              "size": [
                6,
                6,
                6
              ],
              "uv": {
                "down": {
                  "uv": [
                    88,
                    116
                  ],
                  "uv_size": [
                    6,
                    -6
                  ]
                },
                "east": {
                  "uv": [
                    93,
                    104
                  ],
                  "uv_size": [
                    -6,
                    6
                  ]
                },
                "north": {
                  "uv": [
                    76,
                    114
                  ],
                  "uv_size": [
                    6,
                    6
                  ]
                },
                "south": {
                  "uv": [
                    87,
                    98
                  ],
                  "uv_size": [
                    6,
                    6
                  ]
                },
                "up": {
                  "uv": [
                    88,
                    92
                  ],
                  "uv_size": [
                    6,
                    6
                  ]
                },
                "west": {
                  "uv": [
                    87,
                    104
                  ],
                  "uv_size": [
                    6,
                    6
                  ]
                }
              }
            },
            {
              "inflate": 0.1,
              "origin": [
                -16.97292,
                17.79878,
                19.07714
              ],
              "pivot": [
                -13.97292,
                18.69878,
                21.97714
              ],
              "rotation": [
                -5,
                0,
                0
              ],
              "size": [
                6,
                1,
                6
              ],
              "uv": {
                "down": {
                  "uv": [
                    120,
                    99
                  ],
                  "uv_size": [
                    -8,
                    -7
                  ]
                },
                "east": {
                  "uv": [
                    120,
                    92
                  ],
                  "uv_size": [
                    7,
                    1
                  ]
                },
                "north": {
                  "uv": [
                    120,
                    92
                  ],
                  "uv_size": [
                    8,
                    1
                  ]
                },
                "south": {
                  "uv": [
                    120,
                    92
                  ],
                  "uv_size": [
                    8,
                    1
                  ]
                },
                "up": {
                  "uv": [
                    120,
                    99
                  ],
                  "uv_size": [
                    -8,
                    -7
                  ]
                },
                "west": {
                  "uv": [
                    120,
                    92
                  ],
                  "uv_size": [
                    7,
                    1
                  ]
                }
              }
            }
          ],
          "name": "layer0head2",
          "parent": "layer0body2",
          "pivot": [
            -13.97292,
            16.59878,
            21.97714
          ]
        },
        {
          "cubes": [
            {
              "origin": [
                -18.49842,
                9.24912,
                20.50864
              ],
              "size": [
                2,
                2,
                3
              ],
              "uv": {
                "down": {
                  "uv": [
                    96,
                    116
                  ],
                  "uv_size": [
                    2,
                    -3
                  ]
                },
                "east": {
                  "uv": [
                    82,
                    98
                  ],
                  "uv_size": [
                    3,
                    2
                  ]
                },
                "north": {
                  "uv": [
                    97,
                    92
                  ],
                  "uv_size": [
                    2,
                    2
                  ]
                },
                "south": {
                  "uv": [
                    66,
                    125
                  ],
                  "uv_size": [
                    2,
                    2
                  ]
                },
                "up": {
                  "uv": [
                    96,
                    110
                  ],
                  "uv_size": [
                    2,
                    3
                  ]
                },
                "west": {
                  "uv": [
                    64,
                    112
                  ],
                  "uv_size": [
                    3,
                    2
                  ]
                }
              }
            },
            {
              "inflate": -0.1,
              "origin": [
                -18.45218,
                9.77948,
                20.4624
              ],
              "size": [
                2,
                5,
                3
              ],
              "uv": {
                "down": {
                  "uv": [
                    64,
                    128
                  ],
                  "uv_size": [
                    2,
                    -3
                  ]
                },
                "east": {
                  "uv": [
                    92,
                    121
                  ],
                  "uv_size": [
                    3,
                    5
                  ]
                },
                "north": {
                  "uv": [
                    77,
                    122
                  ],
                  "uv_size": [
                    2,
                    5
                  ]
                },
                "south": {
                  "uv": [
                    94,
                    110
                  ],
                  "uv_size": [
                    2,
                    5
                  ]
                },
                "up": {
                  "uv": [
                    95,
                    124
                  ],
                  "uv_size": [
                    2,
                    3
                  ]
                },
                "west": {
                  "uv": [
                    94,
                    92
                  ],
                  "uv_size": [
                    3,
                    5
                  ]
                }
              }
            }
          ],
          "name": "layer0leftArm2",
          "parent": "layer0body2",
          "pivot": [
            -17.74873,
            14.37362,
            22
          ],
          "rotation": [
            0,
            0,
            25
          ]
        },
        {
          "cubes": [
            {
              "origin": [
                -18.32794,
                6.98172,
                20.89304
              ],
              "size": [
                1.44512,
                3.75152,
                2.21392
              ],
              "uv": {
                "down": {
                  "uv": [
                    79,
                    126
                  ],
                  "uv_size": [
                    1,
                    -2
                  ]
                },
                "east": {
                  "uv": [
                    69,
                    104
                  ],
                  "uv_size": [
                    2,
                    4
                  ]
                },
                "north": {
                  "uv": [
                    71,
                    104
                  ],
                  "uv_size": [
                    1,
                    4
                  ]
                },
                "south": {
                  "uv": [
                    87,
                    110
                  ],
                  "uv_size": [
                    1,
                    4
                  ]
                },
                "up": {
                  "uv": [
                    79,
                    122
                  ],
                  "uv_size": [
                    1,
                    2
                  ]
                },
                "west": {
                  "uv": [
                    95,
                    120
                  ],
                  "uv_size": [
                    2,
                    4
                  ]
                }
              }
            }
          ],
          "name": "layer0leftHand",
          "parent": "layer0leftArm2",
          "pivot": [
            -17.24826,
            9.67668,
            22
          ]
        },
        {
          "name": "layer0leftItem",
          "parent": "layer0leftHand",
          "pivot": [
            -19.60426,
            14.47908,
            22
          ]
        },
        {
          "cubes": [
            {
              "origin": [
                -11.50158,
                9.24912,
                20.50864
              ],
              "size": [
                2,
                2,
                3
              ],
              "uv": {
                "down": {
                  "uv": [
                    98,
                    116
                  ],
                  "uv_size": [
                    -2,
                    -3
                  ]
                },
                "east": {
                  "uv": [
                    67,
                    112
                  ],
                  "uv_size": [
                    -3,
                    2
                  ]
                },
                "north": {
                  "uv": [
                    99,
                    92
                  ],
                  "uv_size": [
                    -2,
                    2
                  ]
                },
                "south": {
                  "uv": [
                    68,
                    125
                  ],
                  "uv_size": [
                    -2,
                    2
                  ]
                },
                "up": {
                  "uv": [
                    98,
                    110
                  ],
                  "uv_size": [
                    -2,
                    3
                  ]
                },
                "west": {
                  "uv": [
                    85,
                    98
                  ],
                  "uv_size": [
                    -3,
                    2
                  ]
                }
              }
            },
            {
              "inflate": -0.1,
              "origin": [
                -11.54782,
                9.77948,
                20.4624
              ],
              "size": [
                2,
                5,
                3
              ],
              "uv": {
                "down": {
                  "uv": [
                    66,
                    128
                  ],
                  "uv_size": [
                    -2,
                    -3
                  ]
                },
                "east": {
                  "uv": [
                    97,
                    92
                  ],
                  "uv_size": [
                    -3,
                    5
                  ]
                },
                "north": {
                  "uv": [
                    79,
                    122
                  ],
                  "uv_size": [
                    -2,
                    5
                  ]
                },
                "south": {
                  "uv": [
                    96,
                    110
                  ],
                  "uv_size": [
                    -2,
                    5
                  ]
                },
                "up": {
                  "uv": [
                    97,
                    124
                  ],
                  "uv_size": [
                    -2,
                    3
                  ]
                },
                "west": {
                  "uv": [
                    95,
                    121
                  ],
                  "uv_size": [
                    -3,
                    5
                  ]
                }
              }
            }
          ],
          "name": "layer0rightArm2",
          "parent": "layer0body2",
          "pivot": [
            -10.25127,
            14.37362,
            22
          ],
          "rotation": [
            0,
            0,
            -22.5
          ]
        },
        {
          "cubes": [
            {
              "origin": [
                -11.11718,
                6.98172,
                20.89304
              ],
              "size": [
                1.44512,
                3.75152,
                2.21392
              ],
              "uv": {
                "down": {
                  "uv": [
                    80,
                    126
                  ],
                  "uv_size": [
                    -1,
                    -2
                  ]
                },
                "east": {
                  "uv": [
                    97,
                    120
                  ],
                  "uv_size": [
                    -2,
                    4
                  ]
                },
                "north": {
                  "uv": [
                    72,
                    104
                  ],
                  "uv_size": [
                    -1,
                    4
                  ]
                },
                "south": {
                  "uv": [
                    88,
                    110
                  ],
                  "uv_size": [
                    -1,
                    4
                  ]
                },
                "up": {
                  "uv": [
                    80,
                    122
                  ],
                  "uv_size": [
                    -1,
                    2
                  ]
                },
                "west": {
                  "uv": [
                    71,
                    104
                  ],
                  "uv_size": [
                    -2,
                    4
                  ]
                }
              }
            }
          ],
          "name": "layer0rightHand",
          "parent": "layer0rightArm2",
          "pivot": [
            -10.75174,
            9.67668,
            22
          ]
        },
        {
          "name": "layer0rightItem",
          "parent": "layer0rightHand",
          "pivot": [
            -8.39574,
            14.47908,
            22
          ]
        },
        {
          "cubes": [
            {
              "origin": [
                -13.77576,
                3.3736,
                20.078
              ],
              "pivot": [
                -12.19776,
                4.68,
                22
              ],
              "rotation": [
                0,
                0,
                -7.5
              ],
              "size": [
                3,
                4,
                4
              ],
              "uv": {
                "down": {
                  "uv": [
                    93,
                    120
                  ],
                  "uv_size": [
                    3,
                    -4
                  ]
                },
                "east": {
                  "uv": [
                    84,
                    120
                  ],
                  "uv_size": [
                    4,
                    4
                  ]
                },
                "north": {
                  "uv": [
                    80,
                    120
                  ],
                  "uv_size": [
                    3,
                    4
                  ]
                },
                "south": {
                  "uv": [
                    93,
                    100
                  ],
                  "uv_size": [
                    3,
                    4
                  ]
                },
                "up": {
                  "uv": [
                    88,
                    121
                  ],
                  "uv_size": [
                    3,
                    4
                  ]
                },
                "west": {
                  "uv": [
                    93,
                    105
                  ],
                  "uv_size": [
                    4,
                    4
                  ]
                }
              }
            }
          ],
          "name": "layer0rightLeg",
          "parent": "layer0spiritguide",
          "pivot": [
            -12.60505,
            6.88031,
            22
          ]
        },
        {
          "cubes": [
            {
              "origin": [
                -13.04456,
                0.0008,
                20.8468
              ],
              "size": [
                2,
                5,
                2
              ],
              "uv": {
                "down": {
                  "uv": [
                    85,
                    100
                  ],
                  "uv_size": [
                    2,
                    -2
                  ]
                },
                "east": {
                  "uv": [
                    71,
                    122
                  ],
                  "uv_size": [
                    2,
                    5
                  ]
                },
                "north": {
                  "uv": [
                    69,
                    122
                  ],
                  "uv_size": [
                    2,
                    5
                  ]
                },
                "south": {
                  "uv": [
                    73,
                    122
                  ],
                  "uv_size": [
                    2,
                    5
                  ]
                },
                "up": {
                  "uv": [
                    67,
                    112
                  ],
                  "uv_size": [
                    2,
                    2
                  ]
                },
                "west": {
                  "uv": [
                    75,
                    122
                  ],
                  "uv_size": [
                    2,
                    5
                  ]
                }
              }
            }
          ],
          "name": "layer0rightFoot",
          "parent": "layer0rightLeg",
          "pivot": [
            -12.35488,
            3.3864,
            22
          ]
        },
        {
          "cubes": [
            {
              "origin": [
                -17.22424,
                3.3736,
                20.078
              ],
              "pivot": [
                -15.80224,
                4.68,
                22
              ],
              "rotation": [
                0,
                0,
                7.5
              ],
              "size": [
                3,
                4,
                4
              ],
              "uv": {
                "down": {
                  "uv": [
                    96,
                    120
                  ],
                  "uv_size": [
                    -3,
                    -4
                  ]
                },
                "east": {
                  "uv": [
                    97,
                    105
                  ],
                  "uv_size": [
                    -4,
                    4
                  ]
                },
                "north": {
                  "uv": [
                    83,
                    120
                  ],
                  "uv_size": [
                    -3,
                    4
                  ]
                },
                "south": {
                  "uv": [
                    96,
                    100
                  ],
                  "uv_size": [
                    -3,
                    4
                  ]
                },
                "up": {
                  "uv": [
                    91,
                    121
                  ],
                  "uv_size": [
                    -3,
                    4
                  ]
                },
                "west": {
                  "uv": [
                    88,
                    120
                  ],
                  "uv_size": [
                    -4,
                    4
                  ]
                }
              }
            }
          ],
          "name": "layer0leftLeg",
          "parent": "layer0spiritguide",
          "pivot": [
            -15.39495,
            6.88031,
            22
          ]
        },
        {
          "cubes": [
            {
              "origin": [
                -16.95544,
                0.0008,
                20.8468
              ],
              "size": [
                2,
                5,
                2
              ],
              "uv": {
                "down": {
                  "uv": [
                    87,
                    100
                  ],
                  "uv_size": [
                    -2,
                    -2
                  ]
                },
                "east": {
                  "uv": [
                    77,
                    122
                  ],
                  "uv_size": [
                    -2,
                    5
                  ]
                },
                "north": {
                  "uv": [
                    71,
                    122
                  ],
                  "uv_size": [
                    -2,
                    5
                  ]
                },
                "south": {
                  "uv": [
                    75,
                    122
                  ],
                  "uv_size": [
                    -2,
                    5
                  ]
                },
                "up": {
                  "uv": [
                    69,
                    112
                  ],
                  "uv_size": [
                    -2,
                    2
                  ]
                },
                "west": {
                  "uv": [
                    73,
                    122
                  ],
                  "uv_size": [
                    -2,
                    5
                  ]
                }
              }
            }
          ],
          "name": "layer0leftFoot",
          "parent": "layer0leftLeg",
          "pivot": [
            -15.64512,
            3.3864,
            22
          ]
        }
      ],
      "description": {
        "identifier": "geometry.marketplace.main.stand.three",
        "texture_height": 128,
        "texture_width": 128,
        "visible_bounds_height": 5,
        "visible_bounds_offset": [
          0,
          1.5,
          0
        ],
        "visible_bounds_width": 6
      }
    }
  ]
}