{
  "namespace": "warzone_main",
  "main_panel": {
          "type": "stack_panel",
          "size": [
            "100%",
            "100%"
          ],
          "orientation": "vertical",
          "controls": [
            {
              "top_panel": {
                "type": "panel",
                "size": [
                  "100%",
                  36
                ],
                "controls": [
                  {
                    "title_warzone@server_form.text": {
                      "$text": "WARZONES",
                      "$font_type": "MinecraftTen",
                      "font_scale_factor": 1.3,
                      "$font_size": "normal",
                      "$color": "white",
                      "offset": [
                        9,
                        9
                      ]
                    }
                  },
                  {
                    "title_warzone@server_form.text": {
                      "$text": "ACCUEIL",
                      "$font_size": "normal",
                      "$font_type": "MinecraftTen",
                      "font_scale_factor": 0.9,
                      "$color": [
                        0.9569,
                        0.1490,
                        0.2902
                      ],
                      "offset": [
                        9,
                        21
                      ]
                    }
                  }
                ]
              }
            },
            {
              "choice_and_info": {
                "type": "stack_panel",
                "anchor_from": "top_left",
                "anchor_to": "top_left",
                "size": [
                  "100%",
                  96
                ],
                "orientation": "horizontal",
                "controls": [
                  {
                    "buttons_warzone@server_form.button_one": {
                      "$button": "warzone_main.choice_warzone"
                    }
                  }
                ]
              }
            }
          ]
        },

  "choice_warzone": {
    "type": "panel",
    "controls": [
      {
        "petrole@warzone_main.choice_warzone_inner": {
          "$font_type": "MinecraftTen",
          "$text_value": "PETROLE",
          "texture": "textures/global/button_color_white",
          "color": "$color6",
          "offset": [
            9,
            0
          ],
          "bindings": [
            {
              "binding_name": "#form_button_text",
              "binding_name_override": "#form_button_text",
              "binding_type": "collection",
              "binding_collection_name": "form_buttons"
            },
            {
              "binding_type": "view",
              "source_property_name": "(not((#form_button_text - '§d§d§a§a') \u003d #form_button_text))",
              "target_property_name": "#visible"
            }
          ]
        }
      },
      {
        "bateau@warzone_main.choice_warzone_inner": {
          "$text_value": "BATEAU",
          "texture": "textures/global/button_color_white",
          "color": "$color_blue",
          "offset": [
            95.33,
            0
          ],
          "bindings": [
            {
              "binding_name": "#form_button_text",
              "binding_name_override": "#form_button_text",
              "binding_type": "collection",
              "binding_collection_name": "form_buttons"
            },
            {
              "binding_type": "view",
              "source_property_name": "(not((#form_button_text - '§b§b§a§a') \u003d #form_button_text))",
              "target_property_name": "#visible"
            }
          ]
        }
      },
      {
        "mine@warzone_main.choice_warzone_inner": {
          "$text_value": "MINE",
          "texture": "textures/global/button_color_white",
          "color": "$color_blue",
          "offset": [
            181.67,
            0
          ],
          "bindings": [
            {
              "binding_name": "#form_button_text",
              "binding_name_override": "#form_button_text",
              "binding_type": "collection",
              "binding_collection_name": "form_buttons"
            },
            {
              "binding_type": "view",
              "source_property_name": "(not((#form_button_text - '§c§c§a§a') \u003d #form_button_text))",
              "target_property_name": "#visible"
            }
          ]
        }
      },
      {
        "info@warzone_main.info_warzone_inner": {
          "offset": [
            131,
            0
          ],
          "bindings": [
            {
              "binding_name": "#form_button_text",
              "binding_name_override": "#form_button_text",
              "binding_type": "collection",
              "binding_collection_name": "form_buttons"
            },
            {
              "binding_type": "view",
              "source_property_name": "(not((#form_button_text - '§e§e§a§a') \u003d #form_button_text))",
              "target_property_name": "#visible"
            }
          ]
        }
      },
      {
        "info_country@warzone_main.info_country_inner": {
          "texture": "textures/global/button_color_white",
          "color": "$color_blue",
          "offset": [
            274,
            0
          ],
          "bindings": [
            {
              "binding_name": "#form_button_text",
              "binding_name_override": "#form_button_text",
              "binding_type": "collection",
              "binding_collection_name": "form_buttons"
            },
            {
              "binding_type": "view",
              "source_property_name": "(not((#form_button_text - '§d§d§d§d') \u003d #form_button_text))",
              "target_property_name": "#visible"
            }
          ]
        }
      }
    ]
  },
  "choice_warzone_inner": {
    "type": "panel",
    "anchor_from": "top_left",
    "anchor_to": "top_left",
    "size": [
      80.17,
      148
    ],
    "controls": [
      {
        "form_button@common.button": {
          "$pressed_button_name": "button.form_button_click",
          "$default_state|default": false,
          "$hover_state|default": false,
          "controls": [
            {
              "background": {
                "type": "image",
                "texture": "textures/global/button_color_white",
                "color": "$color8",
                "layer": 15,
                "size": [
                  "100%",
                  "100%"
                ]
              }
            },
            {
              "info_warzone@server_form.text": {
                "$text": "$text_value",
                "$color": "white",
                "$font_type": "MinecraftTen",
                "anchor_from": "top_left",
                "anchor_to": "top_left",
                "layer": 16,
                "offset": [
                  3,
                  120
                ]
              }
            },
            {
              "value_warzone@server_form.text": {
                "$text": "#value_countrie",
                "$color": "0x000000",
                "$font_size": "minecraft:unifont",
                "font_scale_factor": 0.6,
                "anchor_from": "top_left",
                "anchor_to": "top_left",
                "layer": 16,
                "offset": [
                  0,
                  132
                ],
                "bindings": [
                  {
                    "binding_collection_name": "form_buttons",
                    "binding_type": "collection",
                    "binding_condition": "none",
                    "binding_name": "#form_button_text",
                    "binding_name_override": "#value_countrie"
                  }
                ]
              }
            },
            {
              "background_render": {
                "type": "image",
                "texture": "#texture",
                "layer": 15,
                "size": [
                  "100%",
                  "100%"
                ],
                "bindings": [
                  {
                    "binding_name": "#form_button_texture",
                    "binding_name_override": "#texture",
                    "binding_type": "collection",
                    "binding_collection_name": "form_buttons"
                  },
                  {
                    "binding_name": "#form_button_texture_file_system",
                    "binding_name_override": "#texture_file_system",
                    "binding_type": "collection",
                    "binding_collection_name": "form_buttons"
                  },
                  {
                    "binding_type":"view",
                    "source_property_name":"(not ((#texture \u003d \u0027\u0027) or (#texture \u003d \u0027loading\u0027)))",
                    "target_property_name":"#visible"
                  }
                ]
              }
            },
            {
              "hover": {
                "type": "panel",
                "controls": [
                  {
                    "background_hover": {
                      "type": "image",
                      "texture": "textures/global/button_color_white",
                      "color": "$color_red",
                      "alpha": 0.6,
                      "layer": 15,
                      "size": [
                        "100%",
                        "100%"
                      ]
                    }
                  }
                ]
              }
            }
          ],
          "bindings": [
            {
              "binding_type": "collection_details",
              "binding_collection_name": "form_buttons"
            }
          ]
        }
      }
    ]
  },
  "info_warzone_inner": {
    "type": "stack_panel",
    "size": [
      77,
      148
    ],
    "orientation": "vertical",
    "controls": [
      {
        "button_ranks": {
          "type": "panel",
          "anchor_from": "top_left",
          "anchor_to": "top_left",
          "size": [
            "100%",
            17
          ],
          "controls": [
            {
              "form_button@common.button": {
                "$pressed_button_name": "button.form_button_click",
                "$default_state|default": false,
                "$hover_state|default": false,
                "controls": [
                  {
                    "background_button": {
                      "type": "panel",
                      "controls": [
                        {
                          "background": {
                            "type": "image",
                            "texture": "textures/global/button_color_white",
                            "color": "$color_red",
                            "layer": 15,
                            "size": [
                              "100%",
                              "100%"
                            ]
                          }
                        },
                        {
                          "title_warzone@server_form.text": {
                            "$text": "Voir classements",
                            "font_scale_factor": 1.2,
                            "$color": "white",
                            "layer": 16,
                            "anchor_from": "center",
                            "anchor_to": "center",
                            "$font_size": "small"
                          }
                        }
                      ]
                    }
                  },
                  {
                    "hover": {
                      "type": "panel",
                      "controls": [
                        {
                          "background_hover": {
                            "type": "image",
                            "texture": "textures/global/button_color_white",
                            "layer": 15,
                            "size": [
                              "100%",
                              "100%"
                            ]
                          }
                        },
                        {
                          "title_warzone@server_form.text": {
                            "$text": "Voir classements",
                            "font_scale_factor": 1.2,
                            "$color": [
                              0.109,
                              0.117,
                              0.258
                            ],
                            "layer": 16,
                            "anchor_from": "center",
                            "anchor_to": "center",
                            "$font_size": "small"
                          }
                        }
                      ]
                    }
                  }
                ],
                "bindings": [
                  {
                    "binding_type": "collection_details",
                    "binding_collection_name": "form_buttons"
                  }
                ]
              }
            }
          ]
        }
      },
      {
        "padding": {
          "type": "panel",
          "size": [
            "100%",
            4
          ]
        }
      },
      {
        "country": {
          "type": "panel",
          "size": [
            "100%",
            35
          ],
          "controls": [
            {
              "background": {
                "type": "image",
                "texture": "textures/global/button_color_white",
                "color": "$color3",
                "keep_ratio": false,
                "anchor_from": "top_left",
                "anchor_to": "top_left",
                "layer": 2,
                "size": [
                  "100%",
                  "100%"
                ]
              }
            }
          ]
        }
      },
      {
        "padding": {
          "type": "panel",
          "size": [
            "100%",
            3
          ]
        }
      },
      {
        "info_country": {
          "type": "panel",
          "size": [
            "100%",
            89
          ],
          "controls": [
            {
              "background": {
                "type": "image",
                "texture": "textures/global/button_color_white",
                "color": "$color3",
                "keep_ratio": false,
                "anchor_from": "top_left",
                "anchor_to": "top_left",
                "layer": 2,
                "size": [
                  "100%",
                  "100%"
                ]
              }
            },
            {
              "label_countrie@server_form.text": {
                "$text": "BONUS DE PAYS",
                "$font_type": "MinecraftTen",
                "$color": "white",
                "anchor_from": "top_left",
                "anchor_to": "top_left",
                "font_scale_factor": 1.2,
                "$offset": [
                  6,
                  6
                ],
                "$font_size": "small"
              }
            },
            {
              "bonus_countrie@server_form.text": {
                "$text": "#bonus",
                "$color": "white",
                "alpha": 0.8,
                "anchor_from": "top_left",
                "anchor_to": "top_left",
                "$offset": [
                  6,
                  15
                ],
                "$font_size": "small",
                "bindings": [
                  {
                    "binding_collection_name": "form_buttons",
                    "binding_type": "collection",
                    "binding_condition": "none",
                    "binding_name": "#form_button_texture",
                    "binding_name_override": "#bonus"
                  }
                ]
              }
            },
            {
              "help_warzone@server_form.text": {
                "$text": "Capturez les zones pour\nobtenir des bonus de pays.\nLes meilleurs pays gagnent\ndes bonus supplémentaires",
                "$color": "white",
                "alpha": 0.8,
                "anchor_from": "top_left",
                "anchor_to": "top_left",
                "$offset": [
                  6,
                  50
                ],
                "$font_size": "small"
              }
            }
          ]
        }
      }
    ]
  },
  "info_country_inner": {
    "type": "panel",
    "controls": [
      {
        "name_country@server_form.text": {
          "$text": "#form_button_text",
          "$color": "white",
          "$font_type": "MinecraftTen",
          "anchor_from": "top_left",
          "anchor_to": "top_left",
          "$font_size": "normal",
          "font_scale_factor": 0.9,
          "offset": [
            0,
            25
          ],
          "bindings": [
            {
              "binding_name": "#form_button_text",
              "binding_name_override": "#form_button_text",
              "binding_type": "collection",
              "binding_collection_name": "form_buttons"
            },
            {
              "binding_type": "view",
              "source_property_name": "(not((#form_button_text - '§d§d§d§d') \u003d #form_button_text))",
              "target_property_name": "#visible"
            }
          ]
        }
      },
      {
        "ranks_country@server_form.text": {
          "$text": "#form_button_texture",
          "$color": "white",
          "anchor_from": "top_left",
          "anchor_to": "top_left",
          "$font_size": "normal",
          "alpha": 0.8,
          "font_scale_factor": 0.6,
          "offset": [
            3,
            46
          ],
          "bindings": [
            {
              "binding_name": "#form_button_texture",
              "binding_name_override": "#form_button_texture",
              "binding_type": "collection",
              "binding_collection_name": "form_buttons"
            }
          ]
        }
      }
    ]
  }
}