{"format_version":"1.14.0","sound_definitions":{"meuh":{"sounds":["sounds/meuh"]},"dirt1":{"sounds":["sounds/dirt1"]},"dirt2":{"sounds":["sounds/dirt2"]},"metal1":{"sounds":["sounds/metal1"]},"metal2":{"sounds":["sounds/metal2"]},"metal3":{"sounds":["sounds/metal3"]},"stone":{"sounds":["sounds/stone"]},"wood1":{"sounds":["sounds/wood1"]},"wood2":{"sounds":["sounds/wood2"]},"wood3":{"sounds":["sounds/wood3"]},"galshi1":{"sounds":["sounds/galshi1"]},"galshi2":{"sounds":["sounds/galshi2"]},"galshi3":{"sounds":["sounds/galshi3"]}}}