{"format_version":"1.16.0","minecraft:geometry":[{"bones":[{"binding":"c.item_slot == 'head' ? 'head' : q.item_slot_to_bone_name(c.item_slot)","name":"geyser_custom","pivot":[0,8,0]},{"name":"geyser_custom_x","parent":"geyser_custom","pivot":[0,8,0]},{"name":"geyser_custom_y","parent":"geyser_custom_x","pivot":[0,8,0]},{"cubes":[{"origin":[-0.0463,0.7819,-4.875],"size":[0.19,0.19,9],"uv":{"down":{"uv":[7.057,12.5388],"uv_size":[0.0036,0.4613]},"east":{"uv":[6.5953,12.42],"uv_size":[0.4341,0.0038]},"north":{"uv":[7.057,12.42],"uv_size":[0.0036,0.0038]},"south":{"uv":[7.057,12.42],"uv_size":[0.0036,0.0038]},"up":{"uv":[7.0606,12.9925],"uv_size":[-0.0036,-0.4613]},"west":{"uv":[7.0953,12.42],"uv_size":[0.4341,0.0038]}}},{"origin":[-0.105,0.725,3.975],"size":[0.3,0.3,0.3],"uv":{"down":{"uv":[11.7358,11.876],"uv_size":[0.0289,0.0615]},"east":{"uv":[11.3539,11.3755],"uv_size":[0.0579,0.0308]},"north":{"uv":[11.7358,11.3755],"uv_size":[0.0289,0.0308]},"south":{"uv":[11.7652,11.3755],"uv_size":[0.0289,0.0308]},"up":{"uv":[11.7936,11.9365],"uv_size":[-0.0289,-0.0615]},"west":{"uv":[12.1186,11.3755],"uv_size":[0.0579,0.0308]}}}],"name":"geyser_custom_z","parent":"geyser_custom_y","pivot":[0,8,0]},{"cubes":[{"origin":[-0.5437,0.827,-5.325],"pivot":[-0.45,0.827,-5.325],"size":[0.0938,0.0938,0.75],"uv":{"down":{"uv":[12.6769,12.876],"uv_size":[0.0289,0.0615]},"east":{"uv":[12.2951,12.3755],"uv_size":[0.0579,0.0308]},"north":{"uv":[12.6769,12.3755],"uv_size":[0.0289,0.0308]},"south":{"uv":[12.7064,12.3755],"uv_size":[0.0289,0.0308]},"up":{"uv":[12.7348,12.9365],"uv_size":[-0.0289,-0.0615]},"west":{"uv":[13.0598,12.3755],"uv_size":[0.0579,0.0308]}}}],"name":"rot_1","parent":"geyser_custom_z","pivot":[-0.45,0.827,-5.325],"rotation":[0,45,0]},{"cubes":[{"origin":[-0.5437,0.827,-5.175],"pivot":[-0.45,0.827,-5.175],"size":[0.0938,0.0938,0.75],"uv":{"down":{"uv":[12.6769,12.876],"uv_size":[0.0289,0.0615]},"east":{"uv":[12.2951,12.3755],"uv_size":[0.0579,0.0308]},"north":{"uv":[12.6769,12.3755],"uv_size":[0.0289,0.0308]},"south":{"uv":[12.7064,12.3755],"uv_size":[0.0289,0.0308]},"up":{"uv":[12.7348,12.9365],"uv_size":[-0.0289,-0.0615]},"west":{"uv":[13.0598,12.3755],"uv_size":[0.0579,0.0308]}}}],"name":"rot_2","parent":"geyser_custom_z","pivot":[-0.45,0.827,-5.175],"rotation":[0,45,0]},{"cubes":[{"origin":[-0.5437,0.827,-5.025],"pivot":[-0.45,0.827,-5.025],"size":[0.0938,0.0938,0.75],"uv":{"down":{"uv":[12.6769,12.876],"uv_size":[0.0289,0.0615]},"east":{"uv":[12.2951,12.3755],"uv_size":[0.0579,0.0308]},"north":{"uv":[12.6769,12.3755],"uv_size":[0.0289,0.0308]},"south":{"uv":[12.7064,12.3755],"uv_size":[0.0289,0.0308]},"up":{"uv":[12.7348,12.9365],"uv_size":[-0.0289,-0.0615]},"west":{"uv":[13.0598,12.3755],"uv_size":[0.0579,0.0308]}}}],"name":"rot_3","parent":"geyser_custom_z","pivot":[-0.45,0.827,-5.025],"rotation":[0,45,0]},{"cubes":[{"origin":[-0.5437,0.827,-4.875],"pivot":[-0.45,0.827,-4.875],"size":[0.0938,0.0938,0.75],"uv":{"down":{"uv":[12.6769,12.876],"uv_size":[0.0289,0.0615]},"east":{"uv":[12.2951,12.3755],"uv_size":[0.0579,0.0308]},"north":{"uv":[12.6769,12.3755],"uv_size":[0.0289,0.0308]},"south":{"uv":[12.7064,12.3755],"uv_size":[0.0289,0.0308]},"up":{"uv":[12.7348,12.9365],"uv_size":[-0.0289,-0.0615]},"west":{"uv":[13.0598,12.3755],"uv_size":[0.0579,0.0308]}}}],"name":"rot_4","parent":"geyser_custom_z","pivot":[-0.45,0.827,-4.875],"rotation":[0,45,0]},{"cubes":[{"origin":[-0.4046,0.725,3.54],"pivot":[-0.3105,0.725,3.54],"size":[0.0941,0.3,0.75],"uv":{"down":{"uv":[11.7358,11.876],"uv_size":[0.0289,0.0615]},"east":{"uv":[11.3539,11.3755],"uv_size":[0.0579,0.0308]},"north":{"uv":[11.7358,11.3755],"uv_size":[0.0289,0.0308]},"south":{"uv":[11.7652,11.3755],"uv_size":[0.0289,0.0308]},"up":{"uv":[11.7936,11.9365],"uv_size":[-0.0289,-0.0615]},"west":{"uv":[12.1186,11.3755],"uv_size":[0.0579,0.0308]}}}],"name":"rot_5","parent":"geyser_custom_z","pivot":[-0.3105,0.725,3.54],"rotation":[0,22.5,0]},{"cubes":[{"origin":[0.386,0.725,3.57],"pivot":[0.48,0.725,3.57],"size":[0.0941,0.3,0.75],"uv":{"down":{"uv":[11.7358,11.876],"uv_size":[0.0289,0.0615]},"east":{"uv":[11.3539,11.3755],"uv_size":[0.0579,0.0308]},"north":{"uv":[11.7358,11.3755],"uv_size":[0.0289,0.0308]},"south":{"uv":[11.7652,11.3755],"uv_size":[0.0289,0.0308]},"up":{"uv":[11.7936,11.9365],"uv_size":[-0.0289,-0.0615]},"west":{"uv":[12.1186,11.3755],"uv_size":[0.0579,0.0308]}}}],"name":"rot_6","parent":"geyser_custom_z","pivot":[0.48,0.725,3.57],"rotation":[0,-22.5,0]},{"cubes":[{"origin":[0.5062,0.827,-5.25],"pivot":[0.6,0.827,-5.25],"size":[0.0938,0.0938,0.75],"uv":{"down":{"uv":[12.6769,12.876],"uv_size":[0.0289,0.0615]},"east":{"uv":[12.2951,12.3755],"uv_size":[0.0579,0.0308]},"north":{"uv":[12.6769,12.3755],"uv_size":[0.0289,0.0308]},"south":{"uv":[12.7064,12.3755],"uv_size":[0.0289,0.0308]},"up":{"uv":[12.7348,12.9365],"uv_size":[-0.0289,-0.0615]},"west":{"uv":[13.0598,12.3755],"uv_size":[0.0579,0.0308]}}}],"name":"rot_7","parent":"geyser_custom_z","pivot":[0.6,0.827,-5.25],"rotation":[0,-45,0]},{"cubes":[{"origin":[0.5062,0.827,-5.1],"pivot":[0.6,0.827,-5.1],"size":[0.0938,0.0938,0.75],"uv":{"down":{"uv":[12.6769,12.876],"uv_size":[0.0289,0.0615]},"east":{"uv":[12.2951,12.3755],"uv_size":[0.0579,0.0308]},"north":{"uv":[12.6769,12.3755],"uv_size":[0.0289,0.0308]},"south":{"uv":[12.7064,12.3755],"uv_size":[0.0289,0.0308]},"up":{"uv":[12.7348,12.9365],"uv_size":[-0.0289,-0.0615]},"west":{"uv":[13.0598,12.3755],"uv_size":[0.0579,0.0308]}}}],"name":"rot_8","parent":"geyser_custom_z","pivot":[0.6,0.827,-5.1],"rotation":[0,-45,0]},{"cubes":[{"origin":[0.5062,0.827,-4.95],"pivot":[0.6,0.827,-4.95],"size":[0.0938,0.0938,0.75],"uv":{"down":{"uv":[12.6769,12.876],"uv_size":[0.0289,0.0615]},"east":{"uv":[12.2951,12.3755],"uv_size":[0.0579,0.0308]},"north":{"uv":[12.6769,12.3755],"uv_size":[0.0289,0.0308]},"south":{"uv":[12.7064,12.3755],"uv_size":[0.0289,0.0308]},"up":{"uv":[12.7348,12.9365],"uv_size":[-0.0289,-0.0615]},"west":{"uv":[13.0598,12.3755],"uv_size":[0.0579,0.0308]}}}],"name":"rot_9","parent":"geyser_custom_z","pivot":[0.6,0.827,-4.95],"rotation":[0,-45,0]},{"cubes":[{"origin":[0.5062,0.827,-4.8],"pivot":[0.6,0.827,-4.8],"size":[0.0938,0.0938,0.75],"uv":{"down":{"uv":[12.6769,12.876],"uv_size":[0.0289,0.0615]},"east":{"uv":[12.2951,12.3755],"uv_size":[0.0579,0.0308]},"north":{"uv":[12.6769,12.3755],"uv_size":[0.0289,0.0308]},"south":{"uv":[12.7064,12.3755],"uv_size":[0.0289,0.0308]},"up":{"uv":[12.7348,12.9365],"uv_size":[-0.0289,-0.0615]},"west":{"uv":[13.0598,12.3755],"uv_size":[0.0579,0.0308]}}}],"name":"rot_10","parent":"geyser_custom_z","pivot":[0.6,0.827,-4.8],"rotation":[0,-45,0]}],"description":{"identifier":"geometry.geyser_custom.geo_9caed57","texture_height":16,"texture_width":16,"visible_bounds_height":4.5,"visible_bounds_offset":[0,0.75,0],"visible_bounds_width":4}}]}