{"format_version":"1.16.0","minecraft:geometry":[{"bones":[{"binding":"c.item_slot == 'head' ? 'head' : q.item_slot_to_bone_name(c.item_slot)","name":"geyser_custom","pivot":[0,8,0]},{"name":"geyser_custom_x","parent":"geyser_custom","pivot":[0,8,0]},{"name":"geyser_custom_y","parent":"geyser_custom_x","pivot":[0,8,0]},{"cubes":[{"origin":[-2.1,10,-0.5],"size":[4,2,1],"uv":{"down":{"uv":[9.792,12.501],"uv_size":[0.2315,0.0615]},"east":{"uv":[9.8245,12.252],"uv_size":[0.0579,0.123]},"north":{"uv":[9.792,12.252],"uv_size":[0.2315,0.123]},"south":{"uv":[9.7449,12.252],"uv_size":[0.2315,0.123]},"up":{"uv":[10.9139,10.5615],"uv_size":[-0.2315,-0.0615]},"west":{"uv":[9.8833,12.252],"uv_size":[0.0579,0.123]}}},{"origin":[-1.7,5.5,-0.5],"size":[4,1,1],"uv":{"down":{"uv":[9.8155,12.501],"uv_size":[0.2315,0.0615]},"east":{"uv":[9.8245,12.5948],"uv_size":[0.0579,0.0615]},"north":{"uv":[9.8155,12.5948],"uv_size":[0.2315,0.0615]},"south":{"uv":[9.7214,12.5948],"uv_size":[0.2315,0.0615]},"up":{"uv":[9.9492,12.5615],"uv_size":[-0.2315,-0.0615]},"west":{"uv":[9.8833,12.5948],"uv_size":[0.0579,0.0615]}}},{"origin":[-1.3,3.5,-0.5],"size":[4,1,1],"uv":{"down":{"uv":[9.8391,12.501],"uv_size":[0.2315,0.0615]},"east":{"uv":[9.8245,12.7198],"uv_size":[0.0579,0.0615]},"north":{"uv":[9.8391,12.7198],"uv_size":[0.2315,0.0615]},"south":{"uv":[9.6979,12.7198],"uv_size":[0.2315,0.0615]},"up":{"uv":[9.9256,12.5615],"uv_size":[-0.2315,-0.0615]},"west":{"uv":[9.8833,12.7198],"uv_size":[0.0579,0.0615]}}},{"origin":[-1.85,6.5,-0.5],"size":[4,1,1],"uv":{"down":{"uv":[9.8067,12.501],"uv_size":[0.2315,0.0615]},"east":{"uv":[9.8245,12.5323],"uv_size":[0.0579,0.0615]},"north":{"uv":[9.8067,12.5323],"uv_size":[0.2315,0.0615]},"south":{"uv":[9.7302,12.5323],"uv_size":[0.2315,0.0615]},"up":{"uv":[9.958,12.5615],"uv_size":[-0.2315,-0.0615]},"west":{"uv":[9.8833,12.5323],"uv_size":[0.0579,0.0615]}}},{"origin":[-2,7.5,-0.5],"size":[4,2.5,1],"uv":{"down":{"uv":[9.7979,12.501],"uv_size":[0.2315,0.0615]},"east":{"uv":[9.8245,12.3775],"uv_size":[0.0579,0.1538]},"north":{"uv":[9.7979,12.3775],"uv_size":[0.2315,0.1538]},"south":{"uv":[9.7391,12.3775],"uv_size":[0.2315,0.1538]},"up":{"uv":[9.9668,12.5615],"uv_size":[-0.2315,-0.0615]},"west":{"uv":[9.8833,12.3775],"uv_size":[0.0579,0.1538]}}},{"origin":[-1.55,4.5,-0.5],"size":[4,1,1],"uv":{"down":{"uv":[9.8244,12.501],"uv_size":[0.2315,0.0615]},"east":{"uv":[9.8245,12.6573],"uv_size":[0.0579,0.0615]},"north":{"uv":[9.8244,12.6573],"uv_size":[0.2315,0.0615]},"south":{"uv":[9.7126,12.6573],"uv_size":[0.2315,0.0615]},"up":{"uv":[9.9404,12.5615],"uv_size":[-0.2315,-0.0615]},"west":{"uv":[9.8833,12.6573],"uv_size":[0.0579,0.0615]}}},{"origin":[-2.1,12,-0.5],"size":[4,0.75,0.1],"uv":{"down":{"uv":[10.7332,10.5001],"uv_size":[0.2315,0.0061]},"east":{"uv":[9.8766,12.2039],"uv_size":[0.0058,0.0461]},"north":{"uv":[9.792,12.2039],"uv_size":[0.2315,0.0461]},"south":{"uv":[10.6861,10.2039],"uv_size":[0.2315,0.0461]},"up":{"uv":[9.9727,12.5062],"uv_size":[-0.2315,-0.0061]},"west":{"uv":[9.8824,12.2039],"uv_size":[0.0058,0.0461]}}},{"origin":[-2.1,12,0.4],"size":[4,0.75,0.1],"uv":{"down":{"uv":[10.7332,10.5564],"uv_size":[0.2315,0.0061]},"east":{"uv":[9.8236,12.2039],"uv_size":[0.0058,0.0461]},"north":{"uv":[10.7332,10.2039],"uv_size":[0.2315,0.0461]},"south":{"uv":[9.7449,12.2039],"uv_size":[0.2315,0.0461]},"up":{"uv":[9.9727,12.5624],"uv_size":[-0.2315,-0.0061]},"west":{"uv":[9.9354,12.2039],"uv_size":[0.0058,0.0461]}}},{"origin":[1.8,12,-0.4],"size":[0.1,0.75,0.8],"uv":{"down":{"uv":[10.9589,10.5071],"uv_size":[0.0058,0.0492]},"east":{"uv":[10.7713,10.2039],"uv_size":[0.0463,0.0461]},"north":{"uv":[10.9589,10.2039],"uv_size":[0.0058,0.0461]},"south":{"uv":[10.6824,10.2039],"uv_size":[0.0058,0.0461]},"up":{"uv":[9.747,12.5555],"uv_size":[-0.0058,-0.0492]},"west":{"uv":[9.889,12.2039],"uv_size":[0.0463,0.0461]}}},{"origin":[-2.1,12,-0.4],"size":[0.1,0.75,0.8],"uv":{"down":{"uv":[10.7295,10.5071],"uv_size":[0.0058,0.0492]},"east":{"uv":[9.8302,12.2039],"uv_size":[0.0463,0.0461]},"north":{"uv":[10.7295,10.2039],"uv_size":[0.0058,0.0461]},"south":{"uv":[10.9119,10.2039],"uv_size":[0.0058,0.0461]},"up":{"uv":[9.9764,12.5555],"uv_size":[-0.0058,-0.0492]},"west":{"uv":[10.8302,10.2039],"uv_size":[0.0463,0.0461]}}},{"origin":[-1.2,12.25,-0.25],"size":[2.75,0.5,0.5],"uv":{"down":{"uv":[2.3144,13.5161],"uv_size":[0.1592,0.0308]},"east":{"uv":[2.3093,13.2036],"uv_size":[0.0289,0.0308]},"north":{"uv":[2.3144,13.2036],"uv_size":[0.1592,0.0308]},"south":{"uv":[2.2349,13.2036],"uv_size":[0.1592,0.0308]},"up":{"uv":[2.3915,13.5464],"uv_size":[-0.1592,-0.0308]},"west":{"uv":[2.3681,13.2036],"uv_size":[0.0289,0.0308]}}},{"origin":[1.55,12.2,-0.3],"size":[0.1,0.6,0.6],"uv":{"down":{"uv":[2.4736,13.5131],"uv_size":[0.0058,0.0369]},"east":{"uv":[2.3064,13.2006],"uv_size":[0.0347,0.0369]},"north":{"uv":[2.4736,13.2006],"uv_size":[0.0058,0.0369]},"south":{"uv":[2.2266,13.2006],"uv_size":[0.0058,0.0369]},"up":{"uv":[2.2323,13.5494],"uv_size":[-0.0058,-0.0369]},"west":{"uv":[2.3653,13.2006],"uv_size":[0.0347,0.0369]}}},{"origin":[-1.6,12.3,-0.2],"size":[0.4,0.4,0.4],"uv":{"down":{"uv":[2.2886,13.5192],"uv_size":[0.0232,0.0246]},"east":{"uv":[2.3121,13.2067],"uv_size":[0.0232,0.0246]},"north":{"uv":[2.2886,13.2067],"uv_size":[0.0232,0.0246]},"south":{"uv":[2.3945,13.2067],"uv_size":[0.0232,0.0246]},"up":{"uv":[2.4173,13.5433],"uv_size":[-0.0232,-0.0246]},"west":{"uv":[2.371,13.2067],"uv_size":[0.0232,0.0246]}}},{"origin":[-1.8,12.35,-0.15],"size":[0.2,0.3,0.3],"uv":{"down":{"uv":[2.2767,13.5222],"uv_size":[0.0116,0.0185]},"east":{"uv":[2.315,13.2097],"uv_size":[0.0174,0.0185]},"north":{"uv":[2.2767,13.2097],"uv_size":[0.0116,0.0185]},"south":{"uv":[2.4178,13.2097],"uv_size":[0.0116,0.0185]},"up":{"uv":[2.4292,13.5403],"uv_size":[-0.0116,-0.0185]},"west":{"uv":[2.3738,13.2097],"uv_size":[0.0174,0.0185]}}},{"origin":[-1.9,12.4,-0.1],"size":[0.15,0.2,0.2],"uv":{"down":{"uv":[2.2707,13.5252],"uv_size":[0.0087,0.0123]},"east":{"uv":[2.3178,13.2127],"uv_size":[0.0116,0.0123]},"north":{"uv":[2.2707,13.2127],"uv_size":[0.0087,0.0123]},"south":{"uv":[2.4266,13.2127],"uv_size":[0.0087,0.0123]},"up":{"uv":[2.4352,13.5373],"uv_size":[-0.0087,-0.0123]},"west":{"uv":[2.3767,13.2127],"uv_size":[0.0116,0.0123]}}}],"name":"geyser_custom_z","parent":"geyser_custom_y","pivot":[0,8,0]}],"description":{"identifier":"geometry.geyser_custom.geo_5528871","texture_height":16,"texture_width":16,"visible_bounds_height":4.5,"visible_bounds_offset":[0,0.75,0],"visible_bounds_width":4}}]}