{"format_version":"1.16.0","minecraft:geometry":[{"bones":[{"binding":"c.item_slot == 'head' ? 'head' : q.item_slot_to_bone_name(c.item_slot)","name":"geyser_custom","pivot":[0,8,0]},{"name":"geyser_custom_x","parent":"geyser_custom","pivot":[0,8,0]},{"name":"geyser_custom_y","parent":"geyser_custom_x","pivot":[0,8,0]},{"cubes":[{"origin":[-4.1,5,-1],"size":[8,4,2],"uv":{"down":{"uv":[10.116,12.5605],"uv_size":[-0.4631,-0.123]},"east":{"uv":[9.8254,12.4415],"uv_size":[0.1158,0.246]},"north":{"uv":[9.6487,12.4415],"uv_size":[0.4631,0.246]},"south":{"uv":[9.6605,12.4415],"uv_size":[0.4631,0.246]},"up":{"uv":[7.2925,12.5605],"uv_size":[-0.4631,-0.123]},"west":{"uv":[9.8254,12.4415],"uv_size":[0.1158,0.246]}}},{"origin":[-4.1,9,-1],"size":[8,1.5,0.2],"uv":{"down":{"uv":[10.116,12.5623],"uv_size":[-0.4631,-0.0123]},"east":{"uv":[9.9296,12.3453],"uv_size":[0.0116,0.0923]},"north":{"uv":[9.6487,12.3453],"uv_size":[0.4631,0.0923]},"south":{"uv":[6.8369,12.3453],"uv_size":[0.4631,0.0923]},"up":{"uv":[10.116,12.4498],"uv_size":[-0.4631,-0.0123]},"west":{"uv":[9.8237,12.3453],"uv_size":[0.0116,0.0923]}}},{"origin":[-4.1,9,0.8],"size":[8,1.5,0.2],"uv":{"down":{"uv":[10.116,12.4498],"uv_size":[-0.4631,-0.0123]},"east":{"uv":[9.8237,12.3453],"uv_size":[0.0116,0.0923]},"north":{"uv":[6.8252,12.3453],"uv_size":[0.4631,0.0923]},"south":{"uv":[9.6605,12.3453],"uv_size":[0.4631,0.0923]},"up":{"uv":[10.116,12.5623],"uv_size":[-0.4631,-0.0123]},"west":{"uv":[9.9296,12.3453],"uv_size":[0.0116,0.0923]}}},{"origin":[3.7,9,-0.8],"size":[0.2,1.5,1.6],"uv":{"down":{"uv":[9.6645,12.5484],"uv_size":[-0.0116,-0.0984]},"east":{"uv":[7.0133,12.3453],"uv_size":[0.0926,0.0923]},"north":{"uv":[10.1002,12.3453],"uv_size":[0.0116,0.0923]},"south":{"uv":[9.6531,12.3453],"uv_size":[0.0116,0.0923]},"up":{"uv":[9.6645,12.5484],"uv_size":[-0.0116,-0.0984]},"west":{"uv":[9.8368,12.3453],"uv_size":[0.0926,0.0923]}}},{"origin":[-4.1,9,-0.8],"size":[0.2,1.5,1.6],"uv":{"down":{"uv":[10.1233,12.5484],"uv_size":[-0.0116,-0.0984]},"east":{"uv":[9.8368,12.3453],"uv_size":[0.0926,0.0923]},"north":{"uv":[9.6414,12.3453],"uv_size":[0.0116,0.0923]},"south":{"uv":[10.112,12.3453],"uv_size":[0.0116,0.0923]},"up":{"uv":[10.1233,12.5484],"uv_size":[-0.0116,-0.0984]},"west":{"uv":[7.0133,12.3453],"uv_size":[0.0926,0.0923]}}},{"origin":[1.1,10.4,-1],"size":[2.8,0.8,0.2],"uv":{"down":{"uv":[9.815,12.5623],"uv_size":[-0.1621,-0.0123]},"east":{"uv":[9.9296,12.3008],"uv_size":[0.0116,0.0492]},"north":{"uv":[9.9497,12.3008],"uv_size":[0.1621,0.0492]},"south":{"uv":[6.832,12.3008],"uv_size":[0.1621,0.0492]},"up":{"uv":[9.815,12.4498],"uv_size":[-0.1621,-0.0123]},"west":{"uv":[9.8237,12.3008],"uv_size":[0.0116,0.0492]}}},{"origin":[1.1,10.4,0.8],"size":[2.8,0.8,0.2],"uv":{"down":{"uv":[9.815,12.4498],"uv_size":[-0.1621,-0.0123]},"east":{"uv":[9.8237,12.3008],"uv_size":[0.0116,0.0492]},"north":{"uv":[7.1262,12.3008],"uv_size":[0.1621,0.0492]},"south":{"uv":[9.6556,12.3008],"uv_size":[0.1621,0.0492]},"up":{"uv":[9.815,12.5623],"uv_size":[-0.1621,-0.0123]},"west":{"uv":[9.9296,12.3008],"uv_size":[0.0116,0.0492]}}},{"origin":[-3.3,10.5,-1],"size":[1.2,0.3,0.2],"uv":{"down":{"uv":[10.0753,12.5623],"uv_size":[-0.0695,-0.0123]},"east":{"uv":[9.9296,12.3253],"uv_size":[0.0116,0.0185]},"north":{"uv":[9.6894,12.3253],"uv_size":[0.0695,0.0185]},"south":{"uv":[7.1835,12.3253],"uv_size":[0.0695,0.0185]},"up":{"uv":[10.0753,12.4498],"uv_size":[-0.0695,-0.0123]},"west":{"uv":[9.8237,12.3253],"uv_size":[0.0116,0.0185]}}},{"origin":[-3.2875,10.5,0.75],"size":[1.2,0.3,0.2],"uv":{"down":{"uv":[10.0746,12.4529],"uv_size":[-0.0695,-0.0123]},"east":{"uv":[9.8267,12.3253],"uv_size":[0.0116,0.0185]},"north":{"uv":[6.8666,12.3253],"uv_size":[0.0695,0.0185]},"south":{"uv":[10.0063,12.3253],"uv_size":[0.0695,0.0185]},"up":{"uv":[10.0746,12.5592],"uv_size":[-0.0695,-0.0123]},"west":{"uv":[9.9267,12.3253],"uv_size":[0.0116,0.0185]}}},{"origin":[3.1,4.95,-1],"size":[0.8,0.4,2],"uv":{"down":{"uv":[10.6404,12.5605],"uv_size":[-0.0463,-0.123]},"east":{"uv":[10.7666,12.666],"uv_size":[0.1158,0.0246]},"north":{"uv":[11.0066,12.666],"uv_size":[0.0463,0.0246]},"south":{"uv":[10.5949,12.666],"uv_size":[0.0463,0.0246]},"up":{"uv":[10.6404,12.5605],"uv_size":[-0.0463,-0.123]},"west":{"uv":[9.8254,12.666],"uv_size":[0.1158,0.0246]}}},{"origin":[1.7,4.95,-1],"size":[0.8,0.4,2],"uv":{"down":{"uv":[10.7228,12.5605],"uv_size":[-0.0463,-0.123]},"east":{"uv":[10.7666,12.666],"uv_size":[0.1158,0.0246]},"north":{"uv":[10.9243,12.666],"uv_size":[0.0463,0.0246]},"south":{"uv":[10.6772,12.666],"uv_size":[0.0463,0.0246]},"up":{"uv":[10.7228,12.5605],"uv_size":[-0.0463,-0.123]},"west":{"uv":[10.7666,12.666],"uv_size":[0.1158,0.0246]}}},{"origin":[0.3,4.95,-1],"size":[0.8,0.4,2],"uv":{"down":{"uv":[10.8051,12.5605],"uv_size":[-0.0463,-0.123]},"east":{"uv":[10.7666,12.666],"uv_size":[0.1158,0.0246]},"north":{"uv":[10.8419,12.666],"uv_size":[0.0463,0.0246]},"south":{"uv":[10.7596,12.666],"uv_size":[0.0463,0.0246]},"up":{"uv":[10.8051,12.5605],"uv_size":[-0.0463,-0.123]},"west":{"uv":[10.7666,12.666],"uv_size":[0.1158,0.0246]}}},{"origin":[-1.1,4.95,-1],"size":[0.8,0.4,2],"uv":{"down":{"uv":[10.8875,12.5605],"uv_size":[-0.0463,-0.123]},"east":{"uv":[10.7666,12.666],"uv_size":[0.1158,0.0246]},"north":{"uv":[10.7596,12.666],"uv_size":[0.0463,0.0246]},"south":{"uv":[10.8419,12.666],"uv_size":[0.0463,0.0246]},"up":{"uv":[10.8875,12.5605],"uv_size":[-0.0463,-0.123]},"west":{"uv":[10.7666,12.666],"uv_size":[0.1158,0.0246]}}},{"origin":[-2.45,4.95,-1],"size":[0.8,0.4,2],"uv":{"down":{"uv":[10.9669,12.5605],"uv_size":[-0.0463,-0.123]},"east":{"uv":[10.7666,12.666],"uv_size":[0.1158,0.0246]},"north":{"uv":[10.6802,12.666],"uv_size":[0.0463,0.0246]},"south":{"uv":[10.9213,12.666],"uv_size":[0.0463,0.0246]},"up":{"uv":[10.9669,12.5605],"uv_size":[-0.0463,-0.123]},"west":{"uv":[10.7666,12.666],"uv_size":[0.1158,0.0246]}}},{"origin":[-3.9,4.95,-1],"size":[0.8,0.4,2],"uv":{"down":{"uv":[11.0522,12.5605],"uv_size":[-0.0463,-0.123]},"east":{"uv":[10.7666,12.666],"uv_size":[0.1158,0.0246]},"north":{"uv":[10.5949,12.666],"uv_size":[0.0463,0.0246]},"south":{"uv":[11.0066,12.666],"uv_size":[0.0463,0.0246]},"up":{"uv":[11.0522,12.5605],"uv_size":[-0.0463,-0.123]},"west":{"uv":[10.7666,12.666],"uv_size":[0.1158,0.0246]}}},{"origin":[-3.9,4.95,0.8],"size":[0.8,5.65,0.25],"uv":{"down":{"uv":[11.0522,12.4498],"uv_size":[-0.0463,-0.0154]},"east":{"uv":[10.762,12.3432],"uv_size":[0.0145,0.3475]},"north":{"uv":[6.8302,12.3432],"uv_size":[0.0463,0.3475]},"south":{"uv":[11.0066,12.3432],"uv_size":[0.0463,0.3475]},"up":{"uv":[11.0522,12.5654],"uv_size":[-0.0463,-0.0154]},"west":{"uv":[10.8708,12.3432],"uv_size":[0.0145,0.3475]}}},{"origin":[-2.5,4.95,0.8],"size":[0.8,5.65,0.25],"uv":{"down":{"uv":[10.9698,12.4498],"uv_size":[-0.0463,-0.0154]},"east":{"uv":[10.762,12.3432],"uv_size":[0.0145,0.3475]},"north":{"uv":[6.9125,12.3432],"uv_size":[0.0463,0.3475]},"south":{"uv":[10.9243,12.3432],"uv_size":[0.0463,0.3475]},"up":{"uv":[10.9698,12.5654],"uv_size":[-0.0463,-0.0154]},"west":{"uv":[10.8708,12.3432],"uv_size":[0.0145,0.3475]}}},{"origin":[-1.1,4.95,0.8],"size":[0.8,5.65,0.25],"uv":{"down":{"uv":[10.8875,12.4498],"uv_size":[-0.0463,-0.0154]},"east":{"uv":[10.762,12.3432],"uv_size":[0.0145,0.3475]},"north":{"uv":[6.9949,12.3432],"uv_size":[0.0463,0.3475]},"south":{"uv":[10.8419,12.3432],"uv_size":[0.0463,0.3475]},"up":{"uv":[10.8875,12.5654],"uv_size":[-0.0463,-0.0154]},"west":{"uv":[10.8708,12.3432],"uv_size":[0.0145,0.3475]}}},{"origin":[0.3,4.95,0.8],"size":[0.8,5.85,0.25],"uv":{"down":{"uv":[10.8051,12.4498],"uv_size":[-0.0463,-0.0154]},"east":{"uv":[10.762,12.3309],"uv_size":[0.0145,0.3598]},"north":{"uv":[7.0772,12.3309],"uv_size":[0.0463,0.3598]},"south":{"uv":[10.7596,12.3309],"uv_size":[0.0463,0.3598]},"up":{"uv":[10.8051,12.5654],"uv_size":[-0.0463,-0.0154]},"west":{"uv":[10.8708,12.3309],"uv_size":[0.0145,0.3598]}}},{"origin":[3.1,4.95,0.8],"size":[0.8,6.35,0.25],"uv":{"down":{"uv":[10.6404,12.4498],"uv_size":[-0.0463,-0.0154]},"east":{"uv":[10.762,12.3001],"uv_size":[0.0145,0.3905]},"north":{"uv":[7.2419,12.3001],"uv_size":[0.0463,0.3905]},"south":{"uv":[10.5949,12.3001],"uv_size":[0.0463,0.3905]},"up":{"uv":[10.6404,12.5654],"uv_size":[-0.0463,-0.0154]},"west":{"uv":[9.9296,12.3001],"uv_size":[0.0145,0.3905]}}},{"origin":[1.7,4.95,0.8],"size":[0.8,6.35,0.25],"uv":{"down":{"uv":[10.7228,12.4498],"uv_size":[-0.0463,-0.0154]},"east":{"uv":[10.762,12.3001],"uv_size":[0.0145,0.3905]},"north":{"uv":[7.1596,12.3001],"uv_size":[0.0463,0.3905]},"south":{"uv":[10.6772,12.3001],"uv_size":[0.0463,0.3905]},"up":{"uv":[10.7228,12.5654],"uv_size":[-0.0463,-0.0154]},"west":{"uv":[10.8708,12.3001],"uv_size":[0.0145,0.3905]}}},{"origin":[-3.9,4.95,-1.05],"size":[0.8,5.65,0.25],"uv":{"down":{"uv":[11.0522,12.5654],"uv_size":[-0.0463,-0.0154]},"east":{"uv":[10.8708,12.3432],"uv_size":[0.0145,0.3475]},"north":{"uv":[10.5949,12.3432],"uv_size":[0.0463,0.3475]},"south":{"uv":[7.2419,12.3432],"uv_size":[0.0463,0.3475]},"up":{"uv":[11.0522,12.4498],"uv_size":[-0.0463,-0.0154]},"west":{"uv":[10.762,12.3432],"uv_size":[0.0145,0.3475]}}},{"origin":[-2.5,4.95,-1.05],"size":[0.8,5.65,0.25],"uv":{"down":{"uv":[10.9698,12.5654],"uv_size":[-0.0463,-0.0154]},"east":{"uv":[10.8708,12.3432],"uv_size":[0.0145,0.3475]},"north":{"uv":[10.6772,12.3432],"uv_size":[0.0463,0.3475]},"south":{"uv":[7.1596,12.3432],"uv_size":[0.0463,0.3475]},"up":{"uv":[10.9698,12.4498],"uv_size":[-0.0463,-0.0154]},"west":{"uv":[10.762,12.3432],"uv_size":[0.0145,0.3475]}}},{"origin":[-1.1,4.95,-1.05],"size":[0.8,5.65,0.25],"uv":{"down":{"uv":[10.8875,12.5654],"uv_size":[-0.0463,-0.0154]},"east":{"uv":[10.8708,12.3432],"uv_size":[0.0145,0.3475]},"north":{"uv":[10.7596,12.3432],"uv_size":[0.0463,0.3475]},"south":{"uv":[7.0772,12.3432],"uv_size":[0.0463,0.3475]},"up":{"uv":[10.8875,12.4498],"uv_size":[-0.0463,-0.0154]},"west":{"uv":[10.762,12.3432],"uv_size":[0.0145,0.3475]}}},{"origin":[0.3,4.95,-1.05],"size":[0.8,5.85,0.25],"uv":{"down":{"uv":[10.8051,12.5654],"uv_size":[-0.0463,-0.0154]},"east":{"uv":[10.8708,12.3309],"uv_size":[0.0145,0.3598]},"north":{"uv":[10.8419,12.3309],"uv_size":[0.0463,0.3598]},"south":{"uv":[6.9949,12.3309],"uv_size":[0.0463,0.3598]},"up":{"uv":[10.8051,12.4498],"uv_size":[-0.0463,-0.0154]},"west":{"uv":[10.762,12.3309],"uv_size":[0.0145,0.3598]}}},{"origin":[3.1,4.95,-1.05],"size":[0.8,6.35,0.25],"uv":{"down":{"uv":[10.6404,12.5654],"uv_size":[-0.0463,-0.0154]},"east":{"uv":[10.8708,12.3001],"uv_size":[0.0145,0.3905]},"north":{"uv":[11.0066,12.3001],"uv_size":[0.0463,0.3905]},"south":{"uv":[6.8302,12.3001],"uv_size":[0.0463,0.3905]},"up":{"uv":[10.6404,12.4498],"uv_size":[-0.0463,-0.0154]},"west":{"uv":[9.8208,12.3001],"uv_size":[0.0145,0.3905]}}},{"origin":[1.7,4.95,-1.05],"size":[0.8,6.35,0.25],"uv":{"down":{"uv":[10.7228,12.5654],"uv_size":[-0.0463,-0.0154]},"east":{"uv":[10.8708,12.3001],"uv_size":[0.0145,0.3905]},"north":{"uv":[10.9243,12.3001],"uv_size":[0.0463,0.3905]},"south":{"uv":[6.9125,12.3001],"uv_size":[0.0463,0.3905]},"up":{"uv":[10.7228,12.4498],"uv_size":[-0.0463,-0.0154]},"west":{"uv":[10.762,12.3001],"uv_size":[0.0145,0.3905]}}},{"origin":[-1.3,9.5,-0.5],"size":[4.5,1,1],"uv":{"down":{"uv":[2.4252,13.5303],"uv_size":[-0.2605,-0.0615]},"east":{"uv":[2.3245,13.3448],"uv_size":[0.0579,0.0615]},"north":{"uv":[2.2807,13.3448],"uv_size":[0.2605,0.0615]},"south":{"uv":[2.1689,13.3448],"uv_size":[0.2605,0.0615]},"up":{"uv":[2.4252,13.5303],"uv_size":[-0.2605,-0.0615]},"west":{"uv":[2.3245,13.3448],"uv_size":[0.0579,0.0615]}}},{"origin":[3.2,9.4,-0.6],"size":[0.2,1.2,1.2],"uv":{"down":{"uv":[2.1645,13.5363],"uv_size":[-0.0116,-0.0738]},"east":{"uv":[2.3188,13.3387],"uv_size":[0.0695,0.0738]},"north":{"uv":[2.5414,13.3387],"uv_size":[0.0116,0.0738]},"south":{"uv":[2.1531,13.3387],"uv_size":[0.0116,0.0738]},"up":{"uv":[2.1645,13.5363],"uv_size":[-0.0116,-0.0738]},"west":{"uv":[2.3188,13.3387],"uv_size":[0.0695,0.0738]}}},{"origin":[-1.55,9.575,-0.425],"size":[0.25,0.85,0.85],"uv":{"down":{"uv":[2.4439,13.5257],"uv_size":[-0.0145,-0.0523]},"east":{"uv":[2.3287,13.3493],"uv_size":[0.0492,0.0523]},"north":{"uv":[2.262,13.3493],"uv_size":[0.0145,0.0523]},"south":{"uv":[2.4296,13.3493],"uv_size":[0.0145,0.0523]},"up":{"uv":[2.4439,13.5257],"uv_size":[-0.0145,-0.0523]},"west":{"uv":[2.3287,13.3493],"uv_size":[0.0492,0.0523]}}},{"origin":[-2.05,9.65,-0.35],"size":[0.5,0.7,0.7],"uv":{"down":{"uv":[2.4731,13.5212],"uv_size":[-0.0289,-0.043]},"east":{"uv":[7.0389,12.3538],"uv_size":[0.0405,0.043]},"north":{"uv":[2.2328,13.3538],"uv_size":[0.0289,0.043]},"south":{"uv":[2.4446,13.3538],"uv_size":[0.0289,0.043]},"up":{"uv":[2.4731,13.5212],"uv_size":[-0.0289,-0.043]},"west":{"uv":[2.333,13.3538],"uv_size":[0.0405,0.043]}}},{"origin":[-2.4,9.675,-0.325],"size":[0.5,0.65,0.65],"uv":{"down":{"uv":[11.9054,11.5197],"uv_size":[-0.0289,-0.04]},"east":{"uv":[11.7462,11.3553],"uv_size":[0.0376,0.04]},"north":{"uv":[11.624,11.3553],"uv_size":[0.0289,0.04]},"south":{"uv":[11.8769,11.3553],"uv_size":[0.0289,0.04]},"up":{"uv":[11.9054,11.5197],"uv_size":[-0.0289,-0.04]},"west":{"uv":[11.7462,11.3553],"uv_size":[0.0376,0.04]}}},{"origin":[-2.9,9.725,-0.275],"size":[0.5,0.55,0.55],"uv":{"down":{"uv":[11.9348,11.5166],"uv_size":[-0.0289,-0.0338]},"east":{"uv":[11.749,11.3584],"uv_size":[0.0318,0.0338]},"north":{"uv":[11.5946,11.3584],"uv_size":[0.0289,0.0338]},"south":{"uv":[11.9064,11.3584],"uv_size":[0.0289,0.0338]},"up":{"uv":[11.9348,11.5166],"uv_size":[-0.0289,-0.0338]},"west":{"uv":[11.749,11.3584],"uv_size":[0.0318,0.0338]}}},{"origin":[-3.15,9.775,-0.225],"size":[0.25,0.45,0.45],"uv":{"down":{"uv":[11.9498,11.5136],"uv_size":[-0.0145,-0.0277]},"east":{"uv":[11.7519,11.3614],"uv_size":[0.026,0.0277]},"north":{"uv":[11.5796,11.3614],"uv_size":[0.0145,0.0277]},"south":{"uv":[11.9355,11.3614],"uv_size":[0.0145,0.0277]},"up":{"uv":[11.9498,11.5136],"uv_size":[-0.0145,-0.0277]},"west":{"uv":[11.7519,11.3614],"uv_size":[0.026,0.0277]}}},{"origin":[-3.4,9.825,-0.175],"size":[0.25,0.35,0.35],"uv":{"down":{"uv":[11.9645,11.5106],"uv_size":[-0.0145,-0.0215]},"east":{"uv":[11.7547,11.3644],"uv_size":[0.0203,0.0215]},"north":{"uv":[11.5649,11.3644],"uv_size":[0.0145,0.0215]},"south":{"uv":[11.9502,11.3644],"uv_size":[0.0145,0.0215]},"up":{"uv":[11.9645,11.5106],"uv_size":[-0.0145,-0.0215]},"west":{"uv":[11.7547,11.3644],"uv_size":[0.0203,0.0215]}}},{"origin":[-3.525,9.875,-0.125],"size":[0.125,0.25,0.25],"uv":{"down":{"uv":[11.9719,11.5076],"uv_size":[-0.0072,-0.0154]},"east":{"uv":[11.7576,11.3674],"uv_size":[0.0145,0.0154]},"north":{"uv":[11.5575,11.3674],"uv_size":[0.0072,0.0154]},"south":{"uv":[11.9648,11.3674],"uv_size":[0.0072,0.0154]},"up":{"uv":[11.9719,11.5076],"uv_size":[-0.0072,-0.0154]},"west":{"uv":[11.7576,11.3674],"uv_size":[0.0145,0.0154]}}},{"origin":[-3.65,9.925,-0.075],"size":[0.125,0.15,0.15],"uv":{"down":{"uv":[11.9793,11.5045],"uv_size":[-0.0072,-0.0092]},"east":{"uv":[11.7604,11.3705],"uv_size":[0.0087,0.0092]},"north":{"uv":[11.5501,11.3705],"uv_size":[0.0072,0.0092]},"south":{"uv":[11.9722,11.3705],"uv_size":[0.0072,0.0092]},"up":{"uv":[11.9793,11.5045],"uv_size":[-0.0072,-0.0092]},"west":{"uv":[11.7604,11.3705],"uv_size":[0.0087,0.0092]}}}],"name":"geyser_custom_z","parent":"geyser_custom_y","pivot":[0,8,0]}],"description":{"identifier":"geometry.geyser_custom.geo_90d2b92","texture_height":16,"texture_width":16,"visible_bounds_height":4.5,"visible_bounds_offset":[0,0.75,0],"visible_bounds_width":4}}]}