{
  "format_version": "1.14.0",
  "sound_definitions": {
    "halloween.musicbox": {
      "category": "neutral",
      "sounds": [
        {
          "load_on_low_memory": true,
          "name": "sounds/halloween/musicbox",
          "pitch": 1.0,
          "volume": 0.5
        },
        {
          "name": "sounds/halloween/musicbox",
          "pitch": 0.95,
          "volume": 0.5
        },
        {
          "name": "sounds/halloween/musicbox",
          "pitch": 1.05,
          "volume": 0.5
        }
      ]
    },
	"halloween.creepylaugh": {
      "category": "neutral",
      "sounds": [
        {
          "load_on_low_memory": true,
          "name": "sounds/halloween/creepylaugh",
          "pitch": 1.0,
          "volume": 0.5
        },
        {
          "name": "sounds/halloween/creepylaugh",
          "pitch": 0.95,
          "volume": 0.5
        },
        {
          "name": "sounds/halloween/creepylaugh",
          "pitch": 1.05,
          "volume": 0.5
        }
      ]
    },
	"halloween.bonestaff": {
      "category": "neutral",
      "sounds": [
        {
          "load_on_low_memory": true,
          "name": "sounds/halloween/bonestaff",
          "pitch": 1.0,
          "volume": 0.5
        },
        {
          "name": "sounds/halloween/bonestaff",
          "pitch": 0.95,
          "volume": 0.5
        },
        {
          "name": "sounds/halloween/bonestaff",
          "pitch": 1.05,
          "volume": 0.5
        }
      ]
    }
  }
}
