{
  "format_version": "1.12.0",
  "minecraft:geometry": [
    {
      "bones": [
        {
          "cubes": [
            {
              "origin": [
                -5,
                18,
                -1.05
              ],
              "size": [
                10,
                10,
                2.1
              ],
              "uv": {
                "down": {
                  "uv": [
                    2.4,
                    2
                  ],
                  "uv_size": [
                    9.3,
                    -2
                  ]
                },
                "east": {
                  "uv": [
                    14,
                    6.3
                  ],
                  "uv_size": [
                    2,
                    9.3
                  ]
                },
                "north": {
                  "uv": [
                    0.7,
                    3.6
                  ],
                  "uv_size": [
                    11.7,
                    11.7
                  ]
                },
                "south": {
                  "uv": [
                    12.4,
                    3.6
                  ],
                  "uv_size": [
                    -11.7,
                    11.6
                  ]
                },
                "up": {
                  "uv": [
                    2.35,
                    0
                  ],
                  "uv_size": [
                    9.2,
                    2
                  ]
                },
                "west": {
                  "uv": [
                    14,
                    6.35
                  ],
                  "uv_size": [
                    2,
                    9.3
                  ]
                }
              }
            }
          ],
          "name": "spin",
          "pivot": [
            0,
            13,
            0
          ]
        },
        {
          "cubes": [
            {
              "origin": [
                -1.5,
                18,
                -5.57107
              ],
              "pivot": [
                0,
                23,
                -0.5
              ],
              "rotation": [
                45,
                0,
                0
              ],
              "size": [
                2,
                10,
                10.14214
              ],
              "uv": {
                "down": {
                  "uv": [
                    14,
                    16
                  ],
                  "uv_size": [
                    2,
                    -10
                  ]
                },
                "east": {
                  "uv": [
                    13.1,
                    1.3
                  ],
                  "uv_size": [
                    2.7,
                    2.4
                  ]
                },
                "north": {
                  "uv": [
                    14,
                    6
                  ],
                  "uv_size": [
                    2,
                    10
                  ]
                },
                "south": {
                  "uv": [
                    14,
                    6
                  ],
                  "uv_size": [
                    2,
                    10
                  ]
                },
                "up": {
                  "uv": [
                    14,
                    6
                  ],
                  "uv_size": [
                    2,
                    10
                  ]
                },
                "west": {
                  "uv": [
                    13.2,
                    1.3
                  ],
                  "uv_size": [
                    2.55,
                    2.4
                  ]
                }
              }
            }
          ],
          "name": "coinsides",
          "parent": "spin",
          "pivot": [
            0,
            23,
            -0.5
          ],
          "rotation": [
            0,
            90,
            0
          ]
        }
      ],
      "description": {
        "identifier": "geometry.cubecraft.parkour.medal",
        "texture_height": 16,
        "texture_width": 16,
        "visible_bounds_height": 4.5,
        "visible_bounds_offset": [
          0,
          1.75,
          0
        ],
        "visible_bounds_width": 2
      }
    }
  ]
}