{"nationsglory:xp_bush":{"sound":"xp_bush_default","textures":"xp_bush_default"},"nationsglory:volcanite":{"sound":"meuh","textures":"volcanite"},"nationsglory:reinforced_concrete":{"sound":"stone","textures":"reinforced_concrete"},"nationsglory:terracotta_shingles_gray":{"sound":"stone","textures":"terracotta_shingles_gray"},"nationsglory:terracotta_shingles_green":{"sound":"stone","textures":"terracotta_shingles_green"},"nationsglory:terracotta_shingles_light_blue":{"sound":"stone","textures":"terracotta_shingles_light_blue"},"nationsglory:terracotta_shingles_light_gray":{"sound":"stone","textures":"terracotta_shingles_light_gray"},"nationsglory:terracotta_shingles_lime":{"sound":"stone","textures":"terracotta_shingles_lime"},"nationsglory:terracotta_shingles_magenta":{"sound":"stone","textures":"terracotta_shingles_magenta"},"nationsglory:terracotta_shingles_orange":{"sound":"stone","textures":"terracotta_shingles_orange"},"nationsglory:terracotta_shingles_pink":{"sound":"stone","textures":"terracotta_shingles_pink"},"nationsglory:terracotta_shingles_purple":{"sound":"stone","textures":"terracotta_shingles_purple"},"nationsglory:terracotta_shingles_red":{"sound":"stone","textures":"terracotta_shingles_red"},"nationsglory:terracotta_shingles_white":{"sound":"stone","textures":"terracotta_shingles_white"},"nationsglory:terracotta_shingles_yellow":{"sound":"stone","textures":"terracotta_shingles_yellow"},"nationsglory:tiles-large":{"sound":"stone","textures":"tiles-large"},"nationsglory:tiles-medium":{"sound":"stone","textures":"tiles-medium"},"nationsglory:tiles-small":{"sound":"stone","textures":"tiles-small"},"nationsglory:warpedblinds":{"sound":"wood","textures":"warpedblinds"},"nationsglory:warpedbricks":{"sound":"stone","textures":"warpedbricks"},"nationsglory:twisted":{"textures":{"up":"twisted-up","down":"twisted-up","south":"twisted-side","north":"twisted-side","west":"twisted-side","east":"twisted-side"},"sound":"stone"},"nationsglory:acaciablinds":{"sound":"wood","textures":"acaciablinds"},"nationsglory:acaciabricks":{"sound":"stone","textures":"acaciabricks"},"nationsglory:acaciacrate":{"sound":"wood","textures":"acaciacrate"},"nationsglory:acaciaquarkedplanks":{"sound":"wood","textures":"acaciaquarkedplanks"},"nationsglory:bench_butcher":{"textures":{"up":"bench_butcher_knives_top","down":"bench_butcher_knives_top","south":"bench_butcher_knives_other","north":"bench_butcher_knives","west":"bench_butcher_knives_other","east":"bench_butcher_knives_other"},"sound":"wood"},"nationsglory:birchblinds":{"sound":"wood","textures":"birchblinds"},"nationsglory:birchbricks":{"sound":"stone","textures":"birchbricks"},"nationsglory:birchcrate":{"sound":"wood","textures":"birchcrate"},"nationsglory:birchquarkedplanks":{"sound":"wood","textures":"birchquarkedplanks"},"nationsglory:braid":{"sound":"stone","textures":"braid"},"nationsglory:brick_orange_small_top_ornate":{"sound":"stone","textures":"brick_orange_small_top_ornate"},"nationsglory:bricks-cracked":{"sound":"stone","textures":"bricks-cracked"},"nationsglory:bricks-encased":{"sound":"stone","textures":"bricks-encased"},"nationsglory:bricks-small":{"sound":"stone","textures":"bricks-small"},"nationsglory:bricks-soft":{"sound":"stone","textures":"bricks-soft"},"nationsglory:bricks-soft-cracked":{"sound":"stone","textures":"bricks-soft-cracked"},"nationsglory:bricks-solid":{"sound":"stone","textures":"bricks-solid"},"nationsglory:bricks-triple":{"sound":"stone","textures":"bricks-triple"},"nationsglory:chaotic-medium":{"sound":"stone","textures":"chaotic-medium"},"nationsglory:chaotic-small":{"sound":"stone","textures":"chaotic-small"},"nationsglory:circular":{"sound":"stone","textures":"circular"},"nationsglory:clearscreen":{"sound":"stone","textures":"clearscreen"},"nationsglory:cobaltdots":{"sound":"stone","textures":"cobaltdots"},"nationsglory:cobaltscaffold":{"sound":"stone","textures":"cobaltscaffold"},"nationsglory:copper_block_2":{"sound":"stone","textures":"copper_block_2"},"nationsglory:copper_block_3":{"sound":"stone","textures":"copper_block_3"},"nationsglory:copper_block_4":{"sound":"stone","textures":"copper_block_4"},"nationsglory:cracked":{"sound":"stone","textures":"cracked"},"nationsglory:crate_3old":{"sound":"wood","textures":"crate_3old"},"nationsglory:crate_sapin":{"sound":"wood","textures":"crate_sapin"},"nationsglory:crimsonblinds":{"sound":"wood","textures":"crimsonblinds"},"nationsglory:crimsonbricks":{"sound":"stone","textures":"crimsonbricks"},"nationsglory:crimsoncrate":{"sound":"wood","textures":"crimsoncrate"},"nationsglory:crimsonquarkedplanks":{"sound":"wood","textures":"crimsonquarkedplanks"},"nationsglory:cut_gold":{"sound":"stone","textures":"cut_gold"},"nationsglory:cut_iron":{"sound":"stone","textures":"cut_iron"},"nationsglory:darkoakblinds":{"sound":"wood","textures":"darkoakblinds"},"nationsglory:darkoakbricks":{"sound":"stone","textures":"darkoakbricks"},"nationsglory:darkoakcrate":{"sound":"wood","textures":"darkoakcrate"},"nationsglory:darkoakquarkedplanks":{"sound":"wood","textures":"darkoakquarkedplanks"},"nationsglory:dent":{"sound":"stone","textures":"dent"},"nationsglory:french-1":{"sound":"stone","textures":"french-1"},"nationsglory:french-2":{"sound":"stone","textures":"french-2"},"nationsglory:gold_block_2":{"sound":"stone","textures":"gold_block_2"},"nationsglory:gold_block_3":{"sound":"stone","textures":"gold_block_3"},"nationsglory:gold_block_4":{"sound":"stone","textures":"gold_block_4"},"nationsglory:goldblock_scaffold":{"sound":"stone","textures":"goldblock_scaffold"},"nationsglory:goldblock5":{"sound":"stone","textures":"goldblock5"},"nationsglory:hazardgray":{"sound":"stone","textures":"hazardgray"},"nationsglory:hazardorange":{"sound":"stone","textures":"hazardorange"},"nationsglory:hazardred":{"sound":"stone","textures":"hazardred"},"nationsglory:hazardyellow":{"sound":"stone","textures":"hazardyellow"},"nationsglory:iron_block_2":{"sound":"stone","textures":"iron_block_2"},"nationsglory:iron_block_3":{"sound":"stone","textures":"iron_block_3"},"nationsglory:iron_block_4":{"sound":"stone","textures":"iron_block_4"},"nationsglory:jungle_stone":{"sound":"stone","textures":"jungle_stone"},"nationsglory:jungleblinds":{"sound":"wood","textures":"jungleblinds"},"nationsglory:junglecrate":{"sound":"wood","textures":"junglecrate"},"nationsglory:junglebricks":{"sound":"stone","textures":"junglebricks"},"nationsglory:junglequarkedplanks":{"sound":"wood","textures":"junglequarkedplanks"},"nationsglory:keystone_netherbrick":{"sound":"stone","textures":"keystone_netherbrick"},"nationsglory:lablargesteel-side":{"sound":"stone","textures":"lablargesteel-side"},"nationsglory:labsmallsteel-side":{"sound":"stone","textures":"labsmallsteel-side"},"nationsglory:log_cherry":{"textures":{"up":"log_cherry_top","down":"log_cherry_top","south":"log_cherry","north":"log_cherry","west":"log_cherry","east":"log_cherry"},"sound":"wood"},"nationsglory:log_dark":{"textures":{"up":"log_dark_top","down":"log_dark_top","south":"log_dark","north":"log_dark","west":"log_dark","east":"log_dark"},"sound":"wood"},"nationsglory:log_eucalyptus":{"textures":{"up":"log_eucalyptus_top","down":"log_eucalyptus_top","south":"log_eucalyptus_top","north":"log_eucalyptus_top","west":"log_eucalyptus","east":"log_eucalyptus"},"sound":"wood"},"nationsglory:metal_3":{"sound":"stone","textures":"metal_3"},"nationsglory:metal_4":{"sound":"stone","textures":"metal_4"},"nationsglory:metal_5":{"sound":"stone","textures":"metal_5"},"nationsglory:metal_6":{"sound":"stone","textures":"metal_6"},"nationsglory:metaldots":{"sound":"stone","textures":"metaldots"},"nationsglory:metalscaffold":{"sound":"stone","textures":"metalscaffold"},"nationsglory:mosaic":{"sound":"stone","textures":"mosaic"},"nationsglory:oakblinds":{"sound":"wood","textures":"oakblinds"},"nationsglory:oakbricks":{"sound":"stone","textures":"oakbricks"},"nationsglory:oakcrate":{"sound":"wood","textures":"oakcrate"},"nationsglory:oakquarkedplanks":{"sound":"wood","textures":"oakquarkedplanks"},"nationsglory:ornate":{"sound":"stone","textures":"ornate"},"nationsglory:panel":{"sound":"stone","textures":"panel"},"nationsglory:plank_eucalyptus":{"sound":"wood","textures":"plank_eucalyptus"},"nationsglory:planks_black_mapple":{"sound":"wood","textures":"planks_black_mapple"},"nationsglory:planks_cherry":{"sound":"wood","textures":"planks_cherry"},"nationsglory:prism":{"sound":"stone","textures":"prism"},"nationsglory:road":{"sound":"stone","textures":"road"},"nationsglory:rubydots":{"sound":"stone","textures":"rubydots"},"nationsglory:rubyscaffold":{"sound":"stone","textures":"rubyscaffold"},"nationsglory:sand_brick":{"sound":"stone","textures":"sand_brick"},"nationsglory:sand_brick_small":{"sound":"stone","textures":"sand_brick_small"},"nationsglory:sand_brick_square":{"sound":"stone","textures":"sand_brick_square"},"nationsglory:sand_brick_square_small":{"sound":"stone","textures":"sand_brick_square_small"},"nationsglory:sand_carved":{"sound":"stone","textures":"sand_carved"},"nationsglory:sand_carved_2":{"sound":"stone","textures":"sand_carved_2"},"nationsglory:scienceblock":{"sound":"stone","textures":"scienceblock"},"nationsglory:scienceblock-dark":{"sound":"stone","textures":"scienceblock-dark"},"nationsglory:scienceblock-dark-tiles-small":{"sound":"stone","textures":"scienceblock-dark-tiles-small"},"nationsglory:scienceblock-tiles-small":{"sound":"stone","textures":"scienceblock-tiles-small"},"nationsglory:smalltile":{"sound":"stone","textures":"smalltile"},"nationsglory:spruceblinds":{"sound":"wood","textures":"spruceblinds"},"nationsglory:sprucebricks":{"sound":"stone","textures":"sprucebricks"},"nationsglory:sprucecrate":{"sound":"wood","textures":"sprucecrate"},"nationsglory:sprucequarkedplanks":{"sound":"wood","textures":"sprucequarkedplanks"},"nationsglory:steeldots":{"sound":"stone","textures":"steeldots"},"nationsglory:steelscaffold":{"sound":"stone","textures":"steelscaffold"},"nationsglory:stone_andesite_brick":{"sound":"stone","textures":"stone_andesite_brick"},"nationsglory:stone_andesite_carved":{"sound":"stone","textures":"stone_andesite_carved"},"nationsglory:stone_andesite_chiseled_1":{"sound":"stone","textures":"stone_andesite_chiseled_1"},"nationsglory:stone_andesite_chiseled_2":{"sound":"stone","textures":"stone_andesite_chiseled_2"},"nationsglory:stone_andesite_chiseled_3":{"sound":"stone","textures":"stone_andesite_chiseled_3"},"nationsglory:stone_andesite_chiseled_5":{"sound":"stone","textures":"stone_andesite_chiseled_5"},"nationsglory:stone_andesite_chiseled_6":{"sound":"stone","textures":"stone_andesite_chiseled_6"},"nationsglory:stone_andesite_redstone":{"sound":"stone","textures":"stone_andesite_redstone"},"nationsglory:stone_andesite_smooth_1":{"sound":"stone","textures":"stone_andesite_smooth_1"},"nationsglory:stone_base_chiseled_1":{"sound":"stone","textures":"stone_base_chiseled_1"},"nationsglory:stone_base_chiseled_2":{"sound":"stone","textures":"stone_base_chiseled_2"},"nationsglory:stone_base_chiseled_3":{"sound":"stone","textures":"stone_base_chiseled_3"},"nationsglory:stone_base_chiseled_5":{"sound":"stone","textures":"stone_base_chiseled_5"},"nationsglory:stone_base_chiseled_6":{"sound":"stone","textures":"stone_base_chiseled_6"},"nationsglory:stone_black_brick_small":{"sound":"stone","textures":"stone_black_brick_small"},"nationsglory:stone_black_brick_square":{"sound":"stone","textures":"stone_black_brick_square"},"nationsglory:stone_black_brick_square_small":{"sound":"stone","textures":"stone_black_brick_square_small"},"nationsglory:stone_black_carved":{"sound":"stone","textures":"stone_black_carved"},"nationsglory:stone_black_carved_2":{"sound":"stone","textures":"stone_black_carved_2"},"nationsglory:stone_diorite_brick":{"sound":"stone","textures":"stone_diorite_brick"},"nationsglory:stone_diorite_carved":{"sound":"stone","textures":"stone_diorite_carved"},"nationsglory:stone_diorite_chiseled_1":{"sound":"stone","textures":"stone_diorite_chiseled_1"},"nationsglory:stone_diorite_chiseled_2":{"sound":"stone","textures":"stone_diorite_chiseled_2"},"nationsglory:stone_diorite_chiseled_5":{"sound":"stone","textures":"stone_diorite_chiseled_5"},"nationsglory:stone_diorite_chiseled_6":{"sound":"stone","textures":"stone_diorite_chiseled_6"},"nationsglory:stone_diorite_floor_2":{"sound":"stone","textures":"stone_diorite_floor_2"},"nationsglory:stone_diorite_gold":{"sound":"stone","textures":"stone_diorite_gold"},"nationsglory:stone_granite":{"sound":"stone","textures":"stone_granite"},"nationsglory:stone_granite_brick":{"sound":"stone","textures":"stone_granite_brick"},"nationsglory:stone_granite_carved":{"sound":"stone","textures":"stone_granite_carved"},"nationsglory:stone_granite_chiseled_1":{"sound":"stone","textures":"stone_granite_chiseled_1"},"nationsglory:stone_granite_chiseled_2":{"sound":"stone","textures":"stone_granite_chiseled_2"},"nationsglory:stone_granite_chiseled_3":{"sound":"stone","textures":"stone_granite_chiseled_3"},"nationsglory:stone_granite_chiseled_5":{"sound":"stone","textures":"stone_granite_chiseled_5"},"nationsglory:stone_granite_chiseled_6":{"sound":"stone","textures":"stone_granite_chiseled_6"},"nationsglory:stone_granite_lapis":{"sound":"stone","textures":"stone_granite_lapis"},"nationsglory:stone_green_brick":{"sound":"stone","textures":"stone_green_brick"},"nationsglory:stone_green_brick_small":{"sound":"stone","textures":"stone_green_brick_small"},"nationsglory:stone_green_brick_square":{"sound":"stone","textures":"stone_green_brick_square"},"nationsglory:stone_green_brick_square_small":{"sound":"stone","textures":"stone_green_brick_square_small"},"nationsglory:stone_green_carved":{"sound":"stone","textures":"stone_green_carved"},"nationsglory:stone_green_carved_2":{"sound":"stone","textures":"stone_green_carved_2"},"nationsglory:stone_jungle_brick":{"sound":"stone","textures":"stone_jungle_brick"},"nationsglory:stone_jungle_carved":{"sound":"stone","textures":"stone_jungle_carved"},"nationsglory:stone_jungle_chiseled_1":{"sound":"stone","textures":"stone_jungle_chiseled_1"},"nationsglory:stone_jungle_chiseled_2":{"sound":"stone","textures":"stone_jungle_chiseled_2"},"nationsglory:stone_jungle_chiseled_3":{"sound":"stone","textures":"stone_jungle_chiseled_3"},"nationsglory:stone_jungle_chiseled_5":{"sound":"stone","textures":"stone_jungle_chiseled_5"},"nationsglory:stone_jungle_chiseled_6":{"sound":"stone","textures":"stone_jungle_chiseled_6"},"nationsglory:stone_jungle_clay":{"sound":"stone","textures":"stone_jungle_clay"},"nationsglory:stone_jungle_emerald":{"sound":"stone","textures":"stone_jungle_emerald"},"nationsglory:stone_jungle_smooth":{"sound":"stone","textures":"stone_jungle_smooth"},"nationsglory:stone_red_brick":{"sound":"stone","textures":"stone_red_brick"},"nationsglory:stone_red_brick_small":{"sound":"stone","textures":"stone_red_brick_small"},"nationsglory:stone_red_brick_square":{"sound":"stone","textures":"stone_red_brick_square"},"nationsglory:stone_red_brick_square_small":{"sound":"stone","textures":"stone_red_brick_square_small"},"nationsglory:stone_red_carved":{"sound":"stone","textures":"stone_red_carved"},"nationsglory:stone_red_carved_2":{"sound":"stone","textures":"stone_red_carved_2"},"nationsglory:stone_yellow_brick":{"sound":"stone","textures":"stone_yellow_brick"},"nationsglory:stone_yellow_brick_small":{"sound":"stone","textures":"stone_yellow_brick_small"},"nationsglory:stone_yellow_brick_square":{"sound":"stone","textures":"stone_yellow_brick_square"},"nationsglory:stone_yellow_brick_square_small":{"sound":"stone","textures":"stone_yellow_brick_square_small"},"nationsglory:stone_yellow_carved":{"sound":"stone","textures":"stone_yellow_carved"},"nationsglory:stone_yellow_carved_2":{"sound":"stone","textures":"stone_yellow_carved_2"},"nationsglory:terracotta_shingles":{"sound":"stone","textures":"terracotta_shingles"},"nationsglory:terracotta_shingles_black":{"sound":"stone","textures":"terracotta_shingles_black"},"nationsglory:terracotta_shingles_blue":{"sound":"stone","textures":"terracotta_shingles_blue"},"nationsglory:terracotta_shingles_brown":{"sound":"stone","textures":"terracotta_shingles_brown"},"nationsglory:terracotta_shingles_cyan":{"sound":"stone","textures":"terracotta_shingles_cyan"},"nationsglory:brique_grises":{"sound":"stone","textures":"brique_grises"},"nationsglory:warpedcrate":{"sound":"wood","textures":"warpedcrate"},"nationsglory:warpedquarkedplanks":{"sound":"wood","textures":"warpedquarkedplanks"},"nationsglory:weaver":{"sound":"stone","textures":"weaver"},"nationsglory:wireframewhite":{"sound":"stone","textures":"wireframewhite"}}