{"block_sounds":{"nationsglory:volcanite":{"events":{"break":{"sound":"meuh","volume":1.0},"default":"meuh","hit":{"pitch":[0.5,1.2],"sound":"meuh","volume":1.0},"item.use.on":{"pitch":0.8,"sound":"meuh"},"place":{"sound":"meuh","volume":1.0},"power.off":{"pitch":0.5,"sound":"meuh"},"power.on":{"pitch":0.6,"sound":"meuh"}},"pitch":1.0,"volume":1.0},"volcanite":{"events":{"break":{"sound":"meuh","volume":1.0},"default":"meuh","hit":{"pitch":[0.5,1.2],"sound":"meuh","volume":1.0},"item.use.on":{"pitch":0.8,"sound":"meuh"},"place":{"sound":"meuh","volume":1.0},"power.off":{"pitch":0.5,"sound":"meuh"},"power.on":{"pitch":0.6,"sound":"meuh"}},"pitch":1.0,"volume":1.0}}}