{"format_version":"1.10.0","animation_controllers":{"controller.animation.quest_tracker.idle":{"states":{"default":{"animations":["pulse","look_to_target"]}}},"controller.animation.quest_tracker.normal":{"states":{"default":{"animations":["summon"]}}},"controller.animation.quest_tracker.dissapear":{"states":{"default":{"transitions":[{"visible":"query.distance_from_camera > 5"},{"hidden_stay":"query.distance_from_camera <= 5"}]},"visible":{"animations":["summon"],"transitions":[{"hidden":"query.distance_from_camera <= 5"}]},"hidden":{"animations":["despawn"],"transitions":[{"hidden_stay":"query.all_animations_finished"}]},"hidden_stay":{"animations":["despawned"],"transitions":[{"visible":"query.distance_from_camera > 5"}]}}}}}