{
  "animations": {
    "animation.bbqgrill.eggwars_summer.eggwarsgenerator.broken": {
      "animation_length": 4.41667,
      "bones": {
        "cookedmeat": {
          "position": [
            0,
            0.75,
            0
          ],
          "rotation": [
            0,
            0,
            0
          ],
          "scale": 0
        },
        "cookedmeat_ontray2": {
          "scale": 0
        },
        "fire": {
          "scale": 0
        },
        "fixed_meat": {
          "position": [
            0,
            -6,
            -5
          ]
        },
        "meat1": {
          "scale": 0
        },
        "meat2": {
          "scale": 0
        },
        "meat3": {
          "scale": 0
        },
        "meat4": {
          "scale": 0
        },
        "meat5": {
          "scale": 0
        },
        "meat6": {
          "scale": 0
        },
        "meat7": {
          "position": [
            0,
            0,
            0
          ],
          "rotation": [
            0,
            0,
            0
          ],
          "scale": 0
        },
        "raw_meat_tray": {
          "scale": 0
        }
      },
      "loop": true
    },
    "animation.bbqgrill.eggwars_summer.eggwarsgenerator.empty": {
      "loop": true
    },
    "animation.bbqgrill.eggwars_summer.eggwarsgenerator.idle": {
      "animation_length": 4,
      "bones": {
        "cookedmeat": {
          "position": {
            "0.0": [
              1.5,
              0.25,
              2
            ],
            "0.0833": [
              1.5,
              0.25,
              2
            ],
            "0.1667": [
              1.5,
              0.25,
              2
            ],
            "0.25": [
              1.5,
              0.25,
              2
            ],
            "0.3333": [
              1.5,
              0.25,
              2
            ],
            "0.4167": [
              1.5,
              0.25,
              2
            ],
            "0.5": [
              1.5,
              0.55,
              2
            ],
            "0.5833": [
              1.5,
              0.55,
              2
            ],
            "0.6667": [
              1.5,
              0.55,
              2
            ],
            "0.7083": [
              1.5,
              0.55,
              2
            ],
            "0.75": [
              1.5,
              0.55,
              2
            ],
            "0.7917": [
              1.5,
              0.55,
              2
            ],
            "0.8333": [
              1.47,
              0.7,
              1.02
            ],
            "0.9167": [
              1.37,
              2.23,
              -2.01
            ],
            "1.0": [
              1.27,
              3.37,
              -5.3
            ],
            "1.0417": [
              1.22,
              3.33,
              -6.61
            ],
            "1.0833": [
              1.16,
              2.22,
              -8.17
            ],
            "1.1667": [
              1.05,
              -1.92,
              -10.54
            ],
            "1.2083": [
              1,
              -3.75,
              -11.25
            ],
            "1.25": [
              0.95,
              -5.09,
              -11.59
            ],
            "1.3333": [
              0.86,
              -7.27,
              -11.3
            ],
            "1.375": [
              0.8,
              -8.27,
              -10.8
            ],
            "1.4167": [
              0.75,
              -8.95,
              -10.26
            ],
            "1.5": [
              0.64,
              -10.29,
              -8.62
            ],
            "1.5833": [
              0.53,
              -11.38,
              -7.01
            ],
            "1.625": [
              0.5,
              -11.75,
              -6.5
            ]
          },
          "rotation": {
            "0.0": [
              0,
              -150,
              0
            ],
            "0.0833": [
              0,
              -150,
              0
            ],
            "0.1667": [
              0,
              -150,
              0
            ],
            "0.25": [
              0,
              -150,
              0
            ],
            "0.3333": [
              0,
              -150,
              0
            ],
            "0.4167": [
              0,
              -150,
              0
            ],
            "0.5": [
              0,
              -150,
              0
            ],
            "0.5833": [
              0,
              -150,
              0
            ],
            "0.6667": [
              0,
              -150,
              0
            ],
            "0.7083": [
              0,
              -150,
              0
            ],
            "0.75": [
              0,
              -157.03,
              0
            ],
            "0.7917": [
              0,
              -150,
              0
            ],
            "0.8333": [
              0,
              -146.78,
              0
            ],
            "0.9167": [
              0,
              -138.15,
              0
            ],
            "1.0": [
              0,
              -127.15,
              0
            ],
            "1.0833": [
              0,
              -114.47,
              0
            ],
            "1.1667": [
              0,
              -100.77,
              0
            ],
            "1.25": [
              0,
              -86.74,
              0
            ],
            "1.3333": [
              0,
              -73.04,
              0
            ],
            "1.4167": [
              0,
              -60.35,
              0
            ],
            "1.5": [
              0,
              -49.36,
              0
            ],
            "1.5833": [
              0,
              -40.72,
              0
            ],
            "1.625": [
              0,
              -37.5,
              0
            ]
          },
          "scale": {
            "0.4583": [
              0,
              0,
              0
            ],
            "0.5": [
              1,
              1,
              1
            ],
            "0.7083": [
              1,
              1,
              1
            ],
            "1.5833": [
              1,
              1,
              1
            ],
            "1.625": [
              0,
              0,
              0
            ]
          }
        },
        "cookedmeat_ontray2": {
          "position": {
            "0.5": [
              0,
              0.75,
              0
            ],
            "1.0": [
              0,
              0.75,
              0
            ],
            "2.0": [
              0,
              0.75,
              0
            ],
            "3.0": {
              "lerp_mode": "catmullrom",
              "post": [
                0,
                3.25,
                -12.29
              ],
              "pre": [
                0,
                3.25,
                -12.29
              ]
            },
            "3.625": {
              "lerp_mode": "catmullrom",
              "post": [
                0.46,
                -10.13,
                -4.88
              ]
            },
            "3.9583": {
              "lerp_mode": "catmullrom",
              "post": [
                0.46,
                -11.13,
                -4.88
              ]
            }
          },
          "rotation": {
            "0.0": [
              0,
              -7.5,
              0
            ],
            "3.9583": [
              0,
              -7.5,
              0
            ]
          },
          "scale": {
            "0.4583": [
              0,
              0,
              0
            ],
            "0.5": [
              1,
              1,
              1
            ],
            "3.7083": [
              1,
              1,
              1
            ],
            "3.9583": [
              0,
              0,
              0
            ]
          }
        },
        "meat1": {
          "position": [
            0,
            0.25,
            0.75
          ],
          "rotation": [
            0,
            0,
            0
          ],
          "scale": {
            "0.0": [
              1,
              1,
              1
            ],
            "0.5": [
              1,
              1,
              1
            ],
            "0.5417": [
              0,
              0,
              0
            ]
          }
        },
        "meat3": {
          "position": {
            "1.1667": [
              -5.75,
              -11.75,
              -6
            ],
            "1.25": [
              -5.47,
              -11.2,
              -6.8
            ],
            "1.3333": [
              -5.07,
              -10.48,
              -8.01
            ],
            "1.4167": [
              -4.59,
              -9.62,
              -9.41
            ],
            "1.5": [
              -4.09,
              -8.65,
              -10.8
            ],
            "1.5833": [
              -3.6,
              -7.6,
              -11.95
            ],
            "1.6667": [
              -3.16,
              -6.51,
              -12.64
            ],
            "1.7083": [
              -2.98,
              -5.96,
              -12.75
            ],
            "1.75": [
              -2.83,
              -5.41,
              -12.7
            ],
            "1.8333": [
              -2.54,
              -4.13,
              -12.27
            ],
            "1.9167": [
              -2.29,
              -2.69,
              -11.49
            ],
            "2.0": [
              -2.06,
              -1.22,
              -10.46
            ],
            "2.0833": [
              -1.84,
              0.17,
              -9.28
            ],
            "2.1667": [
              -1.63,
              1.36,
              -8.07
            ],
            "2.25": [
              -1.43,
              2.23,
              -6.93
            ],
            "2.2917": [
              -1.32,
              2.51,
              -6.42
            ],
            "2.3333": [
              -1.18,
              2.7,
              -5.77
            ],
            "2.4167": [
              -0.9,
              2.61,
              -4.33
            ],
            "2.5": [
              -0.62,
              2.08,
              -2.81
            ],
            "2.5833": [
              -0.37,
              1.36,
              -1.36
            ],
            "2.6667": [
              -0.16,
              0.67,
              -0.13
            ],
            "2.75": [
              0,
              0.25,
              0.75
            ]
          },
          "scale": {
            "0.0": [
              0,
              0,
              0
            ],
            "1.1667": [
              0,
              0,
              0
            ],
            "1.2083": [
              1,
              1,
              1
            ],
            "2.625": [
              1,
              1,
              1
            ]
          }
        },
        "meat4": {
          "position": {
            "2.7083": [
              0,
              0,
              0
            ],
            "2.7917": [
              0,
              0.84,
              -0.77
            ],
            "2.875": [
              0,
              2.01,
              -1.93
            ],
            "2.9583": [
              0,
              3.41,
              -3.18
            ],
            "3.0417": [
              0,
              4.92,
              -4.23
            ],
            "3.125": [
              0,
              6.45,
              -4.79
            ],
            "3.2083": [
              0,
              8.2,
              -4.85
            ],
            "3.2917": [
              0,
              10.25,
              -4.6
            ],
            "3.375": [
              0,
              12.28,
              -4.06
            ],
            "3.4583": [
              0,
              13.97,
              -3.23
            ],
            "3.5417": [
              0,
              15.03,
              -2.11
            ],
            "3.625": [
              0,
              15.25,
              -0.62
            ],
            "3.7083": [
              0,
              14.9,
              1.36
            ],
            "3.7917": [
              0,
              14.24,
              3.53
            ],
            "3.875": [
              0,
              13.5,
              5.58
            ],
            "3.9583": [
              0,
              12.91,
              7.2
            ],
            "4.0": [
              0,
              12.75,
              7.75
            ]
          },
          "rotation": {
            "2.7083": [
              0,
              0,
              0
            ],
            "2.7917": [
              0,
              1.53,
              0
            ],
            "2.875": [
              0,
              3.49,
              0
            ],
            "2.9583": [
              0,
              5.83,
              0
            ],
            "3.0417": [
              0,
              8.47,
              0
            ],
            "3.125": [
              0,
              11.35,
              0
            ],
            "3.2083": [
              0,
              14.41,
              0
            ],
            "3.2917": [
              0,
              17.58,
              0
            ],
            "3.375": [
              0,
              20.81,
              0
            ],
            "3.4583": [
              0,
              24.01,
              0
            ],
            "3.5417": [
              0,
              27.13,
              0
            ],
            "3.625": [
              0,
              30.11,
              0
            ],
            "3.7083": [
              0,
              32.88,
              0
            ],
            "3.7917": [
              0,
              35.38,
              0
            ],
            "3.875": [
              0,
              37.54,
              0
            ],
            "3.9583": [
              0,
              39.29,
              0
            ],
            "4.0": [
              0,
              40,
              0
            ]
          },
          "scale": {
            "0.0": [
              0,
              0,
              0
            ],
            "2.7083": [
              0,
              0,
              0
            ],
            "2.75": [
              1,
              1,
              1
            ]
          }
        },
        "meat6": {
          "position": [
            0,
            12.75,
            7.75
          ],
          "rotation": [
            0,
            40,
            0
          ],
          "scale": {
            "1.5417": [
              1,
              1,
              1
            ],
            "1.5833": [
              0,
              0,
              0
            ]
          }
        },
        "meat7": {
          "position": {
            "0.0": [
              0,
              -0.01,
              2.75
            ],
            "1.7917": [
              0,
              -0.01,
              2.75
            ],
            "1.9583": [
              1.22,
              3.33,
              -6.61
            ],
            "2.0417": [
              1.25,
              1.65,
              -8.69
            ],
            "2.125": [
              1.13,
              -1.19,
              -10.26
            ],
            "2.2083": [
              1,
              -3.75,
              -11.25
            ],
            "2.2917": [
              0.77,
              -5.48,
              -11.62
            ],
            "2.375": [
              0.55,
              -6.92,
              -11.42
            ],
            "2.4583": [
              0.8,
              -8.27,
              -10.8
            ],
            "2.5417": [
              1.62,
              -9.35,
              -9.9
            ],
            "2.625": [
              2.84,
              -10.42,
              -8.62
            ],
            "2.7083": [
              4.06,
              -11.35,
              -7.36
            ],
            "2.7917": [
              4.9,
              -12,
              -6.5
            ]
          },
          "rotation": {
            "0.0": [
              0,
              65,
              0
            ],
            "1.7917": [
              0,
              65,
              0
            ],
            "2.7917": [
              0,
              -37.5,
              0
            ]
          },
          "scale": {
            "0.0": [
              0,
              0,
              0
            ],
            "1.5": [
              0,
              0,
              0
            ],
            "1.5417": [
              1.1,
              1.1,
              1.1
            ],
            "2.7917": [
              1.1,
              1.1,
              1.1
            ],
            "2.875": [
              0,
              0,
              0
            ]
          }
        },
        "meatuncooked_ontray": {
          "position": {
            "0.0": [
              0,
              0,
              0
            ],
            "3.0": {
              "lerp_mode": "catmullrom",
              "post": [
                0,
                0,
                0
              ],
              "pre": [
                0,
                0,
                0
              ]
            },
            "4.0": {
              "lerp_mode": "catmullrom",
              "post": [
                0,
                17,
                -7
              ]
            },
            "5.0": {
              "lerp_mode": "catmullrom",
              "post": [
                5.53,
                12,
                5.2
              ]
            }
          },
          "rotation": {
            "0.0": [
              0,
              0,
              0
            ],
            "3.0": {
              "lerp_mode": "catmullrom",
              "post": [
                0,
                0,
                0
              ],
              "pre": [
                0,
                0,
                0
              ]
            }
          },
          "scale": {
            "0.0": [
              1,
              1,
              1
            ],
            "3.0": {
              "lerp_mode": "catmullrom",
              "post": [
                1,
                1,
                1
              ],
              "pre": [
                1,
                1,
                1
              ]
            }
          }
        }
      },
      "loop": true
    },
    "animation.bbqgrill.eggwars_summer.eggwarsgenerator.overloaded": {
      "animation_length": 2,
      "bones": {
        "burnedmeat": {
          "position": [
            0,
            5,
            0
          ]
        },
        "cookedmeat": {
          "scale": 0
        },
        "generator": {
          "rotation": {
            "0.0": [
              0,
              0,
              0
            ],
            "0.1667": [
              0,
              0,
              2.5
            ],
            "0.3333": [
              0,
              0,
              0
            ],
            "0.5": [
              0,
              0,
              -2.5
            ],
            "0.6667": [
              0,
              0,
              0
            ],
            "0.8333": [
              0,
              0,
              2.5
            ],
            "1.0": [
              0,
              0,
              0
            ],
            "1.1667": [
              0,
              0,
              -2.5
            ],
            "1.3333": [
              0,
              0,
              0
            ],
            "1.5": [
              0,
              0,
              2.5
            ],
            "1.6667": [
              0,
              0,
              0
            ],
            "1.8333": [
              0,
              0,
              -2.5
            ],
            "2.0": [
              0,
              0,
              0
            ]
          }
        },
        "meat1": {
          "scale": 0
        },
        "meat3": {
          "scale": 0
        },
        "meat4": {
          "scale": 0
        },
        "meat5": {
          "scale": 0
        },
        "meat6": {
          "scale": 0
        },
        "meat7": {
          "scale": 0
        },
        "raw_meat_tray": {
          "scale": 0
        }
      },
      "loop": true
    }
  },
  "format_version": "1.8.0"
}