{
  "animations": {
    "animation.icecreamparlour.eggwars_summer.eggwarsgenerator.idle": {
      "animation_length": 2.1667,
      "bones": {
        "icecream": {
          "position": {
            "1.1667": [
              0,
              0,
              0
            ],
            "1.25": [
              0.75,
              0.15,
              0
            ],
            "1.3333": [
              1.75,
              0.36,
              0
            ],
            "1.4167": [
              2.95,
              0.61,
              0
            ],
            "1.5": [
              4.3,
              0.89,
              0
            ],
            "1.5833": [
              5.75,
              1.19,
              0
            ],
            "1.6667": [
              7.25,
              1.5,
              0
            ],
            "1.75": [
              8.75,
              1.81,
              0
            ],
            "1.8333": [
              10.2,
              2.11,
              0
            ],
            "1.9167": [
              11.55,
              2.39,
              0
            ],
            "2.0": [
              12.75,
              2.64,
              0
            ],
            "2.0833": [
              13.75,
              2.85,
              0
            ],
            "2.1667": [
              14.5,
              3,
              0
            ]
          },
          "rotation": [
            0,
            0,
            0
          ],
          "scale": {
            "1.9583": [
              1,
              1,
              1
            ],
            "2.0417": [
              0.2963,
              0.2963,
              0.2963
            ],
            "2.0833": [
              0,
              0,
              0
            ]
          }
        },
        "icecream2": {
          "position": {
            "1.3333": [
              0,
              -4,
              0
            ],
            "1.4167": [
              0,
              -3.39,
              0
            ],
            "1.5": [
              0,
              -2.5,
              0
            ],
            "1.5833": [
              0,
              -1.5,
              0
            ],
            "1.6667": [
              0,
              -0.61,
              0
            ],
            "1.75": [
              0,
              0,
              0
            ]
          }
        },
        "icecreamscoop": {
          "position": {
            "0.0": [
              0,
              0,
              -1.75
            ],
            "0.0833": [
              0.51,
              0.8,
              -1.26
            ],
            "0.1667": [
              1.23,
              1.96,
              -0.56
            ],
            "0.25": [
              2.05,
              3.25,
              0.25
            ],
            "0.3333": [
              2.88,
              4.44,
              1.05
            ],
            "0.375": [
              3.26,
              4.93,
              1.42
            ],
            "0.4167": [
              3.64,
              5.38,
              1.79
            ],
            "0.5": [
              4.44,
              6.28,
              2.58
            ],
            "0.5833": [
              5.25,
              7.08,
              3.36
            ],
            "0.6667": [
              5.97,
              7.65,
              4.06
            ],
            "0.75": [
              6.52,
              7.85,
              4.58
            ],
            "0.8333": [
              6.95,
              7.12,
              4.94
            ],
            "0.9167": [
              7.08,
              5.71,
              4.99
            ],
            "1.0": [
              7.15,
              4.65,
              5
            ]
          },
          "rotation": {
            "0.0": [
              0,
              12.5,
              60
            ],
            "0.0833": [
              -0.47,
              11.54,
              57.43
            ],
            "0.1667": [
              -0.85,
              10.13,
              53.8
            ],
            "0.25": [
              -1.25,
              8.43,
              49.43
            ],
            "0.3333": [
              -1.77,
              6.57,
              44.62
            ],
            "0.4167": [
              -2.52,
              4.7,
              39.7
            ],
            "0.5": [
              -3.61,
              2.97,
              34.96
            ],
            "0.5833": [
              -5.15,
              1.51,
              30.73
            ],
            "0.6667": [
              -7.24,
              0.47,
              27.3
            ],
            "0.75": [
              -10,
              0,
              25
            ],
            "0.8333": [
              -24.45,
              2.02,
              24.04
            ],
            "0.9167": [
              -42.93,
              6.53,
              27.59
            ],
            "1.0": [
              -56.27,
              9.93,
              30.52
            ]
          }
        },
        "spoon": {
          "position": {
            "0.0": [
              -13,
              3,
              2
            ],
            "0.0833": [
              -12.53,
              3.47,
              2.39
            ],
            "0.1667": [
              -11.84,
              4.16,
              2.97
            ],
            "0.25": [
              -11,
              5,
              3.67
            ],
            "0.3333": [
              -10.09,
              5.91,
              4.43
            ],
            "0.4167": [
              -9.17,
              6.83,
              5.19
            ],
            "0.5": [
              -8.33,
              7.67,
              5.89
            ],
            "0.5833": [
              -7.64,
              8.36,
              6.47
            ],
            "0.6667": [
              -7.17,
              8.83,
              6.86
            ],
            "0.75": [
              -7,
              9,
              7
            ],
            "0.8333": [
              -7.09,
              8.91,
              6.92
            ],
            "0.9167": [
              -7.35,
              8.65,
              6.71
            ],
            "1.0": [
              -7.74,
              8.26,
              6.38
            ],
            "1.0833": [
              -8.24,
              7.76,
              5.97
            ],
            "1.1667": [
              -8.82,
              7.18,
              5.48
            ],
            "1.25": [
              -9.46,
              6.54,
              4.95
            ],
            "1.3333": [
              -10.12,
              5.88,
              4.4
            ],
            "1.4167": [
              -10.78,
              5.22,
              3.85
            ],
            "1.5": [
              -11.42,
              4.58,
              3.32
            ],
            "1.5833": [
              -11.99,
              4.01,
              2.84
            ],
            "1.6667": [
              -12.48,
              3.52,
              2.43
            ],
            "1.75": [
              -12.86,
              3.14,
              2.12
            ],
            "1.7917": [
              -13,
              3,
              2
            ]
          },
          "rotation": {
            "0.0": [
              0,
              0,
              0
            ],
            "0.0833": [
              1.45,
              -1.81,
              -3.09
            ],
            "0.1667": [
              3.58,
              -4.48,
              -7.65
            ],
            "0.25": [
              6.17,
              -7.73,
              -13.18
            ],
            "0.3333": [
              8.99,
              -11.26,
              -19.2
            ],
            "0.4167": [
              11.8,
              -14.79,
              -25.22
            ],
            "0.5": [
              14.39,
              -18.03,
              -30.75
            ],
            "0.5833": [
              16.53,
              -20.7,
              -35.31
            ],
            "0.6667": [
              17.97,
              -22.51,
              -38.4
            ],
            "0.75": [
              18.51,
              -23.18,
              -39.54
            ],
            "0.8333": [
              18.22,
              -22.83,
              -38.94
            ],
            "0.9167": [
              17.43,
              -21.84,
              -37.25
            ],
            "1.0": [
              16.22,
              -20.32,
              -34.67
            ],
            "1.0833": [
              14.68,
              -18.39,
              -31.36
            ],
            "1.1667": [
              12.88,
              -16.13,
              -27.52
            ],
            "1.25": [
              10.92,
              -13.67,
              -23.32
            ],
            "1.3333": [
              8.87,
              -11.11,
              -18.96
            ],
            "1.4167": [
              6.83,
              -8.56,
              -14.6
            ],
            "1.5": [
              4.88,
              -6.12,
              -10.43
            ],
            "1.5833": [
              3.11,
              -3.89,
              -6.64
            ],
            "1.6667": [
              1.6,
              -2,
              -3.41
            ],
            "1.75": [
              0.43,
              -0.54,
              -0.91
            ],
            "1.7917": [
              0,
              0,
              0
            ]
          }
        }
      },
      "loop": true
    }
  },
  "format_version": "1.8.0"
}