{
  "animations": {
    "animation.generatorskin.island": {
      "animation_length": 4.28,
      "bones": {
        "cloud": {
          "position": {
            "0.0": [
              0,
              0,
              0
            ],
            "2.32": [
              0,
              0,
              -17.06
            ],
            "3.4": [
              0,
              0,
              -28
            ]
          },
          "scale": {
            "0.0": [
              0,
              0,
              0
            ],
            "0.56": [
              1,
              1,
              0.01
            ],
            "1.04": [
              1,
              1,
              1
            ],
            "2.32": [
              1,
              1,
              1
            ],
            "2.76": [
              1,
              1,
              0.01
            ],
            "2.8": [
              0,
              0,
              0
            ]
          }
        },
        "island_a": {
          "position": [
            0,
            0,
            0
          ],
          "rotation": {
            "0.0": [
              0,
              0,
              0
            ],
            "0.56": [
              0,
              4.72,
              0
            ],
            "0.96": [
              0,
              7,
              0
            ],
            "1.12": [
              0,
              6.67,
              0
            ],
            "1.68": [
              0,
              2.56,
              0
            ],
            "2.08": [
              0,
              0,
              0
            ]
          }
        },
        "island_b": {
          "rotation": {
            "0.2": [
              0,
              0,
              0
            ],
            "0.76": [
              0,
              4.72,
              0
            ],
            "1.16": [
              0,
              7,
              0
            ],
            "1.32": [
              0,
              6.67,
              0
            ],
            "1.88": [
              0,
              2.56,
              0
            ],
            "2.28": [
              0,
              0,
              0
            ]
          }
        },
        "island_c": {
          "rotation": {
            "0.44": [
              0,
              0,
              0
            ],
            "1.0": [
              0,
              4.72,
              0
            ],
            "1.4": [
              0,
              7,
              0
            ],
            "1.56": [
              0,
              6.67,
              0
            ],
            "2.12": [
              0,
              2.56,
              0
            ],
            "2.52": [
              0,
              0,
              0
            ]
          }
        },
        "island_d": {
          "rotation": {
            "0.72": [
              0,
              0,
              0
            ],
            "1.28": [
              0,
              4.72,
              0
            ],
            "1.68": [
              0,
              7,
              0
            ],
            "1.84": [
              0,
              6.67,
              0
            ],
            "2.4": [
              0,
              2.56,
              0
            ],
            "2.8": [
              0,
              0,
              0
            ]
          }
        },
        "island_e": {
          "rotation": {
            "1.2": [
              0,
              0,
              0
            ],
            "1.76": [
              0,
              4.72,
              0
            ],
            "2.16": [
              0,
              7,
              0
            ],
            "2.32": [
              0,
              6.67,
              0
            ],
            "2.88": [
              0,
              2.56,
              0
            ],
            "3.28": [
              0,
              0,
              0
            ]
          }
        },
        "island_move": {
          "position": {
            "0.0": [
              0,
              0,
              0
            ],
            "2.12": [
              0,
              -0.5,
              0
            ],
            "4.28": [
              0,
              0,
              0
            ]
          }
        },
        "rocks_a": {
          "position": {
            "0.0": [
              0,
              0,
              0
            ],
            "0.56": [
              0,
              0.28,
              0
            ],
            "1.12": [
              0,
              0.67,
              0
            ],
            "1.68": [
              0,
              0.96,
              0
            ],
            "1.92": [
              0,
              1,
              0
            ],
            "2.24": [
              0,
              0.88,
              0
            ],
            "2.8": [
              0,
              0.36,
              0
            ],
            "3.28": [
              0,
              0,
              0
            ]
          }
        },
        "rocks_b": {
          "position": {
            "0.0": [
              0,
              1,
              0
            ],
            "0.56": [
              0,
              0.63,
              0
            ],
            "1.12": [
              0,
              0.17,
              0
            ],
            "1.56": [
              0,
              0,
              0
            ],
            "1.68": [
              0,
              0.01,
              0
            ],
            "2.24": [
              0,
              0.3,
              0
            ],
            "2.8": [
              0,
              0.74,
              0
            ],
            "3.28": [
              0,
              1,
              0
            ]
          }
        }
      },
      "loop": true
    }
  },
  "format_version": "1.8.0"
}