{
  "format_version": "1.12.0",
  "minecraft:geometry": [
    {
      "bones": [
        {
          "cubes": [
            {
              "origin": [
                -0.28106,
                10.43104,
                -7.94815
              ],
              "pivot": [
                -0.78106,
                17.93104,
                -13.94815
              ],
              "rotation": [
                -9.97528,
                -7.57131,
                -36.83829
              ],
              "size": [
                3,
                3,
                0
              ],
              "uv": {
                "down": {
                  "uv": [
                    1,
                    0
                  ],
                  "uv_size": [
                    -1,
                    0
                  ]
                },
                "east": {
                  "uv": [
                    0,
                    0
                  ],
                  "uv_size": [
                    0,
                    1
                  ]
                },
                "north": {
                  "uv": [
                    77,
                    108
                  ],
                  "uv_size": [
                    16,
                    16
                  ]
                },
                "south": {
                  "uv": [
                    0,
                    0
                  ],
                  "uv_size": [
                    1,
                    1
                  ]
                },
                "up": {
                  "uv": [
                    1,
                    0
                  ],
                  "uv_size": [
                    -1,
                    0
                  ]
                },
                "west": {
                  "uv": [
                    0,
                    0
                  ],
                  "uv_size": [
                    0,
                    1
                  ]
                }
              }
            },
            {
              "origin": [
                -6.48741,
                10.37441,
                -2.11274
              ],
              "pivot": [
                -4.98741,
                11.87441,
                -2.11274
              ],
              "rotation": [
                17.52472,
                -7.57131,
                -36.83829
              ],
              "size": [
                3,
                3,
                0
              ],
              "uv": {
                "down": {
                  "uv": [
                    1,
                    0
                  ],
                  "uv_size": [
                    -1,
                    0
                  ]
                },
                "east": {
                  "uv": [
                    0,
                    0
                  ],
                  "uv_size": [
                    0,
                    1
                  ]
                },
                "north": {
                  "uv": [
                    85,
                    88
                  ],
                  "uv_size": [
                    16,
                    16
                  ]
                },
                "south": {
                  "uv": [
                    0,
                    0
                  ],
                  "uv_size": [
                    1,
                    1
                  ]
                },
                "up": {
                  "uv": [
                    1,
                    0
                  ],
                  "uv_size": [
                    -1,
                    0
                  ]
                },
                "west": {
                  "uv": [
                    0,
                    0
                  ],
                  "uv_size": [
                    0,
                    1
                  ]
                }
              }
            },
            {
              "origin": [
                6.36155,
                6.60715,
                -3.49682
              ],
              "pivot": [
                7.86155,
                8.10715,
                -3.49682
              ],
              "rotation": [
                -18.0075,
                4.66912,
                13.30047
              ],
              "size": [
                3,
                3,
                0
              ],
              "uv": {
                "down": {
                  "uv": [
                    1,
                    0
                  ],
                  "uv_size": [
                    -1,
                    0
                  ]
                },
                "east": {
                  "uv": [
                    0,
                    0
                  ],
                  "uv_size": [
                    0,
                    1
                  ]
                },
                "north": {
                  "uv": [
                    95,
                    107
                  ],
                  "uv_size": [
                    16,
                    16
                  ]
                },
                "south": {
                  "uv": [
                    0,
                    0
                  ],
                  "uv_size": [
                    1,
                    1
                  ]
                },
                "up": {
                  "uv": [
                    1,
                    0
                  ],
                  "uv_size": [
                    -1,
                    0
                  ]
                },
                "west": {
                  "uv": [
                    0,
                    0
                  ],
                  "uv_size": [
                    0,
                    1
                  ]
                }
              }
            },
            {
              "origin": [
                -4.1623,
                4.79452,
                -6.81859
              ],
              "pivot": [
                -2.6623,
                6.29452,
                -6.81859
              ],
              "rotation": [
                -3.43324,
                30.4851,
                34.39183
              ],
              "size": [
                3,
                3,
                0
              ],
              "uv": {
                "down": {
                  "uv": [
                    1,
                    0
                  ],
                  "uv_size": [
                    -1,
                    0
                  ]
                },
                "east": {
                  "uv": [
                    0,
                    0
                  ],
                  "uv_size": [
                    0,
                    1
                  ]
                },
                "north": {
                  "uv": [
                    112,
                    108
                  ],
                  "uv_size": [
                    16,
                    16
                  ]
                },
                "south": {
                  "uv": [
                    0,
                    0
                  ],
                  "uv_size": [
                    1,
                    1
                  ]
                },
                "up": {
                  "uv": [
                    1,
                    0
                  ],
                  "uv_size": [
                    -1,
                    0
                  ]
                },
                "west": {
                  "uv": [
                    0,
                    0
                  ],
                  "uv_size": [
                    0,
                    1
                  ]
                }
              }
            },
            {
              "origin": [
                -5.58106,
                -1.31896,
                -9.94815
              ],
              "size": [
                10,
                5,
                20
              ],
              "uv": {
                "down": {
                  "uv": [
                    49,
                    112
                  ],
                  "uv_size": [
                    -10,
                    -20
                  ]
                },
                "east": {
                  "uv": [
                    39,
                    112
                  ],
                  "uv_size": [
                    20,
                    5
                  ]
                },
                "north": {
                  "uv": [
                    40,
                    117
                  ],
                  "uv_size": [
                    10,
                    5
                  ]
                },
                "south": {
                  "uv": [
                    40,
                    117
                  ],
                  "uv_size": [
                    10,
                    5
                  ]
                },
                "up": {
                  "uv": [
                    49,
                    112
                  ],
                  "uv_size": [
                    -10,
                    -20
                  ]
                },
                "west": {
                  "uv": [
                    39,
                    112
                  ],
                  "uv_size": [
                    20,
                    5
                  ]
                }
              }
            }
          ],
          "name": "NPC",
          "pivot": [
            -1.58106,
            16.68104,
            0.05185
          ]
        },
        {
          "cubes": [
            {
              "origin": [
                -7.13638,
                19.18057,
                -3.3211
              ],
              "pivot": [
                -3.66961,
                21.74779,
                -0.08784
              ],
              "rotation": [
                0.48731,
                -0.85964,
                -1.00869
              ],
              "size": [
                8,
                6,
                5
              ],
              "uv": {
                "down": {
                  "uv": [
                    13,
                    37
                  ],
                  "uv_size": [
                    8,
                    -5
                  ]
                },
                "east": {
                  "uv": [
                    0,
                    37
                  ],
                  "uv_size": [
                    5,
                    6
                  ]
                },
                "north": {
                  "uv": [
                    5,
                    37
                  ],
                  "uv_size": [
                    8,
                    6
                  ]
                },
                "south": {
                  "uv": [
                    18,
                    37
                  ],
                  "uv_size": [
                    8,
                    6
                  ]
                },
                "up": {
                  "uv": [
                    5,
                    32
                  ],
                  "uv_size": [
                    8,
                    5
                  ]
                },
                "west": {
                  "uv": [
                    13,
                    37
                  ],
                  "uv_size": [
                    5,
                    6
                  ]
                }
              }
            },
            {
              "origin": [
                -6.11174,
                15.25362,
                3.10572
              ],
              "pivot": [
                -0.57707,
                24.21829,
                2.0919
              ],
              "rotation": [
                13.27919,
                -0.60772,
                -23.50917
              ],
              "size": [
                8,
                12,
                0
              ],
              "uv": {
                "down": {
                  "uv": [
                    128,
                    6
                  ],
                  "uv_size": [
                    -5,
                    -6
                  ]
                },
                "east": {
                  "uv": [
                    123,
                    0
                  ],
                  "uv_size": [
                    5,
                    6
                  ]
                },
                "north": {
                  "uv": [
                    123,
                    0
                  ],
                  "uv_size": [
                    5,
                    6
                  ]
                },
                "south": {
                  "uv": [
                    93,
                    27
                  ],
                  "uv_size": [
                    8,
                    12
                  ]
                },
                "up": {
                  "uv": [
                    128,
                    6
                  ],
                  "uv_size": [
                    -5,
                    -6
                  ]
                },
                "west": {
                  "uv": [
                    123,
                    0
                  ],
                  "uv_size": [
                    5,
                    6
                  ]
                }
              }
            },
            {
              "origin": [
                -7.13919,
                13.58821,
                -3.38535
              ],
              "pivot": [
                -3.66961,
                21.74779,
                -0.08784
              ],
              "rotation": [
                2.81683,
                -0.48885,
                0.50348
              ],
              "size": [
                8,
                6,
                5
              ],
              "uv": {
                "down": {
                  "uv": [
                    45,
                    5
                  ],
                  "uv_size": [
                    8,
                    -5
                  ]
                },
                "east": {
                  "uv": [
                    32,
                    5
                  ],
                  "uv_size": [
                    5,
                    6
                  ]
                },
                "north": {
                  "uv": [
                    37,
                    5
                  ],
                  "uv_size": [
                    8,
                    6
                  ]
                },
                "south": {
                  "uv": [
                    50,
                    5
                  ],
                  "uv_size": [
                    8,
                    6
                  ]
                },
                "up": {
                  "uv": [
                    37,
                    0
                  ],
                  "uv_size": [
                    8,
                    5
                  ]
                },
                "west": {
                  "uv": [
                    45,
                    5
                  ],
                  "uv_size": [
                    5,
                    6
                  ]
                }
              }
            }
          ],
          "name": "head",
          "parent": "NPC",
          "pivot": [
            -1.28106,
            16.43104,
            0.05185
          ],
          "rotation": [
            165.38249,
            4.53051,
            154.91623
          ]
        },
        {
          "cubes": [
            {
              "origin": [
                -1.84045,
                8.89005,
                -0.19014
              ],
              "pivot": [
                0.16078,
                8.4439,
                1.06285
              ],
              "rotation": [
                21.51798,
                16.41608,
                -9.17403
              ],
              "size": [
                4,
                5,
                4
              ],
              "uv": {
                "down": {
                  "uv": [
                    61,
                    15
                  ],
                  "uv_size": [
                    4,
                    -4
                  ]
                },
                "east": {
                  "uv": [
                    53,
                    15
                  ],
                  "uv_size": [
                    4,
                    5
                  ]
                },
                "north": {
                  "uv": [
                    57,
                    15
                  ],
                  "uv_size": [
                    4,
                    5
                  ]
                },
                "south": {
                  "uv": [
                    65,
                    15
                  ],
                  "uv_size": [
                    4,
                    5
                  ]
                },
                "up": {
                  "uv": [
                    57,
                    11
                  ],
                  "uv_size": [
                    4,
                    4
                  ]
                },
                "west": {
                  "uv": [
                    61,
                    15
                  ],
                  "uv_size": [
                    4,
                    5
                  ]
                }
              }
            },
            {
              "origin": [
                -1.84969,
                3.42416,
                -0.85378
              ],
              "pivot": [
                0.03348,
                8.77684,
                0.88036
              ],
              "rotation": [
                -13.48202,
                16.41608,
                -9.17403
              ],
              "size": [
                4,
                7,
                4
              ],
              "uv": {
                "down": {
                  "uv": [
                    60,
                    27
                  ],
                  "uv_size": [
                    4,
                    -4
                  ]
                },
                "east": {
                  "uv": [
                    52,
                    27
                  ],
                  "uv_size": [
                    4,
                    7
                  ]
                },
                "north": {
                  "uv": [
                    56,
                    27
                  ],
                  "uv_size": [
                    4,
                    7
                  ]
                },
                "south": {
                  "uv": [
                    64,
                    27
                  ],
                  "uv_size": [
                    4,
                    7
                  ]
                },
                "up": {
                  "uv": [
                    56,
                    23
                  ],
                  "uv_size": [
                    4,
                    4
                  ]
                },
                "west": {
                  "uv": [
                    60,
                    27
                  ],
                  "uv_size": [
                    4,
                    7
                  ]
                }
              }
            }
          ],
          "name": "rightleg",
          "parent": "head",
          "pivot": [
            -0.81458,
            13.85094,
            0.02759
          ],
          "rotation": [
            14.8562,
            -5.8933,
            -19.67108
          ]
        },
        {
          "cubes": [
            {
              "origin": [
                -8.35955,
                8.89005,
                -0.19014
              ],
              "pivot": [
                -6.36078,
                8.4439,
                1.06285
              ],
              "rotation": [
                21.51798,
                -16.41608,
                9.17403
              ],
              "size": [
                4,
                5,
                4
              ],
              "uv": {
                "down": {
                  "uv": [
                    65,
                    15
                  ],
                  "uv_size": [
                    -4,
                    -4
                  ]
                },
                "east": {
                  "uv": [
                    65,
                    15
                  ],
                  "uv_size": [
                    -4,
                    5
                  ]
                },
                "north": {
                  "uv": [
                    61,
                    15
                  ],
                  "uv_size": [
                    -4,
                    5
                  ]
                },
                "south": {
                  "uv": [
                    69,
                    15
                  ],
                  "uv_size": [
                    -4,
                    5
                  ]
                },
                "up": {
                  "uv": [
                    61,
                    11
                  ],
                  "uv_size": [
                    -4,
                    4
                  ]
                },
                "west": {
                  "uv": [
                    57,
                    15
                  ],
                  "uv_size": [
                    -4,
                    5
                  ]
                }
              }
            },
            {
              "origin": [
                -7.93997,
                4.35221,
                -1.05635
              ],
              "pivot": [
                -6.02314,
                9.70489,
                0.67779
              ],
              "rotation": [
                -33.48202,
                -16.41608,
                9.17403
              ],
              "size": [
                4,
                7,
                4
              ],
              "uv": {
                "down": {
                  "uv": [
                    64,
                    27
                  ],
                  "uv_size": [
                    -4,
                    -4
                  ]
                },
                "east": {
                  "uv": [
                    64,
                    27
                  ],
                  "uv_size": [
                    -4,
                    7
                  ]
                },
                "north": {
                  "uv": [
                    60,
                    27
                  ],
                  "uv_size": [
                    -4,
                    7
                  ]
                },
                "south": {
                  "uv": [
                    68,
                    27
                  ],
                  "uv_size": [
                    -4,
                    7
                  ]
                },
                "up": {
                  "uv": [
                    60,
                    23
                  ],
                  "uv_size": [
                    -4,
                    4
                  ]
                },
                "west": {
                  "uv": [
                    56,
                    27
                  ],
                  "uv_size": [
                    -4,
                    7
                  ]
                }
              }
            }
          ],
          "name": "rightleg2",
          "parent": "head",
          "pivot": [
            -5.38542,
            13.85094,
            0.02759
          ],
          "rotation": [
            -25,
            12.5,
            -10
          ]
        },
        {
          "name": "leftleg",
          "parent": "head",
          "pivot": [
            -3.47512,
            6.96839,
            10.98801
          ]
        },
        {
          "name": "leftarm",
          "parent": "head",
          "pivot": [
            -9.97824,
            19.58676,
            -0.51295
          ]
        },
        {
          "cubes": [
            {
              "origin": [
                0.19803,
                12.5907,
                -1.96939
              ],
              "pivot": [
                -3.66961,
                21.74779,
                -0.08784
              ],
              "rotation": [
                27.68717,
                13.27328,
                -12.46354
              ],
              "size": [
                3.5,
                6,
                3.5
              ],
              "uv": {
                "down": {
                  "uv": [
                    10,
                    66
                  ],
                  "uv_size": [
                    3,
                    -3
                  ]
                },
                "east": {
                  "uv": [
                    4,
                    66
                  ],
                  "uv_size": [
                    3,
                    6
                  ]
                },
                "north": {
                  "uv": [
                    7,
                    66
                  ],
                  "uv_size": [
                    3,
                    6
                  ]
                },
                "south": {
                  "uv": [
                    13,
                    66
                  ],
                  "uv_size": [
                    3,
                    6
                  ]
                },
                "up": {
                  "uv": [
                    7,
                    63
                  ],
                  "uv_size": [
                    3,
                    3
                  ]
                },
                "west": {
                  "uv": [
                    10,
                    66
                  ],
                  "uv_size": [
                    3,
                    6
                  ]
                }
              }
            },
            {
              "origin": [
                0.35079,
                17.70447,
                -1.34895
              ],
              "pivot": [
                -3.66961,
                21.74779,
                -0.08784
              ],
              "rotation": [
                25.09475,
                15.02227,
                -9.65353
              ],
              "size": [
                3.5,
                6,
                3.5
              ],
              "uv": {
                "down": {
                  "uv": [
                    60,
                    68
                  ],
                  "uv_size": [
                    3,
                    -3
                  ]
                },
                "east": {
                  "uv": [
                    54,
                    68
                  ],
                  "uv_size": [
                    3,
                    6
                  ]
                },
                "north": {
                  "uv": [
                    57,
                    68
                  ],
                  "uv_size": [
                    3,
                    6
                  ]
                },
                "south": {
                  "uv": [
                    63,
                    68
                  ],
                  "uv_size": [
                    3,
                    6
                  ]
                },
                "up": {
                  "uv": [
                    57,
                    65
                  ],
                  "uv_size": [
                    3,
                    3
                  ]
                },
                "west": {
                  "uv": [
                    60,
                    68
                  ],
                  "uv_size": [
                    3,
                    6
                  ]
                }
              }
            },
            {
              "origin": [
                1.55906,
                13.96919,
                2.53977
              ],
              "pivot": [
                5.30906,
                15.21919,
                5.03977
              ],
              "rotation": [
                -31.80633,
                5.68422,
                -3.5958
              ],
              "size": [
                4,
                4,
                4
              ],
              "uv": {
                "down": {
                  "uv": [
                    20,
                    124
                  ],
                  "uv_size": [
                    -16,
                    -16
                  ]
                },
                "east": {
                  "uv": [
                    4,
                    108
                  ],
                  "uv_size": [
                    16,
                    16
                  ]
                },
                "north": {
                  "uv": [
                    4,
                    108
                  ],
                  "uv_size": [
                    16,
                    16
                  ]
                },
                "south": {
                  "uv": [
                    4,
                    108
                  ],
                  "uv_size": [
                    16,
                    16
                  ]
                },
                "up": {
                  "uv": [
                    20,
                    124
                  ],
                  "uv_size": [
                    -16,
                    -16
                  ]
                },
                "west": {
                  "uv": [
                    4,
                    108
                  ],
                  "uv_size": [
                    16,
                    16
                  ]
                }
              }
            }
          ],
          "name": "rightarm",
          "parent": "head",
          "pivot": [
            1.84324,
            23.51361,
            1.82902
          ],
          "rotation": [
            0,
            0,
            -37.5
          ]
        },
        {
          "cubes": [
            {
              "origin": [
                -10.50918,
                10.27753,
                -3.41924
              ],
              "pivot": [
                -2.84154,
                19.43462,
                -1.63769
              ],
              "rotation": [
                27.68717,
                -13.27328,
                12.46354
              ],
              "size": [
                3.5,
                6,
                3.5
              ],
              "uv": {
                "down": {
                  "uv": [
                    13,
                    66
                  ],
                  "uv_size": [
                    -3,
                    -3
                  ]
                },
                "east": {
                  "uv": [
                    13,
                    66
                  ],
                  "uv_size": [
                    -3,
                    6
                  ]
                },
                "north": {
                  "uv": [
                    10,
                    66
                  ],
                  "uv_size": [
                    -3,
                    6
                  ]
                },
                "south": {
                  "uv": [
                    16,
                    66
                  ],
                  "uv_size": [
                    -3,
                    6
                  ]
                },
                "up": {
                  "uv": [
                    10,
                    63
                  ],
                  "uv_size": [
                    -3,
                    3
                  ]
                },
                "west": {
                  "uv": [
                    7,
                    66
                  ],
                  "uv_size": [
                    -3,
                    6
                  ]
                }
              }
            },
            {
              "origin": [
                -10.75222,
                16.19095,
                -1.39095
              ],
              "pivot": [
                -3.23182,
                20.23427,
                -0.12984
              ],
              "rotation": [
                -2.40525,
                -15.02227,
                9.65353
              ],
              "size": [
                3.5,
                6,
                3.5
              ],
              "uv": {
                "down": {
                  "uv": [
                    63,
                    68
                  ],
                  "uv_size": [
                    -3,
                    -3
                  ]
                },
                "east": {
                  "uv": [
                    63,
                    68
                  ],
                  "uv_size": [
                    -3,
                    6
                  ]
                },
                "north": {
                  "uv": [
                    60,
                    68
                  ],
                  "uv_size": [
                    -3,
                    6
                  ]
                },
                "south": {
                  "uv": [
                    66,
                    68
                  ],
                  "uv_size": [
                    -3,
                    6
                  ]
                },
                "up": {
                  "uv": [
                    60,
                    65
                  ],
                  "uv_size": [
                    -3,
                    3
                  ]
                },
                "west": {
                  "uv": [
                    57,
                    68
                  ],
                  "uv_size": [
                    -3,
                    6
                  ]
                }
              }
            },
            {
              "origin": [
                -11.33223,
                7.46602,
                0.34996
              ],
              "pivot": [
                -10.33834,
                14.65092,
                0.58072
              ],
              "rotation": [
                -51.69834,
                26.57766,
                -70.44566
              ],
              "size": [
                1,
                23,
                1
              ],
              "uv": {
                "down": {
                  "uv": [
                    78,
                    88
                  ],
                  "uv_size": [
                    -1,
                    -1
                  ]
                },
                "east": {
                  "uv": [
                    108,
                    65
                  ],
                  "uv_size": [
                    1,
                    18
                  ]
                },
                "north": {
                  "uv": [
                    107,
                    65
                  ],
                  "uv_size": [
                    1,
                    18
                  ]
                },
                "south": {
                  "uv": [
                    107,
                    65
                  ],
                  "uv_size": [
                    1,
                    18
                  ]
                },
                "up": {
                  "uv": [
                    78,
                    88
                  ],
                  "uv_size": [
                    -1,
                    -1
                  ]
                },
                "west": {
                  "uv": [
                    108,
                    65
                  ],
                  "uv_size": [
                    1,
                    18
                  ]
                }
              }
            },
            {
              "origin": [
                -22.33223,
                21.46602,
                0.84996
              ],
              "pivot": [
                -10.33834,
                14.65092,
                0.58072
              ],
              "rotation": [
                -51.69834,
                26.57766,
                -70.44566
              ],
              "size": [
                11,
                8,
                0
              ],
              "uv": {
                "down": {
                  "uv": [
                    1,
                    1
                  ],
                  "uv_size": [
                    -1,
                    -1
                  ]
                },
                "east": {
                  "uv": [
                    108,
                    65
                  ],
                  "uv_size": [
                    1,
                    18
                  ]
                },
                "north": {
                  "uv": [
                    118,
                    0
                  ],
                  "uv_size": [
                    10,
                    2
                  ]
                },
                "south": {
                  "uv": [
                    112,
                    85
                  ],
                  "uv_size": [
                    11,
                    8
                  ]
                },
                "up": {
                  "uv": [
                    1,
                    1
                  ],
                  "uv_size": [
                    -1,
                    -1
                  ]
                },
                "west": {
                  "uv": [
                    108,
                    65
                  ],
                  "uv_size": [
                    1,
                    18
                  ]
                }
              }
            }
          ],
          "name": "rightarm2",
          "parent": "head",
          "pivot": [
            -7.44771,
            22.87061,
            -1.65683
          ],
          "rotation": [
            62.16295,
            -10.86039,
            -11.30437
          ]
        },
        {
          "cubes": [
            {
              "origin": [
                -7.51447,
                24.44701,
                -4.66556
              ],
              "pivot": [
                -3.66961,
                21.74779,
                -0.08784
              ],
              "rotation": [
                -4.30416,
                1.76773,
                -0.99655
              ],
              "size": [
                9,
                9,
                9
              ],
              "uv": {
                "down": {
                  "uv": [
                    110,
                    9
                  ],
                  "uv_size": [
                    9,
                    -9
                  ]
                },
                "east": {
                  "uv": [
                    92,
                    9
                  ],
                  "uv_size": [
                    9,
                    9
                  ]
                },
                "north": {
                  "uv": [
                    101,
                    9
                  ],
                  "uv_size": [
                    9,
                    9
                  ]
                },
                "south": {
                  "uv": [
                    119,
                    9
                  ],
                  "uv_size": [
                    9,
                    9
                  ]
                },
                "up": {
                  "uv": [
                    101,
                    0
                  ],
                  "uv_size": [
                    9,
                    9
                  ]
                },
                "west": {
                  "uv": [
                    110,
                    9
                  ],
                  "uv_size": [
                    9,
                    9
                  ]
                }
              }
            },
            {
              "origin": [
                -6.91447,
                24.94701,
                -4.16556
              ],
              "pivot": [
                -3.66961,
                21.74779,
                -0.08784
              ],
              "rotation": [
                -4.30416,
                1.76773,
                -0.99655
              ],
              "size": [
                8,
                8,
                8
              ],
              "uv": {
                "down": {
                  "uv": [
                    16,
                    24
                  ],
                  "uv_size": [
                    8,
                    -8
                  ]
                },
                "east": {
                  "uv": [
                    16,
                    24
                  ],
                  "uv_size": [
                    8,
                    8
                  ]
                },
                "north": {
                  "uv": [
                    8,
                    24
                  ],
                  "uv_size": [
                    8,
                    8
                  ]
                },
                "south": {
                  "uv": [
                    24,
                    24
                  ],
                  "uv_size": [
                    8,
                    8
                  ]
                },
                "up": {
                  "uv": [
                    8,
                    16
                  ],
                  "uv_size": [
                    8,
                    8
                  ]
                },
                "west": {
                  "uv": [
                    16,
                    24
                  ],
                  "uv_size": [
                    8,
                    8
                  ]
                }
              }
            }
          ],
          "name": "head2",
          "parent": "head",
          "pivot": [
            -2.62693,
            24.68871,
            -1.05337
          ],
          "rotation": [
            -2.46258,
            4.92385,
            0.87038
          ]
        },
        {
          "cubes": [
            {
              "origin": [
                -11.55425,
                30.70403,
                -6.95121
              ],
              "size": [
                6,
                2,
                6
              ],
              "uv": {
                "east": {
                  "uv": [
                    120,
                    45
                  ],
                  "uv_size": [
                    6,
                    2
                  ]
                },
                "north": {
                  "uv": [
                    120,
                    45
                  ],
                  "uv_size": [
                    6,
                    2
                  ]
                },
                "south": {
                  "uv": [
                    120,
                    45
                  ],
                  "uv_size": [
                    6,
                    2
                  ]
                },
                "up": {
                  "uv": [
                    120,
                    40
                  ],
                  "uv_size": [
                    6,
                    6
                  ]
                },
                "west": {
                  "uv": [
                    120,
                    45
                  ],
                  "uv_size": [
                    6,
                    2
                  ]
                }
              }
            },
            {
              "origin": [
                -10.51106,
                32.64408,
                -5.95121
              ],
              "pivot": [
                -10.51206,
                32.64408,
                -1.95121
              ],
              "rotation": [
                0,
                0,
                22.5
              ],
              "size": [
                0,
                9,
                4
              ],
              "uv": {
                "east": {
                  "uv": [
                    110,
                    29
                  ],
                  "uv_size": [
                    8,
                    18
                  ]
                }
              }
            },
            {
              "origin": [
                -11.26106,
                32.64408,
                -1.20121
              ],
              "pivot": [
                -11.26206,
                32.64408,
                -1.95121
              ],
              "rotation": [
                90,
                67.5,
                90
              ],
              "size": [
                0,
                5,
                4
              ],
              "uv": {
                "east": {
                  "uv": [
                    110,
                    37
                  ],
                  "uv_size": [
                    8,
                    10
                  ]
                }
              }
            },
            {
              "origin": [
                -10.35882,
                31.87871,
                -5.95121
              ],
              "pivot": [
                -8.51206,
                32.64408,
                -3.95121
              ],
              "rotation": [
                179.04277,
                2.30959,
                157.4807
              ],
              "size": [
                0,
                5,
                4
              ],
              "uv": {
                "east": {
                  "uv": [
                    110,
                    37
                  ],
                  "uv_size": [
                    8,
                    10
                  ]
                }
              }
            },
            {
              "origin": [
                -10.35882,
                31.87871,
                -5.95121
              ],
              "pivot": [
                -8.51206,
                32.64408,
                -3.95121
              ],
              "rotation": [
                -96.50882,
                -67.36871,
                96.01146
              ],
              "size": [
                0,
                5,
                4
              ],
              "uv": {
                "east": {
                  "uv": [
                    110,
                    37
                  ],
                  "uv_size": [
                    8,
                    10
                  ]
                }
              }
            }
          ],
          "name": "partyhat",
          "pivot": [
            -8.52007,
            31.17823,
            -3.94489
          ],
          "rotation": [
            67.12352,
            -72.32786,
            -101.73868
          ]
        }
      ],
      "description": {
        "identifier": "geometry.cubecraft.npc.battlearena.gameduels",
        "texture_height": 128,
        "texture_width": 128,
        "visible_bounds_height": 6,
        "visible_bounds_offset": [
          0,
          2,
          0
        ],
        "visible_bounds_width": 6
      }
    }
  ]
}