{
  "format_version": "1.12.0",
  "minecraft:geometry": [
    {
      "bones": [
        {
          "cubes": [
            {
              "origin": [
                0.25,
                -0.57,
                -12.5
              ],
              "pivot": [
                0,
                1.5,
                0
              ],
              "rotation": [
                0,
                32.5,
                0
              ],
              "size": [
                8,
                4,
                24
              ],
              "uv": {
                "down": {
                  "uv": [
                    8.1,
                    110.9
                  ],
                  "uv_size": [
                    7.8,
                    -23.8
                  ]
                },
                "east": {
                  "uv": [
                    4.1,
                    95.1
                  ],
                  "uv_size": [
                    23.8,
                    2.8
                  ]
                },
                "north": {
                  "uv": [
                    11.1,
                    94.1
                  ],
                  "uv_size": [
                    7.8,
                    2.8
                  ]
                },
                "south": {
                  "uv": [
                    13.1,
                    88.1
                  ],
                  "uv_size": [
                    7.8,
                    2.8
                  ]
                },
                "up": {
                  "uv": [
                    0.1,
                    87.1
                  ],
                  "uv_size": [
                    7.8,
                    23.8
                  ]
                },
                "west": {
                  "uv": [
                    5.1,
                    94.1
                  ],
                  "uv_size": [
                    23.8,
                    2.8
                  ]
                }
              }
            }
          ],
          "name": "bb_main",
          "pivot": [
            0,
            0,
            0
          ]
        },
        {
          "name": "NPC",
          "pivot": [
            3.25,
            0,
            -3.25
          ],
          "rotation": [
            -47.24196,
            -57.517,
            7.67839
          ]
        },
        {
          "cubes": [
            {
              "origin": [
                -0.74513,
                28.89446,
                -5.60891
              ],
              "pivot": [
                3.25,
                27,
                -2.25
              ],
              "rotation": [
                -17.89807,
                11.91276,
                -3.81397
              ],
              "size": [
                8,
                8,
                8
              ],
              "uv": {
                "down": {
                  "uv": [
                    23.9,
                    46.9
                  ],
                  "uv_size": [
                    -7.8,
                    -7.8
                  ]
                },
                "east": {
                  "uv": [
                    23.9,
                    47.1
                  ],
                  "uv_size": [
                    -7.8,
                    7.8
                  ]
                },
                "north": {
                  "uv": [
                    15.9,
                    47.1
                  ],
                  "uv_size": [
                    -7.8,
                    7.8
                  ]
                },
                "south": {
                  "uv": [
                    31.9,
                    47.1
                  ],
                  "uv_size": [
                    -7.8,
                    7.8
                  ]
                },
                "up": {
                  "uv": [
                    15.9,
                    39.1
                  ],
                  "uv_size": [
                    -7.8,
                    7.8
                  ]
                },
                "west": {
                  "uv": [
                    7.9,
                    47.1
                  ],
                  "uv_size": [
                    -7.8,
                    7.8
                  ]
                }
              }
            }
          ],
          "name": "head",
          "parent": "NPC",
          "pivot": [
            3.25,
            24,
            -2.25
          ],
          "rotation": [
            175,
            0,
            180
          ]
        },
        {
          "cubes": [
            {
              "origin": [
                -0.60649,
                16.51114,
                -3.04775
              ],
              "size": [
                8,
                12,
                4
              ],
              "uv": {
                "down": {
                  "uv": [
                    67.9,
                    24.9
                  ],
                  "uv_size": [
                    -7.8,
                    -3.8
                  ]
                },
                "east": {
                  "uv": [
                    63.9,
                    25.1
                  ],
                  "uv_size": [
                    -3.8,
                    11.8
                  ]
                },
                "north": {
                  "uv": [
                    59.9,
                    25.1
                  ],
                  "uv_size": [
                    -7.8,
                    11.8
                  ]
                },
                "south": {
                  "uv": [
                    71.9,
                    25.1
                  ],
                  "uv_size": [
                    -7.8,
                    11.8
                  ]
                },
                "up": {
                  "uv": [
                    59.9,
                    21.1
                  ],
                  "uv_size": [
                    -7.8,
                    3.8
                  ]
                },
                "west": {
                  "uv": [
                    51.9,
                    25.1
                  ],
                  "uv_size": [
                    -3.8,
                    11.8
                  ]
                }
              }
            },
            {
              "inflate": 0.2,
              "origin": [
                -0.60649,
                18.11114,
                -2.94775
              ],
              "size": [
                8,
                8,
                4
              ],
              "uv": {
                "down": {
                  "uv": [
                    51.9,
                    52.9
                  ],
                  "uv_size": [
                    -7.8,
                    -3.8
                  ]
                },
                "east": {
                  "uv": [
                    47.9,
                    53.1
                  ],
                  "uv_size": [
                    -3.8,
                    7.8
                  ]
                },
                "north": {
                  "uv": [
                    43.9,
                    53.1
                  ],
                  "uv_size": [
                    -7.8,
                    7.8
                  ]
                },
                "south": {
                  "uv": [
                    55.9,
                    53.1
                  ],
                  "uv_size": [
                    -7.8,
                    7.8
                  ]
                },
                "up": {
                  "uv": [
                    43.9,
                    49.1
                  ],
                  "uv_size": [
                    -7.8,
                    3.8
                  ]
                },
                "west": {
                  "uv": [
                    35.9,
                    53.1
                  ],
                  "uv_size": [
                    -3.8,
                    7.8
                  ]
                }
              }
            }
          ],
          "name": "body",
          "parent": "NPC",
          "pivot": [
            3.25,
            27,
            -2.25
          ],
          "rotation": [
            0,
            -180,
            0
          ]
        },
        {
          "cubes": [
            {
              "inflate": 0.1,
              "origin": [
                -7.73516,
                19.99671,
                -3.78804
              ],
              "size": [
                4,
                6,
                4
              ],
              "uv": {
                "down": {
                  "uv": [
                    71.9,
                    40.9
                  ],
                  "uv_size": [
                    -3.8,
                    -3.8
                  ]
                },
                "east": {
                  "uv": [
                    71.9,
                    41.1
                  ],
                  "uv_size": [
                    -3.8,
                    5.8
                  ]
                },
                "north": {
                  "uv": [
                    67.9,
                    41.1
                  ],
                  "uv_size": [
                    -3.8,
                    5.8
                  ]
                },
                "south": {
                  "uv": [
                    75.9,
                    41.1
                  ],
                  "uv_size": [
                    -3.8,
                    5.8
                  ]
                },
                "up": {
                  "uv": [
                    67.9,
                    37.1
                  ],
                  "uv_size": [
                    -3.8,
                    3.8
                  ]
                },
                "west": {
                  "uv": [
                    63.9,
                    41.1
                  ],
                  "uv_size": [
                    -3.8,
                    5.8
                  ]
                }
              }
            },
            {
              "origin": [
                -7.73516,
                15.1414,
                -2.10364
              ],
              "pivot": [
                -4.62742,
                18.63675,
                -1.49963
              ],
              "rotation": [
                47.5,
                0,
                0
              ],
              "size": [
                4,
                6,
                4
              ],
              "uv": {
                "down": {
                  "uv": [
                    67.9,
                    59.9
                  ],
                  "uv_size": [
                    -3.8,
                    -3.8
                  ]
                },
                "east": {
                  "uv": [
                    67.9,
                    60.1
                  ],
                  "uv_size": [
                    -3.8,
                    5.8
                  ]
                },
                "north": {
                  "uv": [
                    63.9,
                    60.1
                  ],
                  "uv_size": [
                    -3.8,
                    5.8
                  ]
                },
                "south": {
                  "uv": [
                    71.9,
                    60.1
                  ],
                  "uv_size": [
                    -3.8,
                    5.8
                  ]
                },
                "up": {
                  "uv": [
                    63.9,
                    56.1
                  ],
                  "uv_size": [
                    -3.8,
                    3.8
                  ]
                },
                "west": {
                  "uv": [
                    59.9,
                    60.1
                  ],
                  "uv_size": [
                    -3.8,
                    5.8
                  ]
                }
              }
            }
          ],
          "name": "leftArm",
          "parent": "NPC",
          "pivot": [
            -3.62742,
            25.63675,
            -1.49963
          ],
          "rotation": [
            -19.41378,
            -34.67763,
            157.48615
          ]
        },
        {
          "cubes": [
            {
              "inflate": 0.1,
              "origin": [
                5.31589,
                20.59775,
                -3.91178
              ],
              "size": [
                4,
                6,
                4
              ],
              "uv": {
                "down": {
                  "uv": [
                    27.9,
                    58.9
                  ],
                  "uv_size": [
                    -3.8,
                    -3.8
                  ]
                },
                "east": {
                  "uv": [
                    27.9,
                    59.1
                  ],
                  "uv_size": [
                    -3.8,
                    5.8
                  ]
                },
                "north": {
                  "uv": [
                    23.9,
                    59.1
                  ],
                  "uv_size": [
                    -3.8,
                    5.8
                  ]
                },
                "south": {
                  "uv": [
                    31.9,
                    59.1
                  ],
                  "uv_size": [
                    -3.8,
                    5.8
                  ]
                },
                "up": {
                  "uv": [
                    23.9,
                    55.1
                  ],
                  "uv_size": [
                    -3.8,
                    3.8
                  ]
                },
                "west": {
                  "uv": [
                    19.9,
                    59.1
                  ],
                  "uv_size": [
                    -3.8,
                    5.8
                  ]
                }
              }
            },
            {
              "origin": [
                5.30373,
                14.62222,
                -4.14335
              ],
              "pivot": [
                6.85,
                21.85,
                -3.4
              ],
              "rotation": [
                10,
                0,
                0
              ],
              "size": [
                4,
                6,
                4
              ],
              "uv": {
                "down": {
                  "uv": [
                    11.9,
                    58.9
                  ],
                  "uv_size": [
                    -3.8,
                    -3.8
                  ]
                },
                "east": {
                  "uv": [
                    11.9,
                    59.1
                  ],
                  "uv_size": [
                    -3.8,
                    5.8
                  ]
                },
                "north": {
                  "uv": [
                    7.9,
                    59.1
                  ],
                  "uv_size": [
                    -3.8,
                    5.8
                  ]
                },
                "south": {
                  "uv": [
                    15.9,
                    59.1
                  ],
                  "uv_size": [
                    -3.8,
                    5.8
                  ]
                },
                "up": {
                  "uv": [
                    7.9,
                    55.1
                  ],
                  "uv_size": [
                    -3.8,
                    3.8
                  ]
                },
                "west": {
                  "uv": [
                    3.9,
                    59.1
                  ],
                  "uv_size": [
                    -3.8,
                    5.8
                  ]
                }
              }
            },
            {
              "origin": [
                7.22129,
                17.60033,
                4.06533
              ],
              "pivot": [
                9.16729,
                11.91085,
                4.69825
              ],
              "rotation": [
                -11.73167,
                26.49755,
                -26.94488
              ],
              "size": [
                4,
                4,
                4
              ],
              "uv": {
                "down": {
                  "uv": [
                    24.1,
                    111.9
                  ],
                  "uv_size": [
                    3.8,
                    -3.8
                  ]
                },
                "east": {
                  "uv": [
                    27.9,
                    108.1
                  ],
                  "uv_size": [
                    -3.8,
                    3.8
                  ]
                },
                "north": {
                  "uv": [
                    24,
                    108
                  ],
                  "uv_size": [
                    3.8,
                    3.8
                  ]
                },
                "south": {
                  "uv": [
                    24,
                    108
                  ],
                  "uv_size": [
                    3.8,
                    3.8
                  ]
                },
                "up": {
                  "uv": [
                    27.8,
                    111.8
                  ],
                  "uv_size": [
                    -3.8,
                    -3.8
                  ]
                },
                "west": {
                  "uv": [
                    27.9,
                    108.1
                  ],
                  "uv_size": [
                    -3.8,
                    3.8
                  ]
                }
              }
            },
            {
              "origin": [
                -0.26509,
                24.33942,
                -16.80405
              ],
              "pivot": [
                7.66089,
                24.50798,
                -10.32981
              ],
              "rotation": [
                -178.74777,
                21.3949,
                78.34297
              ],
              "size": [
                13,
                0,
                13
              ],
              "uv": {
                "down": {
                  "uv": [
                    70.9,
                    100.9
                  ],
                  "uv_size": [
                    -15.8,
                    -15.8
                  ]
                },
                "east": {
                  "uv": [
                    124.2,
                    3.8
                  ],
                  "uv_size": [
                    3.8,
                    -3.8
                  ]
                },
                "north": {
                  "uv": [
                    124.2,
                    3.8
                  ],
                  "uv_size": [
                    3.8,
                    -3.8
                  ]
                },
                "south": {
                  "uv": [
                    124.2,
                    3.8
                  ],
                  "uv_size": [
                    3.8,
                    -3.8
                  ]
                },
                "up": {
                  "uv": [
                    128,
                    0
                  ],
                  "uv_size": [
                    -3.8,
                    3.8
                  ]
                },
                "west": {
                  "uv": [
                    124.2,
                    3.8
                  ],
                  "uv_size": [
                    3.8,
                    -3.8
                  ]
                }
              }
            }
          ],
          "name": "rightArm",
          "parent": "NPC",
          "pivot": [
            7.85,
            25.85,
            -3.4
          ],
          "rotation": [
            -89.04236,
            13.56693,
            -179.18429
          ]
        },
        {
          "cubes": [
            {
              "origin": [
                -1.27032,
                10.74105,
                -3.52469
              ],
              "size": [
                4,
                7,
                4
              ],
              "uv": {
                "down": {
                  "uv": [
                    11.9,
                    24.9
                  ],
                  "uv_size": [
                    -3.8,
                    -3.8
                  ]
                },
                "east": {
                  "uv": [
                    11.9,
                    25.1
                  ],
                  "uv_size": [
                    -3.8,
                    6.8
                  ]
                },
                "north": {
                  "uv": [
                    7.9,
                    25.1
                  ],
                  "uv_size": [
                    -3.8,
                    6.8
                  ]
                },
                "south": {
                  "uv": [
                    15.9,
                    25.1
                  ],
                  "uv_size": [
                    -3.8,
                    6.8
                  ]
                },
                "up": {
                  "uv": [
                    7.9,
                    21.1
                  ],
                  "uv_size": [
                    -3.8,
                    3.8
                  ]
                },
                "west": {
                  "uv": [
                    3.9,
                    25.1
                  ],
                  "uv_size": [
                    -3.8,
                    6.8
                  ]
                }
              }
            },
            {
              "inflate": 0.2,
              "origin": [
                -1.27032,
                9.74105,
                -0.52469
              ],
              "size": [
                4,
                3,
                1
              ],
              "uv": {
                "down": {
                  "uv": [
                    76.9,
                    21.9
                  ],
                  "uv_size": [
                    -3.8,
                    -0.8
                  ]
                },
                "east": {
                  "uv": [
                    73.9,
                    22.1
                  ],
                  "uv_size": [
                    -0.8,
                    2.8
                  ]
                },
                "north": {
                  "uv": [
                    72.9,
                    22.1
                  ],
                  "uv_size": [
                    -3.8,
                    2.8
                  ]
                },
                "south": {
                  "uv": [
                    77.9,
                    22.1
                  ],
                  "uv_size": [
                    -3.8,
                    2.8
                  ]
                },
                "up": {
                  "uv": [
                    72.9,
                    21.1
                  ],
                  "uv_size": [
                    -3.8,
                    0.8
                  ]
                },
                "west": {
                  "uv": [
                    68.9,
                    22.1
                  ],
                  "uv_size": [
                    -0.8,
                    2.8
                  ]
                }
              }
            },
            {
              "inflate": 0.2,
              "origin": [
                -1.11809,
                5.04246,
                -6.40594
              ],
              "pivot": [
                0.98952,
                4.02029,
                -3.57056
              ],
              "rotation": [
                -33.5,
                0,
                -3
              ],
              "size": [
                4,
                2,
                4
              ],
              "uv": {
                "down": {
                  "uv": [
                    65.9,
                    15.9
                  ],
                  "uv_size": [
                    -3.8,
                    -3.8
                  ]
                },
                "east": {
                  "uv": [
                    65.9,
                    16.1
                  ],
                  "uv_size": [
                    -3.8,
                    1.8
                  ]
                },
                "north": {
                  "uv": [
                    61.9,
                    16.1
                  ],
                  "uv_size": [
                    -3.8,
                    1.8
                  ]
                },
                "south": {
                  "uv": [
                    69.9,
                    16.1
                  ],
                  "uv_size": [
                    -3.8,
                    1.8
                  ]
                },
                "up": {
                  "uv": [
                    61.9,
                    12.1
                  ],
                  "uv_size": [
                    -3.8,
                    3.8
                  ]
                },
                "west": {
                  "uv": [
                    57.9,
                    16.1
                  ],
                  "uv_size": [
                    -3.8,
                    1.8
                  ]
                }
              }
            },
            {
              "inflate": 0.1,
              "origin": [
                -1.11809,
                4.94246,
                -2.10594
              ],
              "pivot": [
                0.98952,
                4.02029,
                -3.57056
              ],
              "rotation": [
                -33.5,
                0,
                -3
              ],
              "size": [
                4,
                2,
                1
              ],
              "uv": {
                "down": {
                  "uv": [
                    8.9,
                    69.9
                  ],
                  "uv_size": [
                    -3.8,
                    -0.8
                  ]
                },
                "east": {
                  "uv": [
                    5.9,
                    70.1
                  ],
                  "uv_size": [
                    -0.8,
                    1.8
                  ]
                },
                "north": {
                  "uv": [
                    4.9,
                    70.1
                  ],
                  "uv_size": [
                    -3.8,
                    1.8
                  ]
                },
                "south": {
                  "uv": [
                    9.9,
                    70.1
                  ],
                  "uv_size": [
                    -3.8,
                    1.8
                  ]
                },
                "up": {
                  "uv": [
                    4.9,
                    69.1
                  ],
                  "uv_size": [
                    -3.8,
                    0.8
                  ]
                },
                "west": {
                  "uv": [
                    0.9,
                    70.1
                  ],
                  "uv_size": [
                    -0.8,
                    1.8
                  ]
                }
              }
            },
            {
              "inflate": -0.05,
              "origin": [
                -1.27032,
                6.34082,
                -3.94944
              ],
              "pivot": [
                0.81412,
                9.27779,
                -2.87556
              ],
              "rotation": [
                -15,
                0,
                0
              ],
              "size": [
                4,
                5,
                4
              ],
              "uv": {
                "down": {
                  "uv": [
                    55.9,
                    65.9
                  ],
                  "uv_size": [
                    -3.8,
                    -3.8
                  ]
                },
                "east": {
                  "uv": [
                    55.9,
                    66.1
                  ],
                  "uv_size": [
                    -3.8,
                    4.8
                  ]
                },
                "north": {
                  "uv": [
                    51.9,
                    66.1
                  ],
                  "uv_size": [
                    -3.8,
                    4.8
                  ]
                },
                "south": {
                  "uv": [
                    59.9,
                    66.1
                  ],
                  "uv_size": [
                    -3.8,
                    4.8
                  ]
                },
                "up": {
                  "uv": [
                    51.9,
                    62.1
                  ],
                  "uv_size": [
                    -3.8,
                    3.8
                  ]
                },
                "west": {
                  "uv": [
                    47.9,
                    66.1
                  ],
                  "uv_size": [
                    -3.8,
                    4.8
                  ]
                }
              }
            }
          ],
          "name": "leftLeg",
          "parent": "NPC",
          "pivot": [
            0.91412,
            16.27779,
            -2.87556
          ],
          "rotation": [
            0,
            -155,
            10
          ]
        },
        {
          "cubes": [
            {
              "inflate": 0.2,
              "origin": [
                3.69165,
                6.61103,
                2.01773
              ],
              "pivot": [
                5.45,
                8.7,
                -0.75
              ],
              "rotation": [
                -26,
                0,
                0
              ],
              "size": [
                4,
                3,
                1
              ],
              "uv": {
                "down": {
                  "uv": [
                    74.9,
                    12.9
                  ],
                  "uv_size": [
                    -3.8,
                    -0.8
                  ]
                },
                "east": {
                  "uv": [
                    71.9,
                    13.1
                  ],
                  "uv_size": [
                    -0.8,
                    2.8
                  ]
                },
                "north": {
                  "uv": [
                    70.9,
                    13.1
                  ],
                  "uv_size": [
                    -3.8,
                    2.8
                  ]
                },
                "south": {
                  "uv": [
                    75.9,
                    13.1
                  ],
                  "uv_size": [
                    -3.8,
                    2.8
                  ]
                },
                "up": {
                  "uv": [
                    70.9,
                    12.1
                  ],
                  "uv_size": [
                    -3.8,
                    0.8
                  ]
                },
                "west": {
                  "uv": [
                    66.9,
                    13.1
                  ],
                  "uv_size": [
                    -0.8,
                    2.8
                  ]
                }
              }
            },
            {
              "origin": [
                3.5706,
                7.4127,
                -1.41544
              ],
              "size": [
                4,
                7,
                4
              ],
              "uv": {
                "down": {
                  "uv": [
                    11.9,
                    3.9
                  ],
                  "uv_size": [
                    -3.8,
                    -3.8
                  ]
                },
                "east": {
                  "uv": [
                    11.9,
                    4.1
                  ],
                  "uv_size": [
                    -3.8,
                    6.8
                  ]
                },
                "north": {
                  "uv": [
                    7.9,
                    4.1
                  ],
                  "uv_size": [
                    -3.8,
                    6.8
                  ]
                },
                "south": {
                  "uv": [
                    15.9,
                    4.1
                  ],
                  "uv_size": [
                    -3.8,
                    6.8
                  ]
                },
                "up": {
                  "uv": [
                    7.9,
                    0.1
                  ],
                  "uv_size": [
                    -3.8,
                    3.8
                  ]
                },
                "west": {
                  "uv": [
                    3.9,
                    4.1
                  ],
                  "uv_size": [
                    -3.8,
                    6.8
                  ]
                }
              }
            },
            {
              "inflate": -0.05,
              "origin": [
                3.52982,
                3.89775,
                -1.66199
              ],
              "pivot": [
                5.45,
                8.26667,
                -2.06667
              ],
              "rotation": [
                -25,
                0,
                0
              ],
              "size": [
                4,
                5,
                4
              ],
              "uv": {
                "down": {
                  "uv": [
                    39.9,
                    64.9
                  ],
                  "uv_size": [
                    -3.8,
                    -3.8
                  ]
                },
                "east": {
                  "uv": [
                    39.9,
                    65.1
                  ],
                  "uv_size": [
                    -3.8,
                    4.8
                  ]
                },
                "north": {
                  "uv": [
                    35.9,
                    65.1
                  ],
                  "uv_size": [
                    -3.8,
                    4.8
                  ]
                },
                "south": {
                  "uv": [
                    43.9,
                    65.1
                  ],
                  "uv_size": [
                    -3.8,
                    4.8
                  ]
                },
                "up": {
                  "uv": [
                    35.9,
                    61.1
                  ],
                  "uv_size": [
                    -3.8,
                    3.8
                  ]
                },
                "west": {
                  "uv": [
                    31.9,
                    65.1
                  ],
                  "uv_size": [
                    -3.8,
                    4.8
                  ]
                }
              }
            },
            {
              "inflate": 0.2,
              "origin": [
                3.52982,
                4.42964,
                -0.35798
              ],
              "pivot": [
                5.45,
                8.26667,
                -2.06667
              ],
              "rotation": [
                -51,
                0,
                0
              ],
              "size": [
                4,
                2,
                4
              ],
              "uv": {
                "down": {
                  "uv": [
                    11.9,
                    14.9
                  ],
                  "uv_size": [
                    -3.8,
                    -3.8
                  ]
                },
                "east": {
                  "uv": [
                    11.9,
                    15.1
                  ],
                  "uv_size": [
                    -3.8,
                    1.8
                  ]
                },
                "north": {
                  "uv": [
                    7.9,
                    15.1
                  ],
                  "uv_size": [
                    -3.8,
                    1.8
                  ]
                },
                "south": {
                  "uv": [
                    15.9,
                    15.1
                  ],
                  "uv_size": [
                    -3.8,
                    1.8
                  ]
                },
                "up": {
                  "uv": [
                    7.9,
                    11.1
                  ],
                  "uv_size": [
                    -3.8,
                    3.8
                  ]
                },
                "west": {
                  "uv": [
                    3.9,
                    15.1
                  ],
                  "uv_size": [
                    -3.8,
                    1.8
                  ]
                }
              }
            },
            {
              "inflate": 0.1,
              "origin": [
                3.52982,
                4.32964,
                3.94202
              ],
              "pivot": [
                5.45,
                8.26667,
                -2.06667
              ],
              "rotation": [
                -51,
                0,
                0
              ],
              "size": [
                4,
                2,
                1
              ],
              "uv": {
                "down": {
                  "uv": [
                    76.9,
                    55.9
                  ],
                  "uv_size": [
                    -3.8,
                    -0.8
                  ]
                },
                "east": {
                  "uv": [
                    73.9,
                    56.1
                  ],
                  "uv_size": [
                    -0.8,
                    1.8
                  ]
                },
                "north": {
                  "uv": [
                    72.9,
                    56.1
                  ],
                  "uv_size": [
                    -3.8,
                    1.8
                  ]
                },
                "south": {
                  "uv": [
                    77.9,
                    56.1
                  ],
                  "uv_size": [
                    -3.8,
                    1.8
                  ]
                },
                "up": {
                  "uv": [
                    72.9,
                    55.1
                  ],
                  "uv_size": [
                    -3.8,
                    0.8
                  ]
                },
                "west": {
                  "uv": [
                    68.9,
                    56.1
                  ],
                  "uv_size": [
                    -0.8,
                    1.8
                  ]
                }
              }
            }
          ],
          "name": "rightLeg",
          "parent": "NPC",
          "pivot": [
            5.45,
            15.2,
            -1.25
          ],
          "rotation": [
            -107.30392,
            7.16394,
            172.98459
          ]
        },
        {
          "cubes": [
            {
              "origin": [
                -16.55425,
                29.10403,
                6.19879
              ],
              "size": [
                6,
                2,
                6
              ],
              "uv": {
                "east": {
                  "uv": [
                    120,
                    45
                  ],
                  "uv_size": [
                    6,
                    2
                  ]
                },
                "north": {
                  "uv": [
                    120,
                    45
                  ],
                  "uv_size": [
                    6,
                    2
                  ]
                },
                "south": {
                  "uv": [
                    120,
                    45
                  ],
                  "uv_size": [
                    6,
                    2
                  ]
                },
                "up": {
                  "uv": [
                    120,
                    40
                  ],
                  "uv_size": [
                    6,
                    6
                  ]
                },
                "west": {
                  "uv": [
                    120,
                    45
                  ],
                  "uv_size": [
                    6,
                    2
                  ]
                }
              }
            },
            {
              "origin": [
                -15.51106,
                31.04408,
                7.19879
              ],
              "pivot": [
                -15.51206,
                31.04408,
                11.19879
              ],
              "rotation": [
                0,
                0,
                22.5
              ],
              "size": [
                0,
                9,
                4
              ],
              "uv": {
                "east": {
                  "uv": [
                    110,
                    29
                  ],
                  "uv_size": [
                    8,
                    18
                  ]
                }
              }
            },
            {
              "origin": [
                -16.26106,
                31.04408,
                11.94879
              ],
              "pivot": [
                -16.26206,
                31.04408,
                11.19879
              ],
              "rotation": [
                90,
                67.5,
                90
              ],
              "size": [
                0,
                5,
                4
              ],
              "uv": {
                "east": {
                  "uv": [
                    110,
                    37
                  ],
                  "uv_size": [
                    8,
                    10
                  ]
                }
              }
            },
            {
              "origin": [
                -15.35882,
                30.27871,
                7.19879
              ],
              "pivot": [
                -13.51206,
                31.04408,
                9.19879
              ],
              "rotation": [
                179.04277,
                2.30959,
                157.4807
              ],
              "size": [
                0,
                5,
                4
              ],
              "uv": {
                "east": {
                  "uv": [
                    110,
                    37
                  ],
                  "uv_size": [
                    8,
                    10
                  ]
                }
              }
            },
            {
              "origin": [
                -15.35882,
                30.27871,
                7.19879
              ],
              "pivot": [
                -13.51206,
                31.04408,
                9.19879
              ],
              "rotation": [
                -96.50882,
                -67.36871,
                96.01146
              ],
              "size": [
                0,
                5,
                4
              ],
              "uv": {
                "east": {
                  "uv": [
                    110,
                    37
                  ],
                  "uv_size": [
                    8,
                    10
                  ]
                }
              }
            }
          ],
          "name": "partyhat",
          "pivot": [
            -13.52007,
            29.57823,
            9.20511
          ],
          "rotation": [
            -163.33586,
            -39.22964,
            151.35813
          ]
        }
      ],
      "description": {
        "identifier": "geometry.cubecraft.npc.blockwars.bridges.duels",
        "texture_height": 128,
        "texture_width": 128,
        "visible_bounds_height": 5.5,
        "visible_bounds_offset": [
          0,
          1.25,
          0
        ],
        "visible_bounds_width": 5
      }
    }
  ]
}