{
  "format_version": "1.12.0",
  "minecraft:geometry": [
    {
      "bones": [
        {
          "name": "NPC",
          "pivot": [
            0,
            0,
            0
          ]
        },
        {
          "cubes": [
            {
              "origin": [
                -6.03044,
                19.42197,
                3.46708
              ],
              "pivot": [
                0.3625,
                16.675,
                8.3375
              ],
              "rotation": [
                -12.79361,
                12.19908,
                -2.74714
              ],
              "size": [
                11.6,
                11.6,
                11.6
              ],
              "uv": {
                "down": {
                  "uv": [
                    23.9,
                    46.9
                  ],
                  "uv_size": [
                    -7.8,
                    -7.8
                  ]
                },
                "east": {
                  "uv": [
                    23.9,
                    47.1
                  ],
                  "uv_size": [
                    -7.8,
                    7.8
                  ]
                },
                "north": {
                  "uv": [
                    15.9,
                    47.1
                  ],
                  "uv_size": [
                    -7.8,
                    7.8
                  ]
                },
                "south": {
                  "uv": [
                    31.9,
                    47.1
                  ],
                  "uv_size": [
                    -7.8,
                    7.8
                  ]
                },
                "up": {
                  "uv": [
                    15.9,
                    39.1
                  ],
                  "uv_size": [
                    -7.8,
                    7.8
                  ]
                },
                "west": {
                  "uv": [
                    7.9,
                    47.1
                  ],
                  "uv_size": [
                    -7.8,
                    7.8
                  ]
                }
              }
            }
          ],
          "name": "head",
          "parent": "NPC",
          "pivot": [
            0.3625,
            12.325,
            8.3375
          ],
          "rotation": [
            175,
            0,
            180
          ]
        },
        {
          "cubes": [
            {
              "origin": [
                -5.22941,
                1.46615,
                7.18076
              ],
              "size": [
                11.6,
                17.4,
                5.8
              ],
              "uv": {
                "down": {
                  "uv": [
                    67.9,
                    24.9
                  ],
                  "uv_size": [
                    -7.8,
                    -3.8
                  ]
                },
                "east": {
                  "uv": [
                    63.9,
                    25.1
                  ],
                  "uv_size": [
                    -3.8,
                    11.8
                  ]
                },
                "north": {
                  "uv": [
                    59.9,
                    25.1
                  ],
                  "uv_size": [
                    -7.8,
                    11.8
                  ]
                },
                "south": {
                  "uv": [
                    71.9,
                    25.1
                  ],
                  "uv_size": [
                    -7.8,
                    11.8
                  ]
                },
                "up": {
                  "uv": [
                    59.9,
                    21.1
                  ],
                  "uv_size": [
                    -7.8,
                    3.8
                  ]
                },
                "west": {
                  "uv": [
                    51.9,
                    25.1
                  ],
                  "uv_size": [
                    -3.8,
                    11.8
                  ]
                }
              }
            },
            {
              "inflate": 0.2,
              "origin": [
                -5.31941,
                3.69615,
                7.23576
              ],
              "size": [
                11.78,
                11.78,
                5.98
              ],
              "uv": {
                "down": {
                  "uv": [
                    51.9,
                    52.9
                  ],
                  "uv_size": [
                    -7.8,
                    -3.8
                  ]
                },
                "east": {
                  "uv": [
                    47.9,
                    53.1
                  ],
                  "uv_size": [
                    -3.8,
                    7.8
                  ]
                },
                "north": {
                  "uv": [
                    43.9,
                    53.1
                  ],
                  "uv_size": [
                    -7.8,
                    7.8
                  ]
                },
                "south": {
                  "uv": [
                    55.9,
                    53.1
                  ],
                  "uv_size": [
                    -7.8,
                    7.8
                  ]
                },
                "up": {
                  "uv": [
                    43.9,
                    49.1
                  ],
                  "uv_size": [
                    -7.8,
                    3.8
                  ]
                },
                "west": {
                  "uv": [
                    35.9,
                    53.1
                  ],
                  "uv_size": [
                    -3.8,
                    7.8
                  ]
                }
              }
            }
          ],
          "name": "body",
          "parent": "NPC",
          "pivot": [
            0.3625,
            16.675,
            8.3375
          ],
          "rotation": [
            0,
            -180,
            0
          ]
        },
        {
          "cubes": [
            {
              "inflate": 0.1,
              "origin": [
                -13.11465,
                11.36745,
                -2.37238
              ],
              "size": [
                5.89,
                8.79,
                5.89
              ],
              "uv": {
                "down": {
                  "uv": [
                    71.9,
                    40.9
                  ],
                  "uv_size": [
                    -3.8,
                    -3.8
                  ]
                },
                "east": {
                  "uv": [
                    71.9,
                    41.1
                  ],
                  "uv_size": [
                    -3.8,
                    5.8
                  ]
                },
                "north": {
                  "uv": [
                    67.9,
                    41.1
                  ],
                  "uv_size": [
                    -3.8,
                    5.8
                  ]
                },
                "south": {
                  "uv": [
                    75.9,
                    41.1
                  ],
                  "uv_size": [
                    -3.8,
                    5.8
                  ]
                },
                "up": {
                  "uv": [
                    67.9,
                    37.1
                  ],
                  "uv_size": [
                    -3.8,
                    3.8
                  ]
                },
                "west": {
                  "uv": [
                    63.9,
                    41.1
                  ],
                  "uv_size": [
                    -3.8,
                    5.8
                  ]
                }
              }
            },
            {
              "origin": [
                -11.42952,
                8.74632,
                -9.25164
              ],
              "pivot": [
                -6.71702,
                8.74632,
                -7.07664
              ],
              "rotation": [
                148.31584,
                28.46296,
                -16.39211
              ],
              "size": [
                7.25,
                0,
                7.25
              ],
              "uv": {
                "down": {
                  "uv": [
                    36.1,
                    115.9
                  ],
                  "uv_size": [
                    6.8,
                    -7.8
                  ]
                },
                "east": {
                  "uv": [
                    112.2,
                    0
                  ],
                  "uv_size": [
                    3.8,
                    13.8
                  ]
                },
                "north": {
                  "uv": [
                    116.2,
                    0
                  ],
                  "uv_size": [
                    3.8,
                    13.8
                  ]
                },
                "south": {
                  "uv": [
                    124.2,
                    0
                  ],
                  "uv_size": [
                    3.8,
                    13.8
                  ]
                },
                "up": {
                  "uv": [
                    93.2,
                    19
                  ],
                  "uv_size": [
                    3.8,
                    3.8
                  ]
                },
                "west": {
                  "uv": [
                    120.2,
                    0
                  ],
                  "uv_size": [
                    3.8,
                    13.8
                  ]
                }
              }
            },
            {
              "inflate": -0.1,
              "origin": [
                -13.16965,
                5.32835,
                -3.45059
              ],
              "pivot": [
                -8.99843,
                9.26411,
                -2.90978
              ],
              "rotation": [
                -25,
                0,
                0
              ],
              "size": [
                5.71,
                8.61,
                5.71
              ],
              "uv": {
                "down": {
                  "uv": [
                    67.9,
                    59.9
                  ],
                  "uv_size": [
                    -3.8,
                    -3.8
                  ]
                },
                "east": {
                  "uv": [
                    67.9,
                    60.1
                  ],
                  "uv_size": [
                    -3.8,
                    5.8
                  ]
                },
                "north": {
                  "uv": [
                    63.9,
                    60.1
                  ],
                  "uv_size": [
                    -3.8,
                    5.8
                  ]
                },
                "south": {
                  "uv": [
                    71.9,
                    60.1
                  ],
                  "uv_size": [
                    -3.8,
                    5.8
                  ]
                },
                "up": {
                  "uv": [
                    63.9,
                    56.1
                  ],
                  "uv_size": [
                    -3.8,
                    3.8
                  ]
                },
                "west": {
                  "uv": [
                    59.9,
                    60.1
                  ],
                  "uv_size": [
                    -3.8,
                    5.8
                  ]
                }
              }
            }
          ],
          "name": "leftArm",
          "parent": "NPC",
          "pivot": [
            -10.16965,
            13.10505,
            1.73026
          ],
          "rotation": [
            -50.86212,
            -0.41724,
            36.22383
          ]
        },
        {
          "cubes": [
            {
              "inflate": 0.1,
              "origin": [
                3.86392,
                9.10324,
                1.10101
              ],
              "pivot": [
                6.8001,
                9.37075,
                4.39654
              ],
              "rotation": [
                -180,
                -7.5,
                180
              ],
              "size": [
                5.89,
                8.79,
                5.89
              ],
              "uv": {
                "down": {
                  "uv": [
                    27.9,
                    58.9
                  ],
                  "uv_size": [
                    -3.8,
                    -3.8
                  ]
                },
                "east": {
                  "uv": [
                    27.9,
                    59.1
                  ],
                  "uv_size": [
                    -3.8,
                    5.8
                  ]
                },
                "north": {
                  "uv": [
                    23.9,
                    59.1
                  ],
                  "uv_size": [
                    -3.8,
                    5.8
                  ]
                },
                "south": {
                  "uv": [
                    31.9,
                    59.1
                  ],
                  "uv_size": [
                    -3.8,
                    5.8
                  ]
                },
                "up": {
                  "uv": [
                    23.9,
                    55.1
                  ],
                  "uv_size": [
                    -3.8,
                    3.8
                  ]
                },
                "west": {
                  "uv": [
                    19.9,
                    59.1
                  ],
                  "uv_size": [
                    -3.8,
                    5.8
                  ]
                }
              }
            },
            {
              "origin": [
                3.89129,
                0.8951,
                1.12501
              ],
              "pivot": [
                6.8001,
                9.37075,
                4.39654
              ],
              "rotation": [
                172.5,
                -7.5,
                -180
              ],
              "size": [
                5.8,
                8.7,
                5.8
              ],
              "uv": {
                "down": {
                  "uv": [
                    11.9,
                    58.9
                  ],
                  "uv_size": [
                    -3.8,
                    -3.8
                  ]
                },
                "east": {
                  "uv": [
                    11.9,
                    59.1
                  ],
                  "uv_size": [
                    -3.8,
                    5.8
                  ]
                },
                "north": {
                  "uv": [
                    7.9,
                    59.1
                  ],
                  "uv_size": [
                    -3.8,
                    5.8
                  ]
                },
                "south": {
                  "uv": [
                    15.9,
                    59.1
                  ],
                  "uv_size": [
                    -3.8,
                    5.8
                  ]
                },
                "up": {
                  "uv": [
                    7.9,
                    55.1
                  ],
                  "uv_size": [
                    -3.8,
                    3.8
                  ]
                },
                "west": {
                  "uv": [
                    3.9,
                    59.1
                  ],
                  "uv_size": [
                    -3.8,
                    5.8
                  ]
                }
              }
            }
          ],
          "name": "rightArm",
          "parent": "NPC",
          "pivot": [
            8.0325,
            17.0075,
            4.67
          ],
          "rotation": [
            165.97078,
            -0.654,
            175.40605
          ]
        },
        {
          "cubes": [
            {
              "origin": [
                -4.36702,
                -17.67361,
                7.37409
              ],
              "size": [
                5.8,
                18.3,
                5.8
              ],
              "uv": {
                "down": {
                  "uv": [
                    62.1,
                    15.9
                  ],
                  "uv_size": [
                    3.8,
                    -3.8
                  ]
                },
                "east": {
                  "uv": [
                    55,
                    80
                  ],
                  "uv_size": [
                    -3.8,
                    10
                  ]
                },
                "north": {
                  "uv": [
                    47.1,
                    80
                  ],
                  "uv_size": [
                    3.8,
                    10
                  ]
                },
                "south": {
                  "uv": [
                    55.1,
                    80
                  ],
                  "uv_size": [
                    3.8,
                    10
                  ]
                },
                "up": {
                  "uv": [
                    4.1,
                    21.1
                  ],
                  "uv_size": [
                    3.8,
                    3.8
                  ]
                },
                "west": {
                  "uv": [
                    51.1,
                    80
                  ],
                  "uv_size": [
                    3.8,
                    10
                  ]
                }
              }
            },
            {
              "origin": [
                -4.36702,
                -21.97361,
                7.37409
              ],
              "size": [
                5.8,
                4.3,
                7.8
              ],
              "uv": {
                "down": {
                  "uv": [
                    55.1,
                    96.9
                  ],
                  "uv_size": [
                    3.8,
                    -3.8
                  ]
                },
                "east": {
                  "uv": [
                    59,
                    97
                  ],
                  "uv_size": [
                    -3.8,
                    2
                  ]
                },
                "north": {
                  "uv": [
                    47.1,
                    97
                  ],
                  "uv_size": [
                    3.8,
                    2
                  ]
                },
                "south": {
                  "uv": [
                    59.1,
                    97
                  ],
                  "uv_size": [
                    3.8,
                    2
                  ]
                },
                "up": {
                  "uv": [
                    51.1,
                    93.1
                  ],
                  "uv_size": [
                    3.8,
                    3.8
                  ]
                },
                "west": {
                  "uv": [
                    55.1,
                    97
                  ],
                  "uv_size": [
                    3.8,
                    2
                  ]
                }
              }
            },
            {
              "origin": [
                3.78298,
                -13.42361,
                7.37409
              ],
              "size": [
                7.25,
                0,
                7.25
              ],
              "uv": {
                "down": {
                  "uv": [
                    24.1,
                    115.9
                  ],
                  "uv_size": [
                    6.8,
                    -7.8
                  ]
                },
                "east": {
                  "uv": [
                    112.2,
                    0
                  ],
                  "uv_size": [
                    3.8,
                    13.8
                  ]
                },
                "north": {
                  "uv": [
                    116.2,
                    0
                  ],
                  "uv_size": [
                    3.8,
                    13.8
                  ]
                },
                "south": {
                  "uv": [
                    124.2,
                    0
                  ],
                  "uv_size": [
                    3.8,
                    13.8
                  ]
                },
                "up": {
                  "uv": [
                    93.2,
                    19
                  ],
                  "uv_size": [
                    3.8,
                    3.8
                  ]
                },
                "west": {
                  "uv": [
                    120.2,
                    0
                  ],
                  "uv_size": [
                    3.8,
                    13.8
                  ]
                }
              }
            },
            {
              "inflate": 0.2,
              "origin": [
                -4.45702,
                -9.06361,
                11.63409
              ],
              "size": [
                5.98,
                4.53,
                1.63
              ],
              "uv": {
                "down": {
                  "uv": [
                    73.1,
                    21.9
                  ],
                  "uv_size": [
                    3.8,
                    -0.8
                  ]
                },
                "east": {
                  "uv": [
                    68.1,
                    22.1
                  ],
                  "uv_size": [
                    0.8,
                    2.8
                  ]
                },
                "north": {
                  "uv": [
                    69.1,
                    22.1
                  ],
                  "uv_size": [
                    3.8,
                    2.8
                  ]
                },
                "south": {
                  "uv": [
                    74.1,
                    22.1
                  ],
                  "uv_size": [
                    3.8,
                    2.8
                  ]
                },
                "up": {
                  "uv": [
                    69.1,
                    21.1
                  ],
                  "uv_size": [
                    3.8,
                    0.8
                  ]
                },
                "west": {
                  "uv": [
                    73.1,
                    22.1
                  ],
                  "uv_size": [
                    0.8,
                    2.8
                  ]
                }
              }
            }
          ],
          "name": "rightLeg",
          "parent": "NPC",
          "pivot": [
            -0.42547,
            1.1278,
            8.34294
          ],
          "rotation": [
            -91.46888,
            25.42397,
            178.27778
          ]
        },
        {
          "cubes": [
            {
              "origin": [
                -1.43298,
                -17.67361,
                7.37409
              ],
              "size": [
                5.8,
                18.3,
                5.8
              ],
              "uv": {
                "down": {
                  "uv": [
                    65.9,
                    15.9
                  ],
                  "uv_size": [
                    -3.8,
                    -3.8
                  ]
                },
                "east": {
                  "uv": [
                    54.9,
                    80
                  ],
                  "uv_size": [
                    -3.8,
                    10
                  ]
                },
                "north": {
                  "uv": [
                    50.9,
                    80
                  ],
                  "uv_size": [
                    -3.8,
                    10
                  ]
                },
                "south": {
                  "uv": [
                    58.9,
                    80
                  ],
                  "uv_size": [
                    -3.8,
                    10
                  ]
                },
                "up": {
                  "uv": [
                    7.9,
                    21.1
                  ],
                  "uv_size": [
                    -3.8,
                    3.8
                  ]
                },
                "west": {
                  "uv": [
                    51.2,
                    80
                  ],
                  "uv_size": [
                    3.8,
                    10
                  ]
                }
              }
            },
            {
              "origin": [
                -1.43298,
                -21.97361,
                7.37409
              ],
              "size": [
                5.8,
                4.3,
                7.8
              ],
              "uv": {
                "down": {
                  "uv": [
                    58.9,
                    96.9
                  ],
                  "uv_size": [
                    -3.8,
                    -3.8
                  ]
                },
                "east": {
                  "uv": [
                    58.9,
                    97
                  ],
                  "uv_size": [
                    -3.8,
                    2
                  ]
                },
                "north": {
                  "uv": [
                    50.9,
                    97
                  ],
                  "uv_size": [
                    -3.8,
                    2
                  ]
                },
                "south": {
                  "uv": [
                    62.9,
                    97
                  ],
                  "uv_size": [
                    -3.8,
                    2
                  ]
                },
                "up": {
                  "uv": [
                    54.9,
                    93.1
                  ],
                  "uv_size": [
                    -3.8,
                    3.8
                  ]
                },
                "west": {
                  "uv": [
                    55.2,
                    97
                  ],
                  "uv_size": [
                    3.8,
                    2
                  ]
                }
              }
            },
            {
              "inflate": 0.2,
              "origin": [
                -1.52298,
                -9.06361,
                11.63409
              ],
              "size": [
                5.98,
                4.53,
                1.63
              ],
              "uv": {
                "down": {
                  "uv": [
                    76.9,
                    21.9
                  ],
                  "uv_size": [
                    -3.8,
                    -0.8
                  ]
                },
                "east": {
                  "uv": [
                    73.9,
                    22.1
                  ],
                  "uv_size": [
                    -0.8,
                    2.8
                  ]
                },
                "north": {
                  "uv": [
                    72.9,
                    22.1
                  ],
                  "uv_size": [
                    -3.8,
                    2.8
                  ]
                },
                "south": {
                  "uv": [
                    77.9,
                    22.1
                  ],
                  "uv_size": [
                    -3.8,
                    2.8
                  ]
                },
                "up": {
                  "uv": [
                    72.9,
                    21.1
                  ],
                  "uv_size": [
                    -3.8,
                    0.8
                  ]
                },
                "west": {
                  "uv": [
                    68.9,
                    22.1
                  ],
                  "uv_size": [
                    -0.8,
                    2.8
                  ]
                }
              }
            }
          ],
          "name": "leftLeg",
          "parent": "NPC",
          "pivot": [
            0.42547,
            1.1278,
            8.34294
          ],
          "rotation": [
            -91.46888,
            -25.42397,
            -178.27778
          ]
        }
      ],
      "description": {
        "identifier": "geometry.cubecraft.npc.blockwars.giga",
        "texture_height": 128,
        "texture_width": 128,
        "visible_bounds_height": 6,
        "visible_bounds_offset": [
          0,
          1,
          0
        ],
        "visible_bounds_width": 5
      }
    }
  ]
}