{
  "format_version": "1.12.0",
  "minecraft:geometry": [
    {
      "bones": [
        {
          "cubes": [
            {
              "mirror": false,
              "origin": [
                -4.2,
                23.5,
                -3.5
              ],
              "pivot": [
                -0.2,
                27.48,
                1
              ],
              "rotation": [
                -20,
                -15,
                0
              ],
              "size": [
                8,
                8,
                8
              ],
              "uv": [
                0,
                0
              ]
            },
            {
              "inflate": 0.3,
              "mirror": false,
              "origin": [
                -4.2,
                29.3,
                -3.5
              ],
              "pivot": [
                -0.2,
                27.48,
                1
              ],
              "rotation": [
                -20,
                -15,
                0
              ],
              "size": [
                8,
                3,
                8
              ],
              "uv": [
                0,
                16
              ]
            },
            {
              "mirror": false,
              "origin": [
                2.95,
                25.3,
                0.5
              ],
              "pivot": [
                -0.2,
                27.48,
                1
              ],
              "rotation": [
                -20,
                -15,
                0
              ],
              "size": [
                1,
                4,
                1
              ],
              "uv": [
                4,
                0
              ]
            },
            {
              "mirror": false,
              "origin": [
                -4.35,
                25.3,
                0.5
              ],
              "pivot": [
                -0.2,
                27.48,
                1
              ],
              "rotation": [
                -20,
                -15,
                0
              ],
              "size": [
                1,
                4,
                1
              ],
              "uv": [
                0,
                0
              ]
            },
            {
              "inflate": 0.3,
              "mirror": false,
              "origin": [
                -4.2,
                23.5,
                -0.5
              ],
              "pivot": [
                -0.2,
                27.48,
                1
              ],
              "rotation": [
                -20,
                -15,
                0
              ],
              "size": [
                8,
                2,
                5
              ],
              "uv": [
                27,
                11
              ]
            }
          ],
          "mirror": true,
          "name": "head",
          "pivot": [
            0,
            24,
            0
          ]
        },
        {
          "cubes": [
            {
              "inflate": 0.4,
              "mirror": false,
              "origin": [
                -4,
                11.3,
                -2.5
              ],
              "size": [
                8,
                4.5,
                4.5
              ],
              "uv": [
                42,
                0
              ]
            },
            {
              "inflate": 0.4,
              "mirror": false,
              "origin": [
                -4,
                16.1,
                -2
              ],
              "pivot": [
                0,
                19.7,
                0.5
              ],
              "rotation": [
                -7.5,
                0,
                0
              ],
              "size": [
                8,
                7.1,
                4.5
              ],
              "uv": [
                0,
                37
              ]
            },
            {
              "inflate": 0.4,
              "mirror": false,
              "origin": [
                -3,
                13.2,
                2.2
              ],
              "size": [
                6,
                12,
                4
              ],
              "uv": [
                30,
                32
              ]
            },
            {
              "mirror": false,
              "origin": [
                -3,
                13.2,
                6.45
              ],
              "size": [
                6,
                5,
                1
              ],
              "uv": [
                58,
                21
              ]
            }
          ],
          "mirror": true,
          "name": "body",
          "pivot": [
            0,
            24,
            0
          ]
        },
        {
          "cubes": [
            {
              "inflate": 0.2,
              "mirror": false,
              "origin": [
                -6.00158,
                17.08362,
                0.54567
              ],
              "pivot": [
                -4.12105,
                19.47403,
                2.72842
              ],
              "rotation": [
                74.72532,
                -60.05474,
                -109.22759
              ],
              "size": [
                3.5,
                2.6,
                3.7
              ],
              "uv": [
                61,
                8
              ]
            },
            {
              "inflate": 0.2,
              "mirror": false,
              "origin": [
                -4.42071,
                14.62073,
                1.64663
              ],
              "pivot": [
                -2.43157,
                16.94653,
                4.51599
              ],
              "rotation": [
                52.22532,
                -60.05474,
                -109.22759
              ],
              "size": [
                3.5,
                3.6,
                3.7
              ],
              "uv": [
                0,
                58
              ]
            },
            {
              "inflate": 0.2,
              "mirror": false,
              "origin": [
                -7.19922,
                18.29203,
                -2.81141
              ],
              "pivot": [
                -6.09126,
                19.14003,
                1.43069
              ],
              "rotation": [
                89.72532,
                -60.05474,
                -109.22759
              ],
              "size": [
                4,
                5,
                4
              ],
              "uv": [
                16,
                48
              ]
            }
          ],
          "mirror": true,
          "name": "leftArm",
          "pivot": [
            -5.5,
            24.25,
            -0.15
          ],
          "rotation": [
            -35,
            0,
            35
          ]
        },
        {
          "cubes": [
            {
              "origin": [
                -8.52882,
                -1.36646,
                11.68629
              ],
              "pivot": [
                -0.08102,
                22.54461,
                5.99714
              ],
              "rotation": [
                1.65556,
                -26.69074,
                1.65993
              ],
              "size": [
                1,
                34,
                1
              ],
              "uv": [
                28,
                57
              ]
            },
            {
              "origin": [
                -13.33505,
                22.0401,
                12.51027
              ],
              "pivot": [
                0.41898,
                22.54461,
                6.24714
              ],
              "rotation": [
                1.65556,
                -26.69074,
                1.65993
              ],
              "size": [
                6,
                10,
                0
              ],
              "uv": [
                0,
                27
              ]
            },
            {
              "origin": [
                -18.19769,
                20.83626,
                12.52574
              ],
              "pivot": [
                0.41898,
                22.54461,
                6.24714
              ],
              "rotation": [
                1.65556,
                -26.69074,
                1.65993
              ],
              "size": [
                5,
                10,
                0
              ],
              "uv": [
                0,
                27
              ]
            },
            {
              "origin": [
                -20.88026,
                19.39304,
                12.55203
              ],
              "pivot": [
                0.41898,
                22.54461,
                6.24714
              ],
              "rotation": [
                1.65556,
                -26.69074,
                1.65993
              ],
              "size": [
                3,
                10,
                0
              ],
              "uv": [
                0,
                27
              ]
            },
            {
              "origin": [
                8.37081,
                0.32219,
                2.52768
              ],
              "pivot": [
                0.91898,
                22.54461,
                6.74714
              ],
              "rotation": [
                2.79614,
                -27.85591,
                -0.8287
              ],
              "size": [
                1,
                33,
                1
              ],
              "uv": [
                48,
                56
              ]
            },
            {
              "origin": [
                -14.93058,
                22.51737,
                2.8657
              ],
              "pivot": [
                0.41898,
                22.54461,
                6.24714
              ],
              "rotation": [
                177.586,
                -8.95123,
                -179.39062
              ],
              "size": [
                6,
                10,
                1
              ],
              "uv": [
                4,
                69
              ]
            },
            {
              "origin": [
                -19.79322,
                21.31353,
                2.88117
              ],
              "pivot": [
                0.41898,
                22.54461,
                6.24714
              ],
              "rotation": [
                177.586,
                -8.95123,
                -179.39062
              ],
              "size": [
                5,
                10,
                1
              ],
              "uv": [
                15,
                81
              ]
            },
            {
              "origin": [
                -22.47578,
                19.87031,
                2.90746
              ],
              "pivot": [
                0.41898,
                22.54461,
                6.24714
              ],
              "rotation": [
                177.586,
                -8.95123,
                -179.39062
              ],
              "size": [
                3,
                10,
                1
              ],
              "uv": [
                3,
                94
              ]
            }
          ],
          "name": "Flags",
          "pivot": [
            7.6119,
            36.26875,
            -4.61021
          ]
        },
        {
          "cubes": [
            {
              "origin": [
                3.75418,
                -1.53337,
                -9.64643
              ],
              "pivot": [
                4.8245,
                1.58666,
                -6.44197
              ],
              "rotation": [
                9.06425,
                -39.25869,
                -101.0204
              ],
              "size": [
                1,
                8,
                1
              ],
              "uv": [
                99,
                22
              ]
            },
            {
              "origin": [
                5.71611,
                -1.48341,
                -9.12637
              ],
              "pivot": [
                4.8245,
                1.58666,
                -6.44197
              ],
              "rotation": [
                7.06038,
                -4.56953,
                -95.36077
              ],
              "size": [
                1,
                8,
                7
              ],
              "uv": [
                92,
                6
              ]
            },
            {
              "origin": [
                4.28423,
                4.96729,
                -9.09459
              ],
              "pivot": [
                4.8245,
                1.58666,
                -6.44197
              ],
              "rotation": [
                7.71581,
                -3.46773,
                -112.60058
              ],
              "size": [
                3,
                1,
                7
              ],
              "uv": [
                92,
                6
              ]
            },
            {
              "origin": [
                7.29901,
                -1.30906,
                -9.37187
              ],
              "pivot": [
                4.8245,
                1.58666,
                -6.44197
              ],
              "rotation": [
                3.59148,
                -6.84224,
                -50.66794
              ],
              "size": [
                1,
                2,
                7
              ],
              "uv": [
                92,
                6
              ]
            },
            {
              "origin": [
                7.79998,
                1.4523,
                -9.40477
              ],
              "pivot": [
                4.8245,
                1.58666,
                -6.44197
              ],
              "rotation": [
                1.52391,
                -7.49044,
                -0.2197
              ],
              "size": [
                1,
                2,
                7
              ],
              "uv": [
                92,
                6
              ]
            },
            {
              "origin": [
                0.41407,
                -0.41433,
                -9.41111
              ],
              "pivot": [
                4.8245,
                1.58666,
                -6.44197
              ],
              "rotation": [
                1.94001,
                -7.03465,
                -5.23437
              ],
              "size": [
                8,
                3.7,
                1
              ],
              "uv": [
                93,
                17
              ]
            },
            {
              "origin": [
                0.41407,
                -0.41433,
                -9.41111
              ],
              "pivot": [
                4.8245,
                1.58666,
                -6.44197
              ],
              "rotation": [
                1.94001,
                -7.03465,
                -5.23437
              ],
              "size": [
                8,
                1.7,
                7
              ],
              "uv": [
                95,
                32
              ]
            },
            {
              "origin": [
                0.54884,
                1.07926,
                -3.37924
              ],
              "pivot": [
                4.8245,
                1.58666,
                -6.44197
              ],
              "rotation": [
                1.94001,
                -7.03465,
                -5.23437
              ],
              "size": [
                8,
                1.7,
                1
              ],
              "uv": [
                95,
                32
              ]
            },
            {
              "origin": [
                1.34668,
                -1.16113,
                -8.42704
              ],
              "pivot": [
                4.8245,
                1.58666,
                -6.44197
              ],
              "rotation": [
                1.94001,
                -7.03465,
                -5.23437
              ],
              "size": [
                6,
                1.7,
                5
              ],
              "uv": [
                95,
                32
              ]
            },
            {
              "origin": [
                2.20865,
                -0.19767,
                -9.79916
              ],
              "pivot": [
                4.8245,
                1.58666,
                -6.44197
              ],
              "rotation": [
                11.94001,
                -7.03465,
                -5.23437
              ],
              "size": [
                6,
                3,
                1
              ],
              "uv": [
                93,
                17
              ]
            }
          ],
          "name": "Static",
          "pivot": [
            7.79975,
            3.35727,
            -11.55168
          ]
        },
        {
          "cubes": [
            {
              "inflate": 0.2,
              "mirror": false,
              "origin": [
                -3.45951,
                3.34492,
                -2.06062
              ],
              "pivot": [
                -2.0123,
                2.83149,
                -0.25036
              ],
              "rotation": [
                0,
                0,
                -2.5
              ],
              "size": [
                3.4,
                3,
                4
              ],
              "uv": [
                54,
                14
              ]
            },
            {
              "inflate": 0.2,
              "mirror": false,
              "origin": [
                -3.7,
                6.5,
                -1.8
              ],
              "pivot": [
                -2,
                9.5,
                -0.1
              ],
              "rotation": [
                -5,
                0,
                0
              ],
              "size": [
                3.4,
                6,
                4
              ],
              "uv": [
                0,
                48
              ]
            },
            {
              "mirror": false,
              "origin": [
                -3.75951,
                1.34492,
                -2.06062
              ],
              "pivot": [
                -2.0123,
                2.83149,
                -0.25036
              ],
              "rotation": [
                0,
                0,
                -2.5
              ],
              "size": [
                4,
                2,
                4
              ],
              "uv": [
                52,
                56
              ]
            },
            {
              "inflate": 0.2,
              "mirror": false,
              "origin": [
                -3.85734,
                0.62566,
                -3.12051
              ],
              "pivot": [
                -2.0123,
                2.83149,
                -0.25036
              ],
              "rotation": [
                0,
                0,
                -2.5
              ],
              "size": [
                4,
                1,
                5
              ],
              "uv": [
                48,
                8
              ]
            },
            {
              "mirror": false,
              "origin": [
                -4.35734,
                0.42566,
                -6.12051
              ],
              "pivot": [
                -2.0123,
                2.83149,
                -0.25036
              ],
              "rotation": [
                0,
                0,
                -2.5
              ],
              "size": [
                5,
                0,
                11
              ],
              "uv": [
                21,
                0
              ]
            }
          ],
          "mirror": true,
          "name": "leftLeg",
          "pivot": [
            -2,
            12.5,
            -0.1
          ],
          "rotation": [
            5,
            0,
            10
          ]
        },
        {
          "cubes": [
            {
              "inflate": 0.2,
              "mirror": false,
              "origin": [
                -0.04245,
                5.23047,
                -2.91701
              ],
              "pivot": [
                1.6848,
                2.32115,
                -0.78869
              ],
              "rotation": [
                17.5,
                0,
                0
              ],
              "size": [
                3.4,
                3,
                4
              ],
              "uv": [
                32,
                52
              ]
            },
            {
              "inflate": 0.2,
              "mirror": false,
              "origin": [
                -0.24463,
                2.51122,
                -3.97691
              ],
              "pivot": [
                1.6848,
                2.32115,
                -0.78869
              ],
              "rotation": [
                17.5,
                0,
                0
              ],
              "size": [
                4,
                1,
                5
              ],
              "uv": [
                50,
                37
              ]
            },
            {
              "mirror": false,
              "origin": [
                -0.74463,
                2.31122,
                -6.97691
              ],
              "pivot": [
                1.6848,
                2.32115,
                -0.78869
              ],
              "rotation": [
                17.5,
                0,
                0
              ],
              "size": [
                5,
                0,
                11
              ],
              "uv": [
                21,
                21
              ]
            },
            {
              "mirror": false,
              "origin": [
                -0.34245,
                3.23047,
                -2.91701
              ],
              "pivot": [
                1.6848,
                2.32115,
                -0.78869
              ],
              "rotation": [
                17.5,
                0,
                0
              ],
              "size": [
                4,
                2,
                4
              ],
              "uv": [
                12,
                57
              ]
            },
            {
              "inflate": 0.2,
              "mirror": false,
              "origin": [
                -0.01586,
                4.72241,
                -2.80766
              ],
              "pivot": [
                1.85779,
                8.38773,
                -0.08159
              ],
              "rotation": [
                -42.5,
                0,
                0
              ],
              "size": [
                3.4,
                6,
                4
              ],
              "uv": [
                46,
                46
              ]
            }
          ],
          "mirror": true,
          "name": "rightLeg",
          "pivot": [
            2.11738,
            11.26834,
            -0.3015
          ],
          "rotation": [
            -22.5,
            -10,
            -5
          ]
        },
        {
          "cubes": [
            {
              "inflate": 0.2,
              "mirror": false,
              "origin": [
                6.43085,
                1.81309,
                -1.84742
              ],
              "pivot": [
                5.73505,
                16.64044,
                -1.20097
              ],
              "rotation": [
                1.23273,
                -14.80253,
                -148.62226
              ],
              "size": [
                3.8,
                5,
                3.2
              ],
              "uv": [
                50,
                28
              ]
            },
            {
              "inflate": 0.2,
              "mirror": false,
              "origin": [
                6.41815,
                6.74596,
                -4.25328
              ],
              "pivot": [
                5.73505,
                16.64044,
                -1.20097
              ],
              "rotation": [
                16.23273,
                -14.80253,
                -148.62226
              ],
              "size": [
                3.8,
                2.1,
                3
              ],
              "uv": [
                58,
                43
              ]
            },
            {
              "inflate": 0.2,
              "mirror": false,
              "origin": [
                3.65673,
                19.82118,
                -1.68104
              ],
              "pivot": [
                6.43397,
                21.0548,
                -0.20621
              ],
              "rotation": [
                1.3378,
                14.94159,
                32.67544
              ],
              "size": [
                4,
                6,
                4
              ],
              "uv": [
                42,
                18
              ]
            }
          ],
          "mirror": true,
          "name": "rightArm",
          "pivot": [
            5.5,
            24.25,
            -0.15
          ],
          "rotation": [
            20,
            0,
            -12.5
          ]
        }
      ],
      "description": {
        "identifier": "geometry.cubecraft.npc.colonycontrol",
        "texture_height": 128,
        "texture_width": 128,
        "visible_bounds_height": 3.5,
        "visible_bounds_offset": [
          0,
          1.25,
          0
        ],
        "visible_bounds_width": 4
      }
    }
  ]
}