{
  "format_version": "1.12.0",
  "minecraft:geometry": [
    {
      "bones": [
        {
          "cubes": [
            {
              "inflate": 0.2,
              "origin": [
                -3.76161,
                18.83523,
                -5.66236
              ],
              "pivot": [
                0.23839,
                17.83523,
                -3.96236
              ],
              "rotation": [
                -25,
                0,
                0
              ],
              "size": [
                8,
                6,
                2
              ],
              "uv": {
                "down": {
                  "uv": [
                    92.1,
                    74.9
                  ],
                  "uv_size": [
                    7.8,
                    -1.8
                  ]
                },
                "east": {
                  "uv": [
                    82.1,
                    75.1
                  ],
                  "uv_size": [
                    1.8,
                    2.8
                  ]
                },
                "north": {
                  "uv": [
                    84.1,
                    75.1
                  ],
                  "uv_size": [
                    7.8,
                    2.8
                  ]
                },
                "south": {
                  "uv": [
                    94.1,
                    75.1
                  ],
                  "uv_size": [
                    7.8,
                    2.8
                  ]
                },
                "up": {
                  "uv": [
                    84.1,
                    73.1
                  ],
                  "uv_size": [
                    7.8,
                    1.8
                  ]
                },
                "west": {
                  "uv": [
                    92.1,
                    75.1
                  ],
                  "uv_size": [
                    1.8,
                    2.8
                  ]
                }
              }
            },
            {
              "origin": [
                -3.76161,
                21.83523,
                -3.96236
              ],
              "size": [
                8,
                7,
                8
              ],
              "uv": {
                "down": {
                  "uv": [
                    16.1,
                    20.9
                  ],
                  "uv_size": [
                    7.8,
                    -7.8
                  ]
                },
                "east": {
                  "uv": [
                    0.1,
                    21.1
                  ],
                  "uv_size": [
                    7.8,
                    6.8
                  ]
                },
                "north": {
                  "uv": [
                    8.1,
                    21.1
                  ],
                  "uv_size": [
                    7.8,
                    6.8
                  ]
                },
                "south": {
                  "uv": [
                    24.1,
                    21.1
                  ],
                  "uv_size": [
                    7.8,
                    6.8
                  ]
                },
                "up": {
                  "uv": [
                    8.1,
                    13.1
                  ],
                  "uv_size": [
                    7.8,
                    7.8
                  ]
                },
                "west": {
                  "uv": [
                    16.1,
                    21.1
                  ],
                  "uv_size": [
                    7.8,
                    6.8
                  ]
                }
              }
            },
            {
              "inflate": -0.2,
              "origin": [
                4.48839,
                21.93523,
                -0.26236
              ],
              "pivot": [
                5.48839,
                23.43523,
                -0.96236
              ],
              "rotation": [
                -40,
                -55,
                60
              ],
              "size": [
                2,
                3,
                1
              ],
              "uv": {
                "down": {
                  "uv": [
                    55.1,
                    62.9
                  ],
                  "uv_size": [
                    1.8,
                    -0.8
                  ]
                },
                "east": {
                  "uv": [
                    52.1,
                    63.1
                  ],
                  "uv_size": [
                    0.8,
                    2.8
                  ]
                },
                "north": {
                  "uv": [
                    53.1,
                    63.1
                  ],
                  "uv_size": [
                    1.8,
                    2.8
                  ]
                },
                "south": {
                  "uv": [
                    56.1,
                    63.1
                  ],
                  "uv_size": [
                    1.8,
                    2.8
                  ]
                },
                "up": {
                  "uv": [
                    53.1,
                    62.1
                  ],
                  "uv_size": [
                    1.8,
                    0.8
                  ]
                },
                "west": {
                  "uv": [
                    55.1,
                    63.1
                  ],
                  "uv_size": [
                    0.8,
                    2.8
                  ]
                }
              }
            },
            {
              "inflate": -0.2,
              "origin": [
                -6.01161,
                21.93523,
                -0.26236
              ],
              "pivot": [
                -5.01161,
                23.43523,
                -0.96236
              ],
              "rotation": [
                -40,
                55,
                -60
              ],
              "size": [
                2,
                3,
                1
              ],
              "uv": {
                "down": {
                  "uv": [
                    43.1,
                    56.9
                  ],
                  "uv_size": [
                    1.8,
                    -0.8
                  ]
                },
                "east": {
                  "uv": [
                    40.1,
                    57.1
                  ],
                  "uv_size": [
                    0.8,
                    2.8
                  ]
                },
                "north": {
                  "uv": [
                    41.1,
                    57.1
                  ],
                  "uv_size": [
                    1.8,
                    2.8
                  ]
                },
                "south": {
                  "uv": [
                    44.1,
                    57.1
                  ],
                  "uv_size": [
                    1.8,
                    2.8
                  ]
                },
                "up": {
                  "uv": [
                    41.1,
                    56.1
                  ],
                  "uv_size": [
                    1.8,
                    0.8
                  ]
                },
                "west": {
                  "uv": [
                    43.1,
                    57.1
                  ],
                  "uv_size": [
                    0.8,
                    2.8
                  ]
                }
              }
            },
            {
              "inflate": -0.1,
              "origin": [
                -0.76161,
                21.93523,
                -5.46236
              ],
              "pivot": [
                0.23839,
                23.93523,
                -3.46236
              ],
              "rotation": [
                10,
                0,
                0
              ],
              "size": [
                2,
                2,
                3
              ],
              "uv": {
                "down": {
                  "uv": [
                    73.1,
                    12.9
                  ],
                  "uv_size": [
                    1.8,
                    -2.8
                  ]
                },
                "east": {
                  "uv": [
                    68.1,
                    13.1
                  ],
                  "uv_size": [
                    2.8,
                    1.8
                  ]
                },
                "north": {
                  "uv": [
                    71.1,
                    13.1
                  ],
                  "uv_size": [
                    1.8,
                    1.8
                  ]
                },
                "south": {
                  "uv": [
                    76.1,
                    13.1
                  ],
                  "uv_size": [
                    1.8,
                    1.8
                  ]
                },
                "up": {
                  "uv": [
                    71.1,
                    10.1
                  ],
                  "uv_size": [
                    1.8,
                    2.8
                  ]
                },
                "west": {
                  "uv": [
                    73.1,
                    13.1
                  ],
                  "uv_size": [
                    2.8,
                    1.8
                  ]
                }
              }
            },
            {
              "inflate": 0.4,
              "origin": [
                -3.76161,
                26.03523,
                -4.06236
              ],
              "pivot": [
                0.23839,
                27.25456,
                -0.86236
              ],
              "rotation": [
                -5,
                0,
                5
              ],
              "size": [
                8,
                8,
                8
              ],
              "uv": {
                "down": {
                  "uv": [
                    16.1,
                    39.9
                  ],
                  "uv_size": [
                    7.8,
                    -7.8
                  ]
                },
                "east": {
                  "uv": [
                    91.1,
                    80.1
                  ],
                  "uv_size": [
                    7.8,
                    8.8
                  ]
                },
                "north": {
                  "uv": [
                    99.1,
                    80.1
                  ],
                  "uv_size": [
                    7.8,
                    8.8
                  ]
                },
                "south": {
                  "uv": [
                    115.1,
                    80.1
                  ],
                  "uv_size": [
                    7.8,
                    8.8
                  ]
                },
                "up": {
                  "uv": [
                    8.1,
                    32.1
                  ],
                  "uv_size": [
                    7.8,
                    7.8
                  ]
                },
                "west": {
                  "uv": [
                    107.1,
                    80.1
                  ],
                  "uv_size": [
                    7.8,
                    8.8
                  ]
                }
              }
            },
            {
              "inflate": 0.3,
              "origin": [
                -4.62182,
                30.0565,
                -3.98875
              ],
              "pivot": [
                -3.46161,
                32.49594,
                -4.03352
              ],
              "rotation": [
                8.61521,
                34.1567,
                24.05902
              ],
              "size": [
                3,
                3,
                1
              ],
              "uv": {
                "down": {
                  "uv": [
                    5.1,
                    72.9
                  ],
                  "uv_size": [
                    2.8,
                    -0.8
                  ]
                },
                "east": {
                  "uv": [
                    1.1,
                    73.1
                  ],
                  "uv_size": [
                    0.8,
                    2.8
                  ]
                },
                "north": {
                  "uv": [
                    2.1,
                    73.1
                  ],
                  "uv_size": [
                    2.8,
                    2.8
                  ]
                },
                "south": {
                  "uv": [
                    6.1,
                    73.1
                  ],
                  "uv_size": [
                    2.8,
                    2.8
                  ]
                },
                "up": {
                  "uv": [
                    2.1,
                    72.1
                  ],
                  "uv_size": [
                    2.8,
                    0.8
                  ]
                },
                "west": {
                  "uv": [
                    5.1,
                    73.1
                  ],
                  "uv_size": [
                    0.8,
                    2.8
                  ]
                }
              }
            },
            {
              "inflate": -0.2,
              "origin": [
                -1.76161,
                26.80569,
                -5.00203
              ],
              "pivot": [
                0.23839,
                28.10569,
                -4.50203
              ],
              "rotation": [
                -5,
                0,
                5
              ],
              "size": [
                4,
                3,
                1
              ],
              "uv": {
                "down": {
                  "uv": [
                    120.1,
                    119.9
                  ],
                  "uv_size": [
                    3.8,
                    -0.8
                  ]
                },
                "east": {
                  "uv": [
                    115.1,
                    120.1
                  ],
                  "uv_size": [
                    0.8,
                    0.8
                  ]
                },
                "north": {
                  "uv": [
                    15.1,
                    73.1
                  ],
                  "uv_size": [
                    7.8,
                    5.8
                  ]
                },
                "south": {
                  "uv": [
                    121.1,
                    120.1
                  ],
                  "uv_size": [
                    3.8,
                    0.8
                  ]
                },
                "up": {
                  "uv": [
                    116.1,
                    119.1
                  ],
                  "uv_size": [
                    3.8,
                    0.8
                  ]
                },
                "west": {
                  "uv": [
                    120.1,
                    120.1
                  ],
                  "uv_size": [
                    0.8,
                    0.8
                  ]
                }
              }
            },
            {
              "inflate": 0.2,
              "origin": [
                -5.76161,
                25.53523,
                -6.06236
              ],
              "pivot": [
                0.23839,
                27.25456,
                -0.86236
              ],
              "rotation": [
                -5,
                0,
                5
              ],
              "size": [
                12,
                1,
                12
              ],
              "uv": {
                "down": {
                  "uv": [
                    24.1,
                    11.9
                  ],
                  "uv_size": [
                    11.8,
                    -11.8
                  ]
                },
                "east": {
                  "uv": [
                    0.1,
                    12.1
                  ],
                  "uv_size": [
                    11.8,
                    0.8
                  ]
                },
                "north": {
                  "uv": [
                    12.1,
                    12.1
                  ],
                  "uv_size": [
                    11.8,
                    0.8
                  ]
                },
                "south": {
                  "uv": [
                    36.1,
                    12.1
                  ],
                  "uv_size": [
                    11.8,
                    0.8
                  ]
                },
                "up": {
                  "uv": [
                    12.1,
                    0.1
                  ],
                  "uv_size": [
                    11.8,
                    11.8
                  ]
                },
                "west": {
                  "uv": [
                    24.1,
                    12.1
                  ],
                  "uv_size": [
                    11.8,
                    0.8
                  ]
                }
              }
            }
          ],
          "name": "head",
          "pivot": [
            -0.02509,
            22.05213,
            -0.5905
          ],
          "rotation": [
            1.84429,
            12.78231,
            -1.4302
          ]
        },
        {
          "cubes": [
            {
              "origin": [
                -4,
                10,
                -2
              ],
              "size": [
                8,
                12,
                4
              ],
              "uv": {
                "down": {
                  "uv": [
                    40.1,
                    43.9
                  ],
                  "uv_size": [
                    7.8,
                    -3.8
                  ]
                },
                "east": {
                  "uv": [
                    43.9,
                    44.1
                  ],
                  "uv_size": [
                    -3.8,
                    11.8
                  ]
                },
                "north": {
                  "uv": [
                    32.1,
                    44.1
                  ],
                  "uv_size": [
                    7.8,
                    11.8
                  ]
                },
                "south": {
                  "uv": [
                    44.1,
                    44.1
                  ],
                  "uv_size": [
                    7.8,
                    11.8
                  ]
                },
                "up": {
                  "uv": [
                    32.1,
                    40.1
                  ],
                  "uv_size": [
                    7.8,
                    3.8
                  ]
                },
                "west": {
                  "uv": [
                    40.1,
                    44.1
                  ],
                  "uv_size": [
                    3.8,
                    11.8
                  ]
                }
              }
            }
          ],
          "name": "body",
          "pivot": [
            0,
            22,
            0
          ]
        },
        {
          "cubes": [
            {
              "origin": [
                -11.54113,
                8.96618,
                -13.42743
              ],
              "pivot": [
                -5.95953,
                11.35913,
                -6.95442
              ],
              "rotation": [
                2.43664,
                -31.71933,
                -94.4325
              ],
              "size": [
                12,
                0,
                12
              ],
              "uv": {
                "down": {
                  "uv": [
                    104.9,
                    128
                  ],
                  "uv_size": [
                    -3.8,
                    -2
                  ]
                },
                "east": {
                  "uv": [
                    101.1,
                    126
                  ],
                  "uv_size": [
                    3.8,
                    2
                  ]
                },
                "north": {
                  "uv": [
                    101.1,
                    126
                  ],
                  "uv_size": [
                    3.8,
                    2
                  ]
                },
                "south": {
                  "uv": [
                    101.1,
                    126
                  ],
                  "uv_size": [
                    3.8,
                    2
                  ]
                },
                "up": {
                  "uv": [
                    34.9,
                    119.9
                  ],
                  "uv_size": [
                    -31.8,
                    -31.8
                  ]
                },
                "west": {
                  "uv": [
                    101.1,
                    126
                  ],
                  "uv_size": [
                    3.8,
                    2
                  ]
                }
              }
            },
            {
              "origin": [
                -6.72425,
                9.64629,
                -1.07972
              ],
              "pivot": [
                -5.02434,
                15.71702,
                0.98555
              ],
              "rotation": [
                -17.1639,
                -2.64887,
                -10.45882
              ],
              "size": [
                4,
                2,
                4
              ],
              "uv": {
                "down": {
                  "uv": [
                    68.1,
                    63.9
                  ],
                  "uv_size": [
                    3.8,
                    -3.8
                  ]
                },
                "east": {
                  "uv": [
                    60.1,
                    64.1
                  ],
                  "uv_size": [
                    3.8,
                    1.8
                  ]
                },
                "north": {
                  "uv": [
                    64.1,
                    64.1
                  ],
                  "uv_size": [
                    3.8,
                    1.8
                  ]
                },
                "south": {
                  "uv": [
                    72.1,
                    64.1
                  ],
                  "uv_size": [
                    3.8,
                    1.8
                  ]
                },
                "up": {
                  "uv": [
                    64.1,
                    60.1
                  ],
                  "uv_size": [
                    3.8,
                    3.8
                  ]
                },
                "west": {
                  "uv": [
                    68.1,
                    64.1
                  ],
                  "uv_size": [
                    3.8,
                    1.8
                  ]
                }
              }
            },
            {
              "inflate": 0.1,
              "origin": [
                -6.76793,
                14.86441,
                -1.26171
              ],
              "size": [
                4,
                5,
                4
              ],
              "uv": {
                "down": {
                  "uv": [
                    56.1,
                    26.9
                  ],
                  "uv_size": [
                    3.8,
                    -3.8
                  ]
                },
                "east": {
                  "uv": [
                    48.1,
                    27.1
                  ],
                  "uv_size": [
                    3.8,
                    4.8
                  ]
                },
                "north": {
                  "uv": [
                    52.1,
                    27.1
                  ],
                  "uv_size": [
                    3.8,
                    4.8
                  ]
                },
                "south": {
                  "uv": [
                    60.1,
                    27.1
                  ],
                  "uv_size": [
                    3.8,
                    4.8
                  ]
                },
                "up": {
                  "uv": [
                    52.1,
                    23.1
                  ],
                  "uv_size": [
                    3.8,
                    3.8
                  ]
                },
                "west": {
                  "uv": [
                    56.1,
                    27.1
                  ],
                  "uv_size": [
                    3.8,
                    4.8
                  ]
                }
              }
            },
            {
              "inflate": 0.1,
              "origin": [
                -6.72425,
                11.59629,
                -1.07972
              ],
              "pivot": [
                -5.02434,
                15.71702,
                0.98555
              ],
              "rotation": [
                -17.1639,
                -2.64887,
                -10.45882
              ],
              "size": [
                4,
                4,
                4
              ],
              "uv": {
                "down": {
                  "uv": [
                    32.1,
                    16.9
                  ],
                  "uv_size": [
                    3.8,
                    -3.8
                  ]
                },
                "east": {
                  "uv": [
                    24.1,
                    17.1
                  ],
                  "uv_size": [
                    3.8,
                    3.8
                  ]
                },
                "north": {
                  "uv": [
                    28.1,
                    17.1
                  ],
                  "uv_size": [
                    3.8,
                    3.8
                  ]
                },
                "south": {
                  "uv": [
                    36.1,
                    17.1
                  ],
                  "uv_size": [
                    3.8,
                    3.8
                  ]
                },
                "up": {
                  "uv": [
                    28.1,
                    13.1
                  ],
                  "uv_size": [
                    3.8,
                    3.8
                  ]
                },
                "west": {
                  "uv": [
                    32.1,
                    17.1
                  ],
                  "uv_size": [
                    3.8,
                    3.8
                  ]
                }
              }
            }
          ],
          "name": "rightArm",
          "pivot": [
            -4.58158,
            18.40789,
            -0.63013
          ],
          "rotation": [
            18.63744,
            -16.70352,
            56.92525
          ]
        },
        {
          "cubes": [
            {
              "origin": [
                -0.16942,
                12.87947,
                -14.98047
              ],
              "pivot": [
                6.0952,
                11.60928,
                -6.15026
              ],
              "rotation": [
                -4.35921,
                31.10712,
                -86.58769
              ],
              "size": [
                16,
                0,
                16
              ],
              "uv": {
                "down": {
                  "uv": [
                    104.9,
                    128
                  ],
                  "uv_size": [
                    -3.8,
                    -2
                  ]
                },
                "east": {
                  "uv": [
                    101.1,
                    126
                  ],
                  "uv_size": [
                    3.8,
                    2
                  ]
                },
                "north": {
                  "uv": [
                    101.1,
                    126
                  ],
                  "uv_size": [
                    3.8,
                    2
                  ]
                },
                "south": {
                  "uv": [
                    101.1,
                    126
                  ],
                  "uv_size": [
                    3.8,
                    2
                  ]
                },
                "up": {
                  "uv": [
                    41.1,
                    121.9
                  ],
                  "uv_size": [
                    34.8,
                    -34.8
                  ]
                },
                "west": {
                  "uv": [
                    101.1,
                    126
                  ],
                  "uv_size": [
                    3.8,
                    2
                  ]
                }
              }
            },
            {
              "origin": [
                3.27427,
                9.00842,
                -1.3956
              ],
              "pivot": [
                5.69915,
                15.71638,
                1.04973
              ],
              "rotation": [
                -25,
                0,
                0
              ],
              "size": [
                4,
                2,
                4
              ],
              "uv": {
                "down": {
                  "uv": [
                    8.1,
                    67.9
                  ],
                  "uv_size": [
                    3.8,
                    -3.8
                  ]
                },
                "east": {
                  "uv": [
                    0.1,
                    68.1
                  ],
                  "uv_size": [
                    3.8,
                    1.8
                  ]
                },
                "north": {
                  "uv": [
                    4.1,
                    68.1
                  ],
                  "uv_size": [
                    3.8,
                    1.8
                  ]
                },
                "south": {
                  "uv": [
                    12.1,
                    68.1
                  ],
                  "uv_size": [
                    3.8,
                    1.8
                  ]
                },
                "up": {
                  "uv": [
                    4.1,
                    64.1
                  ],
                  "uv_size": [
                    3.8,
                    3.8
                  ]
                },
                "west": {
                  "uv": [
                    8.1,
                    68.1
                  ],
                  "uv_size": [
                    3.8,
                    1.8
                  ]
                }
              }
            },
            {
              "inflate": 0.1,
              "origin": [
                3.46582,
                14.07704,
                -1.87306
              ],
              "size": [
                4,
                6,
                4
              ],
              "uv": {
                "down": {
                  "uv": [
                    56.1,
                    55.9
                  ],
                  "uv_size": [
                    3.8,
                    -3.8
                  ]
                },
                "east": {
                  "uv": [
                    48.1,
                    56.1
                  ],
                  "uv_size": [
                    3.8,
                    5.8
                  ]
                },
                "north": {
                  "uv": [
                    52.1,
                    56.1
                  ],
                  "uv_size": [
                    3.8,
                    5.8
                  ]
                },
                "south": {
                  "uv": [
                    60.1,
                    56.1
                  ],
                  "uv_size": [
                    3.8,
                    5.8
                  ]
                },
                "up": {
                  "uv": [
                    52.1,
                    52.1
                  ],
                  "uv_size": [
                    3.8,
                    3.8
                  ]
                },
                "west": {
                  "uv": [
                    56.1,
                    56.1
                  ],
                  "uv_size": [
                    3.8,
                    5.8
                  ]
                }
              }
            },
            {
              "inflate": 0.1,
              "origin": [
                3.32427,
                11.00842,
                -1.3956
              ],
              "pivot": [
                5.69915,
                15.71638,
                1.04973
              ],
              "rotation": [
                -25,
                0,
                0
              ],
              "size": [
                4,
                4,
                4
              ],
              "uv": {
                "down": {
                  "uv": [
                    60.1,
                    39.9
                  ],
                  "uv_size": [
                    3.8,
                    -3.8
                  ]
                },
                "east": {
                  "uv": [
                    52.1,
                    40.1
                  ],
                  "uv_size": [
                    3.8,
                    3.8
                  ]
                },
                "north": {
                  "uv": [
                    56.1,
                    40.1
                  ],
                  "uv_size": [
                    3.8,
                    3.8
                  ]
                },
                "south": {
                  "uv": [
                    64.1,
                    40.1
                  ],
                  "uv_size": [
                    3.8,
                    3.8
                  ]
                },
                "up": {
                  "uv": [
                    56.1,
                    36.1
                  ],
                  "uv_size": [
                    3.8,
                    3.8
                  ]
                },
                "west": {
                  "uv": [
                    60.1,
                    40.1
                  ],
                  "uv_size": [
                    3.8,
                    3.8
                  ]
                }
              }
            }
          ],
          "name": "leftArm",
          "pivot": [
            5.71621,
            18.88386,
            0.74772
          ],
          "rotation": [
            -36.03988,
            -31.25602,
            -9.13358
          ]
        },
        {
          "cubes": [
            {
              "origin": [
                -4.43988,
                1.91524,
                -1.50132
              ],
              "pivot": [
                1.932,
                5.93059,
                0.0794
              ],
              "rotation": [
                2.5,
                0,
                2.5
              ],
              "size": [
                4,
                8,
                4
              ],
              "uv": {
                "down": {
                  "uv": [
                    60.1,
                    47.9
                  ],
                  "uv_size": [
                    3.8,
                    -3.8
                  ]
                },
                "east": {
                  "uv": [
                    98.1,
                    89.1
                  ],
                  "uv_size": [
                    3.8,
                    6.8
                  ]
                },
                "north": {
                  "uv": [
                    102.1,
                    89.1
                  ],
                  "uv_size": [
                    3.8,
                    6.8
                  ]
                },
                "south": {
                  "uv": [
                    110.1,
                    89.1
                  ],
                  "uv_size": [
                    3.8,
                    6.8
                  ]
                },
                "up": {
                  "uv": [
                    56.1,
                    44.1
                  ],
                  "uv_size": [
                    3.8,
                    3.8
                  ]
                },
                "west": {
                  "uv": [
                    106.1,
                    89.1
                  ],
                  "uv_size": [
                    3.8,
                    6.8
                  ]
                }
              }
            },
            {
              "inflate": 0.2,
              "origin": [
                -4.48029,
                -0.13393,
                -2.22942
              ],
              "pivot": [
                -1.71284,
                6.09026,
                -1.51299
              ],
              "rotation": [
                11.37793,
                1.25954,
                2.89734
              ],
              "size": [
                4,
                2,
                4
              ],
              "uv": {
                "down": {
                  "uv": [
                    68.1,
                    23.9
                  ],
                  "uv_size": [
                    3.8,
                    -3.8
                  ]
                },
                "east": {
                  "uv": [
                    60.1,
                    24.1
                  ],
                  "uv_size": [
                    3.8,
                    1.8
                  ]
                },
                "north": {
                  "uv": [
                    64.1,
                    24.1
                  ],
                  "uv_size": [
                    3.8,
                    1.8
                  ]
                },
                "south": {
                  "uv": [
                    72.1,
                    24.1
                  ],
                  "uv_size": [
                    3.8,
                    1.8
                  ]
                },
                "up": {
                  "uv": [
                    64.1,
                    20.1
                  ],
                  "uv_size": [
                    3.8,
                    3.8
                  ]
                },
                "west": {
                  "uv": [
                    68.1,
                    24.1
                  ],
                  "uv_size": [
                    3.8,
                    1.8
                  ]
                }
              }
            },
            {
              "inflate": -0.1,
              "origin": [
                -4.3859,
                -0.57478,
                -3.02309
              ],
              "pivot": [
                -1.36845,
                6.37747,
                -0.17761
              ],
              "rotation": [
                -8.62207,
                1.25954,
                2.89734
              ],
              "size": [
                4,
                2,
                3
              ],
              "uv": {
                "down": {
                  "uv": [
                    71.1,
                    54.9
                  ],
                  "uv_size": [
                    3.8,
                    -2.8
                  ]
                },
                "east": {
                  "uv": [
                    64.1,
                    55.1
                  ],
                  "uv_size": [
                    2.8,
                    1.8
                  ]
                },
                "north": {
                  "uv": [
                    67.1,
                    55.1
                  ],
                  "uv_size": [
                    3.8,
                    1.8
                  ]
                },
                "south": {
                  "uv": [
                    74.1,
                    55.1
                  ],
                  "uv_size": [
                    3.8,
                    1.8
                  ]
                },
                "up": {
                  "uv": [
                    67.1,
                    52.1
                  ],
                  "uv_size": [
                    3.8,
                    2.8
                  ]
                },
                "west": {
                  "uv": [
                    71.1,
                    55.1
                  ],
                  "uv_size": [
                    2.8,
                    1.8
                  ]
                }
              }
            }
          ],
          "name": "leftLeg",
          "pivot": [
            -1.9,
            10,
            -0.5
          ],
          "rotation": [
            -1.54024,
            20.05866,
            9.55069
          ]
        },
        {
          "cubes": [
            {
              "origin": [
                -0.08954,
                2.05335,
                -1.31995
              ],
              "pivot": [
                1.932,
                5.93059,
                0.0794
              ],
              "rotation": [
                2.5,
                0,
                2.5
              ],
              "size": [
                4,
                8,
                4
              ],
              "uv": {
                "down": {
                  "uv": [
                    60.1,
                    47.9
                  ],
                  "uv_size": [
                    3.8,
                    -3.8
                  ]
                },
                "east": {
                  "uv": [
                    98.1,
                    89.1
                  ],
                  "uv_size": [
                    3.8,
                    6.8
                  ]
                },
                "north": {
                  "uv": [
                    102.1,
                    89.1
                  ],
                  "uv_size": [
                    3.8,
                    6.8
                  ]
                },
                "south": {
                  "uv": [
                    110.1,
                    89.1
                  ],
                  "uv_size": [
                    3.8,
                    6.8
                  ]
                },
                "up": {
                  "uv": [
                    56.1,
                    44.1
                  ],
                  "uv_size": [
                    3.8,
                    3.8
                  ]
                },
                "west": {
                  "uv": [
                    106.1,
                    89.1
                  ],
                  "uv_size": [
                    3.8,
                    6.8
                  ]
                }
              }
            },
            {
              "inflate": 0.2,
              "origin": [
                0.0787,
                0.02006,
                -1.60333
              ],
              "pivot": [
                2,
                6.32203,
                -0.2599
              ],
              "rotation": [
                6.49509,
                -0.75366,
                4.70168
              ],
              "size": [
                4,
                2,
                4
              ],
              "uv": {
                "down": {
                  "uv": [
                    48.1,
                    65.9
                  ],
                  "uv_size": [
                    3.8,
                    -3.8
                  ]
                },
                "east": {
                  "uv": [
                    40.1,
                    66.1
                  ],
                  "uv_size": [
                    3.8,
                    1.8
                  ]
                },
                "north": {
                  "uv": [
                    44.1,
                    66.1
                  ],
                  "uv_size": [
                    3.8,
                    1.8
                  ]
                },
                "south": {
                  "uv": [
                    52.1,
                    66.1
                  ],
                  "uv_size": [
                    3.8,
                    1.8
                  ]
                },
                "up": {
                  "uv": [
                    44.1,
                    62.1
                  ],
                  "uv_size": [
                    3.8,
                    3.8
                  ]
                },
                "west": {
                  "uv": [
                    48.1,
                    66.1
                  ],
                  "uv_size": [
                    3.8,
                    1.8
                  ]
                }
              }
            },
            {
              "inflate": -0.1,
              "origin": [
                0.0787,
                -0.41776,
                -2.41796
              ],
              "pivot": [
                2,
                6.32203,
                -0.2599
              ],
              "rotation": [
                -13.50491,
                -0.75366,
                4.70168
              ],
              "size": [
                4,
                2,
                3
              ],
              "uv": {
                "down": {
                  "uv": [
                    72.1,
                    43.9
                  ],
                  "uv_size": [
                    3.8,
                    -2.8
                  ]
                },
                "east": {
                  "uv": [
                    65.1,
                    44.1
                  ],
                  "uv_size": [
                    2.8,
                    1.8
                  ]
                },
                "north": {
                  "uv": [
                    68.1,
                    44.1
                  ],
                  "uv_size": [
                    3.8,
                    1.8
                  ]
                },
                "south": {
                  "uv": [
                    75.1,
                    44.1
                  ],
                  "uv_size": [
                    3.8,
                    1.8
                  ]
                },
                "up": {
                  "uv": [
                    68.1,
                    41.1
                  ],
                  "uv_size": [
                    3.8,
                    2.8
                  ]
                },
                "west": {
                  "uv": [
                    72.1,
                    44.1
                  ],
                  "uv_size": [
                    2.8,
                    1.8
                  ]
                }
              }
            }
          ],
          "name": "rightLeg",
          "pivot": [
            1.9,
            9.75,
            0
          ],
          "rotation": [
            -16.80736,
            -21.65363,
            -8.56467
          ]
        },
        {
          "cubes": [
            {
              "origin": [
                -1.24022,
                33.73131,
                -1.97828
              ],
              "pivot": [
                -1.98475,
                39.42949,
                2.33038
              ],
              "rotation": [
                5.01502,
                13.2014,
                -6.04222
              ],
              "size": [
                6,
                2,
                6
              ],
              "uv": {
                "east": {
                  "uv": [
                    87,
                    124
                  ],
                  "uv_size": [
                    6,
                    2
                  ]
                },
                "north": {
                  "uv": [
                    87,
                    124
                  ],
                  "uv_size": [
                    6,
                    2
                  ]
                },
                "south": {
                  "uv": [
                    87,
                    124
                  ],
                  "uv_size": [
                    6,
                    2
                  ]
                },
                "up": {
                  "uv": [
                    87,
                    119
                  ],
                  "uv_size": [
                    6,
                    6
                  ]
                },
                "west": {
                  "uv": [
                    87,
                    124
                  ],
                  "uv_size": [
                    6,
                    2
                  ]
                }
              }
            },
            {
              "origin": [
                1.10514,
                36.64118,
                -0.97828
              ],
              "pivot": [
                -1.98475,
                39.42949,
                2.33038
              ],
              "rotation": [
                9.71404,
                10.27784,
                16.75279
              ],
              "size": [
                0,
                9,
                4
              ],
              "uv": {
                "east": {
                  "uv": [
                    77,
                    108
                  ],
                  "uv_size": [
                    8,
                    18
                  ]
                }
              }
            },
            {
              "origin": [
                -1.18429,
                35.69287,
                4.1171
              ],
              "pivot": [
                -1.98475,
                39.42949,
                2.33038
              ],
              "rotation": [
                116.91945,
                59.70644,
                107.63153
              ],
              "size": [
                0,
                5,
                4
              ],
              "uv": {
                "east": {
                  "uv": [
                    77,
                    116
                  ],
                  "uv_size": [
                    8,
                    10
                  ]
                }
              }
            },
            {
              "origin": [
                -5.83574,
                33.76617,
                1.80297
              ],
              "pivot": [
                -1.98475,
                39.42949,
                2.33038
              ],
              "rotation": [
                179.5607,
                -11.78706,
                150.81468
              ],
              "size": [
                0,
                5,
                4
              ],
              "uv": {
                "east": {
                  "uv": [
                    77,
                    116
                  ],
                  "uv_size": [
                    8,
                    10
                  ]
                }
              }
            },
            {
              "origin": [
                -3.75383,
                34.62852,
                -3.39565
              ],
              "pivot": [
                -1.98475,
                39.42949,
                2.33038
              ],
              "rotation": [
                -57.8738,
                -69.54395,
                53.26548
              ],
              "size": [
                0,
                5,
                4
              ],
              "uv": {
                "east": {
                  "uv": [
                    77,
                    116
                  ],
                  "uv_size": [
                    8,
                    10
                  ]
                }
              }
            }
          ],
          "name": "partyhat",
          "pivot": [
            1.76369,
            37.9799,
            0.3175
          ],
          "rotation": [
            -112.72894,
            -77.29607,
            111.65338
          ]
        }
      ],
      "description": {
        "identifier": "geometry.cubecraft.npc.luckyblock.duels",
        "texture_height": 128,
        "texture_width": 128,
        "visible_bounds_height": 5.5,
        "visible_bounds_offset": [
          0,
          1.25,
          0
        ],
        "visible_bounds_width": 4
      }
    }
  ]
}