{
  "format_version": "1.12.0",
  "minecraft:geometry": [
    {
      "bones": [
        {
          "cubes": [
            {
              "origin": [
                -4,
                24,
                -4
              ],
              "size": [
                8,
                8,
                8
              ],
              "uv": {
                "down": {
                  "uv": [
                    16.1,
                    7.9
                  ],
                  "uv_size": [
                    7.8,
                    -7.8
                  ]
                },
                "east": {
                  "uv": [
                    23.9,
                    8.1
                  ],
                  "uv_size": [
                    -7.8,
                    7.8
                  ]
                },
                "north": {
                  "uv": [
                    8.1,
                    8.1
                  ],
                  "uv_size": [
                    7.8,
                    7.8
                  ]
                },
                "south": {
                  "uv": [
                    24.1,
                    8.1
                  ],
                  "uv_size": [
                    7.8,
                    7.8
                  ]
                },
                "up": {
                  "uv": [
                    8.1,
                    0.1
                  ],
                  "uv_size": [
                    7.8,
                    7.8
                  ]
                },
                "west": {
                  "uv": [
                    16.1,
                    8.1
                  ],
                  "uv_size": [
                    7.8,
                    7.8
                  ]
                }
              }
            },
            {
              "inflate": 0.2,
              "origin": [
                -4,
                29,
                -3.9
              ],
              "pivot": [
                0,
                30.71933,
                -0.7
              ],
              "rotation": [
                -5,
                0,
                0
              ],
              "size": [
                8,
                4,
                8
              ],
              "uv": {
                "down": {
                  "uv": [
                    16.1,
                    23.9
                  ],
                  "uv_size": [
                    7.8,
                    -7.8
                  ]
                },
                "east": {
                  "uv": [
                    0.1,
                    24.1
                  ],
                  "uv_size": [
                    7.8,
                    3.8
                  ]
                },
                "north": {
                  "uv": [
                    8.1,
                    24.1
                  ],
                  "uv_size": [
                    7.8,
                    3.8
                  ]
                },
                "south": {
                  "uv": [
                    24.1,
                    24.1
                  ],
                  "uv_size": [
                    7.8,
                    3.8
                  ]
                },
                "up": {
                  "uv": [
                    8.1,
                    16.1
                  ],
                  "uv_size": [
                    7.8,
                    7.8
                  ]
                },
                "west": {
                  "uv": [
                    16.1,
                    24.1
                  ],
                  "uv_size": [
                    7.8,
                    3.8
                  ]
                }
              }
            },
            {
              "inflate": 0.4,
              "origin": [
                -4,
                28.75,
                -3.9
              ],
              "pivot": [
                0,
                30.71933,
                -0.7
              ],
              "rotation": [
                -5,
                0,
                0
              ],
              "size": [
                8,
                0.5,
                8
              ],
              "uv": {
                "down": {
                  "uv": [
                    40.1,
                    31.9
                  ],
                  "uv_size": [
                    7.8,
                    -7.8
                  ]
                },
                "east": {
                  "uv": [
                    24.1,
                    32.1
                  ],
                  "uv_size": [
                    7.8,
                    0.8
                  ]
                },
                "north": {
                  "uv": [
                    32.1,
                    32.1
                  ],
                  "uv_size": [
                    7.8,
                    0.8
                  ]
                },
                "south": {
                  "uv": [
                    48.1,
                    32.1
                  ],
                  "uv_size": [
                    7.8,
                    0.8
                  ]
                },
                "up": {
                  "uv": [
                    32.1,
                    24.1
                  ],
                  "uv_size": [
                    7.8,
                    7.8
                  ]
                },
                "west": {
                  "uv": [
                    40.1,
                    32.1
                  ],
                  "uv_size": [
                    7.8,
                    0.8
                  ]
                }
              }
            }
          ],
          "name": "head",
          "pivot": [
            0,
            24,
            0
          ]
        },
        {
          "cubes": [
            {
              "origin": [
                -4,
                12,
                -2
              ],
              "size": [
                8,
                12,
                4
              ],
              "uv": {
                "down": {
                  "uv": [
                    12.1,
                    31.9
                  ],
                  "uv_size": [
                    7.8,
                    -3.8
                  ]
                },
                "east": {
                  "uv": [
                    15.9,
                    32.1
                  ],
                  "uv_size": [
                    -3.8,
                    11.8
                  ]
                },
                "north": {
                  "uv": [
                    4.1,
                    32.1
                  ],
                  "uv_size": [
                    7.8,
                    11.8
                  ]
                },
                "south": {
                  "uv": [
                    16.1,
                    32.1
                  ],
                  "uv_size": [
                    7.8,
                    11.8
                  ]
                },
                "up": {
                  "uv": [
                    4.1,
                    28.1
                  ],
                  "uv_size": [
                    7.8,
                    3.8
                  ]
                },
                "west": {
                  "uv": [
                    12.1,
                    32.1
                  ],
                  "uv_size": [
                    3.8,
                    11.8
                  ]
                }
              }
            }
          ],
          "name": "body",
          "pivot": [
            0,
            24,
            0
          ]
        },
        {
          "cubes": [
            {
              "origin": [
                -7.85,
                12.3,
                -3
              ],
              "pivot": [
                -5.85,
                18.3,
                -1
              ],
              "rotation": [
                0,
                0,
                -65
              ],
              "size": [
                4,
                7,
                4
              ],
              "uv": {
                "down": {
                  "uv": [
                    8.1,
                    47.9
                  ],
                  "uv_size": [
                    3.8,
                    -3.8
                  ]
                },
                "east": {
                  "uv": [
                    5.1,
                    85.1
                  ],
                  "uv_size": [
                    3.8,
                    6.8
                  ]
                },
                "north": {
                  "uv": [
                    9.1,
                    85.1
                  ],
                  "uv_size": [
                    3.8,
                    6.8
                  ]
                },
                "south": {
                  "uv": [
                    17.1,
                    85.1
                  ],
                  "uv_size": [
                    3.8,
                    6.8
                  ]
                },
                "up": {
                  "uv": [
                    48.1,
                    3.1
                  ],
                  "uv_size": [
                    3.8,
                    3.8
                  ]
                },
                "west": {
                  "uv": [
                    13.1,
                    85.1
                  ],
                  "uv_size": [
                    3.8,
                    6.8
                  ]
                }
              }
            },
            {
              "inflate": -0.4,
              "origin": [
                -3.35601,
                17.95534,
                -5.6
              ],
              "size": [
                3,
                3,
                5
              ],
              "uv": {
                "down": {
                  "uv": [
                    56.1,
                    28.9
                  ],
                  "uv_size": [
                    2.8,
                    -4.8
                  ]
                },
                "east": {
                  "uv": [
                    48.1,
                    29.1
                  ],
                  "uv_size": [
                    4.8,
                    2.8
                  ]
                },
                "north": {
                  "uv": [
                    53.1,
                    29.1
                  ],
                  "uv_size": [
                    2.8,
                    2.8
                  ]
                },
                "south": {
                  "uv": [
                    61.1,
                    29.1
                  ],
                  "uv_size": [
                    2.8,
                    2.8
                  ]
                },
                "up": {
                  "uv": [
                    53.1,
                    24.1
                  ],
                  "uv_size": [
                    2.8,
                    4.8
                  ]
                },
                "west": {
                  "uv": [
                    56.1,
                    29.1
                  ],
                  "uv_size": [
                    4.8,
                    2.8
                  ]
                }
              }
            },
            {
              "origin": [
                -3.35601,
                17.95534,
                -1.7
              ],
              "size": [
                3,
                3,
                1
              ],
              "uv": {
                "down": {
                  "uv": [
                    4.1,
                    0.9
                  ],
                  "uv_size": [
                    2.8,
                    -0.8
                  ]
                },
                "east": {
                  "uv": [
                    0.1,
                    1.1
                  ],
                  "uv_size": [
                    0.8,
                    2.8
                  ]
                },
                "north": {
                  "uv": [
                    1.1,
                    1.1
                  ],
                  "uv_size": [
                    2.8,
                    2.8
                  ]
                },
                "south": {
                  "uv": [
                    5.1,
                    1.1
                  ],
                  "uv_size": [
                    2.8,
                    2.8
                  ]
                },
                "up": {
                  "uv": [
                    1.1,
                    0.1
                  ],
                  "uv_size": [
                    2.8,
                    0.8
                  ]
                },
                "west": {
                  "uv": [
                    4.1,
                    1.1
                  ],
                  "uv_size": [
                    0.8,
                    2.8
                  ]
                }
              }
            },
            {
              "inflate": -0.2,
              "origin": [
                -2.45601,
                20.15534,
                -7.2
              ],
              "size": [
                1,
                3,
                4
              ],
              "uv": {
                "down": {
                  "uv": [
                    127.9,
                    0.9
                  ],
                  "uv_size": [
                    -1.8,
                    -0.8
                  ]
                },
                "east": {
                  "uv": [
                    126.1,
                    0.1
                  ],
                  "uv_size": [
                    1.8,
                    0.8
                  ]
                },
                "north": {
                  "uv": [
                    126.1,
                    0.1
                  ],
                  "uv_size": [
                    1.8,
                    0.8
                  ]
                },
                "south": {
                  "uv": [
                    126.1,
                    0.1
                  ],
                  "uv_size": [
                    1.8,
                    0.8
                  ]
                },
                "up": {
                  "uv": [
                    127.9,
                    0.9
                  ],
                  "uv_size": [
                    -1.8,
                    -0.8
                  ]
                },
                "west": {
                  "uv": [
                    23.1,
                    73.1
                  ],
                  "uv_size": [
                    3.8,
                    2.8
                  ]
                }
              }
            },
            {
              "inflate": -0.2,
              "origin": [
                -2.45601,
                15.59466,
                -7.2
              ],
              "size": [
                1,
                3,
                4
              ],
              "uv": {
                "down": {
                  "uv": [
                    127.9,
                    0.1
                  ],
                  "uv_size": [
                    -1.8,
                    0.8
                  ]
                },
                "east": {
                  "uv": [
                    126.1,
                    0.9
                  ],
                  "uv_size": [
                    1.8,
                    -0.8
                  ]
                },
                "north": {
                  "uv": [
                    126.1,
                    0.9
                  ],
                  "uv_size": [
                    1.8,
                    -0.8
                  ]
                },
                "south": {
                  "uv": [
                    126.1,
                    0.9
                  ],
                  "uv_size": [
                    1.8,
                    -0.8
                  ]
                },
                "up": {
                  "uv": [
                    127.9,
                    0.1
                  ],
                  "uv_size": [
                    -1.8,
                    0.8
                  ]
                },
                "west": {
                  "uv": [
                    23.1,
                    78.9
                  ],
                  "uv_size": [
                    3.8,
                    -2.8
                  ]
                }
              }
            },
            {
              "inflate": 0.2,
              "origin": [
                -3.35601,
                17.95534,
                -7
              ],
              "size": [
                3,
                3,
                3
              ],
              "uv": {
                "down": {
                  "uv": [
                    68.1,
                    31.9
                  ],
                  "uv_size": [
                    2.8,
                    -2.8
                  ]
                },
                "east": {
                  "uv": [
                    62.1,
                    32.1
                  ],
                  "uv_size": [
                    2.8,
                    2.8
                  ]
                },
                "north": {
                  "uv": [
                    65.1,
                    32.1
                  ],
                  "uv_size": [
                    2.8,
                    2.8
                  ]
                },
                "south": {
                  "uv": [
                    71.1,
                    32.1
                  ],
                  "uv_size": [
                    2.8,
                    2.8
                  ]
                },
                "up": {
                  "uv": [
                    65.1,
                    29.1
                  ],
                  "uv_size": [
                    2.8,
                    2.8
                  ]
                },
                "west": {
                  "uv": [
                    68.1,
                    32.1
                  ],
                  "uv_size": [
                    2.8,
                    2.8
                  ]
                }
              }
            },
            {
              "inflate": -0.4,
              "origin": [
                -4.35601,
                16.95534,
                -8
              ],
              "size": [
                5,
                5,
                2
              ],
              "uv": {
                "down": {
                  "uv": [
                    42.1,
                    34.9
                  ],
                  "uv_size": [
                    4.8,
                    -1.8
                  ]
                },
                "east": {
                  "uv": [
                    35.1,
                    35.1
                  ],
                  "uv_size": [
                    1.8,
                    4.8
                  ]
                },
                "north": {
                  "uv": [
                    37.1,
                    35.1
                  ],
                  "uv_size": [
                    4.8,
                    4.8
                  ]
                },
                "south": {
                  "uv": [
                    44.1,
                    35.1
                  ],
                  "uv_size": [
                    4.8,
                    4.8
                  ]
                },
                "up": {
                  "uv": [
                    37.1,
                    33.1
                  ],
                  "uv_size": [
                    4.8,
                    1.8
                  ]
                },
                "west": {
                  "uv": [
                    42.1,
                    35.1
                  ],
                  "uv_size": [
                    1.8,
                    4.8
                  ]
                }
              }
            },
            {
              "inflate": 0.1,
              "origin": [
                -7.75,
                17,
                -3
              ],
              "size": [
                4,
                6,
                4
              ],
              "uv": {
                "down": {
                  "uv": [
                    56.1,
                    17.9
                  ],
                  "uv_size": [
                    3.8,
                    -3.8
                  ]
                },
                "east": {
                  "uv": [
                    48.1,
                    18.1
                  ],
                  "uv_size": [
                    3.8,
                    5.8
                  ]
                },
                "north": {
                  "uv": [
                    52.1,
                    18.1
                  ],
                  "uv_size": [
                    3.8,
                    5.8
                  ]
                },
                "south": {
                  "uv": [
                    60.1,
                    18.1
                  ],
                  "uv_size": [
                    3.8,
                    5.8
                  ]
                },
                "up": {
                  "uv": [
                    52.1,
                    14.1
                  ],
                  "uv_size": [
                    3.8,
                    3.8
                  ]
                },
                "west": {
                  "uv": [
                    56.1,
                    18.1
                  ],
                  "uv_size": [
                    3.8,
                    5.8
                  ]
                }
              }
            }
          ],
          "name": "leftArm",
          "pivot": [
            -4.75,
            21,
            -1
          ],
          "rotation": [
            -45,
            70,
            25
          ]
        },
        {
          "cubes": [
            {
              "origin": [
                3.2,
                12.5,
                -1.75
              ],
              "pivot": [
                6,
                18,
                0.25
              ],
              "rotation": [
                0,
                0,
                55
              ],
              "size": [
                4,
                7,
                4
              ],
              "uv": {
                "down": {
                  "uv": [
                    8.1,
                    47.9
                  ],
                  "uv_size": [
                    3.8,
                    -3.8
                  ]
                },
                "east": {
                  "uv": [
                    5.1,
                    85.1
                  ],
                  "uv_size": [
                    3.8,
                    6.8
                  ]
                },
                "north": {
                  "uv": [
                    9.1,
                    85.1
                  ],
                  "uv_size": [
                    3.8,
                    6.8
                  ]
                },
                "south": {
                  "uv": [
                    17.1,
                    85.1
                  ],
                  "uv_size": [
                    3.8,
                    6.8
                  ]
                },
                "up": {
                  "uv": [
                    4.1,
                    44.1
                  ],
                  "uv_size": [
                    3.8,
                    3.8
                  ]
                },
                "west": {
                  "uv": [
                    13.1,
                    85.1
                  ],
                  "uv_size": [
                    3.8,
                    6.8
                  ]
                }
              }
            },
            {
              "inflate": 0.1,
              "origin": [
                4,
                18,
                -1.75
              ],
              "size": [
                4,
                6,
                4
              ],
              "uv": {
                "down": {
                  "uv": [
                    58.1,
                    53.9
                  ],
                  "uv_size": [
                    3.8,
                    -3.8
                  ]
                },
                "east": {
                  "uv": [
                    50.1,
                    54.1
                  ],
                  "uv_size": [
                    3.8,
                    5.8
                  ]
                },
                "north": {
                  "uv": [
                    54.1,
                    54.1
                  ],
                  "uv_size": [
                    3.8,
                    5.8
                  ]
                },
                "south": {
                  "uv": [
                    62.1,
                    54.1
                  ],
                  "uv_size": [
                    3.8,
                    5.8
                  ]
                },
                "up": {
                  "uv": [
                    54.1,
                    50.1
                  ],
                  "uv_size": [
                    3.8,
                    3.8
                  ]
                },
                "west": {
                  "uv": [
                    58.1,
                    54.1
                  ],
                  "uv_size": [
                    3.8,
                    5.8
                  ]
                }
              }
            }
          ],
          "name": "rightArm",
          "pivot": [
            5,
            22,
            0.25
          ],
          "rotation": [
            -5,
            -10,
            -30
          ]
        },
        {
          "cubes": [
            {
              "origin": [
                -3.65,
                2,
                -1.25
              ],
              "pivot": [
                -1.65,
                7,
                0
              ],
              "rotation": [
                7.5175,
                -4.631,
                -3.13198
              ],
              "size": [
                4,
                10,
                4
              ],
              "uv": {
                "down": {
                  "uv": [
                    38.1,
                    57.9
                  ],
                  "uv_size": [
                    3.8,
                    -3.8
                  ]
                },
                "east": {
                  "uv": [
                    5.1,
                    69.1
                  ],
                  "uv_size": [
                    3.8,
                    9.8
                  ]
                },
                "north": {
                  "uv": [
                    9.1,
                    69.1
                  ],
                  "uv_size": [
                    3.8,
                    9.8
                  ]
                },
                "south": {
                  "uv": [
                    17.1,
                    69.1
                  ],
                  "uv_size": [
                    3.8,
                    9.8
                  ]
                },
                "up": {
                  "uv": [
                    34.1,
                    54.1
                  ],
                  "uv_size": [
                    3.8,
                    3.8
                  ]
                },
                "west": {
                  "uv": [
                    13.1,
                    69.1
                  ],
                  "uv_size": [
                    3.8,
                    9.8
                  ]
                }
              }
            },
            {
              "inflate": 0.2,
              "origin": [
                -3.65,
                0.2,
                -2.25
              ],
              "pivot": [
                -1.75,
                6.8,
                0
              ],
              "rotation": [
                5,
                0,
                -2
              ],
              "size": [
                4,
                2,
                5
              ],
              "uv": {
                "down": {
                  "uv": [
                    68.1,
                    10.9
                  ],
                  "uv_size": [
                    3.8,
                    -3.8
                  ]
                },
                "east": {
                  "uv": [
                    60.1,
                    11.1
                  ],
                  "uv_size": [
                    3.8,
                    1.8
                  ]
                },
                "north": {
                  "uv": [
                    64.1,
                    11.1
                  ],
                  "uv_size": [
                    3.8,
                    1.8
                  ]
                },
                "south": {
                  "uv": [
                    72.1,
                    11.1
                  ],
                  "uv_size": [
                    3.8,
                    1.8
                  ]
                },
                "up": {
                  "uv": [
                    64.1,
                    7.1
                  ],
                  "uv_size": [
                    3.8,
                    3.8
                  ]
                },
                "west": {
                  "uv": [
                    68.1,
                    11.1
                  ],
                  "uv_size": [
                    3.8,
                    1.8
                  ]
                }
              }
            }
          ],
          "name": "leftLeg",
          "pivot": [
            -1.9,
            12,
            0
          ],
          "rotation": [
            -5,
            10,
            5
          ]
        },
        {
          "cubes": [
            {
              "origin": [
                -0.18841,
                2.22217,
                -0.97037
              ],
              "pivot": [
                1.81159,
                7.22217,
                1.02963
              ],
              "rotation": [
                7.49294,
                0.32621,
                -2.47864
              ],
              "size": [
                4,
                10,
                4
              ],
              "uv": {
                "down": {
                  "uv": [
                    38.1,
                    57.9
                  ],
                  "uv_size": [
                    3.8,
                    -3.8
                  ]
                },
                "east": {
                  "uv": [
                    5.1,
                    69.1
                  ],
                  "uv_size": [
                    3.8,
                    9.8
                  ]
                },
                "north": {
                  "uv": [
                    9.1,
                    69.1
                  ],
                  "uv_size": [
                    3.8,
                    9.8
                  ]
                },
                "south": {
                  "uv": [
                    17.1,
                    69.1
                  ],
                  "uv_size": [
                    3.8,
                    9.8
                  ]
                },
                "up": {
                  "uv": [
                    34.1,
                    54.1
                  ],
                  "uv_size": [
                    3.8,
                    3.8
                  ]
                },
                "west": {
                  "uv": [
                    13.1,
                    69.1
                  ],
                  "uv_size": [
                    3.8,
                    9.8
                  ]
                }
              }
            },
            {
              "inflate": 0.2,
              "origin": [
                -0.15,
                0.2,
                -1.75
              ],
              "pivot": [
                -2,
                6.8,
                0.5
              ],
              "rotation": [
                5,
                0,
                -2
              ],
              "size": [
                4,
                2,
                5
              ],
              "uv": {
                "down": {
                  "uv": [
                    68.1,
                    10.9
                  ],
                  "uv_size": [
                    3.8,
                    -3.8
                  ]
                },
                "east": {
                  "uv": [
                    60.1,
                    11.1
                  ],
                  "uv_size": [
                    3.8,
                    1.8
                  ]
                },
                "north": {
                  "uv": [
                    64.1,
                    11.1
                  ],
                  "uv_size": [
                    3.8,
                    1.8
                  ]
                },
                "south": {
                  "uv": [
                    72.1,
                    11.1
                  ],
                  "uv_size": [
                    3.8,
                    1.8
                  ]
                },
                "up": {
                  "uv": [
                    64.1,
                    7.1
                  ],
                  "uv_size": [
                    3.8,
                    3.8
                  ]
                },
                "west": {
                  "uv": [
                    68.1,
                    11.1
                  ],
                  "uv_size": [
                    3.8,
                    1.8
                  ]
                }
              }
            }
          ],
          "name": "rightLeg",
          "pivot": [
            1.9,
            12,
            0.5
          ],
          "rotation": [
            -10,
            -10,
            -5
          ]
        },
        {
          "cubes": [
            {
              "origin": [
                -3.49022,
                32.48131,
                -0.72828
              ],
              "pivot": [
                -4.23475,
                38.17949,
                3.58038
              ],
              "rotation": [
                5.01502,
                13.2014,
                -6.04222
              ],
              "size": [
                6,
                2,
                6
              ],
              "uv": {
                "east": {
                  "uv": [
                    120,
                    45
                  ],
                  "uv_size": [
                    6,
                    2
                  ]
                },
                "north": {
                  "uv": [
                    120,
                    45
                  ],
                  "uv_size": [
                    6,
                    2
                  ]
                },
                "south": {
                  "uv": [
                    120,
                    45
                  ],
                  "uv_size": [
                    6,
                    2
                  ]
                },
                "up": {
                  "uv": [
                    120,
                    40
                  ],
                  "uv_size": [
                    6,
                    6
                  ]
                },
                "west": {
                  "uv": [
                    120,
                    45
                  ],
                  "uv_size": [
                    6,
                    2
                  ]
                }
              }
            },
            {
              "origin": [
                -1.14486,
                35.39118,
                0.27172
              ],
              "pivot": [
                -4.23475,
                38.17949,
                3.58038
              ],
              "rotation": [
                9.71404,
                10.27784,
                16.75279
              ],
              "size": [
                0,
                9,
                4
              ],
              "uv": {
                "east": {
                  "uv": [
                    110,
                    29
                  ],
                  "uv_size": [
                    8,
                    18
                  ]
                }
              }
            },
            {
              "origin": [
                -3.43429,
                34.44287,
                5.3671
              ],
              "pivot": [
                -4.23475,
                38.17949,
                3.58038
              ],
              "rotation": [
                116.91945,
                59.70644,
                107.63153
              ],
              "size": [
                0,
                5,
                4
              ],
              "uv": {
                "east": {
                  "uv": [
                    110,
                    37
                  ],
                  "uv_size": [
                    8,
                    10
                  ]
                }
              }
            },
            {
              "origin": [
                -8.08574,
                32.51617,
                3.05297
              ],
              "pivot": [
                -4.23475,
                38.17949,
                3.58038
              ],
              "rotation": [
                179.5607,
                -11.78706,
                150.81468
              ],
              "size": [
                0,
                5,
                4
              ],
              "uv": {
                "east": {
                  "uv": [
                    110,
                    37
                  ],
                  "uv_size": [
                    8,
                    10
                  ]
                }
              }
            },
            {
              "origin": [
                -6.00383,
                33.37852,
                -2.14565
              ],
              "pivot": [
                -4.23475,
                38.17949,
                3.58038
              ],
              "rotation": [
                -57.8738,
                -69.54395,
                53.26548
              ],
              "size": [
                0,
                5,
                4
              ],
              "uv": {
                "east": {
                  "uv": [
                    110,
                    37
                  ],
                  "uv_size": [
                    8,
                    10
                  ]
                }
              }
            }
          ],
          "name": "partyhat",
          "pivot": [
            -0.48631,
            36.7299,
            1.5675
          ],
          "rotation": [
            -136.40419,
            -67.6154,
            130.33044
          ]
        }
      ],
      "description": {
        "identifier": "geometry.cubecraft.npc.minerware",
        "texture_height": 128,
        "texture_width": 128,
        "visible_bounds_height": 5.5,
        "visible_bounds_offset": [
          0,
          1.25,
          0
        ],
        "visible_bounds_width": 4
      }
    }
  ]
}