{
  "format_version": "1.12.0",
  "minecraft:geometry": [
    {
      "bones": [
        {
          "cubes": [
            {
              "origin": [
                10.9,
                16.18759,
                16.10753
              ],
              "pivot": [
                15.22357,
                19.72891,
                18.67852
              ],
              "rotation": [
                -15.83651,
                10.97049,
                5.92769
              ],
              "size": [
                4,
                6,
                4
              ],
              "uv": [
                52,
                69
              ]
            },
            {
              "origin": [
                10.91677,
                13.4,
                14.30055
              ],
              "pivot": [
                15.22357,
                19.72891,
                18.67852
              ],
              "rotation": [
                34.16349,
                10.97049,
                5.92769
              ],
              "size": [
                4,
                6,
                4
              ],
              "uv": [
                56,
                29
              ]
            },
            {
              "inflate": 0.3,
              "origin": [
                10.91677,
                13.4,
                14.30055
              ],
              "pivot": [
                15.22357,
                19.72891,
                18.67852
              ],
              "rotation": [
                34.16349,
                10.97049,
                5.92769
              ],
              "size": [
                4,
                1,
                4
              ],
              "uv": [
                76,
                20
              ]
            },
            {
              "inflate": 0.3,
              "origin": [
                17.40771,
                17.13485,
                25.94909
              ],
              "pivot": [
                21.20771,
                17.55152,
                25.88242
              ],
              "rotation": [
                99.16349,
                10.97049,
                -1.57231
              ],
              "size": [
                4,
                1,
                4
              ],
              "uv": [
                76,
                20
              ]
            },
            {
              "origin": [
                10.41677,
                12.55,
                13.80055
              ],
              "pivot": [
                15.22357,
                19.72891,
                18.67852
              ],
              "rotation": [
                34.16349,
                10.97049,
                5.92769
              ],
              "size": [
                5,
                1,
                5
              ],
              "uv": [
                3,
                90
              ]
            },
            {
              "origin": [
                16.90771,
                16.28485,
                25.44909
              ],
              "pivot": [
                21.20771,
                17.55152,
                25.88242
              ],
              "rotation": [
                99.16349,
                10.97049,
                -1.57231
              ],
              "size": [
                5,
                1,
                5
              ],
              "uv": [
                3,
                90
              ]
            },
            {
              "inflate": 0.25,
              "origin": [
                10.91677,
                14,
                16.30055
              ],
              "pivot": [
                15.22357,
                19.72891,
                18.67852
              ],
              "rotation": [
                34.16349,
                10.97049,
                5.92769
              ],
              "size": [
                4,
                1,
                2
              ],
              "uv": [
                88,
                6
              ]
            },
            {
              "inflate": 0.25,
              "origin": [
                17.40771,
                17.73485,
                27.94909
              ],
              "pivot": [
                21.20771,
                17.55152,
                25.88242
              ],
              "rotation": [
                99.16349,
                10.97049,
                -1.57231
              ],
              "size": [
                4,
                1,
                2
              ],
              "uv": [
                88,
                6
              ]
            },
            {
              "origin": [
                -3.91284,
                5.43525,
                -5.21489
              ],
              "pivot": [
                -2,
                6.83342,
                -3.28908
              ],
              "rotation": [
                -17.5,
                0,
                0
              ],
              "size": [
                4,
                6,
                4
              ],
              "uv": [
                44,
                59
              ]
            },
            {
              "inflate": 0.4,
              "origin": [
                -3.91284,
                5.43525,
                -5.21489
              ],
              "pivot": [
                -2,
                6.83342,
                -3.28908
              ],
              "rotation": [
                -17.5,
                0,
                0
              ],
              "size": [
                4,
                6,
                4
              ],
              "uv": [
                56,
                10
              ]
            },
            {
              "origin": [
                -3.91284,
                0.55878,
                -5.63858
              ],
              "pivot": [
                -2,
                6.83342,
                -3.28908
              ],
              "rotation": [
                12.5,
                0,
                0
              ],
              "size": [
                4,
                6,
                4
              ],
              "uv": [
                36,
                69
              ]
            },
            {
              "inflate": 0.4,
              "origin": [
                -3.91284,
                0.55878,
                -5.63858
              ],
              "pivot": [
                -2,
                6.83342,
                -3.28908
              ],
              "rotation": [
                12.5,
                0,
                0
              ],
              "size": [
                4,
                1,
                4
              ],
              "uv": [
                78,
                65
              ]
            },
            {
              "inflate": 0.4,
              "origin": [
                0.9952,
                5.27999,
                3.90448
              ],
              "pivot": [
                3.08716,
                6.33327,
                5.42626
              ],
              "rotation": [
                77.5,
                0,
                -5
              ],
              "size": [
                4,
                1,
                4
              ],
              "uv": [
                78,
                65
              ]
            },
            {
              "inflate": 0.35,
              "origin": [
                -3.91284,
                1.35878,
                -2.63858
              ],
              "pivot": [
                -2,
                6.83342,
                -3.28908
              ],
              "rotation": [
                12.5,
                0,
                0
              ],
              "size": [
                4,
                1,
                1
              ],
              "uv": [
                48,
                12
              ]
            },
            {
              "inflate": 0.35,
              "origin": [
                0.9952,
                6.07999,
                6.90448
              ],
              "pivot": [
                3.08716,
                6.33327,
                5.42626
              ],
              "rotation": [
                77.5,
                0,
                -5
              ],
              "size": [
                4,
                1,
                1
              ],
              "uv": [
                48,
                12
              ]
            },
            {
              "inflate": 0.4,
              "origin": [
                -3.916,
                4.05878,
                -5.73858
              ],
              "pivot": [
                -2,
                6.83342,
                -3.28908
              ],
              "rotation": [
                12.5,
                0,
                0
              ],
              "size": [
                4,
                2,
                4
              ],
              "uv": [
                24,
                0
              ]
            }
          ],
          "name": "rightLeg",
          "pivot": [
            -2,
            6.83342,
            -3.28908
          ],
          "rotation": [
            -27.5,
            0,
            5
          ]
        },
        {
          "cubes": [
            {
              "origin": [
                0.45638,
                5.1643,
                -1.13554
              ],
              "pivot": [
                2.5,
                6.83342,
                1.71092
              ],
              "rotation": [
                -17.5,
                0,
                0
              ],
              "size": [
                4,
                6,
                4
              ],
              "uv": [
                68,
                35
              ]
            },
            {
              "inflate": 0.4,
              "origin": [
                0.45638,
                5.07772,
                -0.74502
              ],
              "pivot": [
                2.5,
                6.83342,
                1.71092
              ],
              "rotation": [
                -17.5,
                0,
                0
              ],
              "size": [
                4,
                6,
                4
              ],
              "uv": [
                8,
                56
              ]
            },
            {
              "origin": [
                0.45638,
                0.64934,
                -1.4239
              ],
              "pivot": [
                2.5,
                6.83342,
                1.71092
              ],
              "rotation": [
                12.5,
                0,
                0
              ],
              "size": [
                4,
                6,
                4
              ],
              "uv": [
                8,
                66
              ]
            },
            {
              "inflate": 0.4,
              "origin": [
                0.44,
                5.01422,
                -1.37645
              ],
              "pivot": [
                2.5,
                6.83342,
                1.71092
              ],
              "rotation": [
                12.5,
                0,
                0
              ],
              "size": [
                4,
                1,
                3
              ],
              "uv": [
                0,
                42
              ]
            },
            {
              "origin": [
                15.59527,
                -8.62016,
                17.94199
              ],
              "pivot": [
                15.24966,
                -4.36147,
                18.9471
              ],
              "rotation": [
                -3.55855,
                10.25316,
                -5.95685
              ],
              "size": [
                4,
                6,
                4
              ],
              "uv": [
                60,
                59
              ]
            },
            {
              "origin": [
                15.62,
                -12.49888,
                15.12
              ],
              "pivot": [
                15.24966,
                -4.36147,
                18.9471
              ],
              "rotation": [
                43.94145,
                10.25316,
                -5.95685
              ],
              "size": [
                4,
                6,
                4
              ],
              "uv": [
                24,
                60
              ]
            }
          ],
          "name": "leftLeg",
          "pivot": [
            2.5,
            6.83035,
            1.09214
          ],
          "rotation": [
            30,
            0,
            -2.5
          ]
        },
        {
          "cubes": [
            {
              "origin": [
                -3.6,
                11,
                -2.25
              ],
              "pivot": [
                0.4,
                14,
                0
              ],
              "rotation": [
                7.5,
                0,
                0
              ],
              "size": [
                8,
                6,
                4
              ],
              "uv": [
                24,
                50
              ]
            },
            {
              "inflate": 0.2,
              "origin": [
                -3.6,
                11,
                -2.25
              ],
              "pivot": [
                0.4,
                14,
                0
              ],
              "rotation": [
                7.5,
                0,
                0
              ],
              "size": [
                8,
                6,
                4
              ],
              "uv": [
                20,
                40
              ]
            },
            {
              "origin": [
                11.4,
                7.73138,
                21.99502
              ],
              "pivot": [
                15.27089,
                6.62229,
                22.1509
              ],
              "rotation": [
                40,
                12.5,
                0
              ],
              "size": [
                8,
                6,
                4
              ],
              "uv": [
                0,
                46
              ]
            },
            {
              "inflate": 0.1,
              "origin": [
                11.32563,
                8.33974,
                21.66173
              ],
              "pivot": [
                15.17652,
                7.03065,
                21.81761
              ],
              "rotation": [
                40,
                12.5,
                0
              ],
              "size": [
                8,
                5,
                4
              ],
              "uv": [
                48,
                50
              ]
            },
            {
              "origin": [
                10.56442,
                12.76409,
                15.96768
              ],
              "pivot": [
                14.56442,
                15.36409,
                18.36768
              ],
              "rotation": [
                30,
                12.5,
                0
              ],
              "size": [
                8,
                6,
                4
              ],
              "uv": [
                44,
                40
              ]
            },
            {
              "inflate": 0.1,
              "origin": [
                10.56442,
                12.76409,
                15.96768
              ],
              "pivot": [
                14.56442,
                15.36409,
                18.36768
              ],
              "rotation": [
                30,
                12.5,
                0
              ],
              "size": [
                8,
                6,
                4
              ],
              "uv": [
                0,
                32
              ]
            },
            {
              "origin": [
                -3.6,
                16.54515,
                -2.74928
              ],
              "pivot": [
                0.4,
                19.54515,
                -1.44928
              ],
              "rotation": [
                2.5,
                0,
                0
              ],
              "size": [
                8,
                6,
                4
              ],
              "uv": [
                48,
                0
              ]
            },
            {
              "inflate": 0.2,
              "origin": [
                -3.65,
                17.04515,
                -2.74928
              ],
              "pivot": [
                0.4,
                19.54515,
                -1.44928
              ],
              "rotation": [
                2.5,
                0,
                0
              ],
              "size": [
                8,
                5,
                4
              ],
              "uv": [
                52,
                20
              ]
            }
          ],
          "name": "body",
          "pivot": [
            0,
            0,
            0
          ]
        },
        {
          "cubes": [
            {
              "inflate": -0.1,
              "origin": [
                6.57062,
                18.00598,
                -2.22222
              ],
              "pivot": [
                6.9763,
                18.38363,
                -0.34717
              ],
              "rotation": [
                3.66576,
                3.21154,
                -50.10753
              ],
              "size": [
                3,
                6,
                4
              ],
              "uv": [
                76,
                55
              ]
            },
            {
              "inflate": 0.1,
              "origin": [
                6.57062,
                21.00598,
                -2.22222
              ],
              "pivot": [
                6.9763,
                18.38363,
                -0.34717
              ],
              "rotation": [
                3.66576,
                3.21154,
                -50.10753
              ],
              "size": [
                3,
                2,
                4
              ],
              "uv": [
                58,
                79
              ]
            },
            {
              "origin": [
                6.60277,
                19.45631,
                -5.25518
              ],
              "pivot": [
                6.20277,
                21.95631,
                -3.15518
              ],
              "rotation": [
                -63.83424,
                27.21154,
                -61.10753
              ],
              "size": [
                0,
                5,
                4
              ],
              "uv": [
                50,
                88
              ]
            },
            {
              "origin": [
                5.95139,
                21.80004,
                -1.28342
              ],
              "pivot": [
                5.45139,
                24.30004,
                0.91658
              ],
              "rotation": [
                118.66576,
                19.71154,
                -61.10753
              ],
              "size": [
                0,
                5,
                4
              ],
              "uv": [
                50,
                88
              ]
            },
            {
              "origin": [
                5.0623,
                15.47,
                -4.83103
              ],
              "pivot": [
                4.6623,
                19.61729,
                -3.13103
              ],
              "rotation": [
                -43.83424,
                99.71154,
                -16.10753
              ],
              "size": [
                0,
                7,
                4
              ],
              "uv": [
                29,
                91
              ]
            },
            {
              "inflate": -0.1,
              "origin": [
                16.77,
                11.87368,
                11.58005
              ],
              "pivot": [
                18.31605,
                12.78265,
                13.18882
              ],
              "rotation": [
                -51.08356,
                8.73327,
                9.91216
              ],
              "size": [
                4,
                6,
                4
              ],
              "uv": [
                100,
                71
              ]
            },
            {
              "inflate": 0.1,
              "origin": [
                16.81605,
                12.87368,
                11.63323
              ],
              "pivot": [
                18.31605,
                12.78265,
                13.18882
              ],
              "rotation": [
                -51.08356,
                8.73327,
                9.91216
              ],
              "size": [
                4,
                5,
                4
              ],
              "uv": [
                109,
                17
              ]
            },
            {
              "inflate": -0.1,
              "origin": [
                16.81605,
                7.49333,
                11.65646
              ],
              "pivot": [
                18.31605,
                12.78265,
                13.18882
              ],
              "rotation": [
                -83.58356,
                8.73327,
                9.91216
              ],
              "size": [
                4,
                6,
                4
              ],
              "uv": [
                109,
                2
              ]
            },
            {
              "inflate": -0.1,
              "origin": [
                6.53917,
                16.32031,
                -4.07142
              ],
              "pivot": [
                8.94484,
                19.28563,
                -1.70484
              ],
              "rotation": [
                -48.83424,
                3.21154,
                -50.10753
              ],
              "size": [
                3,
                6,
                4
              ],
              "uv": [
                4,
                76
              ]
            }
          ],
          "name": "leftArm",
          "pivot": [
            9.74332,
            20.00633,
            -0.45266
          ],
          "rotation": [
            0,
            0,
            -15
          ]
        },
        {
          "cubes": [
            {
              "inflate": -0.1,
              "origin": [
                -9.47,
                19.16618,
                -1.87838
              ],
              "pivot": [
                -6.9763,
                19.38363,
                -0.04717
              ],
              "rotation": [
                7.5,
                0,
                50
              ],
              "size": [
                3,
                6,
                4
              ],
              "uv": [
                72,
                45
              ]
            },
            {
              "inflate": 0.1,
              "origin": [
                -9.51037,
                23.16618,
                -1.87838
              ],
              "pivot": [
                -6.9763,
                19.38363,
                -0.04717
              ],
              "rotation": [
                7.5,
                0,
                50
              ],
              "size": [
                3,
                2,
                4
              ],
              "uv": [
                44,
                79
              ]
            },
            {
              "inflate": -0.1,
              "origin": [
                6.4,
                19.97404,
                16.78022
              ],
              "pivot": [
                8.11519,
                23.07404,
                18.68022
              ],
              "rotation": [
                -20,
                17.5,
                -10
              ],
              "size": [
                4,
                6,
                4
              ],
              "uv": [
                101,
                58
              ]
            },
            {
              "inflate": 0.1,
              "origin": [
                6.36519,
                21.07404,
                16.48022
              ],
              "pivot": [
                8.11519,
                23.07404,
                18.68022
              ],
              "rotation": [
                -20,
                17.5,
                -10
              ],
              "size": [
                4,
                5,
                4
              ],
              "uv": [
                109,
                29
              ]
            },
            {
              "inflate": -0.1,
              "origin": [
                6.67548,
                15.27442,
                12.5791
              ],
              "pivot": [
                9.17548,
                17.77442,
                16.5791
              ],
              "rotation": [
                -57.5,
                17.5,
                -10
              ],
              "size": [
                4,
                6,
                4
              ],
              "uv": [
                109,
                40
              ]
            },
            {
              "inflate": -0.1,
              "origin": [
                -9.54686,
                16.53879,
                -2.48643
              ],
              "pivot": [
                -9.01279,
                20.28563,
                -1.46426
              ],
              "rotation": [
                -17.5,
                0,
                50
              ],
              "size": [
                3,
                6,
                4
              ],
              "uv": [
                72,
                25
              ]
            }
          ],
          "name": "rightArm",
          "pivot": [
            -8.99454,
            21.05421,
            -0.35443
          ],
          "rotation": [
            0,
            0,
            25
          ]
        },
        {
          "cubes": [
            {
              "inflate": 0.1,
              "origin": [
                -3.6,
                22,
                -4
              ],
              "pivot": [
                0,
                26,
                -1
              ],
              "rotation": [
                -15,
                0,
                0
              ],
              "size": [
                8,
                8,
                8
              ],
              "uv": [
                24,
                24
              ]
            },
            {
              "inflate": 0.4,
              "origin": [
                -3.6,
                22,
                -4
              ],
              "pivot": [
                0,
                26,
                -1
              ],
              "rotation": [
                -15,
                0,
                0
              ],
              "size": [
                8,
                8,
                8
              ],
              "uv": [
                0,
                16
              ]
            },
            {
              "inflate": 0.1,
              "origin": [
                9.65,
                17.12653,
                10.52296
              ],
              "pivot": [
                13.4,
                22.37653,
                12.52296
              ],
              "rotation": [
                25,
                0,
                0
              ],
              "size": [
                8,
                8,
                8
              ],
              "uv": [
                24,
                8
              ]
            },
            {
              "inflate": 0.2,
              "origin": [
                9.65,
                17.12653,
                10.52296
              ],
              "pivot": [
                13.4,
                22.37653,
                12.52296
              ],
              "rotation": [
                25,
                0,
                0
              ],
              "size": [
                8,
                8,
                8
              ],
              "uv": [
                0,
                0
              ]
            },
            {
              "origin": [
                -17.8,
                0,
                -0.95
              ],
              "size": [
                1,
                23,
                1
              ],
              "uv": [
                4,
                56
              ]
            },
            {
              "origin": [
                20,
                0,
                -0.25
              ],
              "size": [
                1,
                23,
                1
              ],
              "uv": [
                4,
                56
              ]
            },
            {
              "origin": [
                14.1,
                13,
                -0.25
              ],
              "pivot": [
                17,
                14,
                -0.25
              ],
              "rotation": [
                0,
                -7.5,
                0
              ],
              "size": [
                6,
                2,
                0
              ],
              "uv": [
                48,
                10
              ]
            },
            {
              "origin": [
                -17.1,
                13,
                -0.95
              ],
              "pivot": [
                -14,
                14,
                -0.95
              ],
              "rotation": [
                0,
                7.5,
                0
              ],
              "size": [
                6,
                2,
                0
              ],
              "uv": [
                11,
                42
              ]
            },
            {
              "origin": [
                9.25048,
                13,
                -1.3201
              ],
              "pivot": [
                11.15048,
                14,
                -1.0201
              ],
              "rotation": [
                0,
                -12.5,
                0
              ],
              "size": [
                5,
                2,
                0
              ],
              "uv": [
                36,
                60
              ]
            },
            {
              "origin": [
                -11.25048,
                13,
                -2.0201
              ],
              "pivot": [
                -8.15048,
                14,
                -1.7201
              ],
              "rotation": [
                0,
                12.5,
                0
              ],
              "size": [
                5,
                2,
                0
              ],
              "uv": [
                48,
                29
              ]
            },
            {
              "origin": [
                -2.49733,
                13,
                -2.72287
              ],
              "pivot": [
                3.50267,
                14,
                -3.02287
              ],
              "rotation": [
                0,
                -5,
                0
              ],
              "size": [
                8,
                2,
                0
              ],
              "uv": [
                24,
                6
              ]
            },
            {
              "origin": [
                5.4197,
                13,
                -2.26533
              ],
              "pivot": [
                6.9197,
                14,
                -2.26533
              ],
              "rotation": [
                0,
                -12.5,
                0
              ],
              "size": [
                4,
                2,
                0
              ],
              "uv": [
                0,
                2
              ]
            },
            {
              "origin": [
                -6.4197,
                13,
                -2.96533
              ],
              "pivot": [
                -3.9197,
                14,
                -2.96533
              ],
              "rotation": [
                0,
                12.5,
                0
              ],
              "size": [
                4,
                2,
                0
              ],
              "uv": [
                0,
                0
              ]
            }
          ],
          "name": "head",
          "pivot": [
            0,
            0,
            0
          ]
        }
      ],
      "description": {
        "identifier": "geometry.cubecraft.lobby.parkour.competitive.npc",
        "texture_height": 128,
        "texture_width": 128,
        "visible_bounds_height": 3.5,
        "visible_bounds_offset": [
          0,
          1.25,
          0
        ],
        "visible_bounds_width": 5
      }
    }
  ]
}