{
  "format_version": "1.12.0",
  "minecraft:geometry": [
    {
      "bones": [
        {
          "cubes": [
            {
              "origin": [
                -4,
                22,
                -4
              ],
              "size": [
                8,
                8,
                8
              ],
              "uv": {
                "down": {
                  "uv": [
                    62,
                    55
                  ],
                  "uv_size": [
                    8,
                    -8
                  ]
                },
                "east": {
                  "uv": [
                    46,
                    55
                  ],
                  "uv_size": [
                    8,
                    8
                  ]
                },
                "north": {
                  "uv": [
                    54,
                    55
                  ],
                  "uv_size": [
                    8,
                    8
                  ]
                },
                "south": {
                  "uv": [
                    70,
                    55
                  ],
                  "uv_size": [
                    8,
                    8
                  ]
                },
                "up": {
                  "uv": [
                    54,
                    47
                  ],
                  "uv_size": [
                    8,
                    8
                  ]
                },
                "west": {
                  "uv": [
                    62,
                    55
                  ],
                  "uv_size": [
                    8,
                    8
                  ]
                }
              }
            },
            {
              "inflate": 0.2,
              "origin": [
                -4,
                23,
                -4
              ],
              "size": [
                8,
                7,
                8
              ],
              "uv": {
                "down": {
                  "uv": [
                    64,
                    41
                  ],
                  "uv_size": [
                    8,
                    -8
                  ]
                },
                "east": {
                  "uv": [
                    78,
                    90
                  ],
                  "uv_size": [
                    -8,
                    7
                  ]
                },
                "north": {
                  "uv": [
                    62,
                    90
                  ],
                  "uv_size": [
                    8,
                    7
                  ]
                },
                "south": {
                  "uv": [
                    78,
                    90
                  ],
                  "uv_size": [
                    8,
                    7
                  ]
                },
                "up": {
                  "uv": [
                    56,
                    33
                  ],
                  "uv_size": [
                    8,
                    8
                  ]
                },
                "west": {
                  "uv": [
                    70,
                    90
                  ],
                  "uv_size": [
                    8,
                    7
                  ]
                }
              }
            },
            {
              "origin": [
                0,
                27.03811,
                -3.91798
              ],
              "size": [
                0,
                7,
                14
              ],
              "uv": {
                "down": {
                  "uv": [
                    36,
                    36
                  ],
                  "uv_size": [
                    0,
                    -8
                  ]
                },
                "east": {
                  "uv": [
                    28,
                    36
                  ],
                  "uv_size": [
                    8,
                    4
                  ]
                },
                "north": {
                  "uv": [
                    36,
                    36
                  ],
                  "uv_size": [
                    0,
                    4
                  ]
                },
                "south": {
                  "uv": [
                    44,
                    36
                  ],
                  "uv_size": [
                    0,
                    4
                  ]
                },
                "up": {
                  "uv": [
                    36,
                    28
                  ],
                  "uv_size": [
                    0,
                    8
                  ]
                },
                "west": {
                  "uv": [
                    92,
                    33
                  ],
                  "uv_size": [
                    14,
                    7
                  ]
                }
              }
            }
          ],
          "name": "head",
          "pivot": [
            0,
            29.67937,
            1.02734
          ]
        },
        {
          "cubes": [
            {
              "inflate": 0.2,
              "origin": [
                -4,
                12.5,
                -2
              ],
              "size": [
                8,
                10,
                4
              ],
              "uv": {
                "down": {
                  "uv": [
                    28,
                    58
                  ],
                  "uv_size": [
                    8,
                    -4
                  ]
                },
                "east": {
                  "uv": [
                    16,
                    58
                  ],
                  "uv_size": [
                    4,
                    10
                  ]
                },
                "north": {
                  "uv": [
                    20,
                    58
                  ],
                  "uv_size": [
                    8,
                    10
                  ]
                },
                "south": {
                  "uv": [
                    32,
                    58
                  ],
                  "uv_size": [
                    8,
                    10
                  ]
                },
                "up": {
                  "uv": [
                    20,
                    54
                  ],
                  "uv_size": [
                    8,
                    4
                  ]
                },
                "west": {
                  "uv": [
                    28,
                    58
                  ],
                  "uv_size": [
                    4,
                    10
                  ]
                }
              }
            }
          ],
          "name": "body",
          "pivot": [
            0,
            24,
            0
          ]
        },
        {
          "cubes": [
            {
              "origin": [
                -6.18447,
                10.50496,
                -12.02365
              ],
              "pivot": [
                -5.87691,
                14.29403,
                5.51569
              ],
              "rotation": [
                10.40782,
                9.09246,
                95.67579
              ],
              "size": [
                0,
                10,
                35
              ],
              "uv": {
                "down": {
                  "uv": [
                    128,
                    3
                  ],
                  "uv_size": [
                    -1,
                    -3
                  ]
                },
                "east": {
                  "uv": [
                    127,
                    0
                  ],
                  "uv_size": [
                    1,
                    3
                  ]
                },
                "north": {
                  "uv": [
                    127,
                    0
                  ],
                  "uv_size": [
                    1,
                    3
                  ]
                },
                "south": {
                  "uv": [
                    127,
                    0
                  ],
                  "uv_size": [
                    1,
                    3
                  ]
                },
                "up": {
                  "uv": [
                    128,
                    3
                  ],
                  "uv_size": [
                    -1,
                    -3
                  ]
                },
                "west": {
                  "uv": [
                    5,
                    105
                  ],
                  "uv_size": [
                    35,
                    10
                  ]
                }
              }
            },
            {
              "origin": [
                -7.03853,
                13.81574,
                2.86469
              ],
              "pivot": [
                -5.70317,
                25.777,
                4.46317
              ],
              "rotation": [
                -7.4857,
                1.77394,
                0.92379
              ],
              "size": [
                4,
                6,
                4
              ],
              "uv": {
                "down": {
                  "uv": [
                    78,
                    47
                  ],
                  "uv_size": [
                    4,
                    -4
                  ]
                },
                "east": {
                  "uv": [
                    70,
                    47
                  ],
                  "uv_size": [
                    4,
                    6
                  ]
                },
                "north": {
                  "uv": [
                    74,
                    47
                  ],
                  "uv_size": [
                    4,
                    6
                  ]
                },
                "south": {
                  "uv": [
                    82,
                    47
                  ],
                  "uv_size": [
                    4,
                    6
                  ]
                },
                "up": {
                  "uv": [
                    74,
                    43
                  ],
                  "uv_size": [
                    4,
                    4
                  ]
                },
                "west": {
                  "uv": [
                    78,
                    47
                  ],
                  "uv_size": [
                    4,
                    6
                  ]
                }
              }
            },
            {
              "inflate": 0.2,
              "origin": [
                -7.18821,
                17.52004,
                -1.80211
              ],
              "pivot": [
                -5.51814,
                22.67672,
                1.68955
              ],
              "rotation": [
                47.5,
                0,
                0
              ],
              "size": [
                4,
                6,
                4
              ],
              "uv": {
                "down": {
                  "uv": [
                    84,
                    80
                  ],
                  "uv_size": [
                    4,
                    -4
                  ]
                },
                "east": {
                  "uv": [
                    76,
                    80
                  ],
                  "uv_size": [
                    4,
                    6
                  ]
                },
                "north": {
                  "uv": [
                    80,
                    80
                  ],
                  "uv_size": [
                    4,
                    6
                  ]
                },
                "south": {
                  "uv": [
                    88,
                    80
                  ],
                  "uv_size": [
                    4,
                    6
                  ]
                },
                "up": {
                  "uv": [
                    80,
                    76
                  ],
                  "uv_size": [
                    4,
                    4
                  ]
                },
                "west": {
                  "uv": [
                    84,
                    80
                  ],
                  "uv_size": [
                    4,
                    6
                  ]
                }
              }
            }
          ],
          "name": "leftArm",
          "pivot": [
            -5,
            22,
            0
          ],
          "rotation": [
            -76.80838,
            23.64277,
            10.43312
          ]
        },
        {
          "cubes": [
            {
              "origin": [
                4.67779,
                11.46048,
                -1.29323
              ],
              "pivot": [
                6,
                18,
                0
              ],
              "rotation": [
                0,
                0,
                35
              ],
              "size": [
                4,
                6,
                4
              ],
              "uv": {
                "down": {
                  "uv": [
                    48,
                    72
                  ],
                  "uv_size": [
                    4,
                    -4
                  ]
                },
                "east": {
                  "uv": [
                    40,
                    72
                  ],
                  "uv_size": [
                    4,
                    6
                  ]
                },
                "north": {
                  "uv": [
                    44,
                    72
                  ],
                  "uv_size": [
                    4,
                    6
                  ]
                },
                "south": {
                  "uv": [
                    52,
                    72
                  ],
                  "uv_size": [
                    4,
                    6
                  ]
                },
                "up": {
                  "uv": [
                    44,
                    68
                  ],
                  "uv_size": [
                    4,
                    4
                  ]
                },
                "west": {
                  "uv": [
                    48,
                    72
                  ],
                  "uv_size": [
                    4,
                    6
                  ]
                }
              }
            },
            {
              "inflate": 0.2,
              "origin": [
                3.82635,
                16.13296,
                -1.30429
              ],
              "size": [
                4,
                6,
                4
              ],
              "uv": {
                "down": {
                  "uv": [
                    8,
                    82
                  ],
                  "uv_size": [
                    4,
                    -4
                  ]
                },
                "east": {
                  "uv": [
                    0,
                    82
                  ],
                  "uv_size": [
                    4,
                    6
                  ]
                },
                "north": {
                  "uv": [
                    4,
                    82
                  ],
                  "uv_size": [
                    4,
                    6
                  ]
                },
                "south": {
                  "uv": [
                    12,
                    82
                  ],
                  "uv_size": [
                    4,
                    6
                  ]
                },
                "up": {
                  "uv": [
                    4,
                    78
                  ],
                  "uv_size": [
                    4,
                    4
                  ]
                },
                "west": {
                  "uv": [
                    8,
                    82
                  ],
                  "uv_size": [
                    4,
                    6
                  ]
                }
              }
            }
          ],
          "name": "rightArm",
          "pivot": [
            5,
            22,
            0
          ],
          "rotation": [
            -20,
            -5,
            -5
          ]
        },
        {
          "cubes": [
            {
              "inflate": 0.2,
              "origin": [
                -0.26497,
                0.21318,
                -2.15058
              ],
              "pivot": [
                2,
                8,
                0
              ],
              "rotation": [
                5,
                0,
                0
              ],
              "size": [
                4,
                2,
                4
              ],
              "uv": {
                "down": {
                  "uv": [
                    36,
                    44
                  ],
                  "uv_size": [
                    4,
                    -4
                  ]
                },
                "east": {
                  "uv": [
                    29,
                    98
                  ],
                  "uv_size": [
                    -8,
                    4
                  ]
                },
                "north": {
                  "uv": [
                    13,
                    98
                  ],
                  "uv_size": [
                    8,
                    4
                  ]
                },
                "south": {
                  "uv": [
                    4,
                    98
                  ],
                  "uv_size": [
                    8,
                    4
                  ]
                },
                "up": {
                  "uv": [
                    32,
                    40
                  ],
                  "uv_size": [
                    4,
                    4
                  ]
                },
                "west": {
                  "uv": [
                    21,
                    98
                  ],
                  "uv_size": [
                    8,
                    4
                  ]
                }
              }
            },
            {
              "origin": [
                -0.26497,
                0.11318,
                -2.15058
              ],
              "pivot": [
                2,
                8,
                0
              ],
              "rotation": [
                5,
                0,
                0
              ],
              "size": [
                4,
                6,
                4
              ],
              "uv": {
                "down": {
                  "uv": [
                    80,
                    33
                  ],
                  "uv_size": [
                    4,
                    -4
                  ]
                },
                "east": {
                  "uv": [
                    72,
                    33
                  ],
                  "uv_size": [
                    4,
                    6
                  ]
                },
                "north": {
                  "uv": [
                    76,
                    33
                  ],
                  "uv_size": [
                    4,
                    6
                  ]
                },
                "south": {
                  "uv": [
                    84,
                    33
                  ],
                  "uv_size": [
                    4,
                    6
                  ]
                },
                "up": {
                  "uv": [
                    76,
                    29
                  ],
                  "uv_size": [
                    4,
                    4
                  ]
                },
                "west": {
                  "uv": [
                    80,
                    33
                  ],
                  "uv_size": [
                    4,
                    6
                  ]
                }
              }
            },
            {
              "inflate": 0.3,
              "origin": [
                -0.27365,
                6.00761,
                -1.98481
              ],
              "size": [
                4,
                6,
                4
              ],
              "uv": {
                "down": {
                  "uv": [
                    40,
                    82
                  ],
                  "uv_size": [
                    4,
                    -4
                  ]
                },
                "east": {
                  "uv": [
                    32,
                    82
                  ],
                  "uv_size": [
                    4,
                    6
                  ]
                },
                "north": {
                  "uv": [
                    36,
                    82
                  ],
                  "uv_size": [
                    4,
                    6
                  ]
                },
                "south": {
                  "uv": [
                    44,
                    82
                  ],
                  "uv_size": [
                    4,
                    6
                  ]
                },
                "up": {
                  "uv": [
                    36,
                    78
                  ],
                  "uv_size": [
                    4,
                    4
                  ]
                },
                "west": {
                  "uv": [
                    40,
                    82
                  ],
                  "uv_size": [
                    4,
                    6
                  ]
                }
              }
            }
          ],
          "name": "rightLeg",
          "pivot": [
            1.9,
            12,
            0
          ],
          "rotation": [
            0,
            -5,
            -5
          ]
        },
        {
          "cubes": [
            {
              "inflate": 0.2,
              "origin": [
                -3.73503,
                0.21318,
                -2.15058
              ],
              "pivot": [
                -2,
                8,
                0
              ],
              "rotation": [
                5,
                0,
                0
              ],
              "size": [
                4,
                2,
                4
              ],
              "uv": {
                "down": {
                  "uv": [
                    40,
                    44
                  ],
                  "uv_size": [
                    -4,
                    -4
                  ]
                },
                "east": {
                  "uv": [
                    29,
                    98
                  ],
                  "uv_size": [
                    -8,
                    4
                  ]
                },
                "north": {
                  "uv": [
                    21,
                    98
                  ],
                  "uv_size": [
                    -8,
                    4
                  ]
                },
                "south": {
                  "uv": [
                    12,
                    98
                  ],
                  "uv_size": [
                    -8,
                    4
                  ]
                },
                "up": {
                  "uv": [
                    36,
                    40
                  ],
                  "uv_size": [
                    -4,
                    4
                  ]
                },
                "west": {
                  "uv": [
                    21,
                    98
                  ],
                  "uv_size": [
                    8,
                    4
                  ]
                }
              }
            },
            {
              "origin": [
                -3.73503,
                0.11318,
                -2.15058
              ],
              "pivot": [
                -2,
                8,
                0
              ],
              "rotation": [
                5,
                0,
                0
              ],
              "size": [
                4,
                6,
                4
              ],
              "uv": {
                "down": {
                  "uv": [
                    84,
                    33
                  ],
                  "uv_size": [
                    -4,
                    -4
                  ]
                },
                "east": {
                  "uv": [
                    84,
                    33
                  ],
                  "uv_size": [
                    -4,
                    6
                  ]
                },
                "north": {
                  "uv": [
                    80,
                    33
                  ],
                  "uv_size": [
                    -4,
                    6
                  ]
                },
                "south": {
                  "uv": [
                    88,
                    33
                  ],
                  "uv_size": [
                    -4,
                    6
                  ]
                },
                "up": {
                  "uv": [
                    80,
                    29
                  ],
                  "uv_size": [
                    -4,
                    4
                  ]
                },
                "west": {
                  "uv": [
                    76,
                    33
                  ],
                  "uv_size": [
                    -4,
                    6
                  ]
                }
              }
            },
            {
              "inflate": 0.3,
              "origin": [
                -3.72635,
                6.00761,
                -1.98481
              ],
              "size": [
                4,
                6,
                4
              ],
              "uv": {
                "down": {
                  "uv": [
                    44,
                    82
                  ],
                  "uv_size": [
                    -4,
                    -4
                  ]
                },
                "east": {
                  "uv": [
                    44,
                    82
                  ],
                  "uv_size": [
                    -4,
                    6
                  ]
                },
                "north": {
                  "uv": [
                    40,
                    82
                  ],
                  "uv_size": [
                    -4,
                    6
                  ]
                },
                "south": {
                  "uv": [
                    48,
                    82
                  ],
                  "uv_size": [
                    -4,
                    6
                  ]
                },
                "up": {
                  "uv": [
                    40,
                    78
                  ],
                  "uv_size": [
                    -4,
                    4
                  ]
                },
                "west": {
                  "uv": [
                    36,
                    82
                  ],
                  "uv_size": [
                    -4,
                    6
                  ]
                }
              }
            }
          ],
          "name": "leftLeg",
          "pivot": [
            -1.9,
            12,
            0
          ],
          "rotation": [
            0,
            5,
            5
          ]
        },
        {
          "cubes": [
            {
              "origin": [
                -6.99022,
                28.73131,
                -2.72828
              ],
              "pivot": [
                -7.73475,
                34.42949,
                1.58038
              ],
              "rotation": [
                5.01502,
                13.2014,
                -6.04222
              ],
              "size": [
                6,
                2,
                6
              ],
              "uv": {
                "east": {
                  "uv": [
                    120,
                    45
                  ],
                  "uv_size": [
                    6,
                    2
                  ]
                },
                "north": {
                  "uv": [
                    120,
                    45
                  ],
                  "uv_size": [
                    6,
                    2
                  ]
                },
                "south": {
                  "uv": [
                    120,
                    45
                  ],
                  "uv_size": [
                    6,
                    2
                  ]
                },
                "up": {
                  "uv": [
                    120,
                    40
                  ],
                  "uv_size": [
                    6,
                    6
                  ]
                },
                "west": {
                  "uv": [
                    120,
                    45
                  ],
                  "uv_size": [
                    6,
                    2
                  ]
                }
              }
            },
            {
              "origin": [
                -4.64486,
                31.64118,
                -1.72828
              ],
              "pivot": [
                -7.73475,
                34.42949,
                1.58038
              ],
              "rotation": [
                9.71404,
                10.27784,
                16.75279
              ],
              "size": [
                0,
                9,
                4
              ],
              "uv": {
                "east": {
                  "uv": [
                    110,
                    29
                  ],
                  "uv_size": [
                    8,
                    18
                  ]
                }
              }
            },
            {
              "origin": [
                -6.93429,
                30.69287,
                3.3671
              ],
              "pivot": [
                -7.73475,
                34.42949,
                1.58038
              ],
              "rotation": [
                116.91945,
                59.70644,
                107.63153
              ],
              "size": [
                0,
                5,
                4
              ],
              "uv": {
                "east": {
                  "uv": [
                    110,
                    37
                  ],
                  "uv_size": [
                    8,
                    10
                  ]
                }
              }
            },
            {
              "origin": [
                -11.58574,
                28.76617,
                1.05297
              ],
              "pivot": [
                -7.73475,
                34.42949,
                1.58038
              ],
              "rotation": [
                179.5607,
                -11.78706,
                150.81468
              ],
              "size": [
                0,
                5,
                4
              ],
              "uv": {
                "east": {
                  "uv": [
                    110,
                    37
                  ],
                  "uv_size": [
                    8,
                    10
                  ]
                }
              }
            },
            {
              "origin": [
                -9.50383,
                29.62852,
                -4.14565
              ],
              "pivot": [
                -7.73475,
                34.42949,
                1.58038
              ],
              "rotation": [
                -57.8738,
                -69.54395,
                53.26548
              ],
              "size": [
                0,
                5,
                4
              ],
              "uv": {
                "east": {
                  "uv": [
                    110,
                    37
                  ],
                  "uv_size": [
                    8,
                    10
                  ]
                }
              }
            }
          ],
          "name": "partyhat",
          "pivot": [
            -3.98631,
            32.9799,
            -0.4325
          ],
          "rotation": [
            -167.14786,
            -75.53816,
            139.7079
          ]
        }
      ],
      "description": {
        "identifier": "geometry.cubecraft.npc.skywars.chaos",
        "texture_height": 128,
        "texture_width": 128,
        "visible_bounds_height": 5.5,
        "visible_bounds_offset": [
          0,
          1.25,
          0
        ],
        "visible_bounds_width": 4
      }
    }
  ]
}