{
  "format_version": "1.12.0",
  "minecraft:geometry": [
    {
      "bones": [
        {
          "name": "npc",
          "pivot": [
            0,
            0,
            0
          ],
          "rotation": [
            2.5,
            0,
            0
          ]
        },
        {
          "cubes": [
            {
              "origin": [
                3.38595,
                11.50928,
                1.94686
              ],
              "pivot": [
                6.02436,
                18.62168,
                -0.32591
              ],
              "rotation": [
                5.5479,
                -52.71764,
                46.58153
              ],
              "size": [
                4,
                6,
                4
              ],
              "uv": {
                "down": {
                  "uv": [
                    48,
                    72
                  ],
                  "uv_size": [
                    4,
                    -4
                  ]
                },
                "east": {
                  "uv": [
                    40,
                    72
                  ],
                  "uv_size": [
                    4,
                    6
                  ]
                },
                "north": {
                  "uv": [
                    44,
                    72
                  ],
                  "uv_size": [
                    4,
                    6
                  ]
                },
                "south": {
                  "uv": [
                    52,
                    72
                  ],
                  "uv_size": [
                    4,
                    6
                  ]
                },
                "up": {
                  "uv": [
                    44,
                    68
                  ],
                  "uv_size": [
                    4,
                    4
                  ]
                },
                "west": {
                  "uv": [
                    48,
                    72
                  ],
                  "uv_size": [
                    4,
                    6
                  ]
                }
              }
            },
            {
              "inflate": 0.2,
              "origin": [
                3.33723,
                15.17139,
                1.16429
              ],
              "pivot": [
                6.02436,
                18.62168,
                -0.32591
              ],
              "rotation": [
                23.0479,
                -52.71764,
                46.58153
              ],
              "size": [
                4,
                6,
                4
              ],
              "uv": {
                "down": {
                  "uv": [
                    8,
                    82
                  ],
                  "uv_size": [
                    4,
                    -4
                  ]
                },
                "east": {
                  "uv": [
                    0,
                    82
                  ],
                  "uv_size": [
                    4,
                    6
                  ]
                },
                "north": {
                  "uv": [
                    4,
                    82
                  ],
                  "uv_size": [
                    4,
                    6
                  ]
                },
                "south": {
                  "uv": [
                    12,
                    82
                  ],
                  "uv_size": [
                    4,
                    6
                  ]
                },
                "up": {
                  "uv": [
                    4,
                    78
                  ],
                  "uv_size": [
                    4,
                    4
                  ]
                },
                "west": {
                  "uv": [
                    8,
                    82
                  ],
                  "uv_size": [
                    4,
                    6
                  ]
                }
              }
            }
          ],
          "name": "rightArm",
          "parent": "npc",
          "pivot": [
            5,
            22,
            0
          ],
          "rotation": [
            -55,
            15,
            -70
          ]
        },
        {
          "cubes": [
            {
              "inflate": 0.2,
              "origin": [
                0.12544,
                0.62378,
                -1.79817
              ],
              "pivot": [
                0.13002,
                12.75063,
                0.10992
              ],
              "rotation": [
                -10.04297,
                -2.3215,
                6.98274
              ],
              "size": [
                4,
                2,
                4
              ],
              "uv": {
                "down": {
                  "uv": [
                    36,
                    44
                  ],
                  "uv_size": [
                    4,
                    -4
                  ]
                },
                "east": {
                  "uv": [
                    29,
                    98
                  ],
                  "uv_size": [
                    -8,
                    4
                  ]
                },
                "north": {
                  "uv": [
                    13,
                    98
                  ],
                  "uv_size": [
                    8,
                    4
                  ]
                },
                "south": {
                  "uv": [
                    4,
                    98
                  ],
                  "uv_size": [
                    8,
                    4
                  ]
                },
                "up": {
                  "uv": [
                    32,
                    40
                  ],
                  "uv_size": [
                    4,
                    4
                  ]
                },
                "west": {
                  "uv": [
                    21,
                    98
                  ],
                  "uv_size": [
                    8,
                    4
                  ]
                }
              }
            },
            {
              "origin": [
                -0.1,
                6,
                -2
              ],
              "size": [
                4,
                6,
                4
              ],
              "uv": {
                "down": {
                  "uv": [
                    86,
                    57
                  ],
                  "uv_size": [
                    4,
                    -4
                  ]
                },
                "east": {
                  "uv": [
                    78,
                    57
                  ],
                  "uv_size": [
                    4,
                    6
                  ]
                },
                "north": {
                  "uv": [
                    82,
                    57
                  ],
                  "uv_size": [
                    4,
                    6
                  ]
                },
                "south": {
                  "uv": [
                    90,
                    57
                  ],
                  "uv_size": [
                    4,
                    6
                  ]
                },
                "up": {
                  "uv": [
                    82,
                    53
                  ],
                  "uv_size": [
                    4,
                    4
                  ]
                },
                "west": {
                  "uv": [
                    86,
                    57
                  ],
                  "uv_size": [
                    4,
                    6
                  ]
                }
              }
            },
            {
              "origin": [
                0.12544,
                0.52378,
                -1.79817
              ],
              "pivot": [
                0.13002,
                12.75063,
                0.10992
              ],
              "rotation": [
                -10.04297,
                -2.3215,
                6.98274
              ],
              "size": [
                4,
                6,
                4
              ],
              "uv": {
                "down": {
                  "uv": [
                    80,
                    33
                  ],
                  "uv_size": [
                    4,
                    -4
                  ]
                },
                "east": {
                  "uv": [
                    72,
                    33
                  ],
                  "uv_size": [
                    4,
                    6
                  ]
                },
                "north": {
                  "uv": [
                    76,
                    33
                  ],
                  "uv_size": [
                    4,
                    6
                  ]
                },
                "south": {
                  "uv": [
                    84,
                    33
                  ],
                  "uv_size": [
                    4,
                    6
                  ]
                },
                "up": {
                  "uv": [
                    76,
                    29
                  ],
                  "uv_size": [
                    4,
                    4
                  ]
                },
                "west": {
                  "uv": [
                    80,
                    33
                  ],
                  "uv_size": [
                    4,
                    6
                  ]
                }
              }
            },
            {
              "inflate": 0.3,
              "origin": [
                0.12469,
                6.62278,
                -1.72731
              ],
              "pivot": [
                0.13002,
                12.75063,
                0.10992
              ],
              "rotation": [
                -10.45495,
                -1.8829,
                6.86481
              ],
              "size": [
                4,
                6,
                4
              ],
              "uv": {
                "down": {
                  "uv": [
                    40,
                    82
                  ],
                  "uv_size": [
                    4,
                    -4
                  ]
                },
                "east": {
                  "uv": [
                    32,
                    82
                  ],
                  "uv_size": [
                    4,
                    6
                  ]
                },
                "north": {
                  "uv": [
                    36,
                    82
                  ],
                  "uv_size": [
                    4,
                    6
                  ]
                },
                "south": {
                  "uv": [
                    44,
                    82
                  ],
                  "uv_size": [
                    4,
                    6
                  ]
                },
                "up": {
                  "uv": [
                    36,
                    78
                  ],
                  "uv_size": [
                    4,
                    4
                  ]
                },
                "west": {
                  "uv": [
                    40,
                    82
                  ],
                  "uv_size": [
                    4,
                    6
                  ]
                }
              }
            }
          ],
          "name": "rightLeg",
          "parent": "npc",
          "pivot": [
            1.9,
            12,
            0
          ],
          "rotation": [
            5,
            5,
            -10
          ]
        },
        {
          "cubes": [
            {
              "inflate": 0.2,
              "origin": [
                -3.39124,
                2.5702,
                5.21615
              ],
              "pivot": [
                -1.38481,
                2.62047,
                6.70799
              ],
              "rotation": [
                40.61343,
                -6.96368,
                -9.96975
              ],
              "size": [
                4,
                2,
                4
              ],
              "uv": {
                "down": {
                  "uv": [
                    36,
                    44
                  ],
                  "uv_size": [
                    4,
                    -4
                  ]
                },
                "east": {
                  "uv": [
                    29,
                    98
                  ],
                  "uv_size": [
                    -8,
                    4
                  ]
                },
                "north": {
                  "uv": [
                    13,
                    98
                  ],
                  "uv_size": [
                    8,
                    4
                  ]
                },
                "south": {
                  "uv": [
                    4,
                    98
                  ],
                  "uv_size": [
                    8,
                    4
                  ]
                },
                "up": {
                  "uv": [
                    32,
                    40
                  ],
                  "uv_size": [
                    4,
                    4
                  ]
                },
                "west": {
                  "uv": [
                    21,
                    98
                  ],
                  "uv_size": [
                    8,
                    4
                  ]
                }
              }
            },
            {
              "origin": [
                -4.21648,
                0.66524,
                -1.95266
              ],
              "pivot": [
                0.13002,
                12.75063,
                0.10992
              ],
              "rotation": [
                38.21007,
                -7.01589,
                -9.83997
              ],
              "size": [
                4,
                6,
                4
              ],
              "uv": {
                "down": {
                  "uv": [
                    83,
                    15
                  ],
                  "uv_size": [
                    4,
                    -4
                  ]
                },
                "east": {
                  "uv": [
                    75,
                    15
                  ],
                  "uv_size": [
                    4,
                    6
                  ]
                },
                "north": {
                  "uv": [
                    79,
                    15
                  ],
                  "uv_size": [
                    4,
                    6
                  ]
                },
                "south": {
                  "uv": [
                    87,
                    15
                  ],
                  "uv_size": [
                    4,
                    6
                  ]
                },
                "up": {
                  "uv": [
                    79,
                    11
                  ],
                  "uv_size": [
                    4,
                    4
                  ]
                },
                "west": {
                  "uv": [
                    83,
                    15
                  ],
                  "uv_size": [
                    4,
                    6
                  ]
                }
              }
            },
            {
              "inflate": 0.3,
              "origin": [
                -4.00291,
                6.63587,
                -1.89855
              ],
              "pivot": [
                0.13002,
                12.75063,
                0.10992
              ],
              "rotation": [
                38.21007,
                -7.01589,
                -9.83997
              ],
              "size": [
                4,
                6,
                4
              ],
              "uv": {
                "down": {
                  "uv": [
                    24,
                    82
                  ],
                  "uv_size": [
                    4,
                    -4
                  ]
                },
                "east": {
                  "uv": [
                    16,
                    82
                  ],
                  "uv_size": [
                    4,
                    6
                  ]
                },
                "north": {
                  "uv": [
                    20,
                    82
                  ],
                  "uv_size": [
                    4,
                    6
                  ]
                },
                "south": {
                  "uv": [
                    28,
                    82
                  ],
                  "uv_size": [
                    4,
                    6
                  ]
                },
                "up": {
                  "uv": [
                    20,
                    78
                  ],
                  "uv_size": [
                    4,
                    4
                  ]
                },
                "west": {
                  "uv": [
                    24,
                    82
                  ],
                  "uv_size": [
                    4,
                    6
                  ]
                }
              }
            }
          ],
          "name": "leftLeg",
          "parent": "npc",
          "pivot": [
            -1.9,
            12,
            0
          ],
          "rotation": [
            -40,
            10,
            5
          ]
        },
        {
          "cubes": [
            {
              "inflate": -0.2,
              "origin": [
                -6.0523,
                6.832,
                -3.83244
              ],
              "pivot": [
                -5.93396,
                17.6921,
                -2.78076
              ],
              "rotation": [
                119.76708,
                -7.15102,
                -17.64168
              ],
              "size": [
                2,
                2,
                8
              ],
              "uv": {
                "down": {
                  "uv": [
                    10,
                    76
                  ],
                  "uv_size": [
                    2,
                    -8
                  ]
                },
                "east": {
                  "uv": [
                    0,
                    76
                  ],
                  "uv_size": [
                    8,
                    2
                  ]
                },
                "north": {
                  "uv": [
                    8,
                    76
                  ],
                  "uv_size": [
                    2,
                    2
                  ]
                },
                "south": {
                  "uv": [
                    18,
                    76
                  ],
                  "uv_size": [
                    2,
                    2
                  ]
                },
                "up": {
                  "uv": [
                    8,
                    68
                  ],
                  "uv_size": [
                    2,
                    8
                  ]
                },
                "west": {
                  "uv": [
                    10,
                    76
                  ],
                  "uv_size": [
                    8,
                    2
                  ]
                }
              }
            },
            {
              "inflate": -0.4,
              "origin": [
                -6.0523,
                6.332,
                -16.08244
              ],
              "pivot": [
                -5.93396,
                17.6921,
                -2.78076
              ],
              "rotation": [
                119.76708,
                -7.15102,
                -17.64168
              ],
              "size": [
                2,
                3,
                12
              ],
              "uv": {
                "down": {
                  "uv": [
                    62,
                    12
                  ],
                  "uv_size": [
                    2,
                    -12
                  ]
                },
                "east": {
                  "uv": [
                    48,
                    12
                  ],
                  "uv_size": [
                    12,
                    3
                  ]
                },
                "north": {
                  "uv": [
                    60,
                    12
                  ],
                  "uv_size": [
                    2,
                    3
                  ]
                },
                "south": {
                  "uv": [
                    74,
                    12
                  ],
                  "uv_size": [
                    2,
                    3
                  ]
                },
                "up": {
                  "uv": [
                    60,
                    0
                  ],
                  "uv_size": [
                    2,
                    12
                  ]
                },
                "west": {
                  "uv": [
                    62,
                    12
                  ],
                  "uv_size": [
                    12,
                    3
                  ]
                }
              }
            },
            {
              "origin": [
                -6.0523,
                6.332,
                -4.73244
              ],
              "pivot": [
                -5.93396,
                17.6921,
                -2.78076
              ],
              "rotation": [
                119.76708,
                -7.15102,
                -17.64168
              ],
              "size": [
                2,
                3,
                2
              ],
              "uv": {
                "down": {
                  "uv": [
                    52,
                    8
                  ],
                  "uv_size": [
                    2,
                    -2
                  ]
                },
                "east": {
                  "uv": [
                    48,
                    8
                  ],
                  "uv_size": [
                    2,
                    3
                  ]
                },
                "north": {
                  "uv": [
                    50,
                    8
                  ],
                  "uv_size": [
                    2,
                    3
                  ]
                },
                "south": {
                  "uv": [
                    54,
                    8
                  ],
                  "uv_size": [
                    2,
                    3
                  ]
                },
                "up": {
                  "uv": [
                    50,
                    6
                  ],
                  "uv_size": [
                    2,
                    2
                  ]
                },
                "west": {
                  "uv": [
                    52,
                    8
                  ],
                  "uv_size": [
                    2,
                    3
                  ]
                }
              }
            },
            {
              "origin": [
                -6.0523,
                6.832,
                2.76756
              ],
              "pivot": [
                -5.93396,
                17.6921,
                -2.78076
              ],
              "rotation": [
                119.76708,
                -7.15102,
                -17.64168
              ],
              "size": [
                2,
                2,
                2
              ],
              "uv": {
                "down": {
                  "uv": [
                    4,
                    56
                  ],
                  "uv_size": [
                    2,
                    -2
                  ]
                },
                "east": {
                  "uv": [
                    0,
                    56
                  ],
                  "uv_size": [
                    2,
                    2
                  ]
                },
                "north": {
                  "uv": [
                    2,
                    56
                  ],
                  "uv_size": [
                    2,
                    2
                  ]
                },
                "south": {
                  "uv": [
                    6,
                    56
                  ],
                  "uv_size": [
                    2,
                    2
                  ]
                },
                "up": {
                  "uv": [
                    2,
                    54
                  ],
                  "uv_size": [
                    2,
                    2
                  ]
                },
                "west": {
                  "uv": [
                    4,
                    56
                  ],
                  "uv_size": [
                    2,
                    2
                  ]
                }
              }
            },
            {
              "origin": [
                -7.0523,
                5.832,
                -1.83244
              ],
              "pivot": [
                -5.93396,
                17.6921,
                -2.78076
              ],
              "rotation": [
                119.76708,
                -7.15102,
                -17.64168
              ],
              "size": [
                4,
                6,
                4
              ],
              "uv": {
                "down": {
                  "uv": [
                    78,
                    47
                  ],
                  "uv_size": [
                    4,
                    -4
                  ]
                },
                "east": {
                  "uv": [
                    70,
                    47
                  ],
                  "uv_size": [
                    4,
                    6
                  ]
                },
                "north": {
                  "uv": [
                    74,
                    47
                  ],
                  "uv_size": [
                    4,
                    6
                  ]
                },
                "south": {
                  "uv": [
                    82,
                    47
                  ],
                  "uv_size": [
                    4,
                    6
                  ]
                },
                "up": {
                  "uv": [
                    74,
                    43
                  ],
                  "uv_size": [
                    4,
                    4
                  ]
                },
                "west": {
                  "uv": [
                    78,
                    47
                  ],
                  "uv_size": [
                    4,
                    6
                  ]
                }
              }
            },
            {
              "inflate": 0.2,
              "origin": [
                -7.13155,
                9.87652,
                -5.54789
              ],
              "pivot": [
                -5.93396,
                17.6921,
                -2.78076
              ],
              "rotation": [
                149.76708,
                -7.15102,
                -17.64168
              ],
              "size": [
                4,
                6,
                4
              ],
              "uv": {
                "down": {
                  "uv": [
                    84,
                    80
                  ],
                  "uv_size": [
                    4,
                    -4
                  ]
                },
                "east": {
                  "uv": [
                    76,
                    80
                  ],
                  "uv_size": [
                    4,
                    6
                  ]
                },
                "north": {
                  "uv": [
                    80,
                    80
                  ],
                  "uv_size": [
                    4,
                    6
                  ]
                },
                "south": {
                  "uv": [
                    88,
                    80
                  ],
                  "uv_size": [
                    4,
                    6
                  ]
                },
                "up": {
                  "uv": [
                    80,
                    76
                  ],
                  "uv_size": [
                    4,
                    4
                  ]
                },
                "west": {
                  "uv": [
                    84,
                    80
                  ],
                  "uv_size": [
                    4,
                    6
                  ]
                }
              }
            }
          ],
          "name": "leftArm",
          "parent": "npc",
          "pivot": [
            -5,
            22,
            0
          ],
          "rotation": [
            -110,
            10,
            -5
          ]
        },
        {
          "cubes": [
            {
              "inflate": 0.3,
              "origin": [
                -4,
                12.5,
                -2
              ],
              "size": [
                8,
                11,
                4
              ],
              "uv": {
                "down": {
                  "uv": [
                    28,
                    58
                  ],
                  "uv_size": [
                    8,
                    -4
                  ]
                },
                "east": {
                  "uv": [
                    33,
                    97
                  ],
                  "uv_size": [
                    4,
                    11
                  ]
                },
                "north": {
                  "uv": [
                    37,
                    97
                  ],
                  "uv_size": [
                    8,
                    11
                  ]
                },
                "south": {
                  "uv": [
                    49,
                    97
                  ],
                  "uv_size": [
                    8,
                    11
                  ]
                },
                "up": {
                  "uv": [
                    20,
                    54
                  ],
                  "uv_size": [
                    8,
                    4
                  ]
                },
                "west": {
                  "uv": [
                    45,
                    97
                  ],
                  "uv_size": [
                    4,
                    11
                  ]
                }
              }
            }
          ],
          "name": "body",
          "parent": "npc",
          "pivot": [
            0,
            24,
            0
          ]
        },
        {
          "cubes": [
            {
              "origin": [
                -4,
                23.75,
                -4
              ],
              "size": [
                8,
                8,
                8
              ],
              "uv": {
                "down": {
                  "uv": [
                    62,
                    55
                  ],
                  "uv_size": [
                    8,
                    -8
                  ]
                },
                "east": {
                  "uv": [
                    46,
                    55
                  ],
                  "uv_size": [
                    8,
                    8
                  ]
                },
                "north": {
                  "uv": [
                    54,
                    55
                  ],
                  "uv_size": [
                    8,
                    8
                  ]
                },
                "south": {
                  "uv": [
                    70,
                    55
                  ],
                  "uv_size": [
                    8,
                    8
                  ]
                },
                "up": {
                  "uv": [
                    54,
                    47
                  ],
                  "uv_size": [
                    8,
                    8
                  ]
                },
                "west": {
                  "uv": [
                    62,
                    55
                  ],
                  "uv_size": [
                    8,
                    8
                  ]
                }
              }
            },
            {
              "inflate": 0.2,
              "origin": [
                -4,
                24.75,
                -4
              ],
              "size": [
                8,
                7,
                8
              ],
              "uv": {
                "down": {
                  "uv": [
                    64,
                    41
                  ],
                  "uv_size": [
                    8,
                    -8
                  ]
                },
                "east": {
                  "uv": [
                    78,
                    90
                  ],
                  "uv_size": [
                    -8,
                    7
                  ]
                },
                "north": {
                  "uv": [
                    62,
                    90
                  ],
                  "uv_size": [
                    8,
                    7
                  ]
                },
                "south": {
                  "uv": [
                    78,
                    90
                  ],
                  "uv_size": [
                    8,
                    7
                  ]
                },
                "up": {
                  "uv": [
                    56,
                    33
                  ],
                  "uv_size": [
                    8,
                    8
                  ]
                },
                "west": {
                  "uv": [
                    70,
                    90
                  ],
                  "uv_size": [
                    8,
                    7
                  ]
                }
              }
            },
            {
              "origin": [
                0,
                28.7,
                -2.9
              ],
              "pivot": [
                -1,
                32.45,
                4.35
              ],
              "rotation": [
                -2.5,
                0,
                0
              ],
              "size": [
                0,
                7,
                11
              ],
              "uv": {
                "down": {
                  "uv": [
                    36,
                    36
                  ],
                  "uv_size": [
                    0,
                    -8
                  ]
                },
                "east": {
                  "uv": [
                    28,
                    36
                  ],
                  "uv_size": [
                    8,
                    4
                  ]
                },
                "north": {
                  "uv": [
                    36,
                    36
                  ],
                  "uv_size": [
                    0,
                    4
                  ]
                },
                "south": {
                  "uv": [
                    44,
                    36
                  ],
                  "uv_size": [
                    0,
                    4
                  ]
                },
                "up": {
                  "uv": [
                    36,
                    28
                  ],
                  "uv_size": [
                    0,
                    8
                  ]
                },
                "west": {
                  "uv": [
                    97,
                    36
                  ],
                  "uv_size": [
                    11,
                    7
                  ]
                }
              }
            }
          ],
          "name": "head",
          "parent": "npc",
          "pivot": [
            0,
            23.75,
            0
          ]
        },
        {
          "cubes": [
            {
              "origin": [
                -6.99022,
                30.64407,
                -1.73018
              ],
              "pivot": [
                -7.73475,
                36.34225,
                2.57848
              ],
              "rotation": [
                5.01502,
                13.2014,
                -6.04222
              ],
              "size": [
                6,
                2,
                6
              ],
              "uv": {
                "east": {
                  "uv": [
                    120,
                    45
                  ],
                  "uv_size": [
                    6,
                    2
                  ]
                },
                "north": {
                  "uv": [
                    120,
                    45
                  ],
                  "uv_size": [
                    6,
                    2
                  ]
                },
                "south": {
                  "uv": [
                    120,
                    45
                  ],
                  "uv_size": [
                    6,
                    2
                  ]
                },
                "up": {
                  "uv": [
                    120,
                    40
                  ],
                  "uv_size": [
                    6,
                    6
                  ]
                },
                "west": {
                  "uv": [
                    120,
                    45
                  ],
                  "uv_size": [
                    6,
                    2
                  ]
                }
              }
            },
            {
              "origin": [
                -4.64486,
                33.55394,
                -0.73018
              ],
              "pivot": [
                -7.73475,
                36.34225,
                2.57848
              ],
              "rotation": [
                9.71404,
                10.27784,
                16.75279
              ],
              "size": [
                0,
                9,
                4
              ],
              "uv": {
                "east": {
                  "uv": [
                    110,
                    29
                  ],
                  "uv_size": [
                    8,
                    18
                  ]
                }
              }
            },
            {
              "origin": [
                -6.93429,
                32.60563,
                4.3652
              ],
              "pivot": [
                -7.73475,
                36.34225,
                2.57848
              ],
              "rotation": [
                116.91945,
                59.70644,
                107.63153
              ],
              "size": [
                0,
                5,
                4
              ],
              "uv": {
                "east": {
                  "uv": [
                    110,
                    37
                  ],
                  "uv_size": [
                    8,
                    10
                  ]
                }
              }
            },
            {
              "origin": [
                -11.58574,
                30.67893,
                2.05107
              ],
              "pivot": [
                -7.73475,
                36.34225,
                2.57848
              ],
              "rotation": [
                179.5607,
                -11.78706,
                150.81468
              ],
              "size": [
                0,
                5,
                4
              ],
              "uv": {
                "east": {
                  "uv": [
                    110,
                    37
                  ],
                  "uv_size": [
                    8,
                    10
                  ]
                }
              }
            },
            {
              "origin": [
                -9.50383,
                31.54128,
                -3.14755
              ],
              "pivot": [
                -7.73475,
                36.34225,
                2.57848
              ],
              "rotation": [
                -57.8738,
                -69.54395,
                53.26548
              ],
              "size": [
                0,
                5,
                4
              ],
              "uv": {
                "east": {
                  "uv": [
                    110,
                    37
                  ],
                  "uv_size": [
                    8,
                    10
                  ]
                }
              }
            }
          ],
          "name": "partyhat",
          "parent": "npc",
          "pivot": [
            -3.98631,
            34.89266,
            0.5656
          ],
          "rotation": [
            -157.34866,
            -70.4892,
            135.20119
          ]
        }
      ],
      "description": {
        "identifier": "geometry.cubecraft.npc.skywars.solo",
        "texture_height": 128,
        "texture_width": 128,
        "visible_bounds_height": 5.5,
        "visible_bounds_offset": [
          0,
          1.25,
          0
        ],
        "visible_bounds_width": 3
      }
    }
  ]
}