{
  "format_version": "1.12.0",
  "minecraft:geometry": [
    {
      "bones": [
        {
          "cubes": [
            {
              "origin": [
                -17.20653,
                11,
                -5.94579
              ],
              "pivot": [
                -7.18731,
                21.5,
                -7.20807
              ],
              "rotation": [
                -1.3378,
                14.94159,
                -5.17544
              ],
              "size": [
                23,
                23,
                0
              ],
              "uv": {
                "down": {
                  "uv": [
                    128,
                    128
                  ],
                  "uv_size": [
                    -4,
                    -4
                  ]
                },
                "east": {
                  "uv": [
                    124,
                    124
                  ],
                  "uv_size": [
                    4,
                    4
                  ]
                },
                "north": {
                  "uv": [
                    102,
                    50
                  ],
                  "uv_size": [
                    22,
                    24
                  ]
                },
                "south": {
                  "uv": [
                    124,
                    124
                  ],
                  "uv_size": [
                    4,
                    4
                  ]
                },
                "up": {
                  "uv": [
                    128,
                    128
                  ],
                  "uv_size": [
                    -4,
                    -4
                  ]
                },
                "west": {
                  "uv": [
                    124,
                    124
                  ],
                  "uv_size": [
                    4,
                    4
                  ]
                }
              }
            }
          ],
          "name": "npc",
          "pivot": [
            0,
            24,
            0
          ],
          "rotation": [
            0,
            60,
            0
          ]
        },
        {
          "cubes": [
            {
              "origin": [
                -12.4169,
                23.75,
                -2.92946
              ],
              "pivot": [
                -8.25752,
                29.74556,
                2.47344
              ],
              "rotation": [
                0,
                -50,
                0
              ],
              "size": [
                8,
                8,
                8
              ],
              "uv": {
                "down": {
                  "uv": [
                    62,
                    55
                  ],
                  "uv_size": [
                    8,
                    -8
                  ]
                },
                "east": {
                  "uv": [
                    46,
                    55
                  ],
                  "uv_size": [
                    8,
                    8
                  ]
                },
                "north": {
                  "uv": [
                    54,
                    55
                  ],
                  "uv_size": [
                    8,
                    8
                  ]
                },
                "south": {
                  "uv": [
                    70,
                    55
                  ],
                  "uv_size": [
                    8,
                    8
                  ]
                },
                "up": {
                  "uv": [
                    54,
                    47
                  ],
                  "uv_size": [
                    8,
                    8
                  ]
                },
                "west": {
                  "uv": [
                    62,
                    55
                  ],
                  "uv_size": [
                    8,
                    8
                  ]
                }
              }
            },
            {
              "inflate": 0.2,
              "origin": [
                -12.4169,
                24.75,
                -2.92946
              ],
              "pivot": [
                -8.25752,
                29.74556,
                2.47344
              ],
              "rotation": [
                0,
                -50,
                0
              ],
              "size": [
                8,
                7,
                8
              ],
              "uv": {
                "down": {
                  "uv": [
                    120,
                    8
                  ],
                  "uv_size": [
                    8,
                    -8
                  ]
                },
                "east": {
                  "uv": [
                    78,
                    90
                  ],
                  "uv_size": [
                    -8,
                    7
                  ]
                },
                "north": {
                  "uv": [
                    62,
                    90
                  ],
                  "uv_size": [
                    8,
                    7
                  ]
                },
                "south": {
                  "uv": [
                    78,
                    90
                  ],
                  "uv_size": [
                    8,
                    7
                  ]
                },
                "up": {
                  "uv": [
                    56,
                    33
                  ],
                  "uv_size": [
                    8,
                    8
                  ]
                },
                "west": {
                  "uv": [
                    70,
                    90
                  ],
                  "uv_size": [
                    8,
                    7
                  ]
                }
              }
            },
            {
              "origin": [
                -9.45283,
                29.8045,
                -2.69434
              ],
              "pivot": [
                -9.53965,
                32.57693,
                3.34122
              ],
              "rotation": [
                0,
                -50,
                0
              ],
              "size": [
                0,
                6,
                11
              ],
              "uv": {
                "down": {
                  "uv": [
                    36,
                    36
                  ],
                  "uv_size": [
                    0,
                    -8
                  ]
                },
                "east": {
                  "uv": [
                    28,
                    36
                  ],
                  "uv_size": [
                    8,
                    4
                  ]
                },
                "north": {
                  "uv": [
                    36,
                    36
                  ],
                  "uv_size": [
                    0,
                    4
                  ]
                },
                "south": {
                  "uv": [
                    44,
                    36
                  ],
                  "uv_size": [
                    0,
                    4
                  ]
                },
                "up": {
                  "uv": [
                    36,
                    28
                  ],
                  "uv_size": [
                    0,
                    8
                  ]
                },
                "west": {
                  "uv": [
                    97,
                    36
                  ],
                  "uv_size": [
                    11,
                    6
                  ]
                }
              }
            }
          ],
          "name": "head",
          "parent": "npc",
          "pivot": [
            0,
            23.75,
            0
          ]
        },
        {
          "cubes": [
            {
              "inflate": 0.3,
              "origin": [
                -12.25752,
                12.5,
                -0.39364
              ],
              "size": [
                8,
                11,
                4
              ],
              "uv": {
                "down": {
                  "uv": [
                    28,
                    58
                  ],
                  "uv_size": [
                    8,
                    -4
                  ]
                },
                "east": {
                  "uv": [
                    16,
                    58
                  ],
                  "uv_size": [
                    4,
                    10
                  ]
                },
                "north": {
                  "uv": [
                    20,
                    58
                  ],
                  "uv_size": [
                    8,
                    10
                  ]
                },
                "south": {
                  "uv": [
                    32,
                    58
                  ],
                  "uv_size": [
                    8,
                    10
                  ]
                },
                "up": {
                  "uv": [
                    20,
                    54
                  ],
                  "uv_size": [
                    8,
                    4
                  ]
                },
                "west": {
                  "uv": [
                    28,
                    58
                  ],
                  "uv_size": [
                    4,
                    10
                  ]
                }
              }
            }
          ],
          "name": "body",
          "parent": "npc",
          "pivot": [
            0,
            24,
            0
          ]
        },
        {
          "cubes": [
            {
              "origin": [
                -16.26371,
                12.60915,
                0.65717
              ],
              "pivot": [
                -14.20173,
                16.28236,
                2.10266
              ],
              "rotation": [
                -70,
                -5,
                45
              ],
              "size": [
                4,
                6,
                4
              ],
              "uv": {
                "down": {
                  "uv": [
                    78,
                    47
                  ],
                  "uv_size": [
                    4,
                    -4
                  ]
                },
                "east": {
                  "uv": [
                    70,
                    47
                  ],
                  "uv_size": [
                    4,
                    6
                  ]
                },
                "north": {
                  "uv": [
                    74,
                    47
                  ],
                  "uv_size": [
                    4,
                    6
                  ]
                },
                "south": {
                  "uv": [
                    82,
                    47
                  ],
                  "uv_size": [
                    4,
                    6
                  ]
                },
                "up": {
                  "uv": [
                    74,
                    43
                  ],
                  "uv_size": [
                    4,
                    4
                  ]
                },
                "west": {
                  "uv": [
                    78,
                    47
                  ],
                  "uv_size": [
                    4,
                    6
                  ]
                }
              }
            },
            {
              "inflate": 0.2,
              "origin": [
                -16.48428,
                14.37632,
                1.88467
              ],
              "pivot": [
                -14.20173,
                16.28236,
                2.10266
              ],
              "rotation": [
                7.5,
                0,
                45
              ],
              "size": [
                4,
                6,
                4
              ],
              "uv": {
                "down": {
                  "uv": [
                    84,
                    80
                  ],
                  "uv_size": [
                    4,
                    -4
                  ]
                },
                "east": {
                  "uv": [
                    76,
                    80
                  ],
                  "uv_size": [
                    4,
                    6
                  ]
                },
                "north": {
                  "uv": [
                    80,
                    80
                  ],
                  "uv_size": [
                    4,
                    6
                  ]
                },
                "south": {
                  "uv": [
                    88,
                    80
                  ],
                  "uv_size": [
                    4,
                    6
                  ]
                },
                "up": {
                  "uv": [
                    80,
                    76
                  ],
                  "uv_size": [
                    4,
                    4
                  ]
                },
                "west": {
                  "uv": [
                    84,
                    80
                  ],
                  "uv_size": [
                    4,
                    6
                  ]
                }
              }
            }
          ],
          "name": "leftArm",
          "parent": "npc",
          "pivot": [
            -5,
            18,
            1
          ],
          "rotation": [
            -10,
            -10,
            35
          ]
        },
        {
          "cubes": [
            {
              "origin": [
                -3.75934,
                12.98376,
                2.16675
              ],
              "pivot": [
                -0.85495,
                19.18088,
                3.89688
              ],
              "rotation": [
                -10,
                5,
                -28
              ],
              "size": [
                4,
                6,
                4
              ],
              "uv": {
                "down": {
                  "uv": [
                    48,
                    72
                  ],
                  "uv_size": [
                    4,
                    -4
                  ]
                },
                "east": {
                  "uv": [
                    40,
                    72
                  ],
                  "uv_size": [
                    4,
                    6
                  ]
                },
                "north": {
                  "uv": [
                    44,
                    72
                  ],
                  "uv_size": [
                    4,
                    6
                  ]
                },
                "south": {
                  "uv": [
                    52,
                    72
                  ],
                  "uv_size": [
                    4,
                    6
                  ]
                },
                "up": {
                  "uv": [
                    44,
                    68
                  ],
                  "uv_size": [
                    4,
                    4
                  ]
                },
                "west": {
                  "uv": [
                    48,
                    72
                  ],
                  "uv_size": [
                    4,
                    6
                  ]
                }
              }
            },
            {
              "inflate": 0.2,
              "origin": [
                -3.69721,
                18.65798,
                2.10636
              ],
              "pivot": [
                -0.85495,
                19.18088,
                3.89688
              ],
              "rotation": [
                0,
                0,
                -30
              ],
              "size": [
                4,
                6,
                4
              ],
              "uv": {
                "down": {
                  "uv": [
                    8,
                    82
                  ],
                  "uv_size": [
                    4,
                    -4
                  ]
                },
                "east": {
                  "uv": [
                    0,
                    82
                  ],
                  "uv_size": [
                    4,
                    6
                  ]
                },
                "north": {
                  "uv": [
                    4,
                    82
                  ],
                  "uv_size": [
                    4,
                    6
                  ]
                },
                "south": {
                  "uv": [
                    12,
                    82
                  ],
                  "uv_size": [
                    4,
                    6
                  ]
                },
                "up": {
                  "uv": [
                    4,
                    78
                  ],
                  "uv_size": [
                    4,
                    4
                  ]
                },
                "west": {
                  "uv": [
                    8,
                    82
                  ],
                  "uv_size": [
                    4,
                    6
                  ]
                }
              }
            }
          ],
          "name": "rightArm",
          "parent": "npc",
          "pivot": [
            4,
            23,
            2
          ],
          "rotation": [
            -80,
            -10,
            0
          ]
        },
        {
          "cubes": [
            {
              "inflate": 0.2,
              "origin": [
                -12.20752,
                0.36936,
                -1.00894
              ],
              "pivot": [
                -8.53077,
                9.02204,
                1.94671
              ],
              "rotation": [
                15,
                0,
                0
              ],
              "size": [
                4,
                2,
                4
              ],
              "uv": {
                "down": {
                  "uv": [
                    36,
                    44
                  ],
                  "uv_size": [
                    4,
                    -4
                  ]
                },
                "east": {
                  "uv": [
                    29,
                    98
                  ],
                  "uv_size": [
                    -8,
                    4
                  ]
                },
                "north": {
                  "uv": [
                    13,
                    98
                  ],
                  "uv_size": [
                    8,
                    4
                  ]
                },
                "south": {
                  "uv": [
                    4,
                    98
                  ],
                  "uv_size": [
                    8,
                    4
                  ]
                },
                "up": {
                  "uv": [
                    32,
                    40
                  ],
                  "uv_size": [
                    4,
                    4
                  ]
                },
                "west": {
                  "uv": [
                    21,
                    98
                  ],
                  "uv_size": [
                    8,
                    4
                  ]
                }
              }
            },
            {
              "origin": [
                -12.15752,
                6,
                -0.39364
              ],
              "size": [
                4,
                6,
                4
              ],
              "uv": {
                "down": {
                  "uv": [
                    56,
                    83
                  ],
                  "uv_size": [
                    4,
                    -4
                  ]
                },
                "east": {
                  "uv": [
                    48,
                    83
                  ],
                  "uv_size": [
                    4,
                    6
                  ]
                },
                "north": {
                  "uv": [
                    52,
                    83
                  ],
                  "uv_size": [
                    4,
                    6
                  ]
                },
                "south": {
                  "uv": [
                    60,
                    83
                  ],
                  "uv_size": [
                    4,
                    6
                  ]
                },
                "up": {
                  "uv": [
                    52,
                    79
                  ],
                  "uv_size": [
                    4,
                    4
                  ]
                },
                "west": {
                  "uv": [
                    56,
                    83
                  ],
                  "uv_size": [
                    4,
                    6
                  ]
                }
              }
            },
            {
              "origin": [
                -12.2011,
                0.47012,
                -1.06511
              ],
              "pivot": [
                -7.99742,
                9.03427,
                1.16436
              ],
              "rotation": [
                15,
                0,
                0
              ],
              "size": [
                4,
                6,
                4
              ],
              "uv": {
                "down": {
                  "uv": [
                    83,
                    15
                  ],
                  "uv_size": [
                    4,
                    -4
                  ]
                },
                "east": {
                  "uv": [
                    75,
                    15
                  ],
                  "uv_size": [
                    4,
                    6
                  ]
                },
                "north": {
                  "uv": [
                    79,
                    15
                  ],
                  "uv_size": [
                    4,
                    6
                  ]
                },
                "south": {
                  "uv": [
                    87,
                    15
                  ],
                  "uv_size": [
                    4,
                    6
                  ]
                },
                "up": {
                  "uv": [
                    79,
                    11
                  ],
                  "uv_size": [
                    4,
                    4
                  ]
                },
                "west": {
                  "uv": [
                    83,
                    15
                  ],
                  "uv_size": [
                    4,
                    6
                  ]
                }
              }
            },
            {
              "inflate": 0.2,
              "origin": [
                -12.15752,
                6,
                -0.39364
              ],
              "size": [
                4,
                6,
                4
              ],
              "uv": {
                "down": {
                  "uv": [
                    24,
                    82
                  ],
                  "uv_size": [
                    4,
                    -4
                  ]
                },
                "east": {
                  "uv": [
                    16,
                    82
                  ],
                  "uv_size": [
                    4,
                    6
                  ]
                },
                "north": {
                  "uv": [
                    20,
                    82
                  ],
                  "uv_size": [
                    4,
                    6
                  ]
                },
                "south": {
                  "uv": [
                    28,
                    82
                  ],
                  "uv_size": [
                    4,
                    6
                  ]
                },
                "up": {
                  "uv": [
                    20,
                    78
                  ],
                  "uv_size": [
                    4,
                    4
                  ]
                },
                "west": {
                  "uv": [
                    24,
                    82
                  ],
                  "uv_size": [
                    4,
                    6
                  ]
                }
              }
            }
          ],
          "name": "leftLeg",
          "parent": "npc",
          "pivot": [
            -1.9,
            12,
            0
          ],
          "rotation": [
            0,
            0,
            5
          ]
        },
        {
          "cubes": [
            {
              "inflate": 0.2,
              "origin": [
                -8.35752,
                1.56936,
                -1.25894
              ],
              "pivot": [
                -8.53077,
                10.02204,
                1.94671
              ],
              "rotation": [
                15,
                0,
                0
              ],
              "size": [
                4,
                2,
                4
              ],
              "uv": {
                "down": {
                  "uv": [
                    36,
                    44
                  ],
                  "uv_size": [
                    4,
                    -4
                  ]
                },
                "east": {
                  "uv": [
                    29,
                    98
                  ],
                  "uv_size": [
                    -8,
                    4
                  ]
                },
                "north": {
                  "uv": [
                    13,
                    98
                  ],
                  "uv_size": [
                    8,
                    4
                  ]
                },
                "south": {
                  "uv": [
                    4,
                    98
                  ],
                  "uv_size": [
                    8,
                    4
                  ]
                },
                "up": {
                  "uv": [
                    32,
                    40
                  ],
                  "uv_size": [
                    4,
                    4
                  ]
                },
                "west": {
                  "uv": [
                    21,
                    98
                  ],
                  "uv_size": [
                    8,
                    4
                  ]
                }
              }
            },
            {
              "origin": [
                -8.35752,
                7,
                -0.39364
              ],
              "size": [
                4,
                6,
                4
              ],
              "uv": {
                "down": {
                  "uv": [
                    86,
                    57
                  ],
                  "uv_size": [
                    4,
                    -4
                  ]
                },
                "east": {
                  "uv": [
                    78,
                    57
                  ],
                  "uv_size": [
                    4,
                    6
                  ]
                },
                "north": {
                  "uv": [
                    82,
                    57
                  ],
                  "uv_size": [
                    4,
                    6
                  ]
                },
                "south": {
                  "uv": [
                    90,
                    57
                  ],
                  "uv_size": [
                    4,
                    6
                  ]
                },
                "up": {
                  "uv": [
                    82,
                    53
                  ],
                  "uv_size": [
                    4,
                    4
                  ]
                },
                "west": {
                  "uv": [
                    86,
                    57
                  ],
                  "uv_size": [
                    4,
                    6
                  ]
                }
              }
            },
            {
              "origin": [
                -8.34009,
                1.5686,
                -1.25894
              ],
              "pivot": [
                -8.53077,
                10.02204,
                1.94671
              ],
              "rotation": [
                15,
                0,
                0
              ],
              "size": [
                4,
                6,
                4
              ],
              "uv": {
                "down": {
                  "uv": [
                    80,
                    33
                  ],
                  "uv_size": [
                    4,
                    -4
                  ]
                },
                "east": {
                  "uv": [
                    72,
                    33
                  ],
                  "uv_size": [
                    4,
                    6
                  ]
                },
                "north": {
                  "uv": [
                    76,
                    33
                  ],
                  "uv_size": [
                    4,
                    6
                  ]
                },
                "south": {
                  "uv": [
                    84,
                    33
                  ],
                  "uv_size": [
                    4,
                    6
                  ]
                },
                "up": {
                  "uv": [
                    76,
                    29
                  ],
                  "uv_size": [
                    4,
                    4
                  ]
                },
                "west": {
                  "uv": [
                    80,
                    33
                  ],
                  "uv_size": [
                    4,
                    6
                  ]
                }
              }
            },
            {
              "inflate": 0.2,
              "origin": [
                -8.35752,
                7,
                -0.39364
              ],
              "size": [
                4,
                6,
                4
              ],
              "uv": {
                "down": {
                  "uv": [
                    40,
                    82
                  ],
                  "uv_size": [
                    4,
                    -4
                  ]
                },
                "east": {
                  "uv": [
                    32,
                    82
                  ],
                  "uv_size": [
                    4,
                    6
                  ]
                },
                "north": {
                  "uv": [
                    36,
                    82
                  ],
                  "uv_size": [
                    4,
                    6
                  ]
                },
                "south": {
                  "uv": [
                    44,
                    82
                  ],
                  "uv_size": [
                    4,
                    6
                  ]
                },
                "up": {
                  "uv": [
                    36,
                    78
                  ],
                  "uv_size": [
                    4,
                    4
                  ]
                },
                "west": {
                  "uv": [
                    40,
                    82
                  ],
                  "uv_size": [
                    4,
                    6
                  ]
                }
              }
            }
          ],
          "name": "rightLeg",
          "parent": "npc",
          "pivot": [
            1.9,
            13,
            0
          ],
          "rotation": [
            -15,
            0,
            -5
          ]
        }
      ],
      "description": {
        "identifier": "geometry.cubecraft.npc.skywars.duos",
        "texture_height": 128,
        "texture_width": 128,
        "visible_bounds_height": 6.5,
        "visible_bounds_offset": [
          0,
          1.75,
          0
        ],
        "visible_bounds_width": 4
      }
    }
  ]
}