{
  "format_version": "1.12.0",
  "minecraft:geometry": [
    {
      "bones": [
        {
          "cubes": [
            {
              "origin": [
                -4,
                23.25,
                -4
              ],
              "size": [
                8,
                6,
                8
              ],
              "uv": {
                "down": {
                  "uv": [
                    16,
                    21
                  ],
                  "uv_size": [
                    8,
                    -8
                  ]
                },
                "east": {
                  "uv": [
                    0,
                    21
                  ],
                  "uv_size": [
                    8,
                    6
                  ]
                },
                "north": {
                  "uv": [
                    8,
                    21
                  ],
                  "uv_size": [
                    8,
                    6
                  ]
                },
                "south": {
                  "uv": [
                    24,
                    21
                  ],
                  "uv_size": [
                    8,
                    6
                  ]
                },
                "up": {
                  "uv": [
                    8,
                    13
                  ],
                  "uv_size": [
                    8,
                    8
                  ]
                },
                "west": {
                  "uv": [
                    16,
                    21
                  ],
                  "uv_size": [
                    8,
                    6
                  ]
                }
              }
            },
            {
              "origin": [
                -6,
                29.25,
                -6
              ],
              "size": [
                12,
                1,
                12
              ],
              "uv": {
                "down": {
                  "uv": [
                    24,
                    12
                  ],
                  "uv_size": [
                    12,
                    -12
                  ]
                },
                "east": {
                  "uv": [
                    0,
                    12
                  ],
                  "uv_size": [
                    12,
                    1
                  ]
                },
                "north": {
                  "uv": [
                    12,
                    12
                  ],
                  "uv_size": [
                    12,
                    1
                  ]
                },
                "south": {
                  "uv": [
                    36,
                    12
                  ],
                  "uv_size": [
                    12,
                    1
                  ]
                },
                "up": {
                  "uv": [
                    12,
                    0
                  ],
                  "uv_size": [
                    12,
                    12
                  ]
                },
                "west": {
                  "uv": [
                    24,
                    12
                  ],
                  "uv_size": [
                    12,
                    1
                  ]
                }
              }
            },
            {
              "origin": [
                -4,
                29.75,
                -4
              ],
              "size": [
                8,
                3,
                8
              ],
              "uv": {
                "down": {
                  "uv": [
                    16,
                    43
                  ],
                  "uv_size": [
                    8,
                    -8
                  ]
                },
                "east": {
                  "uv": [
                    0,
                    43
                  ],
                  "uv_size": [
                    8,
                    3
                  ]
                },
                "north": {
                  "uv": [
                    8,
                    43
                  ],
                  "uv_size": [
                    8,
                    3
                  ]
                },
                "south": {
                  "uv": [
                    24,
                    43
                  ],
                  "uv_size": [
                    8,
                    3
                  ]
                },
                "up": {
                  "uv": [
                    8,
                    35
                  ],
                  "uv_size": [
                    8,
                    8
                  ]
                },
                "west": {
                  "uv": [
                    16,
                    43
                  ],
                  "uv_size": [
                    8,
                    3
                  ]
                }
              }
            }
          ],
          "name": "head",
          "pivot": [
            0,
            24,
            0
          ]
        },
        {
          "cubes": [
            {
              "inflate": 0.2,
              "origin": [
                -4,
                12.25,
                -2
              ],
              "size": [
                8,
                11,
                4
              ],
              "uv": {
                "down": {
                  "uv": [
                    48,
                    17
                  ],
                  "uv_size": [
                    8,
                    -4
                  ]
                },
                "east": {
                  "uv": [
                    87,
                    48
                  ],
                  "uv_size": [
                    4,
                    11
                  ]
                },
                "north": {
                  "uv": [
                    91,
                    48
                  ],
                  "uv_size": [
                    8,
                    11
                  ]
                },
                "south": {
                  "uv": [
                    52,
                    17
                  ],
                  "uv_size": [
                    8,
                    11
                  ]
                },
                "up": {
                  "uv": [
                    40,
                    13
                  ],
                  "uv_size": [
                    8,
                    4
                  ]
                },
                "west": {
                  "uv": [
                    99,
                    48
                  ],
                  "uv_size": [
                    4,
                    11
                  ]
                }
              }
            },
            {
              "origin": [
                -1.5,
                16.5,
                -2.5
              ],
              "size": [
                3,
                8,
                0
              ],
              "uv": {
                "down": {
                  "uv": [
                    120,
                    0
                  ],
                  "uv_size": [
                    8,
                    0
                  ]
                },
                "east": {
                  "uv": [
                    112,
                    0
                  ],
                  "uv_size": [
                    0,
                    10
                  ]
                },
                "north": {
                  "uv": [
                    99,
                    35
                  ],
                  "uv_size": [
                    4,
                    9
                  ]
                },
                "south": {
                  "uv": [
                    120,
                    0
                  ],
                  "uv_size": [
                    8,
                    10
                  ]
                },
                "up": {
                  "uv": [
                    112,
                    0
                  ],
                  "uv_size": [
                    8,
                    0
                  ]
                },
                "west": {
                  "uv": [
                    120,
                    0
                  ],
                  "uv_size": [
                    0,
                    10
                  ]
                }
              }
            },
            {
              "origin": [
                -4,
                14.25,
                2
              ],
              "size": [
                8,
                9,
                3
              ],
              "uv": {
                "down": {
                  "uv": [
                    47,
                    3
                  ],
                  "uv_size": [
                    8,
                    -3
                  ]
                },
                "east": {
                  "uv": [
                    36,
                    3
                  ],
                  "uv_size": [
                    3,
                    9
                  ]
                },
                "north": {
                  "uv": [
                    39,
                    3
                  ],
                  "uv_size": [
                    8,
                    9
                  ]
                },
                "south": {
                  "uv": [
                    50,
                    3
                  ],
                  "uv_size": [
                    8,
                    9
                  ]
                },
                "up": {
                  "uv": [
                    39,
                    0
                  ],
                  "uv_size": [
                    8,
                    3
                  ]
                },
                "west": {
                  "uv": [
                    47,
                    3
                  ],
                  "uv_size": [
                    3,
                    9
                  ]
                }
              }
            }
          ],
          "name": "body",
          "pivot": [
            0,
            24,
            0
          ]
        },
        {
          "cubes": [
            {
              "origin": [
                -9.74409,
                12.68679,
                -1.53024
              ],
              "pivot": [
                -5.81325,
                24.00638,
                -0.07951
              ],
              "rotation": [
                28,
                9,
                -25
              ],
              "size": [
                4,
                6,
                4
              ],
              "uv": {
                "down": {
                  "uv": [
                    64,
                    41
                  ],
                  "uv_size": [
                    4,
                    -4
                  ]
                },
                "east": {
                  "uv": [
                    56,
                    41
                  ],
                  "uv_size": [
                    4,
                    6
                  ]
                },
                "north": {
                  "uv": [
                    60,
                    41
                  ],
                  "uv_size": [
                    4,
                    6
                  ]
                },
                "south": {
                  "uv": [
                    68,
                    41
                  ],
                  "uv_size": [
                    4,
                    6
                  ]
                },
                "up": {
                  "uv": [
                    60,
                    37
                  ],
                  "uv_size": [
                    4,
                    4
                  ]
                },
                "west": {
                  "uv": [
                    64,
                    41
                  ],
                  "uv_size": [
                    4,
                    6
                  ]
                }
              }
            },
            {
              "origin": [
                -4.94577,
                13.38064,
                6.45036
              ],
              "pivot": [
                -7.03528,
                17.7017,
                -0.16713
              ],
              "rotation": [
                19,
                0,
                -15
              ],
              "size": [
                2,
                2,
                2
              ],
              "uv": {
                "down": {
                  "uv": [
                    24,
                    29
                  ],
                  "uv_size": [
                    2,
                    -2
                  ]
                },
                "east": {
                  "uv": [
                    20,
                    29
                  ],
                  "uv_size": [
                    2,
                    2
                  ]
                },
                "north": {
                  "uv": [
                    22,
                    29
                  ],
                  "uv_size": [
                    2,
                    2
                  ]
                },
                "south": {
                  "uv": [
                    26,
                    29
                  ],
                  "uv_size": [
                    2,
                    2
                  ]
                },
                "up": {
                  "uv": [
                    22,
                    27
                  ],
                  "uv_size": [
                    2,
                    2
                  ]
                },
                "west": {
                  "uv": [
                    24,
                    29
                  ],
                  "uv_size": [
                    2,
                    2
                  ]
                }
              }
            },
            {
              "origin": [
                -4.94577,
                12.1428,
                -0.57176
              ],
              "pivot": [
                -7.03528,
                17.7017,
                -0.16713
              ],
              "rotation": [
                20,
                0,
                -15
              ],
              "size": [
                2,
                4,
                2
              ],
              "uv": {
                "down": {
                  "uv": [
                    4,
                    15
                  ],
                  "uv_size": [
                    2,
                    -2
                  ]
                },
                "east": {
                  "uv": [
                    0,
                    15
                  ],
                  "uv_size": [
                    2,
                    4
                  ]
                },
                "north": {
                  "uv": [
                    2,
                    15
                  ],
                  "uv_size": [
                    2,
                    4
                  ]
                },
                "south": {
                  "uv": [
                    6,
                    15
                  ],
                  "uv_size": [
                    2,
                    4
                  ]
                },
                "up": {
                  "uv": [
                    2,
                    13
                  ],
                  "uv_size": [
                    2,
                    2
                  ]
                },
                "west": {
                  "uv": [
                    4,
                    15
                  ],
                  "uv_size": [
                    2,
                    4
                  ]
                }
              }
            },
            {
              "inflate": -0.2,
              "origin": [
                -4.94577,
                13.1428,
                0.42824
              ],
              "pivot": [
                -7.03528,
                17.7017,
                -0.16713
              ],
              "rotation": [
                20,
                0,
                -15
              ],
              "size": [
                2,
                2,
                8
              ],
              "uv": {
                "down": {
                  "uv": [
                    26,
                    54
                  ],
                  "uv_size": [
                    2,
                    -8
                  ]
                },
                "east": {
                  "uv": [
                    16,
                    54
                  ],
                  "uv_size": [
                    8,
                    2
                  ]
                },
                "north": {
                  "uv": [
                    24,
                    54
                  ],
                  "uv_size": [
                    2,
                    2
                  ]
                },
                "south": {
                  "uv": [
                    34,
                    54
                  ],
                  "uv_size": [
                    2,
                    2
                  ]
                },
                "up": {
                  "uv": [
                    24,
                    46
                  ],
                  "uv_size": [
                    2,
                    8
                  ]
                },
                "west": {
                  "uv": [
                    26,
                    54
                  ],
                  "uv_size": [
                    8,
                    2
                  ]
                }
              }
            },
            {
              "inflate": -0.4,
              "origin": [
                -4.94577,
                12.6428,
                -11.57176
              ],
              "pivot": [
                -7.03528,
                17.7017,
                -0.16713
              ],
              "rotation": [
                20,
                0,
                -15
              ],
              "size": [
                2,
                3,
                12
              ],
              "uv": {
                "down": {
                  "uv": [
                    34,
                    32
                  ],
                  "uv_size": [
                    2,
                    -12
                  ]
                },
                "east": {
                  "uv": [
                    20,
                    32
                  ],
                  "uv_size": [
                    12,
                    3
                  ]
                },
                "north": {
                  "uv": [
                    32,
                    32
                  ],
                  "uv_size": [
                    2,
                    3
                  ]
                },
                "south": {
                  "uv": [
                    46,
                    32
                  ],
                  "uv_size": [
                    2,
                    3
                  ]
                },
                "up": {
                  "uv": [
                    32,
                    20
                  ],
                  "uv_size": [
                    2,
                    12
                  ]
                },
                "west": {
                  "uv": [
                    34,
                    32
                  ],
                  "uv_size": [
                    12,
                    3
                  ]
                }
              }
            },
            {
              "inflate": 0.2,
              "origin": [
                -7.8072,
                17.38947,
                -1.60939
              ],
              "pivot": [
                -5.81325,
                24.00638,
                -0.07951
              ],
              "rotation": [
                30,
                0,
                -10
              ],
              "size": [
                4,
                6,
                4
              ],
              "uv": {
                "down": {
                  "uv": [
                    8,
                    57
                  ],
                  "uv_size": [
                    4,
                    -4
                  ]
                },
                "east": {
                  "uv": [
                    0,
                    57
                  ],
                  "uv_size": [
                    4,
                    6
                  ]
                },
                "north": {
                  "uv": [
                    4,
                    57
                  ],
                  "uv_size": [
                    4,
                    6
                  ]
                },
                "south": {
                  "uv": [
                    12,
                    57
                  ],
                  "uv_size": [
                    4,
                    6
                  ]
                },
                "up": {
                  "uv": [
                    4,
                    53
                  ],
                  "uv_size": [
                    4,
                    4
                  ]
                },
                "west": {
                  "uv": [
                    8,
                    57
                  ],
                  "uv_size": [
                    4,
                    6
                  ]
                }
              }
            }
          ],
          "name": "leftArm",
          "pivot": [
            -5,
            22,
            0
          ],
          "rotation": [
            -60,
            15,
            20
          ]
        },
        {
          "cubes": [
            {
              "origin": [
                3.76106,
                11.49463,
                -1.9
              ],
              "pivot": [
                6,
                18,
                0
              ],
              "rotation": [
                -10,
                0,
                0
              ],
              "size": [
                4,
                6,
                4
              ],
              "uv": {
                "down": {
                  "uv": [
                    24,
                    60
                  ],
                  "uv_size": [
                    4,
                    -4
                  ]
                },
                "east": {
                  "uv": [
                    16,
                    60
                  ],
                  "uv_size": [
                    4,
                    6
                  ]
                },
                "north": {
                  "uv": [
                    20,
                    60
                  ],
                  "uv_size": [
                    4,
                    6
                  ]
                },
                "south": {
                  "uv": [
                    28,
                    60
                  ],
                  "uv_size": [
                    4,
                    6
                  ]
                },
                "up": {
                  "uv": [
                    20,
                    56
                  ],
                  "uv_size": [
                    4,
                    4
                  ]
                },
                "west": {
                  "uv": [
                    24,
                    60
                  ],
                  "uv_size": [
                    4,
                    6
                  ]
                }
              }
            },
            {
              "inflate": 0.2,
              "origin": [
                3.80589,
                17.28656,
                -2.1258
              ],
              "size": [
                4,
                6,
                4
              ],
              "uv": {
                "down": {
                  "uv": [
                    60,
                    31
                  ],
                  "uv_size": [
                    4,
                    -4
                  ]
                },
                "east": {
                  "uv": [
                    52,
                    31
                  ],
                  "uv_size": [
                    4,
                    6
                  ]
                },
                "north": {
                  "uv": [
                    56,
                    31
                  ],
                  "uv_size": [
                    4,
                    6
                  ]
                },
                "south": {
                  "uv": [
                    64,
                    31
                  ],
                  "uv_size": [
                    4,
                    6
                  ]
                },
                "up": {
                  "uv": [
                    64,
                    27
                  ],
                  "uv_size": [
                    4,
                    4
                  ]
                },
                "west": {
                  "uv": [
                    60,
                    31
                  ],
                  "uv_size": [
                    4,
                    6
                  ]
                }
              }
            }
          ],
          "name": "rightArm",
          "pivot": [
            5,
            22,
            0
          ],
          "rotation": [
            10,
            0,
            -15
          ]
        },
        {
          "cubes": [
            {
              "origin": [
                -3.98682,
                -0.25,
                -1.5076
              ],
              "pivot": [
                -2,
                7,
                -1.8
              ],
              "rotation": [
                5,
                0,
                0
              ],
              "size": [
                4,
                7,
                4
              ],
              "uv": {
                "down": {
                  "uv": [
                    60,
                    56
                  ],
                  "uv_size": [
                    4,
                    -4
                  ]
                },
                "east": {
                  "uv": [
                    64,
                    67
                  ],
                  "uv_size": [
                    -4,
                    7
                  ]
                },
                "north": {
                  "uv": [
                    68,
                    67
                  ],
                  "uv_size": [
                    -4,
                    7
                  ]
                },
                "south": {
                  "uv": [
                    76,
                    67
                  ],
                  "uv_size": [
                    -4,
                    7
                  ]
                },
                "up": {
                  "uv": [
                    56,
                    52
                  ],
                  "uv_size": [
                    4,
                    4
                  ]
                },
                "west": {
                  "uv": [
                    72,
                    67
                  ],
                  "uv_size": [
                    -4,
                    7
                  ]
                }
              }
            },
            {
              "inflate": 0.1,
              "origin": [
                -4.08682,
                -0.14167,
                -2.61669
              ],
              "pivot": [
                -2.1,
                7.10833,
                -1.7091
              ],
              "rotation": [
                5,
                0,
                0
              ],
              "size": [
                4,
                2,
                1
              ],
              "uv": {
                "down": {
                  "uv": [
                    29,
                    14
                  ],
                  "uv_size": [
                    4,
                    -1
                  ]
                },
                "east": {
                  "uv": [
                    24,
                    14
                  ],
                  "uv_size": [
                    1,
                    2
                  ]
                },
                "north": {
                  "uv": [
                    25,
                    14
                  ],
                  "uv_size": [
                    4,
                    2
                  ]
                },
                "south": {
                  "uv": [
                    30,
                    14
                  ],
                  "uv_size": [
                    4,
                    2
                  ]
                },
                "up": {
                  "uv": [
                    25,
                    13
                  ],
                  "uv_size": [
                    4,
                    1
                  ]
                },
                "west": {
                  "uv": [
                    29,
                    14
                  ],
                  "uv_size": [
                    1,
                    2
                  ]
                }
              }
            },
            {
              "inflate": 0.2,
              "origin": [
                -3.98682,
                6.79386,
                -1.48768
              ],
              "size": [
                4,
                5,
                4
              ],
              "uv": {
                "down": {
                  "uv": [
                    68,
                    21
                  ],
                  "uv_size": [
                    4,
                    -4
                  ]
                },
                "east": {
                  "uv": [
                    60,
                    21
                  ],
                  "uv_size": [
                    4,
                    5
                  ]
                },
                "north": {
                  "uv": [
                    64,
                    21
                  ],
                  "uv_size": [
                    4,
                    5
                  ]
                },
                "south": {
                  "uv": [
                    72,
                    21
                  ],
                  "uv_size": [
                    4,
                    5
                  ]
                },
                "up": {
                  "uv": [
                    64,
                    17
                  ],
                  "uv_size": [
                    4,
                    4
                  ]
                },
                "west": {
                  "uv": [
                    68,
                    21
                  ],
                  "uv_size": [
                    4,
                    5
                  ]
                }
              }
            }
          ],
          "name": "leftLeg",
          "pivot": [
            -1.9,
            12,
            0
          ],
          "rotation": [
            -5,
            10,
            0
          ]
        },
        {
          "cubes": [
            {
              "origin": [
                0.0619,
                -1.03976,
                -0.5234
              ],
              "pivot": [
                2,
                7,
                -1.8
              ],
              "rotation": [
                30,
                0,
                0
              ],
              "size": [
                4,
                7,
                4
              ],
              "uv": {
                "down": {
                  "uv": [
                    44,
                    54
                  ],
                  "uv_size": [
                    4,
                    -4
                  ]
                },
                "east": {
                  "uv": [
                    60,
                    67
                  ],
                  "uv_size": [
                    4,
                    7
                  ]
                },
                "north": {
                  "uv": [
                    64,
                    67
                  ],
                  "uv_size": [
                    4,
                    7
                  ]
                },
                "south": {
                  "uv": [
                    72,
                    67
                  ],
                  "uv_size": [
                    4,
                    7
                  ]
                },
                "up": {
                  "uv": [
                    40,
                    50
                  ],
                  "uv_size": [
                    4,
                    4
                  ]
                },
                "west": {
                  "uv": [
                    68,
                    67
                  ],
                  "uv_size": [
                    4,
                    7
                  ]
                }
              }
            },
            {
              "inflate": 0.1,
              "origin": [
                -0.0381,
                -0.90316,
                -1.6868
              ],
              "pivot": [
                1.9,
                7.1366,
                -1.7634
              ],
              "rotation": [
                30,
                0,
                0
              ],
              "size": [
                4,
                2,
                1
              ],
              "uv": {
                "down": {
                  "uv": [
                    29,
                    17
                  ],
                  "uv_size": [
                    4,
                    -1
                  ]
                },
                "east": {
                  "uv": [
                    24,
                    17
                  ],
                  "uv_size": [
                    1,
                    2
                  ]
                },
                "north": {
                  "uv": [
                    25,
                    17
                  ],
                  "uv_size": [
                    4,
                    2
                  ]
                },
                "south": {
                  "uv": [
                    30,
                    17
                  ],
                  "uv_size": [
                    4,
                    2
                  ]
                },
                "up": {
                  "uv": [
                    25,
                    16
                  ],
                  "uv_size": [
                    4,
                    1
                  ]
                },
                "west": {
                  "uv": [
                    29,
                    17
                  ],
                  "uv_size": [
                    1,
                    2
                  ]
                }
              }
            },
            {
              "inflate": 0.2,
              "origin": [
                -0.03463,
                6.93567,
                -1.44855
              ],
              "pivot": [
                2.16068,
                12.31001,
                0.21239
              ],
              "rotation": [
                15,
                0,
                0
              ],
              "size": [
                4,
                5,
                4
              ],
              "uv": {
                "down": {
                  "uv": [
                    64,
                    12
                  ],
                  "uv_size": [
                    4,
                    -4
                  ]
                },
                "east": {
                  "uv": [
                    56,
                    12
                  ],
                  "uv_size": [
                    4,
                    5
                  ]
                },
                "north": {
                  "uv": [
                    60,
                    12
                  ],
                  "uv_size": [
                    4,
                    5
                  ]
                },
                "south": {
                  "uv": [
                    68,
                    12
                  ],
                  "uv_size": [
                    4,
                    5
                  ]
                },
                "up": {
                  "uv": [
                    60,
                    8
                  ],
                  "uv_size": [
                    4,
                    4
                  ]
                },
                "west": {
                  "uv": [
                    64,
                    12
                  ],
                  "uv_size": [
                    4,
                    5
                  ]
                }
              }
            }
          ],
          "name": "rightLeg",
          "pivot": [
            1.9,
            12,
            0
          ],
          "rotation": [
            -35,
            -10,
            -5
          ]
        },
        {
          "cubes": [
            {
              "origin": [
                1.00978,
                30.73131,
                -1.72828
              ],
              "pivot": [
                0.26525,
                36.42949,
                2.58038
              ],
              "rotation": [
                5.01502,
                13.2014,
                -6.04222
              ],
              "size": [
                6,
                2,
                6
              ],
              "uv": {
                "east": {
                  "uv": [
                    120,
                    45
                  ],
                  "uv_size": [
                    6,
                    2
                  ]
                },
                "north": {
                  "uv": [
                    120,
                    45
                  ],
                  "uv_size": [
                    6,
                    2
                  ]
                },
                "south": {
                  "uv": [
                    120,
                    45
                  ],
                  "uv_size": [
                    6,
                    2
                  ]
                },
                "up": {
                  "uv": [
                    120,
                    40
                  ],
                  "uv_size": [
                    6,
                    6
                  ]
                },
                "west": {
                  "uv": [
                    120,
                    45
                  ],
                  "uv_size": [
                    6,
                    2
                  ]
                }
              }
            },
            {
              "origin": [
                3.35514,
                33.64118,
                -0.72828
              ],
              "pivot": [
                0.26525,
                36.42949,
                2.58038
              ],
              "rotation": [
                9.71404,
                10.27784,
                16.75279
              ],
              "size": [
                0,
                9,
                4
              ],
              "uv": {
                "east": {
                  "uv": [
                    110,
                    29
                  ],
                  "uv_size": [
                    8,
                    18
                  ]
                }
              }
            },
            {
              "origin": [
                1.06571,
                32.69287,
                4.3671
              ],
              "pivot": [
                0.26525,
                36.42949,
                2.58038
              ],
              "rotation": [
                116.91945,
                59.70644,
                107.63153
              ],
              "size": [
                0,
                5,
                4
              ],
              "uv": {
                "east": {
                  "uv": [
                    110,
                    37
                  ],
                  "uv_size": [
                    8,
                    10
                  ]
                }
              }
            },
            {
              "origin": [
                -3.58574,
                30.76617,
                2.05297
              ],
              "pivot": [
                0.26525,
                36.42949,
                2.58038
              ],
              "rotation": [
                179.5607,
                -11.78706,
                150.81468
              ],
              "size": [
                0,
                5,
                4
              ],
              "uv": {
                "east": {
                  "uv": [
                    110,
                    37
                  ],
                  "uv_size": [
                    8,
                    10
                  ]
                }
              }
            },
            {
              "origin": [
                -1.50383,
                31.62852,
                -3.14565
              ],
              "pivot": [
                0.26525,
                36.42949,
                2.58038
              ],
              "rotation": [
                -57.8738,
                -69.54395,
                53.26548
              ],
              "size": [
                0,
                5,
                4
              ],
              "uv": {
                "east": {
                  "uv": [
                    110,
                    37
                  ],
                  "uv_size": [
                    8,
                    10
                  ]
                }
              }
            }
          ],
          "name": "partyhat",
          "pivot": [
            4.01369,
            34.9799,
            0.5675
          ],
          "rotation": [
            -156.50094,
            -76.832,
            174.984
          ]
        }
      ],
      "description": {
        "identifier": "geometry.cubecraft.npc.survivalgames.solo",
        "texture_height": 128,
        "texture_width": 128,
        "visible_bounds_height": 5.5,
        "visible_bounds_offset": [
          0,
          1.25,
          0
        ],
        "visible_bounds_width": 3
      }
    }
  ]
}