{
  "format_version": "1.8.0",
  "minecraft:client_entity": {
    "description": {
      "animation_controllers": [
        {
          "general": "controller.animation.earth.general"
        }
      ],
      "animations": {
        "rotate": "animation.earth.rotate",
        "rotatenomoon": "animation.earth.rotatenomoon"
      },
      "geometry": {
        "default": "geometry.earth"
      },
      "identifier": "skyblock:earth",
      "materials": {
        "default": "translucence"
      },
      "render_controllers": [
        "controller.render.translucence"
      ],
      "textures": {
        "default": "textures/entity/game/skyblock/earth"
      }
    }
  }
}