{"format_version":"1.10.0","minecraft:attachable":{"description":{"animations":{"firstperson_main_hand":"animation.geyser_custom.geo_f81cf9c.firstperson_main_hand","thirdperson_main_hand":"animation.geyser_custom.geo_f81cf9c.thirdperson_main_hand"},"geometry":{"default":"geometry.geyser_custom.geo_f81cf9c"},"identifier":"geyser_custom:gun_m14_normal","materials":{"default":"entity_alphatest_one_sided","enchanted":"entity_alphatest_one_sided"},"render_controllers":["controller.render.item_default"],"scripts":{"animate":[{"thirdperson_main_hand":"v.main_hand && !c.is_first_person"},{"firstperson_main_hand":"v.main_hand && c.is_first_person"}],"pre_animation":["v.main_hand = c.item_slot == 'main_hand';"]},"textures":{"default":"textures/geyser/geyser_custom/2","enchanted":"textures/misc/enchanted_item_glint"}}}}