{"format_version":"1.10.0","minecraft:attachable":{"description":{"animations":{"firstperson_main_hand":"animation.geyser_custom.zzz_stormshock_normal.firstperson_main_hand","thirdperson_main_hand":"animation.geyser_custom.zzz_stormshock_normal.thirdperson_main_hand"},"geometry":{"default":"geometry.geyser_custom.stormshock_normal"},"identifier":"geyser_custom:gun_stormshock_clone","materials":{"default":"entity_alphatest","enchanted":"entity_alphatest"},"render_controllers":["controller.render.item_default"],"scripts":{"animate":[{"thirdperson_main_hand":"v.main_hand && !c.is_first_person"},{"firstperson_main_hand":"v.main_hand && c.is_first_person"}],"pre_animation":["v.main_hand = c.item_slot == 'main_hand';"]},"textures":{"default":"textures/blocks/guns/zzz_stormshock/zzz_stormshock_normal","enchanted":"textures/misc/enchanted_item_glint"}}}}