{
  "animations": {
    "animation.eggskin.cupcake.exploding": {
      "animation_length": 4.20833,
      "bones": {
        "aftermath": {
          "position": [
            0,
            0.25,
            0
          ],
          "scale": {
            "0.0": [
              0,
              0,
              0
            ],
            "0.4583": [
              0,
              0,
              0
            ],
            "0.625": [
              1.02,
              1,
              1.02
            ]
          }
        },
        "bone": {
          "scale": {
            "0.3333": [
              1,
              1,
              1
            ],
            "0.375": [
              0,
              0,
              0
            ]
          }
        },
        "cake": {
          "scale": {
            "0.0": [
              1,
              1,
              1
            ],
            "0.3333": [
              1.2,
              1.2,
              1.2
            ],
            "0.375": [
              1,
              1,
              1
            ]
          }
        },
        "cherry": {
          "position": {
            "0.375": [
              0,
              0,
              0
            ],
            "0.5417": [
              0,
              16,
              0
            ],
            "1.0": [
              0,
              -13,
              0
            ]
          },
          "rotation": {
            "0.375": [
              0,
              0,
              0
            ],
            "0.5417": [
              0,
              0,
              -45
            ],
            "0.9167": [
              13.05647,
              18.19938,
              -326.13228
            ],
            "1.125": [
              17.88283,
              13.49348,
              -308.59974
            ]
          }
        },
        "dispair": {
          "position": {
            "0.0": [
              0,
              0,
              1
            ],
            "0.0417": [
              0,
              0,
              0
            ]
          }
        },
        "exploded": {
          "scale": {
            "0.0": [
              0,
              0,
              0
            ],
            "0.3333": [
              0,
              0,
              0
            ],
            "0.375": [
              1.5,
              1.2,
              1
            ],
            "0.5": [
              1.7,
              1.4,
              1
            ],
            "0.5833": [
              0,
              0,
              0
            ]
          }
        },
        "eyelids": {
          "scale": [
            1,
            0,
            1
          ]
        },
        "smile": {
          "position": {
            "0.0": [
              0,
              0,
              0
            ],
            "0.0417": [
              0,
              0,
              1
            ]
          }
        },
        "spill": {
          "scale": {
            "0.625": [
              1,
              0,
              1
            ],
            "2.375": [
              1,
              1,
              1
            ]
          }
        }
      },
      "loop": "hold_on_last_frame",
      "particle_effects": {
        "0.375": {
          "effect": "cubecraft:cupcake_bits",
          "locator": "explosionspawn"
        }
      }
    },
    "animation.eggskin.cupcake.idle": {
      "animation_length": 4.5,
      "bones": {
        "aftermath": {
          "scale": {
            "0.0": [
              0,
              0,
              0
            ],
            "1.5": [
              0,
              0,
              0
            ],
            "2.75": [
              0,
              0,
              0
            ],
            "3.0": [
              0,
              0,
              0
            ],
            "4.5": [
              0,
              0,
              0
            ]
          }
        },
        "cake": {
          "scale": {
            "0.0": [
              1,
              1,
              1
            ],
            "0.25": [
              1,
              0.9,
              1
            ],
            "0.5": [
              1,
              1.1,
              1
            ],
            "1.0": [
              1,
              0.9,
              1
            ],
            "1.25": [
              1,
              1,
              1
            ],
            "1.5": [
              1,
              1,
              1
            ],
            "1.75": [
              1,
              0.9,
              1
            ],
            "2.0": [
              1,
              1.1,
              1
            ],
            "2.5": [
              1,
              0.9,
              1
            ],
            "2.75": [
              1,
              1,
              1
            ],
            "3.0": [
              1,
              1,
              1
            ],
            "3.25": [
              1,
              0.9,
              1
            ],
            "3.5": [
              1,
              1.1,
              1
            ],
            "4.0": [
              1,
              0.9,
              1
            ],
            "4.25": [
              1,
              1,
              1
            ],
            "4.5": [
              1,
              1,
              1
            ]
          }
        },
        "cherry": {
          "position": {
            "0.5": [
              0,
              0,
              0
            ],
            "0.75": [
              0,
              2,
              0
            ],
            "1.0": [
              0,
              0,
              0
            ],
            "2.0": [
              0,
              0,
              0
            ],
            "2.25": [
              0,
              2,
              0
            ],
            "2.5": [
              0,
              0,
              0
            ],
            "3.0": [
              0,
              0,
              0
            ],
            "3.5": [
              0,
              0,
              0
            ],
            "3.75": [
              0,
              2,
              0
            ],
            "4.0": [
              0,
              0,
              0
            ]
          }
        },
        "dispair": {
          "position": {
            "0.0": [
              0,
              0,
              1
            ],
            "1.5": [
              0,
              0,
              1
            ],
            "2.75": [
              0,
              0,
              1
            ],
            "3.0": [
              0,
              0,
              1
            ],
            "4.5": [
              0,
              0,
              1
            ]
          }
        },
        "exploded": {
          "scale": {
            "0.0": [
              0,
              0,
              0
            ],
            "1.5": [
              0,
              0,
              0
            ],
            "2.75": [
              0,
              0,
              0
            ],
            "3.0": [
              0,
              0,
              0
            ],
            "4.5": [
              0,
              0,
              0
            ]
          }
        },
        "eyelids": {
          "scale": {
            "0.0": [
              1,
              0,
              1
            ],
            "1.5": [
              1,
              0,
              1
            ],
            "1.6667": [
              1,
              1,
              1
            ],
            "1.875": [
              1,
              0,
              1
            ],
            "3.0": [
              1,
              0,
              1
            ],
            "4.5": [
              1,
              0,
              1
            ]
          }
        }
      },
      "loop": true
    }
  },
  "format_version": "1.8.0"
}