{
  "animations": {
    "animation.dragonskeep.eggskin.break": {
      "animation_length": 7.54167,
      "bones": {
        "bubble": {
          "position": {
            "0.0": [
              0,
              -0.6,
              11.75
            ],
            "5.125": [
              0,
              -0.6,
              11.75
            ]
          },
          "scale": {
            "0.0": [
              0,
              0,
              0
            ],
            "5.125": [
              1,
              0,
              1
            ],
            "6.0417": [
              1,
              1,
              1
            ],
            "6.0833": [
              0,
              0,
              0
            ]
          }
        },
        "castle_bottom": {
          "position": {
            "0.0": [
              0,
              0,
              0
            ],
            "0.0417": [
              0,
              -0.25,
              0
            ],
            "0.0833": [
              0,
              0,
              0
            ],
            "0.125": [
              0,
              -0.75,
              0
            ],
            "0.1667": [
              0,
              -0.5,
              0
            ],
            "0.2083": [
              0,
              -1,
              0
            ],
            "0.25": [
              0,
              -0.75,
              0
            ],
            "0.2917": [
              0,
              -1.25,
              0
            ],
            "0.3333": [
              0,
              -1,
              0
            ],
            "0.375": [
              0,
              -1.75,
              0
            ],
            "0.4167": [
              0,
              -1.5,
              0
            ],
            "0.4583": [
              0,
              -2,
              0
            ],
            "0.5": [
              0,
              -2,
              0
            ],
            "0.75": [
              0,
              -2,
              0
            ],
            "1.0417": [
              0,
              -3.25,
              0
            ],
            "2.6667": [
              0,
              -5,
              0
            ],
            "3.25": [
              0,
              -6.39,
              0
            ],
            "3.8333": [
              0,
              -8.31,
              0
            ],
            "4.4167": [
              0,
              -10.41,
              0
            ],
            "5.0": [
              0,
              -12.38,
              0
            ],
            "5.5833": [
              0,
              -13.89,
              0
            ],
            "5.7917": [
              0,
              -14.25,
              0
            ]
          },
          "rotation": {
            "0.0": [
              0,
              0,
              0
            ],
            "0.5": [
              0,
              0,
              0
            ],
            "0.75": [
              0,
              0,
              0
            ],
            "1.0417": [
              0,
              0,
              0
            ],
            "2.6667": [
              -9.96,
              -0.87,
              -4.92
            ]
          },
          "scale": {
            "0.5": [
              1,
              1,
              1
            ],
            "0.75": [
              1,
              1,
              1
            ],
            "1.0417": [
              1,
              1,
              1
            ],
            "2.6667": [
              0.8,
              0.8,
              0.8
            ],
            "3.25": [
              0.8013,
              0.8013,
              0.8013
            ],
            "3.8333": [
              0.8283,
              0.8283,
              0.8283
            ],
            "4.4167": [
              0.851,
              0.851,
              0.851
            ],
            "5.0": [
              0.8395,
              0.8395,
              0.8395
            ],
            "5.375": [
              0.8,
              0.8,
              0.8
            ],
            "5.5833": [
              0.4829,
              0.4829,
              0.4829
            ],
            "5.875": [
              0,
              0,
              0
            ]
          }
        },
        "dragon": {
          "position": {
            "0.25": [
              0,
              0,
              0
            ],
            "0.5833": [
              0,
              -2,
              0
            ],
            "0.8333": [
              0,
              -1.47,
              0
            ],
            "1.2917": [
              0,
              0,
              0
            ],
            "1.4167": [
              0,
              -0.14,
              0
            ],
            "1.7083": [
              0,
              -1,
              0
            ],
            "2.0": [
              0,
              -0.34,
              0
            ],
            "2.1667": [
              0,
              0,
              0
            ],
            "2.4167": [
              0,
              -0.5,
              0
            ],
            "2.5833": [
              0,
              -0.2,
              0
            ],
            "2.7083": [
              0,
              0,
              0
            ],
            "3.0417": [
              0,
              -0.5,
              0
            ],
            "3.1667": [
              0,
              -0.3,
              0
            ],
            "3.3333": [
              0,
              0,
              0
            ],
            "3.5833": [
              0,
              -0.5,
              0
            ],
            "3.75": [
              0,
              -0.2,
              0
            ],
            "3.875": [
              0,
              0,
              0
            ],
            "4.2083": [
              0,
              -0.5,
              0
            ],
            "4.3333": [
              0,
              -0.3,
              0
            ],
            "4.5": [
              0,
              0,
              0
            ],
            "4.7917": [
              0,
              -0.5,
              0
            ],
            "4.9167": [
              0,
              -0.34,
              0
            ],
            "5.125": [
              0,
              0,
              0
            ],
            "5.375": [
              0,
              -0.5,
              0
            ],
            "5.5": [
              0,
              -0.3,
              0
            ],
            "5.6667": [
              0,
              0,
              0
            ],
            "5.9583": [
              0,
              -0.5,
              0
            ],
            "6.0833": [
              0,
              -0.34,
              0
            ],
            "6.2917": [
              0,
              0,
              0
            ],
            "6.5417": [
              0,
              -0.5,
              0
            ],
            "6.6667": [
              0,
              -0.3,
              0
            ],
            "6.8333": [
              0,
              0,
              0
            ],
            "7.125": [
              0,
              -0.5,
              0
            ],
            "7.25": [
              0,
              -0.36,
              0
            ],
            "7.4583": [
              0,
              0,
              0
            ]
          },
          "rotation": {
            "0.6667": [
              0,
              0,
              0
            ],
            "1.25": [
              -11.14,
              -1.15,
              0.83
            ],
            "1.6667": [
              -18.45,
              -1.9,
              1.38
            ]
          },
          "scale": {
            "7.25": [
              1,
              1,
              1
            ],
            "7.5": [
              0,
              0,
              0
            ]
          }
        },
        "front_left_leg": {
          "position": {
            "0.0": [
              0,
              0,
              0
            ],
            "0.5833": [
              0,
              0,
              0
            ],
            "0.6667": [
              0,
              0,
              0
            ]
          },
          "rotation": {
            "0.0": [
              0,
              0,
              0
            ],
            "0.5833": [
              -0.68,
              -0.43,
              0.48
            ],
            "0.6667": [
              0,
              0,
              0
            ],
            "1.1667": [
              13.46,
              8.7,
              -9.51
            ],
            "1.2083": [
              14.18,
              9.06,
              -10.05
            ],
            "1.6667": [
              15.83,
              6.97,
              -12.16
            ],
            "1.75": [
              15.49,
              6.93,
              -11.96
            ],
            "2.3333": [
              11.22,
              6.82,
              -9.19
            ],
            "2.9167": [
              5.52,
              6.89,
              -5.39
            ],
            "3.5": [
              1.03,
              6.97,
              -2.31
            ],
            "3.5417": [
              0.83,
              6.97,
              -2.16
            ],
            "4.0833": [
              -2.62,
              6.97,
              0.91
            ],
            "4.2083": [
              -1.67,
              6.97,
              0.34
            ],
            "4.6667": [
              1.1,
              6.97,
              -1.59
            ],
            "5.25": [
              6.71,
              6.97,
              -5.6
            ],
            "5.8333": [
              12.49,
              6.97,
              -9.76
            ],
            "6.3333": [
              15.83,
              6.97,
              -12.16
            ]
          }
        },
        "front_right_leg": {
          "position": {
            "0.0": [
              0,
              0,
              0
            ],
            "0.5833": [
              0,
              0,
              0
            ],
            "0.6667": [
              0,
              0,
              0
            ]
          },
          "rotation": {
            "0.0": [
              0,
              0,
              0
            ],
            "0.5833": [
              2.44,
              0.26,
              3.13
            ],
            "0.6667": [
              0,
              0,
              0
            ],
            "1.1667": [
              -24.92,
              -2.68,
              -33.32
            ],
            "1.6667": [
              -51.09,
              -5.36,
              -65.38
            ],
            "1.75": [
              -52.38,
              -5.47,
              -66.46
            ],
            "2.3333": [
              -58.09,
              -5.76,
              -67.09
            ],
            "2.9167": [
              -60.02,
              -5.56,
              -60.95
            ],
            "3.5": [
              -60.98,
              -5.36,
              -55.54
            ],
            "3.5417": [
              -61.09,
              -5.36,
              -55.38
            ],
            "4.0833": [
              -61.85,
              -5.36,
              -52.31
            ],
            "4.2083": [
              -61.09,
              -5.36,
              -52.88
            ],
            "4.6667": [
              -59.41,
              -5.36,
              -54.81
            ],
            "5.25": [
              -56.21,
              -5.36,
              -58.82
            ],
            "5.8333": [
              -52.97,
              -5.36,
              -62.98
            ],
            "6.3333": [
              -51.09,
              -5.36,
              -65.38
            ]
          }
        },
        "head": {
          "rotation": {
            "0.0": [
              0,
              0,
              0
            ],
            "0.5833": [
              21.2,
              4.81,
              -13.75
            ],
            "0.7083": [
              23.65,
              6.28,
              -16.99
            ],
            "1.1667": [
              23.2,
              9.55,
              -22.39
            ],
            "1.75": [
              18.68,
              14.65,
              -29.81
            ],
            "2.3333": [
              13.93,
              17.31,
              -34.22
            ],
            "2.4583": [
              13.31,
              17.21,
              -34.4
            ],
            "2.9167": [
              11.59,
              13.31,
              -31.24
            ],
            "3.5": [
              10.1,
              4.44,
              -22.69
            ],
            "4.0833": [
              9.52,
              -0.97,
              -17.28
            ],
            "4.125": [
              9.52,
              -1,
              -17.25
            ],
            "4.6667": [
              9.83,
              0.52,
              -18.67
            ],
            "5.25": [
              10.68,
              4.61,
              -22.53
            ],
            "5.8333": [
              11.76,
              9.79,
              -27.41
            ],
            "6.4167": [
              12.76,
              14.57,
              -31.91
            ],
            "6.9167": [
              13.31,
              17.21,
              -34.4
            ]
          }
        },
        "lava": {
          "position": {
            "5.25": [
              0,
              0,
              0
            ],
            "6.2083": [
              0,
              -1.25,
              0
            ]
          },
          "rotation": {
            "0.0": [
              0,
              0,
              0
            ],
            "5.2083": [
              0,
              0,
              0
            ],
            "5.7083": [
              -2.5,
              0,
              0
            ],
            "6.2083": [
              -2.5,
              0,
              0
            ]
          },
          "scale": {
            "0.0": [
              1,
              1,
              1
            ],
            "5.7083": [
              1,
              1,
              1
            ],
            "6.2083": [
              0.95,
              0.95,
              0.95
            ],
            "6.2917": [
              0,
              0,
              0
            ]
          }
        },
        "left_wing": {
          "rotation": {
            "0.25": [
              2.02,
              1.38,
              -0.37
            ],
            "0.5833": [
              -18.76,
              -21.53,
              -17.77
            ],
            "0.8333": [
              2.02,
              1.38,
              -0.37
            ],
            "1.2083": [
              -18.76,
              -21.53,
              -17.77
            ],
            "1.4167": [
              0.48,
              -0.32,
              -1.66
            ],
            "1.4583": [
              2.02,
              1.38,
              -0.37
            ],
            "1.7917": [
              -18.76,
              -21.53,
              -17.77
            ],
            "2.0": [
              0.48,
              -0.32,
              -1.66
            ],
            "2.0417": [
              2.02,
              1.38,
              -0.37
            ],
            "2.4167": [
              -18.76,
              -21.53,
              -17.77
            ],
            "2.5833": [
              -3.37,
              -4.56,
              -4.88
            ],
            "2.6667": [
              2.02,
              1.38,
              -0.37
            ],
            "3.0": [
              -18.76,
              -21.53,
              -17.77
            ],
            "3.1667": [
              -3.37,
              -4.56,
              -4.88
            ],
            "3.25": [
              2.02,
              1.38,
              -0.37
            ],
            "3.625": [
              -18.76,
              -21.53,
              -17.77
            ],
            "3.75": [
              -8.37,
              -10.08,
              -9.07
            ],
            "3.875": [
              2.02,
              1.38,
              -0.37
            ],
            "4.2083": [
              -18.76,
              -21.53,
              -17.77
            ],
            "4.3333": [
              -8.37,
              -10.08,
              -9.07
            ],
            "4.4583": [
              2.02,
              1.38,
              -0.37
            ],
            "4.8333": [
              -18.76,
              -21.53,
              -17.77
            ],
            "4.9167": [
              -13.38,
              -15.59,
              -13.26
            ],
            "5.0833": [
              2.02,
              1.38,
              -0.37
            ],
            "5.4167": [
              -18.76,
              -21.53,
              -17.77
            ],
            "5.5": [
              -13.38,
              -15.59,
              -13.26
            ],
            "5.6667": [
              2.02,
              1.38,
              -0.37
            ],
            "6.0417": [
              -18.76,
              -21.53,
              -17.77
            ],
            "6.0833": [
              -17.22,
              -19.83,
              -16.48
            ],
            "6.2917": [
              2.02,
              1.38,
              -0.37
            ],
            "6.625": [
              -18.76,
              -21.53,
              -17.77
            ],
            "6.6667": [
              -17.22,
              -19.83,
              -16.48
            ],
            "6.875": [
              2.02,
              1.38,
              -0.37
            ],
            "7.25": [
              -18.76,
              -21.53,
              -17.77
            ],
            "7.5": [
              2.02,
              1.38,
              -0.37
            ]
          }
        },
        "right_wing": {
          "rotation": {
            "0.2917": [
              1.76,
              -9.33,
              -5.48
            ],
            "0.5833": [
              19.65,
              12.79,
              6.21
            ],
            "0.875": [
              1.76,
              -9.33,
              -5.48
            ],
            "1.2083": [
              19.65,
              12.79,
              6.21
            ],
            "1.4583": [
              2.75,
              -8.1,
              -4.83
            ],
            "1.5": [
              1.76,
              -9.33,
              -5.48
            ],
            "1.7917": [
              19.65,
              12.79,
              6.21
            ],
            "2.0417": [
              2.75,
              -8.1,
              -4.83
            ],
            "2.0833": [
              1.76,
              -9.33,
              -5.48
            ],
            "2.4167": [
              19.65,
              12.79,
              6.21
            ],
            "2.625": [
              5.3,
              -4.94,
              -3.16
            ],
            "2.7083": [
              1.76,
              -9.33,
              -5.48
            ],
            "3.0": [
              19.65,
              12.79,
              6.21
            ],
            "3.2083": [
              5.3,
              -4.94,
              -3.16
            ],
            "3.2917": [
              1.76,
              -9.33,
              -5.48
            ],
            "3.625": [
              19.65,
              12.79,
              6.21
            ],
            "3.7917": [
              8.8,
              -0.62,
              -0.88
            ],
            "3.9167": [
              1.76,
              -9.33,
              -5.48
            ],
            "4.2083": [
              19.65,
              12.79,
              6.21
            ],
            "4.375": [
              8.8,
              -0.62,
              -0.88
            ],
            "4.5": [
              1.76,
              -9.33,
              -5.48
            ],
            "4.8333": [
              19.65,
              12.79,
              6.21
            ],
            "4.9583": [
              12.61,
              4.08,
              1.61
            ],
            "5.125": [
              1.76,
              -9.33,
              -5.48
            ],
            "5.4167": [
              19.65,
              12.79,
              6.21
            ],
            "5.5417": [
              12.61,
              4.08,
              1.61
            ],
            "5.7083": [
              1.76,
              -9.33,
              -5.48
            ],
            "6.0417": [
              19.65,
              12.79,
              6.21
            ],
            "6.125": [
              16.1,
              8.4,
              3.89
            ],
            "6.3333": [
              1.76,
              -9.33,
              -5.48
            ],
            "6.625": [
              19.65,
              12.79,
              6.21
            ],
            "6.7083": [
              16.1,
              8.4,
              3.89
            ],
            "6.9167": [
              1.76,
              -9.33,
              -5.48
            ],
            "7.25": [
              19.65,
              12.79,
              6.21
            ],
            "7.2917": [
              18.81,
              11.76,
              5.66
            ],
            "7.5417": [
              1.76,
              -9.33,
              -5.48
            ]
          }
        },
        "tail": {
          "position": [
            0,
            0,
            0
          ],
          "rotation": {
            "0.0": [
              0,
              0,
              0
            ],
            "0.5833": [
              -9.54,
              0.58,
              11.75
            ],
            "1.0": [
              -18.66,
              2.71,
              23.02
            ],
            "1.1667": [
              -22.55,
              4.65,
              27.87
            ],
            "1.75": [
              -37.76,
              14.57,
              46.92
            ],
            "2.0": [
              -42.96,
              17.51,
              53.22
            ],
            "2.3333": [
              -49.15,
              19.18,
              60.18
            ],
            "2.9167": [
              -55.03,
              18.62,
              65.92
            ],
            "3.0833": [
              -52.96,
              17.51,
              63.22
            ],
            "3.5": [
              -43.39,
              14.12,
              51.66
            ],
            "4.0833": [
              -21.34,
              6.86,
              25.36
            ],
            "4.6667": [
              -3.01,
              0.96,
              3.57
            ],
            "4.9583": [
              0,
              0,
              0
            ],
            "5.25": [
              -1.57,
              0.52,
              1.88
            ],
            "5.8333": [
              -12.1,
              4,
              14.45
            ],
            "6.4167": [
              -27.9,
              9.23,
              33.31
            ],
            "7.0": [
              -43.48,
              14.38,
              51.91
            ],
            "7.5417": [
              -52.96,
              17.51,
              63.22
            ]
          }
        },
        "tail_2": {
          "position": {
            "0.5": [
              0,
              0,
              0
            ],
            "1.0833": [
              0,
              0,
              0
            ],
            "1.6667": [
              0,
              0,
              0
            ],
            "1.8333": [
              0,
              0,
              0
            ]
          },
          "rotation": {
            "0.5": [
              0,
              0,
              0
            ],
            "1.0": [
              -14.25,
              3.64,
              7.61
            ],
            "1.0833": [
              -15.46,
              3.98,
              8.76
            ],
            "1.375": [
              -14.12,
              3.74,
              10.12
            ],
            "1.6667": [
              -1.77,
              1.31,
              2
            ],
            "1.8333": [
              0,
              0,
              0
            ],
            "2.25": [
              -26.23,
              -0.77,
              13.01
            ],
            "2.5417": [
              -39.56,
              -0.86,
              19.84
            ],
            "2.8333": [
              -38.02,
              -0.83,
              19.07
            ],
            "3.4167": [
              -28.09,
              -0.61,
              14.09
            ],
            "4.0": [
              -14.31,
              -0.31,
              7.18
            ],
            "4.5833": [
              -3.02,
              -0.07,
              1.52
            ],
            "5.0": [
              0,
              0,
              0
            ],
            "5.1667": [
              -0.42,
              -0.01,
              0.21
            ],
            "5.75": [
              -7.3,
              -0.16,
              3.66
            ],
            "6.3333": [
              -19.13,
              -0.42,
              9.6
            ],
            "6.9167": [
              -31.39,
              -0.68,
              15.75
            ],
            "7.5": [
              -39.56,
              -0.86,
              19.84
            ]
          }
        },
        "tail_3": {
          "position": {
            "0.75": [
              0,
              0,
              0
            ],
            "1.3333": [
              0,
              0,
              0
            ],
            "1.5833": [
              0,
              0,
              0
            ]
          },
          "rotation": {
            "0.75": [
              0,
              0,
              0
            ],
            "1.0": [
              -1.62,
              -5.44,
              27
            ],
            "1.3333": [
              -2.87,
              -7.36,
              37.96
            ],
            "1.375": [
              -2.83,
              -7.14,
              36.91
            ],
            "1.5833": [
              0,
              0,
              0
            ],
            "1.9167": [
              -1.62,
              -1.96,
              5.31
            ],
            "2.5": [
              -6.26,
              -8.42,
              26.6
            ],
            "2.875": [
              -7.69,
              -10.45,
              33.54
            ],
            "3.0833": [
              -7.49,
              -10.18,
              32.67
            ],
            "3.6667": [
              -5.36,
              -7.28,
              23.38
            ],
            "4.25": [
              -2.33,
              -3.17,
              10.16
            ],
            "4.8333": [
              -0.2,
              -0.27,
              0.87
            ],
            "5.0417": [
              0,
              0,
              0
            ],
            "5.4167": [
              -0.41,
              -0.55,
              1.77
            ],
            "6.0": [
              -2.24,
              -3.04,
              9.76
            ],
            "6.5833": [
              -4.71,
              -6.41,
              20.57
            ],
            "7.1667": [
              -6.91,
              -9.39,
              30.15
            ],
            "7.5": [
              -7.69,
              -10.45,
              33.54
            ]
          }
        }
      },
      "loop": "hold_on_last_frame"
    },
    "animation.dragonskeep.eggskin.idle": {
      "animation_length": 2.41667,
      "bones": {
        "bubble": {
          "scale": 0
        },
        "dragon": {
          "position": {
            "1.0": [
              0,
              0,
              0
            ],
            "1.5": [
              0,
              0.25,
              0
            ],
            "2.0": [
              0,
              0.25,
              0
            ],
            "2.4167": [
              0,
              0,
              0
            ]
          }
        },
        "front_left_leg": {
          "position": {
            "0.0": [
              0,
              0,
              0
            ],
            "0.5833": [
              0.01,
              0.01,
              0.01
            ],
            "1.0": [
              0,
              0,
              0
            ],
            "1.1667": [
              -0.04,
              -0.06,
              -0.03
            ],
            "1.5": [
              -0.12,
              -0.2,
              -0.09
            ],
            "1.75": [
              -0.14,
              -0.22,
              -0.1
            ],
            "2.0": [
              -0.12,
              -0.2,
              -0.09
            ],
            "2.3333": [
              -0.02,
              -0.03,
              -0.01
            ],
            "2.4167": [
              0,
              0,
              0
            ]
          },
          "rotation": {
            "0.0": [
              0,
              0,
              0
            ],
            "0.5833": [
              2.26,
              1.48,
              0.16
            ],
            "1.0": [
              4.32,
              2.43,
              -0.59
            ],
            "1.1667": [
              6.11,
              2.53,
              -2.81
            ],
            "1.5": [
              9.28,
              2.17,
              -7.92
            ],
            "1.75": [
              10.17,
              2.29,
              -8.87
            ],
            "2.0": [
              9.28,
              2.17,
              -7.92
            ],
            "2.3333": [
              1.41,
              0.33,
              -1.2
            ],
            "2.4167": [
              0,
              0,
              0
            ]
          }
        },
        "front_right_leg": {
          "position": {
            "0.0": [
              0,
              0,
              0
            ],
            "0.5833": [
              0.01,
              0.01,
              0.01
            ],
            "1.0": [
              0,
              0,
              0
            ],
            "1.1667": [
              -0.04,
              -0.06,
              -0.03
            ],
            "1.5": [
              -0.12,
              -0.2,
              -0.09
            ],
            "1.75": [
              -0.14,
              -0.22,
              -0.1
            ],
            "2.0": [
              -0.12,
              -0.2,
              -0.09
            ],
            "2.3333": [
              -0.02,
              -0.03,
              -0.01
            ],
            "2.4167": [
              0,
              0,
              0
            ]
          },
          "rotation": {
            "0.0": [
              0,
              0,
              0
            ],
            "0.5833": [
              -3.21,
              0.94,
              -5.54
            ],
            "1.0": [
              -7.73,
              1.68,
              -12.41
            ],
            "1.1667": [
              -14.41,
              2.08,
              -21.49
            ],
            "1.5": [
              -28.34,
              2.62,
              -39.96
            ],
            "1.75": [
              -31.4,
              2.85,
              -44.18
            ],
            "2.0": [
              -28.34,
              2.62,
              -39.96
            ],
            "2.3333": [
              -4.31,
              0.4,
              -6.07
            ],
            "2.4167": [
              0,
              0,
              0
            ]
          }
        },
        "head": {
          "rotation": {
            "0.0": [
              0,
              0,
              0
            ],
            "0.5833": [
              -4.49,
              3.01,
              4.92
            ],
            "0.875": [
              -5.77,
              3.87,
              6.33
            ],
            "1.1667": [
              -5.31,
              3.57,
              5.83
            ],
            "1.75": [
              -2.7,
              1.82,
              2.97
            ],
            "2.3333": [
              -0.19,
              0.13,
              0.21
            ],
            "2.4167": [
              0,
              0,
              0
            ]
          }
        },
        "left_wing": {
          "rotation": {
            "0.0": [
              -18.76,
              -21.53,
              -17.77
            ],
            "0.25": [
              2.02,
              1.38,
              -0.37
            ],
            "0.5833": [
              -18.76,
              -21.53,
              -17.77
            ],
            "0.8333": [
              2.02,
              1.38,
              -0.37
            ],
            "1.1667": [
              -18.05,
              -20.75,
              -17.17
            ],
            "1.2083": [
              -18.76,
              -21.53,
              -17.77
            ],
            "1.4583": [
              2.02,
              1.38,
              -0.37
            ],
            "1.75": [
              -17.87,
              -20.55,
              -17.02
            ],
            "1.7917": [
              -18.76,
              -21.53,
              -17.77
            ],
            "2.0417": [
              2.02,
              1.38,
              -0.37
            ],
            "2.3333": [
              -14.74,
              -17.1,
              -14.4
            ],
            "2.4167": [
              -18.76,
              -21.53,
              -17.77
            ]
          }
        },
        "right_wing": {
          "rotation": {
            "0.0": [
              19.65,
              12.79,
              6.21
            ],
            "0.2917": [
              1.76,
              -9.33,
              -5.48
            ],
            "0.5833": [
              19.65,
              12.79,
              6.21
            ],
            "0.875": [
              1.76,
              -9.33,
              -5.48
            ],
            "1.1667": [
              18.88,
              11.84,
              5.71
            ],
            "1.2083": [
              19.65,
              12.79,
              6.21
            ],
            "1.5": [
              1.76,
              -9.33,
              -5.48
            ],
            "1.75": [
              18.66,
              11.56,
              5.56
            ],
            "1.7917": [
              19.65,
              12.79,
              6.21
            ],
            "2.0833": [
              1.76,
              -9.33,
              -5.48
            ],
            "2.3333": [
              15.59,
              7.78,
              3.56
            ],
            "2.4167": [
              19.65,
              12.79,
              6.21
            ]
          }
        },
        "tail": {
          "position": {
            "0.0": [
              0,
              0,
              0
            ],
            "0.5833": [
              0,
              0,
              0
            ],
            "1.1667": [
              0,
              0,
              0
            ],
            "1.75": [
              0,
              0,
              0
            ],
            "2.3333": [
              0,
              0,
              0
            ]
          },
          "rotation": {
            "0.0": [
              0,
              0,
              0
            ],
            "0.5833": [
              -11.3,
              1.51,
              13.56
            ],
            "1.0": [
              -18.66,
              2.71,
              23.02
            ],
            "1.1667": [
              -20.71,
              3.91,
              28.13
            ],
            "1.375": [
              -18.14,
              4.5,
              27.69
            ],
            "1.75": [
              -11.47,
              2.99,
              17.91
            ],
            "2.3333": [
              0,
              0,
              0
            ]
          }
        },
        "tail_2": {
          "position": {
            "0.5": [
              0,
              0,
              0
            ],
            "1.0833": [
              0,
              0,
              0
            ],
            "1.6667": [
              0,
              0,
              0
            ],
            "1.8333": [
              0,
              0,
              0
            ]
          },
          "rotation": {
            "0.5": [
              0,
              0,
              0
            ],
            "1.0": [
              -14.25,
              3.64,
              7.61
            ],
            "1.0833": [
              -15.46,
              3.98,
              8.76
            ],
            "1.375": [
              -14.12,
              3.74,
              10.12
            ],
            "1.6667": [
              -4.68,
              1.25,
              3.47
            ],
            "1.8333": [
              0,
              0,
              0
            ]
          }
        },
        "tail_3": {
          "position": {
            "0.75": [
              0,
              0,
              0
            ],
            "1.3333": [
              0,
              0,
              0
            ],
            "1.5833": [
              0,
              0,
              0
            ]
          },
          "rotation": {
            "0.75": [
              0,
              0,
              0
            ],
            "1.0": [
              -1.62,
              -5.44,
              27
            ],
            "1.3333": [
              -2.87,
              -7.36,
              37.96
            ],
            "1.375": [
              -2.83,
              -7.14,
              36.91
            ],
            "1.5833": [
              0,
              0,
              0
            ]
          }
        }
      },
      "loop": true
    }
  },
  "format_version": "1.8.0"
}