{
  "animations": {
    "animation.explodingteddy.explode": {
      "animation_length": 2,
      "bones": {
        "arm1": {
          "position": {
            "0.125": [
              0,
              0,
              0
            ],
            "0.2917": [
              14,
              41,
              -8
            ],
            "0.5833": [
              11,
              -18,
              -12
            ],
            "0.7083": [
              11,
              -16,
              -12
            ],
            "0.8333": [
              11,
              -20,
              -12
            ]
          },
          "rotation": {
            "0.125": [
              0,
              0,
              0
            ],
            "0.2917": [
              -114.60981,
              17.72091,
              33.60502
            ],
            "0.5833": [
              -114.61,
              17.72,
              33.61
            ],
            "0.7083": [
              -22.11,
              17.72,
              33.61
            ],
            "0.8333": [
              -60.2033,
              57.87283,
              -0.41555
            ]
          }
        },
        "arm2": {
          "position": {
            "0.125": [
              0,
              0,
              0
            ],
            "0.2917": [
              0,
              42,
              1
            ],
            "0.5833": [
              0,
              -19,
              19
            ],
            "0.75": [
              0,
              -16,
              19
            ],
            "0.9167": [
              0,
              -20,
              19
            ]
          },
          "rotation": {
            "0.125": [
              0,
              0,
              0
            ],
            "0.2917": [
              0,
              0,
              42.5
            ],
            "0.5833": [
              0,
              0,
              42.5
            ],
            "0.75": [
              0,
              0,
              57.5
            ],
            "0.9167": [
              -60,
              0,
              0
            ]
          }
        },
        "body": {
          "position": {
            "0.125": [
              0,
              0,
              0
            ],
            "0.2917": [
              0,
              39,
              -2
            ],
            "0.75": [
              0,
              1,
              -2
            ],
            "0.9167": [
              0,
              2,
              -2
            ],
            "1.0833": [
              0,
              -1,
              -2
            ],
            "1.125": [
              0,
              -2,
              -2
            ]
          },
          "rotation": {
            "0.125": [
              0,
              0,
              0
            ],
            "0.2917": [
              -44.06852,
              19.90349,
              19.37626
            ],
            "0.75": [
              -44.07,
              19.9,
              19.38
            ],
            "0.9167": [
              -114.07,
              19.9,
              19.38
            ],
            "1.0833": [
              -90.89339,
              22.97295,
              0.85743
            ]
          }
        },
        "explosion": {
          "scale": {
            "0.125": [
              0,
              0,
              0
            ],
            "0.1667": [
              1,
              1,
              1
            ],
            "0.25": [
              1.5,
              1.5,
              1
            ],
            "0.2917": [
              0,
              0,
              0
            ]
          }
        },
        "head": {
          "position": {
            "0.125": [
              0,
              0,
              0
            ],
            "0.2917": [
              0,
              29,
              -10
            ],
            "0.6667": [
              0,
              -26,
              -15
            ],
            "0.8333": [
              0,
              -20,
              -15
            ],
            "1.0": [
              0,
              -24,
              -15
            ]
          },
          "rotation": {
            "0.125": [
              0,
              0,
              0
            ],
            "0.2917": [
              47.20513,
              -18.88952,
              16.68541
            ],
            "0.6667": [
              47.21,
              -18.89,
              16.69
            ],
            "0.8333": [
              -15.29,
              -18.89,
              16.69
            ],
            "1.0": [
              -2.27347,
              -22.16633,
              1.05061
            ]
          }
        },
        "leg1": {
          "position": {
            "0.125": [
              0,
              0,
              0
            ],
            "0.2917": [
              15,
              37,
              0
            ],
            "0.5": [
              14,
              -14,
              0
            ],
            "0.6667": [
              14,
              -11,
              0
            ],
            "0.8333": [
              14,
              -16,
              0
            ]
          },
          "rotation": {
            "0.125": [
              0,
              0,
              0
            ],
            "0.2917": [
              0,
              0,
              45
            ],
            "0.5": [
              0,
              0,
              45
            ],
            "0.6667": [
              0,
              37.5,
              45
            ],
            "0.8333": [
              1.15219,
              24.38973,
              4.39102
            ]
          }
        },
        "leg2": {
          "position": {
            "0.125": [
              0,
              0,
              0
            ],
            "0.2917": [
              -16,
              35,
              0
            ],
            "0.5833": [
              -17,
              -15,
              0
            ],
            "0.75": [
              -17,
              -11,
              0
            ],
            "0.9167": [
              -17,
              -16,
              0
            ]
          },
          "rotation": {
            "0.125": [
              0,
              0,
              0
            ],
            "0.2917": [
              66.90546,
              15.35793,
              31.84407
            ],
            "0.5833": [
              25.26329,
              51.86975,
              -2.7286
            ],
            "0.75": [
              -36.57768,
              68.09723,
              -18.09423
            ],
            "0.9167": [
              -32.4571,
              84.3247,
              -33.45986
            ]
          }
        },
        "teddy": {
          "scale": {
            "0.0417": [
              1,
              1,
              1
            ],
            "0.125": [
              1.5,
              1.5,
              1.5
            ],
            "0.1667": [
              0,
              0,
              0
            ],
            "0.25": [
              0,
              0,
              0
            ],
            "0.2917": [
              1,
              1,
              1
            ]
          }
        }
      },
      "loop": "hold_on_last_frame",
      "particle_effects": {
        "0.3333": {
          "effect": "particle",
          "locator": "particle"
        }
      }
    },
    "animation.explodingteddy.idle": {
      "bones": {
        "explosion": {
          "scale": 0
        },
        "fluffparticle1": {
          "scale": 0
        },
        "fluffparticle2": {
          "scale": 0
        },
        "fluffparticle3": {
          "scale": 0
        },
        "fluffparticle4": {
          "scale": 0
        },
        "fluffparticle5": {
          "scale": 0
        },
        "fluffparticle6": {
          "scale": 0
        }
      },
      "loop": true
    }
  },
  "format_version": "1.8.0"
}