{
  "animations": {
    "animation.icecreambowl.eggwars_summer.eggskin.break": {
      "animation_length": 3,
      "bones": {
        "Cherries": {
          "position": {
            "1.9167": [
              0,
              0,
              0
            ],
            "2.125": [
              0,
              0.29,
              0
            ],
            "2.3333": [
              0,
              0.65,
              0
            ],
            "2.4583": [
              0,
              0.75,
              0
            ],
            "2.5417": [
              0,
              0.74,
              0
            ],
            "2.75": [
              0,
              0.52,
              0
            ],
            "2.9583": [
              0,
              0.28,
              0
            ],
            "3.0": [
              0,
              0.25,
              0
            ]
          },
          "rotation": [
            0,
            0,
            0
          ],
          "scale": 1
        },
        "cherry": {
          "position": {
            "0.0": [
              0,
              0,
              0
            ],
            "1.0": [
              0,
              -4.5,
              0
            ],
            "1.5833": [
              0,
              -5.5,
              0
            ],
            "2.0417": [
              0,
              -5.5,
              0
            ],
            "2.5": [
              0,
              -6,
              0
            ]
          },
          "rotation": [
            0,
            0,
            0
          ],
          "scale": 1
        },
        "cherry2": {
          "position": {
            "0.0": [
              0,
              0,
              0
            ],
            "1.0": [
              0,
              -6.25,
              0
            ],
            "1.5833": [
              0,
              -8.74,
              0
            ],
            "2.0417": [
              0,
              -9.25,
              0
            ],
            "2.5": [
              0,
              -9.25,
              0
            ]
          },
          "rotation": [
            0,
            0,
            0
          ],
          "scale": 1
        },
        "cherry3": {
          "position": {
            "0.0": [
              0,
              0,
              0
            ],
            "1.0": [
              0,
              -4,
              0
            ],
            "2.0417": [
              0,
              -6.25,
              0
            ],
            "2.5": [
              0,
              -7,
              0
            ]
          },
          "rotation": [
            0,
            0,
            0
          ],
          "scale": 1
        },
        "cherry4": {
          "position": {
            "0.0": [
              0,
              0,
              0
            ],
            "1.0": [
              0,
              -5.25,
              0
            ],
            "2.0417": [
              0,
              -5.25,
              0
            ],
            "2.5": [
              0,
              -5.5,
              0
            ]
          },
          "rotation": [
            0,
            0,
            0
          ],
          "scale": 1
        },
        "chocolate": {
          "position": [
            0,
            0,
            0
          ],
          "rotation": [
            0,
            0,
            0
          ],
          "scale": {
            "0.0": [
              1,
              1,
              1
            ],
            "1.0": [
              1,
              0.1,
              1
            ],
            "1.5": [
              0,
              0,
              0
            ]
          }
        },
        "eggskin": {
          "scale": {
            "2.5833": [
              1,
              1,
              1
            ],
            "2.6667": [
              0.848,
              0.848,
              0.848
            ],
            "2.75": [
              0.624,
              0.624,
              0.624
            ],
            "2.8333": [
              0.376,
              0.376,
              0.376
            ],
            "2.9167": [
              0.152,
              0.152,
              0.152
            ],
            "3.0": [
              0,
              0,
              0
            ]
          }
        },
        "meltedicecream": {
          "position": {
            "0.0": [
              0,
              1,
              0
            ],
            "1.0": [
              0,
              2.9,
              -0.05
            ]
          },
          "scale": {
            "0.0": [
              1,
              0.65,
              1
            ],
            "1.0": [
              1.05,
              1.15,
              1
            ]
          }
        },
        "mint": {
          "position": [
            0,
            0,
            0
          ],
          "rotation": [
            0,
            0,
            0
          ],
          "scale": {
            "0.0": [
              1,
              1,
              1
            ],
            "1.4583": [
              1,
              0.1,
              1
            ],
            "2.125": [
              0,
              0,
              0
            ]
          }
        },
        "spoon": {
          "position": {
            "0.3333": [
              0,
              0,
              0
            ],
            "0.5417": [
              -0.37,
              0.44,
              0
            ],
            "0.75": [
              0,
              0,
              0
            ],
            "0.9583": [
              1.78,
              -2.07,
              0
            ],
            "1.1667": [
              4.22,
              -4.93,
              0
            ],
            "1.375": [
              6,
              -7,
              0
            ]
          },
          "rotation": {
            "0.3333": [
              0,
              0,
              0
            ],
            "0.5417": [
              0,
              0,
              31.92
            ],
            "0.75": [
              0,
              0,
              78.96
            ],
            "0.9583": [
              0,
              0,
              131.04
            ],
            "1.1667": [
              0,
              0,
              178.08
            ],
            "1.375": [
              0,
              0,
              210
            ]
          },
          "scale": {
            "0.3333": [
              1,
              1,
              1
            ],
            "0.5417": [
              1.0279,
              1.0279,
              1.0279
            ],
            "0.75": [
              1.0686,
              1.0686,
              1.0686
            ],
            "0.9583": [
              1.0579,
              1.0579,
              1.0579
            ],
            "1.0833": [
              1,
              1,
              1
            ],
            "1.1667": [
              0.758,
              0.758,
              0.758
            ],
            "1.375": [
              0,
              0,
              0
            ]
          }
        },
        "strawberry": {
          "position": [
            0,
            0,
            0
          ],
          "rotation": [
            0,
            0,
            0
          ],
          "scale": {
            "0.0": [
              1,
              1,
              1
            ],
            "0.8333": [
              1,
              0.3793,
              1
            ],
            "1.2083": [
              0.5,
              0.1,
              0.5
            ],
            "1.5": [
              0,
              0,
              0
            ]
          }
        },
        "vanilla": {
          "position": [
            0,
            0,
            0
          ],
          "rotation": [
            0,
            0,
            0
          ],
          "scale": {
            "0.0": [
              1,
              1,
              1
            ],
            "1.1667": [
              1,
              0.3,
              1
            ],
            "1.5": [
              0.5,
              0.1,
              0.5
            ],
            "1.7917": [
              0,
              0,
              0
            ]
          }
        },
        "wafers": {
          "position": {
            "0.0": [
              0,
              0,
              0
            ],
            "1.4167": [
              0,
              -6.25,
              1
            ],
            "3.0": [
              0,
              -7.5,
              4.25
            ]
          },
          "rotation": {
            "0.0": [
              0,
              0,
              0
            ],
            "1.0": [
              -22.5,
              0,
              0
            ],
            "1.2083": [
              -27.31,
              0,
              0
            ],
            "1.4167": [
              -33.18,
              0,
              0
            ],
            "1.625": [
              -39.81,
              0,
              0
            ],
            "1.8333": [
              -46.89,
              0,
              0
            ],
            "2.0417": [
              -54.09,
              0,
              0
            ],
            "2.25": [
              -61.11,
              0,
              0
            ],
            "2.4583": [
              -67.63,
              0,
              0
            ],
            "2.6667": [
              -73.34,
              0,
              0
            ],
            "2.875": [
              -77.92,
              0,
              0
            ],
            "3.0": [
              -80,
              0,
              0
            ]
          },
          "scale": 1
        }
      },
      "loop": "hold_on_last_frame"
    },
    "animation.icecreambowl.eggwars_summer.eggskin.idle": {
      "animation_length": 4.70833,
      "bones": {
        "cherry": {
          "position": {
            "0.0": {
              "lerp_mode": "catmullrom",
              "post": [
                0,
                0,
                0
              ]
            },
            "1.5417": {
              "lerp_mode": "catmullrom",
              "post": [
                0,
                -0.5,
                0
              ]
            },
            "3.125": {
              "lerp_mode": "catmullrom",
              "post": [
                0,
                0.25,
                0
              ]
            },
            "4.7083": {
              "lerp_mode": "catmullrom",
              "post": [
                0,
                0,
                0
              ]
            }
          }
        },
        "cherry2": {
          "position": {
            "0.5": {
              "lerp_mode": "catmullrom",
              "post": [
                0,
                0,
                0
              ],
              "pre": [
                0,
                0,
                0
              ]
            },
            "2.4583": {
              "lerp_mode": "catmullrom",
              "post": [
                0,
                -0.5,
                0
              ]
            },
            "4.7083": {
              "lerp_mode": "catmullrom",
              "post": [
                0,
                0,
                0
              ]
            }
          }
        },
        "cherry3": {
          "position": {
            "0.0": {
              "lerp_mode": "catmullrom",
              "post": [
                0,
                0,
                0
              ]
            },
            "1.75": {
              "lerp_mode": "catmullrom",
              "post": [
                0,
                -0.5,
                0
              ]
            },
            "4.7083": {
              "lerp_mode": "catmullrom",
              "post": [
                0,
                0,
                0
              ]
            }
          }
        },
        "cherry4": {
          "position": {
            "0.5": {
              "lerp_mode": "catmullrom",
              "post": [
                0,
                0,
                0
              ],
              "pre": [
                0,
                0,
                0
              ]
            },
            "2.625": {
              "lerp_mode": "catmullrom",
              "post": [
                0,
                -0.5,
                0
              ]
            },
            "4.7083": {
              "lerp_mode": "catmullrom",
              "post": [
                0,
                0,
                0
              ]
            }
          }
        },
        "meltedicecream": {
          "position": [
            0,
            1,
            0
          ],
          "scale": [
            1,
            0.65,
            1
          ]
        },
        "wafers": {
          "position": {
            "0.0": {
              "lerp_mode": "catmullrom",
              "post": [
                0,
                0,
                0
              ]
            },
            "2.5833": {
              "lerp_mode": "catmullrom",
              "post": [
                0,
                -0.2,
                0
              ]
            },
            "4.7083": {
              "lerp_mode": "catmullrom",
              "post": [
                0,
                0,
                0
              ]
            }
          }
        }
      },
      "loop": true
    }
  },
  "format_version": "1.8.0"
}