{
  "animations": {
    "animation.sandbucket.eggskin": {
      "animation_length": 6.4,
      "bones": {
        "Spade": {
          "position": {
            "0.0": [
              0,
              0,
              0
            ],
            "0.32": [
              0,
              2,
              -2
            ],
            "0.64": [
              0,
              3.57,
              -2
            ],
            "1.12": [
              0,
              1.92,
              -2
            ],
            "1.6": [
              0,
              2.54,
              -2
            ],
            "2.28": [
              0,
              1,
              -2
            ],
            "2.6": [
              2,
              2,
              -2
            ],
            "2.84": [
              1,
              -4,
              -2
            ],
            "2.96": [
              0,
              -5.3,
              -2
            ],
            "3.12": [
              0,
              -5,
              -2
            ],
            "3.52": [
              0,
              -1,
              -2
            ],
            "3.92": [
              0,
              6.71,
              -2.29
            ],
            "4.28": [
              0,
              8.9,
              0
            ],
            "4.68": [
              0,
              9.6,
              0.8
            ],
            "4.92": [
              0,
              8.1,
              0.8
            ],
            "5.12": [
              0,
              9.6,
              0.8
            ],
            "5.32": [
              0,
              8.1,
              0.8
            ],
            "5.52": [
              0,
              9.6,
              0.8
            ],
            "5.72": [
              0,
              6.71,
              -2.29
            ],
            "6.4": [
              0,
              0,
              0
            ]
          },
          "rotation": {
            "0.0": [
              0,
              0,
              0
            ],
            "0.64": [
              0,
              359,
              0
            ],
            "1.92": [
              0,
              360,
              0
            ],
            "2.28": [
              0,
              450,
              0
            ],
            "2.6": [
              0,
              450,
              30
            ],
            "2.84": [
              0,
              450,
              30
            ],
            "2.96": [
              0,
              450,
              40
            ],
            "3.12": [
              0,
              450,
              52.5
            ],
            "3.52": [
              0,
              450,
              57.5
            ],
            "3.92": [
              0,
              462,
              57.5
            ],
            "4.28": [
              0,
              512,
              57.5
            ],
            "4.68": [
              0,
              517,
              57.5
            ],
            "5.12": [
              0,
              519.25,
              57.5
            ],
            "5.48": [
              0,
              512,
              57.5
            ],
            "6.4": [
              0,
              360,
              0
            ]
          }
        },
        "sand": {
          "position": {
            "4.68": [
              0,
              0,
              0
            ],
            "5.32": [
              0,
              0,
              3
            ]
          },
          "scale": {
            "2.92": [
              0,
              0,
              0
            ],
            "2.96": [
              1,
              1,
              1
            ],
            "4.68": [
              1,
              1,
              1
            ],
            "5.32": [
              0,
              0,
              0
            ]
          }
        },
        "sparkle1": {
          "position": {
            "0.0": [
              0,
              0,
              0
            ],
            "0.24": [
              4,
              4,
              -3
            ],
            "0.64": [
              0,
              7,
              -3
            ]
          },
          "rotation": {
            "0.4": [
              0,
              0,
              -25
            ],
            "0.56": [
              0,
              0,
              -25
            ],
            "0.72": [
              0,
              0,
              -67.5
            ],
            "1.2": [
              0,
              0,
              -135
            ]
          },
          "scale": {
            "0.0": [
              0,
              0,
              0
            ],
            "0.24": [
              0,
              0,
              0
            ],
            "0.48": [
              0,
              0,
              0
            ],
            "0.68": [
              1,
              1,
              1
            ],
            "0.88": [
              1,
              1,
              1
            ],
            "1.2": [
              0,
              0,
              0
            ]
          }
        },
        "sparkle2": {
          "position": {
            "0.0": [
              0,
              0,
              0
            ],
            "0.24": [
              4,
              4,
              -3
            ],
            "0.64": [
              9,
              6,
              -3
            ]
          },
          "rotation": {
            "0.4": [
              0,
              0,
              -25
            ],
            "0.56": [
              0,
              0,
              -25
            ],
            "0.72": [
              0,
              0,
              -67.5
            ],
            "1.2": [
              0,
              0,
              -135
            ]
          },
          "scale": {
            "0.0": [
              0,
              0,
              0
            ],
            "0.24": [
              0,
              0,
              0
            ],
            "0.48": [
              0,
              0,
              0
            ],
            "0.68": [
              1,
              1,
              1
            ],
            "0.88": [
              1,
              1,
              1
            ],
            "1.2": [
              0,
              0,
              0
            ]
          }
        },
        "sparkle3": {
          "position": {
            "0.0": [
              0,
              0,
              0
            ],
            "0.24": [
              4,
              4,
              -3
            ],
            "0.64": [
              5,
              0,
              -3
            ]
          },
          "rotation": {
            "0.4": [
              0,
              0,
              -25
            ],
            "0.56": [
              0,
              0,
              -25
            ],
            "0.72": [
              0,
              0,
              -67.5
            ],
            "1.2": [
              0,
              0,
              -135
            ]
          },
          "scale": {
            "0.0": [
              0,
              0,
              0
            ],
            "0.24": [
              0,
              0,
              0
            ],
            "0.48": [
              0,
              0,
              0
            ],
            "0.68": [
              1,
              1,
              1
            ],
            "0.88": [
              1,
              1,
              1
            ],
            "1.2": [
              0,
              0,
              0
            ]
          }
        }
      },
      "loop": true
    }
  },
  "format_version": "1.8.0"
}