{
  "animations": {
    "animation.watermelon.break_slow": {
      "animation_length": 1.7917,
      "bones": {
        "CHUNK_1": {
          "position": {
            "0.0": [
              3,
              0,
              0
            ],
            "0.3333": [
              7.11,
              7.24,
              0
            ],
            "0.375": [
              8,
              8,
              0
            ],
            "0.625": [
              20,
              12,
              0
            ],
            "0.6667": [
              22.3,
              11.64,
              0
            ],
            "0.8333": [
              31,
              5,
              0
            ],
            "1.0": [
              37.74,
              -14.96,
              0
            ],
            "1.0833": [
              40,
              -23,
              0
            ]
          },
          "rotation": [
            0,
            0,
            0
          ],
          "scale": {
            "0.0": [
              0.16,
              0.15,
              1
            ],
            "0.25": [
              1,
              1,
              1
            ],
            "1.5": [
              1,
              1,
              1
            ],
            "1.7917": [
              0,
              0,
              0
            ]
          }
        },
        "CHUNK_3": {
          "position": {
            "0.1667": [
              0,
              1,
              0
            ],
            "0.4167": [
              5,
              9,
              6
            ],
            "0.5": [
              7.94,
              7.77,
              10.18
            ],
            "0.625": [
              13,
              1,
              17
            ],
            "0.8333": [
              20.06,
              -18.18,
              23.38
            ],
            "0.9167": [
              22,
              -24,
              25
            ]
          },
          "rotation": [
            0,
            0,
            0
          ],
          "scale": {
            "0.0": [
              0.4,
              0.3,
              1
            ],
            "0.25": [
              1,
              1,
              1
            ],
            "1.5": [
              1,
              1,
              1
            ],
            "1.7917": [
              0,
              0,
              0
            ]
          }
        },
        "CHUNK_4": {
          "position": {
            "0.125": [
              0,
              1,
              0
            ],
            "0.2917": [
              5,
              8,
              -9
            ],
            "0.4583": [
              8.47,
              3.9,
              -15.48
            ],
            "0.5": [
              9,
              1,
              -17
            ],
            "0.7917": [
              9.03,
              -23.78,
              -23.47
            ],
            "0.8333": [
              9,
              -26,
              -24
            ]
          },
          "rotation": [
            0,
            0,
            0
          ],
          "scale": {
            "0.0": [
              0.315,
              0.475,
              1
            ],
            "0.5417": [
              1,
              1,
              1
            ],
            "1.5": [
              1,
              1,
              1
            ],
            "1.7917": [
              0,
              0,
              0
            ]
          }
        },
        "CHUNK_5": {
          "position": {
            "0.0": [
              0,
              0,
              0
            ],
            "0.2917": [
              -6,
              11,
              -6
            ],
            "0.3333": [
              -7.49,
              10.99,
              -7.34
            ],
            "0.5": [
              -14,
              4,
              -13
            ],
            "0.6667": [
              -19.22,
              -11.74,
              -18.19
            ],
            "0.75": [
              -21,
              -18,
              -20
            ]
          },
          "rotation": [
            0,
            0,
            0
          ],
          "scale": {
            "0.0": [
              0.3,
              0.15,
              1
            ],
            "0.5": [
              1,
              1,
              1
            ],
            "1.5": [
              1,
              1,
              1
            ],
            "1.7917": [
              0,
              0,
              0
            ]
          }
        },
        "CHUNK_6": {
          "position": {
            "0.0": [
              -4,
              0,
              0
            ],
            "0.2917": [
              -10,
              10,
              0
            ],
            "0.3333": [
              -11.29,
              10.14,
              0
            ],
            "0.5833": [
              -21,
              4,
              0
            ],
            "0.6667": [
              -24.95,
              -2.24,
              0
            ],
            "0.875": [
              -34,
              -20,
              0
            ]
          },
          "rotation": [
            0,
            0,
            0
          ],
          "scale": {
            "0.0": [
              0.2,
              0.3,
              1
            ],
            "0.25": [
              1,
              1,
              1
            ],
            "0.5833": [
              1.0795,
              1.0812,
              1
            ],
            "0.9167": [
              1.1029,
              1.1196,
              1
            ],
            "1.25": [
              1.0672,
              1.0874,
              1
            ],
            "1.5": [
              1,
              1,
              1
            ],
            "1.5833": [
              0.7943,
              0.7121,
              1
            ],
            "1.7917": [
              0,
              0,
              0
            ]
          }
        },
        "Melon_BOTTOM": {
          "position": {
            "0.0": [
              0,
              0,
              0
            ],
            "0.3333": [
              0,
              0,
              -3.01
            ],
            "0.4167": [
              0,
              0,
              -3.6
            ],
            "0.625": [
              0,
              0,
              -4.2
            ]
          },
          "rotation": {
            "0.0": [
              0,
              0,
              0
            ],
            "0.1667": [
              -10,
              0,
              0
            ],
            "0.25": [
              1,
              0,
              0
            ],
            "0.3333": [
              1.44,
              0,
              0
            ],
            "0.5417": [
              -0.5,
              0,
              0
            ]
          },
          "scale": 1
        },
        "Melon_TOP": {
          "position": {
            "0.0": [
              0,
              0,
              0
            ],
            "0.2083": [
              0,
              5.5,
              9
            ],
            "0.3333": [
              0,
              2.58,
              15.23
            ],
            "0.375": [
              0,
              0,
              17
            ],
            "0.625": [
              0,
              -19,
              22
            ],
            "0.6667": [
              0,
              -20.2,
              22.74
            ],
            "0.8333": [
              0,
              -19,
              25
            ],
            "0.9583": [
              0,
              -20,
              27
            ],
            "1.0": [
              0,
              -20.07,
              27.55
            ],
            "1.125": [
              0,
              -20,
              29
            ]
          },
          "rotation": {
            "0.0": [
              0,
              0,
              0
            ],
            "0.3333": [
              -67.45,
              0,
              0
            ],
            "0.6667": [
              -144.64,
              0,
              0
            ],
            "0.75": [
              -155.62,
              0,
              0
            ],
            "1.0": [
              -148.04,
              0,
              0
            ],
            "1.25": [
              -151,
              0,
              0
            ]
          },
          "scale": 1
        }
      },
      "loop": "hold_on_last_frame"
    },
    "animation.watermelon.idle": {
      "bones": {
        "Melon_TOP": {
          "position": [
            0,
            0,
            0
          ]
        }
      },
      "loop": true
    }
  },
  "format_version": "1.8.0"
}