{
  "animation_controllers": {
    "controller.animation.crate.general": {
      "initial_state": "shaking_lightly",
      "states": {
        "opening": {
          "animations": [
            "opening"
          ],
          "blend_transition": 0.2
        },
        "shaking_lightly": {
          "animations": [
            "shaking_lightly"
          ],
          "blend_transition": 0.2
        },
        "shaking_vigorously": {
          "animations": [
            "shaking_vigorously"
          ],
          "blend_transition": 0.2
        }
      }
    }
  },
  "format_version": "1.10.0"
}