{
  "animation_controllers": {
    "controller.animation.lootbox.general": {
      "initial_state": "idle",
      "states": {
        "idle": {
          "animations": [
            "idle"
          ]
        },
        "open": {
          "animations": [
            "open"
          ],
          "transitions": [
            {
              "idle": "query.any_animation_finished"
            }
          ]
        },
        "opening": {
          "animations": [
            "opening"
          ]
        }
      }
    }
  },
  "format_version": "1.10.0"
}