{
  "animation_controllers": {
    "controller.animation.luckyislands.skeletonknight": {
      "initial_state": "default",
      "states": {
        "attack": {
          "animations": [
            "attack"
          ],
          "blend_transition": 0.3,
          "transitions": [
            {
              "default": "!query.is_using_item"
            }
          ]
        },
        "default": {
          "animations": [
            "idle"
          ],
          "blend_transition": 0.3,
          "transitions": [
            {
              "attack": "query.is_using_item"
            },
            {
              "walk": "query.is_moving"
            }
          ]
        },
        "walk": {
          "animations": [
            "walk"
          ],
          "blend_transition": 0.3,
          "transitions": [
            {
              "default": "!query.is_moving"
            }
          ]
        }
      }
    }
  },
  "format_version": "1.10.0"
}