{
  "format_version": "1.10.0",
  "minecraft:client_entity": {
    "description": {
      "animations": {
        "turn": "animation.ball"
      },
      "geometry": {
        "default": "geometry.ball"
      },
      "identifier": "plutonium:ball",
      "materials": {
        "default": "entity_alphatest"
      },
      "min_engine_version": "1.8.0",
      "render_controllers": [
        "controller.render.arrow"
      ],
      "textures": {
        "default": "textures/entities/ball"
      }
    }
  }
}