{
  "format_version": "1.10.0",
  "minecraft:client_entity": {
    "description": {
      "geometry": {
        "default": "geometry.rectangular_present"
      },
      "identifier": "plutonium:white_rectangular_present",
      "materials": {
        "default": "entity_alphatest"
      },
      "min_engine_version": "1.8.0",
      "render_controllers": [
        "controller.render.arrow"
      ],
      "textures": {
        "default": "textures/blocks/christmas/white_present"
      }
    }
  }
}