{
  "animations": {
    "animation.gravestone.halloween.idle": {
      "animation_length": 1,
      "bones": {
        "bone2": {
          "rotation": {
            "0.0": [
              0,
              0,
              0
            ],
            "0.5": [
              -15.03638,
              8.47967,
              -19.31899
            ],
            "1.0": [
              0,
              0,
              0
            ]
          }
        },
        "hand": {
          "rotation": {
            "0.0": [
              0,
              0,
              0
            ],
            "0.1667": [
              1.12085,
              -18.15631,
              18.13087
            ],
            "0.625": [
              -6.96771,
              15.81077,
              -19.57578
            ],
            "1.0": [
              0,
              0,
              0
            ]
          }
        }
      },
      "loop": true
    }
  },
  "format_version": "1.8.0"
}