{
  "animations": {
    "animation.gravestone.floorboards.idle": {
      "animation_length": 2.41667,
      "bones": {
        "bone": {
          "position": {
            "0.0": [
              0,
              0,
              0
            ],
            "0.75": [
              0,
              0,
              0
            ],
            "1.0": [
              0,
              0,
              0
            ],
            "1.5": [
              0,
              0,
              0
            ],
            "2.0": [
              0,
              0,
              0
            ]
          },
          "rotation": {
            "0.0": [
              0,
              0,
              0
            ],
            "0.25": [
              27.5,
              0,
              0
            ],
            "0.75": [
              0,
              0,
              0
            ],
            "1.0": [
              0,
              0,
              0
            ],
            "1.25": [
              27.5,
              0,
              0
            ],
            "1.5": [
              0,
              0,
              0
            ],
            "1.75": [
              27.5,
              0,
              0
            ],
            "2.0": [
              0,
              0,
              0
            ]
          },
          "scale": {
            "0.0": [
              1,
              1,
              1
            ],
            "0.25": [
              1,
              1,
              1.4
            ],
            "0.75": [
              1,
              1,
              1
            ],
            "1.0": [
              1,
              1,
              1
            ],
            "1.25": [
              1,
              1,
              1.4
            ],
            "1.5": [
              1,
              1,
              1
            ],
            "1.75": [
              1,
              1,
              1.4
            ],
            "2.0": [
              1,
              1,
              1
            ]
          }
        },
        "lid": {
          "rotation": {
            "0.0": [
              0,
              0,
              0
            ],
            "0.25": [
              -5,
              0,
              0
            ],
            "0.75": [
              0,
              0,
              0
            ],
            "1.0": [
              0,
              0,
              0
            ],
            "1.25": [
              -5,
              0,
              0
            ],
            "1.5": [
              0,
              0,
              0
            ],
            "1.75": [
              -5,
              0,
              0
            ],
            "2.0": [
              0,
              0,
              0
            ]
          }
        }
      },
      "loop": true
    }
  },
  "format_version": "1.8.0"
}