{
  "animations": {
    "animation.lilypond.bloombundle.gravestone.default": {
      "animation_length": 3.70833,
      "bones": {
        "duckie": {
          "position": {
            "0.0": [
              0,
              0,
              0
            ],
            "0.3333": [
              0,
              -0.17,
              0
            ],
            "0.4583": [
              0,
              -0.22,
              0
            ],
            "0.625": [
              0,
              -0.17,
              0
            ],
            "0.9583": [
              0,
              0,
              0
            ],
            "1.25": [
              0,
              -0.17,
              0
            ],
            "1.4167": [
              0,
              -0.22,
              0
            ],
            "1.5833": [
              0,
              -0.11,
              0
            ],
            "1.7083": [
              0,
              0,
              0
            ],
            "1.875": [
              0,
              -0.06,
              0
            ],
            "2.2083": [
              0,
              -0.22,
              0
            ],
            "2.5": [
              0,
              -0.06,
              0
            ],
            "2.6667": [
              0,
              0,
              0
            ],
            "2.8333": [
              0,
              -0.14,
              0
            ],
            "2.9583": [
              0,
              -0.22,
              0
            ],
            "3.125": [
              0,
              0,
              0
            ],
            "3.4167": [
              0,
              -0.22,
              0
            ],
            "3.7083": [
              0,
              0,
              0
            ]
          },
          "rotation": {
            "0.0": [
              0,
              0,
              0
            ],
            "0.3333": [
              0,
              4.86,
              0
            ],
            "0.625": [
              0,
              9.71,
              0
            ],
            "0.7083": [
              0,
              10,
              0
            ],
            "0.9583": [
              0,
              7.78,
              0
            ],
            "1.25": [
              0,
              1.93,
              0
            ],
            "1.4167": [
              0,
              0,
              0
            ],
            "1.5833": [
              0,
              -1.25,
              0
            ],
            "1.7083": [
              0,
              0,
              0
            ],
            "1.875": [
              0,
              1.93,
              0
            ],
            "2.2083": [
              0,
              7.78,
              0
            ],
            "2.4167": [
              0,
              10,
              0
            ],
            "2.5": [
              0,
              9.71,
              0
            ],
            "2.8333": [
              0,
              4.86,
              0
            ],
            "3.125": [
              0,
              0,
              0
            ],
            "3.4167": [
              0,
              0,
              0
            ],
            "3.7083": [
              0,
              0,
              0
            ]
          }
        },
        "frogbody": {
          "position": {
            "0.0": [
              0,
              0,
              0
            ],
            "1.0": [
              0,
              0,
              0
            ]
          },
          "scale": {
            "0.0": [
              1,
              1,
              1
            ],
            "0.2917": [
              1,
              0.9419,
              1
            ],
            "0.5": [
              1,
              0.9125,
              1
            ],
            "1.0": [
              1,
              1,
              1
            ]
          }
        },
        "frogcroak": {
          "position": {
            "0.0": [
              0,
              0,
              0
            ],
            "0.5": [
              0,
              0,
              -0.05
            ],
            "1.0": [
              0,
              0,
              0
            ],
            "1.625": [
              0,
              0,
              0
            ],
            "2.125": [
              0,
              0,
              -0.05
            ],
            "2.625": [
              0,
              0,
              0
            ]
          },
          "scale": {
            "0.0": [
              1,
              1,
              1
            ],
            "0.5": [
              1.25,
              1,
              1.25
            ],
            "1.0": [
              1,
              1,
              1
            ],
            "1.625": [
              1,
              1,
              1
            ],
            "2.125": [
              1.25,
              1,
              1.25
            ],
            "2.625": [
              1,
              1,
              1
            ]
          }
        },
        "lily1": {
          "position": {
            "0.0": [
              0.06,
              0,
              0
            ],
            "0.4167": [
              0.11,
              0,
              0
            ],
            "0.8333": [
              0.18,
              0,
              0
            ],
            "1.25": [
              0.26,
              0,
              0
            ],
            "1.6667": [
              0.31,
              0,
              0
            ],
            "1.8333": [
              0.31,
              0,
              0
            ],
            "2.0833": [
              0.3,
              0,
              0
            ],
            "2.5": [
              0.25,
              0,
              0
            ],
            "2.9167": [
              0.17,
              0,
              0
            ],
            "3.3333": [
              0.1,
              0,
              0
            ],
            "3.7083": [
              0.06,
              0,
              0
            ]
          }
        },
        "lily2": {
          "position": {
            "0.0": [
              0,
              0,
              0
            ],
            "0.4167": [
              0.05,
              0,
              0
            ],
            "0.8333": [
              0.14,
              0,
              0
            ],
            "1.25": [
              0.21,
              0,
              0
            ],
            "1.6667": [
              0.25,
              0,
              0
            ],
            "1.7083": [
              0.25,
              0,
              0
            ],
            "2.0833": [
              0.22,
              0,
              0
            ],
            "2.5": [
              0.15,
              0,
              0
            ],
            "2.9167": [
              0.06,
              0,
              0
            ],
            "3.3333": [
              0,
              0,
              0
            ]
          }
        },
        "lily3": {
          "position": {
            "0.0": [
              0,
              0,
              0
            ],
            "0.2917": [
              -0.1,
              0,
              0
            ],
            "0.5833": [
              -0.22,
              0,
              0
            ],
            "0.7917": [
              -0.28,
              0,
              0
            ],
            "0.875": [
              -0.29,
              0,
              0
            ],
            "1.1667": [
              -0.3,
              0,
              0
            ],
            "1.4583": [
              -0.31,
              0,
              0
            ],
            "1.75": [
              -0.3,
              0,
              0
            ],
            "2.0417": [
              -0.29,
              0,
              0
            ],
            "2.2917": [
              -0.27,
              0,
              0
            ],
            "2.3333": [
              -0.26,
              0,
              0
            ],
            "2.625": [
              -0.15,
              0,
              0
            ],
            "2.9167": [
              -0.03,
              0,
              0
            ],
            "3.0417": [
              0,
              0,
              0
            ]
          }
        },
        "waterfall1": {
          "position": {
            "0.0": [
              0,
              0,
              -0.025
            ],
            "0.25": [
              0,
              0,
              0
            ],
            "0.5417": [
              0,
              0,
              -0.025
            ],
            "0.7917": [
              0,
              0,
              0
            ],
            "1.0833": [
              0,
              0,
              -0.025
            ],
            "1.3333": [
              0,
              0,
              0
            ],
            "1.5833": [
              0,
              0,
              -0.025
            ],
            "1.875": [
              0,
              0,
              0
            ],
            "2.125": [
              0,
              0,
              -0.025
            ],
            "2.375": [
              0,
              0,
              0
            ],
            "2.5833": [
              0,
              0,
              -0.025
            ],
            "2.8333": [
              0,
              0,
              0
            ],
            "3.0417": [
              0,
              0,
              -0.025
            ],
            "3.2917": [
              0,
              0,
              0
            ],
            "3.5": [
              0,
              0,
              -0.025
            ],
            "3.6667": [
              0,
              0,
              0
            ]
          }
        },
        "waterfall2": {
          "position": {
            "0.0": [
              0,
              0,
              0
            ],
            "0.25": [
              0,
              0,
              -0.05
            ],
            "0.5417": [
              0,
              0,
              0
            ],
            "0.7917": [
              0,
              0,
              -0.05
            ],
            "1.0833": [
              0,
              0,
              0
            ],
            "1.3333": [
              0,
              0,
              -0.05
            ],
            "1.5833": [
              0,
              0,
              0
            ],
            "1.875": [
              0,
              0,
              -0.05
            ],
            "2.125": [
              0,
              0,
              0
            ],
            "2.375": [
              0,
              0,
              -0.05
            ],
            "2.5833": [
              0,
              0,
              0
            ],
            "2.8333": [
              0,
              0,
              -0.05
            ],
            "3.0417": [
              0,
              0,
              0
            ],
            "3.2917": [
              0,
              0,
              -0.05
            ],
            "3.5": [
              0,
              0,
              0
            ],
            "3.6667": [
              0,
              0,
              -0.05
            ]
          }
        }
      },
      "loop": true
    }
  },
  "format_version": "1.8.0"
}