{
  "animations": {
    "animation.mushrooms.bloombundle.gravestone.default": {
      "animation_length": 8.08333,
      "bones": {
        "firefly1": {
          "position": {
            "0.0": [
              0,
              0,
              0
            ],
            "0.4167": [
              0.12,
              -0.06,
              -5.24
            ],
            "0.5": [
              0,
              0,
              -6
            ],
            "0.75": [
              -2,
              1,
              -6.62
            ],
            "0.8333": [
              -2.74,
              0.78,
              -6.63
            ],
            "1.0": [
              -4,
              0,
              -6
            ],
            "1.25": [
              -4.18,
              0,
              -4.04
            ],
            "1.5": [
              -4,
              0,
              -2
            ],
            "1.6667": [
              -3.55,
              -0.65,
              -1.05
            ],
            "1.7917": [
              -3.04,
              -1,
              -0.67
            ],
            "2.0417": [
              -1.4,
              -0.1,
              0
            ],
            "2.0833": [
              -1.27,
              -0.06,
              0.04
            ],
            "2.5": [
              -0.08,
              0,
              0.18
            ],
            "2.5417": [
              0,
              0,
              0
            ],
            "2.9167": [
              0.25,
              0,
              -4.27
            ],
            "3.0": [
              0.25,
              0,
              -5
            ],
            "3.3333": [
              0.08,
              0,
              -5.89
            ],
            "3.5": [
              0,
              0,
              -6
            ],
            "3.75": [
              0.14,
              -0.07,
              -5.99
            ],
            "3.875": [
              0,
              0,
              -6
            ],
            "4.125": [
              -2,
              1,
              -6.62
            ],
            "4.1667": [
              -2.36,
              0.94,
              -6.63
            ],
            "4.375": [
              -4,
              0,
              -6
            ],
            "4.5833": [
              -4.19,
              -0.02,
              -4.44
            ],
            "4.875": [
              -4,
              0,
              -2
            ],
            "5.0": [
              -3.69,
              -0.46,
              -1.21
            ],
            "5.1667": [
              -3.04,
              -1,
              -0.67
            ],
            "5.4167": [
              -1.4,
              -0.1,
              0
            ],
            "5.8333": [
              -0.16,
              0,
              0.3
            ],
            "5.9167": [
              0,
              0,
              0
            ],
            "6.25": [
              0.25,
              0,
              -4.22
            ],
            "6.375": [
              0.25,
              0,
              -5
            ],
            "6.6667": [
              0.14,
              0,
              -2.44
            ],
            "6.9583": [
              0,
              0,
              0
            ],
            "7.0833": [
              -0.02,
              0,
              -0.88
            ],
            "7.5": [
              0,
              0,
              -6
            ],
            "7.9167": [
              0,
              0,
              -1.22
            ],
            "8.0417": [
              0,
              0,
              0
            ]
          }
        },
        "firefly2": {
          "position": {
            "0.0": [
              0,
              0,
              0
            ],
            "0.4167": [
              3.3,
              0,
              -0.3
            ],
            "0.5": [
              3.75,
              0,
              0
            ],
            "0.8333": [
              4.17,
              0,
              3.69
            ],
            "1.0": [
              3.75,
              0,
              5.25
            ],
            "1.25": [
              1.88,
              0,
              5.89
            ],
            "1.5": [
              0,
              0,
              5.25
            ],
            "1.6667": [
              -0.28,
              0,
              3.78
            ],
            "2.0": [
              0,
              0,
              0.25
            ],
            "2.0833": [
              -0.04,
              0,
              -0.07
            ],
            "2.5": [
              0,
              0,
              0
            ],
            "2.9167": [
              3.3,
              0,
              -0.31
            ],
            "3.0": [
              3.75,
              0,
              0
            ],
            "3.3333": [
              4.17,
              0,
              3.69
            ],
            "3.5": [
              3.75,
              0,
              5.25
            ],
            "3.75": [
              1.64,
              0,
              5.91
            ],
            "4.0": [
              0,
              0,
              5.25
            ],
            "4.1667": [
              1.36,
              0,
              2.7
            ],
            "4.375": [
              3.75,
              0,
              0
            ],
            "4.5833": [
              4.21,
              0,
              1.71
            ],
            "4.875": [
              3.75,
              0,
              5.25
            ],
            "5.0": [
              2.99,
              0,
              5.74
            ],
            "5.375": [
              0,
              0,
              5.25
            ],
            "5.4167": [
              -0.13,
              0,
              4.99
            ],
            "5.8333": [
              -0.01,
              0,
              0.52
            ],
            "5.875": [
              0,
              0,
              0.25
            ],
            "6.25": [
              -0.26,
              0,
              -0.07
            ],
            "6.375": [
              0,
              0,
              0
            ],
            "6.6667": [
              2.26,
              0,
              -0.38
            ],
            "6.875": [
              3.75,
              0,
              0
            ],
            "7.0833": [
              4.18,
              0,
              1.92
            ],
            "7.4583": [
              3.75,
              0,
              5.25
            ],
            "7.5": [
              3.59,
              0,
              5.19
            ],
            "7.9167": [
              0.62,
              0,
              0.97
            ],
            "8.0417": [
              0,
              0,
              0
            ]
          }
        },
        "firefly3": {
          "position": {
            "0.0": [
              0,
              1,
              0
            ],
            "0.4167": [
              2.06,
              1.06,
              2.59
            ],
            "0.5": [
              2.51,
              1,
              3.09
            ],
            "0.8333": [
              4.36,
              0.23,
              5.2
            ],
            "0.9583": [
              5,
              0,
              5.25
            ],
            "1.25": [
              6.46,
              -0.09,
              2.93
            ],
            "1.5": [
              7,
              0,
              0.25
            ],
            "1.6667": [
              6.62,
              0.08,
              -0.94
            ],
            "2.0833": [
              4.5,
              0.38,
              -3.79
            ],
            "2.25": [
              3.63,
              0.5,
              -4.19
            ],
            "2.5": [
              2.3,
              0.69,
              -3.28
            ],
            "2.9167": [
              0.25,
              0.97,
              -0.33
            ],
            "3.0": [
              0,
              1,
              0
            ],
            "3.3333": [
              -0.35,
              1.02,
              -0.03
            ],
            "3.5417": [
              0,
              1,
              0
            ],
            "3.75": [
              0.99,
              1,
              1.22
            ],
            "4.0417": [
              2.51,
              1,
              3.09
            ],
            "4.1667": [
              2.58,
              1.04,
              3.22
            ],
            "4.375": [
              2.51,
              1,
              3.09
            ],
            "4.5833": [
              3.5,
              0.56,
              4.33
            ],
            "4.8333": [
              5,
              0,
              5.25
            ],
            "5.0": [
              5.78,
              -0.06,
              4.21
            ],
            "5.375": [
              7,
              0,
              0.25
            ],
            "5.4167": [
              7,
              -0.01,
              0.02
            ],
            "5.8333": [
              6.4,
              -0.31,
              -2.51
            ],
            "6.2083": [
              5.12,
              -0.39,
              -3.71
            ],
            "6.25": [
              4.96,
              -0.36,
              -3.7
            ],
            "6.6667": [
              2.58,
              0.24,
              -2.21
            ],
            "7.0833": [
              0.27,
              0.92,
              -0.21
            ],
            "7.1667": [
              0,
              1,
              0
            ],
            "7.5": [
              -0.37,
              1.1,
              0.27
            ],
            "7.9167": [
              -0.04,
              1.01,
              0.03
            ],
            "8.0417": [
              0,
              1,
              0
            ]
          }
        },
        "flowergrave2": {
          "position": {
            "3.0": {
              "lerp_mode": "catmullrom",
              "post": [
                0,
                0,
                0
              ]
            },
            "3.7083": {
              "lerp_mode": "catmullrom",
              "post": [
                3.5,
                -7,
                -1.5
              ]
            },
            "4.5": {
              "lerp_mode": "catmullrom",
              "post": [
                5.5,
                -12.225,
                -6.4
              ]
            },
            "4.7917": {
              "lerp_mode": "catmullrom",
              "post": [
                5.5,
                -12.32,
                -6.4
              ]
            }
          },
          "rotation": {
            "3.0": [
              0,
              0,
              0
            ],
            "3.375": [
              139.11421,
              26.66839,
              117.40216
            ],
            "3.7083": [
              0,
              0,
              90
            ],
            "4.0417": [
              68.86784,
              53.10479,
              72.82321
            ]
          },
          "scale": {
            "3.0": [
              1,
              1,
              1
            ],
            "4.5": [
              1,
              1,
              1
            ],
            "4.7917": [
              1,
              0.075,
              1
            ]
          }
        },
        "flowerpetal": {
          "position": {
            "6.0": {
              "lerp_mode": "catmullrom",
              "post": [
                0,
                0,
                0
              ]
            },
            "6.7083": {
              "lerp_mode": "catmullrom",
              "post": [
                3.5,
                -7,
                -1.5
              ]
            },
            "7.5": {
              "lerp_mode": "catmullrom",
              "post": [
                5.5,
                -12.225,
                -6.4
              ]
            }
          },
          "rotation": {
            "6.0": [
              0,
              0,
              0
            ],
            "6.375": [
              139.11421,
              26.66839,
              117.40216
            ],
            "6.7083": [
              0,
              0,
              90
            ],
            "7.0417": [
              68.86784,
              53.10479,
              72.82321
            ]
          },
          "scale": {
            "6.0": [
              1,
              1,
              1
            ],
            "7.5": [
              1,
              1,
              1
            ],
            "7.7917": [
              1,
              0.075,
              1
            ]
          }
        },
        "mujshroom2": {
          "scale": {
            "1.0417": [
              1,
              1,
              1
            ],
            "2.0": [
              1.1,
              1.1,
              1.1
            ],
            "3.0": [
              1,
              1,
              1
            ],
            "4.0417": [
              1,
              1,
              1
            ],
            "5.0": [
              1.1,
              1.1,
              1.1
            ],
            "6.0": [
              1,
              1,
              1
            ],
            "7.1667": [
              1,
              1,
              1
            ]
          }
        },
        "mushroom1": {
          "scale": {
            "0.0": [
              1,
              1,
              1
            ],
            "0.9583": [
              1.05,
              1.05,
              1.05
            ],
            "1.9583": [
              1,
              1,
              1
            ],
            "3.0417": [
              1,
              1,
              1
            ],
            "4.0": [
              1.05,
              1.05,
              1.05
            ],
            "5.0": [
              1,
              1,
              1
            ]
          }
        },
        "mushroom3": {
          "scale": {
            "0.5417": [
              1,
              1,
              1
            ],
            "1.4583": [
              1.1,
              1.1,
              1.1
            ],
            "2.4583": [
              1,
              1,
              1
            ],
            "3.5417": [
              1,
              1,
              1
            ],
            "4.5": [
              1.1,
              1.1,
              1.1
            ],
            "5.5": [
              1,
              1,
              1
            ],
            "6.5": [
              1.1,
              1.1,
              1.1
            ]
          }
        },
        "mushroom4": {
          "scale": {
            "0.0": [
              1,
              1,
              1
            ],
            "0.9583": [
              1.1,
              1.1,
              1.1
            ],
            "1.9583": [
              1,
              1,
              1
            ],
            "3.0": [
              1,
              1,
              1
            ],
            "3.9583": [
              1.1,
              1.1,
              1.1
            ],
            "4.9583": [
              1,
              1,
              1
            ],
            "6.0833": [
              1,
              1,
              1
            ],
            "7.0417": [
              1.1,
              1.1,
              1.1
            ],
            "8.0417": [
              1,
              1,
              1
            ]
          }
        },
        "mushroom5": {
          "scale": {
            "0.0": [
              1,
              1,
              1
            ],
            "0.9583": [
              1.1,
              1.1,
              1.1
            ],
            "1.9583": [
              1,
              1,
              1
            ],
            "3.0": [
              1,
              1,
              1
            ],
            "3.9583": [
              1.1,
              1.1,
              1.1
            ],
            "4.9583": [
              1,
              1,
              1
            ],
            "5.6667": [
              1,
              1,
              1
            ],
            "6.5": [
              1.1,
              1.1,
              1.1
            ],
            "7.4583": [
              1,
              1,
              1
            ]
          }
        },
        "mushroom6": {
          "scale": {
            "0.0417": [
              1,
              1,
              1
            ],
            "1.0417": [
              1,
              1,
              1
            ],
            "2.0": [
              1.1,
              1.1,
              1.1
            ],
            "4.0": [
              1,
              1,
              1
            ],
            "5.0": [
              1,
              1,
              1
            ],
            "5.9583": [
              1,
              1,
              1
            ]
          }
        },
        "mushroom7": {
          "scale": {
            "0.0": [
              1,
              1,
              1
            ],
            "2.125": [
              1,
              1,
              1
            ],
            "3.0833": [
              1.1,
              1.1,
              1.1
            ],
            "4.0833": [
              1,
              1,
              1
            ],
            "5.0417": [
              1,
              1,
              1
            ],
            "6.0": [
              1.05,
              1.05,
              1.05
            ],
            "7.0": [
              1,
              1,
              1
            ]
          }
        },
        "mushroom8": {
          "scale": {
            "0.0": [
              1.1,
              1.1,
              1.1
            ],
            "1.0": [
              1,
              1,
              1
            ],
            "2.0417": [
              1,
              1,
              1
            ],
            "3.0": [
              1.05,
              1.05,
              1.05
            ],
            "4.0": [
              1,
              1,
              1
            ],
            "5.0": [
              1,
              1,
              1
            ],
            "6.0833": [
              1,
              1,
              1
            ],
            "7.0417": [
              1.05,
              1.05,
              1.05
            ],
            "8.0417": [
              1.1,
              1.1,
              1.1
            ]
          }
        },
        "mushroom9": {
          "scale": {
            "0.0": [
              1.1,
              1.1,
              1.1
            ],
            "1.0": [
              1,
              1,
              1
            ],
            "2.0417": [
              1,
              1,
              1
            ],
            "3.0": [
              1.1,
              1.1,
              1.1
            ],
            "4.0": [
              1,
              1,
              1
            ],
            "5.0417": [
              1,
              1,
              1
            ],
            "6.0833": [
              1,
              1,
              1
            ],
            "7.0417": [
              1.1,
              1.1,
              1.1
            ],
            "8.0417": [
              1.1,
              1.1,
              1.1
            ]
          }
        },
        "wing": {
          "rotation": {
            "0.0": [
              0,
              0,
              0
            ],
            "0.875": [
              0,
              -22.5,
              0
            ],
            "1.875": [
              0,
              0,
              0
            ],
            "3.0": [
              0,
              0,
              0
            ],
            "3.875": [
              0,
              -22.5,
              0
            ],
            "4.875": [
              0,
              0,
              0
            ]
          }
        },
        "wing2": {
          "rotation": {
            "0.0": [
              0,
              0,
              0
            ],
            "1.0": [
              0,
              -22.5,
              0
            ],
            "2.0": [
              0,
              0,
              0
            ],
            "3.0": [
              0,
              0,
              0
            ],
            "3.875": [
              0,
              -22.5,
              0
            ],
            "4.875": [
              0,
              0,
              0
            ]
          }
        },
        "wing3": {
          "rotation": {
            "1.0": [
              0,
              0,
              0
            ],
            "2.0": [
              0,
              40,
              0
            ],
            "3.0": [
              0,
              0,
              0
            ],
            "4.0": [
              0,
              0,
              0
            ],
            "5.0": [
              0,
              40,
              0
            ],
            "6.0": [
              0,
              0,
              0
            ]
          }
        },
        "wing4": {
          "rotation": {
            "1.0": [
              0,
              0,
              0
            ],
            "2.0": [
              0,
              -40,
              0
            ],
            "3.0": [
              0,
              0,
              0
            ],
            "3.9583": [
              0,
              0,
              0
            ],
            "4.9583": [
              0,
              -40,
              0
            ],
            "5.9583": [
              0,
              0,
              0
            ]
          }
        },
        "wing5": {
          "rotation": {
            "0.9583": [
              0,
              0,
              0
            ],
            "1.9583": [
              0,
              40,
              0
            ],
            "2.9583": [
              0,
              0,
              0
            ],
            "3.9167": [
              0,
              0,
              0
            ],
            "4.9167": [
              0,
              40,
              0
            ],
            "5.9167": [
              0,
              0,
              0
            ],
            "7.0": [
              0,
              40,
              0
            ],
            "8.0": [
              0,
              0,
              0
            ]
          }
        },
        "wing6": {
          "rotation": {
            "1.0": [
              0,
              0,
              0
            ],
            "2.0": [
              0,
              -40,
              0
            ],
            "3.0": [
              0,
              0,
              0
            ],
            "3.9583": [
              0,
              0,
              0
            ],
            "4.9583": [
              0,
              -40,
              0
            ],
            "5.9583": [
              0,
              0,
              0
            ],
            "7.0417": [
              0,
              -40,
              0
            ],
            "8.0833": [
              0,
              0,
              0
            ]
          }
        },
        "wing7": {
          "rotation": {
            "0.0417": [
              0,
              0,
              0
            ],
            "0.9167": [
              0,
              22.5,
              0
            ],
            "1.9167": [
              0,
              0,
              0
            ],
            "3.0417": [
              0,
              0,
              0
            ],
            "3.9167": [
              0,
              22.5,
              0
            ],
            "4.9167": [
              0,
              0,
              0
            ]
          }
        },
        "worm1": {
          "position": {
            "0.0": [
              0,
              0,
              0
            ],
            "7.8333": [
              8,
              0,
              6.5
            ]
          },
          "rotation": [
            0,
            0,
            0
          ],
          "scale": 1
        },
        "worm1head": {
          "scale": {
            "7.0833": [
              1,
              1,
              1
            ],
            "7.1667": [
              0.125,
              1,
              1
            ],
            "7.25": [
              0,
              0,
              0
            ]
          }
        },
        "worm1tail": {
          "position": {
            "0.0": [
              0,
              0,
              0
            ],
            "0.5": [
              0.2,
              0,
              0.1
            ],
            "1.0": [
              0,
              0,
              0
            ],
            "1.5": [
              0,
              0,
              0
            ],
            "2.0": [
              0.2,
              0,
              0.1
            ],
            "2.5": [
              0,
              0,
              0
            ]
          },
          "scale": {
            "7.375": [
              1,
              1,
              1
            ],
            "7.5": [
              0,
              0,
              0
            ]
          }
        },
        "worrm1back": {
          "position": {
            "0.0": [
              0,
              0,
              0
            ],
            "1.0": [
              0,
              -0.25,
              0
            ],
            "1.625": [
              0,
              0,
              0
            ],
            "1.9583": [
              0,
              -0.25,
              0
            ],
            "3.0": [
              0,
              0,
              0
            ],
            "4.0": [
              0,
              -0.25,
              0
            ],
            "4.625": [
              0,
              0,
              0
            ],
            "4.9583": [
              0,
              -0.25,
              0
            ],
            "6.0": [
              0,
              0,
              0
            ]
          },
          "scale": {
            "6.9167": [
              1,
              1,
              1
            ],
            "7.25": [
              1,
              1,
              1
            ],
            "7.4167": [
              0,
              0,
              0
            ]
          }
        }
      },
      "loop": true
    }
  },
  "format_version": "1.8.0"
}