{
  "animations": {
    "animation.gravestone.retrotv.idle": {
      "animation_length": 1.66667,
      "bones": {
        "bone": {
          "position": {
            "0.0": [
              0,
              0.1,
              0.6
            ],
            "0.5": [
              0,
              -1.2,
              -5.2
            ],
            "0.5417": [
              0,
              0.1,
              0.6
            ],
            "0.625": [
              0,
              0.1,
              0.6
            ],
            "0.6667": [
              0,
              0.1,
              0.6
            ],
            "1.125": [
              0,
              -1.2,
              -5.2
            ],
            "1.1667": [
              0,
              0.1,
              0.6
            ],
            "1.2083": [
              0,
              0.1,
              0.6
            ],
            "1.6667": [
              0,
              -1.2,
              -5.2
            ]
          },
          "scale": {
            "0.0": [
              1,
              0,
              0
            ],
            "0.25": [
              1.3,
              1,
              1
            ],
            "0.5": [
              1,
              0,
              0
            ],
            "0.5417": [
              1,
              0,
              0
            ],
            "0.625": [
              1,
              0,
              0
            ],
            "0.6667": [
              1,
              0,
              0
            ],
            "0.875": [
              1.3,
              1,
              1
            ],
            "1.125": [
              1.5,
              0,
              0
            ],
            "1.1667": [
              1,
              0,
              0
            ],
            "1.2083": [
              1,
              0,
              0
            ],
            "1.4167": [
              1.3,
              1,
              1
            ],
            "1.6667": [
              1.5,
              0,
              0
            ]
          }
        },
        "car1": {
          "position": {
            "0.0": [
              0,
              -0.1,
              -0.5
            ],
            "0.5833": [
              -1.18,
              -0.15,
              -0.56
            ],
            "1.125": [
              -1,
              0,
              0
            ],
            "1.6667": [
              0,
              -0.1,
              -0.5
            ]
          }
        },
        "car2": {
          "position": {
            "0.0": [
              0,
              0,
              0
            ],
            "0.375": [
              0.45,
              0.1,
              0.3
            ],
            "0.8333": [
              1,
              0,
              0
            ],
            "1.6667": [
              0,
              0,
              0
            ]
          }
        },
        "sun": {
          "position": {
            "0.0": [
              0,
              0,
              0
            ],
            "0.6667": [
              0,
              0.2,
              0
            ],
            "0.9167": [
              0,
              0.3,
              0
            ],
            "1.1667": [
              0,
              0.2,
              0
            ],
            "1.6667": [
              0,
              0,
              0
            ]
          }
        }
      },
      "loop": true
    }
  },
  "format_version": "1.8.0"
}