{
  "animations": {
    "animation.sandcastle.summer.gravestone.default": {
      "animation_length": 13,
      "bones": {
        "1": {
          "position": {
            "0.52": [
              0,
              0,
              0
            ],
            "0.8": [
              0,
              -2.3,
              0
            ],
            "1.28": [
              1.6,
              -2.5,
              0
            ],
            "4.88": [
              1.6,
              -2.5,
              0
            ],
            "5.52": [
              -0.5,
              -2.5,
              0.7
            ],
            "7.72": [
              -0.5,
              -2.5,
              0.7
            ],
            "7.76": [
              0,
              0,
              0
            ]
          },
          "rotation": {
            "0.52": [
              0,
              0,
              0
            ],
            "1.28": [
              0,
              0,
              25
            ],
            "4.88": [
              0,
              0,
              25
            ],
            "7.72": [
              0,
              0,
              25
            ],
            "7.76": [
              0,
              0,
              0
            ]
          }
        },
        "10": {
          "position": {
            "0.72": [
              0,
              0,
              0
            ],
            "1.16": [
              0,
              0,
              0
            ],
            "1.76": [
              1,
              -2.6,
              0
            ],
            "4.88": [
              1,
              -2.6,
              0
            ],
            "5.52": [
              -0.8,
              -2.6,
              0
            ],
            "7.76": [
              -0.8,
              -2.6,
              0
            ],
            "7.8": [
              0,
              0,
              0
            ]
          },
          "rotation": {
            "0.72": [
              0,
              0,
              0
            ],
            "1.16": [
              0,
              0,
              0
            ],
            "1.76": [
              0,
              0,
              30
            ],
            "4.88": [
              0,
              0,
              30
            ],
            "7.76": [
              0,
              0,
              30
            ],
            "7.8": [
              0,
              0,
              0
            ]
          }
        },
        "11": {
          "position": [
            0,
            0,
            0
          ],
          "rotation": [
            0,
            0,
            0
          ]
        },
        "12": {
          "position": {
            "0.76": [
              0,
              0,
              0
            ],
            "1.68": [
              -0.2,
              -2.1,
              -0.5
            ],
            "3.52": [
              -0.2,
              -2.1,
              -0.5
            ],
            "4.0": [
              0.2,
              -2.1,
              -0.5
            ],
            "7.76": [
              0.2,
              -2.1,
              -0.5
            ],
            "7.8": [
              0,
              0,
              0
            ]
          },
          "rotation": {
            "0.76": [
              0,
              0,
              0
            ],
            "3.52": [
              0,
              0,
              0
            ],
            "7.76": [
              0,
              0,
              0
            ],
            "7.8": [
              0,
              0,
              0
            ]
          }
        },
        "2": {
          "position": {
            "0.52": [
              0,
              0,
              0
            ],
            "0.8": [
              0,
              -1.6,
              0
            ],
            "1.2": [
              0,
              -2.3,
              0
            ],
            "7.72": [
              0,
              -2.3,
              0
            ],
            "7.76": [
              0,
              0,
              0
            ]
          },
          "rotation": {
            "0.52": [
              0,
              0,
              0
            ],
            "7.72": [
              0,
              0,
              0
            ],
            "7.76": [
              0,
              0,
              0
            ]
          }
        },
        "3": {
          "position": {
            "0.52": [
              0,
              0,
              0
            ],
            "0.92": [
              0,
              -1.5,
              0
            ],
            "1.44": [
              -0.9,
              -1,
              0
            ],
            "3.52": [
              -0.9,
              -1,
              0
            ],
            "4.0": [
              1.7,
              -1,
              1.2
            ],
            "7.72": [
              1.7,
              -1,
              1.2
            ],
            "7.76": [
              0,
              0,
              0
            ]
          },
          "rotation": {
            "0.52": [
              0,
              0,
              0
            ],
            "0.92": [
              0,
              0,
              -7.5
            ],
            "1.44": [
              0,
              0,
              -22.5
            ],
            "3.52": [
              0,
              0,
              -22.5
            ],
            "7.72": [
              0,
              0,
              -22.5
            ],
            "7.76": [
              0,
              0,
              0
            ]
          }
        },
        "4": {
          "position": {
            "0.52": [
              0,
              0,
              0
            ],
            "0.96": [
              -0.1,
              -3.1,
              0.2
            ],
            "1.44": [
              -0.1,
              -4,
              0.2
            ],
            "7.72": [
              -0.1,
              -4,
              0.2
            ],
            "7.76": [
              0,
              0,
              0
            ]
          },
          "rotation": {
            "0.52": [
              0,
              0,
              0
            ],
            "7.72": [
              0,
              0,
              0
            ],
            "7.76": [
              0,
              0,
              0
            ]
          }
        },
        "5": {
          "position": {
            "0.52": [
              0,
              0,
              0
            ],
            "0.96": [
              -0.4,
              -2.8,
              0.4
            ],
            "7.72": [
              -0.4,
              -2.8,
              0.4
            ],
            "7.76": [
              0,
              0,
              0
            ]
          },
          "rotation": {
            "0.52": [
              0,
              0,
              0
            ],
            "0.96": [
              0,
              0,
              -20
            ],
            "7.72": [
              0,
              0,
              -20
            ],
            "7.76": [
              0,
              0,
              0
            ]
          }
        },
        "6": {
          "position": {
            "0.52": [
              0,
              0,
              0
            ],
            "0.96": [
              0.1,
              -2.9,
              0.2
            ],
            "1.28": [
              0.1,
              -4.1,
              0.2
            ],
            "7.72": [
              0.1,
              -4.1,
              0.2
            ],
            "7.76": [
              0,
              0,
              0
            ]
          },
          "rotation": {
            "0.52": [
              0,
              0,
              0
            ],
            "7.72": [
              0,
              0,
              0
            ],
            "7.76": [
              0,
              0,
              0
            ]
          }
        },
        "7": {
          "position": {
            "0.6": [
              0,
              0,
              0
            ],
            "1.48": [
              -0.1,
              -2.4,
              0
            ],
            "7.76": [
              -0.1,
              -2.4,
              0
            ],
            "7.8": [
              0,
              0,
              0
            ]
          },
          "rotation": {
            "0.6": [
              0,
              0,
              0
            ],
            "7.76": [
              0,
              0,
              0
            ],
            "7.8": [
              0,
              0,
              0
            ]
          }
        },
        "8": {
          "position": {
            "0.76": [
              0,
              0,
              0
            ],
            "1.68": [
              -0.4,
              -3.1,
              0.5
            ],
            "3.52": [
              -0.4,
              -3.1,
              0.5
            ],
            "4.0": [
              0.3,
              -3.1,
              0.5
            ],
            "7.72": [
              0.3,
              -3.1,
              0.5
            ],
            "7.76": [
              0,
              0,
              0
            ]
          },
          "rotation": {
            "0.76": [
              0,
              0,
              0
            ],
            "1.68": [
              30,
              0,
              0
            ],
            "3.52": [
              30,
              0,
              0
            ],
            "7.72": [
              30,
              0,
              0
            ],
            "7.76": [
              0,
              0,
              0
            ]
          }
        },
        "9": {
          "position": {
            "0.72": [
              0,
              0,
              0
            ],
            "1.32": [
              0,
              -1.4,
              0.9
            ],
            "7.72": [
              0,
              -1.4,
              0.9
            ],
            "7.76": [
              0,
              0,
              0
            ]
          },
          "rotation": {
            "0.72": [
              0,
              0,
              0
            ],
            "1.32": [
              20,
              0,
              0
            ],
            "7.72": [
              20,
              0,
              0
            ],
            "7.76": [
              0,
              0,
              0
            ]
          }
        },
        "Still": {
          "position": {
            "1.56": [
              0,
              0,
              0
            ],
            "2.08": [
              0,
              -0.9,
              0
            ],
            "7.76": [
              0,
              -0.9,
              0
            ],
            "7.8": [
              0,
              0,
              0
            ]
          }
        },
        "bone": {
          "position": {
            "6.0": [
              0,
              2.4,
              0
            ],
            "6.32": [
              0,
              5.9,
              0
            ],
            "6.64": [
              0,
              8.33,
              0
            ],
            "6.88": [
              0,
              9.27,
              0
            ],
            "7.36": [
              0,
              -0.1,
              0
            ],
            "8.48": [
              0,
              -0.1,
              0
            ],
            "9.0": [
              0,
              9.27,
              0
            ]
          },
          "rotation": {
            "6.0": [
              -180,
              0,
              0
            ],
            "6.64": [
              0,
              0,
              0
            ],
            "9.0": [
              0,
              0,
              0
            ],
            "9.72": [
              -180,
              0,
              0
            ]
          },
          "scale": {
            "5.6": [
              0,
              0,
              0
            ],
            "6.0": [
              1,
              1,
              1
            ],
            "9.0": [
              1,
              1,
              1
            ],
            "9.72": [
              0,
              0,
              0
            ]
          }
        },
        "flag": {
          "position": {
            "0.68": [
              0,
              0,
              0
            ],
            "1.64": [
              -1.3,
              -2.8,
              0
            ],
            "10.24": [
              -6.7,
              -8.2,
              1.9
            ],
            "11.04": [
              -4.8,
              1.8,
              -0.6
            ],
            "11.76": [
              0,
              0,
              0
            ],
            "13.0": [
              0,
              0,
              0
            ],
            "2.2": [
              -2.6,
              -5.1,
              0
            ],
            "2.48": [
              -2.6,
              -5.1,
              0
            ],
            "2.96": [
              -6.25,
              -2.45,
              0.95
            ],
            "3.48": [
              -6.7,
              -8.2,
              1.9
            ]
          },
          "rotation": {
            "0.68": [
              0,
              0,
              0
            ],
            "1.64": [
              0,
              0,
              -30
            ],
            "10.24": [
              -15,
              -55,
              2.5
            ],
            "11.04": [
              -8.55855,
              4.0272,
              -10.48516
            ],
            "11.76": [
              0,
              0,
              0
            ],
            "2.2": [
              0,
              0,
              -52.5
            ],
            "2.48": [
              0,
              0,
              -52.5
            ],
            "3.48": [
              -15,
              -55,
              2.5
            ]
          }
        },
        "slide_1": {
          "position": {
            "0.0": [
              0,
              0,
              0
            ],
            "0.52": [
              0,
              0,
              0
            ],
            "0.8": [
              0,
              1,
              -1
            ],
            "3.12": [
              0,
              1,
              -1
            ],
            "3.52": [
              0,
              1,
              -1
            ],
            "3.92": [
              0,
              1,
              0.7
            ],
            "7.72": [
              0,
              1,
              0.7
            ],
            "7.76": [
              0,
              0,
              0
            ]
          },
          "rotation": {
            "0.0": [
              0,
              0,
              0
            ],
            "0.52": [
              0,
              0,
              0
            ],
            "0.8": [
              25,
              0,
              0
            ],
            "3.12": [
              25,
              0,
              0
            ],
            "3.52": [
              25,
              0,
              0
            ],
            "7.72": [
              25,
              0,
              0
            ],
            "7.76": [
              0,
              0,
              0
            ]
          }
        },
        "spade": {
          "position": {
            "2.6": [
              6.2,
              1.2,
              -4.3
            ],
            "3.08": [
              6.2,
              2.8,
              -4.3
            ],
            "3.52": [
              2.8,
              -0.8,
              -6.1
            ],
            "4.0": [
              2.8,
              -0.8,
              -4.2
            ],
            "4.36": [
              2.8,
              1.4,
              -4.2
            ],
            "4.8": [
              10.9,
              1.4,
              -4.2
            ],
            "5.12": [
              10.9,
              -1.1,
              -4.2
            ],
            "5.48": [
              10.9,
              0.5,
              -4.2
            ]
          },
          "rotation": {
            "3.08": [
              0,
              0,
              0
            ],
            "3.52": [
              17.5,
              0,
              0
            ],
            "4.0": [
              31.5,
              0,
              0
            ],
            "4.36": [
              0,
              0,
              0
            ],
            "4.8": [
              0,
              0,
              0
            ],
            "5.12": [
              34.5,
              0,
              0
            ],
            "5.48": [
              40.5,
              0,
              0
            ],
            "6.4": [
              0,
              0,
              0
            ]
          },
          "scale": {
            "2.48": [
              0,
              0,
              0
            ],
            "2.84": [
              1,
              1,
              1
            ],
            "5.48": [
              1,
              1,
              1
            ],
            "6.4": [
              0,
              0,
              0
            ]
          }
        },
        "sparkle1": {
          "rotation": {
            "11.84": [
              0,
              0,
              35
            ],
            "12.64": [
              0,
              0,
              -17.5
            ]
          },
          "scale": {
            "11.84": [
              0,
              0,
              0
            ],
            "12.24": [
              1,
              1,
              1
            ],
            "12.64": [
              0,
              0,
              0
            ]
          }
        },
        "sparkle2": {
          "rotation": {
            "11.84": [
              0,
              0,
              -25
            ],
            "12.64": [
              0,
              0,
              22.5
            ]
          },
          "scale": {
            "11.84": [
              0,
              0,
              0
            ],
            "12.24": [
              1,
              1,
              1
            ],
            "12.64": [
              0,
              0,
              0
            ]
          }
        },
        "sparkle3": {
          "rotation": {
            "11.84": [
              0,
              0,
              30
            ],
            "12.64": [
              0,
              0,
              -15
            ]
          },
          "scale": {
            "11.84": [
              0,
              0,
              0
            ],
            "12.24": [
              1,
              1,
              1
            ],
            "12.64": [
              0,
              0,
              0
            ]
          }
        },
        "top_fall_L": {
          "position": {
            "0.52": [
              0,
              0,
              0
            ],
            "0.96": [
              -0.3,
              -5.4,
              -0.6
            ],
            "1.28": [
              -1.2,
              -8.1,
              -2.7
            ],
            "3.52": [
              -1.2,
              -8.1,
              -2.7
            ],
            "4.0": [
              0.8,
              -8.1,
              0.7
            ],
            "7.72": [
              0.8,
              -8.1,
              0.7
            ],
            "7.76": [
              0,
              0,
              0
            ]
          },
          "rotation": {
            "0.52": [
              0,
              0,
              0
            ],
            "0.96": [
              20,
              0,
              0
            ],
            "1.28": [
              0,
              12.5,
              0
            ],
            "3.52": [
              0,
              12.5,
              0
            ],
            "7.72": [
              0,
              12.5,
              0
            ],
            "7.76": [
              0,
              0,
              0
            ]
          }
        },
        "top_fall_R": {
          "position": {
            "0.52": [
              0,
              0,
              0
            ],
            "0.96": [
              0.4,
              -3.5,
              0.4
            ],
            "1.68": [
              1.1,
              -5.3,
              0.4
            ],
            "4.88": [
              1.1,
              -5.3,
              0.4
            ],
            "5.52": [
              -0.4,
              -5.3,
              0.5
            ],
            "7.72": [
              -0.4,
              -5.3,
              0.5
            ],
            "7.76": [
              0,
              0,
              0
            ]
          },
          "rotation": {
            "0.52": [
              0,
              0,
              0
            ],
            "0.96": [
              0,
              0,
              15
            ],
            "4.88": [
              0,
              0,
              15
            ],
            "7.72": [
              0,
              0,
              15
            ],
            "7.76": [
              0,
              0,
              0
            ]
          }
        },
        "water": {
          "position": {
            "0.0": [
              0,
              0,
              0
            ],
            "1.16": [
              0,
              0,
              2.1
            ],
            "10.84": [
              0,
              0,
              0
            ],
            "11.88": [
              0,
              0,
              2.1
            ],
            "13.0": [
              0,
              0,
              0
            ],
            "2.32": [
              0,
              0,
              0
            ],
            "3.44": [
              0,
              0,
              2.1
            ],
            "4.52": [
              0,
              0,
              0
            ],
            "5.6": [
              0,
              0,
              2.1
            ],
            "6.68": [
              0,
              0,
              0
            ],
            "7.8": [
              0,
              0,
              2.1
            ],
            "8.84": [
              0,
              0,
              0
            ],
            "9.8": [
              0,
              0,
              2.1
            ]
          }
        }
      },
      "loop": true
    }
  },
  "format_version": "1.8.0"
}