{
  "animations": {
    "animation.steamedfish.lunaryear.gravestone": {
      "animation_length": 2.25,
      "bones": {
        "basket": {
          "rotation": {
            "0.0": [
              0,
              0,
              2.5
            ],
            "0.1": [
              0,
              0,
              0.38
            ],
            "0.2": [
              0,
              0,
              -2.06
            ],
            "0.25": [
              0,
              0,
              -2.5
            ],
            "0.3": [
              0,
              0,
              -1.98
            ],
            "0.4": [
              0,
              0,
              0.74
            ],
            "0.5": [
              0,
              0,
              2.5
            ],
            "0.6": [
              0,
              0,
              0.74
            ],
            "0.7": [
              0,
              0,
              -1.98
            ],
            "0.75": [
              0,
              0,
              -2.5
            ],
            "0.8": [
              0,
              0,
              -1.98
            ],
            "0.9": [
              0,
              0,
              0.74
            ],
            "1.0": [
              0,
              0,
              2.5
            ],
            "1.1": [
              0,
              0,
              0.74
            ],
            "1.2": [
              0,
              0,
              -1.98
            ],
            "1.25": [
              0,
              0,
              -2.5
            ],
            "1.4": [
              0,
              0,
              0.74
            ],
            "1.54": [
              0,
              0,
              -1.98
            ],
            "1.64": [
              0,
              0,
              0.74
            ],
            "1.74": [
              0,
              0,
              2.5
            ],
            "1.84": [
              0,
              0,
              0.74
            ],
            "1.94": [
              0,
              0,
              -1.98
            ],
            "1.99": [
              0,
              0,
              -2.5
            ],
            "2.04": [
              0,
              0,
              -2.06
            ],
            "2.14": [
              0,
              0,
              0.38
            ],
            "2.24": [
              0,
              0,
              2.5
            ]
          }
        },
        "fire1": {
          "scale": {
            "0.0": [
              1,
              1,
              1
            ],
            "0.04": [
              1,
              0.7,
              1
            ],
            "0.08": [
              1,
              0.9,
              1
            ],
            "0.13": [
              1,
              1,
              1
            ],
            "0.17": [
              1,
              0.7,
              1
            ],
            "0.21": [
              1,
              0.9,
              1
            ],
            "0.25": [
              1,
              1,
              1
            ],
            "0.29": [
              1,
              0.7,
              1
            ],
            "0.33": [
              1,
              0.9,
              1
            ],
            "0.38": [
              1,
              1,
              1
            ],
            "0.42": [
              1,
              0.7,
              1
            ],
            "0.46": [
              1,
              0.9,
              1
            ],
            "0.5": [
              1,
              1,
              1
            ],
            "0.54": [
              1,
              0.7,
              1
            ],
            "0.58": [
              1,
              0.9,
              1
            ],
            "0.63": [
              1,
              1,
              1
            ],
            "0.67": [
              1,
              0.7,
              1
            ],
            "0.71": [
              1,
              0.9,
              1
            ],
            "0.75": [
              1,
              1,
              1
            ],
            "0.79": [
              1,
              0.7,
              1
            ],
            "0.83": [
              1,
              0.9,
              1
            ],
            "0.88": [
              1,
              1,
              1
            ],
            "0.92": [
              1,
              0.7,
              1
            ],
            "0.96": [
              1,
              0.9,
              1
            ],
            "1.0": [
              1,
              1,
              1
            ],
            "1.04": [
              1,
              0.7,
              1
            ],
            "1.08": [
              1,
              0.9,
              1
            ],
            "1.13": [
              1,
              1,
              1
            ],
            "1.17": [
              1,
              0.7,
              1
            ],
            "1.21": [
              1,
              0.9,
              1
            ],
            "1.25": [
              1,
              1,
              1
            ],
            "1.29": [
              1,
              0.7,
              1
            ],
            "1.33": [
              1,
              0.9,
              1
            ],
            "1.38": [
              1,
              1,
              1
            ],
            "1.42": [
              1,
              0.7,
              1
            ],
            "1.46": [
              1,
              0.9,
              1
            ],
            "1.5": [
              1,
              1,
              1
            ],
            "1.54": [
              1,
              0.7,
              1
            ],
            "1.58": [
              1,
              0.9,
              1
            ],
            "1.63": [
              1,
              1,
              1
            ],
            "1.67": [
              1,
              0.7,
              1
            ],
            "1.71": [
              1,
              0.9,
              1
            ],
            "1.75": [
              1,
              1,
              1
            ],
            "1.79": [
              1,
              0.7,
              1
            ],
            "1.83": [
              1,
              0.9,
              1
            ],
            "1.88": [
              1,
              1,
              1
            ],
            "1.92": [
              1,
              0.7,
              1
            ],
            "1.96": [
              1,
              0.7,
              1
            ],
            "2.0": [
              1,
              0.9,
              1
            ],
            "2.04": [
              1,
              0.9,
              1
            ],
            "2.08": [
              1,
              1,
              1
            ],
            "2.12": [
              1,
              0.7,
              1
            ],
            "2.13": [
              1,
              1,
              1
            ],
            "2.17": [
              1,
              0.7,
              1
            ],
            "2.18": [
              1,
              0.7,
              1
            ],
            "2.21": [
              1,
              0.9,
              1
            ],
            "2.22": [
              1,
              0.7,
              1
            ]
          }
        },
        "fire2": {
          "scale": {
            "0.0": [
              1,
              0.6,
              1
            ],
            "0.04": [
              1,
              1,
              1
            ],
            "0.08": [
              1,
              0.8,
              1
            ],
            "0.13": [
              1,
              0.6,
              1
            ],
            "0.17": [
              1,
              1,
              1
            ],
            "0.21": [
              1,
              0.8,
              1
            ],
            "0.25": [
              1,
              0.6,
              1
            ],
            "0.29": [
              1,
              1,
              1
            ],
            "0.33": [
              1,
              0.8,
              1
            ],
            "0.38": [
              1,
              0.6,
              1
            ],
            "0.42": [
              1,
              1,
              1
            ],
            "0.46": [
              1,
              0.8,
              1
            ],
            "0.5": [
              1,
              0.6,
              1
            ],
            "0.54": [
              1,
              1,
              1
            ],
            "0.58": [
              1,
              0.8,
              1
            ],
            "0.63": [
              1,
              0.6,
              1
            ],
            "0.67": [
              1,
              1,
              1
            ],
            "0.71": [
              1,
              0.8,
              1
            ],
            "0.75": [
              1,
              0.6,
              1
            ],
            "0.79": [
              1,
              1,
              1
            ],
            "0.83": [
              1,
              0.8,
              1
            ],
            "0.88": [
              1,
              0.6,
              1
            ],
            "0.92": [
              1,
              1,
              1
            ],
            "0.96": [
              1,
              0.8,
              1
            ],
            "1.0": [
              1,
              0.6,
              1
            ],
            "1.04": [
              1,
              1,
              1
            ],
            "1.08": [
              1,
              0.8,
              1
            ],
            "1.13": [
              1,
              0.6,
              1
            ],
            "1.17": [
              1,
              1,
              1
            ],
            "1.21": [
              1,
              0.8,
              1
            ],
            "1.25": [
              1,
              0.6,
              1
            ],
            "1.29": [
              1,
              1,
              1
            ],
            "1.33": [
              1,
              0.8,
              1
            ],
            "1.38": [
              1,
              0.6,
              1
            ],
            "1.42": [
              1,
              1,
              1
            ],
            "1.46": [
              1,
              0.8,
              1
            ],
            "1.5": [
              1,
              0.6,
              1
            ],
            "1.54": [
              1,
              1,
              1
            ],
            "1.58": [
              1,
              0.8,
              1
            ],
            "1.63": [
              1,
              0.6,
              1
            ],
            "1.67": [
              1,
              1,
              1
            ],
            "1.71": [
              1,
              0.8,
              1
            ],
            "1.75": [
              1,
              0.6,
              1
            ],
            "1.79": [
              1,
              1,
              1
            ],
            "1.83": [
              1,
              0.8,
              1
            ],
            "1.88": [
              1,
              0.6,
              1
            ],
            "1.92": [
              1,
              1,
              1
            ],
            "1.96": [
              1,
              1,
              1
            ],
            "2.0": [
              1,
              0.8,
              1
            ],
            "2.04": [
              1,
              0.8,
              1
            ],
            "2.08": [
              1,
              0.6,
              1
            ],
            "2.12": [
              1,
              1,
              1
            ],
            "2.13": [
              1,
              0.6,
              1
            ],
            "2.17": [
              1,
              1,
              1
            ],
            "2.18": [
              1,
              1,
              1
            ],
            "2.21": [
              1,
              0.8,
              1
            ],
            "2.22": [
              1,
              1,
              1
            ]
          }
        },
        "fire3": {
          "scale": {
            "0.0": [
              1,
              0.7,
              1
            ],
            "0.04": [
              1,
              0.8,
              1
            ],
            "0.08": [
              1,
              1,
              1
            ],
            "0.13": [
              1,
              0.7,
              1
            ],
            "0.17": [
              1,
              0.8,
              1
            ],
            "0.21": [
              1,
              1,
              1
            ],
            "0.25": [
              1,
              0.7,
              1
            ],
            "0.29": [
              1,
              0.8,
              1
            ],
            "0.33": [
              1,
              1,
              1
            ],
            "0.38": [
              1,
              0.7,
              1
            ],
            "0.42": [
              1,
              0.8,
              1
            ],
            "0.46": [
              1,
              1,
              1
            ],
            "0.5": [
              1,
              0.7,
              1
            ],
            "0.54": [
              1,
              0.8,
              1
            ],
            "0.58": [
              1,
              1,
              1
            ],
            "0.63": [
              1,
              0.7,
              1
            ],
            "0.67": [
              1,
              0.8,
              1
            ],
            "0.71": [
              1,
              1,
              1
            ],
            "0.75": [
              1,
              0.7,
              1
            ],
            "0.79": [
              1,
              0.8,
              1
            ],
            "0.83": [
              1,
              1,
              1
            ],
            "0.88": [
              1,
              0.7,
              1
            ],
            "0.92": [
              1,
              0.8,
              1
            ],
            "0.96": [
              1,
              1,
              1
            ],
            "1.0": [
              1,
              0.7,
              1
            ],
            "1.04": [
              1,
              0.8,
              1
            ],
            "1.08": [
              1,
              1,
              1
            ],
            "1.13": [
              1,
              0.7,
              1
            ],
            "1.17": [
              1,
              0.8,
              1
            ],
            "1.21": [
              1,
              1,
              1
            ],
            "1.25": [
              1,
              0.7,
              1
            ],
            "1.29": [
              1,
              0.8,
              1
            ],
            "1.33": [
              1,
              1,
              1
            ],
            "1.38": [
              1,
              0.7,
              1
            ],
            "1.42": [
              1,
              0.8,
              1
            ],
            "1.46": [
              1,
              1,
              1
            ],
            "1.5": [
              1,
              0.7,
              1
            ],
            "1.54": [
              1,
              0.8,
              1
            ],
            "1.58": [
              1,
              1,
              1
            ],
            "1.63": [
              1,
              0.7,
              1
            ],
            "1.67": [
              1,
              0.8,
              1
            ],
            "1.71": [
              1,
              1,
              1
            ],
            "1.75": [
              1,
              0.7,
              1
            ],
            "1.79": [
              1,
              0.8,
              1
            ],
            "1.83": [
              1,
              1,
              1
            ],
            "1.88": [
              1,
              0.7,
              1
            ],
            "1.92": [
              1,
              0.8,
              1
            ],
            "1.96": [
              1,
              0.8,
              1
            ],
            "2.0": [
              1,
              1,
              1
            ],
            "2.04": [
              1,
              0.7,
              1
            ],
            "2.08": [
              1,
              1,
              1
            ],
            "2.12": [
              1,
              0.7,
              1
            ],
            "2.13": [
              1,
              0.8,
              1
            ],
            "2.16": [
              1,
              0.8,
              1
            ],
            "2.17": [
              1,
              1,
              1
            ],
            "2.21": [
              1,
              0.8,
              1
            ]
          }
        },
        "fire4": {
          "scale": {
            "0.0": [
              1,
              0.9,
              1
            ],
            "0.04": [
              1,
              0.7,
              1
            ],
            "0.08": [
              1,
              0.9,
              1
            ],
            "0.13": [
              1,
              0.9,
              1
            ],
            "0.17": [
              1,
              0.7,
              1
            ],
            "0.21": [
              1,
              0.9,
              1
            ],
            "0.25": [
              1,
              0.9,
              1
            ],
            "0.29": [
              1,
              0.7,
              1
            ],
            "0.33": [
              1,
              0.9,
              1
            ],
            "0.38": [
              1,
              0.9,
              1
            ],
            "0.42": [
              1,
              0.7,
              1
            ],
            "0.46": [
              1,
              0.9,
              1
            ],
            "0.5": [
              1,
              0.9,
              1
            ],
            "0.54": [
              1,
              0.7,
              1
            ],
            "0.58": [
              1,
              0.9,
              1
            ],
            "0.63": [
              1,
              0.9,
              1
            ],
            "0.67": [
              1,
              0.7,
              1
            ],
            "0.71": [
              1,
              0.9,
              1
            ],
            "0.75": [
              1,
              0.9,
              1
            ],
            "0.79": [
              1,
              0.7,
              1
            ],
            "0.83": [
              1,
              0.9,
              1
            ],
            "0.88": [
              1,
              0.9,
              1
            ],
            "0.92": [
              1,
              0.7,
              1
            ],
            "0.96": [
              1,
              0.9,
              1
            ],
            "1.0": [
              1,
              0.9,
              1
            ],
            "1.04": [
              1,
              0.7,
              1
            ],
            "1.08": [
              1,
              0.9,
              1
            ],
            "1.13": [
              1,
              0.9,
              1
            ],
            "1.17": [
              1,
              0.7,
              1
            ],
            "1.21": [
              1,
              0.9,
              1
            ],
            "1.25": [
              1,
              0.9,
              1
            ],
            "1.29": [
              1,
              0.7,
              1
            ],
            "1.33": [
              1,
              0.9,
              1
            ],
            "1.38": [
              1,
              0.9,
              1
            ],
            "1.42": [
              1,
              0.7,
              1
            ],
            "1.46": [
              1,
              0.9,
              1
            ],
            "1.5": [
              1,
              0.9,
              1
            ],
            "1.54": [
              1,
              0.7,
              1
            ],
            "1.58": [
              1,
              0.9,
              1
            ],
            "1.63": [
              1,
              0.9,
              1
            ],
            "1.67": [
              1,
              0.7,
              1
            ],
            "1.71": [
              1,
              0.9,
              1
            ],
            "1.75": [
              1,
              0.9,
              1
            ],
            "1.79": [
              1,
              0.7,
              1
            ],
            "1.83": [
              1,
              0.9,
              1
            ],
            "1.88": [
              1,
              0.9,
              1
            ],
            "1.92": [
              1,
              0.7,
              1
            ],
            "1.96": [
              1,
              0.7,
              1
            ],
            "2.0": [
              1,
              0.9,
              1
            ],
            "2.04": [
              1,
              0.9,
              1
            ],
            "2.08": [
              1,
              0.9,
              1
            ],
            "2.12": [
              1,
              0.9,
              1
            ],
            "2.13": [
              1,
              0.7,
              1
            ],
            "2.16": [
              1,
              0.7,
              1
            ],
            "2.17": [
              1,
              0.9,
              1
            ],
            "2.21": [
              1,
              0.7,
              1
            ]
          }
        },
        "pot": {
          "rotation": {
            "0.0": [
              0,
              0,
              -2.5
            ],
            "0.1": [
              0,
              0,
              -0.5
            ],
            "0.2": [
              0,
              0,
              1.9
            ],
            "0.25": [
              0,
              0,
              2.5
            ],
            "0.3": [
              0,
              0,
              2.4
            ],
            "0.4": [
              0,
              0,
              1
            ],
            "0.5": [
              0,
              0,
              0
            ],
            "0.6": [
              0,
              0,
              1
            ],
            "0.7": [
              0,
              0,
              2.4
            ],
            "0.75": [
              0,
              0,
              2.5
            ],
            "0.8": [
              0,
              0,
              1.86
            ],
            "0.9": [
              0,
              0,
              -0.68
            ],
            "1.0": [
              0,
              0,
              -2.5
            ],
            "1.1": [
              0,
              0,
              -1.92
            ],
            "1.2": [
              0,
              0,
              -0.46
            ],
            "1.25": [
              0,
              0,
              0
            ],
            "1.4": [
              0,
              0,
              1
            ],
            "1.54": [
              0,
              0,
              0.12
            ],
            "1.64": [
              0,
              0,
              -0.06
            ],
            "1.74": [
              0,
              0,
              0
            ],
            "1.84": [
              0,
              0,
              1.18
            ],
            "1.94": [
              0,
              0,
              2.44
            ],
            "1.99": [
              0,
              0,
              2.5
            ],
            "2.04": [
              0,
              0,
              1.9
            ],
            "2.14": [
              0,
              0,
              -0.5
            ],
            "2.24": [
              0,
              0,
              -2.5
            ]
          }
        },
        "steam1": {
          "position": {
            "0.76": [
              0,
              0,
              0
            ],
            "1.26": [
              -0.30534,
              10.99334,
              0
            ]
          },
          "rotation": [
            0,
            0,
            -2.5
          ],
          "scale": {
            "1.09": [
              1,
              1,
              1
            ],
            "1.26": [
              1,
              0,
              1
            ]
          }
        },
        "steam2": {
          "position": {
            "0.26": [
              0,
              0,
              0
            ],
            "0.76": [
              -0.30534,
              10.99334,
              0
            ],
            "1.26": [
              0,
              0,
              0
            ],
            "1.76": [
              -0.30534,
              10.99334,
              0
            ],
            "2.25": [
              -0.30534,
              10.99334,
              0
            ]
          },
          "rotation": {
            "0.76": [
              0,
              0,
              -2.5
            ],
            "1.76": [
              0,
              0,
              -2.5
            ],
            "2.25": [
              0,
              0,
              -2.5
            ]
          },
          "scale": {
            "0.59": [
              1,
              1,
              1
            ],
            "0.76": [
              1,
              0,
              1
            ],
            "1.09": [
              1,
              0,
              1
            ],
            "1.59": [
              1,
              1,
              1
            ],
            "1.76": [
              1,
              0,
              1
            ],
            "2.25": [
              1,
              0,
              1
            ]
          }
        }
      },
      "loop": true
    }
  },
  "format_version": "1.8.0"
}