{
  "animations": {
    "animation.surfboard.gravestone": {
      "animation_length": 1.56,
      "bones": {
        "water": {
          "position": {
            "0.0": [
              0,
              0,
              0
            ],
            "0.16": [
              0,
              0,
              0.21
            ],
            "0.32": [
              0,
              0,
              0.53
            ],
            "0.48": [
              0,
              0,
              0.87
            ],
            "0.64": [
              0,
              0,
              1.14
            ],
            "0.8": [
              0,
              0,
              1.25
            ],
            "0.96": [
              0,
              0,
              1.13
            ],
            "1.12": [
              0,
              0,
              0.84
            ],
            "1.28": [
              0,
              0,
              0.48
            ],
            "1.44": [
              0,
              0,
              0.15
            ],
            "1.56": [
              0,
              0,
              0
            ]
          }
        },
        "water2": {
          "position": {
            "0.0": [
              0,
              0,
              1.25
            ],
            "0.16": [
              0,
              0,
              1.04
            ],
            "0.32": [
              0,
              0,
              0.72
            ],
            "0.48": [
              0,
              0,
              0.38
            ],
            "0.64": [
              0,
              0,
              0.11
            ],
            "0.8": [
              0,
              0,
              0
            ],
            "0.96": [
              0,
              0,
              0.12
            ],
            "1.12": [
              0,
              0,
              0.41
            ],
            "1.28": [
              0,
              0,
              0.77
            ],
            "1.44": [
              0,
              0,
              1.1
            ],
            "1.56": [
              0,
              0,
              1.25
            ]
          }
        }
      },
      "loop": true
    }
  },
  "format_version": "1.8.0"
}