{
  "animations": {
    "animation.teaparty.skywars.gravestone.default": {
      "animation_length": 13.33333,
      "bones": {
        "biscuit": {
          "rotation": {
            "0.0": [
              42.5,
              0,
              0
            ],
            "0.375": [
              45.16,
              0,
              0
            ],
            "0.75": [
              43.56,
              0,
              0
            ],
            "0.7917": [
              42.5,
              0,
              0
            ],
            "1.125": [
              -2.5,
              0,
              0
            ],
            "1.25": [
              0,
              0,
              0
            ],
            "1.375": [
              -2.5,
              0,
              0
            ],
            "1.4167": [
              0,
              0,
              0
            ],
            "1.4583": [
              -2.5,
              0,
              0
            ],
            "1.5": [
              -1.85,
              0,
              0
            ],
            "1.5833": [
              0,
              0,
              0
            ],
            "1.75": [
              -2.5,
              0,
              0
            ],
            "1.7917": [
              -2.5,
              0,
              0
            ],
            "1.875": [
              -1.09,
              0,
              0
            ],
            "1.9583": [
              0,
              0,
              0
            ],
            "10.125": [
              45.65,
              0,
              0
            ],
            "10.5": [
              42.5,
              0,
              0
            ],
            "10.8333": [
              -2.5,
              0,
              0
            ],
            "10.875": [
              -3.91,
              0,
              0
            ],
            "10.9167": [
              0,
              0,
              0
            ],
            "11.0833": [
              -2.5,
              0,
              0
            ],
            "11.1667": [
              0,
              0,
              0
            ],
            "11.25": [
              0,
              0,
              0
            ],
            "11.4167": [
              -2.5,
              0,
              0
            ],
            "11.5": [
              0,
              0,
              0
            ],
            "11.5833": [
              -2.5,
              0,
              0
            ],
            "11.625": [
              -1.25,
              0,
              0
            ],
            "11.6667": [
              0,
              0,
              0
            ],
            "11.8333": [
              -2.5,
              0,
              0
            ],
            "11.875": [
              0,
              0,
              0
            ],
            "12.0": [
              42.5,
              0,
              0
            ],
            "12.375": [
              45.29,
              0,
              0
            ],
            "12.75": [
              42.56,
              0,
              0
            ],
            "12.7917": [
              42.5,
              0,
              0
            ],
            "2.1667": [
              -2.5,
              0,
              0
            ],
            "2.2083": [
              0,
              0,
              0
            ],
            "2.25": [
              8.82,
              0,
              0
            ],
            "2.375": [
              42.5,
              0,
              0
            ],
            "2.625": [
              45.64,
              0,
              0
            ],
            "3.0": [
              43.24,
              0,
              0
            ],
            "3.1667": [
              42.5,
              0,
              0
            ],
            "3.2083": [
              42.5,
              0,
              0
            ],
            "3.375": [
              43.22,
              0,
              0
            ],
            "3.75": [
              45.83,
              0,
              0
            ],
            "4.0417": [
              42.5,
              0,
              0
            ],
            "4.125": [
              33.3,
              0,
              0
            ],
            "4.375": [
              -2.5,
              0,
              0
            ],
            "4.4167": [
              0,
              0,
              0
            ],
            "4.5": [
              -0.88,
              0,
              0
            ],
            "4.625": [
              -2.5,
              0,
              0
            ],
            "4.6667": [
              0,
              0,
              0
            ],
            "4.7083": [
              -2.5,
              0,
              0
            ],
            "4.7917": [
              0,
              0,
              0
            ],
            "4.875": [
              -0.88,
              0,
              0
            ],
            "5.0": [
              -2.5,
              0,
              0
            ],
            "5.0417": [
              0,
              0,
              0
            ],
            "5.0833": [
              -2.5,
              0,
              0
            ],
            "5.1667": [
              0,
              0,
              0
            ],
            "5.25": [
              -0.88,
              0,
              0
            ],
            "5.375": [
              -2.5,
              0,
              0
            ],
            "5.4167": [
              0,
              0,
              0
            ],
            "5.5": [
              42.5,
              0,
              0
            ],
            "5.625": [
              44.6,
              0,
              0
            ],
            "6.0": [
              45.04,
              0,
              0
            ],
            "6.375": [
              42.65,
              0,
              0
            ],
            "6.4583": [
              42.5,
              0,
              0
            ],
            "6.5": [
              42.5,
              0,
              0
            ],
            "6.75": [
              44.04,
              0,
              0
            ],
            "7.125": [
              45.45,
              0,
              0
            ],
            "7.2917": [
              42.5,
              0,
              0
            ],
            "7.5": [
              2.78,
              0,
              0
            ],
            "7.5417": [
              -2.5,
              0,
              0
            ],
            "7.625": [
              0,
              0,
              0
            ],
            "7.875": [
              -2.5,
              0,
              0
            ],
            "7.9167": [
              0,
              0,
              0
            ],
            "7.9583": [
              -2.5,
              0,
              0
            ],
            "8.0833": [
              0,
              0,
              0
            ],
            "8.2083": [
              -2.5,
              0,
              0
            ],
            "8.25": [
              0,
              0,
              0
            ],
            "8.2917": [
              -2.5,
              0,
              0
            ],
            "8.4167": [
              0,
              0,
              0
            ],
            "8.5833": [
              -2.5,
              0,
              0
            ],
            "8.625": [
              0,
              0,
              0
            ],
            "8.7917": [
              42.5,
              0,
              0
            ],
            "9.0": [
              45.54,
              0,
              0
            ],
            "9.375": [
              43.58,
              0,
              0
            ],
            "9.5833": [
              42.5,
              0,
              0
            ],
            "9.625": [
              42.5,
              0,
              0
            ],
            "9.75": [
              42.89,
              0,
              0
            ]
          }
        },
        "bone": {
          "rotation": {
            "0.0": [
              0,
              0,
              0
            ],
            "0.375": [
              -49.8,
              0,
              0
            ],
            "0.5": [
              -62.5,
              0,
              0
            ],
            "0.7083": [
              -62.5,
              0,
              0
            ],
            "0.75": [
              -61.36,
              0,
              0.03
            ],
            "1.125": [
              -43.98,
              0,
              2.27
            ],
            "1.5": [
              -20.98,
              0,
              4.5
            ],
            "1.875": [
              -2.48,
              0,
              1.78
            ],
            "1.9583": [
              0,
              0,
              0
            ],
            "10.125": [
              0,
              0,
              0
            ],
            "10.5": [
              0,
              0,
              0
            ],
            "10.875": [
              0,
              0,
              0
            ],
            "11.25": [
              0,
              0,
              0
            ],
            "11.625": [
              0,
              0,
              0
            ],
            "12.0": [
              0,
              0,
              0
            ],
            "12.0833": [
              0,
              0,
              0
            ],
            "2.25": [
              0,
              0,
              -30.63
            ],
            "2.5417": [
              0,
              0,
              -61.25
            ],
            "2.625": [
              -3.06,
              0,
              -60.72
            ],
            "3.0": [
              -26.79,
              0,
              -27.94
            ],
            "3.0417": [
              -30,
              0,
              -25
            ],
            "3.375": [
              -64.53,
              0,
              -6.07
            ],
            "3.5417": [
              -77.5,
              0,
              0
            ],
            "3.75": [
              -80.43,
              0,
              1.48
            ],
            "4.125": [
              -81.17,
              0,
              1.61
            ],
            "4.5": [
              -78.96,
              0,
              0.42
            ],
            "4.75": [
              -77.5,
              0,
              0
            ],
            "4.875": [
              -75.84,
              0,
              0
            ],
            "5.25": [
              -68.49,
              0,
              0
            ],
            "5.3333": [
              -67.5,
              0,
              0
            ],
            "5.625": [
              -66.58,
              0,
              0
            ],
            "6.0": [
              -66.26,
              0,
              0
            ],
            "6.375": [
              -66.91,
              0,
              0
            ],
            "6.5417": [
              -67.5,
              0,
              0
            ],
            "6.75": [
              -70.74,
              0,
              0
            ],
            "7.125": [
              -77.5,
              0,
              0
            ],
            "7.5": [
              -81.19,
              1.72,
              2.53
            ],
            "7.875": [
              -77.5,
              0,
              0
            ],
            "8.25": [
              -48.95,
              -19.13,
              -28.12
            ],
            "8.5": [
              -28.47,
              -27.48,
              -40.4
            ],
            "8.625": [
              -16.4,
              -21.38,
              -31.42
            ],
            "8.875": [
              0,
              0,
              0
            ],
            "9.0": [
              2.09,
              2.02,
              2.97
            ],
            "9.2917": [
              0,
              0,
              0
            ],
            "9.375": [
              0,
              0,
              0
            ],
            "9.75": [
              0,
              0,
              0
            ]
          }
        },
        "bone2": {
          "rotation": {
            "0.0": [
              0,
              0,
              0
            ],
            "0.375": [
              -51.8,
              0,
              0
            ],
            "0.5": [
              -65,
              0,
              0
            ],
            "0.7083": [
              -65,
              0,
              0
            ],
            "0.75": [
              -63.85,
              0,
              0
            ],
            "1.125": [
              -46.55,
              0,
              -0.26
            ],
            "1.5": [
              -23.42,
              0,
              -0.55
            ],
            "1.875": [
              -4,
              0,
              -0.3
            ],
            "10.125": [
              0,
              0,
              0
            ],
            "10.5": [
              0,
              0,
              0
            ],
            "10.875": [
              0,
              0,
              0
            ],
            "11.25": [
              0,
              0,
              0
            ],
            "11.625": [
              0,
              0,
              0
            ],
            "12.0": [
              0,
              0,
              0
            ],
            "12.0833": [
              0,
              0,
              0
            ],
            "2.0": [
              0,
              0,
              0
            ],
            "2.25": [
              5.96,
              0,
              2.17
            ],
            "2.625": [
              4.16,
              0,
              6.5
            ],
            "2.8333": [
              0,
              0,
              7.5
            ],
            "3.0": [
              -29.4,
              0,
              1.26
            ],
            "3.0417": [
              -37.5,
              0,
              0
            ],
            "3.375": [
              -65.28,
              0,
              -0.28
            ],
            "3.5417": [
              -75,
              0,
              0
            ],
            "3.75": [
              -77.03,
              0,
              0
            ],
            "4.125": [
              -76.52,
              0,
              0
            ],
            "4.5": [
              -74.66,
              0,
              0
            ],
            "4.75": [
              -75,
              0,
              0
            ],
            "4.875": [
              -77.49,
              0,
              0
            ],
            "5.25": [
              -88.51,
              0,
              0
            ],
            "5.3333": [
              -90,
              0,
              0
            ],
            "5.625": [
              -91.32,
              0,
              0
            ],
            "6.0": [
              -91.68,
              0,
              0
            ],
            "6.375": [
              -90.76,
              0,
              0
            ],
            "6.5417": [
              -90,
              0,
              0
            ],
            "6.75": [
              -86.05,
              0,
              0
            ],
            "7.125": [
              -77.5,
              0,
              0
            ],
            "7.5": [
              -80.16,
              0,
              0
            ],
            "7.875": [
              -75,
              0,
              0
            ],
            "8.25": [
              -48.89,
              0,
              0
            ],
            "8.625": [
              -15.18,
              0,
              0
            ],
            "8.875": [
              0,
              0,
              0
            ],
            "9.0": [
              5.51,
              0,
              0
            ],
            "9.2917": [
              0,
              0,
              0
            ],
            "9.375": [
              0,
              0,
              0
            ],
            "9.75": [
              0,
              0,
              0
            ]
          }
        },
        "bone3": {
          "rotation": {
            "0.0": [
              -2.5,
              0,
              0
            ],
            "0.375": [
              -2.41,
              0,
              0.04
            ],
            "0.75": [
              -2.14,
              0,
              0.14
            ],
            "1.125": [
              -1.73,
              0,
              0.31
            ],
            "1.5": [
              -1.22,
              0,
              0.51
            ],
            "1.875": [
              -0.61,
              0,
              0.76
            ],
            "10.125": [
              2.95,
              0,
              1.4
            ],
            "10.5": [
              3.98,
              0,
              1.67
            ],
            "10.875": [
              2.97,
              0,
              1.41
            ],
            "11.25": [
              0.91,
              0,
              0.88
            ],
            "11.625": [
              -1.22,
              0,
              0.33
            ],
            "12.0": [
              -2.45,
              0,
              0.01
            ],
            "12.0833": [
              -2.5,
              0,
              0
            ],
            "2.25": [
              0.05,
              0,
              1.02
            ],
            "2.625": [
              0.74,
              0,
              1.3
            ],
            "3.0": [
              1.43,
              0,
              1.57
            ],
            "3.375": [
              2.09,
              0,
              1.84
            ],
            "3.75": [
              2.7,
              0,
              2.08
            ],
            "4.125": [
              3.22,
              0,
              2.29
            ],
            "4.5": [
              3.62,
              0,
              2.45
            ],
            "4.875": [
              3.89,
              0,
              2.55
            ],
            "5.25": [
              3.98,
              0,
              2.59
            ],
            "5.625": [
              3.88,
              0,
              2.55
            ],
            "6.0": [
              3.55,
              0,
              2.42
            ],
            "6.375": [
              2.96,
              0,
              2.18
            ],
            "6.75": [
              2.09,
              0,
              1.84
            ],
            "7.125": [
              0.91,
              0,
              1.36
            ],
            "7.5": [
              -0.61,
              0,
              0.76
            ],
            "7.875": [
              -2.5,
              0,
              0
            ],
            "8.25": [
              -72.23,
              0,
              -32.11
            ],
            "8.375": [
              -90,
              0,
              -35
            ],
            "8.625": [
              -94.93,
              0,
              -0.35
            ],
            "8.8333": [
              -90,
              0,
              25
            ],
            "9.0": [
              -93.68,
              0,
              12.7
            ],
            "9.2917": [
              -90,
              0,
              -22.5
            ],
            "9.375": [
              -74.76,
              0,
              -21.77
            ],
            "9.6667": [
              -2.5,
              0,
              0
            ],
            "9.75": [
              -1.09,
              0,
              0.36
            ]
          }
        },
        "bone4": {
          "rotation": {
            "10.2917": [
              -62.51,
              -8.55,
              -2.76
            ],
            "10.625": [
              -76.92,
              -14.29,
              -4.61
            ],
            "10.6667": [
              -77.77,
              -14.49,
              -4.67
            ],
            "11.0417": [
              -87.95,
              -15.77,
              -5.08
            ],
            "11.4167": [
              -98.41,
              -16.05,
              -5.17
            ],
            "11.7917": [
              -102.87,
              -15.33,
              -4.94
            ],
            "12.0417": [
              -99.42,
              -14.29,
              -4.61
            ],
            "12.1667": [
              -88.76,
              -12.57,
              -4.05
            ],
            "12.5417": [
              -30.29,
              -4.23,
              -1.36
            ],
            "12.7917": [
              0,
              0,
              0
            ],
            "3.5417": [
              0,
              0,
              0
            ],
            "3.9167": [
              -12.14,
              0,
              0
            ],
            "4.2917": [
              -29.21,
              0,
              0
            ],
            "4.6667": [
              -43.14,
              0,
              0
            ],
            "4.75": [
              -45,
              0,
              0
            ],
            "5.0417": [
              -46.1,
              0.02,
              0.01
            ],
            "5.4167": [
              -46.99,
              0.11,
              0.03
            ],
            "5.7917": [
              -47.38,
              0.24,
              0.08
            ],
            "6.1667": [
              -47.37,
              0.4,
              0.13
            ],
            "6.5417": [
              -47.04,
              0.57,
              0.19
            ],
            "6.9167": [
              -46.49,
              0.74,
              0.24
            ],
            "7.2917": [
              -45.82,
              0.89,
              0.29
            ],
            "7.6667": [
              -45.11,
              1,
              0.32
            ],
            "8.0417": [
              -44.45,
              1.06,
              0.34
            ],
            "8.4167": [
              -43.95,
              1.04,
              0.33
            ],
            "8.7917": [
              -43.68,
              0.93,
              0.3
            ],
            "9.1667": [
              -43.76,
              0.71,
              0.23
            ],
            "9.5417": [
              -44.26,
              0.36,
              0.12
            ],
            "9.8333": [
              -45,
              0,
              0
            ],
            "9.9167": [
              -47.06,
              -0.97,
              -0.31
            ]
          }
        },
        "bone5": {
          "rotation": {
            "0.0": [
              0,
              0,
              0
            ],
            "0.125": [
              -15,
              0,
              0
            ],
            "0.25": [
              2.5,
              0,
              0
            ],
            "0.375": [
              1.72,
              0,
              0
            ],
            "0.5833": [
              -2.5,
              0,
              0
            ],
            "0.75": [
              5,
              0,
              0
            ],
            "0.7917": [
              0,
              0,
              0
            ],
            "1.125": [
              0,
              0,
              0
            ],
            "1.2917": [
              -5,
              0,
              0
            ],
            "1.375": [
              2.5,
              0,
              0
            ],
            "1.4583": [
              0,
              0,
              0
            ],
            "1.5": [
              -1.37,
              0,
              0
            ],
            "1.625": [
              -5,
              0,
              0
            ],
            "1.75": [
              2.5,
              0,
              0
            ],
            "1.7917": [
              0,
              0,
              0
            ],
            "1.875": [
              -2.42,
              0,
              0
            ],
            "10.125": [
              -1.33,
              0,
              0
            ],
            "10.2083": [
              -2.5,
              0,
              0
            ],
            "10.375": [
              5,
              0,
              0
            ],
            "10.5": [
              0,
              0,
              0
            ],
            "10.8333": [
              0,
              0,
              0
            ],
            "10.875": [
              -1.76,
              0,
              0
            ],
            "10.9583": [
              -5,
              0,
              0
            ],
            "11.0833": [
              2.5,
              0,
              0
            ],
            "11.1667": [
              0,
              0,
              0
            ],
            "11.25": [
              -4.17,
              0,
              0
            ],
            "11.2917": [
              -5,
              0,
              0
            ],
            "11.4167": [
              2.5,
              0,
              0
            ],
            "11.5833": [
              0,
              0,
              0
            ],
            "11.625": [
              -1.95,
              0,
              0
            ],
            "11.7083": [
              -5,
              0,
              0
            ],
            "11.8333": [
              2.5,
              0,
              0
            ],
            "12.0": [
              0,
              0,
              0
            ],
            "12.1667": [
              -15,
              0,
              0
            ],
            "12.2917": [
              2.5,
              0,
              0
            ],
            "12.375": [
              2.35,
              0,
              0
            ],
            "12.5833": [
              -2.5,
              0,
              0
            ],
            "12.7083": [
              5,
              0,
              0
            ],
            "12.75": [
              2.97,
              0,
              0
            ],
            "12.7917": [
              0,
              0,
              0
            ],
            "2.0": [
              -5,
              0,
              0
            ],
            "2.1667": [
              2.5,
              0,
              0
            ],
            "2.25": [
              2.82,
              0,
              0
            ],
            "2.375": [
              0,
              0,
              0
            ],
            "2.4583": [
              -15,
              0,
              0
            ],
            "2.625": [
              -0.08,
              0,
              0
            ],
            "2.6667": [
              2.5,
              0,
              0
            ],
            "2.875": [
              -2.5,
              0,
              0
            ],
            "3.0": [
              2.3,
              0,
              0
            ],
            "3.0833": [
              5,
              0,
              0
            ],
            "3.1667": [
              0,
              0,
              0
            ],
            "3.2083": [
              0,
              0,
              0
            ],
            "3.375": [
              -13.84,
              0,
              0
            ],
            "3.4167": [
              -15,
              0,
              0
            ],
            "3.5": [
              2.5,
              0,
              0
            ],
            "3.75": [
              -2.24,
              0,
              0
            ],
            "3.7917": [
              -2.5,
              0,
              0
            ],
            "3.9583": [
              5,
              0,
              0
            ],
            "4.0417": [
              0,
              0,
              0
            ],
            "4.125": [
              -0.23,
              0,
              0
            ],
            "4.375": [
              0,
              0,
              0
            ],
            "4.4583": [
              -5,
              0,
              0
            ],
            "4.5": [
              -3.77,
              0,
              0
            ],
            "4.625": [
              2.5,
              0,
              0
            ],
            "4.7083": [
              0,
              0,
              0
            ],
            "4.875": [
              -5,
              0,
              0
            ],
            "5.0": [
              2.5,
              0,
              0
            ],
            "5.0833": [
              0,
              0,
              0
            ],
            "5.2083": [
              -5,
              0,
              0
            ],
            "5.25": [
              -3.77,
              0,
              0
            ],
            "5.375": [
              2.5,
              0,
              0
            ],
            "5.5": [
              0,
              0,
              0
            ],
            "5.625": [
              -10.74,
              0,
              0
            ],
            "5.7083": [
              -15,
              0,
              0
            ],
            "5.8333": [
              2.5,
              0,
              0
            ],
            "6.0": [
              -0.93,
              0,
              0
            ],
            "6.0833": [
              -2.5,
              0,
              0
            ],
            "6.25": [
              5,
              0,
              0
            ],
            "6.375": [
              2.24,
              0,
              0
            ],
            "6.4583": [
              0,
              0,
              0
            ],
            "6.5": [
              0,
              0,
              0
            ],
            "6.5833": [
              -15,
              0,
              0
            ],
            "6.75": [
              2.5,
              0,
              0
            ],
            "7.0417": [
              -2.5,
              0,
              0
            ],
            "7.125": [
              1.25,
              0,
              0
            ],
            "7.2083": [
              5,
              0,
              0
            ],
            "7.2917": [
              0,
              0,
              0
            ],
            "7.5": [
              0.23,
              0,
              0
            ],
            "7.5417": [
              0,
              0,
              0
            ],
            "7.6667": [
              -5,
              0,
              0
            ],
            "7.875": [
              2.5,
              0,
              0
            ],
            "7.9583": [
              0,
              0,
              0
            ],
            "8.0833": [
              -5,
              0,
              0
            ],
            "8.2083": [
              2.5,
              0,
              0
            ],
            "8.25": [
              2.03,
              0,
              0
            ],
            "8.2917": [
              0,
              0,
              0
            ],
            "8.4583": [
              -5,
              0,
              0
            ],
            "8.5833": [
              2.5,
              0,
              0
            ],
            "8.625": [
              2.84,
              0,
              0
            ],
            "8.7917": [
              0,
              0,
              0
            ],
            "8.9167": [
              -15,
              0,
              0
            ],
            "9.0": [
              -6.87,
              0,
              0
            ],
            "9.0833": [
              2.5,
              0,
              0
            ],
            "9.3333": [
              -2.5,
              0,
              0
            ],
            "9.375": [
              -1.6,
              0,
              0
            ],
            "9.5417": [
              5,
              0,
              0
            ],
            "9.5833": [
              0,
              0,
              0
            ],
            "9.625": [
              0,
              0,
              0
            ],
            "9.75": [
              -13.18,
              0,
              0
            ],
            "9.7917": [
              -15,
              0,
              0
            ],
            "9.9167": [
              2.5,
              0,
              0
            ]
          }
        },
        "bone6": {
          "scale": {
            "5.5417": [
              1,
              0,
              0
            ],
            "5.75": [
              1,
              1,
              1
            ],
            "5.9167": [
              1,
              0.9659,
              0.9659
            ],
            "6.2917": [
              1,
              0.7037,
              0.7037
            ],
            "6.6667": [
              1,
              0.3333,
              0.3333
            ],
            "7.0417": [
              1,
              0.0373,
              0.0373
            ],
            "7.125": [
              1,
              0,
              0
            ]
          }
        },
        "cupoftea": {
          "rotation": {
            "0.0": [
              3.66,
              1.2,
              3.89
            ],
            "0.375": [
              4.05,
              1.2,
              4.21
            ],
            "0.75": [
              5.02,
              1.18,
              5.04
            ],
            "1.125": [
              6.3,
              1.16,
              6.13
            ],
            "1.5": [
              7.62,
              1.14,
              7.25
            ],
            "1.875": [
              8.71,
              1.12,
              8.18
            ],
            "10.125": [
              -58.36,
              -7.77,
              -33.19
            ],
            "10.5": [
              -51.7,
              -17.06,
              -13.47
            ],
            "10.875": [
              -46.45,
              -24.06,
              1.83
            ],
            "10.9167": [
              -46.17,
              -24.39,
              2.66
            ],
            "11.25": [
              -47.32,
              -24.79,
              3.77
            ],
            "11.625": [
              -51.04,
              -22.2,
              -1.16
            ],
            "12.0": [
              -49.55,
              -18.09,
              -5.09
            ],
            "12.0417": [
              -48.72,
              -17.61,
              -5.13
            ],
            "12.375": [
              -37.81,
              -13.15,
              -3.77
            ],
            "12.75": [
              -19.51,
              -6.69,
              -0.51
            ],
            "13.125": [
              -2.41,
              -0.9,
              2.76
            ],
            "13.3333": [
              3.66,
              1.2,
              3.89
            ],
            "2.25": [
              9.29,
              1.11,
              8.67
            ],
            "2.625": [
              9.1,
              1.11,
              8.51
            ],
            "3.0": [
              7.86,
              1.13,
              7.46
            ],
            "3.375": [
              5.3,
              1.17,
              5.28
            ],
            "3.5417": [
              3.66,
              1.2,
              3.89
            ],
            "3.75": [
              -6.1,
              1.43,
              -4.5
            ],
            "4.125": [
              -33.65,
              2.17,
              -28.3
            ],
            "4.5": [
              -61.47,
              2.66,
              -51.97
            ],
            "4.75": [
              -72.87,
              2.48,
              -61.13
            ],
            "4.875": [
              -76.03,
              1.59,
              -62.44
            ],
            "5.25": [
              -63.19,
              -2.81,
              -45.53
            ],
            "5.3333": [
              -61.38,
              -3.41,
              -43.18
            ],
            "5.625": [
              -60.86,
              -3.46,
              -42.5
            ],
            "6.0": [
              -61.6,
              -2.64,
              -43.94
            ],
            "6.375": [
              -61.93,
              -2.63,
              -44.35
            ],
            "6.5417": [
              -61.38,
              -3.41,
              -43.18
            ],
            "6.75": [
              -59.65,
              -5.62,
              -39.64
            ],
            "7.125": [
              -54.62,
              -12.04,
              -29.36
            ],
            "7.5": [
              -50.01,
              -17.94,
              -19.94
            ],
            "7.75": [
              -48.83,
              -19.44,
              -17.53
            ],
            "7.875": [
              -48.97,
              -19.26,
              -17.84
            ],
            "8.25": [
              -50.78,
              -16.91,
              -21.85
            ],
            "8.625": [
              -53.91,
              -12.87,
              -28.69
            ],
            "9.0": [
              -57.38,
              -8.41,
              -36.07
            ],
            "9.375": [
              -60.2,
              -4.82,
              -41.72
            ],
            "9.75": [
              -61.39,
              -3.38,
              -43.35
            ],
            "9.7917": [
              -61.38,
              -3.41,
              -43.18
            ]
          }
        },
        "head": {
          "rotation": {
            "0.0": [
              0,
              25,
              0
            ],
            "0.375": [
              9.96,
              5.08,
              0
            ],
            "0.5": [
              12.5,
              0,
              0
            ],
            "0.7083": [
              12.5,
              0,
              0
            ],
            "0.75": [
              12.32,
              0,
              0
            ],
            "1.125": [
              9.66,
              0,
              -0.09
            ],
            "1.5": [
              6.1,
              0.01,
              -0.18
            ],
            "1.875": [
              3.12,
              0,
              -0.1
            ],
            "10.0417": [
              -3.48,
              24.77,
              -8.27
            ],
            "10.125": [
              -3.25,
              24.79,
              -7.7
            ],
            "10.5": [
              0,
              25,
              0
            ],
            "10.875": [
              0.56,
              25.01,
              1.32
            ],
            "11.25": [
              0.99,
              25,
              2.34
            ],
            "11.625": [
              1.27,
              24.99,
              3.01
            ],
            "12.0": [
              1.37,
              24.98,
              3.24
            ],
            "12.375": [
              1.14,
              24.98,
              2.71
            ],
            "12.75": [
              0.65,
              24.99,
              1.54
            ],
            "13.125": [
              0.17,
              25,
              0.39
            ],
            "13.3333": [
              0,
              25,
              0
            ],
            "2.0": [
              2.5,
              0,
              0
            ],
            "2.25": [
              1.76,
              -0.03,
              0.72
            ],
            "2.625": [
              2.26,
              -0.09,
              2.17
            ],
            "2.8333": [
              2.5,
              -0.11,
              2.5
            ],
            "3.0": [
              2.48,
              1.58,
              0.49
            ],
            "3.0417": [
              2.5,
              0,
              0
            ],
            "3.375": [
              2.57,
              -6.65,
              -0.49
            ],
            "3.75": [
              2.68,
              -17.19,
              -0.9
            ],
            "4.125": [
              2.76,
              -24.97,
              -1.17
            ],
            "4.5": [
              1.05,
              -24.68,
              -0.43
            ],
            "4.75": [
              2.76,
              -24.97,
              -1.17
            ],
            "4.875": [
              6.74,
              -28.42,
              -2.98
            ],
            "5.25": [
              24.33,
              -43.63,
              -11.02
            ],
            "5.3333": [
              26.7,
              -45.69,
              -12.1
            ],
            "5.625": [
              28.64,
              -47.39,
              -12.95
            ],
            "6.0": [
              28.9,
              -47.66,
              -13
            ],
            "6.375": [
              27.55,
              -46.47,
              -12.41
            ],
            "6.5417": [
              26.7,
              -45.69,
              -12.1
            ],
            "6.75": [
              22.66,
              -43.18,
              -11.04
            ],
            "7.125": [
              13.95,
              -33.62,
              -7.82
            ],
            "7.5": [
              12.69,
              -17.3,
              -3.57
            ],
            "7.875": [
              11.58,
              0.57,
              0.13
            ],
            "8.25": [
              7.4,
              11.52,
              0.67
            ],
            "8.625": [
              2.3,
              20.84,
              0.21
            ],
            "8.875": [
              0,
              25,
              0
            ],
            "9.0": [
              -0.74,
              26.8,
              0.25
            ],
            "9.2917": [
              0,
              25,
              0
            ],
            "9.375": [
              -0.27,
              24.98,
              -0.65
            ],
            "9.75": [
              -2.47,
              24.84,
              -5.87
            ]
          }
        },
        "head2": {
          "rotation": {
            "0.0": [
              0,
              -22.5,
              0
            ],
            "0.375": [
              -1.46,
              -22.5,
              0
            ],
            "0.75": [
              -3.64,
              -22.5,
              0
            ],
            "1.125": [
              -6.06,
              -22.5,
              0
            ],
            "1.5": [
              -8.26,
              -22.5,
              0
            ],
            "1.875": [
              -9.74,
              -22.5,
              0
            ],
            "10.0833": [
              0,
              -22.5,
              0
            ],
            "10.125": [
              0.46,
              -21.04,
              0
            ],
            "10.4583": [
              5,
              -2.5,
              0
            ],
            "10.5": [
              4.81,
              -2.24,
              0
            ],
            "10.875": [
              1.24,
              -0.56,
              0
            ],
            "11.25": [
              -4.22,
              0,
              0
            ],
            "11.625": [
              -9.46,
              -0.56,
              0
            ],
            "12.0": [
              -12.41,
              -2.24,
              0
            ],
            "12.0417": [
              -12.5,
              -2.5,
              0
            ],
            "12.375": [
              -10.46,
              -7.83,
              0
            ],
            "12.75": [
              -4.58,
              -16.27,
              0
            ],
            "13.125": [
              0,
              -22.5,
              0
            ],
            "2.0": [
              -10,
              -22.5,
              0
            ],
            "2.25": [
              -10.2,
              -22.58,
              -0.01
            ],
            "2.625": [
              -10.25,
              -22.94,
              -0.08
            ],
            "3.0": [
              -10.02,
              -23.43,
              -0.16
            ],
            "3.375": [
              -9.53,
              -23.89,
              -0.24
            ],
            "3.75": [
              -8.81,
              -24.13,
              -0.28
            ],
            "4.125": [
              -7.88,
              -24.01,
              -0.26
            ],
            "4.5": [
              -6.76,
              -23.33,
              -0.14
            ],
            "4.75": [
              -5.92,
              -22.5,
              0
            ],
            "4.875": [
              -3.13,
              -18.81,
              0.63
            ],
            "5.25": [
              7.77,
              -2.51,
              3.43
            ],
            "5.3333": [
              9.23,
              -0.31,
              3.81
            ],
            "5.625": [
              10.75,
              1.59,
              4.17
            ],
            "6.0": [
              11.5,
              2.03,
              4.3
            ],
            "6.375": [
              10.43,
              0.71,
              4.05
            ],
            "6.5417": [
              9.23,
              -0.31,
              3.81
            ],
            "6.75": [
              2.15,
              -5.27,
              2.46
            ],
            "7.125": [
              -11.68,
              -16.55,
              -0.27
            ],
            "7.5": [
              -9.61,
              -21.4,
              -0.2
            ],
            "7.875": [
              -4.38,
              -24.03,
              0.33
            ],
            "8.25": [
              -2.33,
              -24.05,
              0.26
            ],
            "8.625": [
              -0.72,
              -22.99,
              0.08
            ],
            "8.875": [
              0,
              -22.5,
              0
            ],
            "9.0": [
              0.16,
              -22.53,
              -0.01
            ],
            "9.375": [
              0.06,
              -23.4,
              -0.02
            ],
            "9.75": [
              -0.24,
              -23.9,
              -0.01
            ]
          }
        },
        "leg1": {
          "rotation": {
            "0.0": [
              -89.96,
              -9.99,
              -0.44
            ],
            "0.375": [
              -89.96,
              -2.02,
              -0.44
            ],
            "0.5": [
              -89.96,
              0.01,
              -0.43
            ],
            "0.75": [
              -93.92,
              0.74,
              -0.43
            ],
            "1.125": [
              -92.44,
              0.03,
              -0.43
            ],
            "1.1667": [
              -89.96,
              0.01,
              -0.43
            ],
            "1.5": [
              -61.54,
              0.66,
              0.09
            ],
            "1.875": [
              -18.88,
              1.3,
              0.6
            ],
            "10.125": [
              -89.96,
              -9.99,
              -0.44
            ],
            "10.5": [
              -89.96,
              -9.99,
              -0.44
            ],
            "10.875": [
              -89.96,
              -9.99,
              -0.44
            ],
            "11.25": [
              -89.96,
              -9.99,
              -0.44
            ],
            "11.625": [
              -89.96,
              -9.99,
              -0.44
            ],
            "12.0": [
              -89.96,
              -9.99,
              -0.44
            ],
            "12.0833": [
              -89.96,
              -9.99,
              -0.44
            ],
            "2.1667": [
              0.04,
              0.01,
              -0.43
            ],
            "2.25": [
              -8.57,
              -3.19,
              -3.01
            ],
            "2.625": [
              -47.33,
              -17.57,
              -14.6
            ],
            "3.0": [
              -28.5,
              2.38,
              4.14
            ],
            "3.3333": [
              -7.26,
              3.46,
              6.23
            ],
            "3.375": [
              -8.85,
              3.28,
              5.89
            ],
            "3.75": [
              -42.46,
              0.01,
              -0.43
            ],
            "4.125": [
              -11.31,
              -0.13,
              -0.71
            ],
            "4.3333": [
              0.04,
              0.01,
              -0.43
            ],
            "4.5": [
              -9.96,
              0.01,
              -0.43
            ],
            "4.875": [
              -50.12,
              0.01,
              -0.43
            ],
            "4.9583": [
              -52.46,
              0.01,
              -0.43
            ],
            "5.25": [
              -28.24,
              0.01,
              -0.43
            ],
            "5.5417": [
              2.54,
              0.01,
              -0.43
            ],
            "5.625": [
              5.82,
              0.01,
              -0.43
            ],
            "6.0": [
              2.54,
              0.01,
              -0.43
            ],
            "6.375": [
              6.57,
              0.01,
              -0.43
            ],
            "6.5417": [
              7.54,
              0.01,
              -0.43
            ],
            "6.75": [
              8.2,
              0.01,
              -0.43
            ],
            "7.0": [
              2.54,
              0.01,
              -0.43
            ],
            "7.125": [
              -1.73,
              0.05,
              -0.43
            ],
            "7.5": [
              -20.62,
              0.36,
              -0.43
            ],
            "7.875": [
              -42.46,
              0.01,
              -0.43
            ],
            "8.25": [
              -77.09,
              -2.75,
              -0.44
            ],
            "8.5": [
              -94.02,
              -4.99,
              -0.44
            ],
            "8.625": [
              -96.64,
              -6.84,
              -0.44
            ],
            "8.875": [
              -89.96,
              -9.99,
              -0.44
            ],
            "9.0": [
              -89.66,
              -10.36,
              -0.44
            ],
            "9.2917": [
              -89.96,
              -9.99,
              -0.44
            ],
            "9.375": [
              -89.96,
              -9.99,
              -0.44
            ],
            "9.75": [
              -89.96,
              -9.99,
              -0.44
            ]
          }
        },
        "leg2": {
          "rotation": {
            "0.0": [
              -89.94,
              12.49,
              0.55
            ],
            "0.375": [
              -89.94,
              2.53,
              0.54
            ],
            "0.5": [
              -89.94,
              -0.01,
              0.54
            ],
            "0.75": [
              -93.9,
              -0.93,
              -0.23
            ],
            "1.125": [
              -92.41,
              -0.03,
              0.06
            ],
            "1.1667": [
              -89.94,
              -0.01,
              0.54
            ],
            "1.5": [
              -71.25,
              -0.02,
              4.51
            ],
            "1.875": [
              -40.28,
              -0.02,
              11.13
            ],
            "10.125": [
              -89.94,
              12.49,
              0.55
            ],
            "10.5": [
              -89.94,
              12.49,
              0.55
            ],
            "10.875": [
              -89.94,
              12.49,
              0.55
            ],
            "11.25": [
              -89.94,
              12.49,
              0.55
            ],
            "11.625": [
              -89.94,
              12.49,
              0.55
            ],
            "12.0": [
              -89.94,
              12.49,
              0.55
            ],
            "12.0833": [
              -89.94,
              12.49,
              0.55
            ],
            "2.25": [
              -11.45,
              -0.03,
              16.68
            ],
            "2.5": [
              0.05,
              -0.03,
              18.04
            ],
            "2.625": [
              -4.32,
              -0.03,
              13.67
            ],
            "3.0": [
              -17.44,
              -0.01,
              0.54
            ],
            "3.375": [
              -33.69,
              -0.01,
              -0.55
            ],
            "3.75": [
              -42.44,
              -0.01,
              0.54
            ],
            "4.125": [
              -17.15,
              -0.01,
              0.36
            ],
            "4.3333": [
              0.06,
              -0.01,
              0.54
            ],
            "4.5": [
              9.84,
              -0.01,
              1.09
            ],
            "4.875": [
              29.05,
              -0.01,
              2.81
            ],
            "4.9583": [
              32.56,
              -0.01,
              3.04
            ],
            "5.25": [
              43.34,
              -0.01,
              3.2
            ],
            "5.5417": [
              50.06,
              -0.01,
              3.04
            ],
            "5.625": [
              50.97,
              -0.01,
              3.05
            ],
            "6.0": [
              56.5,
              -0.01,
              3.18
            ],
            "6.375": [
              55.61,
              -0.01,
              3.19
            ],
            "6.5417": [
              50.06,
              -0.01,
              3.04
            ],
            "6.75": [
              40.29,
              -0.14,
              2.76
            ],
            "7.125": [
              13.57,
              -0.69,
              1.98
            ],
            "7.5": [
              -17.06,
              -0.92,
              1.13
            ],
            "7.875": [
              -42.44,
              -0.01,
              0.54
            ],
            "8.25": [
              -65.64,
              4.31,
              0.36
            ],
            "8.625": [
              -82.46,
              9.95,
              0.49
            ],
            "8.875": [
              -89.94,
              12.49,
              0.55
            ],
            "9.0": [
              -93.43,
              13.41,
              0.56
            ],
            "9.2917": [
              -89.94,
              12.49,
              0.55
            ],
            "9.375": [
              -89.94,
              12.49,
              0.55
            ],
            "9.75": [
              -89.94,
              12.49,
              0.55
            ]
          }
        },
        "mrbear": {
          "position": {
            "0.0": [
              0.5,
              -7.5,
              0
            ],
            "0.375": [
              0.62,
              -7.57,
              0.1
            ],
            "0.7083": [
              0.5,
              -7.5,
              0
            ],
            "0.75": [
              0.45,
              -7.47,
              -0.04
            ],
            "1.125": [
              -0.35,
              -7.03,
              -0.71
            ],
            "1.5": [
              -1.19,
              -6.49,
              -1.41
            ],
            "1.5833": [
              -1.3,
              -6.4,
              -1.5
            ],
            "1.875": [
              -1.3,
              -6.08,
              -1.5
            ],
            "10.125": [
              0.61,
              -7.57,
              0.02
            ],
            "10.5": [
              0.5,
              -7.5,
              0
            ],
            "2.25": [
              -1.3,
              -5.67,
              -1.5
            ],
            "2.5": [
              -1.55,
              -5.4,
              -0.5
            ],
            "2.625": [
              -1.72,
              -5.46,
              -0.79
            ],
            "2.75": [
              -1.89,
              -5.52,
              -1.09
            ],
            "3.0": [
              -2.24,
              -5.64,
              -1.18
            ],
            "3.2917": [
              -2.17,
              -5.81,
              0.08
            ],
            "3.375": [
              -2.13,
              -5.86,
              0.07
            ],
            "3.7083": [
              -1.8,
              -6,
              -0.5
            ],
            "3.75": [
              -1.74,
              -5.99,
              -0.51
            ],
            "4.125": [
              -0.83,
              -5.73,
              -0.53
            ],
            "4.4583": [
              -0.3,
              -5.5,
              -0.5
            ],
            "4.5": [
              -0.31,
              -5.49,
              -0.5
            ],
            "4.875": [
              -0.89,
              -5.47,
              -0.5
            ],
            "5.25": [
              -1.7,
              -5.5,
              -0.5
            ],
            "5.625": [
              -2.29,
              -5.5,
              -0.5
            ],
            "6.0": [
              -2.7,
              -5.5,
              -0.5
            ],
            "6.375": [
              -2.81,
              -5.48,
              -0.5
            ],
            "6.75": [
              -2.79,
              -5.46,
              -0.5
            ],
            "7.0": [
              -2.7,
              -5.5,
              -0.5
            ],
            "7.125": [
              -2.63,
              -5.54,
              -0.5
            ],
            "7.5": [
              -2.33,
              -5.69,
              -0.53
            ],
            "7.875": [
              -1.8,
              -6,
              -0.5
            ],
            "8.25": [
              -1.35,
              -6.29,
              -0.41
            ],
            "8.625": [
              -0.76,
              -6.67,
              -0.29
            ],
            "9.0": [
              -0.17,
              -7.06,
              -0.15
            ],
            "9.375": [
              0.32,
              -7.38,
              -0.04
            ],
            "9.5833": [
              0.5,
              -7.5,
              0
            ],
            "9.75": [
              0.64,
              -7.59,
              0.03
            ]
          },
          "rotation": {
            "0.0": [
              0,
              45,
              0
            ],
            "0.375": [
              -3.13,
              45,
              0
            ],
            "0.7083": [
              0,
              45,
              0
            ],
            "0.75": [
              1.33,
              45,
              0
            ],
            "1.125": [
              24.39,
              45,
              0
            ],
            "1.5": [
              45.98,
              45,
              0
            ],
            "1.5833": [
              47.5,
              45,
              0
            ],
            "1.875": [
              32.38,
              45,
              0
            ],
            "10.125": [
              7.17,
              43.52,
              9.27
            ],
            "10.5": [
              0,
              45,
              0
            ],
            "2.25": [
              12.95,
              45,
              0
            ],
            "2.5": [
              -11.22,
              43.77,
              -16.74
            ],
            "2.625": [
              -3.96,
              53.07,
              -12.34
            ],
            "3.0": [
              17.83,
              80.97,
              0.87
            ],
            "3.375": [
              -68.38,
              77.81,
              -98.86
            ],
            "3.7083": [
              -145,
              75,
              -187.5
            ],
            "3.75": [
              -150.16,
              74.86,
              -191.91
            ],
            "4.125": [
              -174.14,
              74.77,
              -193.66
            ],
            "4.4583": [
              -179.54,
              75.15,
              -179.16
            ],
            "4.5": [
              -180.11,
              75.15,
              -178.7
            ],
            "4.875": [
              -176.83,
              75.05,
              -173.69
            ],
            "5.25": [
              -171.6,
              74.96,
              -170.84
            ],
            "5.625": [
              -175.07,
              75.05,
              -174.48
            ],
            "6.0": [
              -179.54,
              75.15,
              -179.16
            ],
            "6.375": [
              -181.64,
              75.17,
              -179.4
            ],
            "6.75": [
              -182.16,
              75.17,
              -178.77
            ],
            "7.0": [
              -179.54,
              75.15,
              -179.16
            ],
            "7.125": [
              -177.39,
              75.4,
              -181.63
            ],
            "7.5": [
              -169.34,
              77.16,
              -197.19
            ],
            "7.875": [
              -145,
              75,
              -187.5
            ],
            "8.25": [
              -117.83,
              69.85,
              -155.91
            ],
            "8.625": [
              -81.13,
              62.27,
              -108.57
            ],
            "9.0": [
              -43.01,
              54.17,
              -57.66
            ],
            "9.375": [
              -11.59,
              47.44,
              -15.33
            ],
            "9.5833": [
              0,
              45,
              0
            ],
            "9.75": [
              8.82,
              43.17,
              11.41
            ]
          }
        },
        "tea": {
          "position": {
            "10.2083": [
              0,
              0.62,
              0
            ],
            "10.4167": [
              0,
              0.6,
              0
            ],
            "10.5833": [
              0,
              0.56,
              0
            ],
            "10.9583": [
              0,
              0.42,
              0
            ],
            "11.3333": [
              0,
              0.25,
              0
            ],
            "11.7083": [
              0,
              0.09,
              0
            ],
            "12.0417": [
              0,
              0,
              0
            ],
            "5.3333": [
              0,
              0,
              0
            ],
            "5.7083": [
              0,
              0.16,
              0
            ],
            "6.0833": [
              0,
              0.39,
              0
            ],
            "6.4583": [
              0,
              0.58,
              0
            ],
            "6.5417": [
              0,
              0.6,
              0
            ],
            "6.8333": [
              0,
              0.62,
              0
            ],
            "7.2083": [
              0,
              0.64,
              0
            ],
            "7.5833": [
              0,
              0.66,
              0
            ],
            "7.9583": [
              0,
              0.67,
              0
            ],
            "8.3333": [
              0,
              0.67,
              0
            ],
            "8.7083": [
              0,
              0.67,
              0
            ],
            "9.0833": [
              0,
              0.67,
              0
            ],
            "9.4583": [
              0,
              0.66,
              0
            ],
            "9.8333": [
              0,
              0.64,
              0
            ]
          }
        },
        "teapot": {
          "position": {
            "3.5417": [
              0,
              0,
              0
            ],
            "3.9167": [
              0.81,
              1.31,
              0
            ],
            "4.2917": [
              1.58,
              2.81,
              0
            ],
            "4.375": [
              1.6,
              3,
              0
            ],
            "4.6667": [
              1.43,
              3.18,
              0
            ],
            "5.0417": [
              0.94,
              3.21,
              0
            ],
            "5.4167": [
              0.32,
              3.12,
              0
            ],
            "5.7917": [
              -0.22,
              3.02,
              0
            ],
            "6.0": [
              -0.4,
              3,
              0
            ],
            "6.1667": [
              -0.53,
              3.04,
              0
            ],
            "6.5417": [
              -0.52,
              3.22,
              0
            ],
            "6.875": [
              -0.4,
              3,
              0
            ],
            "6.9167": [
              -0.39,
              2.93,
              0
            ],
            "7.2917": [
              -0.24,
              1.81,
              0
            ],
            "7.6667": [
              -0.06,
              0.48,
              0
            ],
            "7.875": [
              0,
              0,
              0
            ]
          },
          "rotation": {
            "3.5417": [
              0,
              0,
              0
            ],
            "3.9167": [
              -0.84,
              0,
              0
            ],
            "4.2917": [
              -0.61,
              0,
              0
            ],
            "4.375": [
              0,
              0,
              0
            ],
            "4.6667": [
              1.98,
              0,
              0
            ],
            "5.0417": [
              5.83,
              0,
              0
            ],
            "5.4167": [
              10.1,
              0,
              0
            ],
            "5.7917": [
              13.7,
              0,
              0
            ],
            "6.0": [
              15,
              0,
              0
            ],
            "6.1667": [
              16.16,
              0,
              0
            ],
            "6.5417": [
              16.77,
              0,
              0
            ],
            "6.875": [
              15,
              0,
              0
            ],
            "6.9167": [
              14.65,
              0,
              0
            ],
            "7.2917": [
              9.05,
              0,
              0
            ],
            "7.6667": [
              2.4,
              0,
              0
            ],
            "7.875": [
              0,
              0,
              0
            ]
          }
        }
      },
      "loop": true
    }
  },
  "format_version": "1.8.0"
}