{
  "animations": {
    "animation.theatre.applause": {
      "animation_length": 6.5,
      "bones": {
        "arm1": {
          "rotation": {
            "0.0": [
              -107.5,
              0,
              0
            ],
            "0.5": [
              -72.5,
              0,
              0
            ],
            "0.8333": [
              -72.5,
              0,
              0
            ],
            "1.3333": [
              -107.5,
              0,
              0
            ],
            "2.3333": [
              2.41,
              -0.65,
              14.99
            ],
            "3.5": [
              52.29535,
              28.29508,
              -5.55091
            ],
            "4.125": [
              52.29535,
              28.29508,
              -5.55091
            ],
            "4.75": [
              7.74961,
              -8.40346,
              2.17604
            ],
            "5.5833": [
              7.74961,
              -8.40346,
              2.17604
            ],
            "6.5": [
              -107.5,
              0,
              0
            ]
          }
        },
        "arm2": {
          "rotation": {
            "0.0": [
              37.5,
              0,
              0
            ],
            "1.3333": [
              37.5,
              0,
              0
            ],
            "2.3333": [
              9.41,
              3.4,
              -19.72
            ],
            "3.5": [
              -153.98054,
              -7.87983,
              2.64215
            ],
            "4.1667": [
              -133.53449,
              -2.984,
              7.72596
            ],
            "4.75": [
              -4.14075,
              -5.79596,
              -1.70729
            ],
            "5.5833": [
              -4.14075,
              -5.79596,
              -1.70729
            ],
            "6.5": [
              37.5,
              0,
              0
            ]
          }
        },
        "bone2": {
          "rotation": {
            "0.0": [
              15,
              0,
              0
            ],
            "0.5": [
              32.5,
              0,
              0
            ],
            "0.8333": [
              32.5,
              0,
              0
            ],
            "1.3333": [
              15,
              0,
              0
            ],
            "2.3333": [
              0,
              0,
              0
            ],
            "3.5": [
              27.5,
              0,
              0
            ],
            "4.1667": [
              27.5,
              0,
              0
            ],
            "4.75": [
              2.5,
              0,
              0
            ],
            "5.5833": [
              0,
              0,
              0
            ],
            "6.5": [
              15,
              0,
              0
            ]
          }
        },
        "bone3": {
          "rotation": {
            "0.0": [
              -15,
              0,
              0
            ],
            "1.3333": [
              -15,
              0,
              0
            ],
            "6.5": [
              -15,
              0,
              0
            ]
          }
        },
        "bone4": {
          "rotation": [
            -12.5,
            0,
            0
          ]
        },
        "bone7": {
          "rotation": {
            "0.0": [
              2.5,
              0,
              0
            ],
            "0.5": [
              25,
              0,
              0
            ],
            "1.3333": [
              2.5,
              0,
              0
            ],
            "2.3333": [
              0,
              0,
              0
            ],
            "3.5": [
              30,
              0,
              0
            ],
            "4.1667": [
              30,
              0,
              0
            ],
            "4.75": [
              0,
              0,
              0
            ],
            "5.5833": [
              0,
              0,
              0
            ],
            "6.5": [
              2.5,
              0,
              0
            ]
          }
        },
        "dancer": {
          "position": {
            "0.0": [
              0,
              0,
              0
            ],
            "0.5": [
              0,
              -0.25,
              0
            ],
            "1.3333": [
              0,
              0,
              0
            ],
            "2.3333": [
              0,
              0,
              0
            ],
            "3.5": [
              0,
              -0.25,
              0
            ],
            "4.1667": [
              0,
              -0.25,
              0
            ],
            "4.75": [
              0,
              0,
              0
            ],
            "5.5833": [
              0,
              0,
              0
            ],
            "6.5": [
              0,
              0,
              0
            ]
          },
          "rotation": {
            "0.0": [
              12.5,
              17.5,
              0
            ],
            "1.3333": [
              12.5,
              17.5,
              0
            ],
            "2.3333": [
              2.44,
              -12.47,
              -1.28
            ],
            "3.5": [
              2.94891,
              -27.89924,
              -1.24732
            ],
            "4.1667": [
              2.94891,
              -27.89924,
              -1.24732
            ],
            "4.75": [
              0,
              -17.5,
              0
            ],
            "5.5833": [
              0,
              17.5,
              0
            ],
            "6.5": [
              12.5,
              17.5,
              0
            ]
          }
        },
        "head": {
          "rotation": {
            "0.0": [
              -5,
              0,
              0
            ],
            "0.5": [
              17.5,
              0,
              0
            ],
            "0.8333": [
              17.5,
              0,
              0
            ],
            "1.3333": [
              -5,
              0,
              0
            ],
            "2.3333": [
              2.5,
              0,
              0
            ],
            "3.625": [
              22.9321,
              0,
              0
            ],
            "4.4583": [
              -12.5,
              0,
              0
            ],
            "4.75": [
              2.5,
              0,
              0
            ],
            "5.5833": [
              2.5,
              0,
              0
            ],
            "6.5": [
              -5,
              0,
              0
            ]
          }
        },
        "leg1": {
          "rotation": {
            "0.0": [
              -14.13272,
              -5.07855,
              -19.37006
            ],
            "0.5": [
              -16.63272,
              -5.07855,
              -19.37006
            ],
            "1.3333": [
              -14.13272,
              -5.07855,
              -19.37006
            ],
            "2.3333": [
              0.04,
              1.94,
              4.75
            ],
            "3.5": [
              2.03371,
              26.95046,
              1.49656
            ],
            "4.1667": [
              2.03371,
              26.95046,
              1.49656
            ],
            "4.75": [
              -4.42391,
              16.89695,
              -1.8315
            ],
            "5.5833": [
              -4.42391,
              16.89695,
              -1.8315
            ],
            "6.5": [
              -14.13272,
              -5.07855,
              -19.37006
            ]
          }
        },
        "leg2": {
          "rotation": {
            "0.0": [
              7.28217,
              -2.57594,
              9.6658
            ],
            "0.5": [
              -2.71783,
              -2.57594,
              9.6658
            ],
            "0.8333": [
              -2.71783,
              -2.57594,
              9.6658
            ],
            "1.3333": [
              7.28217,
              -2.57594,
              9.6658
            ],
            "2.3333": [
              -2.26,
              0.79,
              -2.8
            ],
            "3.5": [
              -14.71411,
              1.42527,
              -0.38483
            ],
            "4.1667": [
              -14.71411,
              -1.42527,
              0.38483
            ],
            "4.75": [
              0.28589,
              -1.42527,
              0.38483
            ],
            "5.5833": [
              10.28589,
              -1.42527,
              0.38483
            ],
            "6.5": [
              7.28217,
              -2.57594,
              9.6658
            ]
          }
        },
        "rose": {
          "position": {
            "0.0": [
              7,
              -2.5,
              0
            ],
            "0.25": [
              2,
              -0.12,
              2
            ],
            "0.5": [
              -3,
              -5.75,
              4
            ],
            "2.0": [
              -3,
              -5.75,
              4
            ],
            "2.9167": [
              7,
              -2.5,
              0
            ],
            "3.1667": [
              2,
              -0.12,
              2
            ],
            "3.4167": [
              -3,
              -5.75,
              4
            ],
            "5.25": [
              -3,
              -5.75,
              4
            ]
          },
          "rotation": {
            "0.0": [
              0,
              0,
              0
            ],
            "0.5": [
              -83.23267,
              42.30053,
              4.56615
            ],
            "2.0": [
              -83.23267,
              42.30053,
              4.56615
            ],
            "2.9167": [
              0,
              0,
              0
            ],
            "3.4167": [
              -83.23267,
              42.30053,
              4.56615
            ],
            "5.25": [
              -83.23267,
              42.30053,
              4.56615
            ]
          },
          "scale": {
            "0.0": [
              0,
              0,
              0
            ],
            "0.5": [
              1,
              1,
              1
            ],
            "2.0": [
              0,
              0,
              0
            ],
            "2.9167": [
              0,
              0,
              0
            ],
            "3.4167": [
              1,
              1,
              1
            ],
            "5.25": [
              0,
              0,
              0
            ]
          }
        },
        "rose2": {
          "position": {
            "0.9583": [
              -6,
              -7,
              0
            ],
            "1.2083": [
              -1.5,
              -2.4,
              2.5
            ],
            "1.4583": [
              3,
              -5.8,
              5
            ],
            "2.5833": [
              3,
              -5.8,
              5
            ],
            "3.875": [
              -6,
              -7,
              0
            ],
            "4.125": [
              -1.5,
              -2.4,
              2.5
            ],
            "4.375": [
              3,
              -5.8,
              5
            ],
            "5.25": [
              3,
              -5.8,
              5
            ]
          },
          "rotation": {
            "0.9583": [
              0,
              0,
              0
            ],
            "1.4583": [
              -86.94901,
              34.96182,
              1.74942
            ],
            "2.5833": [
              -86.94901,
              34.96182,
              1.74942
            ],
            "3.875": [
              0,
              0,
              0
            ],
            "4.375": [
              -86.94901,
              34.96182,
              1.74942
            ],
            "5.25": [
              -86.94901,
              34.96182,
              1.74942
            ]
          },
          "scale": {
            "0.9583": [
              0,
              0,
              0
            ],
            "1.4583": [
              1,
              1,
              1
            ],
            "2.5833": [
              0,
              0,
              0
            ],
            "3.875": [
              0,
              0,
              0
            ],
            "4.375": [
              1,
              1,
              1
            ],
            "5.25": [
              0,
              0,
              0
            ]
          }
        },
        "top": {
          "rotation": {
            "0.0": [
              -7.5,
              0,
              0
            ],
            "0.5": [
              15,
              0,
              0
            ],
            "0.8333": [
              15,
              0,
              0
            ],
            "1.3333": [
              -7.5,
              0,
              0
            ],
            "2.3333": [
              -7.5,
              0,
              0
            ],
            "3.5": [
              37.5,
              0,
              0
            ],
            "4.1667": [
              37.5,
              0,
              0
            ],
            "4.75": [
              2.5,
              0,
              0
            ],
            "5.5833": [
              2.5,
              0,
              0
            ],
            "6.5": [
              -7.5,
              0,
              0
            ]
          }
        }
      },
      "loop": true
    }
  },
  "format_version": "1.8.0"
}