{
  "animations": {
    "animation.cubecraft.gravestone.toybundle.train": {
      "animation_length": 3,
      "bones": {
        "pistons": {
          "position": {
            "0.0": [
              0,
              0,
              0
            ],
            "0.375": [
              1.5,
              0,
              0
            ],
            "0.75": [
              1.5,
              -1.25,
              0
            ],
            "1.125": [
              0,
              -1.25,
              0
            ],
            "1.5": [
              0,
              0,
              0
            ],
            "1.875": [
              1.5,
              0,
              0
            ],
            "2.25": [
              1.5,
              -1.25,
              0
            ],
            "2.625": [
              0,
              -1.25,
              0
            ],
            "3.0": [
              0,
              0,
              0
            ]
          }
        },
        "train": {
          "rotation": {
            "0.0": [
              0,
              0,
              0
            ],
            "3.0": [
              0,
              -360,
              0
            ]
          }
        },
        "wheel1": {
          "rotation": {
            "0.0": [
              0,
              0,
              0
            ],
            "3.0": [
              0,
              0,
              720
            ]
          }
        },
        "wheel2": {
          "rotation": {
            "0.0": [
              0,
              0,
              0
            ],
            "3.0": [
              0,
              0,
              720
            ]
          }
        },
        "wheel5": {
          "rotation": {
            "0.0": [
              0,
              0,
              0
            ],
            "3.0": [
              0,
              0,
              720
            ]
          }
        }
      },
      "loop": true
    }
  },
  "format_version": "1.8.0"
}