{
  "animations": {
    "animation.vaulting.gravestone": {
      "animation_length": 5.6667,
      "bones": {
        "Gravestone": {
          "position": {
            "0.0": [
              0,
              0,
              0
            ],
            "5.6667": [
              0,
              0,
              0
            ]
          },
          "rotation": {
            "0.0": [
              0,
              0,
              0
            ],
            "5.6667": [
              0,
              0,
              0
            ]
          },
          "scale": {
            "0.0": [
              1,
              1,
              1
            ],
            "5.6667": [
              1,
              1,
              1
            ]
          }
        },
        "character": {
          "position": {
            "0.0": [
              -0.5,
              -0.5,
              -2
            ],
            "0.1667": [
              -0.5,
              0.11,
              -2
            ],
            "0.25": [
              -0.5,
              -0.16,
              -2
            ],
            "0.3333": [
              -0.5,
              -0.42,
              -2
            ],
            "0.5": [
              -0.5,
              0.17,
              -2.03
            ],
            "0.5417": [
              -0.5,
              0.29,
              -2
            ],
            "0.625": [
              -0.5,
              0.3,
              -1.5
            ],
            "0.7083": [
              -0.5,
              -0.21,
              -1
            ],
            "0.75": [
              -0.5,
              -0.04,
              -1
            ],
            "0.8333": [
              -0.5,
              0.29,
              -1
            ],
            "0.9583": [
              0.25,
              1,
              -1.5
            ],
            "1.0": [
              0.31,
              1.19,
              -1.38
            ],
            "1.25": [
              0.5,
              2.5,
              -0.25
            ],
            "1.5": [
              1,
              2.5,
              -2.25
            ],
            "1.75": [
              -0.34,
              -0.22,
              -2.04
            ],
            "1.7917": [
              -0.5,
              -0.5,
              -2
            ],
            "1.9583": [
              -0.59,
              -0.19,
              -1.98
            ],
            "2.0": [
              -0.58,
              -0.24,
              -2.19
            ],
            "2.125": [
              -0.5,
              -0.5,
              -3
            ],
            "2.25": [
              -0.58,
              -0.24,
              -3.01
            ],
            "2.2917": [
              -0.59,
              -0.19,
              -2.98
            ],
            "2.4583": [
              -0.5,
              -0.5,
              -3
            ],
            "2.5": [
              -0.49,
              -0.46,
              -3
            ],
            "2.625": [
              -0.5,
              0,
              -3
            ],
            "2.75": [
              -0.5,
              1.35,
              -3.08
            ],
            "2.7917": [
              -0.5,
              1.75,
              -3
            ],
            "2.9583": [
              -0.5,
              2.59,
              -1.82
            ],
            "3.0": [
              -0.5,
              2.83,
              -1.99
            ],
            "3.125": [
              -0.5,
              3.34,
              -3.17
            ],
            "3.25": [
              -0.49,
              2.5,
              -3.94
            ],
            "3.2917": [
              -0.5,
              2.09,
              -3.92
            ],
            "3.5": [
              -0.57,
              0.57,
              -2.43
            ],
            "3.5833": [
              -0.59,
              0.06,
              -1.98
            ],
            "3.7083": [
              -0.54,
              -0.66,
              -2.53
            ],
            "3.75": [
              -0.52,
              -0.49,
              -2.74
            ],
            "3.8333": [
              -0.49,
              -0.02,
              -3.08
            ],
            "4.0": [
              -0.5,
              -1,
              -3
            ],
            "4.25": [
              -0.54,
              -0.66,
              -2.53
            ],
            "4.4583": [
              -0.5,
              0,
              -3
            ],
            "4.5": [
              -0.5,
              0.34,
              -3.05
            ],
            "4.6667": [
              -0.5,
              2,
              -3
            ],
            "4.75": [
              -0.5,
              2.3,
              -2.64
            ],
            "4.9167": [
              -0.5,
              2.5,
              -1.75
            ],
            "5.0": [
              -0.5,
              2.54,
              -1.47
            ],
            "5.125": [
              -0.5,
              2.5,
              -1.5
            ],
            "5.25": [
              -0.5,
              2.71,
              -2.84
            ],
            "5.3333": [
              -0.5,
              2.5,
              -3.5
            ],
            "5.5": [
              -0.5,
              -0.42,
              -2
            ],
            "5.6667": [
              -0.5,
              -0.5,
              -2
            ]
          },
          "rotation": {
            "0.0": [
              10,
              0,
              0
            ],
            "0.25": [
              2.03,
              -13.95,
              0
            ],
            "0.3333": [
              0,
              -17.5,
              0
            ],
            "0.5": [
              -0.16,
              -17.78,
              0.26
            ],
            "0.5417": [
              0,
              -17.5,
              0
            ],
            "0.7083": [
              0,
              -17.5,
              -4
            ],
            "0.75": [
              0,
              -17.5,
              -5.58
            ],
            "0.8333": [
              0,
              -17.5,
              -8.75
            ],
            "0.9583": [
              1.62,
              -22.26,
              -18.05
            ],
            "1.0": [
              3.14,
              -23.51,
              -21.83
            ],
            "1.25": [
              14.11,
              -29.31,
              -50.66
            ],
            "1.5": [
              -7.5,
              5,
              -45
            ],
            "1.75": [
              8.07,
              0.8,
              -4.41
            ],
            "1.7917": [
              10,
              0,
              0
            ],
            "2.0": [
              10.62,
              -0.37,
              3.83
            ],
            "2.25": [
              9.11,
              -0.17,
              2.62
            ],
            "2.4583": [
              10,
              0,
              0
            ],
            "2.5": [
              11.64,
              -0.05,
              -1.04
            ],
            "2.75": [
              28.01,
              -0.37,
              -12.2
            ],
            "2.7917": [
              30,
              0,
              -15
            ],
            "2.9583": [
              36.47,
              7.64,
              -47.07
            ],
            "3.0": [
              28.97,
              13.71,
              -52.98
            ],
            "3.125": [
              -2.65,
              34.85,
              -62.16
            ],
            "3.25": [
              -4.45,
              37.94,
              -45.21
            ],
            "3.2917": [
              -2.65,
              34.85,
              -37.16
            ],
            "3.4583": [
              10,
              0,
              0
            ],
            "3.5": [
              10.39,
              -1.14,
              1.22
            ],
            "3.75": [
              10.22,
              -2,
              2.13
            ],
            "4.0": [
              10,
              0,
              0
            ],
            "4.25": [
              12.65,
              0,
              0
            ],
            "4.4583": [
              17.5,
              0,
              0
            ],
            "4.5": [
              21.04,
              0,
              0
            ],
            "4.6667": [
              40,
              0,
              0
            ],
            "4.75": [
              48.89,
              0,
              0
            ],
            "4.9167": [
              62.5,
              0,
              0
            ],
            "5.0": [
              60.4,
              0,
              0
            ],
            "5.125": [
              47.5,
              0,
              0
            ],
            "5.25": [
              22.36,
              1.26,
              0
            ],
            "5.3333": [
              7.5,
              0,
              0
            ],
            "5.5": [
              0,
              -17.5,
              0
            ],
            "5.6667": [
              10,
              0,
              0
            ]
          }
        },
        "head": {
          "position": {
            "0.3333": [
              0,
              0,
              0
            ],
            "0.5833": [
              0,
              0,
              0
            ],
            "0.8333": [
              0,
              0,
              0
            ],
            "1.0833": [
              0,
              0,
              0
            ],
            "1.3333": [
              0,
              0,
              0
            ],
            "1.5833": [
              0,
              0,
              0
            ],
            "1.8333": [
              0,
              0,
              0
            ],
            "2.0833": [
              0,
              0,
              0
            ],
            "2.3333": [
              0,
              0,
              0
            ],
            "2.5833": [
              0,
              0,
              0
            ],
            "2.8333": [
              0,
              0,
              0
            ],
            "3.0833": [
              0,
              0,
              0
            ],
            "3.3333": [
              0,
              0,
              0
            ],
            "3.5833": [
              0,
              0,
              0
            ],
            "3.8333": [
              0,
              0,
              0
            ],
            "4.0833": [
              0,
              0,
              0
            ],
            "4.3333": [
              0,
              0,
              0
            ],
            "4.5833": [
              0,
              0,
              0
            ],
            "4.8333": [
              0,
              0,
              0
            ],
            "5.0833": [
              0,
              0,
              0
            ],
            "5.3333": [
              0,
              0,
              0
            ],
            "5.5": [
              0,
              0,
              0
            ]
          },
          "rotation": {
            "0.0": [
              -5,
              0,
              -2.5
            ],
            "0.25": [
              21.6,
              13.6,
              -6.48
            ],
            "0.3333": [
              27.5,
              17.5,
              -7.5
            ],
            "0.5": [
              27.16,
              20.64,
              -8.81
            ],
            "0.75": [
              20.14,
              23.44,
              -10.01
            ],
            "0.9167": [
              17.5,
              22.5,
              -7.5
            ],
            "1.0": [
              20.06,
              14.4,
              5.2
            ],
            "1.125": [
              27.5,
              0,
              25
            ],
            "1.25": [
              33.21,
              -1.54,
              24.59
            ],
            "1.4583": [
              37.5,
              0,
              15
            ],
            "1.5": [
              33,
              -0.41,
              12.04
            ],
            "1.6667": [
              2.9,
              -2.38,
              -0.26
            ],
            "1.75": [
              -1.76,
              -1.75,
              -1.34
            ],
            "1.9583": [
              -4.99,
              0.55,
              -0.12
            ],
            "2.0": [
              -4.82,
              0.43,
              -0.13
            ],
            "2.25": [
              1.36,
              -2.25,
              -0.27
            ],
            "2.2917": [
              2.9,
              -2.38,
              -0.26
            ],
            "2.5": [
              14.47,
              -1.22,
              0.35
            ],
            "2.625": [
              20.01,
              0.55,
              0.13
            ],
            "2.75": [
              22.1,
              8.92,
              -5.46
            ],
            "2.7917": [
              19.65,
              9.2,
              -4.91
            ],
            "2.9583": [
              -8.42,
              -10.78,
              17.62
            ],
            "3.0": [
              -8.49,
              -10.85,
              17.29
            ],
            "3.25": [
              2.22,
              -3.65,
              4.73
            ],
            "3.4167": [
              7.86,
              1.09,
              -2.81
            ],
            "3.5": [
              1.65,
              1.53,
              -2.57
            ],
            "3.5833": [
              -4.99,
              0.55,
              -0.12
            ],
            "3.75": [
              -1.68,
              0.69,
              -0.95
            ],
            "4.0": [
              7.86,
              1.09,
              -2.81
            ],
            "4.25": [
              14.7,
              1.41,
              -2.82
            ],
            "4.4583": [
              20.35,
              1.67,
              -2.51
            ],
            "4.5": [
              23.69,
              1.82,
              -2.41
            ],
            "4.6667": [
              32.85,
              2.18,
              -2.08
            ],
            "4.75": [
              21.2,
              1.63,
              -2.33
            ],
            "4.9167": [
              -7.12,
              0.33,
              -3
            ],
            "5.0": [
              -6.87,
              0.1,
              -2.93
            ],
            "5.25": [
              8.25,
              0.12,
              -2.46
            ],
            "5.3333": [
              12.86,
              1.33,
              -2.7
            ],
            "5.5": [
              27.5,
              17.5,
              -7.5
            ],
            "5.6667": [
              -5,
              0,
              -2.5
            ]
          }
        },
        "left_arm": {
          "position": {
            "0.3333": [
              0,
              0,
              0
            ],
            "0.5833": [
              0,
              0.01,
              0
            ],
            "0.8333": [
              0.01,
              0.02,
              0.01
            ],
            "1.0833": [
              0.01,
              0.04,
              0.03
            ],
            "1.3333": [
              0.02,
              0.06,
              0.03
            ],
            "1.5833": [
              0.02,
              0.06,
              0.04
            ],
            "1.8333": [
              0.01,
              0.04,
              0.03
            ],
            "2.0833": [
              0,
              0,
              0
            ],
            "2.3333": [
              -0.06,
              -0.25,
              -0.14
            ],
            "2.5833": [
              -0.15,
              -0.6,
              -0.34
            ],
            "2.7917": [
              -0.26,
              -0.84,
              -0.48
            ],
            "2.8333": [
              -0.4,
              -0.98,
              -0.61
            ],
            "2.9583": [
              -0.8,
              -1.21,
              -0.84
            ],
            "3.0833": [
              -0.3,
              -1.08,
              -0.15
            ],
            "3.125": [
              -0.14,
              -1.01,
              0.04
            ],
            "3.2917": [
              -0.02,
              -0.81,
              0.12
            ],
            "3.3333": [
              -0.01,
              -0.49,
              0.13
            ],
            "3.4167": [
              -0.02,
              0.19,
              0.12
            ],
            "3.5833": [
              -0.01,
              0.12,
              0.04
            ],
            "3.7083": [
              0,
              0,
              0
            ],
            "3.8333": [
              -0.01,
              0.07,
              0.05
            ],
            "4.0": [
              -0.02,
              0.19,
              0.12
            ],
            "4.0833": [
              -0.02,
              0.16,
              0.08
            ],
            "4.25": [
              0,
              0,
              0
            ],
            "4.3333": [
              0,
              -0.03,
              0.02
            ],
            "4.5833": [
              -0.01,
              -0.17,
              0.14
            ],
            "4.8333": [
              -0.02,
              -0.31,
              0.28
            ],
            "5.0833": [
              -0.01,
              -0.37,
              0.34
            ],
            "5.125": [
              0,
              -0.37,
              0.34
            ],
            "5.3333": [
              0.25,
              0.22,
              -0.34
            ],
            "5.5": [
              0,
              0,
              0
            ]
          },
          "rotation": {
            "0.0": [
              30,
              0,
              0
            ],
            "0.25": [
              -19.52,
              0,
              0
            ],
            "0.3333": [
              -27.5,
              0,
              0
            ],
            "0.5": [
              -11.77,
              -1.16,
              3.47
            ],
            "0.75": [
              24.04,
              -1.03,
              3.1
            ],
            "0.7917": [
              25,
              0,
              0
            ],
            "0.9167": [
              -35,
              27.5,
              -82.5
            ],
            "1.0": [
              -40.64,
              29.48,
              -71.79
            ],
            "1.125": [
              -35,
              27.5,
              -35
            ],
            "1.25": [
              -27.14,
              28.71,
              -23.32
            ],
            "1.4583": [
              -7.5,
              27.5,
              -10
            ],
            "1.5": [
              -2.64,
              25.19,
              -7.96
            ],
            "1.75": [
              29.79,
              2.31,
              -0.67
            ],
            "1.7917": [
              30,
              0,
              0
            ],
            "2.0": [
              -9.55,
              0.64,
              -1.54
            ],
            "2.0833": [
              -27.5,
              0,
              0
            ],
            "2.25": [
              -49.32,
              -8.54,
              10.97
            ],
            "2.4583": [
              -67.98,
              -19.84,
              25.11
            ],
            "2.5": [
              -69.46,
              -21.43,
              26.16
            ],
            "2.625": [
              -60,
              -20,
              22.39
            ],
            "2.75": [
              -51.65,
              -16.29,
              25.34
            ],
            "2.7917": [
              -49.24,
              -13.04,
              29.39
            ],
            "2.9583": [
              -43.54,
              13.08,
              65.94
            ],
            "3.0": [
              -45.8,
              7.2,
              57.21
            ],
            "3.125": [
              -52.17,
              -23.7,
              9.3
            ],
            "3.25": [
              -24.51,
              -17.39,
              0.71
            ],
            "3.2917": [
              -13.37,
              -13.51,
              0.17
            ],
            "3.4167": [
              30,
              0,
              0
            ],
            "3.5": [
              17.57,
              0.98,
              -0.01
            ],
            "3.7083": [
              -27.5,
              0,
              0
            ],
            "3.75": [
              -24.31,
              0,
              0
            ],
            "4.0": [
              30,
              0,
              0
            ],
            "4.25": [
              -27.5,
              0,
              0
            ],
            "4.4583": [
              -70.28,
              -10.08,
              23.22
            ],
            "4.5": [
              -69.78,
              -10.67,
              24.14
            ],
            "4.6667": [
              -47.44,
              -9.58,
              19.27
            ],
            "4.75": [
              -44.89,
              -9.53,
              18.77
            ],
            "5.0": [
              -39.78,
              -9.38,
              17.64
            ],
            "5.125": [
              -32.3,
              -8.42,
              16.89
            ],
            "5.25": [
              10.15,
              -3.49,
              15.46
            ],
            "5.3333": [
              32.16,
              1.48,
              12.5
            ],
            "5.5": [
              11.35,
              19.61,
              -7.22
            ],
            "5.6667": [
              30,
              0,
              0
            ]
          }
        },
        "left_leg": {
          "position": {
            "0.3333": [
              0,
              0,
              0
            ],
            "0.5833": [
              0,
              0,
              0
            ],
            "0.8333": [
              0.01,
              -0.01,
              0
            ],
            "1.0833": [
              0.01,
              -0.02,
              -0.01
            ],
            "1.3333": [
              0.01,
              -0.03,
              -0.01
            ],
            "1.5833": [
              0.01,
              -0.03,
              -0.01
            ],
            "1.8333": [
              0.01,
              -0.02,
              -0.01
            ],
            "2.0833": [
              0,
              0,
              0
            ],
            "2.3333": [
              -0.03,
              0.06,
              0.03
            ],
            "2.5833": [
              -0.08,
              0.16,
              0.07
            ],
            "2.8333": [
              -0.13,
              0.26,
              0.12
            ],
            "3.0833": [
              -0.17,
              0.33,
              0.15
            ],
            "3.2917": [
              -0.18,
              0.36,
              0.16
            ],
            "3.3333": [
              -0.18,
              0.35,
              0.16
            ],
            "3.5833": [
              -0.05,
              0.1,
              0.05
            ],
            "3.7083": [
              0,
              0,
              0
            ],
            "3.8333": [
              0.02,
              -0.06,
              -0.02
            ],
            "4.0833": [
              0.02,
              -0.13,
              -0.03
            ],
            "4.25": [
              0,
              0,
              0
            ],
            "4.3333": [
              -0.02,
              0.13,
              0.03
            ],
            "4.5833": [
              -0.12,
              0.73,
              0.15
            ],
            "4.8333": [
              -0.22,
              1.4,
              0.28
            ],
            "4.9167": [
              -0.25,
              1.57,
              0.31
            ],
            "5.0833": [
              -0.36,
              2.44,
              0.46
            ],
            "5.125": [
              -0.35,
              2.38,
              0.45
            ],
            "5.3333": [
              -0.04,
              0.22,
              0.12
            ],
            "5.375": [
              0,
              -0.09,
              0.07
            ],
            "5.5": [
              0,
              0,
              0
            ]
          },
          "rotation": {
            "0.0": [
              27.5,
              0,
              0
            ],
            "0.25": [
              -22.95,
              0,
              0
            ],
            "0.3333": [
              -32.5,
              0,
              0
            ],
            "0.5": [
              -21.28,
              0,
              2.16
            ],
            "0.75": [
              5,
              0,
              0
            ],
            "1.0": [
              -6.41,
              0,
              -22.5
            ],
            "1.25": [
              -25,
              0,
              -45
            ],
            "1.4583": [
              -45,
              0,
              -45
            ],
            "1.5": [
              -39.45,
              0,
              -41.22
            ],
            "1.75": [
              24.14,
              0,
              -3.78
            ],
            "1.7917": [
              27.5,
              0,
              0
            ],
            "2.0": [
              -20.24,
              0,
              1.31
            ],
            "2.0833": [
              -32.5,
              0,
              0
            ],
            "2.25": [
              -11.57,
              -0.18,
              -0.02
            ],
            "2.4583": [
              27.5,
              0,
              0
            ],
            "2.5": [
              36.37,
              1.21,
              0.37
            ],
            "2.625": [
              42.16,
              3.21,
              0.41
            ],
            "2.75": [
              -17.71,
              -13.22,
              -10.41
            ],
            "2.7917": [
              -29.16,
              -20.41,
              -11.93
            ],
            "3.0": [
              -0.07,
              -45.79,
              -3.05
            ],
            "3.125": [
              19.03,
              -53.27,
              2.31
            ],
            "3.25": [
              11.34,
              -24.12,
              1.53
            ],
            "3.2917": [
              9.54,
              -14.44,
              0.83
            ],
            "3.4167": [
              27.5,
              0,
              0
            ],
            "3.5": [
              12.54,
              1.05,
              -0.06
            ],
            "3.7083": [
              -32.5,
              0,
              0
            ],
            "3.75": [
              -29.17,
              0,
              0
            ],
            "4.0": [
              27.5,
              0,
              0
            ],
            "4.25": [
              -32.5,
              0,
              0
            ],
            "4.4583": [
              -11.82,
              -8,
              2.86
            ],
            "4.5": [
              -12.3,
              -9.74,
              2.11
            ],
            "4.6667": [
              -25.57,
              -16.51,
              -2.71
            ],
            "4.75": [
              -29.84,
              -18.29,
              -2.19
            ],
            "4.9167": [
              -43.59,
              -20.29,
              3.02
            ],
            "5.0": [
              -68.92,
              -20.26,
              12.23
            ],
            "5.125": [
              -99.69,
              -19.49,
              23.57
            ],
            "5.25": [
              -72.9,
              -20.6,
              13.77
            ],
            "5.375": [
              -38.36,
              -19.39,
              1.25
            ],
            "5.5": [
              -32.5,
              0,
              0
            ],
            "5.6667": [
              27.5,
              0,
              0
            ]
          }
        },
        "right_arm": {
          "position": {
            "0.3333": [
              0,
              0,
              0
            ],
            "0.5833": [
              0.13,
              0.13,
              -0.03
            ],
            "0.8333": [
              0.33,
              0.33,
              -0.07
            ],
            "1.0833": [
              0.5,
              0.5,
              -0.11
            ],
            "1.2917": [
              0.56,
              0.56,
              -0.12
            ],
            "1.3333": [
              0.54,
              0.54,
              -0.12
            ],
            "1.5833": [
              0.11,
              0.11,
              -0.02
            ],
            "1.6667": [
              0,
              0,
              0
            ],
            "1.8333": [
              -0.07,
              -0.06,
              -0.01
            ],
            "2.0833": [
              0,
              0,
              0
            ],
            "2.3333": [
              0.18,
              0.13,
              0.12
            ],
            "2.5833": [
              0.44,
              0.32,
              0.3
            ],
            "2.8333": [
              0.67,
              0.46,
              0.44
            ],
            "2.9583": [
              0.73,
              0.49,
              0.48
            ],
            "3.0833": [
              0.72,
              0.39,
              0.48
            ],
            "3.2917": [
              0.48,
              0.08,
              0.33
            ],
            "3.3333": [
              0.44,
              0.06,
              0.3
            ],
            "3.5833": [
              0.12,
              0.01,
              0.08
            ],
            "3.7083": [
              0,
              0,
              0
            ],
            "3.8333": [
              -0.03,
              0,
              -0.03
            ],
            "4.0833": [
              -0.02,
              0.02,
              -0.04
            ],
            "4.25": [
              0,
              0,
              0
            ],
            "4.3333": [
              0,
              -0.02,
              0.02
            ],
            "4.5833": [
              0,
              -0.16,
              0.16
            ],
            "4.8333": [
              0,
              -0.31,
              0.31
            ],
            "5.0833": [
              0,
              -0.37,
              0.35
            ],
            "5.125": [
              0,
              -0.37,
              0.34
            ],
            "5.3333": [
              0,
              0.26,
              -0.59
            ],
            "5.5": [
              0,
              0,
              0
            ]
          },
          "rotation": {
            "0.0": [
              -52.5,
              0,
              -15
            ],
            "0.25": [
              16.87,
              0,
              -15
            ],
            "0.3333": [
              28.5,
              0,
              -15
            ],
            "0.5": [
              13.64,
              0,
              -15.28
            ],
            "0.75": [
              -31.69,
              0,
              -15.43
            ],
            "0.8333": [
              -40,
              0,
              -15
            ],
            "0.9167": [
              -25,
              0,
              -7.5
            ],
            "1.0": [
              -17.91,
              9.33,
              4.59
            ],
            "1.125": [
              -6,
              22,
              24
            ],
            "1.25": [
              2.2,
              16,
              29.7
            ],
            "1.4583": [
              17.5,
              0,
              30
            ],
            "1.5": [
              25.17,
              -1.41,
              26.06
            ],
            "1.6667": [
              47.5,
              0,
              0
            ],
            "1.75": [
              -27.73,
              0,
              -11.66
            ],
            "1.7917": [
              -52.5,
              0,
              -15
            ],
            "2.0": [
              11.89,
              0,
              -15.44
            ],
            "2.0833": [
              28.5,
              0,
              -15
            ],
            "2.25": [
              -0.9,
              -0.2,
              -15.36
            ],
            "2.4583": [
              -52.5,
              0,
              -15
            ],
            "2.5": [
              -56.34,
              0.18,
              -14.64
            ],
            "2.75": [
              -52.45,
              2.43,
              -10.34
            ],
            "2.7917": [
              -51.48,
              3.61,
              -8.47
            ],
            "2.9583": [
              -44.64,
              21.9,
              19.22
            ],
            "3.0": [
              -40.9,
              20.94,
              21.06
            ],
            "3.25": [
              -8.57,
              2.05,
              24.03
            ],
            "3.2917": [
              -7.65,
              0.09,
              22.31
            ],
            "3.4167": [
              -52.5,
              0,
              -15
            ],
            "3.5": [
              -33.81,
              -0.01,
              -17.72
            ],
            "3.7083": [
              28.5,
              0,
              -15
            ],
            "3.75": [
              24.01,
              0,
              -15
            ],
            "4.0": [
              -52.5,
              0,
              -15
            ],
            "4.25": [
              28.5,
              0,
              -15
            ],
            "4.4583": [
              -69.61,
              3.73,
              -15.56
            ],
            "4.5": [
              -72.7,
              3.27,
              -15.51
            ],
            "4.6667": [
              -47.62,
              -1.08,
              -15.05
            ],
            "4.75": [
              -46.03,
              -1.83,
              -15.1
            ],
            "5.0": [
              -45.15,
              -3.77,
              -15.5
            ],
            "5.125": [
              -37.84,
              -3.21,
              -15.41
            ],
            "5.25": [
              12.69,
              5.27,
              -13.66
            ],
            "5.3333": [
              40.93,
              9.45,
              -12.83
            ],
            "5.5": [
              28.5,
              0,
              -15
            ],
            "5.6667": [
              -52.5,
              0,
              -15
            ]
          }
        },
        "right_leg": {
          "position": {
            "0.3333": [
              0,
              0,
              0
            ],
            "0.5833": [
              0,
              0,
              -0.01
            ],
            "0.8333": [
              0.02,
              0,
              -0.02
            ],
            "1.0833": [
              0.03,
              0,
              -0.04
            ],
            "1.3333": [
              0.04,
              0,
              -0.06
            ],
            "1.5833": [
              0.04,
              0,
              -0.06
            ],
            "1.8333": [
              0.03,
              0,
              -0.04
            ],
            "2.0833": [
              0,
              0,
              0
            ],
            "2.3333": [
              -0.11,
              0.01,
              0.17
            ],
            "2.5833": [
              -0.28,
              0.04,
              0.44
            ],
            "2.8333": [
              -0.45,
              0.05,
              0.68
            ],
            "3.0833": [
              -0.56,
              0.04,
              0.82
            ],
            "3.125": [
              -0.57,
              0.04,
              0.82
            ],
            "3.2917": [
              -0.4,
              -0.3,
              0.04
            ],
            "3.3333": [
              -0.27,
              -0.24,
              -0.03
            ],
            "3.4167": [
              0,
              0,
              0
            ],
            "3.5833": [
              0.01,
              0,
              0
            ],
            "3.625": [
              0,
              0,
              0
            ],
            "3.7083": [
              0,
              0,
              0
            ],
            "3.8333": [
              0,
              0,
              0
            ],
            "4.0": [
              0,
              0,
              0
            ],
            "4.0833": [
              0,
              -0.07,
              0
            ],
            "4.25": [
              0,
              0,
              0
            ],
            "4.3333": [
              0,
              0.17,
              0
            ],
            "4.5833": [
              0,
              1,
              0
            ],
            "4.8333": [
              0,
              1.84,
              0.04
            ],
            "4.9167": [
              0,
              2.01,
              0.08
            ],
            "5.0833": [
              0,
              2.34,
              0.58
            ],
            "5.125": [
              0,
              2.2,
              0.65
            ],
            "5.3333": [
              0,
              0.36,
              0.56
            ],
            "5.375": [
              0,
              0.1,
              0.51
            ],
            "5.5": [
              0,
              0,
              0
            ]
          },
          "rotation": {
            "0.0": [
              -35,
              0,
              0
            ],
            "0.25": [
              9.13,
              0,
              0
            ],
            "0.3333": [
              17.5,
              0,
              0
            ],
            "0.5": [
              10.62,
              0,
              1.92
            ],
            "0.75": [
              -15,
              0,
              0
            ],
            "1.0": [
              -28.28,
              0,
              -14.39
            ],
            "1.25": [
              -41.24,
              0,
              -32.88
            ],
            "1.4583": [
              -47.5,
              0,
              -40
            ],
            "1.5": [
              -48.36,
              0,
              -38.55
            ],
            "1.75": [
              -38.79,
              0,
              -3.64
            ],
            "1.7917": [
              -35,
              0,
              0
            ],
            "2.0": [
              8.99,
              0,
              1.17
            ],
            "2.0833": [
              17.5,
              0,
              0
            ],
            "2.25": [
              -2.34,
              0.11,
              0.01
            ],
            "2.4583": [
              -35,
              0,
              0
            ],
            "2.5": [
              -35.61,
              -0.4,
              -0.05
            ],
            "2.625": [
              -20.12,
              -1.94,
              -0.25
            ],
            "2.75": [
              -19.09,
              -0.98,
              2.85
            ],
            "2.7917": [
              -22.6,
              -1.62,
              -0.18
            ],
            "3.0": [
              -49.57,
              -8.07,
              -33.43
            ],
            "3.125": [
              -60.44,
              -12.31,
              -43.44
            ],
            "3.25": [
              -38.7,
              -19.7,
              11.04
            ],
            "3.2917": [
              -31.67,
              -19.54,
              24.16
            ],
            "3.4167": [
              -27.54,
              0,
              0.79
            ],
            "3.5": [
              -21.22,
              1.4,
              -1
            ],
            "3.625": [
              -8.24,
              0,
              0.45
            ],
            "3.7083": [
              17.5,
              0,
              0
            ],
            "3.75": [
              13.18,
              0,
              -0.02
            ],
            "4.0": [
              -35,
              0,
              0
            ],
            "4.25": [
              17.5,
              0,
              0
            ],
            "4.4583": [
              -15.16,
              -2.56,
              -0.45
            ],
            "4.5": [
              -11.46,
              -3.31,
              -0.93
            ],
            "4.6667": [
              19.77,
              -6.14,
              -3.18
            ],
            "4.75": [
              16.52,
              -5.87,
              -2.55
            ],
            "4.9167": [
              -10.19,
              -3.16,
              -0.7
            ],
            "5.0": [
              -46.19,
              0.95,
              -1.72
            ],
            "5.125": [
              -92.28,
              6.32,
              -3.45
            ],
            "5.25": [
              -69.26,
              3.39,
              -1.92
            ],
            "5.375": [
              -30.04,
              -0.65,
              -0.03
            ],
            "5.5": [
              17.5,
              0,
              0
            ],
            "5.6667": [
              -35,
              0,
              0
            ]
          }
        },
        "torso": {
          "position": {
            "0.3333": [
              0,
              0,
              0
            ],
            "0.5833": [
              0,
              0,
              0
            ],
            "0.8333": [
              0,
              0,
              0
            ],
            "1.0833": [
              0,
              0,
              0
            ],
            "1.3333": [
              0,
              0,
              0
            ],
            "1.5833": [
              0,
              0,
              0
            ],
            "1.8333": [
              0,
              0,
              0
            ],
            "2.0833": [
              0,
              0,
              0
            ],
            "2.3333": [
              0,
              0,
              0
            ],
            "2.5833": [
              0,
              0,
              0
            ],
            "2.8333": [
              0,
              0,
              0
            ],
            "3.0833": [
              0,
              0,
              0
            ],
            "3.3333": [
              0,
              0,
              0
            ],
            "3.5833": [
              0,
              0,
              0
            ],
            "3.7083": [
              0,
              0,
              0
            ],
            "3.8333": [
              0,
              -0.03,
              0
            ],
            "4.0833": [
              0,
              -0.09,
              0.01
            ],
            "4.25": [
              0,
              0,
              0
            ],
            "4.3333": [
              0,
              0.08,
              -0.01
            ],
            "4.5833": [
              0,
              0.48,
              -0.04
            ],
            "4.8333": [
              0,
              0.95,
              -0.08
            ],
            "5.0833": [
              0,
              1.23,
              -0.12
            ],
            "5.125": [
              0,
              1.24,
              -0.12
            ],
            "5.3333": [
              0,
              0.25,
              -0.25
            ],
            "5.5": [
              0,
              0,
              0
            ]
          },
          "rotation": {
            "0.3333": [
              0,
              0,
              0
            ],
            "0.5833": [
              0,
              0,
              0
            ],
            "0.8333": [
              0,
              0,
              0
            ],
            "1.0833": [
              0,
              0,
              0
            ],
            "1.3333": [
              0,
              0,
              0
            ],
            "1.5833": [
              0,
              0,
              0
            ],
            "1.8333": [
              0,
              0,
              0
            ],
            "2.0833": [
              0,
              0,
              0
            ],
            "2.3333": [
              0,
              0,
              0
            ],
            "2.5833": [
              0,
              0,
              0
            ],
            "2.8333": [
              0,
              0,
              0
            ],
            "3.0833": [
              0,
              0,
              0
            ],
            "3.3333": [
              0,
              0,
              0
            ],
            "3.5833": [
              0,
              0,
              0
            ],
            "3.7083": [
              0,
              0,
              0
            ],
            "3.8333": [
              -0.31,
              0,
              0
            ],
            "4.0833": [
              -1.11,
              0,
              0
            ],
            "4.25": [
              0,
              0,
              0
            ],
            "4.3333": [
              0.97,
              0,
              0
            ],
            "4.5833": [
              5.97,
              0,
              0
            ],
            "4.8333": [
              11.67,
              0,
              0
            ],
            "5.0833": [
              14.92,
              0,
              0
            ],
            "5.125": [
              15,
              0,
              0
            ],
            "5.3333": [
              7.29,
              0,
              0
            ],
            "5.5": [
              0,
              0,
              0
            ]
          }
        },
        "treadmill_1": {
          "position": {
            "0.0": [
              0,
              0,
              0
            ],
            "1.875": [
              0,
              0,
              15
            ],
            "2.0": [
              0,
              0,
              0
            ],
            "2.125": [
              0,
              0,
              0
            ],
            "4.0": [
              0,
              0,
              15
            ],
            "4.125": [
              0,
              0,
              0
            ],
            "4.25": [
              0,
              0,
              0
            ],
            "5.6667": [
              0,
              0,
              11.33
            ]
          },
          "scale": {
            "1.75": [
              1,
              1,
              1
            ],
            "1.875": [
              1,
              1,
              0
            ],
            "2.0": [
              1,
              1,
              0
            ],
            "2.125": [
              1,
              1,
              1
            ],
            "3.875": [
              1,
              1,
              1
            ],
            "4.0": [
              1,
              1,
              0
            ],
            "4.125": [
              1,
              1,
              0
            ],
            "4.25": [
              1,
              1,
              1
            ],
            "5.6667": [
              1,
              1,
              1
            ]
          }
        },
        "treadmill_10": {
          "position": {
            "0.0": [
              0,
              0,
              0
            ],
            "0.75": [
              0,
              0,
              6
            ],
            "0.875": [
              0,
              0,
              -9
            ],
            "1.0": [
              0,
              0,
              -9
            ],
            "2.875": [
              0,
              0,
              6
            ],
            "3.0": [
              0,
              0,
              -9
            ],
            "3.125": [
              0,
              0,
              -9
            ],
            "5.0": [
              0,
              0,
              6
            ],
            "5.125": [
              0,
              0,
              -9
            ],
            "5.25": [
              0,
              0,
              -9
            ],
            "5.6667": [
              0,
              0,
              -5.66
            ]
          },
          "scale": {
            "0.625": [
              1,
              1,
              1
            ],
            "0.75": [
              1,
              1,
              0
            ],
            "0.875": [
              1,
              1,
              0
            ],
            "1.0": [
              1,
              1,
              1
            ],
            "2.75": [
              1,
              1,
              1
            ],
            "2.875": [
              1,
              1,
              0
            ],
            "3.0": [
              1,
              1,
              0
            ],
            "3.125": [
              1,
              1,
              1
            ],
            "4.875": [
              1,
              1,
              1
            ],
            "5.0": [
              1,
              1,
              0
            ],
            "5.125": [
              1,
              1,
              0
            ],
            "5.25": [
              1,
              1,
              1
            ]
          }
        },
        "treadmill_11": {
          "position": {
            "0.0": [
              0,
              0,
              0
            ],
            "0.625": [
              0,
              0,
              5
            ],
            "0.75": [
              0,
              0,
              -10
            ],
            "0.875": [
              0,
              0,
              -10
            ],
            "2.75": [
              0,
              0,
              5
            ],
            "2.875": [
              0,
              0,
              -10
            ],
            "3.0": [
              0,
              0,
              -10
            ],
            "4.875": [
              0,
              0,
              5
            ],
            "5.0": [
              0,
              0,
              -10
            ],
            "5.125": [
              0,
              0,
              -10
            ],
            "5.6667": [
              0,
              0,
              -5.66
            ]
          },
          "scale": {
            "0.5": [
              1,
              1,
              1
            ],
            "0.625": [
              1,
              1,
              0
            ],
            "0.75": [
              1,
              1,
              0
            ],
            "0.875": [
              1,
              1,
              1
            ],
            "2.625": [
              1,
              1,
              1
            ],
            "2.75": [
              1,
              1,
              0
            ],
            "2.875": [
              1,
              1,
              0
            ],
            "3.0": [
              1,
              1,
              1
            ],
            "4.75": [
              1,
              1,
              1
            ],
            "4.875": [
              1,
              1,
              0
            ],
            "5.0": [
              1,
              1,
              0
            ],
            "5.125": [
              1,
              1,
              1
            ]
          }
        },
        "treadmill_12": {
          "position": {
            "0.0": [
              0,
              0,
              0
            ],
            "0.5": [
              0,
              0,
              4
            ],
            "0.625": [
              0,
              0,
              -11
            ],
            "0.75": [
              0,
              0,
              -11
            ],
            "2.625": [
              0,
              0,
              4
            ],
            "2.75": [
              0,
              0,
              -11
            ],
            "2.875": [
              0,
              0,
              -11
            ],
            "4.75": [
              0,
              0,
              4
            ],
            "4.875": [
              0,
              0,
              -11
            ],
            "5.0": [
              0,
              0,
              -11
            ],
            "5.6667": [
              0,
              0,
              -5.66
            ]
          },
          "scale": {
            "0.375": [
              1,
              1,
              1
            ],
            "0.5": [
              1,
              1,
              0
            ],
            "0.625": [
              1,
              1,
              0
            ],
            "0.75": [
              1,
              1,
              1
            ],
            "2.5": [
              1,
              1,
              1
            ],
            "2.625": [
              1,
              1,
              0
            ],
            "2.75": [
              1,
              1,
              0
            ],
            "2.875": [
              1,
              1,
              1
            ],
            "4.625": [
              1,
              1,
              1
            ],
            "4.75": [
              1,
              1,
              0
            ],
            "4.875": [
              1,
              1,
              0
            ],
            "5.0": [
              1,
              1,
              1
            ]
          }
        },
        "treadmill_13": {
          "position": {
            "0.0": [
              0,
              0,
              0
            ],
            "0.375": [
              0,
              0,
              3
            ],
            "0.5": [
              0,
              0,
              -12
            ],
            "0.625": [
              0,
              0,
              -12
            ],
            "2.5": [
              0,
              0,
              3
            ],
            "2.625": [
              0,
              0,
              -12
            ],
            "2.75": [
              0,
              0,
              -12
            ],
            "4.625": [
              0,
              0,
              3
            ],
            "4.75": [
              0,
              0,
              -12
            ],
            "4.875": [
              0,
              0,
              -12
            ],
            "5.6667": [
              0,
              0,
              -5.66
            ]
          },
          "scale": {
            "0.25": [
              1,
              1,
              1
            ],
            "0.375": [
              1,
              1,
              0
            ],
            "0.5": [
              1,
              1,
              0
            ],
            "0.625": [
              1,
              1,
              1
            ],
            "2.375": [
              1,
              1,
              1
            ],
            "2.5": [
              1,
              1,
              0
            ],
            "2.625": [
              1,
              1,
              0
            ],
            "2.75": [
              1,
              1,
              1
            ],
            "4.5": [
              1,
              1,
              1
            ],
            "4.625": [
              1,
              1,
              0
            ],
            "4.75": [
              1,
              1,
              0
            ],
            "4.875": [
              1,
              1,
              1
            ]
          }
        },
        "treadmill_14": {
          "position": {
            "0.0": [
              0,
              0,
              0
            ],
            "0.25": [
              0,
              0,
              2
            ],
            "0.375": [
              0,
              0,
              -13
            ],
            "0.5": [
              0,
              0,
              -13
            ],
            "2.375": [
              0,
              0,
              2
            ],
            "2.5": [
              0,
              0,
              -13
            ],
            "2.625": [
              0,
              0,
              -13
            ],
            "4.5": [
              0,
              0,
              2
            ],
            "4.625": [
              0,
              0,
              -13
            ],
            "4.75": [
              0,
              0,
              -13
            ],
            "5.6667": [
              0,
              0,
              -5.66
            ]
          },
          "scale": {
            "0.125": [
              1,
              1,
              1
            ],
            "0.25": [
              1,
              1,
              0
            ],
            "0.375": [
              1,
              1,
              0
            ],
            "0.5": [
              1,
              1,
              1
            ],
            "2.25": [
              1,
              1,
              1
            ],
            "2.375": [
              1,
              1,
              0
            ],
            "2.5": [
              1,
              1,
              0
            ],
            "2.625": [
              1,
              1,
              1
            ],
            "4.375": [
              1,
              1,
              1
            ],
            "4.5": [
              1,
              1,
              0
            ],
            "4.625": [
              1,
              1,
              0
            ],
            "4.75": [
              1,
              1,
              1
            ]
          }
        },
        "treadmill_15": {
          "position": {
            "0.0": [
              0,
              0,
              0
            ],
            "0.125": [
              0,
              0,
              1
            ],
            "0.25": [
              0,
              0,
              -14
            ],
            "0.375": [
              0,
              0,
              -14
            ],
            "2.25": [
              0,
              0,
              1
            ],
            "2.375": [
              0,
              0,
              -14
            ],
            "2.5": [
              0,
              0,
              -14
            ],
            "4.375": [
              0,
              0,
              1
            ],
            "4.5": [
              0,
              0,
              -14
            ],
            "4.625": [
              0,
              0,
              -14
            ],
            "5.6667": [
              0,
              0,
              -5.66
            ]
          },
          "scale": {
            "0.0": [
              1,
              1,
              1
            ],
            "0.125": [
              1,
              1,
              0
            ],
            "0.25": [
              1,
              1,
              0
            ],
            "0.375": [
              1,
              1,
              1
            ],
            "2.125": [
              1,
              1,
              1
            ],
            "2.25": [
              1,
              1,
              0
            ],
            "2.375": [
              1,
              1,
              0
            ],
            "2.5": [
              1,
              1,
              1
            ],
            "4.25": [
              1,
              1,
              1
            ],
            "4.375": [
              1,
              1,
              0
            ],
            "4.5": [
              1,
              1,
              0
            ],
            "4.625": [
              1,
              1,
              1
            ]
          }
        },
        "treadmill_16": {
          "position": {
            "0.0": [
              0,
              0,
              -15
            ],
            "0.125": [
              0,
              0,
              -15
            ],
            "0.25": [
              0,
              0,
              -15
            ],
            "2.125": [
              0,
              0,
              0
            ],
            "2.25": [
              0,
              0,
              -15
            ],
            "2.375": [
              0,
              0,
              -15
            ],
            "4.25": [
              0,
              0,
              0
            ],
            "4.375": [
              0,
              0,
              -15
            ],
            "4.5": [
              0,
              0,
              -15
            ],
            "5.6667": [
              0,
              0,
              -5.66
            ]
          },
          "scale": {
            "0.0": [
              1,
              1,
              0
            ],
            "0.125": [
              1,
              1,
              0
            ],
            "0.25": [
              1,
              1,
              1
            ],
            "2.0": [
              1,
              1,
              1
            ],
            "2.125": [
              1,
              1,
              0
            ],
            "2.25": [
              1,
              1,
              0
            ],
            "2.375": [
              1,
              1,
              1
            ],
            "4.125": [
              1,
              1,
              1
            ],
            "4.25": [
              1,
              1,
              0
            ],
            "4.375": [
              1,
              1,
              0
            ],
            "4.5": [
              1,
              1,
              1
            ]
          }
        },
        "treadmill_17": {
          "position": {
            "0.0": [
              0,
              0,
              -16
            ],
            "0.125": [
              0,
              0,
              -16
            ],
            "2.0": [
              0,
              0,
              -1
            ],
            "2.125": [
              0,
              0,
              -16
            ],
            "2.25": [
              0,
              0,
              -16
            ],
            "4.125": [
              0,
              0,
              -1
            ],
            "4.25": [
              0,
              0,
              -16
            ],
            "4.375": [
              0,
              0,
              -16
            ],
            "5.6667": [
              0,
              0,
              -5.66
            ]
          },
          "scale": {
            "0.0": [
              1,
              1,
              0
            ],
            "0.125": [
              1,
              1,
              1
            ],
            "1.875": [
              1,
              1,
              1
            ],
            "2.0": [
              1,
              1,
              0
            ],
            "2.125": [
              1,
              1,
              0
            ],
            "2.25": [
              1,
              1,
              1
            ],
            "4.0": [
              1,
              1,
              1
            ],
            "4.125": [
              1,
              1,
              0
            ],
            "4.25": [
              1,
              1,
              0
            ],
            "4.375": [
              1,
              1,
              1
            ]
          }
        },
        "treadmill_2": {
          "position": {
            "0.0": [
              0,
              0,
              0
            ],
            "1.75": [
              0,
              0,
              14
            ],
            "1.875": [
              0,
              0,
              -1
            ],
            "2.0": [
              0,
              0,
              -1
            ],
            "3.875": [
              0,
              0,
              14
            ],
            "4.0": [
              0,
              0,
              -1
            ],
            "4.125": [
              0,
              0,
              -1
            ],
            "5.6667": [
              0,
              0,
              11.33
            ]
          },
          "scale": {
            "1.625": [
              1,
              1,
              1
            ],
            "1.75": [
              1,
              1,
              0
            ],
            "1.875": [
              1,
              1,
              0
            ],
            "2.0": [
              1,
              1,
              1
            ],
            "3.75": [
              1,
              1,
              1
            ],
            "3.875": [
              1,
              1,
              0
            ],
            "4.0": [
              1,
              1,
              0
            ],
            "4.125": [
              1,
              1,
              1
            ],
            "5.6667": [
              1,
              1,
              1
            ]
          }
        },
        "treadmill_3": {
          "position": {
            "0.0": [
              0,
              0,
              0
            ],
            "1.625": [
              0,
              0,
              13
            ],
            "1.75": [
              0,
              0,
              -2
            ],
            "1.875": [
              0,
              0,
              -2
            ],
            "3.75": [
              0,
              0,
              13
            ],
            "3.875": [
              0,
              0,
              -2
            ],
            "4.0": [
              0,
              0,
              -2
            ],
            "5.6667": [
              0,
              0,
              11.33
            ]
          },
          "scale": {
            "1.5": [
              1,
              1,
              1
            ],
            "1.625": [
              1,
              1,
              0
            ],
            "1.75": [
              1,
              1,
              0
            ],
            "1.875": [
              1,
              1,
              1
            ],
            "3.625": [
              1,
              1,
              1
            ],
            "3.75": [
              1,
              1,
              0
            ],
            "3.875": [
              1,
              1,
              0
            ],
            "4.0": [
              1,
              1,
              1
            ],
            "5.6667": [
              1,
              1,
              1
            ]
          }
        },
        "treadmill_4": {
          "position": {
            "0.0": [
              0,
              0,
              0
            ],
            "1.5": [
              0,
              0,
              12
            ],
            "1.625": [
              0,
              0,
              -3
            ],
            "1.75": [
              0,
              0,
              -3
            ],
            "3.625": [
              0,
              0,
              12
            ],
            "3.75": [
              0,
              0,
              -3
            ],
            "3.875": [
              0,
              0,
              -3
            ],
            "5.6667": [
              0,
              0,
              11.33
            ]
          },
          "scale": {
            "1.375": [
              1,
              1,
              1
            ],
            "1.5": [
              1,
              1,
              0
            ],
            "1.625": [
              1,
              1,
              0
            ],
            "1.75": [
              1,
              1,
              1
            ],
            "3.5": [
              1,
              1,
              1
            ],
            "3.625": [
              1,
              1,
              0
            ],
            "3.75": [
              1,
              1,
              0
            ],
            "3.875": [
              1,
              1,
              1
            ],
            "5.625": [
              1,
              1,
              1
            ],
            "5.6667": [
              1,
              1,
              0.666
            ]
          }
        },
        "treadmill_5": {
          "position": {
            "0.0": [
              0,
              0,
              0
            ],
            "1.375": [
              0,
              0,
              11
            ],
            "1.5": [
              0,
              0,
              -4
            ],
            "1.625": [
              0,
              0,
              -4
            ],
            "3.5": [
              0,
              0,
              11
            ],
            "3.625": [
              0,
              0,
              -4
            ],
            "3.75": [
              0,
              0,
              -4
            ],
            "5.6667": [
              0,
              0,
              11.33
            ]
          },
          "scale": {
            "1.25": [
              1,
              1,
              1
            ],
            "1.375": [
              1,
              1,
              0
            ],
            "1.5": [
              1,
              1,
              0
            ],
            "1.625": [
              1,
              1,
              1
            ],
            "3.375": [
              1,
              1,
              1
            ],
            "3.5": [
              1,
              1,
              0
            ],
            "3.625": [
              1,
              1,
              0
            ],
            "3.75": [
              1,
              1,
              1
            ],
            "5.5": [
              1,
              1,
              1
            ],
            "5.625": [
              1,
              1,
              0
            ]
          }
        },
        "treadmill_6": {
          "position": {
            "0.0": [
              0,
              0,
              0
            ],
            "1.25": [
              0,
              0,
              10
            ],
            "1.375": [
              0,
              0,
              -5
            ],
            "1.5": [
              0,
              0,
              -5
            ],
            "3.375": [
              0,
              0,
              10
            ],
            "3.5": [
              0,
              0,
              -5
            ],
            "3.625": [
              0,
              0,
              -5
            ],
            "5.5": [
              0,
              0,
              10
            ],
            "5.6667": [
              0,
              0,
              -5.66
            ]
          },
          "scale": {
            "1.125": [
              1,
              1,
              1
            ],
            "1.25": [
              1,
              1,
              0
            ],
            "1.375": [
              1,
              1,
              0
            ],
            "1.5": [
              1,
              1,
              1
            ],
            "3.25": [
              1,
              1,
              1
            ],
            "3.375": [
              1,
              1,
              0
            ],
            "3.5": [
              1,
              1,
              0
            ],
            "3.625": [
              1,
              1,
              1
            ],
            "5.375": [
              1,
              1,
              1
            ],
            "5.5": [
              1,
              1,
              0
            ]
          }
        },
        "treadmill_7": {
          "position": {
            "0.0": [
              0,
              0,
              0
            ],
            "1.125": [
              0,
              0,
              9
            ],
            "1.25": [
              0,
              0,
              -6
            ],
            "1.375": [
              0,
              0,
              -6
            ],
            "3.25": [
              0,
              0,
              9
            ],
            "3.375": [
              0,
              0,
              -6
            ],
            "3.5": [
              0,
              0,
              -6
            ],
            "5.375": [
              0,
              0,
              9
            ],
            "5.5": [
              0,
              0,
              -6
            ],
            "5.625": [
              0,
              0,
              -6
            ],
            "5.6667": [
              0,
              0,
              -5.66
            ]
          },
          "scale": {
            "1.0": [
              1,
              1,
              1
            ],
            "1.125": [
              1,
              1,
              0
            ],
            "1.25": [
              1,
              1,
              0
            ],
            "1.375": [
              1,
              1,
              1
            ],
            "3.125": [
              1,
              1,
              1
            ],
            "3.25": [
              1,
              1,
              0
            ],
            "3.375": [
              1,
              1,
              0
            ],
            "3.5": [
              1,
              1,
              1
            ],
            "5.25": [
              1,
              1,
              1
            ],
            "5.375": [
              1,
              1,
              0
            ],
            "5.5": [
              1,
              1,
              0
            ],
            "5.625": [
              1,
              1,
              1
            ]
          }
        },
        "treadmill_8": {
          "position": {
            "0.0": [
              0,
              0,
              0
            ],
            "1.0": [
              0,
              0,
              8
            ],
            "1.125": [
              0,
              0,
              -7
            ],
            "1.25": [
              0,
              0,
              -7
            ],
            "3.125": [
              0,
              0,
              8
            ],
            "3.25": [
              0,
              0,
              -7
            ],
            "3.375": [
              0,
              0,
              -7
            ],
            "5.25": [
              0,
              0,
              8
            ],
            "5.375": [
              0,
              0,
              -7
            ],
            "5.5": [
              0,
              0,
              -7
            ],
            "5.6667": [
              0,
              0,
              -5.66
            ]
          },
          "scale": {
            "0.875": [
              1,
              1,
              1
            ],
            "1.0": [
              1,
              1,
              0
            ],
            "1.125": [
              1,
              1,
              0
            ],
            "1.25": [
              1,
              1,
              1
            ],
            "3.0": [
              1,
              1,
              1
            ],
            "3.125": [
              1,
              1,
              0
            ],
            "3.25": [
              1,
              1,
              0
            ],
            "3.375": [
              1,
              1,
              1
            ],
            "5.125": [
              1,
              1,
              1
            ],
            "5.25": [
              1,
              1,
              0
            ],
            "5.375": [
              1,
              1,
              0
            ],
            "5.5": [
              1,
              1,
              1
            ]
          }
        },
        "treadmill_9": {
          "position": {
            "0.0": [
              0,
              0,
              0
            ],
            "0.875": [
              0,
              0,
              7
            ],
            "1.0": [
              0,
              0,
              -8
            ],
            "1.125": [
              0,
              0,
              -8
            ],
            "3.0": [
              0,
              0,
              7
            ],
            "3.125": [
              0,
              0,
              -8
            ],
            "3.25": [
              0,
              0,
              -8
            ],
            "5.125": [
              0,
              0,
              7
            ],
            "5.25": [
              0,
              0,
              -8
            ],
            "5.375": [
              0,
              0,
              -8
            ],
            "5.6667": [
              0,
              0,
              -5.66
            ]
          },
          "scale": {
            "0.75": [
              1,
              1,
              1
            ],
            "0.875": [
              1,
              1,
              0
            ],
            "1.0": [
              1,
              1,
              0
            ],
            "1.125": [
              1,
              1,
              1
            ],
            "2.875": [
              1,
              1,
              1
            ],
            "3.0": [
              1,
              1,
              0
            ],
            "3.125": [
              1,
              1,
              0
            ],
            "3.25": [
              1,
              1,
              1
            ],
            "5.0": [
              1,
              1,
              1
            ],
            "5.125": [
              1,
              1,
              0
            ],
            "5.25": [
              1,
              1,
              0
            ],
            "5.375": [
              1,
              1,
              1
            ]
          }
        },
        "wall_a": {
          "position": {
            "0.0": [
              -17,
              0,
              0
            ],
            "3.75": [
              -17,
              0,
              15
            ],
            "5.6667": [
              -17,
              0,
              31.75
            ]
          },
          "scale": {
            "3.625": [
              0,
              0,
              0
            ],
            "3.7083": [
              1,
              1,
              0
            ],
            "3.75": [
              1,
              1,
              1
            ],
            "5.4583": [
              1,
              1,
              1
            ],
            "5.5833": [
              1,
              1,
              0
            ],
            "5.6667": [
              0,
              0,
              0
            ]
          }
        },
        "wall_b": {
          "position": {
            "0.0": [
              -18,
              0,
              -10
            ],
            "1.9167": [
              -18,
              0,
              -1
            ],
            "3.75": [
              -18,
              0,
              13.75
            ]
          },
          "scale": {
            "1.9167": [
              0,
              0,
              0
            ],
            "1.9583": [
              1,
              1,
              1
            ],
            "3.6667": [
              1,
              1,
              1
            ],
            "3.75": [
              0,
              0,
              0
            ]
          }
        },
        "wall_c": {
          "position": {
            "0.0": [
              -18,
              0,
              -8
            ],
            "1.9167": [
              -18,
              0,
              7.25
            ]
          },
          "scale": {
            "1.75": [
              1,
              1,
              1
            ],
            "1.9167": [
              1,
              1,
              0
            ],
            "1.9583": [
              0,
              0,
              0
            ]
          }
        }
      },
      "loop": true
    }
  },
  "format_version": "1.8.0"
}