{
  "animations": {
    "animation.gravestone.witchesrest.idle": {
      "animation_length": 3.25,
      "bones": {
        "bone": {
          "rotation": {
            "0.0": [
              -45,
              0,
              0
            ],
            "0.4583": [
              -42.5,
              0,
              0
            ],
            "0.625": [
              -37.5,
              0,
              0
            ],
            "1.0833": [
              -45,
              0,
              0
            ],
            "1.5417": [
              -42.5,
              0,
              0
            ],
            "1.7083": [
              -37.5,
              0,
              0
            ],
            "2.1667": [
              -45,
              0,
              0
            ],
            "2.625": [
              -42.5,
              0,
              0
            ],
            "2.7917": [
              -37.5,
              0,
              0
            ],
            "3.25": [
              -45,
              0,
              0
            ]
          }
        },
        "bone4": {
          "rotation": {
            "1.5": [
              0,
              0,
              0
            ],
            "2.0": [
              -42.5,
              0,
              0
            ],
            "2.1667": [
              -47.5,
              0,
              0
            ],
            "2.3333": [
              -42.5,
              0,
              0
            ],
            "2.75": [
              0,
              0,
              0
            ]
          }
        },
        "bone5": {
          "rotation": {
            "1.5": [
              0,
              0,
              0
            ],
            "2.1667": [
              -50,
              0,
              0
            ],
            "2.75": [
              0,
              0,
              0
            ]
          }
        },
        "bone6": {
          "rotation": {
            "0.375": [
              0,
              0,
              0
            ],
            "0.875": [
              -22.5,
              0,
              37.5
            ],
            "1.0417": [
              -22.5,
              0,
              42.5
            ],
            "1.2083": [
              -22.5,
              0,
              37.5
            ],
            "1.625": [
              0,
              0,
              0
            ]
          }
        },
        "bone7": {
          "rotation": {
            "0.375": [
              0,
              0,
              0
            ],
            "1.0417": [
              0,
              0,
              37.5
            ],
            "1.875": [
              0,
              0,
              0
            ]
          }
        },
        "head": {
          "rotation": {
            "0.0": [
              27.5,
              0,
              0
            ],
            "0.4583": [
              7.5,
              0,
              0
            ],
            "0.625": [
              5,
              0,
              0
            ],
            "1.0833": [
              27.5,
              0,
              0
            ],
            "1.5417": [
              7.5,
              0,
              0
            ],
            "1.7083": [
              5,
              0,
              0
            ],
            "2.1667": [
              27.5,
              0,
              0
            ],
            "2.625": [
              7.5,
              0,
              0
            ],
            "2.7917": [
              5,
              0,
              0
            ],
            "3.25": [
              27.5,
              0,
              0
            ]
          }
        },
        "paw2": {
          "rotation": {
            "1.0": [
              0,
              0,
              0
            ],
            "1.2917": [
              -9.97613,
              0.69405,
              3.93942
            ],
            "1.5": [
              -13.96233,
              0.93545,
              4.90995
            ],
            "1.7083": [
              -9.97613,
              0.69405,
              3.93942
            ],
            "2.0417": [
              0,
              0,
              0
            ]
          }
        },
        "tounge": {
          "position": {
            "0.625": [
              0,
              0,
              0
            ],
            "1.0": [
              0,
              0.4,
              0.4
            ],
            "1.0833": [
              0,
              0,
              0
            ],
            "1.7083": [
              0,
              0,
              0
            ],
            "2.0833": [
              0,
              0.4,
              0.4
            ],
            "2.1667": [
              0,
              0,
              0
            ],
            "2.7917": [
              0,
              0,
              0
            ],
            "3.1667": [
              0,
              0.4,
              0.4
            ],
            "3.25": [
              0,
              0,
              0
            ]
          },
          "rotation": {
            "0.0": [
              10,
              0,
              0
            ],
            "0.4583": [
              10,
              0,
              0
            ],
            "0.625": [
              -40.96,
              0,
              0
            ],
            "1.0": [
              -50,
              0,
              0
            ],
            "1.0833": [
              10,
              0,
              0
            ],
            "1.5417": [
              10,
              0,
              0
            ],
            "1.7083": [
              -40.96,
              0,
              0
            ],
            "2.0833": [
              -50,
              0,
              0
            ],
            "2.1667": [
              10,
              0,
              0
            ],
            "2.625": [
              10,
              0,
              0
            ],
            "2.7917": [
              -40.96,
              0,
              0
            ],
            "3.1667": [
              -50,
              0,
              0
            ],
            "3.25": [
              10,
              0,
              0
            ]
          }
        }
      },
      "loop": true
    }
  },
  "format_version": "1.8.0"
}