{
  "generated_contents_left": {
    "anchor_from": "center",
    "anchor_to": "center",
    "bindings": [
      {
        "binding_name": "#custom_form_length",
        "binding_name_override": "#collection_length"
      }
    ],
    "collection_name": "custom_form",
    "factory": {
      "control_ids": {
        "dropdown": "@base_menu.custom_dropdown",
        "input": "@base_menu.custom_input",
        "slider": "@server_form.custom_slider",
        "step_slider": "@server_form.custom_step_slider",
        "toggle": "@base_menu.custom_toggle"
      },
      "name": "buttons"
    },
    "offset": [
      16.5,
      1.5
    ],
    "orientation": "vertical",
    "size": [
      "100%",
      "100%c"
    ],
    "type": "stack_panel"
  },
  "generated_contents_right": {
    "anchor_from": "center",
    "anchor_to": "center",
    "bindings": [
      {
        "binding_name": "#custom_form_length",
        "binding_name_override": "#collection_length"
      }
    ],
    "collection_name": "custom_form",
    "factory": {
      "control_ids": {
        "label": "@base_menu.custom_label"
      },
      "name": "buttons"
    },
    "offset": [
      16.5,
      1.5
    ],
    "orientation": "vertical",
    "size": [
      "100%",
      "100%c"
    ],
    "type": "stack_panel"
  },
  "left_scroll_indent_image@base_menu.scroll_indent_image": {
    "offset": [
      0,
      -3.5
    ],
    "size": [
      12,
      "100% - 4px"
    ]
  },
  "left_scrollbar_box_image@base_menu.scrollbar_box_image": {
    "offset": [
      0,
      -3.5
    ],
    "size": [
      8,
      "100% - 8px"
    ]
  },
  "main_panel": {
    "anchor_from": "center",
    "anchor_to": "center",
    "controls": [
      {
        "header@base_menu.header_panel": {
          "$default_close_button_texture": "textures/ui/plutonium/back_button",
          "$hover_close_button_texture": "textures/ui/plutonium/hover_back_button",
          "$pressed_close_button_texture": "textures/ui/plutonium/pressed_back_button",
          "anchor_from": "top_middle",
          "anchor_to": "top_middle",
          "max_size": [
            "100% - 4px",
            20
          ]
        }
      },
      {
        "body": {
          "anchor_from": "center",
          "anchor_to": "center",
          "controls": [
            {
              "left_panel": {
                "controls": [
                  {
                    "background@base_menu.panel_background": {
                      "$background_color": [
                        0.1176470588235294,
                        0.1176470588235294,
                        0.1176470588235294
                      ],
                      "size": [
                        "100% - 2px",
                        "100% - 2px"
                      ]
                    }
                  },
                  {
                    "outline@base_menu.panel_outline": {
                      "$outline_color": [
                        0.1568627450980392,
                        0.1568627450980392,
                        0.1725490196078431
                      ],
                      "size": [
                        "100%",
                        "100%"
                      ]
                    }
                  },
                  {
                    "scrolling_panel@base_menu.scrolling_panel": {
                      "$scroll_background_image_control": "explication.left_scroll_indent_image",
                      "$scroll_box_mouse_image_control": "explication.left_scrollbar_box_image",
                      "$scroll_box_touch_image_control": "explication.left_scrollbar_box_image",
                      "$scroll_track_image_control": "explication.left_scroll_indent_image",
                      "$scrolling_content": "explication.generated_contents_left",
                      "offset": [
                        -2,
                        2.5
                      ],
                      "size": [
                        "97% + 5px",
                        "100%"
                      ]
                    }
                  }
                ],
                "offset": [
                  -68,
                  -3.5
                ],
                "size": [
                  200,
                  "85%"
                ],
                "type": "panel"
              }
            },
            {
              "right_panel": {
                "controls": [
                  {
                    "background@base_menu.panel_background": {
                      "$background_color": [
                        0.1176470588235294,
                        0.1176470588235294,
                        0.1176470588235294
                      ],
                      "offset": [
                        102.25,
                        -3
                      ],
                      "size": [
                        "100% - 2px",
                        "100% - 2px"
                      ]
                    }
                  },
                  {
                    "outline@base_menu.panel_outline": {
                      "$outline_color": [
                        0.1568627450980392,
                        0.1568627450980392,
                        0.1725490196078431
                      ],
                      "offset": [
                        102.25,
                        -3
                      ],
                      "size": [
                        "100%",
                        "100%"
                      ]
                    }
                  },
                  {
                    "scrolling_panel@base_menu.scrolling_panel": {
                      "$scroll_background_image_control": "explication.right_scroll_indent_image",
                      "$scroll_box_mouse_image_control": "explication.right_scrollbar_box_image",
                      "$scroll_box_touch_image_control": "explication.right_scrollbar_box_image",
                      "$scroll_track_image_control": "explication.right_scroll_indent_image",
                      "$scrolling_content": "explication.generated_contents_right",
                      "offset": [
                        95,
                        0
                      ],
                      "size": [
                        "100% + 6px",
                        "97%"
                      ]
                    }
                  }
                ],
                "offset": [
                  0,
                  12
                ],
                "size": [
                  "100% - 206px",
                  "100% - 2px"
                ],
                "type": "panel"
              }
            },
            {
              "submit_button@plutonium_buttons.classic_button": {
                "$button_font_scale_factor": 0.9,
                "$button_text": "Envoyer",
                "$pressed_button_name": "button.submit_custom_form",
                "anchor_from": "bottom_middle",
                "anchor_to": "bottom_middle",
                "offset": [
                  -68,
                  8
                ],
                "size": [
                  200,
                  21
                ]
              }
            }
          ],
          "size": [
            "90% + 4.5px",
            "100% - 24px"
          ],
          "type": "panel"
        }
      }
    ],
    "size": [
      375,
      205
    ],
    "type": "panel"
  },
  "namespace": "explication",
  "right_scroll_indent_image@base_menu.scroll_indent_image": {
    "size": [
      12,
      "100% - 4px"
    ]
  },
  "right_scrollbar_box_image@base_menu.scrollbar_box_image": {
    "size": [
      8,
      "100% - 8px"
    ]
  }
}