{
  "main_panel": {
    "anchor_from": "center",
    "anchor_to": "center",
    "controls": [
      {
        "header@base_menu.header_panel": {
          "$default_close_button_texture": "textures/ui/plutonium/back_button",
          "$hover_close_button_texture": "textures/ui/plutonium/hover_back_button",
          "$pressed_close_button_texture": "textures/ui/plutonium/pressed_back_button",
          "anchor_from": "top_middle",
          "anchor_to": "top_middle",
          "max_size": [
            "100% - 4px",
            20
          ]
        }
      },
      {
        "body": {
          "anchor_from": "center",
          "anchor_to": "center",
          "controls": [
            {
              "background": {
                "anchor_from": "top_middle",
                "anchor_to": "top_middle",
                "color": [
                  0.1176470588235294,
                  0.1176470588235294,
                  0.1176470588235294
                ],
                "fill": true,
                "layer": 2,
                "offset": [
                  0.25,
                  11
                ],
                "size": [
                  "100% - 4px",
                  "100% - 27.75px"
                ],
                "texture": "textures/ui/plutonium/background",
                "type": "image"
              }
            },
            {
              "outline": {
                "anchor_from": "top_middle",
                "anchor_to": "top_middle",
                "color": [
                  0.1568627450980392,
                  0.1568627450980392,
                  0.1725490196078431
                ],
                "fill": true,
                "layer": 3,
                "offset": [
                  0.25,
                  10
                ],
                "size": [
                  "100% - 2px",
                  "100% - 25.75px"
                ],
                "texture": "textures/ui/plutonium/rounded_outline",
                "type": "image"
              }
            },
            {
              "generated_contents": {
                "anchor_from": "center",
                "anchor_to": "center",
                "bindings": [
                  {
                    "binding_name": "#custom_form_length",
                    "binding_name_override": "#collection_length"
                  }
                ],
                "collection_name": "custom_form",
                "factory": {
                  "control_ids": {
                    "input": "@base_menu.custom_input"
                  },
                  "name": "buttons"
                },
                "layer": 4,
                "offset": [
                  16.5,
                  -1.25
                ],
                "orientation": "vertical",
                "size": [
                  "100%",
                  "100%c"
                ],
                "type": "stack_panel"
              }
            },
            {
              "submit_button@plutonium_buttons.classic_button": {
                "$button_font_scale_factor": 0.9,
                "$button_text": "Rechercher",
                "$pressed_button_name": "button.submit_custom_form",
                "anchor_from": "bottom_middle",
                "anchor_to": "bottom_middle",
                "offset": [
                  0,
                  8.5
                ],
                "size": [
                  150,
                  20
                ]
              }
            }
          ],
          "size": [
            "90% + 4.5px",
            "100% - 24px"
          ],
          "type": "panel"
        }
      }
    ],
    "size": [
      375,
      100
    ],
    "type": "panel"
  },
  "namespace": "research"
}