{
	"format_version": "1.8.0",
	"animations": {
		"animation.dynamite.first_person_hold": {
			"loop": true,
			"animation_length": 0.66667,
			"bones": {
				"root_item": {
					"rotation": [90, 56, -32],
					"position": [-3, 24, 2],
					"scale": [0.8, 0.8, 1]
				}
			}
		},
		"animation.dynamite.third_person_hold": {
			"loop": true,
			"bones": {
				"root_item": {
					"rotation": [90, 27.5, 90],
					"position": [0.5, 20, -0.5],
					"scale": 0.85
				}
			}
		}
	}
}