{
  "format_version": "1.8.0",
  "minecraft:client_entity": {
    "description": {
      "animation_controllers": [
        {
          "general": "controller.animation.question.general"
        }
      ],
      "animations": {
        "hover": "animation.question.hover"
      },
      "geometry": {
        "default": "geometry.question"
      },
      "identifier": "core:question",
      "materials": {
        "default": "translucence"
      },
      "render_controllers": [
        "controller.render.translucence"
      ],
      "textures": {
        "default": "textures/entity/core/question"
      }
    }
  }
}