{
  "animations": {
    "animation.effect.kill.shatter.dynamic": {
      "animation_length": 2.56,
      "bones": {
        "body": {
          "position": {
            "0.0": [
              0,
              0,
              0
            ],
            "0.28": [
              "math.sin(query.variant)*17",
              -4,
              "math.cos(query.variant)*17"
            ],
            "0.56": [
              "math.sin(query.variant)*30",
              -12,
              "math.cos(query.variant)*30"
            ],
            "0.84": [
              "math.sin(query.variant)*45",
              -22.25,
              "math.cos(query.variant)*45"
            ],
            "1.48": [
              "math.sin(query.variant)*50",
              -22.25,
              "math.cos(query.variant)*50"
            ],
            "2.56": [
              "math.sin(query.variant)*50",
              -22.25,
              "math.cos(query.variant)*50"
            ]
          },
          "rotation": {
            "0.0": [
              0,
              0,
              0
            ],
            "0.28": [
              -5,
              "query.variant > 90 ? (query.variant - 180) : (query.variant)",
              0
            ],
            "0.56": [
              -20,
              "query.variant > 90 ? (query.variant - 180) : (query.variant)",
              0
            ],
            "0.84": [
              -90,
              "query.variant > 90 ? (query.variant - 180) : (query.variant)",
              0
            ]
          }
        },
        "head": {
          "position": {
            "0.0": [
              0,
              0,
              0
            ],
            "0.52": [
              "math.sin(query.variant-15)*20",
              1.25,
              "math.cos(query.variant-15)*20"
            ],
            "1.0": [
              "math.sin(query.variant-15)*40",
              -23.5,
              "math.cos(query.variant-15)*40"
            ],
            "1.24": [
              "math.sin(query.variant-15)*40",
              -20.85,
              "math.cos(query.variant-15)*40"
            ],
            "1.56": [
              "math.sin(query.variant-15)*40",
              -19.95,
              "math.cos(query.variant-15)*40"
            ],
            "2.56": [
              "math.sin(query.variant-15)*40",
              -19.95,
              "math.cos(query.variant-15)*40"
            ]
          },
          "rotation": {
            "0.0": [
              0,
              0,
              0
            ],
            "0.52": [
              -184,
              "(query.variant-15) - ((query.variant-15) < 90 ? 0 : -180)",
              0
            ],
            "1.0": [
              -355,
              "(query.variant-15) - ((query.variant-15) < 90 ? 0 : -180)",
              0
            ],
            "1.24": [
              -405,
              "(query.variant-15) - ((query.variant-15) < 90 ? 0 : -180)",
              0
            ],
            "1.56": [
              -445,
              "(query.variant-15) - ((query.variant-15) < 90 ? 0 : -180)",
              0
            ],
            "2.56": [
              -445,
              "(query.variant-15) - ((query.variant-15) < 90 ? 0 : -180)",
              0
            ]
          }
        },
        "leftArm": {
          "position": {
            "0.0": [
              0,
              0,
              0
            ],
            "0.4": [
              "math.sin(query.variant+30)*13",
              -4.76,
              "math.cos(query.variant+30)*13"
            ],
            "0.92": [
              "math.sin(query.variant+30)*20",
              -18.66,
              "math.cos(query.variant+30)*20"
            ],
            "1.2": [
              "math.sin(query.variant+30)*21",
              -18.9,
              "math.cos(query.variant+30)*21"
            ]
          },
          "rotation": {
            "0.0": [
              0,
              0,
              0
            ],
            "0.92": [
              -102.5,
              0,
              66.05
            ],
            "1.2": [
              -102.5,
              0,
              90
            ],
            "2.56": [
              -102.5,
              0,
              90
            ]
          }
        },
        "leftLeg": {
          "position": {
            "0.0": [
              0,
              0,
              0
            ],
            "0.28": [
              "math.sin(query.variant+15)*5",
              -2.9,
              "math.cos(query.variant+15)*5"
            ],
            "0.6": [
              "math.sin(query.variant+15)*9",
              -9.8,
              "math.cos(query.variant+15)*9"
            ],
            "0.84": [
              "math.sin(query.variant+15)*10",
              -9.8,
              "math.cos(query.variant+15)*10"
            ],
            "2.56": [
              "math.sin(query.variant+15)*10",
              -9.8,
              "math.cos(query.variant+15)*10"
            ]
          },
          "rotation": {
            "0.0": [
              0,
              0,
              0
            ],
            "0.6": [
              -80,
              "query.variant > 90 ? (query.variant - 180) : (query.variant)",
              0
            ],
            "2.56": [
              -80,
              "query.variant > 90 ? (query.variant - 180) : (query.variant)",
              0
            ]
          }
        },
        "rightArm": {
          "position": {
            "0.0": [
              0,
              0,
              0
            ],
            "0.4": [
              "math.sin(query.variant-30)*15",
              -3.3,
              "math.cos(query.variant-30)*15"
            ],
            "0.84": [
              "math.sin(query.variant-30)*26",
              -20,
              "math.cos(query.variant-30)*26"
            ],
            "1.08": [
              "math.sin(query.variant-30)*33",
              -20,
              "math.cos(query.variant-30)*33"
            ],
            "1.28": [
              "math.sin(query.variant-30)*35",
              -20,
              "math.cos(query.variant-30)*35"
            ],
            "1.6": [
              "math.sin(query.variant-30)*37",
              -20,
              "math.cos(query.variant-30)*37"
            ],
            "2.56": [
              "math.sin(query.variant-30)*37",
              -20,
              "math.cos(query.variant-30)*37"
            ]
          },
          "rotation": {
            "0.0": [
              0,
              0,
              0
            ],
            "0.84": [
              -95,
              -40,
              0
            ],
            "1.08": [
              -80,
              -40,
              0
            ],
            "2.56": [
              -80,
              -40,
              0
            ]
          }
        },
        "rightLeg": {
          "position": {
            "0.0": [
              0,
              0,
              0
            ],
            "0.32": [
              "math.sin(query.variant-15)*5",
              -1,
              "math.cos(query.variant-15)*5"
            ],
            "0.64": [
              "math.sin(query.variant-15)*10",
              -10,
              "math.cos(query.variant-15)*10"
            ],
            "0.72": [
              "math.sin(query.variant-15)*11",
              -10,
              "math.cos(query.variant-15)*11"
            ],
            "2.56": [
              "math.sin(query.variant-15)*11",
              -10,
              "math.cos(query.variant-15)*11"
            ]
          },
          "rotation": {
            "0.0": [
              0,
              0,
              0
            ],
            "0.44": [
              -72.97,
              "query.variant > 90 ? (query.variant - 180) : (query.variant)",
              0
            ],
            "0.64": [
              -102.5,
              "query.variant > 90 ? (query.variant - 180) : (query.variant)",
              0
            ],
            "2.56": [
              -102.5,
              "query.variant > 90 ? (query.variant - 180) : (query.variant)",
              0
            ]
          }
        },
        "root": {
          "rotation": {
            "0.0": [
              0,
              0,
              0
            ]
          }
        }
      }
    }
  },
  "format_version": "1.8.0"
}