{
  "animations": {
    "animation.effect.kill.shatter": {
      "animation_length": 1.92,
      "bones": {
        "Body": {
          "position": {
            "0.0": [
              0,
              0,
              0
            ],
            "0.28": [
              1.4,
              -5.27,
              16.4
            ],
            "0.56": [
              3,
              -12,
              30
            ],
            "0.84": [
              3,
              -16.25,
              38
            ],
            "1.36": [
              3,
              -16.25,
              43
            ],
            "1.6": [
              3,
              -16.25,
              44
            ],
            "1.76": [
              3,
              -16.25,
              44.5
            ]
          },
          "rotation": {
            "0.0": [
              0,
              0,
              0
            ],
            "0.56": [
              -20,
              0,
              0
            ],
            "0.84": [
              -90,
              0,
              0
            ]
          }
        },
        "Head": {
          "position": {
            "0.0": [
              0,
              0,
              0
            ],
            "0.52": {
              "lerp_mode": "catmullrom",
              "post": [
                -6.5,
                1.25,
                20
              ],
              "pre": [
                -6.5,
                1.25,
                20
              ]
            },
            "1.0": [
              -13,
              -23.5,
              40
            ],
            "1.24": [
              -13,
              -20.85,
              41.29
            ],
            "1.56": [
              -13,
              -19.95,
              43
            ],
            "1.92": [
              -13,
              -19.95,
              44.3
            ]
          },
          "rotation": {
            "0.0": [
              0,
              0,
              0
            ],
            "1.0": [
              -355,
              -22.5,
              0
            ],
            "1.24": [
              -405,
              -22.5,
              0
            ],
            "1.56": [
              -445,
              -22.5,
              0
            ]
          }
        },
        "LeftArm": {
          "position": {
            "0.0": [
              0,
              0,
              0
            ],
            "0.4": {
              "lerp_mode": "catmullrom",
              "post": [
                4.29,
                -4.76,
                13
              ],
              "pre": [
                4.29,
                -4.76,
                13
              ]
            },
            "0.84": [
              9,
              -18.4,
              21
            ],
            "0.92": [
              10.09,
              -18.66,
              21
            ],
            "1.04": [
              11.1,
              -18.9,
              21
            ],
            "1.2": [
              11.6,
              -18.9,
              21
            ]
          },
          "rotation": {
            "0.0": [
              0,
              0,
              0
            ],
            "0.84": [
              -102.5,
              0,
              50
            ],
            "0.92": [
              -102.5,
              0,
              66.05
            ],
            "1.04": [
              -102.5,
              0,
              90
            ]
          }
        },
        "LeftLeg": {
          "position": {
            "0.0": [
              0,
              0,
              0
            ],
            "0.28": {
              "lerp_mode": "catmullrom",
              "post": [
                4.5,
                -2.9,
                6.5
              ],
              "pre": [
                4.5,
                -2.9,
                6.5
              ]
            },
            "0.6": [
              8,
              -9.8,
              9
            ],
            "0.84": [
              8.3,
              -9.8,
              9.7
            ]
          },
          "rotation": {
            "0.0": [
              0,
              0,
              0
            ],
            "0.6": [
              -80,
              17.5,
              0
            ]
          }
        },
        "RightArm": {
          "position": {
            "0.0": [
              0,
              0,
              0
            ],
            "0.4": {
              "lerp_mode": "catmullrom",
              "post": [
                -12.88,
                -3.3,
                14.42
              ],
              "pre": [
                -12.88,
                -3.3,
                14.42
              ]
            },
            "0.84": [
              -25,
              -20,
              28
            ],
            "1.08": [
              -28,
              -20,
              33
            ],
            "1.28": [
              -29,
              -20,
              35
            ],
            "1.6": [
              -30,
              -20,
              37
            ]
          },
          "rotation": {
            "0.0": [
              0,
              0,
              0
            ],
            "0.84": [
              -95,
              -40,
              0
            ],
            "1.08": [
              -80,
              -40,
              0
            ]
          }
        },
        "RightLeg": {
          "position": {
            "0.0": [
              0,
              0,
              0
            ],
            "0.32": {
              "lerp_mode": "catmullrom",
              "post": [
                -5,
                -1,
                8
              ],
              "pre": [
                -5,
                -1,
                8
              ]
            },
            "0.64": [
              -10,
              -10,
              14
            ],
            "0.72": [
              -10.25,
              -10,
              14.25
            ]
          },
          "rotation": {
            "0.0": [
              0,
              0,
              0
            ],
            "0.44": {
              "lerp_mode": "catmullrom",
              "post": [
                -72.97,
                -10.31,
                0
              ],
              "pre": [
                -72.97,
                -10.31,
                0
              ]
            },
            "0.64": [
              -102.5,
              -15,
              0
            ]
          }
        }
      }
    }
  },
  "format_version": "1.8.0"
}