{
  "format_version": "1.14.0",
  "sound_definitions": {
    "win.music.3rd": {
      "category": "ui",
      "sounds": [
        "sounds/ui/win_music_3rd"
      ]
    },
    "win.music.aimwhere": {
      "category": "ui",
      "sounds": [
        "sounds/ui/win_music_aimwhere"
      ]
    },
    "win.music.blackandyellow": {
      "category": "ui",
      "sounds": [
        "sounds/ui/win_music_black_and_yellow"
      ]
    },
    "win.music.desertfire": {
      "category": "ui",
      "sounds": [
        "sounds/ui/win_music_desert_fire"
      ]
    },
    "win.music.ultimate": {
      "category": "ui",
      "sounds": [
        "sounds/ui/win_music_ultimate"
      ]
    }
  }
}