{"animations":{"animation.billboard.float":{"animation_length":10,"bones":{"Billboard":{"position":{"0.0":{"lerp_mode":"catmullrom","post":[0,0,0]},"1.0":{"lerp_mode":"catmullrom","post":[0,-2,0]},"10.0":{"lerp_mode":"catmullrom","post":[0,0,0]},"2.0":{"lerp_mode":"catmullrom","post":[0,0,0]},"3.0":{"lerp_mode":"catmullrom","post":[0,-2,0]},"4.0":{"lerp_mode":"catmullrom","post":[0,0,0]},"5.0":{"lerp_mode":"catmullrom","post":[0,-2,0]},"6.0":{"lerp_mode":"catmullrom","post":[0,0,0]},"7.0":{"lerp_mode":"catmullrom","post":[0,-2,0]},"8.0":{"lerp_mode":"catmullrom","post":[0,0,0]},"9.0":{"lerp_mode":"catmullrom","post":[0,-2,0]}}},"fan_l":{"rotation":{"0.0":{"lerp_mode":"catmullrom","post":[0,0,0]},"10.0":{"lerp_mode":"catmullrom","post":[0,"1440*6.5",0]}}},"fan_r":{"rotation":{"0.0":{"lerp_mode":"catmullrom","post":[0,0,0]},"10.0":{"lerp_mode":"catmullrom","post":[0,"1440*6.5",0]}}}},"loop":true,"override_previous_animation":true}},"format_version":"1.8.0"}