{"animations":{"animation.coppergolem.attack":{"animation_length":0.66667,"bones":{"arm1":{"rotation":{"0.0":[0,0,0],"0.0833":[-206,0,0],"0.5":[-211.75,0,0],"0.5417":[0,0,0],"0.5833":[9.75,0,0],"0.625":[-3.5,0,0]}},"arm2":{"rotation":{"0.0":[0,0,0],"0.0833":[-206,0,0],"0.5":[-211.75,0,0],"0.5417":[0,0,0],"0.5833":[9.75,0,0],"0.625":[-3.5,0,0]}},"body":{"rotation":{"0.0":[0,0,0],"0.125":[9.5,0,0],"0.375":[-12.5,0,0],"0.4583":[0,0,0],"0.5417":[7,0,0],"0.5833":[-2,0,0],"0.625":[2,0,0],"0.6667":[0,0,0]}},"head":{"rotation":{"0.0":{"lerp_mode":"catmullrom","post":[0,0,0]},"0.1667":{"lerp_mode":"catmullrom","post":[3.25,0,0]},"0.4167":{"lerp_mode":"catmullrom","post":[-7.25,0,0]},"0.5":{"lerp_mode":"catmullrom","post":[2.5,0,0]},"0.5417":{"lerp_mode":"catmullrom","post":[5.25,0,0]},"0.5833":{"lerp_mode":"catmullrom","post":[0.75,0,0]},"0.625":{"lerp_mode":"catmullrom","post":[5.25,0,0]},"0.6667":{"lerp_mode":"catmullrom","post":[0,0,0]}}},"rod_gear":{"position":{"0.0":{"lerp_mode":"catmullrom","post":[0,-0.775,0]},"0.3333":{"lerp_mode":"catmullrom","post":[0,0.245,0]},"0.5":{"lerp_mode":"catmullrom","post":[0,0.17,0]},"0.5417":{"lerp_mode":"catmullrom","post":[0,-0.775,0]},"0.5833":{"lerp_mode":"catmullrom","post":[0,-0.03,0]},"0.625":{"lerp_mode":"catmullrom","post":[0,-0.28,0]},"0.6667":{"lerp_mode":"catmullrom","post":[0,-0.775,0]}},"rotation":{"0.0":{"lerp_mode":"catmullrom","post":[0,0,0]},"0.3333":{"lerp_mode":"catmullrom","post":[0,198.25,0]},"0.5":{"lerp_mode":"catmullrom","post":[0,353,0]},"0.5417":{"lerp_mode":"catmullrom","post":[0,0,0]}}}},"loop":true},"animation.coppergolem.idle":{"animation_length":1.75,"bones":{"arm1":{"rotation":["math.sin(query.anim_time * 200) * 10",0,0]},"arm2":{"rotation":["math.sin(query.anim_time * 200) * 10",0,0]},"body":{"position":{"0.0":[0,"math.sin(query.anim_time * 200) * 0.2",0],"0.5":[0,"-0.2+math.sin(query.anim_time * 200) * 0.2",0],"1.0":[0,"math.sin(query.anim_time * 200) * 0.2",0],"1.4167":[0,"-0.2+math.sin(query.anim_time * 200) * 0.2",0],"1.7083":[0,"math.sin(query.anim_time * 200) * 0.2",0]},"rotation":{"0.0":[0,0,0.75],"0.5417":[0,0,-1.5],"1.0417":[0,0,0.75],"1.4583":[0,0,-1.5],"1.75":[0,0,0.75]}},"head":{"rotation":[0,0,0]},"rod_gear":{"rotation":{"0.0":{"lerp_mode":"catmullrom","post":[0,0,0]},"0.125":{"lerp_mode":"catmullrom","post":[0,6.5,0]},"0.25":{"lerp_mode":"catmullrom","post":[0,45,0]},"0.4167":{"lerp_mode":"catmullrom","post":[0,53.5,0]},"0.5":{"lerp_mode":"catmullrom","post":[0,90,0]},"0.6667":{"lerp_mode":"catmullrom","post":[0,118.25,0]},"0.75":{"lerp_mode":"catmullrom","post":[0,135,0]},"0.9167":{"lerp_mode":"catmullrom","post":[0,159.25,0]},"1.0":{"lerp_mode":"catmullrom","post":[0,180,0]},"1.1667":{"lerp_mode":"catmullrom","post":[0,214.25,0]},"1.25":{"lerp_mode":"catmullrom","post":[0,225,0]},"1.375":{"lerp_mode":"catmullrom","post":[0,233.5,0]},"1.5":{"lerp_mode":"catmullrom","post":[0,270,0]},"1.625":{"lerp_mode":"catmullrom","post":[0,315,0]},"1.75":{"lerp_mode":"catmullrom","post":[0,360,0]}}}},"loop":true},"animation.coppergolem.walk":{"animation_length":1.75,"bones":{"arm1":{"rotation":{"0.0":["math.sin(query.anim_time * 200) * 10",0,0],"0.8333":["math.sin(query.anim_time * 200) * 10",0,0],"0.9167":["0.0111+math.sin(query.anim_time * 200) * 10",0.21133,5.99629],"1.0417":["math.sin(query.anim_time * 200) * 10",0,0],"1.625":["math.sin(query.anim_time * 200) * 10",0,0],"1.7083":["0.0111+math.sin(query.anim_time * 200) * 10",0.21133,5.99629],"1.75":["math.sin(query.anim_time * 200) * 10",0,0]}},"arm2":{"rotation":{"0.0":["math.sin(query.anim_time * 200) * 10",0,0],"0.8333":["math.sin(query.anim_time * 200) * 10",0,0],"0.9167":["0.0111+math.sin(query.anim_time * 200) * 10",-0.21133,-5.99629],"1.0417":["math.sin(query.anim_time * 200) * 10",0,0],"1.625":["math.sin(query.anim_time * 200) * 10",0,0],"1.7083":["0.0111+math.sin(query.anim_time * 200) * 10",-0.21133,-5.99629],"1.75":["math.sin(query.anim_time * 200) * 10",0,0]}},"body":{"position":{"0.0":[0,"math.sin(query.anim_time * 200) * 0.2",0],"0.5":[0,"-0.2+math.sin(query.anim_time * 200) * 0.2",0],"0.7083":[0,0.585,0],"1.0":[0,"math.sin(query.anim_time * 200) * 0.2",0],"1.4583":[0,0.015,0],"1.625":[0,0.555,0],"1.7083":[0,"math.sin(query.anim_time * 200) * 0.2",0]},"rotation":{"0.0":[0,0,0.75],"0.5417":[0,0,-1.5],"0.7917":[-4.00095,-1.24695,8.20721],"1.0417":[0,0,0.75],"1.4583":[0,0,-1.5],"1.625":[-0.33668,5.10701,-1.99857],"1.75":[0,0,0.75]}},"head":{"rotation":[0,0,0]},"leg1":{"position":{"0.0":{"lerp_mode":"catmullrom","post":[0,0,2.1]},"0.125":{"lerp_mode":"catmullrom","post":[0,0,1.32]},"0.7917":{"lerp_mode":"catmullrom","post":[0,1.5,-4.475]},"0.8333":{"lerp_mode":"catmullrom","post":[0,0.07,-4.47]},"0.9167":{"lerp_mode":"catmullrom","post":[0,0,-2.45]},"1.75":{"lerp_mode":"catmullrom","post":[0,0,2.1]}},"rotation":{"0.0":{"lerp_mode":"catmullrom","post":[14.75,0,0]},"0.125":{"lerp_mode":"catmullrom","post":[18.01484,-0.1884,0.02509]},"0.7917":{"lerp_mode":"catmullrom","post":[3.00205,-0.72784,0.09694]},"0.9167":{"lerp_mode":"catmullrom","post":[-21.48472,-0.82898,0.11041]},"1.0":{"lerp_mode":"catmullrom","post":[2.33478,-0.82474,0.10985]},"1.625":{"lerp_mode":"catmullrom","post":[1.26223,-0.66319,0.08833]},"1.75":{"lerp_mode":"catmullrom","post":[14.75,0,0]}}},"leg2":{"position":{"0.0":{"lerp_mode":"catmullrom","post":[0,0,-2.45]},"0.8333":{"lerp_mode":"catmullrom","post":[0,0,2.1]},"0.9583":{"lerp_mode":"catmullrom","post":[0,0,1.32]},"1.625":{"lerp_mode":"catmullrom","post":[0,1.5,-4.475]},"1.6667":{"lerp_mode":"catmullrom","post":[0,-0.105,-4.3]},"1.75":{"lerp_mode":"catmullrom","post":[0,0,-2.45]}},"rotation":{"0.0":{"lerp_mode":"catmullrom","post":[-21.48472,-0.82898,0.11041]},"0.1667":{"lerp_mode":"catmullrom","post":[1.26223,-0.66319,0.08833]},"0.8333":{"lerp_mode":"catmullrom","post":[14.75,0,0]},"0.9583":{"lerp_mode":"catmullrom","post":[18.01484,-0.1884,0.02509]},"1.625":{"lerp_mode":"catmullrom","post":[3.00205,-0.72784,0.09694]},"1.75":{"lerp_mode":"catmullrom","post":[-21.48472,-0.82898,0.11041]}}},"rod_gear":{"position":{"0.0":[0,0,0],"0.75":[0,-0.75,0],"0.9167":{"lerp_mode":"catmullrom","post":[0,-0.47,0],"pre":[0,-0.47,0]},"0.9583":{"lerp_mode":"catmullrom","post":[0,-1.965,0]},"1.0417":{"lerp_mode":"catmullrom","post":[0,-1.44,0]},"1.0833":{"lerp_mode":"catmullrom","post":[0,-0.47,0]},"1.5417":{"lerp_mode":"catmullrom","post":[0,-0.47,0]},"1.5833":{"lerp_mode":"catmullrom","post":[0,-1.965,0]},"1.6667":{"lerp_mode":"catmullrom","post":[0,-1.44,0]},"1.7083":{"lerp_mode":"catmullrom","post":[0,-0.47,0]},"1.75":[0,0,0]},"rotation":{"0.0":{"lerp_mode":"catmullrom","post":[0,0,0]},"0.125":{"lerp_mode":"catmullrom","post":[0,6.5,0]},"0.25":{"lerp_mode":"catmullrom","post":[0,45,0]},"0.4167":{"lerp_mode":"catmullrom","post":[0,53.5,0]},"0.5":{"lerp_mode":"catmullrom","post":[0,90,0]},"0.6667":{"lerp_mode":"catmullrom","post":[0,118.25,0]},"0.75":{"lerp_mode":"catmullrom","post":[0,135,0]},"0.9167":{"lerp_mode":"catmullrom","post":[0,159.25,0]},"1.0":{"lerp_mode":"catmullrom","post":[0,180,0]},"1.1667":{"lerp_mode":"catmullrom","post":[0,214.25,0]},"1.25":{"lerp_mode":"catmullrom","post":[0,225,0]},"1.375":{"lerp_mode":"catmullrom","post":[0,233.5,0]},"1.5":{"lerp_mode":"catmullrom","post":[0,270,0]},"1.625":{"lerp_mode":"catmullrom","post":[0,315,0]},"1.75":{"lerp_mode":"catmullrom","post":[0,360,0]}}}},"loop":true}},"format_version":"1.8.0"}