{"animations":{"animation.drillpickaxe.on":{"animation_length":1.08333,"bones":{"drill10":{"rotation":{"0.0":[0,0,0],"1.0833":[360,0,0]}},"drill2":{"rotation":{"0.0":[0,0,0],"1.0833":[360,0,0]}},"drill3":{"rotation":{"0.0":[0,0,0],"1.0833":[360,0,0]}},"drill4":{"rotation":{"0.0":["math.sin(query.anim_time * 200) * 10",0,0],"1.0833":["360+math.sin(query.anim_time * 200) * 10",0,0]}},"drill5":{"rotation":{"0.0":[0,0,0],"1.0833":[360,0,0]}},"drill7":{"rotation":{"0.0":[0,0,0],"1.0833":[360,0,0]}},"drill8":{"rotation":{"0.0":[0,0,0],"1.0833":[360,0,0]}},"drill9":{"rotation":{"0.0":[0,0,0],"1.0833":[360,0,0]}}},"loop":true}},"format_version":"1.8.0"}