{"animations":{"animation.dungeons.idle":{"animation_length":7.16667,"bones":{"Player":{"position":[-10.3,0,-45.1],"rotation":[0,-130,0]},"Player2":{"position":[0,0,-20],"rotation":[0,45,0]},"body":{"position":[0,"0+math.sin(query.anim_time * 200) * 0.5",0],"rotation":["0+math.sin(query.anim_time * 200) * 1",0,0]},"body2":{"position":[0,"0+math.sin(query.anim_time * 200) * 0.3",0],"rotation":[-9.75,0,0]},"bone10":{"position":[0,"0+math.sin(query.anim_time * 200) * 0.3","2.65+math.sin(query.anim_time * 200) * 0.3"],"rotation":[21,0,0],"scale":[0,0,0]},"bone11":{"scale":[0,0,0]},"bone8":{"rotation":[-17.26,0,0]},"bone9":{"scale":[0,0,0]},"eye1":{"scale":{"0.0":[1,1,1],"0.5417":{"post":[0,0,0],"pre":[1,1,1]},"1.0":{"post":[1,1,1],"pre":[0,0,0]},"1.3333":{"post":[0,0,0],"pre":[1,1,1]},"1.7917":{"post":[1,1,1],"pre":[0,0,0]}}},"eye2":{"scale":{"0.0":[0,0,0],"0.5417":{"post":[1,1,1],"pre":[0,0,0]},"1.0":{"post":[0,0,0],"pre":[1,1,1]},"1.3333":{"post":[1,1,1],"pre":[0,0,0]},"1.7917":{"post":[0,0,0],"pre":[1,1,1]}}},"handl":{"position":[8.1,0,6.2],"rotation":[75.21325,28.18916,-7.10766]},"handl2":{"position":[0,"1-math.cos(query.anim_time * 200) * 1",5.5],"rotation":["70.7804+math.sin(query.anim_time * 200) * 10",-8.50593,2.95184]},"handl3":{"position":[-2.1,"0+math.sin(query.anim_time * 200) * 0.2",8],"rotation":["0+math.sin(query.anim_time * 200) * 4","-12.5+math.sin(query.anim_time * 200) * 4",0]},"handr2":{"position":[0,"1+math.cos(query.anim_time * 200) * 1",5.5],"rotation":["61.0314+math.sin(query.anim_time * 200) * 10",9.87206,-5.42186]},"head":{"position":["0+math.sin(query.anim_time * 200) * 0.3","0+math.sin(query.anim_time * 200) * 0.3","0+math.sin(query.anim_time * 200) * 0.3"]},"head2":{"position":[0,"0+math.sin(query.anim_time * 200) * 0.3","2.65+math.sin(query.anim_time * 200) * 0.3"],"rotation":[21,0,0]},"legl":{"position":[0,0,-2],"rotation":[-3.5,-20,0]},"legl2":{"position":[-1.125,0,1.175],"rotation":[0,-6,5.5]},"legr":{"position":[0,0,3.1],"rotation":[-7.5,9,0]},"legr2":{"position":[0.85,0,1.225],"rotation":[0,10.5,-2.5]},"mouth1":{"scale":[0,0,0]},"mouth4":{"scale":[0,0,0]}},"loop":true},"animation.dungeons.quirk":{"animation_length":15.16667,"bones":{"Player":{"position":[-10.3,0,-45.1],"rotation":[0,-130,0]},"Player2":{"position":{"0.0":[0,0,-20],"0.2083":[0.325,0,-19.575],"1.0417":[-9.045,0,-31.795],"1.8333":[-8.945,0,-31.545],"10.625":[1.06,-9.1,1.46],"11.8333":[1.06,-9.1,1.46],"12.875":[0,0,-20],"4.5833":[-8.945,-0.15,-31.545],"8.9583":[-11.895,-25.1,-31.545]},"rotation":{"0.0":[0,45,0],"1.8333":[0,45,0],"11.8333":[0,45,0],"12.875":[0,45,0],"4.5833":[0,45,0]},"scale":{"10.5417":[0,-0.1,0],"11.0833":[1,1,1],"11.8333":[1,1,1],"5.0":[1,1,1],"7.7917":[0,0,0],"8.125":[0,-0.1,0]}},"body":{"position":{"0.0":[0,"0+math.sin(query.anim_time * 200) * 0.5",0],"0.2083":[0,"0+math.sin(query.anim_time * 200) * 0.5",0],"0.5833":[0,"0.2+math.sin(query.anim_time * 200) * 0.5",0],"0.8333":[0,"0.75+math.sin(query.anim_time * 200) * 0.5",-0.35],"0.9583":[0,"0+math.sin(query.anim_time * 200) * 0.5",0],"1.25":[-0.4,"0+math.sin(query.anim_time * 200) * 0.5",0],"1.3333":[1.35,"0+math.sin(query.anim_time * 200) * 0.5",0.525],"1.4583":[1.35,"0.475+math.sin(query.anim_time * 200) * 0.5",0.53],"1.625":[1.35,"-0.2+math.sin(query.anim_time * 200) * 0.5",1.68],"11.3333":[1.35,"-0.2+math.sin(query.anim_time * 200) * 0.5",1.68],"11.9167":[1.35,"-0.825+math.sin(query.anim_time * 200) * 0.5",1.68],"12.1667":[1.35,"-0.825+math.sin(query.anim_time * 200) * 0.5",1.68],"12.5":[0,"0+math.sin(query.anim_time * 200) * 0.5",0]},"rotation":{"0.0":["0+math.sin(query.anim_time * 200) * 1",0,0],"0.2083":["-3.25+math.sin(query.anim_time * 200) * 1",0,0],"0.5833":["10.5+math.sin(query.anim_time * 200) * 1",0,0],"0.875":["0+math.sin(query.anim_time * 200) * 1",0,0],"1.0":["-0.0419+math.sin(query.anim_time * 200) * 1",26.99948,-0.17429],"1.25":["-0.0018+math.sin(query.anim_time * 200) * 1",-21.74446,0.6202],"1.3333":["-0.2104+math.sin(query.anim_time * 200) * 1",39.74627,-0.52315],"1.375":["0.0659+math.sin(query.anim_time * 200) * 1",4.50193,0.1753],"1.4583":["15.7178+math.sin(query.anim_time * 200) * 1",8.22669,-3.03828],"1.5833":["-5.0322+math.sin(query.anim_time * 200) * 1",8.22669,-3.03828],"1.8333":["-9.7822+math.sin(query.anim_time * 200) * 1",8.22669,-3.03828],"11.3333":["-5.5192+math.sin(query.anim_time * 200) * 1",68.28,-10.94],"12.1667":["-5.5192+math.sin(query.anim_time * 200) * 1",68.28,-10.94],"12.5":["0+math.sin(query.anim_time * 200) * 1",0,0],"2.75":["4.4678+math.sin(query.anim_time * 200) * 1",8.22669,-3.03828],"3.1667":["7.2178+math.sin(query.anim_time * 200) * 1",8.22669,-3.03828],"3.375":["4.4678+math.sin(query.anim_time * 200) * 1",8.22669,-3.03828],"3.875":["-5.5192+math.sin(query.anim_time * 200) * 1",68.27979,-10.93672]}},"body2":{"position":{"0.0":[0,"0+math.sin(query.anim_time * 200) * 0.3",0],"2.9167":[0,"0+math.sin(query.anim_time * 200) * 0.3",0],"3.2917":[0,"-6.3+math.sin(query.anim_time * 200) * 0.3",-7.1],"3.4583":[0,-5,-7.1],"3.5833":[0,-5.4,-7.1],"6.7917":[0,-5.4,-7.1],"8.75":[0,"0+math.sin(query.anim_time * 200) * 0.3",0]},"rotation":{"0.0":[-9.75,0,0],"0.2917":[-17.86,0,0],"0.875":[-17.26,0,0],"0.9583":[20.25,0,0],"1.0417":[53.15,0,0],"1.0833":[34.77109,8.88413,-25.06855],"1.125":[20.25,0,0],"1.2083":[22.45794,-3.07406,13.92118],"1.25":[15.42682,-5.37627,21.28945],"1.3333":[24.56293,6.9621,-19.32961],"1.5417":[-15.17005,3.34077,5.51288],"2.25":[-15.17,3.34,5.51],"2.4583":[-19.17,3.34,5.51],"2.7083":[-8.67,3.34,5.51],"2.8333":[-24.42,3.34,5.51],"3.2917":[88.33,3.34,5.51],"6.7917":[88.33,3.34,5.51],"8.75":[-9.75,0,0]},"scale":{"3.1667":[1,1,1],"3.2917":[1.1,1.1,0.8],"3.375":[1,1,1]}},"bone10":{"position":{"3.7917":[-59,-12.45,-48],"4.7917":[-52.9,-12.45,-48]},"scale":{"3.7083":[0,0,0],"4.0417":[0.6825,0.775,1],"4.5":[0,0,0]}},"bone11":{"position":{"11.5833":[-12,0,-55],"12.5417":[-12,18,-55]},"scale":{"12.3333":[0,0,0],"12.5417":[1,1.1,0],"12.75":[1.05,1.135,0],"12.9167":[0,0,0]}},"bone8":{"rotation":{"0.875":[-17.26,0,0],"0.9583":[20.25,0,0],"1.0417":[53.15,0,0],"1.0833":[34.77109,8.88413,-25.06855],"1.125":[20.25,0,0],"1.2083":[22.45794,-3.07406,13.92118],"1.25":[15.42682,-5.37627,21.28945],"1.3333":[24.56293,6.9621,-19.32961],"1.5417":[-15.17005,3.34077,5.51288]}},"bone9":{"position":{"0.9583":[-35,-5,-41],"1.0833":[-33.775,-5,-47.025],"1.2917":[-35,-5,-41],"1.4167":[-31.35,-7.775,-49.6]},"rotation":{"0.9583":[0,45,0],"1.2917":[0,45,0]},"scale":{"0.9167":[0,0,0],"1.0":[1,1,1],"1.0833":[1,0.5,1],"1.1667":[0,0,0],"1.25":[0,0,0],"1.3333":[1,1,1],"1.4167":[1,0.5,1],"1.5":[0,0,0]}},"eye1":{"scale":{"0.0":[1,1,1],"0.5417":{"post":[0,0,0],"pre":[1,1,1]},"1.0":{"post":[1,1,1],"pre":[0,0,0]},"1.3333":{"post":[0,0,0],"pre":[1,1,1]},"1.7917":{"post":[0,0,0],"pre":[0,0,0]},"2.25":{"post":[1,1,1],"pre":[0,0,0]},"3.8333":{"post":[0,0,0],"pre":[1,1,1]},"4.9167":{"post":[1,1,1],"pre":[0,0,0]},"6.4167":{"post":[0,0,0],"pre":[1,1,1]},"6.875":{"post":[1,1,1],"pre":[0,0,0]},"7.5":{"post":[0,0,0],"pre":[1,1,1]},"8.0":{"post":[1,1,1],"pre":[0,0,0]}}},"eye2":{"scale":{"0.0":[0,0,0],"0.5417":{"post":[1,1,1],"pre":[0,0,0]},"1.0":{"post":[0,0,0],"pre":[1,1,1]},"1.3333":{"post":[1,1,1],"pre":[0,0,0]},"1.7917":{"post":[1,1,1],"pre":[1,1,1]},"2.25":{"post":[0,0,0],"pre":[1,1,1]},"3.8333":{"post":[1,1,1],"pre":[0,0,0]},"4.9167":{"post":[0,0,0],"pre":[1,1,1]},"6.4167":{"post":[1,1,1],"pre":[0,0,0]},"6.875":{"post":[0,0,0],"pre":[1,1,1]},"7.5":{"post":[1,1,1],"pre":[0,0,0]},"8.0":{"post":[0,0,0],"pre":[1,1,1]}}},"handl":{"position":{"0.0":[8.1,0,6.2],"0.7917":[8.1,2.775,7.725],"0.9583":[-8.85,"2.775+math.sin(query.anim_time * 200) * 0.2",8],"1.0":[7.05,"2.775+math.sin(query.anim_time * 200) * 0.2",8],"1.0833":[7.7,"2.775+math.sin(query.anim_time * 200) * 0.2",7.5],"1.125":[7.7,"2.775+math.sin(query.anim_time * 200) * 0.2",7.5],"1.1667":[-22.575,"2.775+math.sin(query.anim_time * 200) * 0.2",7.5],"1.25":[-8.85,"2.775+math.sin(query.anim_time * 200) * 0.2",8],"1.2917":[7.05,"2.775+math.sin(query.anim_time * 200) * 0.2",8],"1.375":[-22.845,"2.775+math.sin(query.anim_time * 200) * 0.2",7.5],"1.4167":[-6.25,"10.1+math.sin(query.anim_time * 200) * 0.2",7.5],"1.5":[-6.25,"-4.075+math.sin(query.anim_time * 200) * 0.2",12.725],"1.5417":[-6.25,"-3.5+math.sin(query.anim_time * 200) * 0.2",11.7],"1.5833":[-5.21,-0.86,13.38],"1.7083":[8.1,0,6.2]},"rotation":{"0.0":[75.21325,28.18916,-7.10766],"0.9583":["85.9214+math.sin(query.anim_time * 200) * 4","-12.0131+math.sin(query.anim_time * 200) * 4",-65.95633],"1.0":["-7.3286+math.sin(query.anim_time * 200) * 4","-12.0131+math.sin(query.anim_time * 200) * 4",-65.95633],"1.0833":["-9.3232+math.sin(query.anim_time * 200) * 4","-12.0131+math.sin(query.anim_time * 200) * 4",-65.95633],"1.125":["44.3456+math.sin(query.anim_time * 200) * 4","-8.6691+math.sin(query.anim_time * 200) * 4",106.314],"1.1667":["-27.4044+math.sin(query.anim_time * 200) * 4","-8.6691+math.sin(query.anim_time * 200) * 4",106.314],"1.25":["85.9214+math.sin(query.anim_time * 200) * 4","-12.0131+math.sin(query.anim_time * 200) * 4",-65.95633],"1.2917":["-7.3286+math.sin(query.anim_time * 200) * 4","-12.0131+math.sin(query.anim_time * 200) * 4",-65.95633],"1.375":["-29.1544+math.sin(query.anim_time * 200) * 4","-8.6691+math.sin(query.anim_time * 200) * 4",106.314],"1.4167":["106.3628+math.sin(query.anim_time * 200) * 4","-6.351+math.sin(query.anim_time * 200) * 4",-1.93811],"1.5":["27.6128+math.sin(query.anim_time * 200) * 4","-6.351+math.sin(query.anim_time * 200) * 4",-1.93811],"1.5417":["27.6128+math.sin(query.anim_time * 200) * 4","-6.351+math.sin(query.anim_time * 200) * 4",-1.93811],"1.5833":[3.21463,-10.63322,-1.45358],"1.7083":[75.21325,28.18916,-7.10766]}},"handl2":{"position":{"0.0":[0,"1-math.cos(query.anim_time * 200) * 1",5.5],"0.4583":[0,"1-math.cos(query.anim_time * 200) * 1",6.975],"10.5417":[0,8.575,-0.72],"11.0":[0,18.095,-0.72],"11.25":[0,3.955,-0.72],"11.9583":[0,3.95,-0.72],"12.75":[0,"1-math.cos(query.anim_time * 200) * 1",5.5],"2.2083":[0,"1-math.cos(query.anim_time * 200) * 1",6.98],"2.5417":[0,-3.3,-0.72],"9.6667":[0,-3.3,-0.72]},"rotation":{"0.0":["70.7804+math.sin(query.anim_time * 200) * 10",-8.50593,2.95184],"0.375":["99.4272+math.sin(query.anim_time * 200) * 10",-8.50598,2.95182],"11.9583":["70.7804+math.sin(query.anim_time * 200) * 10",-8.51,2.95],"12.75":["70.7804+math.sin(query.anim_time * 200) * 10",-8.50593,2.95184],"2.2083":[101.45,-8.51,2.95],"2.5417":[33.95606,-8.51,2.95],"3.4167":[33.95606,-8.51,2.95],"3.7083":[2.54326,-8.51,2.95],"9.4583":["70.7804+math.sin(query.anim_time * 200) * 10",-8.51,2.95]}},"handl3":{"position":{"0.0":[-2.1,"0+math.sin(query.anim_time * 200) * 0.2",8],"0.2083":[-2.1,"0+math.sin(query.anim_time * 200) * 0.2",8],"0.5":[-5.9,"6.1+math.sin(query.anim_time * 200) * 0.2",8],"0.7917":[-5.9,"8.35+math.sin(query.anim_time * 200) * 0.2",8],"0.9583":[-8.85,"2.775+math.sin(query.anim_time * 200) * 0.2",8],"1.0":[7.05,"2.775+math.sin(query.anim_time * 200) * 0.2",8],"1.0833":[7.7,"2.775+math.sin(query.anim_time * 200) * 0.2",7.5],"1.125":[7.7,"2.775+math.sin(query.anim_time * 200) * 0.2",7.5],"1.1667":[-22.575,"2.775+math.sin(query.anim_time * 200) * 0.2",7.5],"1.25":[-8.85,"2.775+math.sin(query.anim_time * 200) * 0.2",8],"1.2917":[7.05,"2.775+math.sin(query.anim_time * 200) * 0.2",8],"1.375":[-22.845,"2.775+math.sin(query.anim_time * 200) * 0.2",7.5],"1.4167":[-6.25,"10.1+math.sin(query.anim_time * 200) * 0.2",7.5],"1.5":[-6.25,"-4.075+math.sin(query.anim_time * 200) * 0.2",12.725],"1.5417":[-6.25,"-3.5+math.sin(query.anim_time * 200) * 0.2",11.7],"1.5833":[-5.21,-0.86,13.38],"1.7083":[-2.1,"0+math.sin(query.anim_time * 200) * 0.2",8],"13.375":[-2.1,"0.975+math.sin(query.anim_time * 200) * 0.2",1.65],"13.7917":[-2.1,"0+math.sin(query.anim_time * 200) * 0.2",8],"3.1667":[-2.1,"0+math.sin(query.anim_time * 200) * 0.2",8],"3.875":[-2.1,"0.975+math.sin(query.anim_time * 200) * 0.2",1.65],"4.125":[-2.1,"0.975+math.sin(query.anim_time * 200) * 0.2",1.65]},"rotation":{"0.0":["0+math.sin(query.anim_time * 200) * 4","-12.5+math.sin(query.anim_time * 200) * 4",0],"0.2083":["-6+math.sin(query.anim_time * 200) * 4","-12.5+math.sin(query.anim_time * 200) * 4",0],"0.5":["85.8694+math.sin(query.anim_time * 200) * 4","-21.8647+math.sin(query.anim_time * 200) * 4",-16.90186],"0.7917":["88.1194+math.sin(query.anim_time * 200) * 4","-21.8647+math.sin(query.anim_time * 200) * 4",-16.90186],"0.9583":["85.9214+math.sin(query.anim_time * 200) * 4","-12.0131+math.sin(query.anim_time * 200) * 4",-65.95633],"1.0":["-7.3286+math.sin(query.anim_time * 200) * 4","-12.0131+math.sin(query.anim_time * 200) * 4",-65.95633],"1.0833":["-9.3232+math.sin(query.anim_time * 200) * 4","-12.0131+math.sin(query.anim_time * 200) * 4",-65.95633],"1.125":["44.3456+math.sin(query.anim_time * 200) * 4","-8.6691+math.sin(query.anim_time * 200) * 4",106.314],"1.1667":["-27.4044+math.sin(query.anim_time * 200) * 4","-8.6691+math.sin(query.anim_time * 200) * 4",106.314],"1.25":["85.9214+math.sin(query.anim_time * 200) * 4","-12.0131+math.sin(query.anim_time * 200) * 4",-65.95633],"1.2917":["-7.3286+math.sin(query.anim_time * 200) * 4","-12.0131+math.sin(query.anim_time * 200) * 4",-65.95633],"1.375":["-29.1544+math.sin(query.anim_time * 200) * 4","-8.6691+math.sin(query.anim_time * 200) * 4",106.314],"1.4167":["106.3628+math.sin(query.anim_time * 200) * 4","-6.351+math.sin(query.anim_time * 200) * 4",-1.93811],"1.5":["27.6128+math.sin(query.anim_time * 200) * 4","-6.351+math.sin(query.anim_time * 200) * 4",-1.93811],"1.5417":["27.6128+math.sin(query.anim_time * 200) * 4","-6.351+math.sin(query.anim_time * 200) * 4",-1.93811],"1.5833":[3.21463,-10.63322,-1.45358],"1.7083":["0+math.sin(query.anim_time * 200) * 4","-12.5+math.sin(query.anim_time * 200) * 4",0],"13.375":["160.5+math.sin(query.anim_time * 200) * 4","-12.5+math.sin(query.anim_time * 200) * 4",0],"13.7917":["0+math.sin(query.anim_time * 200) * 4","-12.5+math.sin(query.anim_time * 200) * 4",0],"3.1667":["0+math.sin(query.anim_time * 200) * 4","-12.5+math.sin(query.anim_time * 200) * 4",0],"3.875":["167.5+math.sin(query.anim_time * 200) * 4","-12.5+math.sin(query.anim_time * 200) * 4",0],"4.125":["160.5+math.sin(query.anim_time * 200) * 4","-12.5+math.sin(query.anim_time * 200) * 4",0]}},"handr2":{"position":{"0.0":[0,"1+math.cos(query.anim_time * 200) * 1",5.5],"0.4583":[0,"1+math.cos(query.anim_time * 200) * 1",6.55],"11.1667":[0,"16.075+math.cos(query.anim_time * 200) * 1",10.07],"11.4583":[0,"5.7+math.cos(query.anim_time * 200) * 1",10.07],"11.9583":[0,"4.275+math.cos(query.anim_time * 200) * 1",5.5],"2.2083":[0,"1+math.cos(query.anim_time * 200) * 1",6.55],"2.5417":[0,-1.175,-1.55],"3.125":[0,-1.175,-1.55],"3.2917":[0,-1.18,0.205],"3.7083":[0,-1.18,-0.875],"6.7917":[0,-1.18,-0.87],"8.75":[0,"1+math.cos(query.anim_time * 200) * 1",5.5],"9.3333":[0,"5.45+math.cos(query.anim_time * 200) * 1",10.075]},"rotation":{"0.0":["61.0314+math.sin(query.anim_time * 200) * 10",9.87206,-5.42186],"0.375":["81.7412+math.sin(query.anim_time * 200) * 10",9.87206,-5.42186],"11.9583":["61.0314+math.sin(query.anim_time * 200) * 10",9.87206,-5.42186],"2.2083":["81.7412+math.sin(query.anim_time * 200) * 10",9.87,-5.42],"2.5417":[-3.2588,9.87,-5.42],"3.2917":[56.2412,9.87,-5.42],"3.7083":[2.7412,9.87,-5.42],"6.7917":[2.74,9.87,-5.42],"8.75":["61.0314+math.sin(query.anim_time * 200) * 10",9.87206,-5.42186]}},"head":{"position":{"0.0":["0+math.sin(query.anim_time * 200) * 0.3","0+math.sin(query.anim_time * 200) * 0.3","0+math.sin(query.anim_time * 200) * 0.3"],"10.3333":["0+math.sin(query.anim_time * 200) * 0.3","0+math.sin(query.anim_time * 200) * 0.3","0+math.sin(query.anim_time * 200) * 0.3"],"3.75":["0+math.sin(query.anim_time * 200) * 0.3","0+math.sin(query.anim_time * 200) * 0.3","0+math.sin(query.anim_time * 200) * 0.3"]},"rotation":{"10.5":[-19,0,0],"11.0833":[-27.75,0,0],"12.1667":[-27.75,0,0],"12.7083":[2.11001,-8.99959,-9.10536],"14.3333":[2.11,-9,-9.11],"14.6667":[0,0,0],"3.75":[0,0,0],"4.0":[-24,0,0],"4.2083":[-24.75,0,0],"4.5833":[5.75,0,0],"6.0":[5.75,0,0],"6.4167":[-3.25,0,0],"6.7917":[0.46663,42.97357,-6.09901],"7.25":[-1.49988,44.70572,-8.89343],"7.75":[5.75,0,0],"8.25":[5.86698,-11.44135,-1.16773],"8.7083":[5.75,0,0]}},"head2":{"position":{"0.0":[0,"0+math.sin(query.anim_time * 200) * 0.3","2.65+math.sin(query.anim_time * 200) * 0.3"],"2.5833":[0,"0+math.sin(query.anim_time * 200) * 0.3","2.65+math.sin(query.anim_time * 200) * 0.3"],"2.75":[0,"-1.05+math.sin(query.anim_time * 200) * 0.3","2.65+math.sin(query.anim_time * 200) * 0.3"],"2.9167":[0,16.48,-2.78],"3.0417":[0,5.035,-3.44],"3.375":[3.25,-10.4,-16.22],"3.5":[3.25,-11.35,-16.22],"3.6667":[3.25,-10.4,-16.22],"3.75":[3.25,-9.8,-16.22],"3.8333":[3.25,-10.2,-16.22],"5.875":[3.25,-10.2,-16.22],"6.8333":[0,"0+math.sin(query.anim_time * 200) * 0.3","2.65+math.sin(query.anim_time * 200) * 0.3"]},"rotation":{"0.0":[33.5,0,0],"0.1667":[-20,0,0],"0.4583":[-21,0,0],"0.625":[23,0,0],"1.2083":[25.5,0,0],"2.7083":[25.5,0,0],"2.8333":[-7.87625,-0.07355,0.32512],"2.9167":[125.62124,-0.22065,0.97536],"3.0417":[78.99249,-0.44131,1.95072],"3.375":[107.37823,0.40236,2.74486],"3.75":[108.24636,-17.46419,-3.03153],"4.5417":[108.51245,-19.83671,-3.86343],"5.875":[108.51,-19.84,-3.86],"6.8333":[21,0,0]},"scale":{"3.25":[1,1,1],"3.5":[1.3,1,0.8],"3.6667":[1,1,1]}},"legl":{"position":{"0.0":[0,0,-2],"14.4167":[3.33,0,-2],"14.8333":[0,0,-2],"3.4583":[0,0,-2],"3.875":[3.325,0,-2]},"rotation":{"0.0":[-3.5,-20,0],"14.4167":[-163.88,78.08,-165.41],"14.8333":[-3.5,-20,0],"3.4583":[-3.5,-20,0],"3.875":[-163.87692,78.07815,-165.40556]}},"legl2":{"position":{"0.0":[-1.125,0,1.175],"0.4167":[-1.12,1.225,4.705],"0.75":[-1.12,-0.295,4.71],"0.875":[-1.12,-0.3,-1.465],"1.2917":[-1.12,-0.3,1.835],"2.1667":[-1.12,-0.3,1.835],"2.5417":[0.155,-0.3,-0.01]},"rotation":[0,-6,5.5]},"legr":{"position":{"0.0":[0,0,3.1],"14.3333":[0,0,4.43],"15.1667":[0,0,3.1],"3.4583":[0,0,3.1],"3.875":[0,0,4.425]},"rotation":{"0.0":[-7.5,9,0],"14.3333":[27.14,82.28,29.43],"15.1667":[-7.5,9,0],"3.4583":[-7.5,9,0],"3.875":[27.14346,82.27983,29.43254]}},"legr2":{"position":{"0.0":[0.85,0,1.225],"0.4167":[0.85,0,-3.245],"0.875":[0.85,2.25,5.16],"1.375":[0.85,0.575,5.16],"2.25":[0.85,0.575,5.16],"2.5417":[0.35,0.57,-0.365]},"rotation":[0,10.5,-2.5]},"mouth1":{"scale":{"0.0":[0,0,0],"0.9167":{"post":[1,1,1],"pre":[0,0,0]},"1.7917":{"post":[0,0,0],"pre":[1,1,1]},"3.8333":{"post":[1,1,1],"pre":[0,0,0]},"4.0":{"post":[0,0,0],"pre":[1,1,1]},"4.4167":{"post":[0,0,0],"pre":[0,0,0]},"4.5417":{"post":[1,1,1],"pre":[0,0,0]},"5.0":{"post":[0,0,0],"pre":[1,1,1]}}},"mouth2":{"scale":{"0.0":[1,1,1],"0.9167":{"post":[0,0,0],"pre":[1,1,1]},"1.7917":{"post":[1,1,1],"pre":[0,0,0]},"3.8333":{"post":[0,0,0],"pre":[1,1,1]},"4.0":{"post":[0,0,0],"pre":[0,0,0]},"4.4167":{"post":[1,1,1],"pre":[0,0,0]},"4.5417":{"post":[0,0,0],"pre":[1,1,1]},"5.0":{"post":[1,1,1],"pre":[0,0,0]}}},"mouth4":{"scale":{"0.0":[0,0,0],"3.8333":{"post":[0,0,0],"pre":[0,0,0]},"4.0":{"post":[1,1,1],"pre":[0,0,0]},"4.4167":{"post":[0,0,0],"pre":[1,1,1]},"4.5417":{"post":[0,0,0],"pre":[0,0,0]},"5.0":{"post":[0,0,0],"pre":[0,0,0]}}}},"loop":true}},"format_version":"1.8.0"}