{"animations":{"animation.teleport.idle":{"bones":{"bottom":{"rotation":{"0.0":{"lerp_mode":"catmullrom","post":[0,"(query.anim_time*40)*7",0]}}},"eye":{"position":{"0.0":{"lerp_mode":"catmullrom","post":[0,"math.cos(query.anim_time*600)",0]}},"rotation":{"0.0":{"lerp_mode":"catmullrom","post":["math.cos(query.anim_time*200)*70 ","math.cos(query.anim_time*200)*70 ","math.cos(query.anim_time*200)*70 "]}}},"top":{"rotation":{"0.0":{"lerp_mode":"catmullrom","post":[0,"-(query.anim_time*40)*7",0]}}}},"loop":true}},"format_version":"1.8.0"}