{"animations":{"animation.evolutions.loop":{"animation_length":10.20833,"bones":{"baby_cat":{"position":{"0.0":{"lerp_mode":"catmullrom","post":[0,-1,0]},"0.625":{"lerp_mode":"catmullrom","post":[0,28.68,0]},"1.125":{"lerp_mode":"catmullrom","post":[0,39,0]},"1.625":{"lerp_mode":"catmullrom","post":[0,28.21,0]},"10.0":{"lerp_mode":"catmullrom","post":[0,-1,0]},"10.1667":[0,-1,0],"2.0":{"lerp_mode":"catmullrom","post":[0,-1,0]},"2.5":{"lerp_mode":"catmullrom","post":[0,25.68,0]},"3.0":{"lerp_mode":"catmullrom","post":[0,36,0]},"3.5":{"lerp_mode":"catmullrom","post":[0,25.21,0]},"4.0":{"lerp_mode":"catmullrom","post":[0,-1,0]},"4.5417":{"lerp_mode":"catmullrom","post":[0,38.68,0]},"5.0417":{"lerp_mode":"catmullrom","post":[0,49,0]},"5.5417":{"lerp_mode":"catmullrom","post":[0,38.21,0]},"6.0":{"lerp_mode":"catmullrom","post":[0,-1,0]},"6.5":{"lerp_mode":"catmullrom","post":[0,25.68,0]},"7.0":{"lerp_mode":"catmullrom","post":[0,36,0]},"7.5":{"lerp_mode":"catmullrom","post":[0,25.21,0]},"8.0":{"lerp_mode":"catmullrom","post":[0,-1,0]},"8.5417":{"lerp_mode":"catmullrom","post":[0,35.68,0]},"9.0417":{"lerp_mode":"catmullrom","post":[0,46,0]},"9.5417":{"lerp_mode":"catmullrom","post":[0,35.21,0]}}},"baby_dog":{"position":{"0.0":{"lerp_mode":"catmullrom","post":[8,0,-4]},"0.375":{"lerp_mode":"catmullrom","post":[7.16,0,15.56]},"0.75":{"lerp_mode":"catmullrom","post":[-4.5,0,27]},"1.1667":{"lerp_mode":"catmullrom","post":[-18.11,0,22.51]},"1.5":{"lerp_mode":"catmullrom","post":[-30,0,6]},"1.875":{"lerp_mode":"catmullrom","post":[-32.11,0,-21.49]},"2.25":{"lerp_mode":"catmullrom","post":[-18.5,17,-33]},"2.5833":{"lerp_mode":"catmullrom","post":[-0.6,0,-23.11]},"2.9583":{"lerp_mode":"catmullrom","post":[8,0,-4]},"3.3333":{"lerp_mode":"catmullrom","post":[7.16,0,15.56]},"3.7083":{"lerp_mode":"catmullrom","post":[-4.5,0,27]},"4.125":{"lerp_mode":"catmullrom","post":[-18.11,0,22.51]},"4.4583":{"lerp_mode":"catmullrom","post":[-30,0,6]},"4.8333":{"lerp_mode":"catmullrom","post":[-32.11,0,-21.49]},"5.2083":{"lerp_mode":"catmullrom","post":[-18.5,17,-33]},"5.5417":{"lerp_mode":"catmullrom","post":[-0.6,0,-23.11]},"5.9167":{"lerp_mode":"catmullrom","post":[8,0,-4]},"6.0417":{"lerp_mode":"catmullrom","post":[8,0,-4]}}},"body2":{"rotation":{"0.0":{"lerp_mode":"catmullrom","post":[0,0,0]},"10.0":{"lerp_mode":"catmullrom","post":[0,0,0]},"2.0":{"lerp_mode":"catmullrom","post":[-360,0,0]},"4.0":{"lerp_mode":"catmullrom","post":[-360,0,0]},"6.0":{"lerp_mode":"catmullrom","post":[0,0,0]},"8.0":{"lerp_mode":"catmullrom","post":[-360,0,-360]}}},"body4":{"position":{"10.0":[0,0,0],"6.25":[0,0,0],"6.5":[0,-2,0],"9.2917":[0,-2,0]},"rotation":{"0.0":{"lerp_mode":"catmullrom","post":[0,0,0]},"0.375":{"lerp_mode":"catmullrom","post":[0,-32.5,0]},"0.75":{"lerp_mode":"catmullrom","post":[0,-70,0]},"1.1667":{"lerp_mode":"catmullrom","post":[0,-135,0]},"1.5":{"lerp_mode":"catmullrom","post":[0,-162.5,0]},"1.875":{"lerp_mode":"catmullrom","post":[0,-197.5,0]},"10.0":{"lerp_mode":"catmullrom","post":[0,"-360-360",0]},"2.25":{"lerp_mode":"catmullrom","post":[0,-277.5,27.5]},"2.5833":{"lerp_mode":"catmullrom","post":[0,-332.5,0]},"2.9583":{"lerp_mode":"catmullrom","post":[0,-360,0]},"3.3333":{"lerp_mode":"catmullrom","post":[0,"-32.5-360",0]},"3.7083":{"lerp_mode":"catmullrom","post":[0,"-70-360",0]},"4.125":{"lerp_mode":"catmullrom","post":[0,"-135-360",0]},"4.4583":{"lerp_mode":"catmullrom","post":[0,"-162.5-360",0]},"4.8333":{"lerp_mode":"catmullrom","post":[0,"-197.5-360",0]},"5.2083":{"lerp_mode":"catmullrom","post":[0,"-277.5-360",27.5]},"5.5417":{"lerp_mode":"catmullrom","post":[0,"-332.5-360",0]},"5.9167":{"lerp_mode":"catmullrom","post":[0,"-360-360",0]},"6.5":{"lerp_mode":"catmullrom","post":[-42.5,"-360-360",0]},"9.2917":{"lerp_mode":"catmullrom","post":[-42.5,"-360-360",0]}}},"bone5":{"position":{"0.0":{"lerp_mode":"catmullrom","post":[0,-0.5,0]},"0.875":{"lerp_mode":"catmullrom","post":[0,0,0]},"10.2083":{"lerp_mode":"catmullrom","post":[0,-0.5,0]},"2.0417":{"lerp_mode":"catmullrom","post":[0,-0.5,0]},"2.9167":{"lerp_mode":"catmullrom","post":[0,0,0]},"4.0833":{"lerp_mode":"catmullrom","post":[0,-0.5,0]},"4.9583":{"lerp_mode":"catmullrom","post":[0,0,0]},"6.125":{"lerp_mode":"catmullrom","post":[0,-0.5,0]},"7.0":{"lerp_mode":"catmullrom","post":[0,0,0]},"8.1667":{"lerp_mode":"catmullrom","post":[0,-0.5,0]},"9.0417":{"lerp_mode":"catmullrom","post":[0,0,0]}},"scale":{"0.0":{"lerp_mode":"catmullrom","post":[1.1,0.8,1.1]},"0.5":{"lerp_mode":"catmullrom","post":[1.0438,0.8125,1.0438]},"1.0417":{"lerp_mode":"catmullrom","post":[1,1,1]},"1.5833":{"lerp_mode":"catmullrom","post":[1.0314,0.8446,1.0314]},"10.2083":{"lerp_mode":"catmullrom","post":[1.1,0.8,1.1]},"2.0417":{"lerp_mode":"catmullrom","post":[1.1,0.8,1.1]},"2.5417":{"lerp_mode":"catmullrom","post":[1.0438,0.8125,1.0438]},"3.0833":{"lerp_mode":"catmullrom","post":[1,1,1]},"3.625":{"lerp_mode":"catmullrom","post":[1.0314,0.8446,1.0314]},"4.0833":{"lerp_mode":"catmullrom","post":[1.1,0.8,1.1]},"4.5833":{"lerp_mode":"catmullrom","post":[1.0438,0.8125,1.0438]},"5.125":{"lerp_mode":"catmullrom","post":[1,1,1]},"5.6667":{"lerp_mode":"catmullrom","post":[1.0314,0.8446,1.0314]},"6.125":{"lerp_mode":"catmullrom","post":[1.1,0.8,1.1]},"6.625":{"lerp_mode":"catmullrom","post":[1.0438,0.8125,1.0438]},"7.1667":{"lerp_mode":"catmullrom","post":[1,1,1]},"7.7083":{"lerp_mode":"catmullrom","post":[1.0314,0.8446,1.0314]},"8.1667":{"lerp_mode":"catmullrom","post":[1.1,0.8,1.1]},"8.6667":{"lerp_mode":"catmullrom","post":[1.0438,0.8125,1.0438]},"9.2083":{"lerp_mode":"catmullrom","post":[1,1,1]},"9.75":{"lerp_mode":"catmullrom","post":[1.0314,0.8446,1.0314]}}},"head":{"rotation":{"0.0":[0,-22.5,0],"0.5":[0,-52.5,0],"1.0":[0,-72.5,5],"1.5":[15,-22.5,0],"2.0":[0,25,0],"2.25":[-40,11.25,0],"2.5":[0,-2.5,0],"3.0":[0,-22.5,0],"3.5":[0,-52.5,0],"4.0":[0,-72.5,5],"4.5":[15,-22.5,0],"5.0":[0,25,0],"5.25":[-40,11.25,0],"5.5":[0,-2.5,0],"6.0":[0,-22.5,0]}},"head3":{"rotation":{"0.0":{"lerp_mode":"catmullrom","post":[0,-25,0]},"1.125":{"lerp_mode":"catmullrom","post":[-55,-25,0]},"10.0":{"lerp_mode":"catmullrom","post":[0,-25,0]},"2.0":{"lerp_mode":"catmullrom","post":[0,-25,0]},"3.125":{"lerp_mode":"catmullrom","post":[-55,-25,0]},"4.0":{"lerp_mode":"catmullrom","post":[0,-25,0]},"5.125":{"lerp_mode":"catmullrom","post":[-62.5,-25,0]},"6.0":{"lerp_mode":"catmullrom","post":[0,-25,0]},"7.125":{"lerp_mode":"catmullrom","post":[-55,-25,0]},"8.0":{"lerp_mode":"catmullrom","post":[0,-25,0]},"9.125":{"lerp_mode":"catmullrom","post":[-67.5,-25,0]}}},"head4":{"rotation":{"0.0":{"lerp_mode":"catmullrom","post":[0,0,0]},"10.0":{"lerp_mode":"catmullrom","post":[0,0,0]},"5.9583":{"lerp_mode":"catmullrom","post":[0,0,0]},"6.5":{"lerp_mode":"catmullrom","post":[45,0,0]},"7.2083":{"lerp_mode":"catmullrom","post":["7.5+45",0,0]},"7.9167":{"lerp_mode":"catmullrom","post":["0+45",0,0]},"8.625":{"lerp_mode":"catmullrom","post":["7.5+45",0,0]},"9.2917":{"lerp_mode":"catmullrom","post":["0+45",0,0]}}},"leftArm2":{"rotation":{"0.0":{"lerp_mode":"catmullrom","post":[0,0,0]},"1.125":{"lerp_mode":"catmullrom","post":[0,0,-35]},"10.0":{"lerp_mode":"catmullrom","post":[0,0,0]},"2.0":{"lerp_mode":"catmullrom","post":[0,0,0]},"3.125":{"lerp_mode":"catmullrom","post":[0,0,-35]},"4.0":{"lerp_mode":"catmullrom","post":[0,0,0]},"5.125":{"lerp_mode":"catmullrom","post":[0,0,-35]},"6.0":{"lerp_mode":"catmullrom","post":[0,0,0]},"7.125":{"lerp_mode":"catmullrom","post":[0,0,-35]},"8.0":{"lerp_mode":"catmullrom","post":[0,0,0]},"9.125":{"lerp_mode":"catmullrom","post":[0,0,-35]}}},"leftArm4":{"rotation":{"0.0":{"lerp_mode":"catmullrom","post":["math.cos(query.anim_time*250.17)*40.0",0,0]},"10.0":{"lerp_mode":"catmullrom","post":[0,0,0]},"5.8333":{"lerp_mode":"catmullrom","post":["math.cos(query.anim_time*250.17)*40.0",0,0]},"5.9583":{"lerp_mode":"catmullrom","post":[0,0,0]},"6.25":{"lerp_mode":"catmullrom","post":[0,0,0]}}},"leftLeg2":{"rotation":{"0.0":{"lerp_mode":"catmullrom","post":[0,0,0]},"1.125":{"lerp_mode":"catmullrom","post":[0,0,-40]},"10.0":{"lerp_mode":"catmullrom","post":[0,0,0]},"2.0":{"lerp_mode":"catmullrom","post":[0,0,0]},"3.125":{"lerp_mode":"catmullrom","post":[0,0,-40]},"4.0":{"lerp_mode":"catmullrom","post":[0,0,0]},"5.125":{"lerp_mode":"catmullrom","post":[0,0,-40]},"6.0":{"lerp_mode":"catmullrom","post":[0,0,0]},"7.125":{"lerp_mode":"catmullrom","post":[0,0,-40]},"8.0":{"lerp_mode":"catmullrom","post":[0,0,0]},"9.125":{"lerp_mode":"catmullrom","post":[0,0,-40]}}},"leftLeg4":{"rotation":{"0.0":{"lerp_mode":"catmullrom","post":["math.cos(query.anim_time*250.17)*-40.0",0,0]},"10.0":{"lerp_mode":"catmullrom","post":[0,0,0]},"5.8333":{"lerp_mode":"catmullrom","post":["math.cos(query.anim_time*250.17)*-40.0",0,0]},"5.9583":{"lerp_mode":"catmullrom","post":[0,0,0]},"6.25":{"lerp_mode":"catmullrom","post":[0,0,0]},"6.5":{"lerp_mode":"catmullrom","post":[-45,0,-10]},"9.2917":{"lerp_mode":"catmullrom","post":[-45,0,-10]}}},"rightArm2":{"rotation":{"0.0":{"lerp_mode":"catmullrom","post":[0,0,0]},"1.125":{"lerp_mode":"catmullrom","post":[0,0,35]},"10.0":{"lerp_mode":"catmullrom","post":[0,0,0]},"2.0":{"lerp_mode":"catmullrom","post":[0,0,0]},"3.125":{"lerp_mode":"catmullrom","post":[0,0,35]},"4.0":{"lerp_mode":"catmullrom","post":[0,0,0]},"5.125":{"lerp_mode":"catmullrom","post":[0,0,35]},"6.0":{"lerp_mode":"catmullrom","post":[0,0,0]},"7.125":{"lerp_mode":"catmullrom","post":[0,0,35]},"8.0":{"lerp_mode":"catmullrom","post":[0,0,0]},"9.125":{"lerp_mode":"catmullrom","post":[0,0,35]}}},"rightArm4":{"rotation":{"0.0":{"lerp_mode":"catmullrom","post":["math.cos(query.anim_time*250.17)*-40.0",0,0]},"10.0":{"lerp_mode":"catmullrom","post":[0,0,0]},"5.8333":{"lerp_mode":"catmullrom","post":["math.cos(query.anim_time*250.17)*-40.0",0,0]},"5.9583":{"lerp_mode":"catmullrom","post":[0,0,0]},"6.25":{"lerp_mode":"catmullrom","post":[0,0,0]}}},"rightLeg2":{"rotation":{"0.0":{"lerp_mode":"catmullrom","post":[0,0,0]},"1.125":{"lerp_mode":"catmullrom","post":[0,0,40]},"10.0":{"lerp_mode":"catmullrom","post":[0,0,0]},"2.0":{"lerp_mode":"catmullrom","post":[0,0,0]},"3.125":{"lerp_mode":"catmullrom","post":[0,0,40]},"4.0":{"lerp_mode":"catmullrom","post":[0,0,0]},"5.125":{"lerp_mode":"catmullrom","post":[0,0,40]},"6.0":{"lerp_mode":"catmullrom","post":[0,0,0]},"7.125":{"lerp_mode":"catmullrom","post":[0,0,40]},"8.0":{"lerp_mode":"catmullrom","post":[0,0,0]},"9.125":{"lerp_mode":"catmullrom","post":[0,0,40]}}},"rightLeg4":{"rotation":{"0.0":{"lerp_mode":"catmullrom","post":["math.cos(query.anim_time*250.17)*40.0",0,0]},"10.0":{"lerp_mode":"catmullrom","post":[0,0,0]},"5.8333":{"lerp_mode":"catmullrom","post":["math.cos(query.anim_time*250.17)*40.0",0,0]},"5.9583":{"lerp_mode":"catmullrom","post":[0,0,0]},"6.25":{"lerp_mode":"catmullrom","post":[0,0,0]},"6.5":{"lerp_mode":"catmullrom","post":[-45,0,10]},"9.2917":{"lerp_mode":"catmullrom","post":[-45,0,10]}}},"tail":{"rotation":[0,0,"math.cos(query.life_time*250)*5"]},"tail2":{"rotation":[0,0,"math.cos(query.life_time*250)*10"]},"tail5":{"rotation":[0,"-math.cos(query.life_time*150)*15",0]},"tail6":{"rotation":[0,0,"math.cos(query.life_time*150)*20"]},"tail8":{"rotation":{"0.0":{"lerp_mode":"catmullrom","post":[0,0,0]},"10.0":{"lerp_mode":"catmullrom","post":[0,0,0]},"5.8333":{"lerp_mode":"catmullrom","post":[0,0,0]},"6.5":{"lerp_mode":"catmullrom","post":[105,0,0]},"6.7917":{"lerp_mode":"catmullrom","post":[105,0,40]},"7.2083":{"lerp_mode":"catmullrom","post":[105,0,-40]},"7.625":{"lerp_mode":"catmullrom","post":[105,0,40]},"8.0417":{"lerp_mode":"catmullrom","post":[105,0,-40]},"8.4583":{"lerp_mode":"catmullrom","post":[105,0,40]},"8.875":{"lerp_mode":"catmullrom","post":[105,0,-40]},"9.2917":{"lerp_mode":"catmullrom","post":[105,0,40]}}}},"loop":true}},"format_version":"1.8.0"}