{"animations":{"animation.farming_loop":{"animation_length":47.5,"bones":{"Head2":{"position":{"0.0":{"lerp_mode":"catmullrom","post":[0,0,0]},"33.75":{"lerp_mode":"catmullrom","post":[0,0,0]},"47.5":{"lerp_mode":"catmullrom","post":[0,0,0]}},"rotation":{"0.0":{"lerp_mode":"catmullrom","post":[11,0,0]},"0.4167":{"lerp_mode":"catmullrom","post":[16.77,0,0]},"0.5":{"lerp_mode":"catmullrom","post":[18.77,0,0]},"0.8333":{"lerp_mode":"catmullrom","post":[16.77,0,0]},"1.0833":{"lerp_mode":"catmullrom","post":[-13,0,0]},"1.1667":{"lerp_mode":"catmullrom","post":[-17,0,0]},"1.625":{"lerp_mode":"catmullrom","post":[-13,0,0]},"10.0":{"lerp_mode":"catmullrom","post":[16.77,0,0]},"10.0833":{"lerp_mode":"catmullrom","post":[18.77,0,0]},"10.4167":{"lerp_mode":"catmullrom","post":[16.77,0,0]},"10.6667":{"lerp_mode":"catmullrom","post":[-13,0,0]},"10.75":{"lerp_mode":"catmullrom","post":[-17,0,0]},"11.2083":{"lerp_mode":"catmullrom","post":[-13,0,0]},"11.5833":{"lerp_mode":"catmullrom","post":[11,0,0]},"11.9583":{"lerp_mode":"catmullrom","post":[16.77,0,0]},"12.0417":{"lerp_mode":"catmullrom","post":[18.77,0,0]},"12.375":{"lerp_mode":"catmullrom","post":[16.77,0,0]},"12.625":{"lerp_mode":"catmullrom","post":[-13,0,0]},"12.7083":{"lerp_mode":"catmullrom","post":[-17,0,0]},"13.1667":{"lerp_mode":"catmullrom","post":[-13,0,0]},"13.5417":{"lerp_mode":"catmullrom","post":[11,0,0]},"13.875":{"lerp_mode":"catmullrom","post":[16.77,0,0]},"13.9583":{"lerp_mode":"catmullrom","post":[18.77,0,0]},"14.2917":{"lerp_mode":"catmullrom","post":[16.77,0,0]},"14.5417":{"lerp_mode":"catmullrom","post":[-13,0,0]},"14.625":{"lerp_mode":"catmullrom","post":[-17,0,0]},"15.0833":{"lerp_mode":"catmullrom","post":[-13,0,0]},"15.4583":{"lerp_mode":"catmullrom","post":[11,0,0]},"15.75":{"lerp_mode":"catmullrom","post":[16.77,0,0]},"15.8333":{"lerp_mode":"catmullrom","post":[18.77,0,0]},"16.1667":{"lerp_mode":"catmullrom","post":[16.77,0,0]},"16.4167":{"lerp_mode":"catmullrom","post":[-13,0,0]},"16.5":{"lerp_mode":"catmullrom","post":[-17,0,0]},"16.9583":{"lerp_mode":"catmullrom","post":[-13,0,0]},"17.3333":{"lerp_mode":"catmullrom","post":[11,0,0]},"17.6667":{"lerp_mode":"catmullrom","post":[16.77,0,0]},"17.75":{"lerp_mode":"catmullrom","post":[18.77,0,0]},"18.0833":{"lerp_mode":"catmullrom","post":[16.77,0,0]},"18.3333":{"lerp_mode":"catmullrom","post":[-13,0,0]},"18.4167":{"lerp_mode":"catmullrom","post":[-17,0,0]},"18.875":{"lerp_mode":"catmullrom","post":[-13,0,0]},"19.25":{"lerp_mode":"catmullrom","post":[11,0,0]},"19.5417":{"lerp_mode":"catmullrom","post":[16.77,0,0]},"19.625":{"lerp_mode":"catmullrom","post":[18.77,0,0]},"19.9583":{"lerp_mode":"catmullrom","post":[16.77,0,0]},"2.0":{"lerp_mode":"catmullrom","post":[11,0,0]},"2.5":{"lerp_mode":"catmullrom","post":[16.77,0,0]},"2.5833":{"lerp_mode":"catmullrom","post":[18.77,0,0]},"2.9167":{"lerp_mode":"catmullrom","post":[16.77,0,0]},"20.2083":{"lerp_mode":"catmullrom","post":[-13,0,0]},"20.2917":{"lerp_mode":"catmullrom","post":[-17,0,0]},"20.75":{"lerp_mode":"catmullrom","post":[-13,0,0]},"21.125":{"lerp_mode":"catmullrom","post":[11,0,0]},"21.5":{"lerp_mode":"catmullrom","post":[16.77,0,0]},"21.5833":{"lerp_mode":"catmullrom","post":[18.77,0,0]},"21.9167":{"lerp_mode":"catmullrom","post":[16.77,0,0]},"22.1667":{"lerp_mode":"catmullrom","post":[-13,0,0]},"22.25":{"lerp_mode":"catmullrom","post":[-17,0,0]},"22.7083":{"lerp_mode":"catmullrom","post":[-13,0,0]},"23.0833":{"lerp_mode":"catmullrom","post":[11,0,0]},"23.375":{"lerp_mode":"catmullrom","post":[16.77,0,0]},"23.4583":{"lerp_mode":"catmullrom","post":[18.77,0,0]},"23.7917":{"lerp_mode":"catmullrom","post":[16.77,0,0]},"24.0417":{"lerp_mode":"catmullrom","post":[-13,0,0]},"24.125":{"lerp_mode":"catmullrom","post":[-17,0,0]},"24.5833":{"lerp_mode":"catmullrom","post":[-13,0,0]},"24.9583":{"lerp_mode":"catmullrom","post":[11,0,0]},"25.3333":{"lerp_mode":"catmullrom","post":[16.77,0,0]},"25.4167":{"lerp_mode":"catmullrom","post":[18.77,0,0]},"25.75":{"lerp_mode":"catmullrom","post":[16.77,0,0]},"26.0":{"lerp_mode":"catmullrom","post":[-13,0,0]},"26.0833":{"lerp_mode":"catmullrom","post":[-17,0,0]},"26.5417":{"lerp_mode":"catmullrom","post":[-13,0,0]},"26.9167":{"lerp_mode":"catmullrom","post":[11,0,0]},"27.5":{"lerp_mode":"catmullrom","post":[11,0,0]},"28.8333":{"lerp_mode":"catmullrom","post":[13,0,0]},"3.1667":{"lerp_mode":"catmullrom","post":[-13,0,0]},"3.25":{"lerp_mode":"catmullrom","post":[-17,0,0]},"3.7083":{"lerp_mode":"catmullrom","post":[-13,0,0]},"30.2917":{"lerp_mode":"catmullrom","post":[-24.78575,2.06903,11.82286]},"31.1667":{"lerp_mode":"catmullrom","post":[22.28575,-0.96438,19.22666]},"32.25":{"lerp_mode":"catmullrom","post":[32.13663,-0.97797,19.25984]},"32.875":{"lerp_mode":"catmullrom","post":[0.31352,-0.97798,19.25985]},"33.4167":{"lerp_mode":"catmullrom","post":[-11.15385,-2.54489,11.41163]},"33.75":{"lerp_mode":"catmullrom","post":[11,0,0]},"34.2083":{"lerp_mode":"catmullrom","post":[29,0,0]},"34.5833":{"lerp_mode":"catmullrom","post":[-6,0,0]},"35.125":{"lerp_mode":"catmullrom","post":[16.77,0,0]},"35.2083":{"lerp_mode":"catmullrom","post":[18.77,0,0]},"35.5417":{"lerp_mode":"catmullrom","post":[16.77,0,0]},"35.7917":{"lerp_mode":"catmullrom","post":[-13,0,0]},"35.875":{"lerp_mode":"catmullrom","post":[-17,0,0]},"36.3333":{"lerp_mode":"catmullrom","post":[-13,0,0]},"36.7083":{"lerp_mode":"catmullrom","post":[11,0,0]},"37.2083":{"lerp_mode":"catmullrom","post":[16.77,0,0]},"37.2917":{"lerp_mode":"catmullrom","post":[18.77,0,0]},"37.625":{"lerp_mode":"catmullrom","post":[16.77,0,0]},"37.875":{"lerp_mode":"catmullrom","post":[-13,0,0]},"37.9583":{"lerp_mode":"catmullrom","post":[-17,0,0]},"38.4167":{"lerp_mode":"catmullrom","post":[-13,0,0]},"38.7917":{"lerp_mode":"catmullrom","post":[11,0,0]},"39.2083":{"lerp_mode":"catmullrom","post":[16.77,0,0]},"39.2917":{"lerp_mode":"catmullrom","post":[18.77,0,0]},"39.625":{"lerp_mode":"catmullrom","post":[16.77,0,0]},"39.875":{"lerp_mode":"catmullrom","post":[-13,0,0]},"39.9583":{"lerp_mode":"catmullrom","post":[-17,0,0]},"4.0833":{"lerp_mode":"catmullrom","post":[11,0,0]},"4.5":{"lerp_mode":"catmullrom","post":[16.77,0,0]},"4.5833":{"lerp_mode":"catmullrom","post":[18.77,0,0]},"4.9167":{"lerp_mode":"catmullrom","post":[16.77,0,0]},"40.4167":{"lerp_mode":"catmullrom","post":[-13,0,0]},"40.7917":{"lerp_mode":"catmullrom","post":[11,0,0]},"41.0417":{"lerp_mode":"catmullrom","post":[16.77,0,0]},"41.125":{"lerp_mode":"catmullrom","post":[18.77,0,0]},"41.4583":{"lerp_mode":"catmullrom","post":[16.77,0,0]},"41.7083":{"lerp_mode":"catmullrom","post":[-13,0,0]},"41.7917":{"lerp_mode":"catmullrom","post":[-17,0,0]},"42.25":{"lerp_mode":"catmullrom","post":[-13,0,0]},"42.625":{"lerp_mode":"catmullrom","post":[11,0,0]},"42.9167":{"lerp_mode":"catmullrom","post":[16.77,0,0]},"43.0":{"lerp_mode":"catmullrom","post":[18.77,0,0]},"43.3333":{"lerp_mode":"catmullrom","post":[16.77,0,0]},"43.5833":{"lerp_mode":"catmullrom","post":[-13,0,0]},"43.6667":{"lerp_mode":"catmullrom","post":[-17,0,0]},"43.875":{"lerp_mode":"catmullrom","post":[-13,0,0]},"44.25":{"lerp_mode":"catmullrom","post":[11,0,0]},"44.5":{"lerp_mode":"catmullrom","post":[16.77,0,0]},"44.5833":{"lerp_mode":"catmullrom","post":[18.77,0,0]},"44.9167":{"lerp_mode":"catmullrom","post":[16.77,0,0]},"45.1667":{"lerp_mode":"catmullrom","post":[-13,0,0]},"45.25":{"lerp_mode":"catmullrom","post":[-17,0,0]},"45.7083":{"lerp_mode":"catmullrom","post":[-13,0,0]},"46.0833":{"lerp_mode":"catmullrom","post":[11,0,0]},"46.375":{"lerp_mode":"catmullrom","post":[16.77,0,0]},"46.4583":{"lerp_mode":"catmullrom","post":[18.77,0,0]},"46.7917":{"lerp_mode":"catmullrom","post":[16.77,0,0]},"47.0417":{"lerp_mode":"catmullrom","post":[-13,0,0]},"47.125":{"lerp_mode":"catmullrom","post":[-17,0,0]},"47.5":{"lerp_mode":"catmullrom","post":[11,0,0]},"5.1667":{"lerp_mode":"catmullrom","post":[-13,0,0]},"5.25":{"lerp_mode":"catmullrom","post":[-17,0,0]},"5.7083":{"lerp_mode":"catmullrom","post":[-13,0,0]},"6.0833":{"lerp_mode":"catmullrom","post":[11,0,0]},"6.3333":{"lerp_mode":"catmullrom","post":[16.77,0,0]},"6.4167":{"lerp_mode":"catmullrom","post":[18.77,0,0]},"6.75":{"lerp_mode":"catmullrom","post":[16.77,0,0]},"7.0":{"lerp_mode":"catmullrom","post":[-13,0,0]},"7.0833":{"lerp_mode":"catmullrom","post":[-17,0,0]},"7.5417":{"lerp_mode":"catmullrom","post":[-13,0,0]},"7.9167":{"lerp_mode":"catmullrom","post":[11,0,0]},"8.2083":{"lerp_mode":"catmullrom","post":[16.77,0,0]},"8.2917":{"lerp_mode":"catmullrom","post":[18.77,0,0]},"8.625":{"lerp_mode":"catmullrom","post":[16.77,0,0]},"8.875":{"lerp_mode":"catmullrom","post":[-13,0,0]},"8.9583":{"lerp_mode":"catmullrom","post":[-17,0,0]},"9.4167":{"lerp_mode":"catmullrom","post":[-13,0,0]},"9.7917":{"lerp_mode":"catmullrom","post":[11,0,0]}},"scale":{"0.0":{"lerp_mode":"catmullrom","post":[1,1,1]},"33.75":{"lerp_mode":"catmullrom","post":[1,1,1]},"47.5":{"lerp_mode":"catmullrom","post":[1,1,1]}}},"House":{"position":[0,0,0],"rotation":{"13.4167":[0,0,0],"13.625":[0,0,-2],"13.8333":[0,0,4],"14.1667":[0,0,0],"37.875":[0,0,0],"38.0833":[0,0,-2],"38.2917":[0,0,4],"38.625":[0,0,0]},"scale":{"13.375":[1,1,1],"13.625":[1,1.05,1],"13.75":[1,0.85,1],"14.0":[1,1,1],"37.8333":[1,1,1],"38.0833":[1,1.05,1],"38.2083":[1,0.85,1],"38.4583":[1,1,1]}},"Player":{"position":{"0.0":{"lerp_mode":"catmullrom","post":[2,0,0]}},"rotation":{"0.0":{"lerp_mode":"catmullrom","post":[0,32.5,0]}}},"body":{"position":{"0.0":{"lerp_mode":"catmullrom","post":[0,-0.3,0]},"0.625":{"lerp_mode":"catmullrom","post":[0,0.3,0]},"1.2917":{"lerp_mode":"catmullrom","post":[0,-0.3,0]},"1.875":{"lerp_mode":"catmullrom","post":[0,-0.34,0]},"10.0417":{"lerp_mode":"catmullrom","post":[-9.8,-0.3,-1.1]},"12.9583":{"lerp_mode":"catmullrom","post":[-33.7,0.3,5.3]},"14.375":{"lerp_mode":"catmullrom","post":[-33.7,0.3,5.3]},"15.125":{"lerp_mode":"catmullrom","post":[-15.79,0.68,-4.24]},"15.875":{"lerp_mode":"catmullrom","post":[-15.79,0.68,-4.24]},"16.9167":{"lerp_mode":"catmullrom","post":[-15.79,0.68,-4.24]},"18.9167":{"lerp_mode":"catmullrom","post":[3.3,1.3,-30.7]},"2.0417":{"lerp_mode":"catmullrom","post":[0,-0.34,0]},"2.4167":{"lerp_mode":"catmullrom","post":[0,-0.3,0]},"2.5833":{"lerp_mode":"catmullrom","post":[0,-0.3,0]},"21.9167":{"lerp_mode":"catmullrom","post":[4.1,1.3,-30.7]},"23.3333":{"lerp_mode":"catmullrom","post":[4.1,1.3,-33.7]},"27.4167":{"lerp_mode":"catmullrom","post":[13.5,1.3,-27.3]},"33.1667":{"lerp_mode":"catmullrom","post":[13.5,1.3,-27.3]},"34.0":{"lerp_mode":"catmullrom","post":[13.5,1.3,-27.3]},"34.25":{"lerp_mode":"catmullrom","post":[13.5,1.3,-27.3]},"35.6667":{"lerp_mode":"catmullrom","post":[13.5,1.3,-27.3]},"36.2917":{"lerp_mode":"catmullrom","post":[-35.9,1.9,10.2]},"36.9167":{"lerp_mode":"catmullrom","post":[-35.79,1.81,10.98]},"37.7083":{"lerp_mode":"catmullrom","post":[-44.79,1.81,10.98]},"38.9583":{"lerp_mode":"catmullrom","post":[-35.07,0.3,9.77]},"39.5417":{"lerp_mode":"catmullrom","post":[-33,-0.3,9]},"4.2917":{"lerp_mode":"catmullrom","post":[-3,-0.3,0]},"41.0417":{"lerp_mode":"catmullrom","post":[-22.52,-0.46,6.05]},"42.1667":{"lerp_mode":"catmullrom","post":[-22.52,-0.46,6.05]},"44.5417":{"lerp_mode":"catmullrom","post":[0,-0.3,0]},"47.5":{"lerp_mode":"catmullrom","post":[0,-0.3,0]},"5.0833":{"lerp_mode":"catmullrom","post":[-6.9,-0.3,0]},"5.2917":{"lerp_mode":"catmullrom","post":[-8.4,-0.3,0]},"6.7083":{"lerp_mode":"catmullrom","post":[-8.4,-0.3,0]},"7.9583":{"lerp_mode":"catmullrom","post":[-2.9,-0.3,-4.6]},"9.25":{"lerp_mode":"catmullrom","post":[-4.8,-0.3,-4.6]}},"rotation":{"0.0":{"lerp_mode":"catmullrom","post":[0,0,-10]},"0.875":{"lerp_mode":"catmullrom","post":[0,0,4.88]},"1.875":{"lerp_mode":"catmullrom","post":[0,-6.39,-3.39]},"10.0833":{"lerp_mode":"catmullrom","post":[-178.15581,66.03139,-188.6493]},"10.5833":{"lerp_mode":"catmullrom","post":[-175.67608,80.01456,-186.0759]},"10.875":{"lerp_mode":"catmullrom","post":[-175.67608,80.01456,-186.0759]},"11.6667":{"lerp_mode":"catmullrom","post":[-3.90503,78.93253,-14.16718]},"12.25":{"lerp_mode":"catmullrom","post":[-154.52494,56.95452,-169.47129]},"12.9583":{"lerp_mode":"catmullrom","post":[-177.99742,68.03027,-188.4773]},"14.375":{"lerp_mode":"catmullrom","post":[-177.99742,68.03027,-188.4773]},"14.75":{"lerp_mode":"catmullrom","post":[-80.95645,79.90579,-84.99272]},"15.375":{"lerp_mode":"catmullrom","post":[10.12134,-48.80519,1.41561]},"15.875":{"lerp_mode":"catmullrom","post":[10.12134,-48.80519,1.41561]},"16.9167":{"lerp_mode":"catmullrom","post":[10.12134,-48.80519,1.41561]},"18.9167":{"lerp_mode":"catmullrom","post":[14.25653,24.56626,5.07653]},"19.1667":{"lerp_mode":"catmullrom","post":[34.03296,35.34684,8.42111]},"19.6667":{"lerp_mode":"catmullrom","post":[-3.13075,35.969,8.61379]},"2.0417":{"lerp_mode":"catmullrom","post":[0,-6.39,-3.39]},"2.5833":{"lerp_mode":"catmullrom","post":[0,0,-10]},"20.0417":{"lerp_mode":"catmullrom","post":[14.669,35.98385,8.61803]},"21.7083":{"lerp_mode":"catmullrom","post":[14.669,35.98385,8.61803]},"22.0":{"lerp_mode":"catmullrom","post":[22.54,35.74,8.54]},"24.0833":{"lerp_mode":"catmullrom","post":[26.90599,35.1907,8.37272]},"24.8333":{"lerp_mode":"catmullrom","post":[26.90599,35.1907,8.37272]},"25.5417":{"lerp_mode":"catmullrom","post":[0,-117.25878,0]},"26.2917":{"lerp_mode":"catmullrom","post":[0,-74.75878,0]},"27.1667":{"lerp_mode":"catmullrom","post":[187,-81.74,-180]},"27.875":{"lerp_mode":"catmullrom","post":[178,-81.74,-180]},"3.5":{"lerp_mode":"catmullrom","post":[0,90,-10]},"33.1667":{"lerp_mode":"catmullrom","post":[178,-81.74,-180]},"34.25":{"lerp_mode":"catmullrom","post":[179.6896,22.25474,-182.09682]},"34.875":{"lerp_mode":"catmullrom","post":[173.2701,21.26439,-199.30056]},"35.1667":{"lerp_mode":"catmullrom","post":[173.2701,21.26439,-199.30056]},"35.5417":{"lerp_mode":"catmullrom","post":[185.95815,20.69057,-164.57705]},"35.875":{"lerp_mode":"catmullrom","post":[187.41324,38.71466,-161.58126]},"36.2917":{"lerp_mode":"catmullrom","post":[181.73372,22.19259,-176.69572]},"36.875":{"lerp_mode":"catmullrom","post":[358.19526,-27.19021,3.47413]},"38.4583":{"lerp_mode":"catmullrom","post":[358.19526,-27.19021,3.47413]},"39.2917":{"lerp_mode":"catmullrom","post":[0,0,-10]},"4.2917":{"lerp_mode":"catmullrom","post":[-180,77,-190]},"41.0417":{"lerp_mode":"catmullrom","post":[2.88189,-53.59568,-5.96732]},"42.1667":{"lerp_mode":"catmullrom","post":[2.88189,-53.59568,-5.96732]},"43.8333":{"lerp_mode":"catmullrom","post":[5.88189,-53.59568,-5.96732]},"44.5417":{"lerp_mode":"catmullrom","post":[0,0,-10]},"45.0833":{"lerp_mode":"catmullrom","post":[0,0,10]},"45.5417":{"lerp_mode":"catmullrom","post":[0,0,19]},"46.0833":{"lerp_mode":"catmullrom","post":[0,0,-9]},"46.75":{"lerp_mode":"catmullrom","post":[0,0,20.89]},"47.5":{"lerp_mode":"catmullrom","post":[0,0,-10]},"5.0833":{"lerp_mode":"catmullrom","post":[-192,77,-190]},"5.2917":{"lerp_mode":"catmullrom","post":[-187.20907,68.11792,-184.99355]},"6.7083":{"lerp_mode":"catmullrom","post":[-189.70907,68.11792,-184.99355]},"7.9583":{"lerp_mode":"catmullrom","post":[-183.70424,13.37531,-176.83008]},"9.25":{"lerp_mode":"catmullrom","post":[-177.43331,73.02636,-187.87954]}},"scale":{"33.1667":[1,1,1],"37.2083":[1,1,1],"38.375":[0,0,0],"39.5833":[1,1,1]}},"body2":{"position":{"0.2917":[0,-0.5,0],"1.5":{"lerp_mode":"catmullrom","post":[0,0.2,0],"pre":[0,0.2,0]},"10.0":{"lerp_mode":"catmullrom","post":[0,0.2,0],"pre":[0,0.2,0]},"10.5":{"lerp_mode":"catmullrom","post":[0,-0.5,0]},"10.875":[0,-0.5,0],"12.0833":{"lerp_mode":"catmullrom","post":[0,0.2,0],"pre":[0,0.2,0]},"12.5833":{"lerp_mode":"catmullrom","post":[0,-0.5,0]},"13.0":[0,-0.5,0],"14.2083":{"lerp_mode":"catmullrom","post":[0,0.2,0],"pre":[0,0.2,0]},"14.7083":{"lerp_mode":"catmullrom","post":[0,-0.5,0]},"15.2917":[0,-0.5,0],"16.5":{"lerp_mode":"catmullrom","post":[0,0.2,0],"pre":[0,0.2,0]},"17.0":{"lerp_mode":"catmullrom","post":[0,-0.5,0]},"17.375":[0,-0.5,0],"18.5833":{"lerp_mode":"catmullrom","post":[0,0.2,0],"pre":[0,0.2,0]},"19.0833":{"lerp_mode":"catmullrom","post":[0,-0.5,0]},"19.4583":[0,-0.5,0],"2.0":{"lerp_mode":"catmullrom","post":[0,-0.5,0]},"2.5833":[0,-0.5,0],"20.6667":{"lerp_mode":"catmullrom","post":[0,0.2,0],"pre":[0,0.2,0]},"21.1667":{"lerp_mode":"catmullrom","post":[0,-0.5,0]},"21.5":[0,-0.5,0],"22.7083":{"lerp_mode":"catmullrom","post":[0,0.2,0],"pre":[0,0.2,0]},"23.2083":{"lerp_mode":"catmullrom","post":[0,-0.5,0]},"23.5833":[0,-0.5,0],"24.7917":{"lerp_mode":"catmullrom","post":[0,0.2,0],"pre":[0,0.2,0]},"25.2917":{"lerp_mode":"catmullrom","post":[0,-0.5,0]},"27.4167":{"lerp_mode":"catmullrom","post":[0,-0.5,0]},"3.7917":{"lerp_mode":"catmullrom","post":[0,0.2,0],"pre":[0,0.2,0]},"31.0":{"lerp_mode":"catmullrom","post":[0,-0.5,0]},"31.3333":{"lerp_mode":"catmullrom","post":[0,0.3,0]},"31.7083":{"lerp_mode":"catmullrom","post":[0,4.2,0]},"32.1667":{"lerp_mode":"catmullrom","post":[0,-1.6,0]},"34.0417":{"lerp_mode":"catmullrom","post":[0,-0.5,0]},"34.5417":[0,-0.5,0],"35.75":{"lerp_mode":"catmullrom","post":[0,0.2,0],"pre":[0,0.2,0]},"36.25":{"lerp_mode":"catmullrom","post":[0,-0.5,0]},"36.625":[0,-0.5,0],"37.375":[0,-0.5,0],"38.5833":{"lerp_mode":"catmullrom","post":[0,0.2,0],"pre":[0,0.2,0]},"39.0833":{"lerp_mode":"catmullrom","post":[0,-0.5,0]},"39.4583":[0,-0.5,0],"4.2917":{"lerp_mode":"catmullrom","post":[0,-0.5,0]},"4.6667":[0,-0.5,0],"40.125":[0,-0.5,0],"41.3333":{"lerp_mode":"catmullrom","post":[0,0.2,0],"pre":[0,0.2,0]},"41.8333":{"lerp_mode":"catmullrom","post":[0,-0.5,0]},"42.2083":[0,-0.5,0],"42.7917":[0,-0.5,0],"44.0":{"lerp_mode":"catmullrom","post":[0,0.2,0],"pre":[0,0.2,0]},"44.5":{"lerp_mode":"catmullrom","post":[0,-0.5,0]},"44.875":[0,-0.5,0],"45.9167":{"lerp_mode":"catmullrom","post":[0,0.2,0],"pre":[0,0.2,0]},"46.4167":{"lerp_mode":"catmullrom","post":[0,-0.5,0]},"46.7917":[0,-0.5,0],"47.5":[0,-0.5,0],"5.875":{"lerp_mode":"catmullrom","post":[0,0.2,0],"pre":[0,0.2,0]},"6.375":{"lerp_mode":"catmullrom","post":[0,-0.5,0]},"6.75":[0,-0.5,0],"7.9583":{"lerp_mode":"catmullrom","post":[0,0.2,0],"pre":[0,0.2,0]},"8.4583":{"lerp_mode":"catmullrom","post":[0,-0.5,0]},"8.7917":[0,-0.5,0]},"rotation":{"0.0":{"lerp_mode":"catmullrom","post":[0,0,0]},"0.4167":{"lerp_mode":"catmullrom","post":[10,0,0]},"1.0833":{"lerp_mode":"catmullrom","post":[-5,0,0]},"10.5":{"lerp_mode":"catmullrom","post":[0,0,0]},"11.0":{"lerp_mode":"catmullrom","post":[10,0,0]},"11.6667":{"lerp_mode":"catmullrom","post":[-5,0,0]},"12.5833":{"lerp_mode":"catmullrom","post":[0,0,0]},"13.125":{"lerp_mode":"catmullrom","post":[10,0,0]},"13.7917":{"lerp_mode":"catmullrom","post":[-5,0,0]},"14.7083":{"lerp_mode":"catmullrom","post":[0,0,0]},"15.4167":{"lerp_mode":"catmullrom","post":[10,0,0]},"16.0833":{"lerp_mode":"catmullrom","post":[-5,0,0]},"17.0":{"lerp_mode":"catmullrom","post":[0,0,0]},"17.5":{"lerp_mode":"catmullrom","post":[10,0,0]},"18.1667":{"lerp_mode":"catmullrom","post":[-5,0,0]},"19.0833":{"lerp_mode":"catmullrom","post":[0,0,0]},"19.5833":{"lerp_mode":"catmullrom","post":[10,0,0]},"2.0":{"lerp_mode":"catmullrom","post":[0,0,0]},"2.7083":{"lerp_mode":"catmullrom","post":[10,0,0]},"20.25":{"lerp_mode":"catmullrom","post":[-5,0,0]},"21.1667":{"lerp_mode":"catmullrom","post":[0,0,0]},"21.625":{"lerp_mode":"catmullrom","post":[10,0,0]},"22.2917":{"lerp_mode":"catmullrom","post":[-5,0,0]},"23.2083":{"lerp_mode":"catmullrom","post":[0,0,0]},"23.7083":{"lerp_mode":"catmullrom","post":[10,0,0]},"24.375":{"lerp_mode":"catmullrom","post":[-5,0,0]},"25.2917":{"lerp_mode":"catmullrom","post":[0,0,0]},"27.4167":{"lerp_mode":"catmullrom","post":[0,0,0]},"28.2083":{"lerp_mode":"catmullrom","post":[-3.88714,-27.24513,8.44236]},"28.9583":{"lerp_mode":"catmullrom","post":[-15.48073,-36.25413,25.09567]},"29.6667":{"lerp_mode":"catmullrom","post":[5.63615,-38.655,-8.97818]},"3.375":{"lerp_mode":"catmullrom","post":[-5,0,0]},"30.6667":{"lerp_mode":"catmullrom","post":[5.99933,-42.54971,-9.5374]},"31.0":{"lerp_mode":"catmullrom","post":[6,-42.55,-9.54]},"31.3333":{"lerp_mode":"catmullrom","post":[-17.23112,-39.90759,25.09522]},"31.7083":{"lerp_mode":"catmullrom","post":[15.60445,-40.47497,-23.98572]},"32.1667":{"lerp_mode":"catmullrom","post":[-4.1719,-42.72671,5.43058]},"33.75":{"lerp_mode":"catmullrom","post":[0,0,0]},"34.6667":{"lerp_mode":"catmullrom","post":[10,0,0]},"35.3333":{"lerp_mode":"catmullrom","post":[-5,0,0]},"36.25":{"lerp_mode":"catmullrom","post":[0,0,0]},"36.75":{"lerp_mode":"catmullrom","post":[10,0,0]},"37.5":{"lerp_mode":"catmullrom","post":[10,0,0]},"38.1667":{"lerp_mode":"catmullrom","post":[-5,0,0]},"39.0833":{"lerp_mode":"catmullrom","post":[0,0,0]},"39.5833":{"lerp_mode":"catmullrom","post":[10,0,0]},"4.2917":{"lerp_mode":"catmullrom","post":[0,0,0]},"4.7917":{"lerp_mode":"catmullrom","post":[10,0,0]},"40.25":{"lerp_mode":"catmullrom","post":[10,0,0]},"40.9167":{"lerp_mode":"catmullrom","post":[-5,0,0]},"41.8333":{"lerp_mode":"catmullrom","post":[0,0,0]},"42.3333":{"lerp_mode":"catmullrom","post":[10,0,0]},"42.9167":{"lerp_mode":"catmullrom","post":[10,0,0]},"43.5833":{"lerp_mode":"catmullrom","post":[-5,0,0]},"44.5":{"lerp_mode":"catmullrom","post":[0,0,0]},"45.0":{"lerp_mode":"catmullrom","post":[10,0,0]},"45.5":{"lerp_mode":"catmullrom","post":[-5,0,0]},"46.4167":{"lerp_mode":"catmullrom","post":[0,0,0]},"46.9167":{"lerp_mode":"catmullrom","post":[10,0,0]},"47.5":{"lerp_mode":"catmullrom","post":[0,0,0]},"5.4583":{"lerp_mode":"catmullrom","post":[-5,0,0]},"6.375":{"lerp_mode":"catmullrom","post":[0,0,0]},"6.875":{"lerp_mode":"catmullrom","post":[10,0,0]},"7.5417":{"lerp_mode":"catmullrom","post":[-5,0,0]},"8.4583":{"lerp_mode":"catmullrom","post":[0,0,0]},"8.9167":{"lerp_mode":"catmullrom","post":[10,0,0]},"9.5833":{"lerp_mode":"catmullrom","post":[-5,0,0]}},"scale":{"0.0":{"lerp_mode":"catmullrom","post":[1,1,1]},"33.75":{"lerp_mode":"catmullrom","post":[1,1,1]},"47.5":{"lerp_mode":"catmullrom","post":[1,1,1]}}},"door1":{"position":{"0.0":[0,0,0],"42.7917":[0,0,0],"43.6667":[0,0,0],"5.5417":[0,0,0],"5.875":[0,0,0],"8.3333":[0,0,0]},"rotation":{"0.0":[0,0,0],"42.7917":{"lerp_mode":"catmullrom","post":[0,89.5,0]},"43.6667":{"lerp_mode":"catmullrom","post":[0,0,0]},"5.5417":[0,0,0],"5.875":[0,-1,0],"6.8333":[0,89.5,0],"7.7917":{"lerp_mode":"catmullrom","post":[0,89.5,0],"pre":[0,89.5,0]},"8.3333":{"lerp_mode":"catmullrom","post":[0,89.5,0]}},"scale":{"0.0":[1,1,1],"42.7917":[1,1,1],"43.6667":[1,1,1],"5.5417":[1,1,1],"5.875":[1,1,1],"8.3333":[1,1,1]}},"door2":{"position":{"0.0":[0,0,0],"44.0833":[0,0,0],"45.5833":[0,0,0],"6.75":[0,0,0],"7.25":[0,0,0],"9.125":[0,0,0]},"rotation":{"0.0":[0,0,0],"44.0833":[0,-120,0],"45.5833":[0,0,0],"6.75":[0,0,0],"7.25":[0,1,0],"8.125":[0,-113,0],"9.1667":[0,-120,0]},"scale":{"0.0":[1,1,1],"44.0833":[1,1,1],"45.5833":[1,1,1],"6.75":[1,1,1],"7.25":[1,1,1],"9.125":[1,1,1]}},"eye1":{"position":{"0.0":[0,0,0],"0.875":[0,-1,0],"1.0833":[0,0,0]},"scale":{"0.0":[1,1,1],"0.5833":[1,1,1],"0.875":[1,0.3,1],"1.2083":[0,0,0],"1.375":[1,1,1]}},"eye2":{"scale":{"0.0":[1,0,1],"0.7083":[1,0,1],"0.875":{"post":[1,1,1],"pre":[1,0,1]},"1.3333":[1,0.6,1],"1.375":[0,0,0]}},"handl":{"position":{"0.0":{"lerp_mode":"catmullrom","post":[0,0,0]},"0.625":{"lerp_mode":"catmullrom","post":[0,1.7,0]},"1.625":{"lerp_mode":"catmullrom","post":[0,0.5,0]},"1.875":{"lerp_mode":"catmullrom","post":[0,0.37,1.08]},"19.0":{"lerp_mode":"catmullrom","post":[0,0,0]},"19.2917":{"lerp_mode":"catmullrom","post":[0,0,0]},"2.0417":{"lerp_mode":"catmullrom","post":[0,0.37,1.08]},"2.3333":{"lerp_mode":"catmullrom","post":[0,0.33,3]},"2.625":{"lerp_mode":"catmullrom","post":[0,0,0]},"20.5417":{"lerp_mode":"catmullrom","post":[-5,-0.7,-7]},"22.375":{"lerp_mode":"catmullrom","post":[4,0.3,-21]},"23.4583":{"lerp_mode":"catmullrom","post":[4,9.3,-21]},"24.125":{"lerp_mode":"catmullrom","post":[-2,1.3,-3]},"39.7083":{"lerp_mode":"catmullrom","post":[0,0,0]},"44.875":{"lerp_mode":"catmullrom","post":[0,0,0]},"5.375":{"lerp_mode":"catmullrom","post":[0,0,0]},"7.1667":[11.1,4,-12],"7.75":[4.87,4,-8.59],"8.4583":[-6.45,4,-11.1],"9.2917":{"lerp_mode":"catmullrom","post":[0,0,0],"pre":[0,0,0]}},"rotation":{"0.0":{"lerp_mode":"catmullrom","post":[0,0,17.5]},"1.875":{"lerp_mode":"catmullrom","post":[0,0,17.5]},"19.0":{"lerp_mode":"catmullrom","post":[-2.5,0,17.5]},"19.2917":{"lerp_mode":"catmullrom","post":[-116.87788,-23.30447,-15.69958]},"2.0417":{"lerp_mode":"catmullrom","post":[0,0,17.5]},"2.625":{"lerp_mode":"catmullrom","post":[0,0,17.5]},"20.5417":{"lerp_mode":"catmullrom","post":[0,15,-72.5]},"22.375":{"lerp_mode":"catmullrom","post":[24.1335,-3.22189,-80.82412]},"23.4583":{"lerp_mode":"catmullrom","post":[-53.32224,-14.1107,9.98668]},"24.125":{"lerp_mode":"catmullrom","post":[-163.32224,-14.1107,9.98668]},"24.6667":{"lerp_mode":"catmullrom","post":[-174.32224,-14.1107,9.98668]},"36.4583":{"lerp_mode":"catmullrom","post":[-174.57334,-14.20746,11.01317]},"39.7083":{"lerp_mode":"catmullrom","post":[0,0,17.5]},"44.875":{"lerp_mode":"catmullrom","post":[0,0,17.5]}},"scale":{"0.0":[1,1,1],"39.7083":[1,1,1],"44.875":[1,1,1]}},"handr":{"position":{"0.0":{"lerp_mode":"catmullrom","post":[0,0,0]},"0.625":{"lerp_mode":"catmullrom","post":[0,1.7,0]},"1.625":{"lerp_mode":"catmullrom","post":[0,0.5,0]},"1.875":{"lerp_mode":"catmullrom","post":[0,0.37,0.61]},"15.75":{"lerp_mode":"catmullrom","post":[2.1,0.34,4.87]},"17.0833":{"lerp_mode":"catmullrom","post":[2.1,-1.01,4.98]},"17.5417":{"lerp_mode":"catmullrom","post":[2.1,0.21,5]},"18.4167":{"lerp_mode":"catmullrom","post":[2.1,-1.13,5.05]},"19.4583":{"lerp_mode":"catmullrom","post":[2.1,-0.14,5.02]},"2.0417":{"lerp_mode":"catmullrom","post":[0,0.37,0.61]},"2.3333":{"lerp_mode":"catmullrom","post":[0,0.33,1.7]},"2.625":{"lerp_mode":"catmullrom","post":[0,0,0]},"29.9167":{"lerp_mode":"catmullrom","post":[2.1,1,4.4]},"3.125":{"lerp_mode":"catmullrom","post":[-1.8,0,-5.5]},"30.5":{"lerp_mode":"catmullrom","post":[2.1,3.3,-5.4]},"31.7917":{"lerp_mode":"catmullrom","post":[2.1,3.3,-5.4]},"32.0417":{"lerp_mode":"catmullrom","post":[2.1,2.3,-5.4]},"32.9167":{"lerp_mode":"catmullrom","post":[2.1,3.3,-5.4]},"36.0833":{"lerp_mode":"catmullrom","post":[2.1,0.4,2.8]},"4.375":{"lerp_mode":"catmullrom","post":[1.2,1.3,0.9]},"44.875":{"lerp_mode":"catmullrom","post":[0,0,0]},"5.5":{"lerp_mode":"catmullrom","post":[0.6,4.6,-9.9]},"5.9583":{"lerp_mode":"catmullrom","post":[0.6,4.6,-8.9]},"6.4167":{"lerp_mode":"catmullrom","post":[6.6,4.6,-1]},"7.4167":{"lerp_mode":"catmullrom","post":[2.1,2.2,4.4]},"7.9167":{"lerp_mode":"catmullrom","post":[2.1,1,4.4]},"8.9167":{"lerp_mode":"catmullrom","post":[2.1,1,4.4]}},"rotation":{"0.0":{"lerp_mode":"catmullrom","post":[0,0,47.5]},"1.875":{"lerp_mode":"catmullrom","post":[0,0,32.37]},"2.0417":{"lerp_mode":"catmullrom","post":[0,0,32.37]},"29.9167":{"lerp_mode":"catmullrom","post":[-14,0,19.5]},"30.5":{"lerp_mode":"catmullrom","post":[9.11032,8.88829,20.91931]},"31.7917":{"lerp_mode":"catmullrom","post":[9.11,8.89,20.92]},"33.6667":{"lerp_mode":"catmullrom","post":[1.25544,12.4119,-19.26675]},"34.5833":{"lerp_mode":"catmullrom","post":[12.19464,3.22653,50.27455]},"35.0":{"lerp_mode":"catmullrom","post":[12.69472,0.01962,65.23097]},"35.3333":{"lerp_mode":"catmullrom","post":[8.14529,7.9998,19.79983]},"35.6667":{"lerp_mode":"catmullrom","post":[9.87583,6.7482,30.27336]},"36.0833":{"lerp_mode":"catmullrom","post":[6.49732,10.93871,5.83311]},"40.9167":{"lerp_mode":"catmullrom","post":[5.18532,2.32539,65.88013]},"41.9583":{"lerp_mode":"catmullrom","post":[3.59326,2.06545,53.20014]},"42.5833":{"lerp_mode":"catmullrom","post":[3.26398,-0.78012,95.34893]},"44.875":{"lerp_mode":"catmullrom","post":[0,0,47.5]},"5.2917":{"lerp_mode":"catmullrom","post":[0,0,2.5]},"5.6667":{"lerp_mode":"catmullrom","post":[0,0,19.5]},"7.9167":{"lerp_mode":"catmullrom","post":[-14,0,19.5]},"8.9167":{"lerp_mode":"catmullrom","post":[-14,0,19.5]}}},"hat":{"position":{"0.0":[0,0,0],"2.0":[0,0,0],"34.125":[0,0,0],"44.2083":[0,0,0],"44.875":[0,0,0]},"rotation":{"0.0":[0,0,0],"0.7083":[0,0,-5],"1.4583":[0,0,5.5],"2.0":[0,0,0],"34.125":[0,0,0],"34.5":[0,0,6],"34.875":[0.52107,-0.47176,-3.12972],"35.3333":[0.47797,-0.51538,1.87028],"35.625":[0.45034,-0.53969,4.87031],"35.9583":[0,0,0],"41.0417":[0.45034,-0.53969,4.87031],"44.2083":[0.45,-0.54,4.87],"44.875":[0,0,0]},"scale":{"34.125":[1,1,1],"44.2083":[1,1,1]}},"head":{"position":{"0.0":[0,0,0],"0.6667":[0,0,0],"0.7917":[0,-1.2,0],"1.125":[0,0,0],"1.4583":[0,0,-1.1],"1.625":[0,0,-2.7],"1.875":[0,0,-2.31],"2.0417":[0,0,-2.31],"2.4583":[0,0,-1.4],"20.125":[0,-0.6,-1.4],"3.0417":[0,0,-1.4],"3.2917":[0,-0.6,-1.4],"34.0417":[0,-0.6,-1.4],"43.875":[0,0,0],"47.5":[0,0,0]},"rotation":{"0.0":{"lerp_mode":"catmullrom","post":[-5,0,-5]},"0.6667":{"lerp_mode":"catmullrom","post":[-4.92442,0.86717,4.96271]},"1.5417":{"lerp_mode":"catmullrom","post":[-15.25702,-2.45206,-7.09139]},"1.875":{"lerp_mode":"catmullrom","post":[-10.7,-5.06,-8.15]},"2.0417":{"lerp_mode":"catmullrom","post":[-10.7,-5.06,-8.15]},"2.5":{"lerp_mode":"catmullrom","post":[2.24298,-2.45206,-7.09139]},"20.125":{"lerp_mode":"catmullrom","post":[-10.54,-7.15,1.21]},"21.4583":{"lerp_mode":"catmullrom","post":[-10.20146,-8.63008,1.47334]},"22.4583":{"lerp_mode":"catmullrom","post":[-10.57866,-17.48314,3.1379]},"24.0833":{"lerp_mode":"catmullrom","post":[-7.98916,-18.77613,-5.17027]},"25.5":{"lerp_mode":"catmullrom","post":[-12.7104,-53.26817,2.48968]},"26.125":{"lerp_mode":"catmullrom","post":[1.88326,-21.25149,-4.79757]},"3.125":{"lerp_mode":"catmullrom","post":[6.35903,57.4315,-2.78198]},"3.7917":{"lerp_mode":"catmullrom","post":[2.34779,-2.35192,-9.59158]},"34.0417":{"lerp_mode":"catmullrom","post":[1.88,-21.25,-4.8]},"34.4167":{"lerp_mode":"catmullrom","post":[1.02783,-3.30509,-2.31353]},"34.7917":{"lerp_mode":"catmullrom","post":[0.49758,-3.42514,6.70124]},"35.1667":{"lerp_mode":"catmullrom","post":[1.02783,-3.30509,-2.31353]},"43.875":{"lerp_mode":"catmullrom","post":[-5,0,-5]},"45.25":{"lerp_mode":"catmullrom","post":[-4.98788,0.34834,-1.01517]},"47.5":{"lerp_mode":"catmullrom","post":[-5,0,-5]},"7.9167":{"lerp_mode":"catmullrom","post":[1.90373,-2.72379,0.41136]},"9.1667":{"lerp_mode":"catmullrom","post":[-10.09627,-2.72379,0.41136]}},"scale":{"0.0":[1,1,1],"34.0417":[1,1,1],"43.875":[1,1,1],"47.5":[1,1,1]}},"hoe":{"position":{"0.0":[0,0,0],"36.4583":{"lerp_mode":"catmullrom","post":[0,0,0],"pre":[0,0,0]}},"rotation":{"0.0":{"lerp_mode":"catmullrom","post":[-90,0,0]},"13.25":{"lerp_mode":"catmullrom","post":[-90,0,0]},"13.6667":{"lerp_mode":"catmullrom","post":[0,0,0]},"36.0833":{"lerp_mode":"catmullrom","post":[0,0,0]},"36.4583":{"lerp_mode":"catmullrom","post":[0,0,0]}},"scale":{"0.0":[0,0,0],"13.25":[0,0,0],"13.6667":{"lerp_mode":"catmullrom","post":[1,1,1],"pre":[1,1,1]},"36.0833":{"lerp_mode":"catmullrom","post":[1,1,1]},"36.4583":{"lerp_mode":"catmullrom","post":[1,1,1]},"36.75":[1,0,0]}},"leg1":{"position":{"27.6667":[0,0,0],"28.2083":[0,2.5,-2.3],"29.0417":[1,2.5,-4.4],"29.8333":[1,0.1,-6],"30.8333":[1,0.1,-6],"31.3333":[3,4.5,-6],"32.0417":[3,0.3,-6],"32.9167":[3,2.7,-6],"33.3333":[-1.4,2.7,0.4],"33.7083":[-1.4,0.3,0.4],"34.0":[-1.9,0.3,0.4],"34.3333":[0,0,0]},"rotation":{"27.6667":[0,0,0],"31.0833":[0,0,0],"31.75":[0,0,-17],"32.2917":[0,0,0],"32.9167":[0,0,-35],"33.5417":[0,0,11],"33.9583":[0,0,2],"34.25":[0,0,0],"34.4583":[0,0,-6],"34.6667":[0,0,0]}},"leg2":{"position":{"31.2083":[0,0,0],"31.75":[0,3.1,0],"32.375":[0,-0.1,0],"32.75":[0,0,0]},"rotation":{"31.2083":[0,0,0],"31.625":[0,0,-26],"32.2083":[0,0,3],"32.75":[0,0,0]},"scale":1},"leg3":{"position":{"27.6667":{"lerp_mode":"catmullrom","post":[0,0,0],"pre":[0,0,0]},"28.5417":{"lerp_mode":"catmullrom","post":[0,0.5,0]},"28.8333":{"lerp_mode":"catmullrom","post":[0,2.47,-1.4]},"29.25":{"lerp_mode":"catmullrom","post":[0,1.4,-3.4]},"29.625":{"lerp_mode":"catmullrom","post":[0,-0.1,-4.3]},"30.0833":{"lerp_mode":"catmullrom","post":[0,-0.4,-4.3]},"30.4167":{"lerp_mode":"catmullrom","post":[0,-0.2,-4.3]},"31.4167":{"lerp_mode":"catmullrom","post":[0,3.1,-4.3]},"32.0":{"lerp_mode":"catmullrom","post":[0,0,-4.3]},"32.625":{"lerp_mode":"catmullrom","post":[0,0,0]}},"rotation":{"0.0":{"lerp_mode":"catmullrom","post":[0,0,0]}}},"leg4":{"position":{"31.0":{"lerp_mode":"catmullrom","post":[0,0,0],"pre":[0,0,0]},"31.7917":{"lerp_mode":"catmullrom","post":[0,4.4,0]},"32.2917":{"lerp_mode":"catmullrom","post":[0,0,0]}},"rotation":{"31.0":{"lerp_mode":"catmullrom","post":[0,0,0],"pre":[0,0,0]},"31.1667":{"lerp_mode":"catmullrom","post":[0,0,4.06]},"31.7917":{"lerp_mode":"catmullrom","post":[0,0,-6]},"32.0417":{"lerp_mode":"catmullrom","post":[0,0,-37.19]},"32.2917":{"lerp_mode":"catmullrom","post":[0,0,0]},"32.7083":{"lerp_mode":"catmullrom","post":[0,0,4]},"33.0833":{"lerp_mode":"catmullrom","post":[0,0,-3]}},"scale":{"31.0":{"lerp_mode":"catmullrom","post":[1,1,1],"pre":[1,1,1]}}},"legl":{"position":{"0.0":{"lerp_mode":"catmullrom","post":[-0.5,0,0]},"0.5":{"lerp_mode":"catmullrom","post":[-0.6,0,0]},"1.1667":{"lerp_mode":"catmullrom","post":[-0.5,0,0]},"1.875":{"lerp_mode":"catmullrom","post":[0.15,0,-0.22]},"10.5417":{"lerp_mode":"catmullrom","post":[-6.6,1.2,3]},"11.0833":{"lerp_mode":"catmullrom","post":[-19.6,2.2,3]},"11.5":{"lerp_mode":"catmullrom","post":[-24.6,0.2,3]},"11.7917":{"lerp_mode":"catmullrom","post":[-30.4,0.2,3]},"12.3333":{"lerp_mode":"catmullrom","post":[-30.6,0.2,3]},"14.4167":{"lerp_mode":"catmullrom","post":[-30.6,0.2,3]},"14.625":{"lerp_mode":"catmullrom","post":[-26.58,3.4,1.7]},"15.0":{"lerp_mode":"catmullrom","post":[-18.2,0.2,-1]},"15.2917":{"lerp_mode":"catmullrom","post":[-18.2,0.2,-1]},"15.625":{"lerp_mode":"catmullrom","post":[-15.5,0.2,-8.7]},"17.2083":{"lerp_mode":"catmullrom","post":[-15.5,0.2,-8.7]},"17.4167":{"lerp_mode":"catmullrom","post":[-15.5,3.1,-8.7]},"17.5833":{"lerp_mode":"catmullrom","post":[-8.4,0,-17.6]},"17.7917":{"lerp_mode":"catmullrom","post":[-7.5,0.1,-19.7]},"18.375":{"lerp_mode":"catmullrom","post":[-7.5,2.4,-19.7]},"18.75":{"lerp_mode":"catmullrom","post":[-1.1,2.4,-32.7]},"18.8333":{"lerp_mode":"catmullrom","post":[-1.1,0.4,-32.7]},"2.0417":{"lerp_mode":"catmullrom","post":[0.15,0,-0.22]},"2.2083":{"lerp_mode":"catmullrom","post":[0.6,0,0]},"22.75":{"lerp_mode":"catmullrom","post":[2.4,0.4,-32.7]},"23.1667":{"lerp_mode":"catmullrom","post":[3.5,0.1,-30.8]},"24.1667":{"lerp_mode":"catmullrom","post":[3.5,0.1,-30.8]},"24.6667":{"lerp_mode":"catmullrom","post":[8.4,0.8,-25.5]},"24.875":{"lerp_mode":"catmullrom","post":[8.4,0.1,-25.5]},"25.125":{"lerp_mode":"catmullrom","post":[4.4,-0.1,-31]},"25.375":{"lerp_mode":"catmullrom","post":[10.9,-0.1,-34.5]},"26.3333":{"lerp_mode":"catmullrom","post":[10.9,-0.1,-34.5]},"26.625":{"lerp_mode":"catmullrom","post":[11.44,1.39,-34.67]},"26.7083":{"lerp_mode":"catmullrom","post":[10.9,1.7,-34.5]},"27.0417":{"lerp_mode":"catmullrom","post":[20.7,1.7,-31.9]},"27.3333":{"lerp_mode":"catmullrom","post":[20.7,-0.2,-32.5]},"3.2917":{"lerp_mode":"catmullrom","post":[2.5,0,3]},"32.375":{"lerp_mode":"catmullrom","post":[20.7,-0.2,-32.5]},"32.875":{"lerp_mode":"catmullrom","post":[21.4,-0.2,-29.2]},"33.625":{"lerp_mode":"catmullrom","post":[21.4,-0.2,-29.2]},"34.9167":{"lerp_mode":"catmullrom","post":[21.4,-0.2,-29.2]},"35.5":{"lerp_mode":"catmullrom","post":[21.26,-0.2,-26.16]},"36.4583":{"lerp_mode":"catmullrom","post":[-32.14,-0.18,17.67]},"4.25":{"lerp_mode":"catmullrom","post":[2.5,0,3]},"4.5":{"lerp_mode":"catmullrom","post":[2.5,1.9,3]},"40.3333":{"lerp_mode":"catmullrom","post":[-20.95,3.36,1.38]},"41.25":{"lerp_mode":"catmullrom","post":[-17.18,-1.37,2.1]},"42.7083":{"lerp_mode":"catmullrom","post":[-19.33,-1.44,1.76]},"43.5417":{"lerp_mode":"catmullrom","post":[-6.06,2.14,-3.18]},"43.9583":{"lerp_mode":"catmullrom","post":[-5.12,-0.75,-3.17]},"44.875":{"lerp_mode":"catmullrom","post":[-4.07,-0.8,3.8]},"46.125":{"lerp_mode":"catmullrom","post":[0.65,-0.7,-0.87]},"46.5833":{"lerp_mode":"catmullrom","post":[-1.24,-0.49,-0.96]},"47.5":{"lerp_mode":"catmullrom","post":[-0.5,0,0]},"5.0":{"lerp_mode":"catmullrom","post":[-4,1.9,3]},"5.2917":{"lerp_mode":"catmullrom","post":[-4.2,-0.8,3]},"7.0":{"lerp_mode":"catmullrom","post":[-4.2,-0.8,3]},"7.8333":{"lerp_mode":"catmullrom","post":[0.4,-0.8,3]},"9.2083":{"lerp_mode":"catmullrom","post":[0.4,-0.8,3]}},"rotation":{"0.0":{"lerp_mode":"catmullrom","post":[0,0,4]},"1.875":{"lerp_mode":"catmullrom","post":[9.79,-4.62,-6.59]},"14.4167":{"lerp_mode":"catmullrom","post":[-180,85,-176]},"15.0":{"lerp_mode":"catmullrom","post":[-360,15,-356]},"15.625":{"lerp_mode":"catmullrom","post":[-360,-40,-356]},"17.2083":{"lerp_mode":"catmullrom","post":[-360,-40,-356]},"18.0833":{"lerp_mode":"catmullrom","post":[-360,-40,-356]},"18.375":{"lerp_mode":"catmullrom","post":[-360,3,-356]},"2.0417":{"lerp_mode":"catmullrom","post":[9.79,-4.62,-6.59]},"2.2083":{"lerp_mode":"catmullrom","post":[0,0,-17.5]},"22.75":{"lerp_mode":"catmullrom","post":[-360,3,-356]},"23.0":{"lerp_mode":"catmullrom","post":[-360,15,-356]},"24.1667":{"lerp_mode":"catmullrom","post":[-360,15,-356]},"24.6667":{"lerp_mode":"catmullrom","post":[-360,28,-356]},"25.375":{"lerp_mode":"catmullrom","post":[-360,-89,-356]},"26.3333":{"lerp_mode":"catmullrom","post":[-360,-89,-356]},"27.3333":{"lerp_mode":"catmullrom","post":[-360,-89,-356]},"27.7917":{"lerp_mode":"catmullrom","post":[-360,-65,-356]},"3.2917":{"lerp_mode":"catmullrom","post":[-180,85,-176]},"32.0833":{"lerp_mode":"catmullrom","post":[-360,-65,-356]},"32.375":{"lerp_mode":"catmullrom","post":[-185.92147,-18.59407,-510.75787]},"32.875":{"lerp_mode":"catmullrom","post":[-185.92147,-18.59407,-510.75787]},"33.625":{"lerp_mode":"catmullrom","post":[-164.29663,-29.49276,-542.60721]},"46.5833":{"lerp_mode":"catmullrom","post":[-6.38818,1.3014,4.31915]},"47.5":{"lerp_mode":"catmullrom","post":[0,0,4]}},"scale":{"14.4167":[1,1,1],"17.2083":[1,1,1],"22.75":[1,1,1],"24.1667":[1,1,1],"26.3333":[1,1,1],"32.375":[1,1,1]}},"legr":{"position":{"0.0":{"lerp_mode":"catmullrom","post":[0.6,0,0]},"1.875":{"lerp_mode":"catmullrom","post":[0.82,0,0.22]},"10.4583":{"lerp_mode":"catmullrom","post":[-14.7,-1,-4]},"10.75":{"lerp_mode":"catmullrom","post":[-14.7,-1,-4]},"11.1667":{"lerp_mode":"catmullrom","post":[-14.7,-1,-4]},"12.0417":{"lerp_mode":"catmullrom","post":[-28.7,2,-4]},"12.3333":{"lerp_mode":"catmullrom","post":[-38.7,-1,-4]},"14.5417":{"lerp_mode":"catmullrom","post":[-33.7,-1,-4]},"14.75":{"lerp_mode":"catmullrom","post":[-26.85,0.2,-4]},"14.9167":{"lerp_mode":"catmullrom","post":[-22.8,1.1,-5.7]},"15.0833":{"lerp_mode":"catmullrom","post":[-13.7,2.9,-5.7]},"15.25":{"lerp_mode":"catmullrom","post":[-13.7,2.9,-5.7]},"15.375":{"lerp_mode":"catmullrom","post":[-13.7,-0.3,-3.6]},"15.7917":{"lerp_mode":"catmullrom","post":[-13.7,-0.3,-3.6]},"16.0":{"lerp_mode":"catmullrom","post":[-13.7,0.4,-3.6]},"16.1667":{"lerp_mode":"catmullrom","post":[-14.8,-0.2,-2]},"16.9167":{"lerp_mode":"catmullrom","post":[-14.8,-0.2,-2]},"17.2083":{"lerp_mode":"catmullrom","post":[-10.2,-0.2,-8.6]},"17.4167":{"lerp_mode":"catmullrom","post":[-10.2,-0.2,-8.6]},"17.7917":{"lerp_mode":"catmullrom","post":[-10.2,1.8,-8.6]},"17.9583":{"lerp_mode":"catmullrom","post":[-1.3,1.8,-23]},"18.2083":{"lerp_mode":"catmullrom","post":[-1.3,-0.8,-23]},"18.625":{"lerp_mode":"catmullrom","post":[-1.3,-0.8,-23]},"19.0":{"lerp_mode":"catmullrom","post":[-1.3,-0.8,-23]},"19.2083":{"lerp_mode":"catmullrom","post":[4.6,1,-34.8]},"19.4583":{"lerp_mode":"catmullrom","post":[4.6,-0.4,-34.8]},"2.0417":{"lerp_mode":"catmullrom","post":[0.82,0,0.22]},"2.2083":{"lerp_mode":"catmullrom","post":[0.6,0,0]},"22.5417":{"lerp_mode":"catmullrom","post":[4.6,-0.4,-34.8]},"22.875":{"lerp_mode":"catmullrom","post":[5.7,-0.4,-34.8]},"24.2917":{"lerp_mode":"catmullrom","post":[5.7,-0.4,-34.8]},"24.75":{"lerp_mode":"catmullrom","post":[5.7,-0.4,-34.8]},"24.875":{"lerp_mode":"catmullrom","post":[8.2,1.7,-34.8]},"25.1667":{"lerp_mode":"catmullrom","post":[8.2,1.7,-28.3]},"25.5":{"lerp_mode":"catmullrom","post":[8.2,1.7,-26.6]},"25.7917":{"lerp_mode":"catmullrom","post":[5.4,0.2,-24.8]},"25.9167":{"lerp_mode":"catmullrom","post":[6.5,1.79,-24.67]},"26.25":{"lerp_mode":"catmullrom","post":[11.1,0.2,-24.8]},"3.2917":{"lerp_mode":"catmullrom","post":[-3.4,0,-4]},"3.9583":{"lerp_mode":"catmullrom","post":[-3.4,1.8,-4]},"31.5833":{"lerp_mode":"catmullrom","post":[11.1,0.2,-24.8]},"33.0":{"lerp_mode":"catmullrom","post":[11.81,-0.02,-24.43]},"34.4583":{"lerp_mode":"catmullrom","post":[7.43,1.34,-23.7]},"35.4167":{"lerp_mode":"catmullrom","post":[7.43,1.34,-26.8]},"35.9583":{"lerp_mode":"catmullrom","post":[-11.83,1.25,-15.4]},"36.2917":{"lerp_mode":"catmullrom","post":[-39.53,1.2,9.14]},"4.2083":{"lerp_mode":"catmullrom","post":[-7.9,1.8,-4]},"4.375":{"lerp_mode":"catmullrom","post":[-7.9,-1,-4]},"41.0833":{"lerp_mode":"catmullrom","post":[-36.39,-0.22,13.17]},"41.375":{"lerp_mode":"catmullrom","post":[-36.39,-0.22,13.17]},"41.6667":{"lerp_mode":"catmullrom","post":[-34.85,-0.21,12.62]},"42.7083":{"lerp_mode":"catmullrom","post":[-16,2.24,7.58]},"43.2917":{"lerp_mode":"catmullrom","post":[-9.67,-1.09,4.37]},"44.25":{"lerp_mode":"catmullrom","post":[-1.56,-0.06,-0.49]},"45.5833":{"lerp_mode":"catmullrom","post":[0.6,0,0]},"45.8333":{"lerp_mode":"catmullrom","post":[2.91,0,0.02]},"46.375":{"lerp_mode":"catmullrom","post":[1.32,0,0.02]},"46.8333":{"lerp_mode":"catmullrom","post":[1.72,0,0.01]},"47.4583":{"lerp_mode":"catmullrom","post":[0.6,0,0]},"5.4583":{"lerp_mode":"catmullrom","post":[-6.7,-1,-4]},"6.7917":{"lerp_mode":"catmullrom","post":[-6.7,-1,-4]},"8.2917":{"lerp_mode":"catmullrom","post":[-10.7,-1,-4]},"8.9167":{"lerp_mode":"catmullrom","post":[-10.7,-1,-4]},"9.375":{"lerp_mode":"catmullrom","post":[-10.7,-1,-4]},"9.75":{"lerp_mode":"catmullrom","post":[-14.7,1,-4]}},"rotation":{"0.0":{"lerp_mode":"catmullrom","post":[0,0,-17.5]},"1.875":{"lerp_mode":"catmullrom","post":[0,-4.62,-17.5]},"14.5417":{"lerp_mode":"catmullrom","post":[0,13.03,-17.5]},"14.9167":{"lerp_mode":"catmullrom","post":[0,10,-17.5]},"15.375":{"lerp_mode":"catmullrom","post":[-22.8122,-62.90312,20.27152]},"15.7917":{"lerp_mode":"catmullrom","post":[-22.81,-62.9,20.27]},"17.2083":{"lerp_mode":"catmullrom","post":[-13.94831,-42.89052,9.33902]},"17.4167":{"lerp_mode":"catmullrom","post":[-13.94831,-42.89052,9.33902]},"18.0":{"lerp_mode":"catmullrom","post":[-13.94831,-42.89052,9.33902]},"18.2083":{"lerp_mode":"catmullrom","post":[-10.42346,-12.5428,2.03215]},"18.625":{"lerp_mode":"catmullrom","post":[-10.42,-12.54,2.03]},"19.0":{"lerp_mode":"catmullrom","post":[-10.42,-12.54,2.03]},"2.0417":{"lerp_mode":"catmullrom","post":[0,-4.62,-17.5]},"2.2083":{"lerp_mode":"catmullrom","post":[0,0,-17.5]},"22.5417":{"lerp_mode":"catmullrom","post":[-10.42,-12.54,2.03]},"22.75":{"lerp_mode":"catmullrom","post":[-12.05612,-10.97831,10.04484]},"24.2917":{"lerp_mode":"catmullrom","post":[-12.06,-10.98,10.04]},"24.875":{"lerp_mode":"catmullrom","post":[-9.75215,-13.0678,-1.00375]},"25.1667":{"lerp_mode":"catmullrom","post":[-14.66216,-49.31749,7.99312]},"25.5":{"lerp_mode":"catmullrom","post":[-59.09531,-78.91282,55.38831]},"25.7917":{"lerp_mode":"catmullrom","post":[164.19241,-88.59338,-165.42327]},"3.2917":{"lerp_mode":"catmullrom","post":[0,85,-17.5]},"31.625":{"lerp_mode":"catmullrom","post":[178.55323,-74.64189,-179.83121]},"33.0":{"lerp_mode":"catmullrom","post":[179.47,-60.77,-180.8]},"34.4583":{"lerp_mode":"catmullrom","post":[179.69925,-8.39486,-181.2351]},"35.9583":{"lerp_mode":"catmullrom","post":[183.69706,-0.07273,-181.28508]},"41.0833":{"lerp_mode":"catmullrom","post":[179.6,18.35,-181.35]},"41.375":{"lerp_mode":"catmullrom","post":[179.6,18.35,-181.35]},"41.6667":{"lerp_mode":"catmullrom","post":[172.14,17.6,-174.55]},"44.0417":{"lerp_mode":"catmullrom","post":[26.44892,-16.34261,-3.3315]},"45.5833":{"lerp_mode":"catmullrom","post":[0,0,-17.5]},"47.4583":{"lerp_mode":"catmullrom","post":[0,0,-17.5]},"8.9167":{"lerp_mode":"catmullrom","post":[0,85,-17.5]},"9.375":{"lerp_mode":"catmullrom","post":[0,85,-17.5]}},"scale":{"22.5417":[1,1,1],"24.2917":[1,1,1],"41.0833":[1,1,1],"41.375":[1,1,1],"41.6667":[1,1,1]}},"milk":{"position":{"0.0":{"lerp_mode":"catmullrom","post":[0.5,0,0]},"13.375":{"lerp_mode":"catmullrom","post":[0.5,0,0]},"13.875":{"lerp_mode":"catmullrom","post":[0.5,0,0]},"30.0":{"lerp_mode":"catmullrom","post":[0.5,0,0]},"36.5833":{"lerp_mode":"catmullrom","post":[0.5,0,0]},"36.8333":{"lerp_mode":"catmullrom","post":[0.5,0,0]}},"rotation":{"0.0":{"lerp_mode":"catmullrom","post":[0,0,-45]},"13.375":{"lerp_mode":"catmullrom","post":[-127.5,0,-45]},"13.875":{"lerp_mode":"catmullrom","post":[0,0,-45]},"15.4583":{"lerp_mode":"catmullrom","post":[40,0,-45]},"16.375":{"lerp_mode":"catmullrom","post":[-32.35421,0,-45]},"17.0833":{"lerp_mode":"catmullrom","post":[55.15452,0,-45]},"18.2083":{"lerp_mode":"catmullrom","post":[63.95573,0,-45]},"19.3333":{"lerp_mode":"catmullrom","post":[55.28994,0,-45]},"30.0":{"lerp_mode":"catmullrom","post":[0,0,-45]},"30.375":{"lerp_mode":"catmullrom","post":[46,0,-45]},"30.75":{"lerp_mode":"catmullrom","post":[-11,0,-45]},"31.2917":{"lerp_mode":"catmullrom","post":[20,0,-45]},"36.5833":{"lerp_mode":"catmullrom","post":[20,0,-45]},"36.8333":{"lerp_mode":"catmullrom","post":[20,0,-45]}},"scale":{"0.0":{"lerp_mode":"catmullrom","post":[0,0,0]},"13.375":{"lerp_mode":"catmullrom","post":[0,0,0]},"13.875":{"lerp_mode":"catmullrom","post":[1,1,1]},"30.0":{"lerp_mode":"catmullrom","post":[1,1,1]},"31.0833":{"lerp_mode":"catmullrom","post":[1.0138,1.0138,1.0138]},"31.2083":[1.014,1.014,1.014],"36.5833":{"lerp_mode":"catmullrom","post":[1,1,1],"pre":[1,1,1]},"36.8333":[0,0,0],"37.0":{"post":[0,0,0],"pre":[0,0,0]}}},"milk2":{"position":{"0.0417":{"lerp_mode":"catmullrom","post":[0.5,0,0],"pre":[0.5,0,0]},"13.4167":{"lerp_mode":"catmullrom","post":[0.5,0,0]},"13.9167":{"lerp_mode":"catmullrom","post":[0.5,0,0]},"36.5833":{"lerp_mode":"catmullrom","post":[0.5,0,0]},"36.8333":{"lerp_mode":"catmullrom","post":[0.5,0,0]}},"rotation":{"0.0417":{"lerp_mode":"catmullrom","post":[0,0,-45],"pre":[0,0,-45]},"13.4167":{"lerp_mode":"catmullrom","post":[-127.5,0,-45]},"13.9167":{"lerp_mode":"catmullrom","post":[0,0,-45]},"30.0":{"lerp_mode":"catmullrom","post":[0,0,-45]},"30.375":{"lerp_mode":"catmullrom","post":[46,0,-45]},"30.75":{"lerp_mode":"catmullrom","post":[-11,0,-45]},"31.2917":{"lerp_mode":"catmullrom","post":[20,0,-45]},"36.5833":{"lerp_mode":"catmullrom","post":[20,0,-45]},"36.8333":{"lerp_mode":"catmullrom","post":[20,0,-45]}},"scale":{"30.375":[0,0,0],"31.0":[0,0,0],"31.2083":[1,1,1],"31.5417":{"post":[1,1,1],"pre":[1,1,1]},"31.75":{"post":[1.1,1,1.1],"pre":[1,1,1]},"32.0":[1,1,1],"36.5833":{"lerp_mode":"catmullrom","post":[1,1,1],"pre":[1,1,1]},"36.8333":[0,0,0],"37.0":{"post":[0,0,0],"pre":[0,0,0]}}},"mouth1":{"position":[0,0,0],"rotation":{"0.0":[0,0,0],"13.5417":[0,0,0]},"scale":{"0.0":[1,1,1],"0.875":[1,1,1],"1.0833":[0.6,0,1],"13.5417":[0.6,0,1],"13.9167":{"post":[1,1,1],"pre":[0.6,0,1]}}},"mouth2":{"position":{"0.0":{"lerp_mode":"catmullrom","post":[0,0,0]},"0.4583":{"lerp_mode":"catmullrom","post":[0,-0.6,0]},"1.125":{"lerp_mode":"catmullrom","post":[0,-0.6,0]},"1.4583":{"lerp_mode":"catmullrom","post":[0.4,-0.5,0]},"13.4167":{"lerp_mode":"catmullrom","post":[0.4,-0.5,0]},"13.8333":{"lerp_mode":"catmullrom","post":[0.4,-0.5,0]}},"rotation":{"13.4167":[0,0,0],"13.8333":[0,0,0]},"scale":{"0.0":[0,0,0],"0.875":[0,0,0],"1.0833":[1,1,1],"13.4167":[1,1,1],"13.8333":[1,0,1]}},"onion1":{"position":{"0.0":[0,0,0],"0.6667":[0,0,0],"0.7917":[0,1.8,0],"0.9583":[0,0,0],"22.25":[0,0,0],"23.0833":[0,0,0],"23.5417":{"lerp_mode":"catmullrom","post":[18,7.5,13],"pre":[18,7.5,13]}},"rotation":{"0.0":[0,0,0],"0.5":[30,0,0],"1.125":[0,0,0],"22.25":[0,0,0],"22.75":[0,0,0],"23.75":[-41.81118,35.47136,59.38932],"24.25":[-67.71826,76.72577,-32.06486]},"scale":{"0.0":[0,0,0],"0.3333":[0,0,0],"0.625":[1,1,1],"0.75":[1.1,1.1,1.1],"1.125":[1,1,1],"22.25":[1,1,1],"22.5":[1.05,1.1,1.2],"23.125":[1.1,1.2,1],"23.5417":{"lerp_mode":"catmullrom","post":[0,0,0],"pre":[0,0,0]}}},"onion2":{"position":{"0.4167":[0,0,0],"1.0833":[0,0,0],"1.2083":[0,1.8,0],"1.375":[0,0,0],"21.625":[0,0,0],"22.4583":[0,0,0],"22.9167":{"lerp_mode":"catmullrom","post":[18,7.5,7],"pre":[18,7.5,7]}},"rotation":{"21.625":[0,0,0],"22.125":[0,0,0],"23.125":[-41.81118,35.47136,59.38932],"23.625":[-67.71826,76.72577,-32.06486]},"scale":{"0.0":[0,0,0],"0.4167":[0,0,0],"0.75":[0,0,0],"1.0417":[1,1,1],"1.1667":[1.1,1.1,1.1],"1.5417":[1,1,1],"21.625":[1,1,1],"21.875":[1.05,1.1,1.2],"22.5":[1.1,1.2,1],"22.9167":{"lerp_mode":"catmullrom","post":[0,0,0],"pre":[0,0,0]}}},"onion3":{"position":{"0.625":[0,0,0],"1.2917":[0,0,0],"1.4167":[0,1.8,0],"1.5833":[0,0,0],"20.9583":[0,0,0],"21.7917":[0,0,0],"22.25":{"lerp_mode":"catmullrom","post":[20,7.5,0],"pre":[20,7.5,0]}},"rotation":{"20.9583":[0,0,0],"21.4583":[0,0,0],"22.4583":[-41.81118,35.47136,59.38932],"22.9583":[-67.71826,76.72577,-32.06486]},"scale":{"0.0":[0,0,0],"0.625":[0,0,0],"0.9583":[0,0,0],"1.25":[1,1,1],"1.375":[1.1,1.1,1.1],"1.75":[1,1,1],"20.9583":[1,1,1],"21.2083":[1.05,1.1,1.2],"21.8333":{"lerp_mode":"catmullrom","post":[1.1,1.2,1],"pre":[1.1,1.2,1]},"22.25":{"lerp_mode":"catmullrom","post":[0,0,0]}}},"tail":{"position":{"0.0":{"lerp_mode":"catmullrom","post":[0,0,0]}},"rotation":{"0.0":{"lerp_mode":"catmullrom","post":[-41,0,0]},"0.7917":{"lerp_mode":"catmullrom","post":[1.09,0,0]},"1.4167":{"lerp_mode":"catmullrom","post":[54,0,0]},"10.3333":{"lerp_mode":"catmullrom","post":[54,0,0]},"10.9167":{"lerp_mode":"catmullrom","post":[-41,0,0]},"11.2917":{"lerp_mode":"catmullrom","post":[1.09,0,0]},"11.9167":{"lerp_mode":"catmullrom","post":[54,0,0]},"12.5":{"lerp_mode":"catmullrom","post":[-41,0,0]},"13.0833":{"lerp_mode":"catmullrom","post":[1.09,0,0]},"13.8333":{"lerp_mode":"catmullrom","post":[1.09,0,0]},"14.4583":{"lerp_mode":"catmullrom","post":[54,0,0]},"15.0417":{"lerp_mode":"catmullrom","post":[-41,0,0]},"15.625":{"lerp_mode":"catmullrom","post":[1.09,0,0]},"16.25":{"lerp_mode":"catmullrom","post":[54,0,0]},"16.8333":{"lerp_mode":"catmullrom","post":[-41,0,0]},"17.2083":{"lerp_mode":"catmullrom","post":[1.09,0,0]},"17.8333":{"lerp_mode":"catmullrom","post":[54,0,0]},"18.4167":{"lerp_mode":"catmullrom","post":[-41,0,0]},"19.0":{"lerp_mode":"catmullrom","post":[1.09,0,0]},"19.625":{"lerp_mode":"catmullrom","post":[1.09,0,0]},"2.0":{"lerp_mode":"catmullrom","post":[-41,0,0]},"2.5833":{"lerp_mode":"catmullrom","post":[1.09,0,0]},"20.25":{"lerp_mode":"catmullrom","post":[54,0,0]},"20.8333":{"lerp_mode":"catmullrom","post":[-41,0,0]},"21.4167":{"lerp_mode":"catmullrom","post":[1.09,0,0]},"22.0417":{"lerp_mode":"catmullrom","post":[54,0,0]},"22.625":{"lerp_mode":"catmullrom","post":[-41,0,0]},"23.0":{"lerp_mode":"catmullrom","post":[1.09,0,0]},"23.625":{"lerp_mode":"catmullrom","post":[54,0,0]},"24.2083":{"lerp_mode":"catmullrom","post":[-41,0,0]},"24.7917":{"lerp_mode":"catmullrom","post":[1.09,0,0]},"25.0833":{"lerp_mode":"catmullrom","post":[54,0,0]},"25.6667":{"lerp_mode":"catmullrom","post":[-41,0,0]},"26.0417":{"lerp_mode":"catmullrom","post":[1.09,0,0]},"26.6667":{"lerp_mode":"catmullrom","post":[54,0,0]},"27.25":{"lerp_mode":"catmullrom","post":[-41,0,0]},"27.625":{"lerp_mode":"catmullrom","post":[-41,0,0]},"27.8333":{"lerp_mode":"catmullrom","post":[1.09,0,0]},"28.2917":{"lerp_mode":"catmullrom","post":[43,0,0]},"28.7083":{"lerp_mode":"catmullrom","post":[43,0,0]},"29.0417":{"lerp_mode":"catmullrom","post":[-66,0,0]},"29.3333":{"lerp_mode":"catmullrom","post":[-66,0,0]},"29.5833":{"lerp_mode":"catmullrom","post":[43,0,0]},"3.2083":{"lerp_mode":"catmullrom","post":[54,0,0]},"3.7917":{"lerp_mode":"catmullrom","post":[-41,0,0]},"30.0":{"lerp_mode":"catmullrom","post":[43,0,0]},"30.3333":{"lerp_mode":"catmullrom","post":[-66,0,0]},"30.625":{"lerp_mode":"catmullrom","post":[-66,0,0]},"31.2917":{"lerp_mode":"catmullrom","post":[-70.22064,-20.16728,33.82269]},"31.9583":{"lerp_mode":"catmullrom","post":[-18.97664,-7.49942,-104.5721]},"32.5417":{"lerp_mode":"catmullrom","post":[-70.22064,-20.16728,33.82269]},"33.2917":{"lerp_mode":"catmullrom","post":[-70.22064,-20.16728,33.82269]},"34.0833":{"lerp_mode":"catmullrom","post":[1.09,0,0]},"34.7083":{"lerp_mode":"catmullrom","post":[54,0,0]},"35.2917":{"lerp_mode":"catmullrom","post":[-41,0,0]},"36.0":{"lerp_mode":"catmullrom","post":[1.09,0,0]},"36.625":{"lerp_mode":"catmullrom","post":[54,0,0]},"37.2083":{"lerp_mode":"catmullrom","post":[-41,0,0]},"37.875":{"lerp_mode":"catmullrom","post":[1.09,0,0]},"38.5":{"lerp_mode":"catmullrom","post":[54,0,0]},"39.0833":{"lerp_mode":"catmullrom","post":[-41,0,0]},"39.7917":{"lerp_mode":"catmullrom","post":[1.09,0,0]},"4.1667":{"lerp_mode":"catmullrom","post":[1.09,0,0]},"4.7917":{"lerp_mode":"catmullrom","post":[54,0,0]},"40.4167":{"lerp_mode":"catmullrom","post":[54,0,0]},"41.0":{"lerp_mode":"catmullrom","post":[-41,0,0]},"41.2917":{"lerp_mode":"catmullrom","post":[1.09,0,0]},"41.9167":{"lerp_mode":"catmullrom","post":[54,0,0]},"42.5":{"lerp_mode":"catmullrom","post":[-41,0,0]},"43.2083":{"lerp_mode":"catmullrom","post":[1.09,0,0]},"43.8333":{"lerp_mode":"catmullrom","post":[54,0,0]},"44.4167":{"lerp_mode":"catmullrom","post":[-41,0,0]},"44.875":{"lerp_mode":"catmullrom","post":[1.09,0,0]},"45.5":{"lerp_mode":"catmullrom","post":[54,0,0]},"46.0833":{"lerp_mode":"catmullrom","post":[-41,0,0]},"46.3333":{"lerp_mode":"catmullrom","post":[1.09,0,0]},"46.9583":{"lerp_mode":"catmullrom","post":[54,0,0]},"47.5417":{"lerp_mode":"catmullrom","post":[-41,0,0]},"5.375":{"lerp_mode":"catmullrom","post":[-41,0,0]},"5.9583":{"lerp_mode":"catmullrom","post":[1.09,0,0]},"6.5833":{"lerp_mode":"catmullrom","post":[54,0,0]},"7.1667":{"lerp_mode":"catmullrom","post":[-41,0,0]},"7.9167":{"lerp_mode":"catmullrom","post":[1.09,0,0]},"8.5417":{"lerp_mode":"catmullrom","post":[54,0,0]},"9.125":{"lerp_mode":"catmullrom","post":[-41,0,0]},"9.7083":{"lerp_mode":"catmullrom","post":[1.09,0,0]}},"scale":{"0.0":{"lerp_mode":"catmullrom","post":[1,1,1]}}}},"loop":true},"animation.idle_loop":{"animation_length":2,"bones":{"Head2":{"rotation":{"0.0":[11,0,0],"0.4167":[16.77,0,0],"0.5":[18.77,0,0],"0.8333":[16.77,0,0],"1.0833":[-13,0,0],"1.1667":[-17,0,0],"1.625":[-13,0,0],"2.0":[11,0,0]}},"Player":{"position":{"0.0":{"lerp_mode":"catmullrom","post":[2,0,0]}},"rotation":{"0.0":{"lerp_mode":"catmullrom","post":[0,32.5,0]}}},"body":{"position":{"0.0":{"lerp_mode":"catmullrom","post":[0,-0.3,0]},"0.625":{"lerp_mode":"catmullrom","post":[0,0.3,0]},"1.2917":{"lerp_mode":"catmullrom","post":[0,-0.3,0]},"2.0":{"lerp_mode":"catmullrom","post":[0,-0.3,0]}},"rotation":{"0.0":{"lerp_mode":"catmullrom","post":[0,0,-10]},"0.875":{"lerp_mode":"catmullrom","post":[0,0,4.88]},"2.0":{"lerp_mode":"catmullrom","post":[0,0,-10]}}},"body2":{"position":{"0.2917":[0,-0.5,0],"1.5":[0,0.2,0],"2.0":[0,-0.5,0]},"rotation":{"0.0":[0,0,0],"0.4167":[10,0,0],"1.0833":[-5,0,0],"2.0":[0,0,0]}},"eye2":{"scale":[1,0,1]},"handl":{"position":{"0.0":{"lerp_mode":"catmullrom","post":[0,0,0]},"0.625":{"lerp_mode":"catmullrom","post":[0,1.7,0]},"1.625":{"lerp_mode":"catmullrom","post":[0,0.5,0]},"2.0":{"lerp_mode":"catmullrom","post":[0,0,0]}},"rotation":{"0.0":{"lerp_mode":"catmullrom","post":[0,0,17.5]},"2.0":{"lerp_mode":"catmullrom","post":[0,0,17.5]}}},"handr":{"position":{"0.0":{"lerp_mode":"catmullrom","post":[0,0,0]},"0.625":{"lerp_mode":"catmullrom","post":[0,1.7,0]},"1.625":{"lerp_mode":"catmullrom","post":[0,0.5,0]},"2.0":{"lerp_mode":"catmullrom","post":[0,0,0]}},"rotation":{"0.0":{"lerp_mode":"catmullrom","post":[0,0,47.5]}}},"hat":{"position":{"0.0":[0,0,0],"2.0":[0,0,0]},"rotation":{"0.0":[0,0,0],"0.7083":[0,0,-5],"1.4583":[0,0,5.5],"2.0":[0,0,0]}},"head":{"rotation":{"0.0":{"lerp_mode":"catmullrom","post":[-5,0,-5]}}},"hoe":{"rotation":{"0.0":{"lerp_mode":"catmullrom","post":[-90,0,0]}},"scale":{"0.0":{"lerp_mode":"catmullrom","post":[0,0,0]}}},"legl":{"position":{"0.0":{"lerp_mode":"catmullrom","post":[-0.5,0,0]},"0.5":{"lerp_mode":"catmullrom","post":[-0.6,0,0]},"1.1667":{"lerp_mode":"catmullrom","post":[-0.5,0,0]}},"rotation":{"0.0":{"lerp_mode":"catmullrom","post":[0,0,4]}}},"legr":{"position":{"0.0":{"lerp_mode":"catmullrom","post":[0.6,0,0]}},"rotation":{"0.0":{"lerp_mode":"catmullrom","post":[0,0,-17.5]}}},"milk":{"position":[0.5,0,0],"rotation":[0,0,-45],"scale":0},"milk2":{"position":[0,0,0],"rotation":[0,0,0],"scale":0},"mouth2":{"position":{"0.0":{"lerp_mode":"catmullrom","post":[0,0,0]}},"scale":0},"onion1":{"scale":0},"onion2":{"scale":0},"onion3":{"scale":0},"tail":{"rotation":{"0.0":[-41,0,0],"0.7917":[1.09,0,0],"1.4167":[54,0,0],"2.0":[-41,0,0]}}},"loop":true}},"format_version":"1.8.0"}