{"animations":{"animation.goldgolem.attack":{"animation_length":0.91667,"bones":{"arm1":{"rotation":{"0.0":{"lerp_mode":"catmullrom","post":[0,0,0]},"0.0833":{"lerp_mode":"catmullrom","post":[-206,0,0]},"0.5":{"lerp_mode":"catmullrom","post":[-211.75,0,0]},"0.5417":{"lerp_mode":"catmullrom","post":[18.75,0,0]},"0.5833":{"lerp_mode":"catmullrom","post":[9.75,0,0]},"0.625":[32,0,0],"0.7083":[-8.5,0,0],"0.7917":[0,0,0]}},"arm2":{"rotation":{"0.0":{"lerp_mode":"catmullrom","post":[0,0,0]},"0.0833":{"lerp_mode":"catmullrom","post":[-206,0,0]},"0.5":{"lerp_mode":"catmullrom","post":[-211.75,0,0]},"0.5417":{"lerp_mode":"catmullrom","post":[18.75,0,0]},"0.5833":{"lerp_mode":"catmullrom","post":[9.75,0,0]},"0.625":[32,0,0],"0.7917":[0,0,0],"0.9167":[-8.5,0,0]}},"body":{"rotation":{"0.0":{"lerp_mode":"catmullrom","post":[0,0,0]},"0.125":{"lerp_mode":"catmullrom","post":[9.5,0,0]},"0.375":{"lerp_mode":"catmullrom","post":[-12.5,0,0]},"0.4583":{"lerp_mode":"catmullrom","post":[0,0,0]},"0.5417":{"lerp_mode":"catmullrom","post":[7,0,0]},"0.5833":{"lerp_mode":"catmullrom","post":[-2,0,0]},"0.625":{"lerp_mode":"catmullrom","post":[2,0,0]},"0.6667":{"lerp_mode":"catmullrom","post":[0,0,0]}}},"bone":{"scale":[0,0,0]},"bone14":{"rotation":{"0.0833":[0,0,0],"0.7083":[-382.5,0,0],"0.7917":[-415.5,0,0],"0.9167":[-382.5,0,0]}},"bone15":{"rotation":{"0.0":[0,0,0],"0.3333":[-19.5,0,0],"0.5833":[19.25,0,0],"0.6667":[0,0,0]}},"bone2":{"scale":[0,0,0]},"bone5":{"rotation":{"0.3333":[0,0,0],"0.4167":[38.5,0,0],"0.625":[-1.75,0,0],"0.7083":[1.5,0,0]}},"bone9":{"rotation":{"0.0":[0,0,0],"0.1667":[6.5,0,0],"0.375":[-8.75,0,0],"0.5":[6.56,0,0],"0.625":[0,0,0]}},"hand":{"position":{"0.0":[0,0,0],"0.0833":[0,-16,0],"0.1667":[0,-16,0],"0.5":[0,-14.375,0],"0.5417":[0,-12.455,0],"0.625":[0,0,0]}},"hand2":{"position":{"0.0":[0,0,0],"0.0833":[0,-16,0],"0.1667":[0,-16,0],"0.5":[0,-14.375,0],"0.5417":[0,-12.455,0],"0.625":[0,0,0]}},"head":{"rotation":{"0.0":{"lerp_mode":"catmullrom","post":[0,0,0]},"0.1667":{"lerp_mode":"catmullrom","post":[3.25,0,0]},"0.4167":{"lerp_mode":"catmullrom","post":[-7.25,0,0]},"0.5":{"lerp_mode":"catmullrom","post":[2.5,0,0]},"0.5417":{"lerp_mode":"catmullrom","post":[5.25,0,0]},"0.5833":{"lerp_mode":"catmullrom","post":[0.75,0,0]},"0.625":{"lerp_mode":"catmullrom","post":[5.25,0,0]},"0.6667":{"lerp_mode":"catmullrom","post":[0,0,0]}}}},"loop":true},"animation.goldgolem.idle":{"animation_length":2.66667,"bones":{"body":{"position":[0,"math.sin(query.anim_time * 200) * 0.2",0]},"bone":{"scale":[0,0,0]},"bone15":{"position":{"0.0":[0,0,0],"1.25":[0,0.55,0],"2.6667":[0,0,0]}},"bone2":{"scale":[0,0,0]},"bone9":{"position":[0,"math.sin(query.anim_time * 200) * 1",0]},"hand":{"position":[0,"math.sin(query.anim_time * 200) * 1",0]},"hand2":{"position":[0,"math.sin(query.anim_time * 200) * 1",0]}},"loop":true},"animation.goldgolem.idle_quirk":{"animation_length":2.66667,"bones":{"body":{"position":[0,"math.sin(query.anim_time * 200) * 0.2",0]},"bone":{"position":{"0.0":[0,0,0],"2.6667":[0,35,0]},"scale":{"0.0":[0,0,0],"0.3333":[1.1,1,0],"2.6667":[0,0,0]}},"bone15":{"position":{"0.0":[0,0,0],"1.25":[0,0.55,0],"2.6667":[0,0,0]}},"bone2":{"position":{"1.4167":[0,0,0],"2.6667":[0,35,0]},"scale":{"1.4167":[0,0,0],"1.75":[1.1,1,0],"2.6667":[0,0,0]}},"bone9":{"position":[0,"math.sin(query.anim_time * 200) * 1",0]},"hand":{"position":[0,"math.sin(query.anim_time * 200) * 1",0]},"hand2":{"position":[0,"math.sin(query.anim_time * 200) * 1",0]}},"loop":true},"animation.goldgolem.walk":{"animation_length":2.66667,"bones":{"body":{"position":[0,"math.sin(query.anim_time * 200) * 0.2",0]},"bone":{"scale":[0,0,0]},"bone12":{"position":{"0.0":{"lerp_mode":"catmullrom","post":[0,0,2.1]},"0.125":{"lerp_mode":"catmullrom","post":[0,0,1.32]},"1.0":{"lerp_mode":"catmullrom","post":[0,2.275,-3.595]},"1.2083":{"lerp_mode":"catmullrom","post":[0,2.495,-11.12]},"1.3333":{"lerp_mode":"catmullrom","post":[0,-0.1,-8.615]},"1.375":{"lerp_mode":"catmullrom","post":[0,0.87,-8.69]},"1.4167":{"lerp_mode":"catmullrom","post":[0,0.15,-9.07]},"1.5":{"lerp_mode":"catmullrom","post":[0,-0.1,-8.615]},"2.6667":{"lerp_mode":"catmullrom","post":[0,0,2.1]}},"rotation":{"0.0":{"lerp_mode":"catmullrom","post":[14.75,0,0]},"0.125":{"lerp_mode":"catmullrom","post":[18.01484,-0.1884,0.02509]},"1.2083":{"lerp_mode":"catmullrom","post":[3.00205,-0.72784,0.09694]},"1.5":{"lerp_mode":"catmullrom","post":[5.95018,-0.81931,0.10912]},"1.5833":{"lerp_mode":"catmullrom","post":[2.33478,-0.82474,0.10985]},"2.5417":{"lerp_mode":"catmullrom","post":[1.26223,-0.66319,0.08833]},"2.6667":{"lerp_mode":"catmullrom","post":[14.75,0,0]}}},"bone15":{"position":{"0.0":[0,0,0],"1.25":[0,0.55,0],"2.6667":[0,0,0]}},"bone2":{"scale":[0,0,0]},"bone3":{"position":{"0.0":{"lerp_mode":"catmullrom","post":[0,0,-10.8]},"1.25":{"lerp_mode":"catmullrom","post":[0,0,2.1]},"1.375":{"lerp_mode":"catmullrom","post":[0,0,1.32]},"2.3333":{"lerp_mode":"catmullrom","post":[0,5.15,-9.87]},"2.5":{"lerp_mode":"catmullrom","post":[0,-0.1,-11.145]},"2.5417":{"lerp_mode":"catmullrom","post":[0,0.275,-11.145]},"2.5833":{"lerp_mode":"catmullrom","post":[0,0.485,-10.97]},"2.625":{"lerp_mode":"catmullrom","post":[0,0.275,-11.145]},"2.6667":{"lerp_mode":"catmullrom","post":[0,0,-10.8]}},"rotation":{"0.0":{"lerp_mode":"catmullrom","post":[-0.23472,-0.82898,0.11041]},"0.1667":{"lerp_mode":"catmullrom","post":[1.26223,-0.66319,0.08833]},"1.25":{"lerp_mode":"catmullrom","post":[14.75,0,0]},"1.375":{"lerp_mode":"catmullrom","post":[18.01484,-0.1884,0.02509]},"2.5":{"lerp_mode":"catmullrom","post":[3.00205,-0.72784,0.09694]},"2.6667":{"lerp_mode":"catmullrom","post":[-0.23472,-0.82898,0.11041]}}},"bone9":{"position":[0,"math.sin(query.anim_time * 200) * 1",0]},"hand":{"position":[0,"math.sin(query.anim_time * 200) * 1",0]},"hand2":{"position":[0,"math.sin(query.anim_time * 200) * 1",0]}},"loop":true}},"format_version":"1.8.0"}