{"animations":{"animation.golemforge.idle":{"bones":{"door3_lit":{"scale":[0,0,0]},"door4_lit":{"scale":[0,0,0]},"pump":{"scale":[0,0,0]},"smoke":{"scale":[0,0,0]},"smoke2":{"scale":[0,0,0]}},"loop":true},"animation.golemforge.working_end":{"animation_length":2.41667,"bones":{"bone":{"rotation":{"0.0":[0,0,0],"1.4583":[0,0,1080.5]}},"bone2":{"rotation":[0,0,-1080.5]},"door":{"position":{"0.0":{"lerp_mode":"catmullrom","post":[0,0,0]},"0.125":{"lerp_mode":"catmullrom","post":[0.825,0,0]},"0.1667":{"lerp_mode":"catmullrom","post":[-1.18,0,0]},"0.3333":{"lerp_mode":"catmullrom","post":[10.705,0,0]},"0.375":{"lerp_mode":"catmullrom","post":[11.135,0,0]},"0.4167":{"lerp_mode":"catmullrom","post":[10.705,0,0]},"0.4583":{"lerp_mode":"catmullrom","post":[9.06,0,0]},"0.5":[10.705,0,0]},"scale":{"0.0":{"post":[1,1,1],"pre":[0,0,0]}}},"door2":{"position":{"0.0":{"lerp_mode":"catmullrom","post":[0,0,0]},"0.125":{"lerp_mode":"catmullrom","post":[-1.25,0,0]},"0.1667":{"lerp_mode":"catmullrom","post":[1.18,0,0]},"0.3333":{"lerp_mode":"catmullrom","post":[-10.705,0,0]},"0.375":{"lerp_mode":"catmullrom","post":[-11.135,0,0]},"0.4167":{"lerp_mode":"catmullrom","post":[-10.705,0,0]},"0.4583":{"lerp_mode":"catmullrom","post":[-9.65,0,0]},"0.5":[-10.705,0,0]},"scale":{"0.0":{"post":[1,1,1],"pre":[0,0,0]}}},"door3_lit":{"scale":{"0.0":{"post":[0,0,0],"pre":[1,1,1]}}},"door4_lit":{"scale":{"0.0":{"post":[0,0,0],"pre":[1,1,1]}}},"forge":{"scale":{"0.0417":[1,1,1],"0.1667":[1.1,0.9,1.2],"0.2083":[1.2,0.9,1.3],"0.375":[1,1,1]}},"pump":{"position":{"0.0833":{"lerp_mode":"catmullrom","post":[0,14.825,0],"pre":[0,14.825,0]},"0.3333":{"lerp_mode":"catmullrom","post":[0,-14,0]},"0.5833":{"lerp_mode":"catmullrom","post":[0,-3.905,0]},"1.4167":[0,14.825,0]},"scale":{"0.0833":{"lerp_mode":"catmullrom","post":[0,0,0],"pre":[0,0,0]},"0.3333":{"lerp_mode":"catmullrom","post":[1,0,0]},"0.5417":{"lerp_mode":"catmullrom","post":[1,1,1]},"1.0417":{"lerp_mode":"catmullrom","post":[0.8,1,0.9]},"1.4167":{"lerp_mode":"catmullrom","post":[0,0,0]}}},"rod":{"rotation":[0,-1440,0]},"smoke":{"position":{"0.0":[0,0,0],"1.4583":[0,56,0]},"scale":{"0.0":[1,0,1],"0.75":[1,1.4,1],"1.4583":[1,0,1]}},"smoke2":{"position":{"0.6667":[0,0,0],"2.125":[0,56,0]},"scale":{"0.6667":[1,0,1],"1.4167":[1,1.4,1],"2.125":[1,0,1]}},"time2":{"rotation":{"0.0":{"post":[0,0,427.5],"pre":[0,0,405]},"0.25":{"post":[0,0,450],"pre":[0,0,427.5]},"0.4583":{"post":[0,0,472.5],"pre":[0,0,450]},"0.625":{"post":[0,0,495],"pre":[0,0,472.5]},"0.75":{"post":[0,0,517.5],"pre":[0,0,495]},"0.8333":{"post":[0,0,540],"pre":[0,0,517.5]},"0.9167":{"post":[0,0,562.5],"pre":[0,0,540]},"1.0":{"post":[0,0,585],"pre":[0,0,562.5]},"1.0833":{"post":[0,0,607.5],"pre":[0,0,585]},"1.1667":{"post":[0,0,630],"pre":[0,0,607.5]},"1.25":{"post":[0,0,652.5],"pre":[0,0,630]},"1.3333":{"post":[0,0,675],"pre":[0,0,652.5]},"1.4167":{"post":[0,0,697.5],"pre":[0,0,675]},"1.5833":{"post":[0,0,720],"pre":[0,0,697.5]}}}},"loop":true},"animation.golemforge.working_idle_loop":{"animation_length":5.83333,"bones":{"bone":{"rotation":{"0.0":[0,0,0],"5.8333":[0,0,1080.5]}},"bone2":{"rotation":{"0.0":[0,0,0],"5.8333":[0,0,-1080.5]}},"door":{"position":{"5.375":{"post":[0,0,0],"pre":[0,0,0]}},"scale":[0,0,0]},"door2":{"position":{"5.375":{"post":[0,0,0],"pre":[0,0,0]}},"scale":[0,0,0]},"door3_lit":{"position":[0,0,0],"scale":[1,1,1]},"door4_lit":{"position":[0,0,0],"scale":[1,1,1]},"forge":{"rotation":[0,0,0],"scale":{"0.3333":[1,1,1],"5.4167":[1,1,1]}},"pump":{"position":{"0.0":{"lerp_mode":"catmullrom","post":[0,-19.9,0]},"0.0833":{"lerp_mode":"catmullrom","post":[0,-1.85,0]},"0.25":{"lerp_mode":"catmullrom","post":[0,-3.905,0]},"1.0833":{"lerp_mode":"catmullrom","post":[0,14.825,0]},"1.4167":{"lerp_mode":"catmullrom","post":[0,-14,0]},"1.6667":{"lerp_mode":"catmullrom","post":[0,-3.905,0]},"2.5":{"lerp_mode":"catmullrom","post":[0,14.825,0]},"2.9583":{"lerp_mode":"catmullrom","post":[0,-14,0]},"3.2083":{"lerp_mode":"catmullrom","post":[0,-3.905,0]},"4.0417":{"lerp_mode":"catmullrom","post":[0,14.825,0]},"4.375":{"lerp_mode":"catmullrom","post":[0,-14,0]},"4.625":{"lerp_mode":"catmullrom","post":[0,-3.905,0]},"5.4583":[0,14.825,0]},"scale":{"0.0":{"lerp_mode":"catmullrom","post":[0,1,0]},"0.2083":{"lerp_mode":"catmullrom","post":[1,1,1]},"0.7083":{"lerp_mode":"catmullrom","post":[0.8,1,0.9]},"1.0833":{"lerp_mode":"catmullrom","post":[0,0,0]},"1.4167":{"lerp_mode":"catmullrom","post":[1,0,0]},"1.625":{"lerp_mode":"catmullrom","post":[1,1,1]},"2.125":{"lerp_mode":"catmullrom","post":[0.8,1,0.9]},"2.5":{"lerp_mode":"catmullrom","post":[0,0,0]},"2.9583":{"lerp_mode":"catmullrom","post":[1,0,0]},"3.1667":{"lerp_mode":"catmullrom","post":[1,1,1]},"3.6667":{"lerp_mode":"catmullrom","post":[0.8,1,0.9]},"4.0417":{"lerp_mode":"catmullrom","post":[0,0,0]},"4.375":{"lerp_mode":"catmullrom","post":[1,0,0]},"4.5833":{"lerp_mode":"catmullrom","post":[1,1,1]},"5.0833":{"lerp_mode":"catmullrom","post":[0.8,1,0.9]},"5.4583":{"lerp_mode":"catmullrom","post":[0,0,0]}}},"rod":{"position":{"0.0":{"lerp_mode":"catmullrom","post":[0,-9.575,0]},"0.25":{"lerp_mode":"catmullrom","post":[0,-8.6,0]},"0.5417":{"lerp_mode":"catmullrom","post":[0,0,0]},"5.5833":{"lerp_mode":"catmullrom","post":[0,0,0]},"5.8333":{"lerp_mode":"catmullrom","post":[0,-9.575,0]}},"rotation":{"0.0":{"lerp_mode":"catmullrom","post":[0,399.75,0]},"0.3333":{"lerp_mode":"catmullrom","post":[0,384.25,0]},"0.875":{"lerp_mode":"catmullrom","post":[0,0,0]},"5.5417":[0,-1440,0],"5.8333":[0,-1395,0]}},"smoke":{"position":{"0.0":{"lerp_mode":"catmullrom","post":[0,0,0]},"1.4583":{"lerp_mode":"catmullrom","post":[0,56,0]},"1.7083":{"lerp_mode":"catmullrom","post":[0,0,0]},"3.1667":[0,56,0]},"scale":{"0.0":{"lerp_mode":"catmullrom","post":[1,0,1]},"0.75":{"lerp_mode":"catmullrom","post":[1,1.4,1]},"1.4583":{"lerp_mode":"catmullrom","post":[1,0,1]},"1.7083":{"lerp_mode":"catmullrom","post":[1,0,1]},"2.4583":{"lerp_mode":"catmullrom","post":[1,1.4,1]},"3.1667":[1,0,1]}},"smoke2":{"position":{"0.5833":{"lerp_mode":"catmullrom","post":[0,0,0],"pre":[0,0,0]},"2.0417":{"lerp_mode":"catmullrom","post":[0,56,0]},"2.4167":{"lerp_mode":"catmullrom","post":[0,0,0]},"3.875":[0,84.5,0]},"scale":{"0.5833":{"lerp_mode":"catmullrom","post":[1,0,1],"pre":[1,0,1]},"1.3333":{"lerp_mode":"catmullrom","post":[1,1.4,1]},"2.0417":{"lerp_mode":"catmullrom","post":[1,0,1]},"2.4167":{"lerp_mode":"catmullrom","post":[1,0,1]},"3.1667":{"lerp_mode":"catmullrom","post":[1,1.4,1]},"3.875":[1,0,1]}},"smokepipe":{"scale":{"0.0":{"lerp_mode":"catmullrom","post":[1,1,1]},"0.625":{"lerp_mode":"catmullrom","post":[1,0.6,1]},"1.0":{"lerp_mode":"catmullrom","post":[1,0.5,1]},"1.4167":{"lerp_mode":"catmullrom","post":[1,1,1]},"1.7083":{"lerp_mode":"catmullrom","post":[1,0.9,1]},"1.9167":{"lerp_mode":"catmullrom","post":[1,1,1]},"2.2917":{"lerp_mode":"catmullrom","post":[1,0.6,1]},"2.6667":{"lerp_mode":"catmullrom","post":[1,0.5,1]},"3.0833":{"lerp_mode":"catmullrom","post":[1,1,1]},"3.375":{"lerp_mode":"catmullrom","post":[1,0.9,1]},"3.5833":{"lerp_mode":"catmullrom","post":[1,1,1]},"3.875":{"lerp_mode":"catmullrom","post":[1,0.6,1]},"4.25":{"lerp_mode":"catmullrom","post":[1,0.5,1]},"4.6667":{"lerp_mode":"catmullrom","post":[1,1,1]},"4.9583":{"lerp_mode":"catmullrom","post":[1,0.9,1]},"5.2083":{"lerp_mode":"catmullrom","post":[1,1,1]},"5.375":{"lerp_mode":"catmullrom","post":[1,0.9,1]},"5.8333":[1,1,1]}},"smokepipe2":{"scale":{"0.0":{"lerp_mode":"catmullrom","post":[1,0.7,1]},"0.625":{"lerp_mode":"catmullrom","post":[1,2,1]},"1.0":{"lerp_mode":"catmullrom","post":[1,1,1]},"1.4167":{"lerp_mode":"catmullrom","post":[1,0.7,1]},"1.7083":{"lerp_mode":"catmullrom","post":[1,1,1]},"1.9167":{"lerp_mode":"catmullrom","post":[1,0.7,1]},"2.2917":{"lerp_mode":"catmullrom","post":[1,2,1]},"2.6667":{"lerp_mode":"catmullrom","post":[1,1,1]},"3.0833":{"lerp_mode":"catmullrom","post":[1,0.7,1]},"3.375":{"lerp_mode":"catmullrom","post":[1,1,1]},"3.5833":{"lerp_mode":"catmullrom","post":[1,0.7,1]},"3.875":{"lerp_mode":"catmullrom","post":[1,2,1]},"4.25":{"lerp_mode":"catmullrom","post":[1,1,1]},"4.6667":{"lerp_mode":"catmullrom","post":[1,0.7,1]},"4.9583":{"lerp_mode":"catmullrom","post":[1,1,1]},"5.2083":{"lerp_mode":"catmullrom","post":[1,0.7,1]},"5.375":{"lerp_mode":"catmullrom","post":[1,1,1]},"5.8333":[1,0.7,1]}},"time":{"rotation":[0,0,0]},"time2":{"rotation":{"0.0":{"lerp_mode":"catmullrom","post":[0,0,0]},"5.8333":{"lerp_mode":"catmullrom","post":[0,0,360]}}}},"loop":true}},"format_version":"1.8.0"}