{"animations":{"animation.highschool.idle":{"animation_length":7.2917,"bones":{"Player2":{"position":[0,0,17.8],"rotation":[0,30,0]},"Player3":{"position":[31,0,36],"rotation":[0,16,0]},"Player4":{"position":[27.9,0,52.3],"rotation":[0,-226.25,0]},"Player5":{"position":[-3,0,13]},"bb_main2":{"position":[-17,0,0]},"body3":{"position":{"0.0":[0,"0+math.sin(query.anim_time * 200) * 0.3",0],"0.75":[0,"0+math.sin(query.anim_time * 200) * 0.3",0.55],"2.0":[0,"0+math.sin(query.anim_time * 200) * 0.3",0]},"rotation":{"0.0":[7,0,0],"0.75":[2.75235,-0.20869,0.48367],"2.0":[7,0,0]}},"body4":{"position":{"0.0":[0,"0+math.sin(query.anim_time * 200) * 0.3",0],"4.9167":[0,"0+math.sin(query.anim_time * 200) * 0.3",0],"6.375":[0,"0+math.sin(query.anim_time * 200) * 0.3",0],"6.875":[0,"0+math.sin(query.anim_time * 200) * 0.3",0]},"rotation":{"0.0":[8.5844,1.70066,-11.12235],"4.9167":[8.58,1.7,-11.12],"5.1667":[-11.17,1.7,-11.12],"5.4583":[2.69017,-4.78732,1.06087],"6.375":[2.69,-4.79,1.06],"6.875":[8.5844,1.70066,-11.12235]}},"body5":{"position":[2.3,"0+math.sin(query.anim_time * 200) * 0.3",0],"rotation":{"0.0":[-9,14,0],"2.2083":[-9,14,0],"2.5833":[0.15663,14,0],"3.4583":[-19.5,14,0],"3.9167":[-15,14,0],"4.5":[-9,14,0]}},"body6":{"position":[4.5,"1.65+math.sin(query.anim_time * 200) * 0.3",-5.55],"rotation":[3.33708,-25.96171,-1.46221]},"bone20":{"position":[-3.9,0,-1.2],"rotation":[0,36.75,0]},"bone22":{"position":[-66,0,-77],"rotation":[0,90,0]},"close":{"scale":{"0.0":[0,0,0],"1.0833":{"post":[1,1,1],"pre":[0,0,0]},"1.2083":{"post":[0,0,0],"pre":[1,1,1]},"1.25":{"post":[1,1,1],"pre":[0,0,0]},"1.4583":{"post":[0,0,0],"pre":[1,1,1]},"1.7083":{"post":[1,1,1],"pre":[0,0,0]},"1.8333":{"post":[0,0,0],"pre":[1,1,1]},"2.6667":{"post":[1,1,1],"pre":[0,0,0]},"2.9583":{"post":[0,0,0],"pre":[1,1,1]},"3.9583":{"post":[1,1,1],"pre":[0,0,0]},"4.25":{"post":[0,0,0],"pre":[1,1,1]}}},"close2":{"scale":{"0.0":[0,0,0],"1.2083":{"post":[1,1,1],"pre":[0,0,0]},"1.5":{"post":[0,0,0],"pre":[1,1,1]},"3.7083":{"post":[1,1,1],"pre":[0,0,0]},"4.0":{"post":[0,0,0],"pre":[1,1,1]}}},"close4":{"scale":{"0.0":[0,0,0],"1.75":{"post":[0,0,0],"pre":[0,0,0]},"2.0417":{"post":[1,1,1],"pre":[0,0,0]},"2.125":{"post":[0,0,0],"pre":[1,1,1]},"2.25":{"post":[1,1,1],"pre":[0,0,0]},"2.3333":{"post":[0,0,0],"pre":[1,1,1]},"3.5417":{"post":[1,1,1],"pre":[0,0,0]},"3.625":{"post":[0,0,0],"pre":[1,1,1]},"3.75":{"post":[1,1,1],"pre":[0,0,0]},"3.8333":{"post":[0,0,0],"pre":[1,1,1]},"5.125":{"post":[0,0,0],"pre":[0,0,0]},"5.4167":{"post":[1,1,1],"pre":[0,0,0]},"5.5":{"post":[0,0,0],"pre":[1,1,1]},"5.625":{"post":[1,1,1],"pre":[0,0,0]},"5.7083":{"post":[0,0,0],"pre":[1,1,1]}}},"eye3":{"scale":{"0.0":[1,1,1],"1.0833":{"post":[0,0,0],"pre":[1,1,1]},"1.2083":{"post":[1,1,1],"pre":[0,0,0]},"1.25":{"post":[0,0,0],"pre":[1,1,1]},"1.4583":{"post":[1,1,1],"pre":[0,0,0]},"1.7083":{"post":[0,0,0],"pre":[1,1,1]},"1.8333":{"post":[1,1,1],"pre":[0,0,0]},"2.6667":{"post":[0,0,0],"pre":[1,1,1]},"2.9583":{"post":[1,1,1],"pre":[0,0,0]},"3.9583":{"post":[0,0,0],"pre":[1,1,1]},"4.25":{"post":[1,1,1],"pre":[0,0,0]}}},"eye4":{"scale":{"1.75":[1,1,1],"2.0417":{"post":[0,0,0],"pre":[1,1,1]},"2.125":{"post":[1,1,1],"pre":[0,0,0]},"2.25":{"post":[0,0,0],"pre":[1,1,1]},"2.3333":{"post":[1,1,1],"pre":[0,0,0]},"3.5417":{"post":[0,0,0],"pre":[1,1,1]},"3.625":{"post":[1,1,1],"pre":[0,0,0]},"3.75":{"post":[0,0,0],"pre":[1,1,1]},"3.8333":{"post":[1,1,1],"pre":[0,0,0]},"5.125":{"post":[1,1,1],"pre":[1,1,1]},"5.4167":{"post":[0,0,0],"pre":[1,1,1]},"5.5":{"post":[1,1,1],"pre":[0,0,0]},"5.625":{"post":[0,0,0],"pre":[1,1,1]},"5.7083":{"post":[1,1,1],"pre":[0,0,0]}}},"eye5":{"scale":{"0.0":[1,1,1],"1.2083":{"post":[0,0,0],"pre":[1,1,1]},"1.5":{"post":[1,1,1],"pre":[0,0,0]},"3.7083":{"post":[0,0,0],"pre":[1,1,1]},"4.0":{"post":[1,1,1],"pre":[0,0,0]}}},"handl2":{"position":{"3.2917":[0,0,0],"3.5":[0,0,-1.375],"3.6667":[0.4,2,6.575],"3.9167":[0.4,2,7.905],"4.25":[0,0,0],"5.2083":[0,0,0],"5.5":[0,0,0]},"rotation":{"3.2917":[0,0,0],"3.5":[0,0,0],"3.6667":[107.5,0,-7.5],"4.3333":[94.0808,1.18827,-23.70766],"4.5833":[203.64474,30.35676,-69.25758],"5.125":[201.84429,31.61373,-72.75383],"5.2083":[107.5,0,-7.5],"5.5":[0,0,0]}},"handl3":{"position":{"0.0":[-3.5,6.5,7.6],"0.625":[-3.5,6.5,7.6],"1.125":[-3.5,11.85,7.6],"1.2917":[-3.5,17.85,4.27],"1.5":[-3.5,11.85,0.1],"1.8333":[-3.5,11.85,7.6],"2.0":[-1.575,11.85,7.6],"2.125":[-3.5,11.85,7.6],"2.2917":[-1.575,11.85,7.6],"2.4167":[-3.5,11.85,7.6],"4.75":[-3.5,11.85,7.6],"5.125":[-3.5,5.825,7.6],"5.4167":[-3.5,6.5,7.6]},"rotation":{"0.0":[0,0,59],"0.8333":[0,0,59],"1.1667":[0,0,39.75],"4.75":[0,0,39.75],"5.125":[0,0,59],"5.4167":[0,0,59]}},"handl5":{"position":[-4.9,1.8,0],"rotation":[0,0,26]},"handr2":{"position":[1.6,4.55,1],"rotation":[0,-15,0]},"handr3":{"position":[1.1,0,0],"rotation":[0,0,-9]},"handr4":{"position":{"0.0":[-4.7,2.5,4],"5.0833":[-4.7,2.5,4],"5.375":[0.1,1,0.2],"5.75":[0.1,1,0.2],"5.8333":[0.1,0.325,0.2],"6.2917":[-4.7,2.5,4]},"rotation":{"0.0":[64.3138,-53.75941,58.48548],"5.0833":[64.31,-53.76,58.49],"5.375":[-28.416,-8.85603,16.62747],"5.75":[-28.416,-8.85603,16.62747],"5.8333":[-28.416,-8.85603,16.62747],"6.2917":[64.31,-53.76,58.49]}},"handr5":{"position":{"0.0":[-0.7,-1,1.6],"0.7083":[0.9,-0.3,1.6],"1.2083":[0.9,-0.3,1.6],"1.4583":[0.28,1.17,1.6],"2.6667":[0.28,1.17,1.6],"3.4167":[-1.4,-0.4,1.6],"4.0":[-1.4,-0.4,1.6],"4.2917":[-1.4,-0.4,1.6],"4.7917":[-0.7,-1,1.6]},"rotation":{"0.0":[21.81655,-16.855,-8.89075],"0.7083":[78.81655,-16.855,-8.89075],"1.2917":[117.06599,11.8746,-14.44804],"2.2917":[117.2729,13.65396,-13.51169],"2.5417":[137.72479,-13.05635,8.82676],"2.875":[138.08735,-14.39712,7.29906],"3.4167":[79.07173,-14.39712,7.29906],"4.0":[79.07173,-14.39712,7.29906],"4.2917":[91.07173,-14.39712,7.29906],"4.7917":[21.81655,-16.855,-8.89075]}},"handr6":{"position":{"0.0":[1.1,0,-4.8],"5.0833":[1.1,0,-4.8],"5.375":[-1.5,0,-4.8],"5.625":[-0.2,0,-4.8],"5.8333":[-1,0,-7.2],"6.1667":[2.2,-1.6,-7.2],"6.625":[1.1,0,-4.8]},"rotation":{"0.0":[0,0,-31],"5.0833":[0,0,-31],"5.375":[156.26264,-3.64806,-39.23307],"5.625":[149.44006,37.80312,-60.73197],"5.8333":[156.10604,7.33668,-44.07371],"6.1667":[62.16347,73.58871,-69.95595],"6.625":[0,0,-31]}},"head3":{"rotation":{"0.0":[0,0,0],"0.375":[-15.75,0,-3.66667],"0.6667":[-7.25383,-0.47416,-11.33533],"0.9167":[0,0,-11],"1.25":[0,0,15.75],"1.7917":[0,0,-11],"2.0833":[37,-15.5,-11],"2.4583":[39.87277,-17.03917,-12.33041],"2.9583":[41.36927,-17.03917,-12.33041],"3.3333":[-12.24006,-13.63911,8.6445],"3.875":[-12.26712,-16.67684,8.79804],"4.5":[0,0,0],"4.875":[-8.75,0,0],"5.375":[-1.24615,0.09807,4.49893],"5.7083":[-2.74696,-0.08719,-3.99905],"6.0":[-17.74696,-0.08719,-3.99905],"6.25":[-4.74696,-0.08719,-3.99905],"6.4583":[-17.74696,-0.08719,-3.99905],"6.75":[0,0,0]}},"head4":{"rotation":{"0.4583":[0,6.25,0],"1.875":[0,-0.52,0],"3.0833":[0,7.19,0],"4.8333":[0,0,0],"5.1667":[-15.75,0,0],"5.5":[-1.75109,7.39962,-3.94517],"7.125":[0,0,0],"7.2917":[0,6.25,0]}},"head5":{"rotation":{"0.0":[11.60787,13.86866,-6.74358],"0.9583":[14.11929,11.29959,4.74372],"1.5417":[12.31576,13.24673,-3.72459],"2.5417":[14.81425,10.36244,8.44066],"3.0833":[15.52356,9.24987,12.60336],"3.9167":[12.31576,13.24673,-3.72459],"4.5":[11.22622,14.17082,-8.30648],"4.9583":[-17.15908,12.60873,-0.92646],"5.2917":[7.06046,12.63662,1.21629],"5.5417":[-9.84763,12.65056,2.28767],"5.875":[11.38216,12.68542,4.96612],"7.1667":[11.60787,13.86866,-6.74358]}},"head6":{"rotation":{"0.0":[-1.9573,-16.12195,-5.33345],"0.5":[-7.501,-13.39577,-5.707],"0.75":[-3.38352,-14.48624,-5.55758],"1.125":[-8.4573,-16.12195,-5.33345],"1.5417":[-4.68414,-24.52467,-3.96428],"1.8333":[0.63227,-26.14069,-16.08034],"2.1667":[-0.84026,-26.13524,-12.73851],"2.375":[-4.8274,-28.01263,-3.64073],"3.125":[-4.95952,-30.75261,-3.37154],"3.625":[-13.70952,-30.75261,-3.37154],"4.375":[0.73269,-22.00338,-3.24185],"4.875":[1.43216,-36.49949,-3.62857],"5.375":[1.02646,-37.48951,-4.60528],"5.5833":[1.96269,-22.00338,-3.24185],"6.9167":[1.99589,-24.25204,-3.32634],"7.25":[-1.9573,-16.12195,-5.33345]}},"highschool":{"position":[-18,0,0]},"legl2":{"position":{"0.0":[3.2,0,1.4],"3.6667":[3.2,0.5,1.4],"4.0":[-0.3,-0.3,1.4],"5.3333":[-0.3,-0.3,1.4],"5.875":[3.2,0.5,1.4],"6.25":[3.2,0,1.4]},"rotation":{"3.4167":[0,0,0],"5.4167":[0,0,0],"5.875":[0,0,0]}},"legl3":{"rotation":[0,-15.75,0]},"legl4":{"rotation":[-5.03736,-6.97323,0.61312]},"legl5":{"position":[3,4,-0.4],"rotation":[-15,0,0]},"legr2":{"position":{"0.0":[3.7,0,1],"3.4167":[3.7,0,1],"3.5833":[3.7,2.4,2.7],"3.9167":[3.7,0,6.1],"5.375":[3.7,0,6.1],"5.875":[3.7,0,1]}},"legr3":{"position":{"0.0":[0,0,0.875],"1.0417":[0,0,0.875],"1.4167":[0.625,0,0.88],"2.4167":[0.83,0,0.88],"4.2083":[0,0,0.875]},"rotation":{"0.0":[0,12,0],"1.75":[0,8.75,0],"2.4167":[0,13.25,0],"3.9167":[0,12,0],"4.2083":[0,12,0]}},"legr4":{"position":[0.9,0,0.8],"rotation":[-13.01723,-2.92304,0.67544]},"legr5":{"position":[3.3,2.5,-0.8],"rotation":[-6,0,0]},"mouth4":{"scale":{"3.1667":[1,1,1],"3.5":{"post":[0,0,0],"pre":[1,1,1]},"3.5833":{"post":[1,1,1],"pre":[0,0,0]},"3.9583":{"post":[1,1,1],"pre":[1,1,1]},"4.0417":{"post":[0,0,0],"pre":[1,1,1]},"4.4167":{"post":[1,1,1],"pre":[0,0,0]},"4.625":{"post":[1,1,1],"pre":[1,1,1]},"4.75":{"post":[0,0,0],"pre":[1,1,1]},"5.0":{"post":[0,0,0],"pre":[0,0,0]},"5.0417":{"post":[0,0,0],"pre":[0,0,0]},"5.875":{"post":[1,1,1],"pre":[0,0,0]},"5.9583":{"post":[0,0,0],"pre":[1,1,1]},"6.1667":{"post":[1,1,1],"pre":[0,0,0]},"6.3333":{"post":[1,1,1],"pre":[1,1,1]},"6.5417":{"post":[1,1,1],"pre":[1,1,1]},"6.6667":{"post":[0,0,0],"pre":[1,1,1]},"6.9167":{"post":[0,0,0],"pre":[0,0,0]},"6.9583":{"post":[0,0,0],"pre":[0,0,0]}}},"mouth6":{"scale":{"0.0":[1,1,1],"0.3333":{"post":[0,0,0],"pre":[1,1,1]},"0.5":{"post":[1,1,1],"pre":[0,0,0]},"0.6667":{"post":[0,0,0],"pre":[1,1,1]},"0.9167":{"post":[1,1,1],"pre":[0,0,0]},"1.4167":{"post":[0,0,0],"pre":[1,1,1]},"1.6667":{"post":[1,1,1],"pre":[0,0,0]},"2.75":{"post":[0,0,0],"pre":[1,1,1]},"3.0":{"post":[1,1,1],"pre":[0,0,0]},"3.5417":{"post":[0,0,0],"pre":[1,1,1]},"3.7917":{"post":[1,1,1],"pre":[0,0,0]},"4.2083":{"post":[0,0,0],"pre":[1,1,1]},"4.4583":{"post":[1,1,1],"pre":[0,0,0]},"4.5833":{"post":[0,0,0],"pre":[1,1,1]}}},"mouth8":{"scale":{"0.6667":[1,1,1],"5.1667":{"post":[1,1,1],"pre":[1,1,1]},"5.25":{"post":[0,0,0],"pre":[1,1,1]},"5.3333":{"post":[1,1,1],"pre":[0,0,0]},"5.5833":{"post":[1,1,1],"pre":[1,1,1]},"5.6667":{"post":[0,0,0],"pre":[1,1,1]},"5.9583":{"post":[1,1,1],"pre":[0,0,0]}}},"mouth9":{"scale":{"0.0":[1,1,1],"0.3333":{"post":[0,0,0],"pre":[1,1,1]},"0.4167":{"post":[1,1,1],"pre":[0,0,0]},"0.7917":{"post":[1,1,1],"pre":[1,1,1]},"0.875":{"post":[0,0,0],"pre":[1,1,1]},"1.25":{"post":[1,1,1],"pre":[0,0,0]},"1.4583":{"post":[1,1,1],"pre":[1,1,1]},"1.5833":{"post":[0,0,0],"pre":[1,1,1]},"1.8333":{"post":[0,0,0],"pre":[0,0,0]},"1.875":{"post":[0,0,0],"pre":[0,0,0]},"2.75":{"post":[1,1,1],"pre":[0,0,0]},"3.0833":{"post":[0,0,0],"pre":[1,1,1]},"3.1667":{"post":[1,1,1],"pre":[0,0,0]},"3.5417":{"post":[1,1,1],"pre":[1,1,1]},"3.625":{"post":[0,0,0],"pre":[1,1,1]},"4.0":{"post":[1,1,1],"pre":[0,0,0]},"4.2083":{"post":[1,1,1],"pre":[1,1,1]},"4.3333":{"post":[0,0,0],"pre":[1,1,1]},"4.5833":{"post":[0,0,0],"pre":[0,0,0]},"4.625":{"post":[0,0,0],"pre":[0,0,0]}}}},"loop":true}},"format_version":"1.8.0"}