{"animations":{"animation.magic_wand.idle":{"animation_length":3,"bones":{"bb_main":{"position":{"0.0":[0,0,0],"1.4583":[0,"0+math.sin(query.anim_time * 200) * 2",0],"3.0":[0,0,0]},"rotation":[0,0,0]},"bone":{"rotation":{"0.0":[0,0,0],"3.0":[0,-360,0]}},"bone2":{"position":{"0.0":[0,0,0],"1.4583":[0,"0+math.sin(query.anim_time * 200) * 2",0],"3.0":[0,0,0]},"rotation":{"0.0":[0,0,0],"3.0":[0,-360,0]}},"bunny":{"scale":[0,0,0]},"crystal":{"position":{"0.0":[0,0,0],"1.4583":[0,"0+math.sin(query.anim_time * 200) * 2",0],"3.0":[0,0,0]},"rotation":{"0.0":[0,0,0],"3.0":[0,-360,0]}},"crystal2":{"position":{"0.0":[0,0,0],"1.4583":[0,"0+math.sin(query.anim_time * 200) * 2",0],"3.0":[0,0,0]},"rotation":{"0.0":[0,0,0],"3.0":[0,-360,0]}}},"loop":true},"animation.magic_wand.quirk":{"animation_length":3,"bones":{"bb_main":{"position":{"0.0":[0,"0+math.sin(query.anim_time * 200000) * 0.3",0],"1.4583":[0,"0+math.sin(query.anim_time * 200) * 2",0],"3.0":[0,0,0]},"rotation":[0,0,0]},"body":{"scale":[1,1.1,1]},"bone":{"rotation":{"0.0":[0,0,0],"3.0":[0,-360,0]}},"bone2":{"position":{"0.0":[0,0,0],"1.4583":[0,"0+math.sin(query.anim_time * 200) * 2",0],"3.0":[0,0,0]},"rotation":{"0.0":[0,0,0],"3.0":[0,-360,0]}},"bunny":{"position":{"0.2917":[6,0,-13],"0.4167":[6,-5.45,-13],"0.7083":[6,0,-13],"2.7083":[6,0,-13],"2.9583":[6,0,-13]},"rotation":{"0.0":[29,22.5,0],"0.75":[0,22.5,0],"1.0833":[22,22.5,0],"2.2917":[22,22.5,0],"2.4583":[-26.27675,22.5,0],"2.9583":[333.72325,22.5,0]},"scale":{"0.0833":[1,0,0],"0.1667":[1,1.3,1],"0.3333":[1.7,0.6,1],"0.5417":[1,1,1],"2.5":[1,1,1],"2.625":[1,1,2.5],"2.7917":[1,0,0]}},"crystal":{"position":{"0.0":[0,0,0],"1.4583":[0,"0+math.sin(query.anim_time * 200) * 2",0],"3.0":[0,0,0]},"rotation":{"0.0":[0,0,0],"3.0":[0,-360,0]}},"crystal2":{"position":{"0.0":[0,0,0],"1.4583":[0,"0+math.sin(query.anim_time * 200) * 2",0],"3.0":[0,0,0]},"rotation":{"0.0":[0,0,0],"3.0":[0,-360,0]}},"feet":{"rotation":{"0.4167":[0,0,0],"0.7083":[41,0,0],"1.1667":[5.5,0,0],"1.5417":[5.5,0,0],"1.9167":[5.5,0,0],"2.5833":[5.5,0,0]}},"feet2":{"rotation":{"0.4167":[0,0,0],"0.7083":[41,0,0],"1.1667":[21.5,0,0],"1.5417":[21.5,0,0],"1.9167":[21.5,0,0],"2.5833":[16.5,0,0]}},"hand":{"rotation":[-11,0,0]},"head":{"rotation":{"0.25":[0,0,0],"0.4583":[-11.89739,28.32068,23.75762],"0.75":[-11.89739,28.32068,23.75762],"0.8333":[31.75602,18.25852,20.69404],"1.0":[-30.47691,-32.05226,5.37611],"1.25":[-29.79593,-30.10629,4.0572],"1.5":[0,0,0],"1.5833":[26.46159,-6.91883,1.88645],"1.9583":[-13.49283,-20.70481,-24.14867]}}},"loop":true,"particle_effects":{"0.0833":{"effect":"magic_small","locator":"locator"}}}},"format_version":"1.8.0"}