{"animations":{"animation.mysticpickaxe.idle":{"animation_length":1.5,"bones":{"bone":{"position":{"0.0":[0,0,0],"0.5417":[-0.02,-0.12,0],"1.1667":[-0.195,0.03,0],"1.5":[0,0,0]},"rotation":[0,"0+math.sin(query.anim_time * 20000) * 0.1","0+math.sin(query.anim_time * 20000) * 0.2"]},"bone2":{"position":{"0.0":[-0.445,0.43,0],"0.5417":[-0.32,0.205,0],"1.25":[-0.245,0.305,0],"1.5":[-0.445,0.43,0]},"rotation":[0,"0+math.sin(query.anim_time * 20000) * 0.1","0+math.sin(query.anim_time * 20000) * 0.2"]},"bone4":{"rotation":[0,"0+math.sin(query.anim_time * 20000) * 0.1","0+math.sin(query.anim_time * 20000) * 0.1"]}},"loop":true}},"format_version":"1.8.0"}