{"animations":{"animation.prisonbuyeridle":{"animation_length":19.41667,"bones":{"Body":{"position":{"0.0":{"lerp_mode":"catmullrom","post":[0,-0.075,0]},"10.125":{"lerp_mode":"catmullrom","post":[0,-0.075,0]},"13.3333":{"lerp_mode":"catmullrom","post":[0,-0.075,0]},"16.1667":{"lerp_mode":"catmullrom","post":[0,-0.075,0]},"19.375":{"lerp_mode":"catmullrom","post":[0,-0.075,0]},"2.2917":{"lerp_mode":"catmullrom","post":[0,0,0]},"2.4167":{"lerp_mode":"catmullrom","post":[0,-0.225,0]},"2.7917":{"lerp_mode":"catmullrom","post":[0,0.755,0]},"3.0417":{"lerp_mode":"catmullrom","post":[0,0,0]},"9.2917":{"lerp_mode":"catmullrom","post":[0,-0.075,0]}},"rotation":{"0.0":{"lerp_mode":"catmullrom","post":[0,0,0]},"1.6667":{"lerp_mode":"catmullrom","post":[0,8,0]},"10.125":{"lerp_mode":"catmullrom","post":[0,0,0]},"11.7917":{"lerp_mode":"catmullrom","post":[0,8,0]},"13.3333":{"lerp_mode":"catmullrom","post":[0,0,0]},"15.0":{"lerp_mode":"catmullrom","post":[0,8,0]},"16.1667":{"lerp_mode":"catmullrom","post":[0,0,0]},"18.2083":{"lerp_mode":"catmullrom","post":[0,8,0]},"19.375":{"lerp_mode":"catmullrom","post":[0,0,0]},"2.2917":{"lerp_mode":"catmullrom","post":[0,0,0]},"3.0417":{"lerp_mode":"catmullrom","post":[0,0,0]},"4.2083":{"lerp_mode":"catmullrom","post":[0,-7,0]},"5.625":{"lerp_mode":"catmullrom","post":[-8.37799,-18.96721,1.60908]},"7.0":{"lerp_mode":"catmullrom","post":[-8.37799,-18.96721,1.60908]},"7.4167":{"lerp_mode":"catmullrom","post":[-8.37799,-18.96721,1.60908]},"8.4167":{"lerp_mode":"catmullrom","post":[0,0,0]}},"scale":{"0.0":{"lerp_mode":"catmullrom","post":[1,1,1]},"10.125":{"lerp_mode":"catmullrom","post":[1,1,1]},"13.3333":{"lerp_mode":"catmullrom","post":[1,1,1]},"16.1667":{"lerp_mode":"catmullrom","post":[1,1,1]},"19.375":{"lerp_mode":"catmullrom","post":[1,1,1]},"2.2917":{"lerp_mode":"catmullrom","post":[1,1,1]},"2.4167":{"lerp_mode":"catmullrom","post":[1,0.9625,1]},"2.7917":{"lerp_mode":"catmullrom","post":[1,1.0905,1]},"3.0417":{"lerp_mode":"catmullrom","post":[1,1,1]},"9.2917":{"lerp_mode":"catmullrom","post":[1,1,1]}}},"Head":{"rotation":{"0.0":{"lerp_mode":"catmullrom","post":[2.52507,-8.98756,3.03733]},"1.125":{"lerp_mode":"catmullrom","post":[0.79087,-8.96547,-5.062]},"1.9583":{"lerp_mode":"catmullrom","post":[-2,16,0]},"10.125":{"lerp_mode":"catmullrom","post":[2.52507,-8.98756,3.03733]},"11.25":{"lerp_mode":"catmullrom","post":[0.79087,-8.96547,-5.062]},"13.3333":{"lerp_mode":"catmullrom","post":[2.52507,-8.98756,3.03733]},"14.4583":{"lerp_mode":"catmullrom","post":[0.79087,-8.96547,-5.062]},"16.1667":{"lerp_mode":"catmullrom","post":[2.52507,-8.98756,3.03733]},"17.6667":{"lerp_mode":"catmullrom","post":[0.79087,-8.96547,-5.062]},"19.375":{"lerp_mode":"catmullrom","post":[2.52507,-8.98756,3.03733]},"2.5":{"lerp_mode":"catmullrom","post":[-2,16,0]},"2.75":{"lerp_mode":"catmullrom","post":[-17.11226,6.72725,-0.1685]},"3.3333":{"lerp_mode":"catmullrom","post":[-17.11226,6.72725,-0.1685]},"3.5":{"lerp_mode":"catmullrom","post":[-17.11226,6.72725,-0.1685]},"4.0":{"lerp_mode":"catmullrom","post":[2.52507,-8.98756,3.03733]},"4.9583":{"lerp_mode":"catmullrom","post":[-1.58165,-36.98338,2.08846]},"6.0833":{"lerp_mode":"catmullrom","post":[-1.58165,-36.98338,2.08846]},"7.875":{"lerp_mode":"catmullrom","post":[-1.58165,-36.98338,2.08846]},"9.2917":{"lerp_mode":"catmullrom","post":[2.52507,-8.98756,3.03733]}}},"LeftArm":{"position":{"0.0":{"lerp_mode":"catmullrom","post":[0,0.575,0]},"1.2083":{"lerp_mode":"catmullrom","post":[0,0.13,0]},"10.125":{"lerp_mode":"catmullrom","post":[0,0.575,0]},"11.3333":{"lerp_mode":"catmullrom","post":[0,0.13,0]},"13.3333":{"lerp_mode":"catmullrom","post":[0,0.575,0]},"14.5417":{"lerp_mode":"catmullrom","post":[0,0.13,0]},"16.1667":{"lerp_mode":"catmullrom","post":[0,0.575,0]},"17.75":{"lerp_mode":"catmullrom","post":[0,0.13,0]},"19.375":{"lerp_mode":"catmullrom","post":[0,0.575,0]},"2.2083":{"lerp_mode":"catmullrom","post":[0,0.21,0]},"2.9583":{"lerp_mode":"catmullrom","post":[0,-0.515,0.35]},"4.5833":{"lerp_mode":"catmullrom","post":[0,0.025,-0.08]},"6.0":{"lerp_mode":"catmullrom","post":[0,-0.625,0.56]},"7.7917":{"lerp_mode":"catmullrom","post":[0,-0.625,0.56]},"8.875":{"lerp_mode":"catmullrom","post":[0,0.575,0]}},"rotation":{"0.0":{"lerp_mode":"catmullrom","post":[-17.48436,0.75155,2.38443]},"0.9583":{"lerp_mode":"catmullrom","post":[10,0,-10]},"10.125":{"lerp_mode":"catmullrom","post":[-17.48436,0.75155,2.38443]},"11.0833":{"lerp_mode":"catmullrom","post":[10,0,-10]},"13.3333":{"lerp_mode":"catmullrom","post":[-17.48436,0.75155,2.38443]},"14.2917":{"lerp_mode":"catmullrom","post":[10,0,-10]},"16.1667":{"lerp_mode":"catmullrom","post":[-17.48436,0.75155,2.38443]},"17.5":{"lerp_mode":"catmullrom","post":[10,0,-10]},"19.375":{"lerp_mode":"catmullrom","post":[-17.48436,0.75155,2.38443]},"2.0":{"lerp_mode":"catmullrom","post":[-17.48436,0.75155,2.38443]},"2.7917":{"lerp_mode":"catmullrom","post":[9.96271,0.86717,-14.92442]},"3.625":{"lerp_mode":"catmullrom","post":[9.96271,0.86717,-14.92442]},"4.5833":{"lerp_mode":"catmullrom","post":[-17.48436,0.75155,2.38443]},"5.375":{"lerp_mode":"catmullrom","post":[10,0,-10]},"7.1667":{"lerp_mode":"catmullrom","post":[10,0,-10]},"8.875":{"lerp_mode":"catmullrom","post":[-17.48436,0.75155,2.38443]}}},"LeftLeg":{"position":{"0.0":{"lerp_mode":"catmullrom","post":[0,0,0]},"10.125":{"lerp_mode":"catmullrom","post":[0,0,0]},"13.3333":{"lerp_mode":"catmullrom","post":[0,0,0]},"16.1667":{"lerp_mode":"catmullrom","post":[0,0,0]},"19.375":{"lerp_mode":"catmullrom","post":[0,0,0]},"3.875":{"lerp_mode":"catmullrom","post":[0,0,0]},"4.5":{"lerp_mode":"catmullrom","post":[0,0.475,-0.825]},"5.4167":{"lerp_mode":"catmullrom","post":[1.825,0.48,0.18]},"6.7917":{"lerp_mode":"catmullrom","post":[1.825,0.48,0.18]},"7.5":{"lerp_mode":"catmullrom","post":[0.825,0.48,-1.045]},"9.5":{"lerp_mode":"catmullrom","post":[0,0,0]}},"rotation":{"0.0":{"lerp_mode":"catmullrom","post":[0,0,0]},"10.125":{"lerp_mode":"catmullrom","post":[0,0,0]},"13.3333":{"lerp_mode":"catmullrom","post":[0,0,0]},"16.1667":{"lerp_mode":"catmullrom","post":[0,0,0]},"19.375":{"lerp_mode":"catmullrom","post":[0,0,0]},"3.875":{"lerp_mode":"catmullrom","post":[0,0,0]},"4.5":{"lerp_mode":"catmullrom","post":[10,0,0]},"5.4167":{"lerp_mode":"catmullrom","post":[16.15359,-51.3798,-12.75141]},"6.7917":{"lerp_mode":"catmullrom","post":[16.15359,-51.3798,-12.75141]},"7.2083":{"lerp_mode":"catmullrom","post":[11.34526,-28.02843,-5.38611]},"9.2083":{"lerp_mode":"catmullrom","post":[0,0,0]}},"scale":{"0.0":{"lerp_mode":"catmullrom","post":[1,1,1]},"10.125":{"lerp_mode":"catmullrom","post":[1,1,1]},"13.3333":{"lerp_mode":"catmullrom","post":[1,1,1]},"16.1667":{"lerp_mode":"catmullrom","post":[1,1,1]},"19.375":{"lerp_mode":"catmullrom","post":[1,1,1]},"3.875":{"lerp_mode":"catmullrom","post":[1,1,1]},"9.2083":{"lerp_mode":"catmullrom","post":[1,1,1]}}},"RightArm":{"position":{"0.0417":{"lerp_mode":"catmullrom","post":[0,0.675,0]},"1.0833":{"lerp_mode":"catmullrom","post":[0,-0.67,0]},"10.1667":{"lerp_mode":"catmullrom","post":[0,0.675,0]},"11.2083":{"lerp_mode":"catmullrom","post":[0,-0.67,0]},"13.375":{"lerp_mode":"catmullrom","post":[0,0.675,0]},"14.4167":{"lerp_mode":"catmullrom","post":[0,-0.67,0]},"16.2083":{"lerp_mode":"catmullrom","post":[0,0.675,0]},"17.625":{"lerp_mode":"catmullrom","post":[0,-0.67,0]},"19.4167":{"lerp_mode":"catmullrom","post":[0,0.675,0]},"2.125":{"lerp_mode":"catmullrom","post":[0,-0.11,0]},"2.7917":{"lerp_mode":"catmullrom","post":[0,-3.8,-2.825]},"3.7917":{"lerp_mode":"catmullrom","post":[0,-3.8,-2.825]},"4.375":{"lerp_mode":"catmullrom","post":[0,0.49,0]},"5.9167":{"lerp_mode":"catmullrom","post":[0,-0.655,0.14]},"7.7083":{"lerp_mode":"catmullrom","post":[0,-0.655,0.14]},"9.25":{"lerp_mode":"catmullrom","post":[0,0.675,0]}},"rotation":{"0.0417":{"lerp_mode":"catmullrom","post":[-12.45392,-1.08089,-4.88206]},"1.0833":{"lerp_mode":"catmullrom","post":[3.30493,-1.67991,5.10293]},"10.1667":{"lerp_mode":"catmullrom","post":[-12.45392,-1.08089,-4.88206]},"11.2083":{"lerp_mode":"catmullrom","post":[3.30493,-1.67991,5.10293]},"13.375":{"lerp_mode":"catmullrom","post":[-12.45392,-1.08089,-4.88206]},"14.4167":{"lerp_mode":"catmullrom","post":[3.30493,-1.67991,5.10293]},"16.2083":{"lerp_mode":"catmullrom","post":[-12.45392,-1.08089,-4.88206]},"17.625":{"lerp_mode":"catmullrom","post":[3.30493,-1.67991,5.10293]},"19.4167":{"lerp_mode":"catmullrom","post":[-12.45392,-1.08089,-4.88206]},"2.0":{"lerp_mode":"catmullrom","post":[30.311,-7.78169,2.32611]},"2.7917":{"lerp_mode":"catmullrom","post":[-151.98282,-16.73825,34.15861]},"3.7917":{"lerp_mode":"catmullrom","post":[-147.98282,-16.73825,34.15861]},"4.375":{"lerp_mode":"catmullrom","post":[3.49982,-4.87507,14.32998]},"5.9167":{"lerp_mode":"catmullrom","post":[0.92867,-2.2146,13.65409]},"7.7083":{"lerp_mode":"catmullrom","post":[0.92867,-2.2146,13.65409]},"9.25":{"lerp_mode":"catmullrom","post":[-12.45392,-1.08089,-4.88206]}}},"eye1":{"position":{"0.0":{"lerp_mode":"catmullrom","post":[0.475,0,0]},"0.5":{"lerp_mode":"catmullrom","post":[1.005,0,0]},"1.125":{"lerp_mode":"catmullrom","post":[1.005,0,0]},"10.125":{"lerp_mode":"catmullrom","post":[0.475,0,0]},"10.625":{"lerp_mode":"catmullrom","post":[1.005,0,0]},"11.25":{"lerp_mode":"catmullrom","post":[1.005,0,0]},"13.3333":{"lerp_mode":"catmullrom","post":[0.475,0,0]},"13.8333":{"lerp_mode":"catmullrom","post":[1.005,0,0]},"14.4583":{"lerp_mode":"catmullrom","post":[1.005,0,0]},"16.1667":{"lerp_mode":"catmullrom","post":[0.475,0,0]},"17.6667":{"lerp_mode":"catmullrom","post":[1.005,0,0]},"19.375":{"lerp_mode":"catmullrom","post":[0.475,0,0]},"2.375":{"lerp_mode":"catmullrom","post":[1.005,0,0]},"3.0":{"lerp_mode":"catmullrom","post":[0.01,0,0]},"3.9583":{"lerp_mode":"catmullrom","post":[0.475,0,0]},"7.3333":{"lerp_mode":"catmullrom","post":[0.985,0,0]},"9.2083":{"lerp_mode":"catmullrom","post":[0.475,0,0]}}},"eye2":{"position":{"0.0":{"lerp_mode":"catmullrom","post":[0.5,0,0]},"0.5":{"lerp_mode":"catmullrom","post":[0.95,0,0]},"1.125":{"lerp_mode":"catmullrom","post":[0.95,0,0]},"10.125":{"lerp_mode":"catmullrom","post":[0.5,0,0]},"10.625":{"lerp_mode":"catmullrom","post":[0.95,0,0]},"11.25":{"lerp_mode":"catmullrom","post":[0.95,0,0]},"13.3333":{"lerp_mode":"catmullrom","post":[0.5,0,0]},"13.8333":{"lerp_mode":"catmullrom","post":[0.95,0,0]},"14.4583":{"lerp_mode":"catmullrom","post":[0.95,0,0]},"16.1667":{"lerp_mode":"catmullrom","post":[0.5,0,0]},"17.6667":{"lerp_mode":"catmullrom","post":[0.95,0,0]},"19.375":{"lerp_mode":"catmullrom","post":[0.5,0,0]},"2.375":{"lerp_mode":"catmullrom","post":[0.95,0,0]},"3.0":{"lerp_mode":"catmullrom","post":[-0.05,0,0]},"3.9583":{"lerp_mode":"catmullrom","post":[0.5,0,0]},"7.3333":{"lerp_mode":"catmullrom","post":[1.015,0,0]},"9.2083":{"lerp_mode":"catmullrom","post":[0.5,0,0]}}},"eyebrow2":{"position":{"1.4583":{"lerp_mode":"catmullrom","post":[0,-0.25,0]},"11.5833":{"lerp_mode":"catmullrom","post":[0,-0.25,0]},"14.7917":{"lerp_mode":"catmullrom","post":[0,-0.25,0]},"18.0":{"lerp_mode":"catmullrom","post":[0,-0.25,0]},"2.1667":{"lerp_mode":"catmullrom","post":[0,-0.94,0.175]},"2.8333":{"lerp_mode":"catmullrom","post":[0,0,0]},"4.0":{"lerp_mode":"catmullrom","post":[0,-0.25,0]},"9.25":{"lerp_mode":"catmullrom","post":[0,-0.25,0]}},"rotation":{"1.4583":{"lerp_mode":"catmullrom","post":[0,0,0]},"11.5833":{"lerp_mode":"catmullrom","post":[0,0,0]},"14.7917":{"lerp_mode":"catmullrom","post":[0,0,0]},"18.0":{"lerp_mode":"catmullrom","post":[0,0,0]},"2.8333":{"lerp_mode":"catmullrom","post":[0,0,0]}},"scale":{"1.4583":{"lerp_mode":"catmullrom","post":[1,1,1]},"11.5833":{"lerp_mode":"catmullrom","post":[1,1,1]},"14.7917":{"lerp_mode":"catmullrom","post":[1,1,1]},"18.0":{"lerp_mode":"catmullrom","post":[1,1,1]},"2.1667":{"lerp_mode":"catmullrom","post":[1.075,1.14,1.3]},"2.8333":{"lerp_mode":"catmullrom","post":[1,1,1]}}},"eyebrow3":{"position":{"1.4583":{"lerp_mode":"catmullrom","post":[0,-0.15,0]},"11.5833":{"lerp_mode":"catmullrom","post":[0,-0.15,0]},"14.7917":{"lerp_mode":"catmullrom","post":[0,-0.15,0]},"18.0":{"lerp_mode":"catmullrom","post":[0,-0.15,0]},"2.0":{"lerp_mode":"catmullrom","post":[0,-1,0.125]},"2.8333":{"lerp_mode":"catmullrom","post":[0,0,0]},"3.2083":{"lerp_mode":"catmullrom","post":[0,0.9,0]},"3.75":{"lerp_mode":"catmullrom","post":[0,0.9,0]},"4.0":{"lerp_mode":"catmullrom","post":[0,-0.15,0]},"4.7083":{"lerp_mode":"catmullrom","post":[0,-0.15,0]},"5.125":{"lerp_mode":"catmullrom","post":[0,0.37,0]},"8.0417":{"lerp_mode":"catmullrom","post":[0,0.37,0]},"9.25":{"lerp_mode":"catmullrom","post":[0,-0.15,0]}},"rotation":{"1.4583":{"lerp_mode":"catmullrom","post":[0,0,0]},"11.5833":{"lerp_mode":"catmullrom","post":[0,0,0]},"14.7917":{"lerp_mode":"catmullrom","post":[0,0,0]},"18.0":{"lerp_mode":"catmullrom","post":[0,0,0]},"2.8333":{"lerp_mode":"catmullrom","post":[0,0,0]}},"scale":{"1.4583":{"lerp_mode":"catmullrom","post":[1,1,1]},"11.5833":{"lerp_mode":"catmullrom","post":[1,1,1]},"14.7917":{"lerp_mode":"catmullrom","post":[1,1,1]},"18.0":{"lerp_mode":"catmullrom","post":[1,1,1]},"2.0":{"lerp_mode":"catmullrom","post":[1.23,1,1]},"2.8333":{"lerp_mode":"catmullrom","post":[1,1,1]}}},"mouth":{"position":{"0.0":{"lerp_mode":"catmullrom","post":[0.55,0,0]},"1.4583":{"lerp_mode":"catmullrom","post":[0.55,0,0]},"10.125":{"lerp_mode":"catmullrom","post":[0.55,0,0]},"11.5833":{"lerp_mode":"catmullrom","post":[0.55,0,0]},"13.3333":{"lerp_mode":"catmullrom","post":[0.55,0,0]},"14.7917":{"lerp_mode":"catmullrom","post":[0.55,0,0]},"16.1667":{"lerp_mode":"catmullrom","post":[0.55,0,0]},"18.0":{"lerp_mode":"catmullrom","post":[0.55,0,0]},"19.375":{"lerp_mode":"catmullrom","post":[0.55,0,0]},"2.5":{"lerp_mode":"catmullrom","post":[-2.625,0,0]},"3.4583":{"lerp_mode":"catmullrom","post":[-2.625,0,0]},"4.0":{"lerp_mode":"catmullrom","post":[0.55,0,0]},"7.125":{"lerp_mode":"catmullrom","post":[0.655,0,0]},"8.0":{"lerp_mode":"catmullrom","post":[0.655,0,0]},"9.0417":{"lerp_mode":"catmullrom","post":[0.55,0,0]}},"rotation":{"0.0":{"lerp_mode":"catmullrom","post":[0,0,-16]},"1.4583":{"lerp_mode":"catmullrom","post":[0,0,-16]},"10.125":{"lerp_mode":"catmullrom","post":[0,0,-16]},"11.5833":{"lerp_mode":"catmullrom","post":[0,0,-16]},"13.3333":{"lerp_mode":"catmullrom","post":[0,0,-16]},"14.7917":{"lerp_mode":"catmullrom","post":[0,0,-16]},"16.1667":{"lerp_mode":"catmullrom","post":[0,0,-16]},"18.0":{"lerp_mode":"catmullrom","post":[0,0,-16]},"19.375":{"lerp_mode":"catmullrom","post":[0,0,-16]},"2.0417":{"lerp_mode":"catmullrom","post":[0,0,1.5]},"3.375":{"lerp_mode":"catmullrom","post":[0,0,1.5]},"4.0":{"lerp_mode":"catmullrom","post":[0,0,-16]},"7.125":{"lerp_mode":"catmullrom","post":[0,0,-2.28505]},"8.0":{"lerp_mode":"catmullrom","post":[0,0,-0.4736]},"9.0417":{"lerp_mode":"catmullrom","post":[0,0,-16]}},"scale":{"0.0":{"lerp_mode":"catmullrom","post":[1.2325,0.525,1]},"1.5":{"lerp_mode":"catmullrom","post":[1.2325,0.525,1]},"10.125":{"lerp_mode":"catmullrom","post":[1.2325,0.525,1]},"11.625":{"lerp_mode":"catmullrom","post":[1.2325,0.525,1]},"13.3333":{"lerp_mode":"catmullrom","post":[1.2325,0.525,1]},"14.8333":{"lerp_mode":"catmullrom","post":[1.2325,0.525,1]},"16.1667":{"lerp_mode":"catmullrom","post":[1.2325,0.525,1]},"18.0417":{"lerp_mode":"catmullrom","post":[1.2325,0.525,1]},"19.375":{"lerp_mode":"catmullrom","post":[1.2325,0.525,1]},"2.4583":{"lerp_mode":"catmullrom","post":[0.4725,0.8425,1]},"3.4167":{"lerp_mode":"catmullrom","post":[0.4725,0.8425,1]},"3.625":{"lerp_mode":"catmullrom","post":[0.4725,0.8425,1]},"4.0":{"lerp_mode":"catmullrom","post":[1.2325,0.525,1]},"9.0417":{"lerp_mode":"catmullrom","post":[1.2325,0.525,1]}}}},"loop":true}},"format_version":"1.8.0"}