{"animations":{"animation.scaryhairy.basic_attack":{"animation_length":3.58333,"bones":{"bb_main":{"position":{"0.0":[0,0,0],"0.2917":[0,2.775,0]},"rotation":{"0.0":[0,0,0],"0.3333":[-5,0,0],"0.5833":[2.25,0,0],"1.0":[0,0,0]},"scale":{"0.2917":[1,1,1],"0.4583":[1,1,1.1],"0.625":[1,1,1]}},"bone14":{"scale":{"0.0":[1,1,1],"0.2917":[1,1.2,1.3],"0.4167":[1,1,1.3],"0.5833":[1,1.395,1.3],"0.7083":[1,1,1],"1.4167":[1,1,1]}},"bone20":{"position":[0,"0+math.sin(query.anim_time * 200) * 1",0],"rotation":{"0.0":[0,0,-30.25],"1.1667":[0,0,-30.25],"1.5":[0,0,-29.5],"3.5833":[0,0,-30.25]}},"bone21":{"rotation":[0,0,-7.5]},"bone22":{"rotation":{"0.0":[0,0,110],"1.1667":[0,0,110],"1.5":[0,0,107.5],"3.5833":[0,0,110]}},"bone23":{"rotation":{"0.0":[0,0,20],"1.0833":[0,0,20],"1.5":[0,0,17.5],"1.875":[0,0,14.97],"3.5833":[0,0,20]}},"bone24":{"position":[0,"0+math.sin(query.anim_time * 200) * 1",0],"rotation":{"0.0":[0,0,-30.25],"1.1667":[0,0,-30.25],"1.5":[0,0,-29.5],"3.5833":[0,0,-30.25]}},"bone25":{"rotation":[0,0,-7.5]},"bone26":{"rotation":{"0.0":[0,0,110],"1.1667":[0,0,110],"1.5":[0,0,107.5],"3.5833":[0,0,110]}},"bone27":{"rotation":{"0.0":[0,0,20],"1.0833":[0,0,20],"1.5":[0,0,17.5],"1.875":[0,0,14.97],"3.5833":[0,0,20]}},"bone28":{"position":[0,"0+math.sin(query.anim_time * 200) * 1",0],"rotation":{"0.0":[0,0,-15.25],"1.1667":[0,0,-17],"1.5":[0,0,-18.25],"3.5833":[0,0,-15.25]}},"bone29":{"rotation":[0,0,-7.5]},"bone30":{"rotation":{"0.0":[0,0,110],"1.1667":[0,0,110],"1.5":[0,0,107.5],"3.5833":[0,0,110]}},"bone31":{"rotation":{"0.0":[0,0,20],"1.0833":[0,0,20],"1.5":[0,0,17.5],"1.875":[0,0,14.97],"3.5833":[0,0,20]}},"bone32":{"position":[0,"0+math.sin(query.anim_time * 200) * 1",0],"rotation":{"0.125":[0,0,-35.25],"0.5":[-73.17583,-22.49663,-67.30129],"0.7083":[-44.09103,31.39178,-69.92048],"1.0417":[0,0,-35.25]}},"bone33":{"rotation":[0,0,-7.5]},"bone34":{"rotation":{"0.0":[0,0,110],"1.1667":[0,0,110],"1.5":[0,0,107.5],"3.5833":[0,0,110]}},"bone35":{"rotation":{"0.0":[0,0,20],"1.0833":[0,0,20],"1.5":[0,0,17.5],"1.875":[0,0,14.97],"3.5833":[0,0,20]}},"bone36":{"position":[0,"0+math.sin(query.anim_time * 200) * 1",0],"rotation":{"0.0":[0,0,35.25],"0.375":[-73.17583,22.49663,67.30129],"0.5833":[-44.09103,-31.39178,69.92048],"0.9167":[0,0,35.25]}},"bone37":{"rotation":[0,0,7.5]},"bone38":{"rotation":{"0.0":[0,0,-110],"1.1667":[0,0,-110],"1.5":[0,0,-107.5],"3.5833":[0,0,-110]}},"bone39":{"rotation":{"0.0":[0,0,-20],"1.0833":[0,0,-20],"1.5":[0,0,-17.5],"1.875":[0,0,-14.97],"3.5833":[0,0,-20]}},"bone40":{"position":[0,"0+math.sin(query.anim_time * 200) * 1",0],"rotation":{"0.0":[0,0,30.25],"1.1667":[0,0,30.25],"1.5":[0,0,29.5],"3.5833":[0,0,30.25]}},"bone41":{"rotation":[0,0,-7.5]},"bone42":{"rotation":{"0.0":[0,0,-110],"1.1667":[0,0,-110],"1.5":[0,0,-107.5],"3.5833":[0,0,-110]}},"bone43":{"rotation":{"0.0":[0,0,-20],"1.0833":[0,0,-20],"1.5":[0,0,-17.5],"1.875":[0,0,-14.97],"3.5833":[0,0,-20]}},"bone44":{"position":[0,"0+math.sin(query.anim_time * 200) * 1",0],"rotation":{"0.0":[0,0,30.25],"1.1667":[0,0,30.25],"1.5":[0,0,29.5],"3.5833":[0,0,30.25]}},"bone45":{"position":[0,"0+math.sin(query.anim_time * 200) * 1",0],"rotation":{"0.0":[0,0,7.5],"1.1667":[0,0,9.84],"1.5":[0,0,10.5],"3.5833":[0,0,7.5]}},"bone46":{"rotation":{"0.0":[0,0,-110],"1.1667":[0,0,-110],"1.5":[0,0,-107.5],"3.5833":[0,0,-110]}},"bone47":{"rotation":{"0.0":[0,0,-20],"1.0833":[0,0,-20],"1.5":[0,0,-17.5],"1.875":[0,0,-14.97],"3.5833":[0,0,-20]}},"bone48":{"position":[0,"0+math.sin(query.anim_time * 200) * 1",0],"rotation":{"0.0":[0,0,15.25],"1.1667":[0,0,17],"1.5":[0,0,18.25],"3.5833":[0,0,15.25]}},"bone49":{"rotation":[0,0,7.5]},"bone50":{"rotation":{"0.0":[0,0,-110],"1.1667":[0,0,-110],"1.5":[0,0,-107.5],"3.5833":[0,0,-110]}},"bone51":{"rotation":{"0.0":[0,0,-20],"1.0833":[0,0,-20],"1.5":[0,0,-17.5],"1.875":[0,0,-14.97],"3.5833":[0,0,-20]}},"bone52":{"position":[0,0,0],"rotation":{"0.0":[0,0,0],"0.3333":[0,0,0],"0.4583":[2,0,0],"0.8333":[0.25,0,0],"1.0833":[10.75,0,0],"1.25":[1,0,0],"1.375":[0,0,0]},"scale":{"0.0":[1,1,1],"1.8333":[1,1.5,1],"2.5417":[1,1,1]}},"close":{"scale":{"0.0":[0,0,0],"0.4167":[1,1,1],"0.7083":[1,1,1],"2.25":[0,0,0]}},"close2":{"scale":{"0.0":[0,0,0],"0.0833":[0,0,0],"0.5":[1,1,1],"0.7917":[1,1,1],"2.3333":[0,0,0]}},"head":{"rotation":[0,0,"0+math.sin(query.anim_time * 20000) * 0.4"]},"middlepart":{"position":[0,"0+math.sin(query.anim_time * 200) * 4",0],"rotation":{"0.0":["0+math.sin(query.anim_time * 200) * 1",0,"0+math.sin(query.anim_time * 200) * 1"],"0.125":["0+math.sin(query.anim_time * 2000) * 1",0,"0+math.sin(query.anim_time * 2000) * 1"],"0.25":[13.25,0,0],"0.5417":[17.5,0,0],"0.625":[13.25,0,0],"0.7917":["0+math.sin(query.anim_time * 200) * 1",0,"0+math.sin(query.anim_time * 200) * 1"]}},"pupil":{"position":{"0.0":[0,"0+math.sin(query.anim_time * 20000) * 0.4",0],"0.1667":[3.675,"0+math.sin(query.anim_time * 20000) * 0.4",0],"0.2917":[4.3,"0+math.sin(query.anim_time * 20000) * 0.4",0],"0.375":[-2.52,"-1.85+math.sin(query.anim_time * 20000) * 0.4",0],"1.2917":[-1.545,"-1.85+math.sin(query.anim_time * 20000) * 0.4",0],"1.375":[-0.845,"-1.85+math.sin(query.anim_time * 20000) * 0.4",0],"1.4583":[5.46,"-1.85+math.sin(query.anim_time * 20000) * 0.4",0],"1.625":[4.86,"-1.85+math.sin(query.anim_time * 20000) * 0.4",0],"1.7083":[0,"0+math.sin(query.anim_time * 20000) * 0.4",0]},"rotation":[0,0,"0+math.sin(query.anim_time * 200) * 1"],"scale":{"0.0":[1,1,1],"0.125":[0.7,0.7,1],"0.5833":[0.7,0.7,1],"0.75":[0.5,0.5,1],"1.125":[1,1,1]}},"pupil2":{"position":{"0.0":[0,"0+math.sin(query.anim_time * 20000) * 0.4",0],"0.1667":[-3.25,"0+math.sin(query.anim_time * 20000) * 0.4",0],"0.2917":[-3.575,"0+math.sin(query.anim_time * 20000) * 0.4",0],"0.375":[2.9,"4+math.sin(query.anim_time * 20000) * 0.4",0],"1.2917":[2.25,"4+math.sin(query.anim_time * 20000) * 0.4",0],"1.375":[1.8,"4+math.sin(query.anim_time * 20000) * 0.4",0],"1.4583":[-4.75,"-2+math.sin(query.anim_time * 20000) * 0.4",0],"1.625":[-4.2,"-2+math.sin(query.anim_time * 20000) * 0.4",0],"1.7083":[0,"0+math.sin(query.anim_time * 20000) * 0.4",0]},"rotation":[0,0,"0+math.sin(query.anim_time * 200) * 1"],"scale":{"0.0":[1,1,1],"0.125":[0.7,0.7,1],"0.5833":[0.7,0.7,1],"0.75":[0.5,0.5,1],"1.125":[1,1,1]}}},"loop":true},"animation.scaryhairy.death":{"animation_length":11.125,"bones":{"bone11":{"scale":{"0.0":[1,1,1],"0.125":[1,1,1],"0.2083":[1,0.4,1],"0.4167":[1,1,1]}},"bone12":{"scale":{"0.0":[1,1,1],"0.125":[1,1,1],"0.2083":[1,0.3,1],"0.4167":[1,1,1]}},"bone20":{"position":{"0.0":[0,"0+math.sin(query.anim_time * 200) * 1",0],"7.125":[0,0,0]},"rotation":{"0.0":[0,0,-30.25],"1.1667":[0,0,-30.25],"1.5":[0,0,-29.5],"3.5833":[0,0,-30.25],"5.9167":[0,0,-30.25],"6.375":[0,0,-36],"7.0417":[0,0,23.5]}},"bone21":{"rotation":{"0.0":[0,0,-7.5],"7.0":[0,0,-7.5],"7.1667":[0,0,-11.75],"7.25":[0,0,-7.5],"7.3333":[0,0,-10.75],"7.4167":[0,0,-7.5],"7.4583":[0,0,-8.75],"7.5":[0,0,-7.5]}},"bone22":{"rotation":{"0.0":[0,0,110],"1.1667":[0,0,110],"1.5":[0,0,107.5],"3.5833":[0,0,110],"6.3333":[0,0,110],"6.7917":[0,0,-42],"7.4167":[0,0,-20.1]}},"bone23":{"rotation":{"0.0":[0,0,20],"1.0833":[0,0,20],"1.5":[0,0,17.5],"1.875":[0,0,14.97],"3.5833":[0,0,20],"6.5833":[0,0,20],"7.0417":[0,0,-45.5],"7.7083":[0,0,9.9],"7.875":[0,0,5.15],"8.0":[0,0,8.65],"8.1667":[0,0,9.9],"8.25":[0,0,9.4],"8.375":[0,0,9.9]}},"bone24":{"position":{"0.0":[0,"0+math.sin(query.anim_time * 200) * 1",0],"7.125":[0,0,0]},"rotation":{"0.0":[0,0,-30.25],"1.1667":[0,0,-30.25],"1.5":[0,0,-29.5],"3.5833":[0,0,-30.25],"5.9167":[0,0,-30.25],"6.375":[0,0,-36],"7.0417":[0,0,23.5]}},"bone25":{"rotation":{"0.0":[0,0,-7.5],"7.0":[0,0,-7.5],"7.1667":[0,0,-11.75],"7.25":[0,0,-7.5],"7.3333":[0,0,-10.75],"7.4167":[0,0,-7.5],"7.4583":[0,0,-8.75],"7.5":[0,0,-7.5]}},"bone26":{"rotation":{"0.0":[0,0,110],"1.1667":[0,0,110],"1.5":[0,0,107.5],"3.5833":[0,0,110],"6.3333":[0,0,110],"6.7917":[0,0,-42],"7.4167":[0,0,-20.1]}},"bone27":{"rotation":{"0.0":[0,0,20],"1.0833":[0,0,20],"1.5":[0,0,17.5],"1.875":[0,0,14.97],"3.5833":[0,0,20],"6.5833":[0,0,20],"7.0417":[0,0,-45.5],"7.7083":[0,0,9.9],"7.875":[0,0,5.15],"8.0":[0,0,8.65],"8.1667":[0,0,9.9],"8.25":[0,0,9.4],"8.375":[0,0,9.9]}},"bone28":{"position":{"0.0":[0,"0+math.sin(query.anim_time * 200) * 1",0],"6.1667":[0,"0+math.sin(query.anim_time * 200) * 1",0],"7.125":[0,-23.01,0]},"rotation":{"0.0":[0,0,-15.25],"1.1667":[0,0,-17],"1.5":[0,0,-18.25],"3.5833":[0,0,-15.25],"5.9167":[0,0,-30.25],"6.375":[0,0,-36],"7.0417":[0,0,23.5]}},"bone29":{"rotation":{"0.0":[0,0,-7.5],"7.0":[0,0,-7.5],"7.1667":[0,0,-11.75],"7.25":[0,0,-7.5],"7.3333":[0,0,-10.75],"7.4167":[0,0,-7.5],"7.4583":[0,0,-8.75],"7.5":[0,0,-7.5]}},"bone30":{"rotation":{"0.0":[0,0,110],"1.1667":[0,0,110],"1.5":[0,0,107.5],"3.5833":[0,0,110],"6.3333":[0,0,110],"6.7917":[0,0,-42],"7.4167":[0,0,-20.1]}},"bone31":{"rotation":{"0.0":[0,0,20],"1.0833":[0,0,20],"1.5":[0,0,17.5],"1.875":[0,0,14.97],"3.5833":[0,0,20],"6.5833":[0,0,20],"7.0417":[0,0,-45.5],"7.7083":[0,0,9.9],"7.875":[0,0,5.15],"8.0":[0,0,8.65],"8.1667":[0,0,9.9],"8.25":[0,0,9.4],"8.375":[0,0,9.9]}},"bone32":{"position":{"0.0":[0,"0+math.sin(query.anim_time * 200) * 1",0],"7.125":[0,0,0]},"rotation":{"0.0":[0,0,-35.25],"1.1667":[0,0,-30.25],"1.5":[0,0,-35.25],"5.9167":[0,0,-30.25],"6.375":[0,0,-36],"7.0417":[0,0,23.5]}},"bone33":{"rotation":{"0.0":[0,0,-7.5],"7.0":[0,0,-7.5],"7.1667":[0,0,-11.75],"7.25":[0,0,-7.5],"7.3333":[0,0,-10.75],"7.4167":[0,0,-7.5],"7.4583":[0,0,-8.75],"7.5":[0,0,-7.5]}},"bone34":{"rotation":{"0.0":[0,0,110],"1.1667":[0,0,110],"1.5":[0,0,107.5],"3.5833":[0,0,110],"6.3333":[0,0,110],"6.7917":[0,0,-42],"7.4167":[0,0,-20.1]}},"bone35":{"rotation":{"0.0":[0,0,20],"1.0833":[0,0,20],"1.5":[0,0,17.5],"1.875":[0,0,14.97],"3.5833":[0,0,20],"6.5833":[0,0,20],"7.0417":[0,0,-45.5],"7.7083":[0,0,9.9],"7.875":[0,0,5.15],"8.0":[0,0,8.65],"8.1667":[0,0,9.9],"8.25":[0,0,9.4],"8.375":[0,0,9.9]}},"bone36":{"position":{"0.0":[0,"0+math.sin(query.anim_time * 200) * 1",0],"7.125":[0,0,0]},"rotation":{"0.0":[0,0,35.25],"1.1667":[0,0,30.25],"1.5":[0,0,35.25],"5.9167":[0,0,30.25],"6.375":[0,0,36],"7.0417":[0,0,-23.5]}},"bone37":{"rotation":{"0.0":[0,0,7.5],"7.0":[0,0,7.5],"7.1667":[0,0,11.75],"7.25":[0,0,7.5],"7.3333":[0,0,10.75],"7.4167":[0,0,7.5],"7.4583":[0,0,8.75],"7.5":[0,0,7.5]}},"bone38":{"rotation":{"0.0":[0,0,-110],"1.1667":[0,0,-110],"1.5":[0,0,-107.5],"3.5833":[0,0,-110],"6.3333":[0,0,-110],"6.7917":[0,0,42],"7.4167":[0,0,20.1]}},"bone39":{"rotation":{"0.0":[0,0,-20],"1.0833":[0,0,-20],"1.5":[0,0,-17.5],"1.875":[0,0,-14.97],"3.5833":[0,0,-20],"6.5833":[0,0,-20],"7.0417":[0,0,45.5],"7.7083":[0,0,-9.9],"7.875":[0,0,-5.15],"8.0":[0,0,-8.65],"8.1667":[0,0,-9.9],"8.25":[0,0,-9.4],"8.375":[0,0,-9.9]}},"bone40":{"position":{"0.0":[0,"0+math.sin(query.anim_time * 200) * 1",0],"7.125":[0,0,0]},"rotation":{"0.0":[0,0,30.25],"1.1667":[0,0,30.25],"1.5":[0,0,29.5],"3.5833":[0,0,30.25],"5.9167":[0,0,30.25],"6.375":[0,0,36],"7.0417":[0,0,-23.5]}},"bone41":{"rotation":{"0.0":[0,0,-7.5],"7.0":[0,0,7.5],"7.1667":[0,0,11.75],"7.25":[0,0,7.5],"7.3333":[0,0,10.75],"7.4167":[0,0,7.5],"7.4583":[0,0,8.75],"7.5":[0,0,7.5]}},"bone42":{"rotation":{"0.0":[0,0,-110],"1.1667":[0,0,-110],"1.5":[0,0,-107.5],"3.5833":[0,0,-110],"6.3333":[0,0,-110],"6.7917":[0,0,42],"7.4167":[0,0,20.1]}},"bone43":{"rotation":{"0.0":[0,0,-20],"1.0833":[0,0,-20],"1.5":[0,0,-17.5],"1.875":[0,0,-14.97],"3.5833":[0,0,-20],"6.5833":[0,0,-20],"7.0417":[0,0,45.5],"7.7083":[0,0,-9.9],"7.875":[0,0,-5.15],"8.0":[0,0,-8.65],"8.1667":[0,0,-9.9],"8.25":[0,0,-9.4],"8.375":[0,0,-9.9]}},"bone44":{"position":{"0.0":[0,"0+math.sin(query.anim_time * 200) * 1",0],"7.125":[0,0,0]},"rotation":{"0.0":[0,0,30.25],"1.1667":[0,0,30.25],"1.5":[0,0,29.5],"3.5833":[0,0,30.25],"5.9167":[0,0,30.25],"6.375":[0,0,36],"7.0417":[0,0,-23.5]}},"bone45":{"position":[0,"0+math.sin(query.anim_time * 200) * 1",0],"rotation":{"0.0":[0,0,7.5],"1.1667":[0,0,9.84],"1.5":[0,0,10.5],"3.5833":[0,0,7.5],"7.0":[0,0,7.5],"7.1667":[0,0,11.75],"7.25":[0,0,7.5],"7.3333":[0,0,10.75],"7.4167":[0,0,7.5],"7.4583":[0,0,8.75],"7.5":[0,0,7.5]}},"bone46":{"rotation":{"0.0":[0,0,-110],"1.1667":[0,0,-110],"1.5":[0,0,-107.5],"3.5833":[0,0,-110],"6.3333":[0,0,-110],"6.7917":[0,0,42],"7.4167":[0,0,20.1]}},"bone47":{"rotation":{"0.0":[0,0,-20],"1.0833":[0,0,-20],"1.5":[0,0,-17.5],"1.875":[0,0,-14.97],"3.5833":[0,0,-20],"6.3333":[0,0,-20],"6.7917":[0,0,45.5],"7.4583":[0,0,-9.9],"7.625":[0,0,-5.15],"7.75":[0,0,-8.65],"7.9167":[0,0,-9.9],"8.0":[0,0,-9.4],"8.125":[0,0,-9.9]}},"bone48":{"position":{"0.0":[0,"0+math.sin(query.anim_time * 200) * 1",0],"6.1667":[0,"0+math.sin(query.anim_time * 200) * 1",0],"7.125":[0,-23.01,0]},"rotation":{"0.0":[0,0,15.25],"1.1667":[0,0,17],"1.5":[0,0,18.25],"3.5833":[0,0,15.25],"5.9167":[0,0,30.25],"6.375":[0,0,36],"7.0417":[0,0,-23.5]}},"bone49":{"rotation":{"0.0":[0,0,7.5],"7.0":[0,0,11.75],"7.0833":[0,0,7.5],"7.1667":[0,0,10.75],"7.25":[0,0,7.5],"7.2917":[0,0,8.75],"7.3333":[0,0,7.5]}},"bone50":{"rotation":{"0.0":[0,0,-110],"1.1667":[0,0,-110],"1.5":[0,0,-107.5],"3.5833":[0,0,-110],"6.3333":[0,0,-110],"6.7917":[0,0,42],"7.4167":[0,0,20.1]}},"bone51":{"rotation":{"0.0":[0,0,-20],"1.0833":[0,0,-20],"1.5":[0,0,-17.5],"1.875":[0,0,-14.97],"3.5833":[0,0,-20],"6.5833":[0,0,-20],"7.0417":[0,0,45.5],"7.7083":[0,0,-9.9],"7.875":[0,0,-5.15],"8.0":[0,0,-8.65],"8.1667":[0,0,-9.9],"8.25":[0,0,-9.4],"8.375":[0,0,-9.9]}},"bone52":{"scale":{"0.0":[1,1,1],"1.375":[1,1.3,1],"2.125":[1,1.68,1],"7.0833":[1,1,1]}},"butt":{"rotation":{"0.0":[0,0,0],"0.5":["29.6625+math.sin(query.anim_time * 9000) * 1",2.79939,"-4.6222+math.sin(query.anim_time * 4000) * 1"],"3.3333":[0,0,0],"5.5417":[6,0,0],"6.0":[8.75,0,0],"6.3333":[-22.25,0,0],"6.625":[-20.25,0,0],"6.875":[-23.5,0,0],"7.0833":[-22.75,0,0],"7.2917":[-24.75,0,0]},"scale":[1,1,1]},"close":{"scale":{"0.0":[0,0,0],"0.0833":[0,0,0],"0.1667":[1,1,1],"0.625":[1,1,1],"1.4167":[0,0,0],"1.7083":[1,1,1],"2.0417":[1,1,1],"2.25":[0,0,0],"4.6667":[0,0,0],"5.2083":[1,1,1]}},"close2":{"scale":{"0.0":[0,0,0],"0.0833":[0,0,0],"0.1667":[1.1,1,1],"0.7083":[1.1,1,1],"1.4167":[0,0,0],"1.7083":[1.1,1,1],"2.0417":[1.1,1,1],"2.25":[0,0,0],"4.6667":[0,0,0],"5.2083":[1,1,1]}},"head":{"rotation":{"0.0":[0,0,"0+math.sin(query.anim_time * 20000) * 0.4"],"0.3333":["-24.0269+math.sin(query.anim_time * 9000) * 1",20.63017,"39.4788+math.sin(query.anim_time * 4000) * 1"],"2.125":["-30.3518+math.sin(query.anim_time * 9000) * 1",-7.40769,"-10.4553+math.sin(query.anim_time * 4000) * 1"],"6.375":[-46.52149,5.17987,4.64473],"6.7083":[-50.27149,5.17987,4.64473],"6.875":[-26.77149,5.17987,4.64473],"7.0417":[-30.77149,5.17987,4.64473],"7.25":[-27.27149,5.17987,4.64473],"7.4167":[-27.77149,5.17987,4.64473],"7.5833":[-26.52149,5.17987,4.64473]}},"middlepart":{"position":{"0.0":[0,"0+math.sin(query.anim_time * 200) * 4",0],"6.1667":[0,-21.25,0],"6.3333":[0,-24.675,0],"6.4583":[0,-28.345,0],"6.5833":[0,-26.875,0],"6.7083":[0,-28.02,0],"6.7917":[0,-27.07,0],"6.875":[0,-28.195,0]},"rotation":{"0.0":["0+math.sin(query.anim_time * 200) * 1",0,"0+math.sin(query.anim_time * 200) * 1"],"0.0833":["-23.8971+math.sin(query.anim_time * 200) * 1",4.73461,"4.267+math.sin(query.anim_time * 200) * 1"],"0.125":["-28.3971+math.sin(query.anim_time * 200) * 1",4.73461,"4.267+math.sin(query.anim_time * 200) * 1"],"0.5":["0+math.sin(query.anim_time * 9000) * 1",0,"0+math.sin(query.anim_time * 4000) * 1"],"6.1667":[0,0,0]}},"pupil":{"position":{"0.0":[0,"0+math.sin(query.anim_time * 20000) * 0.4",0],"0.7083":[0,"0+math.sin(query.anim_time * 20000) * 0.4",0],"0.8333":[4,"-3+math.sin(query.anim_time * 20000) * 0.4",0],"0.9583":[4,"4+math.sin(query.anim_time * 20000) * 0.4",0],"1.0833":[-6,"4+math.sin(query.anim_time * 20000) * 0.4",0],"1.2083":[-6,"-2+math.sin(query.anim_time * 20000) * 0.4",0],"1.2917":[0,"-4+math.sin(query.anim_time * 20000) * 0.4",0],"1.625":[0,"0+math.sin(query.anim_time * 20000) * 0.4",0]},"rotation":{"0.0":[0,0,"0+math.sin(query.anim_time * 200) * 1"],"0.625":[0,0,"0+math.sin(query.anim_time * 200) * 1"],"1.625":[0,0,"360+math.sin(query.anim_time * 200) * 1"]},"scale":{"0.0":[1,1,1],"0.2083":[1,1,1],"0.625":[0.7,0.7,1],"1.25":[0.7,0.7,1],"1.6667":[1,1,1],"3.0417":[0.5,0.5,1],"6.0833":[0,0,0]}},"pupil2":{"position":{"0.0":[0,"0+math.sin(query.anim_time * 20000) * 0.4",0],"0.7083":[0,"0+math.sin(query.anim_time * 20000) * 0.4",0],"0.8333":[-4,"-3+math.sin(query.anim_time * 20000) * 0.4",0],"0.9583":[-4,"6.25+math.sin(query.anim_time * 20000) * 0.4",0],"1.0833":[6,"4+math.sin(query.anim_time * 20000) * 0.4",0],"1.2083":[6,"-2+math.sin(query.anim_time * 20000) * 0.4",0],"1.2917":[0,"4+math.sin(query.anim_time * 20000) * 0.4",0],"1.7917":[0,"0+math.sin(query.anim_time * 20000) * 0.4",0]},"rotation":{"0.0":[0,0,"0+math.sin(query.anim_time * 200) * 1"],"0.625":[0,0,"0+math.sin(query.anim_time * 200) * 1"],"1.625":[0,0,"360+math.sin(query.anim_time * 200) * 1"]},"scale":{"0.0":[1,1,1],"0.2083":[1.1,1,1],"0.625":[0.7,0.7,1],"1.25":[0.7,0.7,1],"1.5833":[1,1,1],"3.0417":[0.5,0.5,1],"6.0833":[0,0,0]}}},"loop":true},"animation.scaryhairy.hurt":{"animation_length":3.66667,"bones":{"bone11":{"scale":{"0.0":[1,1,1],"0.125":[1,1,1],"0.2083":[1,0.4,1],"0.4167":[1,1,1]}},"bone12":{"scale":{"0.0":[1,1,1],"0.125":[1,1,1],"0.2083":[1,0.3,1],"0.4167":[1,1,1]}},"bone20":{"position":[0,"0+math.sin(query.anim_time * 200) * 1",0],"rotation":{"0.0":[0,0,-30.25],"1.1667":[0,0,-30.25],"1.5":[0,0,-29.5],"3.5833":[0,0,-30.25]}},"bone21":{"rotation":[0,0,-7.5]},"bone22":{"rotation":{"0.0":[0,0,110],"1.1667":[0,0,110],"1.5":[0,0,107.5],"3.5833":[0,0,110]}},"bone23":{"rotation":{"0.0":[0,0,20],"1.0833":[0,0,20],"1.5":[0,0,17.5],"1.875":[0,0,14.97],"3.5833":[0,0,20]}},"bone24":{"position":[0,"0+math.sin(query.anim_time * 200) * 1",0],"rotation":{"0.0":[0,0,-30.25],"1.1667":[0,0,-30.25],"1.5":[0,0,-29.5],"3.5833":[0,0,-30.25]}},"bone25":{"rotation":[0,0,-7.5]},"bone26":{"rotation":{"0.0":[0,0,110],"1.1667":[0,0,110],"1.5":[0,0,107.5],"3.5833":[0,0,110]}},"bone27":{"rotation":{"0.0":[0,0,20],"1.0833":[0,0,20],"1.5":[0,0,17.5],"1.875":[0,0,14.97],"3.5833":[0,0,20]}},"bone28":{"position":[0,"0+math.sin(query.anim_time * 200) * 1",0],"rotation":{"0.0":[0,0,-15.25],"1.1667":[0,0,-17],"1.5":[0,0,-18.25],"3.5833":[0,0,-15.25]}},"bone29":{"rotation":[0,0,-7.5]},"bone30":{"rotation":{"0.0":[0,0,110],"1.1667":[0,0,110],"1.5":[0,0,107.5],"3.5833":[0,0,110]}},"bone31":{"rotation":{"0.0":[0,0,20],"1.0833":[0,0,20],"1.5":[0,0,17.5],"1.875":[0,0,14.97],"3.5833":[0,0,20]}},"bone32":{"position":[0,"0+math.sin(query.anim_time * 200) * 1",0],"rotation":{"0.0":[0,0,-35.25],"1.1667":[0,0,-30.25],"1.5":[0,0,-35.25]}},"bone33":{"rotation":[0,0,-7.5]},"bone34":{"rotation":{"0.0":[0,0,110],"1.1667":[0,0,110],"1.5":[0,0,107.5],"3.5833":[0,0,110]}},"bone35":{"rotation":{"0.0":[0,0,20],"1.0833":[0,0,20],"1.5":[0,0,17.5],"1.875":[0,0,14.97],"3.5833":[0,0,20]}},"bone36":{"position":[0,"0+math.sin(query.anim_time * 200) * 1",0],"rotation":{"0.0":[0,0,35.25],"1.1667":[0,0,30.25],"1.5":[0,0,35.25]}},"bone37":{"rotation":[0,0,7.5]},"bone38":{"rotation":{"0.0":[0,0,-110],"1.1667":[0,0,-110],"1.5":[0,0,-107.5],"3.5833":[0,0,-110]}},"bone39":{"rotation":{"0.0":[0,0,-20],"1.0833":[0,0,-20],"1.5":[0,0,-17.5],"1.875":[0,0,-14.97],"3.5833":[0,0,-20]}},"bone40":{"position":[0,"0+math.sin(query.anim_time * 200) * 1",0],"rotation":{"0.0":[0,0,30.25],"1.1667":[0,0,30.25],"1.5":[0,0,29.5],"3.5833":[0,0,30.25]}},"bone41":{"rotation":[0,0,-7.5]},"bone42":{"rotation":{"0.0":[0,0,-110],"1.1667":[0,0,-110],"1.5":[0,0,-107.5],"3.5833":[0,0,-110]}},"bone43":{"rotation":{"0.0":[0,0,-20],"1.0833":[0,0,-20],"1.5":[0,0,-17.5],"1.875":[0,0,-14.97],"3.5833":[0,0,-20]}},"bone44":{"position":[0,"0+math.sin(query.anim_time * 200) * 1",0],"rotation":{"0.0":[0,0,30.25],"1.1667":[0,0,30.25],"1.5":[0,0,29.5],"3.5833":[0,0,30.25]}},"bone45":{"position":[0,"0+math.sin(query.anim_time * 200) * 1",0],"rotation":{"0.0":[0,0,7.5],"1.1667":[0,0,9.84],"1.5":[0,0,10.5],"3.5833":[0,0,7.5]}},"bone46":{"rotation":{"0.0":[0,0,-110],"1.1667":[0,0,-110],"1.5":[0,0,-107.5],"3.5833":[0,0,-110]}},"bone47":{"rotation":{"0.0":[0,0,-20],"1.0833":[0,0,-20],"1.5":[0,0,-17.5],"1.875":[0,0,-14.97],"3.5833":[0,0,-20]}},"bone48":{"position":[0,"0+math.sin(query.anim_time * 200) * 1",0],"rotation":{"0.0":[0,0,15.25],"1.1667":[0,0,17],"1.5":[0,0,18.25],"3.5833":[0,0,15.25]}},"bone49":{"rotation":[0,0,7.5]},"bone50":{"rotation":{"0.0":[0,0,-110],"1.1667":[0,0,-110],"1.5":[0,0,-107.5],"3.5833":[0,0,-110]}},"bone51":{"rotation":{"0.0":[0,0,-20],"1.0833":[0,0,-20],"1.5":[0,0,-17.5],"1.875":[0,0,-14.97],"3.5833":[0,0,-20]}},"close":{"scale":{"0.0":[0,0,0],"0.0833":[0,0,0],"0.1667":[1,1,1],"0.625":[1,1,1],"1.4167":[0,0,0],"1.7083":[1,1,1],"2.0417":[1,1,1],"2.25":[0,0,0]}},"close2":{"scale":{"0.0":[0,0,0],"0.0833":[0,0,0],"0.1667":[1.1,1,1],"0.7083":[1.1,1,1],"1.4167":[0,0,0],"1.7083":[1.1,1,1],"2.0417":[1.1,1,1],"2.25":[0,0,0]}},"head":{"rotation":{"0.0":[0,0,"0+math.sin(query.anim_time * 20000) * 0.4"],"0.3333":[-23.23087,9.50479,"21.0422+math.sin(query.anim_time * 20000) * 0.4"],"0.625":[20.12176,4.00366,"-10.7894+math.sin(query.anim_time * 20000) * 0.4"],"0.8333":[-14.25,0,"0+math.sin(query.anim_time * 20000) * 0.4"],"1.0":[3,0,"0+math.sin(query.anim_time * 20000) * 0.4"],"1.125":[-2,0,"math.sin(query.anim_time * 20000) * 0.4"],"1.2083":[0,0,"0+math.sin(query.anim_time * 20000) * 0.4"],"1.5417":[0,0,"25.75+math.sin(query.anim_time * 20000) * 0.4"],"1.7083":[0,0,"-18+math.sin(query.anim_time * 20000) * 0.4"],"1.9167":[0,0,"5+math.sin(query.anim_time * 20000) * 0.4"],"2.0833":[0,0,"0+math.sin(query.anim_time * 20000) * 0.4"]}},"middlepart":{"position":[0,"0+math.sin(query.anim_time * 200) * 4",0],"rotation":{"0.0":["0+math.sin(query.anim_time * 200) * 1",0,"0+math.sin(query.anim_time * 200) * 1"],"0.0833":["-23.8971+math.sin(query.anim_time * 200) * 1",4.73461,"4.267+math.sin(query.anim_time * 200) * 1"],"0.125":["-28.3971+math.sin(query.anim_time * 200) * 1",4.73461,"4.267+math.sin(query.anim_time * 200) * 1"],"0.5":["0+math.sin(query.anim_time * 200) * 1",0,"0+math.sin(query.anim_time * 200) * 1"]}},"pupil":{"position":{"0.0":[0,"0+math.sin(query.anim_time * 20000) * 0.4",0],"0.7083":[0,"0+math.sin(query.anim_time * 20000) * 0.4",0],"0.8333":[4,"-3+math.sin(query.anim_time * 20000) * 0.4",0],"0.9583":[4,"4+math.sin(query.anim_time * 20000) * 0.4",0],"1.0833":[-6,"4+math.sin(query.anim_time * 20000) * 0.4",0],"1.2083":[-6,"-2+math.sin(query.anim_time * 20000) * 0.4",0],"1.2917":[0,"-4+math.sin(query.anim_time * 20000) * 0.4",0],"1.625":[0,"0+math.sin(query.anim_time * 20000) * 0.4",0]},"rotation":{"0.0":[0,0,"0+math.sin(query.anim_time * 200) * 1"],"0.625":[0,0,"0+math.sin(query.anim_time * 200) * 1"],"1.625":[0,0,"360+math.sin(query.anim_time * 200) * 1"]},"scale":{"0.0":[1,1,1],"0.2083":[1,1,1],"0.625":[0.7,0.7,1],"1.25":[0.7,0.7,1],"1.6667":[1,1,1]}},"pupil2":{"position":{"0.0":[0,"0+math.sin(query.anim_time * 20000) * 0.4",0],"0.7083":[0,"0+math.sin(query.anim_time * 20000) * 0.4",0],"0.8333":[-4,"-3+math.sin(query.anim_time * 20000) * 0.4",0],"0.9583":[-4,"6.25+math.sin(query.anim_time * 20000) * 0.4",0],"1.0833":[6,"4+math.sin(query.anim_time * 20000) * 0.4",0],"1.2083":[6,"-2+math.sin(query.anim_time * 20000) * 0.4",0],"1.2917":[0,"4+math.sin(query.anim_time * 20000) * 0.4",0],"1.7917":[0,"0+math.sin(query.anim_time * 20000) * 0.4",0]},"rotation":{"0.0":[0,0,"0+math.sin(query.anim_time * 200) * 1"],"0.625":[0,0,"0+math.sin(query.anim_time * 200) * 1"],"1.625":[0,0,"360+math.sin(query.anim_time * 200) * 1"]},"scale":{"0.0":[1,1,1],"0.2083":[1.1,1,1],"0.625":[0.7,0.7,1],"1.25":[0.7,0.7,1],"1.5833":[1,1,1]}}},"loop":true},"animation.scaryhairy.idle":{"animation_length":3.58333,"bones":{"bone20":{"position":[0,"0+math.sin(query.anim_time * 200) * 1",0],"rotation":{"0.0":[0,0,-30.25],"1.1667":[0,0,-30.25],"1.5":[0,0,-29.5],"3.5833":[0,0,-30.25]}},"bone21":{"rotation":[0,0,-7.5]},"bone22":{"rotation":{"0.0":[0,0,110],"1.1667":[0,0,110],"1.5":[0,0,107.5],"3.5833":[0,0,110]}},"bone23":{"rotation":{"0.0":[0,0,20],"1.0833":[0,0,20],"1.5":[0,0,17.5],"1.875":[0,0,14.97],"3.5833":[0,0,20]}},"bone24":{"position":[0,"0+math.sin(query.anim_time * 200) * 1",0],"rotation":{"0.0":[0,0,-30.25],"1.1667":[0,0,-30.25],"1.5":[0,0,-29.5],"3.5833":[0,0,-30.25]}},"bone25":{"rotation":[0,0,-7.5]},"bone26":{"rotation":{"0.0":[0,0,110],"1.1667":[0,0,110],"1.5":[0,0,107.5],"3.5833":[0,0,110]}},"bone27":{"rotation":{"0.0":[0,0,20],"1.0833":[0,0,20],"1.5":[0,0,17.5],"1.875":[0,0,14.97],"3.5833":[0,0,20]}},"bone28":{"position":[0,"0+math.sin(query.anim_time * 200) * 1",0],"rotation":{"0.0":[0,0,-15.25],"1.1667":[0,0,-17],"1.5":[0,0,-18.25],"3.5833":[0,0,-15.25]}},"bone29":{"rotation":[0,0,-7.5]},"bone30":{"rotation":{"0.0":[0,0,110],"1.1667":[0,0,110],"1.5":[0,0,107.5],"3.5833":[0,0,110]}},"bone31":{"rotation":{"0.0":[0,0,20],"1.0833":[0,0,20],"1.5":[0,0,17.5],"1.875":[0,0,14.97],"3.5833":[0,0,20]}},"bone32":{"position":[0,"0+math.sin(query.anim_time * 200) * 1",0],"rotation":{"0.0":[0,0,-35.25],"1.1667":[0,0,-30.25],"1.5":[0,0,-35.25]}},"bone33":{"rotation":[0,0,-7.5]},"bone34":{"rotation":{"0.0":[0,0,110],"1.1667":[0,0,110],"1.5":[0,0,107.5],"3.5833":[0,0,110]}},"bone35":{"rotation":{"0.0":[0,0,20],"1.0833":[0,0,20],"1.5":[0,0,17.5],"1.875":[0,0,14.97],"3.5833":[0,0,20]}},"bone36":{"position":[0,"0+math.sin(query.anim_time * 200) * 1",0],"rotation":{"0.0":[0,0,35.25],"1.1667":[0,0,30.25],"1.5":[0,0,35.25]}},"bone37":{"rotation":[0,0,7.5]},"bone38":{"rotation":{"0.0":[0,0,-110],"1.1667":[0,0,-110],"1.5":[0,0,-107.5],"3.5833":[0,0,-110]}},"bone39":{"rotation":{"0.0":[0,0,-20],"1.0833":[0,0,-20],"1.5":[0,0,-17.5],"1.875":[0,0,-14.97],"3.5833":[0,0,-20]}},"bone40":{"position":[0,"0+math.sin(query.anim_time * 200) * 1",0],"rotation":{"0.0":[0,0,30.25],"1.1667":[0,0,30.25],"1.5":[0,0,29.5],"3.5833":[0,0,30.25]}},"bone41":{"rotation":[0,0,-7.5]},"bone42":{"rotation":{"0.0":[0,0,-110],"1.1667":[0,0,-110],"1.5":[0,0,-107.5],"3.5833":[0,0,-110]}},"bone43":{"rotation":{"0.0":[0,0,-20],"1.0833":[0,0,-20],"1.5":[0,0,-17.5],"1.875":[0,0,-14.97],"3.5833":[0,0,-20]}},"bone44":{"position":[0,"0+math.sin(query.anim_time * 200) * 1",0],"rotation":{"0.0":[0,0,30.25],"1.1667":[0,0,30.25],"1.5":[0,0,29.5],"3.5833":[0,0,30.25]}},"bone45":{"position":[0,"0+math.sin(query.anim_time * 200) * 1",0],"rotation":{"0.0":[0,0,7.5],"1.1667":[0,0,9.84],"1.5":[0,0,10.5],"3.5833":[0,0,7.5]}},"bone46":{"rotation":{"0.0":[0,0,-110],"1.1667":[0,0,-110],"1.5":[0,0,-107.5],"3.5833":[0,0,-110]}},"bone47":{"rotation":{"0.0":[0,0,-20],"1.0833":[0,0,-20],"1.5":[0,0,-17.5],"1.875":[0,0,-14.97],"3.5833":[0,0,-20]}},"bone48":{"position":[0,"0+math.sin(query.anim_time * 200) * 1",0],"rotation":{"0.0":[0,0,15.25],"1.1667":[0,0,17],"1.5":[0,0,18.25],"3.5833":[0,0,15.25]}},"bone49":{"rotation":[0,0,7.5]},"bone50":{"rotation":{"0.0":[0,0,-110],"1.1667":[0,0,-110],"1.5":[0,0,-107.5],"3.5833":[0,0,-110]}},"bone51":{"rotation":{"0.0":[0,0,-20],"1.0833":[0,0,-20],"1.5":[0,0,-17.5],"1.875":[0,0,-14.97],"3.5833":[0,0,-20]}},"close":{"scale":[0,0,0]},"close2":{"scale":[0,0,0]},"head":{"rotation":[0,0,"0+math.sin(query.anim_time * 20000) * 0.4"]},"middlepart":{"position":[0,"0+math.sin(query.anim_time * 200) * 4",0],"rotation":["0+math.sin(query.anim_time * 200) * 1",0,"0+math.sin(query.anim_time * 200) * 1"]},"pupil":{"position":[0,"0+math.sin(query.anim_time * 20000) * 0.4",0],"rotation":[0,0,"0+math.sin(query.anim_time * 200) * 1"]},"pupil2":{"position":[0,"0+math.sin(query.anim_time * 20000) * 0.4",0],"rotation":[0,0,"0+math.sin(query.anim_time * 200) * 1"]}},"loop":true},"animation.scaryhairy.idle_blink":{"animation_length":3.58333,"bones":{"bone11":{"scale":{"1.125":[1,1,1],"1.2083":[1.2,0.8,1],"1.5417":[1,1,1]}},"bone12":{"scale":{"1.0417":[1,1,1],"1.125":[1.2,0.8,1],"1.4583":[1,1,1]}},"bone20":{"position":[0,"0+math.sin(query.anim_time * 200) * 1",0],"rotation":{"0.0":[0,0,-30.25],"1.1667":[0,0,-30.25],"1.5":[0,0,-29.5],"3.5833":[0,0,-30.25]}},"bone21":{"rotation":[0,0,-7.5]},"bone22":{"rotation":{"0.0":[0,0,110],"1.1667":[0,0,110],"1.5":[0,0,107.5],"3.5833":[0,0,110]}},"bone23":{"rotation":{"0.0":[0,0,20],"1.0833":[0,0,20],"1.5":[0,0,17.5],"1.875":[0,0,14.97],"3.5833":[0,0,20]}},"bone24":{"position":[0,"0+math.sin(query.anim_time * 200) * 1",0],"rotation":{"0.0":[0,0,-30.25],"1.1667":[0,0,-30.25],"1.5":[0,0,-29.5],"3.5833":[0,0,-30.25]}},"bone25":{"rotation":[0,0,-7.5]},"bone26":{"rotation":{"0.0":[0,0,110],"1.1667":[0,0,110],"1.5":[0,0,107.5],"3.5833":[0,0,110]}},"bone27":{"rotation":{"0.0":[0,0,20],"1.0833":[0,0,20],"1.5":[0,0,17.5],"1.875":[0,0,14.97],"3.5833":[0,0,20]}},"bone28":{"position":[0,"0+math.sin(query.anim_time * 200) * 1",0],"rotation":{"0.0":[0,0,-15.25],"1.1667":[0,0,-17],"1.5":[0,0,-18.25],"3.5833":[0,0,-15.25]}},"bone29":{"rotation":[0,0,-7.5]},"bone30":{"rotation":{"0.0":[0,0,110],"1.1667":[0,0,110],"1.5":[0,0,107.5],"3.5833":[0,0,110]}},"bone31":{"rotation":{"0.0":[0,0,20],"1.0833":[0,0,20],"1.5":[0,0,17.5],"1.875":[0,0,14.97],"3.5833":[0,0,20]}},"bone32":{"position":[0,"0+math.sin(query.anim_time * 200) * 1",0],"rotation":{"0.0":[0,0,-35.25],"1.1667":[0,0,-30.25],"1.5":[0,0,-35.25]}},"bone33":{"rotation":[0,0,-7.5]},"bone34":{"rotation":{"0.0":[0,0,110],"1.1667":[0,0,110],"1.5":[0,0,107.5],"3.5833":[0,0,110]}},"bone35":{"rotation":{"0.0":[0,0,20],"1.0833":[0,0,20],"1.5":[0,0,17.5],"1.875":[0,0,14.97],"3.5833":[0,0,20]}},"bone36":{"position":[0,"0+math.sin(query.anim_time * 200) * 1",0],"rotation":{"0.0":[0,0,35.25],"1.1667":[0,0,30.25],"1.5":[0,0,35.25]}},"bone37":{"rotation":[0,0,7.5]},"bone38":{"rotation":{"0.0":[0,0,-110],"1.1667":[0,0,-110],"1.5":[0,0,-107.5],"3.5833":[0,0,-110]}},"bone39":{"rotation":{"0.0":[0,0,-20],"1.0833":[0,0,-20],"1.5":[0,0,-17.5],"1.875":[0,0,-14.97],"3.5833":[0,0,-20]}},"bone40":{"position":[0,"0+math.sin(query.anim_time * 200) * 1",0],"rotation":{"0.0":[0,0,30.25],"1.1667":[0,0,30.25],"1.5":[0,0,29.5],"3.5833":[0,0,30.25]}},"bone41":{"rotation":[0,0,-7.5]},"bone42":{"rotation":{"0.0":[0,0,-110],"1.1667":[0,0,-110],"1.5":[0,0,-107.5],"3.5833":[0,0,-110]}},"bone43":{"rotation":{"0.0":[0,0,-20],"1.0833":[0,0,-20],"1.5":[0,0,-17.5],"1.875":[0,0,-14.97],"3.5833":[0,0,-20]}},"bone44":{"position":[0,"0+math.sin(query.anim_time * 200) * 1",0],"rotation":{"0.0":[0,0,30.25],"1.1667":[0,0,30.25],"1.5":[0,0,29.5],"3.5833":[0,0,30.25]}},"bone45":{"position":[0,"0+math.sin(query.anim_time * 200) * 1",0],"rotation":{"0.0":[0,0,7.5],"1.1667":[0,0,9.84],"1.5":[0,0,10.5],"3.5833":[0,0,7.5]}},"bone46":{"rotation":{"0.0":[0,0,-110],"1.1667":[0,0,-110],"1.5":[0,0,-107.5],"3.5833":[0,0,-110]}},"bone47":{"rotation":{"0.0":[0,0,-20],"1.0833":[0,0,-20],"1.5":[0,0,-17.5],"1.875":[0,0,-14.97],"3.5833":[0,0,-20]}},"bone48":{"position":[0,"0+math.sin(query.anim_time * 200) * 1",0],"rotation":{"0.0":[0,0,15.25],"1.1667":[0,0,17],"1.5":[0,0,18.25],"3.5833":[0,0,15.25]}},"bone49":{"rotation":[0,0,7.5]},"bone50":{"rotation":{"0.0":[0,0,-110],"1.1667":[0,0,-110],"1.5":[0,0,-107.5],"3.5833":[0,0,-110]}},"bone51":{"rotation":{"0.0":[0,0,-20],"1.0833":[0,0,-20],"1.5":[0,0,-17.5],"1.875":[0,0,-14.97],"3.5833":[0,0,-20]}},"close":{"scale":{"0.0":[0,0,0],"0.6667":[0,0,0],"1.0833":[1,1,1],"1.375":[1,1,1],"2.3333":[0,0,0]}},"close2":{"scale":{"0.0833":[0,0,0],"0.75":[0,0,0],"1.1667":[1,1,1],"1.4583":[1,1,1],"2.4167":[0,0,0]}},"head":{"rotation":[0,0,"0+math.sin(query.anim_time * 20000) * 0.4"]},"middlepart":{"position":[0,"0+math.sin(query.anim_time * 200) * 4",0],"rotation":["0+math.sin(query.anim_time * 200) * 1",0,"0+math.sin(query.anim_time * 200) * 1"]},"pupil":{"position":[0,"0+math.sin(query.anim_time * 20000) * 0.4",0],"rotation":[0,0,"0+math.sin(query.anim_time * 200) * 1"]},"pupil2":{"position":[0,"0+math.sin(query.anim_time * 20000) * 0.4",0],"rotation":[0,0,"0+math.sin(query.anim_time * 200) * 1"]}},"loop":true},"animation.scaryhairy.idle_quirk":{"animation_length":3.58333,"bones":{"bone20":{"position":[0,"0+math.sin(query.anim_time * 200) * 1",0],"rotation":{"0.0":[0,0,-30.25],"1.1667":[0,0,-30.25],"1.5":[0,0,-29.5],"3.5833":[0,0,-30.25]}},"bone21":{"rotation":[0,0,-7.5]},"bone22":{"rotation":{"0.0":[0,0,110],"1.1667":[0,0,110],"1.5":[0,0,107.5],"3.5833":[0,0,110]}},"bone23":{"rotation":{"0.0":[0,0,20],"1.0833":[0,0,20],"1.5":[0,0,17.5],"1.875":[0,0,14.97],"3.5833":[0,0,20]}},"bone24":{"position":[0,"0+math.sin(query.anim_time * 200) * 1",0],"rotation":{"0.0":[0,0,-30.25],"1.1667":[0,0,-30.25],"1.5":[0,0,-29.5],"3.5833":[0,0,-30.25]}},"bone25":{"rotation":[0,0,-7.5]},"bone26":{"rotation":{"0.0":[0,0,110],"1.1667":[0,0,110],"1.5":[0,0,107.5],"3.5833":[0,0,110]}},"bone27":{"rotation":{"0.0":[0,0,20],"1.0833":[0,0,20],"1.5":[0,0,17.5],"1.875":[0,0,14.97],"3.5833":[0,0,20]}},"bone28":{"position":[0,"0+math.sin(query.anim_time * 200) * 1",0],"rotation":{"0.0":[0,0,-15.25],"1.1667":[0,0,-17],"1.5":[0,0,-18.25],"3.5833":[0,0,-15.25]}},"bone29":{"rotation":[0,0,-7.5]},"bone30":{"rotation":{"0.0":[0,0,110],"1.1667":[0,0,110],"1.5":[0,0,107.5],"3.5833":[0,0,110]}},"bone31":{"rotation":{"0.0":[0,0,20],"1.0833":[0,0,20],"1.5":[0,0,17.5],"1.875":[0,0,14.97],"3.5833":[0,0,20]}},"bone32":{"position":[0,"0+math.sin(query.anim_time * 200) * 1",0],"rotation":{"0.0":[0,0,-35.25],"1.1667":[0,0,-30.25],"1.5":[0,0,-35.25]}},"bone33":{"rotation":[0,0,-7.5]},"bone34":{"rotation":{"0.0":[0,0,110],"1.1667":[0,0,110],"1.5":[0,0,107.5],"3.5833":[0,0,110]}},"bone35":{"rotation":{"0.0":[0,0,20],"1.0833":[0,0,20],"1.5":[0,0,17.5],"1.875":[0,0,14.97],"3.5833":[0,0,20]}},"bone36":{"position":[0,"0+math.sin(query.anim_time * 200) * 1",0],"rotation":{"0.0":[0,0,35.25],"1.1667":[0,0,30.25],"1.5":[0,0,35.25]}},"bone37":{"rotation":[0,0,7.5]},"bone38":{"rotation":{"0.0":[0,0,-110],"1.1667":[0,0,-110],"1.5":[0,0,-107.5],"3.5833":[0,0,-110]}},"bone39":{"rotation":{"0.0":[0,0,-20],"1.0833":[0,0,-20],"1.5":[0,0,-17.5],"1.875":[0,0,-14.97],"3.5833":[0,0,-20]}},"bone40":{"position":[0,"0+math.sin(query.anim_time * 200) * 1",0],"rotation":{"0.0":[0,0,30.25],"1.1667":[0,0,30.25],"1.5":[0,0,29.5],"3.5833":[0,0,30.25]}},"bone41":{"rotation":[0,0,-7.5]},"bone42":{"rotation":{"0.0":[0,0,-110],"1.1667":[0,0,-110],"1.5":[0,0,-107.5],"3.5833":[0,0,-110]}},"bone43":{"rotation":{"0.0":[0,0,-20],"1.0833":[0,0,-20],"1.5":[0,0,-17.5],"1.875":[0,0,-14.97],"3.5833":[0,0,-20]}},"bone44":{"position":[0,"0+math.sin(query.anim_time * 200) * 1",0],"rotation":{"0.0":[0,0,30.25],"1.1667":[0,0,30.25],"1.5":[0,0,29.5],"3.5833":[0,0,30.25]}},"bone45":{"position":[0,"0+math.sin(query.anim_time * 200) * 1",0],"rotation":{"0.0":[0,0,7.5],"1.1667":[0,0,9.84],"1.5":[0,0,10.5],"3.5833":[0,0,7.5]}},"bone46":{"rotation":{"0.0":[0,0,-110],"1.1667":[0,0,-110],"1.5":[0,0,-107.5],"3.5833":[0,0,-110]}},"bone47":{"rotation":{"0.0":[0,0,-20],"1.0833":[0,0,-20],"1.5":[0,0,-17.5],"1.875":[0,0,-14.97],"3.5833":[0,0,-20]}},"bone48":{"position":[0,"0+math.sin(query.anim_time * 200) * 1",0],"rotation":{"0.0":[0,0,15.25],"1.1667":[0,0,17],"1.5":[0,0,18.25],"3.5833":[0,0,15.25]}},"bone49":{"rotation":[0,0,7.5]},"bone50":{"rotation":{"0.0":[0,0,-110],"1.1667":[0,0,-110],"1.5":[0,0,-107.5],"3.5833":[0,0,-110]}},"bone51":{"rotation":{"0.0":[0,0,-20],"1.0833":[0,0,-20],"1.5":[0,0,-17.5],"1.875":[0,0,-14.97],"3.5833":[0,0,-20]}},"close":{"scale":[0,0,0]},"close2":{"scale":[0,0,0]},"head":{"rotation":{"0.0":[0,0,"0+math.sin(query.anim_time * 20000) * 0.4"],"0.7917":[0,2.25,"0+math.sin(query.anim_time * 20000) * 0.4"],"0.9583":[-4.9173,18.1756,"6.7917+math.sin(query.anim_time * 20000) * 0.4"],"1.2083":[-5.08176,23.1566,"6.3262+math.sin(query.anim_time * 20000) * 0.4"],"1.375":[-24.36224,-17.38207,"37.0601+math.sin(query.anim_time * 20000) * 0.4"],"1.9583":[-26.02108,-15.50449,"43.0535+math.sin(query.anim_time * 20000) * 0.4"],"2.0417":[-26.95483,-13.71981,"46.7531+math.sin(query.anim_time * 20000) * 0.4"],"2.625":[0,0,"0+math.sin(query.anim_time * 20000) * 0.4"],"3.2083":[-0.25,0,"-2.5+math.sin(query.anim_time * 20000) * 0.4"],"3.5833":[0,0,"0+math.sin(query.anim_time * 20000) * 0.4"]}},"middlepart":{"position":[0,"0+math.sin(query.anim_time * 200) * 4",0],"rotation":["0+math.sin(query.anim_time * 200) * 1",0,"0+math.sin(query.anim_time * 200) * 1"]},"pupil":{"position":{"0.0":[0,"0+math.sin(query.anim_time * 20000) * 0.4",0],"0.7917":[0,"0+math.sin(query.anim_time * 20000) * 0.4",0],"0.875":[-3.775,"3.35+math.sin(query.anim_time * 20000) * 0.4",0],"1.2083":[-2.65,"3.35+math.sin(query.anim_time * 20000) * 0.4",0],"1.25":[4.545,"3.35+math.sin(query.anim_time * 20000) * 0.4",0],"1.9583":[4,"3.35+math.sin(query.anim_time * 20000) * 0.4",0],"2.0417":[0,"0+math.sin(query.anim_time * 20000) * 0.4",0]},"rotation":{"0.0":[0,0,"0+math.sin(query.anim_time * 200) * 1"],"0.7917":[0,0,"0+math.sin(query.anim_time * 200) * 1"]},"scale":{"0.9167":[1,1,1],"1.0417":[1.3,0.5,1],"1.1667":[1.1,1.1,1],"1.2917":[1,1,1],"1.75":[1,1,1],"3.125":[1,1,1]}},"pupil2":{"position":{"0.125":[0,"0+math.sin(query.anim_time * 20000) * 0.4",0],"0.9167":[0,"0+math.sin(query.anim_time * 20000) * 0.4",0],"1.0":[-3.775,"3.35+math.sin(query.anim_time * 20000) * 0.4",0],"1.3333":[-2.65,"3.35+math.sin(query.anim_time * 20000) * 0.4",0],"1.375":[4.545,"3.35+math.sin(query.anim_time * 20000) * 0.4",0],"2.0833":[4,"3.35+math.sin(query.anim_time * 20000) * 0.4",0],"2.1667":[0,"0+math.sin(query.anim_time * 20000) * 0.4",0]},"rotation":{"0.125":[0,0,"0+math.sin(query.anim_time * 200) * 1"],"0.9167":[0,0,"0+math.sin(query.anim_time * 200) * 1"]},"scale":{"0.9167":[1,1,1],"1.0417":[1.3,0.5,1],"1.1667":[1.1,1.1,1],"1.2917":[1,1,1],"1.75":[1,1,1],"3.125":[1,1,1]}}},"loop":true},"animation.scaryhairy.ult_attack":{"animation_length":7.16667,"bones":{"bone20":{"position":[0,"0+math.sin(query.anim_time * 200) * 1",0],"rotation":{"0.0":[0,0,-30.25],"1.1667":[0,0,-30.25],"1.5":[0,0,-29.5],"3.5833":[0,0,-30.25]}},"bone21":{"rotation":[0,0,-7.5]},"bone22":{"rotation":{"0.0":[0,0,110],"1.1667":[0,0,110],"1.5":[0,0,107.5],"3.5833":[0,0,110]}},"bone23":{"rotation":{"0.0":[0,0,20],"1.0833":[0,0,20],"1.5":[0,0,17.5],"1.875":[0,0,14.97],"3.5833":[0,0,20]}},"bone24":{"position":[0,"0+math.sin(query.anim_time * 200) * 1",0],"rotation":{"0.0":[0,0,-30.25],"1.1667":[0,0,-30.25],"1.5":[0,0,-29.5],"3.5833":[0,0,-30.25]}},"bone25":{"rotation":[0,0,-7.5]},"bone26":{"rotation":{"0.0":[0,0,110],"1.1667":[0,0,110],"1.5":[0,0,107.5],"3.5833":[0,0,110]}},"bone27":{"rotation":{"0.0":[0,0,20],"1.0833":[0,0,20],"1.5":[0,0,17.5],"1.875":[0,0,14.97],"3.5833":[0,0,20]}},"bone28":{"position":[0,"0+math.sin(query.anim_time * 200) * 1",0],"rotation":{"0.0":[0,0,-15.25],"1.1667":[0,0,-17],"1.5":[0,0,-18.25],"3.5833":[0,0,-15.25]}},"bone29":{"rotation":[0,0,-7.5]},"bone30":{"rotation":{"0.0":[0,0,110],"1.1667":[0,0,110],"1.5":[0,0,107.5],"3.5833":[0,0,110]}},"bone31":{"rotation":{"0.0":[0,0,20],"1.0833":[0,0,20],"1.5":[0,0,17.5],"1.875":[0,0,14.97],"3.5833":[0,0,20]}},"bone32":{"position":[0,"0+math.sin(query.anim_time * 200) * 1",0],"rotation":{"0.0":[0,0,-35.25],"2.125":[0,0,-30.57],"2.5":[0,0,-23.72],"2.7083":[0,0,-1.25],"2.8333":[-73.17583,-22.49663,-67.30129],"3.0417":[-22.72707,13.00454,-42.67247],"3.1667":[-24.56029,14.82015,-45.05623],"3.25":[-24.83091,15.22748,-45.45286],"3.375":[0,0,-35.25],"4.0":[0,0,-33.22],"4.2083":[0,0,-36.25],"4.3333":[-73.17583,-22.49663,-67.30129],"4.5417":[-22.72707,13.00454,-42.67247],"4.6667":[-24.56029,14.82015,-45.05623],"4.75":[-24.83091,15.22748,-45.45286],"4.875":[0,0,-35.25],"5.4167":[0,0,-33.22],"5.625":[0,0,-36.25],"5.75":[-73.17583,-22.49663,-67.30129],"5.9583":[-22.72707,13.00454,-42.67247],"6.0833":[-24.56029,14.82015,-45.05623],"6.1667":[-24.83091,15.22748,-45.45286],"6.2917":[0,0,-35.25]}},"bone33":{"rotation":[0,0,-7.5]},"bone34":{"rotation":{"0.0":[0,0,110],"1.1667":[0,0,110],"1.5":[0,0,107.5],"2.375":[0,0,100.97],"2.7083":[0,0,32.95],"2.8333":[0,0,-62.5],"3.0417":[0,0,110],"3.0833":[0,0,100.97],"3.5833":[0,0,110],"4.125":[0,0,110],"4.3333":[0,0,-62.5],"4.5417":[0,0,110],"5.5833":[0,0,110],"5.75":[0,0,-62.5],"5.9583":[0,0,110]}},"bone35":{"rotation":{"0.0":[0,0,20],"1.0833":[0,0,20],"1.5":[0,0,17.5],"1.875":[0,0,14.97],"3.5833":[0,0,20]}},"bone36":{"position":[0,"0+math.sin(query.anim_time * 200) * 1",0],"rotation":{"0.0":[0,0,35.25],"2.125":[0,0,30.57],"2.5":[0,0,23.72],"2.7083":[0,0,1.25],"2.8333":[-73.17583,22.49663,67.30129],"3.0417":[-22.72707,-13.00454,42.67247],"3.1667":[-24.56029,-14.82015,45.05623],"3.25":[-24.83091,-15.22748,45.45286],"3.375":[0,0,35.25],"4.0":[0,0,33.22],"4.2083":[0,0,36.25],"4.3333":[-73.17583,22.49663,67.30129],"4.5417":[-22.72707,-13.00454,42.67247],"4.6667":[-24.56029,-14.82015,45.05623],"4.75":[-24.83091,-15.22748,45.45286],"4.875":[0,0,35.25],"5.4167":[0,0,33.22],"5.625":[0,0,36.25],"5.75":[-73.17583,22.49663,67.30129],"5.9583":[-22.72707,-13.00454,42.67247],"6.0833":[-24.56029,-14.82015,45.05623],"6.1667":[-24.83091,-15.22748,45.45286],"6.2917":[0,0,35.25]}},"bone37":{"rotation":[0,0,7.5]},"bone38":{"rotation":{"0.0":[0,0,-110],"1.1667":[0,0,-110],"1.5":[0,0,-107.5],"2.375":[0,0,-100.97],"2.7083":[0,0,-32.95],"2.8333":[0,0,45],"3.0417":[0,0,-110],"3.1667":[0,0,-100.97],"3.5833":[0,0,-110],"4.125":[0,0,-110],"4.3333":[0,0,45],"4.5417":[0,0,-110],"5.5833":[0,0,-110],"5.75":[0,0,45],"5.9583":[0,0,-110]}},"bone39":{"rotation":{"0.0":[0,0,-20],"1.0833":[0,0,-20],"1.5":[0,0,-17.5],"1.875":[0,0,-14.97],"3.5833":[0,0,-20]}},"bone40":{"position":[0,"0+math.sin(query.anim_time * 200) * 1",0],"rotation":{"0.0":[0,0,30.25],"1.1667":[0,0,30.25],"1.5":[0,0,29.5],"3.5833":[0,0,30.25]}},"bone41":{"rotation":[0,0,-7.5]},"bone42":{"rotation":{"0.0":[0,0,-110],"1.1667":[0,0,-110],"1.5":[0,0,-107.5],"3.5833":[0,0,-110]}},"bone43":{"rotation":{"0.0":[0,0,-20],"1.0833":[0,0,-20],"1.5":[0,0,-17.5],"1.875":[0,0,-14.97],"3.5833":[0,0,-20]}},"bone44":{"position":[0,"0+math.sin(query.anim_time * 200) * 1",0],"rotation":{"0.0":[0,0,30.25],"1.1667":[0,0,30.25],"1.5":[0,0,29.5],"3.5833":[0,0,30.25]}},"bone45":{"position":[0,"0+math.sin(query.anim_time * 200) * 1",0],"rotation":{"0.0":[0,0,7.5],"1.1667":[0,0,9.84],"1.5":[0,0,10.5],"3.5833":[0,0,7.5]}},"bone46":{"rotation":{"0.0":[0,0,-110],"1.1667":[0,0,-110],"1.5":[0,0,-107.5],"3.5833":[0,0,-110]}},"bone47":{"rotation":{"0.0":[0,0,-20],"1.0833":[0,0,-20],"1.5":[0,0,-17.5],"1.875":[0,0,-14.97],"3.5833":[0,0,-20]}},"bone48":{"position":[0,"0+math.sin(query.anim_time * 200) * 1",0],"rotation":{"0.0":[0,0,15.25],"1.1667":[0,0,17],"1.5":[0,0,18.25],"3.5833":[0,0,15.25]}},"bone49":{"rotation":[0,0,7.5]},"bone50":{"rotation":{"0.0":[0,0,-110],"1.1667":[0,0,-110],"1.5":[0,0,-107.5],"3.5833":[0,0,-110]}},"bone51":{"rotation":{"0.0":[0,0,-20],"1.0833":[0,0,-20],"1.5":[0,0,-17.5],"1.875":[0,0,-14.97],"3.5833":[0,0,-20]}},"bone52":{"scale":{"0.0":[1,1,1],"1.75":[1,1,1],"2.0":[1,1.5,1],"5.4583":[1,1.0049,1],"6.5417":[1,1.1174,1],"6.875":[1,1,1]}},"close":{"scale":[0,0,0]},"close2":{"scale":[0,0,0]},"head":{"rotation":{"0.0":[0,0,"0+math.sin(query.anim_time * 20000) * 0.4"],"1.5417":[0,0,"0+math.sin(query.anim_time * 20000) * 0.4"],"1.7917":[8.25,0,"0+math.sin(query.anim_time * 20000) * 0.4"],"2.0833":[-19.25,0,"0+math.sin(query.anim_time * 20000) * 0.4"],"3.0":[-26.75,0,"0+math.sin(query.anim_time * 20000) * 0.4"],"5.1667":[-28.25,0,"0+math.sin(query.anim_time * 20000) * 0.4"],"5.4167":[20.25,0,"0+math.sin(query.anim_time * 20000) * 0.4"],"5.7083":[0,0,"0+math.sin(query.anim_time * 20000) * 0.4"]}},"middlepart":{"position":[0,"0+math.sin(query.anim_time * 200) * 4",0],"rotation":{"0.0":["0+math.sin(query.anim_time * 200) * 1",0,"0+math.sin(query.anim_time * 200) * 1"],"1.4167":["0+math.sin(query.anim_time * 9000) * 1",0,"0+math.sin(query.anim_time * 4000) * 1"],"6.6667":["0+math.sin(query.anim_time * 6000) * 1",0,"0+math.sin(query.anim_time * 6000) * 1"],"7.0":["0+math.sin(query.anim_time * 200) * 1",0,"0+math.sin(query.anim_time * 200) * 1"]}},"pupil":{"position":[0,"0+math.sin(query.anim_time * 20000) * 0.4",0],"rotation":[0,0,"0+math.sin(query.anim_time * 200) * 1"],"scale":{"0.0":[1,1,1],"2.8333":[0.5,0.5,0.5],"5.9167":[0.5,0.5,0.5],"6.2083":[1,1,1]}},"pupil2":{"position":[0,"0+math.sin(query.anim_time * 20000) * 0.4",0],"rotation":[0,0,"0+math.sin(query.anim_time * 200) * 1"],"scale":{"0.0":[1,1,1],"2.8333":[0.5,0.5,0.5],"5.9167":[0.5,0.5,0.5],"6.2083":[1,1,1]}}},"loop":true},"animation.scaryhairy.walk":{"animation_length":1.875,"bones":{"bone20":{"position":[0,"0+math.sin(query.anim_time * 200) * 1",0],"rotation":{"0.0":[0,0,-30.25],"0.5833":[-26.71069,32.42452,-46.98198],"0.7083":[-18.96242,29.90083,-35.12231],"0.7917":[-19.07262,28.64476,-36.33447],"0.8333":[-17.75929,28.85077,-34.08322],"0.875":[-18.13314,28.03773,-35.37673],"0.9167":[-17.22993,27.98973,-33.95166],"1.5833":[-2.58366,2.40466,-27.93804],"1.9583":[-2.58366,2.40466,-27.93804],"2.7917":[0,0,-30.25]}},"bone21":{"rotation":{"0.0":[0,0,-7.5],"0.7083":[-12.5,11.5,-7.5],"1.6667":[12.32039,-17.66527,-12.44395],"2.7917":[0,0,-7.5]}},"bone22":{"rotation":{"0.0":[0,0,110],"0.7917":[-0.14909,9.75205,113.40773],"1.1667":[0,0,110],"1.5":[0,0,107.5],"3.5833":[0,0,110]}},"bone23":{"rotation":{"0.0":[0,0,20],"1.0833":[0,0,20],"1.5":[0,0,17.5],"1.875":[0,0,14.97],"3.5833":[0,0,20]}},"bone24":{"position":[0,"0+math.sin(query.anim_time * 200) * 1",0],"rotation":{"0.1667":[0,0,-30.25],"0.75":[-26.71069,32.42452,-46.98198],"0.875":[-18.96242,29.90083,-35.12231],"0.9583":[-19.07262,28.64476,-36.33447],"1.0":[-17.75929,28.85077,-34.08322],"1.0417":[-18.13314,28.03773,-35.37673],"1.0833":[-17.22993,27.98973,-33.95166],"1.75":[15.75761,-26.92356,-33.78214],"2.0":[15.1413,-27.25656,-32.42884],"2.9583":[0,0,-30.25]}},"bone25":{"rotation":[0,0,-7.5]},"bone26":{"rotation":{"0.1667":[0,0,110],"1.3333":[0,0,110],"1.6667":[0,0,107.5],"3.75":[0,0,110]}},"bone27":{"rotation":{"0.1667":[0,0,20],"1.25":[0,0,20],"1.6667":[0,0,17.5],"2.0417":[0,0,14.97],"3.75":[0,0,20]}},"bone28":{"position":[0,"0+math.sin(query.anim_time * 200) * 1",0],"rotation":{"0.0":[0,0,-16.5],"0.5833":[5.47909,29.22996,-29.14933],"0.7083":[3.58179,27.89727,-12.34536],"0.7917":[4.4227,28.38646,-19.37866],"0.8333":[3.58179,27.89727,-12.34536],"0.875":[4.03993,28.1466,-16.115],"0.9167":[3.58179,27.89727,-12.34536],"1.5833":[23.26061,-17.01708,-22.03139],"1.8333":[25.36533,-20.43528,-24.64074],"2.7917":[0,0,-16.5]}},"bone29":{"rotation":[0,0,-7.5]},"bone30":{"rotation":{"0.0":[0,0,110],"1.1667":[0,0,110],"1.5":[0,0,107.5],"3.5833":[0,0,110]}},"bone31":{"rotation":{"0.0":[0,0,20],"1.0833":[0,0,20],"1.5":[0,0,17.5],"1.875":[0,0,14.97],"3.5833":[0,0,20]}},"bone32":{"position":[0,"0+math.sin(query.anim_time * 200) * 1",0],"rotation":{"0.0":[0,0,-35.25],"0.5833":[-39.80339,12.7853,-67.36645],"0.7083":[-28.44535,23.62988,-51.74822],"0.7917":[-36.27336,17.11455,-62.19118],"0.8333":[-28.44535,23.62988,-51.74822],"0.875":[-33.11506,20.14479,-57.84897],"0.9167":[-28.44535,23.62988,-51.74822],"1.5833":[3.05608,-22.8204,-32.52791],"1.9583":[3.07165,-24.30692,-32.32669],"2.5417":[0,0,-35.25]}},"bone33":{"rotation":[0,0,-7.5]},"bone34":{"rotation":{"0.0":[0,0,110],"1.1667":[0,0,110],"1.5":[0,0,107.5],"3.5833":[0,0,110]}},"bone35":{"rotation":{"0.0":[0,0,20],"1.0833":[0,0,20],"1.5":[0,0,17.5],"1.875":[0,0,14.97],"3.5833":[0,0,20]}},"bone36":{"position":[0,"0+math.sin(query.anim_time * 200) * 1",0],"rotation":{"0.0":[0,0,32.25],"0.5833":[13.95232,41.37178,30.78151],"0.9167":[13.95232,41.37178,30.78151],"1.5833":[-17.15847,-7.09563,50.33364],"1.6667":[-10.23351,-11.25029,38.90432],"1.7083":[-13.17407,-9.7215,43.6274],"1.75":[-10.23351,-11.25029,38.90432],"1.7917":[-11.73172,-10.50961,41.29093],"1.8333":[-10.23351,-11.25029,38.90432],"2.8333":[0,0,32.25]}},"bone37":{"rotation":[0,0,7.5]},"bone38":{"rotation":{"0.0":[0,0,-110],"1.1667":[0,0,-110],"1.5":[0,0,-107.5],"3.5833":[0,0,-110]}},"bone39":{"rotation":{"0.0":[0,0,-20],"1.0833":[0,0,-20],"1.5":[0,0,-17.5],"1.875":[0,0,-14.97],"3.5833":[0,0,-20]}},"bone40":{"position":[0,"0+math.sin(query.anim_time * 200) * 1",0],"rotation":{"0.0":[0,0,30.25],"0.5833":[24.65804,42.20781,41.18852],"0.9167":[24.65804,42.20781,41.18852],"1.5833":[-17.15847,-7.09563,50.33364],"1.6667":[-8.29689,-18.29759,32.76746],"1.7083":[-9.50166,-17.71724,36.6632],"1.75":[-8.29689,-18.29759,32.76746],"1.7917":[-9.10515,-17.91932,35.36749],"1.8333":[-8.29689,-18.29759,32.76746],"2.8333":[0,0,30.25]}},"bone41":{"rotation":[0,0,7.5]},"bone42":{"rotation":[0,0,-110]},"bone43":{"rotation":[0,0,-20]},"bone44":{"position":[0,"0+math.sin(query.anim_time * 200) * 1",0],"rotation":{"0.0833":[0,0,30.25],"0.6667":[33.29088,41.39446,43.64138],"1.0":[33.29088,41.39446,43.64138],"1.6667":[-17.15847,-7.09563,50.33364],"1.75":[-8.29689,-18.29759,32.76746],"1.7917":[-9.50166,-17.71724,36.6632],"1.8333":[-8.29689,-18.29759,32.76746],"1.875":[-9.10515,-17.91932,35.36749],"1.9167":[-8.29689,-18.29759,32.76746],"3.0417":[0,0,30.25]}},"bone45":{"rotation":[0,0,7.5]},"bone46":{"rotation":[0,0,-110]},"bone47":{"rotation":[0,0,-20]},"bone48":{"position":[0,"0+math.sin(query.anim_time * 200) * 1",0],"rotation":{"0.0":[0,0,16.5],"0.5833":[36.64027,32.06643,31.90647],"0.9167":[36.64027,32.06643,31.90647],"1.5833":[0.27263,-35.54353,29.74754],"1.6667":[0.40993,-35.44912,13.99722],"1.7083":[0.36499,-35.48634,19.49728],"1.75":[0.38586,-35.46996,16.99725],"1.7917":[0.38175,-35.47331,17.49725],"1.8333":[0.38586,-35.46996,16.99725],"2.7917":[0,0,16.5]}},"bone49":{"rotation":[0,0,7.5]},"bone50":{"rotation":{"0.0":[0,0,-110],"1.1667":[0,0,-110],"1.5":[0,0,-107.5],"3.5833":[0,0,-110]}},"bone51":{"rotation":{"0.0":[0,0,-20],"1.0833":[0,0,-20],"1.5":[0,0,-17.5],"1.875":[0,0,-14.97],"3.5833":[0,0,-20]}},"close":{"scale":[0,0,0]},"close2":{"scale":[0,0,0]},"head":{"rotation":{"0.0":[0,0,"0+math.sin(query.anim_time * 20000) * 0.4"],"0.4583":[0.58019,4.71451,"7.0238+math.sin(query.anim_time * 20000) * 0.4"],"1.0":[-0.39289,-0.01624,"-4.7336+math.sin(query.anim_time * 20000) * 0.4"],"1.7917":[0.58019,4.71451,"7.0238+math.sin(query.anim_time * 20000) * 0.4"],"2.5417":[0,0,"0+math.sin(query.anim_time * 20000) * 0.4"]}},"middlepart":{"position":[0,"0+math.sin(query.anim_time * 200) * 4",0],"rotation":["0+math.sin(query.anim_time * 200) * 1",0,"0+math.sin(query.anim_time * 200) * 1"]},"pupil":{"position":[0,"0+math.sin(query.anim_time * 20000) * 0.4",0],"rotation":[0,0,"0+math.sin(query.anim_time * 200) * 1"]},"pupil2":{"position":[0,"0+math.sin(query.anim_time * 20000) * 0.4",0],"rotation":[0,0,"0+math.sin(query.anim_time * 200) * 1"]}},"loop":true}},"format_version":"1.8.0"}