{"animations":{"animation.flop":{"animation_length":1,"bones":{"eyeberow1":{"position":{"0.0":{"lerp_mode":"catmullrom","post":[0,0,0]},"0.5":{"lerp_mode":"catmullrom","post":[0,0,0]},"0.625":{"lerp_mode":"catmullrom","post":[0,-1.325,0]},"0.875":{"lerp_mode":"catmullrom","post":[0,0,0]}},"scale":{"0.0":{"lerp_mode":"catmullrom","post":[1,1,1]},"0.5":{"lerp_mode":"catmullrom","post":[1,1,1]},"0.5833":{"lerp_mode":"catmullrom","post":[1.18,1,1]},"0.7917":{"lerp_mode":"catmullrom","post":[1,1,1]}}},"eyeberow2":{"position":{"0.0":{"lerp_mode":"catmullrom","post":[0,0,0]},"0.5":{"lerp_mode":"catmullrom","post":[0,0,0]},"0.625":{"lerp_mode":"catmullrom","post":[0,-1.325,0]},"0.875":{"lerp_mode":"catmullrom","post":[0,0,0]}},"scale":{"0.0":{"lerp_mode":"catmullrom","post":[1,1,1]},"0.5":{"lerp_mode":"catmullrom","post":[1,1,1]},"0.5833":{"lerp_mode":"catmullrom","post":[1.18,1,1]},"0.7917":{"lerp_mode":"catmullrom","post":[1,1,1]}}},"flopper1":{"position":{"0.0":{"lerp_mode":"catmullrom","post":[0,1,0]},"0.5":{"lerp_mode":"catmullrom","post":[0,-2.025,0]},"1.0":{"lerp_mode":"catmullrom","post":[0,1,0]}},"rotation":{"0.0":{"lerp_mode":"catmullrom","post":[0,0,-12.5]},"0.5":{"lerp_mode":"catmullrom","post":[0,0,22.5]},"1.0":{"lerp_mode":"catmullrom","post":[0,0,-12.5]}}},"flopper2":{"position":{"0.0":{"lerp_mode":"catmullrom","post":[0,1.25,0]},"0.5":{"lerp_mode":"catmullrom","post":[0,-2,0]},"1.0":{"lerp_mode":"catmullrom","post":[0,1.25,0]}},"rotation":{"0.0":{"lerp_mode":"catmullrom","post":[0,0,20]},"0.5":{"lerp_mode":"catmullrom","post":[0,0,-23]},"1.0":{"lerp_mode":"catmullrom","post":[0,0,20]}}},"lower":{"position":{"0.0":{"lerp_mode":"catmullrom","post":[0,1,0]},"0.5417":{"lerp_mode":"catmullrom","post":[0,0,0]},"1.0":{"lerp_mode":"catmullrom","post":[0,1,0]}},"rotation":{"0.0":{"lerp_mode":"catmullrom","post":[25,0,0]},"0.2083":{"lerp_mode":"catmullrom","post":[30.91126,0,0]},"0.5417":{"lerp_mode":"catmullrom","post":[-2.5,0,0]},"1.0":{"lerp_mode":"catmullrom","post":[25,0,0]}},"scale":{"0.0":{"lerp_mode":"catmullrom","post":[1,1,1]},"0.5":{"lerp_mode":"catmullrom","post":[1,1,1]},"0.5833":{"lerp_mode":"catmullrom","post":[1.2,1,1]},"0.9167":{"lerp_mode":"catmullrom","post":[1,1,1]}}},"tail":{"position":{"0.0":{"lerp_mode":"catmullrom","post":[0,1.95,0]},"0.6667":{"lerp_mode":"catmullrom","post":[0,-0.85,-0.325]},"1.0":{"lerp_mode":"catmullrom","post":[0,1.95,0]}},"rotation":{"0.0":{"lerp_mode":"catmullrom","post":[20,0,0]},"0.25":{"lerp_mode":"catmullrom","post":[27.05952,0,0]},"0.5417":{"lerp_mode":"catmullrom","post":[-0.5,0,0]},"1.0":{"lerp_mode":"catmullrom","post":[20,0,0]}}},"torso":{"position":{"0.0":{"lerp_mode":"catmullrom","post":[0,5,0]},"0.5417":{"lerp_mode":"catmullrom","post":[0,0,0]},"1.0":{"lerp_mode":"catmullrom","post":[0,5,0]}},"rotation":{"0.0":{"lerp_mode":"catmullrom","post":[-3,0,0]},"0.5":{"lerp_mode":"catmullrom","post":[-3.01144,-4.99313,0.26234]},"0.7083":{"lerp_mode":"catmullrom","post":[-3.01041,4.07772,-0.21415]},"1.0":{"lerp_mode":"catmullrom","post":[-3,0,0]}},"scale":{"0.0":{"lerp_mode":"catmullrom","post":[1,1,1]},"0.3333":{"lerp_mode":"catmullrom","post":[1,1,1]},"0.5417":{"lerp_mode":"catmullrom","post":[1.3,1,1]},"0.75":{"lerp_mode":"catmullrom","post":[1,1,1]},"0.9167":{"lerp_mode":"catmullrom","post":[1,1,1]},"1.0":{"lerp_mode":"catmullrom","post":[1,1,1]}}}},"loop":true}},"format_version":"1.8.0"}