{"animations":{"animation.skyblock.loop":{"animation_length":14.4,"bones":{"alex":{"position":{"0.0":[-22,0,19],"10.0":[-23,0,-8],"10.48":[-23,0,-8],"10.96":[-23,0,-8],"11.16":[-23,1.5,-8],"11.76":[-23,1.5,-8],"12.4":[-23,0,-8],"13.36":[-23,0,-8],"14.4":[-22,0,19],"3.88":[-22,0,19],"4.24":[-22,0,19],"4.52":[-22,9,19],"4.96":[-22,0,19],"7.48":[-22,0,19],"9.4":[-18,0,14]},"rotation":{"0.0":{"lerp_mode":"catmullrom","post":[-25,135,0]},"0.4":{"lerp_mode":"catmullrom","post":[-22.5,135,0]},"0.76":{"lerp_mode":"catmullrom","post":[-25,135,0]},"1.04":{"lerp_mode":"catmullrom","post":[-27.5,135,0]},"1.28":{"lerp_mode":"catmullrom","post":[-25,135,0]},"1.84":{"lerp_mode":"catmullrom","post":[-22.5,135,0]},"10.0":{"lerp_mode":"catmullrom","post":[-5,0,2.5]},"10.48":{"lerp_mode":"catmullrom","post":[-5,0,2.5]},"10.96":{"lerp_mode":"catmullrom","post":[-5,0,2.5]},"11.16":{"lerp_mode":"catmullrom","post":[-5,0,30]},"11.76":{"lerp_mode":"catmullrom","post":[-5,190,30]},"12.4":{"lerp_mode":"catmullrom","post":[-5,190,0]},"13.36":{"lerp_mode":"catmullrom","post":[-5,190,0]},"14.0":{"lerp_mode":"catmullrom","post":[-5,190,0]},"14.4":{"lerp_mode":"catmullrom","post":[-25,135,0]},"2.2":{"lerp_mode":"catmullrom","post":[-25,135,0]},"2.48":{"lerp_mode":"catmullrom","post":[-27.5,135,0]},"2.72":{"lerp_mode":"catmullrom","post":[-25,135,0]},"3.28":{"lerp_mode":"catmullrom","post":[-22.5,135,0]},"3.64":{"lerp_mode":"catmullrom","post":[-25,135,0]},"3.92":{"lerp_mode":"catmullrom","post":[-27.5,135,0]},"4.52":{"lerp_mode":"catmullrom","post":[15,135,0]},"4.96":{"lerp_mode":"catmullrom","post":[-2.5,135,0]},"5.76":{"lerp_mode":"catmullrom","post":[-20,135,0]},"6.08":{"lerp_mode":"catmullrom","post":[-15,135,0]},"6.4":{"lerp_mode":"catmullrom","post":[-27.5,135,0]},"6.84":{"lerp_mode":"catmullrom","post":[-2.5,135,0]},"7.48":{"lerp_mode":"catmullrom","post":[-2.5,135,-17.5]},"7.96":{"lerp_mode":"catmullrom","post":[-2.5,-27.5,-17.5]},"8.48":{"lerp_mode":"catmullrom","post":[-12.5,-27.5,-17.5]},"9.4":{"lerp_mode":"catmullrom","post":[-5,-27.5,2.5]}}},"arm":{"position":{"0.0":{"lerp_mode":"catmullrom","post":[0,0,0]},"1.44":{"lerp_mode":"catmullrom","post":[0,0,0]},"14.36":{"lerp_mode":"catmullrom","post":[0,0,0]},"2.88":{"lerp_mode":"catmullrom","post":[0,0,0]}},"rotation":{"0.0":{"lerp_mode":"catmullrom","post":[0,0,5]},"0.4":{"lerp_mode":"catmullrom","post":[27.5,0,45]},"0.68":{"lerp_mode":"catmullrom","post":[-25,0,130]},"0.92":{"lerp_mode":"catmullrom","post":[-85,-25,10]},"1.2":{"lerp_mode":"catmullrom","post":[0,0,5]},"1.44":{"lerp_mode":"catmullrom","post":[0,0,5]},"1.84":{"lerp_mode":"catmullrom","post":[27.5,0,45]},"10.56":{"lerp_mode":"catmullrom","post":[-45,0,145]},"11.2":{"lerp_mode":"catmullrom","post":[-40,10,115]},"11.64":{"lerp_mode":"catmullrom","post":[-22.5,17.5,107.5]},"12.8":{"lerp_mode":"catmullrom","post":[20,0,10]},"13.56":{"lerp_mode":"catmullrom","post":[-32.5,0,10]},"14.0":{"lerp_mode":"catmullrom","post":[22.5,0,10]},"14.36":{"lerp_mode":"catmullrom","post":[0,0,5]},"2.12":{"lerp_mode":"catmullrom","post":[-25,0,130]},"2.36":{"lerp_mode":"catmullrom","post":[-85,-25,10]},"2.64":{"lerp_mode":"catmullrom","post":[0,0,5]},"2.88":{"lerp_mode":"catmullrom","post":[0,0,5]},"3.28":{"lerp_mode":"catmullrom","post":[27.5,0,45]},"3.56":{"lerp_mode":"catmullrom","post":[-25,0,130]},"3.8":{"lerp_mode":"catmullrom","post":[-85,-25,10]},"4.08":{"lerp_mode":"catmullrom","post":[0,0,5]},"4.52":{"lerp_mode":"catmullrom","post":[0,0,145]},"5.0":{"lerp_mode":"catmullrom","post":[0,0,12.5]},"5.4":{"lerp_mode":"catmullrom","post":[-11.14,0,31.48]},"5.76":{"lerp_mode":"catmullrom","post":[0,0,12.5]},"6.04":{"lerp_mode":"catmullrom","post":[-135,0,-15]},"6.36":{"lerp_mode":"catmullrom","post":[-62.5,-15,-15]},"6.8":{"lerp_mode":"catmullrom","post":[0,0,12.5]},"7.36":{"lerp_mode":"catmullrom","post":[0,0,12.5]},"7.96":{"lerp_mode":"catmullrom","post":[0,0,42.5]},"8.84":{"lerp_mode":"catmullrom","post":[0,0,17.5]},"9.52":{"lerp_mode":"catmullrom","post":[20,0,10]},"9.92":{"lerp_mode":"catmullrom","post":[-47.5,0,10]}}},"arm2":{"rotation":{"0.0":{"lerp_mode":"catmullrom","post":[0,0,-5]},"0.44":{"lerp_mode":"catmullrom","post":[-55,0,-27.5]},"0.84":{"lerp_mode":"catmullrom","post":[37.5,0,-27.5]},"1.32":{"lerp_mode":"catmullrom","post":[0,0,-5]},"1.76":{"lerp_mode":"catmullrom","post":[-55,0,-27.5]},"10.0":{"lerp_mode":"catmullrom","post":[17.5,0,-17.5]},"10.48":{"lerp_mode":"catmullrom","post":[-132.5,-37.5,-17.5]},"10.96":{"lerp_mode":"catmullrom","post":[-132.5,-37.5,-17.5]},"11.16":{"lerp_mode":"catmullrom","post":[-17.5,0,-70]},"11.68":{"lerp_mode":"catmullrom","post":[-17.5,0,-70]},"12.84":{"lerp_mode":"catmullrom","post":[-17.5,0,-7.5]},"13.6":{"lerp_mode":"catmullrom","post":[22.5,0,-7.5]},"13.92":{"lerp_mode":"catmullrom","post":[-30,0,-7.5]},"14.4":{"lerp_mode":"catmullrom","post":[0,0,-5]},"2.16":{"lerp_mode":"catmullrom","post":[37.5,0,-27.5]},"2.88":{"lerp_mode":"catmullrom","post":[0,0,-5]},"3.32":{"lerp_mode":"catmullrom","post":[-55,0,-27.5]},"3.72":{"lerp_mode":"catmullrom","post":[37.5,0,-27.5]},"4.2":{"lerp_mode":"catmullrom","post":[0,0,-5]},"4.48":{"lerp_mode":"catmullrom","post":[0,0,-152.5]},"5.04":{"lerp_mode":"catmullrom","post":[0,0,-20]},"7.4":{"lerp_mode":"catmullrom","post":[0,0,-20]},"7.92":{"lerp_mode":"catmullrom","post":[0,0,-67.5]},"8.8":{"lerp_mode":"catmullrom","post":[22.5,0,-17.5]},"9.56":{"lerp_mode":"catmullrom","post":[-37.5,0,-17.5]}}},"block1":{"position":{"10.04":{"lerp_mode":"catmullrom","post":[2,23,-41]},"11.16":{"lerp_mode":"catmullrom","post":[2,20,-54]},"5.36":{"lerp_mode":"catmullrom","post":[0,0,0]},"5.84":{"lerp_mode":"catmullrom","post":[1.86,11.14,-0.14]},"6.2":{"lerp_mode":"catmullrom","post":[9,16,-7]},"9.76":{"lerp_mode":"catmullrom","post":[2,23,-41]}},"rotation":{"5.36":[0,0,0],"6.52":[0,360,0]},"scale":{"10.04":[0,0,0],"10.48":[0.5,0.5,0.5],"11.16":[0.2,0.2,0.2],"5.32":[0.2,0.2,0.2],"5.8":[1,1,1],"6.2":[0.2,0.2,0.2],"6.52":[0,0,0]}},"block2":{"position":{"10.12":{"lerp_mode":"catmullrom","post":[2,23,-41]},"10.4":{"lerp_mode":"catmullrom","post":[2,23,-41]},"11.52":{"lerp_mode":"catmullrom","post":[2,20,-54]},"4.72":{"lerp_mode":"catmullrom","post":[0,0,0]},"5.2":{"lerp_mode":"catmullrom","post":[1.86,11.14,-0.14]},"5.56":{"lerp_mode":"catmullrom","post":[9,16,-7]}},"rotation":{"4.72":[0,0,0],"5.88":[0,360,0]},"scale":{"10.4":[0,0,0],"10.84":[0.5,0.5,0.5],"11.52":[0.2,0.2,0.2],"4.68":[0.2,0.2,0.2],"5.16":[1,1,1],"5.56":[0.2,0.2,0.2],"5.88":[0,0,0]}},"block3":{"position":{"10.4":{"lerp_mode":"catmullrom","post":[2,23,-41]},"10.68":{"lerp_mode":"catmullrom","post":[2,23,-41]},"11.8":{"lerp_mode":"catmullrom","post":[2,20,-54]},"4.24":{"lerp_mode":"catmullrom","post":[0,0,0]},"4.72":{"lerp_mode":"catmullrom","post":[1.86,11.14,-0.14]},"5.08":{"lerp_mode":"catmullrom","post":[9,16,-7]}},"rotation":{"4.24":[0,0,0],"5.4":[0,360,0]},"scale":{"10.68":[0,0,0],"11.12":[0.5,0.5,0.5],"11.8":[0.2,0.2,0.2],"4.2":[0.2,0.2,0.2],"4.68":[1,1,1],"5.08":[0.2,0.2,0.2],"5.4":[0,0,0]}},"block4":{"position":{"10.2":{"lerp_mode":"catmullrom","post":[16,24,-41]},"10.48":{"lerp_mode":"catmullrom","post":[16,24,-41]},"11.6":{"lerp_mode":"catmullrom","post":[6,20,-56]},"5.0":{"lerp_mode":"catmullrom","post":[0,0,0]},"5.48":{"lerp_mode":"catmullrom","post":[1.86,11.14,-0.14]},"5.84":{"lerp_mode":"catmullrom","post":[9,16,-7]}},"rotation":{"5.0":[0,0,0],"6.16":[0,360,0]},"scale":{"10.48":[0,0,0],"10.92":[0.5,0.5,0.5],"11.6":[0.2,0.2,0.2],"4.96":[0.2,0.2,0.2],"5.44":[1,1,1],"5.84":[0.2,0.2,0.2],"6.16":[0,0,0]}},"block5":{"position":{"10.4":{"lerp_mode":"catmullrom","post":[16,24,-41]},"10.68":{"lerp_mode":"catmullrom","post":[16,24,-41]},"11.8":{"lerp_mode":"catmullrom","post":[6,20,-56]},"5.64":{"lerp_mode":"catmullrom","post":[0,0,0]},"6.12":{"lerp_mode":"catmullrom","post":[1.86,11.14,-0.14]},"6.48":{"lerp_mode":"catmullrom","post":[9,16,-7]}},"rotation":{"5.64":[0,0,0],"6.8":[0,360,0]},"scale":{"10.68":[0,0,0],"11.12":[0.5,0.5,0.5],"11.8":[0.2,0.2,0.2],"5.6":[0.2,0.2,0.2],"6.08":[1,1,1],"6.48":[0.2,0.2,0.2],"6.8":[0,0,0]}},"body":{"rotation":{"0.0":{"lerp_mode":"catmullrom","post":[52.5,0,0]},"0.4":{"lerp_mode":"catmullrom","post":[47.5,0,0]},"0.76":{"lerp_mode":"catmullrom","post":[52.5,0,0]},"1.04":{"lerp_mode":"catmullrom","post":[55,0,0]},"1.28":{"lerp_mode":"catmullrom","post":[52.5,0,0]},"1.84":{"lerp_mode":"catmullrom","post":[47.5,0,0]},"10.0":{"lerp_mode":"catmullrom","post":[30,0,0]},"10.36":{"lerp_mode":"catmullrom","post":[17.5,0,0]},"10.84":{"lerp_mode":"catmullrom","post":[17.5,0,0]},"11.16":{"lerp_mode":"catmullrom","post":[37.5,0,0]},"11.52":{"lerp_mode":"catmullrom","post":[-7.5,0,0]},"12.08":{"lerp_mode":"catmullrom","post":[2.5,0,0]},"12.48":{"lerp_mode":"catmullrom","post":[2.5,-5,0]},"14.04":{"lerp_mode":"catmullrom","post":[2.5,-5,0]},"14.4":{"lerp_mode":"catmullrom","post":[52.5,0,0]},"2.2":{"lerp_mode":"catmullrom","post":[52.5,0,0]},"2.48":{"lerp_mode":"catmullrom","post":[55,0,0]},"2.72":{"lerp_mode":"catmullrom","post":[52.5,0,0]},"3.28":{"lerp_mode":"catmullrom","post":[47.5,0,0]},"3.64":{"lerp_mode":"catmullrom","post":[52.5,0,0]},"3.92":{"lerp_mode":"catmullrom","post":[55,0,0]},"4.24":{"lerp_mode":"catmullrom","post":[37.5,0,0]},"4.64":{"lerp_mode":"catmullrom","post":[-20,0,0]},"4.96":{"lerp_mode":"catmullrom","post":[7.5,0,0]},"5.76":{"lerp_mode":"catmullrom","post":[32.5,0,0]},"6.08":{"lerp_mode":"catmullrom","post":[20,0,0]},"6.4":{"lerp_mode":"catmullrom","post":[65,0,0]},"6.76":{"lerp_mode":"catmullrom","post":[-7.5,0,0]},"7.16":{"lerp_mode":"catmullrom","post":[0,0,0]},"7.8":{"lerp_mode":"catmullrom","post":[0,0,0]},"8.24":{"lerp_mode":"catmullrom","post":[35,0,0]},"8.8":{"lerp_mode":"catmullrom","post":[35,0,0]},"9.36":{"lerp_mode":"catmullrom","post":[0,15,0]}}},"bone":{"rotation":{"0.0":{"lerp_mode":"catmullrom","post":[8.99976,0.75092,-11.23036]},"1.96":{"lerp_mode":"catmullrom","post":[-4.53094,0.18867,5.64422]},"11.96":{"lerp_mode":"catmullrom","post":[8.99976,0.75092,-11.23036]},"13.92":{"lerp_mode":"catmullrom","post":[-4.53094,0.18867,5.64422]},"3.96":{"lerp_mode":"catmullrom","post":[8.99976,0.75092,-11.23036]},"5.92":{"lerp_mode":"catmullrom","post":[-4.53094,0.18867,5.64422]},"7.96":{"lerp_mode":"catmullrom","post":[8.99976,0.75092,-11.23036]},"9.92":{"lerp_mode":"catmullrom","post":[-4.53094,0.18867,5.64422]}}},"bone2":{"rotation":{"0.28":{"lerp_mode":"catmullrom","post":[8.99976,0.75092,-11.23036]},"10.2":{"lerp_mode":"catmullrom","post":[-4.53094,0.18867,5.64422]},"12.24":{"lerp_mode":"catmullrom","post":[8.99976,0.75092,-11.23036]},"14.2":{"lerp_mode":"catmullrom","post":[-4.53094,0.18867,5.64422]},"2.24":{"lerp_mode":"catmullrom","post":[-4.53094,0.18867,5.64422]},"4.24":{"lerp_mode":"catmullrom","post":[8.99976,0.75092,-11.23036]},"6.2":{"lerp_mode":"catmullrom","post":[-4.53094,0.18867,5.64422]},"8.24":{"lerp_mode":"catmullrom","post":[8.99976,0.75092,-11.23036]}}},"bone20":{"rotation":{"0.84":[0,0,0],"1.12":["Math.cos((query.life_time)*450)*5",0,"Math.cos((query.life_time)*450)*5"],"1.4":["Math.cos((query.life_time)*600)*3",0,"Math.cos((query.life_time)*600)*3"],"1.84":[0,0,0],"10.12":["Math.cos((query.life_time)*450)*11",0,"Math.cos((query.life_time)*450)*11"],"10.4":["Math.cos((query.life_time)*600)*11",0,"Math.cos((query.life_time)*600)*11"],"11.4":[0,0,0],"12.16":[0,0,0],"12.44":["Math.cos((query.life_time)*450)*11",0,"Math.cos((query.life_time)*450)*11"],"12.72":["Math.cos((query.life_time)*600)*11",0,"Math.cos((query.life_time)*600)*11"],"13.72":[0,0,0],"2.2":[0,0,0],"2.48":["Math.cos((query.life_time)*450)*5",0,"Math.cos((query.life_time)*450)*5"],"2.76":["Math.cos((query.life_time)*600)*3",0,"Math.cos((query.life_time)*600)*3"],"3.2":[0,0,0],"3.64":[0,0,0],"3.92":["Math.cos((query.life_time)*450)*5",0,"Math.cos((query.life_time)*450)*5"],"4.84":[-58.45,0,-60.09],"5.36":[-58.45,0,-60.09],"5.64":[0,0,0],"7.6":[0,0,0],"7.88":["Math.cos((query.life_time)*450)*9",0,"Math.cos((query.life_time)*450)*9"],"8.16":["Math.cos((query.life_time)*600)*9",0,"Math.cos((query.life_time)*600)*9"],"9.16":[0,0,0],"9.84":[0,0,0]}},"bone3":{"rotation":{"0.12":{"lerp_mode":"catmullrom","post":[8.99976,0.75092,-11.23036]},"10.04":{"lerp_mode":"catmullrom","post":[-4.53094,0.18867,5.64422]},"12.08":{"lerp_mode":"catmullrom","post":[8.99976,0.75092,-11.23036]},"14.04":{"lerp_mode":"catmullrom","post":[-4.53094,0.18867,5.64422]},"2.08":{"lerp_mode":"catmullrom","post":[-4.53094,0.18867,5.64422]},"4.08":{"lerp_mode":"catmullrom","post":[8.99976,0.75092,-11.23036]},"6.04":{"lerp_mode":"catmullrom","post":[-4.53094,0.18867,5.64422]},"8.08":{"lerp_mode":"catmullrom","post":[8.99976,0.75092,-11.23036]}}},"bone4":{"rotation":{"0.0":{"lerp_mode":"catmullrom","post":[8.99976,0.75092,-11.23036]},"1.96":{"lerp_mode":"catmullrom","post":[-4.53094,0.18867,5.64422]},"11.96":{"lerp_mode":"catmullrom","post":[8.99976,0.75092,-11.23036]},"13.92":{"lerp_mode":"catmullrom","post":[-4.53094,0.18867,5.64422]},"3.96":{"lerp_mode":"catmullrom","post":[8.99976,0.75092,-11.23036]},"5.92":{"lerp_mode":"catmullrom","post":[-4.53094,0.18867,5.64422]},"7.96":{"lerp_mode":"catmullrom","post":[8.99976,0.75092,-11.23036]},"9.92":{"lerp_mode":"catmullrom","post":[-4.53094,0.18867,5.64422]}}},"bone5":{"rotation":{"0.16":{"lerp_mode":"catmullrom","post":[8.99976,0.75092,-11.23036]},"10.08":{"lerp_mode":"catmullrom","post":[-4.53094,0.18867,5.64422]},"12.12":{"lerp_mode":"catmullrom","post":[8.99976,0.75092,-11.23036]},"14.08":{"lerp_mode":"catmullrom","post":[-4.53094,0.18867,5.64422]},"2.12":{"lerp_mode":"catmullrom","post":[-4.53094,0.18867,5.64422]},"4.12":{"lerp_mode":"catmullrom","post":[8.99976,0.75092,-11.23036]},"6.08":{"lerp_mode":"catmullrom","post":[-4.53094,0.18867,5.64422]},"8.12":{"lerp_mode":"catmullrom","post":[8.99976,0.75092,-11.23036]}}},"bone6":{"rotation":{"0.0":{"lerp_mode":"catmullrom","post":[8.99976,0.75092,-11.23036]},"1.96":{"lerp_mode":"catmullrom","post":[-4.53094,0.18867,5.64422]},"11.96":{"lerp_mode":"catmullrom","post":[8.99976,0.75092,-11.23036]},"13.92":{"lerp_mode":"catmullrom","post":[-4.53094,0.18867,5.64422]},"3.96":{"lerp_mode":"catmullrom","post":[8.99976,0.75092,-11.23036]},"5.92":{"lerp_mode":"catmullrom","post":[-4.53094,0.18867,5.64422]},"7.96":{"lerp_mode":"catmullrom","post":[8.99976,0.75092,-11.23036]},"9.92":{"lerp_mode":"catmullrom","post":[-4.53094,0.18867,5.64422]}}},"bone7":{"rotation":{"0.32":{"lerp_mode":"catmullrom","post":[8.99976,0.75092,-11.23036]},"10.24":{"lerp_mode":"catmullrom","post":[-4.53094,0.18867,5.64422]},"12.28":{"lerp_mode":"catmullrom","post":[8.99976,0.75092,-11.23036]},"14.24":{"lerp_mode":"catmullrom","post":[-4.53094,0.18867,5.64422]},"2.28":{"lerp_mode":"catmullrom","post":[-4.53094,0.18867,5.64422]},"4.28":{"lerp_mode":"catmullrom","post":[8.99976,0.75092,-11.23036]},"6.24":{"lerp_mode":"catmullrom","post":[-4.53094,0.18867,5.64422]},"8.28":{"lerp_mode":"catmullrom","post":[8.99976,0.75092,-11.23036]}}},"bone8":{"rotation":{"0.16":{"lerp_mode":"catmullrom","post":[8.99976,0.75092,-11.23036]},"10.08":{"lerp_mode":"catmullrom","post":[-4.53094,0.18867,5.64422]},"12.12":{"lerp_mode":"catmullrom","post":[8.99976,0.75092,-11.23036]},"14.08":{"lerp_mode":"catmullrom","post":[-4.53094,0.18867,5.64422]},"2.12":{"lerp_mode":"catmullrom","post":[-4.53094,0.18867,5.64422]},"4.12":{"lerp_mode":"catmullrom","post":[8.99976,0.75092,-11.23036]},"6.08":{"lerp_mode":"catmullrom","post":[-4.53094,0.18867,5.64422]},"8.12":{"lerp_mode":"catmullrom","post":[8.99976,0.75092,-11.23036]}}},"head":{"rotation":{"0.0":[-25,0,0],"0.56":[-20,0,0],"1.04":[-25,0,0],"1.84":[-25,0,0],"10.64":[-10,7.5,0],"11.12":[-17.5,62.5,0],"11.4":[5,67.5,7.5],"11.6":[-2.5,0,30],"12.04":[-15,-50,-12.5],"12.32":[-30,-30,-10],"12.76":[-30,-30,-10],"13.2":[2.5,-15,0],"14.04":[2.5,-15,0],"14.36":[-25,0,0],"2.4":[-20,0,0],"2.88":[-25,0,0],"3.36":[-22.5,0,0],"3.92":[-25,0,0],"4.6":[-25,0,0],"4.96":[7.5,0,0],"7.44":[7.5,0,0],"8.0":[35,0,0],"8.72":[-32.5,0,0],"9.44":[2.5,27.5,0],"9.96":[-17.5,-10,0]}},"leg":{"rotation":{"0.0":[5,0,2.5],"10.0":[-12.5,0,2.5],"13.32":[5,0,2.5],"13.64":[-20,0,2.5],"13.96":[20,0,2.5],"14.28":[-12.5,0,2.5],"14.36":[5,0,2.5],"4.2":[5,0,2.5],"4.56":[5,0,12.5],"5.0":[5,0,2.5],"7.72":[5,0,2.5],"9.44":[5,0,2.5],"9.64":[-20,0,2.5],"9.84":[20,0,2.5]}},"leg2":{"rotation":{"0.0":[0,0,-2.5],"10.0":[25,0,-5],"13.32":[-27.5,0,-5],"13.64":[35,0,-5],"13.96":[-37.5,0,-5],"14.28":[25,0,-5],"14.36":[0,0,-2.5],"4.2":[0,0,-2.5],"4.56":[0,0,-15],"4.96":[0,0,-5],"7.72":[0,0,-5],"8.0":[-47.5,0,-5],"9.44":[-27.5,0,-5],"9.64":[35,0,-5],"9.84":[-37.5,0,-5]}},"lid":{"rotation":{"10.44":[-50,-15,-55],"11.64":[-50,-15,-55],"11.92":[0,0,0],"9.96":[0,0,0]}},"tree":{"position":{"5.36":[0,0,0],"5.56":[12,11.5,-7],"5.76":{"lerp_mode":"catmullrom","post":[12,11.5,-7]},"5.92":{"lerp_mode":"catmullrom","post":[7.23,17.27,-3.23]},"6.04":{"lerp_mode":"catmullrom","post":[9,23,-4]},"6.24":{"lerp_mode":"catmullrom","post":[5.73,15.77,-3.23]},"6.48":{"lerp_mode":"catmullrom","post":[0,0,0]}},"rotation":{"0.0":["Math.sin((query.life_time)*100)*0.5-Math.cos((query.life_time)*150)*0.1",0,"-Math.sin((query.life_time)*100)*0.1+Math.cos((query.life_time)*150)*0.5"],"3.92":["Math.sin((query.life_time)*100)*0.5-Math.cos((query.life_time)*150)*0.1",0,"-Math.sin((query.life_time)*100)*0.1+Math.cos((query.life_time)*150)*0.5"],"4.76":["-15+Math.sin((query.life_time)*100)*0.5-Math.cos((query.life_time)*150)*0.1",0,"-5-Math.sin((query.life_time)*100)*0.1+Math.cos((query.life_time)*150)*0.5"],"5.28":["-15+Math.sin((query.life_time)*100)*0.5-Math.cos((query.life_time)*150)*0.1",0,"-5-Math.sin((query.life_time)*100)*0.1+Math.cos((query.life_time)*150)*0.5"],"5.56":["Math.sin((query.life_time)*100)*0.5-Math.cos((query.life_time)*150)*0.1",0,"-Math.sin((query.life_time)*100)*0.1+Math.cos((query.life_time)*150)*0.5"],"5.76":["-72.5+Math.sin((query.life_time)*100)*0.5-Math.cos((query.life_time)*150)*0.1",-25,"-Math.sin((query.life_time)*100)*0.1+Math.cos((query.life_time)*150)*0.5"],"6.04":["55+Math.sin((query.life_time)*100)*0.5-Math.cos((query.life_time)*150)*0.1",-90,"-Math.sin((query.life_time)*100)*0.1+Math.cos((query.life_time)*150)*0.5"],"6.24":["62.5+Math.sin((query.life_time)*100)*0.5-Math.cos((query.life_time)*150)*0.1",-107.5,"-57.5-Math.sin((query.life_time)*100)*0.1+Math.cos((query.life_time)*150)*0.5"],"6.52":["Math.sin((query.life_time)*100)*0.5-Math.cos((query.life_time)*150)*0.1",0,"-Math.sin((query.life_time)*100)*0.1+Math.cos((query.life_time)*150)*0.5"]},"scale":{"10.28":[0.7,0.7,0.7],"12.12":[0.7,0.7,0.7],"12.56":[1,1,1],"4.56":{"lerp_mode":"catmullrom","post":[1,1,1]},"4.92":{"lerp_mode":"catmullrom","post":[0.2,0.2,0.2]},"5.24":[0,0,0],"5.56":[0,0,0],"5.76":[0.1,0.1,0.1],"7.6":[0.1,0.1,0.1],"8.04":[0.4,0.4,0.4],"9.84":[0.4,0.4,0.4]}}},"loop":true}},"format_version":"1.8.0"}