{"animations":{"animation.tractorbeam.beaming":{"animation_length":0.83333,"bones":{"light2":{"rotation":{"0.0":[0,"52.5+math.cos(query.anim_time * 200) * 360",0],"0.4167":[0,"-7.5+math.cos(query.anim_time * 200) * 360",0],"0.8333":[0,"52.5+math.cos(query.anim_time * 200) * 360",0]}},"tractor":{"rotation":[0,"0+math.cos(query.anim_time * 200) * 360",0],"scale":{"0.0":[1,1,1],"0.8333":[1,1,1]}}},"loop":true},"animation.tractorbeam.closing":{"animation_length":1.41667,"bones":{"beam2":{"scale":{"0.6667":[1,1,1],"0.9583":[1,0,1]}},"light2":{"rotation":{"0.0":[0,"52.5+math.cos(query.anim_time * 200) * 360",0],"0.4167":[0,"-7.5+math.cos(query.anim_time * 200) * 360",0],"0.8333":[0,"52.5+math.cos(query.anim_time * 200) * 360",0]}},"tractor":{"rotation":[0,"0+math.cos(query.anim_time * 200) * 360",0],"scale":{"0.0":[1,1,1],"0.625":[1,1,1],"1.0833":[0,1,0]}}},"loop":"hold_on_last_frame"},"animation.tractorbeam.open":{"animation_length":0.83333,"bones":{"light2":{"rotation":{"0.0":[0,"52.5+math.cos(query.anim_time * 200) * 360",0],"0.4167":[0,"-7.5+math.cos(query.anim_time * 200) * 360",0],"0.8333":[0,"52.5+math.cos(query.anim_time * 200) * 360",0]}},"tractor":{"rotation":[0,"0+math.cos(query.anim_time * 200) * 360",0],"scale":{"0.0":[0,1,0],"0.2083":[1,1,1],"0.8333":[1,1,1]}}},"loop":"hold_on_last_frame"}},"format_version":"1.8.0"}