{"animations":{"animation.chest.open":{"animation_length":5,"bones":{"Chest":{"position":{"0.0":{"lerp_mode":"catmullrom","post":[0,0,0]},"1.9167":{"lerp_mode":"catmullrom","post":[0,2,0]},"2.5":{"lerp_mode":"catmullrom","post":[0,0,0]}},"rotation":{"0.0":{"lerp_mode":"catmullrom","post":[0,0,0]},"0.8333":{"lerp_mode":"catmullrom","post":[0,7,0]},"1.5833":{"lerp_mode":"catmullrom","post":[0,355,0]},"2.125":{"lerp_mode":"catmullrom","post":[0,360,0]}}},"Lid":{"rotation":{"0.6667":{"lerp_mode":"catmullrom","post":[0,0,0]},"2.0":{"lerp_mode":"catmullrom","post":[-79,0,0]},"5.0":{"lerp_mode":"catmullrom","post":[-80,0,0]}}}},"loop":"hold_on_last_frame"},"animation.chest.still":{"loop":false}},"format_version":"1.8.0"}