{"animations":{"animation.geyser_custom.geo_f2bc64e.firstperson_main_hand":{"bones":{"geyser_custom":{"position":[4,10,4],"rotation":[90,60,-40],"scale":1.5},"geyser_custom_x":{"position":[-0.19,2.27,-1.32],"rotation":[0,0,0]},"geyser_custom_y":{"position":[0,-2,0],"rotation":[0,90,0],"scale":1.5},"geyser_custom_z":{"rotation":[0,0,4]}},"loop":true},"animation.geyser_custom.geo_f2bc64e.thirdperson_main_hand":{"bones":{"geyser_custom":{"position":[0,13,-3],"rotation":[90,0,0]},"geyser_custom_x":{"position":[0.19,-2.08,1.13],"rotation":[0,0,0],"scale":[0.8,0.8,0.8]},"geyser_custom_y":{"rotation":[0,90,0]},"geyser_custom_z":{"rotation":[0,0,-90]}},"loop":true}},"format_version":"1.8.0"}