{"animations":{"animation.geyser_custom.geo_3071e3a.firstperson_main_hand":{"bones":{"geyser_custom":{"position":[4,10,4],"rotation":[90,60,-40],"scale":1.5},"geyser_custom_x":{"position":[0,0.6,0],"rotation":[0,0,0],"scale":[0.3,0.3,0.3]},"geyser_custom_y":{"position":[0,-1,0],"rotation":[0,-38,0],"scale":1.5},"geyser_custom_z":{"rotation":[0,0,0]}},"loop":true},"animation.geyser_custom.geo_3071e3a.thirdperson_main_hand":{"bones":{"geyser_custom":{"position":[0,13,-3],"rotation":[90,0,0]},"geyser_custom_x":{"position":[0,-0.5,0.5],"rotation":[0,0,0],"scale":[0.3,0.3,0.3]},"geyser_custom_y":{"rotation":[0,-90,0]},"geyser_custom_z":{"rotation":[0,0,0]}},"loop":true}},"format_version":"1.8.0"}