{"animations":{"animation.geyser_custom.geo_0800ec5.firstperson_main_hand":{"bones":{"geyser_custom":{"position":[4,10,4],"rotation":[90,60,-40],"scale":1.5},"geyser_custom_x":{"position":[-4.1739,2.7826,7.652],"rotation":[98,0,0],"scale":[0.3,0.3,0.3]},"geyser_custom_y":{"position":[15,5,4],"rotation":[0,-11,0],"scale":[0.5,0.5,0.5]},"geyser_custom_z":{"rotation":[0,0,130]}},"loop":true},"animation.geyser_custom.geo_0800ec5.thirdperson_main_hand":{"bones":{"geyser_custom":{"position":[0,13,-3],"rotation":[90,0,0]},"geyser_custom_x":{"rotation":[8,0,0],"scale":[0.15,0.15,0.15]},"geyser_custom_y":{"rotation":[0,0,0]},"geyser_custom_z":{"rotation":[0,0,-6]}},"loop":true}},"format_version":"1.8.0"}