{"animations":{"animation.geyser_custom.geo_4a30945.firstperson_main_hand":{"bones":{"geyser_custom":{"position":[4,10,4],"rotation":[90,60,-40],"scale":1.5},"geyser_custom_x":{"position":[-2.7826,0,-0.6956],"rotation":[0,0,0],"scale":[0.8,0.8,0.8]},"geyser_custom_y":{"rotation":[0,0,0]},"geyser_custom_z":{"rotation":[0,0,67]}},"loop":true},"animation.geyser_custom.geo_4a30945.thirdperson_main_hand":{"bones":{"geyser_custom":{"position":[0,13,-3],"rotation":[90,0,0]},"geyser_custom_x":{"rotation":[-67,0,0],"scale":[0.8,0.8,0.8]},"geyser_custom_y":{"rotation":[0,0,0]},"geyser_custom_z":{"rotation":[0,0,-90]}},"loop":true}},"format_version":"1.8.0"}