{"animations":{"animation.geyser_custom.geo_24f09e7.firstperson_main_hand":{"bones":{"geyser_custom":{"position":[4,10,4],"rotation":[90,60,-40],"scale":1.5},"geyser_custom_x":{"position":[-3.59,0,0],"rotation":[-10,0,0]},"geyser_custom_y":{"rotation":[0,-72,0]},"geyser_custom_z":{"rotation":[0,0,0]}},"loop":true},"animation.geyser_custom.geo_24f09e7.thirdperson_main_hand":{"bones":{"geyser_custom":{"position":[0,13,-3],"rotation":[90,0,0]},"geyser_custom_x":{"position":[0,-0.76,1.32],"rotation":[0,0,0],"scale":[0.6,0.6,0.6]},"geyser_custom_y":{"rotation":[0,-90,0]},"geyser_custom_z":{"rotation":[0,0,90]}},"loop":true}},"format_version":"1.8.0"}