{"animations":{"animation.geyser_custom.geo_242b463.firstperson_main_hand":{"bones":{"geyser_custom":{"position":[4,10,4],"rotation":[90,60,-40],"scale":1.5},"geyser_custom_x":{"rotation":[0.1,0.1,0.1]},"geyser_custom_y":{"scale":[0.5,0.5,0.5]}},"loop":true},"animation.geyser_custom.geo_242b463.head":{"bones":{"geyser_custom":{"position":[0,19.5,0]},"geyser_custom_x":{"scale":[6.25e-05,6.25e-05,6.25e-05]}},"loop":true},"animation.geyser_custom.geo_242b463.thirdperson_main_hand":{"bones":{"geyser_custom":{"position":[0,13,-3],"rotation":[90,0,0]},"geyser_custom_y":{"scale":[0.5,0.5,0.5]}},"loop":true}},"format_version":"1.8.0"}