{"animations":{"animation.geyser_custom.geo_99c9835.firstperson_main_hand":{"bones":{"geyser_custom":{"position":[4,10,4],"rotation":[90,60,-40],"scale":1.5},"geyser_custom_x":{"rotation":[0,0,0],"scale":[0.5,0.5,0.5]},"geyser_custom_y":{"rotation":[0,-180,0],"scale":1.5},"geyser_custom_z":{"rotation":[0,0,0]}},"loop":true},"animation.geyser_custom.geo_99c9835.thirdperson_main_hand":{"bones":{"geyser_custom":{"position":[0,13,-3],"rotation":[90,0,0]},"geyser_custom_x":{"position":[0.5,0,0.6956],"rotation":[-34,0,0],"scale":[0.5,0.5,0.5]},"geyser_custom_y":{"rotation":[0,180,0]},"geyser_custom_z":{"rotation":[0,0,0]}},"loop":true}},"format_version":"1.8.0"}