{"animations":{"animation.geyser_custom.geo_1d3e0ac.firstperson_main_hand":{"bones":{"geyser_custom":{"position":[4,10,4],"rotation":[90,60,-40],"scale":1.5},"geyser_custom_Y":{"position":[0,-1,0],"scale":[1.4,1.4,1.4]},"geyser_custom_x":{"position":[0,0.4,0],"rotation":[0.1,0.1,0.1],"scale":[0.4,0.4,0.4]}},"loop":true},"animation.geyser_custom.geo_1d3e0ac.thirdperson_main_hand":{"bones":{"geyser_custom":{"position":[0,13,-3],"rotation":[90,0,0]},"geyser_custom_x":{"position":[0.5,0.6,0.6956],"scale":[0.4,0.4,0.4]}},"loop":true}},"format_version":"1.8.0"}