{"animations":{"animation.geyser_custom.geo_c3ebb25.firstperson_main_hand":{"bones":{"geyser_custom":{"position":[4,10,4],"rotation":[90,60,-40],"scale":1.5},"geyser_custom_x":{"position":[0,1.3913,0],"rotation":[-164,0,0],"scale":[0.5,0.7,0.5]},"geyser_custom_y":{"rotation":[0,-160,0]},"geyser_custom_z":{"rotation":[0,0,0]}},"loop":true},"animation.geyser_custom.geo_c3ebb25.thirdperson_main_hand":{"bones":{"geyser_custom":{"position":[0,13,-3],"rotation":[90,0,0]},"geyser_custom_x":{"position":[0.5,3.4782,1],"rotation":[180,0,0],"scale":[0.5,0.7,0.5]},"geyser_custom_y":{"rotation":[0,0,0]},"geyser_custom_z":{"rotation":[0,0,0]}},"loop":true}},"format_version":"1.8.0"}