{"animations":{"animation.geyser_custom.geo_67df4c8.firstperson_main_hand":{"bones":{"geyser_custom":{"position":[4,10,4],"rotation":[90,60,-40],"scale":1.5},"geyser_custom_x":{"position":[0,3.02,0],"rotation":[0,0,0],"scale":[0.8,1,1]},"geyser_custom_y":{"rotation":[0,-175,0]},"geyser_custom_z":{"rotation":[0,0,-3]}},"loop":true},"animation.geyser_custom.geo_67df4c8.thirdperson_main_hand":{"bones":{"geyser_custom":{"position":[0,13,-3],"rotation":[90,0,0]},"geyser_custom_x":{"position":[0,1.51,0.76],"rotation":[0,0,0],"scale":[0.4,0.4,0.4]},"geyser_custom_y":{"rotation":[0,180,0]},"geyser_custom_z":{"rotation":[0,0,0]}},"loop":true}},"format_version":"1.8.0"}