{"animations":{"animation.player.attack.positions":{"bones":{"head":{"rotation":[0,0,0]}},"loop":true},"animation.player.attack.rotations":{"bones":{"body":{"rotation":[0,"variable.attack_body_rot_y",0]},"leftarm":{"rotation":["-(math.sin((1-math.pow((1-variable.attack_time),4))*180)*1.2+math.sin(variable.attack_time*180))*10",0,0]},"rightarm":{"rotation":["-(math.sin((1-math.pow((1-variable.attack_time),4))*180)*1.2+math.sin(variable.attack_time*180))*30","-(math.sin((1-math.pow((1-variable.attack_time),4))*180)?(-90*math.sin((1-math.pow((1-variable.attack_time),4))*180))+30:0)",0]}},"loop":true},"animation.player.base_pose.upside_down":{"bones":{"waist":{"position":[0,8,0],"rotation":[0,0,180]}},"loop":true},"animation.player.bob":{"bones":{"leftarm":{"rotation":[0,0,"-((math.cos(query.life_time*103.2)*2.865)+2.865)"]},"rightarm":{"rotation":[0,0,"(math.cos(query.life_time*103.2)*2.865)+2.865"]}},"loop":true},"animation.player.bob.stationary":{"bones":{"leftarm":{"rotation":[0,0,"-((math.cos(query.life_time*103.2)*2.865)+2.865)"]},"rightarm":{"rotation":[0,0,"(math.cos(query.life_time*103.2)*2.865)+2.865"]}},"loop":true},"animation.player.bow_equipped":{"bones":{"leftarm":{"rotation":["-90+query.target_x_rotation-query.is_sneaking*15-this","27.5+query.target_y_rotation",0]},"rightarm":{"rotation":["-90+query.target_x_rotation-query.is_sneaking*15-this","-5+query.target_y_rotation",0]},"rightitem":{"rotation":[0,-10,0]}},"loop":true},"animation.player.cape":{"bones":{"cape":{"position":[0,"query.get_root_locator_offset('armor_offset.default_neck',1)",0],"rotation":["math.lerp(0,-126,query.cape_flap_amount)-6",0,0]}},"loop":true},"animation.player.crossbow_equipped":{"bones":{"leftarm":{"position":[0,0,0.5],"rotation":["-this-65-(1-variable.item_use_normalized)*5","-this+(1-variable.item_use_normalized)*30","-this+20+(1-variable.item_use_normalized)*10"]},"rightarm":{"rotation":["-60-this","-45-this","-2.5-this"]}},"loop":true},"animation.player.crossbow_hold":{"bones":{"leftarm":{"rotation":["query.is_swimming?0:-93+query.target_x_rotation-query.is_sneaking*27-this","query.is_swimming?0:42+math.clamp(query.target_y_rotation,-45,5)-this","query.is_sneaking*-15"]},"rightarm":{"rotation":["query.is_swimming?0:-93+query.target_x_rotation-query.is_sneaking*27-this","query.is_swimming?0:math.clamp(query.target_y_rotation,-60,45)-this",0]}},"loop":true},"animation.player.glide":{"bones":{"leftarm":{"rotation":["variable.tcos0",0,0]},"leftleg":{"rotation":["variable.tcos0*-1.4",0,0]},"rightarm":{"rotation":["-variable.tcos0",0,0]},"rightleg":{"rotation":["variable.tcos0*1.4",0,0]}},"loop":true},"animation.player.gunfirstpersonaim01":{"bones":{"leftArm":{"position":[-7,-3,10],"rotation":[80,-15,180]},"rightarm":{"position":[3.95,0.5,8],"rotation":[90,0,180],"scale":[1,1,1]}},"loop":true},"animation.player.gunfirstpersonaim02":{"bones":{"leftArm":{"position":[-7,-3,10],"rotation":[80,-15,180]},"rightarm":{"position":[3.95,0,8],"rotation":[90,0,180],"scale":[1,1,1]}},"loop":true},"animation.player.gunfirstpersonaim03":{"bones":{"leftArm":{"position":[-7,-3,10],"rotation":[80,-15,180]},"rightarm":{"position":[3.95,-1,8],"rotation":[90,0,180],"scale":[1,1,1]}},"loop":true},"animation.player.gunfirstpersonaim04":{"bones":{"leftArm":{"position":[-7,-3,10],"rotation":[80,-15,180]},"rightarm":{"position":[3.95,-2,8],"rotation":[90,0,180],"scale":[1,1,1]}},"loop":true},"animation.player.gunfirstpersonaim05":{"bones":{"leftArm":{"position":[-7,-3,10],"rotation":[80,-15,180]},"rightarm":{"position":[3.95,-3,8],"rotation":[90,0,180],"scale":[1,1,1]}},"loop":true},"animation.player.gunfirstpersonaim06":{"bones":{"leftArm":{"position":[-7,-3,10],"rotation":[80,-15,180]},"rightarm":{"position":[3.95,-4,8],"rotation":[90,0,180],"scale":[1,1,1]}},"loop":true},"animation.player.gunonehandfirstperson":{"bones":{"rightarm":{"position":[13.5,-5,12],"rotation":[90,5,180]}},"loop":true},"animation.player.gunonehandthirdperson":{"bones":{"rightarm":{"rotation":["query.is_swimming?0:-93+query.target_x_rotation-this","query.is_swimming?0:math.clamp(query.target_y_rotation,-60,45)-this",0]}},"loop":true},"animation.player.gunscopefirstpersonaim":{"bones":{"leftArm":{"position":[-7,-4,-70],"rotation":[80,-15,180]},"rightarm":{"position":[3.95,0,-70],"rotation":[90,0,180],"scale":[1,1,1]}},"loop":true},"animation.player.guntwohandsfirstperson":{"bones":{"leftArm":{"position":[-2,-5,12],"rotation":[77.5,-32.5,180]},"rightArm":{"position":[13.5,-4,5],"rotation":[90,5,180]}},"loop":true},"animation.player.guntwohandsthirdperson":{"bones":{"leftarm":{"rotation":["query.is_swimming?0:-93+query.target_x_rotation-this","query.is_swimming?0:42+math.clamp(query.target_y_rotation,-45,5)-this",0]},"rightarm":{"rotation":["query.is_swimming?0:-93+query.target_x_rotation-this","query.is_swimming?0:math.clamp(query.target_y_rotation,-60,45)-this",0]}},"loop":true},"animation.player.holding":{"bones":{"leftarm":{"rotation":[0,0,0]},"rightarm":{"rotation":["variable.is_holding_right?(-this*0.5-18):0",0,0]}},"loop":true},"animation.player.holding.zombie":{"bones":{"leftarm":{"rotation":[0,0,0]},"rightarm":{"rotation":[0,0,0]}},"loop":true},"animation.player.look_at_target.inverted":{"bones":{"head":{"rotation":["-query.target_x_rotation","-query.target_y_rotation",0]}},"loop":true},"animation.player.look_at_target.ui":{"bones":{"head":{"rotation":["query.target_x_rotation","query.target_y_rotation",0]}},"loop":true},"animation.player.medicalitemfirstperson":{"bones":{"rightarm":{"position":[13.5,-4,8],"rotation":[90,5,180]}},"loop":true},"animation.player.meleeonehandfirstperson":{"bones":{"rightarm":{"position":[17,-10,12],"rotation":[60,0,185]}},"loop":true},"animation.player.meleetwohandsfirstperson":{"bones":{"leftArm":{"position":[-2,-5,12],"rotation":[77.5,-32.5,180]},"rightArm":{"position":[13.5,-4,5],"rotation":[90,5,180]}},"loop":true},"animation.player.move.arms":{"bones":{"leftarm":{"rotation":["variable.tcos0",0,0]},"rightarm":{"rotation":["-variable.tcos0",0,0]}},"loop":true},"animation.player.move.arms.single":{"bones":{"leftarm":{"rotation":["-variable.tcos0",0,0]},"rightarm":{"rotation":["-variable.tcos0",0,0]}},"loop":true},"animation.player.move.arms.stationary":{"bones":{"leftarm":{"rotation":[0,0,0]},"rightarm":{"rotation":[0,0,0]}},"loop":true},"animation.player.move.arms.statue_of_liberty":{"bones":{"leftarm":{"rotation":["variable.tcos0",0,0]},"rightarm":{"rotation":["variable.is_holding_right||math.sin((1-math.pow((1-variable.attack_time),4))*180)>0?-variable.tcos0:180",0,"variable.is_holding_right||math.sin((1-math.pow((1-variable.attack_time),4))*180)>0?0:-17.2"]}},"loop":true},"animation.player.move.arms.zombie":{"bones":{"leftarm":{"rotation":[-90,0,0]},"rightarm":{"rotation":[-90,0,0]}},"loop":true},"animation.player.move.legs":{"bones":{"leftleg":{"rotation":["variable.tcos0*-1.4",0,0]},"rightleg":{"rotation":["variable.tcos0*1.4",0,0]}},"loop":true},"animation.player.move.legs.inverted":{"bones":{"leftleg":{"position":[0,8,0],"rotation":["variable.tcos0",0,180]},"rightleg":{"position":[0,8,0],"rotation":["-variable.tcos0",0,180]}},"loop":true},"animation.player.move.legs.single":{"bones":{"leftleg":{"rotation":["variable.tcos0",0,0]},"rightleg":{"rotation":["variable.tcos0",0,0]}},"loop":true},"animation.player.move.legs.stationary":{"bones":{"leftleg":{"rotation":[0,0,0]},"rightleg":{"rotation":[0,0,0]}},"loop":true},"animation.player.riding.arms":{"bones":{"leftarm":{"rotation":[-36,0,0]},"rightarm":{"rotation":[-36,0,0]}},"loop":true},"animation.player.riding.arms.zombie":{"bones":{"leftarm":{"rotation":[45,0,0]},"rightarm":{"rotation":[45,0,0]}},"loop":true},"animation.player.riding.legs":{"bones":{"leftleg":{"rotation":["-72-this","-18-this","-this"]},"rightleg":{"rotation":["-72-this","18-this","-this"]}},"loop":true},"animation.player.shield_block_main_hand":{"bones":{"rightarm":{"rotation":[-20,-30,-25]},"rightitem":{"position":[-1,-3,0],"rotation":[0,-60,-45]}},"loop":true},"animation.player.shield_block_off_hand":{"bones":{"leftarm":{"rotation":[-20,20,20]},"leftitem":{"position":["1+query.item_is_charged*1.5","-3+query.item_is_charged",0],"rotation":["query.item_is_charged*30","70-query.item_is_charged*60","65-query.item_is_charged*15"]}},"loop":true},"animation.player.sleeping":{"bones":{"head":{"rotation":["30-this","-this","-this"]},"root":{"position":["24*math.cos(query.body_y_rotation)*math.cos(query.sleep_rotation)-24*math.sin(query.body_y_rotation)*math.sin(query.sleep_rotation)",0,"24*math.cos(query.body_y_rotation)*math.sin(query.sleep_rotation)+24*math.sin(query.body_y_rotation)*math.cos(query.sleep_rotation)"],"rotation":[-90,"270-query.sleep_rotation-query.body_y_rotation",0]}},"loop":true,"override_previous_animation":true},"animation.player.sneaking":{"bones":{"body":{"position":[0,-2,0]},"head":{"position":[0,-1,0]},"leftarm":{"rotation":[-5.7,0,0]},"leftleg":{"rotation":[-28,0,0]},"rightarm":{"rotation":[-5.7,0,0]},"rightleg":{"rotation":[-28,0,0]},"root":{"position":[0,1.25,9],"rotation":["28-this",0,0]}},"loop":true},"animation.player.sneaking.inverted":{"bones":{"body":{"position":[0,-2,0]},"head":{"position":[0,-1,0],"rotation":[-28,0,0]},"leftarm":{"rotation":[-5.7,0,0]},"leftleg":{"rotation":[28,0,0]},"rightarm":{"rotation":[-5.7,0,0]},"rightleg":{"rotation":[28,0,0]},"root":{"position":[0,1.25,-8],"rotation":["-28-this",0,0]}},"loop":true},"animation.player.swim":{"animation_length":1.3,"bones":{"leftarm":{"rotation":{"0":[0,180,180],"0.7":[0,180,287.2],"1.1":[90,180,180],"1.3":[0,180,180]}},"rightarm":{"rotation":{"0":[0,180,-180],"0.7":[0,180,-287.2],"1.1":[90,180,-180],"1.3":[0,180,-180]}},"root":{"position":[0,"(math.sin(query.target_x_rotation)*24+3)*variable.swim_amount","(math.cos(query.target_x_rotation)*24+9)*variable.swim_amount"],"rotation":["variable.swim_amount*(90+query.target_x_rotation)",0,0]}},"loop":true,"override_previous_animation":true},"animation.player.swim.legs":{"bones":{"leftleg":{"rotation":["math.lerp(0,math.cos(query.life_time*390+180)*17.2,variable.swim_amount)",0,0]},"rightleg":{"rotation":["math.lerp(0,math.cos(query.life_time*390)*17.2,variable.swim_amount)",0,0]}},"loop":true,"override_previous_animation":true},"animation.player.swim.legs.single":{"bones":{"leftleg":{"rotation":["math.lerp(0,math.cos(query.life_time*390)*17.2,variable.swim_amount)",0,0]},"rightleg":{"rotation":["math.lerp(0,math.cos(query.life_time*390)*17.2,variable.swim_amount)",0,0]}},"loop":true,"override_previous_animation":true},"animation.player.swim.legs.stationary":{"bones":{"leftleg":{"rotation":[0,0,0]},"rightleg":{"rotation":[0,0,0]}},"loop":true}},"format_version":"1.8.0"}