{
  "animations": {
    "animation.ng.npc.bedwars.play": {
      "animation_length": 5.04,
      "bones": {
        "Body": {
          "rotation": {
            "0.0": [
              12.5,
              0,
              7.5
            ],
            "0.16": [
              25.75,
              0,
              -6.11
            ],
            "0.28": [
              40,
              0,
              2.5
            ],
            "0.52": [
              40,
              0,
              7.5
            ],
            "0.64": [
              40,
              0,
              0.83
            ],
            "0.72": [
              40,
              0,
              7.5
            ],
            "0.8": [
              40,
              0,
              0.83
            ],
            "0.88": [
              40,
              0,
              2.5
            ],
            "1.24": [
              -10,
              0,
              2.5
            ],
            "1.44": [
              -5,
              0,
              2.5
            ],
            "1.84": [
              27.5,
              0,
              2.5
            ],
            "2.0": [
              22.5,
              0,
              2.5
            ],
            "2.2": [
              17.5,
              0,
              2.5
            ],
            "2.28": [
              20,
              0,
              2.5
            ],
            "2.36": [
              25,
              0,
              2.5
            ],
            "2.64": [
              25,
              0,
              2.5
            ],
            "2.88": [
              -7.5,
              0,
              2.5
            ],
            "2.92": [
              -2.5,
              0,
              2.5
            ],
            "3.28": [
              7.5,
              0,
              2.5
            ],
            "4.24": [
              12.5,
              0,
              7.5
            ]
          }
        },
        "Body2": {
          "rotation": {
            "0.0": [
              -2.5,
              0,
              0
            ],
            "0.36": [
              62.5,
              0,
              0
            ],
            "0.76": [
              25,
              0,
              0
            ],
            "0.92": [
              25,
              0,
              0
            ],
            "1.24": [
              -5,
              0,
              0
            ],
            "1.44": [
              -5,
              0,
              0
            ],
            "1.52": [
              -2.5,
              0,
              0
            ],
            "1.92": [
              27.5,
              17.5,
              0
            ],
            "2.16": [
              22.5,
              17.5,
              0
            ],
            "2.28": [
              27.5,
              17.5,
              0
            ],
            "2.36": [
              25,
              17.5,
              0
            ],
            "2.56": [
              25,
              -30,
              0
            ],
            "2.72": [
              25,
              12.5,
              0
            ],
            "3.32": [
              10,
              12.5,
              0
            ],
            "4.24": [
              -2.5,
              0,
              0
            ]
          }
        },
        "Head": {
          "rotation": {
            "0.0": [
              -12.5,
              0,
              0
            ],
            "0.64": [
              -12.5,
              0,
              0
            ],
            "0.72": [
              -37.5,
              15,
              -15
            ],
            "0.84": [
              -37.5,
              15,
              -15
            ],
            "0.92": [
              -27.5,
              60,
              -30
            ],
            "1.08": [
              -18.33,
              0,
              -5
            ],
            "1.12": [
              -21.25,
              0,
              0
            ],
            "1.16": [
              -12.5,
              0,
              7.5
            ],
            "1.24": [
              5,
              0,
              0
            ],
            "1.44": [
              0,
              0,
              0
            ],
            "1.84": [
              -25,
              0,
              0
            ],
            "2.72": [
              2.5,
              0,
              0
            ],
            "3.28": [
              -7.5,
              0,
              0
            ],
            "4.24": [
              -12.5,
              0,
              0
            ]
          }
        },
        "Head2": {
          "rotation": {
            "0.0": [
              15,
              0,
              0
            ],
            "0.72": [
              -45,
              7.5,
              0
            ],
            "0.84": [
              -7.5,
              7.5,
              0
            ],
            "1.16": [
              -30,
              7.5,
              0
            ],
            "1.2": [
              -7.5,
              7.5,
              0
            ],
            "1.28": [
              12.5,
              7.5,
              0
            ],
            "1.4": [
              5,
              0,
              0
            ],
            "1.6": [
              12.5,
              10,
              0
            ],
            "2.0": [
              -15,
              10,
              0
            ],
            "2.48": [
              -15,
              10,
              0
            ],
            "2.64": [
              -17.5,
              -35,
              0
            ],
            "2.8": [
              -15,
              27.5,
              0
            ],
            "3.16": [
              -7.5,
              0,
              0
            ],
            "3.32": [
              0,
              0,
              0
            ],
            "4.32": [
              15,
              0,
              0
            ]
          }
        },
        "LeftArm": {
          "rotation": {
            "0.0": [
              -52.5,
              0,
              -22.5
            ],
            "0.16": [
              32.5,
              -2.5,
              -12.5
            ],
            "0.28": [
              -52.5,
              -40,
              -22.5
            ],
            "0.32": [
              -52.5,
              -40,
              -15
            ],
            "0.48": [
              -52.5,
              -40,
              -29.17
            ],
            "0.64": [
              -52.5,
              -40,
              -15
            ],
            "0.72": [
              -52.5,
              -40,
              -29.17
            ],
            "0.76": [
              -52.5,
              -40,
              -22.5
            ],
            "0.88": [
              -150,
              -40,
              -10
            ],
            "1.24": [
              -150,
              -55,
              22.5
            ],
            "1.44": [
              -150,
              -55,
              27.5
            ],
            "1.72": [
              -150,
              -55,
              27.5
            ],
            "1.92": [
              -135,
              -22.5,
              30
            ],
            "2.44": [
              -135,
              -22.5,
              30
            ],
            "2.72": [
              -135,
              -85,
              77.5
            ],
            "2.92": [
              -135,
              -85,
              77.5
            ],
            "3.32": [
              2.5,
              0,
              -12.5
            ],
            "4.24": [
              -52.5,
              0,
              -22.5
            ]
          }
        },
        "LeftArm2": {
          "rotation": {
            "0.0": [
              10,
              0,
              -150
            ],
            "0.2": [
              42.5,
              0,
              0
            ],
            "0.44": [
              -30,
              -40,
              0
            ],
            "0.92": [
              -14.53,
              -25,
              -23.75
            ],
            "1.4": [
              50,
              -5,
              -22.5
            ],
            "1.76": [
              -3.23,
              -43.96,
              -3.58
            ],
            "1.88": [
              -57.62,
              -36.22,
              -2.34
            ],
            "2.2": [
              -57.62,
              -36.22,
              -2.34
            ],
            "2.48": [
              71.72,
              -41.8,
              -91.19
            ],
            "2.68": [
              -85,
              -10,
              -85
            ],
            "2.96": [
              -10,
              -10,
              -5
            ],
            "3.12": [
              7.5,
              -10,
              -22.5
            ],
            "3.44": [
              -24.2,
              -6.8,
              -63.3
            ],
            "3.72": [
              -2.62,
              -4,
              -99
            ],
            "4.12": [
              10,
              0,
              -150
            ]
          }
        },
        "LeftLeg": {
          "rotation": {
            "0.0": [
              20,
              0,
              -10
            ],
            "0.16": [
              -18.43,
              0,
              -6.39
            ],
            "0.28": [
              12.5,
              0,
              -22.5
            ],
            "0.36": [
              5,
              0,
              -15
            ],
            "0.84": [
              5,
              0,
              -15
            ],
            "0.96": [
              -15,
              0,
              -15
            ],
            "1.24": [
              10,
              0,
              -15
            ],
            "1.44": [
              10,
              0,
              -15
            ],
            "1.56": [
              27.5,
              0,
              -15
            ],
            "1.84": [
              2.5,
              0,
              -15
            ],
            "2.56": [
              2.5,
              0,
              -15
            ],
            "2.68": [
              22.5,
              0,
              -15
            ],
            "2.92": [
              -15,
              0,
              -15
            ],
            "3.28": [
              2.5,
              0,
              -7.5
            ],
            "4.24": [
              20,
              0,
              -10
            ]
          }
        },
        "LeftLeg2": {
          "rotation": {
            "0.0": [
              27.5,
              0,
              -25
            ],
            "0.36": [
              -10,
              0,
              -10
            ],
            "0.68": [
              37.5,
              0,
              -10
            ],
            "0.76": [
              20,
              0,
              -25
            ],
            "0.96": [
              20,
              0,
              -25
            ],
            "1.16": [
              0,
              0,
              -25
            ],
            "1.28": [
              10,
              0,
              -25
            ],
            "1.48": [
              10,
              0,
              -25
            ],
            "1.6": [
              -7.5,
              0,
              -25
            ],
            "1.72": [
              15,
              0,
              -25
            ],
            "1.96": [
              -12.5,
              0,
              -20
            ],
            "2.2": [
              0.34,
              0,
              -23.64
            ],
            "2.64": [
              2.5,
              0,
              -30
            ],
            "3.2": [
              29.35,
              0,
              -24.17
            ],
            "3.64": [
              -12.01,
              0,
              -24.1
            ],
            "4.24": [
              27.5,
              0,
              -25
            ]
          }
        },
        "RightArm": {
          "rotation": {
            "0.0": [
              50,
              0,
              17.5
            ],
            "0.12": [
              -66.72,
              0,
              17.5
            ],
            "0.24": [
              -62.5,
              0,
              17.5
            ],
            "0.32": [
              -52.5,
              0,
              17.5
            ],
            "0.52": [
              -130,
              30,
              -5
            ],
            "0.64": [
              -52.5,
              0,
              17.5
            ],
            "0.76": [
              -112.5,
              30,
              -5
            ],
            "0.96": [
              -110,
              30,
              -5
            ],
            "1.24": [
              -110,
              110,
              -5
            ],
            "1.44": [
              -110,
              102.5,
              -5
            ],
            "1.68": [
              -110,
              102.5,
              -5
            ],
            "1.96": [
              -87.5,
              17.5,
              -12.5
            ],
            "2.32": [
              -87.5,
              27.5,
              -12.5
            ],
            "2.4": [
              -132.5,
              32.5,
              -12.5
            ],
            "2.72": [
              -87.5,
              105,
              -32.5
            ],
            "2.92": [
              -87.5,
              105,
              -32.5
            ],
            "3.28": [
              7.5,
              0,
              20
            ],
            "4.24": [
              50,
              0,
              17.5
            ]
          }
        },
        "RightArm2": {
          "rotation": {
            "0.0": [
              -27.5,
              0,
              72.5
            ],
            "0.16": [
              32.5,
              0,
              27.5
            ],
            "0.64": [
              -90,
              20,
              27.5
            ],
            "0.76": [
              -90,
              20,
              27.5
            ],
            "0.96": [
              -90,
              102.5,
              35
            ],
            "1.24": [
              -90,
              102.5,
              35
            ],
            "1.32": [
              -80,
              97.5,
              35
            ],
            "1.68": [
              -72.5,
              55,
              35
            ],
            "2.24": [
              -72.5,
              55,
              35
            ],
            "2.4": [
              -72.5,
              115,
              -2.5
            ],
            "2.64": [
              2.5,
              -10,
              2.5
            ],
            "2.92": [
              -5,
              -10,
              5
            ],
            "3.36": [
              32.6,
              -5.6,
              34.7
            ],
            "3.64": [
              17.55,
              -2.8,
              53.6
            ],
            "3.92": [
              -27.5,
              0,
              72.5
            ]
          }
        },
        "RightLeg": {
          "rotation": {
            "0.0": [
              -17.5,
              0,
              10
            ],
            "0.16": [
              30.84,
              0,
              7.59
            ],
            "0.28": [
              -25,
              0,
              10
            ],
            "0.36": [
              -5,
              0,
              10
            ],
            "0.84": [
              -5,
              0,
              10
            ],
            "0.96": [
              15,
              0,
              10
            ],
            "1.24": [
              -5,
              0,
              10
            ],
            "1.44": [
              -5,
              0,
              10
            ],
            "1.56": [
              -30,
              0,
              10
            ],
            "1.84": [
              12.5,
              0,
              20
            ],
            "2.56": [
              12.5,
              0,
              20
            ],
            "2.68": [
              -12.5,
              0,
              20
            ],
            "2.96": [
              7.5,
              0,
              20
            ],
            "3.28": [
              -10,
              0,
              20
            ],
            "4.24": [
              -17.5,
              0,
              10
            ]
          }
        },
        "RightLeg2": {
          "rotation": {
            "0.0": [
              27.5,
              0,
              20
            ],
            "0.12": [
              42.5,
              0,
              10
            ],
            "0.56": [
              17.5,
              0,
              10
            ],
            "0.76": [
              17.5,
              0,
              10
            ],
            "0.88": [
              32.5,
              0,
              10
            ],
            "1.08": [
              12.5,
              0,
              15
            ],
            "1.28": [
              12.5,
              0,
              15
            ],
            "1.4": [
              35,
              0,
              15
            ],
            "1.52": [
              0,
              0,
              15
            ],
            "1.76": [
              30,
              20,
              5
            ],
            "2.16": [
              30,
              20,
              5
            ],
            "2.64": [
              37.14,
              17.13,
              7.16
            ],
            "3.2": [
              -3.47,
              10.48,
              4.64
            ],
            "3.64": [
              35.52,
              4.53,
              12.63
            ],
            "4.04": [
              27.5,
              0,
              20
            ]
          }
        },
        "blueWool": {
          "position": {
            "0.0": [
              -1,
              -0.1,
              -1.2
            ],
            "4.24": [
              -1,
              -0.1,
              -1.2
            ]
          },
          "rotation": {
            "0.0": [
              -10,
              -40,
              5
            ],
            "4.24": [
              -10,
              -40,
              5
            ]
          },
          "scale": {
            "0.0": [
              0.3,
              0.3,
              0.3
            ],
            "4.24": [
              0.3,
              0.3,
              0.3
            ]
          }
        },
        "boy": {
          "position": {
            "0.0": [
              9,
              12,
              -1
            ],
            "0.44": [
              6,
              0,
              -1
            ],
            "0.76": [
              -4,
              0,
              -1
            ],
            "1.04": [
              -4,
              0,
              -1
            ],
            "1.24": [
              3,
              0,
              -1
            ],
            "1.6": [
              3,
              0,
              -1
            ],
            "2.0": [
              -4,
              0,
              -1
            ],
            "2.24": {
              "lerp_mode": "catmullrom",
              "post": [
                -4,
                0,
                -1
              ],
              "pre": [
                -4,
                0,
                -1
              ]
            },
            "2.48": {
              "lerp_mode": "catmullrom",
              "post": [
                -2,
                0,
                -1
              ]
            },
            "3.08": {
              "lerp_mode": "catmullrom",
              "post": [
                -2,
                0,
                -1
              ]
            },
            "3.36": {
              "lerp_mode": "catmullrom",
              "post": [
                10,
                0,
                -1
              ]
            },
            "3.68": {
              "lerp_mode": "catmullrom",
              "post": [
                19,
                0,
                -1
              ]
            },
            "4.32": [
              9,
              12,
              -1
            ]
          },
          "rotation": {
            "0.0": [
              0,
              72.5,
              -10
            ],
            "0.44": [
              0,
              72.5,
              12.5
            ],
            "3.68": [
              0,
              72.5,
              12.5
            ],
            "4.32": [
              0,
              72.5,
              -10
            ]
          },
          "scale": {
            "3.28": [
              1,
              1,
              1
            ],
            "3.68": [
              1,
              0.9,
              1
            ],
            "4.0": [
              1,
              1,
              1
            ]
          }
        },
        "breaking1": {
          "position": {
            "0.32": [
              0,
              0,
              0
            ],
            "0.36": [
              0,
              -0.6,
              -0.1
            ],
            "0.4": [
              0,
              0,
              0
            ]
          },
          "scale": {
            "0.32": [
              1,
              1,
              1
            ],
            "0.36": [
              1.03,
              1.03,
              1.03
            ],
            "0.4": [
              1,
              1,
              1
            ]
          }
        },
        "breaking10": {
          "position": {
            "0.68": [
              0,
              0,
              0
            ],
            "0.72": [
              0,
              -0.6,
              -0.1
            ],
            "0.76": [
              0,
              0,
              0
            ]
          },
          "scale": {
            "0.68": [
              1,
              1,
              1
            ],
            "0.72": [
              1.03,
              1.03,
              1.03
            ],
            "0.76": [
              1,
              1,
              1
            ]
          }
        },
        "breaking2": {
          "position": {
            "0.36": [
              0,
              0,
              0
            ],
            "0.4": [
              0,
              -0.6,
              -0.1
            ],
            "0.44": [
              0,
              0,
              0
            ]
          },
          "scale": {
            "0.36": [
              1,
              1,
              1
            ],
            "0.4": [
              1.03,
              1.03,
              1.03
            ],
            "0.44": [
              1,
              1,
              1
            ]
          }
        },
        "breaking3": {
          "position": {
            "0.4": [
              0,
              0,
              0
            ],
            "0.44": [
              0,
              -0.6,
              -0.1
            ],
            "0.48": [
              0,
              0,
              0
            ]
          },
          "scale": {
            "0.4": [
              1,
              1,
              1
            ],
            "0.44": [
              1.03,
              1.03,
              1.03
            ],
            "0.48": [
              1,
              1,
              1
            ]
          }
        },
        "breaking4": {
          "position": {
            "0.44": [
              0,
              0,
              0
            ],
            "0.48": [
              0,
              -0.6,
              -0.1
            ],
            "0.52": [
              0,
              0,
              0
            ]
          },
          "scale": {
            "0.44": [
              1,
              1,
              1
            ],
            "0.48": [
              1.03,
              1.03,
              1.03
            ],
            "0.52": [
              1,
              1,
              1
            ]
          }
        },
        "breaking5": {
          "position": {
            "0.48": [
              0,
              0,
              0
            ],
            "0.52": [
              0,
              -0.6,
              -0.1
            ],
            "0.56": [
              0,
              0,
              0
            ]
          },
          "scale": {
            "0.48": [
              1,
              1,
              1
            ],
            "0.52": [
              1.03,
              1.03,
              1.03
            ],
            "0.56": [
              1,
              1,
              1
            ]
          }
        },
        "breaking6": {
          "position": {
            "0.52": [
              0,
              0,
              0
            ],
            "0.56": [
              0,
              -0.6,
              -0.1
            ],
            "0.6": [
              0,
              0,
              0
            ]
          },
          "scale": {
            "0.52": [
              1,
              1,
              1
            ],
            "0.56": [
              1.03,
              1.03,
              1.03
            ],
            "0.6": [
              1,
              1,
              1
            ]
          }
        },
        "breaking7": {
          "position": {
            "0.56": [
              0,
              0,
              0
            ],
            "0.6": [
              0,
              -0.6,
              -0.1
            ],
            "0.64": [
              0,
              0,
              0
            ]
          },
          "scale": {
            "0.56": [
              1,
              1,
              1
            ],
            "0.6": [
              1.03,
              1.03,
              1.03
            ],
            "0.64": [
              1,
              1,
              1
            ]
          }
        },
        "breaking8": {
          "position": {
            "0.6": [
              0,
              0,
              0
            ],
            "0.64": [
              0,
              -0.6,
              -0.1
            ],
            "0.68": [
              0,
              0,
              0
            ]
          },
          "scale": {
            "0.6": [
              1,
              1,
              1
            ],
            "0.64": [
              1.03,
              1.03,
              1.03
            ],
            "0.68": [
              1,
              1,
              1
            ]
          }
        },
        "breaking9": {
          "position": {
            "0.64": [
              0,
              0,
              0
            ],
            "0.68": [
              0,
              -0.6,
              -0.1
            ],
            "0.72": [
              0,
              0,
              0
            ]
          },
          "scale": {
            "0.64": [
              1,
              1,
              1
            ],
            "0.68": [
              1.03,
              1.03,
              1.03
            ],
            "0.72": [
              1,
              1,
              1
            ]
          }
        },
        "girl": {
          "position": {
            "0.0": [
              -13,
              0,
              0
            ],
            "0.28": [
              -3,
              0,
              5
            ],
            "0.84": [
              -3,
              0,
              5
            ],
            "1.16": [
              -11,
              0,
              5
            ],
            "1.44": [
              -11,
              0,
              5
            ],
            "1.84": [
              1,
              0,
              1
            ],
            "2.56": {
              "lerp_mode": "catmullrom",
              "post": [
                1,
                0,
                1
              ],
              "pre": [
                1,
                0,
                1
              ]
            },
            "2.92": {
              "lerp_mode": "catmullrom",
              "post": [
                -10,
                0,
                1
              ]
            },
            "3.28": {
              "lerp_mode": "catmullrom",
              "post": [
                -10,
                0,
                1
              ]
            },
            "3.52": {
              "lerp_mode": "catmullrom",
              "post": [
                -12.96,
                0,
                0.35
              ]
            },
            "4.24": [
              -13,
              0,
              0
            ]
          },
          "rotation": {
            "0.0": [
              0,
              -80,
              0
            ],
            "0.84": [
              0,
              -65,
              0
            ],
            "1.16": [
              0,
              -80,
              0
            ],
            "1.44": [
              0,
              -80,
              0
            ],
            "4.24": [
              0,
              -80,
              0
            ]
          }
        },
        "redWool": {
          "position": {
            "0.0": [
              -1,
              -1.1,
              -1.2
            ],
            "4.24": [
              -1,
              -1.1,
              -1.2
            ]
          },
          "rotation": {
            "0.0": [
              -10,
              -40,
              5
            ],
            "4.24": [
              -10,
              -40,
              5
            ]
          },
          "scale": {
            "0.0": [
              0.3,
              0.3,
              0.3
            ],
            "4.24": [
              0.3,
              0.3,
              0.3
            ]
          }
        }
      },
      "loop": true
    }
  },
  "format_version": "1.8.0"
}