{
  "animations": {
    "animation.ng.npc.coming_soon.play": {
      "bones": {
        "bone": {
          "position": [
            0,
            "21+ Math.sin(query.life_time * 50  ) *10",
            0
          ],
          "rotation": [
            "-Math.sin(query.life_time * 5 ) *500",
            "Math.sin(query.life_time * 5 ) *500",
            "-Math.sin(query.life_time * 5 ) *500"
          ]
        },
        "bone3": {
          "position": [
            0,
            0,
            -9
          ],
          "rotation": [
            "Math.sin(query.life_time * 30   ) * 120 ",
            "Math.sin(query.life_time * 30   ) * 120 ",
            "Math.sin(query.life_time * 30   ) * 120  "
          ]
        },
        "bone4": {
          "position": [
            0,
            9,
            0
          ],
          "rotation": [
            "Math.sin(query.life_time * 30   ) * 120 ",
            "Math.sin(query.life_time * 30   ) * 120 ",
            "Math.sin(query.life_time * 30   ) * 120  "
          ]
        },
        "bone5": {
          "position": [
            0,
            0,
            8
          ],
          "rotation": [
            "Math.sin(query.life_time * 30   ) * 120 ",
            "Math.sin(query.life_time * 30   ) * 120 ",
            "Math.sin(query.life_time * 30   ) * 120  "
          ]
        },
        "bone6": {
          "position": [
            -8,
            0,
            0
          ],
          "rotation": [
            "Math.sin(query.life_time * 30   ) * 120 ",
            "Math.sin(query.life_time * 30   ) * 120 ",
            "Math.sin(query.life_time * 30   ) * 120  "
          ]
        },
        "bone7": {
          "position": [
            8,
            0,
            0
          ],
          "rotation": [
            "Math.sin(query.life_time * 30   ) * 120 ",
            "Math.sin(query.life_time * 30   ) * 120 ",
            "Math.sin(query.life_time * 30   ) * 120  "
          ]
        },
        "bone8": {
          "position": [
            0,
            -5,
            0
          ],
          "rotation": [
            "Math.sin(query.life_time * 30   ) * 120 ",
            "Math.sin(query.life_time * 30   ) * 120 ",
            "Math.sin(query.life_time * 30   ) * 120  "
          ]
        }
      },
      "loop": true
    }
  },
  "format_version": "1.8.0"
}