{
  "animations": {
    "animation.ng.npc.duels.play": {
      "animation_length": 3.32,
      "bones": {
        "Body2": {
          "rotation": {
            "0.0": [
              12.41643,
              -2.11089,
              4.53359
            ],
            "0.28": [
              13.01369,
              17.40845,
              8.95374
            ],
            "0.88": [
              25.22642,
              -59.72465,
              -17.14179
            ],
            "1.48": [
              16.10009,
              39.21146,
              15.33931
            ],
            "1.64": [
              28.60009,
              39.21146,
              15.33931
            ],
            "1.8": [
              13.43976,
              21.18562,
              5.22631
            ],
            "2.2": [
              -19.06024,
              21.18562,
              5.22631
            ],
            "2.48": [
              -34.06024,
              21.18562,
              5.22631
            ],
            "2.6": [
              -44.06024,
              21.18562,
              5.22631
            ],
            "2.96": [
              50.93976,
              21.18562,
              5.22631
            ],
            "3.32": [
              12.41643,
              -2.11089,
              4.53359
            ]
          }
        },
        "Body3": {
          "rotation": {
            "0.08": [
              0,
              0,
              0
            ],
            "0.28": [
              -14.6773,
              19.53186,
              7.34903
            ],
            "0.76": [
              -7.5,
              15,
              0
            ],
            "0.96": [
              -42.5,
              15,
              0
            ],
            "1.16": [
              -12.5,
              15,
              0
            ],
            "1.56": [
              -9.61873,
              5.22871,
              2.16294
            ],
            "1.8": [
              17.88127,
              5.22871,
              2.16294
            ],
            "2.04": [
              -19.94683,
              -8.64432,
              -3.55795
            ],
            "2.2": [
              25.38127,
              5.22871,
              2.16294
            ],
            "2.76": [
              0,
              0,
              0
            ]
          }
        },
        "Head2": {
          "rotation": {
            "0.0": [
              -21.80633,
              -5.68422,
              -13.9042
            ],
            "0.28": [
              -9.66449,
              -12.85798,
              -11.68569
            ],
            "0.88": [
              -11.09359,
              -49.22736,
              11.70488
            ],
            "1.56": [
              -10.24451,
              -28.12871,
              -9.92735
            ],
            "1.8": [
              -9.12259,
              -8.40711,
              -13.45262
            ],
            "2.2": [
              25.58065,
              0.60579,
              -9.10586
            ],
            "2.48": [
              -26.91935,
              0.60579,
              -9.10586
            ],
            "2.96": [
              25.58065,
              0.60579,
              -9.10586
            ],
            "3.32": [
              -21.80633,
              -5.68422,
              -13.9042
            ]
          }
        },
        "Head3": {
          "rotation": {
            "0.0": [
              -4.03999,
              4.19785,
              6.32818
            ],
            "0.28": [
              5.94451,
              -0.77523,
              5.80962
            ],
            "0.8": [
              5.94,
              -0.78,
              5.81
            ],
            "1.08": [
              35.94,
              -0.78,
              5.81
            ],
            "1.4": [
              10.94,
              -0.78,
              5.81
            ],
            "1.64": [
              10.74858,
              -2.193,
              13.17836
            ],
            "1.8": [
              -18.61837,
              -5.44538,
              3.69965
            ],
            "2.04": [
              15.87952,
              5.48496,
              -2.37403
            ],
            "2.2": [
              -36.11837,
              -5.44538,
              3.69965
            ],
            "2.56": [
              -0.52897,
              0.73146,
              2.88931
            ],
            "2.76": [
              -4.03999,
              4.19785,
              6.32818
            ],
            "2.92": [
              15.96001,
              4.19785,
              6.32818
            ],
            "3.12": [
              0.96001,
              4.19785,
              6.32818
            ],
            "3.32": [
              -4.03999,
              4.19785,
              6.32818
            ]
          }
        },
        "LeftArm2": {
          "rotation": {
            "0.0": [
              -137.5,
              0,
              0
            ],
            "0.28": [
              -64.09778,
              -7.38753,
              -2.891
            ],
            "0.44": [
              -43.89565,
              -5.02457,
              -28.39413
            ],
            "0.88": [
              58.5352,
              1.47355,
              -98.52775
            ],
            "1.32": [
              58.5352,
              1.47355,
              -98.52775
            ],
            "1.6": [
              -108.9648,
              1.47355,
              -98.52775
            ],
            "1.8": [
              -78.70546,
              -13.33865,
              -100.9008
            ],
            "2.2": [
              -90.48253,
              13.44335,
              -93.34251
            ],
            "2.48": [
              -178.80967,
              -13.25931,
              50.73097
            ],
            "2.6": [
              -188.80967,
              -13.25931,
              50.73097
            ],
            "2.96": [
              34.47654,
              -6.30037,
              -21.58187
            ],
            "3.32": [
              -137.5,
              0,
              0
            ]
          }
        },
        "LeftArm3": {
          "rotation": {
            "0.0": [
              24.47761,
              5.24826,
              -26.36081
            ],
            "0.28": [
              -71.05767,
              37.12726,
              -58.97598
            ],
            "0.48": [
              -49.6664,
              14.41908,
              -80.43177
            ],
            "0.8": [
              -53.10576,
              16.28458,
              -76.60014
            ],
            "1.04": [
              89.34921,
              -74.38812,
              -189.95752
            ],
            "1.32": [
              3.51311,
              2.27404,
              -22.49954
            ],
            "1.56": [
              21.01311,
              2.27404,
              -22.49954
            ],
            "1.8": [
              -62.56196,
              -8.38797,
              -2.62858
            ],
            "1.96": [
              -75.16725,
              -8.81376,
              -1.33629
            ],
            "2.04": [
              -120.78441,
              -0.96639,
              1.4333
            ],
            "2.2": [
              -69.51874,
              14.72836,
              6.97248
            ],
            "2.6": [
              24.47761,
              5.24826,
              -26.36081
            ],
            "3.32": [
              24.47761,
              5.24826,
              -26.36081
            ]
          }
        },
        "LeftLeg2": {
          "rotation": {
            "0.0": [
              -17.5,
              0,
              -17.5
            ],
            "0.28": [
              13.06161,
              4.46375,
              -3.16499
            ],
            "0.56": [
              -32.07999,
              -11.82628,
              -19.96282
            ],
            "0.88": [
              27.33815,
              7.95403,
              -9.84364
            ],
            "1.28": [
              -45.16185,
              7.95403,
              -9.84364
            ],
            "1.56": [
              17.33815,
              7.95403,
              -9.84364
            ],
            "1.8": [
              -3.3483,
              7.69174,
              -14.8837
            ],
            "2.64": [
              -3.3483,
              7.69174,
              -14.8837
            ],
            "2.96": [
              9.1517,
              7.69174,
              -14.8837
            ],
            "3.32": [
              -17.5,
              0,
              -17.5
            ]
          }
        },
        "LeftLeg3": {
          "rotation": {
            "0.0": [
              -5,
              0,
              -10
            ],
            "0.28": [
              -12.5,
              0,
              -10
            ],
            "0.48": [
              -2.5,
              0,
              -10
            ],
            "0.84": [
              -2.5,
              0,
              -10
            ],
            "1.04": [
              -15,
              0,
              -10
            ],
            "1.2": [
              5,
              0,
              -10
            ],
            "1.4": [
              -7.5,
              0,
              -10
            ],
            "1.76": [
              22.5,
              0,
              -10
            ],
            "1.96": [
              -5,
              0,
              -10
            ],
            "2.16": [
              15,
              0,
              -10
            ],
            "2.76": [
              -5,
              0,
              -10
            ],
            "3.32": [
              -5,
              0,
              -10
            ]
          }
        },
        "RightArm2": {
          "rotation": {
            "0.0": [
              37.5,
              0,
              35
            ],
            "0.28": [
              19.14314,
              -5.90316,
              51.50371
            ],
            "0.88": [
              53.17368,
              12.77503,
              36.16812
            ],
            "1.32": [
              -9.99146,
              -0.92655,
              76.66916
            ],
            "1.68": [
              43.86327,
              26.96889,
              50.63087
            ],
            "2.36": [
              -179.25652,
              12.1932,
              -35.41751
            ],
            "2.6": [
              -186.75652,
              12.1932,
              -35.41751
            ],
            "2.96": [
              34.98337,
              -8.39976,
              13.17023
            ],
            "3.32": [
              37.5,
              0,
              35
            ]
          }
        },
        "RightArm3": {
          "rotation": {
            "0.0": [
              -70.97091,
              -48.4076,
              -14.46375
            ],
            "0.28": [
              -9.27953,
              27.95991,
              35.35728
            ],
            "0.8": [
              -34.22537,
              19.50645,
              4.50432
            ],
            "1.08": [
              -231.07441,
              87.41108,
              -136.02241
            ],
            "1.4": [
              -1.05837,
              7.36548,
              19.93799
            ],
            "1.64": [
              6.44163,
              7.36548,
              19.93799
            ],
            "1.96": [
              1.44163,
              7.36548,
              19.93799
            ],
            "2.2": [
              -31.98766,
              -4.66346,
              21.92048
            ],
            "2.6": [
              -70.97091,
              -48.4076,
              -14.46375
            ],
            "2.68": [
              -83.47091,
              -48.4076,
              -14.46375
            ],
            "2.76": [
              -68.47091,
              -48.4076,
              -14.46375
            ],
            "2.84": [
              -80.97091,
              -48.4076,
              -14.46375
            ],
            "2.92": [
              -73.47091,
              -48.4076,
              -14.46375
            ],
            "3.0": [
              -83.47091,
              -48.4076,
              -14.46375
            ],
            "3.08": [
              -68.47091,
              -48.4076,
              -14.46375
            ],
            "3.16": [
              -80.97091,
              -48.4076,
              -14.46375
            ],
            "3.24": [
              -73.47091,
              -48.4076,
              -14.46375
            ],
            "3.32": [
              -70.97091,
              -48.4076,
              -14.46375
            ]
          }
        },
        "RightLeg2": {
          "rotation": {
            "0.0": [
              7.32417,
              -1.61888,
              12.39638
            ],
            "0.28": [
              -15.11267,
              -1.29876,
              9.91615
            ],
            "0.56": [
              10.58171,
              5.36029,
              18.60767
            ],
            "0.88": [
              -12.00831,
              -7.36993,
              1.94341
            ],
            "1.28": [
              12.88252,
              -0.05978,
              3.62491
            ],
            "1.56": [
              -16.37613,
              26.47947,
              -3.85545
            ],
            "1.76": [
              5.73752,
              24.1493,
              6.90643
            ],
            "2.48": [
              -78.17284,
              33.95744,
              9.14179
            ],
            "2.6": [
              -85.67284,
              33.95744,
              9.14179
            ],
            "2.96": [
              -13.17284,
              33.95744,
              9.14179
            ],
            "3.32": [
              7.32417,
              -1.61888,
              12.39638
            ]
          }
        },
        "RightLeg3": {
          "rotation": {
            "0.0": [
              7.4299,
              -1.70818,
              4.69986
            ],
            "0.28": [
              22.4299,
              -1.70818,
              4.69986
            ],
            "0.48": [
              12.4299,
              -1.70818,
              4.69986
            ],
            "0.84": [
              12.4299,
              -1.70818,
              4.69986
            ],
            "1.04": [
              24.9299,
              -1.70818,
              4.69986
            ],
            "1.2": [
              -20.0701,
              -1.70818,
              4.69986
            ],
            "1.4": [
              12.4299,
              -1.70818,
              4.69986
            ],
            "1.76": [
              -22.5701,
              -1.70818,
              4.69986
            ],
            "1.96": [
              12.4299,
              -1.70818,
              4.69986
            ],
            "2.16": [
              -5.0701,
              -1.70818,
              4.69986
            ],
            "2.76": [
              7.4299,
              -1.70818,
              4.69986
            ]
          }
        },
        "human2": {
          "position": {
            "0.0": [
              0,
              0,
              0
            ],
            "0.32": [
              -1,
              0,
              0
            ],
            "1.92": [
              -2,
              0,
              0
            ],
            "2.0": [
              -0.86,
              1,
              0
            ],
            "2.08": [
              0.28,
              -0.4,
              0
            ],
            "2.12": [
              0.85,
              0.73,
              0
            ],
            "2.2": [
              2,
              0,
              0
            ],
            "2.28": [
              4.57,
              1,
              0
            ],
            "2.36": [
              7.14,
              -0.4,
              0
            ],
            "2.48": [
              11,
              0,
              0
            ],
            "3.32": [
              0,
              0,
              0
            ]
          },
          "rotation": {
            "0.32": [
              0,
              0,
              0
            ],
            "1.04": [
              0,
              -270,
              0
            ],
            "1.56": [
              0,
              -15,
              0
            ],
            "3.32": [
              0,
              0,
              0
            ]
          }
        },
        "human3": {
          "position": {
            "0.16": [
              0,
              0,
              0
            ],
            "0.6": [
              -1,
              0,
              0
            ],
            "1.04": [
              -1,
              0,
              0
            ],
            "1.36": [
              -7,
              0,
              0
            ],
            "1.72": [
              -7,
              0,
              0
            ],
            "2.2": [
              2,
              0,
              0
            ],
            "2.76": [
              0,
              0,
              0
            ]
          }
        },
        "rightItem3": {
          "scale": 0.6
        },
        "rightItem4": {
          "scale": [
            0.6,
            0.7,
            0.6
          ]
        }
      },
      "loop": true
    }
  },
  "format_version": "1.8.0"
}