{
  "animations": {
    "animation.ng.npc.factions.play": {
      "animation_length": 1.92,
      "bones": {
        "Body2": {
          "rotation": {
            "0.0": [
              -5,
              0,
              -10
            ],
            "0.68": [
              -4.98107,
              0.43523,
              -5.01893
            ],
            "0.84": [
              -10.98107,
              0.43523,
              -5.01893
            ],
            "1.04": [
              -10.96871,
              3.9512,
              -2.64411
            ],
            "1.24": [
              -0.96871,
              3.9512,
              -2.64411
            ],
            "1.48": [
              -3.02015,
              7.05823,
              -1.92409
            ],
            "1.72": [
              -4.98107,
              0.43523,
              -5.01893
            ],
            "1.88": [
              -5,
              0,
              -10
            ]
          }
        },
        "Body3": {
          "rotation": {
            "0.0": [
              -10.48992,
              17.6596,
              -0.67638
            ],
            "0.16": [
              -20.79047,
              19.99919,
              -1.60739
            ],
            "0.48": [
              -18.92585,
              21.87368,
              -2.27138
            ],
            "1.0": [
              -18.61965,
              39.20374,
              -8.25566
            ],
            "1.28": [
              -18.65131,
              44.69326,
              -10.63792
            ],
            "1.88": [
              -10.48992,
              17.6596,
              -0.67638
            ]
          }
        },
        "Body4": {
          "rotation": {
            "0.0": [
              10,
              -7.5,
              0
            ],
            "0.2": [
              9.99485,
              7.27477,
              2.59686
            ],
            "0.44": [
              7.4136,
              -0.11264,
              1.29876
            ],
            "0.64": [
              -12.5864,
              -0.11264,
              1.29876
            ],
            "1.32": [
              -17.5864,
              -0.11264,
              1.29876
            ],
            "1.56": [
              19.9136,
              -0.11264,
              1.29876
            ],
            "1.92": [
              10,
              -7.5,
              0
            ]
          }
        },
        "Head2": {
          "rotation": {
            "0.0": [
              5,
              0,
              12.5
            ],
            "0.36": [
              2.33268,
              1.18374,
              -2.45229
            ],
            "0.84": [
              14.37921,
              0.19158,
              1.42303
            ],
            "1.04": [
              11.33268,
              1.18374,
              -2.45229
            ],
            "1.24": [
              -1.97356,
              5.97642,
              -10.09425
            ],
            "1.72": [
              4.92442,
              0.86717,
              2.53729
            ],
            "1.92": [
              5,
              0,
              12.5
            ]
          }
        },
        "Head3": {
          "rotation": {
            "0.0": [
              7.49294,
              -0.32621,
              2.47864
            ],
            "0.16": [
              17.59958,
              9.58762,
              3.79456
            ],
            "0.32": [
              19.17599,
              10.90638,
              4.4862
            ],
            "0.48": [
              15.9297,
              12.49333,
              -5.49966
            ],
            "0.64": [
              33.90541,
              48.54059,
              20.46201
            ],
            "0.88": [
              24.93249,
              28.82205,
              6.35975
            ],
            "1.4": [
              24.93249,
              28.82205,
              6.35975
            ],
            "1.88": [
              7.49294,
              -0.32621,
              2.47864
            ]
          }
        },
        "Head4": {
          "rotation": {
            "0.0": [
              -10,
              10,
              0
            ],
            "0.2": [
              -9.92649,
              -7.24008,
              3.01726
            ],
            "0.44": [
              -9.78313,
              -1.13141,
              -5.6624
            ],
            "0.8": [
              15.21687,
              -1.13141,
              -5.6624
            ],
            "1.36": [
              15.21687,
              -1.13141,
              -5.6624
            ],
            "1.56": [
              -24.78313,
              -1.13141,
              -5.6624
            ],
            "1.92": [
              -10,
              10,
              0
            ]
          }
        },
        "LeftArm2": {
          "rotation": {
            "0.0": [
              10,
              0,
              -12.5
            ],
            "0.28": [
              -37.45372,
              27.03402,
              18.18206
            ],
            "0.44": [
              -60.00095,
              41.77711,
              -2.80749
            ],
            "0.6": [
              -62.43353,
              22.44184,
              -16.54522
            ],
            "0.84": [
              -70.84951,
              37.97731,
              -53.63975
            ],
            "1.04": [
              -68.27192,
              11.53539,
              -38.38198
            ],
            "1.24": [
              -79.68845,
              31.70798,
              -15.58345
            ],
            "1.44": [
              -87.23997,
              46.41164,
              -11.73059
            ],
            "1.72": [
              -5,
              0,
              -12.5
            ],
            "1.92": [
              10,
              0,
              -12.5
            ]
          }
        },
        "LeftArm3": {
          "rotation": {
            "0.0": [
              -21.40986,
              31.87937,
              -20.30714
            ],
            "0.16": [
              -56.02615,
              45.72155,
              -12.01739
            ],
            "0.32": [
              -55.72068,
              48.47368,
              -5.20566
            ],
            "0.48": [
              -60.12536,
              41.5926,
              -18.11902
            ],
            "0.64": [
              -32.32809,
              44.21672,
              18.99182
            ],
            "0.84": [
              -16.70756,
              42.73719,
              29.38491
            ],
            "1.0": [
              -37.33469,
              34.59677,
              17.12111
            ],
            "1.28": [
              -30.47617,
              30.11672,
              18.1402
            ],
            "1.48": [
              -27.59832,
              39.41967,
              26.77102
            ],
            "1.64": [
              -24.64311,
              38.3645,
              23.83537
            ],
            "1.88": [
              -21.40986,
              31.87937,
              -20.30714
            ]
          }
        },
        "LeftArm4": {
          "rotation": {
            "0.0": [
              -30,
              0,
              -20
            ],
            "0.2": [
              32.5,
              0,
              -20
            ],
            "0.4": [
              -60.56989,
              41.56076,
              10.78973
            ],
            "0.52": [
              32.85856,
              18.53554,
              -47.14274
            ],
            "0.76": [
              -41.78015,
              40.17514,
              -7.46835
            ],
            "0.96": [
              -39.55003,
              40.56143,
              -7.88503
            ],
            "1.32": [
              -41.78015,
              40.17514,
              -7.46835
            ],
            "1.48": [
              -54.28015,
              40.17514,
              -7.46835
            ],
            "1.64": [
              43.39739,
              6.86911,
              -52.97898
            ],
            "1.92": [
              -30,
              0,
              -20
            ]
          }
        },
        "LeftLeg2": {
          "rotation": {
            "0.0": [
              10,
              0,
              -5
            ],
            "0.28": [
              -20,
              0,
              -5
            ],
            "0.44": [
              2.5,
              0,
              -5
            ],
            "0.68": [
              -5,
              0,
              -5
            ],
            "0.84": [
              -5.24133,
              -17.43127,
              -3.4259
            ],
            "1.04": [
              -5.08471,
              -10.45959,
              -4.07456
            ],
            "1.24": [
              12.41529,
              -10.45959,
              -4.07456
            ],
            "1.48": [
              -3.90214,
              -4.75436,
              -4.57935
            ],
            "1.68": [
              10,
              0,
              -5
            ]
          }
        },
        "LeftLeg3": {
          "rotation": {
            "0.0": [
              -4.99527,
              -0.21782,
              -2.4905
            ],
            "0.16": [
              -7.49527,
              -0.21782,
              -2.4905
            ],
            "0.36": [
              -7.33228,
              12.18305,
              -4.07338
            ],
            "0.56": [
              -7.20989,
              17.7469,
              -4.78758
            ],
            "0.76": [
              -7.40254,
              26.94375,
              -6.02822
            ],
            "1.04": [
              -6.54341,
              12.70399,
              -4.23594
            ],
            "1.88": [
              -4.99527,
              -0.21782,
              -2.4905
            ]
          }
        },
        "LeftLeg4": {
          "rotation": {
            "0.0": [
              7.5,
              0,
              -15
            ],
            "0.2": [
              -19.71975,
              3.40487,
              -5.59196
            ],
            "0.44": [
              12.79285,
              2.98464,
              -5.70699
            ],
            "0.8": [
              -9.70715,
              2.98464,
              -5.70699
            ],
            "1.04": [
              17.79285,
              2.98464,
              -5.70699
            ],
            "1.32": [
              -12.20715,
              2.98464,
              -5.70699
            ],
            "1.56": [
              17.79285,
              2.98464,
              -5.70699
            ],
            "1.76": [
              12.14366,
              -0.24895,
              -3.53656
            ],
            "1.92": [
              7.5,
              0,
              -15
            ]
          }
        },
        "RightArm2": {
          "rotation": {
            "0.0": [
              7.5,
              0,
              35
            ],
            "0.36": [
              19.65656,
              -2.24944,
              52.35932
            ],
            "0.68": [
              19.73001,
              17.91613,
              32.9787
            ],
            "0.84": [
              25.98792,
              21.30078,
              21.86383
            ],
            "1.04": [
              27.31824,
              19.50573,
              25.67801
            ],
            "1.72": [
              11.06944,
              6.43805,
              23.03954
            ],
            "1.92": [
              7.5,
              0,
              35
            ]
          }
        },
        "RightArm3": {
          "rotation": {
            "0.0": [
              30.00135,
              -13.12479,
              21.46872
            ],
            "0.16": [
              26.81303,
              -19.09208,
              32.90921
            ],
            "0.32": [
              24.67558,
              -21.74594,
              38.88826
            ],
            "0.48": [
              27.62512,
              -17.38495,
              29.73593
            ],
            "0.64": [
              22.9667,
              -23.30006,
              43.04899
            ],
            "0.88": [
              -56.03682,
              -8.55448,
              42.80759
            ],
            "1.0": [
              -60.109,
              -5.39472,
              42.75586
            ],
            "1.12": [
              -72.79229,
              -2.23495,
              42.70413
            ],
            "1.24": [
              -56.04626,
              -2.23495,
              42.70413
            ],
            "1.36": [
              -77.92721,
              -2.23495,
              42.70413
            ],
            "1.48": [
              -46.68118,
              -2.23495,
              42.70413
            ],
            "1.88": [
              30.00135,
              -13.12479,
              21.46872
            ]
          }
        },
        "RightArm4": {
          "rotation": {
            "0.0": [
              27.5,
              0,
              22.5
            ],
            "0.2": [
              -38.95658,
              24.1782,
              4.17748
            ],
            "0.44": [
              35.53006,
              11.04434,
              20.2604
            ],
            "0.68": [
              -48.45289,
              -36.23234,
              -14.48443
            ],
            "1.12": [
              -48.45289,
              -36.23234,
              -14.48443
            ],
            "1.24": [
              -90.7463,
              -11.73007,
              -4.28684
            ],
            "1.32": [
              -20.84208,
              15.87776,
              6.11029
            ],
            "1.44": [
              50.0632,
              33.58385,
              44.57611
            ],
            "1.92": [
              27.5,
              0,
              22.5
            ]
          }
        },
        "RightLeg2": {
          "rotation": {
            "0.0": [
              0,
              0,
              17.5
            ],
            "0.28": [
              24.81197,
              3.1622,
              10.69577
            ],
            "0.44": [
              2.31197,
              3.1622,
              10.69577
            ],
            "0.68": [
              12.31197,
              3.1622,
              10.69577
            ],
            "0.84": [
              13.34079,
              22.67362,
              15.22909
            ],
            "1.04": [
              13.07468,
              19.75294,
              14.49391
            ],
            "1.24": [
              0.57468,
              19.75294,
              14.49391
            ],
            "1.48": [
              12.76122,
              8.97861,
              16.13359
            ],
            "1.68": [
              0,
              0,
              17.5
            ]
          }
        },
        "RightLeg3": {
          "rotation": {
            "0.0": [
              15,
              0,
              15
            ],
            "0.16": [
              22.5,
              0,
              15
            ],
            "0.36": [
              22.19943,
              13.93305,
              20.61192
            ],
            "0.56": [
              21.8618,
              18.80231,
              22.60795
            ],
            "0.76": [
              25.72815,
              38.50454,
              32.22159
            ],
            "1.04": [
              34.88157,
              53.17245,
              45.46791
            ],
            "1.48": [
              25.57301,
              29.85173,
              31.89387
            ],
            "1.88": [
              15,
              0,
              15
            ]
          }
        },
        "RightLeg4": {
          "rotation": {
            "0.0": [
              -7.5,
              0,
              12.5
            ],
            "0.2": [
              27.41063,
              2.30644,
              8.06255
            ],
            "0.44": [
              -5.08937,
              2.30644,
              8.06255
            ],
            "0.8": [
              9.91063,
              2.30644,
              8.06255
            ],
            "1.04": [
              -7.58937,
              2.30644,
              8.06255
            ],
            "1.32": [
              14.91063,
              2.30644,
              8.06255
            ],
            "1.56": [
              -7.58937,
              2.30644,
              8.06255
            ],
            "1.76": [
              -7.59993,
              0.366,
              5.57104
            ],
            "1.92": [
              -7.5,
              0,
              12.5
            ]
          }
        },
        "bone10": {
          "position": {
            "0.44": [
              3,
              19,
              26
            ],
            "0.72": [
              -5,
              18,
              2
            ],
            "1.12": [
              -4,
              -4,
              -6
            ]
          },
          "rotation": {
            "0.44": [
              0,
              -45,
              0
            ],
            "0.72": [
              0,
              20,
              0
            ],
            "1.12": [
              125.19521,
              184.44047,
              198.69534
            ]
          },
          "scale": {
            "0.44": [
              0,
              0,
              0
            ],
            "0.68": [
              1,
              1,
              1
            ],
            "1.76": [
              1,
              1,
              1
            ],
            "1.88": [
              0,
              0,
              0
            ]
          }
        },
        "bone11": {
          "position": {
            "0.52": [
              3,
              19,
              26
            ],
            "0.8": [
              -5,
              18,
              2
            ],
            "1.2": [
              -8,
              -4,
              -1
            ]
          },
          "rotation": {
            "0.52": [
              0,
              -45,
              0
            ],
            "0.8": [
              0,
              20,
              0
            ],
            "1.2": [
              275.40082,
              143.28799,
              361.22904
            ]
          },
          "scale": {
            "0.52": [
              0,
              0,
              0
            ],
            "0.76": [
              1,
              1,
              1
            ],
            "1.76": [
              1,
              1,
              1
            ],
            "1.88": [
              0,
              0,
              0
            ]
          }
        },
        "bone12": {
          "position": {
            "0.64": [
              3,
              19,
              26
            ],
            "0.92": [
              -1,
              18,
              -2
            ],
            "1.32": [
              -7,
              -4,
              -6
            ]
          },
          "rotation": {
            "0.64": [
              0,
              -45,
              0
            ],
            "0.92": [
              0,
              5,
              0
            ],
            "1.32": [
              82.03962,
              183.10893,
              188.76256
            ]
          },
          "scale": {
            "0.64": [
              0,
              0,
              0
            ],
            "0.88": [
              1,
              1,
              1
            ],
            "1.76": [
              1,
              1,
              1
            ],
            "1.88": [
              0,
              0,
              0
            ]
          }
        },
        "bone13": {
          "position": {
            "0.8": [
              3,
              19,
              26
            ],
            "1.08": [
              -1,
              18,
              -1
            ],
            "1.48": [
              -4,
              -4,
              -9
            ]
          },
          "rotation": {
            "0.8": [
              0,
              -45,
              0
            ],
            "1.08": [
              0,
              10,
              0
            ],
            "1.48": [
              109.60661,
              214.60056,
              200.14824
            ]
          },
          "scale": {
            "0.8": [
              0,
              0,
              0
            ],
            "1.04": [
              1,
              1,
              1
            ],
            "1.76": [
              1,
              1,
              1
            ],
            "1.88": [
              0,
              0,
              0
            ]
          }
        },
        "bone14": {
          "position": {
            "0.08": [
              -26,
              19,
              1
            ],
            "0.36": [
              -6,
              18,
              0
            ],
            "0.68": [
              -8,
              -3,
              0
            ]
          },
          "rotation": {
            "0.08": [
              0,
              -45,
              0
            ],
            "0.36": [
              0,
              10,
              0
            ],
            "0.68": [
              245.47299,
              188.53266,
              37.13021
            ]
          },
          "scale": {
            "0.08": [
              0,
              0,
              0
            ],
            "0.32": [
              1,
              1,
              1
            ],
            "1.76": [
              1,
              1,
              1
            ],
            "1.88": [
              0,
              0,
              0
            ]
          }
        },
        "bone15": {
          "position": {
            "0.24": [
              -26,
              19,
              1
            ],
            "0.52": [
              -6,
              18,
              0
            ],
            "0.84": [
              -4,
              -3,
              -1
            ]
          },
          "rotation": {
            "0.24": [
              0,
              -45,
              0
            ],
            "0.52": [
              0,
              10,
              0
            ],
            "0.84": [
              316.79029,
              198.12914,
              -53.0509
            ]
          },
          "scale": {
            "0.24": [
              0,
              0,
              0
            ],
            "0.48": [
              1,
              1,
              1
            ],
            "1.76": [
              1,
              1,
              1
            ],
            "1.88": [
              0,
              0,
              0
            ]
          }
        },
        "bone16": {
          "position": {
            "0.44": [
              -26,
              19,
              1
            ],
            "0.72": [
              -6,
              18,
              0
            ],
            "1.04": [
              -5,
              -3,
              -1
            ]
          },
          "rotation": {
            "0.44": [
              0,
              -45,
              0
            ],
            "0.72": [
              0,
              10,
              0
            ],
            "1.04": [
              471.24109,
              185.08403,
              -210.14141
            ]
          },
          "scale": {
            "0.44": [
              0,
              0,
              0
            ],
            "0.68": [
              1,
              1,
              1
            ],
            "1.76": [
              1,
              1,
              1
            ],
            "1.88": [
              0,
              0,
              0
            ]
          }
        },
        "bone17": {
          "position": {
            "0.64": [
              -26,
              19,
              1
            ],
            "0.92": [
              -6,
              18,
              0
            ],
            "1.24": [
              -4,
              -3,
              -5
            ]
          },
          "rotation": {
            "0.64": [
              0,
              -45,
              0
            ],
            "0.92": [
              0,
              10,
              0
            ],
            "1.24": [
              316.79029,
              198.12914,
              -53.0509
            ]
          },
          "scale": {
            "0.64": [
              0,
              0,
              0
            ],
            "0.88": [
              1,
              1,
              1
            ],
            "1.76": [
              1,
              1,
              1
            ],
            "1.88": [
              0,
              0,
              0
            ]
          }
        },
        "bone18": {
          "position": {
            "0.8": [
              -26,
              19,
              1
            ],
            "1.08": [
              -6,
              18,
              0
            ],
            "1.4": [
              -7,
              -3,
              -5
            ]
          },
          "rotation": {
            "0.8": [
              0,
              -45,
              0
            ],
            "1.08": [
              0,
              10,
              0
            ],
            "1.4": [
              440.31402,
              204.5474,
              -183.09062
            ]
          },
          "scale": {
            "0.8": [
              0,
              0,
              0
            ],
            "1.04": [
              1,
              1,
              1
            ],
            "1.76": [
              1,
              1,
              1
            ],
            "1.88": [
              0,
              0,
              0
            ]
          }
        },
        "bone19": {
          "position": {
            "1.04": [
              -26,
              19,
              1
            ],
            "1.32": [
              -6,
              18,
              0
            ],
            "1.64": [
              -7,
              -3,
              2
            ]
          },
          "rotation": {
            "1.04": [
              0,
              -45,
              0
            ],
            "1.32": [
              0,
              10,
              0
            ],
            "1.64": [
              316.79029,
              198.12914,
              -53.0509
            ]
          },
          "scale": {
            "1.04": [
              0,
              0,
              0
            ],
            "1.28": [
              1,
              1,
              1
            ],
            "1.76": [
              1,
              1,
              1
            ],
            "1.88": [
              0,
              0,
              0
            ]
          }
        },
        "bone2": {
          "position": {
            "0.68": [
              29,
              19,
              -11
            ],
            "0.88": [
              10,
              18,
              2
            ],
            "1.24": [
              8,
              -4.4,
              2
            ]
          },
          "rotation": {
            "0.68": [
              0,
              -45,
              0
            ],
            "0.88": [
              0,
              -55,
              0
            ],
            "1.24": [
              253.45974,
              73.70897,
              337.19819
            ]
          },
          "scale": {
            "0.68": [
              0,
              0,
              0
            ],
            "0.84": [
              1,
              1,
              1
            ],
            "1.68": [
              1,
              1,
              1
            ],
            "1.8": [
              0,
              0,
              0
            ]
          }
        },
        "bone3": {
          "position": {
            "1.04": [
              29,
              19,
              -11
            ],
            "1.24": [
              16,
              18,
              4
            ],
            "1.6": [
              18,
              -4.4,
              6
            ]
          },
          "rotation": {
            "1.04": [
              0,
              -45,
              0
            ],
            "1.24": [
              0,
              -40,
              0
            ],
            "1.6": [
              275.38806,
              -14.54007,
              344.45457
            ]
          },
          "scale": {
            "1.04": [
              0,
              0,
              0
            ],
            "1.2": [
              1,
              1,
              1
            ],
            "1.72": [
              1,
              1,
              1
            ],
            "1.84": [
              0,
              0,
              0
            ]
          }
        },
        "bone4": {
          "position": {
            "1.36": [
              37,
              19,
              -11
            ],
            "1.56": [
              23,
              18,
              2
            ],
            "1.88": [
              27,
              -4.4,
              2
            ]
          },
          "rotation": {
            "1.36": [
              0,
              -45,
              0
            ],
            "1.56": [
              0,
              -55,
              0
            ],
            "1.88": [
              260.54488,
              -47.75349,
              377.33488
            ]
          },
          "scale": {
            "1.36": [
              0,
              0,
              0
            ],
            "1.52": [
              1,
              1,
              1
            ],
            "1.76": [
              1,
              1,
              1
            ],
            "1.88": [
              0,
              0,
              0
            ]
          }
        },
        "bone5": {
          "position": {
            "1.0": [
              3,
              19,
              26
            ],
            "1.28": [
              -1,
              18,
              -2
            ],
            "1.68": [
              -6,
              -4,
              -4
            ]
          },
          "rotation": {
            "1.0": [
              0,
              -45,
              0
            ],
            "1.28": [
              0,
              5,
              0
            ],
            "1.68": [
              93.28232,
              210.31361,
              184.51451
            ]
          },
          "scale": {
            "1.0": [
              0,
              0,
              0
            ],
            "1.24": [
              1,
              1,
              1
            ],
            "1.76": [
              1,
              1,
              1
            ],
            "1.88": [
              0,
              0,
              0
            ]
          }
        },
        "bone6": {
          "position": {
            "0.28": [
              29,
              19,
              -11
            ],
            "0.48": [
              10,
              18,
              2
            ],
            "0.84": [
              8,
              -4.4,
              2
            ]
          },
          "rotation": {
            "0.28": [
              0,
              -45,
              0
            ],
            "0.48": [
              0,
              -55,
              0
            ],
            "0.84": [
              264.4859,
              4.65073,
              400.06553
            ]
          },
          "scale": {
            "0.28": [
              0,
              0,
              0
            ],
            "0.44": [
              1,
              1,
              1
            ],
            "1.64": [
              1,
              1,
              1
            ],
            "1.76": [
              0,
              0,
              0
            ]
          }
        },
        "bone7": {
          "position": {
            "0.08": [
              19,
              19,
              -18
            ],
            "0.28": [
              8,
              18,
              -3
            ],
            "0.64": [
              8,
              -3,
              -3
            ]
          },
          "rotation": {
            "0.08": [
              0,
              -45,
              0
            ],
            "0.28": [
              0,
              -37.5,
              0
            ],
            "0.64": [
              78.99166,
              0.80218,
              162.73237
            ]
          },
          "scale": {
            "0.08": [
              0,
              0,
              0
            ],
            "0.24": [
              1,
              1,
              1
            ],
            "1.64": [
              1,
              1,
              1
            ],
            "1.76": [
              0,
              0,
              0
            ]
          }
        },
        "bone8": {
          "position": {
            "1.2": [
              3,
              19,
              26
            ],
            "1.48": [
              -1,
              18,
              -2
            ],
            "1.88": [
              -13,
              -4,
              -10
            ]
          },
          "rotation": {
            "1.2": [
              0,
              -45,
              0
            ],
            "1.48": [
              0,
              5,
              0
            ],
            "1.88": [
              81.70485,
              182.04708,
              181.33047
            ]
          },
          "scale": {
            "1.2": [
              0,
              0,
              0
            ],
            "1.44": [
              1,
              1,
              1
            ],
            "1.76": [
              1,
              1,
              1
            ],
            "1.88": [
              0,
              0,
              0
            ]
          }
        },
        "bone9": {
          "position": {
            "0.0": [
              3,
              19,
              26
            ],
            "0.36": [
              -2,
              18,
              5
            ],
            "0.76": [
              -17,
              -3,
              3
            ]
          },
          "rotation": {
            "0.0": [
              0,
              -45,
              0
            ],
            "0.36": [
              0,
              10,
              0
            ],
            "0.76": [
              262.97299,
              188.53266,
              37.13021
            ]
          },
          "scale": {
            "0.0": [
              0,
              0,
              0
            ],
            "0.32": [
              1,
              1,
              1
            ],
            "1.76": [
              1,
              1,
              1
            ],
            "1.88": [
              0,
              0,
              0
            ]
          }
        },
        "human2": {
          "position": {
            "0.0": [
              -12,
              0,
              -6
            ],
            "0.28": [
              -9,
              0,
              -9
            ],
            "0.44": [
              -10,
              0,
              -8
            ],
            "0.64": [
              -11,
              0,
              -7
            ],
            "1.0": [
              -11,
              0,
              -7
            ],
            "1.2": [
              -13,
              0,
              -5
            ],
            "1.48": [
              -14,
              0,
              -4
            ],
            "1.68": [
              -12,
              0,
              -6
            ]
          },
          "rotation": {
            "0.0": [
              0,
              -45,
              0
            ],
            "1.68": [
              0,
              -45,
              0
            ]
          }
        },
        "human3": {
          "position": {
            "0.0": [
              -12,
              0,
              -4
            ],
            "1.68": [
              -12,
              0,
              -4
            ]
          },
          "rotation": {
            "0.0": [
              0,
              45,
              0
            ],
            "1.68": [
              0,
              45,
              0
            ]
          }
        },
        "human4": {
          "position": {
            "0.0": [
              -39,
              0,
              10
            ],
            "0.44": [
              -39,
              0,
              17
            ],
            "0.8": [
              -39,
              0,
              15
            ],
            "1.56": [
              -39,
              0,
              10
            ],
            "1.92": [
              -39,
              0,
              10
            ]
          },
          "rotation": {
            "0.0": [
              0,
              180,
              0
            ],
            "1.92": [
              0,
              180,
              0
            ]
          }
        },
        "rightItem2": {
          "scale": 0.5
        },
        "rightItem3": {
          "scale": 0.5
        }
      },
      "loop": true
    }
  },
  "format_version": "1.8.0"
}