{
  "animations": {
    "animation.ng.npc.murder_mystery.play": {
      "animation_length": 14.48,
      "bones": {
        "arms": {
          "rotation": {
            "2.2": [
              0,
              0,
              0
            ],
            "2.36": [
              -30,
              0,
              0
            ],
            "2.72": [
              -22.10526,
              -5,
              0
            ],
            "3.12": [
              -45,
              0,
              0
            ]
          }
        },
        "body": {
          "rotation": {
            "10.08": [
              6.7059,
              32.69955,
              1.00042
            ],
            "10.44": [
              -6.14045,
              26.48759,
              0.22845
            ],
            "10.8": [
              9.4046,
              17.29614,
              4.02879
            ],
            "11.08": [
              28.51319,
              20.27564,
              -0.54353
            ],
            "11.28": [
              15.52419,
              15.97343,
              6.43507
            ],
            "11.48": [
              12.51512,
              18.40262,
              -3.72102
            ],
            "11.68": [
              15.52419,
              15.97343,
              6.43507
            ],
            "11.84": [
              11.68926,
              18.92686,
              -6.30117
            ],
            "5.36": [
              30,
              0,
              0
            ],
            "5.72": [
              29.97638,
              1.2497,
              -2.16541
            ],
            "5.96": [
              29.97638,
              -1.2497,
              2.16541
            ],
            "6.2": [
              29.97638,
              1.2497,
              -2.16541
            ],
            "6.44": [
              29.78729,
              -3.74196,
              6.50446
            ],
            "6.64": [
              2.28729,
              -3.74196,
              6.50446
            ],
            "6.84": [
              -2.20076,
              -4.06391,
              -1.00608
            ],
            "7.2": [
              -2.19916,
              3.43058,
              -1.29379
            ],
            "7.56": [
              17.71717,
              15.9211,
              -1.78864
            ],
            "7.88": [
              39.11782,
              53.02986,
              17.1928
            ],
            "8.48": [
              15.98458,
              36.4305,
              9.27847
            ],
            "9.6": [
              6.90531,
              35.18194,
              1.35749
            ],
            "9.84": [
              9.29226,
              52.51377,
              4.76329
            ]
          }
        },
        "body1": {
          "rotation": {
            "1.68": [
              -22.5,
              0,
              0
            ],
            "2.36": [
              10,
              0,
              17.5
            ],
            "2.72": [
              12.38443,
              -0.75155,
              17.48436
            ],
            "3.12": [
              -23.73499,
              9.93191,
              14.48174
            ],
            "3.52": [
              -41.23499,
              9.93191,
              14.48174
            ],
            "3.84": [
              -23.73499,
              9.93191,
              14.48174
            ],
            "4.12": [
              -1.40367,
              29.92674,
              13.9944
            ],
            "4.48": [
              -1.53186,
              37.42429,
              13.76372
            ],
            "4.8": [
              -3.11707,
              6.86067,
              -0.57114
            ],
            "5.04": [
              -2.81377,
              6.99003,
              1.94386
            ],
            "5.12": [
              3.06171,
              9.40413,
              -5.12024
            ],
            "5.24": [
              17.04673,
              8.3716,
              15.44284
            ],
            "5.36": [
              16.11001,
              -3.51792,
              -16.37692
            ],
            "5.48": [
              15.95856,
              3.00484,
              16.46326
            ],
            "5.56": [
              15.27948,
              -2.51902,
              -10.89612
            ],
            "5.68": [
              15.24804,
              1.33774,
              13.40048
            ],
            "5.8": [
              14.83044,
              -0.14149,
              -10.2565
            ]
          }
        },
        "body2": {
          "rotation": {
            "0.0": [
              0,
              10,
              0
            ],
            "0.36": [
              0.1591,
              -0.68333,
              4.6561
            ],
            "0.76": [
              0.13263,
              6.93446,
              3.87064
            ],
            "1.12": [
              -0.39012,
              10.62202,
              -1.91349
            ],
            "1.48": [
              -0.77286,
              10.64729,
              -4.02903
            ],
            "1.88": [
              -0.32672,
              2.135,
              2.3622
            ],
            "2.12": [
              -0.22905,
              -3.50546,
              1.67351
            ],
            "2.68": [
              0,
              0,
              0
            ],
            "2.92": [
              0,
              -7.5,
              -5
            ],
            "3.16": [
              -12.51153,
              -2.4407,
              0.54143
            ],
            "3.84": [
              -25.52199,
              -1.28798,
              2.65229
            ],
            "4.08": [
              -19.97369,
              -1.33447,
              3.13937
            ],
            "4.36": [
              -2.45879,
              -1.52344,
              5.01163
            ],
            "4.44": [
              -4.94987,
              -1.30367,
              5.07309
            ]
          }
        },
        "bone": {
          "position": {
            "10.24": {
              "lerp_mode": "catmullrom",
              "post": [
                -2.03,
                0,
                18
              ],
              "pre": [
                -2.03,
                0,
                18
              ]
            },
            "10.4": {
              "lerp_mode": "catmullrom",
              "post": [
                2.06,
                10.12,
                18
              ]
            },
            "10.56": {
              "lerp_mode": "catmullrom",
              "post": [
                13.8,
                15,
                18
              ]
            },
            "10.68": {
              "lerp_mode": "catmullrom",
              "post": [
                24.13,
                9.49,
                18
              ]
            },
            "10.96": [
              34,
              0,
              18
            ],
            "11.76": {
              "lerp_mode": "catmullrom",
              "post": [
                70,
                0,
                18
              ],
              "pre": [
                70,
                0,
                18
              ]
            },
            "5.52": [
              -21,
              0,
              -16
            ],
            "6.4": [
              -2,
              0,
              18
            ]
          },
          "rotation": {
            "5.52": [
              -180,
              -37.5,
              -180
            ],
            "8.48": [
              -180,
              -81.76883,
              -180
            ],
            "9.32": [
              -180,
              -78.28431,
              -180
            ],
            "9.6": [
              -180,
              -62.5,
              -180
            ]
          },
          "scale": {
            "10.96": [
              1,
              1,
              1
            ],
            "11.76": [
              0,
              0,
              0
            ],
            "5.52": [
              0,
              0,
              0
            ],
            "5.96": [
              1,
              1,
              1
            ]
          }
        },
        "bone2": {
          "position": {
            "0.0": [
              0,
              0,
              31
            ],
            "13.76": [
              0,
              0,
              -3
            ],
            "14.48": [
              0,
              0,
              13
            ],
            "2.16": [
              0,
              0,
              -3
            ]
          },
          "rotation": {
            "3.88": [
              0,
              0,
              0
            ],
            "4.32": [
              -77.5,
              0,
              0
            ],
            "4.4": [
              -75,
              0,
              0
            ],
            "4.48": [
              -77.5,
              0,
              0
            ]
          },
          "scale": {
            "0.0": [
              0,
              0,
              0
            ],
            "1.24": [
              1,
              1,
              1
            ],
            "13.76": [
              1,
              1,
              1
            ],
            "14.48": [
              0,
              0,
              0
            ]
          }
        },
        "bone3": {
          "rotation": {
            "5.96": [
              -10,
              0,
              0
            ],
            "6.2": [
              -15,
              0,
              0
            ],
            "6.36": [
              -23.00409,
              -14.47751,
              3.96713
            ]
          }
        },
        "bone5": {
          "position": {
            "1.48": [
              -18,
              31,
              41
            ],
            "2.2": [
              -18,
              0,
              9
            ],
            "3.4": [
              -18,
              0,
              9
            ],
            "4.12": [
              1,
              0,
              9
            ],
            "4.96": [
              1,
              0,
              9
            ],
            "5.96": [
              70,
              0,
              9
            ]
          },
          "rotation": {
            "1.48": [
              5,
              0,
              0
            ],
            "2.36": [
              0,
              0,
              0
            ],
            "3.4": [
              0,
              0,
              0
            ],
            "4.12": [
              0,
              80,
              0
            ],
            "4.64": [
              0,
              80,
              0
            ],
            "5.12": [
              17.5,
              -77.5,
              0
            ]
          },
          "scale": {
            "1.44": [
              0,
              0,
              0
            ],
            "1.8": [
              1,
              1,
              1
            ],
            "5.2": [
              1,
              1,
              1
            ],
            "6.0": [
              0,
              0,
              0
            ]
          }
        },
        "bone6": {
          "position": [
            0,
            0,
            -14
          ]
        },
        "deadyeas": {
          "scale": {
            "2.28": [
              0,
              0,
              0
            ],
            "2.32": [
              1,
              1,
              1
            ]
          }
        },
        "head": {
          "rotation": {
            "10.08": [
              -11.81818,
              -0.48232,
              -0.77402
            ],
            "10.36": [
              -22.08387,
              -4.14743,
              -3.19277
            ],
            "10.8": [
              15.41613,
              -4.14743,
              -3.19277
            ],
            "11.08": [
              -27.08387,
              -4.14743,
              -3.19277
            ],
            "11.48": [
              -10.32202,
              -1.54033,
              11.59853
            ],
            "11.68": [
              -10.37264,
              5.83804,
              10.2514
            ],
            "5.44": [
              -24.91643,
              -2.11089,
              -4.53359
            ],
            "5.72": [
              -25.11578,
              -1.474,
              -15.86624
            ],
            "5.96": [
              -24.07279,
              10.07991,
              -1.86467
            ],
            "6.2": [
              -27.12135,
              10.39418,
              -18.89575
            ],
            "6.44": [
              -21.80368,
              23.63142,
              -26.29539
            ],
            "6.64": [
              5.69632,
              23.63142,
              -26.29539
            ],
            "6.84": [
              5.595,
              21.14354,
              -26.56136
            ],
            "7.2": [
              9.31097,
              19.84248,
              -15.97432
            ],
            "7.56": [
              21.81097,
              19.84248,
              -15.97432
            ],
            "7.76": [
              13.69284,
              14.0179,
              -18.32592
            ],
            "7.88": [
              20.82196,
              10.52315,
              -19.73688
            ],
            "8.0": [
              11.81097,
              19.84248,
              -15.97432
            ],
            "8.36": [
              -25.68903,
              19.84248,
              -15.97432
            ],
            "9.12": [
              -7.18633,
              -24.25741,
              -3.352
            ]
          }
        },
        "head1": {
          "rotation": {
            "1.68": [
              24.60967,
              3.73171,
              -11.93845
            ],
            "2.36": [
              -5.35254,
              -11.31255,
              25.53051
            ],
            "2.84": [
              -12.71862,
              -4.489,
              26.02271
            ],
            "3.12": [
              24.29372,
              -8.75299,
              -12.15592
            ],
            "3.52": [
              20.57151,
              -2.84428,
              -7.75569
            ],
            "4.48": [
              37.13821,
              11.3366,
              2.80487
            ],
            "4.8": [
              18.83484,
              -26.32575,
              -26.97246
            ],
            "5.04": [
              15.10697,
              -28.51892,
              -18.89006
            ],
            "5.24": [
              -14.25865,
              0.6096,
              -11.40054
            ]
          }
        },
        "head2": {
          "rotation": {
            "0.0": [
              0.10912,
              -2.49762,
              -2.50238
            ],
            "0.36": [
              0.27414,
              5.4269,
              -6.24283
            ],
            "0.76": [
              0.2143,
              -3.2528,
              -4.91374
            ],
            "1.12": [
              -0.27102,
              -4.9348,
              1.32629
            ],
            "1.52": [
              -0.52794,
              -8.0918,
              3.37524
            ],
            "1.88": [
              -0.24795,
              1.19205,
              1.56669
            ],
            "2.12": [
              -0.06426,
              15.298,
              0.37504
            ],
            "2.2": [
              0,
              0,
              0
            ],
            "2.36": [
              25,
              0,
              0
            ],
            "2.56": [
              20,
              0,
              2.5
            ],
            "2.72": [
              22.49762,
              -0.10901,
              2.49762
            ],
            "2.92": [
              -24.97272,
              1.76749,
              11.76833
            ],
            "4.24": [
              -24.97,
              1.77,
              11.77
            ],
            "4.4": [
              9.40286,
              -4.80756,
              9.25319
            ],
            "4.56": [
              -1.02068,
              6.21642,
              24.82405
            ]
          }
        },
        "iron_sword": {
          "rotation": {
            "1.96": [
              -14.86386,
              15.69861,
              22.90593
            ],
            "2.32": [
              -44.28992,
              -20.11411,
              74.06004
            ],
            "2.92": [
              -70.62308,
              -32.59822,
              81.87145
            ],
            "3.24": [
              0,
              0,
              0
            ]
          }
        },
        "leftArm": {
          "rotation": {
            "10.08": [
              8.3477,
              22.01749,
              38.85305
            ],
            "10.44": [
              31.3297,
              11.44262,
              31.88051
            ],
            "10.8": [
              21.17345,
              11.44262,
              31.88051
            ],
            "11.08": [
              -31.1703,
              11.44262,
              31.88051
            ],
            "11.28": [
              31.3297,
              11.44262,
              31.88051
            ],
            "11.48": [
              -36.1703,
              11.44262,
              31.88051
            ],
            "11.68": [
              41.3297,
              11.44262,
              31.88051
            ],
            "11.84": [
              -36.1703,
              11.44262,
              31.88051
            ],
            "5.4": [
              17.5,
              0,
              32.5
            ],
            "5.68": [
              -52.5,
              0,
              32.5
            ],
            "5.96": [
              10,
              0,
              32.5
            ],
            "6.2": [
              -50,
              0,
              32.5
            ],
            "6.44": [
              -30,
              0,
              32.5
            ],
            "6.64": [
              -25,
              0,
              32.5
            ],
            "7.2": [
              -40,
              0,
              32.5
            ],
            "8.48": [
              -47.82401,
              46.04179,
              -27.97985
            ],
            "8.96": [
              -65.32401,
              46.04179,
              -27.97985
            ]
          }
        },
        "leftArm1": {
          "position": {
            "3.32": [
              -3,
              0,
              0
            ],
            "3.76": [
              0,
              0,
              0
            ]
          },
          "rotation": {
            "1.68": [
              -27.38863,
              1.10633,
              162.91836
            ],
            "2.52": [
              -36.34755,
              24.55716,
              158.38235
            ],
            "2.72": [
              -41.80349,
              24.09023,
              156.39491
            ],
            "3.24": [
              35.14844,
              14.64587,
              181.63685
            ],
            "3.76": [
              16.24773,
              27.49853,
              26.029
            ],
            "4.48": [
              20.23303,
              44.14172,
              32.76193
            ],
            "5.24": [
              54.16687,
              4.7191,
              27.75252
            ]
          }
        },
        "leftLeg": {
          "rotation": {
            "10.2": [
              -4.61285,
              23.72828,
              12.25562
            ],
            "10.32": [
              3.08352,
              21.83009,
              50.27174
            ],
            "10.8": [
              -18.84855,
              43.92921,
              6.70594
            ],
            "11.08": [
              28.65145,
              43.92921,
              6.70594
            ],
            "11.28": [
              -8.84855,
              43.92921,
              6.70594
            ],
            "11.52": [
              26.59616,
              37.91383,
              16.2181
            ],
            "11.68": [
              -4.35737,
              33.90357,
              22.55954
            ],
            "11.84": [
              44.6891,
              29.89332,
              28.90099
            ],
            "5.4": [
              -24.24769,
              6.27967,
              13.64973
            ],
            "5.68": [
              45.75231,
              6.27967,
              13.64973
            ],
            "5.96": [
              -29.24769,
              6.27967,
              13.64973
            ],
            "6.2": [
              43.25231,
              6.27967,
              13.64973
            ],
            "6.36": [
              -9.24769,
              6.27967,
              13.64973
            ],
            "6.52": [
              -4.24769,
              6.27967,
              13.64973
            ],
            "7.56": [
              -4.61285,
              23.72828,
              12.25562
            ]
          }
        },
        "leftLeg1": {
          "rotation": {
            "1.68": [
              35.21493,
              12.31064,
              24.78507
            ],
            "1.76": [
              33.40484,
              -1.32329,
              45.14774
            ],
            "2.24": [
              6.00677,
              10.89523,
              8.32709
            ],
            "2.36": [
              2.43351,
              11.54766,
              18.00308
            ],
            "3.24": [
              2.43351,
              11.54766,
              18.00308
            ],
            "3.44": [
              30.27423,
              16.76145,
              9.19851
            ],
            "3.6": [
              2.77423,
              16.76145,
              9.19851
            ],
            "3.76": [
              12.77423,
              16.76145,
              9.19851
            ],
            "3.88": [
              -4.72577,
              16.76145,
              9.19851
            ],
            "4.0": [
              10.27423,
              16.76145,
              9.19851
            ],
            "4.12": [
              -7.22577,
              16.76145,
              9.19851
            ],
            "4.72": [
              -7.22577,
              16.76145,
              9.19851
            ],
            "5.12": [
              -64.72577,
              16.76145,
              9.19851
            ],
            "5.24": [
              17.13555,
              7.2196,
              6.13558
            ],
            "5.36": [
              -60.36445,
              7.2196,
              6.13558
            ],
            "5.48": [
              32.84135,
              -0.87037,
              18.79712
            ],
            "5.6": [
              -57.15865,
              -0.87037,
              18.79712
            ],
            "5.68": [
              42.84135,
              -0.87037,
              18.79712
            ],
            "5.8": [
              -67.15865,
              -0.87037,
              18.79712
            ],
            "5.92": [
              22.84135,
              -0.87037,
              18.79712
            ],
            "6.0": [
              -39.65865,
              -0.87037,
              18.79712
            ]
          }
        },
        "leg0": {
          "rotation": {
            "0.0": [
              -10,
              0,
              0
            ],
            "0.36": [
              14.14,
              0,
              0
            ],
            "0.76": [
              -8.93,
              0,
              0
            ],
            "1.12": [
              8.3,
              0,
              0
            ],
            "1.52": [
              -9.87,
              0,
              0
            ],
            "1.92": [
              16.67,
              0,
              0
            ],
            "2.2": [
              -5,
              0,
              0
            ],
            "2.36": [
              4.83045,
              1.29256,
              -14.94548
            ],
            "3.56": [
              9.0785,
              2.41268,
              -14.77798
            ],
            "3.84": [
              -4.83066,
              -1.29521,
              -14.94872
            ],
            "4.2": [
              4.83,
              1.29,
              -14.95
            ],
            "4.36": [
              -29.14747,
              -7.44012,
              -13.06665
            ],
            "4.48": [
              -9.66598,
              -2.57955,
              -14.7859
            ]
          }
        },
        "leg1": {
          "rotation": {
            "0.0": [
              10,
              0,
              0
            ],
            "0.36": [
              -9.14,
              0,
              0
            ],
            "0.76": [
              15.35,
              0,
              0
            ],
            "1.12": [
              -5.99,
              0,
              0
            ],
            "1.52": [
              18.82,
              0,
              0
            ],
            "1.92": [
              -6.07,
              0,
              0
            ],
            "2.2": [
              12.5,
              0,
              0
            ],
            "2.36": [
              0,
              0,
              7.5
            ],
            "3.56": [
              -6.8336,
              0.89477,
              7.42931
            ],
            "3.84": [
              9.91615,
              -1.29876,
              7.38733
            ],
            "4.28": [
              0,
              0,
              7.5
            ],
            "4.44": [
              -24.81197,
              3.1622,
              6.80423
            ],
            "4.56": [
              -7.43656,
              0.9762,
              7.43656
            ]
          }
        },
        "normaleyes": {
          "scale": {
            "2.28": [
              1,
              1,
              1
            ],
            "2.32": [
              0,
              0,
              0
            ]
          }
        },
        "rightArm": {
          "rotation": {
            "10.08": [
              21.696,
              -15.62618,
              -18.11417
            ],
            "10.44": [
              -196.05939,
              -7.41335,
              19.29166
            ],
            "10.8": [
              -208.55939,
              -7.41335,
              19.29166
            ],
            "11.08": [
              57.81827,
              -17.98296,
              1.85519
            ],
            "11.28": [
              -57.18173,
              -17.98296,
              1.85519
            ],
            "11.48": [
              32.12593,
              -6.62502,
              -18.06634
            ],
            "11.68": [
              -52.87407,
              -6.62502,
              -18.06634
            ],
            "11.84": [
              42.12593,
              -6.62502,
              -18.06634
            ],
            "5.44": [
              -31.28223,
              -9.29798,
              -14.89149
            ],
            "5.68": [
              21.21777,
              -9.29798,
              -14.89149
            ],
            "5.96": [
              -58.78223,
              -9.29798,
              -14.89149
            ],
            "6.2": [
              16.21777,
              -9.29798,
              -14.89149
            ],
            "6.44": [
              -18.78223,
              -9.29798,
              -14.89149
            ],
            "7.12": [
              -157.93759,
              -10.87385,
              -19.71135
            ],
            "7.56": [
              -145.43759,
              -10.87385,
              -19.71135
            ],
            "8.36": [
              -2.93759,
              -10.87385,
              -19.71135
            ],
            "8.8": [
              -107.93759,
              -10.87385,
              -19.71135
            ],
            "8.96": [
              -95.804,
              -15.62618,
              -18.11417
            ]
          }
        },
        "rightArm1": {
          "rotation": {
            "1.68": [
              45.96065,
              37.42655,
              -39.95281
            ],
            "1.76": [
              21.03051,
              48.03086,
              -69.20434
            ],
            "2.36": [
              9.76758,
              2.15393,
              -24.81594
            ],
            "2.84": [
              10.44755,
              0.69414,
              -32.12437
            ],
            "3.76": [
              10.1797,
              -2.46279,
              -14.90722
            ],
            "4.32": [
              10.41086,
              -1.12053,
              -22.28992
            ],
            "4.8": [
              9.93019,
              -3.33629,
              -9.97775
            ],
            "5.04": [
              10.1797,
              -2.46279,
              -14.90722
            ],
            "5.24": [
              55.1797,
              -2.46279,
              -14.90722
            ]
          }
        },
        "rightLeg": {
          "rotation": {
            "10.2": [
              10.34527,
              14.76689,
              2.66399
            ],
            "10.32": [
              20.75496,
              17.47118,
              -46.83275
            ],
            "10.8": [
              48.50812,
              44.9093,
              -32.34441
            ],
            "11.08": [
              -31.01905,
              4.60519,
              1.53134
            ],
            "11.28": [
              26.48095,
              4.60519,
              1.53134
            ],
            "11.52": [
              -23.096,
              7.83249,
              -5.31741
            ],
            "11.68": [
              25.51936,
              9.98402,
              -9.88325
            ],
            "11.84": [
              -30.86527,
              12.13555,
              -14.44908
            ],
            "5.36": [
              42.5,
              0,
              0
            ],
            "5.64": [
              -37.5,
              0,
              0
            ],
            "5.92": [
              37.5,
              0,
              0
            ],
            "6.16": [
              -30,
              0,
              0
            ],
            "6.36": [
              35,
              0,
              0
            ],
            "6.52": [
              10,
              0,
              0
            ],
            "7.56": [
              10.34527,
              14.76689,
              2.66399
            ]
          }
        },
        "rightLeg1": {
          "rotation": {
            "1.68": [
              19.80737,
              -6.40865,
              -39.56869
            ],
            "1.76": [
              18.07687,
              1.70447,
              -62.21772
            ],
            "2.24": [
              -1.44134,
              -6.68153,
              -9.67529
            ],
            "2.36": [
              -4.83652,
              -8.96342,
              -9.12592
            ],
            "3.44": [
              -7.33652,
              -8.96342,
              -9.12592
            ],
            "3.6": [
              0.16348,
              -8.96342,
              -9.12592
            ],
            "3.76": [
              -7.33652,
              -8.96342,
              -9.12592
            ],
            "3.88": [
              5.16348,
              -8.96342,
              -9.12592
            ],
            "4.0": [
              -9.83652,
              -8.96342,
              -9.12592
            ],
            "4.12": [
              2.66348,
              -8.96342,
              -9.12592
            ],
            "5.12": [
              12.66348,
              -8.96342,
              -9.12592
            ],
            "5.24": [
              -62.43696,
              9.63546,
              -25.90603
            ],
            "5.36": [
              40.06304,
              9.63546,
              -25.90603
            ],
            "5.48": [
              -64.93696,
              9.63546,
              -25.90603
            ],
            "5.6": [
              36.02476,
              3.81221,
              -17.7164
            ],
            "5.68": [
              -58.61859,
              -9.03755,
              -25.47932
            ],
            "5.8": [
              28.88141,
              -9.03755,
              -25.47932
            ],
            "5.92": [
              -63.61859,
              -9.03755,
              -25.47932
            ],
            "6.0": [
              -8.61859,
              -9.03755,
              -25.47932
            ]
          }
        }
      },
      "loop": true
    }
  },
  "format_version": "1.8.0"
}