{
  "animations": {
    "animation.ng.corpse.back1": {
      "animation_length": 0.48,
      "bones": {
        "head": {
          "rotation": {
            "0.0": [
              0,
              0,
              0
            ],
            "0.48": [
              0,
              -20,
              0
            ]
          }
        },
        "leftArm": {
          "rotation": {
            "0.0": [
              0,
              0,
              0
            ],
            "0.24": [
              0,
              0,
              -107.5
            ],
            "0.48": [
              0,
              0,
              -117.5
            ]
          }
        },
        "leftLeg": {
          "rotation": {
            "0.0": [
              0,
              0,
              0
            ],
            "0.24": [
              0,
              0,
              -10
            ]
          }
        },
        "rightArm": {
          "rotation": {
            "0.0": [
              0,
              0,
              0
            ],
            "0.24": [
              0,
              0,
              120
            ],
            "0.48": [
              0,
              0,
              130
            ]
          }
        },
        "rightLeg": {
          "rotation": {
            "0.0": [
              0,
              0,
              0
            ],
            "0.24": [
              0,
              0,
              7.5
            ]
          }
        },
        "root": {
          "position": {
            "0.0": [
              0,
              0,
              0
            ],
            "0.24": [
              0,
              2,
              0
            ]
          },
          "rotation": {
            "0.0": [
              0,
              0,
              0
            ],
            "0.32": [
              -90,
              "query.target_y_rotation",
              0
            ]
          }
        },
        "waist": {
          "rotation": {
            "0.0": {
              "lerp_mode": "catmullrom",
              "post": [
                0,
                0,
                0
              ]
            },
            "0.12": [
              -30,
              0,
              0
            ],
            "0.4": {
              "lerp_mode": "catmullrom",
              "post": [
                0,
                0,
                0
              ]
            }
          }
        }
      },
      "loop": "hold_on_last_frame",
      "override_previous_animation": true
    },
    "animation.ng.corpse.back1.end": {
      "bones": {
        "head": {
          "rotation": [
            0,
            -20,
            0
          ]
        },
        "leftArm": {
          "rotation": [
            0,
            0,
            -117.5
          ]
        },
        "leftLeg": {
          "rotation": [
            0,
            0,
            -10
          ]
        },
        "rightArm": {
          "rotation": [
            0,
            0,
            130
          ]
        },
        "rightLeg": {
          "rotation": [
            0,
            0,
            7.5
          ]
        },
        "root": {
          "position": [
            0,
            2,
            0
          ],
          "rotation": [
            -90,
            "query.target_y_rotation",
            0
          ]
        },
        "waist": {
          "rotation": {
            "0.0": {
              "lerp_mode": "catmullrom",
              "post": [
                0,
                0,
                0
              ]
            }
          }
        }
      },
      "loop": "hold_on_last_frame",
      "override_previous_animation": true
    },
    "animation.ng.corpse.belly1": {
      "animation_length": 0.48,
      "bones": {
        "head": {
          "rotation": {
            "0.0": [
              0,
              0,
              0
            ],
            "0.24": [
              0,
              -15,
              0
            ]
          }
        },
        "leftArm": {
          "rotation": {
            "0.0": [
              0,
              0,
              0
            ],
            "0.24": [
              0,
              0,
              -107.5
            ]
          }
        },
        "leftLeg": {
          "rotation": {
            "0.0": [
              0,
              0,
              0
            ],
            "0.24": [
              0,
              0,
              -10
            ]
          }
        },
        "rightArm": {
          "rotation": {
            "0.0": [
              0,
              0,
              0
            ],
            "0.24": [
              0,
              0,
              120
            ]
          }
        },
        "rightLeg": {
          "rotation": {
            "0.0": [
              0,
              0,
              0
            ],
            "0.24": [
              0,
              0,
              7.5
            ]
          }
        },
        "root": {
          "position": {
            "0.0": [
              0,
              0,
              0
            ],
            "0.24": [
              0,
              2,
              0
            ]
          },
          "rotation": {
            "0.0": [
              0,
              0,
              0
            ],
            "0.32": [
              90,
              "query.target_y_rotation",
              0
            ]
          }
        },
        "waist": {
          "rotation": {
            "0.0": {
              "lerp_mode": "catmullrom",
              "post": [
                0,
                0,
                0
              ]
            },
            "0.2": {
              "lerp_mode": "catmullrom",
              "post": [
                -42.5,
                0,
                0
              ]
            },
            "0.28": {
              "lerp_mode": "catmullrom",
              "post": [
                -27.5,
                0,
                0
              ]
            },
            "0.48": {
              "lerp_mode": "catmullrom",
              "post": [
                0,
                0,
                0
              ]
            }
          }
        }
      },
      "loop": "hold_on_last_frame",
      "override_previous_animation": true
    },
    "animation.ng.corpse.belly1.end": {
      "bones": {
        "head": {
          "rotation": [
            0,
            -15,
            0
          ]
        },
        "leftArm": {
          "rotation": [
            0,
            0,
            -107.5
          ]
        },
        "leftLeg": {
          "rotation": [
            0,
            0,
            -10
          ]
        },
        "rightArm": {
          "rotation": [
            0,
            0,
            120
          ]
        },
        "rightLeg": {
          "rotation": [
            0,
            0,
            7.5
          ]
        },
        "root": {
          "position": [
            0,
            2,
            0
          ],
          "rotation": [
            90,
            "query.target_y_rotation",
            0
          ]
        },
        "waist": {
          "rotation": {
            "0.0": {
              "lerp_mode": "catmullrom",
              "post": [
                0,
                0,
                0
              ]
            }
          }
        }
      },
      "loop": "hold_on_last_frame",
      "override_previous_animation": true
    },
    "animation.ng.corpse.overkill": {
      "animation_length": 3.84,
      "bones": {
        "head": {
          "rotation": {
            "0.0": [
              0,
              0,
              0
            ],
            "0.4": [
              20,
              0,
              0
            ],
            "1.6": [
              20,
              0,
              0
            ],
            "2.0": [
              -5,
              0,
              0
            ],
            "2.72": [
              -5,
              0,
              0
            ],
            "2.96": {
              "lerp_mode": "catmullrom",
              "post": [
                -25,
                0,
                0
              ]
            },
            "3.28": [
              -35,
              0,
              0
            ],
            "3.6": [
              -35,
              0,
              0
            ],
            "3.84": [
              0,
              0,
              0
            ]
          }
        },
        "leftArm": {
          "position": {
            "1.24": [
              0,
              0,
              0
            ],
            "1.6": {
              "lerp_mode": "catmullrom",
              "post": [
                0,
                -0.25882,
                -0.96593
              ]
            },
            "1.96": [
              0,
              0,
              0
            ]
          },
          "rotation": {
            "0.0": [
              0,
              0,
              0
            ],
            "0.24": [
              0,
              0,
              0
            ],
            "0.48": [
              -70,
              25,
              0
            ],
            "0.76": [
              -72.5,
              42.5,
              0
            ],
            "1.0": [
              -72.5,
              42.5,
              0
            ],
            "1.4": [
              -137.5,
              17.5,
              0
            ],
            "1.84": [
              -137.5,
              17.5,
              0
            ],
            "2.0": [
              -190,
              0,
              0
            ],
            "2.16": [
              -169.51995,
              -11.86554,
              19.25656
            ],
            "2.72": [
              -169.52,
              -11.87,
              19.26
            ],
            "2.96": {
              "lerp_mode": "catmullrom",
              "post": [
                -188.42455,
                -4.75426,
                22.02281
              ]
            },
            "3.28": [
              -199.99935,
              -0.00214,
              22.50516
            ],
            "3.6": [
              -199.99935,
              -0.00214,
              22.50516
            ],
            "3.84": [
              -169.51995,
              -11.86554,
              19.25656
            ]
          }
        },
        "leftLeg": {
          "position": {
            "0.0": [
              0,
              0,
              0
            ],
            "0.32": [
              0,
              0,
              -3
            ],
            "0.64": [
              0,
              0,
              -3
            ],
            "1.84": [
              0,
              0,
              -3
            ],
            "2.0": [
              0,
              0,
              0
            ]
          },
          "rotation": {
            "0.0": [
              0,
              0,
              0
            ],
            "0.32": [
              5,
              0,
              0
            ],
            "0.64": [
              5,
              0,
              0
            ],
            "1.84": [
              5,
              0,
              0
            ],
            "2.0": [
              0,
              0,
              0
            ]
          }
        },
        "rightArm": {
          "position": {
            "0.0": [
              0,
              0,
              0
            ],
            "0.32": [
              0,
              -2,
              0
            ],
            "0.64": [
              0,
              -2,
              0
            ],
            "1.6": [
              0,
              -2,
              0
            ],
            "1.84": [
              0,
              -2,
              0
            ],
            "2.0": [
              0,
              0,
              0
            ]
          },
          "rotation": {
            "0.0": [
              0,
              0,
              0
            ],
            "0.32": [
              -22.5,
              -5,
              0
            ],
            "0.68": [
              -70,
              -30,
              0
            ],
            "1.16": [
              -70,
              -30,
              0
            ],
            "1.6": {
              "lerp_mode": "catmullrom",
              "post": [
                -25,
                0,
                0
              ]
            },
            "1.84": {
              "lerp_mode": "catmullrom",
              "post": [
                -25,
                0,
                0
              ]
            },
            "2.0": {
              "lerp_mode": "catmullrom",
              "post": [
                2.5,
                0,
                0
              ]
            },
            "2.16": {
              "lerp_mode": "catmullrom",
              "post": [
                2.1658,
                -2.57594,
                14.78217
              ]
            },
            "3.84": {
              "lerp_mode": "catmullrom",
              "post": [
                2.1658,
                -2.57594,
                14.78217
              ]
            }
          }
        },
        "rightLeg": {
          "position": {
            "0.0": [
              0,
              0,
              0
            ],
            "0.32": [
              0,
              0,
              0
            ],
            "0.64": [
              0,
              0,
              0
            ],
            "1.84": [
              0,
              0,
              0
            ]
          },
          "rotation": {
            "0.0": [
              0,
              0,
              0
            ],
            "0.32": [
              15,
              0,
              0
            ],
            "0.64": [
              15,
              0,
              0
            ],
            "1.84": [
              15,
              0,
              0
            ],
            "2.16": [
              0,
              0,
              0
            ],
            "3.84": [
              0,
              0,
              0
            ]
          }
        },
        "root": {
          "position": {
            "0.0": [
              0,
              0,
              0
            ],
            "0.32": [
              0,
              0,
              -4
            ],
            "1.76": [
              0,
              0,
              -4
            ],
            "1.96": [
              0,
              0,
              -4
            ],
            "2.16": [
              0,
              2,
              -4
            ]
          },
          "rotation": {
            "0.0": [
              0,
              0,
              0
            ],
            "1.76": [
              0,
              0,
              0
            ],
            "2.0": [
              62.5,
              0,
              0
            ],
            "2.16": [
              90,
              0,
              0
            ],
            "3.84": [
              90,
              0,
              0
            ]
          }
        },
        "waist": {
          "position": {
            "0.0": [
              0,
              0,
              0
            ],
            "0.32": [
              0,
              -3,
              0
            ],
            "0.64": [
              0,
              -3,
              0
            ],
            "1.6": [
              0,
              -3,
              0
            ],
            "1.8": [
              0,
              -3,
              0
            ],
            "2.0": [
              0,
              0,
              0
            ]
          },
          "rotation": {
            "0.0": {
              "lerp_mode": "catmullrom",
              "post": [
                0,
                0,
                0
              ]
            },
            "0.64": {
              "lerp_mode": "catmullrom",
              "post": [
                0,
                0,
                0
              ]
            },
            "1.6": [
              -15,
              0,
              0
            ],
            "1.8": [
              -10,
              0,
              0
            ],
            "2.16": [
              -2.5,
              0,
              0
            ],
            "2.72": [
              -2.5,
              0,
              0
            ],
            "2.96": {
              "lerp_mode": "catmullrom",
              "post": [
                -22.5,
                0,
                0
              ]
            },
            "3.28": [
              -32.5,
              0,
              0
            ],
            "3.6": [
              -32.5,
              0,
              0
            ],
            "3.84": [
              -2.5,
              0,
              0
            ]
          }
        }
      },
      "loop": "hold_on_last_frame",
      "override_previous_animation": true
    },
    "animation.ng.corpse.overkill.end": {
      "bones": {
        "head": {
          "rotation": [
            0,
            0,
            0
          ]
        },
        "leftArm": {
          "position": [
            0,
            0,
            0
          ],
          "rotation": [
            -169.52,
            -11.87,
            19.26
          ]
        },
        "leftLeg": {
          "position": [
            0,
            0,
            0
          ],
          "rotation": [
            0,
            0,
            0
          ]
        },
        "rightArm": {
          "position": [
            0,
            0,
            0
          ],
          "rotation": {
            "0.0": {
              "lerp_mode": "catmullrom",
              "post": [
                2.17,
                -2.58,
                14.78
              ]
            }
          }
        },
        "rightLeg": {
          "position": [
            0,
            0,
            0
          ],
          "rotation": [
            0,
            0,
            0
          ]
        },
        "root": {
          "position": [
            0,
            2,
            -4
          ],
          "rotation": [
            90,
            0,
            0
          ]
        },
        "waist": {
          "position": [
            0,
            0,
            0
          ],
          "rotation": [
            -2.5,
            0,
            0
          ]
        }
      },
      "loop": "hold_on_last_frame",
      "override_previous_animation": true
    }
  },
  "format_version": "1.8.0"
}