{
  "animations": {
    "animation.ng.lobby.target.dummy.bounce": {
      "animation_length": 0.8,
      "bones": {
        "base": {
          "rotation": {
            "0.0": {
              "lerp_mode": "catmullrom",
              "post": [
                0,
                0,
                0
              ]
            },
            "0.04": {
              "lerp_mode": "catmullrom",
              "post": [
                0,
                0,
                0
              ]
            },
            "0.12": {
              "lerp_mode": "catmullrom",
              "post": [
                0,
                0,
                0
              ]
            },
            "0.24": {
              "lerp_mode": "catmullrom",
              "post": [
                0,
                0,
                7.5
              ]
            },
            "0.4": {
              "lerp_mode": "catmullrom",
              "post": [
                0,
                0,
                0
              ]
            },
            "0.48": {
              "lerp_mode": "catmullrom",
              "post": [
                0,
                0,
                0
              ]
            },
            "0.6": {
              "lerp_mode": "catmullrom",
              "post": [
                0,
                0,
                -7.5
              ]
            },
            "0.72": {
              "lerp_mode": "catmullrom",
              "post": [
                0,
                0,
                0
              ]
            },
            "0.8": [
              0,
              0,
              0
            ]
          },
          "scale": {
            "0.0": {
              "lerp_mode": "catmullrom",
              "post": [
                1,
                1,
                1
              ]
            },
            "0.12": {
              "lerp_mode": "catmullrom",
              "post": [
                1,
                0.9,
                1
              ]
            },
            "0.28": {
              "lerp_mode": "catmullrom",
              "post": [
                1,
                1,
                1
              ]
            },
            "0.4": {
              "lerp_mode": "catmullrom",
              "post": [
                1,
                1,
                1
              ]
            },
            "0.52": {
              "lerp_mode": "catmullrom",
              "post": [
                1,
                0.9,
                1
              ]
            },
            "0.68": {
              "lerp_mode": "catmullrom",
              "post": [
                1,
                1,
                1
              ]
            },
            "0.8": [
              1,
              1,
              1
            ]
          }
        },
        "straw": {
          "rotation": {
            "0.0": {
              "lerp_mode": "catmullrom",
              "post": [
                0,
                0,
                0
              ]
            },
            "0.16": {
              "lerp_mode": "catmullrom",
              "post": [
                0,
                -5,
                0
              ]
            },
            "0.32": {
              "lerp_mode": "catmullrom",
              "post": [
                0,
                0,
                0
              ]
            },
            "0.48": {
              "lerp_mode": "catmullrom",
              "post": [
                0,
                -5,
                0
              ]
            },
            "0.64": {
              "lerp_mode": "catmullrom",
              "post": [
                0,
                2.5,
                0
              ]
            },
            "0.8": [
              0,
              0,
              0
            ]
          }
        }
      },
      "particle_effects": {
        "0.0": {
          "effect": "straw_hit"
        }
      },
      "sound_effects": {
        "0.0": [
          {
            "effect": "loom_use"
          },
          {
            "effect": "straw_hit"
          }
        ],
        "0.4": {
          "effect": "straw_hit"
        }
      }
    },
    "animation.ng.lobby.target.dummy.hit": {
      "animation_length": 0.2,
      "bones": {
        "base": {
          "rotation": {
            "0.0": {
              "lerp_mode": "catmullrom",
              "post": [
                0,
                0,
                0
              ]
            },
            "0.08": {
              "lerp_mode": "catmullrom",
              "post": [
                -5,
                0,
                0
              ]
            },
            "0.16": {
              "lerp_mode": "catmullrom",
              "post": [
                0,
                0,
                0
              ]
            },
            "0.2": [
              0,
              0,
              0
            ]
          }
        },
        "head2": {
          "rotation": {
            "0.0": {
              "lerp_mode": "catmullrom",
              "post": [
                0,
                0,
                0
              ]
            },
            "0.08": {
              "lerp_mode": "catmullrom",
              "post": [
                0,
                0,
                7.5
              ]
            },
            "0.16": {
              "lerp_mode": "catmullrom",
              "post": [
                0,
                0,
                0
              ]
            },
            "0.2": [
              0,
              0,
              0
            ]
          }
        },
        "straw": {
          "rotation": {
            "0.0": {
              "lerp_mode": "catmullrom",
              "post": [
                0,
                0,
                0
              ]
            },
            "0.08": {
              "lerp_mode": "catmullrom",
              "post": [
                0,
                -7.5,
                0
              ]
            },
            "0.16": {
              "lerp_mode": "catmullrom",
              "post": [
                0,
                0,
                0
              ]
            },
            "0.2": [
              0,
              0,
              0
            ]
          }
        }
      },
      "particle_effects": {
        "0.0": {
          "effect": "straw_hit"
        }
      },
      "sound_effects": {
        "0.0": [
          {
            "effect": "straw_hit"
          },
          {
            "effect": "straw_punch"
          }
        ]
      }
    }
  },
  "format_version": "1.8.0"
}