{
  "animations": {
    "animation.ng.lobby.icon_marker.setup": {
      "animation_length": 4.56,
      "bones": {
        "root": {
          "position": {
            "0.0": {
              "lerp_mode": "catmullrom",
              "post": [
                0,
                -2,
                0
              ]
            },
            "2.28": {
              "lerp_mode": "catmullrom",
              "post": [
                0,
                4,
                0
              ]
            },
            "4.56": {
              "lerp_mode": "catmullrom",
              "post": [
                0,
                -2,
                0
              ]
            }
          },
          "rotation": {
            "0.0": [
              0,
              -360,
              0
            ],
            "2.28": [
              0,
              0,
              0
            ],
            "4.56": [
              0,
              360,
              0
            ]
          },
          "scale": 0.5
        }
      },
      "loop": true,
      "override_previous_animation": true,
      "particle_effects": {
        "0.0": {
          "effect": "icon_marker"
        }
      }
    },
    "animation.ng.lobby.icon_marker.spin": {
      "animation_length": 1.16,
      "bones": {
        "root": {
          "position": {
            "0.0": [
              0,
              -8.5,
              0
            ],
            "0.76": [
              0,
              -4,
              0
            ],
            "1.16": {
              "lerp_mode": "catmullrom",
              "post": [
                0,
                -2,
                0
              ]
            }
          },
          "rotation": {
            "0.0": [
              0,
              -360,
              0
            ],
            "0.12": [
              0,
              -360,
              0
            ],
            "0.44": {
              "lerp_mode": "catmullrom",
              "post": [
                0,
                0,
                0
              ]
            },
            "1.16": [
              0,
              360,
              0
            ]
          },
          "scale": {
            "0.0": [
              0,
              0,
              0
            ],
            "0.12": [
              0,
              0,
              0
            ],
            "1.16": [
              0.5,
              0.5,
              0.5
            ]
          }
        }
      },
      "loop": "hold_on_last_frame",
      "override_previous_animation": true,
      "particle_effects": {
        "0.0": {
          "effect": "icon_marker"
        },
        "0.24": {
          "effect": "icon_marker"
        },
        "0.56": {
          "effect": "icon_marker"
        },
        "0.84": {
          "effect": "icon_marker"
        }
      }
    }
  },
  "format_version": "1.8.0"
}