{
  "animations": {
    "animation.ng.lobby.target.ground.hit": {
      "animation_length": 1.45833,
      "bones": {
        "bone2": {
          "rotation": {
            "0.0": {
              "lerp_mode": "catmullrom",
              "post": [
                0,
                0,
                0
              ]
            },
            "0.2917": {
              "lerp_mode": "catmullrom",
              "post": [
                12.5,
                0,
                0
              ]
            },
            "0.625": {
              "lerp_mode": "catmullrom",
              "post": [
                7.5,
                0,
                0
              ]
            },
            "0.8333": {
              "lerp_mode": "catmullrom",
              "post": [
                45,
                0,
                0
              ]
            },
            "1.0417": {
              "lerp_mode": "catmullrom",
              "post": [
                140,
                0,
                0
              ]
            },
            "1.4583": [
              140,
              0,
              0
            ]
          }
        },
        "root": {
          "rotation": {
            "0.0": [
              0,
              0,
              0
            ],
            "0.1667": [
              -10,
              0,
              0
            ],
            "0.5": [
              0,
              0,
              0
            ],
            "1.4583": [
              0,
              0,
              0
            ]
          }
        },
        "stand": {
          "position": {
            "0.0": {
              "lerp_mode": "catmullrom",
              "post": [
                0,
                0,
                0
              ]
            },
            "0.5833": {
              "lerp_mode": "catmullrom",
              "post": [
                0,
                0,
                0
              ]
            },
            "0.7917": {
              "lerp_mode": "catmullrom",
              "post": [
                0,
                -6,
                6
              ]
            },
            "1.0": {
              "lerp_mode": "catmullrom",
              "post": [
                0,
                -16,
                8
              ]
            },
            "1.4583": [
              0,
              -16,
              8
            ]
          },
          "rotation": {
            "0.0": {
              "lerp_mode": "catmullrom",
              "post": [
                0,
                0,
                0
              ]
            },
            "0.5833": {
              "lerp_mode": "catmullrom",
              "post": [
                0,
                0,
                0
              ]
            },
            "0.7917": {
              "lerp_mode": "catmullrom",
              "post": [
                -25,
                0,
                0
              ]
            },
            "1.0": {
              "lerp_mode": "catmullrom",
              "post": [
                -72.5,
                0,
                0
              ]
            },
            "1.4583": [
              -72.5,
              0,
              0
            ]
          },
          "scale": {
            "0.0": [
              1,
              1,
              1
            ],
            "0.5833": [
              1,
              1,
              1
            ],
            "1.25": [
              0,
              0,
              0
            ],
            "1.4583": [
              0,
              0,
              0
            ]
          }
        },
        "target": {
          "position": {
            "0.0": [
              0,
              0,
              0
            ],
            "0.5833": {
              "lerp_mode": "catmullrom",
              "post": [
                0,
                0,
                0
              ]
            },
            "0.875": {
              "lerp_mode": "catmullrom",
              "post": [
                1,
                -6,
                -1
              ]
            },
            "1.0833": {
              "lerp_mode": "catmullrom",
              "post": [
                3,
                -6,
                -2
              ]
            },
            "1.4583": {
              "lerp_mode": "catmullrom",
              "post": [
                5,
                -11,
                -2
              ]
            }
          },
          "rotation": {
            "0.0": {
              "lerp_mode": "catmullrom",
              "post": [
                0,
                0,
                0
              ]
            },
            "0.125": {
              "lerp_mode": "catmullrom",
              "post": [
                -0.14622,
                11.80015,
                2.5248
              ]
            },
            "0.3333": {
              "lerp_mode": "catmullrom",
              "post": [
                0.72035,
                -3.58914,
                8.21377
              ]
            },
            "0.6667": {
              "lerp_mode": "catmullrom",
              "post": [
                -2.54183,
                10.59827,
                18.82685
              ]
            },
            "0.875": {
              "lerp_mode": "catmullrom",
              "post": [
                3.53365,
                7.64427,
                49.56754
              ]
            },
            "1.125": {
              "lerp_mode": "catmullrom",
              "post": [
                6.96723,
                9.53274,
                72.24615
              ]
            },
            "1.4583": {
              "lerp_mode": "catmullrom",
              "post": [
                14.65714,
                8.85738,
                117.86361
              ]
            }
          },
          "scale": {
            "0.0": [
              1,
              1,
              1
            ],
            "0.625": [
              1,
              1,
              1
            ],
            "1.4583": [
              0,
              0,
              0
            ]
          }
        }
      },
      "particle_effects": {
        "0.0": {
          "effect": "target_hit"
        }
      },
      "sound_effects": {
        "0.0": [
          {
            "effect": "target_hit"
          },
          {
            "effect": "pling"
          }
        ]
      }
    }
  },
  "format_version": "1.8.0"
}