{
  "animations": {
    "animation.ng.npc.skyblock.play": {
      "animation_length": 16.72,
      "bones": {
        "Body": {
          "rotation": {
            "0.0": {
              "lerp_mode": "catmullrom",
              "post": [
                -2.5,
                0,
                0
              ]
            },
            "0.24": {
              "lerp_mode": "catmullrom",
              "post": [
                -7.5,
                0,
                0
              ]
            },
            "1.2": {
              "lerp_mode": "catmullrom",
              "post": [
                0,
                0,
                0
              ]
            },
            "1.32": {
              "lerp_mode": "catmullrom",
              "post": [
                40,
                0,
                0
              ]
            },
            "1.6": {
              "lerp_mode": "catmullrom",
              "post": [
                40,
                0,
                0
              ]
            },
            "10.08": {
              "lerp_mode": "catmullrom",
              "post": [
                14,
                0,
                0
              ]
            },
            "10.28": {
              "lerp_mode": "catmullrom",
              "post": [
                11.5,
                0,
                0
              ]
            },
            "10.44": {
              "lerp_mode": "catmullrom",
              "post": [
                16.5,
                5,
                2.5
              ]
            },
            "10.6": {
              "lerp_mode": "catmullrom",
              "post": [
                16.5,
                7.5,
                10
              ]
            },
            "10.76": {
              "lerp_mode": "catmullrom",
              "post": [
                14,
                5,
                10
              ]
            },
            "11.2": {
              "lerp_mode": "catmullrom",
              "post": [
                -11,
                5,
                10
              ]
            },
            "11.8": {
              "lerp_mode": "catmullrom",
              "post": [
                -16,
                5,
                10
              ]
            },
            "12.4": {
              "lerp_mode": "catmullrom",
              "post": [
                0,
                -15,
                0
              ]
            },
            "12.6": {
              "lerp_mode": "catmullrom",
              "post": [
                47.5,
                -15,
                0
              ]
            },
            "12.72": {
              "lerp_mode": "catmullrom",
              "post": [
                42.5,
                -15,
                0
              ]
            },
            "12.84": {
              "lerp_mode": "catmullrom",
              "post": [
                47.63,
                -15,
                0
              ]
            },
            "12.92": {
              "lerp_mode": "catmullrom",
              "post": [
                50.12,
                -15,
                0
              ]
            },
            "12.96": {
              "lerp_mode": "catmullrom",
              "post": [
                35.04,
                -15,
                0
              ]
            },
            "13.08": {
              "lerp_mode": "catmullrom",
              "post": [
                38.71,
                -10,
                0
              ]
            },
            "13.2": {
              "lerp_mode": "catmullrom",
              "post": [
                42.12,
                -10.52,
                0
              ]
            },
            "13.28": {
              "lerp_mode": "catmullrom",
              "post": [
                37.53,
                -10.86,
                0
              ]
            },
            "13.36": {
              "lerp_mode": "catmullrom",
              "post": [
                43.36,
                -13.7,
                0
              ]
            },
            "13.44": {
              "lerp_mode": "catmullrom",
              "post": [
                38.74,
                -13.82,
                -5
              ]
            },
            "13.56": {
              "lerp_mode": "catmullrom",
              "post": [
                37.55,
                -11.5,
                0.75
              ]
            },
            "13.64": {
              "lerp_mode": "catmullrom",
              "post": [
                18.72,
                -11.91,
                0.66
              ]
            },
            "13.84": {
              "lerp_mode": "catmullrom",
              "post": [
                30.81,
                -12.94,
                0.44
              ]
            },
            "13.92": {
              "lerp_mode": "catmullrom",
              "post": [
                36.65,
                -13.35,
                -4.65
              ]
            },
            "14.04": {
              "lerp_mode": "catmullrom",
              "post": [
                38.22,
                -13.97,
                4.59
              ]
            },
            "14.12": {
              "lerp_mode": "catmullrom",
              "post": [
                42.58,
                -14.18,
                -6.33
              ]
            },
            "14.24": {
              "lerp_mode": "catmullrom",
              "post": [
                47.5,
                -15,
                0
              ]
            },
            "14.8": {
              "lerp_mode": "catmullrom",
              "post": [
                -2.5,
                0,
                0
              ]
            },
            "2.16": {
              "lerp_mode": "catmullrom",
              "post": [
                -2.5,
                0,
                0
              ]
            },
            "2.44": {
              "lerp_mode": "catmullrom",
              "post": [
                -2.5,
                0,
                0
              ]
            },
            "2.72": {
              "lerp_mode": "catmullrom",
              "post": [
                -2.5,
                30,
                0
              ]
            },
            "3.04": {
              "lerp_mode": "catmullrom",
              "post": [
                -2.5,
                30,
                0
              ]
            },
            "3.64": {
              "lerp_mode": "catmullrom",
              "post": [
                -2.5,
                -42.5,
                0
              ]
            },
            "4.24": {
              "lerp_mode": "catmullrom",
              "post": [
                -2.5,
                -42.5,
                0
              ]
            },
            "4.92": {
              "lerp_mode": "catmullrom",
              "post": [
                5,
                0,
                0
              ]
            },
            "5.12": {
              "lerp_mode": "catmullrom",
              "post": [
                -7.5,
                0,
                0
              ]
            },
            "5.52": {
              "lerp_mode": "catmullrom",
              "post": [
                -12.5,
                0,
                0
              ]
            },
            "5.96": {
              "lerp_mode": "catmullrom",
              "post": [
                -12.5,
                0,
                0
              ]
            },
            "6.84": {
              "lerp_mode": "catmullrom",
              "post": [
                -17.5,
                0,
                0
              ]
            },
            "7.2": {
              "lerp_mode": "catmullrom",
              "post": [
                2.5,
                0,
                0
              ]
            },
            "7.4": {
              "lerp_mode": "catmullrom",
              "post": [
                4.5,
                0,
                0
              ]
            },
            "7.52": {
              "lerp_mode": "catmullrom",
              "post": [
                1.5,
                0,
                0
              ]
            },
            "7.68": {
              "lerp_mode": "catmullrom",
              "post": [
                4.5,
                0,
                0
              ]
            },
            "7.8": {
              "lerp_mode": "catmullrom",
              "post": [
                1.5,
                0,
                0
              ]
            },
            "7.92": {
              "lerp_mode": "catmullrom",
              "post": [
                4.5,
                0,
                0
              ]
            },
            "8.04": {
              "lerp_mode": "catmullrom",
              "post": [
                1.5,
                0,
                0
              ]
            },
            "8.48": {
              "lerp_mode": "catmullrom",
              "post": [
                1.5,
                0,
                0
              ]
            },
            "8.92": {
              "lerp_mode": "catmullrom",
              "post": [
                -11,
                0,
                0
              ]
            },
            "9.16": {
              "lerp_mode": "catmullrom",
              "post": [
                -3.5,
                0,
                0
              ]
            },
            "9.56": {
              "lerp_mode": "catmullrom",
              "post": [
                9,
                0,
                0
              ]
            }
          }
        },
        "Head": {
          "rotation": {
            "0.0": {
              "lerp_mode": "catmullrom",
              "post": [
                -22.5,
                0,
                0
              ]
            },
            "0.2": {
              "lerp_mode": "catmullrom",
              "post": [
                -22.5,
                0,
                0
              ]
            },
            "0.92": {
              "lerp_mode": "catmullrom",
              "post": [
                -30,
                0,
                0
              ]
            },
            "1.08": {
              "lerp_mode": "catmullrom",
              "post": [
                0,
                0,
                0
              ]
            },
            "1.52": {
              "lerp_mode": "catmullrom",
              "post": [
                32.5,
                0,
                0
              ]
            },
            "10.64": {
              "lerp_mode": "catmullrom",
              "post": [
                17.5,
                -15,
                -2.5
              ]
            },
            "10.76": {
              "lerp_mode": "catmullrom",
              "post": [
                15,
                -5,
                -2.5
              ]
            },
            "10.96": {
              "lerp_mode": "catmullrom",
              "post": [
                15,
                -10,
                -2.5
              ]
            },
            "11.28": {
              "lerp_mode": "catmullrom",
              "post": [
                -27.5,
                30,
                -2.5
              ]
            },
            "11.8": {
              "lerp_mode": "catmullrom",
              "post": [
                -27.5,
                35,
                -2.5
              ]
            },
            "12.4": {
              "lerp_mode": "catmullrom",
              "post": [
                0,
                0,
                0
              ]
            },
            "12.6": {
              "lerp_mode": "catmullrom",
              "post": [
                30,
                0,
                0
              ]
            },
            "12.72": {
              "lerp_mode": "catmullrom",
              "post": [
                27.5,
                0,
                0
              ]
            },
            "14.2": {
              "lerp_mode": "catmullrom",
              "post": [
                30,
                0,
                0
              ]
            },
            "14.48": {
              "lerp_mode": "catmullrom",
              "post": [
                -79.5,
                0,
                0
              ]
            },
            "14.8": {
              "lerp_mode": "catmullrom",
              "post": [
                -22.5,
                0,
                0
              ]
            },
            "2.28": {
              "lerp_mode": "catmullrom",
              "post": [
                7.5,
                0,
                0
              ]
            },
            "2.6": {
              "lerp_mode": "catmullrom",
              "post": [
                7.5,
                42.5,
                12
              ]
            },
            "2.68": {
              "lerp_mode": "catmullrom",
              "post": [
                7.5,
                62.5,
                15
              ]
            },
            "3.2": {
              "lerp_mode": "catmullrom",
              "post": [
                7.5,
                62.5,
                15
              ]
            },
            "3.64": {
              "lerp_mode": "catmullrom",
              "post": [
                0,
                -77.5,
                -7.5
              ]
            },
            "4.24": {
              "lerp_mode": "catmullrom",
              "post": [
                0,
                -77.5,
                -7.5
              ]
            },
            "4.92": {
              "lerp_mode": "catmullrom",
              "post": [
                -5,
                0,
                0
              ]
            },
            "5.28": {
              "lerp_mode": "catmullrom",
              "post": [
                -42.5,
                0,
                0
              ]
            },
            "5.44": {
              "lerp_mode": "catmullrom",
              "post": [
                -50,
                0,
                0
              ]
            },
            "5.68": {
              "lerp_mode": "catmullrom",
              "post": [
                -42.5,
                0,
                0
              ]
            },
            "5.96": {
              "lerp_mode": "catmullrom",
              "post": [
                -50,
                0,
                0
              ]
            },
            "7.24": {
              "lerp_mode": "catmullrom",
              "post": [
                27.5,
                0,
                0
              ]
            },
            "7.4": {
              "lerp_mode": "catmullrom",
              "post": [
                32.5,
                0,
                -10
              ]
            },
            "7.52": {
              "lerp_mode": "catmullrom",
              "post": [
                32.5,
                0,
                -2.5
              ]
            },
            "7.68": {
              "lerp_mode": "catmullrom",
              "post": [
                32.5,
                0,
                -10
              ]
            },
            "7.8": {
              "lerp_mode": "catmullrom",
              "post": [
                32.5,
                0,
                -2.5
              ]
            },
            "7.92": {
              "lerp_mode": "catmullrom",
              "post": [
                32.5,
                0,
                -10
              ]
            },
            "8.04": {
              "lerp_mode": "catmullrom",
              "post": [
                32.5,
                0,
                -2.5
              ]
            },
            "8.48": {
              "lerp_mode": "catmullrom",
              "post": [
                32.5,
                0,
                -2.5
              ]
            },
            "8.92": {
              "lerp_mode": "catmullrom",
              "post": [
                10,
                0,
                -2.5
              ]
            },
            "9.16": {
              "lerp_mode": "catmullrom",
              "post": [
                17.5,
                0,
                -2.5
              ]
            },
            "9.8": {
              "lerp_mode": "catmullrom",
              "post": [
                12.5,
                -7.5,
                -2.5
              ]
            }
          }
        },
        "LeftArm": {
          "rotation": {
            "0.0": {
              "lerp_mode": "catmullrom",
              "post": [
                10,
                0,
                -130
              ]
            },
            "0.2": {
              "lerp_mode": "catmullrom",
              "post": [
                10,
                0,
                -130
              ]
            },
            "0.84": {
              "lerp_mode": "catmullrom",
              "post": [
                12.5,
                0,
                -137.5
              ]
            },
            "1.2": {
              "lerp_mode": "catmullrom",
              "post": [
                0,
                0,
                -15
              ]
            },
            "1.44": {
              "lerp_mode": "catmullrom",
              "post": [
                -5,
                0,
                -35
              ]
            },
            "1.92": {
              "lerp_mode": "catmullrom",
              "post": [
                -5,
                0,
                -12.5
              ]
            },
            "10.08": {
              "lerp_mode": "catmullrom",
              "post": [
                -97.5,
                17.5,
                -15
              ]
            },
            "10.28": {
              "lerp_mode": "catmullrom",
              "post": [
                -60,
                2.5,
                -15
              ]
            },
            "10.44": {
              "lerp_mode": "catmullrom",
              "post": [
                -80,
                17.5,
                -15
              ]
            },
            "10.6": {
              "lerp_mode": "catmullrom",
              "post": [
                -80,
                10,
                -15
              ]
            },
            "10.76": {
              "lerp_mode": "catmullrom",
              "post": [
                -80,
                22.5,
                -5
              ]
            },
            "11.2": {
              "lerp_mode": "catmullrom",
              "post": [
                -127.5,
                -35,
                -5
              ]
            },
            "11.8": {
              "lerp_mode": "catmullrom",
              "post": [
                -127.5,
                -40,
                -5
              ]
            },
            "12.4": {
              "lerp_mode": "catmullrom",
              "post": [
                0,
                0,
                -10
              ]
            },
            "12.96": {
              "lerp_mode": "catmullrom",
              "post": [
                0,
                0,
                -30
              ]
            },
            "13.08": {
              "lerp_mode": "catmullrom",
              "post": [
                0,
                0,
                -10.56
              ]
            },
            "14.2": {
              "lerp_mode": "catmullrom",
              "post": [
                0,
                0,
                -10
              ]
            },
            "14.8": {
              "lerp_mode": "catmullrom",
              "post": [
                10,
                0,
                -130
              ]
            },
            "2.4": {
              "lerp_mode": "catmullrom",
              "post": [
                -10.45,
                0,
                -17.5
              ]
            },
            "2.8": {
              "lerp_mode": "catmullrom",
              "post": [
                -15,
                0,
                -12.5
              ]
            },
            "2.88": {
              "lerp_mode": "catmullrom",
              "post": [
                -15,
                0,
                -11.5
              ]
            },
            "3.04": {
              "lerp_mode": "catmullrom",
              "post": [
                -15,
                0,
                -12.5
              ]
            },
            "3.36": {
              "lerp_mode": "catmullrom",
              "post": [
                -3.75,
                0,
                -25
              ]
            },
            "3.68": {
              "lerp_mode": "catmullrom",
              "post": [
                7.5,
                0,
                -17.5
              ]
            },
            "4.0": {
              "lerp_mode": "catmullrom",
              "post": [
                7.5,
                0,
                -14.5
              ]
            },
            "4.24": {
              "lerp_mode": "catmullrom",
              "post": [
                7.5,
                0,
                -17.5
              ]
            },
            "4.64": {
              "lerp_mode": "catmullrom",
              "post": [
                -2.5,
                0,
                -10
              ]
            },
            "5.08": {
              "lerp_mode": "catmullrom",
              "post": [
                -80,
                5,
                0
              ]
            },
            "5.52": {
              "lerp_mode": "catmullrom",
              "post": [
                -70,
                5,
                0
              ]
            },
            "5.96": {
              "lerp_mode": "catmullrom",
              "post": [
                -70,
                5,
                0
              ]
            },
            "6.36": {
              "lerp_mode": "catmullrom",
              "post": [
                -105,
                5,
                0
              ]
            },
            "6.84": {
              "lerp_mode": "catmullrom",
              "post": [
                -112.5,
                5,
                0
              ]
            },
            "7.24": {
              "lerp_mode": "catmullrom",
              "post": [
                -55,
                5,
                0
              ]
            },
            "7.4": {
              "lerp_mode": "catmullrom",
              "post": [
                -57.86,
                10.5,
                0
              ]
            },
            "7.52": {
              "lerp_mode": "catmullrom",
              "post": [
                -60,
                5,
                0
              ]
            },
            "7.68": {
              "lerp_mode": "catmullrom",
              "post": [
                -57.86,
                10.5,
                0
              ]
            },
            "7.8": {
              "lerp_mode": "catmullrom",
              "post": [
                -60,
                5,
                0
              ]
            },
            "7.92": {
              "lerp_mode": "catmullrom",
              "post": [
                -57.86,
                10.5,
                0
              ]
            },
            "8.04": {
              "lerp_mode": "catmullrom",
              "post": [
                -60,
                5,
                0
              ]
            },
            "8.48": {
              "lerp_mode": "catmullrom",
              "post": [
                -60,
                5,
                0
              ]
            },
            "8.92": {
              "lerp_mode": "catmullrom",
              "post": [
                12.5,
                5,
                -5
              ]
            },
            "9.8": {
              "lerp_mode": "catmullrom",
              "post": [
                -72.5,
                17.5,
                -15
              ]
            }
          }
        },
        "LeftLeg": {
          "rotation": {
            "0.0": {
              "lerp_mode": "catmullrom",
              "post": [
                -2.5,
                0,
                -22.5
              ]
            },
            "0.2": {
              "lerp_mode": "catmullrom",
              "post": [
                -2.5,
                0,
                -22.5
              ]
            },
            "0.88": {
              "lerp_mode": "catmullrom",
              "post": [
                5,
                0,
                -27.5
              ]
            },
            "1.0": {
              "lerp_mode": "catmullrom",
              "post": [
                5,
                0,
                -45
              ]
            },
            "1.28": {
              "lerp_mode": "catmullrom",
              "post": [
                -2.5,
                0,
                -7.5
              ]
            },
            "10.0": {
              "lerp_mode": "catmullrom",
              "post": [
                -7.5,
                0,
                -7.5
              ]
            },
            "10.16": {
              "lerp_mode": "catmullrom",
              "post": [
                5,
                0,
                -7.5
              ]
            },
            "11.8": {
              "lerp_mode": "catmullrom",
              "post": [
                10,
                -2.5,
                -10
              ]
            },
            "11.96": {
              "lerp_mode": "catmullrom",
              "post": [
                -10,
                -2.5,
                -10
              ]
            },
            "12.16": {
              "lerp_mode": "catmullrom",
              "post": [
                7.5,
                -2.5,
                -10
              ]
            },
            "12.36": {
              "lerp_mode": "catmullrom",
              "post": [
                -10,
                -2.5,
                -10
              ]
            },
            "12.6": {
              "lerp_mode": "catmullrom",
              "post": [
                2.5,
                -2.5,
                -10
              ]
            },
            "12.76": {
              "lerp_mode": "catmullrom",
              "post": [
                -2.5,
                -2.5,
                -10
              ]
            },
            "12.84": {
              "lerp_mode": "catmullrom",
              "post": [
                0.28,
                -2.5,
                -10
              ]
            },
            "13.2": {
              "lerp_mode": "catmullrom",
              "post": [
                0.87,
                -2.5,
                -15
              ]
            },
            "13.28": {
              "lerp_mode": "catmullrom",
              "post": [
                -4,
                -2.5,
                -12.1
              ]
            },
            "13.36": {
              "lerp_mode": "catmullrom",
              "post": [
                -5.93,
                -2.5,
                -11.92
              ]
            },
            "13.44": {
              "lerp_mode": "catmullrom",
              "post": [
                -0.13,
                -2.5,
                -11.74
              ]
            },
            "13.56": {
              "lerp_mode": "catmullrom",
              "post": [
                0.29,
                -2.5,
                -8.97
              ]
            },
            "13.76": {
              "lerp_mode": "catmullrom",
              "post": [
                3.48,
                -2.5,
                -11.79
              ]
            },
            "13.84": {
              "lerp_mode": "catmullrom",
              "post": [
                5.8,
                -2.5,
                -11.46
              ]
            },
            "13.92": {
              "lerp_mode": "catmullrom",
              "post": [
                5.07,
                -2.5,
                -13.64
              ]
            },
            "14.0": {
              "lerp_mode": "catmullrom",
              "post": [
                1.84,
                -2.5,
                -12.6
              ]
            },
            "14.08": {
              "lerp_mode": "catmullrom",
              "post": [
                2.1,
                -2.5,
                -14.06
              ]
            },
            "14.2": {
              "lerp_mode": "catmullrom",
              "post": [
                2.5,
                -2.5,
                -10
              ]
            },
            "14.44": {
              "lerp_mode": "catmullrom",
              "post": [
                0.5,
                -1.5,
                -40
              ]
            },
            "14.8": {
              "lerp_mode": "catmullrom",
              "post": [
                -2.5,
                0,
                -22.5
              ]
            },
            "2.44": {
              "lerp_mode": "catmullrom",
              "post": [
                -2.5,
                0,
                -7.5
              ]
            },
            "2.76": {
              "lerp_mode": "catmullrom",
              "post": [
                -2.5,
                20,
                -7.5
              ]
            },
            "3.08": {
              "lerp_mode": "catmullrom",
              "post": [
                -2.5,
                20,
                -7.5
              ]
            },
            "3.64": {
              "lerp_mode": "catmullrom",
              "post": [
                -2.5,
                -25,
                -7.5
              ]
            },
            "4.24": {
              "lerp_mode": "catmullrom",
              "post": [
                -2.5,
                -25,
                -7.5
              ]
            },
            "4.4": {
              "lerp_mode": "catmullrom",
              "post": [
                25,
                -13.24,
                -7.5
              ]
            },
            "4.56": {
              "lerp_mode": "catmullrom",
              "post": [
                -10.96,
                -9.17,
                -7.5
              ]
            },
            "4.68": {
              "lerp_mode": "catmullrom",
              "post": [
                20.3,
                -5.09,
                -7.5
              ]
            },
            "4.8": {
              "lerp_mode": "catmullrom",
              "post": [
                -6.32,
                -3.05,
                -7.5
              ]
            },
            "4.92": {
              "lerp_mode": "catmullrom",
              "post": [
                -2.5,
                0,
                -7.5
              ]
            },
            "5.08": {
              "lerp_mode": "catmullrom",
              "post": [
                3.06,
                0,
                -7.5
              ]
            },
            "5.28": {
              "lerp_mode": "catmullrom",
              "post": [
                -12.5,
                0,
                -7.5
              ]
            },
            "5.44": {
              "lerp_mode": "catmullrom",
              "post": [
                -5,
                0,
                -7.5
              ]
            },
            "5.68": {
              "lerp_mode": "catmullrom",
              "post": [
                -12.5,
                0,
                -7.5
              ]
            },
            "6.0": {
              "lerp_mode": "catmullrom",
              "post": [
                -5,
                0,
                -7.5
              ]
            },
            "6.2": {
              "lerp_mode": "catmullrom",
              "post": [
                -20,
                0,
                -7.5
              ]
            },
            "6.36": {
              "lerp_mode": "catmullrom",
              "post": [
                12.5,
                0,
                -7.5
              ]
            },
            "6.84": {
              "lerp_mode": "catmullrom",
              "post": [
                -2.5,
                0,
                -7.5
              ]
            },
            "7.2": {
              "lerp_mode": "catmullrom",
              "post": [
                -5,
                0,
                -7.5
              ]
            },
            "8.16": {
              "lerp_mode": "catmullrom",
              "post": [
                -5,
                0,
                -7.5
              ]
            },
            "8.32": {
              "lerp_mode": "catmullrom",
              "post": [
                5,
                0,
                -7.5
              ]
            },
            "8.44": {
              "lerp_mode": "catmullrom",
              "post": [
                -10,
                0,
                -7.5
              ]
            },
            "8.56": {
              "lerp_mode": "catmullrom",
              "post": [
                5,
                0,
                -7.5
              ]
            },
            "9.48": {
              "lerp_mode": "catmullrom",
              "post": [
                -21.5,
                0,
                -7.5
              ]
            },
            "9.76": {
              "lerp_mode": "catmullrom",
              "post": [
                12.57,
                0,
                -7.5
              ]
            }
          }
        },
        "RightArm": {
          "rotation": {
            "0.0": {
              "lerp_mode": "catmullrom",
              "post": [
                17.5,
                0,
                122.5
              ]
            },
            "0.2": {
              "lerp_mode": "catmullrom",
              "post": [
                17.5,
                0,
                122.5
              ]
            },
            "0.84": {
              "lerp_mode": "catmullrom",
              "post": [
                17.5,
                0,
                142.5
              ]
            },
            "1.2": {
              "lerp_mode": "catmullrom",
              "post": [
                0,
                0,
                22.5
              ]
            },
            "1.44": {
              "lerp_mode": "catmullrom",
              "post": [
                -2.5,
                0,
                42.5
              ]
            },
            "1.92": {
              "lerp_mode": "catmullrom",
              "post": [
                -2.5,
                0,
                15
              ]
            },
            "10.08": {
              "lerp_mode": "catmullrom",
              "post": [
                -60,
                -35,
                12.5
              ]
            },
            "10.28": {
              "lerp_mode": "catmullrom",
              "post": [
                -75,
                -20,
                12.5
              ]
            },
            "10.44": {
              "lerp_mode": "catmullrom",
              "post": [
                -85,
                -32.5,
                12.5
              ]
            },
            "10.6": {
              "lerp_mode": "catmullrom",
              "post": [
                -62.5,
                -15,
                12.5
              ]
            },
            "10.76": {
              "lerp_mode": "catmullrom",
              "post": [
                -82.5,
                -20,
                12.5
              ]
            },
            "11.2": {
              "lerp_mode": "catmullrom",
              "post": [
                -135,
                -7.5,
                -32.5
              ]
            },
            "11.8": {
              "lerp_mode": "catmullrom",
              "post": [
                -142.5,
                -7.5,
                -32.5
              ]
            },
            "12.4": {
              "lerp_mode": "catmullrom",
              "post": [
                0,
                0,
                15
              ]
            },
            "12.68": {
              "lerp_mode": "catmullrom",
              "post": [
                -117.5,
                15,
                15
              ]
            },
            "12.8": {
              "lerp_mode": "catmullrom",
              "post": [
                -65,
                15,
                15
              ]
            },
            "12.92": {
              "lerp_mode": "catmullrom",
              "post": [
                -117.5,
                15,
                15
              ]
            },
            "13.0": {
              "lerp_mode": "catmullrom",
              "post": [
                -65,
                15,
                15
              ]
            },
            "13.08": {
              "lerp_mode": "catmullrom",
              "post": [
                -117.5,
                15,
                15
              ]
            },
            "13.16": {
              "lerp_mode": "catmullrom",
              "post": [
                -65,
                15,
                15
              ]
            },
            "13.32": {
              "lerp_mode": "catmullrom",
              "post": [
                -117.5,
                15,
                15
              ]
            },
            "13.44": {
              "lerp_mode": "catmullrom",
              "post": [
                -65,
                15,
                15
              ]
            },
            "13.56": {
              "lerp_mode": "catmullrom",
              "post": [
                -117.5,
                15,
                15
              ]
            },
            "13.64": {
              "lerp_mode": "catmullrom",
              "post": [
                -65,
                15,
                15
              ]
            },
            "13.72": {
              "lerp_mode": "catmullrom",
              "post": [
                -117.5,
                15,
                15
              ]
            },
            "13.8": {
              "lerp_mode": "catmullrom",
              "post": [
                -65,
                15,
                15
              ]
            },
            "13.96": {
              "lerp_mode": "catmullrom",
              "post": [
                -117.5,
                15,
                15
              ]
            },
            "14.08": {
              "lerp_mode": "catmullrom",
              "post": [
                -65,
                15,
                15
              ]
            },
            "14.2": {
              "lerp_mode": "catmullrom",
              "post": [
                -117.5,
                15,
                15
              ]
            },
            "14.28": {
              "lerp_mode": "catmullrom",
              "post": [
                -65,
                15,
                15
              ]
            },
            "14.36": {
              "lerp_mode": "catmullrom",
              "post": [
                -117.5,
                15,
                15
              ]
            },
            "14.44": {
              "lerp_mode": "catmullrom",
              "post": [
                -65,
                15,
                15
              ]
            },
            "14.8": {
              "lerp_mode": "catmullrom",
              "post": [
                17.5,
                0,
                122.5
              ]
            },
            "2.4": {
              "lerp_mode": "catmullrom",
              "post": [
                2.95,
                -5,
                20
              ]
            },
            "2.8": {
              "lerp_mode": "catmullrom",
              "post": [
                7.5,
                0,
                15
              ]
            },
            "3.04": {
              "lerp_mode": "catmullrom",
              "post": [
                7.5,
                0,
                15
              ]
            },
            "3.36": {
              "lerp_mode": "catmullrom",
              "post": [
                0,
                -5,
                22.5
              ]
            },
            "3.68": {
              "lerp_mode": "catmullrom",
              "post": [
                -7.5,
                -10,
                15
              ]
            },
            "4.24": {
              "lerp_mode": "catmullrom",
              "post": [
                -7.5,
                -10,
                15
              ]
            },
            "4.6": {
              "lerp_mode": "catmullrom",
              "post": [
                -10,
                0,
                5
              ]
            },
            "5.08": {
              "lerp_mode": "catmullrom",
              "post": [
                -80,
                -25,
                5
              ]
            },
            "5.52": {
              "lerp_mode": "catmullrom",
              "post": [
                -75,
                -25,
                5
              ]
            },
            "5.96": {
              "lerp_mode": "catmullrom",
              "post": [
                -75,
                -25,
                5
              ]
            },
            "6.36": {
              "lerp_mode": "catmullrom",
              "post": [
                -117.5,
                -25,
                5
              ]
            },
            "6.84": {
              "lerp_mode": "catmullrom",
              "post": [
                -120,
                -25,
                5
              ]
            },
            "7.24": {
              "lerp_mode": "catmullrom",
              "post": [
                -62.5,
                -25,
                5
              ]
            },
            "7.4": {
              "lerp_mode": "catmullrom",
              "post": [
                -66.79,
                -24,
                5
              ]
            },
            "7.52": {
              "lerp_mode": "catmullrom",
              "post": [
                -70,
                -25,
                5
              ]
            },
            "7.68": {
              "lerp_mode": "catmullrom",
              "post": [
                -66.79,
                -24,
                5
              ]
            },
            "7.8": {
              "lerp_mode": "catmullrom",
              "post": [
                -70,
                -25,
                5
              ]
            },
            "7.92": {
              "lerp_mode": "catmullrom",
              "post": [
                -66.79,
                -24,
                5
              ]
            },
            "8.04": {
              "lerp_mode": "catmullrom",
              "post": [
                -70,
                -25,
                5
              ]
            },
            "8.48": {
              "lerp_mode": "catmullrom",
              "post": [
                -70,
                -25,
                5
              ]
            },
            "8.92": {
              "lerp_mode": "catmullrom",
              "post": [
                -105,
                22.5,
                5
              ]
            },
            "9.16": {
              "lerp_mode": "catmullrom",
              "post": [
                -32.5,
                22.5,
                5
              ]
            },
            "9.8": {
              "lerp_mode": "catmullrom",
              "post": [
                -52.5,
                -22.5,
                12.5
              ]
            }
          }
        },
        "RightLeg": {
          "rotation": {
            "0.0": {
              "lerp_mode": "catmullrom",
              "post": [
                7.5,
                0,
                25
              ]
            },
            "0.2": {
              "lerp_mode": "catmullrom",
              "post": [
                7.5,
                0,
                25
              ]
            },
            "0.88": {
              "lerp_mode": "catmullrom",
              "post": [
                10,
                0,
                30
              ]
            },
            "1.0": {
              "lerp_mode": "catmullrom",
              "post": [
                12.5,
                0,
                50
              ]
            },
            "1.28": {
              "lerp_mode": "catmullrom",
              "post": [
                -2.5,
                0,
                10
              ]
            },
            "10.0": {
              "lerp_mode": "catmullrom",
              "post": [
                7.5,
                0,
                7.5
              ]
            },
            "10.16": {
              "lerp_mode": "catmullrom",
              "post": [
                -12.5,
                0,
                7.5
              ]
            },
            "11.8": {
              "lerp_mode": "catmullrom",
              "post": [
                -12.5,
                0,
                10
              ]
            },
            "11.96": {
              "lerp_mode": "catmullrom",
              "post": [
                7.5,
                0,
                10
              ]
            },
            "12.16": {
              "lerp_mode": "catmullrom",
              "post": [
                -14.84,
                0,
                10
              ]
            },
            "12.36": {
              "lerp_mode": "catmullrom",
              "post": [
                4.41,
                0,
                10
              ]
            },
            "12.6": {
              "lerp_mode": "catmullrom",
              "post": [
                -5,
                0,
                10
              ]
            },
            "12.76": {
              "lerp_mode": "catmullrom",
              "post": [
                0,
                0,
                10
              ]
            },
            "12.84": {
              "lerp_mode": "catmullrom",
              "post": [
                -2.78,
                0,
                10
              ]
            },
            "13.2": {
              "lerp_mode": "catmullrom",
              "post": [
                -3.37,
                0,
                12.5
              ]
            },
            "13.28": {
              "lerp_mode": "catmullrom",
              "post": [
                -1,
                0,
                14.8
              ]
            },
            "13.36": {
              "lerp_mode": "catmullrom",
              "post": [
                -1.35,
                0,
                16.88
              ]
            },
            "13.44": {
              "lerp_mode": "catmullrom",
              "post": [
                -1.7,
                0,
                13.72
              ]
            },
            "13.56": {
              "lerp_mode": "catmullrom",
              "post": [
                -2.22,
                0,
                10.63
              ]
            },
            "13.76": {
              "lerp_mode": "catmullrom",
              "post": [
                -5.59,
                0,
                10.43
              ]
            },
            "13.84": {
              "lerp_mode": "catmullrom",
              "post": [
                -5.48,
                0,
                7.85
              ]
            },
            "13.92": {
              "lerp_mode": "catmullrom",
              "post": [
                -5.37,
                0,
                13.33
              ]
            },
            "14.0": {
              "lerp_mode": "catmullrom",
              "post": [
                -5.26,
                0,
                9.88
              ]
            },
            "14.08": {
              "lerp_mode": "catmullrom",
              "post": [
                -5.16,
                0,
                12.43
              ]
            },
            "14.2": {
              "lerp_mode": "catmullrom",
              "post": [
                -5,
                0,
                10
              ]
            },
            "14.44": {
              "lerp_mode": "catmullrom",
              "post": [
                0,
                0,
                46
              ]
            },
            "14.8": {
              "lerp_mode": "catmullrom",
              "post": [
                7.5,
                0,
                25
              ]
            },
            "2.44": {
              "lerp_mode": "catmullrom",
              "post": [
                -2.5,
                0,
                10
              ]
            },
            "2.76": {
              "lerp_mode": "catmullrom",
              "post": [
                -2.5,
                30,
                10
              ]
            },
            "3.08": {
              "lerp_mode": "catmullrom",
              "post": [
                -2.5,
                30,
                10
              ]
            },
            "3.64": {
              "lerp_mode": "catmullrom",
              "post": [
                -2.5,
                -17.5,
                10
              ]
            },
            "4.24": {
              "lerp_mode": "catmullrom",
              "post": [
                -2.5,
                -17.5,
                10
              ]
            },
            "4.4": {
              "lerp_mode": "catmullrom",
              "post": [
                -23.97,
                -21.76,
                8.82
              ]
            },
            "4.56": {
              "lerp_mode": "catmullrom",
              "post": [
                19.94,
                -15.06,
                8.41
              ]
            },
            "4.68": {
              "lerp_mode": "catmullrom",
              "post": [
                -14.2,
                -8.37,
                8.01
              ]
            },
            "4.8": {
              "lerp_mode": "catmullrom",
              "post": [
                13.48,
                -5.02,
                7.81
              ]
            },
            "4.92": {
              "lerp_mode": "catmullrom",
              "post": [
                5,
                0,
                7.5
              ]
            },
            "5.08": {
              "lerp_mode": "catmullrom",
              "post": [
                -15.28,
                0,
                7.5
              ]
            },
            "5.28": {
              "lerp_mode": "catmullrom",
              "post": [
                -12.5,
                0,
                7.5
              ]
            },
            "5.44": {
              "lerp_mode": "catmullrom",
              "post": [
                -17.5,
                0,
                7.5
              ]
            },
            "5.68": {
              "lerp_mode": "catmullrom",
              "post": [
                -12.5,
                0,
                7.5
              ]
            },
            "5.96": {
              "lerp_mode": "catmullrom",
              "post": [
                -17.5,
                0,
                7.5
              ]
            },
            "6.2": {
              "lerp_mode": "catmullrom",
              "post": [
                15,
                0,
                7.5
              ]
            },
            "6.36": {
              "lerp_mode": "catmullrom",
              "post": [
                0,
                0,
                7.5
              ]
            },
            "6.84": {
              "lerp_mode": "catmullrom",
              "post": [
                2.14,
                0,
                7.5
              ]
            },
            "7.2": {
              "lerp_mode": "catmullrom",
              "post": [
                -5,
                0,
                7.5
              ]
            },
            "8.16": {
              "lerp_mode": "catmullrom",
              "post": [
                -5,
                0,
                7.5
              ]
            },
            "8.32": {
              "lerp_mode": "catmullrom",
              "post": [
                -17.5,
                0,
                7.5
              ]
            },
            "8.44": {
              "lerp_mode": "catmullrom",
              "post": [
                5.5,
                0,
                7.5
              ]
            },
            "8.56": {
              "lerp_mode": "catmullrom",
              "post": [
                0,
                0,
                7.5
              ]
            },
            "9.48": {
              "lerp_mode": "catmullrom",
              "post": [
                10.4,
                0,
                7.5
              ]
            },
            "9.76": {
              "lerp_mode": "catmullrom",
              "post": [
                -15.9,
                0,
                7.5
              ]
            }
          }
        },
        "craftingtable": {
          "position": {
            "0.0": {
              "lerp_mode": "catmullrom",
              "post": [
                0,
                14,
                0
              ]
            },
            "8.84": {
              "lerp_mode": "catmullrom",
              "post": [
                0,
                -18.91,
                0
              ]
            },
            "8.96": {
              "lerp_mode": "catmullrom",
              "post": [
                0,
                28,
                0
              ]
            },
            "9.44": {
              "lerp_mode": "catmullrom",
              "post": [
                0,
                0,
                0
              ]
            },
            "9.56": {
              "lerp_mode": "catmullrom",
              "post": [
                0,
                2,
                0
              ]
            },
            "9.64": {
              "lerp_mode": "catmullrom",
              "post": [
                0,
                0,
                0
              ]
            }
          },
          "scale": {
            "0.0": [
              0,
              0,
              0
            ],
            "0.16": [
              0,
              0,
              0
            ],
            "15.32": [
              1,
              1,
              1
            ],
            "15.44": [
              1,
              1,
              1
            ],
            "15.56": [
              0,
              0,
              0
            ],
            "8.88": [
              0,
              0,
              0
            ],
            "9.0": [
              0,
              0,
              0
            ],
            "9.16": [
              0,
              0,
              0
            ],
            "9.28": [
              1,
              1,
              1
            ],
            "9.44": [
              1,
              1,
              1
            ]
          }
        },
        "craftingtable1": {
          "position": {
            "8.08": {
              "lerp_mode": "catmullrom",
              "post": [
                3,
                -2,
                6
              ],
              "pre": [
                3,
                -2,
                6
              ]
            }
          },
          "rotation": {
            "8.08": {
              "lerp_mode": "catmullrom",
              "post": [
                115,
                0,
                12.5
              ],
              "pre": [
                115,
                0,
                12.5
              ]
            }
          },
          "scale": {
            "0.0": {
              "lerp_mode": "catmullrom",
              "post": [
                0,
                0,
                0
              ]
            },
            "7.8": {
              "lerp_mode": "catmullrom",
              "post": [
                0,
                0,
                0
              ]
            },
            "7.96": {
              "lerp_mode": "catmullrom",
              "post": [
                0,
                0,
                0
              ]
            },
            "8.08": {
              "lerp_mode": "catmullrom",
              "post": [
                0.4,
                0.4,
                0.4
              ]
            },
            "9.08": {
              "lerp_mode": "catmullrom",
              "post": [
                0.4,
                0.4,
                0.4
              ]
            },
            "9.28": {
              "lerp_mode": "catmullrom",
              "post": [
                0,
                0,
                0
              ]
            }
          }
        },
        "dirt1": {
          "scale": {
            "14.16": [
              1,
              1,
              1
            ],
            "14.24": [
              0,
              0,
              0
            ],
            "15.44": [
              0,
              0,
              0
            ],
            "15.52": [
              1,
              1,
              1
            ]
          }
        },
        "grass6": {
          "scale": {
            "12.96": [
              1,
              1,
              1
            ],
            "13.04": [
              0,
              0,
              0
            ],
            "13.12": [
              0,
              0,
              0
            ],
            "15.32": [
              0,
              0,
              0
            ],
            "15.44": [
              0,
              0,
              0
            ],
            "15.52": [
              1,
              1,
              1
            ]
          }
        },
        "human": {
          "position": {
            "0.84": {
              "lerp_mode": "catmullrom",
              "post": [
                -2,
                21,
                -3
              ],
              "pre": [
                -2,
                21,
                -3
              ]
            },
            "1.24": {
              "lerp_mode": "catmullrom",
              "post": [
                -2,
                0,
                -3
              ]
            },
            "1.4": {
              "lerp_mode": "catmullrom",
              "post": [
                -2,
                0,
                -3
              ]
            },
            "10.2": {
              "lerp_mode": "catmullrom",
              "post": [
                -3,
                0,
                -14.6
              ]
            },
            "11.76": [
              -3,
              0,
              -14.6
            ],
            "12.6": [
              0,
              0,
              -10.6
            ],
            "12.92": [
              -1,
              0,
              -10.6
            ],
            "13.04": [
              0,
              -16,
              -11.6
            ],
            "13.6": [
              0,
              -16,
              -11.6
            ],
            "13.72": [
              1,
              -32,
              -11.6
            ],
            "14.16": [
              1,
              -32,
              -11.6
            ],
            "15.08": [
              1,
              -106,
              -11.6
            ],
            "4.28": {
              "lerp_mode": "catmullrom",
              "post": [
                -2,
                0,
                -3
              ]
            },
            "4.6": {
              "lerp_mode": "catmullrom",
              "post": [
                3,
                0,
                -5.5
              ]
            },
            "4.92": {
              "lerp_mode": "catmullrom",
              "post": [
                8,
                0,
                0
              ]
            },
            "5.28": {
              "lerp_mode": "catmullrom",
              "post": [
                8,
                0,
                1
              ]
            },
            "5.44": {
              "lerp_mode": "catmullrom",
              "post": [
                9,
                0,
                2.4
              ]
            },
            "5.68": {
              "lerp_mode": "catmullrom",
              "post": [
                8,
                0,
                1
              ]
            },
            "6.0": {
              "lerp_mode": "catmullrom",
              "post": [
                9,
                0,
                2.4
              ]
            },
            "6.36": {
              "lerp_mode": "catmullrom",
              "post": [
                3,
                0,
                -10.6
              ]
            },
            "9.4": {
              "lerp_mode": "catmullrom",
              "post": [
                3,
                0,
                -10.6
              ]
            }
          },
          "rotation": {
            "0.12": {
              "lerp_mode": "catmullrom",
              "post": [
                0,
                0,
                0
              ],
              "pre": [
                0,
                0,
                0
              ]
            },
            "0.8": {
              "lerp_mode": "catmullrom",
              "post": [
                -5,
                0,
                0
              ]
            },
            "1.36": {
              "lerp_mode": "catmullrom",
              "post": [
                0,
                0,
                0
              ]
            },
            "10.16": {
              "lerp_mode": "catmullrom",
              "post": [
                0,
                -220,
                0
              ]
            },
            "11.72": [
              0,
              -220,
              0
            ],
            "12.6": [
              -5,
              -345,
              0
            ],
            "4.28": {
              "lerp_mode": "catmullrom",
              "post": [
                0,
                0,
                0
              ]
            },
            "4.92": {
              "lerp_mode": "catmullrom",
              "post": [
                0,
                -152.5,
                0
              ]
            },
            "8.2": {
              "lerp_mode": "catmullrom",
              "post": [
                0,
                -152.5,
                0
              ]
            },
            "8.6": {
              "lerp_mode": "catmullrom",
              "post": [
                0,
                -247.5,
                0
              ]
            },
            "9.52": {
              "lerp_mode": "catmullrom",
              "post": [
                0,
                -247.5,
                0
              ]
            }
          },
          "scale": {
            "0.0": [
              0,
              0,
              0
            ],
            "0.2": [
              1.2,
              1.2,
              1.2
            ],
            "0.36": [
              1,
              1,
              1
            ],
            "14.4": [
              1,
              1,
              1
            ],
            "15.08": [
              0,
              0,
              0
            ]
          }
        },
        "stone1": {
          "scale": {
            "13.6": [
              1,
              1,
              1
            ],
            "13.68": [
              0,
              0,
              0
            ],
            "15.44": [
              0,
              0,
              0
            ],
            "15.52": [
              1,
              1,
              1
            ]
          }
        },
        "wood2": {
          "position": {
            "14.32": {
              "lerp_mode": "catmullrom",
              "post": [
                -14,
                -5,
                -20
              ]
            },
            "14.48": {
              "lerp_mode": "catmullrom",
              "post": [
                0,
                0,
                0
              ]
            },
            "6.08": {
              "lerp_mode": "catmullrom",
              "post": [
                0,
                0,
                0
              ],
              "pre": [
                0,
                0,
                0
              ]
            },
            "6.16": {
              "lerp_mode": "catmullrom",
              "post": [
                -14,
                -5,
                -20
              ]
            }
          },
          "scale": {
            "15.32": [
              0,
              0,
              0
            ],
            "15.44": [
              0,
              0,
              0
            ],
            "15.52": [
              1,
              1,
              1
            ],
            "6.08": [
              1,
              1,
              1
            ],
            "6.16": [
              0,
              0,
              0
            ],
            "6.28": [
              0,
              0,
              0
            ]
          }
        },
        "wood4": {
          "position": {
            "0.0": {
              "lerp_mode": "catmullrom",
              "post": [
                -4,
                0,
                5
              ]
            }
          },
          "rotation": {
            "0.0": {
              "lerp_mode": "catmullrom",
              "post": [
                80,
                0,
                0
              ]
            }
          },
          "scale": {
            "0.0": [
              0,
              0,
              0
            ],
            "5.84": [
              0,
              0,
              0
            ],
            "6.08": [
              0,
              0,
              0
            ],
            "6.2": [
              0.4,
              0.4,
              0.4
            ],
            "7.96": [
              0.4,
              0.4,
              0.4
            ],
            "8.08": [
              0,
              0,
              0
            ]
          }
        },
        "wood_pickaxe": {
          "scale": {
            "0.0": [
              0,
              0,
              0
            ],
            "10.96": [
              0,
              0,
              0
            ],
            "11.2": [
              1,
              1,
              1
            ]
          }
        }
      },
      "loop": true
    }
  },
  "format_version": "1.8.0"
}