{
  "animations": {
    "animation.ng.npc.skywars.play": {
      "animation_length": 16.2,
      "bones": {
        "Body": {
          "rotation": {
            "0.0": {
              "lerp_mode": "catmullrom",
              "post": [
                -2.5,
                0,
                0
              ]
            },
            "0.24": {
              "lerp_mode": "catmullrom",
              "post": [
                -7.5,
                0,
                0
              ]
            },
            "1.2": {
              "lerp_mode": "catmullrom",
              "post": [
                0,
                0,
                0
              ]
            },
            "1.32": {
              "lerp_mode": "catmullrom",
              "post": [
                40,
                0,
                0
              ]
            },
            "1.6": {
              "lerp_mode": "catmullrom",
              "post": [
                40,
                0,
                0
              ]
            },
            "10.28": {
              "lerp_mode": "catmullrom",
              "post": [
                -12,
                4.5,
                3
              ]
            },
            "10.52": {
              "lerp_mode": "catmullrom",
              "post": [
                -10.65,
                -15.47,
                2.66
              ]
            },
            "10.76": {
              "lerp_mode": "catmullrom",
              "post": [
                -5.75,
                -30.22,
                1.43
              ]
            },
            "11.04": {
              "lerp_mode": "catmullrom",
              "post": [
                0,
                -12.5,
                0
              ]
            },
            "11.28": {
              "lerp_mode": "catmullrom",
              "post": [
                0,
                -5,
                0
              ]
            },
            "11.52": {
              "lerp_mode": "catmullrom",
              "post": [
                2.5,
                -2.5,
                2.5
              ]
            },
            "11.84": {
              "lerp_mode": "catmullrom",
              "post": [
                2.5,
                -2.5,
                5
              ]
            },
            "12.2": {
              "lerp_mode": "catmullrom",
              "post": [
                2.5,
                -2.5,
                2.5
              ]
            },
            "12.48": {
              "lerp_mode": "catmullrom",
              "post": [
                -15,
                -2.5,
                2.5
              ]
            },
            "12.76": {
              "lerp_mode": "catmullrom",
              "post": [
                -7.5,
                -2.5,
                2.5
              ]
            },
            "12.96": {
              "lerp_mode": "catmullrom",
              "post": [
                3.16,
                -37.5,
                2.5
              ]
            },
            "13.16": {
              "lerp_mode": "catmullrom",
              "post": [
                3.16,
                -32.5,
                2.5
              ]
            },
            "13.68": {
              "lerp_mode": "catmullrom",
              "post": [
                -1.84,
                -12.5,
                2.5
              ]
            },
            "13.92": {
              "lerp_mode": "catmullrom",
              "post": [
                -11.84,
                -10,
                2.5
              ]
            },
            "2.16": {
              "lerp_mode": "catmullrom",
              "post": [
                -2.5,
                0,
                0
              ]
            },
            "2.64": {
              "lerp_mode": "catmullrom",
              "post": [
                -2.5,
                45,
                0
              ]
            },
            "3.52": {
              "lerp_mode": "catmullrom",
              "post": [
                -2.5,
                25,
                0
              ]
            },
            "4.2": {
              "lerp_mode": "catmullrom",
              "post": [
                27.5,
                25,
                0
              ]
            },
            "4.48": {
              "lerp_mode": "catmullrom",
              "post": [
                20,
                25,
                0
              ]
            },
            "4.64": {
              "lerp_mode": "catmullrom",
              "post": [
                20,
                25,
                0
              ]
            },
            "5.04": {
              "lerp_mode": "catmullrom",
              "post": [
                52.5,
                25,
                0
              ]
            },
            "5.28": {
              "lerp_mode": "catmullrom",
              "post": [
                47.5,
                25,
                -8
              ]
            },
            "5.44": {
              "lerp_mode": "catmullrom",
              "post": [
                46.5,
                27,
                0
              ]
            },
            "5.6": {
              "lerp_mode": "catmullrom",
              "post": [
                45.5,
                22,
                -2
              ]
            },
            "5.76": {
              "lerp_mode": "catmullrom",
              "post": [
                55.5,
                22,
                -2
              ]
            },
            "5.96": {
              "lerp_mode": "catmullrom",
              "post": [
                63,
                22,
                -2
              ]
            },
            "6.24": {
              "lerp_mode": "catmullrom",
              "post": [
                -22,
                22,
                3
              ]
            },
            "6.6": {
              "lerp_mode": "catmullrom",
              "post": [
                -12,
                22,
                3
              ]
            },
            "7.04": {
              "lerp_mode": "catmullrom",
              "post": [
                -14.5,
                22,
                5.5
              ]
            },
            "7.68": {
              "lerp_mode": "catmullrom",
              "post": [
                -17,
                22,
                -4.5
              ]
            },
            "8.2": {
              "lerp_mode": "catmullrom",
              "post": [
                52.5,
                25,
                0
              ]
            },
            "8.44": {
              "lerp_mode": "catmullrom",
              "post": [
                47.5,
                25,
                -8
              ]
            },
            "8.6": {
              "lerp_mode": "catmullrom",
              "post": [
                46.5,
                27,
                0
              ]
            },
            "8.76": {
              "lerp_mode": "catmullrom",
              "post": [
                45.5,
                22,
                -2
              ]
            },
            "8.92": {
              "lerp_mode": "catmullrom",
              "post": [
                55.5,
                22,
                -2
              ]
            },
            "9.12": {
              "lerp_mode": "catmullrom",
              "post": [
                63,
                22,
                -2
              ]
            },
            "9.4": {
              "lerp_mode": "catmullrom",
              "post": [
                -22,
                22,
                3
              ]
            },
            "9.76": {
              "lerp_mode": "catmullrom",
              "post": [
                -12,
                22,
                3
              ]
            }
          }
        },
        "Head": {
          "rotation": {
            "0.0": {
              "lerp_mode": "catmullrom",
              "post": [
                -22.5,
                0,
                0
              ]
            },
            "0.2": {
              "lerp_mode": "catmullrom",
              "post": [
                -22.5,
                0,
                0
              ]
            },
            "0.92": {
              "lerp_mode": "catmullrom",
              "post": [
                -30,
                0,
                0
              ]
            },
            "1.08": {
              "lerp_mode": "catmullrom",
              "post": [
                0,
                0,
                0
              ]
            },
            "1.52": {
              "lerp_mode": "catmullrom",
              "post": [
                32.5,
                0,
                0
              ]
            },
            "10.28": {
              "lerp_mode": "catmullrom",
              "post": [
                2.5,
                -32.5,
                -15
              ]
            },
            "10.52": {
              "lerp_mode": "catmullrom",
              "post": [
                1.72,
                -47.54,
                -14.88
              ]
            },
            "10.76": {
              "lerp_mode": "catmullrom",
              "post": [
                0.84,
                -39.52,
                -12.57
              ]
            },
            "11.04": {
              "lerp_mode": "catmullrom",
              "post": [
                0,
                -27.5,
                5
              ]
            },
            "11.28": {
              "lerp_mode": "catmullrom",
              "post": [
                0,
                0,
                -2.5
              ]
            },
            "11.52": {
              "lerp_mode": "catmullrom",
              "post": [
                -5,
                0,
                -5
              ]
            },
            "11.8": {
              "lerp_mode": "catmullrom",
              "post": [
                7.5,
                47.5,
                -15
              ]
            },
            "12.24": {
              "lerp_mode": "catmullrom",
              "post": [
                7.5,
                40,
                -15
              ]
            },
            "12.48": {
              "lerp_mode": "catmullrom",
              "post": [
                -20,
                5,
                0
              ]
            },
            "12.76": {
              "lerp_mode": "catmullrom",
              "post": [
                -15,
                5,
                0
              ]
            },
            "12.96": {
              "lerp_mode": "catmullrom",
              "post": [
                -10,
                30,
                -10
              ]
            },
            "13.16": {
              "lerp_mode": "catmullrom",
              "post": [
                -5,
                30,
                -10
              ]
            },
            "13.68": {
              "lerp_mode": "catmullrom",
              "post": [
                0,
                15,
                -5
              ]
            },
            "13.92": {
              "lerp_mode": "catmullrom",
              "post": [
                -20,
                15,
                -2.5
              ]
            },
            "2.28": {
              "lerp_mode": "catmullrom",
              "post": [
                7.5,
                0,
                0
              ]
            },
            "2.64": {
              "lerp_mode": "catmullrom",
              "post": [
                7.5,
                75,
                0
              ]
            },
            "3.16": {
              "lerp_mode": "catmullrom",
              "post": [
                7.5,
                75,
                0
              ]
            },
            "3.8": {
              "lerp_mode": "catmullrom",
              "post": [
                32.5,
                -12.5,
                0
              ]
            },
            "4.2": {
              "lerp_mode": "catmullrom",
              "post": [
                17.5,
                -12.5,
                0
              ]
            },
            "4.48": {
              "lerp_mode": "catmullrom",
              "post": [
                27.5,
                -12.5,
                12.5
              ]
            },
            "5.52": {
              "lerp_mode": "catmullrom",
              "post": [
                30,
                -10,
                12.5
              ]
            },
            "5.72": {
              "lerp_mode": "catmullrom",
              "post": [
                30.2,
                -4.26,
                8.86
              ]
            },
            "5.92": {
              "lerp_mode": "catmullrom",
              "post": [
                30.07,
                0.76,
                4.92
              ]
            },
            "6.48": {
              "lerp_mode": "catmullrom",
              "post": [
                2.5,
                72.5,
                15
              ]
            },
            "6.76": {
              "lerp_mode": "catmullrom",
              "post": [
                7.5,
                72.5,
                15
              ]
            },
            "7.04": {
              "lerp_mode": "catmullrom",
              "post": [
                7.5,
                72.5,
                15
              ]
            },
            "7.56": {
              "lerp_mode": "catmullrom",
              "post": [
                7.5,
                -60,
                -25
              ]
            },
            "7.8": {
              "lerp_mode": "catmullrom",
              "post": [
                7.5,
                -60,
                -25
              ]
            },
            "8.28": {
              "lerp_mode": "catmullrom",
              "post": [
                30,
                -10,
                12.5
              ]
            },
            "8.88": {
              "lerp_mode": "catmullrom",
              "post": [
                30.2,
                -4.26,
                8.86
              ]
            },
            "9.08": {
              "lerp_mode": "catmullrom",
              "post": [
                30.07,
                0.76,
                4.92
              ]
            },
            "9.64": {
              "lerp_mode": "catmullrom",
              "post": [
                2.5,
                -80,
                -15
              ]
            }
          }
        },
        "LeftArm": {
          "rotation": {
            "0.0": {
              "lerp_mode": "catmullrom",
              "post": [
                10,
                0,
                -130
              ]
            },
            "0.2": {
              "lerp_mode": "catmullrom",
              "post": [
                10,
                0,
                -130
              ]
            },
            "0.84": {
              "lerp_mode": "catmullrom",
              "post": [
                12.5,
                0,
                -137.5
              ]
            },
            "1.2": {
              "lerp_mode": "catmullrom",
              "post": [
                0,
                0,
                -15
              ]
            },
            "1.44": {
              "lerp_mode": "catmullrom",
              "post": [
                -5,
                0,
                -35
              ]
            },
            "1.92": {
              "lerp_mode": "catmullrom",
              "post": [
                -5,
                0,
                -12.5
              ]
            },
            "10.28": {
              "lerp_mode": "catmullrom",
              "post": [
                -122.5,
                10,
                42.5
              ]
            },
            "11.04": {
              "lerp_mode": "catmullrom",
              "post": [
                -2.5,
                -15,
                -2.5
              ]
            },
            "11.28": {
              "lerp_mode": "catmullrom",
              "post": [
                0,
                -5,
                -10
              ]
            },
            "11.52": {
              "lerp_mode": "catmullrom",
              "post": [
                0,
                -20,
                -15
              ]
            },
            "11.96": {
              "lerp_mode": "catmullrom",
              "post": [
                0,
                -20,
                -20
              ]
            },
            "12.48": {
              "lerp_mode": "catmullrom",
              "post": [
                8.31,
                -15,
                -10.27
              ]
            },
            "12.88": {
              "lerp_mode": "catmullrom",
              "post": [
                10,
                -20,
                -20
              ]
            },
            "13.04": {
              "lerp_mode": "catmullrom",
              "post": [
                47.66,
                -20.19,
                -27.86
              ]
            },
            "13.16": {
              "lerp_mode": "catmullrom",
              "post": [
                40.16,
                -20.19,
                -27.86
              ]
            },
            "13.68": {
              "lerp_mode": "catmullrom",
              "post": [
                10.16,
                -0.19,
                -17.86
              ]
            },
            "13.92": {
              "lerp_mode": "catmullrom",
              "post": [
                12.66,
                -0.19,
                -137.86
              ]
            },
            "2.64": {
              "lerp_mode": "catmullrom",
              "post": [
                0,
                0,
                -22.5
              ]
            },
            "3.8": {
              "lerp_mode": "catmullrom",
              "post": [
                12.5,
                0,
                -10
              ]
            },
            "4.2": {
              "lerp_mode": "catmullrom",
              "post": [
                -25,
                0,
                -25
              ]
            },
            "4.4": {
              "lerp_mode": "catmullrom",
              "post": [
                -81.7,
                -7.5,
                -5.43
              ]
            },
            "4.52": {
              "lerp_mode": "catmullrom",
              "post": [
                -82.5,
                0,
                0
              ]
            },
            "4.84": {
              "lerp_mode": "catmullrom",
              "post": [
                -30,
                10,
                -15
              ]
            },
            "5.2": {
              "lerp_mode": "catmullrom",
              "post": [
                -82.5,
                -2.5,
                0
              ]
            },
            "5.44": {
              "lerp_mode": "catmullrom",
              "post": [
                -84.14,
                5.64,
                0
              ]
            },
            "5.6": {
              "lerp_mode": "catmullrom",
              "post": [
                -77.5,
                7.5,
                0
              ]
            },
            "5.76": {
              "lerp_mode": "catmullrom",
              "post": [
                -80,
                10,
                0
              ]
            },
            "5.96": {
              "lerp_mode": "catmullrom",
              "post": [
                -87.5,
                10,
                0
              ]
            },
            "6.48": {
              "lerp_mode": "catmullrom",
              "post": [
                -170,
                10,
                30
              ]
            },
            "6.68": {
              "lerp_mode": "catmullrom",
              "post": [
                -160,
                10,
                25
              ]
            },
            "7.52": {
              "lerp_mode": "catmullrom",
              "post": [
                -160,
                10,
                25
              ]
            },
            "7.68": {
              "lerp_mode": "catmullrom",
              "post": [
                -160,
                10,
                42.5
              ]
            },
            "8.16": {
              "lerp_mode": "catmullrom",
              "post": [
                -30,
                10,
                -15
              ]
            },
            "8.36": {
              "lerp_mode": "catmullrom",
              "post": [
                -82.5,
                -2.5,
                0
              ]
            },
            "8.6": {
              "lerp_mode": "catmullrom",
              "post": [
                -84.14,
                5.64,
                0
              ]
            },
            "8.76": {
              "lerp_mode": "catmullrom",
              "post": [
                -77.5,
                7.5,
                0
              ]
            },
            "8.92": {
              "lerp_mode": "catmullrom",
              "post": [
                -80,
                10,
                0
              ]
            },
            "9.12": {
              "lerp_mode": "catmullrom",
              "post": [
                -87.5,
                10,
                0
              ]
            },
            "9.64": {
              "lerp_mode": "catmullrom",
              "post": [
                -137.5,
                10,
                45
              ]
            },
            "9.84": {
              "lerp_mode": "catmullrom",
              "post": [
                -122.5,
                10,
                42.5
              ]
            }
          }
        },
        "LeftLeg": {
          "rotation": {
            "0.0": {
              "lerp_mode": "catmullrom",
              "post": [
                -2.5,
                0,
                -22.5
              ]
            },
            "0.2": {
              "lerp_mode": "catmullrom",
              "post": [
                -2.5,
                0,
                -22.5
              ]
            },
            "0.88": {
              "lerp_mode": "catmullrom",
              "post": [
                5,
                0,
                -27.5
              ]
            },
            "1.0": {
              "lerp_mode": "catmullrom",
              "post": [
                5,
                0,
                -45
              ]
            },
            "1.28": {
              "lerp_mode": "catmullrom",
              "post": [
                -2.5,
                0,
                -7.5
              ]
            },
            "10.4": {
              "lerp_mode": "catmullrom",
              "post": [
                2.5,
                17.5,
                -22.5
              ]
            },
            "10.56": {
              "lerp_mode": "catmullrom",
              "post": [
                5.06,
                -33.19,
                -24.94
              ]
            },
            "10.68": {
              "lerp_mode": "catmullrom",
              "post": [
                -12.08,
                -36.61,
                -24.58
              ]
            },
            "10.84": {
              "lerp_mode": "catmullrom",
              "post": [
                20.77,
                -32.16,
                -13.23
              ]
            },
            "11.0": {
              "lerp_mode": "catmullrom",
              "post": [
                -12.87,
                -18.44,
                -13.65
              ]
            },
            "11.16": {
              "lerp_mode": "catmullrom",
              "post": [
                -20.37,
                -18.44,
                1.35
              ]
            },
            "11.32": {
              "lerp_mode": "catmullrom",
              "post": [
                14.63,
                -18.44,
                -13.65
              ]
            },
            "11.48": {
              "lerp_mode": "catmullrom",
              "post": [
                -7.87,
                -18.44,
                -13.65
              ]
            },
            "11.88": {
              "lerp_mode": "catmullrom",
              "post": [
                -7.87,
                -18.44,
                -10.65
              ]
            },
            "12.2": {
              "lerp_mode": "catmullrom",
              "post": [
                -7.87,
                -18.44,
                -12.65
              ]
            },
            "12.56": {
              "lerp_mode": "catmullrom",
              "post": [
                4.63,
                4.06,
                -12.65
              ]
            },
            "13.0": {
              "lerp_mode": "catmullrom",
              "post": [
                -2.87,
                -25.94,
                -12.65
              ]
            },
            "13.16": {
              "lerp_mode": "catmullrom",
              "post": [
                -2.87,
                -18.44,
                -12.65
              ]
            },
            "13.68": {
              "lerp_mode": "catmullrom",
              "post": [
                -2.87,
                -8.44,
                -7.65
              ]
            },
            "13.92": {
              "lerp_mode": "catmullrom",
              "post": [
                -2.87,
                -13.44,
                -25.15
              ]
            },
            "2.64": {
              "lerp_mode": "catmullrom",
              "post": [
                -2.5,
                10,
                -7.5
              ]
            },
            "3.04": {
              "lerp_mode": "catmullrom",
              "post": [
                -2.5,
                10,
                -7.5
              ]
            },
            "3.32": {
              "lerp_mode": "catmullrom",
              "post": [
                12.11,
                15.74,
                -7.5
              ]
            },
            "3.48": {
              "lerp_mode": "catmullrom",
              "post": [
                -23.49,
                17.11,
                -7.5
              ]
            },
            "3.72": {
              "lerp_mode": "catmullrom",
              "post": [
                5,
                17.5,
                -7.5
              ]
            },
            "3.96": {
              "lerp_mode": "catmullrom",
              "post": [
                -20.89,
                17.52,
                -10.62
              ]
            },
            "4.16": {
              "lerp_mode": "catmullrom",
              "post": [
                5,
                17.5,
                -12.5
              ]
            },
            "4.68": {
              "lerp_mode": "catmullrom",
              "post": [
                5,
                17.5,
                -7.5
              ]
            },
            "4.84": {
              "lerp_mode": "catmullrom",
              "post": [
                -17.5,
                17.5,
                -12.5
              ]
            },
            "5.2": {
              "lerp_mode": "catmullrom",
              "post": [
                -5,
                17.5,
                -20
              ]
            },
            "6.08": {
              "lerp_mode": "catmullrom",
              "post": [
                -5,
                17.5,
                -17.5
              ]
            },
            "6.36": {
              "lerp_mode": "catmullrom",
              "post": [
                2.5,
                17.5,
                -22.5
              ]
            },
            "8.0": {
              "lerp_mode": "catmullrom",
              "post": [
                -17.5,
                17.5,
                -12.5
              ]
            },
            "8.36": {
              "lerp_mode": "catmullrom",
              "post": [
                -5,
                17.5,
                -20
              ]
            },
            "9.24": {
              "lerp_mode": "catmullrom",
              "post": [
                -5,
                17.5,
                -17.5
              ]
            },
            "9.52": {
              "lerp_mode": "catmullrom",
              "post": [
                2.5,
                17.5,
                -22.5
              ]
            }
          }
        },
        "RightArm": {
          "rotation": {
            "0.0": {
              "lerp_mode": "catmullrom",
              "post": [
                17.5,
                0,
                122.5
              ]
            },
            "0.2": {
              "lerp_mode": "catmullrom",
              "post": [
                17.5,
                0,
                122.5
              ]
            },
            "0.84": {
              "lerp_mode": "catmullrom",
              "post": [
                17.5,
                0,
                142.5
              ]
            },
            "1.2": {
              "lerp_mode": "catmullrom",
              "post": [
                0,
                0,
                22.5
              ]
            },
            "1.44": {
              "lerp_mode": "catmullrom",
              "post": [
                -2.5,
                0,
                42.5
              ]
            },
            "1.92": {
              "lerp_mode": "catmullrom",
              "post": [
                -2.5,
                0,
                15
              ]
            },
            "10.28": {
              "lerp_mode": "catmullrom",
              "post": [
                -182.5,
                27.5,
                -30
              ]
            },
            "11.04": {
              "lerp_mode": "catmullrom",
              "post": [
                0,
                15,
                2.5
              ]
            },
            "11.28": {
              "lerp_mode": "catmullrom",
              "post": [
                0,
                10,
                10
              ]
            },
            "11.52": {
              "lerp_mode": "catmullrom",
              "post": [
                0,
                30,
                15
              ]
            },
            "11.8": {
              "lerp_mode": "catmullrom",
              "post": [
                -55,
                12.5,
                15
              ]
            },
            "12.24": {
              "lerp_mode": "catmullrom",
              "post": [
                -42.5,
                12.5,
                15
              ]
            },
            "12.48": {
              "lerp_mode": "catmullrom",
              "post": [
                -207.5,
                12.5,
                -22.5
              ]
            },
            "12.72": {
              "lerp_mode": "catmullrom",
              "post": [
                -202.5,
                12.5,
                -22.5
              ]
            },
            "12.92": {
              "lerp_mode": "catmullrom",
              "post": [
                -40,
                12.5,
                -22.5
              ]
            },
            "13.16": {
              "lerp_mode": "catmullrom",
              "post": [
                -52.5,
                12.5,
                -22.5
              ]
            },
            "13.68": {
              "lerp_mode": "catmullrom",
              "post": [
                -2.5,
                12.5,
                2.5
              ]
            },
            "13.92": {
              "lerp_mode": "catmullrom",
              "post": [
                -4.31,
                14.75,
                110.22
              ]
            },
            "2.64": {
              "lerp_mode": "catmullrom",
              "post": [
                2.5,
                17.5,
                15
              ]
            },
            "3.04": {
              "lerp_mode": "catmullrom",
              "post": [
                2.5,
                17.5,
                15
              ]
            },
            "3.8": {
              "lerp_mode": "catmullrom",
              "post": [
                2.5,
                -2.5,
                7.5
              ]
            },
            "4.2": {
              "lerp_mode": "catmullrom",
              "post": [
                -65,
                -2.5,
                7.5
              ]
            },
            "4.4": {
              "lerp_mode": "catmullrom",
              "post": [
                -124.9,
                5.47,
                0
              ]
            },
            "4.52": {
              "lerp_mode": "catmullrom",
              "post": [
                -122.5,
                7.5,
                7.5
              ]
            },
            "4.84": {
              "lerp_mode": "catmullrom",
              "post": [
                -55,
                -27.5,
                7.5
              ]
            },
            "5.2": {
              "lerp_mode": "catmullrom",
              "post": [
                -85,
                -30,
                7.5
              ]
            },
            "5.44": {
              "lerp_mode": "catmullrom",
              "post": [
                -80,
                -25,
                7.5
              ]
            },
            "5.6": {
              "lerp_mode": "catmullrom",
              "post": [
                -75,
                -25,
                7.5
              ]
            },
            "5.76": {
              "lerp_mode": "catmullrom",
              "post": [
                -80,
                -30,
                7.5
              ]
            },
            "5.96": {
              "lerp_mode": "catmullrom",
              "post": [
                -87.5,
                -30,
                7.5
              ]
            },
            "6.08": {
              "lerp_mode": "catmullrom",
              "post": [
                -92.5,
                -30,
                7.5
              ]
            },
            "6.48": {
              "lerp_mode": "catmullrom",
              "post": [
                -187.5,
                27.5,
                -17.5
              ]
            },
            "6.68": {
              "lerp_mode": "catmullrom",
              "post": [
                -182.5,
                27.5,
                -30
              ]
            },
            "6.88": {
              "lerp_mode": "catmullrom",
              "post": [
                -182.5,
                27.5,
                -30
              ]
            },
            "7.04": {
              "lerp_mode": "catmullrom",
              "post": [
                -182.5,
                27.5,
                -50
              ]
            },
            "7.2": {
              "lerp_mode": "catmullrom",
              "post": [
                -182.5,
                27.5,
                -30
              ]
            },
            "8.0": {
              "lerp_mode": "catmullrom",
              "post": [
                -55,
                -27.5,
                7.5
              ]
            },
            "8.36": {
              "lerp_mode": "catmullrom",
              "post": [
                -85,
                -30,
                7.5
              ]
            },
            "8.6": {
              "lerp_mode": "catmullrom",
              "post": [
                -80,
                -25,
                7.5
              ]
            },
            "8.76": {
              "lerp_mode": "catmullrom",
              "post": [
                -75,
                -25,
                7.5
              ]
            },
            "8.92": {
              "lerp_mode": "catmullrom",
              "post": [
                -80,
                -30,
                7.5
              ]
            },
            "9.12": {
              "lerp_mode": "catmullrom",
              "post": [
                -87.5,
                -30,
                7.5
              ]
            },
            "9.24": {
              "lerp_mode": "catmullrom",
              "post": [
                -92.5,
                -30,
                7.5
              ]
            },
            "9.64": {
              "lerp_mode": "catmullrom",
              "post": [
                -187.5,
                27.5,
                -17.5
              ]
            },
            "9.84": {
              "lerp_mode": "catmullrom",
              "post": [
                -182.5,
                27.5,
                -30
              ]
            }
          }
        },
        "RightLeg": {
          "rotation": {
            "0.0": {
              "lerp_mode": "catmullrom",
              "post": [
                7.5,
                0,
                25
              ]
            },
            "0.2": {
              "lerp_mode": "catmullrom",
              "post": [
                7.5,
                0,
                25
              ]
            },
            "0.88": {
              "lerp_mode": "catmullrom",
              "post": [
                10,
                0,
                30
              ]
            },
            "1.0": {
              "lerp_mode": "catmullrom",
              "post": [
                12.5,
                0,
                50
              ]
            },
            "1.28": {
              "lerp_mode": "catmullrom",
              "post": [
                -2.5,
                0,
                10
              ]
            },
            "10.4": {
              "lerp_mode": "catmullrom",
              "post": [
                12.5,
                17.5,
                15
              ]
            },
            "10.56": {
              "lerp_mode": "catmullrom",
              "post": [
                -1.32,
                -30.54,
                9.72
              ]
            },
            "10.72": {
              "lerp_mode": "catmullrom",
              "post": [
                -1.32,
                -18.92,
                19.68
              ]
            },
            "10.88": {
              "lerp_mode": "catmullrom",
              "post": [
                -24.56,
                -20.36,
                10.86
              ]
            },
            "11.04": {
              "lerp_mode": "catmullrom",
              "post": [
                32.94,
                -10.36,
                10.86
              ]
            },
            "11.2": {
              "lerp_mode": "catmullrom",
              "post": [
                5.44,
                -7.86,
                8.36
              ]
            },
            "11.32": {
              "lerp_mode": "catmullrom",
              "post": [
                -17.06,
                -10.36,
                18.36
              ]
            },
            "11.52": {
              "lerp_mode": "catmullrom",
              "post": [
                0.44,
                -10.36,
                18.36
              ]
            },
            "11.88": {
              "lerp_mode": "catmullrom",
              "post": [
                0.44,
                -10.36,
                16.36
              ]
            },
            "12.2": {
              "lerp_mode": "catmullrom",
              "post": [
                0.44,
                -10.36,
                17.36
              ]
            },
            "12.56": {
              "lerp_mode": "catmullrom",
              "post": [
                0.44,
                19.64,
                17.36
              ]
            },
            "13.0": {
              "lerp_mode": "catmullrom",
              "post": [
                0.44,
                -5.36,
                17.36
              ]
            },
            "13.16": {
              "lerp_mode": "catmullrom",
              "post": [
                0.44,
                2.14,
                17.36
              ]
            },
            "13.68": {
              "lerp_mode": "catmullrom",
              "post": [
                0.44,
                2.14,
                7.36
              ]
            },
            "13.92": {
              "lerp_mode": "catmullrom",
              "post": [
                0.44,
                7.14,
                29.86
              ]
            },
            "2.64": {
              "lerp_mode": "catmullrom",
              "post": [
                -2.5,
                17.5,
                10
              ]
            },
            "3.04": {
              "lerp_mode": "catmullrom",
              "post": [
                -2.5,
                17.5,
                10
              ]
            },
            "3.28": {
              "lerp_mode": "catmullrom",
              "post": [
                -21.4,
                18.11,
                10
              ]
            },
            "3.48": {
              "lerp_mode": "catmullrom",
              "post": [
                20.11,
                17.76,
                10
              ]
            },
            "3.72": {
              "lerp_mode": "catmullrom",
              "post": [
                -2.5,
                17.5,
                10
              ]
            },
            "3.96": {
              "lerp_mode": "catmullrom",
              "post": [
                14.01,
                17.49,
                15.02
              ]
            },
            "4.16": {
              "lerp_mode": "catmullrom",
              "post": [
                2.5,
                17.5,
                17.5
              ]
            },
            "4.68": {
              "lerp_mode": "catmullrom",
              "post": [
                2.5,
                17.5,
                5
              ]
            },
            "4.84": {
              "lerp_mode": "catmullrom",
              "post": [
                15,
                17.5,
                0
              ]
            },
            "5.2": {
              "lerp_mode": "catmullrom",
              "post": [
                2.5,
                17.5,
                15
              ]
            },
            "6.08": {
              "lerp_mode": "catmullrom",
              "post": [
                2.5,
                17.5,
                12.5
              ]
            },
            "6.36": {
              "lerp_mode": "catmullrom",
              "post": [
                12.5,
                17.5,
                15
              ]
            },
            "8.0": {
              "lerp_mode": "catmullrom",
              "post": [
                15,
                17.5,
                0
              ]
            },
            "8.36": {
              "lerp_mode": "catmullrom",
              "post": [
                2.5,
                17.5,
                15
              ]
            },
            "9.24": {
              "lerp_mode": "catmullrom",
              "post": [
                2.5,
                17.5,
                12.5
              ]
            },
            "9.52": {
              "lerp_mode": "catmullrom",
              "post": [
                12.5,
                17.5,
                15
              ]
            }
          }
        },
        "armorHat": {
          "scale": {
            "5.68": [
              0,
              0,
              0
            ],
            "6.72": [
              0,
              0,
              0
            ],
            "6.92": [
              1,
              1,
              1
            ]
          }
        },
        "armorHat2": {
          "position": {
            "6.16": [
              2,
              0,
              6
            ],
            "6.4": [
              2,
              -3,
              9
            ]
          },
          "rotation": {
            "6.2": [
              87.5,
              0,
              37.5
            ],
            "6.4": [
              122.5,
              0,
              45
            ]
          },
          "scale": {
            "6.16": [
              0,
              0,
              0
            ],
            "6.4": [
              0.7,
              0.7,
              0.7
            ],
            "6.8": [
              0.7,
              0.7,
              0.7
            ],
            "6.88": [
              1,
              1,
              1
            ],
            "7.0": [
              0,
              0,
              0
            ]
          }
        },
        "ender_pearl": {
          "position": {
            "12.96": [
              0,
              0,
              2
            ],
            "9.68": [
              0,
              0,
              2
            ]
          },
          "scale": {
            "12.92": [
              0.5,
              0.5,
              0.5
            ],
            "12.96": [
              0,
              0,
              0
            ],
            "5.8": [
              0,
              0,
              0
            ],
            "9.44": [
              0,
              0,
              0
            ],
            "9.68": [
              0.5,
              0.5,
              0.5
            ]
          }
        },
        "ender_pearl2": {
          "position": {
            "12.76": {
              "lerp_mode": "catmullrom",
              "post": [
                3,
                3,
                -22
              ],
              "pre": [
                3,
                3,
                -22
              ]
            },
            "13.24": {
              "lerp_mode": "catmullrom",
              "post": [
                9,
                17,
                -73
              ]
            },
            "13.68": {
              "lerp_mode": "catmullrom",
              "post": [
                3,
                3,
                -135
              ]
            }
          },
          "rotation": {
            "12.72": [
              0,
              0,
              0
            ],
            "13.24": [
              -37.5,
              0,
              -22.5
            ]
          },
          "scale": {
            "12.76": [
              0,
              0,
              0
            ],
            "12.92": [
              0.7,
              0.7,
              0.7
            ],
            "13.16": [
              0.7,
              0.7,
              0.7
            ],
            "13.6": [
              0,
              0,
              0
            ]
          }
        },
        "gold_sword": {
          "scale": {
            "5.68": [
              0,
              0,
              0
            ],
            "9.44": [
              0,
              0,
              0
            ],
            "9.68": [
              1,
              1,
              1
            ]
          }
        },
        "human": {
          "position": {
            "0.84": {
              "lerp_mode": "catmullrom",
              "post": [
                16,
                21,
                -3
              ],
              "pre": [
                16,
                21,
                -3
              ]
            },
            "1.24": [
              16,
              0,
              -3
            ],
            "1.4": [
              16,
              0,
              -3
            ],
            "10.48": [
              4,
              0,
              4
            ],
            "10.96": {
              "lerp_mode": "catmullrom",
              "post": [
                1,
                0,
                -3.36
              ],
              "pre": [
                1,
                0,
                -3.36
              ]
            },
            "11.4": {
              "lerp_mode": "catmullrom",
              "post": [
                4,
                0,
                -15
              ]
            },
            "3.08": {
              "lerp_mode": "catmullrom",
              "post": [
                16,
                0,
                -3
              ],
              "pre": [
                16,
                0,
                -3
              ]
            },
            "3.52": {
              "lerp_mode": "catmullrom",
              "post": [
                8.5,
                0,
                -6.5
              ]
            },
            "3.84": {
              "lerp_mode": "catmullrom",
              "post": [
                5,
                0,
                2
              ]
            },
            "4.76": {
              "lerp_mode": "catmullrom",
              "post": [
                5,
                0,
                2
              ]
            },
            "5.04": [
              4,
              0,
              4
            ]
          },
          "rotation": {
            "0.12": {
              "lerp_mode": "catmullrom",
              "post": [
                0,
                0,
                0
              ],
              "pre": [
                0,
                0,
                0
              ]
            },
            "0.8": {
              "lerp_mode": "catmullrom",
              "post": [
                -5,
                0,
                0
              ]
            },
            "1.36": {
              "lerp_mode": "catmullrom",
              "post": [
                0,
                0,
                0
              ]
            },
            "10.48": [
              0,
              147.5,
              0
            ],
            "11.4": {
              "lerp_mode": "catmullrom",
              "post": [
                0,
                0,
                0
              ],
              "pre": [
                0,
                0,
                0
              ]
            },
            "2.28": {
              "lerp_mode": "catmullrom",
              "post": [
                0,
                0,
                0
              ]
            },
            "3.12": {
              "lerp_mode": "catmullrom",
              "post": [
                0,
                0,
                0
              ]
            },
            "3.8": [
              0,
              147.5,
              0
            ]
          },
          "scale": {
            "0.0": [
              0,
              0,
              0
            ],
            "0.2": [
              1.2,
              1.2,
              1.2
            ],
            "0.36": [
              1,
              1,
              1
            ],
            "13.88": [
              1,
              1,
              1
            ],
            "14.08": {
              "lerp_mode": "catmullrom",
              "post": [
                0,
                0,
                0
              ],
              "pre": [
                0,
                0,
                0
              ]
            }
          }
        },
        "leftArmorBoot": {
          "scale": {
            "7.44": [
              0,
              0,
              0
            ],
            "7.64": [
              1,
              1,
              1
            ]
          }
        },
        "particle1": {
          "position": {
            "14.04": [
              0,
              0,
              0
            ],
            "14.88": {
              "lerp_mode": "catmullrom",
              "post": [
                3,
                -3,
                0
              ],
              "pre": [
                3,
                -3,
                0
              ]
            },
            "15.72": {
              "lerp_mode": "catmullrom",
              "post": [
                0,
                -12,
                0
              ]
            }
          },
          "rotation": {
            "14.04": [
              0,
              0,
              0
            ],
            "15.72": {
              "lerp_mode": "catmullrom",
              "post": [
                -150,
                34.74,
                -10
              ],
              "pre": [
                -150,
                34.74,
                -10
              ]
            }
          },
          "scale": {
            "13.72": [
              0,
              0,
              0
            ],
            "14.08": [
              1,
              1,
              1
            ],
            "15.68": [
              0,
              0,
              0
            ]
          }
        },
        "particle2": {
          "position": {
            "14.04": [
              0,
              0,
              0
            ],
            "14.88": {
              "lerp_mode": "catmullrom",
              "post": [
                -2,
                -3,
                0
              ],
              "pre": [
                -2,
                -3,
                0
              ]
            },
            "15.72": {
              "lerp_mode": "catmullrom",
              "post": [
                0,
                -8,
                0
              ]
            }
          },
          "rotation": {
            "14.04": [
              0,
              0,
              0
            ],
            "15.72": {
              "lerp_mode": "catmullrom",
              "post": [
                -150,
                34.74,
                -10
              ],
              "pre": [
                -150,
                34.74,
                -10
              ]
            }
          },
          "scale": {
            "13.72": [
              0,
              0,
              0
            ],
            "14.08": [
              1,
              1,
              1
            ],
            "15.68": [
              0,
              0,
              0
            ]
          }
        },
        "particle3": {
          "position": {
            "14.04": [
              0,
              0,
              0
            ],
            "14.88": {
              "lerp_mode": "catmullrom",
              "post": [
                3,
                -3,
                0
              ],
              "pre": [
                3,
                -3,
                0
              ]
            },
            "15.72": {
              "lerp_mode": "catmullrom",
              "post": [
                0,
                -17,
                0
              ]
            }
          },
          "rotation": {
            "14.04": [
              0,
              0,
              0
            ],
            "15.72": {
              "lerp_mode": "catmullrom",
              "post": [
                -150,
                34.74,
                -10
              ],
              "pre": [
                -150,
                34.74,
                -10
              ]
            }
          },
          "scale": {
            "13.72": [
              0,
              0,
              0
            ],
            "14.08": [
              1,
              1,
              1
            ],
            "15.68": [
              0,
              0,
              0
            ]
          }
        },
        "rightArmorBoot": {
          "scale": {
            "7.44": [
              0,
              0,
              0
            ],
            "7.64": [
              1,
              1,
              1
            ]
          }
        },
        "rightArmorBoot2": {
          "position": [
            0,
            -4,
            6
          ],
          "rotation": [
            -155,
            0,
            0
          ],
          "scale": {
            "6.08": [
              0,
              0,
              0
            ],
            "6.4": [
              0.9,
              0.9,
              0.9
            ],
            "7.48": [
              0.9,
              0.9,
              0.9
            ],
            "7.6": [
              1.2,
              1.2,
              1.2
            ],
            "7.72": [
              0,
              0,
              0
            ]
          }
        },
        "upPartChest": {
          "rotation": {
            "10.08": {
              "lerp_mode": "catmullrom",
              "post": [
                0,
                0,
                0
              ],
              "pre": [
                0,
                0,
                0
              ]
            },
            "10.2": {
              "lerp_mode": "catmullrom",
              "post": [
                -7.5,
                0,
                0
              ]
            },
            "10.32": {
              "lerp_mode": "catmullrom",
              "post": [
                0,
                0,
                0
              ]
            },
            "4.2": {
              "lerp_mode": "catmullrom",
              "post": [
                0,
                0,
                0
              ],
              "pre": [
                0,
                0,
                0
              ]
            },
            "4.6": {
              "lerp_mode": "catmullrom",
              "post": [
                -121.89,
                0,
                0
              ]
            },
            "4.8": [
              -112.5,
              0,
              0
            ],
            "9.64": [
              -112.5,
              0,
              0
            ]
          }
        }
      },
      "loop": true
    }
  },
  "format_version": "1.8.0"
}