{
  "animations": {
    "animation.ng.npc.survival_games.play": {
      "animation_length": 18.6,
      "bones": {
        "Body": {
          "rotation": {
            "0.0": {
              "lerp_mode": "catmullrom",
              "post": [
                -5,
                5,
                -5
              ]
            },
            "0.16": {
              "lerp_mode": "catmullrom",
              "post": [
                4.41689,
                4.86294,
                -4.80491
              ]
            },
            "0.84": {
              "lerp_mode": "catmullrom",
              "post": [
                35.25464,
                2.12179,
                -0.90314
              ]
            },
            "1.16": {
              "lerp_mode": "catmullrom",
              "post": [
                42.75464,
                2.12179,
                -0.90314
              ]
            },
            "1.48": {
              "lerp_mode": "catmullrom",
              "post": [
                25.25464,
                2.12179,
                -0.90314
              ]
            },
            "1.68": {
              "lerp_mode": "catmullrom",
              "post": [
                7.80913,
                7.07581,
                -0.22415
              ]
            },
            "1.92": {
              "lerp_mode": "catmullrom",
              "post": [
                7.75883,
                -2.83251,
                -1.57778
              ]
            },
            "10.0": {
              "lerp_mode": "catmullrom",
              "post": [
                5.74142,
                1.22217,
                4.92486
              ]
            },
            "10.36": {
              "lerp_mode": "catmullrom",
              "post": [
                5.61369,
                1.71714,
                -0.05223
              ]
            },
            "10.64": {
              "lerp_mode": "catmullrom",
              "post": [
                2.61369,
                1.71714,
                -0.05223
              ]
            },
            "11.28": {
              "lerp_mode": "catmullrom",
              "post": [
                2.64427,
                -0.6656,
                -2.66378
              ]
            },
            "11.96": {
              "lerp_mode": "catmullrom",
              "post": [
                77.14427,
                -0.6656,
                -2.66378
              ]
            },
            "12.24": {
              "lerp_mode": "catmullrom",
              "post": [
                76.6893,
                -14.61204,
                3.67713
              ]
            },
            "12.48": {
              "lerp_mode": "catmullrom",
              "post": [
                76.75505,
                -13.82009,
                0.4024
              ]
            },
            "12.8": {
              "lerp_mode": "catmullrom",
              "post": [
                81.77651,
                -8.77624,
                0.4466
              ]
            },
            "13.12": {
              "lerp_mode": "catmullrom",
              "post": [
                73.57493,
                -9.86634,
                -0.71023
              ]
            },
            "13.56": {
              "lerp_mode": "catmullrom",
              "post": [
                76.19932,
                -5.65981,
                4.16165
              ]
            },
            "13.92": {
              "lerp_mode": "catmullrom",
              "post": [
                76.26655,
                -0.80328,
                2.97024
              ]
            },
            "14.48": {
              "lerp_mode": "catmullrom",
              "post": [
                8.62508,
                1.53833,
                0.42934
              ]
            },
            "14.84": {
              "lerp_mode": "catmullrom",
              "post": [
                1.04302,
                1.5951,
                -2.57125
              ]
            },
            "15.16": {
              "lerp_mode": "catmullrom",
              "post": [
                1.04446,
                -3.40407,
                -2.66231
              ]
            },
            "15.52": {
              "lerp_mode": "catmullrom",
              "post": [
                0.98483,
                -3.42178,
                -1.66069
              ]
            },
            "16.04": {
              "lerp_mode": "catmullrom",
              "post": [
                11.38406,
                -2.93115,
                -4.11585
              ]
            },
            "16.28": {
              "lerp_mode": "catmullrom",
              "post": [
                15.98483,
                -3.42178,
                -1.66069
              ]
            },
            "16.56": {
              "lerp_mode": "catmullrom",
              "post": [
                15.81058,
                -9.59811,
                1.79692
              ]
            },
            "16.88": {
              "lerp_mode": "catmullrom",
              "post": [
                15.52457,
                1.37228,
                -0.30844
              ]
            },
            "17.12": {
              "lerp_mode": "catmullrom",
              "post": [
                15.32272,
                -8.92925,
                -0.56392
              ]
            },
            "17.36": {
              "lerp_mode": "catmullrom",
              "post": [
                15.15041,
                0.06819,
                4.47961
              ]
            },
            "2.36": {
              "lerp_mode": "catmullrom",
              "post": [
                35.25883,
                -2.83251,
                -1.57778
              ]
            },
            "2.84": {
              "lerp_mode": "catmullrom",
              "post": [
                7.75883,
                -2.83251,
                -1.57778
              ]
            },
            "3.2": {
              "lerp_mode": "catmullrom",
              "post": [
                65.25883,
                -2.83251,
                -1.57778
              ]
            },
            "3.44": {
              "lerp_mode": "catmullrom",
              "post": [
                70.6695,
                4.82635,
                3.16449
              ]
            },
            "3.64": {
              "lerp_mode": "catmullrom",
              "post": [
                70.17396,
                -4.74454,
                -1.37689
              ]
            },
            "3.88": {
              "lerp_mode": "catmullrom",
              "post": [
                75.34125,
                -3.02745,
                -4.64599
              ]
            },
            "4.08": {
              "lerp_mode": "catmullrom",
              "post": [
                74.83965,
                -11.41332,
                2.79721
              ]
            },
            "4.36": {
              "lerp_mode": "catmullrom",
              "post": [
                75.06082,
                0.82457,
                9.8564
              ]
            },
            "4.6": {
              "lerp_mode": "catmullrom",
              "post": [
                75.04549,
                -6.58477,
                1.48247
              ]
            },
            "4.88": {
              "lerp_mode": "catmullrom",
              "post": [
                27.72795,
                2.31327,
                -3.91627
              ]
            },
            "5.56": {
              "lerp_mode": "catmullrom",
              "post": [
                27.79481,
                1.14865,
                -1.70306
              ]
            },
            "5.72": {
              "lerp_mode": "catmullrom",
              "post": [
                27.62177,
                -3.38897,
                1.56095
              ]
            },
            "5.84": {
              "lerp_mode": "catmullrom",
              "post": [
                27.79394,
                -1.06299,
                -2.86874
              ]
            },
            "6.08": {
              "lerp_mode": "catmullrom",
              "post": [
                75.21649,
                -5.89854,
                -1.5942
              ]
            },
            "6.32": {
              "lerp_mode": "catmullrom",
              "post": [
                75.13673,
                -8.31536,
                -0.94969
              ]
            },
            "6.56": {
              "lerp_mode": "catmullrom",
              "post": [
                74.89157,
                -13.14553,
                0.36583
              ]
            },
            "6.84": {
              "lerp_mode": "catmullrom",
              "post": [
                75.13673,
                -8.31536,
                -0.94969
              ]
            },
            "7.12": {
              "lerp_mode": "catmullrom",
              "post": [
                74.06954,
                -4.59039,
                -1.14505
              ]
            },
            "7.36": {
              "lerp_mode": "catmullrom",
              "post": [
                67.73831,
                -17.14612,
                9.30575
              ]
            },
            "7.68": {
              "lerp_mode": "catmullrom",
              "post": [
                73.16339,
                -15.1898,
                7.26989
              ]
            },
            "7.92": {
              "lerp_mode": "catmullrom",
              "post": [
                76.02872,
                -10.51387,
                5.3733
              ]
            },
            "8.28": {
              "lerp_mode": "catmullrom",
              "post": [
                76.24562,
                -3.23172,
                3.56452
              ]
            },
            "8.84": {
              "lerp_mode": "catmullrom",
              "post": [
                8.62508,
                1.53833,
                0.42934
              ]
            },
            "9.16": {
              "lerp_mode": "catmullrom",
              "post": [
                5.55062,
                1.9117,
                -2.04375
              ]
            },
            "9.44": {
              "lerp_mode": "catmullrom",
              "post": [
                5.61369,
                1.71714,
                -0.05223
              ]
            },
            "9.64": {
              "lerp_mode": "catmullrom",
              "post": [
                5.68293,
                1.47104,
                2.43659
              ]
            },
            "9.8": {
              "lerp_mode": "catmullrom",
              "post": [
                5.61369,
                1.71714,
                -0.05223
              ]
            }
          }
        },
        "Head": {
          "rotation": {
            "0.0": {
              "lerp_mode": "catmullrom",
              "post": [
                37.39234,
                -5.9106,
                5.25616
              ]
            },
            "0.16": {
              "lerp_mode": "catmullrom",
              "post": [
                47.70375,
                -5.94481,
                5.18807
              ]
            },
            "1.16": {
              "lerp_mode": "catmullrom",
              "post": [
                46.42319,
                -6.90288,
                3.28151
              ]
            },
            "1.48": {
              "lerp_mode": "catmullrom",
              "post": [
                8.92319,
                -6.90288,
                3.28151
              ]
            },
            "1.68": {
              "lerp_mode": "catmullrom",
              "post": [
                16.14966,
                -11.70855,
                1.88226
              ]
            },
            "1.92": {
              "lerp_mode": "catmullrom",
              "post": [
                36.21714,
                -0.1785,
                6.61136
              ]
            },
            "10.36": {
              "lerp_mode": "catmullrom",
              "post": [
                -20.65438,
                -38.69527,
                13.74726
              ]
            },
            "10.64": {
              "lerp_mode": "catmullrom",
              "post": [
                -6.68673,
                -40.42137,
                3.60868
              ]
            },
            "10.96": {
              "lerp_mode": "catmullrom",
              "post": [
                -11.68673,
                -40.42137,
                3.60868
              ]
            },
            "11.12": {
              "lerp_mode": "catmullrom",
              "post": [
                -4.04058,
                -37.92781,
                3.37736
              ]
            },
            "11.28": {
              "lerp_mode": "catmullrom",
              "post": [
                -3.79727,
                -32.93947,
                2.95809
              ]
            },
            "11.72": {
              "lerp_mode": "catmullrom",
              "post": [
                31.79916,
                -5.48844,
                1.19764
              ]
            },
            "13.56": {
              "lerp_mode": "catmullrom",
              "post": [
                23.94113,
                -14.62707,
                1.35694
              ]
            },
            "14.48": {
              "lerp_mode": "catmullrom",
              "post": [
                -5.59777,
                42.85275,
                3.01493
              ]
            },
            "14.84": {
              "lerp_mode": "catmullrom",
              "post": [
                -5.89133,
                45.8377,
                2.59509
              ]
            },
            "15.16": {
              "lerp_mode": "catmullrom",
              "post": [
                -2.20243,
                -56.40034,
                -3.49073
              ]
            },
            "15.52": {
              "lerp_mode": "catmullrom",
              "post": [
                3.81632,
                -56.34391,
                -10.7162
              ]
            },
            "16.04": {
              "lerp_mode": "catmullrom",
              "post": [
                -6.17088,
                -47.10673,
                -0.42925
              ]
            },
            "16.28": {
              "lerp_mode": "catmullrom",
              "post": [
                -8.18213,
                0.82991,
                -0.39604
              ]
            },
            "2.84": {
              "lerp_mode": "catmullrom",
              "post": [
                28.71714,
                -0.1785,
                6.61136
              ]
            },
            "4.84": {
              "lerp_mode": "catmullrom",
              "post": [
                28.71714,
                -0.1785,
                6.61136
              ]
            },
            "5.04": {
              "lerp_mode": "catmullrom",
              "post": [
                -22.86916,
                -55.15996,
                4.86601
              ]
            },
            "5.56": {
              "lerp_mode": "catmullrom",
              "post": [
                -20.44902,
                -59.88454,
                7.92136
              ]
            },
            "5.68": {
              "lerp_mode": "catmullrom",
              "post": [
                -25.44902,
                -59.88454,
                7.92136
              ]
            },
            "5.8": {
              "lerp_mode": "catmullrom",
              "post": [
                -20.44902,
                -59.88454,
                7.92136
              ]
            },
            "6.08": {
              "lerp_mode": "catmullrom",
              "post": [
                30.34658,
                2.58198,
                11.64439
              ]
            },
            "6.4": {
              "lerp_mode": "catmullrom",
              "post": [
                28.58854,
                7.79282,
                -5.21803
              ]
            },
            "6.76": {
              "lerp_mode": "catmullrom",
              "post": [
                28.064,
                -2.85611,
                -9.90535
              ]
            },
            "7.12": {
              "lerp_mode": "catmullrom",
              "post": [
                27.59543,
                -0.26624,
                -7.53628
              ]
            },
            "7.6": {
              "lerp_mode": "catmullrom",
              "post": [
                24.82475,
                4.54222,
                -1.4091
              ]
            },
            "7.92": {
              "lerp_mode": "catmullrom",
              "post": [
                23.94113,
                -14.62707,
                1.35694
              ]
            },
            "8.84": {
              "lerp_mode": "catmullrom",
              "post": [
                -5.59777,
                42.85275,
                3.01493
              ]
            },
            "9.44": {
              "lerp_mode": "catmullrom",
              "post": [
                -11.90826,
                41.78461,
                -6.34639
              ]
            },
            "9.64": {
              "lerp_mode": "catmullrom",
              "post": [
                -16.24492,
                36.83321,
                -5.32279
              ]
            },
            "9.76": {
              "lerp_mode": "catmullrom",
              "post": [
                -19.71072,
                35.28837,
                -11.20663
              ]
            }
          }
        },
        "LeftArm": {
          "rotation": {
            "0.04": {
              "lerp_mode": "catmullrom",
              "post": [
                -119.042,
                -23.37058,
                19.36497
              ],
              "pre": [
                -119.042,
                -23.37058,
                19.36497
              ]
            },
            "0.44": {
              "lerp_mode": "catmullrom",
              "post": [
                -131.542,
                -23.37058,
                19.36497
              ]
            },
            "0.84": {
              "lerp_mode": "catmullrom",
              "post": [
                45.28801,
                -8.61987,
                -4.87705
              ]
            },
            "1.16": {
              "lerp_mode": "catmullrom",
              "post": [
                58.40705,
                -1.46645,
                -11.89666
              ]
            },
            "1.48": {
              "lerp_mode": "catmullrom",
              "post": [
                13.40705,
                -1.46645,
                -11.89666
              ]
            },
            "1.68": {
              "lerp_mode": "catmullrom",
              "post": [
                -14.17893,
                -14.40729,
                -21.34605
              ]
            },
            "1.92": {
              "lerp_mode": "catmullrom",
              "post": [
                45.82107,
                -14.40729,
                -21.34605
              ]
            },
            "10.36": {
              "lerp_mode": "catmullrom",
              "post": [
                -96.72529,
                -25.25865,
                -0.28366
              ]
            },
            "10.64": {
              "lerp_mode": "catmullrom",
              "post": [
                -89.72529,
                -25.25865,
                -0.28366
              ]
            },
            "10.88": {
              "lerp_mode": "catmullrom",
              "post": [
                -107.22529,
                -25.25865,
                -0.28366
              ]
            },
            "11.0": {
              "lerp_mode": "catmullrom",
              "post": [
                -89.72529,
                -25.25865,
                -0.28366
              ]
            },
            "11.28": {
              "lerp_mode": "catmullrom",
              "post": [
                -82.21237,
                -30.25859,
                -0.31138
              ]
            },
            "11.72": {
              "lerp_mode": "catmullrom",
              "post": [
                -83.18586,
                9.44386,
                4.75417
              ]
            },
            "11.96": {
              "lerp_mode": "catmullrom",
              "post": [
                -93.18586,
                9.44386,
                4.75417
              ]
            },
            "12.24": {
              "lerp_mode": "catmullrom",
              "post": [
                -78.18586,
                9.44386,
                4.75417
              ]
            },
            "12.68": {
              "lerp_mode": "catmullrom",
              "post": [
                -211.90192,
                13.4828,
                11.20401
              ]
            },
            "13.12": {
              "lerp_mode": "catmullrom",
              "post": [
                -86.71544,
                23.46739,
                11.79022
              ]
            },
            "13.56": {
              "lerp_mode": "catmullrom",
              "post": [
                -64.97331,
                7.16809,
                13.21331
              ]
            },
            "13.92": {
              "lerp_mode": "catmullrom",
              "post": [
                -77.55981,
                -2.59666,
                11.05263
              ]
            },
            "14.48": {
              "lerp_mode": "catmullrom",
              "post": [
                -91.43901,
                -32.93619,
                -4.19546
              ]
            },
            "14.84": {
              "lerp_mode": "catmullrom",
              "post": [
                -94.01922,
                -32.74561,
                0.56043
              ]
            },
            "15.52": {
              "lerp_mode": "catmullrom",
              "post": [
                -95.61518,
                -32.53561,
                3.51891
              ]
            },
            "16.28": {
              "lerp_mode": "catmullrom",
              "post": [
                34.66341,
                1.75969,
                -25.31184
              ]
            },
            "16.56": {
              "lerp_mode": "catmullrom",
              "post": [
                -27.83659,
                1.75969,
                -25.31184
              ]
            },
            "16.84": {
              "lerp_mode": "catmullrom",
              "post": [
                44.66341,
                1.75969,
                -25.31184
              ]
            },
            "17.12": {
              "lerp_mode": "catmullrom",
              "post": [
                -30.33659,
                1.75969,
                -25.31184
              ]
            },
            "17.36": {
              "lerp_mode": "catmullrom",
              "post": [
                47.16341,
                1.75969,
                -25.31184
              ]
            },
            "2.36": {
              "lerp_mode": "catmullrom",
              "post": [
                -59.93065,
                -7.93892,
                -17.4743
              ]
            },
            "2.52": {
              "lerp_mode": "catmullrom",
              "post": [
                -56.00633,
                -9.06484,
                -3.74392
              ]
            },
            "2.84": {
              "lerp_mode": "catmullrom",
              "post": [
                -133.8773,
                -12.72406,
                40.8798
              ]
            },
            "3.2": {
              "lerp_mode": "catmullrom",
              "post": [
                -61.4063,
                17.35703,
                14.95238
              ]
            },
            "3.44": {
              "lerp_mode": "catmullrom",
              "post": [
                -79.58955,
                5.32274,
                11.4977
              ]
            },
            "3.64": {
              "lerp_mode": "catmullrom",
              "post": [
                -71.75718,
                15.15372,
                13.36063
              ]
            },
            "3.88": {
              "lerp_mode": "catmullrom",
              "post": [
                -53.44387,
                22.26113,
                15.89113
              ]
            },
            "4.12": {
              "lerp_mode": "catmullrom",
              "post": [
                -67.49754,
                14.89655,
                12.59168
              ]
            },
            "4.36": {
              "lerp_mode": "catmullrom",
              "post": [
                -83.25007,
                6.11346,
                6.86051
              ]
            },
            "4.64": {
              "lerp_mode": "catmullrom",
              "post": [
                -67.49754,
                14.89655,
                12.59168
              ]
            },
            "5.04": {
              "lerp_mode": "catmullrom",
              "post": [
                -128.27965,
                -35.68649,
                6.13133
              ]
            },
            "5.56": {
              "lerp_mode": "catmullrom",
              "post": [
                -122.20823,
                -35.68649,
                6.13133
              ]
            },
            "5.68": {
              "lerp_mode": "catmullrom",
              "post": [
                -100.77965,
                -35.68649,
                6.13133
              ]
            },
            "5.8": {
              "lerp_mode": "catmullrom",
              "post": [
                -128.27965,
                -35.68649,
                6.13133
              ]
            },
            "6.08": {
              "lerp_mode": "catmullrom",
              "post": [
                -70.01383,
                13.08068,
                -2.24032
              ]
            },
            "6.32": {
              "lerp_mode": "catmullrom",
              "post": [
                -64.79557,
                15.42853,
                -1.35413
              ]
            },
            "6.56": {
              "lerp_mode": "catmullrom",
              "post": [
                -84.64674,
                20.40736,
                -0.87082
              ]
            },
            "6.96": {
              "lerp_mode": "catmullrom",
              "post": [
                -187.15829,
                17.05061,
                14.57401
              ]
            },
            "7.32": {
              "lerp_mode": "catmullrom",
              "post": [
                -59.65829,
                17.05061,
                14.57401
              ]
            },
            "7.68": {
              "lerp_mode": "catmullrom",
              "post": [
                -84.84493,
                14.63859,
                13.89058
              ]
            },
            "7.92": {
              "lerp_mode": "catmullrom",
              "post": [
                -64.97331,
                7.16809,
                13.21331
              ]
            },
            "8.28": {
              "lerp_mode": "catmullrom",
              "post": [
                -77.55981,
                -2.59666,
                11.05263
              ]
            },
            "8.84": {
              "lerp_mode": "catmullrom",
              "post": [
                -91.43901,
                -32.93619,
                -4.19546
              ]
            },
            "9.16": {
              "lerp_mode": "catmullrom",
              "post": [
                -62.43901,
                -32.93619,
                -4.19546
              ]
            },
            "9.44": {
              "lerp_mode": "catmullrom",
              "post": [
                -58.29431,
                -30.89705,
                -8.25027
              ]
            }
          }
        },
        "LeftLeg": {
          "rotation": {
            "0.0": {
              "lerp_mode": "catmullrom",
              "post": [
                -39.82278,
                -3.97226,
                -12.7131
              ]
            },
            "0.12": {
              "lerp_mode": "catmullrom",
              "post": [
                -31.66802,
                -3.97226,
                -12.7131
              ]
            },
            "0.48": {
              "lerp_mode": "catmullrom",
              "post": [
                -31.96564,
                -3.97226,
                -12.7131
              ]
            },
            "0.68": {
              "lerp_mode": "catmullrom",
              "post": [
                0.17722,
                -3.97226,
                -12.7131
              ]
            },
            "1.36": {
              "lerp_mode": "catmullrom",
              "post": [
                0.17722,
                -3.97226,
                -12.7131
              ]
            },
            "1.68": {
              "lerp_mode": "catmullrom",
              "post": [
                27.67722,
                -3.97226,
                -12.7131
              ]
            },
            "1.92": {
              "lerp_mode": "catmullrom",
              "post": [
                -9.82278,
                -3.97226,
                -12.7131
              ]
            },
            "11.0": {
              "lerp_mode": "catmullrom",
              "post": [
                10.15782,
                -17.05714,
                -12.08837
              ]
            },
            "11.72": {
              "lerp_mode": "catmullrom",
              "post": [
                9.61295,
                -6.74578,
                -10.16933
              ]
            },
            "12.2": {
              "lerp_mode": "catmullrom",
              "post": [
                9.801,
                -12.81545,
                -11.22526
              ]
            },
            "12.48": {
              "lerp_mode": "catmullrom",
              "post": [
                9.74938,
                -11.67467,
                -11.02088
              ]
            },
            "13.72": {
              "lerp_mode": "catmullrom",
              "post": [
                7.13041,
                -7.41868,
                -5.56424
              ]
            },
            "14.24": {
              "lerp_mode": "catmullrom",
              "post": [
                8.14853,
                -29.72486,
                -8.69985
              ]
            },
            "14.4": {
              "lerp_mode": "catmullrom",
              "post": [
                10.91885,
                -28.89596,
                -14.35523
              ]
            },
            "15.56": {
              "lerp_mode": "catmullrom",
              "post": [
                12.26735,
                -38.69364,
                -16.77053
              ]
            },
            "15.8": {
              "lerp_mode": "catmullrom",
              "post": [
                2.70778,
                -39.07371,
                -18.11997
              ]
            },
            "16.04": {
              "lerp_mode": "catmullrom",
              "post": [
                27.46224,
                -28.26589,
                -18.93117
              ]
            },
            "16.28": {
              "lerp_mode": "catmullrom",
              "post": [
                -15.52885,
                -6.65024,
                -20.55359
              ]
            },
            "16.56": {
              "lerp_mode": "catmullrom",
              "post": [
                48.58194,
                -3.89177,
                -10.8997
              ]
            },
            "16.8": {
              "lerp_mode": "catmullrom",
              "post": [
                -18.91806,
                -3.89177,
                -10.8997
              ]
            },
            "17.04": {
              "lerp_mode": "catmullrom",
              "post": [
                53.58194,
                -3.89177,
                -10.8997
              ]
            },
            "17.28": {
              "lerp_mode": "catmullrom",
              "post": [
                -16.41806,
                -3.89177,
                -10.8997
              ]
            },
            "2.36": {
              "lerp_mode": "catmullrom",
              "post": [
                7.09689,
                -4.93791,
                -5.25286
              ]
            },
            "2.84": {
              "lerp_mode": "catmullrom",
              "post": [
                7.09689,
                -4.93791,
                -5.25286
              ]
            },
            "3.16": {
              "lerp_mode": "catmullrom",
              "post": [
                22.09689,
                -4.93791,
                -5.25286
              ]
            },
            "4.16": {
              "lerp_mode": "catmullrom",
              "post": [
                2.33127,
                -4.93791,
                -5.25286
              ]
            },
            "4.44": {
              "lerp_mode": "catmullrom",
              "post": [
                9.59689,
                -4.93791,
                -5.25286
              ]
            },
            "5.08": {
              "lerp_mode": "catmullrom",
              "post": [
                7.09689,
                -4.93791,
                -5.25286
              ]
            },
            "5.56": {
              "lerp_mode": "catmullrom",
              "post": [
                7.17783,
                -9.89922,
                -5.87916
              ]
            },
            "6.08": {
              "lerp_mode": "catmullrom",
              "post": [
                7.07721,
                2.50495,
                -4.32798
              ]
            },
            "6.4": {
              "lerp_mode": "catmullrom",
              "post": [
                7.13119,
                7.46661,
                -3.70745
              ]
            },
            "6.8": {
              "lerp_mode": "catmullrom",
              "post": [
                7.24095,
                12.42739,
                -3.07264
              ]
            },
            "7.12": {
              "lerp_mode": "catmullrom",
              "post": [
                7.13119,
                7.46661,
                -3.70745
              ]
            },
            "7.48": {
              "lerp_mode": "catmullrom",
              "post": [
                7.07042,
                0.02397,
                -4.6359
              ]
            },
            "8.08": {
              "lerp_mode": "catmullrom",
              "post": [
                7.13041,
                -7.41868,
                -5.56424
              ]
            },
            "8.6": {
              "lerp_mode": "catmullrom",
              "post": [
                8.14853,
                -29.72486,
                -8.69985
              ]
            },
            "8.76": {
              "lerp_mode": "catmullrom",
              "post": [
                10.91885,
                -28.89596,
                -14.35523
              ]
            }
          }
        },
        "RightArm": {
          "rotation": {
            "0.04": {
              "lerp_mode": "catmullrom",
              "post": [
                -107.22644,
                22.52101,
                -11.14843
              ],
              "pre": [
                -107.22644,
                22.52101,
                -11.14843
              ]
            },
            "0.44": {
              "lerp_mode": "catmullrom",
              "post": [
                -117.22644,
                22.52101,
                -11.14843
              ]
            },
            "0.84": {
              "lerp_mode": "catmullrom",
              "post": [
                46.70042,
                -13.17764,
                7.24345
              ]
            },
            "1.16": {
              "lerp_mode": "catmullrom",
              "post": [
                54.20042,
                -13.17764,
                7.24345
              ]
            },
            "1.48": {
              "lerp_mode": "catmullrom",
              "post": [
                -10.95866,
                -11.0781,
                19.8491
              ]
            },
            "1.68": {
              "lerp_mode": "catmullrom",
              "post": [
                24.04134,
                -11.0781,
                19.8491
              ]
            },
            "1.92": {
              "lerp_mode": "catmullrom",
              "post": [
                -23.5319,
                11.90675,
                9.94857
              ]
            },
            "10.0": {
              "lerp_mode": "catmullrom",
              "post": [
                -85.62703,
                31.73265,
                3.42694
              ]
            },
            "10.28": {
              "lerp_mode": "catmullrom",
              "post": [
                -8.12703,
                31.73265,
                3.42694
              ]
            },
            "10.64": {
              "lerp_mode": "catmullrom",
              "post": [
                -6.58387,
                32.05279,
                6.3473
              ]
            },
            "11.12": {
              "lerp_mode": "catmullrom",
              "post": [
                -1.84197,
                32.60502,
                15.20162
              ]
            },
            "11.72": {
              "lerp_mode": "catmullrom",
              "post": [
                -58.36305,
                -7.14195,
                -12.12586
              ]
            },
            "11.96": {
              "lerp_mode": "catmullrom",
              "post": [
                -67.89308,
                -4.8808,
                -16.61034
              ]
            },
            "12.24": {
              "lerp_mode": "catmullrom",
              "post": [
                -80.34828,
                -7.34559,
                -17.03088
              ]
            },
            "12.8": {
              "lerp_mode": "catmullrom",
              "post": [
                -86.15126,
                -16.75674,
                -16.82923
              ]
            },
            "13.12": {
              "lerp_mode": "catmullrom",
              "post": [
                -84.71096,
                -12.20482,
                -15.89237
              ]
            },
            "13.56": {
              "lerp_mode": "catmullrom",
              "post": [
                -82.44002,
                -17.76927,
                -15.74851
              ]
            },
            "13.92": {
              "lerp_mode": "catmullrom",
              "post": [
                -67.44002,
                -17.76927,
                -15.74851
              ]
            },
            "14.48": {
              "lerp_mode": "catmullrom",
              "post": [
                -93.13981,
                20.21626,
                2.34671
              ]
            },
            "14.84": {
              "lerp_mode": "catmullrom",
              "post": [
                -98.13981,
                20.21626,
                2.34671
              ]
            },
            "15.16": {
              "lerp_mode": "catmullrom",
              "post": [
                -73.13981,
                20.21626,
                2.34671
              ]
            },
            "15.52": {
              "lerp_mode": "catmullrom",
              "post": [
                -78.13981,
                20.21626,
                2.34671
              ]
            },
            "16.28": {
              "lerp_mode": "catmullrom",
              "post": [
                -47.93778,
                -0.95038,
                17.80917
              ]
            },
            "16.56": {
              "lerp_mode": "catmullrom",
              "post": [
                62.06222,
                -0.95038,
                17.80917
              ]
            },
            "16.84": {
              "lerp_mode": "catmullrom",
              "post": [
                -37.93778,
                -0.95038,
                17.80917
              ]
            },
            "17.12": {
              "lerp_mode": "catmullrom",
              "post": [
                29.56222,
                -0.95038,
                17.80917
              ]
            },
            "17.36": {
              "lerp_mode": "catmullrom",
              "post": [
                -25.43778,
                -0.95038,
                17.80917
              ]
            },
            "2.36": {
              "lerp_mode": "catmullrom",
              "post": [
                -61.0319,
                11.90675,
                9.94857
              ]
            },
            "2.52": {
              "lerp_mode": "catmullrom",
              "post": [
                -49.14158,
                7.47917,
                2.96617
              ]
            },
            "2.84": {
              "lerp_mode": "catmullrom",
              "post": [
                -135.49317,
                10.85221,
                -37.40079
              ]
            },
            "3.2": {
              "lerp_mode": "catmullrom",
              "post": [
                -62.83632,
                -22.7998,
                4.63274
              ]
            },
            "3.44": {
              "lerp_mode": "catmullrom",
              "post": [
                -79.93178,
                -27.72598,
                3.68571
              ]
            },
            "3.64": {
              "lerp_mode": "catmullrom",
              "post": [
                -73.88195,
                -15.75728,
                7.57801
              ]
            },
            "3.88": {
              "lerp_mode": "catmullrom",
              "post": [
                -96.82487,
                -8.54327,
                9.67797
              ]
            },
            "4.12": {
              "lerp_mode": "catmullrom",
              "post": [
                -80.46543,
                -10.34533,
                19.6502
              ]
            },
            "4.36": {
              "lerp_mode": "catmullrom",
              "post": [
                -211.42123,
                -17.22296,
                -30.81966
              ]
            },
            "4.68": {
              "lerp_mode": "catmullrom",
              "post": [
                -78.92123,
                -17.22296,
                -30.81966
              ]
            },
            "5.0": {
              "lerp_mode": "catmullrom",
              "post": [
                -43.88195,
                -15.75728,
                7.57801
              ]
            },
            "5.56": {
              "lerp_mode": "catmullrom",
              "post": [
                -45.13107,
                -10.49572,
                13.06848
              ]
            },
            "6.08": {
              "lerp_mode": "catmullrom",
              "post": [
                -79.93178,
                -15.42034,
                12.1806
              ]
            },
            "6.32": {
              "lerp_mode": "catmullrom",
              "post": [
                -82.4995,
                -15.47017,
                12.51514
              ]
            },
            "6.56": {
              "lerp_mode": "catmullrom",
              "post": [
                -72.4995,
                -15.47017,
                12.51514
              ]
            },
            "6.84": {
              "lerp_mode": "catmullrom",
              "post": [
                -71.7029,
                -22.60831,
                10.07828
              ]
            },
            "7.12": {
              "lerp_mode": "catmullrom",
              "post": [
                -167.26916,
                -3.03915,
                -17.17538
              ]
            },
            "7.4": {
              "lerp_mode": "catmullrom",
              "post": [
                -80.55345,
                -10.61717,
                -13.90279
              ]
            },
            "7.68": {
              "lerp_mode": "catmullrom",
              "post": [
                -68.05345,
                -10.61717,
                -13.90279
              ]
            },
            "7.92": {
              "lerp_mode": "catmullrom",
              "post": [
                -82.44002,
                -17.76927,
                -15.74851
              ]
            },
            "8.28": {
              "lerp_mode": "catmullrom",
              "post": [
                -67.44002,
                -17.76927,
                -15.74851
              ]
            },
            "8.84": {
              "lerp_mode": "catmullrom",
              "post": [
                -93.13981,
                20.21626,
                2.34671
              ]
            },
            "9.16": {
              "lerp_mode": "catmullrom",
              "post": [
                -90.17388,
                22.44785,
                10.86918
              ]
            },
            "9.44": {
              "lerp_mode": "catmullrom",
              "post": [
                -89.16776,
                23.44775,
                10.88489
              ]
            },
            "9.64": {
              "lerp_mode": "catmullrom",
              "post": [
                -101.66776,
                23.44775,
                10.88489
              ]
            },
            "9.76": {
              "lerp_mode": "catmullrom",
              "post": [
                -84.16776,
                23.44775,
                10.88489
              ]
            }
          }
        },
        "RightLeg": {
          "rotation": {
            "0.0": {
              "lerp_mode": "catmullrom",
              "post": [
                30,
                0,
                12.5
              ]
            },
            "0.12": {
              "lerp_mode": "catmullrom",
              "post": [
                23.86905,
                0,
                12.5
              ]
            },
            "0.48": {
              "lerp_mode": "catmullrom",
              "post": [
                46.42857,
                0,
                12.5
              ]
            },
            "0.68": {
              "lerp_mode": "catmullrom",
              "post": [
                15,
                0,
                12.5
              ]
            },
            "1.36": {
              "lerp_mode": "catmullrom",
              "post": [
                15,
                0,
                12.5
              ]
            },
            "1.68": {
              "lerp_mode": "catmullrom",
              "post": [
                -15,
                0,
                12.5
              ]
            },
            "1.92": {
              "lerp_mode": "catmullrom",
              "post": [
                32.5,
                0,
                12.5
              ]
            },
            "10.4": {
              "lerp_mode": "catmullrom",
              "post": [
                1.17706,
                18.31768,
                12.81127
              ]
            },
            "11.72": {
              "lerp_mode": "catmullrom",
              "post": [
                1.11789,
                -1.6784,
                12.40854
              ]
            },
            "12.2": {
              "lerp_mode": "catmullrom",
              "post": [
                6.67913,
                5.80413,
                13.21478
              ]
            },
            "12.48": {
              "lerp_mode": "catmullrom",
              "post": [
                5.11985,
                2.30566,
                12.76536
              ]
            },
            "13.44": {
              "lerp_mode": "catmullrom",
              "post": [
                -0.03754,
                -6.63283,
                7.58048
              ]
            },
            "14.4": {
              "lerp_mode": "catmullrom",
              "post": [
                1.1483,
                13.31871,
                12.70585
              ]
            },
            "15.56": {
              "lerp_mode": "catmullrom",
              "post": [
                0.40649,
                13.05484,
                1.60589
              ]
            },
            "15.8": {
              "lerp_mode": "catmullrom",
              "post": [
                8.71637,
                13.21786,
                6.73761
              ]
            },
            "16.04": {
              "lerp_mode": "catmullrom",
              "post": [
                -6.24522,
                12.66798,
                10.13167
              ]
            },
            "16.28": {
              "lerp_mode": "catmullrom",
              "post": [
                31.6713,
                9.1834,
                8.15384
              ]
            },
            "16.56": {
              "lerp_mode": "catmullrom",
              "post": [
                -25.8287,
                9.1834,
                8.15384
              ]
            },
            "16.8": {
              "lerp_mode": "catmullrom",
              "post": [
                54.54409,
                -1.26786,
                6.42998
              ]
            },
            "17.04": {
              "lerp_mode": "catmullrom",
              "post": [
                -25.45591,
                -1.26786,
                6.42998
              ]
            },
            "17.28": {
              "lerp_mode": "catmullrom",
              "post": [
                52.04409,
                -1.26786,
                6.42998
              ]
            },
            "2.36": {
              "lerp_mode": "catmullrom",
              "post": [
                9.96271,
                0.86717,
                7.57558
              ]
            },
            "2.84": {
              "lerp_mode": "catmullrom",
              "post": [
                9.96271,
                0.86717,
                7.57558
              ]
            },
            "3.16": {
              "lerp_mode": "catmullrom",
              "post": [
                -2.53729,
                0.86717,
                7.57558
              ]
            },
            "4.44": {
              "lerp_mode": "catmullrom",
              "post": [
                4.96271,
                0.86717,
                7.57558
              ]
            },
            "4.72": {
              "lerp_mode": "catmullrom",
              "post": [
                9.96271,
                0.86717,
                7.57558
              ]
            },
            "5.08": {
              "lerp_mode": "catmullrom",
              "post": [
                -0.03729,
                0.86717,
                7.57558
              ]
            },
            "5.56": {
              "lerp_mode": "catmullrom",
              "post": [
                -0.03776,
                -9.13283,
                7.58214
              ]
            },
            "6.08": {
              "lerp_mode": "catmullrom",
              "post": [
                -0.03891,
                -16.63282,
                7.58729
              ]
            },
            "6.4": {
              "lerp_mode": "catmullrom",
              "post": [
                -0.03738,
                -4.13283,
                7.57884
              ]
            },
            "6.8": {
              "lerp_mode": "catmullrom",
              "post": [
                -0.03807,
                -11.63282,
                7.58382
              ]
            },
            "7.12": {
              "lerp_mode": "catmullrom",
              "post": [
                -0.03776,
                -9.13283,
                7.58214
              ]
            },
            "7.48": {
              "lerp_mode": "catmullrom",
              "post": [
                -0.0373,
                -1.63283,
                7.57721
              ]
            },
            "7.8": {
              "lerp_mode": "catmullrom",
              "post": [
                -0.03754,
                -6.63283,
                7.58048
              ]
            },
            "8.84": {
              "lerp_mode": "catmullrom",
              "post": [
                1.1483,
                13.31871,
                12.70585
              ]
            }
          }
        },
        "apple_golden": {
          "scale": {
            "14.0": {
              "lerp_mode": "catmullrom",
              "post": [
                0,
                0,
                0
              ],
              "pre": [
                0,
                0,
                0
              ]
            },
            "14.16": {
              "lerp_mode": "catmullrom",
              "post": [
                1,
                1,
                1
              ]
            }
          }
        },
        "armorHat": {
          "scale": {
            "0.0": {
              "lerp_mode": "catmullrom",
              "post": [
                0,
                0,
                0
              ]
            },
            "11.0": {
              "lerp_mode": "catmullrom",
              "post": [
                0,
                0,
                0
              ]
            },
            "11.04": {
              "lerp_mode": "catmullrom",
              "post": [
                1,
                1,
                1
              ]
            }
          }
        },
        "bone": {
          "scale": {
            "0.0": {
              "lerp_mode": "catmullrom",
              "post": [
                0.6,
                0.6,
                0.6
              ]
            }
          }
        },
        "chainmail_boots": {
          "scale": {
            "0.0": {
              "lerp_mode": "catmullrom",
              "post": [
                0,
                0,
                0
              ]
            },
            "4.64": {
              "lerp_mode": "catmullrom",
              "post": [
                0,
                0,
                0
              ]
            },
            "4.76": {
              "lerp_mode": "catmullrom",
              "post": [
                0.6,
                0.6,
                0.6
              ]
            },
            "5.4": {
              "lerp_mode": "catmullrom",
              "post": [
                0.6,
                0.6,
                0.6
              ]
            },
            "5.48": {
              "lerp_mode": "catmullrom",
              "post": [
                0,
                0,
                0
              ]
            }
          }
        },
        "chainmail_helmet": {
          "scale": {
            "10.92": {
              "lerp_mode": "catmullrom",
              "post": [
                0.6,
                0.6,
                0.6
              ]
            },
            "11.04": {
              "lerp_mode": "catmullrom",
              "post": [
                0,
                0,
                0
              ]
            },
            "8.28": {
              "lerp_mode": "catmullrom",
              "post": [
                0,
                0,
                0
              ],
              "pre": [
                0,
                0,
                0
              ]
            },
            "8.4": {
              "lerp_mode": "catmullrom",
              "post": [
                0.6,
                0.6,
                0.6
              ]
            }
          }
        },
        "charcoal": {
          "position": {
            "4.0": {
              "lerp_mode": "catmullrom",
              "post": [
                6,
                3,
                -4
              ],
              "pre": [
                6,
                3,
                -4
              ]
            },
            "4.2": {
              "lerp_mode": "catmullrom",
              "post": [
                6,
                13,
                9
              ]
            },
            "4.36": {
              "lerp_mode": "catmullrom",
              "post": [
                16,
                44.77,
                0.76
              ]
            },
            "4.6": {
              "lerp_mode": "catmullrom",
              "post": [
                23.9,
                29.4,
                -25.53
              ]
            },
            "4.84": {
              "lerp_mode": "catmullrom",
              "post": [
                25,
                -1,
                -35
              ]
            }
          },
          "rotation": {
            "4.0": {
              "lerp_mode": "catmullrom",
              "post": [
                35,
                0,
                0
              ],
              "pre": [
                35,
                0,
                0
              ]
            },
            "4.2": {
              "lerp_mode": "catmullrom",
              "post": [
                0,
                0,
                0
              ]
            },
            "4.84": {
              "lerp_mode": "catmullrom",
              "post": [
                90,
                -37.5,
                0
              ]
            }
          },
          "scale": {
            "17.16": {
              "lerp_mode": "catmullrom",
              "post": [
                1,
                1,
                1
              ],
              "pre": [
                1,
                1,
                1
              ]
            },
            "17.36": {
              "lerp_mode": "catmullrom",
              "post": [
                0,
                0,
                0
              ]
            }
          }
        },
        "chestplate": {
          "scale": {
            "9.72": {
              "lerp_mode": "catmullrom",
              "post": [
                0,
                0,
                0
              ],
              "pre": [
                0,
                0,
                0
              ]
            },
            "9.76": {
              "lerp_mode": "catmullrom",
              "post": [
                1,
                1,
                1
              ]
            }
          }
        },
        "compass_item": {
          "position": {
            "12.12": {
              "lerp_mode": "catmullrom",
              "post": [
                -4.9,
                0,
                -5.1
              ],
              "pre": [
                -4.9,
                0,
                -5.1
              ]
            },
            "12.24": {
              "lerp_mode": "catmullrom",
              "post": [
                -2.36,
                0,
                1.41
              ]
            },
            "12.4": {
              "lerp_mode": "catmullrom",
              "post": [
                -5.17,
                11,
                9.84
              ]
            },
            "12.64": {
              "lerp_mode": "catmullrom",
              "post": [
                -13.74,
                35.97,
                5.41
              ]
            },
            "12.92": {
              "lerp_mode": "catmullrom",
              "post": [
                -22.7,
                33.99,
                -22.74
              ]
            },
            "13.24": {
              "lerp_mode": "catmullrom",
              "post": [
                -29.6,
                0.6,
                -36.1
              ]
            }
          },
          "rotation": {
            "12.12": {
              "lerp_mode": "catmullrom",
              "post": [
                -30,
                -85,
                0
              ],
              "pre": [
                -30,
                -85,
                0
              ]
            },
            "12.64": {
              "lerp_mode": "catmullrom",
              "post": [
                -10.57177,
                -84.48159,
                14.21497
              ]
            },
            "13.24": {
              "lerp_mode": "catmullrom",
              "post": [
                -89.51984,
                -84.77967,
                -2.72172
              ]
            }
          },
          "scale": {
            "17.16": {
              "lerp_mode": "catmullrom",
              "post": [
                1,
                1,
                1
              ],
              "pre": [
                1,
                1,
                1
              ]
            },
            "17.36": {
              "lerp_mode": "catmullrom",
              "post": [
                0,
                0,
                0
              ]
            }
          }
        },
        "gold_chestplate": {
          "scale": {
            "8.36": {
              "lerp_mode": "catmullrom",
              "post": [
                0,
                0,
                0
              ],
              "pre": [
                0,
                0,
                0
              ]
            },
            "8.48": {
              "lerp_mode": "catmullrom",
              "post": [
                1,
                1,
                1
              ]
            },
            "9.72": {
              "lerp_mode": "catmullrom",
              "post": [
                1,
                1,
                1
              ]
            },
            "9.84": {
              "lerp_mode": "catmullrom",
              "post": [
                0,
                0,
                0
              ]
            }
          }
        },
        "hopper": {
          "position": {
            "6.52": {
              "lerp_mode": "catmullrom",
              "post": [
                -5.3,
                1,
                2
              ],
              "pre": [
                -5.3,
                1,
                2
              ]
            },
            "6.64": {
              "lerp_mode": "catmullrom",
              "post": [
                -4.42,
                14,
                6.47
              ]
            },
            "6.84": {
              "lerp_mode": "catmullrom",
              "post": [
                -10.32,
                32.23,
                10.58
              ]
            },
            "7.0": {
              "lerp_mode": "catmullrom",
              "post": [
                -10.5,
                48.85,
                -7.96
              ]
            },
            "7.24": {
              "lerp_mode": "catmullrom",
              "post": [
                -9.98,
                32.61,
                -27.04
              ]
            },
            "7.48": {
              "lerp_mode": "catmullrom",
              "post": [
                -9,
                0,
                -38
              ]
            }
          },
          "rotation": {
            "6.52": {
              "lerp_mode": "catmullrom",
              "post": [
                -36.33914,
                -24.94169,
                17.23442
              ],
              "pre": [
                -36.33914,
                -24.94169,
                17.23442
              ]
            },
            "7.48": {
              "lerp_mode": "catmullrom",
              "post": [
                90,
                52.5,
                0
              ]
            }
          },
          "scale": {
            "17.16": {
              "lerp_mode": "catmullrom",
              "post": [
                1,
                1,
                1
              ],
              "pre": [
                1,
                1,
                1
              ]
            },
            "17.36": {
              "lerp_mode": "catmullrom",
              "post": [
                0,
                0,
                0
              ]
            }
          }
        },
        "human": {
          "position": {
            "0.0": [
              0,
              26,
              -37
            ],
            "0.64": [
              0,
              -0.73,
              -12.64
            ],
            "1.28": [
              0,
              -1,
              -12
            ],
            "1.92": [
              0,
              -1,
              -2
            ],
            "15.44": {
              "lerp_mode": "catmullrom",
              "post": [
                0,
                -1,
                1
              ]
            },
            "16.28": {
              "lerp_mode": "catmullrom",
              "post": [
                0,
                -1,
                -12
              ]
            },
            "17.28": {
              "lerp_mode": "catmullrom",
              "post": [
                0,
                -1,
                -61
              ]
            },
            "2.84": {
              "lerp_mode": "catmullrom",
              "post": [
                0,
                -1,
                -2
              ],
              "pre": [
                0,
                -1,
                -2
              ]
            },
            "3.2": {
              "lerp_mode": "catmullrom",
              "post": [
                0,
                -1,
                1
              ]
            }
          },
          "rotation": {
            "0.0": {
              "lerp_mode": "catmullrom",
              "post": [
                -210,
                0,
                -180
              ]
            },
            "0.64": {
              "lerp_mode": "catmullrom",
              "post": [
                -187.5,
                0,
                -180
              ]
            },
            "15.44": {
              "lerp_mode": "catmullrom",
              "post": [
                -187.5,
                0,
                -180
              ]
            },
            "16.28": {
              "lerp_mode": "catmullrom",
              "post": [
                -187.5,
                180,
                -180
              ]
            }
          },
          "scale": {
            "0.0": {
              "lerp_mode": "catmullrom",
              "post": [
                0,
                0,
                0
              ]
            },
            "0.2": {
              "lerp_mode": "catmullrom",
              "post": [
                1,
                1,
                1
              ]
            },
            "16.28": {
              "lerp_mode": "catmullrom",
              "post": [
                1,
                1,
                1
              ]
            },
            "17.12": {
              "lerp_mode": "catmullrom",
              "post": [
                0,
                0,
                0
              ]
            }
          }
        },
        "leftArmArmor": {
          "scale": {
            "0.0": {
              "lerp_mode": "catmullrom",
              "post": [
                0,
                0,
                0
              ]
            },
            "9.72": {
              "lerp_mode": "catmullrom",
              "post": [
                0,
                0,
                0
              ]
            },
            "9.76": {
              "lerp_mode": "catmullrom",
              "post": [
                1,
                1,
                1
              ]
            }
          }
        },
        "leftArmorBoot": {
          "scale": {
            "5.36": [
              0,
              0,
              0
            ],
            "5.4": [
              1,
              1,
              1
            ]
          }
        },
        "rightArmArmor": {
          "scale": {
            "0.0": {
              "lerp_mode": "catmullrom",
              "post": [
                0,
                0,
                0
              ]
            },
            "9.72": {
              "lerp_mode": "catmullrom",
              "post": [
                0,
                0,
                0
              ]
            },
            "9.76": {
              "lerp_mode": "catmullrom",
              "post": [
                1,
                1,
                1
              ]
            }
          }
        },
        "rightArmorBoot": {
          "scale": {
            "5.36": {
              "lerp_mode": "catmullrom",
              "post": [
                0,
                0,
                0
              ],
              "pre": [
                0,
                0,
                0
              ]
            },
            "5.4": {
              "lerp_mode": "catmullrom",
              "post": [
                1,
                1,
                1
              ]
            }
          }
        },
        "rightItem": {
          "scale": {
            "0.0": {
              "lerp_mode": "catmullrom",
              "post": [
                0.5,
                0.5,
                0.5
              ]
            }
          }
        },
        "saddle": {
          "position": {
            "1.32": {
              "lerp_mode": "catmullrom",
              "post": [
                2,
                1,
                3.6
              ],
              "pre": [
                2,
                1,
                3.6
              ]
            },
            "5.84": {
              "lerp_mode": "catmullrom",
              "post": [
                2,
                1,
                3.8
              ]
            },
            "6.84": {
              "lerp_mode": "catmullrom",
              "post": [
                2,
                1,
                4
              ]
            },
            "6.96": {
              "lerp_mode": "catmullrom",
              "post": [
                6,
                17,
                7
              ]
            },
            "7.16": {
              "lerp_mode": "catmullrom",
              "post": [
                13.26,
                31.6,
                10.76
              ]
            },
            "7.4": {
              "lerp_mode": "catmullrom",
              "post": [
                11.79,
                43.96,
                -1.87
              ]
            },
            "7.64": {
              "lerp_mode": "catmullrom",
              "post": [
                9.07,
                33.92,
                -23.14
              ]
            },
            "7.92": {
              "lerp_mode": "catmullrom",
              "post": [
                6,
                0,
                -36
              ]
            }
          },
          "rotation": {
            "6.84": {
              "lerp_mode": "catmullrom",
              "post": [
                -47.5,
                0,
                0
              ],
              "pre": [
                -47.5,
                0,
                0
              ]
            },
            "7.92": {
              "lerp_mode": "catmullrom",
              "post": [
                90,
                -50,
                0
              ]
            }
          },
          "scale": {
            "17.16": {
              "lerp_mode": "catmullrom",
              "post": [
                1,
                1,
                1
              ],
              "pre": [
                1,
                1,
                1
              ]
            },
            "17.36": {
              "lerp_mode": "catmullrom",
              "post": [
                0,
                0,
                0
              ]
            }
          }
        },
        "stone_sword": {
          "scale": {
            "14.08": {
              "lerp_mode": "catmullrom",
              "post": [
                0,
                0,
                0
              ]
            },
            "14.24": {
              "lerp_mode": "catmullrom",
              "post": [
                1,
                1,
                1
              ]
            },
            "7.48": {
              "lerp_mode": "catmullrom",
              "post": [
                0,
                0,
                0
              ],
              "pre": [
                0,
                0,
                0
              ]
            }
          }
        },
        "upPartChest": {
          "rotation": {
            "17.16": {
              "lerp_mode": "catmullrom",
              "post": [
                -147.5,
                0,
                0
              ]
            },
            "17.56": {
              "lerp_mode": "catmullrom",
              "post": [
                0,
                0,
                0
              ]
            },
            "17.72": {
              "lerp_mode": "catmullrom",
              "post": [
                -10,
                0,
                0
              ]
            },
            "17.84": {
              "lerp_mode": "catmullrom",
              "post": [
                0,
                0,
                0
              ]
            },
            "17.96": {
              "lerp_mode": "catmullrom",
              "post": [
                -2.5,
                0,
                0
              ]
            },
            "18.04": {
              "lerp_mode": "catmullrom",
              "post": [
                0,
                0,
                0
              ]
            },
            "2.56": {
              "lerp_mode": "catmullrom",
              "post": [
                0,
                0,
                0
              ],
              "pre": [
                0,
                0,
                0
              ]
            },
            "3.0": {
              "lerp_mode": "catmullrom",
              "post": [
                -147.5,
                0,
                0
              ]
            },
            "3.2": {
              "lerp_mode": "catmullrom",
              "post": [
                -107.5,
                0,
                0
              ]
            },
            "3.32": {
              "lerp_mode": "catmullrom",
              "post": [
                -145,
                0,
                0
              ]
            },
            "3.44": {
              "lerp_mode": "catmullrom",
              "post": [
                -132.5,
                0,
                0
              ]
            },
            "3.52": {
              "lerp_mode": "catmullrom",
              "post": [
                -147.5,
                0,
                0
              ]
            }
          }
        }
      },
      "loop": true
    }
  },
  "format_version": "1.8.0"
}