{
  "animations": {
    "animation.ng.npc.uhc.play": {
      "animation_length": 13.92,
      "bones": {
        "Body2": {
          "rotation": {
            "0.0": [
              -15,
              0,
              0
            ],
            "0.68": [
              -15,
              0,
              0
            ],
            "0.88": [
              -15,
              0,
              0
            ],
            "1.24": [
              45,
              0,
              0
            ],
            "1.6": [
              50,
              0,
              0
            ],
            "10.04": [
              27.99175,
              -0.07993,
              -1.71597
            ],
            "10.28": [
              27.9662,
              -7.19869,
              -3.23772
            ],
            "10.52": [
              28.04424,
              8.27859,
              4.95488
            ],
            "11.0": [
              -34.45576,
              8.27859,
              4.95488
            ],
            "11.52": [
              -39.06668,
              9.33754,
              7.30926
            ],
            "2.0": [
              2.5,
              0,
              0
            ],
            "2.24": [
              4.16243,
              3.33335,
              -0.00041
            ],
            "2.36": [
              -2.519,
              4.98093,
              -0.43688
            ],
            "2.48": [
              4.16243,
              3.33335,
              -0.00041
            ],
            "2.6": [
              -2.519,
              4.98093,
              -0.43688
            ],
            "2.72": [
              4.16243,
              3.33335,
              -0.00041
            ],
            "2.84": [
              -2.519,
              4.98093,
              -0.43688
            ],
            "3.76": [
              4.16243,
              3.33335,
              -0.00041
            ],
            "3.88": [
              -2.519,
              4.98093,
              -0.43688
            ],
            "4.0": [
              4.16243,
              3.33335,
              -0.00041
            ],
            "4.12": [
              -2.519,
              4.98093,
              -0.43688
            ],
            "4.24": [
              4.16243,
              3.33335,
              -0.00041
            ],
            "4.36": [
              -2.519,
              4.98093,
              -0.43688
            ],
            "4.48": [
              4.16243,
              3.33335,
              -0.00041
            ],
            "4.6": [
              -2.519,
              4.98093,
              -0.43688
            ],
            "4.72": [
              4.16243,
              3.33335,
              -0.00041
            ],
            "4.84": [
              -2.519,
              4.98093,
              -0.43688
            ],
            "4.96": [
              4.16243,
              3.33335,
              -0.00041
            ],
            "5.08": [
              -2.519,
              4.98093,
              -0.43688
            ],
            "5.2": [
              4.16243,
              3.33335,
              -0.00041
            ],
            "5.32": [
              -2.519,
              4.98093,
              -0.43688
            ],
            "5.44": [
              4.16243,
              3.33335,
              -0.00041
            ],
            "5.56": [
              -2.519,
              4.98093,
              -0.43688
            ],
            "5.68": [
              4.16243,
              3.33335,
              -0.00041
            ],
            "5.8": [
              -2.519,
              4.98093,
              -0.43688
            ],
            "5.92": [
              4.16243,
              3.33335,
              -0.00041
            ],
            "6.04": [
              -2.519,
              4.98093,
              -0.43688
            ],
            "6.16": [
              4.16243,
              3.33335,
              -0.00041
            ],
            "6.28": [
              -2.519,
              4.98093,
              -0.43688
            ],
            "6.4": [
              4.16243,
              3.33335,
              -0.00041
            ],
            "6.52": [
              -2.519,
              4.98093,
              -0.43688
            ],
            "6.64": [
              4.16243,
              3.33335,
              -0.00041
            ],
            "6.76": [
              -2.519,
              4.98093,
              -0.43688
            ],
            "6.84": [
              4.16243,
              3.33335,
              -0.00041
            ],
            "6.96": [
              -2.519,
              4.98093,
              -0.43688
            ],
            "7.08": [
              4.16243,
              3.33335,
              -0.00041
            ],
            "7.2": [
              -2.519,
              4.98093,
              -0.43688
            ],
            "8.12": [
              -2.54803,
              9.97604,
              -0.65972
            ],
            "8.56": [
              -2.50948,
              -0.01427,
              -0.2174
            ],
            "8.96": [
              -2.50825,
              -0.07993,
              -1.71597
            ],
            "9.36": [
              -4.50825,
              -0.07993,
              -1.71597
            ],
            "9.76": [
              17.99175,
              -0.07993,
              -1.71597
            ]
          }
        },
        "Head2": {
          "rotation": {
            "0.0": [
              -12.5,
              0,
              0
            ],
            "0.68": [
              -17.5,
              0,
              0
            ],
            "0.96": [
              -17.5,
              0,
              0
            ],
            "1.12": [
              35,
              0,
              0
            ],
            "1.6": [
              37.5,
              0,
              0
            ],
            "10.04": [
              -22.74573,
              2.36134,
              -2.4514
            ],
            "10.28": [
              -23.14674,
              10.65182,
              -5.97988
            ],
            "10.52": [
              -21.55151,
              3.82608,
              -3.44987
            ],
            "10.88": [
              -61.55151,
              3.82608,
              -3.44987
            ],
            "11.32": [
              -19.05151,
              3.82608,
              -3.44987
            ],
            "11.52": [
              -18.66769,
              5.44326,
              1.29707
            ],
            "2.0": [
              0,
              0,
              0
            ],
            "3.0": [
              0,
              0,
              0
            ],
            "3.2": [
              -14.60868,
              39.95931,
              1.94758
            ],
            "3.36": [
              -14.60868,
              39.95931,
              1.94758
            ],
            "3.56": [
              -34.92859,
              -26.07099,
              16.98277
            ],
            "3.76": [
              0,
              0,
              0
            ],
            "7.44": [
              0,
              0,
              0
            ],
            "7.84": [
              10,
              35,
              0
            ],
            "8.12": [
              10,
              35,
              0
            ],
            "8.56": [
              9.62662,
              -31.72226,
              -10.87147
            ],
            "8.96": [
              14.03631,
              -30.18126,
              -19.43286
            ],
            "9.36": [
              11.13365,
              -31.27171,
              -13.75554
            ],
            "9.76": [
              -15.24573,
              2.36134,
              -2.4514
            ]
          }
        },
        "LeftArm2": {
          "rotation": {
            "0.0": [
              -169.40939,
              -6.6782,
              31.88034
            ],
            "0.68": [
              -176.90939,
              -6.6782,
              31.88034
            ],
            "1.08": [
              -176.90939,
              -6.6782,
              31.88034
            ],
            "1.32": [
              30.54288,
              -16.46642,
              -27.65996
            ],
            "1.6": [
              32.20278,
              -12.55741,
              -34.27342
            ],
            "10.32": [
              -66.67669,
              -10.49864,
              4.58096
            ],
            "10.52": [
              68.47756,
              8.12245,
              -2.75065
            ],
            "11.0": [
              56.62381,
              48.68669,
              -25.88853
            ],
            "11.52": [
              40.96726,
              58.49878,
              -39.06079
            ],
            "2.0": [
              -1.04921,
              4.48381,
              -23.7389
            ],
            "3.24": [
              -1.04921,
              4.48381,
              -23.7389
            ],
            "3.48": [
              -128.28166,
              -14.72986,
              20.82874
            ],
            "3.76": [
              -128.28166,
              -14.72986,
              20.82874
            ],
            "4.0": [
              -1.04921,
              4.48381,
              -23.7389
            ],
            "7.64": [
              11.45079,
              4.48381,
              -23.7389
            ],
            "8.12": [
              -87.81882,
              -4.92638,
              30.63803
            ],
            "8.96": [
              -92.81882,
              -4.92638,
              30.63803
            ],
            "9.36": [
              -89.81882,
              -4.92638,
              30.63803
            ],
            "9.76": [
              32.20234,
              6.35272,
              -31.85397
            ]
          }
        },
        "LeftLeg3": {
          "rotation": {
            "0.0": [
              15,
              0,
              -42.5
            ],
            "0.68": [
              14.94548,
              1.29256,
              -47.33045
            ],
            "1.2": [
              -5.4988,
              -9.06524,
              -5.95486
            ],
            "1.56": [
              -5.48379,
              -6.07873,
              -6.23619
            ],
            "10.04": [
              -13.2867,
              -21.07675,
              -4.76522
            ],
            "10.32": [
              53.86031,
              -7.12265,
              -6.90047
            ],
            "10.52": [
              -51.13969,
              -7.12265,
              -6.90047
            ],
            "11.52": [
              -46.13969,
              -7.12265,
              -6.90047
            ],
            "2.0": [
              -5.74442,
              -19.01741,
              -4.94638
            ],
            "7.48": [
              -5.94516,
              -23.99146,
              -4.39928
            ],
            "8.04": [
              -5.74442,
              -19.01741,
              -4.94638
            ],
            "8.56": [
              -5.83755,
              -21.50466,
              -4.67751
            ],
            "9.76": [
              -5.83755,
              -21.50466,
              -4.67751
            ]
          }
        },
        "RightArm2": {
          "rotation": {
            "0.0": [
              -185.83933,
              3.45533,
              -27.29887
            ],
            "0.68": [
              -185.83933,
              3.45533,
              -27.29887
            ],
            "0.96": [
              -195.83933,
              3.45533,
              -27.29887
            ],
            "1.2": [
              29.96552,
              2.56284,
              30.28161
            ],
            "1.6": [
              29.97467,
              -2.44217,
              38.94172
            ],
            "10.08": [
              -0.28417,
              2.41814,
              21.27589
            ],
            "10.28": [
              42.74626,
              2.42229,
              33.7871
            ],
            "10.52": [
              -83.67516,
              8.43068,
              -5.96346
            ],
            "11.0": [
              -82.89063,
              28.2966,
              -3.51091
            ],
            "11.52": [
              -6.11864,
              83.66755,
              92.04054
            ],
            "2.0": [
              3.11681,
              11.1099,
              14.88585
            ],
            "2.24": [
              -121.80053,
              6.26164,
              -17.44229
            ],
            "2.36": [
              -63.99188,
              18.05301,
              -4.10765
            ],
            "2.48": [
              -107.25587,
              10.51362,
              -15.30798
            ],
            "2.6": [
              -74.43,
              17.05938,
              -7.26428
            ],
            "2.72": [
              -109.70318,
              9.84441,
              -15.74055
            ],
            "2.84": [
              -69.22529,
              17.62477,
              -5.71189
            ],
            "3.08": [
              -139.3353,
              -3.34834,
              -23.15221
            ],
            "3.56": [
              -139.3353,
              -3.34834,
              -23.15221
            ],
            "3.76": [
              -121.80053,
              6.26164,
              -17.44229
            ],
            "3.88": [
              -63.99188,
              18.05301,
              -4.10765
            ],
            "4.0": [
              -107.25587,
              10.51362,
              -15.30798
            ],
            "4.12": [
              -74.43,
              17.05938,
              -7.26428
            ],
            "4.24": [
              -109.70318,
              9.84441,
              -15.74055
            ],
            "4.36": [
              -69.22529,
              17.62477,
              -5.71189
            ],
            "4.48": [
              -121.80053,
              6.26164,
              -17.44229
            ],
            "4.6": [
              -63.99188,
              18.05301,
              -4.10765
            ],
            "4.72": [
              -107.25587,
              10.51362,
              -15.30798
            ],
            "4.84": [
              -74.43,
              17.05938,
              -7.26428
            ],
            "4.96": [
              -109.70318,
              9.84441,
              -15.74055
            ],
            "5.08": [
              -69.22529,
              17.62477,
              -5.71189
            ],
            "5.2": [
              -121.80053,
              6.26164,
              -17.44229
            ],
            "5.32": [
              -63.99188,
              18.05301,
              -4.10765
            ],
            "5.44": [
              -107.25587,
              10.51362,
              -15.30798
            ],
            "5.56": [
              -74.43,
              17.05938,
              -7.26428
            ],
            "5.68": [
              -109.70318,
              9.84441,
              -15.74055
            ],
            "5.8": [
              -69.22529,
              17.62477,
              -5.71189
            ],
            "5.92": [
              -121.80053,
              6.26164,
              -17.44229
            ],
            "6.04": [
              -63.99188,
              18.05301,
              -4.10765
            ],
            "6.16": [
              -107.25587,
              10.51362,
              -15.30798
            ],
            "6.28": [
              -74.43,
              17.05938,
              -7.26428
            ],
            "6.4": [
              -109.70318,
              9.84441,
              -15.74055
            ],
            "6.52": [
              -69.22529,
              17.62477,
              -5.71189
            ],
            "6.64": [
              -109.70318,
              9.84441,
              -15.74055
            ],
            "6.76": [
              -69.22529,
              17.62477,
              -5.71189
            ],
            "6.84": [
              -109.70318,
              9.84441,
              -15.74055
            ],
            "6.96": [
              -69.22529,
              17.62477,
              -5.71189
            ],
            "7.08": [
              -109.70318,
              9.84441,
              -15.74055
            ],
            "7.2": [
              -69.22529,
              17.62477,
              -5.71189
            ],
            "7.44": [
              12.16831,
              14.06585,
              17.39888
            ],
            "7.88": [
              -83.6377,
              0.46032,
              -40.22094
            ],
            "8.96": [
              -83.47294,
              12.88196,
              -38.81109
            ],
            "9.36": [
              -88.47294,
              12.88196,
              -38.81109
            ],
            "9.76": [
              42.74626,
              2.42229,
              33.7871
            ]
          }
        },
        "RightLeg2": {
          "rotation": {
            "0.0": [
              15,
              0,
              42.5
            ],
            "0.68": [
              14.94548,
              -1.29256,
              47.33045
            ],
            "1.2": [
              4.5012,
              9.06524,
              5.95486
            ],
            "1.56": [
              4.48894,
              6.07428,
              5.72447
            ],
            "10.04": [
              4.86707,
              24.01579,
              7.22906
            ],
            "10.32": [
              -37.32673,
              8.96215,
              9.44811
            ],
            "10.52": [
              72.67327,
              8.96215,
              9.44811
            ],
            "10.84": [
              -63.48678,
              28.48636,
              47.00024
            ],
            "11.12": [
              -19.0668,
              38.24847,
              65.77631
            ],
            "11.32": [
              -21.5668,
              38.24847,
              65.77631
            ],
            "11.52": [
              -3.94356,
              41.82669,
              81.44792
            ],
            "2.0": [
              4.70248,
              19.03318,
              6.78087
            ],
            "7.48": [
              4.70248,
              19.03318,
              6.78087
            ],
            "8.04": [
              5.0233,
              27.70567,
              7.58475
            ],
            "8.56": [
              4.63717,
              16.54148,
              6.56713
            ],
            "9.76": [
              4.63717,
              16.54148,
              6.56713
            ]
          }
        },
        "bone2": {
          "position": {
            "10.16": [
              0,
              -1,
              -56
            ],
            "10.56": [
              0,
              -1,
              -2
            ]
          },
          "scale": {
            "10.28": [
              0,
              0,
              0
            ],
            "10.44": [
              1,
              1,
              1
            ],
            "10.56": [
              1,
              1,
              1
            ],
            "10.6": [
              0,
              0,
              0
            ]
          }
        },
        "bone3": {
          "scale": {
            "10.6": [
              0,
              0,
              0
            ],
            "10.64": [
              1,
              1,
              1
            ]
          }
        },
        "cloth_chestplate2": {
          "scale": {
            "1.76": [
              0,
              0,
              0
            ],
            "1.92": [
              1,
              1,
              1
            ],
            "4.24": [
              1,
              1,
              1
            ],
            "4.4": [
              0,
              0,
              0
            ]
          }
        },
        "diamond_swrd": {
          "scale": {
            "6.48": [
              0,
              0,
              0
            ],
            "6.64": [
              1,
              1,
              1
            ]
          }
        },
        "diamondchestplate": {
          "scale": {
            "6.36": [
              0,
              0,
              0
            ],
            "6.52": [
              1,
              1,
              1
            ]
          }
        },
        "diamondhat": {
          "scale": {
            "6.24": [
              0,
              0,
              0
            ],
            "6.4": [
              1,
              1,
              1
            ]
          }
        },
        "diamondleftarm": {
          "scale": {
            "6.36": [
              0,
              0,
              0
            ],
            "6.52": [
              1,
              1,
              1
            ]
          }
        },
        "diamondleftboots": {
          "scale": {
            "6.84": [
              0,
              0,
              0
            ],
            "7.0": [
              1,
              1,
              1
            ]
          }
        },
        "diamondleftleg": {
          "scale": {
            "6.68": [
              0,
              0,
              0
            ],
            "6.84": [
              1,
              1,
              1
            ]
          }
        },
        "diamondpickaxe": {
          "scale": {
            "6.24": [
              0,
              0,
              0
            ],
            "6.4": [
              1,
              1,
              1
            ]
          }
        },
        "diamondrightarm": {
          "scale": {
            "6.36": [
              0,
              0,
              0
            ],
            "6.52": [
              1,
              1,
              1
            ]
          }
        },
        "diamondrightboots": {
          "scale": {
            "6.84": [
              0,
              0,
              0
            ],
            "7.0": [
              1,
              1,
              1
            ]
          }
        },
        "diamondrightleg": {
          "scale": {
            "6.68": [
              0,
              0,
              0
            ],
            "6.84": [
              1,
              1,
              1
            ]
          }
        },
        "gold_chestplate3": {
          "scale": {
            "5.36": [
              0,
              0,
              0
            ],
            "5.52": [
              1,
              1,
              1
            ],
            "6.28": [
              1,
              1,
              1
            ],
            "6.44": [
              0,
              0,
              0
            ]
          }
        },
        "gold_sword": {
          "scale": {
            "5.68": [
              0,
              0,
              0
            ],
            "5.84": [
              1,
              1,
              1
            ],
            "6.52": [
              1,
              1,
              1
            ],
            "6.68": [
              0,
              0,
              0
            ]
          }
        },
        "goldhat2": {
          "scale": {
            "5.2": [
              0,
              0,
              0
            ],
            "5.36": [
              1,
              1,
              1
            ],
            "6.2": [
              1,
              1,
              1
            ],
            "6.36": [
              0,
              0,
              0
            ]
          }
        },
        "goldleftarm2": {
          "scale": {
            "5.36": [
              0,
              0,
              0
            ],
            "5.52": [
              1,
              1,
              1
            ],
            "6.28": [
              1,
              1,
              1
            ],
            "6.44": [
              0,
              0,
              0
            ]
          }
        },
        "goldleftboots3": {
          "scale": {
            "5.68": [
              0,
              0,
              0
            ],
            "5.84": [
              1,
              1,
              1
            ],
            "6.76": [
              1,
              1,
              1
            ],
            "6.92": [
              0,
              0,
              0
            ]
          }
        },
        "goldleftleg2": {
          "scale": {
            "5.52": [
              0,
              0,
              0
            ],
            "5.68": [
              1,
              1,
              1
            ],
            "6.6": [
              1,
              1,
              1
            ],
            "6.76": [
              0,
              0,
              0
            ]
          }
        },
        "goldpiackaxe": {
          "scale": {
            "5.28": [
              0,
              0,
              0
            ],
            "5.44": [
              1,
              1,
              1
            ],
            "6.0": [
              1,
              1,
              1
            ],
            "6.16": [
              0,
              0,
              0
            ]
          }
        },
        "goldrightarm2": {
          "scale": {
            "5.36": [
              0,
              0,
              0
            ],
            "5.52": [
              1,
              1,
              1
            ],
            "6.28": [
              1,
              1,
              1
            ],
            "6.44": [
              0,
              0,
              0
            ]
          }
        },
        "goldrightboots2": {
          "scale": {
            "5.68": [
              0,
              0,
              0
            ],
            "5.84": [
              1,
              1,
              1
            ],
            "6.76": [
              1,
              1,
              1
            ],
            "6.92": [
              0,
              0,
              0
            ]
          }
        },
        "goldrightleg3": {
          "scale": {
            "5.52": [
              0,
              0,
              0
            ],
            "5.68": [
              1,
              1,
              1
            ],
            "6.6": [
              1,
              1,
              1
            ],
            "6.76": [
              0,
              0,
              0
            ]
          }
        },
        "human2": {
          "position": {
            "0.0": [
              0,
              14,
              0
            ],
            "0.68": [
              0,
              15,
              0
            ],
            "1.04": [
              0,
              -5,
              0
            ],
            "1.16": [
              0,
              -2.28,
              0
            ],
            "1.24": [
              0,
              -0.13,
              0
            ],
            "1.36": [
              0,
              0,
              0
            ]
          },
          "rotation": {
            "10.64": [
              0,
              0,
              0
            ],
            "10.76": [
              -22.5,
              0,
              0
            ],
            "11.04": [
              -40,
              0,
              0
            ]
          },
          "scale": {
            "0.0": [
              0,
              0,
              0
            ],
            "0.2": [
              1,
              1,
              1
            ],
            "0.88": [
              1,
              1,
              1
            ],
            "1.04": [
              1,
              0.7,
              1
            ],
            "1.24": [
              1,
              1,
              1
            ]
          }
        },
        "iron_chestplate2": {
          "scale": {
            "4.24": [
              0,
              0,
              0
            ],
            "4.4": [
              1,
              1,
              1
            ],
            "5.24": [
              1,
              1,
              1
            ],
            "5.4": [
              0,
              0,
              0
            ]
          }
        },
        "iron_sword": {
          "scale": {
            "4.6": [
              0,
              0,
              0
            ],
            "4.76": [
              1,
              1,
              1
            ],
            "5.52": [
              1,
              1,
              1
            ],
            "5.68": [
              0,
              0,
              0
            ]
          }
        },
        "ironhat3": {
          "scale": {
            "3.96": [
              0,
              0,
              0
            ],
            "4.12": [
              1,
              1,
              1
            ],
            "5.2": [
              1,
              1,
              1
            ],
            "5.32": [
              0,
              0,
              0
            ]
          }
        },
        "ironleftarm3": {
          "scale": {
            "4.24": [
              0,
              0,
              0
            ],
            "4.4": [
              1,
              1,
              1
            ],
            "5.24": [
              1,
              1,
              1
            ],
            "5.4": [
              0,
              0,
              0
            ]
          }
        },
        "ironleftboots": {
          "scale": {
            "4.56": [
              0,
              0,
              0
            ],
            "4.72": [
              1,
              1,
              1
            ],
            "5.52": [
              1,
              1,
              1
            ],
            "5.68": [
              0,
              0,
              0
            ]
          }
        },
        "ironleftleg3": {
          "scale": {
            "4.4": [
              0,
              0,
              0
            ],
            "4.56": [
              1,
              1,
              1
            ],
            "5.36": [
              1,
              1,
              1
            ],
            "5.52": [
              0,
              0,
              0
            ]
          }
        },
        "ironpickaxe": {
          "scale": {
            "4.4": [
              0,
              0,
              0
            ],
            "4.56": [
              1,
              1,
              1
            ],
            "5.12": [
              1,
              1,
              1
            ],
            "5.28": [
              0,
              0,
              0
            ]
          }
        },
        "ironrightarm3": {
          "scale": {
            "4.24": [
              0,
              0,
              0
            ],
            "4.4": [
              1,
              1,
              1
            ],
            "5.24": [
              1,
              1,
              1
            ],
            "5.4": [
              0,
              0,
              0
            ]
          }
        },
        "ironrightboots3": {
          "scale": {
            "4.56": [
              0,
              0,
              0
            ],
            "4.72": [
              1,
              1,
              1
            ],
            "5.52": [
              1,
              1,
              1
            ],
            "5.68": [
              0,
              0,
              0
            ]
          }
        },
        "ironrightleg": {
          "scale": {
            "4.4": [
              0,
              0,
              0
            ],
            "4.56": [
              1,
              1,
              1
            ],
            "5.36": [
              1,
              1,
              1
            ],
            "5.52": [
              0,
              0,
              0
            ]
          }
        },
        "leatherhat2": {
          "scale": {
            "1.6": [
              0,
              0,
              0
            ],
            "1.76": [
              1,
              1,
              1
            ],
            "3.92": [
              1,
              1,
              1
            ],
            "4.08": [
              0,
              0,
              0
            ]
          }
        },
        "leatherleftarm2": {
          "scale": {
            "1.76": [
              0,
              0,
              0
            ],
            "1.92": [
              1,
              1,
              1
            ],
            "4.24": [
              1,
              1,
              1
            ],
            "4.4": [
              0,
              0,
              0
            ]
          }
        },
        "leatherleftboots3": {
          "scale": {
            "2.08": [
              0,
              0,
              0
            ],
            "2.24": [
              1,
              1,
              1
            ],
            "4.4": [
              1,
              1,
              1
            ],
            "4.56": [
              0,
              0,
              0
            ]
          }
        },
        "leatherleftleg2": {
          "scale": {
            "1.92": [
              0,
              0,
              0
            ],
            "2.08": [
              1,
              1,
              1
            ],
            "4.24": [
              1,
              1,
              1
            ],
            "4.4": [
              0,
              0,
              0
            ]
          }
        },
        "leatherrightarm2": {
          "scale": {
            "1.76": [
              0,
              0,
              0
            ],
            "1.92": [
              1,
              1,
              1
            ],
            "4.24": [
              1,
              1,
              1
            ],
            "4.4": [
              0,
              0,
              0
            ]
          }
        },
        "leatherrightboots2": {
          "scale": {
            "2.08": [
              0,
              0,
              0
            ],
            "2.24": [
              1,
              1,
              1
            ],
            "4.4": [
              1,
              1,
              1
            ],
            "4.56": [
              0,
              0,
              0
            ]
          }
        },
        "leatherrightleg3": {
          "scale": {
            "1.92": [
              0,
              0,
              0
            ],
            "2.08": [
              1,
              1,
              1
            ],
            "4.24": [
              1,
              1,
              1
            ],
            "4.4": [
              0,
              0,
              0
            ]
          }
        },
        "root": {
          "position": {
            "10.12": [
              0,
              0,
              0
            ],
            "10.52": [
              0,
              0,
              -26
            ],
            "10.72": [
              0,
              -0.88,
              -10.71
            ],
            "11.12": [
              0,
              -10,
              0
            ],
            "11.52": [
              0,
              -10,
              4
            ]
          },
          "scale": {
            "13.0": [
              1,
              1,
              1
            ],
            "13.44": [
              0,
              0,
              0
            ]
          }
        },
        "stone_sword": {
          "scale": {
            "3.36": [
              0,
              0,
              0
            ],
            "3.52": [
              1,
              1,
              1
            ],
            "4.6": [
              1,
              1,
              1
            ],
            "4.76": [
              0,
              0,
              0
            ]
          }
        },
        "stonepickaxe": {
          "scale": {
            "3.0": [
              0,
              0,
              0
            ],
            "3.16": [
              1,
              1,
              1
            ],
            "4.4": [
              1,
              1,
              1
            ],
            "4.56": [
              0,
              0,
              0
            ]
          }
        },
        "wood_pickaxe": {
          "scale": {
            "1.88": [
              0,
              0,
              0
            ],
            "2.04": [
              1,
              1,
              1
            ],
            "3.0": [
              1,
              1,
              1
            ],
            "3.16": [
              0,
              0,
              0
            ]
          }
        },
        "wooden_sword": {
          "scale": {
            "1.88": [
              0,
              0,
              0
            ],
            "2.04": [
              1,
              1,
              1
            ],
            "3.2": [
              1,
              1,
              1
            ],
            "3.36": [
              0,
              0,
              0
            ]
          }
        }
      },
      "loop": true
    }
  },
  "format_version": "1.8.0"
}