{"format_version":"1.10.0","minecraft:attachable":{"description":{"animations":{"firstperson_head":"animation.geyser_custom.disable","firstperson_main_hand":"animation.geyser_custom.disable","firstperson_off_hand":"animation.geyser_custom.disable","thirdperson_head":"animation.geyser_custom.disable","thirdperson_main_hand":"animation.geyser_custom.disable","thirdperson_off_hand":"animation.geyser_custom.disable"},"geometry":{"default":"geometry.geyser_custom.empty"},"identifier":"geyser_custom:empty","materials":{"default":"entity_alphatest_one_sided","enchanted":"entity_alphatest_one_sided"},"render_controllers":["controller.render.item_default"],"scripts":{"animate":[{"thirdperson_main_hand":"v.main_hand && !c.is_first_person"},{"thirdperson_off_hand":"v.off_hand && !c.is_first_person"},{"thirdperson_head":"v.head && !c.is_first_person"},{"firstperson_main_hand":"v.main_hand && c.is_first_person"},{"firstperson_off_hand":"v.off_hand && c.is_first_person"},{"firstperson_head":"c.is_first_person && v.head"}],"pre_animation":["v.main_hand = c.item_slot == 'main_hand';","v.off_hand = c.item_slot == 'off_hand';","v.head = c.item_slot == 'head';"]},"textures":{"default":"textures/geyser/tmd_items/5","enchanted":"textures/misc/enchanted_item_glint"}}}}