{
  "animation_controllers": {
    "controller.animation.marketplace_stand.pose": {
      "initial_state": "default",
      "states": {
        "default": {
          "transitions": [
            {
              "pose_0": "variable.pose == 0"
            },
            {
              "pose_1": "variable.pose == 1"
            },
            {
              "pose_2": "variable.pose == 2"
            },
            {
              "pose_3": "variable.pose == 3"
            },
            {
              "pose_4": "variable.pose == 4"
            }
          ]
        },
        "pose_0": {},
        "pose_1": {
          "animations": [
            "pose_1"
          ]
        },
        "pose_2": {
          "animations": [
            "pose_2"
          ]
        },
        "pose_3": {
          "animations": [
            "pose_3"
          ]
        },
        "pose_4": {
          "animations": [
            "pose_4"
          ]
        }
      }
    }
  },
  "format_version": "1.10.0"
}