{"content":[{"path":"manifest.json","key":""},{"path":"pack_icon.png","key":""},{"path":"textures/blocks/anvil_base.png","key":"HrLnPH5Kb0iBCUssmqmLZrH26teiDaKh"},{"path":"textures/blocks/anvil_top_damaged_0.png","key":"ZsNVybD23PHHML0SqtmjBigK9PBDuRKV"},{"path":"textures/blocks/anvil_top_damaged_1.png","key":"sAcmDxvGFuBGnMrJTX7vuWlwRUyTF5gu"},{"path":"textures/blocks/anvil_top_damaged_2.png","key":"njjvivz60cRayNqFc6rtkcYrWKOE7mB0"},{"path":"textures/blocks/bedrock.png","key":"HhBuAVpsN5XMWtBD53aOw692rtEGQ8B7"},{"path":"textures/blocks/beetroots_stage_0.png","key":"YK88jFyORB0mzx8JcTDr50ewcVnu6C4K"},{"path":"textures/blocks/beetroots_stage_1.png","key":"bYqlJZ3t6c9hwD545IewiQiPsCsuqBjK"},{"path":"textures/blocks/beetroots_stage_2.png","key":"67kIIiWdAWXwzEtiZQkFyPPy4mbtSNct"},{"path":"textures/blocks/beetroots_stage_3.png","key":"Zr9VJAKSFyXaZxMbJuxRUz7Zrg8lYums"},{"path":"textures/blocks/bookshelf.png","key":"SQvEeyWbeVurs89zwix8lTLGouOMdUCi"},{"path":"textures/blocks/box_top.png","key":"N1js5ljDEbK8kBYwj5J7z5fIo5edmrYt"},{"path":"textures/blocks/brewing_stand.png","key":"Zavb3KzoIzUqxvkMOb8PaHtLTjr15bm3"},{"path":"textures/blocks/brewing_stand_base.png","key":"AxkH9Ozh18OENzYSk52jDe9XlbjgQxYr"},{"path":"textures/blocks/brick.png","key":"WWO5ykNJcBlh85EJ1VKCFtwzX9RRr1gx"},{"path":"textures/blocks/carrots_stage_0.png","key":"ptbp5SQxTZ8f89vd72awoZMiDzaxcoYu"},{"path":"textures/blocks/carrots_stage_1.png","key":"6pUFZ66bGKk52FwvgKFZyj62B66jo1KA"},{"path":"textures/blocks/carrots_stage_2.png","key":"53tLMCohyWMjukUMTYdIEBS48pjxLLfW"},{"path":"textures/blocks/carrots_stage_3.png","key":"JOVqJGVZyPy130xFe6fck2t4mPaDUoy9"},{"path":"textures/blocks/cauldron_bottom.png","key":"0Tf1VxkYhjCpCkWt3COegwwYcKJHYx0t"},{"path":"textures/blocks/cauldron_inner.png","key":"OUgnFvFfxwwHVCIaKcMjqACtFLImp5C9"},{"path":"textures/blocks/cauldron_side.png","key":"4pWxPBAnorP4AWSCkKFLQeoxXsz9mllh"},{"path":"textures/blocks/cauldron_top.png","key":"jnguFZJFhKIxQ76GcSi6QHGsuyiQcdnQ"},{"path":"textures/blocks/cauldron_water_placeholder.png","key":"T9fQV4qlAF9evGvhrELjpRaB6ws5sy03"},{"path":"textures/blocks/clay.png","key":"izkAhDhnepcVPEPTn54fzXYmtbf03sAl"},{"path":"textures/blocks/coal_block.png","key":"5fGOtWWNsrjwFnyMhwlpAPYr3KhJKpTV"},{"path":"textures/blocks/coal_ore.png","key":"B7aKxyVN66vFYHGbuM934PjcsO8NraBs"},{"path":"textures/blocks/coarse_dirt.png","key":"DnCOi74UQ7cy8cxlQbnCHzUd8jAl3ECM"},{"path":"textures/blocks/cobblestone.png","key":"J1olCQeZn0Iz5zyyO9C1LAlXjvFk17Sp"},{"path":"textures/blocks/cobblestone_mossy.png","key":"Q6FPHaCEe03YkpvZhqo6er8MH31SM05w"},{"path":"textures/blocks/comparator_off.png","key":"st1AVXGQxyoKyaIucRjFpIxXAkNSPErU"},{"path":"textures/blocks/comparator_on.png","key":"EwR9GgWdQcPEcnPZRQNeofD8vRu5dFxV"},{"path":"textures/blocks/crafting_table_front.png","key":"EBcIXPZZzK13vggbW9GNDeqqpotSiBUA"},{"path":"textures/blocks/crafting_table_side.png","key":"EZYqpcuYLEgdTw0q5EH96PjKL99ynKIM"},{"path":"textures/blocks/crafting_table_top.png","key":"3iKe6eaGf1PdG6qRMzumz7End6uySN1A"},{"path":"textures/blocks/custom/atm.png","key":"odfZZYQQLCJ1iLvG06b0WfXvPMhpnGCq"},{"path":"textures/blocks/custom/barbed_wire.png","key":"e7KY2VGgZLsVuLfmyMxRNjKbfwlk88l6"},{"path":"textures/blocks/custom/blood.png","key":"czq9vwoJBGlybnDVlU6PH12PkfrLdIpm"},{"path":"textures/blocks/custom/blood2.png","key":"Hlf7tpdgV8hr1zjXY6w7WfLGp56d5psk"},{"path":"textures/blocks/custom/blood3.png","key":"cj4M1TOShURwilD0UfF6z7xrMop3zDmI"},{"path":"textures/blocks/custom/blood4.png","key":"dBbtGPqSn8JSPW6Hw8dQLabNhWHbfGmn"},{"path":"textures/blocks/custom/blood5.png","key":"n2tbAaIw0WJaOf5XiKWFWTtOlSlhh5cH"},{"path":"textures/blocks/custom/blood6.png","key":"p8lt1k1IdLbt4GRZgCsZW4G70xW5CwXz"},{"path":"textures/blocks/custom/blood7.png","key":"eUXzQFiJDfS90xudwhgFKLaaQQqBhJXp"},{"path":"textures/blocks/custom/blood8.png","key":"LwLuLIRfLY8LCLhINpmaDRbxQ5i3advE"},{"path":"textures/blocks/custom/brown_cabinet.png","key":"ixnSdwWF7y0aRD7DGcqiOFwGozkCwAF4"},{"path":"textures/blocks/custom/crate_side.png","key":"9LxfKzKJLlBoLBS3lUNNubqcnmj8UuaS"},{"path":"textures/blocks/custom/crate_top_left.png","key":"MbfYMZ5ZwXsZCuN6hC8FccEYeN3Hu1Ai"},{"path":"textures/blocks/custom/crate_top_right.png","key":"WnUd51CCfFdxiTssWpxfIDpVJfRmJKio"},{"path":"textures/blocks/custom/customtulip_blue.png","key":"ZlwYEhRy9uv6aL0o3wwHKWX7HCCmD4XA"},{"path":"textures/blocks/custom/customtulip_green.png","key":"jXJtJIW9PZmlsUSRn1dxwvjknwEfZssk"},{"path":"textures/blocks/custom/customtulip_orange.png","key":"phbeFKT3FSpiaHvJxKwpE7VwVWWYALXZ"},{"path":"textures/blocks/custom/customtulip_pink.png","key":"2iwvG5yKCWS8X70QRhuHaTisfJnkmao9"},{"path":"textures/blocks/custom/customtulip_purple.png","key":"RnsgfElgov9PXrS54CJMNIIXCrVILH4m"},{"path":"textures/blocks/custom/customtulip_red.png","key":"FMZg7tm77VqteQ6t1aAjjySojRAPUcPW"},{"path":"textures/blocks/custom/customtulip_white.png","key":"1WJFwZieLG8BK0Eyt9ST6n18jI7rVLqQ"},{"path":"textures/blocks/custom/customtulip_yellow.png","key":"uwCu0pK5un92UVMJ3T1p3XFLGxff4x3Z"},{"path":"textures/blocks/custom/dark_cabinet.png","key":"D2lPtLHbTQvHJQv5jljh2eO6t3xqlsT1"},{"path":"textures/blocks/custom/dishwasher.png","key":"yX8nomF4RpYLx6VIDPU9p6Yxl4SKODrV"},{"path":"textures/blocks/custom/fern.png","key":"iniIaKdwiXek1WZMisVNeGnZQbTsMmUJ"},{"path":"textures/blocks/custom/fern2.png","key":"AOKWpcsKiuVA2vy3xPOifXKKsO4X3XFd"},{"path":"textures/blocks/custom/fern3.png","key":"N2zmQZrk2e0fR3YsC7debJzcCbpz9JPW"},{"path":"textures/blocks/custom/fern4.png","key":"QQZqgWhb0ioL56KosLfAQ6r2Mlny0Z6G"},{"path":"textures/blocks/custom/fern5.png","key":"OAtbSYDsbis3r0Kt9cValymZ9Ux9F6vN"},{"path":"textures/blocks/custom/fern6.png","key":"UGQTeSSWxaGNSTfXQLFf0lUWvEOwtoOK"},{"path":"textures/blocks/custom/gray_cabinet.png","key":"loXCNBxeW8LQEMreIeFGRHNVo1Pg1Jx8"},{"path":"textures/blocks/custom/gray_misc.png","key":"6p8V7Y19SLQXLWp1uur9oS8HHLWhBYdI"},{"path":"textures/blocks/custom/hubcap.png","key":"WlQPZPz32nq0t5WdbErQ9qwNAY7MT78N"},{"path":"textures/blocks/custom/light_brown_cabinet.png","key":"XEfqTV3lkb7T4BzN5WjlJdaZbJGovQTF"},{"path":"textures/blocks/custom/m1.png","key":"R76nP0UoxEXnIMCT5QqTIZaEGwkQx7ed"},{"path":"textures/blocks/custom/m2.png","key":"zCbGPSD2SRhp6tjcxa5ul0j0WM7OmRTD"},{"path":"textures/blocks/custom/m3.png","key":"xO7KwdGUNuk8vQDOO96tVZfH1mrE1DXr"},{"path":"textures/blocks/custom/m4.png","key":"EsiYEvDBj6xjoo2pdthurMEieiIhkN4I"},{"path":"textures/blocks/custom/m5.png","key":"yGPAwbhPIJVQboHGKMy41vOGVnNuTkzg"},{"path":"textures/blocks/custom/m6.png","key":"ZhI0t0Lnpltq6u6R6M846WXbFQ1Cz0BH"},{"path":"textures/blocks/custom/mechanicalblock.png","key":"nVPfpWNtVFCF0cy4pMBICsq5p6slmlVp"},{"path":"textures/blocks/custom/microwave_side.png","key":"5njIsHsdsVvHrf2hZ4K8svQmfHsgcLtV"},{"path":"textures/blocks/custom/microwave_top.png","key":"z28yyc6QcXj2ignniB4lkDn4jfdCRZwJ"},{"path":"textures/blocks/custom/misc_side.png","key":"4dmruKkisLHbAlImujdga0Ik4CaSzP2H"},{"path":"textures/blocks/custom/p1_side.png","key":"P8XivDAqiHdZ8ILfgbVax5NXxHidW1Sg"},{"path":"textures/blocks/custom/p1_side_r.png","key":"EbmMjc97LSs6yQWpnFxiy1w5ByuxS48G"},{"path":"textures/blocks/custom/p1_top.png","key":"33InfwLvosUCcT0mjB4txO1T0V8MG7Vm"},{"path":"textures/blocks/custom/p2_side.png","key":"53MeQtOPNde2iuBziKhUmGNI8KiWkr5Q"},{"path":"textures/blocks/custom/p2_side_r.png","key":"lLwaLNIi9btKkCLiiS0Dq9J7Wz0TRFKI"},{"path":"textures/blocks/custom/p2_top.png","key":"iafc8Xwb2YNUYBqtszS1f4sF58ZlfMbX"},{"path":"textures/blocks/custom/paper.png","key":"wVOHUjuyWWt11pDNgO1mexKBpW2KRkM7"},{"path":"textures/blocks/custom/paper2.png","key":"yXeSZJvehx4uyB2xdlSmFQlI7plr9yZu"},{"path":"textures/blocks/custom/paper3.png","key":"PxxW03cSjZk2kYrWuZhumtrA0PTxDSes"},{"path":"textures/blocks/custom/paper4.png","key":"adnA1ij9pjTOOoILVTVSAjHDuVwO4ASk"},{"path":"textures/blocks/custom/paper5.png","key":"Pp9a10UeLHMqRZ5wHYlSdmnx8l55jUko"},{"path":"textures/blocks/custom/paper6.png","key":"Yfcrw2xFcbUrq7Kxj1lx1VYD13G6w5J4"},{"path":"textures/blocks/custom/paper7.png","key":"PrxKdP6XDuTx8aE78r5MMgTKpHhClea7"},{"path":"textures/blocks/custom/paper8.png","key":"MWhmFyOhGGe28n9kiG44yMsimDgu4lIf"},{"path":"textures/blocks/custom/pebbles.png","key":"y1ncPQiFQmmVDcr6xtQJrFjYcMmSRsWR"},{"path":"textures/blocks/custom/pebbles2.png","key":"yTUe8QOv7RqTKde0JYvHadDIaxJhFhPW"},{"path":"textures/blocks/custom/pebbles3.png","key":"JnTaRYUErqVCuZEMopuQgEefoC4kEDJQ"},{"path":"textures/blocks/custom/plus.png","key":"OslExg9tn9G0DR3lS5mx4cdqfsLyDaYA"},{"path":"textures/blocks/custom/replay.png","key":"N58gsKqXcZVUYCLctTta1z8NFJqb4IxI"},{"path":"textures/blocks/custom/tallgrass.png","key":"ss7GmCBw3a94EUZqoKfAk8PSckdEg7ec"},{"path":"textures/blocks/custom/tallgrass10.png","key":"wvCsxYQzjiZ3KgjXzaxUAzJwjXPAp7Fx"},{"path":"textures/blocks/custom/tallgrass11.png","key":"0HE89oA8389ijcpizHgFZwgD1CgIYRx4"},{"path":"textures/blocks/custom/tallgrass12.png","key":"cVJJlar4kqwnOuIQNEKAGtnegY8vczRD"},{"path":"textures/blocks/custom/tallgrass13.png","key":"HUtqk0MiXwmxitA3ynn9eFNzSYB8nkJm"},{"path":"textures/blocks/custom/tallgrass14.png","key":"0N1ttxfwvLgvHTy8jpdZ27tNAhC0fuM1"},{"path":"textures/blocks/custom/tallgrass15.png","key":"x1Ve0z3ZZIuVz8fNvECqZ7IoggInaeMs"},{"path":"textures/blocks/custom/tallgrass2.png","key":"8ULb5ohiOaN8ZuvZMvfEUChnbogShNXr"},{"path":"textures/blocks/custom/tallgrass3.png","key":"ARDh11giCNCyYlsQyyLhZD0r9LxBMGbZ"},{"path":"textures/blocks/custom/tallgrass4.png","key":"uzb5Gr751TXPQNIXWie2z2sajEWUutoX"},{"path":"textures/blocks/custom/tallgrass5.png","key":"azboKjCk2Vevojtam9pGjkMyiX3h0rob"},{"path":"textures/blocks/custom/tallgrass6.png","key":"lCWBwl1iEJUvFwcHUlgBu9CjXQkQhmoo"},{"path":"textures/blocks/custom/tallgrass7.png","key":"6bdOgBeQyYm7wFxQUAw6u4B2N5Wxzjpd"},{"path":"textures/blocks/custom/tallgrass8.png","key":"QFxSvQNk5XQxlntSTTHn5MDrXC6bGfZV"},{"path":"textures/blocks/custom/tallgrass9.png","key":"0xrRDaD8ZL250xqakcycK9n5BcpaekNC"},{"path":"textures/blocks/custom/washingmachine.png","key":"xdIB6CqF4wYgoc4mfsqLfxXgElfjfEf3"},{"path":"textures/blocks/custom/white_cabinet.png","key":"bwvXqF4zCWOzIMn9FUyKM44uJwX70w26"},{"path":"textures/blocks/custom/yellow_road.png","key":"8J29nWUepGzZgERRSGV35IGamBipNCdm"},{"path":"textures/blocks/daylight_detector_inverted_top.png","key":"TUmuBQQv02oKl5uIGsy0MHW5UiV93KRK"},{"path":"textures/blocks/daylight_detector_side.png","key":"tiGA7LEDzfRx1NIAMp06zc42rFdZsIzz"},{"path":"textures/blocks/daylight_detector_top.png","key":"1kBCqbxLpNKTVo7OouVDbNXoEcpA4Z3l"},{"path":"textures/blocks/deadbush.png","key":"lnxtkU0sYNb3xOpPKU9ldBjCL9vDcJfu"},{"path":"textures/blocks/diamond_block.png","key":"BqsSmlFNGkNJudUAqyXW8RcKXY73vHYW"},{"path":"textures/blocks/diamond_ore.png","key":"SEsI1lfaqNzysDe9NKcL5K17stsbrYpU"},{"path":"textures/blocks/dirt.png","key":"Z6LJ7jRgSLGK2CAojejoUIjvG4KSUiEL"},{"path":"textures/blocks/dirt_podzol_side.png","key":"ZqXm7DTU11gl33amABZR4T9ZjVRA3TUQ"},{"path":"textures/blocks/dirt_podzol_top.png","key":"CrGQgbRj9Zz7I7sOHZn7XI1PH5Lul6nU"},{"path":"textures/blocks/door_acacia_lower.png","key":"o8xqPQPmJlFJilqd85ot1Y0CfUGr21A0"},{"path":"textures/blocks/door_acacia_upper.png","key":"0Lkxox6TMfkSA1vjH3c1vIaEfbv4aab6"},{"path":"textures/blocks/door_birch_lower.png","key":"coHuMCWQ8HxBJm0elBUHDVj6fSS1lKQA"},{"path":"textures/blocks/door_birch_upper.png","key":"hwlvw3IMbuvZZffYFHSLQOsssPZUVIpO"},{"path":"textures/blocks/door_dark_oak_lower.png","key":"Ata1odyzy7TrzQlHncyNAqdT4a9ZHHES"},{"path":"textures/blocks/door_dark_oak_upper.png","key":"DbrwrITUS7PCoLE7CviFkBzFIMLbOPor"},{"path":"textures/blocks/door_iron_lower.png","key":"MyTLmoG77z0zd9hNMnrwjkxkUg1kuFvx"},{"path":"textures/blocks/door_iron_upper.png","key":"n90Ujjn3j724BX508Q3Ke1hkuc6DAN0u"},{"path":"textures/blocks/door_jungle_lower.png","key":"80MECS7uBmvh6z4QDKI8kK9mHvhv5bfm"},{"path":"textures/blocks/door_jungle_upper.png","key":"N12AgM1g8FJLWKGjvLDe5TwilSsWlEbf"},{"path":"textures/blocks/door_spruce_lower.png","key":"2RoCF92YxsKHYuGImAch2wyFWTEobrWk"},{"path":"textures/blocks/door_spruce_upper.png","key":"mPZQi8mGcWeKESaqP7rJwpVZfcjNxoC6"},{"path":"textures/blocks/door_wood_lower.png","key":"85a6MdoI60yI9RlC8mVcFaq2BLwOhs2x"},{"path":"textures/blocks/door_wood_upper.png","key":"VIuHvpI2u52uCUlcACkuXy8tUbASbs36"},{"path":"textures/blocks/double_plant_fern_bottom.png","key":"oUbuRPc5Nkl5eyeENxjSspYrT2rk52VY"},{"path":"textures/blocks/double_plant_fern_top.png","key":"f2WgHpjLWjEhOwE68oIVt9fGlC9kTRGT"},{"path":"textures/blocks/double_plant_grass_bottom.png","key":"UIqZTV8YTZNX6107widvcJbCma3doz9T"},{"path":"textures/blocks/double_plant_grass_top.png","key":"5rXDz2s0cNGbo3lEOAGVkfAaZO3DuHp6"},{"path":"textures/blocks/double_plant_paeonia_bottom.png","key":"z1qJfK2v6JQ0TDiH4fO9avOzU8NWBbdV"},{"path":"textures/blocks/double_plant_paeonia_top.png","key":"GKPRYGJ5RrrNxpvTez9RE9AroHc6z5IY"},{"path":"textures/blocks/double_plant_rose_bottom.png","key":"1YsE6q6w3qVKDTy709XtDKIsKqTzIaOo"},{"path":"textures/blocks/double_plant_rose_top.png","key":"QEFxCqOmyYd5Y8ubWDgYqDmMIdVe4gjq"},{"path":"textures/blocks/double_plant_sunflower_back.png","key":"xMWFnu97Nd1pVegwE6wR686tKC45EudF"},{"path":"textures/blocks/double_plant_sunflower_bottom.png","key":"WNpwUPPlnDjQYhy6ZEDkwL8dKT69Nie8"},{"path":"textures/blocks/double_plant_sunflower_front.png","key":"6nLZscTXB04mToO8e2eyoiqFAu0rBigA"},{"path":"textures/blocks/double_plant_sunflower_top.png","key":"wgTnJHF6Zbz6ctcJ7mN5MWdd72Y0EIrz"},{"path":"textures/blocks/double_plant_syringa_bottom.png","key":"BDjO2y7J6SIvoovoNsAsBlUny3bfEJWg"},{"path":"textures/blocks/double_plant_syringa_top.png","key":"yFJfQ6PdKddIjvQFwcGYqYShqYKlMDC6"},{"path":"textures/blocks/dragon_egg.png","key":"I5ZdstdxUYiZH5d2yv0onryifla6cEWq"},{"path":"textures/blocks/emerald_block.png","key":"PcBqsvz5IiVHRfGYMSJxUZVz42delJgH"},{"path":"textures/blocks/emerald_ore.png","key":"RMjoUD9mxKLoW3xZoPlgU7keaVQoClbd"},{"path":"textures/blocks/enchanting_table_bottom.png","key":"sC07SjG0j991KPWaPHOSw8FgWJfp7PEj"},{"path":"textures/blocks/enchanting_table_side.png","key":"FjcZA3Bt7DdxUYlDyhGxmqtBX1G4ELk0"},{"path":"textures/blocks/enchanting_table_top.png","key":"RekTboc2PKo3QGLTYEXaDwYoXgjuXWih"},{"path":"textures/blocks/end_stone.png","key":"BRrliVwXkB9Ak9FnManCN72ia50paT7f"},{"path":"textures/blocks/endframe_eye.png","key":"V1fkcx9EcbP56sFgnz0KPRy0dDer7hfL"},{"path":"textures/blocks/endframe_side.png","key":"UhE6QJNVUVXZfY7fvfQ9hSu29MpDuU2C"},{"path":"textures/blocks/endframe_top.png","key":"TM26WgMtQTcUyjbRuucAM6Th2j4nHVYb"},{"path":"textures/blocks/farmland_dry.png","key":"zsAy1uVBOlFAuEsl4OtMllTmUAHaisQp"},{"path":"textures/blocks/farmland_wet.png","key":"LFhgxRtbtUtj60jZcfVtIrBeg3wI0p1B"},{"path":"textures/blocks/fire_0.png","key":"Ck3h88l430C4nsRrNL7qsMDauRF6D4fJ"},{"path":"textures/blocks/fire_1.png","key":"flNRRlm7FOfp9J8MUeVfS7IMtIDSlSbx"},{"path":"textures/blocks/flower_allium.png","key":"xb0HNgHbS7V8zmT5K52LVhX6EfzNHp5B"},{"path":"textures/blocks/flower_dandelion.png","key":"BoYFDvTt73fICMQa6Xpuqq3yX1tgddTZ"},{"path":"textures/blocks/flower_houstonia.png","key":"l4NAhkMl1ByfL7QcWwdgSRMKLHJpxumx"},{"path":"textures/blocks/flower_pot.png","key":"IERJxfqoIG5EPP9DTi4rhFrakRYEtknx"},{"path":"textures/blocks/flower_rose.png","key":"l3AQuparj4ScJooic6eRkIzbnpvi2VA1"},{"path":"textures/blocks/flower_tulip_orange.png","key":"eUQK6oGCa1nc4lleIBRvxUYwkuOwMTfW"},{"path":"textures/blocks/flower_tulip_white.png","key":"2BudP7k7n2yeLxcEkcFO6SxfW43NEsYw"},{"path":"textures/blocks/furnace_front_off.png","key":"3VYQUpZ0I65pY1RsmoqvOZolSj1HB8Mq"},{"path":"textures/blocks/furnace_front_on.png","key":"fLbEpmXQKtAew6QQ3bSmGjluIWkTN4to"},{"path":"textures/blocks/furnace_side.png","key":"fKUsEkyTyGCkCQSsG7LaTWUHjEXKjKDx"},{"path":"textures/blocks/furnace_top.png","key":"efHqJtjH8bU8KPVFu85eV5xAsaTk2Rfi"},{"path":"textures/blocks/glass.png","key":"RdIk2dEXaL8Un0IZxU7vFqloixW6lLTU"},{"path":"textures/blocks/glass_black.png","key":"vZs6Pf7uaZMTXZrBUbCdwQfcTomPkOZ8"},{"path":"textures/blocks/glass_blue.png","key":"qG2UoWrkVbcy5Y1T4UUYqphFeosFXVL2"},{"path":"textures/blocks/glass_brown.png","key":"QzvDA8dEgledDMzzg2068wdbhgf6XywB"},{"path":"textures/blocks/glass_cyan.png","key":"UJyx6PjcpqtlhVBSblxaZBCHpf5dIFfq"},{"path":"textures/blocks/glass_gray.png","key":"XusNb6YI5arYwKYMtY5JTOr4H4Zrtmyi"},{"path":"textures/blocks/glass_green.png","key":"ZWgPjPecibQw9sk7Yb1d38iTA3D6cInV"},{"path":"textures/blocks/glass_light_blue.png","key":"CjOqk4TpmoUUjhnoCYlnmf3DfAS6OKai"},{"path":"textures/blocks/glass_lime.png","key":"HkDJjs5dve8juLLNeKPrrN783xmE8ip7"},{"path":"textures/blocks/glass_magenta.png","key":"blnAQpHjhn5oJ1LPHKhHnGBUms4QWEPC"},{"path":"textures/blocks/glass_orange.png","key":"vxAJm927DiuVN0OMvsNJB0u2QupyTglx"},{"path":"textures/blocks/glass_pane_top.png","key":"oMsg1HDObaR7lUpsbJPB8S7oj5OwmR7K"},{"path":"textures/blocks/glass_pane_top_black.png","key":"qFJim8Om50jMk9HwwZoJ3vRxqKzm7GMF"},{"path":"textures/blocks/glass_pane_top_blue.png","key":"DQUsov4ByCg0nRJMSENOyYt92Ix4FzwO"},{"path":"textures/blocks/glass_pane_top_brown.png","key":"cO2IF2MEV67zNtOGktBdxHVY7cNjOXPc"},{"path":"textures/blocks/glass_pane_top_cyan.png","key":"QMRLsQXRNwjrWR0A8SDrfzfAzcUjRVwq"},{"path":"textures/blocks/glass_pane_top_gray.png","key":"XBqyAaVCWGEc2up2inv8RsLCZFVKeOXQ"},{"path":"textures/blocks/glass_pane_top_green.png","key":"oY0hCOwvFuFPkOzW2Kk5lBWQN3XcYapN"},{"path":"textures/blocks/glass_pane_top_light_blue.png","key":"UdZQYvdyW4oFtFa7ypAlDKxj5nrmBQ9u"},{"path":"textures/blocks/glass_pane_top_lime.png","key":"O1CDK4LvDOfCop4Jik7YudUJbW52I4CK"},{"path":"textures/blocks/glass_pane_top_magenta.png","key":"irGuG6c8cWMBjBiSKSI3Zr8xAfDtra8W"},{"path":"textures/blocks/glass_pane_top_orange.png","key":"3nHBukDCwt9taYoFolEbFuZ8PQ61LZKo"},{"path":"textures/blocks/glass_pane_top_pink.png","key":"be8dNBqxk5J0G4YBG2K12I1TL12SY8Vz"},{"path":"textures/blocks/glass_pane_top_purple.png","key":"eJQvQFHbdqnT4gEOncKGbVncUIASU08L"},{"path":"textures/blocks/glass_pane_top_red.png","key":"SrwDm45bAPYfRFwPeSa8cP3swMVWooBe"},{"path":"textures/blocks/glass_pane_top_silver.png","key":"Pp2ENTuUDE2V2oJLPf0ReIvXp6oHlyA1"},{"path":"textures/blocks/glass_pane_top_white.png","key":"3E1vZ5P63wO5i9mPz3p9VSYjYC12duOF"},{"path":"textures/blocks/glass_pane_top_yellow.png","key":"h2XJCxNSn1wMVctb4rgRhI3CSQgeJEm5"},{"path":"textures/blocks/glass_pink.png","key":"TvJMd1n2X58EUiH8inZRZ8Rno6Az4W1C"},{"path":"textures/blocks/glass_purple.png","key":"gaqV0PmCESZej4KueEU9rOdjVMRQAkkC"},{"path":"textures/blocks/glass_red.png","key":"hFpwG99Z7wOhKZgKYQF7VIOArZrVGEDd"},{"path":"textures/blocks/glass_silver.png","key":"6d9UXGTVIUEaSvufnrhKQx2YKDAjpEK5"},{"path":"textures/blocks/glass_white.png","key":"u6uZZ5mMC0yLxsCOgw6SrD1WIVJtFckz"},{"path":"textures/blocks/glass_yellow.png","key":"t5pDZMkOmtbxg3VMyeqobxGrUhNFJHqq"},{"path":"textures/blocks/glassicons/glass_black.png","key":"mwPiy1q9jwmbpaWxJxW5S5ud8MFtREoa"},{"path":"textures/blocks/glassicons/glass_blue.png","key":"hQrP9FkKOtFRlsnUSAYC2bZDm9BzqJRI"},{"path":"textures/blocks/glassicons/glass_cyan.png","key":"0TzItE4wWotrS8qcE4qUbXGZVL8XD7Tq"},{"path":"textures/blocks/glassicons/glass_gray.png","key":"a63Nc3wBhCzU24ToQHjRtnYiNV3oVhom"},{"path":"textures/blocks/glassicons/glass_green.png","key":"jE5v418FW0e45uSsLdtJzqI9J3placzm"},{"path":"textures/blocks/glassicons/glass_light_blue.png","key":"0s9a1WGQm3pzlPndUD7YaW2j0bbT9Qfm"},{"path":"textures/blocks/glassicons/glass_lime.png","key":"qVSBSkYpfHVz8DaZhY70hN41rzQ8A8HB"},{"path":"textures/blocks/glassicons/glass_pink.png","key":"RcAHiH1cRiKemrDPs2UhaQwUDfaXvZrX"},{"path":"textures/blocks/glassicons/glass_purple.png","key":"kcz7THwKG80FLemCsW1Q2M4aIHd6ZmLD"},{"path":"textures/blocks/glassicons/glass_red.png","key":"O6Y7XL5USXRnZdkqRgOrv1WFkygU6Mx0"},{"path":"textures/blocks/glassicons/glass_silver.png","key":"8L5CmnWr5dTuN0jwLQBDfPphs9UFOhZi"},{"path":"textures/blocks/glassicons/glass_white.png","key":"HtneQPUAlyGgUPNjip6NtYbl47tCcExZ"},{"path":"textures/blocks/glassicons/glass_yellow.png","key":"eBhJe54aa9vOrdihEqjd1VsOj32NzfqB"},{"path":"textures/blocks/glowstone.png","key":"MkNuzKju4Hv7rG9GzN7W6G7SMMqjlafs"},{"path":"textures/blocks/gold_block.png","key":"bamVCnmu0NgjLK8kQbS8gWsJZUnlJj4f"},{"path":"textures/blocks/gold_block_old.png","key":"uujCXfC2m3EqVGGtgk7jfW8iZ64hGPvy"},{"path":"textures/blocks/gold_ore.png","key":"SrMGMTC4C6gShP5CfpKetLw6d7he8m8G"},{"path":"textures/blocks/grass_side.tga","key":"yNJRMcmvZ5jBpr0QZIPfAPyDEqfkp8BC"},{"path":"textures/blocks/grass_side_carried.png","key":"m4KB4ED8XkVmOQnT4oX5XTDGwJIs02gv"},{"path":"textures/blocks/grass_side_snowed.png","key":"TqXZvvPxECb7DyEzFsp6a8QRcOSlL9OU"},{"path":"textures/blocks/grass_top.png","key":"Xz35iCxNDyOEVopgq247L4wh8AzMm8J7"},{"path":"textures/blocks/gravel.png","key":"03XDFUhd1DkJJNiSw15Ng6z233uY5bW9"},{"path":"textures/blocks/guns/zzz_stormshock/zzz_stormshock_normal.png","key":"CtoaOr6fl9vjc3oWXjSG9qt0eT2ZqYVg"},{"path":"textures/blocks/hardened_clay.png","key":"MMuM0epey1PhFsAGiL3GSuebVCfFrlTw"},{"path":"textures/blocks/hardened_clay_stained_black.png","key":"LdkZ6KCiacwdWSSg1OdMrE1q3ENfxn2m"},{"path":"textures/blocks/hardened_clay_stained_blue.png","key":"lXOtnfYBCWueG89fttCRuE2DUG1HxURH"},{"path":"textures/blocks/hardened_clay_stained_brown.png","key":"SndXLsPdLfvpAQNRs4cKioo5eX8gb3Cv"},{"path":"textures/blocks/hardened_clay_stained_cyan.png","key":"WsjHDkt7CkdkuaszhI5Pznul4Hz0jd2h"},{"path":"textures/blocks/hardened_clay_stained_gray.png","key":"ttpaI3RzCR1FnTpv0APnV47IbJiJehen"},{"path":"textures/blocks/hardened_clay_stained_green.png","key":"QmthivlskRSaAvtkLqu3jU1ydL6YPzWN"},{"path":"textures/blocks/hardened_clay_stained_light_blue.png","key":"cJ5Jt1wJpz7dEJk4pz4IXPAYaECyOzTt"},{"path":"textures/blocks/hardened_clay_stained_lime.png","key":"o2TXz2rrXAwk2x6pxWNmwgTz8oDclUUc"},{"path":"textures/blocks/hardened_clay_stained_magenta.png","key":"OU4th0O7JgywbqQgaJ0fu4tdTqkGe2aS"},{"path":"textures/blocks/hardened_clay_stained_orange.png","key":"ecAFXEXS4aLnNuvHl4WVdFMLmO74lzet"},{"path":"textures/blocks/hardened_clay_stained_pink.png","key":"zAVpUUvfvnUNc4dXSQxhIJyFaDn05Teu"},{"path":"textures/blocks/hardened_clay_stained_purple.png","key":"84BOsIiPZiGdU7wHKvvBgXfu3IpbusEP"},{"path":"textures/blocks/hardened_clay_stained_red.png","key":"bPpIPKIkhc6Mg8TRN6xPP4xmOH0fDPlA"},{"path":"textures/blocks/hardened_clay_stained_silver.png","key":"pz1KQm3VRXVVnr07AEfhYL0F1Q7I0HQd"},{"path":"textures/blocks/hardened_clay_stained_white.png","key":"zzdNpXhu1cHzliWq5pE4H7Iwn7JJcgs5"},{"path":"textures/blocks/hardened_clay_stained_yellow.png","key":"shtdalr3nN6mK3Eakj0sPW7nRlcIgAtV"},{"path":"textures/blocks/hay_block_side.png","key":"gkqg4EkK0iYdQtCe1JxapFRH013uwWqj"},{"path":"textures/blocks/hay_block_top.png","key":"AoHEwq8DdeymzrMV1VGxUfu2zV02byA7"},{"path":"textures/blocks/hopper_inside.png","key":"hEFKXtKaDZVDkJ3l3r7CHXTgFyScXUpO"},{"path":"textures/blocks/hopper_outside.png","key":"01DsS9PyFuF7IMX46aFQhjZcjDl1qKhI"},{"path":"textures/blocks/hopper_top.png","key":"tpOJG3nHhnLT8rwV8DuIbHcqO7IuxXGz"},{"path":"textures/blocks/ice.png","key":"3PS85t77s7XqWfuEup7aY4i5IN3VPQLL"},{"path":"textures/blocks/ice_packed.png","key":"oK9JpfHtQ20qHj4VJtcB0J6a0o1PBdnf"},{"path":"textures/blocks/iron_bars.png","key":"HiqaYpvbedAVsqBjv6ve68RtDwlbtMfl"},{"path":"textures/blocks/iron_block.png","key":"kDo9OYeg5AlB1AI49Aey1W0nkX4CAA4F"},{"path":"textures/blocks/iron_ore.png","key":"MXiP2Je65V3v1EOEIvVuiXf75EAcKhI1"},{"path":"textures/blocks/iron_trapdoor.png","key":"OKI6qawgsU5Qo6MXTTP1PEQIn617l4KH"},{"path":"textures/blocks/itemframe_background.png","key":"5YIctkUql4VRrD0plP6Xk9czNQ0JXGs2"},{"path":"textures/blocks/jukebox_front.png","key":"6wErk2ZSbVOXjLhqAd8QciEzmfiVgbJT"},{"path":"textures/blocks/jukebox_side.png","key":"mSQfqwKxExKKnAJngqXqGuW5zDYRa0xt"},{"path":"textures/blocks/jukebox_top.png","key":"xU2pH5I8cdRMQall6J9fxvAA034jHbY4"},{"path":"textures/blocks/ladder.png","key":"AZZScxScaX17OkT1c5W34jBaH4i4yCQP"},{"path":"textures/blocks/lapis_block.png","key":"InGboYRzgmhzrkKFNoJcICu3W27a8IB8"},{"path":"textures/blocks/lapis_ore.png","key":"uderj7hPnPkgKmQYTgPQMy6q1Du6CiA7"},{"path":"textures/blocks/leaves_acacia.png","key":"M1xWGzRsK2Qb3ehS8E1mSmocrsrahHPQ"},{"path":"textures/blocks/leaves_acacia_opaque.png","key":"680JtZdGPa8FoO7BhtZVIaSIicmfDIMo"},{"path":"textures/blocks/leaves_big_oak.png","key":"CRjtdjCeBb0oYyskODSnwCUnE1LQmKHn"},{"path":"textures/blocks/leaves_big_oak_opaque.png","key":"T6LUaNh7n6Gsu9mD9jlm1aAgWkxysCdA"},{"path":"textures/blocks/leaves_birch.png","key":"eHHDqmQsq4yurYVts0A9zw5Pzn28mVGE"},{"path":"textures/blocks/leaves_birch_opaque.png","key":"zLgF8I1FOBN1A1XVxVv1neLx9IioTjKM"},{"path":"textures/blocks/leaves_jungle.png","key":"FS2SnZfR8tl47T492Ems4xUqc78Ud0VW"},{"path":"textures/blocks/leaves_jungle_opaque.png","key":"dNXWggTbWLjCj1rbquD3Zg572evLjYqm"},{"path":"textures/blocks/leaves_oak.png","key":"69eC38y8usnLl1rU373tSoSiOW17O9op"},{"path":"textures/blocks/leaves_oak_opaque.png","key":"kkBE9XshADTiyQCOh8wQukaluICy6jiJ"},{"path":"textures/blocks/leaves_spruce.png","key":"no6PuL4MucyeJidiIncqhhewG2dyvwq5"},{"path":"textures/blocks/leaves_spruce_opaque.png","key":"Tlz6nTIa7xIYMWvr7yYrnQku2f1Sl4Fg"},{"path":"textures/blocks/lever.png","key":"sHmCxLrJaF0PZhQnd9tSDrJu8eBm1KPP"},{"path":"textures/blocks/light_gray_wool.png","key":"NUiI1nd6Ad9cHsc5HxsjOB6bIUkR2aKa"},{"path":"textures/blocks/log_acacia.png","key":"EcZKnYAdSKhvNsuO1s9yc9VEkW8jTubp"},{"path":"textures/blocks/log_acacia_top.png","key":"RUTToCtUrSJMSocPwcRigGFJ2OUQE6VS"},{"path":"textures/blocks/log_big_oak.png","key":"YgcFoFi6VTa7U3NqiR19Kv853DkMe0FY"},{"path":"textures/blocks/log_big_oak_top.png","key":"7y7iiALWtUjhhmC2ETla6rQfayBQOYMU"},{"path":"textures/blocks/log_birch.png","key":"QknFLBXn1COdLL51P32Jcp0VdN70maeN"},{"path":"textures/blocks/log_birch_top.png","key":"958GPWAPmk37DBfmAKviizU0rpwNurDq"},{"path":"textures/blocks/log_jungle.png","key":"nV6ggqlYu0LfvgwLxfqSDdhyMnKslzwi"},{"path":"textures/blocks/log_jungle_top.png","key":"4ntxZ3tbvWspLiUrjw7C9KAHWaRjMfGW"},{"path":"textures/blocks/log_oak.png","key":"1jgqXTxj5daFRfCHhPpQIO5mog6yVQRx"},{"path":"textures/blocks/log_oak_top.png","key":"kyVnJTr9wJfq5DOrggShehhQ5kQUynTz"},{"path":"textures/blocks/log_spruce.png","key":"qDGQQ59h9FGjHqRhCi7oHZ0hF16TfsEi"},{"path":"textures/blocks/log_spruce_top.png","key":"8azeXPb5ndwit6ZxshR1D0POUpDm719F"},{"path":"textures/blocks/melon_side.png","key":"DpErfQsBRhZLF6X3fjbdJHxPsleWZ0Y0"},{"path":"textures/blocks/melon_stem_connected.png","key":"ZUtWIAnkdroiQCU5L0mPSw5czeiG4PPq"},{"path":"textures/blocks/melon_stem_disconnected.png","key":"w1eu3BHlr9vVtW4JoHBqqeAFwVpFmDPK"},{"path":"textures/blocks/melon_top.png","key":"ZuSLrvPAzapiAoI4u4DyE4oY2zlOMZdB"},{"path":"textures/blocks/mob_spawner.png","key":"AHqkkILy3sXr56uBjOyt46bqoXWkAnjS"},{"path":"textures/blocks/mushroom_block_inside.png","key":"driKqYl3PcVTGB3UwDgmDiboeYU70Ljs"},{"path":"textures/blocks/mushroom_block_skin_brown.png","key":"bmNHufeGR4mmdzioUGLifN7G1jnyigoj"},{"path":"textures/blocks/mushroom_block_skin_red.png","key":"hsTid83JPKkJaz6vA6xAcGhlPlmgDtmF"},{"path":"textures/blocks/mushroom_block_skin_stem.png","key":"iaZ3rUK6ws2kz7GuGkwLWIqlfBVtFrPL"},{"path":"textures/blocks/mushroom_brown.png","key":"9fOpIRDgzsjXNCg6HQR3fFufMo1r6loP"},{"path":"textures/blocks/mushroom_red.png","key":"uI8tftinXGkoSxIh8G0bMIGFHSNaH4FL"},{"path":"textures/blocks/nether_brick.png","key":"RCbbScss69WZhhsvBQ3UYfhRduZAiCZF"},{"path":"textures/blocks/nether_wart_stage_0.png","key":"YqAgl2HA9UvMdQ9CcWNzK4w1Lp5hHxmF"},{"path":"textures/blocks/nether_wart_stage_1.png","key":"lfUEIgUufY2fqUYHXu7JNymYgov6j2IW"},{"path":"textures/blocks/nether_wart_stage_2.png","key":"5OY6eXix8vcvdJ0qM9NMiVL0FzeWpHla"},{"path":"textures/blocks/netherrack.png","key":"w1Vz1DU3K0O3CKMtZw9qU8igPJ96oPWg"},{"path":"textures/blocks/netherrack2.png","key":"Ukk6hsGETUCiJfKqJ0h1bzBGfabrxgxV"},{"path":"textures/blocks/netherrack3.png","key":"Vc0aHVPnPJJrIkxgS4umdzW67taofhLf"},{"path":"textures/blocks/netherrack4.png","key":"46TCHhyHi8vjnUJEV9xAjS61DoRifQ0b"},{"path":"textures/blocks/newportal.png","key":"wDX3S29nMwsj5uXISSEKIdSJD9VLQ57h"},{"path":"textures/blocks/noteblock.png","key":"dUCAjcok8sBE00yBw85hCf55DhqnsT5u"},{"path":"textures/blocks/obsidian.png","key":"rfeHYhfL058m1C6zdNw9H8KhfttdI6uL"},{"path":"textures/blocks/piston_bottom.png","key":"1E3n5rYJXtwTjRV2QxdqYsL8Uj7Mjfbr"},{"path":"textures/blocks/piston_inner.png","key":"Y3iXjSjEisPaQJ6sMUkNt3R9OuaceJsP"},{"path":"textures/blocks/piston_side.png","key":"L54pe61YgAtFygxhIZvNdjEJqDPqRRwK"},{"path":"textures/blocks/piston_top_normal.png","key":"DmyC7d4hzrleQGviqxk4MCsFv16RvUtE"},{"path":"textures/blocks/piston_top_sticky.png","key":"yzdvi78AHi3aNaBacsvV9OqdTtdYCApS"},{"path":"textures/blocks/planks_acacia.png","key":"EJ0PlSNsivyggKavmQcJB6bdNwOVBJ3U"},{"path":"textures/blocks/planks_big_oak.png","key":"Mu6ascjf0KWxcVZFWTOG3Bi0xYJxQeEQ"},{"path":"textures/blocks/planks_birch.png","key":"7tr8BJsQCNw7IY010ggOevNMsE4GgxbN"},{"path":"textures/blocks/planks_jungle.png","key":"2fMdb0oGg1gBlYpUrTnSta822KTCm8nH"},{"path":"textures/blocks/planks_oak.png","key":"ifDniwTISfWbtjHbbCqRRDJTSeAnx3di"},{"path":"textures/blocks/planks_spruce.png","key":"wvnSSenWVHzpX0ge7HDILpV6aBxAw62t"},{"path":"textures/blocks/portal.png","key":"VwTzykEC2sXTYG76JgZFnI4zEDcAJ0EP"},{"path":"textures/blocks/potatoes_stage_0.png","key":"99Uaxwt0v7Swp7ehZvPYtrbL9EcfOyhl"},{"path":"textures/blocks/potatoes_stage_1.png","key":"jknCbEh8YjAM2cQXGKA1dKnSrkNTkBuU"},{"path":"textures/blocks/potatoes_stage_2.png","key":"vaRJtfiPLmLm6YPMN6Fayf7fz0Y2DMZU"},{"path":"textures/blocks/potatoes_stage_3.png","key":"ADmmLr9pXS7VipHoOtTzRxBV4hTANzZl"},{"path":"textures/blocks/prismarine_bricks.png","key":"uMaWHeGn9IO0025SuwQkeUyQGZBWuh4r"},{"path":"textures/blocks/prismarine_dark.png","key":"FShwTHj5itfKqJyIGcm4qcrmO6rcUnEX"},{"path":"textures/blocks/prismarine_rough.png","key":"gg7fYWfyORpsNrshTTuVRqjrdfI5lgB6"},{"path":"textures/blocks/pumpkin_face_off.png","key":"I1VxZAXGqwlEggXIOYMIS7ioKZ55XZXT"},{"path":"textures/blocks/pumpkin_face_on.png","key":"ZQ16lubdSkCS8GjfAjNe1fu8luaW6FKQ"},{"path":"textures/blocks/pumpkin_side.png","key":"cUISVjdicqaBlcGN9EVrKFbxCEziroLh"},{"path":"textures/blocks/pumpkin_top.png","key":"a3cy37RMaCmrnDJIiE5s9KKDEI177orb"},{"path":"textures/blocks/quartz_block_bottom.png","key":"9RsO5wFClqZA25MZbTnjZ2sQJ0FAlw5a"},{"path":"textures/blocks/quartz_block_chiseled.png","key":"XE92hvNIfqoX8MSa2vmARHfkINuezSKH"},{"path":"textures/blocks/quartz_block_chiseled_top.png","key":"crv6lo0oqqnEFkMQbhp8Y0wHUQPVMVqt"},{"path":"textures/blocks/quartz_block_lines.png","key":"1WbNEJSS08301Jet4lTczzxv1JlvPP3i"},{"path":"textures/blocks/quartz_block_lines_top.png","key":"kvUuK6VpjkETUzYTNVHexWqPh8XyDsN4"},{"path":"textures/blocks/quartz_block_side.png","key":"LgaT2BGZsxZnetYZjexIzSdUfgxXLcOD"},{"path":"textures/blocks/quartz_block_top.png","key":"AL0uhfZgDIKWNaJInEsi7EddIyPuvevp"},{"path":"textures/blocks/quartz_ore.png","key":"9S4kze83PomoPpjlmXyn5Ywmec3WiQjG"},{"path":"textures/blocks/quartz_ore2.png","key":"I0FrOtz4Am3f29vgvNEJ576D7owDW8eT"},{"path":"textures/blocks/rail_detector.png","key":"9mkoO61hZaBwB0jAKnucDsb5QQ8woswe"},{"path":"textures/blocks/rail_detector_powered.png","key":"8I2EDZmPukXo1esoCIrT9irnediQgu3a"},{"path":"textures/blocks/rail_golden.png","key":"ilr0nVdjoSCX8k92NJmR84tKZIyHnRUx"},{"path":"textures/blocks/rail_golden_powered.png","key":"526oe5Lu4GzblIxoDYGZc8MpdK5Z1PPt"},{"path":"textures/blocks/red_sand.png","key":"BTgpKHPz8kId610i6YbqViMiVJzIAGh5"},{"path":"textures/blocks/red_sandstone_bottom.png","key":"3hkktFhQCsybf2jxnTvFKqw3kcET0d6i"},{"path":"textures/blocks/red_sandstone_carved.png","key":"x61fJU8rAU1WBjK8cKpKgItJRJj7bB79"},{"path":"textures/blocks/red_sandstone_normal.png","key":"ZdTJI6ZduGTZrpVHOk3xu9sKnz9ZLBNw"},{"path":"textures/blocks/red_sandstone_smooth.png","key":"11vpR8d9S8NGDrLeoVEUUPtrJnhTJc6h"},{"path":"textures/blocks/red_sandstone_top.png","key":"tLLn7i5bw28m0WZCI202cesOlkfSCies"},{"path":"textures/blocks/redstone_block.png","key":"6SkndDKBE1D9LRk2TvtgRGCN8RgLh2kW"},{"path":"textures/blocks/redstone_dust_cross.png","key":"xMBsaMAxZbvuj6PLSgqNWidk5mIXRWey"},{"path":"textures/blocks/redstone_dust_cross_overlay.png","key":"FYVPb0m1GofB8BtOzOP5d6cAgO5jXljP"},{"path":"textures/blocks/redstone_dust_dot.png","key":"35zEYC1AgPzrhEY9eMhHKOZ8pOMbP98s"},{"path":"textures/blocks/redstone_dust_line.png","key":"T5b5BuDEdMUphPWI138pZYAfqlhvedbm"},{"path":"textures/blocks/redstone_dust_line_overlay.png","key":"fcri9KvL4GWmqYohcnKhsKR3jPss15Tk"},{"path":"textures/blocks/redstone_dust_line0.png","key":"jECaAkdTjXlK0l7Z0hasSVaMvys9IZGJ"},{"path":"textures/blocks/redstone_dust_line1.png","key":"Vg33WRH9DVzU6Sli5RZGbutabpNf29sy"},{"path":"textures/blocks/redstone_dust_overlay.png","key":"tchDlC7Q1fp7SVpz5yqfia4INZto5QBh"},{"path":"textures/blocks/redstone_lamp_off.png","key":"f4K7dGLpLzeHCrsT7RM3KbFgdYyKLEaM"},{"path":"textures/blocks/redstone_lamp_on.png","key":"jKIUA6XyuTyz0a9E5UHTVqep4M4kW1CB"},{"path":"textures/blocks/redstone_torch_off.png","key":"0RD3OheogIz1tUeXofMxwfdP9ElN610T"},{"path":"textures/blocks/redstone_torch_on.png","key":"1a1mDk9RCNOYIalBhoVe1cJFd8AL2W9m"},{"path":"textures/blocks/reeds.png","key":"p8iJUFoxpWpek4l78grbpMShlsckRvTh"},{"path":"textures/blocks/repeater_off.png","key":"mkx2KyqimFOxl9r43CadpVbnVLFbNVru"},{"path":"textures/blocks/repeater_on.png","key":"VSkIdRbAunkRgjVHhaQazeooGKRyj2Pb"},{"path":"textures/blocks/sand.png","key":"kMpvDZvNESf2uNF5JmzBABakgY2Yxuhe"},{"path":"textures/blocks/sandstone_bottom.png","key":"rpM7ck7NErvWFESN3HMsLwVkDQgNIwzJ"},{"path":"textures/blocks/sandstone_carved.png","key":"uH3KbGb27canxB6HE8CLXQL9GzzYF4s5"},{"path":"textures/blocks/sandstone_normal.png","key":"nf7LmwRHfwKE24UkXjYkyhSc6mkGRCEB"},{"path":"textures/blocks/sandstone_smooth.png","key":"zOxM8VC2PvXtKJDIYgLLsHu43aywJKxQ"},{"path":"textures/blocks/sandstone_top.png","key":"o23U3c1fTgxzamBz051mEV3t9j6cnuId"},{"path":"textures/blocks/sea_lantern.png","key":"1xIfDedZVJHkMDtXSuS6GzuEUYFtuirb"},{"path":"textures/blocks/slime.png","key":"05vAxRndYF0MPxrhnU6awBVrKCGmUgt1"},{"path":"textures/blocks/snow.png","key":"KxgQKVQgTsV7mx9RoSTG5jSDtWb5XcXM"},{"path":"textures/blocks/soul_sand.png","key":"zblYKElh5ryT7uk8lsIuQcWt9Vo4KacD"},{"path":"textures/blocks/sponge.png","key":"UUBz7gtp42zbvUFsrjc33vEagIh2mO0o"},{"path":"textures/blocks/stone.png","key":"JMzObUxAcTvgKTsmsBjeJf2vuyKFjrc0"},{"path":"textures/blocks/stone_andesite.png","key":"evf1P9uuzaSKWalChaH6OD2GRb5zXIlK"},{"path":"textures/blocks/stone_andesite_smooth.png","key":"jx0cIe3OLqyouIfszVJPa5rWQOqhqBMp"},{"path":"textures/blocks/stone_andestie.png","key":"fsWEuGa9Zy8nUrhUiET3jGTas6nDaClk"},{"path":"textures/blocks/stone_diorite.png","key":"WKEmgGgXfyLbsFKzpJ7nA5mqapfRxNHH"},{"path":"textures/blocks/stone_diorite_smooth.png","key":"durPEIY9bZEPh4bq5Zzwrr0ZyWACr6Dm"},{"path":"textures/blocks/stone_granite.png","key":"2MKu4kr275ik5d7OeydAJLQ7TAr9CpN5"},{"path":"textures/blocks/stone_granite_smooth.png","key":"OuYJ9PBfEjDvcwIjEySZDmv0YLpI3bVN"},{"path":"textures/blocks/stone_slab_side.png","key":"4FFDSp66TkBAERJxz6b0eb2Bp5ISBRXK"},{"path":"textures/blocks/stone_slab_top.png","key":"B4xjoGTuMQlga253vOMPmBiX9EOr7jIG"},{"path":"textures/blocks/stonebrick.png","key":"98LHAPwXHPorZUeQGK6LTidAc9f4hNCq"},{"path":"textures/blocks/stonebrick_carved.png","key":"yxuW9SDuiqggc9Lxz3DlLaH6m83QOpRF"},{"path":"textures/blocks/stonebrick_cracked.png","key":"zEhROMxwvgpXdBb9pymXRAy8WDSkMQkY"},{"path":"textures/blocks/stonebrick_mossy.png","key":"phs1pqb5xyOf3YcwC5HTAx2Yi5ZR7N73"},{"path":"textures/blocks/tnt_bottom.png","key":"ME52AshLz54d5LSmELGhSpMbPCpAtnfV"},{"path":"textures/blocks/tnt_side.png","key":"IAWzhXNFAIb6vUu1OJtl9V69I8wnzung"},{"path":"textures/blocks/tnt_top.png","key":"FJdtIhscgJHC43R8wMcyNzQpTVfnCps7"},{"path":"textures/blocks/torch_on.png","key":"xKTMtqhYRLNGdLN708pck9YSgYJTectN"},{"path":"textures/blocks/trapdoor.png","key":"OVeKVEObOyF79BBZNc2E25OCwPGz3N8L"},{"path":"textures/blocks/trip_wire_source.png","key":"q6o7tfJeixgNNzXUSFz300bVTQWqycXN"},{"path":"textures/blocks/vine.png","key":"RCTgj5v753JNPZRWG4AUlEgcypDcumai"},{"path":"textures/blocks/wallpaper.png","key":"ugBSZLd8piScTS9KHZXsVFcRJMG3HDdf"},{"path":"textures/blocks/water_flow.png","key":"PpzZqyxPkfhK7dyeyvydxiszIKx2EgTC"},{"path":"textures/blocks/water_flow_grey.png","key":"U7VMLYbRxrCG61KstFOlurcNSFpyJ3ry"},{"path":"textures/blocks/water_placeholder.png","key":"k5oXUYU6ZaOBgBKj645uJy5PXHbXwydK"},{"path":"textures/blocks/water_still.png","key":"I755I4qNjZ4bqx4xty9tl9l0n8JfTQHq"},{"path":"textures/blocks/water_still_grey.png","key":"sPFnRMeq0HiJgNkWavKGWeuDM35z9Tcu"},{"path":"textures/blocks/waterlily.png","key":"tiFIRYZyMVdafDavIsXr7mHYaQeFsz7p"},{"path":"textures/blocks/web.png","key":"OfPOyJlNz2VVgs5jstf6IrRszHlHXntR"},{"path":"textures/blocks/wheat_stage_0.png","key":"VfzZxHsOSNEsVy3HSqRiY39d5sbXNl8v"},{"path":"textures/blocks/wheat_stage_1.png","key":"60KXbmZi6OTG3i1A9gA80VtIOcWW0PJV"},{"path":"textures/blocks/wheat_stage_2.png","key":"IFdaPTEMFVwyuFd915SCd8VVjeBenfN0"},{"path":"textures/blocks/wheat_stage_3.png","key":"yLu2CtnzbxLikKpRtPPOlKK02MQJdeum"},{"path":"textures/blocks/wheat_stage_4.png","key":"M0UtLQasKRI4ycJGjfdNii45exqnmthC"},{"path":"textures/blocks/wheat_stage_5.png","key":"YgVfeZCLyo34XdFjZLYF6MLNpkSH3tTP"},{"path":"textures/blocks/wheat_stage_6.png","key":"veMiNdfzchw0qRSz5tFj5ycHiS7EpxAv"},{"path":"textures/blocks/wheat_stage_7.png","key":"4r2gHf8oyNkhh6wWl1hZNmqpC9M0Vy6H"},{"path":"textures/blocks/wool_colored_black.png","key":"4w31AltwQ5Fk6mb7TNKsSc8Nrocy5Rah"},{"path":"textures/blocks/wool_colored_blue.png","key":"D5mblx5iBa5Pmz4P1wUANc7GZT2hIOUI"},{"path":"textures/blocks/wool_colored_brown.png","key":"2TnH2jRoBnQzLFBdP6nnFUV119WQLuMx"},{"path":"textures/blocks/wool_colored_cyan.png","key":"dqNIcf484ZejUkQlNl4fvC9UaHqgKoP5"},{"path":"textures/blocks/wool_colored_dark_green.png","key":"6QE4dGqT6alONBiTI83gz3fG37Id8iFu"},{"path":"textures/blocks/wool_colored_gray.png","key":"E2SNAjYskG3ldWKz6AqewhClhOLAXcBP"},{"path":"textures/blocks/wool_colored_green.png","key":"eewGsQJyL1KZ9CBQHoxmGJS24c5Soupo"},{"path":"textures/blocks/wool_colored_light_blue.png","key":"u0obblclxcRlZiUUR3IeeS4ll7R3VMlM"},{"path":"textures/blocks/wool_colored_lime.png","key":"zReZASDeWKGSD6k73D2O3TO3nMuE49Hu"},{"path":"textures/blocks/wool_colored_magenta.png","key":"enkqeIBIyvmhZ4dGxrnimRk6WDFockNJ"},{"path":"textures/blocks/wool_colored_orange.png","key":"VH8j8WOxzKC7ACYc16NUXIBgVKTBM5nl"},{"path":"textures/blocks/wool_colored_pale_green.png","key":"jfWLSXyEEusHcC1vMTwCzcj0r5MStREK"},{"path":"textures/blocks/wool_colored_pink.png","key":"cn64rjL6zTehpBONbvNtQwe2UQW9tkmO"},{"path":"textures/blocks/wool_colored_purple.png","key":"mJ9GZ2GJqpw3GafupnvTLm57wKJfrRK9"},{"path":"textures/blocks/wool_colored_red.png","key":"bprSwIFCGRUW8bUTvSQHf0FA9sBO1uPb"},{"path":"textures/blocks/wool_colored_silver.png","key":"GqF82E0rID4rTXZwuwExk6fgIOo2F7JG"},{"path":"textures/blocks/wool_colored_white.png","key":"ZB7L1Husyc2F7pVbmonbC9tQpDgAamJF"},{"path":"textures/blocks/wool_colored_yellow.png","key":"9FLEP9hP9HCLjKwALJwgOffHrvZAFnn7"},{"path":"textures/icons/ammo/assaultrifleclip_icon.png","key":"WqvUnk3II7JKjx7ZB1uKtoceu9AovuaR"},{"path":"textures/icons/ammo/flare_icon.png","key":"xTXc5g4gbrTPON14ZRwEORAOQESmnaJt"},{"path":"textures/icons/ammo/lmgclip_icon.png","key":"qZTIYuiI0lJZgnxw4UMI4nQyNsZKW9aF"},{"path":"textures/icons/ammo/pistolclip_icon.png","key":"wn2DAxIEgzfwFTn0LAWEqJTvGd35ljyi"},{"path":"textures/icons/ammo/rocket_icon.png","key":"K0TvXGlYXATsn52oj3tMkwtF7XYv8M4R"},{"path":"textures/icons/ammo/shotgunshell_icon.png","key":"xYNSetKzzl6efabl9zu5Z69TpgE1xoft"},{"path":"textures/icons/ammo/smgclip_icon.png","key":"pa94F9oqLA0rMewD7fGrRrQA49COHz5Y"},{"path":"textures/icons/ammo/sniperclip_icon.png","key":"dIVDPay3IYsg2z0fUuPgcx1bR3oP4xZP"},{"path":"textures/icons/bow/bow_icon.png","key":"r0JyqOoDI6FPIn65ZtszBhweEp1ukvax"},{"path":"textures/icons/discs/13.png","key":"HERVqXtWN1Q1kGp1kovRUH8gQwULNk65"},{"path":"textures/icons/discs/blocks.png","key":"h85zagqX92KHgqF7KB75p8r5cuyL8TXg"},{"path":"textures/icons/discs/cat.png","key":"121KtHLd7enpdJa0Ba7Qb0CufX0QqS4v"},{"path":"textures/icons/discs/chirp.png","key":"4vcFqNdlQXJ6xbC917rix6vARzhdaSF3"},{"path":"textures/icons/discs/far.png","key":"AfVIWUqSm93bVKp4aafrchltfklnnqOo"},{"path":"textures/icons/discs/mall.png","key":"T75kWuFp7J8b1CItEKSJgy5IYkFf8nev"},{"path":"textures/icons/eyeball/eyeball_icon.png","key":"TmV10kRnhNTBQqgoGUeYujBwl7CkyFBx"},{"path":"textures/icons/grenades/c4_icon.png","key":"tnqIJ2MxDJk7ATThbTlTsuTVgWYbLgUV"},{"path":"textures/icons/grenades/c4detonator_icon.png","key":"vU3k4WyShxUXK6ukJSDiUKBHoUrQcScm"},{"path":"textures/icons/grenades/grenade_icon.png","key":"vTSbP1m6Ng62maKGCCdKEgLFhXrdVtmq"},{"path":"textures/icons/grenades/molotov_icon.png","key":"l4mjgjEZ0L5H63Jm8mDlXvK5dvsJHbqx"},{"path":"textures/icons/grenades/smokegrenade_icon.png","key":"Hnb1U44EJZCFshKSaqXRkOrROw9W54vT"},{"path":"textures/icons/guns/ak47.png","key":"YKDdDDDkMqnnqvdANcMOWCg29cKN9TgM"},{"path":"textures/icons/guns/ak47reddot.png","key":"i1CENKLrSjHQ6BhoMDzkRFNcq0EhjoKh"},{"path":"textures/icons/guns/akms.png","key":"ko6FdqmS7IARbZAlnaZ4njPP969SeL5D"},{"path":"textures/icons/guns/americanator.png","key":"aiCjh3I0Hf9GiAPzUOjeEILZE7BHlGb9"},{"path":"textures/icons/guns/aug.png","key":"i9ORRFIum6bBg5KQYZaKzLktSH9qkDSx"},{"path":"textures/icons/guns/augscoped.png","key":"TtmhihB9vHYie3VUHb0SwG32Z2WZp9P2"},{"path":"textures/icons/guns/bamcannon.png","key":"wbYrnTKjANBZrSncJEuOpAm9dQ4g07pe"},{"path":"textures/icons/guns/barrett50cal.png","key":"ON7U7ggoXTnAgW0zJ33VyRaLZsBeNoaS"},{"path":"textures/icons/guns/carnagerevolver.png","key":"R6PYVBApIo2fbA24lUDR9SwDEa0l7cC4"},{"path":"textures/icons/guns/carnagesniper.png","key":"rDN5kxDb6npNn9JFKeHEsf3RcJ0VwZUb"},{"path":"textures/icons/guns/christmasmiracle01.png","key":"HN7PXUPsX0VZjLnAczuszzQ4gdJAAEQ0"},{"path":"textures/icons/guns/christmasmiracle02.png","key":"r7JJMCZ2P26SsrF6CdxCosmMaQtmUVMw"},{"path":"textures/icons/guns/christmasmiracle03.png","key":"wNW3y7VGyA7raS0EI0ITeMdxDQ98Nipr"},{"path":"textures/icons/guns/coltacp.png","key":"3JQ0UhZs5A7NGqPphWhEqJDN5WPnMGof"},{"path":"textures/icons/guns/coltpython.png","key":"6WHxL92uA9ZlH9hPKGThM6FO5oNa49BI"},{"path":"textures/icons/guns/crossbow.png","key":"UCMpyLjruVDCalfZViVQswMu6dyojg9j"},{"path":"textures/icons/guns/deserteagle.png","key":"is4IMJNMSTkLemSDjSEi4u4IbZpMznQb"},{"path":"textures/icons/guns/doublebarrelshotgun.png","key":"Yv2KYEGnfAGXfFmyfUNypUrGxnUXPBvf"},{"path":"textures/icons/guns/dragonbreathshotgun.png","key":"RL5pynHDFFdi37IUqvuisfArPWMQUCsa"},{"path":"textures/icons/guns/fireworklauncher.png","key":"8GDXU2Hqjtr0UD2s01MvaSsX3qG5Bw2M"},{"path":"textures/icons/guns/flamethrower.png","key":"X4Gbd0I4UHvoM07p0VYDxc7cx0IeFJ08"},{"path":"textures/icons/guns/flaregun.png","key":"QEtM9qtb44ybVdtBrQC28yXYm4g9pCUO"},{"path":"textures/icons/guns/g36.png","key":"vI5mxXy9Q4qWNr59Tf193kZvq1H9RG8n"},{"path":"textures/icons/guns/g36reddot.png","key":"OolANiqPI5OS4EQoxVbc0I30ZrcN6SIY"},{"path":"textures/icons/guns/gatlinggun.png","key":"i7p1XUw7ZVjCh4YFk6brdEADECJzLRfd"},{"path":"textures/icons/guns/glock.png","key":"E89RZCEujDPHsMnoGi7f8bBJ38ExSuJ1"},{"path":"textures/icons/guns/goldak47.png","key":"baEIFt6coINZIF048Lxs7xWwT4JQu4On"},{"path":"textures/icons/guns/goldbarrett50cal.png","key":"P4hdHSv8GF2NeMwBSCnCEgucraDn1kvk"},{"path":"textures/icons/guns/golddeserteagle.png","key":"WBXURDUnai3R490CQszYe6GLCKrQbw0E"},{"path":"textures/icons/guns/goldgatlinggun.png","key":"2XzLmdvU2gQPQR72vaVR9OlzeEtWDB2I"},{"path":"textures/icons/guns/goldp90.png","key":"yYqeuVpBPiKzrTwlSTahDJAyO8hbHpNq"},{"path":"textures/icons/guns/goldspas12.png","key":"KE7o7PRlWogGSGaHbk6pbPESuI3qYkTJ"},{"path":"textures/icons/guns/grenadelauncher.png","key":"XeKTiOZYqV5H2K5OKnzEzpvrSD9W7w7U"},{"path":"textures/icons/guns/grimrevolver.png","key":"pQtKo6Y0BrLgxQvPKmdKOufyHXBHGSi8"},{"path":"textures/icons/guns/hellfire.png","key":"PivtOgsTuuAEGYiu7UQU5fO1fMWV5FP9"},{"path":"textures/icons/guns/hk.png","key":"l2h80J9Dg3FL3dvX3iaayBpwYWipZTMj"},{"path":"textures/icons/guns/hkreddot.png","key":"VKac4asyAVVHQdIA4A0aE68fAT6GjpeI"},{"path":"textures/icons/guns/linda.png","key":"cKIVcMxbfFQkMHfgYk3ROMu8HDWAi7R6"},{"path":"textures/icons/guns/m14.png","key":"xYYDKH5vRtvbqwUSA8kqULJiRjecTjtj"},{"path":"textures/icons/guns/m14scoped.png","key":"goUc7aCi4amU2CCBcy8vr5SdatsKfGCQ"},{"path":"textures/icons/guns/m16.png","key":"avW3GuQyMSHNtiLaon7Gi5A9QwUj7Noq"},{"path":"textures/icons/guns/m16reddot.png","key":"lDzXrXnck9pKb3tRYgPnVdpfP9rtMu39"},{"path":"textures/icons/guns/m4.png","key":"2TNQS38NulDw9l6GSOim0I6gbu6xkfLo"},{"path":"textures/icons/guns/m4reddot.png","key":"qlKCFqbCNnd4NRbY4lilCqaD5Nrfr6hY"},{"path":"textures/icons/guns/m60.png","key":"T30ZD2WzYBry0c7ipTN9buHkw4jE0o2I"},{"path":"textures/icons/guns/m60reddot.png","key":"Bw6vuz9mOeICa9ichx2DiZ6g3Nj9cqTS"},{"path":"textures/icons/guns/m9.png","key":"96mBAaKZDxfZaDyAzKptK3JktlEkmMGG"},{"path":"textures/icons/guns/mini14.png","key":"klTZSDYHpI07bKKaBDaW6DJ4RlOleS7t"},{"path":"textures/icons/guns/mini14reddot.png","key":"nB8kyKOIjR96saxYRTdUIQST33FbfmP7"},{"path":"textures/icons/guns/mossberg.png","key":"XEspsvwfirTa0uX49lL3vQk2as9VYNj4"},{"path":"textures/icons/guns/mp5.png","key":"lVvL0BncrWD7XLZ5iX9MwnJsmmAsETSS"},{"path":"textures/icons/guns/p90.png","key":"IsxqYPwk171Z5gSjBNPaQYIT5K9apLAq"},{"path":"textures/icons/guns/pinkprecision.png","key":"CoWwfrgCTFUMVNKPaXDCiIptko9Wg89K"},{"path":"textures/icons/guns/pumpkinlauncher.png","key":"qLcsfsb2EXxPq8J0rih2z7rfWzXD8N7u"},{"path":"textures/icons/guns/remington.png","key":"3pwScgsd8znbdvbM196K3NvwJJN4INMk"},{"path":"textures/icons/guns/rpg.png","key":"8yLir0r86fSklSdz4alnWRJnqjdaldgL"},{"path":"textures/icons/guns/santaslittlehelper.png","key":"I8pcyuDPxxuqThXUEhhNURIlc4fh377U"},{"path":"textures/icons/guns/scar.png","key":"KEmMrBazam4TyZ3d65TdZ1DbpktDijD3"},{"path":"textures/icons/guns/scarreddot.png","key":"hRnH3VYc0ka1orfkrhhKEIEotHxGCpsZ"},{"path":"textures/icons/guns/smithwesson.png","key":"p3QE5aMl8UZTydR66FZFmpPaFKgZAjw3"},{"path":"textures/icons/guns/spas12.png","key":"NZB7V4YTRjl91HsmvgzFAuuUzbWv6PLB"},{"path":"textures/icons/guns/ssg.png","key":"zLCkugkJDOK87cERoxW1YazdnBiHT1mX"},{"path":"textures/icons/guns/stormshock.png","key":"c2JLiAz2s0uAj9z0GbyW6dJmPpCF6ikT"},{"path":"textures/icons/guns/tokyomarui.png","key":"FPXxBNdhYY6D5DT11KxNAZaN0dHJzepC"},{"path":"textures/icons/guns/tommygun.png","key":"V1uELV3lpYMd7ugm6yBw0tzwqHxvFC0W"},{"path":"textures/icons/guns/ump45.png","key":"QQIGLtEaJhTeIqxutYVUFYMrKFwft5ud"},{"path":"textures/icons/guns/uzi.png","key":"oPVBEMzRKghscSh3viEk9DQFoFufIjKs"},{"path":"textures/icons/guns/winchester.png","key":"JppDkihN3sENH0b7HtNpjNRDdBV54ebF"},{"path":"textures/icons/guns/winchesterscoped.png","key":"BoTiZHtVrnI6hnewfnSUN4UX9Q2aMbBB"},{"path":"textures/icons/helmets/bluegamergirlhelmet_icon.png","key":"6PRq6MuLE26K6WIToxoYv3wwT34dSPUd"},{"path":"textures/icons/helmets/carnagehelmet_icon.png","key":"aMOLGjio9dqdOBbLBP0qxPktDqYHbJo1"},{"path":"textures/icons/helmets/carnagewings_icon.png","key":"esyCcaDtRz1ngFXkG7h64Q7lvVKdB4e8"},{"path":"textures/icons/helmets/clownhelmet_icon.png","key":"D23B3CQFzoSYF63GJ1UTB2ZOLcsKP3Oa"},{"path":"textures/icons/helmets/crown_icon.png","key":"ArfCCixxUBHyRHfRUKpzk6QdIk9sPkzu"},{"path":"textures/icons/helmets/elfhat_icon.png","key":"S46dLWWIvrOGYuuncy1FidZP0OetwhrQ"},{"path":"textures/icons/helmets/goldsantahat_icon.png","key":"1Il1DAge3GVdmv4dxR3aiRshI9xwLFKM"},{"path":"textures/icons/helmets/jasonmask_icon.png","key":"CT35OhdSP6khTVh5AipJ8rIH4JOReLhm"},{"path":"textures/icons/helmets/leglightninghelmet_icon.png","key":"crSKGC6K5aIepPjTHbnkXB1Oj0zzXmKY"},{"path":"textures/icons/helmets/lightninghelmet_icon.png","key":"N31kW5dveILthxMOH0gYYjjNWd1RlasN"},{"path":"textures/icons/helmets/pinkgamergirlhelmet_icon.png","key":"B0NKimw1ANnQfsWI8CYXWwU3sESW0R4l"},{"path":"textures/icons/helmets/pumpkin_icon.png","key":"W8hzaenzX3UIe4MqvpTSztE24HWAPSR3"},{"path":"textures/icons/helmets/santahat_icon.png","key":"xiA1k0VfC3DzKfTibZebGascLm4DF1oJ"},{"path":"textures/icons/helmets/sheriffhat_icon.png","key":"wI6PdldC2EN5Uzcq5eFv1LyNL2YdLbWe"},{"path":"textures/icons/helmets/skullhelmet_icon.png","key":"ew0CpapcCCPaLBtoft4bl0UuJo2rGbgI"},{"path":"textures/icons/helmets/unclesam_icon.png","key":"S6lCuMPZosb6L6X4BlEwTqyLoabEcbYu"},{"path":"textures/icons/helmets/witchhat_icon.png","key":"LjJTjx8hLa0QymCCuFzRbk6jepdgoY5T"},{"path":"textures/icons/meds/antibiotics_icon.png","key":"6XEwt4cV4LD7pZkhfrg8XEygW0BDxg3b"},{"path":"textures/icons/meds/bandages_icon.png","key":"1p65ti3zZv883qvxYhKpE29wIsLXQFTQ"},{"path":"textures/icons/meds/medpack_icon.png","key":"lNRVAf5nTncNJzBiI9VBtwz7qS7AmX6M"},{"path":"textures/icons/meds/painkillers_icon.png","key":"39Yo1IFD6lJyZPsiJnwYGshmtrBF7W7W"},{"path":"textures/icons/meds/syringe_icon.png","key":"Ayrea8s8AAyb6qaVGCC1w8xxoBGd0WvD"},{"path":"textures/icons/melees/barbedwirebat_icon.png","key":"gWEzYHhX2sOu7DIv5WesteOYfTdv3pBU"},{"path":"textures/icons/melees/battleaxe_icon.png","key":"GkWvhGmEWgLHWKS0j6twz8OnamIPfarE"},{"path":"textures/icons/melees/blazeofglory_icon.png","key":"WwofhEZT33GXYvo1QAPSV9aZTQrmXQ2u"},{"path":"textures/icons/melees/bostaff_icon.png","key":"9Ew1gfm0Q0toBg1tyYXLdJcLSs8cAYAK"},{"path":"textures/icons/melees/bowieknife_icon.png","key":"08kVgYlcb56jpDctjgZ4m2PW8DccHaDv"},{"path":"textures/icons/melees/cane_icon.png","key":"MHSfRzB5uex0DZmrSyWEkrRcdjL00jlc"},{"path":"textures/icons/melees/chainsaw_icon.png","key":"9yjGxvPEF2bcYYCCA7WNv9kqGV1VwisT"},{"path":"textures/icons/melees/christmasbat_icon.png","key":"6lWFa2iIZG6EXRs3mnmcAV1IChnnS0CW"},{"path":"textures/icons/melees/cleaver_icon.png","key":"SM0A4Kwkq69K8AdRR0D1QqAatMSuaPu5"},{"path":"textures/icons/melees/combatknife_icon.png","key":"CwMohehfRHjLALyBJIjqtyHVPRIgybjd"},{"path":"textures/icons/melees/crowbar_icon.png","key":"xgLvHBBGSOiqcfpkIsRdRGizMQ5gZJzr"},{"path":"textures/icons/melees/dullknife_icon.png","key":"mH14Q8aDszO2Nf25L4DGS1AWdGfYqFPI"},{"path":"textures/icons/melees/fireaxe_icon.png","key":"nKqgoQzo1UmH9lSZVts2cEAAcaz9kcXL"},{"path":"textures/icons/melees/gatoraxe_icon.png","key":"DTY9pj8rWYiBpaBV0anRpOJFlwiJPxHj"},{"path":"textures/icons/melees/goldenkatana_icon.png","key":"elVdwnbMOFe0O8qqsgw5aVACs5uwiPXt"},{"path":"textures/icons/melees/golfclub_icon.png","key":"Rv1gWpy7LFUUcQDg1FAow8mQ0BuM9FyD"},{"path":"textures/icons/melees/guitar_icon.png","key":"E36Kgu6JWDUUKh78TDejXuFM0lxlx5b4"},{"path":"textures/icons/melees/hammer_icon.png","key":"PGcsxkTum38I9sV2hZjiForBxgagxvvX"},{"path":"textures/icons/melees/katana_icon.png","key":"XZMkoJx5mbQFxwUQEX57s2YQ5oS6dyJv"},{"path":"textures/icons/melees/kitchenknife_icon.png","key":"5bQDLXr8Rra0Hv5teqYk6tWfmvSIgc0x"},{"path":"textures/icons/melees/lightningaxe_icon.png","key":"evnJb2vl1Od0y6uWEH4Oc24AzxypIoQD"},{"path":"textures/icons/melees/mace_icon.png","key":"l8yAx1msrIYmsz3CchzI6o9P6e96fguy"},{"path":"textures/icons/melees/machete_icon.png","key":"pl2tXCCnwDLIQFO570WWNwWT2KICNcHe"},{"path":"textures/icons/melees/metalbat_icon.png","key":"nC1CTkYBwoeJ0l97yFne7AbvAMGqTDbg"},{"path":"textures/icons/melees/metalhatchet_icon.png","key":"OHKgOX4FSmqVAlUg0rwg0YxaSxuI3Wk7"},{"path":"textures/icons/melees/pan_icon.png","key":"w39BFBWaD2nj7XxC2BjxqHAodbOtOpaQ"},{"path":"textures/icons/melees/pickaxe_icon.png","key":"d1sk8NUf6tJWYOmI88Zb3eiXbypzwXhD"},{"path":"textures/icons/melees/pipe_icon.png","key":"quoZGObdN5WOuffpkw2uU9XLJyJ8E2pv"},{"path":"textures/icons/melees/pitchfork_icon.png","key":"OQD5nczCLu5hiCCx5lMH7GO91ASA1F8Q"},{"path":"textures/icons/melees/redmachete_icon.png","key":"2g0AfExKeFOAvVxnW1ce4EoZ8kNLTRRf"},{"path":"textures/icons/melees/sakuraslicer_icon.png","key":"a39eG7PpdK6La8a4tRSIkmnDTzrZetb0"},{"path":"textures/icons/melees/scissors_icon.png","key":"Em48DdJLCciHOu2qxFv35iKYCWlnLLWB"},{"path":"textures/icons/melees/screwdriver_icon.png","key":"OkCDn5PVjJeVqjn0h1pYSntd10W5g7sX"},{"path":"textures/icons/melees/scythe_icon.png","key":"sKuSr1AaFVm6FiaCdRW8l52f4XnuZVed"},{"path":"textures/icons/melees/shovel_icon.png","key":"VTH3NOEcSXTO9iw1mCgOijrJGq3GsmiP"},{"path":"textures/icons/melees/sickle_icon.png","key":"C4I5vZL3rViZFtW14uCahbr2p8eiJvaS"},{"path":"textures/icons/melees/skullstaff_icon.png","key":"VmMqEBr7EF5HrpSukXX8iCEUHLArDDqp"},{"path":"textures/icons/melees/sledgehammer_icon.png","key":"kGwZftC0bI5gWKkADVcjt2itYUzQY2hq"},{"path":"textures/icons/melees/spear_icon.png","key":"oAvL1mB6e6bk5O9UuYc6xrb0LWhdN0vc"},{"path":"textures/icons/melees/voltcarver_icon.png","key":"qFqRAEyfgVpOWygGvz071vD990sOUsYe"},{"path":"textures/icons/melees/woodenbat_icon.png","key":"nW4RTiyZxo6ENCeXIcSyPkJL0hEh0JIA"},{"path":"textures/icons/melees/woodenhatchet_icon.png","key":"c7icpjAOHBzBzV0oNfx6ddLsKboY9ano"},{"path":"textures/icons/misc/barriacde.png","key":"34iGi7ups7ubDYRDI9VCuMa3PobBf9m8"},{"path":"textures/icons/misc/broom_icon.png","key":"yUIUCbOaWWcrSbr74W9zRRYsoJsaKPoh"},{"path":"textures/icons/misc/electriccircuit_icon.png","key":"S4W5B4aSSBia55W0h2K2W5Qv6hYJXr4W"},{"path":"textures/icons/misc/emptybottle_icon.png","key":"lD5TL1IAcewm5Ncoo8Hn1ogDoq5p21eA"},{"path":"textures/icons/misc/flashlight_icon.png","key":"UQJGXu5TmLzUV2hrMeVfINX8vM3Fci8L"},{"path":"textures/icons/misc/fork_icon.png","key":"yXRq8WUMkE3nEgmoo3aonfBnFZlhiUf6"},{"path":"textures/icons/misc/gascan_icon.png","key":"KmZ6zn6GFLrNAiFI5pZWl76w8aYQjsGc"},{"path":"textures/icons/misc/gold_bar.png","key":"PFgptvAMkVSEfYEZiSFrnCNidWqDSBJv"},{"path":"textures/icons/misc/grenadelauncherbullet.png","key":"AFdY9NNbvRJ0i0rJRpWeORVX9El6Noot"},{"path":"textures/icons/misc/lamp_icon.png","key":"LaC7w9yhDR8sKsZsYMIp6UfE1GQjn9YJ"},{"path":"textures/icons/misc/laptop.png","key":"HnFoqiRrezDXhLgsWE050u72F5V7Wa8H"},{"path":"textures/icons/misc/monitor_icon.png","key":"KNWlHp5wgQTYRihgmqhc33AcP6LMxbtC"},{"path":"textures/icons/misc/paintbrush_icon.png","key":"hU41bDfynveAHOS8VlQRFcnkQpS7gWK1"},{"path":"textures/icons/misc/plank_icon.png","key":"BptqF0IqEqilTVDjyjWXTAFplLVuRUtx"},{"path":"textures/icons/misc/reddotsite_icon.png","key":"VIQgHN3DVy36QskGSMviWIEVp5qdEFyR"},{"path":"textures/icons/misc/scope_icon.png","key":"8pZQ9M29q7jTtja1ZSCEFsm9yqWutz0U"},{"path":"textures/icons/misc/shelf_icon.png","key":"uyz4VJHS4tyc0X54SqD3kBNM2Luuj42E"},{"path":"textures/icons/misc/spoon_icon.png","key":"tK4DlcEhb68WxPcUwuxfi5Jmo7YW1gT2"},{"path":"textures/icons/misc/stapler_icon.png","key":"q6NYzuyK6o5d2dnBM2jJqZyqtqnBWsX8"},{"path":"textures/icons/misc/supplydrop.png","key":"l5b72lJn006pUBCFGugeYFjJIiiXV2hE"},{"path":"textures/icons/misc/teapot_icon.png","key":"0SaIdG3nXSmsNP8loekKJZWu7FuOeWTB"},{"path":"textures/icons/misc/toiletpaper_icon.png","key":"1FggKDU3LYqO12MSTbgfjllFvsX3BNGM"},{"path":"textures/icons/misc/tv_icon.png","key":"Kr3vOpZHuIWR6R6FtqVGsMegRPMVYUR3"},{"path":"textures/icons/misc/waterbottle_icon.png","key":"nsggBRpPvOPb5MUbWSsxsVLnJkBj0sUx"},{"path":"textures/icons/misc/zzz_flare.png","key":"OH8ypq3xEqEqyFOfMtLM9nXaHfyFV5UG"},{"path":"textures/icons/vehicles/bluecar_icon.png","key":"fIl2eh5gmhoUAMCYSiwfBhxDfYLgc4SR"},{"path":"textures/icons/vehicles/graycar_icon.png","key":"qCIPAIIU74A2Lt32KUn0oaDAumROFBxO"},{"path":"textures/icons/vehicles/motorcycle_icon.png","key":"7ORgk31R71eurd1Dl87NMO6HSbVHE6Vd"},{"path":"textures/icons/vehicles/redcar_icon.png","key":"G6rDelNKoHAQeLk5gx84sgbSTEZzrBmG"}]}