{"format_version":"1.10.0","particle_effect":{"description":{"identifier":"lifeboat:brick_holo","basic_render_parameters":{"material":"particles_blend","texture":"textures/particle/square"}},"components":{"minecraft:emitter_rate_steady":{"spawn_rate":2,"max_particles":5},"minecraft:emitter_lifetime_once":{"active_time":1},"minecraft:emitter_shape_point":{},"minecraft:particle_lifetime_expression":{"max_lifetime":2},"minecraft:particle_initial_speed":0,"minecraft:particle_motion_dynamic":{},"minecraft:particle_motion_parametric":{"rotation":45},"minecraft:particle_appearance_billboard":{"size":["variable.particle_age*0.3*(!query.can_fly)","variable.particle_age*0.3*(!query.can_fly)"],"facing_camera_mode":"rotate_xyz","uv":{"texture_width":128,"texture_height":128,"uv":[0,0],"uv_size":[128,128]}},"minecraft:particle_appearance_tinting":{"color":{"interpolant":"v.particle_age / v.particle_lifetime","gradient":{"0.0":"#FF492319","1.0":"#10492319"}}}}}}