{"format_version":"1.8.0","geometry.cap":{"bones":[{"name":"root","pivot":[0,0,0]},{"name":"waist","parent":"root","pivot":[0,12,0]},{"name":"body","parent":"waist","pivot":[0,24,0]},{"cubes":[{"origin":[-4,24,-4],"size":[8,10,8],"uv":[0,0]}],"name":"head","parent":"body","pivot":[0,24,0]},{"cubes":[{"origin":[-4.1,30.25,-4.1],"size":[8.2,4,8.2],"uv":[0,18]},{"origin":[-4,30.5,-7.1],"size":[8,0.1,3],"uv":[-3,30]}],"name":"cap","parent":"head","pivot":[0,25,0]}],"textureheight":64,"texturewidth":64,"visible_bounds_height":3,"visible_bounds_offset":[0,1.5,0],"visible_bounds_width":2}}