{"format_version":"1.8.0","geometry.kingpin_boots":{"bones":[{"name":"waist","pivot":[0,12,0]},{"name":"body","parent":"waist","pivot":[0,24,0]},{"cubes":[{"origin":[-3.9,0,-2],"size":[4,12,4],"uv":[0,16]}],"inflate":1.0,"name":"rightLeg","parent":"body","pivot":[-1.9,12,0]},{"cubes":[{"origin":[-0.1,0,-2],"size":[4,12,4],"uv":[0,16]}],"inflate":1.0,"mirror":true,"name":"leftLeg","parent":"body","pivot":[1.9,12,0]}],"textureheight":32,"texturewidth":64,"visible_bounds_height":2,"visible_bounds_offset":[0,1,0],"visible_bounds_width":2}}