{"format_version":"1.8.0","geometry.kingpin_helmet":{"bones":[{"name":"root","pivot":[0,0,0]},{"name":"waist","parent":"root","pivot":[0,12,0]},{"name":"body","parent":"waist","pivot":[0,24,0]},{"cubes":[{"origin":[-4,24,-4],"size":[8,10,8],"uv":[0,0]}],"inflate":1.0,"name":"head","parent":"body","pivot":[0,24,0]},{"cubes":[{"origin":[-4.1,30.25,-4.1],"size":[8.2,4,8.2],"uv":[0,18]}],"inflate":1.0,"name":"crown","parent":"head","pivot":[0,25,0]}],"textureheight":32,"texturewidth":32,"visible_bounds_height":3,"visible_bounds_offset":[0,1.5,0],"visible_bounds_width":2}}