{"format_version":"1.8.0","geometry.tshirt":{"bones":[{"name":"waist","pivot":[0,12,0]},{"cubes":[{"origin":[-4,12,-2],"size":[8,12,4],"uv":[0,0]}],"inflate":0.8,"name":"body","parent":"waist","pivot":[0,24,0]},{"cubes":[{"origin":[-8,12,-2],"size":[4,12,4],"uv":[16,16]}],"inflate":0.8,"name":"rightArm","parent":"body","pivot":[-5,22,0]},{"name":"rightItem","parent":"rightArm","pivot":[-6,15,1]},{"cubes":[{"mirror":false,"origin":[4,12,-2],"size":[4,12,4],"uv":[0,16]}],"inflate":0.8,"mirror":true,"name":"leftArm","parent":"body","pivot":[5,22,0]},{"name":"leftItem","parent":"leftArm","pivot":[6,15,1]}],"textureheight":32,"texturewidth":32,"visible_bounds_height":3.5,"visible_bounds_offset":[0,1.25,0],"visible_bounds_width":3}}