{
  "dynamic_grid_content": {
    "controls": [
      {
        "grid_content": {
          "$button_to_show": "grid_tile",
          "bindings": [
            {
              "binding_name": "#form_button_length",
              "binding_name_override": "#maximum_grid_items"
            }
          ],
          "collection_name": "form_buttons",
          "grid_fill_direction": "horizontal",
          "grid_item_template": "big_grid.dynamic_grid_item",
          "grid_rescaling_type": "horizontal",
          "size": [
            "100% - 7px",
            "100%c"
          ],
          "type": "grid"
        }
      }
    ],
    "offset": [
      5,
      -432
    ],
    "orientation": "vertical",
    "size": [
      "101% + 3px",
      "100%c - 436px"
    ],
    "type": "stack_panel"
  },
  "dynamic_grid_item": {
    "$big_button_full|default": "§h§d",
    "$big_button|default": "§h§c",
    "$desc_button_blue|default": "§h§f",
    "$desc_button|default": "§h§e",
    "$panel_size": [
      "100%",
      "100%"
    ],
    "bindings": [
      {
        "binding_collection_name": "form_buttons",
        "binding_type": "collection_details"
      }
    ],
    "controls": [
      {
        "button@plutonium_buttons.giant_button": {
          "$button_content_size": [
            "75%",
            "100%"
          ],
          "$button_image_offset": [
            0,
            -25
          ],
          "$button_image_size": [
            "50%",
            "50%"
          ],
          "$button_text_offset": [
            -13,
            -20
          ],
          "$content_font_scale_factor": 1.3,
          "bindings": [
            {
              "binding_collection_name": "form_buttons",
              "binding_type": "collection_details"
            },
            {
              "binding_collection_name": "form_buttons",
              "binding_name": "#form_button_text",
              "binding_name_override": "#text",
              "binding_type": "collection"
            },
            {
              "binding_type": "view",
              "source_property_name": "(not ((#text - $big_button) = #text))",
              "target_property_name": "#visible"
            },
            {
              "binding_type": "view",
              "source_property_name": "(not ((#text - $big_button) = #text))",
              "target_property_name": "#enabled"
            }
          ],
          "size": [
            "200% - 4.25px",
            140
          ]
        }
      },
      {
        "button_full@plutonium_buttons.giant_button": {
          "$button_content_size": [
            "75%",
            "100%"
          ],
          "$button_text_offset": [
            -13,
            -20
          ],
          "$content_font_scale_factor": 1.3,
          "bindings": [
            {
              "binding_collection_name": "form_buttons",
              "binding_type": "collection_details"
            },
            {
              "binding_collection_name": "form_buttons",
              "binding_name": "#form_button_text",
              "binding_name_override": "#text",
              "binding_type": "collection"
            },
            {
              "binding_type": "view",
              "source_property_name": "(not ((#text - $big_button_full) = #text))",
              "target_property_name": "#visible"
            },
            {
              "binding_type": "view",
              "source_property_name": "(not ((#text - $big_button_full) = #text))",
              "target_property_name": "#enabled"
            }
          ],
          "size": [
            "200% - 4.25px",
            140
          ]
        }
      },
      {
        "description@plutonium_buttons.text_button": {
          "$button_content_size": [
            "80%",
            "100%"
          ],
          "$button_text_offset": [
            -82,
            124
          ],
          "$content_anchor_from": "bottom_left",
          "$content_anchor_to": "bottom_left",
          "$content_font_scale_factor": 0.7,
          "bindings": [
            {
              "binding_collection_name": "form_buttons",
              "binding_type": "collection_details"
            },
            {
              "binding_collection_name": "form_buttons",
              "binding_name": "#form_button_text",
              "binding_name_override": "#text",
              "binding_type": "collection"
            },
            {
              "binding_type": "view",
              "source_property_name": "(not ((#text - $desc_button) = #text))",
              "target_property_name": "#visible"
            },
            {
              "binding_type": "view",
              "source_property_name": "(not ((#text - $desc_button) = #text))",
              "target_property_name": "#enabled"
            }
          ],
          "layer": 20,
          "size": [
            "200% - 5px",
            6
          ]
        }
      },
      {
        "description_blue@plutonium_buttons.text_button": {
          "$button_content_size": [
            "80%",
            "100%"
          ],
          "$button_text_color": [
            0.4117647058823529,
            0.4549019607843137,
            0.8705882352941176
          ],
          "$button_text_offset": [
            -82,
            124
          ],
          "$content_anchor_from": "bottom_left",
          "$content_anchor_to": "bottom_left",
          "$content_font_scale_factor": 0.7,
          "bindings": [
            {
              "binding_collection_name": "form_buttons",
              "binding_type": "collection_details"
            },
            {
              "binding_collection_name": "form_buttons",
              "binding_name": "#form_button_text",
              "binding_name_override": "#text",
              "binding_type": "collection"
            },
            {
              "binding_type": "view",
              "source_property_name": "(not ((#text - $desc_button_blue) = #text))",
              "target_property_name": "#visible"
            },
            {
              "binding_type": "view",
              "source_property_name": "(not ((#text - $desc_button_blue) = #text))",
              "target_property_name": "#enabled"
            }
          ],
          "layer": 20,
          "size": [
            "200% - 5px",
            6
          ]
        }
      }
    ],
    "size": [
      "25%",
      144
    ],
    "type": "panel"
  },
  "main_panel": {
    "anchor_from": "center",
    "anchor_to": "center",
    "controls": [
      {
        "header@base_menu.header_panel": {
          "anchor_from": "top_middle",
          "anchor_to": "top_middle",
          "max_size": [
            "100% - 4px",
            20
          ]
        }
      },
      {
        "body": {
          "anchor_from": "center",
          "anchor_to": "center",
          "controls": [
            {
              "scrolling_panel@base_menu.scrolling_panel": {
                "$scrolling_content": "big_grid.dynamic_grid_content",
                "offset": [
                  -2,
                  10
                ],
                "size": [
                  "100% + 5px",
                  "100% + 0.25px"
                ]
              }
            }
          ],
          "size": [
            "90% + 4.5px",
            "100% - 24px"
          ],
          "type": "panel"
        }
      }
    ],
    "size": [
      375,
      205
    ],
    "type": "panel"
  },
  "namespace": "big_grid"
}