{
  "dynamic_button": {
    "$alliances_category_button_locked|default": "§h§j§k§a",
    "$alliances_category_button_normal|default": "§h§j",
    "$alliances_category_button_offset|default": [
      245.5,
      -80.5
    ],
    "$join_button|default": "§h§h",
    "$members_category_button_locked|default": "§h§i§k§a",
    "$members_category_button_normal|default": "§h§i",
    "$members_category_button_offset|default": [
      150,
      -80.5
    ],
    "controls": [
      {
        "join_button@plutonium_buttons.classic_button": {
          "$content_font_scale_factor": 0.9,
          "bindings": [
            {
              "binding_collection_name": "form_buttons",
              "binding_type": "collection_details"
            },
            {
              "binding_collection_name": "form_buttons",
              "binding_name": "#form_button_text",
              "binding_name_override": "#text",
              "binding_type": "collection"
            },
            {
              "binding_type": "view",
              "source_property_name": "(not ((#text - $join_button) = #text))",
              "target_property_name": "#visible"
            },
            {
              "binding_type": "view",
              "source_property_name": "(not ((#text - $join_button) = #text))",
              "target_property_name": "#enabled"
            }
          ],
          "enabled": false,
          "offset": [
            13,
            75.5
          ],
          "size": [
            120.75,
            17
          ],
          "visible": false
        }
      },
      {
        "members_category_button_normal@plutonium_buttons.classic_button": {
          "$background_color": [
            0.1176470588235294,
            0.1176470588235294,
            0.1176470588235294
          ],
          "$content_font_scale_factor": 0.9,
          "$outline_color": [
            0.2196078431372549,
            0.2196078431372549,
            0.23921568627450981
          ],
          "$outline_texture": "textures/ui/plutonium/left_rounded_outline",
          "bindings": [
            {
              "binding_collection_name": "form_buttons",
              "binding_type": "collection_details"
            },
            {
              "binding_collection_name": "form_buttons",
              "binding_name": "#form_button_text",
              "binding_name_override": "#text",
              "binding_type": "collection"
            },
            {
              "binding_type": "view",
              "source_property_name": "((not ((#text - $members_category_button_normal) = #text)) and ((#text - $members_category_button_locked) = #text))",
              "target_property_name": "#visible"
            },
            {
              "binding_type": "view",
              "source_property_name": "((not ((#text - $members_category_button_normal) = #text)) and ((#text - $members_category_button_locked) = #text))",
              "target_property_name": "#enabled"
            }
          ],
          "enabled": false,
          "offset": "$members_category_button_offset",
          "size": [
            95.5,
            17
          ],
          "visible": false
        }
      },
      {
        "members_category_button_locked@plutonium_buttons.classic_button": {
          "$background_color": [
            0.1568627450980392,
            0.1568627450980392,
            0.1568627450980392
          ],
          "$content_font_scale_factor": 0.9,
          "$hover_button_effect_visible": false,
          "$outline_color": [
            0.2196078431372549,
            0.2196078431372549,
            0.23921568627450981
          ],
          "$outline_texture": "textures/ui/plutonium/left_rounded_outline",
          "$pressed_button_name": "",
          "bindings": [
            {
              "binding_collection_name": "form_buttons",
              "binding_type": "collection_details"
            },
            {
              "binding_collection_name": "form_buttons",
              "binding_name": "#form_button_text",
              "binding_name_override": "#text",
              "binding_type": "collection"
            },
            {
              "binding_type": "view",
              "source_property_name": "(not ((#text - $members_category_button_locked) = #text))",
              "target_property_name": "#visible"
            },
            {
              "binding_type": "view",
              "source_property_name": "(not ((#text - $members_category_button_locked) = #text))",
              "target_property_name": "#enabled"
            }
          ],
          "enabled": false,
          "offset": "$members_category_button_offset",
          "size": [
            95.5,
            17
          ],
          "visible": false
        }
      },
      {
        "alliances_category_button_normal@plutonium_buttons.classic_button": {
          "$background_color": [
            0.1176470588235294,
            0.1176470588235294,
            0.1176470588235294
          ],
          "$content_font_scale_factor": 0.9,
          "$outline_color": [
            0.2196078431372549,
            0.2196078431372549,
            0.23921568627450981
          ],
          "$outline_texture": "textures/ui/plutonium/right_rounded_outline",
          "bindings": [
            {
              "binding_collection_name": "form_buttons",
              "binding_type": "collection_details"
            },
            {
              "binding_collection_name": "form_buttons",
              "binding_name": "#form_button_text",
              "binding_name_override": "#text",
              "binding_type": "collection"
            },
            {
              "binding_type": "view",
              "source_property_name": "((not ((#text - $alliances_category_button_normal) = #text)) and ((#text - $alliances_category_button_locked) = #text))",
              "target_property_name": "#visible"
            },
            {
              "binding_type": "view",
              "source_property_name": "((not ((#text - $alliances_category_button_normal) = #text)) and ((#text - $alliances_category_button_locked) = #text))",
              "target_property_name": "#enabled"
            }
          ],
          "enabled": false,
          "offset": "$alliances_category_button_offset",
          "size": [
            95.5,
            17
          ],
          "visible": false
        }
      },
      {
        "alliances_category_button_locked@plutonium_buttons.classic_button": {
          "$background_color": [
            0.1568627450980392,
            0.1568627450980392,
            0.1568627450980392
          ],
          "$content_font_scale_factor": 0.9,
          "$hover_button_effect_visible": false,
          "$outline_color": [
            0.2196078431372549,
            0.2196078431372549,
            0.23921568627450981
          ],
          "$outline_texture": "textures/ui/plutonium/right_rounded_outline",
          "$pressed_button_name": "",
          "bindings": [
            {
              "binding_collection_name": "form_buttons",
              "binding_type": "collection_details"
            },
            {
              "binding_collection_name": "form_buttons",
              "binding_name": "#form_button_text",
              "binding_name_override": "#text",
              "binding_type": "collection"
            },
            {
              "binding_type": "view",
              "source_property_name": "(not ((#text - $alliances_category_button_locked) = #text))",
              "target_property_name": "#visible"
            },
            {
              "binding_type": "view",
              "source_property_name": "(not ((#text - $alliances_category_button_locked) = #text))",
              "target_property_name": "#enabled"
            }
          ],
          "enabled": false,
          "offset": "$alliances_category_button_offset",
          "size": [
            95.5,
            17
          ],
          "visible": false
        }
      }
    ],
    "size": [
      0,
      0
    ],
    "type": "panel"
  },
  "dynamic_grid_content": {
    "controls": [
      {
        "grid_content": {
          "$button_to_show": "grid_tile",
          "bindings": [
            {
              "binding_name": "#form_button_length",
              "binding_name_override": "#maximum_grid_items"
            }
          ],
          "collection_name": "form_buttons",
          "grid_fill_direction": "horizontal",
          "grid_item_template": "faction_info.dynamic_grid_item",
          "grid_rescaling_type": "horizontal",
          "size": [
            "100% - 4px",
            "100%c"
          ],
          "type": "grid"
        }
      }
    ],
    "offset": [
      -5,
      -420
    ],
    "orientation": "vertical",
    "size": [
      "100% + 20px",
      "100%c - 423px"
    ],
    "type": "stack_panel"
  },
  "dynamic_grid_item": {
    "$faction_alliances_button|default": "§h§l",
    "$faction_members_button|default": "§h§k",
    "$panel_size": [
      "100%",
      "100%"
    ],
    "bindings": [
      {
        "binding_collection_name": "form_buttons",
        "binding_type": "collection_details"
      }
    ],
    "controls": [
      {
        "faction_members_button@plutonium_buttons.faction_icon_button": {
          "$button_background_image_anims": [
            "@plutonium_animations.anim_alpha",
            "@plutonium_animations.faction_icon_anim_size_2"
          ],
          "$button_image_offset": [
            -2,
            -7
          ],
          "$button_image_size": [
            24,
            24
          ],
          "$button_text_offset": [
            -2,
            -6
          ],
          "$content_anchor_from": "bottom_middle",
          "$content_anchor_to": "bottom_middle",
          "$content_font_scale_factor": 0.5,
          "$default_focus_precedence": 10,
          "$focus_id": "form_button_grid_tile",
          "$hover_button_effect_visible": false,
          "$hover_text_optional": true,
          "$pressed_button_name": "",
          "$size": [
            56,
            56
          ],
          "$text_alignment": "center",
          "$use_selective_button_border": true,
          "bindings": [
            {
              "binding_collection_name": "form_buttons",
              "binding_type": "collection_details"
            },
            {
              "binding_collection_name": "form_buttons",
              "binding_name": "#form_button_text",
              "binding_name_override": "#text",
              "binding_type": "collection"
            },
            {
              "binding_type": "view",
              "source_property_name": "(not ((#text - $faction_members_button) = #text))",
              "target_property_name": "#visible"
            },
            {
              "binding_type": "view",
              "source_property_name": "(not ((#text - $faction_members_button) = #text))",
              "target_property_name": "#enabled"
            }
          ]
        }
      },
      {
        "faction_alliances_button@plutonium_buttons.faction_icon_button": {
          "$button_background_image_anims": [
            "@plutonium_animations.anim_alpha",
            "@plutonium_animations.faction_icon_anim_size_2"
          ],
          "$button_image_offset": [
            -2,
            -10
          ],
          "$button_image_size": [
            24,
            24
          ],
          "$button_text_offset": [
            -2,
            -4.5
          ],
          "$content_anchor_from": "bottom_middle",
          "$content_anchor_to": "bottom_middle",
          "$content_font_scale_factor": 0.5,
          "$size": [
            56,
            56
          ],
          "$text_alignment": "center",
          "bindings": [
            {
              "binding_collection_name": "form_buttons",
              "binding_type": "collection_details"
            },
            {
              "binding_collection_name": "form_buttons",
              "binding_name": "#form_button_text",
              "binding_name_override": "#text",
              "binding_type": "collection"
            },
            {
              "binding_type": "view",
              "source_property_name": "(not ((#text - $faction_alliances_button) = #text))",
              "target_property_name": "#visible"
            },
            {
              "binding_type": "view",
              "source_property_name": "(not ((#text - $faction_alliances_button) = #text))",
              "target_property_name": "#enabled"
            }
          ]
        }
      }
    ],
    "size": [
      60,
      60
    ],
    "type": "panel"
  },
  "left_dynamic_button": {
    "$dbsize|default": [
      150,
      40
    ],
    "$faction_daily_challenges|default": "§h§g",
    "$faction_description|default": "§h§e",
    "$faction_i|default": "§h§d",
    "$faction_main|default": "§h§c",
    "$faction_seasonal_challenges|default": "§h§f",
    "controls": [
      {
        "faction_main@plutonium_buttons.faction_info_button": {
          "bindings": [
            {
              "binding_collection_name": "form_buttons",
              "binding_type": "collection_details"
            },
            {
              "binding_collection_name": "form_buttons",
              "binding_name": "#form_button_text",
              "binding_name_override": "#text",
              "binding_type": "collection"
            },
            {
              "binding_type": "view",
              "source_property_name": "(not ((#text - $faction_main) = #text))",
              "target_property_name": "#visible"
            },
            {
              "binding_type": "view",
              "source_property_name": "(not ((#text - $faction_main) = #text))",
              "target_property_name": "#enabled"
            }
          ],
          "enabled": false,
          "offset": [
            -3,
            -438
          ],
          "visible": false
        }
      },
      {
        "faction_i@plutonium_buttons.text_button": {
          "$content_font_scale_factor": 0.6,
          "$text_alignment": "right",
          "bindings": [
            {
              "binding_collection_name": "form_buttons",
              "binding_type": "collection_details"
            },
            {
              "binding_collection_name": "form_buttons",
              "binding_name": "#form_button_text",
              "binding_name_override": "#text",
              "binding_type": "collection"
            },
            {
              "binding_type": "view",
              "source_property_name": "(not ((#text - $faction_i) = #text))",
              "target_property_name": "#visible"
            },
            {
              "binding_type": "view",
              "source_property_name": "(not ((#text - $faction_i) = #text))",
              "target_property_name": "#enabled"
            }
          ],
          "enabled": false,
          "layer": 50,
          "offset": [
            77,
            -460
          ],
          "size": [
            70,
            15
          ],
          "visible": false
        }
      },
      {
        "faction_description@plutonium_buttons.default_button": {
          "$button_text_size": [
            "100% - 9px",
            "default"
          ],
          "$content_anchor_from": "center",
          "$content_anchor_to": "center",
          "$content_font_scale_factor": 0.6,
          "$hover_button_effect_visible|default": false,
          "$pressed_button_name": "",
          "$text_alignment": "left",
          "bindings": [
            {
              "binding_collection_name": "form_buttons",
              "binding_type": "collection_details"
            },
            {
              "binding_collection_name": "form_buttons",
              "binding_name": "#form_button_text",
              "binding_name_override": "#text",
              "binding_type": "collection"
            },
            {
              "binding_type": "view",
              "source_property_name": "(not ((#text - $faction_description) = #text))",
              "target_property_name": "#visible"
            },
            {
              "binding_type": "view",
              "source_property_name": "(not ((#text - $faction_description) = #text))",
              "target_property_name": "#enabled"
            }
          ],
          "enabled": false,
          "layer": 50,
          "offset": [
            22.5,
            -476
          ],
          "size": [
            110,
            41
          ],
          "visible": false
        }
      },
      {
        "faction_seasonal_challenges@plutonium_buttons.default_button": {
          "$button_background_image_anims": [
            "@plutonium_animations.anim_alpha",
            "@plutonium_animations.progress_anim_size_2"
          ],
          "$button_background_image_fill": false,
          "$button_background_visible": false,
          "$button_content_size": [
            "100%",
            20
          ],
          "$button_image_size": [
            "90%",
            "40,95px"
          ],
          "$button_outline_visible": false,
          "$button_text_offset": [
            0.5,
            -6
          ],
          "$content_anchor_from": "top_left",
          "$content_anchor_to": "top_left",
          "$content_font_scale_factor": 0.7,
          "$hover_button_effect_visible": false,
          "$pressed_button_name": "",
          "$size": [
            "90%",
            0
          ],
          "bindings": [
            {
              "binding_collection_name": "form_buttons",
              "binding_type": "collection_details"
            },
            {
              "binding_collection_name": "form_buttons",
              "binding_name": "#form_button_text",
              "binding_name_override": "#text",
              "binding_type": "collection"
            },
            {
              "binding_type": "view",
              "source_property_name": "(not ((#text - $faction_seasonal_challenges) = #text))",
              "target_property_name": "#visible"
            },
            {
              "binding_type": "view",
              "source_property_name": "(not ((#text - $faction_seasonal_challenges) = #text))",
              "target_property_name": "#enabled"
            }
          ],
          "layer": 20,
          "offset": [
            7,
            -454
          ]
        }
      },
      {
        "faction_daily_challenges@plutonium_buttons.default_button": {
          "$button_background_image_anims": [
            "@plutonium_animations.anim_alpha",
            "@plutonium_animations.progress_anim_size_2"
          ],
          "$button_background_image_fill": false,
          "$button_background_visible": false,
          "$button_content_size": [
            "100%",
            20
          ],
          "$button_image_size": [
            "90%",
            "40,95px"
          ],
          "$button_outline_visible": false,
          "$button_text_offset": [
            0.5,
            -6
          ],
          "$content_anchor_from": "top_left",
          "$content_anchor_to": "top_left",
          "$content_font_scale_factor": 0.7,
          "$hover_button_effect_visible": false,
          "$pressed_button_name": "",
          "$size": [
            "90%",
            0
          ],
          "bindings": [
            {
              "binding_collection_name": "form_buttons",
              "binding_type": "collection_details"
            },
            {
              "binding_collection_name": "form_buttons",
              "binding_name": "#form_button_text",
              "binding_name_override": "#text",
              "binding_type": "collection"
            },
            {
              "binding_type": "view",
              "source_property_name": "(not ((#text - $faction_daily_challenges) = #text))",
              "target_property_name": "#visible"
            },
            {
              "binding_type": "view",
              "source_property_name": "(not ((#text - $faction_daily_challenges) = #text))",
              "target_property_name": "#enabled"
            }
          ],
          "layer": 20,
          "offset": [
            7,
            -467
          ]
        }
      }
    ],
    "size": "$dbsize",
    "type": "panel"
  },
  "left_long_form_dynamic_buttons_panel": {
    "$dynamic_button|default": "faction_info.left_dynamic_button",
    "anchor_from": "top_left",
    "anchor_to": "top_left",
    "bindings": [
      {
        "binding_name": "#form_button_length",
        "binding_name_override": "#collection_length"
      }
    ],
    "collection_name": "form_buttons",
    "factory": {
      "control_name": "$dynamic_button",
      "name": "buttons"
    },
    "orientation": "vertical",
    "size": [
      "100% - 4px",
      "100%c"
    ],
    "type": "stack_panel"
  },
  "long_form_dynamic_buttons_panel": {
    "$dynamic_button|default": "faction_info.dynamic_button",
    "anchor_from": "center",
    "anchor_to": "center",
    "bindings": [
      {
        "binding_name": "#form_button_length",
        "binding_name_override": "#collection_length"
      }
    ],
    "collection_name": "form_buttons",
    "factory": {
      "control_name": "$dynamic_button",
      "name": "buttons"
    },
    "orientation": "vertical",
    "size": [
      "100% - 4px",
      "100%c"
    ],
    "type": "stack_panel"
  },
  "main_panel": {
    "anchor_from": "center",
    "anchor_to": "center",
    "controls": [
      {
        "header@base_menu.header_panel": {
          "anchor_from": "top_middle",
          "anchor_to": "top_middle",
          "max_size": [
            "100% - 4px",
            20
          ]
        }
      },
      {
        "body": {
          "anchor_from": "center",
          "anchor_to": "center",
          "controls": [
            {
              "left_panel": {
                "controls": [
                  {
                    "background@base_menu.panel_background": {
                      "$background_color": [
                        0.1176470588235294,
                        0.1176470588235294,
                        0.1176470588235294
                      ],
                      "$background_size": [
                        "100% - 4px",
                        "100% - 4px"
                      ],
                      "offset": [
                        0,
                        -3
                      ]
                    }
                  },
                  {
                    "outline@base_menu.panel_outline": {
                      "$outline_color": [
                        0.1568627450980392,
                        0.1568627450980392,
                        0.1725490196078431
                      ],
                      "$outline_size": [
                        "100% - 2px",
                        "100% - 2px"
                      ],
                      "offset": [
                        0,
                        -3
                      ]
                    }
                  },
                  {
                    "left_long_form_dynamic_buttons_panel@faction_info.left_long_form_dynamic_buttons_panel": {
                      "offset": [
                        0,
                        -40
                      ]
                    }
                  }
                ],
                "offset": [
                  -97.5,
                  12
                ],
                "size": [
                  "40% + 10px",
                  "100%"
                ],
                "type": "panel"
              }
            },
            {
              "faction_members_buttons_panel": {
                "controls": [
                  {
                    "scrolling_panel@base_menu.scrolling_panel": {
                      "$scrolling_content": "faction_info.dynamic_grid_content",
                      "$scrolling_pane_offset": [
                        -15,
                        20
                      ],
                      "size": [
                        "100%",
                        "100% - 20px"
                      ]
                    }
                  }
                ],
                "offset": [
                  91.75,
                  10.25
                ],
                "size": [
                  "60% - 10px",
                  "100%"
                ],
                "type": "panel"
              }
            },
            {
              "long_form_dynamic_buttons_panel@faction_info.long_form_dynamic_buttons_panel": {}
            }
          ],
          "size": [
            "90% + 4.5px",
            "100% - 24px"
          ],
          "type": "panel"
        }
      }
    ],
    "size": [
      375,
      205
    ],
    "type": "panel"
  },
  "namespace": "faction_info"
}