{
  "dynamic_grid_content": {
    "controls": [
      {
        "grid_content": {
          "$button_to_show": "grid_tile",
          "bindings": [
            {
              "binding_name": "#form_button_length",
              "binding_name_override": "#maximum_grid_items"
            }
          ],
          "collection_name": "form_buttons",
          "grid_fill_direction": "horizontal",
          "grid_item_template": "grid_three_buttons_with_one_button.dynamic_grid_item",
          "grid_rescaling_type": "horizontal",
          "size": [
            "100% - 4px",
            "100%c"
          ],
          "type": "grid"
        }
      }
    ],
    "offset": [
      14.25,
      -250
    ],
    "orientation": "vertical",
    "size": [
      "100% + 5px",
      "100%c - 254.5px"
    ],
    "type": "stack_panel"
  },
  "dynamic_grid_content2": {
    "controls": [
      {
        "grid_content2": {
          "$button_to_show": "grid_tile",
          "bindings": [
            {
              "binding_name": "#form_button_length",
              "binding_name_override": "#maximum_grid_items"
            }
          ],
          "collection_name": "form_buttons",
          "grid_fill_direction": "horizontal",
          "grid_item_template": "grid_three_buttons_with_one_button.dynamic_grid_item2",
          "grid_rescaling_type": "horizontal",
          "size": [
            "100% - 4px",
            "100%c"
          ],
          "type": "grid"
        }
      }
    ],
    "offset": [
      -29.75,
      -24
    ],
    "size": [
      "100% + 5px",
      0
    ],
    "type": "panel"
  },
  "dynamic_grid_item": {
    "$panel_size": [
      "100%",
      "100%"
    ],
    "bindings": [
      {
        "binding_collection_name": "form_buttons",
        "binding_type": "collection_details"
      }
    ],
    "controls": [
      {
        "button@plutonium_buttons.faction_icon_button": {
          "$button_image_offset": [
            0,
            -20
          ],
          "$button_text_offset": [
            5,
            -25
          ],
          "$default_focus_precedence": 10,
          "$focus_id": "form_button_grid_tile",
          "$grid_button|default": "§h§c",
          "$hover_text_optional": true,
          "$size": [
            105.25,
            120
          ],
          "$use_selective_button_border": true,
          "bindings": [
            {
              "binding_collection_name": "form_buttons",
              "binding_type": "collection_details"
            },
            {
              "binding_collection_name": "form_buttons",
              "binding_name": "#form_button_text",
              "binding_name_override": "#text",
              "binding_type": "collection"
            },
            {
              "binding_type": "view",
              "source_property_name": "(not ((#text - $grid_button) = #text))",
              "target_property_name": "#visible"
            },
            {
              "binding_type": "view",
              "source_property_name": "(not ((#text - $grid_button) = #text))",
              "target_property_name": "#enabled"
            }
          ]
        }
      }
    ],
    "size": [
      54.75,
      125
    ],
    "type": "panel"
  },
  "dynamic_grid_item2": {
    "$panel_size": [
      "100%",
      "100%"
    ],
    "bindings": [
      {
        "binding_collection_name": "form_buttons",
        "binding_type": "collection_details"
      }
    ],
    "controls": [
      {
        "sub_button@plutonium_buttons.default_button": {
          "$background_color": [
            0.6588235294117647,
            0.07058823529411765,
            0.07058823529411765
          ],
          "$button_text_offset": [
            0,
            0
          ],
          "$content_anchor_from": "center",
          "$content_anchor_to": "center",
          "$content_font_scale_factor": 0.8,
          "$default_focus_precedence": 10,
          "$focus_id": "form_button_grid_tile",
          "$hover_text_optional": true,
          "$outline_color": [
            1,
            0,
            0
          ],
          "$size": [
            80,
            15
          ],
          "$sub_button|default": "§h§d",
          "$use_selective_button_border": true,
          "bindings": [
            {
              "binding_collection_name": "form_buttons",
              "binding_type": "collection_details"
            },
            {
              "binding_collection_name": "form_buttons",
              "binding_name": "#form_button_text",
              "binding_name_override": "#text",
              "binding_type": "collection"
            },
            {
              "binding_type": "view",
              "source_property_name": "(not ((#text - $sub_button) = #text))",
              "target_property_name": "#visible"
            },
            {
              "binding_type": "view",
              "source_property_name": "(not ((#text - $sub_button) = #text))",
              "target_property_name": "#enabled"
            }
          ],
          "layer": 200
        }
      }
    ],
    "size": [
      54.75,
      125
    ],
    "type": "panel"
  },
  "grids": {
    "controls": [
      {
        "dynamic_grid_content@grid_three_buttons_with_one_button.dynamic_grid_content": {}
      },
      {
        "dynamic_grid_content2@grid_three_buttons_with_one_button.dynamic_grid_content2": {}
      }
    ],
    "size": [
      "100%",
      "100%c"
    ],
    "type": "panel"
  },
  "main_panel": {
    "anchor_from": "center",
    "anchor_to": "center",
    "controls": [
      {
        "header@base_menu.header_panel": {
          "anchor_from": "top_middle",
          "anchor_to": "top_middle",
          "max_size": [
            "100% - 4px",
            20
          ]
        }
      },
      {
        "body": {
          "anchor_from": "center",
          "anchor_to": "center",
          "controls": [
            {
              "scrolling_panel@base_menu.scrolling_panel": {
                "$scrolling_content": "grid_three_buttons_with_one_button.grids",
                "layer": 2,
                "offset": [
                  -17,
                  10
                ],
                "size": [
                  "100% + 20px",
                  "100% + 0.5px"
                ]
              }
            }
          ],
          "size": [
            "90% + 4.5px",
            "100% - 24px"
          ],
          "type": "panel"
        }
      }
    ],
    "size": [
      375,
      205
    ],
    "type": "panel"
  },
  "namespace": "grid_three_buttons_with_one_button"
}