{
  "dynamic_grid_content": {
    "controls": [
      {
        "grid_content": {
          "$button_to_show": "grid_tile",
          "bindings": [
            {
              "binding_name": "#form_button_length",
              "binding_name_override": "#maximum_grid_items"
            }
          ],
          "collection_name": "form_buttons",
          "grid_fill_direction": "horizontal",
          "grid_item_template": "grid_three_buttons.dynamic_grid_item",
          "grid_rescaling_type": "horizontal",
          "size": [
            "100% - 4px",
            "100%c"
          ],
          "type": "grid"
        }
      }
    ],
    "offset": [
      11.5,
      -437
    ],
    "orientation": "vertical",
    "size": [
      "100% + 5px",
      "100%c - 441px"
    ],
    "type": "stack_panel"
  },
  "dynamic_grid_item": {
    "$green|default": "§l§a",
    "$orange|default": "§l§b",
    "$panel_size": [
      "100%",
      "100%"
    ],
    "bindings": [
      {
        "binding_collection_name": "form_buttons",
        "binding_type": "collection_details"
      }
    ],
    "controls": [
      {
        "button@plutonium_buttons.faction_icon_button": {
          "$default_focus_precedence": 10,
          "$focus_id": "form_button_grid_tile",
          "$grid_button|default": "§h§c",
          "$hover_text_optional": true,
          "$size": [
            105.25,
            105.25
          ],
          "$use_selective_button_border": true,
          "bindings": [
            {
              "binding_collection_name": "form_buttons",
              "binding_type": "collection_details"
            },
            {
              "binding_collection_name": "form_buttons",
              "binding_name": "#form_button_text",
              "binding_name_override": "#text",
              "binding_type": "collection"
            },
            {
              "binding_type": "view",
              "source_property_name": "(not ((#text - $grid_button) = #text))",
              "target_property_name": "#visible"
            },
            {
              "binding_type": "view",
              "source_property_name": "(not ((#text - $grid_button) = #text))",
              "target_property_name": "#enabled"
            }
          ]
        }
      },
      {
        "green_outline@plutonium_buttons.button_outline": {
          "$button_outline_visible": true,
          "bindings": [
            {
              "binding_collection_name": "form_buttons",
              "binding_type": "collection_details"
            },
            {
              "binding_collection_name": "form_buttons",
              "binding_name": "#form_button_text",
              "binding_name_override": "#text",
              "binding_type": "collection"
            },
            {
              "binding_type": "view",
              "source_property_name": "(not ((#text - $green) = #text))",
              "target_property_name": "#visible"
            },
            {
              "binding_type": "view",
              "source_property_name": "(not ((#text - $green) = #text))",
              "target_property_name": "#enabled"
            }
          ],
          "color": "$2_color_format",
          "layer": 20,
          "offset": [
            -4,
            -2
          ],
          "size": [
            105.25,
            105.25
          ]
        }
      },
      {
        "orange_outline@plutonium_buttons.button_outline": {
          "$button_outline_visible": true,
          "bindings": [
            {
              "binding_collection_name": "form_buttons",
              "binding_type": "collection_details"
            },
            {
              "binding_collection_name": "form_buttons",
              "binding_name": "#form_button_text",
              "binding_name_override": "#text",
              "binding_type": "collection"
            },
            {
              "binding_type": "view",
              "source_property_name": "(not ((#text - $orange) = #text))",
              "target_property_name": "#visible"
            },
            {
              "binding_type": "view",
              "source_property_name": "(not ((#text - $orange) = #text))",
              "target_property_name": "#enabled"
            }
          ],
          "color": "$6_color_format",
          "layer": 20,
          "offset": [
            -4,
            -2
          ],
          "size": [
            105.25,
            105.25
          ]
        }
      }
    ],
    "size": [
      109.25,
      109.25
    ],
    "type": "panel"
  },
  "main_panel": {
    "anchor_from": "center",
    "anchor_to": "center",
    "controls": [
      {
        "header@base_menu.header_panel": {
          "anchor_from": "top_middle",
          "anchor_to": "top_middle",
          "max_size": [
            "100% - 4px",
            20
          ]
        }
      },
      {
        "body": {
          "anchor_from": "center",
          "anchor_to": "center",
          "controls": [
            {
              "scrolling_panel@base_menu.scrolling_panel": {
                "$scrolling_content": "grid_three_buttons.dynamic_grid_content",
                "layer": 2,
                "offset": [
                  -17,
                  10
                ],
                "size": [
                  "100% + 20px",
                  "100% + 0.5px"
                ]
              }
            }
          ],
          "size": [
            "90% + 4.5px",
            "100% - 24px"
          ],
          "type": "panel"
        }
      }
    ],
    "size": [
      375,
      205
    ],
    "type": "panel"
  },
  "namespace": "grid_three_buttons"
}