{
  "list_dynamic_button": {
    "$right_large_first_button_icon_line|default": "§h§n",
    "$right_large_second_button_icon_line|default": "§h§o",
    "$right_list_right_text_line|default": "§h§p",
    "$right_main_line_not_clickable|default": "§h§j§-§b",
    "$right_main_line|default": "§h§j",
    "$right_main_text_line|default": "§h§k",
    "$right_sub_text_line|default": "§h§m",
    "$right_sub_title_line|default": "§h§l",
    "controls": [
      {
        "right_main_line@plutonium_buttons.faction_icon_button": {
          "$button_background_image_anchor_from": "left_middle",
          "$button_background_image_anchor_to": "left_middle",
          "$button_background_image_anims": [],
          "$button_image_offset": [
            6,
            0
          ],
          "$button_image_size": [
            16,
            16
          ],
          "$button_text_offset": [
            29,
            7
          ],
          "$content_anchor_from": "top_left",
          "$content_anchor_to": "top_left",
          "$size": [
            "105% + 1.5px",
            32.5
          ],
          "bindings": [
            {
              "binding_collection_name": "form_buttons",
              "binding_type": "collection_details"
            },
            {
              "binding_collection_name": "form_buttons",
              "binding_name": "#form_button_text",
              "binding_name_override": "#text",
              "binding_type": "collection"
            },
            {
              "binding_type": "view",
              "source_property_name": "((not ((#text - $right_main_line) = #text)) and ((#text - $right_main_line_not_clickable) = #text))",
              "target_property_name": "#visible"
            },
            {
              "binding_type": "view",
              "source_property_name": "((not ((#text - $right_main_line) = #text)) and ((#text - $right_main_line_not_clickable) = #text))",
              "target_property_name": "#enabled"
            }
          ],
          "offset": [
            20,
            -138
          ]
        }
      },
      {
        "right_main_line_not_clickable@plutonium_buttons.faction_icon_button": {
          "$button_background_image_anchor_from": "left_middle",
          "$button_background_image_anchor_to": "left_middle",
          "$button_background_image_anims": [
            "@plutonium_animations.anim_alpha",
            "@plutonium_animations.faction_icon_anim_size_5"
          ],
          "$button_image_offset": [
            6,
            0
          ],
          "$button_image_size": [
            16,
            16
          ],
          "$button_text_offset": [
            29,
            7
          ],
          "$content_anchor_from": "top_left",
          "$content_anchor_to": "top_left",
          "$hover_button_effect_visible": false,
          "$pressed_button_name": "",
          "$size": [
            "105% + 1.5px",
            32.5
          ],
          "bindings": [
            {
              "binding_collection_name": "form_buttons",
              "binding_type": "collection_details"
            },
            {
              "binding_collection_name": "form_buttons",
              "binding_name": "#form_button_text",
              "binding_name_override": "#text",
              "binding_type": "collection"
            },
            {
              "binding_type": "view",
              "source_property_name": "(not ((#text - $right_main_line_not_clickable) = #text))",
              "target_property_name": "#visible"
            },
            {
              "binding_type": "view",
              "source_property_name": "(not ((#text - $right_main_line_not_clickable) = #text))",
              "target_property_name": "#enabled"
            }
          ],
          "offset": [
            20,
            -138
          ]
        }
      },
      {
        "right_main_text_line@plutonium_buttons.default_button": {
          "$content_anchor_from": "center",
          "$content_anchor_to": "center",
          "$content_font_scale_factor": 0.6,
          "$hover_button_effect_visible": false,
          "$pressed_button_name": "",
          "$size": [
            "105% + 1.5px",
            32.5
          ],
          "bindings": [
            {
              "binding_collection_name": "form_buttons",
              "binding_type": "collection_details"
            },
            {
              "binding_collection_name": "form_buttons",
              "binding_name": "#form_button_text",
              "binding_name_override": "#text",
              "binding_type": "collection"
            },
            {
              "binding_type": "view",
              "source_property_name": "(not ((#text - $right_main_text_line) = #text))",
              "target_property_name": "#visible"
            },
            {
              "binding_type": "view",
              "source_property_name": "(not ((#text - $right_main_text_line) = #text))",
              "target_property_name": "#enabled"
            }
          ],
          "offset": [
            20,
            -138
          ]
        }
      },
      {
        "right_sub_title_line@plutonium_buttons.text_button": {
          "$content_anchor_from": "top_left",
          "$content_anchor_to": "top_left",
          "$content_font_scale_factor": 0.7,
          "bindings": [
            {
              "binding_collection_name": "form_buttons",
              "binding_type": "collection_details"
            },
            {
              "binding_collection_name": "form_buttons",
              "binding_name": "#form_button_text",
              "binding_name_override": "#text",
              "binding_type": "collection"
            },
            {
              "binding_type": "view",
              "source_property_name": "(not ((#text - $right_sub_title_line) = #text))",
              "target_property_name": "#visible"
            },
            {
              "binding_type": "view",
              "source_property_name": "(not ((#text - $right_sub_title_line) = #text))",
              "target_property_name": "#enabled"
            }
          ],
          "layer": 10,
          "offset": [
            49,
            -128
          ]
        }
      },
      {
        "right_sub_text_line@plutonium_buttons.text_button": {
          "$content_anchor_from": "top_left",
          "$content_anchor_to": "top_left",
          "$content_font_scale_factor": 0.5,
          "bindings": [
            {
              "binding_collection_name": "form_buttons",
              "binding_type": "collection_details"
            },
            {
              "binding_collection_name": "form_buttons",
              "binding_name": "#form_button_text",
              "binding_name_override": "#text",
              "binding_type": "collection"
            },
            {
              "binding_type": "view",
              "source_property_name": "(not ((#text - $right_sub_text_line) = #text))",
              "target_property_name": "#visible"
            },
            {
              "binding_type": "view",
              "source_property_name": "(not ((#text - $right_sub_text_line) = #text))",
              "target_property_name": "#enabled"
            }
          ],
          "layer": 10,
          "offset": [
            49,
            -140
          ]
        }
      },
      {
        "right_large_first_button_icon_line@plutonium_buttons.icon_button": {
          "anchor_from": "top_right",
          "anchor_to": "top_right",
          "bindings": [
            {
              "binding_collection_name": "form_buttons",
              "binding_type": "collection_details"
            },
            {
              "binding_collection_name": "form_buttons",
              "binding_name": "#form_button_text",
              "binding_name_override": "#text",
              "binding_type": "collection"
            },
            {
              "binding_type": "view",
              "source_property_name": "(not ((#text - $right_large_first_button_icon_line) = #text))",
              "target_property_name": "#visible"
            },
            {
              "binding_type": "view",
              "source_property_name": "(not ((#text - $right_large_first_button_icon_line) = #text))",
              "target_property_name": "#enabled"
            }
          ],
          "offset": [
            5,
            -144
          ]
        }
      },
      {
        "right_large_second_button_icon_line@plutonium_buttons.icon_button": {
          "anchor_from": "top_right",
          "anchor_to": "top_right",
          "bindings": [
            {
              "binding_collection_name": "form_buttons",
              "binding_type": "collection_details"
            },
            {
              "binding_collection_name": "form_buttons",
              "binding_name": "#form_button_text",
              "binding_name_override": "#text",
              "binding_type": "collection"
            },
            {
              "binding_type": "view",
              "source_property_name": "(not ((#text - $right_large_second_button_icon_line) = #text))",
              "target_property_name": "#visible"
            },
            {
              "binding_type": "view",
              "source_property_name": "(not ((#text - $right_large_second_button_icon_line) = #text))",
              "target_property_name": "#enabled"
            }
          ],
          "offset": [
            30,
            "-156.5px"
          ]
        }
      },
      {
        "right_list_right_text_line@plutonium_buttons.text_button": {
          "$content_anchor_from": "top_right",
          "$content_anchor_to": "top_right",
          "$content_font_scale_factor": 0.6,
          "bindings": [
            {
              "binding_collection_name": "form_buttons",
              "binding_type": "collection_details"
            },
            {
              "binding_collection_name": "form_buttons",
              "binding_name": "#form_button_text",
              "binding_name_override": "#text",
              "binding_type": "collection"
            },
            {
              "binding_type": "view",
              "source_property_name": "(not ((#text - $right_list_right_text_line) = #text))",
              "target_property_name": "#visible"
            },
            {
              "binding_type": "view",
              "source_property_name": "(not ((#text - $right_list_right_text_line) = #text))",
              "target_property_name": "#enabled"
            }
          ],
          "layer": 20,
          "offset": [
            13,
            -158
          ]
        }
      }
    ],
    "size": [
      "96% - 2px",
      12.5
    ],
    "type": "panel"
  },
  "long_form_dynamic_buttons_panel_list": {
    "$dynamic_button|default": "list_menu_full.list_dynamic_button",
    "anchor_from": "center",
    "anchor_to": "center",
    "bindings": [
      {
        "binding_name": "#form_button_length",
        "binding_name_override": "#collection_length"
      }
    ],
    "collection_name": "form_buttons",
    "factory": {
      "control_name": "$dynamic_button",
      "name": "buttons"
    },
    "offset": [
      -18,
      -12
    ],
    "orientation": "vertical",
    "size": [
      "100% - 4px",
      "100%c - 154.5px"
    ],
    "type": "stack_panel"
  },
  "main_panel": {
    "anchor_from": "center",
    "anchor_to": "center",
    "controls": [
      {
        "header@base_menu.header_panel": {
          "anchor_from": "top_middle",
          "anchor_to": "top_middle",
          "max_size": [
            "100% - 4px",
            20
          ]
        }
      },
      {
        "body": {
          "anchor_from": "center",
          "anchor_to": "center",
          "controls": [
            {
              "scrolling_panel@base_menu.scrolling_panel": {
                "$scrolling_content": "list_menu_full.long_form_dynamic_buttons_panel_list",
                "$scrolling_pane_offset": [
                  -144,
                  -2.5
                ],
                "offset": [
                  145,
                  12.5
                ],
                "size": [
                  "100% + 2px",
                  "100% + 0.25px"
                ]
              }
            }
          ],
          "size": [
            "90% + 4.5px",
            "100% - 24px"
          ],
          "type": "panel"
        }
      }
    ],
    "size": [
      375,
      205
    ],
    "type": "panel"
  },
  "namespace": "list_menu_full"
}