{
  "dynamic_button": {
    "$main_button_2_green_outline|default": "§h§d§l§a",
    "$main_button_2_orange_outline|default": "§h§d§l§b",
    "$main_button_2_red_outline|default": "§h§d§l§c",
    "$main_button_2|default": "§h§d",
    "$main_button_green_outline|default": "§h§c§l§a",
    "$main_button_orange_outline|default": "§h§c§l§b",
    "$main_button_red_outline|default": "§h§c§l§c",
    "$main_button|default": "§h§c",
    "$not_clickable|default": "§-§b",
    "controls": [
      {
        "main_button@plutonium_buttons.classic_button": {
          "$content_font_scale_factor": 0.9,
          "bindings": [
            {
              "binding_collection_name": "form_buttons",
              "binding_type": "collection_details"
            },
            {
              "binding_collection_name": "form_buttons",
              "binding_name": "#form_button_text",
              "binding_name_override": "#text",
              "binding_type": "collection"
            },
            {
              "binding_type": "view",
              "source_property_name": "((not ((#text - $main_button) = #text)) and ((#text - $not_clickable) = #text))",
              "target_property_name": "#visible"
            },
            {
              "binding_type": "view",
              "source_property_name": "((not ((#text - $main_button) = #text)) and ((#text - $not_clickable) = #text))",
              "target_property_name": "#enabled"
            }
          ],
          "enabled": false,
          "offset": [
            13.5,
            75.5
          ],
          "size": [
            119.5,
            17
          ],
          "visible": false
        }
      },
      {
        "main_button_not_clickable@plutonium_buttons.classic_button": {
          "$content_font_scale_factor": 0.9,
          "$hover_button_effect_visible": false,
          "$pressed_button_name": "",
          "bindings": [
            {
              "binding_collection_name": "form_buttons",
              "binding_type": "collection_details"
            },
            {
              "binding_collection_name": "form_buttons",
              "binding_name": "#form_button_text",
              "binding_name_override": "#text",
              "binding_type": "collection"
            },
            {
              "binding_type": "view",
              "source_property_name": "((not ((#text - $main_button) = #text)) and (not ((#text - $not_clickable) = #text)))",
              "target_property_name": "#visible"
            },
            {
              "binding_type": "view",
              "source_property_name": "((not ((#text - $main_button) = #text)) and (not ((#text - $not_clickable) = #text)))",
              "target_property_name": "#enabled"
            }
          ],
          "enabled": false,
          "offset": [
            13.5,
            75.5
          ],
          "size": [
            119.5,
            17
          ],
          "visible": false
        }
      },
      {
        "main_button_green_outline@plutonium_buttons.button_outline": {
          "$outline_color": "$2_color_format",
          "bindings": [
            {
              "binding_collection_name": "form_buttons",
              "binding_type": "collection_details"
            },
            {
              "binding_collection_name": "form_buttons",
              "binding_name": "#form_button_text",
              "binding_name_override": "#text",
              "binding_type": "collection"
            },
            {
              "binding_type": "view",
              "source_property_name": "(not ((#text - $main_button_green_outline) = #text))",
              "target_property_name": "#visible"
            },
            {
              "binding_type": "view",
              "source_property_name": "(not ((#text - $main_button_green_outline) = #text))",
              "target_property_name": "#enabled"
            }
          ],
          "enabled": false,
          "layer": 20,
          "offset": [
            71.25,
            84
          ],
          "size": [
            119.5,
            17
          ],
          "visible": false
        }
      },
      {
        "main_button_orange_outline@plutonium_buttons.button_outline": {
          "$outline_color": "$6_color_format",
          "bindings": [
            {
              "binding_collection_name": "form_buttons",
              "binding_type": "collection_details"
            },
            {
              "binding_collection_name": "form_buttons",
              "binding_name": "#form_button_text",
              "binding_name_override": "#text",
              "binding_type": "collection"
            },
            {
              "binding_type": "view",
              "source_property_name": "(not ((#text - $main_button_orange_outline) = #text))",
              "target_property_name": "#visible"
            },
            {
              "binding_type": "view",
              "source_property_name": "(not ((#text - $main_button_orange_outline) = #text))",
              "target_property_name": "#enabled"
            }
          ],
          "enabled": false,
          "layer": 20,
          "offset": [
            71.25,
            84
          ],
          "size": [
            119.5,
            17
          ],
          "visible": false
        }
      },
      {
        "main_button_red_outline@plutonium_buttons.button_outline": {
          "$outline_color": "$4_color_format",
          "bindings": [
            {
              "binding_collection_name": "form_buttons",
              "binding_type": "collection_details"
            },
            {
              "binding_collection_name": "form_buttons",
              "binding_name": "#form_button_text",
              "binding_name_override": "#text",
              "binding_type": "collection"
            },
            {
              "binding_type": "view",
              "source_property_name": "(not ((#text - $main_button_red_outline) = #text))",
              "target_property_name": "#visible"
            },
            {
              "binding_type": "view",
              "source_property_name": "(not ((#text - $main_button_red_outline) = #text))",
              "target_property_name": "#enabled"
            }
          ],
          "enabled": false,
          "layer": 20,
          "offset": [
            71.25,
            84
          ],
          "size": [
            119.5,
            17
          ],
          "visible": false
        }
      },
      {
        "main_button_2@plutonium_buttons.button_with_line": {
          "$content_font_scale_factor": 0.9,
          "bindings": [
            {
              "binding_collection_name": "form_buttons",
              "binding_type": "collection_details"
            },
            {
              "binding_collection_name": "form_buttons",
              "binding_name": "#form_button_text",
              "binding_name_override": "#text",
              "binding_type": "collection"
            },
            {
              "binding_type": "view",
              "source_property_name": "((not ((#text - $main_button_2) = #text)) and ((#text - $not_clickable) = #text))",
              "target_property_name": "#visible"
            },
            {
              "binding_type": "view",
              "source_property_name": "((not ((#text - $main_button_2) = #text)) and ((#text - $not_clickable) = #text))",
              "target_property_name": "#enabled"
            }
          ],
          "enabled": false,
          "offset": [
            73.5,
            -18.25
          ],
          "size": [
            119.5,
            17
          ],
          "visible": false
        }
      },
      {
        "main_button_2_not_clickable@plutonium_buttons.button_with_line": {
          "$content_font_scale_factor": 0.9,
          "$hover_button_effect_visible": false,
          "$ppressed_button_name": "",
          "bindings": [
            {
              "binding_collection_name": "form_buttons",
              "binding_type": "collection_details"
            },
            {
              "binding_collection_name": "form_buttons",
              "binding_name": "#form_button_text",
              "binding_name_override": "#text",
              "binding_type": "collection"
            },
            {
              "binding_type": "view",
              "source_property_name": "((not ((#text - $main_button_2) = #text)) and (not ((#text - $not_clickable) = #text)))",
              "target_property_name": "#visible"
            },
            {
              "binding_type": "view",
              "source_property_name": "((not ((#text - $main_button_2) = #text)) and (not ((#text - $not_clickable) = #text)))",
              "target_property_name": "#enabled"
            }
          ],
          "enabled": false,
          "offset": [
            73.5,
            -18.25
          ],
          "size": [
            119.5,
            17
          ],
          "visible": false
        }
      },
      {
        "main_button_2_green_outline@plutonium_buttons.button_outline": {
          "$outline_color": "$2_color_format",
          "bindings": [
            {
              "binding_collection_name": "form_buttons",
              "binding_type": "collection_details"
            },
            {
              "binding_collection_name": "form_buttons",
              "binding_name": "#form_button_text",
              "binding_name_override": "#text",
              "binding_type": "collection"
            },
            {
              "binding_type": "view",
              "source_property_name": "(not ((#text - $main_button_2_green_outline) = #text))",
              "target_property_name": "#visible"
            },
            {
              "binding_type": "view",
              "source_property_name": "(not ((#text - $main_button_2_green_outline) = #text))",
              "target_property_name": "#enabled"
            }
          ],
          "enabled": false,
          "layer": 20,
          "offset": [
            71.5,
            -18.25
          ],
          "size": [
            119.5,
            17
          ],
          "visible": false
        }
      },
      {
        "main_button_2_orange_outline@plutonium_buttons.button_outline": {
          "$outline_color": "$6_color_format",
          "bindings": [
            {
              "binding_collection_name": "form_buttons",
              "binding_type": "collection_details"
            },
            {
              "binding_collection_name": "form_buttons",
              "binding_name": "#form_button_text",
              "binding_name_override": "#text",
              "binding_type": "collection"
            },
            {
              "binding_type": "view",
              "source_property_name": "(not ((#text - $main_button_2_orange_outline) = #text))",
              "target_property_name": "#visible"
            },
            {
              "binding_type": "view",
              "source_property_name": "(not ((#text - $main_button_2_orange_outline) = #text))",
              "target_property_name": "#enabled"
            }
          ],
          "enabled": false,
          "layer": 20,
          "offset": [
            71.5,
            -18.25
          ],
          "size": [
            119.5,
            17
          ],
          "visible": false
        }
      },
      {
        "main_button_2_red_outline@plutonium_buttons.button_outline": {
          "$outline_color": "$4_color_format",
          "bindings": [
            {
              "binding_collection_name": "form_buttons",
              "binding_type": "collection_details"
            },
            {
              "binding_collection_name": "form_buttons",
              "binding_name": "#form_button_text",
              "binding_name_override": "#text",
              "binding_type": "collection"
            },
            {
              "binding_type": "view",
              "source_property_name": "(not ((#text - $main_button_2_red_outline) = #text))",
              "target_property_name": "#visible"
            },
            {
              "binding_type": "view",
              "source_property_name": "(not ((#text - $main_button_2_red_outline) = #text))",
              "target_property_name": "#enabled"
            }
          ],
          "enabled": false,
          "layer": 20,
          "offset": [
            71.5,
            -18.25
          ],
          "size": [
            119.5,
            17
          ],
          "visible": false
        }
      }
    ],
    "size": [
      0,
      0
    ],
    "type": "panel"
  },
  "left_dynamic_button": {
    "$faction_main|default": "§h§e",
    "$simple_text|default": "§h§g",
    "$sub_title|default": "§h§f",
    "controls": [
      {
        "faction_main@plutonium_buttons.faction_info_button": {
          "$button_text_size": [
            "100% - 30px",
            "100%"
          ],
          "bindings": [
            {
              "binding_collection_name": "form_buttons",
              "binding_type": "collection_details"
            },
            {
              "binding_collection_name": "form_buttons",
              "binding_name": "#form_button_text",
              "binding_name_override": "#text",
              "binding_type": "collection"
            },
            {
              "binding_type": "view",
              "source_property_name": "(not ((#text - $faction_main) = #text))",
              "target_property_name": "#visible"
            },
            {
              "binding_type": "view",
              "source_property_name": "(not ((#text - $faction_main) = #text))",
              "target_property_name": "#enabled"
            }
          ],
          "enabled": false,
          "offset": [
            -3,
            -118.5
          ],
          "visible": false
        }
      },
      {
        "sub_title@plutonium_buttons.text_button": {
          "$content_font_scale_factor": 0.8,
          "bindings": [
            {
              "binding_collection_name": "form_buttons",
              "binding_type": "collection_details"
            },
            {
              "binding_collection_name": "form_buttons",
              "binding_name": "#form_button_text",
              "binding_name_override": "#text",
              "binding_type": "collection"
            },
            {
              "binding_type": "view",
              "source_property_name": "(not ((#text - $sub_title) = #text))",
              "target_property_name": "#visible"
            },
            {
              "binding_type": "view",
              "source_property_name": "(not ((#text - $sub_title) = #text))",
              "target_property_name": "#enabled"
            }
          ],
          "enabled": false,
          "offset": [
            5,
            -120
          ],
          "size": [
            "100%",
            50
          ],
          "visible": false
        }
      },
      {
        "simple_text@plutonium_buttons.text_button": {
          "$content_anchor_from": "top_left",
          "$content_anchor_to": "top_left",
          "$content_font_scale_factor": 0.8,
          "bindings": [
            {
              "binding_collection_name": "form_buttons",
              "binding_type": "collection_details"
            },
            {
              "binding_collection_name": "form_buttons",
              "binding_name": "#form_button_text",
              "binding_name_override": "#text",
              "binding_type": "collection"
            },
            {
              "binding_type": "view",
              "source_property_name": "(not ((#text - $simple_text) = #text))",
              "target_property_name": "#visible"
            },
            {
              "binding_type": "view",
              "source_property_name": "(not ((#text - $simple_text) = #text))",
              "target_property_name": "#enabled"
            }
          ],
          "enabled": false,
          "offset": [
            10,
            -90
          ],
          "visible": false
        }
      }
    ],
    "size": [
      150,
      10
    ],
    "type": "panel"
  },
  "left_dynamic_button2": {
    "$large_text_2|default": "§h§i",
    "$large_text|default": "§h§h",
    "controls": [
      {
        "large_text@plutonium_buttons.text_button": {
          "$content_anchor_from": "top_left",
          "$content_anchor_to": "top_left",
          "$content_font_scale_factor": 1,
          "bindings": [
            {
              "binding_collection_name": "form_buttons",
              "binding_type": "collection_details"
            },
            {
              "binding_collection_name": "form_buttons",
              "binding_name": "#form_button_text",
              "binding_name_override": "#text",
              "binding_type": "collection"
            },
            {
              "binding_type": "view",
              "source_property_name": "(not ((#text - $large_text) = #text))",
              "target_property_name": "#visible"
            },
            {
              "binding_type": "view",
              "source_property_name": "(not ((#text - $large_text) = #text))",
              "target_property_name": "#enabled"
            }
          ],
          "enabled": false,
          "offset": [
            15,
            -350
          ],
          "visible": false
        }
      },
      {
        "large_text_2@plutonium_buttons.text_button": {
          "$content_anchor_from": "top_left",
          "$content_anchor_to": "top_left",
          "$content_font_scale_factor": 1,
          "bindings": [
            {
              "binding_collection_name": "form_buttons",
              "binding_type": "collection_details"
            },
            {
              "binding_collection_name": "form_buttons",
              "binding_name": "#form_button_text",
              "binding_name_override": "#text",
              "binding_type": "collection"
            },
            {
              "binding_type": "view",
              "source_property_name": "(not ((#text - $large_text_2) = #text))",
              "target_property_name": "#visible"
            },
            {
              "binding_type": "view",
              "source_property_name": "(not ((#text - $large_text_2) = #text))",
              "target_property_name": "#enabled"
            }
          ],
          "enabled": false,
          "offset": [
            15,
            -335
          ],
          "visible": false
        }
      }
    ],
    "size": [
      150,
      30
    ],
    "type": "panel"
  },
  "left_long_form_dynamic_buttons_panel": {
    "$dynamic_button|default": "list_menu.left_dynamic_button",
    "anchor_from": "top_left",
    "anchor_to": "top_left",
    "bindings": [
      {
        "binding_name": "#form_button_length",
        "binding_name_override": "#collection_length"
      }
    ],
    "collection_name": "form_buttons",
    "factory": {
      "control_name": "$dynamic_button",
      "name": "buttons"
    },
    "orientation": "vertical",
    "size": [
      "100% - 4px",
      "100%c"
    ],
    "type": "stack_panel"
  },
  "left_long_form_dynamic_buttons_panel2": {
    "$dynamic_button|default": "list_menu.left_dynamic_button2",
    "anchor_from": "top_left",
    "anchor_to": "top_left",
    "bindings": [
      {
        "binding_name": "#form_button_length",
        "binding_name_override": "#collection_length"
      }
    ],
    "collection_name": "form_buttons",
    "factory": {
      "control_name": "$dynamic_button",
      "name": "buttons"
    },
    "orientation": "vertical",
    "size": [
      "100% - 4px",
      "100%c"
    ],
    "type": "stack_panel"
  },
  "list_dynamic_button": {
    "$right_large_first_button_icon_line|default": "§h§n",
    "$right_large_second_button_icon_line|default": "§h§o",
    "$right_list_right_text_line|default": "§h§p",
    "$right_main_line_not_clickable|default": "§h§j§-§b",
    "$right_main_line|default": "§h§j",
    "$right_main_text_line|default": "§h§k",
    "$right_sub_text_line|default": "§h§m",
    "$right_sub_title_line|default": "§h§l",
    "controls": [
      {
        "right_main_line@plutonium_buttons.faction_icon_button": {
          "$button_background_image_anchor_from": "left_middle",
          "$button_background_image_anchor_to": "left_middle",
          "$button_background_image_anims": [],
          "$button_image_offset": [
            6,
            0
          ],
          "$button_image_size": [
            16,
            16
          ],
          "$button_text_offset": [
            29,
            7
          ],
          "$content_anchor_from": "top_left",
          "$content_anchor_to": "top_left",
          "$size": [
            "100%",
            32.5
          ],
          "bindings": [
            {
              "binding_collection_name": "form_buttons",
              "binding_type": "collection_details"
            },
            {
              "binding_collection_name": "form_buttons",
              "binding_name": "#form_button_text",
              "binding_name_override": "#text",
              "binding_type": "collection"
            },
            {
              "binding_type": "view",
              "source_property_name": "((not ((#text - $right_main_line) = #text)) and ((#text - $right_main_line_not_clickable) = #text))",
              "target_property_name": "#visible"
            },
            {
              "binding_type": "view",
              "source_property_name": "((not ((#text - $right_main_line) = #text)) and ((#text - $right_main_line_not_clickable) = #text))",
              "target_property_name": "#enabled"
            }
          ],
          "offset": [
            20,
            -196
          ]
        }
      },
      {
        "right_main_line_not_clickable@plutonium_buttons.faction_icon_button": {
          "$button_background_image_anchor_from": "left_middle",
          "$button_background_image_anchor_to": "left_middle",
          "$button_background_image_anims": [
            "@plutonium_animations.anim_alpha",
            "@plutonium_animations.faction_icon_anim_size_5"
          ],
          "$button_image_offset": [
            6,
            0
          ],
          "$button_image_size": [
            16,
            16
          ],
          "$button_text_offset": [
            29,
            7
          ],
          "$content_anchor_from": "top_left",
          "$content_anchor_to": "top_left",
          "$hover_button_effect_visible": false,
          "$pressed_button_name": "",
          "$size": [
            "100%",
            32.5
          ],
          "bindings": [
            {
              "binding_collection_name": "form_buttons",
              "binding_type": "collection_details"
            },
            {
              "binding_collection_name": "form_buttons",
              "binding_name": "#form_button_text",
              "binding_name_override": "#text",
              "binding_type": "collection"
            },
            {
              "binding_type": "view",
              "source_property_name": "(not ((#text - $right_main_line_not_clickable) = #text))",
              "target_property_name": "#visible"
            },
            {
              "binding_type": "view",
              "source_property_name": "(not ((#text - $right_main_line_not_clickable) = #text))",
              "target_property_name": "#enabled"
            }
          ],
          "offset": [
            20,
            -196
          ]
        }
      },
      {
        "right_main_text_line@plutonium_buttons.default_button": {
          "$content_anchor_from": "center",
          "$content_anchor_to": "center",
          "$content_font_scale_factor": 0.6,
          "$hover_button_effect_visible": false,
          "$pressed_button_name": "",
          "$size": [
            "100%",
            32.5
          ],
          "bindings": [
            {
              "binding_collection_name": "form_buttons",
              "binding_type": "collection_details"
            },
            {
              "binding_collection_name": "form_buttons",
              "binding_name": "#form_button_text",
              "binding_name_override": "#text",
              "binding_type": "collection"
            },
            {
              "binding_type": "view",
              "source_property_name": "(not ((#text - $right_main_text_line) = #text))",
              "target_property_name": "#visible"
            },
            {
              "binding_type": "view",
              "source_property_name": "(not ((#text - $right_main_text_line) = #text))",
              "target_property_name": "#enabled"
            }
          ],
          "offset": [
            20,
            -196
          ]
        }
      },
      {
        "right_sub_title_line@plutonium_buttons.text_button": {
          "$content_anchor_from": "top_left",
          "$content_anchor_to": "top_left",
          "$content_font_scale_factor": 0.7,
          "bindings": [
            {
              "binding_collection_name": "form_buttons",
              "binding_type": "collection_details"
            },
            {
              "binding_collection_name": "form_buttons",
              "binding_name": "#form_button_text",
              "binding_name_override": "#text",
              "binding_type": "collection"
            },
            {
              "binding_type": "view",
              "source_property_name": "(not ((#text - $right_sub_title_line) = #text))",
              "target_property_name": "#visible"
            },
            {
              "binding_type": "view",
              "source_property_name": "(not ((#text - $right_sub_title_line) = #text))",
              "target_property_name": "#enabled"
            }
          ],
          "layer": 10,
          "offset": [
            49,
            -193
          ]
        }
      },
      {
        "right_sub_text_line@plutonium_buttons.text_button": {
          "$content_anchor_from": "top_left",
          "$content_anchor_to": "top_left",
          "$content_font_scale_factor": 0.5,
          "bindings": [
            {
              "binding_collection_name": "form_buttons",
              "binding_type": "collection_details"
            },
            {
              "binding_collection_name": "form_buttons",
              "binding_name": "#form_button_text",
              "binding_name_override": "#text",
              "binding_type": "collection"
            },
            {
              "binding_type": "view",
              "source_property_name": "(not ((#text - $right_sub_text_line) = #text))",
              "target_property_name": "#visible"
            },
            {
              "binding_type": "view",
              "source_property_name": "(not ((#text - $right_sub_text_line) = #text))",
              "target_property_name": "#enabled"
            }
          ],
          "layer": 10,
          "offset": [
            49,
            -198
          ]
        }
      },
      {
        "right_large_second_button_icon_line@plutonium_buttons.icon_button": {
          "$content_anchor_from": "top_left",
          "$content_anchor_to": "top_left",
          "bindings": [
            {
              "binding_collection_name": "form_buttons",
              "binding_type": "collection_details"
            },
            {
              "binding_collection_name": "form_buttons",
              "binding_name": "#form_button_text",
              "binding_name_override": "#text",
              "binding_type": "collection"
            },
            {
              "binding_type": "view",
              "source_property_name": "(not ((#text - $right_large_second_button_icon_line) = #text))",
              "target_property_name": "#visible"
            },
            {
              "binding_type": "view",
              "source_property_name": "(not ((#text - $right_large_second_button_icon_line) = #text))",
              "target_property_name": "#enabled"
            }
          ],
          "offset": [
            163,
            "-202.25px"
          ]
        }
      },
      {
        "right_list_right_text_line@plutonium_buttons.text_button": {
          "$content_anchor_from": "top_right",
          "$content_anchor_to": "top_right",
          "$content_font_scale_factor": 0.6,
          "bindings": [
            {
              "binding_collection_name": "form_buttons",
              "binding_type": "collection_details"
            },
            {
              "binding_collection_name": "form_buttons",
              "binding_name": "#form_button_text",
              "binding_name_override": "#text",
              "binding_type": "collection"
            },
            {
              "binding_type": "view",
              "source_property_name": "(not ((#text - $right_list_right_text_line) = #text))",
              "target_property_name": "#visible"
            },
            {
              "binding_type": "view",
              "source_property_name": "(not ((#text - $right_list_right_text_line) = #text))",
              "target_property_name": "#enabled"
            }
          ],
          "layer": 20,
          "offset": [
            13,
            -216
          ]
        }
      }
    ],
    "size": [
      "90% + 2.75px",
      12.25
    ],
    "type": "panel"
  },
  "long_form_dynamic_buttons_panel": {
    "$dynamic_button|default": "list_menu.dynamic_button",
    "anchor_from": "center",
    "anchor_to": "center",
    "bindings": [
      {
        "binding_name": "#form_button_length",
        "binding_name_override": "#collection_length"
      }
    ],
    "collection_name": "form_buttons",
    "factory": {
      "control_name": "$dynamic_button",
      "name": "buttons"
    },
    "orientation": "vertical",
    "size": [
      "100% - 4px",
      "100%c"
    ],
    "type": "stack_panel"
  },
  "long_form_dynamic_buttons_panel_list": {
    "$dynamic_button|default": "list_menu.list_dynamic_button",
    "anchor_from": "center",
    "anchor_to": "center",
    "bindings": [
      {
        "binding_name": "#form_button_length",
        "binding_name_override": "#collection_length"
      }
    ],
    "collection_name": "form_buttons",
    "factory": {
      "control_name": "$dynamic_button",
      "name": "buttons"
    },
    "offset": [
      0,
      -12.25
    ],
    "orientation": "vertical",
    "size": [
      "100% - 4px",
      "100%c - 212.25px"
    ],
    "type": "stack_panel"
  },
  "main_panel": {
    "anchor_from": "center",
    "anchor_to": "center",
    "controls": [
      {
        "header@base_menu.header_panel": {
          "anchor_from": "top_middle",
          "anchor_to": "top_middle",
          "max_size": [
            "100% - 4px",
            20
          ]
        }
      },
      {
        "body": {
          "anchor_from": "center",
          "anchor_to": "center",
          "controls": [
            {
              "left_panel": {
                "controls": [
                  {
                    "background@base_menu.panel_background": {
                      "$background_color": [
                        0.1176470588235294,
                        0.1176470588235294,
                        0.1176470588235294
                      ],
                      "$background_size": [
                        "100% - 4px",
                        "100% - 4px"
                      ],
                      "offset": [
                        0,
                        -3
                      ]
                    }
                  },
                  {
                    "outline@base_menu.panel_outline": {
                      "$outline_color": [
                        0.1568627450980392,
                        0.1568627450980392,
                        0.1725490196078431
                      ],
                      "$outline_size": [
                        "100% - 2px",
                        "100% - 2px"
                      ],
                      "offset": [
                        0,
                        -3
                      ]
                    }
                  },
                  {
                    "left_long_form_dynamic_buttons_panel@list_menu.left_long_form_dynamic_buttons_panel": {
                      "offset": [
                        0,
                        0
                      ]
                    }
                  },
                  {
                    "left_long_form_dynamic_buttons_panel2@list_menu.left_long_form_dynamic_buttons_panel2": {
                      "offset": [
                        0,
                        0
                      ]
                    }
                  }
                ],
                "offset": [
                  -97.5,
                  12
                ],
                "size": [
                  "40% + 10px",
                  "100%"
                ],
                "type": "panel"
              }
            },
            {
              "scrolling_panel@base_menu.scrolling_panel": {
                "$scrolling_content": "list_menu.long_form_dynamic_buttons_panel_list",
                "$scrolling_pane_offset": [
                  -15,
                  -2.5
                ],
                "offset": [
                  147,
                  12.5
                ],
                "size": [
                  "65% - 8.75px",
                  "100% + 0.25px"
                ]
              }
            },
            {
              "long_form_dynamic_buttons_panel@list_menu.long_form_dynamic_buttons_panel": {}
            }
          ],
          "size": [
            "90% + 4.5px",
            "100% - 24px"
          ],
          "type": "panel"
        }
      }
    ],
    "size": [
      375,
      205
    ],
    "type": "panel"
  },
  "namespace": "list_menu"
}