{
  "dynamic_grid_content": {
    "controls": [
      {
        "grid_content": {
          "$button_to_show": "grid_tile",
          "bindings": [
            {
              "binding_name": "#form_button_length",
              "binding_name_override": "#maximum_grid_items"
            }
          ],
          "collection_name": "form_buttons",
          "grid_fill_direction": "horizontal",
          "grid_item_template": "small_grid.dynamic_grid_item",
          "grid_rescaling_type": "horizontal",
          "size": [
            "100% - 7px",
            "100%c"
          ],
          "type": "grid"
        }
      }
    ],
    "offset": [
      5,
      -551
    ],
    "orientation": "vertical",
    "size": [
      "101% + 4.75px",
      "100%c - 554.75px"
    ],
    "type": "stack_panel"
  },
  "dynamic_grid_item": {
    "$grid_button|default": "§h§c",
    "$panel_size": [
      "100%",
      "100%"
    ],
    "$utils_button|default": "§h§b",
    "bindings": [
      {
        "binding_collection_name": "form_buttons",
        "binding_type": "collection_details"
      }
    ],
    "controls": [
      {
        "button@plutonium_buttons.giant_button": {
          "$button_content_size": [
            "75%",
            "100%"
          ],
          "$button_text_offset": [
            -13,
            -10
          ],
          "$content_font_scale_factor": 1.3,
          "bindings": [
            {
              "binding_collection_name": "form_buttons",
              "binding_type": "collection_details"
            },
            {
              "binding_collection_name": "form_buttons",
              "binding_name": "#form_button_text",
              "binding_name_override": "#text",
              "binding_type": "collection"
            },
            {
              "binding_type": "view",
              "source_property_name": "(not((#text - $grid_button) = #text))",
              "target_property_name": "#visible"
            },
            {
              "binding_type": "view",
              "source_property_name": "(not((#text - $grid_button) = #text))",
              "target_property_name": "#enabled"
            }
          ],
          "size": [
            "100% - 4.25px",
            "100% - 4.25px"
          ]
        }
      }
    ],
    "size": [
      "50%",
      91.75
    ],
    "type": "panel"
  },
  "main_panel": {
    "anchor_from": "center",
    "anchor_to": "center",
    "controls": [
      {
        "header@base_menu.header_panel": {
          "anchor_from": "top_middle",
          "anchor_to": "top_middle",
          "max_size": [
            "100% - 4px",
            20
          ]
        }
      },
      {
        "body": {
          "anchor_from": "center",
          "anchor_to": "center",
          "controls": [
            {
              "scrolling_panel@base_menu.scrolling_panel": {
                "$scrolling_content": "small_grid.dynamic_grid_content",
                "offset": [
                  -2,
                  10
                ],
                "size": [
                  "100% + 5px",
                  "100% + 0.25px"
                ]
              }
            }
          ],
          "size": [
            "90% + 4.5px",
            "100% - 24px"
          ],
          "type": "panel"
        }
      }
    ],
    "size": [
      375,
      205
    ],
    "type": "panel"
  },
  "namespace": "small_grid"
}