{
  "dynamic_button": {
    "$big_button|default": "§h§c",
    "controls": [
      {
        "big_button@plutonium_buttons.big_button": {
          "bindings": [
            {
              "binding_collection_name": "form_buttons",
              "binding_type": "collection_details"
            },
            {
              "binding_collection_name": "form_buttons",
              "binding_name": "#form_button_text",
              "binding_name_override": "#text",
              "binding_type": "collection"
            },
            {
              "binding_type": "view",
              "source_property_name": "(not ((#text - $big_button) = #text))",
              "target_property_name": "#visible"
            },
            {
              "binding_type": "view",
              "source_property_name": "(not ((#text - $big_button) = #text))",
              "target_property_name": "#enabled"
            }
          ],
          "enabled": false,
          "offset": [
            -1875.5,
            -2.5
          ],
          "visible": false
        }
      }
    ],
    "size": [
      172,
      102
    ],
    "type": "panel"
  },
  "long_form_dynamic_buttons_panel": {
    "$dynamic_button|default": "two_big_buttons.dynamic_button",
    "anchor_from": "center",
    "anchor_to": "center",
    "bindings": [
      {
        "binding_name": "#form_button_length",
        "binding_name_override": "#collection_length"
      }
    ],
    "collection_name": "form_buttons",
    "factory": {
      "control_name": "$dynamic_button",
      "name": "buttons"
    },
    "orientation": "horizontal",
    "size": [
      "100% - 4px",
      "100%c"
    ],
    "type": "stack_panel"
  },
  "main_panel": {
    "anchor_from": "center",
    "anchor_to": "center",
    "controls": [
      {
        "header@base_menu.header_panel": {
          "anchor_from": "top_middle",
          "anchor_to": "top_middle",
          "max_size": [
            "100% - 4px",
            20
          ]
        }
      },
      {
        "body": {
          "anchor_from": "center",
          "anchor_to": "center",
          "controls": [
            {
              "long_form_dynamic_buttons_panel@two_big_buttons.long_form_dynamic_buttons_panel": {
                "layer": 2,
                "offset": [
                  -187.25,
                  636
                ]
              }
            }
          ],
          "size": [
            "90% + 4.5px",
            "100% - 24px"
          ],
          "type": "panel"
        }
      }
    ],
    "size": [
      375,
      205
    ],
    "type": "panel"
  },
  "namespace": "two_big_buttons"
}