{
  "format_version": "1.8.0",
  "minecraft:client_entity": {
    "description": {
      "geometry": {
        "default": "geometry.cubecraft.npc.battlearena.duels"
      },
      "identifier": "cubecraft:battlearena.duels",
      "materials": {
        "default": "entity_alphatest"
      },
      "render_controllers": [
        "controller.render.cubecraft.npc"
      ],
      "scripts": {
        "scale": "1"
      },
      "textures": {
        "default": "textures/npcs/battlearena.duels.texture"
      }
    }
  }
}