{
  "format_version": "1.8.0",
  "minecraft:client_entity": {
    "description": {
      "geometry": {
        "default": "geometry.cubecraft.npc.blockwars.giga"
      },
      "identifier": "cubecraft:blockwars.giga",
      "materials": {
        "default": "entity_alphatest"
      },
      "render_controllers": [
        "controller.render.agent"
      ],
      "scripts": {
        "scale": "1"
      },
      "textures": {
        "default": "textures/npcs/blockwars.giga.texture"
      }
    }
  }
}