{
  "format_version": "1.8.0",
  "minecraft:client_entity": {
    "description": {
      "geometry": {
        "default": "geometry.cubecraft.lobby.parkour.regular.npc"
      },
      "identifier": "cubecraft:parkour.regular.npc",
      "materials": {
        "default": "entity_alphatest"
      },
      "render_controllers": [
        "controller.render.cubecraft.npc"
      ],
      "scripts": {
        "scale": "1"
      },
      "textures": {
        "default": "textures/npcs/parkour_regular_npc"
      }
    }
  }
}