{
  "format_version": "1.8.0",
  "minecraft:client_entity": {
    "description": {
      "geometry": {
        "default": "geometry.cubecraft.npc.skywars.team4"
      },
      "identifier": "cubecraft:skywars.team4",
      "materials": {
        "default": "entity_alphatest"
      },
      "render_controllers": [
        "controller.render.cubecraft.npc"
      ],
      "scripts": {
        "scale": "1"
      },
      "textures": {
        "default": "textures/npcs/skywars.team4.texture"
      }
    }
  }
}