{
  "animations": {
    "animation.npc.nym.idle": {
      "animation_length": 3,
      "bones": {
        "Head": {
          "rotation": {
            "0.0": {
              "lerp_mode": "catmullrom",
              "post": [
                0,
                0,
                0
              ]
            },
            "1.5": {
              "lerp_mode": "catmullrom",
              "post": [
                2,
                1.5,
                0
              ]
            },
            "3.0": {
              "lerp_mode": "catmullrom",
              "post": [
                0,
                0,
                0
              ]
            }
          }
        },
        "LeftArm": {
          "rotation": {
            "0.0": {
              "lerp_mode": "catmullrom",
              "post": [
                0,
                0,
                0
              ]
            },
            "1.5": {
              "lerp_mode": "catmullrom",
              "post": [
                -2.5,
                0,
                -3
              ]
            },
            "3.0": {
              "lerp_mode": "catmullrom",
              "post": [
                0,
                0,
                0
              ]
            }
          }
        },
        "RightArm": {
          "rotation": {
            "0.0": {
              "lerp_mode": "catmullrom",
              "post": [
                0,
                0,
                0
              ]
            },
            "1.5": {
              "lerp_mode": "catmullrom",
              "post": [
                2.5,
                0,
                3
              ]
            },
            "3.0": {
              "lerp_mode": "catmullrom",
              "post": [
                0,
                0,
                0
              ]
            }
          }
        },
        "jaw": {
          "rotation": {
            "0.0": {
              "lerp_mode": "catmullrom",
              "post": [
                0,
                0,
                0
              ]
            },
            "1.5": {
              "lerp_mode": "catmullrom",
              "post": [
                5,
                0,
                0
              ]
            },
            "3.0": {
              "lerp_mode": "catmullrom",
              "post": [
                0,
                0,
                0
              ]
            }
          }
        },
        "wing_a": {
          "rotation": {
            "0.0": {
              "lerp_mode": "catmullrom",
              "post": [
                0,
                0,
                0
              ]
            },
            "1.5": {
              "lerp_mode": "catmullrom",
              "post": [
                0,
                30,
                0
              ]
            },
            "3.0": {
              "lerp_mode": "catmullrom",
              "post": [
                0,
                0,
                0
              ]
            }
          }
        },
        "wing_b": {
          "rotation": {
            "0.0": {
              "lerp_mode": "catmullrom",
              "post": [
                0,
                0,
                0
              ]
            },
            "1.5": {
              "lerp_mode": "catmullrom",
              "post": [
                0,
                -30,
                0
              ]
            },
            "3.0": {
              "lerp_mode": "catmullrom",
              "post": [
                0,
                0,
                0
              ]
            }
          }
        }
      },
      "loop": true
    }
  },
  "format_version": "1.8.0"
}