{
  "animations": {
    "animation.npc.humanoid.idle": {
      "animation_length": 3,
      "bones": {
        "LeftArm": {
          "rotation": {
            "0.0": [
              0,
              0,
              0
            ],
            "0.0833": [
              0,
              0,
              -0.1
            ],
            "0.1667": [
              0,
              0,
              -0.23
            ],
            "0.25": [
              0,
              0,
              -0.4
            ],
            "0.3333": [
              0,
              0,
              -0.58
            ],
            "0.4167": [
              0,
              0,
              -0.78
            ],
            "0.5": [
              0,
              0,
              -1
            ],
            "0.5833": [
              0,
              0,
              -1.23
            ],
            "0.6667": [
              0,
              0,
              -1.46
            ],
            "0.75": [
              0,
              0,
              -1.69
            ],
            "0.8333": [
              0,
              0,
              -1.91
            ],
            "0.9167": [
              0,
              0,
              -2.13
            ],
            "1.0": [
              0,
              0,
              -2.33
            ],
            "1.0833": [
              0,
              0,
              -2.52
            ],
            "1.1667": [
              0,
              0,
              -2.68
            ],
            "1.25": [
              0,
              0,
              -2.81
            ],
            "1.3333": [
              0,
              0,
              -2.91
            ],
            "1.4167": [
              0,
              0,
              -2.98
            ],
            "1.5": [
              0,
              0,
              -3
            ],
            "1.5833": [
              0,
              0,
              -2.98
            ],
            "1.6667": [
              0,
              0,
              -2.91
            ],
            "1.75": [
              0,
              0,
              -2.81
            ],
            "1.8333": [
              0,
              0,
              -2.68
            ],
            "1.9167": [
              0,
              0,
              -2.52
            ],
            "2.0": [
              0,
              0,
              -2.33
            ],
            "2.0833": [
              0,
              0,
              -2.13
            ],
            "2.1667": [
              0,
              0,
              -1.91
            ],
            "2.25": [
              0,
              0,
              -1.69
            ],
            "2.3333": [
              0,
              0,
              -1.46
            ],
            "2.4167": [
              0,
              0,
              -1.23
            ],
            "2.5": [
              0,
              0,
              -1
            ],
            "2.5833": [
              0,
              0,
              -0.78
            ],
            "2.6667": [
              0,
              0,
              -0.58
            ],
            "2.75": [
              0,
              0,
              -0.4
            ],
            "2.8333": [
              0,
              0,
              -0.23
            ],
            "2.9167": [
              0,
              0,
              -0.1
            ],
            "3.0": [
              0,
              0,
              0
            ]
          }
        },
        "RightArm": {
          "rotation": {
            "0.0": [
              0,
              0,
              0
            ],
            "0.0833": [
              0,
              0,
              0.1
            ],
            "0.1667": [
              0,
              0,
              0.23
            ],
            "0.25": [
              0,
              0,
              0.4
            ],
            "0.3333": [
              0,
              0,
              0.58
            ],
            "0.4167": [
              0,
              0,
              0.78
            ],
            "0.5": [
              0,
              0,
              1
            ],
            "0.5833": [
              0,
              0,
              1.23
            ],
            "0.6667": [
              0,
              0,
              1.46
            ],
            "0.75": [
              0,
              0,
              1.69
            ],
            "0.8333": [
              0,
              0,
              1.91
            ],
            "0.9167": [
              0,
              0,
              2.13
            ],
            "1.0": [
              0,
              0,
              2.33
            ],
            "1.0833": [
              0,
              0,
              2.52
            ],
            "1.1667": [
              0,
              0,
              2.68
            ],
            "1.25": [
              0,
              0,
              2.81
            ],
            "1.3333": [
              0,
              0,
              2.91
            ],
            "1.4167": [
              0,
              0,
              2.98
            ],
            "1.5": [
              0,
              0,
              3
            ],
            "1.5833": [
              0,
              0,
              2.98
            ],
            "1.6667": [
              0,
              0,
              2.91
            ],
            "1.75": [
              0,
              0,
              2.81
            ],
            "1.8333": [
              0,
              0,
              2.68
            ],
            "1.9167": [
              0,
              0,
              2.52
            ],
            "2.0": [
              0,
              0,
              2.33
            ],
            "2.0833": [
              0,
              0,
              2.13
            ],
            "2.1667": [
              0,
              0,
              1.91
            ],
            "2.25": [
              0,
              0,
              1.69
            ],
            "2.3333": [
              0,
              0,
              1.46
            ],
            "2.4167": [
              0,
              0,
              1.23
            ],
            "2.5": [
              0,
              0,
              1
            ],
            "2.5833": [
              0,
              0,
              0.78
            ],
            "2.6667": [
              0,
              0,
              0.58
            ],
            "2.75": [
              0,
              0,
              0.4
            ],
            "2.8333": [
              0,
              0,
              0.23
            ],
            "2.9167": [
              0,
              0,
              0.1
            ],
            "3.0": [
              0,
              0,
              0
            ]
          }
        }
      },
      "loop": true
    },
    "animation.npc.humanoid.walk": {
      "animation_length": 0.83333,
      "bones": {
        "LeftArm": {
          "position": [
            0,
            0,
            0
          ],
          "rotation": {
            "0.0": [
              0,
              0,
              0
            ],
            "0.2083": [
              117.5,
              0,
              0
            ],
            "0.625": [
              -117.5,
              0,
              0
            ],
            "0.8333": [
              0,
              0,
              0
            ]
          },
          "scale": 1
        },
        "LeftLeg": {
          "position": [
            0,
            0,
            0
          ],
          "rotation": {
            "0.0": [
              0,
              0,
              0
            ],
            "0.2083": [
              -115,
              0,
              0
            ],
            "0.625": [
              115,
              0,
              0
            ],
            "0.8333": [
              0,
              0,
              0
            ]
          },
          "scale": 1
        },
        "RightArm": {
          "position": [
            0,
            0,
            0
          ],
          "rotation": {
            "0.0": [
              0,
              0,
              0
            ],
            "0.2083": [
              -122.5,
              0,
              0
            ],
            "0.625": [
              122.5,
              0,
              0
            ],
            "0.8333": [
              0,
              0,
              0
            ]
          },
          "scale": 1
        },
        "RightLeg": {
          "position": [
            0,
            0,
            0
          ],
          "rotation": {
            "0.0": [
              0,
              0,
              0
            ],
            "0.2083": [
              115,
              0,
              0
            ],
            "0.625": [
              -115,
              0,
              0
            ],
            "0.8333": [
              0,
              0,
              0
            ]
          },
          "scale": 1
        }
      },
      "loop": true
    },
    "animation.npc.humanoid.wave": {
      "animation_length": 2.04167,
      "bones": {
        "LeftArm": {
          "position": {
            "0.0": [
              0,
              0,
              0
            ],
            "2.0": [
              0,
              0,
              0
            ]
          },
          "rotation": {
            "0.0": [
              0,
              0,
              0
            ],
            "0.4167": {
              "lerp_mode": "catmullrom",
              "post": [
                0,
                0,
                -145
              ],
              "pre": [
                0,
                0,
                -145
              ]
            },
            "0.6667": {
              "lerp_mode": "catmullrom",
              "post": [
                0,
                0,
                -120
              ]
            },
            "0.9583": {
              "lerp_mode": "catmullrom",
              "post": [
                0,
                0,
                -145
              ]
            },
            "1.25": {
              "lerp_mode": "catmullrom",
              "post": [
                0,
                0,
                -120
              ]
            },
            "1.5417": {
              "lerp_mode": "catmullrom",
              "post": [
                0,
                0,
                -145
              ]
            },
            "2.0": [
              0,
              0,
              0
            ]
          },
          "scale": {
            "0.0": [
              1,
              1,
              1
            ],
            "2.0": [
              1,
              1,
              1
            ]
          }
        }
      }
    }
  },
  "format_version": "1.8.0"
}