{
  "animations": {
    "animation.npc.wurg.idle": {
      "animation_length": 2,
      "bones": {
        "head": {
          "rotation": {
            "0.0": {
              "lerp_mode": "catmullrom",
              "post": [
                0,
                0,
                0
              ]
            },
            "1.0": {
              "lerp_mode": "catmullrom",
              "post": [
                -1,
                0,
                0
              ]
            },
            "2.0": {
              "lerp_mode": "catmullrom",
              "post": [
                0,
                0,
                0
              ]
            }
          }
        },
        "left_shoulder": {
          "rotation": {
            "0.0": {
              "lerp_mode": "catmullrom",
              "post": [
                0,
                0,
                0
              ]
            },
            "1.0": {
              "lerp_mode": "catmullrom",
              "post": [
                1,
                0,
                -1
              ]
            },
            "2.0": {
              "lerp_mode": "catmullrom",
              "post": [
                0,
                0,
                0
              ]
            }
          }
        },
        "right_shoulder": {
          "rotation": {
            "0.0": {
              "lerp_mode": "catmullrom",
              "post": [
                0,
                0,
                0
              ]
            },
            "1.0": {
              "lerp_mode": "catmullrom",
              "post": [
                -1,
                0,
                0.5
              ]
            },
            "2.0": {
              "lerp_mode": "catmullrom",
              "post": [
                0,
                0,
                0
              ]
            }
          }
        }
      },
      "loop": true
    },
    "animation.npc.wurg.magiccauldron": {
      "animation_length": 7.83333,
      "bones": {
        "left_shoulder": {
          "rotation": {
            "0.0": [
              0,
              0,
              0
            ],
            "0.9167": [
              -93.38889,
              -54.90474,
              -34.67805
            ],
            "1.0": [
              -93.38889,
              -54.90474,
              -34.67805
            ],
            "1.5": [
              -102.00835,
              -22.11793,
              -12.16563
            ],
            "2.0": [
              -93.38889,
              -54.90474,
              -34.67805
            ],
            "2.5": [
              -102.00835,
              -22.11793,
              -12.16563
            ],
            "3.0": [
              -93.38889,
              -54.90474,
              -34.67805
            ],
            "3.5": [
              -102.00835,
              -22.11793,
              -12.16563
            ],
            "4.0": [
              -93.38889,
              -54.90474,
              -34.67805
            ],
            "4.5": [
              -102.00835,
              -22.11793,
              -12.16563
            ],
            "5.0": [
              -93.38889,
              -54.90474,
              -34.67805
            ],
            "5.5": [
              -102.00835,
              -22.11793,
              -12.16563
            ],
            "6.0": [
              -93.38889,
              -54.90474,
              -34.67805
            ],
            "6.5": [
              -102.00835,
              -22.11793,
              -12.16563
            ],
            "7.0": [
              -93.38889,
              -54.90474,
              -34.67805
            ],
            "7.7917": [
              0,
              0,
              0
            ]
          }
        },
        "right_shoulder": {
          "rotation": {
            "0.0": [
              0,
              0,
              0
            ],
            "0.9167": [
              -101.16896,
              44.09082,
              42.85301
            ],
            "1.0": [
              -101.16896,
              44.09082,
              42.85301
            ],
            "1.5": [
              -110.64208,
              19.65939,
              17.62768
            ],
            "2.0": [
              -101.16896,
              44.09082,
              42.85301
            ],
            "2.5": [
              -110.64208,
              19.65939,
              17.62768
            ],
            "3.0": [
              -101.16896,
              44.09082,
              42.85301
            ],
            "3.5": [
              -110.64208,
              19.65939,
              17.62768
            ],
            "4.0": [
              -101.16896,
              44.09082,
              42.85301
            ],
            "4.5": [
              -110.64208,
              19.65939,
              17.62768
            ],
            "5.0": [
              -101.16896,
              44.09082,
              42.85301
            ],
            "5.5": [
              -110.64208,
              19.65939,
              17.62768
            ],
            "6.0": [
              -101.16896,
              44.09082,
              42.85301
            ],
            "6.5": [
              -110.64208,
              19.65939,
              17.62768
            ],
            "7.0": [
              -101.16896,
              44.09082,
              42.85301
            ],
            "7.7917": [
              0,
              0,
              0
            ]
          }
        }
      }
    }
  },
  "format_version": "1.8.0"
}