{
  "animation_controllers": {
    "controller.animation.buddy.generic.nomove": {
      "initial_state": "default",
      "states": {
        "default": {
          "animations": [
            "idle"
          ]
        }
      }
    },
    "controller.animation.buddy.rcplane": {
      "initial_state": "default",
      "states": {
        "default": {
          "animations": [
            "idle"
          ],
          "transitions": [
            {
              "walk": "query.modified_move_speed > 0.05 && query.all_animations_finished"
            }
          ]
        },
        "walk": {
          "animations": [
            "move"
          ],
          "blend_transition": 0.3,
          "transitions": [
            {
              "default": "query.modified_move_speed <= 0.05"
            }
          ]
        }
      }
    }
  },
  "format_version": "1.10.0"
}