{
  "animation_controllers": {
    "controller.animation.chestskin.loop": {
      "initial_state": "close",
      "states": {
        "close": {
          "animations": [
            "close",
            "loop_delay"
          ],
          "transitions": [
            {
              "open": "query.all_animations_finished"
            }
          ]
        },
        "open": {
          "animations": [
            "open",
            "loop_delay"
          ],
          "transitions": [
            {
              "close": "query.all_animations_finished"
            }
          ]
        }
      }
    },
    "controller.animation.chestskin.openable": {
      "initial_state": "idle",
      "states": {
        "close": {
          "animations": [
            "close"
          ],
          "transitions": [
            {
              "idle": "query.any_animation_finished"
            }
          ]
        },
        "idle": {
          "transitions": [
            {
              "open": "query.is_illager_captain"
            }
          ]
        },
        "open": {
          "animations": [
            "open"
          ],
          "transitions": [
            {
              "close": "!query.is_illager_captain"
            }
          ]
        }
      }
    }
  },
  "format_version": "1.10.0"
}