{
  "animation_controllers": {
    "controller.animation.eggwarsgenerator": {
      "initial_state": "broken",
      "states": {
        "broken": {
          "animations": [
            "broken"
          ],
          "transitions": [
            {
              "output": "query.is_baby"
            },
            {
              "overloaded": "query.is_saddled"
            },
            {
              "empty": "query.is_illager_captain"
            }
          ]
        },
        "empty": {
          "animations": [
            "empty"
          ],
          "transitions": [
            {
              "output": "query.is_baby"
            },
            {
              "overloaded": "query.is_saddled"
            }
          ]
        },
        "output": {
          "animations": [
            "output"
          ],
          "transitions": [
            {
              "empty": "query.any_animation_finished && query.is_illager_captain"
            },
            {
              "broken": "query.any_animation_finished"
            }
          ]
        },
        "overloaded": {
          "animations": [
            "overloaded"
          ]
        }
      }
    }
  },
  "format_version": "1.10.0"
}