{"format_version":"1.12.0","minecraft:geometry":[{"bones":[{"cubes":[{"origin":[-19,11,-24],"size":[38,5,48],"uv":{"down":{"uv":[38,48],"uv_size":[38,-48]},"east":{"uv":[68,48],"uv_size":[48,5]},"north":{"uv":[76,0],"uv_size":[38,5]},"south":{"uv":[76,5],"uv_size":[38,5]},"up":{"uv":[0,0],"uv_size":[38,48]},"west":{"uv":[68,53],"uv_size":[48,5]}}},{"origin":[19,16,-24],"size":[0,2,48],"uv":{"down":{"uv":[0,48],"uv_size":[0,-48]},"east":{"uv":[76,42],"uv_size":[48,2]},"north":{"uv":[0,0],"uv_size":[0,2]},"south":{"uv":[0,0],"uv_size":[0,2]},"up":{"uv":[0,0],"uv_size":[0,48]},"west":{"uv":[76,44],"uv_size":[48,2]}}},{"origin":[-19,16,-24],"size":[0,2,48],"uv":{"down":{"uv":[0,48],"uv_size":[0,-48]},"east":{"uv":[124,44],"uv_size":[-48,2]},"north":{"uv":[0,0],"uv_size":[0,2]},"south":{"uv":[0,0],"uv_size":[0,2]},"up":{"uv":[0,0],"uv_size":[0,48]},"west":{"uv":[124,42],"uv_size":[-48,2]}}},{"origin":[-19,16,24],"size":[38,2,0],"uv":{"down":{"uv":[0,0],"uv_size":[38,0]},"east":{"uv":[0,0],"uv_size":[0,2]},"north":{"uv":[76,46],"uv_size":[38,2]},"south":{"uv":[70,76],"uv_size":[38,2]},"up":{"uv":[0,0],"uv_size":[38,0]},"west":{"uv":[0,0],"uv_size":[0,2]}}},{"origin":[-19,16,-24],"size":[38,2,0],"uv":{"down":{"uv":[0,0],"uv_size":[38,0]},"east":{"uv":[0,0],"uv_size":[0,2]},"north":{"uv":[70,78],"uv_size":[38,2]},"south":{"uv":[0,80],"uv_size":[38,2]},"up":{"uv":[0,0],"uv_size":[38,0]},"west":{"uv":[0,0],"uv_size":[0,2]}}},{"origin":[-18,0,-23],"size":[36,4,6],"uv":{"down":{"uv":[68,70],"uv_size":[36,-6]},"east":{"uv":[36,72],"uv_size":[6,4]},"north":{"uv":[76,10],"uv_size":[36,4]},"south":{"uv":[76,14],"uv_size":[36,4]},"up":{"uv":[68,58],"uv_size":[36,6]},"west":{"uv":[42,72],"uv_size":[6,4]}}},{"origin":[-17,0,-22],"size":[34,12,4],"uv":{"down":{"uv":[76,34],"uv_size":[34,-4]},"east":{"uv":[0,82],"uv_size":[4,12]},"north":{"uv":[0,48],"uv_size":[34,12]},"south":{"uv":[34,48],"uv_size":[34,12]},"up":{"uv":[76,26],"uv_size":[34,4]},"west":{"uv":[4,82],"uv_size":[4,12]}}},{"origin":[-17,0,18],"size":[34,12,4],"uv":{"down":{"uv":[36,80],"uv_size":[34,-4]},"east":{"uv":[8,82],"uv_size":[4,12]},"north":{"uv":[0,60],"uv_size":[34,12]},"south":{"uv":[34,60],"uv_size":[34,12]},"up":{"uv":[76,34],"uv_size":[34,4]},"west":{"uv":[12,82],"uv_size":[4,12]}}},{"origin":[-18,0,17],"size":[36,4,6],"uv":{"down":{"uv":[0,78],"uv_size":[36,-6]},"east":{"uv":[32,82],"uv_size":[6,4]},"north":{"uv":[76,18],"uv_size":[36,4]},"south":{"uv":[76,22],"uv_size":[36,4]},"up":{"uv":[68,70],"uv_size":[36,6]},"west":{"uv":[32,86],"uv_size":[6,4]}}}],"name":"bb_main","pivot":[0,0,0]},{"cubes":[{"origin":[-1,20,-14],"size":[2,3,2],"uv":{"down":{"uv":[34,80],"uv_size":[2,-2]},"east":{"uv":[66,72],"uv_size":[2,3]},"north":{"uv":[64,72],"uv_size":[2,3]},"south":{"uv":[86,86],"uv_size":[2,3]},"up":{"uv":[32,78],"uv_size":[2,2]},"west":{"uv":[16,88],"uv_size":[2,3]}}},{"origin":[-4,17,-17],"size":[8,3,8],"uv":{"down":{"uv":[46,88],"uv_size":[8,-8]},"east":{"uv":[56,72],"uv_size":[8,3]},"north":{"uv":[48,72],"uv_size":[8,3]},"south":{"uv":[16,82],"uv_size":[8,3]},"up":{"uv":[38,80],"uv_size":[8,8]},"west":{"uv":[24,82],"uv_size":[8,3]}}}],"name":"bone","pivot":[0,-2,-13]},{"cubes":[{"origin":[-6,20,13],"size":[2,3,2],"uv":{"down":{"uv":[28,90],"uv_size":[2,-2]},"east":{"uv":[20,88],"uv_size":[2,3]},"north":{"uv":[18,88],"uv_size":[2,3]},"south":{"uv":[22,88],"uv_size":[2,3]},"up":{"uv":[26,88],"uv_size":[2,2]},"west":{"uv":[24,88],"uv_size":[2,3]}}},{"origin":[-9,17,10],"size":[8,3,8],"uv":{"down":{"uv":[62,88],"uv_size":[8,-8]},"east":{"uv":[24,85],"uv_size":[8,3]},"north":{"uv":[16,85],"uv_size":[8,3]},"south":{"uv":[86,80],"uv_size":[8,3]},"up":{"uv":[54,80],"uv_size":[8,8]},"west":{"uv":[86,83],"uv_size":[8,3]}}},{"origin":[-9,17,-4],"size":[8,2,8],"uv":{"down":{"uv":[78,88],"uv_size":[8,-8]},"east":{"uv":[8,78],"uv_size":[8,2]},"north":{"uv":[0,78],"uv_size":[8,2]},"south":{"uv":[16,78],"uv_size":[8,2]},"up":{"uv":[70,80],"uv_size":[8,8]},"west":{"uv":[24,78],"uv_size":[8,2]}}}],"name":"bone2","pivot":[-5,-2,14]}],"description":{"identifier":"geometry.airhockey","texture_height":128,"texture_width":128,"visible_bounds_height":2.5,"visible_bounds_offset":[0,0.75,0],"visible_bounds_width":5}}]}