{"format_version":"1.12.0","minecraft:geometry":[{"bones":[{"cubes":[{"origin":[-7.5,21.68629,-3],"pivot":[0,29.18629,0],"rotation":[0,0,45],"size":[15,15,6],"uv":{"down":{"uv":[48,52],"uv_size":[15,-6]},"east":{"uv":[0,47],"uv_size":[6,15]},"north":{"uv":[0,32],"uv_size":[15,15]},"south":{"uv":[32,0],"uv_size":[15,15]},"up":{"uv":[48,40],"uv_size":[15,6]},"west":{"uv":[47,0],"uv_size":[6,15]}}},{"origin":[-6.5,22.68629,-4],"pivot":[0,29.18629,0],"rotation":[0,0,45],"size":[13,13,8],"uv":{"down":{"uv":[45,23],"uv_size":[13,-8]},"east":{"uv":[40,40],"uv_size":[8,13]},"north":{"uv":[15,32],"uv_size":[13,13]},"south":{"uv":[32,15],"uv_size":[13,13]},"up":{"uv":[15,45],"uv_size":[13,8]},"west":{"uv":[28,44],"uv_size":[8,13]}}}],"locators":{"particle":[0,30,0]},"name":"crystal","pivot":[0,29.18629,0]},{"cubes":[{"origin":[-41.87058,19.68629,25.69425],"pivot":[-21.37058,29.18629,27.69425],"rotation":[0,0,90],"size":[9,4,4],"uv":{"down":{"uv":[63,44],"uv_size":[9,-4]},"east":{"uv":[32,28],"uv_size":[4,4]},"north":{"uv":[16,61],"uv_size":[9,4]},"south":{"uv":[25,61],"uv_size":[9,4]},"up":{"uv":[34,61],"uv_size":[9,4]},"west":{"uv":[36,28],"uv_size":[4,4]}}}],"name":"bone8","pivot":[0.5,35.18629,21.5]},{"cubes":[{"origin":[-20.75827,34.68629,-4.45202],"pivot":[-0.25827,29.18629,-2.45202],"rotation":[0,0,90],"size":[9,4,4],"uv":{"down":{"uv":[64,64],"uv_size":[9,-4]},"east":{"uv":[36,44],"uv_size":[4,4]},"north":{"uv":[63,44],"uv_size":[9,4]},"south":{"uv":[63,48],"uv_size":[9,4]},"up":{"uv":[54,64],"uv_size":[9,4]},"west":{"uv":[45,23],"uv_size":[4,4]}}}],"name":"bone9","pivot":[-9.5,26.18629,0.5]},{"cubes":[{"origin":[-25,26.68629,-1.1],"pivot":[0,29.18629,0],"rotation":[0,0,90],"size":[10,4,4],"uv":{"down":{"uv":[6,65],"uv_size":[10,-4]},"east":{"uv":[36,48],"uv_size":[4,4]},"north":{"uv":[36,53],"uv_size":[10,4]},"south":{"uv":[59,7],"uv_size":[10,4]},"up":{"uv":[54,60],"uv_size":[10,4]},"west":{"uv":[44,57],"uv_size":[4,4]}}}],"name":"bone4","pivot":[0,49.68629,0.5]},{"cubes":[{"origin":[-3,2,-3],"size":[6,13,6],"uv":{"down":{"uv":[63,70],"uv_size":[6,-6]},"east":{"uv":[52,23],"uv_size":[6,13]},"north":{"uv":[6,47],"uv_size":[6,13]},"south":{"uv":[48,52],"uv_size":[6,13]},"up":{"uv":[0,62],"uv_size":[6,6]},"west":{"uv":[53,0],"uv_size":[6,13]}}},{"origin":[-4,8,-4],"size":[8,7,8],"uv":{"down":{"uv":[20,61],"uv_size":[8,-8]},"east":{"uv":[58,20],"uv_size":[8,7]},"north":{"uv":[58,13],"uv_size":[8,7]},"south":{"uv":[58,27],"uv_size":[8,7]},"up":{"uv":[12,53],"uv_size":[8,8]},"west":{"uv":[59,0],"uv_size":[8,7]}}},{"origin":[-6,0,-6],"size":[12,2,12],"uv":{"down":{"uv":[40,40],"uv_size":[12,-12]},"east":{"uv":[67,2],"uv_size":[12,2]},"north":{"uv":[67,0],"uv_size":[12,2]},"south":{"uv":[67,4],"uv_size":[12,2]},"up":{"uv":[28,32],"uv_size":[12,12]},"west":{"uv":[6,67],"uv_size":[12,2]}}},{"origin":[-8,14,-8],"size":[16,2,16],"uv":{"down":{"uv":[0,32],"uv_size":[16,-16]},"east":{"uv":[59,11],"uv_size":[16,2]},"north":{"uv":[58,34],"uv_size":[16,2]},"south":{"uv":[6,65],"uv_size":[16,2]},"up":{"uv":[0,0],"uv_size":[16,16]},"west":{"uv":[22,65],"uv_size":[16,2]}}},{"origin":[-8.21491,13.59204,-8.0888],"pivot":[-8.91536,14.3439,-8.6062],"rotation":[11.76782,4.2453,-19.5623],"size":[2,5,2],"uv":{"down":{"uv":[69,8],"uv_size":[2,-2]},"east":{"uv":[49,23],"uv_size":[2,5]},"north":{"uv":[12,47],"uv_size":[2,5]},"south":{"uv":[51,65],"uv_size":[2,5]},"up":{"uv":[6,69],"uv_size":[2,2]},"west":{"uv":[26,67],"uv_size":[2,5]}}},{"origin":[6.21491,13.59204,-8.0888],"pivot":[8.91536,14.3439,-8.6062],"rotation":[11.76782,-4.2453,19.5623],"size":[2,5,2],"uv":{"down":{"uv":[69,10],"uv_size":[2,-2]},"east":{"uv":[30,67],"uv_size":[2,5]},"north":{"uv":[28,67],"uv_size":[2,5]},"south":{"uv":[32,67],"uv_size":[2,5]},"up":{"uv":[8,69],"uv_size":[2,2]},"west":{"uv":[34,67],"uv_size":[2,5]}}},{"origin":[-8.21491,13.59204,6.0888],"pivot":[-8.91536,14.3439,8.6062],"rotation":[-11.76782,-4.2453,-19.5623],"size":[2,5,2],"uv":{"down":{"uv":[18,71],"uv_size":[-2,-2]},"east":{"uv":[42,68],"uv_size":[-2,5]},"north":{"uv":[40,68],"uv_size":[-2,5]},"south":{"uv":[44,68],"uv_size":[-2,5]},"up":{"uv":[16,69],"uv_size":[-2,2]},"west":{"uv":[46,68],"uv_size":[-2,5]}}},{"origin":[6.21491,13.59204,6.0888],"pivot":[8.91536,14.3439,8.6062],"rotation":[-11.76782,4.2453,19.5623],"size":[2,5,2],"uv":{"down":{"uv":[14,71],"uv_size":[-2,-2]},"east":{"uv":[2,68],"uv_size":[-2,5]},"north":{"uv":[38,67],"uv_size":[-2,5]},"south":{"uv":[4,68],"uv_size":[-2,5]},"up":{"uv":[12,69],"uv_size":[-2,2]},"west":{"uv":[6,68],"uv_size":[-2,5]}}}],"name":"bone6","pivot":[0,0,0]},{"cubes":[{"origin":[-2,13,-9],"pivot":[0,15,-8.5],"rotation":[7,0,0],"size":[4,4,1],"uv":{"down":{"uv":[53,15],"uv_size":[4,-1]},"east":{"uv":[46,53],"uv_size":[1,4]},"north":{"uv":[18,67],"uv_size":[4,4]},"south":{"uv":[22,67],"uv_size":[4,4]},"up":{"uv":[53,13],"uv_size":[4,1]},"west":{"uv":[47,53],"uv_size":[1,4]}}},{"origin":[-2,13,8],"pivot":[0,15,8.5],"rotation":[-7,0,0],"size":[4,4,1],"uv":{"down":{"uv":[53,14],"uv_size":[4,1]},"east":{"uv":[47,53],"uv_size":[-1,4]},"north":{"uv":[26,67],"uv_size":[-4,4]},"south":{"uv":[22,67],"uv_size":[-4,4]},"up":{"uv":[53,14],"uv_size":[4,-1]},"west":{"uv":[48,53],"uv_size":[-1,4]}}}],"name":"bone2","parent":"bone6","pivot":[0,0,0]},{"cubes":[{"origin":[-9,13,-2],"pivot":[-8.5,15,0],"rotation":[0,0,-7],"size":[1,4,4],"uv":{"down":{"uv":[53,15],"uv_size":[4,-1]},"east":{"uv":[18,67],"uv_size":[4,4]},"north":{"uv":[47,53],"uv_size":[1,4]},"south":{"uv":[46,53],"uv_size":[1,4]},"up":{"uv":[53,13],"uv_size":[4,1]},"west":{"uv":[22,67],"uv_size":[4,4]}}},{"origin":[8,13,-2],"pivot":[8.5,15,0],"rotation":[0,0,7],"size":[1,4,4],"uv":{"down":{"uv":[53,14],"uv_size":[4,1]},"east":{"uv":[26,67],"uv_size":[-4,4]},"north":{"uv":[48,53],"uv_size":[-1,4]},"south":{"uv":[47,53],"uv_size":[-1,4]},"up":{"uv":[53,14],"uv_size":[4,-1]},"west":{"uv":[22,67],"uv_size":[-4,4]}}}],"name":"bone3","parent":"bone6","pivot":[0,15,0]},{"cubes":[{"origin":[-4.46962,3.68629,-0.6527],"pivot":[11.03038,29.18629,0.8473],"rotation":[0,0,90],"size":[9,3,3],"uv":{"down":{"uv":[66,22],"uv_size":[9,-3]},"east":{"uv":[68,36],"uv_size":[3,3]},"north":{"uv":[38,65],"uv_size":[9,3]},"south":{"uv":[66,13],"uv_size":[9,3]},"up":{"uv":[66,16],"uv_size":[9,3]},"west":{"uv":[53,68],"uv_size":[3,3]}}}],"name":"bone7","pivot":[2,34.18629,0]},{"cubes":[{"origin":[8.05942,29.68629,-18.3412],"pivot":[23.55942,29.18629,-16.8412],"rotation":[0,0,90],"size":[9,3,3],"uv":{"down":{"uv":[66,34],"uv_size":[9,-3]},"east":{"uv":[56,68],"uv_size":[3,3]},"north":{"uv":[66,22],"uv_size":[9,3]},"south":{"uv":[66,25],"uv_size":[9,3]},"up":{"uv":[66,28],"uv_size":[9,3]},"west":{"uv":[59,68],"uv_size":[3,3]}}}],"name":"bone","pivot":[-1.03038,32.18629,-12.1527]}],"description":{"identifier":"geometry.amethyst_crystal","texture_height":128,"texture_width":128,"visible_bounds_height":6.5,"visible_bounds_offset":[0,2.75,0],"visible_bounds_width":5}}]}