{"format_version":"1.12.0","minecraft:geometry":[{"bones":[{"cubes":[{"origin":[-24,7,-24],"size":[48,6,48],"uv":{"down":{"uv":[50,96],"uv_size":[48,-48]},"east":{"uv":[60,123],"uv_size":[48,6]},"north":{"uv":[112,117],"uv_size":[48,6]},"south":{"uv":[108,123],"uv_size":[48,6]},"up":{"uv":[50,0],"uv_size":[48,48]},"west":{"uv":[124,96],"uv_size":[48,6]}}},{"origin":[-21,19,22],"size":[42,11,2],"uv":{"down":{"uv":[140,72],"uv_size":[42,-2]},"east":{"uv":[78,146],"uv_size":[2,11]},"north":{"uv":[98,68],"uv_size":[42,11]},"south":{"uv":[98,79],"uv_size":[42,11]},"up":{"uv":[140,68],"uv_size":[42,2]},"west":{"uv":[88,149],"uv_size":[2,11]}}},{"origin":[-25,2,-25],"size":[50,12,48],"uv":{"down":{"uv":[0,96],"uv_size":[50,-48]},"east":{"uv":[98,24],"uv_size":[48,12]},"north":{"uv":[98,0],"uv_size":[50,12]},"south":{"uv":[98,12],"uv_size":[50,12]},"up":{"uv":[0,0],"uv_size":[50,48]},"west":{"uv":[98,36],"uv_size":[48,12]}}},{"origin":[-26,11,12],"size":[52,6,10],"uv":{"down":{"uv":[98,68],"uv_size":[52,-10]},"east":{"uv":[70,140],"uv_size":[10,6]},"north":{"uv":[98,90],"uv_size":[52,6]},"south":{"uv":[60,117],"uv_size":[52,6]},"up":{"uv":[98,48],"uv_size":[52,10]},"west":{"uv":[140,76],"uv_size":[10,6]}}},{"origin":[-10,13.2,12],"pivot":[0,14,17],"rotation":[13,0,0],"size":[20,6,11],"uv":{"down":{"uv":[68,140],"uv_size":[20,-11]},"east":{"uv":[48,140],"uv_size":[11,6]},"north":{"uv":[88,129],"uv_size":[20,6]},"south":{"uv":[108,129],"uv_size":[20,6]},"up":{"uv":[48,129],"uv_size":[20,11]},"west":{"uv":[59,140],"uv_size":[11,6]}}},{"origin":[-24,13,22],"size":[48,6,2],"uv":{"down":{"uv":[128,141],"uv_size":[48,-2]},"east":{"uv":[121,149],"uv_size":[2,6]},"north":{"uv":[124,102],"uv_size":[48,6]},"south":{"uv":[124,108],"uv_size":[48,6]},"up":{"uv":[124,114],"uv_size":[48,2]},"west":{"uv":[123,149],"uv_size":[2,6]}}},{"inflate":0.125,"origin":[-9.19024,26,22],"pivot":[16.30976,28.5,23],"rotation":[0,0,-45],"size":[30,30,2],"uv":{"down":{"uv":[140,86],"uv_size":[30,-2]},"east":{"uv":[80,140],"uv_size":[2,30]},"north":{"uv":[0,96],"uv_size":[30,30]},"south":{"uv":[30,96],"uv_size":[-30,30]},"up":{"uv":[140,82],"uv_size":[30,2]},"west":{"uv":[82,140],"uv_size":[2,30]}}},{"inflate":0.1,"origin":[19.53697,25.55563,22],"pivot":[15.03697,30.05563,23],"rotation":[0,0,-45],"size":[9,4,2],"uv":{"down":{"uv":[94,151],"uv_size":[9,-2]},"east":{"uv":[112,151],"uv_size":[2,4]},"north":{"uv":[138,145],"uv_size":[9,4]},"south":{"uv":[146,24],"uv_size":[9,4]},"up":{"uv":[148,137],"uv_size":[9,2]},"west":{"uv":[114,151],"uv_size":[2,4]}}},{"inflate":0.1,"origin":[-28.53697,25.55563,22],"pivot":[-15.03697,30.05563,23],"rotation":[0,0,45],"size":[9,4,2],"uv":{"down":{"uv":[112,151],"uv_size":[9,-2]},"east":{"uv":[116,151],"uv_size":[2,4]},"north":{"uv":[147,145],"uv_size":[9,4]},"south":{"uv":[148,0],"uv_size":[9,4]},"up":{"uv":[103,149],"uv_size":[9,2]},"west":{"uv":[118,151],"uv_size":[2,4]}}}],"name":"bb_main","pivot":[0,0,0]},{"cubes":[{"origin":[-25.59082,-0.24947,21],"size":[2,2,3],"uv":{"down":{"uv":[152,33],"uv_size":[2,-3]},"east":{"uv":[150,80],"uv_size":[3,2]},"north":{"uv":[152,43],"uv_size":[2,2]},"south":{"uv":[48,152],"uv_size":[2,2]},"up":{"uv":[58,126],"uv_size":[2,3]},"west":{"uv":[152,28],"uv_size":[3,2]}}},{"inflate":-0.025,"origin":[-23.98544,3.33784,21],"pivot":[-22.48544,5.33784,22.5],"rotation":[0,0,11.5],"size":[3,4,3],"uv":{"down":{"uv":[150,96],"uv_size":[3,-3]},"east":{"uv":[128,149],"uv_size":[3,4]},"north":{"uv":[125,149],"uv_size":[3,4]},"south":{"uv":[131,149],"uv_size":[3,4]},"up":{"uv":[150,90],"uv_size":[3,3]},"west":{"uv":[134,149],"uv_size":[3,4]}}},{"origin":[-24,0,21],"pivot":[-22.5,2,22.5],"rotation":[0,0,-11],"size":[3,4,3],"uv":{"down":{"uv":[97,154],"uv_size":[3,-3]},"east":{"uv":[140,149],"uv_size":[3,4]},"north":{"uv":[137,149],"uv_size":[3,4]},"south":{"uv":[143,149],"uv_size":[3,4]},"up":{"uv":[94,151],"uv_size":[3,3]},"west":{"uv":[146,149],"uv_size":[3,4]}}}],"name":"bone","pivot":[-22.5,2,22.5]},{"cubes":[{"inflate":0.225,"origin":[-25,0,-25],"size":[6,4,6],"uv":{"down":{"uv":[146,40],"uv_size":[6,-6]},"east":{"uv":[148,8],"uv_size":[6,4]},"north":{"uv":[148,4],"uv_size":[6,4]},"south":{"uv":[148,12],"uv_size":[6,4]},"up":{"uv":[146,28],"uv_size":[6,6]},"west":{"uv":[148,16],"uv_size":[6,4]}}},{"inflate":0.025,"origin":[-25,0,-25],"size":[6,46,6],"uv":{"down":{"uv":[48,152],"uv_size":[6,-6]},"east":{"uv":[6,126],"uv_size":[6,46]},"north":{"uv":[0,126],"uv_size":[6,46]},"south":{"uv":[12,126],"uv_size":[6,46]},"up":{"uv":[146,40],"uv_size":[6,6]},"west":{"uv":[18,126],"uv_size":[6,46]}}},{"inflate":0.025,"origin":[-27,44,-27],"size":[10,4,10],"uv":{"down":{"uv":[108,145],"uv_size":[10,-10]},"east":{"uv":[128,141],"uv_size":[10,4]},"north":{"uv":[140,86],"uv_size":[10,4]},"south":{"uv":[138,141],"uv_size":[10,4]},"up":{"uv":[98,135],"uv_size":[10,10]},"west":{"uv":[88,145],"uv_size":[10,4]}}}],"name":"bone2","pivot":[0,0,0]},{"cubes":[{"inflate":0.225,"origin":[19,0,-25],"size":[6,4,6],"uv":{"down":{"uv":[60,152],"uv_size":[6,-6]},"east":{"uv":[148,129],"uv_size":[6,4]},"north":{"uv":[148,20],"uv_size":[6,4]},"south":{"uv":[148,133],"uv_size":[6,4]},"up":{"uv":[54,146],"uv_size":[6,6]},"west":{"uv":[148,141],"uv_size":[6,4]}}},{"inflate":0.025,"origin":[19,0,-25],"size":[6,46,6],"uv":{"down":{"uv":[72,152],"uv_size":[6,-6]},"east":{"uv":[30,126],"uv_size":[6,46]},"north":{"uv":[24,126],"uv_size":[6,46]},"south":{"uv":[36,126],"uv_size":[6,46]},"up":{"uv":[66,146],"uv_size":[6,6]},"west":{"uv":[42,126],"uv_size":[6,46]}}},{"inflate":0.025,"origin":[17,44,-27],"size":[10,4,10],"uv":{"down":{"uv":[138,139],"uv_size":[10,-10]},"east":{"uv":[108,145],"uv_size":[10,4]},"north":{"uv":[98,145],"uv_size":[10,4]},"south":{"uv":[118,145],"uv_size":[10,4]},"up":{"uv":[118,135],"uv_size":[10,10]},"west":{"uv":[128,145],"uv_size":[10,4]}}}],"name":"bone3","pivot":[0,0,0]},{"cubes":[{"origin":[23.59082,-0.24947,21],"size":[2,2,3],"uv":{"down":{"uv":[152,43],"uv_size":[2,-3]},"east":{"uv":[152,33],"uv_size":[3,2]},"north":{"uv":[50,152],"uv_size":[2,2]},"south":{"uv":[52,152],"uv_size":[2,2]},"up":{"uv":[152,37],"uv_size":[2,3]},"west":{"uv":[152,35],"uv_size":[3,2]}}},{"origin":[20.98544,3.33784,21],"pivot":[22.48544,5.33784,22.5],"rotation":[0,0,-11.5],"size":[3,4,3],"uv":{"down":{"uv":[103,154],"uv_size":[3,-3]},"east":{"uv":[150,48],"uv_size":[3,4]},"north":{"uv":[149,149],"uv_size":[3,4]},"south":{"uv":[150,52],"uv_size":[3,4]},"up":{"uv":[100,151],"uv_size":[3,3]},"west":{"uv":[150,56],"uv_size":[3,4]}}},{"origin":[21,0,21],"pivot":[22.5,2,22.5],"rotation":[0,0,11],"size":[3,4,3],"uv":{"down":{"uv":[109,154],"uv_size":[3,-3]},"east":{"uv":[150,64],"uv_size":[3,4]},"north":{"uv":[150,60],"uv_size":[3,4]},"south":{"uv":[150,76],"uv_size":[3,4]},"up":{"uv":[106,151],"uv_size":[3,3]},"west":{"uv":[150,86],"uv_size":[3,4]}}}],"name":"bone4","pivot":[22.5,2,22.5]}],"description":{"identifier":"geometry.amethyst_bed","texture_height":256,"texture_width":256,"visible_bounds_height":5,"visible_bounds_offset":[0,1.5,0],"visible_bounds_width":6}}]}