{"format_version":"1.12.0","minecraft:geometry":[{"bones":[{"cubes":[{"inflate":0.2,"origin":[-8,2,-8],"size":[16,6,23],"uv":{"down":{"uv":[39,60],"uv_size":[16,-23]},"east":{"uv":[0,60],"uv_size":[23,6]},"north":{"uv":[23,60],"uv_size":[16,6]},"south":{"uv":[62,60],"uv_size":[16,6]},"up":{"uv":[23,37],"uv_size":[16,23]},"west":{"uv":[39,60],"uv_size":[23,6]}}},{"origin":[-8,3,-8],"size":[16,5,32],"uv":{"down":{"uv":[48,32],"uv_size":[16,-32]},"east":{"uv":[0,32],"uv_size":[32,5]},"north":{"uv":[32,32],"uv_size":[16,5]},"south":{"uv":[80,32],"uv_size":[16,5]},"up":{"uv":[32,0],"uv_size":[16,32]},"west":{"uv":[48,32],"uv_size":[32,5]}}},{"origin":[-8,0,22],"size":[2,3,2],"uv":{"down":{"uv":[4,7],"uv_size":[2,-2]},"east":{"uv":[0,7],"uv_size":[2,3]},"north":{"uv":[2,7],"uv_size":[2,3]},"south":{"uv":[6,7],"uv_size":[2,3]},"up":{"uv":[2,5],"uv_size":[2,2]},"west":{"uv":[4,7],"uv_size":[2,3]}}},{"origin":[6,0,22],"size":[2,3,2],"uv":{"down":{"uv":[4,2],"uv_size":[2,-2]},"east":{"uv":[0,2],"uv_size":[2,3]},"north":{"uv":[2,2],"uv_size":[2,3]},"south":{"uv":[6,2],"uv_size":[2,3]},"up":{"uv":[2,0],"uv_size":[2,2]},"west":{"uv":[4,2],"uv_size":[2,3]}}},{"origin":[-8,0,-8],"size":[2,3,2],"uv":{"down":{"uv":[4,7],"uv_size":[2,-2]},"east":{"uv":[0,7],"uv_size":[2,3]},"north":{"uv":[2,7],"uv_size":[2,3]},"south":{"uv":[6,7],"uv_size":[2,3]},"up":{"uv":[2,5],"uv_size":[2,2]},"west":{"uv":[4,7],"uv_size":[2,3]}}},{"origin":[6,0,-8],"size":[2,3,2],"uv":{"down":{"uv":[4,2],"uv_size":[2,-2]},"east":{"uv":[0,2],"uv_size":[2,3]},"north":{"uv":[2,2],"uv_size":[2,3]},"south":{"uv":[6,2],"uv_size":[2,3]},"up":{"uv":[2,0],"uv_size":[2,2]},"west":{"uv":[4,2],"uv_size":[2,3]}}},{"origin":[-6,8,16],"size":[12,1,6],"uv":{"down":{"uv":[73,43],"uv_size":[12,-6]},"east":{"uv":[55,43],"uv_size":[6,1]},"north":{"uv":[61,43],"uv_size":[12,1]},"south":{"uv":[79,43],"uv_size":[12,1]},"up":{"uv":[61,37],"uv_size":[12,6]},"west":{"uv":[73,43],"uv_size":[6,1]}}},{"inflate":0.001,"origin":[-8,8,23],"size":[16,5,1],"uv":{"down":{"uv":[72,45],"uv_size":[16,-1]},"east":{"uv":[55,45],"uv_size":[1,5]},"north":{"uv":[56,45],"uv_size":[16,5]},"south":{"uv":[73,45],"uv_size":[16,5]},"up":{"uv":[56,44],"uv_size":[16,1]},"west":{"uv":[72,45],"uv_size":[1,5]}}},{"origin":[-8.10939,7.21359,23],"pivot":[-10.10939,9.71359,23.5],"rotation":[0,0,-17.5],"size":[1,5,1],"uv":{"down":{"uv":[14,11],"uv_size":[1,-1]},"east":{"uv":[12,11],"uv_size":[1,5]},"north":{"uv":[13,11],"uv_size":[1,5]},"south":{"uv":[15,11],"uv_size":[1,5]},"up":{"uv":[13,10],"uv_size":[1,1]},"west":{"uv":[14,11],"uv_size":[1,5]}}},{"inflate":0.01,"origin":[-8.95372,8.69929,23],"size":[2,4,1],"uv":{"down":{"uv":[3,11],"uv_size":[2,-1]},"east":{"uv":[0,11],"uv_size":[1,4]},"north":{"uv":[1,11],"uv_size":[2,4]},"south":{"uv":[4,11],"uv_size":[2,4]},"up":{"uv":[1,10],"uv_size":[2,1]},"west":{"uv":[3,11],"uv_size":[1,4]}}},{"origin":[7.10939,7.21359,23],"pivot":[10.10939,9.71359,23.5],"rotation":[0,0,17.5],"size":[1,5,1],"uv":{"down":{"uv":[15,11],"uv_size":[-1,-1]},"east":{"uv":[15,11],"uv_size":[-1,5]},"north":{"uv":[14,11],"uv_size":[-1,5]},"south":{"uv":[16,11],"uv_size":[-1,5]},"up":{"uv":[14,10],"uv_size":[-1,1]},"west":{"uv":[13,11],"uv_size":[-1,5]}}},{"inflate":0.01,"origin":[6.95372,8.69929,23],"size":[2,4,1],"uv":{"down":{"uv":[5,11],"uv_size":[-2,-1]},"east":{"uv":[4,11],"uv_size":[-1,4]},"north":{"uv":[3,11],"uv_size":[-2,4]},"south":{"uv":[6,11],"uv_size":[-2,4]},"up":{"uv":[3,10],"uv_size":[-2,1]},"west":{"uv":[1,11],"uv_size":[-1,4]}}}],"name":"bone","pivot":[-7.95372,10.19929,23.5]}],"description":{"identifier":"geometry.basic_fancy_prisonbed","texture_height":128,"texture_width":128,"visible_bounds_height":2.5,"visible_bounds_offset":[0,0.75,0],"visible_bounds_width":5}}]}