{"format_version":"1.12.0","minecraft:geometry":[{"bones":[{"cubes":[{"origin":[-8,0,-8],"size":[16,4,32],"uv":{"down":{"uv":[16,32],"uv_size":[16,-32]},"east":{"uv":[0,32],"uv_size":[32,4]},"north":{"uv":[32,16],"uv_size":[16,4]},"south":{"uv":[32,20],"uv_size":[16,4]},"up":{"uv":[0,0],"uv_size":[16,32]},"west":{"uv":[32,0],"uv_size":[32,4]}}},{"origin":[-7,4,17],"size":[14,1,6],"uv":{"down":{"uv":[32,16],"uv_size":[14,-6]},"east":{"uv":[32,26],"uv_size":[6,1]},"north":{"uv":[32,24],"uv_size":[14,1]},"south":{"uv":[32,25],"uv_size":[14,1]},"up":{"uv":[32,4],"uv_size":[14,6]},"west":{"uv":[32,27],"uv_size":[6,1]}}}],"name":"bb_main","pivot":[0,0,0]}],"description":{"identifier":"geometry.basic_prisonbed","texture_height":64,"texture_width":64,"visible_bounds_height":2.5,"visible_bounds_offset":[0,0.75,0],"visible_bounds_width":4}}]}