{"format_version":"1.12.0","minecraft:geometry":[{"bones":[{"cubes":[{"origin":[11,26,-18],"size":[2,6,6],"uv":{"down":{"uv":[29,130],"uv_size":[2,-6]},"east":{"uv":[32,92],"uv_size":[6,6]},"north":{"uv":[44,92],"uv_size":[2,6]},"south":{"uv":[106,82],"uv_size":[2,6]},"up":{"uv":[108,82],"uv_size":[2,6]},"west":{"uv":[38,92],"uv_size":[6,6]}}},{"origin":[-12,27,-17],"size":[24,4,4],"uv":{"down":{"uv":[126,131],"uv_size":[24,-4]},"east":{"uv":[32,98],"uv_size":[4,4]},"north":{"uv":[126,115],"uv_size":[24,4]},"south":{"uv":[126,119],"uv_size":[24,4]},"up":{"uv":[126,123],"uv_size":[24,4]},"west":{"uv":[36,98],"uv_size":[4,4]}}},{"origin":[-13,26,-18],"size":[2,6,6],"uv":{"down":{"uv":[85,142],"uv_size":[2,-6]},"east":{"uv":[130,57],"uv_size":[6,6]},"north":{"uv":[12,135],"uv_size":[2,6]},"south":{"uv":[14,135],"uv_size":[2,6]},"up":{"uv":[83,136],"uv_size":[2,6]},"west":{"uv":[0,135],"uv_size":[6,6]}}}],"name":"bone5","pivot":[0,25.55585,-14.31492]},{"cubes":[{"origin":[-11,11,-37],"size":[22,3,46],"uv":{"down":{"uv":[22,46],"uv_size":[22,-46]},"east":{"uv":[124,12],"uv_size":[46,3]},"north":{"uv":[130,35],"uv_size":[22,3]},"south":{"uv":[130,38],"uv_size":[22,3]},"up":{"uv":[0,0],"uv_size":[22,46]},"west":{"uv":[126,112],"uv_size":[46,3]}}},{"origin":[-11,14,-37],"size":[2,14,46],"uv":{"down":{"uv":[66,168],"uv_size":[2,-46]},"east":{"uv":[60,32],"uv_size":[46,14]},"north":{"uv":[104,18],"uv_size":[2,14]},"south":{"uv":[77,122],"uv_size":[2,14]},"up":{"uv":[64,122],"uv_size":[2,46]},"west":{"uv":[60,46],"uv_size":[46,14]}}},{"origin":[9,14,-37],"size":[2,14,46],"uv":{"down":{"uv":[70,168],"uv_size":[2,-46]},"east":{"uv":[60,60],"uv_size":[46,14]},"north":{"uv":[61,134],"uv_size":[2,14]},"south":{"uv":[108,134],"uv_size":[2,14]},"up":{"uv":[68,122],"uv_size":[2,46]},"west":{"uv":[60,74],"uv_size":[46,14]}}},{"origin":[-9,14,-37],"size":[18,2,2],"uv":{"down":{"uv":[136,19],"uv_size":[18,-2]},"east":{"uv":[34,76],"uv_size":[2,2]},"north":{"uv":[16,76],"uv_size":[18,2]},"south":{"uv":[130,63],"uv_size":[18,2]},"up":{"uv":[136,15],"uv_size":[18,2]},"west":{"uv":[36,76],"uv_size":[2,2]}}}],"name":"bone2","pivot":[0,0,0]},{"cubes":[{"origin":[-16,0,-40],"size":[4,16,16],"uv":{"down":{"uv":[110,146],"uv_size":[4,-16]},"east":{"uv":[106,66],"uv_size":[16,16]},"north":{"uv":[16,130],"uv_size":[4,16]},"south":{"uv":[20,130],"uv_size":[4,16]},"up":{"uv":[130,41],"uv_size":[4,16]},"west":{"uv":[0,108],"uv_size":[16,16]}}},{"origin":[12,0,-40],"size":[4,16,16],"uv":{"down":{"uv":[126,147],"uv_size":[4,-16]},"east":{"uv":[108,0],"uv_size":[16,16]},"north":{"uv":[114,130],"uv_size":[4,16]},"south":{"uv":[118,130],"uv_size":[4,16]},"up":{"uv":[122,130],"uv_size":[4,16]},"west":{"uv":[16,108],"uv_size":[16,16]}}},{"origin":[12,0,-40],"size":[4,16,16],"uv":{"down":{"uv":[49,150],"uv_size":[4,-16]},"east":{"uv":[110,114],"uv_size":[16,16]},"north":{"uv":[41,134],"uv_size":[4,16]},"south":{"uv":[134,41],"uv_size":[4,16]},"up":{"uv":[45,134],"uv_size":[4,16]},"west":{"uv":[32,118],"uv_size":[16,16]}}},{"origin":[-12,5,-35],"size":[24,6,6],"uv":{"down":{"uv":[126,88],"uv_size":[24,-6]},"east":{"uv":[6,135],"uv_size":[6,6]},"north":{"uv":[0,124],"uv_size":[24,6]},"south":{"uv":[124,0],"uv_size":[24,6]},"up":{"uv":[124,6],"uv_size":[24,6]},"west":{"uv":[136,19],"uv_size":[6,6]}}},{"origin":[-16,0,-5],"size":[4,16,16],"uv":{"down":{"uv":[37,150],"uv_size":[4,-16]},"east":{"uv":[110,82],"uv_size":[16,16]},"north":{"uv":[130,131],"uv_size":[4,16]},"south":{"uv":[29,134],"uv_size":[4,16]},"up":{"uv":[33,134],"uv_size":[4,16]},"west":{"uv":[110,98],"uv_size":[16,16]}}},{"origin":[12,0,-5],"size":[4,16,16],"uv":{"down":{"uv":[100,150],"uv_size":[4,-16]},"east":{"uv":[48,118],"uv_size":[16,16]},"north":{"uv":[53,134],"uv_size":[4,16]},"south":{"uv":[57,134],"uv_size":[4,16]},"up":{"uv":[96,134],"uv_size":[4,16]},"west":{"uv":[80,120],"uv_size":[16,16]}}},{"origin":[-12,5,0],"size":[24,6,6],"uv":{"down":{"uv":[126,112],"uv_size":[24,-6]},"east":{"uv":[136,57],"uv_size":[6,6]},"north":{"uv":[126,88],"uv_size":[24,6]},"south":{"uv":[126,94],"uv_size":[24,6]},"up":{"uv":[126,100],"uv_size":[24,6]},"west":{"uv":[77,136],"uv_size":[6,6]}}}],"name":"bone4","parent":"bone2","pivot":[0,0,-34]},{"cubes":[{"origin":[-8,22.94659,-31.93262],"size":[16,16,46],"uv":{"down":{"uv":[0,92],"uv_size":[16,-46]},"east":{"uv":[44,0],"uv_size":[46,16]},"north":{"uv":[106,18],"uv_size":[16,16]},"south":{"uv":[106,34],"uv_size":[16,16]},"up":{"uv":[44,32],"uv_size":[16,46]},"west":{"uv":[44,16],"uv_size":[46,16]}}},{"inflate":0.2,"origin":[-8,22.94659,13.06738],"size":[16,16,5],"uv":{"down":{"uv":[130,35],"uv_size":[16,-5]},"east":{"uv":[72,122],"uv_size":[5,16]},"north":{"uv":[106,50],"uv_size":[16,16]},"south":{"uv":[64,106],"uv_size":[16,16]},"up":{"uv":[0,130],"uv_size":[16,5]},"west":{"uv":[24,124],"uv_size":[5,16]}}},{"origin":[-7,23.94659,-61.93262],"size":[14,14,30],"uv":{"down":{"uv":[30,76],"uv_size":[14,-30]},"east":{"uv":[16,78],"uv_size":[30,14]},"north":{"uv":[90,18],"uv_size":[14,14]},"south":{"uv":[80,106],"uv_size":[14,14]},"up":{"uv":[16,46],"uv_size":[14,30]},"west":{"uv":[46,88],"uv_size":[30,14]}}},{"inflate":0.2,"origin":[-7,23.94659,-48.93262],"size":[14,14,4],"uv":{"down":{"uv":[46,86],"uv_size":[14,-4]},"east":{"uv":[104,134],"uv_size":[4,14]},"north":{"uv":[96,120],"uv_size":[14,14]},"south":{"uv":[122,16],"uv_size":[14,14]},"up":{"uv":[46,78],"uv_size":[14,4]},"west":{"uv":[134,131],"uv_size":[4,14]}}},{"origin":[-9,21.94659,-65.93262],"size":[18,18,8],"uv":{"down":{"uv":[122,82],"uv_size":[18,-8]},"east":{"uv":[122,30],"uv_size":[8,18]},"north":{"uv":[76,88],"uv_size":[18,18]},"south":{"uv":[90,0],"uv_size":[18,18]},"up":{"uv":[122,66],"uv_size":[18,8]},"west":{"uv":[122,48],"uv_size":[8,18]}}}],"name":"bone","parent":"bone2","pivot":[0,30,-15.16667],"rotation":[-15,0,0]},{"cubes":[{"origin":[0,35,-128.16667],"pivot":[0,55,-85.16667],"rotation":[90,0,0],"size":[0,84,38],"uv":{"down":{"uv":[256,256],"uv_size":[0,-38]},"east":{"uv":[76,172],"uv_size":[-38,84]},"north":{"uv":[256,218],"uv_size":[0,36]},"south":{"uv":[256,218],"uv_size":[0,36]},"up":{"uv":[256,256],"uv_size":[0,-38]},"west":{"uv":[38,172],"uv_size":[38,84]}}}],"name":"boom","parent":"bone","pivot":[0,31,-65.16667]},{"cubes":[{"inflate":0.1,"origin":[28,0.94659,-24.93262],"size":[16,16,16],"uv":{"down":{"uv":[94,120],"uv_size":[16,-16]},"east":{"uv":[16,92],"uv_size":[16,16]},"north":{"uv":[0,92],"uv_size":[16,16]},"south":{"uv":[94,88],"uv_size":[16,16]},"up":{"uv":[48,102],"uv_size":[16,16]},"west":{"uv":[32,102],"uv_size":[16,16]}}}],"name":"tnt","parent":"bone","pivot":[36,8.94659,-16.93262]}],"description":{"identifier":"geometry.cannon","texture_height":256,"texture_width":256,"visible_bounds_height":7,"visible_bounds_offset":[0,2.5,0],"visible_bounds_width":19}}]}