{"format_version":"1.12.0","minecraft:geometry":[{"bones":[{"cubes":[{"origin":[-5,0,-5],"size":[10,2,10],"uv":{"down":{"uv":[12,20],"uv_size":[10,-10]},"east":{"uv":[32,6],"uv_size":[10,2]},"north":{"uv":[32,4],"uv_size":[10,2]},"south":{"uv":[32,8],"uv_size":[10,2]},"up":{"uv":[12,0],"uv_size":[10,10]},"west":{"uv":[20,32],"uv_size":[10,2]}}},{"origin":[-4,2,-4],"size":[8,4,8],"uv":{"down":{"uv":[22,26],"uv_size":[8,-8]},"east":{"uv":[30,17],"uv_size":[8,4]},"north":{"uv":[30,13],"uv_size":[8,4]},"south":{"uv":[30,21],"uv_size":[8,4]},"up":{"uv":[22,10],"uv_size":[8,8]},"west":{"uv":[32,0],"uv_size":[8,4]}}},{"origin":[-6,6,-6],"size":[12,3,12],"uv":{"down":{"uv":[0,24],"uv_size":[12,-12]},"east":{"uv":[22,29],"uv_size":[12,3]},"north":{"uv":[22,26],"uv_size":[12,3]},"south":{"uv":[8,30],"uv_size":[12,3]},"up":{"uv":[0,0],"uv_size":[12,12]},"west":{"uv":[30,10],"uv_size":[12,3]}}},{"origin":[-2,5,-7],"size":[4,3,2],"uv":{"down":{"uv":[26,36],"uv_size":[4,-2]},"east":{"uv":[26,36],"uv_size":[2,3]},"north":{"uv":[8,24],"uv_size":[4,3]},"south":{"uv":[8,27],"uv_size":[4,3]},"up":{"uv":[34,25],"uv_size":[4,2]},"west":{"uv":[36,27],"uv_size":[2,3]}}}],"name":"bb_main","pivot":[0,0,0]},{"cubes":[{"origin":[-5,11.125,-5],"size":[10,0,10],"uv":{"down":{"uv":[22,10],"uv_size":[10,-10]},"east":{"uv":[0,0],"uv_size":[10,0]},"north":{"uv":[0,0],"uv_size":[10,0]},"south":{"uv":[0,0],"uv_size":[10,0]},"up":{"uv":[12,20],"uv_size":[10,10]},"west":{"uv":[0,0],"uv_size":[10,0]}}}],"name":"ring","parent":"bb_main","pivot":[0,11.125,0]},{"cubes":[{"origin":[-0.475,12.875,0.25],"size":[2,6.5,0.5],"uv":{"down":{"uv":[4,38],"uv_size":[4,-1]},"east":{"uv":[30,32],"uv_size":[1,13]},"north":{"uv":[0,24],"uv_size":[4,13]},"south":{"uv":[4,24],"uv_size":[4,13]},"up":{"uv":[30,25],"uv_size":[4,1]},"west":{"uv":[31,32],"uv_size":[1,13]}}},{"origin":[1.525,13.375,0.25],"size":[0.5,5.5,0.5],"uv":{"down":{"uv":[21,31],"uv_size":[1,-1]},"east":{"uv":[8,33],"uv_size":[1,11]},"north":{"uv":[32,32],"uv_size":[1,11]},"south":{"uv":[9,33],"uv_size":[1,11]},"up":{"uv":[20,30],"uv_size":[1,1]},"west":{"uv":[10,33],"uv_size":[1,11]}}},{"origin":[-0.975,13.375,0.25],"size":[0.5,5.5,0.5],"uv":{"down":{"uv":[21,32],"uv_size":[1,-1]},"east":{"uv":[12,33],"uv_size":[1,11]},"north":{"uv":[11,33],"uv_size":[1,11]},"south":{"uv":[13,33],"uv_size":[1,11]},"up":{"uv":[20,31],"uv_size":[1,1]},"west":{"uv":[14,33],"uv_size":[1,11]}}},{"origin":[2.025,13.875,0.25],"size":[0.5,4.5,0.5],"uv":{"down":{"uv":[6,39],"uv_size":[1,-1]},"east":{"uv":[33,32],"uv_size":[1,9]},"north":{"uv":[19,33],"uv_size":[1,9]},"south":{"uv":[20,34],"uv_size":[1,9]},"up":{"uv":[5,38],"uv_size":[1,1]},"west":{"uv":[21,34],"uv_size":[1,9]}}},{"origin":[-1.475,13.375,0.25],"size":[0.5,5,0.5],"uv":{"down":{"uv":[38,14],"uv_size":[1,-1]},"east":{"uv":[16,33],"uv_size":[1,10]},"north":{"uv":[15,33],"uv_size":[1,10]},"south":{"uv":[17,33],"uv_size":[1,10]},"up":{"uv":[7,38],"uv_size":[1,1]},"west":{"uv":[18,33],"uv_size":[1,10]}}},{"origin":[-1.975,13.375,0.25],"size":[0.5,4.5,0.5],"uv":{"down":{"uv":[38,16],"uv_size":[1,-1]},"east":{"uv":[23,34],"uv_size":[1,9]},"north":{"uv":[22,34],"uv_size":[1,9]},"south":{"uv":[24,34],"uv_size":[1,9]},"up":{"uv":[38,14],"uv_size":[1,1]},"west":{"uv":[25,34],"uv_size":[1,9]}}},{"origin":[-2.475,13.375,0.25],"size":[0.5,4,0.5],"uv":{"down":{"uv":[38,18],"uv_size":[1,-1]},"east":{"uv":[35,27],"uv_size":[1,8]},"north":{"uv":[34,27],"uv_size":[1,8]},"south":{"uv":[34,35],"uv_size":[1,8]},"up":{"uv":[38,16],"uv_size":[1,1]},"west":{"uv":[35,35],"uv_size":[1,8]}}},{"origin":[2.525,14.375,0.25],"size":[0.5,2.5,0.5],"uv":{"down":{"uv":[38,20],"uv_size":[1,-1]},"east":{"uv":[1,37],"uv_size":[1,5]},"north":{"uv":[0,37],"uv_size":[1,5]},"south":{"uv":[2,37],"uv_size":[1,5]},"up":{"uv":[38,18],"uv_size":[1,1]},"west":{"uv":[3,37],"uv_size":[1,5]}}},{"origin":[-2.975,13.875,0.25],"size":[0.5,3,0.5],"uv":{"down":{"uv":[38,22],"uv_size":[1,-1]},"east":{"uv":[29,36],"uv_size":[1,6]},"north":{"uv":[28,36],"uv_size":[1,6]},"south":{"uv":[36,30],"uv_size":[1,6]},"up":{"uv":[38,20],"uv_size":[1,1]},"west":{"uv":[36,36],"uv_size":[1,6]}}},{"origin":[-3.475,14.375,0.25],"size":[0.5,1.5,0.5],"uv":{"down":{"uv":[38,24],"uv_size":[1,-1]},"east":{"uv":[37,33],"uv_size":[1,3]},"north":{"uv":[37,30],"uv_size":[1,3]},"south":{"uv":[37,36],"uv_size":[1,3]},"up":{"uv":[38,22],"uv_size":[1,1]},"west":{"uv":[4,38],"uv_size":[1,3]}}}],"name":"item2","pivot":[0.05,15.75,0.5]}],"description":{"identifier":"geometry.coal_item_trophy","texture_height":64,"texture_width":64,"visible_bounds_height":3.5,"visible_bounds_offset":[0,1.25,0],"visible_bounds_width":2}}]}