{"format_version":"1.12.0","minecraft:geometry":[{"bones":[{"cubes":[{"inflate":0.01,"origin":[-7,9,-7],"size":[14,2,14],"uv":[0,0]},{"origin":[-6.5,9.5,-6.5],"size":[13,2,12.5],"uv":[0,16]},{"origin":[-7.5,0,-7.5],"size":[2,12,2],"uv":[16,36]},{"origin":[5.5,0,-7.5],"size":[2,12,2],"uv":[8,36]},{"origin":[5.5,0,5.5],"size":[2,12,2],"uv":[0,0]},{"origin":[-7.5,0,5.5],"size":[2,12,2],"uv":[0,36]}],"name":"total","pivot":[0,0,0]},{"cubes":[{"inflate":-0.025,"origin":[5.5,10.85785,5.24424],"size":[2,19,2],"uv":[34,33]},{"origin":[-5.5,20.85785,5.24424],"size":[11,1,2],"uv":[34,30]},{"origin":[-5.5,17.85785,5.24424],"size":[11,1,2],"uv":[0,30]},{"origin":[-5.5,27.85785,5.24424],"size":[11,1,2],"uv":[0,33]},{"origin":[-4,21.85785,5.99424],"size":[1,6,1],"uv":[0,16]},{"origin":[-0.5,21.85785,5.99424],"size":[1,6,1],"uv":[8,7]},{"origin":[3,21.85785,5.99424],"size":[1,6,1],"uv":[8,0]},{"inflate":-0.025,"origin":[-7.5,10.85785,5.24424],"size":[2,19,2],"uv":[26,30]}],"name":"bone","parent":"total","pivot":[7,9,7],"rotation":[-5,0,0]}],"description":{"identifier":"geometry.cookchair2","texture_height":64,"texture_width":64,"visible_bounds_height":3.5,"visible_bounds_offset":[0,1.25,0],"visible_bounds_width":3}}]}