{"format_version":"1.12.0","minecraft:geometry":[{"bones":[{"cubes":[{"origin":[-16,15,-24],"size":[32,2,48],"uv":[0,0]},{"origin":[-9,7,-24.025],"size":[18,10,0],"uv":[0,10]},{"origin":[-9,7,24.025],"size":[18,10,0],"uv":[0,0]},{"origin":[-8,10,17.5],"size":[16,2,2],"uv":[0,24]},{"origin":[-8,10,-19.5],"size":[16,2,2],"uv":[0,20]},{"origin":[-10.5,10,-17],"size":[2,2,34],"uv":[38,52]},{"origin":[8.5,10,-17],"size":[2,2,34],"uv":[0,50]},{"origin":[8,0,17],"size":[3,15,3],"uv":[36,0]},{"origin":[-11,0,17],"size":[3,15,3],"uv":[24,28]},{"origin":[8,0,-20],"size":[3,15,3],"uv":[12,28]},{"origin":[-11,0,-20],"size":[3,15,3],"uv":[0,28]}],"name":"bb_main","pivot":[0,0,0]}],"description":{"identifier":"geometry.cooktable3","texture_height":256,"texture_width":256,"visible_bounds_height":2.5,"visible_bounds_offset":[0,0.75,0],"visible_bounds_width":5}}]}