{"format_version":"1.12.0","minecraft:geometry":[{"bones":[{"cubes":[{"origin":[-6,-0.0508,-2.41168],"size":[4,3,4],"uv":[34,33]},{"inflate":0.1,"origin":[-6,-0.0508,-2.41168],"size":[4,2,2],"uv":[0,8]}],"name":"leg1","pivot":[-4,2.91825,-0.5691]},{"cubes":[{"inflate":0.1,"origin":[2,0,-2],"size":[4,2,2],"uv":[38,22]},{"origin":[2,0,-2],"size":[4,3,4],"uv":[18,33]}],"name":"leg2","pivot":[4,3.25,-0.5]},{"cubes":[{"origin":[-7,3,-5],"size":[14,7,10],"uv":[0,16]}],"name":"body","pivot":[0,3,0]},{"cubes":[{"origin":[-11,3,-3],"size":[3,8,6],"uv":[0,33]},{"origin":[-9,7,-1],"size":[2,2,2],"uv":[4,37]}],"name":"arm1","parent":"body","pivot":[-8.5,8.5,0]},{"cubes":[{"mirror":true,"origin":[8,3,-3],"size":[3,8,6],"uv":[0,33]},{"mirror":true,"origin":[7,7,-1],"size":[2,2,2],"uv":[4,37]}],"name":"arm2","parent":"body","pivot":[8.5,8.5,0]},{"cubes":[{"origin":[-7,11,-6],"size":[14,4,12],"uv":[0,0]}],"name":"head","parent":"body","pivot":[0,11,-0.5]},{"cubes":[{"origin":[-2,17,-2],"size":[4,2,4],"uv":[38,16]},{"origin":[-5,17.5,-1],"pivot":[0,18,0],"rotation":[0,140,0],"size":[10,1,2],"uv":[2,10]},{"origin":[-5,17.5,-1],"pivot":[0,18,0],"rotation":[0,-130,0],"size":[10,1,2],"uv":[2,10]},{"origin":[-1,10,-1],"size":[2,8,2],"uv":[0,16]}],"name":"rod_gear","parent":"head","pivot":[0,14.25,0]}],"description":{"identifier":"geometry.coppergolem","texture_height":64,"texture_width":64,"visible_bounds_height":5.5,"visible_bounds_offset":[0,2.25,0],"visible_bounds_width":14}}]}