{"format_version":"1.12.0","minecraft:geometry":[{"bones":[{"cubes":[{"origin":[-5,6,-1],"pivot":[-2,10,-0.5],"rotation":[-90,-35,0],"size":[6,8,1],"uv":{"down":{"uv":[7,120],"uv_size":[6,-1]},"east":{"uv":[0,120],"uv_size":[1,8]},"north":{"uv":[1,120],"uv_size":[6,8]},"south":{"uv":[8,120],"uv_size":[6,8]},"up":{"uv":[1,119],"uv_size":[6,1]},"west":{"uv":[7,120],"uv_size":[1,8]}}},{"origin":[-0.08509,6,2.44146],"pivot":[2.91491,10,2.94146],"rotation":[-70,22.5,0],"size":[6,8,1],"uv":{"down":{"uv":[7,120],"uv_size":[6,-1]},"east":{"uv":[0,120],"uv_size":[1,8]},"north":{"uv":[1,120],"uv_size":[6,8]},"south":{"uv":[8,120],"uv_size":[6,8]},"up":{"uv":[1,119],"uv_size":[6,1]},"west":{"uv":[7,120],"uv_size":[1,8]}}},{"origin":[-4.60625,8.41948,1.11629],"pivot":[-1.60625,12.41948,0.61629],"rotation":[-92.15497,-32.21635,-9.67343],"size":[6,8,1],"uv":{"down":{"uv":[7,120],"uv_size":[6,-1]},"east":{"uv":[0,120],"uv_size":[1,8]},"north":{"uv":[1,120],"uv_size":[6,8]},"south":{"uv":[8,120],"uv_size":[6,8]},"up":{"uv":[1,119],"uv_size":[6,1]},"west":{"uv":[7,120],"uv_size":[1,8]}}},{"origin":[-7.63236,7.99443,-4.61889],"pivot":[-4.63236,11.99443,-4.11889],"rotation":[-67.37222,43.51389,8.19101],"size":[6,8,1],"uv":{"down":{"uv":[7,120],"uv_size":[6,-1]},"east":{"uv":[0,120],"uv_size":[1,8]},"north":{"uv":[1,120],"uv_size":[6,8]},"south":{"uv":[8,120],"uv_size":[6,8]},"up":{"uv":[1,119],"uv_size":[6,1]},"west":{"uv":[7,120],"uv_size":[1,8]}}},{"origin":[0.37057,7.13412,-2.4679],"pivot":[1.57057,11.13412,-1.9679],"rotation":[-76.74505,62.2711,11.82029],"size":[6,8,1],"uv":{"down":{"uv":[7,120],"uv_size":[6,-1]},"east":{"uv":[0,120],"uv_size":[1,8]},"north":{"uv":[1,120],"uv_size":[6,8]},"south":{"uv":[8,120],"uv_size":[6,8]},"up":{"uv":[1,119],"uv_size":[6,1]},"west":{"uv":[7,120],"uv_size":[1,8]}}},{"origin":[-1.42656,12.01186,-1.08397],"pivot":[1.57344,15.01186,-2.38397],"rotation":[-90.74505,62.2711,11.82029],"size":[6,8,1],"uv":{"down":{"uv":[7,120],"uv_size":[6,-1]},"east":{"uv":[0,120],"uv_size":[1,8]},"north":{"uv":[1,120],"uv_size":[6,8]},"south":{"uv":[8,120],"uv_size":[6,8]},"up":{"uv":[1,119],"uv_size":[6,1]},"west":{"uv":[7,120],"uv_size":[1,8]}}},{"origin":[-1.95187,7.06039,-3.82961],"pivot":[2.04813,13.06039,-1.92961],"rotation":[145.9263,77.25263,-121.05563],"size":[6,8,1],"uv":{"down":{"uv":[7,120],"uv_size":[6,-1]},"east":{"uv":[0,120],"uv_size":[1,8]},"north":{"uv":[1,120],"uv_size":[6,8]},"south":{"uv":[8,120],"uv_size":[6,8]},"up":{"uv":[1,119],"uv_size":[6,1]},"west":{"uv":[7,120],"uv_size":[1,8]}}},{"origin":[-2.66306,11.40581,-0.75009],"pivot":[0.33694,15.40581,-0.25009],"rotation":[102.08898,29.22578,-170.34537],"size":[6,8,1],"uv":{"down":{"uv":[7,120],"uv_size":[6,-1]},"east":{"uv":[0,120],"uv_size":[1,8]},"north":{"uv":[1,120],"uv_size":[6,8]},"south":{"uv":[8,120],"uv_size":[6,8]},"up":{"uv":[1,119],"uv_size":[6,1]},"west":{"uv":[7,120],"uv_size":[1,8]}}}],"name":"bb_main","pivot":[0,0,0]},{"cubes":[{"origin":[-8,9.7,-8.2],"size":[16,6,16],"uv":{"down":{"uv":[32,64],"uv_size":[16,-16]},"east":{"uv":[0,64],"uv_size":[16,6]},"north":{"uv":[16,64],"uv_size":[16,6]},"south":{"uv":[48,64],"uv_size":[16,6]},"up":{"uv":[16,48],"uv_size":[16,16]},"west":{"uv":[32,64],"uv_size":[16,6]}}},{"inflate":0.1,"origin":[-8,9.7,-8.2],"size":[16,6,16],"uv":{"down":{"uv":[32,42],"uv_size":[16,-16]},"east":{"uv":[0,42],"uv_size":[16,6]},"north":{"uv":[16,42],"uv_size":[16,6]},"south":{"uv":[48,42],"uv_size":[16,6]},"up":{"uv":[16,26],"uv_size":[16,16]},"west":{"uv":[32,42],"uv_size":[16,6]}}},{"origin":[-7,9.7,-9.2],"size":[2,7,18],"uv":{"down":{"uv":[66,82],"uv_size":[2,-18]},"east":{"uv":[46,82],"uv_size":[18,7]},"north":{"uv":[64,82],"uv_size":[2,7]},"south":{"uv":[84,82],"uv_size":[2,7]},"up":{"uv":[64,64],"uv_size":[2,18]},"west":{"uv":[66,82],"uv_size":[18,7]}}},{"origin":[5,9.7,-9.2],"size":[2,7,18],"uv":{"down":{"uv":[66,82],"uv_size":[2,-18]},"east":{"uv":[46,82],"uv_size":[18,7]},"north":{"uv":[64,82],"uv_size":[2,7]},"south":{"uv":[84,82],"uv_size":[2,7]},"up":{"uv":[64,64],"uv_size":[2,18]},"west":{"uv":[66,82],"uv_size":[18,7]}}},{"origin":[-1,7.7,-9.2],"size":[2,4,1],"uv":{"down":{"uv":[3,1],"uv_size":[2,-1]},"east":{"uv":[0,1],"uv_size":[1,4]},"north":{"uv":[1,1],"uv_size":[2,4]},"south":{"uv":[4,1],"uv_size":[2,4]},"up":{"uv":[1,0],"uv_size":[2,1]},"west":{"uv":[3,1],"uv_size":[1,4]}}}],"name":"bone","pivot":[0,9.3,8.1],"rotation":[-40.5,0,0]},{"cubes":[{"origin":[-8,0,-8],"size":[16,10,16],"uv":{"down":{"uv":[32,16],"uv_size":[16,-16]},"east":{"uv":[0,16],"uv_size":[16,10]},"north":{"uv":[16,16],"uv_size":[16,10]},"south":{"uv":[48,16],"uv_size":[16,10]},"up":{"uv":[16,0],"uv_size":[16,16]},"west":{"uv":[32,16],"uv_size":[16,10]}}},{"inflate":0.01,"origin":[-7,0,-9],"size":[2,10,18],"uv":{"down":{"uv":[68,26],"uv_size":[2,-18]},"east":{"uv":[48,26],"uv_size":[18,10]},"north":{"uv":[66,26],"uv_size":[2,10]},"south":{"uv":[86,26],"uv_size":[2,10]},"up":{"uv":[66,8],"uv_size":[2,18]},"west":{"uv":[68,26],"uv_size":[18,10]}}},{"inflate":0.01,"origin":[5,0,-9],"size":[2,10,18],"uv":{"down":{"uv":[68,26],"uv_size":[2,-18]},"east":{"uv":[48,26],"uv_size":[18,10]},"north":{"uv":[66,26],"uv_size":[2,10]},"south":{"uv":[86,26],"uv_size":[2,10]},"up":{"uv":[66,8],"uv_size":[2,18]},"west":{"uv":[68,26],"uv_size":[18,10]}}}],"name":"bone2","pivot":[0,0,0]}],"description":{"identifier":"geometry.diamond_chest","texture_height":128,"texture_width":128,"visible_bounds_height":3.5,"visible_bounds_offset":[0,1.25,0],"visible_bounds_width":3}}]}