{"format_version":"1.12.0","minecraft:geometry":[{"bones":[{"name":"bone","pivot":[0,0,0]},{"cubes":[{"inflate":0.2,"origin":[-28,-16,-24.8],"size":[56,91,53],"uv":{"down":{"uv":[96,48],"uv_size":[48,-48]},"east":{"uv":[0,48],"uv_size":[48,91]},"north":{"uv":[48,48],"uv_size":[48,91]},"south":{"uv":[144,48],"uv_size":[48,91]},"up":{"uv":[48,0],"uv_size":[48,48]},"west":{"uv":[96,48],"uv_size":[48,91]}}},{"origin":[-24,-5,-24],"size":[48,5,48],"uv":{"down":{"uv":[240,139],"uv_size":[48,-48]},"east":{"uv":[144,139],"uv_size":[48,5]},"north":{"uv":[192,139],"uv_size":[48,5]},"south":{"uv":[288,139],"uv_size":[48,5]},"up":{"uv":[192,91],"uv_size":[48,48]},"west":{"uv":[192,139],"uv_size":[-48,5]}}},{"origin":[-24,0,-24],"size":[8,48,48],"uv":{"down":{"uv":[56,251],"uv_size":[8,-48]},"east":{"uv":[0,251],"uv_size":[48,48]},"north":{"uv":[48,251],"uv_size":[8,48]},"south":{"uv":[104,251],"uv_size":[8,48]},"up":{"uv":[48,203],"uv_size":[8,48]},"west":{"uv":[56,251],"uv_size":[48,48]}}},{"origin":[16,0,-24],"size":[8,48,48],"uv":{"down":{"uv":[200,203],"uv_size":[8,-48]},"east":{"uv":[144,203],"uv_size":[48,48]},"north":{"uv":[192,203],"uv_size":[8,48]},"south":{"uv":[248,203],"uv_size":[8,48]},"up":{"uv":[192,155],"uv_size":[8,48]},"west":{"uv":[48,251],"uv_size":[-48,48]}}},{"origin":[16,17,-25.1],"size":[8,14,1],"uv":{"down":{"uv":[39,33],"uv_size":[8,-1]},"east":{"uv":[30,33],"uv_size":[1,14]},"north":{"uv":[31,33],"uv_size":[8,14]},"south":{"uv":[40,33],"uv_size":[8,14]},"up":{"uv":[31,32],"uv_size":[8,1]},"west":{"uv":[39,33],"uv_size":[1,14]}}},{"origin":[18,25,-26.1],"size":[4,4,2],"uv":{"down":{"uv":[120,276],"uv_size":[4,-2]},"east":{"uv":[112,276],"uv_size":[2,4]},"north":{"uv":[114,276],"uv_size":[4,4]},"south":{"uv":[120,276],"uv_size":[4,4]},"up":{"uv":[114,274],"uv_size":[4,2]},"west":{"uv":[118,276],"uv_size":[2,4]}}},{"origin":[-16,0,17],"size":[32,48,7],"uv":{"down":{"uv":[231,7],"uv_size":[32,-7]},"east":{"uv":[192,7],"uv_size":[7,48]},"north":{"uv":[199,7],"uv_size":[32,48]},"south":{"uv":[238,7],"uv_size":[32,48]},"up":{"uv":[199,0],"uv_size":[32,7]},"west":{"uv":[231,7],"uv_size":[7,48]}}},{"origin":[-24,48,-24],"size":[48,16,48],"uv":{"down":{"uv":[96,187],"uv_size":[48,-48]},"east":{"uv":[0,187],"uv_size":[48,16]},"north":{"uv":[48,187],"uv_size":[48,16]},"south":{"uv":[144,187],"uv_size":[48,16]},"up":{"uv":[48,139],"uv_size":[48,48]},"west":{"uv":[96,187],"uv_size":[48,16]}}}],"name":"bone18","parent":"bone","pivot":[-14.7213,57.99735,-25.5]},{"cubes":[{"inflate":0.11,"origin":[-24,46,-27],"size":[48,11,8],"uv":{"down":{"uv":[248,75],"uv_size":[48,-8]},"east":{"uv":[192,75],"uv_size":[8,11]},"north":{"uv":[200,75],"uv_size":[48,11]},"south":{"uv":[256,75],"uv_size":[48,11]},"up":{"uv":[200,67],"uv_size":[48,8]},"west":{"uv":[248,75],"uv_size":[8,11]}}},{"inflate":0.01,"origin":[-25,55,-29],"size":[50,2,10],"uv":{"down":{"uv":[252,65],"uv_size":[50,-10]},"east":{"uv":[192,65],"uv_size":[10,2]},"north":{"uv":[202,65],"uv_size":[50,2]},"south":{"uv":[262,65],"uv_size":[50,2]},"up":{"uv":[202,55],"uv_size":[50,10]},"west":{"uv":[252,65],"uv_size":[10,2]}}},{"origin":[8.7213,53.99735,-27],"pivot":[14.7213,57.99735,-25.5],"rotation":[0,0,42.5],"size":[12,8,8],"uv":{"down":{"uv":[20,24],"uv_size":[12,-8]},"east":{"uv":[0,24],"uv_size":[8,8]},"north":{"uv":[8,24],"uv_size":[12,8]},"south":{"uv":[28,24],"uv_size":[12,8]},"up":{"uv":[8,16],"uv_size":[12,8]},"west":{"uv":[20,24],"uv_size":[8,8]}}},{"inflate":0.01,"origin":[-13,57,-27],"size":[26,13,8],"uv":{"down":{"uv":[242,152],"uv_size":[26,-8]},"east":{"uv":[208,152],"uv_size":[8,13]},"north":{"uv":[216,152],"uv_size":[26,13]},"south":{"uv":[242,152],"uv_size":[-26,13]},"up":{"uv":[216,144],"uv_size":[26,8]},"west":{"uv":[242,152],"uv_size":[8,13]}}},{"origin":[-20.7213,53.99735,-27],"pivot":[-14.7213,57.99735,-25.5],"rotation":[0,0,-42.5],"size":[12,8,8],"uv":{"down":{"uv":[20,8],"uv_size":[12,-8]},"east":{"uv":[0,8],"uv_size":[8,8]},"north":{"uv":[8,8],"uv_size":[12,8]},"south":{"uv":[28,8],"uv_size":[12,8]},"up":{"uv":[8,0],"uv_size":[12,8]},"west":{"uv":[20,8],"uv_size":[8,8]}}}],"name":"bone19","parent":"bone18","pivot":[-14.7213,57.99735,-25.5]},{"cubes":[{"origin":[14,0,-24],"size":[2,48,2],"uv":{"down":{"uv":[132,205],"uv_size":[2,-2]},"east":{"uv":[128,205],"uv_size":[2,48]},"north":{"uv":[130,205],"uv_size":[2,48]},"south":{"uv":[134,205],"uv_size":[2,48]},"up":{"uv":[130,203],"uv_size":[2,2]},"west":{"uv":[132,205],"uv_size":[2,48]}}},{"origin":[-16,0,-23],"size":[32,48,0],"uv":{"down":{"uv":[96,203],"uv_size":[32,0]},"east":{"uv":[64,203],"uv_size":[0,48]},"north":{"uv":[64,203],"uv_size":[32,48]},"south":{"uv":[96,203],"uv_size":[-32,48]},"up":{"uv":[64,203],"uv_size":[32,0]},"west":{"uv":[96,203],"uv_size":[0,48]}}},{"origin":[-16,0,-22.8],"size":[32,48,0],"uv":{"down":{"uv":[96,203],"uv_size":[32,0]},"east":{"uv":[64,203],"uv_size":[0,48]},"north":{"uv":[64,203],"uv_size":[32,48]},"south":{"uv":[96,203],"uv_size":[-32,48]},"up":{"uv":[64,203],"uv_size":[32,0]},"west":{"uv":[96,203],"uv_size":[0,48]}}}],"name":"door","parent":"bone","pivot":[0,0,0]},{"cubes":[{"origin":[-19.89601,37.12583,-22.9],"pivot":[-10.39601,34.12583,-22],"rotation":[0,0,42.5],"size":[1,5,0],"uv":{"down":{"uv":[259,241],"uv_size":[-2,0]},"east":{"uv":[257,241],"uv_size":[0,4]},"north":{"uv":[257,241],"uv_size":[2,4]},"south":{"uv":[257,241],"uv_size":[2,4]},"up":{"uv":[259,241],"uv_size":[-2,0]},"west":{"uv":[257,241],"uv_size":[0,4]}}},{"origin":[-16.89601,40.12583,-22.9],"pivot":[-10.39601,34.12583,-22],"rotation":[0,0,42.5],"size":[1,5,0],"uv":{"down":{"uv":[259,241],"uv_size":[-2,0]},"east":{"uv":[257,241],"uv_size":[0,4]},"north":{"uv":[257,241],"uv_size":[2,4]},"south":{"uv":[257,241],"uv_size":[2,4]},"up":{"uv":[259,241],"uv_size":[-2,0]},"west":{"uv":[257,241],"uv_size":[0,4]}}}],"name":"bone2","parent":"door","pivot":[-10.39601,34.12583,-22]},{"cubes":[{"origin":[-11.89601,37.12583,-22.9],"pivot":[-2.39601,34.12583,-22],"rotation":[0,0,42.5],"size":[1,5,0],"uv":{"down":{"uv":[259,241],"uv_size":[-2,0]},"east":{"uv":[257,241],"uv_size":[0,4]},"north":{"uv":[257,241],"uv_size":[2,4]},"south":{"uv":[257,241],"uv_size":[2,4]},"up":{"uv":[259,241],"uv_size":[-2,0]},"west":{"uv":[257,241],"uv_size":[0,4]}}},{"origin":[-8.89601,40.12583,-22.9],"pivot":[-2.39601,34.12583,-22],"rotation":[0,0,42.5],"size":[1,5,0],"uv":{"down":{"uv":[259,241],"uv_size":[-2,0]},"east":{"uv":[257,241],"uv_size":[0,4]},"north":{"uv":[257,241],"uv_size":[2,4]},"south":{"uv":[257,241],"uv_size":[2,4]},"up":{"uv":[259,241],"uv_size":[-2,0]},"west":{"uv":[257,241],"uv_size":[0,4]}}}],"name":"bone3","parent":"bone2","pivot":[-2.39601,34.12583,-22]},{"cubes":[{"origin":[-3.89601,37.12583,-22.9],"pivot":[5.60399,34.12583,-22],"rotation":[0,0,42.5],"size":[1,5,0],"uv":{"down":{"uv":[259,241],"uv_size":[-2,0]},"east":{"uv":[257,241],"uv_size":[0,4]},"north":{"uv":[257,241],"uv_size":[2,4]},"south":{"uv":[257,241],"uv_size":[2,4]},"up":{"uv":[259,241],"uv_size":[-2,0]},"west":{"uv":[257,241],"uv_size":[0,4]}}}],"name":"bone4","parent":"bone3","pivot":[5.60399,34.12583,-22]},{"cubes":[{"origin":[0.10399,37.12583,-22.9],"pivot":[9.60399,34.12583,-22],"rotation":[0,0,42.5],"size":[1,5,0],"uv":{"down":{"uv":[259,241],"uv_size":[-2,0]},"east":{"uv":[257,241],"uv_size":[0,4]},"north":{"uv":[257,241],"uv_size":[2,4]},"south":{"uv":[257,241],"uv_size":[2,4]},"up":{"uv":[259,241],"uv_size":[-2,0]},"west":{"uv":[257,241],"uv_size":[0,4]}}},{"origin":[3.10399,40.12583,-22.9],"pivot":[9.60399,34.12583,-22],"rotation":[0,0,42.5],"size":[1,5,0],"uv":{"down":{"uv":[259,241],"uv_size":[-2,0]},"east":{"uv":[257,241],"uv_size":[0,4]},"north":{"uv":[257,241],"uv_size":[2,4]},"south":{"uv":[257,241],"uv_size":[2,4]},"up":{"uv":[259,241],"uv_size":[-2,0]},"west":{"uv":[257,241],"uv_size":[0,4]}}}],"name":"bone5","parent":"bone4","pivot":[9.60399,34.12583,-22]},{"cubes":[{"origin":[-19.89601,29.12583,-22.9],"pivot":[-10.39601,26.12583,-22],"rotation":[0,0,42.5],"size":[1,5,0],"uv":{"down":{"uv":[259,241],"uv_size":[-2,0]},"east":{"uv":[257,241],"uv_size":[0,4]},"north":{"uv":[257,241],"uv_size":[2,4]},"south":{"uv":[257,241],"uv_size":[2,4]},"up":{"uv":[259,241],"uv_size":[-2,0]},"west":{"uv":[257,241],"uv_size":[0,4]}}},{"origin":[-16.89601,32.12583,-22.9],"pivot":[-10.39601,26.12583,-22],"rotation":[0,0,42.5],"size":[1,5,0],"uv":{"down":{"uv":[259,241],"uv_size":[-2,0]},"east":{"uv":[257,241],"uv_size":[0,4]},"north":{"uv":[257,241],"uv_size":[2,4]},"south":{"uv":[257,241],"uv_size":[2,4]},"up":{"uv":[259,241],"uv_size":[-2,0]},"west":{"uv":[257,241],"uv_size":[0,4]}}}],"name":"bone6","parent":"door","pivot":[-10.39601,26.12583,-22]},{"cubes":[{"origin":[-11.89601,29.12583,-22.9],"pivot":[-2.39601,26.12583,-22],"rotation":[0,0,42.5],"size":[1,5,0],"uv":{"down":{"uv":[259,241],"uv_size":[-2,0]},"east":{"uv":[257,241],"uv_size":[0,4]},"north":{"uv":[257,241],"uv_size":[2,4]},"south":{"uv":[257,241],"uv_size":[2,4]},"up":{"uv":[259,241],"uv_size":[-2,0]},"west":{"uv":[257,241],"uv_size":[0,4]}}},{"origin":[-8.89601,32.12583,-22.9],"pivot":[-2.39601,26.12583,-22],"rotation":[0,0,42.5],"size":[1,5,0],"uv":{"down":{"uv":[259,241],"uv_size":[-2,0]},"east":{"uv":[257,241],"uv_size":[0,4]},"north":{"uv":[257,241],"uv_size":[2,4]},"south":{"uv":[257,241],"uv_size":[2,4]},"up":{"uv":[259,241],"uv_size":[-2,0]},"west":{"uv":[257,241],"uv_size":[0,4]}}}],"name":"bone7","parent":"bone6","pivot":[-2.39601,26.12583,-22]},{"cubes":[{"origin":[-3.89601,29.12583,-22.9],"pivot":[5.60399,26.12583,-22],"rotation":[0,0,42.5],"size":[1,5,0],"uv":{"down":{"uv":[259,241],"uv_size":[-2,0]},"east":{"uv":[257,241],"uv_size":[0,4]},"north":{"uv":[257,241],"uv_size":[2,4]},"south":{"uv":[257,241],"uv_size":[2,4]},"up":{"uv":[259,241],"uv_size":[-2,0]},"west":{"uv":[257,241],"uv_size":[0,4]}}}],"name":"bone8","parent":"bone7","pivot":[5.60399,26.12583,-22]},{"cubes":[{"origin":[0.10399,29.12583,-22.9],"pivot":[9.60399,26.12583,-22],"rotation":[0,0,42.5],"size":[1,5,0],"uv":{"down":{"uv":[259,241],"uv_size":[-2,0]},"east":{"uv":[257,241],"uv_size":[0,4]},"north":{"uv":[257,241],"uv_size":[2,4]},"south":{"uv":[257,241],"uv_size":[2,4]},"up":{"uv":[259,241],"uv_size":[-2,0]},"west":{"uv":[257,241],"uv_size":[0,4]}}},{"origin":[3.10399,32.12583,-22.9],"pivot":[9.60399,26.12583,-22],"rotation":[0,0,42.5],"size":[1,5,0],"uv":{"down":{"uv":[259,241],"uv_size":[-2,0]},"east":{"uv":[257,241],"uv_size":[0,4]},"north":{"uv":[257,241],"uv_size":[2,4]},"south":{"uv":[257,241],"uv_size":[2,4]},"up":{"uv":[259,241],"uv_size":[-2,0]},"west":{"uv":[257,241],"uv_size":[0,4]}}}],"name":"bone9","parent":"bone8","pivot":[9.60399,26.12583,-22]},{"cubes":[{"origin":[-19.89601,17.12583,-22.9],"pivot":[-10.39601,14.12583,-22],"rotation":[0,0,42.5],"size":[1,5,0],"uv":{"down":{"uv":[259,241],"uv_size":[-2,0]},"east":{"uv":[257,241],"uv_size":[0,4]},"north":{"uv":[257,241],"uv_size":[2,4]},"south":{"uv":[257,241],"uv_size":[2,4]},"up":{"uv":[259,241],"uv_size":[-2,0]},"west":{"uv":[257,241],"uv_size":[0,4]}}},{"origin":[-16.89601,20.12583,-22.9],"pivot":[-10.39601,14.12583,-22],"rotation":[0,0,42.5],"size":[1,5,0],"uv":{"down":{"uv":[259,241],"uv_size":[-2,0]},"east":{"uv":[257,241],"uv_size":[0,4]},"north":{"uv":[257,241],"uv_size":[2,4]},"south":{"uv":[257,241],"uv_size":[2,4]},"up":{"uv":[259,241],"uv_size":[-2,0]},"west":{"uv":[257,241],"uv_size":[0,4]}}}],"name":"bone10","parent":"door","pivot":[-10.39601,14.12583,-22]},{"cubes":[{"origin":[-11.89601,17.12583,-22.9],"pivot":[-2.39601,14.12583,-22],"rotation":[0,0,42.5],"size":[1,5,0],"uv":{"down":{"uv":[259,241],"uv_size":[-2,0]},"east":{"uv":[257,241],"uv_size":[0,4]},"north":{"uv":[257,241],"uv_size":[2,4]},"south":{"uv":[257,241],"uv_size":[2,4]},"up":{"uv":[259,241],"uv_size":[-2,0]},"west":{"uv":[257,241],"uv_size":[0,4]}}},{"origin":[-8.89601,20.12583,-22.9],"pivot":[-2.39601,14.12583,-22],"rotation":[0,0,42.5],"size":[1,5,0],"uv":{"down":{"uv":[259,241],"uv_size":[-2,0]},"east":{"uv":[257,241],"uv_size":[0,4]},"north":{"uv":[257,241],"uv_size":[2,4]},"south":{"uv":[257,241],"uv_size":[2,4]},"up":{"uv":[259,241],"uv_size":[-2,0]},"west":{"uv":[257,241],"uv_size":[0,4]}}}],"name":"bone11","parent":"bone10","pivot":[-2.39601,14.12583,-22]},{"cubes":[{"origin":[-3.89601,17.12583,-22.9],"pivot":[5.60399,14.12583,-22],"rotation":[0,0,42.5],"size":[1,5,0],"uv":{"down":{"uv":[259,241],"uv_size":[-2,0]},"east":{"uv":[257,241],"uv_size":[0,4]},"north":{"uv":[257,241],"uv_size":[2,4]},"south":{"uv":[257,241],"uv_size":[2,4]},"up":{"uv":[259,241],"uv_size":[-2,0]},"west":{"uv":[257,241],"uv_size":[0,4]}}}],"name":"bone12","parent":"bone11","pivot":[5.60399,14.12583,-22]},{"cubes":[{"origin":[0.10399,17.12583,-22.9],"pivot":[9.60399,14.12583,-22],"rotation":[0,0,42.5],"size":[1,5,0],"uv":{"down":{"uv":[259,241],"uv_size":[-2,0]},"east":{"uv":[257,241],"uv_size":[0,4]},"north":{"uv":[257,241],"uv_size":[2,4]},"south":{"uv":[257,241],"uv_size":[2,4]},"up":{"uv":[259,241],"uv_size":[-2,0]},"west":{"uv":[257,241],"uv_size":[0,4]}}},{"origin":[3.10399,20.12583,-22.9],"pivot":[9.60399,14.12583,-22],"rotation":[0,0,42.5],"size":[1,5,0],"uv":{"down":{"uv":[259,241],"uv_size":[-2,0]},"east":{"uv":[257,241],"uv_size":[0,4]},"north":{"uv":[257,241],"uv_size":[2,4]},"south":{"uv":[257,241],"uv_size":[2,4]},"up":{"uv":[259,241],"uv_size":[-2,0]},"west":{"uv":[257,241],"uv_size":[0,4]}}}],"name":"bone13","parent":"bone12","pivot":[9.60399,14.12583,-22]},{"cubes":[{"origin":[-19.89601,3.12583,-22.9],"pivot":[-10.39601,0.12583,-22],"rotation":[0,0,42.5],"size":[1,5,0],"uv":{"down":{"uv":[259,241],"uv_size":[-2,0]},"east":{"uv":[257,241],"uv_size":[0,4]},"north":{"uv":[257,241],"uv_size":[2,4]},"south":{"uv":[257,241],"uv_size":[2,4]},"up":{"uv":[259,241],"uv_size":[-2,0]},"west":{"uv":[257,241],"uv_size":[0,4]}}},{"origin":[-16.89601,6.12583,-22.9],"pivot":[-10.39601,0.12583,-22],"rotation":[0,0,42.5],"size":[1,5,0],"uv":{"down":{"uv":[259,241],"uv_size":[-2,0]},"east":{"uv":[257,241],"uv_size":[0,4]},"north":{"uv":[257,241],"uv_size":[2,4]},"south":{"uv":[257,241],"uv_size":[2,4]},"up":{"uv":[259,241],"uv_size":[-2,0]},"west":{"uv":[257,241],"uv_size":[0,4]}}}],"name":"bone14","parent":"door","pivot":[-10.39601,0.12583,-22]},{"cubes":[{"origin":[-11.89601,3.12583,-22.9],"pivot":[-2.39601,0.12583,-22],"rotation":[0,0,42.5],"size":[1,5,0],"uv":{"down":{"uv":[259,241],"uv_size":[-2,0]},"east":{"uv":[257,241],"uv_size":[0,4]},"north":{"uv":[257,241],"uv_size":[2,4]},"south":{"uv":[257,241],"uv_size":[2,4]},"up":{"uv":[259,241],"uv_size":[-2,0]},"west":{"uv":[257,241],"uv_size":[0,4]}}},{"origin":[-8.89601,6.12583,-22.9],"pivot":[-2.39601,0.12583,-22],"rotation":[0,0,42.5],"size":[1,5,0],"uv":{"down":{"uv":[259,241],"uv_size":[-2,0]},"east":{"uv":[257,241],"uv_size":[0,4]},"north":{"uv":[257,241],"uv_size":[2,4]},"south":{"uv":[257,241],"uv_size":[2,4]},"up":{"uv":[259,241],"uv_size":[-2,0]},"west":{"uv":[257,241],"uv_size":[0,4]}}}],"name":"bone15","parent":"bone14","pivot":[-2.39601,0.12583,-22]},{"cubes":[{"origin":[-3.89601,3.12583,-22.9],"pivot":[5.60399,0.12583,-22],"rotation":[0,0,42.5],"size":[1,5,0],"uv":{"down":{"uv":[259,241],"uv_size":[-2,0]},"east":{"uv":[257,241],"uv_size":[0,4]},"north":{"uv":[257,241],"uv_size":[2,4]},"south":{"uv":[257,241],"uv_size":[2,4]},"up":{"uv":[259,241],"uv_size":[-2,0]},"west":{"uv":[257,241],"uv_size":[0,4]}}}],"name":"bone16","parent":"bone15","pivot":[5.60399,0.12583,-22]},{"cubes":[{"origin":[0.10399,3.12583,-22.9],"pivot":[9.60399,0.12583,-22],"rotation":[0,0,42.5],"size":[1,5,0],"uv":{"down":{"uv":[259,241],"uv_size":[-2,0]},"east":{"uv":[257,241],"uv_size":[0,4]},"north":{"uv":[257,241],"uv_size":[2,4]},"south":{"uv":[257,241],"uv_size":[2,4]},"up":{"uv":[259,241],"uv_size":[-2,0]},"west":{"uv":[257,241],"uv_size":[0,4]}}},{"origin":[3.10399,6.12583,-22.9],"pivot":[9.60399,0.12583,-22],"rotation":[0,0,42.5],"size":[1,5,0],"uv":{"down":{"uv":[259,241],"uv_size":[-2,0]},"east":{"uv":[257,241],"uv_size":[0,4]},"north":{"uv":[257,241],"uv_size":[2,4]},"south":{"uv":[257,241],"uv_size":[2,4]},"up":{"uv":[259,241],"uv_size":[-2,0]},"west":{"uv":[257,241],"uv_size":[0,4]}}}],"name":"bone17","parent":"bone16","pivot":[9.60399,0.12583,-22]}],"description":{"identifier":"geometry.elevator","texture_height":512,"texture_width":512,"visible_bounds_height":7,"visible_bounds_offset":[0,2.5,0],"visible_bounds_width":5}}]}