{"format_version":"1.12.0","minecraft:geometry":[{"bones":[{"cubes":[{"origin":[-5,0,-5],"size":[10,2,10],"uv":{"down":{"uv":[12,20],"uv_size":[10,-10]},"east":{"uv":[32,6],"uv_size":[10,2]},"north":{"uv":[32,4],"uv_size":[10,2]},"south":{"uv":[32,8],"uv_size":[10,2]},"up":{"uv":[12,0],"uv_size":[10,10]},"west":{"uv":[20,32],"uv_size":[10,2]}}},{"origin":[-4,2,-4],"size":[8,4,8],"uv":{"down":{"uv":[22,26],"uv_size":[8,-8]},"east":{"uv":[30,17],"uv_size":[8,4]},"north":{"uv":[30,13],"uv_size":[8,4]},"south":{"uv":[30,21],"uv_size":[8,4]},"up":{"uv":[22,10],"uv_size":[8,8]},"west":{"uv":[32,0],"uv_size":[8,4]}}},{"origin":[-6,6,-6],"size":[12,3,12],"uv":{"down":{"uv":[0,24],"uv_size":[12,-12]},"east":{"uv":[22,29],"uv_size":[12,3]},"north":{"uv":[22,26],"uv_size":[12,3]},"south":{"uv":[8,30],"uv_size":[12,3]},"up":{"uv":[0,0],"uv_size":[12,12]},"west":{"uv":[30,10],"uv_size":[12,3]}}},{"origin":[-2,5,-7],"size":[4,3,2],"uv":{"down":{"uv":[34,27],"uv_size":[4,-2]},"east":{"uv":[0,36],"uv_size":[2,3]},"north":{"uv":[8,24],"uv_size":[4,3]},"south":{"uv":[8,27],"uv_size":[4,3]},"up":{"uv":[22,34],"uv_size":[4,2]},"west":{"uv":[2,36],"uv_size":[2,3]}}}],"name":"bb_main","pivot":[0,0,0]},{"cubes":[{"origin":[-5,11.125,-5],"size":[10,0,10],"uv":{"down":{"uv":[22,10],"uv_size":[10,-10]},"east":{"uv":[0,0],"uv_size":[10,0]},"north":{"uv":[0,0],"uv_size":[10,0]},"south":{"uv":[0,0],"uv_size":[10,0]},"up":{"uv":[12,20],"uv_size":[10,10]},"west":{"uv":[0,0],"uv_size":[10,0]}}}],"name":"ring","parent":"bb_main","pivot":[0,11.125,0]},{"cubes":[{"origin":[-1,13,0.25],"size":[2,6,0.5],"uv":{"down":{"uv":[4,37],"uv_size":[4,-1]},"east":{"uv":[30,32],"uv_size":[1,12]},"north":{"uv":[0,24],"uv_size":[4,12]},"south":{"uv":[4,24],"uv_size":[4,12]},"up":{"uv":[30,25],"uv_size":[4,1]},"west":{"uv":[31,32],"uv_size":[1,12]}}},{"origin":[-1.5,13.5,0.25],"size":[0.5,5,0.5],"uv":{"down":{"uv":[21,31],"uv_size":[1,-1]},"east":{"uv":[8,33],"uv_size":[1,10]},"north":{"uv":[32,32],"uv_size":[1,10]},"south":{"uv":[9,33],"uv_size":[1,10]},"up":{"uv":[20,30],"uv_size":[1,1]},"west":{"uv":[10,33],"uv_size":[1,10]}}},{"origin":[1,13.5,0.25],"size":[0.5,5,0.5],"uv":{"down":{"uv":[21,32],"uv_size":[1,-1]},"east":{"uv":[12,33],"uv_size":[1,10]},"north":{"uv":[11,33],"uv_size":[1,10]},"south":{"uv":[13,33],"uv_size":[1,10]},"up":{"uv":[20,31],"uv_size":[1,1]},"west":{"uv":[14,33],"uv_size":[1,10]}}},{"origin":[-2,14,0.25],"size":[0.5,4,0.5],"uv":{"down":{"uv":[23,37],"uv_size":[1,-1]},"east":{"uv":[16,33],"uv_size":[1,8]},"north":{"uv":[15,33],"uv_size":[1,8]},"south":{"uv":[17,33],"uv_size":[1,8]},"up":{"uv":[22,36],"uv_size":[1,1]},"west":{"uv":[18,33],"uv_size":[1,8]}}},{"origin":[1.5,14,0.25],"size":[0.5,4,0.5],"uv":{"down":{"uv":[25,37],"uv_size":[1,-1]},"east":{"uv":[33,32],"uv_size":[1,8]},"north":{"uv":[19,33],"uv_size":[1,8]},"south":{"uv":[20,34],"uv_size":[1,8]},"up":{"uv":[24,36],"uv_size":[1,1]},"west":{"uv":[21,34],"uv_size":[1,8]}}},{"origin":[-2.5,14.5,0.25],"size":[0.5,3,0.5],"uv":{"down":{"uv":[36,29],"uv_size":[1,-1]},"east":{"uv":[27,34],"uv_size":[1,6]},"north":{"uv":[26,34],"uv_size":[1,6]},"south":{"uv":[34,27],"uv_size":[1,6]},"up":{"uv":[36,27],"uv_size":[1,1]},"west":{"uv":[28,34],"uv_size":[1,6]}}},{"origin":[2,14.5,0.25],"size":[0.5,3,0.5],"uv":{"down":{"uv":[36,31],"uv_size":[1,-1]},"east":{"uv":[34,33],"uv_size":[1,6]},"north":{"uv":[29,34],"uv_size":[1,6]},"south":{"uv":[35,27],"uv_size":[1,6]},"up":{"uv":[36,29],"uv_size":[1,1]},"west":{"uv":[35,33],"uv_size":[1,6]}}}],"name":"item2","pivot":[0,16,0.5]}],"description":{"identifier":"geometry.emerald_item_trophy","texture_height":64,"texture_width":64,"visible_bounds_height":3.5,"visible_bounds_offset":[0,1.25,0],"visible_bounds_width":2}}]}