{"format_version":"1.12.0","minecraft:geometry":[{"bones":[{"name":"bb_main","pivot":[0,28,0]},{"cubes":[{"inflate":-0.1,"origin":[-2.9,58.86395,-48.15253],"pivot":[0.1,71.86395,-28.65253],"rotation":[60,0,0],"size":[6,20,25],"uv":{"down":{"uv":[429,90],"uv_size":[6,-25]},"east":{"uv":[404,66],"uv_size":[25,20]},"north":{"uv":[266,112],"uv_size":[6,20]},"south":{"uv":[272,112],"uv_size":[6,20]},"up":{"uv":[282,428],"uv_size":[6,25]},"west":{"uv":[404,86],"uv_size":[25,20]}}},{"inflate":-0.1,"origin":[-16,26.89299,-36.33243],"pivot":[0,26.39299,-19.33243],"rotation":[-25,0,0],"size":[32,44,34],"uv":{"down":{"uv":[128,286],"uv_size":[32,-34]},"east":{"uv":[112,56],"uv_size":[34,44]},"north":{"uv":[186,208],"uv_size":[32,44]},"south":{"uv":[212,0],"uv_size":[32,44]},"up":{"uv":[96,252],"uv_size":[32,34]},"west":{"uv":[50,164],"uv_size":[34,44]}}}],"name":"bone4","parent":"bb_main","pivot":[0.0545,55.54334,-19.68898],"rotation":[45,0,0]},{"cubes":[{"inflate":-0.1,"origin":[-15.9,48.83846,-12.91146],"pivot":[0.1,60.83846,10.08854],"rotation":[-50,0,0],"size":[32,44,34],"uv":{"down":{"uv":[0,296],"uv_size":[32,-34]},"east":{"uv":[152,164],"uv_size":[34,44]},"north":{"uv":[220,142],"uv_size":[32,44]},"south":{"uv":[234,44],"uv_size":[32,44]},"up":{"uv":[192,252],"uv_size":[32,34]},"west":{"uv":[186,164],"uv_size":[34,44]}}},{"inflate":-0.1,"origin":[-2.9,87.22528,-10.44045],"pivot":[0.1,98.22528,4.05955],"rotation":[37.5,0,0],"size":[6,20,25],"uv":{"down":{"uv":[315,455],"uv_size":[6,-25]},"east":{"uv":[288,404],"uv_size":[25,20]},"north":{"uv":[278,112],"uv_size":[6,20]},"south":{"uv":[216,286],"uv_size":[6,20]},"up":{"uv":[309,430],"uv_size":[6,25]},"west":{"uv":[408,211],"uv_size":[25,20]}}}],"name":"bone","parent":"bone4","pivot":[0.1,62.0385,-6.51307]},{"cubes":[{"origin":[-15.9,48.83846,-12.91146],"pivot":[0.1,60.83846,10.08854],"rotation":[-50,0,0],"size":[32,44,34],"uv":{"down":{"uv":[256,308],"uv_size":[32,-34]},"east":{"uv":[50,208],"uv_size":[34,44]},"north":{"uv":[250,186],"uv_size":[32,44]},"south":{"uv":[250,230],"uv_size":[32,44]},"up":{"uv":[224,274],"uv_size":[32,34]},"west":{"uv":[84,208],"uv_size":[34,44]}}},{"origin":[-2.9,87.22528,-10.44045],"pivot":[0.1,98.22528,4.05955],"rotation":[37.5,0,0],"size":[6,20,25],"uv":{"down":{"uv":[206,457],"uv_size":[6,-25]},"east":{"uv":[408,391],"uv_size":[25,20]},"north":{"uv":[433,251],"uv_size":[6,20]},"south":{"uv":[433,271],"uv_size":[6,20]},"up":{"uv":[200,432],"uv_size":[6,25]},"west":{"uv":[410,106],"uv_size":[25,20]}}}],"name":"explode3","parent":"bone","pivot":[0.1,65.22528,0.05955]},{"cubes":[{"origin":[-15.9,75.09602,18.81524],"pivot":[0.1,97.09602,35.81524],"rotation":[-40,0,0],"size":[32,44,34],"uv":{"down":{"uv":[160,286],"uv_size":[32,-34]},"east":{"uv":[84,164],"uv_size":[34,44]},"north":{"uv":[0,218],"uv_size":[32,44]},"south":{"uv":[218,208],"uv_size":[32,44]},"up":{"uv":[252,132],"uv_size":[32,34]},"west":{"uv":[118,164],"uv_size":[34,44]}}},{"inflate":-0.1,"origin":[-2.9,106.34285,-1.86699],"pivot":[0.1,123.34285,14.63301],"rotation":[52.5,0,0],"size":[6,20,25],"uv":{"down":{"uv":[327,455],"uv_size":[6,-25]},"east":{"uv":[408,231],"uv_size":[25,20]},"north":{"uv":[338,172],"uv_size":[6,20]},"south":{"uv":[344,172],"uv_size":[6,20]},"up":{"uv":[321,430],"uv_size":[6,25]},"west":{"uv":[408,251],"uv_size":[25,20]}}}],"name":"bone2","parent":"bone","pivot":[0.1,81.81642,22.76784],"rotation":[-45,0,0]},{"cubes":[{"inflate":0.1,"origin":[-15.9,75.09602,18.81524],"pivot":[0.1,97.09602,35.81524],"rotation":[-40,0,0],"size":[32,44,34],"uv":{"down":{"uv":[266,112],"uv_size":[32,-34]},"east":{"uv":[200,54],"uv_size":[34,44]},"north":{"uv":[234,88],"uv_size":[32,44]},"south":{"uv":[244,0],"uv_size":[32,44]},"up":{"uv":[266,44],"uv_size":[32,34]},"west":{"uv":[200,98],"uv_size":[34,44]}}},{"origin":[-2.9,106.34285,-1.86699],"pivot":[0.1,123.34285,14.63301],"rotation":[52.5,0,0],"size":[6,20,25],"uv":{"down":{"uv":[194,457],"uv_size":[6,-25]},"east":{"uv":[408,351],"uv_size":[25,20]},"north":{"uv":[433,211],"uv_size":[6,20]},"south":{"uv":[433,231],"uv_size":[6,20]},"up":{"uv":[188,432],"uv_size":[6,25]},"west":{"uv":[408,371],"uv_size":[25,20]}}}],"name":"explode","parent":"bone2","pivot":[0.1,95.50206,26.78334]},{"cubes":[{"inflate":-0.1,"origin":[-25.9,91.90928,40.93844],"size":[50,54,56],"uv":{"down":{"uv":[50,164],"uv_size":[50,-56]},"east":{"uv":[0,0],"uv_size":[56,54]},"north":{"uv":[150,56],"uv_size":[50,54]},"south":{"uv":[150,110],"uv_size":[50,54]},"up":{"uv":[0,108],"uv_size":[50,56]},"west":{"uv":[0,54],"uv_size":[56,54]}}},{"inflate":-0.1,"origin":[-2.9,139.96911,33.3269],"pivot":[0.1,150.46911,45.8269],"rotation":[22.5,0,0],"size":[6,20,25],"uv":{"down":{"uv":[66,449],"uv_size":[6,-25]},"east":{"uv":[24,404],"uv_size":[25,20]},"north":{"uv":[212,142],"uv_size":[6,20]},"south":{"uv":[244,186],"uv_size":[6,20]},"up":{"uv":[44,218],"uv_size":[6,25]},"west":{"uv":[49,404],"uv_size":[25,20]}}},{"inflate":-0.1,"origin":[-2.9,144.8637,65.19587],"pivot":[0.1,142.98524,83.30668],"rotation":[10,0,0],"size":[6,20,25],"uv":{"down":{"uv":[38,243],"uv_size":[6,-25]},"east":{"uv":[252,166],"uv_size":[25,20]},"north":{"uv":[200,142],"uv_size":[6,20]},"south":{"uv":[206,142],"uv_size":[6,20]},"up":{"uv":[32,218],"uv_size":[6,25]},"west":{"uv":[404,0],"uv_size":[25,20]}}}],"name":"head","parent":"bone2","pivot":[0.1,115.98524,43.30668],"rotation":[-12.5,0,0]},{"cubes":[{"origin":[-25.9,91.90928,40.93844],"size":[50,54,56],"uv":{"down":{"uv":[112,56],"uv_size":[50,-56]},"east":{"uv":[56,0],"uv_size":[56,54]},"north":{"uv":[162,0],"uv_size":[50,54]},"south":{"uv":[0,164],"uv_size":[50,54]},"up":{"uv":[100,108],"uv_size":[50,56]},"west":{"uv":[56,54],"uv_size":[56,54]}}},{"origin":[-2.9,144.8637,65.19587],"pivot":[0.1,142.98524,83.30668],"rotation":[10,0,0],"size":[6,20,25],"uv":{"down":{"uv":[222,456],"uv_size":[6,-25]},"east":{"uv":[408,271],"uv_size":[25,20]},"north":{"uv":[354,228],"uv_size":[6,20]},"south":{"uv":[385,432],"uv_size":[6,20]},"up":{"uv":[216,431],"uv_size":[6,25]},"west":{"uv":[408,291],"uv_size":[25,20]}}},{"origin":[-2.9,139.96911,33.3269],"pivot":[0.1,150.46911,45.8269],"rotation":[22.5,0,0],"size":[6,20,25],"uv":{"down":{"uv":[234,456],"uv_size":[6,-25]},"east":{"uv":[408,311],"uv_size":[25,20]},"north":{"uv":[391,432],"uv_size":[6,20]},"south":{"uv":[397,432],"uv_size":[6,20]},"up":{"uv":[228,431],"uv_size":[6,25]},"west":{"uv":[408,331],"uv_size":[25,20]}}}],"name":"explode2","parent":"head","pivot":[0.1,150.46911,45.8269]},{"cubes":[{"origin":[-16,26.89299,-36.33243],"pivot":[0,26.39299,-19.33243],"rotation":[-25,0,0],"size":[32,44,34],"uv":{"down":{"uv":[282,200],"uv_size":[32,-34]},"east":{"uv":[118,208],"uv_size":[34,44]},"north":{"uv":[32,252],"uv_size":[32,44]},"south":{"uv":[64,252],"uv_size":[32,44]},"up":{"uv":[276,0],"uv_size":[32,34]},"west":{"uv":[152,208],"uv_size":[34,44]}}},{"origin":[-2.9,58.86395,-48.15253],"pivot":[0.1,71.86395,-28.65253],"rotation":[60,0,0],"size":[6,20,25],"uv":{"down":{"uv":[339,457],"uv_size":[6,-25]},"east":{"uv":[410,126],"uv_size":[25,20]},"north":{"uv":[433,291],"uv_size":[6,20]},"south":{"uv":[433,311],"uv_size":[6,20]},"up":{"uv":[333,432],"uv_size":[6,25]},"west":{"uv":[313,410],"uv_size":[25,20]}}}],"name":"explode4","parent":"bone4","pivot":[0.1,71.86395,-28.65253]},{"cubes":[{"inflate":-0.1,"origin":[-28,18.84556,8.07622],"pivot":[-16,34.84556,20.07622],"rotation":[77.5,0,0],"size":[24,28,24],"uv":{"down":{"uv":[360,252],"uv_size":[24,-24]},"east":{"uv":[72,328],"uv_size":[24,28]},"north":{"uv":[48,328],"uv_size":[24,28]},"south":{"uv":[288,328],"uv_size":[24,28]},"up":{"uv":[312,356],"uv_size":[24,24]},"west":{"uv":[312,328],"uv_size":[24,28]}}}],"name":"bone6","pivot":[-16,37.51576,8.17755],"rotation":[0,-42.5,0]},{"cubes":[{"origin":[-28,18.84556,8.07622],"pivot":[-16,34.84556,20.07622],"rotation":[77.5,0,0],"size":[24,28,24],"uv":{"down":{"uv":[384,276],"uv_size":[24,-24]},"east":{"uv":[354,200],"uv_size":[24,28]},"north":{"uv":[354,172],"uv_size":[24,28]},"south":{"uv":[0,356],"uv_size":[24,28]},"up":{"uv":[384,228],"uv_size":[24,24]},"west":{"uv":[356,0],"uv_size":[24,28]}}}],"name":"explode9","parent":"bone6","pivot":[-16,34.84556,20.07622]},{"cubes":[{"origin":[-28,7,17],"pivot":[-16,36,32],"rotation":[30,0,0],"size":[24,32,24],"uv":{"down":{"uv":[360,300],"uv_size":[24,-24]},"east":{"uv":[144,286],"uv_size":[24,32]},"north":{"uv":[120,286],"uv_size":[24,32]},"south":{"uv":[168,286],"uv_size":[24,32]},"up":{"uv":[360,252],"uv_size":[24,24]},"west":{"uv":[192,286],"uv_size":[24,32]}}},{"inflate":0.1,"origin":[-28,0.18526,33.29423],"size":[24,15.2,21],"uv":{"down":{"uv":[360,417],"uv_size":[24,-21]},"east":{"uv":[288,424],"uv_size":[21,15]},"north":{"uv":[192,417],"uv_size":[24,15]},"south":{"uv":[338,417],"uv_size":[24,15]},"up":{"uv":[394,45],"uv_size":[24,21]},"west":{"uv":[426,146],"uv_size":[21,15]}}},{"origin":[-28,0.77675,51.32056],"pivot":[-16,8.27675,53.82056],"rotation":[-15,0,0],"size":[24,24,5],"uv":{"down":{"uv":[429,95],"uv_size":[24,-5]},"east":{"uv":[355,432],"uv_size":[5,24]},"north":{"uv":[360,300],"uv_size":[24,24]},"south":{"uv":[360,324],"uv_size":[24,24]},"up":{"uv":[429,15],"uv_size":[24,5]},"west":{"uv":[360,432],"uv_size":[5,24]}}}],"name":"bone7","parent":"bone6","pivot":[-16,34.27675,29.82056]},{"cubes":[{"inflate":0.1,"origin":[-28,7,17],"pivot":[-16,36,32],"rotation":[30,0,0],"size":[24,32,24],"uv":{"down":{"uv":[384,372],"uv_size":[24,-24]},"east":{"uv":[312,296],"uv_size":[24,32]},"north":{"uv":[312,264],"uv_size":[24,32]},"south":{"uv":[314,162],"uv_size":[24,32]},"up":{"uv":[384,324],"uv_size":[24,24]},"west":{"uv":[96,318],"uv_size":[24,32]}}},{"inflate":0.2,"origin":[-28,0.18526,33.29423],"size":[24,15.2,21],"uv":{"down":{"uv":[168,423],"uv_size":[24,-21]},"east":{"uv":[240,428],"uv_size":[21,15]},"north":{"uv":[0,423],"uv_size":[24,15]},"south":{"uv":[74,423],"uv_size":[24,15]},"up":{"uv":[402,148],"uv_size":[24,21]},"west":{"uv":[261,428],"uv_size":[21,15]}}},{"inflate":0.1,"origin":[-28,0.77675,51.32056],"pivot":[-16,8.27675,53.82056],"rotation":[-15,0,0],"size":[24,24,5],"uv":{"down":{"uv":[72,443],"uv_size":[24,-5]},"east":{"uv":[435,115],"uv_size":[5,24]},"north":{"uv":[384,276],"uv_size":[24,24]},"south":{"uv":[384,300],"uv_size":[24,24]},"up":{"uv":[435,139],"uv_size":[24,5]},"west":{"uv":[0,438],"uv_size":[5,24]}}}],"name":"explode10","parent":"bone7","pivot":[-16,8.27675,53.82056]},{"cubes":[{"inflate":-0.1,"origin":[-21.91969,12.36735,-33.5124],"pivot":[-16,34.84556,-20.07622],"rotation":[-77.5,0,0],"size":[24,28,24],"uv":{"down":{"uv":[362,156],"uv_size":[24,-24]},"east":{"uv":[330,222],"uv_size":[24,28]},"north":{"uv":[330,194],"uv_size":[24,28]},"south":{"uv":[332,0],"uv_size":[24,28]},"up":{"uv":[360,348],"uv_size":[24,24]},"west":{"uv":[332,88],"uv_size":[24,28]}}}],"name":"bone8","pivot":[-16,37.51576,-8.17755],"rotation":[0,42.5,0]},{"cubes":[{"origin":[-21.91969,12.36735,-33.5124],"pivot":[-16,34.84556,-20.07622],"rotation":[-77.5,0,0],"size":[24,28,24],"uv":{"down":{"uv":[380,100],"uv_size":[24,-24]},"east":{"uv":[144,350],"uv_size":[24,28]},"north":{"uv":[120,350],"uv_size":[24,28]},"south":{"uv":[168,350],"uv_size":[24,28]},"up":{"uv":[72,380],"uv_size":[24,24]},"west":{"uv":[192,350],"uv_size":[24,28]}}}],"name":"explode7","parent":"bone8","pivot":[-16,34.84556,-20.07622]},{"cubes":[{"origin":[-21.91969,3.68225,-46.74651],"pivot":[-16,36,-32],"rotation":[-30,0,0],"size":[24,32,24],"uv":{"down":{"uv":[216,392],"uv_size":[24,-24]},"east":{"uv":[0,296],"uv_size":[24,32]},"north":{"uv":[288,264],"uv_size":[24,32]},"south":{"uv":[24,296],"uv_size":[24,32]},"up":{"uv":[336,362],"uv_size":[24,24]},"west":{"uv":[48,296],"uv_size":[24,32]}}},{"inflate":0.2,"origin":[-21.91969,0.18526,-60.92973],"size":[24,15.2,21],"uv":{"down":{"uv":[394,45],"uv_size":[24,-21]},"east":{"uv":[24,424],"uv_size":[21,15]},"north":{"uv":[264,413],"uv_size":[24,15]},"south":{"uv":[216,416],"uv_size":[24,15]},"up":{"uv":[264,392],"uv_size":[24,21]},"west":{"uv":[45,424],"uv_size":[21,15]}}},{"inflate":0.1,"origin":[-21.91969,2.49414,-62.72996],"pivot":[-16,8.27675,-53.82056],"rotation":[15,0,0],"size":[24,24,5],"uv":{"down":{"uv":[429,105],"uv_size":[24,-5]},"east":{"uv":[365,432],"uv_size":[5,24]},"north":{"uv":[240,368],"uv_size":[24,24]},"south":{"uv":[264,368],"uv_size":[24,24]},"up":{"uv":[429,95],"uv_size":[24,5]},"west":{"uv":[370,432],"uv_size":[5,24]}}}],"name":"bone9","parent":"bone8","pivot":[-16,34.27675,-29.82056]},{"cubes":[{"inflate":0.1,"origin":[-21.91969,3.68225,-46.74651],"pivot":[-16,36,-32],"rotation":[-30,0,0],"size":[24,32,24],"uv":{"down":{"uv":[0,408],"uv_size":[24,-24]},"east":{"uv":[216,308],"uv_size":[24,32]},"north":{"uv":[308,130],"uv_size":[24,32]},"south":{"uv":[240,308],"uv_size":[24,32]},"up":{"uv":[312,380],"uv_size":[24,24]},"west":{"uv":[264,308],"uv_size":[24,32]}}},{"inflate":0.3,"origin":[-21.91969,0.18526,-60.92973],"size":[24,15.2,21],"uv":{"down":{"uv":[144,423],"uv_size":[24,-21]},"east":{"uv":[426,191],"uv_size":[21,15]},"north":{"uv":[418,35],"uv_size":[24,15]},"south":{"uv":[418,50],"uv_size":[24,15]},"up":{"uv":[120,402],"uv_size":[24,21]},"west":{"uv":[407,426],"uv_size":[21,15]}}},{"inflate":0.2,"origin":[-21.91969,2.49414,-62.72996],"pivot":[-16,8.27675,-53.82056],"rotation":[15,0,0],"size":[24,24,5],"uv":{"down":{"uv":[435,115],"uv_size":[24,-5]},"east":{"uv":[433,384],"uv_size":[5,24]},"north":{"uv":[380,100],"uv_size":[24,24]},"south":{"uv":[288,380],"uv_size":[24,24]},"up":{"uv":[435,105],"uv_size":[24,5]},"west":{"uv":[435,65],"uv_size":[5,24]}}}],"name":"explode8","parent":"bone9","pivot":[-16,8.27675,-53.82056]},{"cubes":[{"inflate":-0.1,"origin":[-2.08031,12.36735,-33.5124],"pivot":[16,34.84556,-20.07622],"rotation":[-77.5,0,0],"size":[24,28,24],"uv":{"down":{"uv":[370,76],"uv_size":[24,-24]},"east":{"uv":[336,250],"uv_size":[24,28]},"north":{"uv":[332,116],"uv_size":[24,28]},"south":{"uv":[336,278],"uv_size":[24,28]},"up":{"uv":[370,28],"uv_size":[24,24]},"west":{"uv":[336,306],"uv_size":[24,28]}}}],"name":"bone10","pivot":[16,37.51576,-8.17755],"rotation":[0,-42.5,0]},{"cubes":[{"origin":[-2.08031,12.36735,-33.5124],"pivot":[16,34.84556,-20.07622],"rotation":[-77.5,0,0],"size":[24,28,24],"uv":{"down":{"uv":[192,402],"uv_size":[24,-24]},"east":{"uv":[346,28],"uv_size":[24,28]},"north":{"uv":[264,340],"uv_size":[24,28]},"south":{"uv":[346,56],"uv_size":[24,28]},"up":{"uv":[378,180],"uv_size":[24,24]},"west":{"uv":[96,350],"uv_size":[24,28]}}}],"name":"explode5","parent":"bone10","pivot":[16,34.84556,-20.07622]},{"cubes":[{"origin":[-2.08031,3.68225,-46.74651],"pivot":[16,36,-32],"rotation":[-30,0,0],"size":[24,32,24],"uv":{"down":{"uv":[96,402],"uv_size":[24,-24]},"east":{"uv":[288,296],"uv_size":[24,32]},"north":{"uv":[72,296],"uv_size":[24,32]},"south":{"uv":[298,34],"uv_size":[24,32]},"up":{"uv":[360,372],"uv_size":[24,24]},"west":{"uv":[298,66],"uv_size":[24,32]}}},{"inflate":0.2,"origin":[-2.08031,0.18526,-60.92973],"size":[24,15.2,21],"uv":{"down":{"uv":[360,417],"uv_size":[24,-21]},"east":{"uv":[288,424],"uv_size":[21,15]},"north":{"uv":[192,417],"uv_size":[24,15]},"south":{"uv":[338,417],"uv_size":[24,15]},"up":{"uv":[394,45],"uv_size":[24,21]},"west":{"uv":[426,146],"uv_size":[21,15]}}},{"inflate":0.1,"origin":[-2.08031,2.49414,-62.72996],"pivot":[16,8.27675,-53.82056],"rotation":[15,0,0],"size":[24,24,5],"uv":{"down":{"uv":[432,421],"uv_size":[24,-5]},"east":{"uv":[375,432],"uv_size":[5,24]},"north":{"uv":[120,378],"uv_size":[24,24]},"south":{"uv":[144,378],"uv_size":[24,24]},"up":{"uv":[432,411],"uv_size":[24,5]},"west":{"uv":[380,432],"uv_size":[5,24]}}}],"name":"bone11","parent":"bone10","pivot":[16,34.27675,-29.82056]},{"cubes":[{"inflate":0.1,"origin":[-2.08031,3.68225,-46.74651],"pivot":[16,36,-32],"rotation":[-30,0,0],"size":[24,32,24],"uv":{"down":{"uv":[48,404],"uv_size":[24,-24]},"east":{"uv":[306,232],"uv_size":[24,32]},"north":{"uv":[306,200],"uv_size":[24,32]},"south":{"uv":[308,0],"uv_size":[24,32]},"up":{"uv":[24,380],"uv_size":[24,24]},"west":{"uv":[308,98],"uv_size":[24,32]}}},{"inflate":0.3,"origin":[-2.08031,0.18526,-60.92973],"size":[24,15.2,21],"uv":{"down":{"uv":[96,423],"uv_size":[24,-21]},"east":{"uv":[426,161],"uv_size":[21,15]},"north":{"uv":[362,417],"uv_size":[24,15]},"south":{"uv":[418,20],"uv_size":[24,15]},"up":{"uv":[384,396],"uv_size":[24,21]},"west":{"uv":[426,176],"uv_size":[21,15]}}},{"inflate":0.2,"origin":[-2.08031,2.49414,-62.72996],"pivot":[16,8.27675,-53.82056],"rotation":[15,0,0],"size":[24,24,5],"uv":{"down":{"uv":[433,384],"uv_size":[24,-5]},"east":{"uv":[433,331],"uv_size":[5,24]},"north":{"uv":[378,204],"uv_size":[24,24]},"south":{"uv":[380,0],"uv_size":[24,24]},"up":{"uv":[432,421],"uv_size":[24,5]},"west":{"uv":[433,355],"uv_size":[5,24]}}}],"name":"explode6","parent":"bone11","pivot":[16,8.27675,-53.82056]},{"cubes":[{"inflate":-0.1,"origin":[4,18.84556,8.07622],"pivot":[16,34.84556,20.07622],"rotation":[77.5,0,0],"size":[24,28,24],"uv":{"down":{"uv":[384,252],"uv_size":[-24,-24]},"east":{"uv":[336,328],"uv_size":[-24,28]},"north":{"uv":[72,328],"uv_size":[-24,28]},"south":{"uv":[312,328],"uv_size":[-24,28]},"up":{"uv":[336,356],"uv_size":[-24,24]},"west":{"uv":[96,328],"uv_size":[-24,28]}}}],"name":"bone3","pivot":[16,37.51576,8.17755],"rotation":[0,42.5,0]},{"cubes":[{"origin":[4,18.84556,8.07622],"pivot":[16,34.84556,20.07622],"rotation":[77.5,0,0],"size":[24,28,24],"uv":{"down":{"uv":[408,276],"uv_size":[-24,-24]},"east":{"uv":[380,0],"uv_size":[-24,28]},"north":{"uv":[378,172],"uv_size":[-24,28]},"south":{"uv":[24,356],"uv_size":[-24,28]},"up":{"uv":[408,228],"uv_size":[-24,24]},"west":{"uv":[378,200],"uv_size":[-24,28]}}}],"name":"explode11","parent":"bone3","pivot":[16,34.84556,20.07622]},{"cubes":[{"origin":[4,7,17],"pivot":[16,36,32],"rotation":[30,0,0],"size":[24,32,24],"uv":{"down":{"uv":[384,300],"uv_size":[-24,-24]},"east":{"uv":[216,286],"uv_size":[-24,32]},"north":{"uv":[144,286],"uv_size":[-24,32]},"south":{"uv":[192,286],"uv_size":[-24,32]},"up":{"uv":[384,252],"uv_size":[-24,24]},"west":{"uv":[168,286],"uv_size":[-24,32]}}},{"inflate":0.1,"origin":[4,0.18526,33.29423],"size":[24,15.2,21],"uv":{"down":{"uv":[384,417],"uv_size":[-24,-21]},"east":{"uv":[447,146],"uv_size":[-21,15]},"north":{"uv":[216,417],"uv_size":[-24,15]},"south":{"uv":[362,417],"uv_size":[-24,15]},"up":{"uv":[418,45],"uv_size":[-24,21]},"west":{"uv":[309,424],"uv_size":[-21,15]}}},{"origin":[4,0.77675,51.32056],"pivot":[16,8.27675,53.82056],"rotation":[-15,0,0],"size":[24,24,5],"uv":{"down":{"uv":[453,95],"uv_size":[-24,-5]},"east":{"uv":[365,432],"uv_size":[-5,24]},"north":{"uv":[384,300],"uv_size":[-24,24]},"south":{"uv":[384,324],"uv_size":[-24,24]},"up":{"uv":[453,15],"uv_size":[-24,5]},"west":{"uv":[360,432],"uv_size":[-5,24]}}}],"name":"bone5","parent":"bone3","pivot":[16,34.27675,29.82056]},{"cubes":[{"inflate":0.1,"origin":[4,7,17],"pivot":[16,36,32],"rotation":[30,0,0],"size":[24,32,24],"uv":{"down":{"uv":[408,372],"uv_size":[-24,-24]},"east":{"uv":[120,318],"uv_size":[-24,32]},"north":{"uv":[336,264],"uv_size":[-24,32]},"south":{"uv":[338,162],"uv_size":[-24,32]},"up":{"uv":[408,324],"uv_size":[-24,24]},"west":{"uv":[336,296],"uv_size":[-24,32]}}},{"inflate":0.2,"origin":[4,0.18526,33.29423],"size":[24,15.2,21],"uv":{"down":{"uv":[192,423],"uv_size":[-24,-21]},"east":{"uv":[282,428],"uv_size":[-21,15]},"north":{"uv":[24,423],"uv_size":[-24,15]},"south":{"uv":[98,423],"uv_size":[-24,15]},"up":{"uv":[426,148],"uv_size":[-24,21]},"west":{"uv":[261,428],"uv_size":[-21,15]}}},{"inflate":0.1,"origin":[4,0.77675,51.32056],"pivot":[16,8.27675,53.82056],"rotation":[-15,0,0],"size":[24,24,5],"uv":{"down":{"uv":[96,443],"uv_size":[-24,-5]},"east":{"uv":[5,438],"uv_size":[-5,24]},"north":{"uv":[408,276],"uv_size":[-24,24]},"south":{"uv":[408,300],"uv_size":[-24,24]},"up":{"uv":[459,139],"uv_size":[-24,5]},"west":{"uv":[440,115],"uv_size":[-5,24]}}}],"name":"explode12","parent":"bone5","pivot":[16,8.27675,53.82056]}],"description":{"identifier":"geometry.gigacreeper","texture_height":512,"texture_width":512,"visible_bounds_height":26,"visible_bounds_offset":[0,11,0],"visible_bounds_width":13}}]}