{"format_version":"1.12.0","minecraft:geometry":[{"bones":[{"cubes":[{"origin":[-8,0,-8],"size":[16,16,16],"uv":[0,0]}],"name":"bb_main","pivot":[0,0,0]},{"name":"Glitch1","pivot":[0.26252,37.61217,0.61743]},{"name":"Glitch","parent":"Glitch1","pivot":[0.26252,37.61217,0.61743]},{"name":"body","parent":"Glitch","pivot":[0.26252,37.61217,0.61743]},{"cubes":[{"origin":[-5,44,-5],"size":[10,3,10],"uv":[48,0]}],"name":"tip3rd","parent":"body","pivot":[0,45.5,0]},{"cubes":[{"origin":[-3,47,-3],"size":[6,5,6],"uv":[0,65]}],"name":"tip2nd","parent":"body","pivot":[0,49.5,0]},{"cubes":[{"origin":[-5,29,-5],"size":[10,3,10],"uv":[38,46]}],"name":"bottom3rd","parent":"body","pivot":[0,30.5,0]},{"cubes":[{"origin":[-3,24,-3],"size":[6,5,6],"uv":[64,64]}],"name":"bottom2nd","parent":"body","pivot":[0,26.5,0]},{"cubes":[{"origin":[-2,19,-2],"size":[4,5,4],"uv":[74,55]}],"name":"bottom1st","parent":"body","pivot":[0,21.5,0]},{"name":"face","parent":"body","pivot":[3.5,40.5,-6.075]},{"cubes":[{"origin":[2,39,-6.075],"size":[3,3,0],"uv":[10,12]}],"name":"eye1","parent":"face","pivot":[3.5,40.5,-6.075]},{"cubes":[{"origin":[-5,38,-6.075],"size":[3,3,0],"uv":[10,9]}],"name":"eye2","parent":"face","pivot":[-3.5,39.5,-6.075]},{"cubes":[{"origin":[0,35.5,-6.075],"size":[2,2,0],"uv":[0,0]}],"name":"mouth","parent":"face","pivot":[0,0,0]},{"cubes":[{"origin":[-2,52,-2],"size":[4,5,4],"uv":[40,70]}],"name":"tip","parent":"body","pivot":[0,54.5,0]},{"cubes":[{"inflate":0.025,"origin":[-6,32,-6],"size":[12,12,12],"uv":[23,94]}],"name":"bodyglitch","parent":"body","pivot":[0,0,0]},{"cubes":[{"origin":[-6,32,-6],"size":[12,12,12],"uv":[0,32]},{"origin":[-6,44,-6],"size":[12,12,0],"uv":[0,87]},{"origin":[0,47.06849,2.95412],"pivot":[2,48.06849,4.95412],"rotation":[-19.5623,4.2453,11.76782],"size":[4,5,4],"uv":[24,70]},{"origin":[1,52.06849,3.95412],"pivot":[2,48.06849,4.95412],"rotation":[-19.5623,4.2453,11.76782],"size":[2,9,2],"uv":[0,32]},{"origin":[-1,42.06849,1.95412],"pivot":[2,48.06849,4.95412],"rotation":[-19.5623,4.2453,11.76782],"size":[6,5,6],"uv":[64,13]},{"origin":[-8.30333,43.18651,-3.52434],"pivot":[-11.30333,47.68651,-1.52434],"rotation":[-5.34142,-4.72803,-24.55426],"size":[4,5,4],"uv":[60,37]},{"origin":[-9.30333,38.18651,-4.52434],"pivot":[-11.30333,47.68651,-1.52434],"rotation":[-5.34142,-4.72803,-24.55426],"size":[6,5,6],"uv":[22,59]},{"origin":[-7.30333,48.18651,-2.52434],"pivot":[-11.30333,47.68651,-1.52434],"rotation":[-5.34142,-4.72803,-24.55426],"size":[2,4,2],"uv":[76,37]},{"origin":[-9.6139,22.16296,-0.9839],"pivot":[-1.6139,23.13796,2.5411],"rotation":[-3.40205,6.26838,44.58859],"size":[4,5,4],"uv":[0,0]},{"origin":[-8.6139,18.16296,0.0161],"pivot":[-1.6139,23.13796,2.5411],"rotation":[-3.40205,6.26838,44.58859],"size":[2,4,2],"uv":[76,24]}],"name":"body2","parent":"body","pivot":[0,0,0]},{"cubes":[{"origin":[9.7889,46.33704,-3.0161],"pivot":[5.7889,50.36204,-2.5411],"rotation":[-3.40205,6.26838,44.58859],"size":[4,5,4],"uv":[68,46]},{"origin":[10.7889,51.33704,-2.0161],"pivot":[5.7889,50.36204,-2.5411],"rotation":[-3.40205,6.26838,44.58859],"size":[2,7,2],"uv":[48,0]},{"origin":[8.7889,41.33704,-4.0161],"pivot":[5.7889,50.36204,-2.5411],"rotation":[-3.40205,6.26838,44.58859],"size":[6,5,6],"uv":[46,59]}],"name":"crystal","parent":"body2","pivot":[5.7889,50.36204,-2.5411]},{"cubes":[{"inflate":0.025,"origin":[9.7889,46.33704,-3.0161],"pivot":[5.7889,50.36204,-2.5411],"rotation":[-3.40205,6.26838,44.58859],"size":[4,5,4],"uv":[72,76]},{"inflate":0.025,"origin":[10.7889,51.33704,-2.0161],"pivot":[5.7889,50.36204,-2.5411],"rotation":[-3.40205,6.26838,44.58859],"size":[2,7,2],"uv":[90,78]},{"inflate":0.025,"origin":[8.7889,41.33704,-4.0161],"pivot":[5.7889,50.36204,-2.5411],"rotation":[-3.40205,6.26838,44.58859],"size":[6,5,6],"uv":[53,81]}],"name":"crystal2","parent":"body2","pivot":[9.2506,45.15227,-1.7533]},{"cubes":[{"origin":[12,36,-3],"size":[8,3,6],"uv":[0,56]}],"name":"Hand","parent":"Glitch","pivot":[12,37.5,0]},{"cubes":[{"origin":[20,36,-3],"size":[3,3,2],"uv":[10,76]}],"name":"finger1","parent":"Hand","pivot":[20.5,37.5,-2]},{"cubes":[{"origin":[20,36,-1],"size":[3,3,2],"uv":[0,76]}],"name":"finger2","parent":"Hand","pivot":[20.5,37.5,0]},{"cubes":[{"origin":[20,36,1],"size":[3,3,2],"uv":[66,75]}],"name":"finger3","parent":"Hand","pivot":[20.5,37.5,2]},{"cubes":[{"origin":[12,36,-5],"size":[3,3,2],"uv":[56,73]}],"name":"thumb","parent":"Hand","pivot":[13.5,37.5,-3]},{"cubes":[{"origin":[-20,36,-3],"size":[8,3,6],"uv":[36,32]}],"name":"Hand2","parent":"Glitch","pivot":[-12,37.5,0]},{"cubes":[{"origin":[-23,36,-3],"size":[3,3,2],"uv":[64,59]}],"name":"finger4","parent":"Hand2","pivot":[-20.5,37.5,-1]},{"cubes":[{"origin":[-23,36,-1],"size":[3,3,2],"uv":[40,59]}],"name":"finger5","parent":"Hand2","pivot":[-19.5,37.5,0]},{"cubes":[{"origin":[-23,36,1],"size":[3,3,2],"uv":[48,41]}],"name":"finger6","parent":"Hand2","pivot":[-19.5,37.5,2]},{"cubes":[{"origin":[-15,36,-5],"size":[3,3,2],"uv":[0,9]}],"name":"thumb2","parent":"Hand2","pivot":[-13.5,37.5,-3]},{"cubes":[{"origin":[-8.73748,37.61217,-8.38257],"size":[17,1,17],"uv":[60,110]}],"name":"bone","pivot":[0.26252,37.61217,0.61743]}],"description":{"identifier":"geometry.glitchcrystal","texture_height":128,"texture_width":128,"visible_bounds_height":7,"visible_bounds_offset":[0,2.5,0],"visible_bounds_width":7}}]}