{"format_version":"1.12.0","minecraft:geometry":[{"bones":[{"cubes":[{"origin":[-5,0,-5],"size":[10,2,10],"uv":{"down":{"uv":[12,20],"uv_size":[10,-10]},"east":{"uv":[33,18],"uv_size":[10,2]},"north":{"uv":[28,32],"uv_size":[10,2]},"south":{"uv":[33,20],"uv_size":[10,2]},"up":{"uv":[12,0],"uv_size":[10,10]},"west":{"uv":[33,22],"uv_size":[10,2]}}},{"origin":[-4,2,-4],"size":[8,4,8],"uv":{"down":{"uv":[22,26],"uv_size":[8,-8]},"east":{"uv":[8,30],"uv_size":[8,4]},"north":{"uv":[0,30],"uv_size":[8,4]},"south":{"uv":[30,10],"uv_size":[8,4]},"up":{"uv":[22,10],"uv_size":[8,8]},"west":{"uv":[30,14],"uv_size":[8,4]}}},{"origin":[-6,6,-6],"size":[12,3,12],"uv":{"down":{"uv":[0,24],"uv_size":[12,-12]},"east":{"uv":[22,26],"uv_size":[12,3]},"north":{"uv":[0,24],"uv_size":[12,3]},"south":{"uv":[0,27],"uv_size":[12,3]},"up":{"uv":[0,0],"uv_size":[12,12]},"west":{"uv":[22,29],"uv_size":[12,3]}}},{"origin":[-2,5,-7],"size":[4,3,2],"uv":{"down":{"uv":[34,28],"uv_size":[4,-2]},"east":{"uv":[34,28],"uv_size":[2,3]},"north":{"uv":[4,34],"uv_size":[4,3]},"south":{"uv":[8,34],"uv_size":[4,3]},"up":{"uv":[33,24],"uv_size":[4,2]},"west":{"uv":[35,7],"uv_size":[2,3]}}}],"name":"bb_main","pivot":[0,0,0]},{"cubes":[{"origin":[-5,11.125,-5],"size":[10,0,10],"uv":{"down":{"uv":[22,10],"uv_size":[10,-10]},"east":{"uv":[0,0],"uv_size":[10,0]},"north":{"uv":[0,0],"uv_size":[10,0]},"south":{"uv":[0,0],"uv_size":[10,0]},"up":{"uv":[12,20],"uv_size":[10,10]},"west":{"uv":[0,0],"uv_size":[10,0]}}}],"name":"ring","parent":"bb_main","pivot":[0,11.125,0]},{"cubes":[{"origin":[1.11364,14.04545,0.25],"size":[1,5,0.5],"uv":{"down":{"uv":[40,5],"uv_size":[-2,-1]},"east":{"uv":[14,34],"uv_size":[-1,10]},"north":{"uv":[2,34],"uv_size":[-2,10]},"south":{"uv":[4,34],"uv_size":[-2,10]},"up":{"uv":[36,31],"uv_size":[-2,1]},"west":{"uv":[13,34],"uv_size":[-1,10]}}},{"origin":[-0.38636,13.54545,0.25],"size":[1.5,5,0.5],"uv":{"down":{"uv":[40,8],"uv_size":[-3,-1]},"east":{"uv":[16,34],"uv_size":[-1,10]},"north":{"uv":[19,30],"uv_size":[-3,10]},"south":{"uv":[22,30],"uv_size":[-3,10]},"up":{"uv":[33,25],"uv_size":[-3,1]},"west":{"uv":[15,34],"uv_size":[-1,10]}}},{"origin":[2.11364,14.04545,0.25],"size":[0.5,4.5,0.5],"uv":{"down":{"uv":[39,14],"uv_size":[-1,-1]},"east":{"uv":[34,34],"uv_size":[-1,9]},"north":{"uv":[31,34],"uv_size":[-1,9]},"south":{"uv":[33,34],"uv_size":[-1,9]},"up":{"uv":[39,12],"uv_size":[-1,1]},"west":{"uv":[32,34],"uv_size":[-1,9]}}},{"origin":[-1.88636,13.04545,0.25],"size":[1.5,5,0.5],"uv":{"down":{"uv":[40,10],"uv_size":[-3,-1]},"east":{"uv":[30,34],"uv_size":[-1,10]},"north":{"uv":[35,0],"uv_size":[-3,10]},"south":{"uv":[25,32],"uv_size":[-3,10]},"up":{"uv":[40,8],"uv_size":[-3,1]},"west":{"uv":[29,34],"uv_size":[-1,10]}}},{"origin":[2.61364,14.54545,0.25],"size":[0.5,3.5,0.5],"uv":{"down":{"uv":[39,16],"uv_size":[-1,-1]},"east":{"uv":[37,0],"uv_size":[-1,7]},"north":{"uv":[35,34],"uv_size":[-1,7]},"south":{"uv":[36,34],"uv_size":[-1,7]},"up":{"uv":[39,14],"uv_size":[-1,1]},"west":{"uv":[36,0],"uv_size":[-1,7]}}},{"origin":[-3.38636,14.04545,0.25],"size":[1.5,3.5,0.5],"uv":{"down":{"uv":[40,26],"uv_size":[-3,-1]},"east":{"uv":[38,0],"uv_size":[-1,7]},"north":{"uv":[33,18],"uv_size":[-3,7]},"south":{"uv":[28,32],"uv_size":[-3,7]},"up":{"uv":[40,24],"uv_size":[-3,1]},"west":{"uv":[37,34],"uv_size":[-1,7]}}},{"origin":[3.11364,14.54545,0.25],"size":[0.5,3,0.5],"uv":{"down":{"uv":[39,18],"uv_size":[-1,-1]},"east":{"uv":[8,37],"uv_size":[-1,6]},"north":{"uv":[5,37],"uv_size":[-1,6]},"south":{"uv":[7,37],"uv_size":[-1,6]},"up":{"uv":[39,16],"uv_size":[-1,1]},"west":{"uv":[6,37],"uv_size":[-1,6]}}},{"origin":[-3.88636,14.54545,0.25],"size":[0.5,2.5,0.5],"uv":{"down":{"uv":[39,28],"uv_size":[-1,-1]},"east":{"uv":[12,37],"uv_size":[-1,5]},"north":{"uv":[9,37],"uv_size":[-1,5]},"south":{"uv":[11,37],"uv_size":[-1,5]},"up":{"uv":[39,26],"uv_size":[-1,1]},"west":{"uv":[10,37],"uv_size":[-1,5]}}},{"origin":[3.61364,15.04545,0.25],"size":[0.5,2,0.5],"uv":{"down":{"uv":[39,30],"uv_size":[-1,-1]},"east":{"uv":[39,0],"uv_size":[-1,4]},"north":{"uv":[37,28],"uv_size":[-1,4]},"south":{"uv":[38,34],"uv_size":[-1,4]},"up":{"uv":[39,28],"uv_size":[-1,1]},"west":{"uv":[38,28],"uv_size":[-1,4]}}},{"origin":[-2.88636,13.54545,0.25],"size":[1,0.5,0.5],"uv":{"down":{"uv":[40,12],"uv_size":[-2,-1]},"east":{"uv":[39,31],"uv_size":[-1,1]},"north":{"uv":[40,5],"uv_size":[-2,1]},"south":{"uv":[40,6],"uv_size":[-2,1]},"up":{"uv":[40,10],"uv_size":[-2,1]},"west":{"uv":[39,30],"uv_size":[-1,1]}}},{"origin":[-2.38636,13.04545,0.25],"size":[0.5,0.5,0.5],"uv":{"down":{"uv":[38,39],"uv_size":[-1,-1]},"east":{"uv":[39,35],"uv_size":[-1,1]},"north":{"uv":[39,32],"uv_size":[-1,1]},"south":{"uv":[39,34],"uv_size":[-1,1]},"up":{"uv":[39,36],"uv_size":[-1,1]},"west":{"uv":[39,33],"uv_size":[-1,1]}}}],"name":"item2","pivot":[0.22727,15.59091,0.5]}],"description":{"identifier":"geometry.gold_ingot_item_trophy","texture_height":64,"texture_width":64,"visible_bounds_height":3.5,"visible_bounds_offset":[0,1.25,0],"visible_bounds_width":2}}]}