{"format_version":"1.12.0","minecraft:geometry":[{"bones":[{"cubes":[{"origin":[-16,0,-16],"size":[32,3,32],"uv":{"down":{"uv":[0,64],"uv_size":[32,-32]},"east":{"uv":[104,51],"uv_size":[32,3]},"north":{"uv":[104,48],"uv_size":[32,3]},"south":{"uv":[104,54],"uv_size":[32,3]},"up":{"uv":[0,0],"uv_size":[32,32]},"west":{"uv":[104,57],"uv_size":[32,3]}}},{"origin":[-16,14,-16],"size":[32,3,32],"uv":{"down":{"uv":[32,64],"uv_size":[32,-32]},"east":{"uv":[105,99],"uv_size":[32,3]},"north":{"uv":[105,96],"uv_size":[32,3]},"south":{"uv":[105,102],"uv_size":[32,3]},"up":{"uv":[32,0],"uv_size":[32,32]},"west":{"uv":[105,105],"uv_size":[32,3]}}},{"origin":[-6.11863,28.61706,-9.67419],"pivot":[-0.11863,40.61706,-3.67419],"rotation":[174.32541,29.80374,176.26294],"size":[12,24,12],"uv":{"down":{"uv":[94,48],"uv_size":[12,-12]},"east":{"uv":[0,94],"uv_size":[12,24]},"north":{"uv":[66,82],"uv_size":[12,24]},"south":{"uv":[94,0],"uv_size":[12,24]},"up":{"uv":[94,24],"uv_size":[12,12]},"west":{"uv":[12,94],"uv_size":[12,24]}}},{"origin":[-10.5,52.16089,-11.58831],"pivot":[0,60.56089,-5.18831],"rotation":[163.61386,-9.76788,-167.9328],"size":[18,18,18],"uv":{"down":{"uv":[30,111],"uv_size":[18,-18]},"east":{"uv":[30,75],"uv_size":[18,18]},"north":{"uv":[60,64],"uv_size":[18,18]},"south":{"uv":[78,63],"uv_size":[18,18]},"up":{"uv":[48,82],"uv_size":[18,18]},"west":{"uv":[78,81],"uv_size":[18,18]}}},{"origin":[4,16.65029,-14.913],"pivot":[8.5,22.65029,-9.913],"rotation":[0,0,-4],"size":[9,12,10],"uv":{"down":{"uv":[106,30],"uv_size":[9,-10]},"east":{"uv":[96,72],"uv_size":[10,12]},"north":{"uv":[87,99],"uv_size":[9,12]},"south":{"uv":[48,100],"uv_size":[9,12]},"up":{"uv":[106,10],"uv_size":[9,10]},"west":{"uv":[96,84],"uv_size":[10,12]}}},{"origin":[-10.9,16.65029,-13.613],"pivot":[-5.5,22.65029,-10.913],"rotation":[-5,0,7.5],"size":[9,12,10],"uv":{"down":{"uv":[106,30],"uv_size":[9,-10]},"east":{"uv":[96,72],"uv_size":[10,12]},"north":{"uv":[87,99],"uv_size":[9,12]},"south":{"uv":[48,100],"uv_size":[9,12]},"up":{"uv":[106,10],"uv_size":[9,10]},"west":{"uv":[96,84],"uv_size":[10,12]}}},{"origin":[4,17.65029,-0.013],"pivot":[8.5,22.65029,4.087],"rotation":[30,0,-4],"size":[9,12,10],"uv":{"down":{"uv":[106,30],"uv_size":[9,-10]},"east":{"uv":[96,72],"uv_size":[10,12]},"north":{"uv":[87,99],"uv_size":[9,12]},"south":{"uv":[48,100],"uv_size":[9,12]},"up":{"uv":[106,10],"uv_size":[9,10]},"west":{"uv":[96,84],"uv_size":[10,12]}}},{"origin":[-10.9,16.65029,0.387],"pivot":[-5.5,22.65029,3.087],"rotation":[14,0,7.5],"size":[9,12,10],"uv":{"down":{"uv":[106,30],"uv_size":[9,-10]},"east":{"uv":[96,72],"uv_size":[10,12]},"north":{"uv":[87,99],"uv_size":[9,12]},"south":{"uv":[48,100],"uv_size":[9,12]},"up":{"uv":[106,10],"uv_size":[9,10]},"west":{"uv":[96,84],"uv_size":[10,12]}}},{"origin":[-15,3,-15],"size":[30,11,30],"uv":{"down":{"uv":[64,30],"uv_size":[30,-30]},"east":{"uv":[64,30],"uv_size":[30,11]},"north":{"uv":[30,64],"uv_size":[30,11]},"south":{"uv":[64,41],"uv_size":[30,11]},"up":{"uv":[0,64],"uv_size":[30,30]},"west":{"uv":[64,52],"uv_size":[30,11]}}}],"name":"bb_main","pivot":[0,0,0]}],"description":{"identifier":"geometry.goldencreeper","texture_height":256,"texture_width":256,"visible_bounds_height":6.5,"visible_bounds_offset":[0,2.75,0],"visible_bounds_width":3}}]}