{"format_version":"1.12.0","minecraft:geometry":[{"bones":[{"cubes":[{"origin":[-24,0,-24],"size":[48,67,48],"uv":{"down":{"uv":[144,96],"uv_size":[48,-48]},"east":{"uv":[48,74],"uv_size":[48,67]},"north":{"uv":[0,74],"uv_size":[48,67]},"south":{"uv":[94,0],"uv_size":[48,67]},"up":{"uv":[142,0],"uv_size":[48,48]},"west":{"uv":[96,67],"uv_size":[48,67]}}},{"origin":[24,33,-9],"size":[3,20,18],"uv":{"down":{"uv":[68,296],"uv_size":[3,-18]},"east":{"uv":[244,148],"uv_size":[18,20]},"north":{"uv":[229,276],"uv_size":[3,20]},"south":{"uv":[65,278],"uv_size":[3,20]},"up":{"uv":[144,116],"uv_size":[3,18]},"west":{"uv":[244,168],"uv_size":[18,20]}}},{"origin":[27,34,-8],"size":[11,18,16],"uv":{"down":{"uv":[154,283],"uv_size":[11,-16]},"east":{"uv":[251,110],"uv_size":[16,18]},"north":{"uv":[38,266],"uv_size":[11,18]},"south":{"uv":[106,266],"uv_size":[11,18]},"up":{"uv":[143,267],"uv_size":[11,16]},"west":{"uv":[74,252],"uv_size":[16,18]}}},{"origin":[34,32,-10],"size":[20,21,20],"uv":{"down":{"uv":[188,248],"uv_size":[20,-20]},"east":{"uv":[224,165],"uv_size":[20,21]},"north":{"uv":[223,214],"uv_size":[20,21]},"south":{"uv":[224,186],"uv_size":[20,21]},"up":{"uv":[168,228],"uv_size":[20,20]},"west":{"uv":[148,228],"uv_size":[20,21]}}},{"origin":[37,0,-8],"size":[15,33,16],"uv":{"down":{"uv":[256,247],"uv_size":[15,-16]},"east":{"uv":[76,141],"uv_size":[16,33]},"north":{"uv":[208,214],"uv_size":[15,33]},"south":{"uv":[216,110],"uv_size":[15,33]},"up":{"uv":[256,128],"uv_size":[15,16]},"west":{"uv":[208,181],"uv_size":[16,33]}}},{"origin":[33,31,-12],"size":[2,23,3],"uv":{"down":{"uv":[94,73],"uv_size":[2,-3]},"east":{"uv":[165,249],"uv_size":[3,23]},"north":{"uv":[190,0],"uv_size":[2,23]},"south":{"uv":[190,23],"uv_size":[2,23]},"up":{"uv":[94,67],"uv_size":[2,3]},"west":{"uv":[13,267],"uv_size":[3,23]}}},{"origin":[53,31,-12],"size":[2,23,3],"uv":{"down":{"uv":[142,54],"uv_size":[2,-3]},"east":{"uv":[165,272],"uv_size":[3,23]},"north":{"uv":[74,207],"uv_size":[2,23]},"south":{"uv":[16,267],"uv_size":[2,23]},"up":{"uv":[142,48],"uv_size":[2,3]},"west":{"uv":[218,276],"uv_size":[3,23]}}},{"origin":[35,52,-12],"size":[18,2,3],"uv":{"down":{"uv":[244,207],"uv_size":[18,-3]},"east":{"uv":[88,184],"uv_size":[3,2]},"north":{"uv":[226,72],"uv_size":[18,2]},"south":{"uv":[256,252],"uv_size":[18,2]},"up":{"uv":[232,45],"uv_size":[18,3]},"west":{"uv":[91,184],"uv_size":[3,2]}}},{"origin":[35,31,-12],"size":[18,2,3],"uv":{"down":{"uv":[278,204],"uv_size":[18,-3]},"east":{"uv":[192,93],"uv_size":[3,2]},"north":{"uv":[262,224],"uv_size":[18,2]},"south":{"uv":[274,252],"uv_size":[18,2]},"up":{"uv":[276,216],"uv_size":[18,3]},"west":{"uv":[226,70],"uv_size":[3,2]}}},{"origin":[-29,-1,-9],"size":[47,74,18],"uv":{"down":{"uv":[208,110],"uv_size":[47,-18]},"east":{"uv":[192,0],"uv_size":[18,74]},"north":{"uv":[0,0],"uv_size":[47,74]},"south":{"uv":[47,0],"uv_size":[47,74]},"up":{"uv":[208,74],"uv_size":[47,18]},"west":{"uv":[0,193],"uv_size":[18,74]}}},{"origin":[-26,64,-26],"size":[52,5,52],"uv":{"down":{"uv":[0,193],"uv_size":[52,-52]},"east":{"uv":[243,226],"uv_size":[52,5]},"north":{"uv":[231,67],"uv_size":[52,5]},"south":{"uv":[237,254],"uv_size":[52,5]},"up":{"uv":[96,134],"uv_size":[52,52]},"west":{"uv":[255,72],"uv_size":[52,5]}}},{"origin":[-31,8.025,-10],"size":[4,19,20],"uv":{"down":{"uv":[144,116],"uv_size":[4,-20]},"east":{"uv":[231,48],"uv_size":[20,19]},"north":{"uv":[192,74],"uv_size":[4,19]},"south":{"uv":[204,248],"uv_size":[4,19]},"up":{"uv":[92,141],"uv_size":[4,20]},"west":{"uv":[231,110],"uv_size":[20,19]}}},{"origin":[-41,10.025,-7],"size":[14,15,14],"uv":{"down":{"uv":[117,280],"uv_size":[14,-14]},"east":{"uv":[262,144],"uv_size":[14,15]},"north":{"uv":[218,261],"uv_size":[14,15]},"south":{"uv":[262,159],"uv_size":[14,15]},"up":{"uv":[262,174],"uv_size":[14,14]},"west":{"uv":[262,204],"uv_size":[14,15]}}},{"origin":[-54,-0.975,-7],"size":[13,26,14],"uv":{"down":{"uv":[267,119],"uv_size":[13,-14]},"east":{"uv":[232,0],"uv_size":[14,26]},"north":{"uv":[178,248],"uv_size":[13,26]},"south":{"uv":[191,248],"uv_size":[13,26]},"up":{"uv":[0,267],"uv_size":[13,14]},"west":{"uv":[223,235],"uv_size":[14,26]}}},{"origin":[-11,69,-12],"size":[22,5,24],"uv":{"down":{"uv":[210,48],"uv_size":[22,-24]},"east":{"uv":[262,219],"uv_size":[24,5]},"north":{"uv":[276,146],"uv_size":[22,5]},"south":{"uv":[276,151],"uv_size":[22,5]},"up":{"uv":[210,0],"uv_size":[22,24]},"west":{"uv":[275,259],"uv_size":[24,5]}}},{"origin":[54,46,-3],"pivot":[55.5,49,0],"rotation":[-45,0,0],"size":[3,6,6],"uv":{"down":{"uv":[246,22],"uv_size":[3,-6]},"east":{"uv":[231,129],"uv_size":[6,6]},"north":{"uv":[92,161],"uv_size":[3,6]},"south":{"uv":[92,167],"uv_size":[3,6]},"up":{"uv":[204,220],"uv_size":[3,6]},"west":{"uv":[231,135],"uv_size":[6,6]}}},{"origin":[54,34,-3],"pivot":[55.5,37,0],"rotation":[-45,0,0],"size":[3,6,6],"uv":{"down":{"uv":[267,125],"uv_size":[3,-6]},"east":{"uv":[142,252],"uv_size":[6,6]},"north":{"uv":[218,247],"uv_size":[3,6]},"south":{"uv":[218,253],"uv_size":[3,6]},"up":{"uv":[232,261],"uv_size":[3,6]},"west":{"uv":[142,258],"uv_size":[6,6]}}},{"origin":[-6,0,12],"size":[12,73,16],"uv":{"down":{"uv":[266,204],"uv_size":[12,-16]},"east":{"uv":[18,193],"uv_size":[16,73]},"north":{"uv":[196,74],"uv_size":[12,73]},"south":{"uv":[196,147],"uv_size":[12,73]},"up":{"uv":[131,266],"uv_size":[12,16]},"west":{"uv":[34,193],"uv_size":[16,73]}}},{"origin":[-4,63,28],"size":[8,8,16],"uv":{"down":{"uv":[194,290],"uv_size":[8,-16]},"east":{"uv":[178,274],"uv_size":[16,8]},"north":{"uv":[196,220],"uv_size":[8,8]},"south":{"uv":[276,204],"uv_size":[8,8]},"up":{"uv":[216,165],"uv_size":[8,16]},"west":{"uv":[232,275],"uv_size":[16,8]}}},{"origin":[-4,0,44],"size":[8,71,8],"uv":{"down":{"uv":[275,284],"uv_size":[8,-8]},"east":{"uv":[58,207],"uv_size":[8,71]},"north":{"uv":[50,207],"uv_size":[8,71]},"south":{"uv":[66,207],"uv_size":[8,71]},"up":{"uv":[221,276],"uv_size":[8,8]},"west":{"uv":[208,110],"uv_size":[8,71]}}},{"origin":[-55,-1,-8],"size":[15,4,16],"uv":{"down":{"uv":[252,275],"uv_size":[15,-16]},"east":{"uv":[210,70],"uv_size":[16,4]},"north":{"uv":[256,247],"uv_size":[15,4]},"south":{"uv":[276,212],"uv_size":[15,4]},"up":{"uv":[237,259],"uv_size":[15,16]},"west":{"uv":[268,63],"uv_size":[16,4]}}},{"inflate":0.025,"origin":[36,0,-9],"size":[17,3,18],"uv":{"down":{"uv":[251,66],"uv_size":[17,-18]},"east":{"uv":[279,119],"uv_size":[18,3]},"north":{"uv":[279,125],"uv_size":[17,3]},"south":{"uv":[279,128],"uv_size":[17,3]},"up":{"uv":[148,249],"uv_size":[17,18]},"west":{"uv":[279,122],"uv_size":[18,3]}}}],"name":"forge","pivot":[0,0,0]},{"cubes":[{"origin":[-4,69,-4],"size":[8,21,8],"uv":{"down":{"uv":[57,286],"uv_size":[8,-8]},"east":{"uv":[74,270],"uv_size":[8,21]},"north":{"uv":[267,259],"uv_size":[8,21]},"south":{"uv":[82,270],"uv_size":[8,21]},"up":{"uv":[49,278],"uv_size":[8,8]},"west":{"uv":[271,119],"uv_size":[8,21]}}},{"origin":[-6,86,-6],"size":[12,5,12],"uv":{"down":{"uv":[273,89],"uv_size":[12,-12]},"east":{"uv":[278,186],"uv_size":[12,5]},"north":{"uv":[255,105],"uv_size":[12,5]},"south":{"uv":[278,191],"uv_size":[12,5]},"up":{"uv":[76,174],"uv_size":[12,12]},"west":{"uv":[278,196],"uv_size":[12,5]}}}],"name":"rod","parent":"forge","pivot":[0,84,0]},{"cubes":[{"origin":[45,53,-5],"size":[8,21,10],"uv":{"down":{"uv":[276,166],"uv_size":[8,-10]},"east":{"uv":[18,266],"uv_size":[10,21]},"north":{"uv":[271,231],"uv_size":[8,21]},"south":{"uv":[272,0],"uv_size":[8,21]},"up":{"uv":[88,174],"uv_size":[8,10]},"west":{"uv":[28,266],"uv_size":[10,21]}}}],"name":"smokepipe2","parent":"forge","pivot":[49,53.5,0]},{"cubes":[{"origin":[34,53,-5],"size":[8,36,10],"uv":{"down":{"uv":[276,186],"uv_size":[8,-10]},"east":{"uv":[208,247],"uv_size":[10,36]},"north":{"uv":[90,252],"uv_size":[8,36]},"south":{"uv":[98,252],"uv_size":[8,36]},"up":{"uv":[276,166],"uv_size":[8,10]},"west":{"uv":[168,248],"uv_size":[10,36]}}}],"name":"smokepipe","parent":"forge","pivot":[38,53,0]},{"cubes":[{"origin":[-43,53,-3],"pivot":[-40,54,0],"rotation":[0,0,45],"size":[6,4,6],"uv":{"down":{"uv":[280,24],"uv_size":[6,-6]},"east":{"uv":[256,144],"uv_size":[6,4]},"north":{"uv":[250,231],"uv_size":[6,4]},"south":{"uv":[284,60],"uv_size":[6,4]},"up":{"uv":[280,12],"uv_size":[6,6]},"west":{"uv":[106,284],"uv_size":[6,4]}}},{"origin":[-44.25,62,-3],"pivot":[-40,54,0],"rotation":[0,0,90],"size":[6,4,6],"uv":{"down":{"uv":[280,36],"uv_size":[6,-6]},"east":{"uv":[284,160],"uv_size":[6,4]},"north":{"uv":[284,156],"uv_size":[6,4]},"south":{"uv":[284,164],"uv_size":[6,4]},"up":{"uv":[280,24],"uv_size":[6,6]},"west":{"uv":[168,284],"uv_size":[6,4]}}},{"inflate":0.025,"origin":[-39,36,-3],"size":[19,19,6],"uv":{"down":{"uv":[275,270],"uv_size":[19,-6]},"east":{"uv":[202,274],"uv_size":[6,19]},"north":{"uv":[232,26],"uv_size":[19,19]},"south":{"uv":[237,129],"uv_size":[19,19]},"up":{"uv":[224,207],"uv_size":[19,6]},"west":{"uv":[248,275],"uv_size":[6,19]}}},{"origin":[-22,53,-3],"pivot":[-19,54,0],"rotation":[0,0,-45],"size":[6,4,6],"uv":{"down":{"uv":[280,48],"uv_size":[6,-6]},"east":{"uv":[284,172],"uv_size":[6,4]},"north":{"uv":[284,168],"uv_size":[6,4]},"south":{"uv":[284,176],"uv_size":[6,4]},"up":{"uv":[280,36],"uv_size":[6,6]},"west":{"uv":[284,180],"uv_size":[6,4]}}},{"origin":[-44.25,25,-3],"pivot":[-40,37,0],"rotation":[0,0,-90],"size":[6,4,6],"uv":{"down":{"uv":[280,60],"uv_size":[6,-6]},"east":{"uv":[284,208],"uv_size":[6,4]},"north":{"uv":[284,204],"uv_size":[6,4]},"south":{"uv":[221,284],"uv_size":[6,4]},"up":{"uv":[280,48],"uv_size":[6,6]},"west":{"uv":[272,284],"uv_size":[6,4]}}},{"origin":[-44,24.25,-3],"pivot":[-30,35.75,0],"rotation":[0,0,-180],"size":[7,4,6],"uv":{"down":{"uv":[237,160],"uv_size":[7,-6]},"east":{"uv":[278,284],"uv_size":[6,4]},"north":{"uv":[237,160],"uv_size":[7,4]},"south":{"uv":[243,231],"uv_size":[7,4]},"up":{"uv":[237,148],"uv_size":[7,6]},"west":{"uv":[284,284],"uv_size":[6,4]}}},{"origin":[10,24.25,-3],"pivot":[-13,35.75,0],"rotation":[0,0,180],"size":[7,4,6],"uv":{"down":{"uv":[279,237],"uv_size":[7,-6]},"east":{"uv":[285,77],"uv_size":[6,4]},"north":{"uv":[283,67],"uv_size":[7,4]},"south":{"uv":[232,283],"uv_size":[7,4]},"up":{"uv":[279,131],"uv_size":[7,6]},"west":{"uv":[285,81],"uv_size":[6,4]}}},{"origin":[-22,34,-3],"pivot":[-19,37,0],"rotation":[0,0,45],"size":[6,4,6],"uv":{"down":{"uv":[280,117],"uv_size":[6,-6]},"east":{"uv":[286,12],"uv_size":[6,4]},"north":{"uv":[285,85],"uv_size":[6,4]},"south":{"uv":[286,16],"uv_size":[6,4]},"up":{"uv":[280,105],"uv_size":[6,6]},"west":{"uv":[286,20],"uv_size":[6,4]}}},{"origin":[-43,34,-3],"pivot":[-40,37,0],"rotation":[0,0,-45],"size":[6,4,6],"uv":{"down":{"uv":[123,286],"uv_size":[6,-6]},"east":{"uv":[286,28],"uv_size":[6,4]},"north":{"uv":[286,24],"uv_size":[6,4]},"south":{"uv":[286,32],"uv_size":[6,4]},"up":{"uv":[117,280],"uv_size":[6,6]},"west":{"uv":[286,36],"uv_size":[6,4]}}}],"name":"bone2","parent":"forge","pivot":[-29.61111,45.44444,0]},{"cubes":[{"origin":[34,9,-11],"size":[21,16,22],"uv":{"down":{"uv":[216,165],"uv_size":[21,-22]},"east":{"uv":[244,188],"uv_size":[22,16]},"north":{"uv":[251,16],"uv_size":[21,16]},"south":{"uv":[251,32],"uv_size":[21,16]},"up":{"uv":[210,48],"uv_size":[21,22]},"west":{"uv":[246,0],"uv_size":[22,16]}}}],"name":"pump","parent":"forge","pivot":[44.5,17,0]},{"cubes":[{"origin":[0,0,-24.05],"size":[24,66,0],"uv":{"down":{"uv":[0,0],"uv_size":[24,0]},"east":{"uv":[0,0],"uv_size":[0,66]},"north":{"uv":[52,141],"uv_size":[24,66]},"south":{"uv":[148,96],"uv_size":[24,66]},"up":{"uv":[0,0],"uv_size":[24,0]},"west":{"uv":[0,0],"uv_size":[0,66]}}}],"name":"door","parent":"forge","pivot":[12,33,-24.05]},{"cubes":[{"origin":[0,0,-24.05],"size":[24,66,0],"uv":{"down":{"uv":[0,0],"uv_size":[24,0]},"east":{"uv":[0,0],"uv_size":[0,66]},"north":{"uv":[148,162],"uv_size":[24,66]},"south":{"uv":[172,96],"uv_size":[24,66]},"up":{"uv":[0,0],"uv_size":[24,0]},"west":{"uv":[0,0],"uv_size":[0,66]}}}],"name":"door4_lit","parent":"forge","pivot":[0,0,0]},{"cubes":[{"origin":[-24,0,-24.05],"size":[24,66,0],"uv":{"down":{"uv":[0,0],"uv_size":[24,0]},"east":{"uv":[0,0],"uv_size":[0,66]},"north":{"uv":[172,162],"uv_size":[24,66]},"south":{"uv":[76,186],"uv_size":[24,66]},"up":{"uv":[0,0],"uv_size":[24,0]},"west":{"uv":[0,0],"uv_size":[0,66]}}}],"name":"door2","parent":"forge","pivot":[-12,33,-24.05]},{"cubes":[{"origin":[-24,0,-24.05],"size":[24,66,0],"uv":{"down":{"uv":[0,0],"uv_size":[24,0]},"east":{"uv":[0,0],"uv_size":[0,66]},"north":{"uv":[100,186],"uv_size":[24,66]},"south":{"uv":[124,186],"uv_size":[24,66]},"up":{"uv":[0,0],"uv_size":[24,0]},"west":{"uv":[0,0],"uv_size":[0,66]}}}],"name":"door3_lit","parent":"forge","pivot":[0,0,0]},{"cubes":[{"origin":[43.12917,37.75,-12.5127],"pivot":[53.62917,41.75,-12.5127],"rotation":[0,10.75,0],"size":[17,8,0],"uv":{"down":{"uv":[0,0],"uv_size":[17,0]},"east":{"uv":[0,0],"uv_size":[0,8]},"north":{"uv":[273,89],"uv_size":[17,8]},"south":{"uv":[273,97],"uv_size":[17,8]},"up":{"uv":[0,0],"uv_size":[17,0]},"west":{"uv":[0,0],"uv_size":[0,8]}}}],"name":"time2","parent":"forge","pivot":[44.5,41.75,-11.225],"rotation":[0,4.5,0]},{"cubes":[{"origin":[40,41,-12.025],"pivot":[44,51.5,-12.025],"rotation":[10.75,0,0],"size":[8,21,0],"uv":{"down":{"uv":[0,0],"uv_size":[8,0]},"east":{"uv":[0,0],"uv_size":[0,21]},"north":{"uv":[272,21],"uv_size":[8,21]},"south":{"uv":[272,42],"uv_size":[8,21]},"up":{"uv":[0,0],"uv_size":[8,0]},"west":{"uv":[0,0],"uv_size":[0,21]}}}],"name":"time","parent":"forge","pivot":[44,43.5,-12.025]},{"cubes":[{"inflate":0.025,"origin":[-33,60,-3],"size":[19,19,6],"uv":{"down":{"uv":[276,146],"uv_size":[19,-6]},"east":{"uv":[254,275],"uv_size":[6,19]},"north":{"uv":[237,235],"uv_size":[19,19]},"south":{"uv":[243,207],"uv_size":[19,19]},"up":{"uv":[275,270],"uv_size":[19,6]},"west":{"uv":[260,275],"uv_size":[6,19]}}},{"origin":[-16,58,-3],"pivot":[-13,61,0],"rotation":[0,0,45],"size":[6,4,6],"uv":{"down":{"uv":[0,287],"uv_size":[6,-6]},"east":{"uv":[286,44],"uv_size":[6,4]},"north":{"uv":[286,40],"uv_size":[6,4]},"south":{"uv":[45,286],"uv_size":[6,4]},"up":{"uv":[266,280],"uv_size":[6,6]},"west":{"uv":[286,48],"uv_size":[6,4]}}},{"origin":[-38.25,49,-3],"pivot":[-34,61,0],"rotation":[0,0,-90],"size":[6,4,6],"uv":{"down":{"uv":[129,288],"uv_size":[6,-6]},"east":{"uv":[286,52],"uv_size":[6,4]},"north":{"uv":[51,286],"uv_size":[6,4]},"south":{"uv":[286,56],"uv_size":[6,4]},"up":{"uv":[6,281],"uv_size":[6,6]},"west":{"uv":[57,286],"uv_size":[6,4]}}},{"origin":[-37,58,-3],"pivot":[-34,61,0],"rotation":[0,0,-45],"size":[6,4,6],"uv":{"down":{"uv":[178,288],"uv_size":[6,-6]},"east":{"uv":[286,109],"uv_size":[6,4]},"north":{"uv":[286,105],"uv_size":[6,4]},"south":{"uv":[112,286],"uv_size":[6,4]},"up":{"uv":[135,282],"uv_size":[6,6]},"west":{"uv":[286,113],"uv_size":[6,4]}}},{"origin":[16,48.25,-3],"pivot":[-7,59.75,0],"rotation":[0,0,180],"size":[7,4,6],"uv":{"down":{"uv":[279,249],"uv_size":[7,-6]},"east":{"uv":[118,286],"uv_size":[6,4]},"north":{"uv":[239,283],"uv_size":[7,4]},"south":{"uv":[283,276],"uv_size":[7,4]},"up":{"uv":[279,237],"uv_size":[7,6]},"west":{"uv":[286,131],"uv_size":[6,4]}}},{"origin":[-37,77,-3],"pivot":[-34,78,0],"rotation":[0,0,45],"size":[6,4,6],"uv":{"down":{"uv":[141,289],"uv_size":[6,-6]},"east":{"uv":[286,219],"uv_size":[6,4]},"north":{"uv":[286,135],"uv_size":[6,4]},"south":{"uv":[286,231],"uv_size":[6,4]},"up":{"uv":[184,282],"uv_size":[6,6]},"west":{"uv":[286,235],"uv_size":[6,4]}}},{"origin":[-38.25,86,-3],"pivot":[-34,78,0],"rotation":[0,0,90],"size":[6,4,6],"uv":{"down":{"uv":[153,289],"uv_size":[6,-6]},"east":{"uv":[286,243],"uv_size":[6,4]},"north":{"uv":[286,239],"uv_size":[6,4]},"south":{"uv":[286,247],"uv_size":[6,4]},"up":{"uv":[147,283],"uv_size":[6,6]},"west":{"uv":[266,286],"uv_size":[6,4]}}},{"origin":[-16,77,-3],"pivot":[-13,78,0],"rotation":[0,0,-45],"size":[6,4,6],"uv":{"down":{"uv":[208,289],"uv_size":[6,-6]},"east":{"uv":[287,0],"uv_size":[6,4]},"north":{"uv":[0,287],"uv_size":[6,4]},"south":{"uv":[287,4],"uv_size":[6,4]},"up":{"uv":[159,283],"uv_size":[6,6]},"west":{"uv":[6,287],"uv_size":[6,4]}}},{"origin":[-38,48.25,-3],"pivot":[-24,59.75,0],"rotation":[0,0,-180],"size":[7,4,6],"uv":{"down":{"uv":[280,12],"uv_size":[7,-6]},"east":{"uv":[287,8],"uv_size":[6,4]},"north":{"uv":[283,280],"uv_size":[7,4]},"south":{"uv":[38,284],"uv_size":[7,4]},"up":{"uv":[280,0],"uv_size":[7,6]},"west":{"uv":[18,287],"uv_size":[6,4]}}}],"name":"bone","parent":"forge","pivot":[-23.61111,69.44444,0]},{"cubes":[{"origin":[29,89,0],"size":[18,14,0],"uv":{"down":{"uv":[0,0],"uv_size":[18,0]},"east":{"uv":[0,0],"uv_size":[0,14]},"north":{"uv":[106,252],"uv_size":[18,14]},"south":{"uv":[124,252],"uv_size":[18,14]},"up":{"uv":[0,0],"uv_size":[18,0]},"west":{"uv":[0,0],"uv_size":[0,14]}}}],"name":"smoke","pivot":[38,89,29]},{"cubes":[{"origin":[41,74,0],"size":[18,14,0],"uv":{"down":{"uv":[0,0],"uv_size":[18,0]},"east":{"uv":[0,0],"uv_size":[0,14]},"north":{"uv":[255,77],"uv_size":[18,14]},"south":{"uv":[255,91],"uv_size":[18,14]},"up":{"uv":[0,0],"uv_size":[18,0]},"west":{"uv":[0,0],"uv_size":[0,14]}}}],"name":"smoke2","pivot":[50,74,29]}],"description":{"identifier":"geometry.golemforge","texture_height":512,"texture_width":512,"visible_bounds_height":13,"visible_bounds_offset":[0,4.5,0],"visible_bounds_width":12}}]}