{"format_version":"1.12.0","minecraft:geometry":[{"bones":[{"cubes":[{"inflate":0.2,"origin":[-14,7,-17],"size":[28,6,32],"uv":{"down":{"uv":[56,64],"uv_size":[28,-32]},"east":{"uv":[0,85],"uv_size":[32,6]},"north":{"uv":[0,97],"uv_size":[28,6]},"south":{"uv":[28,97],"uv_size":[28,6]},"up":{"uv":[56,0],"uv_size":[28,32]},"west":{"uv":[0,91],"uv_size":[32,6]}}},{"inflate":0.2,"origin":[-14,32,-19],"size":[28,17,44],"uv":{"down":{"uv":[28,44],"uv_size":[28,-44]},"east":{"uv":[56,64],"uv_size":[44,17]},"north":{"uv":[84,0],"uv_size":[28,17]},"south":{"uv":[84,17],"uv_size":[28,17]},"up":{"uv":[0,0],"uv_size":[28,44]},"west":{"uv":[56,81],"uv_size":[44,17]}}},{"origin":[-14,8,-17],"size":[28,5,41],"uv":{"down":{"uv":[28,85],"uv_size":[28,-41]},"east":{"uv":[84,52],"uv_size":[41,5]},"north":{"uv":[56,98],"uv_size":[28,5]},"south":{"uv":[84,98],"uv_size":[28,5]},"up":{"uv":[0,44],"uv_size":[28,41]},"west":{"uv":[84,57],"uv_size":[41,5]}}},{"inflate":0.1,"origin":[-14,0,-17],"size":[2,49,2],"uv":{"down":{"uv":[98,64],"uv_size":[2,-2]},"east":{"uv":[2,103],"uv_size":[2,49]},"north":{"uv":[0,103],"uv_size":[2,49]},"south":{"uv":[4,103],"uv_size":[2,49]},"up":{"uv":[96,62],"uv_size":[2,2]},"west":{"uv":[6,103],"uv_size":[2,49]}}},{"inflate":0.1,"origin":[12,0,-17],"size":[2,49,2],"uv":{"down":{"uv":[76,108],"uv_size":[2,-2]},"east":{"uv":[10,103],"uv_size":[2,49]},"north":{"uv":[8,103],"uv_size":[2,49]},"south":{"uv":[12,103],"uv_size":[2,49]},"up":{"uv":[74,106],"uv_size":[2,2]},"west":{"uv":[14,103],"uv_size":[2,49]}}},{"inflate":0.1,"origin":[-14,0,22],"size":[2,49,2],"uv":{"down":{"uv":[80,108],"uv_size":[2,-2]},"east":{"uv":[18,103],"uv_size":[2,49]},"north":{"uv":[16,103],"uv_size":[2,49]},"south":{"uv":[20,103],"uv_size":[2,49]},"up":{"uv":[78,106],"uv_size":[2,2]},"west":{"uv":[22,103],"uv_size":[2,49]}}},{"inflate":0.5,"origin":[12,0,22],"size":[2,3,2],"uv":{"down":{"uv":[90,108],"uv_size":[-2,-2]},"east":{"uv":[74,106],"uv_size":[-2,3]},"north":{"uv":[68,106],"uv_size":[-2,3]},"south":{"uv":[72,106],"uv_size":[-2,3]},"up":{"uv":[88,106],"uv_size":[-2,2]},"west":{"uv":[70,106],"uv_size":[-2,3]}}},{"inflate":0.5,"origin":[12,0,-17],"size":[2,3,2],"uv":{"down":{"uv":[90,108],"uv_size":[-2,-2]},"east":{"uv":[74,106],"uv_size":[-2,3]},"north":{"uv":[68,106],"uv_size":[-2,3]},"south":{"uv":[72,106],"uv_size":[-2,3]},"up":{"uv":[88,106],"uv_size":[-2,2]},"west":{"uv":[70,106],"uv_size":[-2,3]}}},{"inflate":0.5,"origin":[-14,0,-17],"size":[2,3,2],"uv":{"down":{"uv":[88,108],"uv_size":[2,-2]},"east":{"uv":[68,106],"uv_size":[2,3]},"north":{"uv":[66,106],"uv_size":[2,3]},"south":{"uv":[70,106],"uv_size":[2,3]},"up":{"uv":[86,106],"uv_size":[2,2]},"west":{"uv":[72,106],"uv_size":[2,3]}}},{"inflate":0.5,"origin":[-14,0,22],"size":[2,3,2],"uv":{"down":{"uv":[88,108],"uv_size":[2,-2]},"east":{"uv":[68,106],"uv_size":[2,3]},"north":{"uv":[66,106],"uv_size":[2,3]},"south":{"uv":[70,106],"uv_size":[2,3]},"up":{"uv":[86,106],"uv_size":[2,2]},"west":{"uv":[72,106],"uv_size":[2,3]}}},{"inflate":0.1,"origin":[12,0,22],"size":[2,49,2],"uv":{"down":{"uv":[84,108],"uv_size":[2,-2]},"east":{"uv":[26,103],"uv_size":[2,49]},"north":{"uv":[24,103],"uv_size":[2,49]},"south":{"uv":[28,103],"uv_size":[2,49]},"up":{"uv":[82,106],"uv_size":[2,2]},"west":{"uv":[30,103],"uv_size":[2,49]}}},{"origin":[-6,11.4,16],"pivot":[0,13.5,19],"rotation":[16,0,0],"size":[12,3,6],"uv":{"down":{"uv":[100,74],"uv_size":[12,-6]},"east":{"uv":[100,105],"uv_size":[6,3]},"north":{"uv":[32,103],"uv_size":[12,3]},"south":{"uv":[44,103],"uv_size":[12,3]},"up":{"uv":[100,62],"uv_size":[12,6]},"west":{"uv":[32,106],"uv_size":[6,3]}}},{"origin":[2,11.32324,18.16538],"pivot":[0,12.92324,19.16538],"rotation":[16.73398,16.80151,4.96699],"size":[11,3,6],"uv":{"down":{"uv":[100,86],"uv_size":[11,-6]},"east":{"uv":[38,106],"uv_size":[6,3]},"north":{"uv":[56,103],"uv_size":[11,3]},"south":{"uv":[67,103],"uv_size":[11,3]},"up":{"uv":[100,74],"uv_size":[11,6]},"west":{"uv":[44,106],"uv_size":[6,3]}}},{"origin":[-13,11.32324,18.16538],"pivot":[0,12.92324,19.16538],"rotation":[16.73398,-16.80151,-4.96699],"size":[11,3,6],"uv":{"down":{"uv":[100,98],"uv_size":[11,-6]},"east":{"uv":[50,106],"uv_size":[6,3]},"north":{"uv":[78,103],"uv_size":[11,3]},"south":{"uv":[89,103],"uv_size":[11,3]},"up":{"uv":[100,86],"uv_size":[11,6]},"west":{"uv":[56,106],"uv_size":[6,3]}}},{"inflate":0.001,"origin":[-14,13,23],"size":[28,9,1],"uv":{"down":{"uv":[100,105],"uv_size":[28,-1]},"east":{"uv":[64,106],"uv_size":[1,9]},"north":{"uv":[84,34],"uv_size":[28,9]},"south":{"uv":[84,43],"uv_size":[28,9]},"up":{"uv":[100,103],"uv_size":[28,1]},"west":{"uv":[65,106],"uv_size":[1,9]}}},{"inflate":0.101,"origin":[-6,13,23],"pivot":[0,19,23.5],"rotation":[0,0,45],"size":[12,12,1],"uv":{"down":{"uv":[84,64],"uv_size":[12,-1]},"east":{"uv":[62,106],"uv_size":[1,12]},"north":{"uv":[32,85],"uv_size":[12,12]},"south":{"uv":[44,85],"uv_size":[12,12]},"up":{"uv":[84,62],"uv_size":[12,1]},"west":{"uv":[63,106],"uv_size":[1,12]}}}],"name":"bone","pivot":[-7.95372,15.19929,23.5]}],"description":{"identifier":"geometry.great_fancy_prisonbed","texture_height":256,"texture_width":256,"visible_bounds_height":4.5,"visible_bounds_offset":[0,1.75,0],"visible_bounds_width":6}}]}