{"format_version":"1.12.0","minecraft:geometry":[{"bones":[{"cubes":[{"origin":[-33.82532,13.59726,-14],"pivot":[-23.32532,13.59726,0],"rotation":[0,0,-82.5],"size":[13,0,28],"uv":{"down":{"uv":[0,124],"uv_size":[13,-28]},"east":{"uv":[0,0],"uv_size":[28,0]},"north":{"uv":[0,0],"uv_size":[13,0]},"south":{"uv":[0,0],"uv_size":[13,0]},"up":{"uv":[92,80],"uv_size":[13,28]},"west":{"uv":[0,0],"uv_size":[28,0]}}},{"origin":[-23,13,-14],"size":[46,3,28],"uv":{"down":{"uv":[0,56],"uv_size":[46,-28]},"east":{"uv":[59,96],"uv_size":[28,3]},"north":{"uv":[13,96],"uv_size":[46,3]},"south":{"uv":[13,96],"uv_size":[46,3]},"up":{"uv":[0,0],"uv_size":[46,28]},"west":{"uv":[59,99],"uv_size":[28,3]}}},{"origin":[-22.54355,-0.13454,-13],"pivot":[-21.41855,13.86546,-12.5],"rotation":[0,0,5],"size":[2,13,2],"uv":{"down":{"uv":[59,106],"uv_size":[2,-2]},"east":{"uv":[89,96],"uv_size":[2,13]},"north":{"uv":[87,96],"uv_size":[2,13]},"south":{"uv":[13,104],"uv_size":[2,13]},"up":{"uv":[57,104],"uv_size":[2,2]},"west":{"uv":[15,104],"uv_size":[2,13]}}},{"inflate":0.025,"origin":[-22.54355,-0.13454,-14],"pivot":[-21.41855,13.86546,-12.5],"rotation":[0,0,5],"size":[3,2,4],"uv":{"down":{"uv":[20,108],"uv_size":[3,-4]},"east":{"uv":[29,104],"uv_size":[4,2]},"north":{"uv":[45,104],"uv_size":[3,2]},"south":{"uv":[48,104],"uv_size":[3,2]},"up":{"uv":[17,104],"uv_size":[3,4]},"west":{"uv":[33,104],"uv_size":[4,2]}}},{"origin":[-23,11,-14],"size":[3,2,4],"uv":{"down":{"uv":[26,108],"uv_size":[3,-4]},"east":{"uv":[37,104],"uv_size":[4,2]},"north":{"uv":[51,104],"uv_size":[3,2]},"south":{"uv":[54,104],"uv_size":[3,2]},"up":{"uv":[23,104],"uv_size":[3,4]},"west":{"uv":[41,104],"uv_size":[4,2]}}},{"origin":[-23,10,-14],"size":[46,-1,28],"uv":{"down":{"uv":[46,56],"uv_size":[46,-28]},"east":{"uv":[59,102],"uv_size":[28,1]},"north":{"uv":[13,102],"uv_size":[46,1]},"south":{"uv":[13,103],"uv_size":[46,1]},"up":{"uv":[46,0],"uv_size":[46,28]},"west":{"uv":[59,103],"uv_size":[28,1]}}},{"origin":[-23,16.075,-14],"size":[46,0,28],"uv":{"down":{"uv":[46,84],"uv_size":[46,-28]},"east":{"uv":[0,0],"uv_size":[28,0]},"north":{"uv":[0,0],"uv_size":[46,0]},"south":{"uv":[0,0],"uv_size":[46,0]},"up":{"uv":[0,56],"uv_size":[46,28]},"west":{"uv":[0,0],"uv_size":[28,0]}}},{"origin":[-23,11.64437,-22.28142],"pivot":[0,11.64437,-14.78142],"rotation":[80,0,0],"size":[46,0,12],"uv":{"down":{"uv":[46,96],"uv_size":[46,-12]},"east":{"uv":[0,0],"uv_size":[12,0]},"north":{"uv":[0,0],"uv_size":[46,0]},"south":{"uv":[0,0],"uv_size":[46,0]},"up":{"uv":[0,84],"uv_size":[46,12]},"west":{"uv":[0,0],"uv_size":[12,0]}}},{"origin":[20.82532,13.59726,-14],"pivot":[23.32532,13.59726,0],"rotation":[0,0,82.5],"size":[13,0,28],"uv":{"down":{"uv":[92,80],"uv_size":[13,-28]},"east":{"uv":[0,0],"uv_size":[28,0]},"north":{"uv":[0,0],"uv_size":[13,0]},"south":{"uv":[0,0],"uv_size":[13,0]},"up":{"uv":[92,24],"uv_size":[13,28]},"west":{"uv":[0,0],"uv_size":[28,0]}}},{"origin":[-23,11.64437,10.28142],"pivot":[0,11.64437,14.78142],"rotation":[-80,0,0],"size":[46,0,12],"uv":{"down":{"uv":[92,24],"uv_size":[46,-12]},"east":{"uv":[0,0],"uv_size":[12,0]},"north":{"uv":[0,0],"uv_size":[46,0]},"south":{"uv":[0,0],"uv_size":[46,0]},"up":{"uv":[92,0],"uv_size":[46,12]},"west":{"uv":[0,0],"uv_size":[12,0]}}},{"origin":[20.54355,-0.13454,-13],"pivot":[21.41855,13.86546,-12.5],"rotation":[0,0,-5],"size":[2,13,2],"uv":{"down":{"uv":[61,106],"uv_size":[-2,-2]},"east":{"uv":[17,104],"uv_size":[-2,13]},"north":{"uv":[89,96],"uv_size":[-2,13]},"south":{"uv":[15,104],"uv_size":[-2,13]},"up":{"uv":[59,104],"uv_size":[-2,2]},"west":{"uv":[91,96],"uv_size":[-2,13]}}},{"inflate":0.025,"origin":[19.54355,-0.13454,-14],"pivot":[21.41855,13.86546,-12.5],"rotation":[0,0,-5],"size":[3,2,4],"uv":{"down":{"uv":[23,108],"uv_size":[-3,-4]},"east":{"uv":[37,104],"uv_size":[-4,2]},"north":{"uv":[48,104],"uv_size":[-3,2]},"south":{"uv":[51,104],"uv_size":[-3,2]},"up":{"uv":[20,104],"uv_size":[-3,4]},"west":{"uv":[33,104],"uv_size":[-4,2]}}},{"origin":[20,11,-14],"size":[3,2,4],"uv":{"down":{"uv":[29,108],"uv_size":[-3,-4]},"east":{"uv":[45,104],"uv_size":[-4,2]},"north":{"uv":[54,104],"uv_size":[-3,2]},"south":{"uv":[57,104],"uv_size":[-3,2]},"up":{"uv":[26,104],"uv_size":[-3,4]},"west":{"uv":[41,104],"uv_size":[-4,2]}}},{"origin":[20.54355,-0.13454,11],"pivot":[21.41855,13.86546,12.5],"rotation":[0,0,-5],"size":[2,13,2],"uv":{"down":{"uv":[61,104],"uv_size":[-2,2]},"east":{"uv":[15,104],"uv_size":[2,13]},"north":{"uv":[13,104],"uv_size":[2,13]},"south":{"uv":[87,96],"uv_size":[2,13]},"up":{"uv":[59,106],"uv_size":[-2,-2]},"west":{"uv":[89,96],"uv_size":[2,13]}}},{"inflate":0.025,"origin":[19.54355,-0.13454,10],"pivot":[21.41855,13.86546,12.5],"rotation":[0,0,-5],"size":[3,2,4],"uv":{"down":{"uv":[23,104],"uv_size":[-3,4]},"east":{"uv":[33,104],"uv_size":[4,2]},"north":{"uv":[48,104],"uv_size":[3,2]},"south":{"uv":[45,104],"uv_size":[3,2]},"up":{"uv":[20,108],"uv_size":[-3,-4]},"west":{"uv":[29,104],"uv_size":[4,2]}}},{"origin":[20,11,10],"size":[3,2,4],"uv":{"down":{"uv":[29,104],"uv_size":[-3,4]},"east":{"uv":[41,104],"uv_size":[4,2]},"north":{"uv":[54,104],"uv_size":[3,2]},"south":{"uv":[51,104],"uv_size":[3,2]},"up":{"uv":[26,108],"uv_size":[-3,-4]},"west":{"uv":[37,104],"uv_size":[4,2]}}},{"origin":[-23,11,10],"size":[3,2,4],"uv":{"down":{"uv":[26,104],"uv_size":[3,4]},"east":{"uv":[41,104],"uv_size":[-4,2]},"north":{"uv":[57,104],"uv_size":[-3,2]},"south":{"uv":[54,104],"uv_size":[-3,2]},"up":{"uv":[23,108],"uv_size":[3,-4]},"west":{"uv":[45,104],"uv_size":[-4,2]}}},{"inflate":0.025,"origin":[-22.54355,-0.13454,10],"pivot":[-21.41855,13.86546,12.5],"rotation":[0,0,5],"size":[3,2,4],"uv":{"down":{"uv":[20,104],"uv_size":[3,4]},"east":{"uv":[33,104],"uv_size":[-4,2]},"north":{"uv":[51,104],"uv_size":[-3,2]},"south":{"uv":[48,104],"uv_size":[-3,2]},"up":{"uv":[17,108],"uv_size":[3,-4]},"west":{"uv":[37,104],"uv_size":[-4,2]}}},{"origin":[-22.54355,-0.13454,11],"pivot":[-21.41855,13.86546,12.5],"rotation":[0,0,5],"size":[2,13,2],"uv":{"down":{"uv":[59,104],"uv_size":[2,2]},"east":{"uv":[91,96],"uv_size":[-2,13]},"north":{"uv":[15,104],"uv_size":[-2,13]},"south":{"uv":[89,96],"uv_size":[-2,13]},"up":{"uv":[57,106],"uv_size":[2,-2]},"west":{"uv":[17,104],"uv_size":[-2,13]}}}],"name":"italian_table","pivot":[-21.41855,13.86546,12.5]}],"description":{"identifier":"geometry.italian_table","texture_height":256,"texture_width":256,"visible_bounds_height":2.5,"visible_bounds_offset":[0,0.75,0],"visible_bounds_width":5}}]}