{"format_version":"1.12.0","minecraft:geometry":[{"bones":[{"cubes":[{"origin":[-5,0,-5],"size":[10,2,10],"uv":{"down":{"uv":[12,20],"uv_size":[10,-10]},"east":{"uv":[32,6],"uv_size":[10,2]},"north":{"uv":[32,4],"uv_size":[10,2]},"south":{"uv":[32,8],"uv_size":[10,2]},"up":{"uv":[12,0],"uv_size":[10,10]},"west":{"uv":[22,32],"uv_size":[10,2]}}},{"origin":[-4,2,-4],"size":[8,4,8],"uv":{"down":{"uv":[22,26],"uv_size":[8,-8]},"east":{"uv":[30,17],"uv_size":[8,4]},"north":{"uv":[30,13],"uv_size":[8,4]},"south":{"uv":[30,21],"uv_size":[8,4]},"up":{"uv":[22,10],"uv_size":[8,8]},"west":{"uv":[32,0],"uv_size":[8,4]}}},{"origin":[-6,6,-6],"size":[12,3,12],"uv":{"down":{"uv":[0,24],"uv_size":[12,-12]},"east":{"uv":[22,29],"uv_size":[12,3]},"north":{"uv":[22,26],"uv_size":[12,3]},"south":{"uv":[10,30],"uv_size":[12,3]},"up":{"uv":[0,0],"uv_size":[12,12]},"west":{"uv":[30,10],"uv_size":[12,3]}}},{"origin":[-2,5,-7],"size":[4,3,2],"uv":{"down":{"uv":[22,36],"uv_size":[4,-2]},"east":{"uv":[35,27],"uv_size":[2,3]},"north":{"uv":[32,32],"uv_size":[4,3]},"south":{"uv":[0,33],"uv_size":[4,3]},"up":{"uv":[18,33],"uv_size":[4,2]},"west":{"uv":[31,35],"uv_size":[2,3]}}}],"name":"bb_main","pivot":[0,0,0]},{"cubes":[{"origin":[-5,11.125,-5],"size":[10,0,10],"uv":{"down":{"uv":[22,10],"uv_size":[10,-10]},"east":{"uv":[0,0],"uv_size":[10,0]},"north":{"uv":[0,0],"uv_size":[10,0]},"south":{"uv":[0,0],"uv_size":[10,0]},"up":{"uv":[12,20],"uv_size":[10,10]},"west":{"uv":[0,0],"uv_size":[10,0]}}}],"name":"ring","parent":"bb_main","pivot":[0,11.125,0]},{"cubes":[{"origin":[-0.4,14.675,0.25],"size":[2.5,4.5,0.5],"uv":{"down":{"uv":[35,32],"uv_size":[5,-1]},"east":{"uv":[12,33],"uv_size":[1,9]},"north":{"uv":[0,24],"uv_size":[5,9]},"south":{"uv":[5,24],"uv_size":[5,9]},"up":{"uv":[35,30],"uv_size":[5,1]},"west":{"uv":[13,33],"uv_size":[1,9]}}},{"origin":[-0.9,13.175,0.25],"size":[0.5,5.5,0.5],"uv":{"down":{"uv":[31,35],"uv_size":[1,-1]},"east":{"uv":[5,33],"uv_size":[1,11]},"north":{"uv":[4,33],"uv_size":[1,11]},"south":{"uv":[6,33],"uv_size":[1,11]},"up":{"uv":[33,25],"uv_size":[1,1]},"west":{"uv":[7,33],"uv_size":[1,11]}}},{"origin":[2.1,15.175,0.25],"size":[0.5,3.5,0.5],"uv":{"down":{"uv":[36,36],"uv_size":[1,-1]},"east":{"uv":[26,34],"uv_size":[1,7]},"north":{"uv":[34,25],"uv_size":[1,7]},"south":{"uv":[27,34],"uv_size":[1,7]},"up":{"uv":[36,34],"uv_size":[1,1]},"west":{"uv":[28,34],"uv_size":[1,7]}}},{"origin":[-1.4,13.175,0.25],"size":[0.5,5,0.5],"uv":{"down":{"uv":[18,38],"uv_size":[1,-1]},"east":{"uv":[9,33],"uv_size":[1,10]},"north":{"uv":[8,33],"uv_size":[1,10]},"south":{"uv":[10,33],"uv_size":[1,10]},"up":{"uv":[36,36],"uv_size":[1,1]},"west":{"uv":[11,33],"uv_size":[1,10]}}},{"origin":[2.6,16.175,0.25],"size":[0.5,2,0.5],"uv":{"down":{"uv":[20,38],"uv_size":[1,-1]},"east":{"uv":[33,35],"uv_size":[1,4]},"north":{"uv":[21,35],"uv_size":[1,4]},"south":{"uv":[34,35],"uv_size":[1,4]},"up":{"uv":[19,37],"uv_size":[1,1]},"west":{"uv":[35,35],"uv_size":[1,4]}}},{"origin":[-1.9,13.175,0.25],"size":[0.5,4.5,0.5],"uv":{"down":{"uv":[23,38],"uv_size":[1,-1]},"east":{"uv":[15,33],"uv_size":[1,9]},"north":{"uv":[14,33],"uv_size":[1,9]},"south":{"uv":[16,33],"uv_size":[1,9]},"up":{"uv":[22,37],"uv_size":[1,1]},"west":{"uv":[17,33],"uv_size":[1,9]}}},{"origin":[-2.4,13.175,0.25],"size":[0.5,3,0.5],"uv":{"down":{"uv":[37,28],"uv_size":[1,-1]},"east":{"uv":[11,24],"uv_size":[1,6]},"north":{"uv":[10,24],"uv_size":[1,6]},"south":{"uv":[29,34],"uv_size":[1,6]},"up":{"uv":[24,37],"uv_size":[1,1]},"west":{"uv":[30,34],"uv_size":[1,6]}}},{"origin":[-2.9,13.675,0.25],"size":[0.5,2,0.5],"uv":{"down":{"uv":[37,30],"uv_size":[1,-1]},"east":{"uv":[1,36],"uv_size":[1,4]},"north":{"uv":[0,36],"uv_size":[1,4]},"south":{"uv":[2,36],"uv_size":[1,4]},"up":{"uv":[37,28],"uv_size":[1,1]},"west":{"uv":[3,36],"uv_size":[1,4]}}},{"origin":[-0.4,13.675,0.25],"size":[1.5,1,0.5],"uv":{"down":{"uv":[22,37],"uv_size":[3,-1]},"east":{"uv":[25,36],"uv_size":[1,2]},"north":{"uv":[18,35],"uv_size":[3,2]},"south":{"uv":[35,25],"uv_size":[3,2]},"up":{"uv":[30,25],"uv_size":[3,1]},"west":{"uv":[36,32],"uv_size":[1,2]}}},{"origin":[1.1,14.175,0.25],"size":[0.5,0.5,0.5],"uv":{"down":{"uv":[37,37],"uv_size":[1,-1]},"east":{"uv":[37,33],"uv_size":[1,1]},"north":{"uv":[37,32],"uv_size":[1,1]},"south":{"uv":[37,34],"uv_size":[1,1]},"up":{"uv":[36,37],"uv_size":[1,1]},"west":{"uv":[37,35],"uv_size":[1,1]}}}],"name":"item2","pivot":[-0.05,15.6,0.5]}],"description":{"identifier":"geometry.lapis_lazuli_item_trophy","texture_height":64,"texture_width":64,"visible_bounds_height":3.5,"visible_bounds_offset":[0,1.25,0],"visible_bounds_width":2}}]}