{"format_version":"1.12.0","minecraft:geometry":[{"bones":[{"cubes":[{"origin":[-18,4,-8],"size":[36,5,16],"uv":{"down":{"uv":[36,84],"uv_size":[36,-16]},"east":{"uv":[6,121],"uv_size":[16,5]},"north":{"uv":[104,18],"uv_size":[36,5]},"south":{"uv":[104,23],"uv_size":[36,5]},"up":{"uv":[68,17],"uv_size":[36,16]},"west":{"uv":[122,118],"uv_size":[16,5]}}},{"inflate":-0.1,"origin":[-34,4.8719,3.43684],"pivot":[0,7.3719,6.93684],"rotation":[-27.5,0,0],"size":[68,17,6],"uv":{"down":{"uv":[104,6],"uv_size":[68,-6]},"east":{"uv":[92,113],"uv_size":[6,17]},"north":{"uv":[0,0],"uv_size":[68,17]},"south":{"uv":[0,17],"uv_size":[68,17]},"up":{"uv":[88,102],"uv_size":[68,6]},"west":{"uv":[98,113],"uv_size":[6,17]}}},{"inflate":0.1,"origin":[-31,4.8719,3.43684],"pivot":[0,7.3719,6.93684],"rotation":[-27.5,0,0],"size":[62,17,6],"uv":{"down":{"uv":[104,18],"uv_size":[62,-6]},"east":{"uv":[104,113],"uv_size":[6,17]},"north":{"uv":[0,34],"uv_size":[62,17]},"south":{"uv":[0,51],"uv_size":[62,17]},"up":{"uv":[104,6],"uv_size":[62,6]},"west":{"uv":[118,67],"uv_size":[6,17]}}}],"name":"bb_main","pivot":[0,0,0]},{"cubes":[{"inflate":0.1,"origin":[-35.43684,4.8719,-24],"pivot":[-32.93684,7.3719,-9],"rotation":[0,0,-27.5],"size":[6,17,30],"uv":{"down":{"uv":[74,143],"uv_size":[6,-30]},"east":{"uv":[88,68],"uv_size":[30,17]},"north":{"uv":[34,120],"uv_size":[6,17]},"south":{"uv":[40,120],"uv_size":[6,17]},"up":{"uv":[110,108],"uv_size":[6,30]},"west":{"uv":[88,85],"uv_size":[30,17]}}},{"inflate":-0.1,"origin":[-35.43684,4.8719,-27],"pivot":[-32.93684,7.3719,-9],"rotation":[0,0,-27.5],"size":[6,17,36],"uv":{"down":{"uv":[22,121],"uv_size":[6,-36]},"east":{"uv":[62,34],"uv_size":[36,17]},"north":{"uv":[118,84],"uv_size":[6,17]},"south":{"uv":[116,118],"uv_size":[6,17]},"up":{"uv":[16,85],"uv_size":[6,36]},"west":{"uv":[62,51],"uv_size":[36,17]}}},{"origin":[-34,4,-27],"size":[16,5,36],"uv":{"down":{"uv":[36,120],"uv_size":[16,-36]},"east":{"uv":[104,28],"uv_size":[36,5]},"north":{"uv":[122,123],"uv_size":[16,5]},"south":{"uv":[124,67],"uv_size":[16,5]},"up":{"uv":[72,68],"uv_size":[16,36]},"west":{"uv":[74,108],"uv_size":[36,5]}}},{"origin":[18,4,-27],"size":[16,5,36],"uv":{"down":{"uv":[52,120],"uv_size":[-16,-36]},"east":{"uv":[110,108],"uv_size":[-36,5]},"north":{"uv":[138,123],"uv_size":[-16,5]},"south":{"uv":[140,67],"uv_size":[-16,5]},"up":{"uv":[88,68],"uv_size":[-16,36]},"west":{"uv":[140,28],"uv_size":[-36,5]}}},{"inflate":-0.1,"origin":[29.43684,4.8719,-27],"pivot":[32.93684,7.3719,-9],"rotation":[0,0,27.5],"size":[6,17,36],"uv":{"down":{"uv":[68,140],"uv_size":[6,-36]},"east":{"uv":[0,68],"uv_size":[36,17]},"north":{"uv":[58,120],"uv_size":[6,17]},"south":{"uv":[0,121],"uv_size":[6,17]},"up":{"uv":[28,85],"uv_size":[6,36]},"west":{"uv":[68,0],"uv_size":[36,17]}}},{"inflate":0.1,"origin":[29.43684,4.8719,-24],"pivot":[32.93684,7.3719,-9],"rotation":[0,0,27.5],"size":[6,17,30],"uv":{"down":{"uv":[86,143],"uv_size":[6,-30]},"east":{"uv":[98,33],"uv_size":[30,17]},"north":{"uv":[46,120],"uv_size":[6,17]},"south":{"uv":[52,120],"uv_size":[6,17]},"up":{"uv":[80,113],"uv_size":[6,30]},"west":{"uv":[98,50],"uv_size":[30,17]}}}],"name":"bone2","parent":"bb_main","pivot":[-26,0,-9]},{"cubes":[{"origin":[-17,0,-7],"size":[2,4,2],"uv":{"down":{"uv":[10,128],"uv_size":[2,-2]},"east":{"uv":[70,84],"uv_size":[2,4]},"north":{"uv":[68,84],"uv_size":[2,4]},"south":{"uv":[34,85],"uv_size":[2,4]},"up":{"uv":[34,117],"uv_size":[2,2]},"west":{"uv":[68,88],"uv_size":[2,4]}}},{"origin":[-21,0,-26],"size":[2,4,2],"uv":{"down":{"uv":[126,88],"uv_size":[2,-2]},"east":{"uv":[78,104],"uv_size":[2,4]},"north":{"uv":[76,104],"uv_size":[2,4]},"south":{"uv":[80,104],"uv_size":[2,4]},"up":{"uv":[126,84],"uv_size":[2,2]},"west":{"uv":[82,104],"uv_size":[2,4]}}},{"origin":[-33,0,-26],"size":[2,4,2],"uv":{"down":{"uv":[126,92],"uv_size":[2,-2]},"east":{"uv":[86,104],"uv_size":[2,4]},"north":{"uv":[84,104],"uv_size":[2,4]},"south":{"uv":[34,105],"uv_size":[2,4]},"up":{"uv":[126,88],"uv_size":[2,2]},"west":{"uv":[34,109],"uv_size":[2,4]}}},{"origin":[-33,0,5],"size":[2,4,2],"uv":{"down":{"uv":[126,100],"uv_size":[2,-2]},"east":{"uv":[26,121],"uv_size":[2,4]},"north":{"uv":[24,121],"uv_size":[2,4]},"south":{"uv":[28,121],"uv_size":[2,4]},"up":{"uv":[126,96],"uv_size":[2,2]},"west":{"uv":[30,121],"uv_size":[2,4]}}},{"origin":[-21,0,5],"size":[2,4,2],"uv":{"down":{"uv":[126,96],"uv_size":[2,-2]},"east":{"uv":[64,120],"uv_size":[2,4]},"north":{"uv":[34,113],"uv_size":[2,4]},"south":{"uv":[66,120],"uv_size":[2,4]},"up":{"uv":[126,92],"uv_size":[2,2]},"west":{"uv":[22,121],"uv_size":[2,4]}}},{"origin":[31,0,5],"size":[2,4,2],"uv":{"down":{"uv":[128,35],"uv_size":[2,-2]},"east":{"uv":[32,125],"uv_size":[2,4]},"north":{"uv":[30,125],"uv_size":[2,4]},"south":{"uv":[6,126],"uv_size":[2,4]},"up":{"uv":[20,128],"uv_size":[2,2]},"west":{"uv":[8,126],"uv_size":[2,4]}}},{"origin":[19,0,5],"size":[2,4,2],"uv":{"down":{"uv":[18,130],"uv_size":[2,-2]},"east":{"uv":[24,125],"uv_size":[2,4]},"north":{"uv":[22,125],"uv_size":[2,4]},"south":{"uv":[26,125],"uv_size":[2,4]},"up":{"uv":[16,128],"uv_size":[2,2]},"west":{"uv":[28,125],"uv_size":[2,4]}}},{"origin":[31,0,-26],"size":[2,4,2],"uv":{"down":{"uv":[14,130],"uv_size":[2,-2]},"east":{"uv":[124,90],"uv_size":[2,4]},"north":{"uv":[124,86],"uv_size":[2,4]},"south":{"uv":[124,94],"uv_size":[2,4]},"up":{"uv":[12,128],"uv_size":[2,2]},"west":{"uv":[124,98],"uv_size":[2,4]}}},{"origin":[19,0,-26],"size":[2,4,2],"uv":{"down":{"uv":[10,130],"uv_size":[2,-2]},"east":{"uv":[64,124],"uv_size":[2,4]},"north":{"uv":[32,121],"uv_size":[2,4]},"south":{"uv":[66,124],"uv_size":[2,4]},"up":{"uv":[126,100],"uv_size":[2,2]},"west":{"uv":[124,82],"uv_size":[2,4]}}},{"origin":[15,0,-7],"size":[2,4,2],"uv":{"down":{"uv":[14,128],"uv_size":[2,-2]},"east":{"uv":[34,89],"uv_size":[2,4]},"north":{"uv":[70,88],"uv_size":[2,4]},"south":{"uv":[68,92],"uv_size":[2,4]},"up":{"uv":[12,126],"uv_size":[2,2]},"west":{"uv":[70,92],"uv_size":[2,4]}}},{"origin":[15,0,5],"size":[2,4,2],"uv":{"down":{"uv":[18,128],"uv_size":[2,-2]},"east":{"uv":[68,96],"uv_size":[2,4]},"north":{"uv":[34,93],"uv_size":[2,4]},"south":{"uv":[70,96],"uv_size":[2,4]},"up":{"uv":[16,126],"uv_size":[2,2]},"west":{"uv":[34,97],"uv_size":[2,4]}}},{"origin":[-17,0,5],"size":[2,4,2],"uv":{"down":{"uv":[126,84],"uv_size":[2,-2]},"east":{"uv":[70,100],"uv_size":[2,4]},"north":{"uv":[68,100],"uv_size":[2,4]},"south":{"uv":[34,101],"uv_size":[2,4]},"up":{"uv":[20,126],"uv_size":[2,2]},"west":{"uv":[74,104],"uv_size":[2,4]}}}],"name":"bone","pivot":[-16,0,6]}],"description":{"identifier":"geometry.large_sofa","texture_height":256,"texture_width":256,"visible_bounds_height":2.5,"visible_bounds_offset":[0,0.75,0],"visible_bounds_width":7}}]}