{"format_version":"1.12.0","minecraft:geometry":[{"bones":[{"cubes":[{"inflate":0.05,"origin":[-7,0,-7],"size":[5,7,12],"uv":{"down":{"uv":[29,49],"uv_size":[5,-12]},"east":{"uv":[12,33],"uv_size":[12,7]},"north":{"uv":[41,43],"uv_size":[5,7]},"south":{"uv":[0,44],"uv_size":[5,7]},"up":{"uv":[24,37],"uv_size":[5,12]},"west":{"uv":[34,27],"uv_size":[12,7]}}},{"inflate":0.025,"origin":[-5,0,-5],"size":[12,11,12],"uv":{"down":{"uv":[0,24],"uv_size":[12,-12]},"east":{"uv":[12,11],"uv_size":[12,11]},"north":{"uv":[12,0],"uv_size":[12,11]},"south":{"uv":[12,22],"uv_size":[12,11]},"up":{"uv":[0,0],"uv_size":[12,12]},"west":{"uv":[0,24],"uv_size":[12,11]}}},{"origin":[-2,0,-8],"size":[10,9,9],"uv":{"down":{"uv":[32,27],"uv_size":[10,-9]},"east":{"uv":[34,34],"uv_size":[9,9]},"north":{"uv":[24,28],"uv_size":[10,9]},"south":{"uv":[32,0],"uv_size":[10,9]},"up":{"uv":[32,9],"uv_size":[10,9]},"west":{"uv":[0,35],"uv_size":[9,9]}}}],"name":"bb_main","pivot":[0,0,0]},{"cubes":[{"origin":[-2,0.25,-1],"size":[4,28,2],"uv":{"down":{"uv":[52,41],"uv_size":[4,-2]},"east":{"uv":[9,35],"uv_size":[2,28]},"north":{"uv":[24,0],"uv_size":[4,28]},"south":{"uv":[28,0],"uv_size":[4,28]},"up":{"uv":[39,52],"uv_size":[4,2]},"west":{"uv":[11,40],"uv_size":[2,28]}}},{"origin":[-5,28.25,-1],"size":[10,2,2],"uv":{"down":{"uv":[46,47],"uv_size":[10,-2]},"east":{"uv":[4,55],"uv_size":[2,2]},"north":{"uv":[43,41],"uv_size":[10,2]},"south":{"uv":[46,31],"uv_size":[10,2]},"up":{"uv":[46,43],"uv_size":[10,2]},"west":{"uv":[15,55],"uv_size":[2,2]}}},{"inflate":0.025,"origin":[-6,28.25,-1],"pivot":[-4,29.25,0],"rotation":[0,0,-45],"size":[3,3,2],"uv":{"down":{"uv":[53,43],"uv_size":[3,-2]},"east":{"uv":[27,53],"uv_size":[2,3]},"north":{"uv":[4,52],"uv_size":[3,3]},"south":{"uv":[15,52],"uv_size":[3,3]},"up":{"uv":[53,6],"uv_size":[3,2]},"west":{"uv":[29,53],"uv_size":[2,3]}}},{"inflate":0.2,"origin":[-2,28.25,-1],"size":[4,3,2],"uv":{"down":{"uv":[53,2],"uv_size":[4,-2]},"east":{"uv":[45,53],"uv_size":[2,3]},"north":{"uv":[50,49],"uv_size":[4,3]},"south":{"uv":[0,51],"uv_size":[4,3]},"up":{"uv":[50,52],"uv_size":[4,2]},"west":{"uv":[47,53],"uv_size":[2,3]}}},{"origin":[-1,31.25,-1],"size":[2,8,2],"uv":{"down":{"uv":[19,57],"uv_size":[2,-2]},"east":{"uv":[22,40],"uv_size":[2,8]},"north":{"uv":[20,40],"uv_size":[2,8]},"south":{"uv":[5,44],"uv_size":[2,8]},"up":{"uv":[17,55],"uv_size":[2,2]},"west":{"uv":[7,44],"uv_size":[2,8]}}},{"inflate":0.025,"origin":[-2,37.25,-1],"pivot":[0,38.25,0],"rotation":[0,0,45],"size":[3,3,2],"uv":{"down":{"uv":[49,56],"uv_size":[3,-2]},"east":{"uv":[0,54],"uv_size":[2,3]},"north":{"uv":[18,52],"uv_size":[3,3]},"south":{"uv":[52,33],"uv_size":[3,3]},"up":{"uv":[39,54],"uv_size":[3,2]},"west":{"uv":[2,54],"uv_size":[2,3]}}},{"inflate":0.1752,"origin":[-1,28.25,-1],"pivot":[0,29.75,0],"rotation":[0,0,45],"size":[5,2,2],"uv":{"down":{"uv":[51,23],"uv_size":[5,-2]},"east":{"uv":[21,55],"uv_size":[2,2]},"north":{"uv":[51,8],"uv_size":[5,2]},"south":{"uv":[51,10],"uv_size":[5,2]},"up":{"uv":[51,12],"uv_size":[5,2]},"west":{"uv":[31,55],"uv_size":[2,2]}}},{"inflate":0.175,"origin":[-4,28.25,-1],"pivot":[0,29.75,0],"rotation":[0,0,-45],"size":[5,2,2],"uv":{"down":{"uv":[51,29],"uv_size":[5,-2]},"east":{"uv":[55,33],"uv_size":[2,2]},"north":{"uv":[51,23],"uv_size":[5,2]},"south":{"uv":[51,25],"uv_size":[5,2]},"up":{"uv":[27,51],"uv_size":[5,2]},"west":{"uv":[55,35],"uv_size":[2,2]}}},{"inflate":0.025,"origin":[-2,23.25,-1],"pivot":[0,25.25,0],"rotation":[0,0,45],"size":[4,4,2],"uv":{"down":{"uv":[53,6],"uv_size":[4,-2]},"east":{"uv":[32,51],"uv_size":[2,4]},"north":{"uv":[13,47],"uv_size":[4,4]},"south":{"uv":[47,21],"uv_size":[4,4]},"up":{"uv":[53,2],"uv_size":[4,2]},"west":{"uv":[7,52],"uv_size":[2,4]}}},{"inflate":0.025,"origin":[3,28.25,-1],"pivot":[4,29.25,0],"rotation":[0,0,45],"size":[3,3,2],"uv":{"down":{"uv":[54,56],"uv_size":[3,-2]},"east":{"uv":[54,49],"uv_size":[2,3]},"north":{"uv":[36,52],"uv_size":[3,3]},"south":{"uv":[52,36],"uv_size":[3,3]},"up":{"uv":[54,52],"uv_size":[3,2]},"west":{"uv":[52,54],"uv_size":[2,3]}}}],"locators":{"locator":[0,11,0]},"name":"bone","pivot":[0,34.78787,0]},{"cubes":[{"origin":[-3.18698,18.80995,-5.27948],"size":[4,0,4],"uv":{"down":{"uv":[49,8],"uv_size":[4,-4]},"east":{"uv":[0,0],"uv_size":[4,0]},"north":{"uv":[0,0],"uv_size":[4,0]},"south":{"uv":[0,0],"uv_size":[4,0]},"up":{"uv":[49,0],"uv_size":[4,4]},"west":{"uv":[0,0],"uv_size":[4,0]}}}],"name":"bone4","parent":"bone","pivot":[-1.95234,18.80995,-1.43172],"rotation":[-165.88413,67.24338,170.91946]},{"cubes":[{"origin":[2.4251,16.30995,-2],"pivot":[4.4251,16.30995,0],"rotation":[0,-45,0],"size":[4,0,4],"uv":{"down":{"uv":[17,52],"uv_size":[4,-4]},"east":{"uv":[0,0],"uv_size":[4,0]},"north":{"uv":[0,0],"uv_size":[4,0]},"south":{"uv":[0,0],"uv_size":[4,0]},"up":{"uv":[46,47],"uv_size":[4,4]},"west":{"uv":[0,0],"uv_size":[4,0]}}}],"name":"bone3","parent":"bone","pivot":[2.4251,16.30995,0],"rotation":[0,0,10.75]},{"cubes":[{"origin":[-9,1,-5],"pivot":[-5.5,4.5,-3.5],"rotation":[0,0,-16],"size":[7,7,2],"uv":{"down":{"uv":[49,19],"uv_size":[7,-2]},"east":{"uv":[21,48],"uv_size":[2,7]},"north":{"uv":[13,40],"uv_size":[7,7]},"south":{"uv":[42,0],"uv_size":[7,7]},"up":{"uv":[49,15],"uv_size":[7,2]},"west":{"uv":[49,8],"uv_size":[2,7]}}},{"origin":[-11.3114,-3.08392,-5],"pivot":[-10.8114,4.41608,-4],"rotation":[0,0,26.5],"size":[5,5,2],"uv":{"down":{"uv":[45,53],"uv_size":[5,-2]},"east":{"uv":[43,50],"uv_size":[2,5]},"north":{"uv":[42,21],"uv_size":[5,5]},"south":{"uv":[46,26],"uv_size":[5,5]},"up":{"uv":[51,29],"uv_size":[5,2]},"west":{"uv":[13,51],"uv_size":[2,5]}}}],"name":"bone5","pivot":[-3.8114,5.41608,-4]},{"cubes":[{"origin":[0.11757,6.40382,3],"pivot":[0.26757,6.15382,6],"rotation":[0,0,12],"size":[7,7,2],"uv":{"down":{"uv":[27,51],"uv_size":[7,-2]},"east":{"uv":[23,49],"uv_size":[2,7]},"north":{"uv":[42,7],"uv_size":[7,7]},"south":{"uv":[42,14],"uv_size":[7,7]},"up":{"uv":[49,19],"uv_size":[7,2]},"west":{"uv":[25,49],"uv_size":[2,7]}}},{"origin":[5.275,-5.69471,3],"pivot":[8.775,-2.19471,4],"rotation":[0,0,-18],"size":[7,7,2],"uv":{"down":{"uv":[50,49],"uv_size":[7,-2]},"east":{"uv":[50,33],"uv_size":[2,7]},"north":{"uv":[34,43],"uv_size":[7,7]},"south":{"uv":[43,34],"uv_size":[7,7]},"up":{"uv":[36,50],"uv_size":[7,2]},"west":{"uv":[34,50],"uv_size":[2,7]}}}],"name":"bone2","pivot":[0.54951,9.46533,4]}],"description":{"identifier":"geometry.magic_sword","texture_height":128,"texture_width":128,"visible_bounds_height":4.5,"visible_bounds_offset":[0,1.75,0],"visible_bounds_width":3}}]}