{"format_version":"1.12.0","minecraft:geometry":[{"bones":[{"name":"torso","pivot":[5,22,0]},{"cubes":[{"origin":[-4,12,-2],"size":[8,12,4],"uv":[16,16]},{"inflate":0.25,"origin":[-4,12,-2],"size":[8,12,4],"uv":[16,32]}],"name":"Body","parent":"torso","pivot":[0,12,0]},{"cubes":[{"origin":[-4,24,-4],"size":[8,8,8],"uv":[0,0]},{"inflate":0.2,"origin":[-4,24,-4],"size":[8,8,8],"uv":[32,0]},{"inflate":0.025,"origin":[-4.525,23.28373,-4.52504],"pivot":[-0.5,31.9,-4],"rotation":[-9.5,0,0],"size":[9,10,1],"uv":[60,18]},{"inflate":0.225,"origin":[-4,26,-4],"size":[8,7,8],"uv":[64,41]}],"name":"Head","parent":"Body","pivot":[0,24,0]},{"name":"Rightarm2","parent":"Body","pivot":[-5,22,0]},{"cubes":[{"origin":[-8,12,-2],"size":[4,12,4],"uv":[40,16]},{"inflate":0.25,"origin":[-8,12,-2],"size":[4,12,4],"uv":[40,32]}],"name":"RightArm","parent":"Rightarm2","pivot":[-5,22,0]},{"cubes":[{"origin":[-6.725,12.825,-4],"size":[2,2,7],"uv":[64,31]},{"inflate":0.05,"origin":[-6.725,12.825,-5],"size":[2,2,2],"uv":[77,31]},{"inflate":0.075,"origin":[-6.725,12.825,-11],"size":[2,2,6],"uv":[82,32]}],"name":"flashlight","parent":"RightArm","pivot":[-5.725,13.825,-4.16667]},{"cubes":[{"origin":[4,12,-2],"size":[4,12,4],"uv":[32,48]},{"inflate":0.25,"origin":[4,12,-2],"size":[4,12,4],"uv":[48,48]}],"name":"LeftArm","parent":"Body","pivot":[5,22,0]},{"cubes":[{"origin":[4.525,12.55,-18],"size":[2,2,23],"uv":[42,60]},{"inflate":-0.025,"origin":[4.525,9.55,-4],"size":[2,3,2],"uv":[54,66]}],"name":"baton","parent":"LeftArm","pivot":[0.525,0,0]},{"cubes":[{"origin":[-3.9,0,-2],"size":[4,12,4],"uv":[0,16]},{"inflate":0.25,"origin":[-3.9,0,-2],"size":[4,12,4],"uv":[0,32]},{"origin":[-4.1,0,-4],"size":[4,3,2],"uv":[52,0]}],"name":"RightLeg","parent":"torso","pivot":[-1.9,12,0]},{"cubes":[{"origin":[-0.1,0,-2],"size":[4,12,4],"uv":[16,48]},{"inflate":0.25,"origin":[-0.1,0,-2],"size":[4,12,4],"uv":[0,48]},{"origin":[-0.1,0,-4],"size":[4,3,2],"uv":[52,0]}],"name":"LeftLeg","parent":"torso","pivot":[1.9,12,0]}],"description":{"identifier":"geometry.maxsecurityguard","texture_height":128,"texture_width":128,"visible_bounds_height":3.5,"visible_bounds_offset":[0,1.25,0],"visible_bounds_width":3}}]}