{"format_version":"1.12.0","minecraft:geometry":[{"bones":[{"cubes":[{"inflate":0.2,"origin":[-14,2,-17],"size":[28,6,32],"uv":{"down":{"uv":[28,73],"uv_size":[28,-32]},"east":{"uv":[56,28],"uv_size":[32,6]},"north":{"uv":[56,40],"uv_size":[28,6]},"south":{"uv":[56,46],"uv_size":[28,6]},"up":{"uv":[0,41],"uv_size":[28,32]},"west":{"uv":[56,34],"uv_size":[32,6]}}},{"origin":[-14,3,-17],"size":[28,5,41],"uv":{"down":{"uv":[28,41],"uv_size":[28,-41]},"east":{"uv":[56,18],"uv_size":[41,5]},"north":{"uv":[68,52],"uv_size":[28,5]},"south":{"uv":[68,57],"uv_size":[28,5]},"up":{"uv":[0,0],"uv_size":[28,41]},"west":{"uv":[56,23],"uv_size":[41,5]}}},{"origin":[-14,0,22],"size":[2,3,2],"uv":{"down":{"uv":[65,78],"uv_size":[2,-2]},"east":{"uv":[54,73],"uv_size":[2,3]},"north":{"uv":[52,73],"uv_size":[2,3]},"south":{"uv":[20,84],"uv_size":[2,3]},"up":{"uv":[63,76],"uv_size":[2,2]},"west":{"uv":[84,40],"uv_size":[2,3]}}},{"origin":[12,0,22],"size":[2,3,2],"uv":{"down":{"uv":[83,86],"uv_size":[2,-2]},"east":{"uv":[84,46],"uv_size":[2,3]},"north":{"uv":[84,43],"uv_size":[2,3]},"south":{"uv":[84,49],"uv_size":[2,3]},"up":{"uv":[81,84],"uv_size":[2,2]},"west":{"uv":[63,84],"uv_size":[2,3]}}},{"origin":[-14,0,-17],"size":[2,3,2],"uv":{"down":{"uv":[10,87],"uv_size":[2,-2]},"east":{"uv":[75,84],"uv_size":[2,3]},"north":{"uv":[73,84],"uv_size":[2,3]},"south":{"uv":[77,84],"uv_size":[2,3]},"up":{"uv":[85,9],"uv_size":[2,2]},"west":{"uv":[79,84],"uv_size":[2,3]}}},{"origin":[12,0,-17],"size":[2,3,2],"uv":{"down":{"uv":[8,87],"uv_size":[2,-2]},"east":{"uv":[67,84],"uv_size":[2,3]},"north":{"uv":[65,84],"uv_size":[2,3]},"south":{"uv":[69,84],"uv_size":[2,3]},"up":{"uv":[6,85],"uv_size":[2,2]},"west":{"uv":[71,84],"uv_size":[2,3]}}},{"origin":[-6,6.4,16],"pivot":[0,8.5,19],"rotation":[16,0,0],"size":[12,3,6],"uv":{"down":{"uv":[40,79],"uv_size":[12,-6]},"east":{"uv":[82,67],"uv_size":[6,3]},"north":{"uv":[39,79],"uv_size":[12,3]},"south":{"uv":[0,81],"uv_size":[12,3]},"up":{"uv":[28,73],"uv_size":[12,6]},"west":{"uv":[82,70],"uv_size":[6,3]}}},{"origin":[2,6.32324,18.16538],"pivot":[0,7.92324,19.16538],"rotation":[16.73398,16.80151,4.96699],"size":[11,3,6],"uv":{"down":{"uv":[63,84],"uv_size":[11,-6]},"east":{"uv":[82,73],"uv_size":[6,3]},"north":{"uv":[12,81],"uv_size":[11,3]},"south":{"uv":[39,82],"uv_size":[11,3]},"up":{"uv":[52,76],"uv_size":[11,6]},"west":{"uv":[0,84],"uv_size":[6,3]}}},{"origin":[-13,6.32324,18.16538],"pivot":[0,7.92324,19.16538],"rotation":[16.73398,-16.80151,-4.96699],"size":[11,3,6],"uv":{"down":{"uv":[28,85],"uv_size":[11,-6]},"east":{"uv":[84,0],"uv_size":[6,3]},"north":{"uv":[50,82],"uv_size":[11,3]},"south":{"uv":[82,62],"uv_size":[11,3]},"up":{"uv":[74,78],"uv_size":[11,6]},"west":{"uv":[84,3],"uv_size":[6,3]}}},{"inflate":0.001,"origin":[-14,8,23],"size":[28,9,1],"uv":{"down":{"uv":[82,67],"uv_size":[28,-1]},"east":{"uv":[25,81],"uv_size":[1,9]},"north":{"uv":[56,0],"uv_size":[28,9]},"south":{"uv":[56,9],"uv_size":[28,9]},"up":{"uv":[82,65],"uv_size":[28,1]},"west":{"uv":[26,81],"uv_size":[1,9]}}},{"inflate":0.101,"origin":[-6,8,23],"pivot":[0,14,23.5],"rotation":[0,0,45],"size":[12,12,1],"uv":{"down":{"uv":[84,9],"uv_size":[12,-1]},"east":{"uv":[23,81],"uv_size":[1,12]},"north":{"uv":[56,52],"uv_size":[12,12]},"south":{"uv":[56,64],"uv_size":[12,12]},"up":{"uv":[84,7],"uv_size":[12,1]},"west":{"uv":[24,81],"uv_size":[1,12]}}},{"inflate":0.01,"origin":[-13.89322,6.95199,23.1],"pivot":[-5.89322,19.95199,23.6],"rotation":[0,0,25],"size":[14,8,1],"uv":{"down":{"uv":[82,78],"uv_size":[14,-1]},"east":{"uv":[27,81],"uv_size":[1,8]},"north":{"uv":[14,73],"uv_size":[-14,8]},"south":{"uv":[0,73],"uv_size":[14,8]},"up":{"uv":[82,76],"uv_size":[14,1]},"west":{"uv":[61,82],"uv_size":[1,8]}}},{"inflate":0.01,"origin":[-0.10678,6.95199,23.1],"pivot":[5.89322,19.95199,23.6],"rotation":[0,0,-25],"size":[14,8,1],"uv":{"down":{"uv":[84,7],"uv_size":[14,-1]},"east":{"uv":[62,82],"uv_size":[1,8]},"north":{"uv":[0,73],"uv_size":[14,8]},"south":{"uv":[14,73],"uv_size":[-14,8]},"up":{"uv":[6,84],"uv_size":[14,1]},"west":{"uv":[84,9],"uv_size":[1,8]}}}],"name":"bone","pivot":[-7.95372,10.19929,23.5]}],"description":{"identifier":"geometry.medium_fancy_prisonbed","texture_height":128,"texture_width":128,"visible_bounds_height":2.5,"visible_bounds_offset":[0,0.75,0],"visible_bounds_width":6}}]}