{"format_version":"1.12.0","minecraft:geometry":[{"bones":[{"cubes":[{"origin":[-16.5,13,-2],"size":[33,67,3],"uv":[0,0]},{"origin":[-17.5,13,-3],"size":[2,67,5],"uv":[0,79]},{"origin":[-17.5,80,-3],"size":[35,2,5],"uv":[0,72]},{"origin":[-17.5,11,-3],"size":[35,2,5],"uv":[67,65]},{"mirror":true,"origin":[15.5,13,-3],"size":[2,67,5],"uv":[0,79]},{"inflate":0.05,"origin":[-19.5,10,-3],"pivot":[-16.5,13,-0.5],"rotation":[0,0,-45],"size":[6,6,5],"uv":[72,0]},{"inflate":0.05,"mirror":true,"origin":[13.5,10,-3],"pivot":[16.5,13,-0.5],"rotation":[0,0,45],"size":[6,6,5],"uv":[72,0]},{"inflate":0.05,"origin":[-19.5,79,-3],"pivot":[-16.5,82,-0.5],"rotation":[0,0,-45],"size":[6,6,5],"uv":[72,11]},{"inflate":0.05,"mirror":true,"origin":[13.5,79,-3],"pivot":[16.5,82,-0.5],"rotation":[0,0,45],"size":[6,6,5],"uv":[72,11]}],"name":"painting","pivot":[0,46.94444,-0.5]}],"description":{"identifier":"geometry.morocan_painting","texture_height":256,"texture_width":256,"visible_bounds_height":6.5,"visible_bounds_offset":[0,2.75,0],"visible_bounds_width":4}}]}