{"format_version":"1.12.0","minecraft:geometry":[{"bones":[{"cubes":[{"origin":[-5,0,-5],"size":[10,2,10],"uv":{"down":{"uv":[38,38],"uv_size":[10,-10]},"east":{"uv":[48,35],"uv_size":[10,2]},"north":{"uv":[48,14],"uv_size":[10,2]},"south":{"uv":[48,37],"uv_size":[10,2]},"up":{"uv":[28,32],"uv_size":[10,10]},"west":{"uv":[38,48],"uv_size":[10,2]}}},{"origin":[-4,2,-4],"size":[8,4,8],"uv":{"down":{"uv":[44,24],"uv_size":[8,-8]},"east":{"uv":[48,10],"uv_size":[8,4]},"north":{"uv":[48,6],"uv_size":[8,4]},"south":{"uv":[48,27],"uv_size":[8,4]},"up":{"uv":[16,44],"uv_size":[8,8]},"west":{"uv":[48,31],"uv_size":[8,4]}}},{"origin":[-6,6,-6],"size":[12,3,12],"uv":{"down":{"uv":[32,28],"uv_size":[12,-12]},"east":{"uv":[0,48],"uv_size":[12,3]},"north":{"uv":[44,24],"uv_size":[12,3]},"south":{"uv":[48,0],"uv_size":[12,3]},"up":{"uv":[16,32],"uv_size":[12,12]},"west":{"uv":[48,3],"uv_size":[12,3]}}},{"origin":[-2,5,-7],"size":[4,3,2],"uv":{"down":{"uv":[12,50],"uv_size":[4,-2]},"east":{"uv":[36,28],"uv_size":[2,3]},"north":{"uv":[32,28],"uv_size":[4,3]},"south":{"uv":[24,44],"uv_size":[4,3]},"up":{"uv":[24,47],"uv_size":[4,2]},"west":{"uv":[48,39],"uv_size":[2,3]}}}],"name":"bb_main","pivot":[0,0,0]},{"cubes":[{"origin":[-5,11.125,-5],"size":[10,0,10],"uv":{"down":{"uv":[28,52],"uv_size":[10,-10]},"east":{"uv":[0,0],"uv_size":[10,0]},"north":{"uv":[0,0],"uv_size":[10,0]},"south":{"uv":[0,0],"uv_size":[10,0]},"up":{"uv":[38,38],"uv_size":[10,10]},"west":{"uv":[0,0],"uv_size":[10,0]}}}],"name":"ring","parent":"bb_main","pivot":[0,11.125,0]},{"cubes":[{"origin":[-4,12,-4],"size":[8,8,8],"uv":{"down":{"uv":[32,16],"uv_size":[16,-16]},"east":{"uv":[0,16],"uv_size":[16,16]},"north":{"uv":[0,0],"uv_size":[16,16]},"south":{"uv":[16,0],"uv_size":[16,16]},"up":{"uv":[0,32],"uv_size":[16,16]},"west":{"uv":[16,16],"uv_size":[16,16]}}}],"name":"item2","pivot":[0,16.295,0]}],"description":{"identifier":"geometry.obsidian_trophy","texture_height":64,"texture_width":64,"visible_bounds_height":3.5,"visible_bounds_offset":[0,1.25,0],"visible_bounds_width":2}}]}