{"format_version":"1.12.0","minecraft:geometry":[{"bones":[{"cubes":[{"origin":[-7,0,-7],"size":[14,12,14],"uv":{"down":{"uv":[28,61],"uv_size":[14,-14]},"east":{"uv":[0,61],"uv_size":[14,12]},"north":{"uv":[14,61],"uv_size":[14,12]},"south":{"uv":[42,61],"uv_size":[14,12]},"up":{"uv":[14,47],"uv_size":[14,14]},"west":{"uv":[28,61],"uv_size":[14,12]}}},{"origin":[-8,10,-8],"size":[16,3,16],"uv":{"down":{"uv":[32,44],"uv_size":[16,-16]},"east":{"uv":[0,44],"uv_size":[16,3]},"north":{"uv":[16,44],"uv_size":[16,3]},"south":{"uv":[48,44],"uv_size":[16,3]},"up":{"uv":[16,28],"uv_size":[16,16]},"west":{"uv":[32,44],"uv_size":[16,3]}}},{"origin":[-1,10,-1],"size":[2,27,2],"uv":{"down":{"uv":[60,49],"uv_size":[2,-2]},"east":{"uv":[56,49],"uv_size":[2,27]},"north":{"uv":[58,49],"uv_size":[2,27]},"south":{"uv":[62,49],"uv_size":[2,27]},"up":{"uv":[58,47],"uv_size":[2,2]},"west":{"uv":[60,49],"uv_size":[2,27]}}},{"origin":[-15,15,0],"size":[30,28,0],"uv":{"down":{"uv":[30,0],"uv_size":[30,0]},"east":{"uv":[0,0],"uv_size":[0,28]},"north":{"uv":[0,0],"uv_size":[30,28]},"south":{"uv":[30,0],"uv_size":[-30,28]},"up":{"uv":[0,0],"uv_size":[30,0]},"west":{"uv":[30,0],"uv_size":[0,28]}}},{"origin":[0,15,-15],"size":[0,28,30],"uv":{"down":{"uv":[30,0],"uv_size":[30,0]},"east":{"uv":[0,0],"uv_size":[30,28]},"north":{"uv":[30,0],"uv_size":[0,28]},"south":{"uv":[0,0],"uv_size":[0,28]},"up":{"uv":[0,0],"uv_size":[30,0]},"west":{"uv":[30,0],"uv_size":[-30,28]}}},{"origin":[0,15,-15],"pivot":[0,29,0],"rotation":[0,47.5,0],"size":[0,28,30],"uv":{"down":{"uv":[30,0],"uv_size":[30,0]},"east":{"uv":[0,0],"uv_size":[30,28]},"north":{"uv":[30,0],"uv_size":[0,28]},"south":{"uv":[0,0],"uv_size":[0,28]},"up":{"uv":[0,0],"uv_size":[30,0]},"west":{"uv":[30,0],"uv_size":[-30,28]}}},{"origin":[-15,15,0],"pivot":[0,29,0],"rotation":[0,47.5,0],"size":[30,28,0],"uv":{"down":{"uv":[30,0],"uv_size":[30,0]},"east":{"uv":[0,0],"uv_size":[0,28]},"north":{"uv":[0,0],"uv_size":[30,28]},"south":{"uv":[30,0],"uv_size":[-30,28]},"up":{"uv":[0,0],"uv_size":[30,0]},"west":{"uv":[30,0],"uv_size":[0,28]}}},{"origin":[-15,15,0],"size":[30,28,0],"uv":{"down":{"uv":[30,0],"uv_size":[30,0]},"east":{"uv":[0,0],"uv_size":[0,28]},"north":{"uv":[0,0],"uv_size":[30,28]},"south":{"uv":[30,0],"uv_size":[-30,28]},"up":{"uv":[0,0],"uv_size":[30,0]},"west":{"uv":[30,0],"uv_size":[0,28]}}},{"origin":[0,15,-15],"size":[0,28,30],"uv":{"down":{"uv":[30,0],"uv_size":[30,0]},"east":{"uv":[0,0],"uv_size":[30,28]},"north":{"uv":[30,0],"uv_size":[0,28]},"south":{"uv":[0,0],"uv_size":[0,28]},"up":{"uv":[0,0],"uv_size":[30,0]},"west":{"uv":[30,0],"uv_size":[-30,28]}}},{"origin":[-15,15,0],"pivot":[0,29,0],"rotation":[0,47.5,0],"size":[30,28,0],"uv":{"down":{"uv":[30,0],"uv_size":[30,0]},"east":{"uv":[0,0],"uv_size":[0,28]},"north":{"uv":[0,0],"uv_size":[30,28]},"south":{"uv":[30,0],"uv_size":[-30,28]},"up":{"uv":[0,0],"uv_size":[30,0]},"west":{"uv":[30,0],"uv_size":[0,28]}}},{"origin":[0,15,-15],"pivot":[0,29,0],"rotation":[0,47.5,0],"size":[0,28,30],"uv":{"down":{"uv":[30,0],"uv_size":[30,0]},"east":{"uv":[0,0],"uv_size":[30,28]},"north":{"uv":[30,0],"uv_size":[0,28]},"south":{"uv":[0,0],"uv_size":[0,28]},"up":{"uv":[0,0],"uv_size":[30,0]},"west":{"uv":[30,0],"uv_size":[-30,28]}}}],"name":"bb_main","pivot":[0,0,0]}],"description":{"identifier":"geometry.olivetree","texture_height":128,"texture_width":128,"visible_bounds_height":4.5,"visible_bounds_offset":[0,1.75,0],"visible_bounds_width":3}}]}