{"format_version":"1.12.0","minecraft:geometry":[{"bones":[{"cubes":[{"origin":[-4,0.1,-4],"size":[8,14,8],"uv":{"down":{"uv":[4.5,5.5],"uv_size":[1,-1]},"east":{"uv":[4,0],"uv_size":[1,1.75]},"north":{"uv":[0,4],"uv_size":[1,1.75]},"south":{"uv":[1,4],"uv_size":[1,1.75]},"up":{"uv":[4.5,3.5],"uv_size":[1,1]},"west":{"uv":[4,1.75],"uv_size":[1,1.75]}}},{"origin":[-4.47487,2,-6.97487],"pivot":[-2.47487,1,-2.47487],"rotation":[25,45,0],"size":[4,2,9],"uv":{"down":{"uv":[4.625,6.625],"uv_size":[0.5,-1.125]},"east":{"uv":[6.875,5],"uv_size":[1.125,0.25]},"north":{"uv":[5,3.25],"uv_size":[0.5,0.25]},"south":{"uv":[3.75,5.25],"uv_size":[0.5,0.25]},"up":{"uv":[5.5,4.125],"uv_size":[0.5,1.125]},"west":{"uv":[6.875,5.25],"uv_size":[1.125,0.25]}}},{"origin":[0.47487,2,-6.97487],"pivot":[2.47487,1,-2.47487],"rotation":[25,-45,0],"size":[4,2,9],"uv":{"down":{"uv":[5.625,6.375],"uv_size":[0.5,-1.125]},"east":{"uv":[6.875,5.5],"uv_size":[1.125,0.25]},"north":{"uv":[6.375,3.875],"uv_size":[0.5,0.25]},"south":{"uv":[5.625,6.375],"uv_size":[0.5,0.25]},"up":{"uv":[5.125,5.5],"uv_size":[0.5,1.125]},"west":{"uv":[6.875,5.75],"uv_size":[1.125,0.25]}}},{"origin":[0.47487,2,-2.02513],"pivot":[2.47487,1,2.47487],"rotation":[-25,45,0],"size":[4,2,9],"uv":{"down":{"uv":[0.5,6.875],"uv_size":[0.5,-1.125]},"east":{"uv":[6.875,6],"uv_size":[1.125,0.25]},"north":{"uv":[7.125,3.625],"uv_size":[0.5,0.25]},"south":{"uv":[7.875,1.75],"uv_size":[0.5,0.25]},"up":{"uv":[0,5.75],"uv_size":[0.5,1.125]},"west":{"uv":[6.875,6.25],"uv_size":[1.125,0.25]}}},{"origin":[-4.47487,2,-2.02513],"pivot":[-2.47487,1,2.47487],"rotation":[-25,-45,0],"size":[4,2,9],"uv":{"down":{"uv":[1.5,6.875],"uv_size":[0.5,-1.125]},"east":{"uv":[6.875,6.5],"uv_size":[1.125,0.25]},"north":{"uv":[7.875,2],"uv_size":[0.5,0.25]},"south":{"uv":[2.125,7.875],"uv_size":[0.5,0.25]},"up":{"uv":[1,5.75],"uv_size":[0.5,1.125]},"west":{"uv":[6.875,6.75],"uv_size":[1.125,0.25]}}},{"origin":[-8,0,-8],"size":[16,2,16],"uv":{"down":{"uv":[0,4],"uv_size":[2,-2]},"east":{"uv":[5.875,1.75],"uv_size":[2,0.25]},"north":{"uv":[5.875,1.5],"uv_size":[2,0.25]},"south":{"uv":[5.875,2],"uv_size":[2,0.25]},"up":{"uv":[0,0],"uv_size":[2,2]},"west":{"uv":[5.875,2.25],"uv_size":[2,0.25]}}},{"origin":[-5,11,-5],"size":[10,2,10],"uv":{"down":{"uv":[3.25,5.25],"uv_size":[1.25,-1.25]},"east":{"uv":[6.875,4.25],"uv_size":[1.25,0.25]},"north":{"uv":[6.75,2.875],"uv_size":[1.25,0.25]},"south":{"uv":[6.875,4.5],"uv_size":[1.25,0.25]},"up":{"uv":[2,4],"uv_size":[1.25,1.25]},"west":{"uv":[6.875,4.75],"uv_size":[1.25,0.25]}}},{"origin":[-8,13,-8],"size":[16,3,16],"uv":{"down":{"uv":[2,4],"uv_size":[2,-2]},"east":{"uv":[5,0.375],"uv_size":[2,0.375]},"north":{"uv":[5,0],"uv_size":[2,0.375]},"south":{"uv":[5,0.75],"uv_size":[2,0.375]},"up":{"uv":[2,0],"uv_size":[2,2]},"west":{"uv":[5,1.125],"uv_size":[2,0.375]}}},{"origin":[-1,16,-1],"size":[2,8,2],"uv":{"down":{"uv":[4.25,7.375],"uv_size":[0.25,-0.25]},"east":{"uv":[6,7],"uv_size":[0.25,1]},"north":{"uv":[1.75,6.875],"uv_size":[0.25,1]},"south":{"uv":[6.25,7],"uv_size":[0.25,1]},"up":{"uv":[4.25,5.25],"uv_size":[0.25,0.25]},"west":{"uv":[6.5,7],"uv_size":[0.25,1]}}},{"inflate":0.1,"origin":[-1,23,-1],"size":[2,1,2],"uv":{"down":{"uv":[2.5,8.5],"uv_size":[0.25,-0.25]},"east":{"uv":[8.5,5.75],"uv_size":[0.25,0.125]},"north":{"uv":[8.5,5.625],"uv_size":[0.25,0.125]},"south":{"uv":[8.5,5.875],"uv_size":[0.25,0.125]},"up":{"uv":[1.875,8.25],"uv_size":[0.25,0.25]},"west":{"uv":[6,8.5],"uv_size":[0.25,0.125]}}},{"inflate":0.1,"origin":[-1,22.46962,-3.02058],"pivot":[0,22.96962,-0.02058],"rotation":[-30,0,0],"size":[2,1,2],"uv":{"down":{"uv":[6,8.5],"uv_size":[0.25,-0.25]},"east":{"uv":[8.5,6.125],"uv_size":[0.25,0.125]},"north":{"uv":[8.5,6],"uv_size":[0.25,0.125]},"south":{"uv":[6.25,8.5],"uv_size":[0.25,0.125]},"up":{"uv":[4.625,8.25],"uv_size":[0.25,0.25]},"west":{"uv":[8.5,6.25],"uv_size":[0.25,0.125]}}},{"inflate":0.1,"origin":[-1,22.46962,1.02058],"pivot":[0,22.96962,0.02058],"rotation":[30,0,0],"size":[2,1,2],"uv":{"down":{"uv":[6.75,8.5],"uv_size":[0.25,-0.25]},"east":{"uv":[8.5,6.5],"uv_size":[0.25,0.125]},"north":{"uv":[8.5,6.375],"uv_size":[0.25,0.125]},"south":{"uv":[8.5,6.625],"uv_size":[0.25,0.125]},"up":{"uv":[6.25,8.25],"uv_size":[0.25,0.25]},"west":{"uv":[6.75,8.5],"uv_size":[0.25,0.125]}}},{"inflate":0.1,"origin":[-1,24.66891,1.55397],"pivot":[0,25.16891,2.55397],"rotation":[82.5,0,0],"size":[2,1,2],"uv":{"down":{"uv":[7.25,8.5],"uv_size":[0.25,-0.25]},"east":{"uv":[8.5,7],"uv_size":[0.25,0.125]},"north":{"uv":[7,8.5],"uv_size":[0.25,0.125]},"south":{"uv":[8.5,7.125],"uv_size":[0.25,0.125]},"up":{"uv":[7,8.25],"uv_size":[0.25,0.25]},"west":{"uv":[7.25,8.5],"uv_size":[0.25,0.125]}}},{"inflate":0.1,"origin":[-1,24.66891,-3.55397],"pivot":[0,25.16891,-2.55397],"rotation":[-82.5,0,0],"size":[2,1,2],"uv":{"down":{"uv":[8.375,0.75],"uv_size":[0.25,-0.25]},"east":{"uv":[8.5,7.375],"uv_size":[0.25,0.125]},"north":{"uv":[8.5,7.25],"uv_size":[0.25,0.125]},"south":{"uv":[8.5,7.5],"uv_size":[0.25,0.125]},"up":{"uv":[0.375,8.375],"uv_size":[0.25,0.25]},"west":{"uv":[7.625,8.5],"uv_size":[0.25,0.125]}}}],"name":"bone2","pivot":[0,0,0]},{"cubes":[{"inflate":0.6,"origin":[2.21293,28.86647,-2.804],"pivot":[2.91438,27.49966,0],"rotation":[0,0,7],"size":[5.608,5.608,5.608],"uv":{"down":{"uv":[2,7.4375],"uv_size":[0.6875,-0.6875]},"east":{"uv":[6.375,3.125],"uv_size":[0.6875,0.6875]},"north":{"uv":[6.125,6.25],"uv_size":[0.6875,0.6875]},"south":{"uv":[3.75,6.375],"uv_size":[0.6875,0.6875]},"up":{"uv":[5.25,6.625],"uv_size":[0.6875,0.6875]},"west":{"uv":[4.5,6.625],"uv_size":[0.6875,0.6875]}}},{"inflate":-0.025,"origin":[-2.14751,28.9632,-1.4865],"pivot":[2.91438,27.49966,0],"rotation":[0,0,15],"size":[6.673,4.453,2.973],"uv":{"down":{"uv":[6.875,4.25],"uv_size":[0.84375,-0.375]},"east":{"uv":[4.625,7.375],"uv_size":[0.375,0.5625]},"north":{"uv":[2,6.125],"uv_size":[0.84375,0.5625]},"south":{"uv":[2.875,6.125],"uv_size":[0.84375,0.5625]},"up":{"uv":[0.875,6.875],"uv_size":[0.84375,0.375]},"west":{"uv":[5,7.375],"uv_size":[0.375,0.5625]}}},{"inflate":0.9,"origin":[2.29093,28.94447,-0.506],"pivot":[2.91438,27.49966,0],"rotation":[0,0,7],"size":[5.452,5.452,1.012],"uv":{"down":{"uv":[8,7],"uv_size":[0.6875,-0.125]},"east":{"uv":[2.625,7.5],"uv_size":[0.125,0.6875]},"north":{"uv":[6.125,4.75],"uv_size":[0.6875,0.6875]},"south":{"uv":[6.125,5.5],"uv_size":[0.6875,0.6875]},"up":{"uv":[8,6.75],"uv_size":[0.6875,0.125]},"west":{"uv":[8,6],"uv_size":[0.125,0.6875]}}},{"inflate":-0.025,"origin":[4.27043,13.16397,-0.7465],"pivot":[2.91438,27.49966,0],"rotation":[0,0,7],"size":[1.493,17.773,1.493],"uv":{"down":{"uv":[8.375,8.3125],"uv_size":[0.1875,-0.1875]},"east":{"uv":[3,6.75],"uv_size":[0.1875,2.21875]},"north":{"uv":[2.75,6.75],"uv_size":[0.1875,2.21875]},"south":{"uv":[3.25,6.75],"uv_size":[0.1875,2.21875]},"up":{"uv":[8.125,8.375],"uv_size":[0.1875,0.1875]},"west":{"uv":[3.5,6.75],"uv_size":[0.1875,2.21875]}}},{"inflate":0.075,"origin":[4.29643,13.18997,-0.7205],"pivot":[2.91438,27.49966,0],"rotation":[0,0,7],"size":[1.441,2.181,1.441],"uv":{"down":{"uv":[0,8.6875],"uv_size":[0.1875,-0.1875]},"east":{"uv":[8.375,1.25],"uv_size":[0.1875,0.28125]},"north":{"uv":[1.25,8.375],"uv_size":[0.1875,0.28125]},"south":{"uv":[8.375,1.625],"uv_size":[0.1875,0.28125]},"up":{"uv":[8.375,8.375],"uv_size":[0.1875,0.1875]},"west":{"uv":[2.125,8.375],"uv_size":[0.1875,0.28125]}}},{"inflate":0.1,"origin":[13.81937,18.14012,-0.714],"pivot":[2.91438,27.49966,0],"rotation":[0,0,52],"size":[1.428,1.428,1.428],"uv":{"down":{"uv":[8.5,4.0625],"uv_size":[0.1875,-0.1875]},"east":{"uv":[2.5,8.5],"uv_size":[0.1875,0.1875]},"north":{"uv":[8.5,2.25],"uv_size":[0.1875,0.1875]},"south":{"uv":[8.5,2.875],"uv_size":[0.1875,0.1875]},"up":{"uv":[8.5,3.375],"uv_size":[0.1875,0.1875]},"west":{"uv":[8.5,3.125],"uv_size":[0.1875,0.1875]}}},{"inflate":-0.025,"origin":[4.51214,25.7024,-1.4865],"pivot":[2.91438,27.49966,0],"rotation":[0,0,38],"size":[2.973,1.493,2.973],"uv":{"down":{"uv":[7.625,7.375],"uv_size":[0.375,-0.375]},"east":{"uv":[2.125,8.125],"uv_size":[0.375,0.1875]},"north":{"uv":[7.25,8],"uv_size":[0.375,0.1875]},"south":{"uv":[8.125,3.875],"uv_size":[0.375,0.1875]},"up":{"uv":[3.75,7.625],"uv_size":[0.375,0.375]},"west":{"uv":[8.125,4.125],"uv_size":[0.375,0.1875]}}},{"inflate":-0.05,"origin":[1.94159,23.53012,-1.493],"pivot":[2.91438,27.49966,0],"rotation":[0,0,-24],"size":[2.986,1.506,2.986],"uv":{"down":{"uv":[7.625,7.75],"uv_size":[0.375,-0.375]},"east":{"uv":[8,8.125],"uv_size":[0.375,0.1875]},"north":{"uv":[7.625,8.125],"uv_size":[0.375,0.1875]},"south":{"uv":[0,8.25],"uv_size":[0.375,0.1875]},"up":{"uv":[7.25,7.625],"uv_size":[0.375,0.375]},"west":{"uv":[8.25,0],"uv_size":[0.375,0.1875]}}},{"inflate":0.1,"origin":[1.92698,23.53882,-1.454],"pivot":[2.91438,27.49966,0],"rotation":[0,0,-38],"size":[1.428,1.428,2.908],"uv":{"down":{"uv":[8.125,6.75],"uv_size":[0.1875,-0.375]},"east":{"uv":[8.125,4.75],"uv_size":[0.375,0.1875]},"north":{"uv":[8.5,0.875],"uv_size":[0.1875,0.1875]},"south":{"uv":[1.875,8.5],"uv_size":[0.1875,0.1875]},"up":{"uv":[8.125,6],"uv_size":[0.1875,0.375]},"west":{"uv":[5.375,8.125],"uv_size":[0.375,0.1875]}}},{"origin":[3.53693,26.49047,-1.48],"pivot":[2.91438,27.49966,0],"rotation":[0,0,7],"size":[2.96,4.44,2.96],"uv":{"down":{"uv":[7.625,3.875],"uv_size":[0.375,-0.375]},"east":{"uv":[0.375,7.25],"uv_size":[0.375,0.5625]},"north":{"uv":[0,7.25],"uv_size":[0.375,0.5625]},"south":{"uv":[0.75,7.25],"uv_size":[0.375,0.5625]},"up":{"uv":[7.625,3.125],"uv_size":[0.375,0.375]},"west":{"uv":[1.125,7.25],"uv_size":[0.375,0.5625]}}},{"inflate":0.2,"origin":[5.57541,26.54247,-2.38778],"pivot":[2.91438,27.49966,0],"rotation":[0,-6,7],"size":[1.376,1.376,4.336],"uv":{"down":{"uv":[5.75,8.28125],"uv_size":[0.1875,-0.53125]},"east":{"uv":[7.875,2.25],"uv_size":[0.53125,0.1875]},"north":{"uv":[8.5,4.125],"uv_size":[0.1875,0.1875]},"south":{"uv":[4.25,8.5],"uv_size":[0.1875,0.1875]},"up":{"uv":[1.5,7.25],"uv_size":[0.1875,0.53125]},"west":{"uv":[8,3.625],"uv_size":[0.53125,0.1875]}}},{"inflate":0.2,"origin":[3.05941,26.54247,-1.94822],"pivot":[2.91438,27.49966,0],"rotation":[0,6,7],"size":[1.376,1.376,4.336],"uv":{"down":{"uv":[5.125,8.53125],"uv_size":[0.1875,-0.53125]},"east":{"uv":[4.25,8],"uv_size":[0.53125,0.1875]},"north":{"uv":[4.5,8.5],"uv_size":[0.1875,0.1875]},"south":{"uv":[8.5,4.75],"uv_size":[0.1875,0.1875]},"up":{"uv":[4.875,8],"uv_size":[0.1875,0.53125]},"west":{"uv":[8,5],"uv_size":[0.53125,0.1875]}}},{"inflate":0.4,"origin":[7.34093,28.81447,-2.856],"pivot":[2.91438,27.49966,0],"rotation":[0,0,7],"size":[0.532,5.712,0.532],"uv":{"down":{"uv":[5.5,5.4375],"uv_size":[0.0625,-0.0625]},"east":{"uv":[0.625,8.375],"uv_size":[0.0625,0.71875]},"north":{"uv":[7.5,8.25],"uv_size":[0.0625,0.71875]},"south":{"uv":[1.5,8.375],"uv_size":[0.0625,0.71875]},"up":{"uv":[5.5,5.25],"uv_size":[0.0625,0.0625]},"west":{"uv":[2.375,8.375],"uv_size":[0.0625,0.71875]}}},{"inflate":0.4,"origin":[2.16093,28.81447,-2.856],"pivot":[2.91438,27.49966,0],"rotation":[0,0,7],"size":[0.532,5.712,0.532],"uv":{"down":{"uv":[6,4.9375],"uv_size":[0.0625,-0.0625]},"east":{"uv":[3.875,8.375],"uv_size":[0.0625,0.71875]},"north":{"uv":[3.75,8.375],"uv_size":[0.0625,0.71875]},"south":{"uv":[4,8.375],"uv_size":[0.0625,0.71875]},"up":{"uv":[6,4.75],"uv_size":[0.0625,0.0625]},"west":{"uv":[4.125,8.375],"uv_size":[0.0625,0.71875]}}},{"inflate":0.4,"origin":[7.34093,28.81447,2.324],"pivot":[2.91438,27.49966,0],"rotation":[0,0,7],"size":[0.532,5.712,0.532],"uv":{"down":{"uv":[4.5,6.5625],"uv_size":[0.0625,-0.0625]},"east":{"uv":[8.375,6],"uv_size":[0.0625,0.71875]},"north":{"uv":[5.875,8.375],"uv_size":[0.0625,0.71875]},"south":{"uv":[6.5,8.375],"uv_size":[0.0625,0.71875]},"up":{"uv":[4.5,6.375],"uv_size":[0.0625,0.0625]},"west":{"uv":[6.625,8.375],"uv_size":[0.0625,0.71875]}}},{"inflate":0.4,"origin":[2.16093,28.81447,2.324],"pivot":[2.91438,27.49966,0],"rotation":[0,0,7],"size":[0.532,5.712,0.532],"uv":{"down":{"uv":[6,5.1875],"uv_size":[0.0625,-0.0625]},"east":{"uv":[5.5,8.375],"uv_size":[0.0625,0.71875]},"north":{"uv":[5.375,8.375],"uv_size":[0.0625,0.71875]},"south":{"uv":[5.625,8.375],"uv_size":[0.0625,0.71875]},"up":{"uv":[6,5],"uv_size":[0.0625,0.0625]},"west":{"uv":[5.75,8.375],"uv_size":[0.0625,0.71875]}}},{"inflate":-0.8,"origin":[1.84893,28.50247,-3.168],"pivot":[2.91438,27.49966,0],"rotation":[0,0,7],"size":[6.336,6.336,6.336],"uv":{"down":{"uv":[3.75,6.28125],"uv_size":[0.78125,-0.78125]},"east":{"uv":[5,2.375],"uv_size":[0.78125,0.78125]},"north":{"uv":[5,1.5],"uv_size":[0.78125,0.78125]},"south":{"uv":[2,5.25],"uv_size":[0.78125,0.78125]},"up":{"uv":[5.5,3.25],"uv_size":[0.78125,0.78125]},"west":{"uv":[2.875,5.25],"uv_size":[0.78125,0.78125]}}}],"name":"bone4","pivot":[3.73787,28.53096,0.02091],"rotation":[0,0,55]},{"cubes":[{"origin":[3.53693,37.59047,-0.37],"pivot":[2.91438,27.49966,0],"rotation":[0,0,7],"size":[2.96,2.96,1.48],"uv":{"down":{"uv":[4.25,8.4375],"uv_size":[0.375,-0.1875]},"east":{"uv":[1,8.25],"uv_size":[0.1875,0.375]},"north":{"uv":[7.75,3.875],"uv_size":[0.375,0.375]},"south":{"uv":[5.375,7.75],"uv_size":[0.375,0.375]},"up":{"uv":[8.25,0.25],"uv_size":[0.375,0.1875]},"west":{"uv":[1.625,8.25],"uv_size":[0.1875,0.375]}}},{"origin":[3.53693,40.55047,0.37],"pivot":[2.91438,27.49966,0],"rotation":[0,0,7],"size":[2.96,2.96,0],"uv":{"north":{"uv":[7.625,7.75],"uv_size":[0.375,0.375]}}},{"origin":[3.53693,34.63047,0.37],"pivot":[2.91438,27.49966,0],"rotation":[0,0,7],"size":[2.96,2.96,0],"uv":{"north":{"uv":[0,7.875],"uv_size":[0.375,0.375]}}}],"name":"bone3","parent":"bone4","pivot":[4,44.7,0.5]},{"cubes":[{"origin":[-1.39786,31.21922,-1.11],"pivot":[2.91438,27.49966,0],"rotation":[0,0,-20],"size":[3.7,3.7,2.22],"uv":{"down":{"uv":[1.625,8.15625],"uv_size":[0.46875,-0.28125]},"east":{"uv":[7.875,0.875],"uv_size":[0.28125,0.46875]},"north":{"uv":[7.125,3.125],"uv_size":[0.46875,0.46875]},"south":{"uv":[3.75,7.125],"uv_size":[0.46875,0.46875]},"up":{"uv":[7.875,1.375],"uv_size":[0.46875,0.28125]},"west":{"uv":[1.25,7.875],"uv_size":[0.28125,0.46875]}}},{"inflate":0.15,"origin":[-3.76229,34.59816,-1.071],"pivot":[2.91438,27.49966,0],"rotation":[0,0,-28],"size":[3.622,0.662,1.402],"uv":{"down":{"uv":[8,7.9375],"uv_size":[0.4375,-0.1875]},"east":{"uv":[0.25,8.625],"uv_size":[0.1875,0.09375]},"north":{"uv":[8.375,4.375],"uv_size":[0.4375,0.09375]},"south":{"uv":[8.375,4.5],"uv_size":[0.4375,0.09375]},"up":{"uv":[8,7.5],"uv_size":[0.4375,0.1875]},"west":{"uv":[8.625,0.25],"uv_size":[0.1875,0.09375]}}},{"inflate":-0.025,"origin":[-3.80779,32.33266,-1.1165],"pivot":[2.91438,27.49966,0],"rotation":[0,0,-28],"size":[3.713,2.973,1.493],"uv":{"down":{"uv":[6,8.1875],"uv_size":[0.46875,-0.1875]},"east":{"uv":[0.75,8.25],"uv_size":[0.1875,0.375]},"north":{"uv":[6.75,7.5],"uv_size":[0.46875,0.375]},"south":{"uv":[7.625,2.5],"uv_size":[0.46875,0.375]},"up":{"uv":[8,5.75],"uv_size":[0.46875,0.1875]},"west":{"uv":[8.25,0.875],"uv_size":[0.1875,0.375]}}},{"inflate":0.175,"origin":[-1.35236,34.22472,-1.0645],"pivot":[2.91438,27.49966,0],"rotation":[0,0,-20],"size":[3.609,0.649,2.129],"uv":{"down":{"uv":[3.75,8.28125],"uv_size":[0.4375,-0.28125]},"east":{"uv":[8.5,7.875],"uv_size":[0.28125,0.09375]},"north":{"uv":[8.375,4.625],"uv_size":[0.4375,0.09375]},"south":{"uv":[7.625,8.375],"uv_size":[0.4375,0.09375]},"up":{"uv":[8,3.25],"uv_size":[0.4375,0.28125]},"west":{"uv":[8.625,0],"uv_size":[0.28125,0.09375]}}},{"inflate":0.175,"origin":[-2.09551,32.7152,-1.4345],"pivot":[2.91438,27.49966,0],"rotation":[0,0,15],"size":[6.569,0.649,2.869],"uv":{"down":{"uv":[7,1.46875],"uv_size":[0.8125,-0.34375]},"east":{"uv":[8.5,5.375],"uv_size":[0.34375,0.09375]},"north":{"uv":[8.125,2.625],"uv_size":[0.8125,0.09375]},"south":{"uv":[8.125,2.75],"uv_size":[0.8125,0.09375]},"up":{"uv":[7,0.75],"uv_size":[0.8125,0.34375]},"west":{"uv":[8.5,5.5],"uv_size":[0.34375,0.09375]}}}],"name":"bone5","parent":"bone4","pivot":[4,33.7,0]},{"cubes":[{"origin":[7.27338,33.12829,-1.11],"pivot":[2.91438,27.49966,0],"rotation":[0,0,34],"size":[3.7,3.7,2.22],"uv":{"down":{"uv":[0.75,8.15625],"uv_size":[0.46875,-0.28125]},"east":{"uv":[7.875,0],"uv_size":[0.28125,0.46875]},"north":{"uv":[4,3.5],"uv_size":[0.46875,0.46875]},"south":{"uv":[6.75,7],"uv_size":[0.46875,0.46875]},"up":{"uv":[7.875,0.5],"uv_size":[0.46875,0.28125]},"west":{"uv":[0.375,7.875],"uv_size":[0.28125,0.46875]}}},{"inflate":0.15,"origin":[9.41366,37.0101,-1.071],"pivot":[2.91438,27.49966,0],"rotation":[0,0,42],"size":[3.622,0.662,1.402],"uv":{"down":{"uv":[8,7.4375],"uv_size":[0.4375,-0.1875]},"east":{"uv":[7.875,8.5],"uv_size":[0.1875,0.09375]},"north":{"uv":[5.875,3.125],"uv_size":[0.4375,0.09375]},"south":{"uv":[8.375,0.75],"uv_size":[0.4375,0.09375]},"up":{"uv":[8,7],"uv_size":[0.4375,0.1875]},"west":{"uv":[8.625,0.125],"uv_size":[0.1875,0.09375]}}},{"inflate":-0.025,"origin":[9.36816,34.7446,-1.1165],"pivot":[2.91438,27.49966,0],"rotation":[0,0,42],"size":[3.713,2.973,1.493],"uv":{"down":{"uv":[8,5.6875],"uv_size":[0.46875,-0.1875]},"east":{"uv":[6.5,8],"uv_size":[0.1875,0.375]},"north":{"uv":[5.375,7.375],"uv_size":[0.46875,0.375]},"south":{"uv":[2,7.5],"uv_size":[0.46875,0.375]},"up":{"uv":[8,5.25],"uv_size":[0.46875,0.1875]},"west":{"uv":[8.125,4.375],"uv_size":[0.1875,0.375]}}},{"inflate":0.175,"origin":[7.31888,36.13379,-1.0645],"pivot":[2.91438,27.49966,0],"rotation":[0,0,34],"size":[3.609,0.649,2.129],"uv":{"down":{"uv":[8,3.15625],"uv_size":[0.4375,-0.28125]},"east":{"uv":[8.5,7.625],"uv_size":[0.28125,0.09375]},"north":{"uv":[8.375,2],"uv_size":[0.4375,0.09375]},"south":{"uv":[8.375,2.125],"uv_size":[0.4375,0.09375]},"up":{"uv":[6.75,7.875],"uv_size":[0.4375,0.28125]},"west":{"uv":[8.5,7.75],"uv_size":[0.28125,0.09375]}}},{"inflate":0.175,"origin":[5.51944,32.12997,-1.4345],"pivot":[2.91438,27.49966,0],"rotation":[0,0,-1],"size":[6.569,0.649,2.869],"uv":{"down":{"uv":[7,0.71875],"uv_size":[0.8125,-0.34375]},"east":{"uv":[8.5,1.125],"uv_size":[0.34375,0.09375]},"north":{"uv":[8,8],"uv_size":[0.8125,0.09375]},"south":{"uv":[8.125,2.5],"uv_size":[0.8125,0.09375]},"up":{"uv":[7,0],"uv_size":[0.8125,0.34375]},"west":{"uv":[8.5,5.25],"uv_size":[0.34375,0.09375]}}},{"inflate":-0.025,"origin":[5.46744,28.37797,-1.4865],"pivot":[2.91438,27.49966,0],"rotation":[0,0,-1],"size":[6.673,4.453,2.973],"uv":{"down":{"uv":[0,7.25],"uv_size":[0.84375,-0.375]},"east":{"uv":[7.25,7],"uv_size":[0.375,0.5625]},"north":{"uv":[5.875,2.5],"uv_size":[0.84375,0.5625]},"south":{"uv":[6,4.125],"uv_size":[0.84375,0.5625]},"up":{"uv":[6.75,2.5],"uv_size":[0.84375,0.375]},"west":{"uv":[4.25,7.375],"uv_size":[0.375,0.5625]}}}],"name":"bone","parent":"bone4","pivot":[4,33.7,0]}],"description":{"identifier":"geometry.pedestal_summonerpickaxe","texture_height":16,"texture_width":16,"visible_bounds_height":3.5,"visible_bounds_offset":[0,1.25,0],"visible_bounds_width":3}}]}