{"format_version":"1.12.0","minecraft:geometry":[{"bones":[{"cubes":[{"origin":[-5,0,-5],"size":[10,2,10],"uv":[0,15]},{"origin":[-4,2,-4],"size":[8,4,8],"uv":[0,27]},{"origin":[-6,6,-6],"size":[12,3,12],"uv":[0,0]}],"name":"bb_main","pivot":[0,0,0]},{"cubes":[{"origin":[-5,11.125,-5],"size":[10,0,10],"uv":[20,15]}],"name":"bone","parent":"bb_main","pivot":[0,11.125,0]}],"description":{"identifier":"geometry.pedestal_trophy","texture_height":128,"texture_width":128,"visible_bounds_height":2.5,"visible_bounds_offset":[0,0.75,0],"visible_bounds_width":2}}]}