{"format_version":"1.12.0","minecraft:geometry":[{"bones":[{"cubes":[{"origin":[-4,0.1,-4],"size":[8,14,8],"uv":{"down":{"uv":[2,5.625],"uv_size":[1,-1]},"east":{"uv":[0,5.625],"uv_size":[1,1.75]},"north":{"uv":[1,5.625],"uv_size":[1,1.75]},"south":{"uv":[3,5.625],"uv_size":[1,1.75]},"up":{"uv":[1,4.625],"uv_size":[1,1]},"west":{"uv":[2,5.625],"uv_size":[1,1.75]}}},{"origin":[-4.47487,2,-6.97487],"pivot":[-2.47487,1,-2.47487],"rotation":[25,45,0],"size":[4,2,9],"uv":{"down":{"uv":[7.75,7.5],"uv_size":[0.5,-1.125]},"east":{"uv":[6.125,7.5],"uv_size":[1.125,0.25]},"north":{"uv":[7.25,7.5],"uv_size":[0.5,0.25]},"south":{"uv":[8.875,7.5],"uv_size":[0.5,0.25]},"up":{"uv":[7.25,6.375],"uv_size":[0.5,1.125]},"west":{"uv":[7.75,7.5],"uv_size":[1.125,0.25]}}},{"origin":[0.47487,2,-6.97487],"pivot":[2.47487,1,-2.47487],"rotation":[25,-45,0],"size":[4,2,9],"uv":{"down":{"uv":[5.625,7.25],"uv_size":[0.5,-1.125]},"east":{"uv":[4,7.25],"uv_size":[1.125,0.25]},"north":{"uv":[5.125,7.25],"uv_size":[0.5,0.25]},"south":{"uv":[6.75,7.25],"uv_size":[0.5,0.25]},"up":{"uv":[5.125,6.125],"uv_size":[0.5,1.125]},"west":{"uv":[5.625,7.25],"uv_size":[1.125,0.25]}}},{"origin":[0.47487,2,-2.02513],"pivot":[2.47487,1,2.47487],"rotation":[-25,45,0],"size":[4,2,9],"uv":{"down":{"uv":[7.625,3.5],"uv_size":[0.5,-1.125]},"east":{"uv":[6,3.5],"uv_size":[1.125,0.25]},"north":{"uv":[7.125,3.5],"uv_size":[0.5,0.25]},"south":{"uv":[8.75,3.5],"uv_size":[0.5,0.25]},"up":{"uv":[7.125,2.375],"uv_size":[0.5,1.125]},"west":{"uv":[7.625,3.5],"uv_size":[1.125,0.25]}}},{"origin":[-4.47487,2,-2.02513],"pivot":[-2.47487,1,2.47487],"rotation":[-25,-45,0],"size":[4,2,9],"uv":{"down":{"uv":[7.625,1.125],"uv_size":[0.5,-1.125]},"east":{"uv":[6,1.125],"uv_size":[1.125,0.25]},"north":{"uv":[7.125,1.125],"uv_size":[0.5,0.25]},"south":{"uv":[8.75,1.125],"uv_size":[0.5,0.25]},"up":{"uv":[7.125,0],"uv_size":[0.5,1.125]},"west":{"uv":[7.625,1.125],"uv_size":[1.125,0.25]}}},{"origin":[-8,0,-8],"size":[16,2,16],"uv":{"down":{"uv":[4,4.375],"uv_size":[2,-2]},"east":{"uv":[0,4.375],"uv_size":[2,0.25]},"north":{"uv":[2,4.375],"uv_size":[2,0.25]},"south":{"uv":[6,4.375],"uv_size":[2,0.25]},"up":{"uv":[2,2.375],"uv_size":[2,2]},"west":{"uv":[4,4.375],"uv_size":[2,0.25]}}},{"origin":[-5,11,-5],"size":[10,2,10],"uv":{"down":{"uv":[6.5,5.875],"uv_size":[1.25,-1.25]},"east":{"uv":[4,5.875],"uv_size":[1.25,0.25]},"north":{"uv":[5.25,5.875],"uv_size":[1.25,0.25]},"south":{"uv":[7.75,5.875],"uv_size":[1.25,0.25]},"up":{"uv":[5.25,4.625],"uv_size":[1.25,1.25]},"west":{"uv":[6.5,5.875],"uv_size":[1.25,0.25]}}},{"origin":[-8,13,-8],"size":[16,3,16],"uv":{"down":{"uv":[4,2],"uv_size":[2,-2]},"east":{"uv":[0,2],"uv_size":[2,0.375]},"north":{"uv":[2,2],"uv_size":[2,0.375]},"south":{"uv":[6,2],"uv_size":[2,0.375]},"up":{"uv":[2,0],"uv_size":[2,2]},"west":{"uv":[4,2],"uv_size":[2,0.375]}}},{"origin":[-1,16,-1],"size":[2,8,2],"uv":{"down":{"uv":[1.5,3.25],"uv_size":[0.25,-0.25]},"east":{"uv":[1,3.25],"uv_size":[0.25,1]},"north":{"uv":[1.25,3.25],"uv_size":[0.25,1]},"south":{"uv":[1.75,3.25],"uv_size":[0.25,1]},"up":{"uv":[1.25,3],"uv_size":[0.25,0.25]},"west":{"uv":[1.5,3.25],"uv_size":[0.25,1]}}},{"inflate":0.1,"origin":[-1,23,-1],"size":[2,1,2],"uv":{"down":{"uv":[6.5,1],"uv_size":[0.25,-0.25]},"east":{"uv":[6,1],"uv_size":[0.25,0.125]},"north":{"uv":[6.25,1],"uv_size":[0.25,0.125]},"south":{"uv":[6.75,1],"uv_size":[0.25,0.125]},"up":{"uv":[6.25,0.75],"uv_size":[0.25,0.25]},"west":{"uv":[6.5,1],"uv_size":[0.25,0.125]}}},{"inflate":0.1,"origin":[-1,22.46962,-3.02058],"pivot":[0,22.96962,-0.02058],"rotation":[-30,0,0],"size":[2,1,2],"uv":{"down":{"uv":[6.5,0.625],"uv_size":[0.25,-0.25]},"east":{"uv":[6,0.625],"uv_size":[0.25,0.125]},"north":{"uv":[6.25,0.625],"uv_size":[0.25,0.125]},"south":{"uv":[6.75,0.625],"uv_size":[0.25,0.125]},"up":{"uv":[6.25,0.375],"uv_size":[0.25,0.25]},"west":{"uv":[6.5,0.625],"uv_size":[0.25,0.125]}}},{"inflate":0.1,"origin":[-1,22.46962,1.02058],"pivot":[0,22.96962,0.02058],"rotation":[30,0,0],"size":[2,1,2],"uv":{"down":{"uv":[6.5,0.25],"uv_size":[0.25,-0.25]},"east":{"uv":[6,0.25],"uv_size":[0.25,0.125]},"north":{"uv":[6.25,0.25],"uv_size":[0.25,0.125]},"south":{"uv":[6.75,0.25],"uv_size":[0.25,0.125]},"up":{"uv":[6.25,0],"uv_size":[0.25,0.25]},"west":{"uv":[6.5,0.25],"uv_size":[0.25,0.125]}}},{"inflate":0.1,"origin":[-1,24.66891,1.55397],"pivot":[0,25.16891,2.55397],"rotation":[82.5,0,0],"size":[2,1,2],"uv":{"down":{"uv":[4.5,5.75],"uv_size":[0.25,-0.25]},"east":{"uv":[4,5.75],"uv_size":[0.25,0.125]},"north":{"uv":[4.25,5.75],"uv_size":[0.25,0.125]},"south":{"uv":[4.75,5.75],"uv_size":[0.25,0.125]},"up":{"uv":[4.25,5.5],"uv_size":[0.25,0.25]},"west":{"uv":[4.5,5.75],"uv_size":[0.25,0.125]}}},{"inflate":0.1,"origin":[-1,24.66891,-3.55397],"pivot":[0,25.16891,-2.55397],"rotation":[-82.5,0,0],"size":[2,1,2],"uv":{"down":{"uv":[0.5,5.25],"uv_size":[0.25,-0.25]},"east":{"uv":[0,5.25],"uv_size":[0.25,0.125]},"north":{"uv":[0.25,5.25],"uv_size":[0.25,0.125]},"south":{"uv":[0.75,5.25],"uv_size":[0.25,0.125]},"up":{"uv":[0.25,5],"uv_size":[0.25,0.25]},"west":{"uv":[0.5,5.25],"uv_size":[0.25,0.125]}}}],"name":"bone2","pivot":[0,0,0]},{"cubes":[{"origin":[-4.29032,27.67677,-0.9],"pivot":[-2.49032,29.02677,-0.9],"rotation":[0,0,-22.5],"size":[5.4,2.7,1.8],"uv":{"down":{"uv":[1,2.625],"uv_size":[0.75,-0.25]},"east":{"uv":[0,2.625],"uv_size":[0.25,0.375]},"north":{"uv":[0.25,2.625],"uv_size":[0.75,0.375]},"south":{"uv":[1.25,2.625],"uv_size":[0.75,0.375]},"up":{"uv":[0.25,2.375],"uv_size":[0.75,0.25]},"west":{"uv":[1,2.625],"uv_size":[0.25,0.375]}}},{"inflate":0.001,"origin":[-6.84971,25.50975,-0.8999],"pivot":[-5.94981,25.95965,-0.9],"rotation":[0,0,-50],"size":[4.4998,1.7998,1.7998],"uv":{"down":{"uv":[3.875,4.875],"uv_size":[0.625,-0.25]},"east":{"uv":[3,4.875],"uv_size":[0.25,0.25]},"north":{"uv":[3.25,4.875],"uv_size":[0.625,0.25]},"south":{"uv":[4.125,4.875],"uv_size":[0.625,0.25]},"up":{"uv":[3.25,4.625],"uv_size":[0.625,0.25]},"west":{"uv":[3.875,4.875],"uv_size":[0.25,0.25]}}},{"inflate":0.001,"origin":[-9.22895,23.27464,0.0001],"pivot":[-6.52905,26.42454,-0.9],"rotation":[0,0,-52.5],"size":[6.2998,2.6998,-0.0002],"uv":{"down":{"uv":[6.875,3.75],"uv_size":[0.875,0]},"east":{"uv":[6,3.75],"uv_size":[0,0.375]},"north":{"uv":[6,3.75],"uv_size":[0.875,0.375]},"south":{"uv":[6.875,3.75],"uv_size":[0.875,0.375]},"up":{"uv":[6,3.75],"uv_size":[0.875,0]},"west":{"uv":[6.875,3.75],"uv_size":[0,0.375]}}},{"inflate":0.001,"origin":[10.76718,23.27464,0.0001],"pivot":[14.36708,26.42454,-0.9],"rotation":[0,0,52.5],"size":[6.2998,2.6998,-0.0002],"uv":{"down":{"uv":[7.75,3.75],"uv_size":[-0.875,0]},"east":{"uv":[6.875,3.75],"uv_size":[0,0.375]},"north":{"uv":[6.875,3.75],"uv_size":[-0.875,0.375]},"south":{"uv":[7.75,3.75],"uv_size":[-0.875,0.375]},"up":{"uv":[6.875,3.75],"uv_size":[-0.875,0]},"west":{"uv":[6,3.75],"uv_size":[0,0.375]}}},{"inflate":0.001,"origin":[-9.22895,23.27464,0.0001],"pivot":[-6.52905,26.42454,-0.9],"rotation":[0,0,-52.5],"size":[6.2998,2.6998,-0.0002],"uv":{"down":{"uv":[6.875,3.75],"uv_size":[0.875,0]},"east":{"uv":[6,3.75],"uv_size":[0,0.375]},"north":{"uv":[6,3.75],"uv_size":[0.875,0.375]},"south":{"uv":[6.875,3.75],"uv_size":[0.875,0.375]},"up":{"uv":[6,3.75],"uv_size":[0.875,0]},"west":{"uv":[6.875,3.75],"uv_size":[0,0.375]}}},{"origin":[5.66564,27.87025,0],"pivot":[8.36564,30.12025,-0.9],"rotation":[0,0,25],"size":[6.3,2.7,0],"uv":{"down":{"uv":[3.875,5.125],"uv_size":[0.875,0]},"east":{"uv":[3,5.125],"uv_size":[0,0.375]},"north":{"uv":[3,5.125],"uv_size":[0.875,0.375]},"south":{"uv":[3.875,5.125],"uv_size":[0.875,0.375]},"up":{"uv":[3,5.125],"uv_size":[0.875,0]},"west":{"uv":[3.875,5.125],"uv_size":[0,0.375]}}},{"origin":[-4.1276,27.87025,0],"pivot":[-0.5276,30.12025,-0.9],"rotation":[0,0,-25],"size":[6.3,2.7,0],"uv":{"down":{"uv":[3.875,5.125],"uv_size":[0.875,0]},"east":{"uv":[3,5.125],"uv_size":[0,0.375]},"north":{"uv":[3,5.125],"uv_size":[0.875,0.375]},"south":{"uv":[3.875,5.125],"uv_size":[0.875,0.375]},"up":{"uv":[3,5.125],"uv_size":[0.875,0]},"west":{"uv":[3.875,5.125],"uv_size":[0,0.375]}}},{"inflate":0.1,"origin":[0.32902,28.96166,-0.89],"size":[7.18,2.68,1.78],"uv":{"down":{"uv":[7.25,1.625],"uv_size":[1,-0.25]},"east":{"uv":[6,1.625],"uv_size":[0.25,0.375]},"north":{"uv":[6.25,1.625],"uv_size":[1,0.375]},"south":{"uv":[7.5,1.625],"uv_size":[1,0.375]},"up":{"uv":[6.25,1.375],"uv_size":[1,0.25]},"west":{"uv":[7.25,1.625],"uv_size":[0.25,0.375]}}},{"origin":[1.21902,28.95166,-1.8],"size":[5.4,5.4,0.9],"uv":{"down":{"uv":[0.875,0.75],"uv_size":[0.75,-0.125]},"east":{"uv":[0,0.75],"uv_size":[0.125,0.75]},"north":{"uv":[0.125,0.75],"uv_size":[0.75,0.75]},"south":{"uv":[1,0.75],"uv_size":[0.75,0.75]},"up":{"uv":[0.125,0.625],"uv_size":[0.75,0.125]},"west":{"uv":[0.875,0.75],"uv_size":[0.125,0.75]}}},{"origin":[1.21902,28.95166,0.9],"pivot":[3.91902,31.65166,1.35],"rotation":[0,180,0],"size":[5.4,5.4,0.9],"uv":{"down":{"uv":[0.875,0.75],"uv_size":[0.75,-0.125]},"east":{"uv":[0,0.75],"uv_size":[0.125,0.75]},"north":{"uv":[0.125,0.75],"uv_size":[0.75,0.75]},"south":{"uv":[1,0.75],"uv_size":[0.75,0.75]},"up":{"uv":[0.125,0.625],"uv_size":[0.75,0.125]},"west":{"uv":[0.875,0.75],"uv_size":[0.125,0.75]}}},{"origin":[6.72836,27.67677,-0.9],"pivot":[10.32836,29.02677,-0.9],"rotation":[0,0,22.5],"size":[5.4,2.7,1.8],"uv":{"down":{"uv":[1,0.25],"uv_size":[0.75,-0.25]},"east":{"uv":[0,0.25],"uv_size":[0.25,0.375]},"north":{"uv":[0.25,0.25],"uv_size":[0.75,0.375]},"south":{"uv":[1.25,0.25],"uv_size":[0.75,0.375]},"up":{"uv":[0.25,0],"uv_size":[0.75,0.25]},"west":{"uv":[1,0.25],"uv_size":[0.25,0.375]}}},{"inflate":0.001,"origin":[10.18794,25.50975,-0.8999],"pivot":[13.78784,25.95965,-0.9],"rotation":[0,0,50],"size":[4.4998,1.7998,1.7998],"uv":{"down":{"uv":[0.875,1.75],"uv_size":[0.625,-0.25]},"east":{"uv":[0,1.75],"uv_size":[0.25,0.25]},"north":{"uv":[0.25,1.75],"uv_size":[0.625,0.25]},"south":{"uv":[1.125,1.75],"uv_size":[0.625,0.25]},"up":{"uv":[0.25,1.5],"uv_size":[0.625,0.25]},"west":{"uv":[0.875,1.75],"uv_size":[0.25,0.25]}}}],"name":"bone","pivot":[3.19018,28.51663,0],"rotation":[0,0,55]},{"cubes":[{"origin":[3.01902,12.75166,-0.9],"size":[1.8,16.2,1.8],"uv":{"down":{"uv":[0.5,7.625],"uv_size":[0.25,-0.25]},"east":{"uv":[0,7.625],"uv_size":[0.25,2.25]},"north":{"uv":[0.25,7.625],"uv_size":[0.25,2.25]},"south":{"uv":[0.75,7.625],"uv_size":[0.25,2.25]},"up":{"uv":[0.25,7.375],"uv_size":[0.25,0.25]},"west":{"uv":[0.5,7.625],"uv_size":[0.25,2.25]}}},{"inflate":0.125,"origin":[3.03152,11.86416,-0.8875],"size":[1.775,8.075,1.775],"uv":{"down":{"uv":[0.5,3.25],"uv_size":[0.25,-0.25]},"east":{"uv":[0,3.25],"uv_size":[0.25,1.125]},"north":{"uv":[0.25,3.25],"uv_size":[0.25,1.125]},"south":{"uv":[0.75,3.25],"uv_size":[0.25,1.125]},"up":{"uv":[0.25,3],"uv_size":[0.25,0.25]},"west":{"uv":[0.5,3.25],"uv_size":[0.25,1.125]}}},{"inflate":0.25,"origin":[3.04402,19.97666,-0.875],"size":[1.75,0.85,1.75],"uv":{"down":{"uv":[0.5,4.875],"uv_size":[0.25,-0.25]},"east":{"uv":[0,4.875],"uv_size":[0.25,0.125]},"north":{"uv":[0.25,4.875],"uv_size":[0.25,0.125]},"south":{"uv":[0.75,4.875],"uv_size":[0.25,0.125]},"up":{"uv":[0.25,4.625],"uv_size":[0.25,0.25]},"west":{"uv":[0.5,4.875],"uv_size":[0.25,0.125]}}},{"inflate":0.25,"origin":[3.04402,10.97666,-0.875],"size":[1.75,0.85,1.75],"uv":{"down":{"uv":[0.5,4.875],"uv_size":[0.25,-0.25]},"east":{"uv":[0,4.875],"uv_size":[0.25,0.125]},"north":{"uv":[0.25,4.875],"uv_size":[0.25,0.125]},"south":{"uv":[0.75,4.875],"uv_size":[0.25,0.125]},"up":{"uv":[0.25,4.625],"uv_size":[0.25,0.25]},"west":{"uv":[0.5,4.875],"uv_size":[0.25,0.125]}}}],"name":"bb_main","parent":"bone","pivot":[3.6,10.8,0]}],"description":{"identifier":"geometry.pedestal_chargedcreeperpickaxe","texture_height":16,"texture_width":16,"visible_bounds_height":3.5,"visible_bounds_offset":[0,1.25,0],"visible_bounds_width":3}}]}