{"format_version":"1.12.0","minecraft:geometry":[{"bones":[{"cubes":[{"origin":[-4,0.1,-4],"size":[8,14,8],"uv":{"down":{"uv":[2,5.625],"uv_size":[1,-1]},"east":{"uv":[0,5.625],"uv_size":[1,1.75]},"north":{"uv":[1,5.625],"uv_size":[1,1.75]},"south":{"uv":[3,5.625],"uv_size":[1,1.75]},"up":{"uv":[1,4.625],"uv_size":[1,1]},"west":{"uv":[2,5.625],"uv_size":[1,1.75]}}},{"origin":[-4.47487,2,-6.97487],"pivot":[-2.47487,1,-2.47487],"rotation":[25,45,0],"size":[4,2,9],"uv":{"down":{"uv":[7.75,7.5],"uv_size":[0.5,-1.125]},"east":{"uv":[6.125,7.5],"uv_size":[1.125,0.25]},"north":{"uv":[7.25,7.5],"uv_size":[0.5,0.25]},"south":{"uv":[8.875,7.5],"uv_size":[0.5,0.25]},"up":{"uv":[7.25,6.375],"uv_size":[0.5,1.125]},"west":{"uv":[7.75,7.5],"uv_size":[1.125,0.25]}}},{"origin":[0.47487,2,-6.97487],"pivot":[2.47487,1,-2.47487],"rotation":[25,-45,0],"size":[4,2,9],"uv":{"down":{"uv":[5.625,7.25],"uv_size":[0.5,-1.125]},"east":{"uv":[4,7.25],"uv_size":[1.125,0.25]},"north":{"uv":[5.125,7.25],"uv_size":[0.5,0.25]},"south":{"uv":[6.75,7.25],"uv_size":[0.5,0.25]},"up":{"uv":[5.125,6.125],"uv_size":[0.5,1.125]},"west":{"uv":[5.625,7.25],"uv_size":[1.125,0.25]}}},{"origin":[0.47487,2,-2.02513],"pivot":[2.47487,1,2.47487],"rotation":[-25,45,0],"size":[4,2,9],"uv":{"down":{"uv":[7.625,3.5],"uv_size":[0.5,-1.125]},"east":{"uv":[6,3.5],"uv_size":[1.125,0.25]},"north":{"uv":[7.125,3.5],"uv_size":[0.5,0.25]},"south":{"uv":[8.75,3.5],"uv_size":[0.5,0.25]},"up":{"uv":[7.125,2.375],"uv_size":[0.5,1.125]},"west":{"uv":[7.625,3.5],"uv_size":[1.125,0.25]}}},{"origin":[-4.47487,2,-2.02513],"pivot":[-2.47487,1,2.47487],"rotation":[-25,-45,0],"size":[4,2,9],"uv":{"down":{"uv":[7.625,1.125],"uv_size":[0.5,-1.125]},"east":{"uv":[6,1.125],"uv_size":[1.125,0.25]},"north":{"uv":[7.125,1.125],"uv_size":[0.5,0.25]},"south":{"uv":[8.75,1.125],"uv_size":[0.5,0.25]},"up":{"uv":[7.125,0],"uv_size":[0.5,1.125]},"west":{"uv":[7.625,1.125],"uv_size":[1.125,0.25]}}},{"origin":[-8,0,-8],"size":[16,2,16],"uv":{"down":{"uv":[4,4.375],"uv_size":[2,-2]},"east":{"uv":[0,4.375],"uv_size":[2,0.25]},"north":{"uv":[2,4.375],"uv_size":[2,0.25]},"south":{"uv":[6,4.375],"uv_size":[2,0.25]},"up":{"uv":[2,2.375],"uv_size":[2,2]},"west":{"uv":[4,4.375],"uv_size":[2,0.25]}}},{"origin":[-5,11,-5],"size":[10,2,10],"uv":{"down":{"uv":[6.5,5.875],"uv_size":[1.25,-1.25]},"east":{"uv":[4,5.875],"uv_size":[1.25,0.25]},"north":{"uv":[5.25,5.875],"uv_size":[1.25,0.25]},"south":{"uv":[7.75,5.875],"uv_size":[1.25,0.25]},"up":{"uv":[5.25,4.625],"uv_size":[1.25,1.25]},"west":{"uv":[6.5,5.875],"uv_size":[1.25,0.25]}}},{"origin":[-8,13,-8],"size":[16,3,16],"uv":{"down":{"uv":[4,2],"uv_size":[2,-2]},"east":{"uv":[0,2],"uv_size":[2,0.375]},"north":{"uv":[2,2],"uv_size":[2,0.375]},"south":{"uv":[6,2],"uv_size":[2,0.375]},"up":{"uv":[2,0],"uv_size":[2,2]},"west":{"uv":[4,2],"uv_size":[2,0.375]}}},{"origin":[-1,16,-1],"size":[2,8,2],"uv":{"down":{"uv":[8.25,4.625],"uv_size":[0.25,-0.25]},"east":{"uv":[7.75,4.625],"uv_size":[0.25,1]},"north":{"uv":[8,4.625],"uv_size":[0.25,1]},"south":{"uv":[8.5,4.625],"uv_size":[0.25,1]},"up":{"uv":[8,4.375],"uv_size":[0.25,0.25]},"west":{"uv":[8.25,4.625],"uv_size":[0.25,1]}}},{"inflate":0.1,"origin":[-1,23,-1],"size":[2,1,2],"uv":{"down":{"uv":[6.5,0.625],"uv_size":[0.25,-0.25]},"east":{"uv":[6,0.625],"uv_size":[0.25,0.125]},"north":{"uv":[6.25,0.625],"uv_size":[0.25,0.125]},"south":{"uv":[6.75,0.625],"uv_size":[0.25,0.125]},"up":{"uv":[6.25,0.375],"uv_size":[0.25,0.25]},"west":{"uv":[6.5,0.625],"uv_size":[0.25,0.125]}}},{"inflate":0.1,"origin":[-1,22.46962,-3.02058],"pivot":[0,22.96962,-0.02058],"rotation":[-30,0,0],"size":[2,1,2],"uv":{"down":{"uv":[6.5,0.25],"uv_size":[0.25,-0.25]},"east":{"uv":[6,0.25],"uv_size":[0.25,0.125]},"north":{"uv":[6.25,0.25],"uv_size":[0.25,0.125]},"south":{"uv":[6.75,0.25],"uv_size":[0.25,0.125]},"up":{"uv":[6.25,0],"uv_size":[0.25,0.25]},"west":{"uv":[6.5,0.25],"uv_size":[0.25,0.125]}}},{"inflate":0.1,"origin":[-1,22.46962,1.02058],"pivot":[0,22.96962,0.02058],"rotation":[30,0,0],"size":[2,1,2],"uv":{"down":{"uv":[4.75,5.5],"uv_size":[0.25,-0.25]},"east":{"uv":[4.25,5.5],"uv_size":[0.25,0.125]},"north":{"uv":[4.5,5.5],"uv_size":[0.25,0.125]},"south":{"uv":[5,5.5],"uv_size":[0.25,0.125]},"up":{"uv":[4.5,5.25],"uv_size":[0.25,0.25]},"west":{"uv":[4.75,5.5],"uv_size":[0.25,0.125]}}},{"inflate":0.1,"origin":[-1,24.66891,1.55397],"pivot":[0,25.16891,2.55397],"rotation":[82.5,0,0],"size":[2,1,2],"uv":{"down":{"uv":[0.5,5.25],"uv_size":[0.25,-0.25]},"east":{"uv":[0,5.25],"uv_size":[0.25,0.125]},"north":{"uv":[0.25,5.25],"uv_size":[0.25,0.125]},"south":{"uv":[0.75,5.25],"uv_size":[0.25,0.125]},"up":{"uv":[0.25,5],"uv_size":[0.25,0.25]},"west":{"uv":[0.5,5.25],"uv_size":[0.25,0.125]}}},{"inflate":0.1,"origin":[-1,24.66891,-3.55397],"pivot":[0,25.16891,-2.55397],"rotation":[-82.5,0,0],"size":[2,1,2],"uv":{"down":{"uv":[0.5,4.875],"uv_size":[0.25,-0.25]},"east":{"uv":[0,4.875],"uv_size":[0.25,0.125]},"north":{"uv":[0.25,4.875],"uv_size":[0.25,0.125]},"south":{"uv":[0.75,4.875],"uv_size":[0.25,0.125]},"up":{"uv":[0.25,4.625],"uv_size":[0.25,0.25]},"west":{"uv":[0.5,4.875],"uv_size":[0.25,0.125]}}}],"name":"bone2","pivot":[0,0,0]},{"name":"total","pivot":[-8,19,0],"rotation":[0,0,52.5]},{"name":"CreeperBomb","parent":"total","pivot":[-4.88,16.14,0]},{"cubes":[{"origin":[-8.74,24.18,-0.74],"size":[1.48,9.62,1.48],"uv":{"down":{"uv":[2.75,7.625],"uv_size":[0.25,-0.25]},"east":{"uv":[2.25,7.625],"uv_size":[0.25,1.625]},"north":{"uv":[2.5,7.625],"uv_size":[0.25,1.625]},"south":{"uv":[3,7.625],"uv_size":[0.25,1.625]},"up":{"uv":[2.5,7.375],"uv_size":[0.25,0.25]},"west":{"uv":[2.75,7.625],"uv_size":[0.25,1.625]}}}],"name":"handle","parent":"CreeperBomb","pivot":[-4.88,16.14,0]},{"cubes":[{"origin":[-9.85,13.08,0],"size":[5.92,5.92,0],"uv":{"down":{"uv":[1,0],"uv_size":[1,0]},"east":{"uv":[0,0],"uv_size":[0,1]},"north":{"uv":[0,0],"uv_size":[1,1]},"south":{"uv":[1,0],"uv_size":[1,1]},"up":{"uv":[0,0],"uv_size":[1,0]},"west":{"uv":[1,0],"uv_size":[0,1]}}},{"inflate":0.25,"origin":[-8.675,19.065,-0.675],"size":[1.35,6.53,1.35],"uv":{"down":{"uv":[5.25,7.75],"uv_size":[0.25,-0.25]},"east":{"uv":[4.75,7.75],"uv_size":[0.25,1.125]},"north":{"uv":[5,7.75],"uv_size":[0.25,1.125]},"south":{"uv":[5.5,7.75],"uv_size":[0.25,1.125]},"up":{"uv":[5,7.5],"uv_size":[0.25,0.25]},"west":{"uv":[5.25,7.75],"uv_size":[0.25,1.125]}}},{"inflate":0.5,"origin":[-8.61,25.79,-0.61],"size":[1.22,0.48,1.22],"uv":{"down":{"uv":[6.5,1],"uv_size":[0.25,-0.25]},"east":{"uv":[6,1],"uv_size":[0.25,0.125]},"north":{"uv":[6.25,1],"uv_size":[0.25,0.125]},"south":{"uv":[6.75,1],"uv_size":[0.25,0.125]},"up":{"uv":[6.25,0.75],"uv_size":[0.25,0.25]},"west":{"uv":[6.5,1],"uv_size":[0.25,0.125]}}}],"name":"dynamite","parent":"handle","pivot":[-4.88,17.25,0]},{"name":"top","parent":"CreeperBomb","pivot":[-4.88,16.14,0]},{"cubes":[{"inflate":-0.15,"origin":[-16.10743,32.71998,-0.779],"pivot":[-14.95843,34.79398,0],"rotation":[0,0,-22.5],"size":[3.038,3.778,1.558],"uv":{"down":{"uv":[4,7.75],"uv_size":[0.5,-0.25]},"east":{"uv":[3.25,7.75],"uv_size":[0.25,0.625]},"north":{"uv":[3.5,7.75],"uv_size":[0.5,0.625]},"south":{"uv":[4.25,7.75],"uv_size":[0.5,0.625]},"up":{"uv":[3.5,7.5],"uv_size":[0.5,0.25]},"west":{"uv":[4,7.75],"uv_size":[0.25,0.625]}}},{"origin":[-13.90695,33.56457,-0.74],"pivot":[-11.33,34.355,-0.74],"rotation":[0,0,-10],"size":[4.44,4.07,1.48],"uv":{"down":{"uv":[1,2.625],"uv_size":[0.75,-0.25]},"east":{"uv":[0,2.625],"uv_size":[0.25,0.625]},"north":{"uv":[0.25,2.625],"uv_size":[0.75,0.625]},"south":{"uv":[1.25,2.625],"uv_size":[0.75,0.625]},"up":{"uv":[0.25,2.375],"uv_size":[0.75,0.25]},"west":{"uv":[1,2.625],"uv_size":[0.25,0.625]}}},{"origin":[-17.19867,35.83134,-0.37],"pivot":[-11.33,34.17,-0.74],"rotation":[0,0,-40],"size":[2.96,2.22,0.74],"uv":{"down":{"uv":[6.625,3.875],"uv_size":[0.5,-0.125]},"east":{"uv":[6,3.875],"uv_size":[0.125,0.375]},"north":{"uv":[6.125,3.875],"uv_size":[0.5,0.375]},"south":{"uv":[6.75,3.875],"uv_size":[0.5,0.375]},"up":{"uv":[6.125,3.75],"uv_size":[0.5,0.125]},"west":{"uv":[6.625,3.875],"uv_size":[0.125,0.375]}}}],"name":"left","parent":"top","pivot":[-8.21,31.495,-0.74],"rotation":[0,0,-5]},{"cubes":[{"inflate":-0.15,"origin":[-2.93057,32.71998,-0.779],"pivot":[-1.04157,34.79398,0],"rotation":[0,0,22.5],"size":[3.038,3.778,1.558],"uv":{"down":{"uv":[3.75,4.875],"uv_size":[0.5,-0.25]},"east":{"uv":[3,4.875],"uv_size":[0.25,0.625]},"north":{"uv":[3.25,4.875],"uv_size":[0.5,0.625]},"south":{"uv":[4,4.875],"uv_size":[0.5,0.625]},"up":{"uv":[3.25,4.625],"uv_size":[0.5,0.25]},"west":{"uv":[3.75,4.875],"uv_size":[0.25,0.625]}}},{"origin":[-6.53305,33.56457,-0.74],"pivot":[-4.67,34.355,-0.74],"rotation":[0,0,10],"size":[4.44,4.07,1.48],"uv":{"down":{"uv":[1,1.25],"uv_size":[0.75,-0.25]},"east":{"uv":[0,1.25],"uv_size":[0.25,0.625]},"north":{"uv":[0.25,1.25],"uv_size":[0.75,0.625]},"south":{"uv":[1.25,1.25],"uv_size":[0.75,0.625]},"up":{"uv":[0.25,1],"uv_size":[0.75,0.25]},"west":{"uv":[1,1.25],"uv_size":[0.25,0.625]}}},{"origin":[-1.76133,35.83134,-0.37],"pivot":[-4.67,34.17,-0.74],"rotation":[0,0,40],"size":[2.96,2.22,0.74],"uv":{"down":{"uv":[6.625,1.5],"uv_size":[0.5,-0.125]},"east":{"uv":[6,1.5],"uv_size":[0.125,0.375]},"north":{"uv":[6.125,1.5],"uv_size":[0.5,0.375]},"south":{"uv":[6.75,1.5],"uv_size":[0.5,0.375]},"up":{"uv":[6.125,1.375],"uv_size":[0.5,0.125]},"west":{"uv":[6.625,1.5],"uv_size":[0.125,0.375]}}}],"name":"right","parent":"top","pivot":[-1.55,31.495,-0.74],"rotation":[0,0,5]},{"cubes":[{"origin":[-10.22,33.615,-1.11],"size":[4.44,4.44,2.22],"uv":{"down":{"uv":[1.125,7.75],"uv_size":[0.75,-0.375]},"east":{"uv":[0,7.75],"uv_size":[0.375,0.75]},"north":{"uv":[0.375,7.75],"uv_size":[0.75,0.75]},"south":{"uv":[1.5,7.75],"uv_size":[0.75,0.75]},"up":{"uv":[0.375,7.375],"uv_size":[0.75,0.375]},"west":{"uv":[1.125,7.75],"uv_size":[0.375,0.75]}}},{"inflate":0.75,"origin":[-10.025,33.81,-0.175],"size":[4.05,4.05,0.35],"uv":{"down":{"uv":[0.875,3.375],"uv_size":[0.75,-0.125]},"east":{"uv":[0,3.375],"uv_size":[0.125,0.75]},"north":{"uv":[0.125,3.375],"uv_size":[0.75,0.75]},"south":{"uv":[1,3.375],"uv_size":[0.75,0.75]},"up":{"uv":[0.125,3.25],"uv_size":[0.75,0.125]},"west":{"uv":[0.875,3.375],"uv_size":[0.125,0.75]}}}],"name":"mid","parent":"top","pivot":[-4.51,17.62,0]}],"description":{"identifier":"geometry.pedestal_creeperbombpickaxe","texture_height":16,"texture_width":16,"visible_bounds_height":3.5,"visible_bounds_offset":[0,1.25,0],"visible_bounds_width":3}}]}