{"format_version":"1.12.0","minecraft:geometry":[{"bones":[{"cubes":[{"origin":[-35,23,-1],"size":[2,33,2],"uv":{"down":{"uv":[25,27],"uv_size":[2,-2]},"east":{"uv":[6,0],"uv_size":[2,33]},"north":{"uv":[4,0],"uv_size":[2,33]},"south":{"uv":[0,0],"uv_size":[2,33]},"up":{"uv":[25,18],"uv_size":[2,2]},"west":{"uv":[2,0],"uv_size":[2,33]}}},{"inflate":0.2,"origin":[-35,20,-1],"size":[2,3,2],"uv":{"down":{"uv":[19,28],"uv_size":[2,-2]},"east":{"uv":[25,22],"uv_size":[2,3]},"north":{"uv":[25,15],"uv_size":[2,3]},"south":{"uv":[16,12],"uv_size":[2,3]},"up":{"uv":[26,12],"uv_size":[2,2]},"west":{"uv":[24,12],"uv_size":[2,3]}}},{"inflate":0.2,"origin":[-35,24,-1],"size":[2,1,2],"uv":{"down":{"uv":[23,28],"uv_size":[2,-2]},"east":{"uv":[27,17],"uv_size":[2,1]},"north":{"uv":[27,16],"uv_size":[2,1]},"south":{"uv":[27,15],"uv_size":[2,1]},"up":{"uv":[21,26],"uv_size":[2,2]},"west":{"uv":[16,27],"uv_size":[2,1]}}}],"name":"bb_main","pivot":[-34,-12,9],"rotation":[0,0,42.5]},{"cubes":[{"origin":[-34.5,45,5],"size":[1,1,1],"uv":{"down":{"uv":[28,1],"uv_size":[1,-1]},"east":{"uv":[27,26],"uv_size":[1,1]},"north":{"uv":[26,27],"uv_size":[1,1]},"south":{"uv":[25,27],"uv_size":[1,1]},"up":{"uv":[27,27],"uv_size":[1,1]},"west":{"uv":[27,25],"uv_size":[1,1]}}},{"origin":[-34.5,44,3],"size":[1,2,2],"uv":{"down":{"uv":[27,24],"uv_size":[1,-2]},"east":{"uv":[27,7],"uv_size":[2,2]},"north":{"uv":[27,18],"uv_size":[1,2]},"south":{"uv":[18,27],"uv_size":[1,2]},"up":{"uv":[27,20],"uv_size":[1,2]},"west":{"uv":[27,5],"uv_size":[2,2]}}},{"origin":[-34.5,43,2],"size":[1,3,1],"uv":{"down":{"uv":[27,25],"uv_size":[1,-1]},"east":{"uv":[15,27],"uv_size":[1,3]},"north":{"uv":[12,27],"uv_size":[1,3]},"south":{"uv":[12,24],"uv_size":[1,3]},"up":{"uv":[24,15],"uv_size":[1,1]},"west":{"uv":[27,9],"uv_size":[1,3]}}},{"inflate":0.01,"origin":[-36,41,1],"size":[4,15,1],"uv":{"down":{"uv":[27,5],"uv_size":[4,-1]},"east":{"uv":[14,20],"uv_size":[1,15]},"north":{"uv":[12,0],"uv_size":[4,15]},"south":{"uv":[8,0],"uv_size":[4,15]},"up":{"uv":[26,14],"uv_size":[4,1]},"west":{"uv":[13,20],"uv_size":[1,15]}}}],"name":"bone3","parent":"bb_main","pivot":[-34,-12,0]},{"cubes":[{"origin":[-34.5,45,-6],"size":[1,1,1],"uv":{"down":{"uv":[28,0],"uv_size":[1,1]},"east":{"uv":[28,26],"uv_size":[-1,1]},"north":{"uv":[26,27],"uv_size":[-1,1]},"south":{"uv":[27,27],"uv_size":[-1,1]},"up":{"uv":[27,28],"uv_size":[1,-1]},"west":{"uv":[28,25],"uv_size":[-1,1]}}},{"origin":[-34.5,44,-5],"size":[1,2,2],"uv":{"down":{"uv":[27,22],"uv_size":[1,2]},"east":{"uv":[29,7],"uv_size":[-2,2]},"north":{"uv":[19,27],"uv_size":[-1,2]},"south":{"uv":[28,18],"uv_size":[-1,2]},"up":{"uv":[27,22],"uv_size":[1,-2]},"west":{"uv":[29,5],"uv_size":[-2,2]}}},{"origin":[-34.5,43,-3],"size":[1,3,1],"uv":{"down":{"uv":[27,24],"uv_size":[1,1]},"east":{"uv":[16,27],"uv_size":[-1,3]},"north":{"uv":[13,24],"uv_size":[-1,3]},"south":{"uv":[13,27],"uv_size":[-1,3]},"up":{"uv":[24,16],"uv_size":[1,-1]},"west":{"uv":[28,9],"uv_size":[-1,3]}}},{"inflate":0.01,"origin":[-36,41,-2],"size":[4,15,1],"uv":{"down":{"uv":[27,4],"uv_size":[4,1]},"east":{"uv":[15,20],"uv_size":[-1,15]},"north":{"uv":[12,0],"uv_size":[-4,15]},"south":{"uv":[16,0],"uv_size":[-4,15]},"up":{"uv":[26,15],"uv_size":[4,-1]},"west":{"uv":[14,20],"uv_size":[-1,15]}}}],"name":"bone4","parent":"bb_main","pivot":[-34,-12,0]},{"cubes":[{"origin":[-41,52,-1],"pivot":[-38,53,0],"rotation":[0,0,12.5],"size":[6,4,2],"uv":{"down":{"uv":[21,22],"uv_size":[6,-2]},"east":{"uv":[21,22],"uv_size":[2,4]},"north":{"uv":[16,4],"uv_size":[6,4]},"south":{"uv":[16,0],"uv_size":[6,4]},"up":{"uv":[15,20],"uv_size":[6,2]},"west":{"uv":[19,22],"uv_size":[2,4]}}},{"inflate":-0.01,"origin":[-44.73064,51.59143,-1],"pivot":[-41.73064,52.59143,0],"rotation":[0,0,-25],"size":[6,4,2],"uv":{"down":{"uv":[22,4],"uv_size":[6,-2]},"east":{"uv":[23,22],"uv_size":[2,4]},"north":{"uv":[18,12],"uv_size":[6,4]},"south":{"uv":[16,8],"uv_size":[6,4]},"up":{"uv":[22,0],"uv_size":[6,2]},"west":{"uv":[23,16],"uv_size":[2,4]}}},{"inflate":0.1,"origin":[-47.15035,48.83132,-1.01],"pivot":[-45.15035,49.83132,-0.01],"rotation":[0,0,-52.5],"size":[5,4,2],"uv":{"down":{"uv":[22,8],"uv_size":[5,-2]},"east":{"uv":[10,24],"uv_size":[2,4]},"north":{"uv":[8,20],"uv_size":[5,4]},"south":{"uv":[18,16],"uv_size":[5,4]},"up":{"uv":[22,4],"uv_size":[5,2]},"west":{"uv":[8,24],"uv_size":[2,4]}}},{"inflate":0.3,"origin":[-50.15035,48.73132,-1.01],"pivot":[-45.15035,49.83132,-0.01],"rotation":[0,0,-85],"size":[5,5,2],"uv":{"down":{"uv":[30,32],"uv_size":[5,-2]},"east":{"uv":[28,29],"uv_size":[2,5]},"north":{"uv":[21,29],"uv_size":[5,5]},"south":{"uv":[16,29],"uv_size":[5,5]},"up":{"uv":[30,28],"uv_size":[5,2]},"west":{"uv":[26,29],"uv_size":[2,5]}}},{"inflate":0.2,"origin":[-50.15035,48.73132,-1.01],"pivot":[-45.15035,49.83132,-0.01],"rotation":[0,0,-85],"size":[5,5,2],"uv":{"down":{"uv":[22,12],"uv_size":[5,-2]},"east":{"uv":[17,22],"uv_size":[2,5]},"north":{"uv":[13,15],"uv_size":[5,5]},"south":{"uv":[8,15],"uv_size":[5,5]},"up":{"uv":[22,8],"uv_size":[5,2]},"west":{"uv":[15,22],"uv_size":[2,5]}}}],"name":"bone","parent":"bb_main","pivot":[-22.84965,11.83132,0.01]},{"cubes":[{"origin":[-33,52,-1],"pivot":[-30,53,0],"rotation":[0,0,-12.5],"size":[6,4,2],"uv":{"down":{"uv":[27,22],"uv_size":[-6,-2]},"east":{"uv":[21,22],"uv_size":[-2,4]},"north":{"uv":[22,4],"uv_size":[-6,4]},"south":{"uv":[22,0],"uv_size":[-6,4]},"up":{"uv":[21,20],"uv_size":[-6,2]},"west":{"uv":[23,22],"uv_size":[-2,4]}}},{"inflate":-0.01,"origin":[-29.26936,51.59143,-1],"pivot":[-26.26936,52.59143,0],"rotation":[0,0,25],"size":[6,4,2],"uv":{"down":{"uv":[28,4],"uv_size":[-6,-2]},"east":{"uv":[25,16],"uv_size":[-2,4]},"north":{"uv":[24,12],"uv_size":[-6,4]},"south":{"uv":[22,8],"uv_size":[-6,4]},"up":{"uv":[28,0],"uv_size":[-6,2]},"west":{"uv":[25,22],"uv_size":[-2,4]}}},{"inflate":0.1,"origin":[-25.84965,48.83132,-1.01],"pivot":[-22.84965,49.83132,-0.01],"rotation":[0,0,52.5],"size":[5,4,2],"uv":{"down":{"uv":[27,8],"uv_size":[-5,-2]},"east":{"uv":[10,24],"uv_size":[-2,4]},"north":{"uv":[13,20],"uv_size":[-5,4]},"south":{"uv":[23,16],"uv_size":[-5,4]},"up":{"uv":[27,4],"uv_size":[-5,2]},"west":{"uv":[12,24],"uv_size":[-2,4]}}},{"inflate":0.3,"origin":[-22.84965,48.73132,-1.01],"pivot":[-22.84965,49.83132,-0.01],"rotation":[0,0,85],"size":[5,5,2],"uv":{"down":{"uv":[35,32],"uv_size":[-5,-2]},"east":{"uv":[28,29],"uv_size":[-2,5]},"north":{"uv":[26,29],"uv_size":[-5,5]},"south":{"uv":[21,29],"uv_size":[-5,5]},"up":{"uv":[35,28],"uv_size":[-5,2]},"west":{"uv":[30,29],"uv_size":[-2,5]}}},{"inflate":0.2,"origin":[-22.84965,48.73132,-1.01],"pivot":[-22.84965,49.83132,-0.01],"rotation":[0,0,85],"size":[5,5,2],"uv":{"down":{"uv":[27,12],"uv_size":[-5,-2]},"east":{"uv":[17,22],"uv_size":[-2,5]},"north":{"uv":[18,15],"uv_size":[-5,5]},"south":{"uv":[13,15],"uv_size":[-5,5]},"up":{"uv":[27,8],"uv_size":[-5,2]},"west":{"uv":[19,22],"uv_size":[-2,5]}}}],"name":"bone5","parent":"bb_main","pivot":[-45.15035,11.83132,0.01]},{"cubes":[{"origin":[-4,0.1,-4],"size":[8,14,8],"uv":{"down":{"uv":[100,44],"uv_size":[8,-8]},"east":{"uv":[96,0],"uv_size":[8,14]},"north":{"uv":[64,32],"uv_size":[8,14]},"south":{"uv":[72,32],"uv_size":[8,14]},"up":{"uv":[100,28],"uv_size":[8,8]},"west":{"uv":[96,14],"uv_size":[8,14]}}},{"origin":[-4.47487,2,-6.97487],"pivot":[-2.47487,1,-2.47487],"rotation":[25,45,0],"size":[4,2,9],"uv":{"down":{"uv":[80,51],"uv_size":[4,-9]},"east":{"uv":[64,46],"uv_size":[9,2]},"north":{"uv":[96,28],"uv_size":[4,2]},"south":{"uv":[96,30],"uv_size":[4,2]},"up":{"uv":[104,12],"uv_size":[4,9]},"west":{"uv":[100,46],"uv_size":[9,2]}}},{"origin":[0.47487,2,-6.97487],"pivot":[2.47487,1,-2.47487],"rotation":[25,-45,0],"size":[4,2,9],"uv":{"down":{"uv":[88,51],"uv_size":[4,-9]},"east":{"uv":[109,46],"uv_size":[9,2]},"north":{"uv":[104,21],"uv_size":[4,2]},"south":{"uv":[104,23],"uv_size":[4,2]},"up":{"uv":[84,42],"uv_size":[4,9]},"west":{"uv":[64,48],"uv_size":[9,2]}}},{"origin":[0.47487,2,-2.02513],"pivot":[2.47487,1,2.47487],"rotation":[-25,45,0],"size":[4,2,9],"uv":{"down":{"uv":[96,51],"uv_size":[4,-9]},"east":{"uv":[112,12],"uv_size":[9,2]},"north":{"uv":[104,25],"uv_size":[4,2]},"south":{"uv":[112,28],"uv_size":[4,2]},"up":{"uv":[92,42],"uv_size":[4,9]},"west":{"uv":[112,14],"uv_size":[9,2]}}},{"origin":[-4.47487,2,-2.02513],"pivot":[-2.47487,1,2.47487],"rotation":[-25,-45,0],"size":[4,2,9],"uv":{"down":{"uv":[108,30],"uv_size":[4,-9]},"east":{"uv":[112,16],"uv_size":[9,2]},"north":{"uv":[100,48],"uv_size":[4,2]},"south":{"uv":[104,48],"uv_size":[4,2]},"up":{"uv":[108,12],"uv_size":[4,9]},"west":{"uv":[112,18],"uv_size":[9,2]}}},{"origin":[-8,0,-8],"size":[16,2,16],"uv":{"down":{"uv":[64,32],"uv_size":[16,-16]},"east":{"uv":[108,32],"uv_size":[16,2]},"north":{"uv":[108,30],"uv_size":[16,2]},"south":{"uv":[108,34],"uv_size":[16,2]},"up":{"uv":[64,0],"uv_size":[16,16]},"west":{"uv":[100,44],"uv_size":[16,2]}}},{"origin":[-5,11,-5],"size":[10,2,10],"uv":{"down":{"uv":[90,42],"uv_size":[10,-10]},"east":{"uv":[108,38],"uv_size":[10,2]},"north":{"uv":[108,36],"uv_size":[10,2]},"south":{"uv":[108,40],"uv_size":[10,2]},"up":{"uv":[80,32],"uv_size":[10,10]},"west":{"uv":[108,42],"uv_size":[10,2]}}},{"origin":[-8,13,-8],"size":[16,3,16],"uv":{"down":{"uv":[80,32],"uv_size":[16,-16]},"east":{"uv":[104,3],"uv_size":[16,3]},"north":{"uv":[104,0],"uv_size":[16,3]},"south":{"uv":[104,6],"uv_size":[16,3]},"up":{"uv":[80,0],"uv_size":[16,16]},"west":{"uv":[104,9],"uv_size":[16,3]}}},{"origin":[-1,16,-1],"size":[2,8,2],"uv":{"down":{"uv":[110,50],"uv_size":[2,-2]},"east":{"uv":[75,46],"uv_size":[2,8]},"north":{"uv":[73,46],"uv_size":[2,8]},"south":{"uv":[77,46],"uv_size":[2,8]},"up":{"uv":[108,48],"uv_size":[2,2]},"west":{"uv":[112,20],"uv_size":[2,8]}}},{"inflate":0.1,"origin":[-1,23,-1],"size":[2,1,2],"uv":{"down":{"uv":[64,52],"uv_size":[2,-2]},"east":{"uv":[106,27],"uv_size":[2,1]},"north":{"uv":[104,27],"uv_size":[2,1]},"south":{"uv":[102,50],"uv_size":[2,1]},"up":{"uv":[112,48],"uv_size":[2,2]},"west":{"uv":[104,50],"uv_size":[2,1]}}},{"inflate":0.1,"origin":[-1,22.46962,-3.02058],"pivot":[0,22.96962,-0.02058],"rotation":[-30,0,0],"size":[2,1,2],"uv":{"down":{"uv":[68,52],"uv_size":[2,-2]},"east":{"uv":[108,50],"uv_size":[2,1]},"north":{"uv":[106,50],"uv_size":[2,1]},"south":{"uv":[110,50],"uv_size":[2,1]},"up":{"uv":[66,50],"uv_size":[2,2]},"west":{"uv":[112,50],"uv_size":[2,1]}}},{"inflate":0.1,"origin":[-1,22.46962,1.02058],"pivot":[0,22.96962,0.02058],"rotation":[30,0,0],"size":[2,1,2],"uv":{"down":{"uv":[114,22],"uv_size":[2,-2]},"east":{"uv":[114,49],"uv_size":[2,1]},"north":{"uv":[114,48],"uv_size":[2,1]},"south":{"uv":[114,50],"uv_size":[2,1]},"up":{"uv":[70,50],"uv_size":[2,2]},"west":{"uv":[79,51],"uv_size":[2,1]}}},{"inflate":0.1,"origin":[-1,24.66891,1.55397],"pivot":[0,25.16891,2.55397],"rotation":[82.5,0,0],"size":[2,1,2],"uv":{"down":{"uv":[114,26],"uv_size":[2,-2]},"east":{"uv":[83,51],"uv_size":[2,1]},"north":{"uv":[81,51],"uv_size":[2,1]},"south":{"uv":[85,51],"uv_size":[2,1]},"up":{"uv":[114,22],"uv_size":[2,2]},"west":{"uv":[87,51],"uv_size":[2,1]}}},{"inflate":0.1,"origin":[-1,24.66891,-3.55397],"pivot":[0,25.16891,-2.55397],"rotation":[-82.5,0,0],"size":[2,1,2],"uv":{"down":{"uv":[100,52],"uv_size":[2,-2]},"east":{"uv":[91,51],"uv_size":[2,1]},"north":{"uv":[89,51],"uv_size":[2,1]},"south":{"uv":[93,51],"uv_size":[2,1]},"up":{"uv":[114,26],"uv_size":[2,2]},"west":{"uv":[95,51],"uv_size":[2,1]}}}],"name":"bone2","pivot":[0,0,0]}],"description":{"identifier":"geometry.pedestal_surfpickaxe","texture_height":64,"texture_width":128,"visible_bounds_height":4.5,"visible_bounds_offset":[0,1.75,0],"visible_bounds_width":3}}]}