{"format_version":"1.12.0","minecraft:geometry":[{"bones":[{"cubes":[{"origin":[-4,0.1,-4],"size":[8,14,8],"uv":[0,37]},{"origin":[-4.47487,2,-6.97487],"pivot":[-2.47487,1,-2.47487],"rotation":[25,45,0],"size":[4,2,9],"uv":[26,60]},{"origin":[0.47487,2,-6.97487],"pivot":[2.47487,1,-2.47487],"rotation":[25,-45,0],"size":[4,2,9],"uv":[0,59]},{"origin":[0.47487,2,-2.02513],"pivot":[2.47487,1,2.47487],"rotation":[-25,45,0],"size":[4,2,9],"uv":[49,51]},{"origin":[-4.47487,2,-2.02513],"pivot":[-2.47487,1,2.47487],"rotation":[-25,-45,0],"size":[4,2,9],"uv":[32,49]},{"origin":[-8,0,-8],"size":[16,2,16],"uv":[0,19]},{"origin":[-5,11,-5],"size":[10,2,10],"uv":[32,37]},{"origin":[-8,13,-8],"size":[16,3,16],"uv":[0,0]},{"origin":[-1,16,-1],"size":[2,8,2],"uv":[8,0]},{"inflate":0.1,"origin":[-1,23,-1],"size":[2,1,2],"uv":[49,52]},{"inflate":0.1,"origin":[-1,22.46962,-3.02058],"pivot":[0,22.96962,-0.02058],"rotation":[-30,0,0],"size":[2,1,2],"uv":[49,49]},{"inflate":0.1,"origin":[-1,22.46962,1.02058],"pivot":[0,22.96962,0.02058],"rotation":[30,0,0],"size":[2,1,2],"uv":[32,43]},{"inflate":0.1,"origin":[-1,24.66891,1.55397],"pivot":[0,25.16891,2.55397],"rotation":[82.5,0,0],"size":[2,1,2],"uv":[0,40]},{"inflate":0.1,"origin":[-1,24.66891,-3.55397],"pivot":[0,25.16891,-2.55397],"rotation":[-82.5,0,0],"size":[2,1,2],"uv":[0,37]}],"name":"bone2","pivot":[0,0,0]},{"name":"total","pivot":[-9,19,0],"rotation":[0,0,55]},{"name":"lightning","parent":"total","pivot":[-9,19,0]},{"cubes":[{"origin":[-10,20,-1],"pivot":[-9,32,0],"rotation":[0,45,0],"size":[2,13,2],"uv":[0,0]},{"inflate":0.25,"origin":[-10,23,-1],"pivot":[-9,32,0],"rotation":[0,45,0],"size":[2,7,2],"uv":[32,49]},{"inflate":0.25,"origin":[-10,33,-1],"pivot":[-9,32,0],"rotation":[0,45,0],"size":[2,1,2],"uv":[6,13]},{"inflate":0.25,"origin":[-10,19,-1],"pivot":[-9,32,0],"rotation":[0,45,0],"size":[2,1,2],"uv":[8,10]}],"name":"handle","parent":"lightning","pivot":[-9,22,0]},{"cubes":[{"origin":[-10.5,37,-1.5],"pivot":[-9,37.5,0],"rotation":[42.01738,36.6102,28.24912],"size":[3,3,3],"uv":[0,25]},{"inflate":-0.025,"origin":[-13.5,33.5,0],"size":[10,14,0],"uv":[52,62]}],"name":"top","parent":"lightning","pivot":[-9,19,0]},{"cubes":[{"origin":[-25.01341,32.28641,0],"pivot":[-13.75,22.5,-1],"rotation":[0,0,-10],"size":[14,14,0],"uv":[48,0]},{"origin":[-17.47394,36.45752,-1],"pivot":[-12.6,41.5,-1],"rotation":[0,0,-2.5],"size":[5,4,2],"uv":[0,19]},{"inflate":0.025,"origin":[-23.79155,39.1081,0],"pivot":[-13.75,41.5,-1],"rotation":[0,0,-5],"size":[10,3,0],"uv":[62,37]},{"origin":[-22.64801,37.34018,-0.5],"pivot":[-14.75,41.5,-1],"rotation":[0,0,-10],"size":[5,3,1],"uv":[0,31]},{"inflate":0.025,"origin":[-26.85904,42.12135,0],"pivot":[-14.75,41.5,-1],"rotation":[0,0,-40],"size":[5,2,0],"uv":[24,43]}],"name":"Left","parent":"top","pivot":[-12.75,40.5,-1],"rotation":[0,0,2.5]},{"cubes":[{"origin":[-7.00881,33.31009,0],"pivot":[-2.00881,39.31009,0],"rotation":[0,0,127.5],"size":[12,14,0],"uv":[48,19]},{"origin":[-7.24274,37.10814,0],"pivot":[-7.25,39.5,-1],"rotation":[0,0,-45],"size":[9,3,0],"uv":[24,40]},{"origin":[-12.24274,34.60814,0],"pivot":[-12.25,37,-1],"rotation":[0,0,170],"size":[9,3,0],"uv":[24,37]}],"name":"Left2","parent":"top","pivot":[-5.25,40.5,-1],"rotation":[0,0,-2.5]}],"description":{"identifier":"geometry.pedestal_lightningpickaxe","texture_height":128,"texture_width":128,"visible_bounds_height":4.5,"visible_bounds_offset":[0,1.75,0],"visible_bounds_width":3}}]}