{"format_version":"1.12.0","minecraft:geometry":[{"bones":[{"name":"Pedestal","pivot":[0,0,0]},{"name":"bone","parent":"Pedestal","pivot":[3.19018,28.51663,0],"rotation":[0,0,55]},{"name":"bb_main","parent":"bone","pivot":[3.6,10.8,0]},{"cubes":[{"origin":[-4,0.1,-4],"size":[8,14,8],"uv":{"down":{"uv":[100,44],"uv_size":[8,-8]},"east":{"uv":[96,0],"uv_size":[8,14]},"north":{"uv":[64,32],"uv_size":[8,14]},"south":{"uv":[72,32],"uv_size":[8,14]},"up":{"uv":[100,28],"uv_size":[8,8]},"west":{"uv":[96,14],"uv_size":[8,14]}}},{"origin":[-4.47487,2,-6.97487],"pivot":[-2.47487,1,-2.47487],"rotation":[25,45,0],"size":[4,2,9],"uv":{"down":{"uv":[80,51],"uv_size":[4,-9]},"east":{"uv":[64,46],"uv_size":[9,2]},"north":{"uv":[96,28],"uv_size":[4,2]},"south":{"uv":[96,30],"uv_size":[4,2]},"up":{"uv":[104,12],"uv_size":[4,9]},"west":{"uv":[100,46],"uv_size":[9,2]}}},{"origin":[0.47487,2,-6.97487],"pivot":[2.47487,1,-2.47487],"rotation":[25,-45,0],"size":[4,2,9],"uv":{"down":{"uv":[88,51],"uv_size":[4,-9]},"east":{"uv":[109,46],"uv_size":[9,2]},"north":{"uv":[104,21],"uv_size":[4,2]},"south":{"uv":[104,23],"uv_size":[4,2]},"up":{"uv":[84,42],"uv_size":[4,9]},"west":{"uv":[64,48],"uv_size":[9,2]}}},{"origin":[0.47487,2,-2.02513],"pivot":[2.47487,1,2.47487],"rotation":[-25,45,0],"size":[4,2,9],"uv":{"down":{"uv":[96,51],"uv_size":[4,-9]},"east":{"uv":[112,12],"uv_size":[9,2]},"north":{"uv":[104,25],"uv_size":[4,2]},"south":{"uv":[112,28],"uv_size":[4,2]},"up":{"uv":[92,42],"uv_size":[4,9]},"west":{"uv":[112,14],"uv_size":[9,2]}}},{"origin":[-4.47487,2,-2.02513],"pivot":[-2.47487,1,2.47487],"rotation":[-25,-45,0],"size":[4,2,9],"uv":{"down":{"uv":[108,30],"uv_size":[4,-9]},"east":{"uv":[112,16],"uv_size":[9,2]},"north":{"uv":[100,48],"uv_size":[4,2]},"south":{"uv":[104,48],"uv_size":[4,2]},"up":{"uv":[108,12],"uv_size":[4,9]},"west":{"uv":[112,18],"uv_size":[9,2]}}},{"origin":[-8,0,-8],"size":[16,2,16],"uv":{"down":{"uv":[64,32],"uv_size":[16,-16]},"east":{"uv":[108,32],"uv_size":[16,2]},"north":{"uv":[108,30],"uv_size":[16,2]},"south":{"uv":[108,34],"uv_size":[16,2]},"up":{"uv":[64,0],"uv_size":[16,16]},"west":{"uv":[100,44],"uv_size":[16,2]}}},{"origin":[-5,11,-5],"size":[10,2,10],"uv":{"down":{"uv":[90,42],"uv_size":[10,-10]},"east":{"uv":[108,38],"uv_size":[10,2]},"north":{"uv":[108,36],"uv_size":[10,2]},"south":{"uv":[108,40],"uv_size":[10,2]},"up":{"uv":[80,32],"uv_size":[10,10]},"west":{"uv":[108,42],"uv_size":[10,2]}}},{"origin":[-8,13,-8],"size":[16,3,16],"uv":{"down":{"uv":[80,32],"uv_size":[16,-16]},"east":{"uv":[104,3],"uv_size":[16,3]},"north":{"uv":[104,0],"uv_size":[16,3]},"south":{"uv":[104,6],"uv_size":[16,3]},"up":{"uv":[80,0],"uv_size":[16,16]},"west":{"uv":[104,9],"uv_size":[16,3]}}},{"origin":[-1,16,-1],"size":[2,8,2],"uv":{"down":{"uv":[110,50],"uv_size":[2,-2]},"east":{"uv":[75,46],"uv_size":[2,8]},"north":{"uv":[73,46],"uv_size":[2,8]},"south":{"uv":[77,46],"uv_size":[2,8]},"up":{"uv":[108,48],"uv_size":[2,2]},"west":{"uv":[112,20],"uv_size":[2,8]}}},{"inflate":0.1,"origin":[-1,23,-1],"size":[2,1,2],"uv":{"down":{"uv":[64,52],"uv_size":[2,-2]},"east":{"uv":[106,27],"uv_size":[2,1]},"north":{"uv":[104,27],"uv_size":[2,1]},"south":{"uv":[102,50],"uv_size":[2,1]},"up":{"uv":[112,48],"uv_size":[2,2]},"west":{"uv":[104,50],"uv_size":[2,1]}}},{"inflate":0.1,"origin":[-1,22.46962,-3.02058],"pivot":[0,22.96962,-0.02058],"rotation":[-30,0,0],"size":[2,1,2],"uv":{"down":{"uv":[68,52],"uv_size":[2,-2]},"east":{"uv":[108,50],"uv_size":[2,1]},"north":{"uv":[106,50],"uv_size":[2,1]},"south":{"uv":[110,50],"uv_size":[2,1]},"up":{"uv":[66,50],"uv_size":[2,2]},"west":{"uv":[112,50],"uv_size":[2,1]}}},{"inflate":0.1,"origin":[-1,22.46962,1.02058],"pivot":[0,22.96962,0.02058],"rotation":[30,0,0],"size":[2,1,2],"uv":{"down":{"uv":[114,22],"uv_size":[2,-2]},"east":{"uv":[114,49],"uv_size":[2,1]},"north":{"uv":[114,48],"uv_size":[2,1]},"south":{"uv":[114,50],"uv_size":[2,1]},"up":{"uv":[70,50],"uv_size":[2,2]},"west":{"uv":[79,51],"uv_size":[2,1]}}},{"inflate":0.1,"origin":[-1,24.66891,1.55397],"pivot":[0,25.16891,2.55397],"rotation":[82.5,0,0],"size":[2,1,2],"uv":{"down":{"uv":[114,26],"uv_size":[2,-2]},"east":{"uv":[83,51],"uv_size":[2,1]},"north":{"uv":[81,51],"uv_size":[2,1]},"south":{"uv":[85,51],"uv_size":[2,1]},"up":{"uv":[114,22],"uv_size":[2,2]},"west":{"uv":[87,51],"uv_size":[2,1]}}},{"inflate":0.1,"origin":[-1,24.66891,-3.55397],"pivot":[0,25.16891,-2.55397],"rotation":[-82.5,0,0],"size":[2,1,2],"uv":{"down":{"uv":[100,52],"uv_size":[2,-2]},"east":{"uv":[91,51],"uv_size":[2,1]},"north":{"uv":[89,51],"uv_size":[2,1]},"south":{"uv":[93,51],"uv_size":[2,1]},"up":{"uv":[114,26],"uv_size":[2,2]},"west":{"uv":[95,51],"uv_size":[2,1]}}}],"name":"bone2","parent":"Pedestal","pivot":[0,0,0]},{"name":"total","parent":"bone2","pivot":[0,0,0],"rotation":[0,0,50]},{"name":"flame","parent":"total","pivot":[0,0,0],"rotation":[-2.5,0,0]},{"cubes":[{"origin":[-19.68459,7.62166,-1.11446],"size":[2,19,2],"uv":{"down":{"uv":[26,24],"uv_size":[2,-2]},"east":{"uv":[22,24],"uv_size":[2,19]},"north":{"uv":[24,24],"uv_size":[2,19]},"south":{"uv":[28,24],"uv_size":[2,19]},"up":{"uv":[24,22],"uv_size":[2,2]},"west":{"uv":[26,24],"uv_size":[2,19]}}},{"inflate":0.15,"origin":[-19.68459,13.62166,-1.11446],"size":[2,1,2],"uv":{"down":{"uv":[37,17],"uv_size":[2,-2]},"east":{"uv":[33,17],"uv_size":[2,1]},"north":{"uv":[35,17],"uv_size":[2,1]},"south":{"uv":[39,17],"uv_size":[2,1]},"up":{"uv":[35,15],"uv_size":[2,2]},"west":{"uv":[37,17],"uv_size":[2,1]}}},{"inflate":0.15,"origin":[-19.68459,7.62166,-1.11446],"size":[2,5,2],"uv":{"down":{"uv":[34,24],"uv_size":[2,-2]},"east":{"uv":[30,24],"uv_size":[2,5]},"north":{"uv":[32,24],"uv_size":[2,5]},"south":{"uv":[36,24],"uv_size":[2,5]},"up":{"uv":[32,22],"uv_size":[2,2]},"west":{"uv":[34,24],"uv_size":[2,5]}}},{"origin":[-17.06579,-9.3582,-2.11446],"pivot":[0,3,0],"rotation":[0,0,45],"size":[1,3,4],"uv":{"down":{"uv":[15,33],"uv_size":[1,-4]},"east":{"uv":[10,33],"uv_size":[4,3]},"north":{"uv":[14,33],"uv_size":[1,3]},"south":{"uv":[19,33],"uv_size":[1,3]},"up":{"uv":[14,29],"uv_size":[1,4]},"west":{"uv":[15,33],"uv_size":[4,3]}}},{"origin":[-16.06579,-7.3582,-2.11446],"pivot":[0,3,0],"rotation":[0,0,45],"size":[3,1,4],"uv":{"down":{"uv":[31,14],"uv_size":[3,-4]},"east":{"uv":[24,14],"uv_size":[4,1]},"north":{"uv":[28,14],"uv_size":[3,1]},"south":{"uv":[35,14],"uv_size":[3,1]},"up":{"uv":[28,10],"uv_size":[3,4]},"west":{"uv":[31,14],"uv_size":[4,1]}}},{"origin":[-14.06579,-10.3582,-2.11446],"pivot":[0,3,0],"rotation":[0,0,45],"size":[1,3,4],"uv":{"down":{"uv":[5,33],"uv_size":[1,-4]},"east":{"uv":[0,33],"uv_size":[4,3]},"north":{"uv":[4,33],"uv_size":[1,3]},"south":{"uv":[9,33],"uv_size":[1,3]},"up":{"uv":[4,29],"uv_size":[1,4]},"west":{"uv":[5,33],"uv_size":[4,3]}}},{"origin":[-17.06579,-10.3582,-2.11446],"pivot":[0,3,0],"rotation":[0,0,45],"size":[3,1,4],"uv":{"down":{"uv":[31,9],"uv_size":[3,-4]},"east":{"uv":[24,9],"uv_size":[4,1]},"north":{"uv":[28,9],"uv_size":[3,1]},"south":{"uv":[35,9],"uv_size":[3,1]},"up":{"uv":[28,5],"uv_size":[3,4]},"west":{"uv":[31,9],"uv_size":[4,1]}}},{"origin":[-16.06579,-9.3582,-1.11446],"pivot":[0,3,0],"rotation":[0,0,45],"size":[2,2,2],"uv":{"down":{"uv":[10,31],"uv_size":[2,-2]},"east":{"uv":[6,31],"uv_size":[2,2]},"north":{"uv":[8,31],"uv_size":[2,2]},"south":{"uv":[12,31],"uv_size":[2,2]},"up":{"uv":[8,29],"uv_size":[2,2]},"west":{"uv":[10,31],"uv_size":[2,2]}}}],"name":"handle","parent":"flame","pivot":[0,3,0]},{"cubes":[{"origin":[-20.18459,21.62166,-1.61446],"size":[3,4,3],"uv":{"down":{"uv":[30,18],"uv_size":[3,-3]},"east":{"uv":[24,18],"uv_size":[3,4]},"north":{"uv":[27,18],"uv_size":[3,4]},"south":{"uv":[33,18],"uv_size":[3,4]},"up":{"uv":[27,15],"uv_size":[3,3]},"west":{"uv":[30,18],"uv_size":[3,4]}}}],"name":"top","parent":"flame","pivot":[0,0,0]},{"cubes":[{"origin":[-27.4149,24.46991,-1.11446],"pivot":[-2.75,20.5,-1],"rotation":[0,0,-10],"size":[8,3,2],"uv":{"down":{"uv":[34,2],"uv_size":[8,-2]},"east":{"uv":[24,2],"uv_size":[2,3]},"north":{"uv":[26,2],"uv_size":[8,3]},"south":{"uv":[36,2],"uv_size":[8,3]},"up":{"uv":[26,0],"uv_size":[8,2]},"west":{"uv":[34,2],"uv_size":[2,3]}}},{"origin":[-24.31472,36.54535,-0.61446],"pivot":[-2.75,20.5,-1],"rotation":[0,0,-40],"size":[4,2,1],"uv":{"down":{"uv":[35,33],"uv_size":[4,-1]},"east":{"uv":[30,33],"uv_size":[1,2]},"north":{"uv":[31,33],"uv_size":[4,2]},"south":{"uv":[36,33],"uv_size":[4,2]},"up":{"uv":[31,32],"uv_size":[4,1]},"west":{"uv":[35,33],"uv_size":[1,2]}}},{"origin":[-30.78116,19.80415,-0.11446],"size":[12,12,0],"uv":{"down":{"uv":[12,0],"uv_size":[12,0]},"east":{"uv":[0,0],"uv_size":[0,12]},"north":{"uv":[0,0],"uv_size":[12,12]},"south":{"uv":[12,0],"uv_size":[12,12]},"up":{"uv":[0,0],"uv_size":[12,0]},"west":{"uv":[12,0],"uv_size":[0,12]}}}],"name":"Left","parent":"top","pivot":[-2.75,20.5,-1],"rotation":[0,0,2.5]},{"cubes":[{"origin":[-17.63457,19.59225,-1.11446],"pivot":[2.75,20.5,-1],"rotation":[0,0,10],"size":[8,3,2],"uv":{"down":{"uv":[10,26],"uv_size":[8,-2]},"east":{"uv":[0,26],"uv_size":[2,3]},"north":{"uv":[2,26],"uv_size":[8,3]},"south":{"uv":[12,26],"uv_size":[8,3]},"up":{"uv":[2,24],"uv_size":[8,2]},"west":{"uv":[10,26],"uv_size":[2,3]}}},{"origin":[-9.33223,13.79644,-0.61446],"pivot":[2.75,20.5,-1],"rotation":[0,0,40],"size":[4,2,1],"uv":{"down":{"uv":[35,30],"uv_size":[4,-1]},"east":{"uv":[30,30],"uv_size":[1,2]},"north":{"uv":[31,30],"uv_size":[4,2]},"south":{"uv":[36,30],"uv_size":[4,2]},"up":{"uv":[31,29],"uv_size":[4,1]},"west":{"uv":[35,30],"uv_size":[1,2]}}},{"origin":[-18.55245,21.43417,-0.11446],"size":[12,12,0],"uv":{"down":{"uv":[12,12],"uv_size":[12,0]},"east":{"uv":[0,12],"uv_size":[0,12]},"north":{"uv":[0,12],"uv_size":[12,12]},"south":{"uv":[12,12],"uv_size":[12,12]},"up":{"uv":[0,12],"uv_size":[12,0]},"west":{"uv":[12,12],"uv_size":[0,12]}}}],"name":"Right","parent":"top","pivot":[2.75,20.5,-1],"rotation":[0,0,-2.5]}],"description":{"identifier":"geometry.pedestal_flamethrowerpickaxe","texture_height":64,"texture_width":128,"visible_bounds_height":4.5,"visible_bounds_offset":[0,1.75,0],"visible_bounds_width":3}}]}