{"format_version":"1.12.0","minecraft:geometry":[{"bones":[{"name":"bone4","pivot":[-3,23,0],"rotation":[0,0,62.5]},{"cubes":[{"inflate":-0.025,"origin":[-3.83425,14.28075,-0.83425],"size":[1.6685,17.4385,1.6685],"uv":{"down":{"uv":[62,55.75],"uv_size":[1.75,-1.75]},"east":{"uv":[2,46],"uv_size":[1.75,17.5]},"north":{"uv":[0,46],"uv_size":[1.75,17.5]},"south":{"uv":[4,46],"uv_size":[1.75,17.5]},"up":{"uv":[62,52],"uv_size":[1.75,1.75]},"west":{"uv":[6,46],"uv_size":[1.75,17.5]}}},{"inflate":-0.025,"origin":[-4.24925,11.79075,-1.24925],"size":[2.4985,3.3285,2.4985],"uv":{"down":{"uv":[60,37.5],"uv_size":[2.5,-2.5]},"east":{"uv":[58,0],"uv_size":[2.5,3.25]},"north":{"uv":[45,57],"uv_size":[2.5,3.25]},"south":{"uv":[58,4],"uv_size":[2.5,3.25]},"up":{"uv":[60,32],"uv_size":[2.5,2.5]},"west":{"uv":[21,58],"uv_size":[2.5,3.25]}}},{"inflate":0.075,"origin":[-4.23225,29.23775,-1.23225],"size":[2.4645,2.4645,2.4645],"uv":{"down":{"uv":[60,62.5],"uv_size":[2.5,-2.5]},"east":{"uv":[60,41],"uv_size":[2.5,2.5]},"north":{"uv":[60,38],"uv_size":[2.5,2.5]},"south":{"uv":[51,60],"uv_size":[2.5,2.5]},"up":{"uv":[57,60],"uv_size":[2.5,2.5]},"west":{"uv":[54,60],"uv_size":[2.5,2.5]}}},{"inflate":0.2,"origin":[-5.041,30.919,-1.211],"size":[4.082,1.592,2.422],"uv":{"down":{"uv":[56,18.5],"uv_size":[4,-2.5]},"east":{"uv":[48,62],"uv_size":[2.5,1.5]},"north":{"uv":[61,6],"uv_size":[4,1.5]},"south":{"uv":[8,61],"uv_size":[4,1.5]},"up":{"uv":[32,28],"uv_size":[4,2.5]},"west":{"uv":[62,50],"uv_size":[2.5,1.5]}}},{"origin":[-4.245,30.885,-1.245],"pivot":[-3,33.79,0],"rotation":[0,0,45],"size":[4.15,4.15,2.49],"uv":{"down":{"uv":[16,58.5],"uv_size":[4.25,-2.5]},"east":{"uv":[56,8],"uv_size":[2.5,4.25]},"north":{"uv":[48,48],"uv_size":[4.25,4.25]},"south":{"uv":[8,50],"uv_size":[4.25,4.25]},"up":{"uv":[56,13],"uv_size":[4.25,2.5]},"west":{"uv":[13,56],"uv_size":[2.5,4.25]}}},{"inflate":-0.025,"origin":[-4.24925,32.19696,-1.24925],"size":[2.4985,6.6485,2.4985],"uv":{"down":{"uv":[61,5.5],"uv_size":[2.5,-2.5]},"east":{"uv":[45,50],"uv_size":[2.5,6.75]},"north":{"uv":[40,21],"uv_size":[2.5,6.75]},"south":{"uv":[40,52],"uv_size":[2.5,6.75]},"up":{"uv":[61,0],"uv_size":[2.5,2.5]},"west":{"uv":[53,12],"uv_size":[2.5,6.75]}}}],"name":"bb_main","parent":"bone4","pivot":[-3,11,0]},{"cubes":[{"inflate":-0.1,"origin":[2.30717,28.4953,-0.847],"pivot":[6.05917,30.3798,0],"rotation":[0,0,45],"size":[5.014,3.354,1.694],"uv":{"down":{"uv":[53,23.75],"uv_size":[5,-1.75]},"east":{"uv":[43,60],"uv_size":[1.75,3.25]},"north":{"uv":[53,48],"uv_size":[5,3.25]},"south":{"uv":[27,54],"uv_size":[5,3.25]},"up":{"uv":[52,44],"uv_size":[5,1.75]},"west":{"uv":[12,61],"uv_size":[1.75,3.25]}}},{"inflate":-0.125,"origin":[5.51474,28.19206,-0.85125],"size":[2.4495,3.3625,1.7025],"uv":{"down":{"uv":[45,62.75],"uv_size":[2.5,-1.75]},"east":{"uv":[61,12],"uv_size":[1.75,3.25]},"north":{"uv":[58,22],"uv_size":[2.5,3.25]},"south":{"uv":[24,58],"uv_size":[2.5,3.25]},"up":{"uv":[39,61],"uv_size":[2.5,1.75]},"west":{"uv":[14,61],"uv_size":[1.75,3.25]}}},{"origin":[-4.2094,36.7306,-1.245],"pivot":[-4.6244,32.7881,0],"rotation":[0,0,45],"size":[6.64,3.32,2.49],"uv":{"down":{"uv":[53,21.5],"uv_size":[6.75,-2.5]},"east":{"uv":[58,26],"uv_size":[2.5,3.25]},"north":{"uv":[44,36],"uv_size":[6.75,3.25]},"south":{"uv":[44,40],"uv_size":[6.75,3.25]},"up":{"uv":[13,53],"uv_size":[6.75,2.5]},"west":{"uv":[27,58],"uv_size":[2.5,3.25]}}},{"inflate":0.1,"origin":[-0.3941,37.54632,-2.058],"pivot":[3.7389,35.86932,0],"rotation":[0,0,-22.5],"size":[4.946,1.626,4.116],"uv":{"down":{"uv":[48,16],"uv_size":[5,-4]},"east":{"uv":[60,16],"uv_size":[4,1.75]},"north":{"uv":[21,56],"uv_size":[5,1.75]},"south":{"uv":[48,56],"uv_size":[5,1.75]},"up":{"uv":[43,46],"uv_size":[5,4]},"west":{"uv":[60,18],"uv_size":[4,1.75]}}}],"name":"bone","parent":"bone4","pivot":[-0.24946,36.15747,0]},{"cubes":[{"inflate":-0.1,"origin":[-13.32117,28.4953,-0.847],"pivot":[-12.05917,30.3798,0],"rotation":[0,0,-45],"size":[5.014,3.354,1.694],"uv":{"down":{"uv":[57,53.75],"uv_size":[5,-1.75]},"east":{"uv":[16,61],"uv_size":[1.75,3.25]},"north":{"uv":[32,54],"uv_size":[5,3.25]},"south":{"uv":[8,55],"uv_size":[5,3.25]},"up":{"uv":[57,44],"uv_size":[5,1.75]},"west":{"uv":[18,61],"uv_size":[1.75,3.25]}}},{"inflate":-0.125,"origin":[-13.96424,28.19206,-0.85125],"size":[2.4495,3.3625,1.7025],"uv":{"down":{"uv":[61,49.75],"uv_size":[2.5,-1.75]},"east":{"uv":[61,22],"uv_size":[1.75,3.25]},"north":{"uv":[30,58],"uv_size":[2.5,3.25]},"south":{"uv":[33,58],"uv_size":[2.5,3.25]},"up":{"uv":[61,46],"uv_size":[2.5,1.75]},"west":{"uv":[61,26],"uv_size":[1.75,3.25]}}},{"origin":[-8.4306,36.7306,-1.245],"pivot":[-1.3756,32.7881,0],"rotation":[0,0,-45],"size":[6.64,3.32,2.49],"uv":{"down":{"uv":[48,55.5],"uv_size":[6.75,-2.5]},"east":{"uv":[58,46],"uv_size":[2.5,3.25]},"north":{"uv":[8,46],"uv_size":[6.75,3.25]},"south":{"uv":[36,46],"uv_size":[6.75,3.25]},"up":{"uv":[20,53],"uv_size":[6.75,2.5]},"west":{"uv":[48,58],"uv_size":[2.5,3.25]}}},{"inflate":0.1,"origin":[-10.5519,37.54632,-2.058],"pivot":[-9.7389,35.86932,0],"rotation":[0,0,22.5],"size":[4.946,1.626,4.116],"uv":{"down":{"uv":[48,24],"uv_size":[5,-4]},"east":{"uv":[60,20],"uv_size":[4,1.75]},"north":{"uv":[57,54],"uv_size":[5,1.75]},"south":{"uv":[57,56],"uv_size":[5,1.75]},"up":{"uv":[48,16],"uv_size":[5,4]},"west":{"uv":[60,30],"uv_size":[4,1.75]}}}],"name":"bone2","parent":"bone4","pivot":[-4.75054,36.15747,0]},{"cubes":[{"origin":[-4,0.1,-4],"size":[8,14,8],"uv":{"down":{"uv":[36,44],"uv_size":[8,-8]},"east":{"uv":[32,0],"uv_size":[8,14]},"north":{"uv":[0,32],"uv_size":[8,14]},"south":{"uv":[8,32],"uv_size":[8,14]},"up":{"uv":[36,28],"uv_size":[8,8]},"west":{"uv":[32,14],"uv_size":[8,14]}}},{"origin":[-4.47487,2,-6.97487],"pivot":[-2.47487,1,-2.47487],"rotation":[25,45,0],"size":[4,2,9],"uv":{"down":{"uv":[16,51],"uv_size":[4,-9]},"east":{"uv":[36,50],"uv_size":[9,2]},"north":{"uv":[58,50],"uv_size":[4,2]},"south":{"uv":[51,58],"uv_size":[4,2]},"up":{"uv":[40,12],"uv_size":[4,9]},"west":{"uv":[13,51],"uv_size":[9,2]}}},{"origin":[0.47487,2,-6.97487],"pivot":[2.47487,1,-2.47487],"rotation":[25,-45,0],"size":[4,2,9],"uv":{"down":{"uv":[24,51],"uv_size":[4,-9]},"east":{"uv":[22,51],"uv_size":[9,2]},"north":{"uv":[57,58],"uv_size":[4,2]},"south":{"uv":[8,59],"uv_size":[4,2]},"up":{"uv":[20,42],"uv_size":[4,9]},"west":{"uv":[51,36],"uv_size":[9,2]}}},{"origin":[0.47487,2,-2.02513],"pivot":[2.47487,1,2.47487],"rotation":[-25,45,0],"size":[4,2,9],"uv":{"down":{"uv":[32,51],"uv_size":[4,-9]},"east":{"uv":[51,38],"uv_size":[9,2]},"north":{"uv":[59,8],"uv_size":[4,2]},"south":{"uv":[59,10],"uv_size":[4,2]},"up":{"uv":[28,42],"uv_size":[4,9]},"west":{"uv":[51,40],"uv_size":[9,2]}}},{"origin":[-4.47487,2,-2.02513],"pivot":[-2.47487,1,2.47487],"rotation":[-25,-45,0],"size":[4,2,9],"uv":{"down":{"uv":[44,30],"uv_size":[4,-9]},"east":{"uv":[51,42],"uv_size":[9,2]},"north":{"uv":[16,59],"uv_size":[4,2]},"south":{"uv":[39,59],"uv_size":[4,2]},"up":{"uv":[44,12],"uv_size":[4,9]},"west":{"uv":[31,52],"uv_size":[9,2]}}},{"origin":[-8,0,-8],"size":[16,2,16],"uv":{"down":{"uv":[0,32],"uv_size":[16,-16]},"east":{"uv":[44,32],"uv_size":[16,2]},"north":{"uv":[44,30],"uv_size":[16,2]},"south":{"uv":[44,34],"uv_size":[16,2]},"up":{"uv":[0,0],"uv_size":[16,16]},"west":{"uv":[36,44],"uv_size":[16,2]}}},{"origin":[-5,11,-5],"size":[10,2,10],"uv":{"down":{"uv":[26,42],"uv_size":[10,-10]},"east":{"uv":[48,26],"uv_size":[10,2]},"north":{"uv":[48,24],"uv_size":[10,2]},"south":{"uv":[48,28],"uv_size":[10,2]},"up":{"uv":[16,32],"uv_size":[10,10]},"west":{"uv":[48,46],"uv_size":[10,2]}}},{"origin":[-8,13,-8],"size":[16,3,16],"uv":{"down":{"uv":[16,32],"uv_size":[16,-16]},"east":{"uv":[40,3],"uv_size":[16,3]},"north":{"uv":[40,0],"uv_size":[16,3]},"south":{"uv":[40,6],"uv_size":[16,3]},"up":{"uv":[16,0],"uv_size":[16,16]},"west":{"uv":[40,9],"uv_size":[16,3]}}},{"origin":[-1,16,-1],"size":[2,8,2],"uv":{"down":{"uv":[61,60],"uv_size":[2,-2]},"east":{"uv":[37,54],"uv_size":[2,8]},"north":{"uv":[43,52],"uv_size":[2,8]},"south":{"uv":[55,52],"uv_size":[2,8]},"up":{"uv":[53,56],"uv_size":[2,2]},"west":{"uv":[56,0],"uv_size":[2,8]}}},{"inflate":0.1,"origin":[-1,23,-1],"size":[2,1,2],"uv":{"down":{"uv":[22,64],"uv_size":[2,-2]},"east":{"uv":[34,31],"uv_size":[2,1]},"north":{"uv":[32,31],"uv_size":[2,1]},"south":{"uv":[13,50],"uv_size":[2,1]},"up":{"uv":[20,62],"uv_size":[2,2]},"west":{"uv":[31,51],"uv_size":[2,1]}}},{"inflate":0.1,"origin":[-1,22.46962,-3.02058],"pivot":[0,22.96962,-0.02058],"rotation":[-30,0,0],"size":[2,1,2],"uv":{"down":{"uv":[26,64],"uv_size":[2,-2]},"east":{"uv":[27,53],"uv_size":[2,1]},"north":{"uv":[33,51],"uv_size":[2,1]},"south":{"uv":[29,53],"uv_size":[2,1]},"up":{"uv":[24,62],"uv_size":[2,2]},"west":{"uv":[53,52],"uv_size":[2,1]}}},{"inflate":0.1,"origin":[-1,22.46962,1.02058],"pivot":[0,22.96962,0.02058],"rotation":[30,0,0],"size":[2,1,2],"uv":{"down":{"uv":[30,64],"uv_size":[2,-2]},"east":{"uv":[62,56],"uv_size":[2,1]},"north":{"uv":[59,12],"uv_size":[2,1]},"south":{"uv":[62,57],"uv_size":[2,1]},"up":{"uv":[28,62],"uv_size":[2,2]},"west":{"uv":[8,63],"uv_size":[2,1]}}},{"inflate":0.1,"origin":[-1,24.66891,1.55397],"pivot":[0,25.16891,2.55397],"rotation":[82.5,0,0],"size":[2,1,2],"uv":{"down":{"uv":[34,64],"uv_size":[2,-2]},"east":{"uv":[63,9],"uv_size":[2,1]},"north":{"uv":[63,8],"uv_size":[2,1]},"south":{"uv":[10,63],"uv_size":[2,1]},"up":{"uv":[32,62],"uv_size":[2,2]},"west":{"uv":[63,10],"uv_size":[2,1]}}},{"inflate":0.1,"origin":[-1,24.66891,-3.55397],"pivot":[0,25.16891,-2.55397],"rotation":[-82.5,0,0],"size":[2,1,2],"uv":{"down":{"uv":[62,46],"uv_size":[2,-2]},"east":{"uv":[63,12],"uv_size":[2,1]},"north":{"uv":[63,11],"uv_size":[2,1]},"south":{"uv":[63,13],"uv_size":[2,1]},"up":{"uv":[36,62],"uv_size":[2,2]},"west":{"uv":[63,14],"uv_size":[2,1]}}}],"name":"bone3","pivot":[0,0,0]}],"description":{"identifier":"geometry.pedestal_mysticpickaxe","texture_height":128,"texture_width":128,"visible_bounds_height":3.5,"visible_bounds_offset":[0,1.25,0],"visible_bounds_width":3}}]}