{"format_version":"1.12.0","minecraft:geometry":[{"bones":[{"cubes":[{"origin":[-13,34.4,-1],"pivot":[0,24,0],"rotation":[0,0,85],"size":[3,3,2],"uv":{"down":{"uv":[36,54],"uv_size":[6,-4]},"east":{"uv":[50,24],"uv_size":[4,6]},"north":{"uv":[44,20],"uv_size":[6,6]},"south":{"uv":[44,26],"uv_size":[6,6]},"up":{"uv":[30,50],"uv_size":[6,4]},"west":{"uv":[26,50],"uv_size":[4,6]}}}],"name":"bb_main","pivot":[0,0,0]},{"cubes":[{"inflate":0.125,"origin":[-13.93722,54.27968,-1],"pivot":[-11.93722,51.80468,0],"rotation":[0,0,-0.25],"size":[6,3,2],"uv":{"down":{"uv":[28,40],"uv_size":[12,-4]},"east":{"uv":[44,32],"uv_size":[4,6]},"north":{"uv":[16,0],"uv_size":[12,6]},"south":{"uv":[16,6],"uv_size":[12,6]},"up":{"uv":[16,36],"uv_size":[12,4]},"west":{"uv":[42,44],"uv_size":[4,6]}}},{"inflate":0.125,"origin":[-25.03722,53.27968,-0.5],"pivot":[-11.93722,51.80468,0],"rotation":[0,180,10],"size":[9,3,1],"uv":{"down":{"uv":[52,6],"uv_size":[12,-2]},"east":{"uv":[0,56],"uv_size":[2,6]},"north":{"uv":[16,30],"uv_size":[12,6]},"south":{"uv":[28,30],"uv_size":[12,6]},"up":{"uv":[52,2],"uv_size":[12,2]},"west":{"uv":[2,56],"uv_size":[2,6]}}},{"inflate":0.125,"origin":[-17.03722,51.67968,-0.5],"pivot":[-11.93722,51.80468,0],"rotation":[0,180,-10],"size":[9,3,1],"uv":{"down":{"uv":[52,6],"uv_size":[12,-2]},"east":{"uv":[0,56],"uv_size":[2,6]},"north":{"uv":[16,30],"uv_size":[12,6]},"south":{"uv":[28,30],"uv_size":[12,6]},"up":{"uv":[52,2],"uv_size":[12,2]},"west":{"uv":[2,56],"uv_size":[2,6]}}},{"inflate":0.1,"origin":[-15.79233,53.33286,-1],"size":[3,3,2],"uv":{"down":{"uv":[36,50],"uv_size":[6,-4]},"east":{"uv":[0,46],"uv_size":[4,6]},"north":{"uv":[36,40],"uv_size":[6,6]},"south":{"uv":[42,38],"uv_size":[6,6]},"up":{"uv":[8,46],"uv_size":[6,4]},"west":{"uv":[4,46],"uv_size":[4,6]}}},{"inflate":0.075,"origin":[-17.1352,50.87706,-1],"pivot":[-16.1352,52.37706,0],"rotation":[0,0,15.25],"size":[2,5,2],"uv":{"down":{"uv":[4,56],"uv_size":[4,-4]},"east":{"uv":[16,40],"uv_size":[4,10]},"north":{"uv":[40,8],"uv_size":[4,10]},"south":{"uv":[40,18],"uv_size":[4,10]},"up":{"uv":[0,52],"uv_size":[4,4]},"west":{"uv":[20,40],"uv_size":[4,10]}}}],"name":"group","pivot":[-23.78467,24.53863,7],"rotation":[0,0,45]},{"cubes":[{"inflate":-0.25,"origin":[-27,25,-1],"size":[2,23,2],"uv":{"down":{"uv":[52,40],"uv_size":[4,-4]},"east":{"uv":[4,0],"uv_size":[4,46]},"north":{"uv":[0,0],"uv_size":[4,46]},"south":{"uv":[8,0],"uv_size":[4,46]},"up":{"uv":[52,32],"uv_size":[4,4]},"west":{"uv":[12,0],"uv_size":[4,46]}}},{"inflate":-0.15,"origin":[-27,37,-1],"size":[2,2,2],"uv":{"down":{"uv":[54,14],"uv_size":[4,-4]},"east":{"uv":[42,52],"uv_size":[4,4]},"north":{"uv":[52,40],"uv_size":[4,4]},"south":{"uv":[46,52],"uv_size":[4,4]},"up":{"uv":[54,6],"uv_size":[4,4]},"west":{"uv":[50,52],"uv_size":[4,4]}}},{"inflate":0.2,"origin":[-27,22,-1],"size":[2,3,2],"uv":{"down":{"uv":[20,58],"uv_size":[4,-4]},"east":{"uv":[48,32],"uv_size":[4,6]},"north":{"uv":[46,44],"uv_size":[4,6]},"south":{"uv":[48,38],"uv_size":[4,6]},"up":{"uv":[54,14],"uv_size":[4,4]},"west":{"uv":[8,50],"uv_size":[4,6]}}}],"name":"bone","pivot":[-23,-2,0],"rotation":[0,0,45]},{"cubes":[{"inflate":0.125,"origin":[9.4675,31.27945,-15],"pivot":[11.36278,4.80468,-14],"rotation":[0,0,-0.25],"size":[6,3,2],"uv":{"down":{"uv":[40,8],"uv_size":[12,-4]},"east":{"uv":[50,8],"uv_size":[4,6]},"north":{"uv":[16,12],"uv_size":[12,6]},"south":{"uv":[16,18],"uv_size":[12,6]},"up":{"uv":[40,0],"uv_size":[12,4]},"west":{"uv":[12,50],"uv_size":[4,6]}}},{"inflate":0.1,"origin":[7.50767,30.33286,-15],"size":[3,3,2],"uv":{"down":{"uv":[50,24],"uv_size":[6,-4]},"east":{"uv":[50,14],"uv_size":[4,6]},"north":{"uv":[44,8],"uv_size":[6,6]},"south":{"uv":[44,14],"uv_size":[6,6]},"up":{"uv":[20,50],"uv_size":[6,4]},"west":{"uv":[16,50],"uv_size":[4,6]}}},{"inflate":0.075,"origin":[-0.14795,27.03196,-15],"pivot":[7.1648,5.37706,-14],"rotation":[0,0,15.25],"size":[2,5,2],"uv":{"down":{"uv":[30,58],"uv_size":[4,-4]},"east":{"uv":[28,40],"uv_size":[4,10]},"north":{"uv":[24,40],"uv_size":[4,10]},"south":{"uv":[40,28],"uv_size":[4,10]},"up":{"uv":[54,24],"uv_size":[4,4]},"west":{"uv":[32,40],"uv_size":[4,10]}}}],"name":"group2","pivot":[-0.48467,1.53863,-7],"rotation":[0,180,45]},{"cubes":[{"origin":[-4,0.1,-4],"size":[8,14,8],"uv":{"down":{"uv":[100,44],"uv_size":[8,-8]},"east":{"uv":[96,0],"uv_size":[8,14]},"north":{"uv":[64,32],"uv_size":[8,14]},"south":{"uv":[72,32],"uv_size":[8,14]},"up":{"uv":[100,28],"uv_size":[8,8]},"west":{"uv":[96,14],"uv_size":[8,14]}}},{"origin":[-4.47487,2,-6.97487],"pivot":[-2.47487,1,-2.47487],"rotation":[25,45,0],"size":[4,2,9],"uv":{"down":{"uv":[80,51],"uv_size":[4,-9]},"east":{"uv":[64,46],"uv_size":[9,2]},"north":{"uv":[96,28],"uv_size":[4,2]},"south":{"uv":[96,30],"uv_size":[4,2]},"up":{"uv":[104,12],"uv_size":[4,9]},"west":{"uv":[100,46],"uv_size":[9,2]}}},{"origin":[0.47487,2,-6.97487],"pivot":[2.47487,1,-2.47487],"rotation":[25,-45,0],"size":[4,2,9],"uv":{"down":{"uv":[88,51],"uv_size":[4,-9]},"east":{"uv":[109,46],"uv_size":[9,2]},"north":{"uv":[104,21],"uv_size":[4,2]},"south":{"uv":[104,23],"uv_size":[4,2]},"up":{"uv":[84,42],"uv_size":[4,9]},"west":{"uv":[64,48],"uv_size":[9,2]}}},{"origin":[0.47487,2,-2.02513],"pivot":[2.47487,1,2.47487],"rotation":[-25,45,0],"size":[4,2,9],"uv":{"down":{"uv":[96,51],"uv_size":[4,-9]},"east":{"uv":[112,12],"uv_size":[9,2]},"north":{"uv":[104,25],"uv_size":[4,2]},"south":{"uv":[112,28],"uv_size":[4,2]},"up":{"uv":[92,42],"uv_size":[4,9]},"west":{"uv":[112,14],"uv_size":[9,2]}}},{"origin":[-4.47487,2,-2.02513],"pivot":[-2.47487,1,2.47487],"rotation":[-25,-45,0],"size":[4,2,9],"uv":{"down":{"uv":[108,30],"uv_size":[4,-9]},"east":{"uv":[112,16],"uv_size":[9,2]},"north":{"uv":[100,48],"uv_size":[4,2]},"south":{"uv":[104,48],"uv_size":[4,2]},"up":{"uv":[108,12],"uv_size":[4,9]},"west":{"uv":[112,18],"uv_size":[9,2]}}},{"origin":[-8,0,-8],"size":[16,2,16],"uv":{"down":{"uv":[64,32],"uv_size":[16,-16]},"east":{"uv":[108,32],"uv_size":[16,2]},"north":{"uv":[108,30],"uv_size":[16,2]},"south":{"uv":[108,34],"uv_size":[16,2]},"up":{"uv":[64,0],"uv_size":[16,16]},"west":{"uv":[100,44],"uv_size":[16,2]}}},{"origin":[-5,11,-5],"size":[10,2,10],"uv":{"down":{"uv":[90,42],"uv_size":[10,-10]},"east":{"uv":[108,38],"uv_size":[10,2]},"north":{"uv":[108,36],"uv_size":[10,2]},"south":{"uv":[108,40],"uv_size":[10,2]},"up":{"uv":[80,32],"uv_size":[10,10]},"west":{"uv":[108,42],"uv_size":[10,2]}}},{"origin":[-8,13,-8],"size":[16,3,16],"uv":{"down":{"uv":[80,32],"uv_size":[16,-16]},"east":{"uv":[104,3],"uv_size":[16,3]},"north":{"uv":[104,0],"uv_size":[16,3]},"south":{"uv":[104,6],"uv_size":[16,3]},"up":{"uv":[80,0],"uv_size":[16,16]},"west":{"uv":[104,9],"uv_size":[16,3]}}},{"origin":[-1,16,-1],"size":[2,8,2],"uv":{"down":{"uv":[110,50],"uv_size":[2,-2]},"east":{"uv":[75,46],"uv_size":[2,8]},"north":{"uv":[73,46],"uv_size":[2,8]},"south":{"uv":[77,46],"uv_size":[2,8]},"up":{"uv":[108,48],"uv_size":[2,2]},"west":{"uv":[112,20],"uv_size":[2,8]}}},{"inflate":0.1,"origin":[-1,23,-1],"size":[2,1,2],"uv":{"down":{"uv":[64,52],"uv_size":[2,-2]},"east":{"uv":[106,27],"uv_size":[2,1]},"north":{"uv":[104,27],"uv_size":[2,1]},"south":{"uv":[102,50],"uv_size":[2,1]},"up":{"uv":[112,48],"uv_size":[2,2]},"west":{"uv":[104,50],"uv_size":[2,1]}}},{"inflate":0.1,"origin":[-1,22.46962,-3.02058],"pivot":[0,22.96962,-0.02058],"rotation":[-30,0,0],"size":[2,1,2],"uv":{"down":{"uv":[68,52],"uv_size":[2,-2]},"east":{"uv":[108,50],"uv_size":[2,1]},"north":{"uv":[106,50],"uv_size":[2,1]},"south":{"uv":[110,50],"uv_size":[2,1]},"up":{"uv":[66,50],"uv_size":[2,2]},"west":{"uv":[112,50],"uv_size":[2,1]}}},{"inflate":0.1,"origin":[-1,22.46962,1.02058],"pivot":[0,22.96962,0.02058],"rotation":[30,0,0],"size":[2,1,2],"uv":{"down":{"uv":[114,22],"uv_size":[2,-2]},"east":{"uv":[114,49],"uv_size":[2,1]},"north":{"uv":[114,48],"uv_size":[2,1]},"south":{"uv":[114,50],"uv_size":[2,1]},"up":{"uv":[70,50],"uv_size":[2,2]},"west":{"uv":[79,51],"uv_size":[2,1]}}},{"inflate":0.1,"origin":[-1,24.66891,1.55397],"pivot":[0,25.16891,2.55397],"rotation":[82.5,0,0],"size":[2,1,2],"uv":{"down":{"uv":[114,26],"uv_size":[2,-2]},"east":{"uv":[83,51],"uv_size":[2,1]},"north":{"uv":[81,51],"uv_size":[2,1]},"south":{"uv":[85,51],"uv_size":[2,1]},"up":{"uv":[114,22],"uv_size":[2,2]},"west":{"uv":[87,51],"uv_size":[2,1]}}},{"inflate":0.1,"origin":[-1,24.66891,-3.55397],"pivot":[0,25.16891,-2.55397],"rotation":[-82.5,0,0],"size":[2,1,2],"uv":{"down":{"uv":[100,52],"uv_size":[2,-2]},"east":{"uv":[91,51],"uv_size":[2,1]},"north":{"uv":[89,51],"uv_size":[2,1]},"south":{"uv":[93,51],"uv_size":[2,1]},"up":{"uv":[114,26],"uv_size":[2,2]},"west":{"uv":[95,51],"uv_size":[2,1]}}}],"name":"bone2","pivot":[0,0,0]}],"description":{"identifier":"geometry.pedestal_deepdivepickaxe","texture_height":64,"texture_width":128,"visible_bounds_height":4.5,"visible_bounds_offset":[0,1.75,0],"visible_bounds_width":3}}]}