{"format_version":"1.12.0","minecraft:geometry":[{"bones":[{"cubes":[{"origin":[-4,0.1,-4],"size":[8,14,8],"uv":{"down":{"uv":[9,11],"uv_size":[2,-2]},"east":{"uv":[8,0],"uv_size":[2,3.5]},"north":{"uv":[0,8],"uv_size":[2,3.5]},"south":{"uv":[2,8],"uv_size":[2,3.5]},"up":{"uv":[9,7],"uv_size":[2,2]},"west":{"uv":[8,3.5],"uv_size":[2,3.5]}}},{"origin":[-4.47487,2,-6.97487],"pivot":[-2.47487,1,-2.47487],"rotation":[25,45,0],"size":[4,2,9],"uv":{"down":{"uv":[4,12.75],"uv_size":[1,-2.25]},"east":{"uv":[12,4],"uv_size":[2.25,0.5]},"north":{"uv":[8,7],"uv_size":[1,0.5]},"south":{"uv":[8,7.5],"uv_size":[1,0.5]},"up":{"uv":[10,3],"uv_size":[1,2.25]},"west":{"uv":[12,4.5],"uv_size":[2.25,0.5]}}},{"origin":[0.47487,2,-6.97487],"pivot":[2.47487,1,-2.47487],"rotation":[25,-45,0],"size":[4,2,9],"uv":{"down":{"uv":[6,12.75],"uv_size":[1,-2.25]},"east":{"uv":[12,5],"uv_size":[2.25,0.5]},"north":{"uv":[10,5.25],"uv_size":[1,0.5]},"south":{"uv":[10,5.75],"uv_size":[1,0.5]},"up":{"uv":[5,10.5],"uv_size":[1,2.25]},"west":{"uv":[12,5.5],"uv_size":[2.25,0.5]}}},{"origin":[0.47487,2,-2.02513],"pivot":[2.47487,1,2.47487],"rotation":[-25,45,0],"size":[4,2,9],"uv":{"down":{"uv":[8,12.75],"uv_size":[1,-2.25]},"east":{"uv":[12,6],"uv_size":[2.25,0.5]},"north":{"uv":[10,6.25],"uv_size":[1,0.5]},"south":{"uv":[12.25,9],"uv_size":[1,0.5]},"up":{"uv":[7,10.5],"uv_size":[1,2.25]},"west":{"uv":[12,6.5],"uv_size":[2.25,0.5]}}},{"origin":[-4.47487,2,-2.02513],"pivot":[-2.47487,1,2.47487],"rotation":[-25,-45,0],"size":[4,2,9],"uv":{"down":{"uv":[11,7.5],"uv_size":[1,-2.25]},"east":{"uv":[12,7],"uv_size":[2.25,0.5]},"north":{"uv":[12.25,9.5],"uv_size":[1,0.5]},"south":{"uv":[4,12.75],"uv_size":[1,0.5]},"up":{"uv":[11,3],"uv_size":[1,2.25]},"west":{"uv":[11.5,12],"uv_size":[2.25,0.5]}}},{"origin":[-8,0,-8],"size":[16,2,16],"uv":{"down":{"uv":[0,8],"uv_size":[4,-4]},"east":{"uv":[11,8],"uv_size":[4,0.5]},"north":{"uv":[11,7.5],"uv_size":[4,0.5]},"south":{"uv":[11,8.5],"uv_size":[4,0.5]},"up":{"uv":[0,0],"uv_size":[4,4]},"west":{"uv":[9,11],"uv_size":[4,0.5]}}},{"origin":[-5,11,-5],"size":[10,2,10],"uv":{"down":{"uv":[6.5,10.5],"uv_size":[2.5,-2.5]},"east":{"uv":[11.5,11.5],"uv_size":[2.5,0.5]},"north":{"uv":[11,10.25],"uv_size":[2.5,0.5]},"south":{"uv":[12,3],"uv_size":[2.5,0.5]},"up":{"uv":[4,8],"uv_size":[2.5,2.5]},"west":{"uv":[12,3.5],"uv_size":[2.5,0.5]}}},{"origin":[-8,13,-8],"size":[16,3,16],"uv":{"down":{"uv":[4,8],"uv_size":[4,-4]},"east":{"uv":[10,0.75],"uv_size":[4,0.75]},"north":{"uv":[10,0],"uv_size":[4,0.75]},"south":{"uv":[10,1.5],"uv_size":[4,0.75]},"up":{"uv":[4,0],"uv_size":[4,4]},"west":{"uv":[10,2.25],"uv_size":[4,0.75]}}},{"origin":[-1,16,-1],"size":[2,8,2],"uv":{"down":{"uv":[6,13.75],"uv_size":[0.5,-0.5]},"east":{"uv":[12,12.5],"uv_size":[0.5,2]},"north":{"uv":[11.5,12.5],"uv_size":[0.5,2]},"south":{"uv":[12.5,12.5],"uv_size":[0.5,2]},"up":{"uv":[5.5,13.25],"uv_size":[0.5,0.5]},"west":{"uv":[0,12.75],"uv_size":[0.5,2]}}},{"inflate":0.1,"origin":[-1,23,-1],"size":[2,1,2],"uv":{"down":{"uv":[7,13.75],"uv_size":[0.5,-0.5]},"east":{"uv":[10.5,6.75],"uv_size":[0.5,0.25]},"north":{"uv":[10,6.75],"uv_size":[0.5,0.25]},"south":{"uv":[13,11.25],"uv_size":[0.5,0.25]},"up":{"uv":[6.5,13.25],"uv_size":[0.5,0.5]},"west":{"uv":[13.5,11.25],"uv_size":[0.5,0.25]}}},{"inflate":0.1,"origin":[-1,22.46962,-3.02058],"pivot":[0,22.96962,-0.02058],"rotation":[-30,0,0],"size":[2,1,2],"uv":{"down":{"uv":[8,13.75],"uv_size":[0.5,-0.5]},"east":{"uv":[13.5,13.5],"uv_size":[0.5,0.25]},"north":{"uv":[13,13.5],"uv_size":[0.5,0.25]},"south":{"uv":[4,13.75],"uv_size":[0.5,0.25]},"up":{"uv":[7.5,13.25],"uv_size":[0.5,0.5]},"west":{"uv":[4.5,13.75],"uv_size":[0.5,0.25]}}},{"inflate":0.1,"origin":[-1,22.46962,1.02058],"pivot":[0,22.96962,0.02058],"rotation":[30,0,0],"size":[2,1,2],"uv":{"down":{"uv":[9,13.75],"uv_size":[0.5,-0.5]},"east":{"uv":[5.5,13.75],"uv_size":[0.5,0.25]},"north":{"uv":[5,13.75],"uv_size":[0.5,0.25]},"south":{"uv":[6,13.75],"uv_size":[0.5,0.25]},"up":{"uv":[8.5,13.25],"uv_size":[0.5,0.5]},"west":{"uv":[6.5,13.75],"uv_size":[0.5,0.25]}}},{"inflate":0.1,"origin":[-1,24.66891,1.55397],"pivot":[0,25.16891,2.55397],"rotation":[82.5,0,0],"size":[2,1,2],"uv":{"down":{"uv":[9.5,13.75],"uv_size":[0.5,-0.5]},"east":{"uv":[7.5,13.75],"uv_size":[0.5,0.25]},"north":{"uv":[7,13.75],"uv_size":[0.5,0.25]},"south":{"uv":[8,13.75],"uv_size":[0.5,0.25]},"up":{"uv":[13.25,9],"uv_size":[0.5,0.5]},"west":{"uv":[8.5,13.75],"uv_size":[0.5,0.25]}}},{"inflate":0.1,"origin":[-1,24.66891,-3.55397],"pivot":[0,25.16891,-2.55397],"rotation":[-82.5,0,0],"size":[2,1,2],"uv":{"down":{"uv":[10,13.75],"uv_size":[0.5,-0.5]},"east":{"uv":[13.75,9],"uv_size":[0.5,0.25]},"north":{"uv":[9,13.75],"uv_size":[0.5,0.25]},"south":{"uv":[13.75,9.25],"uv_size":[0.5,0.25]},"up":{"uv":[13.25,9.5],"uv_size":[0.5,0.5]},"west":{"uv":[9.5,13.75],"uv_size":[0.5,0.25]}}}],"name":"bone2","pivot":[0,0,0]},{"name":"pick","pivot":[-14.2,22.7,0],"rotation":[0,0,63]},{"cubes":[{"inflate":0.4,"origin":[-10.44,23.46,-0.44],"size":[0.88,11.08,0.88],"uv":{"down":{"uv":[13,13.96875],"uv_size":[0.21875,-0.21875]},"east":{"uv":[0.5,12.75],"uv_size":[0.21875,2.78125]},"north":{"uv":[3.75,11.5],"uv_size":[0.21875,2.78125]},"south":{"uv":[0.75,12.75],"uv_size":[0.21875,2.78125]},"up":{"uv":[11.25,13.75],"uv_size":[0.21875,0.21875]},"west":{"uv":[1,12.75],"uv_size":[0.21875,2.78125]}}},{"inflate":0.6,"origin":[-10.36,22.94,-0.36],"pivot":[-10,23.3,0],"rotation":[0,0,45],"size":[0.72,0.72,0.72],"uv":{"down":{"uv":[14,0.1875],"uv_size":[0.1875,-0.1875]},"east":{"uv":[13.25,13.75],"uv_size":[0.1875,0.1875]},"north":{"uv":[13.75,13],"uv_size":[0.1875,0.1875]},"south":{"uv":[13.75,13.25],"uv_size":[0.1875,0.1875]},"up":{"uv":[13.75,13.75],"uv_size":[0.1875,0.1875]},"west":{"uv":[13.5,13.75],"uv_size":[0.1875,0.1875]}}},{"origin":[-10.6,34.7,-0.6],"size":[1.2,7.8,1.2],"uv":{"down":{"uv":[10,14.0625],"uv_size":[0.3125,-0.3125]},"east":{"uv":[1.75,12.75],"uv_size":[0.3125,1.9375]},"north":{"uv":[1.25,12.75],"uv_size":[0.3125,1.9375]},"south":{"uv":[2.25,12.75],"uv_size":[0.3125,1.9375]},"up":{"uv":[13.75,9.5],"uv_size":[0.3125,0.3125]},"west":{"uv":[2.75,12.75],"uv_size":[0.3125,1.9375]}}},{"inflate":0.31,"origin":[-12.276,40.824,-0.476],"size":[4.552,4.552,0.952],"uv":{"down":{"uv":[12.25,10.25],"uv_size":[1.125,-0.25]},"east":{"uv":[3.25,12.75],"uv_size":[0.25,1.125]},"north":{"uv":[9,11.5],"uv_size":[1.125,1.125]},"south":{"uv":[10.25,11.5],"uv_size":[1.125,1.125]},"up":{"uv":[11,10.75],"uv_size":[1.125,0.25]},"west":{"uv":[3.5,12.75],"uv_size":[0.25,1.125]}}},{"origin":[-12.4,40.7,-0.825],"size":[4.8,4.8,0],"uv":{"down":{"uv":[0,0],"uv_size":[1.1875,0]},"north":{"uv":[11,9],"uv_size":[1.1875,1.1875]},"south":{"uv":[0,11.5],"uv_size":[1.1875,1.1875]},"up":{"uv":[0,0],"uv_size":[1.1875,0]}}},{"origin":[-12.4,40.7,0.825],"size":[4.8,4.8,0],"uv":{"down":{"uv":[0,0],"uv_size":[1.1875,0]},"north":{"uv":[1.25,11.5],"uv_size":[1.1875,1.1875]},"south":{"uv":[2.5,11.5],"uv_size":[1.1875,1.1875]},"up":{"uv":[0,0],"uv_size":[1.1875,0]}}},{"origin":[-10.6,45.5,0],"size":[1.2,1.8,0],"uv":{"down":{"uv":[0,0],"uv_size":[0.3125,0]},"north":{"uv":[10.5,13.25],"uv_size":[0.3125,0.4375]},"south":{"uv":[11,13.25],"uv_size":[0.3125,0.4375]},"up":{"uv":[0,0],"uv_size":[0.3125,0]}}},{"inflate":0.001,"origin":[-10.09128,46.897,0.0004],"pivot":[-9.79168,47.7966,0],"rotation":[0,0,40],"size":[1.1992,1.7992,-0.0008],"uv":{"down":{"uv":[0,0],"uv_size":[0.3125,0]},"north":{"uv":[13.5,10],"uv_size":[0.3125,0.4375]},"south":{"uv":[13.5,10.5],"uv_size":[0.3125,0.4375]},"up":{"uv":[0,0],"uv_size":[0.3125,0]}}}],"name":"pick2","parent":"pick","pivot":[-10,28.7,0]},{"cubes":[{"inflate":0.3,"origin":[-18.13669,39.17609,-0.18],"pivot":[-17.65669,39.65609,0],"rotation":[0,0,-55],"size":[2.76,1.56,0.36],"uv":{"down":{"uv":[13.75,12.84375],"uv_size":[0.6875,-0.09375]},"east":{"uv":[14,1.25],"uv_size":[0.09375,0.375]},"north":{"uv":[4,13.25],"uv_size":[0.6875,0.375]},"south":{"uv":[4.75,13.25],"uv_size":[0.6875,0.375]},"up":{"uv":[13.75,12.5],"uv_size":[0.6875,0.09375]},"west":{"uv":[14,1.75],"uv_size":[0.09375,0.375]}}},{"inflate":0.3,"origin":[-17.08,42.62,-0.48],"pivot":[-12.4,43.1,0],"rotation":[0,0,-22.5],"size":[4.56,1.56,0.96],"uv":{"down":{"uv":[13,11.25],"uv_size":[1.125,-0.25]},"east":{"uv":[10.75,13.75],"uv_size":[0.25,0.375]},"north":{"uv":[7.5,12.75],"uv_size":[1.125,0.375]},"south":{"uv":[8.75,12.75],"uv_size":[1.125,0.375]},"up":{"uv":[10,13],"uv_size":[1.125,0.25]},"west":{"uv":[11,13.75],"uv_size":[0.25,0.375]}}}],"name":"bone3","parent":"pick2","pivot":[-12.4,43.1,0],"rotation":[0,0,12.5]},{"cubes":[{"inflate":0.3,"origin":[-4.62331,39.17609,-0.18],"pivot":[-2.34331,39.65609,0],"rotation":[0,0,55],"size":[2.76,1.56,0.36],"uv":{"down":{"uv":[13.75,12.34375],"uv_size":[0.6875,-0.09375]},"east":{"uv":[14,0.25],"uv_size":[0.09375,0.375]},"north":{"uv":[13,12.5],"uv_size":[0.6875,0.375]},"south":{"uv":[13,13],"uv_size":[0.6875,0.375]},"up":{"uv":[13.75,12],"uv_size":[0.6875,0.09375]},"west":{"uv":[14,0.75],"uv_size":[0.09375,0.375]}}},{"inflate":0.3,"origin":[-7.48,42.62,-0.48],"pivot":[-7.6,43.1,0],"rotation":[0,0,22.5],"size":[4.56,1.56,0.96],"uv":{"down":{"uv":[10,13],"uv_size":[1.125,-0.25]},"east":{"uv":[11.25,12.75],"uv_size":[0.25,0.375]},"north":{"uv":[5,12.75],"uv_size":[1.125,0.375]},"south":{"uv":[6.25,12.75],"uv_size":[1.125,0.375]},"up":{"uv":[12.25,10.75],"uv_size":[1.125,0.25]},"west":{"uv":[10.5,13.75],"uv_size":[0.25,0.375]}}}],"name":"bone4","parent":"pick2","pivot":[-7.6,43.1,0],"rotation":[0,0,-12.5]}],"description":{"identifier":"geometry.pedestal_tntpickaxe","texture_height":16,"texture_width":16,"visible_bounds_height":3.5,"visible_bounds_offset":[0,1.25,0],"visible_bounds_width":3}}]}