{"format_version":"1.12.0","minecraft:geometry":[{"bones":[{"cubes":[{"origin":[-4,0.1,-4],"size":[8,14,8],"uv":{"down":{"uv":[36,44],"uv_size":[8,-8]},"east":{"uv":[32,0],"uv_size":[8,14]},"north":{"uv":[0,32],"uv_size":[8,14]},"south":{"uv":[8,32],"uv_size":[8,14]},"up":{"uv":[36,28],"uv_size":[8,8]},"west":{"uv":[32,14],"uv_size":[8,14]}}},{"origin":[-4.47487,2,-6.97487],"pivot":[-2.47487,1,-2.47487],"rotation":[25,45,0],"size":[4,2,9],"uv":{"down":{"uv":[24,51],"uv_size":[4,-9]},"east":{"uv":[48,25],"uv_size":[9,2]},"north":{"uv":[53,48],"uv_size":[4,2]},"south":{"uv":[53,50],"uv_size":[4,2]},"up":{"uv":[40,12],"uv_size":[4,9]},"west":{"uv":[48,27],"uv_size":[9,2]}}},{"origin":[0.47487,2,-6.97487],"pivot":[2.47487,1,-2.47487],"rotation":[25,-45,0],"size":[4,2,9],"uv":{"down":{"uv":[32,51],"uv_size":[4,-9]},"east":{"uv":[48,29],"uv_size":[9,2]},"north":{"uv":[53,52],"uv_size":[4,2]},"south":{"uv":[6,54],"uv_size":[4,2]},"up":{"uv":[28,42],"uv_size":[4,9]},"west":{"uv":[48,31],"uv_size":[9,2]}}},{"origin":[0.47487,2,-2.02513],"pivot":[2.47487,1,2.47487],"rotation":[-25,45,0],"size":[4,2,9],"uv":{"down":{"uv":[44,30],"uv_size":[4,-9]},"east":{"uv":[48,33],"uv_size":[9,2]},"north":{"uv":[44,54],"uv_size":[4,2]},"south":{"uv":[54,46],"uv_size":[4,2]},"up":{"uv":[44,12],"uv_size":[4,9]},"west":{"uv":[48,35],"uv_size":[9,2]}}},{"origin":[-4.47487,2,-2.02513],"pivot":[-2.47487,1,2.47487],"rotation":[-25,-45,0],"size":[4,2,9],"uv":{"down":{"uv":[36,53],"uv_size":[4,-9]},"east":{"uv":[48,37],"uv_size":[9,2]},"north":{"uv":[53,54],"uv_size":[4,2]},"south":{"uv":[55,16],"uv_size":[4,2]},"up":{"uv":[44,30],"uv_size":[4,9]},"west":{"uv":[40,48],"uv_size":[9,2]}}},{"origin":[-8,0,-8],"size":[16,2,16],"uv":{"down":{"uv":[0,32],"uv_size":[16,-16]},"east":{"uv":[40,44],"uv_size":[16,2]},"north":{"uv":[44,39],"uv_size":[16,2]},"south":{"uv":[44,41],"uv_size":[16,2]},"up":{"uv":[0,0],"uv_size":[16,16]},"west":{"uv":[0,46],"uv_size":[16,2]}}},{"origin":[-5,11,-5],"size":[10,2,10],"uv":{"down":{"uv":[26,42],"uv_size":[10,-10]},"east":{"uv":[0,48],"uv_size":[10,2]},"north":{"uv":[40,46],"uv_size":[10,2]},"south":{"uv":[48,12],"uv_size":[10,2]},"up":{"uv":[16,32],"uv_size":[10,10]},"west":{"uv":[48,14],"uv_size":[10,2]}}},{"origin":[-8,13,-8],"size":[16,3,16],"uv":{"down":{"uv":[16,32],"uv_size":[16,-16]},"east":{"uv":[40,3],"uv_size":[16,3]},"north":{"uv":[40,0],"uv_size":[16,3]},"south":{"uv":[40,6],"uv_size":[16,3]},"up":{"uv":[16,0],"uv_size":[16,16]},"west":{"uv":[40,9],"uv_size":[16,3]}}},{"origin":[-1,16,-1],"size":[2,8,2],"uv":{"down":{"uv":[57,6],"uv_size":[2,-2]},"east":{"uv":[0,50],"uv_size":[2,8]},"north":{"uv":[49,48],"uv_size":[2,8]},"south":{"uv":[2,50],"uv_size":[2,8]},"up":{"uv":[55,56],"uv_size":[2,2]},"west":{"uv":[4,50],"uv_size":[2,8]}}},{"inflate":0.1,"origin":[-1,23,-1],"size":[2,1,2],"uv":{"down":{"uv":[10,59],"uv_size":[2,-2]},"east":{"uv":[58,31],"uv_size":[2,1]},"north":{"uv":[30,58],"uv_size":[2,1]},"south":{"uv":[58,32],"uv_size":[2,1]},"up":{"uv":[57,6],"uv_size":[2,2]},"west":{"uv":[58,33],"uv_size":[2,1]}}},{"inflate":0.1,"origin":[-1,22.46962,-3.02058],"pivot":[0,22.96962,-0.02058],"rotation":[-30,0,0],"size":[2,1,2],"uv":{"down":{"uv":[14,59],"uv_size":[2,-2]},"east":{"uv":[58,35],"uv_size":[2,1]},"north":{"uv":[58,34],"uv_size":[2,1]},"south":{"uv":[36,58],"uv_size":[2,1]},"up":{"uv":[12,57],"uv_size":[2,2]},"west":{"uv":[58,36],"uv_size":[2,1]}}},{"inflate":0.1,"origin":[-1,22.46962,1.02058],"pivot":[0,22.96962,0.02058],"rotation":[30,0,0],"size":[2,1,2],"uv":{"down":{"uv":[57,22],"uv_size":[2,-2]},"east":{"uv":[40,58],"uv_size":[2,1]},"north":{"uv":[38,58],"uv_size":[2,1]},"south":{"uv":[42,58],"uv_size":[2,1]},"up":{"uv":[57,18],"uv_size":[2,2]},"west":{"uv":[44,58],"uv_size":[2,1]}}},{"inflate":0.1,"origin":[-1,24.66891,1.55397],"pivot":[0,25.16891,2.55397],"rotation":[82.5,0,0],"size":[2,1,2],"uv":{"down":{"uv":[57,27],"uv_size":[2,-2]},"east":{"uv":[58,46],"uv_size":[2,1]},"north":{"uv":[46,58],"uv_size":[2,1]},"south":{"uv":[58,47],"uv_size":[2,1]},"up":{"uv":[57,22],"uv_size":[2,2]},"west":{"uv":[48,58],"uv_size":[2,1]}}},{"inflate":0.1,"origin":[-1,24.66891,-3.55397],"pivot":[0,25.16891,-2.55397],"rotation":[-82.5,0,0],"size":[2,1,2],"uv":{"down":{"uv":[57,31],"uv_size":[2,-2]},"east":{"uv":[58,51],"uv_size":[2,1]},"north":{"uv":[58,50],"uv_size":[2,1]},"south":{"uv":[58,52],"uv_size":[2,1]},"up":{"uv":[57,27],"uv_size":[2,2]},"west":{"uv":[58,53],"uv_size":[2,1]}}}],"name":"bone2","pivot":[0,0,0]},{"cubes":[{"inflate":0.025,"origin":[-1.27229,31.02363,-0.92825],"size":[3.7165,2.7865,1.8565],"uv":{"down":{"uv":[40,28],"uv_size":[4,-2]},"east":{"uv":[55,18],"uv_size":[2,3]},"north":{"uv":[32,28],"uv_size":[4,3]},"south":{"uv":[40,21],"uv_size":[4,3]},"up":{"uv":[40,24],"uv_size":[4,2]},"west":{"uv":[55,21],"uv_size":[2,3]}}},{"origin":[-0.34404,11.49188,-0.93],"size":[1.86,20.46,1.86],"uv":{"down":{"uv":[56,4],"uv_size":[2,-2]},"east":{"uv":[18,42],"uv_size":[2,20]},"north":{"uv":[16,42],"uv_size":[2,20]},"south":{"uv":[20,42],"uv_size":[2,20]},"up":{"uv":[56,0],"uv_size":[2,2]},"west":{"uv":[22,42],"uv_size":[2,20]}}},{"inflate":0.2,"origin":[-1.02754,26.38588,-0.916],"size":[0.902,3.692,1.832],"uv":{"down":{"uv":[3,60],"uv_size":[1,-2]},"east":{"uv":[6,50],"uv_size":[2,4]},"north":{"uv":[48,54],"uv_size":[1,4]},"south":{"uv":[56,4],"uv_size":[1,4]},"up":{"uv":[58,1],"uv_size":[1,2]},"west":{"uv":[8,50],"uv_size":[2,4]}}},{"inflate":0.2,"origin":[1.29746,26.38588,-0.916],"size":[0.902,3.692,1.832],"uv":{"down":{"uv":[5,60],"uv_size":[1,-2]},"east":{"uv":[45,50],"uv_size":[2,4]},"north":{"uv":[6,56],"uv_size":[1,4]},"south":{"uv":[7,56],"uv_size":[1,4]},"up":{"uv":[4,58],"uv_size":[1,2]},"west":{"uv":[47,50],"uv_size":[2,4]}}},{"inflate":0.2,"origin":[-0.33004,11.50588,-0.916],"size":[1.832,9.272,1.832],"uv":{"down":{"uv":[56,10],"uv_size":[2,-2]},"east":{"uv":[12,48],"uv_size":[2,9]},"north":{"uv":[10,48],"uv_size":[2,9]},"south":{"uv":[14,48],"uv_size":[2,9]},"up":{"uv":[8,56],"uv_size":[2,2]},"west":{"uv":[48,16],"uv_size":[2,9]}}}],"name":"frenzy","pivot":[0.58596,25.34888,0],"rotation":[0,0,59]},{"cubes":[{"inflate":0.05,"origin":[6.32617,31.40258,-0.4615],"pivot":[1.20767,32.09658,0],"rotation":[0,0,-22.5],"size":[1.853,2.783,0.923],"uv":{"down":{"uv":[8,59],"uv_size":[2,-1]},"east":{"uv":[57,31],"uv_size":[1,3]},"north":{"uv":[24,55],"uv_size":[2,3]},"south":{"uv":[26,55],"uv_size":[2,3]},"up":{"uv":[58,3],"uv_size":[2,1]},"west":{"uv":[32,57],"uv_size":[1,3]}}},{"inflate":0.05,"origin":[1.28696,30.09538,-0.9265],"pivot":[1.98096,32.41688,0],"rotation":[0,0,-22.5],"size":[1.853,3.713,1.853],"uv":{"down":{"uv":[44,58],"uv_size":[2,-2]},"east":{"uv":[26,51],"uv_size":[2,4]},"north":{"uv":[24,51],"uv_size":[2,4]},"south":{"uv":[28,51],"uv_size":[2,4]},"up":{"uv":[56,10],"uv_size":[2,2]},"west":{"uv":[30,51],"uv_size":[2,4]}}},{"inflate":0.05,"origin":[1.51946,31.72288,-0.4615],"pivot":[1.98096,32.41688,0],"rotation":[0,0,-22.5],"size":[4.643,2.783,0.923],"uv":{"down":{"uv":[49,44],"uv_size":[5,-1]},"east":{"uv":[33,57],"uv_size":[1,3]},"north":{"uv":[50,16],"uv_size":[5,3]},"south":{"uv":[50,19],"uv_size":[5,3]},"up":{"uv":[44,43],"uv_size":[5,1]},"west":{"uv":[34,57],"uv_size":[1,3]}}}],"name":"bone4","parent":"frenzy","pivot":[1.93994,30.64246,0]},{"cubes":[{"inflate":0.075,"origin":[6.14264,29.33548,-0.45975],"pivot":[1.02239,31.88773,0],"rotation":[0,0,-22.5],"size":[3.7095,1.8495,0.9195],"uv":{"down":{"uv":[56,45],"uv_size":[4,-1]},"east":{"uv":[58,8],"uv_size":[1,2]},"north":{"uv":[50,46],"uv_size":[4,2]},"south":{"uv":[32,51],"uv_size":[4,2]},"up":{"uv":[32,31],"uv_size":[4,1]},"west":{"uv":[58,10],"uv_size":[1,2]}}},{"inflate":0.025,"origin":[9.30742,30.11084,-0.46325],"pivot":[10.03824,30.46616,0],"rotation":[0,0,-23],"size":[1.8565,2.7865,0.9265],"uv":{"down":{"uv":[58,14],"uv_size":[2,-1]},"east":{"uv":[57,34],"uv_size":[1,3]},"north":{"uv":[28,55],"uv_size":[2,3]},"south":{"uv":[30,55],"uv_size":[2,3]},"up":{"uv":[58,12],"uv_size":[2,1]},"west":{"uv":[35,57],"uv_size":[1,3]}}},{"inflate":0.025,"origin":[7.77147,29.40858,-0.46325],"pivot":[10.03824,30.46616,0],"rotation":[0,0,-91.5],"size":[2.7865,0.9265,0.9265],"uv":{"down":{"uv":[57,50],"uv_size":[3,-1]},"east":{"uv":[44,53],"uv_size":[1,1]},"north":{"uv":[57,37],"uv_size":[3,1]},"south":{"uv":[57,38],"uv_size":[3,1]},"up":{"uv":[57,48],"uv_size":[3,1]},"west":{"uv":[50,58],"uv_size":[1,1]}}}],"name":"bone5","parent":"bone4","pivot":[9.35358,30.21283,0],"rotation":[0,0,8.5]},{"name":"bone3","parent":"frenzy","pivot":[5.27115,32.86997,0.06651]},{"cubes":[{"inflate":0.05,"origin":[-7.00726,31.40258,-0.4615],"pivot":[-0.03576,32.09658,0],"rotation":[0,0,22.5],"size":[1.853,2.783,0.923],"uv":{"down":{"uv":[58,16],"uv_size":[2,-1]},"east":{"uv":[57,50],"uv_size":[1,3]},"north":{"uv":[36,55],"uv_size":[2,3]},"south":{"uv":[38,55],"uv_size":[2,3]},"up":{"uv":[58,14],"uv_size":[2,1]},"west":{"uv":[51,57],"uv_size":[1,3]}}},{"inflate":0.05,"origin":[-1.96804,30.09538,-0.9265],"pivot":[-0.80904,32.41688,0],"rotation":[0,0,22.5],"size":[1.853,3.713,1.853],"uv":{"down":{"uv":[49,58],"uv_size":[2,-2]},"east":{"uv":[51,52],"uv_size":[2,4]},"north":{"uv":[51,48],"uv_size":[2,4]},"south":{"uv":[32,53],"uv_size":[2,4]},"up":{"uv":[46,56],"uv_size":[2,2]},"west":{"uv":[34,53],"uv_size":[2,4]}}},{"inflate":0.05,"origin":[-4.99054,31.72288,-0.4615],"pivot":[-0.80904,32.41688,0],"rotation":[0,0,22.5],"size":[4.643,2.783,0.923],"uv":{"down":{"uv":[55,25],"uv_size":[5,-1]},"east":{"uv":[52,57],"uv_size":[1,3]},"north":{"uv":[50,22],"uv_size":[5,3]},"south":{"uv":[40,50],"uv_size":[5,3]},"up":{"uv":[54,43],"uv_size":[5,1]},"west":{"uv":[53,57],"uv_size":[1,3]}}}],"name":"bone6","parent":"frenzy","pivot":[-0.85006,30.64246,0]},{"cubes":[{"inflate":0.075,"origin":[-8.68022,29.33548,-0.45975],"pivot":[0.14953,31.88773,0],"rotation":[0,0,22.5],"size":[3.7095,1.8495,0.9195],"uv":{"down":{"uv":[51,57],"uv_size":[4,-1]},"east":{"uv":[24,58],"uv_size":[1,2]},"north":{"uv":[36,53],"uv_size":[4,2]},"south":{"uv":[40,53],"uv_size":[4,2]},"up":{"uv":[56,45],"uv_size":[4,1]},"west":{"uv":[25,58],"uv_size":[1,2]}}},{"inflate":0.025,"origin":[-9.99201,30.11084,-0.46325],"pivot":[-8.86633,30.46616,0],"rotation":[0,0,23],"size":[1.8565,2.7865,0.9265],"uv":{"down":{"uv":[28,59],"uv_size":[2,-1]},"east":{"uv":[57,53],"uv_size":[1,3]},"north":{"uv":[40,55],"uv_size":[2,3]},"south":{"uv":[42,55],"uv_size":[2,3]},"up":{"uv":[26,58],"uv_size":[2,1]},"west":{"uv":[54,57],"uv_size":[1,3]}}},{"inflate":0.025,"origin":[-9.38606,29.40858,-0.46325],"pivot":[-8.86633,30.46616,0],"rotation":[0,0,91.5],"size":[2.7865,0.9265,0.9265],"uv":{"down":{"uv":[58,1],"uv_size":[3,-1]},"east":{"uv":[58,54],"uv_size":[1,1]},"north":{"uv":[57,56],"uv_size":[3,1]},"south":{"uv":[57,57],"uv_size":[3,1]},"up":{"uv":[0,58],"uv_size":[3,1]},"west":{"uv":[55,58],"uv_size":[1,1]}}}],"name":"bone","parent":"bone6","pivot":[-8.2637,30.21283,0],"rotation":[0,0,-8.5]}],"description":{"identifier":"geometry.pedestal_frenzypickaxe","texture_height":64,"texture_width":64,"visible_bounds_height":4.5,"visible_bounds_offset":[0,1.75,0],"visible_bounds_width":3}}]}