{"format_version":"1.12.0","minecraft:geometry":[{"bones":[{"cubes":[{"origin":[-4,0.1,-4],"size":[8,14,8],"uv":{"down":{"uv":[36,44],"uv_size":[8,-8]},"east":{"uv":[32,0],"uv_size":[8,14]},"north":{"uv":[0,32],"uv_size":[8,14]},"south":{"uv":[8,32],"uv_size":[8,14]},"up":{"uv":[36,28],"uv_size":[8,8]},"west":{"uv":[32,14],"uv_size":[8,14]}}},{"origin":[-4.47487,2,-6.97487],"pivot":[-2.47487,1,-2.47487],"rotation":[25,45,0],"size":[4,2,9],"uv":{"down":{"uv":[16,51],"uv_size":[4,-9]},"east":{"uv":[36,46],"uv_size":[9,2]},"north":{"uv":[48,27],"uv_size":[4,2]},"south":{"uv":[44,48],"uv_size":[4,2]},"up":{"uv":[40,12],"uv_size":[4,9]},"west":{"uv":[45,46],"uv_size":[9,2]}}},{"origin":[0.47487,2,-6.97487],"pivot":[2.47487,1,-2.47487],"rotation":[25,-45,0],"size":[4,2,9],"uv":{"down":{"uv":[24,51],"uv_size":[4,-9]},"east":{"uv":[48,12],"uv_size":[9,2]},"north":{"uv":[48,48],"uv_size":[4,2]},"south":{"uv":[44,50],"uv_size":[4,2]},"up":{"uv":[20,42],"uv_size":[4,9]},"west":{"uv":[48,14],"uv_size":[9,2]}}},{"origin":[0.47487,2,-2.02513],"pivot":[2.47487,1,2.47487],"rotation":[-25,45,0],"size":[4,2,9],"uv":{"down":{"uv":[32,51],"uv_size":[4,-9]},"east":{"uv":[48,16],"uv_size":[9,2]},"north":{"uv":[48,50],"uv_size":[4,2]},"south":{"uv":[16,51],"uv_size":[4,2]},"up":{"uv":[28,42],"uv_size":[4,9]},"west":{"uv":[48,18],"uv_size":[9,2]}}},{"origin":[-4.47487,2,-2.02513],"pivot":[-2.47487,1,2.47487],"rotation":[-25,-45,0],"size":[4,2,9],"uv":{"down":{"uv":[44,30],"uv_size":[4,-9]},"east":{"uv":[48,20],"uv_size":[9,2]},"north":{"uv":[20,51],"uv_size":[4,2]},"south":{"uv":[24,51],"uv_size":[4,2]},"up":{"uv":[44,12],"uv_size":[4,9]},"west":{"uv":[48,22],"uv_size":[9,2]}}},{"origin":[-8,0,-8],"size":[16,2,16],"uv":{"down":{"uv":[0,32],"uv_size":[16,-16]},"east":{"uv":[44,32],"uv_size":[16,2]},"north":{"uv":[44,30],"uv_size":[16,2]},"south":{"uv":[44,34],"uv_size":[16,2]},"up":{"uv":[0,0],"uv_size":[16,16]},"west":{"uv":[36,44],"uv_size":[16,2]}}},{"origin":[-5,11,-5],"size":[10,2,10],"uv":{"down":{"uv":[26,42],"uv_size":[10,-10]},"east":{"uv":[44,38],"uv_size":[10,2]},"north":{"uv":[44,36],"uv_size":[10,2]},"south":{"uv":[44,40],"uv_size":[10,2]},"up":{"uv":[16,32],"uv_size":[10,10]},"west":{"uv":[44,42],"uv_size":[10,2]}}},{"origin":[-8,13,-8],"size":[16,3,16],"uv":{"down":{"uv":[16,32],"uv_size":[16,-16]},"east":{"uv":[40,3],"uv_size":[16,3]},"north":{"uv":[40,0],"uv_size":[16,3]},"south":{"uv":[40,6],"uv_size":[16,3]},"up":{"uv":[16,0],"uv_size":[16,16]},"west":{"uv":[40,9],"uv_size":[16,3]}}},{"origin":[-1,16,-1],"size":[2,8,2],"uv":{"down":{"uv":[54,54],"uv_size":[2,-2]},"east":{"uv":[10,46],"uv_size":[2,8]},"north":{"uv":[8,46],"uv_size":[2,8]},"south":{"uv":[12,46],"uv_size":[2,8]},"up":{"uv":[52,54],"uv_size":[2,2]},"west":{"uv":[14,46],"uv_size":[2,8]}}},{"inflate":0.1,"origin":[-1,23,-1],"size":[2,1,2],"uv":{"down":{"uv":[55,26],"uv_size":[2,-2]},"east":{"uv":[56,27],"uv_size":[2,1]},"north":{"uv":[26,56],"uv_size":[2,1]},"south":{"uv":[28,56],"uv_size":[2,1]},"up":{"uv":[54,54],"uv_size":[2,2]},"west":{"uv":[56,28],"uv_size":[2,1]}}},{"inflate":0.1,"origin":[-1,22.46962,-3.02058],"pivot":[0,22.96962,-0.02058],"rotation":[-30,0,0],"size":[2,1,2],"uv":{"down":{"uv":[34,57],"uv_size":[2,-2]},"east":{"uv":[56,36],"uv_size":[2,1]},"north":{"uv":[30,56],"uv_size":[2,1]},"south":{"uv":[56,37],"uv_size":[2,1]},"up":{"uv":[32,55],"uv_size":[2,2]},"west":{"uv":[38,56],"uv_size":[2,1]}}},{"inflate":0.1,"origin":[-1,22.46962,1.02058],"pivot":[0,22.96962,0.02058],"rotation":[30,0,0],"size":[2,1,2],"uv":{"down":{"uv":[40,57],"uv_size":[2,-2]},"east":{"uv":[56,39],"uv_size":[2,1]},"north":{"uv":[56,38],"uv_size":[2,1]},"south":{"uv":[56,44],"uv_size":[2,1]},"up":{"uv":[36,55],"uv_size":[2,2]},"west":{"uv":[56,45],"uv_size":[2,1]}}},{"inflate":0.1,"origin":[-1,24.66891,1.55397],"pivot":[0,25.16891,2.55397],"rotation":[82.5,0,0],"size":[2,1,2],"uv":{"down":{"uv":[42,57],"uv_size":[2,-2]},"east":{"uv":[47,56],"uv_size":[2,1]},"north":{"uv":[56,46],"uv_size":[2,1]},"south":{"uv":[49,56],"uv_size":[2,1]},"up":{"uv":[55,40],"uv_size":[2,2]},"west":{"uv":[51,56],"uv_size":[2,1]}}},{"inflate":0.1,"origin":[-1,24.66891,-3.55397],"pivot":[0,25.16891,-2.55397],"rotation":[-82.5,0,0],"size":[2,1,2],"uv":{"down":{"uv":[44,57],"uv_size":[2,-2]},"east":{"uv":[53,56],"uv_size":[2,1]},"north":{"uv":[56,52],"uv_size":[2,1]},"south":{"uv":[56,53],"uv_size":[2,1]},"up":{"uv":[55,42],"uv_size":[2,2]},"west":{"uv":[56,54],"uv_size":[2,1]}}}],"name":"bone2","pivot":[0,0,0]},{"cubes":[{"origin":[-6.575,20.95,-1],"pivot":[-6.075,23.45,0],"rotation":[0,0,45],"size":[3,3,2],"uv":{"down":{"uv":[33,53],"uv_size":[3,-2]},"east":{"uv":[51,24],"uv_size":[2,3]},"north":{"uv":[32,28],"uv_size":[3,3]},"south":{"uv":[40,21],"uv_size":[3,3]},"up":{"uv":[30,51],"uv_size":[3,2]},"west":{"uv":[28,51],"uv_size":[2,3]}}},{"inflate":-0.025,"origin":[-7.075,21.95,-1],"size":[2,15,2],"uv":{"down":{"uv":[32,55],"uv_size":[2,-2]},"east":{"uv":[2,46],"uv_size":[2,15]},"north":{"uv":[0,46],"uv_size":[2,15]},"south":{"uv":[4,46],"uv_size":[2,15]},"up":{"uv":[52,44],"uv_size":[2,2]},"west":{"uv":[6,46],"uv_size":[2,15]}}},{"inflate":-0.025,"origin":[-6.325,37.67868,-1.5],"pivot":[-6.075,38.67868,0],"rotation":[0,0,90],"size":[2,2,2],"uv":{"down":{"uv":[54,29],"uv_size":[2,-2]},"east":{"uv":[8,54],"uv_size":[2,2]},"north":{"uv":[34,53],"uv_size":[2,2]},"south":{"uv":[10,54],"uv_size":[2,2]},"up":{"uv":[14,54],"uv_size":[2,2]},"west":{"uv":[12,54],"uv_size":[2,2]}}},{"origin":[-6.075,36.75368,-0.5],"pivot":[-6.075,38.67868,0],"rotation":[0,0,-79],"size":[2,2,0],"uv":{"down":{"uv":[0,0],"uv_size":[2,0]},"east":{"uv":[0,0],"uv_size":[0,2]},"north":{"uv":[28,54],"uv_size":[2,2]},"south":{"uv":[54,36],"uv_size":[2,2]},"up":{"uv":[0,0],"uv_size":[2,0]},"west":{"uv":[0,0],"uv_size":[0,2]}}},{"origin":[-8.075,36.75368,-0.5],"pivot":[-6.075,38.67868,0],"rotation":[0,0,79],"size":[2,2,0],"uv":{"down":{"uv":[0,0],"uv_size":[2,0]},"east":{"uv":[0,0],"uv_size":[0,2]},"north":{"uv":[38,54],"uv_size":[2,2]},"south":{"uv":[54,38],"uv_size":[2,2]},"up":{"uv":[0,0],"uv_size":[2,0]},"west":{"uv":[0,0],"uv_size":[0,2]}}},{"origin":[-5.575,36.17868,-1.5],"pivot":[-6.075,37.67868,-0.5],"rotation":[0,25,90],"size":[3,3,2],"uv":{"down":{"uv":[41,54],"uv_size":[3,-2]},"east":{"uv":[52,27],"uv_size":[2,3]},"north":{"uv":[40,24],"uv_size":[3,3]},"south":{"uv":[48,24],"uv_size":[3,3]},"up":{"uv":[38,52],"uv_size":[3,2]},"west":{"uv":[36,52],"uv_size":[2,3]}}},{"inflate":0.025,"origin":[-6.075,37.17868,-0.5],"pivot":[-6.075,38.67868,0],"rotation":[0,0,90],"size":[2,3,1],"uv":{"down":{"uv":[11,57],"uv_size":[2,-1]},"east":{"uv":[55,44],"uv_size":[1,3]},"north":{"uv":[44,52],"uv_size":[2,3]},"south":{"uv":[46,52],"uv_size":[2,3]},"up":{"uv":[50,55],"uv_size":[2,1]},"west":{"uv":[46,55],"uv_size":[1,3]}}}],"name":"bb_main2","pivot":[-6.075,22.95,0],"rotation":[0,0,65]},{"cubes":[{"inflate":0.1,"origin":[-9.125,37.42868,-0.5],"pivot":[-7.075,38.42868,0],"rotation":[0,0,-44.75],"size":[2,4,1],"uv":{"down":{"uv":[13,57],"uv_size":[2,-1]},"east":{"uv":[35,28],"uv_size":[1,4]},"north":{"uv":[36,48],"uv_size":[2,4]},"south":{"uv":[38,48],"uv_size":[2,4]},"up":{"uv":[56,11],"uv_size":[2,1]},"west":{"uv":[43,21],"uv_size":[1,4]}}}],"name":"bone12","parent":"bb_main2","pivot":[-7.075,38.42868,0],"rotation":[0,0,-20.5]},{"cubes":[{"origin":[-14.31068,39.2424,-0.5],"pivot":[-10.81068,41.2424,0],"rotation":[0,0,-44.75],"size":[4,1,1],"uv":{"down":{"uv":[40,55],"uv_size":[4,-1]},"east":{"uv":[55,56],"uv_size":[1,1]},"north":{"uv":[40,27],"uv_size":[4,1]},"south":{"uv":[48,29],"uv_size":[4,1]},"up":{"uv":[54,29],"uv_size":[4,1]},"west":{"uv":[56,55],"uv_size":[1,1]}}},{"inflate":0.1,"origin":[-12.31068,39.2424,-0.5],"pivot":[-10.81068,41.2424,0],"rotation":[0,0,-44.75],"size":[1,1,1],"uv":{"down":{"uv":[12,58],"uv_size":[1,-1]},"east":{"uv":[8,57],"uv_size":[1,1]},"north":{"uv":[56,56],"uv_size":[1,1]},"south":{"uv":[9,57],"uv_size":[1,1]},"up":{"uv":[11,57],"uv_size":[1,1]},"west":{"uv":[10,57],"uv_size":[1,1]}}},{"inflate":0.025,"origin":[-12.47417,36.13655,-0.5],"pivot":[-11.97417,37.13655,0],"rotation":[0,0,-7],"size":[1,2,1],"uv":{"down":{"uv":[13,58],"uv_size":[1,-1]},"east":{"uv":[15,56],"uv_size":[1,2]},"north":{"uv":[43,25],"uv_size":[1,2]},"south":{"uv":[16,56],"uv_size":[1,2]},"up":{"uv":[57,12],"uv_size":[1,1]},"west":{"uv":[17,56],"uv_size":[1,2]}}},{"origin":[-12.47417,34.13655,0],"pivot":[-11.97417,37.13655,0],"rotation":[0,0,-18.5],"size":[2,3,0],"uv":{"down":{"uv":[0,0],"uv_size":[2,0]},"east":{"uv":[0,0],"uv_size":[0,3]},"north":{"uv":[48,52],"uv_size":[2,3]},"south":{"uv":[52,48],"uv_size":[2,3]},"up":{"uv":[0,0],"uv_size":[2,0]},"west":{"uv":[0,0],"uv_size":[0,3]}}}],"name":"bone11","parent":"bone12","pivot":[-9.97417,40.13655,0],"rotation":[0,0,39.5]},{"cubes":[{"inflate":0.1,"origin":[-5.025,37.42868,-0.5],"pivot":[-5.075,38.42868,0],"rotation":[0,0,44.75],"size":[2,4,1],"uv":{"down":{"uv":[20,57],"uv_size":[2,-1]},"east":{"uv":[54,40],"uv_size":[1,4]},"north":{"uv":[40,48],"uv_size":[2,4]},"south":{"uv":[42,48],"uv_size":[2,4]},"up":{"uv":[18,56],"uv_size":[2,1]},"west":{"uv":[54,44],"uv_size":[1,4]}}}],"name":"bone10","parent":"bb_main2","pivot":[-5.075,38.42868,0],"rotation":[0,0,20.5]},{"cubes":[{"origin":[-1.83932,39.2424,-0.5],"pivot":[-1.33932,41.2424,0],"rotation":[0,0,44.75],"size":[4,1,1],"uv":{"down":{"uv":[54,52],"uv_size":[4,-1]},"east":{"uv":[57,13],"uv_size":[1,1]},"north":{"uv":[54,48],"uv_size":[4,1]},"south":{"uv":[54,49],"uv_size":[4,1]},"up":{"uv":[54,50],"uv_size":[4,1]},"west":{"uv":[14,57],"uv_size":[1,1]}}},{"inflate":0.1,"origin":[-0.83932,39.2424,-0.5],"pivot":[-1.33932,41.2424,0],"rotation":[0,0,44.75],"size":[1,1,1],"uv":{"down":{"uv":[57,19],"uv_size":[1,-1]},"east":{"uv":[57,15],"uv_size":[1,1]},"north":{"uv":[57,14],"uv_size":[1,1]},"south":{"uv":[57,16],"uv_size":[1,1]},"up":{"uv":[18,57],"uv_size":[1,1]},"west":{"uv":[57,17],"uv_size":[1,1]}}},{"inflate":0.025,"origin":[-0.67583,36.13655,-0.5],"pivot":[-0.17583,37.13655,0],"rotation":[0,0,7],"size":[1,2,1],"uv":{"down":{"uv":[57,20],"uv_size":[1,-1]},"east":{"uv":[23,56],"uv_size":[1,2]},"north":{"uv":[22,56],"uv_size":[1,2]},"south":{"uv":[24,56],"uv_size":[1,2]},"up":{"uv":[19,57],"uv_size":[1,1]},"west":{"uv":[25,56],"uv_size":[1,2]}}},{"origin":[-1.67583,34.13655,0],"pivot":[-0.17583,37.13655,0],"rotation":[0,0,18.5],"size":[2,3,0],"uv":{"down":{"uv":[0,0],"uv_size":[2,0]},"east":{"uv":[0,0],"uv_size":[0,3]},"north":{"uv":[50,52],"uv_size":[2,3]},"south":{"uv":[52,51],"uv_size":[2,3]},"up":{"uv":[0,0],"uv_size":[2,0]},"west":{"uv":[0,0],"uv_size":[0,3]}}}],"name":"bone6","parent":"bone10","pivot":[-2.17583,40.13655,0],"rotation":[0,0,-39.5]},{"cubes":[{"origin":[-11.28568,34.8424,-1.225],"pivot":[-8.78568,36.8424,-0.725],"rotation":[0,0,-44.75],"size":[3,1,1],"uv":{"down":{"uv":[55,48],"uv_size":[3,-1]},"east":{"uv":[20,57],"uv_size":[1,1]},"north":{"uv":[32,31],"uv_size":[3,1]},"south":{"uv":[55,26],"uv_size":[3,1]},"up":{"uv":[47,55],"uv_size":[3,1]},"west":{"uv":[57,20],"uv_size":[1,1]}}},{"inflate":0.1,"origin":[-10.28568,34.8424,-1.225],"pivot":[-8.78568,36.8424,-0.725],"rotation":[0,0,-44.75],"size":[1,1,1],"uv":{"down":{"uv":[57,26],"uv_size":[1,-1]},"east":{"uv":[57,21],"uv_size":[1,1]},"north":{"uv":[21,57],"uv_size":[1,1]},"south":{"uv":[57,22],"uv_size":[1,1]},"up":{"uv":[57,24],"uv_size":[1,1]},"west":{"uv":[57,23],"uv_size":[1,1]}}},{"origin":[-10.44917,31.73655,-0.725],"pivot":[-9.94917,32.73655,-0.725],"rotation":[0,0,-7],"size":[2,3,0],"uv":{"down":{"uv":[0,0],"uv_size":[2,0]},"east":{"uv":[0,0],"uv_size":[0,3]},"north":{"uv":[16,53],"uv_size":[2,3]},"south":{"uv":[18,53],"uv_size":[2,3]},"up":{"uv":[0,0],"uv_size":[2,0]},"west":{"uv":[0,0],"uv_size":[0,3]}}}],"name":"bone5","parent":"bb_main2","pivot":[-7.94917,35.73655,-0.725],"rotation":[59.19836,-51.55669,-17.59598]},{"cubes":[{"origin":[-3.86432,34.8424,-1.225],"pivot":[-3.36432,36.8424,-0.725],"rotation":[0,0,44.75],"size":[3,1,1],"uv":{"down":{"uv":[56,4],"uv_size":[3,-1]},"east":{"uv":[26,57],"uv_size":[1,1]},"north":{"uv":[56,0],"uv_size":[3,1]},"south":{"uv":[56,1],"uv_size":[3,1]},"up":{"uv":[56,2],"uv_size":[3,1]},"west":{"uv":[27,57],"uv_size":[1,1]}}},{"inflate":0.1,"origin":[-2.86432,34.8424,-1.225],"pivot":[-3.36432,36.8424,-0.725],"rotation":[0,0,44.75],"size":[1,1,1],"uv":{"down":{"uv":[33,58],"uv_size":[1,-1]},"east":{"uv":[29,57],"uv_size":[1,1]},"north":{"uv":[28,57],"uv_size":[1,1]},"south":{"uv":[30,57],"uv_size":[1,1]},"up":{"uv":[32,57],"uv_size":[1,1]},"west":{"uv":[31,57],"uv_size":[1,1]}}},{"origin":[-3.70083,31.73655,-0.725],"pivot":[-2.20083,32.73655,-0.725],"rotation":[0,0,7],"size":[2,3,0],"uv":{"down":{"uv":[0,0],"uv_size":[2,0]},"east":{"uv":[0,0],"uv_size":[0,3]},"north":{"uv":[20,53],"uv_size":[2,3]},"south":{"uv":[22,53],"uv_size":[2,3]},"up":{"uv":[0,0],"uv_size":[2,0]},"west":{"uv":[0,0],"uv_size":[0,3]}}}],"name":"bone9","parent":"bb_main2","pivot":[-4.20083,35.73655,-0.725],"rotation":[59.19836,51.55669,17.59598]},{"cubes":[{"origin":[-10.68568,33.7424,-1.225],"pivot":[-8.18568,35.7424,-0.725],"rotation":[0,0,-44.75],"size":[3,1,1],"uv":{"down":{"uv":[56,8],"uv_size":[3,-1]},"east":{"uv":[34,57],"uv_size":[1,1]},"north":{"uv":[56,4],"uv_size":[3,1]},"south":{"uv":[56,5],"uv_size":[3,1]},"up":{"uv":[56,6],"uv_size":[3,1]},"west":{"uv":[35,57],"uv_size":[1,1]}}},{"inflate":0.1,"origin":[-9.68568,33.7424,-1.225],"pivot":[-8.18568,35.7424,-0.725],"rotation":[0,0,-44.75],"size":[1,1,1],"uv":{"down":{"uv":[57,41],"uv_size":[1,-1]},"east":{"uv":[37,57],"uv_size":[1,1]},"north":{"uv":[36,57],"uv_size":[1,1]},"south":{"uv":[38,57],"uv_size":[1,1]},"up":{"uv":[40,57],"uv_size":[1,1]},"west":{"uv":[39,57],"uv_size":[1,1]}}},{"origin":[-9.84917,30.63655,-0.725],"pivot":[-9.34917,31.63655,-0.725],"rotation":[0,0,-7],"size":[2,3,0],"uv":{"down":{"uv":[0,0],"uv_size":[2,0]},"east":{"uv":[0,0],"uv_size":[0,3]},"north":{"uv":[24,53],"uv_size":[2,3]},"south":{"uv":[53,24],"uv_size":[2,3]},"up":{"uv":[0,0],"uv_size":[2,0]},"west":{"uv":[0,0],"uv_size":[0,3]}}}],"name":"bone8","parent":"bb_main2","pivot":[-7.34917,34.63655,-0.725],"rotation":[82.41826,-57.39397,-63.95376]},{"cubes":[{"origin":[-4.46432,33.7424,-1.225],"pivot":[-3.96432,35.7424,-0.725],"rotation":[0,0,44.75],"size":[3,1,1],"uv":{"down":{"uv":[56,11],"uv_size":[3,-1]},"east":{"uv":[41,57],"uv_size":[1,1]},"north":{"uv":[8,56],"uv_size":[3,1]},"south":{"uv":[56,8],"uv_size":[3,1]},"up":{"uv":[56,9],"uv_size":[3,1]},"west":{"uv":[57,41],"uv_size":[1,1]}}},{"inflate":0.1,"origin":[-3.46432,33.7424,-1.225],"pivot":[-3.96432,35.7424,-0.725],"rotation":[0,0,44.75],"size":[1,1,1],"uv":{"down":{"uv":[45,58],"uv_size":[1,-1]},"east":{"uv":[57,42],"uv_size":[1,1]},"north":{"uv":[42,57],"uv_size":[1,1]},"south":{"uv":[43,57],"uv_size":[1,1]},"up":{"uv":[44,57],"uv_size":[1,1]},"west":{"uv":[57,43],"uv_size":[1,1]}}},{"origin":[-4.30083,30.63655,-0.725],"pivot":[-2.80083,31.63655,-0.725],"rotation":[0,0,7],"size":[2,3,0],"uv":{"down":{"uv":[0,0],"uv_size":[2,0]},"east":{"uv":[0,0],"uv_size":[0,3]},"north":{"uv":[26,53],"uv_size":[2,3]},"south":{"uv":[30,53],"uv_size":[2,3]},"up":{"uv":[0,0],"uv_size":[2,0]},"west":{"uv":[0,0],"uv_size":[0,3]}}}],"name":"bone7","parent":"bb_main2","pivot":[-4.80083,34.63655,-0.725],"rotation":[82.41826,57.39397,63.95376]}],"description":{"identifier":"geometry.pedestal_webshooterpickaxe","texture_height":64,"texture_width":64,"visible_bounds_height":4.5,"visible_bounds_offset":[0,1.75,0],"visible_bounds_width":3}}]}