{"format_version":"1.12.0","minecraft:geometry":[{"bones":[{"cubes":[{"origin":[-4,0.1,-4],"size":[8,14,8],"uv":{"down":{"uv":[36,44],"uv_size":[8,-8]},"east":{"uv":[32,0],"uv_size":[8,14]},"north":{"uv":[0,32],"uv_size":[8,14]},"south":{"uv":[8,32],"uv_size":[8,14]},"up":{"uv":[36,28],"uv_size":[8,8]},"west":{"uv":[32,14],"uv_size":[8,14]}}},{"origin":[-4.47487,2,-6.97487],"pivot":[-2.47487,1,-2.47487],"rotation":[25,45,0],"size":[4,2,9],"uv":{"down":{"uv":[12,55],"uv_size":[4,-9]},"east":{"uv":[56,57],"uv_size":[9,2]},"north":{"uv":[32,42],"uv_size":[4,2]},"south":{"uv":[44,41],"uv_size":[4,2]},"up":{"uv":[8,46],"uv_size":[4,9]},"west":{"uv":[58,0],"uv_size":[9,2]}}},{"origin":[0.47487,2,-6.97487],"pivot":[2.47487,1,-2.47487],"rotation":[25,-45,0],"size":[4,2,9],"uv":{"down":{"uv":[36,56],"uv_size":[4,-9]},"east":{"uv":[58,2],"uv_size":[9,2]},"north":{"uv":[63,34],"uv_size":[4,2]},"south":{"uv":[63,36],"uv_size":[4,2]},"up":{"uv":[32,47],"uv_size":[4,9]},"west":{"uv":[58,4],"uv_size":[9,2]}}},{"origin":[0.47487,2,-2.02513],"pivot":[2.47487,1,2.47487],"rotation":[-25,45,0],"size":[4,2,9],"uv":{"down":{"uv":[44,56],"uv_size":[4,-9]},"east":{"uv":[58,6],"uv_size":[9,2]},"north":{"uv":[63,63],"uv_size":[4,2]},"south":{"uv":[64,14],"uv_size":[4,2]},"up":{"uv":[40,47],"uv_size":[4,9]},"west":{"uv":[58,8],"uv_size":[9,2]}}},{"origin":[-4.47487,2,-2.02513],"pivot":[-2.47487,1,2.47487],"rotation":[-25,-45,0],"size":[4,2,9],"uv":{"down":{"uv":[48,18],"uv_size":[4,-9]},"east":{"uv":[58,10],"uv_size":[9,2]},"north":{"uv":[16,64],"uv_size":[4,2]},"south":{"uv":[64,16],"uv_size":[4,2]},"up":{"uv":[48,0],"uv_size":[4,9]},"west":{"uv":[58,12],"uv_size":[9,2]}}},{"origin":[-8,0,-8],"size":[16,2,16],"uv":{"down":{"uv":[0,32],"uv_size":[16,-16]},"east":{"uv":[52,26],"uv_size":[16,2]},"north":{"uv":[52,24],"uv_size":[16,2]},"south":{"uv":[52,28],"uv_size":[16,2]},"up":{"uv":[0,0],"uv_size":[16,16]},"west":{"uv":[52,30],"uv_size":[16,2]}}},{"origin":[-5,11,-5],"size":[10,2,10],"uv":{"down":{"uv":[26,42],"uv_size":[10,-10]},"east":{"uv":[54,51],"uv_size":[10,2]},"north":{"uv":[54,49],"uv_size":[10,2]},"south":{"uv":[56,53],"uv_size":[10,2]},"up":{"uv":[16,32],"uv_size":[10,10]},"west":{"uv":[56,55],"uv_size":[10,2]}}},{"origin":[-8,13,-8],"size":[16,3,16],"uv":{"down":{"uv":[16,32],"uv_size":[16,-16]},"east":{"uv":[44,32],"uv_size":[16,3]},"north":{"uv":[32,44],"uv_size":[16,3]},"south":{"uv":[44,35],"uv_size":[16,3]},"up":{"uv":[16,0],"uv_size":[16,16]},"west":{"uv":[44,38],"uv_size":[16,3]}}},{"origin":[-1,16,-1],"size":[2,8,2],"uv":{"down":{"uv":[37,68],"uv_size":[2,-2]},"east":{"uv":[50,61],"uv_size":[2,8]},"north":{"uv":[48,61],"uv_size":[2,8]},"south":{"uv":[52,61],"uv_size":[2,8]},"up":{"uv":[35,66],"uv_size":[2,2]},"west":{"uv":[54,61],"uv_size":[2,8]}}},{"inflate":0.1,"origin":[-1,23,-1],"size":[2,1,2],"uv":{"down":{"uv":[66,42],"uv_size":[2,-2]},"east":{"uv":[68,14],"uv_size":[2,1]},"north":{"uv":[64,52],"uv_size":[2,1]},"south":{"uv":[68,15],"uv_size":[2,1]},"up":{"uv":[66,38],"uv_size":[2,2]},"west":{"uv":[16,68],"uv_size":[2,1]}}},{"inflate":0.1,"origin":[-1,22.46962,-3.02058],"pivot":[0,22.96962,-0.02058],"rotation":[-30,0,0],"size":[2,1,2],"uv":{"down":{"uv":[66,52],"uv_size":[2,-2]},"east":{"uv":[68,17],"uv_size":[2,1]},"north":{"uv":[68,16],"uv_size":[2,1]},"south":{"uv":[18,68],"uv_size":[2,1]},"up":{"uv":[66,48],"uv_size":[2,2]},"west":{"uv":[20,68],"uv_size":[2,1]}}},{"inflate":0.1,"origin":[-1,22.46962,1.02058],"pivot":[0,22.96962,0.02058],"rotation":[30,0,0],"size":[2,1,2],"uv":{"down":{"uv":[66,56],"uv_size":[2,-2]},"east":{"uv":[68,24],"uv_size":[2,1]},"north":{"uv":[22,68],"uv_size":[2,1]},"south":{"uv":[68,25],"uv_size":[2,1]},"up":{"uv":[66,52],"uv_size":[2,2]},"west":{"uv":[68,26],"uv_size":[2,1]}}},{"inflate":0.1,"origin":[-1,24.66891,1.55397],"pivot":[0,25.16891,2.55397],"rotation":[82.5,0,0],"size":[2,1,2],"uv":{"down":{"uv":[67,2],"uv_size":[2,-2]},"east":{"uv":[28,68],"uv_size":[2,1]},"north":{"uv":[68,27],"uv_size":[2,1]},"south":{"uv":[68,28],"uv_size":[2,1]},"up":{"uv":[66,65],"uv_size":[2,2]},"west":{"uv":[68,29],"uv_size":[2,1]}}},{"inflate":0.1,"origin":[-1,24.66891,-3.55397],"pivot":[0,25.16891,-2.55397],"rotation":[-82.5,0,0],"size":[2,1,2],"uv":{"down":{"uv":[67,6],"uv_size":[2,-2]},"east":{"uv":[68,31],"uv_size":[2,1]},"north":{"uv":[68,30],"uv_size":[2,1]},"south":{"uv":[35,68],"uv_size":[2,1]},"up":{"uv":[67,2],"uv_size":[2,2]},"west":{"uv":[37,68],"uv_size":[2,1]}}}],"name":"bone2","pivot":[0,0,0]},{"name":"bone","pivot":[-10.75,20.75,0],"rotation":[0,0,67.5]},{"name":"drill6","parent":"bone","pivot":[-12.24,39.6,0]},{"cubes":[{"origin":[-16.51,37.07,-3.84],"size":[3.84,7.68,7.68],"uv":{"down":{"uv":[20,64],"uv_size":[4,-8]},"east":{"uv":[24,42],"uv_size":[8,8]},"north":{"uv":[8,55],"uv_size":[4,8]},"south":{"uv":[12,55],"uv_size":[4,8]},"up":{"uv":[16,56],"uv_size":[4,8]},"west":{"uv":[44,24],"uv_size":[8,8]}}}],"name":"drill7","parent":"drill6","pivot":[-14.59,40.91,0]},{"cubes":[{"origin":[-19.39,38.03,-2.88],"pivot":[-20.35,40.91,0],"rotation":[45,0,0],"size":[2.88,5.76,5.76],"uv":{"down":{"uv":[61,44],"uv_size":[3,-6]},"east":{"uv":[52,6],"uv_size":[6,6]},"north":{"uv":[59,59],"uv_size":[3,6]},"south":{"uv":[60,32],"uv_size":[3,6]},"up":{"uv":[61,14],"uv_size":[3,6]},"west":{"uv":[52,12],"uv_size":[6,6]}}}],"name":"drill8","parent":"drill7","pivot":[-17.95,40.91,0]},{"cubes":[{"origin":[-21.31,38.99,-1.92],"pivot":[-20.35,40.91,0],"rotation":[90,0,0],"size":[1.92,3.84,3.84],"uv":{"down":{"uv":[44,69],"uv_size":[2,-4]},"east":{"uv":[62,20],"uv_size":[4,4]},"north":{"uv":[40,65],"uv_size":[2,4]},"south":{"uv":[42,65],"uv_size":[2,4]},"up":{"uv":[65,42],"uv_size":[2,4]},"west":{"uv":[35,62],"uv_size":[4,4]}}}],"name":"drill9","parent":"drill8","pivot":[-20.35,40.91,0]},{"cubes":[{"origin":[-24.19,39.95,-0.96],"pivot":[-22.75,40.91,0],"rotation":[135,0,0],"size":[2.88,1.92,1.92],"uv":{"down":{"uv":[66,24],"uv_size":[3,-2]},"east":{"uv":[67,44],"uv_size":[2,2]},"north":{"uv":[63,65],"uv_size":[3,2]},"south":{"uv":[16,66],"uv_size":[3,2]},"up":{"uv":[66,20],"uv_size":[3,2]},"west":{"uv":[63,67],"uv_size":[2,2]}}}],"name":"drill10","parent":"drill9","pivot":[-21.25,40.91,0]},{"name":"drill1","parent":"bone","pivot":[-7.92,40.08,0]},{"cubes":[{"origin":[-8.83,37.07,-3.84],"size":[3.84,7.68,7.68],"uv":{"down":{"uv":[54,49],"uv_size":[4,-8]},"east":{"uv":[40,16],"uv_size":[8,8]},"north":{"uv":[28,50],"uv_size":[4,8]},"south":{"uv":[48,53],"uv_size":[4,8]},"up":{"uv":[52,53],"uv_size":[4,8]},"west":{"uv":[16,42],"uv_size":[8,8]}}}],"name":"drill2","parent":"drill1","pivot":[-6.48,40.08,0]},{"cubes":[{"origin":[-4.99,37.9147,-3.30202],"pivot":[-1.15,40.7947,-0.42202],"rotation":[45,0,0],"size":[2.88,5.76,5.76],"uv":{"down":{"uv":[56,65],"uv_size":[3,-6]},"east":{"uv":[22,50],"uv_size":[6,6]},"north":{"uv":[58,14],"uv_size":[3,6]},"south":{"uv":[28,58],"uv_size":[3,6]},"up":{"uv":[58,41],"uv_size":[3,6]},"west":{"uv":[52,0],"uv_size":[6,6]}}}],"name":"drill3","parent":"drill2","pivot":[-4.55,40.7947,-0.42202]},{"cubes":[{"origin":[-2.11,38.8747,-2.34202],"pivot":[-1.15,40.7947,-0.42202],"rotation":[90,0,0],"size":[1.92,3.84,3.84],"uv":{"down":{"uv":[12,69],"uv_size":[2,-4]},"east":{"uv":[58,20],"uv_size":[4,4]},"north":{"uv":[6,65],"uv_size":[2,4]},"south":{"uv":[8,65],"uv_size":[2,4]},"up":{"uv":[10,65],"uv_size":[2,4]},"west":{"uv":[61,44],"uv_size":[4,4]}}}],"name":"drill4","parent":"drill3","pivot":[-1.15,40.7947,-0.42202]},{"cubes":[{"origin":[-0.19,39.9086,-1.35712],"pivot":[1.25,40.8686,-0.39712],"rotation":[135,0,0],"size":[2.88,1.92,1.92],"uv":{"down":{"uv":[65,59],"uv_size":[3,-2]},"east":{"uv":[67,36],"uv_size":[2,2]},"north":{"uv":[58,47],"uv_size":[3,2]},"south":{"uv":[64,18],"uv_size":[3,2]},"up":{"uv":[65,46],"uv_size":[3,2]},"west":{"uv":[67,42],"uv_size":[2,2]}}}],"name":"drill5","parent":"drill4","pivot":[1.25,40.8686,-0.39712]},{"cubes":[{"origin":[-11.71,20.75,-0.96],"size":[1.92,19.2,1.92],"uv":{"down":{"uv":[67,10],"uv_size":[2,-2]},"east":{"uv":[2,46],"uv_size":[2,19]},"north":{"uv":[0,46],"uv_size":[2,19]},"south":{"uv":[4,46],"uv_size":[2,19]},"up":{"uv":[67,6],"uv_size":[2,2]},"west":{"uv":[6,46],"uv_size":[2,19]}}},{"inflate":0.3,"origin":[-11.698,34.202,-0.948],"size":[1.896,3.816,1.896],"uv":{"down":{"uv":[67,14],"uv_size":[2,-2]},"east":{"uv":[22,64],"uv_size":[2,4]},"north":{"uv":[20,64],"uv_size":[2,4]},"south":{"uv":[28,64],"uv_size":[2,4]},"up":{"uv":[67,10],"uv_size":[2,2]},"west":{"uv":[64,38],"uv_size":[2,4]}}},{"inflate":0.1,"origin":[-13.626,34.194,-2.876],"size":[5.752,1.912,5.752],"uv":{"down":{"uv":[48,47],"uv_size":[6,-6]},"east":{"uv":[62,61],"uv_size":[6,2]},"north":{"uv":[62,59],"uv_size":[6,2]},"south":{"uv":[8,63],"uv_size":[6,2]},"up":{"uv":[48,18],"uv_size":[6,6]},"west":{"uv":[63,32],"uv_size":[6,2]}}},{"origin":[-12.67,38.03,-2.88],"size":[3.84,5.76,5.76],"uv":{"down":{"uv":[36,62],"uv_size":[4,-6]},"east":{"uv":[48,47],"uv_size":[6,6]},"north":{"uv":[54,18],"uv_size":[4,6]},"south":{"uv":[24,56],"uv_size":[4,6]},"up":{"uv":[32,56],"uv_size":[4,6]},"west":{"uv":[16,50],"uv_size":[6,6]}}},{"origin":[-11.71,37.07,-3.84],"size":[1.92,7.68,7.68],"uv":{"down":{"uv":[33,70],"uv_size":[2,-8]},"east":{"uv":[40,0],"uv_size":[8,8]},"north":{"uv":[24,62],"uv_size":[2,8]},"south":{"uv":[26,62],"uv_size":[2,8]},"up":{"uv":[31,62],"uv_size":[2,8]},"west":{"uv":[40,8],"uv_size":[8,8]}}},{"inflate":0.1,"origin":[-11.706,37.074,0.484],"pivot":[-10.75,41.39,0.96],"rotation":[-22.5,0,0],"size":[1.912,8.632,0.952],"uv":{"down":{"uv":[68,40],"uv_size":[2,-1]},"east":{"uv":[39,62],"uv_size":[1,9]},"north":{"uv":[40,56],"uv_size":[2,9]},"south":{"uv":[42,56],"uv_size":[2,9]},"up":{"uv":[68,38],"uv_size":[2,1]},"west":{"uv":[14,63],"uv_size":[1,9]}}},{"inflate":0.1,"origin":[-11.706,37.074,-1.436],"pivot":[-10.75,41.39,-0.96],"rotation":[22.5,0,0],"size":[1.912,8.632,0.952],"uv":{"down":{"uv":[68,42],"uv_size":[2,-1]},"east":{"uv":[15,63],"uv_size":[1,9]},"north":{"uv":[44,56],"uv_size":[2,9]},"south":{"uv":[46,56],"uv_size":[2,9]},"up":{"uv":[68,40],"uv_size":[2,1]},"west":{"uv":[62,63],"uv_size":[1,9]}}},{"origin":[-11.71,41.35589,-4.91647],"pivot":[-10.75,41.35589,-5.87647],"rotation":[45,0,0],"size":[1.92,0.96,2.88],"uv":{"down":{"uv":[56,68],"uv_size":[2,-3]},"east":{"uv":[61,48],"uv_size":[3,1]},"north":{"uv":[46,68],"uv_size":[2,1]},"south":{"uv":[68,46],"uv_size":[2,1]},"up":{"uv":[46,65],"uv_size":[2,3]},"west":{"uv":[67,63],"uv_size":[3,1]}}},{"origin":[-11.71,41.35589,2.03647],"pivot":[-10.75,41.35589,5.87647],"rotation":[-45,0,0],"size":[1.92,0.96,2.88],"uv":{"down":{"uv":[60,68],"uv_size":[2,-3]},"east":{"uv":[67,64],"uv_size":[3,1]},"north":{"uv":[68,47],"uv_size":[2,1]},"south":{"uv":[68,48],"uv_size":[2,1]},"up":{"uv":[58,65],"uv_size":[2,3]},"west":{"uv":[65,67],"uv_size":[3,1]}}},{"inflate":0.2,"origin":[-11.702,20.758,-0.952],"size":[1.904,3.824,1.904],"uv":{"down":{"uv":[67,36],"uv_size":[2,-2]},"east":{"uv":[0,65],"uv_size":[2,4]},"north":{"uv":[64,48],"uv_size":[2,4]},"south":{"uv":[2,65],"uv_size":[2,4]},"up":{"uv":[67,18],"uv_size":[2,2]},"west":{"uv":[4,65],"uv_size":[2,4]}}},{"inflate":0.2,"origin":[-12.662,18.838,-0.472],"size":[3.824,3.824,0.944],"uv":{"down":{"uv":[66,57],"uv_size":[4,-1]},"east":{"uv":[31,58],"uv_size":[1,4]},"north":{"uv":[32,28],"uv_size":[4,4]},"south":{"uv":[40,24],"uv_size":[4,4]},"up":{"uv":[44,43],"uv_size":[4,1]},"west":{"uv":[30,64],"uv_size":[1,4]}}}],"name":"bb_main","parent":"bone","pivot":[-10.32,19.92,0]}],"description":{"identifier":"geometry.pedestal_drillpickaxe","texture_height":128,"texture_width":128,"visible_bounds_height":4.5,"visible_bounds_offset":[0,1.75,0],"visible_bounds_width":3}}]}