{"format_version":"1.12.0","minecraft:geometry":[{"bones":[{"locators":{"particle":[0,35,0]},"name":"bb_main2","pivot":[0,0,0]},{"cubes":[{"origin":[-16,0,-16],"size":[32,3,32],"uv":{"down":{"uv":[0,64],"uv_size":[32,-32]},"east":{"uv":[130,111],"uv_size":[32,3]},"north":{"uv":[130,108],"uv_size":[32,3]},"south":{"uv":[130,114],"uv_size":[32,3]},"up":{"uv":[0,0],"uv_size":[32,32]},"west":{"uv":[130,117],"uv_size":[32,3]}}},{"origin":[-16,14,-16],"size":[32,3,32],"uv":{"down":{"uv":[32,64],"uv_size":[32,-32]},"east":{"uv":[130,123],"uv_size":[32,3]},"north":{"uv":[130,120],"uv_size":[32,3]},"south":{"uv":[130,126],"uv_size":[32,3]},"up":{"uv":[32,0],"uv_size":[32,32]},"west":{"uv":[130,129],"uv_size":[32,3]}}},{"origin":[-15,3,-15],"size":[30,11,30],"uv":{"down":{"uv":[64,30],"uv_size":[30,-30]},"east":{"uv":[64,30],"uv_size":[30,11]},"north":{"uv":[30,64],"uv_size":[30,11]},"south":{"uv":[64,41],"uv_size":[30,11]},"up":{"uv":[0,64],"uv_size":[30,30]},"west":{"uv":[64,52],"uv_size":[30,11]}}}],"name":"bb_main","pivot":[0,0,0]},{"cubes":[{"origin":[-6.11863,28.61706,-9.67419],"pivot":[-0.11863,40.61706,-3.67419],"rotation":[174.32541,29.80374,176.26294],"size":[12,24,12],"uv":{"down":{"uv":[112,36],"uv_size":[12,-12]},"east":{"uv":[60,106],"uv_size":[12,24]},"north":{"uv":[48,100],"uv_size":[12,24]},"south":{"uv":[108,90],"uv_size":[12,24]},"up":{"uv":[112,12],"uv_size":[12,12]},"west":{"uv":[30,111],"uv_size":[12,24]}}}],"name":"body","parent":"bb_main","pivot":[-0.11863,40.61706,-3.67419]},{"cubes":[{"inflate":0.025,"origin":[-6.11863,28.61706,-9.67419],"pivot":[-0.11863,40.61706,-3.67419],"rotation":[174.32541,29.80374,176.26294],"size":[12,24,12],"uv":{"down":{"uv":[112,12],"uv_size":[12,-12]},"east":{"uv":[18,94],"uv_size":[12,24]},"north":{"uv":[66,82],"uv_size":[12,24]},"south":{"uv":[96,90],"uv_size":[12,24]},"up":{"uv":[0,112],"uv_size":[12,12]},"west":{"uv":[78,99],"uv_size":[12,24]}}}],"name":"flash","parent":"body","pivot":[-0.11863,40.61706,-3.67419]},{"cubes":[{"origin":[-10.5,52.16089,-11.58831],"pivot":[0,60.56089,-5.18831],"rotation":[163.61386,-9.76788,-167.9328],"size":[18,18,18],"uv":{"down":{"uv":[96,90],"uv_size":[18,-18]},"east":{"uv":[94,0],"uv_size":[18,18]},"north":{"uv":[0,94],"uv_size":[18,18]},"south":{"uv":[94,18],"uv_size":[18,18]},"up":{"uv":[96,54],"uv_size":[18,18]},"west":{"uv":[94,36],"uv_size":[18,18]}}}],"name":"head","parent":"bb_main","pivot":[0,60.56089,-5.18831]},{"cubes":[{"inflate":0.025,"origin":[-10.5,52.16089,-11.58831],"pivot":[0,60.56089,-5.18831],"rotation":[163.61386,-9.76788,-167.9328],"size":[18,18,18],"uv":{"down":{"uv":[30,111],"uv_size":[18,-18]},"east":{"uv":[30,75],"uv_size":[18,18]},"north":{"uv":[60,64],"uv_size":[18,18]},"south":{"uv":[78,63],"uv_size":[18,18]},"up":{"uv":[48,82],"uv_size":[18,18]},"west":{"uv":[78,81],"uv_size":[18,18]}}}],"name":"flash2","parent":"head","pivot":[0.97067,60.19196,-8.06784]},{"cubes":[{"origin":[-10.91847,16.56902,-13.62175],"pivot":[-6.41847,22.56902,-8.62175],"rotation":[-5,0,7.5],"size":[9,12,10],"uv":{"down":{"uv":[133,22],"uv_size":[9,-10]},"east":{"uv":[114,60],"uv_size":[10,12]},"north":{"uv":[42,124],"uv_size":[9,12]},"south":{"uv":[124,48],"uv_size":[9,12]},"up":{"uv":[127,132],"uv_size":[9,10]},"west":{"uv":[114,72],"uv_size":[10,12]}}}],"name":"feet","parent":"bb_main","pivot":[-6.41847,22.56902,-8.62175]},{"cubes":[{"inflate":0.025,"origin":[-10.91847,16.56902,-13.62175],"pivot":[-6.41847,22.56902,-8.62175],"rotation":[-5,0,7.5],"size":[9,12,10],"uv":{"down":{"uv":[28,145],"uv_size":[9,-10]},"east":{"uv":[120,84],"uv_size":[10,12]},"north":{"uv":[91,126],"uv_size":[9,12]},"south":{"uv":[100,126],"uv_size":[9,12]},"up":{"uv":[134,0],"uv_size":[9,10]},"west":{"uv":[120,96],"uv_size":[10,12]}}}],"name":"flash3","parent":"feet","pivot":[-6.41847,22.56902,-8.62175]},{"cubes":[{"origin":[4,16.65029,-14.913],"pivot":[8.5,22.65029,-9.913],"rotation":[0,0,-4],"size":[9,12,10],"uv":{"down":{"uv":[118,142],"uv_size":[9,-10]},"east":{"uv":[112,36],"uv_size":[10,12]},"north":{"uv":[124,12],"uv_size":[9,12]},"south":{"uv":[124,24],"uv_size":[9,12]},"up":{"uv":[132,36],"uv_size":[9,10]},"west":{"uv":[114,48],"uv_size":[10,12]}}}],"name":"feet2","parent":"bb_main","pivot":[8.5,22.65029,-9.913]},{"cubes":[{"inflate":0.025,"origin":[4,16.65029,-14.913],"pivot":[8.5,22.65029,-9.913],"rotation":[0,0,-4],"size":[9,12,10],"uv":{"down":{"uv":[0,146],"uv_size":[9,-10]},"east":{"uv":[120,108],"uv_size":[10,12]},"north":{"uv":[109,126],"uv_size":[9,12]},"south":{"uv":[10,130],"uv_size":[9,12]},"up":{"uv":[69,135],"uv_size":[9,10]},"west":{"uv":[120,120],"uv_size":[10,12]}}}],"name":"flash4","parent":"feet2","pivot":[8.5,22.65029,-9.913]},{"cubes":[{"origin":[-10.9,16.65029,0.387],"pivot":[-5.5,22.65029,3.087],"rotation":[14,0,7.5],"size":[9,12,10],"uv":{"down":{"uv":[133,76],"uv_size":[9,-10]},"east":{"uv":[110,114],"uv_size":[10,12]},"north":{"uv":[124,72],"uv_size":[9,12]},"south":{"uv":[82,126],"uv_size":[9,12]},"up":{"uv":[133,56],"uv_size":[9,10]},"west":{"uv":[12,118],"uv_size":[10,12]}}}],"name":"feet3","parent":"bb_main","pivot":[-6.31967,23.31942,5.31868]},{"cubes":[{"inflate":0.025,"origin":[-10.9,16.65029,0.387],"pivot":[-5.5,22.65029,3.087],"rotation":[14,0,7.5],"size":[9,12,10],"uv":{"down":{"uv":[46,146],"uv_size":[9,-10]},"east":{"uv":[122,36],"uv_size":[10,12]},"north":{"uv":[19,130],"uv_size":[9,12]},"south":{"uv":[60,130],"uv_size":[9,12]},"up":{"uv":[37,136],"uv_size":[9,10]},"west":{"uv":[72,123],"uv_size":[10,12]}}}],"name":"flash5","parent":"feet3","pivot":[-5.5,22.65029,3.087]},{"cubes":[{"origin":[4,17.65029,-0.013],"pivot":[8.5,22.65029,4.087],"rotation":[30,0,-4],"size":[9,12,10],"uv":{"down":{"uv":[133,56],"uv_size":[9,-10]},"east":{"uv":[90,114],"uv_size":[10,12]},"north":{"uv":[51,124],"uv_size":[9,12]},"south":{"uv":[124,60],"uv_size":[9,12]},"up":{"uv":[133,22],"uv_size":[9,10]},"west":{"uv":[100,114],"uv_size":[10,12]}}}],"name":"feet4","parent":"bb_main","pivot":[8.4082,23.96311,4.36642]},{"cubes":[{"inflate":0.025,"origin":[4,17.65029,-0.013],"pivot":[8.5,22.65029,4.087],"rotation":[30,0,-4],"size":[9,12,10],"uv":{"down":{"uv":[78,148],"uv_size":[9,-10]},"east":{"uv":[0,124],"uv_size":[10,12]},"north":{"uv":[130,84],"uv_size":[9,12]},"south":{"uv":[130,96],"uv_size":[9,12]},"up":{"uv":[136,132],"uv_size":[9,10]},"west":{"uv":[124,0],"uv_size":[10,12]}}}],"name":"flash6","parent":"feet4","pivot":[8.5,22.65029,4.087]}],"description":{"identifier":"geometry.platinum_creeper","texture_height":256,"texture_width":256,"visible_bounds_height":6.5,"visible_bounds_offset":[0,2.75,0],"visible_bounds_width":3}}]}