{"format_version":"1.12.0","minecraft:geometry":[{"bones":[{"cubes":[{"origin":[-4,12,-2],"size":[8,12,4],"uv":[16,16]},{"inflate":0.25,"origin":[-4,12,-2],"size":[8,12,4],"uv":[16,32]}],"name":"Body","pivot":[0,24,0]},{"cubes":[{"origin":[-4,24,-4],"size":[8,8,8],"uv":[0,0]},{"inflate":0.25,"origin":[-4,24,-4],"size":[8,8,8],"uv":[32,0]}],"name":"Head","parent":"Body","pivot":[0,24,0]},{"name":"eyebrow","parent":"Head","pivot":[0,28.475,-3.95]},{"cubes":[{"origin":[-3,28,-4.3],"size":[2,1,0],"uv":[0,0]}],"name":"eyebrow2","parent":"eyebrow","pivot":[-2,28.5,-4.3]},{"cubes":[{"origin":[0.9,28,-4.3],"size":[2,1,0],"uv":[0,0]}],"name":"eyebrow3","parent":"eyebrow","pivot":[1.9,28.5,-4.3]},{"name":"eyes","parent":"Head","pivot":[-0.5,27.5,-4.1]},{"cubes":[{"origin":[1,27,-4.1],"size":[1,1,0],"uv":[2,4]}],"name":"eye2","parent":"eyes","pivot":[1.5,27.5,-4.1]},{"cubes":[{"origin":[-3,27,-4.1],"size":[1,1,0],"uv":[0,4]}],"name":"eye1","parent":"eyes","pivot":[-2.5,27.5,-4.1]},{"cubes":[{"origin":[-0.25,24.475,-4.275],"size":[2,1,0],"uv":[0,2]}],"name":"mouth","parent":"Head","pivot":[1.3,24.975,-4.275]},{"cubes":[{"origin":[-8,12,-2],"size":[4,12,4],"uv":[40,16]},{"inflate":0.25,"origin":[-8,12,-2],"size":[4,12,4],"uv":[40,32]}],"name":"RightArm","parent":"Body","pivot":[-5,22,0]},{"cubes":[{"origin":[4,12,-2],"size":[4,12,4],"uv":[32,48]},{"inflate":0.25,"origin":[4,12,-2],"size":[4,12,4],"uv":[48,48]}],"name":"LeftArm","parent":"Body","pivot":[5,22,0]},{"cubes":[{"origin":[-3.9,0,-2],"size":[4,12,4],"uv":[0,16]},{"inflate":0.25,"origin":[-3.9,0,-2],"size":[4,12,4],"uv":[0,32]}],"name":"RightLeg","pivot":[-1.9,12,0]},{"cubes":[{"origin":[-0.1,0,-2],"size":[4,12,4],"uv":[16,48]},{"inflate":0.25,"origin":[-0.1,0,-2],"size":[4,12,4],"uv":[0,48]}],"name":"LeftLeg","pivot":[1.9,12,0]}],"description":{"identifier":"geometry.PrisonBuyer","texture_height":64,"texture_width":64,"visible_bounds_height":3.5,"visible_bounds_offset":[0,1.25,0],"visible_bounds_width":3}}]}