{"format_version":"1.12.0","minecraft:geometry":[{"bones":[{"cubes":[{"origin":[-10.62687,11.4048,-2.5],"pivot":[-8.12687,13.9048,0],"rotation":[0,-2.5,7.5],"size":[5,5,5],"uv":[32,0]},{"origin":[-12.09138,0.57506,0],"pivot":[-7.47481,11.17275,0],"rotation":[0,0,7.5],"size":[9,11,0],"uv":[32,41]}],"name":"bb_main","pivot":[0,0,0]},{"name":"Charlie","pivot":[0,-1,0]},{"cubes":[{"inflate":0,"origin":[-5,8.5,-3],"size":[10,9,6],"uv":[26,26]},{"inflate":0.5,"origin":[-4,17.5,-2],"size":[8,5,4],"uv":[28,12]},{"inflate":0.25,"origin":[-4,17.5,-2],"size":[8,5,4],"uv":[0,32]}],"name":"Body","parent":"Charlie","pivot":[0,23,0]},{"cubes":[{"origin":[-4,22.75,-4],"size":[8,8,8],"uv":[0,16]},{"inflate":0.25,"origin":[-4,22.75,-4],"size":[8,8,8],"uv":[0,0]}],"name":"Head","parent":"Body","pivot":[0,23.25,0]},{"cubes":[{"inflate":0.35,"origin":[4.17365,11.98481,-2],"size":[4,2,4],"uv":[58,30]},{"inflate":0,"origin":[4.17365,10.48481,-2],"size":[4,12,4],"uv":[0,41]}],"name":"LeftArm","parent":"Body","pivot":[5,22,0],"rotation":[0,0,-10]},{"cubes":[{"inflate":0.35,"origin":[-8.17365,11.98481,-2],"size":[4,2,4],"uv":[0,57]},{"inflate":0,"origin":[-8.17365,10.48481,-2],"size":[4,12,4],"uv":[16,41]}],"name":"RightArm","parent":"Body","pivot":[-5,22,0],"rotation":[0,0,42.5]},{"cubes":[{"origin":[0.5,0.5,-2],"size":[4,8,4],"uv":[52,0]},{"origin":[0.5,0.5,-3],"size":[4,2,1],"uv":[24,21]},{"inflate":0.2251,"origin":[0.5,0.5,-2],"size":[4,8,4],"uv":[46,48]},{"inflate":0.35,"origin":[0.5,2.5,-2],"size":[4,2,4],"uv":[50,41]}],"name":"LeftLeg","parent":"Charlie","pivot":[2.4,9,0]},{"cubes":[{"origin":[-4.5,0.5,-2],"size":[4,8,4],"uv":[28,53]},{"origin":[-4.5,0.5,-3],"size":[4,2,1],"uv":[24,0]},{"inflate":0.2251,"origin":[-4.5,0.5,-2],"size":[4,8,4],"uv":[52,12]},{"inflate":0.35,"origin":[-4.5,2.5,-2],"size":[4,2,4],"uv":[52,24]}],"name":"LeftLeg2","parent":"Charlie","pivot":[-2.4,9,0]}],"description":{"identifier":"geometry.prisoncharlie","texture_height":128,"texture_width":128,"visible_bounds_height":3.5,"visible_bounds_offset":[0,1.25,0],"visible_bounds_width":3}}]}