{"format_version":"1.12.0","minecraft:geometry":[{"bones":[{"cubes":[{"origin":[-5,0,-5],"size":[10,2,10],"uv":{"down":{"uv":[12,20],"uv_size":[10,-10]},"east":{"uv":[30,20],"uv_size":[10,2]},"north":{"uv":[30,18],"uv_size":[10,2]},"south":{"uv":[30,22],"uv_size":[10,2]},"up":{"uv":[12,0],"uv_size":[10,10]},"west":{"uv":[30,24],"uv_size":[10,2]}}},{"origin":[-4,2,-4],"size":[8,4,8],"uv":{"down":{"uv":[22,26],"uv_size":[8,-8]},"east":{"uv":[8,30],"uv_size":[8,4]},"north":{"uv":[0,30],"uv_size":[8,4]},"south":{"uv":[30,10],"uv_size":[8,4]},"up":{"uv":[22,10],"uv_size":[8,8]},"west":{"uv":[30,14],"uv_size":[8,4]}}},{"origin":[-6,6,-6],"size":[12,3,12],"uv":{"down":{"uv":[0,24],"uv_size":[12,-12]},"east":{"uv":[22,26],"uv_size":[12,3]},"north":{"uv":[0,24],"uv_size":[12,3]},"south":{"uv":[0,27],"uv_size":[12,3]},"up":{"uv":[0,0],"uv_size":[12,12]},"west":{"uv":[22,29],"uv_size":[12,3]}}},{"origin":[-2,5,-7],"size":[4,3,2],"uv":{"down":{"uv":[32,10],"uv_size":[4,-2]},"east":{"uv":[12,34],"uv_size":[2,3]},"north":{"uv":[32,0],"uv_size":[4,3]},"south":{"uv":[32,3],"uv_size":[4,3]},"up":{"uv":[32,6],"uv_size":[4,2]},"west":{"uv":[14,34],"uv_size":[2,3]}}}],"name":"bb_main","pivot":[0,0,0]},{"cubes":[{"origin":[-5,11.125,-5],"size":[10,0,10],"uv":{"down":{"uv":[22,10],"uv_size":[10,-10]},"east":{"uv":[0,0],"uv_size":[10,0]},"north":{"uv":[0,0],"uv_size":[10,0]},"south":{"uv":[0,0],"uv_size":[10,0]},"up":{"uv":[12,20],"uv_size":[10,10]},"west":{"uv":[0,0],"uv_size":[10,0]}}}],"name":"ring","parent":"bb_main","pivot":[0,11.125,0]},{"cubes":[{"origin":[-0.5,12.88637,0.25],"size":[1,5.5,0.5],"uv":{"down":{"uv":[16,38],"uv_size":[-2,-1]},"east":{"uv":[22,30],"uv_size":[-1,11]},"north":{"uv":[18,30],"uv_size":[-2,11]},"south":{"uv":[20,30],"uv_size":[-2,11]},"up":{"uv":[39,9],"uv_size":[-2,1]},"west":{"uv":[21,30],"uv_size":[-1,11]}}},{"origin":[-1,12.88637,0.25],"size":[0.5,5,0.5],"uv":{"down":{"uv":[38,28],"uv_size":[-1,-1]},"east":{"uv":[26,32],"uv_size":[-1,10]},"north":{"uv":[23,32],"uv_size":[-1,10]},"south":{"uv":[25,32],"uv_size":[-1,10]},"up":{"uv":[38,26],"uv_size":[-1,1]},"west":{"uv":[24,32],"uv_size":[-1,10]}}},{"origin":[0.5,12.88637,0.25],"size":[0.5,5,0.5],"uv":{"down":{"uv":[38,30],"uv_size":[-1,-1]},"east":{"uv":[30,32],"uv_size":[-1,10]},"north":{"uv":[27,32],"uv_size":[-1,10]},"south":{"uv":[29,32],"uv_size":[-1,10]},"up":{"uv":[38,28],"uv_size":[-1,1]},"west":{"uv":[28,32],"uv_size":[-1,10]}}},{"origin":[-1.5,13.38637,0.25],"size":[0.5,4,0.5],"uv":{"down":{"uv":[38,32],"uv_size":[-1,-1]},"east":{"uv":[34,32],"uv_size":[-1,8]},"north":{"uv":[31,32],"uv_size":[-1,8]},"south":{"uv":[33,32],"uv_size":[-1,8]},"up":{"uv":[38,30],"uv_size":[-1,1]},"west":{"uv":[32,32],"uv_size":[-1,8]}}},{"origin":[1,13.38637,0.25],"size":[0.5,4,0.5],"uv":{"down":{"uv":[38,34],"uv_size":[-1,-1]},"east":{"uv":[4,34],"uv_size":[-1,8]},"north":{"uv":[1,34],"uv_size":[-1,8]},"south":{"uv":[3,34],"uv_size":[-1,8]},"up":{"uv":[38,32],"uv_size":[-1,1]},"west":{"uv":[2,34],"uv_size":[-1,8]}}},{"origin":[-2,13.38637,0.25],"size":[0.5,3.5,0.5],"uv":{"down":{"uv":[38,36],"uv_size":[-1,-1]},"east":{"uv":[8,34],"uv_size":[-1,7]},"north":{"uv":[5,34],"uv_size":[-1,7]},"south":{"uv":[7,34],"uv_size":[-1,7]},"up":{"uv":[38,34],"uv_size":[-1,1]},"west":{"uv":[6,34],"uv_size":[-1,7]}}},{"origin":[1.5,13.38637,0.25],"size":[0.5,3.5,0.5],"uv":{"down":{"uv":[38,38],"uv_size":[-1,-1]},"east":{"uv":[12,34],"uv_size":[-1,7]},"north":{"uv":[9,34],"uv_size":[-1,7]},"south":{"uv":[11,34],"uv_size":[-1,7]},"up":{"uv":[38,36],"uv_size":[-1,1]},"west":{"uv":[10,34],"uv_size":[-1,7]}}},{"origin":[-2.5,13.88637,0.25],"size":[0.5,2.5,0.5],"uv":{"down":{"uv":[39,2],"uv_size":[-1,-1]},"east":{"uv":[36,31],"uv_size":[-1,5]},"north":{"uv":[35,26],"uv_size":[-1,5]},"south":{"uv":[36,26],"uv_size":[-1,5]},"up":{"uv":[39,0],"uv_size":[-1,1]},"west":{"uv":[35,31],"uv_size":[-1,5]}}},{"origin":[2,13.88637,0.25],"size":[0.5,2.5,0.5],"uv":{"down":{"uv":[39,4],"uv_size":[-1,-1]},"east":{"uv":[37,31],"uv_size":[-1,5]},"north":{"uv":[37,0],"uv_size":[-1,5]},"south":{"uv":[37,26],"uv_size":[-1,5]},"up":{"uv":[39,2],"uv_size":[-1,1]},"west":{"uv":[37,5],"uv_size":[-1,5]}}},{"origin":[-3,14.38637,0.25],"size":[0.5,1.5,0.5],"uv":{"down":{"uv":[39,6],"uv_size":[-1,-1]},"east":{"uv":[38,0],"uv_size":[-1,3]},"north":{"uv":[35,36],"uv_size":[-1,3]},"south":{"uv":[37,36],"uv_size":[-1,3]},"up":{"uv":[39,4],"uv_size":[-1,1]},"west":{"uv":[36,36],"uv_size":[-1,3]}}},{"origin":[2.5,14.38637,0.25],"size":[0.5,1.5,0.5],"uv":{"down":{"uv":[39,8],"uv_size":[-1,-1]},"east":{"uv":[14,37],"uv_size":[-1,3]},"north":{"uv":[38,3],"uv_size":[-1,3]},"south":{"uv":[13,37],"uv_size":[-1,3]},"up":{"uv":[39,6],"uv_size":[-1,1]},"west":{"uv":[38,6],"uv_size":[-1,3]}}}],"name":"item2","pivot":[0,15.27273,0.5]}],"description":{"identifier":"geometry.redstone_item_trophy","texture_height":64,"texture_width":64,"visible_bounds_height":3.5,"visible_bounds_offset":[0,1.25,0],"visible_bounds_width":2}}]}