{"format_version":"1.12.0","minecraft:geometry":[{"bones":[{"cubes":[{"origin":[-10,0,0],"size":[20,27,0],"uv":{"down":{"uv":[0,0],"uv_size":[20,0]},"east":{"uv":[0,0],"uv_size":[0,27]},"north":{"uv":[0,0],"uv_size":[20,27]},"south":{"uv":[44,37],"uv_size":[20,27]},"up":{"uv":[0,0],"uv_size":[20,0]},"west":{"uv":[0,0],"uv_size":[0,27]}}},{"origin":[-11,25,-0.1],"pivot":[-10,26.5,-0.1],"rotation":[0,0,-45],"size":[2,3,0],"uv":{"down":{"uv":[0,0],"uv_size":[2,0]},"east":{"uv":[0,0],"uv_size":[0,3]},"north":{"uv":[0,27],"uv_size":[2,3]},"south":{"uv":[2,27],"uv_size":[2,3]},"up":{"uv":[0,0],"uv_size":[2,0]},"west":{"uv":[0,0],"uv_size":[0,3]}}},{"origin":[9,25,-0.1],"pivot":[10,26.5,-0.1],"rotation":[0,0,45],"size":[2,3,0],"uv":{"down":{"uv":[0,0],"uv_size":[2,0]},"east":{"uv":[0,0],"uv_size":[0,3]},"north":{"uv":[4,27],"uv_size":[2,3]},"south":{"uv":[6,27],"uv_size":[2,3]},"up":{"uv":[0,0],"uv_size":[2,0]},"west":{"uv":[0,0],"uv_size":[0,3]}}},{"origin":[-11,-1,-0.1],"pivot":[-10,0.5,-0.1],"rotation":[0,0,45],"size":[2,3,0],"uv":{"down":{"uv":[0,0],"uv_size":[2,0]},"east":{"uv":[0,0],"uv_size":[0,3]},"north":{"uv":[8,27],"uv_size":[2,3]},"south":{"uv":[10,27],"uv_size":[2,3]},"up":{"uv":[0,0],"uv_size":[2,0]},"west":{"uv":[0,0],"uv_size":[0,3]}}},{"origin":[9,-1,-0.1],"pivot":[10,0.5,-0.1],"rotation":[0,0,-45],"size":[2,3,0],"uv":{"down":{"uv":[0,0],"uv_size":[2,0]},"east":{"uv":[0,0],"uv_size":[0,3]},"north":{"uv":[12,27],"uv_size":[2,3]},"south":{"uv":[14,27],"uv_size":[2,3]},"up":{"uv":[0,0],"uv_size":[2,0]},"west":{"uv":[0,0],"uv_size":[0,3]}}}],"name":"bb_main","pivot":[0,0,0]}],"description":{"identifier":"geometry.ruffy_signedposter","texture_height":64,"texture_width":64,"visible_bounds_height":3.5,"visible_bounds_offset":[0,1.25,0],"visible_bounds_width":3}}]}