{"format_version":"1.12.0","minecraft:geometry":[{"bones":[{"name":"body","pivot":[0,12,0]},{"cubes":[{"origin":[-8.5,15,-5],"size":[17,9,10],"uv":[0,18]},{"origin":[-6.5,12,-5],"size":[13,3,10],"uv":[0,37]}],"name":"bone8","parent":"body","pivot":[0,12.25,-1.75]},{"cubes":[{"origin":[-10.5,25,-6],"size":[21,6,12],"uv":[0,0]}],"name":"head","parent":"bone8","pivot":[0,24,0]},{"cubes":[{"origin":[-1.5,24,-2],"size":[3,9,3],"uv":[0,0]},{"origin":[-2.5,33,-3],"size":[5,2,5],"uv":[16,50]},{"origin":[-5.5,33.5,-1.5],"pivot":[0,34,-0.5],"rotation":[0,-45,0],"size":[11,1,2],"uv":[7,31]},{"origin":[-5.5,33.5,-1.5],"pivot":[0,34,-0.5],"rotation":[0,-135,0],"size":[11,1,2],"uv":[7,31]}],"name":"rod_gear","parent":"head","pivot":[0,0,0]},{"cubes":[{"origin":[2.5,17,2],"size":[3,6,6],"uv":[54,18]}],"name":"gear2","parent":"body","pivot":[4,20,5]},{"cubes":[{"origin":[-6.5,17,2],"size":[3,6,6],"uv":[54,0]}],"name":"gear1","parent":"body","pivot":[-5,20,5]},{"cubes":[{"origin":[-13.5,4,-3],"size":[3,20,6],"uv":[40,44]},{"origin":[-10.5,19,-2],"size":[2,4,4],"uv":[60,68]},{"origin":[-15.5,15,-4],"size":[4,10,8],"uv":[0,50]}],"name":"arm1","parent":"body","pivot":[-8.75,23,0]},{"cubes":[{"mirror":true,"origin":[11.5,15,-4],"size":[4,10,8],"uv":[0,50]},{"mirror":true,"origin":[10.5,4,-3],"size":[3,20,6],"uv":[40,44]},{"mirror":true,"origin":[8.5,19,-2],"size":[2,4,4],"uv":[60,68]}],"name":"arm2","parent":"body","pivot":[8.75,23,0]},{"cubes":[{"origin":[3.5,0,-3],"size":[3,12,6],"uv":[58,49]},{"origin":[3,0,-3.5],"size":[4,5,3],"uv":[66,12]}],"name":"leg2","pivot":[5,11.25,-1]},{"cubes":[{"origin":[-6.5,0,-3],"size":[3,12,6],"uv":[52,31]},{"origin":[-7,0,-3.5],"size":[4,5,3],"uv":[21,67]}],"name":"leg1","pivot":[-5,11.25,-1]}],"description":{"identifier":"geometry.silvergolem","texture_height":128,"texture_width":128,"visible_bounds_height":4.5,"visible_bounds_offset":[0,1.75,0],"visible_bounds_width":5}}]}