{"format_version":"1.12.0","minecraft:geometry":[{"bones":[{"name":"beam2","pivot":[0,0,0]},{"name":"tractor","parent":"beam2","pivot":[0,0,0]},{"cubes":[{"origin":[-12,0,-12],"size":[24,61,24],"uv":{"down":{"uv":[92,100],"uv_size":[24,-24]},"east":{"uv":[24,0],"uv_size":[24,61]},"north":{"uv":[0,0],"uv_size":[24,61]},"south":{"uv":[48,0],"uv_size":[24,61]},"up":{"uv":[92,52],"uv_size":[24,24]},"west":{"uv":[0,61],"uv_size":[24,61]}}}],"name":"beam","parent":"tractor","pivot":[0,0,0]},{"cubes":[{"origin":[-17,0.1,-17],"size":[34,0,34],"uv":{"down":{"uv":[58,95],"uv_size":[34,-34]},"up":{"uv":[24,61],"uv_size":[34,34]}}}],"name":"light2","parent":"tractor","pivot":[0,0.1,0]},{"cubes":[{"origin":[-13,0.2,-13],"size":[26,0,26],"uv":{"down":{"uv":[72,52],"uv_size":[26,-26]},"up":{"uv":[72,0],"uv_size":[26,26]}}}],"name":"light","parent":"tractor","pivot":[0,0.2,0]}],"description":{"identifier":"geometry.tractorbeam","texture_height":128,"texture_width":128,"visible_bounds_height":5.5,"visible_bounds_offset":[0,2.25,0],"visible_bounds_width":4}}]}