{"format_version":"1.12.0","minecraft:geometry":[{"bones":[{"cubes":[{"origin":[-8,1,-26],"size":[16,3,40],"uv":[0,0]},{"origin":[7,0,-26],"size":[2,5,41],"uv":[0,43]},{"inflate":0.1,"origin":[-8,1,-26],"size":[16,4,4],"uv":[0,0]},{"inflate":0.1,"origin":[-8,3,-25],"pivot":[0,3,-24],"rotation":[-25,0,0],"size":[16,4,2],"uv":[0,8]},{"inflate":0.1,"origin":[8,0,-27],"size":[3,6,6],"uv":[0,14]},{"inflate":0.1,"origin":[9,4,-25.1],"pivot":[9.5,9,-24],"rotation":[-15,0,0],"size":[1,15,3],"uv":[18,14]},{"inflate":0.1,"mirror":true,"origin":[-10,4,-25.1],"pivot":[-9.5,9,-24],"rotation":[-15,0,0],"size":[1,15,3],"uv":[18,14]},{"inflate":0.1,"mirror":true,"origin":[-11,0,-27],"size":[3,6,6],"uv":[0,14]},{"mirror":true,"origin":[-9,0,-26],"size":[2,5,41],"uv":[0,43]},{"inflate":0.2,"origin":[-10,16.96643,-22.44504],"size":[20,2,2],"uv":[45,50]},{"origin":[-10,16.96643,-21.64504],"pivot":[0,17.96643,-21.44504],"rotation":[25,0,0],"size":[20,6,1],"uv":[45,43]}],"name":"bb_main","pivot":[0,0,0]},{"cubes":[{"inflate":0.1,"origin":[8,15.5272,-14.67376],"pivot":[9,16.5272,-11.67376],"rotation":[-30,0,0],"size":[2,2,3],"uv":[26,14]},{"inflate":0.2,"origin":[8,16.96643,-20.04504],"size":[2,2,6],"uv":[0,26]},{"inflate":0.1,"mirror":true,"origin":[-10,15.5272,-14.67376],"pivot":[-9,16.5272,-11.67376],"rotation":[-30,0,0],"size":[2,2,3],"uv":[26,14]},{"inflate":0.2,"mirror":true,"origin":[-10,16.96643,-20.04504],"size":[2,2,6],"uv":[0,26]}],"name":"bone","pivot":[9.5,11.46643,-20.54504]},{"name":"bone2","pivot":[-9.5,11.46643,-20.54504]}],"description":{"identifier":"geometry.treadmill","texture_height":128,"texture_width":128,"visible_bounds_height":3.5,"visible_bounds_offset":[0,1.25,0],"visible_bounds_width":3}}]}