{"format_version":"1.12.0","minecraft:geometry":[{"bones":[{"name":"alien","pivot":[0,23,0]},{"cubes":[{"origin":[-3,29,-3],"size":[6,12,6],"uv":{"down":{"uv":[18,12],"uv_size":[6,-6]},"east":{"uv":[6,0],"uv_size":[6,12]},"north":{"uv":[0,0],"uv_size":[6,12]},"south":{"uv":[0,12],"uv_size":[6,12]},"up":{"uv":[18,0],"uv_size":[6,6]},"west":{"uv":[12,0],"uv_size":[6,12]}}}],"name":"head","parent":"alien","pivot":[0,29,0]},{"cubes":[{"origin":[-2,35,-3.1],"size":[4,3,0],"uv":{"down":{"uv":[0,0],"uv_size":[4,0]},"east":{"uv":[0,0],"uv_size":[0,3]},"north":{"uv":[16,34],"uv_size":[4,3]},"south":{"uv":[20,34],"uv_size":[-4,3]},"up":{"uv":[0,0],"uv_size":[4,0]},"west":{"uv":[0,0],"uv_size":[0,3]}}}],"name":"eye","parent":"head","pivot":[0,0,0]},{"cubes":[{"origin":[-2,35,-3.2],"size":[4,3,0],"uv":{"down":{"uv":[0,0],"uv_size":[4,0]},"east":{"uv":[0,0],"uv_size":[0,3]},"north":{"uv":[20,34],"uv_size":[4,3]},"south":{"uv":[24,34],"uv_size":[-4,3]},"up":{"uv":[0,0],"uv_size":[4,0]},"west":{"uv":[0,0],"uv_size":[0,3]}}}],"name":"pupil","parent":"eye","pivot":[0,36.5,-3.2]},{"cubes":[{"origin":[-2,38.2,-3.1],"size":[4,1,0],"uv":{"down":{"uv":[0,0],"uv_size":[4,0]},"east":{"uv":[0,0],"uv_size":[0,1]},"north":{"uv":[35,27],"uv_size":[4,1]},"south":{"uv":[39,27],"uv_size":[-4,1]},"up":{"uv":[0,0],"uv_size":[4,0]},"west":{"uv":[0,0],"uv_size":[0,1]}}}],"name":"eyebrow","parent":"head","pivot":[0,38.7,-3.1]},{"cubes":[{"origin":[-3,19,-2],"size":[6,3,4],"uv":{"down":{"uv":[18,31],"uv_size":[6,-4]},"east":{"uv":[32,4],"uv_size":[4,3]},"north":{"uv":[30,28],"uv_size":[6,3]},"south":{"uv":[12,31],"uv_size":[6,3]},"up":{"uv":[12,27],"uv_size":[6,4]},"west":{"uv":[32,7],"uv_size":[4,3]}}},{"origin":[-4,22,-2],"size":[8,7,4],"uv":{"down":{"uv":[24,12],"uv_size":[8,-4]},"east":{"uv":[24,16],"uv_size":[4,7]},"north":{"uv":[6,12],"uv_size":[8,7]},"south":{"uv":[14,12],"uv_size":[8,7]},"up":{"uv":[24,4],"uv_size":[8,4]},"west":{"uv":[8,27],"uv_size":[4,7]}}},{"origin":[-4,15,-2],"size":[8,4,4],"uv":{"down":{"uv":[24,4],"uv_size":[8,-4]},"east":{"uv":[30,31],"uv_size":[4,4]},"north":{"uv":[6,23],"uv_size":[8,4]},"south":{"uv":[14,23],"uv_size":[8,4]},"up":{"uv":[22,23],"uv_size":[8,4]},"west":{"uv":[32,0],"uv_size":[4,4]}}},{"inflate":0.01,"origin":[-10,27,-2],"size":[6,3,4],"uv":{"down":{"uv":[28,20],"uv_size":[6,-4]},"east":{"uv":[8,34],"uv_size":[4,3]},"north":{"uv":[18,31],"uv_size":[6,3]},"south":{"uv":[24,31],"uv_size":[6,3]},"up":{"uv":[24,27],"uv_size":[6,4]},"west":{"uv":[12,34],"uv_size":[4,3]}}},{"inflate":0.01,"origin":[4,27,-2],"size":[6,3,4],"uv":{"down":{"uv":[34,20],"uv_size":[-6,-4]},"east":{"uv":[16,34],"uv_size":[-4,3]},"north":{"uv":[24,31],"uv_size":[-6,3]},"south":{"uv":[30,31],"uv_size":[-6,3]},"up":{"uv":[30,27],"uv_size":[-6,4]},"west":{"uv":[12,34],"uv_size":[-4,3]}}}],"name":"body","parent":"alien","pivot":[0.25,22.875,0]},{"cubes":[{"origin":[-22,27,-1],"size":[18,2,2],"uv":{"down":{"uv":[22,16],"uv_size":[18,-2]},"east":{"uv":[36,2],"uv_size":[2,2]},"north":{"uv":[6,19],"uv_size":[18,2]},"south":{"uv":[6,21],"uv_size":[18,2]},"up":{"uv":[22,12],"uv_size":[18,2]},"west":{"uv":[36,4],"uv_size":[2,2]}}}],"name":"bone","parent":"alien","pivot":[-4.25,28,0]},{"cubes":[{"origin":[-27,27,-2],"size":[5,2,4],"uv":{"down":{"uv":[30,28],"uv_size":[5,-4]},"east":{"uv":[35,25],"uv_size":[4,2]},"north":{"uv":[32,10],"uv_size":[5,2]},"south":{"uv":[34,31],"uv_size":[5,2]},"up":{"uv":[30,20],"uv_size":[5,4]},"west":{"uv":[30,35],"uv_size":[4,2]}}}],"name":"hand","parent":"bone","pivot":[-21.5,28,0]},{"cubes":[{"origin":[4,27,-1],"size":[18,2,2],"uv":{"down":{"uv":[40,16],"uv_size":[-18,-2]},"east":{"uv":[38,4],"uv_size":[-2,2]},"north":{"uv":[24,19],"uv_size":[-18,2]},"south":{"uv":[24,21],"uv_size":[-18,2]},"up":{"uv":[40,12],"uv_size":[-18,2]},"west":{"uv":[38,2],"uv_size":[-2,2]}}}],"name":"bone2","parent":"alien","pivot":[4.25,28,0]},{"cubes":[{"origin":[22,27,-2],"size":[5,2,4],"uv":{"down":{"uv":[35,28],"uv_size":[-5,-4]},"east":{"uv":[34,35],"uv_size":[-4,2]},"north":{"uv":[37,10],"uv_size":[-5,2]},"south":{"uv":[39,31],"uv_size":[-5,2]},"up":{"uv":[35,20],"uv_size":[-5,4]},"west":{"uv":[39,25],"uv_size":[-4,2]}}}],"name":"hand2","parent":"bone2","pivot":[21.5,28,0]},{"cubes":[{"origin":[-4,0,-5],"size":[2,2,4],"uv":{"down":{"uv":[35,25],"uv_size":[2,-4]},"east":{"uv":[34,33],"uv_size":[4,2]},"north":{"uv":[34,35],"uv_size":[2,2]},"south":{"uv":[36,0],"uv_size":[2,2]},"up":{"uv":[28,34],"uv_size":[2,4]},"west":{"uv":[35,19],"uv_size":[4,2]}}},{"origin":[-4,0,-1],"size":[2,15,2],"uv":{"down":{"uv":[28,22],"uv_size":[2,-2]},"east":{"uv":[2,24],"uv_size":[2,15]},"north":{"uv":[0,24],"uv_size":[2,15]},"south":{"uv":[4,24],"uv_size":[2,15]},"up":{"uv":[22,16],"uv_size":[2,2]},"west":{"uv":[6,27],"uv_size":[2,15]}}}],"name":"leg","parent":"alien","pivot":[-3,14.25,-0.5]},{"cubes":[{"origin":[2,0,-5],"size":[2,2,4],"uv":{"down":{"uv":[37,25],"uv_size":[-2,-4]},"east":{"uv":[39,19],"uv_size":[-4,2]},"north":{"uv":[36,35],"uv_size":[-2,2]},"south":{"uv":[38,0],"uv_size":[-2,2]},"up":{"uv":[30,34],"uv_size":[-2,4]},"west":{"uv":[38,33],"uv_size":[-4,2]}}},{"origin":[2,0,-1],"size":[2,15,2],"uv":{"down":{"uv":[30,22],"uv_size":[-2,-2]},"east":{"uv":[8,27],"uv_size":[-2,15]},"north":{"uv":[2,24],"uv_size":[-2,15]},"south":{"uv":[6,24],"uv_size":[-2,15]},"up":{"uv":[24,16],"uv_size":[-2,2]},"west":{"uv":[4,24],"uv_size":[-2,15]}}}],"name":"leg2","parent":"alien","pivot":[2.4,14.65,0.3]}],"description":{"identifier":"geometry.ufoalien","texture_height":64,"texture_width":64,"visible_bounds_height":4.5,"visible_bounds_offset":[0,1.75,0],"visible_bounds_width":6}}]}