{"format_version":"1.12.0","minecraft:geometry":[{"bones":[{"cubes":[{"origin":[-30,-1,-30],"size":[60,9,60],"uv":{"down":{"uv":[0,120],"uv_size":[60,-60]},"east":{"uv":[140,89],"uv_size":[60,9]},"north":{"uv":[140,80],"uv_size":[60,9]},"south":{"uv":[140,98],"uv_size":[60,9]},"up":{"uv":[0,0],"uv_size":[60,60]},"west":{"uv":[140,107],"uv_size":[60,9]}}},{"origin":[-20,3,-20],"size":[40,27,40],"uv":{"down":{"uv":[100,128],"uv_size":[40,-40]},"east":{"uv":[40,128],"uv_size":[40,27]},"north":{"uv":[0,120],"uv_size":[40,27]},"south":{"uv":[80,128],"uv_size":[40,27]},"up":{"uv":[60,88],"uv_size":[40,40]},"west":{"uv":[120,128],"uv_size":[40,27]}}},{"origin":[-22,-7,-22],"size":[44,6,44],"uv":{"down":{"uv":[60,88],"uv_size":[44,-44]},"east":{"uv":[140,122],"uv_size":[44,6]},"north":{"uv":[140,116],"uv_size":[44,6]},"south":{"uv":[144,0],"uv_size":[44,6]},"up":{"uv":[60,0],"uv_size":[44,44]},"west":{"uv":[144,6],"uv_size":[44,6]}}},{"origin":[-20,-9,-20],"size":[40,2,40],"uv":{"down":{"uv":[104,80],"uv_size":[40,-40]},"east":{"uv":[144,78],"uv_size":[40,2]},"north":{"uv":[144,76],"uv_size":[40,2]},"south":{"uv":[148,48],"uv_size":[40,2]},"up":{"uv":[104,0],"uv_size":[40,40]},"west":{"uv":[148,50],"uv_size":[40,2]}}},{"inflate":0.2,"origin":[-30,-1,-14],"size":[4,9,28],"uv":{"down":{"uv":[0,175],"uv_size":[4,-28]},"east":{"uv":[144,12],"uv_size":[28,9]},"north":{"uv":[12,147],"uv_size":[4,9]},"south":{"uv":[16,147],"uv_size":[4,9]},"up":{"uv":[144,48],"uv_size":[4,28]},"west":{"uv":[144,21],"uv_size":[28,9]}}},{"inflate":0.2,"origin":[26,-1,-14],"size":[4,9,28],"uv":{"down":{"uv":[8,175],"uv_size":[4,-28]},"east":{"uv":[144,30],"uv_size":[28,9]},"north":{"uv":[20,147],"uv_size":[4,9]},"south":{"uv":[24,147],"uv_size":[4,9]},"up":{"uv":[4,147],"uv_size":[4,28]},"west":{"uv":[144,39],"uv_size":[28,9]}}}],"name":"bone","pivot":[0,0,0]}],"description":{"identifier":"geometry.ufomodel","texture_height":256,"texture_width":256,"visible_bounds_height":15,"visible_bounds_offset":[0,6.5,0],"visible_bounds_width":42}}]}