{"format_version":"1.12.0","minecraft:geometry":[{"bones":[{"cubes":[{"origin":[-6,0,0],"pivot":[-0.5,5.5,0],"rotation":[0,0,12.5],"size":[11,11,0],"uv":[0,0]},{"origin":[-12,14,0],"pivot":[-7.5,18.5,0],"rotation":[0,0,-2.5],"size":[9,9,0],"uv":[0,11]},{"origin":[2,13,0],"pivot":[5.5,16.5,0],"rotation":[0,0,-17.5],"size":[7,7,0],"uv":[18,18]},{"origin":[-14,4,0],"pivot":[-10.5,7.5,0],"rotation":[0,0,7.5],"size":[7,7,0],"uv":[18,11]}],"name":"vinyls","pivot":[-10.5,7.5,0]}],"description":{"identifier":"geometry.vinyls","texture_height":32,"texture_width":32,"visible_bounds_height":4.5,"visible_bounds_offset":[0,1.75,0],"visible_bounds_width":4}}]}