{"format_version":"1.12.0","minecraft:geometry":[{"bones":[{"name":"Charlie","pivot":[0,-1,0]},{"cubes":[{"inflate":-0.025,"origin":[-5,10.5,-3],"size":[10,8,5],"uv":[27,27]},{"inflate":0.5,"origin":[-4,18.5,-2],"size":[8,5,4],"uv":[28,12]},{"inflate":0.25,"origin":[-4,18.5,-2],"size":[8,5,4],"uv":[0,32]}],"name":"Body","parent":"Charlie","pivot":[0,11,0]},{"cubes":[{"origin":[-4,23.75,-4],"size":[8,8,8],"uv":[0,16]},{"inflate":0.275,"origin":[-4,23.75,-4],"size":[8,8,8],"uv":[0,0]}],"name":"Head","parent":"Body","pivot":[0,23.25,0]},{"cubes":[{"inflate":0.4,"origin":[-4,29.75,-4.225],"size":[8,5,8],"uv":[20,68]},{"inflate":0.275,"origin":[-6,29.75,-7],"size":[12,3,13],"uv":[13,81]},{"origin":[-2.475,30,-5],"size":[5,5,0],"uv":[0,0]}],"name":"Hat","parent":"Head","pivot":[0.00833,32,-1.90833]},{"cubes":[{"origin":[4.17365,11.83481,-2],"size":[4,12,4],"uv":[0,41]},{"inflate":0.35,"origin":[4.17365,18.03481,-2],"size":[4,2,4],"uv":[58,30]}],"name":"leftarm","parent":"Body","pivot":[6.17365,21.43481,0]},{"cubes":[{"inflate":0.35,"mirror":true,"origin":[-8.17365,18.33481,-2],"size":[4,2,4],"uv":[58,30]},{"mirror":true,"origin":[-8.17365,11.83481,-2],"size":[4,12,4],"uv":[0,41]}],"name":"rightarm2","parent":"Body","pivot":[-6.17365,21.58481,0]},{"cubes":[{"origin":[-7.275,12.825,-4],"size":[2,2,7],"uv":[78,16]},{"inflate":0.075,"origin":[-7.275,12.825,-11],"size":[2,2,6],"uv":[96,17]},{"inflate":0.05,"origin":[-7.275,12.825,-5],"size":[2,2,2],"uv":[91,16]}],"name":"flashlight","parent":"rightarm2","pivot":[-6.275,13.825,-0.16667]},{"name":"LeftLeg","parent":"Charlie","pivot":[2,11.18333,-0.83333]},{"cubes":[{"origin":[0,0,-2],"size":[4,11,4],"uv":[52,0]},{"origin":[0,0.025,-3],"size":[4,2,1],"uv":[24,21]},{"inflate":0.2251,"origin":[0,1.025,-2],"size":[4,10,4],"uv":[46,48]}],"name":"LeftLeg2","parent":"LeftLeg","pivot":[2,11.18333,-0.83333]},{"name":"RightLeg","parent":"Charlie","pivot":[-2,11.18333,-0.83333]},{"cubes":[{"origin":[-4,0,-2],"size":[4,11,4],"uv":[28,53]},{"origin":[-4,0.025,-3],"size":[4,2,1],"uv":[24,0]},{"inflate":0.2251,"mirror":true,"origin":[-4,1.025,-2],"size":[4,10,4],"uv":[46,48]}],"name":"RightLeg2","parent":"RightLeg","pivot":[-2,11.18333,-0.83333]}],"description":{"identifier":"geometry.prisonwarden","texture_height":128,"texture_width":128,"visible_bounds_height":3.5,"visible_bounds_offset":[0,1.25,0],"visible_bounds_width":3}}]}