{
  "format_version": "1.8.0",
  "minecraft:client_entity": {
    "description": {
      "animation_controllers": [
        {
          "default": "controller.animation.generic.single"
        }
      ],
      "animations": {
        "default": "animation.cubecraft.gravestone.cat.in.a.box.sleepy"
      },
      "geometry": {
        "default": "geometry.cubecraft.gravestone.cat.in.a.box"
      },
      "identifier": "cubecraft:gravestone_catinabox",
      "materials": {
        "default": "entity_alphatest"
      },
      "render_controllers": [
        "controller.render.agent"
      ],
      "textures": {
        "default": "textures/cc/gravestone/catinabox"
      }
    }
  }
}