{
  "format_version": "1.8.0",
  "minecraft:client_entity": {
    "description": {
      "animation_controllers": [
        {
          "general": "controller.animation.generic.single"
        }
      ],
      "animations": {
        "default": "animation.steamedfish.lunaryear.gravestone"
      },
      "geometry": {
        "default": "geometry.cubecraft.gravestone.lunaryear.steamedfish"
      },
      "identifier": "cubecraft:gravestone_steamedfish",
      "materials": {
        "default": "entity_alphatest"
      },
      "render_controllers": [
        "controller.render.agent"
      ],
      "textures": {
        "default": "textures/cc/gravestone/steamed_fish"
      }
    }
  }
}