{"namespace":"lb_custom_01","custom_form@lb_custom_01.main_panel_no_buttons":{"$title_panel":"lb_custom_01.standard_title_label","$title_size":["100% - 14px",10],"size":[240,240],"max_size":["100%","100%"],"$text_name":"#title_text","$title_text_binding_type":"none","$child_control":"lb_custom_01.custom_form_panel","layer":2},"custom_form_panel@lb_custom_01.scrolling_panel":{"anchor_to":"top_left","anchor_from":"top_left","$show_background":false,"size":["100%","100%"],"$scrolling_content":"lb_custom_01.custom_form_scrolling_content","$scroll_size":[5,"100% - 4px"],"$scrolling_pane_size":["100% - 4px","100% - 0px"],"$scrolling_pane_offset":[2,0],"$scroll_bar_right_padding_size":[2,0],"$scroll_view_port_size|default":["100%","100% - 4px"],"$scroll_view_port_offset|default":[0,0],"$scroll_view_port_size_touch|default":["100%","100% - 4 px"],"$scroll_view_port_offset_touch|default":[0,0]},"custom_form_scrolling_content":{"type":"stack_panel","size":["100% - 5px","100%c+1px"],"offset":[3,0],"orientation":"vertical","anchor_from":"top_left","anchor_to":"top_left","controls":[{"generated_form@lb_custom_01.generated_contents":{}},{"submit_button@lb_custom_01.light_text_button":{"$pressed_button_name":"button.submit_custom_form","anchor_from":"top_left","anchor_to":"top_left","size":["100%",32],"$button_text":"gui.submit","bindings":[{"binding_name":"#submit_button_visible","binding_name_override":"#visible"}]}}]},"light_text_button@light_button_assets":{"$button_offset|default":[0,0],"$button_pressed_offset|default":[0,0],"$button_text|default":"","$button_font_size|default":"normal","$button_font_scale_factor|default":1,"$pressed_alpha|default":1,"$default_button_alpha|default":0.7,"$default_hover_alpha|default":0.8,"$default_pressed_alpha|default":1,"$default_button_pressed_offset|default":[0,0],"$default_text_color|default":"$lb_button_default","$hover_text_color|default":"$lb_button_hover","$pressed_text_color|default":"$lb_button_hover","$locked_text_color|default":"$lb_button_default","$button_text_binding_type|default":"none","$button_binding_condition|default":"none","$button_text_grid_collection_name|default":"","$button_type_panel":"lb_custom_01.new_ui_binding_button_label","$button_state_panel|default":"lb_custom_01.new_ui_button_panel","$default_state|default":false,"$hover_state|default":false,"$pressed_state|default":false,"$locked_state|default":false,"controls":[{"default@$button_state_panel":{"$new_ui_button_texture":"$default_button_texture","$text_color":"$lb_button_default","$secondary_text_color":"$light_button_secondary_default_text_color","$content_alpha":"$default_content_alpha","$border_color":"$light_border_default_color","$border_layer":2,"$default_state":true,"$button_alpha":"$default_button_alpha","layer":1}},{"hover@$button_state_panel":{"$new_ui_button_texture":"$hover_button_texture","$text_color":"$lb_button_hover","$secondary_text_color":"$light_button_secondary_hover_text_color","$content_alpha":1,"$border_color":"$light_border_hover_color","$border_layer":4,"$hover_state":true,"$button_alpha":"$default_hover_alpha","layer":4}},{"pressed@$button_state_panel":{"$new_ui_button_texture":"$pressed_button_texture","$text_color":"$lb_button_hover","$secondary_text_color":"$light_button_secondary_pressed_text_color","$button_offset|default":"$button_pressed_offset","$content_alpha":"$pressed_alpha","$border_color":"$light_border_pressed_color","$border_layer":5,"$pressed_state":true,"$button_alpha":"$default_pressed_alpha","layer":5}},{"locked@$button_state_panel":{"$new_ui_button_texture":"$locked_button_texture","$text_color":"$locked_text_color","$secondary_text_color":"$light_button_secondary_locked_text_color","$content_alpha":"$locked_alpha","$border_color":"$light_border_locked_color","$button_image":"common_buttons.locked_button_image","$border_layer":1,"$locked_state":true,"layer":1}}]},"light_button_assets@lb_custom_01.button":{"$default_button_texture|default":"textures/ui/lb_common/9_black","$default_content_alpha|default":0.7,"$hover_content_alpha|default":0.8,"$hover_button_texture|default":"textures/ui/lb_common/9_black","$pressed_button_texture|default":"textures/ui/lb_common/9_black","$locked_button_texture|default":"textures/ui/disabledButtonNoBorder","locked_control":"locked","$default_font|default":"default","$font_type":"$default_font","$locked_alpha":1},"button":{"type":"button","$focus_id|default":"","$focus_override_down|default":"","$focus_override_up|default":"","$focus_override_left|default":"","$focus_override_right|default":"","focus_identifier":"$focus_id","focus_change_down":"$focus_override_down","focus_change_up":"$focus_override_up","focus_change_left":"$focus_override_left","focus_change_right":"$focus_override_right","$focus_enabled|default":true,"focus_enabled":"$focus_enabled","focus_magnet_enabled":true,"$focus_wrap_enabled|default":true,"focus_wrap_enabled":"$focus_wrap_enabled","$button_focus_precedence|default":0,"default_focus_precedence":"$button_focus_precedence","$button_tts_name|default":"accessibility.button.tts.title","$button_tts_header|default":"","$tts_section_header|default":"","$button_tts_control_type_order_priority|default":100,"$button_tts_index_priority|default":150,"tts_name":"$button_tts_name","tts_control_header":"$button_tts_header","tts_section_header":"$tts_section_header","tts_control_type_order_priority":"$button_tts_control_type_order_priority","tts_index_priority":"$button_tts_index_priority","layer":1,"sound_name":"random.click","sound_volume":1,"sound_pitch":1,"locked_control":"","default_control":"default","hover_control":"hover","pressed_control":"pressed","button_mappings":[{"from_button_id":"button.menu_select","to_button_id":"$pressed_button_name","mapping_type":"pressed"},{"from_button_id":"button.menu_ok","to_button_id":"$pressed_button_name","mapping_type":"focused"}],"$button_bindings|default":[],"bindings":"$button_bindings"},"new_ui_binding_button_label":{"type":"label","layer":2,"text":"$button_text","color":"$text_color","$font_type|default":"default","font_type":"$font_type","font_size":"$button_font_size","$button_font_scale_factor|default":1,"font_scale_factor":"$button_font_scale_factor","$button_font_size|default":"normal","$new_ui_label_offset|default":"$button_offset","offset":"$new_ui_label_offset","$anchor|default":"center","anchor_from":"$anchor","anchor_to":"$anchor","shadow":false,"$button_text_size|default":["default","default"],"size":"$button_text_size","$button_text_max_size|default":["100%",10],"max_size":"$button_text_max_size","$text_alignment|default":"center","text_alignment":"$text_alignment","$tts_section_header|default":"","tts_section_header":"$tts_section_header","bindings":[{"binding_type":"$button_text_binding_type","binding_condition":"$button_binding_condition","binding_collection_name":"$button_text_grid_collection_name","binding_name":"$button_text","binding_name_override":"$button_text"}]},"new_ui_button_panel":{"type":"panel","$button_alpha|default":1,"layer":1,"$button_size_override|default":["100%","100%"],"size":"$button_size_override","$content_alpha|default":1,"$button_image|default":"lb_custom_01.button_image","$button_image_visible|default":true,"$button_image_size|default":["100% - 2px","100% - 2px"],"$image_anchor|default":"center","$image_offset|default":[0,0],"$border_visible|default":true,"$border_alpha|default":1,"$button_anchor_to|default":"center","$button_anchor_from|default":"center","anchor_to":"$button_anchor_to","anchor_from":"$button_anchor_from","$button_image_fill|default":false,"$button_image_color|default":[1,1,1],"controls":[{"$button_image@$button_image":{"ignored":"(not $button_image_visible)","size":"$button_image_size","offset":"$image_offset","anchor_from":"$image_anchor","anchor_to":"$image_anchor","layer":1,"fill":"$button_image_fill","color":"$button_image_color"}},{"button_content":{"type":"panel","$button_content_size|default":["100% - 6px","100% - 6px"],"size":"$button_content_size","controls":[{"$button_type_panel@$button_type_panel":{"layer":3}}]}},{"border@lb_custom_01.focus_border":{"color":"$border_color","layer":"$border_layer","alpha":"$border_alpha","ignored":"(not $border_visible)"}}]},"button_image":{"type":"image","layer":1,"texture":"$new_ui_button_texture","$button_alpha|default":"$content_alpha","alpha":"$button_alpha","$button_image_bindings|default":[],"bindings":"$button_image_bindings"},"generated_contents":{"type":"stack_panel","size":["100%","100%c"],"orientation":"vertical","anchor_from":"top_left","anchor_to":"top_left","factory":{"name":"buttons","control_ids":{"label":"@lb_custom_01.custom_label","toggle":"@lb_custom_01.custom_toggle","slider":"@lb_custom_01.custom_slider","step_slider":"@lb_custom_01.custom_step_slider","dropdown":"@lb_custom_01.custom_dropdown","input":"@lb_custom_01.custom_input"}},"collection_name":"custom_form","bindings":[{"binding_name":"#custom_form_length","binding_name_override":"#collection_length"}]},"custom_label@settings_common.option_group_label":{"$text":"#custom_text","$text_bindings":[{"binding_name":"#custom_text","binding_type":"collection","binding_collection_name":"custom_form"}]},"custom_toggle@option_toggle":{"$option_label":"#custom_text","$toggle_name":"custom_toggle","$toggle_state_binding_name":"#custom_toggle_state","$option_binding_name":"#custom_toggle_state","$toggle_binding_type":"collection","$toggle_enabled_binding_name":"#custom_toggle_enabled","$toggle_enabled_binding_type":"collection","$toggle_grid_collection_name":"custom_form","$label_bindings":[{"binding_name":"#custom_text","binding_type":"collection","binding_collection_name":"custom_form"}]},"option_toggle@option_generic":{"$control_name":"lb_custom_01.option_toggle_control","$option_label|default":"","$toggle_tts_header":"$option_label","variables":[{"requires":"$desktop_screen","$one_line_layout":true}]},"option_toggle_state_template":{"type":"image","size":[30,16],"anchor_from":"top_left","anchor_to":"top_left"},"option_toggle_on@lb_custom_01.option_toggle_state_template":{"texture":"textures/ui/lb_common/toggle/toggle_on"},"option_toggle_off@lb_custom_01.option_toggle_state_template":{"texture":"textures/ui/lb_common/toggle/toggle_off"},"option_toggle_on_hover@lb_custom_01.option_toggle_state_template":{"texture":"textures/ui/lb_common/toggle/toggle_on_hover"},"option_toggle_off_hover@lb_custom_01.option_toggle_state_template":{"texture":"textures/ui/lb_common/toggle/toggle_off_hover"},"option_toggle_on_locked@lb_custom_01.option_toggle_on":{"alpha":0.5},"option_toggle_off_locked@lb_custom_01.option_toggle_off":{"alpha":0.5},"option_toggle_control@common.toggle":{"layer":2,"$toggle_state_binding_name|default":"$option_binding_name","$toggle_enabled_binding_name|default":"$option_enabled_binding_name","$toggle_enabled_binding_type|default":"global","size":["100%","100%c"],"$binding_type":"global","$binding_condition":"once","$unchecked_control":"lb_custom_01.option_toggle_off","$checked_control":"lb_custom_01.option_toggle_on","$unchecked_hover_control":"lb_custom_01.option_toggle_off_hover","$checked_hover_control":"lb_custom_01.option_toggle_on_hover","$unchecked_locked_control":"lb_custom_01.option_toggle_off_locked","$unchecked_locked_hover_control":"lb_custom_01.option_toggle_off_locked","$checked_locked_control":"lb_custom_01.option_toggle_on_locked","$checked_locked_hover_control":"lb_custom_01.option_toggle_on_locked","$enable_directional_toggling":false,"enabled":"$enabled","variables":[{"requires":"(not $option_enabled_binding_name or not $enabled)","$toggle_enabled_binding_name":"#not_data_bound","$toggle_enabled_binding_type":"none"}]},"custom_slider@option_slider":{"$option_label":"#custom_slider_text","$slider_name":"custom_slider","$slider_value_binding_name":"#custom_slider_value","$slider_tts_text_value":"#custom_slider_text_value","$slider_binding_type":"collection","$slider_collection_name":"custom_form","$slider_enabled_binding_name":"#custom_slider_enabled","$slider_enabled_binding_type":"collection","$label_bindings":[{"binding_name":"#custom_slider_text","binding_type":"collection","binding_collection_name":"custom_form"}]},"option_slider@option_generic":{"$control_name":"lb_custom_01.option_slider_control"},"option_slider_control":{"type":"panel","size":["100% - 2px",16],"$slider_box_layout":"lb_custom_01.slider_button_layout","$slider_box_hover_layout":"lb_custom_01.slider_button_hover_layout","$slider_box_locked_layout":"lb_custom_01.slider_button_locked_layout","$slider_box_indent_layout":"lb_custom_01.slider_button_indent_layout","controls":[{"slider@common.slider":{"size":["100%-8px",10],"$slider_box_size":[10,16],"offset":[1,0],"$option_label|default":"","$slider_tts_header":"$option_label","$slider_tts_header_binding_type":"global","enabled":"$enabled","$slider_enabled_binding_name":"$option_enabled_binding_name","$slider_enabled_binding_type":"global","$slider_step_factory_control_ids":{"slider_step":"@lb_custom_01.slider_step","slider_step_hover":"@lb_custom_01.slider_step_hover","slider_step_progress":"@lb_custom_01.slider_step_progress","slider_step_progress_hover":"@lb_custom_01.slider_step_progress_hover"},"variables":[{"requires":"(not $option_enabled_binding_name or not $enabled)","$slider_enabled_binding_name":"#not_data_bound","$slider_enabled_binding_type":"none"}],"controls":[{"slider_box@common.slider_box":{"$slider_box_layout":"$slider_box_layout","$slider_box_size":"$slider_box_size","$slider_track_button":"$slider_name"}},{"slider_bar_default@lb_custom_01.slider_bar_default":{}},{"slider_bar_hover@lb_custom_01.slider_bar_hover":{"visible":false}}]}}]},"slider_bar_default@common.slider_border":{"$background_control|default":"lb_custom_01.slider_background","$progress_control|default":"lb_custom_01.slider_progress","$background_control_name|default":"slider_background","$progress_control_name|default":"slider_progress","$progress_clip_direction|default":"left","color":"$slider_default_border_color","controls":[{"sizing_panel":{"type":"panel","size":["100% - 2px","100% - 2px"],"controls":[{"$background_control_name@$background_control":{"layer":1}},{"$progress_control_name@$progress_control":{"layer":3,"clip_direction":"$progress_clip_direction","clip_pixelperfect":false}}]}},{"transparent_grey":{"type":"image","ignored":"$is_holographic","texture":"textures/ui/slider_locked_transparent_fade","alpha":0.5,"layer":4,"bindings":[{"binding_type":"$slider_enabled_binding_type","binding_condition":"$slider_enabled_binding_condition","binding_collection_name":"$slider_collection_name","binding_name":"(not $slider_enabled_binding_name)","binding_name_override":"#visible"}]}}]},"slider_bar_hover@slider_bar_default":{"color":"$slider_hover_border_color","$background_control":"lb_custom_01.slider_background_hover","$progress_control":"lb_custom_01.slider_progress_hover","$background_control_name":"slider_background_hover","$progress_control_name":"slider_progress_hover"},"slider_button_state":{"type":"image","layer":2,"texture":"textures/ui/lb_common/slider/slider_button_default"},"slider_button_layout@slider_button_state":{"texture":"textures/ui/lb_common/slider/slider_button_default"},"slider_button_hover_layout@slider_button_state":{"texture":"textures/ui/lb_common/slider/slider_button_hover"},"slider_button_locked_layout@slider_button_state":{"texture":"textures/ui/lb_common/slider/slider_button_locked"},"slider_button_indent_layout@slider_button_state":{"texture":"textures/ui/lb_common/slider/slider_button_indent"},"slider_background":{"type":"image","texture":"textures/ui/lb_common/slider/slider_background"},"slider_background_hover":{"type":"image","texture":"textures/ui/lb_common/slider/slider_background_hover"},"slider_progress":{"type":"image","texture":"textures/ui/lb_common/slider/slider_progress"},"slider_progress_hover":{"type":"image","texture":"textures/ui/lb_common/slider/slider_progress_hover"},"slider_border":{"type":"image","texture":"textures/ui/lb_common/slider/slider_border"},"slider_step":{"type":"image","texture":"textures/ui/lb_common/slider/slider_step_background","size":[2,6],"layer":4,"offset":"$step_offset"},"slider_step_hover@slider_step":{"texture":"textures/ui/lb_common/slider/slider_step_background_hover"},"slider_step_progress@slider_step":{"texture":"textures/ui/lb_common/slider/slider_step_progress"},"slider_step_progress_hover@slider_step":{"texture":"textures/ui/lb_common/slider/slider_step_progress_hover"},"custom_step_slider@custom_slider":{"$option_label":"#custom_slider_step_text","$slider_name":"custom_slider_step","$slider_value_binding_name":"#custom_slider_step_value","$slider_tts_text_value":"#custom_slider_step_text_value","$slider_steps_binding_type":"collection","$slider_steps_binding_name":"#custom_slider_steps","$label_bindings":[{"binding_name":"#custom_slider_step_text","binding_type":"collection","binding_collection_name":"custom_form"}]},"custom_dropdown":{"type":"panel","size":["100%","100%c"],"$default_text_color":"$lb_button_default","$hover_text_color":"$lb_button_hover","$default_checked_text_color":"$lb_button_default","$hover_checked_text_color":"$lb_button_hover","controls":[{"dropdown@lb_custom_01.option_dropdown":{"$option_label":"#custom_text","$dropdown_content":"lb_custom_01.custom_dropdown_content","$dropdown_area":"generated_form","$dropdown_name":"custom_dropdown","$dropdown_background_control":"lb_custom_01.dropdown_background","$toggle_binding_type":"collection","$toggle_grid_collection_name":"custom_form","$options_dropdown_toggle_label_binding":"#dropdown_option_text","$options_dropdown_toggle_label_binding_type":"collection","$options_dropdown_toggle_label_binding_collection_name":"custom_form","$dropdown_scroll_content_size":["100%","200%"],"$label_bindings":[{"binding_name":"#custom_text","binding_type":"collection","binding_collection_name":"custom_form"}]}}]},"option_dropdown@lb_custom_01.option_generic":{"$control_name":"lb_custom_01.option_dropdown_control"},"option_dropdown_control":{"type":"panel","$option_dropdown_size|default":["100%",30],"size":"$option_dropdown_size","anchor_from":"center","anchor_to":"center","$dropdown_background_control|default":"lb_custom_01.dropdown_background","$option_dropdown_type|default":"lb_custom_01.dropdown","$option_label|default":"","layer":2,"controls":[{"dropdown@$option_dropdown_type":{"$dropdown_toggle":"lb_custom_01.options_dropdown_toggle_control","$dropdown_background":"$dropdown_background_control","$dropdown_content|default":"unset_dropdown_content","$dropdown_name|default":"unset $dropdown_name","$options_dropdown_toggle_label_binding|default":"unset $options_dropdown_toggle_label_text","$locked_alpha":0.5,"$toggle_tts_header":"$option_label"}}]},"dropdown":{"type":"panel","$dropdown_content|default":"common.empty_panel","$dropdown_toggle|default":"common.checkbox","$dropdown_name|default":"dropdown_control","$dropdown_scroll_content_size|default":["100%","500%"],"$dropdown_toggle_name|default":"($dropdown_name + '_toggle')","$dropdown_background|default":"common.dropdown_background","controls":[{"$dropdown_name@$dropdown_toggle":{"type":"dropdown","$toggle_view_binding_name":"$dropdown_name","anchor_from":"top_left","anchor_to":"top_left","dropdown_name":"$dropdown_name","dropdown_content_control":"dropdown_content","dropdown_area":"$dropdown_area","$toggle_name":"$dropdown_name","$toggle_state_binding_name":"('#' + $dropdown_name)","$toggle_tts_name":"accessibility.dropdown.tts.title","$toggle_tts_toggle_on_text":"","$toggle_tts_toggle_off_text":"","tts_control_type_order_priority":-1}},{"dropdown_content":{"type":"input_panel","layer":42,"size":"$dropdown_scroll_content_size","$anchor_dropdown_content_from|default":"top_left","$anchor_dropdown_content_to|default":"top_left","anchor_from":"$anchor_dropdown_content_from","anchor_to":"$anchor_dropdown_content_to","modal":true,"property_bag":{"#is_dropdown":true},"ttsSectionContainer":true,"$dropdown_content_controls|default":[{"scroll@lb_custom_01.scrolling_panel":{"layer":2,"size":["100%","100%"],"$scrolling_pane_size":["100%","100%"],"$scrolling_content":"$dropdown_content","$scroll_view_port_size":["100% - 4px","100% - 4px"],"$scroll_view_port_size_touch":["100% - 4px","100% - 4px"],"$scroll_view_port_offset":[2,2],"$scroll_view_port_offset_touch":[2,2],"$scroll_size":[5,"100%-2px"],"$scroll_size_touch":[5,"100%-2px"],"$scroll_background_image_control":"$dropdown_background","$background_size":["100%","100%"],"$background_size_touch":["100%","100%"],"$show_background":true,"$scroll_bar_contained":true,"$scroll_bar_contained_touch":true,"$scroll_bg_alpha":1,"$scroll_bg_texture":"textures/ui/lb_common/dropdown/dropdown_background"}}],"controls":"$dropdown_content_controls","bindings":[{"binding_type":"view","source_control_name":"($dropdown_name)","source_property_name":"#toggle_state","target_property_name":"#visible","resolve_sibling_scope":true}],"button_mappings":[{"from_button_id":"button.menu_cancel","to_button_id":"button.dropdown_exit","mapping_type":"global"},{"from_button_id":"button.menu_ok","to_button_id":"button.dropdown_exit","mapping_type":"global"},{"from_button_id":"button.menu_select","to_button_id":"button.dropdown_exit","mapping_type":"global"},{"from_button_id":"button.menu_up","to_button_id":"button.menu_up","mapping_type":"global","scope":"view"},{"from_button_id":"button.menu_down","to_button_id":"button.menu_down","mapping_type":"global","scope":"view"},{"from_button_id":"button.menu_left","to_button_id":"button.menu_left","mapping_type":"global","scope":"view"},{"from_button_id":"button.menu_right","to_button_id":"button.menu_right","mapping_type":"global","scope":"view"}]}}]},"options_dropdown_toggle_control@lb_custom_01.light_template_toggle":{"size":["100%","100%"],"$button_type_panel|default":"lb_custom_01.default_options_dropdown_toggle_button_state_content","enabled":"$enabled","$toggle_enabled_binding_name|default":"$option_enabled_binding_name","$toggle_enabled_binding_type|default":"global","$toggle_binding_type|default":"global","variables":[{"requires":"(not $option_enabled_binding_name or not $enabled)","$toggle_enabled_binding_name":"#not_data_bound","$toggle_enabled_binding_type":"none"}]},"default_options_dropdown_toggle_button_state_content":{"type":"stack_panel","layer":3,"orientation":"horizontal","$options_dropdown_toggle_button_state_content|default":["100%","100% - 8px"],"size":"$options_dropdown_toggle_button_state_content","$options_dropdown_toggle_prelabel_content|default":"common.empty_panel","$options_dropdown_toggle_left_padding|default":[8,"100%"],"$options_dropdown_toggle_right_padding|default":[8,"100%"],"controls":[{"left_padding@common.empty_panel":{"size":"$options_dropdown_toggle_left_padding"}},{"option_content@$options_dropdown_toggle_prelabel_content":{"$options_dropdown_toggle_prelabel_content_size|default":[0,"100%"],"size":"$options_dropdown_toggle_prelabel_content_size"}},{"option_content_padding@common.empty_panel":{"$options_dropdown_toggle_prelabel_content_padding|default":[0,"100%"],"size":"$options_dropdown_toggle_prelabel_content_padding"}},{"label_panel":{"type":"panel","layer":1,"size":["fill","100%"],"controls":[{"label@common.new_button_label":{"layer":1,"$options_dropdown_label_color_binding_type|default":"none","$options_dropdown_label_color_binding|default":"","$options_dropdown_toggle_label_font_type|default":"default","$options_dropdown_toggle_label_font_scale|default":1,"anchor_from":"left_middle","anchor_to":"left_middle","size":["100%","default"],"max_size":["100%","100%"],"text":"$options_dropdown_toggle_label_binding","color":"$lb_button_default","font_type":"$options_dropdown_toggle_label_font_type","font_scale_factor":"$options_dropdown_toggle_label_font_scale","$options_dropdown_toggle_label_shadow|default":false,"shadow":"$options_dropdown_toggle_label_shadow","$options_dropdown_toggle_label_binding_type|default":"global","$options_dropdown_toggle_label_binding_collection_name|default":"","$options_dropdown_label_bindings|default":[{"binding_name":"$options_dropdown_toggle_label_binding","binding_condition":"none","binding_type":"$options_dropdown_toggle_label_binding_type","binding_collection_name":"$options_dropdown_toggle_label_binding_collection_name"},{"binding_name":"$options_dropdown_label_color_binding","binding_type":"$options_dropdown_label_color_binding_type","binding_name_override":"#color"}],"bindings":"$options_dropdown_label_bindings"}}]}},{"arrow_panel":{"type":"panel","layer":1,"size":["100%c","100%"],"controls":[{"dropdown_chevron_image@common.dropdown_chevron_image":{}}]}},{"right_padding@common.empty_panel":{"size":"$options_dropdown_toggle_right_padding"}}]},"light_template_toggle@common.toggle":{"$unchecked_control|default":"common_toggles.toggle_unchecked","$checked_control|default":"common_toggles.toggle_checked","$unchecked_hover_control|default":"common_toggles.toggle_unchecked_hover","$checked_hover_control|default":"common_toggles.toggle_checked_hover","$unchecked_locked_control|default":"common_toggles.toggle_locked","$unchecked_locked_hover_control|default":"common_toggles.toggle_locked","$checked_locked_control|default":"common_toggles.toggle_locked","$checked_locked_hover_control|default":"common_toggles.toggle_locked","$default_texture|default":"textures/ui/lb_common/9_black","$hover_texture|default":"textures/ui/lb_common/9_black","$pressed_texture|default":"textures/ui/lb_common/9_black","$pressed_no_hover_texture|default":"textures/ui/lb_common/9_black","$locked_texture|default":"textures/ui/disabledButtonNoBorder","$default_texture_alpha|default":0.7,"$default_checked_texture_alpha|default":1,"$hover_texture_alpha|default":0.8,"$hover_checked_texture_alpha|default":1,"$default_texture_color|default":"$f_color_format","$default_checked_texture_color|default":"$f_color_format","$hover_texture_color|default":"$f_color_format","$hover_checked_texture_color|default":"$f_color_format","$default_text_color|default":"$lb_button_default","$hover_text_color|default":"$lb_button_hover","$default_checked_text_color|default":"$lb_button_default","$hover_checked_text_color|default":"$lb_button_hover","$default_glyph_color|default":"$light_glyph_toggle_default_color","$hover_glyph_color|default":"$light_glyph_toggle_hover_color","$default_checked_glyph_color|default":"$light_glyph_toggle_checked_default_color","$hover_checked_glyph_color|default":"$light_glyph_toggle_checked_hover_color","$checked_image|default":"common.empty_panel","$unchecked_image|default":"common.empty_panel","$default_border_visible|default":true,"$hover_border_visible|default":true,"$default_border_color":"$light_border_toggle_default_color","$hover_border_color":"$light_border_toggle_hover_color","$locked_alpha":1,"$toggle_binding_type|default":"none","$toggle_parent_collection_details|default":"none","$toggle_parent_collection_details_name|default":"","$toggle_parent_collection_details_prefix|default":"","$toggle_enabled_binding_type|default":"none","$toggle_property_bag_binding_type|default":"none","$toggle_property_bag_binding_condition|default":"visible","$toggle_property_bag_binding_name|default":"#fill_toggle_property_bag","$toggle_tab_focus_binding_type|default":"none","$toggle_tab_focus_id_binding_type|default":"none","$toggle_tab_focus_override_left_binding_type|default":"none","$toggle_tab_focus_override_right_binding_type|default":"none","$toggle_tab_focus_override_down_binding_type|default":"none","$toggle_tab_focus_override_up_binding_type|default":"none","$toggle_on_hover_binding_type|default":"none","$toggle_tab_focus_binding_name|default":"","$toggle_tab_focus_id_binding_name|default":"","$toggle_tab_focus_override_right|default":"#focus_override_right","$toggle_tab_focus_override_down|default":"#focus_override_down","$toggle_tab_focus_override_up|default":"#focus_override_up","$toggle_tab_focus_override_left|default":"#focus_override_left","$toggle_on_hover_binding_name|default":"","$toggle_focus_wrap_enabled|default":true,"$toggle_focus_magnet_enabled|default":true,"$toggle_unchecked|default":false,"$toggle_unchecked_hover|default":false,"$toggle_checked|default":false,"$toggle_checked_hover|default":false,"$default_state|default":false,"$hover_state|default":false,"$pressed_state|default":false,"$locked_state|default":false,"$enable_hover_event_mapping|default":false,"$toggle_hover_event_mapping|default":"","$enable_focus_id_bind|default":false,"$focus_id_binding_name|default":"","$enable_focus_enabled_bind|default":false,"$focus_enabled_binding_name|default":"","$button_mappings|default":[{"from_button_id":"button.menu_select","to_button_id":"button.menu_select","mapping_type":"pressed"},{"from_button_id":"button.menu_ok","to_button_id":"button.menu_ok","mapping_type":"focused"},{"from_button_id":"button.controller_back","to_button_id":"button.controller_back","mapping_type":"focused","ignored":"(not $allow_controller_back_button_mapping)"},{"ignored":"(not $enable_directional_toggling)","from_button_id":"button.menu_left","to_button_id":"$toggle_off_button","mapping_type":"pressed","input_mode_condition":"gamepad_and_not_gaze"},{"ignored":"(not $enable_directional_toggling)","from_button_id":"button.menu_right","to_button_id":"$toggle_on_button","mapping_type":"pressed","input_mode_condition":"gamepad_and_not_gaze"},{"ignored":"(not $enable_hover_event_mapping)","to_button_id":"$toggle_hover_event_mapping","mapping_type":"pressed"}],"focus_wrap_enabled":"$toggle_focus_wrap_enabled","focus_magnet_enabled":"$toggle_focus_magnet_enabled","$custom_toggle_binding_type|default":"none","$custom_toggle_binding_condition|default":"visible","$custom_toggle_state_binding_name|default":"","$custom_toggle_state_binding_name_override|default":"","$toggle_tts_header_binding_type|default":"none","$toggle_tts_header_binding_condition|default":"visible","$toggle_tts_header_binding_collection_name|default":"","$toggle_tts_header|default":"","button_mappings":"$button_mappings","bindings":[{"binding_type":"$toggle_binding_type","binding_condition":"$toggle_binding_condition","binding_collection_name":"$toggle_grid_collection_name","binding_name":"$toggle_state_binding_name","binding_name_override":"#toggle_state"},{"binding_type":"$toggle_enabled_binding_type","binding_condition":"$toggle_enabled_binding_condition","binding_collection_name":"$toggle_grid_collection_name","binding_name":"$toggle_enabled_binding_name","binding_name_override":"#enabled"},{"binding_collection_name":"$toggle_grid_collection_name","binding_type":"collection_details"},{"binding_type":"$toggle_parent_collection_details","binding_collection_name":"$toggle_parent_collection_details_name","binding_collection_prefix":"$toggle_parent_collection_details_prefix"},{"binding_type":"$toggle_property_bag_binding_type","binding_condition":"$toggle_property_bag_binding_condition","binding_collection_name":"$toggle_grid_collection_name","binding_name":"$toggle_property_bag_binding_name"},{"binding_type":"$toggle_tab_focus_binding_type","binding_name":"$toggle_tab_focus_binding_name","binding_name_override":"#default_focus_precedence"},{"binding_type":"$toggle_tab_focus_id_binding_type","binding_collection_name":"$toggle_grid_collection_name","binding_name":"$toggle_tab_focus_id_binding_name","binding_name_override":"#focus_identifier"},{"binding_type":"$toggle_tab_focus_override_right_binding_type","binding_collection_name":"$toggle_grid_collection_name","binding_name":"$toggle_tab_focus_override_right","binding_name_override":"#focus_change_right"},{"binding_type":"$toggle_tab_focus_override_left_binding_type","binding_collection_name":"$toggle_grid_collection_name","binding_name":"$toggle_tab_focus_override_left","binding_name_override":"#focus_change_left"},{"binding_type":"$toggle_tab_focus_override_down_binding_type","binding_collection_name":"$toggle_grid_collection_name","binding_name":"$toggle_tab_focus_override_down","binding_name_override":"#focus_change_down"},{"binding_type":"$toggle_tab_focus_override_up_binding_type","binding_collection_name":"$toggle_grid_collection_name","binding_name":"$toggle_tab_focus_override_up","binding_name_override":"#focus_change_up"},{"binding_type":"$toggle_on_hover_binding_type","binding_name":"$toggle_on_hover_binding_name","binding_name_override":"#toggle_on_hover"},{"binding_type":"$custom_toggle_binding_type","binding_condition":"$custom_toggle_binding_condition","binding_collection_name":"$toggle_grid_collection_name","binding_name":"$custom_toggle_state_binding_name","binding_name_override":"$custom_toggle_state_binding_name_override"},{"binding_type":"$toggle_tts_header_binding_type","binding_condition":"$toggle_tts_header_binding_condition","binding_collection_name":"$toggle_tts_header_binding_collection_name","binding_name":"$toggle_tts_header"},{"ignored":"(not $enable_focus_id_bind)","binding_name":"$focus_id_binding_name","binding_name_override":"#focus_identifier"},{"ignored":"(not $enable_focus_enabled_bind)","binding_name":"$focus_enabled_binding_name","binding_name_override":"#focus_enabled"}]},"option_dropdown_control_no_scroll@lb_custom_01.option_dropdown_control":{"$option_dropdown_type":"lb_custom_01.dropdown_no_scrollpanel"},"dropdown_background":{"layer":1,"type":"image","texture":"textures/ui/lb_common/dropdown/dropdown_background"},"option_generic":{"type":"panel","$option_generic_panel_size|default":["100%","100%c"],"size":"$option_generic_panel_size","$enabled|default":true,"$option_enabled_binding_name|default":"","controls":[{"option_generic_core@option_generic_core":{}}]},"white_label":{"type":"label","color":"$main_header_text_color","text":"$text"},"option_generic_core":{"$allow_data_binding|default":true,"$option_label|default":"","$show_option_label|default":true,"$label_bindings|default":[],"$one_line_layout|default":false,"$has_option_description|default":false,"$option_description|default":"","$option_enabled_binding_type|default":"global","$option_label_alignment|default":"left","$label_offset|default":[0,0],"type":"stack_panel","size":["100%","100%c"],"enabled":"$enabled","variables":[{"requires":"(not $enabled or not $option_enabled_binding_name)","$option_enabled_binding_type":"none","$option_enabled_binding_name":"#not_data_bound"}],"bindings":[{"binding_type":"$option_enabled_binding_type","binding_name":"$option_enabled_binding_name","binding_name_override":"#enabled"}],"controls":[{"two_line_layout":{"ignored":"($one_line_layout)","type":"stack_panel","orientation":"vertical","size":["100%","100%c"],"controls":[{"option_label_panel":{"type":"panel","size":["100%","100%c"],"controls":[{"option_label":{"type":"label","text_alignment":"$option_label_alignment","color":"$main_header_text_color","size":["100%","default"],"offset":"$label_offset","layer":1,"text":"$option_label","visible":"$show_option_label","bindings":"$label_bindings","locked_alpha":0.5}}]}},{"spacer":{"type":"panel","visible":"$show_option_label","size":[0,1]}},{"option_descriptive_text_0":{"ignored":"(not $has_option_description)","type":"label","text_alignment":"$option_label_alignment","size":["90%","default"],"min_size":[0,0],"color":"$light_button_locked_text_color","text":"$option_description","visible":"$show_option_label","anchor_from":"bottom_left","anchor_to":"bottom_left","locked_alpha":0.5}},{"spacer2":{"type":"panel","visible":"$show_option_label","size":[0,1]}},{"$control_name@$control_name":{"anchor_from":"top_left","anchor_to":"top_left"}}]}},{"one_line_layout":{"ignored":"(not $one_line_layout)","type":"panel","$line_size|default":["100%","100%c - 16px + 2px"],"$line_min_size|default":["100%","16px"],"size":"$line_size","min_size":"$line_min_size","$label_size|default":["100% - 34px","default"],"$label_offset|default":[34,3],"controls":[{"$control_name@$control_name":{"anchor_from":"top_left","anchor_to":"top_left"}},{"option_label":{"type":"label","color":"$main_header_text_color","text_alignment":"$option_label_alignment","layer":1,"size":"$label_size","offset":"$label_offset","anchor_from":"top_left","anchor_to":"top_left","text":"$option_label","visible":"$show_option_label","bindings":"$label_bindings","locked_alpha":0.5}},{"option_descriptive_text":{"ignored":"(not $has_option_description)","type":"label","text_alignment":"$option_label_alignment","size":"$label_size","offset":"$label_offset","min_size":[0,0],"color":"$light_button_locked_text_color","text":"$option_description","visible":"$show_option_label","anchor_from":"bottom_left","anchor_to":"bottom_left","locked_alpha":0.5}}]}},{"spacer":{"type":"panel","size":[0,4]}}]},"custom_dropdown_content@lb_custom_01.option_radio_dropdown_group":{"$radio_buttons":[],"$radio_factory":{"name":"buttons","control_name":"lb_custom_01.custom_dropdown_radio"},"$radio_collection_name":"custom_dropdown","$radio_bindings":[{"binding_name":"#custom_dropdown_length","binding_type":"collection","binding_name_override":"#collection_length","binding_collection_name":"custom_form"}]},"option_radio_dropdown_group":{"type":"panel","size":["100% - 4px","100%c + 4px"],"offset":[2,1],"$toggle_tts_header":"","$toggle_tts_name":"accessibility.dropdown.listItem","$toggle_tts_toggle_on_text":"accessibility.state.selected","$toggle_tts_toggle_off_text":"accessibility.state.unselected","$toggle_tts_type_priority":50,"controls":[{"radio_control_group@lb_custom_01.option_radio_group_control":{"anchor_from":"top_left","anchor_to":"top_left"}}]},"option_radio_group_control":{"type":"stack_panel","size":["100%","100%c"],"controls":"$radio_buttons","$radio_factory|default":{"name":"empty"},"$radio_collection_name|default":"","$radio_bindings|default":[],"factory":"$radio_factory","collection_name":"$radio_collection_name","bindings":"$radio_bindings"},"custom_dropdown_radio@lb_custom_01.radio_with_label":{"$toggle_name":"custom_dropdown_radio_toggle","$toggle_state_binding_name":"#custom_radio_toggled","$toggle_binding_type":"collection","$toggle_grid_collection_name":"custom_dropdown","$toggle_collection_details_type":"collection_details","$radio_label_text":"#custom_radio_text","$radio_label_bindings":[{"binding_name":"#custom_radio_text","binding_type":"collection","binding_collection_name":"custom_dropdown"},{"binding_type":"collection_details"}]},"radio_with_label":{"type":"panel","anchor_from":"top_left","anchor_to":"top_left","size":["100%","17px"],"offset":[3,0],"$enabled|default":true,"controls":[{"radio_with_label_core@lb_custom_01.radio_with_label_core":{}}]},"radio_with_label_core@lb_custom_01.radio_toggle":{"$unchecked_control|default":"lb_custom_01.radio_visuals_unchecked","$checked_control|default":"lb_custom_01.radio_visuals_checked","$unchecked_hover_control|default":"lb_custom_01.radio_visuals_unchecked_hover","$checked_hover_control|default":"lb_custom_01.radio_visuals_checked_hover","$unchecked_locked_control|default":"lb_custom_01.radio_visuals_unchecked_locked","$unchecked_locked_hover_control|default":"lb_custom_01.radio_visuals_unchecked_locked","$checked_locked_control|default":"lb_custom_01.radio_visuals_checked_locked","$checked_locked_hover_control|default":"lb_custom_01.radio_visuals_checked_locked","$radio_toggle_group":true,"size":["100%","100%c"],"$toggle_name|default":"$toggle_state_binding_name","$toggle_enabled_binding_name":"$option_enabled_binding_name","enabled":"$enabled","$toggle_enabled_binding_type":"global","variables":[{"requires":"(not $option_enabled_binding_name or not $enabled)","$toggle_enabled_binding_name":"#not_data_bound","$toggle_enabled_binding_type":"none"}]},"radio_visuals_unchecked@radio_visuals":{"$radio_texture":"textures/ui/lb_common/dropdown/radio_off"},"radio_visuals_checked@radio_visuals":{"$radio_texture":"textures/ui/lb_common/dropdown/radio_on","$selected":true},"radio_visuals_unchecked_locked@radio_visuals":{"$radio_texture":"textures/ui/lb_common/dropdown/radio_off","$alpha":0.5},"radio_visuals_checked_locked@radio_visuals":{"$radio_texture":"textures/ui/lb_common/dropdown/radio_on","$alpha":0.5,"$selected":true},"radio_visuals_unchecked_hover@radio_visuals":{"$radio_texture":"textures/ui/lb_common/dropdown/radio_off_hover","$hovered":true},"radio_visuals_checked_hover@radio_visuals":{"$radio_texture":"textures/ui/lb_common/dropdown/radio_on_hover","$hovered":true},"radio_visuals":{"type":"panel","size":["100%",16],"$alpha|default":1,"$radio_label_bindings|default":[],"$radio_label_color|default":"$main_header_text_color","$radio_label_font_type|default":"default","$no_label|default":false,"$selected|default":false,"$hovered|default":false,"variables":[{"requires":"$selected","$highlight_image":"textures/ui/lb_common/dropdown/dropDownSelectBG"},{"requires":"$hovered","$highlight_image":"textures/ui/lb_common/dropdown/dropDownHoverBG"}],"controls":[{"radio_image":{"type":"image","texture":"$radio_texture","alpha":"$alpha","anchor_from":"left_middle","anchor_to":"left_middle","size":[10,10],"layer":2}},{"radio_label":{"ignored":"($no_label)","type":"label","anchor_from":"left_middle","anchor_to":"left_middle","text":"$radio_label_text","font_type":"$radio_label_font_type","color":"$radio_label_color","offset":[16,0.5],"size":["100% - 16px","default"],"alpha":"$alpha","bindings":"$radio_label_bindings","layer":2}},{"accessibility_selection_highlight":{"type":"image","$selection_highlight_size|default":["100% + 4px","100% + 2px"],"size":"$selection_highlight_size","$selection_highlight_offset|default":[0,0],"offset":"$selection_highlight_offset","ignored":"(not $selected and not $hovered)","$highlight_image|default":"","texture":"$highlight_image","tiled":true,"layer":1}}]},"radio_toggle@common.toggle":{"$unchecked_control|default":"lb_custom_01.radio_toggle_unchecked_state","$checked_control|default":"lb_custom_01.radio_toggle_checked_state","$unchecked_hover_control|default":"lb_custom_01.radio_toggle_unchecked_hover_state","$checked_hover_control|default":"lb_custom_01.radio_toggle_checked_hover_state","$unchecked_locked_control|default":"lb_custom_01.radio_toggle_unchecked_locked_state","$unchecked_locked_hover_control|default":"lb_custom_01.radio_toggle_unchecked_locked_state","$checked_locked_control|default":"lb_custom_01.radio_toggle_checked_locked_state","$checked_locked_hover_control|default":"lb_custom_01.radio_toggle_checked_locked_state","$radio_toggle_group":true},"radio_toggle_checked_state@checkbox_unchecked_state":{"texture":"textures/ui/lb_common/dropdown/checkbox_filled"},"radio_toggle_unchecked_state@checkbox_unchecked_state":{},"radio_toggle_checked_hover_state@toggle_state_template":{"texture":"textures/ui/lb_common/dropdown/checkbox_filled_hover"},"radio_toggle_unchecked_hover_state@checkbox_unchecked_hover_state":{},"radio_toggle_checked_locked_state@toggle_state_template":{"texture":"textures/ui/lb_common/dropdown/checkbox_filled_disabled"},"radio_toggle_unchecked_locked_state@checkbox_unchecked_locked_state":{},"checkbox_checked_state@toggle_state_template":{"texture":"textures/ui/lb_common/dropdown/checkbox_check"},"checkbox_unchecked_state@toggle_state_template":{"texture":"textures/ui/lb_common/dropdown/checkbox_space"},"checkbox_checked_hover_state@checkbox_checked_state":{"texture":"textures/ui/lb_common/dropdown/checkbox_checkHover"},"checkbox_unchecked_hover_state@checkbox_unchecked_state":{"texture":"textures/ui/lb_common/dropdown/checkbox_spaceHover"},"checkbox_checked_locked_state@checkbox_checked_state":{"texture":"textures/ui/lb_common/dropdown/checkbox_checkDisabled"},"checkbox_unchecked_locked_state@toggle_state_template":{"texture":"textures/ui/lb_common/dropdown/checkbox_spaceDisabled"},"toggle_state_template":{"$checkbox_alignment|default":"center","anchor_from":"$checkbox_alignment","anchor_to":"$checkbox_alignment","offset":"$checkbox_offset","$checkbox_offset|default":[0,0],"type":"image","layer":2,"size":[10,10]},"custom_input@settings_common.option_text_edit":{"$option_label":"#custom_text","$option_place_holder_text":"#custom_placeholder_text","$text_edit_box_placeholder_content_binding_name":"$option_place_holder_text","$text_edit_box_placeholder_content_binding_type":"collection","$text_edit_box_grid_collection_name":"custom_form","$max_text_edit_length":100,"$text_edit_box_content_binding_type":"collection","$text_edit_box_content_binding_name":"#custom_input_text","$option_binding_name":"#custom_input_text","$text_box_enabled_binding_name":"#custom_input_enabled","$text_box_name":"custom_input","$label_bindings":[{"binding_name":"#custom_text","binding_type":"collection","binding_collection_name":"custom_form"}]},"focus_border":{"$focus_border_size|default":["100%","100%"],"size":"$focus_border_size","type":"image","texture":"textures/ui/focus_border_white"},"scrolling_panel_base":{"type":"input_panel","anchor_to":"top_left","anchor_from":"top_left","$scroll_panel_consume_hover_events|default":true,"consume_hover_events":"$scroll_panel_consume_hover_events","$scroll_view_name|default":"scroll_view","controls":[{"$scroll_view_name@lb_custom_01.scroll_view_control":{}}],"$scrolling_panel_base_button_mappings|default":[],"button_mappings":"$scrolling_panel_base_button_mappings","tts_ignore_count":true},"scroll_view_control":{"type":"scroll_view","size":"$scroll_view_control_size","scroll_speed":15,"scrollbar_track_button":"button.scrollbar_skip_track","scrollbar_touch_button":"button.scrollbar_touch","touch_mode":"$use_touch_mode","always_listen_to_input":true,"always_handle_pointer":true,"$always_handle_scrolling|default":false,"always_handle_scrolling":"$always_handle_scrolling","scrollbar_track":"track","scrollbar_box":"box","scroll_content":"scrolling_content","scroll_view_port":"scrolling_view_port","scroll_box_and_track_panel":"bar_and_track","$jump_to_bottom_on_update|default":false,"jump_to_bottom_on_update":"$jump_to_bottom_on_update","$scroll_background_image_control|default":"lb_custom_01.scroll_indent_image","$scroll_track_image_control|default":"lb_custom_01.scroll_indent_image","button_mappings":[{"from_button_id":"button.menu_select","to_button_id":"button.scrollbar_touch","mapping_type":"pressed","button_up_right_of_first_refusal":true}],"bindings":[{"binding_name":"#gesture_control_enabled"}],"controls":[{"background":{"type":"image","$scroll_bg_texture|default":"$lb_scroll_bg_texture_default","texture":"$scroll_bg_texture","size":["100% + 0px","100% + 0px"],"offset":[0,0],"$scroll_bg_alpha|default":"$lb_scroll_bg_alpha_default","alpha":"$scroll_bg_alpha","layer":2,"anchor_from":"top_middle","anchor_to":"top_middle"}},{"stack_panel":{"ignored":"$scroll_bar_contained","type":"stack_panel","orientation":"horizontal","anchor_to":"top_left","anchor_from":"top_left","$scroll_view_stack_panel_size|default":["100%","100%"],"size":"$scroll_view_stack_panel_size","controls":[{"background_and_viewport@lb_custom_01.scroll_background_and_viewport":{}},{"bar_and_track@lb_custom_01.scroll_bar_and_track":{}}]}},{"panel":{"ignored":"(not $scroll_bar_contained)","type":"panel","anchor_to":"top_left","anchor_from":"top_left","$view_port_size|default":["100%","100%"],"$scroll_view_port_panel_size|default":["100%","100%"],"size":"$scroll_view_port_panel_size","controls":[{"background_and_viewport@lb_custom_01.scroll_background_and_viewport":{}},{"bar_and_track@lb_custom_01.scroll_bar_and_track":{}}]}}]},"empty_panel_size_y_0":{"type":"panel","size":["100%",0]},"scroll_background_and_viewport":{"type":"panel","size":"$view_port_size","anchor_from":"top_left","anchor_to":"top_left","clips_children":true,"controls":[{"scrolling_view_port":{"layer":1,"type":"panel","anchor_from":"center","anchor_to":"center","clips_children":true,"offset":"$scroll_view_port_offset","size":"$scroll_view_port_size","max_size":"$scroll_view_port_max_size","controls":[{"scrolling_content@$scrolling_content":{"layer":1,"$scrolling_content_anchor_from|default":"top_left","$scrolling_content_anchor_to|default":"top_left","anchor_from":"$scrolling_content_anchor_from","anchor_to":"$scrolling_content_anchor_to"}}]}}]},"empty_panel":{"type":"panel"},"scroll_bar_and_track":{"type":"panel","$scroll_bar_and_track_size|default":["100%c","100%"],"size":"$scroll_bar_and_track_size","clips_children":true,"anchor_from":"right_middle","anchor_to":"right_middle","controls":[{"stack_panel":{"type":"stack_panel","orientation":"horizontal","anchor_from":"center","anchor_to":"center","size":["default","100%"],"controls":[{"empty_panel_0@lb_custom_01.empty_panel":{"ignored":"$scroll_bar_contained","size":"$scroll_bar_left_padding_size"}},{"panel":{"type":"panel","size":["100%c","100%"],"controls":[{"centered_panel":{"type":"panel","size":"$scroll_size","$scroll_track_anchor|default":"center","anchor_from":"$scroll_track_anchor","anchor_to":"$scroll_track_anchor","$scroll_track_offset|default":[0,0],"offset":"$scroll_track_offset","controls":[{"track@lb_custom_01.scrollbar_track":{"layer":2,"anchor_from":"center","anchor_to":"center"}},{"scroll_box@lb_custom_01.scroll_box":{"layer":5,"anchor_from":"center","anchor_to":"center"}}]}}]}},{"empty_panel_1@lb_custom_01.empty_panel":{"size":"$scroll_bar_right_padding_size"}}]}}]},"scrollbar_track":{"type":"scroll_track","button_mappings":[{"from_button_id":"button.menu_select","to_button_id":"button.scrollbar_skip_track","mapping_type":"pressed"}],"controls":[{"bar_indent@$scroll_track_image_control":{"visible":"$scroll_box_visible"}}]},"scroll_box":{"type":"panel","controls":[{"box":{"type":"scrollbar_box","anchor_to":"top_left","anchor_from":"top_left","layer":10,"visible":"$scroll_box_visible","contained":true,"draggable":"vertical","$scroll_box_mouse_image_control|default":"lb_custom_01.scrollbar_box_image","$scroll_box_touch_image_control|default":"lb_custom_01.touch_scrollbar_box_image","button_mappings":[{"from_button_id":"button.menu_select","to_button_id":"button.menu_select","mapping_type":"pressed","button_up_right_of_first_refusal":true}],"controls":[{"mouse_box@$scroll_box_mouse_image_control":{"ignored":"$touch"}},{"touch_box@$scroll_box_touch_image_control":{"ignored":"(not $touch)"}}]}}]},"scroll_box_indent":{"type":"image","texture":"textures/ui/ScrollRail","layer":1},"scrollbar_box_image":{"type":"image","texture":"textures/ui/lb_common/scroll_handle","size":[5,"100%"],"layer":20},"anim_scrollbar_box_fadeout":{"anim_type":"alpha","play_event":"scrollbar.released","reset_event":"scrollbar.active","easing":"in_sine","duration":1.5,"from":1,"to":0,"next":"@lb_custom_01.anim_scrollbar_box_fadeout"},"touch_scrollbar_box_image":{"type":"image","texture":"textures/ui/lb_common/scroll_handle","layer":20,"alpha":"@lb_custom_01.anim_scrollbar_box_fadeout"},"new_touch_scrollbar_box_image":{"type":"image","texture":"textures/ui/newTouchScrollBox","layer":20,"alpha":"@lb_custom_01.anim_scrollbar_box_fadeout"},"scroll_indent_image":{"type":"image","texture":"textures/ui/ScrollRail","size":[3,"100%"],"layer":20},"scrolling_panel":{"type":"panel","$scrolling_pane_size|default":["100%","100%"],"$scrolling_pane_offset|default":[0,0],"$scroll_view_control_size|default":["100%","100%"],"$background_size|default":["100%","100%"],"$background_offset|default":[0,0],"$scroll_view_port_size|default":["100%","100% - 4px"],"$scroll_view_port_max_size|default":["100%","100%"],"$scroll_view_port_offset|default":[0,0],"$scroll_bar_left_padding_size|default":[2,0],"$scroll_bar_right_padding_size|default":[2,0],"$view_port_size|default":["fill","100%"],"$scroll_bar_contained|default":false,"$scroll_size|default":[4,"100%"],"$background_size_touch|default":["100%","100%"],"$background_offset_touch|default":[0,0],"$scroll_view_port_size_touch|default":["100%","100%"],"$scroll_view_port_max_size_touch|default":["100%","100%"],"$scroll_view_port_offset_touch|default":[0,0],"$scroll_bar_left_padding_size_touch|default":[0,0],"$scroll_bar_right_padding_size_touch|default":[1,0],"$view_port_size_touch|default":["100%","100%"],"$scroll_bar_contained_touch|default":true,"$scroll_size_touch|default":[4,"100%"],"$scroll_box_visible|default":true,"$scroll_box_visible_touch|default":false,"$use_touch_mode|default":false,"$show_background|default":true,"controls":[{"scroll_touch@lb_custom_01.scrolling_panel_base":{"ignored":"(not $touch)","size":"$scrolling_pane_size","offset":"$scrolling_pane_offset","$scroll_bar_contained":"$scroll_bar_contained_touch","$use_touch_mode":true,"$scroll_box_visible":"$scroll_box_visible_touch","$background_size":"$background_size_touch","$background_offset":"$background_offset_touch","$scroll_view_port_size":"$scroll_view_port_size_touch","$scroll_view_port_max_size":"$scroll_view_port_max_size_touch","$scroll_view_port_offset":"$scroll_view_port_offset_touch","$scroll_track_image_control":"lb_custom_01.empty_panel","$scroll_bar_left_padding_size":"$scroll_bar_left_padding_size_touch","$scroll_bar_right_padding_size":"$scroll_bar_right_padding_size_touch","$view_port_size":"$view_port_size_touch","$scroll_size":"$scroll_size_touch"}},{"scroll_mouse@lb_custom_01.scrolling_panel_base":{"ignored":"$touch","size":"$scrolling_pane_size","offset":"$scrolling_pane_offset"}}]},"standard_title_label":{"type":"label","size":["default",20],"font_type":"MinecraftTen","font_size":"large","color":"$lb_title","text":"$text_name","layer":4,"shadow":false,"property_bag":{"#tts_dialog_title":"$text_name"},"bindings":[{"binding_type":"$title_text_binding_type","binding_condition":"$title_binding_condition","binding_name":"$text_name","binding_name_override":"$text_name"},{"binding_type":"global","binding_condition":"once","binding_name":"#tts_dialog_title"}]},"main_panel_no_buttons":{"type":"panel","anchor_from":"center","anchor_to":"center","$text_name|default":"","$panel_indent_size|default":["100% - 4px","100% - 26px"],"$custom_background|default":"common.lb_background","controls":[{"common_panel@lb_custom_01.common_panel":{"$dialog_background":"$custom_background","$fill_bg":true}},{"safe_area_for_no_close":{"type":"input_panel","layer":-1}},{"title_label@lb_custom_01.title_label":{}},{"panel_indent":{"type":"panel","size":"$panel_indent_size","offset":[0,22],"anchor_from":"top_middle","anchor_to":"top_middle","controls":[{"inside_header_panel@$child_control":{}}]}}]},"title_label":{"type":"panel","anchor_from":"top_middle","anchor_to":"top_middle","$title_size|default":["100%c","100%c"],"size":"$title_size","$title_offset|default":[0,2],"offset":"$title_offset","$use_custom_title_control|default":false,"$custom_title_label|default":"lb_custom_01.empty_panel","$title_binding_condition|default":"none","$title_text_binding_type|default":"none","controls":[{"common_dialogs_0@standard_title_label":{"ignored":"$use_custom_title_control"}},{"common_dialogs_1@$custom_title_label":{"ignored":"(not $use_custom_title_control)"}}]},"common_panel":{"type":"panel","$dialog_background|default":"lb_custom_01.dialog_background_opaque","$show_close_button|default":true,"$close_button_visible_binding_name|default":"#close_button_visible","$close_button_offset":[-1,0.5],"$close_button_layer|default":2,"$use_compact_close_button|default":false,"$show_divider|default":false,"$divider_offset|default":["42.5%","22px"],"$divider_visible_binding_name|default":"","$divider_visible_binding_type|default":"none","$divider_size|default":["5px","100% - 29px"],"controls":[{"bg_image@$dialog_background":{"layer":1}},{"dialog_divider@lb_custom_01.dialog_divider":{"visible":"$show_divider","anchor_from":"top_left","anchor_to":"top_left","offset":"$divider_offset","size":"$divider_size","bindings":[{"binding_name":"$divider_visible_binding_name","binding_name_override":"#visible","binding_type":"$divider_visible_binding_type"}]}},{"close_button_holder":{"type":"panel","ignored":"(not $show_close_button)","controls":[{"close@lb_custom_01.close_button":{"layer":"$close_button_layer","offset":"$close_button_offset","ignored":"$use_compact_close_button"}},{"compact_close@lb_custom_01.compact_close_button":{"layer":"$close_button_layer","offset":"$close_button_offset","ignored":"(not $use_compact_close_button)"}}],"bindings":[{"binding_name":"$close_button_visible_binding_name","binding_name_override":"#visible"}]}}]},"dialog_background_opaque@dialog_background_common":{"texture":"textures/ui/dialog_background_opaque"},"dialog_divider":{"type":"image","texture":"textures/ui/dialog_divider","layer":1},"close_button_image":{"type":"image","layer":1,"texture":"$close_button_texture"},"close_button_panel":{"type":"panel","layer":1,"size":"$close_button_panel_size","$button_alpha|default":1,"$bg_alpha|default":0,"controls":[{"close_button_image@close_button_image":{"alpha":"$button_alpha"}},{"bg":{"type":"image","texture":"textures/ui/lb_common/9_black","alpha":"$bg_alpha"}}]},"close_button":{"type":"button","size":[21,21],"layer":10,"anchor_from":"top_right","anchor_to":"top_right","$close_button_offset|default":[-2,2],"offset":"$close_button_offset","locked_control":"","default_control":"default","hover_control":"hover","pressed_control":"pressed","sound_name":"random.click","sound_volume":1,"sound_pitch":1,"$close_button_panel_size|default":[15,15],"$close_button_to_button_id|default":"button.menu_exit","$default_button_alpha|default":1,"$default_hover_alpha|default":1,"$default_pressed_alpha|default":1,"$close_button_visible_binding_name|default":"#close_button_visible","$close_button_visible_binding_type|default":"none","$button_tts_name|default":"","$button_tts_header|default":"accessibility.button.close","$tts_section_header|default":"","tts_name":"$button_tts_name","tts_control_header":"$button_tts_header","tts_section_header":"$tts_section_header","bindings":[{"binding_type":"$close_button_visible_binding_type","binding_name":"$close_button_visible_binding_name","binding_name_override":"#visible"},{"binding_name":"#tts_enabled","binding_name_override":"#focus_enabled"}],"button_mappings":[{"from_button_id":"button.menu_select","to_button_id":"$close_button_to_button_id","mapping_type":"pressed"},{"from_button_id":"button.menu_ok","to_button_id":"$close_button_to_button_id","mapping_type":"focused"}],"controls":[{"default@lb_custom_01.close_button_panel":{"$close_button_texture":"textures/ui/lb_header/color/close","$button_alpha":"$default_button_alpha"}},{"hover@lb_custom_01.close_button_panel":{"$close_button_texture":"textures/ui/lb_header/color/close","$bg_alpha":0.8}},{"pressed@lb_custom_01.close_button_panel":{"$close_button_texture":"textures/ui/lb_header/color/close","$bg_alpha":0.8}}]},"compact_close_button@close_button":{"size":[21,13],"$close_button_panel_size|default":[15,7],"controls":[{"default@lb_custom_01.close_button_panel":{"$close_button_texture":"textures/ui/close_button_default_compact"}},{"hover@lb_custom_01.close_button_panel":{"$close_button_texture":"textures/ui/close_button_hover_compact"}},{"pressed@lb_custom_01.close_button_panel":{"$close_button_texture":"textures/ui/close_button_pressed_compact"}}]}}