{"namespace":"lb_form_22","form_22@main_panel_no_buttons":{"$main_grid_button_size":["50%-2px","34px"]},"main_panel_no_buttons":{"type":"panel","size":[440,240],"max_size":["100%","100%"],"$text_name":"#title_text","$title_text_binding_type":"none","layer":2,"$text_name|default":"","controls":[{"common_panel@lb_form_22.common_panel":{}},{"safe_area_for_no_close":{"type":"input_panel","layer":-1}},{"title_label@lb_form_22.title_label":{}},{"header_buttons@lb_form_22.header_button_panel":{}},{"header_buttons2@lb_form_22.header_button_panel2":{}},{"panel_indent":{"type":"panel","size":["100% - 6px","100% - 27px"],"offset":[0,24],"anchor_from":"top_middle","anchor_to":"top_middle","controls":[{"inside_header_panel@lb_form_22.long_form_panel":{}}]}}]},"common_panel":{"type":"panel","controls":[{"bg_image@lb_background":{"layer":1}}]},"lb_background@dialog_background_hollow_common":{"alpha":0.9,"keep_ratio":false,"texture":"textures/ui/lb_common/color/background_1"},"dialog_background_opaque@dialog_background_common":{"texture":"textures/ui/lb_common/color/background_1"},"dialog_background_common":{"type":"image","texture":"textures/ui/lb_common/dialog_background_hollow_4","layer":1},"dialog_background_hollow_common@dialog_background_common":{"layer":2},"title_label":{"type":"panel","anchor_from":"top_middle","anchor_to":"top_middle","size":["100% - 14px",10],"offset":"$lb_header_offset","controls":[{"common_dialogs_0@standard_title_label":{}}]},"empty_panel":{"type":"panel"},"standard_title_label":{"type":"label","font_type":"MinecraftTen","font_scale_factor":1.2,"font_size":"large","color":"$lb_title","text":"#clean_title_text","layer":4,"shadow":false,"property_bag":{"#tts_dialog_title":"#clean_title_text"},"bindings":[{"binding_type":"global","binding_condition":"once","binding_name":"#tts_dialog_title"},{"binding_type":"view","binding_condition":"once","source_property_name":"(#title_text - 'form22_')","target_property_name":"#clean_title_text"}]},"header_button_panel":{"type":"stack_panel","orientation":"horizontal","size":["100%c",20],"offset":[1,3],"anchor_from":"top_left","anchor_to":"top_left","factory":{"name":"header_buttons","control_name":"lb_form_22.header_button"},"collection_name":"form_buttons","bindings":[{"binding_condition":"once","binding_name":"#form_button_length","binding_name_override":"#collection_length"}]},"header_button_panel2":{"type":"stack_panel","orientation":"horizontal","size":["100%c",20],"offset":[-1,3],"anchor_from":"top_right","anchor_to":"top_right","factory":{"name":"header_buttons2","control_name":"lb_form_22.header_button2"},"collection_name":"form_buttons","bindings":[{"binding_condition":"once","binding_name":"#form_button_length","binding_name_override":"#collection_length"}]},"long_form_panel":{"type":"stack_panel","size":["100%","100%"],"offset":[1,0],"orientation":"horizontal","anchor_from":"top_left","anchor_to":"top_left","layer":1,"controls":[{"tab_wrapper":{"type":"panel","size":["100%cm","100% - 1px"],"anchor_from":"left_middle","anchor_to":"left_middle","controls":[{"background":{"type":"image","texture":"textures/ui/lb_common/9_black","size":["100%sm - 0px","100%"],"anchor_from":"top_left","anchor_to":"top_left","alpha":0.6,"layer":2}},{"tabs@tab_panel":{}}]}},{"scrolling_panel@scrolling_panel":{"anchor_to":"top_left","anchor_from":"top_left","$show_background":false,"size":["fill","100%-1px"],"$scrolling_content":"long_form_scrolling_content","$scroll_size":[5,"100% - 4px"],"$scrolling_pane_size":["100% - 2px","100% - 0px"],"$scrolling_pane_offset":[0,2],"$scroll_bar_left_padding_size|default":[1,0],"$scroll_bar_right_padding_size|default":[2,0]}}]},"tab_panel":{"type":"stack_panel","orientation":"vertical","size":["100%cm","100%c"],"anchor_from":"left_middle","anchor_to":"left_middle","factory":{"name":"tab_buttons","control_name":"lb_form_22.tab_button"},"collection_name":"form_buttons","bindings":[{"binding_condition":"once","binding_name":"#form_button_length","binding_name_override":"#collection_length"}]},"scrolling_panel":{"type":"stack_panel","$scrolling_pane_size|default":["100%","100%"],"$scrolling_pane_offset|default":[0,0],"$scroll_view_control_size|default":["100%","100%"],"$background_size|default":["100%","100%"],"$background_offset|default":[0,0],"$scroll_view_port_size|default":["100%","100%"],"$scroll_view_port_max_size|default":["100%","100%"],"$scroll_view_port_offset|default":[0,0],"$scroll_bar_left_padding_size|default":[1,0],"$scroll_bar_right_padding_size|default":[1,0],"$view_port_size|default":["fill","100%"],"$scroll_bar_contained|default":false,"$scroll_size|default":[4,"100%"],"$background_size_touch|default":["100%","100%"],"$background_offset_touch|default":[0,0],"$scroll_view_port_size_touch|default":["100%","100%"],"$scroll_view_port_max_size_touch|default":["100%","100%"],"$scroll_view_port_offset_touch|default":[0,0],"$scroll_bar_left_padding_size_touch|default":[0,0],"$scroll_bar_right_padding_size_touch|default":[1,0],"$view_port_size_touch|default":["100%","100%"],"$scroll_bar_contained_touch|default":true,"$scroll_size_touch|default":[4,"100%"],"$scroll_box_visible|default":true,"$scroll_box_visible_touch|default":false,"$use_touch_mode|default":false,"$show_background|default":true,"controls":[{"scroll_touch@scrolling_panel_base":{"ignored":"(not $touch)","size":"$scrolling_pane_size","offset":"$scrolling_pane_offset","$scroll_bar_contained":"$scroll_bar_contained_touch","$use_touch_mode":true,"$scroll_box_visible":"$scroll_box_visible_touch","$background_size":"$background_size_touch","$background_offset":"$background_offset_touch","$scroll_view_port_size":"$scroll_view_port_size_touch","$scroll_view_port_max_size":"$scroll_view_port_max_size_touch","$scroll_view_port_offset":"$scroll_view_port_offset_touch","$scroll_track_image_control":"empty_panel","$scroll_bar_left_padding_size":"$scroll_bar_left_padding_size_touch","$scroll_bar_right_padding_size":"$scroll_bar_right_padding_size_touch","$view_port_size":"$view_port_size_touch","$scroll_size":"$scroll_size_touch"}},{"scroll_mouse@scrolling_panel_base":{"ignored":"$touch","size":"$scrolling_pane_size","offset":"$scrolling_pane_offset"}}]},"scrolling_panel_base":{"type":"input_panel","anchor_to":"top_left","anchor_from":"top_left","$scroll_panel_consume_hover_events|default":true,"consume_hover_events":"$scroll_panel_consume_hover_events","$scroll_view_name|default":"scroll_view","controls":[{"$scroll_view_name@scroll_view_control":{}}],"$scrolling_panel_base_button_mappings|default":[],"button_mappings":"$scrolling_panel_base_button_mappings","tts_ignore_count":true},"scroll_view_control":{"type":"scroll_view","size":"$scroll_view_control_size","scroll_speed":15,"scrollbar_track_button":"button.scrollbar_skip_track","scrollbar_touch_button":"button.scrollbar_touch","touch_mode":"$use_touch_mode","always_listen_to_input":true,"always_handle_pointer":true,"$always_handle_scrolling|default":false,"always_handle_scrolling":"$always_handle_scrolling","scrollbar_track":"track","scrollbar_box":"box","scroll_content":"scrolling_content","scroll_view_port":"scrolling_view_port","scroll_box_and_track_panel":"bar_and_track","$jump_to_bottom_on_update|default":false,"jump_to_bottom_on_update":"$jump_to_bottom_on_update","$scroll_background_image_control|default":"scroll_indent_image","$scroll_track_image_control|default":"scroll_indent_image","button_mappings":[{"from_button_id":"button.menu_select","to_button_id":"button.scrollbar_touch","mapping_type":"pressed","button_up_right_of_first_refusal":true}],"bindings":[{"binding_name":"#gesture_control_enabled"}],"controls":[{"background":{"type":"image","texture":"textures/ui/lb_common/9_black","size":["100%","100%"],"alpha":0.6,"layer":2}},{"stack_panel":{"ignored":"$scroll_bar_contained","type":"stack_panel","orientation":"horizontal","size":["100%","100% - 2px"],"controls":[{"background_and_viewport@scroll_background_and_viewport":{}},{"bar_and_track@scroll_bar_and_track":{}}]}},{"panel":{"ignored":"(not $scroll_bar_contained)","type":"panel","$view_port_size|default":["100%","100% - 2px"],"size":["100%","100%"],"controls":[{"background_and_viewport@scroll_background_and_viewport":{}},{"bar_and_track@scroll_bar_and_track":{}}]}}]},"scroll_background_and_viewport":{"type":"panel","size":"$view_port_size","anchor_from":"top_left","anchor_to":"top_left","clips_children":true,"controls":[{"background@$scroll_background_image_control":{"visible":"$show_background","anchor_to":"top_left","anchor_from":"top_left","offset":"$background_offset","size":"$background_size"}},{"scrolling_view_port":{"layer":1,"type":"panel","anchor_from":"top_left","anchor_to":"top_left","clips_children":true,"offset":"$scroll_view_port_offset","size":"$scroll_view_port_size","max_size":"$scroll_view_port_max_size","controls":[{"scrolling_content@$scrolling_content":{"layer":1,"$scrolling_content_anchor_from|default":"top_left","$scrolling_content_anchor_to|default":"top_left","anchor_from":"$scrolling_content_anchor_from","anchor_to":"$scrolling_content_anchor_to"}}]}}]},"scroll_bar_and_track":{"type":"panel","$scroll_bar_and_track_size|default":["100%c","100%"],"size":"$scroll_bar_and_track_size","clips_children":true,"anchor_from":"right_middle","anchor_to":"right_middle","controls":[{"stack_panel":{"type":"stack_panel","orientation":"horizontal","size":["default","100%"],"controls":[{"empty_panel_0@empty_panel":{"ignored":"$scroll_bar_contained","size":"$scroll_bar_left_padding_size"}},{"panel":{"type":"panel","size":["100%c","100%"],"controls":[{"centered_panel":{"type":"panel","size":"$scroll_size","$scroll_track_anchor|default":"center","anchor_from":"$scroll_track_anchor","anchor_to":"$scroll_track_anchor","$scroll_track_offset|default":[0,0],"offset":"$scroll_track_offset","controls":[{"track@scrollbar_track":{"layer":2}},{"scroll_box@scroll_box":{"layer":5}}]}}]}},{"empty_panel_1@empty_panel":{"size":"$scroll_bar_right_padding_size"}}]}}]},"scrollbar_track":{"type":"scroll_track","button_mappings":[{"from_button_id":"button.menu_select","to_button_id":"button.scrollbar_skip_track","mapping_type":"pressed"}],"controls":[{"bar_indent@$scroll_track_image_control":{"visible":"$scroll_box_visible"}}]},"scroll_box":{"type":"panel","controls":[{"box":{"type":"scrollbar_box","anchor_to":"top_left","anchor_from":"top_left","layer":10,"visible":"$scroll_box_visible","contained":true,"draggable":"vertical","$scroll_box_mouse_image_control|default":"scrollbar_box_image","$scroll_box_touch_image_control|default":"touch_scrollbar_box_image","button_mappings":[{"from_button_id":"button.menu_select","to_button_id":"button.menu_select","mapping_type":"pressed","button_up_right_of_first_refusal":true}],"controls":[{"mouse_box@$scroll_box_mouse_image_control":{"ignored":"$touch"}},{"touch_box@$scroll_box_touch_image_control":{"ignored":"(not $touch)"}}]}}]},"scroll_indent_image":{"type":"image","texture":"textures/ui/ScrollRail","size":[3,"100%"],"layer":20},"scrollbar_box_image":{"type":"image","texture":"textures/ui/lb_common/scroll_handle","size":[5,"100%"],"layer":20},"touch_scrollbar_box_image":{"type":"image","texture":"textures/ui/lb_common/scroll_handle","layer":20,"alpha":"@anim_scrollbar_box_fadeout"},"anim_scrollbar_box_fadeout":{"anim_type":"alpha","play_event":"scrollbar.released","reset_event":"scrollbar.active","easing":"in_sine","duration":1.5,"from":1,"to":0,"next":"@anim_scrollbar_box_fadeout"},"long_form_scrolling_content":{"type":"stack_panel","size":["100%","100%c"],"orientation":"vertical","anchor_from":"top_left","anchor_to":"top_left","controls":[{"label_offset_panel":{"type":"panel","size":["100%","100%c"],"controls":[{"main_label":{"type":"label","offset":"$body_text_offset","color":"$lb_body","size":"$body_text_size","anchor_from":"top_left","anchor_to":"top_left","font_type":"$body_text_font","text":"#form_text"}}],"bindings":[{"binding_condition":"once","binding_type":"view","source_property_name":"(not (#form_text = ''))","target_property_name":"#visible"}]}},{"padding_long_form_scrolling_content":{"type":"panel","size":["100%",1.5]}},{"wrapping_panel":{"type":"panel","size":["100%","100%c"],"controls":[{"long_form_dynamic_buttons_grid@long_form_dynamic_buttons_grid":{}}]}},{"scoreboard_wrapping_panel":{"type":"panel","size":["100%","100%c"],"controls":[{"scoreboard_wrapper":{"type":"stack_panel","orientation":"horizontal","size":["100%","100%cm"],"controls":[{"scoreboard_column_0@scoreboard_column_0":{}},{"scoreboard_column_1@scoreboard_column_1":{}},{"scoreboard_column_2@scoreboard_column_2":{}},{"scoreboard_column_3@scoreboard_column_3":{}},{"scoreboard_column_4@scoreboard_column_4":{}},{"scoreboard_column_5@scoreboard_column_5":{}}]}}]}}]},"long_form_dynamic_buttons_grid":{"type":"grid","size":["100%+1px","100%c"],"offset":[-0.5,0],"anchor_from":"top_middle","anchor_to":"top_middle","grid_item_template":"combo_button","grid_rescaling_type":"horizontal","factory":{"name":"buttons","control_name":"lb_form_22.combo_button"},"collection_name":"form_buttons","bindings":[{"binding_condition":"once","binding_name":"#form_button_length","binding_name_override":"#collection_length"},{"binding_condition":"once","binding_name":"(#form_button_length - 17)","binding_name_override":"#maximum_grid_items"},{"binding_condition":"once","binding_name":"(not((#form_button_length - 17) < 1))","binding_name_override":"#visible"}]},"header_button":{"type":"panel","size":[24,18],"visible":false,"bindings":[{"binding_condition":"once","binding_type":"collection","binding_collection_name":"form_buttons","binding_name":"(not((#form_button_text - '§u') = (#form_button_text - ''))))","binding_name_override":"#visible"}],"controls":[{"panel_name":{"type":"panel","size":[18,18],"layer":20,"controls":[{"image":{"type":"image","layer":7,"size":["100%","100%"],"bindings":[{"binding_name":"#form_button_texture","binding_name_override":"#texture","binding_type":"collection","binding_collection_name":"form_buttons"},{"binding_name":"#form_button_texture_file_system","binding_name_override":"#texture_file_system","binding_type":"collection","binding_collection_name":"form_buttons"},{"binding_type":"view","source_property_name":"(not (#texture = ''))","target_property_name":"#visible"}]}}]}},{"left_header_button@common.lb_light_text_button":{"$pressed_button_name":"button.form_button_click","size":[18,18],"$button_text_binding_type":"collection","$button_binding_condition":"once","$button_text_grid_collection_name":"form_buttons","$button_text":"#form_button_text","$button_alpha|default":1,"$default_button_alpha|default":0,"$hover_alpha|default":1,"$default_hover_alpha|default":0.8,"$pressed_alpha|default":1,"$default_pressed_alpha|default":0.8,"$border_visible":false,"$focus_override_up":"FOCUS_OVERRIDE_STOP","$focus_id":"header_left","$tooltip_visible":true,"$label_visible":false}}]},"header_button2":{"type":"panel","size":[24,18],"visible":false,"bindings":[{"binding_condition":"once","binding_type":"collection","binding_collection_name":"form_buttons","binding_name":"(not((#form_button_text - '§v') = (#form_button_text - ''))))","binding_name_override":"#visible"}],"controls":[{"panel_name":{"type":"panel","size":[18,18],"layer":20,"controls":[{"image":{"type":"image","layer":7,"size":["100%","100%"],"bindings":[{"binding_name":"#form_button_texture","binding_name_override":"#texture","binding_type":"collection","binding_collection_name":"form_buttons"},{"binding_name":"#form_button_texture_file_system","binding_name_override":"#texture_file_system","binding_type":"collection","binding_collection_name":"form_buttons"},{"binding_type":"view","source_property_name":"(not (#texture = ''))","target_property_name":"#visible"}]}}]}},{"right_header_button@common.lb_light_text_button":{"$pressed_button_name":"button.form_button_click","size":[18,18],"$button_text_binding_type":"collection","$button_binding_condition":"once","$button_text_grid_collection_name":"form_buttons","$button_text":"#form_button_text","$pressed_alpha":0.8,"$default_button_alpha":0,"$border_visible":false,"$default_hover_alpha":0.8,"$default_pressed_alpha":0.8,"$focus_id":"header_right","$focus_override_up":"FOCUS_OVERRIDE_STOP","$tooltip_visible":true,"$label_visible":false}}]},"tab_button":{"type":"panel","size":["80px","42px"],"visible":false,"bindings":[{"binding_condition":"once","binding_type":"collection","binding_collection_name":"form_buttons","binding_name":"(not((#form_button_text - '§t') = (#form_button_text - ''))))","binding_name_override":"#visible"}],"controls":[{"panel_name":{"type":"panel","size":["100%","100%"],"layer":13,"controls":[{"image":{"type":"image","layer":7,"size":["100% - 6px","100% - 4px"],"keep_ratio":false,"anchor_from":"center","anchor_to":"center","bindings":[{"binding_name":"#form_button_texture","binding_name_override":"#texture","binding_type":"collection","binding_collection_name":"form_buttons"},{"binding_name":"#form_button_texture_file_system","binding_name_override":"#texture_file_system","binding_type":"collection","binding_collection_name":"form_buttons"},{"binding_type":"view","source_property_name":"(not (#texture = ''))","target_property_name":"#visible"}]}}]}},{"form_button@common.lb_light_text_button":{"$pressed_button_name":"button.form_button_click","size":["100% - 6px","100% - 4px"],"$default_button_alpha":0.7,"$button_text":"#form_button_text","$button_text_binding_type":"collection","$button_binding_condition":"once","$button_text_grid_collection_name":"form_buttons","$default_font":"$tab_button_font","$button_font_scale_factor":"$tab_button_font_scale_factor","$button_text_max_size":["100% - 6px",40],"$line_padding":-2,"$label_offset":"$tab_button_label_offset","$label_anchor":"center","$text_alignment":"center","anchor_from":"center","anchor_to":"center","$button_text_bg_offset":"$tab_button_text_bg_offset","$text_bg_size":"$tab_button_text_bg_size"}}]},"combo_button":{"type":"stack_panel","orientation":"horizontal","anchor_from":"left_middle","anchor_to":"left_middle","size":"$main_grid_button_size","bindings":[{"binding_condition":"once","binding_type":"collection","binding_collection_name":"form_buttons","binding_name":"(((#form_button_text - '§0§0§r' - '§1§1§r' - '§2§2§r' - '§3§3§r' - '§4§4§r' - '§5§5§r') = (#form_button_text - ''))))","binding_name_override":"#visible"}],"controls":[{"top_padding_combo_button":{"type":"panel","size":[1,"100%"]}},{"panel_name":{"type":"panel","anchor_from":"left_middle","anchor_to":"left_middle","size":[34,32],"layer":2,"bindings":[{"binding_type":"view","source_control_name":"image","resolve_sibling_scope":true,"source_property_name":"(not (#texture = ''))","target_property_name":"#visible"}],"controls":[{"image":{"type":"image","anchor_from":"left_middle","anchor_to":"left_middle","layer":2,"size":[32,32],"bindings":[{"binding_name":"#form_button_texture","binding_name_override":"#texture","binding_type":"collection","binding_collection_name":"form_buttons"},{"binding_name":"#form_button_texture_file_system","binding_name_override":"#texture_file_system","binding_type":"collection","binding_collection_name":"form_buttons"},{"binding_type":"view","source_property_name":"(not ((#texture = '') or (#texture = 'loading')))","target_property_name":"#visible"}]}},{"progress@progress_loading_bars":{"size":["50%","50%"],"bindings":[{"binding_type":"view","source_control_name":"image","resolve_sibling_scope":true,"source_property_name":"(#texture = 'loading')","target_property_name":"#visible"}]}}]}},{"form_button@common.lb_light_text_button":{"$pressed_button_name":"button.form_button_click","anchor_from":"left_middle","anchor_to":"left_middle","size":["fill","32px"],"$button_text":"#form_button_text","$button_text_binding_type":"collection","$button_text_grid_collection_name":"form_buttons","$button_text_max_size":["100%",28],"$default_button_alpha":0.7}},{"bottom_padding_combo_button":{"type":"panel","size":[1,"100%"]}}]},"progress_loading_bars":{"type":"image","layer":2,"texture":"textures/ui/loading_bar","anchor_from":"center","anchor_to":"center","size":["50%","50%"],"uv_size":[64,8],"uv":"@bar_animation","color":[0.7,0.7,0.7,1],"bindings":[{"binding_name":"#bar_animation_visible","binding_name_override":"#visible"}]},"bar_animation":{"anim_type":"flip_book","initial_uv":[0,0],"frame_count":10,"frame_step":64,"fps":10,"reversible":true,"easing":"linear"},"scoreboard_column_0":{"type":"stack_panel","orientation":"vertical","size":["35%","100%c"],"anchor_from":"top_left","anchor_to":"top_left","factory":{"name":"buttons","control_name":"lb_form_22.column_0_cell"},"collection_name":"form_buttons","bindings":[{"binding_condition":"once","binding_name":"#form_button_length","binding_name_override":"#collection_length"}]},"scoreboard_column_1":{"type":"stack_panel","orientation":"vertical","size":["13%","100%c"],"anchor_from":"top_left","anchor_to":"top_left","factory":{"name":"buttons","control_name":"lb_form_22.column_1_cell"},"collection_name":"form_buttons","bindings":[{"binding_condition":"once","binding_name":"#form_button_length","binding_name_override":"#collection_length"}]},"scoreboard_column_2":{"type":"stack_panel","orientation":"vertical","size":["13%","100%c"],"anchor_from":"top_left","anchor_to":"top_left","factory":{"name":"buttons","control_name":"lb_form_22.column_2_cell"},"collection_name":"form_buttons","bindings":[{"binding_condition":"once","binding_name":"#form_button_length","binding_name_override":"#collection_length"}]},"scoreboard_column_3":{"type":"stack_panel","orientation":"vertical","size":["13%","100%c"],"anchor_from":"top_left","anchor_to":"top_left","factory":{"name":"buttons","control_name":"lb_form_22.column_3_cell"},"collection_name":"form_buttons","bindings":[{"binding_condition":"once","binding_name":"#form_button_length","binding_name_override":"#collection_length"}]},"scoreboard_column_4":{"type":"stack_panel","orientation":"vertical","size":["13%","100%c"],"anchor_from":"top_left","anchor_to":"top_left","factory":{"name":"buttons","control_name":"lb_form_22.column_4_cell"},"collection_name":"form_buttons","bindings":[{"binding_condition":"once","binding_name":"#form_button_length","binding_name_override":"#collection_length"}]},"scoreboard_column_5":{"type":"stack_panel","orientation":"vertical","size":["13%","100%c"],"anchor_from":"top_left","anchor_to":"top_left","factory":{"name":"buttons","control_name":"lb_form_22.column_5_cell"},"collection_name":"form_buttons","bindings":[{"binding_condition":"once","binding_name":"#form_button_length","binding_name_override":"#collection_length"}]},"column_0_cell":{"type":"stack_panel","orientation":"horizontal","anchor_from":"left_middle","anchor_to":"left_middle","size":["100%","100%cm"],"clips_children":true,"visible":false,"bindings":[{"binding_condition":"once","binding_type":"collection","binding_collection_name":"form_buttons","binding_name":"(not((#form_button_text - '§0§0§r') = (#form_button_text - ''))))","binding_name_override":"#visible"}],"controls":[{"cell_padding":{"type":"panel","size":[2,2]}},{"cell_text_0":{"type":"label","text":"#form_button_text","anchor_from":"left_middle","anchor_to":"left_middle","bindings":[{"binding_condition":"once","binding_type":"collection","binding_collection_name":"form_buttons","binding_name":"#form_button_text"}]}}]},"column_1_cell":{"type":"panel","anchor_from":"left_middle","anchor_to":"left_middle","size":["100%","100%c"],"clips_children":true,"visible":false,"bindings":[{"binding_condition":"once","binding_type":"collection","binding_collection_name":"form_buttons","binding_name":"(not((#form_button_text - '§1§1§r') = (#form_button_text - ''))))","binding_name_override":"#visible"}],"controls":[{"cell_text_1":{"type":"label","text":"#form_button_text","anchor_from":"left_middle","anchor_to":"left_middle","bindings":[{"binding_condition":"once","binding_type":"collection","binding_collection_name":"form_buttons","binding_name":"#form_button_text"}]}}]},"column_2_cell":{"type":"panel","anchor_from":"left_middle","anchor_to":"left_middle","size":["100%","100%c"],"clips_children":true,"visible":false,"bindings":[{"binding_condition":"once","binding_type":"collection","binding_collection_name":"form_buttons","binding_name":"(not((#form_button_text - '§2§2§r') = (#form_button_text - ''))))","binding_name_override":"#visible"}],"controls":[{"cell_text_2":{"type":"label","text":"#form_button_text","anchor_from":"left_middle","anchor_to":"left_middle","bindings":[{"binding_condition":"once","binding_type":"collection","binding_collection_name":"form_buttons","binding_name":"#form_button_text"}]}}]},"column_3_cell":{"type":"panel","anchor_from":"left_middle","anchor_to":"left_middle","size":["100%","100%c"],"clips_children":true,"visible":false,"bindings":[{"binding_condition":"once","binding_type":"collection","binding_collection_name":"form_buttons","binding_name":"(not((#form_button_text - '§3§3§r') = (#form_button_text - ''))))","binding_name_override":"#visible"}],"controls":[{"cell_text_3":{"type":"label","text":"#form_button_text","anchor_from":"left_middle","anchor_to":"left_middle","bindings":[{"binding_condition":"once","binding_type":"collection","binding_collection_name":"form_buttons","binding_name":"#form_button_text"}]}}]},"column_4_cell":{"type":"stack_panel","orientation":"horizontal","anchor_from":"left_middle","anchor_to":"left_middle","size":["100%","100%c"],"clips_children":true,"visible":false,"bindings":[{"binding_condition":"once","binding_type":"collection","binding_collection_name":"form_buttons","binding_name":"(not((#form_button_text - '§4§4§r') = (#form_button_text - ''))))","binding_name_override":"#visible"}],"controls":[{"cell_text_4":{"type":"label","text":"#form_button_text","anchor_from":"left_middle","anchor_to":"left_middle","bindings":[{"binding_condition":"once","binding_type":"collection","binding_collection_name":"form_buttons","binding_name":"#form_button_text"}]}}]},"column_5_cell":{"type":"panel","anchor_from":"left_middle","anchor_to":"left_middle","size":["100%","100%c"],"clips_children":true,"visible":false,"bindings":[{"binding_condition":"once","binding_type":"collection","binding_collection_name":"form_buttons","binding_name":"(not((#form_button_text - '§5§5§r') = (#form_button_text - ''))))","binding_name_override":"#visible"}],"controls":[{"cell_text_5":{"type":"label","text":"#form_button_text","anchor_from":"left_middle","anchor_to":"left_middle","bindings":[{"binding_condition":"once","binding_type":"collection","binding_collection_name":"form_buttons","binding_name":"#form_button_text"}]}}]}}