{"namespace":"lb_form_01","form_01@main_panel_no_buttons":{"size":[440,240],"max_size":["100%","100%"],"$text_name":"#title_text","$title_text_binding_type":"none","layer":2},"main_panel_no_buttons":{"type":"panel","anchor_from":"center","anchor_to":"center","$text_name|default":"","controls":[{"common_panel@common_panel":{}},{"safe_area_for_no_close":{"type":"input_panel"}},{"title_label@title_label":{}},{"header_buttons@.header_button_panel":{}},{"header_buttons2@header_button_panel2":{}},{"panel_indent":{"type":"panel","size":["100% - 6px","100% - 27px"],"offset":[0,24],"anchor_from":"top_middle","anchor_to":"top_middle","controls":[{"inside_header_panel@long_form_panel":{}}]}}]},"common_panel":{"type":"panel","controls":[{"bg_image@lb_background":{"layer":1}}]},"lb_background@dialog_background_hollow_common":{"alpha":0.9,"keep_ratio":false,"texture":"textures/ui/lb_common/color/background_1"},"dialog_background_opaque@dialog_background_common":{"texture":"textures/ui/lb_common/color/background_1"},"dialog_background_common":{"type":"image","texture":"textures/ui/lb_common/dark/border03","layer":1},"dialog_background_hollow_common@dialog_background_common":{"layer":2,"$dialog_background_texture|default":"textures/ui/control"},"title_label":{"type":"panel","anchor_from":"top_middle","anchor_to":"top_middle","size":["100% - 14px",10],"offset":[0,5],"controls":[{"common_dialogs_0@standard_title_label":{}}]},"empty_panel":{"type":"panel"},"standard_title_label":{"type":"label","font_type":"MinecraftTen","font_scale_factor":1.2,"font_size":"large","color":"$lb_title","text":"#clean_title_text","layer":4,"shadow":false,"property_bag":{"#tts_dialog_title":"#clean_title_text"},"bindings":[{"binding_type":"global","binding_condition":"once","binding_name":"#tts_dialog_title"},{"binding_condition":"once","binding_type":"view","source_property_name":"(#title_text-'form01_')","target_property_name":"#clean_title_text"}]},"header_button_panel":{"type":"stack_panel","orientation":"horizontal","size":["100%c",20],"offset":[1.5,3],"anchor_from":"top_left","anchor_to":"top_left","factory":{"name":"header_buttons","control_name":"lb_form_01.header_button"},"collection_name":"form_buttons","bindings":[{"binding_condition":"once","binding_name":"#form_button_length","binding_name_override":"#collection_length"}]},"header_button_panel2":{"type":"stack_panel","orientation":"horizontal","size":["100%c",20],"offset":[-1,3],"anchor_from":"top_right","anchor_to":"top_right","factory":{"name":"header_buttons2","control_name":"lb_form_01.header_button2"},"collection_name":"form_buttons","bindings":[{"binding_condition":"once","binding_name":"#form_button_length","binding_name_override":"#collection_length"}]},"long_form_panel":{"type":"stack_panel","size":["100% -1px","100%"],"orientation":"horizontal","layer":1,"anchor_from":"top_left","anchor_to":"top_left","offset":[1,0],"controls":[{"info_panel":{"type":"stack_panel","orientation":"vertical","size":["50%","100%"],"anchor_from":"top_left","anchor_to":"top_left","controls":[{"text_panel":{"type":"input_panel","focus_enabled":true,"size":["100%","fill"],"anchor_to":"top_left","anchor_from":"top_left","controls":[{"scrolling_panel@scrolling_panel":{"anchor_to":"top_left","anchor_from":"top_left","$show_background":false,"$scrolling_content":"info_text_panel","$always_handle_scrolling":true,"$scrolling_pane_size":["100% - 2px","100% - 3px"],"$scrolling_pane_offset":[2,1.5],"$scroll_bar_right_padding_size_touch":[1,0]}},{"background":{"type":"image","texture":"$lb_scroll_bg_texture_default","alpha":"$lb_scroll_bg_alpha_default"}}]}},{"left_button_panel":{"type":"stack_panel","orientation":"horizontal","size":["100%","100%c"],"factory":{"name":"left_button","control_name":"lb_form_01.left_button"},"collection_name":"form_buttons","anchor_from":"bottom_left","anchor_to":"bottom_left","bindings":[{"binding_condition":"once","binding_name":"#form_button_length","binding_name_override":"#collection_length"}]}},{"padding_info_panel":{"type":"panel","size":["100%",1]}}]}},{"padding_long_form_panel":{"type":"panel","size":[2,"100%"]}},{"scrolling_panel@scrolling_panel":{"anchor_to":"top_left","anchor_from":"top_left","$show_background":false,"size":["50%","100%"],"$scrolling_content":"long_form_scrolling_content","$scroll_bar_right_padding_size_touch":[1,0]}}]},"scrolling_panel":{"type":"panel","anchor_from":"top_left","anchor_to":"top_left","$scrolling_pane_size|default":["100% - 2px","100% - 0px"],"$scrolling_pane_offset|default":[0,0],"$scroll_view_control_size|default":["100%","100%"],"$background_size|default":["100%","100%"],"$background_offset|default":[0,0],"$scroll_view_port_size|default":["100%","100%"],"$scroll_view_port_max_size|default":["100%","100%"],"$scroll_view_port_offset|default":[0,0],"$scroll_bar_left_padding_size|default":[1,0],"$scroll_bar_right_padding_size|default":[1,0],"$view_port_size|default":["fill","100%"],"$scroll_bar_contained|default":false,"$scroll_size|default":[5,"100% - 4px"],"$background_size_touch|default":["100%","100%"],"$background_offset_touch|default":[0,0],"$scroll_view_port_size_touch|default":["100%","100%"],"$scroll_view_port_max_size_touch|default":["100%","100%"],"$scroll_view_port_offset_touch|default":[0,0],"$scroll_bar_left_padding_size_touch|default":[0,0],"$scroll_bar_right_padding_size_touch|default":[0,0],"$view_port_size_touch|default":["100%","100%"],"$scroll_bar_contained_touch|default":true,"$scroll_size_touch|default":[4,"100%"],"$scroll_box_visible|default":true,"$scroll_box_visible_touch|default":false,"$use_touch_mode|default":false,"$show_background|default":true,"controls":[{"scroll_touch@scrolling_panel_base":{"ignored":"(not $touch)","size":"$scrolling_pane_size","offset":"$scrolling_pane_offset","$scroll_bar_contained":"$scroll_bar_contained_touch","$use_touch_mode":true,"$scroll_box_visible":"$scroll_box_visible_touch","$background_size":"$background_size_touch","$background_offset":"$background_offset_touch","$scroll_view_port_size":"$scroll_view_port_size_touch","$scroll_view_port_max_size":"$scroll_view_port_max_size_touch","$scroll_view_port_offset":"$scroll_view_port_offset_touch","$scroll_track_image_control":"empty_panel","$scroll_bar_left_padding_size":"$scroll_bar_left_padding_size_touch","$scroll_bar_right_padding_size":"$scroll_bar_right_padding_size_touch","$view_port_size":"$view_port_size_touch","$scroll_size":"$scroll_size_touch"}},{"scroll_mouse@scrolling_panel_base":{"ignored":"$touch","size":"$scrolling_pane_size","offset":"$scrolling_pane_offset"}}]},"scrolling_panel_base":{"type":"input_panel","anchor_to":"top_left","anchor_from":"top_left","$scroll_panel_consume_hover_events|default":true,"consume_hover_events":"$scroll_panel_consume_hover_events","$scroll_view_name|default":"scroll_view","controls":[{"$scroll_view_name@scroll_view_control":{}}],"$scrolling_panel_base_button_mappings|default":[],"button_mappings":"$scrolling_panel_base_button_mappings","tts_ignore_count":true},"scroll_view_control":{"type":"scroll_view","size":"$scroll_view_control_size","scroll_speed":15,"scrollbar_track_button":"button.scrollbar_skip_track","scrollbar_touch_button":"button.scrollbar_touch","touch_mode":"$use_touch_mode","always_listen_to_input":true,"always_handle_pointer":true,"$always_handle_scrolling|default":false,"always_handle_scrolling":"$always_handle_scrolling","scrollbar_track":"track","scrollbar_box":"box","scroll_content":"scrolling_content","scroll_view_port":"scrolling_view_port","scroll_box_and_track_panel":"bar_and_track","$jump_to_bottom_on_update|default":false,"jump_to_bottom_on_update":"$jump_to_bottom_on_update","$scroll_background_image_control|default":"scroll_indent_image","$scroll_track_image_control|default":"scroll_indent_image","button_mappings":[{"from_button_id":"button.menu_select","to_button_id":"button.scrollbar_touch","mapping_type":"pressed","button_up_right_of_first_refusal":true}],"bindings":[{"binding_name":"#gesture_control_enabled"}],"controls":[{"stack_panel":{"ignored":"$scroll_bar_contained","type":"stack_panel","orientation":"horizontal","anchor_to":"top_left","anchor_from":"top_left","$scroll_view_stack_panel_size|default":["100%","100%"],"size":"$scroll_view_stack_panel_size","controls":[{"background_and_viewport@scroll_background_and_viewport":{}},{"bar_and_track@scroll_bar_and_track":{}}]}},{"panel":{"ignored":"(not $scroll_bar_contained)","type":"panel","anchor_to":"top_left","anchor_from":"top_left","$view_port_size|default":["100%","100%"],"$scroll_view_port_panel_size|default":["100%","100%"],"size":"$scroll_view_port_panel_size","controls":[{"background_and_viewport@scroll_background_and_viewport":{}},{"bar_and_track@scroll_bar_and_track":{}}]}}]},"scroll_background_and_viewport":{"type":"panel","size":"$view_port_size","anchor_from":"top_left","anchor_to":"top_left","clips_children":true,"controls":[{"background@$scroll_background_image_control":{"visible":"$show_background","anchor_to":"top_left","anchor_from":"top_left","offset":"$background_offset","size":"$background_size"}},{"scrolling_view_port":{"layer":1,"type":"panel","anchor_from":"top_left","anchor_to":"top_left","clips_children":true,"offset":"$scroll_view_port_offset","size":"$scroll_view_port_size","max_size":"$scroll_view_port_max_size","controls":[{"scrolling_content@$scrolling_content":{"layer":1,"$scrolling_content_anchor_from|default":"top_left","$scrolling_content_anchor_to|default":"top_left","anchor_from":"$scrolling_content_anchor_from","anchor_to":"$scrolling_content_anchor_to"}}]}}]},"scroll_bar_and_track":{"type":"panel","$scroll_bar_and_track_size|default":["100%c","100%"],"size":"$scroll_bar_and_track_size","clips_children":true,"anchor_from":"right_middle","anchor_to":"right_middle","controls":[{"stack_panel":{"type":"stack_panel","orientation":"horizontal","anchor_from":"center","anchor_to":"center","size":["default","100%"],"controls":[{"empty_panel_0@empty_panel":{"ignored":"$scroll_bar_contained","size":"$scroll_bar_left_padding_size"}},{"panel":{"type":"panel","size":["100%c","100%"],"controls":[{"centered_panel":{"type":"panel","size":"$scroll_size","$scroll_track_anchor|default":"center","anchor_from":"$scroll_track_anchor","anchor_to":"$scroll_track_anchor","$scroll_track_offset|default":[0,0],"offset":"$scroll_track_offset","controls":[{"track@scrollbar_track":{"layer":12,"anchor_from":"center","anchor_to":"center"}},{"scroll_box@scroll_box":{"layer":15,"anchor_from":"center","anchor_to":"center"}}]}}]}},{"empty_panel_1@empty_panel":{"size":"$scroll_bar_right_padding_size"}}]}}]},"scrollbar_track":{"type":"scroll_track","button_mappings":[{"from_button_id":"button.menu_select","to_button_id":"button.scrollbar_skip_track","mapping_type":"pressed"}],"controls":[{"bar_indent@$scroll_track_image_control":{"visible":"$scroll_box_visible"}}]},"scroll_box":{"type":"panel","controls":[{"box":{"type":"scrollbar_box","anchor_to":"top_left","anchor_from":"top_left","layer":10,"visible":"$scroll_box_visible","contained":true,"draggable":"vertical","$scroll_box_mouse_image_control|default":"scrollbar_box_image","$scroll_box_touch_image_control|default":"touch_scrollbar_box_image","button_mappings":[{"from_button_id":"button.menu_select","to_button_id":"button.menu_select","mapping_type":"pressed","button_up_right_of_first_refusal":true}],"controls":[{"mouse_box@$scroll_box_mouse_image_control":{"ignored":"$touch"}},{"touch_box@$scroll_box_touch_image_control":{"ignored":"(not $touch)"}}]}}]},"scroll_indent_image":{"type":"image","texture":"textures/ui/ScrollRail","size":[3,"100%"],"layer":20},"scrollbar_box_image":{"type":"image","texture":"textures/ui/lb_common/scroll_handle","size":[5,"100%"],"layer":20},"touch_scrollbar_box_image":{"type":"image","texture":"textures/ui/lb_common/scroll_handle","layer":20,"alpha":"@anim_scrollbar_box_fadeout"},"anim_scrollbar_box_fadeout":{"anim_type":"alpha","play_event":"scrollbar.released","reset_event":"scrollbar.active","easing":"in_sine","duration":1.5,"from":1,"to":0,"next":"@anim_scrollbar_box_fadeout"},"info_text_panel":{"type":"panel","size":["100%","100%c"],"controls":[{"info_text":{"type":"label","size":["100%","default"],"layer":2,"text_alignment":"left","font_type":"smooth","font_scale_factor":1.2,"text":"#form_text","color":"$lb_body"}}]},"long_form_scrolling_content":{"type":"stack_panel","size":["100%","100%c"],"orientation":"vertical","anchor_from":"top_left","anchor_to":"top_left","controls":[{"wrapping_panel":{"type":"panel","size":["100%","100%c"],"controls":[{"long_form_dynamic_buttons@long_form_dynamic_buttons":{}}]}}]},"long_form_dynamic_buttons":{"type":"stack_panel","orientation":"vertical","size":["100%-0px","100%c"],"anchor_from":"top_middle","anchor_to":"top_middle","factory":{"name":"buttons","control_name":"lb_form_01.combo_button"},"collection_name":"form_buttons","bindings":[{"binding_condition":"once","binding_name":"#form_button_length","binding_name_override":"#collection_length"}]},"header_button":{"type":"panel","size":[24,18],"visible":false,"bindings":[{"binding_condition":"once","binding_type":"collection","binding_collection_name":"form_buttons","binding_name":"(not((#form_button_text - '§u') = (#form_button_text - ''))))","binding_name_override":"#visible"}],"controls":[{"panel_name":{"type":"panel","size":[18,18],"layer":20,"controls":[{"image":{"type":"image","layer":7,"size":["100%","100%"],"bindings":[{"binding_name":"#form_button_texture","binding_name_override":"#texture","binding_type":"collection","binding_collection_name":"form_buttons"},{"binding_name":"#form_button_texture_file_system","binding_name_override":"#texture_file_system","binding_type":"collection","binding_collection_name":"form_buttons"},{"binding_type":"view","source_property_name":"(not (#texture = ''))","target_property_name":"#visible"}]}}]}},{"left_header_button@common.lb_light_text_button":{"$pressed_button_name":"button.form_button_click","size":[18,18],"$button_text_binding_type":"collection","$button_binding_condition":"once","$button_text_grid_collection_name":"form_buttons","$button_text":"#form_button_text","$button_alpha|default":1,"$default_button_alpha|default":0,"$hover_alpha|default":1,"$default_hover_alpha|default":0.8,"$pressed_alpha|default":1,"$default_pressed_alpha|default":0.8,"$border_visible":false,"$focus_override_up":"FOCUS_OVERRIDE_STOP","$focus_id":"header_left","$label_bg_visible":false,"$tooltip_visible":true,"$label_visible":false}}]},"header_button2":{"type":"panel","size":[24,18],"visible":false,"bindings":[{"binding_condition":"once","binding_type":"collection","binding_collection_name":"form_buttons","binding_name":"(not((#form_button_text - '§v') = (#form_button_text - ''))))","binding_name_override":"#visible"}],"controls":[{"panel_name":{"type":"panel","size":[18,18],"layer":20,"controls":[{"image":{"type":"image","layer":7,"size":["100%","100%"],"bindings":[{"binding_name":"#form_button_texture","binding_name_override":"#texture","binding_type":"collection","binding_collection_name":"form_buttons"},{"binding_name":"#form_button_texture_file_system","binding_name_override":"#texture_file_system","binding_type":"collection","binding_collection_name":"form_buttons"},{"binding_type":"view","source_property_name":"(not (#texture = ''))","target_property_name":"#visible"}]}}]}},{"right_header_button@common.lb_light_text_button":{"$pressed_button_name":"button.form_button_click","size":[18,18],"$button_text_binding_type":"collection","$button_binding_condition":"once","$button_text_grid_collection_name":"form_buttons","$button_text":"#form_button_text","$pressed_alpha":0.8,"$default_button_alpha":0,"$border_visible":false,"$default_hover_alpha":0.8,"$default_pressed_alpha":0.8,"$focus_id":"header_right","$focus_override_up":"FOCUS_OVERRIDE_STOP","$tooltip_visible":true,"$label_visible":false}}]},"combo_button":{"type":"panel","size":["100%","100%cm"],"visible":false,"bindings":[{"binding_condition":"once","binding_type":"collection","binding_collection_name":"form_buttons","binding_name":"(((#form_button_text - '§t' - '§u' - '§v') = (#form_button_text - ''))))","binding_name_override":"#visible"},{"binding_type":"collection_details","binding_collection_name":"form_buttons"}],"controls":[{"panel_name":{"type":"panel","size":["100%",53],"anchor_from":"top_left","anchor_to":"top_left"}},{"panel_name":{"type":"panel","size":["100%",52],"anchor_from":"top_left","anchor_to":"top_left","layer":13,"bindings":[{"binding_type":"view","source_control_name":"image","resolve_sibling_scope":true,"source_property_name":"(not (#texture = ''))","target_property_name":"#visible"}],"controls":[{"image":{"type":"image","layer":7,"size":[52,52],"offset":[0,0],"keep_ratio":false,"anchor_from":"top_left","anchor_to":"top_left","bindings":[{"binding_name":"#form_button_texture","binding_name_override":"#texture","binding_type":"collection","binding_collection_name":"form_buttons"},{"binding_name":"#form_button_texture_file_system","binding_name_override":"#texture_file_system","binding_type":"collection","binding_collection_name":"form_buttons"},{"binding_type":"view","source_property_name":"(not (#texture = ''))","target_property_name":"#visible"}]}}]}},{"form_button@common.lb_light_text_button":{"$pressed_button_name":"button.form_button_click","anchor_from":"top_left","anchor_to":"top_left","size":["100% - 1px",52],"$default_button_alpha":0.7,"$default_hover_alpha":0.8,"$label_bg_visible":false,"$label_anchor":"left_middle","$label_offset":[58,0],"$text_alignment":"left","$button_text_anchor":"left_middle","$button_text":"#form_button_text","$button_text_binding_type":"collection","$button_text_grid_collection_name":"form_buttons","$button_text_max_size":["100%",40],"$line_padding":2,"$button_image_size":["100%","100%"],"$focus_id":"body_right"}}]},"left_button":{"type":"panel","size":["100%","104px"],"visible":false,"bindings":[{"binding_condition":"once","binding_type":"collection","binding_collection_name":"form_buttons","binding_name":"(not((#form_button_text - '§t') = (#form_button_text - ''))))","binding_name_override":"#visible"}],"controls":[{"panel_name":{"type":"panel","size":["100%","100%-2px"],"anchor_from":"bottom_left","anchor_to":"bottom_left","layer":13,"bindings":[{"binding_type":"view","source_control_name":"image","resolve_sibling_scope":true,"source_property_name":"(not (#texture = ''))","target_property_name":"#visible"}],"controls":[{"image":{"type":"image","layer":7,"size":["100%","100%"],"keep_ratio":false,"bindings":[{"binding_name":"#form_button_texture","binding_name_override":"#texture","binding_type":"collection","binding_collection_name":"form_buttons"},{"binding_name":"#form_button_texture_file_system","binding_name_override":"#texture_file_system","binding_type":"collection","binding_collection_name":"form_buttons"},{"binding_type":"view","source_property_name":"(not (#texture = ''))","target_property_name":"#visible"}]}}]}},{"form_button@common.lb_light_text_button":{"$pressed_button_name":"button.form_button_click","anchor_from":"bottom_left","anchor_to":"bottom_left","size":["100%","100% - 2px"],"$button_text":"#form_button_text","$button_text_binding_type":"collection","$button_text_grid_collection_name":"form_buttons","$button_text_max_size":["100%",100],"$default_button_alpha":0.7,"$default_hover_alpha":0.8,"$label_bg_visible":false,"$focus_id":"body_left","$label_anchor":"bottom_middle","$default_font":"MinecraftTen","$button_font_size":"normal","$text_alignment":"center","$label_offset":[0,0],"$default_text_color":[0.95,0.17,0],"$hover_text_color":[0.95,0.17,0],"$pressed_text_color":[0.95,0.17,0]}}]},"progress_loading_bars":{"type":"image","layer":2,"texture":"textures/ui/loading_bar","anchor_from":"center","anchor_to":"center","offset":[0,24],"size":[64,8],"uv_size":[64,8],"uv":"@bar_animation","color":[0.7,0.7,0.7,1],"bindings":[{"binding_name":"#bar_animation_visible","binding_name_override":"#visible"}]},"bar_animation":{"anim_type":"flip_book","initial_uv":[0,0],"frame_count":10,"frame_step":64,"fps":10,"reversible":true,"easing":"linear"}}