{"namespace":"lb_form_00","long_form_default@main_panel_no_buttons":{"$title_panel":"standard_title_label","size":[440,240],"max_size":["100%","100%"],"$text_name":"#title_text","$title_text_binding_type":"none","layer":2},"main_panel_no_buttons":{"type":"panel","anchor_from":"center","anchor_to":"center","$text_name|default":"","controls":[{"common_panel@common_panel":{}},{"safe_area_for_no_close":{"type":"input_panel","layer":-1}},{"title_label@title_label":{}},{"panel_indent":{"type":"panel","size":["100% - 6px","100% - 27px"],"offset":[0,22],"anchor_from":"top_middle","anchor_to":"top_middle","controls":[{"inside_header_panel@long_form_panel":{}}]}}]},"common_panel":{"type":"panel","$show_close_button|default":true,"$close_button_visible_binding_name|default":"#close_button_visible","$close_button_offset|default":[0,0],"$close_button_layer|default":2,"$use_compact_close_button|default":false,"controls":[{"bg_image@lb_background":{"layer":1,"ignored":false}},{"close_button_holder":{"type":"panel","ignored":"(not $show_close_button)","controls":[{"close@close_button":{"layer":"$close_button_layer","offset":"$close_button_offset","ignored":"$use_compact_close_button"}},{"compact_close@compact_close_button":{"layer":"$close_button_layer","offset":"$close_button_offset","ignored":"(not $use_compact_close_button)"}}],"bindings":[{"binding_condition":"once","binding_name":"$close_button_visible_binding_name","binding_name_override":"#visible"}]}}]},"close_button":{"type":"button","size":[18,18],"layer":10,"anchor_from":"top_right","anchor_to":"top_right","$close_button_offset|default":[-4,3],"offset":"$close_button_offset","locked_control":"","default_control":"default","hover_control":"hover","pressed_control":"pressed","sound_name":"random.click","sound_volume":1,"sound_pitch":1,"$close_button_to_button_id|default":"button.menu_exit","$default_button_alpha|default":1,"$default_hover_alpha|default":1,"$default_pressed_alpha|default":1,"$close_button_visible_binding_name|default":"#close_button_visible","$close_button_visible_binding_type|default":"none","$button_tts_name|default":"","$button_tts_header|default":"accessibility.button.close","$tts_section_header|default":"","tts_name":"$button_tts_name","tts_control_header":"$button_tts_header","tts_section_header":"$tts_section_header","bindings":[{"binding_type":"$close_button_visible_binding_type","binding_name":"$close_button_visible_binding_name","binding_name_override":"#visible"},{"binding_name":"#tts_enabled","binding_name_override":"#focus_enabled"}],"button_mappings":[{"from_button_id":"button.menu_select","to_button_id":"$close_button_to_button_id","mapping_type":"pressed"},{"from_button_id":"button.menu_ok","to_button_id":"$close_button_to_button_id","mapping_type":"focused"}],"controls":[{"default@close_button_panel":{"$close_button_texture":"textures/ui/lb_header/color/close","$button_alpha":"$default_button_alpha"}},{"hover@close_button_panel":{"$close_button_texture":"textures/ui/lb_header/color/close","$bg_alpha":0.8}},{"pressed@close_button_panel":{"$close_button_texture":"textures/ui/lb_header/color/close","$bg_alpha":0.8}}]},"compact_close_button@close_button":{"size":[21,13],"controls":[{"default@common.close_button_panel":{"$close_button_texture":"textures/ui/close_button_default_compact"}},{"hover@common.close_button_panel":{"$close_button_texture":"textures/ui/close_button_hover_compact"}},{"pressed@common.close_button_panel":{"$close_button_texture":"textures/ui/close_button_pressed_compact"}}]},"close_button_panel":{"type":"panel","layer":1,"size":[18,18],"$button_alpha|default":1,"$bg_alpha|default":0,"controls":[{"close_button_image@close_button_image":{"alpha":"$button_alpha"}},{"bg":{"type":"image","texture":"textures/ui/lb_common/9_black","alpha":"$bg_alpha"}}]},"close_button_image":{"type":"image","layer":1,"texture":"$close_button_texture"},"lb_background@dialog_background_hollow_common":{"alpha":0.9,"keep_ratio":false,"texture":"textures/ui/lb_common/color/background_1"},"dialog_background_opaque@dialog_background_common":{"texture":"textures/ui/lb_common/color/background_1"},"dialog_background_common":{"type":"image","texture":"textures/ui/lb_common/dialog_background_hollow_4","layer":1},"dialog_background_hollow_common@dialog_background_common":{"layer":2,"$fill_alpha|default":0.8,"$dialog_background_texture|default":"textures/ui/control"},"title_label":{"type":"panel","anchor_from":"top_middle","anchor_to":"top_middle","size":["100% - 14px",10],"offset":[0,5],"$use_custom_title_control|default":false,"$custom_title_label|default":"empty_panel","$title_binding_condition|default":"none","$title_text_binding_type|default":"none","controls":[{"common_dialogs_0@standard_title_label":{"ignored":"$use_custom_title_control"}},{"common_dialogs_1@$custom_title_label":{"ignored":"(not $use_custom_title_control)"}}]},"empty_panel":{"type":"panel"},"standard_title_label":{"type":"label","color":"$lb_title","text":"#title_text","font_type":"MinecraftTen","font_size":"large","font_scale_factor":1.2,"layer":4,"shadow":false,"property_bag":{"#tts_dialog_title":"#title_text"},"bindings":[{"binding_type":"$title_text_binding_type","binding_condition":"$title_binding_condition","binding_name":"$text_name","binding_name_override":"$text_name"},{"binding_name":"#title_text"},{"binding_type":"global","binding_condition":"always","binding_name":"#tts_dialog_title"}]},"long_form_panel":{"type":"stack_panel","size":["100%","100%"],"offset":[1,0],"orientation":"vertical","layer":1,"anchor_from":"top_left","anchor_to":"top_left","controls":[{"scrolling_panel@scrolling_panel":{"anchor_to":"top_left","anchor_from":"top_left","$show_background":false,"size":["100%","100%-1px"],"$scrolling_content":"long_form_scrolling_content"}}]},"scrolling_panel":{"type":"panel","anchor_from":"top_left","anchor_to":"top_left","$scrolling_pane_size|default":["100% - 2px","100%"],"$scrolling_pane_offset|default":[0,2],"$scroll_view_control_size|default":["100%","100%"],"$background_size|default":["100%","100%"],"$background_offset|default":[0,0],"$scroll_view_port_size|default":["100%","100%"],"$scroll_view_port_max_size|default":["100%","100%"],"$scroll_view_port_offset|default":[0,0],"$scroll_bar_left_padding_size|default":[0,0],"$scroll_bar_right_padding_size|default":[2,0],"$view_port_size|default":["fill","100%"],"$scroll_bar_contained|default":false,"$scroll_size|default":[5,"100%-4px"],"$background_size_touch|default":["100%","100%"],"$background_offset_touch|default":[0,0],"$scroll_view_port_size_touch|default":["100%","100%"],"$scroll_view_port_max_size_touch|default":["100%","100%"],"$scroll_view_port_offset_touch|default":[0,0],"$scroll_bar_left_padding_size_touch|default":[0,0],"$scroll_bar_right_padding_size_touch|default":[1,0],"$view_port_size_touch|default":["100%","100%"],"$scroll_bar_contained_touch|default":true,"$scroll_size_touch|default":[4,"100%"],"$scroll_box_visible|default":true,"$scroll_box_visible_touch|default":false,"$use_touch_mode|default":false,"$show_background|default":true,"controls":[{"scroll_touch@scrolling_panel_base":{"ignored":"(not $touch)","size":"$scrolling_pane_size","offset":"$scrolling_pane_offset","$scroll_bar_contained":"$scroll_bar_contained_touch","$use_touch_mode":true,"$scroll_box_visible":"$scroll_box_visible_touch","$background_size":"$background_size_touch","$background_offset":"$background_offset_touch","$scroll_view_port_size":"$scroll_view_port_size_touch","$scroll_view_port_max_size":"$scroll_view_port_max_size_touch","$scroll_view_port_offset":"$scroll_view_port_offset_touch","$scroll_track_image_control":"empty_panel","$scroll_bar_left_padding_size":"$scroll_bar_left_padding_size_touch","$scroll_bar_right_padding_size":"$scroll_bar_right_padding_size_touch","$view_port_size":"$view_port_size_touch","$scroll_size":"$scroll_size_touch"}},{"scroll_mouse@scrolling_panel_base":{"ignored":"$touch","size":"$scrolling_pane_size","offset":"$scrolling_pane_offset"}}]},"scrolling_panel_base":{"type":"input_panel","anchor_to":"top_left","anchor_from":"top_left","$scroll_panel_consume_hover_events|default":true,"consume_hover_events":"$scroll_panel_consume_hover_events","$scroll_view_name|default":"scroll_view","controls":[{"$scroll_view_name@scroll_view_control":{}}],"$scrolling_panel_base_button_mappings|default":[],"button_mappings":"$scrolling_panel_base_button_mappings","tts_ignore_count":true},"scroll_view_control":{"type":"scroll_view","size":"$scroll_view_control_size","scroll_speed":15,"scrollbar_track_button":"button.scrollbar_skip_track","scrollbar_touch_button":"button.scrollbar_touch","touch_mode":"$use_touch_mode","always_listen_to_input":true,"always_handle_pointer":true,"$always_handle_scrolling|default":false,"always_handle_scrolling":"$always_handle_scrolling","scrollbar_track":"track","scrollbar_box":"box","scroll_content":"scrolling_content","scroll_view_port":"scrolling_view_port","scroll_box_and_track_panel":"bar_and_track","$jump_to_bottom_on_update|default":false,"jump_to_bottom_on_update":"$jump_to_bottom_on_update","$scroll_background_image_control|default":"scroll_indent_image","$scroll_track_image_control|default":"scroll_indent_image","button_mappings":[{"from_button_id":"button.menu_select","to_button_id":"button.scrollbar_touch","mapping_type":"pressed","button_up_right_of_first_refusal":true}],"bindings":[{"binding_name":"#gesture_control_enabled"}],"controls":[{"background":{"type":"image","texture":"textures/ui/lb_common/9_black","size":["100%","100%"],"alpha":0.6,"layer":2}},{"stack_panel":{"ignored":"$scroll_bar_contained","type":"stack_panel","orientation":"horizontal","anchor_to":"top_left","anchor_from":"top_left","size":["100%","100% - 4px"],"offset":[0,2],"controls":[{"background_and_viewport@scroll_background_and_viewport":{}},{"bar_and_track@scroll_bar_and_track":{}}]}},{"panel":{"ignored":"(not $scroll_bar_contained)","type":"panel","anchor_to":"top_left","anchor_from":"top_left","$view_port_size|default":["100%","100%"],"size":["100%","100% - 4px"],"offset":[0,2],"controls":[{"background_and_viewport@scroll_background_and_viewport":{}},{"bar_and_track@scroll_bar_and_track":{}}]}}]},"scroll_background_and_viewport":{"type":"panel","size":"$view_port_size","anchor_from":"top_left","anchor_to":"top_left","clips_children":true,"controls":[{"background@$scroll_background_image_control":{"visible":"$show_background","anchor_to":"top_left","anchor_from":"top_left","offset":"$background_offset","size":"$background_size"}},{"scrolling_view_port":{"layer":1,"type":"panel","anchor_from":"top_left","anchor_to":"top_left","clips_children":true,"offset":"$scroll_view_port_offset","size":"$scroll_view_port_size","max_size":"$scroll_view_port_max_size","controls":[{"scrolling_content@$scrolling_content":{"layer":1,"$scrolling_content_anchor_from|default":"top_left","$scrolling_content_anchor_to|default":"top_left","anchor_from":"$scrolling_content_anchor_from","anchor_to":"$scrolling_content_anchor_to"}}]}}]},"scroll_bar_and_track":{"type":"panel","$scroll_bar_and_track_size|default":["100%c","100%"],"size":"$scroll_bar_and_track_size","clips_children":true,"anchor_from":"right_middle","anchor_to":"right_middle","controls":[{"stack_panel":{"type":"stack_panel","orientation":"horizontal","anchor_from":"center","anchor_to":"center","size":["default","100%"],"controls":[{"empty_panel_0@empty_panel":{"ignored":"$scroll_bar_contained","size":"$scroll_bar_left_padding_size"}},{"panel":{"type":"panel","size":["100%c","100%"],"controls":[{"centered_panel":{"type":"panel","size":"$scroll_size","$scroll_track_anchor|default":"center","anchor_from":"$scroll_track_anchor","anchor_to":"$scroll_track_anchor","$scroll_track_offset|default":[0,0],"offset":"$scroll_track_offset","controls":[{"track@scrollbar_track":{"layer":2,"anchor_from":"center","anchor_to":"center"}},{"scroll_box@scroll_box":{"layer":5,"anchor_from":"center","anchor_to":"center"}}]}}]}},{"empty_panel_1@empty_panel":{"size":"$scroll_bar_right_padding_size"}}]}}]},"scrollbar_track":{"type":"scroll_track","button_mappings":[{"from_button_id":"button.menu_select","to_button_id":"button.scrollbar_skip_track","mapping_type":"pressed"}],"controls":[{"bar_indent@$scroll_track_image_control":{"visible":"$scroll_box_visible"}}]},"scroll_box":{"type":"panel","controls":[{"box":{"type":"scrollbar_box","anchor_to":"top_left","anchor_from":"top_left","layer":10,"visible":"$scroll_box_visible","contained":true,"draggable":"vertical","$scroll_box_mouse_image_control|default":"scrollbar_box_image","$scroll_box_touch_image_control|default":"touch_scrollbar_box_image","button_mappings":[{"from_button_id":"button.menu_select","to_button_id":"button.menu_select","mapping_type":"pressed","button_up_right_of_first_refusal":true}],"controls":[{"mouse_box@$scroll_box_mouse_image_control":{"ignored":"$touch"}},{"touch_box@$scroll_box_touch_image_control":{"ignored":"(not $touch)"}}]}}]},"scroll_indent_image":{"type":"image","texture":"textures/ui/ScrollRail","size":[3,"100%"],"layer":20},"scrollbar_box_image":{"type":"image","texture":"textures/ui/lb_common/scroll_handle","size":[5,"100%"],"layer":20},"touch_scrollbar_box_image":{"type":"image","texture":"textures/ui/lb_common/scroll_handle","layer":20,"alpha":"@anim_scrollbar_box_fadeout"},"anim_scrollbar_box_fadeout":{"anim_type":"alpha","play_event":"scrollbar.released","reset_event":"scrollbar.active","easing":"in_sine","duration":1.5,"from":1,"to":0,"next":"@anim_scrollbar_box_fadeout"},"long_form_scrolling_content":{"type":"stack_panel","size":["100%","100%c"],"orientation":"vertical","anchor_from":"top_left","anchor_to":"top_left","controls":[{"label_offset_panel":{"type":"panel","size":["100%","100%c"],"controls":[{"main_label":{"type":"label","offset":[4,0],"color":"$lb_body","size":["100%","default"],"anchor_from":"top_left","anchor_to":"top_left","text":"#form_text","property_bag":{"#tts_dialog_body":"#form_text"},"bindings":[{"binding_type":"global","binding_condition":"always","binding_name":"#tts_dialog_title"}]}}],"bindings":[{"binding_type":"view","binding_condition":"once","source_property_name":"(not (#form_text = ''))","target_property_name":"#visible"}]}},{"wrapping_panel":{"type":"panel","anchor_from":"top_left","anchor_to":"top_left","size":["100%","100%c"],"controls":[{"long_form_dynamic_buttons_grid@long_form_dynamic_buttons_grid":{}}]}}]},"long_form_dynamic_buttons_grid":{"type":"grid","size":["100%","100%c"],"anchor_from":"top_left","anchor_to":"top_left","grid_item_template":"lb_form_00.combo_button","grid_rescaling_type":"horizontal","factory":{"name":"buttons","control_name":"lb_form_00.combo_button"},"collection_name":"form_buttons","bindings":[{"binding_name":"#form_button_length","binding_condition":"once","binding_name_override":"#collection_length"},{"binding_name":"#form_button_length","binding_condition":"once","binding_name_override":"#maximum_grid_items"}]},"combo_button":{"type":"stack_panel","orientation":"horizontal","anchor_from":"left_middle","anchor_to":"left_middle","size":["50%-2px","34px"],"controls":[{"top_padding_combo_button":{"type":"panel","size":[1,"100%"]}},{"panel_name":{"type":"panel","anchor_from":"left_middle","anchor_to":"left_middle","size":[34,32],"layer":2,"bindings":[{"binding_condition":"once","binding_type":"view","source_control_name":"image","resolve_sibling_scope":true,"source_property_name":"(not (#texture = ''))","target_property_name":"#visible"}],"controls":[{"image":{"type":"image","anchor_from":"left_middle","anchor_to":"left_middle","layer":2,"size":[32,32],"bindings":[{"binding_name":"#form_button_texture","binding_name_override":"#texture","binding_type":"collection","binding_collection_name":"form_buttons"},{"binding_name":"#form_button_texture_file_system","binding_name_override":"#texture_file_system","binding_type":"collection","binding_collection_name":"form_buttons"},{"binding_type":"view","source_property_name":"(not ((#texture = '') or (#texture = 'loading')))","target_property_name":"#visible"}]}},{"progress@progress_loading_bars":{"size":["50%","50%"],"anchor_from":"center","anchor_to":"center","bindings":[{"binding_type":"view","source_control_name":"image","resolve_sibling_scope":true,"source_property_name":"(#texture = 'loading')","target_property_name":"#visible"}]}}]}},{"form_button@common.lb_light_text_button":{"$pressed_button_name":"button.form_button_click","anchor_from":"left_middle","anchor_to":"left_middle","size":["fill","32px"],"$button_text":"#form_button_text","$button_text_binding_type":"collection","$button_text_grid_collection_name":"form_buttons","$button_text_max_size":["100%",20],"$default_button_alpha":0.7,"bindings":[{"binding_condition":"once","binding_type":"collection_details","binding_collection_name":"form_buttons"}]}},{"bottom_padding_combo_button":{"type":"panel","size":[1,"100%"]}}]},"progress_loading_bars":{"type":"image","layer":2,"texture":"textures/ui/loading_bar","anchor_from":"center","anchor_to":"center","size":[64,8],"uv_size":[64,8],"uv":"@bar_animation","color":[0.7,0.7,0.7,1],"bindings":[{"binding_name":"#bar_animation_visible","binding_name_override":"#visible"}]},"bar_animation":{"anim_type":"flip_book","initial_uv":[0,0],"frame_count":10,"frame_step":64,"fps":10,"reversible":true,"easing":"linear"}}