{"format_version":"1.16.0","minecraft:geometry":[{"bones":[{"binding":"c.item_slot == 'head' ? 'head' : q.item_slot_to_bone_name(c.item_slot)","name":"geyser_custom","pivot":[0,8,0]},{"name":"geyser_custom_x","parent":"geyser_custom","pivot":[0,8,0]},{"name":"geyser_custom_y","parent":"geyser_custom_x","pivot":[0,8,0]},{"cubes":[{"origin":[1,9,-4.5],"size":[2,1,0.5],"uv":{"down":{"uv":[3.984,9.984],"uv_size":[-1.984,-0.984]},"east":{"uv":[7.992,14.016],"uv_size":[-0.492,1.984]},"north":{"uv":[2.984,12.016],"uv_size":[-1.984,1.984]},"south":{"uv":[3.016,12.016],"uv_size":[1.984,1.984]},"up":{"uv":[5.984,9.016],"uv_size":[-1.984,0.984]},"west":{"uv":[7.008,14.016],"uv_size":[0.492,1.984]}}},{"origin":[1,4,-4.5],"size":[1,3,0.5],"uv":{"down":{"uv":[7.984,13.984],"uv_size":[-0.984,-0.984]},"east":{"uv":[1.992,2.016],"uv_size":[-0.492,5.984]},"north":{"uv":[0.984,10.016],"uv_size":[-0.984,5.984]},"south":{"uv":[0.016,4.016],"uv_size":[0.984,5.984]},"up":{"uv":[7.984,12.016],"uv_size":[-0.984,0.984]},"west":{"uv":[1.008,2.016],"uv_size":[0.492,5.984]}}},{"origin":[-2,6,-4.5],"size":[3,1,0.5],"uv":{"down":{"uv":[6.984,11.984],"uv_size":[-2.984,-0.984]},"east":{"uv":[1.992,0.016],"uv_size":[-0.492,1.984]},"north":{"uv":[3.984,14.016],"uv_size":[-2.984,1.984]},"south":{"uv":[4.016,14.016],"uv_size":[2.984,1.984]},"up":{"uv":[6.984,10.016],"uv_size":[-2.984,0.984]},"west":{"uv":[1.008,0.016],"uv_size":[0.492,1.984]}}},{"origin":[-2,4,-4.5],"size":[1,2,0.5],"uv":{"down":{"uv":[7.984,11.984],"uv_size":[-0.984,-0.984]},"east":{"uv":[2.492,1.016],"uv_size":[-0.492,3.984]},"north":{"uv":[0.984,0.016],"uv_size":[-0.984,3.984]},"south":{"uv":[1.016,8.016],"uv_size":[0.984,3.984]},"up":{"uv":[7.984,10.016],"uv_size":[-0.984,0.984]},"west":{"uv":[2.008,5.016],"uv_size":[0.492,3.984]}}},{"origin":[-3,9,-4.5],"size":[2,1,0.5],"uv":{"down":{"uv":[7.984,9.984],"uv_size":[-1.984,-0.984]},"east":{"uv":[2.992,4.016],"uv_size":[-0.492,1.984]},"north":{"uv":[6.984,12.016],"uv_size":[-1.984,1.984]},"south":{"uv":[2.016,10.016],"uv_size":[1.984,1.984]},"up":{"uv":[4.484,8.016],"uv_size":[-1.984,0.984]},"west":{"uv":[2.508,6.016],"uv_size":[0.492,1.984]}}}],"name":"geyser_custom_z","parent":"geyser_custom_y","pivot":[0,8,0]}],"description":{"identifier":"geometry.geyser_custom.geo_8c904e3","texture_height":16,"texture_width":16,"visible_bounds_height":4.5,"visible_bounds_offset":[0,0.75,0],"visible_bounds_width":4}}]}