{
  "individual_event_sounds": {
    "events": {
      "ng.lobby.crate.keyappear": {
        "pitch": 1.0,
        "sound": "ng.lobby.crate.keyappear",
        "volume": 1.0
      },
      "ng.lobby.crate.lock_lock_1": {
        "pitch": 1.0,
        "sound": "ng.lobby.crate.lock_lock_1",
        "volume": 1.0
      },
      "ng.lobby.crate.lock_unlock_1": {
        "pitch": 1.0,
        "sound": "ng.lobby.crate.lock_unlock_1",
        "volume": 1.0
      },
      "ng.lobby.crate.lock_unlock_fast_3": {
        "pitch": 1.0,
        "sound": "ng.lobby.crate.lock_unlock_fast_3",
        "volume": 1.0
      },
      "ng.lobby.crate.lock_unlock_squeek_2": {
        "pitch": 1.0,
        "sound": "ng.lobby.crate.lock_unlock_squeek_2",
        "volume": 1.0
      },
      "ng.lobby.crate.shuffle": {
        "pitch": 1.0,
        "sound": "ng.lobby.crate.shuffle",
        "volume": 1.0
      }
    }
  }
}