{"format_version":"1.12.0","minecraft:geometry":[{"bones":[{"name":"americanplant1","pivot":[0,23.81103,0.14662]},{"cubes":[{"origin":[-6,0,-6],"size":[12,13,2],"uv":{"down":{"uv":[73,56],"uv_size":[12,-2]},"east":{"uv":[72,0],"uv_size":[2,13]},"north":{"uv":[0,0],"uv_size":[12,13]},"south":{"uv":[12,0],"uv_size":[12,13]},"up":{"uv":[73,52],"uv_size":[12,2]},"west":{"uv":[72,13],"uv_size":[2,13]}}},{"origin":[-6,0,4],"size":[12,13,2],"uv":{"down":{"uv":[75,30],"uv_size":[12,-2]},"east":{"uv":[74,13],"uv_size":[2,13]},"north":{"uv":[0,13],"uv_size":[12,13]},"south":{"uv":[12,13],"uv_size":[12,13]},"up":{"uv":[75,26],"uv_size":[12,2]},"west":{"uv":[15,74],"uv_size":[2,13]}}},{"origin":[4,0,-4],"size":[2,13,8],"uv":{"down":{"uv":[17,82],"uv_size":[2,-8]},"east":{"uv":[34,13],"uv_size":[8,13]},"north":{"uv":[73,70],"uv_size":[2,13]},"south":{"uv":[74,0],"uv_size":[2,13]},"up":{"uv":[22,26],"uv_size":[2,8]},"west":{"uv":[34,26],"uv_size":[8,13]}}},{"origin":[-6,0,-4],"size":[2,13,8],"uv":{"down":{"uv":[20,34],"uv_size":[2,-8]},"east":{"uv":[10,26],"uv_size":[8,13]},"north":{"uv":[73,26],"uv_size":[2,13]},"south":{"uv":[73,39],"uv_size":[2,13]},"up":{"uv":[18,26],"uv_size":[2,8]},"west":{"uv":[34,0],"uv_size":[8,13]}}},{"inflate":0.025,"origin":[-5,0,-5],"size":[10,12,10],"uv":{"down":{"uv":[0,48],"uv_size":[10,-10]},"east":{"uv":[24,12],"uv_size":[10,12]},"north":{"uv":[24,0],"uv_size":[10,12]},"south":{"uv":[24,24],"uv_size":[10,12]},"up":{"uv":[18,36],"uv_size":[10,10]},"west":{"uv":[0,26],"uv_size":[10,12]}}},{"origin":[-1,12,-1],"size":[2,15,2],"uv":{"down":{"uv":[20,36],"uv_size":[2,-2]},"east":{"uv":[67,70],"uv_size":[2,15]},"north":{"uv":[65,70],"uv_size":[2,15]},"south":{"uv":[69,70],"uv_size":[2,15]},"up":{"uv":[18,34],"uv_size":[2,2]},"west":{"uv":[71,70],"uv_size":[2,15]}}}],"name":"bb_main","parent":"americanplant1","pivot":[0,0,0]},{"cubes":[{"origin":[-2.575,16,0],"pivot":[0,15.81103,0.14662],"rotation":[65,0,0],"size":[5,14,0],"uv":{"down":{"uv":[0,0],"uv_size":[5,0]},"east":{"uv":[0,0],"uv_size":[0,14]},"north":{"uv":[50,70],"uv_size":[5,14]},"south":{"uv":[55,70],"uv_size":[5,14]},"up":{"uv":[0,0],"uv_size":[5,0]},"west":{"uv":[0,0],"uv_size":[0,14]}}},{"origin":[-2.575,16,0],"pivot":[0,15.81103,0.14662],"rotation":[37.5,0,0],"size":[5,14,0],"uv":{"down":{"uv":[0,0],"uv_size":[5,0]},"east":{"uv":[0,0],"uv_size":[0,14]},"north":{"uv":[70,56],"uv_size":[5,14]},"south":{"uv":[60,70],"uv_size":[5,14]},"up":{"uv":[0,0],"uv_size":[5,0]},"west":{"uv":[0,0],"uv_size":[0,14]}}}],"name":"bone2","parent":"americanplant1","pivot":[0,15.81103,0.14662]},{"cubes":[{"origin":[-0.14662,16,-2.27838],"pivot":[0,15.81103,0.14662],"rotation":[0,0,-65],"size":[0,14,5],"uv":{"down":{"uv":[0,5],"uv_size":[0,-5]},"east":{"uv":[42,0],"uv_size":[5,14]},"north":{"uv":[0,0],"uv_size":[0,14]},"south":{"uv":[0,0],"uv_size":[0,14]},"up":{"uv":[0,0],"uv_size":[0,5]},"west":{"uv":[42,14],"uv_size":[5,14]}}},{"origin":[-0.14662,16,-2.27838],"pivot":[0,15.81103,0.14662],"rotation":[0,0,-37.5],"size":[0,14,5],"uv":{"down":{"uv":[0,5],"uv_size":[0,-5]},"east":{"uv":[43,28],"uv_size":[5,14]},"north":{"uv":[0,0],"uv_size":[0,14]},"south":{"uv":[0,0],"uv_size":[0,14]},"up":{"uv":[0,0],"uv_size":[0,5]},"west":{"uv":[43,42],"uv_size":[5,14]}}}],"name":"bone3","parent":"americanplant1","pivot":[0,15.81103,0.14662]},{"cubes":[{"origin":[-2.425,16,0.29324],"pivot":[0,15.81103,0.14662],"rotation":[-65,0,0],"size":[5,14,0],"uv":{"down":{"uv":[0,0],"uv_size":[5,0]},"east":{"uv":[0,0],"uv_size":[0,14]},"north":{"uv":[15,46],"uv_size":[5,14]},"south":{"uv":[20,46],"uv_size":[5,14]},"up":{"uv":[0,0],"uv_size":[5,0]},"west":{"uv":[0,0],"uv_size":[0,14]}}},{"origin":[-2.425,16,0.29324],"pivot":[0,15.81103,0.14662],"rotation":[-37.5,0,0],"size":[5,14,0],"uv":{"down":{"uv":[0,0],"uv_size":[5,0]},"east":{"uv":[0,0],"uv_size":[0,14]},"north":{"uv":[47,0],"uv_size":[5,14]},"south":{"uv":[47,14],"uv_size":[5,14]},"up":{"uv":[0,0],"uv_size":[5,0]},"west":{"uv":[0,0],"uv_size":[0,14]}}}],"name":"bone4","parent":"americanplant1","pivot":[0,15.81103,0.14662]},{"cubes":[{"origin":[0.14662,16,-2.42838],"pivot":[0,15.81103,0.14662],"rotation":[0,0,65],"size":[0,14,5],"uv":{"down":{"uv":[0,5],"uv_size":[0,-5]},"east":{"uv":[25,50],"uv_size":[5,14]},"north":{"uv":[0,0],"uv_size":[0,14]},"south":{"uv":[0,0],"uv_size":[0,14]},"up":{"uv":[0,0],"uv_size":[0,5]},"west":{"uv":[52,0],"uv_size":[5,14]}}},{"origin":[0.14662,16,-2.42838],"pivot":[0,15.81103,0.14662],"rotation":[0,0,37.5],"size":[0,14,5],"uv":{"down":{"uv":[0,5],"uv_size":[0,-5]},"east":{"uv":[52,14],"uv_size":[5,14]},"north":{"uv":[0,0],"uv_size":[0,14]},"south":{"uv":[0,0],"uv_size":[0,14]},"up":{"uv":[0,0],"uv_size":[0,5]},"west":{"uv":[10,53],"uv_size":[5,14]}}}],"name":"bone8","parent":"americanplant1","pivot":[0,15.81103,0.14662]},{"cubes":[{"origin":[-2.575,16.675,0],"pivot":[0,16.48603,0.14662],"rotation":[112.5,0,0],"size":[5,14,0],"uv":{"down":{"uv":[0,0],"uv_size":[5,0]},"east":{"uv":[0,0],"uv_size":[0,14]},"north":{"uv":[10,67],"uv_size":[5,14]},"south":{"uv":[67,14],"uv_size":[5,14]},"up":{"uv":[0,0],"uv_size":[5,0]},"west":{"uv":[0,0],"uv_size":[0,14]}}},{"origin":[-2.575,16.675,0],"pivot":[0,16.48603,0.14662],"rotation":[85,0,0],"size":[5,14,0],"uv":{"down":{"uv":[0,0],"uv_size":[5,0]},"east":{"uv":[0,0],"uv_size":[0,14]},"north":{"uv":[30,67],"uv_size":[5,14]},"south":{"uv":[35,67],"uv_size":[5,14]},"up":{"uv":[0,0],"uv_size":[5,0]},"west":{"uv":[0,0],"uv_size":[0,14]}}}],"name":"bone15","parent":"americanplant1","pivot":[0,16.48603,0.14662],"rotation":[0,40,0]},{"cubes":[{"origin":[-0.14662,16.675,-2.27838],"pivot":[0,16.48603,0.14662],"rotation":[0,0,-112.5],"size":[0,14,5],"uv":{"down":{"uv":[0,5],"uv_size":[0,-5]},"east":{"uv":[68,28],"uv_size":[5,14]},"north":{"uv":[0,0],"uv_size":[0,14]},"south":{"uv":[0,0],"uv_size":[0,14]},"up":{"uv":[0,0],"uv_size":[0,5]},"west":{"uv":[68,42],"uv_size":[5,14]}}},{"origin":[-0.14662,16.675,-2.27838],"pivot":[0,16.48603,0.14662],"rotation":[0,0,-85],"size":[0,14,5],"uv":{"down":{"uv":[0,5],"uv_size":[0,-5]},"east":{"uv":[40,70],"uv_size":[5,14]},"north":{"uv":[0,0],"uv_size":[0,14]},"south":{"uv":[0,0],"uv_size":[0,14]},"up":{"uv":[0,0],"uv_size":[0,5]},"west":{"uv":[45,70],"uv_size":[5,14]}}}],"name":"bone16","parent":"bone15","pivot":[0,16.48603,0.14662]},{"cubes":[{"origin":[0.14662,16.675,-2.42838],"pivot":[0,16.48603,0.14662],"rotation":[0,0,112.5],"size":[0,14,5],"uv":{"down":{"uv":[0,5],"uv_size":[0,-5]},"east":{"uv":[63,42],"uv_size":[5,14]},"north":{"uv":[0,0],"uv_size":[0,14]},"south":{"uv":[0,0],"uv_size":[0,14]},"up":{"uv":[0,0],"uv_size":[0,5]},"west":{"uv":[25,64],"uv_size":[5,14]}}},{"origin":[0.14662,16.675,-2.42838],"pivot":[0,16.48603,0.14662],"rotation":[0,0,85],"size":[0,14,5],"uv":{"down":{"uv":[0,5],"uv_size":[0,-5]},"east":{"uv":[65,56],"uv_size":[5,14]},"north":{"uv":[0,0],"uv_size":[0,14]},"south":{"uv":[0,0],"uv_size":[0,14]},"up":{"uv":[0,0],"uv_size":[0,5]},"west":{"uv":[67,0],"uv_size":[5,14]}}}],"name":"bone14","parent":"bone15","pivot":[0,16.48603,0.14662]},{"cubes":[{"origin":[-2.425,16.675,0.29324],"pivot":[0,16.48603,0.14662],"rotation":[-112.5,0,0],"size":[5,14,0],"uv":{"down":{"uv":[0,0],"uv_size":[5,0]},"east":{"uv":[0,0],"uv_size":[0,14]},"north":{"uv":[62,0],"uv_size":[5,14]},"south":{"uv":[5,62],"uv_size":[5,14]},"up":{"uv":[0,0],"uv_size":[5,0]},"west":{"uv":[0,0],"uv_size":[0,14]}}},{"origin":[-2.425,16.675,0.29324],"pivot":[0,16.48603,0.14662],"rotation":[-85,0,0],"size":[5,14,0],"uv":{"down":{"uv":[0,0],"uv_size":[5,0]},"east":{"uv":[0,0],"uv_size":[0,14]},"north":{"uv":[62,14],"uv_size":[5,14]},"south":{"uv":[63,28],"uv_size":[5,14]},"up":{"uv":[0,0],"uv_size":[5,0]},"west":{"uv":[0,0],"uv_size":[0,14]}}}],"name":"bone13","parent":"bone15","pivot":[0,16.48603,0.14662]},{"cubes":[{"origin":[-2.575,24,0],"pivot":[0,23.81103,0.14662],"rotation":[37.5,0,0],"size":[5,14,0],"uv":{"down":{"uv":[0,0],"uv_size":[5,0]},"east":{"uv":[0,0],"uv_size":[0,14]},"north":{"uv":[28,36],"uv_size":[5,14]},"south":{"uv":[10,39],"uv_size":[5,14]},"up":{"uv":[0,0],"uv_size":[5,0]},"west":{"uv":[0,0],"uv_size":[0,14]}}},{"origin":[-2.575,24,0],"pivot":[0,23.81103,0.14662],"rotation":[65,0,0],"size":[5,14,0],"uv":{"down":{"uv":[0,0],"uv_size":[5,0]},"east":{"uv":[0,0],"uv_size":[0,14]},"north":{"uv":[33,39],"uv_size":[5,14]},"south":{"uv":[38,39],"uv_size":[5,14]},"up":{"uv":[0,0],"uv_size":[5,0]},"west":{"uv":[0,0],"uv_size":[0,14]}}}],"name":"bone","parent":"americanplant1","pivot":[0,23.81103,0.14662]},{"cubes":[{"origin":[0.14662,24,-2.42838],"pivot":[0,23.81103,0.14662],"rotation":[0,0,37.5],"size":[0,14,5],"uv":{"down":{"uv":[0,5],"uv_size":[0,-5]},"east":{"uv":[0,48],"uv_size":[5,14]},"north":{"uv":[0,0],"uv_size":[0,14]},"south":{"uv":[0,0],"uv_size":[0,14]},"up":{"uv":[0,0],"uv_size":[0,5]},"west":{"uv":[5,48],"uv_size":[5,14]}}},{"origin":[0.14662,24,-2.42838],"pivot":[0,23.81103,0.14662],"rotation":[0,0,65],"size":[0,14,5],"uv":{"down":{"uv":[0,5],"uv_size":[0,-5]},"east":{"uv":[48,28],"uv_size":[5,14]},"north":{"uv":[0,0],"uv_size":[0,14]},"south":{"uv":[0,0],"uv_size":[0,14]},"up":{"uv":[0,0],"uv_size":[0,5]},"west":{"uv":[48,42],"uv_size":[5,14]}}}],"name":"bone7","parent":"bone","pivot":[0,23.81103,0.14662]},{"cubes":[{"origin":[-0.14662,24,-2.27838],"pivot":[0,23.81103,0.14662],"rotation":[0,0,-37.5],"size":[0,14,5],"uv":{"down":{"uv":[0,5],"uv_size":[0,-5]},"east":{"uv":[53,28],"uv_size":[5,14]},"north":{"uv":[0,0],"uv_size":[0,14]},"south":{"uv":[0,0],"uv_size":[0,14]},"up":{"uv":[0,0],"uv_size":[0,5]},"west":{"uv":[30,53],"uv_size":[5,14]}}},{"origin":[-0.14662,24,-2.27838],"pivot":[0,23.81103,0.14662],"rotation":[0,0,-65],"size":[0,14,5],"uv":{"down":{"uv":[0,5],"uv_size":[0,-5]},"east":{"uv":[35,53],"uv_size":[5,14]},"north":{"uv":[0,0],"uv_size":[0,14]},"south":{"uv":[0,0],"uv_size":[0,14]},"up":{"uv":[0,0],"uv_size":[0,5]},"west":{"uv":[53,42],"uv_size":[5,14]}}}],"name":"bone9","parent":"americanplant1","pivot":[0,23.81103,0.14662],"rotation":[0,40,0]},{"cubes":[{"origin":[-2.425,24,0.29324],"pivot":[0,23.81103,0.14662],"rotation":[-37.5,0,0],"size":[5,14,0],"uv":{"down":{"uv":[0,0],"uv_size":[5,0]},"east":{"uv":[0,0],"uv_size":[0,14]},"north":{"uv":[40,56],"uv_size":[5,14]},"south":{"uv":[45,56],"uv_size":[5,14]},"up":{"uv":[0,0],"uv_size":[5,0]},"west":{"uv":[0,0],"uv_size":[0,14]}}},{"origin":[-2.425,24,0.29324],"pivot":[0,23.81103,0.14662],"rotation":[-65,0,0],"size":[5,14,0],"uv":{"down":{"uv":[0,0],"uv_size":[5,0]},"east":{"uv":[0,0],"uv_size":[0,14]},"north":{"uv":[50,56],"uv_size":[5,14]},"south":{"uv":[55,56],"uv_size":[5,14]},"up":{"uv":[0,0],"uv_size":[5,0]},"west":{"uv":[0,0],"uv_size":[0,14]}}}],"name":"bone10","parent":"bone9","pivot":[0,23.81103,0.14662]},{"cubes":[{"origin":[0.14662,24,-2.42838],"pivot":[0,23.81103,0.14662],"rotation":[0,0,37.5],"size":[0,14,5],"uv":{"down":{"uv":[0,5],"uv_size":[0,-5]},"east":{"uv":[57,0],"uv_size":[5,14]},"north":{"uv":[0,0],"uv_size":[0,14]},"south":{"uv":[0,0],"uv_size":[0,14]},"up":{"uv":[0,0],"uv_size":[0,5]},"west":{"uv":[57,14],"uv_size":[5,14]}}},{"origin":[0.14662,24,-2.42838],"pivot":[0,23.81103,0.14662],"rotation":[0,0,65],"size":[0,14,5],"uv":{"down":{"uv":[0,5],"uv_size":[0,-5]},"east":{"uv":[58,28],"uv_size":[5,14]},"north":{"uv":[0,0],"uv_size":[0,14]},"south":{"uv":[0,0],"uv_size":[0,14]},"up":{"uv":[0,0],"uv_size":[0,5]},"west":{"uv":[58,42],"uv_size":[5,14]}}}],"name":"bone11","parent":"bone9","pivot":[0,23.81103,0.14662]},{"cubes":[{"origin":[-2.575,24,0],"pivot":[0,23.81103,0.14662],"rotation":[37.5,0,0],"size":[5,14,0],"uv":{"down":{"uv":[0,0],"uv_size":[5,0]},"east":{"uv":[0,0],"uv_size":[0,14]},"north":{"uv":[15,60],"uv_size":[5,14]},"south":{"uv":[20,60],"uv_size":[5,14]},"up":{"uv":[0,0],"uv_size":[5,0]},"west":{"uv":[0,0],"uv_size":[0,14]}}},{"origin":[-2.575,24,0],"pivot":[0,23.81103,0.14662],"rotation":[65,0,0],"size":[5,14,0],"uv":{"down":{"uv":[0,0],"uv_size":[5,0]},"east":{"uv":[0,0],"uv_size":[0,14]},"north":{"uv":[60,56],"uv_size":[5,14]},"south":{"uv":[0,62],"uv_size":[5,14]},"up":{"uv":[0,0],"uv_size":[5,0]},"west":{"uv":[0,0],"uv_size":[0,14]}}}],"name":"bone12","parent":"bone9","pivot":[0,23.81103,0.14662]}],"description":{"identifier":"geometry.american_plant1","texture_height":128,"texture_width":128,"visible_bounds_height":3.5,"visible_bounds_offset":[0,1.25,0],"visible_bounds_width":3}}]}