{"format_version":"1.12.0","minecraft:geometry":[{"bones":[{"cubes":[{"origin":[18,1,-21],"size":[3,20,3],"uv":[0,62]},{"mirror":true,"origin":[-21,1,-21],"size":[3,20,3],"uv":[0,62]},{"mirror":true,"origin":[-21,1,18],"size":[3,20,3],"uv":[0,62]},{"origin":[-22,21,-28],"size":[3,13,3],"uv":[44,13]},{"origin":[-21.5,34,-27.5],"size":[2,18,2],"uv":[12,62]},{"origin":[-37.5,43,-29.5],"pivot":[-21,50.5,-28.5],"rotation":[0,-30,0],"size":[35,15,2],"uv":[72,156]},{"origin":[18,1,18],"size":[3,20,3],"uv":[0,62]},{"inflate":-0.05,"origin":[19,5.52513,-28.32881],"pivot":[24.5,16.52513,-27.40381],"rotation":[45,0,0],"size":[2,16,2],"uv":[28,78]},{"inflate":-0.05,"origin":[-21,5.52513,-28.32881],"pivot":[-24.5,16.52513,-27.40381],"rotation":[45,0,0],"size":[2,16,2],"uv":[20,78]},{"origin":[-9,1,-21],"size":[3,13,3],"uv":[32,62]},{"origin":[6,1,-21],"size":[3,13,3],"uv":[20,62]},{"origin":[-9,14,-29],"size":[18,2,11],"uv":[0,0]},{"origin":[-8,-1,-33],"size":[29,2,9],"uv":[129,139]},{"origin":[-16,-1,-33],"size":[8,1,9],"uv":[0,31]},{"origin":[-21,-1,-24],"size":[42,2,45],"uv":[0,109]},{"origin":[-20,1,-18],"size":[40,18,0],"uv":[138,87]},{"origin":[-18,1,18],"size":[36,18,0],"uv":[146,156]},{"origin":[-21,1,-18],"size":[0,18,36],"uv":[0,120]},{"origin":[21,1,-18],"size":[0,18,36],"uv":[0,120]},{"origin":[-26,19,-32],"size":[52,2,60],"uv":[0,0]},{"origin":[-15,25,-13],"size":[30,4,26],"uv":[129,109]},{"origin":[-13,22,-11],"size":[26,3,22],"uv":[138,62]},{"origin":[-23,21,-23],"size":[46,1,46],"uv":[0,62]},{"inflate":-0.025,"origin":[-18,-0.925,-23],"size":[9,8,5],"uv":[32,40]},{"inflate":-0.025,"origin":[9,-0.925,-23],"size":[9,8,5],"uv":[32,40]}],"name":"bb_main","pivot":[0,0,0]},{"cubes":[{"inflate":0.025,"origin":[-28.25529,32.33213,14],"pivot":[-20.25529,34.83213,16.5],"rotation":[0,0,-50],"size":[12,4,5],"uv":[25,31]},{"origin":[-33.04666,19.16796,14],"pivot":[-25.04666,21.66796,16.5],"rotation":[0,0,-90],"size":[16,4,5],"uv":[0,22]},{"inflate":0.05,"origin":[-18.94881,38.38198,14],"pivot":[-10.94881,40.88198,16.5],"rotation":[0,0,-25],"size":[11,4,5],"uv":[0,41]},{"inflate":0.075,"origin":[-8.86382,39.50929,14],"size":[17,4,5],"uv":[0,13]},{"origin":[-16.04666,19.16796,14],"pivot":[-8.04666,21.66796,16.5],"rotation":[0,0,-90],"size":[16,4,5],"uv":[0,22]},{"inflate":0.025,"origin":[-11.25529,32.33213,14],"pivot":[-3.25529,34.83213,16.5],"rotation":[0,0,-50],"size":[12,4,5],"uv":[25,31]},{"inflate":0.05,"origin":[-1.94881,38.38198,14],"pivot":[6.05119,40.88198,16.5],"rotation":[0,0,-25],"size":[11,4,5],"uv":[0,41]},{"inflate":0.075,"origin":[8.13618,39.50929,14],"size":[17,4,5],"uv":[0,13]}],"name":"bone","pivot":[-7.32535,59.73759,16.5]},{"name":"bone2","pivot":[9.67465,59.73759,16.5]}],"description":{"identifier":"geometry.americanrestaurant.geo","texture_height":256,"texture_width":256,"visible_bounds_height":5.5,"visible_bounds_offset":[0,2.25,0],"visible_bounds_width":6}}]}