{"format_version":"1.12.0","minecraft:geometry":[{"bones":[{"cubes":[{"origin":[-3,0,-3],"size":[6,7,6],"uv":{"down":{"uv":[11,23],"uv_size":[6,-6]},"east":{"uv":[11,10],"uv_size":[6,7]},"north":{"uv":[5,10],"uv_size":[6,7]},"south":{"uv":[15,0],"uv_size":[6,7]},"up":{"uv":[17,7],"uv_size":[6,6]},"west":{"uv":[5,17],"uv_size":[6,7]}}},{"origin":[-2.5,7,0],"pivot":[0,0,0],"rotation":[0,45,0],"size":[5,10,0],"uv":{"down":{"uv":[0,0],"uv_size":[5,0]},"east":{"uv":[0,0],"uv_size":[0,10]},"north":{"uv":[0,0],"uv_size":[5,10]},"south":{"uv":[5,0],"uv_size":[5,10]},"up":{"uv":[0,0],"uv_size":[5,0]},"west":{"uv":[0,0],"uv_size":[0,10]}}},{"origin":[-2.5,7,0],"pivot":[0,7.05,0],"rotation":[70,0,0],"size":[5,6,0],"uv":{"down":{"uv":[0,0],"uv_size":[5,0]},"east":{"uv":[0,0],"uv_size":[0,6]},"north":{"uv":[17,13],"uv_size":[5,6]},"south":{"uv":[17,19],"uv_size":[5,6]},"up":{"uv":[0,0],"uv_size":[5,0]},"west":{"uv":[0,0],"uv_size":[0,6]}}},{"origin":[0,7,-2.5],"pivot":[0,12,0],"rotation":[0,45,0],"size":[0,10,5],"uv":{"down":{"uv":[0,5],"uv_size":[0,-5]},"east":{"uv":[0,10],"uv_size":[5,10]},"north":{"uv":[0,0],"uv_size":[0,10]},"south":{"uv":[0,0],"uv_size":[0,10]},"up":{"uv":[0,0],"uv_size":[0,5]},"west":{"uv":[10,0],"uv_size":[5,10]}}},{"origin":[-2.5,5.825,0],"pivot":[0,7,0],"rotation":[19.41865,33.3307,52.82472],"size":[5,10,0],"uv":{"down":{"uv":[0,0],"uv_size":[5,0]},"east":{"uv":[0,0],"uv_size":[0,10]},"north":{"uv":[0,0],"uv_size":[5,10]},"south":{"uv":[5,0],"uv_size":[5,10]},"up":{"uv":[0,0],"uv_size":[5,0]},"west":{"uv":[0,0],"uv_size":[0,10]}}},{"origin":[0,5.825,-2.5],"pivot":[0,7,0],"rotation":[19.41865,33.3307,52.82472],"size":[0,10,5],"uv":{"down":{"uv":[0,5],"uv_size":[0,-5]},"east":{"uv":[0,10],"uv_size":[5,10]},"north":{"uv":[0,0],"uv_size":[0,10]},"south":{"uv":[0,0],"uv_size":[0,10]},"up":{"uv":[0,0],"uv_size":[0,5]},"west":{"uv":[10,0],"uv_size":[5,10]}}},{"origin":[0,5.825,-2.5],"pivot":[0,7,0],"rotation":[52.82472,33.3307,-19.41865],"size":[0,10,5],"uv":{"down":{"uv":[0,0],"uv_size":[5,0]},"east":{"uv":[0,0],"uv_size":[5,10]},"north":{"uv":[0,0],"uv_size":[0,10]},"south":{"uv":[0,0],"uv_size":[0,10]},"up":{"uv":[0,0],"uv_size":[5,0]},"west":{"uv":[5,0],"uv_size":[5,10]}}},{"origin":[-2.5,5.825,0],"pivot":[0,7,0],"rotation":[52.82472,33.3307,-19.41865],"size":[5,10,0],"uv":{"down":{"uv":[0,5],"uv_size":[0,-5]},"east":{"uv":[0,0],"uv_size":[0,10]},"north":{"uv":[10,0],"uv_size":[5,10]},"south":{"uv":[0,10],"uv_size":[5,10]},"up":{"uv":[0,0],"uv_size":[0,5]},"west":{"uv":[0,0],"uv_size":[0,10]}}},{"origin":[-2.5,5.825,0],"pivot":[0,7,0],"rotation":[-19.41865,33.3307,-52.82472],"size":[5,10,0],"uv":{"down":{"uv":[0,0],"uv_size":[5,0]},"east":{"uv":[0,0],"uv_size":[0,10]},"north":{"uv":[5,0],"uv_size":[5,10]},"south":{"uv":[0,0],"uv_size":[5,10]},"up":{"uv":[0,0],"uv_size":[5,0]},"west":{"uv":[0,0],"uv_size":[0,10]}}},{"origin":[0,5.825,-2.5],"pivot":[0,7,0],"rotation":[-19.41865,33.3307,-52.82472],"size":[0,10,5],"uv":{"down":{"uv":[0,5],"uv_size":[0,-5]},"east":{"uv":[10,0],"uv_size":[5,10]},"north":{"uv":[0,0],"uv_size":[0,10]},"south":{"uv":[0,0],"uv_size":[0,10]},"up":{"uv":[0,0],"uv_size":[0,5]},"west":{"uv":[0,10],"uv_size":[5,10]}}},{"origin":[0,7,-2.5],"pivot":[0,7.05,0],"rotation":[0,0,-70],"size":[0,6,5],"uv":{"down":{"uv":[0,5],"uv_size":[0,-5]},"east":{"uv":[0,20],"uv_size":[5,6]},"north":{"uv":[0,0],"uv_size":[0,6]},"south":{"uv":[0,0],"uv_size":[0,6]},"up":{"uv":[0,0],"uv_size":[0,5]},"west":{"uv":[21,0],"uv_size":[5,6]}}},{"origin":[-2.5,7,0],"pivot":[0,7.05,0],"rotation":[-70,0,0],"size":[5,6,0],"uv":{"down":{"uv":[0,0],"uv_size":[5,0]},"east":{"uv":[0,0],"uv_size":[0,6]},"north":{"uv":[22,13],"uv_size":[5,6]},"south":{"uv":[22,19],"uv_size":[5,6]},"up":{"uv":[0,0],"uv_size":[5,0]},"west":{"uv":[0,0],"uv_size":[0,6]}}},{"origin":[0,7,-2.5],"pivot":[0,7.05,0],"rotation":[0,0,70],"size":[0,6,5],"uv":{"down":{"uv":[0,5],"uv_size":[0,-5]},"east":{"uv":[23,6],"uv_size":[5,6]},"north":{"uv":[0,0],"uv_size":[0,6]},"south":{"uv":[0,0],"uv_size":[0,6]},"up":{"uv":[0,0],"uv_size":[0,5]},"west":{"uv":[11,23],"uv_size":[5,6]}}}],"name":"americanplant","pivot":[0,7.05,0]}],"description":{"identifier":"geometry.american_plant2","texture_height":32,"texture_width":32,"visible_bounds_height":2.5,"visible_bounds_offset":[0,0.75,0],"visible_bounds_width":2}}]}