{"format_version":"1.12.0","minecraft:geometry":[{"bones":[{"cubes":[{"origin":[-10,3,-9],"size":[3,25,18],"uv":[50,38]},{"origin":[-8,3,-8],"size":[16,23,16],"uv":[0,0]},{"origin":[7,3,-9],"size":[3,25,18],"uv":[0,56]},{"origin":[-7,26,-9],"size":[14,2,18],"uv":[64,0]},{"origin":[-9,2,-8],"size":[18,1,16],"uv":[0,39]},{"origin":[-10,0,-9],"size":[3,3,4],"uv":[0,46]},{"origin":[7,0,-9],"size":[3,3,4],"uv":[0,39]},{"origin":[-10,0,5],"size":[3,3,4],"uv":[0,7]},{"origin":[7,0,5],"size":[3,3,4],"uv":[0,0]}],"name":"jukebox","pivot":[0,2.5,0]}],"description":{"identifier":"geometry.american_jukebox","texture_height":128,"texture_width":128,"visible_bounds_height":4.5,"visible_bounds_offset":[0,1.75,0],"visible_bounds_width":3}}]}