{"format_version":"1.12.0","minecraft:geometry":[{"bones":[{"cubes":[{"origin":[-7,4,0],"size":[14,24,1],"uv":[0,0]},{"origin":[-8,3,-1],"size":[16,2,3],"uv":[0,30]},{"origin":[-8,27,-1],"size":[16,2,3],"uv":[0,25]},{"origin":[-8,5,-1],"size":[2,22,3],"uv":[0,35]},{"origin":[6,5,-1],"size":[2,22,3],"uv":[30,0]}],"name":"american_painting","pivot":[0,0,0]}],"description":{"identifier":"geometry.american_painting","texture_height":64,"texture_width":64,"visible_bounds_height":4,"visible_bounds_offset":[0,1,0],"visible_bounds_width":3}}]}