{"format_version":"1.12.0","minecraft:geometry":[{"bones":[{"cubes":[{"origin":[-8,14,4],"pivot":[0.5,19.5,4.5],"rotation":[-5,0,0],"size":[16,11,3],"uv":{"down":{"uv":[61,35],"uv_size":[16,-3]},"east":{"uv":[42,35],"uv_size":[3,11]},"north":{"uv":[45,35],"uv_size":[16,11]},"south":{"uv":[64,35],"uv_size":[16,11]},"up":{"uv":[45,32],"uv_size":[16,3]},"west":{"uv":[61,35],"uv_size":[3,11]}}},{"inflate":0.1,"origin":[-8,14,5],"pivot":[0.5,19.5,4.5],"rotation":[-5,0,0],"size":[16,11,2],"uv":{"down":{"uv":[98,35],"uv_size":[16,-2]},"east":{"uv":[80,35],"uv_size":[2,11]},"north":{"uv":[82,35],"uv_size":[16,11]},"south":{"uv":[100,35],"uv_size":[16,11]},"up":{"uv":[82,33],"uv_size":[16,2]},"west":{"uv":[98,35],"uv_size":[2,11]}}},{"origin":[-8,7,-5],"size":[16,3,11],"uv":{"down":{"uv":[30,14],"uv_size":[16,-14]},"east":{"uv":[0,14],"uv_size":[11,3]},"north":{"uv":[14,14],"uv_size":[16,3]},"south":{"uv":[44,14],"uv_size":[16,3]},"up":{"uv":[14,0],"uv_size":[16,14]},"west":{"uv":[30,14],"uv_size":[11,3]}}},{"inflate":0.175,"origin":[-8,7,-5],"size":[16,1,11],"uv":{"down":{"uv":[30,31],"uv_size":[16,-14]},"east":{"uv":[3,31],"uv_size":[11,1]},"north":{"uv":[14,31],"uv_size":[16,1]},"south":{"uv":[44,31],"uv_size":[16,1]},"up":{"uv":[14,17],"uv_size":[16,14]},"west":{"uv":[30,31],"uv_size":[11,1]}}},{"inflate":0.05,"origin":[4.675,5.825,-4.175],"size":[2,2,10],"uv":{"down":{"uv":[62,17],"uv_size":[2,-14]},"east":{"uv":[46,17],"uv_size":[11,2]},"north":{"uv":[60,17],"uv_size":[2,2]},"south":{"uv":[76,17],"uv_size":[2,2]},"up":{"uv":[60,3],"uv_size":[2,14]},"west":{"uv":[62,17],"uv_size":[11,2]}}},{"inflate":0.05,"origin":[-6.675,5.825,-4.175],"size":[2,2,10],"uv":{"down":{"uv":[62,17],"uv_size":[2,-14]},"east":{"uv":[46,17],"uv_size":[11,2]},"north":{"uv":[60,17],"uv_size":[2,2]},"south":{"uv":[76,17],"uv_size":[2,2]},"up":{"uv":[60,3],"uv_size":[2,14]},"west":{"uv":[62,17],"uv_size":[11,2]}}},{"inflate":0.025,"origin":[4.675,13.88171,-1.47395],"pivot":[5.675,13.88171,6.52605],"rotation":[85,0,0],"size":[2,1,17],"uv":{"down":{"uv":[40,51],"uv_size":[2,-17]},"east":{"uv":[21,51],"uv_size":[17,2]},"north":{"uv":[38,51],"uv_size":[2,2]},"south":{"uv":[57,51],"uv_size":[2,2]},"up":{"uv":[38,34],"uv_size":[2,17]},"west":{"uv":[40,51],"uv_size":[17,2]}}},{"inflate":-0.025,"origin":[-6.65,-5.25499,-0.05952],"pivot":[-5.65,-1.25499,8.94048],"rotation":[-85,0,0],"size":[2,2,8],"uv":{"down":{"uv":[68,29],"uv_size":[2,-8]},"east":{"uv":[58,29],"uv_size":[8,2]},"north":{"uv":[66,29],"uv_size":[2,2]},"south":{"uv":[76,29],"uv_size":[2,2]},"up":{"uv":[66,21],"uv_size":[2,8]},"west":{"uv":[68,29],"uv_size":[8,2]}}},{"inflate":-0.025,"origin":[4.65,-5.25499,-0.05952],"pivot":[5.65,-1.25499,8.94048],"rotation":[-85,0,0],"size":[2,2,8],"uv":{"down":{"uv":[68,29],"uv_size":[2,-8]},"east":{"uv":[58,29],"uv_size":[8,2]},"north":{"uv":[66,29],"uv_size":[2,2]},"south":{"uv":[76,29],"uv_size":[2,2]},"up":{"uv":[66,21],"uv_size":[2,8]},"west":{"uv":[68,29],"uv_size":[8,2]}}},{"inflate":0.025,"origin":[-6.675,13.88171,-1.47395],"pivot":[-5.675,13.88171,6.52605],"rotation":[85,0,0],"size":[2,1,17],"uv":{"down":{"uv":[19,49],"uv_size":[2,-17]},"east":{"uv":[0,49],"uv_size":[17,2]},"north":{"uv":[17,49],"uv_size":[2,2]},"south":{"uv":[36,49],"uv_size":[2,2]},"up":{"uv":[17,32],"uv_size":[2,17]},"west":{"uv":[19,49],"uv_size":[17,2]}}}],"name":"american_chair","pivot":[-3.675,21.85127,7.2233]},{"cubes":[{"inflate":-0.025,"origin":[4.65,-4.25499,-4.94048],"pivot":[5.65,-1.25499,-5.94048],"rotation":[85,0,0],"size":[2,2,8],"uv":{"down":{"uv":[68,29],"uv_size":[2,-8]},"east":{"uv":[58,29],"uv_size":[8,2]},"north":{"uv":[66,29],"uv_size":[2,2]},"south":{"uv":[76,29],"uv_size":[2,2]},"up":{"uv":[66,21],"uv_size":[2,8]},"west":{"uv":[68,29],"uv_size":[8,2]}}},{"inflate":-0.025,"origin":[-6.65,-4.25499,-4.94048],"pivot":[-5.65,-1.25499,-5.94048],"rotation":[85,0,0],"size":[2,2,8],"uv":{"down":{"uv":[68,29],"uv_size":[2,-8]},"east":{"uv":[58,29],"uv_size":[8,2]},"north":{"uv":[66,29],"uv_size":[2,2]},"south":{"uv":[76,29],"uv_size":[2,2]},"up":{"uv":[66,21],"uv_size":[2,8]},"west":{"uv":[68,29],"uv_size":[8,2]}}}],"name":"bone","parent":"american_chair","pivot":[-5.65,-1.25499,-5.94048]}],"description":{"identifier":"geometry.american_chair","texture_height":128,"texture_width":128,"visible_bounds_height":3.5,"visible_bounds_offset":[0,1.25,0],"visible_bounds_width":3}}]}