{"format_version":"1.12.0","minecraft:geometry":[{"bones":[{"cubes":[{"origin":[-3,1,0],"size":[6,15,0],"uv":[0,32]},{"origin":[-6,16,-6],"size":[12,9,12],"uv":[0,0]},{"origin":[-5,15,-5],"size":[10,1,10],"uv":[0,21]},{"origin":[-3,25,-3],"size":[6,1,6],"uv":[30,21]},{"origin":[-0.5,25,0],"size":[1,10,0],"uv":[0,0]}],"name":"chinese_lantern","pivot":[0,0,0]}],"description":{"identifier":"geometry.chinese_lantern","texture_height":64,"texture_width":64,"visible_bounds_height":3.5,"visible_bounds_offset":[0,1.25,0],"visible_bounds_width":2}}]}