{"format_version":"1.12.0","minecraft:geometry":[{"bones":[{"cubes":[{"origin":[-24,11,-17],"size":[48,3,34],"uv":[0,0]},{"origin":[-24,14.125,-17],"size":[48,0,34],"uv":[3,123]},{"origin":[20,0,-16],"size":[4,11,32],"uv":[76,80]},{"inflate":-0.025,"origin":[18,3,-16],"pivot":[22,5.5,0],"rotation":[0,0,-42.5],"size":[3,14,32],"uv":[0,37]},{"inflate":-0.025,"mirror":true,"origin":[-21,3,-16],"pivot":[-22,5.5,0],"rotation":[0,0,42.5],"size":[3,14,32],"uv":[0,37]},{"mirror":true,"origin":[-24,0,-16],"size":[4,11,32],"uv":[76,80]}],"name":"bb_main","pivot":[0,0,0]}],"description":{"identifier":"geometry.chinese_table","texture_height":256,"texture_width":256,"visible_bounds_height":2.5,"visible_bounds_offset":[0,0.75,0],"visible_bounds_width":4}}]}