{"format_version":"1.12.0","minecraft:geometry":[{"bones":[{"cubes":[{"origin":[-4,0,-4],"size":[8,74,8],"uv":{"down":{"uv":[8,122],"uv_size":[8,-8]},"east":{"uv":[48,80],"uv_size":[8,74]},"north":{"uv":[40,80],"uv_size":[8,74]},"south":{"uv":[56,80],"uv_size":[8,74]},"up":{"uv":[0,114],"uv_size":[8,8]},"west":{"uv":[64,80],"uv_size":[8,74]}}}],"name":"bb_main","pivot":[0,0,0]},{"cubes":[{"origin":[-20,74,-34],"pivot":[0,74,4],"rotation":[35,0,0],"size":[40,0,38],"uv":{"down":{"uv":[256,38],"uv_size":[-40,-38]},"east":{"uv":[0,0],"uv_size":[38,0]},"north":{"uv":[0,0],"uv_size":[40,0]},"south":{"uv":[0,0],"uv_size":[40,0]},"up":{"uv":[0,0],"uv_size":[40,38]},"west":{"uv":[0,0],"uv_size":[38,0]}}},{"origin":[-20,74,-4],"pivot":[0,74,-4],"rotation":[-35,0,0],"size":[40,0,38],"uv":{"down":{"uv":[216,118],"uv_size":[40,-38]},"east":{"uv":[0,0],"uv_size":[38,0]},"north":{"uv":[0,0],"uv_size":[40,0]},"south":{"uv":[0,0],"uv_size":[40,0]},"up":{"uv":[0,76],"uv_size":[40,38]},"west":{"uv":[0,0],"uv_size":[38,0]}}},{"origin":[-34,74,-20],"pivot":[4,74,0],"rotation":[0,0,-35],"size":[38,0,40],"uv":{"down":{"uv":[256,38],"uv_size":[-40,-38]},"east":{"uv":[0,0],"uv_size":[40,0]},"north":{"uv":[0,0],"uv_size":[38,0]},"south":{"uv":[0,0],"uv_size":[38,0]},"up":{"uv":[0,0],"uv_size":[40,38]},"west":{"uv":[0,0],"uv_size":[40,0]}}},{"origin":[-4,74,-20],"pivot":[-4,74,0],"rotation":[0,0,35],"size":[38,0,40],"uv":{"down":{"uv":[216,96],"uv_size":[40,-38]},"east":{"uv":[0,0],"uv_size":[40,0]},"north":{"uv":[0,0],"uv_size":[38,0]},"south":{"uv":[0,0],"uv_size":[38,0]},"up":{"uv":[0,76],"uv_size":[40,38]},"west":{"uv":[0,0],"uv_size":[40,0]}}},{"origin":[0,71,-9],"size":[0,30,18],"uv":{"down":{"uv":[0,18],"uv_size":[0,-18]},"east":{"uv":[194,0],"uv_size":[-18,30]},"north":{"uv":[0,0],"uv_size":[0,30]},"south":{"uv":[0,0],"uv_size":[0,30]},"up":{"uv":[0,18],"uv_size":[0,-18]},"west":{"uv":[148,0],"uv_size":[18,30]}}},{"origin":[-9,71,0],"size":[18,30,0],"uv":{"down":{"uv":[0,18],"uv_size":[0,-18]},"east":{"uv":[0,0],"uv_size":[0,30]},"north":{"uv":[193,5],"uv_size":[18,30]},"south":{"uv":[166,0],"uv_size":[-18,30]},"up":{"uv":[0,18],"uv_size":[0,-18]},"west":{"uv":[0,0],"uv_size":[0,30]}}}],"name":"bone","pivot":[-4,74,0]},{"cubes":[{"origin":[-20,59,-34],"pivot":[0,59,4],"rotation":[35,0,0],"size":[40,0,38],"uv":{"down":{"uv":[256,54],"uv_size":[-40,-38]},"east":{"uv":[0,0],"uv_size":[38,0]},"north":{"uv":[0,0],"uv_size":[40,0]},"south":{"uv":[0,0],"uv_size":[40,0]},"up":{"uv":[0,0],"uv_size":[40,38]},"west":{"uv":[0,0],"uv_size":[38,0]}}},{"origin":[-20,59,-4],"pivot":[0,59,-4],"rotation":[-35,0,0],"size":[40,0,38],"uv":{"down":{"uv":[216,128],"uv_size":[40,-38]},"east":{"uv":[0,0],"uv_size":[38,0]},"north":{"uv":[0,0],"uv_size":[40,0]},"south":{"uv":[0,0],"uv_size":[40,0]},"up":{"uv":[0,76],"uv_size":[40,38]},"west":{"uv":[0,0],"uv_size":[38,0]}}},{"origin":[-34,59,-20],"pivot":[4,59,0],"rotation":[0,0,-35],"size":[38,0,40],"uv":{"down":{"uv":[256,72],"uv_size":[-40,-38]},"east":{"uv":[0,0],"uv_size":[40,0]},"north":{"uv":[0,0],"uv_size":[38,0]},"south":{"uv":[0,0],"uv_size":[38,0]},"up":{"uv":[0,0],"uv_size":[40,38]},"west":{"uv":[0,0],"uv_size":[40,0]}}},{"origin":[-4,59,-20],"pivot":[-4,59,0],"rotation":[0,0,35],"size":[38,0,40],"uv":{"down":{"uv":[216,141],"uv_size":[40,-38]},"east":{"uv":[0,0],"uv_size":[40,0]},"north":{"uv":[0,0],"uv_size":[38,0]},"south":{"uv":[0,0],"uv_size":[38,0]},"up":{"uv":[0,76],"uv_size":[40,38]},"west":{"uv":[0,0],"uv_size":[40,0]}}}],"name":"bone2","pivot":[-4,59,0]},{"cubes":[{"origin":[-20,42,-34],"pivot":[0,42,4],"rotation":[35,0,0],"size":[40,0,38],"uv":{"down":{"uv":[256,90],"uv_size":[-40,-38]},"east":{"uv":[0,0],"uv_size":[38,0]},"north":{"uv":[0,0],"uv_size":[40,0]},"south":{"uv":[0,0],"uv_size":[40,0]},"up":{"uv":[0,0],"uv_size":[40,38]},"west":{"uv":[0,0],"uv_size":[38,0]}}},{"origin":[-20,42,-4],"pivot":[0,42,-4],"rotation":[-35,0,0],"size":[40,0,38],"uv":{"down":{"uv":[204,159],"uv_size":[40,-38]},"east":{"uv":[0,0],"uv_size":[38,0]},"north":{"uv":[0,0],"uv_size":[40,0]},"south":{"uv":[0,0],"uv_size":[40,0]},"up":{"uv":[0,76],"uv_size":[40,38]},"west":{"uv":[0,0],"uv_size":[38,0]}}},{"origin":[-34,42,-20],"pivot":[4,42,0],"rotation":[0,0,-35],"size":[38,0,40],"uv":{"down":{"uv":[218,119],"uv_size":[-40,-38]},"east":{"uv":[0,0],"uv_size":[40,0]},"north":{"uv":[0,0],"uv_size":[38,0]},"south":{"uv":[0,0],"uv_size":[38,0]},"up":{"uv":[0,0],"uv_size":[40,38]},"west":{"uv":[0,0],"uv_size":[40,0]}}},{"origin":[-4,42,-20],"pivot":[-4,42,0],"rotation":[0,0,35],"size":[38,0,40],"uv":{"down":{"uv":[216,140],"uv_size":[40,-38]},"east":{"uv":[0,0],"uv_size":[40,0]},"north":{"uv":[0,0],"uv_size":[38,0]},"south":{"uv":[0,0],"uv_size":[38,0]},"up":{"uv":[0,76],"uv_size":[40,38]},"west":{"uv":[0,0],"uv_size":[40,0]}}}],"name":"bone3","pivot":[-4,42,0]},{"cubes":[{"origin":[-20,29,-34],"pivot":[0,29,4],"rotation":[35,0,0],"size":[40,0,38],"uv":{"down":{"uv":[256,149],"uv_size":[-40,-38]},"east":{"uv":[0,0],"uv_size":[38,0]},"north":{"uv":[0,0],"uv_size":[40,0]},"south":{"uv":[0,0],"uv_size":[40,0]},"up":{"uv":[0,0],"uv_size":[40,38]},"west":{"uv":[0,0],"uv_size":[38,0]}}},{"origin":[-20,29,-4],"pivot":[0,29,-4],"rotation":[-35,0,0],"size":[40,0,38],"uv":{"down":{"uv":[216,156],"uv_size":[40,-38]},"east":{"uv":[0,0],"uv_size":[38,0]},"north":{"uv":[0,0],"uv_size":[40,0]},"south":{"uv":[0,0],"uv_size":[40,0]},"up":{"uv":[0,76],"uv_size":[40,38]},"west":{"uv":[0,0],"uv_size":[38,0]}}},{"origin":[-34,29,-20],"pivot":[4,29,0],"rotation":[0,0,-35],"size":[38,0,40],"uv":{"down":{"uv":[256,106],"uv_size":[-40,-38]},"east":{"uv":[0,0],"uv_size":[40,0]},"north":{"uv":[0,0],"uv_size":[38,0]},"south":{"uv":[0,0],"uv_size":[38,0]},"up":{"uv":[216,68],"uv_size":[40,38]},"west":{"uv":[0,0],"uv_size":[40,0]}}},{"origin":[-4,29,-20],"pivot":[-4,29,0],"rotation":[0,0,35],"size":[38,0,40],"uv":{"down":{"uv":[216,142],"uv_size":[40,-38]},"east":{"uv":[0,0],"uv_size":[40,0]},"north":{"uv":[0,0],"uv_size":[38,0]},"south":{"uv":[0,0],"uv_size":[38,0]},"up":{"uv":[0,76],"uv_size":[40,38]},"west":{"uv":[0,0],"uv_size":[40,0]}}}],"name":"bone4","pivot":[-4,29,0]},{"cubes":[{"origin":[12,21,-2.5],"size":[0,4,1],"uv":{"down":{"uv":[76,101],"uv_size":[0,-1]},"east":{"uv":[76,84],"uv_size":[1,4]},"north":{"uv":[76,80],"uv_size":[0,4]},"south":{"uv":[76,88],"uv_size":[0,4]},"up":{"uv":[76,96],"uv_size":[0,1]},"west":{"uv":[76,84],"uv_size":[1,4]}}},{"origin":[10,17,-4],"size":[4,4,4],"uv":{"down":{"uv":[72,104],"uv_size":[4,-4]},"east":{"uv":[72,84],"uv_size":[4,4]},"north":{"uv":[72,80],"uv_size":[4,4]},"south":{"uv":[72,88],"uv_size":[4,4]},"up":{"uv":[72,96],"uv_size":[4,4]},"west":{"uv":[72,92],"uv_size":[4,4]}}}],"name":"bone5","pivot":[0,17,0]},{"cubes":[{"origin":[13,45,-8],"size":[4,4,4],"uv":{"down":{"uv":[24,118],"uv_size":[4,-4]},"east":{"uv":[72,108],"uv_size":[4,4]},"north":{"uv":[72,104],"uv_size":[4,4]},"south":{"uv":[72,112],"uv_size":[4,4]},"up":{"uv":[20,114],"uv_size":[4,4]},"west":{"uv":[16,114],"uv_size":[4,4]}}},{"origin":[15,49,-6.5],"size":[0,4,1],"uv":{"down":{"uv":[76,101],"uv_size":[0,-1]},"east":{"uv":[76,84],"uv_size":[1,4]},"north":{"uv":[76,80],"uv_size":[0,4]},"south":{"uv":[76,88],"uv_size":[0,4]},"up":{"uv":[76,96],"uv_size":[0,1]},"west":{"uv":[76,84],"uv_size":[1,4]}}}],"name":"bone6","pivot":[3,45,-10]},{"cubes":[{"origin":[10,32.6,20],"size":[4,4,4],"uv":{"down":{"uv":[116,74],"uv_size":[4,-4]},"east":{"uv":[116,54],"uv_size":[4,4]},"north":{"uv":[116,50],"uv_size":[4,4]},"south":{"uv":[116,58],"uv_size":[4,4]},"up":{"uv":[116,66],"uv_size":[4,4]},"west":{"uv":[116,62],"uv_size":[4,4]}}},{"origin":[12,36.6,21.5],"size":[0,4,1],"uv":{"down":{"uv":[76,101],"uv_size":[0,-1]},"east":{"uv":[76,84],"uv_size":[1,4]},"north":{"uv":[76,80],"uv_size":[0,4]},"south":{"uv":[76,88],"uv_size":[0,4]},"up":{"uv":[76,96],"uv_size":[0,1]},"west":{"uv":[76,84],"uv_size":[1,4]}}}],"name":"bone8","pivot":[0,32.6,5]},{"cubes":[{"origin":[12,23,16.5],"size":[0,4,1],"uv":{"down":{"uv":[76,101],"uv_size":[0,-1]},"east":{"uv":[76,84],"uv_size":[1,4]},"north":{"uv":[76,80],"uv_size":[0,4]},"south":{"uv":[76,88],"uv_size":[0,4]},"up":{"uv":[76,96],"uv_size":[0,1]},"west":{"uv":[76,84],"uv_size":[1,4]}}},{"origin":[10,19,15],"size":[4,4,4],"uv":{"down":{"uv":[72,104],"uv_size":[4,-4]},"east":{"uv":[72,84],"uv_size":[4,4]},"north":{"uv":[72,80],"uv_size":[4,4]},"south":{"uv":[72,88],"uv_size":[4,4]},"up":{"uv":[72,96],"uv_size":[4,4]},"west":{"uv":[72,92],"uv_size":[4,4]}}}],"name":"bone9","pivot":[0,19,19]},{"cubes":[{"origin":[2,34,16.5],"size":[0,4,1],"uv":{"down":{"uv":[76,101],"uv_size":[0,-1]},"east":{"uv":[76,84],"uv_size":[1,4]},"north":{"uv":[76,80],"uv_size":[0,4]},"south":{"uv":[76,88],"uv_size":[0,4]},"up":{"uv":[76,96],"uv_size":[0,1]},"west":{"uv":[76,84],"uv_size":[1,4]}}},{"origin":[0,30,15],"size":[4,4,4],"uv":{"down":{"uv":[72,104],"uv_size":[4,-4]},"east":{"uv":[72,84],"uv_size":[4,4]},"north":{"uv":[72,80],"uv_size":[4,4]},"south":{"uv":[72,88],"uv_size":[4,4]},"up":{"uv":[72,96],"uv_size":[4,4]},"west":{"uv":[72,92],"uv_size":[4,4]}}}],"name":"bone10","pivot":[-10,30,19]},{"cubes":[{"origin":[2,37,-22.5],"size":[0,4,1],"uv":{"down":{"uv":[76,101],"uv_size":[0,-1]},"east":{"uv":[76,84],"uv_size":[1,4]},"north":{"uv":[76,80],"uv_size":[0,4]},"south":{"uv":[76,88],"uv_size":[0,4]},"up":{"uv":[76,96],"uv_size":[0,1]},"west":{"uv":[76,84],"uv_size":[1,4]}}},{"origin":[0,33,-24],"size":[4,4,4],"uv":{"down":{"uv":[72,104],"uv_size":[4,-4]},"east":{"uv":[72,84],"uv_size":[4,4]},"north":{"uv":[72,80],"uv_size":[4,4]},"south":{"uv":[72,88],"uv_size":[4,4]},"up":{"uv":[72,96],"uv_size":[4,4]},"west":{"uv":[72,92],"uv_size":[4,4]}}}],"name":"bone11","pivot":[-10,33,-20]},{"cubes":[{"origin":[-7,53,-20.5],"size":[0,4,1],"uv":{"down":{"uv":[76,101],"uv_size":[0,-1]},"east":{"uv":[76,84],"uv_size":[1,4]},"north":{"uv":[76,80],"uv_size":[0,4]},"south":{"uv":[76,88],"uv_size":[0,4]},"up":{"uv":[76,96],"uv_size":[0,1]},"west":{"uv":[76,84],"uv_size":[1,4]}}},{"origin":[-9,49,-22],"size":[4,4,4],"uv":{"down":{"uv":[72,104],"uv_size":[4,-4]},"east":{"uv":[72,84],"uv_size":[4,4]},"north":{"uv":[72,80],"uv_size":[4,4]},"south":{"uv":[72,88],"uv_size":[4,4]},"up":{"uv":[72,96],"uv_size":[4,4]},"west":{"uv":[72,92],"uv_size":[4,4]}}}],"name":"bone12","pivot":[-19,49,-18]},{"cubes":[{"origin":[-18,55,18.5],"size":[0,4,1],"uv":{"down":{"uv":[76,101],"uv_size":[0,-1]},"east":{"uv":[76,84],"uv_size":[1,4]},"north":{"uv":[76,80],"uv_size":[0,4]},"south":{"uv":[76,88],"uv_size":[0,4]},"up":{"uv":[76,96],"uv_size":[0,1]},"west":{"uv":[76,84],"uv_size":[1,4]}}},{"origin":[-20,51,17],"size":[4,4,4],"uv":{"down":{"uv":[72,104],"uv_size":[4,-4]},"east":{"uv":[72,84],"uv_size":[4,4]},"north":{"uv":[72,80],"uv_size":[4,4]},"south":{"uv":[72,88],"uv_size":[4,4]},"up":{"uv":[72,96],"uv_size":[4,4]},"west":{"uv":[72,92],"uv_size":[4,4]}}}],"name":"bone13","pivot":[-30,51,21]},{"cubes":[{"origin":[-16,66,-2.5],"size":[0,4,1],"uv":{"down":{"uv":[76,101],"uv_size":[0,-1]},"east":{"uv":[76,84],"uv_size":[1,4]},"north":{"uv":[76,80],"uv_size":[0,4]},"south":{"uv":[76,88],"uv_size":[0,4]},"up":{"uv":[76,96],"uv_size":[0,1]},"west":{"uv":[76,84],"uv_size":[1,4]}}},{"origin":[-18,62,-4],"size":[4,4,4],"uv":{"down":{"uv":[72,104],"uv_size":[4,-4]},"east":{"uv":[72,84],"uv_size":[4,4]},"north":{"uv":[72,80],"uv_size":[4,4]},"south":{"uv":[72,88],"uv_size":[4,4]},"up":{"uv":[72,96],"uv_size":[4,4]},"west":{"uv":[72,92],"uv_size":[4,4]}}}],"name":"bone14","pivot":[-28,62,0]},{"cubes":[{"origin":[16,64,4.5],"size":[0,4,1],"uv":{"down":{"uv":[76,101],"uv_size":[0,-1]},"east":{"uv":[76,84],"uv_size":[1,4]},"north":{"uv":[76,80],"uv_size":[0,4]},"south":{"uv":[76,88],"uv_size":[0,4]},"up":{"uv":[76,96],"uv_size":[0,1]},"west":{"uv":[76,84],"uv_size":[1,4]}}},{"origin":[14,60,3],"size":[4,4,4],"uv":{"down":{"uv":[72,104],"uv_size":[4,-4]},"east":{"uv":[72,84],"uv_size":[4,4]},"north":{"uv":[72,80],"uv_size":[4,4]},"south":{"uv":[72,88],"uv_size":[4,4]},"up":{"uv":[72,96],"uv_size":[4,4]},"west":{"uv":[72,92],"uv_size":[4,4]}}}],"name":"bone15","pivot":[4,60,7]},{"cubes":[{"origin":[10,29,-7],"size":[4,4,4],"uv":{"down":{"uv":[24,118],"uv_size":[4,-4]},"east":{"uv":[72,108],"uv_size":[4,4]},"north":{"uv":[72,104],"uv_size":[4,4]},"south":{"uv":[72,112],"uv_size":[4,4]},"up":{"uv":[20,114],"uv_size":[4,4]},"west":{"uv":[16,114],"uv_size":[4,4]}}},{"origin":[12,33,-5.5],"size":[0,4,1],"uv":{"down":{"uv":[76,101],"uv_size":[0,-1]},"east":{"uv":[76,84],"uv_size":[1,4]},"north":{"uv":[76,80],"uv_size":[0,4]},"south":{"uv":[76,88],"uv_size":[0,4]},"up":{"uv":[76,96],"uv_size":[0,1]},"west":{"uv":[76,84],"uv_size":[1,4]}}}],"name":"bone16","pivot":[0,29,-9]},{"cubes":[{"origin":[-22,49.2,-9],"size":[4,4,4],"uv":{"down":{"uv":[24,118],"uv_size":[4,-4]},"east":{"uv":[72,108],"uv_size":[4,4]},"north":{"uv":[72,104],"uv_size":[4,4]},"south":{"uv":[72,112],"uv_size":[4,4]},"up":{"uv":[20,114],"uv_size":[4,4]},"west":{"uv":[16,114],"uv_size":[4,4]}}},{"origin":[-20,53.2,-7.5],"size":[0,4,1],"uv":{"down":{"uv":[76,101],"uv_size":[0,-1]},"east":{"uv":[76,84],"uv_size":[1,4]},"north":{"uv":[76,80],"uv_size":[0,4]},"south":{"uv":[76,88],"uv_size":[0,4]},"up":{"uv":[76,96],"uv_size":[0,1]},"west":{"uv":[76,84],"uv_size":[1,4]}}}],"name":"bone17","pivot":[-32,49.2,-11]},{"cubes":[{"origin":[-23.5,33.7,-5.7],"size":[4,4,4],"uv":{"down":{"uv":[24,118],"uv_size":[4,-4]},"east":{"uv":[72,108],"uv_size":[4,4]},"north":{"uv":[72,104],"uv_size":[4,4]},"south":{"uv":[72,112],"uv_size":[4,4]},"up":{"uv":[20,114],"uv_size":[4,4]},"west":{"uv":[16,114],"uv_size":[4,4]}}},{"origin":[-21.5,37.7,-4.2],"size":[0,4,1],"uv":{"down":{"uv":[76,101],"uv_size":[0,-1]},"east":{"uv":[76,84],"uv_size":[1,4]},"north":{"uv":[76,80],"uv_size":[0,4]},"south":{"uv":[76,88],"uv_size":[0,4]},"up":{"uv":[76,96],"uv_size":[0,1]},"west":{"uv":[76,84],"uv_size":[1,4]}}}],"name":"bone18","pivot":[-33.5,33.7,-7.7]},{"cubes":[{"origin":[-20.5,18.7,15.3],"size":[4,4,4],"uv":{"down":{"uv":[24,118],"uv_size":[4,-4]},"east":{"uv":[72,108],"uv_size":[4,4]},"north":{"uv":[72,104],"uv_size":[4,4]},"south":{"uv":[72,112],"uv_size":[4,4]},"up":{"uv":[20,114],"uv_size":[4,4]},"west":{"uv":[16,114],"uv_size":[4,4]}}},{"origin":[-18.5,22.7,16.8],"size":[0,4,1],"uv":{"down":{"uv":[76,101],"uv_size":[0,-1]},"east":{"uv":[76,84],"uv_size":[1,4]},"north":{"uv":[76,80],"uv_size":[0,4]},"south":{"uv":[76,88],"uv_size":[0,4]},"up":{"uv":[76,96],"uv_size":[0,1]},"west":{"uv":[76,84],"uv_size":[1,4]}}}],"name":"bone19","pivot":[-30.5,18.7,13.3]},{"cubes":[{"origin":[10,49.2,18],"size":[4,4,4],"uv":{"down":{"uv":[116,50],"uv_size":[4,-4]},"east":{"uv":[32,114],"uv_size":[4,4]},"north":{"uv":[28,114],"uv_size":[4,4]},"south":{"uv":[36,114],"uv_size":[4,4]},"up":{"uv":[116,42],"uv_size":[4,4]},"west":{"uv":[116,38],"uv_size":[4,4]}}},{"origin":[12,53.2,19.5],"size":[0,4,1],"uv":{"down":{"uv":[76,101],"uv_size":[0,-1]},"east":{"uv":[76,84],"uv_size":[1,4]},"north":{"uv":[76,80],"uv_size":[0,4]},"south":{"uv":[76,88],"uv_size":[0,4]},"up":{"uv":[76,96],"uv_size":[0,1]},"west":{"uv":[76,84],"uv_size":[1,4]}}}],"name":"bone20","pivot":[0,49.2,9]},{"cubes":[{"origin":[-7.3,59.9,14.7],"size":[4,4,4],"uv":{"down":{"uv":[116,50],"uv_size":[4,-4]},"east":{"uv":[32,114],"uv_size":[4,4]},"north":{"uv":[28,114],"uv_size":[4,4]},"south":{"uv":[36,114],"uv_size":[4,4]},"up":{"uv":[116,42],"uv_size":[4,4]},"west":{"uv":[116,38],"uv_size":[4,4]}}},{"origin":[-5.3,63.9,16.2],"size":[0,4,1],"uv":{"down":{"uv":[76,101],"uv_size":[0,-1]},"east":{"uv":[76,84],"uv_size":[1,4]},"north":{"uv":[76,80],"uv_size":[0,4]},"south":{"uv":[76,88],"uv_size":[0,4]},"up":{"uv":[76,96],"uv_size":[0,1]},"west":{"uv":[76,84],"uv_size":[1,4]}}}],"name":"bone21","pivot":[-17.3,59.9,5.7]},{"cubes":[{"origin":[-4.1,16.3,14.7],"size":[4,4,4],"uv":{"down":{"uv":[116,50],"uv_size":[4,-4]},"east":{"uv":[32,114],"uv_size":[4,4]},"north":{"uv":[28,114],"uv_size":[4,4]},"south":{"uv":[36,114],"uv_size":[4,4]},"up":{"uv":[116,42],"uv_size":[4,4]},"west":{"uv":[116,38],"uv_size":[4,4]}}},{"origin":[-2.1,20.3,16.2],"size":[0,4,1],"uv":{"down":{"uv":[76,101],"uv_size":[0,-1]},"east":{"uv":[76,84],"uv_size":[1,4]},"north":{"uv":[76,80],"uv_size":[0,4]},"south":{"uv":[76,88],"uv_size":[0,4]},"up":{"uv":[76,96],"uv_size":[0,1]},"west":{"uv":[76,84],"uv_size":[1,4]}}}],"name":"bone22","pivot":[-14.1,16.3,5.7]},{"cubes":[{"origin":[-16.9,16.3,-5.3],"size":[4,4,4],"uv":{"down":{"uv":[116,50],"uv_size":[4,-4]},"east":{"uv":[32,114],"uv_size":[4,4]},"north":{"uv":[28,114],"uv_size":[4,4]},"south":{"uv":[36,114],"uv_size":[4,4]},"up":{"uv":[116,42],"uv_size":[4,4]},"west":{"uv":[116,38],"uv_size":[4,4]}}},{"origin":[-14.9,20.3,-3.8],"size":[0,4,1],"uv":{"down":{"uv":[76,101],"uv_size":[0,-1]},"east":{"uv":[76,84],"uv_size":[1,4]},"north":{"uv":[76,80],"uv_size":[0,4]},"south":{"uv":[76,88],"uv_size":[0,4]},"up":{"uv":[76,96],"uv_size":[0,1]},"west":{"uv":[76,84],"uv_size":[1,4]}}}],"name":"bone23","pivot":[-26.9,16.3,-14.3]},{"cubes":[{"origin":[-0.3,18,-21.3],"size":[4,4,4],"uv":{"down":{"uv":[116,50],"uv_size":[4,-4]},"east":{"uv":[32,114],"uv_size":[4,4]},"north":{"uv":[28,114],"uv_size":[4,4]},"south":{"uv":[36,114],"uv_size":[4,4]},"up":{"uv":[116,42],"uv_size":[4,4]},"west":{"uv":[116,38],"uv_size":[4,4]}}},{"origin":[1.7,22,-19.8],"size":[0,4,1],"uv":{"down":{"uv":[76,101],"uv_size":[0,-1]},"east":{"uv":[76,84],"uv_size":[1,4]},"north":{"uv":[76,80],"uv_size":[0,4]},"south":{"uv":[76,88],"uv_size":[0,4]},"up":{"uv":[76,96],"uv_size":[0,1]},"west":{"uv":[76,84],"uv_size":[1,4]}}}],"name":"bone24","pivot":[-10.3,18,-30.3]},{"cubes":[{"origin":[-12,47.9,20],"size":[4,4,4],"uv":{"down":{"uv":[116,74],"uv_size":[4,-4]},"east":{"uv":[116,54],"uv_size":[4,4]},"north":{"uv":[116,50],"uv_size":[4,4]},"south":{"uv":[116,58],"uv_size":[4,4]},"up":{"uv":[116,66],"uv_size":[4,4]},"west":{"uv":[116,62],"uv_size":[4,4]}}},{"origin":[-10,51.9,21.5],"size":[0,4,1],"uv":{"down":{"uv":[76,101],"uv_size":[0,-1]},"east":{"uv":[76,84],"uv_size":[1,4]},"north":{"uv":[76,80],"uv_size":[0,4]},"south":{"uv":[76,88],"uv_size":[0,4]},"up":{"uv":[76,96],"uv_size":[0,1]},"west":{"uv":[76,84],"uv_size":[1,4]}}}],"name":"bone7","pivot":[-22,47.9,5]},{"cubes":[{"origin":[-3.8,61.9,-17.4],"size":[4,4,4],"uv":{"down":{"uv":[116,74],"uv_size":[4,-4]},"east":{"uv":[116,54],"uv_size":[4,4]},"north":{"uv":[116,50],"uv_size":[4,4]},"south":{"uv":[116,58],"uv_size":[4,4]},"up":{"uv":[116,66],"uv_size":[4,4]},"west":{"uv":[116,62],"uv_size":[4,4]}}},{"origin":[-1.8,65.9,-15.9],"size":[0,4,1],"uv":{"down":{"uv":[76,101],"uv_size":[0,-1]},"east":{"uv":[76,84],"uv_size":[1,4]},"north":{"uv":[76,80],"uv_size":[0,4]},"south":{"uv":[76,88],"uv_size":[0,4]},"up":{"uv":[76,96],"uv_size":[0,1]},"west":{"uv":[76,84],"uv_size":[1,4]}}}],"name":"bone25","pivot":[-1.8,65.9,-15.4]}],"description":{"identifier":"geometry.christmastree","texture_height":256,"texture_width":256,"visible_bounds_height":7.5,"visible_bounds_offset":[0,3.25,0],"visible_bounds_width":5}}]}