{"format_version":"1.12.0","minecraft:geometry":[{"bones":[{"cubes":[{"origin":[-16,15,-24],"size":[32,2,48],"uv":[0,0]},{"origin":[16.025,6,-24],"size":[0,11,48],"uv":[0,13]},{"origin":[-16,6,-24.025],"size":[32,11,0],"uv":[98,50]},{"origin":[-16.025,6,-24],"size":[0,11,48],"uv":[0,2]},{"origin":[-16,6,24.025],"size":[32,11,0],"uv":[37,90]},{"origin":[-10,10,18],"size":[20,5,1],"uv":[0,6]},{"origin":[8,0,17],"size":[3,15,3],"uv":[0,30]},{"origin":[-11,0,17],"size":[3,15,3],"uv":[24,12]},{"origin":[-11,0,-20],"size":[3,15,3],"uv":[0,12]},{"origin":[8,0,-20],"size":[3,15,3],"uv":[12,12]},{"origin":[-10,10,-17],"size":[1,5,35],"uv":[0,72]},{"origin":[9,10,-17],"size":[1,5,35],"uv":[61,50]},{"origin":[-10,10,-18],"size":[20,5,1],"uv":[0,0]}],"name":"bb_main","pivot":[0,0,0]}],"description":{"identifier":"geometry.cooktable1","texture_height":256,"texture_width":256,"visible_bounds_height":2.5,"visible_bounds_offset":[0,0.75,0],"visible_bounds_width":5}}]}