{"format_version":"1.12.0","minecraft:geometry":[{"bones":[{"cubes":[{"inflate":0.01,"origin":[-7,9,-7],"size":[14,2,14],"uv":[0,0]},{"origin":[-6.5,9.5,-6.5],"size":[13,2,12.5],"uv":[0,16]},{"origin":[-7.5,0,-7.5],"size":[2,16,2],"uv":[24,46]},{"origin":[5.5,0,-7.5],"size":[2,16,2],"uv":[16,46]},{"origin":[-7.5,16,-7.5],"size":[2,1,14],"uv":[0,30]},{"origin":[5.5,16,-7.5],"size":[2,1,14],"uv":[18,31]},{"origin":[5.5,0,5.5],"size":[2,12,2],"uv":[0,30]},{"origin":[-7.5,0,5.5],"size":[2,12,2],"uv":[0,0]}],"name":"total","pivot":[0,0,0]},{"cubes":[{"inflate":-0.025,"origin":[5.5,11.85785,5.24424],"size":[2,18,2],"uv":[8,45]},{"origin":[-5.5,26.85785,5.24424],"size":[11,2,2],"uv":[38,20]},{"origin":[-5.5,23.85785,5.24424],"size":[11,2,2],"uv":[38,16]},{"origin":[-5.5,20.85785,5.24424],"size":[11,2,2],"uv":[36,34]},{"origin":[-5.5,17.85785,5.24424],"size":[11,2,2],"uv":[36,30]},{"inflate":-0.025,"origin":[-7.5,11.85785,5.24424],"size":[2,18,2],"uv":[0,45]}],"name":"bone","parent":"total","pivot":[7,9,7],"rotation":[-5,0,0]}],"description":{"identifier":"geometry.cookchair3","texture_height":128,"texture_width":128,"visible_bounds_height":3.5,"visible_bounds_offset":[0,1.25,0],"visible_bounds_width":3}}]}