{"format_version":"1.12.0","minecraft:geometry":[{"bones":[{"cubes":[{"origin":[-48,0,-48],"size":[96,4,96],"uv":[0,0]},{"origin":[-25,4,22],"size":[2,18,11],"uv":[88,215]},{"origin":[-38,4,22],"size":[28,11,11],"uv":[174,100]},{"origin":[-23,18,22],"size":[13,2,11],"uv":[326,83]},{"origin":[-10,4,18],"size":[31,18,20],"uv":[108,139]},{"origin":[8,22,21],"pivot":[12.5,22.5,25],"rotation":[0,-25,0],"size":[8,1,8],"uv":[62,76]},{"origin":[11.62981,22.025,31.35198],"pivot":[12.62981,25.525,32.35198],"rotation":[0,7.5,0],"size":[2,7,2],"uv":[84,17]},{"origin":[13.12981,22.025,34.35198],"pivot":[14.12981,25.525,35.35198],"rotation":[0,-10,0],"size":[2,7,2],"uv":[82,61]},{"origin":[16.12981,22.025,34.35198],"pivot":[17.12981,25.525,35.35198],"rotation":[0,40,0],"size":[2,7,2],"uv":[82,52]},{"origin":[14,22.025,31],"pivot":[17.5,22.525,35],"rotation":[0,-25,0],"size":[2,7,2],"uv":[0,84]},{"origin":[8,23,21],"pivot":[12.5,23.5,25],"rotation":[0,-12.5,0],"size":[8,1,8],"uv":[62,76]},{"origin":[8,24,21],"pivot":[12.5,24.5,25],"rotation":[0,-32.5,0],"size":[8,1,8],"uv":[62,76]},{"origin":[8,25,21],"pivot":[12.5,25.5,25],"rotation":[0,-17.5,0],"size":[8,1,8],"uv":[62,76]},{"origin":[-38,4,18],"size":[28,18,4],"uv":[114,177]},{"origin":[-38,4,33],"size":[28,18,5],"uv":[0,177]},{"origin":[-27,22,33.5],"pivot":[-26,23,34],"rotation":[0,-22.5,0],"size":[2,2,2],"uv":[0,52]},{"origin":[-22,22,33.75],"pivot":[-21,23,34.25],"rotation":[0,-67.5,0],"size":[2,2,2],"uv":[12,15]},{"origin":[21,4,18],"size":[21,18,20],"uv":[0,38]},{"origin":[23,16,17],"size":[17,1,1],"uv":[88,156]},{"origin":[21,22,18],"size":[0,8,20],"uv":[0,56]},{"origin":[8,22,-36],"size":[0,7,16],"uv":[62,29]},{"origin":[-20,22,-36],"size":[0,7,16],"uv":[62,22]},{"origin":[-42,4,38],"size":[84,26,3],"uv":[0,100]},{"origin":[33,22,20],"size":[7,1,7],"uv":[238,213]},{"origin":[33,22,29],"size":[7,1,7],"uv":[238,213]},{"origin":[23,22,20],"size":[7,1,7],"uv":[238,213]},{"origin":[23,22,29],"size":[7,1,7],"uv":[238,213]},{"origin":[-42,4,18],"size":[4,18,20],"uv":[66,177]}],"name":"bb_main","pivot":[0,0,0]},{"name":"chef","pivot":[25,1,-10]},{"cubes":[{"inflate":0.25,"origin":[19,19,-13],"size":[12,16,6],"uv":[210,144]},{"inflate":0,"origin":[19,19,-13],"size":[12,16,6],"uv":[202,199]}],"name":"Body","parent":"chef","pivot":[25,17,-10]},{"cubes":[{"origin":[13,19,-13],"size":[6,16,6],"uv":[228,221]},{"inflate":0.225,"origin":[13,19,-13],"size":[6,16,6],"uv":[162,228]}],"name":"RightArm","parent":"Body","pivot":[17,33,-10]},{"cubes":[{"inflate":-1,"origin":[16.07467,19,-22.9866],"size":[2,5,5],"uv":[495,46]},{"inflate":-1,"origin":[16.85374,19,-20.01542],"pivot":[17.50026,22.75,-17.99932],"rotation":[0,42.5,0],"size":[2,5,3],"uv":[434,0]},{"inflate":-0.25,"origin":[17,20.5,-18.5],"size":[1,2,8],"uv":[494,0]}],"name":"spatula","parent":"RightArm","pivot":[17.47614,21.5,-10.83401],"rotation":[0,0,-90]},{"cubes":[{"origin":[31,19,-13],"size":[6,16,6],"uv":[138,228]},{"inflate":0.225,"origin":[31,19,-13],"size":[6,16,6],"uv":[114,228]}],"name":"RightArm2","parent":"Body","pivot":[33,33,-10]},{"cubes":[{"origin":[21,35,-14],"size":[8,9,8],"uv":[64,0]},{"origin":[20.55,39.25,-14.5],"pivot":[25.05,42,-10],"rotation":[0,0,2.5],"size":[9,3,9],"uv":[0,84]},{"origin":[19.46284,40.99619,-15.5],"pivot":[25.05,41,-10],"rotation":[0,0,-2.5],"size":[11,6,11],"uv":[29,76]},{"origin":[23,37.25,-16],"size":[4,2,2],"uv":[6,50]},{"origin":[25,36.25,-15],"pivot":[25,36.25,-14.5],"rotation":[0,0,15],"size":[4,2,1],"uv":[0,17]},{"inflate":-0.15,"origin":[27.98442,37.11998,-15],"pivot":[28.53442,37.26998,-14.15],"rotation":[0,-32.5,15],"size":[3,2,1],"uv":[64,17]},{"origin":[21,36.25,-15],"pivot":[25,36.25,-14.5],"rotation":[0,0,-15],"size":[4,2,1],"uv":[9,10]},{"inflate":-0.15,"origin":[19.01558,37.11998,-15],"pivot":[21.46558,37.26998,-14.15],"rotation":[0,32.5,-15],"size":[3,2,1],"uv":[10,54]}],"name":"Head","parent":"Body","pivot":[25,35,-10],"rotation":[0,0,0]},{"cubes":[{"origin":[19,5,-13],"size":[6,14,6],"uv":[238,193]},{"inflate":0.25,"origin":[19,5,-13],"size":[6,14,6],"uv":[186,238]},{"origin":[19,5,-15],"size":[6,3,2],"uv":[0,5]},{"inflate":0.125,"origin":[19,4.25,-15],"size":[6,1,8],"uv":[288,55]}],"name":"RightLeg","parent":"chef","pivot":[23.1,14,-10]},{"cubes":[{"origin":[25,5,-13],"size":[6,14,6],"uv":[24,230]},{"inflate":0.25,"origin":[25,5,-13],"size":[6,14,6],"uv":[0,230]},{"origin":[25,5,-15],"size":[6,3,2],"uv":[0,0]},{"inflate":0.125,"origin":[25,4.25,-15],"size":[6,1,8],"uv":[288,46]}],"name":"RightLeg2","parent":"chef","pivot":[26.9,14,-10]},{"cubes":[{"origin":[-25,22,35],"size":[2,11,2],"uv":[0,38]},{"origin":[-25,31,30],"size":[2,2,5],"uv":[0,10]},{"origin":[-25,28,28],"size":[2,5,2],"uv":[64,0]}],"name":"bone","pivot":[-24,30,35.5],"rotation":[0,30,0]},{"cubes":[{"origin":[-42,4,-40],"size":[22,18,20],"uv":[0,0]},{"origin":[-34,22,-29],"pivot":[-32.5,22.5,-26],"rotation":[0,85,0],"size":[7,1,12],"uv":[288,83]},{"origin":[-32,23,-26.9],"pivot":[-33.5,22.5,-26],"rotation":[0,77.5,0],"size":[2,2,4],"uv":[289,74]},{"inflate":-0.25,"origin":[-32,22.85,-23.15],"pivot":[-33.5,22.5,-26],"rotation":[0,77.5,0],"size":[2,2,1.5],"uv":[289,74]},{"inflate":-0.25,"origin":[-28.73572,22.85,-27.78279],"pivot":[-27.73572,23.1,-27.28279],"rotation":[-62.5,77.5,0],"size":[2,2,1],"uv":[289,74]},{"inflate":-0.25,"origin":[-29.71201,22.8,-27.99923],"pivot":[-28.71201,23.1,-27.49923],"rotation":[-48.13839,76.437,9.5605],"size":[2,2,1],"uv":[289,74]},{"inflate":-0.5,"origin":[-27.0272,23.675,-27.15402],"pivot":[-26.0272,23.675,-26.90402],"rotation":[-90,77.5,0],"size":[2,2,1.5],"uv":[289,74]},{"inflate":-0.5,"origin":[-25.81076,22.175,-28.63031],"pivot":[-25.81076,23.175,-27.88031],"rotation":[90,-50,180],"size":[2,2,1.5],"uv":[289,74]},{"origin":[-34,11,-20],"size":[1,7,1],"uv":[66,76]},{"origin":[-29,11,-20],"size":[1,7,1],"uv":[62,76]}],"name":"bone2","pivot":[0,0,0]},{"cubes":[{"origin":[-37.30095,26.5,-24.0589],"pivot":[-33.80095,26.5,-23.5589],"rotation":[0,85,0],"size":[8,0,3],"uv":[288,67]},{"origin":[-40.30095,26,-24.0589],"pivot":[-33.80095,26.5,-23.5589],"rotation":[0,85,0],"size":[3,1,1],"uv":[288,65]}],"name":"bone6","parent":"bone2","pivot":[-33.80095,26.5,-23.5589],"rotation":[0,-22.5,87.5]},{"cubes":[{"origin":[-7,4,-36],"size":[2,18,12],"uv":[60,215]},{"origin":[5,4,-36],"size":[3,18,12],"uv":[30,200]},{"origin":[-20,4,-36],"size":[3,18,12],"uv":[0,200]},{"origin":[-20,4,-24],"size":[28,18,4],"uv":[178,177]},{"origin":[-17,4,-36],"size":[10,17,12],"uv":[158,199]},{"origin":[-5,4,-36],"size":[10,17,12],"uv":[114,199]},{"origin":[-17,15,-20],"size":[22,1,1],"uv":[36,93]},{"origin":[-20,4,-40],"size":[28,18,4],"uv":[190,122]}],"locators":{"oil_1":[0,24,-30],"oil_2":[-12,24,-30]},"name":"bone3","pivot":[0,0,0]},{"cubes":[{"inflate":0.25,"origin":[-0.5,25,-23],"size":[1,1,5],"uv":[8,44]},{"origin":[-0.5,25,-26],"size":[1,1,3],"uv":[62,52]},{"inflate":0.25,"origin":[-0.5,18,-26],"size":[1,8,1],"uv":[84,26]},{"origin":[-4,16,-35],"size":[8,7,10],"uv":[192,221]}],"name":"bone4","parent":"bone3","pivot":[0,23.125,-25.125]},{"cubes":[{"inflate":0.25,"origin":[-12.5,25,-23],"size":[1,1,5],"uv":[8,44]},{"origin":[-12.5,25,-26],"size":[1,1,3],"uv":[62,52]},{"inflate":0.25,"origin":[-12.5,18,-26],"size":[1,8,1],"uv":[84,26]},{"origin":[-16,16,-35],"size":[8,7,10],"uv":[192,221]}],"name":"bone5","parent":"bone3","pivot":[-12,23.125,-25.125]},{"cubes":[{"origin":[-42,22,-40],"size":[84,6,4],"uv":[0,129]},{"origin":[8,4,-40],"size":[34,18,20],"uv":[0,139]},{"origin":[11,15,-20],"size":[28,1,2],"uv":[0,250]}],"locators":{"grill_smoke":{"offset":[25,22,-28],"rotation":[180,0,0]}},"name":"grill","pivot":[0,0,0]},{"cubes":[{"origin":[19.17648,22,-33.69256],"pivot":[23.17648,22.5,-32.19256],"rotation":[0,-10,0],"size":[2,1,5],"uv":[288,18]},{"origin":[18.17648,22,-28.69256],"pivot":[23.17648,22.5,-32.19256],"rotation":[0,7.5,0],"size":[2,1,5],"uv":[288,18]},{"origin":[22.17648,22,-33.69256],"pivot":[23.17648,22.5,-32.19256],"rotation":[0,10,0],"size":[2,1,5],"uv":[288,18]},{"origin":[25.17648,22,-28.69256],"pivot":[23.17648,22.5,-32.19256],"rotation":[0,-20,0],"size":[2,1,5],"uv":[288,18]}],"name":"sausage","parent":"grill","pivot":[23.17648,22.5,-32.19256]},{"cubes":[{"origin":[27,22,-33],"pivot":[36,22.5,-30],"rotation":[0,-7.5,0],"size":[5,1,5],"uv":[288,0]},{"origin":[34,22,-33],"pivot":[36,22.5,-30],"rotation":[0,10,0],"size":[5,1,5],"uv":[288,0]},{"origin":[33,22,-27],"pivot":[36,22.5,-30],"rotation":[0,17.5,0],"size":[5,1,5],"uv":[288,0]}],"name":"patty","parent":"grill","pivot":[36,22.5,-30]},{"cubes":[{"origin":[28,22,-28],"pivot":[36,22.5,-30],"rotation":[0,2.5,0],"size":[5,1,5],"uv":[288,0]}],"name":"bone11","parent":"patty","pivot":[30.70152,22.5,-25.26438]},{"name":"peper","parent":"grill","pivot":[11.12873,22.275,-26.99648]},{"cubes":[{"inflate":-0.25,"origin":[13.96266,21.75,-27.99673],"pivot":[15.46266,22.25,-25.49673],"rotation":[0,-7.5,0],"size":[4,1,5],"uv":[288,12]}],"name":"bone9","parent":"peper","pivot":[15.95838,22.25,-25.43147]},{"cubes":[{"inflate":-0.25,"origin":[14,21.775,-34],"pivot":[15,22.275,-31],"rotation":[0,2.5,0],"size":[4,1,5],"uv":[288,6]}],"name":"bone8","parent":"peper","pivot":[15.97724,22.275,-31.54314]},{"cubes":[{"inflate":-0.25,"origin":[9.35089,21.75,-34.66529],"pivot":[10.85089,22.25,-33.16529],"rotation":[0,2.5,0],"size":[4,1,5],"uv":[288,12]}],"name":"bone7","parent":"peper","pivot":[11.39404,22.25,-32.18805]},{"cubes":[{"inflate":-0.25,"origin":[9.62873,21.775,-27.49648],"pivot":[11.12873,22.275,-26.99648],"rotation":[0,-17.5,0],"size":[4,1,5],"uv":[288,6]}],"name":"bone10","parent":"peper","pivot":[11.00418,22.275,-24.93869]},{"cubes":[{"origin":[40.5,29,19],"size":[2,0,9],"uv":[328,0]},{"origin":[30.5,29,19],"pivot":[31.5,29,23.5],"rotation":[-180,0,180],"size":[2,0,9],"uv":[328,0]},{"origin":[32.5,27.025,23.5],"pivot":[36.5,34.525,23.5],"rotation":[0,-45,0],"size":[8,11,0],"uv":[351,0]},{"origin":[32.5,27.025,23.5],"pivot":[36.5,34.525,23.5],"rotation":[-180,-45,180],"size":[8,11,0],"uv":[351,0]},{"origin":[32.5,23.025,19.5],"size":[8,7,8],"uv":[305,0]}],"locators":{"pot_smoke":{"offset":[36.5,29,23.5],"rotation":[180,0,0]}},"name":"pot","pivot":[-10,1,0]}],"description":{"identifier":"geometry.cookcraft","texture_height":512,"texture_width":512,"visible_bounds_height":4.5,"visible_bounds_offset":[0,1.75,0],"visible_bounds_width":7}}]}