{"format_version":"1.12.0","minecraft:geometry":[{"bones":[{"cubes":[{"origin":[-6,0,-6],"size":[12,9,12],"uv":[0,0]},{"origin":[-5,9,-7],"size":[10,2,2],"uv":[36,4]},{"origin":[-5,9,5],"size":[10,2,2],"uv":[36,0]},{"origin":[5,9,-7],"size":[2,2,14],"uv":[0,43]},{"origin":[-7,9,-7],"size":[2,2,14],"uv":[42,29]},{"origin":[-7,9,0],"pivot":[0,14,0],"rotation":[0,45,0],"size":[14,22,0],"uv":[28,21]},{"origin":[-7,9,0],"pivot":[0,14,0],"rotation":[0,-45,0],"size":[14,22,0],"uv":[0,21]}],"name":"bb_main","pivot":[0,0,0]}],"description":{"identifier":"geometry.cookplant3","texture_height":128,"texture_width":128,"visible_bounds_height":3.5,"visible_bounds_offset":[0,1.25,0],"visible_bounds_width":2}}]}