{"format_version":"1.12.0","minecraft:geometry":[{"bones":[{"cubes":[{"origin":[-4,0,0],"size":[8,8,0],"uv":{"down":{"uv":[8,0],"uv_size":[8,0]},"east":{"uv":[0,0],"uv_size":[0,8]},"north":{"uv":[0,0],"uv_size":[8,8]},"south":{"uv":[8,0],"uv_size":[-8,8]},"up":{"uv":[0,0],"uv_size":[8,0]},"west":{"uv":[8,0],"uv_size":[0,8]}}}],"name":"bb_main","pivot":[0,0,0]}],"description":{"identifier":"geometry.emote","texture_height":8,"texture_width":8,"visible_bounds_height":1.5,"visible_bounds_offset":[0,0.25,0],"visible_bounds_width":2}}]}