{"format_version":"1.12.0","minecraft:geometry":[{"bones":[{"cubes":[{"origin":[-24,1,0],"size":[10,14,1],"uv":[0,43]},{"origin":[-12,0,0],"size":[12,12,1],"uv":[0,30]},{"origin":[2,2,0],"size":[12,12,1],"uv":[26,26]},{"origin":[16,-1,0],"size":[12,14,1],"uv":[0,15]},{"inflate":0.25,"origin":[-24,1,0],"size":[10,14,1],"uv":[26,39]},{"inflate":0.25,"origin":[-12,0,0],"size":[12,12,1],"uv":[26,0]},{"inflate":0.25,"origin":[2,2,0],"size":[12,12,1],"uv":[26,13]},{"inflate":0.25,"origin":[16,-1,0],"size":[12,14,1],"uv":[0,0]}],"name":"bb_main","pivot":[0,0,0]}],"description":{"identifier":"geometry.foodletters","texture_height":64,"texture_width":64,"visible_bounds_height":2.5,"visible_bounds_offset":[0,0.75,0],"visible_bounds_width":5}}]}