{"format_version":"1.12.0","minecraft:geometry":[{"bones":[{"name":"Synchronize","pivot":[0,0,0]},{"name":"StarOre","parent":"Synchronize","pivot":[-16.42551,16.75736,0.5]},{"cubes":[{"origin":[-32.09277,7.63173,-2],"pivot":[-16.07195,0.11091,0],"rotation":[0,0,45],"size":[8,8,5],"uv":{"down":{"uv":[173,40],"uv_size":[8,-5]},"east":{"uv":[160,40],"uv_size":[5,8]},"north":{"uv":[165,40],"uv_size":[8,8]},"south":{"uv":[178,40],"uv_size":[8,8]},"up":{"uv":[165,35],"uv_size":[8,5]},"west":{"uv":[173,40],"uv_size":[5,8]}}}],"name":"body2","parent":"StarOre","pivot":[-16.42551,16.75736,0.5]},{"cubes":[{"origin":[-25.07195,7.61091,-0.125],"size":[18,18,0],"uv":{"down":{"uv":[146,20],"uv_size":[18,0]},"east":{"uv":[128,20],"uv_size":[0,18]},"north":{"uv":[128,20],"uv_size":[18,18]},"south":{"uv":[146,20],"uv_size":[18,18]},"up":{"uv":[128,20],"uv_size":[18,0]},"west":{"uv":[146,20],"uv_size":[0,18]}}}],"name":"spiral","parent":"body2","pivot":[-16.07195,16.61091,-0.125]},{"cubes":[{"origin":[-25.07195,7.61091,0.875],"pivot":[-16.07195,16.61091,0.875],"rotation":[0,0,-40],"size":[18,18,0],"uv":{"down":{"uv":[146,20],"uv_size":[18,0]},"east":{"uv":[128,20],"uv_size":[0,18]},"north":{"uv":[128,20],"uv_size":[18,18]},"south":{"uv":[146,20],"uv_size":[18,18]},"up":{"uv":[128,20],"uv_size":[18,0]},"west":{"uv":[146,20],"uv_size":[0,18]}}}],"name":"spiral2","parent":"body2","pivot":[-16.07195,16.61091,0.875],"rotation":[0,0,-2.5]},{"cubes":[{"origin":[-19.42551,15.75736,-2.5],"pivot":[-18.42551,16.75736,-2.5],"rotation":[0,0,45],"size":[2,2,0],"uv":{"down":{"uv":[178,12],"uv_size":[2,0]},"east":{"uv":[176,12],"uv_size":[0,2]},"north":{"uv":[176,12],"uv_size":[2,2]},"south":{"uv":[178,12],"uv_size":[2,2]},"up":{"uv":[176,12],"uv_size":[2,0]},"west":{"uv":[178,12],"uv_size":[0,2]}}},{"origin":[-15.27449,16.38236,-2.5],"pivot":[-13.57449,16.75736,-2.5],"rotation":[0,0,-45],"size":[2,2,0],"uv":{"down":{"uv":[180,12],"uv_size":[-2,0]},"east":{"uv":[178,12],"uv_size":[0,2]},"north":{"uv":[178,12],"uv_size":[-2,2]},"south":{"uv":[180,12],"uv_size":[-2,2]},"up":{"uv":[178,12],"uv_size":[-2,0]},"west":{"uv":[176,12],"uv_size":[0,2]}}}],"name":"closedeyes","parent":"body2","pivot":[-16.42551,16.75736,0.5]},{"cubes":[{"origin":[-19.42551,15.75736,-2.5],"size":[1,2,0],"uv":{"down":{"uv":[129,0],"uv_size":[1,0]},"east":{"uv":[128,0],"uv_size":[0,2]},"north":{"uv":[128,0],"uv_size":[1,2]},"south":{"uv":[129,0],"uv_size":[1,2]},"up":{"uv":[128,0],"uv_size":[1,0]},"west":{"uv":[129,0],"uv_size":[0,2]}}},{"origin":[-14.42551,15.75736,-2.5],"size":[1,2,0],"uv":{"down":{"uv":[129,0],"uv_size":[1,0]},"east":{"uv":[128,0],"uv_size":[0,2]},"north":{"uv":[128,0],"uv_size":[1,2]},"south":{"uv":[129,0],"uv_size":[1,2]},"up":{"uv":[128,0],"uv_size":[1,0]},"west":{"uv":[129,0],"uv_size":[0,2]}}}],"name":"eyes","parent":"body2","pivot":[-16.42551,16.75736,-2.5]},{"name":"hands4","parent":"body2","pivot":[-24.43494,12.79574,-1.725]},{"cubes":[{"origin":[-29.76793,14.33045,-4.26892],"size":[5,2,5],"uv":{"down":{"uv":[153,52],"uv_size":[5,-5]},"east":{"uv":[143,52],"uv_size":[5,2]},"north":{"uv":[148,52],"uv_size":[5,2]},"south":{"uv":[158,52],"uv_size":[5,2]},"up":{"uv":[148,47],"uv_size":[5,5]},"west":{"uv":[153,52],"uv_size":[5,2]}}},{"origin":[-24.76793,14.33045,-3.26892],"size":[1,2,3],"uv":{"down":{"uv":[180,59],"uv_size":[1,-3]},"east":{"uv":[176,59],"uv_size":[3,2]},"north":{"uv":[179,59],"uv_size":[1,2]},"south":{"uv":[183,59],"uv_size":[1,2]},"up":{"uv":[179,56],"uv_size":[1,3]},"west":{"uv":[180,59],"uv_size":[3,2]}}}],"name":"bone4","parent":"hands4","pivot":[-24.94293,15.33045,-1.99392]},{"cubes":[{"origin":[-31.76793,14.33045,-4.26892],"size":[2,2,5],"uv":{"down":{"uv":[169,59],"uv_size":[2,-5]},"east":{"uv":[162,59],"uv_size":[5,2]},"north":{"uv":[167,59],"uv_size":[2,2]},"south":{"uv":[174,59],"uv_size":[2,2]},"up":{"uv":[167,54],"uv_size":[2,5]},"west":{"uv":[169,59],"uv_size":[5,2]}}}],"name":"bone5","parent":"bone4","pivot":[-29.76793,15.33045,-1.76892]},{"cubes":[{"origin":[-26.76793,14.33045,-6.26892],"size":[2,2,2],"uv":{"down":{"uv":[175,57],"uv_size":[2,-2]},"east":{"uv":[171,57],"uv_size":[2,2]},"north":{"uv":[173,57],"uv_size":[2,2]},"south":{"uv":[177,57],"uv_size":[2,2]},"up":{"uv":[173,55],"uv_size":[2,2]},"west":{"uv":[175,57],"uv_size":[2,2]}}}],"name":"2","parent":"bone4","pivot":[-25.76793,15.33045,-4.26892]},{"name":"hands3","parent":"body2","pivot":[-4,15.425,-1]},{"cubes":[{"origin":[-6.43463,14.5157,-3.79386],"size":[5,2,5],"uv":{"down":{"uv":[158,52],"uv_size":[-5,-5]},"east":{"uv":[158,52],"uv_size":[-5,2]},"north":{"uv":[153,52],"uv_size":[-5,2]},"south":{"uv":[163,52],"uv_size":[-5,2]},"up":{"uv":[153,47],"uv_size":[-5,5]},"west":{"uv":[148,52],"uv_size":[-5,2]}}},{"origin":[-7.43463,14.5157,-2.79386],"size":[1,2,3],"uv":{"down":{"uv":[181,59],"uv_size":[-1,-3]},"east":{"uv":[183,59],"uv_size":[-3,2]},"north":{"uv":[180,59],"uv_size":[-1,2]},"south":{"uv":[184,59],"uv_size":[-1,2]},"up":{"uv":[180,56],"uv_size":[-1,3]},"west":{"uv":[179,59],"uv_size":[-3,2]}}}],"name":"hands1","parent":"hands3","pivot":[-6.25963,15.5157,-1.51886]},{"cubes":[{"origin":[-1.43463,14.5157,-3.79386],"size":[2,2,5],"uv":{"down":{"uv":[171,59],"uv_size":[-2,-5]},"east":{"uv":[174,59],"uv_size":[-5,2]},"north":{"uv":[169,59],"uv_size":[-2,2]},"south":{"uv":[176,59],"uv_size":[-2,2]},"up":{"uv":[169,54],"uv_size":[-2,5]},"west":{"uv":[167,59],"uv_size":[-5,2]}}}],"name":"bone9","parent":"hands1","pivot":[-1.43463,15.5157,-1.29386]},{"cubes":[{"origin":[-6.43463,14.5157,-5.79386],"size":[2,2,2],"uv":{"down":{"uv":[177,57],"uv_size":[-2,-2]},"east":{"uv":[177,57],"uv_size":[-2,2]},"north":{"uv":[175,57],"uv_size":[-2,2]},"south":{"uv":[179,57],"uv_size":[-2,2]},"up":{"uv":[175,55],"uv_size":[-2,2]},"west":{"uv":[173,57],"uv_size":[-2,2]}}}],"name":"3","parent":"hands1","pivot":[-5.43463,15.5157,-3.79386]},{"cubes":[{"origin":[-17.92551,3.35736,0.55],"size":[0,10,5],"uv":{"down":{"uv":[133,5],"uv_size":[0,-5]},"east":{"uv":[138,5],"uv_size":[-5,10]},"north":{"uv":[133,5],"uv_size":[0,10]},"south":{"uv":[138,5],"uv_size":[0,10]},"up":{"uv":[133,0],"uv_size":[0,5]},"west":{"uv":[133,5],"uv_size":[-5,10]}}}],"name":"bone10","parent":"body2","pivot":[-17.92551,10.35736,3.05]},{"cubes":[{"origin":[-11.07449,17.93339,3.60627],"pivot":[-11.07449,21.78888,3.38682],"rotation":[23.70348,14.36495,-29.47028],"size":[0,8,12],"uv":{"down":{"uv":[140,56],"uv_size":[0,-12]},"east":{"uv":[128,56],"uv_size":[12,8]},"north":{"uv":[140,56],"uv_size":[0,8]},"south":{"uv":[152,56],"uv_size":[0,8]},"up":{"uv":[140,44],"uv_size":[0,12]},"west":{"uv":[140,56],"uv_size":[12,8]}}},{"origin":[-20.92551,17.93339,3.60627],"pivot":[-20.92551,21.78888,3.38682],"rotation":[23.70348,-14.36495,29.47028],"size":[0,8,12],"uv":{"down":{"uv":[140,56],"uv_size":[0,-12]},"east":{"uv":[152,56],"uv_size":[-12,8]},"north":{"uv":[140,56],"uv_size":[0,8]},"south":{"uv":[152,56],"uv_size":[0,8]},"up":{"uv":[140,44],"uv_size":[0,12]},"west":{"uv":[140,56],"uv_size":[-12,8]}}},{"origin":[-11.07449,12.07847,3.60627],"pivot":[-11.07449,16.22297,3.38682],"rotation":[-23.70348,14.36495,29.47028],"size":[0,8,12],"uv":{"down":{"uv":[140,56],"uv_size":[0,-12]},"east":{"uv":[128,56],"uv_size":[12,8]},"north":{"uv":[140,56],"uv_size":[0,8]},"south":{"uv":[152,56],"uv_size":[0,8]},"up":{"uv":[140,44],"uv_size":[0,12]},"west":{"uv":[140,56],"uv_size":[12,8]}}},{"origin":[-20.92551,12.07847,3.60627],"pivot":[-20.92551,16.22297,3.38682],"rotation":[-23.70348,-14.36495,-29.47028],"size":[0,8,12],"uv":{"down":{"uv":[140,56],"uv_size":[0,-12]},"east":{"uv":[152,56],"uv_size":[-12,8]},"north":{"uv":[140,56],"uv_size":[0,8]},"south":{"uv":[152,56],"uv_size":[0,8]},"up":{"uv":[140,44],"uv_size":[0,12]},"west":{"uv":[140,56],"uv_size":[-12,8]}}}],"name":"bone11","parent":"body2","pivot":[-16,19.00593,3.84727]},{"cubes":[{"origin":[-14.07449,3.35736,0.55],"size":[0,10,5],"uv":{"down":{"uv":[133,5],"uv_size":[0,-5]},"east":{"uv":[128,5],"uv_size":[5,10]},"north":{"uv":[133,5],"uv_size":[0,10]},"south":{"uv":[138,5],"uv_size":[0,10]},"up":{"uv":[133,0],"uv_size":[0,5]},"west":{"uv":[133,5],"uv_size":[5,10]}}}],"name":"bone","parent":"body2","pivot":[-14.07449,10.35736,3.05]},{"name":"SpawnerBooster","parent":"Synchronize","pivot":[12,16,1]},{"cubes":[{"origin":[13.38321,4,-5.16046],"pivot":[13.20165,18.69692,0.37357],"rotation":[-180,45,180],"size":[0,9,11],"uv":{"down":{"uv":[11,27],"uv_size":[0,-11]},"east":{"uv":[0,27],"uv_size":[11,9]},"north":{"uv":[11,27],"uv_size":[0,9]},"south":{"uv":[22,27],"uv_size":[0,9]},"up":{"uv":[11,16],"uv_size":[0,11]},"west":{"uv":[11,27],"uv_size":[11,9]}}},{"origin":[8.54922,13,-4.23076],"size":[9,9,9],"uv":{"down":{"uv":[18,9],"uv_size":[9,-9]},"east":{"uv":[0,9],"uv_size":[9,9]},"north":{"uv":[9,9],"uv_size":[9,9]},"south":{"uv":[27,9],"uv_size":[9,9]},"up":{"uv":[9,0],"uv_size":[9,9]},"west":{"uv":[18,9],"uv_size":[9,9]}}},{"origin":[13.16763,4,-5.30799],"pivot":[13.20165,18.69692,0.37357],"rotation":[0,45,0],"size":[0,9,11],"uv":{"down":{"uv":[11,27],"uv_size":[0,-11]},"east":{"uv":[0,27],"uv_size":[11,9]},"north":{"uv":[11,27],"uv_size":[0,9]},"south":{"uv":[22,27],"uv_size":[0,9]},"up":{"uv":[11,16],"uv_size":[0,11]},"west":{"uv":[11,27],"uv_size":[11,9]}}}],"name":"body","parent":"SpawnerBooster","pivot":[10.04922,8.5,0.26924]},{"name":"mouth","parent":"body","pivot":[14,0,0]},{"cubes":[{"origin":[14.29053,15.7779,-4.35576],"pivot":[13.20165,18.69692,0.37357],"rotation":[0,0,46.5],"size":[2,2,0],"uv":{"down":{"uv":[8,52],"uv_size":[2,0]},"east":{"uv":[6,52],"uv_size":[0,2]},"north":{"uv":[6,52],"uv_size":[2,2]},"south":{"uv":[8,52],"uv_size":[2,2]},"up":{"uv":[6,52],"uv_size":[2,0]},"west":{"uv":[8,52],"uv_size":[0,2]}}}],"name":"mouth2","parent":"mouth","pivot":[13.18677,16.02856,-4.32661]},{"name":"eyebrows","parent":"mouth","pivot":[10.54922,0,-0.23076]},{"cubes":[{"origin":[9.54922,17,-4.35576],"size":[7,2,0],"uv":{"down":{"uv":[10,50],"uv_size":[7,0]},"east":{"uv":[3,50],"uv_size":[0,2]},"north":{"uv":[3,50],"uv_size":[7,2]},"south":{"uv":[10,50],"uv_size":[7,2]},"up":{"uv":[3,50],"uv_size":[7,0]},"west":{"uv":[10,50],"uv_size":[0,2]}}}],"name":"open","parent":"eyebrows","pivot":[13.04922,18,-4.35576]},{"cubes":[{"origin":[13.1371,19.76064,-4.40576],"pivot":[13.20165,18.69692,0.37357],"rotation":[0,0,-133.5],"size":[2,2,0],"uv":{"down":{"uv":[8,52],"uv_size":[2,0]},"east":{"uv":[6,52],"uv_size":[0,2]},"north":{"uv":[6,52],"uv_size":[2,2]},"south":{"uv":[8,52],"uv_size":[2,2]},"up":{"uv":[6,52],"uv_size":[2,0]},"west":{"uv":[8,52],"uv_size":[0,2]}}},{"origin":[10.2871,16.88564,-4.40576],"pivot":[13.20165,18.69692,0.37357],"rotation":[0,0,-133.5],"size":[2,2,0],"uv":{"down":{"uv":[8,52],"uv_size":[2,0]},"east":{"uv":[6,52],"uv_size":[0,2]},"north":{"uv":[6,52],"uv_size":[2,2]},"south":{"uv":[8,52],"uv_size":[2,2]},"up":{"uv":[6,52],"uv_size":[2,0]},"west":{"uv":[8,52],"uv_size":[0,2]}}}],"name":"open2","parent":"eyebrows","pivot":[13.0844,17.91074,-4.40576]},{"cubes":[{"origin":[13.09865,20.53687,-0.39603],"pivot":[13.20165,18.69692,0.37357],"rotation":[-45,0,27.5],"size":[4,6,4],"uv":{"down":{"uv":[42,36],"uv_size":[4,-4]},"east":{"uv":[34,36],"uv_size":[4,6]},"north":{"uv":[38,36],"uv_size":[4,6]},"south":{"uv":[46,36],"uv_size":[4,6]},"up":{"uv":[38,32],"uv_size":[4,4]},"west":{"uv":[42,36],"uv_size":[4,6]}}},{"origin":[14.09865,26.53687,0.60397],"pivot":[13.20165,18.69692,0.37357],"rotation":[-45,0,27.5],"size":[2,3,2],"uv":{"down":{"uv":[20,38],"uv_size":[2,-2]},"east":{"uv":[16,38],"uv_size":[2,3]},"north":{"uv":[18,38],"uv_size":[2,3]},"south":{"uv":[22,38],"uv_size":[2,3]},"up":{"uv":[18,36],"uv_size":[2,2]},"west":{"uv":[20,38],"uv_size":[2,3]}}},{"origin":[12.31907,19.74417,-1.02543],"pivot":[13.20165,18.69692,0.37357],"rotation":[-20.92684,-25.49671,-0.98347],"size":[4,5,4],"uv":{"down":{"uv":[8,40],"uv_size":[4,-4]},"east":{"uv":[0,40],"uv_size":[4,5]},"north":{"uv":[4,40],"uv_size":[4,5]},"south":{"uv":[12,40],"uv_size":[4,5]},"up":{"uv":[4,36],"uv_size":[4,4]},"west":{"uv":[8,40],"uv_size":[4,5]}}},{"origin":[13.31907,24.74417,-0.02543],"pivot":[13.20165,18.69692,0.37357],"rotation":[-20.92684,-25.49671,-0.98347],"size":[2,4,2],"uv":{"down":{"uv":[4,2],"uv_size":[2,-2]},"east":{"uv":[0,2],"uv_size":[2,4]},"north":{"uv":[2,2],"uv_size":[2,4]},"south":{"uv":[6,2],"uv_size":[2,4]},"up":{"uv":[2,0],"uv_size":[2,2]},"west":{"uv":[4,2],"uv_size":[2,4]}}},{"origin":[11.18409,20.90813,-0.88277],"pivot":[13.20165,18.69692,0.37357],"rotation":[-15.54115,48.44691,31.84027],"size":[4,5,4],"uv":{"down":{"uv":[8,40],"uv_size":[4,-4]},"east":{"uv":[0,40],"uv_size":[4,5]},"north":{"uv":[4,40],"uv_size":[4,5]},"south":{"uv":[12,40],"uv_size":[4,5]},"up":{"uv":[4,36],"uv_size":[4,4]},"west":{"uv":[8,40],"uv_size":[4,5]}}},{"origin":[12.18409,25.90813,0.11723],"pivot":[13.20165,18.69692,0.37357],"rotation":[-15.54115,48.44691,31.84027],"size":[2,4,2],"uv":{"down":{"uv":[4,2],"uv_size":[2,-2]},"east":{"uv":[0,2],"uv_size":[2,4]},"north":{"uv":[2,2],"uv_size":[2,4]},"south":{"uv":[6,2],"uv_size":[2,4]},"up":{"uv":[2,0],"uv_size":[2,2]},"west":{"uv":[4,2],"uv_size":[2,4]}}},{"origin":[8.69058,20.0315,-1.23076],"pivot":[13.20165,18.69692,0.37357],"rotation":[0,0,-25],"size":[4,6,4],"uv":{"down":{"uv":[30,30],"uv_size":[4,-4]},"east":{"uv":[22,30],"uv_size":[4,6]},"north":{"uv":[26,30],"uv_size":[4,6]},"south":{"uv":[34,30],"uv_size":[4,6]},"up":{"uv":[26,26],"uv_size":[4,4]},"west":{"uv":[30,30],"uv_size":[4,6]}}},{"origin":[9.69058,26.0315,-0.23076],"pivot":[13.20165,18.69692,0.37357],"rotation":[0,0,-25],"size":[2,2,2],"uv":{"down":{"uv":[28,38],"uv_size":[2,-2]},"east":{"uv":[24,38],"uv_size":[2,2]},"north":{"uv":[26,38],"uv_size":[2,2]},"south":{"uv":[30,38],"uv_size":[2,2]},"up":{"uv":[26,36],"uv_size":[2,2]},"west":{"uv":[28,38],"uv_size":[2,2]}}},{"origin":[8.69058,19.94819,0.76366],"pivot":[13.20165,18.69692,0.37357],"rotation":[-42.5,0,-25],"size":[3,6,3],"uv":{"down":{"uv":[42,10],"uv_size":[3,-3]},"east":{"uv":[36,10],"uv_size":[3,6]},"north":{"uv":[39,10],"uv_size":[3,6]},"south":{"uv":[45,10],"uv_size":[3,6]},"up":{"uv":[39,7],"uv_size":[3,3]},"west":{"uv":[42,10],"uv_size":[3,6]}}},{"origin":[9.69058,25.94819,1.76366],"pivot":[13.20165,18.69692,0.37357],"rotation":[-42.5,0,-25],"size":[1,2,1],"uv":{"down":{"uv":[2,7],"uv_size":[1,-1]},"east":{"uv":[0,7],"uv_size":[1,2]},"north":{"uv":[1,7],"uv_size":[1,2]},"south":{"uv":[3,7],"uv_size":[1,2]},"up":{"uv":[1,6],"uv_size":[1,1]},"west":{"uv":[2,7],"uv_size":[1,2]}}}],"name":"crystalpoints","parent":"body","pivot":[13.07296,18.48469,3.66919]},{"cubes":[{"origin":[23.54922,15,-3.23076],"size":[6,3,5],"uv":{"down":{"uv":[33,23],"uv_size":[6,-5]},"east":{"uv":[22,23],"uv_size":[5,3]},"north":{"uv":[27,23],"uv_size":[6,3]},"south":{"uv":[38,23],"uv_size":[6,3]},"up":{"uv":[27,18],"uv_size":[6,5]},"west":{"uv":[33,23],"uv_size":[5,3]}}}],"name":"hands","parent":"body","pivot":[23.54922,16.5,-0.73076]},{"cubes":[{"origin":[23.54922,16,-5.23076],"size":[2,2,2],"uv":{"down":{"uv":[38,28],"uv_size":[2,-2]},"east":{"uv":[34,28],"uv_size":[2,2]},"north":{"uv":[36,28],"uv_size":[2,2]},"south":{"uv":[40,28],"uv_size":[2,2]},"up":{"uv":[36,26],"uv_size":[2,2]},"west":{"uv":[38,28],"uv_size":[2,2]}}}],"name":"thumb","parent":"hands","pivot":[24.54922,17,-3.23076]},{"cubes":[{"origin":[29.54922,16,-3.23076],"size":[4,2,5],"uv":{"down":{"uv":[36,5],"uv_size":[4,-5]},"east":{"uv":[27,5],"uv_size":[5,2]},"north":{"uv":[32,5],"uv_size":[4,2]},"south":{"uv":[41,5],"uv_size":[4,2]},"up":{"uv":[32,0],"uv_size":[4,5]},"west":{"uv":[36,5],"uv_size":[5,2]}}}],"name":"fingers","parent":"hands","pivot":[29.54922,17,-0.73076]},{"cubes":[{"origin":[-2.45078,15,-3.23076],"size":[6,3,5],"uv":{"down":{"uv":[39,23],"uv_size":[-6,-5]},"east":{"uv":[38,23],"uv_size":[-5,3]},"north":{"uv":[33,23],"uv_size":[-6,3]},"south":{"uv":[44,23],"uv_size":[-6,3]},"up":{"uv":[33,18],"uv_size":[-6,5]},"west":{"uv":[27,23],"uv_size":[-5,3]}}}],"name":"hands2","parent":"body","pivot":[3.54922,16.5,-0.73076]},{"cubes":[{"origin":[1.54922,16,-5.23076],"size":[2,2,2],"uv":{"down":{"uv":[40,28],"uv_size":[-2,-2]},"east":{"uv":[40,28],"uv_size":[-2,2]},"north":{"uv":[38,28],"uv_size":[-2,2]},"south":{"uv":[42,28],"uv_size":[-2,2]},"up":{"uv":[38,26],"uv_size":[-2,2]},"west":{"uv":[36,28],"uv_size":[-2,2]}}}],"name":"thumb2","parent":"hands2","pivot":[2.54922,17,-3.23076]},{"cubes":[{"origin":[-6.45078,16,-3.23076],"size":[4,2,5],"uv":{"down":{"uv":[40,5],"uv_size":[-4,-5]},"east":{"uv":[41,5],"uv_size":[-5,2]},"north":{"uv":[36,5],"uv_size":[-4,2]},"south":{"uv":[45,5],"uv_size":[-4,2]},"up":{"uv":[36,0],"uv_size":[-4,5]},"west":{"uv":[32,5],"uv_size":[-5,2]}}}],"name":"fingers2","parent":"hands2","pivot":[-2.45078,16.5,-0.73076]},{"cubes":[{"origin":[-16,-23,-16],"size":[32,77,32],"uv":{"down":{"uv":[150,112],"uv_size":[-32,-32]},"east":{"uv":[71,51],"uv_size":[32,77]},"north":{"uv":[39,51],"uv_size":[32,77]},"south":{"uv":[192,51],"uv_size":[32,77]},"up":{"uv":[150,112],"uv_size":[-32,-32]},"west":{"uv":[224,51],"uv_size":[32,77]}}}],"name":"syncrhonization","pivot":[0,0,0]},{"cubes":[{"origin":[-8,0,-1],"size":[16,16,0],"uv":{"down":{"uv":[117,128],"uv_size":[0,-16]},"east":{"uv":[117,112],"uv_size":[0,16]},"north":{"uv":[117,112],"uv_size":[16,16]},"south":{"uv":[117,112],"uv_size":[16,16]},"up":{"uv":[117,128],"uv_size":[0,-16]},"west":{"uv":[117,112],"uv_size":[0,16]}}}],"name":"shine","pivot":[0,8,-1]},{"cubes":[{"origin":[-8,0,-1],"size":[16,16,0],"uv":{"down":{"uv":[117,128],"uv_size":[0,-16]},"east":{"uv":[117,112],"uv_size":[0,16]},"north":{"uv":[117,112],"uv_size":[16,16]},"south":{"uv":[117,112],"uv_size":[16,16]},"up":{"uv":[117,128],"uv_size":[0,-16]},"west":{"uv":[117,112],"uv_size":[0,16]}}}],"name":"shine2","pivot":[0,8,-1]},{"cubes":[{"origin":[-8,0,-1],"size":[16,16,0],"uv":{"down":{"uv":[117,128],"uv_size":[0,-16]},"east":{"uv":[117,112],"uv_size":[0,16]},"north":{"uv":[117,112],"uv_size":[16,16]},"south":{"uv":[117,112],"uv_size":[16,16]},"up":{"uv":[117,128],"uv_size":[0,-16]},"west":{"uv":[117,112],"uv_size":[0,16]}}}],"name":"shine3","pivot":[0,8,-1]},{"cubes":[{"origin":[-8,0,-1],"size":[16,16,0],"uv":{"down":{"uv":[117,128],"uv_size":[0,-16]},"east":{"uv":[117,112],"uv_size":[0,16]},"north":{"uv":[117,112],"uv_size":[16,16]},"south":{"uv":[117,112],"uv_size":[16,16]},"up":{"uv":[117,128],"uv_size":[0,-16]},"west":{"uv":[117,112],"uv_size":[0,16]}}}],"name":"shine4","pivot":[0,8,-1]}],"description":{"identifier":"geometry.generator_booster","texture_height":128,"texture_width":256,"visible_bounds_height":6,"visible_bounds_offset":[0,2,0],"visible_bounds_width":9}}]}