{"format_version":"1.12.0","minecraft:geometry":[{"bones":[{"cubes":[{"origin":[8,0,7],"size":[2,16,2],"uv":[52,45]},{"origin":[-10,0,7],"size":[2,16,2],"uv":[8,52]},{"origin":[-8,3,-8],"size":[16,0,16],"uv":[2,23]},{"origin":[-10,0,-9],"size":[2,16,2],"uv":[0,23]},{"origin":[8,0,-9],"size":[2,16,2],"uv":[0,52]},{"origin":[8.5,7,-7],"size":[1,2,14],"uv":[16,41]},{"origin":[-9.5,7,-7],"size":[1,2,14],"uv":[0,27]},{"origin":[-8,11,-8],"size":[16,7,16],"uv":[0,0]},{"inflate":-0.025,"origin":[-8,17.5,-8],"size":[16,0,16],"uv":[48,0]},{"origin":[8,16,-4],"size":[2,1,8],"uv":[32,45]},{"origin":[-10,16,-4],"size":[2,1,8],"uv":[0,43]},{"origin":[-7,17.5,7.5],"size":[2,1,1],"uv":[0,7]},{"origin":[5,17.5,7.5],"size":[2,1,1],"uv":[5,6]},{"origin":[-1,17.5,7.5],"size":[2,1,1],"uv":[0,5]},{"origin":[-3,11.5,-10],"pivot":[0,12,-9],"rotation":[-180,0,180],"size":[6,1,2],"uv":[0,0]}],"name":"bb_main","pivot":[0,0,0]},{"cubes":[{"origin":[-8,18,-8],"pivot":[-8,18,8],"rotation":[-60,0,0],"size":[16,4,16],"uv":[34,25]},{"origin":[-3,18.5,-10],"pivot":[-8,18,8],"rotation":[-60,0,0],"size":[6,1,1],"uv":[0,3]},{"origin":[-3.025,18.5,-10],"pivot":[-8,18,8],"rotation":[-60,0,0],"size":[0,1,2],"uv":[6,6]},{"origin":[3.025,18.5,-10],"pivot":[-8,18,8],"rotation":[-60,0,0],"size":[0,1,2],"uv":[5,3]}],"name":"bone2","pivot":[-8,18,8]}],"description":{"identifier":"geometry.grill","texture_height":128,"texture_width":128,"visible_bounds_height":3.5,"visible_bounds_offset":[0,1.25,0],"visible_bounds_width":3}}]}