{"format_version":"1.12.0","minecraft:geometry":[{"bones":[{"name":"chef","pivot":[0,-3,0]},{"cubes":[{"inflate":0.25,"origin":[-6,14.75,-3],"size":[12,16,6],"uv":[30,33]},{"inflate":0,"origin":[-6,14.75,-3],"size":[12,16,6],"uv":[0,17]}],"name":"Body","parent":"chef","pivot":[0,13,0]},{"cubes":[{"origin":[-12,14.75,-3],"size":[6,16,6],"uv":[66,20]},{"inflate":0.225,"origin":[-12,14.75,-3],"size":[6,16,6],"uv":[0,58]}],"name":"RightArm","parent":"Body","pivot":[-8,29,0]},{"cubes":[{"origin":[6,14.75,-3],"size":[6,16,6],"uv":[54,55]},{"inflate":0.225,"origin":[6,14.75,-3],"size":[6,16,6],"uv":[30,55]}],"name":"LeftArm","parent":"Body","pivot":[8,29,0]},{"cubes":[{"origin":[-4,30.75,-4],"size":[8,9,8],"uv":[36,9]},{"origin":[-4.4391,35.00024,-4.5],"pivot":[0.05,38,0],"rotation":[0,0,2.5],"size":[9,3,9],"uv":[0,46]},{"origin":[-5.54806,36.74643,-5.5],"pivot":[0.05,37,0],"rotation":[0,0,-2.5],"size":[11,6,11],"uv":[0,0]},{"origin":[-2,33,-6],"size":[4,2,2],"uv":[16,39]},{"origin":[0.0647,32.00852,-5],"pivot":[0,32.25,-4.5],"rotation":[0,0,15],"size":[4,2,1],"uv":[0,3]},{"inflate":-0.15,"origin":[3.03899,32.8785,-5.03477],"pivot":[3.53442,33.26998,-4.15],"rotation":[0,-32.5,15],"size":[3,2,1],"uv":[33,0]},{"origin":[-4.0647,32.00852,-5],"pivot":[0,32.25,-4.5],"rotation":[0,0,-15],"size":[4,2,1],"uv":[0,0]},{"inflate":-0.15,"origin":[-6.03899,32.8785,-5.03477],"pivot":[-3.53442,33.26998,-4.15],"rotation":[0,32.5,-15],"size":[3,2,1],"uv":[0,6]}],"name":"Head","parent":"Body","pivot":[0,31,0],"rotation":[0,0,0]},{"cubes":[{"origin":[-6,0.75,-3],"size":[6,14,6],"uv":[42,77]},{"inflate":0.25,"origin":[-6,0.75,-3],"size":[6,14,6],"uv":[18,77]},{"origin":[-6,0.75,-5],"size":[6,3,2],"uv":[0,39]},{"inflate":0.125,"origin":[-6,0,-5],"size":[6,1,8],"uv":[66,42]}],"name":"RightLeg","parent":"chef","pivot":[-1.9,14,0]},{"cubes":[{"origin":[0,0.75,-3],"size":[6,14,6],"uv":[72,71]},{"inflate":0.25,"origin":[0,0.75,-3],"size":[6,14,6],"uv":[68,0]},{"origin":[0,0.75,-5],"size":[6,3,2],"uv":[36,26]},{"inflate":0.125,"origin":[0,0,-5],"size":[6,1,8],"uv":[33,0]}],"name":"LeftLeg","parent":"chef","pivot":[1.9,14,0]}],"description":{"identifier":"geometry.gustav","texture_height":128,"texture_width":128,"visible_bounds_height":4.5,"visible_bounds_offset":[0,1.75,0],"visible_bounds_width":3}}]}