{"format_version":"1.12.0","minecraft:geometry":[{"bones":[{"cubes":[{"origin":[-3,-1,-3],"size":[6,1,6],"uv":[0,12]},{"origin":[-4,0,-4],"size":[8,12,8],"uv":[0,27]},{"origin":[-5,11,-5],"size":[10,2,10],"uv":[0,0]},{"origin":[0,11,-5],"size":[0,8,19],"uv":[0,0]},{"origin":[-2,10,13],"size":[4,10,1],"uv":[32,27]}],"name":"hanginglamp","pivot":[0,0,0]}],"description":{"identifier":"geometry.hanginglamp","texture_height":64,"texture_width":64,"visible_bounds_height":2.5,"visible_bounds_offset":[0,0.75,0],"visible_bounds_width":3}}]}