{"format_version":"1.12.0","minecraft:geometry":[{"bones":[{"cubes":[{"origin":[-8.5,4.5,-16.5],"size":[17,1,33],"uv":[67,11]},{"origin":[-1,-0.5,-14.5],"size":[2,5,2],"uv":[0,0]},{"inflate":0.25,"origin":[-1,-0.275,-14.5],"size":[2,1,2],"uv":[24,14]},{"origin":[-8.5,17.5,-16.5],"size":[17,1,33],"uv":[0,44]},{"inflate":-0.025,"origin":[1.5,19.25,-4.5],"pivot":[1.5,23.25,12.5],"rotation":[0,0,46.5],"size":[7,4,18],"uv":[67,45]},{"origin":[-4.5,18.25,-4.5],"size":[6,5,18],"uv":[46,78]},{"origin":[6,15,-27.5],"size":[1,1,11],"uv":[24,94]},{"origin":[-7.5,14.75,-28.75],"size":[15,1.5,1.5],"uv":[0,28]},{"origin":[-7,15,-27.5],"size":[1,1,11],"uv":[89,90]},{"origin":[-7.5,14.5,-16.5],"size":[15,2,1],"uv":[0,25]},{"origin":[-8,5.5,-16],"size":[16,12,32],"uv":[0,0]},{"origin":[7,18.5,-16],"size":[1,23,1],"uv":[88,102]},{"origin":[-8,18.5,-16],"size":[1,23,1],"uv":[84,101]},{"origin":[7,18.5,15],"size":[1,23,1],"uv":[96,8]},{"origin":[-8,41.525,-16],"size":[16,0,32],"uv":[32,0]},{"origin":[-8,33.525,16.025],"size":[16,8,0],"uv":[91,67]},{"origin":[-8,33.525,-16.025],"size":[16,8,0],"uv":[96,0]},{"origin":[-8.025,33.525,-16],"size":[0,8,32],"uv":[0,54]},{"origin":[8.025,33.525,-16],"size":[0,8,32],"uv":[0,46]},{"origin":[-8,18.5,15],"size":[1,23,1],"uv":[80,101]}],"name":"cart","pivot":[0,4.5,8]},{"cubes":[{"mirror":true,"origin":[14.5,0.5,14],"pivot":[14.5,0.5,25],"rotation":[0,0,15],"size":[1,12,11],"uv":[134,1]},{"origin":[21,0.5,14],"pivot":[22,0.5,25],"rotation":[0,0,-15],"size":[1,12,11],"uv":[134,1]},{"mirror":true,"origin":[20.5,-0.5,13.5],"size":[2,1,12],"uv":[134,31]},{"mirror":true,"origin":[14,-0.5,13.5],"size":[2,1,12],"uv":[134,31]},{"mirror":true,"origin":[17.25,11.5,13.5],"size":[2,1,12],"uv":[134,31]}],"name":"bone6","parent":"cart","pivot":[18.25,0.5,25.5],"rotation":[0,17.5,0]},{"cubes":[{"origin":[-9.5,6.5,8.475],"pivot":[10,7,8.725],"rotation":[-90,0,0],"size":[19,1,1],"uv":[76,78]}],"name":"wheels","parent":"cart","pivot":[0,3,10.5]},{"cubes":[{"origin":[8.5,5.79919,17.20081],"pivot":[8.5,8.79919,9.20081],"rotation":[-90,0,0],"size":[1,5,1],"uv":[28,56]},{"origin":[8.5,-0.20081,6.20081],"pivot":[9.5,-0.20081,6.20081],"rotation":[62.5,0,0],"size":[1,3.48528,1],"uv":[0,94]},{"origin":[8.5,1.01472,1.5],"pivot":[9.5,4.5,1.5],"rotation":[27.5,0,0],"size":[1,3.48528,1],"uv":[20,94]},{"origin":[8.5,4.5,1.5],"size":[1,4.55,1],"uv":[24,56]},{"origin":[8.5,1.01472,14.90161],"pivot":[9.5,4.5,15.90161],"rotation":[-27.5,0,0],"size":[1,3.48528,1],"uv":[81,53]},{"origin":[8.5,-0.20081,10.20081],"pivot":[9.5,-0.20081,11.20081],"rotation":[-62.5,0,0],"size":[1,3.48528,1],"uv":[81,57]},{"origin":[8.5,9.05,1.5],"pivot":[9.5,9.05,1.5],"rotation":[-27.5,0,0],"size":[1,3.48528,1],"uv":[77,45]},{"origin":[8.5,11.90498,-0.49908],"pivot":[9.5,9.05,1.5],"rotation":[-62.5,0,0],"size":[1,3.48528,1],"uv":[76,80]},{"origin":[8.5,-0.65081,5.20081],"pivot":[9.5,9.05,1.5],"rotation":[90,0,0],"size":[1,5,1],"uv":[24,50]},{"origin":[8.5,-0.86941,9.149],"pivot":[9.5,9.05,1.5],"rotation":[62.5,0,0],"size":[1,3.48528,1],"uv":[81,45]},{"origin":[8.5,2.40008,13.27439],"pivot":[9.5,9.05,1.5],"rotation":[27.5,0,0],"size":[1,3.48528,1],"uv":[81,49]},{"origin":[8.5,4.5,14.90161],"size":[1,4.55,1],"uv":[28,50]},{"origin":[9,0.75,2.40161],"size":[0,12,12.5],"uv":[0,32]}],"name":"bone","parent":"wheels","pivot":[9,7,8.6516]},{"cubes":[{"mirror":true,"origin":[-9.5,5.79919,17.20081],"pivot":[-8.5,8.79919,9.20081],"rotation":[-90,0,0],"size":[1,5,1],"uv":[28,56]},{"mirror":true,"origin":[-9.5,-0.20081,6.20081],"pivot":[-9.5,-0.20081,6.20081],"rotation":[62.5,0,0],"size":[1,3.48528,1],"uv":[0,94]},{"mirror":true,"origin":[-9.5,1.01472,1.5],"pivot":[-9.5,4.5,1.5],"rotation":[27.5,0,0],"size":[1,3.48528,1],"uv":[20,94]},{"mirror":true,"origin":[-9.5,4.5,1.5],"size":[1,4.55,1],"uv":[24,56]},{"mirror":true,"origin":[-9.5,1.01472,14.90161],"pivot":[-9.5,4.5,15.90161],"rotation":[-27.5,0,0],"size":[1,3.48528,1],"uv":[81,53]},{"mirror":true,"origin":[-9.5,-0.20081,10.20081],"pivot":[-9.5,-0.20081,11.20081],"rotation":[-62.5,0,0],"size":[1,3.48528,1],"uv":[81,57]},{"mirror":true,"origin":[-9.5,9.05,1.5],"pivot":[-9.5,9.05,1.5],"rotation":[-27.5,0,0],"size":[1,3.48528,1],"uv":[77,45]},{"mirror":true,"origin":[-9.5,11.90498,-0.49908],"pivot":[-9.5,9.05,1.5],"rotation":[-62.5,0,0],"size":[1,3.48528,1],"uv":[76,80]},{"mirror":true,"origin":[-9.5,-0.65081,5.20081],"pivot":[-9.5,9.05,1.5],"rotation":[90,0,0],"size":[1,5,1],"uv":[24,50]},{"mirror":true,"origin":[-9.5,-0.86941,9.149],"pivot":[-9.5,9.05,1.5],"rotation":[62.5,0,0],"size":[1,3.48528,1],"uv":[81,45]},{"mirror":true,"origin":[-9.5,2.40008,13.27439],"pivot":[-9.5,9.05,1.5],"rotation":[27.5,0,0],"size":[1,3.48528,1],"uv":[81,49]},{"mirror":true,"origin":[-9.5,4.5,14.90161],"size":[1,4.55,1],"uv":[28,50]},{"mirror":true,"origin":[-9,0.75,2.40161],"size":[0,12,12.5],"uv":[0,32]}],"name":"bone2","parent":"wheels","pivot":[-9,7,8.6516]},{"cubes":[{"origin":[0,18.5,-5.75],"size":[1.5,4,1.5],"uv":[4,57]},{"origin":[0.25,21.75,-5.5],"size":[1,1,1],"uv":[28,23]}],"name":"bone3","parent":"cart","pivot":[0.75,23.375,-5],"rotation":[0,15,0]},{"cubes":[{"origin":[-2,18.5,-5.75],"size":[1.5,4,1.5],"uv":[0,57]},{"origin":[-1.75,21.75,-5.5],"size":[1,1,1],"uv":[24,23]}],"name":"bone4","parent":"cart","pivot":[-1.25,23.375,-5]},{"name":"seller","pivot":[-18,0,0],"rotation":[0,-90,0]},{"cubes":[{"origin":[-22,24,-4],"size":[8,8,8],"uv":[0,57]},{"origin":[-19,25,-5],"size":[2,4,1],"uv":[24,0]},{"inflate":0.25,"origin":[-22,31,-4],"size":[8,3,8],"uv":[0,0]},{"inflate":0.5,"origin":[-22,30,-4],"size":[8,2,8],"uv":[67,67]}],"name":"Head","parent":"seller","pivot":[-18,24,0]},{"name":"bone5","parent":"Head","pivot":[-16,33.94763,1.18705],"rotation":[-25,0,0]},{"cubes":[{"inflate":0,"origin":[-22,12,-2],"size":[8,12,4],"uv":[0,94]},{"inflate":0.5,"origin":[-22,12,-2],"size":[8,12,4],"uv":[76,80]}],"name":"Body","parent":"seller","pivot":[-18,12,0]},{"cubes":[{"origin":[-25,12,-2],"size":[3,12,4],"uv":[99,45]}],"name":"RightArm","parent":"seller","pivot":[-23,22,0]},{"cubes":[{"origin":[-14,12,-2],"size":[3,12,4],"uv":[67,45]}],"name":"LeftArm","parent":"seller","pivot":[-13,22,0]},{"name":"legs","parent":"seller","pivot":[-18,0,0]},{"cubes":[{"origin":[-21.75,0,-1.75],"size":[3.5,12,3.5],"uv":[92,102]},{"origin":[-21.75,0,-3.25],"size":[3.5,2,1.5],"uv":[24,11]},{"inflate":0.25,"origin":[-22.25,2.25,-2.25],"size":[4,9,4],"uv":[48,101]}],"name":"RightLeg","parent":"legs","pivot":[-19.9,12,0]},{"cubes":[{"origin":[-17.75,0,-1.75],"size":[3.5,12,3.5],"uv":[102,80]},{"origin":[-17.75,0,-3.25],"size":[3.5,2,1.5],"uv":[24,5]},{"inflate":0.25,"origin":[-17.75,2.25,-2.25],"size":[4,9,4],"uv":[64,101]}],"name":"LeftLeg","parent":"legs","pivot":[-16.1,12,0]}],"description":{"identifier":"geometry.icecreamseller","texture_height":256,"texture_width":256,"visible_bounds_height":4.5,"visible_bounds_offset":[0,1.75,0],"visible_bounds_width":5}}]}