{"format_version":"1.12.0","minecraft:geometry":[{"bones":[{"cubes":[{"origin":[-8,5,-8.5],"size":[16,19,16],"uv":{"down":{"uv":[32,16],"uv_size":[16,-16]},"east":{"uv":[0,16],"uv_size":[16,19]},"north":{"uv":[16,16],"uv_size":[16,19]},"south":{"uv":[48,16],"uv_size":[16,19]},"up":{"uv":[16,0],"uv_size":[16,16]},"west":{"uv":[32,16],"uv_size":[16,19]}}},{"origin":[7,25,-7.5],"pivot":[0,26.5,-0.5],"rotation":[0,-90,0],"size":[1,3,14],"uv":{"down":{"uv":[53,80],"uv_size":[1,-14]},"east":{"uv":[38,80],"uv_size":[14,3]},"north":{"uv":[52,80],"uv_size":[1,3]},"south":{"uv":[67,80],"uv_size":[1,3]},"up":{"uv":[52,66],"uv_size":[1,14]},"west":{"uv":[53,80],"uv_size":[14,3]}}},{"origin":[-7,24,-7.5],"size":[14,1,14],"uv":{"down":{"uv":[78,65],"uv_size":[14,-14]},"east":{"uv":[50,65],"uv_size":[14,1]},"north":{"uv":[64,65],"uv_size":[14,1]},"south":{"uv":[92,65],"uv_size":[14,1]},"up":{"uv":[64,51],"uv_size":[14,14]},"west":{"uv":[78,65],"uv_size":[14,1]}}},{"origin":[-8,25,-7.5],"pivot":[0,26.5,-0.5],"rotation":[0,-90,0],"size":[1,3,14],"uv":{"down":{"uv":[79,30],"uv_size":[1,-14]},"east":{"uv":[64,30],"uv_size":[14,3]},"north":{"uv":[78,30],"uv_size":[1,3]},"south":{"uv":[93,30],"uv_size":[1,3]},"up":{"uv":[78,16],"uv_size":[1,14]},"west":{"uv":[79,30],"uv_size":[14,3]}}},{"origin":[7,25,-8.5],"size":[1,3,16],"uv":{"down":{"uv":[35,73],"uv_size":[1,-16]},"east":{"uv":[18,73],"uv_size":[16,3]},"north":{"uv":[34,73],"uv_size":[1,3]},"south":{"uv":[51,73],"uv_size":[1,3]},"up":{"uv":[34,57],"uv_size":[1,16]},"west":{"uv":[35,73],"uv_size":[16,3]}}},{"origin":[-8,25,-8.5],"size":[1,3,16],"uv":{"down":{"uv":[17,70],"uv_size":[1,-16]},"east":{"uv":[0,70],"uv_size":[16,3]},"north":{"uv":[16,70],"uv_size":[1,3]},"south":{"uv":[33,70],"uv_size":[1,3]},"up":{"uv":[16,54],"uv_size":[1,16]},"west":{"uv":[17,70],"uv_size":[16,3]}}},{"origin":[-7,25,-7.5],"size":[14,2,14],"uv":{"down":{"uv":[76,49],"uv_size":[14,-14]},"east":{"uv":[48,49],"uv_size":[14,2]},"north":{"uv":[62,49],"uv_size":[14,2]},"south":{"uv":[90,49],"uv_size":[14,2]},"up":{"uv":[62,35],"uv_size":[14,14]},"west":{"uv":[76,49],"uv_size":[14,2]}}},{"origin":[-7,28,-7.5],"pivot":[0,28,6.5],"rotation":[-60,0,0],"size":[14,2,14],"uv":{"down":{"uv":[76,14],"uv_size":[14,-14]},"east":{"uv":[48,14],"uv_size":[14,2]},"north":{"uv":[62,14],"uv_size":[14,2]},"south":{"uv":[90,14],"uv_size":[14,2]},"up":{"uv":[62,0],"uv_size":[14,14]},"west":{"uv":[76,14],"uv_size":[14,2]}}},{"origin":[6,17,-2.5],"size":[3,8,4],"uv":{"down":{"uv":[7,4],"uv_size":[3,-4]},"east":{"uv":[0,4],"uv_size":[4,8]},"north":{"uv":[4,4],"uv_size":[3,8]},"south":{"uv":[11,4],"uv_size":[3,8]},"up":{"uv":[4,0],"uv_size":[3,4]},"west":{"uv":[7,4],"uv_size":[4,8]}}},{"inflate":0.1,"origin":[-8,5,-8.5],"size":[16,3,16],"uv":{"down":{"uv":[32,51],"uv_size":[16,-16]},"east":{"uv":[0,51],"uv_size":[16,3]},"north":{"uv":[16,51],"uv_size":[16,3]},"south":{"uv":[48,51],"uv_size":[16,3]},"up":{"uv":[16,35],"uv_size":[16,16]},"west":{"uv":[32,51],"uv_size":[16,3]}}},{"origin":[-9,17,-2.5],"size":[3,8,4],"uv":{"down":{"uv":[10,4],"uv_size":[-3,-4]},"east":{"uv":[11,4],"uv_size":[-4,8]},"north":{"uv":[7,4],"uv_size":[-3,8]},"south":{"uv":[14,4],"uv_size":[-3,8]},"up":{"uv":[7,0],"uv_size":[-3,4]},"west":{"uv":[4,4],"uv_size":[-4,8]}}},{"origin":[-10.86469,-0.13298,-8],"size":[4,7,1],"uv":{"down":{"uv":[13,36],"uv_size":[-6,-1]},"east":{"uv":[8,36],"uv_size":[-1,7]},"north":{"uv":[10,36],"uv_size":[4,7]},"south":{"uv":[14,36],"uv_size":[-4,7]},"up":{"uv":[7,35],"uv_size":[-6,1]},"west":{"uv":[1,36],"uv_size":[-1,7]}}},{"origin":[6.83969,-0.13298,-8],"size":[4,7,1],"uv":{"down":{"uv":[7,36],"uv_size":[6,-1]},"east":{"uv":[0,36],"uv_size":[1,7]},"north":{"uv":[14,36],"uv_size":[-4,7]},"south":{"uv":[10,36],"uv_size":[4,7]},"up":{"uv":[1,35],"uv_size":[6,1]},"west":{"uv":[7,36],"uv_size":[1,7]}}},{"origin":[-0.575,-0.13298,6.58969],"size":[1,7,4],"uv":{"down":{"uv":[7,36],"uv_size":[6,-1]},"east":{"uv":[10,36],"uv_size":[4,7]},"north":{"uv":[0,36],"uv_size":[1,7]},"south":{"uv":[7,36],"uv_size":[1,7]},"up":{"uv":[1,35],"uv_size":[6,1]},"west":{"uv":[14,36],"uv_size":[-4,7]}}}],"name":"tandooroven","pivot":[9.93969,3.84202,-7.5]}],"description":{"identifier":"geometry.indian_tandoor_oven","texture_height":128,"texture_width":128,"visible_bounds_height":5,"visible_bounds_offset":[0,1.5,0],"visible_bounds_width":3}}]}