{"format_version":"1.12.0","minecraft:geometry":[{"bones":[{"cubes":[{"origin":[-1,0,0],"size":[1,1,1],"uv":[0,0]}],"name":"bb_main","pivot":[0,0,0]},{"cubes":[{"origin":[-4,0,-4],"size":[8,6,8],"uv":[16,24]},{"origin":[-5,5,-4],"size":[1,3,8],"uv":[34,38]},{"origin":[4,5,-4],"size":[1,3,8],"uv":[0,0]},{"origin":[-5,5,-5],"pivot":[0,6.5,0],"rotation":[0,-90,0],"size":[1,3,10],"uv":[12,38]},{"origin":[4,5,-5],"pivot":[0,6.5,0],"rotation":[0,-90,0],"size":[1,3,10],"uv":[0,31]},{"origin":[-3,6,-3],"size":[6,18,6],"uv":[24,0]},{"origin":[0,8,-6],"size":[0,19,12],"uv":[0,0]},{"origin":[0,8,-6],"pivot":[0,17.5,0],"rotation":[0,-90,0],"size":[0,19,12],"uv":[0,0]},{"origin":[0,8,-6],"pivot":[0,17.5,0],"rotation":[-180,-45,180],"size":[0,19,12],"uv":[0,0]},{"origin":[0,8,-6],"pivot":[0,17.5,0],"rotation":[0,-45,0],"size":[0,19,12],"uv":[0,0]}],"name":"indian_plant","pivot":[0,17.5,0]}],"description":{"identifier":"geometry.indian_plant2","texture_height":64,"texture_width":64,"visible_bounds_height":3.5,"visible_bounds_offset":[0,1.25,0],"visible_bounds_width":2}}]}