{"format_version":"1.12.0","minecraft:geometry":[{"bones":[{"cubes":[{"origin":[-8,11,-8],"size":[16,2,17],"uv":{"down":{"uv":[16,17],"uv_size":[16,-17]},"east":{"uv":[20,39],"uv_size":[17,2]},"north":{"uv":[37,41],"uv_size":[16,2]},"south":{"uv":[20,43],"uv_size":[16,2]},"up":{"uv":[0,0],"uv_size":[16,17]},"west":{"uv":[37,39],"uv_size":[17,2]}}},{"inflate":-0.025,"origin":[6,17,-9],"size":[2,2,19],"uv":{"down":{"uv":[14,52],"uv_size":[2,-19]},"east":{"uv":[12,31],"uv_size":[19,2]},"north":{"uv":[26,56],"uv_size":[2,2]},"south":{"uv":[28,56],"uv_size":[2,2]},"up":{"uv":[12,33],"uv_size":[2,19]},"west":{"uv":[31,31],"uv_size":[19,2]}}},{"inflate":-0.025,"origin":[-8,17,-9],"size":[2,2,19],"uv":{"down":{"uv":[18,52],"uv_size":[2,-19]},"east":{"uv":[32,0],"uv_size":[19,2]},"north":{"uv":[56,46],"uv_size":[2,2]},"south":{"uv":[48,56],"uv_size":[2,2]},"up":{"uv":[16,33],"uv_size":[2,19]},"west":{"uv":[32,2],"uv_size":[19,2]}}},{"inflate":0.05,"origin":[-8,13,-8],"size":[1,4,2],"uv":{"down":{"uv":[57,22],"uv_size":[1,-2]},"east":{"uv":[10,48],"uv_size":[2,4]},"north":{"uv":[33,55],"uv_size":[1,4]},"south":{"uv":[30,56],"uv_size":[1,4]},"up":{"uv":[20,57],"uv_size":[1,2]},"west":{"uv":[32,51],"uv_size":[2,4]}}},{"inflate":0.05,"origin":[-8,13,-3],"size":[1,4,2],"uv":{"down":{"uv":[22,59],"uv_size":[1,-2]},"east":{"uv":[10,52],"uv_size":[2,4]},"north":{"uv":[56,30],"uv_size":[1,4]},"south":{"uv":[56,34],"uv_size":[1,4]},"up":{"uv":[21,57],"uv_size":[1,2]},"west":{"uv":[12,52],"uv_size":[2,4]}}},{"inflate":0.05,"origin":[-8,13,3],"size":[1,4,2],"uv":{"down":{"uv":[23,59],"uv_size":[1,-2]},"east":{"uv":[14,52],"uv_size":[2,4]},"north":{"uv":[56,38],"uv_size":[1,4]},"south":{"uv":[56,42],"uv_size":[1,4]},"up":{"uv":[57,22],"uv_size":[1,2]},"west":{"uv":[16,52],"uv_size":[2,4]}}},{"inflate":0.05,"origin":[7,13,-8],"size":[1,4,2],"uv":{"down":{"uv":[57,32],"uv_size":[1,-2]},"east":{"uv":[52,52],"uv_size":[2,4]},"north":{"uv":[56,52],"uv_size":[1,4]},"south":{"uv":[53,56],"uv_size":[1,4]},"up":{"uv":[57,28],"uv_size":[1,2]},"west":{"uv":[6,53],"uv_size":[2,4]}}},{"inflate":0.05,"origin":[7,13,3],"size":[1,4,2],"uv":{"down":{"uv":[57,28],"uv_size":[1,-2]},"east":{"uv":[48,52],"uv_size":[2,4]},"north":{"uv":[51,56],"uv_size":[1,4]},"south":{"uv":[52,56],"uv_size":[1,4]},"up":{"uv":[25,57],"uv_size":[1,2]},"west":{"uv":[50,52],"uv_size":[2,4]}}},{"inflate":0.05,"origin":[7,13,-3],"size":[1,4,2],"uv":{"down":{"uv":[57,26],"uv_size":[1,-2]},"east":{"uv":[18,52],"uv_size":[2,4]},"north":{"uv":[56,48],"uv_size":[1,4]},"south":{"uv":[50,56],"uv_size":[1,4]},"up":{"uv":[24,57],"uv_size":[1,2]},"west":{"uv":[52,45],"uv_size":[2,4]}}},{"origin":[-7,12,-7],"size":[14,2,14],"uv":{"down":{"uv":[14,31],"uv_size":[14,-14]},"east":{"uv":[20,45],"uv_size":[14,2]},"north":{"uv":[36,43],"uv_size":[14,2]},"south":{"uv":[34,45],"uv_size":[14,2]},"up":{"uv":[0,17],"uv_size":[14,14]},"west":{"uv":[20,47],"uv_size":[14,2]}}},{"inflate":0.025,"origin":[6,-0.2399,-9.3363],"pivot":[6.975,5.4851,-7.5113],"rotation":[-10.5,0,0],"size":[2,13,2],"uv":{"down":{"uv":[54,41],"uv_size":[2,-2]},"east":{"uv":[2,35],"uv_size":[2,13]},"north":{"uv":[0,35],"uv_size":[2,13]},"south":{"uv":[4,35],"uv_size":[2,13]},"up":{"uv":[29,54],"uv_size":[2,2]},"west":{"uv":[6,35],"uv_size":[2,13]}}},{"inflate":0.025,"origin":[6,-0.04742,7.88434],"pivot":[7,5.67758,9.70934],"rotation":[4.5,0,0],"size":[2,13,2],"uv":{"down":{"uv":[57,2],"uv_size":[2,-2]},"east":{"uv":[10,35],"uv_size":[2,13]},"north":{"uv":[8,35],"uv_size":[2,13]},"south":{"uv":[34,47],"uv_size":[2,13]},"up":{"uv":[56,56],"uv_size":[2,2]},"west":{"uv":[36,47],"uv_size":[2,13]}}},{"inflate":0.025,"origin":[-8,-0.04742,7.88434],"pivot":[-7,5.67758,9.70934],"rotation":[4.5,0,0],"size":[2,13,2],"uv":{"down":{"uv":[57,20],"uv_size":[2,-2]},"east":{"uv":[0,48],"uv_size":[2,13]},"north":{"uv":[46,47],"uv_size":[2,13]},"south":{"uv":[2,48],"uv_size":[2,13]},"up":{"uv":[57,16],"uv_size":[2,2]},"west":{"uv":[4,48],"uv_size":[2,13]}}},{"inflate":0.025,"origin":[-8,-0.2399,-9.3363],"pivot":[-6.975,5.4851,-7.5113],"rotation":[-10.5,0,0],"size":[2,13,2],"uv":{"down":{"uv":[6,59],"uv_size":[2,-2]},"east":{"uv":[40,47],"uv_size":[2,13]},"north":{"uv":[38,47],"uv_size":[2,13]},"south":{"uv":[42,47],"uv_size":[2,13]},"up":{"uv":[57,2],"uv_size":[2,2]},"west":{"uv":[44,47],"uv_size":[2,13]}}},{"origin":[-6,14,4.5],"pivot":[0,16.5,5.5],"rotation":[-20,0,0],"size":[12,5,4],"uv":{"down":{"uv":[0,35],"uv_size":[12,-4]},"east":{"uv":[6,48],"uv_size":[4,5]},"north":{"uv":[28,17],"uv_size":[12,5]},"south":{"uv":[28,22],"uv_size":[12,5]},"up":{"uv":[28,27],"uv_size":[12,4]},"west":{"uv":[48,45],"uv_size":[4,5]}}}],"name":"indianchair","pivot":[0,0,0]},{"cubes":[{"origin":[3.27457,28,11.025],"pivot":[5.27457,29,12.025],"rotation":[0,0,27.5],"size":[6,2,2],"uv":{"down":{"uv":[51,2],"uv_size":[6,-2]},"east":{"uv":[54,49],"uv_size":[2,2]},"north":{"uv":[50,30],"uv_size":[6,2]},"south":{"uv":[50,43],"uv_size":[6,2]},"up":{"uv":[48,50],"uv_size":[6,2]},"west":{"uv":[54,51],"uv_size":[2,2]}}},{"inflate":0.025,"origin":[-11.16158,25.53825,11.025],"pivot":[-10.16158,28.53825,12.025],"rotation":[0,0,-45],"size":[3,3,2],"uv":{"down":{"uv":[53,43],"uv_size":[3,-2]},"east":{"uv":[8,53],"uv_size":[2,3]},"north":{"uv":[20,51],"uv_size":[3,3]},"south":{"uv":[23,51],"uv_size":[3,3]},"up":{"uv":[51,2],"uv_size":[3,2]},"west":{"uv":[20,54],"uv_size":[2,3]}}},{"inflate":0.025,"origin":[8.16158,25.53825,11.025],"pivot":[10.16158,28.53825,12.025],"rotation":[0,0,45],"size":[3,3,2],"uv":{"down":{"uv":[26,56],"uv_size":[3,-2]},"east":{"uv":[22,54],"uv_size":[2,3]},"north":{"uv":[26,51],"uv_size":[3,3]},"south":{"uv":[29,51],"uv_size":[3,3]},"up":{"uv":[54,2],"uv_size":[3,2]},"west":{"uv":[24,54],"uv_size":[2,3]}}},{"inflate":0.025,"origin":[-4.0377,28.81051,11.025],"size":[8,2,2],"uv":{"down":{"uv":[50,10],"uv_size":[8,-2]},"east":{"uv":[54,53],"uv_size":[2,2]},"north":{"uv":[20,49],"uv_size":[8,2]},"south":{"uv":[50,4],"uv_size":[8,2]},"up":{"uv":[50,6],"uv_size":[8,2]},"west":{"uv":[31,55],"uv_size":[2,2]}}},{"origin":[-9.35,28,11.025],"pivot":[-5.35,29,12.025],"rotation":[0,0,-27.5],"size":[6,2,2],"uv":{"down":{"uv":[50,16],"uv_size":[6,-2]},"east":{"uv":[54,45],"uv_size":[2,2]},"north":{"uv":[28,49],"uv_size":[6,2]},"south":{"uv":[50,10],"uv_size":[6,2]},"up":{"uv":[50,12],"uv_size":[6,2]},"west":{"uv":[54,47],"uv_size":[2,2]}}},{"inflate":-0.15,"origin":[-22.05,23.74371,10.89407],"pivot":[-8.05,25.74371,11.89407],"rotation":[0,0,-90],"size":[17,2,2],"uv":{"down":{"uv":[40,24],"uv_size":[17,-2]},"east":{"uv":[54,55],"uv_size":[2,2]},"north":{"uv":[40,16],"uv_size":[17,2]},"south":{"uv":[40,18],"uv_size":[17,2]},"up":{"uv":[40,20],"uv_size":[17,2]},"west":{"uv":[8,56],"uv_size":[2,2]}}},{"inflate":-0.15,"origin":[5.05,23.74371,10.89407],"pivot":[8.05,25.74371,11.89407],"rotation":[0,0,90],"size":[17,2,2],"uv":{"down":{"uv":[20,43],"uv_size":[17,-2]},"east":{"uv":[10,56],"uv_size":[2,2]},"north":{"uv":[40,24],"uv_size":[17,2]},"south":{"uv":[40,26],"uv_size":[17,2]},"up":{"uv":[40,28],"uv_size":[17,2]},"west":{"uv":[56,10],"uv_size":[2,2]}}},{"inflate":-0.175,"origin":[4.05,20.74371,10.89407],"pivot":[8.05,25.74371,11.89407],"rotation":[0,0,90],"size":[18,2,2],"uv":{"down":{"uv":[32,12],"uv_size":[18,-2]},"east":{"uv":[12,56],"uv_size":[2,2]},"north":{"uv":[32,4],"uv_size":[18,2]},"south":{"uv":[32,6],"uv_size":[18,2]},"up":{"uv":[32,8],"uv_size":[18,2]},"west":{"uv":[56,12],"uv_size":[2,2]}}},{"inflate":-0.175,"origin":[4.05,12.74371,10.89407],"pivot":[8.05,25.74371,11.89407],"rotation":[0,0,90],"size":[18,2,2],"uv":{"down":{"uv":[20,37],"uv_size":[18,-2]},"east":{"uv":[14,56],"uv_size":[2,2]},"north":{"uv":[32,12],"uv_size":[18,2]},"south":{"uv":[32,14],"uv_size":[18,2]},"up":{"uv":[20,33],"uv_size":[18,2]},"west":{"uv":[56,14],"uv_size":[2,2]}}},{"inflate":-0.175,"origin":[4.05,16.74371,10.89407],"pivot":[8.05,25.74371,11.89407],"rotation":[0,0,90],"size":[18,2,2],"uv":{"down":{"uv":[38,39],"uv_size":[18,-2]},"east":{"uv":[16,56],"uv_size":[2,2]},"north":{"uv":[20,37],"uv_size":[18,2]},"south":{"uv":[38,33],"uv_size":[18,2]},"up":{"uv":[38,35],"uv_size":[18,2]},"west":{"uv":[18,56],"uv_size":[2,2]}}}],"name":"bone","parent":"indianchair","pivot":[-5.35,29,12.025],"rotation":[-12.5,0,0]}],"description":{"identifier":"geometry.indian_chair","texture_height":64,"texture_width":64,"visible_bounds_height":3.5,"visible_bounds_offset":[0,1.25,0],"visible_bounds_width":4}}]}