{"format_version":"1.12.0","minecraft:geometry":[{"bones":[{"name":"indianplant","pivot":[0,19.85675,8.06061]},{"name":"bone2","parent":"indianplant","pivot":[0,26.5,0]},{"cubes":[{"origin":[-5.5,16.82031,-18.26919],"pivot":[0,19.58523,0],"rotation":[-17.5,-40,0],"size":[11,0,19],"uv":{"down":{"uv":[128,128],"uv_size":[0,0]},"east":{"uv":[0,0],"uv_size":[19,0]},"north":{"uv":[0,0],"uv_size":[11,0]},"south":{"uv":[0,0],"uv_size":[11,0]},"up":{"uv":[32,0],"uv_size":[11,19]},"west":{"uv":[0,0],"uv_size":[19,0]}}},{"origin":[-18.26919,16.82031,-5.5],"pivot":[0,19.58523,0],"rotation":[-14.1614,-37.80946,22.37174],"size":[19,0,11],"uv":{"down":{"uv":[128,128],"uv_size":[0,0]},"east":{"uv":[0,0],"uv_size":[11,0]},"north":{"uv":[0,0],"uv_size":[19,0]},"south":{"uv":[0,0],"uv_size":[19,0]},"up":{"uv":[32,38],"uv_size":[19,11]},"west":{"uv":[0,0],"uv_size":[11,0]}}},{"origin":[-5.5,16.82031,-0.73081],"pivot":[0,19.58523,0],"rotation":[17.5,-40,0],"size":[11,0,19],"uv":{"down":{"uv":[128,128],"uv_size":[-2,0]},"east":{"uv":[0,0],"uv_size":[19,0]},"north":{"uv":[0,0],"uv_size":[11,0]},"south":{"uv":[0,0],"uv_size":[11,0]},"up":{"uv":[43,11],"uv_size":[11,19]},"west":{"uv":[0,0],"uv_size":[19,0]}}},{"origin":[-0.73081,16.82031,-5.5],"pivot":[0,19.58523,0],"rotation":[14.1614,-37.80946,-22.37174],"size":[19,0,11],"uv":{"down":{"uv":[122,128],"uv_size":[6,-1]},"east":{"uv":[0,0],"uv_size":[11,0]},"north":{"uv":[0,0],"uv_size":[19,0]},"south":{"uv":[0,0],"uv_size":[19,0]},"up":{"uv":[27,49],"uv_size":[19,11]},"west":{"uv":[0,0],"uv_size":[11,0]}}},{"origin":[-0.43939,17.25675,-5.5],"pivot":[8.06061,19.85675,0],"rotation":[0,0,-2.5],"size":[19,0,11],"uv":{"down":{"uv":[128,128],"uv_size":[0,-1]},"east":{"uv":[0,0],"uv_size":[11,0]},"north":{"uv":[0,0],"uv_size":[19,0]},"south":{"uv":[0,0],"uv_size":[19,0]},"up":{"uv":[51,30],"uv_size":[19,11]},"west":{"uv":[0,0],"uv_size":[11,0]}}},{"origin":[-5.5,17.25675,-18.56061],"pivot":[0,19.85675,-8.06061],"rotation":[-2.5,0,0],"size":[11,0,19],"uv":{"down":{"uv":[128,128],"uv_size":[0,0]},"east":{"uv":[0,0],"uv_size":[19,0]},"north":{"uv":[0,0],"uv_size":[11,0]},"south":{"uv":[0,0],"uv_size":[11,0]},"up":{"uv":[0,47],"uv_size":[11,19]},"west":{"uv":[0,0],"uv_size":[19,0]}}},{"origin":[-18.56061,17.25675,-5.5],"pivot":[-8.06061,19.85675,0],"rotation":[0,0,2.5],"size":[19,0,11],"uv":{"down":{"uv":[128,128],"uv_size":[0,0]},"east":{"uv":[0,0],"uv_size":[11,0]},"north":{"uv":[0,0],"uv_size":[19,0]},"south":{"uv":[0,0],"uv_size":[19,0]},"up":{"uv":[38,60],"uv_size":[19,11]},"west":{"uv":[0,0],"uv_size":[11,0]}}},{"origin":[-5.5,17.25675,-0.43939],"pivot":[0,19.85675,8.06061],"rotation":[2.5,0,0],"size":[11,0,19],"uv":{"down":{"uv":[128,128],"uv_size":[0,-3]},"east":{"uv":[0,0],"uv_size":[19,0]},"north":{"uv":[0,0],"uv_size":[11,0]},"south":{"uv":[0,0],"uv_size":[11,0]},"up":{"uv":[11,64],"uv_size":[11,19]},"west":{"uv":[0,0],"uv_size":[19,0]}}}],"name":"plant","parent":"bone2","pivot":[0,19.85675,8.06061]},{"cubes":[{"origin":[6,12,-4.5],"size":[0,23,9],"uv":{"down":{"uv":[0,9],"uv_size":[0,-9]},"east":{"uv":[128,128],"uv_size":[-2,-1]},"north":{"uv":[0,0],"uv_size":[0,23]},"south":{"uv":[0,0],"uv_size":[0,23]},"up":{"uv":[0,0],"uv_size":[0,9]},"west":{"uv":[22,79],"uv_size":[9,23]}}},{"origin":[6,12,-4.5],"pivot":[6,23.5,0],"rotation":[0,-87.5,0],"size":[0,23,9],"uv":{"down":{"uv":[0,9],"uv_size":[0,-9]},"east":{"uv":[128,127],"uv_size":[0,1]},"north":{"uv":[0,0],"uv_size":[0,23]},"south":{"uv":[0,0],"uv_size":[0,23]},"up":{"uv":[0,0],"uv_size":[0,9]},"west":{"uv":[128,128],"uv_size":[0,0]}}},{"origin":[6,12,-4.5],"pivot":[6,-3,0],"rotation":[0,40,0],"size":[0,23,9],"uv":{"down":{"uv":[0,9],"uv_size":[0,-9]},"east":{"uv":[128,128],"uv_size":[-3,0]},"north":{"uv":[0,0],"uv_size":[0,23]},"south":{"uv":[0,0],"uv_size":[0,23]},"up":{"uv":[0,0],"uv_size":[0,9]},"west":{"uv":[85,23],"uv_size":[9,23]}}},{"origin":[6,12,-4.5],"pivot":[6,23.5,0],"rotation":[0,-47.5,0],"size":[0,23,9],"uv":{"down":{"uv":[0,9],"uv_size":[0,-9]},"east":{"uv":[128,128],"uv_size":[0,0]},"north":{"uv":[0,0],"uv_size":[0,23]},"south":{"uv":[0,0],"uv_size":[0,23]},"up":{"uv":[0,0],"uv_size":[0,9]},"west":{"uv":[0,89],"uv_size":[9,23]}}}],"name":"bone3","parent":"plant","pivot":[6,23.5,0],"rotation":[0,0,22.5]},{"cubes":[{"origin":[0,12,-4.5],"size":[0,23,9],"uv":{"down":{"uv":[0,9],"uv_size":[0,-9]},"east":{"uv":[128,128],"uv_size":[-2,-1]},"north":{"uv":[0,0],"uv_size":[0,23]},"south":{"uv":[0,0],"uv_size":[0,23]},"up":{"uv":[0,0],"uv_size":[0,9]},"west":{"uv":[22,79],"uv_size":[9,23]}}},{"origin":[0,12,-4.5],"pivot":[0,23.5,0],"rotation":[0,-87.5,0],"size":[0,23,9],"uv":{"down":{"uv":[0,9],"uv_size":[0,-9]},"east":{"uv":[128,127],"uv_size":[0,1]},"north":{"uv":[0,0],"uv_size":[0,23]},"south":{"uv":[0,0],"uv_size":[0,23]},"up":{"uv":[0,0],"uv_size":[0,9]},"west":{"uv":[128,128],"uv_size":[0,0]}}},{"origin":[0,12,-4.5],"pivot":[0,-3,0],"rotation":[0,40,0],"size":[0,23,9],"uv":{"down":{"uv":[0,9],"uv_size":[0,-9]},"east":{"uv":[128,128],"uv_size":[-3,0]},"north":{"uv":[0,0],"uv_size":[0,23]},"south":{"uv":[0,0],"uv_size":[0,23]},"up":{"uv":[0,0],"uv_size":[0,9]},"west":{"uv":[85,23],"uv_size":[9,23]}}},{"origin":[0,12,-4.5],"pivot":[0,23.5,0],"rotation":[0,-47.5,0],"size":[0,23,9],"uv":{"down":{"uv":[0,9],"uv_size":[0,-9]},"east":{"uv":[128,128],"uv_size":[0,0]},"north":{"uv":[0,0],"uv_size":[0,23]},"south":{"uv":[0,0],"uv_size":[0,23]},"up":{"uv":[0,0],"uv_size":[0,9]},"west":{"uv":[0,89],"uv_size":[9,23]}}}],"name":"bone5","parent":"plant","pivot":[0,23.5,0],"rotation":[0,0,2.5]},{"cubes":[{"origin":[-6,12,-4.5],"size":[0,23,9],"uv":{"down":{"uv":[0,9],"uv_size":[0,-9]},"east":{"uv":[128,128],"uv_size":[-2,-1]},"north":{"uv":[0,0],"uv_size":[0,23]},"south":{"uv":[0,0],"uv_size":[0,23]},"up":{"uv":[0,0],"uv_size":[0,9]},"west":{"uv":[22,79],"uv_size":[9,23]}}},{"origin":[-6,12,-4.5],"pivot":[-6,23.5,0],"rotation":[0,-87.5,0],"size":[0,23,9],"uv":{"down":{"uv":[0,9],"uv_size":[0,-9]},"east":{"uv":[128,127],"uv_size":[0,1]},"north":{"uv":[0,0],"uv_size":[0,23]},"south":{"uv":[0,0],"uv_size":[0,23]},"up":{"uv":[0,0],"uv_size":[0,9]},"west":{"uv":[128,128],"uv_size":[0,0]}}},{"origin":[-6,12,-4.5],"pivot":[-6,-3,0],"rotation":[0,40,0],"size":[0,23,9],"uv":{"down":{"uv":[0,9],"uv_size":[0,-9]},"east":{"uv":[128,128],"uv_size":[-3,0]},"north":{"uv":[0,0],"uv_size":[0,23]},"south":{"uv":[0,0],"uv_size":[0,23]},"up":{"uv":[0,0],"uv_size":[0,9]},"west":{"uv":[85,23],"uv_size":[9,23]}}},{"origin":[-6,12,-4.5],"pivot":[-6,23.5,0],"rotation":[0,-47.5,0],"size":[0,23,9],"uv":{"down":{"uv":[0,9],"uv_size":[0,-9]},"east":{"uv":[128,128],"uv_size":[0,0]},"north":{"uv":[0,0],"uv_size":[0,23]},"south":{"uv":[0,0],"uv_size":[0,23]},"up":{"uv":[0,0],"uv_size":[0,9]},"west":{"uv":[0,89],"uv_size":[9,23]}}}],"name":"bone6","parent":"plant","pivot":[-6,23.5,0],"rotation":[0,0,-22.5]},{"name":"bone4","parent":"plant","pivot":[-6,23.5,-3.125],"rotation":[17.5,0,-22.5]},{"cubes":[{"origin":[-7,15,-7],"size":[14,2,14],"uv":{"down":{"uv":[63,108],"uv_size":[14,-14]},"east":{"uv":[51,43],"uv_size":[14,2]},"north":{"uv":[51,41],"uv_size":[14,2]},"south":{"uv":[51,45],"uv_size":[14,2]},"up":{"uv":[49,94],"uv_size":[14,14]},"west":{"uv":[51,47],"uv_size":[14,2]}}},{"origin":[-8,0,-8],"size":[16,15,16],"uv":{"down":{"uv":[0,32],"uv_size":[16,-16]},"east":{"uv":[16,15],"uv_size":[16,15]},"north":{"uv":[16,0],"uv_size":[16,15]},"south":{"uv":[16,30],"uv_size":[16,15]},"up":{"uv":[0,0],"uv_size":[16,16]},"west":{"uv":[0,32],"uv_size":[16,15]}}}],"name":"pot","parent":"indianplant","pivot":[0,0,0]}],"description":{"identifier":"geometry.indian_plant","texture_height":128,"texture_width":128,"visible_bounds_height":3.5,"visible_bounds_offset":[0,1.25,0],"visible_bounds_width":4}}]}