{"format_version":"1.12.0","minecraft:geometry":[{"bones":[{"cubes":[{"origin":[-25,3,-1],"size":[2,51,3],"uv":[10,48]},{"mirror":true,"origin":[23,3,-1],"size":[2,51,3],"uv":[10,48]},{"origin":[22,50,-2],"size":[6,6,5],"uv":[62,65]},{"origin":[-28,50,-2],"size":[6,6,5],"uv":[62,65]},{"origin":[-28,2,-2],"size":[6,6,5],"uv":[62,65]},{"origin":[22,2,-2],"size":[6,6,5],"uv":[62,65]},{"origin":[23,5,-1],"pivot":[0,28.5,0.5],"rotation":[0,0,90],"size":[2,47,3],"uv":[20,48]},{"origin":[-25,5,-1],"pivot":[0,28.5,0.5],"rotation":[0,0,90],"size":[2,47,3],"uv":[30,48]},{"origin":[-23,5,0],"size":[47,47,1],"uv":[0,0]}],"name":"indian_tapestry","pivot":[0,28.5,0.5]}],"description":{"identifier":"geometry.indian_tapestry","texture_height":128,"texture_width":128,"visible_bounds_height":4.5,"visible_bounds_offset":[0,1.75,0],"visible_bounds_width":5}}]}