{"format_version":"1.12.0","minecraft:geometry":[{"bones":[{"cubes":[{"origin":[-33,23,-33],"size":[66,2,66],"uv":{"down":{"uv":[0,132],"uv_size":[66,-66]},"east":{"uv":[225,156],"uv_size":[66,2]},"north":{"uv":[222,122],"uv_size":[66,2]},"south":{"uv":[226,34],"uv_size":[66,2]},"up":{"uv":[0,0],"uv_size":[66,66]},"west":{"uv":[226,36],"uv_size":[66,2]}}},{"origin":[-10,28,-11],"size":[21,29,22],"uv":{"down":{"uv":[0,230],"uv_size":[21,-22]},"east":{"uv":[148,176],"uv_size":[22,29]},"north":{"uv":[186,0],"uv_size":[21,29]},"south":{"uv":[188,132],"uv_size":[21,29]},"up":{"uv":[207,0],"uv_size":[21,22]},"west":{"uv":[170,176],"uv_size":[22,29]}}},{"origin":[-29,25,-30],"size":[58,3,60],"uv":{"down":{"uv":[66,120],"uv_size":[58,-60]},"east":{"uv":[207,22],"uv_size":[60,3]},"north":{"uv":[226,28],"uv_size":[58,3]},"south":{"uv":[226,31],"uv_size":[58,3]},"up":{"uv":[66,0],"uv_size":[58,60]},"west":{"uv":[207,25],"uv_size":[60,3]}}},{"origin":[-16,76,-16],"size":[32,8,32],"uv":{"down":{"uv":[0,208],"uv_size":[32,-32]},"east":{"uv":[218,158],"uv_size":[32,8]},"north":{"uv":[218,90],"uv_size":[32,8]},"south":{"uv":[218,166],"uv_size":[32,8]},"up":{"uv":[168,100],"uv_size":[32,32]},"west":{"uv":[214,218],"uv_size":[32,8]}}},{"origin":[-11,84,-12],"size":[22,4,24],"uv":{"down":{"uv":[96,226],"uv_size":[22,-24]},"east":{"uv":[37,220],"uv_size":[24,4]},"north":{"uv":[228,6],"uv_size":[22,4]},"south":{"uv":[228,10],"uv_size":[22,4]},"up":{"uv":[200,100],"uv_size":[22,24]},"west":{"uv":[137,227],"uv_size":[24,4]}}},{"origin":[-7,88,-8],"size":[14,2,16],"uv":{"down":{"uv":[225,156],"uv_size":[14,-16]},"east":{"uv":[239,150],"uv_size":[16,2]},"north":{"uv":[242,64],"uv_size":[14,2]},"south":{"uv":[242,66],"uv_size":[14,2]},"up":{"uv":[118,224],"uv_size":[14,16]},"west":{"uv":[239,152],"uv_size":[16,2]}}},{"origin":[-13,54,-13],"size":[26,4,26],"uv":{"down":{"uv":[122,202],"uv_size":[26,-26]},"east":{"uv":[227,126],"uv_size":[26,4]},"north":{"uv":[91,226],"uv_size":[26,4]},"south":{"uv":[227,130],"uv_size":[26,4]},"up":{"uv":[96,176],"uv_size":[26,26]},"west":{"uv":[227,134],"uv_size":[26,4]}}},{"origin":[-4,90,-4],"size":[8,7,8],"uv":{"down":{"uv":[232,65],"uv_size":[8,-8]},"east":{"uv":[232,65],"uv_size":[8,7]},"north":{"uv":[178,154],"uv_size":[8,7]},"south":{"uv":[232,203],"uv_size":[8,7]},"up":{"uv":[153,231],"uv_size":[8,8]},"west":{"uv":[232,210],"uv_size":[8,7]}}},{"origin":[-27,43,-9],"pivot":[-19,45,0],"rotation":[0,0,-17.5],"size":[16,3,18],"uv":{"down":{"uv":[21,226],"uv_size":[16,-18]},"east":{"uv":[232,72],"uv_size":[18,3]},"north":{"uv":[50,172],"uv_size":[16,3]},"south":{"uv":[161,233],"uv_size":[16,3]},"up":{"uv":[50,154],"uv_size":[16,18]},"west":{"uv":[233,228],"uv_size":[18,3]}}},{"origin":[-31,-1,-28],"size":[62,2,56],"uv":{"down":{"uv":[124,56],"uv_size":[62,-56]},"east":{"uv":[213,226],"uv_size":[56,2]},"north":{"uv":[226,38],"uv_size":[62,2]},"south":{"uv":[226,40],"uv_size":[62,2]},"up":{"uv":[66,120],"uv_size":[62,56]},"west":{"uv":[227,124],"uv_size":[56,2]}}},{"origin":[-9,16,-41],"pivot":[0,18,-33],"rotation":[17.5,0,0],"size":[18,3,15],"uv":{"down":{"uv":[218,90],"uv_size":[18,-15]},"east":{"uv":[233,236],"uv_size":[15,3]},"north":{"uv":[233,231],"uv_size":[18,3]},"south":{"uv":[234,174],"uv_size":[18,3]},"up":{"uv":[214,203],"uv_size":[18,15]},"west":{"uv":[239,14],"uv_size":[15,3]}}},{"origin":[-7.975,0.9417,-39.39845],"size":[2,15,2],"uv":{"down":{"uv":[212,55],"uv_size":[2,-2]},"east":{"uv":[164,78],"uv_size":[2,15]},"north":{"uv":[64,132],"uv_size":[2,15]},"south":{"uv":[166,78],"uv_size":[2,15]},"up":{"uv":[210,53],"uv_size":[2,2]},"west":{"uv":[189,205],"uv_size":[2,15]}}},{"origin":[5.975,0.9417,-39.39845],"size":[2,15,2],"uv":{"down":{"uv":[216,77],"uv_size":[2,-2]},"east":{"uv":[66,232],"uv_size":[2,15]},"north":{"uv":[115,230],"uv_size":[2,15]},"south":{"uv":[186,234],"uv_size":[2,15]},"up":{"uv":[214,75],"uv_size":[2,2]},"west":{"uv":[46,239],"uv_size":[2,15]}}},{"origin":[-12,-1,-40],"size":[24,2,12],"uv":{"down":{"uv":[37,220],"uv_size":[24,-12]},"east":{"uv":[242,68],"uv_size":[12,2]},"north":{"uv":[227,138],"uv_size":[24,2]},"south":{"uv":[233,234],"uv_size":[24,2]},"up":{"uv":[186,43],"uv_size":[24,12]},"west":{"uv":[242,70],"uv_size":[12,2]}}},{"origin":[-30,1,27],"size":[60,22,0],"uv":{"down":{"uv":[0,0],"uv_size":[60,0]},"east":{"uv":[0,0],"uv_size":[0,22]},"north":{"uv":[0,132],"uv_size":[60,22]},"south":{"uv":[128,132],"uv_size":[60,22]},"up":{"uv":[0,0],"uv_size":[60,0]},"west":{"uv":[0,0],"uv_size":[0,22]}}},{"origin":[-30,1,-27],"size":[22,22,0],"uv":{"down":{"uv":[0,0],"uv_size":[22,0]},"east":{"uv":[0,0],"uv_size":[0,22]},"north":{"uv":[118,202],"uv_size":[22,22]},"south":{"uv":[192,203],"uv_size":[22,22]},"up":{"uv":[0,0],"uv_size":[22,0]},"west":{"uv":[0,0],"uv_size":[0,22]}}},{"origin":[-8,17,-27],"size":[16,6,2],"uv":{"down":{"uv":[233,241],"uv_size":[16,-2]},"east":{"uv":[64,147],"uv_size":[2,6]},"north":{"uv":[161,227],"uv_size":[16,6]},"south":{"uv":[228,0],"uv_size":[16,6]},"up":{"uv":[239,154],"uv_size":[16,2]},"west":{"uv":[186,154],"uv_size":[2,6]}}},{"inflate":0.05,"origin":[-30,1,-27],"size":[4,22,4],"uv":{"down":{"uv":[244,61],"uv_size":[4,-4]},"east":{"uv":[60,132],"uv_size":[4,22]},"north":{"uv":[124,94],"uv_size":[4,22]},"south":{"uv":[177,227],"uv_size":[4,22]},"up":{"uv":[124,116],"uv_size":[4,4]},"west":{"uv":[213,228],"uv_size":[4,22]}}},{"inflate":0.05,"origin":[-12,1,-27],"size":[4,22,4],"uv":{"down":{"uv":[244,203],"uv_size":[4,-4]},"east":{"uv":[221,228],"uv_size":[4,22]},"north":{"uv":[217,228],"uv_size":[4,22]},"south":{"uv":[225,228],"uv_size":[4,22]},"up":{"uv":[244,195],"uv_size":[4,4]},"west":{"uv":[229,228],"uv_size":[4,22]}}},{"inflate":-0.025,"origin":[-24,-0.925,-32],"size":[9,8,5],"uv":{"down":{"uv":[37,244],"uv_size":[9,-5]},"east":{"uv":[181,234],"uv_size":[5,8]},"north":{"uv":[200,124],"uv_size":[9,8]},"south":{"uv":[48,232],"uv_size":[9,8]},"up":{"uv":[239,17],"uv_size":[9,5]},"west":{"uv":[153,239],"uv_size":[5,8]}}},{"origin":[-25,-0.925,-33],"size":[11,2,7],"uv":{"down":{"uv":[230,203],"uv_size":[11,-7]},"east":{"uv":[140,202],"uv_size":[7,2]},"north":{"uv":[242,210],"uv_size":[11,2]},"south":{"uv":[242,212],"uv_size":[11,2]},"up":{"uv":[228,14],"uv_size":[11,7]},"west":{"uv":[209,158],"uv_size":[7,2]}}},{"inflate":-0.025,"origin":[15,-0.925,-32],"size":[9,8,5],"uv":{"down":{"uv":[239,150],"uv_size":[9,-5]},"east":{"uv":[158,239],"uv_size":[5,8]},"north":{"uv":[232,49],"uv_size":[9,8]},"south":{"uv":[57,232],"uv_size":[9,8]},"up":{"uv":[239,140],"uv_size":[9,5]},"west":{"uv":[163,239],"uv_size":[5,8]}}},{"origin":[14,-0.925,-33],"size":[11,2,7],"uv":{"down":{"uv":[232,49],"uv_size":[11,-7]},"east":{"uv":[244,61],"uv_size":[7,2]},"north":{"uv":[242,214],"uv_size":[11,2]},"south":{"uv":[242,216],"uv_size":[11,2]},"up":{"uv":[37,232],"uv_size":[11,7]},"west":{"uv":[244,207],"uv_size":[7,2]}}},{"inflate":0.025,"origin":[9,28,-13],"size":[4,29,5],"uv":{"down":{"uv":[210,53],"uv_size":[4,-5]},"east":{"uv":[184,205],"uv_size":[5,29]},"north":{"uv":[209,225],"uv_size":[4,29]},"south":{"uv":[21,226],"uv_size":[4,29]},"up":{"uv":[210,43],"uv_size":[4,5]},"west":{"uv":[69,224],"uv_size":[5,29]}}},{"inflate":0.05,"origin":[26,1,-27],"size":[4,22,4],"uv":{"down":{"uv":[245,245],"uv_size":[4,-4]},"east":{"uv":[4,230],"uv_size":[4,22]},"north":{"uv":[0,230],"uv_size":[4,22]},"south":{"uv":[8,230],"uv_size":[4,22]},"up":{"uv":[244,203],"uv_size":[4,4]},"west":{"uv":[12,230],"uv_size":[4,22]}}},{"inflate":0.05,"origin":[26,1,23],"size":[4,22,4],"uv":{"down":{"uv":[246,222],"uv_size":[4,-4]},"east":{"uv":[91,230],"uv_size":[4,22]},"north":{"uv":[16,230],"uv_size":[4,22]},"south":{"uv":[95,230],"uv_size":[4,22]},"up":{"uv":[245,245],"uv_size":[4,4]},"west":{"uv":[99,230],"uv_size":[4,22]}}},{"inflate":0.05,"origin":[-30,1,23],"size":[4,22,4],"uv":{"down":{"uv":[247,46],"uv_size":[4,-4]},"east":{"uv":[107,230],"uv_size":[4,22]},"north":{"uv":[103,230],"uv_size":[4,22]},"south":{"uv":[111,230],"uv_size":[4,22]},"up":{"uv":[246,222],"uv_size":[4,4]},"west":{"uv":[230,174],"uv_size":[4,22]}}},{"origin":[-9,43,11],"pivot":[0,45,19],"rotation":[-17.5,0,0],"size":[18,3,16],"uv":{"down":{"uv":[209,140],"uv_size":[18,-16]},"east":{"uv":[236,75],"uv_size":[16,3]},"north":{"uv":[234,177],"uv_size":[18,3]},"south":{"uv":[234,180],"uv_size":[18,3]},"up":{"uv":[61,208],"uv_size":[18,16]},"west":{"uv":[236,78],"uv_size":[16,3]}}},{"origin":[11,43,-9],"pivot":[19,45,0],"rotation":[0,0,17.5],"size":[16,3,18],"uv":{"down":{"uv":[209,158],"uv_size":[16,-18]},"east":{"uv":[234,183],"uv_size":[18,3]},"north":{"uv":[236,81],"uv_size":[16,3]},"south":{"uv":[236,84],"uv_size":[16,3]},"up":{"uv":[79,208],"uv_size":[16,18]},"west":{"uv":[234,186],"uv_size":[18,3]}}},{"origin":[-9,43,-27],"pivot":[0,45,-19],"rotation":[17.5,0,0],"size":[18,3,16],"uv":{"down":{"uv":[214,75],"uv_size":[18,-16]},"east":{"uv":[236,87],"uv_size":[16,3]},"north":{"uv":[234,189],"uv_size":[18,3]},"south":{"uv":[234,192],"uv_size":[18,3]},"up":{"uv":[214,43],"uv_size":[18,16]},"west":{"uv":[161,236],"uv_size":[16,3]}}},{"origin":[-7.975,27.9417,-25.39845],"size":[2,15,2],"uv":{"down":{"uv":[218,100],"uv_size":[2,-2]},"east":{"uv":[170,239],"uv_size":[2,15]},"north":{"uv":[168,239],"uv_size":[2,15]},"south":{"uv":[172,239],"uv_size":[2,15]},"up":{"uv":[216,158],"uv_size":[2,2]},"west":{"uv":[174,239],"uv_size":[2,15]}}},{"origin":[5.975,27.9417,-25.39845],"size":[2,15,2],"uv":{"down":{"uv":[189,222],"uv_size":[2,-2]},"east":{"uv":[50,240],"uv_size":[2,15]},"north":{"uv":[48,240],"uv_size":[2,15]},"south":{"uv":[52,240],"uv_size":[2,15]},"up":{"uv":[220,98],"uv_size":[2,2]},"west":{"uv":[54,240],"uv_size":[2,15]}}},{"inflate":0.05,"origin":[8,1,-27],"size":[4,22,4],"uv":{"down":{"uv":[157,251],"uv_size":[4,-4]},"east":{"uv":[141,231],"uv_size":[4,22]},"north":{"uv":[137,231],"uv_size":[4,22]},"south":{"uv":[145,231],"uv_size":[4,22]},"up":{"uv":[153,247],"uv_size":[4,4]},"west":{"uv":[149,231],"uv_size":[4,22]}}},{"origin":[30,1,-25],"size":[0,22,50],"uv":{"down":{"uv":[0,50],"uv_size":[0,-50]},"east":{"uv":[0,154],"uv_size":[50,22]},"north":{"uv":[0,0],"uv_size":[0,22]},"south":{"uv":[0,0],"uv_size":[0,22]},"up":{"uv":[0,0],"uv_size":[0,50]},"west":{"uv":[128,154],"uv_size":[50,22]}}},{"origin":[-20,62,-19],"size":[40,14,38],"uv":{"down":{"uv":[128,132],"uv_size":[40,-38]},"east":{"uv":[192,175],"uv_size":[38,14]},"north":{"uv":[178,161],"uv_size":[40,14]},"south":{"uv":[186,29],"uv_size":[40,14]},"up":{"uv":[124,56],"uv_size":[40,38]},"west":{"uv":[192,189],"uv_size":[38,14]}}},{"origin":[-16,58,-16],"size":[32,8,32],"uv":{"down":{"uv":[64,208],"uv_size":[32,-32]},"east":{"uv":[222,106],"uv_size":[32,8]},"north":{"uv":[222,98],"uv_size":[32,8]},"south":{"uv":[222,114],"uv_size":[32,8]},"up":{"uv":[32,176],"uv_size":[32,32]},"west":{"uv":[37,224],"uv_size":[32,8]}}},{"inflate":0.025,"origin":[-13,28,-13],"size":[4,29,5],"uv":{"down":{"uv":[244,5],"uv_size":[4,-5]},"east":{"uv":[74,224],"uv_size":[5,29]},"north":{"uv":[25,226],"uv_size":[4,29]},"south":{"uv":[29,226],"uv_size":[4,29]},"up":{"uv":[243,42],"uv_size":[4,5]},"west":{"uv":[132,224],"uv_size":[5,29]}}},{"inflate":0.025,"origin":[-13,28,8],"size":[4,29,5],"uv":{"down":{"uv":[41,249],"uv_size":[4,-5]},"east":{"uv":[189,225],"uv_size":[5,29]},"north":{"uv":[33,226],"uv_size":[4,29]},"south":{"uv":[79,226],"uv_size":[4,29]},"up":{"uv":[37,244],"uv_size":[4,5]},"west":{"uv":[194,225],"uv_size":[5,29]}}},{"inflate":0.025,"origin":[9,28,8],"size":[4,29,5],"uv":{"down":{"uv":[244,57],"uv_size":[4,-5]},"east":{"uv":[199,225],"uv_size":[5,29]},"north":{"uv":[83,226],"uv_size":[4,29]},"south":{"uv":[87,226],"uv_size":[4,29]},"up":{"uv":[244,47],"uv_size":[4,5]},"west":{"uv":[204,225],"uv_size":[5,29]}}},{"origin":[-25.39845,27.9417,5.975],"size":[2,15,2],"uv":{"down":{"uv":[137,226],"uv_size":[2,-2]},"east":{"uv":[240,57],"uv_size":[2,15]},"north":{"uv":[56,240],"uv_size":[2,15]},"south":{"uv":[58,240],"uv_size":[2,15]},"up":{"uv":[189,222],"uv_size":[2,2]},"west":{"uv":[60,240],"uv_size":[2,15]}}},{"origin":[-25.39845,27.9417,-7.975],"size":[2,15,2],"uv":{"down":{"uv":[181,231],"uv_size":[2,-2]},"east":{"uv":[64,240],"uv_size":[2,15]},"north":{"uv":[62,240],"uv_size":[2,15]},"south":{"uv":[117,240],"uv_size":[2,15]},"up":{"uv":[181,227],"uv_size":[2,2]},"west":{"uv":[119,240],"uv_size":[2,15]}}},{"origin":[-7.975,27.9417,23.39845],"size":[2,15,2],"uv":{"down":{"uv":[115,247],"uv_size":[2,-2]},"east":{"uv":[123,240],"uv_size":[2,15]},"north":{"uv":[121,240],"uv_size":[2,15]},"south":{"uv":[125,240],"uv_size":[2,15]},"up":{"uv":[181,231],"uv_size":[2,2]},"west":{"uv":[127,240],"uv_size":[2,15]}}},{"origin":[23.39845,27.9417,-7.975],"size":[2,15,2],"uv":{"down":{"uv":[115,249],"uv_size":[2,-2]},"east":{"uv":[240,203],"uv_size":[2,15]},"north":{"uv":[129,240],"uv_size":[2,15]},"south":{"uv":[233,241],"uv_size":[2,15]},"up":{"uv":[66,247],"uv_size":[2,2]},"west":{"uv":[235,241],"uv_size":[2,15]}}},{"origin":[23.39845,27.9417,5.975],"size":[2,15,2],"uv":{"down":{"uv":[163,249],"uv_size":[2,-2]},"east":{"uv":[239,241],"uv_size":[2,15]},"north":{"uv":[237,241],"uv_size":[2,15]},"south":{"uv":[241,241],"uv_size":[2,15]},"up":{"uv":[161,247],"uv_size":[2,2]},"west":{"uv":[242,49],"uv_size":[2,15]}}},{"origin":[5.975,27.9417,23.39845],"size":[2,15,2],"uv":{"down":{"uv":[248,2],"uv_size":[2,-2]},"east":{"uv":[183,242],"uv_size":[2,15]},"north":{"uv":[181,242],"uv_size":[2,15]},"south":{"uv":[242,195],"uv_size":[2,15]},"up":{"uv":[165,247],"uv_size":[2,2]},"west":{"uv":[243,241],"uv_size":[2,15]}}},{"origin":[8,1,-27],"size":[22,22,0],"uv":{"down":{"uv":[0,0],"uv_size":[22,0]},"east":{"uv":[0,0],"uv_size":[0,22]},"north":{"uv":[140,205],"uv_size":[22,22]},"south":{"uv":[162,205],"uv_size":[22,22]},"up":{"uv":[0,0],"uv_size":[22,0]},"west":{"uv":[0,0],"uv_size":[0,22]}}},{"origin":[-30,1,-25],"size":[0,22,50],"uv":{"down":{"uv":[0,50],"uv_size":[0,-50]},"east":{"uv":[164,56],"uv_size":[50,22]},"north":{"uv":[0,0],"uv_size":[0,22]},"south":{"uv":[0,0],"uv_size":[0,22]},"up":{"uv":[0,0],"uv_size":[0,50]},"west":{"uv":[168,78],"uv_size":[50,22]}}}],"name":"bone3","pivot":[0,0,0]}],"description":{"identifier":"geometry.indianrestaurant.geo","texture_height":512,"texture_width":512,"visible_bounds_height":9,"visible_bounds_offset":[0,2.5,0],"visible_bounds_width":6}}]}