{"format_version":"1.12.0","minecraft:geometry":[{"bones":[{"cubes":[{"origin":[-16,13,-10],"size":[25,4,16],"uv":[0,24]},{"origin":[-16,1,6],"size":[25,20,2],"uv":[0,63]},{"origin":[-14,16.5,-8],"size":[6,1,6],"uv":[66,51]},{"origin":[-14,16.5,-1],"size":[6,1,6],"uv":[66,44]},{"origin":[-6.5,16.5,-1],"size":[6,1,6],"uv":[66,24]},{"origin":[-6.5,16.5,-8],"size":[6,1,6],"uv":[66,31]},{"origin":[1,16.5,-1],"size":[6,1,6],"uv":[65,0]},{"origin":[1,16.5,-8],"size":[6,1,6],"uv":[65,7]},{"origin":[-16,1,-10],"size":[25,3,16],"uv":[0,44]},{"origin":[7,0,-9],"size":[1,1,1],"uv":[0,8]},{"origin":[-15,0,-9],"size":[1,1,1],"uv":[6,6]},{"origin":[-15,0,6],"size":[1,1,1],"uv":[5,4]},{"origin":[7,0,6],"size":[1,1,1],"uv":[6,2]},{"origin":[-16,4,-9],"size":[25,9,15],"uv":[0,0]},{"origin":[6,9,-10],"size":[2,2,1],"uv":[0,5]},{"origin":[6,6,-10],"size":[2,2,1],"uv":[0,2]}],"name":"total","pivot":[0,0,0]},{"cubes":[{"inflate":0.025,"origin":[-16,4,-10],"size":[7,9,1],"uv":[0,24]},{"inflate":0.025,"origin":[-14,11.5,-11],"size":[4,1,1],"uv":[0,0]}],"name":"door","parent":"total","pivot":[-11.05,4.95,-10.95]},{"cubes":[{"inflate":0.025,"origin":[-9,4,-10],"size":[14,9,1],"uv":[54,63]},{"inflate":0.025,"origin":[-7,11.5,-11],"size":[10,1,1],"uv":[66,38]}],"name":"oven","parent":"total","pivot":[5,4,-9]}],"description":{"identifier":"geometry.industrialstove","texture_height":128,"texture_width":128,"visible_bounds_height":2.5,"visible_bounds_offset":[0,0.75,0],"visible_bounds_width":4}}]}