{"format_version":"1.12.0","minecraft:geometry":[{"bones":[{"cubes":[{"origin":[-5,12,-5],"size":[10,7,10],"uv":{"down":{"uv":[20,10],"uv_size":[10,-10]},"east":{"uv":[0,10],"uv_size":[10,7]},"north":{"uv":[10,10],"uv_size":[10,7]},"south":{"uv":[30,10],"uv_size":[10,7]},"up":{"uv":[10,0],"uv_size":[10,10]},"west":{"uv":[20,10],"uv_size":[10,7]}}},{"origin":[-4,11,-4],"size":[8,1,8],"uv":{"down":{"uv":[46,8],"uv_size":[8,-8]},"east":{"uv":[30,8],"uv_size":[8,1]},"north":{"uv":[38,8],"uv_size":[8,1]},"south":{"uv":[54,8],"uv_size":[8,1]},"up":{"uv":[38,0],"uv_size":[8,8]},"west":{"uv":[46,8],"uv_size":[8,1]}}},{"origin":[-8,5,0],"pivot":[0,15.5,0],"rotation":[-180,0,180],"size":[16,21,0],"uv":{"down":{"uv":[48,64],"uv_size":[16,0]},"east":{"uv":[0,17],"uv_size":[0,21]},"north":{"uv":[0,17],"uv_size":[16,21]},"south":{"uv":[16,17],"uv_size":[16,21]},"up":{"uv":[32,64],"uv_size":[16,0]},"west":{"uv":[16,17],"uv_size":[0,21]}}},{"origin":[-5,12,-5],"size":[10,7,10],"uv":{"down":{"uv":[20,10],"uv_size":[10,-10]},"east":{"uv":[0,10],"uv_size":[10,7]},"north":{"uv":[10,10],"uv_size":[10,7]},"south":{"uv":[30,10],"uv_size":[10,7]},"up":{"uv":[10,0],"uv_size":[10,10]},"west":{"uv":[20,10],"uv_size":[10,7]}}},{"origin":[-4,11,-4],"size":[8,1,8],"uv":{"down":{"uv":[46,8],"uv_size":[8,-8]},"east":{"uv":[30,8],"uv_size":[8,1]},"north":{"uv":[38,8],"uv_size":[8,1]},"south":{"uv":[54,8],"uv_size":[8,1]},"up":{"uv":[38,0],"uv_size":[8,8]},"west":{"uv":[46,8],"uv_size":[8,1]}}},{"origin":[-8,5,0],"pivot":[0,15.5,0],"rotation":[0,-90,0],"size":[16,21,0],"uv":{"down":{"uv":[48,64],"uv_size":[16,0]},"east":{"uv":[0,17],"uv_size":[0,21]},"north":{"uv":[0,17],"uv_size":[16,21]},"south":{"uv":[16,17],"uv_size":[16,21]},"up":{"uv":[32,64],"uv_size":[16,0]},"west":{"uv":[16,17],"uv_size":[0,21]}}},{"origin":[-8,5,0],"pivot":[0,15.5,0],"rotation":[-180,62.5,180],"size":[16,21,0],"uv":{"down":{"uv":[48,64],"uv_size":[16,0]},"east":{"uv":[0,17],"uv_size":[0,21]},"north":{"uv":[0,38],"uv_size":[16,21]},"south":{"uv":[16,17],"uv_size":[16,21]},"up":{"uv":[32,64],"uv_size":[16,0]},"west":{"uv":[16,17],"uv_size":[0,21]}}},{"origin":[0,5,-8],"pivot":[0,15.5,0],"rotation":[180,62.5,180],"size":[0,21,16],"uv":{"down":{"uv":[48,64],"uv_size":[16,0]},"east":{"uv":[0,38],"uv_size":[16,21]},"north":{"uv":[16,17],"uv_size":[0,21]},"south":{"uv":[0,17],"uv_size":[0,21]},"up":{"uv":[32,64],"uv_size":[16,0]},"west":{"uv":[16,17],"uv_size":[16,21]}}},{"origin":[4.71908,15.10434,-0.75784],"pivot":[0.19216,19.075,-0.25784],"rotation":[-31.33144,34.12398,-47.33883],"size":[0,11,1],"uv":{"down":{"uv":[0,1],"uv_size":[0,-1]},"east":{"uv":[38,20],"uv_size":[1,9]},"north":{"uv":[0,0],"uv_size":[0,9]},"south":{"uv":[0,0],"uv_size":[0,9]},"up":{"uv":[0,1],"uv_size":[0,-1]},"west":{"uv":[38,20],"uv_size":[1,9]}}},{"origin":[-4.71908,15.10434,-0.75784],"pivot":[-0.19216,19.075,-0.25784],"rotation":[-31.33144,-34.12398,47.33883],"size":[0,11,1],"uv":{"down":{"uv":[0,1],"uv_size":[0,-1]},"east":{"uv":[39,20],"uv_size":[-1,9]},"north":{"uv":[0,0],"uv_size":[0,9]},"south":{"uv":[0,0],"uv_size":[0,9]},"up":{"uv":[0,1],"uv_size":[0,-1]},"west":{"uv":[39,20],"uv_size":[-1,9]}}},{"origin":[-4.71908,15.10434,-0.24216],"pivot":[-0.19216,19.075,0.25784],"rotation":[31.33144,34.12398,47.33883],"size":[0,11,1],"uv":{"down":{"uv":[0,0],"uv_size":[0,1]},"east":{"uv":[38,20],"uv_size":[1,9]},"north":{"uv":[0,0],"uv_size":[0,9]},"south":{"uv":[0,0],"uv_size":[0,9]},"up":{"uv":[0,0],"uv_size":[0,1]},"west":{"uv":[38,20],"uv_size":[1,9]}}},{"origin":[4.71908,15.10434,-0.24216],"pivot":[0.19216,19.075,0.25784],"rotation":[31.33144,-34.12398,-47.33883],"size":[0,11,1],"uv":{"down":{"uv":[0,0],"uv_size":[0,1]},"east":{"uv":[39,20],"uv_size":[-1,9]},"north":{"uv":[0,0],"uv_size":[0,9]},"south":{"uv":[0,0],"uv_size":[0,9]},"up":{"uv":[0,0],"uv_size":[0,1]},"west":{"uv":[39,20],"uv_size":[-1,9]}}},{"origin":[-0.53284,26.075,-0.00784],"size":[1,11,0],"uv":{"down":{"uv":[1,0],"uv_size":[-1,0]},"east":{"uv":[0,0],"uv_size":[0,11]},"north":{"uv":[43,18],"uv_size":[1,11]},"south":{"uv":[43,18],"uv_size":[1,11]},"up":{"uv":[1,0],"uv_size":[-1,0]},"west":{"uv":[0,0],"uv_size":[0,11]}}}],"name":"italian_hangingplant","pivot":[0.19216,19.075,-0.25784]}],"description":{"identifier":"geometry.italian_hanging_plant","texture_height":64,"texture_width":64,"visible_bounds_height":3.5,"visible_bounds_offset":[0,1.25,0],"visible_bounds_width":2}}]}