{"format_version":"1.12.0","minecraft:geometry":[{"bones":[{"cubes":[{"origin":[-6,0,-6],"size":[12,11,12],"uv":{"down":{"uv":[48,36],"uv_size":[12,-12]},"east":{"uv":[52,48],"uv_size":[12,11]},"north":{"uv":[40,48],"uv_size":[12,11]},"south":{"uv":[40,59],"uv_size":[12,11]},"up":{"uv":[16,48],"uv_size":[12,12]},"west":{"uv":[52,59],"uv_size":[12,11]}}},{"origin":[-6,12,-6],"size":[12,2,12],"uv":{"down":{"uv":[48,48],"uv_size":[12,-12]},"east":{"uv":[60,34],"uv_size":[12,2]},"north":{"uv":[26,60],"uv_size":[12,2]},"south":{"uv":[60,36],"uv_size":[12,2]},"up":{"uv":[28,48],"uv_size":[12,12]},"west":{"uv":[60,38],"uv_size":[12,2]}}},{"origin":[-5,11,-5],"size":[10,1,10],"uv":{"down":{"uv":[60,34],"uv_size":[10,-10]},"east":{"uv":[60,41],"uv_size":[10,1]},"north":{"uv":[60,40],"uv_size":[10,1]},"south":{"uv":[60,42],"uv_size":[10,1]},"up":{"uv":[16,60],"uv_size":[10,10]},"west":{"uv":[60,43],"uv_size":[10,1]}}},{"origin":[-8,14,0],"pivot":[0,26,0],"rotation":[0,42.5,0],"size":[16,24,0],"uv":{"down":{"uv":[0,0],"uv_size":[16,0]},"east":{"uv":[0,0],"uv_size":[0,24]},"north":{"uv":[0,0],"uv_size":[16,24]},"south":{"uv":[16,0],"uv_size":[16,24]},"up":{"uv":[0,0],"uv_size":[16,0]},"west":{"uv":[0,0],"uv_size":[0,24]}}},{"origin":[-8,14,0],"pivot":[0,26,0],"rotation":[0,-52.5,0],"size":[16,24,0],"uv":{"down":{"uv":[0,0],"uv_size":[16,0]},"east":{"uv":[0,0],"uv_size":[0,24]},"north":{"uv":[0,24],"uv_size":[16,24]},"south":{"uv":[16,24],"uv_size":[16,24]},"up":{"uv":[0,0],"uv_size":[16,0]},"west":{"uv":[0,0],"uv_size":[0,24]}}},{"origin":[-8,14,0],"size":[16,24,0],"uv":{"down":{"uv":[0,0],"uv_size":[16,0]},"east":{"uv":[0,0],"uv_size":[0,24]},"north":{"uv":[32,0],"uv_size":[16,24]},"south":{"uv":[32,24],"uv_size":[16,24]},"up":{"uv":[0,0],"uv_size":[16,0]},"west":{"uv":[0,0],"uv_size":[0,24]}}},{"origin":[-8,14,0],"pivot":[0,26,0],"rotation":[-180,-85,180],"size":[16,24,0],"uv":{"down":{"uv":[0,0],"uv_size":[16,0]},"east":{"uv":[0,0],"uv_size":[0,24]},"north":{"uv":[0,48],"uv_size":[16,24]},"south":{"uv":[48,0],"uv_size":[16,24]},"up":{"uv":[0,0],"uv_size":[16,0]},"west":{"uv":[0,0],"uv_size":[0,24]}}}],"name":"italianplant","pivot":[0,26,0]}],"description":{"identifier":"geometry.italian_plant","texture_height":128,"texture_width":128,"visible_bounds_height":3.5,"visible_bounds_offset":[0,1.25,0],"visible_bounds_width":2}}]}