{"format_version":"1.12.0","minecraft:geometry":[{"bones":[{"cubes":[{"inflate":0.025,"origin":[-28,21,-28],"size":[55,3,57],"uv":{"down":{"uv":[112,180],"uv_size":[55,-57]},"east":{"uv":[0,180],"uv_size":[57,3]},"north":{"uv":[57,180],"uv_size":[55,3]},"south":{"uv":[169,180],"uv_size":[55,3]},"up":{"uv":[57,123],"uv_size":[55,57]},"west":{"uv":[112,180],"uv_size":[57,3]}}},{"origin":[-28,1,-28],"size":[55,3,57],"uv":{"down":{"uv":[112,120],"uv_size":[55,-57]},"east":{"uv":[0,120],"uv_size":[57,3]},"north":{"uv":[57,120],"uv_size":[55,3]},"south":{"uv":[169,120],"uv_size":[55,3]},"up":{"uv":[57,63],"uv_size":[55,57]},"west":{"uv":[112,120],"uv_size":[57,3]}}},{"origin":[-6,1,-33],"size":[12,2,5],"uv":{"down":{"uv":[17,105],"uv_size":[12,-5]},"east":{"uv":[0,105],"uv_size":[5,2]},"north":{"uv":[5,105],"uv_size":[12,2]},"south":{"uv":[22,105],"uv_size":[12,2]},"up":{"uv":[5,100],"uv_size":[12,5]},"west":{"uv":[17,105],"uv_size":[5,2]}}},{"origin":[11,1,-32],"size":[10,7,5],"uv":{"down":{"uv":[15,43],"uv_size":[10,-5]},"east":{"uv":[0,43],"uv_size":[5,7]},"north":{"uv":[5,43],"uv_size":[10,7]},"south":{"uv":[20,43],"uv_size":[10,7]},"up":{"uv":[5,38],"uv_size":[10,5]},"west":{"uv":[15,43],"uv_size":[5,7]}}},{"origin":[-21,1,-32],"size":[10,7,5],"uv":{"down":{"uv":[25,43],"uv_size":[-10,-5]},"east":{"uv":[20,43],"uv_size":[-5,7]},"north":{"uv":[15,43],"uv_size":[-10,7]},"south":{"uv":[30,43],"uv_size":[-10,7]},"up":{"uv":[15,38],"uv_size":[-10,5]},"west":{"uv":[5,43],"uv_size":[-5,7]}}},{"origin":[18,24,-25],"size":[5,20,5],"uv":{"down":{"uv":[30,68],"uv_size":[5,-5]},"east":{"uv":[20,68],"uv_size":[5,20]},"north":{"uv":[25,68],"uv_size":[5,20]},"south":{"uv":[35,68],"uv_size":[5,20]},"up":{"uv":[25,63],"uv_size":[5,5]},"west":{"uv":[30,68],"uv_size":[5,20]}}},{"origin":[-23,24,-25],"size":[5,20,5],"uv":{"down":{"uv":[10,68],"uv_size":[5,-5]},"east":{"uv":[0,68],"uv_size":[5,20]},"north":{"uv":[5,68],"uv_size":[5,20]},"south":{"uv":[15,68],"uv_size":[5,20]},"up":{"uv":[5,63],"uv_size":[5,5]},"west":{"uv":[10,68],"uv_size":[5,20]}}},{"origin":[-23,24,20],"size":[5,20,5],"uv":{"down":{"uv":[10,63],"uv_size":[5,5]},"east":{"uv":[5,68],"uv_size":[-5,20]},"north":{"uv":[20,68],"uv_size":[-5,20]},"south":{"uv":[10,68],"uv_size":[-5,20]},"up":{"uv":[5,68],"uv_size":[5,-5]},"west":{"uv":[15,68],"uv_size":[-5,20]}}},{"origin":[18,24,20],"size":[5,20,5],"uv":{"down":{"uv":[30,63],"uv_size":[5,5]},"east":{"uv":[25,68],"uv_size":[-5,20]},"north":{"uv":[40,68],"uv_size":[-5,20]},"south":{"uv":[30,68],"uv_size":[-5,20]},"up":{"uv":[25,68],"uv_size":[5,-5]},"west":{"uv":[35,68],"uv_size":[-5,20]}}},{"origin":[-11,4,-27],"size":[5,17,5],"uv":{"down":{"uv":[45,88],"uv_size":[5,-5]},"east":{"uv":[35,88],"uv_size":[5,17]},"north":{"uv":[40,88],"uv_size":[5,17]},"south":{"uv":[50,88],"uv_size":[5,17]},"up":{"uv":[40,83],"uv_size":[5,5]},"west":{"uv":[45,88],"uv_size":[5,17]}}},{"origin":[6,4,-27],"size":[5,17,5],"uv":{"down":{"uv":[50,88],"uv_size":[-5,-5]},"east":{"uv":[50,88],"uv_size":[-5,17]},"north":{"uv":[45,88],"uv_size":[-5,17]},"south":{"uv":[55,88],"uv_size":[-5,17]},"up":{"uv":[45,83],"uv_size":[-5,5]},"west":{"uv":[40,88],"uv_size":[-5,17]}}},{"origin":[-25,4,-26],"size":[3,17,52],"uv":{"down":{"uv":[143,248],"uv_size":[3,-52]},"east":{"uv":[88,248],"uv_size":[52,17]},"north":{"uv":[140,248],"uv_size":[3,17]},"south":{"uv":[195,248],"uv_size":[3,17]},"up":{"uv":[140,196],"uv_size":[3,52]},"west":{"uv":[143,248],"uv_size":[52,17]}}},{"origin":[22,4,-26],"size":[3,17,52],"uv":{"down":{"uv":[227,198],"uv_size":[3,-52]},"east":{"uv":[172,198],"uv_size":[52,17]},"north":{"uv":[224,198],"uv_size":[3,17]},"south":{"uv":[279,198],"uv_size":[3,17]},"up":{"uv":[224,146],"uv_size":[3,52]},"west":{"uv":[227,198],"uv_size":[52,17]}}},{"origin":[-21,4,24],"size":[42,17,2],"uv":{"down":{"uv":[274,56],"uv_size":[48,-2]},"east":{"uv":[224,56],"uv_size":[2,17]},"north":{"uv":[226,56],"uv_size":[48,17]},"south":{"uv":[276,56],"uv_size":[48,17]},"up":{"uv":[226,54],"uv_size":[48,2]},"west":{"uv":[274,56],"uv_size":[2,17]}}},{"origin":[7,4,-26],"size":[16,17,0],"uv":{"down":{"uv":[18,21],"uv_size":[16,-2]},"east":{"uv":[0,21],"uv_size":[2,17]},"north":{"uv":[2,21],"uv_size":[16,17]},"south":{"uv":[20,21],"uv_size":[16,17]},"up":{"uv":[2,19],"uv_size":[16,2]},"west":{"uv":[18,21],"uv_size":[2,17]}}},{"origin":[-23,4,-26],"size":[16,17,0],"uv":{"down":{"uv":[34,21],"uv_size":[-16,-2]},"east":{"uv":[20,21],"uv_size":[-2,17]},"north":{"uv":[2,21],"uv_size":[16,17]},"south":{"uv":[36,21],"uv_size":[-16,17]},"up":{"uv":[18,19],"uv_size":[-16,2]},"west":{"uv":[2,21],"uv_size":[-2,17]}}},{"origin":[21,4,22],"size":[5,17,5],"uv":{"down":{"uv":[45,145],"uv_size":[5,-5]},"east":{"uv":[35,145],"uv_size":[5,17]},"north":{"uv":[40,145],"uv_size":[5,17]},"south":{"uv":[50,145],"uv_size":[5,17]},"up":{"uv":[40,140],"uv_size":[5,5]},"west":{"uv":[45,145],"uv_size":[5,17]}}},{"origin":[-26,4,22],"size":[5,17,5],"uv":{"down":{"uv":[50,145],"uv_size":[-5,-5]},"east":{"uv":[50,145],"uv_size":[-5,17]},"north":{"uv":[45,145],"uv_size":[-5,17]},"south":{"uv":[55,145],"uv_size":[-5,17]},"up":{"uv":[45,140],"uv_size":[-5,5]},"west":{"uv":[40,145],"uv_size":[-5,17]}}},{"origin":[21,4,-27],"size":[5,17,5],"uv":{"down":{"uv":[45,140],"uv_size":[5,5]},"east":{"uv":[40,145],"uv_size":[-5,17]},"north":{"uv":[55,145],"uv_size":[-5,17]},"south":{"uv":[45,145],"uv_size":[-5,17]},"up":{"uv":[40,145],"uv_size":[5,-5]},"west":{"uv":[50,145],"uv_size":[-5,17]}}},{"origin":[-26,4,-27],"size":[5,17,5],"uv":{"down":{"uv":[50,140],"uv_size":[-5,5]},"east":{"uv":[45,145],"uv_size":[5,17]},"north":{"uv":[50,145],"uv_size":[5,17]},"south":{"uv":[40,145],"uv_size":[5,17]},"up":{"uv":[45,145],"uv_size":[-5,-5]},"west":{"uv":[35,145],"uv_size":[5,17]}}},{"origin":[-26,21,-25],"size":[51,3,51],"uv":{"down":{"uv":[267,51],"uv_size":[51,-51]},"east":{"uv":[165,51],"uv_size":[51,3]},"north":{"uv":[216,51],"uv_size":[51,3]},"south":{"uv":[318,51],"uv_size":[51,3]},"up":{"uv":[216,0],"uv_size":[51,51]},"west":{"uv":[267,51],"uv_size":[51,3]}}},{"origin":[-16,38,-18],"size":[32,28,37],"uv":{"down":{"uv":[69,220],"uv_size":[32,-37]},"east":{"uv":[0,220],"uv_size":[37,28]},"north":{"uv":[37,220],"uv_size":[32,28]},"south":{"uv":[37,220],"uv_size":[32,28]},"up":{"uv":[37,183],"uv_size":[32,37]},"west":{"uv":[69,220],"uv_size":[37,28]}}},{"origin":[-21,24,-23],"size":[42,23,47],"uv":{"down":{"uv":[267,123],"uv_size":[43,-47]},"east":{"uv":[177,123],"uv_size":[47,23]},"north":{"uv":[314,123],"uv_size":[43,23]},"south":{"uv":[314,123],"uv_size":[43,23]},"up":{"uv":[224,76],"uv_size":[43,47]},"west":{"uv":[267,123],"uv_size":[47,23]}}},{"origin":[-27,44,-29],"size":[53,4,59],"uv":{"down":{"uv":[112,59],"uv_size":[53,-59]},"east":{"uv":[0,59],"uv_size":[59,4]},"north":{"uv":[59,59],"uv_size":[53,4]},"south":{"uv":[171,59],"uv_size":[53,4]},"up":{"uv":[59,0],"uv_size":[53,59]},"west":{"uv":[112,59],"uv_size":[59,4]}}},{"origin":[-9,66,-18],"size":[18,9,37],"uv":{"down":{"uv":[285,183],"uv_size":[18,-37]},"east":{"uv":[230,183],"uv_size":[37,9]},"north":{"uv":[267,183],"uv_size":[18,9]},"south":{"uv":[267,183],"uv_size":[18,9]},"up":{"uv":[267,146],"uv_size":[18,37]},"west":{"uv":[285,183],"uv_size":[37,9]}}},{"inflate":0.01,"origin":[-12.46005,54.3496,-19],"pivot":[-8.96005,70.3496,0.5],"rotation":[0,0,45],"size":[7,32,39],"uv":{"down":{"uv":[244,254],"uv_size":[7,-39]},"east":{"uv":[198,254],"uv_size":[39,32]},"north":{"uv":[237,254],"uv_size":[7,32]},"south":{"uv":[283,254],"uv_size":[7,32]},"up":{"uv":[237,215],"uv_size":[7,39]},"west":{"uv":[244,254],"uv_size":[39,32]}}},{"inflate":0.01,"origin":[5.21762,54.3496,-19],"pivot":[8.71762,70.3496,0.5],"rotation":[0,0,-45],"size":[7,25,39],"uv":{"down":{"uv":[46,287],"uv_size":[7,-39]},"east":{"uv":[0,287],"uv_size":[39,25]},"north":{"uv":[39,287],"uv_size":[7,25]},"south":{"uv":[85,287],"uv_size":[7,25]},"up":{"uv":[39,248],"uv_size":[7,39]},"west":{"uv":[46,287],"uv_size":[39,25]}}}],"name":"bb_main","pivot":[0,0,0]}],"description":{"identifier":"geometry.italianrestaurant.geo","texture_height":512,"texture_width":512,"visible_bounds_height":6.5,"visible_bounds_offset":[0,2.75,0],"visible_bounds_width":5}}]}