{"format_version":"1.12.0","minecraft:geometry":[{"bones":[{"cubes":[{"origin":[-13,6,-17],"size":[28,4,2],"uv":[36,74]},{"origin":[-15,2,-17],"size":[32,4,32],"uv":[0,0]},{"origin":[-14,0,-16],"size":[30,2,30],"uv":[0,36]},{"origin":[-15,6,-17],"size":[2,4,32],"uv":[68,68]},{"origin":[-13,6,13],"size":[28,4,2],"uv":[36,68]},{"origin":[15,6,-17],"size":[2,4,32],"uv":[0,68]}],"name":"bamboo","pivot":[0,0,0]},{"cubes":[{"origin":[-8.875,3,1],"pivot":[-9.4,16,7],"rotation":[0,-90,0],"size":[0,26,12],"uv":[60,92]},{"origin":[-9.4,3,1],"size":[0,26,12],"uv":[84,92]},{"origin":[-2,6,0],"size":[3,37,3],"uv":[36,104]},{"inflate":-0.275,"origin":[7,6,-4],"size":[3,44,3],"uv":[0,104]},{"inflate":-0.275,"origin":[-7,6,-4],"size":[3,41,3],"uv":[24,104]},{"inflate":-0.275,"origin":[4,6,-10],"size":[3,33,3],"uv":[48,104]},{"origin":[-9.4,6,-15],"size":[0,26,12],"uv":[84,92]},{"origin":[-8.875,6,-15],"pivot":[-9.4,19,-9],"rotation":[0,-90,0],"size":[0,26,12],"uv":[60,92]},{"origin":[5.8625,10,-14.7375],"pivot":[5.6,23,-8.7375],"rotation":[0,-60,0],"size":[0,26,12],"uv":[60,92]},{"origin":[5.6,10,-15],"pivot":[5.6,23,-8.7375],"rotation":[0,30,0],"size":[0,26,12],"uv":[84,92]},{"origin":[4.6,4,1],"size":[0,26,12],"uv":[84,92]},{"origin":[5.125,4,1],"pivot":[4.6,17,7],"rotation":[0,-90,0],"size":[0,26,12],"uv":[60,92]},{"origin":[8.6,24,-9],"size":[0,26,12],"uv":[84,92]},{"origin":[9.125,24,-9],"pivot":[8.6,37,-3],"rotation":[0,-90,0],"size":[0,26,12],"uv":[60,92]},{"inflate":-0.275,"origin":[-11,6,-10],"size":[3,26,3],"uv":[0,0]},{"inflate":-0.275,"origin":[-11,6,6],"size":[3,23,3],"uv":[12,0]},{"inflate":-0.275,"origin":[3,6,6],"size":[3,22,3],"uv":[0,36]},{"inflate":-0.275,"origin":[10,6,5],"size":[3,19,3],"uv":[12,36]},{"inflate":-0.275,"origin":[-1,6,-8],"size":[3,43,3],"uv":[12,104]}],"name":"bone2","parent":"bamboo","pivot":[-14,-10,17]},{"cubes":[{"origin":[-4.875,21,-9],"pivot":[-5.4,34,-3],"rotation":[0,-90,0],"size":[0,26,12],"uv":[60,92]},{"origin":[-5.4,21,-9],"size":[0,26,12],"uv":[84,92]}],"name":"bone3","parent":"bone2","pivot":[-5.4,34,-2.7375],"rotation":[0,37.5,0]}],"description":{"identifier":"geometry.japan_plant2","texture_height":256,"texture_width":256,"visible_bounds_height":4.5,"visible_bounds_offset":[0,1.75,0],"visible_bounds_width":4}}]}