{"format_version":"1.12.0","minecraft:geometry":[{"bones":[{"cubes":[{"origin":[-18,15,-16],"size":[36,3,32],"uv":{"down":{"uv":[68,32],"uv_size":[36,-32]},"east":{"uv":[0,32],"uv_size":[32,3]},"north":{"uv":[32,32],"uv_size":[36,3]},"south":{"uv":[100,32],"uv_size":[36,3]},"up":{"uv":[32,0],"uv_size":[36,32]},"west":{"uv":[68,32],"uv_size":[32,3]}}}],"name":"table","pivot":[1,16.5,1]},{"cubes":[{"inflate":0.225,"origin":[14,0,-15],"size":[3,2,30],"uv":{"down":{"uv":[33,65],"uv_size":[3,-30]},"east":{"uv":[0,65],"uv_size":[30,2]},"north":{"uv":[30,65],"uv_size":[3,2]},"south":{"uv":[63,65],"uv_size":[3,2]},"up":{"uv":[30,35],"uv_size":[3,30]},"west":{"uv":[33,65],"uv_size":[30,2]}}},{"inflate":-0.025,"origin":[14,0.1,-15],"size":[3,15,3],"uv":{"down":{"uv":[42,38],"uv_size":[3,-3]},"east":{"uv":[36,38],"uv_size":[3,15]},"north":{"uv":[39,38],"uv_size":[3,15]},"south":{"uv":[45,38],"uv_size":[3,15]},"up":{"uv":[39,35],"uv_size":[3,3]},"west":{"uv":[42,38],"uv_size":[3,15]}}},{"inflate":-0.025,"origin":[14,0.1,12],"size":[3,15,3],"uv":{"down":{"uv":[42,35],"uv_size":[3,3]},"east":{"uv":[39,38],"uv_size":[-3,15]},"north":{"uv":[48,38],"uv_size":[-3,15]},"south":{"uv":[42,38],"uv_size":[-3,15]},"up":{"uv":[39,38],"uv_size":[3,-3]},"west":{"uv":[45,38],"uv_size":[-3,15]}}},{"inflate":-0.05,"origin":[14,3.13264,-12.51245],"pivot":[15.5,6.63264,-11.01245],"rotation":[-42.5,0,0],"size":[3,16,3],"uv":{"down":{"uv":[6,38],"uv_size":[3,-3]},"east":{"uv":[0,38],"uv_size":[3,16]},"north":{"uv":[3,38],"uv_size":[3,16]},"south":{"uv":[9,38],"uv_size":[3,16]},"up":{"uv":[3,35],"uv_size":[3,3]},"west":{"uv":[6,38],"uv_size":[3,16]}}},{"inflate":-0.05,"origin":[14,3.13264,9.51245],"pivot":[15.5,6.63264,11.01245],"rotation":[42.5,0,0],"size":[3,16,3],"uv":{"down":{"uv":[18,3],"uv_size":[3,-3]},"east":{"uv":[12,3],"uv_size":[3,16]},"north":{"uv":[15,3],"uv_size":[3,16]},"south":{"uv":[21,3],"uv_size":[3,16]},"up":{"uv":[15,0],"uv_size":[3,3]},"west":{"uv":[18,3],"uv_size":[3,16]}}},{"inflate":-0.05,"origin":[14,-0.04961,-1.52771],"size":[3,16,3],"uv":{"down":{"uv":[6,3],"uv_size":[3,-3]},"east":{"uv":[0,3],"uv_size":[3,16]},"north":{"uv":[3,3],"uv_size":[3,16]},"south":{"uv":[9,3],"uv_size":[3,16]},"up":{"uv":[3,0],"uv_size":[3,3]},"west":{"uv":[6,3],"uv_size":[3,16]}}}],"name":"leg","parent":"table","pivot":[-15.5,9.95039,7.97229]},{"cubes":[{"inflate":0.225,"origin":[-17,0,-15],"size":[3,2,30],"uv":{"down":{"uv":[36,65],"uv_size":[-3,-30]},"east":{"uv":[63,65],"uv_size":[-30,2]},"north":{"uv":[33,65],"uv_size":[-3,2]},"south":{"uv":[66,65],"uv_size":[-3,2]},"up":{"uv":[33,35],"uv_size":[-3,30]},"west":{"uv":[30,65],"uv_size":[-30,2]}}},{"inflate":-0.025,"origin":[-17,0.1,-15],"size":[3,15,3],"uv":{"down":{"uv":[45,38],"uv_size":[-3,-3]},"east":{"uv":[45,38],"uv_size":[-3,15]},"north":{"uv":[42,38],"uv_size":[-3,15]},"south":{"uv":[48,38],"uv_size":[-3,15]},"up":{"uv":[42,35],"uv_size":[-3,3]},"west":{"uv":[39,38],"uv_size":[-3,15]}}},{"inflate":-0.025,"origin":[-17,0.1,12],"size":[3,15,3],"uv":{"down":{"uv":[45,35],"uv_size":[-3,3]},"east":{"uv":[42,38],"uv_size":[3,15]},"north":{"uv":[45,38],"uv_size":[3,15]},"south":{"uv":[39,38],"uv_size":[3,15]},"up":{"uv":[42,38],"uv_size":[-3,-3]},"west":{"uv":[36,38],"uv_size":[3,15]}}},{"inflate":-0.05,"origin":[-17,3.13264,-12.51245],"pivot":[-15.5,6.63264,-11.01245],"rotation":[-42.5,0,0],"size":[3,16,3],"uv":{"down":{"uv":[9,38],"uv_size":[-3,-3]},"east":{"uv":[9,38],"uv_size":[-3,16]},"north":{"uv":[6,38],"uv_size":[-3,16]},"south":{"uv":[12,38],"uv_size":[-3,16]},"up":{"uv":[6,35],"uv_size":[-3,3]},"west":{"uv":[3,38],"uv_size":[-3,16]}}},{"inflate":-0.05,"origin":[-17,3.13264,9.51245],"pivot":[-15.5,6.63264,11.01245],"rotation":[42.5,0,0],"size":[3,16,3],"uv":{"down":{"uv":[21,3],"uv_size":[-3,-3]},"east":{"uv":[21,3],"uv_size":[-3,16]},"north":{"uv":[18,3],"uv_size":[-3,16]},"south":{"uv":[24,3],"uv_size":[-3,16]},"up":{"uv":[18,0],"uv_size":[-3,3]},"west":{"uv":[15,3],"uv_size":[-3,16]}}},{"inflate":-0.05,"origin":[-17,-0.04961,-1.52771],"size":[3,16,3],"uv":{"down":{"uv":[9,3],"uv_size":[-3,-3]},"east":{"uv":[9,3],"uv_size":[-3,16]},"north":{"uv":[6,3],"uv_size":[-3,16]},"south":{"uv":[12,3],"uv_size":[-3,16]},"up":{"uv":[6,0],"uv_size":[-3,3]},"west":{"uv":[3,3],"uv_size":[-3,16]}}}],"name":"leg2","parent":"table","pivot":[15.5,9.95039,7.97229]}],"description":{"identifier":"geometry.japan_table","texture_height":256,"texture_width":256,"visible_bounds_height":2.5,"visible_bounds_offset":[0,0.75,0],"visible_bounds_width":4}}]}