{"format_version":"1.12.0","minecraft:geometry":[{"bones":[{"cubes":[{"origin":[-30,35,-1],"size":[19,3,3],"uv":[40,36]},{"inflate":-0.05,"origin":[-30,1,0],"size":[19,35,1],"uv":[40,0]},{"inflate":-0.05,"origin":[-10,2.675,0],"size":[19,35,1],"uv":[0,36]},{"inflate":-0.05,"origin":[10,-0.2,0],"size":[19,35,1],"uv":[0,0]},{"origin":[-30,38,0.5],"size":[19,11,0],"uv":[40,48]},{"origin":[-10,36,-1],"size":[19,3,3],"uv":[40,36]},{"origin":[-10,36,-1],"size":[19,3,3],"uv":[40,36]},{"origin":[10,34,-1],"size":[19,3,3],"uv":[40,36]},{"origin":[-10,2,-1],"size":[19,3,3],"uv":[40,36]},{"origin":[-30,1,-1],"size":[19,3,3],"uv":[40,36]},{"origin":[10,-1,-1],"size":[19,3,3],"uv":[40,36]},{"origin":[-10,39,0.5],"size":[19,11,0],"uv":[40,48]},{"origin":[10,37,0.5],"size":[19,11,0],"uv":[40,48]}],"name":"painting","pivot":[0,0,0]}],"description":{"identifier":"geometry.japan_painting","texture_height":128,"texture_width":128,"visible_bounds_height":5,"visible_bounds_offset":[0,1.5,0],"visible_bounds_width":5}}]}