{"format_version":"1.12.0","minecraft:geometry":[{"bones":[{"cubes":[{"inflate":0.2,"origin":[-6,6,-6],"size":[12,20,12],"uv":{"down":{"uv":[36,12],"uv_size":[12,-12]},"east":{"uv":[12,12],"uv_size":[12,20]},"north":{"uv":[12,12],"uv_size":[12,20]},"south":{"uv":[12,12],"uv_size":[12,20]},"up":{"uv":[35,0],"uv_size":[12,12]},"west":{"uv":[12,12],"uv_size":[12,20]}}},{"origin":[-6,6,-6],"size":[12,20,12],"uv":{"down":{"uv":[24,12],"uv_size":[12,-12]},"east":{"uv":[0,12],"uv_size":[12,20]},"north":{"uv":[0,12],"uv_size":[12,20]},"south":{"uv":[0,12],"uv_size":[12,20]},"up":{"uv":[12,0],"uv_size":[12,12]},"west":{"uv":[0,12],"uv_size":[12,20]}}},{"origin":[-4,26,-4],"size":[8,2,8],"uv":{"down":{"uv":[48,40],"uv_size":[8,-8]},"east":{"uv":[32,40],"uv_size":[8,2]},"north":{"uv":[40,40],"uv_size":[8,2]},"south":{"uv":[56,40],"uv_size":[8,2]},"up":{"uv":[40,32],"uv_size":[8,8]},"west":{"uv":[48,40],"uv_size":[8,2]}}},{"origin":[-3,28,0],"pivot":[0,17.5,0],"rotation":[0,-90,0],"size":[6,4,0],"uv":{"down":{"uv":[12,0],"uv_size":[-6,0]},"east":{"uv":[6,0],"uv_size":[0,4]},"north":{"uv":[6,0],"uv_size":[-6,4]},"south":{"uv":[12,0],"uv_size":[-6,4]},"up":{"uv":[6,0],"uv_size":[-6,0]},"west":{"uv":[0,0],"uv_size":[0,4]}}},{"origin":[-3,28,0],"pivot":[0,30,0],"rotation":[0,0,0],"size":[6,4,0],"uv":{"down":{"uv":[12,0],"uv_size":[-6,0]},"east":{"uv":[6,0],"uv_size":[0,4]},"north":{"uv":[6,0],"uv_size":[-6,4]},"south":{"uv":[12,0],"uv_size":[-6,4]},"up":{"uv":[6,0],"uv_size":[-6,0]},"west":{"uv":[0,0],"uv_size":[0,4]}}},{"origin":[-4,4,-4],"size":[8,2,8],"uv":{"down":{"uv":[16,40],"uv_size":[8,-8]},"east":{"uv":[0,40],"uv_size":[8,2]},"north":{"uv":[8,40],"uv_size":[8,2]},"south":{"uv":[24,40],"uv_size":[8,2]},"up":{"uv":[8,32],"uv_size":[8,8]},"west":{"uv":[16,40],"uv_size":[8,2]}}}],"name":"lamp","pivot":[0,0,0]}],"description":{"identifier":"geometry.japan_lamp","texture_height":128,"texture_width":128,"visible_bounds_height":3.5,"visible_bounds_offset":[0,1.25,0],"visible_bounds_width":2}}]}