{"format_version":"1.12.0","minecraft:geometry":[{"bones":[{"name":"Jones","pivot":[0,0,0]},{"cubes":[{"inflate":0.25,"origin":[-4,12,-2],"size":[8,12,4],"uv":[24,33]},{"inflate":0,"origin":[-4,12,-2],"size":[8,12,4],"uv":[0,29]}],"name":"Body","parent":"Jones","pivot":[0,12,0]},{"cubes":[{"origin":[-4,24,-4],"size":[8,4,8],"uv":[28,21]},{"origin":[-2,25,-5],"size":[4,2,1],"uv":[0,8]},{"origin":[-4.45,27.25,-4.5],"pivot":[0.05,30,0],"rotation":[0,0,2.5],"size":[9,3,9],"uv":[0,17]},{"origin":[-5.53716,28.99619,-5.5],"pivot":[0.05,29,0],"rotation":[0,0,-2.5],"size":[11,6,11],"uv":[0,0]}],"name":"Head","parent":"Body","pivot":[0,24,0]},{"cubes":[{"origin":[-7,12,-2],"size":[3,12,4],"uv":[56,57]},{"inflate":0.225,"origin":[-7,12,-2],"size":[3,12,4],"uv":[32,57]}],"name":"RightArm","parent":"Body","pivot":[-5,24,0]},{"cubes":[{"inflate":-1,"origin":[-6.92533,11,-9.9866],"size":[2,5,5],"uv":[61,46]},{"inflate":-1,"origin":[-6.14626,11,-7.01542],"pivot":[-5.49974,14.75,-4.99932],"rotation":[0,42.5,0],"size":[2,5,3],"uv":[0,0]},{"inflate":-0.25,"origin":[-6,12.5,-5.5],"size":[1,2,8],"uv":[60,0]}],"name":"spatula","parent":"RightArm","pivot":[-5.52386,13.5,-0.83401],"rotation":[0,0,-90]},{"cubes":[{"origin":[-5.90033,11,-10.9866],"size":[1,5,5],"uv":[0,61]}],"name":"patty","parent":"spatula","pivot":[-5.40033,13.5,-8.4866]},{"cubes":[{"origin":[4,12,-2],"size":[3,12,4],"uv":[56,29]},{"inflate":0.225,"origin":[4,12,-2],"size":[3,12,4],"uv":[56,12]}],"name":"LeftArm","parent":"Body","pivot":[5,24,0]},{"cubes":[{"origin":[-4,0,-2],"size":[4,12,4],"uv":[16,49]},{"inflate":0.25,"origin":[-4,0,-2],"size":[4,12,4],"uv":[44,45]},{"origin":[-4,0,-4],"size":[4,3,2],"uv":[32,49]}],"name":"RightLeg","parent":"Jones","pivot":[-1.9,12,0]},{"cubes":[{"origin":[0,0,-2],"size":[4,12,4],"uv":[0,45]},{"inflate":0.25,"origin":[0,0,-2],"size":[4,12,4],"uv":[44,0]},{"origin":[0,0,-4],"size":[4,3,2],"uv":[42,16]}],"name":"LeftLeg","parent":"Jones","pivot":[1.9,12,0]}],"description":{"identifier":"geometry.jones","texture_height":128,"texture_width":128,"visible_bounds_height":3.5,"visible_bounds_offset":[0,1.25,0],"visible_bounds_width":3}}]}