{"format_version":"1.12.0","minecraft:geometry":[{"bones":[{"cubes":[{"origin":[-47,-9.3,-47],"size":[94,169,94],"uv":{"down":{"uv":[376.1,545.9],"uv_size":[93.8,-93.8]},"east":{"uv":[94.1,358.1],"uv_size":[93.8,168.8]},"north":{"uv":[0.1,358.1],"uv_size":[93.8,168.8]},"south":{"uv":[188.1,358.1],"uv_size":[93.8,168.8]},"up":{"uv":[376.1,358.1],"uv_size":[93.8,93.8]},"west":{"uv":[282.1,358.1],"uv_size":[93.8,168.8]}}},{"origin":[-127,13.7,9],"size":[254,358,0],"uv":{"down":{"uv":[0.1,0.1],"uv_size":[253.8,0]},"east":{"uv":[0.1,0.1],"uv_size":[0,357.8]},"north":{"uv":[0.1,0.1],"uv_size":[253.8,357.8]},"south":{"uv":[254.1,0.1],"uv_size":[253.8,357.8]},"up":{"uv":[0.1,0.1],"uv_size":[253.8,0]},"west":{"uv":[0.1,0.1],"uv_size":[0,357.8]}}},{"origin":[-23,-15.3,-38],"size":[46,6,72],"uv":{"down":{"uv":[470.1,501.9],"uv_size":[45.8,-71.8]},"east":{"uv":[516.1,492.1],"uv_size":[71.8,5.8]},"north":{"uv":[144.1,527.1],"uv_size":[45.8,5.8]},"south":{"uv":[190.1,527.1],"uv_size":[45.8,5.8]},"up":{"uv":[470.1,358.1],"uv_size":[45.8,71.8]},"west":{"uv":[72.1,527.1],"uv_size":[71.8,5.8]}}},{"origin":[-53,17.33466,-41.41221],"pivot":[-50.5,29.83466,-20.41221],"rotation":[-92,0,0],"size":[5,41,42],"uv":{"down":{"uv":[241.1,568.9],"uv_size":[4.8,-41.8]},"east":{"uv":[508.1,126.1],"uv_size":[41.8,40.8]},"north":{"uv":[246.1,527.1],"uv_size":[4.8,40.8]},"south":{"uv":[251.1,527.1],"uv_size":[4.8,40.8]},"up":{"uv":[236.1,527.1],"uv_size":[4.8,41.8]},"west":{"uv":[508.1,167.1],"uv_size":[41.8,40.8]}}},{"origin":[48,17.33466,-41.41221],"pivot":[50.5,29.83466,-20.41221],"rotation":[-92,0,0],"size":[5,41,42],"uv":{"down":{"uv":[245.9,568.9],"uv_size":[-4.8,-41.8]},"east":{"uv":[549.9,167.1],"uv_size":[-41.8,40.8]},"north":{"uv":[250.9,527.1],"uv_size":[-4.8,40.8]},"south":{"uv":[255.9,527.1],"uv_size":[-4.8,40.8]},"up":{"uv":[240.9,527.1],"uv_size":[-4.8,41.8]},"west":{"uv":[549.9,126.1],"uv_size":[-41.8,40.8]}}}],"name":"bone","pivot":[-8.41667,28.21302,-4.19633]},{"cubes":[{"origin":[-14,-72.3,-36],"size":[28,63,37],"uv":{"down":{"uv":[508.1,357.9],"uv_size":[27.8,-36.8]},"east":{"uv":[470.1,502.1],"uv_size":[36.8,62.8]},"north":{"uv":[508.1,0.1],"uv_size":[27.8,62.8]},"south":{"uv":[508.1,63.1],"uv_size":[27.8,62.8]},"up":{"uv":[508.1,284.1],"uv_size":[27.8,36.8]},"west":{"uv":[507.1,502.1],"uv_size":[36.8,62.8]}}}],"name":"beak1","parent":"bone","pivot":[0,-19.8,-17.5]},{"cubes":[{"origin":[-18,-47.3,1],"size":[36,38,23],"uv":{"down":{"uv":[36.1,549.9],"uv_size":[35.8,-22.8]},"east":{"uv":[516.1,358.1],"uv_size":[22.8,37.8]},"north":{"uv":[508.1,208.1],"uv_size":[35.8,37.8]},"south":{"uv":[508.1,246.1],"uv_size":[35.8,37.8]},"up":{"uv":[0.1,527.1],"uv_size":[35.8,22.8]},"west":{"uv":[516.1,396.1],"uv_size":[22.8,37.8]}}}],"name":"beak2","parent":"bone","pivot":[0,-12.3,12.5]},{"cubes":[{"origin":[-53.8,23.33466,-35.41221],"pivot":[-50.5,29.83466,-20.41221],"rotation":[-92,0,0],"size":[0,29,30],"uv":{"down":{"uv":[0.1,29.9],"uv_size":[0,-29.8]},"east":{"uv":[545.9,434.1],"uv_size":[-29.8,28.8]},"north":{"uv":[0.1,0.1],"uv_size":[0,28.8]},"south":{"uv":[0.1,0.1],"uv_size":[0,28.8]},"up":{"uv":[0.1,0.1],"uv_size":[0,29.8]},"west":{"uv":[516.1,434.1],"uv_size":[29.8,28.8]}}}],"name":"bone2","parent":"bone","pivot":[-50.5,29.83466,-20.41221]},{"cubes":[{"origin":[53.8,23.33466,-35.41221],"pivot":[50.5,29.83466,-20.41221],"rotation":[-92,0,0],"size":[0,29,30],"uv":{"down":{"uv":[0.1,29.9],"uv_size":[0,-29.8]},"east":{"uv":[545.9,434.1],"uv_size":[-29.8,28.8]},"north":{"uv":[0.1,0.1],"uv_size":[0,28.8]},"south":{"uv":[0.1,0.1],"uv_size":[0,28.8]},"up":{"uv":[0.1,0.1],"uv_size":[0,29.8]},"west":{"uv":[516.1,434.1],"uv_size":[29.8,28.8]}}}],"name":"bone3","parent":"bone","pivot":[50.5,29.83466,-20.41221]}],"description":{"identifier":"geometry.krakenhead","texture_height":1024,"texture_width":1024,"visible_bounds_height":29,"visible_bounds_offset":[0,9.5,0],"visible_bounds_width":44}}]}