{"format_version":"1.12.0","minecraft:geometry":[{"bones":[{"cubes":[{"origin":[-32,10.75,-8.5],"pivot":[0,10.75,-8.5],"rotation":[-9,0,0],"size":[64,48,1],"uv":[0,49]},{"origin":[-32,10.75,7.5],"pivot":[0,10.75,8.5],"rotation":[9,0,0],"size":[64,48,1],"uv":[0,0]},{"origin":[-32,7.75,-9.5],"pivot":[0,10.75,-8.5],"rotation":[-9,0,0],"size":[64,3,3],"uv":[0,105]},{"origin":[-32,7.75,6.5],"pivot":[0,10.75,8.5],"rotation":[9,0,0],"size":[64,3,3],"uv":[0,111]},{"origin":[-35,58.06236,-2],"size":[70,3,4],"uv":[0,98]},{"origin":[32,-0.25,-9.5],"pivot":[3,10.75,-8.5],"rotation":[-9,0,0],"size":[3,59,3],"uv":[24,117]},{"origin":[32,-0.25,6.5],"pivot":[3,10.75,8.5],"rotation":[9,0,0],"size":[3,59,3],"uv":[36,117]},{"origin":[-35,-0.25,-9.5],"pivot":[-3,10.75,-8.5],"rotation":[-9,0,0],"size":[3,59,3],"uv":[0,117]},{"origin":[-35,-0.25,6.5],"pivot":[-3,10.75,8.5],"rotation":[9,0,0],"size":[3,59,3],"uv":[12,117]}],"name":"bb_main","pivot":[0,0,0]}],"description":{"identifier":"geometry.menubillboard","texture_height":256,"texture_width":256,"visible_bounds_height":5.5,"visible_bounds_offset":[0,2.25,0],"visible_bounds_width":6}}]}