{"format_version":"1.12.0","minecraft:geometry":[{"bones":[{"cubes":[{"origin":[-3,-0.025,-3],"size":[6,1,6],"uv":{"down":{"uv":[36,6],"uv_size":[6,-6]},"east":{"uv":[24,6],"uv_size":[6,1]},"north":{"uv":[30,6],"uv_size":[6,1]},"south":{"uv":[42,6],"uv_size":[6,1]},"up":{"uv":[30,0],"uv_size":[6,6]},"west":{"uv":[36,6],"uv_size":[6,1]}}},{"inflate":0.05,"origin":[-3,10.025,-3],"size":[6,3,6],"uv":{"down":{"uv":[12,23],"uv_size":[6,-6]},"east":{"uv":[6,23],"uv_size":[6,3]},"north":{"uv":[6,23],"uv_size":[6,3]},"south":{"uv":[6,23],"uv_size":[6,3]},"up":{"uv":[6,17],"uv_size":[6,6]},"west":{"uv":[6,23],"uv_size":[6,3]}}},{"inflate":0.05,"origin":[-1,13.025,-1],"size":[2,2,2],"uv":{"down":{"uv":[4,2],"uv_size":[2,-2]},"east":{"uv":[0,2],"uv_size":[2,2]},"north":{"uv":[2,2],"uv_size":[2,2]},"south":{"uv":[6,2],"uv_size":[2,2]},"up":{"uv":[2,0],"uv_size":[2,2]},"west":{"uv":[4,2],"uv_size":[2,2]}}},{"origin":[-4,1,-4],"size":[8,9,8],"uv":{"down":{"uv":[16,8],"uv_size":[8,-8]},"east":{"uv":[8,8],"uv_size":[8,9]},"north":{"uv":[8,8],"uv_size":[8,9]},"south":{"uv":[8,8],"uv_size":[8,9]},"up":{"uv":[8,0],"uv_size":[8,8]},"west":{"uv":[8,8],"uv_size":[8,9]}}},{"inflate":0.075,"origin":[2.85503,12.22109,-1],"pivot":[0.25,9.2625,0.25],"rotation":[0,0,-45],"size":[4,4,2],"uv":{"down":{"uv":[22,29],"uv_size":[-4,-2]},"east":{"uv":[20,29],"uv_size":[-2,4]},"north":{"uv":[18,29],"uv_size":[-4,4]},"south":{"uv":[24,29],"uv_size":[-4,4]},"up":{"uv":[18,27],"uv_size":[-4,2]},"west":{"uv":[14,29],"uv_size":[-2,4]}}},{"inflate":0.2,"origin":[-3,9.5,-3],"size":[6,1,6],"uv":{"down":{"uv":[30,26],"uv_size":[6,-6]},"east":{"uv":[18,26],"uv_size":[6,1]},"north":{"uv":[24,26],"uv_size":[6,1]},"south":{"uv":[36,26],"uv_size":[6,1]},"up":{"uv":[24,20],"uv_size":[6,6]},"west":{"uv":[30,26],"uv_size":[6,1]}}},{"origin":[-2,1,-2],"size":[4,1,4],"uv":{"down":{"uv":[8,36],"uv_size":[4,-4]},"east":{"uv":[0,36],"uv_size":[4,1]},"north":{"uv":[4,36],"uv_size":[4,1]},"south":{"uv":[12,36],"uv_size":[4,1]},"up":{"uv":[4,32],"uv_size":[4,4]},"west":{"uv":[8,36],"uv_size":[4,1]}}},{"origin":[-2,2,0],"size":[4,4,0],"uv":{"down":{"uv":[10,37],"uv_size":[4,0]},"east":{"uv":[6,37],"uv_size":[0,4]},"north":{"uv":[6,37],"uv_size":[4,4]},"south":{"uv":[10,37],"uv_size":[4,4]},"up":{"uv":[6,37],"uv_size":[4,0]},"west":{"uv":[10,37],"uv_size":[0,4]}}}],"name":"lamp","pivot":[0,2,0]}],"description":{"identifier":"geometry.morocan_lamp","texture_height":64,"texture_width":64,"visible_bounds_height":2.5,"visible_bounds_offset":[0,0.75,0],"visible_bounds_width":3}}]}