{"format_version":"1.12.0","minecraft:geometry":[{"bones":[{"name":"total","pivot":[0,0,0]},{"name":"palm","parent":"total","pivot":[18,-6,7],"rotation":[0,-17.5,0]},{"name":"bone15","parent":"palm","pivot":[-8.13483,23.4251,10.30371],"rotation":[-2.9932,-0.24964,-9.53283]},{"cubes":[{"origin":[-7.90212,-2,3.13885],"pivot":[-1,-2,6],"rotation":[-5.90405,-0.99101,-19.04067],"size":[6,14,6],"uv":{"down":{"uv":[48,210],"uv_size":[6,-6]},"east":{"uv":[125,200],"uv_size":[6,14]},"north":{"uv":[119,200],"uv_size":[6,14]},"south":{"uv":[131,200],"uv_size":[6,14]},"up":{"uv":[172,158],"uv_size":[6,6]},"west":{"uv":[137,200],"uv_size":[6,14]}}}],"name":"palm1","parent":"bone15","pivot":[-6.05075,-0.95884,6.6077]},{"cubes":[{"origin":[-11.55061,8.81697,4.94686],"pivot":[-11.14849,8.81697,7.30801],"rotation":[-2.9932,-0.24964,-9.53283],"size":[5,14,5],"uv":{"down":{"uv":[188,211],"uv_size":[5,-5]},"east":{"uv":[148,200],"uv_size":[5,14]},"north":{"uv":[143,200],"uv_size":[5,14]},"south":{"uv":[153,200],"uv_size":[5,14]},"up":{"uv":[195,48],"uv_size":[5,5]},"west":{"uv":[158,200],"uv_size":[5,14]}}}],"name":"palm2","parent":"palm1","pivot":[-8.48277,7.61421,7.37452]},{"cubes":[{"origin":[-13.36916,22.60428,6.1779],"pivot":[-13.46705,22.60428,8.03905],"rotation":[0.75155,-0.01564,2.38422],"size":[4,14,4],"uv":{"down":{"uv":[209,61],"uv_size":[4,-4]},"east":{"uv":[203,22],"uv_size":[4,14]},"north":{"uv":[102,202],"uv_size":[4,14]},"south":{"uv":[203,170],"uv_size":[4,14]},"up":{"uv":[207,179],"uv_size":[4,4]},"west":{"uv":[0,204],"uv_size":[4,14]}}}],"name":"palm3","parent":"palm2","pivot":[-11.96519,21.4586,8.47252]},{"cubes":[{"origin":[-12.32591,36.27914,6.50661],"pivot":[-12.92379,36.27914,7.86776],"rotation":[3.7318,-0.3895,11.91304],"size":[3,14,3],"uv":{"down":{"uv":[207,213],"uv_size":[3,-3]},"east":{"uv":[39,204],"uv_size":[3,14]},"north":{"uv":[36,204],"uv_size":[3,14]},"south":{"uv":[42,204],"uv_size":[3,14]},"up":{"uv":[210,206],"uv_size":[3,3]},"west":{"uv":[45,204],"uv_size":[3,14]}}}],"name":"palm4","parent":"palm3","pivot":[-11.52509,35.59321,8.33376]},{"name":"top","parent":"palm4","pivot":[-8.19334,49.09399,7.40445]},{"cubes":[{"origin":[-7.69257,50.54332,1.12428],"pivot":[-7.69257,50.54432,13.12428],"rotation":[0,0,-5],"size":[11,0,12],"uv":{"down":{"uv":[38,256],"uv_size":[11,-12]},"east":{"uv":[0,0],"uv_size":[12,0]},"north":{"uv":[0,0],"uv_size":[11,0]},"south":{"uv":[0,0],"uv_size":[11,0]},"up":{"uv":[108,193],"uv_size":[11,11]},"west":{"uv":[0,0],"uv_size":[12,0]}}}],"name":"1","parent":"top","pivot":[-7.78101,50.42765,7.91301]},{"cubes":[{"origin":[3.0469,52.92418,1.12428],"pivot":[-7.69257,50.54432,13.12428],"rotation":[0,0,7.5],"size":[13,0,12],"uv":{"down":{"uv":[57,256],"uv_size":[13,-12]},"east":{"uv":[0,0],"uv_size":[12,0]},"north":{"uv":[0,0],"uv_size":[13,0]},"south":{"uv":[0,0],"uv_size":[13,0]},"up":{"uv":[173,135],"uv_size":[13,11]},"west":{"uv":[0,0],"uv_size":[12,0]}}}],"name":"2","parent":"1","pivot":[3.33494,51.42774,7.11561]},{"cubes":[{"origin":[16.13302,49.74167,1.12428],"pivot":[16.23243,49.74432,7.12428],"rotation":[0,0,40],"size":[12,0,12],"uv":{"down":{"uv":[27,256],"uv_size":[12,-12]},"east":{"uv":[0,0],"uv_size":[12,0]},"north":{"uv":[0,0],"uv_size":[12,0]},"south":{"uv":[0,0],"uv_size":[12,0]},"up":{"uv":[132,189],"uv_size":[12,11]},"west":{"uv":[0,0],"uv_size":[12,0]}}}],"name":"3","parent":"2","pivot":[16.10743,49.59432,13.12428]},{"cubes":[{"origin":[-7.69257,50.54332,1.12428],"pivot":[-7.69257,50.54432,13.12428],"rotation":[0,0,-5],"size":[11,0,12],"uv":{"down":{"uv":[40,256],"uv_size":[11,-12]},"east":{"uv":[0,0],"uv_size":[12,0]},"north":{"uv":[0,0],"uv_size":[11,0]},"south":{"uv":[0,0],"uv_size":[11,0]},"up":{"uv":[108,193],"uv_size":[11,11]},"west":{"uv":[0,0],"uv_size":[12,0]}}}],"name":"7","parent":"top","pivot":[-7.78101,50.42765,7.91301],"rotation":[164.36231,63.96867,162.69733]},{"cubes":[{"origin":[3.0469,52.92418,1.12428],"pivot":[-7.69257,50.54432,13.12428],"rotation":[0,0,7.5],"size":[13,0,12],"uv":{"down":{"uv":[40,256],"uv_size":[13,-12]},"east":{"uv":[0,0],"uv_size":[12,0]},"north":{"uv":[0,0],"uv_size":[13,0]},"south":{"uv":[0,0],"uv_size":[13,0]},"up":{"uv":[173,135],"uv_size":[13,11]},"west":{"uv":[0,0],"uv_size":[12,0]}}}],"name":"8","parent":"7","pivot":[3.33494,51.42774,7.11561]},{"cubes":[{"origin":[16.13302,49.74167,1.12428],"pivot":[16.23243,49.74432,7.12428],"rotation":[0,0,40],"size":[12,0,12],"uv":{"down":{"uv":[40,256],"uv_size":[12,-12]},"east":{"uv":[0,0],"uv_size":[12,0]},"north":{"uv":[0,0],"uv_size":[12,0]},"south":{"uv":[0,0],"uv_size":[12,0]},"up":{"uv":[132,189],"uv_size":[12,11]},"west":{"uv":[0,0],"uv_size":[12,0]}}}],"name":"9","parent":"8","pivot":[16.10743,49.59432,13.12428]},{"cubes":[{"origin":[-7.69257,50.54332,1.12428],"pivot":[-7.69257,50.54432,13.12428],"rotation":[0,0,-5],"size":[11,0,12],"uv":{"down":{"uv":[40,256],"uv_size":[11,-12]},"east":{"uv":[0,0],"uv_size":[12,0]},"north":{"uv":[0,0],"uv_size":[11,0]},"south":{"uv":[0,0],"uv_size":[11,0]},"up":{"uv":[108,193],"uv_size":[11,11]},"west":{"uv":[0,0],"uv_size":[12,0]}}}],"name":"16","parent":"top","pivot":[-7.78101,50.42765,7.91301],"rotation":[174.11228,5.88636,-173.77328]},{"cubes":[{"origin":[3.0469,52.92418,1.12428],"pivot":[-7.69257,50.54432,13.12428],"rotation":[0,0,7.5],"size":[13,0,12],"uv":{"down":{"uv":[40,256],"uv_size":[13,-12]},"east":{"uv":[0,0],"uv_size":[12,0]},"north":{"uv":[0,0],"uv_size":[13,0]},"south":{"uv":[0,0],"uv_size":[13,0]},"up":{"uv":[173,135],"uv_size":[13,11]},"west":{"uv":[0,0],"uv_size":[12,0]}}}],"name":"17","parent":"16","pivot":[3.33494,51.42774,7.11561]},{"cubes":[{"origin":[16.13302,49.74167,1.12428],"pivot":[16.23243,49.74432,7.12428],"rotation":[0,0,40],"size":[12,0,12],"uv":{"down":{"uv":[40,256],"uv_size":[12,-12]},"east":{"uv":[0,0],"uv_size":[12,0]},"north":{"uv":[0,0],"uv_size":[12,0]},"south":{"uv":[0,0],"uv_size":[12,0]},"up":{"uv":[132,189],"uv_size":[12,11]},"west":{"uv":[0,0],"uv_size":[12,0]}}}],"name":"18","parent":"17","pivot":[16.10743,49.59432,13.12428]},{"cubes":[{"origin":[-7.69257,50.54332,1.12428],"pivot":[-7.69257,50.54432,13.12428],"rotation":[0,0,-5],"size":[11,0,12],"uv":{"down":{"uv":[38,256],"uv_size":[11,-12]},"east":{"uv":[0,0],"uv_size":[12,0]},"north":{"uv":[0,0],"uv_size":[11,0]},"south":{"uv":[0,0],"uv_size":[11,0]},"up":{"uv":[108,193],"uv_size":[11,11]},"west":{"uv":[0,0],"uv_size":[12,0]}}}],"name":"19","parent":"top","pivot":[-7.78101,50.42765,7.91301],"rotation":[-40.59805,-75.24144,38.13983]},{"cubes":[{"origin":[3.0469,52.92418,1.12428],"pivot":[-7.69257,50.54432,13.12428],"rotation":[0,0,7.5],"size":[13,0,12],"uv":{"down":{"uv":[36,256],"uv_size":[13,-12]},"east":{"uv":[0,0],"uv_size":[12,0]},"north":{"uv":[0,0],"uv_size":[13,0]},"south":{"uv":[0,0],"uv_size":[13,0]},"up":{"uv":[173,135],"uv_size":[13,11]},"west":{"uv":[0,0],"uv_size":[12,0]}}}],"name":"20","parent":"19","pivot":[3.33494,51.42774,7.11561]},{"cubes":[{"origin":[16.13302,49.74167,1.12428],"pivot":[16.23243,49.74432,7.12428],"rotation":[0,0,40],"size":[12,0,12],"uv":{"down":{"uv":[26,256],"uv_size":[12,-12]},"east":{"uv":[0,0],"uv_size":[12,0]},"north":{"uv":[0,0],"uv_size":[12,0]},"south":{"uv":[0,0],"uv_size":[12,0]},"up":{"uv":[132,189],"uv_size":[12,11]},"west":{"uv":[0,0],"uv_size":[12,0]}}}],"name":"21","parent":"20","pivot":[16.10743,49.59432,13.12428]},{"cubes":[{"origin":[-7.69257,50.54332,1.12428],"pivot":[-7.69257,50.54432,13.12428],"rotation":[0,0,-5],"size":[11,0,12],"uv":{"down":{"uv":[40,256],"uv_size":[11,-12]},"east":{"uv":[0,0],"uv_size":[12,0]},"north":{"uv":[0,0],"uv_size":[11,0]},"south":{"uv":[0,0],"uv_size":[11,0]},"up":{"uv":[108,193],"uv_size":[11,11]},"west":{"uv":[0,0],"uv_size":[12,0]}}}],"name":"22","parent":"top","pivot":[-7.78101,50.42765,7.91301],"rotation":[-173.96415,-44.30721,179.68503]},{"cubes":[{"origin":[3.0469,52.92418,1.12428],"pivot":[-7.69257,50.54432,13.12428],"rotation":[0,0,7.5],"size":[13,0,12],"uv":{"down":{"uv":[40,256],"uv_size":[13,-12]},"east":{"uv":[0,0],"uv_size":[12,0]},"north":{"uv":[0,0],"uv_size":[13,0]},"south":{"uv":[0,0],"uv_size":[13,0]},"up":{"uv":[173,135],"uv_size":[13,11]},"west":{"uv":[0,0],"uv_size":[12,0]}}}],"name":"23","parent":"22","pivot":[3.33494,51.42774,7.11561]},{"cubes":[{"origin":[16.13302,49.74167,1.12428],"pivot":[16.23243,49.74432,7.12428],"rotation":[0,0,40],"size":[12,0,12],"uv":{"down":{"uv":[40,256],"uv_size":[12,-12]},"east":{"uv":[0,0],"uv_size":[12,0]},"north":{"uv":[0,0],"uv_size":[12,0]},"south":{"uv":[0,0],"uv_size":[12,0]},"up":{"uv":[132,189],"uv_size":[12,11]},"west":{"uv":[0,0],"uv_size":[12,0]}}}],"name":"24","parent":"23","pivot":[16.10743,49.59432,13.12428]},{"cubes":[{"origin":[-7.69257,50.54332,1.12428],"pivot":[-7.69257,50.54432,13.12428],"rotation":[0,0,-5],"size":[11,0,12],"uv":{"down":{"uv":[37,256],"uv_size":[11,-12]},"east":{"uv":[0,0],"uv_size":[12,0]},"north":{"uv":[0,0],"uv_size":[11,0]},"south":{"uv":[0,0],"uv_size":[11,0]},"up":{"uv":[108,193],"uv_size":[11,11]},"west":{"uv":[0,0],"uv_size":[12,0]}}}],"name":"25","parent":"top","pivot":[-7.78101,50.42765,7.91301],"rotation":[137.26173,-60.80817,-125.43432]},{"cubes":[{"origin":[3.0469,52.92418,1.12428],"pivot":[-7.69257,50.54432,13.12428],"rotation":[0,0,7.5],"size":[13,0,12],"uv":{"down":{"uv":[37,256],"uv_size":[13,-12]},"east":{"uv":[0,0],"uv_size":[12,0]},"north":{"uv":[0,0],"uv_size":[13,0]},"south":{"uv":[0,0],"uv_size":[13,0]},"up":{"uv":[173,135],"uv_size":[13,11]},"west":{"uv":[0,0],"uv_size":[12,0]}}}],"name":"26","parent":"25","pivot":[3.33494,51.42774,7.11561]},{"cubes":[{"origin":[16.13302,49.74167,1.12428],"pivot":[16.23243,49.74432,7.12428],"rotation":[0,0,40],"size":[12,0,12],"uv":{"down":{"uv":[37,256],"uv_size":[12,-12]},"east":{"uv":[0,0],"uv_size":[12,0]},"north":{"uv":[0,0],"uv_size":[12,0]},"south":{"uv":[0,0],"uv_size":[12,0]},"up":{"uv":[132,189],"uv_size":[12,11]},"west":{"uv":[0,0],"uv_size":[12,0]}}}],"name":"27","parent":"26","pivot":[16.10743,49.59432,13.12428]},{"cubes":[{"origin":[-7.69257,50.54332,1.12428],"pivot":[-7.69257,50.54432,13.12428],"rotation":[0,0,-5],"size":[11,0,12],"uv":{"down":{"uv":[75,256],"uv_size":[11,-12]},"east":{"uv":[0,0],"uv_size":[12,0]},"north":{"uv":[0,0],"uv_size":[11,0]},"south":{"uv":[0,0],"uv_size":[11,0]},"up":{"uv":[108,193],"uv_size":[11,11]},"west":{"uv":[0,0],"uv_size":[12,0]}}}],"name":"28","parent":"top","pivot":[-7.78101,50.42765,7.91301],"rotation":[-159.11755,42.12364,-154.66681]},{"cubes":[{"origin":[3.0469,52.92418,1.12428],"pivot":[-7.69257,50.54432,13.12428],"rotation":[0,0,7.5],"size":[13,0,12],"uv":{"down":{"uv":[40,256],"uv_size":[13,-12]},"east":{"uv":[0,0],"uv_size":[12,0]},"north":{"uv":[0,0],"uv_size":[13,0]},"south":{"uv":[0,0],"uv_size":[13,0]},"up":{"uv":[173,135],"uv_size":[13,11]},"west":{"uv":[0,0],"uv_size":[12,0]}}}],"name":"29","parent":"28","pivot":[3.33494,51.42774,7.11561]},{"cubes":[{"origin":[16.13302,49.74167,1.12428],"pivot":[16.23243,49.74432,7.12428],"rotation":[0,0,40],"size":[12,0,12],"uv":{"down":{"uv":[40,256],"uv_size":[12,-12]},"east":{"uv":[0,0],"uv_size":[12,0]},"north":{"uv":[0,0],"uv_size":[12,0]},"south":{"uv":[0,0],"uv_size":[12,0]},"up":{"uv":[132,189],"uv_size":[12,11]},"west":{"uv":[0,0],"uv_size":[12,0]}}}],"name":"30","parent":"29","pivot":[16.10743,49.59432,13.12428]},{"cubes":[{"origin":[-7.69257,50.54332,1.12428],"pivot":[-7.69257,50.54432,13.12428],"rotation":[0,0,-5],"size":[11,0,12],"uv":{"down":{"uv":[37,256],"uv_size":[11,-12]},"east":{"uv":[0,0],"uv_size":[12,0]},"north":{"uv":[0,0],"uv_size":[11,0]},"south":{"uv":[0,0],"uv_size":[11,0]},"up":{"uv":[108,193],"uv_size":[11,11]},"west":{"uv":[0,0],"uv_size":[12,0]}}}],"name":"10","parent":"top","pivot":[-7.78101,50.42765,7.91301],"rotation":[-38.68161,71.70791,-31.88838]},{"cubes":[{"origin":[3.0469,52.92418,1.12428],"pivot":[-7.69257,50.54432,13.12428],"rotation":[0,0,7.5],"size":[13,0,12],"uv":{"down":{"uv":[37,256],"uv_size":[13,-12]},"east":{"uv":[0,0],"uv_size":[12,0]},"north":{"uv":[0,0],"uv_size":[13,0]},"south":{"uv":[0,0],"uv_size":[13,0]},"up":{"uv":[173,135],"uv_size":[13,11]},"west":{"uv":[0,0],"uv_size":[12,0]}}}],"name":"11","parent":"10","pivot":[3.33494,51.42774,7.11561]},{"cubes":[{"origin":[16.13302,49.74167,1.12428],"pivot":[16.23243,49.74432,7.12428],"rotation":[0,0,40],"size":[12,0,12],"uv":{"down":{"uv":[37,256],"uv_size":[12,-12]},"east":{"uv":[0,0],"uv_size":[12,0]},"north":{"uv":[0,0],"uv_size":[12,0]},"south":{"uv":[0,0],"uv_size":[12,0]},"up":{"uv":[132,189],"uv_size":[12,11]},"west":{"uv":[0,0],"uv_size":[12,0]}}}],"name":"12","parent":"11","pivot":[16.10743,49.59432,13.12428]},{"cubes":[{"origin":[-7.69257,50.54332,1.12428],"pivot":[-7.69257,50.54432,13.12428],"rotation":[0,0,-5],"size":[11,0,12],"uv":{"down":{"uv":[61,256],"uv_size":[11,-12]},"east":{"uv":[0,0],"uv_size":[12,0]},"north":{"uv":[0,0],"uv_size":[11,0]},"south":{"uv":[0,0],"uv_size":[11,0]},"up":{"uv":[108,193],"uv_size":[11,11]},"west":{"uv":[0,0],"uv_size":[12,0]}}}],"name":"13","parent":"top","pivot":[-7.78101,50.42765,7.91301],"rotation":[-5.56849,34.35047,-24.18765]},{"cubes":[{"origin":[3.0469,52.92418,1.12428],"pivot":[-7.69257,50.54432,13.12428],"rotation":[0,0,7.5],"size":[13,0,12],"uv":{"down":{"uv":[37,256],"uv_size":[13,-12]},"east":{"uv":[0,0],"uv_size":[12,0]},"north":{"uv":[0,0],"uv_size":[13,0]},"south":{"uv":[0,0],"uv_size":[13,0]},"up":{"uv":[173,135],"uv_size":[13,11]},"west":{"uv":[0,0],"uv_size":[12,0]}}}],"name":"14","parent":"13","pivot":[3.33494,51.42774,7.11561]},{"cubes":[{"origin":[16.13302,49.74167,1.12428],"pivot":[16.23243,49.74432,7.12428],"rotation":[0,0,40],"size":[12,0,12],"uv":{"down":{"uv":[27,256],"uv_size":[12,-12]},"east":{"uv":[0,0],"uv_size":[12,0]},"north":{"uv":[0,0],"uv_size":[12,0]},"south":{"uv":[0,0],"uv_size":[12,0]},"up":{"uv":[132,189],"uv_size":[12,11]},"west":{"uv":[0,0],"uv_size":[12,0]}}}],"name":"15","parent":"14","pivot":[16.10743,49.59432,13.12428]},{"cubes":[{"origin":[-7.77538,50.05092,1.15039],"pivot":[-7.77538,50.05192,13.15039],"rotation":[0,0,-5],"size":[11,0,12],"uv":{"down":{"uv":[42,256],"uv_size":[11,-12]},"east":{"uv":[0,0],"uv_size":[12,0]},"north":{"uv":[0,0],"uv_size":[11,0]},"south":{"uv":[0,0],"uv_size":[11,0]},"up":{"uv":[108,193],"uv_size":[11,11]},"west":{"uv":[0,0],"uv_size":[12,0]}}}],"name":"4","parent":"top","pivot":[-7.86382,49.93525,7.93912],"rotation":[0,-22.5,-22.5]},{"cubes":[{"origin":[2.9641,52.43178,1.15039],"pivot":[-7.77538,50.05192,13.15039],"rotation":[0,0,7.5],"size":[13,0,12],"uv":{"down":{"uv":[37,256],"uv_size":[13,-12]},"east":{"uv":[0,0],"uv_size":[12,0]},"north":{"uv":[0,0],"uv_size":[13,0]},"south":{"uv":[0,0],"uv_size":[13,0]},"up":{"uv":[173,135],"uv_size":[13,11]},"west":{"uv":[0,0],"uv_size":[12,0]}}}],"name":"5","parent":"4","pivot":[3.25213,50.93533,7.14172]},{"cubes":[{"origin":[16.05021,49.24927,1.15039],"pivot":[16.14962,49.25192,7.15039],"rotation":[0,0,40],"size":[12,0,12],"uv":{"down":{"uv":[37,256],"uv_size":[12,-12]},"east":{"uv":[0,0],"uv_size":[12,0]},"north":{"uv":[0,0],"uv_size":[12,0]},"south":{"uv":[0,0],"uv_size":[12,0]},"up":{"uv":[132,189],"uv_size":[12,11]},"west":{"uv":[0,0],"uv_size":[12,0]}}}],"name":"6","parent":"5","pivot":[16.02462,49.10192,13.15039]},{"cubes":[{"origin":[-7.10483,41.2855,0.1351],"pivot":[-2.10483,43.2855,4.1351],"rotation":[-21.2488,38.72623,-42.04855],"size":[8,8,8],"uv":{"down":{"uv":[202,210],"uv_size":[8,-8]},"east":{"uv":[202,36],"uv_size":[8,8]},"north":{"uv":[120,180],"uv_size":[8,8]},"south":{"uv":[94,202],"uv_size":[8,8]},"up":{"uv":[202,194],"uv_size":[8,8]},"west":{"uv":[202,158],"uv_size":[8,8]}}}],"name":"coco","parent":"top","pivot":[-8.19334,45.09399,6.40445]},{"cubes":[{"origin":[-12.19334,42.09399,0.40445],"pivot":[-9.19334,45.09399,3.40445],"rotation":[-136.30023,28.26022,-108.24429],"size":[6,6,6],"uv":{"down":{"uv":[108,210],"uv_size":[6,-6]},"east":{"uv":[60,204],"uv_size":[6,6]},"north":{"uv":[54,204],"uv_size":[6,6]},"south":{"uv":[66,204],"uv_size":[6,6]},"up":{"uv":[78,204],"uv_size":[6,6]},"west":{"uv":[72,204],"uv_size":[6,6]}}}],"name":"coco2","parent":"coco","pivot":[-9.19334,45.09399,3.40445]},{"name":"leaves","parent":"palm","pivot":[8,-6,-20],"rotation":[0,17.5,0]},{"name":"bone11","parent":"leaves","pivot":[0.66566,49.71632,-10.36776],"rotation":[-2.15809,35.00817,0.52986]},{"name":"bone10","parent":"leaves","pivot":[-28.66566,47.71632,25.63224],"rotation":[-3.28456,57.43,-4.53722]},{"name":"bone9","parent":"leaves","pivot":[-32.66566,63.71632,21.63224],"rotation":[31.33144,34.12398,47.33883]},{"name":"bone8","parent":"leaves","pivot":[-10.33434,63.71632,21.63224],"rotation":[31.33144,-34.12398,-47.33883]},{"name":"bone6","parent":"leaves","pivot":[-10.33434,63.71632,-13.63224],"rotation":[-31.33144,34.12398,-47.33883]},{"name":"bone7","parent":"leaves","pivot":[-31.66566,63.71632,-13.63224],"rotation":[-31.33144,-34.12398,47.33883]},{"name":"bone5","parent":"leaves","pivot":[-16.66566,51.71632,26.63224],"rotation":[90,82.5,90]},{"name":"bone4","parent":"leaves","pivot":[-16.66566,51.71632,-20.63224],"rotation":[-90,-82.5,90]},{"name":"bone3","parent":"leaves","pivot":[-44.66566,51.71632,-0.63224],"rotation":[0,0,7.5]},{"name":"bone2","parent":"leaves","pivot":[2.66566,51.71632,-0.63224],"rotation":[0,0,-7.5]}],"description":{"identifier":"geometry.palm","texture_height":256,"texture_width":256,"visible_bounds_height":7.5,"visible_bounds_offset":[0,3.25,0],"visible_bounds_width":9}}]}