{"format_version":"1.12.0","minecraft:geometry":[{"bones":[{"name":"Phil","pivot":[0,0,0]},{"cubes":[{"origin":[-4,26,-4],"size":[8,8,8],"uv":[0,16]},{"inflate":0.5,"origin":[-4,26,-4],"size":[8,8,8],"uv":[0,0]}],"name":"Head","parent":"Phil","pivot":[0,26,0]},{"cubes":[{"inflate":0.15,"origin":[-4,12,-2],"size":[8,14,4],"uv":[0,32]},{"inflate":0,"origin":[-4,14,-2],"size":[8,12,4],"uv":[32,0]}],"name":"Body","parent":"Phil","pivot":[0,24,0]},{"cubes":[{"origin":[-7.75,14,-1.75],"size":[3.5,7,3.5],"uv":[15,56]},{"inflate":0.1,"origin":[-8,21,-2],"size":[4,5,4],"uv":[52,52]},{"inflate":0.25,"origin":[-8,19,-2],"size":[4,2,4],"uv":[32,21]}],"name":"RightArm","parent":"Phil","pivot":[-5,25,0]},{"cubes":[{"origin":[4.25,14,-1.75],"size":[3.5,7,3.5],"uv":[56,0]},{"inflate":0.1,"origin":[4,21,-2],"size":[4,5,4],"uv":[46,16]},{"inflate":0.25,"origin":[4,19,-2],"size":[4,2,4],"uv":[52,25]}],"name":"LeftArm","parent":"Phil","pivot":[5,25,0]},{"cubes":[{"origin":[-3.75,0,-1.75],"size":[3.5,5,3.5],"uv":[39,56]},{"origin":[-3.75,0,-3.25],"size":[3.5,2,1.5],"uv":[57,31]},{"origin":[-4,6,-2],"size":[4,8,4],"uv":[40,44]},{"inflate":0.125,"origin":[-4,5,-2],"size":[4,1,4],"uv":[56,10]}],"name":"RightLeg","parent":"Phil","pivot":[-1.9,13,0]},{"cubes":[{"origin":[0.25,0,-1.75],"size":[3.5,5,3.5],"uv":[27,56]},{"origin":[0.25,0,-3.25],"size":[3.5,2,1.5],"uv":[56,48]},{"origin":[0,6,-2],"size":[4,8,4],"uv":[24,44]},{"inflate":0.125,"origin":[0,5,-2],"size":[4,1,4],"uv":[53,40]}],"name":"LeftLeg","parent":"Phil","pivot":[1.9,13,0]},{"name":"Cosmetics","parent":"Phil","pivot":[0,0,0]},{"cubes":[{"origin":[-11,13,-2],"size":[2,1,2],"uv":[36,44]},{"origin":[-19,13,-2],"size":[2,1,2],"uv":[52,45]},{"origin":[-19,13,0],"size":[10,1,3],"uv":[24,16]},{"origin":[-18.75,-1,0.75],"size":[2,2,2],"uv":[0,20]},{"origin":[-18.75,-1,-1.75],"size":[2,2,2],"uv":[0,16]},{"origin":[-11.25,-1,0.75],"size":[2,2,2],"uv":[24,20]},{"origin":[-11.25,-1,-1.75],"size":[2,2,2],"uv":[24,2]},{"origin":[-16.5,13,-1.5],"size":[1,7,1],"uv":[0,0]},{"origin":[-16.75,20,-1.75],"size":[5.5,1,1.5],"uv":[24,0]},{"origin":[-12.5,13,-1.5],"size":[1,7,1],"uv":[4,0]},{"origin":[-19,1,-2],"size":[10,12,5],"uv":[27,27]}],"name":"suitcase","parent":"Cosmetics","pivot":[0,0,0]}],"description":{"identifier":"geometry.phil","texture_height":128,"texture_width":128,"visible_bounds_height":3.5,"visible_bounds_offset":[0,1.25,0],"visible_bounds_width":4}}]}