{"format_version":"1.12.0","minecraft:geometry":[{"bones":[{"cubes":[{"origin":[-4,0,-14],"size":[8,8,20],"uv":[0,0]},{"origin":[-2,1,-18],"size":[4,3,4],"uv":[0,0]},{"origin":[-0.5,7.025,-1.375],"pivot":[0,10.5,0],"rotation":[-20,0,0],"size":[1,5,4],"uv":[0,7]}],"name":"torso","pivot":[0,0,0]},{"cubes":[{"mirror":true,"origin":[4,1,-6],"size":[7,2,6],"uv":[16,47]}],"name":"fin1","parent":"torso","pivot":[4.5,2,-3]},{"cubes":[{"origin":[-11,1,-6],"size":[7,2,6],"uv":[16,47]}],"name":"fine2","parent":"torso","pivot":[-3.5,2,-3]},{"cubes":[{"origin":[-3,1,6],"size":[6,6,11],"uv":[0,28]}],"name":"lowertorso","parent":"torso","pivot":[0,4,7.5]},{"cubes":[{"origin":[1.1534,3,11.23958],"pivot":[2.53799,4,15.83746],"rotation":[0,25,0],"size":[2,2,14],"uv":[36,0]},{"mirror":true,"origin":[-3.1534,3,11.23958],"pivot":[-2.53799,4,15.83746],"rotation":[0,-25,0],"size":[2,2,14],"uv":[36,0]},{"inflate":0.025,"origin":[-1.1034,3,12.23958],"pivot":[-2.28799,4,15.83746],"rotation":[0,-25,0],"size":[2,1,12],"uv":[40,40]},{"inflate":0.025,"origin":[-0.82692,2.975,12.21458],"pivot":[2.35768,3.975,15.81246],"rotation":[0,25,0],"size":[2,1,12],"uv":[0,45]},{"inflate":-0.075,"origin":[-2.95266,3,13.79823],"size":[6,1,11],"uv":[38,28]}],"name":"Tail","parent":"lowertorso","pivot":[0.02341,3.695,15.70057]}],"description":{"identifier":"geometry.pinkdolphin","texture_height":128,"texture_width":128,"visible_bounds_height":4.5,"visible_bounds_offset":[0,1.75,0],"visible_bounds_width":4}}]}