{"format_version":"1.12.0","minecraft:geometry":[{"bones":[{"name":"pizza","pivot":[0,2,-0.175]},{"cubes":[{"origin":[-0.43608,4.71602,-0.65],"pivot":[0.01715,5.03262,-0.15],"rotation":[0,0,7.5],"size":[1,21,2],"uv":[22,27]},{"inflate":0.025,"origin":[-7.94786,3.09169,-0.65],"pivot":[-7.84215,23.03262,-0.15],"rotation":[0,0,-22.5],"size":[1,21,2],"uv":[48,21]},{"inflate":0.01,"origin":[-5,24,-1],"size":[10,3,3],"uv":[0,0]},{"origin":[-8.85403,22.23882,-1],"pivot":[-8.85403,23.23882,0.5],"rotation":[0,0,-22.5],"size":[5,3,3],"uv":[50,6]},{"origin":[3.85403,22.23882,-1],"pivot":[8.85403,23.23882,0.5],"rotation":[0,0,22.5],"size":[5,3,3],"uv":[50,0]},{"origin":[7.04786,3.09169,-0.65],"pivot":[7.84215,23.03262,-0.15],"rotation":[0,0,22.5],"size":[1,21,2],"uv":[18,48]},{"origin":[-0.43608,4.71602,-0.65],"pivot":[0.01715,5.03262,-0.15],"rotation":[0,0,-20],"size":[1,21,2],"uv":[44,44]},{"origin":[-0.43608,4.71602,-0.65],"pivot":[0.01715,5.03262,-0.15],"rotation":[0,0,-17.5],"size":[1,21,2],"uv":[34,44]},{"origin":[-0.43608,4.71602,-0.65],"pivot":[0.01715,5.03262,-0.15],"rotation":[0,0,-15],"size":[1,21,2],"uv":[44,0]},{"origin":[-0.43608,4.71602,-0.65],"pivot":[0.01715,5.03262,-0.15],"rotation":[0,0,-12.5],"size":[1,21,2],"uv":[40,23]},{"origin":[-0.43608,4.71602,-0.65],"pivot":[0.01715,5.03262,-0.15],"rotation":[0,0,-10],"size":[1,21,2],"uv":[38,0]},{"origin":[-0.43608,4.71602,-0.65],"pivot":[0.01715,5.03262,-0.15],"rotation":[0,0,-7.5],"size":[1,21,2],"uv":[34,21]},{"origin":[-0.43608,4.71602,-0.65],"pivot":[0.01715,5.03262,-0.15],"rotation":[0,0,-5],"size":[1,21,2],"uv":[30,0]},{"origin":[-0.43608,4.71602,-0.65],"pivot":[0.01715,5.03262,-0.15],"rotation":[0,0,-2.5],"size":[1,21,2],"uv":[12,29]},{"origin":[-0.43608,4.71602,-0.65],"pivot":[0.01715,5.03262,-0.15],"rotation":[0,0,0],"size":[1,21,2],"uv":[6,29]},{"origin":[-0.43608,4.71602,-0.65],"pivot":[0.01715,5.03262,-0.15],"rotation":[0,0,2.5],"size":[1,21,2],"uv":[0,29]},{"origin":[-0.43608,4.71602,-0.65],"pivot":[0.01715,5.03262,-0.15],"rotation":[0,0,5],"size":[1,21,2],"uv":[28,25]},{"origin":[-0.43608,4.71602,-0.65],"pivot":[0.01715,5.03262,-0.15],"rotation":[0,0,10],"size":[1,21,2],"uv":[24,4]},{"origin":[-0.43608,4.71602,-0.65],"pivot":[0.01715,5.03262,-0.15],"rotation":[0,0,12.5],"size":[1,21,2],"uv":[18,6]},{"origin":[-0.43608,4.71602,-0.65],"pivot":[0.01715,5.03262,-0.15],"rotation":[0,0,15],"size":[1,21,2],"uv":[12,6]},{"origin":[-0.43608,4.71602,-0.65],"pivot":[0.01715,5.03262,-0.15],"rotation":[0,0,17.5],"size":[1,21,2],"uv":[6,6]},{"origin":[-0.43608,4.71602,-0.65],"pivot":[0.01715,5.03262,-0.15],"rotation":[0,0,20],"size":[1,21,2],"uv":[0,6]},{"origin":[-6.825,5,-1],"size":[14,19,0],"uv":[51,46]}],"name":"pizz","parent":"pizza","pivot":[0,0,0]},{"cubes":[{"origin":[-13,22.575,-0.175],"size":[13,2,1],"uv":[54,20]},{"origin":[-16,8.575,-1.175],"size":[3,17,3],"uv":[40,87]},{"origin":[-13,9.575,-0.175],"size":[13,2,1],"uv":[54,20]}],"name":"bone","parent":"pizza","pivot":[0,3.575,0]}],"description":{"identifier":"geometry.pizza_sign","texture_height":128,"texture_width":128,"visible_bounds_height":3.5,"visible_bounds_offset":[0,1.25,0],"visible_bounds_width":3}}]}