{"format_version":"1.12.0","minecraft:geometry":[{"bones":[{"cubes":[{"origin":[-9,12,-9],"size":[18,4,21],"uv":[0,0]},{"origin":[-9,0,-9],"size":[18,2,21],"uv":[0,25]},{"origin":[0,2,-10],"pivot":[0,6.5,-1.5],"rotation":[0,35,0],"size":[0,6,16],"uv":[0,85]},{"mirror":true,"origin":[0,2,-10],"pivot":[0,6.5,-1.5],"rotation":[0,-35,0],"size":[0,6,16],"uv":[0,85]},{"origin":[-5,2,8],"size":[10,10,3],"uv":[44,82]},{"origin":[5,2,-8],"size":[3,10,19],"uv":[41,53]},{"mirror":true,"origin":[-8,2,-8],"size":[3,10,19],"uv":[41,53]},{"origin":[-4.75,2,-7],"pivot":[-2.5,3.5,0],"rotation":[0,0,-10],"size":[3,3,16],"uv":[22,82]},{"origin":[1.75,2.25,-7],"pivot":[1.5,3.5,0],"rotation":[0,0,5],"size":[3,3,16],"uv":[0,72]},{"origin":[-0.51703,2.1099,-7.5],"pivot":[0.23297,3.3599,0],"rotation":[0,0,-10],"size":[3,3,16],"uv":[69,66]},{"origin":[-2.76703,2.1099,-6.75],"pivot":[0.23297,3.3599,0],"rotation":[0,0,10],"size":[3,3,16],"uv":[66,35]},{"origin":[-5,8,-8],"size":[10,4,2],"uv":[57,0]},{"origin":[-5,16,-8],"size":[10,8,5],"uv":[88,35]},{"origin":[-5,16,-8],"size":[10,8,5],"uv":[88,35]},{"origin":[-8,16,-3],"size":[16,10,14],"uv":[0,48]},{"origin":[-3,24,-6],"size":[6,16,8],"uv":[84,0]},{"origin":[-4,40,-7],"size":[8,5,10],"uv":[60,85]}],"name":"bb_main","pivot":[0,0,0]}],"description":{"identifier":"geometry.pizzaoven","texture_height":128,"texture_width":128,"visible_bounds_height":4.5,"visible_bounds_offset":[0,1.75,0],"visible_bounds_width":3}}]}