{"format_version":"1.12.0","minecraft:geometry":[{"bones":[{"cubes":[{"origin":[-9,1,-6],"size":[18,2,12],"uv":[0,16]},{"origin":[-7,3,5],"size":[14,26,1],"uv":[56,57]},{"origin":[-9,29,-6],"size":[18,4,12],"uv":[0,0]},{"origin":[7,0,-5],"size":[1,1,1],"uv":[4,16]},{"origin":[-8,0,-5],"size":[1,1,1],"uv":[0,16]},{"origin":[-8,0,4],"size":[1,1,1],"uv":[8,4]},{"origin":[7,0,4],"size":[1,1,1],"uv":[8,6]},{"origin":[7,3,-6],"size":[2,26,12],"uv":[28,30]},{"origin":[-9,3,-6],"size":[2,26,12],"uv":[0,30]}],"name":"bb_main","pivot":[0,0,0]},{"cubes":[{"inflate":-0.5,"origin":[-6,11,-7.5],"size":[2,6,2],"uv":[0,0]},{"inflate":-0.025,"origin":[-7,3,-6],"size":[14,26,1],"uv":[56,30]},{"inflate":-0.25,"origin":[6.5,3,-6.5],"size":[1,26,1],"uv":[0,68]}],"name":"bone2","pivot":[7,15,-6],"rotation":[0,-52.5,0]},{"cubes":[{"origin":[-7,25.5,-1],"size":[14,1,1],"uv":[48,10]}],"name":"chicken1","pivot":[0,26,-0.5]},{"cubes":[{"origin":[-6,24.5,-2],"size":[4,3,3],"uv":[16,30]},{"origin":[-3,25.75,-2.25],"size":[2,2,1],"uv":[0,8]},{"inflate":-0.25,"origin":[-1.25,26.925,-2.425],"size":[1,1,1],"uv":[6,0]},{"origin":[-3,25.75,0.25],"size":[2,2,1],"uv":[6,8]},{"inflate":-0.25,"origin":[-1.25,26.925,0.425],"size":[1,1,1],"uv":[8,2]}],"name":"bone","parent":"chicken1","pivot":[0,0,0]},{"cubes":[{"origin":[0.5,24.5,-2],"size":[4,3,3],"uv":[16,30]},{"origin":[3.5,25.75,-2.25],"size":[2,2,1],"uv":[0,8]},{"inflate":-0.25,"origin":[5.25,26.925,-2.425],"size":[1,1,1],"uv":[6,0]},{"origin":[3.5,25.75,0.25],"size":[2,2,1],"uv":[6,8]},{"inflate":-0.25,"origin":[5.25,26.925,0.425],"size":[1,1,1],"uv":[8,2]}],"name":"bone3","parent":"chicken1","pivot":[6.5,0,0]},{"cubes":[{"origin":[-7,21.5,-1],"size":[14,1,1],"uv":[48,10]}],"name":"chicken2","pivot":[0,22,-0.5]},{"cubes":[{"origin":[-6,20.5,-2],"size":[4,3,3],"uv":[16,30]},{"origin":[-3,21.75,-2.25],"size":[2,2,1],"uv":[0,8]},{"inflate":-0.25,"origin":[-1.25,22.925,-2.425],"size":[1,1,1],"uv":[6,0]},{"origin":[-3,21.75,0.25],"size":[2,2,1],"uv":[6,8]},{"inflate":-0.25,"origin":[-1.25,22.925,0.425],"size":[1,1,1],"uv":[8,2]}],"name":"bone4","parent":"chicken2","pivot":[0,-6,0]},{"cubes":[{"origin":[0.5,20.5,-2],"size":[4,3,3],"uv":[16,30]},{"origin":[3.5,21.75,-2.25],"size":[2,2,1],"uv":[0,8]},{"inflate":-0.25,"origin":[5.25,22.925,-2.425],"size":[1,1,1],"uv":[6,0]},{"origin":[3.5,21.75,0.25],"size":[2,2,1],"uv":[6,8]},{"inflate":-0.25,"origin":[5.25,22.925,0.425],"size":[1,1,1],"uv":[8,2]}],"name":"bone5","parent":"chicken2","pivot":[6.5,-6,0]},{"cubes":[{"origin":[-7,17.5,-1],"size":[14,1,1],"uv":[48,10]}],"name":"chicken3","pivot":[0,18,-0.5]},{"cubes":[{"origin":[-6,16.5,-2],"size":[4,3,3],"uv":[16,30]},{"origin":[-3,17.75,-2.25],"size":[2,2,1],"uv":[0,8]},{"inflate":-0.25,"origin":[-1.25,18.925,-2.425],"size":[1,1,1],"uv":[6,0]},{"origin":[-3,17.75,0.25],"size":[2,2,1],"uv":[6,8]},{"inflate":-0.25,"origin":[-1.25,18.925,0.425],"size":[1,1,1],"uv":[8,2]}],"name":"bone6","parent":"chicken3","pivot":[0,-6,0]},{"cubes":[{"origin":[0.5,16.5,-2],"size":[4,3,3],"uv":[16,30]},{"origin":[3.5,17.75,-2.25],"size":[2,2,1],"uv":[0,8]},{"inflate":-0.25,"origin":[5.25,18.925,-2.425],"size":[1,1,1],"uv":[6,0]},{"origin":[3.5,17.75,0.25],"size":[2,2,1],"uv":[6,8]},{"inflate":-0.25,"origin":[5.25,18.925,0.425],"size":[1,1,1],"uv":[8,2]}],"name":"bone7","parent":"chicken3","pivot":[6.5,-6,0]},{"cubes":[{"origin":[-7,13.5,-1],"size":[14,1,1],"uv":[48,10]}],"name":"chicken4","pivot":[0,14,-0.5]},{"cubes":[{"origin":[-6,12.5,-2],"size":[4,3,3],"uv":[16,30]},{"origin":[-3,13.75,-2.25],"size":[2,2,1],"uv":[0,8]},{"inflate":-0.25,"origin":[-1.25,14.925,-2.425],"size":[1,1,1],"uv":[6,0]},{"origin":[-3,13.75,0.25],"size":[2,2,1],"uv":[6,8]},{"inflate":-0.25,"origin":[-1.25,14.925,0.425],"size":[1,1,1],"uv":[8,2]}],"name":"bone8","parent":"chicken4","pivot":[0,-6,0]},{"cubes":[{"origin":[0.5,12.5,-2],"size":[4,3,3],"uv":[16,30]},{"origin":[3.5,13.75,-2.25],"size":[2,2,1],"uv":[0,8]},{"inflate":-0.25,"origin":[5.25,14.925,-2.425],"size":[1,1,1],"uv":[6,0]},{"origin":[3.5,13.75,0.25],"size":[2,2,1],"uv":[6,8]},{"inflate":-0.25,"origin":[5.25,14.925,0.425],"size":[1,1,1],"uv":[8,2]}],"name":"bone9","parent":"chicken4","pivot":[6.5,-6,0]},{"cubes":[{"origin":[-7,9.5,-1],"size":[14,1,1],"uv":[48,10]}],"name":"chicken5","pivot":[0,10,-0.5]},{"cubes":[{"origin":[-6,8.5,-2],"size":[4,3,3],"uv":[16,30]},{"origin":[-3,9.75,-2.25],"size":[2,2,1],"uv":[0,8]},{"inflate":-0.25,"origin":[-1.25,10.925,-2.425],"size":[1,1,1],"uv":[6,0]},{"origin":[-3,9.75,0.25],"size":[2,2,1],"uv":[6,8]},{"inflate":-0.25,"origin":[-1.25,10.925,0.425],"size":[1,1,1],"uv":[8,2]}],"name":"bone10","parent":"chicken5","pivot":[0,-6,0]},{"cubes":[{"origin":[0.5,8.5,-2],"size":[4,3,3],"uv":[16,30]},{"origin":[3.5,9.75,-2.25],"size":[2,2,1],"uv":[0,8]},{"inflate":-0.25,"origin":[5.25,10.925,-2.425],"size":[1,1,1],"uv":[6,0]},{"origin":[3.5,9.75,0.25],"size":[2,2,1],"uv":[6,8]},{"inflate":-0.25,"origin":[5.25,10.925,0.425],"size":[1,1,1],"uv":[8,2]}],"name":"bone11","parent":"chicken5","pivot":[6.5,-6,0]},{"cubes":[{"origin":[-7,5.5,-1],"size":[14,1,1],"uv":[48,10]}],"name":"chicken6","pivot":[0,6,-0.5]},{"cubes":[{"origin":[-6,4.5,-2],"size":[4,3,3],"uv":[16,30]},{"origin":[-3,5.75,-2.25],"size":[2,2,1],"uv":[0,8]},{"inflate":-0.25,"origin":[-1.25,6.925,-2.425],"size":[1,1,1],"uv":[6,0]},{"origin":[-3,5.75,0.25],"size":[2,2,1],"uv":[6,8]},{"inflate":-0.25,"origin":[-1.25,6.925,0.425],"size":[1,1,1],"uv":[8,2]}],"name":"bone12","parent":"chicken6","pivot":[0,-6,0]},{"cubes":[{"origin":[0.5,4.5,-2],"size":[4,3,3],"uv":[16,30]},{"origin":[3.5,5.75,-2.25],"size":[2,2,1],"uv":[0,8]},{"inflate":-0.25,"origin":[5.25,6.925,-2.425],"size":[1,1,1],"uv":[6,0]},{"origin":[3.5,5.75,0.25],"size":[2,2,1],"uv":[6,8]},{"inflate":-0.25,"origin":[5.25,6.925,0.425],"size":[1,1,1],"uv":[8,2]}],"name":"bone13","parent":"chicken6","pivot":[6.5,-6,0]}],"description":{"identifier":"geometry.rotisseriestation","texture_height":128,"texture_width":128,"visible_bounds_height":3.5,"visible_bounds_offset":[0,1.25,0],"visible_bounds_width":3}}]}