{"format_version":"1.12.0","minecraft:geometry":[{"bones":[{"cubes":[{"mirror":true,"origin":[-9,7.6,0],"pivot":[0,16.1,0],"rotation":[0,-90,0],"size":[18,17,0],"uv":[0,35]},{"mirror":true,"origin":[-9,7.6,0],"size":[18,17,0],"uv":[0,35]},{"origin":[-3,0,-3],"pivot":[0,2.5,0],"rotation":[0,-42.5,0],"size":[6,1,6],"uv":[30,0]},{"origin":[-5,1,-5],"pivot":[0,2.5,0],"rotation":[0,-42.5,0],"size":[10,7,10],"uv":[0,0]}],"name":"sakura_shrub","pivot":[0,16.1,0],"rotation":[0,42.5,0]}],"description":{"identifier":"geometry.sakura_shrub","texture_height":64,"texture_width":64,"visible_bounds_height":3.5,"visible_bounds_offset":[0,1.25,0],"visible_bounds_width":2}}]}