{"format_version":"1.12.0","minecraft:geometry":[{"bones":[{"cubes":[{"origin":[3,0,-3],"size":[2,5,6],"uv":[16,16]},{"origin":[3,0,-6],"size":[3,6,3],"uv":[37,35]},{"origin":[-6,0,-6],"size":[3,6,3],"uv":[12,33]},{"origin":[3,0,3],"size":[3,6,3],"uv":[0,31]},{"origin":[-6,0,3],"size":[3,6,3],"uv":[28,29]},{"origin":[2.5,6.025,-6.5],"size":[4,2,4],"uv":[28,23]},{"origin":[2.5,6.025,2.5],"size":[4,2,4],"uv":[12,27]},{"origin":[-6.5,6.025,2.5],"size":[4,2,4],"uv":[26,16]},{"origin":[-6.5,6.025,-6.5],"size":[4,2,4],"uv":[26,7]},{"origin":[-2,0,-2],"size":[4,9,4],"uv":[0,0]},{"origin":[-5,0,-3],"size":[2,5,6],"uv":[0,13]},{"origin":[-3,0,-5],"size":[6,5,2],"uv":[0,24]},{"origin":[-3,0,3],"size":[6,5,2],"uv":[16,0]},{"origin":[-2.5,9.025,-2.5],"size":[5,3,5],"uv":[11,8]}],"name":"total","pivot":[-0.5,7.025,-0.5]}],"description":{"identifier":"geometry.sandcastle","texture_height":64,"texture_width":64,"visible_bounds_height":2.5,"visible_bounds_offset":[0,0.75,0],"visible_bounds_width":2}}]}