{"format_version":"1.12.0","minecraft:geometry":[{"bones":[{"cubes":[{"origin":[-8,12,-8],"size":[16,4,16],"uv":[0,0]},{"origin":[-8,0,-8],"size":[16,3,16],"uv":[0,48]},{"origin":[-8,3,-7],"size":[16,9,15],"uv":[66,0]},{"origin":[1.5,15.5,-6],"size":[5,1,5],"uv":[30,41]},{"origin":[-6.5,15.5,-6],"size":[5,1,5],"uv":[15,39]},{"origin":[-6.5,15.5,0],"size":[5,1,5],"uv":[0,38]},{"origin":[1.5,15.5,0],"size":[5,1,5],"uv":[31,35]},{"origin":[-8,16,6],"size":[16,4,2],"uv":[0,32]}],"name":"total","pivot":[0,0,0]},{"cubes":[{"inflate":0.025,"origin":[-8,3,-8],"size":[16,9,1],"uv":[48,0]},{"inflate":0.025,"origin":[-7,10,-9],"size":[14,2,1],"uv":[36,32]}],"name":"oven","parent":"total","pivot":[-8,3,-7]}],"description":{"identifier":"geometry.simplestove","texture_height":128,"texture_width":128,"visible_bounds_height":2.5,"visible_bounds_offset":[0,0.75,0],"visible_bounds_width":3}}]}