{"format_version":"1.12.0","minecraft:geometry":[{"bones":[{"cubes":[{"origin":[-16,3,-9],"size":[32,2,12],"uv":[0,0]},{"origin":[-16,7,1],"pivot":[-15,0,4],"rotation":[-7.5,0,0],"size":[32,11,2],"uv":[0,14]},{"origin":[10.975,0,2],"pivot":[-15,0,4],"rotation":[-7.5,0,0],"size":[4,19,4],"uv":[16,44]},{"origin":[11,0,-8],"size":[4,3,11],"uv":[19,30]},{"origin":[-14.975,0,2],"pivot":[-15,0,4],"rotation":[-7.5,0,0],"size":[4,19,4],"uv":[0,41]},{"origin":[-15,0,-8],"size":[4,3,11],"uv":[0,27]}],"name":"total","pivot":[0,0,-3]}],"description":{"identifier":"geometry.streetbench","texture_height":128,"texture_width":128,"visible_bounds_height":2.5,"visible_bounds_offset":[0,0.75,0],"visible_bounds_width":3}}]}