{"format_version":"1.12.0","minecraft:geometry":[{"bones":[{"cubes":[{"origin":[-1,64,-1],"size":[2,62,2],"uv":[12,0]},{"inflate":-0.025,"origin":[-6,118,-1],"pivot":[0,119,-1],"rotation":[0,0,47.5],"size":[6,2,2],"uv":[20,20]},{"inflate":-0.075,"origin":[-22.75411,124.63496,-1],"size":[14,2,2],"uv":[20,0]},{"inflate":-0.05,"origin":[-9.31626,122.09925,-1],"pivot":[-3.31626,124.09925,-1],"rotation":[0,0,25],"size":[6,2,2],"uv":[20,16]},{"origin":[-1.5,123,-1.5],"size":[3,2,3],"uv":[20,24]},{"origin":[-21.75411,123.63496,-2],"size":[5,1,4],"uv":[20,11]},{"origin":[-22.25411,121.63496,-2.5],"size":[6,2,5],"uv":[20,4]},{"origin":[-1.5,0,-1.5],"size":[3,64,3],"uv":[0,0]}],"name":"total","pivot":[0.5,0,0.5]}],"description":{"identifier":"geometry.streetlight","texture_height":128,"texture_width":128,"visible_bounds_height":9.5,"visible_bounds_offset":[0,4.25,0],"visible_bounds_width":4}}]}