{"format_version":"1.12.0","minecraft:geometry":[{"bones":[{"cubes":[{"origin":[-16,9,-12],"size":[32,8,16],"uv":[0,0]},{"origin":[-16,9,4],"size":[32,9.75,6],"uv":[74,76]},{"origin":[-16,1,-8],"size":[32,8,16],"uv":[0,24]},{"origin":[-15,0,6],"size":[1,1,1],"uv":[3,3]},{"origin":[14,0,6],"size":[1,1,1],"uv":[3,1]},{"origin":[14,0,-7],"size":[1,1,1],"uv":[0,0]},{"origin":[-15,0,-7],"size":[1,1,1],"uv":[0,2]}],"name":"bb_main","pivot":[0,0,0]},{"cubes":[{"inflate":-0.025,"origin":[-16,18,-4],"pivot":[-16,25,-4],"rotation":[-37.5,0,0],"size":[32,7,11.31371],"uv":[0,48]},{"origin":[-16,17,-12],"size":[32,8,8],"uv":[0,66]}],"name":"bone","pivot":[0,0,0]}],"description":{"identifier":"geometry.sushistation","texture_height":256,"texture_width":256,"visible_bounds_height":3.5,"visible_bounds_offset":[0,1.25,0],"visible_bounds_width":3}}]}