{"format_version":"1.12.0","minecraft:geometry":[{"bones":[{"name":"Toucan","pivot":[0.5,5.36331,-0.61122]},{"cubes":[{"origin":[-2.5,1.51757,-2.04634],"pivot":[0.5,5.36331,-0.61122],"rotation":[25,0,0],"size":[5,7,4],"uv":[0,13]}],"name":"body","parent":"Toucan","pivot":[0.5,5.36331,-0.61122]},{"cubes":[{"origin":[2.5,1.51757,-2.04634],"pivot":[0.5,5.36331,-0.61122],"rotation":[25,0,0],"size":[1,7,4],"uv":[18,13]}],"name":"feather1","parent":"body","pivot":[3,8.28869,-0.95315]},{"cubes":[{"origin":[-3.5,1.64715,-3.3147],"pivot":[-3,8.28869,-0.95315],"rotation":[25,0,0],"size":[1,7,4],"uv":[0,24]}],"name":"feather2","parent":"body","pivot":[-3,8.28869,-0.95315]},{"cubes":[{"origin":[-1.5,9,-9],"size":[3,3,9],"uv":[0,0]},{"origin":[0,10,-1],"size":[0,4,4],"uv":[10,27]}],"name":"head","parent":"body","pivot":[0,9.25,-0.75]},{"cubes":[{"origin":[-1.5,-1.27338,2.27755],"pivot":[0,0.72662,3.27755],"rotation":[25,0,0],"size":[3,4,2],"uv":[15,0]}],"name":"tail","parent":"body","pivot":[0,2.72662,3.27755]},{"cubes":[{"inflate":-0.025,"origin":[-2.5,0,0],"size":[2,2,2],"uv":[0,0]}],"name":"feet1","parent":"body","pivot":[-1.5,2,2]},{"cubes":[{"inflate":-0.025,"origin":[0.5,0,0],"size":[2,2,2],"uv":[0,4]}],"name":"feet2","parent":"body","pivot":[1.5,2,2]}],"description":{"identifier":"geometry.toucan","texture_height":64,"texture_width":64,"visible_bounds_height":2.5,"visible_bounds_offset":[0,0.75,0],"visible_bounds_width":2}}]}