{"format_version":"1.12.0","minecraft:geometry":[{"bones":[{"cubes":[{"origin":[-5,11,-2],"size":[10,5,7],"uv":[36,14]},{"origin":[5,0,-6],"size":[1,16,12],"uv":[26,34]},{"origin":[-6,0,-6],"size":[1,16,12],"uv":[0,34]},{"origin":[-6,16,-6],"size":[12,1,12],"uv":[0,21]},{"origin":[-5,0,-5],"size":[10,11,10],"uv":[0,0]},{"origin":[-5,11,-5],"size":[10,5,1],"uv":[30,0]}],"name":"total","pivot":[5,16,-5]}],"description":{"identifier":"geometry.trashcan","texture_height":128,"texture_width":128,"visible_bounds_height":2.5,"visible_bounds_offset":[0,0.75,0],"visible_bounds_width":2}}]}