{"format_version":"1.12.0","minecraft:geometry":[{"bones":[{"cubes":[{"origin":[-5,0,-5],"size":[10,3,10],"uv":[0,0]},{"origin":[-4,3,-4],"size":[8,3,8],"uv":[24,40]}],"name":"bb_main","pivot":[0,0,0]},{"cubes":[{"inflate":-0.025,"origin":[-4,5.75,-4],"size":[8,9,8],"uv":[24,23]}],"name":"bone","pivot":[0,5.75,0]},{"cubes":[{"inflate":-0.05,"origin":[-4,14.675,-4],"size":[8,10,8],"uv":[0,13]}],"name":"bone4","parent":"bone","pivot":[0,14.75,0]},{"cubes":[{"inflate":-0.025,"origin":[-4,24.6,-4],"size":[8,8,8],"uv":[0,32]},{"inflate":-0.025,"origin":[-4,32.6,-4],"size":[8,3,8],"uv":[32,5]}],"name":"bone5","parent":"bone4","pivot":[0,24.75,0]},{"name":"bone2","parent":"bone4","pivot":[8,28.25,0]},{"cubes":[{"inflate":-0.025,"origin":[4,19.75,-2],"size":[5,4,4],"uv":[54,48]}],"name":"bone9","parent":"bone2","pivot":[4,21.75,0]},{"cubes":[{"inflate":-0.025,"origin":[9,19.75,-2],"size":[5,4,4],"uv":[36,51]}],"name":"bone10","parent":"bone9","pivot":[9,21.75,0]},{"cubes":[{"inflate":-0.025,"origin":[14,19.75,-2],"size":[5,4,4],"uv":[18,51]}],"name":"bone11","parent":"bone10","pivot":[14,21.75,0]},{"name":"bone3","parent":"bone4","pivot":[-8,28.25,0]},{"cubes":[{"inflate":-0.025,"mirror":true,"origin":[-9,19.75,-2],"size":[5,4,4],"uv":[54,48]}],"name":"bone6","parent":"bone3","pivot":[-4,21.75,0]},{"cubes":[{"inflate":-0.025,"mirror":true,"origin":[-14,19.75,-2],"size":[5,4,4],"uv":[36,51]}],"name":"bone7","parent":"bone6","pivot":[-9,21.75,0]},{"cubes":[{"inflate":-0.025,"mirror":true,"origin":[-19,19.75,-2],"size":[5,4,4],"uv":[18,51]}],"name":"bone8","parent":"bone7","pivot":[-14,21.75,0]}],"description":{"identifier":"geometry.wackyarm","texture_height":128,"texture_width":128,"visible_bounds_height":3.5,"visible_bounds_offset":[0,1.25,0],"visible_bounds_width":4}}]}