{"format_version":"1.12.0","minecraft:geometry":[{"bones":[{"cubes":[{"origin":[-3,0,0],"size":[11,11,1],"uv":[0,16]},{"origin":[5,23,0],"pivot":[8,26,0.5],"rotation":[0,0,-45],"size":[6,6,1],"uv":[0,28]},{"origin":[-15.12132,6.70711,0],"pivot":[-11.12132,10.70711,0.5],"rotation":[0,0,-35],"size":[8,8,1],"uv":[24,16]},{"origin":[-13,18,0],"pivot":[-5.5,25.5,0.5],"rotation":[0,0,5],"size":[15,15,1],"uv":[0,0]},{"origin":[5,12,0],"size":[7,7,1],"uv":[24,25]}],"name":"plates","pivot":[2,0,0]}],"description":{"identifier":"geometry.wall_plates","texture_height":64,"texture_width":64,"visible_bounds_height":3.5,"visible_bounds_offset":[0,1.25,0],"visible_bounds_width":4}}]}