{"format_version":"1.12.0","minecraft:geometry":[{"bones":[{"cubes":[{"inflate":0.25,"origin":[-1,1,-0.5],"pivot":[0.5,3.5,0],"rotation":[0,0,15],"size":[2,3,1],"uv":[18,18]},{"inflate":0.125,"origin":[-0.85,4,-0.5],"pivot":[0.5,3.5,0],"rotation":[0,0,5],"size":[2,3,1],"uv":[12,18]},{"origin":[-0.49358,6.71267,-0.5],"pivot":[1.18074,6.84528,0],"rotation":[0,0,-2.5],"size":[2,3,1],"uv":[0,18]},{"inflate":-0.125,"origin":[-0.38896,9.45162,-0.5],"pivot":[1.06742,8.45257,0],"rotation":[0,0,-12.25],"size":[2,3,1],"uv":[6,18]}],"name":"wallpalm","pivot":[0,0,-0.5]},{"cubes":[{"inflate":0,"origin":[-6.77747,4.82798,0],"pivot":[-1.77747,7.82798,0],"rotation":[0,0,15.25],"size":[5,3,0],"uv":[10,15]},{"inflate":0,"origin":[-11.60141,6.14313,-0.025],"pivot":[-6.6014,9.14313,0],"rotation":[0,0,-4.75],"size":[5,3,0],"uv":[0,15]},{"inflate":0,"origin":[-6.77747,4.82798,0.025],"pivot":[-1.77747,7.82798,0],"rotation":[180,0,-120.25],"size":[5,3,0],"uv":[10,0]},{"inflate":0,"origin":[-4.2586,0.5088,0.098],"pivot":[0.7414,3.5088,0.024],"rotation":[-180,0,-102.75],"size":[5,3,0],"uv":[10,3]}],"name":"bone","parent":"wallpalm","pivot":[-8.1243,12.69807,0],"rotation":[0,0,-37.5]},{"cubes":[{"inflate":0,"origin":[-5.13351,10.08189,0.025],"pivot":[-8.1243,12.69807,0],"rotation":[0,0,-2.25],"size":[5,3,0],"uv":[10,12]},{"inflate":0,"origin":[-10.2942,8.65753,0.05],"pivot":[-8.1243,12.69807,0],"rotation":[0,0,-29.75],"size":[5,3,0],"uv":[0,12]},{"inflate":0,"origin":[-21.11508,9.31424,0],"pivot":[-8.1243,12.69807,0],"rotation":[-180,0,172.25],"size":[5,3,0],"uv":[0,6]},{"inflate":0,"origin":[-24.82449,15.35609,-0.025],"pivot":[-8.1243,12.69807,0],"rotation":[180,0,-160.25],"size":[5,3,0],"uv":[0,9]}],"name":"bone2","parent":"wallpalm","pivot":[-8.1243,12.69807,0],"rotation":[0,0,5]},{"cubes":[{"inflate":0,"origin":[-7.19213,17.18475,0],"pivot":[-2.98199,18.82643,0],"rotation":[0,0,-22.25],"size":[5,3,0],"uv":[10,6]},{"inflate":0,"origin":[-12.30766,15.34242,-0.025],"pivot":[-7.55367,18.29794,-0.025],"rotation":[0,0,-39.75],"size":[5,3,0],"uv":[10,9]},{"inflate":0,"origin":[-7.19213,17.18475,0.05],"pivot":[-2.98199,18.82643,0],"rotation":[-180,0,102.25],"size":[5,3,0],"uv":[0,0]},{"inflate":0,"origin":[-7.19086,20.90458,-0.077],"pivot":[-2.93401,23.80344,-0.076],"rotation":[180,0,122.25],"size":[5,3,0],"uv":[0,3]}],"name":"bone3","parent":"wallpalm","pivot":[-8.1243,12.69807,0],"rotation":[0,0,50]}],"description":{"identifier":"geometry.wallpalm","texture_height":32,"texture_width":32,"visible_bounds_height":2.5,"visible_bounds_offset":[0,0.75,0],"visible_bounds_width":3}}]}