{"format_version":"1.12.0","minecraft:geometry":[{"bones":[{"name":"Total","pivot":[0,0,0],"rotation":[0,-45,0]},{"cubes":[{"origin":[-16,6,-16],"size":[32,4,32],"uv":{"down":{"uv":[98,150],"uv_size":[32,-32]},"east":{"uv":[25,174],"uv_size":[32,4]},"north":{"uv":[168,43],"uv_size":[32,4]},"south":{"uv":[58,176],"uv_size":[32,4]},"up":{"uv":[65,118],"uv_size":[32,32]},"west":{"uv":[163,177],"uv_size":[32,4]}}},{"inflate":-1.02,"origin":[-16,9.375,-16],"size":[32,4,32],"uv":{"down":{"uv":[126,65],"uv_size":[32,-32]},"east":{"uv":[58,181],"uv_size":[32,4]},"north":{"uv":[25,179],"uv_size":[32,4]},"south":{"uv":[91,182],"uv_size":[32,4]},"up":{"uv":[126,0],"uv_size":[32,32]},"west":{"uv":[124,182],"uv_size":[32,4]}}},{"origin":[-16,10,-16],"size":[32,5,4],"uv":{"down":{"uv":[183,52],"uv_size":[32,-4]},"east":{"uv":[66,192],"uv_size":[4,5]},"north":{"uv":[25,161],"uv_size":[32,5]},"south":{"uv":[58,161],"uv_size":[32,5]},"up":{"uv":[157,182],"uv_size":[32,4]},"west":{"uv":[192,140],"uv_size":[4,5]}}},{"origin":[-16,10,12],"size":[32,5,4],"uv":{"down":{"uv":[183,62],"uv_size":[32,-4]},"east":{"uv":[192,146],"uv_size":[4,5]},"north":{"uv":[163,157],"uv_size":[32,5]},"south":{"uv":[163,163],"uv_size":[32,5]},"up":{"uv":[183,53],"uv_size":[32,4]},"west":{"uv":[193,0],"uv_size":[4,5]}}},{"origin":[-16,10,-12],"size":[3,5,24],"uv":{"down":{"uv":[103,211],"uv_size":[3,-24]},"east":{"uv":[91,176],"uv_size":[24,5]},"north":{"uv":[71,192],"uv_size":[3,5]},"south":{"uv":[193,113],"uv_size":[3,5]},"up":{"uv":[99,187],"uv_size":[3,24]},"west":{"uv":[183,169],"uv_size":[24,5]}}},{"origin":[-24,6,-12],"size":[8,6,24],"uv":{"down":{"uv":[127,181],"uv_size":[8,-24]},"east":{"uv":[91,161],"uv_size":[24,6]},"north":{"uv":[159,187],"uv_size":[8,6]},"south":{"uv":[168,187],"uv_size":[8,6]},"up":{"uv":[118,157],"uv_size":[8,24]},"west":{"uv":[25,167],"uv_size":[24,6]}}},{"origin":[16,6,-12],"size":[8,6,24],"uv":{"down":{"uv":[145,181],"uv_size":[8,-24]},"east":{"uv":[50,167],"uv_size":[24,6]},"north":{"uv":[177,187],"uv_size":[8,6]},"south":{"uv":[186,187],"uv_size":[8,6]},"up":{"uv":[136,157],"uv_size":[8,24]},"west":{"uv":[168,0],"uv_size":[24,6]}}},{"origin":[16,11,-12],"size":[8,0,24],"uv":{"down":{"uv":[221,52],"uv_size":[8,-24]},"east":{"uv":[50,167],"uv_size":[24,6]},"north":{"uv":[177,187],"uv_size":[8,6]},"south":{"uv":[186,187],"uv_size":[8,6]},"up":{"uv":[246,20],"uv_size":[7,22]},"west":{"uv":[168,0],"uv_size":[24,6]}}},{"origin":[16,11,-44],"pivot":[16,6,-16],"rotation":[0,90,0],"size":[8,0,24],"uv":{"down":{"uv":[221,52],"uv_size":[8,-24]},"east":{"uv":[50,167],"uv_size":[24,6]},"north":{"uv":[177,187],"uv_size":[8,6]},"south":{"uv":[186,187],"uv_size":[8,6]},"up":{"uv":[246,20],"uv_size":[7,22]},"west":{"uv":[168,0],"uv_size":[24,6]}}},{"origin":[16,11,-44],"pivot":[-16,6,-16],"rotation":[0,-90,0],"size":[8,0,24],"uv":{"down":{"uv":[229,52],"uv_size":[-8,-24]},"east":{"uv":[192,0],"uv_size":[-24,6]},"north":{"uv":[185,187],"uv_size":[-8,6]},"south":{"uv":[194,187],"uv_size":[-8,6]},"up":{"uv":[245,20],"uv_size":[-7,22]},"west":{"uv":[74,167],"uv_size":[-24,6]}}},{"origin":[-10.35,29,-10.8],"pivot":[0.5,30,-0.5],"rotation":[0,-90,0],"size":[22,0,21],"uv":{"down":{"uv":[229,52],"uv_size":[-8,-24]},"east":{"uv":[192,0],"uv_size":[-24,6]},"north":{"uv":[185,187],"uv_size":[-8,6]},"south":{"uv":[194,187],"uv_size":[-8,6]},"up":{"uv":[255,43],"uv_size":[-21,22]},"west":{"uv":[74,167],"uv_size":[-24,6]}}},{"origin":[-9.35,46,-9.8],"pivot":[0.5,30,-0.5],"rotation":[0,-90,0],"size":[20,0,19],"uv":{"down":{"uv":[229,52],"uv_size":[-8,-24]},"east":{"uv":[192,0],"uv_size":[-24,6]},"north":{"uv":[185,187],"uv_size":[-8,6]},"south":{"uv":[194,187],"uv_size":[-8,6]},"up":{"uv":[255,1],"uv_size":[-17,18]},"west":{"uv":[74,167],"uv_size":[-24,6]}}},{"origin":[-24,11,-12],"size":[8,0,24],"uv":{"down":{"uv":[225,37],"uv_size":[8,-24]},"east":{"uv":[50,167],"uv_size":[24,6]},"north":{"uv":[177,187],"uv_size":[8,6]},"south":{"uv":[186,187],"uv_size":[8,6]},"up":{"uv":[238,20],"uv_size":[7,22]},"west":{"uv":[168,0],"uv_size":[24,6]}}},{"origin":[16,6,-12],"pivot":[0,10,0],"rotation":[0,-90,0],"size":[8,6,24],"uv":{"down":{"uv":[159,24],"uv_size":[8,-24]},"east":{"uv":[168,7],"uv_size":[24,6]},"north":{"uv":[189,35],"uv_size":[8,6]},"south":{"uv":[25,190],"uv_size":[8,6]},"up":{"uv":[154,157],"uv_size":[8,24]},"west":{"uv":[168,14],"uv_size":[24,6]}}},{"origin":[-24,6,-12],"pivot":[0,10,0],"rotation":[0,-90,0],"size":[8,6,24],"uv":{"down":{"uv":[0,185],"uv_size":[8,-24]},"east":{"uv":[168,21],"uv_size":[24,6]},"north":{"uv":[34,190],"uv_size":[8,6]},"south":{"uv":[43,192],"uv_size":[8,6]},"up":{"uv":[159,25],"uv_size":[8,24]},"west":{"uv":[168,28],"uv_size":[24,6]}}},{"origin":[13,10,-12],"size":[3,5,24],"uv":{"down":{"uv":[111,211],"uv_size":[3,-24]},"east":{"uv":[25,184],"uv_size":[24,5]},"north":{"uv":[193,119],"uv_size":[3,5]},"south":{"uv":[193,125],"uv_size":[3,5]},"up":{"uv":[107,187],"uv_size":[3,24]},"west":{"uv":[50,186],"uv_size":[24,5]}}},{"origin":[-32,4,-32],"size":[61,5,4],"uv":{"down":{"uv":[150,107],"uv_size":[61,-4]},"east":{"uv":[166,194],"uv_size":[4,5]},"north":{"uv":[131,122],"uv_size":[61,5]},"south":{"uv":[131,122],"uv_size":[61,5]},"up":{"uv":[150,98],"uv_size":[61,4]},"west":{"uv":[193,12],"uv_size":[4,5]}}},{"origin":[-32,0,-32],"size":[64,4,64],"uv":{"down":{"uv":[0,129],"uv_size":[64,-64]},"east":{"uv":[150,83],"uv_size":[64,4]},"north":{"uv":[150,78],"uv_size":[64,4]},"south":{"uv":[150,88],"uv_size":[64,4]},"up":{"uv":[0,0],"uv_size":[64,64]},"west":{"uv":[150,93],"uv_size":[64,4]}}},{"origin":[29,4,-32],"size":[3,5,60],"uv":{"down":{"uv":[13,221],"uv_size":[3,-60]},"east":{"uv":[131,140],"uv_size":[60,5]},"north":{"uv":[193,131],"uv_size":[3,5]},"south":{"uv":[159,194],"uv_size":[3,5]},"up":{"uv":[9,161],"uv_size":[3,60]},"west":{"uv":[131,146],"uv_size":[60,5]}}},{"origin":[-29,4,28],"size":[61,5,4],"uv":{"down":{"uv":[0,155],"uv_size":[61,-4]},"east":{"uv":[193,18],"uv_size":[4,5]},"north":{"uv":[131,128],"uv_size":[61,5]},"south":{"uv":[131,134],"uv_size":[61,5]},"up":{"uv":[150,108],"uv_size":[61,4]},"west":{"uv":[166,194],"uv_size":[4,5]}}},{"origin":[24.5,3.5,23.25],"pivot":[26.5,6.5,25],"rotation":[24.78507,-38.84468,-36.36024],"size":[3,5,4],"uv":{"down":{"uv":[42,242],"uv_size":[-3,-4]},"east":{"uv":[61,233],"uv_size":[4,5]},"north":{"uv":[84,248],"uv_size":[3,5]},"south":{"uv":[25,245],"uv_size":[3,5]},"up":{"uv":[53,239],"uv_size":[-3,-4]},"west":{"uv":[32,244],"uv_size":[4,5]}}},{"origin":[-27.5,3.5,23.25],"pivot":[-26.5,6.5,25],"rotation":[24.78507,38.84468,36.36024],"size":[3,5,4],"uv":{"down":{"uv":[39,242],"uv_size":[3,-4]},"east":{"uv":[36,244],"uv_size":[-4,5]},"north":{"uv":[87,248],"uv_size":[-3,5]},"south":{"uv":[28,245],"uv_size":[-3,5]},"up":{"uv":[50,239],"uv_size":[3,-4]},"west":{"uv":[65,233],"uv_size":[-4,5]}}},{"origin":[-27.5,3.5,-27.25],"pivot":[-26.5,6.5,-25],"rotation":[-24.78507,-38.84468,36.36024],"size":[3,5,4],"uv":{"down":{"uv":[39,238],"uv_size":[3,4]},"east":{"uv":[32,244],"uv_size":[4,5]},"north":{"uv":[25,245],"uv_size":[3,5]},"south":{"uv":[84,248],"uv_size":[3,5]},"up":{"uv":[50,235],"uv_size":[3,4]},"west":{"uv":[61,233],"uv_size":[4,5]}}},{"origin":[24.5,3.5,-27.25],"pivot":[26.5,6.5,-25],"rotation":[-24.78507,38.84468,-36.36024],"size":[3,5,4],"uv":{"down":{"uv":[42,238],"uv_size":[-3,4]},"east":{"uv":[65,233],"uv_size":[-4,5]},"north":{"uv":[28,245],"uv_size":[-3,5]},"south":{"uv":[87,248],"uv_size":[-3,5]},"up":{"uv":[53,235],"uv_size":[-3,4]},"west":{"uv":[36,244],"uv_size":[-4,5]}}},{"origin":[-32,4,-28],"size":[3,5,60],"uv":{"down":{"uv":[21,221],"uv_size":[3,-60]},"east":{"uv":[150,66],"uv_size":[60,5]},"north":{"uv":[163,194],"uv_size":[3,5]},"south":{"uv":[167,194],"uv_size":[3,5]},"up":{"uv":[17,161],"uv_size":[3,60]},"west":{"uv":[150,72],"uv_size":[60,5]}}},{"inflate":-1.02,"origin":[-30,4.125,-29],"size":[60,4,58],"uv":{"down":{"uv":[65,117],"uv_size":[60,-58]},"east":{"uv":[0,156],"uv_size":[58,4]},"north":{"uv":[62,151],"uv_size":[60,4]},"south":{"uv":[123,152],"uv_size":[60,4]},"up":{"uv":[65,0],"uv_size":[60,58]},"west":{"uv":[59,156],"uv_size":[58,4]}}},{"origin":[-3.2,11,-3.35],"size":[7,12,7],"uv":{"down":{"uv":[151,194],"uv_size":[7,-7]},"east":{"uv":[75,186],"uv_size":[7,12]},"north":{"uv":[0,186],"uv_size":[7,12]},"south":{"uv":[83,186],"uv_size":[7,12]},"up":{"uv":[143,187],"uv_size":[7,7]},"west":{"uv":[91,187],"uv_size":[7,12]}}},{"origin":[-11.2,23,-12.35],"size":[23,7,24],"uv":{"down":{"uv":[126,115],"uv_size":[23,-24]},"east":{"uv":[40,130],"uv_size":[24,7]},"north":{"uv":[159,50],"uv_size":[23,7]},"south":{"uv":[159,58],"uv_size":[23,7]},"up":{"uv":[126,66],"uv_size":[23,24]},"west":{"uv":[40,138],"uv_size":[24,7]}}},{"origin":[-11.7,12.75,-12.85],"size":[24,17.5,25],"uv":{"down":{"uv":[256,170],"uv_size":[-24,-25]},"east":{"uv":[231,176],"uv_size":[25,17.5]},"north":{"uv":[232,146],"uv_size":[24,17.5]},"south":{"uv":[232,145],"uv_size":[24,17.5]},"up":{"uv":[123,256],"uv_size":[-24,-25]},"west":{"uv":[231,176],"uv_size":[25,17.5]}}},{"origin":[-9.2,40,-10.35],"size":[19,7,20],"uv":{"down":{"uv":[20,150],"uv_size":[19,-20]},"east":{"uv":[168,35],"uv_size":[20,7]},"north":{"uv":[96,168],"uv_size":[19,7]},"south":{"uv":[163,169],"uv_size":[19,7]},"up":{"uv":[0,130],"uv_size":[19,20]},"west":{"uv":[75,168],"uv_size":[20,7]}}},{"origin":[-9.7,29.25,-10.85],"size":[20,18,21],"uv":{"down":{"uv":[20,248],"uv_size":[-20,-21]},"east":{"uv":[183,209],"uv_size":[21,18]},"north":{"uv":[157,238],"uv_size":[20,18]},"south":{"uv":[157,238],"uv_size":[20,18]},"up":{"uv":[153,242],"uv_size":[-20,-21]},"west":{"uv":[184,207],"uv_size":[21,18]}}},{"origin":[-2.725,28.35,-2.9],"size":[6,12,6],"uv":{"down":{"uv":[59,198],"uv_size":[6,-6]},"east":{"uv":[122,187],"uv_size":[6,12]},"north":{"uv":[115,187],"uv_size":[6,12]},"south":{"uv":[129,187],"uv_size":[6,12]},"up":{"uv":[52,192],"uv_size":[6,6]},"west":{"uv":[136,187],"uv_size":[6,12]}}}],"name":"bb_main","parent":"Total","pivot":[16,9,-16]},{"name":"water","parent":"Total","pivot":[0,0,0]},{"name":"drop1","parent":"water","pivot":[0,0,0]},{"name":"1","parent":"drop1","pivot":[17.5,9.5,-16.25]},{"cubes":[{"origin":[23.91421,6.5,-25.75],"pivot":[25.41421,9.5,-24.25],"rotation":[-180,0,180],"size":[3,5,3],"uv":{"down":{"uv":[208,246],"uv_size":[-3,-3]},"east":{"uv":[231,221],"uv_size":[3,5]},"north":{"uv":[218,215],"uv_size":[3,5]},"south":{"uv":[204,232],"uv_size":[3,5]},"up":{"uv":[217,238],"uv_size":[-3,-3]},"west":{"uv":[241,230],"uv_size":[3,5]}}}],"name":"11","parent":"1","pivot":[25.41421,9.5,-24.25]},{"cubes":[{"origin":[23.91421,12,-25.75],"pivot":[25.41421,9.5,-24.25],"rotation":[0,-45,0],"size":[3,5,3],"uv":{"down":{"uv":[208,246],"uv_size":[-3,-3]},"east":{"uv":[231,221],"uv_size":[3,5]},"north":{"uv":[218,215],"uv_size":[3,5]},"south":{"uv":[204,232],"uv_size":[3,5]},"up":{"uv":[217,238],"uv_size":[-3,-3]},"west":{"uv":[241,230],"uv_size":[3,5]}}}],"name":"12","parent":"11","pivot":[25.41421,9.5,-24.25]},{"name":"2","parent":"drop1","pivot":[17.5,9.5,-16.25]},{"cubes":[{"origin":[23.91421,6.5,-25.75],"pivot":[25.41421,9.5,-24.25],"rotation":[-180,0,180],"size":[3,5,3],"uv":{"down":{"uv":[208,246],"uv_size":[-3,-3]},"east":{"uv":[231,221],"uv_size":[3,5]},"north":{"uv":[218,215],"uv_size":[3,5]},"south":{"uv":[204,232],"uv_size":[3,5]},"up":{"uv":[217,238],"uv_size":[-3,-3]},"west":{"uv":[241,230],"uv_size":[3,5]}}}],"name":"3","parent":"2","pivot":[25.41421,9.5,-24.25]},{"cubes":[{"origin":[23.91421,12,-25.75],"pivot":[25.41421,9.5,-24.25],"rotation":[0,-45,0],"size":[3,5,3],"uv":{"down":{"uv":[208,246],"uv_size":[-3,-3]},"east":{"uv":[231,221],"uv_size":[3,5]},"north":{"uv":[218,215],"uv_size":[3,5]},"south":{"uv":[204,232],"uv_size":[3,5]},"up":{"uv":[217,238],"uv_size":[-3,-3]},"west":{"uv":[241,230],"uv_size":[3,5]}}}],"name":"bone","parent":"3","pivot":[25.41421,9.5,-24.25]},{"name":"4","parent":"drop1","pivot":[17.5,9.5,-16.25]},{"cubes":[{"origin":[23.91421,6.5,-25.75],"pivot":[25.41421,9.5,-24.25],"rotation":[-180,0,180],"size":[3,5,3],"uv":{"down":{"uv":[208,246],"uv_size":[-3,-3]},"east":{"uv":[231,221],"uv_size":[3,5]},"north":{"uv":[218,215],"uv_size":[3,5]},"south":{"uv":[204,232],"uv_size":[3,5]},"up":{"uv":[217,238],"uv_size":[-3,-3]},"west":{"uv":[241,230],"uv_size":[3,5]}}}],"name":"5","parent":"4","pivot":[25.41421,9.5,-24.25]},{"cubes":[{"origin":[23.91421,12,-25.75],"pivot":[25.41421,9.5,-24.25],"rotation":[0,-45,0],"size":[3,5,3],"uv":{"down":{"uv":[208,246],"uv_size":[-3,-3]},"east":{"uv":[231,221],"uv_size":[3,5]},"north":{"uv":[218,215],"uv_size":[3,5]},"south":{"uv":[204,232],"uv_size":[3,5]},"up":{"uv":[217,238],"uv_size":[-3,-3]},"west":{"uv":[241,230],"uv_size":[3,5]}}}],"name":"bone2","parent":"5","pivot":[25.41421,9.5,-24.25]},{"name":"6","parent":"drop1","pivot":[17.5,9.5,-16.25]},{"cubes":[{"origin":[23.91421,6.5,-25.75],"pivot":[25.41421,9.5,-24.25],"rotation":[-180,0,180],"size":[3,5,3],"uv":{"down":{"uv":[208,246],"uv_size":[-3,-3]},"east":{"uv":[231,221],"uv_size":[3,5]},"north":{"uv":[218,215],"uv_size":[3,5]},"south":{"uv":[204,232],"uv_size":[3,5]},"up":{"uv":[217,238],"uv_size":[-3,-3]},"west":{"uv":[241,230],"uv_size":[3,5]}}}],"name":"7","parent":"6","pivot":[25.41421,9.5,-24.25]},{"cubes":[{"origin":[23.91421,12,-25.75],"pivot":[25.41421,9.5,-24.25],"rotation":[0,-45,0],"size":[3,5,3],"uv":{"down":{"uv":[208,246],"uv_size":[-3,-3]},"east":{"uv":[231,221],"uv_size":[3,5]},"north":{"uv":[218,215],"uv_size":[3,5]},"south":{"uv":[204,232],"uv_size":[3,5]},"up":{"uv":[217,238],"uv_size":[-3,-3]},"west":{"uv":[241,230],"uv_size":[3,5]}}}],"name":"bone3","parent":"7","pivot":[25.41421,9.5,-24.25]},{"name":"8","parent":"drop1","pivot":[17.5,9.5,-16.25]},{"cubes":[{"origin":[23.91421,6.5,-25.75],"pivot":[25.41421,9.5,-24.25],"rotation":[-180,0,180],"size":[3,5,3],"uv":{"down":{"uv":[208,246],"uv_size":[-3,-3]},"east":{"uv":[231,221],"uv_size":[3,5]},"north":{"uv":[218,215],"uv_size":[3,5]},"south":{"uv":[204,232],"uv_size":[3,5]},"up":{"uv":[217,238],"uv_size":[-3,-3]},"west":{"uv":[241,230],"uv_size":[3,5]}}}],"name":"9","parent":"8","pivot":[25.41421,9.5,-24.25]},{"cubes":[{"origin":[23.91421,12,-25.75],"pivot":[25.41421,9.5,-24.25],"rotation":[0,-45,0],"size":[3,5,3],"uv":{"down":{"uv":[208,246],"uv_size":[-3,-3]},"east":{"uv":[231,221],"uv_size":[3,5]},"north":{"uv":[218,215],"uv_size":[3,5]},"south":{"uv":[204,232],"uv_size":[3,5]},"up":{"uv":[217,238],"uv_size":[-3,-3]},"west":{"uv":[241,230],"uv_size":[3,5]}}}],"name":"bone4","parent":"9","pivot":[25.41421,9.5,-24.25]},{"name":"drop2","parent":"water","pivot":[0,0,0]},{"name":"10","parent":"drop2","pivot":[-17.5,9.5,16.25]},{"cubes":[{"origin":[-26.91421,6.5,22.75],"pivot":[-25.41421,9.5,24.25],"rotation":[180,0,-180],"size":[3,5,3],"uv":{"down":{"uv":[205,243],"uv_size":[3,3]},"east":{"uv":[241,230],"uv_size":[3,5]},"north":{"uv":[204,232],"uv_size":[3,5]},"south":{"uv":[218,215],"uv_size":[3,5]},"up":{"uv":[214,235],"uv_size":[3,3]},"west":{"uv":[231,221],"uv_size":[3,5]}}}],"name":"13","parent":"10","pivot":[-25.41421,9.5,24.25]},{"cubes":[{"origin":[-26.91421,12,22.75],"pivot":[-25.41421,9.5,24.25],"rotation":[0,-45,0],"size":[3,5,3],"uv":{"down":{"uv":[205,243],"uv_size":[3,3]},"east":{"uv":[241,230],"uv_size":[3,5]},"north":{"uv":[204,232],"uv_size":[3,5]},"south":{"uv":[218,215],"uv_size":[3,5]},"up":{"uv":[214,235],"uv_size":[3,3]},"west":{"uv":[231,221],"uv_size":[3,5]}}}],"name":"14","parent":"13","pivot":[-25.41421,9.5,24.25]},{"name":"15","parent":"drop2","pivot":[-17.5,9.5,16.25]},{"cubes":[{"origin":[-26.91421,6.5,22.75],"pivot":[-25.41421,9.5,24.25],"rotation":[180,0,-180],"size":[3,5,3],"uv":{"down":{"uv":[205,243],"uv_size":[3,3]},"east":{"uv":[241,230],"uv_size":[3,5]},"north":{"uv":[204,232],"uv_size":[3,5]},"south":{"uv":[218,215],"uv_size":[3,5]},"up":{"uv":[214,235],"uv_size":[3,3]},"west":{"uv":[231,221],"uv_size":[3,5]}}}],"name":"16","parent":"15","pivot":[-25.41421,9.5,24.25]},{"cubes":[{"origin":[-26.91421,12,22.75],"pivot":[-25.41421,9.5,24.25],"rotation":[0,-45,0],"size":[3,5,3],"uv":{"down":{"uv":[205,243],"uv_size":[3,3]},"east":{"uv":[241,230],"uv_size":[3,5]},"north":{"uv":[204,232],"uv_size":[3,5]},"south":{"uv":[218,215],"uv_size":[3,5]},"up":{"uv":[214,235],"uv_size":[3,3]},"west":{"uv":[231,221],"uv_size":[3,5]}}}],"name":"bone5","parent":"16","pivot":[-25.41421,9.5,24.25]},{"name":"17","parent":"drop2","pivot":[-17.5,9.5,16.25]},{"cubes":[{"origin":[-26.91421,6.5,22.75],"pivot":[-25.41421,9.5,24.25],"rotation":[180,0,-180],"size":[3,5,3],"uv":{"down":{"uv":[205,243],"uv_size":[3,3]},"east":{"uv":[241,230],"uv_size":[3,5]},"north":{"uv":[204,232],"uv_size":[3,5]},"south":{"uv":[218,215],"uv_size":[3,5]},"up":{"uv":[214,235],"uv_size":[3,3]},"west":{"uv":[231,221],"uv_size":[3,5]}}}],"name":"18","parent":"17","pivot":[-25.41421,9.5,24.25]},{"cubes":[{"origin":[-26.91421,12,22.75],"pivot":[-25.41421,9.5,24.25],"rotation":[0,-45,0],"size":[3,5,3],"uv":{"down":{"uv":[205,243],"uv_size":[3,3]},"east":{"uv":[241,230],"uv_size":[3,5]},"north":{"uv":[204,232],"uv_size":[3,5]},"south":{"uv":[218,215],"uv_size":[3,5]},"up":{"uv":[214,235],"uv_size":[3,3]},"west":{"uv":[231,221],"uv_size":[3,5]}}}],"name":"bone6","parent":"18","pivot":[-25.41421,9.5,24.25]},{"name":"19","parent":"drop2","pivot":[-17.5,9.5,16.25]},{"cubes":[{"origin":[-26.91421,6.5,22.75],"pivot":[-25.41421,9.5,24.25],"rotation":[180,0,-180],"size":[3,5,3],"uv":{"down":{"uv":[205,243],"uv_size":[3,3]},"east":{"uv":[241,230],"uv_size":[3,5]},"north":{"uv":[204,232],"uv_size":[3,5]},"south":{"uv":[218,215],"uv_size":[3,5]},"up":{"uv":[214,235],"uv_size":[3,3]},"west":{"uv":[231,221],"uv_size":[3,5]}}}],"name":"20","parent":"19","pivot":[-25.41421,9.5,24.25]},{"cubes":[{"origin":[-26.91421,12,22.75],"pivot":[-25.41421,9.5,24.25],"rotation":[0,-45,0],"size":[3,5,3],"uv":{"down":{"uv":[205,243],"uv_size":[3,3]},"east":{"uv":[241,230],"uv_size":[3,5]},"north":{"uv":[204,232],"uv_size":[3,5]},"south":{"uv":[218,215],"uv_size":[3,5]},"up":{"uv":[214,235],"uv_size":[3,3]},"west":{"uv":[231,221],"uv_size":[3,5]}}}],"name":"bone7","parent":"20","pivot":[-25.41421,9.5,24.25]},{"name":"21","parent":"drop2","pivot":[-17.5,9.5,16.25]},{"cubes":[{"origin":[-26.91421,6.5,22.75],"pivot":[-25.41421,9.5,24.25],"rotation":[180,0,-180],"size":[3,5,3],"uv":{"down":{"uv":[205,243],"uv_size":[3,3]},"east":{"uv":[241,230],"uv_size":[3,5]},"north":{"uv":[204,232],"uv_size":[3,5]},"south":{"uv":[218,215],"uv_size":[3,5]},"up":{"uv":[214,235],"uv_size":[3,3]},"west":{"uv":[231,221],"uv_size":[3,5]}}}],"name":"22","parent":"21","pivot":[-25.41421,9.5,24.25]},{"cubes":[{"origin":[-26.91421,12,22.75],"pivot":[-25.41421,9.5,24.25],"rotation":[0,-45,0],"size":[3,5,3],"uv":{"down":{"uv":[205,243],"uv_size":[3,3]},"east":{"uv":[241,230],"uv_size":[3,5]},"north":{"uv":[204,232],"uv_size":[3,5]},"south":{"uv":[218,215],"uv_size":[3,5]},"up":{"uv":[214,235],"uv_size":[3,3]},"west":{"uv":[231,221],"uv_size":[3,5]}}}],"name":"bone8","parent":"22","pivot":[-25.41421,9.5,24.25]},{"name":"drop3","parent":"water","pivot":[0,0,0]},{"name":"23","parent":"drop3","pivot":[17.5,9.5,16.25]},{"cubes":[{"origin":[23.91421,6.5,22.75],"pivot":[25.41421,9.5,24.25],"rotation":[180,0,180],"size":[3,5,3],"uv":{"down":{"uv":[208,243],"uv_size":[-3,3]},"east":{"uv":[234,221],"uv_size":[-3,5]},"north":{"uv":[207,232],"uv_size":[-3,5]},"south":{"uv":[221,215],"uv_size":[-3,5]},"up":{"uv":[217,235],"uv_size":[-3,3]},"west":{"uv":[244,230],"uv_size":[-3,5]}}}],"name":"24","parent":"23","pivot":[25.41421,9.5,24.25]},{"cubes":[{"origin":[23.91421,12,22.75],"pivot":[25.41421,9.5,24.25],"rotation":[0,45,0],"size":[3,5,3],"uv":{"down":{"uv":[208,243],"uv_size":[-3,3]},"east":{"uv":[234,221],"uv_size":[-3,5]},"north":{"uv":[207,232],"uv_size":[-3,5]},"south":{"uv":[221,215],"uv_size":[-3,5]},"up":{"uv":[217,235],"uv_size":[-3,3]},"west":{"uv":[244,230],"uv_size":[-3,5]}}}],"name":"25","parent":"24","pivot":[25.41421,9.5,24.25]},{"name":"26","parent":"drop3","pivot":[17.5,9.5,16.25]},{"cubes":[{"origin":[23.91421,6.5,22.75],"pivot":[25.41421,9.5,24.25],"rotation":[180,0,180],"size":[3,5,3],"uv":{"down":{"uv":[208,243],"uv_size":[-3,3]},"east":{"uv":[234,221],"uv_size":[-3,5]},"north":{"uv":[207,232],"uv_size":[-3,5]},"south":{"uv":[221,215],"uv_size":[-3,5]},"up":{"uv":[217,235],"uv_size":[-3,3]},"west":{"uv":[244,230],"uv_size":[-3,5]}}}],"name":"27","parent":"26","pivot":[25.41421,9.5,24.25]},{"cubes":[{"origin":[23.91421,12,22.75],"pivot":[25.41421,9.5,24.25],"rotation":[0,45,0],"size":[3,5,3],"uv":{"down":{"uv":[208,243],"uv_size":[-3,3]},"east":{"uv":[234,221],"uv_size":[-3,5]},"north":{"uv":[207,232],"uv_size":[-3,5]},"south":{"uv":[221,215],"uv_size":[-3,5]},"up":{"uv":[217,235],"uv_size":[-3,3]},"west":{"uv":[244,230],"uv_size":[-3,5]}}}],"name":"bone9","parent":"27","pivot":[25.41421,9.5,24.25]},{"name":"28","parent":"drop3","pivot":[17.5,9.5,16.25]},{"cubes":[{"origin":[23.91421,6.5,22.75],"pivot":[25.41421,9.5,24.25],"rotation":[180,0,180],"size":[3,5,3],"uv":{"down":{"uv":[208,243],"uv_size":[-3,3]},"east":{"uv":[234,221],"uv_size":[-3,5]},"north":{"uv":[207,232],"uv_size":[-3,5]},"south":{"uv":[221,215],"uv_size":[-3,5]},"up":{"uv":[217,235],"uv_size":[-3,3]},"west":{"uv":[244,230],"uv_size":[-3,5]}}}],"name":"29","parent":"28","pivot":[25.41421,9.5,24.25]},{"cubes":[{"origin":[23.91421,12,22.75],"pivot":[25.41421,9.5,24.25],"rotation":[0,45,0],"size":[3,5,3],"uv":{"down":{"uv":[208,243],"uv_size":[-3,3]},"east":{"uv":[234,221],"uv_size":[-3,5]},"north":{"uv":[207,232],"uv_size":[-3,5]},"south":{"uv":[221,215],"uv_size":[-3,5]},"up":{"uv":[217,235],"uv_size":[-3,3]},"west":{"uv":[244,230],"uv_size":[-3,5]}}}],"name":"bone10","parent":"29","pivot":[25.41421,9.5,24.25]},{"name":"30","parent":"drop3","pivot":[17.5,9.5,16.25]},{"cubes":[{"origin":[23.91421,6.5,22.75],"pivot":[25.41421,9.5,24.25],"rotation":[180,0,180],"size":[3,5,3],"uv":{"down":{"uv":[208,243],"uv_size":[-3,3]},"east":{"uv":[234,221],"uv_size":[-3,5]},"north":{"uv":[207,232],"uv_size":[-3,5]},"south":{"uv":[221,215],"uv_size":[-3,5]},"up":{"uv":[217,235],"uv_size":[-3,3]},"west":{"uv":[244,230],"uv_size":[-3,5]}}}],"name":"31","parent":"30","pivot":[25.41421,9.5,24.25]},{"cubes":[{"origin":[23.91421,12,22.75],"pivot":[25.41421,9.5,24.25],"rotation":[0,45,0],"size":[3,5,3],"uv":{"down":{"uv":[208,243],"uv_size":[-3,3]},"east":{"uv":[234,221],"uv_size":[-3,5]},"north":{"uv":[207,232],"uv_size":[-3,5]},"south":{"uv":[221,215],"uv_size":[-3,5]},"up":{"uv":[217,235],"uv_size":[-3,3]},"west":{"uv":[244,230],"uv_size":[-3,5]}}}],"name":"bone11","parent":"31","pivot":[25.41421,9.5,24.25]},{"name":"32","parent":"drop3","pivot":[17.5,9.5,16.25]},{"cubes":[{"origin":[23.91421,6.5,22.75],"pivot":[25.41421,9.5,24.25],"rotation":[180,0,180],"size":[3,5,3],"uv":{"down":{"uv":[208,243],"uv_size":[-3,3]},"east":{"uv":[234,221],"uv_size":[-3,5]},"north":{"uv":[207,232],"uv_size":[-3,5]},"south":{"uv":[221,215],"uv_size":[-3,5]},"up":{"uv":[217,235],"uv_size":[-3,3]},"west":{"uv":[244,230],"uv_size":[-3,5]}}}],"name":"33","parent":"32","pivot":[25.41421,9.5,24.25]},{"cubes":[{"origin":[23.91421,12,22.75],"pivot":[25.41421,9.5,24.25],"rotation":[0,45,0],"size":[3,5,3],"uv":{"down":{"uv":[208,243],"uv_size":[-3,3]},"east":{"uv":[234,221],"uv_size":[-3,5]},"north":{"uv":[207,232],"uv_size":[-3,5]},"south":{"uv":[221,215],"uv_size":[-3,5]},"up":{"uv":[217,235],"uv_size":[-3,3]},"west":{"uv":[244,230],"uv_size":[-3,5]}}}],"name":"bone12","parent":"33","pivot":[25.41421,9.5,24.25]},{"name":"drop4","parent":"water","pivot":[0,0,0]},{"name":"34","parent":"drop4","pivot":[-17.5,9.5,-16.25]},{"cubes":[{"origin":[-26.91421,6.5,-25.75],"pivot":[-25.41421,9.5,-24.25],"rotation":[-180,0,-180],"size":[3,5,3],"uv":{"down":{"uv":[205,246],"uv_size":[3,-3]},"east":{"uv":[244,230],"uv_size":[-3,5]},"north":{"uv":[221,215],"uv_size":[-3,5]},"south":{"uv":[207,232],"uv_size":[-3,5]},"up":{"uv":[214,238],"uv_size":[3,-3]},"west":{"uv":[234,221],"uv_size":[-3,5]}}}],"name":"35","parent":"34","pivot":[-25.41421,9.5,-24.25]},{"cubes":[{"origin":[-26.91421,12,-25.75],"pivot":[-25.41421,9.5,-24.25],"rotation":[0,45,0],"size":[3,5,3],"uv":{"down":{"uv":[205,246],"uv_size":[3,-3]},"east":{"uv":[244,230],"uv_size":[-3,5]},"north":{"uv":[221,215],"uv_size":[-3,5]},"south":{"uv":[207,232],"uv_size":[-3,5]},"up":{"uv":[214,238],"uv_size":[3,-3]},"west":{"uv":[234,221],"uv_size":[-3,5]}}}],"name":"36","parent":"35","pivot":[-25.41421,9.5,-24.25]},{"name":"37","parent":"drop4","pivot":[-17.5,9.5,-16.25]},{"cubes":[{"origin":[-26.91421,6.5,-25.75],"pivot":[-25.41421,9.5,-24.25],"rotation":[-180,0,-180],"size":[3,5,3],"uv":{"down":{"uv":[205,246],"uv_size":[3,-3]},"east":{"uv":[244,230],"uv_size":[-3,5]},"north":{"uv":[221,215],"uv_size":[-3,5]},"south":{"uv":[207,232],"uv_size":[-3,5]},"up":{"uv":[214,238],"uv_size":[3,-3]},"west":{"uv":[234,221],"uv_size":[-3,5]}}}],"name":"38","parent":"37","pivot":[-25.41421,9.5,-24.25]},{"cubes":[{"origin":[-26.91421,12,-25.75],"pivot":[-25.41421,9.5,-24.25],"rotation":[0,45,0],"size":[3,5,3],"uv":{"down":{"uv":[205,246],"uv_size":[3,-3]},"east":{"uv":[244,230],"uv_size":[-3,5]},"north":{"uv":[221,215],"uv_size":[-3,5]},"south":{"uv":[207,232],"uv_size":[-3,5]},"up":{"uv":[214,238],"uv_size":[3,-3]},"west":{"uv":[234,221],"uv_size":[-3,5]}}}],"name":"bone13","parent":"38","pivot":[-25.41421,9.5,-24.25]},{"name":"39","parent":"drop4","pivot":[-17.5,9.5,-16.25]},{"cubes":[{"origin":[-26.91421,6.5,-25.75],"pivot":[-25.41421,9.5,-24.25],"rotation":[-180,0,-180],"size":[3,5,3],"uv":{"down":{"uv":[205,246],"uv_size":[3,-3]},"east":{"uv":[244,230],"uv_size":[-3,5]},"north":{"uv":[221,215],"uv_size":[-3,5]},"south":{"uv":[207,232],"uv_size":[-3,5]},"up":{"uv":[214,238],"uv_size":[3,-3]},"west":{"uv":[234,221],"uv_size":[-3,5]}}}],"name":"40","parent":"39","pivot":[-25.41421,9.5,-24.25]},{"cubes":[{"origin":[-26.91421,12,-25.75],"pivot":[-25.41421,9.5,-24.25],"rotation":[0,45,0],"size":[3,5,3],"uv":{"down":{"uv":[205,246],"uv_size":[3,-3]},"east":{"uv":[244,230],"uv_size":[-3,5]},"north":{"uv":[221,215],"uv_size":[-3,5]},"south":{"uv":[207,232],"uv_size":[-3,5]},"up":{"uv":[214,238],"uv_size":[3,-3]},"west":{"uv":[234,221],"uv_size":[-3,5]}}}],"name":"bone14","parent":"40","pivot":[-25.41421,9.5,-24.25]},{"name":"41","parent":"drop4","pivot":[-17.5,9.5,-16.25]},{"cubes":[{"origin":[-26.91421,6.5,-25.75],"pivot":[-25.41421,9.5,-24.25],"rotation":[-180,0,-180],"size":[3,5,3],"uv":{"down":{"uv":[205,246],"uv_size":[3,-3]},"east":{"uv":[244,230],"uv_size":[-3,5]},"north":{"uv":[221,215],"uv_size":[-3,5]},"south":{"uv":[207,232],"uv_size":[-3,5]},"up":{"uv":[214,238],"uv_size":[3,-3]},"west":{"uv":[234,221],"uv_size":[-3,5]}}}],"name":"42","parent":"41","pivot":[-25.41421,9.5,-24.25]},{"cubes":[{"origin":[-26.91421,12,-25.75],"pivot":[-25.41421,9.5,-24.25],"rotation":[0,45,0],"size":[3,5,3],"uv":{"down":{"uv":[205,246],"uv_size":[3,-3]},"east":{"uv":[244,230],"uv_size":[-3,5]},"north":{"uv":[221,215],"uv_size":[-3,5]},"south":{"uv":[207,232],"uv_size":[-3,5]},"up":{"uv":[214,238],"uv_size":[3,-3]},"west":{"uv":[234,221],"uv_size":[-3,5]}}}],"name":"bone15","parent":"42","pivot":[-25.41421,9.5,-24.25]},{"name":"43","parent":"drop4","pivot":[-17.5,9.5,-16.25]},{"cubes":[{"origin":[-26.91421,6.5,-25.75],"pivot":[-25.41421,9.5,-24.25],"rotation":[-180,0,-180],"size":[3,5,3],"uv":{"down":{"uv":[205,246],"uv_size":[3,-3]},"east":{"uv":[244,230],"uv_size":[-3,5]},"north":{"uv":[221,215],"uv_size":[-3,5]},"south":{"uv":[207,232],"uv_size":[-3,5]},"up":{"uv":[214,238],"uv_size":[3,-3]},"west":{"uv":[234,221],"uv_size":[-3,5]}}}],"name":"44","parent":"43","pivot":[-25.41421,9.5,-24.25]},{"cubes":[{"origin":[-26.91421,12,-25.75],"pivot":[-25.41421,9.5,-24.25],"rotation":[0,45,0],"size":[3,5,3],"uv":{"down":{"uv":[205,246],"uv_size":[3,-3]},"east":{"uv":[244,230],"uv_size":[-3,5]},"north":{"uv":[221,215],"uv_size":[-3,5]},"south":{"uv":[207,232],"uv_size":[-3,5]},"up":{"uv":[214,238],"uv_size":[3,-3]},"west":{"uv":[234,221],"uv_size":[-3,5]}}}],"name":"bone16","parent":"44","pivot":[-25.41421,9.5,-24.25]}],"description":{"identifier":"geometry.waterfountain","texture_height":256,"texture_width":256,"visible_bounds_height":6,"visible_bounds_offset":[0,2,0],"visible_bounds_width":7}}]}