{"format_version":"1.12.0","minecraft:geometry":[{"bones":[{"name":"wave","pivot":[0,-1,0]},{"cubes":[{"origin":[-8,0,-14],"size":[22,11,14],"uv":[0,0]},{"origin":[-9,5,-15],"size":[10,7,5],"uv":[92,13]},{"origin":[-2,9,-17],"size":[6,5,4],"uv":[76,92]},{"origin":[1,7,-16],"size":[8,6,5],"uv":[58,0]},{"origin":[-9,0,-14.75],"size":[6,3,3],"uv":[0,85]},{"origin":[7,5,-16.75],"size":[6,3,3],"uv":[0,85]}],"locators":{"splash":[0,8,-11]},"name":"mid","parent":"wave","pivot":[2,-2,-6]},{"cubes":[{"origin":[-36.97357,0,-10.8538],"pivot":[-16.97357,0,-10.8538],"rotation":[0,7.5,0],"size":[20,9,14],"uv":[0,25]},{"origin":[-52.59638,0,-4.35157],"pivot":[-16.97357,0,-10.8538],"rotation":[0,7.5,0],"size":[12,5,10],"uv":[0,91]},{"origin":[-51.59638,0,-6.35157],"pivot":[-16.97357,0,-10.8538],"rotation":[0,7.5,0],"size":[10,3,14],"uv":[0,68]},{"origin":[-44.2004,0,-9.39301],"pivot":[-16.97357,0,-10.8538],"rotation":[0,7.5,0],"size":[10,6,14],"uv":[58,11]},{"origin":[-31.19185,6,-11.52354],"pivot":[-16.97357,0,-10.8538],"rotation":[0,7.5,0],"size":[6,4,4],"uv":[96,40]},{"origin":[-19,0,-12],"size":[14,8,14],"uv":[54,34]},{"origin":[-18,7,-14],"size":[5,3,5],"uv":[91,96]},{"origin":[-21,0,-13],"size":[5,3,5],"uv":[91,96]},{"origin":[-13,6,-13],"size":[4,3,2],"uv":[0,7]}],"name":"right","parent":"wave","pivot":[-6.97357,0,-10.8538]},{"cubes":[{"origin":[39.42943,0,-4.19108],"pivot":[22,0,-10],"rotation":[0,-7.5,0],"size":[12,3,11],"uv":[62,78]},{"origin":[42.42943,0,-0.19108],"pivot":[22,0,-10],"rotation":[0,-7.5,0],"size":[7,4,10],"uv":[84,56]},{"origin":[22,0,-10],"size":[7,9,14],"uv":[34,78]},{"origin":[29.26249,0,-7.73818],"pivot":[22,0,-10],"rotation":[0,-7.5,0],"size":[15,6,14],"uv":[0,48]},{"origin":[29,4,-9],"size":[5,4,4],"uv":[97,74]},{"origin":[22,5,-12],"size":[6,5,4],"uv":[96,31]},{"origin":[9,0,-12],"size":[13,8,14],"uv":[44,56]},{"origin":[10,5,-15],"size":[9,7,6],"uv":[92,0]},{"origin":[20,6,-13],"size":[3,3,4],"uv":[0,0]},{"origin":[8,0,-16],"size":[6,3,4],"uv":[76,92]}],"name":"left","parent":"wave","pivot":[13,0,-10]}],"description":{"identifier":"geometry.wave","texture_height":128,"texture_width":128,"visible_bounds_height":3,"visible_bounds_offset":[0,0.5,0],"visible_bounds_width":8}}]}