{
	"format_version": "1.12.0",
	"minecraft:geometry": [
		{
			"description": {
				"identifier": "geometry.box",
				"texture_width": 128,
				"texture_height": 128,
				"visible_bounds_width": 3,
				"visible_bounds_height": 2.5,
				"visible_bounds_offset": [0, 0.75, 0]
			},
			"bones": [
				{
					"name": "bb_main2",
					"pivot": [0, 0, 0],
					"cubes": [
						{
							"origin": [-2, 12, -4],
							"size": [2, 4, 2],
							"pivot": [0, 0, 0],
							"rotation": [0, -25, 0],
							"uv": {
								"north": {"uv": [0, 44], "uv_size": [2, 4]},
								"east": {"uv": [0, 47], "uv_size": [2, 4]},
								"south": {"uv": [0, 47], "uv_size": [2, 4]},
								"west": {"uv": [0, 46], "uv_size": [2, 4]},
								"up": {"uv": [4, 42], "uv_size": [-2, -2]},
								"down": {"uv": [2, 42], "uv_size": [-2, -2]}
							}
						},
						{
							"origin": [0, 12, -5],
							"size": [2, 2, 2],
							"pivot": [0, 0, 0],
							"rotation": [0, -25, 0],
							"uv": {
								"north": {"uv": [0, 44], "uv_size": [2, 2]},
								"east": {"uv": [0, 44], "uv_size": [2, 2]},
								"south": {"uv": [0, 44], "uv_size": [2, 2]},
								"west": {"uv": [0, 44], "uv_size": [2, 2]},
								"up": {"uv": [4, 42], "uv_size": [-2, -2]},
								"down": {"uv": [2, 42], "uv_size": [-2, -2]}
							}
						},
						{
							"origin": [-2, 12, -1],
							"size": [4, 2, 6],
							"pivot": [0, 0, 0],
							"rotation": [0, 37.5, 0],
							"uv": {
								"north": {"uv": [0, 52], "uv_size": [4, 2]},
								"east": {"uv": [4, 54], "uv_size": [6, 2]},
								"south": {"uv": [0, 54], "uv_size": [4, 2]},
								"west": {"uv": [4, 52], "uv_size": [6, 2]},
								"up": {"uv": [10, 46], "uv_size": [-4, -6]},
								"down": {"uv": [10, 46], "uv_size": [-4, -6]}
							}
						}
					]
				},
				{
					"name": "bb_main",
					"pivot": [0, 0, 0],
					"cubes": [
						{
							"origin": [-5, 0, -8],
							"size": [12, 12, 16],
							"uv": {
								"north": {"uv": [28, 16], "uv_size": [12, 12]},
								"east": {"uv": [0, 0], "uv_size": [16, 12]},
								"south": {"uv": [28, 28], "uv_size": [12, 12]},
								"west": {"uv": [0, 12], "uv_size": [16, 12]},
								"up": {"uv": [16, 0], "uv_size": [12, 16]},
								"down": {"uv": [16, 32], "uv_size": [12, -16]}
							}
						},
						{
							"origin": [7, 7, -2],
							"size": [1, 5, 4],
							"uv": {
								"north": {"uv": [26, 32], "uv_size": [1, 5]},
								"east": {"uv": [12, 24], "uv_size": [4, 5]},
								"south": {"uv": [27, 32], "uv_size": [1, 5]},
								"west": {"uv": [22, 32], "uv_size": [4, 5]},
								"up": {"uv": [10, 40], "uv_size": [1, 4]},
								"down": {"uv": [11, 44], "uv_size": [1, -4]}
							}
						},
						{
							"origin": [-6, 11, 4],
							"size": [2, 2, 2],
							"uv": {
								"north": {"uv": [12, 29], "uv_size": [2, 2]},
								"east": {"uv": [14, 29], "uv_size": [2, 2]},
								"south": {"uv": [22, 37], "uv_size": [2, 2]},
								"west": {"uv": [24, 37], "uv_size": [2, 2]},
								"up": {"uv": [26, 37], "uv_size": [2, 2]},
								"down": {"uv": [32, 42], "uv_size": [2, -2]}
							}
						},
						{
							"origin": [-6, 11, -6],
							"size": [2, 2, 2],
							"uv": {
								"north": {"uv": [34, 40], "uv_size": [2, 2]},
								"east": {"uv": [36, 40], "uv_size": [2, 2]},
								"south": {"uv": [38, 40], "uv_size": [2, 2]},
								"west": {"uv": [10, 44], "uv_size": [2, 2]},
								"up": {"uv": [50, 4], "uv_size": [2, 2]},
								"down": {"uv": [50, 8], "uv_size": [2, -2]}
							}
						},
						{
							"origin": [-25, -1, -7.99],
							"size": [12, 2, 15.98],
							"pivot": [0, 0, 0],
							"rotation": [0, 0, 62.5],
							"uv": {
								"north": {"uv": [10, 46], "uv_size": [12, 2]},
								"east": {"uv": [50, 0], "uv_size": [16, 2]},
								"south": {"uv": [10, 48], "uv_size": [12, 2]},
								"west": {"uv": [50, 2], "uv_size": [16, 2]},
								"up": {"uv": [0, 24], "uv_size": [12, 16]},
								"down": {"uv": [28, 16], "uv_size": [12, -16]}
							}
						}
					]
				}
			]
		}
	]
}