{
	"format_version": "1.12.0",
	"minecraft:geometry": [
		{
			"description": {
				"identifier": "geometry.spike",
				"texture_width": 64,
				"texture_height": 64,
				"visible_bounds_width": 2,
				"visible_bounds_height": 2.5,
				"visible_bounds_offset": [0, 0.75, 0]
			},
			"bones": [
				{
					"name": "bone",
					"pivot": [0, 0, 0],
					"cubes": [
						{
							"origin": [-8, 0, -8],
							"size": [16, 2, 16],
							"uv": {
								"north": {"uv": [38, 20], "uv_size": [16, 2]},
								"east": {"uv": [38, 22], "uv_size": [16, 2]},
								"south": {"uv": [38, 24], "uv_size": [16, 2]},
								"west": {"uv": [38, 26], "uv_size": [16, 2]},
								"up": {"uv": [0, 0], "uv_size": [16, 16]},
								"down": {"uv": [16, 32], "uv_size": [-16, -16]}
							}
						},
						{
							"origin": [-7, 2, -7],
							"size": [14, 2, 14],
							"uv": {
								"north": {"uv": [40, 0], "uv_size": [14, 2]},
								"east": {"uv": [40, 2], "uv_size": [14, 2]},
								"south": {"uv": [40, 4], "uv_size": [14, 2]},
								"west": {"uv": [40, 6], "uv_size": [14, 2]},
								"up": {"uv": [16, 0], "uv_size": [14, 14]},
								"down": {"uv": [16, 28], "uv_size": [14, -14]}
							}
						},
						{
							"origin": [-6, 4, -6],
							"size": [12, 2, 12],
							"uv": {
								"north": {"uv": [40, 8], "uv_size": [12, 2]},
								"east": {"uv": [40, 10], "uv_size": [12, 2]},
								"south": {"uv": [40, 12], "uv_size": [12, 2]},
								"west": {"uv": [14, 40], "uv_size": [12, 2]},
								"up": {"uv": [16, 28], "uv_size": [12, 12]},
								"down": {"uv": [28, 40], "uv_size": [12, -12]}
							}
						},
						{
							"origin": [-5, 6, -5],
							"size": [10, 2, 10],
							"uv": {
								"north": {"uv": [40, 14], "uv_size": [10, 2]},
								"east": {"uv": [40, 16], "uv_size": [10, 2]},
								"south": {"uv": [40, 18], "uv_size": [10, 2]},
								"west": {"uv": [26, 40], "uv_size": [10, 2]},
								"up": {"uv": [30, 0], "uv_size": [10, 10]},
								"down": {"uv": [30, 20], "uv_size": [10, -10]}
							}
						},
						{
							"origin": [-4, 8, -4],
							"size": [8, 2, 8],
							"uv": {
								"north": {"uv": [0, 40], "uv_size": [8, 2]},
								"east": {"uv": [40, 28], "uv_size": [8, 2]},
								"south": {"uv": [40, 30], "uv_size": [8, 2]},
								"west": {"uv": [40, 32], "uv_size": [8, 2]},
								"up": {"uv": [30, 20], "uv_size": [8, 8]},
								"down": {"uv": [0, 40], "uv_size": [8, -8]}
							}
						},
						{
							"origin": [-3, 10, -3],
							"size": [6, 2, 6],
							"uv": {
								"north": {"uv": [40, 38], "uv_size": [6, 2]},
								"east": {"uv": [40, 40], "uv_size": [6, 2]},
								"south": {"uv": [0, 42], "uv_size": [6, 2]},
								"west": {"uv": [14, 42], "uv_size": [6, 2]},
								"up": {"uv": [8, 32], "uv_size": [6, 6]},
								"down": {"uv": [8, 44], "uv_size": [6, -6]}
							}
						},
						{
							"origin": [-2, 12, -2],
							"size": [4, 2, 4],
							"uv": {
								"north": {"uv": [20, 42], "uv_size": [4, 2]},
								"east": {"uv": [24, 42], "uv_size": [4, 2]},
								"south": {"uv": [28, 42], "uv_size": [4, 2]},
								"west": {"uv": [32, 42], "uv_size": [4, 2]},
								"up": {"uv": [40, 34], "uv_size": [4, 4]},
								"down": {"uv": [36, 44], "uv_size": [4, -4]}
							}
						},
						{
							"origin": [-1, 14, -1],
							"size": [2, 2, 2],
							"uv": {
								"north": {"uv": [14, 32], "uv_size": [2, 2]},
								"east": {"uv": [14, 34], "uv_size": [2, 2]},
								"south": {"uv": [14, 36], "uv_size": [2, 2]},
								"west": {"uv": [14, 38], "uv_size": [2, 2]},
								"up": {"uv": [6, 42], "uv_size": [2, 2]},
								"down": {"uv": [40, 44], "uv_size": [2, -2]}
							}
						}
					]
				}
			]
		}
	]
}