{"format_version":"1.10.0","minecraft:attachable":{"description":{"animations":{"firstperson_main_hand":"animation.geyser_custom.geo_fe359ff.firstperson_main_hand","thirdperson_head":"animation.geyser_custom.geo_fe359ff.head","thirdperson_main_hand":"animation.geyser_custom.geo_fe359ff.thirdperson_main_hand"},"geometry":{"default":"geometry.graycar"},"identifier":"geyser_custom:vehicle_graycar","materials":{"default":"entity_alphatest_one_sided","enchanted":"entity_alphatest_one_sided"},"render_controllers":["controller.render.item_default"],"scripts":{"animate":[{"thirdperson_main_hand":"v.main_hand && !c.is_first_person"},{"thirdperson_head":"v.head && !c.is_first_person"},{"firstperson_main_hand":"v.main_hand && c.is_first_person"}],"pre_animation":["v.main_hand = c.item_slot == 'main_hand';","v.head = c.item_slot == 'head';"]},"textures":{"default":"textures/geyser/tmd_misc/3","enchanted":"textures/misc/enchanted_item_glint"}}}}