{"animations":{"animation.geyser_custom.geo_c551ef7.firstperson_main_hand":{"bones":{"geyser_custom":{"position":[0,14.5,-6],"rotation":[-90,0,0],"scale":1},"geyser_custom_x":{"position":[0,0,0],"rotation":[0,0,0],"scale":[0.3,0.3,0.3]},"geyser_custom_y":{"position":[0,0,0],"rotation":[0,0,0],"scale":1.5},"geyser_custom_z":{"rotation":[0,0,0]}},"loop":true},"animation.geyser_custom.geo_c551ef7.thirdperson_main_hand":{"bones":{"geyser_custom":{"position":[0,13,0],"rotation":[90,0,0]},"geyser_custom_x":{"position":[0,0,0],"rotation":[0,0,0],"scale":[0.3,0.3,0.3]}},"loop":true}},"format_version":"1.8.0"}