{"animations":{"animation.geyser_custom.geo_9a6b59d2.firstperson_main_hand":{"bones":{"geyser_custom":{"position":[0,13,-5],"rotation":[90,0,-90],"scale":1.3},"geyser_custom_x":{"position":[0,0,0],"rotation":[0,0,0],"scale":[0.5,0.5,0.5]},"geyser_custom_z":{"rotation":[0,0,0]},"tmd_misc_y":{"position":[0,0,0],"rotation":[0,0,0],"scale":1.5}},"loop":true},"animation.geyser_custom.geo_9a6b59d2.thirdperson_main_hand":{"bones":{"geyser_custom":{"position":[0,13,-3],"rotation":[90,0,0]},"geyser_custom_x":{"position":[0,0,0],"rotation":[0,0,0],"scale":[0.5,0.5,0.5]},"geyser_custom_y":{"rotation":[0,0,0]},"geyser_custom_z":{"rotation":[0,0,0]}},"loop":true}},"format_version":"1.8.0"}