{"animations":{"animation.geyser_custom.geo_0ecd446.firstperson_main_hand":{"bones":{"geyser_custom":{"position":[2,12,-2],"rotation":[90,0,0],"scale":1.3},"geyser_custom_x":{"position":[0,0,0],"rotation":[0,0,0],"scale":[0.6,0.6,0.6]},"geyser_custom_y":{"rotation":[0,-30,0]},"geyser_custom_z":{"rotation":[0,0,0]}},"loop":true},"animation.geyser_custom.geo_0ecd446.thirdperson_main_hand":{"bones":{"geyser_custom":{"position":[0,13,-3],"rotation":[90,0,0]},"geyser_custom_x":{"position":[0,0,0],"rotation":[0,0,0],"scale":[0.6,0.6,0.6]},"geyser_custom_y":{"rotation":[0,0,0]},"geyser_custom_z":{"rotation":[0,0,0]}},"loop":true}},"format_version":"1.8.0"}