{"animations":{"animation.geyser_custom.geo_painkillersusing.firstperson_main_hand":{"bones":{"geyser_custom":{"position":[0,14,-3],"rotation":[90,0,0],"scale":0.8},"geyser_custom_x":{"position":[0,0,0],"rotation":[0,0,0],"scale":[0.4,0.4,0.4]},"geyser_custom_y":{"position":[0,0,0],"rotation":[0,0,0],"scale":1.5},"geyser_custom_z":{"rotation":[0,0,0]}},"loop":true},"animation.geyser_custom.geo_painkillersusing.thirdperson_main_hand":{"bones":{"geyser_custom":{"position":[0,13,-3],"rotation":[90,0,0]},"geyser_custom_x":{"position":[0,0,0],"rotation":[0,0,0],"scale":[0.3,0.3,0.3]}},"loop":true}},"format_version":"1.8.0"}