{"format_version":"1.12.0","minecraft:geometry":[{"description":{"identifier":"geometry.bundle_1_comfy_grandpa_chair","texture_width":64,"texture_height":64,"visible_bounds_width":3,"visible_bounds_height":2.5,"visible_bounds_offset":[0,0.75,0]},"bones":[{"name":"group","pivot":[0,8,1],"cubes":[{"origin":[5,0,-4],"size":[2,1,2],"uv":{"north":{"uv":[36,10],"uv_size":[2,1]},"east":{"uv":[38,10],"uv_size":[2,1]},"south":{"uv":[30,26],"uv_size":[2,1]},"west":{"uv":[34,10],"uv_size":[2,1]},"up":{"uv":[26,13],"uv_size":[2,2]},"down":{"uv":[26,17],"uv_size":[2,-2]}}},{"origin":[5,0,3],"size":[2,1,2],"uv":{"north":{"uv":[43,24],"uv_size":[2,1]},"east":{"uv":[43,25],"uv_size":[2,1]},"south":{"uv":[40,42],"uv_size":[2,1]},"west":{"uv":[43,23],"uv_size":[2,1]},"up":{"uv":[28,11],"uv_size":[2,2]},"down":{"uv":[28,15],"uv_size":[2,-2]}}},{"origin":[-7,0,3],"size":[2,1,2],"uv":{"north":{"uv":[30,24],"uv_size":[2,1]},"east":{"uv":[30,25],"uv_size":[2,1]},"south":{"uv":[30,22],"uv_size":[2,1]},"west":{"uv":[30,23],"uv_size":[2,1]},"up":{"uv":[24,15],"uv_size":[2,2]},"down":{"uv":[26,13],"uv_size":[2,-2]}}},{"origin":[-7,0,-4],"size":[2,1,2],"uv":{"north":{"uv":[30,20],"uv_size":[2,1]},"east":{"uv":[30,21],"uv_size":[2,1]},"south":{"uv":[28,15],"uv_size":[2,1]},"west":{"uv":[28,16],"uv_size":[2,1]},"up":{"uv":[24,11],"uv_size":[2,2]},"down":{"uv":[24,15],"uv_size":[2,-2]}}},{"origin":[-8,2,-5],"size":[3,9,11],"uv":{"north":{"uv":[34,42],"uv_size":[3,9]},"east":{"uv":[32,20],"uv_size":[11,9]},"south":{"uv":[31,42],"uv_size":[3,9]},"west":{"uv":[30,11],"uv_size":[11,9]},"up":{"uv":[22,42],"uv_size":[3,11]},"down":{"uv":[25,53],"uv_size":[3,-11]}}},{"origin":[-6,1.927,-8.36699],"size":[12,17,3],"pivot":[1,10.427,-6.86699],"rotation":[22.5,0,0],"uv":{"north":{"uv":[12,0],"uv_size":[12,17]},"east":{"uv":[13,42],"uv_size":[3,17]},"south":{"uv":[0,0],"uv_size":[12,17]},"west":{"uv":[10,42],"uv_size":[3,17]},"up":{"uv":[34,7],"uv_size":[12,3]},"down":{"uv":[41,13],"uv_size":[12,-3]}}},{"origin":[-7.5,1,-4.5],"size":[15,1,10],"uv":{"north":{"uv":[43,20],"uv_size":[15,1]},"east":{"uv":[43,22],"uv_size":[10,1]},"south":{"uv":[41,19],"uv_size":[15,1]},"west":{"uv":[43,21],"uv_size":[10,1]},"up":{"uv":[0,17],"uv_size":[15,10]},"down":{"uv":[15,27],"uv_size":[15,-10]}}},{"origin":[-5,2,-5],"size":[10,6,11],"uv":{"north":{"uv":[0,38],"uv_size":[10,6]},"east":{"uv":[21,36],"uv_size":[11,6]},"south":{"uv":[32,36],"uv_size":[10,6]},"west":{"uv":[10,36],"uv_size":[11,6]},"up":{"uv":[24,0],"uv_size":[10,11]},"down":{"uv":[0,38],"uv_size":[10,-11]}}},{"origin":[-5,0.81802,5.56066],"size":[10,7,3],"pivot":[0,4.81802,7.06066],"rotation":[45,0,0],"uv":{"north":{"uv":[34,0],"uv_size":[10,7]},"east":{"uv":[42,38],"uv_size":[3,7]},"south":{"uv":[32,29],"uv_size":[10,7]},"west":{"uv":[37,42],"uv_size":[3,7]},"up":{"uv":[41,13],"uv_size":[10,3]},"down":{"uv":[41,19],"uv_size":[10,-3]}}},{"origin":[5,2,-5],"size":[3,9,11],"uv":{"north":{"uv":[42,29],"uv_size":[3,9]},"east":{"uv":[21,27],"uv_size":[11,9]},"south":{"uv":[28,42],"uv_size":[3,9]},"west":{"uv":[10,27],"uv_size":[11,9]},"up":{"uv":[16,42],"uv_size":[3,11]},"down":{"uv":[19,53],"uv_size":[3,-11]}}}]}]}]}