{"format_version":"1.12.0","minecraft:geometry":[{"description":{"identifier":"geometry.bundle_1_comfy_fairy_lights","texture_width":64,"texture_height":64,"visible_bounds_width":5,"visible_bounds_height":2.5,"visible_bounds_offset":[0,0.75,0]},"bones":[{"name":"bone","pivot":[-16,0,-15],"cubes":[{"origin":[-21.73062,0,-6.825],"size":[29.78799,16,0],"uv":{"north":{"uv":[0,16],"uv_size":[0,0]},"east":{"uv":[0,0],"uv_size":[0,16]},"south":{"uv":[0,0],"uv_size":[30,16]},"west":{"uv":[0,0],"uv_size":[0,16]},"up":{"uv":[0,0],"uv_size":[48,0]},"down":{"uv":[0,0],"uv_size":[48,0]}}},{"origin":[5.24859,7.297,-8],"size":[2,2,2],"pivot":[5.78994,9.78073,-7],"rotation":[0,0,-25.5],"uv":{"north":{"uv":[24,32],"uv_size":[2,2]},"east":{"uv":[26,32],"uv_size":[2,2]},"south":{"uv":[28,32],"uv_size":[2,2]},"west":{"uv":[30,32],"uv_size":[2,2]},"up":{"uv":[32,32],"uv_size":[2,2]},"down":{"uv":[0,36],"uv_size":[2,-2]}}},{"origin":[-21.71977,7.08006,-8],"size":[2,2,2],"pivot":[-20.5507,7.62967,-7],"rotation":[0,0,13.75],"uv":{"north":{"uv":[2,34],"uv_size":[2,2]},"east":{"uv":[4,34],"uv_size":[2,2]},"south":{"uv":[6,34],"uv_size":[2,2]},"west":{"uv":[8,34],"uv_size":[2,2]},"up":{"uv":[10,34],"uv_size":[2,2]},"down":{"uv":[12,36],"uv_size":[2,-2]}}},{"origin":[1.80546,3.4192,-8],"size":[2,2,2],"pivot":[-3.26954,3.7442,-7],"rotation":[0,0,-8],"uv":{"north":{"uv":[26,34],"uv_size":[2,2]},"east":{"uv":[28,34],"uv_size":[2,2]},"south":{"uv":[30,34],"uv_size":[2,2]},"west":{"uv":[32,34],"uv_size":[2,2]},"up":{"uv":[34,32],"uv_size":[2,2]},"down":{"uv":[34,36],"uv_size":[2,-2]}}},{"origin":[-5.16357,1.93919,-8],"size":[2,2,2],"pivot":[-4.56357,2.66419,-7],"rotation":[0,0,-5.5],"uv":{"north":{"uv":[26,34],"uv_size":[2,2]},"east":{"uv":[28,34],"uv_size":[2,2]},"south":{"uv":[30,34],"uv_size":[2,2]},"west":{"uv":[32,34],"uv_size":[2,2]},"up":{"uv":[34,32],"uv_size":[2,2]},"down":{"uv":[34,36],"uv_size":[2,-2]}}},{"origin":[-11.55568,2.16884,-8],"size":[2,2,2],"pivot":[-10.55568,3.16884,-7],"rotation":[0,0,10.25],"uv":{"north":{"uv":[26,34],"uv_size":[2,2]},"east":{"uv":[28,34],"uv_size":[2,2]},"south":{"uv":[30,34],"uv_size":[2,2]},"west":{"uv":[32,34],"uv_size":[2,2]},"up":{"uv":[34,32],"uv_size":[2,2]},"down":{"uv":[34,36],"uv_size":[2,-2]}}},{"origin":[-16.5859,4.15649,-8],"size":[2,2,2],"pivot":[-15.6109,5.15649,-7],"rotation":[0,0,15],"uv":{"north":{"uv":[12,32],"uv_size":[2,2]},"east":{"uv":[14,32],"uv_size":[2,2]},"south":{"uv":[16,32],"uv_size":[2,2]},"west":{"uv":[18,32],"uv_size":[2,2]},"up":{"uv":[20,32],"uv_size":[2,2]},"down":{"uv":[22,34],"uv_size":[2,-2]}}}]}]}]}