{"format_version":"1.12.0","minecraft:geometry":[{"description":{"identifier":"geometry.bundle_1_comfy_candles","texture_width":32,"texture_height":32,"visible_bounds_width":3,"visible_bounds_height":2.5,"visible_bounds_offset":[0,0.75,0]},"bones":[{"name":"candles","pivot":[0,0,0]},{"name":"candle1","parent":"candles","pivot":[0,0,0],"cubes":[{"origin":[0.9,0,-4.1],"size":[0.05,4.2,4.2],"pivot":[3,2.35,-2],"rotation":[0,22.5,0],"uv":{"north":{"uv":[32,0],"uv_size":[0,4]},"east":{"uv":[8,12],"uv_size":[4,4]},"south":{"uv":[32,0],"uv_size":[0,4]},"west":{"uv":[12,12],"uv_size":[4,4]},"up":{"uv":[32,0],"uv_size":[0,4]},"down":{"uv":[32,4],"uv_size":[0,-4]}}},{"origin":[0.9,0,-4.1],"size":[4.2,0.05,4.2],"pivot":[3,2.35,-2],"rotation":[0,22.5,0],"uv":{"north":{"uv":[28,0],"uv_size":[4,0]},"east":{"uv":[28,0],"uv_size":[4,0]},"south":{"uv":[28,0],"uv_size":[4,0]},"west":{"uv":[28,0],"uv_size":[4,0]},"up":{"uv":[9,4],"uv_size":[4,4]},"down":{"uv":[9,12],"uv_size":[4,-4]}}},{"origin":[0.9,0,-4.1],"size":[4.2,4.2,0.05],"pivot":[3,2.35,-2],"rotation":[0,22.5,0],"uv":{"north":{"uv":[13,0],"uv_size":[4,4]},"east":{"uv":[28,0],"uv_size":[0,4]},"south":{"uv":[13,4],"uv_size":[4,4]},"west":{"uv":[28,0],"uv_size":[0,4]},"up":{"uv":[28,0],"uv_size":[4,0]},"down":{"uv":[28,0],"uv_size":[4,0]}}},{"origin":[1.1,0.1,-3.9],"size":[3.8,3,3.8],"pivot":[3,2.35,-2],"rotation":[0,22.5,0],"uv":{"north":{"uv":[13,8],"uv_size":[4,3]},"east":{"uv":[0,14],"uv_size":[4,3]},"south":{"uv":[4,16],"uv_size":[4,3]},"west":{"uv":[8,16],"uv_size":[4,3]},"up":{"uv":[5,0],"uv_size":[4,4]},"down":{"uv":[5,8],"uv_size":[4,-4]}}},{"origin":[5.05,0,-4.1],"size":[0.05,4.2,4.2],"pivot":[3,2.35,-2],"rotation":[0,22.5,0],"uv":{"north":{"uv":[32,0],"uv_size":[0,4]},"east":{"uv":[0,10],"uv_size":[4,4]},"south":{"uv":[32,0],"uv_size":[0,4]},"west":{"uv":[4,12],"uv_size":[4,4]},"up":{"uv":[32,0],"uv_size":[0,4]},"down":{"uv":[32,4],"uv_size":[0,-4]}}},{"origin":[2.5,3.1,-2],"size":[1,1,0],"pivot":[3,2.35,-2],"rotation":[0,22.5,0],"uv":{"north":{"uv":[4,10],"uv_size":[1,1]},"east":{"uv":[0,0],"uv_size":[0,1]},"south":{"uv":[4,11],"uv_size":[1,1]},"west":{"uv":[0,0],"uv_size":[0,1]},"up":{"uv":[0,0],"uv_size":[1,0]},"down":{"uv":[0,0],"uv_size":[1,0]}}},{"origin":[3,3.1,-2.5],"size":[0,1,1],"pivot":[3,2.35,-2],"rotation":[0,22.5,0],"uv":{"north":{"uv":[0,0],"uv_size":[0,1]},"east":{"uv":[16,14],"uv_size":[1,1]},"south":{"uv":[0,0],"uv_size":[0,1]},"west":{"uv":[16,15],"uv_size":[1,1]},"up":{"uv":[0,0],"uv_size":[0,1]},"down":{"uv":[0,1],"uv_size":[0,-1]}}},{"origin":[0.9,0,0.05],"size":[4.2,4.2,0.05],"pivot":[3,2.35,-2],"rotation":[0,22.5,0],"uv":{"north":{"uv":[5,8],"uv_size":[4,4]},"east":{"uv":[32,0],"uv_size":[0,4]},"south":{"uv":[9,0],"uv_size":[4,4]},"west":{"uv":[32,0],"uv_size":[0,4]},"up":{"uv":[28,0],"uv_size":[4,0]},"down":{"uv":[28,0],"uv_size":[4,0]}}},{"origin":[0.5,4.2,-4.5],"size":[5,1,5],"pivot":[3,2.35,-2],"rotation":[0,22.5,0],"uv":{"north":{"uv":[13,11],"uv_size":[5,1]},"east":{"uv":[12,16],"uv_size":[5,1]},"south":{"uv":[16,12],"uv_size":[5,1]},"west":{"uv":[16,13],"uv_size":[5,1]},"up":{"uv":[0,0],"uv_size":[5,5]},"down":{"uv":[0,10],"uv_size":[5,-5]}}}]},{"name":"candle2","parent":"candles","pivot":[0,0,0],"cubes":[{"origin":[-8.56463,2.61407,-0.4969],"size":[5,1,5],"pivot":[-5.38963,3.16407,2.0031],"rotation":[-0.99366,1.25729,-60.29949],"uv":{"north":{"uv":[13,11],"uv_size":[5,1]},"east":{"uv":[12,16],"uv_size":[5,1]},"south":{"uv":[16,12],"uv_size":[5,1]},"west":{"uv":[16,13],"uv_size":[5,1]},"up":{"uv":[0,0],"uv_size":[5,5]},"down":{"uv":[0,10],"uv_size":[5,-5]}}},{"origin":[-4.1,0,-0.1],"size":[4.2,0.05,4.2],"uv":{"north":{"uv":[28,0],"uv_size":[4,0]},"east":{"uv":[28,0],"uv_size":[4,0]},"south":{"uv":[28,0],"uv_size":[4,0]},"west":{"uv":[28,0],"uv_size":[4,0]},"up":{"uv":[9,4],"uv_size":[4,4]},"down":{"uv":[9,12],"uv_size":[4,-4]}}},{"origin":[-4.1,0,-0.1],"size":[0.05,4.2,4.2],"uv":{"north":{"uv":[32,0],"uv_size":[0,4]},"east":{"uv":[8,12],"uv_size":[4,4]},"south":{"uv":[32,0],"uv_size":[0,4]},"west":{"uv":[12,12],"uv_size":[4,4]},"up":{"uv":[32,0],"uv_size":[0,4]},"down":{"uv":[32,4],"uv_size":[0,-4]}}},{"origin":[-4.1,0,-0.1],"size":[4.2,4.2,0.05],"uv":{"north":{"uv":[13,0],"uv_size":[4,4]},"east":{"uv":[28,0],"uv_size":[4,0]},"south":{"uv":[13,4],"uv_size":[4,4]},"west":{"uv":[28,0],"uv_size":[4,0]},"up":{"uv":[28,0],"uv_size":[4,0]},"down":{"uv":[28,0],"uv_size":[4,0]}}},{"origin":[-3.9,0.1,0.1],"size":[3.8,3,3.8],"uv":{"north":{"uv":[13,8],"uv_size":[4,3]},"east":{"uv":[0,14],"uv_size":[4,3]},"south":{"uv":[4,16],"uv_size":[4,3]},"west":{"uv":[8,16],"uv_size":[4,3]},"up":{"uv":[5,0],"uv_size":[4,4]},"down":{"uv":[5,8],"uv_size":[4,-4]}}},{"origin":[-2.5,3.1,2],"size":[1,1,0],"uv":{"north":{"uv":[4,10],"uv_size":[1,1]},"east":{"uv":[0,0],"uv_size":[0,1]},"south":{"uv":[4,11],"uv_size":[1,1]},"west":{"uv":[0,0],"uv_size":[0,1]},"up":{"uv":[0,0],"uv_size":[1,0]},"down":{"uv":[0,0],"uv_size":[1,0]}}},{"origin":[-2,3.1,1.5],"size":[0,1,1],"uv":{"north":{"uv":[0,0],"uv_size":[0,1]},"east":{"uv":[16,14],"uv_size":[1,1]},"south":{"uv":[0,0],"uv_size":[0,1]},"west":{"uv":[16,15],"uv_size":[1,1]},"up":{"uv":[0,0],"uv_size":[0,1]},"down":{"uv":[0,1],"uv_size":[0,-1]}}},{"origin":[0.05,0,-0.1],"size":[0.05,4.2,4.2],"uv":{"north":{"uv":[32,0],"uv_size":[0,4]},"east":{"uv":[0,10],"uv_size":[4,4]},"south":{"uv":[32,0],"uv_size":[0,4]},"west":{"uv":[4,12],"uv_size":[4,4]},"up":{"uv":[32.1,0],"uv_size":[-0.1,4.2]},"down":{"uv":[32,4],"uv_size":[0,-4]}}},{"origin":[-4.1,0,4.05],"size":[4.2,4.2,0.05],"uv":{"north":{"uv":[5,8],"uv_size":[4,4]},"east":{"uv":[32,0],"uv_size":[0,4]},"south":{"uv":[9,0],"uv_size":[4,4]},"west":{"uv":[32,0],"uv_size":[0,4]},"up":{"uv":[28,0],"uv_size":[4,0]},"down":{"uv":[28,0],"uv_size":[4,0]}}}]}]}]}