{"format_version":"1.12.0","minecraft:geometry":[{"description":{"identifier":"geometry.bundle_1_comfy_floor_lamp","texture_width":64,"texture_height":64,"visible_bounds_width":2,"visible_bounds_height":3.5,"visible_bounds_offset":[0,1.25,0]},"bones":[{"name":"bone","pivot":[8,-2,-8],"cubes":[{"origin":[-2,23,-13],"size":[4,2,4],"uv":{"north":{"uv":[26,20],"uv_size":[4,2]},"east":{"uv":[26,22],"uv_size":[4,2]},"south":{"uv":[24,26],"uv_size":[4,2]},"west":{"uv":[8,28],"uv_size":[4,2]},"up":{"uv":[8,24],"uv_size":[4,4]},"down":{"uv":[26,6],"uv_size":[4,-4]}}},{"origin":[-4,22.925,-15],"size":[8,0.05,8],"uv":{"north":{"uv":[0,0],"uv_size":[8,0]},"east":{"uv":[0,0],"uv_size":[8,0]},"south":{"uv":[0,0],"uv_size":[8,0]},"west":{"uv":[0,0],"uv_size":[8,0]},"up":{"uv":[0,0],"uv_size":[8,8]},"down":{"uv":[0,16],"uv_size":[8,-8]}}},{"origin":[4,18.925,-15],"size":[0.05,4,8],"uv":{"north":{"uv":[0,0],"uv_size":[0,4]},"east":{"uv":[6,16],"uv_size":[8,4]},"south":{"uv":[0,0],"uv_size":[0,4]},"west":{"uv":[18,0],"uv_size":[8,4]},"up":{"uv":[0,0],"uv_size":[0,8]},"down":{"uv":[0,8],"uv_size":[0,-8]}}},{"origin":[-4.05,18.925,-15],"size":[0.05,4,8],"uv":{"north":{"uv":[0,0],"uv_size":[0,4]},"east":{"uv":[6,20],"uv_size":[8,4]},"south":{"uv":[0,0],"uv_size":[0,4]},"west":{"uv":[18,20],"uv_size":[8,4]},"up":{"uv":[0,0],"uv_size":[0,8]},"down":{"uv":[0,8],"uv_size":[0,-8]}}},{"origin":[-4,18.925,-15.05],"size":[8,4,0.05],"uv":{"north":{"uv":[18,4],"uv_size":[8,4]},"east":{"uv":[0,0],"uv_size":[0,4]},"south":{"uv":[18,8],"uv_size":[8,4]},"west":{"uv":[0,0],"uv_size":[0,4]},"up":{"uv":[0,0],"uv_size":[8,0]},"down":{"uv":[0,0],"uv_size":[8,0]}}},{"origin":[-4,18.925,-7],"size":[8,4,0.05],"uv":{"north":{"uv":[18,12],"uv_size":[8,4]},"east":{"uv":[0,0],"uv_size":[0,4]},"south":{"uv":[18,16],"uv_size":[8,4]},"west":{"uv":[0,0],"uv_size":[0,4]},"up":{"uv":[0,0],"uv_size":[8,0]},"down":{"uv":[0,0],"uv_size":[8,0]}}},{"origin":[-1,19,-12],"size":[2,3,2],"uv":{"north":{"uv":[12,24],"uv_size":[2,3]},"east":{"uv":[20,29],"uv_size":[2,3]},"south":{"uv":[22,29],"uv_size":[2,3]},"west":{"uv":[24,29],"uv_size":[2,3]},"up":{"uv":[12,27],"uv_size":[2,2]},"down":{"uv":[8,32],"uv_size":[2,-2]}}},{"origin":[-1,26,-12],"size":[2,2,11],"uv":{"north":{"uv":[30,8],"uv_size":[2,2]},"east":{"uv":[18,24],"uv_size":[11,2]},"south":{"uv":[10,30],"uv_size":[2,2]},"west":{"uv":[26,0],"uv_size":[11,2]},"up":{"uv":[14,16],"uv_size":[2,11]},"down":{"uv":[6,37],"uv_size":[2,-13]}}},{"origin":[-1,25,-12],"size":[2,1,2],"uv":{"north":{"uv":[26,31],"uv_size":[2,1]},"east":{"uv":[28,31],"uv_size":[2,1]},"south":{"uv":[30,4],"uv_size":[2,1]},"west":{"uv":[30,7],"uv_size":[2,1]},"up":{"uv":[30,12],"uv_size":[2,2]},"down":{"uv":[14,32],"uv_size":[2,-2]}}},{"origin":[-1,3,-1],"size":[2,25,2],"uv":{"north":{"uv":[0,16],"uv_size":[2,25]},"east":{"uv":[16,0],"uv_size":[2,25]},"south":{"uv":[2,16],"uv_size":[2,25]},"west":{"uv":[4,16],"uv_size":[2,25]},"up":{"uv":[30,10],"uv_size":[2,2]},"down":{"uv":[12,32],"uv_size":[2,-2]}}},{"origin":[-2,1,-2],"size":[4,2,4],"uv":{"north":{"uv":[26,14],"uv_size":[4,2]},"east":{"uv":[16,26],"uv_size":[4,2]},"south":{"uv":[26,17],"uv_size":[4,2]},"west":{"uv":[20,26],"uv_size":[4,2]},"up":{"uv":[26,6],"uv_size":[4,4]},"down":{"uv":[26,14],"uv_size":[4,-4]}}},{"origin":[-4,0,-4],"size":[8,1,8],"uv":{"north":{"uv":[24,28],"uv_size":[8,1]},"east":{"uv":[28,26],"uv_size":[8,1]},"south":{"uv":[28,27],"uv_size":[8,1]},"west":{"uv":[12,29],"uv_size":[8,1]},"up":{"uv":[8,0],"uv_size":[8,8]},"down":{"uv":[8,16],"uv_size":[8,-8]}}}]}]}]}