{"format_version":"1.12.0","minecraft:geometry":[{"description":{"identifier":"geometry.bundle_1_dreamy_table","texture_width":64,"texture_height":64,"visible_bounds_width":2,"visible_bounds_height":2.5,"visible_bounds_offset":[0,0.75,0]},"bones":[{"name":"bone","pivot":[8,0,-8],"cubes":[{"origin":[-8,0,-1],"size":[2,17,2],"uv":{"north":{"uv":[10,17],"uv_size":[2,17]},"east":{"uv":[12,17],"uv_size":[2,17]},"south":{"uv":[14,17],"uv_size":[2,17]},"west":{"uv":[16,17],"uv_size":[2,17]},"up":{"uv":[36,10],"uv_size":[2,2]},"down":{"uv":[36,14],"uv_size":[2,-2]}}},{"origin":[-1,0,6],"size":[2,17,2],"uv":{"north":{"uv":[2,20],"uv_size":[2,17]},"east":{"uv":[4,20],"uv_size":[2,17]},"south":{"uv":[6,20],"uv_size":[2,17]},"west":{"uv":[8,20],"uv_size":[2,17]},"up":{"uv":[16,36],"uv_size":[2,2]},"down":{"uv":[36,20],"uv_size":[2,-2]}}},{"origin":[-6,0,-1],"size":[12,2,2],"uv":{"north":{"uv":[24,23],"uv_size":[12,2]},"east":{"uv":[36,20],"uv_size":[2,2]},"south":{"uv":[24,25],"uv_size":[12,2]},"west":{"uv":[36,22],"uv_size":[2,2]},"up":{"uv":[26,0],"uv_size":[12,2]},"down":{"uv":[26,4],"uv_size":[12,-2]}}},{"origin":[-1,0,-6],"size":[2,2,5],"uv":{"north":{"uv":[36,24],"uv_size":[2,2]},"east":{"uv":[24,33],"uv_size":[5,2]},"south":{"uv":[36,26],"uv_size":[2,2]},"west":{"uv":[29,33],"uv_size":[5,2]},"up":{"uv":[10,34],"uv_size":[2,5]},"down":{"uv":[12,39],"uv_size":[2,-5]}}},{"origin":[-1,0,1],"size":[2,2,5],"uv":{"north":{"uv":[36,28],"uv_size":[2,2]},"east":{"uv":[14,34],"uv_size":[5,2]},"south":{"uv":[36,30],"uv_size":[2,2]},"west":{"uv":[34,16],"uv_size":[5,2]},"up":{"uv":[34,27],"uv_size":[2,5]},"down":{"uv":[34,37],"uv_size":[2,-5]}}},{"origin":[-7,14,-7],"size":[2,2,14],"uv":{"north":{"uv":[24,35],"uv_size":[2,2]},"east":{"uv":[22,14],"uv_size":[14,2]},"south":{"uv":[26,35],"uv_size":[2,2]},"west":{"uv":[22,21],"uv_size":[14,2]},"up":{"uv":[22,23],"uv_size":[2,14]},"down":{"uv":[24,14],"uv_size":[2,-14]}}},{"origin":[-5,14,5],"size":[10,2,2],"uv":{"north":{"uv":[26,12],"uv_size":[10,2]},"east":{"uv":[32,35],"uv_size":[2,2]},"south":{"uv":[24,27],"uv_size":[10,2]},"west":{"uv":[36,4],"uv_size":[2,2]},"up":{"uv":[24,29],"uv_size":[10,2]},"down":{"uv":[24,33],"uv_size":[10,-2]}}},{"origin":[-5,16,-5],"size":[10,0,10],"uv":{"north":{"uv":[0,0],"uv_size":[10,0]},"east":{"uv":[0,0],"uv_size":[10,0]},"south":{"uv":[0,0],"uv_size":[10,0]},"west":{"uv":[0,0],"uv_size":[10,0]},"up":{"uv":[0,0],"uv_size":[10,10]},"down":{"uv":[0,47],"uv_size":[10,-10]}}},{"origin":[-5,14,-7],"size":[10,2,2],"uv":{"north":{"uv":[26,4],"uv_size":[10,2]},"east":{"uv":[28,35],"uv_size":[2,2]},"south":{"uv":[26,6],"uv_size":[10,2]},"west":{"uv":[30,35],"uv_size":[2,2]},"up":{"uv":[26,8],"uv_size":[10,2]},"down":{"uv":[26,12],"uv_size":[10,-2]}}},{"origin":[5,14,-7],"size":[2,2,14],"uv":{"north":{"uv":[34,18],"uv_size":[2,2]},"east":{"uv":[20,17],"uv_size":[14,2]},"south":{"uv":[19,35],"uv_size":[2,2]},"west":{"uv":[20,19],"uv_size":[14,2]},"up":{"uv":[20,21],"uv_size":[2,14]},"down":{"uv":[22,14],"uv_size":[2,-14]}}},{"origin":[6,0,-1],"size":[2,17,2],"uv":{"north":{"uv":[10,0],"uv_size":[2,17]},"east":{"uv":[12,0],"uv_size":[2,17]},"south":{"uv":[14,0],"uv_size":[2,17]},"west":{"uv":[16,0],"uv_size":[2,17]},"up":{"uv":[36,6],"uv_size":[2,2]},"down":{"uv":[36,10],"uv_size":[2,-2]}}},{"origin":[-1,0,-8],"size":[2,17,2],"uv":{"north":{"uv":[18,0],"uv_size":[2,17]},"east":{"uv":[18,17],"uv_size":[2,17]},"south":{"uv":[0,20],"uv_size":[2,17]},"west":{"uv":[20,0],"uv_size":[2,17]},"up":{"uv":[14,36],"uv_size":[2,2]},"down":{"uv":[36,16],"uv_size":[2,-2]}}}]}]}]}