{"format_version":"1.12.0","minecraft:geometry":[{"description":{"identifier":"geometry.bundle_1_dreamy_big_table","texture_width":128,"texture_height":128,"visible_bounds_width":5,"visible_bounds_height":2.5,"visible_bounds_offset":[0,0.75,0]},"bones":[{"name":"bone","pivot":[8,0,-6],"cubes":[{"origin":[-1,0,-15],"size":[2,17,2],"uv":{"north":{"uv":[42,32],"uv_size":[2,17]},"east":{"uv":[44,32],"uv_size":[2,17]},"south":{"uv":[46,32],"uv_size":[2,17]},"west":{"uv":[48,32],"uv_size":[2,17]},"up":{"uv":[52,34],"uv_size":[2,2]},"down":{"uv":[52,38],"uv_size":[2,-2]}}},{"origin":[-15,0,-1],"size":[2,17,2],"uv":{"north":{"uv":[30,38],"uv_size":[2,17]},"east":{"uv":[32,38],"uv_size":[2,17]},"south":{"uv":[38,32],"uv_size":[2,17]},"west":{"uv":[40,32],"uv_size":[2,17]},"up":{"uv":[22,52],"uv_size":[2,2]},"down":{"uv":[24,54],"uv_size":[2,-2]}}},{"origin":[-13,0,-1],"size":[26,2,2],"uv":{"north":{"uv":[34,8],"uv_size":[26,2]},"east":{"uv":[52,42],"uv_size":[2,2]},"south":{"uv":[34,10],"uv_size":[26,2]},"west":{"uv":[52,44],"uv_size":[2,2]},"up":{"uv":[34,12],"uv_size":[26,2]},"down":{"uv":[34,16],"uv_size":[26,-2]}}},{"origin":[-1,0,-13],"size":[2,2,12],"uv":{"north":{"uv":[42,53],"uv_size":[2,2]},"east":{"uv":[42,49],"uv_size":[13,2]},"south":{"uv":[44,53],"uv_size":[2,2]},"west":{"uv":[50,32],"uv_size":[13,2]},"up":{"uv":[50,34],"uv_size":[2,13]},"down":{"uv":[26,64],"uv_size":[2,-13]}}},{"origin":[-1,0,1],"size":[2,2,12],"uv":{"north":{"uv":[46,53],"uv_size":[2,2]},"east":{"uv":[50,47],"uv_size":[13,2]},"south":{"uv":[48,53],"uv_size":[2,2]},"west":{"uv":[42,51],"uv_size":[13,2]},"up":{"uv":[28,51],"uv_size":[2,13]},"down":{"uv":[0,65],"uv_size":[2,-13]}}},{"origin":[-12,14,-14],"size":[24,2,2],"uv":{"north":{"uv":[34,16],"uv_size":[24,2]},"east":{"uv":[10,52],"uv_size":[2,2]},"south":{"uv":[34,18],"uv_size":[24,2]},"west":{"uv":[12,52],"uv_size":[2,2]},"up":{"uv":[34,20],"uv_size":[24,2]},"down":{"uv":[34,24],"uv_size":[24,-2]}}},{"origin":[-14,14,-14],"size":[2,2,28],"uv":{"north":{"uv":[6,52],"uv_size":[2,2]},"east":{"uv":[30,4],"uv_size":[28,2]},"south":{"uv":[8,52],"uv_size":[2,2]},"west":{"uv":[30,6],"uv_size":[28,2]},"up":{"uv":[30,8],"uv_size":[2,28]},"down":{"uv":[32,36],"uv_size":[2,-28]}}},{"origin":[-12,16,-12],"size":[24,0,24],"uv":{"north":{"uv":[0,0],"uv_size":[26,0]},"east":{"uv":[0,0],"uv_size":[26,0]},"south":{"uv":[0,0],"uv_size":[26,0]},"west":{"uv":[0,0],"uv_size":[26,0]},"up":{"uv":[0,0],"uv_size":[24,24]},"down":{"uv":[0,91],"uv_size":[24,-24]}}},{"origin":[12,14,-14],"size":[2,2,28],"uv":{"north":{"uv":[2,52],"uv_size":[2,2]},"east":{"uv":[26,0],"uv_size":[30,2]},"south":{"uv":[4,52],"uv_size":[2,2]},"west":{"uv":[26,2],"uv_size":[30,2]},"up":{"uv":[26,4],"uv_size":[2,30]},"down":{"uv":[28,34],"uv_size":[2,-30]}}},{"origin":[-12,14,12],"size":[24,2,2],"uv":{"north":{"uv":[34,24],"uv_size":[26,2]},"east":{"uv":[14,52],"uv_size":[2,2]},"south":{"uv":[34,26],"uv_size":[26,2]},"west":{"uv":[16,52],"uv_size":[2,2]},"up":{"uv":[34,28],"uv_size":[26,2]},"down":{"uv":[34,32],"uv_size":[26,-2]}}},{"origin":[13,0,-1],"size":[2,17,2],"uv":{"north":{"uv":[26,34],"uv_size":[2,17]},"east":{"uv":[28,34],"uv_size":[2,17]},"south":{"uv":[34,32],"uv_size":[2,17]},"west":{"uv":[36,32],"uv_size":[2,17]},"up":{"uv":[18,52],"uv_size":[2,2]},"down":{"uv":[20,54],"uv_size":[2,-2]}}},{"origin":[-1,0,13],"size":[2,17,2],"uv":{"north":{"uv":[34,49],"uv_size":[2,17]},"east":{"uv":[36,49],"uv_size":[2,17]},"south":{"uv":[38,49],"uv_size":[2,17]},"west":{"uv":[40,49],"uv_size":[2,17]},"up":{"uv":[52,38],"uv_size":[2,2]},"down":{"uv":[52,42],"uv_size":[2,-2]}}}]}]}]}