{
  "format_version": "1.10.0",
  "particle_effect": {
    "components": {
      "minecraft:emitter_lifetime_looping": {
        "active_time": 1
      },
      "minecraft:emitter_rate_instant": {
        "num_particles": 60
      },
      "minecraft:emitter_shape_box": {
        "direction": [
          "Math.random(-0.1, 0.1)",
          "Math.random(0.1, 1.0)",
          "Math.random(-0.1, 0.1)"
        ],
        "half_dimensions": [
          2,
          1,
          2
        ],
        "offset": [
          0,
          "math.sin(variable.emitter_age * 90) * (2-variable.particle_random_2)",
          0
        ]
      },
      "minecraft:particle_appearance_billboard": {
        "facing_camera_mode": "lookat_xyz",
        "size": [
          "(variable.particle_random_3 * 0.15 + 0.025) * (1 - Math.pow((variable.particle_age + query.frame_alpha) / variable.particle_lifetime, 2)) / 3",
          "(variable.particle_random_3 * 0.15 + 0.025) * (1 - Math.pow((variable.particle_age + query.frame_alpha) / variable.particle_lifetime, 2)) / 2"
        ],
        "uv": {
          "texture_height": 128,
          "texture_width": 128,
          "uv": [
            32,
            88
          ],
          "uv_size": [
            8,
            8
          ]
        }
      },
      "minecraft:particle_appearance_tinting": {
        "color": {
          "gradient": {
            "0.0": "#ffd71c1c",
            "0.16": "#ffffdf00",
            "0.33": "#ff08ff00",
            "0.5": "#ff00ffff",
            "0.67": "#ff0000ff",
            "0.83": "#ffff00ff",
            "1.0": "#ffe21111"
          },
          "interpolant": "variable.confetti"
        }
      },
      "minecraft:particle_initial_speed": "Math.random(5.0, 10.0)",
      "minecraft:particle_initial_spin": {
        "rotation": "variable.particle_random_3*360"
      },
      "minecraft:particle_lifetime_expression": {
        "max_lifetime": "Math.random(0.5, 2.0)"
      },
      "minecraft:particle_motion_collision": {
        "coefficient_of_restitution": 0.1,
        "collision_drag": 50,
        "collision_radius": 0.1
      },
      "minecraft:particle_motion_dynamic": {
        "linear_acceleration": [
          "(variable.particle_random_1 * 5.0 - 2.5)",
          -15,
          "(variable.particle_random_2 * 5.0 - 2.5)"
        ]
      }
    },
    "curves": {
      "variable.confetti": {
        "horizontal_range": 1,
        "input": "variable.particle_random_2",
        "nodes": [
          1,
          0,
          1,
          1.18
        ],
        "type": "catmull_rom"
      },
      "variable.psize": {
        "horizontal_range": "variable.particle_lifetime",
        "input": "variable.particle_age",
        "nodes": [
          0,
          0,
          1,
          0,
          0
        ],
        "type": "catmull_rom"
      }
    },
    "description": {
      "basic_render_parameters": {
        "material": "particles_alpha",
        "texture": "textures/particle/confetti"
      },
      "identifier": "plutonium:confetti"
    }
  }
}