{
  "format_version": "1.10.0",
  "particle_effect": {
    "components": {
      "minecraft:emitter_lifetime_once": {
        "active_time": 1
      },
      "minecraft:emitter_rate_instant": {
        "num_particles": 100
      },
      "minecraft:emitter_shape_point": {
        "direction": [
          "Math.random(-0.1, 0.1)",
          "Math.random(0.1, 1.0)",
          "Math.random(-0.1, 0.1)"
        ]
      },
      "minecraft:particle_appearance_billboard": {
        "facing_camera_mode": "lookat_xyz",
        "size": [
          "(variable.particle_random_3 * 0.20 + 0.025) * (1 - Math.pow((variable.particle_age + query.frame_alpha) / variable.particle_lifetime, 2))",
          "(variable.particle_random_3 * 0.20 + 0.025) * (1 - Math.pow((variable.particle_age + query.frame_alpha) / variable.particle_lifetime, 2))"
        ],
        "uv": {
          "texture_height": 1,
          "texture_width": 1,
          "uv": [
            0,
            0
          ],
          "uv_size": [
            1,
            1
          ]
        }
      },
      "minecraft:particle_appearance_lighting": {},
      "minecraft:particle_initial_speed": "Math.random(5.0, 13.0)",
      "minecraft:particle_lifetime_expression": {
        "max_lifetime": "Math.random(0.5, 2.0)"
      },
      "minecraft:particle_motion_collision": {
        "coefficient_of_restitution": 0.1,
        "collision_drag": 50,
        "collision_radius": 0.1
      },
      "minecraft:particle_motion_dynamic": {
        "linear_acceleration": [
          "(variable.particle_random_1 * 5.0 - 2.5)",
          -15,
          "(variable.particle_random_2 * 5.0 - 2.5)"
        ]
      }
    },
    "description": {
      "basic_render_parameters": {
        "material": "particles_alpha",
        "texture": "textures/particle/halloween_pumpkin"
      },
      "identifier": "plutonium:halloween"
    }
  }
}