{
  "animations": {
    "animation.shopskin.mrkitty": {
      "animation_length": 4,
      "bones": {
        "cat": {
          "position": [
            0,
            -0.3,
            2.6
          ],
          "rotation": [
            4,
            0,
            14
          ]
        },
        "head": {
          "position": {
            "0.0": [
              0,
              0,
              0
            ],
            "4.0": [
              0,
              0,
              0
            ]
          },
          "rotation": {
            "0.0": [
              0,
              0,
              0
            ],
            "0.72": [
              19.87739,
              -1.93597,
              7.24721
            ],
            "1.6": [
              19.87739,
              -1.93597,
              7.24721
            ],
            "2.48": [
              19.72438,
              3.17116,
              -6.8621
            ],
            "3.36": [
              19.72438,
              3.17116,
              -6.8621
            ],
            "4.0": [
              0,
              0,
              0
            ]
          }
        },
        "heart": {
          "position": {
            "0.0": [
              0,
              0,
              0
            ],
            "3.0": [
              0,
              21,
              0
            ]
          },
          "scale": {
            "0.0": [
              0,
              0,
              0
            ],
            "2.0": [
              1,
              1,
              1
            ],
            "3.0": [
              0,
              0,
              0
            ]
          }
        },
        "heart4": {
          "position": {
            "0.0": [
              -7,
              6,
              -5
            ],
            "1.0": [
              -7,
              13,
              0
            ],
            "3.0": [
              -7,
              -2,
              0
            ],
            "4.0": [
              -7,
              6,
              -5
            ]
          },
          "scale": {
            "0.0": [
              1,
              1,
              1
            ],
            "1.0": [
              0,
              0,
              0
            ],
            "3.0": [
              0,
              0,
              0
            ],
            "4.0": [
              1,
              1,
              1
            ]
          }
        },
        "heart5": {
          "position": {
            "1.0": [
              -15,
              0,
              0
            ],
            "4.0": [
              -15,
              21,
              0
            ]
          },
          "scale": {
            "1.0": [
              0,
              0,
              0
            ],
            "3.0": [
              1,
              1,
              1
            ],
            "4.0": [
              0,
              0,
              0
            ]
          }
        },
        "leftarm": {
          "position": {
            "0.0": [
              0,
              0,
              0
            ],
            "1.0": [
              0,
              0,
              0
            ],
            "2.0": [
              0,
              0,
              0
            ],
            "3.0": [
              0,
              0.4,
              0
            ],
            "4.0": [
              0,
              0,
              0
            ]
          },
          "rotation": {
            "0.0": [
              -40,
              0,
              0
            ],
            "1.0": [
              -39.75778,
              -4.81281,
              -5.7589
            ],
            "2.0": [
              -40,
              0,
              0
            ],
            "3.0": [
              -39.75778,
              4.81281,
              5.7589
            ],
            "4.0": [
              -40,
              0,
              0
            ]
          }
        },
        "rightarm": {
          "position": {
            "0.0": [
              0,
              0,
              0
            ],
            "1.0": [
              0,
              0.8,
              0
            ],
            "2.0": [
              0,
              0,
              0
            ],
            "3.0": [
              0,
              0,
              0
            ],
            "4.0": [
              0,
              0,
              0
            ]
          },
          "rotation": {
            "0.0": [
              -20,
              0,
              0
            ],
            "1.0": [
              -19.8423,
              -2.55868,
              -7.05239
            ],
            "2.0": [
              -20,
              0,
              0
            ],
            "3.0": [
              -19.8423,
              2.55868,
              7.05239
            ],
            "4.0": [
              -20,
              0,
              0
            ]
          }
        },
        "rightarm2": {
          "position": {
            "0.0": [
              0.1,
              1.2,
              0
            ],
            "2.0": [
              0.1,
              1.2,
              0
            ],
            "4.0": [
              0.1,
              1.2,
              0
            ]
          },
          "rotation": {
            "0.0": [
              0,
              0,
              72.5
            ],
            "1.0": [
              0,
              0,
              81
            ],
            "2.0": [
              0,
              0,
              72.5
            ],
            "3.0": [
              0,
              0,
              81
            ],
            "4.0": [
              0,
              0,
              72.5
            ]
          }
        },
        "rightarm4": {
          "position": {
            "0.0": [
              0,
              1.2,
              0
            ],
            "1.0": [
              0,
              1.2,
              0
            ],
            "2.0": [
              0,
              1.2,
              0
            ],
            "3.0": [
              0,
              1.2,
              0
            ],
            "4.0": [
              0,
              1.2,
              0
            ]
          },
          "rotation": {
            "0.0": [
              0,
              0,
              -70
            ],
            "1.0": [
              0,
              0,
              -70
            ],
            "2.0": [
              0,
              0,
              -70
            ],
            "3.0": [
              0,
              0,
              -80
            ],
            "4.0": [
              0,
              0,
              -70
            ]
          }
        }
      },
      "loop": true
    }
  },
  "format_version": "1.8.0"
}