{
  "animations": {
    "animation.drivethru.eggwars.shopskin": {
      "animation_length": 13.44,
      "bones": {
        "chicken": {
          "position": {
            "0.0": [
              -28.25,
              0.25,
              1
            ],
            "0.4": [
              -28.25,
              0.25,
              1.03
            ],
            "0.8": [
              -28.25,
              0.25,
              1.08
            ],
            "1.2": [
              -28.25,
              0.25,
              1.11
            ],
            "1.6": [
              -28.25,
              0.25,
              1.08
            ],
            "1.88": [
              -28.25,
              0.25,
              1
            ],
            "10.0": [
              -28.99,
              1.11,
              1.18
            ],
            "10.24": [
              -28.75,
              1.45,
              1.5
            ],
            "10.4": [
              -28.69,
              1.64,
              1.63
            ],
            "10.8": [
              -28.85,
              1.76,
              1.55
            ],
            "11.0": [
              -28.75,
              1.75,
              1.5
            ],
            "11.2": [
              -28.49,
              1.72,
              1.5
            ],
            "11.6": [
              -27.68,
              1.58,
              1.5
            ],
            "12.0": [
              -26.87,
              1.45,
              1.5
            ],
            "12.08": [
              -26.75,
              1.45,
              1.5
            ],
            "12.4": [
              -26.14,
              1.6,
              1.52
            ],
            "12.8": [
              -25.7,
              1.8,
              1.53
            ],
            "12.92": [
              -25.75,
              1.75,
              1.5
            ],
            "13.2": [
              -27.06,
              0.95,
              1.23
            ],
            "13.44": [
              -28.25,
              0.25,
              1
            ],
            "2.0": [
              -28.25,
              0.25,
              0.93
            ],
            "2.4": [
              -28.25,
              0.25,
              0.54
            ],
            "2.8": [
              -28.25,
              0.25,
              0.05
            ],
            "3.2": [
              -28.25,
              0.25,
              -0.37
            ],
            "3.4": [
              -28.25,
              0.25,
              -0.5
            ],
            "3.6": [
              -28.15,
              0.25,
              -0.61
            ],
            "3.88": [
              -28.25,
              0.25,
              -0.5
            ],
            "4.0": [
              -28.62,
              0.25,
              -0.5
            ],
            "4.4": [
              -30.25,
              0.25,
              -0.5
            ],
            "4.8": [
              -30.32,
              0.41,
              -0.5
            ],
            "5.0": [
              -30.25,
              0.45,
              -0.5
            ],
            "5.2": [
              -30.25,
              0.4,
              -0.5
            ],
            "5.6": [
              -30.25,
              0.25,
              -0.5
            ],
            "5.64": [
              -30.25,
              0.25,
              -0.5
            ],
            "6.0": [
              -30.25,
              0.33,
              -0.5
            ],
            "6.16": [
              -30.25,
              0.45,
              -0.5
            ],
            "6.4": [
              -30.25,
              0.93,
              -0.5
            ],
            "6.68": [
              -30.25,
              1.25,
              -0.5
            ],
            "6.8": [
              -30.25,
              0.61,
              -0.5
            ],
            "7.0": [
              -30.25,
              -0.55,
              -0.5
            ],
            "7.2": [
              -30.25,
              0.5,
              -0.5
            ],
            "7.36": [
              -30.25,
              1.25,
              -0.5
            ],
            "7.6": [
              -30.25,
              -0.14,
              -0.5
            ],
            "7.68": [
              -30.25,
              -0.55,
              -0.5
            ],
            "8.0": [
              -30.28,
              -0.71,
              -0.54
            ],
            "8.4": [
              -30.35,
              -0.79,
              -0.63
            ],
            "8.8": [
              -30.35,
              -0.71,
              -0.63
            ],
            "9.08": [
              -30.25,
              -0.55,
              -0.5
            ],
            "9.2": [
              -30.15,
              -0.42,
              -0.37
            ],
            "9.6": [
              -29.6,
              0.3,
              0.37
            ]
          },
          "rotation": {
            "0.0": [
              0,
              92.5,
              0
            ],
            "0.4": [
              0,
              92.95,
              0
            ],
            "0.8": [
              0,
              93.8,
              0
            ],
            "1.2": [
              0,
              94.34,
              0
            ],
            "1.6": [
              0,
              93.85,
              0
            ],
            "1.88": [
              0,
              92.5,
              0
            ],
            "10.0": [
              0,
              45.74,
              0
            ],
            "10.24": [
              0,
              15,
              0
            ],
            "10.4": [
              0,
              12.99,
              0
            ],
            "10.8": [
              0,
              13.76,
              0
            ],
            "11.2": [
              0,
              21.21,
              0
            ],
            "11.6": [
              0,
              33.34,
              0
            ],
            "12.0": [
              0,
              48.14,
              0
            ],
            "12.4": [
              0,
              63.6,
              0
            ],
            "12.8": [
              0,
              77.72,
              0
            ],
            "13.2": [
              0,
              88.48,
              0
            ],
            "13.44": [
              0,
              92.5,
              0
            ],
            "2.0": [
              0,
              90.26,
              0
            ],
            "2.4": [
              0,
              78.07,
              0
            ],
            "2.76": [
              0,
              67.5,
              0
            ],
            "2.8": [
              0,
              66.35,
              0
            ],
            "3.2": [
              0,
              57.56,
              0
            ],
            "3.4": [
              0,
              55,
              0
            ],
            "3.6": [
              0,
              54.28,
              0
            ],
            "4.0": [
              0,
              51.58,
              0
            ],
            "4.4": [
              0,
              48.15,
              0
            ],
            "4.8": [
              0,
              45.12,
              0
            ],
            "5.2": [
              0,
              43.62,
              0
            ],
            "5.6": [
              0,
              44.78,
              0
            ],
            "6.0": [
              0,
              49.74,
              0
            ],
            "6.24": [
              0,
              55,
              0
            ],
            "6.4": [
              0,
              64.44,
              0
            ],
            "6.8": [
              0,
              101.59,
              0
            ],
            "7.2": [
              0,
              147.04,
              0
            ],
            "7.6": [
              0,
              186.96,
              0
            ],
            "7.84": [
              0,
              202.5,
              0
            ],
            "8.0": [
              0,
              210.2,
              0
            ],
            "8.4": [
              0,
              222.12,
              0
            ],
            "8.8": [
              0,
              221.35,
              0
            ],
            "9.2": [
              0,
              205.09,
              0
            ],
            "9.24": [
              0,
              202.5,
              0
            ],
            "9.6": [
              0,
              137.83,
              0
            ]
          }
        },
        "chicken_move": {
          "position": {
            "0.0": [
              0,
              0,
              0
            ],
            "12.32": [
              2,
              0,
              0
            ],
            "13.44": [
              0,
              0,
              0
            ],
            "9.04": [
              0,
              0,
              0
            ],
            "9.64": [
              2,
              0,
              0
            ]
          }
        },
        "head": {
          "position": {
            "0.0": [
              0,
              0,
              0
            ],
            "10.12": [
              0,
              0,
              0
            ],
            "12.12": [
              0,
              0,
              0
            ],
            "13.44": [
              0,
              0,
              0
            ],
            "8.56": [
              0,
              0,
              0
            ]
          },
          "rotation": {
            "0.0": [
              15,
              0,
              0
            ],
            "0.36": [
              22.5,
              0,
              0
            ],
            "0.4": [
              22.39,
              0,
              0
            ],
            "0.8": [
              15.89,
              0,
              0
            ],
            "0.88": [
              15,
              0,
              0
            ],
            "1.2": [
              14.88,
              1.39,
              0
            ],
            "1.6": [
              15.7,
              2.9,
              0
            ],
            "1.88": [
              15,
              0,
              0
            ],
            "10.0": [
              11.73,
              -0.07,
              8.42
            ],
            "10.12": [
              17.5,
              0,
              7.5
            ],
            "10.4": [
              18.17,
              0.03,
              4.79
            ],
            "10.8": [
              14.25,
              0.01,
              -0.38
            ],
            "11.04": [
              12.5,
              0,
              -2.5
            ],
            "11.2": [
              12.32,
              -0.28,
              -3.04
            ],
            "11.6": [
              12.85,
              -1.94,
              -3.1
            ],
            "12.0": [
              12.91,
              -1.32,
              -2.55
            ],
            "12.12": [
              12.5,
              0,
              -2.5
            ],
            "12.4": [
              8.84,
              10.67,
              -2.6
            ],
            "12.8": [
              2.88,
              28.46,
              -2.64
            ],
            "12.92": [
              2.5,
              30,
              -2.5
            ],
            "13.2": [
              8.78,
              15.28,
              -1.13
            ],
            "13.44": [
              15,
              0,
              0
            ],
            "2.0": [
              13.89,
              -3.73,
              0
            ],
            "2.4": [
              7.73,
              -24.99,
              0
            ],
            "2.8": [
              2.5,
              -40,
              0
            ],
            "3.2": [
              1.22,
              -24.3,
              0.92
            ],
            "3.44": [
              2.5,
              -15,
              0
            ],
            "3.6": [
              3.64,
              -15.3,
              -1.43
            ],
            "4.0": [
              8.25,
              -22.27,
              -7.18
            ],
            "4.4": [
              12.28,
              -29.65,
              -12.22
            ],
            "4.44": [
              12.5,
              -30,
              -12.5
            ],
            "4.8": [
              12.59,
              -31.09,
              -13.41
            ],
            "5.2": [
              11.38,
              -30.73,
              -13.11
            ],
            "5.6": [
              11.67,
              -30.06,
              -12.55
            ],
            "5.72": [
              12.5,
              -30,
              -12.5
            ],
            "6.0": [
              35,
              -30,
              -12.5
            ],
            "6.4": [
              17.05,
              -22.39,
              -13.06
            ],
            "6.52": [
              12.5,
              -17.5,
              -12.5
            ],
            "6.8": [
              11.17,
              5.46,
              -8.78
            ],
            "7.04": [
              12.98,
              20.57,
              -4.28
            ],
            "7.2": [
              13.69,
              19.9,
              -1.98
            ],
            "7.6": [
              16.31,
              6.62,
              4.63
            ],
            "7.84": [
              17.5,
              0,
              7.5
            ],
            "8.0": [
              18.42,
              -1.67,
              8.5
            ],
            "8.4": [
              19.85,
              -1.72,
              8.73
            ],
            "8.56": [
              18,
              -1.52,
              8.71
            ],
            "8.8": [
              12.73,
              -1.45,
              8.79
            ],
            "9.2": [
              -0.8,
              -0.98,
              8.78
            ],
            "9.6": [
              -9.38,
              -0.49,
              8.62
            ],
            "9.64": [
              -9.48,
              -0.46,
              8.6
            ]
          }
        },
        "jaw": {
          "rotation": {
            "0.0": [
              0,
              0,
              0
            ],
            "0.4": [
              3.54,
              0,
              0
            ],
            "0.8": [
              7.21,
              0,
              0
            ],
            "0.92": [
              7.5,
              0,
              0
            ],
            "1.2": [
              6.33,
              0,
              0
            ],
            "1.6": [
              2.56,
              0,
              0
            ],
            "10.0": [
              -3.72,
              0,
              0
            ],
            "10.4": [
              -2.5,
              0,
              0
            ],
            "10.6": [
              27.5,
              0,
              0
            ],
            "10.76": [
              -2.5,
              0,
              0
            ],
            "10.8": [
              -2.81,
              0,
              0
            ],
            "11.2": [
              -5.15,
              0,
              0
            ],
            "11.6": [
              -6.19,
              0,
              0
            ],
            "12.0": [
              -5.93,
              0,
              0
            ],
            "12.4": [
              -4.37,
              0,
              0
            ],
            "12.68": [
              -2.5,
              0,
              0
            ],
            "12.8": [
              18.38,
              0,
              0
            ],
            "12.88": [
              27.5,
              0,
              0
            ],
            "13.04": [
              -2.5,
              0,
              0
            ],
            "13.2": [
              -3.72,
              0,
              0
            ],
            "13.44": [
              0,
              0,
              0
            ],
            "2.0": [
              0.03,
              0,
              0
            ],
            "2.04": [
              0,
              0,
              0
            ],
            "2.4": [
              3.08,
              0,
              0
            ],
            "2.8": [
              7.41,
              0,
              0
            ],
            "2.88": [
              7.5,
              0,
              0
            ],
            "3.2": [
              -0.86,
              0,
              0
            ],
            "3.28": [
              -2.5,
              0,
              0
            ],
            "3.6": [
              -4.22,
              0,
              0
            ],
            "4.0": [
              -5.04,
              0,
              0
            ],
            "4.32": [
              -2.5,
              0,
              0
            ],
            "4.4": [
              10.22,
              0,
              0
            ],
            "4.52": [
              27.5,
              0,
              0
            ],
            "4.68": [
              -2.5,
              0,
              0
            ],
            "4.8": [
              -4.27,
              0,
              0
            ],
            "5.2": [
              -6.13,
              0,
              0
            ],
            "5.56": [
              -2.5,
              0,
              0
            ],
            "5.6": [
              2.54,
              0,
              0
            ],
            "5.76": [
              27.5,
              0,
              0
            ],
            "5.92": [
              -2.5,
              0,
              0
            ],
            "6.0": [
              -2.76,
              0,
              0
            ],
            "6.4": [
              -3.93,
              0,
              0
            ],
            "6.8": [
              -4.87,
              0,
              0
            ],
            "7.2": [
              -5.56,
              0,
              0
            ],
            "7.6": [
              -6.02,
              0,
              0
            ],
            "8.0": [
              -6.23,
              0,
              0
            ],
            "8.4": [
              -6.21,
              0,
              0
            ],
            "8.8": [
              -5.94,
              0,
              0
            ],
            "9.2": [
              -5.44,
              0,
              0
            ],
            "9.6": [
              -4.7,
              0,
              0
            ]
          }
        },
        "left_wing": {
          "position": {
            "10.28": [
              0,
              0,
              0
            ],
            "10.68": [
              0,
              0,
              0
            ],
            "11.08": [
              0,
              0,
              0
            ],
            "11.36": [
              0,
              0,
              0
            ],
            "11.48": [
              0,
              0,
              0
            ],
            "11.88": [
              0,
              0,
              0
            ],
            "12.28": [
              0,
              0,
              0
            ],
            "12.68": [
              0,
              0,
              0
            ],
            "13.08": [
              0,
              0,
              0
            ],
            "13.4": [
              0,
              0,
              0
            ],
            "3.08": [
              0,
              0,
              0
            ],
            "3.48": [
              0,
              0,
              0
            ],
            "3.88": [
              0,
              0,
              0
            ],
            "4.28": [
              0,
              0,
              0
            ],
            "4.52": [
              0,
              0,
              0
            ],
            "4.68": [
              0,
              0,
              0
            ],
            "5.08": [
              0,
              0,
              0
            ],
            "5.48": [
              0,
              0,
              0
            ],
            "5.88": [
              0,
              0,
              0
            ],
            "6.28": [
              0,
              0,
              0
            ],
            "6.4": [
              0,
              0,
              0
            ],
            "6.68": [
              0,
              0,
              0
            ],
            "7.08": [
              0,
              0,
              0
            ],
            "7.48": [
              0,
              0,
              0
            ],
            "7.88": [
              0,
              0,
              0
            ],
            "8.28": [
              0,
              0,
              0
            ],
            "8.68": [
              0,
              0,
              0
            ],
            "9.08": [
              0,
              0,
              0
            ],
            "9.48": [
              0,
              0,
              0
            ],
            "9.88": [
              0,
              0,
              0
            ]
          },
          "rotation": {
            "10.28": [
              -5.01,
              -1.44,
              -0.46
            ],
            "10.68": [
              -4.12,
              -1.23,
              -0.39
            ],
            "11.08": [
              -5.26,
              -0.66,
              -0.21
            ],
            "11.36": [
              -7.57,
              0,
              0
            ],
            "11.48": [
              -36.75,
              6.97,
              2.14
            ],
            "11.68": [
              -95.96,
              19.57,
              6.28
            ],
            "11.72": [
              -106.64,
              15,
              7.03
            ],
            "11.88": [
              -160.79,
              7.7,
              2.02
            ],
            "11.92": [
              -164.03,
              6.21,
              1.04
            ],
            "12.28": [
              -131.15,
              4.05,
              0.23
            ],
            "12.64": [
              -80.97,
              2.65,
              0.15
            ],
            "12.68": [
              -76.55,
              2.49,
              0.12
            ],
            "13.08": [
              -28.27,
              0.88,
              0.01
            ],
            "13.4": [
              0,
              0,
              0
            ],
            "3.08": [
              0,
              0,
              0
            ],
            "3.36": [
              -84.81,
              16.73,
              0
            ],
            "3.48": [
              -121.61,
              23.16,
              0
            ],
            "3.56": [
              -142.49,
              23.4,
              0
            ],
            "3.6": [
              -157.5,
              12.5,
              0
            ],
            "3.88": [
              -214,
              11.02,
              0
            ],
            "4.08": [
              -235,
              12.5,
              0
            ],
            "4.28": [
              -126.08,
              24.25,
              0
            ],
            "4.32": [
              -108.54,
              25.54,
              0
            ],
            "4.36": [
              -83.95,
              20.65,
              0
            ],
            "4.52": [
              0,
              0,
              0
            ],
            "4.68": [
              3.06,
              -0.74,
              0
            ],
            "5.08": [
              6.79,
              -1.52,
              0
            ],
            "5.48": [
              6.41,
              -1.26,
              0
            ],
            "5.88": [
              3.77,
              -0.57,
              0
            ],
            "6.28": [
              0.72,
              -0.04,
              0
            ],
            "6.4": [
              0,
              0,
              0
            ],
            "6.68": [
              -3.12,
              0,
              0
            ],
            "7.08": [
              -10.04,
              0,
              0
            ],
            "7.48": [
              -16.81,
              0,
              0
            ],
            "7.84": [
              -20,
              0,
              0
            ],
            "7.88": [
              -20.03,
              0,
              0
            ],
            "8.28": [
              -19.31,
              -0.13,
              -0.04
            ],
            "8.68": [
              -17.09,
              -0.42,
              -0.14
            ],
            "9.08": [
              -13.97,
              -0.79,
              -0.25
            ],
            "9.48": [
              -10.52,
              -1.13,
              -0.36
            ],
            "9.88": [
              -7.34,
              -1.38,
              -0.44
            ]
          }
        },
        "paper_bag": {
          "position": {
            "0.0": [
              0,
              -5,
              4
            ],
            "10.0": [
              -9.84,
              1.6,
              -5.39
            ],
            "10.2": [
              -12.75,
              0.05,
              -10.75
            ],
            "10.48": [
              -12.5,
              0.05,
              -10.75
            ],
            "11.0": [
              -12.5,
              0.45,
              -10.75
            ],
            "11.24": [
              -12.5,
              0.05,
              -10.75
            ],
            "11.68": [
              -12.5,
              0.05,
              -10.75
            ],
            "12.6": [
              0,
              -5,
              4
            ],
            "8.56": [
              0,
              -5,
              4
            ],
            "8.8": [
              -0.1,
              -2.68,
              4.15
            ],
            "8.92": [
              0.57,
              -1.49,
              4.19
            ],
            "8.96": [
              0.57,
              -1.49,
              4.19
            ],
            "9.28": [
              -3.48,
              -0.98,
              7.94
            ],
            "9.56": [
              -10.78,
              -0.53,
              5.85
            ],
            "9.64": [
              -11.84,
              -0.49,
              4.49
            ],
            "9.68": [
              -11.84,
              -0.49,
              3.49
            ],
            "9.88": [
              -10.79,
              -0.27,
              -2.17
            ],
            "9.92": [
              -11.06,
              -0.15,
              -3.24
            ]
          },
          "rotation": {
            "10.2": {
              "lerp_mode": "catmullrom",
              "post": [
                -87.5,
                -305,
                -90
              ]
            },
            "10.4": {
              "lerp_mode": "catmullrom",
              "post": [
                -87.5,
                -270,
                -90
              ]
            },
            "10.76": {
              "lerp_mode": "catmullrom",
              "post": [
                -87.5,
                -280,
                -90
              ]
            },
            "11.24": {
              "lerp_mode": "catmullrom",
              "post": [
                -87.5,
                -262.5,
                -90
              ]
            },
            "11.52": {
              "lerp_mode": "catmullrom",
              "post": [
                -74.58,
                -272.62,
                -76.71
              ]
            },
            "12.6": [
              0,
              0,
              0
            ],
            "8.56": {
              "lerp_mode": "catmullrom",
              "post": [
                0,
                0,
                0
              ]
            },
            "8.96": {
              "lerp_mode": "catmullrom",
              "post": [
                12.5,
                0,
                0
              ]
            },
            "9.28": {
              "lerp_mode": "catmullrom",
              "post": [
                -25.64,
                -108.9,
                15.84
              ]
            },
            "9.68": {
              "lerp_mode": "catmullrom",
              "post": [
                -43.06,
                -202.1,
                32.74
              ]
            }
          },
          "scale": {
            "10.0": [
              1,
              1,
              1
            ],
            "11.24": [
              1,
              1,
              1
            ],
            "11.68": [
              0,
              0,
              0
            ],
            "12.52": [
              0,
              0,
              0
            ],
            "12.72": [
              1,
              1,
              1
            ],
            "8.56": [
              1,
              1,
              1
            ],
            "9.28": [
              0.75,
              0.75,
              0.75
            ]
          }
        },
        "right_wing": {
          "position": {
            "0.0": [
              1,
              0,
              0
            ],
            "10.2": [
              0.75,
              0,
              -5.3
            ],
            "11.36": [
              0.75,
              0,
              -5.3
            ],
            "12.4": [
              2.25,
              0,
              0
            ],
            "13.4": [
              0.5,
              0,
              0
            ],
            "3.64": [
              0,
              0,
              0
            ],
            "7.12": [
              0,
              0,
              0
            ],
            "7.84": [
              0,
              0,
              -1.3
            ],
            "8.68": [
              0.25,
              0,
              -2.55
            ],
            "9.4": [
              1.87,
              0,
              -3.05
            ],
            "9.72": [
              2.59,
              0,
              -4.43
            ]
          },
          "rotation": {
            "10.2": [
              -135,
              -20,
              0
            ],
            "11.36": [
              -135,
              -20,
              0
            ],
            "12.4": [
              0,
              0,
              0
            ],
            "13.4": [
              0,
              0,
              0
            ],
            "7.12": [
              0,
              0,
              0
            ],
            "8.44": [
              -94.79,
              -17.02,
              0
            ],
            "8.68": [
              -112.02,
              -21.51,
              0
            ],
            "9.0": [
              -135,
              -15,
              0
            ],
            "9.52": [
              -135,
              -50.67,
              0
            ],
            "9.6": [
              -135,
              -47.5,
              0
            ]
          }
        },
        "window_A": {
          "position": {
            "11.92": [
              10,
              0,
              0
            ],
            "12.12": [
              7.83,
              0,
              0
            ],
            "12.32": [
              4.67,
              0,
              0
            ],
            "12.52": [
              1.62,
              0,
              0
            ],
            "12.68": [
              0,
              0,
              0
            ],
            "3.6": [
              0,
              0,
              0
            ],
            "4.08": [
              10,
              0,
              0
            ],
            "4.2": [
              10.34,
              0,
              0
            ],
            "4.4": [
              9,
              0,
              0
            ],
            "4.8": [
              9.67,
              0,
              0
            ],
            "5.0": [
              10,
              0,
              0
            ]
          },
          "rotation": [
            0,
            0,
            0
          ]
        }
      },
      "loop": true
    }
  },
  "format_version": "1.8.0"
}