{
  "animations": {
    "animation.frosty.festivebundle.shopskin": {
      "animation_length": 9,
      "bones": {
        "arm1": {
          "position": {
            "0.0": [
              0,
              0,
              0
            ],
            "9.0": [
              0,
              0,
              0
            ]
          },
          "rotation": {
            "0.0": [
              0,
              0,
              0
            ],
            "1.0": [
              5,
              0,
              0
            ],
            "1.4167": [
              3.12,
              0,
              0
            ],
            "1.8333": [
              0.37,
              0,
              0
            ],
            "2.0": [
              0,
              0,
              0
            ],
            "2.25": [
              0.73,
              0,
              0
            ],
            "2.6667": [
              3.52,
              0,
              0
            ],
            "3.0417": [
              5,
              0,
              0
            ],
            "3.0833": [
              4.98,
              0,
              0
            ],
            "3.5": [
              2.96,
              0,
              0
            ],
            "3.9167": [
              0.29,
              0,
              0
            ],
            "4.0": [
              0,
              0,
              0
            ],
            "4.3333": [
              -0.56,
              0,
              0
            ],
            "4.75": [
              -0.47,
              0,
              0
            ],
            "5.0": [
              0,
              0,
              0
            ],
            "5.1667": [
              0.66,
              0,
              0
            ],
            "5.5833": [
              3.37,
              0,
              0
            ],
            "6.0": [
              5,
              0,
              0
            ],
            "6.4167": [
              3.12,
              0,
              0
            ],
            "6.8333": [
              0.37,
              0,
              0
            ],
            "7.0": [
              0,
              0,
              0
            ],
            "7.25": [
              0.73,
              0,
              0
            ],
            "7.6667": [
              3.52,
              0,
              0
            ],
            "8.0417": [
              5,
              0,
              0
            ],
            "9.0": [
              0,
              0,
              0
            ]
          }
        },
        "arm2": {
          "position": {
            "0.0": [
              0,
              0,
              0
            ],
            "9.0": [
              0,
              0,
              0
            ]
          },
          "rotation": {
            "0.0": [
              0,
              0,
              0
            ],
            "0.5": [
              -10,
              0,
              0
            ],
            "0.9167": [
              -7.77,
              0,
              0
            ],
            "1.0": [
              -7.5,
              0,
              0
            ],
            "1.3333": [
              -8.15,
              0,
              0
            ],
            "1.75": [
              -9.61,
              0,
              0
            ],
            "2.0": [
              -10,
              0,
              0
            ],
            "2.1667": [
              -10.1,
              0,
              0
            ],
            "2.5833": [
              -10.21,
              0,
              0
            ],
            "3.0": [
              -7.5,
              0,
              0
            ],
            "3.4167": [
              7.5,
              0,
              0
            ],
            "3.75": [
              15,
              0,
              0
            ],
            "3.8333": [
              8.15,
              0,
              0
            ],
            "4.0": [
              -15,
              0,
              0
            ],
            "4.2083": [
              -25,
              0,
              0
            ],
            "4.25": [
              -23.78,
              0,
              0
            ],
            "4.5417": [
              -5,
              0,
              0
            ],
            "4.6667": [
              -4.41,
              0,
              0
            ],
            "5.0833": [
              -4.28,
              0,
              0
            ],
            "5.5": [
              -5.77,
              0,
              0
            ],
            "5.9167": [
              -7.32,
              0,
              0
            ],
            "6.0": [
              -7.5,
              0,
              0
            ],
            "6.3333": [
              -8.52,
              0,
              0
            ],
            "6.75": [
              -9.73,
              0,
              0
            ],
            "7.0": [
              -10,
              0,
              0
            ],
            "7.1667": [
              -9.93,
              0,
              0
            ],
            "7.5833": [
              -9.15,
              0,
              0
            ],
            "8.0": [
              -7.5,
              0,
              0
            ],
            "9.0": [
              0,
              0,
              0
            ]
          }
        },
        "bone2": {
          "position": {
            "0.0": [
              0,
              0,
              0
            ],
            "9.0": [
              0,
              0,
              0
            ]
          },
          "rotation": {
            "0.0": [
              0,
              0,
              0
            ],
            "9.0": [
              0,
              0,
              0
            ]
          }
        },
        "bone3": {
          "position": {
            "0.0": [
              0,
              0,
              0
            ],
            "9.0": [
              0,
              0,
              0
            ]
          },
          "rotation": {
            "0.0": [
              0,
              0,
              0
            ],
            "9.0": [
              0,
              0,
              0
            ]
          }
        },
        "bone4": {
          "position": {
            "0.0": [
              0,
              0,
              0
            ],
            "9.0": [
              0,
              0,
              0
            ]
          },
          "rotation": {
            "0.0": [
              0,
              0,
              0
            ],
            "9.0": [
              0,
              0,
              0
            ]
          }
        },
        "bone6": {
          "position": {
            "0.0": [
              0,
              0,
              0
            ],
            "9.0": [
              0,
              0,
              0
            ]
          },
          "rotation": {
            "0.0": [
              0,
              0,
              0
            ],
            "9.0": [
              0,
              0,
              0
            ]
          }
        },
        "eyes": {
          "position": {
            "0.0": [
              0,
              0,
              0
            ],
            "9.0": [
              0,
              0,
              0
            ]
          },
          "rotation": {
            "0.0": [
              0,
              0,
              0
            ],
            "9.0": [
              0,
              0,
              0
            ]
          },
          "scale": {
            "0.9167": [
              1,
              1,
              1
            ],
            "1.0": [
              1,
              0,
              1
            ],
            "1.0833": [
              1,
              1,
              1
            ],
            "1.3333": [
              1,
              1.0992,
              1
            ],
            "1.75": [
              1,
              1.0992,
              1
            ],
            "2.0": [
              1,
              1,
              1
            ],
            "2.0833": [
              1,
              0,
              1
            ],
            "2.1667": [
              1,
              1,
              1
            ],
            "2.5": [
              1,
              1,
              1
            ],
            "2.5833": [
              1,
              0,
              1
            ],
            "2.6667": [
              1,
              1,
              1
            ],
            "3.0": [
              1,
              1.0771,
              1
            ],
            "3.4167": [
              1,
              1.1224,
              1
            ],
            "3.8333": [
              1,
              1.1111,
              1
            ],
            "4.25": [
              1,
              1.0431,
              1
            ],
            "4.4167": [
              1,
              1,
              1
            ],
            "4.5": [
              1,
              0,
              1
            ],
            "4.5833": [
              1,
              1,
              1
            ],
            "4.6667": [
              1,
              1.0302,
              1
            ],
            "5.0833": [
              1,
              1.1186,
              1
            ],
            "5.5": [
              1,
              1.103,
              1
            ],
            "5.875": [
              1,
              1,
              1
            ],
            "5.9167": [
              1,
              0.4367,
              1
            ],
            "5.9583": [
              1,
              0,
              1
            ],
            "6.0417": [
              1,
              1,
              1
            ],
            "6.3333": [
              1,
              1.0916,
              1
            ],
            "6.75": [
              1,
              1.1213,
              1
            ],
            "7.1667": [
              1,
              1.0321,
              1
            ],
            "7.25": [
              1,
              1,
              1
            ],
            "7.3333": [
              1,
              0,
              1
            ],
            "7.4167": [
              1,
              1,
              1
            ],
            "7.5833": [
              1,
              1.0651,
              1
            ],
            "8.0": [
              1,
              1.1243,
              1
            ],
            "8.4167": [
              1,
              1.0355,
              1
            ],
            "8.5": [
              1,
              1,
              1
            ],
            "8.5833": [
              1,
              0,
              1
            ],
            "8.6667": [
              1,
              1,
              1
            ]
          }
        },
        "head": {
          "position": {
            "0.0": [
              0,
              0,
              0
            ],
            "9.0": [
              0,
              0,
              0
            ]
          },
          "rotation": {
            "0.0": [
              0,
              0,
              0
            ],
            "0.75": [
              10,
              27.5,
              0
            ],
            "1.1667": [
              10.31,
              28.36,
              0
            ],
            "1.5833": [
              10.58,
              29.09,
              0
            ],
            "2.0": [
              10.8,
              29.7,
              0
            ],
            "2.4167": [
              10.98,
              30.19,
              0
            ],
            "2.8333": [
              11.11,
              30.56,
              0
            ],
            "3.25": [
              11.2,
              30.8,
              0
            ],
            "3.6667": [
              11.24,
              30.92,
              0
            ],
            "4.0833": [
              11.24,
              30.92,
              0
            ],
            "4.5": [
              11.2,
              30.8,
              0
            ],
            "4.9167": [
              11.11,
              30.56,
              0
            ],
            "5.3333": [
              10.98,
              30.19,
              0
            ],
            "5.75": [
              10.8,
              29.7,
              0
            ],
            "6.1667": [
              10.58,
              29.09,
              0
            ],
            "6.5833": [
              10.31,
              28.36,
              0
            ],
            "7.0": [
              10,
              27.5,
              0
            ],
            "7.4167": [
              6.04,
              16.6,
              0
            ],
            "7.8333": [
              1.2,
              3.31,
              0
            ],
            "8.0": [
              0,
              0,
              0
            ],
            "9.0": [
              0,
              0,
              0
            ]
          }
        },
        "lantern": {
          "position": {
            "0.0": [
              0,
              0,
              0
            ],
            "9.0": [
              0,
              0,
              0
            ]
          },
          "rotation": {
            "0.0": [
              0,
              0,
              0
            ],
            "1.0": [
              0,
              0,
              -5
            ],
            "1.4167": [
              0,
              0,
              -3.12
            ],
            "1.8333": [
              0,
              0,
              -0.37
            ],
            "2.0": [
              0,
              0,
              0
            ],
            "2.25": [
              0,
              0,
              -0.73
            ],
            "2.6667": [
              0,
              0,
              -3.52
            ],
            "3.0417": [
              0,
              0,
              -5
            ],
            "3.0833": [
              0,
              0,
              -4.98
            ],
            "3.5": [
              0,
              0,
              -2.96
            ],
            "3.9167": [
              0,
              0,
              -0.29
            ],
            "4.0": [
              0,
              0,
              0
            ],
            "4.3333": [
              0,
              0,
              0.56
            ],
            "4.75": [
              0,
              0,
              0.47
            ],
            "5.0": [
              0,
              0,
              0
            ],
            "5.1667": [
              0,
              0,
              -0.63
            ],
            "5.5833": [
              0,
              0,
              -3.22
            ],
            "6.0": [
              0,
              0,
              -4.98
            ],
            "6.0417": [
              0,
              0,
              -5
            ],
            "6.4167": [
              0,
              0,
              -3.3
            ],
            "6.8333": [
              0,
              0,
              -0.4
            ],
            "7.0": [
              0,
              0,
              0
            ],
            "7.25": [
              0,
              0,
              -0.78
            ],
            "7.6667": [
              0,
              0,
              -3.7
            ],
            "8.0": [
              0,
              0,
              -5
            ],
            "9.0": [
              0,
              0,
              0
            ]
          }
        },
        "snowball": {
          "position": {
            "0.0": [
              0,
              0,
              0
            ],
            "4.0": [
              0,
              0,
              0
            ],
            "4.2083": [
              11.77,
              -1.43,
              0
            ],
            "4.5417": [
              0,
              0,
              0
            ]
          },
          "rotation": {
            "0.0": [
              0,
              0,
              0
            ],
            "4.0": [
              0,
              0,
              0
            ],
            "4.2083": [
              0,
              0,
              -180
            ],
            "4.5417": [
              0,
              0,
              -360
            ]
          }
        }
      },
      "loop": true
    }
  },
  "format_version": "1.8.0"
}