{
  "animations": {
    "animation.tikibar.shopskin": {
      "animation_length": 9.32,
      "bones": {
        "Body": {
          "position": [
            0,
            -2,
            2
          ]
        },
        "Head": {
          "position": [
            0,
            -2,
            2
          ],
          "rotation": {
            "0.0": [
              0,
              0,
              7.5
            ],
            "0.76": [
              0,
              0,
              -7.5
            ],
            "1.76": [
              0,
              0,
              7.5
            ],
            "2.8": [
              0,
              0,
              -7.5
            ],
            "3.76": [
              0,
              0,
              7.5
            ],
            "5.24": [
              7.5,
              15,
              -2.5
            ],
            "6.48": [
              7.5,
              15,
              -2.5
            ],
            "7.44": [
              0,
              0,
              7.5
            ],
            "8.32": [
              0,
              0,
              -7.5
            ],
            "9.32": [
              0,
              0,
              7.5
            ]
          }
        },
        "LeftArm": {
          "position": [
            0,
            -2,
            2
          ]
        },
        "LeftLeg": {
          "position": {
            "0.0": [
              0,
              1,
              -1
            ],
            "4.0": [
              0,
              1,
              -1
            ],
            "6.4": [
              0,
              1,
              -1
            ],
            "7.0": [
              0,
              1,
              -1
            ]
          }
        },
        "RightArm": {
          "position": {
            "0.0": [
              0,
              -2,
              2
            ],
            "3.64": [
              0,
              -2,
              2
            ],
            "4.68": [
              0,
              -2.8,
              2
            ],
            "7.36": [
              0,
              -2.8,
              2
            ],
            "8.32": [
              0,
              -2,
              2
            ],
            "8.92": [
              0,
              -2,
              2
            ]
          },
          "rotation": {
            "3.64": [
              0,
              0,
              0
            ],
            "4.16": [
              -22.5,
              0,
              7.5
            ],
            "4.68": [
              -22.5,
              0,
              25
            ],
            "5.2": [
              -22.5,
              0,
              20
            ],
            "5.72": [
              -22.5,
              0,
              22.5
            ],
            "6.12": [
              -22.5,
              0,
              20
            ],
            "6.64": [
              -22.5,
              0,
              22.5
            ],
            "7.36": [
              -22.5,
              0,
              25
            ],
            "7.88": [
              -22.5,
              0,
              7.5
            ],
            "8.32": [
              0,
              0,
              0
            ]
          }
        },
        "RightLeg": {
          "position": [
            0,
            1,
            -1
          ]
        },
        "bottomright": {
          "position": {
            "0.0": [
              0,
              1.6,
              -1.5
            ],
            "4.0": [
              0,
              1.6,
              -1.5
            ],
            "4.68": [
              0,
              2.9,
              -1.7
            ],
            "6.0": [
              0,
              2.9,
              -1.7
            ],
            "6.4": [
              0,
              1.6,
              -1.5
            ],
            "7.0": [
              0,
              1.6,
              -1.5
            ]
          },
          "rotation": {
            "0.0": [
              -50,
              0,
              0
            ],
            "4.0": [
              -50,
              0,
              0
            ],
            "4.68": [
              -72.5,
              0,
              2.5
            ],
            "6.0": [
              -72.5,
              0,
              2.5
            ],
            "6.4": [
              -50,
              0,
              0
            ],
            "7.0": [
              -50,
              0,
              0
            ]
          }
        },
        "leftleg_bottom": {
          "position": {
            "0.0": [
              0,
              2.4,
              -1.8
            ],
            "0.84": [
              0,
              3.4,
              -1.8
            ],
            "1.56": [
              0,
              2.4,
              -1.8
            ],
            "2.4": [
              0,
              3.4,
              -1.8
            ],
            "3.08": [
              0,
              2.4,
              -1.8
            ],
            "3.92": [
              0,
              3.4,
              -1.8
            ],
            "4.68": [
              0,
              2.4,
              -1.8
            ],
            "5.48": [
              0,
              3.4,
              -1.8
            ],
            "6.2": [
              0,
              2.4,
              -1.8
            ],
            "7.04": [
              0,
              3.4,
              -1.8
            ],
            "7.72": [
              0,
              2.4,
              -1.8
            ],
            "8.56": [
              0,
              3.4,
              -1.8
            ],
            "9.32": [
              0,
              2.4,
              -1.8
            ]
          },
          "rotation": {
            "0.0": [
              -22.5,
              0,
              0
            ],
            "0.84": [
              0,
              0,
              0
            ],
            "1.56": [
              -22.5,
              0,
              0
            ],
            "2.4": [
              0,
              0,
              0
            ],
            "3.08": [
              -22.5,
              0,
              0
            ],
            "3.92": [
              0,
              0,
              0
            ],
            "4.68": [
              -22.5,
              0,
              0
            ],
            "5.48": [
              0,
              0,
              0
            ],
            "6.2": [
              -22.5,
              0,
              0
            ],
            "7.04": [
              0,
              0,
              0
            ],
            "7.72": [
              -22.5,
              0,
              0
            ],
            "8.56": [
              0,
              0,
              0
            ],
            "9.32": [
              -22.5,
              0,
              0
            ]
          }
        },
        "leftleg_top": {
          "rotation": [
            -60,
            0,
            0
          ]
        },
        "rightlegbottom": {
          "position": {
            "0.0": [
              0,
              3.5,
              -1.8
            ],
            "0.84": [
              0,
              2.5,
              -1.8
            ],
            "1.56": [
              0,
              3.5,
              -1.8
            ],
            "2.36": [
              0,
              2.5,
              -1.8
            ],
            "3.08": [
              0,
              3.5,
              -1.8
            ],
            "3.92": [
              0,
              2.5,
              -1.8
            ],
            "4.68": [
              0,
              3.5,
              -1.8
            ],
            "5.48": [
              0,
              2.5,
              -1.8
            ],
            "6.2": [
              0,
              3.5,
              -1.8
            ],
            "7.0": [
              0,
              2.5,
              -1.8
            ],
            "7.72": [
              0,
              3.5,
              -1.8
            ],
            "8.56": [
              0,
              2.5,
              -1.8
            ],
            "9.32": [
              0,
              3.5,
              -1.8
            ]
          },
          "rotation": {
            "0.0": [
              0,
              0,
              0
            ],
            "0.84": [
              -22.5,
              0,
              0
            ],
            "1.56": [
              0,
              0,
              0
            ],
            "2.36": [
              -22.5,
              0,
              0
            ],
            "3.08": [
              0,
              0,
              0
            ],
            "3.92": [
              -22.5,
              0,
              0
            ],
            "4.68": [
              0,
              0,
              0
            ],
            "5.48": [
              -22.5,
              0,
              0
            ],
            "6.2": [
              0,
              0,
              0
            ],
            "7.0": [
              -22.5,
              0,
              0
            ],
            "7.72": [
              0,
              0,
              0
            ],
            "8.56": [
              -22.5,
              0,
              0
            ],
            "9.32": [
              0,
              0,
              0
            ]
          }
        },
        "rightlegtop": {
          "rotation": [
            -60,
            0,
            0
          ]
        },
        "skin": {
          "position": [
            0,
            3.3,
            -4.6
          ]
        }
      },
      "loop": true
    }
  },
  "format_version": "1.8.0"
}