{
  "format_version": "1.8.0",
  "render_controllers": {
    "controller.render.jetski": {
      "arrays": {
        "textures": {
          "Array.skins": [
            "Texture.red",
            "Texture.orange",
            "Texture.yellow",
            "Texture.seagreen",
            "Texture.lime",
            "Texture.blue",
            "Texture.darkblue",
            "Texture.purple",
            "Texture.magenta",
            "Texture.pink",
            "Texture.black",
            "Texture.white"
          ]
        }
      },
      "geometry": "Geometry.default",
      "materials": [
        {
          "*": "Material.default"
        }
      ],
      "textures": [
        "Array.skins[query.variant]"
      ]
    }
  }
}