{
  "format_version": "1.8.0",
  "minecraft:client_entity": {
    "description": {
      "animation_controllers": [
        {
          "general": "controller.animation.generic.single"
        }
      ],
      "animations": {
        "default": "animation.cubecraft.travelling_merchant_camel.idle"
      },
      "geometry": {
        "default": "geometry.cubecraft.travelling_merchant_camel"
      },
      "identifier": "cubecraft:travelling_merchant_camel",
      "materials": {
        "default": "entity_alphatest"
      },
      "render_controllers": [
        "controller.render.agent"
      ],
      "scripts": {
        "scale": "1"
      },
      "textures": {
        "default": "textures/cc/lobby/camel"
      }
    }
  }
}