{
  "format_version": "1.8.0",
  "minecraft:client_entity": {
    "description": {
      "geometry": {
        "default": "geometry.cubecraft.lobby.carvingchaos.text"
      },
      "identifier": "cubecraft:halloween.text",
      "materials": {
        "default": "entity_alphatest"
      },
      "render_controllers": [
        "controller.render.agent"
      ],
      "scripts": {
        "scale": "1"
      },
      "textures": {
        "default": "textures/cc/lobby/halloween_games"
      }
    }
  }
}