{
  "format_version": "1.8.0",
  "minecraft:client_entity": {
    "description": {
      "animation_controllers": [
        {
          "general": "controller.animation.gadget.sailing_sub.general"
        }
      ],
      "animations": {
        "fly": "animation.gadget.sailing_sub.fly"
      },
      "geometry": {
        "default": "geometry.gadget.sailing_sub"
      },
      "identifier": "core:gadget.sailing_sub",
      "materials": {
        "default": "translucence"
      },
      "render_controllers": [
        "controller.render.translucence"
      ],
      "sound_effects": {
        "plane_crash": "plane.crash"
      },
      "textures": {
        "default": "textures/entity/core/gadget/sailing_sub"
      }
    }
  }
}