{
  "animations": {
    "animation.aquarium.idle": {
      "animation_length": 2,
      "bones": {
        "bone": {
          "rotation": {
            "0.0": [
              0,
              0,
              30
            ],
            "1.0": [
              0,
              0,
              -15
            ],
            "2.0": [
              0,
              0,
              30
            ]
          }
        },
        "bone10": {
          "position": [
            0,
            0,
            1.3
          ],
          "rotation": {
            "0.0": [
              0,
              -37.5,
              0
            ],
            "0.5": [
              0,
              57.5,
              0
            ],
            "1.0": [
              0,
              -37.5,
              0
            ],
            "1.5": [
              0,
              57.5,
              0
            ],
            "2.0": [
              0,
              -37.5,
              0
            ]
          }
        },
        "bone11": {
          "rotation": {
            "0.0": [
              0,
              0,
              -10
            ],
            "1.0": [
              0,
              0,
              33.75
            ],
            "2.0": [
              0,
              0,
              -12.5
            ]
          }
        },
        "bone12": {
          "rotation": {
            "0.0": [
              0,
              0,
              -12.5
            ],
            "1.5": [
              0,
              0,
              40
            ],
            "2.0": [
              0,
              0,
              -12.5
            ]
          }
        },
        "bone13": {
          "rotation": {
            "0.0": [
              0,
              0,
              10
            ],
            "1.0": [
              0,
              0,
              -31.25
            ],
            "2.0": [
              0,
              0,
              12.5
            ]
          }
        },
        "bone14": {
          "rotation": {
            "0.0": [
              0,
              0,
              15
            ],
            "1.5": [
              0,
              0,
              -40
            ],
            "2.0": [
              0,
              0,
              15
            ]
          }
        },
        "bone15": {
          "rotation": {
            "0.0": [
              90,
              -10,
              90
            ],
            "1.0": [
              270,
              -33.75,
              270
            ],
            "2.0": [
              90,
              -12.5,
              90
            ]
          }
        },
        "bone16": {
          "rotation": {
            "0.0": [
              0,
              0,
              15
            ],
            "1.5": [
              0,
              0,
              -45
            ],
            "2.0": [
              0,
              0,
              15
            ]
          }
        },
        "bone17": {
          "rotation": {
            "0.0": [
              -90,
              -10,
              -90
            ],
            "1.0": [
              90,
              -35,
              90
            ],
            "2.0": [
              -90,
              -15,
              -90
            ]
          }
        },
        "bone18": {
          "rotation": {
            "0.0": [
              0,
              0,
              -17.5
            ],
            "1.5": [
              0,
              0,
              42.5
            ],
            "2.0": [
              0,
              0,
              -17.5
            ]
          }
        },
        "bone2": {
          "rotation": {
            "0.0": [
              0,
              0,
              22.5
            ],
            "1.5": [
              0,
              0,
              -32.5
            ],
            "2.0": [
              0,
              0,
              22.5
            ]
          }
        },
        "bone3": {
          "rotation": {
            "0.0": [
              0,
              -37.5,
              0
            ],
            "0.5": [
              0,
              57.5,
              0
            ],
            "1.0": [
              0,
              -37.5,
              0
            ],
            "1.5": [
              0,
              57.5,
              0
            ],
            "2.0": [
              0,
              -37.5,
              0
            ]
          }
        },
        "bone4": {
          "rotation": {
            "0.0": [
              0,
              0,
              -27.5
            ],
            "1.0": [
              0,
              0,
              17.5
            ],
            "2.0": [
              0,
              0,
              -27.5
            ]
          }
        },
        "bone5": {
          "rotation": {
            "0.0": [
              0,
              0,
              -17.5
            ],
            "1.5": [
              0,
              0,
              40
            ],
            "2.0": [
              0,
              0,
              -17.5
            ]
          }
        },
        "bone6": {
          "rotation": {
            "0.0": [
              -90,
              -30,
              -90
            ],
            "1.0": [
              90,
              -12.5,
              90
            ],
            "2.0": [
              -90,
              -30,
              -90
            ]
          }
        },
        "bone7": {
          "rotation": {
            "0.0": [
              0,
              0,
              -25
            ],
            "1.5": [
              0,
              0,
              22.65625
            ],
            "2.0": [
              0,
              0,
              -25
            ]
          }
        },
        "bone8": {
          "rotation": {
            "0.0": [
              90,
              -27.5,
              90
            ],
            "1.0": [
              -90,
              -17.5,
              -90
            ],
            "2.0": [
              90,
              -27.5,
              90
            ]
          }
        },
        "bone9": {
          "rotation": {
            "0.0": [
              0,
              0,
              27.5
            ],
            "1.5": [
              0,
              0,
              -30
            ],
            "2.0": [
              0,
              0,
              27.5
            ]
          }
        },
        "fish": {
          "position": {
            "0.0": [
              0,
              -2.5,
              0
            ],
            "0.25": [
              1,
              -2.5,
              -3
            ],
            "0.5": [
              4,
              -2.5,
              -4
            ],
            "0.75": [
              7,
              -2.5,
              -3
            ],
            "1.0": [
              8,
              -2.5,
              0
            ],
            "1.25": [
              7,
              -2.5,
              3
            ],
            "1.5": [
              4,
              -2.5,
              4
            ],
            "1.75": [
              1,
              -2.5,
              3
            ],
            "2.0": [
              0,
              -2.5,
              0
            ]
          },
          "rotation": {
            "0.0": [
              0,
              0,
              0
            ],
            "2.0": [
              0,
              -360,
              0
            ]
          }
        },
        "fish2": {
          "position": {
            "0.0": [
              0,
              0,
              0
            ],
            "0.25": [
              -1.25,
              0,
              3
            ],
            "0.5": [
              -4.5,
              0,
              4
            ],
            "0.75": [
              -7.75,
              0,
              3
            ],
            "1.0": [
              -9,
              0,
              0
            ],
            "1.25": [
              -7.75,
              0,
              -3
            ],
            "1.5": [
              -4.5,
              0,
              -4
            ],
            "1.75": [
              -1.25,
              0,
              -3
            ],
            "2.0": [
              0,
              0,
              0
            ]
          },
          "rotation": {
            "0.0": [
              0,
              180,
              0
            ],
            "2.0": [
              0,
              -180,
              0
            ]
          }
        },
        "jellyfish": {
          "position": {
            "0.0": [
              0,
              -1,
              0
            ],
            "0.1667": [
              0,
              -0.5,
              0
            ],
            "0.8333": [
              0,
              3.5,
              0
            ],
            "1.0": [
              0,
              4,
              0
            ],
            "1.1667": [
              0,
              3.5,
              0
            ],
            "1.8333": [
              0,
              -0.5,
              0
            ],
            "2.0": [
              0,
              -1,
              0
            ]
          }
        },
        "jellyfish2": {
          "position": {
            "0.0": [
              0,
              0,
              0
            ],
            "0.1667": [
              0,
              -0.5,
              0
            ],
            "0.8333": [
              0,
              -4.5,
              0
            ],
            "1.0": [
              0,
              -5,
              0
            ],
            "1.1667": [
              0,
              -4.5,
              0
            ],
            "1.8333": [
              0,
              -0.5,
              0
            ],
            "2.0": [
              0,
              0,
              0
            ]
          }
        },
        "weeds1": {
          "scale": {
            "0.0": [
              1,
              1,
              1
            ],
            "1.0": [
              1,
              0.8,
              1
            ],
            "2.0": [
              1,
              1,
              1
            ]
          }
        },
        "weeds2": {
          "scale": {
            "0.0": [
              1,
              1,
              1
            ],
            "1.0": [
              1,
              1.2,
              1
            ],
            "2.0": [
              1,
              1,
              1
            ]
          }
        }
      },
      "loop": true
    }
  },
  "format_version": "1.8.0"
}