{
  "format_version": "1.12.0",
  "minecraft:geometry": [
    {
      "bones": [
        {
          "name": "root",
          "pivot": [
            0,
            0,
            0
          ]
        },
        {
          "name": "waist",
          "parent": "root",
          "pivot": [
            0,
            12,
            0
          ]
        },
        {
          "name": "body",
          "parent": "waist",
          "pivot": [
            0,
            24,
            0
          ]
        },
        {
          "name": "head",
          "parent": "body",
          "pivot": [
            0,
            24,
            0
          ]
        },
        {
          "name": "hat",
          "parent": "head",
          "pivot": [
            0,
            24,
            0
          ]
        },
        {
          "name": "cape",
          "parent": "body",
          "pivot": [
            0,
            24,
            3
          ]
        },
        {
          "name": "leftArm",
          "parent": "body",
          "pivot": [
            5,
            22,
            0
          ]
        },
        {
          "name": "leftSleeve",
          "parent": "leftArm",
          "pivot": [
            5,
            22,
            0
          ]
        },
        {
          "name": "leftItem",
          "parent": "leftArm",
          "pivot": [
            6,
            15,
            1
          ]
        },
        {
          "name": "rightArm",
          "parent": "body",
          "pivot": [
            -5,
            22,
            0
          ]
        },
        {
          "cubes": [
            {
              "origin": [
                -1,
                -5,
                -1
              ],
              "size": [
                2,
                8,
                2
              ],
              "uv": {
                "down": {
                  "uv": [
                    2,
                    2
                  ],
                  "uv_size": [
                    -2,
                    -2
                  ]
                },
                "east": {
                  "uv": [
                    19,
                    0
                  ],
                  "uv_size": [
                    2,
                    8
                  ]
                },
                "north": {
                  "uv": [
                    21,
                    0
                  ],
                  "uv_size": [
                    -2,
                    8
                  ]
                },
                "south": {
                  "uv": [
                    21,
                    0
                  ],
                  "uv_size": [
                    -2,
                    8
                  ]
                },
                "up": {
                  "uv": [
                    2,
                    2
                  ],
                  "uv_size": [
                    -2,
                    -2
                  ]
                },
                "west": {
                  "uv": [
                    19,
                    0
                  ],
                  "uv_size": [
                    2,
                    8
                  ]
                }
              }
            },
            {
              "origin": [
                -1.5,
                -3.52799,
                -11.45272
              ],
              "pivot": [
                0,
                7.92678,
                -0.00494
              ],
              "rotation": [
                45,
                0,
                0
              ],
              "size": [
                3,
                3,
                3
              ],
              "uv": {
                "down": {
                  "uv": [
                    14,
                    14
                  ],
                  "uv_size": [
                    -3,
                    -3
                  ]
                },
                "east": {
                  "uv": [
                    14,
                    14
                  ],
                  "uv_size": [
                    3,
                    3
                  ]
                },
                "north": {
                  "uv": [
                    12,
                    20
                  ],
                  "uv_size": [
                    -3,
                    3
                  ]
                },
                "south": {
                  "uv": [
                    9,
                    23
                  ],
                  "uv_size": [
                    -3,
                    -3
                  ]
                },
                "up": {
                  "uv": [
                    17,
                    14
                  ],
                  "uv_size": [
                    -3,
                    -3
                  ]
                },
                "west": {
                  "uv": [
                    11,
                    14
                  ],
                  "uv_size": [
                    3,
                    3
                  ]
                }
              }
            },
            {
              "origin": [
                -2,
                3,
                -5.5
              ],
              "size": [
                4,
                1,
                11
              ],
              "uv": {
                "down": {
                  "uv": [
                    15,
                    11
                  ],
                  "uv_size": [
                    4,
                    -11
                  ]
                },
                "east": {
                  "uv": [
                    6,
                    18
                  ],
                  "uv_size": [
                    11,
                    1
                  ]
                },
                "north": {
                  "uv": [
                    15,
                    17
                  ],
                  "uv_size": [
                    4,
                    1
                  ]
                },
                "south": {
                  "uv": [
                    11,
                    17
                  ],
                  "uv_size": [
                    4,
                    1
                  ]
                },
                "up": {
                  "uv": [
                    11,
                    0
                  ],
                  "uv_size": [
                    4,
                    11
                  ]
                },
                "west": {
                  "uv": [
                    6,
                    19
                  ],
                  "uv_size": [
                    11,
                    1
                  ]
                }
              }
            },
            {
              "origin": [
                -1,
                4,
                -4.5
              ],
              "size": [
                2,
                18,
                9
              ],
              "uv": {
                "down": {
                  "uv": [
                    2,
                    9
                  ],
                  "uv_size": [
                    -2,
                    -9
                  ]
                },
                "east": {
                  "uv": [
                    0,
                    0
                  ],
                  "uv_size": [
                    9,
                    18
                  ]
                },
                "north": {
                  "uv": [
                    9,
                    0
                  ],
                  "uv_size": [
                    2,
                    18
                  ]
                },
                "south": {
                  "uv": [
                    9,
                    0
                  ],
                  "uv_size": [
                    2,
                    18
                  ]
                },
                "up": {
                  "uv": [
                    2,
                    9
                  ],
                  "uv_size": [
                    -2,
                    -9
                  ]
                },
                "west": {
                  "uv": [
                    0,
                    0
                  ],
                  "uv_size": [
                    9,
                    18
                  ]
                }
              }
            },
            {
              "origin": [
                -0.99,
                14.69956,
                -13.1347
              ],
              "pivot": [
                0,
                7.92678,
                -0.00494
              ],
              "rotation": [
                -45,
                0,
                0
              ],
              "size": [
                1.98,
                6.35,
                6.35
              ],
              "uv": {
                "down": {
                  "uv": [
                    1.98,
                    6.35
                  ],
                  "uv_size": [
                    -1.98,
                    -6.35
                  ]
                },
                "east": {
                  "uv": [
                    9.35,
                    24.35
                  ],
                  "uv_size": [
                    -6,
                    6
                  ]
                },
                "north": {
                  "uv": [
                    21,
                    14
                  ],
                  "uv_size": [
                    -2,
                    -6
                  ]
                },
                "south": {
                  "uv": [
                    0,
                    0
                  ],
                  "uv_size": [
                    1.98,
                    6.35
                  ]
                },
                "up": {
                  "uv": [
                    19,
                    8
                  ],
                  "uv_size": [
                    2,
                    6
                  ]
                },
                "west": {
                  "uv": [
                    3.4,
                    24.4
                  ],
                  "uv_size": [
                    6,
                    6
                  ]
                }
              }
            }
          ],
          "name": "item_root",
          "parent": "rightArm",
          "pivot": [
            0,
            0,
            0
          ]
        }
      ],
      "description": {
        "identifier": "geometry.attachable.giga_sword",
        "texture_height": 32,
        "texture_width": 32,
        "visible_bounds_height": 5,
        "visible_bounds_offset": [
          0,
          1.5,
          0
        ],
        "visible_bounds_width": 3
      }
    }
  ]
}