{
  "format_version": "1.8.0",
  "minecraft:client_entity": {
    "description": {
      "animation_controllers": [
        {
          "general": "controller.animation.generic.single"
        }
      ],
      "animations": {
        "default": "animation.hotdog.food_bundle.shopskin"
      },
      "geometry": {
        "default": "geometry.cubecraft.shopskin.food_bundle.hotdog"
      },
      "identifier": "cubecraft:shopskin.hotdog",
      "materials": {
        "default": "entity_alphatest"
      },
      "render_controllers": [
        "controller.render.agent"
      ],
      "textures": {
        "default": "textures/cc/shopskin/hot_dog"
      }
    }
  }
}