{
  "format_version": "1.8.0",
  "minecraft:client_entity": {
    "description": {
      "animation_controllers": [
        {
          "general": "controller.animation.generic.single"
        }
      ],
      "animations": {
        "break": "animation.thesun.eggwars_summer.eggskin.break",
        "default": "animation.vacationraccoon.eggwars_summer.shopskin.default",
        "idle": "animation.thesun.eggwars_summer.eggskin.idle"
      },
      "geometry": {
        "default": "geometry.cubecraft.shopskin.eggwars_summer.vacationraccoon"
      },
      "identifier": "cubecraft:shopskin_vacationraccoon",
      "materials": {
        "default": "entity_alphatest"
      },
      "render_controllers": [
        "controller.render.agent"
      ],
      "textures": {
        "default": "textures/cc/shopskin/vacation_raccoon"
      }
    }
  }
}