{
  "format_version": "1.12.0",
  "minecraft:geometry": [
    {
      "bones": [
        {
          "cubes": [
            {
              "origin": [
                0.9,
                0,
                -2
              ],
              "size": [
                4,
                7,
                4
              ],
              "uv": [
                38,
                61
              ]
            },
            {
              "origin": [
                0.4,
                -0.5,
                -2.4
              ],
              "size": [
                5,
                8,
                5
              ],
              "uv": [
                56,
                56
              ]
            }
          ],
          "name": "LeftLeg",
          "pivot": [
            2.9,
            7,
            0
          ]
        },
        {
          "cubes": [
            {
              "origin": [
                -2.9,
                0,
                -2
              ],
              "size": [
                4,
                7,
                4
              ],
              "uv": [
                50,
                69
              ]
            },
            {
              "origin": [
                -3.4,
                -0.5,
                -2.3
              ],
              "size": [
                5,
                8,
                5
              ],
              "uv": [
                56,
                34
              ]
            }
          ],
          "name": "RightLeg",
          "pivot": [
            -0.9,
            7,
            0
          ]
        },
        {
          "cubes": [
            {
              "origin": [
                4.75,
                6.5,
                -2.25
              ],
              "size": [
                4,
                12,
                5
              ],
              "uv": [
                43,
                44
              ]
            },
            {
              "origin": [
                5.5,
                7,
                -2
              ],
              "size": [
                3,
                11,
                4
              ],
              "uv": [
                10,
                59
              ]
            }
          ],
          "name": "LeftArm",
          "pivot": [
            6.875,
            16.5,
            0.125
          ],
          "rotation": [
            0,
            0,
            -7.5
          ]
        },
        {
          "cubes": [
            {
              "origin": [
                -7,
                6.5,
                -2.5
              ],
              "size": [
                4,
                12,
                5
              ],
              "uv": [
                25,
                44
              ]
            },
            {
              "origin": [
                -6.5,
                7,
                -2
              ],
              "size": [
                3,
                11,
                4
              ],
              "uv": [
                24,
                61
              ]
            },
            {
              "origin": [
                -5,
                8,
                -6
              ],
              "size": [
                1,
                1,
                6
              ],
              "uv": [
                85,
                109
              ]
            },
            {
              "origin": [
                -6,
                7,
                -9
              ],
              "size": [
                3,
                4,
                3
              ],
              "uv": [
                73,
                103
              ]
            },
            {
              "origin": [
                -5.5,
                10.5,
                -8.5
              ],
              "size": [
                2,
                1,
                2
              ],
              "uv": [
                92,
                103
              ]
            }
          ],
          "name": "RightArm",
          "pivot": [
            -4.7,
            17.7,
            -3.6
          ],
          "rotation": [
            0,
            0,
            5
          ]
        },
        {
          "cubes": [
            {
              "origin": [
                -3,
                18,
                -4
              ],
              "size": [
                8,
                8,
                8
              ],
              "uv": [
                28,
                10
              ]
            },
            {
              "origin": [
                0,
                20.25,
                -4.2
              ],
              "pivot": [
                1.5,
                22.4,
                -5
              ],
              "rotation": [
                -22.5,
                0,
                0
              ],
              "size": [
                2,
                2,
                2
              ],
              "uv": [
                78,
                69
              ]
            },
            {
              "origin": [
                1.2,
                17.85,
                -5.11
              ],
              "pivot": [
                3.5,
                19.75,
                -3.1
              ],
              "rotation": [
                0,
                0,
                22.5
              ],
              "size": [
                5,
                2,
                2
              ],
              "uv": [
                61,
                47
              ]
            },
            {
              "origin": [
                -3.5,
                16.15,
                -5.21
              ],
              "size": [
                9,
                2,
                0
              ],
              "uv": [
                50,
                0
              ]
            },
            {
              "origin": [
                -1.5,
                16.85,
                -5.01
              ],
              "size": [
                5,
                2,
                0
              ],
              "uv": [
                27,
                73
              ]
            },
            {
              "origin": [
                -2.5,
                14.25,
                -5.26
              ],
              "size": [
                7,
                2,
                0
              ],
              "uv": [
                60,
                19
              ]
            },
            {
              "origin": [
                -4.3,
                17.05,
                -5.1
              ],
              "pivot": [
                -3.5,
                19.75,
                -3.1
              ],
              "rotation": [
                0,
                0,
                -22.5
              ],
              "size": [
                5,
                2,
                2
              ],
              "uv": [
                52,
                11
              ]
            }
          ],
          "name": "Head",
          "pivot": [
            1,
            19,
            0
          ]
        },
        {
          "cubes": [
            {
              "origin": [
                -3.5,
                7,
                -2
              ],
              "size": [
                9,
                11,
                4
              ],
              "uv": [
                30,
                29
              ]
            },
            {
              "origin": [
                -4,
                6.5,
                -2.5
              ],
              "size": [
                10,
                12,
                5
              ],
              "uv": [
                0,
                29
              ]
            }
          ],
          "name": "Body",
          "pivot": [
            1,
            19,
            0
          ]
        }
      ],
      "description": {
        "identifier": "geometry.race.dwarf.blacksmith",
        "texture_height": 128,
        "texture_width": 128,
        "visible_bounds_height": 3.5,
        "visible_bounds_offset": [
          0,
          1.25,
          0
        ],
        "visible_bounds_width": 2
      }
    }
  ]
}