{
  "format_version": "1.12.0",
  "minecraft:geometry": [
    {
      "bones": [
        {
          "cubes": [
            {
              "origin": [
                -3.5,
                7,
                -2
              ],
              "size": [
                9,
                11,
                4
              ],
              "uv": [
                30,
                29
              ]
            },
            {
              "origin": [
                -3.55,
                1,
                -2.45
              ],
              "size": [
                9,
                7,
                5
              ],
              "uv": [
                0,
                88
              ]
            }
          ],
          "name": "Body",
          "pivot": [
            1,
            19,
            0
          ]
        },
        {
          "cubes": [
            {
              "origin": [
                -3,
                18,
                -4
              ],
              "size": [
                8,
                8,
                8
              ],
              "uv": [
                28,
                10
              ]
            },
            {
              "origin": [
                -3.5,
                17.9,
                -4.5
              ],
              "size": [
                9,
                9,
                9
              ],
              "uv": [
                0,
                0
              ]
            },
            {
              "origin": [
                0,
                19.25,
                -3.4
              ],
              "pivot": [
                1.5,
                22.4,
                -5
              ],
              "rotation": [
                -22.5,
                0,
                0
              ],
              "size": [
                2,
                2,
                2
              ],
              "uv": [
                78,
                69
              ]
            }
          ],
          "name": "Head",
          "parent": "Body",
          "pivot": [
            1,
            19,
            0
          ]
        },
        {
          "cubes": [
            {
              "origin": [
                -6.5,
                7,
                -2
              ],
              "size": [
                3,
                11,
                4
              ],
              "uv": [
                24,
                61
              ]
            }
          ],
          "name": "RightArm",
          "parent": "Body",
          "pivot": [
            -4,
            17,
            0
          ]
        },
        {
          "cubes": [
            {
              "origin": [
                -3.5,
                0,
                -2
              ],
              "size": [
                4,
                7,
                4
              ],
              "uv": [
                50,
                69
              ]
            }
          ],
          "name": "RightLeg",
          "parent": "Body",
          "pivot": [
            -0.5,
            7,
            0
          ]
        },
        {
          "cubes": [
            {
              "origin": [
                1.15,
                0,
                -2
              ],
              "size": [
                4,
                7,
                4
              ],
              "uv": [
                38,
                61
              ]
            }
          ],
          "name": "LeftLeg",
          "parent": "Body",
          "pivot": [
            3.15,
            7,
            0
          ]
        },
        {
          "cubes": [
            {
              "origin": [
                5.5,
                7,
                -2
              ],
              "size": [
                3,
                11,
                4
              ],
              "uv": [
                10,
                59
              ]
            }
          ],
          "name": "LeftArm",
          "parent": "Body",
          "pivot": [
            6,
            17,
            0
          ]
        }
      ],
      "description": {
        "identifier": "geometry.race.dwarf.civillian.female.a",
        "texture_height": 128,
        "texture_width": 128,
        "visible_bounds_height": 5,
        "visible_bounds_offset": [
          0,
          1.5,
          0
        ],
        "visible_bounds_width": 10
      }
    }
  ]
}