{
  "format_version": "1.12.0",
  "minecraft:geometry": [
    {
      "bones": [
        {
          "cubes": [
            {
              "mirror": true,
              "origin": [
                0.9,
                -2,
                -2
              ],
              "size": [
                4,
                7,
                4
              ],
              "uv": [
                50,
                69
              ]
            },
            {
              "mirror": true,
              "origin": [
                0.4,
                -2.5,
                -2.3
              ],
              "size": [
                5,
                8,
                5
              ],
              "uv": [
                56,
                34
              ]
            }
          ],
          "name": "LeftLeg",
          "pivot": [
            2.9,
            5,
            0
          ],
          "rotation": [
            -87.5,
            0,
            0
          ]
        },
        {
          "cubes": [
            {
              "origin": [
                -3.9,
                -2,
                -2
              ],
              "size": [
                4,
                7,
                4
              ],
              "uv": [
                50,
                69
              ]
            },
            {
              "origin": [
                -4.4,
                -2.5,
                -2.3
              ],
              "size": [
                5,
                8,
                5
              ],
              "uv": [
                56,
                34
              ]
            }
          ],
          "name": "RightLeg",
          "pivot": [
            -1.9,
            5,
            0
          ],
          "rotation": [
            -87.5,
            0,
            0
          ]
        },
        {
          "cubes": [
            {
              "origin": [
                4.75,
                6.5,
                -2.25
              ],
              "size": [
                4,
                12,
                5
              ],
              "uv": [
                43,
                44
              ]
            },
            {
              "origin": [
                5.5,
                7,
                -2
              ],
              "size": [
                3,
                11,
                4
              ],
              "uv": [
                10,
                59
              ]
            }
          ],
          "name": "LeftArm",
          "pivot": [
            6.875,
            16.5,
            0.125
          ],
          "rotation": [
            0,
            0,
            -7.5
          ]
        },
        {
          "cubes": [
            {
              "mirror": true,
              "origin": [
                -6.75,
                6.5,
                -2.25
              ],
              "size": [
                4,
                12,
                5
              ],
              "uv": [
                43,
                44
              ]
            },
            {
              "origin": [
                -7,
                6.5,
                -2.5
              ],
              "size": [
                4,
                12,
                5
              ],
              "uv": [
                25,
                44
              ]
            },
            {
              "origin": [
                -6.5,
                7,
                -2
              ],
              "size": [
                3,
                11,
                4
              ],
              "uv": [
                24,
                61
              ]
            }
          ],
          "name": "RightArm",
          "pivot": [
            -4.7,
            17.7,
            -3.6
          ],
          "rotation": [
            0,
            0,
            5
          ]
        },
        {
          "cubes": [
            {
              "origin": [
                -3,
                18,
                -4
              ],
              "size": [
                8,
                8,
                8
              ],
              "uv": [
                28,
                10
              ]
            },
            {
              "origin": [
                -3.5,
                17.5,
                -4.5
              ],
              "size": [
                9,
                9,
                9
              ],
              "uv": [
                92,
                26
              ]
            },
            {
              "origin": [
                0,
                20.25,
                -4.2
              ],
              "pivot": [
                1.5,
                22.4,
                -5
              ],
              "rotation": [
                -22.5,
                0,
                0
              ],
              "size": [
                2,
                2,
                2
              ],
              "uv": [
                78,
                69
              ]
            },
            {
              "origin": [
                -1.5,
                17.1,
                -4.61
              ],
              "size": [
                5,
                2,
                0
              ],
              "uv": [
                27,
                73
              ]
            },
            {
              "origin": [
                -3.8,
                15.8,
                -5.1
              ],
              "pivot": [
                -3.5,
                20.5,
                -3.1
              ],
              "rotation": [
                0,
                0,
                -22.5
              ],
              "size": [
                3,
                1,
                4
              ],
              "uv": [
                112,
                10
              ]
            },
            {
              "origin": [
                -1.05,
                9.35,
                -4.21
              ],
              "size": [
                3,
                2,
                0
              ],
              "uv": [
                69,
                74
              ]
            },
            {
              "origin": [
                -2.05,
                11.35,
                -4.21
              ],
              "size": [
                6,
                2,
                0
              ],
              "uv": [
                30,
                112
              ]
            },
            {
              "origin": [
                -3.05,
                13.35,
                -4.21
              ],
              "size": [
                8,
                2,
                0
              ],
              "uv": [
                29,
                97
              ]
            },
            {
              "origin": [
                -3.55,
                15.35,
                -4.21
              ],
              "size": [
                9,
                2,
                0
              ],
              "uv": [
                36,
                83
              ]
            },
            {
              "origin": [
                5.7,
                17.1,
                -5.11
              ],
              "pivot": [
                3.5,
                20.5,
                -3.1
              ],
              "rotation": [
                0,
                0,
                22.5
              ],
              "size": [
                1,
                2,
                4
              ],
              "uv": [
                12,
                4
              ]
            },
            {
              "origin": [
                2.7,
                16.6,
                -5.11
              ],
              "pivot": [
                3.5,
                20.5,
                -3.1
              ],
              "rotation": [
                0,
                0,
                22.5
              ],
              "size": [
                3,
                1,
                4
              ],
              "uv": [
                109,
                16
              ]
            },
            {
              "origin": [
                -4.8,
                16.3,
                -5.1
              ],
              "pivot": [
                -3.5,
                20.5,
                -3.1
              ],
              "rotation": [
                0,
                0,
                -22.5
              ],
              "size": [
                1,
                2,
                4
              ],
              "uv": [
                1,
                4
              ]
            },
            {
              "origin": [
                -3.8,
                16.8,
                -5.1
              ],
              "pivot": [
                -3.5,
                20.5,
                -3.1
              ],
              "rotation": [
                0,
                0,
                -22.5
              ],
              "size": [
                4,
                2,
                4
              ],
              "uv": [
                0,
                84
              ]
            },
            {
              "origin": [
                1.7,
                17.6,
                -5.11
              ],
              "pivot": [
                3.5,
                20.5,
                -3.1
              ],
              "rotation": [
                0,
                0,
                22.5
              ],
              "size": [
                4,
                2,
                4
              ],
              "uv": [
                0,
                95
              ]
            },
            {
              "origin": [
                -3.55,
                16.6,
                -4.11
              ],
              "size": [
                9,
                3,
                5
              ],
              "uv": [
                100,
                0
              ]
            },
            {
              "origin": [
                -3.75,
                26,
                -3.5
              ],
              "size": [
                1,
                1,
                7
              ],
              "uv": [
                110,
                77
              ]
            },
            {
              "origin": [
                -2.75,
                26,
                3.5
              ],
              "size": [
                7,
                1,
                1
              ],
              "uv": [
                96,
                80
              ]
            },
            {
              "origin": [
                -2.75,
                26,
                -4.5
              ],
              "size": [
                7,
                1,
                1
              ],
              "uv": [
                112,
                116
              ]
            },
            {
              "origin": [
                4.25,
                26,
                -3.5
              ],
              "size": [
                1,
                1,
                7
              ],
              "uv": [
                108,
                99
              ]
            },
            {
              "origin": [
                -2.75,
                27,
                -3.5
              ],
              "size": [
                7,
                5,
                7
              ],
              "uv": [
                62,
                83
              ]
            },
            {
              "origin": [
                -2.25,
                26.9,
                -3
              ],
              "size": [
                6,
                5,
                6
              ],
              "uv": [
                100,
                57
              ]
            },
            {
              "origin": [
                -0.25,
                33,
                -1
              ],
              "size": [
                2,
                2,
                2
              ],
              "uv": [
                102,
                51
              ]
            },
            {
              "origin": [
                0.75,
                32,
                -1
              ],
              "size": [
                0,
                1,
                2
              ],
              "uv": [
                95,
                52
              ]
            },
            {
              "origin": [
                0.75,
                32,
                -1
              ],
              "pivot": [
                0.75,
                32.5,
                0
              ],
              "rotation": [
                0,
                -90,
                0
              ],
              "size": [
                0,
                1,
                2
              ],
              "uv": [
                95,
                52
              ]
            }
          ],
          "name": "Head",
          "pivot": [
            1,
            19,
            0
          ]
        },
        {
          "cubes": [
            {
              "origin": [
                -3.5,
                7,
                -2
              ],
              "size": [
                9,
                11,
                4
              ],
              "uv": [
                30,
                29
              ]
            },
            {
              "origin": [
                -4,
                5.3,
                -2.5
              ],
              "size": [
                10,
                12,
                5
              ],
              "uv": [
                0,
                29
              ]
            }
          ],
          "name": "Body",
          "pivot": [
            1,
            19,
            0
          ]
        }
      ],
      "description": {
        "identifier": "geometry.race.dwarf.king.a",
        "texture_height": 128,
        "texture_width": 128,
        "visible_bounds_height": 3.5,
        "visible_bounds_offset": [
          0,
          1.25,
          0
        ],
        "visible_bounds_width": 4
      }
    }
  ]
}