{
  "format_version": "1.12.0",
  "minecraft:geometry": [
    {
      "bones": [
        {
          "cubes": [
            {
              "origin": [
                -3.5,
                7,
                -2
              ],
              "size": [
                9,
                11,
                4
              ],
              "uv": [
                30,
                29
              ]
            },
            {
              "origin": [
                -3.55,
                4,
                -2.45
              ],
              "size": [
                9,
                4,
                5
              ],
              "uv": [
                0,
                88
              ]
            }
          ],
          "name": "Body",
          "pivot": [
            1,
            19,
            0
          ]
        },
        {
          "cubes": [
            {
              "origin": [
                0.5,
                19.1,
                -4.2
              ],
              "pivot": [
                34.5,
                20.25,
                -5
              ],
              "rotation": [
                -22.5,
                0,
                0
              ],
              "size": [
                1,
                1,
                1
              ],
              "uv": [
                0,
                18
              ]
            },
            {
              "origin": [
                -3,
                18,
                -4
              ],
              "size": [
                8,
                8,
                8
              ],
              "uv": [
                28,
                10
              ]
            }
          ],
          "name": "Head",
          "parent": "Body",
          "pivot": [
            1,
            19,
            0
          ]
        },
        {
          "cubes": [
            {
              "origin": [
                5.5,
                7,
                -2
              ],
              "size": [
                3,
                11,
                4
              ],
              "uv": [
                10,
                59
              ]
            },
            {
              "origin": [
                4.75,
                6.5,
                -2.25
              ],
              "size": [
                4,
                12,
                5
              ],
              "uv": [
                43,
                44
              ]
            }
          ],
          "name": "LeftArm",
          "parent": "Body",
          "pivot": [
            6,
            17,
            0
          ]
        },
        {
          "cubes": [
            {
              "origin": [
                7,
                3.75,
                -4.75
              ],
              "size": [
                1,
                4,
                1
              ],
              "uv": [
                27,
                0
              ]
            },
            {
              "origin": [
                6.52,
                7.75,
                -5.75
              ],
              "size": [
                2,
                1,
                3
              ],
              "uv": [
                0,
                24
              ]
            },
            {
              "origin": [
                6.51,
                8.75,
                -6.75
              ],
              "size": [
                2,
                1,
                5
              ],
              "uv": [
                75,
                7
              ]
            },
            {
              "origin": [
                7.5,
                9.75,
                -6.75
              ],
              "size": [
                0,
                14,
                5
              ],
              "uv": [
                0,
                54
              ]
            },
            {
              "origin": [
                6.5,
                8.6,
                -2.85
              ],
              "pivot": [
                7.5,
                8.25,
                -1.75
              ],
              "rotation": [
                45,
                0,
                0
              ],
              "size": [
                2,
                1,
                2
              ],
              "uv": [
                71,
                36
              ]
            },
            {
              "origin": [
                6.5,
                5.05,
                -6.25
              ],
              "pivot": [
                7.5,
                8.25,
                -1.75
              ],
              "rotation": [
                -45,
                0,
                0
              ],
              "size": [
                2,
                1,
                2
              ],
              "uv": [
                44,
                26
              ]
            }
          ],
          "name": "weapon_b",
          "parent": "LeftArm",
          "pivot": [
            7.505,
            9.10833,
            -4.01667
          ],
          "rotation": [
            80,
            0,
            0
          ]
        },
        {
          "cubes": [
            {
              "mirror": true,
              "origin": [
                -7,
                6.5,
                -2.25
              ],
              "size": [
                4,
                12,
                5
              ],
              "uv": [
                43,
                44
              ]
            },
            {
              "origin": [
                -6.5,
                7,
                -2
              ],
              "size": [
                3,
                11,
                4
              ],
              "uv": [
                24,
                61
              ]
            }
          ],
          "name": "RightArm",
          "parent": "Body",
          "pivot": [
            -4,
            17,
            0
          ]
        },
        {
          "cubes": [
            {
              "origin": [
                -3.5,
                0,
                -2
              ],
              "size": [
                4,
                7,
                4
              ],
              "uv": [
                50,
                69
              ]
            },
            {
              "origin": [
                -4,
                -0.5,
                -2.3
              ],
              "size": [
                5,
                8,
                5
              ],
              "uv": [
                56,
                34
              ]
            }
          ],
          "name": "RightLeg",
          "parent": "Body",
          "pivot": [
            -0.5,
            7,
            0
          ]
        },
        {
          "cubes": [
            {
              "origin": [
                1.15,
                0,
                -2
              ],
              "size": [
                4,
                7,
                4
              ],
              "uv": [
                38,
                61
              ]
            },
            {
              "origin": [
                0.65,
                -0.5,
                -2.4
              ],
              "size": [
                5,
                8,
                5
              ],
              "uv": [
                56,
                56
              ]
            }
          ],
          "name": "LeftLeg",
          "parent": "Body",
          "pivot": [
            3.15,
            7,
            0
          ]
        }
      ],
      "description": {
        "identifier": "geometry.race.dwarf.warrior.female.a",
        "texture_height": 128,
        "texture_width": 128,
        "visible_bounds_height": 5,
        "visible_bounds_offset": [
          0,
          1.5,
          0
        ],
        "visible_bounds_width": 10
      }
    }
  ]
}