{
  "format_version": "1.12.0",
  "minecraft:geometry": [
    {
      "bones": [
        {
          "cubes": [
            {
              "origin": [
                -43.7,
                -3.58,
                -8.69189
              ],
              "pivot": [
                -26.5,
                -2.0919,
                -7.69189
              ],
              "rotation": [
                0,
                5,
                90
              ],
              "size": [
                16,
                3,
                2
              ],
              "uv": {
                "down": {
                  "uv": [
                    94,
                    28
                  ],
                  "uv_size": [
                    -48,
                    -6
                  ]
                },
                "east": {
                  "uv": [
                    75,
                    77
                  ],
                  "uv_size": [
                    2,
                    16
                  ]
                },
                "north": {
                  "uv": [
                    46,
                    22
                  ],
                  "uv_size": [
                    48,
                    8
                  ]
                },
                "south": {
                  "uv": [
                    46,
                    22
                  ],
                  "uv_size": [
                    48,
                    8
                  ]
                },
                "up": {
                  "uv": [
                    94,
                    28
                  ],
                  "uv_size": [
                    -48,
                    -6
                  ]
                },
                "west": {
                  "uv": [
                    80,
                    78
                  ],
                  "uv_size": [
                    9,
                    6
                  ]
                }
              }
            },
            {
              "origin": [
                -43.7,
                -3.58,
                6.69189
              ],
              "pivot": [
                -26.5,
                -2.0919,
                7.69189
              ],
              "rotation": [
                0,
                -5,
                90
              ],
              "size": [
                16,
                3,
                2
              ],
              "uv": {
                "down": {
                  "uv": [
                    94,
                    22
                  ],
                  "uv_size": [
                    -48,
                    6
                  ]
                },
                "east": {
                  "uv": [
                    77,
                    77
                  ],
                  "uv_size": [
                    -2,
                    16
                  ]
                },
                "north": {
                  "uv": [
                    94,
                    22
                  ],
                  "uv_size": [
                    -48,
                    8
                  ]
                },
                "south": {
                  "uv": [
                    94,
                    22
                  ],
                  "uv_size": [
                    -48,
                    8
                  ]
                },
                "up": {
                  "uv": [
                    94,
                    22
                  ],
                  "uv_size": [
                    -48,
                    6
                  ]
                },
                "west": {
                  "uv": [
                    89,
                    78
                  ],
                  "uv_size": [
                    -9,
                    6
                  ]
                }
              }
            },
            {
              "origin": [
                -28,
                14.93057,
                -7.20644
              ],
              "size": [
                3,
                1,
                15
              ],
              "uv": {
                "down": {
                  "uv": [
                    62,
                    16
                  ],
                  "uv_size": [
                    9,
                    60
                  ]
                },
                "east": {
                  "uv": [
                    5,
                    71
                  ],
                  "uv_size": [
                    30,
                    2
                  ]
                },
                "north": {
                  "uv": [
                    13,
                    71
                  ],
                  "uv_size": [
                    6,
                    2
                  ]
                },
                "south": {
                  "uv": [
                    13,
                    71
                  ],
                  "uv_size": [
                    6,
                    2
                  ]
                },
                "up": {
                  "uv": [
                    62,
                    16
                  ],
                  "uv_size": [
                    9,
                    60
                  ]
                },
                "west": {
                  "uv": [
                    5,
                    71
                  ],
                  "uv_size": [
                    30,
                    2
                  ]
                }
              }
            },
            {
              "origin": [
                25,
                14.93057,
                -7.20644
              ],
              "size": [
                3,
                1,
                15
              ],
              "uv": {
                "down": {
                  "uv": [
                    62,
                    16
                  ],
                  "uv_size": [
                    9,
                    60
                  ]
                },
                "east": {
                  "uv": [
                    5,
                    71
                  ],
                  "uv_size": [
                    30,
                    2
                  ]
                },
                "north": {
                  "uv": [
                    13,
                    71
                  ],
                  "uv_size": [
                    6,
                    2
                  ]
                },
                "south": {
                  "uv": [
                    13,
                    71
                  ],
                  "uv_size": [
                    6,
                    2
                  ]
                },
                "up": {
                  "uv": [
                    62,
                    16
                  ],
                  "uv_size": [
                    9,
                    60
                  ]
                },
                "west": {
                  "uv": [
                    5,
                    71
                  ],
                  "uv_size": [
                    30,
                    2
                  ]
                }
              }
            },
            {
              "origin": [
                -1.5,
                14.93057,
                -4.20644
              ],
              "size": [
                3,
                1,
                9
              ],
              "uv": {
                "down": {
                  "uv": [
                    34,
                    14
                  ],
                  "uv_size": [
                    9,
                    26
                  ]
                },
                "east": {
                  "uv": [
                    32,
                    70
                  ],
                  "uv_size": [
                    27,
                    4
                  ]
                },
                "north": {
                  "uv": [
                    32,
                    70
                  ],
                  "uv_size": [
                    9,
                    4
                  ]
                },
                "south": {
                  "uv": [
                    32,
                    70
                  ],
                  "uv_size": [
                    9,
                    4
                  ]
                },
                "up": {
                  "uv": [
                    34,
                    14
                  ],
                  "uv_size": [
                    9,
                    26
                  ]
                },
                "west": {
                  "uv": [
                    32,
                    70
                  ],
                  "uv_size": [
                    27,
                    4
                  ]
                }
              }
            },
            {
              "inflate": 0.3,
              "origin": [
                -31,
                15.93057,
                -7.45644
              ],
              "size": [
                30,
                1,
                4
              ],
              "uv": {
                "down": {
                  "uv": [
                    5,
                    0
                  ],
                  "uv_size": [
                    103,
                    16
                  ]
                },
                "east": {
                  "uv": [
                    28,
                    38
                  ],
                  "uv_size": [
                    12,
                    6
                  ]
                },
                "north": {
                  "uv": [
                    4,
                    14
                  ],
                  "uv_size": [
                    90,
                    6
                  ]
                },
                "south": {
                  "uv": [
                    4,
                    14
                  ],
                  "uv_size": [
                    90,
                    6
                  ]
                },
                "up": {
                  "uv": [
                    18,
                    4
                  ],
                  "uv_size": [
                    90,
                    12
                  ]
                },
                "west": {
                  "uv": [
                    28,
                    38
                  ],
                  "uv_size": [
                    12,
                    6
                  ]
                }
              }
            },
            {
              "inflate": 0.3,
              "origin": [
                -31,
                15.93057,
                -1.95644
              ],
              "size": [
                30,
                1,
                4
              ],
              "uv": {
                "down": {
                  "uv": [
                    5,
                    0
                  ],
                  "uv_size": [
                    103,
                    16
                  ]
                },
                "east": {
                  "uv": [
                    28,
                    38
                  ],
                  "uv_size": [
                    12,
                    6
                  ]
                },
                "north": {
                  "uv": [
                    4,
                    14
                  ],
                  "uv_size": [
                    90,
                    6
                  ]
                },
                "south": {
                  "uv": [
                    4,
                    14
                  ],
                  "uv_size": [
                    90,
                    6
                  ]
                },
                "up": {
                  "uv": [
                    18,
                    4
                  ],
                  "uv_size": [
                    90,
                    12
                  ]
                },
                "west": {
                  "uv": [
                    28,
                    38
                  ],
                  "uv_size": [
                    12,
                    6
                  ]
                }
              }
            },
            {
              "inflate": 0.3,
              "origin": [
                -31,
                15.93057,
                3.54356
              ],
              "size": [
                30,
                1,
                4
              ],
              "uv": {
                "down": {
                  "uv": [
                    5,
                    0
                  ],
                  "uv_size": [
                    103,
                    16
                  ]
                },
                "east": {
                  "uv": [
                    28,
                    38
                  ],
                  "uv_size": [
                    12,
                    6
                  ]
                },
                "north": {
                  "uv": [
                    4,
                    14
                  ],
                  "uv_size": [
                    90,
                    6
                  ]
                },
                "south": {
                  "uv": [
                    4,
                    14
                  ],
                  "uv_size": [
                    90,
                    6
                  ]
                },
                "up": {
                  "uv": [
                    18,
                    4
                  ],
                  "uv_size": [
                    90,
                    12
                  ]
                },
                "west": {
                  "uv": [
                    28,
                    38
                  ],
                  "uv_size": [
                    12,
                    6
                  ]
                }
              }
            },
            {
              "inflate": 0.3,
              "origin": [
                -31,
                26.93057,
                7.70644
              ],
              "pivot": [
                0,
                20.43057,
                6.20644
              ],
              "rotation": [
                -20,
                0,
                0
              ],
              "size": [
                32,
                5,
                1
              ],
              "uv": {
                "down": {
                  "uv": [
                    11,
                    14
                  ],
                  "uv_size": [
                    96,
                    4
                  ]
                },
                "east": {
                  "uv": [
                    4,
                    1
                  ],
                  "uv_size": [
                    -4,
                    15
                  ]
                },
                "north": {
                  "uv": [
                    10,
                    1
                  ],
                  "uv_size": [
                    96,
                    15
                  ]
                },
                "south": {
                  "uv": [
                    10,
                    1
                  ],
                  "uv_size": [
                    96,
                    15
                  ]
                },
                "up": {
                  "uv": [
                    10,
                    6
                  ],
                  "uv_size": [
                    96,
                    3
                  ]
                },
                "west": {
                  "uv": [
                    0,
                    4
                  ],
                  "uv_size": [
                    4,
                    15
                  ]
                }
              }
            },
            {
              "inflate": 0.3,
              "origin": [
                -31,
                19.93057,
                7.70644
              ],
              "pivot": [
                0,
                20.43057,
                6.20644
              ],
              "rotation": [
                -20,
                0,
                0
              ],
              "size": [
                32,
                5,
                1
              ],
              "uv": {
                "down": {
                  "uv": [
                    10,
                    6
                  ],
                  "uv_size": [
                    96,
                    3
                  ]
                },
                "east": {
                  "uv": [
                    4,
                    1
                  ],
                  "uv_size": [
                    -4,
                    15
                  ]
                },
                "north": {
                  "uv": [
                    10,
                    1
                  ],
                  "uv_size": [
                    96,
                    15
                  ]
                },
                "south": {
                  "uv": [
                    10,
                    1
                  ],
                  "uv_size": [
                    96,
                    15
                  ]
                },
                "up": {
                  "uv": [
                    10,
                    6
                  ],
                  "uv_size": [
                    96,
                    3
                  ]
                },
                "west": {
                  "uv": [
                    0,
                    4
                  ],
                  "uv_size": [
                    4,
                    15
                  ]
                }
              }
            },
            {
              "origin": [
                -25,
                14.93057,
                4.79356
              ],
              "size": [
                50,
                1,
                3
              ],
              "uv": {
                "down": {
                  "uv": [
                    0,
                    6
                  ],
                  "uv_size": [
                    128,
                    8
                  ]
                },
                "east": {
                  "uv": [
                    27,
                    11
                  ],
                  "uv_size": [
                    10,
                    2
                  ]
                },
                "north": {
                  "uv": [
                    0,
                    7
                  ],
                  "uv_size": [
                    128,
                    2
                  ]
                },
                "south": {
                  "uv": [
                    0,
                    7
                  ],
                  "uv_size": [
                    128,
                    2
                  ]
                },
                "up": {
                  "uv": [
                    0,
                    6
                  ],
                  "uv_size": [
                    128,
                    8
                  ]
                },
                "west": {
                  "uv": [
                    27,
                    11
                  ],
                  "uv_size": [
                    10,
                    2
                  ]
                }
              }
            },
            {
              "origin": [
                -25,
                14.93057,
                -7.20644
              ],
              "size": [
                50,
                1,
                3
              ],
              "uv": {
                "down": {
                  "uv": [
                    0,
                    6
                  ],
                  "uv_size": [
                    128,
                    8
                  ]
                },
                "east": {
                  "uv": [
                    27,
                    11
                  ],
                  "uv_size": [
                    10,
                    2
                  ]
                },
                "north": {
                  "uv": [
                    0,
                    7
                  ],
                  "uv_size": [
                    128,
                    2
                  ]
                },
                "south": {
                  "uv": [
                    0,
                    7
                  ],
                  "uv_size": [
                    128,
                    2
                  ]
                },
                "up": {
                  "uv": [
                    0,
                    6
                  ],
                  "uv_size": [
                    128,
                    8
                  ]
                },
                "west": {
                  "uv": [
                    27,
                    11
                  ],
                  "uv_size": [
                    10,
                    2
                  ]
                }
              }
            },
            {
              "origin": [
                -28,
                15.27259,
                5.85387
              ],
              "pivot": [
                -25,
                15.27259,
                6.85387
              ],
              "rotation": [
                -20,
                0,
                0
              ],
              "size": [
                3,
                16,
                2
              ],
              "uv": {
                "down": {
                  "uv": [
                    48,
                    9
                  ],
                  "uv_size": [
                    -9,
                    -6
                  ]
                },
                "east": {
                  "uv": [
                    55,
                    67
                  ],
                  "uv_size": [
                    6,
                    48
                  ]
                },
                "north": {
                  "uv": [
                    59,
                    35
                  ],
                  "uv_size": [
                    9,
                    48
                  ]
                },
                "south": {
                  "uv": [
                    59,
                    35
                  ],
                  "uv_size": [
                    9,
                    48
                  ]
                },
                "up": {
                  "uv": [
                    48,
                    9
                  ],
                  "uv_size": [
                    -9,
                    -6
                  ]
                },
                "west": {
                  "uv": [
                    55,
                    67
                  ],
                  "uv_size": [
                    6,
                    48
                  ]
                }
              }
            },
            {
              "origin": [
                27.7119,
                -3.77924,
                7.29644
              ],
              "pivot": [
                26.5119,
                -2.29113,
                8.29644
              ],
              "rotation": [
                0,
                5,
                -90
              ],
              "size": [
                16,
                3,
                2
              ],
              "uv": {
                "down": {
                  "uv": [
                    46,
                    22
                  ],
                  "uv_size": [
                    48,
                    6
                  ]
                },
                "east": {
                  "uv": [
                    80,
                    78
                  ],
                  "uv_size": [
                    9,
                    6
                  ]
                },
                "north": {
                  "uv": [
                    46,
                    22
                  ],
                  "uv_size": [
                    48,
                    8
                  ]
                },
                "south": {
                  "uv": [
                    46,
                    22
                  ],
                  "uv_size": [
                    48,
                    8
                  ]
                },
                "up": {
                  "uv": [
                    46,
                    22
                  ],
                  "uv_size": [
                    48,
                    6
                  ]
                },
                "west": {
                  "uv": [
                    75,
                    77
                  ],
                  "uv_size": [
                    2,
                    16
                  ]
                }
              }
            },
            {
              "origin": [
                27.7119,
                -3.77924,
                -8.70932
              ],
              "pivot": [
                26.5119,
                -2.29113,
                -7.70932
              ],
              "rotation": [
                0,
                -5,
                -90
              ],
              "size": [
                16,
                3,
                2
              ],
              "uv": {
                "down": {
                  "uv": [
                    46,
                    28
                  ],
                  "uv_size": [
                    48,
                    -6
                  ]
                },
                "east": {
                  "uv": [
                    89,
                    78
                  ],
                  "uv_size": [
                    -9,
                    6
                  ]
                },
                "north": {
                  "uv": [
                    94,
                    22
                  ],
                  "uv_size": [
                    -48,
                    8
                  ]
                },
                "south": {
                  "uv": [
                    94,
                    22
                  ],
                  "uv_size": [
                    -48,
                    8
                  ]
                },
                "up": {
                  "uv": [
                    46,
                    28
                  ],
                  "uv_size": [
                    48,
                    -6
                  ]
                },
                "west": {
                  "uv": [
                    77,
                    77
                  ],
                  "uv_size": [
                    -2,
                    16
                  ]
                }
              }
            },
            {
              "inflate": 0.3,
              "origin": [
                -0.4,
                15.93057,
                -7.45644
              ],
              "size": [
                30,
                1,
                4
              ],
              "uv": {
                "down": {
                  "uv": [
                    108,
                    0
                  ],
                  "uv_size": [
                    -103,
                    16
                  ]
                },
                "east": {
                  "uv": [
                    40,
                    38
                  ],
                  "uv_size": [
                    -12,
                    6
                  ]
                },
                "north": {
                  "uv": [
                    94,
                    14
                  ],
                  "uv_size": [
                    -90,
                    6
                  ]
                },
                "south": {
                  "uv": [
                    94,
                    14
                  ],
                  "uv_size": [
                    -90,
                    6
                  ]
                },
                "up": {
                  "uv": [
                    108,
                    4
                  ],
                  "uv_size": [
                    -90,
                    12
                  ]
                },
                "west": {
                  "uv": [
                    40,
                    38
                  ],
                  "uv_size": [
                    -12,
                    6
                  ]
                }
              }
            },
            {
              "inflate": 0.3,
              "origin": [
                -0.4,
                15.93057,
                -1.95644
              ],
              "size": [
                30,
                1,
                4
              ],
              "uv": {
                "down": {
                  "uv": [
                    108,
                    0
                  ],
                  "uv_size": [
                    -103,
                    16
                  ]
                },
                "east": {
                  "uv": [
                    40,
                    38
                  ],
                  "uv_size": [
                    -12,
                    6
                  ]
                },
                "north": {
                  "uv": [
                    94,
                    14
                  ],
                  "uv_size": [
                    -90,
                    6
                  ]
                },
                "south": {
                  "uv": [
                    94,
                    14
                  ],
                  "uv_size": [
                    -90,
                    6
                  ]
                },
                "up": {
                  "uv": [
                    108,
                    4
                  ],
                  "uv_size": [
                    -90,
                    12
                  ]
                },
                "west": {
                  "uv": [
                    40,
                    38
                  ],
                  "uv_size": [
                    -12,
                    6
                  ]
                }
              }
            },
            {
              "inflate": 0.3,
              "origin": [
                -0.4,
                15.93057,
                3.54356
              ],
              "size": [
                30,
                1,
                4
              ],
              "uv": {
                "down": {
                  "uv": [
                    108,
                    0
                  ],
                  "uv_size": [
                    -103,
                    16
                  ]
                },
                "east": {
                  "uv": [
                    40,
                    38
                  ],
                  "uv_size": [
                    -12,
                    6
                  ]
                },
                "north": {
                  "uv": [
                    94,
                    14
                  ],
                  "uv_size": [
                    -90,
                    6
                  ]
                },
                "south": {
                  "uv": [
                    94,
                    14
                  ],
                  "uv_size": [
                    -90,
                    6
                  ]
                },
                "up": {
                  "uv": [
                    108,
                    4
                  ],
                  "uv_size": [
                    -90,
                    12
                  ]
                },
                "west": {
                  "uv": [
                    40,
                    38
                  ],
                  "uv_size": [
                    -12,
                    6
                  ]
                }
              }
            },
            {
              "origin": [
                25.3,
                15.27259,
                5.85387
              ],
              "pivot": [
                21.7,
                15.27259,
                6.85387
              ],
              "rotation": [
                -20,
                0,
                0
              ],
              "size": [
                3,
                16,
                2
              ],
              "uv": {
                "down": {
                  "uv": [
                    39,
                    9
                  ],
                  "uv_size": [
                    9,
                    -6
                  ]
                },
                "east": {
                  "uv": [
                    61,
                    67
                  ],
                  "uv_size": [
                    -6,
                    48
                  ]
                },
                "north": {
                  "uv": [
                    68,
                    35
                  ],
                  "uv_size": [
                    -9,
                    48
                  ]
                },
                "south": {
                  "uv": [
                    68,
                    35
                  ],
                  "uv_size": [
                    -9,
                    48
                  ]
                },
                "up": {
                  "uv": [
                    39,
                    9
                  ],
                  "uv_size": [
                    9,
                    -6
                  ]
                },
                "west": {
                  "uv": [
                    61,
                    67
                  ],
                  "uv_size": [
                    -6,
                    48
                  ]
                }
              }
            },
            {
              "inflate": 0.3,
              "origin": [
                1.6,
                19.93057,
                7.70644
              ],
              "pivot": [
                2.6,
                20.43057,
                6.20644
              ],
              "rotation": [
                -20,
                0,
                0
              ],
              "size": [
                28,
                5,
                1
              ],
              "uv": {
                "down": {
                  "uv": [
                    106,
                    6
                  ],
                  "uv_size": [
                    -96,
                    3
                  ]
                },
                "east": {
                  "uv": [
                    4,
                    4
                  ],
                  "uv_size": [
                    -4,
                    15
                  ]
                },
                "north": {
                  "uv": [
                    46,
                    1
                  ],
                  "uv_size": [
                    80,
                    15
                  ]
                },
                "south": {
                  "uv": [
                    106,
                    1
                  ],
                  "uv_size": [
                    -96,
                    15
                  ]
                },
                "up": {
                  "uv": [
                    106,
                    6
                  ],
                  "uv_size": [
                    -96,
                    3
                  ]
                },
                "west": {
                  "uv": [
                    4,
                    1
                  ],
                  "uv_size": [
                    -4,
                    15
                  ]
                }
              }
            },
            {
              "inflate": 0.3,
              "origin": [
                1.6,
                26.93057,
                7.70644
              ],
              "pivot": [
                2.6,
                20.43057,
                6.20644
              ],
              "rotation": [
                -20,
                0,
                0
              ],
              "size": [
                28,
                5,
                1
              ],
              "uv": {
                "down": {
                  "uv": [
                    11,
                    14
                  ],
                  "uv_size": [
                    96,
                    4
                  ]
                },
                "east": {
                  "uv": [
                    4,
                    4
                  ],
                  "uv_size": [
                    -4,
                    15
                  ]
                },
                "north": {
                  "uv": [
                    46,
                    1
                  ],
                  "uv_size": [
                    80,
                    15
                  ]
                },
                "south": {
                  "uv": [
                    106,
                    1
                  ],
                  "uv_size": [
                    -96,
                    15
                  ]
                },
                "up": {
                  "uv": [
                    106,
                    6
                  ],
                  "uv_size": [
                    -96,
                    3
                  ]
                },
                "west": {
                  "uv": [
                    4,
                    1
                  ],
                  "uv_size": [
                    -4,
                    15
                  ]
                }
              }
            },
            {
              "origin": [
                -25,
                27.27259,
                5.75387
              ],
              "pivot": [
                25,
                15.27259,
                6.85387
              ],
              "rotation": [
                -20,
                0,
                0
              ],
              "size": [
                50,
                3,
                2
              ],
              "uv": {
                "down": {
                  "uv": [
                    0,
                    4
                  ],
                  "uv_size": [
                    126,
                    5
                  ]
                },
                "east": {
                  "uv": [
                    0,
                    7
                  ],
                  "uv_size": [
                    6,
                    9
                  ]
                },
                "north": {
                  "uv": [
                    0,
                    8
                  ],
                  "uv_size": [
                    126,
                    8
                  ]
                },
                "south": {
                  "uv": [
                    0,
                    8
                  ],
                  "uv_size": [
                    126,
                    8
                  ]
                },
                "up": {
                  "uv": [
                    0,
                    4
                  ],
                  "uv_size": [
                    126,
                    5
                  ]
                },
                "west": {
                  "uv": [
                    0,
                    7
                  ],
                  "uv_size": [
                    6,
                    9
                  ]
                }
              }
            },
            {
              "origin": [
                9.25,
                22.5,
                10
              ],
              "pivot": [
                11.5,
                30,
                1
              ],
              "rotation": [
                -20,
                0,
                0
              ],
              "size": [
                19,
                12,
                0
              ],
              "uv": {
                "down": {
                  "uv": [
                    25,
                    0
                  ],
                  "uv_size": [
                    -25,
                    0
                  ]
                },
                "east": {
                  "uv": [
                    0,
                    0
                  ],
                  "uv_size": [
                    0,
                    7
                  ]
                },
                "north": {
                  "uv": [
                    12,
                    102
                  ],
                  "uv_size": [
                    38,
                    24
                  ]
                },
                "south": {
                  "uv": [
                    0,
                    119
                  ],
                  "uv_size": [
                    17,
                    7
                  ]
                },
                "up": {
                  "uv": [
                    25,
                    0
                  ],
                  "uv_size": [
                    -25,
                    0
                  ]
                },
                "west": {
                  "uv": [
                    0,
                    0
                  ],
                  "uv_size": [
                    0,
                    7
                  ]
                }
              }
            },
            {
              "origin": [
                -9.75,
                22.5,
                10
              ],
              "pivot": [
                11.5,
                30,
                1
              ],
              "rotation": [
                -20,
                0,
                0
              ],
              "size": [
                19,
                12,
                0
              ],
              "uv": {
                "down": {
                  "uv": [
                    25,
                    0
                  ],
                  "uv_size": [
                    -25,
                    0
                  ]
                },
                "east": {
                  "uv": [
                    0,
                    0
                  ],
                  "uv_size": [
                    0,
                    7
                  ]
                },
                "north": {
                  "uv": [
                    90,
                    78
                  ],
                  "uv_size": [
                    38,
                    24
                  ]
                },
                "south": {
                  "uv": [
                    0,
                    119
                  ],
                  "uv_size": [
                    17,
                    7
                  ]
                },
                "up": {
                  "uv": [
                    25,
                    0
                  ],
                  "uv_size": [
                    -25,
                    0
                  ]
                },
                "west": {
                  "uv": [
                    0,
                    0
                  ],
                  "uv_size": [
                    0,
                    7
                  ]
                }
              }
            },
            {
              "origin": [
                -28.75,
                22.5,
                10
              ],
              "pivot": [
                11.5,
                30,
                1
              ],
              "rotation": [
                -20,
                0,
                0
              ],
              "size": [
                19,
                12,
                0
              ],
              "uv": {
                "down": {
                  "uv": [
                    25,
                    0
                  ],
                  "uv_size": [
                    -25,
                    0
                  ]
                },
                "east": {
                  "uv": [
                    0,
                    0
                  ],
                  "uv_size": [
                    0,
                    7
                  ]
                },
                "north": {
                  "uv": [
                    12.25,
                    78
                  ],
                  "uv_size": [
                    38,
                    24
                  ]
                },
                "south": {
                  "uv": [
                    0,
                    119
                  ],
                  "uv_size": [
                    17,
                    7
                  ]
                },
                "up": {
                  "uv": [
                    25,
                    0
                  ],
                  "uv_size": [
                    -25,
                    0
                  ]
                },
                "west": {
                  "uv": [
                    0,
                    0
                  ],
                  "uv_size": [
                    0,
                    7
                  ]
                }
              }
            }
          ],
          "name": "head",
          "pivot": [
            0,
            0,
            0
          ]
        }
      ],
      "description": {
        "identifier": "geometry.furniture.hub.bench",
        "texture_height": 128,
        "texture_width": 128,
        "visible_bounds_height": 4,
        "visible_bounds_offset": [
          0,
          1,
          0
        ],
        "visible_bounds_width": 5
      }
    }
  ]
}