{
  "format_version": "1.12.0",
  "minecraft:geometry": [
    {
      "bones": [
        {
          "name": "item",
          "pivot": [
            -0.45297,
            9.6911,
            0.00008
          ]
        },
        {
          "cubes": [
            {
              "origin": [
                -3,
                0,
                -7
              ],
              "size": [
                0,
                17,
                14
              ],
              "uv": {
                "down": {
                  "uv": [
                    14,
                    31
                  ],
                  "uv_size": [
                    0,
                    -14
                  ]
                },
                "east": {
                  "uv": [
                    0,
                    6
                  ],
                  "uv_size": [
                    14,
                    17
                  ]
                },
                "north": {
                  "uv": [
                    14,
                    31
                  ],
                  "uv_size": [
                    0,
                    17
                  ]
                },
                "south": {
                  "uv": [
                    28,
                    31
                  ],
                  "uv_size": [
                    0,
                    17
                  ]
                },
                "up": {
                  "uv": [
                    14,
                    17
                  ],
                  "uv_size": [
                    0,
                    14
                  ]
                }
              }
            },
            {
              "origin": [
                -2.9,
                15.2,
                -5
              ],
              "pivot": [
                -2.9,
                18.2,
                0
              ],
              "rotation": [
                0,
                0,
                7.5
              ],
              "size": [
                0,
                3,
                10
              ],
              "uv": {
                "down": {
                  "uv": [
                    10,
                    10
                  ],
                  "uv_size": [
                    0,
                    -10
                  ]
                },
                "east": {
                  "uv": [
                    0,
                    3
                  ],
                  "uv_size": [
                    10,
                    3
                  ]
                },
                "north": {
                  "uv": [
                    10,
                    10
                  ],
                  "uv_size": [
                    0,
                    3
                  ]
                },
                "south": {
                  "uv": [
                    20,
                    10
                  ],
                  "uv_size": [
                    0,
                    3
                  ]
                },
                "up": {
                  "uv": [
                    10,
                    0
                  ],
                  "uv_size": [
                    0,
                    10
                  ]
                }
              }
            },
            {
              "origin": [
                2.9,
                16,
                -5.4
              ],
              "pivot": [
                4.9,
                18.2,
                0
              ],
              "rotation": [
                0,
                0,
                -7.5
              ],
              "size": [
                0,
                5,
                10
              ],
              "uv": {
                "down": {
                  "uv": [
                    38,
                    15
                  ],
                  "uv_size": [
                    0,
                    -10
                  ]
                },
                "east": {
                  "uv": [
                    28,
                    15
                  ],
                  "uv_size": [
                    10,
                    5
                  ]
                },
                "north": {
                  "uv": [
                    38,
                    15
                  ],
                  "uv_size": [
                    0,
                    5
                  ]
                },
                "south": {
                  "uv": [
                    48,
                    15
                  ],
                  "uv_size": [
                    0,
                    5
                  ]
                },
                "up": {
                  "uv": [
                    38,
                    5
                  ],
                  "uv_size": [
                    0,
                    10
                  ]
                },
                "west": {
                  "uv": [
                    9,
                    0
                  ],
                  "uv_size": [
                    10,
                    5
                  ]
                }
              }
            },
            {
              "origin": [
                -2.92851,
                18.10957,
                -5
              ],
              "pivot": [
                -2.79799,
                18.11813,
                0
              ],
              "rotation": [
                0,
                0,
                42.5
              ],
              "size": [
                0,
                2,
                10
              ],
              "uv": {
                "down": {
                  "uv": [
                    30,
                    10
                  ],
                  "uv_size": [
                    0,
                    -10
                  ]
                },
                "east": {
                  "uv": [
                    0,
                    1
                  ],
                  "uv_size": [
                    10,
                    2
                  ]
                },
                "north": {
                  "uv": [
                    30,
                    10
                  ],
                  "uv_size": [
                    0,
                    2
                  ]
                },
                "south": {
                  "uv": [
                    40,
                    10
                  ],
                  "uv_size": [
                    0,
                    2
                  ]
                },
                "up": {
                  "uv": [
                    30,
                    0
                  ],
                  "uv_size": [
                    0,
                    10
                  ]
                },
                "west": {
                  "uv": [
                    30,
                    10
                  ],
                  "uv_size": [
                    10,
                    2
                  ]
                }
              }
            },
            {
              "origin": [
                -1.68547,
                19.55477,
                -5
              ],
              "pivot": [
                -1.532,
                19.51723,
                0
              ],
              "rotation": [
                0,
                0,
                70
              ],
              "size": [
                0,
                1,
                10
              ],
              "uv": {
                "down": {
                  "uv": [
                    10,
                    13
                  ],
                  "uv_size": [
                    0,
                    -10
                  ]
                },
                "east": {
                  "uv": [
                    0,
                    0
                  ],
                  "uv_size": [
                    10,
                    1
                  ]
                },
                "north": {
                  "uv": [
                    10,
                    13
                  ],
                  "uv_size": [
                    0,
                    1
                  ]
                },
                "south": {
                  "uv": [
                    20,
                    13
                  ],
                  "uv_size": [
                    0,
                    1
                  ]
                },
                "up": {
                  "uv": [
                    10,
                    3
                  ],
                  "uv_size": [
                    0,
                    10
                  ]
                }
              }
            },
            {
              "inflate": -0.2,
              "origin": [
                -3,
                -0.1,
                -7
              ],
              "size": [
                6,
                1,
                14
              ],
              "uv": {
                "down": {
                  "uv": [
                    20,
                    14
                  ],
                  "uv_size": [
                    6,
                    -14
                  ]
                },
                "east": {
                  "uv": [
                    28,
                    14
                  ],
                  "uv_size": [
                    14,
                    1
                  ]
                },
                "north": {
                  "uv": [
                    42,
                    14
                  ],
                  "uv_size": [
                    6,
                    1
                  ]
                },
                "south": {
                  "uv": [
                    62,
                    14
                  ],
                  "uv_size": [
                    6,
                    1
                  ]
                },
                "west": {
                  "uv": [
                    48,
                    14
                  ],
                  "uv_size": [
                    14,
                    1
                  ]
                }
              }
            },
            {
              "origin": [
                -3,
                0.11,
                -6.6
              ],
              "size": [
                5,
                0,
                1
              ],
              "uv": {
                "down": {
                  "uv": [
                    21,
                    15
                  ],
                  "uv_size": [
                    5,
                    -1
                  ]
                },
                "east": {
                  "uv": [
                    0,
                    58
                  ],
                  "uv_size": [
                    1,
                    0
                  ]
                },
                "north": {
                  "uv": [
                    1,
                    58
                  ],
                  "uv_size": [
                    5,
                    0
                  ]
                },
                "south": {
                  "uv": [
                    7,
                    58
                  ],
                  "uv_size": [
                    5,
                    0
                  ]
                },
                "west": {
                  "uv": [
                    6,
                    58
                  ],
                  "uv_size": [
                    1,
                    0
                  ]
                }
              }
            },
            {
              "origin": [
                -3,
                0.11,
                5.6
              ],
              "size": [
                5,
                0,
                1
              ],
              "uv": {
                "down": {
                  "uv": [
                    21,
                    15
                  ],
                  "uv_size": [
                    5,
                    -1
                  ]
                },
                "east": {
                  "uv": [
                    0,
                    58
                  ],
                  "uv_size": [
                    1,
                    0
                  ]
                },
                "north": {
                  "uv": [
                    1,
                    58
                  ],
                  "uv_size": [
                    5,
                    0
                  ]
                },
                "south": {
                  "uv": [
                    7,
                    58
                  ],
                  "uv_size": [
                    5,
                    0
                  ]
                },
                "west": {
                  "uv": [
                    6,
                    58
                  ],
                  "uv_size": [
                    1,
                    0
                  ]
                }
              }
            },
            {
              "origin": [
                2.90833,
                0,
                -6.99902
              ],
              "size": [
                0,
                17,
                14
              ],
              "uv": {
                "down": {
                  "uv": [
                    14,
                    31
                  ],
                  "uv_size": [
                    0,
                    -14
                  ]
                },
                "east": {
                  "uv": [
                    0,
                    6
                  ],
                  "uv_size": [
                    14,
                    17
                  ]
                },
                "north": {
                  "uv": [
                    14,
                    31
                  ],
                  "uv_size": [
                    0,
                    17
                  ]
                },
                "south": {
                  "uv": [
                    28,
                    31
                  ],
                  "uv_size": [
                    0,
                    17
                  ]
                },
                "up": {
                  "uv": [
                    14,
                    17
                  ],
                  "uv_size": [
                    0,
                    14
                  ]
                }
              }
            },
            {
              "origin": [
                -3,
                0,
                -7
              ],
              "pivot": [
                -3,
                8.5,
                -7
              ],
              "rotation": [
                0,
                -10,
                0
              ],
              "size": [
                3,
                17,
                0
              ],
              "uv": {
                "down": {
                  "uv": [
                    37,
                    37
                  ],
                  "uv_size": [
                    3,
                    0
                  ]
                },
                "east": {
                  "uv": [
                    34,
                    37
                  ],
                  "uv_size": [
                    0,
                    17
                  ]
                },
                "north": {
                  "uv": [
                    17,
                    6
                  ],
                  "uv_size": [
                    3,
                    17
                  ]
                },
                "up": {
                  "uv": [
                    34,
                    37
                  ],
                  "uv_size": [
                    3,
                    0
                  ]
                },
                "west": {
                  "uv": [
                    37,
                    37
                  ],
                  "uv_size": [
                    0,
                    17
                  ]
                }
              }
            },
            {
              "origin": [
                -0.0915,
                0,
                -7
              ],
              "pivot": [
                2.9085,
                8.5,
                -7
              ],
              "rotation": [
                0,
                10,
                0
              ],
              "size": [
                3,
                17,
                0
              ],
              "uv": {
                "down": {
                  "uv": [
                    31,
                    37
                  ],
                  "uv_size": [
                    3,
                    0
                  ]
                },
                "east": {
                  "uv": [
                    28,
                    37
                  ],
                  "uv_size": [
                    0,
                    17
                  ]
                },
                "north": {
                  "uv": [
                    14,
                    6
                  ],
                  "uv_size": [
                    3,
                    17
                  ]
                },
                "up": {
                  "uv": [
                    28,
                    37
                  ],
                  "uv_size": [
                    3,
                    0
                  ]
                },
                "west": {
                  "uv": [
                    31,
                    37
                  ],
                  "uv_size": [
                    0,
                    17
                  ]
                }
              }
            },
            {
              "origin": [
                -0.0915,
                0,
                7
              ],
              "pivot": [
                2.9085,
                8.5,
                7
              ],
              "rotation": [
                0,
                -10,
                0
              ],
              "size": [
                3,
                17,
                0
              ],
              "uv": {
                "down": {
                  "uv": [
                    31,
                    37
                  ],
                  "uv_size": [
                    3,
                    0
                  ]
                },
                "east": {
                  "uv": [
                    28,
                    37
                  ],
                  "uv_size": [
                    0,
                    17
                  ]
                },
                "north": {
                  "uv": [
                    14,
                    6
                  ],
                  "uv_size": [
                    3,
                    17
                  ]
                },
                "up": {
                  "uv": [
                    28,
                    37
                  ],
                  "uv_size": [
                    3,
                    0
                  ]
                },
                "west": {
                  "uv": [
                    31,
                    37
                  ],
                  "uv_size": [
                    0,
                    17
                  ]
                }
              }
            },
            {
              "origin": [
                -3,
                0,
                7
              ],
              "pivot": [
                -3,
                8.5,
                7
              ],
              "rotation": [
                0,
                10,
                0
              ],
              "size": [
                3,
                17,
                0
              ],
              "uv": {
                "down": {
                  "uv": [
                    37,
                    37
                  ],
                  "uv_size": [
                    3,
                    0
                  ]
                },
                "east": {
                  "uv": [
                    34,
                    37
                  ],
                  "uv_size": [
                    0,
                    17
                  ]
                },
                "north": {
                  "uv": [
                    17,
                    6
                  ],
                  "uv_size": [
                    3,
                    17
                  ]
                },
                "up": {
                  "uv": [
                    34,
                    37
                  ],
                  "uv_size": [
                    3,
                    0
                  ]
                },
                "west": {
                  "uv": [
                    37,
                    37
                  ],
                  "uv_size": [
                    0,
                    17
                  ]
                }
              }
            }
          ],
          "name": "spin",
          "parent": "item",
          "pivot": [
            -0.45297,
            9.6911,
            0.00008
          ]
        }
      ],
      "description": {
        "identifier": "geometry.content.menu",
        "texture_height": 32,
        "texture_width": 32,
        "visible_bounds_height": 3.5,
        "visible_bounds_offset": [
          0,
          1.25,
          0
        ],
        "visible_bounds_width": 3
      }
    }
  ]
}