{
  "format_version": "1.12.0",
  "minecraft:geometry": [
    {
      "bones": [
        {
          "name": "cube",
          "pivot": [
            0,
            0,
            -2
          ],
          "rotation": [
            45,
            180,
            0
          ]
        },
        {
          "cubes": [
            {
              "origin": [
                0.5,
                -14,
                -15.25
              ],
              "pivot": [
                0,
                0,
                0
              ],
              "rotation": [
                90,
                0,
                0
              ],
              "size": [
                0,
                14,
                14
              ],
              "uv": {
                "down": {
                  "uv": [
                    43,
                    16
                  ],
                  "uv_size": [
                    0,
                    0
                  ]
                },
                "east": {
                  "uv": [
                    16,
                    0
                  ],
                  "uv_size": [
                    16,
                    16
                  ]
                },
                "north": {
                  "uv": [
                    43,
                    16
                  ],
                  "uv_size": [
                    0,
                    0
                  ]
                },
                "south": {
                  "uv": [
                    43,
                    16
                  ],
                  "uv_size": [
                    0,
                    0
                  ]
                },
                "up": {
                  "uv": [
                    43,
                    16
                  ],
                  "uv_size": [
                    0,
                    0
                  ]
                },
                "west": {
                  "uv": [
                    32,
                    0
                  ],
                  "uv_size": [
                    -16,
                    16
                  ]
                }
              }
            },
            {
              "origin": [
                1.25,
                -0.5,
                0
              ],
              "size": [
                14,
                0,
                14
              ],
              "uv": {
                "down": {
                  "uv": [
                    16,
                    0
                  ],
                  "uv_size": [
                    -16,
                    16
                  ]
                },
                "east": {
                  "uv": [
                    42,
                    16
                  ],
                  "uv_size": [
                    0,
                    0
                  ]
                },
                "north": {
                  "uv": [
                    43,
                    16
                  ],
                  "uv_size": [
                    0,
                    0
                  ]
                },
                "south": {
                  "uv": [
                    43,
                    16
                  ],
                  "uv_size": [
                    0,
                    0
                  ]
                },
                "up": {
                  "uv": [
                    16,
                    16
                  ],
                  "uv_size": [
                    -16,
                    -16
                  ]
                },
                "west": {
                  "uv": [
                    42,
                    16
                  ],
                  "uv_size": [
                    0,
                    0
                  ]
                }
              }
            },
            {
              "origin": [
                -15.25,
                1.25,
                14.75
              ],
              "pivot": [
                0,
                0,
                0
              ],
              "rotation": [
                0,
                0,
                -180
              ],
              "size": [
                14,
                14,
                0
              ],
              "uv": {
                "down": {
                  "uv": [
                    43,
                    16
                  ],
                  "uv_size": [
                    0,
                    0
                  ]
                },
                "east": {
                  "uv": [
                    42,
                    16
                  ],
                  "uv_size": [
                    0,
                    0
                  ]
                },
                "north": {
                  "uv": [
                    16,
                    16
                  ],
                  "uv_size": [
                    16,
                    -16
                  ]
                },
                "south": {
                  "uv": [
                    32,
                    16
                  ],
                  "uv_size": [
                    -16,
                    -16
                  ]
                },
                "up": {
                  "uv": [
                    43,
                    16
                  ],
                  "uv_size": [
                    0,
                    0
                  ]
                },
                "west": {
                  "uv": [
                    42,
                    16
                  ],
                  "uv_size": [
                    0,
                    0
                  ]
                }
              }
            }
          ],
          "name": "bone",
          "parent": "cube",
          "pivot": [
            0,
            0,
            0
          ],
          "rotation": [
            0,
            0,
            -135
          ]
        }
      ],
      "description": {
        "identifier": "geometry.cubecraft.logo_sheen",
        "texture_height": 16,
        "texture_width": 88,
        "visible_bounds_height": 3.5,
        "visible_bounds_offset": [
          0,
          1.25,
          0
        ],
        "visible_bounds_width": 8
      }
    }
  ]
}