{
  "format_version": "1.12.0",
  "minecraft:geometry": [
    {
      "bones": [
        {
          "cubes": [
            {
              "origin": [
                -12.75,
                0.1,
                -9.25
              ],
              "pivot": [
                8.5,
                0,
                0
              ],
              "rotation": [
                -90,
                0,
                45
              ],
              "size": [
                14,
                14,
                14
              ],
              "uv": {
                "down": {
                  "uv": [
                    0,
                    0
                  ],
                  "uv_size": [
                    0,
                    0
                  ]
                },
                "east": {
                  "uv": [
                    0,
                    0
                  ],
                  "uv_size": [
                    0,
                    0
                  ]
                },
                "north": {
                  "uv": [
                    0,
                    0
                  ],
                  "uv_size": [
                    0,
                    0
                  ]
                },
                "south": {
                  "uv": [
                    356,
                    355
                  ],
                  "uv_size": [
                    56,
                    56
                  ]
                },
                "up": {
                  "uv": [
                    284,
                    156
                  ],
                  "uv_size": [
                    -56,
                    -56
                  ]
                },
                "west": {
                  "uv": [
                    100,
                    355
                  ],
                  "uv_size": [
                    56,
                    56
                  ]
                }
              }
            }
          ],
          "name": "cube",
          "pivot": [
            0,
            0,
            -2
          ],
          "rotation": [
            45,
            180,
            0
          ]
        }
      ],
      "description": {
        "identifier": "geometry.cubecraft.logo_reflection",
        "texture_height": 512,
        "texture_width": 512,
        "visible_bounds_height": 3.5,
        "visible_bounds_offset": [
          0,
          1.25,
          0
        ],
        "visible_bounds_width": 8
      }
    }
  ]
}