{
  "format_version": "1.12.0",
  "minecraft:geometry": [
    {
      "bones": [
        {
          "name": "body",
          "pivot": [
            -16,
            0,
            31
          ],
          "rotation": [
            0,
            -90,
            0
          ]
        },
        {
          "name": "player1",
          "parent": "body",
          "pivot": [
            -42,
            0,
            15
          ],
          "rotation": [
            0,
            90,
            0
          ]
        },
        {
          "cubes": [
            {
              "origin": [
                -46,
                12,
                13
              ],
              "size": [
                8,
                12,
                4
              ],
              "uv": {
                "down": {
                  "uv": [
                    36,
                    20
                  ],
                  "uv_size": [
                    -8,
                    -4
                  ]
                },
                "east": {
                  "uv": [
                    28,
                    20
                  ],
                  "uv_size": [
                    5,
                    12
                  ]
                },
                "north": {
                  "uv": [
                    33,
                    20
                  ],
                  "uv_size": [
                    7,
                    12
                  ]
                },
                "south": {
                  "uv": [
                    20,
                    20
                  ],
                  "uv_size": [
                    8,
                    12
                  ]
                },
                "up": {
                  "uv": [
                    28,
                    20
                  ],
                  "uv_size": [
                    -8,
                    -4
                  ]
                },
                "west": {
                  "uv": [
                    16,
                    20
                  ],
                  "uv_size": [
                    4,
                    12
                  ]
                }
              }
            },
            {
              "origin": [
                -46,
                12,
                12.75
              ],
              "size": [
                8,
                12,
                4.5
              ],
              "uv": {
                "down": {
                  "uv": [
                    36,
                    36
                  ],
                  "uv_size": [
                    -8,
                    -4
                  ]
                },
                "east": {
                  "uv": [
                    28,
                    36
                  ],
                  "uv_size": [
                    5,
                    12
                  ]
                },
                "north": {
                  "uv": [
                    33,
                    36
                  ],
                  "uv_size": [
                    7,
                    12
                  ]
                },
                "south": {
                  "uv": [
                    20,
                    36
                  ],
                  "uv_size": [
                    8,
                    12
                  ]
                },
                "up": {
                  "uv": [
                    28,
                    36
                  ],
                  "uv_size": [
                    -8,
                    -4
                  ]
                },
                "west": {
                  "uv": [
                    16,
                    36
                  ],
                  "uv_size": [
                    4,
                    12
                  ]
                }
              }
            }
          ],
          "locators": {
            "dust_body": [
              -42,
              12,
              15
            ]
          },
          "name": "body1",
          "parent": "player1",
          "pivot": [
            -42,
            24,
            15
          ]
        },
        {
          "cubes": [
            {
              "origin": [
                -46,
                24,
                11
              ],
              "size": [
                8,
                8,
                8
              ],
              "uv": {
                "down": {
                  "uv": [
                    24,
                    8
                  ],
                  "uv_size": [
                    -8,
                    -8
                  ]
                },
                "east": {
                  "uv": [
                    16,
                    8
                  ],
                  "uv_size": [
                    8,
                    8
                  ]
                },
                "north": {
                  "uv": [
                    24,
                    8
                  ],
                  "uv_size": [
                    8,
                    8
                  ]
                },
                "south": {
                  "uv": [
                    8,
                    8
                  ],
                  "uv_size": [
                    8,
                    8
                  ]
                },
                "up": {
                  "uv": [
                    16,
                    8
                  ],
                  "uv_size": [
                    -8,
                    -8
                  ]
                },
                "west": {
                  "uv": [
                    0,
                    8
                  ],
                  "uv_size": [
                    8,
                    8
                  ]
                }
              }
            },
            {
              "origin": [
                -46.25,
                23.75,
                10.75
              ],
              "size": [
                8.5,
                8.5,
                8.5
              ],
              "uv": {
                "down": {
                  "uv": [
                    56,
                    8
                  ],
                  "uv_size": [
                    -8,
                    -8
                  ]
                },
                "east": {
                  "uv": [
                    48,
                    8
                  ],
                  "uv_size": [
                    8,
                    8
                  ]
                },
                "north": {
                  "uv": [
                    56,
                    8
                  ],
                  "uv_size": [
                    8,
                    8
                  ]
                },
                "south": {
                  "uv": [
                    40,
                    8
                  ],
                  "uv_size": [
                    8,
                    8
                  ]
                },
                "up": {
                  "uv": [
                    48,
                    8
                  ],
                  "uv_size": [
                    -8,
                    -8
                  ]
                },
                "west": {
                  "uv": [
                    32,
                    8
                  ],
                  "uv_size": [
                    8,
                    8
                  ]
                }
              }
            }
          ],
          "locators": {
            "dust_head": [
              -42,
              24,
              15
            ]
          },
          "name": "head1",
          "parent": "body1",
          "pivot": [
            -42,
            24,
            15
          ]
        },
        {
          "cubes": [
            {
              "origin": [
                -50,
                12,
                13
              ],
              "size": [
                4,
                12,
                4
              ],
              "uv": {
                "down": {
                  "uv": [
                    44,
                    52
                  ],
                  "uv_size": [
                    -4,
                    -4
                  ]
                },
                "east": {
                  "uv": [
                    40,
                    52
                  ],
                  "uv_size": [
                    4,
                    12
                  ]
                },
                "north": {
                  "uv": [
                    44,
                    52
                  ],
                  "uv_size": [
                    4,
                    12
                  ]
                },
                "south": {
                  "uv": [
                    36,
                    52
                  ],
                  "uv_size": [
                    4,
                    12
                  ]
                },
                "up": {
                  "uv": [
                    40,
                    52
                  ],
                  "uv_size": [
                    -4,
                    -4
                  ]
                },
                "west": {
                  "uv": [
                    32,
                    52
                  ],
                  "uv_size": [
                    4,
                    12
                  ]
                }
              }
            },
            {
              "origin": [
                -50.25,
                12,
                12.75
              ],
              "size": [
                4.5,
                12,
                4.5
              ],
              "uv": {
                "down": {
                  "uv": [
                    60,
                    52
                  ],
                  "uv_size": [
                    -4,
                    -4
                  ]
                },
                "east": {
                  "uv": [
                    56,
                    52
                  ],
                  "uv_size": [
                    4,
                    12
                  ]
                },
                "north": {
                  "uv": [
                    60,
                    52
                  ],
                  "uv_size": [
                    4,
                    12
                  ]
                },
                "south": {
                  "uv": [
                    52,
                    52
                  ],
                  "uv_size": [
                    4,
                    12
                  ]
                },
                "up": {
                  "uv": [
                    56,
                    52
                  ],
                  "uv_size": [
                    -4,
                    -4
                  ]
                },
                "west": {
                  "uv": [
                    48,
                    52
                  ],
                  "uv_size": [
                    4,
                    12
                  ]
                }
              }
            }
          ],
          "locators": {
            "dust_arml": [
              -48,
              12,
              15
            ]
          },
          "name": "leftArm1",
          "parent": "body1",
          "pivot": [
            -47,
            22,
            15
          ]
        },
        {
          "cubes": [
            {
              "origin": [
                -38,
                12,
                13
              ],
              "size": [
                4,
                12,
                4
              ],
              "uv": {
                "down": {
                  "uv": [
                    52,
                    20
                  ],
                  "uv_size": [
                    -4,
                    -4
                  ]
                },
                "east": {
                  "uv": [
                    48,
                    20
                  ],
                  "uv_size": [
                    4,
                    12
                  ]
                },
                "north": {
                  "uv": [
                    52,
                    20
                  ],
                  "uv_size": [
                    4,
                    12
                  ]
                },
                "south": {
                  "uv": [
                    44,
                    20
                  ],
                  "uv_size": [
                    4,
                    12
                  ]
                },
                "up": {
                  "uv": [
                    48,
                    20
                  ],
                  "uv_size": [
                    -4,
                    -4
                  ]
                },
                "west": {
                  "uv": [
                    40,
                    20
                  ],
                  "uv_size": [
                    4,
                    12
                  ]
                }
              }
            },
            {
              "origin": [
                -38.25,
                12,
                12.75
              ],
              "size": [
                4.5,
                12,
                4.5
              ],
              "uv": {
                "down": {
                  "uv": [
                    52,
                    36
                  ],
                  "uv_size": [
                    -4,
                    -4
                  ]
                },
                "east": {
                  "uv": [
                    48,
                    36
                  ],
                  "uv_size": [
                    4,
                    12
                  ]
                },
                "north": {
                  "uv": [
                    52,
                    36
                  ],
                  "uv_size": [
                    4,
                    12
                  ]
                },
                "south": {
                  "uv": [
                    44,
                    36
                  ],
                  "uv_size": [
                    4,
                    12
                  ]
                },
                "up": {
                  "uv": [
                    48,
                    36
                  ],
                  "uv_size": [
                    -4,
                    -4
                  ]
                },
                "west": {
                  "uv": [
                    40,
                    36
                  ],
                  "uv_size": [
                    4,
                    12
                  ]
                }
              }
            }
          ],
          "locators": {
            "dust_armr": [
              -36,
              12,
              15
            ]
          },
          "name": "rightArm1",
          "parent": "body1",
          "pivot": [
            -37,
            22,
            15
          ]
        },
        {
          "cubes": [
            {
              "origin": [
                -36,
                10,
                13
              ],
              "size": [
                0,
                16,
                16
              ],
              "uv": {
                "east": {
                  "uv": [
                    16,
                    64
                  ],
                  "uv_size": [
                    -16,
                    16
                  ]
                }
              }
            }
          ],
          "name": "rightItem1",
          "parent": "rightArm1",
          "pivot": [
            -37,
            13,
            15
          ]
        },
        {
          "cubes": [
            {
              "origin": [
                -45.9,
                0,
                13
              ],
              "size": [
                4,
                12,
                4
              ],
              "uv": {
                "down": {
                  "uv": [
                    28,
                    52
                  ],
                  "uv_size": [
                    -4,
                    -4
                  ]
                },
                "east": {
                  "uv": [
                    24,
                    52
                  ],
                  "uv_size": [
                    4,
                    12
                  ]
                },
                "north": {
                  "uv": [
                    28,
                    52
                  ],
                  "uv_size": [
                    4,
                    12
                  ]
                },
                "south": {
                  "uv": [
                    20,
                    52
                  ],
                  "uv_size": [
                    4,
                    12
                  ]
                },
                "up": {
                  "uv": [
                    24,
                    52
                  ],
                  "uv_size": [
                    -4,
                    -4
                  ]
                },
                "west": {
                  "uv": [
                    16,
                    52
                  ],
                  "uv_size": [
                    4,
                    12
                  ]
                }
              }
            },
            {
              "origin": [
                -46.15,
                0,
                12.75
              ],
              "size": [
                4.5,
                12,
                4.5
              ],
              "uv": {
                "down": {
                  "uv": [
                    12,
                    52
                  ],
                  "uv_size": [
                    -4,
                    -4
                  ]
                },
                "east": {
                  "uv": [
                    8,
                    52
                  ],
                  "uv_size": [
                    4,
                    12
                  ]
                },
                "north": {
                  "uv": [
                    12,
                    52
                  ],
                  "uv_size": [
                    4,
                    12
                  ]
                },
                "south": {
                  "uv": [
                    4,
                    52
                  ],
                  "uv_size": [
                    4,
                    12
                  ]
                },
                "up": {
                  "uv": [
                    8,
                    52
                  ],
                  "uv_size": [
                    -4,
                    -4
                  ]
                },
                "west": {
                  "uv": [
                    0,
                    52
                  ],
                  "uv_size": [
                    4,
                    12
                  ]
                }
              }
            }
          ],
          "locators": {
            "dust_legl": [
              -44,
              0,
              15
            ]
          },
          "name": "leftLeg1",
          "parent": "body1",
          "pivot": [
            -43.9,
            12,
            15
          ]
        },
        {
          "cubes": [
            {
              "origin": [
                -42.1,
                0,
                13
              ],
              "size": [
                4,
                12,
                4
              ],
              "uv": {
                "down": {
                  "uv": [
                    12,
                    20
                  ],
                  "uv_size": [
                    -4,
                    -4
                  ]
                },
                "east": {
                  "uv": [
                    8,
                    20
                  ],
                  "uv_size": [
                    4,
                    12
                  ]
                },
                "north": {
                  "uv": [
                    12,
                    20
                  ],
                  "uv_size": [
                    4,
                    12
                  ]
                },
                "south": {
                  "uv": [
                    4,
                    20
                  ],
                  "uv_size": [
                    4,
                    12
                  ]
                },
                "up": {
                  "uv": [
                    8,
                    20
                  ],
                  "uv_size": [
                    -4,
                    -4
                  ]
                },
                "west": {
                  "uv": [
                    0,
                    20
                  ],
                  "uv_size": [
                    4,
                    12
                  ]
                }
              }
            },
            {
              "origin": [
                -42.35,
                0,
                12.75
              ],
              "size": [
                4.5,
                12,
                4.5
              ],
              "uv": {
                "down": {
                  "uv": [
                    12,
                    36
                  ],
                  "uv_size": [
                    -4,
                    -4
                  ]
                },
                "east": {
                  "uv": [
                    8,
                    36
                  ],
                  "uv_size": [
                    4,
                    12
                  ]
                },
                "north": {
                  "uv": [
                    12,
                    36
                  ],
                  "uv_size": [
                    4,
                    12
                  ]
                },
                "south": {
                  "uv": [
                    4,
                    36
                  ],
                  "uv_size": [
                    4,
                    12
                  ]
                },
                "up": {
                  "uv": [
                    8,
                    36
                  ],
                  "uv_size": [
                    -4,
                    -4
                  ]
                },
                "west": {
                  "uv": [
                    0,
                    36
                  ],
                  "uv_size": [
                    4,
                    12
                  ]
                }
              }
            }
          ],
          "locators": {
            "dust_legr": [
              -40,
              0,
              15
            ]
          },
          "name": "rightLeg1",
          "parent": "body1",
          "pivot": [
            -40.1,
            12,
            15
          ]
        },
        {
          "name": "player2",
          "parent": "body",
          "pivot": [
            -24,
            0,
            15
          ],
          "rotation": [
            0,
            -90,
            0
          ]
        },
        {
          "cubes": [
            {
              "origin": [
                -28,
                12,
                13
              ],
              "size": [
                8,
                12,
                4
              ],
              "uv": {
                "down": {
                  "uv": [
                    100,
                    20
                  ],
                  "uv_size": [
                    -8,
                    -4
                  ]
                },
                "east": {
                  "uv": [
                    92,
                    20
                  ],
                  "uv_size": [
                    5,
                    12
                  ]
                },
                "north": {
                  "uv": [
                    97,
                    20
                  ],
                  "uv_size": [
                    7,
                    12
                  ]
                },
                "south": {
                  "uv": [
                    84,
                    20
                  ],
                  "uv_size": [
                    8,
                    12
                  ]
                },
                "up": {
                  "uv": [
                    92,
                    20
                  ],
                  "uv_size": [
                    -8,
                    -4
                  ]
                },
                "west": {
                  "uv": [
                    80,
                    20
                  ],
                  "uv_size": [
                    4,
                    12
                  ]
                }
              }
            },
            {
              "origin": [
                -28,
                12,
                12.75
              ],
              "size": [
                8,
                12,
                4.5
              ],
              "uv": {
                "down": {
                  "uv": [
                    100,
                    36
                  ],
                  "uv_size": [
                    -8,
                    -4
                  ]
                },
                "east": {
                  "uv": [
                    92,
                    36
                  ],
                  "uv_size": [
                    5,
                    12
                  ]
                },
                "north": {
                  "uv": [
                    97,
                    36
                  ],
                  "uv_size": [
                    7,
                    12
                  ]
                },
                "south": {
                  "uv": [
                    84,
                    36
                  ],
                  "uv_size": [
                    8,
                    12
                  ]
                },
                "up": {
                  "uv": [
                    92,
                    36
                  ],
                  "uv_size": [
                    -8,
                    -4
                  ]
                },
                "west": {
                  "uv": [
                    80,
                    36
                  ],
                  "uv_size": [
                    4,
                    12
                  ]
                }
              }
            }
          ],
          "name": "body2",
          "parent": "player2",
          "pivot": [
            -24,
            24,
            15
          ]
        },
        {
          "cubes": [
            {
              "origin": [
                -28,
                24,
                11
              ],
              "size": [
                8,
                8,
                8
              ],
              "uv": {
                "down": {
                  "uv": [
                    88,
                    8
                  ],
                  "uv_size": [
                    -8,
                    -8
                  ]
                },
                "east": {
                  "uv": [
                    80,
                    8
                  ],
                  "uv_size": [
                    8,
                    8
                  ]
                },
                "north": {
                  "uv": [
                    88,
                    8
                  ],
                  "uv_size": [
                    8,
                    8
                  ]
                },
                "south": {
                  "uv": [
                    72,
                    8
                  ],
                  "uv_size": [
                    8,
                    8
                  ]
                },
                "up": {
                  "uv": [
                    80,
                    8
                  ],
                  "uv_size": [
                    -8,
                    -8
                  ]
                },
                "west": {
                  "uv": [
                    64,
                    8
                  ],
                  "uv_size": [
                    8,
                    8
                  ]
                }
              }
            },
            {
              "origin": [
                -28.25,
                23.75,
                10.75
              ],
              "size": [
                8.5,
                8.5,
                8.5
              ],
              "uv": {
                "down": {
                  "uv": [
                    120,
                    8
                  ],
                  "uv_size": [
                    -8,
                    -8
                  ]
                },
                "east": {
                  "uv": [
                    112,
                    8
                  ],
                  "uv_size": [
                    8,
                    8
                  ]
                },
                "north": {
                  "uv": [
                    120,
                    8
                  ],
                  "uv_size": [
                    8,
                    8
                  ]
                },
                "south": {
                  "uv": [
                    104,
                    8
                  ],
                  "uv_size": [
                    8,
                    8
                  ]
                },
                "up": {
                  "uv": [
                    112,
                    8
                  ],
                  "uv_size": [
                    -8,
                    -8
                  ]
                },
                "west": {
                  "uv": [
                    96,
                    8
                  ],
                  "uv_size": [
                    8,
                    8
                  ]
                }
              }
            }
          ],
          "name": "head2",
          "parent": "body2",
          "pivot": [
            -24,
            24,
            15
          ]
        },
        {
          "cubes": [
            {
              "origin": [
                -32,
                12,
                13
              ],
              "size": [
                4,
                12,
                4
              ],
              "uv": {
                "down": {
                  "uv": [
                    108,
                    52
                  ],
                  "uv_size": [
                    -4,
                    -4
                  ]
                },
                "east": {
                  "uv": [
                    104,
                    52
                  ],
                  "uv_size": [
                    4,
                    12
                  ]
                },
                "north": {
                  "uv": [
                    108,
                    52
                  ],
                  "uv_size": [
                    4,
                    12
                  ]
                },
                "south": {
                  "uv": [
                    100,
                    52
                  ],
                  "uv_size": [
                    4,
                    12
                  ]
                },
                "up": {
                  "uv": [
                    104,
                    52
                  ],
                  "uv_size": [
                    -4,
                    -4
                  ]
                },
                "west": {
                  "uv": [
                    96,
                    52
                  ],
                  "uv_size": [
                    4,
                    12
                  ]
                }
              }
            },
            {
              "origin": [
                -32.25,
                12,
                12.75
              ],
              "size": [
                4.5,
                12,
                4.5
              ],
              "uv": {
                "down": {
                  "uv": [
                    124,
                    52
                  ],
                  "uv_size": [
                    -4,
                    -4
                  ]
                },
                "east": {
                  "uv": [
                    120,
                    52
                  ],
                  "uv_size": [
                    4,
                    12
                  ]
                },
                "north": {
                  "uv": [
                    124,
                    52
                  ],
                  "uv_size": [
                    4,
                    12
                  ]
                },
                "south": {
                  "uv": [
                    116,
                    52
                  ],
                  "uv_size": [
                    4,
                    12
                  ]
                },
                "up": {
                  "uv": [
                    120,
                    52
                  ],
                  "uv_size": [
                    -4,
                    -4
                  ]
                },
                "west": {
                  "uv": [
                    112,
                    52
                  ],
                  "uv_size": [
                    4,
                    12
                  ]
                }
              }
            }
          ],
          "name": "leftArm2",
          "parent": "body2",
          "pivot": [
            -29,
            22,
            15
          ]
        },
        {
          "cubes": [
            {
              "origin": [
                -20,
                12,
                13
              ],
              "size": [
                4,
                12,
                4
              ],
              "uv": {
                "down": {
                  "uv": [
                    116,
                    20
                  ],
                  "uv_size": [
                    -4,
                    -4
                  ]
                },
                "east": {
                  "uv": [
                    112,
                    20
                  ],
                  "uv_size": [
                    4,
                    12
                  ]
                },
                "north": {
                  "uv": [
                    116,
                    20
                  ],
                  "uv_size": [
                    4,
                    12
                  ]
                },
                "south": {
                  "uv": [
                    108,
                    20
                  ],
                  "uv_size": [
                    4,
                    12
                  ]
                },
                "up": {
                  "uv": [
                    112,
                    20
                  ],
                  "uv_size": [
                    -4,
                    -4
                  ]
                },
                "west": {
                  "uv": [
                    104,
                    20
                  ],
                  "uv_size": [
                    4,
                    12
                  ]
                }
              }
            },
            {
              "origin": [
                -20.25,
                12,
                12.75
              ],
              "size": [
                4.5,
                12,
                4.5
              ],
              "uv": {
                "down": {
                  "uv": [
                    116,
                    36
                  ],
                  "uv_size": [
                    -4,
                    -4
                  ]
                },
                "east": {
                  "uv": [
                    112,
                    36
                  ],
                  "uv_size": [
                    4,
                    12
                  ]
                },
                "north": {
                  "uv": [
                    116,
                    36
                  ],
                  "uv_size": [
                    4,
                    12
                  ]
                },
                "south": {
                  "uv": [
                    108,
                    36
                  ],
                  "uv_size": [
                    4,
                    12
                  ]
                },
                "up": {
                  "uv": [
                    112,
                    36
                  ],
                  "uv_size": [
                    -4,
                    -4
                  ]
                },
                "west": {
                  "uv": [
                    104,
                    36
                  ],
                  "uv_size": [
                    4,
                    12
                  ]
                }
              }
            }
          ],
          "name": "rightArm2",
          "parent": "body2",
          "pivot": [
            -19,
            22,
            15
          ]
        },
        {
          "cubes": [
            {
              "origin": [
                -18,
                10,
                13
              ],
              "size": [
                0,
                16,
                16
              ],
              "uv": {
                "east": {
                  "uv": [
                    16,
                    64
                  ],
                  "uv_size": [
                    -16,
                    15
                  ]
                }
              }
            }
          ],
          "name": "rightItem2",
          "parent": "rightArm2",
          "pivot": [
            -19,
            13,
            15
          ]
        },
        {
          "cubes": [
            {
              "origin": [
                -27.9,
                0,
                13
              ],
              "size": [
                4,
                12,
                4
              ],
              "uv": {
                "down": {
                  "uv": [
                    92,
                    52
                  ],
                  "uv_size": [
                    -4,
                    -4
                  ]
                },
                "east": {
                  "uv": [
                    88,
                    52
                  ],
                  "uv_size": [
                    4,
                    12
                  ]
                },
                "north": {
                  "uv": [
                    92,
                    52
                  ],
                  "uv_size": [
                    4,
                    12
                  ]
                },
                "south": {
                  "uv": [
                    84,
                    52
                  ],
                  "uv_size": [
                    4,
                    12
                  ]
                },
                "up": {
                  "uv": [
                    88,
                    52
                  ],
                  "uv_size": [
                    -4,
                    -4
                  ]
                },
                "west": {
                  "uv": [
                    80,
                    52
                  ],
                  "uv_size": [
                    4,
                    12
                  ]
                }
              }
            },
            {
              "origin": [
                -28.15,
                0,
                12.75
              ],
              "size": [
                4.5,
                12,
                4.5
              ],
              "uv": {
                "down": {
                  "uv": [
                    76,
                    52
                  ],
                  "uv_size": [
                    -4,
                    -4
                  ]
                },
                "east": {
                  "uv": [
                    72,
                    52
                  ],
                  "uv_size": [
                    4,
                    12
                  ]
                },
                "north": {
                  "uv": [
                    76,
                    52
                  ],
                  "uv_size": [
                    4,
                    12
                  ]
                },
                "south": {
                  "uv": [
                    68,
                    52
                  ],
                  "uv_size": [
                    4,
                    12
                  ]
                },
                "up": {
                  "uv": [
                    72,
                    52
                  ],
                  "uv_size": [
                    -4,
                    -4
                  ]
                },
                "west": {
                  "uv": [
                    64,
                    52
                  ],
                  "uv_size": [
                    4,
                    12
                  ]
                }
              }
            }
          ],
          "name": "leftLeg2",
          "parent": "body2",
          "pivot": [
            -25.9,
            12,
            15
          ]
        },
        {
          "cubes": [
            {
              "origin": [
                -24.1,
                0,
                13
              ],
              "size": [
                4,
                12,
                4
              ],
              "uv": {
                "down": {
                  "uv": [
                    76,
                    20
                  ],
                  "uv_size": [
                    -4,
                    -4
                  ]
                },
                "east": {
                  "uv": [
                    72,
                    20
                  ],
                  "uv_size": [
                    4,
                    12
                  ]
                },
                "north": {
                  "uv": [
                    76,
                    20
                  ],
                  "uv_size": [
                    4,
                    12
                  ]
                },
                "south": {
                  "uv": [
                    68,
                    20
                  ],
                  "uv_size": [
                    4,
                    12
                  ]
                },
                "up": {
                  "uv": [
                    72,
                    20
                  ],
                  "uv_size": [
                    -4,
                    -4
                  ]
                },
                "west": {
                  "uv": [
                    64,
                    20
                  ],
                  "uv_size": [
                    4,
                    12
                  ]
                }
              }
            },
            {
              "origin": [
                -24.35,
                0,
                12.75
              ],
              "size": [
                4.5,
                12,
                4.5
              ],
              "uv": {
                "down": {
                  "uv": [
                    76,
                    36
                  ],
                  "uv_size": [
                    -4,
                    -4
                  ]
                },
                "east": {
                  "uv": [
                    72,
                    36
                  ],
                  "uv_size": [
                    4,
                    12
                  ]
                },
                "north": {
                  "uv": [
                    76,
                    36
                  ],
                  "uv_size": [
                    4,
                    12
                  ]
                },
                "south": {
                  "uv": [
                    68,
                    36
                  ],
                  "uv_size": [
                    4,
                    12
                  ]
                },
                "up": {
                  "uv": [
                    72,
                    36
                  ],
                  "uv_size": [
                    -4,
                    -4
                  ]
                },
                "west": {
                  "uv": [
                    64,
                    36
                  ],
                  "uv_size": [
                    4,
                    12
                  ]
                }
              }
            }
          ],
          "name": "rightLeg2",
          "parent": "body2",
          "pivot": [
            -22.1,
            12,
            15
          ]
        }
      ],
      "description": {
        "identifier": "geometry.cubecraft.kill_effect_preview",
        "texture_height": 128,
        "texture_width": 128,
        "visible_bounds_height": 3.5,
        "visible_bounds_offset": [
          0,
          1.25,
          0
        ],
        "visible_bounds_width": 5
      }
    }
  ]
}