{
  "format_version": "1.12.0",
  "minecraft:geometry": [
    {
      "bones": [
        {
          "cubes": [
            {
              "origin": [
                -2,
                53.25,
                0
              ],
              "size": [
                4,
                2,
                0
              ],
              "uv": {
                "down": {
                  "uv": [
                    28,
                    31
                  ],
                  "uv_size": [
                    6,
                    -6
                  ]
                },
                "east": {
                  "uv": [
                    16,
                    31
                  ],
                  "uv_size": [
                    6,
                    2
                  ]
                },
                "north": {
                  "uv": [
                    58,
                    0
                  ],
                  "uv_size": [
                    6,
                    3
                  ]
                },
                "south": {
                  "uv": [
                    5,
                    57
                  ],
                  "uv_size": [
                    4,
                    2
                  ]
                },
                "up": {
                  "uv": [
                    22,
                    25
                  ],
                  "uv_size": [
                    6,
                    6
                  ]
                },
                "west": {
                  "uv": [
                    28,
                    31
                  ],
                  "uv_size": [
                    6,
                    2
                  ]
                }
              }
            },
            {
              "origin": [
                -1,
                55.25,
                -1
              ],
              "size": [
                2,
                3,
                2
              ],
              "uv": {
                "down": {
                  "uv": [
                    59,
                    6
                  ],
                  "uv_size": [
                    -2,
                    -2
                  ]
                },
                "east": {
                  "uv": [
                    58,
                    8
                  ],
                  "uv_size": [
                    2,
                    3
                  ]
                },
                "north": {
                  "uv": [
                    56,
                    8
                  ],
                  "uv_size": [
                    2,
                    3
                  ]
                },
                "south": {
                  "uv": [
                    56,
                    8
                  ],
                  "uv_size": [
                    2,
                    3
                  ]
                },
                "up": {
                  "uv": [
                    59,
                    8
                  ],
                  "uv_size": [
                    -2,
                    -2
                  ]
                },
                "west": {
                  "uv": [
                    58,
                    8
                  ],
                  "uv_size": [
                    2,
                    3
                  ]
                }
              }
            },
            {
              "inflate": 0.3,
              "origin": [
                -2,
                2.5,
                -2
              ],
              "size": [
                4,
                2,
                4
              ],
              "uv": {
                "down": {
                  "uv": [
                    44,
                    43
                  ],
                  "uv_size": [
                    4,
                    -4
                  ]
                },
                "east": {
                  "uv": [
                    36,
                    43
                  ],
                  "uv_size": [
                    4,
                    2
                  ]
                },
                "north": {
                  "uv": [
                    40,
                    43
                  ],
                  "uv_size": [
                    4,
                    2
                  ]
                },
                "south": {
                  "uv": [
                    48,
                    43
                  ],
                  "uv_size": [
                    4,
                    2
                  ]
                },
                "up": {
                  "uv": [
                    40,
                    39
                  ],
                  "uv_size": [
                    4,
                    4
                  ]
                },
                "west": {
                  "uv": [
                    44,
                    43
                  ],
                  "uv_size": [
                    4,
                    2
                  ]
                }
              }
            },
            {
              "inflate": 0.5,
              "origin": [
                -2,
                6.5,
                -2
              ],
              "size": [
                4,
                6,
                4
              ],
              "uv": {
                "down": {
                  "uv": [
                    44,
                    25
                  ],
                  "uv_size": [
                    4,
                    -4
                  ]
                },
                "east": {
                  "uv": [
                    44,
                    25
                  ],
                  "uv_size": [
                    4,
                    6
                  ]
                },
                "north": {
                  "uv": [
                    48,
                    25
                  ],
                  "uv_size": [
                    4,
                    6
                  ]
                },
                "south": {
                  "uv": [
                    48,
                    25
                  ],
                  "uv_size": [
                    4,
                    6
                  ]
                },
                "up": {
                  "uv": [
                    40,
                    21
                  ],
                  "uv_size": [
                    4,
                    4
                  ]
                },
                "west": {
                  "uv": [
                    44,
                    25
                  ],
                  "uv_size": [
                    4,
                    6
                  ]
                }
              }
            },
            {
              "inflate": 0.1,
              "origin": [
                -2,
                -0.5,
                -2
              ],
              "size": [
                4,
                50,
                4
              ],
              "uv": {
                "down": {
                  "uv": [
                    8,
                    4
                  ],
                  "uv_size": [
                    4,
                    -4
                  ]
                },
                "east": {
                  "uv": [
                    8,
                    4
                  ],
                  "uv_size": [
                    4,
                    50
                  ]
                },
                "north": {
                  "uv": [
                    8,
                    4
                  ],
                  "uv_size": [
                    4,
                    50
                  ]
                },
                "south": {
                  "uv": [
                    8,
                    4
                  ],
                  "uv_size": [
                    4,
                    50
                  ]
                },
                "up": {
                  "uv": [
                    4,
                    0
                  ],
                  "uv_size": [
                    4,
                    4
                  ]
                },
                "west": {
                  "uv": [
                    8,
                    4
                  ],
                  "uv_size": [
                    4,
                    50
                  ]
                }
              }
            },
            {
              "inflate": 0.4,
              "origin": [
                -2,
                37.5,
                -2
              ],
              "size": [
                4,
                4,
                4
              ],
              "uv": {
                "down": {
                  "uv": [
                    48,
                    39
                  ],
                  "uv_size": [
                    -4,
                    -4
                  ]
                },
                "east": {
                  "uv": [
                    40,
                    35
                  ],
                  "uv_size": [
                    4,
                    4
                  ]
                },
                "north": {
                  "uv": [
                    40,
                    35
                  ],
                  "uv_size": [
                    4,
                    4
                  ]
                },
                "south": {
                  "uv": [
                    40,
                    35
                  ],
                  "uv_size": [
                    4,
                    4
                  ]
                },
                "up": {
                  "uv": [
                    44,
                    39
                  ],
                  "uv_size": [
                    -4,
                    -4
                  ]
                },
                "west": {
                  "uv": [
                    40,
                    35
                  ],
                  "uv_size": [
                    4,
                    4
                  ]
                }
              }
            },
            {
              "origin": [
                2,
                37.9,
                0
              ],
              "size": [
                6,
                4,
                0
              ],
              "uv": {
                "down": {
                  "uv": [
                    32,
                    12
                  ],
                  "uv_size": [
                    16,
                    0
                  ]
                },
                "east": {
                  "uv": [
                    16,
                    12
                  ],
                  "uv_size": [
                    0,
                    4
                  ]
                },
                "north": {
                  "uv": [
                    26,
                    12
                  ],
                  "uv_size": [
                    6,
                    4
                  ]
                },
                "south": {
                  "uv": [
                    32,
                    12
                  ],
                  "uv_size": [
                    16,
                    4
                  ]
                },
                "up": {
                  "uv": [
                    16,
                    12
                  ],
                  "uv_size": [
                    16,
                    0
                  ]
                },
                "west": {
                  "uv": [
                    32,
                    12
                  ],
                  "uv_size": [
                    0,
                    4
                  ]
                }
              }
            },
            {
              "origin": [
                -8,
                37.9,
                0
              ],
              "size": [
                6,
                4,
                0
              ],
              "uv": {
                "down": {
                  "uv": [
                    48,
                    12
                  ],
                  "uv_size": [
                    -16,
                    0
                  ]
                },
                "east": {
                  "uv": [
                    32,
                    12
                  ],
                  "uv_size": [
                    0,
                    4
                  ]
                },
                "north": {
                  "uv": [
                    32,
                    12
                  ],
                  "uv_size": [
                    -6,
                    4
                  ]
                },
                "south": {
                  "uv": [
                    48,
                    12
                  ],
                  "uv_size": [
                    -16,
                    4
                  ]
                },
                "up": {
                  "uv": [
                    32,
                    12
                  ],
                  "uv_size": [
                    -16,
                    0
                  ]
                },
                "west": {
                  "uv": [
                    16,
                    12
                  ],
                  "uv_size": [
                    0,
                    4
                  ]
                }
              }
            },
            {
              "inflate": 0.4,
              "origin": [
                -1,
                49.5,
                -1
              ],
              "size": [
                2,
                4,
                2
              ],
              "uv": {
                "down": {
                  "uv": [
                    20,
                    2
                  ],
                  "uv_size": [
                    2,
                    -2
                  ]
                },
                "east": {
                  "uv": [
                    16,
                    2
                  ],
                  "uv_size": [
                    2,
                    4
                  ]
                },
                "north": {
                  "uv": [
                    18,
                    2
                  ],
                  "uv_size": [
                    2,
                    4
                  ]
                },
                "south": {
                  "uv": [
                    22,
                    2
                  ],
                  "uv_size": [
                    2,
                    4
                  ]
                },
                "up": {
                  "uv": [
                    18,
                    0
                  ],
                  "uv_size": [
                    2,
                    2
                  ]
                },
                "west": {
                  "uv": [
                    20,
                    2
                  ],
                  "uv_size": [
                    2,
                    4
                  ]
                }
              }
            },
            {
              "inflate": 0.8,
              "origin": [
                -1,
                48.7,
                -1
              ],
              "size": [
                2,
                4,
                2
              ],
              "uv": {
                "down": {
                  "uv": [
                    20,
                    2
                  ],
                  "uv_size": [
                    2,
                    -2
                  ]
                },
                "east": {
                  "uv": [
                    16,
                    2
                  ],
                  "uv_size": [
                    2,
                    4
                  ]
                },
                "north": {
                  "uv": [
                    18,
                    2
                  ],
                  "uv_size": [
                    2,
                    4
                  ]
                },
                "south": {
                  "uv": [
                    22,
                    2
                  ],
                  "uv_size": [
                    2,
                    4
                  ]
                },
                "up": {
                  "uv": [
                    18,
                    0
                  ],
                  "uv_size": [
                    2,
                    2
                  ]
                },
                "west": {
                  "uv": [
                    20,
                    2
                  ],
                  "uv_size": [
                    2,
                    4
                  ]
                }
              }
            },
            {
              "origin": [
                -4,
                51.5,
                -4
              ],
              "size": [
                8,
                1,
                8
              ],
              "uv": {
                "down": {
                  "uv": [
                    60,
                    31
                  ],
                  "uv_size": [
                    -8,
                    -8
                  ]
                },
                "east": {
                  "uv": [
                    40,
                    31
                  ],
                  "uv_size": [
                    8,
                    1
                  ]
                },
                "north": {
                  "uv": [
                    40,
                    31
                  ],
                  "uv_size": [
                    8,
                    1
                  ]
                },
                "south": {
                  "uv": [
                    40,
                    31
                  ],
                  "uv_size": [
                    8,
                    1
                  ]
                },
                "up": {
                  "uv": [
                    60,
                    31
                  ],
                  "uv_size": [
                    -8,
                    -8
                  ]
                },
                "west": {
                  "uv": [
                    40,
                    31
                  ],
                  "uv_size": [
                    8,
                    1
                  ]
                }
              }
            },
            {
              "origin": [
                -4,
                60.5,
                -4
              ],
              "size": [
                8,
                1,
                8
              ],
              "uv": {
                "down": {
                  "uv": [
                    60,
                    31
                  ],
                  "uv_size": [
                    -8,
                    -8
                  ]
                },
                "east": {
                  "uv": [
                    40,
                    31
                  ],
                  "uv_size": [
                    8,
                    1
                  ]
                },
                "north": {
                  "uv": [
                    40,
                    31
                  ],
                  "uv_size": [
                    8,
                    1
                  ]
                },
                "south": {
                  "uv": [
                    40,
                    31
                  ],
                  "uv_size": [
                    8,
                    1
                  ]
                },
                "up": {
                  "uv": [
                    60,
                    31
                  ],
                  "uv_size": [
                    -8,
                    -8
                  ]
                },
                "west": {
                  "uv": [
                    40,
                    31
                  ],
                  "uv_size": [
                    8,
                    1
                  ]
                }
              }
            },
            {
              "origin": [
                -6,
                52.5,
                -6
              ],
              "size": [
                12,
                8,
                12
              ],
              "uv": {
                "down": {
                  "uv": [
                    64,
                    23
                  ],
                  "uv_size": [
                    -12,
                    -12
                  ]
                },
                "east": {
                  "uv": [
                    16,
                    40
                  ],
                  "uv_size": [
                    12,
                    8
                  ]
                },
                "north": {
                  "uv": [
                    28,
                    45
                  ],
                  "uv_size": [
                    12,
                    8
                  ]
                },
                "south": {
                  "uv": [
                    16,
                    40
                  ],
                  "uv_size": [
                    12,
                    8
                  ]
                },
                "up": {
                  "uv": [
                    64,
                    23
                  ],
                  "uv_size": [
                    -12,
                    -12
                  ]
                },
                "west": {
                  "uv": [
                    16,
                    40
                  ],
                  "uv_size": [
                    12,
                    8
                  ]
                }
              }
            },
            {
              "inflate": -0.02,
              "origin": [
                -6,
                52.5,
                -6
              ],
              "size": [
                12,
                8,
                12
              ],
              "uv": {
                "down": {
                  "uv": [
                    64,
                    43
                  ],
                  "uv_size": [
                    -12,
                    -12
                  ]
                },
                "east": {
                  "uv": [
                    16,
                    48
                  ],
                  "uv_size": [
                    12,
                    8
                  ]
                },
                "north": {
                  "uv": [
                    28,
                    53
                  ],
                  "uv_size": [
                    12,
                    8
                  ]
                },
                "south": {
                  "uv": [
                    16,
                    48
                  ],
                  "uv_size": [
                    12,
                    8
                  ]
                },
                "up": {
                  "uv": [
                    64,
                    43
                  ],
                  "uv_size": [
                    -12,
                    -12
                  ]
                },
                "west": {
                  "uv": [
                    16,
                    48
                  ],
                  "uv_size": [
                    12,
                    8
                  ]
                }
              }
            }
          ],
          "name": "lamppost",
          "pivot": [
            0,
            -0.5,
            0
          ]
        }
      ],
      "description": {
        "identifier": "geometry.lamppost.hub.furniture",
        "texture_height": 64,
        "texture_width": 64,
        "visible_bounds_height": 6,
        "visible_bounds_offset": [
          0,
          2,
          0
        ],
        "visible_bounds_width": 3
      }
    }
  ]
}