{
  "format_version": "1.12.0",
  "minecraft:geometry": [
    {
      "bones": [
        {
          "cubes": [
            {
              "origin": [
                -24,
                32,
                7.84167
              ],
              "size": [
                48,
                32,
                0
              ],
              "uv": {
                "north": {
                  "uv": [
                    0,
                    30
                  ],
                  "uv_size": [
                    128,
                    84
                  ]
                }
              }
            },
            {
              "origin": [
                -21,
                18,
                6.14167
              ],
              "size": [
                42,
                12,
                0
              ],
              "uv": {
                "north": {
                  "uv": [
                    82.5,
                    7.5
                  ],
                  "uv_size": [
                    42,
                    12
                  ]
                }
              }
            },
            {
              "origin": [
                -21,
                18,
                6.19167
              ],
              "size": [
                42,
                12,
                2
              ],
              "uv": {
                "down": {
                  "uv": [
                    105.5,
                    0
                  ],
                  "uv_size": [
                    21,
                    1
                  ]
                },
                "east": {
                  "uv": [
                    76,
                    1
                  ],
                  "uv_size": [
                    1,
                    6
                  ]
                },
                "north": {
                  "uv": [
                    76,
                    1
                  ],
                  "uv_size": [
                    21,
                    6
                  ]
                },
                "up": {
                  "uv": [
                    105.5,
                    0
                  ],
                  "uv_size": [
                    21,
                    1
                  ]
                },
                "west": {
                  "uv": [
                    76,
                    1
                  ],
                  "uv_size": [
                    1,
                    6
                  ]
                }
              }
            }
          ],
          "name": "board_base",
          "pivot": [
            0,
            0,
            0
          ]
        }
      ],
      "description": {
        "identifier": "geometry.cubecraft.showcase.board",
        "texture_height": 128,
        "texture_width": 128,
        "visible_bounds_height": 6.5,
        "visible_bounds_offset": [
          0,
          2.75,
          0
        ],
        "visible_bounds_width": 4
      }
    }
  ]
}