{
  "format_version": "1.12.0",
  "minecraft:geometry": [
    {
      "bones": [
        {
          "cubes": [
            {
              "origin": [
                0,
                23,
                13
              ],
              "size": [
                32,
                2,
                3
              ],
              "uv": {
                "down": {
                  "uv": [
                    128,
                    14
                  ],
                  "uv_size": [
                    -128,
                    -8
                  ]
                },
                "east": {
                  "uv": [
                    27,
                    8
                  ],
                  "uv_size": [
                    18,
                    8
                  ]
                },
                "north": {
                  "uv": [
                    0,
                    40
                  ],
                  "uv_size": [
                    128,
                    8
                  ]
                },
                "south": {
                  "uv": [
                    0,
                    16
                  ],
                  "uv_size": [
                    128,
                    8
                  ]
                },
                "up": {
                  "uv": [
                    0,
                    32
                  ],
                  "uv_size": [
                    128,
                    12
                  ]
                },
                "west": {
                  "uv": [
                    26,
                    8
                  ],
                  "uv_size": [
                    12,
                    8
                  ]
                }
              }
            },
            {
              "origin": [
                -32,
                23,
                13
              ],
              "size": [
                32,
                2,
                3
              ],
              "uv": {
                "down": {
                  "uv": [
                    68,
                    3
                  ],
                  "uv_size": [
                    32,
                    -3
                  ]
                },
                "east": {
                  "uv": [
                    26,
                    8
                  ],
                  "uv_size": [
                    12,
                    8
                  ]
                },
                "north": {
                  "uv": [
                    0,
                    40
                  ],
                  "uv_size": [
                    128,
                    8
                  ]
                },
                "south": {
                  "uv": [
                    0,
                    16
                  ],
                  "uv_size": [
                    128,
                    8
                  ]
                },
                "up": {
                  "uv": [
                    0,
                    32
                  ],
                  "uv_size": [
                    128,
                    12
                  ]
                },
                "west": {
                  "uv": [
                    68,
                    3
                  ],
                  "uv_size": [
                    3,
                    2
                  ]
                }
              }
            },
            {
              "inflate": -0.2,
              "origin": [
                4.5,
                23,
                -26.5
              ],
              "pivot": [
                6,
                24,
                -12
              ],
              "rotation": [
                0,
                -90,
                0
              ],
              "size": [
                27,
                2,
                3
              ],
              "uv": {
                "down": {
                  "uv": [
                    9,
                    2
                  ],
                  "uv_size": [
                    108,
                    12
                  ]
                },
                "east": {
                  "uv": [
                    58,
                    4
                  ],
                  "uv_size": [
                    12,
                    8
                  ]
                },
                "north": {
                  "uv": [
                    9,
                    6
                  ],
                  "uv_size": [
                    108,
                    8
                  ]
                },
                "south": {
                  "uv": [
                    9,
                    6
                  ],
                  "uv_size": [
                    108,
                    8
                  ]
                },
                "up": {
                  "uv": [
                    9,
                    2
                  ],
                  "uv_size": [
                    108,
                    12
                  ]
                },
                "west": {
                  "uv": [
                    58,
                    4
                  ],
                  "uv_size": [
                    12,
                    8
                  ]
                }
              }
            },
            {
              "inflate": -0.2,
              "origin": [
                0.75,
                23,
                -26.5
              ],
              "pivot": [
                2.25,
                24,
                -12
              ],
              "rotation": [
                0,
                -90,
                0
              ],
              "size": [
                27,
                2,
                3
              ],
              "uv": {
                "down": {
                  "uv": [
                    9,
                    2
                  ],
                  "uv_size": [
                    108,
                    12
                  ]
                },
                "east": {
                  "uv": [
                    58,
                    4
                  ],
                  "uv_size": [
                    12,
                    8
                  ]
                },
                "north": {
                  "uv": [
                    9,
                    6
                  ],
                  "uv_size": [
                    108,
                    8
                  ]
                },
                "south": {
                  "uv": [
                    9,
                    6
                  ],
                  "uv_size": [
                    108,
                    8
                  ]
                },
                "up": {
                  "uv": [
                    9,
                    2
                  ],
                  "uv_size": [
                    108,
                    12
                  ]
                },
                "west": {
                  "uv": [
                    58,
                    4
                  ],
                  "uv_size": [
                    12,
                    8
                  ]
                }
              }
            },
            {
              "inflate": -0.2,
              "origin": [
                12.25,
                23,
                -26.5
              ],
              "pivot": [
                13.75,
                24,
                -12
              ],
              "rotation": [
                0,
                -90,
                0
              ],
              "size": [
                27,
                2,
                3
              ],
              "uv": {
                "down": {
                  "uv": [
                    9,
                    2
                  ],
                  "uv_size": [
                    108,
                    12
                  ]
                },
                "east": {
                  "uv": [
                    58,
                    4
                  ],
                  "uv_size": [
                    12,
                    8
                  ]
                },
                "north": {
                  "uv": [
                    9,
                    6
                  ],
                  "uv_size": [
                    108,
                    8
                  ]
                },
                "south": {
                  "uv": [
                    9,
                    6
                  ],
                  "uv_size": [
                    108,
                    8
                  ]
                },
                "up": {
                  "uv": [
                    9,
                    2
                  ],
                  "uv_size": [
                    108,
                    12
                  ]
                },
                "west": {
                  "uv": [
                    58,
                    4
                  ],
                  "uv_size": [
                    12,
                    8
                  ]
                }
              }
            },
            {
              "inflate": -0.2,
              "origin": [
                8.5,
                23,
                -26.5
              ],
              "pivot": [
                10,
                24,
                -12
              ],
              "rotation": [
                0,
                -90,
                0
              ],
              "size": [
                27,
                2,
                3
              ],
              "uv": {
                "down": {
                  "uv": [
                    9,
                    2
                  ],
                  "uv_size": [
                    108,
                    12
                  ]
                },
                "east": {
                  "uv": [
                    58,
                    4
                  ],
                  "uv_size": [
                    12,
                    8
                  ]
                },
                "north": {
                  "uv": [
                    9,
                    6
                  ],
                  "uv_size": [
                    108,
                    8
                  ]
                },
                "south": {
                  "uv": [
                    9,
                    6
                  ],
                  "uv_size": [
                    108,
                    8
                  ]
                },
                "up": {
                  "uv": [
                    9,
                    2
                  ],
                  "uv_size": [
                    108,
                    12
                  ]
                },
                "west": {
                  "uv": [
                    58,
                    4
                  ],
                  "uv_size": [
                    12,
                    8
                  ]
                }
              }
            },
            {
              "inflate": -0.2,
              "origin": [
                -12,
                23,
                -26.5
              ],
              "pivot": [
                -10.5,
                24,
                -12
              ],
              "rotation": [
                0,
                -90,
                0
              ],
              "size": [
                27,
                2,
                3
              ],
              "uv": {
                "down": {
                  "uv": [
                    9,
                    2
                  ],
                  "uv_size": [
                    108,
                    12
                  ]
                },
                "east": {
                  "uv": [
                    58,
                    4
                  ],
                  "uv_size": [
                    12,
                    8
                  ]
                },
                "north": {
                  "uv": [
                    9,
                    6
                  ],
                  "uv_size": [
                    108,
                    8
                  ]
                },
                "south": {
                  "uv": [
                    9,
                    6
                  ],
                  "uv_size": [
                    108,
                    8
                  ]
                },
                "up": {
                  "uv": [
                    9,
                    2
                  ],
                  "uv_size": [
                    108,
                    12
                  ]
                },
                "west": {
                  "uv": [
                    58,
                    4
                  ],
                  "uv_size": [
                    12,
                    8
                  ]
                }
              }
            },
            {
              "inflate": -0.2,
              "origin": [
                -7.75,
                23,
                -26.5
              ],
              "pivot": [
                -6.25,
                24,
                -12
              ],
              "rotation": [
                0,
                -90,
                0
              ],
              "size": [
                27,
                2,
                3
              ],
              "uv": {
                "down": {
                  "uv": [
                    9,
                    2
                  ],
                  "uv_size": [
                    108,
                    12
                  ]
                },
                "east": {
                  "uv": [
                    58,
                    4
                  ],
                  "uv_size": [
                    12,
                    8
                  ]
                },
                "north": {
                  "uv": [
                    9,
                    6
                  ],
                  "uv_size": [
                    108,
                    8
                  ]
                },
                "south": {
                  "uv": [
                    9,
                    6
                  ],
                  "uv_size": [
                    108,
                    8
                  ]
                },
                "up": {
                  "uv": [
                    9,
                    2
                  ],
                  "uv_size": [
                    108,
                    12
                  ]
                },
                "west": {
                  "uv": [
                    58,
                    4
                  ],
                  "uv_size": [
                    12,
                    8
                  ]
                }
              }
            },
            {
              "inflate": -0.2,
              "origin": [
                -3.5,
                23,
                -26.5
              ],
              "pivot": [
                -2,
                24,
                -12
              ],
              "rotation": [
                0,
                -90,
                0
              ],
              "size": [
                27,
                2,
                3
              ],
              "uv": {
                "down": {
                  "uv": [
                    9,
                    2
                  ],
                  "uv_size": [
                    108,
                    12
                  ]
                },
                "east": {
                  "uv": [
                    58,
                    4
                  ],
                  "uv_size": [
                    12,
                    8
                  ]
                },
                "north": {
                  "uv": [
                    9,
                    6
                  ],
                  "uv_size": [
                    108,
                    8
                  ]
                },
                "south": {
                  "uv": [
                    9,
                    6
                  ],
                  "uv_size": [
                    108,
                    8
                  ]
                },
                "up": {
                  "uv": [
                    9,
                    2
                  ],
                  "uv_size": [
                    108,
                    12
                  ]
                },
                "west": {
                  "uv": [
                    58,
                    4
                  ],
                  "uv_size": [
                    12,
                    8
                  ]
                }
              }
            },
            {
              "inflate": -0.2,
              "origin": [
                -24.75,
                23,
                -26.5
              ],
              "pivot": [
                -23.25,
                24,
                -12
              ],
              "rotation": [
                0,
                -90,
                0
              ],
              "size": [
                27,
                2,
                3
              ],
              "uv": {
                "down": {
                  "uv": [
                    9,
                    2
                  ],
                  "uv_size": [
                    108,
                    12
                  ]
                },
                "east": {
                  "uv": [
                    58,
                    4
                  ],
                  "uv_size": [
                    12,
                    8
                  ]
                },
                "north": {
                  "uv": [
                    9,
                    6
                  ],
                  "uv_size": [
                    108,
                    8
                  ]
                },
                "south": {
                  "uv": [
                    9,
                    6
                  ],
                  "uv_size": [
                    108,
                    8
                  ]
                },
                "up": {
                  "uv": [
                    9,
                    2
                  ],
                  "uv_size": [
                    108,
                    12
                  ]
                },
                "west": {
                  "uv": [
                    58,
                    4
                  ],
                  "uv_size": [
                    12,
                    8
                  ]
                }
              }
            },
            {
              "inflate": -0.2,
              "origin": [
                -20.5,
                23,
                -26.5
              ],
              "pivot": [
                -19,
                24,
                -12
              ],
              "rotation": [
                0,
                -90,
                0
              ],
              "size": [
                27,
                2,
                3
              ],
              "uv": {
                "down": {
                  "uv": [
                    9,
                    2
                  ],
                  "uv_size": [
                    108,
                    12
                  ]
                },
                "east": {
                  "uv": [
                    58,
                    4
                  ],
                  "uv_size": [
                    12,
                    8
                  ]
                },
                "north": {
                  "uv": [
                    9,
                    6
                  ],
                  "uv_size": [
                    108,
                    8
                  ]
                },
                "south": {
                  "uv": [
                    9,
                    6
                  ],
                  "uv_size": [
                    108,
                    8
                  ]
                },
                "up": {
                  "uv": [
                    9,
                    2
                  ],
                  "uv_size": [
                    108,
                    12
                  ]
                },
                "west": {
                  "uv": [
                    58,
                    4
                  ],
                  "uv_size": [
                    12,
                    8
                  ]
                }
              }
            },
            {
              "inflate": -0.2,
              "origin": [
                -16.25,
                23,
                -26.5
              ],
              "pivot": [
                -14.75,
                24,
                -12
              ],
              "rotation": [
                0,
                -90,
                0
              ],
              "size": [
                27,
                2,
                3
              ],
              "uv": {
                "down": {
                  "uv": [
                    9,
                    2
                  ],
                  "uv_size": [
                    108,
                    12
                  ]
                },
                "east": {
                  "uv": [
                    58,
                    4
                  ],
                  "uv_size": [
                    12,
                    8
                  ]
                },
                "north": {
                  "uv": [
                    9,
                    6
                  ],
                  "uv_size": [
                    108,
                    8
                  ]
                },
                "south": {
                  "uv": [
                    9,
                    6
                  ],
                  "uv_size": [
                    108,
                    8
                  ]
                },
                "up": {
                  "uv": [
                    9,
                    2
                  ],
                  "uv_size": [
                    108,
                    12
                  ]
                },
                "west": {
                  "uv": [
                    58,
                    4
                  ],
                  "uv_size": [
                    12,
                    8
                  ]
                }
              }
            },
            {
              "inflate": -0.2,
              "origin": [
                -37.75,
                23,
                -26.5
              ],
              "pivot": [
                -36.25,
                24,
                -12
              ],
              "rotation": [
                0,
                -90,
                0
              ],
              "size": [
                27,
                2,
                3
              ],
              "uv": {
                "down": {
                  "uv": [
                    9,
                    2
                  ],
                  "uv_size": [
                    108,
                    12
                  ]
                },
                "east": {
                  "uv": [
                    58,
                    4
                  ],
                  "uv_size": [
                    12,
                    8
                  ]
                },
                "north": {
                  "uv": [
                    9,
                    6
                  ],
                  "uv_size": [
                    108,
                    8
                  ]
                },
                "south": {
                  "uv": [
                    9,
                    6
                  ],
                  "uv_size": [
                    108,
                    8
                  ]
                },
                "up": {
                  "uv": [
                    9,
                    2
                  ],
                  "uv_size": [
                    108,
                    12
                  ]
                },
                "west": {
                  "uv": [
                    58,
                    4
                  ],
                  "uv_size": [
                    12,
                    8
                  ]
                }
              }
            },
            {
              "inflate": -0.2,
              "origin": [
                -41.5,
                23,
                -26.5
              ],
              "pivot": [
                -40,
                24,
                -12
              ],
              "rotation": [
                0,
                -90,
                0
              ],
              "size": [
                27,
                2,
                3
              ],
              "uv": {
                "down": {
                  "uv": [
                    9,
                    2
                  ],
                  "uv_size": [
                    108,
                    12
                  ]
                },
                "east": {
                  "uv": [
                    58,
                    4
                  ],
                  "uv_size": [
                    12,
                    8
                  ]
                },
                "north": {
                  "uv": [
                    9,
                    6
                  ],
                  "uv_size": [
                    108,
                    8
                  ]
                },
                "south": {
                  "uv": [
                    9,
                    6
                  ],
                  "uv_size": [
                    108,
                    8
                  ]
                },
                "up": {
                  "uv": [
                    9,
                    2
                  ],
                  "uv_size": [
                    108,
                    12
                  ]
                },
                "west": {
                  "uv": [
                    58,
                    4
                  ],
                  "uv_size": [
                    12,
                    8
                  ]
                }
              }
            },
            {
              "inflate": -0.2,
              "origin": [
                -33.5,
                23,
                -26.5
              ],
              "pivot": [
                -32,
                24,
                -12
              ],
              "rotation": [
                0,
                -90,
                0
              ],
              "size": [
                27,
                2,
                3
              ],
              "uv": {
                "down": {
                  "uv": [
                    9,
                    2
                  ],
                  "uv_size": [
                    108,
                    12
                  ]
                },
                "east": {
                  "uv": [
                    58,
                    4
                  ],
                  "uv_size": [
                    12,
                    8
                  ]
                },
                "north": {
                  "uv": [
                    9,
                    6
                  ],
                  "uv_size": [
                    108,
                    8
                  ]
                },
                "south": {
                  "uv": [
                    9,
                    6
                  ],
                  "uv_size": [
                    108,
                    8
                  ]
                },
                "up": {
                  "uv": [
                    9,
                    2
                  ],
                  "uv_size": [
                    108,
                    12
                  ]
                },
                "west": {
                  "uv": [
                    58,
                    4
                  ],
                  "uv_size": [
                    12,
                    8
                  ]
                }
              }
            },
            {
              "inflate": -0.2,
              "origin": [
                -29.25,
                23,
                -26.5
              ],
              "pivot": [
                -27.75,
                24,
                -12
              ],
              "rotation": [
                0,
                -90,
                0
              ],
              "size": [
                27,
                2,
                3
              ],
              "uv": {
                "down": {
                  "uv": [
                    9,
                    2
                  ],
                  "uv_size": [
                    108,
                    12
                  ]
                },
                "east": {
                  "uv": [
                    58,
                    4
                  ],
                  "uv_size": [
                    12,
                    8
                  ]
                },
                "north": {
                  "uv": [
                    9,
                    6
                  ],
                  "uv_size": [
                    108,
                    8
                  ]
                },
                "south": {
                  "uv": [
                    9,
                    6
                  ],
                  "uv_size": [
                    108,
                    8
                  ]
                },
                "up": {
                  "uv": [
                    9,
                    2
                  ],
                  "uv_size": [
                    108,
                    12
                  ]
                },
                "west": {
                  "uv": [
                    58,
                    4
                  ],
                  "uv_size": [
                    12,
                    8
                  ]
                }
              }
            },
            {
              "origin": [
                -43.5,
                23,
                -1.5
              ],
              "pivot": [
                -30.5,
                24,
                0
              ],
              "rotation": [
                0,
                90,
                0
              ],
              "size": [
                26,
                2,
                3
              ],
              "uv": {
                "down": {
                  "uv": [
                    11,
                    0
                  ],
                  "uv_size": [
                    104,
                    12
                  ]
                },
                "east": {
                  "uv": [
                    34,
                    38
                  ],
                  "uv_size": [
                    12,
                    8
                  ]
                },
                "north": {
                  "uv": [
                    0,
                    56
                  ],
                  "uv_size": [
                    104,
                    8
                  ]
                },
                "south": {
                  "uv": [
                    0,
                    56
                  ],
                  "uv_size": [
                    104,
                    8
                  ]
                },
                "up": {
                  "uv": [
                    11,
                    0
                  ],
                  "uv_size": [
                    104,
                    12
                  ]
                },
                "west": {
                  "uv": [
                    29,
                    55
                  ],
                  "uv_size": [
                    26,
                    2
                  ]
                }
              }
            },
            {
              "origin": [
                17.5,
                23,
                -1.5
              ],
              "pivot": [
                30.5,
                24,
                0
              ],
              "rotation": [
                0,
                90,
                0
              ],
              "size": [
                26,
                2,
                3
              ],
              "uv": {
                "down": {
                  "uv": [
                    11,
                    0
                  ],
                  "uv_size": [
                    104,
                    12
                  ]
                },
                "east": {
                  "uv": [
                    34,
                    38
                  ],
                  "uv_size": [
                    12,
                    8
                  ]
                },
                "north": {
                  "uv": [
                    0,
                    56
                  ],
                  "uv_size": [
                    104,
                    8
                  ]
                },
                "south": {
                  "uv": [
                    0,
                    56
                  ],
                  "uv_size": [
                    104,
                    8
                  ]
                },
                "up": {
                  "uv": [
                    11,
                    0
                  ],
                  "uv_size": [
                    104,
                    12
                  ]
                },
                "west": {
                  "uv": [
                    29,
                    55
                  ],
                  "uv_size": [
                    26,
                    2
                  ]
                }
              }
            },
            {
              "origin": [
                -30,
                22,
                -9.5
              ],
              "pivot": [
                -22,
                22.5,
                -7.5
              ],
              "rotation": [
                0,
                90,
                0
              ],
              "size": [
                16,
                1,
                4
              ],
              "uv": {
                "down": {
                  "uv": [
                    34,
                    2
                  ],
                  "uv_size": [
                    56,
                    12
                  ]
                },
                "east": {
                  "uv": [
                    51,
                    20
                  ],
                  "uv_size": [
                    16,
                    4
                  ]
                },
                "north": {
                  "uv": [
                    48,
                    20
                  ],
                  "uv_size": [
                    64,
                    4
                  ]
                },
                "south": {
                  "uv": [
                    48,
                    20
                  ],
                  "uv_size": [
                    64,
                    4
                  ]
                },
                "up": {
                  "uv": [
                    34,
                    2
                  ],
                  "uv_size": [
                    56,
                    12
                  ]
                },
                "west": {
                  "uv": [
                    51,
                    20
                  ],
                  "uv_size": [
                    16,
                    4
                  ]
                }
              }
            },
            {
              "origin": [
                -30,
                22,
                6.5
              ],
              "pivot": [
                -22,
                22.5,
                8.5
              ],
              "rotation": [
                0,
                90,
                0
              ],
              "size": [
                16,
                1,
                4
              ],
              "uv": {
                "down": {
                  "uv": [
                    34,
                    2
                  ],
                  "uv_size": [
                    56,
                    12
                  ]
                },
                "east": {
                  "uv": [
                    51,
                    20
                  ],
                  "uv_size": [
                    16,
                    4
                  ]
                },
                "north": {
                  "uv": [
                    48,
                    20
                  ],
                  "uv_size": [
                    64,
                    4
                  ]
                },
                "south": {
                  "uv": [
                    48,
                    20
                  ],
                  "uv_size": [
                    64,
                    4
                  ]
                },
                "up": {
                  "uv": [
                    34,
                    2
                  ],
                  "uv_size": [
                    56,
                    12
                  ]
                },
                "west": {
                  "uv": [
                    51,
                    20
                  ],
                  "uv_size": [
                    16,
                    4
                  ]
                }
              }
            },
            {
              "origin": [
                14,
                22,
                6.5
              ],
              "pivot": [
                22,
                22.5,
                8.5
              ],
              "rotation": [
                0,
                90,
                0
              ],
              "size": [
                16,
                1,
                4
              ],
              "uv": {
                "down": {
                  "uv": [
                    34,
                    2
                  ],
                  "uv_size": [
                    56,
                    12
                  ]
                },
                "east": {
                  "uv": [
                    51,
                    20
                  ],
                  "uv_size": [
                    16,
                    4
                  ]
                },
                "north": {
                  "uv": [
                    48,
                    20
                  ],
                  "uv_size": [
                    64,
                    4
                  ]
                },
                "south": {
                  "uv": [
                    48,
                    20
                  ],
                  "uv_size": [
                    64,
                    4
                  ]
                },
                "up": {
                  "uv": [
                    34,
                    2
                  ],
                  "uv_size": [
                    56,
                    12
                  ]
                },
                "west": {
                  "uv": [
                    51,
                    20
                  ],
                  "uv_size": [
                    16,
                    4
                  ]
                }
              }
            },
            {
              "origin": [
                14,
                22,
                -9.5
              ],
              "pivot": [
                22,
                22.5,
                -7.5
              ],
              "rotation": [
                0,
                90,
                0
              ],
              "size": [
                16,
                1,
                4
              ],
              "uv": {
                "down": {
                  "uv": [
                    34,
                    2
                  ],
                  "uv_size": [
                    56,
                    12
                  ]
                },
                "east": {
                  "uv": [
                    51,
                    20
                  ],
                  "uv_size": [
                    16,
                    4
                  ]
                },
                "north": {
                  "uv": [
                    48,
                    20
                  ],
                  "uv_size": [
                    64,
                    4
                  ]
                },
                "south": {
                  "uv": [
                    48,
                    20
                  ],
                  "uv_size": [
                    64,
                    4
                  ]
                },
                "up": {
                  "uv": [
                    34,
                    2
                  ],
                  "uv_size": [
                    56,
                    12
                  ]
                },
                "west": {
                  "uv": [
                    51,
                    20
                  ],
                  "uv_size": [
                    16,
                    4
                  ]
                }
              }
            },
            {
              "origin": [
                0,
                23,
                -16
              ],
              "size": [
                32,
                2,
                3
              ],
              "uv": {
                "down": {
                  "uv": [
                    128,
                    14
                  ],
                  "uv_size": [
                    -128,
                    -8
                  ]
                },
                "east": {
                  "uv": [
                    27,
                    8
                  ],
                  "uv_size": [
                    18,
                    8
                  ]
                },
                "north": {
                  "uv": [
                    0,
                    16
                  ],
                  "uv_size": [
                    128,
                    8
                  ]
                },
                "south": {
                  "uv": [
                    0,
                    40
                  ],
                  "uv_size": [
                    128,
                    8
                  ]
                },
                "up": {
                  "uv": [
                    0,
                    32
                  ],
                  "uv_size": [
                    128,
                    12
                  ]
                },
                "west": {
                  "uv": [
                    27,
                    8
                  ],
                  "uv_size": [
                    18,
                    8
                  ]
                }
              }
            },
            {
              "origin": [
                -32,
                23,
                -16
              ],
              "size": [
                32,
                2,
                3
              ],
              "uv": {
                "down": {
                  "uv": [
                    128,
                    14
                  ],
                  "uv_size": [
                    -128,
                    -8
                  ]
                },
                "east": {
                  "uv": [
                    27,
                    8
                  ],
                  "uv_size": [
                    18,
                    8
                  ]
                },
                "north": {
                  "uv": [
                    0,
                    16
                  ],
                  "uv_size": [
                    128,
                    8
                  ]
                },
                "south": {
                  "uv": [
                    0,
                    40
                  ],
                  "uv_size": [
                    128,
                    8
                  ]
                },
                "up": {
                  "uv": [
                    0,
                    32
                  ],
                  "uv_size": [
                    128,
                    12
                  ]
                },
                "west": {
                  "uv": [
                    27,
                    8
                  ],
                  "uv_size": [
                    18,
                    8
                  ]
                }
              }
            },
            {
              "inflate": 0.2,
              "origin": [
                1.12917,
                -1.76386,
                12.85978
              ],
              "pivot": [
                24.12917,
                -0.76386,
                13.85978
              ],
              "rotation": [
                -5,
                -5,
                85
              ],
              "size": [
                24,
                2,
                2
              ],
              "uv": {
                "down": {
                  "uv": [
                    112,
                    23
                  ],
                  "uv_size": [
                    -96,
                    -8
                  ]
                },
                "east": {
                  "uv": [
                    0,
                    31
                  ],
                  "uv_size": [
                    2,
                    24
                  ]
                },
                "north": {
                  "uv": [
                    16,
                    15
                  ],
                  "uv_size": [
                    96,
                    8
                  ]
                },
                "south": {
                  "uv": [
                    16,
                    15
                  ],
                  "uv_size": [
                    96,
                    8
                  ]
                },
                "up": {
                  "uv": [
                    112,
                    23
                  ],
                  "uv_size": [
                    -96,
                    -8
                  ]
                },
                "west": {
                  "uv": [
                    41,
                    69
                  ],
                  "uv_size": [
                    12,
                    12
                  ]
                }
              }
            },
            {
              "inflate": 0.2,
              "origin": [
                -25.12917,
                -1.76386,
                12.85978
              ],
              "pivot": [
                -24.12917,
                -0.76386,
                13.85978
              ],
              "rotation": [
                -5,
                5,
                -85
              ],
              "size": [
                24,
                2,
                2
              ],
              "uv": {
                "down": {
                  "uv": [
                    16,
                    23
                  ],
                  "uv_size": [
                    96,
                    -8
                  ]
                },
                "east": {
                  "uv": [
                    53,
                    69
                  ],
                  "uv_size": [
                    -12,
                    12
                  ]
                },
                "north": {
                  "uv": [
                    112,
                    15
                  ],
                  "uv_size": [
                    -96,
                    8
                  ]
                },
                "south": {
                  "uv": [
                    112,
                    15
                  ],
                  "uv_size": [
                    -96,
                    8
                  ]
                },
                "up": {
                  "uv": [
                    16,
                    23
                  ],
                  "uv_size": [
                    96,
                    -8
                  ]
                },
                "west": {
                  "uv": [
                    2,
                    31
                  ],
                  "uv_size": [
                    -2,
                    24
                  ]
                }
              }
            },
            {
              "inflate": 0.2,
              "origin": [
                -25.12917,
                -1.76386,
                -14.85978
              ],
              "pivot": [
                -24.12917,
                -0.76386,
                -13.85978
              ],
              "rotation": [
                5,
                -5,
                -85
              ],
              "size": [
                24,
                2,
                2
              ],
              "uv": {
                "down": {
                  "uv": [
                    16,
                    15
                  ],
                  "uv_size": [
                    96,
                    8
                  ]
                },
                "east": {
                  "uv": [
                    41,
                    69
                  ],
                  "uv_size": [
                    12,
                    12
                  ]
                },
                "north": {
                  "uv": [
                    16,
                    15
                  ],
                  "uv_size": [
                    96,
                    8
                  ]
                },
                "south": {
                  "uv": [
                    16,
                    15
                  ],
                  "uv_size": [
                    96,
                    8
                  ]
                },
                "up": {
                  "uv": [
                    16,
                    15
                  ],
                  "uv_size": [
                    96,
                    8
                  ]
                },
                "west": {
                  "uv": [
                    0,
                    31
                  ],
                  "uv_size": [
                    2,
                    24
                  ]
                }
              }
            },
            {
              "inflate": 0.2,
              "origin": [
                1.12917,
                -1.76386,
                -14.85978
              ],
              "pivot": [
                24.12917,
                -0.76386,
                -13.85978
              ],
              "rotation": [
                5,
                5,
                85
              ],
              "size": [
                24,
                2,
                2
              ],
              "uv": {
                "down": {
                  "uv": [
                    112,
                    15
                  ],
                  "uv_size": [
                    -96,
                    8
                  ]
                },
                "east": {
                  "uv": [
                    2,
                    31
                  ],
                  "uv_size": [
                    -2,
                    24
                  ]
                },
                "north": {
                  "uv": [
                    112,
                    15
                  ],
                  "uv_size": [
                    -96,
                    8
                  ]
                },
                "south": {
                  "uv": [
                    112,
                    15
                  ],
                  "uv_size": [
                    -96,
                    8
                  ]
                },
                "up": {
                  "uv": [
                    112,
                    15
                  ],
                  "uv_size": [
                    -96,
                    8
                  ]
                },
                "west": {
                  "uv": [
                    53,
                    69
                  ],
                  "uv_size": [
                    -12,
                    12
                  ]
                }
              }
            },
            {
              "origin": [
                -0.75,
                10,
                -3
              ],
              "pivot": [
                18.75,
                28.5,
                10
              ],
              "rotation": [
                0,
                -90,
                0
              ],
              "size": [
                19,
                13,
                0
              ],
              "uv": {
                "down": {
                  "uv": [
                    25,
                    0
                  ],
                  "uv_size": [
                    -25,
                    0
                  ]
                },
                "east": {
                  "uv": [
                    0,
                    0
                  ],
                  "uv_size": [
                    0,
                    7
                  ]
                },
                "north": {
                  "uv": [
                    90,
                    102
                  ],
                  "uv_size": [
                    38,
                    26
                  ]
                },
                "south": {
                  "uv": [
                    0,
                    119
                  ],
                  "uv_size": [
                    17,
                    7
                  ]
                },
                "up": {
                  "uv": [
                    25,
                    0
                  ],
                  "uv_size": [
                    -25,
                    0
                  ]
                },
                "west": {
                  "uv": [
                    0,
                    0
                  ],
                  "uv_size": [
                    0,
                    7
                  ]
                }
              }
            },
            {
              "origin": [
                -18.25,
                10,
                3
              ],
              "pivot": [
                -18.75,
                28.5,
                -10
              ],
              "rotation": [
                0,
                -90,
                0
              ],
              "size": [
                19,
                13,
                0
              ],
              "uv": {
                "down": {
                  "uv": [
                    0,
                    0
                  ],
                  "uv_size": [
                    25,
                    0
                  ]
                },
                "east": {
                  "uv": [
                    0,
                    0
                  ],
                  "uv_size": [
                    0,
                    7
                  ]
                },
                "north": {
                  "uv": [
                    0,
                    119
                  ],
                  "uv_size": [
                    17,
                    7
                  ]
                },
                "south": {
                  "uv": [
                    90,
                    102
                  ],
                  "uv_size": [
                    38,
                    26
                  ]
                },
                "up": {
                  "uv": [
                    0,
                    0
                  ],
                  "uv_size": [
                    25,
                    0
                  ]
                },
                "west": {
                  "uv": [
                    0,
                    0
                  ],
                  "uv_size": [
                    0,
                    7
                  ]
                }
              }
            }
          ],
          "name": "head",
          "pivot": [
            0,
            23,
            0
          ]
        },
        {
          "name": "Leg2",
          "parent": "head",
          "pivot": [
            -15,
            22.5,
            12.5
          ],
          "rotation": [
            5,
            0,
            5
          ]
        },
        {
          "name": "Leg5",
          "parent": "head",
          "pivot": [
            15,
            22.5,
            -11.5
          ],
          "rotation": [
            -5,
            0,
            -5
          ]
        },
        {
          "name": "Leg4",
          "parent": "head",
          "pivot": [
            -15,
            22.5,
            -11.5
          ],
          "rotation": [
            -5,
            0,
            5
          ]
        }
      ],
      "description": {
        "identifier": "geometry.furniture.hub.table",
        "texture_height": 128,
        "texture_width": 128,
        "visible_bounds_height": 5,
        "visible_bounds_offset": [
          0,
          1.5,
          0
        ],
        "visible_bounds_width": 7
      }
    }
  ]
}