{
  "format_version": "1.12.0",
  "minecraft:geometry": [
    {
      "bones": [
        {
          "name": "item",
          "pivot": [
            1,
            9,
            0
          ]
        },
        {
          "name": "spin",
          "parent": "item",
          "pivot": [
            1.02159,
            8.35,
            -0.15577
          ]
        },
        {
          "cubes": [
            {
              "origin": [
                -0.7721,
                5.1,
                -3.07729
              ],
              "size": [
                3.2,
                3.2,
                6
              ],
              "uv": {
                "down": {
                  "uv": [
                    1,
                    31
                  ],
                  "uv_size": [
                    3,
                    -6
                  ]
                },
                "east": {
                  "uv": [
                    16,
                    6
                  ],
                  "uv_size": [
                    6,
                    3
                  ]
                },
                "north": {
                  "uv": [
                    25,
                    15
                  ],
                  "uv_size": [
                    3,
                    3
                  ]
                },
                "south": {
                  "uv": [
                    25,
                    18
                  ],
                  "uv_size": [
                    3,
                    3
                  ]
                },
                "up": {
                  "uv": [
                    16,
                    12
                  ],
                  "uv_size": [
                    3,
                    6.1
                  ]
                },
                "west": {
                  "uv": [
                    16,
                    9
                  ],
                  "uv_size": [
                    6,
                    3
                  ]
                }
              }
            },
            {
              "origin": [
                -0.0721,
                5.1,
                -3.57729
              ],
              "size": [
                2,
                2,
                0.5
              ],
              "uv": {
                "down": {
                  "uv": [
                    30,
                    17.5
                  ],
                  "uv_size": [
                    2,
                    -0.5
                  ]
                },
                "east": {
                  "uv": [
                    29.5,
                    13
                  ],
                  "uv_size": [
                    0.5,
                    2
                  ]
                },
                "north": {
                  "uv": [
                    30,
                    13
                  ],
                  "uv_size": [
                    2,
                    2
                  ]
                },
                "south": {
                  "uv": [
                    30,
                    15
                  ],
                  "uv_size": [
                    2,
                    2
                  ]
                },
                "up": {
                  "uv": [
                    30,
                    17.5
                  ],
                  "uv_size": [
                    2,
                    0.5
                  ]
                },
                "west": {
                  "uv": [
                    29,
                    13
                  ],
                  "uv_size": [
                    0.5,
                    2
                  ]
                }
              }
            },
            {
              "origin": [
                -2.18789,
                5.1,
                -1.66308
              ],
              "size": [
                6.03,
                3.2,
                3.2
              ],
              "uv": {
                "down": {
                  "uv": [
                    1,
                    31
                  ],
                  "uv_size": [
                    6,
                    -3
                  ]
                },
                "east": {
                  "uv": [
                    25,
                    21
                  ],
                  "uv_size": [
                    3,
                    3
                  ]
                },
                "north": {
                  "uv": [
                    19,
                    12
                  ],
                  "uv_size": [
                    6,
                    3
                  ]
                },
                "south": {
                  "uv": [
                    19,
                    15
                  ],
                  "uv_size": [
                    6,
                    3
                  ]
                },
                "up": {
                  "uv": [
                    16.5,
                    21
                  ],
                  "uv_size": [
                    8.5,
                    3
                  ]
                },
                "west": {
                  "uv": [
                    27,
                    4
                  ],
                  "uv_size": [
                    3,
                    3
                  ]
                }
              }
            },
            {
              "origin": [
                -2.70625,
                5.09,
                -4.97019
              ],
              "pivot": [
                5.39775,
                7.5,
                -2.37019
              ],
              "rotation": [
                0,
                45,
                0
              ],
              "size": [
                6.504,
                3.2,
                2
              ],
              "uv": {
                "down": {
                  "uv": [
                    1,
                    31
                  ],
                  "uv_size": [
                    6.5,
                    -2
                  ]
                },
                "east": {
                  "uv": [
                    28,
                    15
                  ],
                  "uv_size": [
                    2,
                    3
                  ]
                },
                "north": {
                  "uv": [
                    16,
                    0
                  ],
                  "uv_size": [
                    6.5,
                    3
                  ]
                },
                "south": {
                  "uv": [
                    16,
                    3
                  ],
                  "uv_size": [
                    6.5,
                    3
                  ]
                },
                "up": {
                  "uv": [
                    23,
                    0
                  ],
                  "uv_size": [
                    6.5,
                    2
                  ]
                },
                "west": {
                  "uv": [
                    28,
                    18
                  ],
                  "uv_size": [
                    2,
                    3
                  ]
                }
              }
            },
            {
              "origin": [
                -2.14195,
                5.09,
                -4.97019
              ],
              "pivot": [
                -3.74195,
                7.5,
                -2.37019
              ],
              "rotation": [
                0,
                -45,
                0
              ],
              "size": [
                6.504,
                3.2,
                2
              ],
              "uv": {
                "down": {
                  "uv": [
                    7.5,
                    31
                  ],
                  "uv_size": [
                    -6.5,
                    -2
                  ]
                },
                "east": {
                  "uv": [
                    30,
                    18
                  ],
                  "uv_size": [
                    -2,
                    3
                  ]
                },
                "north": {
                  "uv": [
                    22.5,
                    0
                  ],
                  "uv_size": [
                    -6.5,
                    3
                  ]
                },
                "south": {
                  "uv": [
                    22.5,
                    3
                  ],
                  "uv_size": [
                    -6.5,
                    3
                  ]
                },
                "up": {
                  "uv": [
                    29.5,
                    0
                  ],
                  "uv_size": [
                    -6.5,
                    2
                  ]
                },
                "west": {
                  "uv": [
                    30,
                    15
                  ],
                  "uv_size": [
                    -2,
                    3
                  ]
                }
              }
            }
          ],
          "name": "bone",
          "parent": "spin",
          "pivot": [
            0.83145,
            6.7,
            -0.07043
          ]
        },
        {
          "cubes": [
            {
              "origin": [
                -0.25095,
                7.92,
                -2.10006
              ],
              "size": [
                2.16,
                2.91,
                4.05
              ],
              "uv": {
                "down": {
                  "uv": [
                    16,
                    31
                  ],
                  "uv_size": [
                    2,
                    -4
                  ]
                },
                "east": {
                  "uv": [
                    16,
                    24
                  ],
                  "uv_size": [
                    4,
                    3
                  ]
                },
                "north": {
                  "uv": [
                    28,
                    21
                  ],
                  "uv_size": [
                    2,
                    3
                  ]
                },
                "south": {
                  "uv": [
                    28,
                    24
                  ],
                  "uv_size": [
                    2,
                    3
                  ]
                },
                "up": {
                  "uv": [
                    27,
                    7
                  ],
                  "uv_size": [
                    2,
                    4
                  ]
                },
                "west": {
                  "uv": [
                    20,
                    24
                  ],
                  "uv_size": [
                    4,
                    3
                  ]
                }
              }
            },
            {
              "origin": [
                -1.18635,
                7.92,
                -1.14547
              ],
              "size": [
                4.05,
                2.91,
                2.16
              ],
              "uv": {
                "down": {
                  "uv": [
                    18,
                    29
                  ],
                  "uv_size": [
                    4,
                    -2
                  ]
                },
                "east": {
                  "uv": [
                    29,
                    7
                  ],
                  "uv_size": [
                    2,
                    3
                  ]
                },
                "north": {
                  "uv": [
                    24,
                    24
                  ],
                  "uv_size": [
                    4,
                    3
                  ]
                },
                "south": {
                  "uv": [
                    25,
                    12
                  ],
                  "uv_size": [
                    4,
                    3
                  ]
                },
                "up": {
                  "uv": [
                    23,
                    4
                  ],
                  "uv_size": [
                    4,
                    2
                  ]
                },
                "west": {
                  "uv": [
                    29,
                    10
                  ],
                  "uv_size": [
                    2,
                    3
                  ]
                }
              }
            },
            {
              "origin": [
                -1.5565,
                7.91,
                -3.37777
              ],
              "pivot": [
                3.9137,
                9.54,
                -1.62277
              ],
              "rotation": [
                0,
                45,
                0
              ],
              "size": [
                4.3902,
                2.91,
                1.35
              ],
              "uv": {
                "down": {
                  "uv": [
                    27,
                    28.5
                  ],
                  "uv_size": [
                    4.5,
                    -1.5
                  ]
                },
                "east": {
                  "uv": [
                    18,
                    29
                  ],
                  "uv_size": [
                    1.5,
                    3
                  ]
                },
                "north": {
                  "uv": [
                    22,
                    6
                  ],
                  "uv_size": [
                    4.5,
                    3
                  ]
                },
                "south": {
                  "uv": [
                    22,
                    9
                  ],
                  "uv_size": [
                    4.5,
                    3
                  ]
                },
                "up": {
                  "uv": [
                    22,
                    27
                  ],
                  "uv_size": [
                    4.5,
                    1.5
                  ]
                },
                "west": {
                  "uv": [
                    20,
                    29
                  ],
                  "uv_size": [
                    1.5,
                    3
                  ]
                }
              }
            },
            {
              "origin": [
                -1.17559,
                7.91,
                -3.37777
              ],
              "pivot": [
                -2.25559,
                9.54,
                -1.62277
              ],
              "rotation": [
                0,
                -45,
                0
              ],
              "size": [
                4.3902,
                2.91,
                1.35
              ],
              "uv": {
                "down": {
                  "uv": [
                    31.5,
                    28.5
                  ],
                  "uv_size": [
                    -4.5,
                    -1.5
                  ]
                },
                "east": {
                  "uv": [
                    21.5,
                    29
                  ],
                  "uv_size": [
                    -1.5,
                    3
                  ]
                },
                "north": {
                  "uv": [
                    26.5,
                    6
                  ],
                  "uv_size": [
                    -4.5,
                    3
                  ]
                },
                "south": {
                  "uv": [
                    26.5,
                    9
                  ],
                  "uv_size": [
                    -4.5,
                    3
                  ]
                },
                "up": {
                  "uv": [
                    26.5,
                    27
                  ],
                  "uv_size": [
                    -4.5,
                    1.5
                  ]
                },
                "west": {
                  "uv": [
                    19.5,
                    29
                  ],
                  "uv_size": [
                    -1.5,
                    3
                  ]
                }
              }
            }
          ],
          "name": "bone3",
          "parent": "spin",
          "pivot": [
            0.83145,
            9,
            -0.07043
          ],
          "rotation": [
            -10,
            0,
            0
          ]
        },
        {
          "cubes": [
            {
              "origin": [
                0.11707,
                10.26332,
                -0.84216
              ],
              "size": [
                1.4256,
                1.9206,
                2.673
              ],
              "uv": {
                "down": {
                  "uv": [
                    16,
                    31
                  ],
                  "uv_size": [
                    2,
                    -4
                  ]
                },
                "east": {
                  "uv": [
                    16,
                    24
                  ],
                  "uv_size": [
                    4,
                    3
                  ]
                },
                "north": {
                  "uv": [
                    28,
                    21
                  ],
                  "uv_size": [
                    2,
                    3
                  ]
                },
                "south": {
                  "uv": [
                    28,
                    24
                  ],
                  "uv_size": [
                    2,
                    3
                  ]
                },
                "up": {
                  "uv": [
                    27,
                    7
                  ],
                  "uv_size": [
                    2,
                    4
                  ]
                },
                "west": {
                  "uv": [
                    20,
                    24
                  ],
                  "uv_size": [
                    4,
                    3
                  ]
                }
              }
            },
            {
              "origin": [
                -0.5003,
                10.26332,
                -0.21213
              ],
              "size": [
                2.673,
                1.9206,
                1.4256
              ],
              "uv": {
                "down": {
                  "uv": [
                    18,
                    29
                  ],
                  "uv_size": [
                    4,
                    -2
                  ]
                },
                "east": {
                  "uv": [
                    29,
                    7
                  ],
                  "uv_size": [
                    2,
                    3
                  ]
                },
                "north": {
                  "uv": [
                    24,
                    24
                  ],
                  "uv_size": [
                    4,
                    3
                  ]
                },
                "south": {
                  "uv": [
                    25,
                    12
                  ],
                  "uv_size": [
                    4,
                    3
                  ]
                },
                "up": {
                  "uv": [
                    23,
                    4
                  ],
                  "uv_size": [
                    4,
                    2
                  ]
                },
                "west": {
                  "uv": [
                    29,
                    10
                  ],
                  "uv_size": [
                    2,
                    3
                  ]
                }
              }
            },
            {
              "origin": [
                0.0727,
                12.16332,
                -0.21213
              ],
              "size": [
                1.5,
                2,
                1.5
              ],
              "uv": {
                "down": {
                  "uv": [
                    16,
                    20
                  ],
                  "uv_size": [
                    1.5,
                    -1.5
                  ]
                },
                "east": {
                  "uv": [
                    23.5,
                    18
                  ],
                  "uv_size": [
                    1.5,
                    2
                  ]
                },
                "north": {
                  "uv": [
                    19,
                    18
                  ],
                  "uv_size": [
                    1.5,
                    2
                  ]
                },
                "south": {
                  "uv": [
                    22,
                    18
                  ],
                  "uv_size": [
                    1.5,
                    2
                  ]
                },
                "up": {
                  "uv": [
                    17.5,
                    18.5
                  ],
                  "uv_size": [
                    1.5,
                    1.5
                  ]
                },
                "west": {
                  "uv": [
                    20.5,
                    18
                  ],
                  "uv_size": [
                    1.5,
                    2
                  ]
                }
              }
            },
            {
              "origin": [
                -0.7446,
                10.25672,
                -1.68544
              ],
              "pivot": [
                2.86574,
                11.33252,
                -0.52714
              ],
              "rotation": [
                0,
                45,
                0
              ],
              "size": [
                2.89753,
                1.9206,
                0.891
              ],
              "uv": {
                "down": {
                  "uv": [
                    27,
                    28.5
                  ],
                  "uv_size": [
                    4.5,
                    -1.5
                  ]
                },
                "east": {
                  "uv": [
                    18,
                    29
                  ],
                  "uv_size": [
                    1.5,
                    3
                  ]
                },
                "north": {
                  "uv": [
                    22,
                    6
                  ],
                  "uv_size": [
                    4.5,
                    3
                  ]
                },
                "south": {
                  "uv": [
                    22,
                    9
                  ],
                  "uv_size": [
                    4.5,
                    3
                  ]
                },
                "up": {
                  "uv": [
                    22,
                    27
                  ],
                  "uv_size": [
                    4.5,
                    1.5
                  ]
                },
                "west": {
                  "uv": [
                    20,
                    29
                  ],
                  "uv_size": [
                    1.5,
                    3
                  ]
                }
              }
            },
            {
              "origin": [
                -0.4932,
                10.25672,
                -1.68544
              ],
              "pivot": [
                -1.206,
                11.33252,
                -0.52714
              ],
              "rotation": [
                0,
                -45,
                0
              ],
              "size": [
                2.89753,
                1.9206,
                0.891
              ],
              "uv": {
                "down": {
                  "uv": [
                    31.5,
                    28.5
                  ],
                  "uv_size": [
                    -4.5,
                    -1.5
                  ]
                },
                "east": {
                  "uv": [
                    21.5,
                    29
                  ],
                  "uv_size": [
                    -1.5,
                    3
                  ]
                },
                "north": {
                  "uv": [
                    26.5,
                    6
                  ],
                  "uv_size": [
                    -4.5,
                    3
                  ]
                },
                "south": {
                  "uv": [
                    26.5,
                    9
                  ],
                  "uv_size": [
                    -4.5,
                    3
                  ]
                },
                "up": {
                  "uv": [
                    26.5,
                    27
                  ],
                  "uv_size": [
                    -4.5,
                    1.5
                  ]
                },
                "west": {
                  "uv": [
                    19.5,
                    29
                  ],
                  "uv_size": [
                    -1.5,
                    3
                  ]
                }
              }
            }
          ],
          "name": "bone4",
          "parent": "spin",
          "pivot": [
            0.83145,
            11.22032,
            0.4974
          ],
          "rotation": [
            -25,
            0,
            0
          ]
        },
        {
          "cubes": [
            {
              "origin": [
                -7.25,
                5.1,
                -8
              ],
              "size": [
                16,
                0,
                16
              ],
              "uv": {
                "down": {
                  "uv": [
                    0,
                    32
                  ],
                  "uv_size": [
                    16,
                    -16
                  ]
                },
                "east": {
                  "uv": [
                    0,
                    0
                  ],
                  "uv_size": [
                    16,
                    0
                  ]
                },
                "north": {
                  "uv": [
                    0,
                    0
                  ],
                  "uv_size": [
                    16,
                    0
                  ]
                },
                "south": {
                  "uv": [
                    0,
                    0
                  ],
                  "uv_size": [
                    16,
                    0
                  ]
                },
                "up": {
                  "uv": [
                    0,
                    0
                  ],
                  "uv_size": [
                    16,
                    16
                  ]
                },
                "west": {
                  "uv": [
                    0,
                    0
                  ],
                  "uv_size": [
                    16,
                    0
                  ]
                }
              }
            }
          ],
          "name": "bone2",
          "parent": "spin",
          "pivot": [
            1,
            5.5,
            0
          ]
        }
      ],
      "description": {
        "identifier": "geometry.vip-levels.menu",
        "texture_height": 32,
        "texture_width": 32,
        "visible_bounds_height": 3.5,
        "visible_bounds_offset": [
          0,
          1.25,
          0
        ],
        "visible_bounds_width": 4
      }
    }
  ]
}