{"format_version":"1.10.0","minecraft:client_entity":{"description":{"animations":{"controller_move":"controller.animation.interact","idle":"animation.amethyst_crystal.idle","interact":"animation.amethyst_crystal.idle"},"geometry":{"default":"geometry.amethyst_crystal"},"identifier":"inpvp:amethyst_crystal","materials":{"default":"entity_alphatest"},"particle_effects":{"magic":"inpvp:magic_small"},"render_controllers":["controller.render.base"],"scripts":{"animate":["controller_move"]},"textures":{"default":"textures/entity/Prison/amethyst_crystal"}}}}