{"format_version":"1.10.0","minecraft:client_entity":{"description":{"animations":{"controller_move":"controller.animation.interact","idle":"animation.amethyst_staff.idle","interact":"animation.amethyst_staff.quirk"},"geometry":{"default":"geometry.amethyst_staff"},"identifier":"inpvp:amethyst_staff","materials":{"default":"entity_alphatest"},"particle_effects":{"magic":"inpvp:magic"},"render_controllers":["controller.render.base"],"scripts":{"animate":["controller_move"]},"textures":{"default":"textures/entity/Prison/amethyst_staff"}}}}