{"format_version":"1.10.0","minecraft:client_entity":{"description":{"animations":{"controller_move":"controller.animation.interact","idle":"animation.pedestal","interact":"animation.pedestal"},"geometry":{"default":"geometry.crying_obsidian_trophy"},"identifier":"inpvp:crying_obsidian_trophy","materials":{"default":"entity_alphatest"},"render_controllers":["controller.render.base"],"scripts":{"animate":["controller_move"]},"textures":{"default":"textures/entity/Prison/crying_obsidian_trophy"}}}}