{"format_version":"1.10.0","minecraft:client_entity":{"description":{"animations":{"controller_move":"controller.animation.fivestates","state0":"animation.knight_armor.quirk_idle","state1":"animation.knight_armor.quirk","state2":"animation.knight_armor.quirk_idle","state3":"animation.knight_armor.quirk_quirk","state4":"animation.knight_armor.quirk_idle"},"geometry":{"default":"geometry.knight_armor"},"identifier":"inpvp:knight_armor","materials":{"default":"entity_alphatest"},"particle_effects":{"magic":"inpvp:magic_small"},"render_controllers":["controller.render.base"],"scripts":{"animate":["controller_move"]},"textures":{"default":"textures/entity/Prison/knight_armor"}}}}