{"format_version":"1.10.0","minecraft:client_entity":{"description":{"animations":{"controller_move":"controller.animation.moving","idle":"animation.mysticpickaxe.idle","walk":"animation.mysticpickaxe.idle"},"geometry":{"default":"geometry.pedestal_mysticpickaxe"},"identifier":"inpvp:pedestal_mysticpickaxe","materials":{"default":"entity_alphatest"},"render_controllers":["controller.render.base"],"scripts":{"animate":["controller_move"]},"textures":{"default":"textures/entity/Prison/pedestal_mysticpickaxe"}}}}