{
  "format_version": "1.14.0",
  "sound_definitions": {
    "bday.melody": {
      "category": "neutral",
      "sounds": [
        "sounds/bday_melody"
      ]
    },
    "gunshot": {
      "category": "neutral",
      "sounds": [
        "sounds/gunshot"
      ]
    },
    "lol.bruh": {
      "category": "neutral",
      "sounds": [
        "sounds/bruh"
      ]
    },
    "lol.bruhslow": {
      "category": "neutral",
      "sounds": [
        "sounds/bruhslow"
      ]
    },
    "missile.launch": {
      "category": "neutral",
      "sounds": [
        "sounds/missile_launch"
      ]
    },
    "reverb.fart": {
      "category": "neutral",
      "sounds": [
        "sounds/reverb_fart"
      ]
    },
    "reverb.fart.long": {
      "category": "neutral",
      "sounds": [
        "sounds/reverb_fart_long"
      ]
    },
    "tada": {
      "category": "neutral",
      "sounds": [
        "sounds/tada"
      ]
    },
    "vine.boom": {
      "category": "neutral",
      "sounds": [
        "sounds/vineboom"
      ]
    }
  }
}