{"version":1,"content":[{"path":"manifest.json"},{"path":"pack_icon.png"},{"path":"animations/blocktris.json","key":"1Z5LiV32wo1ynHfi6NUV8x6zhNsQQrog"},{"path":"animations/escape.json","key":"3d5RWQ9QG2hYdebdZImRLt5U62dIRrwF"},{"path":"animations/nether_village.json","key":"OKCtyHPlPihWDSo8LgfK1tFKM1GQTTHc"},{"path":"animations/platformer.json","key":"GpQilxtCIeSZINlwlLM0X9uV7pBUg4HF"},{"path":"entity/blocktris.json","key":"zdVtILqxsCkYBLThvrcwLEmByeXPETDe"},{"path":"entity/escape.json","key":"u4dVGckujGseXE5zEFZGNR9ReTymBYZB"},{"path":"entity/nether_village.json","key":"g6QV4aKTY8SWg5shP5esUHwWAoYVGKlc"},{"path":"entity/platformer.json","key":"xW8Sl62EmAXtOcH2Utt6PW8raklcuo2q"},{"path":"entity/pumpkin.json","key":"n6ncNGYKypXGOENz6pwhdvZF5xWhsq4e"},{"path":"texts/en_US.lang","key":"YaFAHsfluNzrXLuvBkoKuN1xCPccoIo1"},{"path":"texts/languages.json","key":"8C5C0OZjDa5vPyx1GRLRWRHnqOjCj9Rf"},{"path":"models/entity/blocktris.json"},{"path":"models/entity/escape.json"},{"path":"models/entity/nether_village.json"},{"path":"models/entity/platformer.json"},{"path":"models/entity/pumpkin.json"},{"path":"textures/entity/blocktris.png","key":"t8RDTHOnPjHL3uViVpwQpM65ut6Y46I4"},{"path":"textures/entity/escape.png","key":"6MUelz1u5EXMVsYqPFx3WT8t51ECjN57"},{"path":"textures/entity/nether_village.png","key":"M0s37zJQXZRTmGdS7bBHigTrFoLOvDrg"},{"path":"textures/entity/platformer.png","key":"441IPTyB4iAju1foWkut4zjOMP8C2QjA"},{"path":"textures/entity/pumpkin.png","key":"92pOfvkCoqcOjkXIMHWIRTfu3Naqs0sU"},{"path":"signatures.json","key":"9e3JVOzc1rJm5OmlN4nFldwMi4rZBbOK"}]}