[{"hash":"CnHSl0gH3pJvtlXOum7fxjg9nLStX/DsFVodY0X5tZE=","path":"manifest.json"},{"hash":"ag39u5CszHyCiUl0LKaKS02CTSYWIvl5Kfnq5AoZqfY=","path":"pack_icon.png"},{"hash":"VfkcqBH/N8A9rsc8S23N9tVlc871k2qs5DrQyp+eLfs=","path":"models/entity/blocktris.json"},{"hash":"B3GVBGio3TgNrzubbcxlWclIuPfmVDeJvzTXdNvmEVE=","path":"models/entity/escape.json"},{"hash":"dF3D6DpqLsbps6e/aNNUWpTCg+MumRZ+V+3X4XXMNq8=","path":"models/entity/nether_village.json"},{"hash":"J2xVJ5MNNTCOFk52Uz/9FGAa9aJZ+tE6oWKGDbpzI5s=","path":"models/entity/platformer.json"},{"hash":"6ssrfICbBciWbl5PNVh8/D9ttGXuYxxpcuPuNtg7O4s=","path":"models/entity/pumpkin.json"}]