{
  "animations": {
    "animation.cubecraft.marketplace.idle": {
      "animation_length": 9.5,
      "bones": {
        "Backleg1": {
          "rotation": {
            "1.125": {
              "lerp_mode": "catmullrom",
              "post": [
                0,
                0,
                0
              ]
            },
            "1.5": {
              "lerp_mode": "catmullrom",
              "post": [
                7.59,
                0,
                0
              ]
            },
            "2.25": {
              "lerp_mode": "catmullrom",
              "post": [
                -30.31,
                0,
                0
              ]
            },
            "2.625": {
              "lerp_mode": "catmullrom",
              "post": [
                -25,
                0,
                0
              ]
            },
            "3.0": {
              "lerp_mode": "catmullrom",
              "post": [
                -15,
                0,
                0
              ]
            },
            "3.5": {
              "lerp_mode": "catmullrom",
              "post": [
                -15,
                0,
                0
              ]
            },
            "5.1667": {
              "lerp_mode": "catmullrom",
              "post": [
                -16.84,
                0,
                0
              ]
            },
            "5.5": {
              "lerp_mode": "catmullrom",
              "post": [
                -14.1,
                0,
                0
              ]
            },
            "5.8333": {
              "lerp_mode": "catmullrom",
              "post": [
                -21.66,
                0,
                0
              ]
            },
            "6.1667": {
              "lerp_mode": "catmullrom",
              "post": [
                -16.84,
                0,
                0
              ]
            },
            "6.5": {
              "lerp_mode": "catmullrom",
              "post": [
                -14.1,
                0,
                0
              ]
            },
            "6.8333": {
              "lerp_mode": "catmullrom",
              "post": [
                -21.66,
                0,
                0
              ]
            },
            "7.5": {
              "lerp_mode": "catmullrom",
              "post": [
                -15,
                0,
                0
              ]
            },
            "8.2083": {
              "lerp_mode": "catmullrom",
              "post": [
                2.8,
                0,
                0
              ]
            },
            "9.5": {
              "lerp_mode": "catmullrom",
              "post": [
                0,
                0,
                0
              ]
            }
          }
        },
        "Backleg2": {
          "rotation": {
            "1.125": {
              "lerp_mode": "catmullrom",
              "post": [
                0,
                0,
                0
              ]
            },
            "2.25": {
              "lerp_mode": "catmullrom",
              "post": [
                -17.5,
                0,
                0
              ]
            },
            "2.625": {
              "lerp_mode": "catmullrom",
              "post": [
                -12.5,
                0,
                0
              ]
            },
            "3.0": {
              "lerp_mode": "catmullrom",
              "post": [
                -15,
                0,
                0
              ]
            },
            "3.5": {
              "lerp_mode": "catmullrom",
              "post": [
                -15,
                0,
                0
              ]
            },
            "5.5": {
              "lerp_mode": "catmullrom",
              "post": [
                -17.62,
                0,
                0
              ]
            },
            "6.5": {
              "lerp_mode": "catmullrom",
              "post": [
                -17.62,
                0,
                0
              ]
            },
            "7.5": {
              "lerp_mode": "catmullrom",
              "post": [
                -15,
                0,
                0
              ]
            },
            "9.5": {
              "lerp_mode": "catmullrom",
              "post": [
                0,
                0,
                0
              ]
            }
          }
        },
        "Velociraptor": {
          "position": {
            "1.125": {
              "lerp_mode": "catmullrom",
              "post": [
                0,
                0,
                0
              ]
            },
            "2.25": {
              "lerp_mode": "catmullrom",
              "post": [
                -2,
                -8,
                -7
              ]
            },
            "7.5": {
              "lerp_mode": "catmullrom",
              "post": [
                -2,
                -8,
                -7
              ]
            },
            "8.5": {
              "lerp_mode": "catmullrom",
              "post": [
                -1.25,
                3.01,
                -4.37
              ]
            },
            "9.5": {
              "lerp_mode": "catmullrom",
              "post": [
                0,
                0,
                0
              ]
            }
          },
          "rotation": {
            "1.125": {
              "lerp_mode": "catmullrom",
              "post": [
                0,
                0,
                0
              ]
            },
            "2.25": {
              "lerp_mode": "catmullrom",
              "post": [
                -5,
                360,
                -7.5
              ]
            },
            "3.0": {
              "lerp_mode": "catmullrom",
              "post": [
                -5,
                360,
                0
              ]
            },
            "3.5": {
              "lerp_mode": "catmullrom",
              "post": [
                -5,
                360,
                0
              ]
            },
            "4.8333": {
              "lerp_mode": "catmullrom",
              "post": [
                -5,
                360,
                5.2
              ]
            },
            "5.1667": {
              "lerp_mode": "catmullrom",
              "post": [
                -5,
                360,
                -4.5
              ]
            },
            "5.5": {
              "lerp_mode": "catmullrom",
              "post": [
                -5,
                360,
                3.27
              ]
            },
            "5.8333": {
              "lerp_mode": "catmullrom",
              "post": [
                -5,
                360,
                -2
              ]
            },
            "6.1667": {
              "lerp_mode": "catmullrom",
              "post": [
                -5,
                360,
                5.5
              ]
            },
            "6.5": {
              "lerp_mode": "catmullrom",
              "post": [
                -5,
                360,
                -1.73
              ]
            },
            "6.8333": {
              "lerp_mode": "catmullrom",
              "post": [
                -5,
                360,
                5.5
              ]
            },
            "7.5": {
              "lerp_mode": "catmullrom",
              "post": [
                -5,
                360,
                0
              ]
            },
            "8.5": {
              "lerp_mode": "catmullrom",
              "post": [
                22.5,
                360,
                0
              ]
            },
            "9.5": {
              "lerp_mode": "catmullrom",
              "post": [
                0,
                360,
                0
              ]
            }
          }
        },
        "back": {
          "rotation": {
            "1.125": {
              "lerp_mode": "catmullrom",
              "post": [
                0,
                0,
                0
              ]
            },
            "2.25": {
              "lerp_mode": "catmullrom",
              "post": [
                -17.5,
                0,
                0
              ]
            },
            "2.625": {
              "lerp_mode": "catmullrom",
              "post": [
                -17.5,
                0,
                -10
              ]
            },
            "3.0": {
              "lerp_mode": "catmullrom",
              "post": [
                -17.5,
                0,
                0
              ]
            },
            "3.5": {
              "lerp_mode": "catmullrom",
              "post": [
                -17.5,
                0,
                0
              ]
            },
            "7.5": {
              "lerp_mode": "catmullrom",
              "post": [
                -17.5,
                0,
                0
              ]
            },
            "9.5": {
              "lerp_mode": "catmullrom",
              "post": [
                0,
                0,
                0
              ]
            }
          }
        },
        "bone10": {
          "rotation": {
            "1.125": {
              "lerp_mode": "catmullrom",
              "post": [
                0,
                0,
                0
              ]
            },
            "2.25": {
              "lerp_mode": "catmullrom",
              "post": [
                -20,
                0,
                0
              ]
            },
            "8.5": {
              "lerp_mode": "catmullrom",
              "post": [
                -8.22,
                0,
                0
              ]
            },
            "8.75": {
              "lerp_mode": "catmullrom",
              "post": [
                -15.72,
                0,
                0
              ]
            },
            "9.0": {
              "lerp_mode": "catmullrom",
              "post": [
                3.38,
                0,
                0
              ]
            },
            "9.5": {
              "lerp_mode": "catmullrom",
              "post": [
                0,
                0,
                0
              ]
            }
          }
        },
        "bone11": {
          "rotation": {
            "1.0": {
              "lerp_mode": "catmullrom",
              "post": [
                0,
                0,
                0
              ]
            },
            "9.0": {
              "lerp_mode": "catmullrom",
              "post": [
                -15,
                0,
                0
              ]
            },
            "9.5": {
              "lerp_mode": "catmullrom",
              "post": [
                0,
                0,
                0
              ]
            }
          }
        },
        "bone12": {
          "rotation": {
            "1.0": {
              "lerp_mode": "catmullrom",
              "post": [
                0,
                0,
                0
              ]
            },
            "8.75": {
              "lerp_mode": "catmullrom",
              "post": [
                5,
                0,
                0
              ]
            },
            "9.5": {
              "lerp_mode": "catmullrom",
              "post": [
                0,
                0,
                0
              ]
            }
          }
        },
        "bone2": {
          "rotation": {
            "0.0": {
              "lerp_mode": "catmullrom",
              "post": [
                0,
                0,
                0
              ]
            },
            "0.75": {
              "lerp_mode": "catmullrom",
              "post": [
                0,
                -17.5,
                0
              ]
            },
            "1.875": {
              "lerp_mode": "catmullrom",
              "post": [
                0,
                -17.5,
                0
              ]
            },
            "3.0": {
              "lerp_mode": "catmullrom",
              "post": [
                20,
                0,
                0
              ]
            },
            "3.5": {
              "lerp_mode": "catmullrom",
              "post": [
                20,
                0,
                0
              ]
            },
            "7.5": {
              "lerp_mode": "catmullrom",
              "post": [
                20,
                0,
                0
              ]
            },
            "9.5": {
              "lerp_mode": "catmullrom",
              "post": [
                0,
                0,
                0
              ]
            }
          }
        },
        "bone3": {
          "rotation": {
            "0.0": {
              "lerp_mode": "catmullrom",
              "post": [
                0,
                0,
                0
              ]
            },
            "0.75": {
              "lerp_mode": "catmullrom",
              "post": [
                0,
                -17.5,
                0
              ]
            },
            "1.875": {
              "lerp_mode": "catmullrom",
              "post": [
                0,
                -17.5,
                0
              ]
            },
            "3.0": {
              "lerp_mode": "catmullrom",
              "post": [
                22.5,
                0,
                0
              ]
            },
            "3.5": {
              "lerp_mode": "catmullrom",
              "post": [
                22.5,
                0,
                0
              ]
            },
            "7.5": {
              "lerp_mode": "catmullrom",
              "post": [
                22.5,
                0,
                0
              ]
            },
            "9.5": {
              "lerp_mode": "catmullrom",
              "post": [
                0,
                0,
                0
              ]
            }
          }
        },
        "bone4": {
          "rotation": {
            "0.0": {
              "lerp_mode": "catmullrom",
              "post": [
                0,
                0,
                0
              ]
            },
            "0.75": {
              "lerp_mode": "catmullrom",
              "post": [
                0,
                -22.5,
                0
              ]
            },
            "1.875": {
              "lerp_mode": "catmullrom",
              "post": [
                0,
                -22.5,
                0
              ]
            },
            "3.0": {
              "lerp_mode": "catmullrom",
              "post": [
                20,
                0,
                0
              ]
            },
            "3.5": {
              "lerp_mode": "catmullrom",
              "post": [
                20,
                0,
                0
              ]
            },
            "7.5": {
              "lerp_mode": "catmullrom",
              "post": [
                20,
                0,
                0
              ]
            },
            "9.5": {
              "lerp_mode": "catmullrom",
              "post": [
                0,
                0,
                0
              ]
            }
          }
        },
        "bone5": {
          "rotation": {
            "1.125": {
              "lerp_mode": "catmullrom",
              "post": [
                0,
                0,
                0
              ]
            },
            "1.5": {
              "lerp_mode": "catmullrom",
              "post": [
                9.07,
                0,
                0
              ]
            },
            "2.25": {
              "lerp_mode": "catmullrom",
              "post": [
                -20,
                0,
                0
              ]
            },
            "7.5": {
              "lerp_mode": "catmullrom",
              "post": [
                2.61,
                0,
                0
              ]
            },
            "8.2083": {
              "lerp_mode": "catmullrom",
              "post": [
                11.2,
                0,
                0
              ]
            },
            "9.0": {
              "lerp_mode": "catmullrom",
              "post": [
                -10.57,
                0,
                0
              ]
            },
            "9.5": {
              "lerp_mode": "catmullrom",
              "post": [
                0,
                0,
                0
              ]
            }
          }
        },
        "bone6": {
          "rotation": {
            "1.125": {
              "lerp_mode": "catmullrom",
              "post": [
                0,
                0,
                0
              ]
            },
            "7.5": {
              "lerp_mode": "catmullrom",
              "post": [
                -15,
                0,
                0
              ]
            },
            "9.0": {
              "lerp_mode": "catmullrom",
              "post": [
                4.1,
                0,
                0
              ]
            },
            "9.5": {
              "lerp_mode": "catmullrom",
              "post": [
                0,
                0,
                0
              ]
            }
          }
        },
        "bone7": {
          "rotation": {
            "0.0": {
              "lerp_mode": "catmullrom",
              "post": [
                0,
                0,
                0
              ]
            },
            "1.0": {
              "lerp_mode": "catmullrom",
              "post": [
                0,
                0,
                0
              ]
            },
            "1.5": {
              "lerp_mode": "catmullrom",
              "post": [
                -7.5,
                0,
                0
              ]
            },
            "8.5": {
              "lerp_mode": "catmullrom",
              "post": [
                -10.68,
                0,
                0
              ]
            },
            "9.5": {
              "lerp_mode": "catmullrom",
              "post": [
                0,
                0,
                0
              ]
            }
          }
        },
        "front": {
          "rotation": {
            "0.0": {
              "lerp_mode": "catmullrom",
              "post": [
                0,
                0,
                0
              ]
            },
            "1.0": {
              "lerp_mode": "catmullrom",
              "post": [
                0,
                22.5,
                0
              ]
            },
            "1.5": {
              "lerp_mode": "catmullrom",
              "post": [
                0.93,
                40,
                0
              ]
            },
            "1.875": {
              "lerp_mode": "catmullrom",
              "post": [
                0,
                22.5,
                0
              ]
            },
            "3.0": {
              "lerp_mode": "catmullrom",
              "post": [
                -12.5,
                0,
                0
              ]
            },
            "3.5": {
              "lerp_mode": "catmullrom",
              "post": [
                -12.5,
                0,
                0
              ]
            },
            "4.5": {
              "lerp_mode": "catmullrom",
              "post": [
                -5,
                0,
                10
              ]
            },
            "5.1667": {
              "lerp_mode": "catmullrom",
              "post": [
                -5,
                0,
                -5
              ]
            },
            "5.5": {
              "lerp_mode": "catmullrom",
              "post": [
                -5,
                0,
                10
              ]
            },
            "5.8333": {
              "lerp_mode": "catmullrom",
              "post": [
                -5,
                0,
                -7.5
              ]
            },
            "6.1667": {
              "lerp_mode": "catmullrom",
              "post": [
                -5,
                0,
                -5
              ]
            },
            "6.5": {
              "lerp_mode": "catmullrom",
              "post": [
                -5,
                0,
                10
              ]
            },
            "6.8333": {
              "lerp_mode": "catmullrom",
              "post": [
                -5,
                0,
                -7.5
              ]
            },
            "7.5": {
              "lerp_mode": "catmullrom",
              "post": [
                -12.5,
                0,
                0
              ]
            },
            "7.875": {
              "lerp_mode": "catmullrom",
              "post": [
                13.41,
                0,
                0.41
              ]
            },
            "9.5": {
              "lerp_mode": "catmullrom",
              "post": [
                0,
                0,
                0
              ]
            }
          }
        },
        "frontarms": {
          "rotation": {
            "0.0": {
              "lerp_mode": "catmullrom",
              "post": [
                0,
                0,
                0
              ]
            },
            "0.75": {
              "lerp_mode": "catmullrom",
              "post": [
                -17.5,
                0,
                0
              ]
            },
            "1.875": {
              "lerp_mode": "catmullrom",
              "post": [
                -17.5,
                0,
                0
              ]
            },
            "3.0": {
              "lerp_mode": "catmullrom",
              "post": [
                0,
                0,
                0
              ]
            }
          }
        },
        "head2": {
          "position": {
            "0.0": {
              "lerp_mode": "catmullrom",
              "post": [
                0,
                0,
                0
              ]
            },
            "0.75": {
              "lerp_mode": "catmullrom",
              "post": [
                0.55222,
                0.31054,
                -3.54945
              ]
            },
            "1.875": {
              "lerp_mode": "catmullrom",
              "post": [
                0.55222,
                0.31054,
                -3.54945
              ]
            },
            "2.625": {
              "lerp_mode": "catmullrom",
              "post": [
                -1.91039,
                0.5097,
                -0.301
              ]
            },
            "3.0": {
              "lerp_mode": "catmullrom",
              "post": [
                0,
                0,
                0
              ]
            },
            "3.5": {
              "lerp_mode": "catmullrom",
              "post": [
                0,
                0,
                0
              ]
            },
            "4.5": {
              "lerp_mode": "catmullrom",
              "post": [
                0,
                0,
                0
              ]
            },
            "4.8333": {
              "lerp_mode": "catmullrom",
              "post": [
                0,
                0,
                0
              ]
            },
            "5.5": {
              "lerp_mode": "catmullrom",
              "post": [
                0,
                0,
                0
              ]
            },
            "6.5": {
              "lerp_mode": "catmullrom",
              "post": [
                0,
                0,
                0
              ]
            },
            "7.5": {
              "lerp_mode": "catmullrom",
              "post": [
                0,
                0,
                0
              ]
            },
            "9.5": {
              "lerp_mode": "catmullrom",
              "post": [
                0,
                0,
                0
              ]
            }
          },
          "rotation": {
            "0.0": {
              "lerp_mode": "catmullrom",
              "post": [
                0,
                0,
                0
              ]
            },
            "0.75": {
              "lerp_mode": "catmullrom",
              "post": [
                30,
                92.5,
                0
              ]
            },
            "1.875": {
              "lerp_mode": "catmullrom",
              "post": [
                30,
                92.5,
                0
              ]
            },
            "2.625": {
              "lerp_mode": "catmullrom",
              "post": [
                27.5,
                0,
                -15
              ]
            },
            "3.0": {
              "lerp_mode": "catmullrom",
              "post": [
                22.5,
                0,
                0
              ]
            },
            "3.5": {
              "lerp_mode": "catmullrom",
              "post": [
                22.5,
                0,
                0
              ]
            },
            "4.5": {
              "lerp_mode": "catmullrom",
              "post": [
                22.16,
                0,
                3.88
              ]
            },
            "4.8333": {
              "lerp_mode": "catmullrom",
              "post": [
                22.16,
                0,
                3.88
              ]
            },
            "5.1667": {
              "lerp_mode": "catmullrom",
              "post": [
                22.5,
                0,
                -5
              ]
            },
            "5.5": {
              "lerp_mode": "catmullrom",
              "post": [
                22.16,
                0,
                3.88
              ]
            },
            "5.8333": {
              "lerp_mode": "catmullrom",
              "post": [
                22.5,
                0,
                -5
              ]
            },
            "6.1667": {
              "lerp_mode": "catmullrom",
              "post": [
                22.5,
                0,
                -5
              ]
            },
            "6.5": {
              "lerp_mode": "catmullrom",
              "post": [
                22.16,
                0,
                3.88
              ]
            },
            "6.8333": {
              "lerp_mode": "catmullrom",
              "post": [
                22.5,
                0,
                -5
              ]
            },
            "7.5": {
              "lerp_mode": "catmullrom",
              "post": [
                22.5,
                0,
                0
              ]
            },
            "9.5": {
              "lerp_mode": "catmullrom",
              "post": [
                0,
                0,
                0
              ]
            }
          }
        },
        "mouth": {
          "rotation": {
            "0.0": {
              "lerp_mode": "catmullrom",
              "post": [
                0,
                0,
                0
              ]
            },
            "0.75": {
              "lerp_mode": "catmullrom",
              "post": [
                22.5,
                0,
                0
              ]
            },
            "1.875": {
              "lerp_mode": "catmullrom",
              "post": [
                22.5,
                0,
                0
              ]
            },
            "3.0": {
              "lerp_mode": "catmullrom",
              "post": [
                0,
                0,
                0
              ]
            },
            "3.5": {
              "lerp_mode": "catmullrom",
              "post": [
                0,
                0,
                0
              ]
            },
            "7.5": {
              "lerp_mode": "catmullrom",
              "post": [
                0,
                0,
                0
              ]
            },
            "9.5": {
              "lerp_mode": "catmullrom",
              "post": [
                0,
                0,
                0
              ]
            }
          }
        },
        "neck": {
          "rotation": {
            "0.0": {
              "lerp_mode": "catmullrom",
              "post": [
                0,
                0,
                0
              ]
            },
            "0.75": {
              "lerp_mode": "catmullrom",
              "post": [
                5,
                20,
                0
              ]
            },
            "1.875": {
              "lerp_mode": "catmullrom",
              "post": [
                5,
                20,
                0
              ]
            },
            "2.625": {
              "lerp_mode": "catmullrom",
              "post": [
                12.5,
                12.5,
                0
              ]
            },
            "3.0": {
              "lerp_mode": "catmullrom",
              "post": [
                0,
                0,
                0
              ]
            },
            "3.5": {
              "lerp_mode": "catmullrom",
              "post": [
                0,
                0,
                0
              ]
            },
            "4.5": {
              "lerp_mode": "catmullrom",
              "post": [
                7.5,
                0,
                15
              ]
            },
            "4.8333": {
              "lerp_mode": "catmullrom",
              "post": [
                7.5,
                0,
                15
              ]
            },
            "5.1667": {
              "lerp_mode": "catmullrom",
              "post": [
                7.5,
                0,
                -10
              ]
            },
            "5.5": {
              "lerp_mode": "catmullrom",
              "post": [
                7.5,
                0,
                15
              ]
            },
            "5.8333": {
              "lerp_mode": "catmullrom",
              "post": [
                7.5,
                0,
                -10
              ]
            },
            "6.1667": {
              "lerp_mode": "catmullrom",
              "post": [
                7.5,
                0,
                -10
              ]
            },
            "6.5": {
              "lerp_mode": "catmullrom",
              "post": [
                7.5,
                0,
                15
              ]
            },
            "6.8333": {
              "lerp_mode": "catmullrom",
              "post": [
                7.5,
                0,
                -10
              ]
            },
            "7.5": {
              "lerp_mode": "catmullrom",
              "post": [
                0,
                0,
                0
              ]
            },
            "9.5": {
              "lerp_mode": "catmullrom",
              "post": [
                0,
                0,
                0
              ]
            }
          }
        },
        "tail": {
          "rotation": {
            "0.0": {
              "lerp_mode": "catmullrom",
              "post": [
                0,
                0,
                0
              ]
            },
            "0.75": {
              "lerp_mode": "catmullrom",
              "post": [
                0,
                -17.5,
                0
              ]
            },
            "1.875": {
              "lerp_mode": "catmullrom",
              "post": [
                0,
                -17.5,
                0
              ]
            },
            "9.5": {
              "lerp_mode": "catmullrom",
              "post": [
                0,
                0,
                0
              ]
            }
          }
        }
      },
      "loop": true,
      "sound_effects": {
        "0.75": {
          "effect": "spin"
        }
      }
    },
    "animation.cubecraft.veliciraptor.tempt": {
      "bones": {
        "head2": {
          "rotation": [
            0,
            0,
            40
          ]
        },
        "neck": {
          "rotation": [
            0,
            -25,
            25
          ]
        }
      },
      "loop": true
    },
    "animation.cubecraft.velociraptor.attack": {
      "animation_length": 2,
      "bones": {
        "Backleg1": {
          "rotation": {
            "0.0": {
              "lerp_mode": "catmullrom",
              "post": [
                0,
                0,
                0
              ]
            },
            "0.5": {
              "lerp_mode": "catmullrom",
              "post": [
                20,
                0,
                0
              ]
            },
            "0.8333": {
              "lerp_mode": "catmullrom",
              "post": [
                70.83,
                0,
                0
              ]
            },
            "1.1667": {
              "lerp_mode": "catmullrom",
              "post": [
                70.83,
                0,
                0
              ]
            },
            "2.0": {
              "lerp_mode": "catmullrom",
              "post": [
                0,
                0,
                0
              ]
            }
          }
        },
        "Backleg2": {
          "rotation": {
            "0.0": {
              "lerp_mode": "catmullrom",
              "post": [
                0,
                0,
                0
              ]
            },
            "0.5": {
              "lerp_mode": "catmullrom",
              "post": [
                -7.5,
                0,
                0
              ]
            },
            "0.8333": {
              "lerp_mode": "catmullrom",
              "post": [
                0,
                0,
                0
              ]
            },
            "1.1667": {
              "lerp_mode": "catmullrom",
              "post": [
                0,
                0,
                0
              ]
            },
            "1.5": {
              "lerp_mode": "catmullrom",
              "post": [
                -22.5,
                0,
                0
              ]
            },
            "2.0": {
              "lerp_mode": "catmullrom",
              "post": [
                0,
                0,
                0
              ]
            }
          }
        },
        "Velociraptor": {
          "position": {
            "0.0": {
              "lerp_mode": "catmullrom",
              "post": [
                0,
                0,
                0
              ]
            },
            "0.5": {
              "lerp_mode": "catmullrom",
              "post": [
                0,
                2,
                0
              ]
            },
            "0.8333": {
              "lerp_mode": "catmullrom",
              "post": [
                0,
                2,
                0
              ]
            },
            "1.1667": {
              "lerp_mode": "catmullrom",
              "post": [
                0,
                2,
                0
              ]
            },
            "2.0": {
              "lerp_mode": "catmullrom",
              "post": [
                0,
                0,
                0
              ]
            }
          }
        },
        "back": {
          "rotation": {
            "0.0": {
              "lerp_mode": "catmullrom",
              "post": [
                0,
                0,
                0
              ]
            },
            "0.5": {
              "lerp_mode": "catmullrom",
              "post": [
                -20,
                0,
                0
              ]
            },
            "2.0": {
              "lerp_mode": "catmullrom",
              "post": [
                0,
                0,
                0
              ]
            }
          }
        },
        "bone": {
          "rotation": {
            "0.0": {
              "lerp_mode": "catmullrom",
              "post": [
                0,
                0,
                0
              ]
            },
            "0.5": {
              "lerp_mode": "catmullrom",
              "post": [
                -17.5,
                0,
                0
              ]
            },
            "2.0": {
              "lerp_mode": "catmullrom",
              "post": [
                0,
                0,
                0
              ]
            }
          }
        },
        "bone10": {
          "rotation": {
            "0.0": {
              "lerp_mode": "catmullrom",
              "post": [
                0,
                0,
                0
              ]
            },
            "0.8333": {
              "lerp_mode": "catmullrom",
              "post": [
                -15,
                0,
                0
              ]
            },
            "1.1667": {
              "lerp_mode": "catmullrom",
              "post": [
                -15,
                0,
                0
              ]
            },
            "1.5": {
              "lerp_mode": "catmullrom",
              "post": [
                5.64,
                0,
                0
              ]
            },
            "2.0": {
              "lerp_mode": "catmullrom",
              "post": [
                0,
                0,
                0
              ]
            }
          }
        },
        "bone11": {
          "rotation": {
            "0.0": {
              "lerp_mode": "catmullrom",
              "post": [
                0,
                0,
                0
              ]
            },
            "0.8333": {
              "lerp_mode": "catmullrom",
              "post": [
                15,
                0,
                0
              ]
            },
            "1.1667": {
              "lerp_mode": "catmullrom",
              "post": [
                15,
                0,
                0
              ]
            },
            "2.0": {
              "lerp_mode": "catmullrom",
              "post": [
                0,
                0,
                0
              ]
            }
          }
        },
        "bone12": {
          "rotation": {
            "0.0": {
              "lerp_mode": "catmullrom",
              "post": [
                0,
                0,
                0
              ]
            },
            "0.8333": {
              "lerp_mode": "catmullrom",
              "post": [
                12.5,
                0,
                0
              ]
            },
            "1.1667": {
              "lerp_mode": "catmullrom",
              "post": [
                12.5,
                0,
                0
              ]
            },
            "1.5": {
              "lerp_mode": "catmullrom",
              "post": [
                32.8,
                0,
                0
              ]
            },
            "2.0": {
              "lerp_mode": "catmullrom",
              "post": [
                0,
                0,
                0
              ]
            }
          }
        },
        "bone2": {
          "rotation": {
            "0.0": {
              "lerp_mode": "catmullrom",
              "post": [
                0,
                0,
                0
              ]
            },
            "0.5": {
              "lerp_mode": "catmullrom",
              "post": [
                -7.5,
                0,
                0
              ]
            },
            "2.0": {
              "lerp_mode": "catmullrom",
              "post": [
                0,
                0,
                0
              ]
            }
          }
        },
        "bone3": {
          "rotation": {
            "0.0": {
              "lerp_mode": "catmullrom",
              "post": [
                0,
                0,
                0
              ]
            },
            "0.5": {
              "lerp_mode": "catmullrom",
              "post": [
                -7.5,
                0,
                0
              ]
            },
            "2.0": {
              "lerp_mode": "catmullrom",
              "post": [
                0,
                0,
                0
              ]
            }
          }
        },
        "bone4": {
          "rotation": {
            "0.0": {
              "lerp_mode": "catmullrom",
              "post": [
                0,
                0,
                0
              ]
            },
            "0.5": {
              "lerp_mode": "catmullrom",
              "post": [
                -7.5,
                0,
                0
              ]
            },
            "2.0": {
              "lerp_mode": "catmullrom",
              "post": [
                0,
                0,
                0
              ]
            }
          }
        },
        "bone5": {
          "rotation": {
            "0.0": {
              "lerp_mode": "catmullrom",
              "post": [
                0,
                0,
                0
              ]
            },
            "0.5": {
              "lerp_mode": "catmullrom",
              "post": [
                1.25,
                0,
                0
              ]
            },
            "0.8333": {
              "lerp_mode": "catmullrom",
              "post": [
                -20,
                0,
                0
              ]
            },
            "1.1667": {
              "lerp_mode": "catmullrom",
              "post": [
                -22.5,
                0,
                0
              ]
            },
            "2.0": {
              "lerp_mode": "catmullrom",
              "post": [
                0,
                0,
                0
              ]
            }
          }
        },
        "bone6": {
          "rotation": {
            "0.0": {
              "lerp_mode": "catmullrom",
              "post": [
                0,
                0,
                0
              ]
            },
            "2.0": {
              "lerp_mode": "catmullrom",
              "post": [
                0,
                0,
                0
              ]
            }
          }
        },
        "bone7": {
          "rotation": {
            "0.0": {
              "lerp_mode": "catmullrom",
              "post": [
                0,
                0,
                0
              ]
            },
            "0.5": {
              "lerp_mode": "catmullrom",
              "post": [
                -2.5,
                0,
                0
              ]
            },
            "0.8333": {
              "lerp_mode": "catmullrom",
              "post": [
                -34.17,
                0,
                0
              ]
            },
            "1.1667": {
              "lerp_mode": "catmullrom",
              "post": [
                -34.17,
                0,
                0
              ]
            },
            "2.0": {
              "lerp_mode": "catmullrom",
              "post": [
                0,
                0,
                0
              ]
            }
          }
        },
        "bone8": {
          "rotation": {
            "0.0": {
              "lerp_mode": "catmullrom",
              "post": [
                0,
                0,
                0
              ]
            },
            "2.0": {
              "lerp_mode": "catmullrom",
              "post": [
                0,
                0,
                0
              ]
            }
          }
        },
        "bone9": {
          "rotation": {
            "0.0": {
              "lerp_mode": "catmullrom",
              "post": [
                0,
                0,
                0
              ]
            },
            "2.0": {
              "lerp_mode": "catmullrom",
              "post": [
                0,
                0,
                0
              ]
            }
          }
        },
        "front": {
          "rotation": {
            "0.0": {
              "lerp_mode": "catmullrom",
              "post": [
                0,
                0,
                0
              ]
            },
            "0.5": {
              "lerp_mode": "catmullrom",
              "post": [
                -7.5,
                0,
                0
              ]
            },
            "0.8333": {
              "lerp_mode": "catmullrom",
              "post": [
                27.5,
                0,
                0
              ]
            },
            "1.1667": {
              "lerp_mode": "catmullrom",
              "post": [
                27.5,
                0,
                0
              ]
            },
            "2.0": {
              "lerp_mode": "catmullrom",
              "post": [
                0,
                0,
                0
              ]
            }
          }
        },
        "frontarms": {
          "rotation": {
            "0.0": {
              "lerp_mode": "catmullrom",
              "post": [
                0,
                0,
                0
              ]
            },
            "0.5": {
              "lerp_mode": "catmullrom",
              "post": [
                -32.5,
                0,
                0
              ]
            },
            "2.0": {
              "lerp_mode": "catmullrom",
              "post": [
                0,
                0,
                0
              ]
            }
          }
        },
        "head2": {
          "rotation": {
            "0.0": {
              "lerp_mode": "catmullrom",
              "post": [
                0,
                0,
                0
              ]
            },
            "0.5": {
              "lerp_mode": "catmullrom",
              "post": [
                -5,
                0,
                0
              ]
            },
            "0.8333": {
              "lerp_mode": "catmullrom",
              "post": [
                -8.33,
                0,
                0
              ]
            },
            "1.1667": {
              "lerp_mode": "catmullrom",
              "post": [
                -8.33,
                0,
                0
              ]
            },
            "2.0": {
              "lerp_mode": "catmullrom",
              "post": [
                0,
                0,
                0
              ]
            }
          }
        },
        "mouth": {
          "rotation": {
            "0.0": {
              "lerp_mode": "catmullrom",
              "post": [
                0,
                0,
                0
              ]
            },
            "0.5": {
              "lerp_mode": "catmullrom",
              "post": [
                50,
                0,
                0
              ]
            },
            "0.8333": {
              "lerp_mode": "catmullrom",
              "post": [
                1.39,
                0,
                0
              ]
            },
            "1.1667": {
              "lerp_mode": "catmullrom",
              "post": [
                1.39,
                0,
                0
              ]
            },
            "2.0": {
              "lerp_mode": "catmullrom",
              "post": [
                0,
                0,
                0
              ]
            }
          }
        },
        "neck": {
          "rotation": {
            "0.0": {
              "lerp_mode": "catmullrom",
              "post": [
                0,
                0,
                0
              ]
            },
            "0.5": {
              "lerp_mode": "catmullrom",
              "post": [
                -2.5,
                0,
                0
              ]
            },
            "0.8333": {
              "lerp_mode": "catmullrom",
              "post": [
                28.33,
                0,
                0
              ]
            },
            "1.1667": {
              "lerp_mode": "catmullrom",
              "post": [
                28.33,
                0,
                0
              ]
            },
            "2.0": {
              "lerp_mode": "catmullrom",
              "post": [
                0,
                0,
                0
              ]
            }
          }
        },
        "tail": {
          "rotation": {
            "0.0": {
              "lerp_mode": "catmullrom",
              "post": [
                0,
                0,
                0
              ]
            },
            "0.5": {
              "lerp_mode": "catmullrom",
              "post": [
                -7.5,
                0,
                0
              ]
            },
            "2.0": {
              "lerp_mode": "catmullrom",
              "post": [
                0,
                0,
                0
              ]
            }
          }
        }
      },
      "override_previous_animation": true,
      "sound_effects": {
        "0.4167": {
          "effect": "attack"
        }
      }
    },
    "animation.cubecraft.velociraptor.idle": {
      "animation_length": 2,
      "bones": {
        "Backleg1": {
          "rotation": {
            "0.0": {
              "lerp_mode": "catmullrom",
              "post": [
                0,
                0,
                0
              ]
            },
            "1.0": {
              "lerp_mode": "catmullrom",
              "post": [
                -5,
                0,
                0
              ]
            },
            "2.0": {
              "lerp_mode": "catmullrom",
              "post": [
                0,
                0,
                0
              ]
            }
          }
        },
        "Backleg2": {
          "rotation": {
            "0.0": {
              "lerp_mode": "catmullrom",
              "post": [
                0,
                0,
                0
              ]
            },
            "1.0": {
              "lerp_mode": "catmullrom",
              "post": [
                -5,
                0,
                0
              ]
            },
            "2.0": {
              "lerp_mode": "catmullrom",
              "post": [
                0,
                0,
                0
              ]
            }
          }
        },
        "Velociraptor": {
          "position": {
            "0.0": {
              "lerp_mode": "catmullrom",
              "post": [
                0,
                0,
                0
              ]
            },
            "1.0": {
              "lerp_mode": "catmullrom",
              "post": [
                0,
                -1,
                0
              ]
            },
            "2.0": {
              "lerp_mode": "catmullrom",
              "post": [
                0,
                0,
                0
              ]
            }
          }
        },
        "bone": {
          "rotation": {
            "0.0": {
              "lerp_mode": "catmullrom",
              "post": [
                0,
                0,
                0
              ]
            },
            "1.0": {
              "lerp_mode": "catmullrom",
              "post": [
                10,
                0,
                0
              ]
            },
            "2.0": {
              "lerp_mode": "catmullrom",
              "post": [
                0,
                0,
                0
              ]
            }
          }
        },
        "bone10": {
          "rotation": {
            "0.0": {
              "lerp_mode": "catmullrom",
              "post": [
                0,
                0,
                0
              ]
            },
            "1.0": {
              "lerp_mode": "catmullrom",
              "post": [
                7.5,
                0,
                0
              ]
            },
            "2.0": {
              "lerp_mode": "catmullrom",
              "post": [
                0,
                0,
                0
              ]
            }
          }
        },
        "bone11": {
          "rotation": {
            "0.0": {
              "lerp_mode": "catmullrom",
              "post": [
                0,
                0,
                0
              ]
            },
            "2.0": {
              "lerp_mode": "catmullrom",
              "post": [
                0,
                0,
                0
              ]
            }
          }
        },
        "bone12": {
          "rotation": {
            "0.0": {
              "lerp_mode": "catmullrom",
              "post": [
                0,
                0,
                0
              ]
            },
            "1.0": {
              "lerp_mode": "catmullrom",
              "post": [
                -2.5,
                0,
                0
              ]
            },
            "2.0": {
              "lerp_mode": "catmullrom",
              "post": [
                0,
                0,
                0
              ]
            }
          }
        },
        "bone2": {
          "rotation": {
            "0.0": {
              "lerp_mode": "catmullrom",
              "post": [
                0,
                -12.5,
                0
              ]
            },
            "1.0": {
              "lerp_mode": "catmullrom",
              "post": [
                0,
                10,
                0
              ]
            },
            "2.0": {
              "lerp_mode": "catmullrom",
              "post": [
                0,
                -12.5,
                0
              ]
            }
          }
        },
        "bone3": {
          "rotation": {
            "0.0": {
              "lerp_mode": "catmullrom",
              "post": [
                0,
                -10,
                0
              ]
            },
            "1.0": {
              "lerp_mode": "catmullrom",
              "post": [
                0,
                15,
                0
              ]
            },
            "2.0": {
              "lerp_mode": "catmullrom",
              "post": [
                0,
                -10,
                0
              ]
            }
          }
        },
        "bone4": {
          "rotation": {
            "0.0": {
              "lerp_mode": "catmullrom",
              "post": [
                0,
                -22.5,
                0
              ]
            },
            "1.0": {
              "lerp_mode": "catmullrom",
              "post": [
                0,
                10,
                0
              ]
            },
            "2.0": {
              "lerp_mode": "catmullrom",
              "post": [
                0,
                -22.5,
                0
              ]
            }
          }
        },
        "bone5": {
          "rotation": {
            "0.0": {
              "lerp_mode": "catmullrom",
              "post": [
                0,
                0,
                0
              ]
            },
            "1.0": {
              "lerp_mode": "catmullrom",
              "post": [
                7.5,
                0,
                0
              ]
            },
            "2.0": {
              "lerp_mode": "catmullrom",
              "post": [
                0,
                0,
                0
              ]
            }
          }
        },
        "bone6": {
          "rotation": {
            "0.0": {
              "lerp_mode": "catmullrom",
              "post": [
                0,
                0,
                0
              ]
            },
            "2.0": {
              "lerp_mode": "catmullrom",
              "post": [
                0,
                0,
                0
              ]
            }
          }
        },
        "bone7": {
          "rotation": {
            "0.0": {
              "lerp_mode": "catmullrom",
              "post": [
                0,
                0,
                0
              ]
            },
            "1.0": {
              "lerp_mode": "catmullrom",
              "post": [
                -2.5,
                0,
                0
              ]
            },
            "2.0": {
              "lerp_mode": "catmullrom",
              "post": [
                0,
                0,
                0
              ]
            }
          }
        },
        "frontarms": {
          "rotation": {
            "0.0": {
              "lerp_mode": "catmullrom",
              "post": [
                0,
                0,
                0
              ]
            },
            "1.0": {
              "lerp_mode": "catmullrom",
              "post": [
                -5,
                0,
                0
              ]
            },
            "2.0": {
              "lerp_mode": "catmullrom",
              "post": [
                0,
                0,
                0
              ]
            }
          }
        },
        "head2": {
          "rotation": {
            "0.0": {
              "lerp_mode": "catmullrom",
              "post": [
                0,
                0,
                0
              ]
            },
            "1.0": {
              "lerp_mode": "catmullrom",
              "post": [
                2.5,
                0,
                0
              ]
            },
            "2.0": {
              "lerp_mode": "catmullrom",
              "post": [
                0,
                0,
                0
              ]
            }
          }
        },
        "mouth": {
          "rotation": {
            "0.0": {
              "lerp_mode": "catmullrom",
              "post": [
                5,
                0,
                0
              ]
            },
            "1.0": {
              "lerp_mode": "catmullrom",
              "post": [
                0,
                0,
                0
              ]
            },
            "2.0": {
              "lerp_mode": "catmullrom",
              "post": [
                5,
                0,
                0
              ]
            }
          }
        },
        "tail": {
          "rotation": {
            "0.0": {
              "lerp_mode": "catmullrom",
              "post": [
                0,
                -12.5,
                0
              ]
            },
            "1.0": {
              "lerp_mode": "catmullrom",
              "post": [
                0,
                10,
                0
              ]
            },
            "2.0": {
              "lerp_mode": "catmullrom",
              "post": [
                0,
                -12.5,
                0
              ]
            }
          }
        }
      },
      "loop": true,
      "override_previous_animation": true
    },
    "animation.cubecraft.velociraptor.walk": {
      "animation_length": 1.5,
      "bones": {
        "Backleg1": {
          "rotation": {
            "0.0": {
              "lerp_mode": "catmullrom",
              "post": [
                -17.5,
                0,
                0
              ]
            },
            "0.25": {
              "lerp_mode": "catmullrom",
              "post": [
                5,
                0,
                0
              ]
            },
            "0.75": {
              "lerp_mode": "catmullrom",
              "post": [
                67.5,
                0,
                0
              ]
            },
            "1.0": {
              "lerp_mode": "catmullrom",
              "post": [
                82.5,
                0,
                0
              ]
            },
            "1.5": {
              "lerp_mode": "catmullrom",
              "post": [
                -17.5,
                0,
                0
              ]
            }
          }
        },
        "Backleg2": {
          "rotation": {
            "0.0": {
              "lerp_mode": "catmullrom",
              "post": [
                67.5,
                0,
                0
              ]
            },
            "0.25": {
              "lerp_mode": "catmullrom",
              "post": [
                85,
                0,
                0
              ]
            },
            "0.75": {
              "lerp_mode": "catmullrom",
              "post": [
                -17.5,
                0,
                0
              ]
            },
            "1.0": {
              "lerp_mode": "catmullrom",
              "post": [
                7.5,
                0,
                0
              ]
            },
            "1.5": {
              "lerp_mode": "catmullrom",
              "post": [
                67.5,
                0,
                0
              ]
            }
          }
        },
        "Velociraptor": {
          "position": {
            "0.0": {
              "lerp_mode": "catmullrom",
              "post": [
                0,
                0,
                0
              ]
            },
            "0.25": {
              "lerp_mode": "catmullrom",
              "post": [
                0,
                -1,
                0
              ]
            },
            "0.75": {
              "lerp_mode": "catmullrom",
              "post": [
                0,
                0,
                0
              ]
            },
            "1.0": {
              "lerp_mode": "catmullrom",
              "post": [
                0,
                -1,
                0
              ]
            },
            "1.5": {
              "lerp_mode": "catmullrom",
              "post": [
                0,
                0,
                0
              ]
            }
          }
        },
        "back": {
          "rotation": {
            "0.0": {
              "lerp_mode": "catmullrom",
              "post": [
                0,
                -7.5,
                0
              ]
            },
            "0.75": {
              "lerp_mode": "catmullrom",
              "post": [
                0,
                7.5,
                0
              ]
            },
            "1.5": {
              "lerp_mode": "catmullrom",
              "post": [
                0,
                -7.5,
                0
              ]
            }
          }
        },
        "bone": {
          "rotation": {
            "0.0": {
              "lerp_mode": "catmullrom",
              "post": [
                0,
                0,
                0
              ]
            },
            "0.25": {
              "lerp_mode": "catmullrom",
              "post": [
                7.5,
                0,
                0
              ]
            },
            "0.75": {
              "lerp_mode": "catmullrom",
              "post": [
                0,
                0,
                0
              ]
            },
            "1.0": {
              "lerp_mode": "catmullrom",
              "post": [
                7.5,
                0,
                0
              ]
            },
            "1.5": {
              "lerp_mode": "catmullrom",
              "post": [
                0,
                0,
                0
              ]
            }
          }
        },
        "bone10": {
          "rotation": {
            "0.0": {
              "lerp_mode": "catmullrom",
              "post": [
                -25,
                0,
                0
              ]
            },
            "0.25": {
              "lerp_mode": "catmullrom",
              "post": [
                -15,
                0,
                0
              ]
            },
            "0.75": {
              "lerp_mode": "catmullrom",
              "post": [
                5,
                0,
                0
              ]
            },
            "1.5": {
              "lerp_mode": "catmullrom",
              "post": [
                -25,
                0,
                0
              ]
            }
          }
        },
        "bone11": {
          "rotation": {
            "0.0": {
              "lerp_mode": "catmullrom",
              "post": [
                10,
                0,
                0
              ]
            },
            "0.75": {
              "lerp_mode": "catmullrom",
              "post": [
                -30,
                0,
                0
              ]
            },
            "1.0": {
              "lerp_mode": "catmullrom",
              "post": [
                -15,
                0,
                0
              ]
            },
            "1.5": {
              "lerp_mode": "catmullrom",
              "post": [
                10,
                0,
                0
              ]
            }
          }
        },
        "bone12": {
          "rotation": {
            "0.0": {
              "lerp_mode": "catmullrom",
              "post": [
                -25,
                0,
                0
              ]
            },
            "0.25": {
              "lerp_mode": "catmullrom",
              "post": [
                48.13,
                0,
                0
              ]
            },
            "0.75": {
              "lerp_mode": "catmullrom",
              "post": [
                92.5,
                0,
                0
              ]
            },
            "1.0": {
              "lerp_mode": "catmullrom",
              "post": [
                10.63,
                0,
                0
              ]
            },
            "1.5": {
              "lerp_mode": "catmullrom",
              "post": [
                -25,
                0,
                0
              ]
            }
          }
        },
        "bone2": {
          "rotation": {
            "0.0": {
              "lerp_mode": "catmullrom",
              "post": [
                0,
                -20,
                0
              ]
            },
            "0.75": {
              "lerp_mode": "catmullrom",
              "post": [
                0,
                5,
                0
              ]
            },
            "1.5": {
              "lerp_mode": "catmullrom",
              "post": [
                0,
                -20,
                0
              ]
            }
          }
        },
        "bone3": {
          "rotation": {
            "0.0": {
              "lerp_mode": "catmullrom",
              "post": [
                0,
                -17.5,
                0
              ]
            },
            "0.75": {
              "lerp_mode": "catmullrom",
              "post": [
                0,
                7.5,
                0
              ]
            },
            "1.5": {
              "lerp_mode": "catmullrom",
              "post": [
                0,
                -17.5,
                0
              ]
            }
          }
        },
        "bone4": {
          "rotation": {
            "0.0": {
              "lerp_mode": "catmullrom",
              "post": [
                0,
                -20,
                0
              ]
            },
            "0.75": {
              "lerp_mode": "catmullrom",
              "post": [
                0,
                10,
                0
              ]
            },
            "1.5": {
              "lerp_mode": "catmullrom",
              "post": [
                0,
                -20,
                0
              ]
            }
          }
        },
        "bone5": {
          "rotation": {
            "0.0": {
              "lerp_mode": "catmullrom",
              "post": [
                5,
                0,
                0
              ]
            },
            "0.25": {
              "lerp_mode": "catmullrom",
              "post": [
                0,
                0,
                0
              ]
            },
            "0.75": {
              "lerp_mode": "catmullrom",
              "post": [
                -25,
                0,
                0
              ]
            },
            "1.5": {
              "lerp_mode": "catmullrom",
              "post": [
                5,
                0,
                0
              ]
            }
          }
        },
        "bone6": {
          "rotation": {
            "0.0": {
              "lerp_mode": "catmullrom",
              "post": [
                -20,
                0,
                0
              ]
            },
            "0.25": {
              "lerp_mode": "catmullrom",
              "post": [
                -12.5,
                0,
                0
              ]
            },
            "0.75": {
              "lerp_mode": "catmullrom",
              "post": [
                10,
                0,
                0
              ]
            },
            "1.5": {
              "lerp_mode": "catmullrom",
              "post": [
                -20,
                0,
                0
              ]
            }
          }
        },
        "bone7": {
          "rotation": {
            "0.0": {
              "lerp_mode": "catmullrom",
              "post": [
                75,
                0,
                0
              ]
            },
            "0.25": {
              "lerp_mode": "catmullrom",
              "post": [
                6.88,
                0,
                0
              ]
            },
            "0.75": {
              "lerp_mode": "catmullrom",
              "post": [
                -25,
                0,
                0
              ]
            },
            "1.0": {
              "lerp_mode": "catmullrom",
              "post": [
                55.63,
                0,
                0
              ]
            },
            "1.5": {
              "lerp_mode": "catmullrom",
              "post": [
                75,
                0,
                0
              ]
            }
          }
        },
        "bone8": {
          "rotation": {
            "0.0": {
              "lerp_mode": "catmullrom",
              "post": [
                0,
                0,
                0
              ]
            },
            "0.25": {
              "lerp_mode": "catmullrom",
              "post": [
                7.5,
                0,
                0
              ]
            },
            "0.75": {
              "lerp_mode": "catmullrom",
              "post": [
                0,
                0,
                0
              ]
            },
            "1.0": {
              "lerp_mode": "catmullrom",
              "post": [
                7.5,
                0,
                0
              ]
            },
            "1.5": {
              "lerp_mode": "catmullrom",
              "post": [
                0,
                0,
                0
              ]
            }
          }
        },
        "front": {
          "rotation": {
            "0.0": {
              "lerp_mode": "catmullrom",
              "post": [
                0,
                0,
                0
              ]
            },
            "0.25": {
              "lerp_mode": "catmullrom",
              "post": [
                2.5,
                0,
                0
              ]
            },
            "0.75": {
              "lerp_mode": "catmullrom",
              "post": [
                0,
                0,
                0
              ]
            },
            "1.0": {
              "lerp_mode": "catmullrom",
              "post": [
                2.5,
                0,
                0
              ]
            },
            "1.5": {
              "lerp_mode": "catmullrom",
              "post": [
                0,
                0,
                0
              ]
            }
          }
        },
        "frontarms": {
          "rotation": {
            "0.0": {
              "lerp_mode": "catmullrom",
              "post": [
                0,
                0,
                0
              ]
            },
            "0.25": {
              "lerp_mode": "catmullrom",
              "post": [
                -7.5,
                0,
                0
              ]
            },
            "0.75": {
              "lerp_mode": "catmullrom",
              "post": [
                0,
                0,
                0
              ]
            },
            "1.0": {
              "lerp_mode": "catmullrom",
              "post": [
                -7.5,
                0,
                0
              ]
            },
            "1.5": {
              "lerp_mode": "catmullrom",
              "post": [
                0,
                0,
                0
              ]
            }
          }
        },
        "head2": {
          "rotation": {
            "0.0": {
              "lerp_mode": "catmullrom",
              "post": [
                -5,
                0,
                0
              ]
            },
            "0.75": {
              "lerp_mode": "catmullrom",
              "post": [
                -5,
                0,
                0
              ]
            },
            "1.5": {
              "lerp_mode": "catmullrom",
              "post": [
                -5,
                0,
                0
              ]
            }
          }
        },
        "mouth": {
          "rotation": {
            "0.0": {
              "lerp_mode": "catmullrom",
              "post": [
                5,
                0,
                0
              ]
            },
            "0.25": {
              "lerp_mode": "catmullrom",
              "post": [
                0,
                0,
                0
              ]
            },
            "0.75": {
              "lerp_mode": "catmullrom",
              "post": [
                5,
                0,
                0
              ]
            },
            "1.0": {
              "lerp_mode": "catmullrom",
              "post": [
                0,
                0,
                0
              ]
            },
            "1.5": {
              "lerp_mode": "catmullrom",
              "post": [
                5,
                0,
                0
              ]
            }
          }
        },
        "neck": {
          "rotation": {
            "0.0": {
              "lerp_mode": "catmullrom",
              "post": [
                10,
                0,
                0
              ]
            },
            "0.25": {
              "lerp_mode": "catmullrom",
              "post": [
                12.5,
                0,
                0
              ]
            },
            "0.75": {
              "lerp_mode": "catmullrom",
              "post": [
                10,
                0,
                0
              ]
            },
            "1.0": {
              "lerp_mode": "catmullrom",
              "post": [
                12.5,
                0,
                0
              ]
            },
            "1.5": {
              "lerp_mode": "catmullrom",
              "post": [
                10,
                0,
                0
              ]
            }
          }
        },
        "tail": {
          "rotation": {
            "0.0": {
              "lerp_mode": "catmullrom",
              "post": [
                0,
                -15,
                0
              ]
            },
            "0.75": {
              "lerp_mode": "catmullrom",
              "post": [
                0,
                10,
                0
              ]
            },
            "1.5": {
              "lerp_mode": "catmullrom",
              "post": [
                0,
                -15,
                0
              ]
            }
          }
        }
      },
      "loop": true
    },
    "animation.marketplace.pose.crossed_arms": {
      "animation_length": 6,
      "bones": {
        "LeftArm": {
          "rotation": {
            "0.0": [
              -63.17592,
              22.56772,
              36.61
            ],
            "0.84": [
              -30.12258,
              -3.45637,
              1.12623
            ],
            "4.0": [
              -30.12258,
              -3.45637,
              1.12623
            ],
            "4.68": [
              -63.17592,
              22.56772,
              36.61
            ],
            "6.0": [
              -63.17592,
              22.56772,
              36.61
            ]
          }
        },
        "LeftLeg": {
          "rotation": [
            20,
            0,
            0
          ]
        },
        "RightArm": {
          "rotation": {
            "0.0": [
              -22.45154,
              -36.3269,
              -23.44153
            ],
            "0.84": [
              21.60263,
              -10.53162,
              -1.80481
            ],
            "4.0": [
              21.60263,
              -10.53162,
              -1.80481
            ],
            "4.68": [
              -22.45154,
              -36.3269,
              -23.44153
            ],
            "6.0": [
              -22.45154,
              -36.3269,
              -23.44153
            ]
          }
        },
        "RightLeg": {
          "rotation": [
            -17.5,
            0,
            0
          ]
        }
      },
      "loop": true
    },
    "animation.marketplace.pose.fall": {
      "bones": {
        "Body": {
          "position": [
            0,
            -1,
            -5
          ],
          "rotation": [
            25,
            0,
            0
          ]
        },
        "Head": {
          "position": [
            0,
            -1,
            -5
          ],
          "rotation": [
            25,
            0,
            0
          ]
        },
        "LeftArm": {
          "position": [
            0,
            0,
            -4
          ],
          "rotation": [
            -185.67483,
            -11.07194,
            20.90165
          ]
        },
        "RightArm": {
          "position": [
            0,
            0,
            -5
          ],
          "rotation": [
            -115.43832,
            22.2483,
            -24.44569
          ]
        }
      },
      "loop": true
    },
    "animation.marketplace.pose.jump": {
      "bones": {
        "Head": {
          "position": [
            0,
            -0.4,
            0
          ],
          "rotation": [
            -15,
            0,
            0
          ]
        },
        "LeftArm": {
          "rotation": [
            -185.88395,
            -5.74788,
            19.18449
          ]
        },
        "LeftLeg": {
          "rotation": [
            45,
            0,
            0
          ]
        },
        "RightArm": {
          "rotation": [
            -146.03628,
            3.35691,
            -19.74603
          ]
        },
        "RightLeg": {
          "rotation": [
            -25,
            0,
            20
          ]
        }
      },
      "loop": true
    },
    "animation.marketplace.pose.sit": {
      "bones": {
        "Body": {
          "position": [
            0,
            -10,
            0
          ],
          "rotation": [
            -5,
            0,
            0
          ]
        },
        "Head": {
          "position": [
            0,
            0,
            0
          ]
        },
        "LeftArm": {
          "position": [
            0,
            0,
            0
          ],
          "rotation": [
            -2.5,
            0,
            0
          ]
        },
        "LeftLeg": {
          "position": [
            0,
            -10.3,
            0
          ],
          "rotation": [
            -85.02154,
            -7.49282,
            0.32902
          ]
        },
        "RightArm": {
          "position": [
            0,
            0,
            0
          ],
          "rotation": [
            10,
            0,
            0
          ]
        },
        "RightLeg": {
          "position": [
            0,
            -10.2,
            0
          ],
          "rotation": [
            -85.0364,
            12.49565,
            -0.3325
          ]
        }
      },
      "loop": true
    },
    "animation.marketplace.pose.wave": {
      "animation_length": 4,
      "bones": {
        "RightArm": {
          "rotation": {
            "0.0": [
              -169.83675,
              -10.74833,
              -36.075
            ],
            "2.0": [
              -171.93894,
              -5.94805,
              -19.10736
            ],
            "4.0": [
              -169.83675,
              -10.74833,
              -36.075
            ]
          }
        }
      },
      "loop": true
    },
    "animation.marketplace.warden.sniff": {
      "animation_length": 3.32,
      "bones": {
        "body": {
          "rotation": {
            "0.0": {
              "lerp_mode": "catmullrom",
              "post": [
                0,
                0,
                0
              ]
            },
            "0.56": {
              "lerp_mode": "catmullrom",
              "post": [
                17.5,
                32.5,
                0
              ]
            },
            "0.96": {
              "lerp_mode": "catmullrom",
              "post": [
                0,
                32.5,
                0
              ]
            },
            "2.2": {
              "lerp_mode": "catmullrom",
              "post": [
                10,
                0,
                0
              ]
            },
            "2.8": {
              "lerp_mode": "catmullrom",
              "post": [
                10,
                -30,
                0
              ]
            },
            "3.32": {
              "lerp_mode": "catmullrom",
              "post": [
                0,
                0,
                0
              ]
            }
          }
        },
        "head": {
          "rotation": {
            "0.0": {
              "lerp_mode": "catmullrom",
              "post": [
                0,
                0,
                0
              ]
            },
            "0.68": {
              "lerp_mode": "catmullrom",
              "post": [
                0,
                40,
                0
              ]
            },
            "0.96": {
              "lerp_mode": "catmullrom",
              "post": [
                -22.5,
                40,
                0
              ]
            },
            "1.24": {
              "lerp_mode": "catmullrom",
              "post": [
                0,
                20,
                0
              ]
            },
            "1.52": {
              "lerp_mode": "catmullrom",
              "post": [
                -35,
                20,
                0
              ]
            },
            "1.76": {
              "lerp_mode": "catmullrom",
              "post": [
                0,
                20,
                0
              ]
            },
            "2.28": {
              "lerp_mode": "catmullrom",
              "post": [
                0,
                -20,
                0
              ]
            },
            "2.6": {
              "lerp_mode": "catmullrom",
              "post": [
                -25,
                -23.65037,
                0
              ]
            },
            "2.88": {
              "lerp_mode": "catmullrom",
              "post": [
                0,
                -20,
                0
              ]
            },
            "3.32": {
              "lerp_mode": "catmullrom",
              "post": [
                0,
                0,
                0
              ]
            }
          }
        },
        "left_arm": {
          "rotation": {
            "0.0": {
              "lerp_mode": "catmullrom",
              "post": [
                0,
                0,
                0
              ]
            },
            "0.96": {
              "lerp_mode": "catmullrom",
              "post": [
                -15,
                0,
                0
              ]
            },
            "2.2": {
              "lerp_mode": "catmullrom",
              "post": [
                0,
                0,
                0
              ]
            },
            "2.76": {
              "lerp_mode": "catmullrom",
              "post": [
                17.5,
                0,
                0
              ]
            },
            "3.32": {
              "lerp_mode": "catmullrom",
              "post": [
                0,
                0,
                0
              ]
            }
          }
        },
        "right_arm": {
          "rotation": {
            "0.0": {
              "lerp_mode": "catmullrom",
              "post": [
                0,
                0,
                0
              ]
            },
            "0.96": {
              "lerp_mode": "catmullrom",
              "post": [
                17.5,
                0,
                0
              ]
            },
            "2.2": {
              "lerp_mode": "catmullrom",
              "post": [
                0,
                0,
                0
              ]
            },
            "2.76": {
              "lerp_mode": "catmullrom",
              "post": [
                -15,
                0,
                0
              ]
            },
            "3.32": {
              "lerp_mode": "catmullrom",
              "post": [
                0,
                0,
                0
              ]
            }
          }
        }
      },
      "loop": true,
      "loop_delay": "math.random_integer(1, 6)"
    }
  },
  "format_version": "1.8.0"
}