{
  "animations": {
    "animation.cubecraft.featured.birthday_balloon_trail": {
      "animation_length": 0.3,
      "loop": true,
      "loop_delay": "math.random(0.0, 0.2)",
      "particle_effects": {
        "0.0": {
          "bind_to_actor": false,
          "effect": "birthday_balloon"
        }
      }
    },
    "animation.cubecraft.featured.helicopter_offset": {
      "bones": {
        "helicopter": {
          "position": [
            0,
            10,
            0
          ]
        }
      },
      "loop": true
    },
    "animation.cubecraft.featured.hotairballoon_offset": {
      "bones": {
        "hotairballoon": {
          "position": [
            0,
            -2.5,
            0
          ],
          "scale": 0.35
        }
      },
      "loop": true
    },
    "animation.cubecraft.featured.run_text": {
      "animation_length": 3,
      "loop": true,
      "particle_effects": {
        "0.0": {
          "effect": "run_text",
          "locator": "particle"
        }
      }
    },
    "animation.cubecraft.featured.spiral_clouds": {
      "animation_length": 0.25,
      "loop": true,
      "particle_effects": {
        "0.0": {
          "effect": "spiral_clouds",
          "locator": "particle"
        },
        "0.1": {
          "effect": "tiny_forest",
          "locator": "particle"
        }
      }
    },
    "animation.cubecraft.featured.susan_offset": {
      "bones": {
        "susan": {
          "position": [
            0,
            7,
            0
          ],
          "scale": 0.75
        }
      },
      "loop": true
    },
    "animation.cubecraft.featured.ten_year_club_trail": {
      "animation_length": 8,
      "loop": true,
      "particle_effects": {
        "0.0": {
          "effect": "ten_year_club",
          "locator": "particle",
          "pre_effect_script": "variable.color.r=0.898;variable.color.g=0.945;variable.color.b=0.968;variable.color.a=28;"
        },
        "0.5": {
          "effect": "ten_year_club",
          "locator": "particle",
          "pre_effect_script": "variable.color.r=0.047;variable.color.g=0.945;variable.color.b=1.000;variable.color.a=27;"
        },
        "2.0": {
          "effect": "ten_year_club",
          "locator": "particle",
          "pre_effect_script": "variable.color.r=0.047;variable.color.g=0.945;variable.color.b=1.000;variable.color.a=25;"
        },
        "2.5": {
          "effect": "ten_year_club",
          "locator": "particle",
          "pre_effect_script": "variable.color.r=0.898;variable.color.g=0.945f;variable.color.b=0.968;variable.color.a=5;"
        },
        "3.0": {
          "effect": "ten_year_club",
          "locator": "particle",
          "pre_effect_script": "variable.color.r=0.000;variable.color.g=0.596;variable.color.b=0.862f;variable.color.a=1;"
        },
        "3.5": {
          "effect": "ten_year_club",
          "locator": "particle",
          "pre_effect_script": "variable.color.r=0.047;variable.color.g=0.945;variable.color.b=1.000;variable.color.a=18;"
        },
        "5.0": {
          "effect": "ten_year_club",
          "locator": "particle",
          "pre_effect_script": "variable.color.r=0.898;variable.color.g=0.945f;variable.color.b=0.968;variable.color.a=3;"
        },
        "5.5": {
          "effect": "ten_year_club",
          "locator": "particle",
          "pre_effect_script": "variable.color.r=0.000;variable.color.g=0.596;variable.color.b=0.862f;variable.color.a=12;"
        },
        "6.0": {
          "effect": "ten_year_club",
          "locator": "particle",
          "pre_effect_script": "variable.color.r=0.047;variable.color.g=0.945;variable.color.b=1.000;variable.color.a=21;"
        },
        "6.5": {
          "effect": "ten_year_club",
          "locator": "particle",
          "pre_effect_script": "variable.color.r=0.898;variable.color.g=0.945f;variable.color.b=0.968;variable.color.a=2;"
        }
      }
    }
  },
  "format_version": "1.20.0"
}