{
  "animations": {
    "animation.cubecraft.trail_preview.run": {
      "animation_length": 2,
      "bones": {
        "head": {
          "rotation": {
            "0.0": [
              0,
              0,
              -7.5
            ],
            "0.5": [
              0,
              0,
              7.5
            ],
            "1.0": [
              0,
              0,
              -7.5
            ],
            "1.5": [
              0,
              0,
              7.5
            ],
            "2.0": [
              0,
              0,
              -7.5
            ]
          }
        },
        "leftArm": {
          "rotation": {
            "0.0": [
              -45,
              0,
              0
            ],
            "0.5": [
              45,
              0,
              0
            ],
            "1.0": [
              -45,
              0,
              0
            ],
            "1.5": [
              45,
              0,
              0
            ],
            "2.0": [
              -45,
              0,
              0
            ]
          }
        },
        "leftLeg": {
          "rotation": {
            "0.0": [
              45,
              0,
              0
            ],
            "0.5": [
              -45,
              0,
              0
            ],
            "1.0": [
              45,
              0,
              0
            ],
            "1.5": [
              -45,
              0,
              0
            ],
            "2.0": [
              45,
              0,
              0
            ]
          }
        },
        "rightArm": {
          "rotation": {
            "0.0": [
              45,
              0,
              0
            ],
            "0.5": [
              -45,
              0,
              0
            ],
            "1.0": [
              45,
              0,
              0
            ],
            "1.5": [
              -45,
              0,
              0
            ],
            "2.0": [
              45,
              0,
              0
            ]
          }
        },
        "rightLeg": {
          "rotation": {
            "0.0": [
              -45,
              0,
              0
            ],
            "0.5": [
              45,
              0,
              0
            ],
            "1.0": [
              -45,
              0,
              0
            ],
            "1.5": [
              45,
              0,
              0
            ],
            "2.0": [
              -45,
              0,
              0
            ]
          }
        },
        "root": {
          "position": [
            "math.sin(query.anim_time*180)*-16",
            0,
            "math.cos(query.anim_time*180)*-16"
          ],
          "rotation": [
            0,
            "90+(query.anim_time*180)",
            0
          ]
        }
      },
      "loop": true
    }
  },
  "format_version": "1.8.0"
}