{
  "animations": {
    "animation.cubecraft.win_effect_preview.win": {
      "animation_length": 7,
      "bones": {
        "head": {
          "position": {
            "0.0": [
              0,
              0,
              0
            ],
            "6.6667": {
              "lerp_mode": "catmullrom",
              "post": [
                0,
                0,
                0
              ],
              "pre": [
                0,
                0,
                0
              ]
            },
            "7.0": {
              "lerp_mode": "catmullrom",
              "post": [
                0,
                0,
                0
              ]
            }
          },
          "rotation": {
            "0.0": [
              0,
              0,
              0
            ],
            "0.4167": [
              22.5,
              0,
              0
            ],
            "0.75": [
              -22.19157,
              -3.81024,
              -9.25249
            ],
            "1.0833": [
              22.5,
              0,
              0
            ],
            "1.4167": [
              -22.19157,
              3.81024,
              9.25249
            ],
            "1.75": [
              30,
              0,
              0
            ],
            "2.0": [
              -2.5,
              0,
              0
            ],
            "2.5": [
              8.95,
              0,
              0
            ],
            "2.9167": [
              8.95,
              0,
              0
            ],
            "3.1667": [
              -20.03,
              0,
              0
            ],
            "3.8333": {
              "lerp_mode": "catmullrom",
              "post": [
                -2.5,
                0,
                0
              ],
              "pre": [
                -2.5,
                0,
                0
              ]
            },
            "4.4167": {
              "lerp_mode": "catmullrom",
              "post": [
                -2.5,
                0,
                0
              ]
            },
            "4.9167": {
              "lerp_mode": "catmullrom",
              "post": [
                -32.5,
                0,
                0
              ]
            },
            "5.9167": {
              "lerp_mode": "catmullrom",
              "post": [
                -32.5,
                0,
                0
              ]
            },
            "6.6667": {
              "lerp_mode": "catmullrom",
              "post": [
                0,
                0,
                0
              ]
            },
            "7.0": {
              "lerp_mode": "catmullrom",
              "post": [
                0,
                0,
                0
              ]
            }
          }
        },
        "leftArm": {
          "position": {
            "0.0": [
              0,
              0,
              0
            ],
            "6.6667": {
              "lerp_mode": "catmullrom",
              "post": [
                0,
                0,
                0
              ],
              "pre": [
                0,
                0,
                0
              ]
            },
            "7.0": {
              "lerp_mode": "catmullrom",
              "post": [
                0,
                0,
                0
              ]
            }
          },
          "rotation": {
            "0.0": [
              0,
              0,
              -2.5
            ],
            "0.4167": [
              32.10382,
              5.35355,
              -8.45862
            ],
            "0.75": [
              -157.36216,
              -11.24349,
              28.11563
            ],
            "1.0833": [
              32.10382,
              5.35355,
              -8.45862
            ],
            "1.4167": [
              -157.36216,
              -11.24349,
              28.11563
            ],
            "1.75": [
              32.10382,
              5.35355,
              -8.45862
            ],
            "2.0": [
              -2.89618,
              5.35355,
              -8.45862
            ],
            "2.5": [
              -85.98557,
              56.81555,
              19.61611
            ],
            "2.9167": [
              -85.98557,
              56.81555,
              19.61611
            ],
            "3.1667": [
              -106.32483,
              -37.8188,
              17.39836
            ],
            "3.5": [
              -106.32483,
              -37.8188,
              17.39836
            ],
            "3.8333": {
              "lerp_mode": "catmullrom",
              "post": [
                12.10382,
                5.35355,
                -8.45862
              ],
              "pre": [
                12.10382,
                5.35355,
                -8.45862
              ]
            },
            "4.4167": {
              "lerp_mode": "catmullrom",
              "post": [
                -2.89618,
                5.35355,
                -8.45862
              ]
            },
            "4.9167": {
              "lerp_mode": "catmullrom",
              "post": [
                -162.48897,
                -3.76185,
                20.15618
              ]
            },
            "5.25": {
              "lerp_mode": "catmullrom",
              "post": [
                -184.33847,
                -3.43127,
                40.52817
              ]
            },
            "5.9167": {
              "lerp_mode": "catmullrom",
              "post": [
                -162.48897,
                -3.76185,
                20.15618
              ]
            },
            "6.25": {
              "lerp_mode": "catmullrom",
              "post": [
                29.95496,
                3.8917,
                -3.43712
              ]
            },
            "6.6667": {
              "lerp_mode": "catmullrom",
              "post": [
                0,
                0,
                -2.5
              ]
            },
            "7.0": {
              "lerp_mode": "catmullrom",
              "post": [
                0,
                0,
                -2.5
              ]
            }
          }
        },
        "leftLeg": {
          "position": {
            "0.0": [
              0,
              0,
              0
            ],
            "6.6667": [
              0,
              0,
              0
            ],
            "7.0": [
              0,
              0,
              0
            ]
          },
          "rotation": {
            "0.0": [
              0,
              0,
              -2.5
            ],
            "0.4167": [
              0,
              0,
              -2.5
            ],
            "0.75": [
              49.56754,
              7.64427,
              -6.46635
            ],
            "1.0833": [
              0,
              0,
              -2.5
            ],
            "1.4167": [
              -33.65802,
              -13.31791,
              -11.45696
            ],
            "1.75": [
              0,
              0,
              -2.5
            ],
            "2.9167": [
              2.32,
              0.92,
              -1.88
            ],
            "3.1667": [
              -50.20475,
              0.91019,
              -1.88661
            ],
            "3.5": [
              -50.20475,
              0.91019,
              -1.88661
            ],
            "3.8333": [
              19.82,
              0.92,
              -1.88
            ],
            "4.4167": [
              2.32,
              0.92,
              -1.88
            ],
            "6.6667": [
              0,
              0,
              -2.5
            ],
            "7.0": [
              0,
              0,
              -2.5
            ]
          }
        },
        "rightArm": {
          "position": {
            "0.0": [
              0,
              0,
              0
            ],
            "6.6667": {
              "lerp_mode": "catmullrom",
              "post": [
                0,
                0,
                0
              ],
              "pre": [
                0,
                0,
                0
              ]
            },
            "7.0": {
              "lerp_mode": "catmullrom",
              "post": [
                0,
                0,
                0
              ]
            }
          },
          "rotation": {
            "0.0": [
              0,
              0,
              2.5
            ],
            "0.4167": [
              32.10382,
              -5.35355,
              8.45862
            ],
            "0.75": [
              -157.36216,
              11.24349,
              -28.11563
            ],
            "1.0833": [
              32.10382,
              -5.35355,
              8.45862
            ],
            "1.4167": [
              -157.36216,
              11.24349,
              -28.11563
            ],
            "1.75": [
              32.10382,
              -5.35355,
              8.45862
            ],
            "2.0": [
              -2.89618,
              -5.35355,
              8.45862
            ],
            "2.5": [
              -86.6292,
              -49.33095,
              -18.8127
            ],
            "2.9167": [
              -85.98557,
              -56.81555,
              -19.61611
            ],
            "3.1667": [
              -106.32483,
              37.8188,
              -17.39836
            ],
            "3.5": [
              -106.32483,
              37.8188,
              -17.39836
            ],
            "3.8333": {
              "lerp_mode": "catmullrom",
              "post": [
                12.10382,
                -5.35355,
                8.45862
              ],
              "pre": [
                12.10382,
                -5.35355,
                8.45862
              ]
            },
            "4.4167": {
              "lerp_mode": "catmullrom",
              "post": [
                -2.89618,
                -5.35355,
                8.45862
              ]
            },
            "4.9167": {
              "lerp_mode": "catmullrom",
              "post": [
                -162.48897,
                3.76185,
                -20.15618
              ]
            },
            "5.25": {
              "lerp_mode": "catmullrom",
              "post": [
                -184.33847,
                3.43127,
                -40.52817
              ]
            },
            "5.9167": {
              "lerp_mode": "catmullrom",
              "post": [
                -162.48897,
                3.76185,
                -20.15618
              ]
            },
            "6.25": {
              "lerp_mode": "catmullrom",
              "post": [
                29.95496,
                -3.8917,
                3.43712
              ]
            },
            "6.6667": {
              "lerp_mode": "catmullrom",
              "post": [
                0,
                0,
                2.5
              ]
            },
            "7.0": {
              "lerp_mode": "catmullrom",
              "post": [
                0,
                0,
                2.5
              ]
            }
          }
        },
        "rightLeg": {
          "position": {
            "0.0": [
              0,
              0,
              0
            ],
            "6.6667": [
              0,
              0,
              0
            ],
            "7.0": [
              0,
              0,
              0
            ]
          },
          "rotation": {
            "0.0": [
              0,
              0,
              2.5
            ],
            "0.4167": [
              0,
              0,
              2.5
            ],
            "0.75": [
              -49.56754,
              7.64427,
              6.46635
            ],
            "1.0833": [
              0,
              0,
              2.5
            ],
            "1.4167": [
              31.15802,
              -13.31791,
              11.45696
            ],
            "1.75": [
              0,
              0,
              2.5
            ],
            "3.1667": [
              3.9152,
              0.46368,
              2.18815
            ],
            "3.8333": [
              0,
              0,
              2.5
            ],
            "6.6667": [
              0,
              0,
              2.5
            ],
            "7.0": [
              0,
              0,
              2.5
            ]
          }
        },
        "root": {
          "position": {
            "0.0": [
              0,
              0,
              0
            ],
            "0.4167": [
              0,
              0,
              0
            ],
            "0.75": [
              0,
              16,
              0
            ],
            "1.0833": [
              0,
              0,
              0
            ],
            "1.4167": [
              0,
              16,
              0
            ],
            "1.75": [
              0,
              0,
              0
            ],
            "2.5": [
              0,
              0.04,
              0
            ],
            "6.4167": [
              0,
              0,
              0
            ]
          },
          "rotation": {
            "0.0": [
              0,
              "query.head_y_rotation",
              0
            ]
          }
        },
        "waist": {
          "position": {
            "0.0": [
              0,
              0,
              0
            ],
            "6.6667": [
              0,
              0,
              0
            ],
            "7.0": [
              0,
              0,
              0
            ]
          },
          "rotation": {
            "0.0": [
              0,
              0,
              0
            ],
            "0.4167": [
              50,
              0,
              0
            ],
            "0.75": [
              -7.47178,
              -0.65182,
              -4.95744
            ],
            "1.0833": [
              10,
              0,
              0
            ],
            "1.4167": [
              7.47178,
              -0.65182,
              4.95744
            ],
            "1.75": [
              15,
              0,
              0
            ],
            "2.0": [
              5,
              0,
              0
            ],
            "2.5": [
              15.2,
              0,
              0
            ],
            "2.9167": [
              15.2,
              0,
              0
            ],
            "3.1667": [
              -11.87,
              0,
              0
            ],
            "3.5": [
              -11.87,
              0,
              0
            ],
            "3.8333": [
              0,
              0,
              0
            ],
            "4.4167": [
              0,
              0,
              0
            ],
            "4.9167": [
              -10,
              0,
              0
            ],
            "5.25": [
              -11.1008,
              -0.48163,
              -2.4532
            ],
            "5.5833": [
              -11.1008,
              0.48163,
              2.4532
            ],
            "5.9167": [
              -10,
              0,
              0
            ],
            "6.6667": [
              0,
              0,
              0
            ],
            "7.0": [
              0,
              0,
              0
            ]
          }
        }
      },
      "loop": true
    }
  },
  "format_version": "1.8.0"
}