{
  "format_version": "1.12.0",
  "minecraft:geometry": [
    {
      "description": {
        "identifier": "geometry.slime",
        "texture_width": 32,
        "texture_height": 32,
        "visible_bounds_width": 2,
        "visible_bounds_height": 2.5,
        "visible_bounds_offset": [ 0, 0.75, 0 ]
      },
      "bones": [
        {
          "name": "cube",
          "pivot": [ 8, 0, -7 ],
          "cubes": [
            { "origin": [ -5, 1, -4 ], "size": [ 1, 1, 2 ], "uv": [ 0, 4 ] },
            { "origin": [ -2, 1, 6 ], "size": [ 6, 6, 1 ], "uv": [ 0, 4 ] },
            { "origin": [ -5, 2, -4 ], "size": [ 1, 1, 1 ], "uv": [ 0, 4 ] },
            {
              "origin": [ 10, -7, -3 ],
              "size": [ 1, 1, 1 ],
              "pivot": [ 8, 0, -6 ],
              "rotation": [ 0, 0, 180 ],
              "uv": [ 0, 4 ]
            },
            {
              "origin": [ 11, -8, -3 ],
              "size": [ 1, 1, 1 ],
              "pivot": [ 8, 0, -6 ],
              "rotation": [ 0, 0, 180 ],
              "uv": [ 0, 4 ]
            },
            {
              "origin": [ 10, -3, -5 ],
              "size": [ 1, 2, 3 ],
              "pivot": [ 8, 0, -6 ],
              "rotation": [ 0, 0, 180 ],
              "uv": [ 0, 4 ]
            },
            {
              "origin": [ 10, -8, -5 ],
              "size": [ 1, 2, 2 ],
              "pivot": [ 8, 0, -6 ],
              "rotation": [ 0, 0, 180 ],
              "uv": [ 0, 4 ]
            },
            {
              "origin": [ 10, -7, -6 ],
              "size": [ 1, 5, 2 ],
              "pivot": [ 8, 0, -6 ],
              "rotation": [ 0, 0, 180 ],
              "uv": [ 0, 4 ]
            },
            {
              "origin": [ 8, -7, -3 ],
              "size": [ 1, 5, 7 ],
              "pivot": [ 8, 0, -6 ],
              "rotation": [ 0, 0, 180 ],
              "uv": [ 0, 4 ]
            },
            {
              "origin": [ 8, -8, -3 ],
              "size": [ 1, 1, 6 ],
              "pivot": [ 8, 0, -6 ],
              "rotation": [ 0, 0, 180 ],
              "uv": [ 0, 4 ]
            },
            {
              "origin": [ 8, -2, -3 ],
              "size": [ 1, 1, 6 ],
              "pivot": [ 8, 0, -6 ],
              "rotation": [ 0, 0, 180 ],
              "uv": [ 0, 4 ]
            },
            {
              "origin": [ 8, -7, -4 ],
              "size": [ 1, 5, 1 ],
              "pivot": [ 8, 0, -6 ],
              "rotation": [ 0, 0, 180 ],
              "uv": [ 0, 4 ]
            },
            {
              "origin": [ 9, -7, -5 ],
              "size": [ 1, 5, 1 ],
              "pivot": [ 8, 0, -6 ],
              "rotation": [ 0, 0, 180 ],
              "uv": [ 0, 4 ]
            },
            {
              "origin": [ 10, -2, 1 ],
              "size": [ 1, 1, 1 ],
              "pivot": [ 8, 0, -6 ],
              "rotation": [ 0, 0, 180 ],
              "uv": [ 0, 4 ]
            },
            {
              "origin": [ 11, -2, -6 ],
              "size": [ 2, 1, 3 ],
              "pivot": [ 8, 0, -6 ],
              "rotation": [ 0, 0, 180 ],
              "uv": [ 0, 4 ]
            },
            {
              "origin": [ 9, -1, -3 ],
              "size": [ 1, 1, 6 ],
              "pivot": [ 8, 0, -6 ],
              "rotation": [ 0, 0, 180 ],
              "uv": [ 0, 4 ]
            },
            {
              "origin": [ 10, -1, -4 ],
              "size": [ 1, 1, 8 ],
              "pivot": [ 8, 0, -6 ],
              "rotation": [ 0, 0, 180 ],
              "uv": [ 0, 4 ]
            },
            {
              "origin": [ 9, -2, -4 ],
              "size": [ 1, 1, 8 ],
              "pivot": [ 8, 0, -6 ],
              "rotation": [ 0, 0, 180 ],
              "uv": [ 0, 4 ]
            },
            {
              "origin": [ 9, -8, -4 ],
              "size": [ 2, 1, 8 ],
              "pivot": [ 8, 0, -6 ],
              "rotation": [ 0, 0, 180 ],
              "uv": [ 0, 4 ]
            },
            {
              "origin": [ 10, -9, -4 ],
              "size": [ 1, 1, 8 ],
              "pivot": [ 8, 0, -6 ],
              "rotation": [ 0, 0, 180 ],
              "uv": [ 0, 4 ]
            },
            {
              "origin": [ 9, -9, -3 ],
              "size": [ 1, 1, 6 ],
              "pivot": [ 8, 0, -6 ],
              "rotation": [ 0, 0, 180 ],
              "uv": [ 0, 4 ]
            },
            {
              "origin": [ 11, -1, -5 ],
              "size": [ 1, 1, 10 ],
              "pivot": [ 8, 0, -6 ],
              "rotation": [ 0, 0, 180 ],
              "uv": [ 0, 4 ]
            },
            {
              "origin": [ 10, -2, 4 ],
              "size": [ 1, 1, 1 ],
              "pivot": [ 8, 0, -6 ],
              "rotation": [ 0, 0, 180 ],
              "uv": [ 0, 4 ]
            },
            {
              "origin": [ 9, -7, -4 ],
              "size": [ 1, 5, 9 ],
              "pivot": [ 8, 0, -6 ],
              "rotation": [ 0, 0, 180 ],
              "uv": [ 0, 4 ]
            },
            {
              "origin": [ 10, -8, 4 ],
              "size": [ 1, 1, 1 ],
              "pivot": [ 8, 0, -6 ],
              "rotation": [ 0, 0, 180 ],
              "uv": [ 0, 4 ]
            },
            {
              "origin": [ 11, -9, -5 ],
              "size": [ 1, 1, 10 ],
              "pivot": [ 8, 0, -6 ],
              "rotation": [ 0, 0, 180 ],
              "uv": [ 0, 4 ]
            },
            {
              "origin": [ 11, -7, 5 ],
              "size": [ 2, 6, 1 ],
              "pivot": [ 8, 0, -6 ],
              "rotation": [ 0, 0, 180 ],
              "uv": [ 0, 4 ]
            },
            {
              "origin": [ 10, -7, 5 ],
              "size": [ 1, 5, 1 ],
              "pivot": [ 8, 0, -6 ],
              "rotation": [ 0, 0, 180 ],
              "uv": [ 0, 4 ]
            },
            {
              "origin": [ 11, -8, 5 ],
              "size": [ 1, 1, 1 ],
              "pivot": [ 8, 0, -6 ],
              "rotation": [ 0, 0, 180 ],
              "uv": [ 0, 4 ]
            },
            {
              "origin": [ 11, -7, 6 ],
              "size": [ 1, 5, 1 ],
              "pivot": [ 8, 0, -6 ],
              "rotation": [ 0, 0, 180 ],
              "uv": [ 0, 4 ]
            },
            {
              "origin": [ 12, -8, 5 ],
              "size": [ 1, 1, 1 ],
              "pivot": [ 8, 0, -7 ],
              "rotation": [ 0, 0, 180 ],
              "uv": [ 0, 4 ]
            },
            { "origin": [ -3, 2, 6 ], "size": [ 1, 5, 1 ], "uv": [ 0, 4 ] },
            { "origin": [ -2, 7, 5 ], "size": [ 6, 1, 2 ], "uv": [ 0, 4 ] },
            { "origin": [ -2, 0, -5 ], "size": [ 6, 1, 11 ], "uv": [ 0, 4 ] },
            { "origin": [ 0.5, 5, -7 ], "size": [ 1, 2, 1 ], "uv": [ 0, 4 ] },
            { "origin": [ -3, 5, -7 ], "size": [ 1, 1, 1 ], "uv": [ 0, 4 ] },
            { "origin": [ 4, 5, -7 ], "size": [ 1, 1, 1 ], "uv": [ 0, 4 ] },
            { "origin": [ 1.5, 6, -7 ], "size": [ 1, 1, 1 ], "uv": [ 0, 4 ] },
            { "origin": [ -0.5, 6, -7 ], "size": [ 1, 1, 1 ], "uv": [ 0, 4 ] },
            { "origin": [ 4, 2, -7 ], "size": [ 1, 1, 1 ], "uv": [ 0, 4 ] },
            { "origin": [ -3, 2, -7 ], "size": [ 1, 1, 1 ], "uv": [ 0, 4 ] },
            { "origin": [ -3, 3.5, -7 ], "size": [ 8, 1.5, 1 ], "uv": [ 0, 4 ] },
            { "origin": [ -3, 1, 5 ], "size": [ 1, 1, 1 ], "uv": [ 0, 4 ] },
            { "origin": [ -4, 2, 5 ], "size": [ 2, 6, 1 ], "uv": [ 0, 4 ] },
            { "origin": [ 2, 8, -5 ], "size": [ 2, 1, 11 ], "uv": [ 0, 4 ] },
            { "origin": [ -2, 8, 1 ], "size": [ 4, 1, 5 ], "uv": [ 0, 4 ] },
            { "origin": [ -3, 0, -5 ], "size": [ 1, 1, 10 ], "uv": [ 0, 4 ] },
            { "origin": [ -4, 1, 4 ], "size": [ 1, 1, 1 ], "uv": [ 0, 4 ] },
            { "origin": [ -5, 2, 4 ], "size": [ 2, 6, 1 ], "uv": [ 0, 4 ] },
            { "origin": [ -3, 8, -5 ], "size": [ 1, 1, 10 ], "uv": [ 0, 4 ] },
            { "origin": [ -4, 0, -4 ], "size": [ 1, 1, 8 ], "uv": [ 0, 4 ] },
            { "origin": [ -2, 1, -7 ], "size": [ 6, 1, 1 ], "uv": [ 0, 4 ] },
            { "origin": [ -5, 1, 3 ], "size": [ 1, 1, 1 ], "uv": [ 0, 4 ] },
            { "origin": [ -6, 2, -4 ], "size": [ 1, 5, 8 ], "uv": [ 0, 4 ] },
            { "origin": [ -2, 8, -5 ], "size": [ 2, 1, 6 ], "uv": [ 0, 4 ] },
            { "origin": [ -2, 8, -6 ], "size": [ 6, 1, 1 ], "uv": [ 0, 4 ] },
            { "origin": [ -3, 7, -7 ], "size": [ 8, 1, 2 ], "uv": [ 0, 4 ] },
            { "origin": [ -5, 7, 3 ], "size": [ 1, 1, 1 ], "uv": [ 0, 4 ] },
            { "origin": [ -4, 8, -4 ], "size": [ 1, 1, 8 ], "uv": [ 0, 4 ] },
            { "origin": [ -5, 0, -3 ], "size": [ 1, 1, 6 ], "uv": [ 0, 4 ] },
            { "origin": [ -4, 6, -6 ], "size": [ 1, 1, 2 ], "uv": [ 0, 4 ] },
            { "origin": [ -6, 1, -2 ], "size": [ 1, 1, 5 ], "uv": [ 0, 4 ] },
            { "origin": [ -4, 2, -6 ], "size": [ 1, 4, 1 ], "uv": [ 0, 4 ] },
            { "origin": [ -6, 7, -3 ], "size": [ 1, 1, 6 ], "uv": [ 0, 4 ] },
            { "origin": [ -5, 8, -3 ], "size": [ 1, 1, 6 ], "uv": [ 0, 4 ] },
            { "origin": [ -3, 1, -6 ], "size": [ 1, 1, 1 ], "uv": [ 0, 4 ] },
            { "origin": [ -3, 2, -6 ], "size": [ 8, 5, 1 ], "uv": [ 14, 25 ] },
            { "origin": [ -2, 0, -6 ], "size": [ 6, 1, 1 ], "uv": [ 0, 4 ] },
            { "origin": [ 0, 8, -5 ], "size": [ 2, 1, 3 ], "uv": [ 0, 4 ] },
            { "origin": [ -4, 7, -5 ], "size": [ 2, 1, 1 ], "uv": [ 0, 4 ] },
            { "origin": [ -5, 7, 0 ], "size": [ 1, 1, 1 ], "uv": [ 0, 4 ] },
            { "origin": [ -3, 9, -4 ], "size": [ 8, 1, 8 ], "uv": [ 0, 4 ] },
            { "origin": [ -2, 9, 4 ], "size": [ 6, 1, 1 ], "uv": [ 0, 4 ] },
            { "origin": [ -4, 9, -3 ], "size": [ 1, 1, 6 ], "uv": [ 0, 4 ] },
            { "origin": [ -2, 9, -5 ], "size": [ 6, 1, 1 ], "uv": [ 0, 4 ] },
            { "origin": [ 5, 9, -3 ], "size": [ 1, 1, 6 ], "uv": [ 0, 4 ] },
            { "origin": [ -5, 3, -5 ], "size": [ 1, 3, 1 ], "uv": [ 0, 4 ] },
            { "origin": [ -4, 1, -5 ], "size": [ 1, 2, 1 ], "uv": [ 0, 4 ] },
            { "origin": [ -1, 10, -2 ], "size": [ 1, 1, 2 ], "uv": [ 4, 26 ] },
            { "origin": [ 1, 10, -1 ], "size": [ 1, 1, 1 ], "uv": [ 4, 26 ] },
            { "origin": [ 1, 10, 0 ], "size": [ 1, 4, 1 ], "uv": [ 4, 26 ] },
            { "origin": [ 0, 10, -1 ], "size": [ 1, 2, 2 ], "uv": [ 4, 26 ] },
            { "origin": [ -5, 6, -4 ], "size": [ 1, 2, 1 ], "uv": [ 0, 4 ] }
          ]
        },
        { "name": "eye0", "parent": "cube", "pivot": [ 8, 0, -7 ] },
        { "name": "eye1", "parent": "cube", "pivot": [ 0, 0, 0 ] },
        { "name": "mouth", "parent": "cube", "pivot": [ 0, 0, 0 ] }
      ]
    }
  ]
}