{"animations":{"animation.geyser_custom.killerclown.firstperson_main_hand":{"bones":{"geyser_custom":{"position":[4,10,4],"rotation":[90,60,-40],"scale":1.5},"geyser_custom_x":{"position":[-2.0869,0,0],"rotation":[0,0,0],"scale":[0.35,0.35,0.35]},"geyser_custom_y":{"rotation":[0,30,0]},"geyser_custom_z":{"rotation":[0,0,0]}},"loop":true},"animation.geyser_custom.killerclown.head":{"bones":{"geyser_custom":{"rotation":[0,180,0],"position":[0,22.2,-0.1]},"geyser_custom_x":{"scale":[0.63,0.63,0.63]}},"loop":true},"animation.geyser_custom.killerclown.thirdperson_main_hand":{"bones":{"geyser_custom":{"position":[0,13,-3],"rotation":[90,0,0]},"geyser_custom_x":{"position":[-1,0,0],"rotation":[0,0,0],"scale":[0.35,0.35,0.35]},"geyser_custom_y":{"rotation":[0,193,0]},"geyser_custom_z":{"rotation":[0,0,0]}},"loop":true}},"format_version":"1.8.0"}