{"format_version":"1.10.0","particle_effect":{"components":{"minecraft:emitter_lifetime_looping":{"active_time":0.4},"minecraft:emitter_rate_steady":{"max_particles":50,"spawn_rate":120},"minecraft:emitter_shape_point":{"offset":["Math.random(-4, 4)","Math.random(-4, 4)","Math.random(-4, 4)"]},"minecraft:particle_appearance_billboard":{"facing_camera_mode":"lookat_xyz","size":[1,1],"uv":{"flipbook":{"base_UV":[0,0],"frames_per_second":8,"max_frame":16,"size_UV":[32,32],"step_UV":[0,32],"stretch_to_lifetime":true},"texture_height":512,"texture_width":32}},"minecraft:particle_appearance_tinting":{"color":["variable.particle_random_1 * 0.6 + 0.4","variable.particle_random_1 * 0.6 + 0.4","variable.particle_random_1 * 0.6 + 0.4",1]},"minecraft:particle_lifetime_expression":{"max_lifetime":"Math.random(0.3, 0.5)"}},"description":{"basic_render_parameters":{"material":"particles_blend","texture":"textures/particle/large_explosion"},"identifier":"havoc:explosion"}}}