{"format_version":"1.10.0","particle_effect":{"components":{"minecraft:emitter_lifetime_once":{"active_time":0.1},"minecraft:emitter_local_space":{"position":true,"rotation":true},"minecraft:emitter_rate_steady":{"max_particles":3,"spawn_rate":20},"minecraft:emitter_shape_point":{},"minecraft:particle_appearance_billboard":{"facing_camera_mode":"lookat_xyz","size":["(0.3 + variable.particle_random_1*0.1) - (0.3 * variable.particle_age)","(0.3 + variable.particle_random_1*0.1) - (0.3 * variable.particle_age)"],"uv":{"flipbook":{"base_UV":[0,0],"loop":true,"max_frame":16,"size_UV":[32,32],"step_UV":[0,32],"stretch_to_lifetime":true},"texture_height":512,"texture_width":32}},"minecraft:particle_initial_speed":0.2,"minecraft:particle_lifetime_expression":{"max_lifetime":"Math.random(0.4, 1)"},"minecraft:particle_motion_dynamic":{}},"description":{"basic_render_parameters":{"material":"particles_alpha","texture":"textures/flame_atlas"},"identifier":"flamethrower:fire"}}}