{"format_version":"1.10.0","particle_effect":{"components":{"minecraft:emitter_lifetime_once":{"active_time":1},"minecraft:emitter_local_space":{"position":true,"rotation":true},"minecraft:emitter_rate_instant":{"num_particles":1},"minecraft:emitter_shape_point":{},"minecraft:particle_appearance_billboard":{"facing_camera_mode":"rotate_xyz","size":["(0.2 + variable.particle_random_1*0.1) + (0.5 * variable.particle_age)","(0.2 + variable.particle_random_1*0.1) + (0.5 * variable.particle_age)"],"uv":{"flipbook":{"base_UV":[0,0],"max_frame":5,"size_UV":[16,16],"step_UV":[0,16],"stretch_to_lifetime":true},"texture_height":80,"texture_width":16}},"minecraft:particle_appearance_tinting":{"color":{"gradient":{"0.0":"#ffffffff","1.0":"#00454545"},"interpolant":"v.particle_age / v.particle_lifetime"}},"minecraft:particle_lifetime_expression":{"max_lifetime":0.6}},"description":{"basic_render_parameters":{"material":"particles_blend","texture":"textures/particle/muzzleflash"},"identifier":"guns:muzzleflash"}}}