{"format_version":"1.10.0","particle_effect":{"components":{"minecraft:emitter_lifetime_once":{"active_time":1},"minecraft:emitter_rate_instant":{"num_particles":1},"minecraft:emitter_shape_point":{},"minecraft:particle_appearance_billboard":{"facing_camera_mode":"lookat_xyz","size":[0.1,0.1],"uv":{"texture_height":128,"texture_width":128,"uv":[120,0],"uv_size":[8,8]}},"minecraft:particle_appearance_tinting":{"color":[0,0,0,1]},"minecraft:particle_lifetime_expression":{"max_lifetime":1}},"description":{"basic_render_parameters":{"material":"particles_alpha","texture":"textures/particle/particles"},"identifier":"minecraft:portal_directional"}}}