{"format_version":"1.16.0","minecraft:geometry":[{"bones":[{"binding":"c.item_slot == 'head' ? 'head' : q.item_slot_to_bone_name(c.item_slot)","name":"geyser_custom","pivot":[0,8,0]},{"name":"geyser_custom_x","parent":"geyser_custom","pivot":[0,8,0]},{"name":"geyser_custom_y","parent":"geyser_custom_x","pivot":[0,8,0]},{"cubes":[{"origin":[-1.5,0,-4],"size":[3,11,8],"uv":{"down":{"uv":[12.6205,12.258],"uv_size":[0.1736,0.492]},"east":{"uv":[12.4781,12.3235],"uv_size":[0.4631,0.6765]},"north":{"uv":[12.6205,12.3235],"uv_size":[0.1736,0.6765]},"south":{"uv":[12.6205,12.3235],"uv_size":[0.1736,0.6765]},"up":{"uv":[8.0854,15.742],"uv_size":[-0.1736,-0.492]},"west":{"uv":[12.4781,12.3235],"uv_size":[0.4631,0.6765]}}},{"origin":[1.5,0,-3.5],"size":[1,11,7],"uv":{"down":{"uv":[12.7951,12.2883],"uv_size":[0.0579,0.4305]},"north":{"uv":[12.7951,12.3235],"uv_size":[0.0579,0.6765]},"south":{"uv":[12.5598,12.3235],"uv_size":[0.0579,0.6765]},"up":{"uv":[7.9108,15.7118],"uv_size":[-0.0579,-0.4305]},"west":{"uv":[12.5066,12.3235],"uv_size":[0.4052,0.6765]}}},{"origin":[3,0,-2.5],"size":[0.5,11,5],"uv":{"down":{"uv":[12.8828,12.3488],"uv_size":[0.0289,0.3075]},"north":{"uv":[12.8828,12.3235],"uv_size":[0.0289,0.6765]},"south":{"uv":[12.5005,12.3235],"uv_size":[0.0289,0.6765]},"up":{"uv":[7.8231,15.6513],"uv_size":[-0.0289,-0.3075]},"west":{"uv":[12.5635,12.3235],"uv_size":[0.2894,0.6765]}}},{"origin":[3.5,0,-1.5],"size":[0.5,11,3],"uv":{"down":{"uv":[12.9122,12.4093],"uv_size":[0.0289,0.1845]},"north":{"uv":[12.9122,12.3235],"uv_size":[0.0289,0.6765]},"south":{"uv":[12.4711,12.3235],"uv_size":[0.0289,0.6765]},"west":{"uv":[12.6205,12.3235],"uv_size":[0.1736,0.6765]}}},{"origin":[2.5,0,-3],"size":[0.5,11,6],"uv":{"down":{"uv":[12.8534,12.3185],"uv_size":[0.0289,0.369]},"north":{"uv":[12.8534,12.3235],"uv_size":[0.0289,0.6765]},"south":{"uv":[12.5299,12.3235],"uv_size":[0.0289,0.6765]},"up":{"uv":[7.8525,15.6815],"uv_size":[-0.0289,-0.369]},"west":{"uv":[12.5351,12.3235],"uv_size":[0.3473,0.6765]}}},{"origin":[-2.5,0,-3.5],"size":[1,11,7],"uv":{"down":{"uv":[12.5598,12.2883],"uv_size":[0.0579,0.4305]},"east":{"uv":[12.5066,12.3235],"uv_size":[0.4052,0.6765]},"north":{"uv":[12.5598,12.3235],"uv_size":[0.0579,0.6765]},"south":{"uv":[12.7951,12.3235],"uv_size":[0.0579,0.6765]},"up":{"uv":[8.1461,15.7118],"uv_size":[-0.0579,-0.4305]}}},{"origin":[-3,0,-3],"size":[0.5,2,6],"uv":{"down":{"uv":[12.5299,12.3185],"uv_size":[0.0289,0.369]},"east":{"uv":[12.5351,12.877],"uv_size":[0.3473,0.123]},"north":{"uv":[12.5299,12.877],"uv_size":[0.0289,0.123]},"south":{"uv":[12.8534,12.877],"uv_size":[0.0289,0.123]}}},{"origin":[-3.5,0,-2.5],"size":[0.5,2,5],"uv":{"down":{"uv":[12.5005,12.3488],"uv_size":[0.0289,0.3075]},"east":{"uv":[12.5635,12.877],"uv_size":[0.2894,0.123]},"north":{"uv":[12.5005,12.877],"uv_size":[0.0289,0.123]},"south":{"uv":[12.8828,12.877],"uv_size":[0.0289,0.123]}}},{"origin":[-4,0,-1.5],"size":[0.5,2,3],"uv":{"down":{"uv":[12.4711,12.4093],"uv_size":[0.0289,0.1845]},"east":{"uv":[12.6205,12.877],"uv_size":[0.1736,0.123]},"north":{"uv":[12.4711,12.877],"uv_size":[0.0289,0.123]},"south":{"uv":[12.9122,12.877],"uv_size":[0.0289,0.123]}}},{"origin":[-3,2,-3],"size":[0.5,9,6],"uv":{"east":{"uv":[5.0056,12.3215],"uv_size":[0.3473,0.5535]},"north":{"uv":[5.0005,12.3215],"uv_size":[0.0289,0.5535]},"south":{"uv":[5.324,12.3215],"uv_size":[0.0289,0.5535]},"up":{"uv":[8.176,15.6815],"uv_size":[-0.0289,-0.369]}}},{"origin":[-3.5,2,-2.5],"size":[0.5,9,5],"uv":{"east":{"uv":[5.0341,12.3215],"uv_size":[0.2894,0.5535]},"north":{"uv":[4.9711,12.3215],"uv_size":[0.0289,0.5535]},"south":{"uv":[5.3534,12.3215],"uv_size":[0.0289,0.5535]},"up":{"uv":[8.2054,15.6513],"uv_size":[-0.0289,-0.3075]}}},{"origin":[-4,2,-1.5],"size":[0.5,9,3],"uv":{"east":{"uv":[5.0911,12.3215],"uv_size":[0.1736,0.5535]},"north":{"uv":[4.9416,12.3215],"uv_size":[0.0289,0.5535]},"south":{"uv":[5.3828,12.3215],"uv_size":[0.0289,0.5535]}}},{"origin":[-4,11,-1.5],"size":[0.5,2,3],"uv":{"east":{"uv":[12.6205,12.1895],"uv_size":[0.1736,0.123]},"north":{"uv":[12.4711,12.1895],"uv_size":[0.0289,0.123]},"south":{"uv":[12.9122,12.1895],"uv_size":[0.0289,0.123]},"up":{"uv":[12.9407,12.5908],"uv_size":[-0.0289,-0.1845]},"west":{"uv":[7.9146,15.1895],"uv_size":[0.1736,0.123]}}},{"origin":[-3.5,11,1.5],"size":[0.5,2,1],"uv":{"east":{"uv":[12.5598,12.1895],"uv_size":[0.0579,0.123]},"north":{"uv":[7.7946,15.1895],"uv_size":[0.0289,0.123]},"south":{"uv":[12.8828,12.1895],"uv_size":[0.0289,0.123]},"up":{"uv":[12.9113,12.6553],"uv_size":[-0.0289,-0.0615]},"west":{"uv":[8.0892,15.1895],"uv_size":[0.0579,0.123]}}},{"origin":[-3.5,11,-2.5],"size":[0.5,2,1],"uv":{"east":{"uv":[12.7951,12.1895],"uv_size":[0.0579,0.123]},"north":{"uv":[12.5005,12.1895],"uv_size":[0.0289,0.123]},"south":{"uv":[8.1769,15.1895],"uv_size":[0.0289,0.123]},"up":{"uv":[12.9113,12.4053],"uv_size":[-0.0289,-0.0615]},"west":{"uv":[7.8539,15.1895],"uv_size":[0.0579,0.123]}}},{"origin":[-3,11,-3],"size":[0.5,2,0.5],"uv":{"east":{"uv":[12.8534,12.1895],"uv_size":[0.0289,0.123]},"north":{"uv":[12.5299,12.1895],"uv_size":[0.0289,0.123]},"south":{"uv":[8.1475,15.1895],"uv_size":[0.0289,0.123]},"up":{"uv":[12.8819,12.3433],"uv_size":[-0.0289,-0.0308]},"west":{"uv":[7.824,15.1895],"uv_size":[0.0289,0.123]}}},{"origin":[-3,11,2.5],"size":[0.5,2,0.5],"uv":{"east":{"uv":[12.5299,12.1895],"uv_size":[0.0289,0.123]},"north":{"uv":[7.824,15.1895],"uv_size":[0.0289,0.123]},"south":{"uv":[12.8534,12.1895],"uv_size":[0.0289,0.123]},"up":{"uv":[12.8819,12.687],"uv_size":[-0.0289,-0.0308]},"west":{"uv":[8.1475,15.1895],"uv_size":[0.0289,0.123]}}},{"origin":[-2.5,11,3],"size":[1,2,0.5],"uv":{"east":{"uv":[12.5005,12.1895],"uv_size":[0.0289,0.123]},"north":{"uv":[7.8539,15.1895],"uv_size":[0.0579,0.123]},"south":{"uv":[12.7951,12.1895],"uv_size":[0.0579,0.123]},"up":{"uv":[12.852,12.7183],"uv_size":[-0.0579,-0.0308]},"west":{"uv":[8.1769,15.1895],"uv_size":[0.0289,0.123]}}},{"origin":[-2.5,11,-3.5],"size":[1,2,0.5],"uv":{"east":{"uv":[12.8828,12.1895],"uv_size":[0.0289,0.123]},"north":{"uv":[12.5598,12.1895],"uv_size":[0.0579,0.123]},"south":{"uv":[8.0892,15.1895],"uv_size":[0.0579,0.123]},"up":{"uv":[12.852,12.312],"uv_size":[-0.0579,-0.0308]},"west":{"uv":[7.7946,15.1895],"uv_size":[0.0289,0.123]}}},{"origin":[-1.5,11,-4],"size":[3,2,0.5],"uv":{"east":{"uv":[12.9122,12.1895],"uv_size":[0.0289,0.123]},"north":{"uv":[12.6205,12.1895],"uv_size":[0.1736,0.123]},"south":{"uv":[7.9146,15.1895],"uv_size":[0.1736,0.123]},"up":{"uv":[12.7913,12.2808],"uv_size":[-0.1736,-0.0308]},"west":{"uv":[12.4711,12.1895],"uv_size":[0.0289,0.123]}}},{"origin":[-1.5,11,3.5],"size":[3,2,0.5],"uv":{"east":{"uv":[12.4711,12.1895],"uv_size":[0.0289,0.123]},"north":{"uv":[7.9146,15.1895],"uv_size":[0.1736,0.123]},"south":{"uv":[12.6205,12.1895],"uv_size":[0.1736,0.123]},"up":{"uv":[12.7913,12.7495],"uv_size":[-0.1736,-0.0308]},"west":{"uv":[12.9122,12.1895],"uv_size":[0.0289,0.123]}}},{"origin":[3.5,11,-1.5],"size":[0.5,2,3],"uv":{"east":{"uv":[7.9146,15.1895],"uv_size":[0.1736,0.123]},"north":{"uv":[12.9122,12.1895],"uv_size":[0.0289,0.123]},"south":{"uv":[12.4711,12.1895],"uv_size":[0.0289,0.123]},"up":{"uv":[12.4995,12.5908],"uv_size":[-0.0289,-0.1845]},"west":{"uv":[12.6205,12.1895],"uv_size":[0.1736,0.123]}}},{"origin":[3,11,1.5],"size":[0.5,2,1],"uv":{"east":{"uv":[7.8539,15.1895],"uv_size":[0.0579,0.123]},"north":{"uv":[8.1769,15.1895],"uv_size":[0.0289,0.123]},"south":{"uv":[12.5005,12.1895],"uv_size":[0.0289,0.123]},"up":{"uv":[12.5289,12.6553],"uv_size":[-0.0289,-0.0615]},"west":{"uv":[12.7951,12.1895],"uv_size":[0.0579,0.123]}}},{"origin":[3,11,-2.5],"size":[0.5,2,1],"uv":{"east":{"uv":[8.0892,15.1895],"uv_size":[0.0579,0.123]},"north":{"uv":[12.8828,12.1895],"uv_size":[0.0289,0.123]},"south":{"uv":[7.7946,15.1895],"uv_size":[0.0289,0.123]},"up":{"uv":[12.5289,12.4053],"uv_size":[-0.0289,-0.0615]},"west":{"uv":[12.5598,12.1895],"uv_size":[0.0579,0.123]}}},{"origin":[2.5,11,-3],"size":[0.5,2,0.5],"uv":{"east":{"uv":[8.1475,15.1895],"uv_size":[0.0289,0.123]},"north":{"uv":[12.8534,12.1895],"uv_size":[0.0289,0.123]},"south":{"uv":[7.824,15.1895],"uv_size":[0.0289,0.123]},"up":{"uv":[12.5584,12.3433],"uv_size":[-0.0289,-0.0308]},"west":{"uv":[12.5299,12.1895],"uv_size":[0.0289,0.123]}}},{"origin":[2.5,11,2.5],"size":[0.5,2,0.5],"uv":{"east":{"uv":[7.824,15.1895],"uv_size":[0.0289,0.123]},"north":{"uv":[8.1475,15.1895],"uv_size":[0.0289,0.123]},"south":{"uv":[12.5299,12.1895],"uv_size":[0.0289,0.123]},"up":{"uv":[12.5584,12.687],"uv_size":[-0.0289,-0.0308]},"west":{"uv":[12.8534,12.1895],"uv_size":[0.0289,0.123]}}},{"origin":[1.5,11,3],"size":[1,2,0.5],"uv":{"east":{"uv":[7.7946,15.1895],"uv_size":[0.0289,0.123]},"north":{"uv":[8.0892,15.1895],"uv_size":[0.0579,0.123]},"south":{"uv":[12.5598,12.1895],"uv_size":[0.0579,0.123]},"up":{"uv":[12.6167,12.7183],"uv_size":[-0.0579,-0.0308]},"west":{"uv":[12.8828,12.1895],"uv_size":[0.0289,0.123]}}},{"origin":[1.5,11,-3.5],"size":[1,2,0.5],"uv":{"east":{"uv":[8.1769,15.1895],"uv_size":[0.0289,0.123]},"north":{"uv":[12.7951,12.1895],"uv_size":[0.0579,0.123]},"south":{"uv":[7.8539,15.1895],"uv_size":[0.0579,0.123]},"up":{"uv":[12.6167,12.312],"uv_size":[-0.0579,-0.0308]},"west":{"uv":[12.5005,12.1895],"uv_size":[0.0289,0.123]}}},{"origin":[-0.5,11,-2.5],"size":[2,0.5,1],"uv":{"east":{"uv":[15.6186,10.2818],"uv_size":[0.0579,0.0308]},"north":{"uv":[15.5019,10.2818],"uv_size":[0.1158,0.0308]},"south":{"uv":[15.4431,10.2818],"uv_size":[0.1158,0.0308]},"up":{"uv":[15.5569,10.4053],"uv_size":[-0.1158,-0.0615]},"west":{"uv":[15.3833,10.2818],"uv_size":[0.0579,0.0308]}}},{"origin":[-2.5,10.5,-1.5],"size":[0.5,2,1],"uv":{"down":{"uv":[15.3828,10.4073],"uv_size":[0.0289,0.0615]},"east":{"uv":[15.5598,10.2208],"uv_size":[0.0579,0.123]},"north":{"uv":[15.3828,10.2208],"uv_size":[0.0289,0.123]},"south":{"uv":[15.6475,10.2208],"uv_size":[0.0289,0.123]},"up":{"uv":[15.676,10.4678],"uv_size":[-0.0289,-0.0615]},"west":{"uv":[15.4421,10.2208],"uv_size":[0.0579,0.123]}}}],"name":"geyser_custom_z","parent":"geyser_custom_y","pivot":[0,8,0]},{"cubes":[{"origin":[0.5429,11,1],"pivot":[2.5429,11,1],"size":[2,0.5,1],"uv":{"down":{"uv":[15.5632,10.5635],"uv_size":[0.1158,0.0615]},"east":{"uv":[15.4127,10.2818],"uv_size":[0.0579,0.0308]},"north":{"uv":[15.5632,10.2818],"uv_size":[0.1158,0.0308]},"south":{"uv":[15.3817,10.2818],"uv_size":[0.1158,0.0308]},"up":{"uv":[15.4956,10.624],"uv_size":[-0.1158,-0.0615]},"west":{"uv":[15.5892,10.2818],"uv_size":[0.0579,0.0308]}}}],"name":"rot_1","parent":"geyser_custom_z","pivot":[2.5429,11,1],"rotation":[0,45,0]},{"cubes":[{"origin":[-0.5,10.5,2],"pivot":[0.5,12.5,2],"size":[1,2,0.5],"uv":{"down":{"uv":[15.5009,10.6255],"uv_size":[0.0579,0.0308]},"east":{"uv":[15.3828,10.2208],"uv_size":[0.0289,0.123]},"north":{"uv":[15.5009,10.2208],"uv_size":[0.0579,0.123]},"south":{"uv":[15.5009,10.2208],"uv_size":[0.0579,0.123]},"up":{"uv":[15.5579,10.6558],"uv_size":[-0.0579,-0.0308]},"west":{"uv":[15.6475,10.2208],"uv_size":[0.0289,0.123]}}}],"name":"rot_2","parent":"geyser_custom_z","pivot":[0.5,12.5,2],"rotation":[22.5,0,0]},{"cubes":[{"origin":[0,11,-0.5],"pivot":[2,11,-0.5],"size":[2,0.5,1],"uv":{"down":{"uv":[15.5313,10.4698],"uv_size":[0.1158,0.0615]},"east":{"uv":[15.5009,10.2818],"uv_size":[0.0579,0.0308]},"north":{"uv":[15.5313,10.2818],"uv_size":[0.1158,0.0308]},"south":{"uv":[15.4136,10.2818],"uv_size":[0.1158,0.0308]},"up":{"uv":[15.5275,10.5303],"uv_size":[-0.1158,-0.0615]},"west":{"uv":[15.5009,10.2818],"uv_size":[0.0579,0.0308]}}}],"name":"rot_3","parent":"geyser_custom_z","pivot":[2,11,-0.5],"rotation":[0,22.5,0]},{"cubes":[{"origin":[1.5,11,-1.5],"pivot":[2,13,-1.5],"size":[0.5,2,1],"uv":{"east":{"uv":[15.5598,10.1895],"uv_size":[0.0579,0.123]},"north":{"uv":[15.6181,10.1895],"uv_size":[0.0289,0.123]},"south":{"uv":[15.4122,10.1895],"uv_size":[0.0289,0.123]},"up":{"uv":[15.4407,10.4678],"uv_size":[-0.0289,-0.0615]},"west":{"uv":[15.4421,10.1895],"uv_size":[0.0579,0.123]}}}],"name":"rot_4","parent":"geyser_custom_z","pivot":[2,13,-1.5],"rotation":[0,0,-22.5]},{"cubes":[{"origin":[-2,11.5,0.5],"pivot":[-1,11.5,0.5],"size":[1,0.5,2],"uv":{"down":{"uv":[15.4127,10.5333],"uv_size":[0.0579,0.123]},"east":{"uv":[15.3842,10.2505],"uv_size":[0.1158,0.0308]},"north":{"uv":[15.4127,10.2505],"uv_size":[0.0579,0.0308]},"south":{"uv":[15.5892,10.2505],"uv_size":[0.0579,0.0308]},"up":{"uv":[15.6461,10.6543],"uv_size":[-0.0579,-0.123]},"west":{"uv":[15.5607,10.2505],"uv_size":[0.1158,0.0308]}}}],"name":"rot_5","parent":"geyser_custom_z","pivot":[-1,11.5,0.5],"rotation":[0,-22.5,0]},{"cubes":[{"origin":[-1,11.0471,0.5],"pivot":[1,11.5471,0.5],"size":[2,0.5,1],"uv":{"down":{"uv":[15.4725,10.5323],"uv_size":[0.1158,0.0615]},"east":{"uv":[15.4421,10.2788],"uv_size":[0.0579,0.0308]},"north":{"uv":[15.4725,10.2788],"uv_size":[0.1158,0.0308]},"south":{"uv":[15.4725,10.2788],"uv_size":[0.1158,0.0308]},"up":{"uv":[15.5864,10.5928],"uv_size":[-0.1158,-0.0615]},"west":{"uv":[15.5598,10.2788],"uv_size":[0.0579,0.0308]}}}],"name":"rot_6","parent":"geyser_custom_z","pivot":[1,11.5471,0.5],"rotation":[0,0,22.5]},{"cubes":[{"origin":[-1.5,11.5,-0.5233],"pivot":[0.5,11.5,-0.5233],"size":[2,0.5,1],"uv":{"down":{"uv":[15.4431,10.4683],"uv_size":[0.1158,0.0615]},"east":{"uv":[15.5023,10.2505],"uv_size":[0.0579,0.0308]},"north":{"uv":[15.4431,10.2505],"uv_size":[0.1158,0.0308]},"south":{"uv":[15.5019,10.2505],"uv_size":[0.1158,0.0308]},"up":{"uv":[15.6158,10.5288],"uv_size":[-0.1158,-0.0615]},"west":{"uv":[15.4996,10.2505],"uv_size":[0.0579,0.0308]}}}],"name":"rot_7","parent":"geyser_custom_z","pivot":[0.5,11.5,-0.5233],"rotation":[0,-45,0]}],"description":{"identifier":"geometry.geyser_custom.geo_bf49d0b","texture_height":16,"texture_width":16,"visible_bounds_height":4.5,"visible_bounds_offset":[0,0.75,0],"visible_bounds_width":4}}]}