{"format_version":"1.16.0","minecraft:geometry":[{"bones":[{"binding":"c.item_slot == 'head' ? 'head' : q.item_slot_to_bone_name(c.item_slot)","name":"geyser_custom","pivot":[0,8,0]},{"name":"geyser_custom_x","parent":"geyser_custom","pivot":[0,8,0]},{"name":"geyser_custom_y","parent":"geyser_custom_x","pivot":[0,8,0]},{"cubes":[{"origin":[-1.5,0,-4],"size":[3,13,8],"uv":{"down":{"uv":[12.6205,12.258],"uv_size":[0.1736,0.492]},"east":{"uv":[12.4781,12.2005],"uv_size":[0.4631,0.7995]},"north":{"uv":[12.6205,12.2005],"uv_size":[0.1736,0.7995]},"south":{"uv":[12.6205,12.2005],"uv_size":[0.1736,0.7995]},"west":{"uv":[12.4781,12.2005],"uv_size":[0.4631,0.7995]}}},{"origin":[1.5,0,-3.5],"size":[1,13,7],"uv":{"down":{"uv":[12.7951,12.2883],"uv_size":[0.0579,0.4305]},"north":{"uv":[12.7951,12.2005],"uv_size":[0.0579,0.7995]},"south":{"uv":[12.5598,12.2005],"uv_size":[0.0579,0.7995]},"west":{"uv":[12.5066,12.2005],"uv_size":[0.4052,0.7995]}}},{"origin":[3,0,-2.5],"size":[0.5,13,5],"uv":{"down":{"uv":[12.8828,12.3488],"uv_size":[0.0289,0.3075]},"north":{"uv":[12.8828,12.2005],"uv_size":[0.0289,0.7995]},"south":{"uv":[12.5005,12.2005],"uv_size":[0.0289,0.7995]},"west":{"uv":[12.5635,12.2005],"uv_size":[0.2894,0.7995]}}},{"origin":[3.5,0,-1.5],"size":[0.5,13,3],"uv":{"down":{"uv":[12.9122,12.4093],"uv_size":[0.0289,0.1845]},"north":{"uv":[12.9122,12.2005],"uv_size":[0.0289,0.7995]},"south":{"uv":[12.4711,12.2005],"uv_size":[0.0289,0.7995]},"west":{"uv":[12.6205,12.2005],"uv_size":[0.1736,0.7995]}}},{"origin":[2.5,0,-3],"size":[0.5,13,6],"uv":{"down":{"uv":[12.8534,12.3185],"uv_size":[0.0289,0.369]},"north":{"uv":[12.8534,12.2005],"uv_size":[0.0289,0.7995]},"south":{"uv":[12.5299,12.2005],"uv_size":[0.0289,0.7995]},"west":{"uv":[12.5351,12.2005],"uv_size":[0.3473,0.7995]}}},{"origin":[-2.5,0,-3.5],"size":[1,13,7],"uv":{"down":{"uv":[12.5598,12.2883],"uv_size":[0.0579,0.4305]},"east":{"uv":[12.5066,12.2005],"uv_size":[0.4052,0.7995]},"north":{"uv":[12.5598,12.2005],"uv_size":[0.0579,0.7995]},"south":{"uv":[12.7951,12.2005],"uv_size":[0.0579,0.7995]}}},{"origin":[-3,11,-3],"size":[0.5,2,6],"uv":{"east":{"uv":[12.5351,12.1895],"uv_size":[0.3473,0.123]},"north":{"uv":[12.5299,12.1895],"uv_size":[0.0289,0.123]},"south":{"uv":[12.8534,12.1895],"uv_size":[0.0289,0.123]}}},{"origin":[-3.5,11,-2.5],"size":[0.5,2,5],"uv":{"east":{"uv":[12.5635,12.1895],"uv_size":[0.2894,0.123]},"north":{"uv":[12.5005,12.1895],"uv_size":[0.0289,0.123]},"south":{"uv":[12.8828,12.1895],"uv_size":[0.0289,0.123]}}},{"origin":[-4,11,-1.5],"size":[0.5,2,3],"uv":{"east":{"uv":[12.6205,12.1895],"uv_size":[0.1736,0.123]},"north":{"uv":[12.4711,12.1895],"uv_size":[0.0289,0.123]},"south":{"uv":[12.9122,12.1895],"uv_size":[0.0289,0.123]}}},{"origin":[-3,0,-3],"size":[0.5,2,6],"uv":{"down":{"uv":[12.5299,12.3185],"uv_size":[0.0289,0.369]},"east":{"uv":[12.5351,12.877],"uv_size":[0.3473,0.123]},"north":{"uv":[12.5299,12.877],"uv_size":[0.0289,0.123]},"south":{"uv":[12.8534,12.877],"uv_size":[0.0289,0.123]}}},{"origin":[-3.5,0,-2.5],"size":[0.5,2,5],"uv":{"down":{"uv":[12.5005,12.3488],"uv_size":[0.0289,0.3075]},"east":{"uv":[12.5635,12.877],"uv_size":[0.2894,0.123]},"north":{"uv":[12.5005,12.877],"uv_size":[0.0289,0.123]},"south":{"uv":[12.8828,12.877],"uv_size":[0.0289,0.123]}}},{"origin":[-4,0,-1.5],"size":[0.5,2,3],"uv":{"down":{"uv":[12.4711,12.4093],"uv_size":[0.0289,0.1845]},"east":{"uv":[12.6205,12.877],"uv_size":[0.1736,0.123]},"north":{"uv":[12.4711,12.877],"uv_size":[0.0289,0.123]},"south":{"uv":[12.9122,12.877],"uv_size":[0.0289,0.123]}}},{"origin":[-3,2,-3],"size":[0.5,9,6],"uv":{"east":{"uv":[5.0056,12.3215],"uv_size":[0.3473,0.5535]},"north":{"uv":[5.0005,12.3215],"uv_size":[0.0289,0.5535]},"south":{"uv":[5.324,12.3215],"uv_size":[0.0289,0.5535]}}},{"origin":[-3.5,2,-2.5],"size":[0.5,9,5],"uv":{"east":{"uv":[5.0341,12.3215],"uv_size":[0.2894,0.5535]},"north":{"uv":[4.9711,12.3215],"uv_size":[0.0289,0.5535]},"south":{"uv":[5.3534,12.3215],"uv_size":[0.0289,0.5535]}}},{"origin":[-4,2,-1.5],"size":[0.5,9,3],"uv":{"east":{"uv":[5.0911,12.3215],"uv_size":[0.1736,0.5535]},"north":{"uv":[4.9416,12.3215],"uv_size":[0.0289,0.5535]},"south":{"uv":[5.3828,12.3215],"uv_size":[0.0289,0.5535]}}},{"origin":[-2,13,-4.5],"size":[4,2,9],"uv":{"down":{"uv":[15.4155,10.2278],"uv_size":[0.2315,0.5535]},"east":{"uv":[15.2732,10.0645],"uv_size":[0.5209,0.123]},"north":{"uv":[15.4155,10.0645],"uv_size":[0.2315,0.123]},"south":{"uv":[15.4155,10.0645],"uv_size":[0.2315,0.123]},"up":{"uv":[15.6433,10.7723],"uv_size":[-0.2315,-0.5535]},"west":{"uv":[15.2732,10.0645],"uv_size":[0.5209,0.123]}}},{"origin":[2,13,-4],"size":[1,2,8],"uv":{"down":{"uv":[15.648,10.258],"uv_size":[0.0579,0.492]},"north":{"uv":[15.648,10.0645],"uv_size":[0.0579,0.123]},"south":{"uv":[15.3539,10.0645],"uv_size":[0.0579,0.123]},"up":{"uv":[15.4108,10.742],"uv_size":[-0.0579,-0.492]},"west":{"uv":[15.3016,10.0645],"uv_size":[0.4631,0.123]}}},{"origin":[3,13,-3.5],"size":[0.5,2,7],"uv":{"down":{"uv":[15.7064,10.2883],"uv_size":[0.0289,0.4305]},"north":{"uv":[15.7064,10.0645],"uv_size":[0.0289,0.123]},"south":{"uv":[15.324,10.0645],"uv_size":[0.0289,0.123]},"up":{"uv":[15.3525,10.7118],"uv_size":[-0.0289,-0.4305]},"west":{"uv":[15.3301,10.0645],"uv_size":[0.4052,0.123]}}},{"origin":[3.5,13,-3],"size":[0.5,2,6],"uv":{"down":{"uv":[15.7358,10.3185],"uv_size":[0.0289,0.369]},"north":{"uv":[15.7358,10.0645],"uv_size":[0.0289,0.123]},"south":{"uv":[15.2946,10.0645],"uv_size":[0.0289,0.123]},"up":{"uv":[15.3231,10.6815],"uv_size":[-0.0289,-0.369]},"west":{"uv":[15.3586,10.0645],"uv_size":[0.3473,0.123]}}},{"origin":[4,13,-2],"size":[0.5,2,4],"uv":{"down":{"uv":[15.7652,10.379],"uv_size":[0.0289,0.246]},"north":{"uv":[15.7652,10.0645],"uv_size":[0.0289,0.123]},"south":{"uv":[15.2652,10.0645],"uv_size":[0.0289,0.123]},"up":{"uv":[15.2936,10.621],"uv_size":[-0.0289,-0.246]},"west":{"uv":[15.4155,10.0645],"uv_size":[0.2315,0.123]}}},{"origin":[-3,13,-4],"size":[1,2,8],"uv":{"down":{"uv":[15.3539,10.258],"uv_size":[0.0579,0.492]},"east":{"uv":[15.3016,10.0645],"uv_size":[0.4631,0.123]},"north":{"uv":[15.3539,10.0645],"uv_size":[0.0579,0.123]},"south":{"uv":[15.648,10.0645],"uv_size":[0.0579,0.123]},"up":{"uv":[15.7049,10.742],"uv_size":[-0.0579,-0.492]}}},{"origin":[-3.5,13,-3.5],"size":[0.5,2,7],"uv":{"down":{"uv":[15.324,10.2883],"uv_size":[0.0289,0.4305]},"east":{"uv":[15.3301,10.0645],"uv_size":[0.4052,0.123]},"north":{"uv":[15.324,10.0645],"uv_size":[0.0289,0.123]},"south":{"uv":[15.7064,10.0645],"uv_size":[0.0289,0.123]},"up":{"uv":[15.7348,10.7118],"uv_size":[-0.0289,-0.4305]}}},{"origin":[-4,13,-3],"size":[0.5,2,6],"uv":{"down":{"uv":[15.2946,10.3185],"uv_size":[0.0289,0.369]},"east":{"uv":[15.3586,10.0645],"uv_size":[0.3473,0.123]},"north":{"uv":[15.2946,10.0645],"uv_size":[0.0289,0.123]},"south":{"uv":[15.7358,10.0645],"uv_size":[0.0289,0.123]},"up":{"uv":[15.7642,10.6815],"uv_size":[-0.0289,-0.369]}}},{"origin":[-4.5,13,-2],"size":[0.5,2,4],"uv":{"down":{"uv":[15.2652,10.379],"uv_size":[0.0289,0.246]},"east":{"uv":[15.4155,10.0645],"uv_size":[0.2315,0.123]},"north":{"uv":[15.2652,10.0645],"uv_size":[0.0289,0.123]},"south":{"uv":[15.7652,10.0645],"uv_size":[0.0289,0.123]},"up":{"uv":[15.7936,10.621],"uv_size":[-0.0289,-0.246]}}},{"origin":[-1.5,15,-4],"size":[3,0.5,8],"uv":{"east":{"uv":[15.3016,10.0318],"uv_size":[0.4631,0.0308]},"north":{"uv":[15.444,10.0318],"uv_size":[0.1736,0.0308]},"south":{"uv":[15.444,10.0318],"uv_size":[0.1736,0.0308]},"up":{"uv":[15.6148,10.742],"uv_size":[-0.1736,-0.492]},"west":{"uv":[15.3016,10.0318],"uv_size":[0.4631,0.0308]}}},{"origin":[1.5,15,-3.5],"size":[1,0.5,7],"uv":{"north":{"uv":[15.6186,10.0318],"uv_size":[0.0579,0.0308]},"south":{"uv":[15.3833,10.0318],"uv_size":[0.0579,0.0308]},"up":{"uv":[15.4402,10.7118],"uv_size":[-0.0579,-0.4305]},"west":{"uv":[15.3301,10.0318],"uv_size":[0.4052,0.0308]}}},{"origin":[3,15,-2.5],"size":[0.5,0.5,5],"uv":{"north":{"uv":[15.7064,10.0318],"uv_size":[0.0289,0.0308]},"south":{"uv":[15.324,10.0318],"uv_size":[0.0289,0.0308]},"up":{"uv":[15.3525,10.6512],"uv_size":[-0.0289,-0.3075]},"west":{"uv":[15.3871,10.0318],"uv_size":[0.2894,0.0308]}}},{"origin":[3.5,15,-1.5],"size":[0.5,0.5,3],"uv":{"north":{"uv":[15.7358,10.0318],"uv_size":[0.0289,0.0308]},"south":{"uv":[15.2946,10.0318],"uv_size":[0.0289,0.0308]},"up":{"uv":[15.3231,10.5908],"uv_size":[-0.0289,-0.1845]},"west":{"uv":[15.444,10.0318],"uv_size":[0.1736,0.0308]}}},{"origin":[2.5,15,-3],"size":[0.5,0.5,6],"uv":{"north":{"uv":[15.6769,10.0318],"uv_size":[0.0289,0.0308]},"south":{"uv":[15.3534,10.0318],"uv_size":[0.0289,0.0308]},"up":{"uv":[15.3819,10.6815],"uv_size":[-0.0289,-0.369]},"west":{"uv":[15.3586,10.0318],"uv_size":[0.3473,0.0308]}}},{"origin":[-2.5,15,-3.5],"size":[1,0.5,7],"uv":{"east":{"uv":[15.3301,10.0318],"uv_size":[0.4052,0.0308]},"north":{"uv":[15.3833,10.0318],"uv_size":[0.0579,0.0308]},"south":{"uv":[15.6186,10.0318],"uv_size":[0.0579,0.0308]},"up":{"uv":[15.6755,10.7118],"uv_size":[-0.0579,-0.4305]}}},{"origin":[-3,15,-3],"size":[0.5,0.5,6],"uv":{"east":{"uv":[15.3586,10.0318],"uv_size":[0.3473,0.0308]},"north":{"uv":[15.3534,10.0318],"uv_size":[0.0289,0.0308]},"south":{"uv":[15.6769,10.0318],"uv_size":[0.0289,0.0308]},"up":{"uv":[15.7054,10.6815],"uv_size":[-0.0289,-0.369]}}},{"origin":[-3.5,15,-2.5],"size":[0.5,0.5,5],"uv":{"east":{"uv":[15.3871,10.0318],"uv_size":[0.2894,0.0308]},"north":{"uv":[15.324,10.0318],"uv_size":[0.0289,0.0308]},"south":{"uv":[15.7064,10.0318],"uv_size":[0.0289,0.0308]},"up":{"uv":[15.7348,10.6512],"uv_size":[-0.0289,-0.3075]}}},{"origin":[-4,15,-1.5],"size":[0.5,0.5,3],"uv":{"east":{"uv":[15.444,10.0318],"uv_size":[0.1736,0.0308]},"north":{"uv":[15.2946,10.0318],"uv_size":[0.0289,0.0308]},"south":{"uv":[15.7358,10.0318],"uv_size":[0.0289,0.0308]},"up":{"uv":[15.7642,10.5908],"uv_size":[-0.0289,-0.1845]}}}],"name":"geyser_custom_z","parent":"geyser_custom_y","pivot":[0,8,0]}],"description":{"identifier":"geometry.geyser_custom.geo_10bccfd","texture_height":16,"texture_width":16,"visible_bounds_height":4.5,"visible_bounds_offset":[0,0.75,0],"visible_bounds_width":4}}]}