{"format_version":"1.16.0","minecraft:geometry":[{"bones":[{"binding":"c.item_slot == 'head' ? 'head' : q.item_slot_to_bone_name(c.item_slot)","name":"geyser_custom","pivot":[0,8,0]},{"name":"geyser_custom_x","parent":"geyser_custom","pivot":[0,8,0]},{"name":"geyser_custom_y","parent":"geyser_custom_x","pivot":[0,8,0]},{"cubes":[{"origin":[3,0,-3.375],"size":[2.25,5.85,0.45],"uv":{"down":{"uv":[6.9454,10.579],"uv_size":[0.2605,0.0554]},"east":{"uv":[6.9332,11.2805],"uv_size":[0.0521,0.7195]},"north":{"uv":[6.9454,11.2805],"uv_size":[0.2605,0.7195]},"south":{"uv":[4.0925,11.2805],"uv_size":[0.2605,0.7195]},"up":{"uv":[6.2311,10.6335],"uv_size":[-0.2605,-0.0554]},"west":{"uv":[6.192,11.2805],"uv_size":[0.0521,0.7195]}}},{"origin":[7.05,0,-1.125],"size":[0.45,5.85,2.25],"uv":{"down":{"uv":[7.4185,10.8639],"uv_size":[0.0521,0.2768]},"east":{"uv":[4.5778,11.2805],"uv_size":[0.2605,0.7195]},"north":{"uv":[7.4185,11.2805],"uv_size":[0.0521,0.7195]},"south":{"uv":[5.7067,11.2805],"uv_size":[0.0521,0.7195]},"up":{"uv":[5.758,11.1361],"uv_size":[-0.0521,-0.2768]},"west":{"uv":[6.4601,11.2805],"uv_size":[0.2605,0.7195]}}},{"origin":[6.6,0,-2.025],"size":[0.45,5.85,0.9],"uv":{"down":{"uv":[7.3656,10.7487],"uv_size":[0.0521,0.1107]},"east":{"uv":[4.8399,11.2805],"uv_size":[0.1042,0.7195]},"north":{"uv":[7.3656,11.2805],"uv_size":[0.0521,0.7195]},"south":{"uv":[3.8773,11.2805],"uv_size":[0.0521,0.7195]},"up":{"uv":[5.8109,10.8576],"uv_size":[-0.0521,-0.1107]},"west":{"uv":[6.3517,11.2805],"uv_size":[0.1042,0.7195]}}},{"origin":[5.25,0,-2.925],"size":[0.9,5.85,0.45],"uv":{"down":{"uv":[7.2076,10.6353],"uv_size":[0.1042,0.0554]},"east":{"uv":[4.9979,11.2805],"uv_size":[0.0521,0.7195]},"north":{"uv":[7.2076,11.2805],"uv_size":[0.1042,0.7195]},"south":{"uv":[3.984,11.2805],"uv_size":[0.1042,0.7195]},"up":{"uv":[5.9689,10.6897],"uv_size":[-0.1042,-0.0554]},"west":{"uv":[6.245,11.2805],"uv_size":[0.0521,0.7195]}}},{"origin":[6.15,0,-2.475],"size":[0.45,5.85,0.45],"uv":{"down":{"uv":[7.3126,10.6915],"uv_size":[0.0521,0.0553]},"east":{"uv":[4.945,11.2805],"uv_size":[0.0521,0.7195]},"north":{"uv":[7.3126,11.2805],"uv_size":[0.0521,0.7195]},"south":{"uv":[3.9303,11.2805],"uv_size":[0.0521,0.7195]},"up":{"uv":[5.8639,10.746],"uv_size":[-0.0521,-0.0553]},"west":{"uv":[6.2979,11.2805],"uv_size":[0.0521,0.7195]}}},{"origin":[2.1,0,-2.925],"size":[0.9,5.85,0.45],"uv":{"down":{"uv":[6.837,10.6353],"uv_size":[0.1042,0.0554]},"east":{"uv":[6.8803,11.2805],"uv_size":[0.0521,0.7195]},"north":{"uv":[6.837,11.2805],"uv_size":[0.1042,0.7195]},"south":{"uv":[4.3546,11.2805],"uv_size":[0.1042,0.7195]},"up":{"uv":[6.3395,10.6897],"uv_size":[-0.1042,-0.0554]},"west":{"uv":[4.3626,11.2805],"uv_size":[0.0521,0.7195]}}},{"origin":[1.65,0,-2.475],"size":[0.45,5.85,0.45],"uv":{"down":{"uv":[6.7832,10.6915],"uv_size":[0.0521,0.0553]},"east":{"uv":[6.8273,11.2805],"uv_size":[0.0521,0.7195]},"north":{"uv":[6.7832,11.2805],"uv_size":[0.0521,0.7195]},"south":{"uv":[4.4597,11.2805],"uv_size":[0.0521,0.7195]},"up":{"uv":[6.3933,10.746],"uv_size":[-0.0521,-0.0553]},"west":{"uv":[4.4156,11.2805],"uv_size":[0.0521,0.7195]}}},{"origin":[1.2,0,-2.025],"size":[0.45,5.85,0.9],"uv":{"down":{"uv":[6.7303,10.7487],"uv_size":[0.0521,0.1107]},"east":{"uv":[6.7223,11.2805],"uv_size":[0.1042,0.7195]},"north":{"uv":[6.7303,11.2805],"uv_size":[0.0521,0.7195]},"south":{"uv":[4.5126,11.2805],"uv_size":[0.0521,0.7195]},"up":{"uv":[6.4462,10.8576],"uv_size":[-0.0521,-0.1107]},"west":{"uv":[4.4693,11.2805],"uv_size":[0.1042,0.7195]}}},{"origin":[0.75,0,-1.125],"size":[0.45,5.85,2.25],"uv":{"down":{"uv":[6.6773,10.8639],"uv_size":[0.0521,0.2768]},"east":{"uv":[6.4601,11.2805],"uv_size":[0.2605,0.7195]},"north":{"uv":[6.6773,11.2805],"uv_size":[0.0521,0.7195]},"south":{"uv":[6.4479,11.2805],"uv_size":[0.0521,0.7195]},"up":{"uv":[6.4992,11.1361],"uv_size":[-0.0521,-0.2768]},"west":{"uv":[4.5778,11.2805],"uv_size":[0.2605,0.7195]}}},{"origin":[6.6,0,1.125],"size":[0.45,5.85,0.9],"uv":{"down":{"uv":[7.3656,11.1424],"uv_size":[0.0521,0.1107]},"east":{"uv":[4.4693,11.2805],"uv_size":[0.1042,0.7195]},"north":{"uv":[5.4832,11.2805],"uv_size":[0.0521,0.7195]},"south":{"uv":[5.7597,11.2805],"uv_size":[0.0521,0.7195]},"up":{"uv":[5.8109,11.2513],"uv_size":[-0.0521,-0.1107]},"west":{"uv":[6.7223,11.2805],"uv_size":[0.1042,0.7195]}}},{"origin":[6.15,0,2.025],"size":[0.45,5.85,0.45],"uv":{"down":{"uv":[7.3126,11.254],"uv_size":[0.0521,0.0553]},"east":{"uv":[4.4156,11.2805],"uv_size":[0.0521,0.7195]},"north":{"uv":[5.4303,11.2805],"uv_size":[0.0521,0.7195]},"south":{"uv":[5.8126,11.2805],"uv_size":[0.0521,0.7195]},"up":{"uv":[5.8639,11.3085],"uv_size":[-0.0521,-0.0553]},"west":{"uv":[6.8273,11.2805],"uv_size":[0.0521,0.7195]}}},{"origin":[5.25,0,2.475],"size":[0.9,5.85,0.45],"uv":{"down":{"uv":[7.2076,11.3103],"uv_size":[0.1042,0.0554]},"east":{"uv":[4.3626,11.2805],"uv_size":[0.0521,0.7195]},"north":{"uv":[5.3252,11.2805],"uv_size":[0.1042,0.7195]},"south":{"uv":[5.8664,11.2805],"uv_size":[0.1042,0.7195]},"up":{"uv":[5.9689,11.3647],"uv_size":[-0.1042,-0.0554]},"west":{"uv":[6.8803,11.2805],"uv_size":[0.0521,0.7195]}}},{"origin":[3,0,2.925],"size":[2.25,5.85,0.45],"uv":{"down":{"uv":[6.9454,11.3665],"uv_size":[0.2605,0.0554]},"east":{"uv":[6.192,11.2805],"uv_size":[0.0521,0.7195]},"north":{"uv":[5.0631,11.2805],"uv_size":[0.2605,0.7195]},"south":{"uv":[5.9748,11.2805],"uv_size":[0.2605,0.7195]},"up":{"uv":[6.2311,11.421],"uv_size":[-0.2605,-0.0554]},"west":{"uv":[6.9332,11.2805],"uv_size":[0.0521,0.7195]}}},{"origin":[2.1,0,2.475],"size":[0.9,5.85,0.45],"uv":{"down":{"uv":[6.837,11.3103],"uv_size":[0.1042,0.0554]},"east":{"uv":[6.245,11.2805],"uv_size":[0.0521,0.7195]},"north":{"uv":[4.9546,11.2805],"uv_size":[0.1042,0.7195]},"south":{"uv":[6.237,11.2805],"uv_size":[0.1042,0.7195]},"up":{"uv":[6.3395,11.3647],"uv_size":[-0.1042,-0.0554]},"west":{"uv":[4.9979,11.2805],"uv_size":[0.0521,0.7195]}}},{"origin":[1.65,0,2.025],"size":[0.45,5.85,0.45],"uv":{"down":{"uv":[6.7832,11.254],"uv_size":[0.0521,0.0553]},"east":{"uv":[6.2979,11.2805],"uv_size":[0.0521,0.7195]},"north":{"uv":[4.9008,11.2805],"uv_size":[0.0521,0.7195]},"south":{"uv":[6.342,11.2805],"uv_size":[0.0521,0.7195]},"up":{"uv":[6.3933,11.3085],"uv_size":[-0.0521,-0.0553]},"west":{"uv":[4.945,11.2805],"uv_size":[0.0521,0.7195]}}},{"origin":[1.2,0,1.125],"size":[0.45,5.85,0.9],"uv":{"down":{"uv":[6.7303,11.1424],"uv_size":[0.0521,0.1107]},"east":{"uv":[6.3517,11.2805],"uv_size":[0.1042,0.7195]},"north":{"uv":[4.8479,11.2805],"uv_size":[0.0521,0.7195]},"south":{"uv":[6.395,11.2805],"uv_size":[0.0521,0.7195]},"up":{"uv":[6.4462,11.2513],"uv_size":[-0.0521,-0.1107]},"west":{"uv":[4.8399,11.2805],"uv_size":[0.1042,0.7195]}}},{"origin":[3,0.045,-2.925],"size":[2.25,5.76,0.45],"uv":{"down":{"uv":[8.8278,10.6353],"uv_size":[0.2605,0.0554]},"south":{"uv":[4.0925,11.2859],"uv_size":[0.2605,0.7085]},"up":{"uv":[8.1134,10.6897],"uv_size":[-0.2605,-0.0554]}}},{"origin":[2.1,0.045,-2.475],"size":[1.125,5.76,0.45],"uv":{"down":{"uv":[8.7198,10.6915],"uv_size":[0.1302,0.0553]},"north":{"uv":[4.9551,11.2859],"uv_size":[0.1302,0.7085]},"south":{"uv":[4.3286,11.2859],"uv_size":[0.1302,0.7085]},"up":{"uv":[8.2214,10.746],"uv_size":[-0.1302,-0.0553]},"west":{"uv":[4.4156,11.2859],"uv_size":[0.0521,0.7085]}}},{"origin":[5.025,0.045,-2.475],"size":[1.125,5.76,0.45],"uv":{"down":{"uv":[9.0639,10.6915],"uv_size":[0.1302,0.0553]},"east":{"uv":[4.945,11.2859],"uv_size":[0.0521,0.7085]},"north":{"uv":[5.2992,11.2859],"uv_size":[0.1302,0.7085]},"south":{"uv":[3.9845,11.2859],"uv_size":[0.1302,0.7085]},"up":{"uv":[7.8773,10.746],"uv_size":[-0.1302,-0.0553]}}},{"origin":[6.15,0.045,-2.025],"size":[0.45,5.76,1.125],"uv":{"down":{"uv":[9.195,10.7491],"uv_size":[0.0521,0.1384]},"east":{"uv":[4.8139,11.2859],"uv_size":[0.1302,0.7085]},"south":{"uv":[3.9303,11.2859],"uv_size":[0.0521,0.7085]},"up":{"uv":[7.7462,10.8852],"uv_size":[-0.0521,-0.1384]},"west":{"uv":[4.4698,11.2859],"uv_size":[0.1302,0.7085]}}},{"origin":[6.6,0.045,-1.125],"size":[0.45,5.76,2.25],"uv":{"down":{"uv":[9.2479,10.8639],"uv_size":[0.0521,0.2768]},"east":{"uv":[4.5778,11.2859],"uv_size":[0.2605,0.7085]},"up":{"uv":[7.6933,11.1361],"uv_size":[-0.0521,-0.2768]}}},{"origin":[6.15,0.045,0.9],"size":[0.45,5.76,1.125],"uv":{"down":{"uv":[9.195,11.1148],"uv_size":[0.0521,0.1384]},"east":{"uv":[4.4698,11.2859],"uv_size":[0.1302,0.7085]},"north":{"uv":[5.4303,11.2859],"uv_size":[0.0521,0.7085]},"up":{"uv":[7.7462,11.2509],"uv_size":[-0.0521,-0.1384]},"west":{"uv":[4.8139,11.2859],"uv_size":[0.1302,0.7085]}}},{"origin":[5.025,0.045,2.025],"size":[1.125,5.76,0.45],"uv":{"down":{"uv":[9.0639,11.254],"uv_size":[0.1302,0.0553]},"east":{"uv":[4.4156,11.2859],"uv_size":[0.0521,0.7085]},"north":{"uv":[5.2992,11.2859],"uv_size":[0.1302,0.7085]},"south":{"uv":[3.9845,11.2859],"uv_size":[0.1302,0.7085]},"up":{"uv":[7.8773,11.3085],"uv_size":[-0.1302,-0.0553]}}},{"origin":[3,0.045,2.475],"size":[2.25,5.76,0.45],"uv":{"down":{"uv":[8.8278,11.3103],"uv_size":[0.2605,0.0554]},"north":{"uv":[5.0631,11.2859],"uv_size":[0.2605,0.7085]},"up":{"uv":[8.1134,11.3647],"uv_size":[-0.2605,-0.0554]}}},{"origin":[2.1,0.045,2.025],"size":[1.125,5.76,0.45],"uv":{"down":{"uv":[8.7198,11.254],"uv_size":[0.1302,0.0553]},"north":{"uv":[4.9551,11.2859],"uv_size":[0.1302,0.7085]},"south":{"uv":[4.3286,11.2859],"uv_size":[0.1302,0.7085]},"up":{"uv":[8.2214,11.3085],"uv_size":[-0.1302,-0.0553]},"west":{"uv":[4.945,11.2859],"uv_size":[0.0521,0.7085]}}},{"origin":[1.65,0.045,0.9],"size":[0.45,5.76,1.125],"uv":{"down":{"uv":[8.6656,11.1148],"uv_size":[0.0521,0.1384]},"east":{"uv":[4.4698,11.2859],"uv_size":[0.1302,0.7085]},"north":{"uv":[4.9008,11.2859],"uv_size":[0.0521,0.7085]},"up":{"uv":[8.2756,11.2509],"uv_size":[-0.0521,-0.1384]},"west":{"uv":[4.8139,11.2859],"uv_size":[0.1302,0.7085]}}},{"origin":[1.2,0.045,-1.125],"size":[0.45,5.76,2.25],"uv":{"down":{"uv":[8.6126,10.8639],"uv_size":[0.0521,0.2768]},"up":{"uv":[8.3286,11.1361],"uv_size":[-0.0521,-0.2768]},"west":{"uv":[4.5778,11.2859],"uv_size":[0.2605,0.7085]}}},{"origin":[1.65,0.045,-2.025],"size":[0.45,5.76,1.125],"uv":{"down":{"uv":[8.6656,10.7491],"uv_size":[0.0521,0.1384]},"east":{"uv":[4.8139,11.2859],"uv_size":[0.1302,0.7085]},"south":{"uv":[4.4597,11.2859],"uv_size":[0.0521,0.7085]},"up":{"uv":[8.2756,10.8852],"uv_size":[-0.0521,-0.1384]},"west":{"uv":[4.4698,11.2859],"uv_size":[0.1302,0.7085]}}},{"origin":[5.7,0.045,-2.025],"size":[0.45,5.76,0.45],"uv":{"down":{"uv":[9.142,10.7478],"uv_size":[0.0521,0.0554]},"east":{"uv":[4.892,11.2859],"uv_size":[0.0521,0.7085]},"north":{"uv":[5.3773,11.2859],"uv_size":[0.0521,0.7085]},"south":{"uv":[3.9832,11.2859],"uv_size":[0.0521,0.7085]},"up":{"uv":[7.7992,10.8022],"uv_size":[-0.0521,-0.0554]},"west":{"uv":[4.4685,11.2859],"uv_size":[0.0521,0.7085]}}},{"origin":[5.7,0.045,1.575],"size":[0.45,5.76,0.45],"uv":{"down":{"uv":[9.142,11.1978],"uv_size":[0.0521,0.0554]},"east":{"uv":[4.4685,11.2859],"uv_size":[0.0521,0.7085]},"north":{"uv":[5.3773,11.2859],"uv_size":[0.0521,0.7085]},"south":{"uv":[3.9832,11.2859],"uv_size":[0.0521,0.7085]},"up":{"uv":[7.7992,11.2522],"uv_size":[-0.0521,-0.0554]},"west":{"uv":[4.892,11.2859],"uv_size":[0.0521,0.7085]}}},{"origin":[2.1,0.045,1.575],"size":[0.45,5.76,0.45],"uv":{"down":{"uv":[8.7185,11.1978],"uv_size":[0.0521,0.0554]},"east":{"uv":[4.4685,11.2859],"uv_size":[0.0521,0.7085]},"north":{"uv":[4.9538,11.2859],"uv_size":[0.0521,0.7085]},"south":{"uv":[4.4067,11.2859],"uv_size":[0.0521,0.7085]},"up":{"uv":[8.2227,11.2522],"uv_size":[-0.0521,-0.0554]},"west":{"uv":[4.892,11.2859],"uv_size":[0.0521,0.7085]}}},{"origin":[2.1,0.045,-2.025],"size":[0.45,5.76,0.45],"uv":{"down":{"uv":[8.7185,10.7478],"uv_size":[0.0521,0.0554]},"east":{"uv":[4.892,11.2859],"uv_size":[0.0521,0.7085]},"north":{"uv":[4.9538,11.2859],"uv_size":[0.0521,0.7085]},"south":{"uv":[4.4067,11.2859],"uv_size":[0.0521,0.7085]},"up":{"uv":[8.2227,10.8022],"uv_size":[-0.0521,-0.0554]},"west":{"uv":[4.4685,11.2859],"uv_size":[0.0521,0.7085]}}},{"origin":[6.15,0.09,-0.9],"size":[0.45,5.67,1.8],"uv":{"down":{"uv":[7.3126,10.8911],"uv_size":[0.0521,0.2214]},"east":{"uv":[4.6034,11.2913],"uv_size":[0.2084,0.6974]},"up":{"uv":[5.8639,11.1089],"uv_size":[-0.0521,-0.2214]}}},{"origin":[3.225,0.09,-2.475],"size":[1.8,5.67,0.45],"uv":{"down":{"uv":[6.971,10.6915],"uv_size":[0.2084,0.0553]},"south":{"uv":[4.1181,11.2913],"uv_size":[0.2084,0.6974]},"up":{"uv":[6.2054,10.746],"uv_size":[-0.2084,-0.0553]}}},{"origin":[1.65,0.09,-0.9],"size":[0.45,5.67,1.8],"uv":{"down":{"uv":[6.7832,10.8911],"uv_size":[0.0521,0.2214]},"up":{"uv":[6.3933,11.1089],"uv_size":[-0.0521,-0.2214]},"west":{"uv":[4.6034,11.2913],"uv_size":[0.2084,0.6974]}}},{"origin":[3.225,0.09,2.025],"size":[1.8,5.67,0.45],"uv":{"down":{"uv":[6.971,11.254],"uv_size":[0.2084,0.0553]},"north":{"uv":[5.0887,11.2913],"uv_size":[0.2084,0.6974]},"up":{"uv":[6.2054,11.3085],"uv_size":[-0.2084,-0.0553]}}},{"origin":[4.8,0.09,-2.025],"size":[0.9,5.67,0.45],"uv":{"down":{"uv":[7.1546,10.7478],"uv_size":[0.1042,0.0554]},"east":{"uv":[4.892,11.2913],"uv_size":[0.0521,0.6974]},"north":{"uv":[5.2723,11.2913],"uv_size":[0.1042,0.6974]},"south":{"uv":[4.037,11.2913],"uv_size":[0.1042,0.6974]},"up":{"uv":[6.0218,10.8022],"uv_size":[-0.1042,-0.0554]}}},{"origin":[5.7,0.09,-1.575],"size":[0.45,5.67,0.9],"uv":{"down":{"uv":[7.2597,10.8049],"uv_size":[0.0521,0.1107]},"east":{"uv":[4.787,11.2913],"uv_size":[0.1042,0.6974]},"south":{"uv":[3.9832,11.2913],"uv_size":[0.0521,0.6974]},"up":{"uv":[5.9168,10.9138],"uv_size":[-0.0521,-0.1107]},"west":{"uv":[4.5223,11.2913],"uv_size":[0.1042,0.6974]}}},{"origin":[2.55,0.09,-2.025],"size":[0.9,5.67,0.45],"uv":{"down":{"uv":[6.8899,10.7478],"uv_size":[0.1042,0.0554]},"north":{"uv":[5.0076,11.2913],"uv_size":[0.1042,0.6974]},"south":{"uv":[4.3017,11.2913],"uv_size":[0.1042,0.6974]},"up":{"uv":[6.2865,10.8022],"uv_size":[-0.1042,-0.0554]},"west":{"uv":[4.4685,11.2913],"uv_size":[0.0521,0.6974]}}},{"origin":[2.1,0.09,-1.575],"size":[0.45,5.67,0.9],"uv":{"down":{"uv":[6.8361,10.8049],"uv_size":[0.0521,0.1107]},"east":{"uv":[4.787,11.2913],"uv_size":[0.1042,0.6974]},"south":{"uv":[4.4067,11.2913],"uv_size":[0.0521,0.6974]},"up":{"uv":[6.3403,10.9138],"uv_size":[-0.0521,-0.1107]},"west":{"uv":[4.5223,11.2913],"uv_size":[0.1042,0.6974]}}},{"origin":[5.7,0.09,0.675],"size":[0.45,5.67,0.9],"uv":{"down":{"uv":[7.2597,11.0862],"uv_size":[0.0521,0.1107]},"east":{"uv":[4.5223,11.2913],"uv_size":[0.1042,0.6974]},"north":{"uv":[5.3773,11.2913],"uv_size":[0.0521,0.6974]},"up":{"uv":[5.9168,11.1951],"uv_size":[-0.0521,-0.1107]},"west":{"uv":[4.787,11.2913],"uv_size":[0.1042,0.6974]}}},{"origin":[4.8,0.09,1.575],"size":[0.9,5.67,0.45],"uv":{"down":{"uv":[7.1546,11.1978],"uv_size":[0.1042,0.0554]},"east":{"uv":[4.4685,11.2913],"uv_size":[0.0521,0.6974]},"north":{"uv":[5.2723,11.2913],"uv_size":[0.1042,0.6974]},"south":{"uv":[4.037,11.2913],"uv_size":[0.1042,0.6974]},"up":{"uv":[6.0218,11.2522],"uv_size":[-0.1042,-0.0554]}}},{"origin":[2.55,0.09,1.575],"size":[0.9,5.67,0.45],"uv":{"down":{"uv":[6.8899,11.1978],"uv_size":[0.1042,0.0554]},"north":{"uv":[5.0076,11.2913],"uv_size":[0.1042,0.6974]},"south":{"uv":[4.3017,11.2913],"uv_size":[0.1042,0.6974]},"up":{"uv":[6.2865,11.2522],"uv_size":[-0.1042,-0.0554]},"west":{"uv":[4.892,11.2913],"uv_size":[0.0521,0.6974]}}},{"origin":[2.1,0.09,0.675],"size":[0.45,5.67,0.9],"uv":{"down":{"uv":[6.8361,11.0862],"uv_size":[0.0521,0.1107]},"east":{"uv":[4.5223,11.2913],"uv_size":[0.1042,0.6974]},"north":{"uv":[4.9538,11.2913],"uv_size":[0.0521,0.6974]},"up":{"uv":[6.3403,11.1951],"uv_size":[-0.0521,-0.1107]},"west":{"uv":[4.787,11.2913],"uv_size":[0.1042,0.6974]}}},{"origin":[5.475,0.09,-1.575],"size":[0.225,5.67,0.225],"uv":{"down":{"uv":[7.2328,10.8036],"uv_size":[0.026,0.0277]},"east":{"uv":[4.8651,11.2913],"uv_size":[0.026,0.6974]},"north":{"uv":[5.3504,11.2913],"uv_size":[0.026,0.6974]},"south":{"uv":[4.0357,11.2913],"uv_size":[0.026,0.6974]},"up":{"uv":[5.9437,10.8308],"uv_size":[-0.026,-0.0277]},"west":{"uv":[4.521,11.2913],"uv_size":[0.026,0.6974]}}},{"origin":[2.55,0.09,-1.575],"size":[0.225,5.67,0.225],"uv":{"down":{"uv":[6.8887,10.8036],"uv_size":[0.026,0.0277]},"east":{"uv":[4.8651,11.2913],"uv_size":[0.026,0.6974]},"north":{"uv":[5.0063,11.2913],"uv_size":[0.026,0.6974]},"south":{"uv":[4.3798,11.2913],"uv_size":[0.026,0.6974]},"up":{"uv":[6.2878,10.8308],"uv_size":[-0.026,-0.0277]},"west":{"uv":[4.521,11.2913],"uv_size":[0.026,0.6974]}}},{"origin":[5.475,0.09,1.35],"size":[0.225,5.67,0.225],"uv":{"down":{"uv":[7.2328,11.1692],"uv_size":[0.026,0.0277]},"east":{"uv":[4.521,11.2913],"uv_size":[0.026,0.6974]},"north":{"uv":[5.3504,11.2913],"uv_size":[0.026,0.6974]},"south":{"uv":[4.0357,11.2913],"uv_size":[0.026,0.6974]},"up":{"uv":[5.9437,11.1964],"uv_size":[-0.026,-0.0277]},"west":{"uv":[4.8651,11.2913],"uv_size":[0.026,0.6974]}}},{"origin":[2.55,0.09,1.35],"size":[0.225,5.67,0.225],"uv":{"down":{"uv":[6.8887,11.1692],"uv_size":[0.026,0.0277]},"east":{"uv":[4.521,11.2913],"uv_size":[0.026,0.6974]},"north":{"uv":[5.0063,11.2913],"uv_size":[0.026,0.6974]},"south":{"uv":[4.3798,11.2913],"uv_size":[0.026,0.6974]},"up":{"uv":[6.2878,11.1964],"uv_size":[-0.026,-0.0277]},"west":{"uv":[4.8651,11.2913],"uv_size":[0.026,0.6974]}}},{"origin":[3.45,0.135,-2.025],"size":[1.35,5.58,0.45],"uv":{"down":{"uv":[8.879,10.7478],"uv_size":[0.1563,0.0554]},"south":{"uv":[4.1437,11.2968],"uv_size":[0.1563,0.6863]},"up":{"uv":[8.0622,10.8022],"uv_size":[-0.1563,-0.0554]}}},{"origin":[5.7,0.135,-0.675],"size":[0.45,5.58,1.35],"uv":{"down":{"uv":[9.142,10.9183],"uv_size":[0.0521,0.166]},"east":{"uv":[4.629,11.2968],"uv_size":[0.1563,0.6863]},"up":{"uv":[7.7992,11.0817],"uv_size":[-0.0521,-0.166]}}},{"origin":[3.45,0.135,1.575],"size":[1.35,5.58,0.45],"uv":{"down":{"uv":[8.879,11.1978],"uv_size":[0.1563,0.0554]},"north":{"uv":[5.1143,11.2968],"uv_size":[0.1563,0.6863]},"up":{"uv":[8.0622,11.2522],"uv_size":[-0.1563,-0.0554]}}},{"origin":[2.1,0.135,-0.675],"size":[0.45,5.58,1.35],"uv":{"down":{"uv":[8.7185,10.9183],"uv_size":[0.0521,0.166]},"up":{"uv":[8.2227,11.0817],"uv_size":[-0.0521,-0.166]},"west":{"uv":[4.629,11.2968],"uv_size":[0.1563,0.6863]}}},{"origin":[2.775,0.135,-1.575],"size":[2.7,5.58,0.225],"uv":{"down":{"uv":[8.8021,10.8036],"uv_size":[0.3126,0.0277]},"north":{"uv":[5.0374,11.2968],"uv_size":[0.3126,0.6863]},"south":{"uv":[4.0668,11.2968],"uv_size":[0.3126,0.6863]},"up":{"uv":[8.139,10.8308],"uv_size":[-0.3126,-0.0277]}}},{"origin":[5.475,0.135,-1.35],"size":[0.225,5.58,2.7],"uv":{"down":{"uv":[9.1151,10.8367],"uv_size":[0.026,0.3321]},"east":{"uv":[4.5521,11.2968],"uv_size":[0.3126,0.6863]},"up":{"uv":[7.826,11.1634],"uv_size":[-0.026,-0.3321]},"west":{"uv":[4.5521,11.2968],"uv_size":[0.3126,0.6863]}}},{"origin":[2.775,0.135,1.35],"size":[2.7,5.58,0.225],"uv":{"down":{"uv":[8.8021,11.1692],"uv_size":[0.3126,0.0277]},"north":{"uv":[5.0374,11.2968],"uv_size":[0.3126,0.6863]},"south":{"uv":[4.0668,11.2968],"uv_size":[0.3126,0.6863]},"up":{"uv":[8.139,11.1964],"uv_size":[-0.3126,-0.0277]}}},{"origin":[2.55,0.135,-1.35],"size":[0.225,5.58,2.7],"uv":{"down":{"uv":[8.771,10.8367],"uv_size":[0.026,0.3321]},"east":{"uv":[4.5521,11.2968],"uv_size":[0.3126,0.6863]},"up":{"uv":[8.1702,11.1634],"uv_size":[-0.026,-0.3321]},"west":{"uv":[4.5521,11.2968],"uv_size":[0.3126,0.6863]}}},{"origin":[5.025,0.135,-1.35],"size":[0.45,5.58,0.45],"uv":{"down":{"uv":[9.0626,10.8322],"uv_size":[0.0521,0.0553]},"east":{"uv":[4.8126,11.2968],"uv_size":[0.0521,0.6863]},"north":{"uv":[5.2979,11.2968],"uv_size":[0.0521,0.6863]},"south":{"uv":[4.0626,11.2968],"uv_size":[0.0521,0.6863]},"up":{"uv":[7.8786,10.8866],"uv_size":[-0.0521,-0.0553]},"west":{"uv":[4.5479,11.2968],"uv_size":[0.0521,0.6863]}}},{"origin":[2.775,0.135,-1.35],"size":[0.45,5.58,0.45],"uv":{"down":{"uv":[8.7979,10.8322],"uv_size":[0.0521,0.0553]},"east":{"uv":[4.8126,11.2968],"uv_size":[0.0521,0.6863]},"north":{"uv":[5.0332,11.2968],"uv_size":[0.0521,0.6863]},"south":{"uv":[4.3273,11.2968],"uv_size":[0.0521,0.6863]},"up":{"uv":[8.1433,10.8866],"uv_size":[-0.0521,-0.0553]},"west":{"uv":[4.5479,11.2968],"uv_size":[0.0521,0.6863]}}},{"origin":[5.025,0.135,0.9],"size":[0.45,5.58,0.45],"uv":{"down":{"uv":[9.0626,11.1134],"uv_size":[0.0521,0.0553]},"east":{"uv":[4.5479,11.2968],"uv_size":[0.0521,0.6863]},"north":{"uv":[5.2979,11.2968],"uv_size":[0.0521,0.6863]},"south":{"uv":[4.0626,11.2968],"uv_size":[0.0521,0.6863]},"up":{"uv":[7.8786,11.1679],"uv_size":[-0.0521,-0.0553]},"west":{"uv":[4.8126,11.2968],"uv_size":[0.0521,0.6863]}}},{"origin":[2.775,0.135,0.9],"size":[0.45,5.58,0.45],"uv":{"down":{"uv":[8.7979,11.1134],"uv_size":[0.0521,0.0553]},"east":{"uv":[4.5479,11.2968],"uv_size":[0.0521,0.6863]},"north":{"uv":[5.0332,11.2968],"uv_size":[0.0521,0.6863]},"south":{"uv":[4.3273,11.2968],"uv_size":[0.0521,0.6863]},"up":{"uv":[8.1433,11.1679],"uv_size":[-0.0521,-0.0553]},"west":{"uv":[4.8126,11.2968],"uv_size":[0.0521,0.6863]}}},{"origin":[3.225,0.18,-1.35],"size":[1.8,5.49,0.45],"uv":{"down":{"uv":[6.971,10.8322],"uv_size":[0.2084,0.0553]},"south":{"uv":[4.1181,11.3022],"uv_size":[0.2084,0.6753]},"up":{"uv":[6.2054,10.8866],"uv_size":[-0.2084,-0.0553]}}},{"origin":[5.025,0.18,-0.9],"size":[0.45,5.49,1.8],"uv":{"down":{"uv":[7.1803,10.8911],"uv_size":[0.0521,0.2214]},"east":{"uv":[4.6034,11.3022],"uv_size":[0.2084,0.6753]},"up":{"uv":[5.9962,11.1089],"uv_size":[-0.0521,-0.2214]}}},{"origin":[3.225,0.18,0.9],"size":[1.8,5.49,0.45],"uv":{"down":{"uv":[6.971,11.1134],"uv_size":[0.2084,0.0553]},"north":{"uv":[5.0887,11.3022],"uv_size":[0.2084,0.6753]},"up":{"uv":[6.2054,11.1679],"uv_size":[-0.2084,-0.0553]}}},{"origin":[2.775,0.18,-0.9],"size":[0.45,5.49,1.8],"uv":{"down":{"uv":[6.9156,10.8911],"uv_size":[0.0521,0.2214]},"up":{"uv":[6.2609,11.1089],"uv_size":[-0.0521,-0.2214]},"west":{"uv":[4.6034,11.3022],"uv_size":[0.2084,0.6753]}}},{"origin":[4.575,0.18,-0.9],"size":[0.45,5.49,0.45],"uv":{"down":{"uv":[7.1273,10.8884],"uv_size":[0.0521,0.0554]},"east":{"uv":[4.7597,11.3022],"uv_size":[0.0521,0.6753]},"north":{"uv":[5.245,11.3022],"uv_size":[0.0521,0.6753]},"south":{"uv":[4.1156,11.3022],"uv_size":[0.0521,0.6753]},"up":{"uv":[6.0492,10.9429],"uv_size":[-0.0521,-0.0554]},"west":{"uv":[4.6008,11.3022],"uv_size":[0.0521,0.6753]}}},{"origin":[3.225,0.18,-0.9],"size":[0.45,5.49,0.45],"uv":{"down":{"uv":[6.9685,10.8884],"uv_size":[0.0521,0.0554]},"east":{"uv":[4.7597,11.3022],"uv_size":[0.0521,0.6753]},"north":{"uv":[5.0861,11.3022],"uv_size":[0.0521,0.6753]},"south":{"uv":[4.2744,11.3022],"uv_size":[0.0521,0.6753]},"up":{"uv":[6.208,10.9429],"uv_size":[-0.0521,-0.0554]},"west":{"uv":[4.6008,11.3022],"uv_size":[0.0521,0.6753]}}},{"origin":[4.575,0.18,0.45],"size":[0.45,5.49,0.45],"uv":{"down":{"uv":[7.1273,11.0572],"uv_size":[0.0521,0.0554]},"east":{"uv":[4.6008,11.3022],"uv_size":[0.0521,0.6753]},"north":{"uv":[5.245,11.3022],"uv_size":[0.0521,0.6753]},"south":{"uv":[4.1156,11.3022],"uv_size":[0.0521,0.6753]},"up":{"uv":[6.0492,11.1116],"uv_size":[-0.0521,-0.0554]},"west":{"uv":[4.7597,11.3022],"uv_size":[0.0521,0.6753]}}},{"origin":[3.225,0.18,0.45],"size":[0.45,5.49,0.45],"uv":{"down":{"uv":[6.9685,11.0572],"uv_size":[0.0521,0.0554]},"east":{"uv":[4.6008,11.3022],"uv_size":[0.0521,0.6753]},"north":{"uv":[5.0861,11.3022],"uv_size":[0.0521,0.6753]},"south":{"uv":[4.2744,11.3022],"uv_size":[0.0521,0.6753]},"up":{"uv":[6.208,11.1116],"uv_size":[-0.0521,-0.0554]},"west":{"uv":[4.7597,11.3022],"uv_size":[0.0521,0.6753]}}},{"origin":[3.675,0.225,-0.9],"size":[0.9,5.4,0.45],"uv":{"down":{"uv":[8.9046,10.8884],"uv_size":[0.1042,0.0554]},"south":{"uv":[4.1693,11.3077],"uv_size":[0.1042,0.6642]},"up":{"uv":[8.0365,10.9429],"uv_size":[-0.1042,-0.0554]}}},{"origin":[4.575,0.225,-0.45],"size":[0.45,5.4,0.9],"uv":{"down":{"uv":[9.0097,10.9455],"uv_size":[0.0521,0.1107]},"east":{"uv":[4.6546,11.3077],"uv_size":[0.1042,0.6642]},"up":{"uv":[7.9315,11.0545],"uv_size":[-0.0521,-0.1107]}}},{"origin":[3.675,0.225,0.45],"size":[0.9,5.4,0.45],"uv":{"down":{"uv":[8.9046,11.0572],"uv_size":[0.1042,0.0554]},"north":{"uv":[5.1399,11.3077],"uv_size":[0.1042,0.6642]},"up":{"uv":[8.0365,11.1116],"uv_size":[-0.1042,-0.0554]}}},{"origin":[3.225,0.225,-0.45],"size":[0.45,5.4,0.9],"uv":{"down":{"uv":[8.8508,10.9455],"uv_size":[0.0521,0.1107]},"up":{"uv":[8.0903,11.0545],"uv_size":[-0.0521,-0.1107]},"west":{"uv":[4.6546,11.3077],"uv_size":[0.1042,0.6642]}}},{"origin":[3.675,0.27,-0.45],"size":[0.9,5.31,0.9],"uv":{"down":{"uv":[7.0223,10.9455],"uv_size":[0.1042,0.1107]},"up":{"uv":[6.1542,11.0545],"uv_size":[-0.1042,-0.1107]}}},{"origin":[1.2,0,-3.375],"size":[1.8,5.805,0.45],"uv":{"down":{"uv":[6.7328,10.579],"uv_size":[0.2084,0.0554]},"east":{"uv":[6.9332,11.286],"uv_size":[0.0521,0.714]},"north":{"uv":[6.7328,11.286],"uv_size":[0.2084,0.714]},"south":{"uv":[8.121,11.286],"uv_size":[0.2084,0.714]},"up":{"uv":[6.4437,10.6335],"uv_size":[-0.2084,-0.0554]}}},{"origin":[-0.6,0,-2.925],"size":[1.8,5.805,0.45],"uv":{"down":{"uv":[6.521,10.6353],"uv_size":[0.2084,0.0554]},"east":{"uv":[6.8803,11.286],"uv_size":[0.0521,0.714]},"north":{"uv":[6.521,11.286],"uv_size":[0.2084,0.714]},"south":{"uv":[8.3328,11.286],"uv_size":[0.2084,0.714]},"up":{"uv":[6.6554,10.6897],"uv_size":[-0.2084,-0.0554]},"west":{"uv":[6.245,11.286],"uv_size":[0.0521,0.714]}}},{"origin":[-3,0,-2.475],"size":[2.4,5.805,0.45],"uv":{"down":{"uv":[6.2398,10.6915],"uv_size":[0.2778,0.0553]},"east":{"uv":[6.8273,11.286],"uv_size":[0.0521,0.714]},"north":{"uv":[6.2398,11.286],"uv_size":[0.2778,0.714]},"south":{"uv":[8.5457,11.286],"uv_size":[0.2778,0.714]},"up":{"uv":[6.9367,10.746],"uv_size":[-0.2778,-0.0553]},"west":{"uv":[6.2979,11.286],"uv_size":[0.0521,0.714]}}},{"origin":[-4.8,0,-2.925],"size":[1.8,5.76,0.45],"uv":{"down":{"uv":[6.0269,10.6353],"uv_size":[0.2084,0.0554]},"east":{"uv":[6.8803,11.2915],"uv_size":[0.0521,0.7085]},"north":{"uv":[6.0269,11.2915],"uv_size":[0.2084,0.7085]},"south":{"uv":[8.8269,11.2915],"uv_size":[0.2084,0.7085]},"up":{"uv":[7.1496,10.6897],"uv_size":[-0.2084,-0.0554]},"west":{"uv":[6.245,11.2915],"uv_size":[0.0521,0.7085]}}},{"origin":[-5.7,0,-2.475],"size":[0.9,5.4,0.45],"uv":{"down":{"uv":[5.9193,10.6915],"uv_size":[0.1042,0.0553]},"east":{"uv":[6.8273,11.3358],"uv_size":[0.0521,0.6642]},"north":{"uv":[5.9193,11.3358],"uv_size":[0.1042,0.6642]},"south":{"uv":[9.037,11.3358],"uv_size":[0.1042,0.6642]},"up":{"uv":[7.2571,10.746],"uv_size":[-0.1042,-0.0553]},"west":{"uv":[6.2979,11.3358],"uv_size":[0.0521,0.6642]}}},{"origin":[-6.15,0,-2.475],"size":[0.45,4.95,0.45],"uv":{"down":{"uv":[5.8656,10.6915],"uv_size":[0.0521,0.0553]},"east":{"uv":[6.8273,11.3912],"uv_size":[0.0521,0.6089]},"north":{"uv":[5.8656,11.3912],"uv_size":[0.0521,0.6089]},"south":{"uv":[9.142,11.3912],"uv_size":[0.0521,0.6089]},"up":{"uv":[7.3109,10.746],"uv_size":[-0.0521,-0.0553]},"west":{"uv":[6.2979,11.3912],"uv_size":[0.0521,0.6089]}}},{"origin":[-6.6,0,-2.025],"size":[0.45,4.05,0.45],"uv":{"down":{"uv":[5.8126,10.7478],"uv_size":[0.0521,0.0554]},"east":{"uv":[6.7744,11.5019],"uv_size":[0.0521,0.4981]},"north":{"uv":[5.8126,11.5019],"uv_size":[0.0521,0.4981]},"south":{"uv":[9.195,11.5019],"uv_size":[0.0521,0.4981]},"up":{"uv":[7.3639,10.8022],"uv_size":[-0.0521,-0.0554]},"west":{"uv":[6.3508,11.5019],"uv_size":[0.0521,0.4981]}}},{"origin":[-7.05,0,-2.025],"size":[0.45,2.7,0.45],"uv":{"down":{"uv":[5.7597,10.7478],"uv_size":[0.0521,0.0554]},"east":{"uv":[6.7744,11.6679],"uv_size":[0.0521,0.3321]},"north":{"uv":[5.7597,11.6679],"uv_size":[0.0521,0.3321]},"south":{"uv":[9.2479,11.6679],"uv_size":[0.0521,0.3321]},"up":{"uv":[7.4168,10.8022],"uv_size":[-0.0521,-0.0554]},"west":{"uv":[6.3508,11.6679],"uv_size":[0.0521,0.3321]}}},{"origin":[-7.5,0,-1.575],"size":[0.45,1.575,0.45],"uv":{"down":{"uv":[5.7067,10.804],"uv_size":[0.0521,0.0554]},"east":{"uv":[6.7214,11.8063],"uv_size":[0.0521,0.1937]},"north":{"uv":[5.7067,11.8063],"uv_size":[0.0521,0.1937]},"south":{"uv":[9.3008,11.8063],"uv_size":[0.0521,0.1937]},"up":{"uv":[7.4697,10.8585],"uv_size":[-0.0521,-0.0554]},"west":{"uv":[6.4038,11.8063],"uv_size":[0.0521,0.1937]}}},{"origin":[-7.95,0,-1.125],"size":[0.45,0.9,0.45],"uv":{"down":{"uv":[5.6538,10.8603],"uv_size":[0.0521,0.0554]},"east":{"uv":[6.6685,11.8893],"uv_size":[0.0521,0.1107]},"north":{"uv":[5.6538,11.8893],"uv_size":[0.0521,0.1107]},"south":{"uv":[9.3538,11.8893],"uv_size":[0.0521,0.1107]},"up":{"uv":[7.5227,10.9147],"uv_size":[-0.0521,-0.0554]},"west":{"uv":[6.4567,11.8893],"uv_size":[0.0521,0.1107]}}}],"name":"geyser_custom_z","parent":"geyser_custom_y","pivot":[0,8,0]}],"description":{"identifier":"geometry.geyser_custom.geo_9a6b59d","texture_height":16,"texture_width":16,"visible_bounds_height":4.5,"visible_bounds_offset":[0,0.75,0],"visible_bounds_width":4}}]}