{"format_version":"1.16.0","minecraft:geometry":[{"bones":[{"binding":"c.item_slot == 'head' ? 'head' : q.item_slot_to_bone_name(c.item_slot)","name":"geyser_custom","pivot":[0,8,0]},{"name":"geyser_custom_x","parent":"geyser_custom","pivot":[0,8,0]},{"name":"geyser_custom_y","parent":"geyser_custom_x","pivot":[0,8,0]},{"cubes":[{"origin":[-1,2,-3.75],"size":[2,7.5,7.5],"uv":{"east":{"uv":[4.9629,12.4138],"uv_size":[0.4341,0.4613]},"north":{"uv":[5.1195,12.4138],"uv_size":[0.1158,0.4613]},"south":{"uv":[5.1195,12.4138],"uv_size":[0.1158,0.4613]},"west":{"uv":[4.9629,12.4138],"uv_size":[0.4341,0.4613]}}},{"origin":[1,2,-3.5],"size":[1,7.5,7],"uv":{"north":{"uv":[5.2362,12.4138],"uv_size":[0.0579,0.4613]},"south":{"uv":[5.0598,12.4138],"uv_size":[0.0579,0.4613]},"west":{"uv":[4.9772,12.4138],"uv_size":[0.4052,0.4613]}}},{"origin":[2,2,-3],"size":[0.5,7.5,6],"uv":{"north":{"uv":[5.2946,12.4138],"uv_size":[0.0289,0.4613]},"south":{"uv":[5.0299,12.4138],"uv_size":[0.0289,0.4613]},"west":{"uv":[5.0056,12.4138],"uv_size":[0.3473,0.4613]}}},{"origin":[2.5,2,-2.5],"size":[0.5,7.5,5],"uv":{"north":{"uv":[5.324,12.4138],"uv_size":[0.0289,0.4613]},"south":{"uv":[5.0005,12.4138],"uv_size":[0.0289,0.4613]},"west":{"uv":[5.0341,12.4138],"uv_size":[0.2894,0.4613]}}},{"origin":[3,2,-2],"size":[0.5,7.5,4],"uv":{"north":{"uv":[5.3534,12.4138],"uv_size":[0.0289,0.4613]},"south":{"uv":[4.9711,12.4138],"uv_size":[0.0289,0.4613]},"west":{"uv":[5.0626,12.4138],"uv_size":[0.2315,0.4613]}}},{"origin":[3.5,2,-1],"size":[0.25,7.5,2],"uv":{"north":{"uv":[5.3826,12.4138],"uv_size":[0.0145,0.4613]},"south":{"uv":[4.9561,12.4138],"uv_size":[0.0145,0.4613]},"west":{"uv":[5.1195,12.4138],"uv_size":[0.1158,0.4613]}}},{"origin":[-2,2,-3.5],"size":[1,7.5,7],"uv":{"east":{"uv":[4.9772,12.4138],"uv_size":[0.4052,0.4613]},"north":{"uv":[5.0598,12.4138],"uv_size":[0.0579,0.4613]},"south":{"uv":[5.2362,12.4138],"uv_size":[0.0579,0.4613]}}},{"origin":[-2.5,2,-3],"size":[0.5,7.5,6],"uv":{"east":{"uv":[5.0056,12.4138],"uv_size":[0.3473,0.4613]},"north":{"uv":[5.0299,12.4138],"uv_size":[0.0289,0.4613]},"south":{"uv":[5.2946,12.4138],"uv_size":[0.0289,0.4613]}}},{"origin":[-3,2,-2.5],"size":[0.5,7.5,5],"uv":{"east":{"uv":[5.0341,12.4138],"uv_size":[0.2894,0.4613]},"north":{"uv":[5.0005,12.4138],"uv_size":[0.0289,0.4613]},"south":{"uv":[5.324,12.4138],"uv_size":[0.0289,0.4613]}}},{"origin":[-3.5,2,-2],"size":[0.5,7.5,4],"uv":{"east":{"uv":[5.0626,12.4138],"uv_size":[0.2315,0.4613]},"north":{"uv":[4.9711,12.4138],"uv_size":[0.0289,0.4613]},"south":{"uv":[5.3534,12.4138],"uv_size":[0.0289,0.4613]}}},{"origin":[-3.75,2,-1],"size":[0.25,7.5,2],"uv":{"east":{"uv":[5.1195,12.4138],"uv_size":[0.1158,0.4613]},"north":{"uv":[4.9561,12.4138],"uv_size":[0.0145,0.4613]},"south":{"uv":[5.3826,12.4138],"uv_size":[0.0145,0.4613]}}},{"origin":[-1,9.5,-3.75],"size":[2,1,7.5],"uv":{"east":{"uv":[10.61,15.3448],"uv_size":[0.4341,0.0615]},"north":{"uv":[10.7666,15.3448],"uv_size":[0.1158,0.0615]},"south":{"uv":[10.7666,15.3448],"uv_size":[0.1158,0.0615]},"up":{"uv":[10.8805,15.7269],"uv_size":[-0.1158,-0.4613]},"west":{"uv":[10.61,15.3448],"uv_size":[0.4341,0.0615]}}},{"origin":[1,9.5,-3.5],"size":[1,1,7],"uv":{"north":{"uv":[10.8833,15.3448],"uv_size":[0.0579,0.0615]},"south":{"uv":[10.7068,15.3448],"uv_size":[0.0579,0.0615]},"up":{"uv":[10.7638,15.7118],"uv_size":[-0.0579,-0.4305]},"west":{"uv":[10.6242,15.3448],"uv_size":[0.4052,0.0615]}}},{"origin":[2,9.5,-3],"size":[0.5,1,6],"uv":{"north":{"uv":[10.9416,15.3448],"uv_size":[0.0289,0.0615]},"south":{"uv":[10.6769,15.3448],"uv_size":[0.0289,0.0615]},"up":{"uv":[10.7054,15.6815],"uv_size":[-0.0289,-0.369]},"west":{"uv":[10.6527,15.3448],"uv_size":[0.3473,0.0615]}}},{"origin":[2.5,9.5,-2.5],"size":[0.5,1,5],"uv":{"north":{"uv":[10.9711,15.3448],"uv_size":[0.0289,0.0615]},"south":{"uv":[10.6475,15.3448],"uv_size":[0.0289,0.0615]},"up":{"uv":[10.676,15.6513],"uv_size":[-0.0289,-0.3075]},"west":{"uv":[10.6812,15.3448],"uv_size":[0.2894,0.0615]}}},{"origin":[3,9.5,-2],"size":[0.5,1,4],"uv":{"north":{"uv":[11.0005,15.3448],"uv_size":[0.0289,0.0615]},"south":{"uv":[10.6181,15.3448],"uv_size":[0.0289,0.0615]},"up":{"uv":[10.6466,15.621],"uv_size":[-0.0289,-0.246]},"west":{"uv":[10.7096,15.3448],"uv_size":[0.2315,0.0615]}}},{"origin":[3.5,9.5,-1],"size":[0.25,1,2],"uv":{"north":{"uv":[11.0296,15.3448],"uv_size":[0.0145,0.0615]},"south":{"uv":[10.6032,15.3448],"uv_size":[0.0145,0.0615]},"up":{"uv":[10.6174,15.5605],"uv_size":[-0.0145,-0.123]},"west":{"uv":[10.7666,15.3448],"uv_size":[0.1158,0.0615]}}},{"origin":[-2,9.5,-3.5],"size":[1,1,7],"uv":{"east":{"uv":[10.6242,15.3448],"uv_size":[0.4052,0.0615]},"north":{"uv":[10.7068,15.3448],"uv_size":[0.0579,0.0615]},"south":{"uv":[10.8833,15.3448],"uv_size":[0.0579,0.0615]},"up":{"uv":[10.9402,15.7118],"uv_size":[-0.0579,-0.4305]}}},{"origin":[-2.5,9.5,-3],"size":[0.5,1,6],"uv":{"east":{"uv":[10.6527,15.3448],"uv_size":[0.3473,0.0615]},"north":{"uv":[10.6769,15.3448],"uv_size":[0.0289,0.0615]},"south":{"uv":[10.9416,15.3448],"uv_size":[0.0289,0.0615]},"up":{"uv":[10.9701,15.6815],"uv_size":[-0.0289,-0.369]}}},{"origin":[-3,9.5,-2.5],"size":[0.5,1,5],"uv":{"east":{"uv":[10.6812,15.3448],"uv_size":[0.2894,0.0615]},"north":{"uv":[10.6475,15.3448],"uv_size":[0.0289,0.0615]},"south":{"uv":[10.9711,15.3448],"uv_size":[0.0289,0.0615]},"up":{"uv":[10.9995,15.6513],"uv_size":[-0.0289,-0.3075]}}},{"origin":[-3.5,9.5,-2],"size":[0.5,1,4],"uv":{"east":{"uv":[10.7096,15.3448],"uv_size":[0.2315,0.0615]},"north":{"uv":[10.6181,15.3448],"uv_size":[0.0289,0.0615]},"south":{"uv":[11.0005,15.3448],"uv_size":[0.0289,0.0615]},"up":{"uv":[11.0289,15.621],"uv_size":[-0.0289,-0.246]}}},{"origin":[-3.75,9.5,-1],"size":[0.25,1,2],"uv":{"east":{"uv":[10.7666,15.3448],"uv_size":[0.1158,0.0615]},"north":{"uv":[10.6032,15.3448],"uv_size":[0.0145,0.0615]},"south":{"uv":[11.0296,15.3448],"uv_size":[0.0145,0.0615]},"up":{"uv":[11.0439,15.5605],"uv_size":[-0.0145,-0.123]}}},{"origin":[-1,1,-3.75],"size":[2,1,7.5],"uv":{"down":{"uv":[10.7666,15.2731],"uv_size":[0.1158,0.4613]},"east":{"uv":[10.61,15.876],"uv_size":[0.4341,0.0615]},"north":{"uv":[10.7666,15.876],"uv_size":[0.1158,0.0615]},"south":{"uv":[10.7666,15.876],"uv_size":[0.1158,0.0615]},"west":{"uv":[10.61,15.876],"uv_size":[0.4341,0.0615]}}},{"origin":[1,1,-3.5],"size":[1,1,7],"uv":{"down":{"uv":[10.8833,15.2883],"uv_size":[0.0579,0.4305]},"north":{"uv":[10.8833,15.876],"uv_size":[0.0579,0.0615]},"south":{"uv":[10.7068,15.876],"uv_size":[0.0579,0.0615]},"west":{"uv":[10.6242,15.876],"uv_size":[0.4052,0.0615]}}},{"origin":[2,1,-3],"size":[0.5,1,6],"uv":{"down":{"uv":[10.9416,15.3185],"uv_size":[0.0289,0.369]},"north":{"uv":[10.9416,15.876],"uv_size":[0.0289,0.0615]},"south":{"uv":[10.6769,15.876],"uv_size":[0.0289,0.0615]},"west":{"uv":[10.6527,15.876],"uv_size":[0.3473,0.0615]}}},{"origin":[2.5,1,-2.5],"size":[0.5,1,5],"uv":{"down":{"uv":[10.9711,15.3488],"uv_size":[0.0289,0.3075]},"north":{"uv":[10.9711,15.876],"uv_size":[0.0289,0.0615]},"south":{"uv":[10.6475,15.876],"uv_size":[0.0289,0.0615]},"west":{"uv":[10.6812,15.876],"uv_size":[0.2894,0.0615]}}},{"origin":[3,1,-2],"size":[0.5,1,4],"uv":{"down":{"uv":[11.0005,15.379],"uv_size":[0.0289,0.246]},"north":{"uv":[11.0005,15.876],"uv_size":[0.0289,0.0615]},"south":{"uv":[10.6181,15.876],"uv_size":[0.0289,0.0615]},"west":{"uv":[10.7096,15.876],"uv_size":[0.2315,0.0615]}}},{"origin":[3.5,1,-1],"size":[0.25,1,2],"uv":{"down":{"uv":[11.0296,15.4395],"uv_size":[0.0145,0.123]},"north":{"uv":[11.0296,15.876],"uv_size":[0.0145,0.0615]},"south":{"uv":[10.6032,15.876],"uv_size":[0.0145,0.0615]},"west":{"uv":[10.7666,15.876],"uv_size":[0.1158,0.0615]}}},{"origin":[-2,1,-3.5],"size":[1,1,7],"uv":{"down":{"uv":[10.7068,15.2883],"uv_size":[0.0579,0.4305]},"east":{"uv":[10.6242,15.876],"uv_size":[0.4052,0.0615]},"north":{"uv":[10.7068,15.876],"uv_size":[0.0579,0.0615]},"south":{"uv":[10.8833,15.876],"uv_size":[0.0579,0.0615]}}},{"origin":[-2.5,1,-3],"size":[0.5,1,6],"uv":{"down":{"uv":[10.6769,15.3185],"uv_size":[0.0289,0.369]},"east":{"uv":[10.6527,15.876],"uv_size":[0.3473,0.0615]},"north":{"uv":[10.6769,15.876],"uv_size":[0.0289,0.0615]},"south":{"uv":[10.9416,15.876],"uv_size":[0.0289,0.0615]}}},{"origin":[-3,1,-2.5],"size":[0.5,1,5],"uv":{"down":{"uv":[10.6475,15.3488],"uv_size":[0.0289,0.3075]},"east":{"uv":[10.6812,15.876],"uv_size":[0.2894,0.0615]},"north":{"uv":[10.6475,15.876],"uv_size":[0.0289,0.0615]},"south":{"uv":[10.9711,15.876],"uv_size":[0.0289,0.0615]}}},{"origin":[-3.5,1,-2],"size":[0.5,1,4],"uv":{"down":{"uv":[10.6181,15.379],"uv_size":[0.0289,0.246]},"east":{"uv":[10.7096,15.876],"uv_size":[0.2315,0.0615]},"north":{"uv":[10.6181,15.876],"uv_size":[0.0289,0.0615]},"south":{"uv":[11.0005,15.876],"uv_size":[0.0289,0.0615]}}},{"origin":[-3.75,1,-1],"size":[0.25,1,2],"uv":{"down":{"uv":[10.6032,15.4395],"uv_size":[0.0145,0.123]},"east":{"uv":[10.7666,15.876],"uv_size":[0.1158,0.0615]},"north":{"uv":[10.6032,15.876],"uv_size":[0.0145,0.0615]},"south":{"uv":[11.0296,15.876],"uv_size":[0.0145,0.0615]}}},{"origin":[-1,0.5,-3.25],"size":[2,0.5,6.5],"uv":{"down":{"uv":[10.7666,15.3034],"uv_size":[0.1158,0.3998]},"east":{"uv":[10.6385,15.938],"uv_size":[0.3762,0.0308]},"north":{"uv":[10.7666,15.938],"uv_size":[0.1158,0.0308]},"south":{"uv":[10.7666,15.938],"uv_size":[0.1158,0.0308]},"west":{"uv":[10.6385,15.938],"uv_size":[0.3762,0.0308]}}},{"origin":[3,0.5,-1],"size":[0.25,0.5,2],"uv":{"down":{"uv":[11.0002,15.4395],"uv_size":[0.0145,0.123]},"north":{"uv":[11.0002,15.938],"uv_size":[0.0145,0.0308]},"south":{"uv":[10.6326,15.938],"uv_size":[0.0145,0.0308]},"west":{"uv":[10.7666,15.938],"uv_size":[0.1158,0.0308]}}},{"origin":[1,0.5,-3],"size":[1,0.5,6],"uv":{"down":{"uv":[10.8833,15.3185],"uv_size":[0.0579,0.369]},"north":{"uv":[10.8833,15.938],"uv_size":[0.0579,0.0308]},"south":{"uv":[10.7068,15.938],"uv_size":[0.0579,0.0308]},"west":{"uv":[10.6527,15.938],"uv_size":[0.3473,0.0308]}}},{"origin":[2,0.5,-2.5],"size":[0.5,0.5,5],"uv":{"down":{"uv":[10.9416,15.3488],"uv_size":[0.0289,0.3075]},"north":{"uv":[10.9416,15.938],"uv_size":[0.0289,0.0308]},"south":{"uv":[10.6769,15.938],"uv_size":[0.0289,0.0308]},"west":{"uv":[10.6812,15.938],"uv_size":[0.2894,0.0308]}}},{"origin":[2.5,0.5,-2],"size":[0.5,0.5,4],"uv":{"down":{"uv":[10.9711,15.379],"uv_size":[0.0289,0.246]},"north":{"uv":[10.9711,15.938],"uv_size":[0.0289,0.0308]},"south":{"uv":[10.6475,15.938],"uv_size":[0.0289,0.0308]},"west":{"uv":[10.7096,15.938],"uv_size":[0.2315,0.0308]}}},{"origin":[-3.25,0.5,-1],"size":[0.25,0.5,2],"uv":{"down":{"uv":[10.6326,15.4395],"uv_size":[0.0145,0.123]},"east":{"uv":[10.7666,15.938],"uv_size":[0.1158,0.0308]},"north":{"uv":[10.6326,15.938],"uv_size":[0.0145,0.0308]},"south":{"uv":[11.0002,15.938],"uv_size":[0.0145,0.0308]}}},{"origin":[-2,0.5,-3],"size":[1,0.5,6],"uv":{"down":{"uv":[10.7068,15.3185],"uv_size":[0.0579,0.369]},"east":{"uv":[10.6527,15.938],"uv_size":[0.3473,0.0308]},"north":{"uv":[10.7068,15.938],"uv_size":[0.0579,0.0308]},"south":{"uv":[10.8833,15.938],"uv_size":[0.0579,0.0308]}}},{"origin":[-2.5,0.5,-2.5],"size":[0.5,0.5,5],"uv":{"down":{"uv":[10.6769,15.3488],"uv_size":[0.0289,0.3075]},"east":{"uv":[10.6812,15.938],"uv_size":[0.2894,0.0308]},"north":{"uv":[10.6769,15.938],"uv_size":[0.0289,0.0308]},"south":{"uv":[10.9416,15.938],"uv_size":[0.0289,0.0308]}}},{"origin":[-3,0.5,-2],"size":[0.5,0.5,4],"uv":{"down":{"uv":[10.6475,15.379],"uv_size":[0.0289,0.246]},"east":{"uv":[10.7096,15.938],"uv_size":[0.2315,0.0308]},"north":{"uv":[10.6475,15.938],"uv_size":[0.0289,0.0308]},"south":{"uv":[10.9711,15.938],"uv_size":[0.0289,0.0308]}}},{"origin":[-1,10.5,-3.25],"size":[2,0.5,6.5],"uv":{"east":{"uv":[10.6385,15.313],"uv_size":[0.3762,0.0308]},"north":{"uv":[10.7666,15.313],"uv_size":[0.1158,0.0308]},"south":{"uv":[10.7666,15.313],"uv_size":[0.1158,0.0308]},"up":{"uv":[10.8805,15.6966],"uv_size":[-0.1158,-0.3998]},"west":{"uv":[10.6385,15.313],"uv_size":[0.3762,0.0308]}}},{"origin":[3,10.5,-1],"size":[0.25,0.5,2],"uv":{"north":{"uv":[11.0002,15.313],"uv_size":[0.0145,0.0308]},"south":{"uv":[10.6326,15.313],"uv_size":[0.0145,0.0308]},"up":{"uv":[10.6468,15.5605],"uv_size":[-0.0145,-0.123]},"west":{"uv":[10.7666,15.313],"uv_size":[0.1158,0.0308]}}},{"origin":[1,10.5,-3],"size":[1,0.5,6],"uv":{"north":{"uv":[10.8833,15.313],"uv_size":[0.0579,0.0308]},"south":{"uv":[10.7068,15.313],"uv_size":[0.0579,0.0308]},"up":{"uv":[10.7638,15.6815],"uv_size":[-0.0579,-0.369]},"west":{"uv":[10.6527,15.313],"uv_size":[0.3473,0.0308]}}},{"origin":[2,10.5,-2.5],"size":[0.5,0.5,5],"uv":{"north":{"uv":[10.9416,15.313],"uv_size":[0.0289,0.0308]},"south":{"uv":[10.6769,15.313],"uv_size":[0.0289,0.0308]},"up":{"uv":[10.7054,15.6513],"uv_size":[-0.0289,-0.3075]},"west":{"uv":[10.6812,15.313],"uv_size":[0.2894,0.0308]}}},{"origin":[2.5,10.5,-2],"size":[0.5,0.5,4],"uv":{"north":{"uv":[10.9711,15.313],"uv_size":[0.0289,0.0308]},"south":{"uv":[10.6475,15.313],"uv_size":[0.0289,0.0308]},"up":{"uv":[10.676,15.621],"uv_size":[-0.0289,-0.246]},"west":{"uv":[10.7096,15.313],"uv_size":[0.2315,0.0308]}}},{"origin":[-3.25,10.5,-1],"size":[0.25,0.5,2],"uv":{"east":{"uv":[10.7666,15.313],"uv_size":[0.1158,0.0308]},"north":{"uv":[10.6326,15.313],"uv_size":[0.0145,0.0308]},"south":{"uv":[11.0002,15.313],"uv_size":[0.0145,0.0308]},"up":{"uv":[11.0145,15.5605],"uv_size":[-0.0145,-0.123]}}},{"origin":[-2,10.5,-3],"size":[1,0.5,6],"uv":{"east":{"uv":[10.6527,15.313],"uv_size":[0.3473,0.0308]},"north":{"uv":[10.7068,15.313],"uv_size":[0.0579,0.0308]},"south":{"uv":[10.8833,15.313],"uv_size":[0.0579,0.0308]},"up":{"uv":[10.9402,15.6815],"uv_size":[-0.0579,-0.369]}}},{"origin":[-2.5,10.5,-2.5],"size":[0.5,0.5,5],"uv":{"east":{"uv":[10.6812,15.313],"uv_size":[0.2894,0.0308]},"north":{"uv":[10.6769,15.313],"uv_size":[0.0289,0.0308]},"south":{"uv":[10.9416,15.313],"uv_size":[0.0289,0.0308]},"up":{"uv":[10.9701,15.6513],"uv_size":[-0.0289,-0.3075]}}},{"origin":[-3,10.5,-2],"size":[0.5,0.5,4],"uv":{"east":{"uv":[10.7096,15.313],"uv_size":[0.2315,0.0308]},"north":{"uv":[10.6475,15.313],"uv_size":[0.0289,0.0308]},"south":{"uv":[10.9711,15.313],"uv_size":[0.0289,0.0308]},"up":{"uv":[10.9995,15.621],"uv_size":[-0.0289,-0.246]}}},{"origin":[-1,11,-2.75],"size":[2,0.375,5.5],"uv":{"east":{"uv":[10.6669,15.2894],"uv_size":[0.3184,0.0231]},"north":{"uv":[10.7666,15.2894],"uv_size":[0.1158,0.0231]},"south":{"uv":[10.7666,15.2894],"uv_size":[0.1158,0.0231]},"up":{"uv":[10.8805,15.6664],"uv_size":[-0.1158,-0.3383]},"west":{"uv":[10.6669,15.2894],"uv_size":[0.3184,0.0231]}}},{"origin":[2.25,11,-1],"size":[0.5,0.375,2],"uv":{"north":{"uv":[10.9564,15.2894],"uv_size":[0.0289,0.0231]},"south":{"uv":[10.6622,15.2894],"uv_size":[0.0289,0.0231]},"up":{"uv":[10.6907,15.5605],"uv_size":[-0.0289,-0.123]},"west":{"uv":[10.7666,15.2894],"uv_size":[0.1158,0.0231]}}},{"origin":[1,11,-2.25],"size":[0.75,0.375,4.5],"uv":{"north":{"uv":[10.8831,15.2894],"uv_size":[0.0434,0.0231]},"south":{"uv":[10.7213,15.2894],"uv_size":[0.0434,0.0231]},"up":{"uv":[10.764,15.6361],"uv_size":[-0.0434,-0.2768]},"west":{"uv":[10.6954,15.2894],"uv_size":[0.2605,0.0231]}}},{"origin":[1.75,11,-1.75],"size":[0.5,0.375,3.5],"uv":{"north":{"uv":[10.9269,15.2894],"uv_size":[0.0289,0.0231]},"south":{"uv":[10.6916,15.2894],"uv_size":[0.0289,0.0231]},"up":{"uv":[10.7201,15.6059],"uv_size":[-0.0289,-0.2153]},"west":{"uv":[10.7239,15.2894],"uv_size":[0.2026,0.0231]}}},{"origin":[-2.75,11,-1],"size":[0.5,0.375,2],"uv":{"east":{"uv":[10.7666,15.2894],"uv_size":[0.1158,0.0231]},"north":{"uv":[10.6622,15.2894],"uv_size":[0.0289,0.0231]},"south":{"uv":[10.9564,15.2894],"uv_size":[0.0289,0.0231]},"up":{"uv":[10.9848,15.5605],"uv_size":[-0.0289,-0.123]}}},{"origin":[-1.75,11,-2.25],"size":[0.75,0.375,4.5],"uv":{"east":{"uv":[10.6954,15.2894],"uv_size":[0.2605,0.0231]},"north":{"uv":[10.7213,15.2894],"uv_size":[0.0434,0.0231]},"south":{"uv":[10.8831,15.2894],"uv_size":[0.0434,0.0231]},"up":{"uv":[10.9258,15.6361],"uv_size":[-0.0434,-0.2768]}}},{"origin":[-2.25,11,-1.75],"size":[0.5,0.375,3.5],"uv":{"east":{"uv":[10.7239,15.2894],"uv_size":[0.2026,0.0231]},"north":{"uv":[10.6916,15.2894],"uv_size":[0.0289,0.0231]},"south":{"uv":[10.9269,15.2894],"uv_size":[0.0289,0.0231]},"up":{"uv":[10.9554,15.6059],"uv_size":[-0.0289,-0.2153]}}},{"origin":[-1,0.25,-2.75],"size":[2,0.25,5.5],"uv":{"down":{"uv":[10.7666,15.3336],"uv_size":[0.1158,0.3383]},"east":{"uv":[10.6669,15.969],"uv_size":[0.3184,0.0154]},"north":{"uv":[10.7666,15.969],"uv_size":[0.1158,0.0154]},"south":{"uv":[10.7666,15.969],"uv_size":[0.1158,0.0154]},"west":{"uv":[10.6669,15.969],"uv_size":[0.3184,0.0154]}}},{"origin":[2.25,0.25,-1],"size":[0.5,0.25,2],"uv":{"down":{"uv":[10.9564,15.4395],"uv_size":[0.0289,0.123]},"north":{"uv":[10.9564,15.969],"uv_size":[0.0289,0.0154]},"south":{"uv":[10.6622,15.969],"uv_size":[0.0289,0.0154]},"west":{"uv":[10.7666,15.969],"uv_size":[0.1158,0.0154]}}},{"origin":[1,0.25,-2.25],"size":[0.75,0.25,4.5],"uv":{"down":{"uv":[10.8831,15.3639],"uv_size":[0.0434,0.2768]},"north":{"uv":[10.8831,15.969],"uv_size":[0.0434,0.0154]},"south":{"uv":[10.7213,15.969],"uv_size":[0.0434,0.0154]},"west":{"uv":[10.6954,15.969],"uv_size":[0.2605,0.0154]}}},{"origin":[1.75,0.25,-1.75],"size":[0.5,0.25,3.5],"uv":{"down":{"uv":[10.9269,15.3941],"uv_size":[0.0289,0.2153]},"north":{"uv":[10.9269,15.969],"uv_size":[0.0289,0.0154]},"south":{"uv":[10.6916,15.969],"uv_size":[0.0289,0.0154]},"west":{"uv":[10.7239,15.969],"uv_size":[0.2026,0.0154]}}},{"origin":[-2.75,0.25,-1],"size":[0.5,0.25,2],"uv":{"down":{"uv":[10.6622,15.4395],"uv_size":[0.0289,0.123]},"east":{"uv":[10.7666,15.969],"uv_size":[0.1158,0.0154]},"north":{"uv":[10.6622,15.969],"uv_size":[0.0289,0.0154]},"south":{"uv":[10.9564,15.969],"uv_size":[0.0289,0.0154]}}},{"origin":[-1.75,0.25,-2.25],"size":[0.75,0.25,4.5],"uv":{"down":{"uv":[10.7213,15.3639],"uv_size":[0.0434,0.2768]},"east":{"uv":[10.6954,15.969],"uv_size":[0.2605,0.0154]},"north":{"uv":[10.7213,15.969],"uv_size":[0.0434,0.0154]},"south":{"uv":[10.8831,15.969],"uv_size":[0.0434,0.0154]}}},{"origin":[-2.25,0.25,-1.75],"size":[0.5,0.25,3.5],"uv":{"down":{"uv":[10.6916,15.3941],"uv_size":[0.0289,0.2153]},"east":{"uv":[10.7239,15.969],"uv_size":[0.2026,0.0154]},"north":{"uv":[10.6916,15.969],"uv_size":[0.0289,0.0154]},"south":{"uv":[10.9269,15.969],"uv_size":[0.0289,0.0154]}}},{"origin":[-0.75,11.375,-2.25],"size":[1.5,1,4.5],"uv":{"east":{"uv":[10.6954,15.2276],"uv_size":[0.2605,0.0615]},"north":{"uv":[10.7808,15.2276],"uv_size":[0.0868,0.0615]},"south":{"uv":[10.7808,15.2276],"uv_size":[0.0868,0.0615]},"west":{"uv":[10.6954,15.2276],"uv_size":[0.2605,0.0615]}}},{"origin":[1.875,11.375,-0.75],"size":[0.375,1,1.5],"uv":{"north":{"uv":[10.9342,15.2276],"uv_size":[0.0217,0.0615]},"south":{"uv":[10.6915,15.2276],"uv_size":[0.0217,0.0615]},"west":{"uv":[10.7808,15.2276],"uv_size":[0.0868,0.0615]}}},{"origin":[0.75,11.375,-1.875],"size":[0.625,1,3.75],"uv":{"north":{"uv":[10.8682,15.2276],"uv_size":[0.0362,0.0615]},"south":{"uv":[10.7432,15.2276],"uv_size":[0.0362,0.0615]},"west":{"uv":[10.7168,15.2276],"uv_size":[0.2171,0.0615]}}},{"origin":[1.375,11.375,-1.375],"size":[0.5,1,2.75],"uv":{"north":{"uv":[10.9049,15.2276],"uv_size":[0.0289,0.0615]},"south":{"uv":[10.7137,15.2276],"uv_size":[0.0289,0.0615]},"west":{"uv":[10.7452,15.2276],"uv_size":[0.1592,0.0615]}}},{"origin":[-2.25,11.375,-0.75],"size":[0.375,1,1.5],"uv":{"east":{"uv":[10.7808,15.2276],"uv_size":[0.0868,0.0615]},"north":{"uv":[10.6915,15.2276],"uv_size":[0.0217,0.0615]},"south":{"uv":[10.9342,15.2276],"uv_size":[0.0217,0.0615]}}},{"origin":[-1.375,11.375,-1.875],"size":[0.625,1,3.75],"uv":{"east":{"uv":[10.7168,15.2276],"uv_size":[0.2171,0.0615]},"north":{"uv":[10.7432,15.2276],"uv_size":[0.0362,0.0615]},"south":{"uv":[10.8682,15.2276],"uv_size":[0.0362,0.0615]}}},{"origin":[-1.875,11.375,-1.375],"size":[0.5,1,2.75],"uv":{"east":{"uv":[10.7452,15.2276],"uv_size":[0.1592,0.0615]},"north":{"uv":[10.7137,15.2276],"uv_size":[0.0289,0.0615]},"south":{"uv":[10.9049,15.2276],"uv_size":[0.0289,0.0615]}}},{"origin":[-1,12.375,-2.75],"size":[2,1.5,5.5],"uv":{"down":{"uv":[14.5313,13.3336],"uv_size":[0.1158,0.3383]},"east":{"uv":[14.4316,13.1343],"uv_size":[0.3184,0.0923]},"north":{"uv":[14.5313,13.1343],"uv_size":[0.1158,0.0923]},"south":{"uv":[14.5313,13.1343],"uv_size":[0.1158,0.0923]},"up":{"uv":[14.6452,13.6664],"uv_size":[-0.1158,-0.3383]},"west":{"uv":[14.4316,13.1343],"uv_size":[0.3184,0.0923]}}},{"origin":[2.25,12.375,-1],"size":[0.5,1.5,2],"uv":{"down":{"uv":[14.7211,13.4395],"uv_size":[0.0289,0.123]},"north":{"uv":[14.7211,13.1343],"uv_size":[0.0289,0.0923]},"south":{"uv":[14.4269,13.1343],"uv_size":[0.0289,0.0923]},"up":{"uv":[14.4554,13.5605],"uv_size":[-0.0289,-0.123]},"west":{"uv":[14.5313,13.1343],"uv_size":[0.1158,0.0923]}}},{"origin":[1,12.375,-2.25],"size":[0.75,1.5,4.5],"uv":{"down":{"uv":[14.6478,13.3639],"uv_size":[0.0434,0.2768]},"north":{"uv":[14.6478,13.1343],"uv_size":[0.0434,0.0923]},"south":{"uv":[14.486,13.1343],"uv_size":[0.0434,0.0923]},"up":{"uv":[14.5287,13.6361],"uv_size":[-0.0434,-0.2768]},"west":{"uv":[14.4601,13.1343],"uv_size":[0.2605,0.0923]}}},{"origin":[1.75,12.375,-1.75],"size":[0.5,1.5,3.5],"uv":{"down":{"uv":[14.6916,13.3941],"uv_size":[0.0289,0.2153]},"north":{"uv":[14.6916,13.1343],"uv_size":[0.0289,0.0923]},"south":{"uv":[14.4564,13.1343],"uv_size":[0.0289,0.0923]},"up":{"uv":[14.4848,13.6059],"uv_size":[-0.0289,-0.2153]},"west":{"uv":[14.4886,13.1343],"uv_size":[0.2026,0.0923]}}},{"origin":[-2.75,12.375,-1],"size":[0.5,1.5,2],"uv":{"down":{"uv":[14.4269,13.4395],"uv_size":[0.0289,0.123]},"east":{"uv":[14.5313,13.1343],"uv_size":[0.1158,0.0923]},"north":{"uv":[14.4269,13.1343],"uv_size":[0.0289,0.0923]},"south":{"uv":[14.7211,13.1343],"uv_size":[0.0289,0.0923]},"up":{"uv":[14.7495,13.5605],"uv_size":[-0.0289,-0.123]}}},{"origin":[-1.75,12.375,-2.25],"size":[0.75,1.5,4.5],"uv":{"down":{"uv":[14.486,13.3639],"uv_size":[0.0434,0.2768]},"east":{"uv":[14.4601,13.1343],"uv_size":[0.2605,0.0923]},"north":{"uv":[14.486,13.1343],"uv_size":[0.0434,0.0923]},"south":{"uv":[14.6478,13.1343],"uv_size":[0.0434,0.0923]},"up":{"uv":[14.6905,13.6361],"uv_size":[-0.0434,-0.2768]}}},{"origin":[-2.25,12.375,-1.75],"size":[0.5,1.5,3.5],"uv":{"down":{"uv":[14.4564,13.3941],"uv_size":[0.0289,0.2153]},"east":{"uv":[14.4886,13.1343],"uv_size":[0.2026,0.0923]},"north":{"uv":[14.4564,13.1343],"uv_size":[0.0289,0.0923]},"south":{"uv":[14.6916,13.1343],"uv_size":[0.0289,0.0923]},"up":{"uv":[14.7201,13.6059],"uv_size":[-0.0289,-0.2153]}}},{"origin":[-0.75,13.875,-2.25],"size":[1.5,0.375,4.5],"uv":{"east":{"uv":[14.4601,13.1098],"uv_size":[0.2605,0.0231]},"north":{"uv":[14.5455,13.1098],"uv_size":[0.0868,0.0231]},"south":{"uv":[14.5455,13.1098],"uv_size":[0.0868,0.0231]},"up":{"uv":[14.6309,13.6361],"uv_size":[-0.0868,-0.2768]},"west":{"uv":[14.4601,13.1098],"uv_size":[0.2605,0.0231]}}},{"origin":[1.875,13.875,-0.75],"size":[0.375,0.375,1.5],"uv":{"north":{"uv":[14.6989,13.1098],"uv_size":[0.0217,0.0231]},"south":{"uv":[14.4562,13.1098],"uv_size":[0.0217,0.0231]},"up":{"uv":[14.4776,13.5454],"uv_size":[-0.0217,-0.0923]},"west":{"uv":[14.5455,13.1098],"uv_size":[0.0868,0.0231]}}},{"origin":[0.75,13.875,-1.875],"size":[0.625,0.375,3.75],"uv":{"north":{"uv":[14.6329,13.1098],"uv_size":[0.0362,0.0231]},"south":{"uv":[14.5079,13.1098],"uv_size":[0.0362,0.0231]},"up":{"uv":[14.5435,13.6134],"uv_size":[-0.0362,-0.2306]},"west":{"uv":[14.4815,13.1098],"uv_size":[0.2171,0.0231]}}},{"origin":[1.375,13.875,-1.375],"size":[0.5,0.375,2.75],"uv":{"north":{"uv":[14.6696,13.1098],"uv_size":[0.0289,0.0231]},"south":{"uv":[14.4784,13.1098],"uv_size":[0.0289,0.0231]},"up":{"uv":[14.5069,13.5832],"uv_size":[-0.0289,-0.1691]},"west":{"uv":[14.5099,13.1098],"uv_size":[0.1592,0.0231]}}},{"origin":[-2.25,13.875,-0.75],"size":[0.375,0.375,1.5],"uv":{"east":{"uv":[14.5455,13.1098],"uv_size":[0.0868,0.0231]},"north":{"uv":[14.4562,13.1098],"uv_size":[0.0217,0.0231]},"south":{"uv":[14.6989,13.1098],"uv_size":[0.0217,0.0231]},"up":{"uv":[14.7202,13.5454],"uv_size":[-0.0217,-0.0923]}}},{"origin":[-1.375,13.875,-1.875],"size":[0.625,0.375,3.75],"uv":{"east":{"uv":[14.4815,13.1098],"uv_size":[0.2171,0.0231]},"north":{"uv":[14.5079,13.1098],"uv_size":[0.0362,0.0231]},"south":{"uv":[14.6329,13.1098],"uv_size":[0.0362,0.0231]},"up":{"uv":[14.6685,13.6134],"uv_size":[-0.0362,-0.2306]}}},{"origin":[-1.875,13.875,-1.375],"size":[0.5,0.375,2.75],"uv":{"east":{"uv":[14.5099,13.1098],"uv_size":[0.1592,0.0231]},"north":{"uv":[14.4784,13.1098],"uv_size":[0.0289,0.0231]},"south":{"uv":[14.6696,13.1098],"uv_size":[0.0289,0.0231]},"up":{"uv":[14.6981,13.5832],"uv_size":[-0.0289,-0.1691]}}}],"name":"geyser_custom_z","parent":"geyser_custom_y","pivot":[0,8,0]}],"description":{"identifier":"geometry.geyser_custom.geo_121ef3e","texture_height":16,"texture_width":16,"visible_bounds_height":4.5,"visible_bounds_offset":[0,0.75,0],"visible_bounds_width":4}}]}