{"armor_tab@crafting_pocket.right_tab":{"$is_bottom_most_tab":true,"$tab_icon":"crafting_pocket.armor_icon","$tab_view_binding_name":"armor_tab_toggle","$toggle_group_forced_index":2},"crafting_tab@crafting_pocket.right_tab":{"$tab_icon":"crafting_pocket.crafting_icon","$tab_view_binding_name":"crafting_tab_toggle","$toggle_group_forced_index":3},"inventory_tab_content@crafting_pocket.tab_content_pocket":{"$navigation_tab_name":"survival_tab_toggle","$scrolling_pane_control":"crafting_pocket.survival_scroll_panel"},"left_panel":{"controls":[{"left_background@common.common_panel":{"$dialog_background":"common.dialog_background_opaque","$show_close_button":false}},{"recipe_book_tab_content@crafting_pocket.recipe_book_tab_content":{"bindings":[{"binding_name":"#is_creative_mode","binding_name_override":"#visible","binding_type":"global"}]}},{"inventory_tab_content@crafting_pocket.inventory_tab_content":{"bindings":[{"binding_name":"(not #is_creative_mode)","binding_name_override":"#visible","binding_type":"global"}]}},{"inventory_tab_content_creative@crafting_pocket.inventory_tab_content":{"bindings":[{"binding_name":"#is_left_tab_inventory","binding_name_override":"#visible","binding_type":"global"}]}}],"size":["100%","100%"],"type":"panel"},"left_tab_navigation_panel_pocket":{"bindings":[{"binding_name":"#is_creative_mode","binding_name_override":"#visible","binding_type":"global"}]},"namespace":"crafting_pocket","pocket_armor_tab_content":{"modifications":[{"array_name":"controls","operation":"insert_front","value":[{"help_menu_container":{"controls":[{"help_menu_button@crafting.help_menu_button":{"anchor_from":"center","anchor_to":"center"}}],"size":["100%","fill"],"type":"panel"}}]}]},"pocket_armor_tab_content/equipment_and_renderer":{"size":["100%",112]},"pocket_armor_tab_content/equipment_and_renderer/equipment/offhand_grid":{"ignored":true},"pocket_armor_tab_content/label_and_renderer/label_panel/armor_label":{"text":"Armor"},"right_tab@common_tabs.tab_right":{"$radio_toggle_group":true,"$tab_content":"crafting_pocket.empty_tab_panel","$toggle_focus_enabled":false,"$toggle_name":"right_inventory_navigation_tab","anchor_from":"right_middle","anchor_to":"left_middle"},"tab_content_pocket":{"controls":[{"tab_content_search_bar_panel":{"controls":[{"scroll_pane@$scrolling_pane_control":{"size":["100%","fill"]}}],"orientation":"vertical","size":["100% - 12px","100% - 12px"],"type":"stack_panel"}},{"nodrop_zone@common.root_panel":{"anchor_from":"center","anchor_to":"center","layer":2,"size":["100%","100%"]}}],"layer":1,"type":"panel"}}