{"namespace":"scoreboard","scoreboard_sidebar":{"anchor_from":"right_middle","anchor_to":"right_middle","controls":[{"main":{"alpha":0.5,"bindings":[{"binding_name":"#objective_sidebar_name","binding_type":"global"},{"binding_type":"view","source_property_name":"(not (#objective_sidebar_name = 'havoc.games/bedrock-ui'))","target_property_name":"#visible"}],"controls":[{"displayed_objective":{"anchor_from":"top_middle","anchor_to":"top_middle","bindings":[{"binding_name":"#objective_sidebar_name","binding_type":"global"}],"color":"$objective_title_color","inherit_max_sibling_width":true,"layer":1,"locked_alpha":1.0,"size":["default",10],"text":"#objective_sidebar_name","text_alignment":"center","type":"label"}},{"lists":{"anchor_from":"top_left","anchor_to":"top_left","controls":[{"players":{"anchor_from":"top_left","anchor_to":"top_left","bindings":[{"binding_name":"#scoreboard_sidebar_size","binding_name_override":"#collection_length","binding_type":"global"}],"collection_name":"scoreboard_players","factory":{"control_name":"scoreboard.scoreboard_sidebar_player","name":"player_list_factory"},"orientation":"vertical","size":["100%cm","100%c"],"type":"stack_panel"}},{"scores":{"anchor_from":"top_right","anchor_to":"top_right","bindings":[{"binding_name":"#scoreboard_sidebar_size","binding_name_override":"#collection_length","binding_type":"global"}],"collection_name":"scoreboard_scores","factory":{"control_name":"scoreboard.scoreboard_sidebar_score","name":"player_score_factory"},"orientation":"vertical","size":["100%cm","100%c"],"type":"stack_panel","use_child_anchors":true}}],"offset":[0,10],"size":["100%c","100%cm"],"type":"panel"}}],"size":["100%cm","100%c"],"texture":"textures/ui/Black","type":"image"}}],"size":["100%cm","100%c"],"type":"panel"}}