{
  "hud_screen@common.base_screen": {
    "$screen_content": "hud.hud_content"
  },
  "hud_tip_text": {
    "offset": [ 0, -60 ]
  },
  "root_panel": {
    "modifications": [
      {
        "array_name": "controls",
        "operation": "insert_front",
        "value": {
          "hyperlands@hud.hyperlands": {}
        }
      }
    ]
  },
  "hyperlands": {
    "offset": [ 0, -31 ],
    "texture": "textures/ui/hyperlands/hyperlands",
    "anchor_from": "top_middle",
    "anchor_to": "top_middle",
    "size": [ "25%", "25%" ],
    "layer": 2,
    "type": "image"
  }
}