{
    "animations": {
        "animation.geyser_custom.musicbox.firstperson_main_hand": {
            "bones": {
				"zombie": {
                    "position": [0, 0,0],
                    "rotation": {
                        "0.0": [0, 0, 0],
                        "1.0": [0, 180, 0],
                        "1.5": [0, 270, 0],
                        "2.0": [0, 360, 0]
                    },
                    "scale": [1, 1, 1]
                },
                "geyser_custom": {
                    "position": [4, 10, 4],
                    "rotation": [90, 60, -40],
                    "scale": 1.5
                },
                "geyser_custom_x": {
                    "position": [0, -0.19, 2.08],
                    "rotation": [0, 0, 0],
                    "scale": [0.4, 0.4, 0.4]
                },
                "geyser_custom_y": {
                    "position": [0, 1, 0],
                    "rotation": [0, -90, 0]
                },
                "geyser_custom_z": {
                    "rotation": [0, 0, 0]
                }
            },
            "loop": true
        },
        "animation.geyser_custom.musicbox.thirdperson_main_hand": {
            "bones": {
				"zombie": {
                    "position": [0, 0,0],
                    "rotation": {
                        "0.0": [0, 0, 0],
                        "1.0": [0, 180, 0],
                        "1.5": [0, 270, 0],
                        "2.0": [0, 360, 0]
                    },
                    "scale": [1, 1, 1]
                },
                "geyser_custom": {
                    "position": [0, 13, -3],
                    "rotation": [90, 0, 0]
                },
                "geyser_custom_x": {
                    "position": [0.19, 1, 0],
                    "rotation": [0, 0, 0],
                    "scale": [0.34, 0.34, 0.34]
                },
                "geyser_custom_y": {
                    "rotation": [0, -90, 0]
                },
                "geyser_custom_z": {
                    "rotation": [0, 0, 0]
                }
            },
            "loop": true
        }
    },
    "format_version": "1.8.0"
}
