{"animations":{"animation.geyser_custom.doll.firstperson_main_hand":{"bones":{"geyser_custom":{"position":[4,10,4],"rotation":[90,60,-40],"scale":1.5},"geyser_custom_x":{"position":[0,-0.19,2.08],"rotation":[0,0,0],"scale":[0.6,0.6,0.6]},"geyser_custom_y":{"position":[0,-3,0],"rotation":[0,-135,0]},"geyser_custom_z":{"rotation":[0,0,0]}},"loop":true},"animation.geyser_custom.doll.thirdperson_main_hand":{"bones":{"geyser_custom":{"position":[0,13,-3],"rotation":[90,0,0]},"geyser_custom_x":{"position":[0.19,-1.32,0],"rotation":[0,0,0],"scale":[0.45,0.45,0.45]},"geyser_custom_y":{"rotation":[0,0,0]},"geyser_custom_z":{"rotation":[0,0,0]}},"loop":true}},"format_version":"1.8.0"}