{"animations":{"animation.geyser_custom.geo_02118ae.firstperson_main_hand":{"bones":{"geyser_custom":{"position":[4,10,4],"rotation":[90,60,-40],"scale":1.5},"geyser_custom_x":{"rotation":[-58,0,0],"scale":[0.5,0.5,0.5]},"geyser_custom_y":{"rotation":[0,9,0]},"geyser_custom_z":{"rotation":[0,0,36]}},"loop":true},"animation.geyser_custom.geo_02118ae.thirdperson_main_hand":{"bones":{"geyser_custom":{"position":[0,13,-3],"rotation":[90,0,0]},"geyser_custom_x":{"position":[0,-2.782,0],"rotation":[-44,0,0],"scale":[0.5,0.5,0.5]},"geyser_custom_y":{"rotation":[0,0,0]},"geyser_custom_z":{"rotation":[0,0,-90]}},"loop":true}},"format_version":"1.8.0"}