{"format_version":"1.16.0","minecraft:geometry":[{"bones":[{"name":"root","pivot":[0,0,0]},{"name":"waist","parent":"root","pivot":[0,12,0]},{"name":"body","parent":"waist","pivot":[0,24,0]},{"cubes":[{"origin":[-8,12,-2],"size":[4,12,4],"uv":[40,16]}],"name":"rightArm","parent":"body","pivot":[-5,22,0]},{"locators":{"lead_hold":[-6,15,1]},"name":"rightItem","parent":"rightArm","pivot":[-6,15,1]},{"binding":"c.item_slot == 'head' ? 'head' : q.item_slot_to_bone_name(c.item_slot)","name":"geyser_custom","parent":"rightItem","pivot":[0,8,0]},{"name":"geyser_custom_x","parent":"geyser_custom","pivot":[0,8,0]},{"name":"geyser_custom_y","parent":"geyser_custom_x","pivot":[0,8,0]},{"cubes":[{"origin":[4.54742,8.375,0.74372],"size":[0.25,0.375,0.625],"uv":{"down":{"uv":[14.6246,9.1963],"uv_size":[-0.0246,-0.0647]},"east":{"uv":[15.076,9.5927],"uv_size":[0.0615,0.0388]},"north":{"uv":[15.7754,9.5927],"uv_size":[0.0246,0.0388]},"south":{"uv":[14.6004,9.5927],"uv_size":[0.0246,0.0388]},"up":{"uv":[14.6246,9.3937],"uv_size":[-0.0246,-0.0647]},"west":{"uv":[15.2635,9.5927],"uv_size":[0.0615,0.0388]}}},{"origin":[4.54742,7.875,0.74372],"size":[0.125,0.5,0.625],"uv":{"down":{"uv":[14.6248,9.1963],"uv_size":[-0.0123,-0.0647]},"east":{"uv":[15.076,9.6324],"uv_size":[0.0615,0.0518]},"north":{"uv":[15.7752,9.6324],"uv_size":[0.0123,0.0518]},"south":{"uv":[14.6127,9.6324],"uv_size":[0.0123,0.0518]},"west":{"uv":[15.2635,9.6324],"uv_size":[0.0615,0.0518]}}},{"origin":[-5.07758,8.75,0.74372],"size":[9.75,0.125,0.625],"uv":{"down":{"uv":[15.5719,9.1963],"uv_size":[-0.9594,-0.0647]},"north":{"uv":[14.8281,9.5792],"uv_size":[0.9594,0.0129]},"south":{"uv":[14.6281,9.5792],"uv_size":[0.9594,0.0129]},"up":{"uv":[15.5719,9.3937],"uv_size":[-0.9594,-0.0647]},"west":{"uv":[15.2635,9.5792],"uv_size":[0.0615,0.0129]}}},{"origin":[4.42242,7.25,0.74372],"size":[0.125,0.625,0.625],"uv":{"down":{"uv":[14.6373,9.1963],"uv_size":[-0.0123,-0.0647]},"east":{"uv":[15.076,9.6853],"uv_size":[0.0615,0.0647]},"north":{"uv":[15.7627,9.6853],"uv_size":[0.0123,0.0647]},"south":{"uv":[14.6252,9.6853],"uv_size":[0.0123,0.0647]},"up":{"uv":[14.6373,9.3937],"uv_size":[-0.0123,-0.0647]},"west":{"uv":[15.2635,9.6853],"uv_size":[0.0615,0.0647]}}},{"origin":[0.42242,7.875,0.74372],"size":[4.125,0.625,0.125],"uv":{"down":{"uv":[15.0309,10.8814],"uv_size":[-0.4059,-0.0129]},"east":{"uv":[15.1252,11.3037],"uv_size":[0.0123,0.0647]},"north":{"uv":[15.3691,11.3037],"uv_size":[0.4059,0.0647]},"south":{"uv":[14.6316,11.3037],"uv_size":[0.4059,0.0647]},"up":{"uv":[15.0309,11.0261],"uv_size":[-0.4059,-0.0129]},"west":{"uv":[15.2627,11.3037],"uv_size":[0.0123,0.0647]}}},{"origin":[4.04742,7.875,0.86872],"size":[0.5,0.125,0.375],"uv":{"down":{"uv":[14.6742,9.1836],"uv_size":[-0.0492,-0.0388]},"up":{"uv":[14.6742,9.3809],"uv_size":[-0.0492,-0.0388]}}},{"origin":[0.42242,7.875,1.24372],"size":[4.125,0.625,0.125],"uv":{"down":{"uv":[15.0309,10.8287],"uv_size":[-0.4059,-0.0129]},"east":{"uv":[15.0752,11.3037],"uv_size":[0.0123,0.0647]},"north":{"uv":[15.3691,11.3037],"uv_size":[0.4059,0.0647]},"south":{"uv":[14.6316,11.3037],"uv_size":[0.4059,0.0647]},"up":{"uv":[15.0309,11.0787],"uv_size":[-0.4059,-0.0129]},"west":{"uv":[15.3127,11.3037],"uv_size":[0.0123,0.0647]}}},{"origin":[4.17242,8,0.86872],"size":[0.375,0.625,0.375],"uv":{"north":{"uv":[15.7381,9.6063],"uv_size":[0.0369,0.0647]},"south":{"uv":[14.6256,9.6063],"uv_size":[0.0369,0.0647]},"up":{"uv":[14.6619,9.3809],"uv_size":[-0.0369,-0.0388]},"west":{"uv":[15.2756,9.6063],"uv_size":[0.0369,0.0647]}}},{"origin":[-1.95258,8.5,0.61872],"size":[6.5,0.375,0.125],"uv":{"down":{"uv":[15.2646,10.8945],"uv_size":[-0.6396,-0.0129]},"north":{"uv":[15.1354,11.2638],"uv_size":[0.6396,0.0388]},"south":{"uv":[14.6354,11.2638],"uv_size":[0.6396,0.0388]},"up":{"uv":[15.2646,11.0129],"uv_size":[-0.6396,-0.0129]},"west":{"uv":[15.2502,11.2638],"uv_size":[0.0123,0.0388]}}},{"origin":[-1.95258,8.5,1.36872],"size":[6.5,0.25,0.125],"uv":{"down":{"uv":[15.2646,10.8156],"uv_size":[-0.6396,-0.0129]},"north":{"uv":[15.1354,11.2767],"uv_size":[0.6396,0.0259]},"south":{"uv":[14.6354,11.2767],"uv_size":[0.6396,0.0259]},"up":{"uv":[15.2646,11.0919],"uv_size":[-0.6396,-0.0129]},"west":{"uv":[15.3252,11.2767],"uv_size":[0.0123,0.0259]}}},{"origin":[-1.95258,8.625,0.74372],"size":[6.5,0.125,0.125],"uv":{"down":{"uv":[15.2646,10.8814],"uv_size":[-0.6396,-0.0129]},"south":{"uv":[14.6354,11.2765],"uv_size":[0.6396,0.0129]}}},{"origin":[-1.95258,8.625,1.24372],"size":[6.5,0.125,0.125],"uv":{"down":{"uv":[15.2646,10.8287],"uv_size":[-0.6396,-0.0129]},"north":{"uv":[15.1354,11.2765],"uv_size":[0.6396,0.0129]}}},{"origin":[2.04742,8.75,1.36872],"size":[2.5,0.125,0.125],"uv":{"south":{"uv":[14.629,11.2634],"uv_size":[0.246,0.0129]},"up":{"uv":[14.871,11.0919],"uv_size":[-0.246,-0.0129]},"west":{"uv":[15.3252,11.2634],"uv_size":[0.0123,0.0129]}}},{"origin":[-1.95258,8.875,0.74372],"size":[6.5,0.125,0.5],"uv":{"north":{"uv":[15.1354,11.2502],"uv_size":[0.6396,0.0129]},"south":{"uv":[14.6354,11.2502],"uv_size":[0.6396,0.0129]},"up":{"uv":[15.2646,11.0649],"uv_size":[-0.6396,-0.0518]},"west":{"uv":[15.2633,11.2502],"uv_size":[0.0492,0.0129]}}},{"origin":[2.04742,8.875,1.24372],"size":[2.5,0.125,0.125],"uv":{"south":{"uv":[14.629,11.2502],"uv_size":[0.246,0.0129]},"up":{"uv":[14.871,11.0787],"uv_size":[-0.246,-0.0129]},"west":{"uv":[15.3127,11.2502],"uv_size":[0.0123,0.0129]}}},{"origin":[4.29742,6.75,0.74372],"size":[0.125,0.5,0.625],"uv":{"down":{"uv":[14.6498,9.1963],"uv_size":[-0.0123,-0.0647]},"east":{"uv":[15.076,9.7508],"uv_size":[0.0615,0.0518]},"north":{"uv":[15.7502,9.7508],"uv_size":[0.0123,0.0518]},"south":{"uv":[14.6377,9.7508],"uv_size":[0.0123,0.0518]},"up":{"uv":[14.6498,9.3937],"uv_size":[-0.0123,-0.0647]},"west":{"uv":[15.2635,9.7508],"uv_size":[0.0615,0.0518]}}},{"origin":[2.42242,7.25,0.74372],"size":[2,0.625,0.125],"uv":{"down":{"uv":[14.8343,10.8814],"uv_size":[-0.1968,-0.0129]},"east":{"uv":[15.1252,11.3695],"uv_size":[0.0123,0.0647]},"north":{"uv":[15.5657,11.3695],"uv_size":[0.1968,0.0647]},"south":{"uv":[14.6407,11.3695],"uv_size":[0.1968,0.0647]}}},{"origin":[3.92242,7.25,0.86872],"size":[0.5,0.125,0.375],"uv":{"down":{"uv":[14.6867,9.1836],"uv_size":[-0.0492,-0.0388]},"east":{"uv":[15.0881,9.7371],"uv_size":[0.0369,0.0129]},"up":{"uv":[14.6867,9.3809],"uv_size":[-0.0492,-0.0388]}}},{"origin":[2.42242,7.25,1.24372],"size":[2,0.625,0.125],"uv":{"down":{"uv":[14.8343,10.8287],"uv_size":[-0.1968,-0.0129]},"east":{"uv":[15.0752,11.3695],"uv_size":[0.0123,0.0647]},"north":{"uv":[15.5657,11.3695],"uv_size":[0.1968,0.0647]},"south":{"uv":[14.6407,11.3695],"uv_size":[0.1968,0.0647]}}},{"origin":[-1.95258,8.625,0.86872],"size":[6.375,0.125,0.375],"uv":{"down":{"uv":[15.2648,10.8678],"uv_size":[-0.6273,-0.0388]}}},{"origin":[-4.32758,9,0.86872],"size":[8.75,0.125,0.375],"uv":{"down":{"uv":[15.4985,10.8678],"uv_size":[-0.861,-0.0388]},"east":{"uv":[15.0881,11.2371],"uv_size":[0.0369,0.0129]},"north":{"uv":[14.9015,11.2371],"uv_size":[0.861,0.0129]},"south":{"uv":[14.6515,11.2371],"uv_size":[0.861,0.0129]},"up":{"uv":[15.4985,11.0652],"uv_size":[-0.861,-0.0388]},"west":{"uv":[15.2756,11.2371],"uv_size":[0.0369,0.0129]}}},{"origin":[4.17242,6.25,0.86872],"size":[0.125,1,0.375],"uv":{"down":{"uv":[14.6623,9.1836],"uv_size":[-0.0123,-0.0388]},"east":{"uv":[15.0881,9.7517],"uv_size":[0.0369,0.1036]},"north":{"uv":[15.7377,9.7517],"uv_size":[0.0123,0.1036]},"south":{"uv":[14.6502,9.7517],"uv_size":[0.0123,0.1036]},"west":{"uv":[15.2756,9.7517],"uv_size":[0.0369,0.1036]}}},{"origin":[4.17242,6.375,0.74372],"size":[0.125,0.375,0.125],"uv":{"down":{"uv":[14.6623,9.1972],"uv_size":[-0.0123,-0.0129]},"east":{"uv":[15.1252,9.8033],"uv_size":[0.0123,0.0388]},"north":{"uv":[15.7377,9.8033],"uv_size":[0.0123,0.0388]},"west":{"uv":[15.2627,9.8033],"uv_size":[0.0123,0.0388]}}},{"origin":[4.17242,6.375,1.24372],"size":[0.125,0.375,0.125],"uv":{"down":{"uv":[14.6623,9.1445],"uv_size":[-0.0123,-0.0129]},"east":{"uv":[15.0752,9.8033],"uv_size":[0.0123,0.0388]},"south":{"uv":[14.6502,9.8033],"uv_size":[0.0123,0.0388]},"west":{"uv":[15.3127,9.8033],"uv_size":[0.0123,0.0388]}}},{"origin":[3.17242,6.75,0.74372],"size":[1.125,0.5,0.125],"uv":{"down":{"uv":[14.7607,10.8814],"uv_size":[-0.1107,-0.0129]},"east":{"uv":[15.1252,11.4351],"uv_size":[0.0123,0.0518]},"north":{"uv":[15.6393,11.4351],"uv_size":[0.1107,0.0518]},"south":{"uv":[14.6518,11.4351],"uv_size":[0.1107,0.0518]}}},{"origin":[3.17242,6.75,1.24372],"size":[1.125,0.5,0.125],"uv":{"down":{"uv":[14.7607,10.8287],"uv_size":[-0.1107,-0.0129]},"east":{"uv":[15.0752,11.4351],"uv_size":[0.0123,0.0518]},"north":{"uv":[15.6393,11.4351],"uv_size":[0.1107,0.0518]},"south":{"uv":[14.6518,11.4351],"uv_size":[0.1107,0.0518]}}},{"origin":[-4.32758,8.5,0.74372],"size":[8.625,0.125,0.125],"uv":{"down":{"uv":[15.4987,10.8814],"uv_size":[-0.8487,-0.0129]},"north":{"uv":[14.9013,11.2897],"uv_size":[0.8487,0.0129]},"south":{"uv":[14.6638,11.2897],"uv_size":[0.8487,0.0129]},"up":{"uv":[15.4987,11.0261],"uv_size":[-0.8487,-0.0129]}}},{"origin":[-4.32758,8.5,1.24372],"size":[8.625,0.125,0.125],"uv":{"down":{"uv":[15.4987,10.8287],"uv_size":[-0.8487,-0.0129]},"north":{"uv":[14.9013,11.2897],"uv_size":[0.8487,0.0129]},"south":{"uv":[14.6638,11.2897],"uv_size":[0.8487,0.0129]},"up":{"uv":[15.4987,11.0787],"uv_size":[-0.8487,-0.0129]}}},{"origin":[3.17242,6.25,0.86872],"size":[1,0.125,0.375],"uv":{"down":{"uv":[14.7609,10.8678],"uv_size":[-0.0984,-0.0388]},"east":{"uv":[15.0881,11.5265],"uv_size":[0.0369,0.0129]},"north":{"uv":[15.6391,11.5265],"uv_size":[0.0984,0.0129]},"south":{"uv":[14.6641,11.5265],"uv_size":[0.0984,0.0129]},"up":{"uv":[14.7609,11.0652],"uv_size":[-0.0984,-0.0388]}}},{"origin":[3.04742,6.375,0.74372],"size":[1.125,0.25,0.125],"uv":{"down":{"uv":[14.7732,10.8814],"uv_size":[-0.1107,-0.0129]},"east":{"uv":[15.1252,11.5004],"uv_size":[0.0123,0.0259]},"north":{"uv":[15.6268,11.5004],"uv_size":[0.1107,0.0259]},"south":{"uv":[14.6643,11.5004],"uv_size":[0.1107,0.0259]},"up":{"uv":[14.7732,11.0261],"uv_size":[-0.1107,-0.0129]}}},{"origin":[3.79742,6.375,0.86872],"size":[0.375,0.5,0.25],"uv":{"east":{"uv":[15.1004,9.7903],"uv_size":[0.0246,0.0518]},"north":{"uv":[15.7006,9.7903],"uv_size":[0.0369,0.0518]},"south":{"uv":[14.6631,9.7903],"uv_size":[0.0369,0.0518]},"up":{"uv":[14.6994,9.368],"uv_size":[-0.0369,-0.0259]}}},{"origin":[3.92242,6.375,1.11872],"size":[0.25,0.875,0.125],"uv":{"east":{"uv":[15.0877,9.7515],"uv_size":[0.0123,0.0906]},"north":{"uv":[15.7129,9.7515],"uv_size":[0.0246,0.0906]},"south":{"uv":[14.6629,9.7515],"uv_size":[0.0246,0.0906]}}},{"origin":[3.04742,6.375,1.24372],"size":[1.125,0.25,0.125],"uv":{"down":{"uv":[14.7732,10.8287],"uv_size":[-0.1107,-0.0129]},"east":{"uv":[15.0752,11.5004],"uv_size":[0.0123,0.0259]},"north":{"uv":[15.6268,11.5004],"uv_size":[0.1107,0.0259]},"south":{"uv":[14.6643,11.5004],"uv_size":[0.1107,0.0259]},"up":{"uv":[14.7732,11.0787],"uv_size":[-0.1107,-0.0129]}}},{"origin":[3.17242,6.625,0.74372],"size":[1,0.125,0.125],"uv":{"east":{"uv":[15.1252,11.4871],"uv_size":[0.0123,0.0129]},"north":{"uv":[15.6391,11.4871],"uv_size":[0.0984,0.0129]},"south":{"uv":[14.6641,11.4871],"uv_size":[0.0984,0.0129]}}},{"origin":[3.17242,6.625,1.24372],"size":[1,0.125,0.125],"uv":{"east":{"uv":[15.0752,11.4871],"uv_size":[0.0123,0.0129]},"north":{"uv":[15.6391,11.4871],"uv_size":[0.0984,0.0129]},"south":{"uv":[14.6641,11.4871],"uv_size":[0.0984,0.0129]}}},{"origin":[-0.32758,8,0.86872],"size":[4.5,0.625,0.375],"uv":{"down":{"uv":[15.1053,10.8678],"uv_size":[-0.4428,-0.0388]},"east":{"uv":[15.0881,11.2905],"uv_size":[0.0369,0.0647]},"north":{"uv":[15.2947,11.2905],"uv_size":[0.4428,0.0647]},"south":{"uv":[14.6697,11.2905],"uv_size":[0.4428,0.0647]}}},{"origin":[1.92242,7.375,0.86872],"size":[2.125,0.625,0.375],"uv":{"down":{"uv":[14.8841,10.8678],"uv_size":[-0.2091,-0.0388]},"east":{"uv":[15.0881,11.3563],"uv_size":[0.0369,0.0647]},"north":{"uv":[15.5159,11.3563],"uv_size":[0.2091,0.0647]},"south":{"uv":[14.6784,11.3563],"uv_size":[0.2091,0.0647]},"west":{"uv":[15.2756,11.3563],"uv_size":[0.0369,0.0647]}}},{"origin":[2.92242,6.375,1.11872],"size":[1,0.25,0.125],"uv":{"down":{"uv":[14.7859,10.8419],"uv_size":[-0.0984,-0.0129]},"east":{"uv":[15.0877,11.5004],"uv_size":[0.0123,0.0259]},"north":{"uv":[15.6141,11.5004],"uv_size":[0.0984,0.0259]},"south":{"uv":[14.6891,11.5004],"uv_size":[0.0984,0.0259]},"up":{"uv":[14.7859,11.0656],"uv_size":[-0.0984,-0.0129]}}},{"origin":[3.04742,6.625,1.11872],"size":[0.875,0.125,0.125],"uv":{"east":{"uv":[15.0877,11.4871],"uv_size":[0.0123,0.0129]},"north":{"uv":[15.6264,11.4871],"uv_size":[0.0861,0.0129]},"south":{"uv":[14.6889,11.4871],"uv_size":[0.0861,0.0129]},"up":{"uv":[14.7736,11.0656],"uv_size":[-0.0861,-0.0129]}}},{"origin":[3.17242,6.75,1.11872],"size":[0.75,0.625,0.125],"uv":{"east":{"uv":[15.0877,11.4221],"uv_size":[0.0123,0.0647]},"north":{"uv":[15.6387,11.4221],"uv_size":[0.0738,0.0647]},"south":{"uv":[14.6887,11.4221],"uv_size":[0.0738,0.0647]},"west":{"uv":[15.3002,11.4221],"uv_size":[0.0123,0.0647]}}},{"origin":[2.92242,6.875,0.86872],"size":[1,0.5,0.25],"uv":{"down":{"uv":[14.7859,10.868],"uv_size":[-0.0984,-0.0259]},"east":{"uv":[15.1004,11.4219],"uv_size":[0.0246,0.0518]},"north":{"uv":[15.6141,11.4219],"uv_size":[0.0984,0.0518]},"south":{"uv":[14.6891,11.4219],"uv_size":[0.0984,0.0518]},"west":{"uv":[15.2754,11.4219],"uv_size":[0.0246,0.0518]}}},{"origin":[2.92242,6.375,0.86872],"size":[0.875,0.25,0.25],"uv":{"down":{"uv":[14.7861,10.868],"uv_size":[-0.0861,-0.0259]},"east":{"uv":[15.1004,11.5004],"uv_size":[0.0246,0.0259]},"north":{"uv":[15.6139,11.5004],"uv_size":[0.0861,0.0259]},"up":{"uv":[14.7861,11.0522],"uv_size":[-0.0861,-0.0259]}}},{"origin":[3.04742,6.625,0.86872],"size":[0.75,0.125,0.25],"uv":{"east":{"uv":[15.1004,11.4871],"uv_size":[0.0246,0.0129]},"north":{"uv":[15.6262,11.4871],"uv_size":[0.0738,0.0129]},"up":{"uv":[14.7738,11.0522],"uv_size":[-0.0738,-0.0259]}}},{"origin":[3.17242,6.75,0.86872],"size":[0.625,0.125,0.25],"uv":{"east":{"uv":[15.1004,11.4739],"uv_size":[0.0246,0.0129]}}},{"origin":[2.92242,6.875,1.11872],"size":[0.25,0.5,0.125],"uv":{"down":{"uv":[14.7871,10.8419],"uv_size":[-0.0246,-0.0129]},"east":{"uv":[15.0877,11.4219],"uv_size":[0.0123,0.0518]},"south":{"uv":[14.7629,11.4219],"uv_size":[0.0246,0.0518]}}},{"origin":[2.92242,7,0.74372],"size":[0.25,0.25,0.125],"uv":{"down":{"uv":[14.7871,10.8814],"uv_size":[-0.0246,-0.0129]},"east":{"uv":[15.1252,11.4346],"uv_size":[0.0123,0.0259]},"north":{"uv":[15.6129,11.4346],"uv_size":[0.0246,0.0259]}}},{"origin":[2.92242,7,1.24372],"size":[0.25,0.25,0.125],"uv":{"down":{"uv":[14.7871,10.8287],"uv_size":[-0.0246,-0.0129]},"east":{"uv":[15.0752,11.4346],"uv_size":[0.0123,0.0259]},"south":{"uv":[14.7629,11.4346],"uv_size":[0.0246,0.0259]}}},{"origin":[2.67242,7,0.86872],"size":[0.25,0.375,0.375],"uv":{"down":{"uv":[14.8121,10.8678],"uv_size":[-0.0246,-0.0388]},"east":{"uv":[15.0881,11.4217],"uv_size":[0.0369,0.0388]},"north":{"uv":[15.5879,11.4217],"uv_size":[0.0246,0.0388]},"south":{"uv":[14.7879,11.4217],"uv_size":[0.0246,0.0388]},"west":{"uv":[15.2756,11.4217],"uv_size":[0.0369,0.0388]}}},{"origin":[2.67242,7.125,0.74372],"size":[0.25,0.125,0.125],"uv":{"down":{"uv":[14.8121,10.8814],"uv_size":[-0.0246,-0.0129]},"east":{"uv":[15.1252,11.4344],"uv_size":[0.0123,0.0129]},"north":{"uv":[15.5879,11.4344],"uv_size":[0.0246,0.0129]}}},{"origin":[2.67242,7.125,1.24372],"size":[0.25,0.125,0.125],"uv":{"down":{"uv":[14.8121,10.8287],"uv_size":[-0.0246,-0.0129]},"east":{"uv":[15.0752,11.4344],"uv_size":[0.0123,0.0129]},"south":{"uv":[14.7879,11.4344],"uv_size":[0.0246,0.0129]}}},{"origin":[2.42242,7.125,0.86872],"size":[0.25,0.25,0.375],"uv":{"down":{"uv":[14.8371,10.8678],"uv_size":[-0.0246,-0.0388]},"east":{"uv":[15.0881,11.4215],"uv_size":[0.0369,0.0259]},"north":{"uv":[15.5629,11.4215],"uv_size":[0.0246,0.0259]},"south":{"uv":[14.8129,11.4215],"uv_size":[0.0246,0.0259]}}},{"origin":[2.17242,7.25,0.86872],"size":[0.25,0.125,0.375],"uv":{"down":{"uv":[14.8621,10.8678],"uv_size":[-0.0246,-0.0388]},"east":{"uv":[15.0881,11.4213],"uv_size":[0.0369,0.0129]},"north":{"uv":[15.5379,11.4213],"uv_size":[0.0246,0.0129]},"south":{"uv":[14.8379,11.4213],"uv_size":[0.0246,0.0129]}}},{"origin":[2.17242,7.375,0.74372],"size":[0.25,0.5,0.125],"uv":{"down":{"uv":[14.8621,10.8814],"uv_size":[-0.0246,-0.0129]},"east":{"uv":[15.1252,11.3693],"uv_size":[0.0123,0.0518]},"north":{"uv":[15.5379,11.3693],"uv_size":[0.0246,0.0518]}}},{"origin":[2.17242,7.375,1.24372],"size":[0.25,0.5,0.125],"uv":{"down":{"uv":[14.8621,10.8287],"uv_size":[-0.0246,-0.0129]},"east":{"uv":[15.0752,11.3693],"uv_size":[0.0123,0.0518]},"south":{"uv":[14.8379,11.3693],"uv_size":[0.0246,0.0518]}}},{"origin":[1.92242,7.5,0.74372],"size":[0.25,0.375,0.125],"uv":{"down":{"uv":[14.8871,10.8814],"uv_size":[-0.0246,-0.0129]},"east":{"uv":[15.1252,11.3691],"uv_size":[0.0123,0.0388]},"north":{"uv":[15.5129,11.3691],"uv_size":[0.0246,0.0388]}}},{"origin":[1.92242,7.5,1.24372],"size":[0.25,0.375,0.125],"uv":{"down":{"uv":[14.8871,10.8287],"uv_size":[-0.0246,-0.0129]},"east":{"uv":[15.0752,11.3691],"uv_size":[0.0123,0.0388]},"south":{"uv":[14.8629,11.3691],"uv_size":[0.0246,0.0388]}}},{"origin":[0.79742,8.75,1.36872],"size":[1.25,0.125,0.125],"uv":{"south":{"uv":[14.877,9.5792],"uv_size":[0.123,0.0129]},"up":{"uv":[14.998,9.4077],"uv_size":[-0.123,-0.0129]}}},{"origin":[0.79742,8.875,1.24372],"size":[1.25,0.125,0.125],"uv":{"south":{"uv":[14.877,9.566],"uv_size":[0.123,0.0129]},"up":{"uv":[14.998,9.3945],"uv_size":[-0.123,-0.0129]}}},{"origin":[0.79742,7.5,0.86872],"size":[1.125,0.5,0.375],"uv":{"down":{"uv":[14.9982,10.8678],"uv_size":[-0.1107,-0.0388]},"east":{"uv":[15.0881,11.3561],"uv_size":[0.0369,0.0518]},"north":{"uv":[15.4018,11.3561],"uv_size":[0.1107,0.0518]},"south":{"uv":[14.8893,11.3561],"uv_size":[0.1107,0.0518]}}},{"origin":[0.79742,7.625,0.74372],"size":[1.125,0.25,0.125],"uv":{"down":{"uv":[14.9982,10.8814],"uv_size":[-0.1107,-0.0129]},"east":{"uv":[15.1252,11.3688],"uv_size":[0.0123,0.0259]},"north":{"uv":[15.4018,11.3688],"uv_size":[0.1107,0.0259]}}},{"origin":[0.67242,7.625,1.24372],"size":[1.25,0.25,0.125],"uv":{"down":{"uv":[15.0105,10.8287],"uv_size":[-0.123,-0.0129]},"east":{"uv":[15.0752,11.3688],"uv_size":[0.0123,0.0259]},"north":{"uv":[15.3895,11.3688],"uv_size":[0.123,0.0259]},"south":{"uv":[14.8895,11.3688],"uv_size":[0.123,0.0259]}}},{"origin":[1.54742,7.25,0.86872],"size":[0.25,0.25,0.375],"uv":{"down":{"uv":[14.9246,9.1836],"uv_size":[-0.0246,-0.0388]},"east":{"uv":[15.0881,9.7241],"uv_size":[0.0369,0.0259]},"north":{"uv":[15.4754,9.7241],"uv_size":[0.0246,0.0259]},"south":{"uv":[14.9004,9.7241],"uv_size":[0.0246,0.0259]},"west":{"uv":[15.2756,9.7241],"uv_size":[0.0369,0.0259]}}},{"origin":[1.42242,6.75,0.86872],"size":[0.25,0.25,0.375],"uv":{"down":{"uv":[14.9371,9.1836],"uv_size":[-0.0246,-0.0388]},"east":{"uv":[15.0881,9.7767],"uv_size":[0.0369,0.0259]},"north":{"uv":[15.4629,9.7767],"uv_size":[0.0246,0.0259]},"south":{"uv":[14.9129,9.7767],"uv_size":[0.0246,0.0259]},"up":{"uv":[14.9371,9.3809],"uv_size":[-0.0246,-0.0388]},"west":{"uv":[15.2756,9.7767],"uv_size":[0.0369,0.0259]}}},{"origin":[1.54742,7,0.86872],"size":[0.125,0.25,0.375],"uv":{"east":{"uv":[15.0881,9.7504],"uv_size":[0.0369,0.0259]},"north":{"uv":[15.4752,9.7504],"uv_size":[0.0123,0.0259]},"south":{"uv":[14.9127,9.7504],"uv_size":[0.0123,0.0259]},"west":{"uv":[15.2756,9.7504],"uv_size":[0.0369,0.0259]}}},{"origin":[1.29742,6.375,0.86872],"size":[0.25,0.125,0.375],"uv":{"down":{"uv":[14.9496,9.1836],"uv_size":[-0.0246,-0.0388]},"east":{"uv":[15.0881,9.8292],"uv_size":[0.0369,0.0129]},"north":{"uv":[15.4504,9.8292],"uv_size":[0.0246,0.0129]},"south":{"uv":[14.9254,9.8292],"uv_size":[0.0246,0.0129]},"up":{"uv":[14.9496,9.3809],"uv_size":[-0.0246,-0.0388]},"west":{"uv":[15.2756,9.8292],"uv_size":[0.0369,0.0129]}}},{"origin":[1.42242,6.5,0.86872],"size":[0.125,0.25,0.375],"uv":{"east":{"uv":[15.0881,9.8031],"uv_size":[0.0369,0.0259]},"north":{"uv":[15.4627,9.8031],"uv_size":[0.0123,0.0259]},"south":{"uv":[14.9252,9.8031],"uv_size":[0.0123,0.0259]},"west":{"uv":[15.2756,9.8031],"uv_size":[0.0369,0.0259]}}},{"origin":[0.42242,7,0.99372],"size":[1.125,0.375,0.125],"uv":{"down":{"uv":[15.0357,9.1708],"uv_size":[-0.1107,-0.0129]},"east":{"uv":[15.1002,9.7375],"uv_size":[0.0123,0.0388]},"north":{"uv":[15.3643,9.7375],"uv_size":[0.1107,0.0388]},"south":{"uv":[14.9268,9.7375],"uv_size":[0.1107,0.0388]},"up":{"uv":[15.0357,9.3682],"uv_size":[-0.1107,-0.0129]},"west":{"uv":[15.2877,9.7375],"uv_size":[0.0123,0.0388]}}},{"origin":[0.54742,7.375,0.86872],"size":[1,0.125,0.375],"uv":{"down":{"uv":[15.0234,9.1836],"uv_size":[-0.0984,-0.0388]},"east":{"uv":[15.0881,9.7239],"uv_size":[0.0369,0.0129]},"north":{"uv":[15.3766,9.7239],"uv_size":[0.0984,0.0129]},"south":{"uv":[14.9266,9.7239],"uv_size":[0.0984,0.0129]},"up":{"uv":[15.0234,9.3809],"uv_size":[-0.0984,-0.0388]}}},{"origin":[1.17242,5.875,0.86872],"size":[0.25,0.125,0.375],"uv":{"down":{"uv":[14.9621,9.1836],"uv_size":[-0.0246,-0.0388]},"east":{"uv":[15.0881,9.8818],"uv_size":[0.0369,0.0129]},"north":{"uv":[15.4379,9.8818],"uv_size":[0.0246,0.0129]},"south":{"uv":[14.9379,9.8818],"uv_size":[0.0246,0.0129]},"up":{"uv":[14.9621,9.3809],"uv_size":[-0.0246,-0.0388]},"west":{"uv":[15.2756,9.8818],"uv_size":[0.0369,0.0129]}}},{"origin":[1.29742,6,0.86872],"size":[0.125,0.375,0.375],"uv":{"east":{"uv":[15.0881,9.8427],"uv_size":[0.0369,0.0388]},"north":{"uv":[15.4502,9.8427],"uv_size":[0.0123,0.0388]},"south":{"uv":[14.9377,9.8427],"uv_size":[0.0123,0.0388]},"west":{"uv":[15.2756,9.8427],"uv_size":[0.0369,0.0388]}}},{"origin":[0.29742,6.5,0.99372],"size":[1.125,0.375,0.125],"uv":{"down":{"uv":[15.0482,9.1708],"uv_size":[-0.1107,-0.0129]},"east":{"uv":[15.1002,9.7901],"uv_size":[0.0123,0.0388]},"north":{"uv":[15.3518,9.7901],"uv_size":[0.1107,0.0388]},"south":{"uv":[14.9393,9.7901],"uv_size":[0.1107,0.0388]},"up":{"uv":[15.0482,9.3682],"uv_size":[-0.1107,-0.0129]},"west":{"uv":[15.2877,9.7901],"uv_size":[0.0123,0.0388]}}},{"origin":[0.42242,6.875,0.99372],"size":[1,0.125,0.125],"uv":{"east":{"uv":[15.1002,9.7765],"uv_size":[0.0123,0.0129]},"north":{"uv":[15.3641,9.7765],"uv_size":[0.0984,0.0129]},"south":{"uv":[14.9391,9.7765],"uv_size":[0.0984,0.0129]}}},{"origin":[1.17242,7,0.86872],"size":[0.25,0.375,0.125],"uv":{"down":{"uv":[14.9621,9.184],"uv_size":[-0.0246,-0.0129]},"east":{"uv":[15.1127,9.7375],"uv_size":[0.0123,0.0388]},"north":{"uv":[15.4379,9.7375],"uv_size":[0.0246,0.0388]},"west":{"uv":[15.2752,9.7375],"uv_size":[0.0123,0.0388]}}},{"origin":[1.17242,7,1.11872],"size":[0.25,0.375,0.125],"uv":{"down":{"uv":[14.9621,9.1577],"uv_size":[-0.0246,-0.0129]},"east":{"uv":[15.0877,9.7375],"uv_size":[0.0123,0.0388]},"south":{"uv":[14.9379,9.7375],"uv_size":[0.0246,0.0388]},"west":{"uv":[15.3002,9.7375],"uv_size":[0.0123,0.0388]}}},{"origin":[0.92242,5.625,0.86872],"size":[0.375,0.25,0.375],"uv":{"down":{"uv":[14.9869,9.1836],"uv_size":[-0.0369,-0.0388]},"east":{"uv":[15.0881,9.8952],"uv_size":[0.0369,0.0259]},"north":{"uv":[15.4131,9.8952],"uv_size":[0.0369,0.0259]},"south":{"uv":[14.9506,9.8952],"uv_size":[0.0369,0.0259]},"up":{"uv":[14.9869,9.3809],"uv_size":[-0.0369,-0.0388]},"west":{"uv":[15.2756,9.8952],"uv_size":[0.0369,0.0259]}}},{"origin":[0.29742,6,0.99372],"size":[1,0.5,0.125],"uv":{"down":{"uv":[15.0484,9.1708],"uv_size":[-0.0984,-0.0129]},"east":{"uv":[15.1002,9.8298],"uv_size":[0.0123,0.0518]},"north":{"uv":[15.3516,9.8298],"uv_size":[0.0984,0.0518]},"south":{"uv":[14.9516,9.8298],"uv_size":[0.0984,0.0518]},"west":{"uv":[15.2877,9.8298],"uv_size":[0.0123,0.0518]}}},{"origin":[1.04742,6.5,0.86872],"size":[0.25,0.5,0.125],"uv":{"down":{"uv":[14.9746,9.184],"uv_size":[-0.0246,-0.0129]},"east":{"uv":[15.1127,9.7772],"uv_size":[0.0123,0.0518]},"north":{"uv":[15.4254,9.7772],"uv_size":[0.0246,0.0518]},"south":{"uv":[14.9504,9.7772],"uv_size":[0.0246,0.0518]},"up":{"uv":[14.9746,9.3551],"uv_size":[-0.0246,-0.0129]},"west":{"uv":[15.2752,9.7772],"uv_size":[0.0123,0.0518]}}},{"origin":[1.04742,6.5,1.11872],"size":[0.25,0.5,0.125],"uv":{"down":{"uv":[14.9746,9.1577],"uv_size":[-0.0246,-0.0129]},"east":{"uv":[15.0877,9.7772],"uv_size":[0.0123,0.0518]},"north":{"uv":[15.4254,9.7772],"uv_size":[0.0246,0.0518]},"south":{"uv":[14.9504,9.7772],"uv_size":[0.0246,0.0518]},"up":{"uv":[14.9746,9.3814],"uv_size":[-0.0246,-0.0129]},"west":{"uv":[15.3002,9.7772],"uv_size":[0.0123,0.0518]}}},{"origin":[0.29742,5.875,0.99372],"size":[0.875,0.125,0.125],"uv":{"down":{"uv":[15.0486,9.1708],"uv_size":[-0.0861,-0.0129]},"east":{"uv":[15.1002,9.8818],"uv_size":[0.0123,0.0129]},"north":{"uv":[15.3514,9.8818],"uv_size":[0.0861,0.0129]},"south":{"uv":[14.9639,9.8818],"uv_size":[0.0861,0.0129]}}},{"origin":[0.92242,6,0.86872],"size":[0.25,0.375,0.125],"uv":{"down":{"uv":[14.9871,9.184],"uv_size":[-0.0246,-0.0129]},"east":{"uv":[15.1127,9.8427],"uv_size":[0.0123,0.0388]},"north":{"uv":[15.4129,9.8427],"uv_size":[0.0246,0.0388]},"up":{"uv":[14.9871,9.3551],"uv_size":[-0.0246,-0.0129]},"west":{"uv":[15.2752,9.8427],"uv_size":[0.0123,0.0388]}}},{"origin":[0.92242,6,1.11872],"size":[0.25,0.375,0.125],"uv":{"down":{"uv":[14.9871,9.1577],"uv_size":[-0.0246,-0.0129]},"east":{"uv":[15.0877,9.8427],"uv_size":[0.0123,0.0388]},"south":{"uv":[14.9629,9.8427],"uv_size":[0.0246,0.0388]},"up":{"uv":[14.9871,9.3814],"uv_size":[-0.0246,-0.0129]},"west":{"uv":[15.3002,9.8427],"uv_size":[0.0123,0.0388]}}},{"origin":[1.04742,6.375,0.86872],"size":[0.125,0.125,0.125],"uv":{"east":{"uv":[15.1127,9.8292],"uv_size":[0.0123,0.0129]},"north":{"uv":[15.4252,9.8292],"uv_size":[0.0123,0.0129]},"west":{"uv":[15.2752,9.8292],"uv_size":[0.0123,0.0129]}}},{"origin":[1.04742,6.375,1.11872],"size":[0.125,0.125,0.125],"uv":{"east":{"uv":[15.0877,9.8292],"uv_size":[0.0123,0.0129]},"south":{"uv":[14.9627,9.8292],"uv_size":[0.0123,0.0129]},"west":{"uv":[15.3002,9.8292],"uv_size":[0.0123,0.0129]}}},{"origin":[0.29742,5.875,0.86872],"size":[0.75,0.125,0.125],"uv":{"down":{"uv":[15.0488,9.184],"uv_size":[-0.0738,-0.0129]},"east":{"uv":[15.1127,9.8818],"uv_size":[0.0123,0.0129]},"north":{"uv":[15.3512,9.8818],"uv_size":[0.0738,0.0129]},"up":{"uv":[15.0488,9.3551],"uv_size":[-0.0738,-0.0129]},"west":{"uv":[15.2752,9.8818],"uv_size":[0.0123,0.0129]}}},{"origin":[0.29742,5.875,1.11872],"size":[0.75,0.125,0.125],"uv":{"down":{"uv":[15.0488,9.1577],"uv_size":[-0.0738,-0.0129]},"east":{"uv":[15.0877,9.8818],"uv_size":[0.0123,0.0129]},"south":{"uv":[14.9762,9.8818],"uv_size":[0.0738,0.0129]},"up":{"uv":[15.0488,9.3814],"uv_size":[-0.0738,-0.0129]},"west":{"uv":[15.3002,9.8818],"uv_size":[0.0123,0.0129]}}},{"origin":[0.79742,7,0.86872],"size":[0.25,0.375,0.125],"uv":{"down":{"uv":[14.9996,9.184],"uv_size":[-0.0246,-0.0129]},"east":{"uv":[15.1127,9.7375],"uv_size":[0.0123,0.0388]},"north":{"uv":[15.4004,9.7375],"uv_size":[0.0246,0.0388]},"west":{"uv":[15.2752,9.7375],"uv_size":[0.0123,0.0388]}}},{"origin":[0.79742,7,1.11872],"size":[0.25,0.375,0.125],"uv":{"down":{"uv":[14.9996,9.1577],"uv_size":[-0.0246,-0.0129]},"east":{"uv":[15.0877,9.7375],"uv_size":[0.0123,0.0388]},"south":{"uv":[14.9754,9.7375],"uv_size":[0.0246,0.0388]},"west":{"uv":[15.3002,9.7375],"uv_size":[0.0123,0.0388]}}},{"origin":[0.54742,5.75,0.86872],"size":[0.375,0.125,0.375],"uv":{"down":{"uv":[15.0244,9.1836],"uv_size":[-0.0369,-0.0388]},"east":{"uv":[15.0881,9.8949],"uv_size":[0.0369,0.0129]},"north":{"uv":[15.3756,9.8949],"uv_size":[0.0369,0.0129]},"south":{"uv":[14.9881,9.8949],"uv_size":[0.0369,0.0129]},"up":{"uv":[15.0244,9.3809],"uv_size":[-0.0369,-0.0388]}}},{"origin":[0.54742,6.375,0.86872],"size":[0.375,0.125,0.125],"uv":{"down":{"uv":[15.0244,9.184],"uv_size":[-0.0369,-0.0129]},"east":{"uv":[15.1127,9.8292],"uv_size":[0.0123,0.0129]},"north":{"uv":[15.3756,9.8292],"uv_size":[0.0369,0.0129]},"up":{"uv":[15.0244,9.3551],"uv_size":[-0.0369,-0.0129]},"west":{"uv":[15.2752,9.8292],"uv_size":[0.0123,0.0129]}}},{"origin":[0.54742,6.375,1.11872],"size":[0.375,0.125,0.125],"uv":{"down":{"uv":[15.0244,9.1577],"uv_size":[-0.0369,-0.0129]},"east":{"uv":[15.0877,9.8292],"uv_size":[0.0123,0.0129]},"south":{"uv":[14.9881,9.8292],"uv_size":[0.0369,0.0129]},"up":{"uv":[15.0244,9.3814],"uv_size":[-0.0369,-0.0129]},"west":{"uv":[15.3002,9.8292],"uv_size":[0.0123,0.0129]}}},{"origin":[0.67242,6.5,0.86872],"size":[0.25,0.5,0.125],"uv":{"east":{"uv":[15.1127,9.7772],"uv_size":[0.0123,0.0518]},"north":{"uv":[15.3879,9.7772],"uv_size":[0.0246,0.0518]},"south":{"uv":[14.9879,9.7772],"uv_size":[0.0246,0.0518]},"up":{"uv":[15.0121,9.3551],"uv_size":[-0.0246,-0.0129]},"west":{"uv":[15.2752,9.7772],"uv_size":[0.0123,0.0518]}}},{"origin":[0.67242,6.5,1.11872],"size":[0.25,0.5,0.125],"uv":{"east":{"uv":[15.0877,9.7772],"uv_size":[0.0123,0.0518]},"north":{"uv":[15.3879,9.7772],"uv_size":[0.0246,0.0518]},"south":{"uv":[14.9879,9.7772],"uv_size":[0.0246,0.0518]},"up":{"uv":[15.0121,9.3814],"uv_size":[-0.0246,-0.0129]},"west":{"uv":[15.3002,9.7772],"uv_size":[0.0123,0.0518]}}},{"origin":[0.29742,6,0.86872],"size":[0.5,0.125,0.125],"uv":{"east":{"uv":[15.1127,9.8686],"uv_size":[0.0123,0.0129]},"north":{"uv":[15.3508,9.8686],"uv_size":[0.0492,0.0129]},"up":{"uv":[15.0492,9.3551],"uv_size":[-0.0492,-0.0129]},"west":{"uv":[15.2752,9.8686],"uv_size":[0.0123,0.0129]}}},{"origin":[0.29742,6,1.11872],"size":[0.5,0.125,0.125],"uv":{"east":{"uv":[15.0877,9.8686],"uv_size":[0.0123,0.0129]},"south":{"uv":[15.0008,9.8686],"uv_size":[0.0492,0.0129]},"up":{"uv":[15.0492,9.3814],"uv_size":[-0.0492,-0.0129]},"west":{"uv":[15.3002,9.8686],"uv_size":[0.0123,0.0129]}}},{"origin":[0.54742,6.125,0.86872],"size":[0.25,0.25,0.125],"uv":{"east":{"uv":[15.1127,9.8425],"uv_size":[0.0123,0.0259]},"north":{"uv":[15.3754,9.8425],"uv_size":[0.0246,0.0259]},"west":{"uv":[15.2752,9.8425],"uv_size":[0.0123,0.0259]}}},{"origin":[0.54742,6.125,1.11872],"size":[0.25,0.25,0.125],"uv":{"east":{"uv":[15.0877,9.8425],"uv_size":[0.0123,0.0259]},"south":{"uv":[15.0004,9.8425],"uv_size":[0.0246,0.0259]},"west":{"uv":[15.3002,9.8425],"uv_size":[0.0123,0.0259]}}},{"origin":[0.54742,7.5,0.86872],"size":[0.25,0.125,0.375],"uv":{"east":{"uv":[15.0881,9.7107],"uv_size":[0.0369,0.0129]},"north":{"uv":[15.3754,9.7107],"uv_size":[0.0246,0.0129]},"south":{"uv":[15.0004,9.7107],"uv_size":[0.0246,0.0129]}}},{"origin":[0.54742,7.625,0.86872],"size":[0.25,0.375,0.375],"uv":{"east":{"uv":[15.0881,11.3559],"uv_size":[0.0369,0.0388]},"north":{"uv":[15.3754,11.3559],"uv_size":[0.0246,0.0388]},"south":{"uv":[15.0004,11.3559],"uv_size":[0.0246,0.0388]}}},{"origin":[0.54742,7.75,0.74372],"size":[0.25,0.125,0.125],"uv":{"down":{"uv":[15.0246,10.8814],"uv_size":[-0.0246,-0.0129]},"east":{"uv":[15.1252,11.3686],"uv_size":[0.0123,0.0129]},"north":{"uv":[15.3754,11.3686],"uv_size":[0.0246,0.0129]}}},{"origin":[-1.95258,8.75,1.36872],"size":[2.75,0.125,0.125],"uv":{"south":{"uv":[15.0044,11.2634],"uv_size":[0.2706,0.0129]},"up":{"uv":[15.2706,11.0919],"uv_size":[-0.2706,-0.0129]}}},{"origin":[-1.95258,8.875,1.24372],"size":[2.75,0.125,0.125],"uv":{"south":{"uv":[15.0044,11.2502],"uv_size":[0.2706,0.0129]},"up":{"uv":[15.2706,11.0787],"uv_size":[-0.2706,-0.0129]}}},{"origin":[0.42242,7,0.86872],"size":[0.25,0.375,0.125],"uv":{"down":{"uv":[15.0371,9.184],"uv_size":[-0.0246,-0.0129]},"east":{"uv":[15.1127,9.7375],"uv_size":[0.0123,0.0388]},"north":{"uv":[15.3629,9.7375],"uv_size":[0.0246,0.0388]},"up":{"uv":[15.0371,9.3551],"uv_size":[-0.0246,-0.0129]},"west":{"uv":[15.2752,9.7375],"uv_size":[0.0123,0.0388]}}},{"origin":[0.42242,7,1.11872],"size":[0.25,0.375,0.125],"uv":{"down":{"uv":[15.0371,9.1577],"uv_size":[-0.0246,-0.0129]},"east":{"uv":[15.0877,9.7375],"uv_size":[0.0123,0.0388]},"south":{"uv":[15.0129,9.7375],"uv_size":[0.0246,0.0388]},"up":{"uv":[15.0371,9.3814],"uv_size":[-0.0246,-0.0129]},"west":{"uv":[15.3002,9.7375],"uv_size":[0.0123,0.0388]}}},{"origin":[0.54742,7.75,1.24372],"size":[0.125,0.125,0.125],"uv":{"down":{"uv":[15.0248,10.8287],"uv_size":[-0.0123,-0.0129]},"east":{"uv":[15.0752,11.3686],"uv_size":[0.0123,0.0129]},"south":{"uv":[15.0127,11.3686],"uv_size":[0.0123,0.0129]}}},{"origin":[0.29742,6.5,0.86872],"size":[0.25,0.375,0.125],"uv":{"down":{"uv":[15.0496,9.184],"uv_size":[-0.0246,-0.0129]},"east":{"uv":[15.1127,9.7901],"uv_size":[0.0123,0.0388]},"north":{"uv":[15.3504,9.7901],"uv_size":[0.0246,0.0388]},"up":{"uv":[15.0496,9.3551],"uv_size":[-0.0246,-0.0129]},"west":{"uv":[15.2752,9.7901],"uv_size":[0.0123,0.0388]}}},{"origin":[0.29742,6.5,1.11872],"size":[0.25,0.375,0.125],"uv":{"down":{"uv":[15.0496,9.1577],"uv_size":[-0.0246,-0.0129]},"east":{"uv":[15.0877,9.7901],"uv_size":[0.0123,0.0388]},"south":{"uv":[15.0254,9.7901],"uv_size":[0.0246,0.0388]},"up":{"uv":[15.0496,9.3814],"uv_size":[-0.0246,-0.0129]},"west":{"uv":[15.3002,9.7901],"uv_size":[0.0123,0.0388]}}},{"origin":[0.42242,6.875,0.86872],"size":[0.125,0.125,0.125],"uv":{"east":{"uv":[15.1127,9.7765],"uv_size":[0.0123,0.0129]},"north":{"uv":[15.3627,9.7765],"uv_size":[0.0123,0.0129]},"west":{"uv":[15.2752,9.7765],"uv_size":[0.0123,0.0129]}}},{"origin":[0.42242,6.875,1.11872],"size":[0.125,0.125,0.125],"uv":{"east":{"uv":[15.0877,9.7765],"uv_size":[0.0123,0.0129]},"south":{"uv":[15.0252,9.7765],"uv_size":[0.0123,0.0129]},"west":{"uv":[15.3002,9.7765],"uv_size":[0.0123,0.0129]}}},{"origin":[0.42242,7.75,0.86872],"size":[0.125,0.25,0.375],"uv":{"down":{"uv":[15.0373,10.8678],"uv_size":[-0.0123,-0.0388]},"east":{"uv":[15.0881,11.3557],"uv_size":[0.0369,0.0259]},"north":{"uv":[15.3627,11.3557],"uv_size":[0.0123,0.0259]},"south":{"uv":[15.0252,11.3557],"uv_size":[0.0123,0.0259]}}},{"origin":[0.17242,6.125,0.86872],"size":[0.25,0.25,0.125],"uv":{"down":{"uv":[15.0621,9.184],"uv_size":[-0.0246,-0.0129]},"east":{"uv":[15.1127,9.8425],"uv_size":[0.0123,0.0259]},"north":{"uv":[15.3379,9.8425],"uv_size":[0.0246,0.0259]},"south":{"uv":[15.0379,9.8425],"uv_size":[0.0246,0.0259]},"up":{"uv":[15.0621,9.3551],"uv_size":[-0.0246,-0.0129]},"west":{"uv":[15.2752,9.8425],"uv_size":[0.0123,0.0259]}}},{"origin":[0.17242,6.125,1.11872],"size":[0.25,0.25,0.125],"uv":{"down":{"uv":[15.0621,9.1577],"uv_size":[-0.0246,-0.0129]},"east":{"uv":[15.0877,9.8425],"uv_size":[0.0123,0.0259]},"north":{"uv":[15.3379,9.8425],"uv_size":[0.0246,0.0259]},"south":{"uv":[15.0379,9.8425],"uv_size":[0.0246,0.0259]},"up":{"uv":[15.0621,9.3814],"uv_size":[-0.0246,-0.0129]},"west":{"uv":[15.3002,9.8425],"uv_size":[0.0123,0.0259]}}},{"origin":[0.29742,6.375,0.86872],"size":[0.125,0.125,0.125],"uv":{"east":{"uv":[15.1127,9.8292],"uv_size":[0.0123,0.0129]},"north":{"uv":[15.3502,9.8292],"uv_size":[0.0123,0.0129]},"west":{"uv":[15.2752,9.8292],"uv_size":[0.0123,0.0129]}}},{"origin":[0.29742,6.375,1.11872],"size":[0.125,0.125,0.125],"uv":{"east":{"uv":[15.0877,9.8292],"uv_size":[0.0123,0.0129]},"south":{"uv":[15.0377,9.8292],"uv_size":[0.0123,0.0129]},"west":{"uv":[15.3002,9.8292],"uv_size":[0.0123,0.0129]}}},{"origin":[0.17242,7.875,0.86872],"size":[0.25,0.125,0.375],"uv":{"down":{"uv":[15.0621,10.8678],"uv_size":[-0.0246,-0.0388]},"east":{"uv":[15.0881,11.3555],"uv_size":[0.0369,0.0129]},"north":{"uv":[15.3379,11.3555],"uv_size":[0.0246,0.0129]},"south":{"uv":[15.0379,11.3555],"uv_size":[0.0246,0.0129]}}},{"origin":[0.17242,8,0.74372],"size":[0.25,0.5,0.125],"uv":{"down":{"uv":[15.0621,10.8814],"uv_size":[-0.0246,-0.0129]},"east":{"uv":[15.1252,11.3035],"uv_size":[0.0123,0.0518]},"north":{"uv":[15.3379,11.3035],"uv_size":[0.0246,0.0518]}}},{"origin":[0.17242,8,1.24372],"size":[0.25,0.5,0.125],"uv":{"down":{"uv":[15.0621,10.8287],"uv_size":[-0.0246,-0.0129]},"east":{"uv":[15.0752,11.3035],"uv_size":[0.0123,0.0518]},"south":{"uv":[15.0379,11.3035],"uv_size":[0.0246,0.0518]}}},{"origin":[0.17242,6.125,0.99372],"size":[0.125,0.25,0.125],"uv":{"down":{"uv":[15.0623,9.1708],"uv_size":[-0.0123,-0.0129]},"east":{"uv":[15.1002,9.8425],"uv_size":[0.0123,0.0259]},"up":{"uv":[15.0623,9.3682],"uv_size":[-0.0123,-0.0129]}}},{"origin":[-0.32758,8.125,0.74372],"size":[0.5,0.375,0.125],"uv":{"down":{"uv":[15.1117,10.8814],"uv_size":[-0.0492,-0.0129]},"east":{"uv":[15.1252,11.3033],"uv_size":[0.0123,0.0388]},"north":{"uv":[15.2883,11.3033],"uv_size":[0.0492,0.0388]}}},{"origin":[-0.32758,8.125,1.24372],"size":[0.5,0.375,0.125],"uv":{"down":{"uv":[15.1117,10.8287],"uv_size":[-0.0492,-0.0129]},"east":{"uv":[15.0752,11.3033],"uv_size":[0.0123,0.0388]},"south":{"uv":[15.0633,11.3033],"uv_size":[0.0492,0.0388]}}},{"origin":[-1.70258,6.375,0.86872],"size":[1.375,0.25,0.375],"uv":{"down":{"uv":[15.2478,10.8678],"uv_size":[-0.1353,-0.0388]},"east":{"uv":[15.0881,11.5004],"uv_size":[0.0369,0.0259]},"north":{"uv":[15.1522,11.5004],"uv_size":[0.1353,0.0259]},"south":{"uv":[15.1147,11.5004],"uv_size":[0.1353,0.0259]},"up":{"uv":[15.2478,11.0652],"uv_size":[-0.1353,-0.0388]},"west":{"uv":[15.2756,11.5004],"uv_size":[0.0369,0.0259]}}},{"origin":[-1.20258,6.625,0.86872],"size":[0.875,0.375,0.375],"uv":{"east":{"uv":[15.0881,11.4612],"uv_size":[0.0369,0.0388]},"north":{"uv":[15.2014,11.4612],"uv_size":[0.0861,0.0388]},"south":{"uv":[15.1139,11.4612],"uv_size":[0.0861,0.0388]},"up":{"uv":[15.1986,11.0652],"uv_size":[-0.0861,-0.0388]},"west":{"uv":[15.2756,11.4612],"uv_size":[0.0369,0.0388]}}},{"origin":[-4.45258,8.125,0.86872],"size":[4.125,0.375,0.375],"uv":{"down":{"uv":[15.5184,10.8678],"uv_size":[-0.4059,-0.0388]},"east":{"uv":[15.0881,11.3033],"uv_size":[0.0369,0.0388]},"north":{"uv":[14.8816,11.3033],"uv_size":[0.4059,0.0388]},"south":{"uv":[15.1191,11.3033],"uv_size":[0.4059,0.0388]},"up":{"uv":[15.5184,11.0652],"uv_size":[-0.4059,-0.0388]}}},{"origin":[-4.45258,8.25,0.74372],"size":[4.125,0.25,0.125],"uv":{"down":{"uv":[15.5184,10.8814],"uv_size":[-0.4059,-0.0129]},"east":{"uv":[15.1252,11.3031],"uv_size":[0.0123,0.0259]},"north":{"uv":[14.8816,11.3031],"uv_size":[0.4059,0.0259]},"up":{"uv":[15.5184,11.0261],"uv_size":[-0.4059,-0.0129]}}},{"origin":[-4.45258,8.25,1.24372],"size":[4.125,0.25,0.125],"uv":{"down":{"uv":[15.5184,10.8287],"uv_size":[-0.4059,-0.0129]},"east":{"uv":[15.0752,11.3031],"uv_size":[0.0123,0.0259]},"south":{"uv":[15.1191,11.3031],"uv_size":[0.4059,0.0259]},"up":{"uv":[15.5184,11.0787],"uv_size":[-0.4059,-0.0129]}}},{"origin":[-1.32758,6.375,0.74372],"size":[0.875,0.125,0.125],"uv":{"down":{"uv":[15.2111,10.8814],"uv_size":[-0.0861,-0.0129]},"east":{"uv":[15.1252,11.5134],"uv_size":[0.0123,0.0129]},"north":{"uv":[15.1889,11.5134],"uv_size":[0.0861,0.0129]},"up":{"uv":[15.2111,11.0261],"uv_size":[-0.0861,-0.0129]},"west":{"uv":[15.2627,11.5134],"uv_size":[0.0123,0.0129]}}},{"origin":[-1.32758,6.375,1.24372],"size":[0.875,0.125,0.125],"uv":{"down":{"uv":[15.2111,10.8287],"uv_size":[-0.0861,-0.0129]},"east":{"uv":[15.0752,11.5134],"uv_size":[0.0123,0.0129]},"south":{"uv":[15.1264,11.5134],"uv_size":[0.0861,0.0129]},"up":{"uv":[15.2111,11.0787],"uv_size":[-0.0861,-0.0129]},"west":{"uv":[15.3127,11.5134],"uv_size":[0.0123,0.0129]}}},{"origin":[-1.20258,6.5,0.74372],"size":[0.75,0.125,0.125],"uv":{"east":{"uv":[15.1252,11.5002],"uv_size":[0.0123,0.0129]},"north":{"uv":[15.2012,11.5002],"uv_size":[0.0738,0.0129]},"up":{"uv":[15.1988,11.0261],"uv_size":[-0.0738,-0.0129]},"west":{"uv":[15.2627,11.5002],"uv_size":[0.0123,0.0129]}}},{"origin":[-1.20258,6.5,1.24372],"size":[0.75,0.125,0.125],"uv":{"east":{"uv":[15.0752,11.5002],"uv_size":[0.0123,0.0129]},"south":{"uv":[15.1262,11.5002],"uv_size":[0.0738,0.0129]},"up":{"uv":[15.1988,11.0787],"uv_size":[-0.0738,-0.0129]},"west":{"uv":[15.3127,11.5002],"uv_size":[0.0123,0.0129]}}},{"origin":[-1.07758,6.625,0.74372],"size":[0.625,0.375,0.125],"uv":{"east":{"uv":[15.1252,11.4612],"uv_size":[0.0123,0.0388]},"north":{"uv":[15.2135,11.4612],"uv_size":[0.0615,0.0388]},"up":{"uv":[15.1865,11.0261],"uv_size":[-0.0615,-0.0129]},"west":{"uv":[15.2627,11.4612],"uv_size":[0.0123,0.0388]}}},{"origin":[-1.07758,6.625,1.24372],"size":[0.625,0.375,0.125],"uv":{"east":{"uv":[15.0752,11.4612],"uv_size":[0.0123,0.0388]},"south":{"uv":[15.126,11.4612],"uv_size":[0.0615,0.0388]},"up":{"uv":[15.1865,11.0787],"uv_size":[-0.0615,-0.0129]},"west":{"uv":[15.3127,11.4612],"uv_size":[0.0123,0.0388]}}},{"origin":[-1.32758,7,0.86872],"size":[0.875,0.5,0.375],"uv":{"down":{"uv":[15.2111,10.8678],"uv_size":[-0.0861,-0.0388]},"east":{"uv":[15.0881,11.4087],"uv_size":[0.0369,0.0518]},"north":{"uv":[15.1889,11.4087],"uv_size":[0.0861,0.0518]},"south":{"uv":[15.1264,11.4087],"uv_size":[0.0861,0.0518]},"up":{"uv":[15.2111,11.0652],"uv_size":[-0.0861,-0.0388]},"west":{"uv":[15.2756,11.4087],"uv_size":[0.0369,0.0518]}}},{"origin":[-1.20258,7,0.74372],"size":[0.625,0.5,0.125],"uv":{"down":{"uv":[15.199,10.8814],"uv_size":[-0.0615,-0.0129]},"east":{"uv":[15.1252,11.4087],"uv_size":[0.0123,0.0518]},"north":{"uv":[15.201,11.4087],"uv_size":[0.0615,0.0518]},"up":{"uv":[15.199,11.0261],"uv_size":[-0.0615,-0.0129]},"west":{"uv":[15.2627,11.4087],"uv_size":[0.0123,0.0518]}}},{"origin":[-1.20258,7,1.24372],"size":[0.625,0.5,0.125],"uv":{"down":{"uv":[15.199,10.8287],"uv_size":[-0.0615,-0.0129]},"east":{"uv":[15.0752,11.4087],"uv_size":[0.0123,0.0518]},"south":{"uv":[15.1385,11.4087],"uv_size":[0.0615,0.0518]},"up":{"uv":[15.199,11.0787],"uv_size":[-0.0615,-0.0129]},"west":{"uv":[15.3127,11.4087],"uv_size":[0.0123,0.0518]}}},{"origin":[-1.57758,7.5,0.86872],"size":[1,0.125,0.375],"uv":{"down":{"uv":[15.2359,10.8678],"uv_size":[-0.0984,-0.0388]},"east":{"uv":[15.0881,11.3949],"uv_size":[0.0369,0.0129]},"north":{"uv":[15.1641,11.3949],"uv_size":[0.0984,0.0129]},"south":{"uv":[15.1391,11.3949],"uv_size":[0.0984,0.0129]},"up":{"uv":[15.2359,11.0652],"uv_size":[-0.0984,-0.0388]},"west":{"uv":[15.2756,11.3949],"uv_size":[0.0369,0.0129]}}},{"origin":[-1.45258,7.5,0.74372],"size":[0.75,0.125,0.125],"uv":{"down":{"uv":[15.2238,10.8814],"uv_size":[-0.0738,-0.0129]},"east":{"uv":[15.1252,11.3949],"uv_size":[0.0123,0.0129]},"north":{"uv":[15.1762,11.3949],"uv_size":[0.0738,0.0129]},"up":{"uv":[15.2238,11.0261],"uv_size":[-0.0738,-0.0129]},"west":{"uv":[15.2627,11.3949],"uv_size":[0.0123,0.0129]}}},{"origin":[-1.45258,7.5,1.24372],"size":[0.75,0.125,0.125],"uv":{"down":{"uv":[15.2238,10.8287],"uv_size":[-0.0738,-0.0129]},"east":{"uv":[15.0752,11.3949],"uv_size":[0.0123,0.0129]},"south":{"uv":[15.1512,11.3949],"uv_size":[0.0738,0.0129]},"up":{"uv":[15.2238,11.0787],"uv_size":[-0.0738,-0.0129]},"west":{"uv":[15.3127,11.3949],"uv_size":[0.0123,0.0129]}}},{"origin":[-1.82758,7.625,0.86872],"size":[1.125,0.125,0.375],"uv":{"down":{"uv":[15.2607,10.8678],"uv_size":[-0.1107,-0.0388]},"east":{"uv":[15.0881,11.3818],"uv_size":[0.0369,0.0129]},"north":{"uv":[15.1393,11.3818],"uv_size":[0.1107,0.0129]},"south":{"uv":[15.1518,11.3818],"uv_size":[0.1107,0.0129]},"up":{"uv":[15.2607,11.0652],"uv_size":[-0.1107,-0.0388]},"west":{"uv":[15.2756,11.3818],"uv_size":[0.0369,0.0129]}}},{"origin":[-1.95258,8,0.86872],"size":[1.25,0.125,0.375],"uv":{"down":{"uv":[15.273,10.8678],"uv_size":[-0.123,-0.0388]},"east":{"uv":[15.0881,11.3423],"uv_size":[0.0369,0.0129]},"north":{"uv":[15.127,11.3423],"uv_size":[0.123,0.0129]},"south":{"uv":[15.152,11.3423],"uv_size":[0.123,0.0129]},"west":{"uv":[15.2756,11.3423],"uv_size":[0.0369,0.0129]}}},{"origin":[-3.07758,8.125,0.74372],"size":[2.375,0.125,0.125],"uv":{"down":{"uv":[15.3837,10.8814],"uv_size":[-0.2337,-0.0129]},"east":{"uv":[15.1252,11.3292],"uv_size":[0.0123,0.0129]},"north":{"uv":[15.0163,11.3292],"uv_size":[0.2337,0.0129]},"west":{"uv":[15.2627,11.3292],"uv_size":[0.0123,0.0129]}}},{"origin":[-3.07758,8.125,1.24372],"size":[2.375,0.125,0.125],"uv":{"down":{"uv":[15.3837,10.8287],"uv_size":[-0.2337,-0.0129]},"east":{"uv":[15.0752,11.3292],"uv_size":[0.0123,0.0129]},"south":{"uv":[15.1538,11.3292],"uv_size":[0.2337,0.0129]},"west":{"uv":[15.3127,11.3292],"uv_size":[0.0123,0.0129]}}},{"origin":[-1.70258,7.625,0.74372],"size":[0.875,0.125,0.125],"uv":{"down":{"uv":[15.2486,10.8814],"uv_size":[-0.0861,-0.0129]},"east":{"uv":[15.1252,11.3818],"uv_size":[0.0123,0.0129]},"north":{"uv":[15.1514,11.3818],"uv_size":[0.0861,0.0129]},"up":{"uv":[15.2486,11.0261],"uv_size":[-0.0861,-0.0129]},"west":{"uv":[15.2627,11.3818],"uv_size":[0.0123,0.0129]}}},{"origin":[-1.70258,7.625,1.24372],"size":[0.875,0.125,0.125],"uv":{"down":{"uv":[15.2486,10.8287],"uv_size":[-0.0861,-0.0129]},"east":{"uv":[15.0752,11.3818],"uv_size":[0.0123,0.0129]},"south":{"uv":[15.1639,11.3818],"uv_size":[0.0861,0.0129]},"up":{"uv":[15.2486,11.0787],"uv_size":[-0.0861,-0.0129]},"west":{"uv":[15.3127,11.3818],"uv_size":[0.0123,0.0129]}}},{"origin":[-1.82758,7.75,0.86872],"size":[1,0.25,0.375],"uv":{"east":{"uv":[15.0881,11.3557],"uv_size":[0.0369,0.0259]},"north":{"uv":[15.1391,11.3557],"uv_size":[0.0984,0.0259]},"south":{"uv":[15.1641,11.3557],"uv_size":[0.0984,0.0259]},"west":{"uv":[15.2756,11.3557],"uv_size":[0.0369,0.0259]}}},{"origin":[-1.82758,8,0.74372],"size":[1,0.125,0.125],"uv":{"down":{"uv":[15.2609,10.8814],"uv_size":[-0.0984,-0.0129]},"east":{"uv":[15.1252,11.3423],"uv_size":[0.0123,0.0129]},"north":{"uv":[15.1391,11.3423],"uv_size":[0.0984,0.0129]},"west":{"uv":[15.2627,11.3423],"uv_size":[0.0123,0.0129]}}},{"origin":[-1.82758,8,1.24372],"size":[1,0.125,0.125],"uv":{"down":{"uv":[15.2609,10.8287],"uv_size":[-0.0984,-0.0129]},"east":{"uv":[15.0752,11.3423],"uv_size":[0.0123,0.0129]},"south":{"uv":[15.1641,11.3423],"uv_size":[0.0984,0.0129]},"west":{"uv":[15.3127,11.3423],"uv_size":[0.0123,0.0129]}}},{"origin":[-1.70258,7.75,0.74372],"size":[0.75,0.25,0.125],"uv":{"east":{"uv":[15.1252,11.3557],"uv_size":[0.0123,0.0259]},"north":{"uv":[15.1512,11.3557],"uv_size":[0.0738,0.0259]},"west":{"uv":[15.2627,11.3557],"uv_size":[0.0123,0.0259]}}},{"origin":[-1.70258,7.75,1.24372],"size":[0.75,0.25,0.125],"uv":{"east":{"uv":[15.0752,11.3557],"uv_size":[0.0123,0.0259]},"south":{"uv":[15.1762,11.3557],"uv_size":[0.0738,0.0259]},"west":{"uv":[15.3127,11.3557],"uv_size":[0.0123,0.0259]}}},{"origin":[-1.20258,6.875,0.74372],"size":[0.125,0.125,0.125],"uv":{"down":{"uv":[15.1998,10.8814],"uv_size":[-0.0123,-0.0129]},"east":{"uv":[15.1252,11.4607],"uv_size":[0.0123,0.0129]},"north":{"uv":[15.2002,11.4607],"uv_size":[0.0123,0.0129]}}},{"origin":[-1.20258,6.875,1.24372],"size":[0.125,0.125,0.125],"uv":{"down":{"uv":[15.1998,10.8287],"uv_size":[-0.0123,-0.0129]},"east":{"uv":[15.0752,11.4607],"uv_size":[0.0123,0.0129]},"south":{"uv":[15.1877,11.4607],"uv_size":[0.0123,0.0129]}}},{"origin":[-1.32758,6.875,0.86872],"size":[0.125,0.125,0.375],"uv":{"down":{"uv":[15.2123,10.8678],"uv_size":[-0.0123,-0.0388]},"east":{"uv":[15.0881,11.4607],"uv_size":[0.0369,0.0129]},"north":{"uv":[15.1877,11.4607],"uv_size":[0.0123,0.0129]},"south":{"uv":[15.2002,11.4607],"uv_size":[0.0123,0.0129]}}},{"origin":[-1.32758,7.125,0.74372],"size":[0.125,0.375,0.125],"uv":{"down":{"uv":[15.2123,10.8814],"uv_size":[-0.0123,-0.0129]},"east":{"uv":[15.1252,11.4085],"uv_size":[0.0123,0.0388]},"north":{"uv":[15.1877,11.4085],"uv_size":[0.0123,0.0388]}}},{"origin":[-1.32758,7.125,1.24372],"size":[0.125,0.375,0.125],"uv":{"down":{"uv":[15.2123,10.8287],"uv_size":[-0.0123,-0.0129]},"east":{"uv":[15.0752,11.4085],"uv_size":[0.0123,0.0388]},"south":{"uv":[15.2002,11.4085],"uv_size":[0.0123,0.0388]}}},{"origin":[-1.45258,7.125,0.86872],"size":[0.125,0.375,0.375],"uv":{"down":{"uv":[15.2248,10.8678],"uv_size":[-0.0123,-0.0388]},"east":{"uv":[15.0881,11.4085],"uv_size":[0.0369,0.0388]},"north":{"uv":[15.1752,11.4085],"uv_size":[0.0123,0.0388]},"south":{"uv":[15.2127,11.4085],"uv_size":[0.0123,0.0388]}}},{"origin":[-1.45258,7.375,0.74372],"size":[0.125,0.125,0.125],"uv":{"down":{"uv":[15.2248,10.8814],"uv_size":[-0.0123,-0.0129]},"east":{"uv":[15.1252,11.4081],"uv_size":[0.0123,0.0129]},"north":{"uv":[15.1752,11.4081],"uv_size":[0.0123,0.0129]}}},{"origin":[-1.45258,7.375,1.24372],"size":[0.125,0.125,0.125],"uv":{"down":{"uv":[15.2248,10.8287],"uv_size":[-0.0123,-0.0129]},"east":{"uv":[15.0752,11.4081],"uv_size":[0.0123,0.0129]},"south":{"uv":[15.2127,11.4081],"uv_size":[0.0123,0.0129]}}},{"origin":[-1.57758,7.375,0.86872],"size":[0.125,0.125,0.375],"uv":{"down":{"uv":[15.2373,10.8678],"uv_size":[-0.0123,-0.0388]},"east":{"uv":[15.0881,11.4081],"uv_size":[0.0369,0.0129]},"north":{"uv":[15.1627,11.4081],"uv_size":[0.0123,0.0129]},"south":{"uv":[15.2252,11.4081],"uv_size":[0.0123,0.0129]}}},{"origin":[-4.20258,9.125,0.86872],"size":[2.625,0.125,0.375],"uv":{"east":{"uv":[15.0881,9.5397],"uv_size":[0.0369,0.0129]},"north":{"uv":[14.9042,9.5397],"uv_size":[0.2583,0.0129]},"south":{"uv":[15.2417,9.5397],"uv_size":[0.2583,0.0129]},"up":{"uv":[15.4958,9.3809],"uv_size":[-0.2583,-0.0388]},"west":{"uv":[15.2756,9.5397],"uv_size":[0.0369,0.0129]}}},{"origin":[-1.82758,6.5,0.86872],"size":[0.125,0.25,0.375],"uv":{"down":{"uv":[15.2623,10.8678],"uv_size":[-0.0123,-0.0388]},"east":{"uv":[15.0881,11.4873],"uv_size":[0.0369,0.0259]},"north":{"uv":[15.1377,11.4873],"uv_size":[0.0123,0.0259]},"south":{"uv":[15.2502,11.4873],"uv_size":[0.0123,0.0259]},"up":{"uv":[15.2623,11.0652],"uv_size":[-0.0123,-0.0388]},"west":{"uv":[15.2756,11.4873],"uv_size":[0.0369,0.0259]}}},{"origin":[-1.95258,6.625,0.86872],"size":[0.125,0.25,0.375],"uv":{"down":{"uv":[15.2748,10.8678],"uv_size":[-0.0123,-0.0388]},"east":{"uv":[15.0881,11.4741],"uv_size":[0.0369,0.0259]},"north":{"uv":[15.1252,11.4741],"uv_size":[0.0123,0.0259]},"south":{"uv":[15.2627,11.4741],"uv_size":[0.0123,0.0259]},"up":{"uv":[15.2748,11.0652],"uv_size":[-0.0123,-0.0388]},"west":{"uv":[15.2756,11.4741],"uv_size":[0.0369,0.0259]}}},{"origin":[-2.07758,7.625,0.99372],"size":[0.25,0.375,0.125],"uv":{"down":{"uv":[15.2871,9.1708],"uv_size":[-0.0246,-0.0129]},"east":{"uv":[15.1002,9.6717],"uv_size":[0.0123,0.0388]},"north":{"uv":[15.1129,9.6717],"uv_size":[0.0246,0.0388]},"south":{"uv":[15.2629,9.6717],"uv_size":[0.0246,0.0388]},"up":{"uv":[15.2871,9.3682],"uv_size":[-0.0246,-0.0129]},"west":{"uv":[15.2877,9.6717],"uv_size":[0.0123,0.0388]}}},{"origin":[-2.07758,6.75,0.86872],"size":[0.125,0.25,0.375],"uv":{"down":{"uv":[15.2873,10.8678],"uv_size":[-0.0123,-0.0388]},"east":{"uv":[15.0881,11.4609],"uv_size":[0.0369,0.0259]},"north":{"uv":[15.1127,11.4609],"uv_size":[0.0123,0.0259]},"south":{"uv":[15.2752,11.4609],"uv_size":[0.0123,0.0259]},"up":{"uv":[15.2873,11.0652],"uv_size":[-0.0123,-0.0388]},"west":{"uv":[15.2756,11.4609],"uv_size":[0.0369,0.0259]}}},{"origin":[-2.07758,8,0.99372],"size":[0.125,0.125,0.125],"uv":{"east":{"uv":[15.1002,9.6581],"uv_size":[0.0123,0.0129]},"north":{"uv":[15.1127,9.6581],"uv_size":[0.0123,0.0129]},"south":{"uv":[15.2752,9.6581],"uv_size":[0.0123,0.0129]}}},{"origin":[-4.32758,8.5,0.61872],"size":[2.375,0.375,0.125],"uv":{"down":{"uv":[15.5087,9.2103],"uv_size":[-0.2337,-0.0129]},"east":{"uv":[15.1377,9.5796],"uv_size":[0.0123,0.0388]},"north":{"uv":[14.8913,9.5796],"uv_size":[0.2337,0.0388]},"south":{"uv":[15.2788,9.5796],"uv_size":[0.2337,0.0388]},"up":{"uv":[15.5087,9.3287],"uv_size":[-0.2337,-0.0129]}}},{"origin":[-5.07758,8.5,0.86872],"size":[3.125,0.25,0.375],"uv":{"down":{"uv":[15.5825,9.1836],"uv_size":[-0.3075,-0.0388]},"north":{"uv":[14.8175,9.5925],"uv_size":[0.3075,0.0259]},"south":{"uv":[15.28,9.5925],"uv_size":[0.3075,0.0259]},"west":{"uv":[15.2756,9.5925],"uv_size":[0.0369,0.0259]}}},{"origin":[-4.32758,8.5,1.36872],"size":[2.375,0.375,0.125],"uv":{"down":{"uv":[15.5087,9.1314],"uv_size":[-0.2337,-0.0129]},"east":{"uv":[15.0627,9.5796],"uv_size":[0.0123,0.0388]},"north":{"uv":[14.8913,9.5796],"uv_size":[0.2337,0.0388]},"south":{"uv":[15.2788,9.5796],"uv_size":[0.2337,0.0388]},"up":{"uv":[15.5087,9.4077],"uv_size":[-0.2337,-0.0129]},"west":{"uv":[15.3252,9.5796],"uv_size":[0.0123,0.0388]}}},{"origin":[-5.07758,8.625,0.74372],"size":[3.125,0.125,0.125],"uv":{"down":{"uv":[15.5825,9.1972],"uv_size":[-0.3075,-0.0129]},"north":{"uv":[14.8175,9.5923],"uv_size":[0.3075,0.0129]}}},{"origin":[-5.07758,8.625,1.24372],"size":[3.125,0.125,0.125],"uv":{"down":{"uv":[15.5825,9.1445],"uv_size":[-0.3075,-0.0129]},"south":{"uv":[15.28,9.5923],"uv_size":[0.3075,0.0129]}}},{"origin":[-4.32758,8.875,0.74372],"size":[2.375,0.125,0.625],"uv":{"east":{"uv":[15.076,9.566],"uv_size":[0.0615,0.0129]},"north":{"uv":[14.8913,9.566],"uv_size":[0.2337,0.0129]},"south":{"uv":[15.2788,9.566],"uv_size":[0.2337,0.0129]},"up":{"uv":[15.5087,9.3937],"uv_size":[-0.2337,-0.0647]},"west":{"uv":[15.2635,9.566],"uv_size":[0.0615,0.0129]}}},{"origin":[-2.20258,6.875,0.86872],"size":[0.125,0.375,0.375],"uv":{"down":{"uv":[15.2998,10.8678],"uv_size":[-0.0123,-0.0388]},"east":{"uv":[15.0881,11.4348],"uv_size":[0.0369,0.0388]},"north":{"uv":[15.1002,11.4348],"uv_size":[0.0123,0.0388]},"south":{"uv":[15.2877,11.4348],"uv_size":[0.0123,0.0388]},"up":{"uv":[15.2998,11.0652],"uv_size":[-0.0123,-0.0388]},"west":{"uv":[15.2756,11.4348],"uv_size":[0.0369,0.0388]}}},{"origin":[-2.32758,7.125,0.86872],"size":[0.125,0.25,0.375],"uv":{"down":{"uv":[15.3123,10.8678],"uv_size":[-0.0123,-0.0388]},"east":{"uv":[15.0881,11.4215],"uv_size":[0.0369,0.0259]},"north":{"uv":[15.0877,11.4215],"uv_size":[0.0123,0.0259]},"south":{"uv":[15.3002,11.4215],"uv_size":[0.0123,0.0259]},"up":{"uv":[15.3123,11.0652],"uv_size":[-0.0123,-0.0388]},"west":{"uv":[15.2756,11.4215],"uv_size":[0.0369,0.0259]}}},{"origin":[-2.45258,7.25,0.86872],"size":[0.125,0.25,0.375],"uv":{"down":{"uv":[15.3248,10.8678],"uv_size":[-0.0123,-0.0388]},"east":{"uv":[15.0881,11.4083],"uv_size":[0.0369,0.0259]},"north":{"uv":[15.0752,11.4083],"uv_size":[0.0123,0.0259]},"south":{"uv":[15.3127,11.4083],"uv_size":[0.0123,0.0259]},"up":{"uv":[15.3248,11.0652],"uv_size":[-0.0123,-0.0388]},"west":{"uv":[15.2756,11.4083],"uv_size":[0.0369,0.0259]}}},{"origin":[-2.57758,7.375,0.86872],"size":[0.125,0.25,0.375],"uv":{"down":{"uv":[15.3373,10.8678],"uv_size":[-0.0123,-0.0388]},"east":{"uv":[15.0881,11.3952],"uv_size":[0.0369,0.0259]},"north":{"uv":[15.0627,11.3952],"uv_size":[0.0123,0.0259]},"south":{"uv":[15.3252,11.3952],"uv_size":[0.0123,0.0259]},"up":{"uv":[15.3373,11.0652],"uv_size":[-0.0123,-0.0388]},"west":{"uv":[15.2756,11.3952],"uv_size":[0.0369,0.0259]}}},{"origin":[-3.07758,8,0.86872],"size":[0.625,0.125,0.375],"uv":{"down":{"uv":[15.3865,10.8678],"uv_size":[-0.0615,-0.0388]},"east":{"uv":[15.0881,11.3423],"uv_size":[0.0369,0.0129]},"north":{"uv":[15.0135,11.3423],"uv_size":[0.0615,0.0129]},"south":{"uv":[15.326,11.3423],"uv_size":[0.0615,0.0129]},"west":{"uv":[15.2756,11.3423],"uv_size":[0.0369,0.0129]}}},{"origin":[-2.70258,7.5,0.86872],"size":[0.125,0.5,0.375],"uv":{"down":{"uv":[15.3498,10.8678],"uv_size":[-0.0123,-0.0388]},"east":{"uv":[15.0881,11.3561],"uv_size":[0.0369,0.0518]},"north":{"uv":[15.0502,11.3561],"uv_size":[0.0123,0.0518]},"south":{"uv":[15.3377,11.3561],"uv_size":[0.0123,0.0518]},"west":{"uv":[15.2756,11.3561],"uv_size":[0.0369,0.0518]}}},{"origin":[-2.82758,7.625,0.86872],"size":[0.125,0.375,0.375],"uv":{"down":{"uv":[15.3623,10.8678],"uv_size":[-0.0123,-0.0388]},"east":{"uv":[15.0881,11.3559],"uv_size":[0.0369,0.0388]},"north":{"uv":[15.0377,11.3559],"uv_size":[0.0123,0.0388]},"south":{"uv":[15.3502,11.3559],"uv_size":[0.0123,0.0388]}}},{"origin":[-2.95258,7.875,0.86872],"size":[0.125,0.125,0.375],"uv":{"down":{"uv":[15.3748,10.8678],"uv_size":[-0.0123,-0.0388]},"east":{"uv":[15.0881,11.3555],"uv_size":[0.0369,0.0129]},"north":{"uv":[15.0252,11.3555],"uv_size":[0.0123,0.0129]},"south":{"uv":[15.3627,11.3555],"uv_size":[0.0123,0.0129]}}},{"origin":[-4.82758,6.5,0.86872],"size":[0.75,0.5,0.375],"uv":{"down":{"uv":[15.5613,9.1836],"uv_size":[-0.0738,-0.0388]},"east":{"uv":[15.0881,9.7772],"uv_size":[0.0369,0.0518]},"north":{"uv":[14.8387,9.7772],"uv_size":[0.0738,0.0518]},"south":{"uv":[15.4887,9.7772],"uv_size":[0.0738,0.0518]},"up":{"uv":[15.5613,9.3809],"uv_size":[-0.0738,-0.0388]},"west":{"uv":[15.2756,9.7772],"uv_size":[0.0369,0.0518]}}},{"origin":[-4.70258,7,0.86872],"size":[0.625,0.25,0.375],"uv":{"east":{"uv":[15.0881,9.7504],"uv_size":[0.0369,0.0259]},"north":{"uv":[14.851,9.7504],"uv_size":[0.0615,0.0259]},"south":{"uv":[15.4885,9.7504],"uv_size":[0.0615,0.0259]},"up":{"uv":[15.549,9.3809],"uv_size":[-0.0615,-0.0388]},"west":{"uv":[15.2756,9.7504],"uv_size":[0.0369,0.0259]}}},{"origin":[-4.70258,7.625,0.86872],"size":[0.625,0.375,0.375],"uv":{"down":{"uv":[15.549,9.1836],"uv_size":[-0.0615,-0.0388]},"east":{"uv":[15.0881,9.6717],"uv_size":[0.0369,0.0388]},"north":{"uv":[14.851,9.6717],"uv_size":[0.0615,0.0388]},"south":{"uv":[15.4885,9.6717],"uv_size":[0.0615,0.0388]},"up":{"uv":[15.549,9.3809],"uv_size":[-0.0615,-0.0388]},"west":{"uv":[15.2756,9.6717],"uv_size":[0.0369,0.0388]}}},{"origin":[-4.70258,6.375,0.74372],"size":[0.5,0.625,0.125],"uv":{"down":{"uv":[15.5492,9.1972],"uv_size":[-0.0492,-0.0129]},"east":{"uv":[15.1252,9.7774],"uv_size":[0.0123,0.0647]},"north":{"uv":[14.8508,9.7774],"uv_size":[0.0492,0.0647]},"south":{"uv":[15.5008,9.7774],"uv_size":[0.0492,0.0647]},"up":{"uv":[15.5492,9.3419],"uv_size":[-0.0492,-0.0129]},"west":{"uv":[15.2627,9.7774],"uv_size":[0.0123,0.0647]}}},{"origin":[-4.82758,6.375,0.86872],"size":[0.625,0.125,0.375],"uv":{"down":{"uv":[15.5615,9.1836],"uv_size":[-0.0615,-0.0388]},"east":{"uv":[15.0881,9.8292],"uv_size":[0.0369,0.0129]},"north":{"uv":[14.8385,9.8292],"uv_size":[0.0615,0.0129]},"south":{"uv":[15.501,9.8292],"uv_size":[0.0615,0.0129]},"west":{"uv":[15.2756,9.8292],"uv_size":[0.0369,0.0129]}}},{"origin":[-4.70258,6.375,1.24372],"size":[0.5,0.625,0.125],"uv":{"down":{"uv":[15.5492,9.1445],"uv_size":[-0.0492,-0.0129]},"east":{"uv":[15.0752,9.7774],"uv_size":[0.0123,0.0647]},"north":{"uv":[14.8508,9.7774],"uv_size":[0.0492,0.0647]},"south":{"uv":[15.5008,9.7774],"uv_size":[0.0492,0.0647]},"up":{"uv":[15.5492,9.3945],"uv_size":[-0.0492,-0.0129]},"west":{"uv":[15.3127,9.7774],"uv_size":[0.0123,0.0647]}}},{"origin":[-4.57758,7,0.74372],"size":[0.375,1,0.125],"uv":{"east":{"uv":[15.1252,9.6727],"uv_size":[0.0123,0.1036]},"north":{"uv":[14.8631,9.6727],"uv_size":[0.0369,0.1036]},"south":{"uv":[15.5006,9.6727],"uv_size":[0.0369,0.1036]},"up":{"uv":[15.5369,9.3419],"uv_size":[-0.0369,-0.0129]},"west":{"uv":[15.2627,9.6727],"uv_size":[0.0123,0.1036]}}},{"origin":[-4.57758,7,1.24372],"size":[0.375,1,0.125],"uv":{"east":{"uv":[15.0752,9.6727],"uv_size":[0.0123,0.1036]},"north":{"uv":[14.8631,9.6727],"uv_size":[0.0369,0.1036]},"south":{"uv":[15.5006,9.6727],"uv_size":[0.0369,0.1036]},"up":{"uv":[15.5369,9.3945],"uv_size":[-0.0369,-0.0129]},"west":{"uv":[15.3127,9.6727],"uv_size":[0.0123,0.1036]}}},{"origin":[-4.70258,7.25,0.86872],"size":[0.5,0.375,0.375],"uv":{"east":{"uv":[15.0881,9.7112],"uv_size":[0.0369,0.0388]},"north":{"uv":[14.8508,9.7112],"uv_size":[0.0492,0.0388]},"south":{"uv":[15.5008,9.7112],"uv_size":[0.0492,0.0388]},"west":{"uv":[15.2756,9.7112],"uv_size":[0.0369,0.0388]}}},{"origin":[-4.45258,8,0.99372],"size":[0.25,0.125,0.125],"uv":{"east":{"uv":[15.1002,9.6581],"uv_size":[0.0123,0.0129]},"north":{"uv":[14.8754,9.6581],"uv_size":[0.0246,0.0129]},"south":{"uv":[15.5004,9.6581],"uv_size":[0.0246,0.0129]},"west":{"uv":[15.2877,9.6581],"uv_size":[0.0123,0.0129]}}},{"origin":[-5.07758,8.5,0.74372],"size":[0.75,0.125,0.125],"uv":{"down":{"uv":[15.5863,9.1972],"uv_size":[-0.0738,-0.0129]},"north":{"uv":[14.8137,9.6055],"uv_size":[0.0738,0.0129]}}},{"origin":[-5.07758,8.5,1.24372],"size":[0.75,0.125,0.125],"uv":{"down":{"uv":[15.5863,9.1445],"uv_size":[-0.0738,-0.0129]},"south":{"uv":[15.5137,9.6055],"uv_size":[0.0738,0.0129]}}},{"origin":[-5.20258,8.875,0.86872],"size":[0.875,0.125,0.375],"uv":{"down":{"uv":[15.5986,10.8678],"uv_size":[-0.0861,-0.0388]},"east":{"uv":[15.0881,11.2502],"uv_size":[0.0369,0.0129]},"north":{"uv":[14.8014,11.2502],"uv_size":[0.0861,0.0129]},"south":{"uv":[15.5139,11.2502],"uv_size":[0.0861,0.0129]},"up":{"uv":[15.5986,11.0652],"uv_size":[-0.0861,-0.0388]}}},{"origin":[-4.57758,8.25,0.86872],"size":[0.125,0.25,0.375],"uv":{"down":{"uv":[15.5373,10.8678],"uv_size":[-0.0123,-0.0388]},"east":{"uv":[15.0881,11.3031],"uv_size":[0.0369,0.0259]},"north":{"uv":[14.8627,11.3031],"uv_size":[0.0123,0.0259]},"south":{"uv":[15.5252,11.3031],"uv_size":[0.0123,0.0259]}}},{"origin":[-4.57758,8.375,0.74372],"size":[0.125,0.125,0.125],"uv":{"down":{"uv":[15.5373,10.8814],"uv_size":[-0.0123,-0.0129]},"east":{"uv":[15.1252,11.3028],"uv_size":[0.0123,0.0129]},"north":{"uv":[14.8627,11.3028],"uv_size":[0.0123,0.0129]}}},{"origin":[-4.57758,8.375,1.24372],"size":[0.125,0.125,0.125],"uv":{"down":{"uv":[15.5373,10.8287],"uv_size":[-0.0123,-0.0129]},"east":{"uv":[15.0752,11.3028],"uv_size":[0.0123,0.0129]},"south":{"uv":[15.5252,11.3028],"uv_size":[0.0123,0.0129]}}},{"origin":[-5.20258,8.375,0.86872],"size":[0.625,0.125,0.375],"uv":{"down":{"uv":[15.599,10.8678],"uv_size":[-0.0615,-0.0388]},"east":{"uv":[15.0881,11.3028],"uv_size":[0.0369,0.0129]},"north":{"uv":[14.801,11.3028],"uv_size":[0.0615,0.0129]},"south":{"uv":[15.5385,11.3028],"uv_size":[0.0615,0.0129]},"up":{"uv":[15.599,11.0652],"uv_size":[-0.0615,-0.0388]}}},{"origin":[-5.20258,8.5,0.74372],"size":[0.125,0.375,0.625],"uv":{"down":{"uv":[15.5998,10.8805],"uv_size":[-0.0123,-0.0647]},"east":{"uv":[15.076,11.2638],"uv_size":[0.0615,0.0388]},"north":{"uv":[14.8002,11.2638],"uv_size":[0.0123,0.0388]},"south":{"uv":[15.5877,11.2638],"uv_size":[0.0123,0.0388]},"up":{"uv":[15.5998,11.0779],"uv_size":[-0.0123,-0.0647]},"west":{"uv":[15.2635,11.2638],"uv_size":[0.0615,0.0388]}}},{"origin":[-7.07758,8.625,0.86872],"size":[1.875,0.25,0.375],"uv":{"down":{"uv":[15.7845,9.1836],"uv_size":[-0.1845,-0.0388]},"east":{"uv":[15.0881,9.5794],"uv_size":[0.0369,0.0259]},"north":{"uv":[14.6155,9.5794],"uv_size":[0.1845,0.0259]},"south":{"uv":[15.603,9.5794],"uv_size":[0.1845,0.0259]},"up":{"uv":[15.7845,9.3809],"uv_size":[-0.1845,-0.0388]}}},{"origin":[-7.45258,8.5,0.86872],"size":[1.375,0.125,0.375],"uv":{"down":{"uv":[15.8228,9.1836],"uv_size":[-0.1353,-0.0388]},"east":{"uv":[15.0881,9.6055],"uv_size":[0.0369,0.0129]},"north":{"uv":[14.5772,9.6055],"uv_size":[0.1353,0.0129]},"south":{"uv":[15.6897,9.6055],"uv_size":[0.1353,0.0129]},"up":{"uv":[15.8228,9.3809],"uv_size":[-0.1353,-0.0388]},"west":{"uv":[15.2756,9.6055],"uv_size":[0.0369,0.0129]}}},{"origin":[-7.45258,8.625,0.74372],"size":[1.375,0.25,0.125],"uv":{"down":{"uv":[15.8228,9.1972],"uv_size":[-0.1353,-0.0129]},"east":{"uv":[15.1252,9.5794],"uv_size":[0.0123,0.0259]},"north":{"uv":[14.5772,9.5794],"uv_size":[0.1353,0.0259]},"south":{"uv":[15.6897,9.5794],"uv_size":[0.1353,0.0259]},"up":{"uv":[15.8228,9.3419],"uv_size":[-0.1353,-0.0129]},"west":{"uv":[15.2627,9.5794],"uv_size":[0.0123,0.0259]}}},{"origin":[-7.45258,8.625,1.24372],"size":[1.375,0.25,0.125],"uv":{"down":{"uv":[15.8228,9.1445],"uv_size":[-0.1353,-0.0129]},"east":{"uv":[15.0752,9.5794],"uv_size":[0.0123,0.0259]},"north":{"uv":[14.5772,9.5794],"uv_size":[0.1353,0.0259]},"south":{"uv":[15.6897,9.5794],"uv_size":[0.1353,0.0259]},"up":{"uv":[15.8228,9.3945],"uv_size":[-0.1353,-0.0129]},"west":{"uv":[15.3127,9.5794],"uv_size":[0.0123,0.0259]}}},{"origin":[-7.45258,8.875,0.86872],"size":[1.375,0.125,0.375],"uv":{"down":{"uv":[15.8228,9.1836],"uv_size":[-0.1353,-0.0388]},"east":{"uv":[15.0881,9.566],"uv_size":[0.0369,0.0129]},"north":{"uv":[14.5772,9.566],"uv_size":[0.1353,0.0129]},"south":{"uv":[15.6897,9.566],"uv_size":[0.1353,0.0129]},"up":{"uv":[15.8228,9.3809],"uv_size":[-0.1353,-0.0388]},"west":{"uv":[15.2756,9.566],"uv_size":[0.0369,0.0129]}}}],"name":"geyser_custom_z","parent":"geyser_custom_y","pivot":[-0.01068,7.44253,1.0669],"rotation":[0,-90,0]}],"description":{"identifier":"geometry.geyser_custom.geo_23e0a29","texture_height":16,"texture_width":16,"visible_bounds_height":4.5,"visible_bounds_offset":[0,0.75,0],"visible_bounds_width":4}}]}