{"format_version":"1.16.0","minecraft:geometry":[{"bones":[{"name":"root","pivot":[0,0,0]},{"name":"waist","parent":"root","pivot":[0,12,0]},{"name":"body","parent":"waist","pivot":[0,24,0]},{"name":"rightArm","parent":"body","pivot":[-5,22,0]},{"locators":{"lead_hold":[-6,15,1]},"name":"rightItem","parent":"rightArm","pivot":[-6,15,1]},{"binding":"c.item_slot == 'head' ? 'head' : q.item_slot_to_bone_name(c.item_slot)","name":"geyser_custom","parent":"rightItem","pivot":[0,8,0]},{"name":"geyser_custom_x","parent":"geyser_custom","pivot":[0,8,0]},{"name":"geyser_custom_y","parent":"geyser_custom_x","pivot":[0,8,0]},{"cubes":[{"origin":[-0.5625,9.75,-9.75],"size":[0.5625,0.1875,3.1875],"uv":{"down":{"uv":[1,12.25],"uv_size":[0.625,-3.25]},"east":{"uv":[18,15],"uv_size":[3.25,0.25]},"north":{"uv":[3,36],"uv_size":[0.625,0.25]},"south":{"uv":[36,3],"uv_size":[0.625,0.25]},"up":{"uv":[9,0],"uv_size":[0.625,3.25]},"west":{"uv":[18,18],"uv_size":[3.25,0.25]}}},{"origin":[-0.5625,9.9375,-10.125],"size":[0.5625,0.375,0.1875],"uv":{"down":{"uv":[36,4.25],"uv_size":[0.625,-0.25]},"east":{"uv":[4,40],"uv_size":[0.25,0.375]},"north":{"uv":[5,34],"uv_size":[0.625,0.375]},"south":{"uv":[34,5],"uv_size":[0.625,0.375]},"up":{"uv":[4,36],"uv_size":[0.625,0.25]},"west":{"uv":[40,4],"uv_size":[0.25,0.375]}}},{"origin":[-0.5625,9.9375,-9.9375],"size":[0.5625,0.1875,0.1875],"uv":{"down":{"uv":[36,6.25],"uv_size":[0.625,-0.25]},"east":{"uv":[41,19],"uv_size":[0.25,0.25]},"north":{"uv":[5,36],"uv_size":[0.625,0.25]},"south":{"uv":[36,5],"uv_size":[0.625,0.25]},"up":{"uv":[6,36],"uv_size":[0.625,0.25]},"west":{"uv":[20,41],"uv_size":[0.25,0.25]}}},{"origin":[-0.75,9.1875,-10.125],"size":[0.9375,0.75,0.1875],"uv":{"down":{"uv":[30,9.25],"uv_size":[1,-0.25]},"east":{"uv":[35,22],"uv_size":[0.25,0.75]},"north":{"uv":[0,19],"uv_size":[1,0.75]},"south":{"uv":[1,19],"uv_size":[1,0.75]},"up":{"uv":[9,30],"uv_size":[1,0.25]},"west":{"uv":[23,35],"uv_size":[0.25,0.75]}}},{"origin":[-0.75,8.8125,-10.3125],"size":[0.9375,1.125,0.1875],"uv":{"down":{"uv":[11,30.25],"uv_size":[1,-0.25]},"east":{"uv":[29,16],"uv_size":[0.25,1.125]},"north":{"uv":[12,15],"uv_size":[1,1.125]},"south":{"uv":[13,15],"uv_size":[1,1.125]},"up":{"uv":[10,30],"uv_size":[1,0.25]},"west":{"uv":[17,29],"uv_size":[0.25,1.125]}}},{"origin":[-0.5625,9.1875,-9.9375],"size":[0.5625,0.375,0.1875],"uv":{"down":{"uv":[36,7.25],"uv_size":[0.625,-0.25]},"east":{"uv":[5,40],"uv_size":[0.25,0.375]},"north":{"uv":[6,34],"uv_size":[0.625,0.375]},"south":{"uv":[34,6],"uv_size":[0.625,0.375]},"up":{"uv":[7,36],"uv_size":[0.625,0.25]},"west":{"uv":[40,5],"uv_size":[0.25,0.375]}}},{"origin":[-0.5625,9.375,-9.75],"size":[0.5625,0.1875,2.25],"uv":{"down":{"uv":[9,15.25],"uv_size":[0.625,-2.25]},"east":{"uv":[22,22],"uv_size":[2.25,0.25]},"north":{"uv":[8,36],"uv_size":[0.625,0.25]},"south":{"uv":[36,8],"uv_size":[0.625,0.25]},"up":{"uv":[7,13],"uv_size":[0.625,2.25]},"west":{"uv":[0,23],"uv_size":[2.25,0.25]}}},{"origin":[-0.5625,9.1875,-7.5],"size":[0.5625,0.375,0.375],"uv":{"down":{"uv":[34,8.375],"uv_size":[0.625,-0.375]},"east":{"uv":[39,33],"uv_size":[0.375,0.375]},"north":{"uv":[7,34],"uv_size":[0.625,0.375]},"south":{"uv":[34,7],"uv_size":[0.625,0.375]},"up":{"uv":[8,34],"uv_size":[0.625,0.375]},"west":{"uv":[34,39],"uv_size":[0.375,0.375]}}},{"origin":[-0.5625,9,-7.125],"size":[0.5625,0.5625,0.375],"uv":{"down":{"uv":[34,10.375],"uv_size":[0.625,-0.375]},"east":{"uv":[9,34],"uv_size":[0.375,0.625]},"north":{"uv":[1,25],"uv_size":[0.625,0.625]},"south":{"uv":[2,25],"uv_size":[0.625,0.625]},"up":{"uv":[10,34],"uv_size":[0.625,0.375]},"west":{"uv":[34,9],"uv_size":[0.375,0.625]}}},{"origin":[-0.75,9.375,-6.75],"size":[0.9375,0.375,0.5625],"uv":{"down":{"uv":[20,10.625],"uv_size":[1,-0.625]},"east":{"uv":[11,34],"uv_size":[0.625,0.375]},"north":{"uv":[17,26],"uv_size":[1,0.375]},"south":{"uv":[26,17],"uv_size":[1,0.375]},"up":{"uv":[10,20],"uv_size":[1,0.625]},"west":{"uv":[34,11],"uv_size":[0.625,0.375]}}},{"origin":[-0.75,9.5625,-9.75],"size":[0.9375,0.1875,3],"uv":{"down":{"uv":[6,8],"uv_size":[1,-3]},"east":{"uv":[19,2],"uv_size":[3,0.25]},"north":{"uv":[12,30],"uv_size":[1,0.25]},"south":{"uv":[13,30],"uv_size":[1,0.25]},"up":{"uv":[1,6],"uv_size":[1,3]},"west":{"uv":[19,3],"uv_size":[3,0.25]}}},{"origin":[-0.75,9.5625,-6],"size":[0.9375,0.1875,0.75],"uv":{"down":{"uv":[5,19.75],"uv_size":[1,-0.75]},"east":{"uv":[35,23],"uv_size":[0.75,0.25]},"north":{"uv":[14,30],"uv_size":[1,0.25]},"south":{"uv":[30,14],"uv_size":[1,0.25]},"up":{"uv":[3,19],"uv_size":[1,0.75]},"west":{"uv":[24,35],"uv_size":[0.75,0.25]}}},{"origin":[-0.5625,9.75,-6],"size":[0.5625,0.1875,0.5625],"uv":{"down":{"uv":[25,3.625],"uv_size":[0.625,-0.625]},"east":{"uv":[36,9],"uv_size":[0.625,0.25]},"north":{"uv":[9,36],"uv_size":[0.625,0.25]},"south":{"uv":[10,36],"uv_size":[0.625,0.25]},"up":{"uv":[25,2],"uv_size":[0.625,0.625]},"west":{"uv":[36,10],"uv_size":[0.625,0.25]}}},{"origin":[-0.75,9.5625,-6.1875],"size":[0.9375,0.375,0.1875],"uv":{"down":{"uv":[30,15.25],"uv_size":[1,-0.25]},"east":{"uv":[6,40],"uv_size":[0.25,0.375]},"north":{"uv":[18,26],"uv_size":[1,0.375]},"south":{"uv":[26,18],"uv_size":[1,0.375]},"up":{"uv":[15,30],"uv_size":[1,0.25]},"west":{"uv":[40,6],"uv_size":[0.25,0.375]}}},{"origin":[-0.75,9.75,-6.375],"size":[0.9375,0.375,0.1875],"uv":{"down":{"uv":[30,17.25],"uv_size":[1,-0.25]},"east":{"uv":[7,40],"uv_size":[0.25,0.375]},"north":{"uv":[19,26],"uv_size":[1,0.375]},"south":{"uv":[26,19],"uv_size":[1,0.375]},"up":{"uv":[30,16],"uv_size":[1,0.25]},"west":{"uv":[40,7],"uv_size":[0.25,0.375]}}},{"origin":[-0.75,9.75,-6.5625],"size":[0.9375,0.5625,0.1875],"uv":{"down":{"uv":[30,18.25],"uv_size":[1,-0.25]},"east":{"uv":[11,36],"uv_size":[0.25,0.625]},"north":{"uv":[11,20],"uv_size":[1,0.625]},"south":{"uv":[20,11],"uv_size":[1,0.625]},"up":{"uv":[18,30],"uv_size":[1,0.25]},"west":{"uv":[36,11],"uv_size":[0.25,0.625]}}},{"origin":[-0.75,10.125,-6.75],"size":[0.9375,0.375,0.1875],"uv":{"down":{"uv":[30,19.25],"uv_size":[1,-0.25]},"east":{"uv":[8,40],"uv_size":[0.25,0.375]},"north":{"uv":[20,26],"uv_size":[1,0.375]},"south":{"uv":[26,20],"uv_size":[1,0.375]},"up":{"uv":[19,30],"uv_size":[1,0.25]},"west":{"uv":[40,8],"uv_size":[0.25,0.375]}}},{"origin":[-0.75,10.3125,-6.9375],"size":[0.9375,0.375,0.1875],"uv":{"down":{"uv":[30,21.25],"uv_size":[1,-0.25]},"east":{"uv":[9,40],"uv_size":[0.25,0.375]},"north":{"uv":[21,26],"uv_size":[1,0.375]},"south":{"uv":[26,21],"uv_size":[1,0.375]},"up":{"uv":[30,20],"uv_size":[1,0.25]},"west":{"uv":[40,9],"uv_size":[0.25,0.375]}}},{"origin":[-0.75,10.5,-7.125],"size":[0.9375,0.375,0.1875],"uv":{"down":{"uv":[30,23.25],"uv_size":[1,-0.25]},"east":{"uv":[10,40],"uv_size":[0.25,0.375]},"north":{"uv":[22,26],"uv_size":[1,0.375]},"south":{"uv":[26,22],"uv_size":[1,0.375]},"up":{"uv":[30,22],"uv_size":[1,0.25]},"west":{"uv":[40,10],"uv_size":[0.25,0.375]}}},{"origin":[-0.75,10.6875,-7.3125],"size":[0.9375,0.375,0.1875],"uv":{"down":{"uv":[30,24.25],"uv_size":[1,-0.25]},"east":{"uv":[11,40],"uv_size":[0.25,0.375]},"north":{"uv":[23,26],"uv_size":[1,0.375]},"south":{"uv":[26,23],"uv_size":[1,0.375]},"up":{"uv":[24,30],"uv_size":[1,0.25]},"west":{"uv":[40,11],"uv_size":[0.25,0.375]}}},{"origin":[-0.75,10.875,-9.375],"size":[0.9375,0.1875,2.0625],"uv":{"down":{"uv":[5,10.125],"uv_size":[1,-2.125]},"east":{"uv":[23,6],"uv_size":[2.125,0.25]},"north":{"uv":[30,25],"uv_size":[1,0.25]},"south":{"uv":[30,26],"uv_size":[1,0.25]},"up":{"uv":[4,8],"uv_size":[1,2.125]},"west":{"uv":[7,23],"uv_size":[2.125,0.25]}}},{"origin":[-0.5625,10.6875,-9.375],"size":[0.5625,0.1875,1.875],"uv":{"down":{"uv":[0,16.875],"uv_size":[0.625,-1.875]},"east":{"uv":[23,14],"uv_size":[1.875,0.25]},"north":{"uv":[12,36],"uv_size":[0.625,0.25]},"south":{"uv":[36,12],"uv_size":[0.625,0.25]},"up":{"uv":[10,14],"uv_size":[0.625,1.875]},"west":{"uv":[23,15],"uv_size":[1.875,0.25]}}},{"origin":[-0.5625,10.5,-7.5],"size":[0.5625,0.375,0.1875],"uv":{"down":{"uv":[36,13.25],"uv_size":[0.625,-0.25]},"east":{"uv":[12,40],"uv_size":[0.25,0.375]},"north":{"uv":[12,34],"uv_size":[0.625,0.375]},"south":{"uv":[34,12],"uv_size":[0.625,0.375]},"up":{"uv":[13,36],"uv_size":[0.625,0.25]},"west":{"uv":[40,12],"uv_size":[0.25,0.375]}}},{"origin":[-0.5625,10.125,-7.3125],"size":[0.5625,0.5625,0.1875],"uv":{"down":{"uv":[36,15.25],"uv_size":[0.625,-0.25]},"east":{"uv":[14,36],"uv_size":[0.25,0.625]},"north":{"uv":[4,25],"uv_size":[0.625,0.625]},"south":{"uv":[5,25],"uv_size":[0.625,0.625]},"up":{"uv":[15,36],"uv_size":[0.625,0.25]},"west":{"uv":[36,14],"uv_size":[0.25,0.625]}}},{"origin":[-0.5625,9.9375,-7.125],"size":[0.5625,0.5625,0.1875],"uv":{"down":{"uv":[36,17.25],"uv_size":[0.625,-0.25]},"east":{"uv":[16,36],"uv_size":[0.25,0.625]},"north":{"uv":[25,5],"uv_size":[0.625,0.625]},"south":{"uv":[8,25],"uv_size":[0.625,0.625]},"up":{"uv":[17,36],"uv_size":[0.625,0.25]},"west":{"uv":[36,16],"uv_size":[0.25,0.625]}}},{"origin":[-0.5625,9.9375,-6.9375],"size":[0.5625,0.375,0.1875],"uv":{"down":{"uv":[36,18.25],"uv_size":[0.625,-0.25]},"east":{"uv":[13,40],"uv_size":[0.25,0.375]},"north":{"uv":[13,34],"uv_size":[0.625,0.375]},"south":{"uv":[34,13],"uv_size":[0.625,0.375]},"up":{"uv":[18,36],"uv_size":[0.625,0.25]},"west":{"uv":[40,13],"uv_size":[0.25,0.375]}}},{"origin":[-0.5625,9.9375,-6.75],"size":[0.5625,0.1875,0.1875],"uv":{"down":{"uv":[36,20.25],"uv_size":[0.625,-0.25]},"east":{"uv":[41,20],"uv_size":[0.25,0.25]},"north":{"uv":[19,36],"uv_size":[0.625,0.25]},"south":{"uv":[36,19],"uv_size":[0.625,0.25]},"up":{"uv":[20,36],"uv_size":[0.625,0.25]},"west":{"uv":[21,41],"uv_size":[0.25,0.25]}}},{"origin":[-0.75,9.75,-5.4375],"size":[0.9375,0.1875,0.75],"uv":{"down":{"uv":[7,19.75],"uv_size":[1,-0.75]},"east":{"uv":[35,24],"uv_size":[0.75,0.25]},"north":{"uv":[27,30],"uv_size":[1,0.25]},"south":{"uv":[30,27],"uv_size":[1,0.25]},"up":{"uv":[6,19],"uv_size":[1,0.75]},"west":{"uv":[25,35],"uv_size":[0.75,0.25]}}},{"origin":[-0.5625,9.9375,-5.4375],"size":[0.5625,0.1875,0.5625],"uv":{"down":{"uv":[25,9.625],"uv_size":[0.625,-0.625]},"east":{"uv":[36,21],"uv_size":[0.625,0.25]},"north":{"uv":[21,36],"uv_size":[0.625,0.25]},"south":{"uv":[22,36],"uv_size":[0.625,0.25]},"up":{"uv":[9,25],"uv_size":[0.625,0.625]},"west":{"uv":[36,22],"uv_size":[0.625,0.25]}}},{"origin":[-0.75,9.9375,-4.875],"size":[0.9375,0.1875,1.6875],"uv":{"down":{"uv":[0,12.75],"uv_size":[1,-1.75]},"east":{"uv":[21,24],"uv_size":[1.75,0.25]},"north":{"uv":[28,30],"uv_size":[1,0.25]},"south":{"uv":[30,28],"uv_size":[1,0.25]},"up":{"uv":[10,10],"uv_size":[1,1.75]},"west":{"uv":[24,21],"uv_size":[1.75,0.25]}}},{"origin":[-0.5625,10.125,-4.875],"size":[0.5625,0.1875,0.5625],"uv":{"down":{"uv":[25,11.625],"uv_size":[0.625,-0.625]},"east":{"uv":[36,23],"uv_size":[0.625,0.25]},"north":{"uv":[23,36],"uv_size":[0.625,0.25]},"south":{"uv":[24,36],"uv_size":[0.625,0.25]},"up":{"uv":[25,10],"uv_size":[0.625,0.625]},"west":{"uv":[36,24],"uv_size":[0.625,0.25]}}},{"origin":[-0.75,10.125,-4.3125],"size":[0.9375,0.1875,2.4375],"uv":{"down":{"uv":[2,10.5],"uv_size":[1,-2.5]},"east":{"uv":[12,20],"uv_size":[2.5,0.25]},"north":{"uv":[29,30],"uv_size":[1,0.25]},"south":{"uv":[30,30],"uv_size":[1,0.25]},"up":{"uv":[8,0],"uv_size":[1,2.5]},"west":{"uv":[20,12],"uv_size":[2.5,0.25]}}},{"origin":[-0.5625,10.3125,-4.3125],"size":[0.5625,0.1875,2.4375],"uv":{"down":{"uv":[11,5.5],"uv_size":[0.625,-2.5]},"east":{"uv":[20,13],"uv_size":[2.5,0.25]},"north":{"uv":[25,36],"uv_size":[0.625,0.25]},"south":{"uv":[36,25],"uv_size":[0.625,0.25]},"up":{"uv":[3,11],"uv_size":[0.625,2.5]},"west":{"uv":[20,14],"uv_size":[2.5,0.25]}}},{"origin":[-0.5625,9.1875,-6.75],"size":[0.5625,0.1875,0.1875],"uv":{"down":{"uv":[36,27.25],"uv_size":[0.625,-0.25]},"east":{"uv":[41,21],"uv_size":[0.25,0.25]},"north":{"uv":[26,36],"uv_size":[0.625,0.25]},"south":{"uv":[36,26],"uv_size":[0.625,0.25]},"up":{"uv":[27,36],"uv_size":[0.625,0.25]},"west":{"uv":[22,41],"uv_size":[0.25,0.25]}}},{"origin":[-0.75,9.5625,-9.9375],"size":[0.9375,0.375,0.1875],"uv":{"down":{"uv":[31,0.25],"uv_size":[1,-0.25]},"east":{"uv":[14,40],"uv_size":[0.25,0.375]},"north":{"uv":[24,26],"uv_size":[1,0.375]},"south":{"uv":[26,24],"uv_size":[1,0.375]},"up":{"uv":[0,31],"uv_size":[1,0.25]},"west":{"uv":[40,14],"uv_size":[0.25,0.375]}}},{"origin":[-0.5625,8.8125,-10.125],"size":[0.5625,0.375,0.1875],"uv":{"down":{"uv":[36,28.25],"uv_size":[0.625,-0.25]},"east":{"uv":[15,40],"uv_size":[0.25,0.375]},"north":{"uv":[14,34],"uv_size":[0.625,0.375]},"south":{"uv":[34,14],"uv_size":[0.625,0.375]},"up":{"uv":[28,36],"uv_size":[0.625,0.25]},"west":{"uv":[40,15],"uv_size":[0.25,0.375]}}},{"origin":[-0.75,8.4375,-2.8125],"size":[0.9375,1.125,1.125],"uv":{"down":{"uv":[2,17.125],"uv_size":[1,-1.125]},"east":{"uv":[14,7],"uv_size":[1.125,1.125]},"north":{"uv":[14,15],"uv_size":[1,1.125]},"south":{"uv":[15,15],"uv_size":[1,1.125]},"up":{"uv":[16,0],"uv_size":[1,1.125]},"west":{"uv":[14,9],"uv_size":[1.125,1.125]}}},{"origin":[-0.75,8.625,-3.5625],"size":[0.9375,0.375,0.75],"uv":{"down":{"uv":[19,8.75],"uv_size":[1,-0.75]},"east":{"uv":[18,29],"uv_size":[0.75,0.375]},"north":{"uv":[25,26],"uv_size":[1,0.375]},"south":{"uv":[26,25],"uv_size":[1,0.375]},"up":{"uv":[8,19],"uv_size":[1,0.75]},"west":{"uv":[29,18],"uv_size":[0.75,0.375]}}},{"origin":[-0.75,9,-3],"size":[0.9375,0.5625,0.1875],"uv":{"down":{"uv":[31,1.25],"uv_size":[1,-0.25]},"east":{"uv":[29,36],"uv_size":[0.25,0.625]},"north":{"uv":[15,20],"uv_size":[1,0.625]},"south":{"uv":[16,20],"uv_size":[1,0.625]},"up":{"uv":[1,31],"uv_size":[1,0.25]},"west":{"uv":[36,29],"uv_size":[0.25,0.625]}}},{"origin":[-0.75,9.1875,-3.75],"size":[0.9375,0.375,0.75],"uv":{"down":{"uv":[19,11.75],"uv_size":[1,-0.75]},"east":{"uv":[19,29],"uv_size":[0.75,0.375]},"north":{"uv":[26,26],"uv_size":[1,0.375]},"south":{"uv":[0,27],"uv_size":[1,0.375]},"up":{"uv":[19,9],"uv_size":[1,0.75]},"west":{"uv":[29,19],"uv_size":[0.75,0.375]}}},{"origin":[-0.75,9.375,-4.6875],"size":[0.9375,0.1875,0.9375],"uv":{"down":{"uv":[17,5],"uv_size":[1,-1]},"east":{"uv":[31,2],"uv_size":[1,0.25]},"north":{"uv":[2,31],"uv_size":[1,0.25]},"south":{"uv":[3,31],"uv_size":[1,0.25]},"up":{"uv":[12,7],"uv_size":[1,1]},"west":{"uv":[31,3],"uv_size":[1,0.25]}}},{"origin":[-0.75,8.8125,-5.0625],"size":[0.9375,0.5625,0.75],"uv":{"down":{"uv":[13,19.75],"uv_size":[1,-0.75]},"east":{"uv":[16,23],"uv_size":[0.75,0.625]},"north":{"uv":[17,20],"uv_size":[1,0.625]},"south":{"uv":[18,20],"uv_size":[1,0.625]},"up":{"uv":[19,12],"uv_size":[1,0.75]},"west":{"uv":[23,16],"uv_size":[0.75,0.625]}}},{"origin":[-0.75,8.8125,-4.125],"size":[0.9375,0.1875,0.5625],"uv":{"down":{"uv":[20,19.625],"uv_size":[1,-0.625]},"east":{"uv":[30,36],"uv_size":[0.625,0.25]},"north":{"uv":[4,31],"uv_size":[1,0.25]},"south":{"uv":[31,4],"uv_size":[1,0.25]},"up":{"uv":[19,20],"uv_size":[1,0.625]},"west":{"uv":[36,30],"uv_size":[0.625,0.25]}}},{"origin":[-0.75,8.8125,-4.3125],"size":[0.9375,0.375,0.1875],"uv":{"down":{"uv":[31,6.25],"uv_size":[1,-0.25]},"east":{"uv":[16,40],"uv_size":[0.25,0.375]},"north":{"uv":[27,0],"uv_size":[1,0.375]},"south":{"uv":[1,27],"uv_size":[1,0.375]},"up":{"uv":[31,5],"uv_size":[1,0.25]},"west":{"uv":[40,16],"uv_size":[0.25,0.375]}}},{"origin":[-0.5625,8.0625,-1.875],"size":[0.5625,0.375,0.1875],"uv":{"down":{"uv":[36,31.25],"uv_size":[0.625,-0.25]},"east":{"uv":[17,40],"uv_size":[0.25,0.375]},"north":{"uv":[15,34],"uv_size":[0.625,0.375]},"south":{"uv":[34,15],"uv_size":[0.625,0.375]},"up":{"uv":[31,36],"uv_size":[0.625,0.25]},"west":{"uv":[40,17],"uv_size":[0.25,0.375]}}},{"origin":[-0.5625,8.25,-2.0625],"size":[0.5625,0.1875,0.1875],"uv":{"down":{"uv":[36,33.25],"uv_size":[0.625,-0.25]},"east":{"uv":[41,22],"uv_size":[0.25,0.25]},"north":{"uv":[32,36],"uv_size":[0.625,0.25]},"south":{"uv":[36,32],"uv_size":[0.625,0.25]},"up":{"uv":[33,36],"uv_size":[0.625,0.25]},"west":{"uv":[23,41],"uv_size":[0.25,0.25]}}},{"origin":[-0.5625,8.0625,-1.6875],"size":[0.5625,0.1875,0.375],"uv":{"down":{"uv":[34,16.375],"uv_size":[0.625,-0.375]},"east":{"uv":[18,40],"uv_size":[0.375,0.25]},"north":{"uv":[34,36],"uv_size":[0.625,0.25]},"south":{"uv":[36,34],"uv_size":[0.625,0.25]},"up":{"uv":[16,34],"uv_size":[0.625,0.375]},"west":{"uv":[40,18],"uv_size":[0.375,0.25]}}},{"origin":[-0.75,9.1875,-1.5],"size":[0.9375,0.5625,0.9375],"uv":{"down":{"uv":[14,18],"uv_size":[1,-1]},"east":{"uv":[0,21],"uv_size":[1,0.625]},"north":{"uv":[20,20],"uv_size":[1,0.625]},"south":{"uv":[1,21],"uv_size":[1,0.625]},"up":{"uv":[13,17],"uv_size":[1,1]},"west":{"uv":[2,21],"uv_size":[1,0.625]}}},{"origin":[-0.75,9.375,-0.5625],"size":[0.9375,0.5625,0.1875],"uv":{"down":{"uv":[31,7.25],"uv_size":[1,-0.25]},"east":{"uv":[35,36],"uv_size":[0.25,0.625]},"north":{"uv":[3,21],"uv_size":[1,0.625]},"south":{"uv":[4,21],"uv_size":[1,0.625]},"up":{"uv":[7,31],"uv_size":[1,0.25]},"west":{"uv":[36,35],"uv_size":[0.25,0.625]}}},{"origin":[-0.75,9.5625,-0.375],"size":[0.9375,0.375,0.1875],"uv":{"down":{"uv":[9,31.25],"uv_size":[1,-0.25]},"east":{"uv":[19,40],"uv_size":[0.25,0.375]},"north":{"uv":[27,1],"uv_size":[1,0.375]},"south":{"uv":[2,27],"uv_size":[1,0.375]},"up":{"uv":[8,31],"uv_size":[1,0.25]},"west":{"uv":[40,19],"uv_size":[0.25,0.375]}}},{"origin":[-0.75,9.75,-0.9375],"size":[0.9375,0.1875,0.375],"uv":{"down":{"uv":[3,27.375],"uv_size":[1,-0.375]},"east":{"uv":[20,40],"uv_size":[0.375,0.25]},"north":{"uv":[31,9],"uv_size":[1,0.25]},"south":{"uv":[10,31],"uv_size":[1,0.25]},"up":{"uv":[27,2],"uv_size":[1,0.375]},"west":{"uv":[40,20],"uv_size":[0.375,0.25]}}},{"origin":[-0.75,9.75,-0.1875],"size":[0.9375,0.375,0.1875],"uv":{"down":{"uv":[11,31.25],"uv_size":[1,-0.25]},"east":{"uv":[21,40],"uv_size":[0.25,0.375]},"north":{"uv":[27,3],"uv_size":[1,0.375]},"south":{"uv":[4,27],"uv_size":[1,0.375]},"up":{"uv":[31,10],"uv_size":[1,0.25]},"west":{"uv":[40,21],"uv_size":[0.25,0.375]}}},{"origin":[-0.75,9.1875,-0.1875],"size":[0.9375,0.1875,0.375],"uv":{"down":{"uv":[5,27.375],"uv_size":[1,-0.375]},"east":{"uv":[22,40],"uv_size":[0.375,0.25]},"north":{"uv":[31,11],"uv_size":[1,0.25]},"south":{"uv":[12,31],"uv_size":[1,0.25]},"up":{"uv":[27,4],"uv_size":[1,0.375]},"west":{"uv":[40,22],"uv_size":[0.375,0.25]}}},{"origin":[-0.75,9.375,0],"size":[0.9375,0.1875,1.5],"uv":{"down":{"uv":[12,6.5],"uv_size":[1,-1.5]},"east":{"uv":[27,5],"uv_size":[1.5,0.25]},"north":{"uv":[31,12],"uv_size":[1,0.25]},"south":{"uv":[13,31],"uv_size":[1,0.25]},"up":{"uv":[12,3],"uv_size":[1,1.5]},"west":{"uv":[6,27],"uv_size":[1.5,0.25]}}},{"origin":[-0.75,9.5625,0.1875],"size":[0.9375,0.5625,1.3125],"uv":{"down":{"uv":[13,11.375],"uv_size":[1,-1.375]},"east":{"uv":[18,4],"uv_size":[1.375,0.625]},"north":{"uv":[21,4],"uv_size":[1,0.625]},"south":{"uv":[21,5],"uv_size":[1,0.625]},"up":{"uv":[13,6],"uv_size":[1,1.375]},"west":{"uv":[5,18],"uv_size":[1.375,0.625]}}},{"origin":[-0.75,9.9375,0],"size":[0.9375,0.1875,0.1875],"uv":{"down":{"uv":[15,31.25],"uv_size":[1,-0.25]},"east":{"uv":[41,23],"uv_size":[0.25,0.25]},"north":{"uv":[31,13],"uv_size":[1,0.25]},"south":{"uv":[14,31],"uv_size":[1,0.25]},"up":{"uv":[31,14],"uv_size":[1,0.25]},"west":{"uv":[24,41],"uv_size":[0.25,0.25]}}},{"origin":[-0.75,8.625,1.875],"size":[0.9375,1.5,0.375],"uv":{"down":{"uv":[27,7.375],"uv_size":[1,-0.375]},"east":{"uv":[23,0],"uv_size":[0.375,1.5]},"north":{"uv":[6,12],"uv_size":[1,1.5]},"south":{"uv":[8,12],"uv_size":[1,1.5]},"up":{"uv":[27,6],"uv_size":[1,0.375]},"west":{"uv":[23,2],"uv_size":[0.375,1.5]}}},{"origin":[-0.75,9,1.6875],"size":[0.9375,1.125,0.1875],"uv":{"down":{"uv":[16,31.25],"uv_size":[1,-0.25]},"east":{"uv":[20,29],"uv_size":[0.25,1.125]},"north":{"uv":[16,2],"uv_size":[1,1.125]},"south":{"uv":[7,16],"uv_size":[1,1.125]},"up":{"uv":[31,15],"uv_size":[1,0.25]},"west":{"uv":[29,20],"uv_size":[0.25,1.125]}}},{"origin":[-0.75,9.1875,1.5],"size":[0.9375,0.9375,0.1875],"uv":{"down":{"uv":[18,31.25],"uv_size":[1,-0.25]},"east":{"uv":[31,16],"uv_size":[0.25,1]},"north":{"uv":[17,14],"uv_size":[1,1]},"south":{"uv":[15,17],"uv_size":[1,1]},"up":{"uv":[31,17],"uv_size":[1,0.25]},"west":{"uv":[17,31],"uv_size":[0.25,1]}}},{"origin":[-0.75,9.375,2.25],"size":[0.9375,0.75,0.1875],"uv":{"down":{"uv":[19,31.25],"uv_size":[1,-0.25]},"east":{"uv":[35,25],"uv_size":[0.25,0.75]},"north":{"uv":[19,13],"uv_size":[1,0.75]},"south":{"uv":[14,19],"uv_size":[1,0.75]},"up":{"uv":[31,18],"uv_size":[1,0.25]},"west":{"uv":[26,35],"uv_size":[0.25,0.75]}}},{"origin":[-0.75,9.5625,2.4375],"size":[0.9375,0.5625,0.375],"uv":{"down":{"uv":[27,8.375],"uv_size":[1,-0.375]},"east":{"uv":[17,34],"uv_size":[0.375,0.625]},"north":{"uv":[21,6],"uv_size":[1,0.625]},"south":{"uv":[8,21],"uv_size":[1,0.625]},"up":{"uv":[8,27],"uv_size":[1,0.375]},"west":{"uv":[34,17],"uv_size":[0.375,0.625]}}},{"origin":[-0.75,9.5625,2.8125],"size":[0.9375,0.375,0.1875],"uv":{"down":{"uv":[20,31.25],"uv_size":[1,-0.25]},"east":{"uv":[23,40],"uv_size":[0.25,0.375]},"north":{"uv":[9,27],"uv_size":[1,0.375]},"south":{"uv":[27,9],"uv_size":[1,0.375]},"up":{"uv":[31,19],"uv_size":[1,0.25]},"west":{"uv":[40,23],"uv_size":[0.25,0.375]}}},{"origin":[-0.75,9.375,3],"size":[0.9375,0.375,0.1875],"uv":{"down":{"uv":[21,31.25],"uv_size":[1,-0.25]},"east":{"uv":[24,40],"uv_size":[0.25,0.375]},"north":{"uv":[10,27],"uv_size":[1,0.375]},"south":{"uv":[27,10],"uv_size":[1,0.375]},"up":{"uv":[31,20],"uv_size":[1,0.25]},"west":{"uv":[40,24],"uv_size":[0.25,0.375]}}},{"origin":[-0.75,9.1875,3.1875],"size":[0.9375,0.5625,0.1875],"uv":{"down":{"uv":[22,31.25],"uv_size":[1,-0.25]},"east":{"uv":[36,36],"uv_size":[0.25,0.625]},"north":{"uv":[9,21],"uv_size":[1,0.625]},"south":{"uv":[10,21],"uv_size":[1,0.625]},"up":{"uv":[31,21],"uv_size":[1,0.25]},"west":{"uv":[0,37],"uv_size":[0.25,0.625]}}},{"origin":[-0.75,9,3.375],"size":[0.9375,0.5625,0.1875],"uv":{"down":{"uv":[23,31.25],"uv_size":[1,-0.25]},"east":{"uv":[37,0],"uv_size":[0.25,0.625]},"north":{"uv":[21,10],"uv_size":[1,0.625]},"south":{"uv":[11,21],"uv_size":[1,0.625]},"up":{"uv":[31,22],"uv_size":[1,0.25]},"west":{"uv":[1,37],"uv_size":[0.25,0.625]}}},{"origin":[-0.75,8.0625,3.5625],"size":[0.9375,1.125,0.1875],"uv":{"down":{"uv":[24,31.25],"uv_size":[1,-0.25]},"east":{"uv":[21,29],"uv_size":[0.25,1.125]},"north":{"uv":[16,7],"uv_size":[1,1.125]},"south":{"uv":[9,16],"uv_size":[1,1.125]},"up":{"uv":[31,23],"uv_size":[1,0.25]},"west":{"uv":[22,29],"uv_size":[0.25,1.125]}}},{"origin":[-0.75,8.25,3.375],"size":[0.9375,0.375,0.1875],"uv":{"down":{"uv":[25,31.25],"uv_size":[1,-0.25]},"east":{"uv":[25,40],"uv_size":[0.25,0.375]},"north":{"uv":[11,27],"uv_size":[1,0.375]},"south":{"uv":[27,11],"uv_size":[1,0.375]},"up":{"uv":[31,24],"uv_size":[1,0.25]},"west":{"uv":[40,25],"uv_size":[0.25,0.375]}}},{"origin":[-0.75,8.4375,3.1875],"size":[0.9375,0.375,0.1875],"uv":{"down":{"uv":[26,31.25],"uv_size":[1,-0.25]},"east":{"uv":[26,40],"uv_size":[0.25,0.375]},"north":{"uv":[12,27],"uv_size":[1,0.375]},"south":{"uv":[27,12],"uv_size":[1,0.375]},"up":{"uv":[31,25],"uv_size":[1,0.25]},"west":{"uv":[40,26],"uv_size":[0.25,0.375]}}},{"origin":[-0.75,8.4375,3],"size":[0.9375,0.5625,0.1875],"uv":{"down":{"uv":[27,31.25],"uv_size":[1,-0.25]},"east":{"uv":[37,1],"uv_size":[0.25,0.625]},"north":{"uv":[21,11],"uv_size":[1,0.625]},"south":{"uv":[12,21],"uv_size":[1,0.625]},"up":{"uv":[31,26],"uv_size":[1,0.25]},"west":{"uv":[2,37],"uv_size":[0.25,0.625]}}},{"origin":[-0.75,8.625,2.8125],"size":[0.9375,0.375,0.1875],"uv":{"down":{"uv":[28,31.25],"uv_size":[1,-0.25]},"east":{"uv":[27,40],"uv_size":[0.25,0.375]},"north":{"uv":[13,27],"uv_size":[1,0.375]},"south":{"uv":[27,13],"uv_size":[1,0.375]},"up":{"uv":[31,27],"uv_size":[1,0.25]},"west":{"uv":[40,27],"uv_size":[0.25,0.375]}}},{"origin":[-0.75,8.625,2.625],"size":[0.9375,0.5625,0.1875],"uv":{"down":{"uv":[29,31.25],"uv_size":[1,-0.25]},"east":{"uv":[37,2],"uv_size":[0.25,0.625]},"north":{"uv":[13,21],"uv_size":[1,0.625]},"south":{"uv":[14,21],"uv_size":[1,0.625]},"up":{"uv":[31,28],"uv_size":[1,0.25]},"west":{"uv":[3,37],"uv_size":[0.25,0.625]}}},{"origin":[-0.75,8.8125,2.25],"size":[0.9375,0.375,0.375],"uv":{"down":{"uv":[27,15.375],"uv_size":[1,-0.375]},"east":{"uv":[39,34],"uv_size":[0.375,0.375]},"north":{"uv":[14,27],"uv_size":[1,0.375]},"south":{"uv":[27,14],"uv_size":[1,0.375]},"up":{"uv":[15,27],"uv_size":[1,0.375]},"west":{"uv":[35,39],"uv_size":[0.375,0.375]}}},{"origin":[-0.75,8.0625,3.75],"size":[0.9375,0.75,0.1875],"uv":{"down":{"uv":[30,31.25],"uv_size":[1,-0.25]},"east":{"uv":[35,26],"uv_size":[0.25,0.75]},"north":{"uv":[15,19],"uv_size":[1,0.75]},"south":{"uv":[16,19],"uv_size":[1,0.75]},"up":{"uv":[31,29],"uv_size":[1,0.25]},"west":{"uv":[27,35],"uv_size":[0.25,0.75]}}},{"origin":[-0.75,7.875,3.9375],"size":[0.9375,0.5625,0.1875],"uv":{"down":{"uv":[31,31.25],"uv_size":[1,-0.25]},"east":{"uv":[37,3],"uv_size":[0.25,0.625]},"north":{"uv":[15,21],"uv_size":[1,0.625]},"south":{"uv":[16,21],"uv_size":[1,0.625]},"up":{"uv":[31,30],"uv_size":[1,0.25]},"west":{"uv":[4,37],"uv_size":[0.25,0.625]}}},{"origin":[-0.75,7.875,4.125],"size":[0.9375,0.375,0.1875],"uv":{"down":{"uv":[32,0.25],"uv_size":[1,-0.25]},"east":{"uv":[28,40],"uv_size":[0.25,0.375]},"north":{"uv":[16,27],"uv_size":[1,0.375]},"south":{"uv":[27,16],"uv_size":[1,0.375]},"up":{"uv":[0,32],"uv_size":[1,0.25]},"west":{"uv":[40,28],"uv_size":[0.25,0.375]}}},{"origin":[-0.75,9,-1.6875],"size":[0.9375,0.5625,0.1875],"uv":{"down":{"uv":[32,1.25],"uv_size":[1,-0.25]},"east":{"uv":[37,4],"uv_size":[0.25,0.625]},"north":{"uv":[21,16],"uv_size":[1,0.625]},"south":{"uv":[17,21],"uv_size":[1,0.625]},"up":{"uv":[1,32],"uv_size":[1,0.25]},"west":{"uv":[5,37],"uv_size":[0.25,0.625]}}},{"origin":[-0.5625,7.6875,-2.8125],"size":[0.5625,0.75,0.5625],"uv":{"down":{"uv":[25,12.625],"uv_size":[0.625,-0.625]},"east":{"uv":[18,23],"uv_size":[0.625,0.75]},"north":{"uv":[17,23],"uv_size":[0.625,0.75]},"south":{"uv":[23,18],"uv_size":[0.625,0.75]},"up":{"uv":[12,25],"uv_size":[0.625,0.625]},"west":{"uv":[19,23],"uv_size":[0.625,0.75]}}},{"origin":[-0.5625,7.875,-3.5625],"size":[0.5625,0.75,0.75],"uv":{"down":{"uv":[21,23.75],"uv_size":[0.625,-0.75]},"east":{"uv":[3,23],"uv_size":[0.75,0.75]},"north":{"uv":[23,19],"uv_size":[0.625,0.75]},"south":{"uv":[20,23],"uv_size":[0.625,0.75]},"up":{"uv":[23,20],"uv_size":[0.625,0.75]},"west":{"uv":[4,23],"uv_size":[0.75,0.75]}}},{"origin":[-0.5625,8.0625,-4.3125],"size":[0.5625,0.75,0.75],"uv":{"down":{"uv":[0,24.75],"uv_size":[0.625,-0.75]},"east":{"uv":[23,4],"uv_size":[0.75,0.75]},"north":{"uv":[23,21],"uv_size":[0.625,0.75]},"south":{"uv":[22,23],"uv_size":[0.625,0.75]},"up":{"uv":[23,23],"uv_size":[0.625,0.75]},"west":{"uv":[5,23],"uv_size":[0.75,0.75]}}},{"origin":[-0.5625,8.25,-4.875],"size":[0.5625,0.375,0.5625],"uv":{"down":{"uv":[25,13.625],"uv_size":[0.625,-0.625]},"east":{"uv":[34,18],"uv_size":[0.625,0.375]},"north":{"uv":[18,34],"uv_size":[0.625,0.375]},"south":{"uv":[19,34],"uv_size":[0.625,0.375]},"up":{"uv":[13,25],"uv_size":[0.625,0.625]},"west":{"uv":[34,19],"uv_size":[0.625,0.375]}}},{"origin":[-0.5625,8.625,-4.6875],"size":[0.5625,0.1875,0.375],"uv":{"down":{"uv":[34,20.375],"uv_size":[0.625,-0.375]},"east":{"uv":[29,40],"uv_size":[0.375,0.25]},"north":{"uv":[37,5],"uv_size":[0.625,0.25]},"south":{"uv":[6,37],"uv_size":[0.625,0.25]},"up":{"uv":[20,34],"uv_size":[0.625,0.375]},"west":{"uv":[40,29],"uv_size":[0.375,0.25]}}},{"origin":[-0.5625,8.4375,-5.0625],"size":[0.5625,0.1875,0.1875],"uv":{"down":{"uv":[8,37.25],"uv_size":[0.625,-0.25]},"east":{"uv":[41,24],"uv_size":[0.25,0.25]},"north":{"uv":[37,6],"uv_size":[0.625,0.25]},"south":{"uv":[7,37],"uv_size":[0.625,0.25]},"up":{"uv":[37,7],"uv_size":[0.625,0.25]},"west":{"uv":[25,41],"uv_size":[0.25,0.25]}}},{"origin":[-0.75,10.5,-2.0625],"size":[0.9375,0.375,0.5625],"uv":{"down":{"uv":[18,21.625],"uv_size":[1,-0.625]},"east":{"uv":[21,34],"uv_size":[0.625,0.375]},"north":{"uv":[17,27],"uv_size":[1,0.375]},"south":{"uv":[27,17],"uv_size":[1,0.375]},"up":{"uv":[21,17],"uv_size":[1,0.625]},"west":{"uv":[34,21],"uv_size":[0.625,0.375]}}},{"origin":[-0.5625,10.5,-6.75],"size":[0.5625,0.1875,4.6875],"uv":{"down":{"uv":[7,9.75],"uv_size":[0.625,-4.75]},"east":{"uv":[14,12],"uv_size":[4.75,0.25]},"north":{"uv":[37,8],"uv_size":[0.625,0.25]},"south":{"uv":[9,37],"uv_size":[0.625,0.25]},"up":{"uv":[7,0],"uv_size":[0.625,4.75]},"west":{"uv":[14,13],"uv_size":[4.75,0.25]}}},{"origin":[-0.75,10.875,-1.875],"size":[0.9375,0.1875,0.375],"uv":{"down":{"uv":[27,18.375],"uv_size":[1,-0.375]},"east":{"uv":[30,40],"uv_size":[0.375,0.25]},"north":{"uv":[2,32],"uv_size":[1,0.25]},"south":{"uv":[32,2],"uv_size":[1,0.25]},"up":{"uv":[18,27],"uv_size":[1,0.375]},"west":{"uv":[40,30],"uv_size":[0.375,0.25]}}},{"origin":[-0.75,10.6875,-1.5],"size":[0.9375,0.5625,0.1875],"uv":{"down":{"uv":[32,3.25],"uv_size":[1,-0.25]},"east":{"uv":[37,9],"uv_size":[0.25,0.625]},"north":{"uv":[19,21],"uv_size":[1,0.625]},"south":{"uv":[21,19],"uv_size":[1,0.625]},"up":{"uv":[3,32],"uv_size":[1,0.25]},"west":{"uv":[10,37],"uv_size":[0.25,0.625]}}},{"origin":[-0.75,11.0625,-1.6875],"size":[0.9375,0.1875,0.1875],"uv":{"down":{"uv":[32,5.25],"uv_size":[1,-0.25]},"east":{"uv":[41,25],"uv_size":[0.25,0.25]},"north":{"uv":[4,32],"uv_size":[1,0.25]},"south":{"uv":[32,4],"uv_size":[1,0.25]},"up":{"uv":[5,32],"uv_size":[1,0.25]},"west":{"uv":[26,41],"uv_size":[0.25,0.25]}}},{"origin":[-0.75,9.5625,-5.25],"size":[0.9375,0.1875,3.75],"uv":{"down":{"uv":[3,7.75],"uv_size":[1,-3.75]},"east":{"uv":[17,16],"uv_size":[3.75,0.25]},"north":{"uv":[6,32],"uv_size":[1,0.25]},"south":{"uv":[32,6],"uv_size":[1,0.25]},"up":{"uv":[2,4],"uv_size":[1,3.75]},"west":{"uv":[17,17],"uv_size":[3.75,0.25]}}},{"origin":[-0.75,9.75,-4.6875],"size":[0.9375,0.1875,3.1875],"uv":{"down":{"uv":[5,7.25],"uv_size":[1,-3.25]},"east":{"uv":[19,0],"uv_size":[3.25,0.25]},"north":{"uv":[7,32],"uv_size":[1,0.25]},"south":{"uv":[32,7],"uv_size":[1,0.25]},"up":{"uv":[4,4],"uv_size":[1,3.25]},"west":{"uv":[19,1],"uv_size":[3.25,0.25]}}},{"origin":[-0.75,9.9375,-3.1875],"size":[0.9375,0.1875,1.5],"uv":{"down":{"uv":[12,11.5],"uv_size":[1,-1.5]},"east":{"uv":[19,27],"uv_size":[1.5,0.25]},"north":{"uv":[8,32],"uv_size":[1,0.25]},"south":{"uv":[32,8],"uv_size":[1,0.25]},"up":{"uv":[10,12],"uv_size":[1,1.5]},"west":{"uv":[27,19],"uv_size":[1.5,0.25]}}},{"origin":[-0.75,9.375,-6.1875],"size":[0.9375,0.1875,1.5],"uv":{"down":{"uv":[0,14.5],"uv_size":[1,-1.5]},"east":{"uv":[27,20],"uv_size":[1.5,0.25]},"north":{"uv":[9,32],"uv_size":[1,0.25]},"south":{"uv":[32,9],"uv_size":[1,0.25]},"up":{"uv":[12,12],"uv_size":[1,1.5]},"west":{"uv":[21,27],"uv_size":[1.5,0.25]}}},{"origin":[-0.5625,9.9375,-6.1875],"size":[0.5625,0.5625,0.75],"uv":{"down":{"uv":[2,24.75],"uv_size":[0.625,-0.75]},"east":{"uv":[24,0],"uv_size":[0.75,0.625]},"north":{"uv":[14,25],"uv_size":[0.625,0.625]},"south":{"uv":[25,14],"uv_size":[0.625,0.625]},"up":{"uv":[24,1],"uv_size":[0.625,0.75]},"west":{"uv":[1,24],"uv_size":[0.75,0.625]}}},{"origin":[-0.5625,10.125,-6.375],"size":[0.5625,0.375,0.1875],"uv":{"down":{"uv":[11,37.25],"uv_size":[0.625,-0.25]},"east":{"uv":[31,40],"uv_size":[0.25,0.375]},"north":{"uv":[22,34],"uv_size":[0.625,0.375]},"south":{"uv":[34,22],"uv_size":[0.625,0.375]},"up":{"uv":[37,10],"uv_size":[0.625,0.25]},"west":{"uv":[40,31],"uv_size":[0.25,0.375]}}},{"origin":[-0.5625,10.3125,-6.5625],"size":[0.5625,0.1875,0.1875],"uv":{"down":{"uv":[13,37.25],"uv_size":[0.625,-0.25]},"east":{"uv":[41,26],"uv_size":[0.25,0.25]},"north":{"uv":[37,11],"uv_size":[0.625,0.25]},"south":{"uv":[12,37],"uv_size":[0.625,0.25]},"up":{"uv":[37,12],"uv_size":[0.625,0.25]},"west":{"uv":[27,41],"uv_size":[0.25,0.25]}}},{"origin":[-0.5625,10.125,-5.4375],"size":[0.5625,0.375,0.5625],"uv":{"down":{"uv":[25,15.625],"uv_size":[0.625,-0.625]},"east":{"uv":[34,23],"uv_size":[0.625,0.375]},"north":{"uv":[23,34],"uv_size":[0.625,0.375]},"south":{"uv":[24,34],"uv_size":[0.625,0.375]},"up":{"uv":[15,25],"uv_size":[0.625,0.625]},"west":{"uv":[34,24],"uv_size":[0.625,0.375]}}},{"origin":[-0.5625,10.3125,-4.875],"size":[0.5625,0.1875,0.5625],"uv":{"down":{"uv":[25,16.625],"uv_size":[0.625,-0.625]},"east":{"uv":[14,37],"uv_size":[0.625,0.25]},"north":{"uv":[37,13],"uv_size":[0.625,0.25]},"south":{"uv":[37,14],"uv_size":[0.625,0.25]},"up":{"uv":[16,25],"uv_size":[0.625,0.625]},"west":{"uv":[15,37],"uv_size":[0.625,0.25]}}},{"origin":[-0.75,9,-4.125],"size":[0.9375,0.375,0.375],"uv":{"down":{"uv":[27,23.375],"uv_size":[1,-0.375]},"east":{"uv":[39,35],"uv_size":[0.375,0.375]},"north":{"uv":[27,21],"uv_size":[1,0.375]},"south":{"uv":[27,22],"uv_size":[1,0.375]},"up":{"uv":[23,27],"uv_size":[1,0.375]},"west":{"uv":[36,39],"uv_size":[0.375,0.375]}}},{"origin":[-0.75,9.1875,-4.3125],"size":[0.9375,0.1875,0.1875],"uv":{"down":{"uv":[32,11.25],"uv_size":[1,-0.25]},"east":{"uv":[41,27],"uv_size":[0.25,0.25]},"north":{"uv":[10,32],"uv_size":[1,0.25]},"south":{"uv":[32,10],"uv_size":[1,0.25]},"up":{"uv":[11,32],"uv_size":[1,0.25]},"west":{"uv":[28,41],"uv_size":[0.25,0.25]}}},{"origin":[-0.75,9,-3.75],"size":[0.9375,0.1875,0.75],"uv":{"down":{"uv":[19,19.75],"uv_size":[1,-0.75]},"east":{"uv":[35,27],"uv_size":[0.75,0.25]},"north":{"uv":[12,32],"uv_size":[1,0.25]},"south":{"uv":[32,12],"uv_size":[1,0.25]},"up":{"uv":[18,19],"uv_size":[1,0.75]},"west":{"uv":[28,35],"uv_size":[0.75,0.25]}}},{"origin":[-0.75,10.125,-1.3125],"size":[0.9375,0.1875,0.375],"uv":{"down":{"uv":[27,24.375],"uv_size":[1,-0.375]},"east":{"uv":[32,40],"uv_size":[0.375,0.25]},"north":{"uv":[13,32],"uv_size":[1,0.25]},"south":{"uv":[32,13],"uv_size":[1,0.25]},"up":{"uv":[24,27],"uv_size":[1,0.375]},"west":{"uv":[40,32],"uv_size":[0.375,0.25]}}},{"origin":[-0.75,10.3125,-1.125],"size":[0.9375,0.1875,0.1875],"uv":{"down":{"uv":[32,15.25],"uv_size":[1,-0.25]},"east":{"uv":[41,28],"uv_size":[0.25,0.25]},"north":{"uv":[14,32],"uv_size":[1,0.25]},"south":{"uv":[32,14],"uv_size":[1,0.25]},"up":{"uv":[15,32],"uv_size":[1,0.25]},"west":{"uv":[29,41],"uv_size":[0.25,0.25]}}},{"origin":[-0.75,9.1875,-0.5625],"size":[0.9375,0.1875,0.375],"uv":{"down":{"uv":[27,25.375],"uv_size":[1,-0.375]},"east":{"uv":[33,40],"uv_size":[0.375,0.25]},"north":{"uv":[16,32],"uv_size":[1,0.25]},"south":{"uv":[32,16],"uv_size":[1,0.25]},"up":{"uv":[25,27],"uv_size":[1,0.375]},"west":{"uv":[40,33],"uv_size":[0.375,0.25]}}},{"origin":[-0.75,9.375,-0.375],"size":[0.9375,0.1875,0.375],"uv":{"down":{"uv":[27,26.375],"uv_size":[1,-0.375]},"east":{"uv":[34,40],"uv_size":[0.375,0.25]},"north":{"uv":[17,32],"uv_size":[1,0.25]},"south":{"uv":[32,17],"uv_size":[1,0.25]},"up":{"uv":[26,27],"uv_size":[1,0.375]},"west":{"uv":[40,34],"uv_size":[0.375,0.25]}}},{"origin":[-0.75,9.5625,-0.1875],"size":[0.9375,0.1875,0.375],"uv":{"down":{"uv":[0,28.375],"uv_size":[1,-0.375]},"east":{"uv":[35,40],"uv_size":[0.375,0.25]},"north":{"uv":[18,32],"uv_size":[1,0.25]},"south":{"uv":[32,18],"uv_size":[1,0.25]},"up":{"uv":[27,27],"uv_size":[1,0.375]},"west":{"uv":[40,35],"uv_size":[0.375,0.25]}}},{"origin":[-0.75,9.75,0],"size":[0.9375,0.1875,0.1875],"uv":{"down":{"uv":[32,20.25],"uv_size":[1,-0.25]},"east":{"uv":[41,29],"uv_size":[0.25,0.25]},"north":{"uv":[19,32],"uv_size":[1,0.25]},"south":{"uv":[32,19],"uv_size":[1,0.25]},"up":{"uv":[20,32],"uv_size":[1,0.25]},"west":{"uv":[30,41],"uv_size":[0.25,0.25]}}},{"origin":[-0.75,9.1875,2.25],"size":[0.9375,0.1875,0.5625],"uv":{"down":{"uv":[21,20.625],"uv_size":[1,-0.625]},"east":{"uv":[37,15],"uv_size":[0.625,0.25]},"north":{"uv":[21,32],"uv_size":[1,0.25]},"south":{"uv":[32,21],"uv_size":[1,0.25]},"up":{"uv":[20,21],"uv_size":[1,0.625]},"west":{"uv":[16,37],"uv_size":[0.625,0.25]}}},{"origin":[-0.75,9.375,2.4375],"size":[0.9375,0.1875,0.375],"uv":{"down":{"uv":[1,28.375],"uv_size":[1,-0.375]},"east":{"uv":[36,40],"uv_size":[0.375,0.25]},"north":{"uv":[22,32],"uv_size":[1,0.25]},"south":{"uv":[32,22],"uv_size":[1,0.25]},"up":{"uv":[28,0],"uv_size":[1,0.375]},"west":{"uv":[40,36],"uv_size":[0.375,0.25]}}},{"origin":[-0.75,9,2.8125],"size":[0.9375,0.5625,0.1875],"uv":{"down":{"uv":[32,23.25],"uv_size":[1,-0.25]},"east":{"uv":[37,16],"uv_size":[0.25,0.625]},"north":{"uv":[21,21],"uv_size":[1,0.625]},"south":{"uv":[0,22],"uv_size":[1,0.625]},"up":{"uv":[23,32],"uv_size":[1,0.25]},"west":{"uv":[17,37],"uv_size":[0.25,0.625]}}},{"origin":[-0.75,9,3],"size":[0.9375,0.375,0.1875],"uv":{"down":{"uv":[32,24.25],"uv_size":[1,-0.25]},"east":{"uv":[37,40],"uv_size":[0.25,0.375]},"north":{"uv":[28,1],"uv_size":[1,0.375]},"south":{"uv":[2,28],"uv_size":[1,0.375]},"up":{"uv":[24,32],"uv_size":[1,0.25]},"west":{"uv":[40,37],"uv_size":[0.25,0.375]}}},{"origin":[-0.75,8.8125,3.1875],"size":[0.9375,0.375,0.1875],"uv":{"down":{"uv":[32,25.25],"uv_size":[1,-0.25]},"east":{"uv":[38,40],"uv_size":[0.25,0.375]},"north":{"uv":[28,2],"uv_size":[1,0.375]},"south":{"uv":[3,28],"uv_size":[1,0.375]},"up":{"uv":[25,32],"uv_size":[1,0.25]},"west":{"uv":[40,38],"uv_size":[0.25,0.375]}}},{"origin":[-0.75,8.625,3.375],"size":[0.9375,0.375,0.1875],"uv":{"down":{"uv":[32,26.25],"uv_size":[1,-0.25]},"east":{"uv":[39,40],"uv_size":[0.25,0.375]},"north":{"uv":[28,3],"uv_size":[1,0.375]},"south":{"uv":[4,28],"uv_size":[1,0.375]},"up":{"uv":[26,32],"uv_size":[1,0.25]},"west":{"uv":[40,39],"uv_size":[0.25,0.375]}}},{"origin":[-0.75,8.25,4.125],"size":[0.9375,1.5,0.1875],"uv":{"down":{"uv":[32,27.25],"uv_size":[1,-0.25]},"east":{"uv":[5,28],"uv_size":[0.25,1.5]},"north":{"uv":[13,0],"uv_size":[1,1.5]},"south":{"uv":[1,13],"uv_size":[1,1.5]},"up":{"uv":[27,32],"uv_size":[1,0.25]},"west":{"uv":[6,28],"uv_size":[0.25,1.5]}}},{"origin":[-0.75,8.4375,3.9375],"size":[0.9375,1.875,0.1875],"uv":{"down":{"uv":[32,28.25],"uv_size":[1,-0.25]},"east":{"uv":[24,2],"uv_size":[0.25,1.875]},"north":{"uv":[10,0],"uv_size":[1,1.875]},"south":{"uv":[10,2],"uv_size":[1,1.875]},"up":{"uv":[28,32],"uv_size":[1,0.25]},"west":{"uv":[3,24],"uv_size":[0.25,1.875]}}},{"origin":[-0.75,8.8125,3.75],"size":[0.9375,1.5,0.1875],"uv":{"down":{"uv":[32,29.25],"uv_size":[1,-0.25]},"east":{"uv":[28,6],"uv_size":[0.25,1.5]},"north":{"uv":[13,2],"uv_size":[1,1.5]},"south":{"uv":[13,4],"uv_size":[1,1.5]},"up":{"uv":[29,32],"uv_size":[1,0.25]},"west":{"uv":[7,28],"uv_size":[0.25,1.5]}}},{"origin":[-0.75,9.1875,3.5625],"size":[0.9375,1.125,0.1875],"uv":{"down":{"uv":[32,30.25],"uv_size":[1,-0.25]},"east":{"uv":[29,22],"uv_size":[0.25,1.125]},"north":{"uv":[16,9],"uv_size":[1,1.125]},"south":{"uv":[10,16],"uv_size":[1,1.125]},"up":{"uv":[30,32],"uv_size":[1,0.25]},"west":{"uv":[23,29],"uv_size":[0.25,1.125]}}},{"origin":[-0.75,9.5625,3.375],"size":[0.9375,0.5625,0.1875],"uv":{"down":{"uv":[32,31.25],"uv_size":[1,-0.25]},"east":{"uv":[37,17],"uv_size":[0.25,0.625]},"north":{"uv":[1,22],"uv_size":[1,0.625]},"south":{"uv":[2,22],"uv_size":[1,0.625]},"up":{"uv":[31,32],"uv_size":[1,0.25]},"west":{"uv":[18,37],"uv_size":[0.25,0.625]}}},{"origin":[-0.75,9.75,3],"size":[0.9375,0.375,0.375],"uv":{"down":{"uv":[9,28.375],"uv_size":[1,-0.375]},"east":{"uv":[39,36],"uv_size":[0.375,0.375]},"north":{"uv":[28,4],"uv_size":[1,0.375]},"south":{"uv":[8,28],"uv_size":[1,0.375]},"up":{"uv":[28,8],"uv_size":[1,0.375]},"west":{"uv":[37,39],"uv_size":[0.375,0.375]}}},{"origin":[-0.75,9.9375,2.8125],"size":[0.9375,0.1875,0.1875],"uv":{"down":{"uv":[1,33.25],"uv_size":[1,-0.25]},"east":{"uv":[41,30],"uv_size":[0.25,0.25]},"north":{"uv":[32,32],"uv_size":[1,0.25]},"south":{"uv":[0,33],"uv_size":[1,0.25]},"up":{"uv":[33,0],"uv_size":[1,0.25]},"west":{"uv":[31,41],"uv_size":[0.25,0.25]}}},{"origin":[-0.5625,9.9375,-9.75],"size":[0.5625,0.5625,2.4375],"uv":{"down":{"uv":[5,13.5],"uv_size":[0.625,-2.5]},"east":{"uv":[11,8],"uv_size":[2.5,0.625]},"north":{"uv":[17,25],"uv_size":[0.625,0.625]},"south":{"uv":[25,17],"uv_size":[0.625,0.625]},"up":{"uv":[4,11],"uv_size":[0.625,2.5]},"west":{"uv":[11,9],"uv_size":[2.5,0.625]}}},{"origin":[-0.5625,9.9375,-7.3125],"size":[0.5625,0.1875,0.1875],"uv":{"down":{"uv":[20,37.25],"uv_size":[0.625,-0.25]},"east":{"uv":[41,31],"uv_size":[0.25,0.25]},"north":{"uv":[37,18],"uv_size":[0.625,0.25]},"south":{"uv":[19,37],"uv_size":[0.625,0.25]},"up":{"uv":[37,19],"uv_size":[0.625,0.25]},"west":{"uv":[32,41],"uv_size":[0.25,0.25]}}},{"origin":[-0.5625,10.5,-9.375],"size":[0.5625,0.1875,1.875],"uv":{"down":{"uv":[1,16.875],"uv_size":[0.625,-1.875]},"east":{"uv":[4,24],"uv_size":[1.875,0.25]},"north":{"uv":[37,20],"uv_size":[0.625,0.25]},"south":{"uv":[21,37],"uv_size":[0.625,0.25]},"up":{"uv":[15,0],"uv_size":[0.625,1.875]},"west":{"uv":[24,4],"uv_size":[1.875,0.25]}}},{"origin":[-0.5625,10.125,-9.9375],"size":[0.5625,0.1875,0.1875],"uv":{"down":{"uv":[23,37.25],"uv_size":[0.625,-0.25]},"east":{"uv":[41,32],"uv_size":[0.25,0.25]},"north":{"uv":[37,21],"uv_size":[0.625,0.25]},"south":{"uv":[22,37],"uv_size":[0.625,0.25]},"up":{"uv":[37,22],"uv_size":[0.625,0.25]},"west":{"uv":[33,41],"uv_size":[0.25,0.25]}}},{"origin":[-0.75,10.875,-7.125],"size":[0.9375,0.1875,5.25],"uv":{"down":{"uv":[1,5.25],"uv_size":[1,-5.25]},"east":{"uv":[14,5],"uv_size":[5.25,0.25]},"north":{"uv":[33,1],"uv_size":[1,0.25]},"south":{"uv":[2,33],"uv_size":[1,0.25]},"up":{"uv":[0,0],"uv_size":[1,5.25]},"west":{"uv":[14,6],"uv_size":[5.25,0.25]}}},{"origin":[-0.5625,10.6875,-6.9375],"size":[0.5625,0.1875,4.875],"uv":{"down":{"uv":[6,4.875],"uv_size":[0.625,-4.875]},"east":{"uv":[14,11],"uv_size":[4.875,0.25]},"north":{"uv":[37,23],"uv_size":[0.625,0.25]},"south":{"uv":[24,37],"uv_size":[0.625,0.25]},"up":{"uv":[0,6],"uv_size":[0.625,4.875]},"west":{"uv":[12,14],"uv_size":[4.875,0.25]}}},{"origin":[-0.5625,10.5,-10.6875],"size":[0.5625,0.5625,1.3125],"uv":{"down":{"uv":[9,19.375],"uv_size":[0.625,-1.375]},"east":{"uv":[7,18],"uv_size":[1.375,0.625]},"north":{"uv":[18,25],"uv_size":[0.625,0.625]},"south":{"uv":[25,18],"uv_size":[0.625,0.625]},"up":{"uv":[18,8],"uv_size":[0.625,1.375]},"west":{"uv":[18,7],"uv_size":[1.375,0.625]}}},{"origin":[-0.5625,10.5,-14.4375],"size":[0.5625,0.5625,3.375],"uv":{"down":{"uv":[8,11.375],"uv_size":[0.625,-3.375]},"east":{"uv":[8,6],"uv_size":[3.375,0.625]},"north":{"uv":[19,25],"uv_size":[0.625,0.625]},"south":{"uv":[25,19],"uv_size":[0.625,0.625]},"up":{"uv":[6,8],"uv_size":[0.625,3.375]},"west":{"uv":[8,7],"uv_size":[3.375,0.625]}}},{"origin":[-0.5625,10.5,-16.5],"size":[0.5625,0.5625,1.6875],"uv":{"down":{"uv":[17,10.75],"uv_size":[0.625,-1.75]},"east":{"uv":[15,4],"uv_size":[1.75,0.625]},"north":{"uv":[20,25],"uv_size":[0.625,0.625]},"south":{"uv":[25,20],"uv_size":[0.625,0.625]},"up":{"uv":[17,7],"uv_size":[0.625,1.75]},"west":{"uv":[4,17],"uv_size":[1.75,0.625]}}},{"origin":[-0.375,11.25,-16.875],"size":[0.1875,0.1875,0.1875],"uv":{"down":{"uv":[36,41.25],"uv_size":[0.25,-0.25]},"east":{"uv":[34,41],"uv_size":[0.25,0.25]},"north":{"uv":[41,33],"uv_size":[0.25,0.25]},"south":{"uv":[41,34],"uv_size":[0.25,0.25]},"up":{"uv":[41,35],"uv_size":[0.25,0.25]},"west":{"uv":[35,41],"uv_size":[0.25,0.25]}}},{"origin":[-0.5625,11.0625,-16.875],"size":[0.5625,0.1875,0.1875],"uv":{"down":{"uv":[26,37.25],"uv_size":[0.625,-0.25]},"east":{"uv":[41,36],"uv_size":[0.25,0.25]},"north":{"uv":[37,24],"uv_size":[0.625,0.25]},"south":{"uv":[25,37],"uv_size":[0.625,0.25]},"up":{"uv":[37,25],"uv_size":[0.625,0.25]},"west":{"uv":[37,41],"uv_size":[0.25,0.25]}}},{"origin":[-0.375,11.0625,-16.6875],"size":[0.1875,0.1875,0.1875],"uv":{"down":{"uv":[40,41.25],"uv_size":[0.25,-0.25]},"east":{"uv":[38,41],"uv_size":[0.25,0.25]},"north":{"uv":[41,37],"uv_size":[0.25,0.25]},"south":{"uv":[41,38],"uv_size":[0.25,0.25]},"up":{"uv":[41,39],"uv_size":[0.25,0.25]},"west":{"uv":[39,41],"uv_size":[0.25,0.25]}}},{"origin":[-0.75,10.875,-16.875],"size":[0.9375,0.1875,0.1875],"uv":{"down":{"uv":[4,33.25],"uv_size":[1,-0.25]},"east":{"uv":[41,40],"uv_size":[0.25,0.25]},"north":{"uv":[33,2],"uv_size":[1,0.25]},"south":{"uv":[3,33],"uv_size":[1,0.25]},"up":{"uv":[33,3],"uv_size":[1,0.25]},"west":{"uv":[41,41],"uv_size":[0.25,0.25]}}},{"origin":[-0.5625,10.875,-16.6875],"size":[0.5625,0.1875,0.1875],"uv":{"down":{"uv":[28,37.25],"uv_size":[0.625,-0.25]},"east":{"uv":[0,42],"uv_size":[0.25,0.25]},"north":{"uv":[37,26],"uv_size":[0.625,0.25]},"south":{"uv":[27,37],"uv_size":[0.625,0.25]},"up":{"uv":[37,27],"uv_size":[0.625,0.25]},"west":{"uv":[42,0],"uv_size":[0.25,0.25]}}},{"origin":[-0.75,10.6875,-16.6875],"size":[0.9375,0.1875,0.1875],"uv":{"down":{"uv":[6,33.25],"uv_size":[1,-0.25]},"east":{"uv":[1,42],"uv_size":[0.25,0.25]},"north":{"uv":[33,4],"uv_size":[1,0.25]},"south":{"uv":[5,33],"uv_size":[1,0.25]},"up":{"uv":[33,5],"uv_size":[1,0.25]},"west":{"uv":[42,1],"uv_size":[0.25,0.25]}}},{"origin":[-0.9375,10.6875,-16.875],"size":[1.3125,0.1875,0.1875],"uv":{"down":{"uv":[28,27.25],"uv_size":[1.375,-0.25]},"east":{"uv":[2,42],"uv_size":[0.25,0.25]},"north":{"uv":[28,25],"uv_size":[1.375,0.25]},"south":{"uv":[26,28],"uv_size":[1.375,0.25]},"up":{"uv":[28,26],"uv_size":[1.375,0.25]},"west":{"uv":[42,2],"uv_size":[0.25,0.25]}}},{"origin":[-0.75,10.5,-16.875],"size":[0.9375,0.1875,0.1875],"uv":{"down":{"uv":[8,33.25],"uv_size":[1,-0.25]},"east":{"uv":[3,42],"uv_size":[0.25,0.25]},"north":{"uv":[33,6],"uv_size":[1,0.25]},"south":{"uv":[7,33],"uv_size":[1,0.25]},"up":{"uv":[33,7],"uv_size":[1,0.25]},"west":{"uv":[42,3],"uv_size":[0.25,0.25]}}},{"origin":[-0.5625,10.5,-16.6875],"size":[0.5625,0.1875,0.1875],"uv":{"down":{"uv":[30,37.25],"uv_size":[0.625,-0.25]},"east":{"uv":[4,42],"uv_size":[0.25,0.25]},"north":{"uv":[37,28],"uv_size":[0.625,0.25]},"south":{"uv":[29,37],"uv_size":[0.625,0.25]},"up":{"uv":[37,29],"uv_size":[0.625,0.25]},"west":{"uv":[42,4],"uv_size":[0.25,0.25]}}},{"origin":[-0.375,10.3125,-16.6875],"size":[0.1875,0.1875,0.1875],"uv":{"down":{"uv":[42,7.25],"uv_size":[0.25,-0.25]},"east":{"uv":[42,5],"uv_size":[0.25,0.25]},"north":{"uv":[5,42],"uv_size":[0.25,0.25]},"south":{"uv":[6,42],"uv_size":[0.25,0.25]},"up":{"uv":[7,42],"uv_size":[0.25,0.25]},"west":{"uv":[42,6],"uv_size":[0.25,0.25]}}},{"origin":[-0.5625,10.3125,-16.875],"size":[0.5625,0.1875,0.1875],"uv":{"down":{"uv":[32,37.25],"uv_size":[0.625,-0.25]},"east":{"uv":[8,42],"uv_size":[0.25,0.25]},"north":{"uv":[37,30],"uv_size":[0.625,0.25]},"south":{"uv":[31,37],"uv_size":[0.625,0.25]},"up":{"uv":[37,31],"uv_size":[0.625,0.25]},"west":{"uv":[42,8],"uv_size":[0.25,0.25]}}},{"origin":[-0.375,10.125,-16.875],"size":[0.1875,0.1875,0.1875],"uv":{"down":{"uv":[42,11.25],"uv_size":[0.25,-0.25]},"east":{"uv":[42,9],"uv_size":[0.25,0.25]},"north":{"uv":[9,42],"uv_size":[0.25,0.25]},"south":{"uv":[10,42],"uv_size":[0.25,0.25]},"up":{"uv":[11,42],"uv_size":[0.25,0.25]},"west":{"uv":[42,10],"uv_size":[0.25,0.25]}}},{"origin":[-0.5625,10.3125,-14.8125],"size":[0.5625,0.1875,0.1875],"uv":{"down":{"uv":[34,37.25],"uv_size":[0.625,-0.25]},"east":{"uv":[12,42],"uv_size":[0.25,0.25]},"north":{"uv":[37,32],"uv_size":[0.625,0.25]},"south":{"uv":[33,37],"uv_size":[0.625,0.25]},"up":{"uv":[37,33],"uv_size":[0.625,0.25]},"west":{"uv":[42,12],"uv_size":[0.25,0.25]}}},{"origin":[-0.375,10.125,-14.8125],"size":[0.1875,0.1875,0.1875],"uv":{"down":{"uv":[42,15.25],"uv_size":[0.25,-0.25]},"east":{"uv":[42,13],"uv_size":[0.25,0.25]},"north":{"uv":[13,42],"uv_size":[0.25,0.25]},"south":{"uv":[14,42],"uv_size":[0.25,0.25]},"up":{"uv":[15,42],"uv_size":[0.25,0.25]},"west":{"uv":[42,14],"uv_size":[0.25,0.25]}}},{"origin":[-0.375,10.3125,-14.625],"size":[0.1875,0.1875,0.1875],"uv":{"down":{"uv":[42,18.25],"uv_size":[0.25,-0.25]},"east":{"uv":[42,16],"uv_size":[0.25,0.25]},"north":{"uv":[16,42],"uv_size":[0.25,0.25]},"south":{"uv":[17,42],"uv_size":[0.25,0.25]},"up":{"uv":[18,42],"uv_size":[0.25,0.25]},"west":{"uv":[42,17],"uv_size":[0.25,0.25]}}},{"origin":[-0.5625,10.5,-14.625],"size":[0.5625,0.1875,0.1875],"uv":{"down":{"uv":[36,37.25],"uv_size":[0.625,-0.25]},"east":{"uv":[19,42],"uv_size":[0.25,0.25]},"north":{"uv":[37,34],"uv_size":[0.625,0.25]},"south":{"uv":[35,37],"uv_size":[0.625,0.25]},"up":{"uv":[37,35],"uv_size":[0.625,0.25]},"west":{"uv":[42,19],"uv_size":[0.25,0.25]}}},{"origin":[-0.75,10.5,-14.8125],"size":[0.9375,0.1875,0.1875],"uv":{"down":{"uv":[10,33.25],"uv_size":[1,-0.25]},"east":{"uv":[20,42],"uv_size":[0.25,0.25]},"north":{"uv":[33,8],"uv_size":[1,0.25]},"south":{"uv":[9,33],"uv_size":[1,0.25]},"up":{"uv":[33,9],"uv_size":[1,0.25]},"west":{"uv":[42,20],"uv_size":[0.25,0.25]}}},{"origin":[-0.9375,10.6875,-14.8125],"size":[1.3125,0.1875,0.1875],"uv":{"down":{"uv":[29,1.25],"uv_size":[1.375,-0.25]},"east":{"uv":[21,42],"uv_size":[0.25,0.25]},"north":{"uv":[28,28],"uv_size":[1.375,0.25]},"south":{"uv":[0,29],"uv_size":[1.375,0.25]},"up":{"uv":[29,0],"uv_size":[1.375,0.25]},"west":{"uv":[42,21],"uv_size":[0.25,0.25]}}},{"origin":[-0.75,10.6875,-14.625],"size":[0.9375,0.1875,0.1875],"uv":{"down":{"uv":[12,33.25],"uv_size":[1,-0.25]},"east":{"uv":[22,42],"uv_size":[0.25,0.25]},"north":{"uv":[33,10],"uv_size":[1,0.25]},"south":{"uv":[11,33],"uv_size":[1,0.25]},"up":{"uv":[33,11],"uv_size":[1,0.25]},"west":{"uv":[42,22],"uv_size":[0.25,0.25]}}},{"origin":[-0.5625,10.875,-14.625],"size":[0.5625,0.1875,0.1875],"uv":{"down":{"uv":[38,0.25],"uv_size":[0.625,-0.25]},"east":{"uv":[23,42],"uv_size":[0.25,0.25]},"north":{"uv":[37,36],"uv_size":[0.625,0.25]},"south":{"uv":[37,37],"uv_size":[0.625,0.25]},"up":{"uv":[0,38],"uv_size":[0.625,0.25]},"west":{"uv":[42,23],"uv_size":[0.25,0.25]}}},{"origin":[-0.75,10.875,-14.8125],"size":[0.9375,0.1875,0.1875],"uv":{"down":{"uv":[14,33.25],"uv_size":[1,-0.25]},"east":{"uv":[24,42],"uv_size":[0.25,0.25]},"north":{"uv":[33,12],"uv_size":[1,0.25]},"south":{"uv":[13,33],"uv_size":[1,0.25]},"up":{"uv":[33,13],"uv_size":[1,0.25]},"west":{"uv":[42,24],"uv_size":[0.25,0.25]}}},{"origin":[-0.5625,11.0625,-14.8125],"size":[0.5625,0.1875,0.1875],"uv":{"down":{"uv":[38,2.25],"uv_size":[0.625,-0.25]},"east":{"uv":[25,42],"uv_size":[0.25,0.25]},"north":{"uv":[1,38],"uv_size":[0.625,0.25]},"south":{"uv":[38,1],"uv_size":[0.625,0.25]},"up":{"uv":[2,38],"uv_size":[0.625,0.25]},"west":{"uv":[42,25],"uv_size":[0.25,0.25]}}},{"origin":[-0.375,11.0625,-14.625],"size":[0.1875,0.1875,0.1875],"uv":{"down":{"uv":[42,28.25],"uv_size":[0.25,-0.25]},"east":{"uv":[42,26],"uv_size":[0.25,0.25]},"north":{"uv":[26,42],"uv_size":[0.25,0.25]},"south":{"uv":[27,42],"uv_size":[0.25,0.25]},"up":{"uv":[28,42],"uv_size":[0.25,0.25]},"west":{"uv":[42,27],"uv_size":[0.25,0.25]}}},{"origin":[-0.375,11.25,-14.8125],"size":[0.1875,0.1875,0.1875],"uv":{"down":{"uv":[42,31.25],"uv_size":[0.25,-0.25]},"east":{"uv":[42,29],"uv_size":[0.25,0.25]},"north":{"uv":[29,42],"uv_size":[0.25,0.25]},"south":{"uv":[30,42],"uv_size":[0.25,0.25]},"up":{"uv":[31,42],"uv_size":[0.25,0.25]},"west":{"uv":[42,30],"uv_size":[0.25,0.25]}}},{"origin":[-0.5625,10.3125,-11.0625],"size":[0.5625,0.1875,0.1875],"uv":{"down":{"uv":[38,4.25],"uv_size":[0.625,-0.25]},"east":{"uv":[32,42],"uv_size":[0.25,0.25]},"north":{"uv":[3,38],"uv_size":[0.625,0.25]},"south":{"uv":[38,3],"uv_size":[0.625,0.25]},"up":{"uv":[4,38],"uv_size":[0.625,0.25]},"west":{"uv":[42,32],"uv_size":[0.25,0.25]}}},{"origin":[-0.375,10.125,-11.0625],"size":[0.1875,0.1875,0.1875],"uv":{"down":{"uv":[42,35.25],"uv_size":[0.25,-0.25]},"east":{"uv":[42,33],"uv_size":[0.25,0.25]},"north":{"uv":[33,42],"uv_size":[0.25,0.25]},"south":{"uv":[34,42],"uv_size":[0.25,0.25]},"up":{"uv":[35,42],"uv_size":[0.25,0.25]},"west":{"uv":[42,34],"uv_size":[0.25,0.25]}}},{"origin":[-0.375,10.3125,-10.875],"size":[0.1875,0.1875,0.1875],"uv":{"down":{"uv":[42,38.25],"uv_size":[0.25,-0.25]},"east":{"uv":[42,36],"uv_size":[0.25,0.25]},"north":{"uv":[36,42],"uv_size":[0.25,0.25]},"south":{"uv":[37,42],"uv_size":[0.25,0.25]},"up":{"uv":[38,42],"uv_size":[0.25,0.25]},"west":{"uv":[42,37],"uv_size":[0.25,0.25]}}},{"origin":[-0.5625,10.5,-10.875],"size":[0.5625,0.1875,0.1875],"uv":{"down":{"uv":[38,6.25],"uv_size":[0.625,-0.25]},"east":{"uv":[39,42],"uv_size":[0.25,0.25]},"north":{"uv":[5,38],"uv_size":[0.625,0.25]},"south":{"uv":[38,5],"uv_size":[0.625,0.25]},"up":{"uv":[6,38],"uv_size":[0.625,0.25]},"west":{"uv":[42,39],"uv_size":[0.25,0.25]}}},{"origin":[-0.75,10.5,-11.0625],"size":[0.9375,0.1875,0.1875],"uv":{"down":{"uv":[16,33.25],"uv_size":[1,-0.25]},"east":{"uv":[40,42],"uv_size":[0.25,0.25]},"north":{"uv":[33,14],"uv_size":[1,0.25]},"south":{"uv":[15,33],"uv_size":[1,0.25]},"up":{"uv":[33,15],"uv_size":[1,0.25]},"west":{"uv":[42,40],"uv_size":[0.25,0.25]}}},{"origin":[-0.9375,10.6875,-11.0625],"size":[1.3125,0.1875,0.1875],"uv":{"down":{"uv":[29,4.25],"uv_size":[1.375,-0.25]},"east":{"uv":[41,42],"uv_size":[0.25,0.25]},"north":{"uv":[2,29],"uv_size":[1.375,0.25]},"south":{"uv":[29,2],"uv_size":[1.375,0.25]},"up":{"uv":[29,3],"uv_size":[1.375,0.25]},"west":{"uv":[42,41],"uv_size":[0.25,0.25]}}},{"origin":[-0.75,10.6875,-10.875],"size":[0.9375,0.1875,0.1875],"uv":{"down":{"uv":[18,33.25],"uv_size":[1,-0.25]},"east":{"uv":[42,42],"uv_size":[0.25,0.25]},"north":{"uv":[33,16],"uv_size":[1,0.25]},"south":{"uv":[17,33],"uv_size":[1,0.25]},"up":{"uv":[33,17],"uv_size":[1,0.25]},"west":{"uv":[0,43],"uv_size":[0.25,0.25]}}},{"origin":[-0.5625,10.875,-10.875],"size":[0.5625,0.1875,0.1875],"uv":{"down":{"uv":[38,8.25],"uv_size":[0.625,-0.25]},"east":{"uv":[43,0],"uv_size":[0.25,0.25]},"north":{"uv":[7,38],"uv_size":[0.625,0.25]},"south":{"uv":[38,7],"uv_size":[0.625,0.25]},"up":{"uv":[8,38],"uv_size":[0.625,0.25]},"west":{"uv":[1,43],"uv_size":[0.25,0.25]}}},{"origin":[-0.75,10.875,-11.0625],"size":[0.9375,0.1875,0.1875],"uv":{"down":{"uv":[20,33.25],"uv_size":[1,-0.25]},"east":{"uv":[43,1],"uv_size":[0.25,0.25]},"north":{"uv":[33,18],"uv_size":[1,0.25]},"south":{"uv":[19,33],"uv_size":[1,0.25]},"up":{"uv":[33,19],"uv_size":[1,0.25]},"west":{"uv":[2,43],"uv_size":[0.25,0.25]}}},{"origin":[-0.5625,11.0625,-11.0625],"size":[0.5625,0.1875,0.1875],"uv":{"down":{"uv":[38,10.25],"uv_size":[0.625,-0.25]},"east":{"uv":[43,2],"uv_size":[0.25,0.25]},"north":{"uv":[9,38],"uv_size":[0.625,0.25]},"south":{"uv":[38,9],"uv_size":[0.625,0.25]},"up":{"uv":[10,38],"uv_size":[0.625,0.25]},"west":{"uv":[3,43],"uv_size":[0.25,0.25]}}},{"origin":[-0.375,11.0625,-10.875],"size":[0.1875,0.1875,0.1875],"uv":{"down":{"uv":[6,43.25],"uv_size":[0.25,-0.25]},"east":{"uv":[4,43],"uv_size":[0.25,0.25]},"north":{"uv":[43,3],"uv_size":[0.25,0.25]},"south":{"uv":[43,4],"uv_size":[0.25,0.25]},"up":{"uv":[43,5],"uv_size":[0.25,0.25]},"west":{"uv":[5,43],"uv_size":[0.25,0.25]}}},{"origin":[-0.375,11.25,-11.0625],"size":[0.1875,0.1875,0.1875],"uv":{"down":{"uv":[9,43.25],"uv_size":[0.25,-0.25]},"east":{"uv":[7,43],"uv_size":[0.25,0.25]},"north":{"uv":[43,6],"uv_size":[0.25,0.25]},"south":{"uv":[43,7],"uv_size":[0.25,0.25]},"up":{"uv":[43,8],"uv_size":[0.25,0.25]},"west":{"uv":[8,43],"uv_size":[0.25,0.25]}}},{"origin":[0,10.5,-17.8125],"size":[0.1875,0.5625,0.9375],"uv":{"down":{"uv":[21,34],"uv_size":[0.25,-1]},"east":{"uv":[22,2],"uv_size":[1,0.625]},"north":{"uv":[11,38],"uv_size":[0.25,0.625]},"south":{"uv":[38,11],"uv_size":[0.25,0.625]},"up":{"uv":[33,20],"uv_size":[0.25,1]},"west":{"uv":[3,22],"uv_size":[1,0.625]}}},{"origin":[-0.5625,10.3125,-19.5],"size":[0.5625,0.1875,2.625],"uv":{"down":{"uv":[2,13.625],"uv_size":[0.625,-2.625]},"east":{"uv":[20,8],"uv_size":[2.625,0.25]},"north":{"uv":[12,38],"uv_size":[0.625,0.25]},"south":{"uv":[38,12],"uv_size":[0.625,0.25]},"up":{"uv":[11,0],"uv_size":[0.625,2.625]},"west":{"uv":[20,9],"uv_size":[2.625,0.25]}}},{"origin":[0,10.5,-18.5625],"size":[0.1875,0.5625,0.375],"uv":{"down":{"uv":[0,41.375],"uv_size":[0.25,-0.375]},"east":{"uv":[25,34],"uv_size":[0.375,0.625]},"north":{"uv":[13,38],"uv_size":[0.25,0.625]},"south":{"uv":[38,13],"uv_size":[0.25,0.625]},"up":{"uv":[40,40],"uv_size":[0.25,0.375]},"west":{"uv":[34,25],"uv_size":[0.375,0.625]}}},{"origin":[-0.75,10.5,-18.5625],"size":[0.1875,0.5625,0.375],"uv":{"down":{"uv":[1,41.375],"uv_size":[0.25,-0.375]},"east":{"uv":[26,34],"uv_size":[0.375,0.625]},"north":{"uv":[14,38],"uv_size":[0.25,0.625]},"south":{"uv":[38,14],"uv_size":[0.25,0.625]},"up":{"uv":[41,0],"uv_size":[0.25,0.375]},"west":{"uv":[34,26],"uv_size":[0.375,0.625]}}},{"origin":[-0.75,10.5,-17.8125],"size":[0.1875,0.5625,0.9375],"uv":{"down":{"uv":[22,34],"uv_size":[0.25,-1]},"east":{"uv":[22,3],"uv_size":[1,0.625]},"north":{"uv":[15,38],"uv_size":[0.25,0.625]},"south":{"uv":[38,15],"uv_size":[0.25,0.625]},"up":{"uv":[33,21],"uv_size":[0.25,1]},"west":{"uv":[4,22],"uv_size":[1,0.625]}}},{"origin":[-0.5625,11.0625,-18.9375],"size":[0.5625,0.1875,2.0625],"uv":{"down":{"uv":[3,16.125],"uv_size":[0.625,-2.125]},"east":{"uv":[23,7],"uv_size":[2.125,0.25]},"north":{"uv":[16,38],"uv_size":[0.625,0.25]},"south":{"uv":[38,16],"uv_size":[0.625,0.25]},"up":{"uv":[14,2],"uv_size":[0.625,2.125]},"west":{"uv":[23,8],"uv_size":[2.125,0.25]}}},{"origin":[0,10.5,-19.125],"size":[0.1875,0.5625,0.1875],"uv":{"down":{"uv":[10,43.25],"uv_size":[0.25,-0.25]},"east":{"uv":[38,17],"uv_size":[0.25,0.625]},"north":{"uv":[17,38],"uv_size":[0.25,0.625]},"south":{"uv":[18,38],"uv_size":[0.25,0.625]},"up":{"uv":[43,9],"uv_size":[0.25,0.25]},"west":{"uv":[38,18],"uv_size":[0.25,0.625]}}},{"origin":[-0.5625,11.0625,-19.125],"size":[0.5625,0.375,0.1875],"uv":{"down":{"uv":[38,19.25],"uv_size":[0.625,-0.25]},"east":{"uv":[41,1],"uv_size":[0.25,0.375]},"north":{"uv":[27,34],"uv_size":[0.625,0.375]},"south":{"uv":[34,27],"uv_size":[0.625,0.375]},"up":{"uv":[19,38],"uv_size":[0.625,0.25]},"west":{"uv":[2,41],"uv_size":[0.25,0.375]}}},{"origin":[-0.75,10.5,-19.5],"size":[0.1875,0.5625,0.5625],"uv":{"down":{"uv":[38,21.625],"uv_size":[0.25,-0.625]},"east":{"uv":[21,25],"uv_size":[0.625,0.625]},"north":{"uv":[20,38],"uv_size":[0.25,0.625]},"south":{"uv":[38,20],"uv_size":[0.25,0.625]},"up":{"uv":[21,38],"uv_size":[0.25,0.625]},"west":{"uv":[22,25],"uv_size":[0.625,0.625]}}},{"origin":[-0.75,11.0625,-19.5],"size":[0.75,0.375,0.1875],"uv":{"down":{"uv":[29,35.25],"uv_size":[0.75,-0.25]},"east":{"uv":[41,2],"uv_size":[0.25,0.375]},"north":{"uv":[24,29],"uv_size":[0.75,0.375]},"south":{"uv":[29,24],"uv_size":[0.75,0.375]},"up":{"uv":[35,28],"uv_size":[0.75,0.25]},"west":{"uv":[3,41],"uv_size":[0.25,0.375]}}},{"origin":[0,10.5,-19.5],"size":[0.1875,0.9375,0.1875],"uv":{"down":{"uv":[11,43.25],"uv_size":[0.25,-0.25]},"east":{"uv":[23,33],"uv_size":[0.25,1]},"north":{"uv":[33,22],"uv_size":[0.25,1]},"south":{"uv":[33,23],"uv_size":[0.25,1]},"up":{"uv":[43,10],"uv_size":[0.25,0.25]},"west":{"uv":[24,33],"uv_size":[0.25,1]}}},{"origin":[-0.5625,11.4375,-19.5],"size":[0.5625,0.375,0.1875],"uv":{"down":{"uv":[38,22.25],"uv_size":[0.625,-0.25]},"east":{"uv":[41,3],"uv_size":[0.25,0.375]},"north":{"uv":[28,34],"uv_size":[0.625,0.375]},"south":{"uv":[34,28],"uv_size":[0.625,0.375]},"up":{"uv":[22,38],"uv_size":[0.625,0.25]},"west":{"uv":[4,41],"uv_size":[0.25,0.375]}}},{"origin":[-0.5625,11.25,-19.3125],"size":[0.5625,0.375,0.1875],"uv":{"down":{"uv":[38,23.25],"uv_size":[0.625,-0.25]},"east":{"uv":[41,4],"uv_size":[0.25,0.375]},"north":{"uv":[29,34],"uv_size":[0.625,0.375]},"south":{"uv":[34,29],"uv_size":[0.625,0.375]},"up":{"uv":[23,38],"uv_size":[0.625,0.25]},"west":{"uv":[5,41],"uv_size":[0.25,0.375]}}},{"origin":[0,10.5,-19.3125],"size":[0.1875,0.75,0.1875],"uv":{"down":{"uv":[12,43.25],"uv_size":[0.25,-0.25]},"east":{"uv":[30,35],"uv_size":[0.25,0.75]},"north":{"uv":[35,29],"uv_size":[0.25,0.75]},"south":{"uv":[35,30],"uv_size":[0.25,0.75]},"up":{"uv":[43,11],"uv_size":[0.25,0.25]},"west":{"uv":[31,35],"uv_size":[0.25,0.75]}}},{"origin":[-0.75,11.0625,-19.3125],"size":[0.75,0.1875,0.1875],"uv":{"down":{"uv":[33,35.25],"uv_size":[0.75,-0.25]},"east":{"uv":[43,12],"uv_size":[0.25,0.25]},"north":{"uv":[35,31],"uv_size":[0.75,0.25]},"south":{"uv":[32,35],"uv_size":[0.75,0.25]},"up":{"uv":[35,32],"uv_size":[0.75,0.25]},"west":{"uv":[13,43],"uv_size":[0.25,0.25]}}},{"origin":[-0.5625,8.8125,-1.5],"size":[0.5625,0.375,0.375],"uv":{"down":{"uv":[34,31.375],"uv_size":[0.625,-0.375]},"east":{"uv":[39,37],"uv_size":[0.375,0.375]},"north":{"uv":[30,34],"uv_size":[0.625,0.375]},"south":{"uv":[34,30],"uv_size":[0.625,0.375]},"up":{"uv":[31,34],"uv_size":[0.625,0.375]},"west":{"uv":[38,39],"uv_size":[0.375,0.375]}}},{"origin":[-0.5625,8.0625,-1.125],"size":[0.5625,1.125,0.1875],"uv":{"down":{"uv":[38,24.25],"uv_size":[0.625,-0.25]},"east":{"uv":[25,29],"uv_size":[0.25,1.125]},"north":{"uv":[5,20],"uv_size":[0.625,1.125]},"south":{"uv":[20,5],"uv_size":[0.625,1.125]},"up":{"uv":[24,38],"uv_size":[0.625,0.25]},"west":{"uv":[26,29],"uv_size":[0.25,1.125]}}},{"origin":[-0.5625,8.25,-0.9375],"size":[0.5625,0.9375,0.1875],"uv":{"down":{"uv":[38,25.25],"uv_size":[0.625,-0.25]},"east":{"uv":[33,24],"uv_size":[0.25,1]},"north":{"uv":[22,4],"uv_size":[0.625,1]},"south":{"uv":[5,22],"uv_size":[0.625,1]},"up":{"uv":[25,38],"uv_size":[0.625,0.25]},"west":{"uv":[25,33],"uv_size":[0.25,1]}}},{"origin":[-0.5625,7.6875,-0.75],"size":[0.5625,1.5,0.1875],"uv":{"down":{"uv":[38,26.25],"uv_size":[0.625,-0.25]},"east":{"uv":[28,9],"uv_size":[0.25,1.5]},"north":{"uv":[18,0],"uv_size":[0.625,1.5]},"south":{"uv":[2,18],"uv_size":[0.625,1.5]},"up":{"uv":[26,38],"uv_size":[0.625,0.25]},"west":{"uv":[10,28],"uv_size":[0.25,1.5]}}},{"origin":[-0.5625,7.125,-0.5625],"size":[0.5625,2.0625,0.1875],"uv":{"down":{"uv":[38,27.25],"uv_size":[0.625,-0.25]},"east":{"uv":[10,23],"uv_size":[0.25,2.125]},"north":{"uv":[4,14],"uv_size":[0.625,2.125]},"south":{"uv":[5,14],"uv_size":[0.625,2.125]},"up":{"uv":[27,38],"uv_size":[0.625,0.25]},"west":{"uv":[11,23],"uv_size":[0.25,2.125]}}},{"origin":[-0.5625,6.375,-0.375],"size":[0.5625,2.8125,0.375],"uv":{"down":{"uv":[34,32.375],"uv_size":[0.625,-0.375]},"east":{"uv":[11,17],"uv_size":[0.375,2.875]},"north":{"uv":[7,10],"uv_size":[0.625,2.875]},"south":{"uv":[9,10],"uv_size":[0.625,2.875]},"up":{"uv":[32,34],"uv_size":[0.625,0.375]},"west":{"uv":[12,17],"uv_size":[0.375,2.875]}}},{"origin":[-0.5625,6.5625,0],"size":[0.5625,1.875,0.1875],"uv":{"down":{"uv":[38,28.25],"uv_size":[0.625,-0.25]},"east":{"uv":[6,24],"uv_size":[0.25,1.875]},"north":{"uv":[15,2],"uv_size":[0.625,1.875]},"south":{"uv":[11,15],"uv_size":[0.625,1.875]},"up":{"uv":[28,38],"uv_size":[0.625,0.25]},"west":{"uv":[7,24],"uv_size":[0.25,1.875]}}},{"origin":[-0.5625,6.5625,0.1875],"size":[0.5625,1.5,0.1875],"uv":{"down":{"uv":[38,29.25],"uv_size":[0.625,-0.25]},"east":{"uv":[11,28],"uv_size":[0.25,1.5]},"north":{"uv":[18,2],"uv_size":[0.625,1.5]},"south":{"uv":[4,18],"uv_size":[0.625,1.5]},"up":{"uv":[29,38],"uv_size":[0.625,0.25]},"west":{"uv":[28,11],"uv_size":[0.25,1.5]}}},{"origin":[-0.5625,7.125,0.5625],"size":[0.5625,0.375,0.1875],"uv":{"down":{"uv":[38,30.25],"uv_size":[0.625,-0.25]},"east":{"uv":[41,5],"uv_size":[0.25,0.375]},"north":{"uv":[33,34],"uv_size":[0.625,0.375]},"south":{"uv":[34,33],"uv_size":[0.625,0.375]},"up":{"uv":[30,38],"uv_size":[0.625,0.25]},"west":{"uv":[6,41],"uv_size":[0.25,0.375]}}},{"origin":[-0.5625,6.9375,0.375],"size":[0.5625,0.75,0.1875],"uv":{"down":{"uv":[38,31.25],"uv_size":[0.625,-0.25]},"east":{"uv":[35,33],"uv_size":[0.25,0.75]},"north":{"uv":[24,5],"uv_size":[0.625,0.75]},"south":{"uv":[8,24],"uv_size":[0.625,0.75]},"up":{"uv":[31,38],"uv_size":[0.625,0.25]},"west":{"uv":[34,35],"uv_size":[0.25,0.75]}}},{"origin":[-0.5625,7.125,0.75],"size":[0.5625,0.1875,0.1875],"uv":{"down":{"uv":[38,33.25],"uv_size":[0.625,-0.25]},"east":{"uv":[43,13],"uv_size":[0.25,0.25]},"north":{"uv":[32,38],"uv_size":[0.625,0.25]},"south":{"uv":[38,32],"uv_size":[0.625,0.25]},"up":{"uv":[33,38],"uv_size":[0.625,0.25]},"west":{"uv":[14,43],"uv_size":[0.25,0.25]}}},{"origin":[-0.375,8.4375,-1.3125],"size":[0.1875,0.375,0.1875],"uv":{"down":{"uv":[15,43.25],"uv_size":[0.25,-0.25]},"east":{"uv":[7,41],"uv_size":[0.25,0.375]},"north":{"uv":[41,6],"uv_size":[0.25,0.375]},"south":{"uv":[41,7],"uv_size":[0.25,0.375]},"up":{"uv":[43,14],"uv_size":[0.25,0.25]},"west":{"uv":[8,41],"uv_size":[0.25,0.375]}}},{"origin":[-0.75,9.75,-1.3125],"size":[0.9375,0.375,0.375],"uv":{"down":{"uv":[14,28.375],"uv_size":[1,-0.375]},"east":{"uv":[39,38],"uv_size":[0.375,0.375]},"north":{"uv":[12,28],"uv_size":[1,0.375]},"south":{"uv":[13,28],"uv_size":[1,0.375]},"up":{"uv":[28,13],"uv_size":[1,0.375]},"west":{"uv":[39,39],"uv_size":[0.375,0.375]}}},{"origin":[-0.75,9.75,-1.5],"size":[0.9375,0.9375,0.1875],"uv":{"down":{"uv":[27,33.25],"uv_size":[1,-0.25]},"east":{"uv":[33,25],"uv_size":[0.25,1]},"north":{"uv":[17,15],"uv_size":[1,1]},"south":{"uv":[16,17],"uv_size":[1,1]},"up":{"uv":[33,26],"uv_size":[1,0.25]},"west":{"uv":[26,33],"uv_size":[0.25,1]}}},{"origin":[-0.75,9.9375,-1.6875],"size":[0.9375,0.5625,0.1875],"uv":{"down":{"uv":[28,33.25],"uv_size":[1,-0.25]},"east":{"uv":[34,38],"uv_size":[0.25,0.625]},"north":{"uv":[22,5],"uv_size":[1,0.625]},"south":{"uv":[6,22],"uv_size":[1,0.625]},"up":{"uv":[33,27],"uv_size":[1,0.25]},"west":{"uv":[38,34],"uv_size":[0.25,0.625]}}},{"origin":[-0.75,10.125,-1.875],"size":[0.9375,0.375,0.1875],"uv":{"down":{"uv":[29,33.25],"uv_size":[1,-0.25]},"east":{"uv":[41,8],"uv_size":[0.25,0.375]},"north":{"uv":[28,14],"uv_size":[1,0.375]},"south":{"uv":[15,28],"uv_size":[1,0.375]},"up":{"uv":[33,28],"uv_size":[1,0.25]},"west":{"uv":[9,41],"uv_size":[0.25,0.375]}}},{"origin":[-0.75,10.3125,-1.3125],"size":[0.9375,0.375,0.1875],"uv":{"down":{"uv":[30,33.25],"uv_size":[1,-0.25]},"east":{"uv":[41,9],"uv_size":[0.25,0.375]},"north":{"uv":[28,15],"uv_size":[1,0.375]},"south":{"uv":[16,28],"uv_size":[1,0.375]},"up":{"uv":[33,29],"uv_size":[1,0.25]},"west":{"uv":[10,41],"uv_size":[0.25,0.375]}}},{"origin":[-0.75,10.5,-1.125],"size":[0.9375,0.1875,0.1875],"uv":{"down":{"uv":[32,33.25],"uv_size":[1,-0.25]},"east":{"uv":[43,15],"uv_size":[0.25,0.25]},"north":{"uv":[33,30],"uv_size":[1,0.25]},"south":{"uv":[31,33],"uv_size":[1,0.25]},"up":{"uv":[33,31],"uv_size":[1,0.25]},"west":{"uv":[16,43],"uv_size":[0.25,0.25]}}},{"origin":[-0.75,9.9375,-0.9375],"size":[0.9375,0.75,0.1875],"uv":{"down":{"uv":[33,33.25],"uv_size":[1,-0.25]},"east":{"uv":[35,34],"uv_size":[0.25,0.75]},"north":{"uv":[0,20],"uv_size":[1,0.75]},"south":{"uv":[1,20],"uv_size":[1,0.75]},"up":{"uv":[33,32],"uv_size":[1,0.25]},"west":{"uv":[35,35],"uv_size":[0.25,0.75]}}},{"origin":[-0.75,9.9375,-0.75],"size":[0.9375,0.5625,0.5625],"uv":{"down":{"uv":[8,22.625],"uv_size":[1,-0.625]},"east":{"uv":[25,22],"uv_size":[0.625,0.625]},"north":{"uv":[22,6],"uv_size":[1,0.625]},"south":{"uv":[7,22],"uv_size":[1,0.625]},"up":{"uv":[22,7],"uv_size":[1,0.625]},"west":{"uv":[25,23],"uv_size":[0.625,0.625]}}},{"origin":[-0.75,10.125,-0.1875],"size":[0.9375,0.375,1.3125],"uv":{"down":{"uv":[13,13.375],"uv_size":[1,-1.375]},"east":{"uv":[23,9],"uv_size":[1.375,0.375]},"north":{"uv":[28,16],"uv_size":[1,0.375]},"south":{"uv":[17,28],"uv_size":[1,0.375]},"up":{"uv":[11,13],"uv_size":[1,1.375]},"west":{"uv":[23,11],"uv_size":[1.375,0.375]}}},{"origin":[-0.75,10.125,1.125],"size":[0.9375,0.1875,2.4375],"uv":{"down":{"uv":[8,5.5],"uv_size":[1,-2.5]},"east":{"uv":[9,22],"uv_size":[2.5,0.25]},"north":{"uv":[0,34],"uv_size":[1,0.25]},"south":{"uv":[34,0],"uv_size":[1,0.25]},"up":{"uv":[3,8],"uv_size":[1,2.5]},"west":{"uv":[22,10],"uv_size":[2.5,0.25]}}},{"origin":[-0.75,10.3125,3],"size":[0.9375,0.1875,0.5625],"uv":{"down":{"uv":[12,22.625],"uv_size":[1,-0.625]},"east":{"uv":[35,38],"uv_size":[0.625,0.25]},"north":{"uv":[1,34],"uv_size":[1,0.25]},"south":{"uv":[34,1],"uv_size":[1,0.25]},"up":{"uv":[22,11],"uv_size":[1,0.625]},"west":{"uv":[38,35],"uv_size":[0.625,0.25]}}},{"origin":[-0.75,10.5,3.1875],"size":[0.9375,0.375,0.375],"uv":{"down":{"uv":[19,28.375],"uv_size":[1,-0.375]},"east":{"uv":[0,40],"uv_size":[0.375,0.375]},"north":{"uv":[28,17],"uv_size":[1,0.375]},"south":{"uv":[18,28],"uv_size":[1,0.375]},"up":{"uv":[28,18],"uv_size":[1,0.375]},"west":{"uv":[40,0],"uv_size":[0.375,0.375]}}},{"origin":[-0.9375,10.3125,3.5625],"size":[1.3125,0.5625,0.5625],"uv":{"down":{"uv":[15,18.625],"uv_size":[1.375,-0.625]},"east":{"uv":[24,25],"uv_size":[0.625,0.625]},"north":{"uv":[18,10],"uv_size":[1.375,0.625]},"south":{"uv":[13,18],"uv_size":[1.375,0.625]},"up":{"uv":[18,14],"uv_size":[1.375,0.625]},"west":{"uv":[25,24],"uv_size":[0.625,0.625]}}},{"origin":[-0.9375,10.875,3.9375],"size":[1.3125,0.1875,0.1875],"uv":{"down":{"uv":[8,29.25],"uv_size":[1.375,-0.25]},"east":{"uv":[43,16],"uv_size":[0.25,0.25]},"north":{"uv":[29,5],"uv_size":[1.375,0.25]},"south":{"uv":[29,6],"uv_size":[1.375,0.25]},"up":{"uv":[29,7],"uv_size":[1.375,0.25]},"west":{"uv":[17,43],"uv_size":[0.25,0.25]}}},{"origin":[-0.9375,7.875,4.3125],"size":[1.3125,3.1875,0.375],"uv":{"down":{"uv":[23,12.375],"uv_size":[1.375,-0.375]},"east":{"uv":[6,14],"uv_size":[0.375,3.25]},"north":{"uv":[2,0],"uv_size":[1.375,3.25]},"south":{"uv":[4,0],"uv_size":[1.375,3.25]},"up":{"uv":[12,23],"uv_size":[1.375,0.375]},"west":{"uv":[8,14],"uv_size":[0.375,3.25]}}},{"origin":[-0.9375,9.75,4.125],"size":[1.3125,1.3125,0.1875],"uv":{"down":{"uv":[29,11.25],"uv_size":[1.375,-0.25]},"east":{"uv":[4,29],"uv_size":[0.25,1.375]},"north":{"uv":[9,4],"uv_size":[1.375,1.375]},"south":{"uv":[9,8],"uv_size":[1.375,1.375]},"up":{"uv":[29,10],"uv_size":[1.375,0.25]},"west":{"uv":[29,8],"uv_size":[0.25,1.375]}}},{"origin":[-0.5625,10.5,0.75],"size":[0.5625,0.1875,0.375],"uv":{"down":{"uv":[0,35.375],"uv_size":[0.625,-0.375]},"east":{"uv":[41,10],"uv_size":[0.375,0.25]},"north":{"uv":[36,38],"uv_size":[0.625,0.25]},"south":{"uv":[38,36],"uv_size":[0.625,0.25]},"up":{"uv":[34,34],"uv_size":[0.625,0.375]},"west":{"uv":[11,41],"uv_size":[0.375,0.25]}}},{"origin":[-0.5625,10.3125,1.125],"size":[0.5625,0.375,0.375],"uv":{"down":{"uv":[2,35.375],"uv_size":[0.625,-0.375]},"east":{"uv":[1,40],"uv_size":[0.375,0.375]},"north":{"uv":[35,0],"uv_size":[0.625,0.375]},"south":{"uv":[1,35],"uv_size":[0.625,0.375]},"up":{"uv":[35,1],"uv_size":[0.625,0.375]},"west":{"uv":[40,1],"uv_size":[0.375,0.375]}}},{"origin":[-0.5625,10.3125,1.5],"size":[0.5625,0.1875,1.125],"uv":{"down":{"uv":[7,21.125],"uv_size":[0.625,-1.125]},"east":{"uv":[27,29],"uv_size":[1.125,0.25]},"north":{"uv":[37,38],"uv_size":[0.625,0.25]},"south":{"uv":[38,37],"uv_size":[0.625,0.25]},"up":{"uv":[6,20],"uv_size":[0.625,1.125]},"west":{"uv":[29,29],"uv_size":[1.125,0.25]}}},{"origin":[-0.5625,10.3125,2.625],"size":[0.5625,0.1875,0.375],"uv":{"down":{"uv":[3,35.375],"uv_size":[0.625,-0.375]},"east":{"uv":[41,11],"uv_size":[0.375,0.25]},"north":{"uv":[38,38],"uv_size":[0.625,0.25]},"south":{"uv":[0,39],"uv_size":[0.625,0.25]},"up":{"uv":[35,2],"uv_size":[0.625,0.375]},"west":{"uv":[12,41],"uv_size":[0.375,0.25]}}},{"origin":[-0.5625,10.5,2.8125],"size":[0.5625,0.1875,0.375],"uv":{"down":{"uv":[4,35.375],"uv_size":[0.625,-0.375]},"east":{"uv":[41,12],"uv_size":[0.375,0.25]},"north":{"uv":[39,0],"uv_size":[0.625,0.25]},"south":{"uv":[1,39],"uv_size":[0.625,0.25]},"up":{"uv":[35,3],"uv_size":[0.625,0.375]},"west":{"uv":[13,41],"uv_size":[0.375,0.25]}}},{"origin":[-0.75,10.5,1.5],"size":[0.9375,0.375,1.3125],"uv":{"down":{"uv":[2,15.375],"uv_size":[1,-1.375]},"east":{"uv":[23,13],"uv_size":[1.375,0.375]},"north":{"uv":[20,28],"uv_size":[1,0.375]},"south":{"uv":[21,28],"uv_size":[1,0.375]},"up":{"uv":[14,0],"uv_size":[1,1.375]},"west":{"uv":[14,23],"uv_size":[1.375,0.375]}}},{"origin":[-0.75,10.6875,0.75],"size":[0.9375,0.375,0.75],"uv":{"down":{"uv":[3,20.75],"uv_size":[1,-0.75]},"east":{"uv":[0,30],"uv_size":[0.75,0.375]},"north":{"uv":[28,21],"uv_size":[1,0.375]},"south":{"uv":[22,28],"uv_size":[1,0.375]},"up":{"uv":[2,20],"uv_size":[1,0.75]},"west":{"uv":[1,30],"uv_size":[0.75,0.375]}}},{"origin":[-0.75,11.0625,-6.375],"size":[0.9375,1.125,0.375],"uv":{"down":{"uv":[23,28.375],"uv_size":[1,-0.375]},"east":{"uv":[23,24],"uv_size":[0.375,1.125]},"north":{"uv":[16,15],"uv_size":[1,1.125]},"south":{"uv":[0,17],"uv_size":[1,1.125]},"up":{"uv":[28,22],"uv_size":[1,0.375]},"west":{"uv":[24,23],"uv_size":[0.375,1.125]}}},{"origin":[-0.75,11.0625,-4.6875],"size":[0.9375,1.125,0.375],"uv":{"down":{"uv":[24,28.375],"uv_size":[1,-0.375]},"east":{"uv":[0,25],"uv_size":[0.375,1.125]},"north":{"uv":[17,0],"uv_size":[1,1.125]},"south":{"uv":[1,17],"uv_size":[1,1.125]},"up":{"uv":[28,23],"uv_size":[1,0.375]},"west":{"uv":[25,0],"uv_size":[0.375,1.125]}}},{"origin":[-0.75,11.4375,-3.5625],"size":[0.9375,0.75,0.1875],"uv":{"down":{"uv":[34,2.25],"uv_size":[1,-0.25]},"east":{"uv":[0,36],"uv_size":[0.25,0.75]},"north":{"uv":[4,20],"uv_size":[1,0.75]},"south":{"uv":[20,4],"uv_size":[1,0.75]},"up":{"uv":[2,34],"uv_size":[1,0.25]},"west":{"uv":[36,0],"uv_size":[0.25,0.75]}}},{"origin":[-0.75,11.4375,-3.375],"size":[0.9375,0.5625,0.5625],"uv":{"down":{"uv":[22,15.625],"uv_size":[1,-0.625]},"east":{"uv":[25,25],"uv_size":[0.625,0.625]},"north":{"uv":[13,22],"uv_size":[1,0.625]},"south":{"uv":[14,22],"uv_size":[1,0.625]},"up":{"uv":[15,22],"uv_size":[1,0.625]},"west":{"uv":[26,0],"uv_size":[0.625,0.625]}}},{"origin":[-0.75,11.625,-3.9375],"size":[0.9375,0.5625,0.375],"uv":{"down":{"uv":[25,28.375],"uv_size":[1,-0.375]},"east":{"uv":[35,4],"uv_size":[0.375,0.625]},"north":{"uv":[16,22],"uv_size":[1,0.625]},"south":{"uv":[22,16],"uv_size":[1,0.625]},"up":{"uv":[28,24],"uv_size":[1,0.375]},"west":{"uv":[5,35],"uv_size":[0.375,0.625]}}},{"origin":[-0.5625,11.4375,-7.875],"size":[0.5625,0.75,0.5625],"uv":{"down":{"uv":[26,1.625],"uv_size":[0.625,-0.625]},"east":{"uv":[12,24],"uv_size":[0.625,0.75]},"north":{"uv":[9,24],"uv_size":[0.625,0.75]},"south":{"uv":[13,24],"uv_size":[0.625,0.75]},"up":{"uv":[1,26],"uv_size":[0.625,0.625]},"west":{"uv":[14,24],"uv_size":[0.625,0.75]}}},{"origin":[-0.5625,11.4375,-7.3125],"size":[0.5625,0.5625,0.1875],"uv":{"down":{"uv":[3,39.25],"uv_size":[0.625,-0.25]},"east":{"uv":[39,1],"uv_size":[0.25,0.625]},"north":{"uv":[2,26],"uv_size":[0.625,0.625]},"south":{"uv":[26,2],"uv_size":[0.625,0.625]},"up":{"uv":[39,2],"uv_size":[0.625,0.25]},"west":{"uv":[2,39],"uv_size":[0.25,0.625]}}},{"origin":[-0.5625,11.625,-8.4375],"size":[0.5625,0.375,0.5625],"uv":{"down":{"uv":[26,3.625],"uv_size":[0.625,-0.625]},"east":{"uv":[6,35],"uv_size":[0.625,0.375]},"north":{"uv":[35,5],"uv_size":[0.625,0.375]},"south":{"uv":[35,6],"uv_size":[0.625,0.375]},"up":{"uv":[3,26],"uv_size":[0.625,0.625]},"west":{"uv":[7,35],"uv_size":[0.625,0.375]}}},{"origin":[-0.5625,11.625,-7.125],"size":[0.5625,0.375,0.1875],"uv":{"down":{"uv":[4,39.25],"uv_size":[0.625,-0.25]},"east":{"uv":[41,13],"uv_size":[0.25,0.375]},"north":{"uv":[35,7],"uv_size":[0.625,0.375]},"south":{"uv":[8,35],"uv_size":[0.625,0.375]},"up":{"uv":[39,3],"uv_size":[0.625,0.25]},"west":{"uv":[14,41],"uv_size":[0.25,0.375]}}},{"origin":[-0.5625,12,-8.0625],"size":[0.5625,0.1875,0.1875],"uv":{"down":{"uv":[6,39.25],"uv_size":[0.625,-0.25]},"east":{"uv":[43,17],"uv_size":[0.25,0.25]},"north":{"uv":[39,4],"uv_size":[0.625,0.25]},"south":{"uv":[5,39],"uv_size":[0.625,0.25]},"up":{"uv":[39,5],"uv_size":[0.625,0.25]},"west":{"uv":[18,43],"uv_size":[0.25,0.25]}}},{"origin":[-0.5625,12,-3.375],"size":[0.5625,0.375,0.375],"uv":{"down":{"uv":[10,35.375],"uv_size":[0.625,-0.375]},"east":{"uv":[2,40],"uv_size":[0.375,0.375]},"north":{"uv":[35,8],"uv_size":[0.625,0.375]},"south":{"uv":[9,35],"uv_size":[0.625,0.375]},"up":{"uv":[35,9],"uv_size":[0.625,0.375]},"west":{"uv":[40,2],"uv_size":[0.375,0.375]}}},{"origin":[-0.5625,12,-3],"size":[0.5625,0.1875,0.1875],"uv":{"down":{"uv":[8,39.25],"uv_size":[0.625,-0.25]},"east":{"uv":[43,18],"uv_size":[0.25,0.25]},"north":{"uv":[39,6],"uv_size":[0.625,0.25]},"south":{"uv":[7,39],"uv_size":[0.625,0.25]},"up":{"uv":[39,7],"uv_size":[0.625,0.25]},"west":{"uv":[19,43],"uv_size":[0.25,0.25]}}},{"origin":[-0.5625,12.1875,-3.5625],"size":[0.5625,0.1875,0.1875],"uv":{"down":{"uv":[10,39.25],"uv_size":[0.625,-0.25]},"east":{"uv":[43,19],"uv_size":[0.25,0.25]},"north":{"uv":[39,8],"uv_size":[0.625,0.25]},"south":{"uv":[9,39],"uv_size":[0.625,0.25]},"up":{"uv":[39,9],"uv_size":[0.625,0.25]},"west":{"uv":[20,43],"uv_size":[0.25,0.25]}}},{"origin":[-0.5625,11.625,-6.9375],"size":[0.5625,0.375,0.5625],"uv":{"down":{"uv":[26,4.625],"uv_size":[0.625,-0.625]},"east":{"uv":[11,35],"uv_size":[0.625,0.375]},"north":{"uv":[35,10],"uv_size":[0.625,0.375]},"south":{"uv":[35,11],"uv_size":[0.625,0.375]},"up":{"uv":[4,26],"uv_size":[0.625,0.625]},"west":{"uv":[12,35],"uv_size":[0.625,0.375]}}},{"origin":[-0.5625,11.4375,-7.125],"size":[0.5625,0.1875,0.75],"uv":{"down":{"uv":[16,24.75],"uv_size":[0.625,-0.75]},"east":{"uv":[1,36],"uv_size":[0.75,0.25]},"north":{"uv":[39,10],"uv_size":[0.625,0.25]},"south":{"uv":[11,39],"uv_size":[0.625,0.25]},"up":{"uv":[15,24],"uv_size":[0.625,0.75]},"west":{"uv":[36,1],"uv_size":[0.75,0.25]}}},{"origin":[-0.5625,11.25,-3.5625],"size":[0.5625,0.1875,0.75],"uv":{"down":{"uv":[17,24.75],"uv_size":[0.625,-0.75]},"east":{"uv":[2,36],"uv_size":[0.75,0.25]},"north":{"uv":[39,11],"uv_size":[0.625,0.25]},"south":{"uv":[12,39],"uv_size":[0.625,0.25]},"up":{"uv":[24,16],"uv_size":[0.625,0.75]},"west":{"uv":[36,2],"uv_size":[0.75,0.25]}}},{"origin":[-0.5625,11.25,-3.9375],"size":[0.5625,0.375,0.375],"uv":{"down":{"uv":[14,35.375],"uv_size":[0.625,-0.375]},"east":{"uv":[3,40],"uv_size":[0.375,0.375]},"north":{"uv":[35,12],"uv_size":[0.625,0.375]},"south":{"uv":[13,35],"uv_size":[0.625,0.375]},"up":{"uv":[35,13],"uv_size":[0.625,0.375]},"west":{"uv":[40,3],"uv_size":[0.375,0.375]}}},{"origin":[-0.5625,11.25,-4.3125],"size":[0.5625,0.75,0.375],"uv":{"down":{"uv":[15,35.375],"uv_size":[0.625,-0.375]},"east":{"uv":[2,30],"uv_size":[0.375,0.75]},"north":{"uv":[18,24],"uv_size":[0.625,0.75]},"south":{"uv":[24,18],"uv_size":[0.625,0.75]},"up":{"uv":[35,14],"uv_size":[0.625,0.375]},"west":{"uv":[3,30],"uv_size":[0.375,0.75]}}},{"origin":[-0.5625,11.25,-9.5625],"size":[0.5625,0.1875,2.4375],"uv":{"down":{"uv":[12,2.5],"uv_size":[0.625,-2.5]},"east":{"uv":[17,22],"uv_size":[2.5,0.25]},"north":{"uv":[39,12],"uv_size":[0.625,0.25]},"south":{"uv":[13,39],"uv_size":[0.625,0.25]},"up":{"uv":[11,10],"uv_size":[0.625,2.5]},"west":{"uv":[22,17],"uv_size":[2.5,0.25]}}},{"origin":[0,11.4375,-9.5625],"size":[0.1875,0.5625,1.125],"uv":{"down":{"uv":[6,31.125],"uv_size":[0.25,-1.125]},"east":{"uv":[20,7],"uv_size":[1.125,0.625]},"north":{"uv":[39,13],"uv_size":[0.25,0.625]},"south":{"uv":[14,39],"uv_size":[0.25,0.625]},"up":{"uv":[5,30],"uv_size":[0.25,1.125]},"west":{"uv":[8,20],"uv_size":[1.125,0.625]}}},{"origin":[-0.75,11.4375,-8.4375],"size":[0.9375,0.1875,0.5625],"uv":{"down":{"uv":[22,19.625],"uv_size":[1,-0.625]},"east":{"uv":[39,14],"uv_size":[0.625,0.25]},"north":{"uv":[3,34],"uv_size":[1,0.25]},"south":{"uv":[34,3],"uv_size":[1,0.25]},"up":{"uv":[22,18],"uv_size":[1,0.625]},"west":{"uv":[15,39],"uv_size":[0.625,0.25]}}},{"origin":[0,11.4375,-2.8125],"size":[0.1875,0.5625,0.5625],"uv":{"down":{"uv":[17,39.625],"uv_size":[0.25,-0.625]},"east":{"uv":[5,26],"uv_size":[0.625,0.625]},"north":{"uv":[39,15],"uv_size":[0.25,0.625]},"south":{"uv":[16,39],"uv_size":[0.25,0.625]},"up":{"uv":[39,16],"uv_size":[0.25,0.625]},"west":{"uv":[26,5],"uv_size":[0.625,0.625]}}},{"origin":[0,11.625,-9.75],"size":[0.1875,0.375,0.1875],"uv":{"down":{"uv":[21,43.25],"uv_size":[0.25,-0.25]},"east":{"uv":[15,41],"uv_size":[0.25,0.375]},"north":{"uv":[41,14],"uv_size":[0.25,0.375]},"south":{"uv":[41,15],"uv_size":[0.25,0.375]},"up":{"uv":[43,20],"uv_size":[0.25,0.25]},"west":{"uv":[16,41],"uv_size":[0.25,0.375]}}},{"origin":[-0.75,12,-9.1875],"size":[0.9375,0.1875,1.125],"uv":{"down":{"uv":[3,18.125],"uv_size":[1,-1.125]},"east":{"uv":[7,30],"uv_size":[1.125,0.25]},"north":{"uv":[4,34],"uv_size":[1,0.25]},"south":{"uv":[34,4],"uv_size":[1,0.25]},"up":{"uv":[17,2],"uv_size":[1,1.125]},"west":{"uv":[30,8],"uv_size":[1.125,0.25]}}},{"origin":[-0.5625,11.25,-2.8125],"size":[0.5625,0.1875,0.5625],"uv":{"down":{"uv":[26,6.625],"uv_size":[0.625,-0.625]},"east":{"uv":[18,39],"uv_size":[0.625,0.25]},"north":{"uv":[39,17],"uv_size":[0.625,0.25]},"south":{"uv":[39,18],"uv_size":[0.625,0.25]},"up":{"uv":[6,26],"uv_size":[0.625,0.625]},"west":{"uv":[19,39],"uv_size":[0.625,0.25]}}},{"origin":[-0.75,11.4375,-9.1875],"size":[0.75,0.5625,0.75],"uv":{"down":{"uv":[6,23.75],"uv_size":[0.75,-0.75]},"east":{"uv":[24,19],"uv_size":[0.75,0.625]},"north":{"uv":[19,24],"uv_size":[0.75,0.625]},"south":{"uv":[20,24],"uv_size":[0.75,0.625]},"up":{"uv":[23,5],"uv_size":[0.75,0.75]},"west":{"uv":[24,20],"uv_size":[0.75,0.625]}}},{"origin":[-0.5625,12,-9.75],"size":[0.5625,0.1875,0.5625],"uv":{"down":{"uv":[26,7.625],"uv_size":[0.625,-0.625]},"east":{"uv":[20,39],"uv_size":[0.625,0.25]},"north":{"uv":[39,19],"uv_size":[0.625,0.25]},"south":{"uv":[39,20],"uv_size":[0.625,0.25]},"up":{"uv":[7,26],"uv_size":[0.625,0.625]},"west":{"uv":[21,39],"uv_size":[0.625,0.25]}}},{"origin":[-0.5625,12,-2.8125],"size":[0.5625,0.1875,0.5625],"uv":{"down":{"uv":[26,8.625],"uv_size":[0.625,-0.625]},"east":{"uv":[22,39],"uv_size":[0.625,0.25]},"north":{"uv":[39,21],"uv_size":[0.625,0.25]},"south":{"uv":[39,22],"uv_size":[0.625,0.25]},"up":{"uv":[8,26],"uv_size":[0.625,0.625]},"west":{"uv":[23,39],"uv_size":[0.625,0.25]}}},{"origin":[-0.5625,12.1875,-9.375],"size":[0.5625,0.1875,0.5625],"uv":{"down":{"uv":[26,9.625],"uv_size":[0.625,-0.625]},"east":{"uv":[24,39],"uv_size":[0.625,0.25]},"north":{"uv":[39,23],"uv_size":[0.625,0.25]},"south":{"uv":[39,24],"uv_size":[0.625,0.25]},"up":{"uv":[9,26],"uv_size":[0.625,0.625]},"west":{"uv":[25,39],"uv_size":[0.625,0.25]}}},{"origin":[-0.75,11.4375,-9.5625],"size":[0.1875,0.5625,0.375],"uv":{"down":{"uv":[17,41.375],"uv_size":[0.25,-0.375]},"east":{"uv":[35,15],"uv_size":[0.375,0.625]},"north":{"uv":[39,25],"uv_size":[0.25,0.625]},"south":{"uv":[26,39],"uv_size":[0.25,0.625]},"up":{"uv":[41,16],"uv_size":[0.25,0.375]},"west":{"uv":[16,35],"uv_size":[0.375,0.625]}}},{"origin":[-0.75,11.4375,-2.8125],"size":[0.1875,0.5625,0.5625],"uv":{"down":{"uv":[28,39.625],"uv_size":[0.25,-0.625]},"east":{"uv":[10,26],"uv_size":[0.625,0.625]},"north":{"uv":[39,26],"uv_size":[0.25,0.625]},"south":{"uv":[27,39],"uv_size":[0.25,0.625]},"up":{"uv":[39,27],"uv_size":[0.25,0.625]},"west":{"uv":[26,10],"uv_size":[0.625,0.625]}}},{"origin":[-0.75,11.625,-9.75],"size":[0.1875,0.375,0.1875],"uv":{"down":{"uv":[22,43.25],"uv_size":[0.25,-0.25]},"east":{"uv":[18,41],"uv_size":[0.25,0.375]},"north":{"uv":[41,17],"uv_size":[0.25,0.375]},"south":{"uv":[41,18],"uv_size":[0.25,0.375]},"up":{"uv":[43,21],"uv_size":[0.25,0.25]},"west":{"uv":[19,41],"uv_size":[0.25,0.375]}}},{"origin":[-0.5625,11.4375,-5.0625],"size":[0.5625,0.5625,0.375],"uv":{"down":{"uv":[18,35.375],"uv_size":[0.625,-0.375]},"east":{"uv":[35,16],"uv_size":[0.375,0.625]},"north":{"uv":[11,26],"uv_size":[0.625,0.625]},"south":{"uv":[26,11],"uv_size":[0.625,0.625]},"up":{"uv":[35,17],"uv_size":[0.625,0.375]},"west":{"uv":[17,35],"uv_size":[0.375,0.625]}}},{"origin":[-0.5625,11.4375,-6],"size":[0.5625,0.5625,0.375],"uv":{"down":{"uv":[20,35.375],"uv_size":[0.625,-0.375]},"east":{"uv":[35,18],"uv_size":[0.375,0.625]},"north":{"uv":[12,26],"uv_size":[0.625,0.625]},"south":{"uv":[26,12],"uv_size":[0.625,0.625]},"up":{"uv":[35,19],"uv_size":[0.625,0.375]},"west":{"uv":[19,35],"uv_size":[0.375,0.625]}}},{"origin":[-0.75,11.4375,-5.625],"size":[0.9375,0.5625,0.5625],"uv":{"down":{"uv":[22,21.625],"uv_size":[1,-0.625]},"east":{"uv":[13,26],"uv_size":[0.625,0.625]},"north":{"uv":[20,22],"uv_size":[1,0.625]},"south":{"uv":[22,20],"uv_size":[1,0.625]},"up":{"uv":[21,22],"uv_size":[1,0.625]},"west":{"uv":[26,13],"uv_size":[0.625,0.625]}}},{"origin":[-0.5625,12,-5.625],"size":[0.5625,0.1875,0.5625],"uv":{"down":{"uv":[26,14.625],"uv_size":[0.625,-0.625]},"east":{"uv":[29,39],"uv_size":[0.625,0.25]},"north":{"uv":[39,28],"uv_size":[0.625,0.25]},"south":{"uv":[39,29],"uv_size":[0.625,0.25]},"up":{"uv":[14,26],"uv_size":[0.625,0.625]},"west":{"uv":[30,39],"uv_size":[0.625,0.25]}}},{"origin":[-0.5625,11.0625,-6],"size":[0.5625,0.1875,1.3125],"uv":{"down":{"uv":[17,19.375],"uv_size":[0.625,-1.375]},"east":{"uv":[12,29],"uv_size":[1.375,0.25]},"north":{"uv":[39,30],"uv_size":[0.625,0.25]},"south":{"uv":[31,39],"uv_size":[0.625,0.25]},"up":{"uv":[10,18],"uv_size":[0.625,1.375]},"west":{"uv":[29,12],"uv_size":[1.375,0.25]}}},{"origin":[-0.375,11.25,-6],"size":[0.1875,0.1875,1.3125],"uv":{"down":{"uv":[16,30.375],"uv_size":[0.25,-1.375]},"east":{"uv":[29,13],"uv_size":[1.375,0.25]},"north":{"uv":[43,22],"uv_size":[0.25,0.25]},"south":{"uv":[23,43],"uv_size":[0.25,0.25]},"up":{"uv":[29,14],"uv_size":[0.25,1.375]},"west":{"uv":[14,29],"uv_size":[1.375,0.25]}}},{"origin":[-0.5625,11.4375,-9.375],"size":[0.5625,0.5625,0.1875],"uv":{"down":{"uv":[33,39.25],"uv_size":[0.625,-0.25]},"east":{"uv":[39,31],"uv_size":[0.25,0.625]},"north":{"uv":[15,26],"uv_size":[0.625,0.625]},"south":{"uv":[26,15],"uv_size":[0.625,0.625]},"up":{"uv":[39,32],"uv_size":[0.625,0.25]},"west":{"uv":[32,39],"uv_size":[0.25,0.625]}}},{"origin":[-0.5625,11.4375,-2.8125],"size":[0.5625,0.5625,0.375],"uv":{"down":{"uv":[22,35.375],"uv_size":[0.625,-0.375]},"east":{"uv":[35,20],"uv_size":[0.375,0.625]},"north":{"uv":[16,26],"uv_size":[0.625,0.625]},"south":{"uv":[26,16],"uv_size":[0.625,0.625]},"up":{"uv":[35,21],"uv_size":[0.625,0.375]},"west":{"uv":[21,35],"uv_size":[0.375,0.625]}}}],"name":"geyser_custom_z","parent":"geyser_custom_y","pivot":[0,10,0]}],"description":{"identifier":"geometry.geyser_custom.carnagesniper","texture_height":64,"texture_width":64,"visible_bounds_height":2.5,"visible_bounds_offset":[0,0.75,0],"visible_bounds_width":2}}]}