{"format_version":"1.16.0","minecraft:geometry":[{"bones":[{"name":"root","pivot":[0,0,0]},{"name":"waist","parent":"root","pivot":[0,12,0]},{"name":"body","parent":"waist","pivot":[0,24,0]},{"cubes":[{"origin":[-8,12,-2],"size":[4,12,4],"uv":[40,16]}],"name":"rightArm","parent":"body","pivot":[-5,22,0]},{"locators":{"lead_hold":[-6,15,1]},"name":"rightItem","parent":"rightArm","pivot":[-6,15,1]},{"name":"geyser_custom","parent":"rightItem","pivot":[0.03125,8,0]},{"name":"geyser_custom_x","parent":"geyser_custom","pivot":[0.03125,8,0]},{"name":"geyser_custom_y","parent":"geyser_custom_x","pivot":[0.03125,8,0]},{"cubes":[{"origin":[-0.625,7.75,3.8125],"size":[1.25,1.75,0.75],"uv":{"down":{"uv":[21,8.75],"uv_size":[1.25,-0.75]},"east":{"uv":[19,17],"uv_size":[0.75,1.75]},"north":{"uv":[6,15],"uv_size":[1.25,1.75]},"south":{"uv":[15,7],"uv_size":[1.25,1.75]},"up":{"uv":[21,7],"uv_size":[1.25,0.75]},"west":{"uv":[19,19],"uv_size":[0.75,1.75]}}},{"origin":[-0.625,7.75,6.0625],"size":[1.25,1.25,0.25],"uv":{"down":{"uv":[26,20.25],"uv_size":[1.25,-0.25]},"east":{"uv":[18,26],"uv_size":[0.25,1.25]},"north":{"uv":[18,15],"uv_size":[1.25,1.25]},"south":{"uv":[17,18],"uv_size":[1.25,1.25]},"up":{"uv":[19,26],"uv_size":[1.25,0.25]},"west":{"uv":[26,18],"uv_size":[0.25,1.25]}}},{"origin":[-0.625,8,2.8125],"size":[1.25,1.5,1],"uv":{"down":{"uv":[20,16],"uv_size":[1.25,-1]},"east":{"uv":[8,19],"uv_size":[1,1.5]},"north":{"uv":[12,16],"uv_size":[1.25,1.5]},"south":{"uv":[16,12],"uv_size":[1.25,1.5]},"up":{"uv":[14,20],"uv_size":[1.25,1]},"west":{"uv":[9,19],"uv_size":[1,1.5]}}},{"origin":[-0.625,8.25,0.8125],"size":[1.25,1.75,1.75],"uv":{"down":{"uv":[2,17.75],"uv_size":[1.25,-1.75]},"east":{"uv":[10,12],"uv_size":[1.75,1.75]},"north":{"uv":[8,15],"uv_size":[1.25,1.75]},"south":{"uv":[15,9],"uv_size":[1.25,1.75]},"up":{"uv":[0,16],"uv_size":[1.25,1.75]},"west":{"uv":[12,12],"uv_size":[1.75,1.75]}}},{"origin":[-0.625,8.25,2.5625],"size":[1.25,1.5,0.25],"uv":{"down":{"uv":[26,21.25],"uv_size":[1.25,-0.25]},"east":{"uv":[6,25],"uv_size":[0.25,1.5]},"north":{"uv":[14,16],"uv_size":[1.25,1.5]},"south":{"uv":[16,14],"uv_size":[1.25,1.5]},"up":{"uv":[21,26],"uv_size":[1.25,0.25]},"west":{"uv":[9,25],"uv_size":[0.25,1.5]}}},{"origin":[-0.625,8.25,4.5625],"size":[1.25,1.5,1.25],"uv":{"down":{"uv":[19,8.25],"uv_size":[1.25,-1.25]},"east":{"uv":[6,17],"uv_size":[1.25,1.5]},"north":{"uv":[16,16],"uv_size":[1.25,1.5]},"south":{"uv":[17,7],"uv_size":[1.25,1.5]},"up":{"uv":[6,19],"uv_size":[1.25,1.25]},"west":{"uv":[8,17],"uv_size":[1.25,1.5]}}},{"origin":[-0.625,8.25,5.8125],"size":[1.25,0.75,0.25],"uv":{"down":{"uv":[23,26.25],"uv_size":[1.25,-0.25]},"east":{"uv":[28,6],"uv_size":[0.25,0.75]},"north":{"uv":[21,11],"uv_size":[1.25,0.75]},"south":{"uv":[21,12],"uv_size":[1.25,0.75]},"up":{"uv":[26,22],"uv_size":[1.25,0.25]},"west":{"uv":[28,7],"uv_size":[0.25,0.75]}}},{"origin":[-0.625,8.5,-7.1875],"size":[1.25,1.5,0.5],"uv":{"down":{"uv":[10,23.5],"uv_size":[1.25,-0.5]},"east":{"uv":[7,22],"uv_size":[0.5,1.5]},"north":{"uv":[17,9],"uv_size":[1.25,1.5]},"south":{"uv":[10,17],"uv_size":[1.25,1.5]},"up":{"uv":[23,8],"uv_size":[1.25,0.5]},"west":{"uv":[13,22],"uv_size":[0.5,1.5]}}},{"origin":[-0.625,8.5,-3.9375],"size":[1.25,1.5,2.25],"uv":{"down":{"uv":[2,15.25],"uv_size":[1.25,-2.25]},"east":{"uv":[10,6],"uv_size":[2.25,1.5]},"north":{"uv":[0,18],"uv_size":[1.25,1.5]},"south":{"uv":[2,18],"uv_size":[1.25,1.5]},"up":{"uv":[0,13],"uv_size":[1.25,2.25]},"west":{"uv":[10,8],"uv_size":[2.25,1.5]}}},{"origin":[-0.625,8.75,-1.6875],"size":[1.25,1.25,2.5],"uv":{"down":{"uv":[12,4.5],"uv_size":[1.25,-2.5]},"east":{"uv":[10,10],"uv_size":[2.5,1.25]},"north":{"uv":[13,18],"uv_size":[1.25,1.25]},"south":{"uv":[15,18],"uv_size":[1.25,1.25]},"up":{"uv":[4,10],"uv_size":[1.25,2.5]},"west":{"uv":[12,0],"uv_size":[2.5,1.25]}}},{"origin":[-0.625,9.25,-6.6875],"size":[1.25,0.75,2.75],"uv":{"down":{"uv":[10,2.75],"uv_size":[1.25,-2.75]},"east":{"uv":[16,4],"uv_size":[2.75,0.75]},"north":{"uv":[21,13],"uv_size":[1.25,0.75]},"south":{"uv":[14,21],"uv_size":[1.25,0.75]},"up":{"uv":[0,10],"uv_size":[1.25,2.75]},"west":{"uv":[16,11],"uv_size":[2.75,0.75]}}},{"origin":[-0.625,9.5,4.3125],"size":[1.25,0.25,0.25],"uv":{"down":{"uv":[26,25.25],"uv_size":[1.25,-0.25]},"east":{"uv":[1,32],"uv_size":[0.25,0.25]},"north":{"uv":[26,23],"uv_size":[1.25,0.25]},"south":{"uv":[26,24],"uv_size":[1.25,0.25]},"up":{"uv":[25,26],"uv_size":[1.25,0.25]},"west":{"uv":[32,1],"uv_size":[0.25,0.25]}}},{"origin":[-0.875,7.25,7.0625],"size":[1.75,3,0.5],"uv":{"down":{"uv":[18,21.5],"uv_size":[1.75,-0.5]},"east":{"uv":[19,9],"uv_size":[0.5,3]},"north":{"uv":[6,0],"uv_size":[1.75,3]},"south":{"uv":[6,3],"uv_size":[1.75,3]},"up":{"uv":[21,14],"uv_size":[1.75,0.5]},"west":{"uv":[10,19],"uv_size":[0.5,3]}}},{"origin":[-0.875,9.5,7.5625],"size":[1.75,0.75,0.25],"uv":{"down":{"uv":[24,9.25],"uv_size":[1.75,-0.25]},"east":{"uv":[8,28],"uv_size":[0.25,0.75]},"north":{"uv":[19,4],"uv_size":[1.75,0.75]},"south":{"uv":[0,20],"uv_size":[1.75,0.75]},"up":{"uv":[9,24],"uv_size":[1.75,0.25]},"west":{"uv":[28,8],"uv_size":[0.25,0.75]}}},{"origin":[-0.875,9.5,7.8125],"size":[1.75,0.5,0.25],"uv":{"down":{"uv":[24,11.25],"uv_size":[1.75,-0.25]},"east":{"uv":[31,5],"uv_size":[0.25,0.5]},"north":{"uv":[21,19],"uv_size":[1.75,0.5]},"south":{"uv":[20,21],"uv_size":[1.75,0.5]},"up":{"uv":[24,10],"uv_size":[1.75,0.25]},"west":{"uv":[6,31],"uv_size":[0.25,0.5]}}},{"origin":[-0.625,7.25,7.5625],"size":[1.25,2.25,0.25],"uv":{"down":{"uv":[27,0.25],"uv_size":[1.25,-0.25]},"east":{"uv":[23,19],"uv_size":[0.25,2.25]},"north":{"uv":[4,13],"uv_size":[1.25,2.25]},"south":{"uv":[13,5],"uv_size":[1.25,2.25]},"up":{"uv":[0,27],"uv_size":[1.25,0.25]},"west":{"uv":[21,23],"uv_size":[0.25,2.25]}}},{"origin":[-0.625,7.5,6.8125],"size":[1.25,2.25,0.25],"uv":{"down":{"uv":[2,27.25],"uv_size":[1.25,-0.25]},"east":{"uv":[22,23],"uv_size":[0.25,2.25]},"north":{"uv":[13,8],"uv_size":[1.25,2.25]},"south":{"uv":[14,2],"uv_size":[1.25,2.25]},"up":{"uv":[27,1],"uv_size":[1.25,0.25]},"west":{"uv":[23,22],"uv_size":[0.25,2.25]}}},{"origin":[-0.875,9.75,6.8125],"size":[1.75,0.5,0.25],"uv":{"down":{"uv":[24,15.25],"uv_size":[1.75,-0.25]},"east":{"uv":[31,6],"uv_size":[0.25,0.5]},"north":{"uv":[21,20],"uv_size":[1.75,0.5]},"south":{"uv":[2,22],"uv_size":[1.75,0.5]},"up":{"uv":[24,12],"uv_size":[1.75,0.25]},"west":{"uv":[7,31],"uv_size":[0.25,0.5]}}},{"origin":[-0.875,7.5,6.3125],"size":[1.75,2.75,0.5],"uv":{"down":{"uv":[22,3.5],"uv_size":[1.75,-0.5]},"east":{"uv":[11,19],"uv_size":[0.5,2.75]},"north":{"uv":[6,6],"uv_size":[1.75,2.75]},"south":{"uv":[8,0],"uv_size":[1.75,2.75]},"up":{"uv":[22,2],"uv_size":[1.75,0.5]},"west":{"uv":[19,12],"uv_size":[0.5,2.75]}}},{"origin":[-0.875,9,5.8125],"size":[1.75,1.25,0.5],"uv":{"down":{"uv":[22,9.5],"uv_size":[1.75,-0.5]},"east":{"uv":[23,11],"uv_size":[0.5,1.25]},"north":{"uv":[16,2],"uv_size":[1.75,1.25]},"south":{"uv":[4,16],"uv_size":[1.75,1.25]},"up":{"uv":[5,22],"uv_size":[1.75,0.5]},"west":{"uv":[12,23],"uv_size":[0.5,1.25]}}},{"origin":[-0.875,9.75,4.3125],"size":[1.75,0.5,1.5],"uv":{"down":{"uv":[14,15.5],"uv_size":[1.75,-1.5]},"east":{"uv":[14,22],"uv_size":[1.5,0.5]},"north":{"uv":[10,22],"uv_size":[1.75,0.5]},"south":{"uv":[22,10],"uv_size":[1.75,0.5]},"up":{"uv":[12,14],"uv_size":[1.75,1.5]},"west":{"uv":[22,15],"uv_size":[1.5,0.5]}}},{"origin":[-0.375,9.5,2.8125],"size":[0.75,0.5,1.5],"uv":{"down":{"uv":[20,20.5],"uv_size":[0.75,-1.5]},"east":{"uv":[22,17],"uv_size":[1.5,0.5]},"north":{"uv":[25,2],"uv_size":[0.75,0.5]},"south":{"uv":[25,6],"uv_size":[0.75,0.5]},"up":{"uv":[20,17],"uv_size":[0.75,1.5]},"west":{"uv":[18,22],"uv_size":[1.5,0.5]}}},{"origin":[-0.375,9.75,2.5625],"size":[0.75,0.25,0.25],"uv":{"down":{"uv":[28,10.25],"uv_size":[0.75,-0.25]},"east":{"uv":[2,32],"uv_size":[0.25,0.25]},"north":{"uv":[9,28],"uv_size":[0.75,0.25]},"south":{"uv":[28,9],"uv_size":[0.75,0.25]},"up":{"uv":[10,28],"uv_size":[0.75,0.25]},"west":{"uv":[32,2],"uv_size":[0.25,0.25]}}},{"origin":[-0.375,5.75,0.3125],"size":[0.75,2.5,0.25],"uv":{"down":{"uv":[28,11.25],"uv_size":[0.75,-0.25]},"east":{"uv":[14,23],"uv_size":[0.25,2.5]},"north":{"uv":[4,18],"uv_size":[0.75,2.5]},"south":{"uv":[5,18],"uv_size":[0.75,2.5]},"up":{"uv":[11,28],"uv_size":[0.75,0.25]},"west":{"uv":[15,23],"uv_size":[0.25,2.5]}}},{"origin":[-0.375,6,0.8125],"size":[0.75,1.5,0.25],"uv":{"down":{"uv":[28,12.25],"uv_size":[0.75,-0.25]},"east":{"uv":[10,25],"uv_size":[0.25,1.5]},"north":{"uv":[0,21],"uv_size":[0.75,1.5]},"south":{"uv":[1,21],"uv_size":[0.75,1.5]},"up":{"uv":[12,28],"uv_size":[0.75,0.25]},"west":{"uv":[12,25],"uv_size":[0.25,1.5]}}},{"origin":[-0.375,6,1.0625],"size":[0.75,1,0.25],"uv":{"down":{"uv":[28,13.25],"uv_size":[0.75,-0.25]},"east":{"uv":[8,27],"uv_size":[0.25,1]},"north":{"uv":[12,5],"uv_size":[0.75,1]},"south":{"uv":[13,11],"uv_size":[0.75,1]},"up":{"uv":[13,28],"uv_size":[0.75,0.25]},"west":{"uv":[9,27],"uv_size":[0.25,1]}}},{"origin":[-0.375,6.25,1.3125],"size":[0.75,0.25,0.25],"uv":{"down":{"uv":[28,15.25],"uv_size":[0.75,-0.25]},"east":{"uv":[3,32],"uv_size":[0.25,0.25]},"north":{"uv":[14,28],"uv_size":[0.75,0.25]},"south":{"uv":[28,14],"uv_size":[0.75,0.25]},"up":{"uv":[15,28],"uv_size":[0.75,0.25]},"west":{"uv":[32,3],"uv_size":[0.25,0.25]}}},{"origin":[-0.375,6,0.5625],"size":[0.75,2.25,0.25],"uv":{"down":{"uv":[28,16.25],"uv_size":[0.75,-0.25]},"east":{"uv":[0,24],"uv_size":[0.25,2.25]},"north":{"uv":[12,18],"uv_size":[0.75,2.25]},"south":{"uv":[18,12],"uv_size":[0.75,2.25]},"up":{"uv":[16,28],"uv_size":[0.75,0.25]},"west":{"uv":[1,24],"uv_size":[0.25,2.25]}}},{"origin":[-0.375,6.5,0.0625],"size":[0.75,1.75,0.25],"uv":{"down":{"uv":[28,17.25],"uv_size":[0.75,-0.25]},"east":{"uv":[11,24],"uv_size":[0.25,1.75]},"north":{"uv":[2,20],"uv_size":[0.75,1.75]},"south":{"uv":[20,2],"uv_size":[0.75,1.75]},"up":{"uv":[17,28],"uv_size":[0.75,0.25]},"west":{"uv":[13,24],"uv_size":[0.25,1.75]}}},{"origin":[-0.375,7.5,-0.1875],"size":[0.75,0.75,0.25],"uv":{"down":{"uv":[28,19.25],"uv_size":[0.75,-0.25]},"east":{"uv":[18,28],"uv_size":[0.25,0.75]},"north":{"uv":[2,24],"uv_size":[0.75,0.75]},"south":{"uv":[24,2],"uv_size":[0.75,0.75]},"up":{"uv":[19,28],"uv_size":[0.75,0.25]},"west":{"uv":[28,18],"uv_size":[0.25,0.75]}}},{"origin":[-0.375,8,-1.6875],"size":[0.75,0.25,1.5],"uv":{"down":{"uv":[4,22.5],"uv_size":[0.75,-1.5]},"east":{"uv":[25,8],"uv_size":[1.5,0.25]},"north":{"uv":[20,28],"uv_size":[0.75,0.25]},"south":{"uv":[28,20],"uv_size":[0.75,0.25]},"up":{"uv":[21,2],"uv_size":[0.75,1.5]},"west":{"uv":[25,13],"uv_size":[1.5,0.25]}}},{"origin":[-0.625,8.25,-1.6875],"size":[1.25,0.5,2.5],"uv":{"down":{"uv":[8,14.5],"uv_size":[1.25,-2.5]},"east":{"uv":[16,20],"uv_size":[2.5,0.5]},"north":{"uv":[23,13],"uv_size":[1.25,0.5]},"south":{"uv":[23,14],"uv_size":[1.25,0.5]},"up":{"uv":[6,12],"uv_size":[1.25,2.5]},"west":{"uv":[20,16],"uv_size":[2.5,0.5]}}},{"origin":[-0.375,7.5,-1.4375],"size":[0.75,0.5,0.25],"uv":{"down":{"uv":[28,21.25],"uv_size":[0.75,-0.25]},"east":{"uv":[31,7],"uv_size":[0.25,0.5]},"north":{"uv":[25,14],"uv_size":[0.75,0.5]},"south":{"uv":[16,25],"uv_size":[0.75,0.5]},"up":{"uv":[21,28],"uv_size":[0.75,0.25]},"west":{"uv":[8,31],"uv_size":[0.25,0.5]}}},{"origin":[-0.375,7.25,-1.1875],"size":[0.75,0.25,1],"uv":{"down":{"uv":[22,19],"uv_size":[0.75,-1]},"east":{"uv":[27,9],"uv_size":[1,0.25]},"north":{"uv":[22,28],"uv_size":[0.75,0.25]},"south":{"uv":[28,22],"uv_size":[0.75,0.25]},"up":{"uv":[18,17],"uv_size":[0.75,1]},"west":{"uv":[10,27],"uv_size":[1,0.25]}}},{"origin":[-0.375,7.25,-4.9375],"size":[0.75,0.5,0.5],"uv":{"down":{"uv":[19,25.5],"uv_size":[0.75,-0.5]},"east":{"uv":[27,10],"uv_size":[0.5,0.5]},"north":{"uv":[17,25],"uv_size":[0.75,0.5]},"south":{"uv":[18,25],"uv_size":[0.75,0.5]},"up":{"uv":[25,18],"uv_size":[0.75,0.5]},"west":{"uv":[27,11],"uv_size":[0.5,0.5]}}},{"origin":[-0.375,7.5,-4.4375],"size":[0.75,0.5,0.25],"uv":{"down":{"uv":[28,23.25],"uv_size":[0.75,-0.25]},"east":{"uv":[31,8],"uv_size":[0.25,0.5]},"north":{"uv":[23,25],"uv_size":[0.75,0.5]},"south":{"uv":[25,24],"uv_size":[0.75,0.5]},"up":{"uv":[23,28],"uv_size":[0.75,0.25]},"west":{"uv":[9,31],"uv_size":[0.25,0.5]}}},{"origin":[-0.375,7.75,-5.9375],"size":[0.75,0.25,0.5],"uv":{"down":{"uv":[26,0.5],"uv_size":[0.75,-0.5]},"east":{"uv":[31,9],"uv_size":[0.5,0.25]},"north":{"uv":[24,28],"uv_size":[0.75,0.25]},"south":{"uv":[28,24],"uv_size":[0.75,0.25]},"up":{"uv":[25,25],"uv_size":[0.75,0.5]},"west":{"uv":[10,31],"uv_size":[0.5,0.25]}}},{"origin":[-0.375,7.5,-5.4375],"size":[0.75,0.5,0.5],"uv":{"down":{"uv":[26,5.5],"uv_size":[0.75,-0.5]},"east":{"uv":[12,27],"uv_size":[0.5,0.5]},"north":{"uv":[26,1],"uv_size":[0.75,0.5]},"south":{"uv":[26,2],"uv_size":[0.75,0.5]},"up":{"uv":[26,4],"uv_size":[0.75,0.5]},"west":{"uv":[27,12],"uv_size":[0.5,0.5]}}},{"origin":[-0.625,10,-7.1875],"size":[1.25,0.25,9.75],"uv":{"down":{"uv":[2,9.75],"uv_size":[1.25,-9.75]},"east":{"uv":[15,0],"uv_size":[9.75,0.25]},"north":{"uv":[27,2],"uv_size":[1.25,0.25]},"south":{"uv":[27,3],"uv_size":[1.25,0.25]},"up":{"uv":[0,0],"uv_size":[1.25,9.75]},"west":{"uv":[15,1],"uv_size":[9.75,0.25]}}},{"origin":[-0.875,8.25,-6.4375],"size":[1.75,0.25,2.5],"uv":{"down":{"uv":[8,8.5],"uv_size":[1.75,-2.5]},"east":{"uv":[16,23],"uv_size":[2.5,0.25]},"north":{"uv":[16,24],"uv_size":[1.75,0.25]},"south":{"uv":[24,17],"uv_size":[1.75,0.25]},"up":{"uv":[8,3],"uv_size":[1.75,2.5]},"west":{"uv":[23,16],"uv_size":[2.5,0.25]}}},{"origin":[-0.625,8,-6.6875],"size":[1.25,0.25,2.75],"uv":{"down":{"uv":[10,5.75],"uv_size":[1.25,-2.75]},"east":{"uv":[4,23],"uv_size":[2.75,0.25]},"north":{"uv":[4,27],"uv_size":[1.25,0.25]},"south":{"uv":[27,4],"uv_size":[1.25,0.25]},"up":{"uv":[2,10],"uv_size":[1.25,2.75]},"west":{"uv":[23,7],"uv_size":[2.75,0.25]}}},{"origin":[-0.625,8.5,-6.4375],"size":[1.25,0.5,2.25],"uv":{"down":{"uv":[14,13.25],"uv_size":[1.25,-2.25]},"east":{"uv":[21,4],"uv_size":[2.25,0.5]},"north":{"uv":[23,18],"uv_size":[1.25,0.5]},"south":{"uv":[19,23],"uv_size":[1.25,0.5]},"up":{"uv":[10,14],"uv_size":[1.25,2.25]},"west":{"uv":[5,21],"uv_size":[2.25,0.5]}}},{"origin":[-0.875,8.25,-6.6875],"size":[1.75,1,0.25],"uv":{"down":{"uv":[24,19.25],"uv_size":[1.75,-0.25]},"east":{"uv":[27,13],"uv_size":[0.25,1]},"north":{"uv":[18,2],"uv_size":[1.75,1]},"south":{"uv":[18,3],"uv_size":[1.75,1]},"up":{"uv":[18,24],"uv_size":[1.75,0.25]},"west":{"uv":[14,27],"uv_size":[0.25,1]}}},{"origin":[-0.875,9,-6.4375],"size":[1.75,0.25,2.25],"uv":{"down":{"uv":[8,11.25],"uv_size":[1.75,-2.25]},"east":{"uv":[3,24],"uv_size":[2.25,0.25]},"north":{"uv":[24,20],"uv_size":[1.75,0.25]},"south":{"uv":[24,21],"uv_size":[1.75,0.25]},"up":{"uv":[6,9],"uv_size":[1.75,2.25]},"west":{"uv":[24,3],"uv_size":[2.25,0.25]}}},{"origin":[-0.875,8.5,-4.1875],"size":[1.75,0.75,0.25],"uv":{"down":{"uv":[24,23.25],"uv_size":[1.75,-0.25]},"east":{"uv":[25,28],"uv_size":[0.25,0.75]},"north":{"uv":[20,9],"uv_size":[1.75,0.75]},"south":{"uv":[20,10],"uv_size":[1.75,0.75]},"up":{"uv":[24,22],"uv_size":[1.75,0.25]},"west":{"uv":[28,25],"uv_size":[0.25,0.75]}}},{"origin":[-0.375,10.25,-7.1875],"size":[0.75,0.25,9.75],"uv":{"down":{"uv":[5,9.75],"uv_size":[0.75,-9.75]},"east":{"uv":[15,5],"uv_size":[9.75,0.25]},"north":{"uv":[26,28],"uv_size":[0.75,0.25]},"south":{"uv":[28,26],"uv_size":[0.75,0.25]},"up":{"uv":[4,0],"uv_size":[0.75,9.75]},"west":{"uv":[15,6],"uv_size":[9.75,0.25]}}},{"origin":[-0.375,10.5,-5.9375],"size":[0.75,0.25,0.25],"uv":{"down":{"uv":[0,29.25],"uv_size":[0.75,-0.25]},"east":{"uv":[4,32],"uv_size":[0.25,0.25]},"north":{"uv":[27,28],"uv_size":[0.75,0.25]},"south":{"uv":[28,27],"uv_size":[0.75,0.25]},"up":{"uv":[28,28],"uv_size":[0.75,0.25]},"west":{"uv":[32,4],"uv_size":[0.25,0.25]}}},{"origin":[-0.375,10.5,-5.4375],"size":[0.75,0.25,0.25],"uv":{"down":{"uv":[2,29.25],"uv_size":[0.75,-0.25]},"east":{"uv":[5,32],"uv_size":[0.25,0.25]},"north":{"uv":[29,0],"uv_size":[0.75,0.25]},"south":{"uv":[1,29],"uv_size":[0.75,0.25]},"up":{"uv":[29,1],"uv_size":[0.75,0.25]},"west":{"uv":[32,5],"uv_size":[0.25,0.25]}}},{"origin":[-0.375,10.5,-4.9375],"size":[0.75,0.25,0.25],"uv":{"down":{"uv":[4,29.25],"uv_size":[0.75,-0.25]},"east":{"uv":[6,32],"uv_size":[0.25,0.25]},"north":{"uv":[29,2],"uv_size":[0.75,0.25]},"south":{"uv":[3,29],"uv_size":[0.75,0.25]},"up":{"uv":[29,3],"uv_size":[0.75,0.25]},"west":{"uv":[32,6],"uv_size":[0.25,0.25]}}},{"origin":[-0.375,10.5,-4.4375],"size":[0.75,0.25,0.25],"uv":{"down":{"uv":[6,29.25],"uv_size":[0.75,-0.25]},"east":{"uv":[7,32],"uv_size":[0.25,0.25]},"north":{"uv":[29,4],"uv_size":[0.75,0.25]},"south":{"uv":[5,29],"uv_size":[0.75,0.25]},"up":{"uv":[29,5],"uv_size":[0.75,0.25]},"west":{"uv":[32,7],"uv_size":[0.25,0.25]}}},{"origin":[-0.375,10.5,-3.9375],"size":[0.75,0.25,0.25],"uv":{"down":{"uv":[8,29.25],"uv_size":[0.75,-0.25]},"east":{"uv":[8,32],"uv_size":[0.25,0.25]},"north":{"uv":[29,6],"uv_size":[0.75,0.25]},"south":{"uv":[7,29],"uv_size":[0.75,0.25]},"up":{"uv":[29,7],"uv_size":[0.75,0.25]},"west":{"uv":[32,8],"uv_size":[0.25,0.25]}}},{"origin":[-0.375,10.5,-3.4375],"size":[0.75,0.25,0.25],"uv":{"down":{"uv":[10,29.25],"uv_size":[0.75,-0.25]},"east":{"uv":[9,32],"uv_size":[0.25,0.25]},"north":{"uv":[29,8],"uv_size":[0.75,0.25]},"south":{"uv":[9,29],"uv_size":[0.75,0.25]},"up":{"uv":[29,9],"uv_size":[0.75,0.25]},"west":{"uv":[32,9],"uv_size":[0.25,0.25]}}},{"origin":[-0.375,10.5,-2.9375],"size":[0.75,0.25,0.25],"uv":{"down":{"uv":[12,29.25],"uv_size":[0.75,-0.25]},"east":{"uv":[10,32],"uv_size":[0.25,0.25]},"north":{"uv":[29,10],"uv_size":[0.75,0.25]},"south":{"uv":[11,29],"uv_size":[0.75,0.25]},"up":{"uv":[29,11],"uv_size":[0.75,0.25]},"west":{"uv":[32,10],"uv_size":[0.25,0.25]}}},{"origin":[-0.375,10.5,-2.4375],"size":[0.75,0.25,0.25],"uv":{"down":{"uv":[14,29.25],"uv_size":[0.75,-0.25]},"east":{"uv":[11,32],"uv_size":[0.25,0.25]},"north":{"uv":[29,12],"uv_size":[0.75,0.25]},"south":{"uv":[13,29],"uv_size":[0.75,0.25]},"up":{"uv":[29,13],"uv_size":[0.75,0.25]},"west":{"uv":[32,11],"uv_size":[0.25,0.25]}}},{"origin":[-0.375,10.5,-1.9375],"size":[0.75,0.25,0.25],"uv":{"down":{"uv":[16,29.25],"uv_size":[0.75,-0.25]},"east":{"uv":[12,32],"uv_size":[0.25,0.25]},"north":{"uv":[29,14],"uv_size":[0.75,0.25]},"south":{"uv":[15,29],"uv_size":[0.75,0.25]},"up":{"uv":[29,15],"uv_size":[0.75,0.25]},"west":{"uv":[32,12],"uv_size":[0.25,0.25]}}},{"origin":[-0.375,10.5,-1.4375],"size":[0.75,0.25,0.25],"uv":{"down":{"uv":[18,29.25],"uv_size":[0.75,-0.25]},"east":{"uv":[13,32],"uv_size":[0.25,0.25]},"north":{"uv":[29,16],"uv_size":[0.75,0.25]},"south":{"uv":[17,29],"uv_size":[0.75,0.25]},"up":{"uv":[29,17],"uv_size":[0.75,0.25]},"west":{"uv":[32,13],"uv_size":[0.25,0.25]}}},{"origin":[-0.375,10.5,-0.9375],"size":[0.75,0.25,0.25],"uv":{"down":{"uv":[20,29.25],"uv_size":[0.75,-0.25]},"east":{"uv":[14,32],"uv_size":[0.25,0.25]},"north":{"uv":[29,18],"uv_size":[0.75,0.25]},"south":{"uv":[19,29],"uv_size":[0.75,0.25]},"up":{"uv":[29,19],"uv_size":[0.75,0.25]},"west":{"uv":[32,14],"uv_size":[0.25,0.25]}}},{"origin":[-0.375,10.5,-0.4375],"size":[0.75,0.25,0.25],"uv":{"down":{"uv":[22,29.25],"uv_size":[0.75,-0.25]},"east":{"uv":[15,32],"uv_size":[0.25,0.25]},"north":{"uv":[29,20],"uv_size":[0.75,0.25]},"south":{"uv":[21,29],"uv_size":[0.75,0.25]},"up":{"uv":[29,21],"uv_size":[0.75,0.25]},"west":{"uv":[32,15],"uv_size":[0.25,0.25]}}},{"origin":[-0.375,10.5,0.0625],"size":[0.75,0.25,0.25],"uv":{"down":{"uv":[24,29.25],"uv_size":[0.75,-0.25]},"east":{"uv":[16,32],"uv_size":[0.25,0.25]},"north":{"uv":[29,22],"uv_size":[0.75,0.25]},"south":{"uv":[23,29],"uv_size":[0.75,0.25]},"up":{"uv":[29,23],"uv_size":[0.75,0.25]},"west":{"uv":[32,16],"uv_size":[0.25,0.25]}}},{"origin":[-0.375,10.5,0.5625],"size":[0.75,0.25,0.25],"uv":{"down":{"uv":[26,29.25],"uv_size":[0.75,-0.25]},"east":{"uv":[17,32],"uv_size":[0.25,0.25]},"north":{"uv":[29,24],"uv_size":[0.75,0.25]},"south":{"uv":[25,29],"uv_size":[0.75,0.25]},"up":{"uv":[29,25],"uv_size":[0.75,0.25]},"west":{"uv":[32,17],"uv_size":[0.25,0.25]}}},{"origin":[0.375,10.25,0.8125],"size":[0.25,0.75,0.75],"uv":{"down":{"uv":[28,29.75],"uv_size":[0.25,-0.75]},"east":{"uv":[24,4],"uv_size":[0.75,0.75]},"north":{"uv":[29,26],"uv_size":[0.25,0.75]},"south":{"uv":[27,29],"uv_size":[0.25,0.75]},"up":{"uv":[29,27],"uv_size":[0.25,0.75]},"west":{"uv":[6,24],"uv_size":[0.75,0.75]}}},{"origin":[-0.625,10.5,0.8125],"size":[1,0.25,0.75],"uv":{"down":{"uv":[21,22.75],"uv_size":[1,-0.75]},"east":{"uv":[29,28],"uv_size":[0.75,0.25]},"north":{"uv":[27,14],"uv_size":[1,0.25]},"south":{"uv":[15,27],"uv_size":[1,0.25]},"up":{"uv":[20,22],"uv_size":[1,0.75]},"west":{"uv":[29,29],"uv_size":[0.75,0.25]}}},{"origin":[-0.625,10.75,0.8125],"size":[0.25,0.25,0.75],"uv":{"down":{"uv":[30,1.75],"uv_size":[0.25,-0.75]},"east":{"uv":[0,30],"uv_size":[0.75,0.25]},"north":{"uv":[18,32],"uv_size":[0.25,0.25]},"south":{"uv":[32,18],"uv_size":[0.25,0.25]},"up":{"uv":[1,30],"uv_size":[0.25,0.75]},"west":{"uv":[30,0],"uv_size":[0.75,0.25]}}},{"origin":[-0.625,10.25,0.8125],"size":[0.25,0.25,0.75],"uv":{"down":{"uv":[30,3.75],"uv_size":[0.25,-0.75]},"east":{"uv":[2,30],"uv_size":[0.75,0.25]},"north":{"uv":[19,32],"uv_size":[0.25,0.25]},"south":{"uv":[32,19],"uv_size":[0.25,0.25]},"up":{"uv":[3,30],"uv_size":[0.25,0.75]},"west":{"uv":[30,2],"uv_size":[0.75,0.25]}}},{"origin":[0.125,9.25,-7.9375],"size":[0.25,0.25,0.75],"uv":{"down":{"uv":[30,5.75],"uv_size":[0.25,-0.75]},"east":{"uv":[4,30],"uv_size":[0.75,0.25]},"north":{"uv":[20,32],"uv_size":[0.25,0.25]},"south":{"uv":[32,20],"uv_size":[0.25,0.25]},"up":{"uv":[5,30],"uv_size":[0.25,0.75]},"west":{"uv":[30,4],"uv_size":[0.75,0.25]}}},{"origin":[-0.375,9.25,-7.9375],"size":[0.25,0.25,0.75],"uv":{"down":{"uv":[30,7.75],"uv_size":[0.25,-0.75]},"east":{"uv":[6,30],"uv_size":[0.75,0.25]},"north":{"uv":[21,32],"uv_size":[0.25,0.25]},"south":{"uv":[32,21],"uv_size":[0.25,0.25]},"up":{"uv":[7,30],"uv_size":[0.25,0.75]},"west":{"uv":[30,6],"uv_size":[0.75,0.25]}}},{"origin":[-0.125,9,-7.9375],"size":[0.25,0.25,0.5],"uv":{"down":{"uv":[12,31.5],"uv_size":[0.25,-0.5]},"east":{"uv":[31,10],"uv_size":[0.5,0.25]},"north":{"uv":[22,32],"uv_size":[0.25,0.25]},"south":{"uv":[32,22],"uv_size":[0.25,0.25]},"up":{"uv":[31,11],"uv_size":[0.25,0.5]},"west":{"uv":[11,31],"uv_size":[0.5,0.25]}}},{"origin":[-0.625,9,-7.4375],"size":[1,0.25,0.25],"uv":{"down":{"uv":[17,27.25],"uv_size":[1,-0.25]},"east":{"uv":[23,32],"uv_size":[0.25,0.25]},"north":{"uv":[27,15],"uv_size":[1,0.25]},"south":{"uv":[16,27],"uv_size":[1,0.25]},"up":{"uv":[27,16],"uv_size":[1,0.25]},"west":{"uv":[32,23],"uv_size":[0.25,0.25]}}},{"origin":[-0.625,9.5,-7.4375],"size":[1,0.25,0.25],"uv":{"down":{"uv":[27,19.25],"uv_size":[1,-0.25]},"east":{"uv":[24,32],"uv_size":[0.25,0.25]},"north":{"uv":[27,17],"uv_size":[1,0.25]},"south":{"uv":[27,18],"uv_size":[1,0.25]},"up":{"uv":[19,27],"uv_size":[1,0.25]},"west":{"uv":[32,24],"uv_size":[0.25,0.25]}}},{"origin":[-0.375,9.75,-7.4375],"size":[0.5,0.25,0.25],"uv":{"down":{"uv":[14,31.25],"uv_size":[0.5,-0.25]},"east":{"uv":[25,32],"uv_size":[0.25,0.25]},"north":{"uv":[31,12],"uv_size":[0.5,0.25]},"south":{"uv":[13,31],"uv_size":[0.5,0.25]},"up":{"uv":[31,13],"uv_size":[0.5,0.25]},"west":{"uv":[32,25],"uv_size":[0.25,0.25]}}},{"origin":[0.125,9.75,-7.9375],"size":[0.25,0.25,0.75],"uv":{"down":{"uv":[30,9.75],"uv_size":[0.25,-0.75]},"east":{"uv":[8,30],"uv_size":[0.75,0.25]},"north":{"uv":[26,32],"uv_size":[0.25,0.25]},"south":{"uv":[32,26],"uv_size":[0.25,0.25]},"up":{"uv":[9,30],"uv_size":[0.25,0.75]},"west":{"uv":[30,8],"uv_size":[0.75,0.25]}}},{"origin":[0.375,9.5,-7.9375],"size":[0.25,0.25,0.75],"uv":{"down":{"uv":[30,11.75],"uv_size":[0.25,-0.75]},"east":{"uv":[10,30],"uv_size":[0.75,0.25]},"north":{"uv":[27,32],"uv_size":[0.25,0.25]},"south":{"uv":[32,27],"uv_size":[0.25,0.25]},"up":{"uv":[11,30],"uv_size":[0.25,0.75]},"west":{"uv":[30,10],"uv_size":[0.75,0.25]}}},{"origin":[-0.125,9.5,-7.9375],"size":[0.25,0.25,0.5],"uv":{"down":{"uv":[16,31.5],"uv_size":[0.25,-0.5]},"east":{"uv":[31,14],"uv_size":[0.5,0.25]},"north":{"uv":[28,32],"uv_size":[0.25,0.25]},"south":{"uv":[32,28],"uv_size":[0.25,0.25]},"up":{"uv":[31,15],"uv_size":[0.25,0.5]},"west":{"uv":[15,31],"uv_size":[0.5,0.25]}}},{"origin":[-0.625,9.5,-7.9375],"size":[0.25,0.25,0.5],"uv":{"down":{"uv":[18,31.5],"uv_size":[0.25,-0.5]},"east":{"uv":[31,16],"uv_size":[0.5,0.25]},"north":{"uv":[29,32],"uv_size":[0.25,0.25]},"south":{"uv":[32,29],"uv_size":[0.25,0.25]},"up":{"uv":[31,17],"uv_size":[0.25,0.5]},"west":{"uv":[17,31],"uv_size":[0.5,0.25]}}},{"origin":[-0.375,9.75,-7.9375],"size":[0.25,0.25,0.5],"uv":{"down":{"uv":[20,31.5],"uv_size":[0.25,-0.5]},"east":{"uv":[31,18],"uv_size":[0.5,0.25]},"north":{"uv":[30,32],"uv_size":[0.25,0.25]},"south":{"uv":[32,30],"uv_size":[0.25,0.25]},"up":{"uv":[31,19],"uv_size":[0.25,0.5]},"west":{"uv":[19,31],"uv_size":[0.5,0.25]}}},{"origin":[-0.625,9,-7.9375],"size":[0.25,0.25,0.5],"uv":{"down":{"uv":[22,31.5],"uv_size":[0.25,-0.5]},"east":{"uv":[31,20],"uv_size":[0.5,0.25]},"north":{"uv":[31,32],"uv_size":[0.25,0.25]},"south":{"uv":[32,31],"uv_size":[0.25,0.25]},"up":{"uv":[31,21],"uv_size":[0.25,0.5]},"west":{"uv":[21,31],"uv_size":[0.5,0.25]}}},{"origin":[-0.375,8.75,-7.9375],"size":[0.25,0.25,0.5],"uv":{"down":{"uv":[24,31.5],"uv_size":[0.25,-0.5]},"east":{"uv":[31,22],"uv_size":[0.5,0.25]},"north":{"uv":[32,32],"uv_size":[0.25,0.25]},"south":{"uv":[0,33],"uv_size":[0.25,0.25]},"up":{"uv":[31,23],"uv_size":[0.25,0.5]},"west":{"uv":[23,31],"uv_size":[0.5,0.25]}}},{"origin":[0.125,8.75,-7.9375],"size":[0.25,0.25,0.75],"uv":{"down":{"uv":[30,13.75],"uv_size":[0.25,-0.75]},"east":{"uv":[12,30],"uv_size":[0.75,0.25]},"north":{"uv":[33,0],"uv_size":[0.25,0.25]},"south":{"uv":[1,33],"uv_size":[0.25,0.25]},"up":{"uv":[13,30],"uv_size":[0.25,0.75]},"west":{"uv":[30,12],"uv_size":[0.75,0.25]}}},{"origin":[0.375,9,-7.9375],"size":[0.25,0.25,0.75],"uv":{"down":{"uv":[30,15.75],"uv_size":[0.25,-0.75]},"east":{"uv":[14,30],"uv_size":[0.75,0.25]},"north":{"uv":[33,1],"uv_size":[0.25,0.25]},"south":{"uv":[2,33],"uv_size":[0.25,0.25]},"up":{"uv":[15,30],"uv_size":[0.25,0.75]},"west":{"uv":[30,14],"uv_size":[0.75,0.25]}}},{"origin":[-0.375,8.75,-7.4375],"size":[0.5,0.25,0.25],"uv":{"down":{"uv":[26,31.25],"uv_size":[0.5,-0.25]},"east":{"uv":[33,2],"uv_size":[0.25,0.25]},"north":{"uv":[31,24],"uv_size":[0.5,0.25]},"south":{"uv":[25,31],"uv_size":[0.5,0.25]},"up":{"uv":[31,25],"uv_size":[0.5,0.25]},"west":{"uv":[3,33],"uv_size":[0.25,0.25]}}},{"origin":[-0.625,10.25,-6.9375],"size":[0.25,0.25,0.75],"uv":{"down":{"uv":[30,17.75],"uv_size":[0.25,-0.75]},"east":{"uv":[16,30],"uv_size":[0.75,0.25]},"north":{"uv":[33,3],"uv_size":[0.25,0.25]},"south":{"uv":[4,33],"uv_size":[0.25,0.25]},"up":{"uv":[17,30],"uv_size":[0.25,0.75]},"west":{"uv":[30,16],"uv_size":[0.75,0.25]}}},{"origin":[0.375,10.25,-6.9375],"size":[0.25,0.5,0.75],"uv":{"down":{"uv":[30,18.75],"uv_size":[0.25,-0.75]},"east":{"uv":[26,6],"uv_size":[0.75,0.5]},"north":{"uv":[31,26],"uv_size":[0.25,0.5]},"south":{"uv":[27,31],"uv_size":[0.25,0.5]},"up":{"uv":[18,30],"uv_size":[0.25,0.75]},"west":{"uv":[26,7],"uv_size":[0.75,0.5]}}},{"origin":[-0.625,10.5,-6.9375],"size":[1,0.25,0.75],"uv":{"down":{"uv":[22,22.75],"uv_size":[1,-0.75]},"east":{"uv":[19,30],"uv_size":[0.75,0.25]},"north":{"uv":[20,27],"uv_size":[1,0.25]},"south":{"uv":[21,27],"uv_size":[1,0.25]},"up":{"uv":[22,21],"uv_size":[1,0.75]},"west":{"uv":[30,19],"uv_size":[0.75,0.25]}}},{"origin":[-0.625,10.75,-6.4375],"size":[0.25,0.75,0.25],"uv":{"down":{"uv":[5,33.25],"uv_size":[0.25,-0.25]},"east":{"uv":[30,20],"uv_size":[0.25,0.75]},"north":{"uv":[20,30],"uv_size":[0.25,0.75]},"south":{"uv":[21,30],"uv_size":[0.25,0.75]},"up":{"uv":[33,4],"uv_size":[0.25,0.25]},"west":{"uv":[30,21],"uv_size":[0.25,0.75]}}},{"origin":[0.375,10.75,-6.4375],"size":[0.25,0.75,0.25],"uv":{"down":{"uv":[6,33.25],"uv_size":[0.25,-0.25]},"east":{"uv":[30,22],"uv_size":[0.25,0.75]},"north":{"uv":[22,30],"uv_size":[0.25,0.75]},"south":{"uv":[23,30],"uv_size":[0.25,0.75]},"up":{"uv":[33,5],"uv_size":[0.25,0.25]},"west":{"uv":[30,23],"uv_size":[0.25,0.75]}}},{"origin":[-0.375,6.25,3.5625],"size":[0.25,1.75,0.25],"uv":{"down":{"uv":[7,33.25],"uv_size":[0.25,-0.25]},"east":{"uv":[24,24],"uv_size":[0.25,1.75]},"north":{"uv":[20,24],"uv_size":[0.25,1.75]},"south":{"uv":[25,0],"uv_size":[0.25,1.75]},"up":{"uv":[33,6],"uv_size":[0.25,0.25]},"west":{"uv":[2,25],"uv_size":[0.25,1.75]}}},{"origin":[-0.375,6.25,3.3125],"size":[0.75,1.75,0.25],"uv":{"down":{"uv":[30,24.25],"uv_size":[0.75,-0.25]},"east":{"uv":[3,25],"uv_size":[0.25,1.75]},"north":{"uv":[3,20],"uv_size":[0.75,1.75]},"south":{"uv":[20,11],"uv_size":[0.75,1.75]},"up":{"uv":[24,30],"uv_size":[0.75,0.25]},"west":{"uv":[4,25],"uv_size":[0.25,1.75]}}},{"origin":[-0.375,6.25,2.8125],"size":[0.75,1.75,0.25],"uv":{"down":{"uv":[30,25.25],"uv_size":[0.75,-0.25]},"east":{"uv":[25,4],"uv_size":[0.25,1.75]},"north":{"uv":[13,20],"uv_size":[0.75,1.75]},"south":{"uv":[20,13],"uv_size":[0.75,1.75]},"up":{"uv":[25,30],"uv_size":[0.75,0.25]},"west":{"uv":[5,25],"uv_size":[0.25,1.75]}}},{"origin":[-0.375,7.75,3.0625],"size":[0.75,0.25,0.25],"uv":{"down":{"uv":[30,27.25],"uv_size":[0.75,-0.25]},"east":{"uv":[33,7],"uv_size":[0.25,0.25]},"north":{"uv":[26,30],"uv_size":[0.75,0.25]},"south":{"uv":[30,26],"uv_size":[0.75,0.25]},"up":{"uv":[27,30],"uv_size":[0.75,0.25]},"west":{"uv":[8,33],"uv_size":[0.25,0.25]}}},{"origin":[-0.125,6.25,3.0625],"size":[0.25,1.5,0.25],"uv":{"down":{"uv":[9,33.25],"uv_size":[0.25,-0.25]},"east":{"uv":[11,26],"uv_size":[0.25,1.5]},"north":{"uv":[26,9],"uv_size":[0.25,1.5]},"south":{"uv":[26,11],"uv_size":[0.25,1.5]},"up":{"uv":[33,8],"uv_size":[0.25,0.25]},"west":{"uv":[13,26],"uv_size":[0.25,1.5]}}},{"origin":[-0.125,5.75,3.5625],"size":[0.5,2.25,0.25],"uv":{"down":{"uv":[28,31.25],"uv_size":[0.5,-0.25]},"east":{"uv":[7,24],"uv_size":[0.25,2.25]},"north":{"uv":[8,21],"uv_size":[0.5,2.25]},"south":{"uv":[9,21],"uv_size":[0.5,2.25]},"up":{"uv":[31,27],"uv_size":[0.5,0.25]},"west":{"uv":[8,24],"uv_size":[0.25,2.25]}}},{"origin":[-0.375,6.5,3.8125],"size":[0.75,1.25,0.25],"uv":{"down":{"uv":[30,28.25],"uv_size":[0.75,-0.25]},"east":{"uv":[27,5],"uv_size":[0.25,1.25]},"north":{"uv":[12,21],"uv_size":[0.75,1.25]},"south":{"uv":[16,21],"uv_size":[0.75,1.25]},"up":{"uv":[28,30],"uv_size":[0.75,0.25]},"west":{"uv":[6,27],"uv_size":[0.25,1.25]}}},{"origin":[-0.125,6.5,4.0625],"size":[0.25,1,0.25],"uv":{"down":{"uv":[10,33.25],"uv_size":[0.25,-0.25]},"east":{"uv":[23,27],"uv_size":[0.25,1]},"north":{"uv":[22,27],"uv_size":[0.25,1]},"south":{"uv":[24,27],"uv_size":[0.25,1]},"up":{"uv":[33,9],"uv_size":[0.25,0.25]},"west":{"uv":[25,27],"uv_size":[0.25,1]}}},{"origin":[-0.375,7.5,4.0625],"size":[0.75,0.25,0.25],"uv":{"down":{"uv":[0,31.25],"uv_size":[0.75,-0.25]},"east":{"uv":[33,10],"uv_size":[0.25,0.25]},"north":{"uv":[29,30],"uv_size":[0.75,0.25]},"south":{"uv":[30,29],"uv_size":[0.75,0.25]},"up":{"uv":[30,30],"uv_size":[0.75,0.25]},"west":{"uv":[11,33],"uv_size":[0.25,0.25]}}},{"origin":[-0.375,6.5,4.3125],"size":[0.75,1.25,0.25],"uv":{"down":{"uv":[1,31.25],"uv_size":[0.75,-0.25]},"east":{"uv":[7,27],"uv_size":[0.25,1.25]},"north":{"uv":[17,21],"uv_size":[0.75,1.25]},"south":{"uv":[21,17],"uv_size":[0.75,1.25]},"up":{"uv":[31,0],"uv_size":[0.75,0.25]},"west":{"uv":[27,7],"uv_size":[0.25,1.25]}}},{"origin":[-0.375,5.5,4.0625],"size":[0.75,1,0.25],"uv":{"down":{"uv":[2,31.25],"uv_size":[0.75,-0.25]},"east":{"uv":[26,27],"uv_size":[0.25,1]},"north":{"uv":[0,23],"uv_size":[0.75,1]},"south":{"uv":[1,23],"uv_size":[0.75,1]},"up":{"uv":[31,1],"uv_size":[0.75,0.25]},"west":{"uv":[27,26],"uv_size":[0.25,1]}}},{"origin":[-0.125,5.5,3.8125],"size":[0.25,1,0.25],"uv":{"down":{"uv":[12,33.25],"uv_size":[0.25,-0.25]},"east":{"uv":[0,28],"uv_size":[0.25,1]},"north":{"uv":[27,27],"uv_size":[0.25,1]},"south":{"uv":[1,28],"uv_size":[0.25,1]},"up":{"uv":[33,11],"uv_size":[0.25,0.25]},"west":{"uv":[2,28],"uv_size":[0.25,1]}}},{"origin":[-0.375,5.25,3.8125],"size":[0.75,0.25,0.5],"uv":{"down":{"uv":[26,14.5],"uv_size":[0.75,-0.5]},"east":{"uv":[31,28],"uv_size":[0.5,0.25]},"north":{"uv":[31,2],"uv_size":[0.75,0.25]},"south":{"uv":[3,31],"uv_size":[0.75,0.25]},"up":{"uv":[14,26],"uv_size":[0.75,0.5]},"west":{"uv":[29,31],"uv_size":[0.5,0.25]}}},{"origin":[-0.375,5.5,2.8125],"size":[0.75,0.25,1],"uv":{"down":{"uv":[3,24],"uv_size":[0.75,-1]},"east":{"uv":[3,28],"uv_size":[1,0.25]},"north":{"uv":[31,3],"uv_size":[0.75,0.25]},"south":{"uv":[4,31],"uv_size":[0.75,0.25]},"up":{"uv":[2,23],"uv_size":[0.75,1]},"west":{"uv":[4,28],"uv_size":[1,0.25]}}},{"origin":[-0.375,5.75,3.0625],"size":[0.75,0.5,0.5],"uv":{"down":{"uv":[26,16.5],"uv_size":[0.75,-0.5]},"east":{"uv":[5,28],"uv_size":[0.5,0.5]},"north":{"uv":[15,26],"uv_size":[0.75,0.5]},"south":{"uv":[26,15],"uv_size":[0.75,0.5]},"up":{"uv":[16,26],"uv_size":[0.75,0.5]},"west":{"uv":[28,5],"uv_size":[0.5,0.5]}}},{"origin":[-0.125,5.75,2.8125],"size":[0.25,0.5,0.25],"uv":{"down":{"uv":[13,33.25],"uv_size":[0.25,-0.25]},"east":{"uv":[30,31],"uv_size":[0.25,0.5]},"north":{"uv":[31,29],"uv_size":[0.25,0.5]},"south":{"uv":[31,30],"uv_size":[0.25,0.5]},"up":{"uv":[33,12],"uv_size":[0.25,0.25]},"west":{"uv":[31,31],"uv_size":[0.25,0.5]}}},{"origin":[-0.375,5.75,2.5625],"size":[0.75,0.5,0.25],"uv":{"down":{"uv":[5,31.25],"uv_size":[0.75,-0.25]},"east":{"uv":[0,32],"uv_size":[0.25,0.5]},"north":{"uv":[17,26],"uv_size":[0.75,0.5]},"south":{"uv":[26,17],"uv_size":[0.75,0.5]},"up":{"uv":[31,4],"uv_size":[0.75,0.25]},"west":{"uv":[32,0],"uv_size":[0.25,0.5]}}},{"origin":[0.125,9.5,-7.6875],"size":[0.25,0.25,0.25],"uv":{"down":{"uv":[16,33.25],"uv_size":[0.25,-0.25]},"east":{"uv":[14,33],"uv_size":[0.25,0.25]},"north":{"uv":[33,13],"uv_size":[0.25,0.25]},"south":{"uv":[33,14],"uv_size":[0.25,0.25]},"up":{"uv":[33,15],"uv_size":[0.25,0.25]},"west":{"uv":[15,33],"uv_size":[0.25,0.25]}}},{"origin":[-0.375,9,-7.6875],"size":[0.25,0.25,0.25],"uv":{"down":{"uv":[19,33.25],"uv_size":[0.25,-0.25]},"east":{"uv":[17,33],"uv_size":[0.25,0.25]},"north":{"uv":[33,16],"uv_size":[0.25,0.25]},"south":{"uv":[33,17],"uv_size":[0.25,0.25]},"up":{"uv":[33,18],"uv_size":[0.25,0.25]},"west":{"uv":[18,33],"uv_size":[0.25,0.25]}}},{"origin":[-0.375,9.5,-7.6875],"size":[0.25,0.25,0.25],"uv":{"down":{"uv":[22,33.25],"uv_size":[0.25,-0.25]},"east":{"uv":[20,33],"uv_size":[0.25,0.25]},"north":{"uv":[33,19],"uv_size":[0.25,0.25]},"south":{"uv":[33,20],"uv_size":[0.25,0.25]},"up":{"uv":[33,21],"uv_size":[0.25,0.25]},"west":{"uv":[21,33],"uv_size":[0.25,0.25]}}},{"origin":[0.125,9,-7.6875],"size":[0.25,0.25,0.25],"uv":{"down":{"uv":[25,33.25],"uv_size":[0.25,-0.25]},"east":{"uv":[23,33],"uv_size":[0.25,0.25]},"north":{"uv":[33,22],"uv_size":[0.25,0.25]},"south":{"uv":[33,23],"uv_size":[0.25,0.25]},"up":{"uv":[33,24],"uv_size":[0.25,0.25]},"west":{"uv":[24,33],"uv_size":[0.25,0.25]}}}],"name":"geyser_custom_z","parent":"geyser_custom_y","pivot":[8.125,0.75,-7.9375]}],"description":{"identifier":"geometry.dragonbreathshotgun","texture_height":64,"texture_width":64,"visible_bounds_height":2.5,"visible_bounds_offset":[0,0.75,0],"visible_bounds_width":3}}]}