{"format_version":"1.16.0","minecraft:geometry":[{"bones":[{"name":"root","pivot":[0,0,0]},{"name":"waist","parent":"root","pivot":[0,12,0]},{"name":"body","parent":"waist","pivot":[0,24,0]},{"cubes":[{"origin":[-8,12,-2],"size":[4,12,4],"uv":[40,16]}],"name":"rightArm","parent":"body","pivot":[-5,22,0]},{"locators":{"lead_hold":[-6,15,1]},"name":"rightItem","parent":"rightArm","pivot":[-6,15,1]},{"name":"geyser_custom","parent":"rightItem","pivot":[0,8,0]},{"name":"geyser_custom_x","parent":"geyser_custom","pivot":[0,8,0]},{"name":"geyser_custom_y","parent":"geyser_custom_x","pivot":[0,8,0]},{"cubes":[{"origin":[-0.08838,7.5,-4.25557],"size":[0.25,0.25,1],"uv":{"down":{"uv":[15.2246,4.2878],"uv_size":[-0.0246,-0.1036]},"east":{"uv":[15.1766,4.3688],"uv_size":[0.0984,0.0259]},"north":{"uv":[15.1754,4.3688],"uv_size":[0.0246,0.0259]},"south":{"uv":[15.2004,4.3688],"uv_size":[0.0246,0.0259]},"up":{"uv":[15.2246,4.2352],"uv_size":[-0.0246,-0.1036]},"west":{"uv":[15.1266,4.3688],"uv_size":[0.0984,0.0259]}}},{"origin":[-0.08838,7.75,-4.50557],"size":[0.25,0.25,0.25],"uv":{"down":{"uv":[15.2246,4.3154],"uv_size":[-0.0246,-0.0259]},"east":{"uv":[15.2754,4.3425],"uv_size":[0.0246,0.0259]},"north":{"uv":[15.1754,4.3425],"uv_size":[0.0246,0.0259]},"south":{"uv":[15.2004,4.3425],"uv_size":[0.0246,0.0259]},"up":{"uv":[15.2246,4.1312],"uv_size":[-0.0246,-0.0259]},"west":{"uv":[15.1004,4.3425],"uv_size":[0.0246,0.0259]}}},{"origin":[-0.08838,8,-4.00557],"size":[0.25,0.25,0.25],"uv":{"down":{"uv":[15.2246,4.2627],"uv_size":[-0.0246,-0.0259]},"east":{"uv":[15.2254,4.3162],"uv_size":[0.0246,0.0259]},"north":{"uv":[15.1754,4.3162],"uv_size":[0.0246,0.0259]},"south":{"uv":[15.2004,4.3162],"uv_size":[0.0246,0.0259]},"up":{"uv":[15.2246,4.1838],"uv_size":[-0.0246,-0.0259]},"west":{"uv":[15.1504,4.3162],"uv_size":[0.0246,0.0259]}}},{"origin":[-0.83838,8.75,-5.25557],"size":[0.25,0.25,0.5],"uv":{"down":{"uv":[2.4996,14.4992],"uv_size":[-0.0246,-0.0518]},"east":{"uv":[2.5258,14.3425],"uv_size":[0.0492,0.0259]},"north":{"uv":[2.3004,14.3425],"uv_size":[0.0246,0.0259]},"south":{"uv":[2.4754,14.3425],"uv_size":[0.0246,0.0259]},"up":{"uv":[2.4996,14.1834],"uv_size":[-0.0246,-0.0518]},"west":{"uv":[2.2258,14.3425],"uv_size":[0.0492,0.0259]}}},{"origin":[-0.83838,7.75,-3.00557],"size":[1.75,2.25,1],"uv":{"down":{"uv":[15.2972,5.8404],"uv_size":[-0.1722,-0.1036]},"east":{"uv":[15.0516,5.8196],"uv_size":[0.0984,0.2331]},"north":{"uv":[15.1028,5.8196],"uv_size":[0.1722,0.2331]},"south":{"uv":[15.1278,5.8196],"uv_size":[0.1722,0.2331]},"up":{"uv":[15.2972,6.0509],"uv_size":[-0.1722,-0.1036]},"west":{"uv":[15.2516,5.8196],"uv_size":[0.0984,0.2331]}}},{"origin":[-0.83838,8,-2.00557],"size":[1.75,2,0.5],"uv":{"down":{"uv":[15.2972,5.736],"uv_size":[-0.1722,-0.0518]},"east":{"uv":[15.0008,5.8192],"uv_size":[0.0492,0.2072]},"north":{"uv":[15.1028,5.8192],"uv_size":[0.1722,0.2072]},"south":{"uv":[15.1278,5.8192],"uv_size":[0.1722,0.2072]},"up":{"uv":[15.2972,6.1044],"uv_size":[-0.1722,-0.0518]},"west":{"uv":[15.3508,5.8192],"uv_size":[0.0492,0.2072]}}},{"origin":[-0.83838,8.25,-4.75557],"size":[1.75,1.75,0.25],"uv":{"down":{"uv":[15.2972,6.0259],"uv_size":[-0.1722,-0.0259]},"east":{"uv":[15.3004,5.8187],"uv_size":[0.0246,0.1813]},"north":{"uv":[15.1028,5.8187],"uv_size":[0.1722,0.1813]},"south":{"uv":[15.1278,5.8187],"uv_size":[0.1722,0.1813]},"up":{"uv":[15.2972,5.7891],"uv_size":[-0.1722,-0.0259]},"west":{"uv":[15.0754,5.8187],"uv_size":[0.0246,0.1813]}}},{"origin":[-0.83838,8.25,-3.25557],"size":[1.75,1.75,0.25],"uv":{"down":{"uv":[15.2972,5.868],"uv_size":[-0.1722,-0.0259]},"east":{"uv":[15.1504,5.8187],"uv_size":[0.0246,0.1813]},"north":{"uv":[15.1028,5.8187],"uv_size":[0.1722,0.1813]},"south":{"uv":[15.1278,5.8187],"uv_size":[0.1722,0.1813]},"up":{"uv":[15.2972,5.9469],"uv_size":[-0.1722,-0.0259]},"west":{"uv":[15.2254,5.8187],"uv_size":[0.0246,0.1813]}}},{"origin":[-0.83838,8.25,-1.50557],"size":[1.75,1.75,0.25],"uv":{"down":{"uv":[15.2972,5.6838],"uv_size":[-0.1722,-0.0259]},"east":{"uv":[14.9754,5.8187],"uv_size":[0.0246,0.1813]},"north":{"uv":[15.1028,5.8187],"uv_size":[0.1722,0.1813]},"south":{"uv":[15.1278,5.8187],"uv_size":[0.1722,0.1813]},"up":{"uv":[15.2972,6.1312],"uv_size":[-0.1722,-0.0259]},"west":{"uv":[15.4004,5.8187],"uv_size":[0.0246,0.1813]}}},{"origin":[-0.83838,8.5,-5.25557],"size":[1.75,0.25,0.5],"uv":{"down":{"uv":[15.2972,6.0781],"uv_size":[-0.1722,-0.0518]},"east":{"uv":[15.3258,5.9478],"uv_size":[0.0492,0.0259]},"north":{"uv":[15.1028,5.9478],"uv_size":[0.1722,0.0259]},"south":{"uv":[15.1278,5.9478],"uv_size":[0.1722,0.0259]},"up":{"uv":[15.2972,5.7623],"uv_size":[-0.1722,-0.0518]},"west":{"uv":[15.0258,5.9478],"uv_size":[0.0492,0.0259]}}},{"origin":[-0.83838,8.5,-4.50557],"size":[1.75,1.5,0.5],"uv":{"down":{"uv":[15.2972,5.9992],"uv_size":[-0.1722,-0.0518]},"east":{"uv":[15.2508,5.8183],"uv_size":[0.0492,0.1554]},"north":{"uv":[15.1028,5.8183],"uv_size":[0.1722,0.1554]},"south":{"uv":[15.1278,5.8183],"uv_size":[0.1722,0.1554]},"up":{"uv":[15.2972,5.8413],"uv_size":[-0.1722,-0.0518]},"west":{"uv":[15.1008,5.8183],"uv_size":[0.0492,0.1554]}}},{"origin":[-0.83838,8.5,-3.50557],"size":[1.75,1.5,0.25],"uv":{"down":{"uv":[15.2972,5.8943],"uv_size":[-0.1722,-0.0259]},"east":{"uv":[15.1754,5.8183],"uv_size":[0.0246,0.1554]},"north":{"uv":[15.1028,5.8183],"uv_size":[0.1722,0.1554]},"south":{"uv":[15.1278,5.8183],"uv_size":[0.1722,0.1554]},"up":{"uv":[15.2972,5.9206],"uv_size":[-0.1722,-0.0259]},"west":{"uv":[15.2004,5.8183],"uv_size":[0.0246,0.1554]}}},{"origin":[-0.83838,8.75,-5.75557],"size":[1.75,1.25,0.5],"uv":{"down":{"uv":[15.2972,6.1307],"uv_size":[-0.1722,-0.0518]},"east":{"uv":[15.3758,5.8179],"uv_size":[0.0492,0.1295]},"north":{"uv":[15.1028,5.8179],"uv_size":[0.1722,0.1295]},"south":{"uv":[15.1278,5.8179],"uv_size":[0.1722,0.1295]},"up":{"uv":[15.2972,5.7097],"uv_size":[-0.1722,-0.0518]},"west":{"uv":[14.9758,5.8179],"uv_size":[0.0492,0.1295]}}},{"origin":[-0.58838,8.75,-5.25557],"size":[1.5,1.25,0.5],"uv":{"down":{"uv":[15.2726,6.0781],"uv_size":[-0.1476,-0.0518]},"east":{"uv":[15.3258,5.8179],"uv_size":[0.0492,0.1295]},"north":{"uv":[15.1274,5.8179],"uv_size":[0.1476,0.1295]},"south":{"uv":[15.1274,5.8179],"uv_size":[0.1476,0.1295]},"up":{"uv":[15.2726,5.7623],"uv_size":[-0.1476,-0.0518]},"west":{"uv":[15.0258,5.8179],"uv_size":[0.0492,0.1295]}}},{"origin":[-0.83838,8.75,-4.00557],"size":[1.75,1.25,0.5],"uv":{"down":{"uv":[15.2972,5.9465],"uv_size":[-0.1722,-0.0518]},"east":{"uv":[15.2008,5.8179],"uv_size":[0.0492,0.1295]},"north":{"uv":[15.1028,5.8179],"uv_size":[0.1722,0.1295]},"south":{"uv":[15.1278,5.8179],"uv_size":[0.1722,0.1295]},"up":{"uv":[15.2972,5.8939],"uv_size":[-0.1722,-0.0518]},"west":{"uv":[15.1508,5.8179],"uv_size":[0.0492,0.1295]}}},{"origin":[-0.83838,8.75,-1.25557],"size":[1.75,1.25,0.25],"uv":{"down":{"uv":[15.2972,5.6575],"uv_size":[-0.1722,-0.0259]},"east":{"uv":[14.9504,5.8179],"uv_size":[0.0246,0.1295]},"north":{"uv":[15.1028,5.8179],"uv_size":[0.1722,0.1295]},"south":{"uv":[15.1278,5.8179],"uv_size":[0.1722,0.1295]},"up":{"uv":[15.2972,6.1575],"uv_size":[-0.1722,-0.0259]},"west":{"uv":[15.4254,5.8179],"uv_size":[0.0246,0.1295]}}},{"origin":[-0.83838,9,-6.25557],"size":[1.75,0.5,0.5],"uv":{"down":{"uv":[15.2972,6.1834],"uv_size":[-0.1722,-0.0518]},"east":{"uv":[15.4258,5.8693],"uv_size":[0.0492,0.0518]},"north":{"uv":[15.1028,5.8693],"uv_size":[0.1722,0.0518]},"south":{"uv":[15.1278,5.8693],"uv_size":[0.1722,0.0518]},"up":{"uv":[15.2972,5.6571],"uv_size":[-0.1722,-0.0518]},"west":{"uv":[14.9258,5.8693],"uv_size":[0.0492,0.0518]}}},{"origin":[-0.83838,9.25,-1.00557],"size":[1.75,0.75,0.25],"uv":{"down":{"uv":[15.2972,5.6312],"uv_size":[-0.1722,-0.0259]},"east":{"uv":[14.9254,5.8171],"uv_size":[0.0246,0.0777]},"north":{"uv":[15.1028,5.8171],"uv_size":[0.1722,0.0777]},"south":{"uv":[15.1278,5.8171],"uv_size":[0.1722,0.0777]},"up":{"uv":[15.2972,6.1838],"uv_size":[-0.1722,-0.0259]},"west":{"uv":[15.4504,5.8171],"uv_size":[0.0246,0.0777]}}},{"origin":[-0.83838,9.5,-6.00557],"size":[1.75,0.5,0.25],"uv":{"down":{"uv":[15.2972,6.1575],"uv_size":[-0.1722,-0.0259]},"east":{"uv":[15.4254,5.8166],"uv_size":[0.0246,0.0518]},"north":{"uv":[15.1028,5.8166],"uv_size":[0.1722,0.0518]},"south":{"uv":[15.1278,5.8166],"uv_size":[0.1722,0.0518]},"up":{"uv":[15.2972,5.6575],"uv_size":[-0.1722,-0.0259]},"west":{"uv":[14.9504,5.8166],"uv_size":[0.0246,0.0518]}}},{"origin":[-0.83838,9.75,-0.75557],"size":[1.75,0.25,0.25],"uv":{"down":{"uv":[15.2972,5.6048],"uv_size":[-0.1722,-0.0259]},"east":{"uv":[14.9004,5.8162],"uv_size":[0.0246,0.0259]},"north":{"uv":[15.1028,5.8162],"uv_size":[0.1722,0.0259]},"south":{"uv":[15.1278,5.8162],"uv_size":[0.1722,0.0259]},"up":{"uv":[15.2972,6.2101],"uv_size":[-0.1722,-0.0259]},"west":{"uv":[15.4754,5.8162],"uv_size":[0.0246,0.0259]}}},{"origin":[-0.58838,7.75,-3.25557],"size":[1.25,0.5,0.25],"uv":{"down":{"uv":[15.273,5.868],"uv_size":[-0.123,-0.0259]},"east":{"uv":[15.1504,6.0008],"uv_size":[0.0246,0.0518]},"north":{"uv":[15.127,6.0008],"uv_size":[0.123,0.0518]},"south":{"uv":[15.152,6.0008],"uv_size":[0.123,0.0518]},"up":{"uv":[15.273,5.9469],"uv_size":[-0.123,-0.0259]},"west":{"uv":[15.2254,6.0008],"uv_size":[0.0246,0.0518]}}},{"origin":[-0.58838,8,-4.75557],"size":[1.25,0.25,0.25],"uv":{"down":{"uv":[15.273,6.0259],"uv_size":[-0.123,-0.0259]},"east":{"uv":[15.3004,6.0004],"uv_size":[0.0246,0.0259]},"north":{"uv":[15.127,6.0004],"uv_size":[0.123,0.0259]},"south":{"uv":[15.152,6.0004],"uv_size":[0.123,0.0259]},"up":{"uv":[15.273,5.7891],"uv_size":[-0.123,-0.0259]},"west":{"uv":[15.0754,6.0004],"uv_size":[0.0246,0.0259]}}},{"origin":[-0.58838,8,-1.50557],"size":[1.25,0.25,0.25],"uv":{"down":{"uv":[15.273,5.6838],"uv_size":[-0.123,-0.0259]},"east":{"uv":[14.9754,6.0004],"uv_size":[0.0246,0.0259]},"north":{"uv":[15.127,6.0004],"uv_size":[0.123,0.0259]},"south":{"uv":[15.152,6.0004],"uv_size":[0.123,0.0259]},"up":{"uv":[15.273,6.1312],"uv_size":[-0.123,-0.0259]},"west":{"uv":[15.4004,6.0004],"uv_size":[0.0246,0.0259]}}},{"origin":[-0.58838,8.25,-5.25557],"size":[1.25,0.25,0.5],"uv":{"down":{"uv":[15.273,6.0781],"uv_size":[-0.123,-0.0518]},"east":{"uv":[15.3258,5.9741],"uv_size":[0.0492,0.0259]},"north":{"uv":[15.127,5.9741],"uv_size":[0.123,0.0259]},"south":{"uv":[15.152,5.9741],"uv_size":[0.123,0.0259]},"up":{"uv":[15.273,5.7623],"uv_size":[-0.123,-0.0518]},"west":{"uv":[15.0258,5.9741],"uv_size":[0.0492,0.0259]}}},{"origin":[-0.58838,8.25,-3.50557],"size":[1.25,0.25,0.25],"uv":{"down":{"uv":[15.273,5.8943],"uv_size":[-0.123,-0.0259]},"east":{"uv":[15.1754,5.9741],"uv_size":[0.0246,0.0259]},"north":{"uv":[15.127,5.9741],"uv_size":[0.123,0.0259]},"south":{"uv":[15.152,5.9741],"uv_size":[0.123,0.0259]},"up":{"uv":[15.273,5.9206],"uv_size":[-0.123,-0.0259]},"west":{"uv":[15.2004,5.9741],"uv_size":[0.0246,0.0259]}}},{"origin":[-0.58838,8.25,-4.50557],"size":[1.25,0.25,0.5],"uv":{"down":{"uv":[15.273,5.9992],"uv_size":[-0.123,-0.0518]},"east":{"uv":[15.2508,5.9741],"uv_size":[0.0492,0.0259]},"north":{"uv":[15.127,5.9741],"uv_size":[0.123,0.0259]},"south":{"uv":[15.152,5.9741],"uv_size":[0.123,0.0259]},"up":{"uv":[15.273,5.8413],"uv_size":[-0.123,-0.0518]},"west":{"uv":[15.1008,5.9741],"uv_size":[0.0492,0.0259]}}},{"origin":[-0.58838,8.5,-5.75557],"size":[1.25,0.25,0.5],"uv":{"down":{"uv":[15.273,6.1307],"uv_size":[-0.123,-0.0518]},"east":{"uv":[15.3758,5.9478],"uv_size":[0.0492,0.0259]},"north":{"uv":[15.127,5.9478],"uv_size":[0.123,0.0259]},"south":{"uv":[15.152,5.9478],"uv_size":[0.123,0.0259]},"up":{"uv":[15.273,5.7097],"uv_size":[-0.123,-0.0518]},"west":{"uv":[14.9758,5.9478],"uv_size":[0.0492,0.0259]}}},{"origin":[-0.58838,8.5,-4.00557],"size":[1.25,0.25,0.5],"uv":{"down":{"uv":[15.273,5.9465],"uv_size":[-0.123,-0.0518]},"east":{"uv":[15.2008,5.9478],"uv_size":[0.0492,0.0259]},"north":{"uv":[15.127,5.9478],"uv_size":[0.123,0.0259]},"south":{"uv":[15.152,5.9478],"uv_size":[0.123,0.0259]},"up":{"uv":[15.273,5.8939],"uv_size":[-0.123,-0.0518]},"west":{"uv":[15.1508,5.9478],"uv_size":[0.0492,0.0259]}}},{"origin":[-0.58838,8.5,-1.25557],"size":[1.25,0.25,0.25],"uv":{"down":{"uv":[15.273,5.6575],"uv_size":[-0.123,-0.0259]},"east":{"uv":[14.9504,5.9478],"uv_size":[0.0246,0.0259]},"north":{"uv":[15.127,5.9478],"uv_size":[0.123,0.0259]},"south":{"uv":[15.152,5.9478],"uv_size":[0.123,0.0259]},"up":{"uv":[15.273,6.1575],"uv_size":[-0.123,-0.0259]},"west":{"uv":[15.4254,5.9478],"uv_size":[0.0246,0.0259]}}},{"origin":[-0.58838,8.75,-6.25557],"size":[1.25,0.25,0.5],"uv":{"down":{"uv":[15.273,6.1834],"uv_size":[-0.123,-0.0518]},"east":{"uv":[15.4258,5.9215],"uv_size":[0.0492,0.0259]},"north":{"uv":[15.127,5.9215],"uv_size":[0.123,0.0259]},"south":{"uv":[15.152,5.9215],"uv_size":[0.123,0.0259]},"up":{"uv":[15.273,5.6571],"uv_size":[-0.123,-0.0518]},"west":{"uv":[14.9258,5.9215],"uv_size":[0.0492,0.0259]}}},{"origin":[-0.58838,8.75,-1.00557],"size":[1.25,0.5,0.25],"uv":{"down":{"uv":[15.273,5.6312],"uv_size":[-0.123,-0.0259]},"east":{"uv":[14.9254,5.8956],"uv_size":[0.0246,0.0518]},"north":{"uv":[15.127,5.8956],"uv_size":[0.123,0.0518]},"south":{"uv":[15.152,5.8956],"uv_size":[0.123,0.0518]},"up":{"uv":[15.273,6.1838],"uv_size":[-0.123,-0.0259]},"west":{"uv":[15.4504,5.8956],"uv_size":[0.0246,0.0518]}}},{"origin":[-0.58838,9,-6.50557],"size":[1.25,0.5,0.25],"uv":{"down":{"uv":[15.273,6.2101],"uv_size":[-0.123,-0.0259]},"east":{"uv":[15.4754,5.8693],"uv_size":[0.0246,0.0518]},"north":{"uv":[15.127,5.8693],"uv_size":[0.123,0.0518]},"south":{"uv":[15.152,5.8693],"uv_size":[0.123,0.0518]},"up":{"uv":[15.273,5.6048],"uv_size":[-0.123,-0.0259]},"west":{"uv":[14.9004,5.8693],"uv_size":[0.0246,0.0518]}}},{"origin":[-0.58838,9.25,-0.75557],"size":[1.25,0.5,0.25],"uv":{"down":{"uv":[15.273,5.6048],"uv_size":[-0.123,-0.0259]},"east":{"uv":[14.9004,5.8429],"uv_size":[0.0246,0.0518]},"north":{"uv":[15.127,5.8429],"uv_size":[0.123,0.0518]},"south":{"uv":[15.152,5.8429],"uv_size":[0.123,0.0518]},"up":{"uv":[15.273,6.2101],"uv_size":[-0.123,-0.0259]},"west":{"uv":[15.4754,5.8429],"uv_size":[0.0246,0.0518]}}},{"origin":[-0.58838,9.5,-6.25557],"size":[1.25,0.75,0.25],"uv":{"down":{"uv":[15.273,6.1838],"uv_size":[-0.123,-0.0259]},"east":{"uv":[15.4504,5.7907],"uv_size":[0.0246,0.0777]},"north":{"uv":[15.127,5.7907],"uv_size":[0.123,0.0777]},"south":{"uv":[15.152,5.7907],"uv_size":[0.123,0.0777]},"up":{"uv":[15.273,5.6312],"uv_size":[-0.123,-0.0259]},"west":{"uv":[14.9254,5.7907],"uv_size":[0.0246,0.0777]}}},{"origin":[-0.58838,9.75,-0.50557],"size":[1.25,0.5,0.25],"uv":{"down":{"uv":[15.273,5.5785],"uv_size":[-0.123,-0.0259]},"east":{"uv":[14.8754,5.7903],"uv_size":[0.0246,0.0518]},"north":{"uv":[15.127,5.7903],"uv_size":[0.123,0.0518]},"south":{"uv":[15.152,5.7903],"uv_size":[0.123,0.0518]},"up":{"uv":[15.273,6.2364],"uv_size":[-0.123,-0.0259]},"west":{"uv":[15.5004,5.7903],"uv_size":[0.0246,0.0518]}}},{"origin":[-0.58838,10,-6.00557],"size":[1.25,0.25,5.5],"uv":{"down":{"uv":[15.273,6.1486],"uv_size":[-0.123,-0.5697]},"east":{"uv":[14.9088,5.7899],"uv_size":[0.5412,0.0259]},"north":{"uv":[15.127,5.7899],"uv_size":[0.123,0.0259]},"south":{"uv":[15.152,5.7899],"uv_size":[0.123,0.0259]},"up":{"uv":[15.273,6.2013],"uv_size":[-0.123,-0.5697]},"west":{"uv":[14.9588,5.7899],"uv_size":[0.5412,0.0259]}}},{"origin":[-0.33838,8.25,-1.25557],"size":[0.75,0.25,0.25],"uv":{"down":{"uv":[15.2488,5.6575],"uv_size":[-0.0738,-0.0259]},"east":{"uv":[14.9504,5.9741],"uv_size":[0.0246,0.0259]},"north":{"uv":[15.1512,5.9741],"uv_size":[0.0738,0.0259]},"south":{"uv":[15.1762,5.9741],"uv_size":[0.0738,0.0259]},"up":{"uv":[15.2488,6.1575],"uv_size":[-0.0738,-0.0259]},"west":{"uv":[15.4254,5.9741],"uv_size":[0.0246,0.0259]}}},{"origin":[-0.83838,8,-3.25557],"size":[0.25,0.25,0.25],"uv":{"down":{"uv":[15.2996,5.868],"uv_size":[-0.0246,-0.0259]},"east":{"uv":[15.1504,6.0004],"uv_size":[0.0246,0.0259]},"north":{"uv":[15.1004,6.0004],"uv_size":[0.0246,0.0259]},"south":{"uv":[15.2754,6.0004],"uv_size":[0.0246,0.0259]},"up":{"uv":[15.2996,5.9469],"uv_size":[-0.0246,-0.0259]},"west":{"uv":[15.2254,6.0004],"uv_size":[0.0246,0.0259]}}},{"origin":[-0.83838,9,-5.25557],"size":[0.25,1,0.5],"uv":{"down":{"uv":[15.2996,6.0781],"uv_size":[-0.0246,-0.0518]},"east":{"uv":[15.3258,5.8175],"uv_size":[0.0492,0.1036]},"north":{"uv":[15.1004,5.8175],"uv_size":[0.0246,0.1036]},"south":{"uv":[15.2754,5.8175],"uv_size":[0.0246,0.1036]},"up":{"uv":[15.2996,5.7623],"uv_size":[-0.0246,-0.0518]},"west":{"uv":[15.0258,5.8175],"uv_size":[0.0492,0.1036]}}},{"origin":[-0.33838,8.5,-1.00557],"size":[0.75,0.25,0.25],"uv":{"down":{"uv":[15.2488,5.6312],"uv_size":[-0.0738,-0.0259]},"east":{"uv":[14.9254,5.9478],"uv_size":[0.0246,0.0259]},"north":{"uv":[15.1512,5.9478],"uv_size":[0.0738,0.0259]},"south":{"uv":[15.1762,5.9478],"uv_size":[0.0738,0.0259]},"up":{"uv":[15.2488,6.1838],"uv_size":[-0.0738,-0.0259]},"west":{"uv":[15.4504,5.9478],"uv_size":[0.0246,0.0259]}}},{"origin":[-0.58838,5.25,-2.50557],"size":[1.25,1.25,0.25],"uv":{"down":{"uv":[12.073,14.2101],"uv_size":[-0.123,-0.0259]},"east":{"uv":[11.8754,14.6074],"uv_size":[0.0246,0.1295]},"north":{"uv":[11.927,14.6074],"uv_size":[0.123,0.1295]},"south":{"uv":[11.952,14.6074],"uv_size":[0.123,0.1295]},"up":{"uv":[12.073,14.4469],"uv_size":[-0.123,-0.0259]},"west":{"uv":[12.1004,14.6074],"uv_size":[0.0246,0.1295]}}},{"origin":[-0.58838,5.25,-2.25557],"size":[1.25,0.25,0.5],"uv":{"down":{"uv":[12.073,14.1834],"uv_size":[-0.123,-0.0518]},"east":{"uv":[11.8258,14.7109],"uv_size":[0.0492,0.0259]},"north":{"uv":[11.927,14.7109],"uv_size":[0.123,0.0259]},"south":{"uv":[11.952,14.7109],"uv_size":[0.123,0.0259]},"up":{"uv":[12.073,14.4992],"uv_size":[-0.123,-0.0518]},"west":{"uv":[12.1258,14.7109],"uv_size":[0.0492,0.0259]}}},{"origin":[-0.58838,5.5,-2.00557],"size":[1.25,1.75,0.25],"uv":{"down":{"uv":[12.073,14.1575],"uv_size":[-0.123,-0.0259]},"east":{"uv":[11.8254,14.5293],"uv_size":[0.0246,0.1813]},"north":{"uv":[11.927,14.5293],"uv_size":[0.123,0.1813]},"south":{"uv":[11.952,14.5293],"uv_size":[0.123,0.1813]},"up":{"uv":[12.073,14.4996],"uv_size":[-0.123,-0.0259]},"west":{"uv":[12.1504,14.5293],"uv_size":[0.0246,0.1813]}}},{"origin":[-0.58838,5.5,-1.75557],"size":[1.25,1,0.25],"uv":{"down":{"uv":[12.073,14.1312],"uv_size":[-0.123,-0.0259]},"east":{"uv":[11.8004,14.6069],"uv_size":[0.0246,0.1036]},"north":{"uv":[11.927,14.6069],"uv_size":[0.123,0.1036]},"south":{"uv":[11.952,14.6069],"uv_size":[0.123,0.1036]},"up":{"uv":[12.073,14.5259],"uv_size":[-0.123,-0.0259]},"west":{"uv":[12.1754,14.6069],"uv_size":[0.0246,0.1036]}}},{"origin":[-0.58838,5.5,-1.50557],"size":[1.25,0.5,0.25],"uv":{"down":{"uv":[12.073,14.1048],"uv_size":[-0.123,-0.0259]},"east":{"uv":[11.7754,14.6587],"uv_size":[0.0246,0.0518]},"north":{"uv":[11.927,14.6587],"uv_size":[0.123,0.0518]},"south":{"uv":[11.952,14.6587],"uv_size":[0.123,0.0518]},"up":{"uv":[12.073,14.5522],"uv_size":[-0.123,-0.0259]},"west":{"uv":[12.2004,14.6587],"uv_size":[0.0246,0.0518]}}},{"origin":[-0.58838,5.75,-1.25557],"size":[1.25,1,0.25],"uv":{"down":{"uv":[12.073,14.0785],"uv_size":[-0.123,-0.0259]},"east":{"uv":[11.7504,14.5806],"uv_size":[0.0246,0.1036]},"north":{"uv":[11.927,14.5806],"uv_size":[0.123,0.1036]},"south":{"uv":[11.952,14.5806],"uv_size":[0.123,0.1036]},"up":{"uv":[12.073,14.5785],"uv_size":[-0.123,-0.0259]},"west":{"uv":[12.2254,14.5806],"uv_size":[0.0246,0.1036]}}},{"origin":[-0.58838,5.75,-1.00557],"size":[1.25,0.25,0.25],"uv":{"down":{"uv":[12.073,14.0522],"uv_size":[-0.123,-0.0259]},"east":{"uv":[11.7254,14.6583],"uv_size":[0.0246,0.0259]},"north":{"uv":[11.927,14.6583],"uv_size":[0.123,0.0259]},"south":{"uv":[11.952,14.6583],"uv_size":[0.123,0.0259]},"up":{"uv":[12.073,14.6048],"uv_size":[-0.123,-0.0259]},"west":{"uv":[12.2504,14.6583],"uv_size":[0.0246,0.0259]}}},{"origin":[-0.58838,6.25,-2.75557],"size":[1.25,1.5,0.25],"uv":{"down":{"uv":[12.073,14.2364],"uv_size":[-0.123,-0.0259]},"east":{"uv":[11.9004,14.4762],"uv_size":[0.0246,0.1554]},"north":{"uv":[11.927,14.4762],"uv_size":[0.123,0.1554]},"south":{"uv":[11.952,14.4762],"uv_size":[0.123,0.1554]},"up":{"uv":[12.073,14.4206],"uv_size":[-0.123,-0.0259]},"west":{"uv":[12.0754,14.4762],"uv_size":[0.0246,0.1554]}}},{"origin":[-0.58838,6.5,-2.25557],"size":[1.25,1.25,0.25],"uv":{"down":{"uv":[12.073,14.1838],"uv_size":[-0.123,-0.0259]},"east":{"uv":[11.8504,14.4758],"uv_size":[0.0246,0.1295]},"north":{"uv":[11.927,14.4758],"uv_size":[0.123,0.1295]},"south":{"uv":[11.952,14.4758],"uv_size":[0.123,0.1295]},"up":{"uv":[12.073,14.4733],"uv_size":[-0.123,-0.0259]},"west":{"uv":[12.1254,14.4758],"uv_size":[0.0246,0.1295]}}},{"origin":[-0.58838,6.5,-1.50557],"size":[1.25,1,0.25],"uv":{"down":{"uv":[12.073,14.1048],"uv_size":[-0.123,-0.0259]},"east":{"uv":[11.7754,14.5017],"uv_size":[0.0246,0.1036]},"north":{"uv":[11.927,14.5017],"uv_size":[0.123,0.1036]},"south":{"uv":[11.952,14.5017],"uv_size":[0.123,0.1036]},"up":{"uv":[12.073,14.5522],"uv_size":[-0.123,-0.0259]},"west":{"uv":[12.2004,14.5017],"uv_size":[0.0246,0.1036]}}},{"origin":[-0.58838,7.25,-1.75557],"size":[1.25,0.75,0.25],"uv":{"down":{"uv":[12.073,14.1312],"uv_size":[-0.123,-0.0259]},"east":{"uv":[11.8004,14.4486],"uv_size":[0.0246,0.0777]},"north":{"uv":[11.927,14.4486],"uv_size":[0.123,0.0777]},"south":{"uv":[11.952,14.4486],"uv_size":[0.123,0.0777]},"up":{"uv":[12.073,14.5259],"uv_size":[-0.123,-0.0259]},"west":{"uv":[12.1754,14.4486],"uv_size":[0.0246,0.0777]}}},{"origin":[-0.58838,7.5,-3.00557],"size":[1.25,0.25,0.25],"uv":{"down":{"uv":[12.073,14.2627],"uv_size":[-0.123,-0.0259]},"east":{"uv":[11.9254,14.4741],"uv_size":[0.0246,0.0259]},"north":{"uv":[11.927,14.4741],"uv_size":[0.123,0.0259]},"south":{"uv":[11.952,14.4741],"uv_size":[0.123,0.0259]},"up":{"uv":[12.073,14.3943],"uv_size":[-0.123,-0.0259]},"west":{"uv":[12.0504,14.4741],"uv_size":[0.0246,0.0259]}}},{"origin":[-0.33838,5.5,-2.25557],"size":[0.75,1,0.25],"uv":{"down":{"uv":[12.0488,14.1838],"uv_size":[-0.0738,-0.0259]},"east":{"uv":[11.8504,14.6069],"uv_size":[0.0246,0.1036]},"north":{"uv":[11.9512,14.6069],"uv_size":[0.0738,0.1036]},"south":{"uv":[11.9762,14.6069],"uv_size":[0.0738,0.1036]},"up":{"uv":[12.0488,14.4733],"uv_size":[-0.0738,-0.0259]},"west":{"uv":[12.1254,14.6069],"uv_size":[0.0246,0.1036]}}},{"origin":[-0.33838,6,-1.50557],"size":[0.75,0.5,0.25],"uv":{"down":{"uv":[12.0488,14.1048],"uv_size":[-0.0738,-0.0259]},"east":{"uv":[11.7754,14.6061],"uv_size":[0.0246,0.0518]},"north":{"uv":[11.9512,14.6061],"uv_size":[0.0738,0.0518]},"south":{"uv":[11.9762,14.6061],"uv_size":[0.0738,0.0518]},"up":{"uv":[12.0488,14.5522],"uv_size":[-0.0738,-0.0259]},"west":{"uv":[12.2004,14.6061],"uv_size":[0.0246,0.0518]}}},{"origin":[-0.33838,6.5,-2.50557],"size":[0.75,1.25,0.25],"uv":{"down":{"uv":[12.0488,14.2101],"uv_size":[-0.0738,-0.0259]},"east":{"uv":[11.8754,14.4758],"uv_size":[0.0246,0.1295]},"north":{"uv":[11.9512,14.4758],"uv_size":[0.0738,0.1295]},"south":{"uv":[11.9762,14.4758],"uv_size":[0.0738,0.1295]},"up":{"uv":[12.0488,14.4469],"uv_size":[-0.0738,-0.0259]},"west":{"uv":[12.1004,14.4758],"uv_size":[0.0246,0.1295]}}},{"origin":[-0.33838,6.5,-1.75557],"size":[0.75,0.75,0.25],"uv":{"down":{"uv":[12.0488,14.1312],"uv_size":[-0.0738,-0.0259]},"east":{"uv":[11.8004,14.5276],"uv_size":[0.0246,0.0777]},"north":{"uv":[11.9512,14.5276],"uv_size":[0.0738,0.0777]},"south":{"uv":[11.9762,14.5276],"uv_size":[0.0738,0.0777]},"up":{"uv":[12.0488,14.5259],"uv_size":[-0.0738,-0.0259]},"west":{"uv":[12.1754,14.5276],"uv_size":[0.0246,0.0777]}}},{"origin":[-0.33838,7.25,-2.00557],"size":[0.75,0.75,0.25],"uv":{"down":{"uv":[12.0488,14.1575],"uv_size":[-0.0738,-0.0259]},"east":{"uv":[11.8254,14.4486],"uv_size":[0.0246,0.0777]},"north":{"uv":[11.9512,14.4486],"uv_size":[0.0738,0.0777]},"south":{"uv":[11.9762,14.4486],"uv_size":[0.0738,0.0777]},"up":{"uv":[12.0488,14.4996],"uv_size":[-0.0738,-0.0259]},"west":{"uv":[12.1504,14.4486],"uv_size":[0.0246,0.0777]}}},{"origin":[-0.33838,8,-5.75557],"size":[0.75,0.5,0.25],"uv":{"down":{"uv":[15.2488,6.1312],"uv_size":[-0.0738,-0.0259]},"east":{"uv":[15.4004,5.9745],"uv_size":[0.0246,0.0518]},"north":{"uv":[15.1512,5.9745],"uv_size":[0.0738,0.0518]},"south":{"uv":[15.1762,5.9745],"uv_size":[0.0738,0.0518]},"up":{"uv":[15.2488,5.6838],"uv_size":[-0.0738,-0.0259]},"west":{"uv":[14.9754,5.9745],"uv_size":[0.0246,0.0518]}}},{"origin":[-0.33838,8.5,3.24443],"size":[0.75,1.25,0.5],"uv":{"down":{"uv":[13.6488,6.8676],"uv_size":[-0.0738,-0.0518]},"east":{"uv":[12.8758,7.5284],"uv_size":[0.0492,0.1295]},"north":{"uv":[13.5512,7.5284],"uv_size":[0.0738,0.1295]},"south":{"uv":[13.5762,7.5284],"uv_size":[0.0738,0.1295]},"up":{"uv":[13.6488,8.3413],"uv_size":[-0.0738,-0.0518]},"west":{"uv":[14.2758,7.5284],"uv_size":[0.0492,0.1295]}}},{"origin":[-0.33838,9,-0.75557],"size":[1,0.25,0.25],"uv":{"down":{"uv":[13.6484,7.2891],"uv_size":[-0.0984,-0.0259]},"east":{"uv":[13.3004,7.5794],"uv_size":[0.0246,0.0259]},"north":{"uv":[13.5516,7.5794],"uv_size":[0.0984,0.0259]},"south":{"uv":[13.5516,7.5794],"uv_size":[0.0984,0.0259]},"up":{"uv":[13.6484,7.8943],"uv_size":[-0.0984,-0.0259]},"west":{"uv":[13.8754,7.5794],"uv_size":[0.0246,0.0259]}}},{"origin":[-0.58838,9.25,-0.50557],"size":[1.25,0.5,3.75],"uv":{"down":{"uv":[13.673,7.2568],"uv_size":[-0.123,-0.3884]},"east":{"uv":[12.931,7.5272],"uv_size":[0.369,0.0518]},"north":{"uv":[13.527,7.5272],"uv_size":[0.123,0.0518]},"south":{"uv":[13.552,7.5272],"uv_size":[0.123,0.0518]},"up":{"uv":[13.673,8.2832],"uv_size":[-0.123,-0.3884]},"west":{"uv":[13.906,7.5272],"uv_size":[0.369,0.0518]}}},{"origin":[-0.58838,9.75,-0.25557],"size":[1.25,0.25,0.5],"uv":{"down":{"uv":[13.673,7.236],"uv_size":[-0.123,-0.0518]},"east":{"uv":[13.2258,7.5004],"uv_size":[0.0492,0.0259]},"north":{"uv":[13.527,7.5004],"uv_size":[0.123,0.0259]},"south":{"uv":[13.552,7.5004],"uv_size":[0.123,0.0259]},"up":{"uv":[13.673,7.9728],"uv_size":[-0.123,-0.0518]},"west":{"uv":[13.9258,7.5004],"uv_size":[0.0492,0.0259]}}},{"origin":[-0.58838,9.75,0.99443],"size":[1.25,0.25,2.25],"uv":{"down":{"uv":[13.673,7.1015],"uv_size":[-0.123,-0.2331]},"east":{"uv":[12.9286,7.5004],"uv_size":[0.2214,0.0259]},"north":{"uv":[13.527,7.5004],"uv_size":[0.123,0.0259]},"south":{"uv":[13.552,7.5004],"uv_size":[0.123,0.0259]},"up":{"uv":[13.673,8.2857],"uv_size":[-0.123,-0.2331]},"west":{"uv":[14.0536,7.5004],"uv_size":[0.2214,0.0259]}}},{"origin":[-0.58838,10,1.24443],"size":[1.25,0.5,0.5],"uv":{"down":{"uv":[13.673,7.0781],"uv_size":[-0.123,-0.0518]},"east":{"uv":[13.0758,7.4482],"uv_size":[0.0492,0.0518]},"north":{"uv":[13.527,7.4482],"uv_size":[0.123,0.0518]},"south":{"uv":[13.552,7.4482],"uv_size":[0.123,0.0518]},"up":{"uv":[13.673,8.1307],"uv_size":[-0.123,-0.0518]},"west":{"uv":[14.0758,7.4482],"uv_size":[0.0492,0.0518]}}},{"origin":[-0.58838,10,1.74443],"size":[1.25,0.25,0.25],"uv":{"down":{"uv":[13.673,7.0259],"uv_size":[-0.123,-0.0259]},"east":{"uv":[13.0504,7.4741],"uv_size":[0.0246,0.0259]},"north":{"uv":[13.527,7.4741],"uv_size":[0.123,0.0259]},"south":{"uv":[13.552,7.4741],"uv_size":[0.123,0.0259]},"up":{"uv":[13.673,8.1575],"uv_size":[-0.123,-0.0259]},"west":{"uv":[14.1254,7.4741],"uv_size":[0.0246,0.0259]}}},{"origin":[-0.33838,9,-0.50557],"size":[0.75,0.25,3.75],"uv":{"down":{"uv":[13.6488,7.2568],"uv_size":[-0.0738,-0.3884]},"east":{"uv":[12.931,7.5794],"uv_size":[0.369,0.0259]},"north":{"uv":[13.5512,7.5794],"uv_size":[0.0738,0.0259]},"south":{"uv":[13.5762,7.5794],"uv_size":[0.0738,0.0259]},"up":{"uv":[13.6488,8.2832],"uv_size":[-0.0738,-0.3884]},"west":{"uv":[13.906,7.5794],"uv_size":[0.369,0.0259]}}},{"origin":[-0.33838,9,3.74443],"size":[0.75,0.75,0.25],"uv":{"down":{"uv":[13.6488,6.8154],"uv_size":[-0.0738,-0.0259]},"east":{"uv":[12.8504,7.5276],"uv_size":[0.0246,0.0777]},"north":{"uv":[13.5512,7.5276],"uv_size":[0.0738,0.0777]},"south":{"uv":[13.5762,7.5276],"uv_size":[0.0738,0.0777]},"up":{"uv":[13.6488,8.368],"uv_size":[-0.0738,-0.0259]},"west":{"uv":[14.3254,7.5276],"uv_size":[0.0246,0.0777]}}},{"origin":[-0.33838,9,3.99443],"size":[0.75,0.25,0.5],"uv":{"down":{"uv":[13.6488,6.7886],"uv_size":[-0.0738,-0.0518]},"east":{"uv":[12.8008,7.5794],"uv_size":[0.0492,0.0259]},"north":{"uv":[13.5512,7.5794],"uv_size":[0.0738,0.0259]},"south":{"uv":[13.5762,7.5794],"uv_size":[0.0738,0.0259]},"up":{"uv":[13.6488,8.4202],"uv_size":[-0.0738,-0.0518]},"west":{"uv":[14.3508,7.5794],"uv_size":[0.0492,0.0259]}}},{"origin":[0.16162,9.25,3.99443],"size":[0.25,0.5,0.5],"uv":{"down":{"uv":[13.5996,6.7886],"uv_size":[-0.0246,-0.0518]},"east":{"uv":[12.8008,7.5272],"uv_size":[0.0492,0.0518]},"north":{"uv":[13.6004,7.5272],"uv_size":[0.0246,0.0518]},"south":{"uv":[13.5754,7.5272],"uv_size":[0.0246,0.0518]},"up":{"uv":[13.5996,8.4202],"uv_size":[-0.0246,-0.0518]},"west":{"uv":[14.3508,7.5272],"uv_size":[0.0492,0.0518]}}},{"origin":[-0.33838,9.75,3.24443],"size":[0.75,0.25,0.5],"uv":{"down":{"uv":[13.6488,6.8676],"uv_size":[-0.0738,-0.0518]},"east":{"uv":[12.8758,7.5004],"uv_size":[0.0492,0.0259]},"north":{"uv":[13.5512,7.5004],"uv_size":[0.0738,0.0259]},"south":{"uv":[13.5762,7.5004],"uv_size":[0.0738,0.0259]},"up":{"uv":[13.6488,8.3413],"uv_size":[-0.0738,-0.0518]},"west":{"uv":[14.2758,7.5004],"uv_size":[0.0492,0.0259]}}},{"origin":[-0.33838,9.75,0.24443],"size":[0.75,0.25,0.75],"uv":{"down":{"uv":[13.6488,7.1829],"uv_size":[-0.0738,-0.0777]},"east":{"uv":[13.1512,7.5004],"uv_size":[0.0738,0.0259]},"north":{"uv":[13.5512,7.5004],"uv_size":[0.0738,0.0259]},"south":{"uv":[13.5762,7.5004],"uv_size":[0.0738,0.0259]},"up":{"uv":[13.6488,8.0514],"uv_size":[-0.0738,-0.0777]},"west":{"uv":[13.9762,7.5004],"uv_size":[0.0738,0.0259]}}},{"origin":[-0.33838,10,-0.25557],"size":[0.75,0.25,0.5],"uv":{"down":{"uv":[13.6488,7.236],"uv_size":[-0.0738,-0.0518]},"east":{"uv":[13.2258,7.4741],"uv_size":[0.0492,0.0259]},"north":{"uv":[13.5512,7.4741],"uv_size":[0.0738,0.0259]},"south":{"uv":[13.5762,7.4741],"uv_size":[0.0738,0.0259]},"up":{"uv":[13.6488,7.9728],"uv_size":[-0.0738,-0.0518]},"west":{"uv":[13.9258,7.4741],"uv_size":[0.0492,0.0259]}}},{"origin":[-0.33838,10,0.99443],"size":[0.75,0.25,0.25],"uv":{"down":{"uv":[13.6488,7.1048],"uv_size":[-0.0738,-0.0259]},"east":{"uv":[13.1254,7.4741],"uv_size":[0.0246,0.0259]},"north":{"uv":[13.5512,7.4741],"uv_size":[0.0738,0.0259]},"south":{"uv":[13.5762,7.4741],"uv_size":[0.0738,0.0259]},"up":{"uv":[13.6488,8.0785],"uv_size":[-0.0738,-0.0259]},"west":{"uv":[14.0504,7.4741],"uv_size":[0.0246,0.0259]}}},{"origin":[-0.33838,10,1.99443],"size":[0.75,0.25,1.25],"uv":{"down":{"uv":[13.6488,6.9979],"uv_size":[-0.0738,-0.1295]},"east":{"uv":[12.927,7.4741],"uv_size":[0.123,0.0259]},"north":{"uv":[13.5512,7.4741],"uv_size":[0.0738,0.0259]},"south":{"uv":[13.5762,7.4741],"uv_size":[0.0738,0.0259]},"up":{"uv":[13.6488,8.2874],"uv_size":[-0.0738,-0.1295]},"west":{"uv":[14.152,7.4741],"uv_size":[0.123,0.0259]}}},{"origin":[-0.33838,10.25,1.74443],"size":[0.75,0.25,0.25],"uv":{"down":{"uv":[13.6488,7.0259],"uv_size":[-0.0738,-0.0259]},"east":{"uv":[13.0504,7.4478],"uv_size":[0.0246,0.0259]},"north":{"uv":[13.5512,7.4478],"uv_size":[0.0738,0.0259]},"south":{"uv":[13.5762,7.4478],"uv_size":[0.0738,0.0259]},"up":{"uv":[13.6488,8.1575],"uv_size":[-0.0738,-0.0259]},"west":{"uv":[14.1254,7.4478],"uv_size":[0.0246,0.0259]}}},{"origin":[-0.33838,9.25,3.99443],"size":[0.25,0.25,0.5],"uv":{"down":{"uv":[13.6496,6.7886],"uv_size":[-0.0246,-0.0518]},"east":{"uv":[12.8008,7.5531],"uv_size":[0.0492,0.0259]},"north":{"uv":[13.5504,7.5531],"uv_size":[0.0246,0.0259]},"south":{"uv":[13.6254,7.5531],"uv_size":[0.0246,0.0259]},"up":{"uv":[13.6496,8.4202],"uv_size":[-0.0246,-0.0518]},"west":{"uv":[14.3508,7.5531],"uv_size":[0.0492,0.0259]}}},{"origin":[-0.33838,9.5,3.99443],"size":[0.5,0.25,0.5],"uv":{"down":{"uv":[13.6492,6.7886],"uv_size":[-0.0492,-0.0518]},"east":{"uv":[12.8008,7.5267],"uv_size":[0.0492,0.0259]},"north":{"uv":[13.5508,7.5267],"uv_size":[0.0492,0.0259]},"south":{"uv":[13.6008,7.5267],"uv_size":[0.0492,0.0259]},"up":{"uv":[13.6492,8.4202],"uv_size":[-0.0492,-0.0518]},"west":{"uv":[14.3508,7.5267],"uv_size":[0.0492,0.0259]}}},{"origin":[-0.58838,8.75,-7.00557],"size":[1.25,1.25,0.5],"uv":{"down":{"uv":[13.673,7.9465],"uv_size":[-0.123,-0.0518]},"east":{"uv":[13.9008,7.5021],"uv_size":[0.0492,0.1295]},"north":{"uv":[13.527,7.5021],"uv_size":[0.123,0.1295]},"south":{"uv":[13.552,7.5021],"uv_size":[0.123,0.1295]},"up":{"uv":[13.673,7.2623],"uv_size":[-0.123,-0.0518]},"west":{"uv":[13.2508,7.5021],"uv_size":[0.0492,0.1295]}}},{"origin":[-0.58838,8.75,-6.50557],"size":[1.25,0.25,0.25],"uv":{"down":{"uv":[13.673,7.8943],"uv_size":[-0.123,-0.0259]},"east":{"uv":[13.8754,7.6057],"uv_size":[0.0246,0.0259]},"north":{"uv":[13.527,7.6057],"uv_size":[0.123,0.0259]},"south":{"uv":[13.552,7.6057],"uv_size":[0.123,0.0259]},"up":{"uv":[13.673,7.2891],"uv_size":[-0.123,-0.0259]},"west":{"uv":[13.3004,7.6057],"uv_size":[0.0246,0.0259]}}},{"origin":[-0.58838,9.5,-6.50557],"size":[1.25,0.75,0.25],"uv":{"down":{"uv":[13.673,7.8943],"uv_size":[-0.123,-0.0259]},"east":{"uv":[13.8754,7.4749],"uv_size":[0.0246,0.0777]},"north":{"uv":[13.527,7.4749],"uv_size":[0.123,0.0777]},"south":{"uv":[13.552,7.4749],"uv_size":[0.123,0.0777]},"up":{"uv":[13.673,7.2891],"uv_size":[-0.123,-0.0259]},"west":{"uv":[13.3004,7.4749],"uv_size":[0.0246,0.0777]}}},{"origin":[-0.58838,10,-6.75557],"size":[1.25,0.25,0.25],"uv":{"down":{"uv":[13.673,7.9206],"uv_size":[-0.123,-0.0259]},"east":{"uv":[13.9004,7.4741],"uv_size":[0.0246,0.0259]},"north":{"uv":[13.527,7.4741],"uv_size":[0.123,0.0259]},"south":{"uv":[13.552,7.4741],"uv_size":[0.123,0.0259]},"up":{"uv":[13.673,7.2627],"uv_size":[-0.123,-0.0259]},"west":{"uv":[13.2754,7.4741],"uv_size":[0.0246,0.0259]}}},{"origin":[-0.33838,6.75,-11.50557],"size":[0.75,3.25,0.5],"uv":{"down":{"uv":[13.6488,8.4202],"uv_size":[-0.0738,-0.0518]},"east":{"uv":[14.3508,7.5055],"uv_size":[0.0492,0.3366]},"north":{"uv":[13.5512,7.5055],"uv_size":[0.0738,0.3366]},"south":{"uv":[13.5762,7.5055],"uv_size":[0.0738,0.3366]},"up":{"uv":[13.6488,6.7886],"uv_size":[-0.0738,-0.0518]},"west":{"uv":[12.8008,7.5055],"uv_size":[0.0492,0.3366]}}},{"origin":[-0.33838,7.5,-11.00557],"size":[0.75,1.75,0.25],"uv":{"down":{"uv":[13.6488,8.368],"uv_size":[-0.0738,-0.0259]},"east":{"uv":[14.3254,7.5819],"uv_size":[0.0246,0.1813]},"north":{"uv":[13.5512,7.5819],"uv_size":[0.0738,0.1813]},"south":{"uv":[13.5762,7.5819],"uv_size":[0.0738,0.1813]},"up":{"uv":[13.6488,6.8154],"uv_size":[-0.0738,-0.0259]},"west":{"uv":[12.8504,7.5819],"uv_size":[0.0246,0.1813]}}},{"origin":[-0.33838,7.75,-10.75557],"size":[0.75,0.75,0.25],"uv":{"down":{"uv":[13.6488,8.3417],"uv_size":[-0.0738,-0.0259]},"east":{"uv":[14.3004,7.6592],"uv_size":[0.0246,0.0777]},"north":{"uv":[13.5512,7.6592],"uv_size":[0.0738,0.0777]},"south":{"uv":[13.5762,7.6592],"uv_size":[0.0738,0.0777]},"up":{"uv":[13.6488,6.8417],"uv_size":[-0.0738,-0.0259]},"west":{"uv":[12.8754,7.6592],"uv_size":[0.0246,0.0777]}}},{"origin":[-0.33838,8,-10.50557],"size":[0.75,0.5,0.25],"uv":{"down":{"uv":[13.6488,8.3154],"uv_size":[-0.0738,-0.0259]},"east":{"uv":[14.2754,7.6587],"uv_size":[0.0246,0.0518]},"north":{"uv":[13.5512,7.6587],"uv_size":[0.0738,0.0518]},"south":{"uv":[13.5762,7.6587],"uv_size":[0.0738,0.0518]},"up":{"uv":[13.6488,6.868],"uv_size":[-0.0738,-0.0259]},"west":{"uv":[12.9004,7.6587],"uv_size":[0.0246,0.0518]}}},{"origin":[-0.33838,8.25,-10.25557],"size":[0.75,0.25,0.75],"uv":{"down":{"uv":[13.6488,8.2882],"uv_size":[-0.0738,-0.0777]},"east":{"uv":[14.2012,7.6583],"uv_size":[0.0738,0.0259]},"north":{"uv":[13.5512,7.6583],"uv_size":[0.0738,0.0259]},"south":{"uv":[13.5762,7.6583],"uv_size":[0.0738,0.0259]},"up":{"uv":[13.6488,6.9461],"uv_size":[-0.0738,-0.0777]},"west":{"uv":[12.9262,7.6583],"uv_size":[0.0738,0.0259]}}},{"origin":[-0.33838,8.5,-10.00557],"size":[0.75,0.25,1],"uv":{"down":{"uv":[13.6488,8.2615],"uv_size":[-0.0738,-0.1036]},"east":{"uv":[14.1516,7.632],"uv_size":[0.0984,0.0259]},"north":{"uv":[13.5512,7.632],"uv_size":[0.0738,0.0259]},"south":{"uv":[13.5762,7.632],"uv_size":[0.0738,0.0259]},"up":{"uv":[13.6488,6.9983],"uv_size":[-0.0738,-0.1036]},"west":{"uv":[12.9516,7.632],"uv_size":[0.0984,0.0259]}}},{"origin":[-0.33838,8.75,-9.50557],"size":[0.75,0.25,2.5],"uv":{"down":{"uv":[13.6488,8.2063],"uv_size":[-0.0738,-0.2589]},"east":{"uv":[13.954,7.6057],"uv_size":[0.246,0.0259]},"north":{"uv":[13.5512,7.6057],"uv_size":[0.0738,0.0259]},"south":{"uv":[13.5762,7.6057],"uv_size":[0.0738,0.0259]},"up":{"uv":[13.6488,7.2063],"uv_size":[-0.0738,-0.2589]},"west":{"uv":[13.004,7.6057],"uv_size":[0.246,0.0259]}}},{"origin":[-0.33838,9.5,-8.25557],"size":[0.75,0.5,1.25],"uv":{"down":{"uv":[13.6488,8.0768],"uv_size":[-0.0738,-0.1295]},"east":{"uv":[13.952,7.5008],"uv_size":[0.123,0.0518]},"north":{"uv":[13.5512,7.5008],"uv_size":[0.0738,0.0518]},"south":{"uv":[13.5762,7.5008],"uv_size":[0.0738,0.0518]},"up":{"uv":[13.6488,7.2084],"uv_size":[-0.0738,-0.1295]},"west":{"uv":[13.127,7.5008],"uv_size":[0.123,0.0518]}}},{"origin":[-0.33838,9,-8.50557],"size":[0.75,1,0.25],"uv":{"down":{"uv":[13.6488,8.1048],"uv_size":[-0.0738,-0.0259]},"east":{"uv":[14.0754,7.5017],"uv_size":[0.0246,0.1036]},"north":{"uv":[13.5512,7.5017],"uv_size":[0.0738,0.1036]},"south":{"uv":[13.5762,7.5017],"uv_size":[0.0738,0.1036]},"up":{"uv":[13.6488,7.0785],"uv_size":[-0.0738,-0.0259]},"west":{"uv":[13.1004,7.5017],"uv_size":[0.0246,0.1036]}}},{"origin":[-0.33838,9.75,-11.00557],"size":[0.75,0.25,2.5],"uv":{"down":{"uv":[13.6488,8.3642],"uv_size":[-0.0738,-0.2589]},"east":{"uv":[14.104,7.5004],"uv_size":[0.246,0.0259]},"north":{"uv":[13.5512,7.5004],"uv_size":[0.0738,0.0259]},"south":{"uv":[13.5762,7.5004],"uv_size":[0.0738,0.0259]},"up":{"uv":[13.6488,7.0484],"uv_size":[-0.0738,-0.2589]},"west":{"uv":[12.854,7.5004],"uv_size":[0.246,0.0259]}}},{"origin":[-0.33838,10,-7.00557],"size":[0.75,0.25,0.25],"uv":{"down":{"uv":[13.6488,7.9469],"uv_size":[-0.0738,-0.0259]},"east":{"uv":[13.9254,7.4741],"uv_size":[0.0246,0.0259]},"north":{"uv":[13.5512,7.4741],"uv_size":[0.0738,0.0259]},"south":{"uv":[13.5762,7.4741],"uv_size":[0.0738,0.0259]},"up":{"uv":[13.6488,7.2364],"uv_size":[-0.0738,-0.0259]},"west":{"uv":[13.2504,7.4741],"uv_size":[0.0246,0.0259]}}},{"origin":[-0.58838,10.25,-6.25557],"size":[1.25,0.25,2.75],"uv":{"down":{"uv":[13.673,7.8638],"uv_size":[-0.123,-0.2848]},"east":{"uv":[13.6044,7.4478],"uv_size":[0.2706,0.0259]},"north":{"uv":[13.527,7.4478],"uv_size":[0.123,0.0259]},"south":{"uv":[13.552,7.4478],"uv_size":[0.123,0.0259]},"up":{"uv":[13.673,7.5743],"uv_size":[-0.123,-0.2848]},"west":{"uv":[13.3294,7.4478],"uv_size":[0.2706,0.0259]}}},{"origin":[0.41162,10.25,-3.50557],"size":[0.25,0.75,0.25],"uv":{"down":{"uv":[13.5746,7.5785],"uv_size":[-0.0246,-0.0259]},"east":{"uv":[13.5754,7.396],"uv_size":[0.0246,0.0777]},"north":{"uv":[13.6254,7.396],"uv_size":[0.0246,0.0777]},"south":{"uv":[13.5504,7.396],"uv_size":[0.0246,0.0777]},"up":{"uv":[13.5746,7.6048],"uv_size":[-0.0246,-0.0259]},"west":{"uv":[13.6004,7.396],"uv_size":[0.0246,0.0777]}}},{"origin":[-0.58838,10.5,-6.00557],"size":[1.25,0.25,2.5],"uv":{"down":{"uv":[13.673,7.8379],"uv_size":[-0.123,-0.2589]},"east":{"uv":[13.604,7.4215],"uv_size":[0.246,0.0259]},"north":{"uv":[13.527,7.4215],"uv_size":[0.123,0.0259]},"south":{"uv":[13.552,7.4215],"uv_size":[0.123,0.0259]},"up":{"uv":[13.673,7.5747],"uv_size":[-0.123,-0.2589]},"west":{"uv":[13.354,7.4215],"uv_size":[0.246,0.0259]}}},{"origin":[-0.58838,10.5,-3.25557],"size":[1.25,0.5,0.25],"uv":{"down":{"uv":[13.673,7.5522],"uv_size":[-0.123,-0.0259]},"east":{"uv":[13.5504,7.3956],"uv_size":[0.0246,0.0518]},"north":{"uv":[13.527,7.3956],"uv_size":[0.123,0.0518]},"south":{"uv":[13.552,7.3956],"uv_size":[0.123,0.0518]},"up":{"uv":[13.673,7.6312],"uv_size":[-0.123,-0.0259]},"west":{"uv":[13.6254,7.3956],"uv_size":[0.0246,0.0518]}}},{"origin":[0.41162,10.5,-3.00557],"size":[0.25,0.5,0.25],"uv":{"down":{"uv":[13.5746,7.5259],"uv_size":[-0.0246,-0.0259]},"east":{"uv":[13.5254,7.3956],"uv_size":[0.0246,0.0518]},"north":{"uv":[13.6254,7.3956],"uv_size":[0.0246,0.0518]},"south":{"uv":[13.5504,7.3956],"uv_size":[0.0246,0.0518]},"up":{"uv":[13.5746,7.6575],"uv_size":[-0.0246,-0.0259]},"west":{"uv":[13.6504,7.3956],"uv_size":[0.0246,0.0518]}}},{"origin":[-0.58838,10.5,-1.00557],"size":[1.25,0.5,0.5],"uv":{"down":{"uv":[13.673,7.3149],"uv_size":[-0.123,-0.0518]},"east":{"uv":[13.3008,7.3956],"uv_size":[0.0492,0.0518]},"north":{"uv":[13.527,7.3956],"uv_size":[0.123,0.0518]},"south":{"uv":[13.552,7.3956],"uv_size":[0.123,0.0518]},"up":{"uv":[13.673,7.8939],"uv_size":[-0.123,-0.0518]},"west":{"uv":[13.8508,7.3956],"uv_size":[0.0492,0.0518]}}},{"origin":[-0.58838,10.5,1.24443],"size":[1.25,0.5,0.25],"uv":{"down":{"uv":[13.673,7.0785],"uv_size":[-0.123,-0.0259]},"east":{"uv":[13.1004,7.3956],"uv_size":[0.0246,0.0518]},"north":{"uv":[13.527,7.3956],"uv_size":[0.123,0.0518]},"south":{"uv":[13.552,7.3956],"uv_size":[0.123,0.0518]},"up":{"uv":[13.673,8.1048],"uv_size":[-0.123,-0.0259]},"west":{"uv":[14.0754,7.3956],"uv_size":[0.0246,0.0518]}}},{"origin":[-0.58838,10.5,1.49443],"size":[1.25,0.25,0.25],"uv":{"down":{"uv":[13.673,7.0522],"uv_size":[-0.123,-0.0259]},"east":{"uv":[13.0754,7.4215],"uv_size":[0.0246,0.0259]},"north":{"uv":[13.527,7.4215],"uv_size":[0.123,0.0259]},"south":{"uv":[13.552,7.4215],"uv_size":[0.123,0.0259]},"up":{"uv":[13.673,8.1312],"uv_size":[-0.123,-0.0259]},"west":{"uv":[14.1004,7.4215],"uv_size":[0.0246,0.0259]}}},{"origin":[-0.58838,10.75,-5.75557],"size":[1.25,0.25,2.25],"uv":{"down":{"uv":[13.673,7.812],"uv_size":[-0.123,-0.2331]},"east":{"uv":[13.6036,7.3952],"uv_size":[0.2214,0.0259]},"north":{"uv":[13.527,7.3952],"uv_size":[0.123,0.0259]},"south":{"uv":[13.552,7.3952],"uv_size":[0.123,0.0259]},"up":{"uv":[13.673,7.5752],"uv_size":[-0.123,-0.2331]},"west":{"uv":[13.3786,7.3952],"uv_size":[0.2214,0.0259]}}},{"origin":[-0.58838,10.75,-2.75557],"size":[1.25,0.25,1.75],"uv":{"down":{"uv":[13.673,7.4971],"uv_size":[-0.123,-0.1813]},"east":{"uv":[13.3528,7.3952],"uv_size":[0.1722,0.0259]},"north":{"uv":[13.527,7.3952],"uv_size":[0.123,0.0259]},"south":{"uv":[13.552,7.3952],"uv_size":[0.123,0.0259]},"up":{"uv":[13.673,7.8392],"uv_size":[-0.123,-0.1813]},"west":{"uv":[13.6778,7.3952],"uv_size":[0.1722,0.0259]}}},{"origin":[-0.58838,10.75,-0.50557],"size":[1.25,0.25,1.75],"uv":{"down":{"uv":[13.673,7.2602],"uv_size":[-0.123,-0.1813]},"east":{"uv":[13.1278,7.3952],"uv_size":[0.1722,0.0259]},"north":{"uv":[13.527,7.3952],"uv_size":[0.123,0.0259]},"south":{"uv":[13.552,7.3952],"uv_size":[0.123,0.0259]},"up":{"uv":[13.673,8.076],"uv_size":[-0.123,-0.1813]},"west":{"uv":[13.9028,7.3952],"uv_size":[0.1722,0.0259]}}},{"origin":[-0.58838,11,-5.50557],"size":[1.25,0.5,0.5],"uv":{"down":{"uv":[13.673,7.7886],"uv_size":[-0.123,-0.0518]},"east":{"uv":[13.7508,7.3429],"uv_size":[0.0492,0.0518]},"north":{"uv":[13.527,7.3429],"uv_size":[0.123,0.0518]},"south":{"uv":[13.552,7.3429],"uv_size":[0.123,0.0518]},"up":{"uv":[13.673,7.4202],"uv_size":[-0.123,-0.0518]},"west":{"uv":[13.4008,7.3429],"uv_size":[0.0492,0.0518]}}},{"origin":[-0.58838,11,-5.00557],"size":[1.25,0.25,0.25],"uv":{"down":{"uv":[13.673,7.7364],"uv_size":[-0.123,-0.0259]},"east":{"uv":[13.7254,7.3688],"uv_size":[0.0246,0.0259]},"north":{"uv":[13.527,7.3688],"uv_size":[0.123,0.0259]},"south":{"uv":[13.552,7.3688],"uv_size":[0.123,0.0259]},"up":{"uv":[13.673,7.4469],"uv_size":[-0.123,-0.0259]},"west":{"uv":[13.4504,7.3688],"uv_size":[0.0246,0.0259]}}},{"origin":[0.41162,11.5,-5.50557],"size":[0.25,0.25,0.5],"uv":{"down":{"uv":[13.5746,7.7886],"uv_size":[-0.0246,-0.0518]},"east":{"uv":[13.7508,7.3162],"uv_size":[0.0492,0.0259]},"north":{"uv":[13.6254,7.3162],"uv_size":[0.0246,0.0259]},"south":{"uv":[13.5504,7.3162],"uv_size":[0.0246,0.0259]},"up":{"uv":[13.5746,7.4202],"uv_size":[-0.0246,-0.0518]},"west":{"uv":[13.4008,7.3162],"uv_size":[0.0492,0.0259]}}},{"origin":[-0.33838,10.5,-6.25557],"size":[0.75,0.25,0.25],"uv":{"down":{"uv":[13.6488,7.868],"uv_size":[-0.0738,-0.0259]},"east":{"uv":[13.8504,7.4215],"uv_size":[0.0246,0.0259]},"north":{"uv":[13.5512,7.4215],"uv_size":[0.0738,0.0259]},"south":{"uv":[13.5762,7.4215],"uv_size":[0.0738,0.0259]},"up":{"uv":[13.6488,7.3154],"uv_size":[-0.0738,-0.0259]},"west":{"uv":[13.3254,7.4215],"uv_size":[0.0246,0.0259]}}},{"origin":[-0.58838,10.5,-3.50557],"size":[1,0.5,0.25],"uv":{"down":{"uv":[13.6734,7.5785],"uv_size":[-0.0984,-0.0259]},"east":{"uv":[13.5754,7.3956],"uv_size":[0.0246,0.0518]},"north":{"uv":[13.5266,7.3956],"uv_size":[0.0984,0.0518]},"south":{"uv":[13.5766,7.3956],"uv_size":[0.0984,0.0518]},"up":{"uv":[13.6734,7.6048],"uv_size":[-0.0984,-0.0259]},"west":{"uv":[13.6004,7.3956],"uv_size":[0.0246,0.0518]}}},{"origin":[-0.33838,10.5,-1.25557],"size":[0.75,0.25,0.25],"uv":{"down":{"uv":[13.6488,7.3417],"uv_size":[-0.0738,-0.0259]},"east":{"uv":[13.3504,7.4215],"uv_size":[0.0246,0.0259]},"north":{"uv":[13.5512,7.4215],"uv_size":[0.0738,0.0259]},"south":{"uv":[13.5762,7.4215],"uv_size":[0.0738,0.0259]},"up":{"uv":[13.6488,7.8417],"uv_size":[-0.0738,-0.0259]},"west":{"uv":[13.8254,7.4215],"uv_size":[0.0246,0.0259]}}},{"origin":[-0.33838,10.5,-0.50557],"size":[0.75,0.25,0.25],"uv":{"down":{"uv":[13.6488,7.2627],"uv_size":[-0.0738,-0.0259]},"east":{"uv":[13.2754,7.4215],"uv_size":[0.0246,0.0259]},"north":{"uv":[13.5512,7.4215],"uv_size":[0.0738,0.0259]},"south":{"uv":[13.5762,7.4215],"uv_size":[0.0738,0.0259]},"up":{"uv":[13.6488,7.9206],"uv_size":[-0.0738,-0.0259]},"west":{"uv":[13.9004,7.4215],"uv_size":[0.0246,0.0259]}}},{"origin":[-0.33838,10.5,1.74443],"size":[0.75,0.25,0.25],"uv":{"down":{"uv":[13.6488,7.0259],"uv_size":[-0.0738,-0.0259]},"east":{"uv":[13.0504,7.4215],"uv_size":[0.0246,0.0259]},"north":{"uv":[13.5512,7.4215],"uv_size":[0.0738,0.0259]},"south":{"uv":[13.5762,7.4215],"uv_size":[0.0738,0.0259]},"up":{"uv":[13.6488,8.1575],"uv_size":[-0.0738,-0.0259]},"west":{"uv":[14.1254,7.4215],"uv_size":[0.0246,0.0259]}}},{"origin":[-0.33838,10.75,-6.00557],"size":[0.75,0.25,0.25],"uv":{"down":{"uv":[13.6488,7.8417],"uv_size":[-0.0738,-0.0259]},"east":{"uv":[13.8254,7.3952],"uv_size":[0.0246,0.0259]},"north":{"uv":[13.5512,7.3952],"uv_size":[0.0738,0.0259]},"south":{"uv":[13.5762,7.3952],"uv_size":[0.0738,0.0259]},"up":{"uv":[13.6488,7.3417],"uv_size":[-0.0738,-0.0259]},"west":{"uv":[13.3504,7.3952],"uv_size":[0.0246,0.0259]}}},{"origin":[-0.58838,10.75,-3.00557],"size":[1,0.25,0.25],"uv":{"down":{"uv":[13.6734,7.5259],"uv_size":[-0.0984,-0.0259]},"east":{"uv":[13.5254,7.3952],"uv_size":[0.0246,0.0259]},"north":{"uv":[13.5266,7.3952],"uv_size":[0.0984,0.0259]},"south":{"uv":[13.5766,7.3952],"uv_size":[0.0984,0.0259]},"up":{"uv":[13.6734,7.6575],"uv_size":[-0.0984,-0.0259]},"west":{"uv":[13.6504,7.3952],"uv_size":[0.0246,0.0259]}}},{"origin":[-0.33838,10.75,1.49443],"size":[0.75,0.25,0.25],"uv":{"down":{"uv":[13.6488,7.0522],"uv_size":[-0.0738,-0.0259]},"east":{"uv":[13.0754,7.3952],"uv_size":[0.0246,0.0259]},"north":{"uv":[13.5512,7.3952],"uv_size":[0.0738,0.0259]},"south":{"uv":[13.5762,7.3952],"uv_size":[0.0738,0.0259]},"up":{"uv":[13.6488,8.1312],"uv_size":[-0.0738,-0.0259]},"west":{"uv":[14.1004,7.3952],"uv_size":[0.0246,0.0259]}}},{"origin":[-0.33838,11,-5.75557],"size":[0.75,0.25,0.25],"uv":{"down":{"uv":[13.6488,7.8154],"uv_size":[-0.0738,-0.0259]},"east":{"uv":[13.8004,7.3688],"uv_size":[0.0246,0.0259]},"north":{"uv":[13.5512,7.3688],"uv_size":[0.0738,0.0259]},"south":{"uv":[13.5762,7.3688],"uv_size":[0.0738,0.0259]},"up":{"uv":[13.6488,7.368],"uv_size":[-0.0738,-0.0259]},"west":{"uv":[13.3754,7.3688],"uv_size":[0.0246,0.0259]}}},{"origin":[-0.33838,11,-4.75557],"size":[0.75,0.25,6.25],"uv":{"down":{"uv":[13.6488,7.7],"uv_size":[-0.0738,-0.6474]},"east":{"uv":[13.11,7.3688],"uv_size":[0.615,0.0259]},"north":{"uv":[13.5512,7.3688],"uv_size":[0.0738,0.0259]},"south":{"uv":[13.5762,7.3688],"uv_size":[0.0738,0.0259]},"up":{"uv":[13.6488,8.0947],"uv_size":[-0.0738,-0.6474]},"west":{"uv":[13.485,7.3688],"uv_size":[0.615,0.0259]}}},{"origin":[-0.33838,11.25,-5.00557],"size":[0.75,0.25,0.25],"uv":{"down":{"uv":[13.6488,7.7364],"uv_size":[-0.0738,-0.0259]},"east":{"uv":[13.7254,7.3425],"uv_size":[0.0246,0.0259]},"north":{"uv":[13.5512,7.3425],"uv_size":[0.0738,0.0259]},"south":{"uv":[13.5762,7.3425],"uv_size":[0.0738,0.0259]},"up":{"uv":[13.6488,7.4469],"uv_size":[-0.0738,-0.0259]},"west":{"uv":[13.4504,7.3425],"uv_size":[0.0246,0.0259]}}},{"origin":[-0.33838,11.25,1.24443],"size":[0.75,0.25,0.25],"uv":{"down":{"uv":[13.6488,7.0785],"uv_size":[-0.0738,-0.0259]},"east":{"uv":[13.1004,7.3425],"uv_size":[0.0246,0.0259]},"north":{"uv":[13.5512,7.3425],"uv_size":[0.0738,0.0259]},"south":{"uv":[13.5762,7.3425],"uv_size":[0.0738,0.0259]},"up":{"uv":[13.6488,8.1048],"uv_size":[-0.0738,-0.0259]},"west":{"uv":[14.0754,7.3425],"uv_size":[0.0246,0.0259]}}},{"origin":[0.16162,11.5,1.24443],"size":[0.25,0.25,0.25],"uv":{"down":{"uv":[13.5996,7.0785],"uv_size":[-0.0246,-0.0259]},"east":{"uv":[13.1004,7.3162],"uv_size":[0.0246,0.0259]},"north":{"uv":[13.6004,7.3162],"uv_size":[0.0246,0.0259]},"south":{"uv":[13.5754,7.3162],"uv_size":[0.0246,0.0259]},"up":{"uv":[13.5996,8.1048],"uv_size":[-0.0246,-0.0259]},"west":{"uv":[14.0754,7.3162],"uv_size":[0.0246,0.0259]}}},{"origin":[-0.08838,11.25,-4.75557],"size":[0.25,0.25,0.25],"uv":{"down":{"uv":[13.6246,7.7101],"uv_size":[-0.0246,-0.0259]},"east":{"uv":[13.7004,7.3425],"uv_size":[0.0246,0.0259]},"north":{"uv":[13.5754,7.3425],"uv_size":[0.0246,0.0259]},"south":{"uv":[13.6004,7.3425],"uv_size":[0.0246,0.0259]},"up":{"uv":[13.6246,7.4733],"uv_size":[-0.0246,-0.0259]},"west":{"uv":[13.4754,7.3425],"uv_size":[0.0246,0.0259]}}},{"origin":[-0.33838,11.5,1.24443],"size":[0.25,0.25,0.25],"uv":{"down":{"uv":[13.6496,7.0785],"uv_size":[-0.0246,-0.0259]},"east":{"uv":[13.1004,7.3162],"uv_size":[0.0246,0.0259]},"north":{"uv":[13.5504,7.3162],"uv_size":[0.0246,0.0259]},"south":{"uv":[13.6254,7.3162],"uv_size":[0.0246,0.0259]},"up":{"uv":[13.6496,8.1048],"uv_size":[-0.0246,-0.0259]},"west":{"uv":[14.0754,7.3162],"uv_size":[0.0246,0.0259]}}},{"origin":[-0.58838,10.25,-3.50557],"size":[0.25,0.25,0.25],"uv":{"down":{"uv":[13.6746,7.5785],"uv_size":[-0.0246,-0.0259]},"east":{"uv":[13.5754,7.4478],"uv_size":[0.0246,0.0259]},"north":{"uv":[13.5254,7.4478],"uv_size":[0.0246,0.0259]},"south":{"uv":[13.6504,7.4478],"uv_size":[0.0246,0.0259]},"up":{"uv":[13.6746,7.6048],"uv_size":[-0.0246,-0.0259]},"west":{"uv":[13.6004,7.4478],"uv_size":[0.0246,0.0259]}}},{"origin":[-0.58838,10.5,-3.00557],"size":[0.25,0.25,0.25],"uv":{"down":{"uv":[13.6746,7.5259],"uv_size":[-0.0246,-0.0259]},"east":{"uv":[13.5254,7.4215],"uv_size":[0.0246,0.0259]},"north":{"uv":[13.5254,7.4215],"uv_size":[0.0246,0.0259]},"south":{"uv":[13.6504,7.4215],"uv_size":[0.0246,0.0259]},"up":{"uv":[13.6746,7.6575],"uv_size":[-0.0246,-0.0259]},"west":{"uv":[13.6504,7.4215],"uv_size":[0.0246,0.0259]}}},{"origin":[-0.58838,11.5,-5.50557],"size":[0.25,0.25,0.5],"uv":{"down":{"uv":[13.6746,7.7886],"uv_size":[-0.0246,-0.0518]},"east":{"uv":[13.7508,7.3162],"uv_size":[0.0492,0.0259]},"north":{"uv":[13.5254,7.3162],"uv_size":[0.0246,0.0259]},"south":{"uv":[13.6504,7.3162],"uv_size":[0.0246,0.0259]},"up":{"uv":[13.6746,7.4202],"uv_size":[-0.0246,-0.0518]},"west":{"uv":[13.4008,7.3162],"uv_size":[0.0492,0.0259]}}},{"origin":[-0.33838,11.25,-4.25557],"size":[0.75,0.25,0.25],"uv":{"down":{"uv":[13.6488,9.3417],"uv_size":[-0.0738,-0.0259]},"east":{"uv":[13.6504,9.0267],"uv_size":[0.0246,0.0259]},"north":{"uv":[13.5512,9.0267],"uv_size":[0.0738,0.0259]},"south":{"uv":[13.5762,9.0267],"uv_size":[0.0738,0.0259]},"up":{"uv":[13.6488,9.2101],"uv_size":[-0.0738,-0.0259]},"west":{"uv":[13.5254,9.0267],"uv_size":[0.0246,0.0259]}}},{"origin":[-0.33838,11.25,-3.75557],"size":[0.75,0.25,0.25],"uv":{"down":{"uv":[13.6488,9.2891],"uv_size":[-0.0738,-0.0259]},"east":{"uv":[13.6004,9.0267],"uv_size":[0.0246,0.0259]},"north":{"uv":[13.5512,9.0267],"uv_size":[0.0738,0.0259]},"south":{"uv":[13.5762,9.0267],"uv_size":[0.0738,0.0259]},"up":{"uv":[13.6488,9.2627],"uv_size":[-0.0738,-0.0259]},"west":{"uv":[13.5754,9.0267],"uv_size":[0.0246,0.0259]}}},{"origin":[-0.33838,11.25,-2.25557],"size":[0.75,0.25,0.25],"uv":{"down":{"uv":[13.6488,9.1312],"uv_size":[-0.0738,-0.0259]},"east":{"uv":[13.4504,9.0267],"uv_size":[0.0246,0.0259]},"north":{"uv":[13.5512,9.0267],"uv_size":[0.0738,0.0259]},"south":{"uv":[13.5762,9.0267],"uv_size":[0.0738,0.0259]},"up":{"uv":[13.6488,9.4206],"uv_size":[-0.0738,-0.0259]},"west":{"uv":[13.7254,9.0267],"uv_size":[0.0246,0.0259]}}},{"origin":[-0.33838,11.25,-1.75557],"size":[0.75,0.25,0.25],"uv":{"down":{"uv":[13.6488,9.0785],"uv_size":[-0.0738,-0.0259]},"east":{"uv":[13.4004,9.0267],"uv_size":[0.0246,0.0259]},"north":{"uv":[13.5512,9.0267],"uv_size":[0.0738,0.0259]},"south":{"uv":[13.5762,9.0267],"uv_size":[0.0738,0.0259]},"up":{"uv":[13.6488,9.4733],"uv_size":[-0.0738,-0.0259]},"west":{"uv":[13.7754,9.0267],"uv_size":[0.0246,0.0259]}}},{"origin":[-0.33838,11.25,-1.25557],"size":[0.75,0.25,0.25],"uv":{"down":{"uv":[13.6488,9.0259],"uv_size":[-0.0738,-0.0259]},"east":{"uv":[13.3504,9.0267],"uv_size":[0.0246,0.0259]},"north":{"uv":[13.5512,9.0267],"uv_size":[0.0738,0.0259]},"south":{"uv":[13.5762,9.0267],"uv_size":[0.0738,0.0259]},"up":{"uv":[13.6488,9.5259],"uv_size":[-0.0738,-0.0259]},"west":{"uv":[13.8254,9.0267],"uv_size":[0.0246,0.0259]}}},{"origin":[-0.33838,11.25,-0.75557],"size":[0.75,0.25,0.25],"uv":{"down":{"uv":[13.6488,8.9733],"uv_size":[-0.0738,-0.0259]},"east":{"uv":[13.3004,9.0267],"uv_size":[0.0246,0.0259]},"north":{"uv":[13.5512,9.0267],"uv_size":[0.0738,0.0259]},"south":{"uv":[13.5762,9.0267],"uv_size":[0.0738,0.0259]},"up":{"uv":[13.6488,9.5785],"uv_size":[-0.0738,-0.0259]},"west":{"uv":[13.8754,9.0267],"uv_size":[0.0246,0.0259]}}},{"origin":[-0.33838,11.25,-0.25557],"size":[0.75,0.25,0.25],"uv":{"down":{"uv":[13.6488,8.9206],"uv_size":[-0.0738,-0.0259]},"east":{"uv":[13.2504,9.0267],"uv_size":[0.0246,0.0259]},"north":{"uv":[13.5512,9.0267],"uv_size":[0.0738,0.0259]},"south":{"uv":[13.5762,9.0267],"uv_size":[0.0738,0.0259]},"up":{"uv":[13.6488,9.6312],"uv_size":[-0.0738,-0.0259]},"west":{"uv":[13.9254,9.0267],"uv_size":[0.0246,0.0259]}}},{"origin":[-0.33838,11.25,0.24443],"size":[0.75,0.25,0.25],"uv":{"down":{"uv":[13.6488,8.868],"uv_size":[-0.0738,-0.0259]},"east":{"uv":[13.2004,9.0267],"uv_size":[0.0246,0.0259]},"north":{"uv":[13.5512,9.0267],"uv_size":[0.0738,0.0259]},"south":{"uv":[13.5762,9.0267],"uv_size":[0.0738,0.0259]},"up":{"uv":[13.6488,9.6838],"uv_size":[-0.0738,-0.0259]},"west":{"uv":[13.9754,9.0267],"uv_size":[0.0246,0.0259]}}},{"origin":[-0.33838,11.25,0.74443],"size":[0.75,0.25,0.25],"uv":{"down":{"uv":[13.6488,8.8154],"uv_size":[-0.0738,-0.0259]},"east":{"uv":[13.1504,9.0267],"uv_size":[0.0246,0.0259]},"north":{"uv":[13.5512,9.0267],"uv_size":[0.0738,0.0259]},"south":{"uv":[13.5762,9.0267],"uv_size":[0.0738,0.0259]},"up":{"uv":[13.6488,9.7364],"uv_size":[-0.0738,-0.0259]},"west":{"uv":[14.0254,9.0267],"uv_size":[0.0246,0.0259]}}},{"origin":[-0.58838,8.25,-5.50557],"size":[0.25,0.25,0.25],"uv":{"down":{"uv":[15.2746,6.1048],"uv_size":[-0.0246,-0.0259]},"east":{"uv":[15.3754,5.9741],"uv_size":[0.0246,0.0259]},"north":{"uv":[15.1254,5.9741],"uv_size":[0.0246,0.0259]},"south":{"uv":[15.2504,5.9741],"uv_size":[0.0246,0.0259]},"up":{"uv":[15.2746,5.7101],"uv_size":[-0.0246,-0.0259]},"west":{"uv":[15.0004,5.9741],"uv_size":[0.0246,0.0259]}}},{"origin":[-0.33838,8.25,-5.50557],"size":[1,0.25,0.25],"uv":{"down":{"uv":[15.2484,6.1048],"uv_size":[-0.0984,-0.0259]},"east":{"uv":[15.3754,5.9741],"uv_size":[0.0246,0.0259]},"north":{"uv":[15.1516,5.9741],"uv_size":[0.0984,0.0259]},"south":{"uv":[15.1516,5.9741],"uv_size":[0.0984,0.0259]},"up":{"uv":[15.2484,5.7101],"uv_size":[-0.0984,-0.0259]},"west":{"uv":[15.0004,5.9741],"uv_size":[0.0246,0.0259]}}},{"origin":[-0.58838,6.5,-6.25557],"size":[1.25,0.5,0.5],"uv":{"down":{"uv":[15.273,6.1834],"uv_size":[-0.123,-0.0518]},"east":{"uv":[15.4258,6.1324],"uv_size":[0.0492,0.0518]},"north":{"uv":[15.127,6.1324],"uv_size":[0.123,0.0518]},"south":{"uv":[15.152,6.1324],"uv_size":[0.123,0.0518]},"up":{"uv":[15.273,5.6571],"uv_size":[-0.123,-0.0518]},"west":{"uv":[14.9258,6.1324],"uv_size":[0.0492,0.0518]}}},{"origin":[-0.58838,6.75,-5.75557],"size":[1.25,1.25,0.25],"uv":{"down":{"uv":[15.273,6.1312],"uv_size":[-0.123,-0.0259]},"east":{"uv":[15.4004,6.0284],"uv_size":[0.0246,0.1295]},"north":{"uv":[15.127,6.0284],"uv_size":[0.123,0.1295]},"south":{"uv":[15.152,6.0284],"uv_size":[0.123,0.1295]},"up":{"uv":[15.273,5.6838],"uv_size":[-0.123,-0.0259]},"west":{"uv":[14.9754,6.0284],"uv_size":[0.0246,0.1295]}}},{"origin":[-0.58838,7.25,-5.50557],"size":[1.25,1,0.25],"uv":{"down":{"uv":[15.273,6.1048],"uv_size":[-0.123,-0.0259]},"east":{"uv":[15.3754,6.0017],"uv_size":[0.0246,0.1036]},"north":{"uv":[15.127,6.0017],"uv_size":[0.123,0.1036]},"south":{"uv":[15.152,6.0017],"uv_size":[0.123,0.1036]},"up":{"uv":[15.273,5.7101],"uv_size":[-0.123,-0.0259]},"west":{"uv":[15.0004,6.0017],"uv_size":[0.0246,0.1036]}}},{"origin":[-0.58838,7,-6.00557],"size":[1.25,0.5,0.25],"uv":{"down":{"uv":[15.273,6.1575],"uv_size":[-0.123,-0.0259]},"east":{"uv":[15.4254,6.0798],"uv_size":[0.0246,0.0518]},"north":{"uv":[15.127,6.0798],"uv_size":[0.123,0.0518]},"south":{"uv":[15.152,6.0798],"uv_size":[0.123,0.0518]},"up":{"uv":[15.273,5.6575],"uv_size":[-0.123,-0.0259]},"west":{"uv":[14.9504,6.0798],"uv_size":[0.0246,0.0518]}}},{"origin":[-0.33838,6.75,-5.50557],"size":[0.75,0.5,0.25],"uv":{"down":{"uv":[15.2488,6.1048],"uv_size":[-0.0738,-0.0259]},"east":{"uv":[15.3754,6.1061],"uv_size":[0.0246,0.0518]},"north":{"uv":[15.1512,6.1061],"uv_size":[0.0738,0.0518]},"south":{"uv":[15.1762,6.1061],"uv_size":[0.0738,0.0518]},"up":{"uv":[15.2488,5.7101],"uv_size":[-0.0738,-0.0259]},"west":{"uv":[15.0004,6.1061],"uv_size":[0.0246,0.0518]}}},{"origin":[-0.33838,7,-6.25557],"size":[0.75,0.5,0.25],"uv":{"down":{"uv":[15.2488,6.1838],"uv_size":[-0.0738,-0.0259]},"east":{"uv":[15.4504,6.0798],"uv_size":[0.0246,0.0518]},"north":{"uv":[15.1512,6.0798],"uv_size":[0.0738,0.0518]},"south":{"uv":[15.1762,6.0798],"uv_size":[0.0738,0.0518]},"up":{"uv":[15.2488,5.6312],"uv_size":[-0.0738,-0.0259]},"west":{"uv":[14.9254,6.0798],"uv_size":[0.0246,0.0518]}}},{"origin":[-0.58838,7.75,-5.25557],"size":[1.25,0.5,0.25],"uv":{"down":{"uv":[15.273,6.0785],"uv_size":[-0.123,-0.0259]},"east":{"uv":[15.3504,6.0008],"uv_size":[0.0246,0.0518]},"north":{"uv":[15.127,6.0008],"uv_size":[0.123,0.0518]},"south":{"uv":[15.152,6.0008],"uv_size":[0.123,0.0518]},"up":{"uv":[15.273,5.7364],"uv_size":[-0.123,-0.0259]},"west":{"uv":[15.0254,6.0008],"uv_size":[0.0246,0.0518]}}},{"origin":[-0.33838,6.5,-5.75557],"size":[0.75,0.25,0.25],"uv":{"down":{"uv":[15.2488,6.1312],"uv_size":[-0.0738,-0.0259]},"east":{"uv":[15.4004,6.1583],"uv_size":[0.0246,0.0259]},"north":{"uv":[15.1512,6.1583],"uv_size":[0.0738,0.0259]},"south":{"uv":[15.1762,6.1583],"uv_size":[0.0738,0.0259]},"up":{"uv":[15.2488,5.6838],"uv_size":[-0.0738,-0.0259]},"west":{"uv":[14.9754,6.1583],"uv_size":[0.0246,0.0259]}}},{"origin":[-0.33838,6.5,-6.50557],"size":[0.75,0.5,0.25],"uv":{"down":{"uv":[15.2488,6.2101],"uv_size":[-0.0738,-0.0259]},"east":{"uv":[15.4754,6.1324],"uv_size":[0.0246,0.0518]},"north":{"uv":[15.1512,6.1324],"uv_size":[0.0738,0.0518]},"south":{"uv":[15.1762,6.1324],"uv_size":[0.0738,0.0518]},"up":{"uv":[15.2488,5.6048],"uv_size":[-0.0738,-0.0259]},"west":{"uv":[14.9004,6.1324],"uv_size":[0.0246,0.0518]}}},{"origin":[-0.33838,7.25,-5.25557],"size":[0.75,0.5,0.25],"uv":{"down":{"uv":[15.2488,6.0785],"uv_size":[-0.0738,-0.0259]},"east":{"uv":[15.3504,6.0535],"uv_size":[0.0246,0.0518]},"north":{"uv":[15.1512,6.0535],"uv_size":[0.0738,0.0518]},"south":{"uv":[15.1762,6.0535],"uv_size":[0.0738,0.0518]},"up":{"uv":[15.2488,5.7364],"uv_size":[-0.0738,-0.0259]},"west":{"uv":[15.0254,6.0535],"uv_size":[0.0246,0.0518]}}},{"origin":[-0.33838,6.25,-6.25557],"size":[0.75,0.25,0.75],"uv":{"down":{"uv":[15.2488,6.1829],"uv_size":[-0.0738,-0.0777]},"east":{"uv":[15.4012,6.1846],"uv_size":[0.0738,0.0259]},"north":{"uv":[15.1512,6.1846],"uv_size":[0.0738,0.0259]},"south":{"uv":[15.1762,6.1846],"uv_size":[0.0738,0.0259]},"up":{"uv":[15.2488,5.6829],"uv_size":[-0.0738,-0.0777]},"west":{"uv":[14.9262,6.1846],"uv_size":[0.0738,0.0259]}}},{"origin":[-0.33838,7.5,-6.00557],"size":[0.75,0.5,0.25],"uv":{"down":{"uv":[15.2488,6.1575],"uv_size":[-0.0738,-0.0259]},"east":{"uv":[15.4254,6.0272],"uv_size":[0.0246,0.0518]},"north":{"uv":[15.1512,6.0272],"uv_size":[0.0738,0.0518]},"south":{"uv":[15.1762,6.0272],"uv_size":[0.0738,0.0518]},"up":{"uv":[15.2488,5.6575],"uv_size":[-0.0738,-0.0259]},"west":{"uv":[14.9504,6.0272],"uv_size":[0.0246,0.0518]}}},{"origin":[-0.33838,7.75,-5.00557],"size":[0.75,0.5,0.25],"uv":{"down":{"uv":[15.2488,6.0522],"uv_size":[-0.0738,-0.0259]},"east":{"uv":[15.3254,6.0008],"uv_size":[0.0246,0.0518]},"north":{"uv":[15.1512,6.0008],"uv_size":[0.0738,0.0518]},"south":{"uv":[15.1762,6.0008],"uv_size":[0.0738,0.0518]},"up":{"uv":[15.2488,5.7627],"uv_size":[-0.0738,-0.0259]},"west":{"uv":[15.0504,6.0008],"uv_size":[0.0246,0.0518]}}},{"origin":[0.41162,11,-3.50557],"size":[0.25,0.5,1.25],"uv":{"down":{"uv":[15.1746,9.2611],"uv_size":[-0.0246,-0.1295]},"east":{"uv":[15.077,9.0272],"uv_size":[0.123,0.0518]},"north":{"uv":[15.2254,9.0272],"uv_size":[0.0246,0.0518]},"south":{"uv":[15.1504,9.0272],"uv_size":[0.0246,0.0518]},"up":{"uv":[15.1746,9.3926],"uv_size":[-0.0246,-0.1295]},"west":{"uv":[15.202,9.0272],"uv_size":[0.123,0.0518]}}},{"origin":[0.41162,11.5,-3.00557],"size":[0.25,0.25,0.75],"uv":{"down":{"uv":[15.1746,9.2093],"uv_size":[-0.0246,-0.0777]},"east":{"uv":[15.0762,9.0004],"uv_size":[0.0738,0.0259]},"north":{"uv":[15.2254,9.0004],"uv_size":[0.0246,0.0259]},"south":{"uv":[15.1504,9.0004],"uv_size":[0.0246,0.0259]},"up":{"uv":[15.1746,9.3935],"uv_size":[-0.0246,-0.0777]},"west":{"uv":[15.2512,9.0004],"uv_size":[0.0738,0.0259]}}},{"origin":[0.41162,11.75,-2.75557],"size":[0.25,0.5,0.5],"uv":{"down":{"uv":[15.1746,9.1834],"uv_size":[-0.0246,-0.0518]},"east":{"uv":[15.0758,8.9482],"uv_size":[0.0492,0.0518]},"north":{"uv":[15.2254,8.9482],"uv_size":[0.0246,0.0518]},"south":{"uv":[15.1504,8.9482],"uv_size":[0.0246,0.0518]},"up":{"uv":[15.1746,9.3939],"uv_size":[-0.0246,-0.0518]},"west":{"uv":[15.2758,8.9482],"uv_size":[0.0492,0.0518]}}},{"origin":[-0.58838,11.25,-3.50557],"size":[1,0.25,1.25],"uv":{"down":{"uv":[15.2734,9.2611],"uv_size":[-0.0984,-0.1295]},"east":{"uv":[15.077,9.0267],"uv_size":[0.123,0.0259]},"north":{"uv":[15.1266,9.0267],"uv_size":[0.0984,0.0259]},"south":{"uv":[15.1766,9.0267],"uv_size":[0.0984,0.0259]},"up":{"uv":[15.2734,9.3926],"uv_size":[-0.0984,-0.1295]},"west":{"uv":[15.202,9.0267],"uv_size":[0.123,0.0259]}}},{"origin":[-0.33838,12.25,-2.75557],"size":[0.75,0.25,0.5],"uv":{"down":{"uv":[15.2488,9.1834],"uv_size":[-0.0738,-0.0518]},"east":{"uv":[15.0758,8.9215],"uv_size":[0.0492,0.0259]},"north":{"uv":[15.1512,8.9215],"uv_size":[0.0738,0.0259]},"south":{"uv":[15.1762,8.9215],"uv_size":[0.0738,0.0259]},"up":{"uv":[15.2488,9.3939],"uv_size":[-0.0738,-0.0518]},"west":{"uv":[15.2758,8.9215],"uv_size":[0.0492,0.0259]}}},{"origin":[-0.02588,11.9375,-2.75557],"size":[0.125,0.125,0.125],"uv":{"down":{"uv":[2.0988,14.4834],"uv_size":[-0.0738,-0.0518]},"east":{"uv":[2.4258,14.5715],"uv_size":[0.0492,0.0259]},"north":{"uv":[2.5512,14.1715],"uv_size":[0.0738,0.0259]},"south":{"uv":[2.3262,14.1715],"uv_size":[0.0738,0.0259]},"up":{"uv":[1.9488,13.9939],"uv_size":[-0.0738,-0.0518]},"west":{"uv":[2.4258,13.7715],"uv_size":[0.0492,0.0259]}}},{"origin":[-0.58838,11,-3.50557],"size":[0.25,0.25,1.25],"uv":{"down":{"uv":[15.2746,9.2611],"uv_size":[-0.0246,-0.1295]},"east":{"uv":[15.077,9.0531],"uv_size":[0.123,0.0259]},"north":{"uv":[15.1254,9.0531],"uv_size":[0.0246,0.0259]},"south":{"uv":[15.2504,9.0531],"uv_size":[0.0246,0.0259]},"up":{"uv":[15.2746,9.3926],"uv_size":[-0.0246,-0.1295]},"west":{"uv":[15.202,9.0531],"uv_size":[0.123,0.0259]}}},{"origin":[-0.58838,11.5,-3.00557],"size":[0.25,0.25,0.75],"uv":{"down":{"uv":[15.2746,9.2093],"uv_size":[-0.0246,-0.0777]},"east":{"uv":[15.0762,9.0004],"uv_size":[0.0738,0.0259]},"north":{"uv":[15.1254,9.0004],"uv_size":[0.0246,0.0259]},"south":{"uv":[15.2504,9.0004],"uv_size":[0.0246,0.0259]},"up":{"uv":[15.2746,9.3935],"uv_size":[-0.0246,-0.0777]},"west":{"uv":[15.2512,9.0004],"uv_size":[0.0738,0.0259]}}},{"origin":[-0.58838,11.75,-2.75557],"size":[0.25,0.5,0.5],"uv":{"down":{"uv":[15.2746,9.1834],"uv_size":[-0.0246,-0.0518]},"east":{"uv":[15.0758,8.9482],"uv_size":[0.0492,0.0518]},"north":{"uv":[15.1254,8.9482],"uv_size":[0.0246,0.0518]},"south":{"uv":[15.2504,8.9482],"uv_size":[0.0246,0.0518]},"up":{"uv":[15.2746,9.3939],"uv_size":[-0.0246,-0.0518]},"west":{"uv":[15.2758,8.9482],"uv_size":[0.0492,0.0518]}}}],"name":"geyser_custom_z","parent":"geyser_custom_y","pivot":[0.01831,9.34475,-2.94029],"rotation":[0,180,0]}],"description":{"identifier":"geometry.geyser_custom.geo_1babad3","texture_height":16,"texture_width":16,"visible_bounds_height":4.5,"visible_bounds_offset":[0,0.75,0],"visible_bounds_width":4}}]}