{"format_version":"1.16.0","minecraft:geometry":[{"bones":[{"name":"root","pivot":[0,0,0]},{"name":"waist","parent":"root","pivot":[0,12,0]},{"name":"body","parent":"waist","pivot":[0,24,0]},{"cubes":[{"origin":[-8,12,-2],"size":[4,12,4],"uv":[40,16]}],"name":"rightArm","parent":"body","pivot":[-5,22,0]},{"locators":{"lead_hold":[-6,15,1]},"name":"rightItem","parent":"rightArm","pivot":[-6,15,1]},{"binding":"c.item_slot == 'head' ? 'head' : q.item_slot_to_bone_name(c.item_slot)","name":"geyser_custom","parent":"rightItem","pivot":[0,8,0]},{"name":"geyser_custom_x","parent":"geyser_custom","pivot":[0,8,0]},{"name":"geyser_custom_y","parent":"geyser_custom_x","pivot":[0,8,0]},{"cubes":[{"origin":[-3.15566,9.5,-2.23192],"size":[7.5,0.5,1],"uv":{"down":{"uv":[10.4271,8.9043],"uv_size":[-0.8682,-0.123]},"east":{"uv":[10.1489,8.8135],"uv_size":[0.1158,0.0615]},"north":{"uv":[10.2788,8.8135],"uv_size":[0.8682,0.0615]},"south":{"uv":[9.5729,8.8135],"uv_size":[0.8682,0.0615]},"up":{"uv":[10.4271,9.2168],"uv_size":[-0.8682,-0.123]},"west":{"uv":[10.4431,8.8135],"uv_size":[0.1158,0.0615]}}},{"origin":[-8.90566,10,-2.23192],"size":[13,0.25,1],"uv":{"down":{"uv":[11.1016,8.9043],"uv_size":[-1.5134,-0.123]},"east":{"uv":[10.1489,8.7818],"uv_size":[0.1158,0.0308]},"north":{"uv":[9.6042,8.7818],"uv_size":[1.5134,0.0308]},"south":{"uv":[9.6042,8.7818],"uv_size":[1.5134,0.0308]},"up":{"uv":[11.1016,9.2168],"uv_size":[-1.5134,-0.123]},"west":{"uv":[10.4431,8.7818],"uv_size":[0.1158,0.0308]}}},{"origin":[-0.15566,4.75,-2.23192],"size":[3.75,0.5,1],"uv":{"down":{"uv":[10.0812,8.9043],"uv_size":[-0.4341,-0.123]},"east":{"uv":[10.1489,9.4073],"uv_size":[0.1158,0.0615]},"north":{"uv":[10.6247,9.4073],"uv_size":[0.4341,0.0615]},"south":{"uv":[9.6541,9.4073],"uv_size":[0.4341,0.0615]},"up":{"uv":[10.0812,9.2168],"uv_size":[-0.4341,-0.123]},"west":{"uv":[10.4431,9.4073],"uv_size":[0.1158,0.0615]}}},{"origin":[3.34434,5.25,-2.23192],"size":[0.25,1.25,1],"uv":{"east":{"uv":[0.3686,15.6263],"uv_size":[0.0579,0.0769]},"north":{"uv":[0.8091,15.6263],"uv_size":[0.0145,0.0769]},"south":{"uv":[0.1179,15.6263],"uv_size":[0.0145,0.0769]},"up":{"uv":[0.1321,15.6084],"uv_size":[-0.0145,-0.0615]},"west":{"uv":[0.5156,15.6263],"uv_size":[0.0579,0.0769]}}},{"origin":[-8.40566,11.25,-2.23192],"size":[12,0.5,1],"uv":{"down":{"uv":[11.0428,8.9043],"uv_size":[-1.3958,-0.123]},"east":{"uv":[10.1489,8.5948],"uv_size":[0.1158,0.0615]},"north":{"uv":[9.6631,8.5948],"uv_size":[1.3958,0.0615]},"south":{"uv":[9.6631,8.5948],"uv_size":[1.3958,0.0615]},"up":{"uv":[11.0428,9.2168],"uv_size":[-1.3958,-0.123]},"west":{"uv":[10.4431,8.5948],"uv_size":[0.1158,0.0615]}}},{"origin":[3.09434,11.75,-2.23192],"size":[0.5,0.25,1],"uv":{"east":{"uv":[10.1489,8.563],"uv_size":[0.1158,0.0308]},"north":{"uv":[11.0009,8.563],"uv_size":[0.0579,0.0308]},"south":{"uv":[9.648,8.563],"uv_size":[0.0579,0.0308]},"up":{"uv":[9.7049,9.2168],"uv_size":[-0.0579,-0.123]},"west":{"uv":[10.4431,8.563],"uv_size":[0.1158,0.0308]}}},{"origin":[0.09434,4.75,-2.48192],"size":[3.25,0.5,0.25],"uv":{"down":{"uv":[10.0527,8.937],"uv_size":[-0.3762,-0.0308]},"east":{"uv":[10.2652,9.4073],"uv_size":[0.0289,0.0615]},"north":{"uv":[10.6532,9.4073],"uv_size":[0.3762,0.0615]},"up":{"uv":[10.0527,9.0933],"uv_size":[-0.3762,-0.0308]},"west":{"uv":[10.4122,9.4073],"uv_size":[0.0289,0.0615]}}},{"origin":[0.09434,4.75,-1.23192],"size":[3.25,0.5,0.25],"uv":{"down":{"uv":[10.0527,8.7808],"uv_size":[-0.3762,-0.0308]},"east":{"uv":[10.1181,9.4073],"uv_size":[0.0289,0.0615]},"south":{"uv":[9.6826,9.4073],"uv_size":[0.3762,0.0615]},"up":{"uv":[10.0527,9.2495],"uv_size":[-0.3762,-0.0308]},"west":{"uv":[10.5593,9.4073],"uv_size":[0.0289,0.0615]}}},{"origin":[0.59434,5.25,-2.48192],"size":[2.75,1.25,0.25],"uv":{"east":{"uv":[0.4267,15.6263],"uv_size":[0.0145,0.0769]},"north":{"uv":[0.6496,15.6263],"uv_size":[0.1592,0.0769]},"south":{"uv":[0.1349,15.6263],"uv_size":[0.1592,0.0769]},"up":{"uv":[0.2915,15.5466],"uv_size":[-0.1592,-0.0154]},"west":{"uv":[0.5002,15.6263],"uv_size":[0.0145,0.0769]}}},{"origin":[-0.15566,5.25,-2.23192],"size":[3.5,0.25,1],"uv":{"east":{"uv":[10.1489,9.3755],"uv_size":[0.1158,0.0308]},"north":{"uv":[10.6242,9.3755],"uv_size":[0.4052,0.0308]},"south":{"uv":[9.6831,9.3755],"uv_size":[0.4052,0.0308]},"up":{"uv":[10.0816,9.2168],"uv_size":[-0.4052,-0.123]}}},{"origin":[0.59434,5.25,-1.23192],"size":[2.75,1.25,0.25],"uv":{"east":{"uv":[0.3532,15.6263],"uv_size":[0.0145,0.0769]},"north":{"uv":[0.6496,15.6263],"uv_size":[0.1592,0.0769]},"south":{"uv":[0.1349,15.6263],"uv_size":[0.1592,0.0769]},"up":{"uv":[0.2915,15.6248],"uv_size":[-0.1592,-0.0154]},"west":{"uv":[0.5738,15.6263],"uv_size":[0.0145,0.0769]}}},{"origin":[0.59434,5.5,-2.23192],"size":[2.75,1.5,1],"uv":{"east":{"uv":[0.3686,15.5953],"uv_size":[0.0579,0.0923]},"north":{"uv":[0.6496,15.5953],"uv_size":[0.1592,0.0923]},"south":{"uv":[0.1349,15.5953],"uv_size":[0.1592,0.0923]},"up":{"uv":[0.2915,15.6084],"uv_size":[-0.1592,-0.0615]},"west":{"uv":[0.5156,15.5953],"uv_size":[0.0579,0.0923]}}},{"origin":[2.09434,9.75,-2.48192],"size":[1.25,1,0.25],"uv":{"down":{"uv":[9.8212,8.937],"uv_size":[-0.1447,-0.0308]},"east":{"uv":[10.2652,8.7208],"uv_size":[0.0289,0.123]},"north":{"uv":[10.8847,8.7208],"uv_size":[0.1447,0.123]},"south":{"uv":[9.6788,8.7208],"uv_size":[0.1447,0.123]},"up":{"uv":[9.8212,9.0933],"uv_size":[-0.1447,-0.0308]},"west":{"uv":[10.4122,8.7208],"uv_size":[0.0289,0.123]}}},{"origin":[2.09434,9.75,-1.23192],"size":[1.25,1,0.25],"uv":{"down":{"uv":[9.8212,8.7808],"uv_size":[-0.1447,-0.0308]},"east":{"uv":[10.1181,8.7208],"uv_size":[0.0289,0.123]},"north":{"uv":[10.8847,8.7208],"uv_size":[0.1447,0.123]},"south":{"uv":[9.6788,8.7208],"uv_size":[0.1447,0.123]},"up":{"uv":[9.8212,9.2495],"uv_size":[-0.1447,-0.0308]},"west":{"uv":[10.5593,8.7208],"uv_size":[0.0289,0.123]}}},{"origin":[-1.40566,10,-2.73192],"size":[4.75,0.25,0.25],"uv":{"down":{"uv":[10.2264,8.9683],"uv_size":[-0.5499,-0.0308]},"east":{"uv":[10.2946,8.7818],"uv_size":[0.0289,0.0308]},"north":{"uv":[10.4795,8.7818],"uv_size":[0.5499,0.0308]},"south":{"uv":[9.6854,8.7818],"uv_size":[0.5499,0.0308]},"up":{"uv":[10.2264,9.062],"uv_size":[-0.5499,-0.0308]},"west":{"uv":[10.3828,8.7818],"uv_size":[0.0289,0.0308]}}},{"origin":[-1.40566,10,-0.98192],"size":[4.75,0.25,0.25],"uv":{"down":{"uv":[10.2264,8.7495],"uv_size":[-0.5499,-0.0308]},"east":{"uv":[10.0887,8.7818],"uv_size":[0.0289,0.0308]},"north":{"uv":[10.4795,8.7818],"uv_size":[0.5499,0.0308]},"south":{"uv":[9.6854,8.7818],"uv_size":[0.5499,0.0308]},"up":{"uv":[10.2264,9.2808],"uv_size":[-0.5499,-0.0308]},"west":{"uv":[10.5887,8.7818],"uv_size":[0.0289,0.0308]}}},{"origin":[2.84434,10.25,-2.73192],"size":[0.5,0.5,0.25],"uv":{"east":{"uv":[10.2946,8.7198],"uv_size":[0.0289,0.0615]},"north":{"uv":[10.9715,8.7198],"uv_size":[0.0579,0.0615]},"up":{"uv":[9.7344,9.062],"uv_size":[-0.0579,-0.0308]},"west":{"uv":[10.3828,8.7198],"uv_size":[0.0289,0.0615]}}},{"origin":[-9.15566,10.25,-2.23192],"size":[12.5,0.5,1],"uv":{"down":{"uv":[11.1311,8.9043],"uv_size":[-1.4546,-0.123]},"east":{"uv":[10.1489,8.7198],"uv_size":[0.1158,0.0615]},"north":{"uv":[9.5748,8.7198],"uv_size":[1.4546,0.0615]},"south":{"uv":[9.6925,8.7198],"uv_size":[1.4546,0.0615]},"up":{"uv":[11.1311,9.2168],"uv_size":[-1.4546,-0.123]},"west":{"uv":[10.4431,8.7198],"uv_size":[0.1158,0.0615]}}},{"origin":[2.84434,10.25,-0.98192],"size":[0.5,0.5,0.25],"uv":{"east":{"uv":[10.0887,8.7198],"uv_size":[0.0289,0.0615]},"south":{"uv":[9.6774,8.7198],"uv_size":[0.0579,0.0615]},"up":{"uv":[9.7344,9.2808],"uv_size":[-0.0579,-0.0308]},"west":{"uv":[10.5887,8.7198],"uv_size":[0.0289,0.0615]}}},{"origin":[-8.40566,11,-2.23192],"size":[11.75,0.25,1],"uv":{"down":{"uv":[11.0428,8.9043],"uv_size":[-1.3664,-0.123]},"north":{"uv":[9.6631,8.6568],"uv_size":[1.3664,0.0308]},"south":{"uv":[9.6925,8.6568],"uv_size":[1.3664,0.0308]},"west":{"uv":[10.4431,8.6568],"uv_size":[0.1158,0.0308]}}},{"origin":[0.34434,6.5,-2.48192],"size":[2.75,0.5,0.25],"uv":{"down":{"uv":[0.3062,15.4685],"uv_size":[-0.1592,-0.0154]},"north":{"uv":[0.6349,15.5943],"uv_size":[0.1592,0.0308]},"south":{"uv":[0.1496,15.5943],"uv_size":[0.1592,0.0308]},"up":{"uv":[0.3062,15.5466],"uv_size":[-0.1592,-0.0154]},"west":{"uv":[0.5002,15.5943],"uv_size":[0.0145,0.0308]}}},{"origin":[0.34434,6.5,-1.23192],"size":[2.75,0.5,0.25],"uv":{"down":{"uv":[0.3062,15.3904],"uv_size":[-0.1592,-0.0154]},"north":{"uv":[0.6349,15.5943],"uv_size":[0.1592,0.0308]},"south":{"uv":[0.1496,15.5943],"uv_size":[0.1592,0.0308]},"up":{"uv":[0.3062,15.6248],"uv_size":[-0.1592,-0.0154]},"west":{"uv":[0.5738,15.5943],"uv_size":[0.0145,0.0308]}}},{"origin":[-0.15566,7,-2.23192],"size":[3.25,0.75,1],"uv":{"down":{"uv":[0.3352,15.4521],"uv_size":[-0.1881,-0.0615]},"north":{"uv":[0.606,15.5476],"uv_size":[0.1881,0.0461]},"south":{"uv":[0.1501,15.5476],"uv_size":[0.1881,0.0461]},"up":{"uv":[0.3352,15.6084],"uv_size":[-0.1881,-0.0615]},"west":{"uv":[0.5156,15.5476],"uv_size":[0.0579,0.0461]}}},{"origin":[2.59434,10.75,-2.73192],"size":[0.5,0.5,0.5],"uv":{"down":{"uv":[9.7638,8.9678],"uv_size":[-0.0579,-0.0615]},"east":{"uv":[10.2656,8.6573],"uv_size":[0.0579,0.0615]},"north":{"uv":[10.9421,8.6573],"uv_size":[0.0579,0.0615]},"south":{"uv":[9.7068,8.6573],"uv_size":[0.0579,0.0615]},"up":{"uv":[9.7638,9.0928],"uv_size":[-0.0579,-0.0615]},"west":{"uv":[10.3833,8.6573],"uv_size":[0.0579,0.0615]}}},{"origin":[-8.40566,10.75,-2.23192],"size":[11.5,0.25,1.25],"uv":{"down":{"uv":[11.0428,8.9038],"uv_size":[-1.3369,-0.1538]},"east":{"uv":[10.12,8.688],"uv_size":[0.1447,0.0308]},"north":{"uv":[9.6631,8.688],"uv_size":[1.3369,0.0308]},"south":{"uv":[9.7219,8.688],"uv_size":[1.3369,0.0308]},"up":{"uv":[11.0428,9.2475],"uv_size":[-1.3369,-0.1538]},"west":{"uv":[10.4435,8.688],"uv_size":[0.1447,0.0308]}}},{"origin":[2.59434,10.75,-0.98192],"size":[0.5,0.5,0.25],"uv":{"down":{"uv":[9.7638,8.7495],"uv_size":[-0.0579,-0.0308]},"east":{"uv":[10.0887,8.6573],"uv_size":[0.0289,0.0615]},"north":{"uv":[10.9421,8.6573],"uv_size":[0.0579,0.0615]},"south":{"uv":[9.7068,8.6573],"uv_size":[0.0579,0.0615]},"up":{"uv":[9.7638,9.2808],"uv_size":[-0.0579,-0.0308]},"west":{"uv":[10.5887,8.6573],"uv_size":[0.0289,0.0615]}}},{"origin":[-9.40566,11,-1.23192],"size":[12.5,0.25,0.25],"uv":{"down":{"uv":[11.1605,8.7808],"uv_size":[-1.4546,-0.0308]},"east":{"uv":[10.1181,8.6568],"uv_size":[0.0289,0.0308]},"north":{"uv":[9.5454,8.6568],"uv_size":[1.4546,0.0308]},"south":{"uv":[9.7219,8.6568],"uv_size":[1.4546,0.0308]},"up":{"uv":[11.1605,9.2495],"uv_size":[-1.4546,-0.0308]},"west":{"uv":[10.5593,8.6568],"uv_size":[0.0289,0.0308]}}},{"origin":[0.34434,7,-2.48192],"size":[2.5,0.75,0.25],"uv":{"north":{"uv":[0.6347,15.5476],"uv_size":[0.1447,0.0461]},"up":{"uv":[0.3065,15.5466],"uv_size":[-0.1447,-0.0154]},"west":{"uv":[0.5002,15.5476],"uv_size":[0.0145,0.0461]}}},{"origin":[0.34434,7,-1.23192],"size":[2.5,0.75,0.25],"uv":{"south":{"uv":[0.1641,15.5476],"uv_size":[0.1447,0.0461]},"up":{"uv":[0.3065,15.6248],"uv_size":[-0.1447,-0.0154]},"west":{"uv":[0.5738,15.5476],"uv_size":[0.0145,0.0461]}}},{"origin":[0.34434,7.75,-2.23192],"size":[2.5,0.5,1],"uv":{"north":{"uv":[0.6347,15.5161],"uv_size":[0.1447,0.0308]},"south":{"uv":[0.1641,15.5161],"uv_size":[0.1447,0.0308]},"up":{"uv":[0.3065,15.6084],"uv_size":[-0.1447,-0.0615]},"west":{"uv":[0.5156,15.5161],"uv_size":[0.0579,0.0308]}}},{"origin":[1.84434,9.25,-2.23192],"size":[1,0.25,1],"uv":{"down":{"uv":[9.8511,8.9043],"uv_size":[-0.1158,-0.123]},"north":{"uv":[10.8548,8.8755],"uv_size":[0.1158,0.0308]},"south":{"uv":[9.7372,8.8755],"uv_size":[0.1158,0.0308]},"west":{"uv":[10.4431,8.8755],"uv_size":[0.1158,0.0308]}}},{"origin":[2.09434,9.5,-2.48192],"size":[0.75,0.25,0.25],"uv":{"down":{"uv":[9.8221,8.937],"uv_size":[-0.0868,-0.0308]},"north":{"uv":[10.8838,8.8443],"uv_size":[0.0868,0.0308]},"west":{"uv":[10.4122,8.8443],"uv_size":[0.0289,0.0308]}}},{"origin":[2.09434,9.5,-1.23192],"size":[0.75,0.25,0.25],"uv":{"down":{"uv":[9.8221,8.7808],"uv_size":[-0.0868,-0.0308]},"south":{"uv":[9.7367,8.8443],"uv_size":[0.0868,0.0308]},"west":{"uv":[10.5593,8.8443],"uv_size":[0.0289,0.0308]}}},{"origin":[2.59434,10.5,-2.73192],"size":[0.25,0.25,0.25],"uv":{"down":{"uv":[9.7642,8.9683],"uv_size":[-0.0289,-0.0308]},"east":{"uv":[10.2946,8.7193],"uv_size":[0.0289,0.0308]},"north":{"uv":[10.9416,8.7193],"uv_size":[0.0289,0.0308]}}},{"origin":[2.59434,10.5,-0.98192],"size":[0.25,0.25,0.25],"uv":{"down":{"uv":[9.7642,8.7495],"uv_size":[-0.0289,-0.0308]},"east":{"uv":[10.0887,8.7193],"uv_size":[0.0289,0.0308]},"south":{"uv":[9.7358,8.7193],"uv_size":[0.0289,0.0308]}}},{"origin":[0.34434,7.75,-2.48192],"size":[2.25,0.5,0.25],"uv":{"north":{"uv":[0.6345,15.5161],"uv_size":[0.1302,0.0308]},"up":{"uv":[0.3067,15.5466],"uv_size":[-0.1302,-0.0154]},"west":{"uv":[0.5002,15.5161],"uv_size":[0.0145,0.0308]}}},{"origin":[0.34434,7.75,-1.23192],"size":[2.25,0.5,0.25],"uv":{"south":{"uv":[0.1786,15.5161],"uv_size":[0.1302,0.0308]},"up":{"uv":[0.3067,15.6248],"uv_size":[-0.1302,-0.0154]},"west":{"uv":[0.5738,15.5161],"uv_size":[0.0145,0.0308]}}},{"origin":[-0.65566,8.25,-2.23192],"size":[3.25,0.25,1],"uv":{"down":{"uv":[0.3646,15.4521],"uv_size":[-0.1881,-0.0615]},"north":{"uv":[0.5766,15.5003],"uv_size":[0.1881,0.0154]},"south":{"uv":[0.1795,15.5003],"uv_size":[0.1881,0.0154]},"up":{"uv":[0.3646,15.6084],"uv_size":[-0.1881,-0.0615]},"west":{"uv":[0.5156,15.5003],"uv_size":[0.0579,0.0154]}}},{"origin":[0.09434,8.5,-2.23192],"size":[2.5,0.5,1],"uv":{"north":{"uv":[0.62,15.4693],"uv_size":[0.1447,0.0308]},"south":{"uv":[0.1788,15.4693],"uv_size":[0.1447,0.0308]},"up":{"uv":[0.3212,15.6084],"uv_size":[-0.1447,-0.0615]},"west":{"uv":[0.5156,15.4693],"uv_size":[0.0579,0.0308]}}},{"origin":[1.84434,9,-2.23192],"size":[0.75,0.25,1],"uv":{"north":{"uv":[10.8544,8.9068],"uv_size":[0.0868,0.0308]},"south":{"uv":[9.7661,8.9068],"uv_size":[0.0868,0.0308]},"west":{"uv":[10.4431,8.9068],"uv_size":[0.1158,0.0308]}}},{"origin":[2.09434,9.25,-2.48192],"size":[0.5,0.25,0.25],"uv":{"down":{"uv":[9.8226,8.937],"uv_size":[-0.0579,-0.0308]},"north":{"uv":[10.8833,8.8755],"uv_size":[0.0579,0.0308]},"west":{"uv":[10.4122,8.8755],"uv_size":[0.0289,0.0308]}}},{"origin":[2.09434,9.25,-1.23192],"size":[0.5,0.25,0.25],"uv":{"down":{"uv":[9.8226,8.7808],"uv_size":[-0.0579,-0.0308]},"south":{"uv":[9.7656,8.8755],"uv_size":[0.0579,0.0308]},"west":{"uv":[10.5593,8.8755],"uv_size":[0.0289,0.0308]}}},{"origin":[2.34434,10.25,-2.73192],"size":[0.25,0.25,0.25],"uv":{"east":{"uv":[10.2946,8.7505],"uv_size":[0.0289,0.0308]},"north":{"uv":[10.9122,8.7505],"uv_size":[0.0289,0.0308]},"up":{"uv":[9.7936,9.062],"uv_size":[-0.0289,-0.0308]},"west":{"uv":[10.3828,8.7505],"uv_size":[0.0289,0.0308]}}},{"origin":[2.34434,10.25,-0.98192],"size":[0.25,0.25,0.25],"uv":{"east":{"uv":[10.0887,8.7505],"uv_size":[0.0289,0.0308]},"south":{"uv":[9.7652,8.7505],"uv_size":[0.0289,0.0308]},"up":{"uv":[9.7936,9.2808],"uv_size":[-0.0289,-0.0308]},"west":{"uv":[10.5887,8.7505],"uv_size":[0.0289,0.0308]}}},{"origin":[-9.40566,10.75,-2.48192],"size":[12,1,0.25],"uv":{"down":{"uv":[11.1605,8.937],"uv_size":[-1.3958,-0.0308]},"east":{"uv":[10.2652,8.5958],"uv_size":[0.0289,0.123]},"north":{"uv":[9.5454,8.5958],"uv_size":[1.3958,0.123]},"south":{"uv":[9.7807,8.5958],"uv_size":[1.3958,0.123]},"up":{"uv":[11.1605,9.0933],"uv_size":[-1.3958,-0.0308]},"west":{"uv":[10.4122,8.5958],"uv_size":[0.0289,0.123]}}},{"origin":[2.34434,11,-2.73192],"size":[0.25,1,0.25],"uv":{"down":{"uv":[9.7936,8.9683],"uv_size":[-0.0289,-0.0308]},"east":{"uv":[10.2946,8.5645],"uv_size":[0.0289,0.123]},"north":{"uv":[10.9122,8.5645],"uv_size":[0.0289,0.123]},"south":{"uv":[9.7652,8.5645],"uv_size":[0.0289,0.123]},"up":{"uv":[9.7936,9.062],"uv_size":[-0.0289,-0.0308]},"west":{"uv":[10.3828,8.5645],"uv_size":[0.0289,0.123]}}},{"origin":[2.34434,11,-0.98192],"size":[0.25,1,0.25],"uv":{"down":{"uv":[9.7936,8.7495],"uv_size":[-0.0289,-0.0308]},"east":{"uv":[10.0887,8.5645],"uv_size":[0.0289,0.123]},"north":{"uv":[10.9122,8.5645],"uv_size":[0.0289,0.123]},"south":{"uv":[9.7652,8.5645],"uv_size":[0.0289,0.123]},"up":{"uv":[9.7936,9.2808],"uv_size":[-0.0289,-0.0308]},"west":{"uv":[10.5887,8.5645],"uv_size":[0.0289,0.123]}}},{"origin":[-9.40566,11.25,-1.23192],"size":[12,0.5,0.25],"uv":{"east":{"uv":[10.1181,8.5948],"uv_size":[0.0289,0.0615]},"north":{"uv":[9.5454,8.5948],"uv_size":[1.3958,0.0615]},"south":{"uv":[9.7807,8.5948],"uv_size":[1.3958,0.0615]},"up":{"uv":[11.1605,9.2495],"uv_size":[-1.3958,-0.0308]},"west":{"uv":[10.5593,8.5948],"uv_size":[0.0289,0.0615]}}},{"origin":[-1.40566,11.75,-2.48192],"size":[4,0.25,1.5],"uv":{"down":{"uv":[10.2278,8.9345],"uv_size":[-0.4631,-0.1845]},"east":{"uv":[10.1205,8.563],"uv_size":[0.1736,0.0308]},"north":{"uv":[10.4781,8.563],"uv_size":[0.4631,0.0308]},"south":{"uv":[9.7722,8.563],"uv_size":[0.4631,0.0308]},"up":{"uv":[10.2278,9.247],"uv_size":[-0.4631,-0.1845]},"west":{"uv":[10.4146,8.563],"uv_size":[0.1736,0.0308]}}},{"origin":[0.09434,8.25,-2.48192],"size":[2.25,0.75,0.25],"uv":{"down":{"uv":[0.3214,15.4685],"uv_size":[-0.1302,-0.0154]},"north":{"uv":[0.6198,15.4695],"uv_size":[0.1302,0.0461]},"south":{"uv":[0.1933,15.4695],"uv_size":[0.1302,0.0461]},"up":{"uv":[0.3214,15.5466],"uv_size":[-0.1302,-0.0154]},"west":{"uv":[0.5002,15.4695],"uv_size":[0.0145,0.0461]}}},{"origin":[0.09434,8.25,-1.23192],"size":[2.25,0.75,0.25],"uv":{"down":{"uv":[0.3214,15.3904],"uv_size":[-0.1302,-0.0154]},"north":{"uv":[0.6198,15.4695],"uv_size":[0.1302,0.0461]},"south":{"uv":[0.1933,15.4695],"uv_size":[0.1302,0.0461]},"up":{"uv":[0.3214,15.6248],"uv_size":[-0.1302,-0.0154]},"west":{"uv":[0.5738,15.4695],"uv_size":[0.0145,0.0461]}}},{"origin":[2.09434,9,-2.48192],"size":[0.25,0.25,0.25],"uv":{"north":{"uv":[10.8828,8.9068],"uv_size":[0.0289,0.0308]},"west":{"uv":[10.4122,8.9068],"uv_size":[0.0289,0.0308]}}},{"origin":[2.09434,9,-1.23192],"size":[0.25,0.25,0.25],"uv":{"south":{"uv":[9.7946,8.9068],"uv_size":[0.0289,0.0308]},"west":{"uv":[10.5593,8.9068],"uv_size":[0.0289,0.0308]}}},{"origin":[2.09434,10.5,-2.73192],"size":[0.25,0.5,0.25],"uv":{"down":{"uv":[9.8231,8.9683],"uv_size":[-0.0289,-0.0308]},"east":{"uv":[10.2946,8.6885],"uv_size":[0.0289,0.0615]},"north":{"uv":[10.8828,8.6885],"uv_size":[0.0289,0.0615]},"south":{"uv":[9.7946,8.6885],"uv_size":[0.0289,0.0615]},"up":{"uv":[9.8231,9.062],"uv_size":[-0.0289,-0.0308]},"west":{"uv":[10.3828,8.6885],"uv_size":[0.0289,0.0615]}}},{"origin":[2.09434,10.5,-0.98192],"size":[0.25,0.5,0.25],"uv":{"down":{"uv":[9.8231,8.7495],"uv_size":[-0.0289,-0.0308]},"east":{"uv":[10.0887,8.6885],"uv_size":[0.0289,0.0615]},"north":{"uv":[10.8828,8.6885],"uv_size":[0.0289,0.0615]},"south":{"uv":[9.7946,8.6885],"uv_size":[0.0289,0.0615]},"up":{"uv":[9.8231,9.2808],"uv_size":[-0.0289,-0.0308]},"west":{"uv":[10.5887,8.6885],"uv_size":[0.0289,0.0615]}}},{"origin":[2.09434,11.5,-2.73192],"size":[0.25,0.5,0.25],"uv":{"down":{"uv":[9.8231,8.9683],"uv_size":[-0.0289,-0.0308]},"east":{"uv":[10.2946,8.5635],"uv_size":[0.0289,0.0615]},"north":{"uv":[10.8828,8.5635],"uv_size":[0.0289,0.0615]},"south":{"uv":[9.7946,8.5635],"uv_size":[0.0289,0.0615]},"up":{"uv":[9.8231,9.062],"uv_size":[-0.0289,-0.0308]}}},{"origin":[2.09434,11.5,-0.98192],"size":[0.25,0.5,0.25],"uv":{"down":{"uv":[9.8231,8.7495],"uv_size":[-0.0289,-0.0308]},"east":{"uv":[10.0887,8.5635],"uv_size":[0.0289,0.0615]},"north":{"uv":[10.8828,8.5635],"uv_size":[0.0289,0.0615]},"south":{"uv":[9.7946,8.5635],"uv_size":[0.0289,0.0615]},"up":{"uv":[9.8231,9.2808],"uv_size":[-0.0289,-0.0308]}}},{"origin":[0.09434,9,-2.48192],"size":[2,0.5,0.25],"uv":{"north":{"uv":[0.6195,15.438],"uv_size":[0.1158,0.0308]},"south":{"uv":[0.2078,15.438],"uv_size":[0.1158,0.0308]},"up":{"uv":[0.3216,15.5466],"uv_size":[-0.1158,-0.0154]},"west":{"uv":[0.5002,15.438],"uv_size":[0.0145,0.0308]}}},{"origin":[0.09434,9,-1.23192],"size":[2,0.5,0.25],"uv":{"north":{"uv":[0.6195,15.438],"uv_size":[0.1158,0.0308]},"south":{"uv":[0.2078,15.438],"uv_size":[0.1158,0.0308]},"up":{"uv":[0.3216,15.6248],"uv_size":[-0.1158,-0.0154]},"west":{"uv":[0.5738,15.438],"uv_size":[0.0145,0.0308]}}},{"origin":[1.09434,9.5,-2.48192],"size":[1,0.5,0.25],"uv":{"north":{"uv":[0.6774,15.4068],"uv_size":[0.0579,0.0308]},"west":{"uv":[0.5002,15.4068],"uv_size":[0.0145,0.0308]}}},{"origin":[1.09434,9.5,-1.23192],"size":[1,0.5,0.25],"uv":{"south":{"uv":[0.2068,15.4068],"uv_size":[0.0579,0.0308]},"west":{"uv":[0.5738,15.4068],"uv_size":[0.0145,0.0308]}}},{"origin":[-8.90566,10,-2.48192],"size":[11,0.75,0.25],"uv":{"down":{"uv":[11.1016,8.937],"uv_size":[-1.2781,-0.0308]},"east":{"uv":[10.2652,8.7203],"uv_size":[0.0289,0.0923]},"north":{"uv":[9.6042,8.7203],"uv_size":[1.2781,0.0923]},"south":{"uv":[9.8395,8.7203],"uv_size":[1.2781,0.0923]}}},{"origin":[-8.90566,10,-1.23192],"size":[11,0.75,0.25],"uv":{"down":{"uv":[11.1016,8.7808],"uv_size":[-1.2781,-0.0308]},"east":{"uv":[10.1181,8.7203],"uv_size":[0.0289,0.0923]},"north":{"uv":[9.6042,8.7203],"uv_size":[1.2781,0.0923]},"south":{"uv":[9.8395,8.7203],"uv_size":[1.2781,0.0923]},"up":{"uv":[11.1016,9.2495],"uv_size":[-1.2781,-0.0308]}}},{"origin":[1.84434,10.25,-2.73192],"size":[0.25,0.25,0.25],"uv":{"east":{"uv":[10.2946,8.7505],"uv_size":[0.0289,0.0308]},"north":{"uv":[10.8534,8.7505],"uv_size":[0.0289,0.0308]},"up":{"uv":[9.8525,9.062],"uv_size":[-0.0289,-0.0308]},"west":{"uv":[10.3828,8.7505],"uv_size":[0.0289,0.0308]}}},{"origin":[1.84434,10.25,-0.98192],"size":[0.25,0.25,0.25],"uv":{"east":{"uv":[10.0887,8.7505],"uv_size":[0.0289,0.0308]},"south":{"uv":[9.824,8.7505],"uv_size":[0.0289,0.0308]},"up":{"uv":[9.8525,9.2808],"uv_size":[-0.0289,-0.0308]},"west":{"uv":[10.5887,8.7505],"uv_size":[0.0289,0.0308]}}},{"origin":[1.84434,11,-2.73192],"size":[0.25,0.5,0.25],"uv":{"down":{"uv":[9.8525,8.9683],"uv_size":[-0.0289,-0.0308]},"east":{"uv":[10.2946,8.626],"uv_size":[0.0289,0.0615]},"north":{"uv":[10.8534,8.626],"uv_size":[0.0289,0.0615]},"up":{"uv":[9.8525,9.062],"uv_size":[-0.0289,-0.0308]},"west":{"uv":[10.3828,8.626],"uv_size":[0.0289,0.0615]}}},{"origin":[1.84434,11,-0.98192],"size":[0.25,0.5,0.25],"uv":{"down":{"uv":[9.8525,8.7495],"uv_size":[-0.0289,-0.0308]},"east":{"uv":[10.0887,8.626],"uv_size":[0.0289,0.0615]},"north":{"uv":[10.8534,8.626],"uv_size":[0.0289,0.0615]},"south":{"uv":[9.824,8.626],"uv_size":[0.0289,0.0615]},"up":{"uv":[9.8525,9.2808],"uv_size":[-0.0289,-0.0308]},"west":{"uv":[10.5887,8.626],"uv_size":[0.0289,0.0615]}}},{"origin":[-1.40566,11.75,-2.73192],"size":[3.5,0.25,0.25],"uv":{"down":{"uv":[10.2287,8.9683],"uv_size":[-0.4052,-0.0308]},"east":{"uv":[10.2946,8.563],"uv_size":[0.0289,0.0308]},"north":{"uv":[10.4772,8.563],"uv_size":[0.4052,0.0308]},"up":{"uv":[10.2287,9.062],"uv_size":[-0.4052,-0.0308]}}},{"origin":[-1.40566,11.75,-0.98192],"size":[3.5,0.25,0.25],"uv":{"down":{"uv":[10.2287,8.7495],"uv_size":[-0.4052,-0.0308]},"east":{"uv":[10.0887,8.563],"uv_size":[0.0289,0.0308]},"south":{"uv":[9.8301,8.563],"uv_size":[0.4052,0.0308]},"up":{"uv":[10.2287,9.2808],"uv_size":[-0.4052,-0.0308]}}},{"origin":[1.34434,12,-1.98192],"size":[0.75,0.25,0.5],"uv":{"east":{"uv":[2.2652,15.2659],"uv_size":[0.0289,0.0154]},"north":{"uv":[2.5742,15.2659],"uv_size":[0.0434,0.0154]},"south":{"uv":[2.0889,15.2659],"uv_size":[0.0434,0.0154]},"up":{"uv":[2.1316,15.5933],"uv_size":[-0.0434,-0.0308]},"west":{"uv":[2.4122,15.2659],"uv_size":[0.0289,0.0154]}}},{"origin":[-0.15566,9,-2.23192],"size":[2,0.25,1],"uv":{"down":{"uv":[0.3364,15.4521],"uv_size":[-0.1158,-0.0615]},"north":{"uv":[0.6048,15.4534],"uv_size":[0.1158,0.0154]},"south":{"uv":[0.2225,15.4534],"uv_size":[0.1158,0.0154]},"up":{"uv":[0.3364,15.6084],"uv_size":[-0.1158,-0.0615]}}},{"origin":[1.59434,10.5,-2.73192],"size":[0.25,0.5,0.25],"uv":{"down":{"uv":[9.8819,8.9683],"uv_size":[-0.0289,-0.0308]},"east":{"uv":[10.2946,8.6885],"uv_size":[0.0289,0.0615]},"north":{"uv":[10.824,8.6885],"uv_size":[0.0289,0.0615]},"south":{"uv":[9.8534,8.6885],"uv_size":[0.0289,0.0615]},"up":{"uv":[9.8819,9.062],"uv_size":[-0.0289,-0.0308]},"west":{"uv":[10.3828,8.6885],"uv_size":[0.0289,0.0615]}}},{"origin":[1.59434,10.5,-0.98192],"size":[0.25,0.5,0.25],"uv":{"down":{"uv":[9.8819,8.7495],"uv_size":[-0.0289,-0.0308]},"east":{"uv":[10.0887,8.6885],"uv_size":[0.0289,0.0615]},"north":{"uv":[10.824,8.6885],"uv_size":[0.0289,0.0615]},"south":{"uv":[9.8534,8.6885],"uv_size":[0.0289,0.0615]},"up":{"uv":[9.8819,9.2808],"uv_size":[-0.0289,-0.0308]},"west":{"uv":[10.5887,8.6885],"uv_size":[0.0289,0.0615]}}},{"origin":[1.59434,11.5,-2.73192],"size":[0.25,0.25,0.25],"uv":{"down":{"uv":[9.8819,8.9683],"uv_size":[-0.0289,-0.0308]},"east":{"uv":[10.2946,8.5943],"uv_size":[0.0289,0.0308]},"north":{"uv":[10.824,8.5943],"uv_size":[0.0289,0.0308]},"west":{"uv":[10.3828,8.5943],"uv_size":[0.0289,0.0308]}}},{"origin":[1.59434,11.5,-0.98192],"size":[0.25,0.25,0.25],"uv":{"down":{"uv":[9.8819,8.7495],"uv_size":[-0.0289,-0.0308]},"east":{"uv":[10.0887,8.5943],"uv_size":[0.0289,0.0308]},"south":{"uv":[9.8534,8.5943],"uv_size":[0.0289,0.0308]},"west":{"uv":[10.5887,8.5943],"uv_size":[0.0289,0.0308]}}},{"origin":[1.34434,12.25,-1.98192],"size":[0.5,0.25,0.5],"uv":{"east":{"uv":[2.2652,15.2503],"uv_size":[0.0289,0.0154]},"north":{"uv":[2.574,15.2503],"uv_size":[0.0289,0.0154]},"south":{"uv":[2.1034,15.2503],"uv_size":[0.0289,0.0154]},"up":{"uv":[2.1319,15.5933],"uv_size":[-0.0289,-0.0308]},"west":{"uv":[2.4122,15.2503],"uv_size":[0.0289,0.0154]}}},{"origin":[1.34434,10.25,-2.73192],"size":[0.25,0.25,0.25],"uv":{"east":{"uv":[10.2946,8.7505],"uv_size":[0.0289,0.0308]},"north":{"uv":[10.7946,8.7505],"uv_size":[0.0289,0.0308]},"up":{"uv":[9.9113,9.062],"uv_size":[-0.0289,-0.0308]},"west":{"uv":[10.3828,8.7505],"uv_size":[0.0289,0.0308]}}},{"origin":[1.34434,10.25,-0.98192],"size":[0.25,0.25,0.25],"uv":{"east":{"uv":[10.0887,8.7505],"uv_size":[0.0289,0.0308]},"south":{"uv":[9.8828,8.7505],"uv_size":[0.0289,0.0308]},"up":{"uv":[9.9113,9.2808],"uv_size":[-0.0289,-0.0308]},"west":{"uv":[10.5887,8.7505],"uv_size":[0.0289,0.0308]}}},{"origin":[1.34434,11,-2.73192],"size":[0.25,0.5,0.25],"uv":{"down":{"uv":[9.9113,8.9683],"uv_size":[-0.0289,-0.0308]},"east":{"uv":[10.2946,8.626],"uv_size":[0.0289,0.0615]},"north":{"uv":[10.7946,8.626],"uv_size":[0.0289,0.0615]},"up":{"uv":[9.9113,9.062],"uv_size":[-0.0289,-0.0308]},"west":{"uv":[10.3828,8.626],"uv_size":[0.0289,0.0615]}}},{"origin":[1.34434,11,-0.98192],"size":[0.25,0.5,0.25],"uv":{"down":{"uv":[9.9113,8.7495],"uv_size":[-0.0289,-0.0308]},"east":{"uv":[10.0887,8.626],"uv_size":[0.0289,0.0615]},"north":{"uv":[10.7946,8.626],"uv_size":[0.0289,0.0615]},"south":{"uv":[9.8828,8.626],"uv_size":[0.0289,0.0615]},"up":{"uv":[9.9113,9.2808],"uv_size":[-0.0289,-0.0308]},"west":{"uv":[10.5887,8.626],"uv_size":[0.0289,0.0615]}}},{"origin":[1.09434,10.5,-2.73192],"size":[0.25,0.5,0.25],"uv":{"down":{"uv":[9.9407,8.9683],"uv_size":[-0.0289,-0.0308]},"east":{"uv":[10.2946,8.6885],"uv_size":[0.0289,0.0615]},"north":{"uv":[10.7652,8.6885],"uv_size":[0.0289,0.0615]},"south":{"uv":[9.9122,8.6885],"uv_size":[0.0289,0.0615]},"up":{"uv":[9.9407,9.062],"uv_size":[-0.0289,-0.0308]},"west":{"uv":[10.3828,8.6885],"uv_size":[0.0289,0.0615]}}},{"origin":[1.09434,10.5,-0.98192],"size":[0.25,0.5,0.25],"uv":{"down":{"uv":[9.9407,8.7495],"uv_size":[-0.0289,-0.0308]},"east":{"uv":[10.0887,8.6885],"uv_size":[0.0289,0.0615]},"north":{"uv":[10.7652,8.6885],"uv_size":[0.0289,0.0615]},"south":{"uv":[9.9122,8.6885],"uv_size":[0.0289,0.0615]},"up":{"uv":[9.9407,9.2808],"uv_size":[-0.0289,-0.0308]},"west":{"uv":[10.5887,8.6885],"uv_size":[0.0289,0.0615]}}},{"origin":[1.09434,11.5,-2.73192],"size":[0.25,0.25,0.25],"uv":{"down":{"uv":[9.9407,8.9683],"uv_size":[-0.0289,-0.0308]},"east":{"uv":[10.2946,8.5943],"uv_size":[0.0289,0.0308]},"north":{"uv":[10.7652,8.5943],"uv_size":[0.0289,0.0308]},"west":{"uv":[10.3828,8.5943],"uv_size":[0.0289,0.0308]}}},{"origin":[1.09434,11.5,-0.98192],"size":[0.25,0.25,0.25],"uv":{"down":{"uv":[9.9407,8.7495],"uv_size":[-0.0289,-0.0308]},"east":{"uv":[10.0887,8.5943],"uv_size":[0.0289,0.0308]},"south":{"uv":[9.9122,8.5943],"uv_size":[0.0289,0.0308]},"west":{"uv":[10.5887,8.5943],"uv_size":[0.0289,0.0308]}}},{"origin":[-3.15566,9.5,-2.48192],"size":[4.25,0.5,0.25],"uv":{"down":{"uv":[10.4332,8.937],"uv_size":[-0.492,-0.0308]},"east":{"uv":[10.2652,8.8135],"uv_size":[0.0289,0.0615]},"north":{"uv":[10.2727,8.8135],"uv_size":[0.492,0.0615]}}},{"origin":[-3.15566,9.5,-1.23192],"size":[4.25,0.5,0.25],"uv":{"down":{"uv":[10.4332,8.7808],"uv_size":[-0.492,-0.0308]},"east":{"uv":[10.1181,8.8135],"uv_size":[0.0289,0.0615]},"south":{"uv":[9.9492,8.8135],"uv_size":[0.492,0.0615]}}},{"origin":[0.84434,10.25,-2.73192],"size":[0.25,0.25,0.25],"uv":{"east":{"uv":[10.2946,8.7505],"uv_size":[0.0289,0.0308]},"north":{"uv":[10.7358,8.7505],"uv_size":[0.0289,0.0308]},"up":{"uv":[9.9701,9.062],"uv_size":[-0.0289,-0.0308]},"west":{"uv":[10.3828,8.7505],"uv_size":[0.0289,0.0308]}}},{"origin":[0.84434,10.25,-0.98192],"size":[0.25,0.25,0.25],"uv":{"east":{"uv":[10.0887,8.7505],"uv_size":[0.0289,0.0308]},"south":{"uv":[9.9416,8.7505],"uv_size":[0.0289,0.0308]},"up":{"uv":[9.9701,9.2808],"uv_size":[-0.0289,-0.0308]},"west":{"uv":[10.5887,8.7505],"uv_size":[0.0289,0.0308]}}},{"origin":[0.84434,11,-2.73192],"size":[0.25,0.5,0.25],"uv":{"down":{"uv":[9.9701,8.9683],"uv_size":[-0.0289,-0.0308]},"east":{"uv":[10.2946,8.626],"uv_size":[0.0289,0.0615]},"north":{"uv":[10.7358,8.626],"uv_size":[0.0289,0.0615]},"up":{"uv":[9.9701,9.062],"uv_size":[-0.0289,-0.0308]},"west":{"uv":[10.3828,8.626],"uv_size":[0.0289,0.0615]}}},{"origin":[0.84434,11,-0.98192],"size":[0.25,0.5,0.25],"uv":{"down":{"uv":[9.9701,8.7495],"uv_size":[-0.0289,-0.0308]},"east":{"uv":[10.0887,8.626],"uv_size":[0.0289,0.0615]},"north":{"uv":[10.7358,8.626],"uv_size":[0.0289,0.0615]},"south":{"uv":[9.9416,8.626],"uv_size":[0.0289,0.0615]},"up":{"uv":[9.9701,9.2808],"uv_size":[-0.0289,-0.0308]},"west":{"uv":[10.5887,8.626],"uv_size":[0.0289,0.0615]}}},{"origin":[0.59434,10.5,-2.73192],"size":[0.25,0.5,0.25],"uv":{"down":{"uv":[9.9995,8.9683],"uv_size":[-0.0289,-0.0308]},"east":{"uv":[10.2946,8.6885],"uv_size":[0.0289,0.0615]},"north":{"uv":[10.7064,8.6885],"uv_size":[0.0289,0.0615]},"south":{"uv":[9.9711,8.6885],"uv_size":[0.0289,0.0615]},"up":{"uv":[9.9995,9.062],"uv_size":[-0.0289,-0.0308]},"west":{"uv":[10.3828,8.6885],"uv_size":[0.0289,0.0615]}}},{"origin":[0.59434,10.5,-0.98192],"size":[0.25,0.5,0.25],"uv":{"down":{"uv":[9.9995,8.7495],"uv_size":[-0.0289,-0.0308]},"east":{"uv":[10.0887,8.6885],"uv_size":[0.0289,0.0615]},"north":{"uv":[10.7064,8.6885],"uv_size":[0.0289,0.0615]},"south":{"uv":[9.9711,8.6885],"uv_size":[0.0289,0.0615]},"up":{"uv":[9.9995,9.2808],"uv_size":[-0.0289,-0.0308]},"west":{"uv":[10.5887,8.6885],"uv_size":[0.0289,0.0615]}}},{"origin":[0.59434,11.5,-2.73192],"size":[0.25,0.25,0.25],"uv":{"down":{"uv":[9.9995,8.9683],"uv_size":[-0.0289,-0.0308]},"east":{"uv":[10.2946,8.5943],"uv_size":[0.0289,0.0308]},"north":{"uv":[10.7064,8.5943],"uv_size":[0.0289,0.0308]},"west":{"uv":[10.3828,8.5943],"uv_size":[0.0289,0.0308]}}},{"origin":[0.59434,11.5,-0.98192],"size":[0.25,0.25,0.25],"uv":{"down":{"uv":[9.9995,8.7495],"uv_size":[-0.0289,-0.0308]},"east":{"uv":[10.0887,8.5943],"uv_size":[0.0289,0.0308]},"south":{"uv":[9.9711,8.5943],"uv_size":[0.0289,0.0308]},"west":{"uv":[10.5887,8.5943],"uv_size":[0.0289,0.0308]}}},{"origin":[-1.40566,12,-2.48192],"size":[2.25,0.25,1.5],"uv":{"east":{"uv":[10.1205,8.5318],"uv_size":[0.1736,0.0308]},"north":{"uv":[10.4748,8.5318],"uv_size":[0.2605,0.0308]},"south":{"uv":[9.9748,8.5318],"uv_size":[0.2605,0.0308]},"up":{"uv":[10.2311,9.247],"uv_size":[-0.2605,-0.1845]},"west":{"uv":[10.4146,8.5318],"uv_size":[0.1736,0.0308]}}},{"origin":[0.09434,5.25,-2.48192],"size":[0.5,1,0.25],"uv":{"east":{"uv":[10.2652,9.2833],"uv_size":[0.0289,0.123]},"north":{"uv":[10.648,9.2833],"uv_size":[0.0579,0.123]},"south":{"uv":[10.0009,9.2833],"uv_size":[0.0579,0.123]},"up":{"uv":[10.0579,9.0933],"uv_size":[-0.0579,-0.0308]}}},{"origin":[0.09434,5.25,-1.23192],"size":[0.5,1,0.25],"uv":{"east":{"uv":[10.1181,9.2833],"uv_size":[0.0289,0.123]},"north":{"uv":[10.648,9.2833],"uv_size":[0.0579,0.123]},"south":{"uv":[10.0009,9.2833],"uv_size":[0.0579,0.123]},"up":{"uv":[10.0579,9.2495],"uv_size":[-0.0579,-0.0308]}}},{"origin":[-0.15566,5.5,-2.23192],"size":[0.75,0.75,1],"uv":{"east":{"uv":[10.1489,9.2828],"uv_size":[0.1158,0.0923]},"north":{"uv":[10.6191,9.2828],"uv_size":[0.0868,0.0923]},"south":{"uv":[10.0014,9.2828],"uv_size":[0.0868,0.0923]},"up":{"uv":[10.0868,9.2168],"uv_size":[-0.0868,-0.123]}}},{"origin":[0.34434,6.25,-2.48192],"size":[0.25,0.25,1.5],"uv":{"down":{"uv":[0.3086,15.4673],"uv_size":[-0.0145,-0.0923]},"east":{"uv":[0.3544,15.6253],"uv_size":[0.0868,0.0154]},"north":{"uv":[0.6326,15.6253],"uv_size":[0.0145,0.0154]},"south":{"uv":[0.2944,15.6253],"uv_size":[0.0145,0.0154]},"up":{"uv":[0.3086,15.6235],"uv_size":[-0.0145,-0.0923]},"west":{"uv":[0.5014,15.6253],"uv_size":[0.0868,0.0154]}}},{"origin":[-0.15566,6.5,-2.23192],"size":[0.75,0.25,1],"uv":{"down":{"uv":[0.3375,15.4521],"uv_size":[-0.0434,-0.0615]},"north":{"uv":[0.6036,15.6096],"uv_size":[0.0434,0.0154]},"south":{"uv":[0.2948,15.6096],"uv_size":[0.0434,0.0154]},"up":{"uv":[0.3375,15.6084],"uv_size":[-0.0434,-0.0615]}}},{"origin":[0.34434,10.25,-2.73192],"size":[0.25,0.25,0.25],"uv":{"east":{"uv":[10.2946,8.7505],"uv_size":[0.0289,0.0308]},"north":{"uv":[10.6769,8.7505],"uv_size":[0.0289,0.0308]},"up":{"uv":[10.0289,9.062],"uv_size":[-0.0289,-0.0308]},"west":{"uv":[10.3828,8.7505],"uv_size":[0.0289,0.0308]}}},{"origin":[0.34434,10.25,-0.98192],"size":[0.25,0.25,0.25],"uv":{"east":{"uv":[10.0887,8.7505],"uv_size":[0.0289,0.0308]},"south":{"uv":[10.0005,8.7505],"uv_size":[0.0289,0.0308]},"up":{"uv":[10.0289,9.2808],"uv_size":[-0.0289,-0.0308]},"west":{"uv":[10.5887,8.7505],"uv_size":[0.0289,0.0308]}}},{"origin":[-9.15566,11,-2.73192],"size":[9.75,0.5,0.25],"uv":{"down":{"uv":[11.1311,8.9683],"uv_size":[-1.1311,-0.0308]},"east":{"uv":[10.2946,8.626],"uv_size":[0.0289,0.0615]},"north":{"uv":[9.5748,8.626],"uv_size":[1.1311,0.0615]},"up":{"uv":[11.1311,9.062],"uv_size":[-1.1311,-0.0308]},"west":{"uv":[10.3828,8.626],"uv_size":[0.0289,0.0615]}}},{"origin":[-9.15566,11,-0.98192],"size":[9.75,0.5,0.25],"uv":{"down":{"uv":[11.1311,8.7495],"uv_size":[-1.1311,-0.0308]},"east":{"uv":[10.0887,8.626],"uv_size":[0.0289,0.0615]},"north":{"uv":[9.5748,8.626],"uv_size":[1.1311,0.0615]},"south":{"uv":[10.016,8.626],"uv_size":[1.1311,0.0615]},"up":{"uv":[11.1311,9.2808],"uv_size":[-1.1311,-0.0308]},"west":{"uv":[10.5887,8.626],"uv_size":[0.0289,0.0615]}}},{"origin":[0.09434,6.25,-2.48192],"size":[0.25,2,0.25],"uv":{"east":{"uv":[10.2652,9.0353],"uv_size":[0.0289,0.246]},"north":{"uv":[10.6475,9.0353],"uv_size":[0.0289,0.246]},"south":{"uv":[10.0299,9.0353],"uv_size":[0.0289,0.246]},"west":{"uv":[10.4122,9.0353],"uv_size":[0.0289,0.246]}}},{"origin":[-0.15566,6.25,-2.23192],"size":[0.5,0.25,1],"uv":{"east":{"uv":[10.1489,9.2505],"uv_size":[0.1158,0.0308]},"north":{"uv":[10.6186,9.2505],"uv_size":[0.0579,0.0308]},"south":{"uv":[10.0304,9.2505],"uv_size":[0.0579,0.0308]}}},{"origin":[0.09434,6.25,-1.23192],"size":[0.25,2,0.25],"uv":{"east":{"uv":[10.1181,9.0353],"uv_size":[0.0289,0.246]},"north":{"uv":[10.6475,9.0353],"uv_size":[0.0289,0.246]},"south":{"uv":[10.0299,9.0353],"uv_size":[0.0289,0.246]},"west":{"uv":[10.5593,9.0353],"uv_size":[0.0289,0.246]}}},{"origin":[-0.40566,6.75,-2.23192],"size":[0.75,0.25,1],"uv":{"down":{"uv":[10.1162,8.9043],"uv_size":[-0.0868,-0.123]},"east":{"uv":[10.1489,9.188],"uv_size":[0.1158,0.0308]},"north":{"uv":[10.5896,9.188],"uv_size":[0.0868,0.0308]},"south":{"uv":[10.0308,9.188],"uv_size":[0.0868,0.0308]},"up":{"uv":[10.1162,9.2168],"uv_size":[-0.0868,-0.123]}}},{"origin":[-0.40566,7.75,-2.23192],"size":[0.75,0.5,1],"uv":{"down":{"uv":[10.1162,8.9043],"uv_size":[-0.0868,-0.123]},"east":{"uv":[10.1489,9.0323],"uv_size":[0.1158,0.0615]},"north":{"uv":[10.5896,9.0323],"uv_size":[0.0868,0.0615]},"south":{"uv":[10.0308,9.0323],"uv_size":[0.0868,0.0615]}}},{"origin":[0.09434,10.5,-2.73192],"size":[0.25,0.5,0.25],"uv":{"down":{"uv":[10.0584,8.9683],"uv_size":[-0.0289,-0.0308]},"east":{"uv":[10.2946,8.6885],"uv_size":[0.0289,0.0615]},"north":{"uv":[10.6475,8.6885],"uv_size":[0.0289,0.0615]},"south":{"uv":[10.0299,8.6885],"uv_size":[0.0289,0.0615]},"west":{"uv":[10.3828,8.6885],"uv_size":[0.0289,0.0615]}}},{"origin":[0.09434,10.5,-0.98192],"size":[0.25,0.5,0.25],"uv":{"down":{"uv":[10.0584,8.7495],"uv_size":[-0.0289,-0.0308]},"east":{"uv":[10.0887,8.6885],"uv_size":[0.0289,0.0615]},"north":{"uv":[10.6475,8.6885],"uv_size":[0.0289,0.0615]},"south":{"uv":[10.0299,8.6885],"uv_size":[0.0289,0.0615]},"west":{"uv":[10.5887,8.6885],"uv_size":[0.0289,0.0615]}}},{"origin":[-1.40566,11.5,-2.73192],"size":[1.75,0.25,0.25],"uv":{"east":{"uv":[10.2946,8.5943],"uv_size":[0.0289,0.0308]},"north":{"uv":[10.4739,8.5943],"uv_size":[0.2026,0.0308]},"west":{"uv":[10.3828,8.5943],"uv_size":[0.0289,0.0308]}}},{"origin":[-1.40566,11.5,-0.98192],"size":[1.75,0.25,0.25],"uv":{"east":{"uv":[10.0887,8.5943],"uv_size":[0.0289,0.0308]},"south":{"uv":[10.0327,8.5943],"uv_size":[0.2026,0.0308]},"west":{"uv":[10.5887,8.5943],"uv_size":[0.0289,0.0308]}}},{"origin":[-0.15566,5,-2.48192],"size":[0.25,0.25,0.25],"uv":{"down":{"uv":[10.0878,8.937],"uv_size":[-0.0289,-0.0308]},"east":{"uv":[10.2652,9.4068],"uv_size":[0.0289,0.0308]},"north":{"uv":[10.6181,9.4068],"uv_size":[0.0289,0.0308]},"up":{"uv":[10.0878,9.0933],"uv_size":[-0.0289,-0.0308]}}},{"origin":[-0.15566,5,-1.23192],"size":[0.25,0.25,0.25],"uv":{"down":{"uv":[10.0878,8.7808],"uv_size":[-0.0289,-0.0308]},"east":{"uv":[10.1181,9.4068],"uv_size":[0.0289,0.0308]},"south":{"uv":[10.0593,9.4068],"uv_size":[0.0289,0.0308]},"up":{"uv":[10.0878,9.2495],"uv_size":[-0.0289,-0.0308]}}},{"origin":[-0.15566,6.5,-2.48192],"size":[0.25,3,0.25],"uv":{"down":{"uv":[10.0878,8.937],"uv_size":[-0.0289,-0.0308]},"east":{"uv":[10.2652,8.881],"uv_size":[0.0289,0.369]},"north":{"uv":[10.6181,8.881],"uv_size":[0.0289,0.369]},"south":{"uv":[10.0593,8.881],"uv_size":[0.0289,0.369]},"west":{"uv":[10.4122,8.881],"uv_size":[0.0289,0.369]}}},{"origin":[-0.15566,6.5,-1.23192],"size":[0.25,3,0.25],"uv":{"down":{"uv":[10.0878,8.7808],"uv_size":[-0.0289,-0.0308]},"east":{"uv":[10.1181,8.881],"uv_size":[0.0289,0.369]},"north":{"uv":[10.6181,8.881],"uv_size":[0.0289,0.369]},"south":{"uv":[10.0593,8.881],"uv_size":[0.0289,0.369]},"west":{"uv":[10.5593,8.881],"uv_size":[0.0289,0.369]}}},{"origin":[-0.65566,8.5,-2.23192],"size":[0.75,0.5,1],"uv":{"east":{"uv":[10.1489,8.9385],"uv_size":[0.1158,0.0615]},"north":{"uv":[10.5602,8.9385],"uv_size":[0.0868,0.0615]},"south":{"uv":[10.0602,8.9385],"uv_size":[0.0868,0.0615]},"up":{"uv":[10.1456,9.2168],"uv_size":[-0.0868,-0.123]}}},{"origin":[-0.65566,9.25,-2.23192],"size":[0.75,0.25,1],"uv":{"down":{"uv":[10.1456,8.9043],"uv_size":[-0.0868,-0.123]},"east":{"uv":[10.1489,8.8755],"uv_size":[0.1158,0.0308]},"north":{"uv":[10.5602,8.8755],"uv_size":[0.0868,0.0308]},"south":{"uv":[10.0602,8.8755],"uv_size":[0.0868,0.0308]}}},{"origin":[-0.15566,10.25,-2.73192],"size":[0.25,0.25,0.25],"uv":{"east":{"uv":[10.2946,8.7505],"uv_size":[0.0289,0.0308]},"north":{"uv":[10.6181,8.7505],"uv_size":[0.0289,0.0308]},"up":{"uv":[10.0878,9.062],"uv_size":[-0.0289,-0.0308]},"west":{"uv":[10.3828,8.7505],"uv_size":[0.0289,0.0308]}}},{"origin":[-0.15566,10.25,-0.98192],"size":[0.25,0.25,0.25],"uv":{"east":{"uv":[10.0887,8.7505],"uv_size":[0.0289,0.0308]},"south":{"uv":[10.0593,8.7505],"uv_size":[0.0289,0.0308]},"up":{"uv":[10.0878,9.2808],"uv_size":[-0.0289,-0.0308]},"west":{"uv":[10.5887,8.7505],"uv_size":[0.0289,0.0308]}}},{"origin":[-0.40566,5,-2.23192],"size":[0.25,0.25,1],"uv":{"down":{"uv":[10.1172,8.9043],"uv_size":[-0.0289,-0.123]},"east":{"uv":[10.1489,9.4068],"uv_size":[0.1158,0.0308]},"north":{"uv":[10.5887,9.4068],"uv_size":[0.0289,0.0308]},"south":{"uv":[10.0887,9.4068],"uv_size":[0.0289,0.0308]},"up":{"uv":[10.1172,9.2168],"uv_size":[-0.0289,-0.123]}}},{"origin":[-0.40566,6.5,-2.23192],"size":[0.25,0.25,1],"uv":{"down":{"uv":[10.1172,8.9043],"uv_size":[-0.0289,-0.123]},"east":{"uv":[10.1489,9.2193],"uv_size":[0.1158,0.0308]},"north":{"uv":[10.5887,9.2193],"uv_size":[0.0289,0.0308]},"south":{"uv":[10.0887,9.2193],"uv_size":[0.0289,0.0308]}}},{"origin":[-0.40566,7,-2.23192],"size":[0.25,0.75,1],"uv":{"east":{"uv":[10.1489,9.0953],"uv_size":[0.1158,0.0923]},"north":{"uv":[10.5887,9.0953],"uv_size":[0.0289,0.0923]},"south":{"uv":[10.0887,9.0953],"uv_size":[0.0289,0.0923]}}},{"origin":[-0.90566,8.25,-2.48192],"size":[0.75,0.25,0.25],"uv":{"down":{"uv":[10.1751,8.937],"uv_size":[-0.0868,-0.0308]},"east":{"uv":[10.2652,9.0005],"uv_size":[0.0289,0.0308]},"north":{"uv":[10.5308,9.0005],"uv_size":[0.0868,0.0308]},"south":{"uv":[10.0896,9.0005],"uv_size":[0.0868,0.0308]},"up":{"uv":[10.1751,9.0933],"uv_size":[-0.0868,-0.0308]}}},{"origin":[-0.90566,8.25,-1.23192],"size":[0.75,0.25,0.25],"uv":{"down":{"uv":[10.1751,8.7808],"uv_size":[-0.0868,-0.0308]},"east":{"uv":[10.1181,9.0005],"uv_size":[0.0289,0.0308]},"north":{"uv":[10.5308,9.0005],"uv_size":[0.0868,0.0308]},"south":{"uv":[10.0896,9.0005],"uv_size":[0.0868,0.0308]},"up":{"uv":[10.1751,9.2495],"uv_size":[-0.0868,-0.0308]}}},{"origin":[-0.65566,8.5,-2.48192],"size":[0.5,0.5,0.25],"uv":{"east":{"uv":[10.2652,8.9385],"uv_size":[0.0289,0.0615]},"north":{"uv":[10.5598,8.9385],"uv_size":[0.0579,0.0615]},"up":{"uv":[10.1461,9.0933],"uv_size":[-0.0579,-0.0308]}}},{"origin":[-0.65566,8.5,-1.23192],"size":[0.5,0.5,0.25],"uv":{"east":{"uv":[10.1181,8.9385],"uv_size":[0.0289,0.0615]},"south":{"uv":[10.0892,8.9385],"uv_size":[0.0579,0.0615]},"up":{"uv":[10.1461,9.2495],"uv_size":[-0.0579,-0.0308]}}},{"origin":[-0.40566,9,-2.48192],"size":[0.25,0.5,0.25],"uv":{"east":{"uv":[10.2652,8.876],"uv_size":[0.0289,0.0615]},"north":{"uv":[10.5887,8.876],"uv_size":[0.0289,0.0615]},"south":{"uv":[10.0887,8.876],"uv_size":[0.0289,0.0615]}}},{"origin":[-0.40566,9,-2.23192],"size":[0.25,0.25,1.25],"uv":{"down":{"uv":[10.1172,8.9038],"uv_size":[-0.0289,-0.1538]},"east":{"uv":[10.12,8.9068],"uv_size":[0.1447,0.0308]},"south":{"uv":[10.0887,8.9068],"uv_size":[0.0289,0.0308]},"up":{"uv":[10.1172,9.2475],"uv_size":[-0.0289,-0.1538]},"west":{"uv":[10.4435,8.9068],"uv_size":[0.1447,0.0308]}}},{"origin":[-0.65566,9.25,-1.23192],"size":[0.5,0.25,0.25],"uv":{"down":{"uv":[10.1461,8.7808],"uv_size":[-0.0579,-0.0308]},"east":{"uv":[10.1181,8.8755],"uv_size":[0.0289,0.0308]},"south":{"uv":[10.0892,8.8755],"uv_size":[0.0579,0.0308]}}},{"origin":[-0.40566,10.5,-2.73192],"size":[0.25,0.5,0.25],"uv":{"down":{"uv":[10.1172,8.9683],"uv_size":[-0.0289,-0.0308]},"east":{"uv":[10.2946,8.6885],"uv_size":[0.0289,0.0615]},"north":{"uv":[10.5887,8.6885],"uv_size":[0.0289,0.0615]},"south":{"uv":[10.0887,8.6885],"uv_size":[0.0289,0.0615]},"west":{"uv":[10.3828,8.6885],"uv_size":[0.0289,0.0615]}}},{"origin":[-0.40566,10.5,-0.98192],"size":[0.25,0.5,0.25],"uv":{"down":{"uv":[10.1172,8.7495],"uv_size":[-0.0289,-0.0308]},"east":{"uv":[10.0887,8.6885],"uv_size":[0.0289,0.0615]},"north":{"uv":[10.5887,8.6885],"uv_size":[0.0289,0.0615]},"south":{"uv":[10.0887,8.6885],"uv_size":[0.0289,0.0615]},"west":{"uv":[10.5887,8.6885],"uv_size":[0.0289,0.0615]}}},{"origin":[-2.65566,8,-2.23192],"size":[2.25,0.25,1],"uv":{"down":{"uv":[10.3781,8.9043],"uv_size":[-0.2605,-0.123]},"east":{"uv":[10.1489,9.0318],"uv_size":[0.1158,0.0308]},"north":{"uv":[10.3278,9.0318],"uv_size":[0.2605,0.0308]},"south":{"uv":[10.1219,9.0318],"uv_size":[0.2605,0.0308]},"up":{"uv":[10.3781,9.2168],"uv_size":[-0.2605,-0.123]}}},{"origin":[-1.15566,9,-1.98192],"size":[0.75,0.25,0.5],"uv":{"down":{"uv":[10.2045,8.874],"uv_size":[-0.0868,-0.0615]},"east":{"uv":[10.1774,8.9068],"uv_size":[0.0579,0.0308]},"north":{"uv":[10.5014,8.9068],"uv_size":[0.0868,0.0308]},"south":{"uv":[10.1191,8.9068],"uv_size":[0.0868,0.0308]},"up":{"uv":[10.2045,9.1865],"uv_size":[-0.0868,-0.0615]}}},{"origin":[-0.65566,9.25,-2.48192],"size":[0.25,0.25,0.25],"uv":{"down":{"uv":[10.1466,8.937],"uv_size":[-0.0289,-0.0308]},"east":{"uv":[10.2652,8.8755],"uv_size":[0.0289,0.0308]},"north":{"uv":[10.5593,8.8755],"uv_size":[0.0289,0.0308]}}},{"origin":[-0.65566,10.25,-2.73192],"size":[0.25,0.25,0.25],"uv":{"east":{"uv":[10.2946,8.7505],"uv_size":[0.0289,0.0308]},"north":{"uv":[10.5593,8.7505],"uv_size":[0.0289,0.0308]},"up":{"uv":[10.1466,9.062],"uv_size":[-0.0289,-0.0308]},"west":{"uv":[10.3828,8.7505],"uv_size":[0.0289,0.0308]}}},{"origin":[-0.65566,10.25,-0.98192],"size":[0.25,0.25,0.25],"uv":{"east":{"uv":[10.0887,8.7505],"uv_size":[0.0289,0.0308]},"south":{"uv":[10.1181,8.7505],"uv_size":[0.0289,0.0308]},"up":{"uv":[10.1466,9.2808],"uv_size":[-0.0289,-0.0308]},"west":{"uv":[10.5887,8.7505],"uv_size":[0.0289,0.0308]}}},{"origin":[-0.90566,8.25,-2.23192],"size":[0.25,0.25,1],"uv":{"east":{"uv":[10.1489,9.0005],"uv_size":[0.1158,0.0308]},"up":{"uv":[10.176,9.2168],"uv_size":[-0.0289,-0.123]}}},{"origin":[-1.15566,8.5,-1.98192],"size":[0.5,0.5,0.5],"uv":{"down":{"uv":[10.2049,8.874],"uv_size":[-0.0579,-0.0615]},"east":{"uv":[10.1774,8.9385],"uv_size":[0.0579,0.0615]},"north":{"uv":[10.5009,8.9385],"uv_size":[0.0579,0.0615]},"south":{"uv":[10.148,8.9385],"uv_size":[0.0579,0.0615]}}},{"origin":[-1.15566,9.25,-1.98192],"size":[0.5,0.25,0.5],"uv":{"east":{"uv":[10.1774,8.8755],"uv_size":[0.0579,0.0308]},"north":{"uv":[10.5009,8.8755],"uv_size":[0.0579,0.0308]},"south":{"uv":[10.148,8.8755],"uv_size":[0.0579,0.0308]}}},{"origin":[-0.90566,10.5,-2.73192],"size":[0.25,0.5,0.25],"uv":{"down":{"uv":[10.176,8.9683],"uv_size":[-0.0289,-0.0308]},"east":{"uv":[10.2946,8.6885],"uv_size":[0.0289,0.0615]},"north":{"uv":[10.5299,8.6885],"uv_size":[0.0289,0.0615]},"south":{"uv":[10.1475,8.6885],"uv_size":[0.0289,0.0615]},"west":{"uv":[10.3828,8.6885],"uv_size":[0.0289,0.0615]}}},{"origin":[-0.90566,10.5,-0.98192],"size":[0.25,0.5,0.25],"uv":{"down":{"uv":[10.176,8.7495],"uv_size":[-0.0289,-0.0308]},"east":{"uv":[10.0887,8.6885],"uv_size":[0.0289,0.0615]},"north":{"uv":[10.5299,8.6885],"uv_size":[0.0289,0.0615]},"south":{"uv":[10.1475,8.6885],"uv_size":[0.0289,0.0615]},"west":{"uv":[10.5887,8.6885],"uv_size":[0.0289,0.0615]}}},{"origin":[-1.40566,8.25,-1.98192],"size":[0.5,0.25,0.5],"uv":{"east":{"uv":[10.1774,9.0005],"uv_size":[0.0579,0.0308]},"north":{"uv":[10.4715,9.0005],"uv_size":[0.0579,0.0308]},"south":{"uv":[10.1774,9.0005],"uv_size":[0.0579,0.0308]},"up":{"uv":[10.2344,9.1865],"uv_size":[-0.0579,-0.0615]}}},{"origin":[-1.40566,10.25,-2.73192],"size":[0.5,0.25,0.25],"uv":{"east":{"uv":[10.2946,8.7505],"uv_size":[0.0289,0.0308]},"north":{"uv":[10.4715,8.7505],"uv_size":[0.0579,0.0308]},"up":{"uv":[10.2344,9.062],"uv_size":[-0.0579,-0.0308]},"west":{"uv":[10.3828,8.7505],"uv_size":[0.0289,0.0308]}}},{"origin":[-1.40566,10.25,-0.98192],"size":[0.5,0.25,0.25],"uv":{"east":{"uv":[10.0887,8.7505],"uv_size":[0.0289,0.0308]},"south":{"uv":[10.1774,8.7505],"uv_size":[0.0579,0.0308]},"up":{"uv":[10.2344,9.2808],"uv_size":[-0.0579,-0.0308]},"west":{"uv":[10.5887,8.7505],"uv_size":[0.0289,0.0308]}}},{"origin":[-9.15566,10.5,-2.73192],"size":[8,0.5,0.25],"uv":{"down":{"uv":[11.132,8.9683],"uv_size":[-0.9261,-0.0308]},"east":{"uv":[10.2946,8.6885],"uv_size":[0.0289,0.0615]},"north":{"uv":[9.5739,8.6885],"uv_size":[0.9261,0.0615]},"south":{"uv":[10.2209,8.6885],"uv_size":[0.9261,0.0615]},"west":{"uv":[10.3828,8.6885],"uv_size":[0.0289,0.0615]}}},{"origin":[-9.15566,10.5,-0.98192],"size":[8,0.5,0.25],"uv":{"down":{"uv":[11.132,8.7495],"uv_size":[-0.9261,-0.0308]},"east":{"uv":[10.0887,8.6885],"uv_size":[0.0289,0.0615]},"north":{"uv":[9.5739,8.6885],"uv_size":[0.9261,0.0615]},"south":{"uv":[10.2209,8.6885],"uv_size":[0.9261,0.0615]},"west":{"uv":[10.5887,8.6885],"uv_size":[0.0289,0.0615]}}},{"origin":[-9.15566,11.75,-2.23192],"size":[7.75,0.25,1],"uv":{"down":{"uv":[11.1325,8.9043],"uv_size":[-0.8972,-0.123]},"east":{"uv":[10.1489,8.563],"uv_size":[0.1158,0.0308]},"north":{"uv":[9.5734,8.563],"uv_size":[0.8972,0.0308]},"south":{"uv":[10.2499,8.563],"uv_size":[0.8972,0.0308]},"up":{"uv":[11.1325,9.2168],"uv_size":[-0.8972,-0.123]}}},{"origin":[-2.90566,9.25,-2.23192],"size":[0.75,0.25,1],"uv":{"down":{"uv":[10.4104,8.9043],"uv_size":[-0.0868,-0.123]},"east":{"uv":[10.1489,8.8755],"uv_size":[0.1158,0.0308]},"north":{"uv":[10.2955,8.8755],"uv_size":[0.0868,0.0308]},"south":{"uv":[10.3249,8.8755],"uv_size":[0.0868,0.0308]},"west":{"uv":[10.4431,8.8755],"uv_size":[0.1158,0.0308]}}},{"origin":[-2.65566,8.25,-2.23192],"size":[0.25,1,1],"uv":{"east":{"uv":[10.1489,8.9083],"uv_size":[0.1158,0.123]},"north":{"uv":[10.324,8.9083],"uv_size":[0.0289,0.123]},"south":{"uv":[10.3534,8.9083],"uv_size":[0.0289,0.123]},"west":{"uv":[10.4431,8.9083],"uv_size":[0.1158,0.123]}}},{"origin":[-8.65566,9.75,-2.48192],"size":[5.5,0.25,1.5],"uv":{"down":{"uv":[11.0779,8.9345],"uv_size":[-0.6367,-0.1845]},"east":{"uv":[10.1205,8.813],"uv_size":[0.1736,0.0308]},"north":{"uv":[9.628,8.813],"uv_size":[0.6367,0.0308]},"south":{"uv":[10.4515,8.813],"uv_size":[0.6367,0.0308]},"up":{"uv":[11.0779,9.247],"uv_size":[-0.6367,-0.1845]},"west":{"uv":[10.4146,8.813],"uv_size":[0.1736,0.0308]}}},{"origin":[-8.65566,10.75,-2.23192],"size":[0.25,0.75,1],"uv":{"east":{"uv":[14.4862,13.3133],"uv_size":[0.0579,0.0461]},"south":{"uv":[14.9414,13.3133],"uv_size":[0.0145,0.0461]},"west":{"uv":[14.6333,13.3133],"uv_size":[0.0579,0.0461]}}},{"origin":[-9.40566,10.75,-1.23192],"size":[1,0.25,0.25],"uv":{"down":{"uv":[11.1746,8.7808],"uv_size":[-0.1158,-0.0308]},"east":{"uv":[10.1181,8.688],"uv_size":[0.0289,0.0308]},"north":{"uv":[9.5313,8.688],"uv_size":[0.1158,0.0308]},"south":{"uv":[11.0607,8.688],"uv_size":[0.1158,0.0308]}}},{"origin":[-9.40566,11.5,-2.23192],"size":[1,0.25,1],"uv":{"down":{"uv":[11.1746,8.9043],"uv_size":[-0.1158,-0.123]},"east":{"uv":[10.1489,8.5943],"uv_size":[0.1158,0.0308]},"up":{"uv":[11.1746,9.2168],"uv_size":[-0.1158,-0.123]}}},{"origin":[-8.90566,12,-1.98192],"size":[0.5,0.25,0.5],"uv":{"east":{"uv":[2.2652,15.2659],"uv_size":[0.0289,0.0154]},"north":{"uv":[1.9711,15.2659],"uv_size":[0.0289,0.0154]},"south":{"uv":[2.7064,15.2659],"uv_size":[0.0289,0.0154]},"up":{"uv":[2.7348,15.5933],"uv_size":[-0.0289,-0.0308]},"west":{"uv":[2.4122,15.2659],"uv_size":[0.0289,0.0154]}}},{"origin":[-9.15566,10.25,-2.48192],"size":[0.25,0.5,0.25],"uv":{"down":{"uv":[11.1466,8.937],"uv_size":[-0.0289,-0.0308]},"east":{"uv":[10.2652,8.7198],"uv_size":[0.0289,0.0615]},"north":{"uv":[9.5593,8.7198],"uv_size":[0.0289,0.0615]}}},{"origin":[-9.15566,10.25,-1.23192],"size":[0.25,0.5,0.25],"uv":{"down":{"uv":[11.1466,8.7808],"uv_size":[-0.0289,-0.0308]},"east":{"uv":[10.1181,8.7198],"uv_size":[0.0289,0.0615]},"south":{"uv":[11.1181,8.7198],"uv_size":[0.0289,0.0615]}}},{"origin":[-9.40566,10.5,-2.48192],"size":[0.25,0.25,1.5],"uv":{"down":{"uv":[11.176,8.9345],"uv_size":[-0.0289,-0.1845]},"east":{"uv":[10.1205,8.7193],"uv_size":[0.1736,0.0308]},"north":{"uv":[9.5299,8.7193],"uv_size":[0.0289,0.0308]},"south":{"uv":[11.1475,8.7193],"uv_size":[0.0289,0.0308]},"up":{"uv":[11.176,9.247],"uv_size":[-0.0289,-0.1845]},"west":{"uv":[10.4146,8.7193],"uv_size":[0.1736,0.0308]}}}],"name":"geyser_custom_z","parent":"geyser_custom_y","pivot":[-0.00629,9.59198,-1.72563],"rotation":[0,-90,0]}],"description":{"identifier":"geometry.geyser_custom.geo_340c94d","texture_height":16,"texture_width":16,"visible_bounds_height":4.5,"visible_bounds_offset":[0,0.75,0],"visible_bounds_width":4}}]}