{"format_version":"1.16.0","minecraft:geometry":[{"bones":[{"name":"root","pivot":[0,0,0]},{"name":"waist","parent":"root","pivot":[0,12,0]},{"name":"body","parent":"waist","pivot":[0,24,0]},{"cubes":[{"origin":[-8,12,-2],"size":[4,12,4],"uv":[40,16]}],"name":"rightArm","parent":"body","pivot":[-5,22,0]},{"locators":{"lead_hold":[-6,15,1]},"name":"rightItem","parent":"rightArm","pivot":[-6,15,1]},{"binding":"c.item_slot == 'head' ? 'head' : q.item_slot_to_bone_name(c.item_slot)","name":"geyser_custom","parent":"rightItem","pivot":[0,8,0]},{"name":"geyser_custom_x","parent":"geyser_custom","pivot":[0,8,0]},{"name":"geyser_custom_y","parent":"geyser_custom_x","pivot":[0,8,0]},{"cubes":[{"origin":[-0.24401,8.25,-6.57635],"size":[0.5,0.25,0.25],"uv":{"down":{"uv":[15.2242,4.3154],"uv_size":[-0.0492,-0.0259]},"east":{"uv":[15.2754,4.2636],"uv_size":[0.0246,0.0259]},"north":{"uv":[15.1758,4.2636],"uv_size":[0.0492,0.0259]},"south":{"uv":[15.1758,4.2636],"uv_size":[0.0492,0.0259]},"up":{"uv":[15.2242,4.1312],"uv_size":[-0.0492,-0.0259]},"west":{"uv":[15.1004,4.2636],"uv_size":[0.0246,0.0259]}}},{"origin":[-0.24401,8.5,-6.82635],"size":[0.5,0.25,0.25],"uv":{"down":{"uv":[15.2242,4.3417],"uv_size":[-0.0492,-0.0259]},"east":{"uv":[15.3004,4.2373],"uv_size":[0.0246,0.0259]},"north":{"uv":[15.1758,4.2373],"uv_size":[0.0492,0.0259]},"south":{"uv":[15.1758,4.2373],"uv_size":[0.0492,0.0259]},"up":{"uv":[15.2242,4.1048],"uv_size":[-0.0492,-0.0259]},"west":{"uv":[15.0754,4.2373],"uv_size":[0.0246,0.0259]}}},{"origin":[-0.99401,8.75,-6.07635],"size":[2,0.5,0.25],"uv":{"down":{"uv":[13.6968,7.6312],"uv_size":[-0.1968,-0.0259]},"east":{"uv":[13.6254,7.5535],"uv_size":[0.0246,0.0518]},"north":{"uv":[13.5032,7.5535],"uv_size":[0.1968,0.0518]},"south":{"uv":[13.5032,7.5535],"uv_size":[0.1968,0.0518]},"up":{"uv":[13.6968,7.5522],"uv_size":[-0.1968,-0.0259]},"west":{"uv":[13.5504,7.5535],"uv_size":[0.0246,0.0518]}}},{"origin":[-0.74401,9,-7.82635],"size":[1.75,0.25,0.5],"uv":{"down":{"uv":[13.6722,7.8149],"uv_size":[-0.1722,-0.0518]},"east":{"uv":[13.7758,7.5531],"uv_size":[0.0492,0.0259]},"north":{"uv":[13.5278,7.5531],"uv_size":[0.1722,0.0259]},"south":{"uv":[13.5028,7.5531],"uv_size":[0.1722,0.0259]},"up":{"uv":[13.6722,7.3939],"uv_size":[-0.1722,-0.0518]},"west":{"uv":[13.3758,7.5531],"uv_size":[0.0492,0.0259]}}},{"origin":[-0.99401,9,-6.32635],"size":[2,0.25,0.25],"uv":{"down":{"uv":[13.6968,7.6575],"uv_size":[-0.1968,-0.0259]},"east":{"uv":[13.6504,7.5531],"uv_size":[0.0246,0.0259]},"north":{"uv":[13.5032,7.5531],"uv_size":[0.1968,0.0259]},"south":{"uv":[13.5032,7.5531],"uv_size":[0.1968,0.0259]},"up":{"uv":[13.6968,7.5259],"uv_size":[-0.1968,-0.0259]},"west":{"uv":[13.5254,7.5531],"uv_size":[0.0246,0.0259]}}},{"origin":[-0.74401,7.75,-5.07635],"size":[1.5,0.25,0.5],"uv":{"down":{"uv":[13.6726,7.5255],"uv_size":[-0.1476,-0.0518]},"east":{"uv":[13.5008,7.6846],"uv_size":[0.0492,0.0259]},"north":{"uv":[13.5274,7.6846],"uv_size":[0.1476,0.0259]},"south":{"uv":[13.5274,7.6846],"uv_size":[0.1476,0.0259]},"up":{"uv":[13.6726,7.6834],"uv_size":[-0.1476,-0.0518]},"west":{"uv":[13.6508,7.6846],"uv_size":[0.0492,0.0259]}}},{"origin":[-0.74401,8,-7.32635],"size":[1.5,1.75,0.25],"uv":{"down":{"uv":[13.6726,7.7627],"uv_size":[-0.1476,-0.0259]},"east":{"uv":[13.7504,7.5029],"uv_size":[0.0246,0.1813]},"north":{"uv":[13.5274,7.5029],"uv_size":[0.1476,0.1813]},"south":{"uv":[13.5274,7.5029],"uv_size":[0.1476,0.1813]},"up":{"uv":[13.6726,7.4206],"uv_size":[-0.1476,-0.0259]},"west":{"uv":[13.4254,7.5029],"uv_size":[0.0246,0.1813]}}},{"origin":[-0.74401,8,-5.82635],"size":[1.5,0.5,0.25],"uv":{"down":{"uv":[13.6726,7.6048],"uv_size":[-0.1476,-0.0259]},"east":{"uv":[13.6004,7.6324],"uv_size":[0.0246,0.0518]},"north":{"uv":[13.5274,7.6324],"uv_size":[0.1476,0.0518]},"south":{"uv":[13.5274,7.6324],"uv_size":[0.1476,0.0518]},"up":{"uv":[13.6726,7.5785],"uv_size":[-0.1476,-0.0259]},"west":{"uv":[13.5754,7.6324],"uv_size":[0.0246,0.0518]}}},{"origin":[-0.74401,8,-5.57635],"size":[1.5,0.25,0.5],"uv":{"down":{"uv":[13.6726,7.5781],"uv_size":[-0.1476,-0.0518]},"east":{"uv":[13.5508,7.6583],"uv_size":[0.0492,0.0259]},"north":{"uv":[13.5274,7.6583],"uv_size":[0.1476,0.0259]},"south":{"uv":[13.5274,7.6583],"uv_size":[0.1476,0.0259]},"up":{"uv":[13.6726,7.6307],"uv_size":[-0.1476,-0.0518]},"west":{"uv":[13.6008,7.6583],"uv_size":[0.0492,0.0259]}}},{"origin":[-0.74401,8,-4.82635],"size":[1.5,1,0.25],"uv":{"down":{"uv":[13.6726,7.4996],"uv_size":[-0.1476,-0.0259]},"east":{"uv":[13.5004,7.5806],"uv_size":[0.0246,0.1036]},"north":{"uv":[13.5274,7.5806],"uv_size":[0.1476,0.1036]},"south":{"uv":[13.5274,7.5806],"uv_size":[0.1476,0.1036]},"up":{"uv":[13.6726,7.6838],"uv_size":[-0.1476,-0.0259]},"west":{"uv":[13.6754,7.5806],"uv_size":[0.0246,0.1036]}}},{"origin":[-0.74401,8.5,-7.57635],"size":[1.5,0.5,0.25],"uv":{"down":{"uv":[13.6726,7.7891],"uv_size":[-0.1476,-0.0259]},"east":{"uv":[13.7754,7.5798],"uv_size":[0.0246,0.0518]},"north":{"uv":[13.5274,7.5798],"uv_size":[0.1476,0.0518]},"south":{"uv":[13.5274,7.5798],"uv_size":[0.1476,0.0518]},"up":{"uv":[13.6726,7.3943],"uv_size":[-0.1476,-0.0259]},"west":{"uv":[13.4004,7.5798],"uv_size":[0.0246,0.0518]}}},{"origin":[-0.74401,8.5,-7.07635],"size":[1.5,1.25,0.25],"uv":{"down":{"uv":[13.6726,7.7364],"uv_size":[-0.1476,-0.0259]},"east":{"uv":[13.7254,7.5021],"uv_size":[0.0246,0.1295]},"north":{"uv":[13.5274,7.5021],"uv_size":[0.1476,0.1295]},"south":{"uv":[13.5274,7.5021],"uv_size":[0.1476,0.1295]},"up":{"uv":[13.6726,7.4469],"uv_size":[-0.1476,-0.0259]},"west":{"uv":[13.4504,7.5021],"uv_size":[0.0246,0.1295]}}},{"origin":[-0.74401,8.5,-6.07635],"size":[1.5,0.25,0.25],"uv":{"down":{"uv":[13.6726,7.6312],"uv_size":[-0.1476,-0.0259]},"east":{"uv":[13.6254,7.6057],"uv_size":[0.0246,0.0259]},"north":{"uv":[13.5274,7.6057],"uv_size":[0.1476,0.0259]},"south":{"uv":[13.5274,7.6057],"uv_size":[0.1476,0.0259]},"up":{"uv":[13.6726,7.5522],"uv_size":[-0.1476,-0.0259]},"west":{"uv":[13.5504,7.6057],"uv_size":[0.0246,0.0259]}}},{"origin":[0.50599,8.75,-7.82635],"size":[0.25,0.25,0.25],"uv":{"down":{"uv":[13.5496,7.8154],"uv_size":[-0.0246,-0.0259]},"east":{"uv":[13.8004,7.5794],"uv_size":[0.0246,0.0259]},"north":{"uv":[13.6504,7.5794],"uv_size":[0.0246,0.0259]},"south":{"uv":[13.5254,7.5794],"uv_size":[0.0246,0.0259]},"up":{"uv":[13.5496,7.368],"uv_size":[-0.0246,-0.0259]},"west":{"uv":[13.3754,7.5794],"uv_size":[0.0246,0.0259]}}},{"origin":[-0.74401,8.75,-6.82635],"size":[1.5,1,0.5],"uv":{"down":{"uv":[13.6726,7.7097],"uv_size":[-0.1476,-0.0518]},"east":{"uv":[13.6758,7.5017],"uv_size":[0.0492,0.1036]},"north":{"uv":[13.5274,7.5017],"uv_size":[0.1476,0.1036]},"south":{"uv":[13.5274,7.5017],"uv_size":[0.1476,0.1036]},"up":{"uv":[13.6726,7.4992],"uv_size":[-0.1476,-0.0518]},"west":{"uv":[13.4758,7.5017],"uv_size":[0.0492,0.1036]}}},{"origin":[-0.74401,8.75,-6.32635],"size":[1.5,0.25,0.25],"uv":{"down":{"uv":[13.6726,7.6575],"uv_size":[-0.1476,-0.0259]},"east":{"uv":[13.6504,7.5794],"uv_size":[0.0246,0.0259]},"north":{"uv":[13.5274,7.5794],"uv_size":[0.1476,0.0259]},"south":{"uv":[13.5274,7.5794],"uv_size":[0.1476,0.0259]},"up":{"uv":[13.6726,7.5259],"uv_size":[-0.1476,-0.0259]},"west":{"uv":[13.5254,7.5794],"uv_size":[0.0246,0.0259]}}},{"origin":[-0.74401,9,-8.32635],"size":[1.5,0.75,0.5],"uv":{"down":{"uv":[13.6726,7.8676],"uv_size":[-0.1476,-0.0518]},"east":{"uv":[13.8258,7.5013],"uv_size":[0.0492,0.0777]},"north":{"uv":[13.5274,7.5013],"uv_size":[0.1476,0.0777]},"south":{"uv":[13.5274,7.5013],"uv_size":[0.1476,0.0777]},"up":{"uv":[13.6726,7.3413],"uv_size":[-0.1476,-0.0518]},"west":{"uv":[13.3258,7.5013],"uv_size":[0.0492,0.0777]}}},{"origin":[-0.74401,9,-4.57635],"size":[1.5,0.75,0.25],"uv":{"down":{"uv":[13.6726,7.4733],"uv_size":[-0.1476,-0.0259]},"east":{"uv":[13.4754,7.5013],"uv_size":[0.0246,0.0777]},"north":{"uv":[13.5274,7.5013],"uv_size":[0.1476,0.0777]},"south":{"uv":[13.5274,7.5013],"uv_size":[0.1476,0.0777]},"up":{"uv":[13.6726,7.7101],"uv_size":[-0.1476,-0.0259]},"west":{"uv":[13.7004,7.5013],"uv_size":[0.0246,0.0777]}}},{"origin":[-0.74401,9.25,-7.82635],"size":[1.5,0.5,0.5],"uv":{"down":{"uv":[13.6726,7.8149],"uv_size":[-0.1476,-0.0518]},"east":{"uv":[13.7758,7.5008],"uv_size":[0.0492,0.0518]},"north":{"uv":[13.5274,7.5008],"uv_size":[0.1476,0.0518]},"south":{"uv":[13.5274,7.5008],"uv_size":[0.1476,0.0518]},"up":{"uv":[13.6726,7.3939],"uv_size":[-0.1476,-0.0518]},"west":{"uv":[13.3758,7.5008],"uv_size":[0.0492,0.0518]}}},{"origin":[-0.74401,9.25,-6.32635],"size":[1.5,0.5,0.25],"uv":{"down":{"uv":[13.6726,7.6575],"uv_size":[-0.1476,-0.0259]},"east":{"uv":[13.6504,7.5008],"uv_size":[0.0246,0.0518]},"north":{"uv":[13.5274,7.5008],"uv_size":[0.1476,0.0518]},"south":{"uv":[13.5274,7.5008],"uv_size":[0.1476,0.0518]},"up":{"uv":[13.6726,7.5259],"uv_size":[-0.1476,-0.0259]},"west":{"uv":[13.5254,7.5008],"uv_size":[0.0246,0.0518]}}},{"origin":[-0.74401,9.25,-6.07635],"size":[1.5,0.25,1.5],"uv":{"down":{"uv":[13.6726,7.6291],"uv_size":[-0.1476,-0.1554]},"east":{"uv":[13.5024,7.5267],"uv_size":[0.1476,0.0259]},"north":{"uv":[13.5274,7.5267],"uv_size":[0.1476,0.0259]},"south":{"uv":[13.5274,7.5267],"uv_size":[0.1476,0.0259]},"up":{"uv":[13.6726,7.6817],"uv_size":[-0.1476,-0.1554]},"west":{"uv":[13.5524,7.5267],"uv_size":[0.1476,0.0259]}}},{"origin":[-0.74401,9.5,-4.82635],"size":[1.5,0.25,0.25],"uv":{"down":{"uv":[13.6726,7.4996],"uv_size":[-0.1476,-0.0259]},"east":{"uv":[13.5004,7.5004],"uv_size":[0.0246,0.0259]},"north":{"uv":[13.5274,7.5004],"uv_size":[0.1476,0.0259]},"south":{"uv":[13.5274,7.5004],"uv_size":[0.1476,0.0259]},"up":{"uv":[13.6726,7.6838],"uv_size":[-0.1476,-0.0259]},"west":{"uv":[13.6754,7.5004],"uv_size":[0.0246,0.0259]}}},{"origin":[-0.49401,8,-5.07635],"size":[1,1.25,0.25],"uv":{"down":{"uv":[13.6484,7.5259],"uv_size":[-0.0984,-0.0259]},"east":{"uv":[13.5254,7.5547],"uv_size":[0.0246,0.1295]},"north":{"uv":[13.5516,7.5547],"uv_size":[0.0984,0.1295]},"south":{"uv":[13.5516,7.5547],"uv_size":[0.0984,0.1295]},"up":{"uv":[13.6484,7.6575],"uv_size":[-0.0984,-0.0259]},"west":{"uv":[13.6504,7.5547],"uv_size":[0.0246,0.1295]}}},{"origin":[-0.49401,8.25,-5.57635],"size":[1,1,0.5],"uv":{"down":{"uv":[13.6484,7.5781],"uv_size":[-0.0984,-0.0518]},"east":{"uv":[13.5508,7.5543],"uv_size":[0.0492,0.1036]},"north":{"uv":[13.5516,7.5543],"uv_size":[0.0984,0.1036]},"south":{"uv":[13.5516,7.5543],"uv_size":[0.0984,0.1036]},"up":{"uv":[13.6484,7.6307],"uv_size":[-0.0984,-0.0518]},"west":{"uv":[13.6008,7.5543],"uv_size":[0.0492,0.1036]}}},{"origin":[-0.49401,8,-4.57635],"size":[1,1,0.25],"uv":{"down":{"uv":[13.6484,7.4733],"uv_size":[-0.0984,-0.0259]},"east":{"uv":[13.4754,7.5806],"uv_size":[0.0246,0.1036]},"north":{"uv":[13.5516,7.5806],"uv_size":[0.0984,0.1036]},"south":{"uv":[13.5516,7.5806],"uv_size":[0.0984,0.1036]},"up":{"uv":[13.6484,7.7101],"uv_size":[-0.0984,-0.0259]},"west":{"uv":[13.7004,7.5806],"uv_size":[0.0246,0.1036]}}},{"origin":[-0.49401,8.5,-5.82635],"size":[1,0.75,0.25],"uv":{"down":{"uv":[13.6484,7.6048],"uv_size":[-0.0984,-0.0259]},"east":{"uv":[13.6004,7.5539],"uv_size":[0.0246,0.0777]},"north":{"uv":[13.5516,7.5539],"uv_size":[0.0984,0.0777]},"south":{"uv":[13.5516,7.5539],"uv_size":[0.0984,0.0777]},"up":{"uv":[13.6484,7.5785],"uv_size":[-0.0984,-0.0259]},"west":{"uv":[13.5754,7.5539],"uv_size":[0.0246,0.0777]}}},{"origin":[-0.49401,9,-4.82635],"size":[1,0.25,0.25],"uv":{"down":{"uv":[13.6484,7.4996],"uv_size":[-0.0984,-0.0259]},"east":{"uv":[13.5004,7.5531],"uv_size":[0.0246,0.0259]},"north":{"uv":[13.5516,7.5531],"uv_size":[0.0984,0.0259]},"south":{"uv":[13.5516,7.5531],"uv_size":[0.0984,0.0259]},"up":{"uv":[13.6484,7.6838],"uv_size":[-0.0984,-0.0259]},"west":{"uv":[13.6754,7.5531],"uv_size":[0.0246,0.0259]}}},{"origin":[-0.49401,9.75,-8.32635],"size":[1,0.25,2.25],"uv":{"down":{"uv":[13.6484,7.8646],"uv_size":[-0.0984,-0.2331]},"east":{"uv":[13.6536,7.4741],"uv_size":[0.2214,0.0259]},"north":{"uv":[13.5516,7.4741],"uv_size":[0.0984,0.0259]},"south":{"uv":[13.5516,7.4741],"uv_size":[0.0984,0.0259]},"up":{"uv":[13.6484,7.5225],"uv_size":[-0.0984,-0.2331]},"west":{"uv":[13.3286,7.4741],"uv_size":[0.2214,0.0259]}}},{"origin":[-0.49401,9.75,-4.82635],"size":[1,0.25,0.5],"uv":{"down":{"uv":[13.6484,7.4992],"uv_size":[-0.0984,-0.0518]},"east":{"uv":[13.4758,7.4741],"uv_size":[0.0492,0.0259]},"north":{"uv":[13.5516,7.4741],"uv_size":[0.0984,0.0259]},"south":{"uv":[13.5516,7.4741],"uv_size":[0.0984,0.0259]},"up":{"uv":[13.6484,7.7097],"uv_size":[-0.0984,-0.0518]},"west":{"uv":[13.6758,7.4741],"uv_size":[0.0492,0.0259]}}},{"origin":[-0.49401,10,-8.07635],"size":[1,0.25,0.75],"uv":{"down":{"uv":[13.6484,7.8408],"uv_size":[-0.0984,-0.0777]},"east":{"uv":[13.7762,7.4478],"uv_size":[0.0738,0.0259]},"north":{"uv":[13.5516,7.4478],"uv_size":[0.0984,0.0259]},"south":{"uv":[13.5516,7.4478],"uv_size":[0.0984,0.0259]},"up":{"uv":[13.6484,7.3935],"uv_size":[-0.0984,-0.0777]},"west":{"uv":[13.3512,7.4478],"uv_size":[0.0738,0.0259]}}},{"origin":[0.00599,8,-7.57635],"size":[0.25,0.5,0.25],"uv":{"down":{"uv":[13.5996,7.7891],"uv_size":[-0.0246,-0.0259]},"east":{"uv":[13.7754,7.6324],"uv_size":[0.0246,0.0518]},"north":{"uv":[13.6004,7.6324],"uv_size":[0.0246,0.0518]},"south":{"uv":[13.5754,7.6324],"uv_size":[0.0246,0.0518]},"up":{"uv":[13.5996,7.3943],"uv_size":[-0.0246,-0.0259]},"west":{"uv":[13.4004,7.6324],"uv_size":[0.0246,0.0518]}}},{"origin":[-0.24401,8,-7.07635],"size":[0.5,0.25,0.25],"uv":{"down":{"uv":[13.6242,7.7364],"uv_size":[-0.0492,-0.0259]},"east":{"uv":[13.7254,7.6583],"uv_size":[0.0246,0.0259]},"north":{"uv":[13.5758,7.6583],"uv_size":[0.0492,0.0259]},"south":{"uv":[13.5758,7.6583],"uv_size":[0.0492,0.0259]},"up":{"uv":[13.6242,7.4469],"uv_size":[-0.0492,-0.0259]},"west":{"uv":[13.4504,7.6583],"uv_size":[0.0246,0.0259]}}},{"origin":[-0.24401,7.75,-6.82635],"size":[0.5,0.25,1],"uv":{"down":{"uv":[13.6242,7.7088],"uv_size":[-0.0492,-0.1036]},"east":{"uv":[13.6266,7.6846],"uv_size":[0.0984,0.0259]},"north":{"uv":[13.5758,7.6846],"uv_size":[0.0492,0.0259]},"south":{"uv":[13.5758,7.6846],"uv_size":[0.0492,0.0259]},"up":{"uv":[13.6242,7.5509],"uv_size":[-0.0492,-0.1036]},"west":{"uv":[13.4766,7.6846],"uv_size":[0.0984,0.0259]}}},{"origin":[-0.24401,9.5,-9.32635],"size":[0.5,0.5,1],"uv":{"down":{"uv":[13.6242,7.972],"uv_size":[-0.0492,-0.1036]},"east":{"uv":[13.8766,7.4745],"uv_size":[0.0984,0.0518]},"north":{"uv":[13.5758,7.4745],"uv_size":[0.0492,0.0518]},"south":{"uv":[13.5758,7.4745],"uv_size":[0.0492,0.0518]},"up":{"uv":[13.6242,7.2878],"uv_size":[-0.0492,-0.1036]},"west":{"uv":[13.2266,7.4745],"uv_size":[0.0984,0.0518]}}},{"origin":[-0.24401,9.25,-9.82635],"size":[0.5,0.75,0.5],"uv":{"down":{"uv":[13.6242,8.0255],"uv_size":[-0.0492,-0.0518]},"east":{"uv":[13.9758,7.4749],"uv_size":[0.0492,0.0777]},"north":{"uv":[13.5758,7.4749],"uv_size":[0.0492,0.0777]},"south":{"uv":[13.5758,7.4749],"uv_size":[0.0492,0.0777]},"up":{"uv":[13.6242,7.1834],"uv_size":[-0.0492,-0.0518]},"west":{"uv":[13.1758,7.4749],"uv_size":[0.0492,0.0777]}}},{"origin":[-0.24401,10,-7.32635],"size":[0.5,0.5,0.5],"uv":{"down":{"uv":[13.6242,7.7623],"uv_size":[-0.0492,-0.0518]},"east":{"uv":[13.7258,7.4219],"uv_size":[0.0492,0.0518]},"north":{"uv":[13.5758,7.4219],"uv_size":[0.0492,0.0518]},"south":{"uv":[13.5758,7.4219],"uv_size":[0.0492,0.0518]},"up":{"uv":[13.6242,7.4465],"uv_size":[-0.0492,-0.0518]},"west":{"uv":[13.4258,7.4219],"uv_size":[0.0492,0.0518]}}},{"origin":[-0.24401,10,-6.82635],"size":[0.5,0.25,2.5],"uv":{"down":{"uv":[13.6242,7.7063],"uv_size":[-0.0492,-0.2589]},"east":{"uv":[13.479,7.4478],"uv_size":[0.246,0.0259]},"north":{"uv":[13.5758,7.4478],"uv_size":[0.0492,0.0259]},"south":{"uv":[13.5758,7.4478],"uv_size":[0.0492,0.0259]},"up":{"uv":[13.6242,7.7063],"uv_size":[-0.0492,-0.2589]},"west":{"uv":[13.479,7.4478],"uv_size":[0.246,0.0259]}}},{"origin":[-0.74401,8.75,-7.82635],"size":[0.25,0.25,0.25],"uv":{"down":{"uv":[13.6746,7.8154],"uv_size":[-0.0246,-0.0259]},"east":{"uv":[13.8004,7.5794],"uv_size":[0.0246,0.0259]},"north":{"uv":[13.5254,7.5794],"uv_size":[0.0246,0.0259]},"south":{"uv":[13.6504,7.5794],"uv_size":[0.0246,0.0259]},"up":{"uv":[13.6746,7.368],"uv_size":[-0.0246,-0.0259]},"west":{"uv":[13.3754,7.5794],"uv_size":[0.0246,0.0259]}}},{"origin":[-0.24401,10.25,-8.07635],"size":[0.5,0.25,0.75],"uv":{"down":{"uv":[13.6242,7.8408],"uv_size":[-0.0492,-0.0777]},"east":{"uv":[13.7762,7.4215],"uv_size":[0.0738,0.0259]},"north":{"uv":[13.5758,7.4215],"uv_size":[0.0492,0.0259]},"south":{"uv":[13.5758,7.4215],"uv_size":[0.0492,0.0259]},"up":{"uv":[13.6242,7.3935],"uv_size":[-0.0492,-0.0777]},"west":{"uv":[13.3512,7.4215],"uv_size":[0.0738,0.0259]}}},{"origin":[-0.74401,9.25,-4.32635],"size":[0.25,0.5,6.75],"uv":{"down":{"uv":[10.4746,14.1728],"uv_size":[-0.0246,-0.6992]},"east":{"uv":[9.6108,14.2377],"uv_size":[0.6642,0.0518]},"north":{"uv":[10.3254,14.2377],"uv_size":[0.0246,0.0518]},"south":{"uv":[10.4504,14.2377],"uv_size":[0.0246,0.0518]},"up":{"uv":[10.4746,15.1465],"uv_size":[-0.0246,-0.6992]},"west":{"uv":[10.5358,14.2377],"uv_size":[0.6642,0.0518]}}},{"origin":[-0.49401,9.75,1.92365],"size":[0.25,0.25,0.5],"uv":{"down":{"uv":[10.4496,13.5255],"uv_size":[-0.0246,-0.0518]},"east":{"uv":[9.6008,14.2109],"uv_size":[0.0492,0.0259]},"north":{"uv":[10.3504,14.2109],"uv_size":[0.0246,0.0259]},"south":{"uv":[10.4254,14.2109],"uv_size":[0.0246,0.0259]},"up":{"uv":[10.4496,15.1571],"uv_size":[-0.0246,-0.0518]},"west":{"uv":[11.1508,14.2109],"uv_size":[0.0492,0.0259]}}},{"origin":[-0.49401,9,1.92365],"size":[0.25,0.25,0.5],"uv":{"down":{"uv":[10.4496,13.5255],"uv_size":[-0.0246,-0.0518]},"east":{"uv":[9.6008,14.2899],"uv_size":[0.0492,0.0259]},"north":{"uv":[10.3504,14.2899],"uv_size":[0.0246,0.0259]},"south":{"uv":[10.4254,14.2899],"uv_size":[0.0246,0.0259]},"up":{"uv":[10.4496,15.1571],"uv_size":[-0.0246,-0.0518]},"west":{"uv":[11.1508,14.2899],"uv_size":[0.0492,0.0259]}}},{"origin":[-0.49401,9.75,-4.32635],"size":[0.25,0.25,1.5],"uv":{"down":{"uv":[10.4496,14.1817],"uv_size":[-0.0246,-0.1554]},"east":{"uv":[10.1274,14.2109],"uv_size":[0.1476,0.0259]},"north":{"uv":[10.3504,14.2109],"uv_size":[0.0246,0.0259]},"south":{"uv":[10.4254,14.2109],"uv_size":[0.0246,0.0259]},"up":{"uv":[10.4496,14.6027],"uv_size":[-0.0246,-0.1554]},"west":{"uv":[10.5274,14.2109],"uv_size":[0.1476,0.0259]}}},{"origin":[-0.49401,9.75,-2.57635],"size":[0.25,0.25,0.5],"uv":{"down":{"uv":[10.4496,13.9992],"uv_size":[-0.0246,-0.0518]},"east":{"uv":[10.0508,14.2109],"uv_size":[0.0492,0.0259]},"north":{"uv":[10.3504,14.2109],"uv_size":[0.0246,0.0259]},"south":{"uv":[10.4254,14.2109],"uv_size":[0.0246,0.0259]},"up":{"uv":[10.4496,14.6834],"uv_size":[-0.0246,-0.0518]},"west":{"uv":[10.7008,14.2109],"uv_size":[0.0492,0.0259]}}},{"origin":[-0.49401,9.75,-1.82635],"size":[0.25,0.25,0.5],"uv":{"down":{"uv":[10.4496,13.9202],"uv_size":[-0.0246,-0.0518]},"east":{"uv":[9.9758,14.2109],"uv_size":[0.0492,0.0259]},"north":{"uv":[10.3504,14.2109],"uv_size":[0.0246,0.0259]},"south":{"uv":[10.4254,14.2109],"uv_size":[0.0246,0.0259]},"up":{"uv":[10.4496,14.7623],"uv_size":[-0.0246,-0.0518]},"west":{"uv":[10.7758,14.2109],"uv_size":[0.0492,0.0259]}}},{"origin":[-0.49401,9.75,-1.07635],"size":[0.25,0.25,0.5],"uv":{"down":{"uv":[10.4496,13.8413],"uv_size":[-0.0246,-0.0518]},"east":{"uv":[9.9008,14.2109],"uv_size":[0.0492,0.0259]},"north":{"uv":[10.3504,14.2109],"uv_size":[0.0246,0.0259]},"south":{"uv":[10.4254,14.2109],"uv_size":[0.0246,0.0259]},"up":{"uv":[10.4496,14.8413],"uv_size":[-0.0246,-0.0518]},"west":{"uv":[10.8508,14.2109],"uv_size":[0.0492,0.0259]}}},{"origin":[-0.49401,9.75,-0.32635],"size":[0.25,0.25,0.5],"uv":{"down":{"uv":[10.4496,13.7623],"uv_size":[-0.0246,-0.0518]},"east":{"uv":[9.8258,14.2109],"uv_size":[0.0492,0.0259]},"north":{"uv":[10.3504,14.2109],"uv_size":[0.0246,0.0259]},"south":{"uv":[10.4254,14.2109],"uv_size":[0.0246,0.0259]},"up":{"uv":[10.4496,14.9202],"uv_size":[-0.0246,-0.0518]},"west":{"uv":[10.9258,14.2109],"uv_size":[0.0492,0.0259]}}},{"origin":[-0.49401,9.75,0.42365],"size":[0.25,0.25,0.5],"uv":{"down":{"uv":[10.4496,13.6834],"uv_size":[-0.0246,-0.0518]},"east":{"uv":[9.7508,14.2109],"uv_size":[0.0492,0.0259]},"north":{"uv":[10.3504,14.2109],"uv_size":[0.0246,0.0259]},"south":{"uv":[10.4254,14.2109],"uv_size":[0.0246,0.0259]},"up":{"uv":[10.4496,14.9992],"uv_size":[-0.0246,-0.0518]},"west":{"uv":[11.0008,14.2109],"uv_size":[0.0492,0.0259]}}},{"origin":[-0.49401,9.75,1.17365],"size":[0.25,0.25,0.5],"uv":{"down":{"uv":[10.4496,13.6044],"uv_size":[-0.0246,-0.0518]},"east":{"uv":[9.6758,14.2109],"uv_size":[0.0492,0.0259]},"north":{"uv":[10.3504,14.2109],"uv_size":[0.0246,0.0259]},"south":{"uv":[10.4254,14.2109],"uv_size":[0.0246,0.0259]},"up":{"uv":[10.4496,15.0781],"uv_size":[-0.0246,-0.0518]},"west":{"uv":[11.0758,14.2109],"uv_size":[0.0492,0.0259]}}},{"origin":[-0.24401,8.75,-1.57635],"size":[0.25,0.25,0.5],"uv":{"down":{"uv":[10.4246,13.8939],"uv_size":[-0.0246,-0.0518]},"east":{"uv":[9.9508,14.3162],"uv_size":[0.0492,0.0259]},"north":{"uv":[10.3754,14.3162],"uv_size":[0.0246,0.0259]},"south":{"uv":[10.4004,14.3162],"uv_size":[0.0246,0.0259]},"up":{"uv":[10.4246,14.7886],"uv_size":[-0.0246,-0.0518]},"west":{"uv":[10.8008,14.3162],"uv_size":[0.0492,0.0259]}}},{"origin":[-0.24401,8.75,-0.82635],"size":[0.25,0.25,0.5],"uv":{"down":{"uv":[10.4246,13.8149],"uv_size":[-0.0246,-0.0518]},"east":{"uv":[9.8758,14.3162],"uv_size":[0.0492,0.0259]},"north":{"uv":[10.3754,14.3162],"uv_size":[0.0246,0.0259]},"south":{"uv":[10.4004,14.3162],"uv_size":[0.0246,0.0259]},"up":{"uv":[10.4246,14.8676],"uv_size":[-0.0246,-0.0518]},"west":{"uv":[10.8758,14.3162],"uv_size":[0.0492,0.0259]}}},{"origin":[-0.24401,8.75,1.42365],"size":[0.25,0.25,0.5],"uv":{"down":{"uv":[10.4246,13.5781],"uv_size":[-0.0246,-0.0518]},"east":{"uv":[9.6508,14.3162],"uv_size":[0.0492,0.0259]},"north":{"uv":[10.3754,14.3162],"uv_size":[0.0246,0.0259]},"south":{"uv":[10.4004,14.3162],"uv_size":[0.0246,0.0259]},"up":{"uv":[10.4246,15.1044],"uv_size":[-0.0246,-0.0518]},"west":{"uv":[11.1008,14.3162],"uv_size":[0.0492,0.0259]}}},{"origin":[-0.24401,8.75,2.17365],"size":[0.25,0.25,0.25],"uv":{"down":{"uv":[10.4246,13.4996],"uv_size":[-0.0246,-0.0259]},"east":{"uv":[9.6004,14.3162],"uv_size":[0.0246,0.0259]},"north":{"uv":[10.3754,14.3162],"uv_size":[0.0246,0.0259]},"south":{"uv":[10.4004,14.3162],"uv_size":[0.0246,0.0259]},"up":{"uv":[10.4246,15.1575],"uv_size":[-0.0246,-0.0259]},"west":{"uv":[11.1754,14.3162],"uv_size":[0.0246,0.0259]}}},{"origin":[-0.24401,10,-2.82635],"size":[0.25,0.25,0.25],"uv":{"down":{"uv":[10.4246,14.0259],"uv_size":[-0.0246,-0.0259]},"east":{"uv":[10.1004,14.1846],"uv_size":[0.0246,0.0259]},"north":{"uv":[10.3754,14.1846],"uv_size":[0.0246,0.0259]},"south":{"uv":[10.4004,14.1846],"uv_size":[0.0246,0.0259]},"up":{"uv":[10.4246,14.6312],"uv_size":[-0.0246,-0.0259]},"west":{"uv":[10.6754,14.1846],"uv_size":[0.0246,0.0259]}}},{"origin":[-0.24401,10,-2.32635],"size":[0.25,0.25,0.5],"uv":{"down":{"uv":[10.4246,13.9728],"uv_size":[-0.0246,-0.0518]},"east":{"uv":[10.0258,14.1846],"uv_size":[0.0492,0.0259]},"north":{"uv":[10.3754,14.1846],"uv_size":[0.0246,0.0259]},"south":{"uv":[10.4004,14.1846],"uv_size":[0.0246,0.0259]},"up":{"uv":[10.4246,14.7097],"uv_size":[-0.0246,-0.0518]},"west":{"uv":[10.7258,14.1846],"uv_size":[0.0492,0.0259]}}},{"origin":[-0.24401,10,-1.57635],"size":[0.25,0.25,0.5],"uv":{"down":{"uv":[10.4246,13.8939],"uv_size":[-0.0246,-0.0518]},"east":{"uv":[9.9508,14.1846],"uv_size":[0.0492,0.0259]},"north":{"uv":[10.3754,14.1846],"uv_size":[0.0246,0.0259]},"south":{"uv":[10.4004,14.1846],"uv_size":[0.0246,0.0259]},"up":{"uv":[10.4246,14.7886],"uv_size":[-0.0246,-0.0518]},"west":{"uv":[10.8008,14.1846],"uv_size":[0.0492,0.0259]}}},{"origin":[-0.24401,10,-0.82635],"size":[0.25,0.25,0.5],"uv":{"down":{"uv":[10.4246,13.8149],"uv_size":[-0.0246,-0.0518]},"east":{"uv":[9.8758,14.1846],"uv_size":[0.0492,0.0259]},"north":{"uv":[10.3754,14.1846],"uv_size":[0.0246,0.0259]},"south":{"uv":[10.4004,14.1846],"uv_size":[0.0246,0.0259]},"up":{"uv":[10.4246,14.8676],"uv_size":[-0.0246,-0.0518]},"west":{"uv":[10.8758,14.1846],"uv_size":[0.0492,0.0259]}}},{"origin":[-0.24401,10,-0.07635],"size":[0.25,0.25,0.5],"uv":{"down":{"uv":[10.4246,13.736],"uv_size":[-0.0246,-0.0518]},"east":{"uv":[9.8008,14.1846],"uv_size":[0.0492,0.0259]},"north":{"uv":[10.3754,14.1846],"uv_size":[0.0246,0.0259]},"south":{"uv":[10.4004,14.1846],"uv_size":[0.0246,0.0259]},"up":{"uv":[10.4246,14.9465],"uv_size":[-0.0246,-0.0518]},"west":{"uv":[10.9508,14.1846],"uv_size":[0.0492,0.0259]}}},{"origin":[-0.24401,10,0.67365],"size":[0.25,0.25,0.5],"uv":{"down":{"uv":[10.4246,13.6571],"uv_size":[-0.0246,-0.0518]},"east":{"uv":[9.7258,14.1846],"uv_size":[0.0492,0.0259]},"north":{"uv":[10.3754,14.1846],"uv_size":[0.0246,0.0259]},"south":{"uv":[10.4004,14.1846],"uv_size":[0.0246,0.0259]},"up":{"uv":[10.4246,15.0255],"uv_size":[-0.0246,-0.0518]},"west":{"uv":[11.0258,14.1846],"uv_size":[0.0492,0.0259]}}},{"origin":[-0.24401,10,1.42365],"size":[0.25,0.25,0.5],"uv":{"down":{"uv":[10.4246,13.5781],"uv_size":[-0.0246,-0.0518]},"east":{"uv":[9.6508,14.1846],"uv_size":[0.0492,0.0259]},"north":{"uv":[10.3754,14.1846],"uv_size":[0.0246,0.0259]},"south":{"uv":[10.4004,14.1846],"uv_size":[0.0246,0.0259]},"up":{"uv":[10.4246,15.1044],"uv_size":[-0.0246,-0.0518]},"west":{"uv":[11.1008,14.1846],"uv_size":[0.0492,0.0259]}}},{"origin":[-0.24401,10,2.17365],"size":[0.25,0.25,0.25],"uv":{"down":{"uv":[10.4246,13.4996],"uv_size":[-0.0246,-0.0259]},"east":{"uv":[9.6004,14.1846],"uv_size":[0.0246,0.0259]},"north":{"uv":[10.3754,14.1846],"uv_size":[0.0246,0.0259]},"south":{"uv":[10.4004,14.1846],"uv_size":[0.0246,0.0259]},"up":{"uv":[10.4246,15.1575],"uv_size":[-0.0246,-0.0259]},"west":{"uv":[11.1754,14.1846],"uv_size":[0.0246,0.0259]}}},{"origin":[-0.49401,9,-4.32635],"size":[0.25,0.25,1.5],"uv":{"down":{"uv":[10.4496,14.1817],"uv_size":[-0.0246,-0.1554]},"east":{"uv":[10.1274,14.2899],"uv_size":[0.1476,0.0259]},"north":{"uv":[10.3504,14.2899],"uv_size":[0.0246,0.0259]},"south":{"uv":[10.4254,14.2899],"uv_size":[0.0246,0.0259]},"up":{"uv":[10.4496,14.6027],"uv_size":[-0.0246,-0.1554]},"west":{"uv":[10.5274,14.2899],"uv_size":[0.1476,0.0259]}}},{"origin":[-0.49401,9,-2.57635],"size":[0.25,0.25,0.5],"uv":{"down":{"uv":[10.4496,13.9992],"uv_size":[-0.0246,-0.0518]},"east":{"uv":[10.0508,14.2899],"uv_size":[0.0492,0.0259]},"north":{"uv":[10.3504,14.2899],"uv_size":[0.0246,0.0259]},"south":{"uv":[10.4254,14.2899],"uv_size":[0.0246,0.0259]},"up":{"uv":[10.4496,14.6834],"uv_size":[-0.0246,-0.0518]},"west":{"uv":[10.7008,14.2899],"uv_size":[0.0492,0.0259]}}},{"origin":[-0.49401,9,-1.82635],"size":[0.25,0.25,0.5],"uv":{"down":{"uv":[10.4496,13.9202],"uv_size":[-0.0246,-0.0518]},"east":{"uv":[9.9758,14.2899],"uv_size":[0.0492,0.0259]},"north":{"uv":[10.3504,14.2899],"uv_size":[0.0246,0.0259]},"south":{"uv":[10.4254,14.2899],"uv_size":[0.0246,0.0259]},"up":{"uv":[10.4496,14.7623],"uv_size":[-0.0246,-0.0518]},"west":{"uv":[10.7758,14.2899],"uv_size":[0.0492,0.0259]}}},{"origin":[-0.49401,9,-1.07635],"size":[0.25,0.25,0.5],"uv":{"down":{"uv":[10.4496,13.8413],"uv_size":[-0.0246,-0.0518]},"east":{"uv":[9.9008,14.2899],"uv_size":[0.0492,0.0259]},"north":{"uv":[10.3504,14.2899],"uv_size":[0.0246,0.0259]},"south":{"uv":[10.4254,14.2899],"uv_size":[0.0246,0.0259]},"up":{"uv":[10.4496,14.8413],"uv_size":[-0.0246,-0.0518]},"west":{"uv":[10.8508,14.2899],"uv_size":[0.0492,0.0259]}}},{"origin":[-0.49401,9,-0.32635],"size":[0.25,0.25,0.5],"uv":{"down":{"uv":[10.4496,13.7623],"uv_size":[-0.0246,-0.0518]},"east":{"uv":[9.8258,14.2899],"uv_size":[0.0492,0.0259]},"north":{"uv":[10.3504,14.2899],"uv_size":[0.0246,0.0259]},"south":{"uv":[10.4254,14.2899],"uv_size":[0.0246,0.0259]},"up":{"uv":[10.4496,14.9202],"uv_size":[-0.0246,-0.0518]},"west":{"uv":[10.9258,14.2899],"uv_size":[0.0492,0.0259]}}},{"origin":[-0.49401,9,0.42365],"size":[0.25,0.25,0.5],"uv":{"down":{"uv":[10.4496,13.6834],"uv_size":[-0.0246,-0.0518]},"east":{"uv":[9.7508,14.2899],"uv_size":[0.0492,0.0259]},"north":{"uv":[10.3504,14.2899],"uv_size":[0.0246,0.0259]},"south":{"uv":[10.4254,14.2899],"uv_size":[0.0246,0.0259]},"up":{"uv":[10.4496,14.9992],"uv_size":[-0.0246,-0.0518]},"west":{"uv":[11.0008,14.2899],"uv_size":[0.0492,0.0259]}}},{"origin":[-0.49401,9,1.17365],"size":[0.25,0.25,0.5],"uv":{"down":{"uv":[10.4496,13.6044],"uv_size":[-0.0246,-0.0518]},"east":{"uv":[9.6758,14.2899],"uv_size":[0.0492,0.0259]},"north":{"uv":[10.3504,14.2899],"uv_size":[0.0246,0.0259]},"south":{"uv":[10.4254,14.2899],"uv_size":[0.0246,0.0259]},"up":{"uv":[10.4496,15.0781],"uv_size":[-0.0246,-0.0518]},"west":{"uv":[11.0758,14.2899],"uv_size":[0.0492,0.0259]}}},{"origin":[-0.24401,8.75,0.67365],"size":[0.25,0.25,0.5],"uv":{"down":{"uv":[10.4246,13.6571],"uv_size":[-0.0246,-0.0518]},"east":{"uv":[9.7258,14.3162],"uv_size":[0.0492,0.0259]},"north":{"uv":[10.3754,14.3162],"uv_size":[0.0246,0.0259]},"south":{"uv":[10.4004,14.3162],"uv_size":[0.0246,0.0259]},"up":{"uv":[10.4246,15.0255],"uv_size":[-0.0246,-0.0518]},"west":{"uv":[11.0258,14.3162],"uv_size":[0.0492,0.0259]}}},{"origin":[-0.24401,8.75,-0.07635],"size":[0.25,0.25,0.5],"uv":{"down":{"uv":[10.4246,13.736],"uv_size":[-0.0246,-0.0518]},"east":{"uv":[9.8008,14.3162],"uv_size":[0.0492,0.0259]},"north":{"uv":[10.3754,14.3162],"uv_size":[0.0246,0.0259]},"south":{"uv":[10.4004,14.3162],"uv_size":[0.0246,0.0259]},"up":{"uv":[10.4246,14.9465],"uv_size":[-0.0246,-0.0518]},"west":{"uv":[10.9508,14.3162],"uv_size":[0.0492,0.0259]}}},{"origin":[-0.24401,8.75,-2.82635],"size":[0.25,0.25,0.25],"uv":{"down":{"uv":[10.4246,14.0259],"uv_size":[-0.0246,-0.0259]},"east":{"uv":[10.1004,14.3162],"uv_size":[0.0246,0.0259]},"north":{"uv":[10.3754,14.3162],"uv_size":[0.0246,0.0259]},"south":{"uv":[10.4004,14.3162],"uv_size":[0.0246,0.0259]},"up":{"uv":[10.4246,14.6312],"uv_size":[-0.0246,-0.0259]},"west":{"uv":[10.6754,14.3162],"uv_size":[0.0246,0.0259]}}},{"origin":[-0.24401,8.75,-2.32635],"size":[0.25,0.25,0.5],"uv":{"down":{"uv":[10.4246,13.9728],"uv_size":[-0.0246,-0.0518]},"east":{"uv":[10.0258,14.3162],"uv_size":[0.0492,0.0259]},"north":{"uv":[10.3754,14.3162],"uv_size":[0.0246,0.0259]},"south":{"uv":[10.4004,14.3162],"uv_size":[0.0246,0.0259]},"up":{"uv":[10.4246,14.7097],"uv_size":[-0.0246,-0.0518]},"west":{"uv":[10.7258,14.3162],"uv_size":[0.0492,0.0259]}}},{"origin":[0.00599,10,1.92365],"size":[0.25,0.25,0.5],"uv":{"down":{"uv":[10.3996,13.5255],"uv_size":[-0.0246,-0.0518]},"east":{"uv":[9.6008,14.1846],"uv_size":[0.0492,0.0259]},"north":{"uv":[10.4004,14.1846],"uv_size":[0.0246,0.0259]},"south":{"uv":[10.3754,14.1846],"uv_size":[0.0246,0.0259]},"up":{"uv":[10.3996,15.1571],"uv_size":[-0.0246,-0.0518]},"west":{"uv":[11.1508,14.1846],"uv_size":[0.0492,0.0259]}}},{"origin":[0.00599,10,1.17365],"size":[0.25,0.25,0.5],"uv":{"down":{"uv":[10.3996,13.6044],"uv_size":[-0.0246,-0.0518]},"east":{"uv":[9.6758,14.1846],"uv_size":[0.0492,0.0259]},"north":{"uv":[10.4004,14.1846],"uv_size":[0.0246,0.0259]},"south":{"uv":[10.3754,14.1846],"uv_size":[0.0246,0.0259]},"up":{"uv":[10.3996,15.0781],"uv_size":[-0.0246,-0.0518]},"west":{"uv":[11.0758,14.1846],"uv_size":[0.0492,0.0259]}}},{"origin":[0.00599,10,0.42365],"size":[0.25,0.25,0.5],"uv":{"down":{"uv":[10.3996,13.6834],"uv_size":[-0.0246,-0.0518]},"east":{"uv":[9.7508,14.1846],"uv_size":[0.0492,0.0259]},"north":{"uv":[10.4004,14.1846],"uv_size":[0.0246,0.0259]},"south":{"uv":[10.3754,14.1846],"uv_size":[0.0246,0.0259]},"up":{"uv":[10.3996,14.9992],"uv_size":[-0.0246,-0.0518]},"west":{"uv":[11.0008,14.1846],"uv_size":[0.0492,0.0259]}}},{"origin":[0.00599,10,-0.32635],"size":[0.25,0.25,0.5],"uv":{"down":{"uv":[10.3996,13.7623],"uv_size":[-0.0246,-0.0518]},"east":{"uv":[9.8258,14.1846],"uv_size":[0.0492,0.0259]},"north":{"uv":[10.4004,14.1846],"uv_size":[0.0246,0.0259]},"south":{"uv":[10.3754,14.1846],"uv_size":[0.0246,0.0259]},"up":{"uv":[10.3996,14.9202],"uv_size":[-0.0246,-0.0518]},"west":{"uv":[10.9258,14.1846],"uv_size":[0.0492,0.0259]}}},{"origin":[0.00599,10,-1.07635],"size":[0.25,0.25,0.5],"uv":{"down":{"uv":[10.3996,13.8413],"uv_size":[-0.0246,-0.0518]},"east":{"uv":[9.9008,14.1846],"uv_size":[0.0492,0.0259]},"north":{"uv":[10.4004,14.1846],"uv_size":[0.0246,0.0259]},"south":{"uv":[10.3754,14.1846],"uv_size":[0.0246,0.0259]},"up":{"uv":[10.3996,14.8413],"uv_size":[-0.0246,-0.0518]},"west":{"uv":[10.8508,14.1846],"uv_size":[0.0492,0.0259]}}},{"origin":[0.00599,10,-1.82635],"size":[0.25,0.25,0.5],"uv":{"down":{"uv":[10.3996,13.9202],"uv_size":[-0.0246,-0.0518]},"east":{"uv":[9.9758,14.1846],"uv_size":[0.0492,0.0259]},"north":{"uv":[10.4004,14.1846],"uv_size":[0.0246,0.0259]},"south":{"uv":[10.3754,14.1846],"uv_size":[0.0246,0.0259]},"up":{"uv":[10.3996,14.7623],"uv_size":[-0.0246,-0.0518]},"west":{"uv":[10.7758,14.1846],"uv_size":[0.0492,0.0259]}}},{"origin":[0.00599,10,-2.57635],"size":[0.25,0.25,0.5],"uv":{"down":{"uv":[10.3996,13.9992],"uv_size":[-0.0246,-0.0518]},"east":{"uv":[10.0508,14.1846],"uv_size":[0.0492,0.0259]},"north":{"uv":[10.4004,14.1846],"uv_size":[0.0246,0.0259]},"south":{"uv":[10.3754,14.1846],"uv_size":[0.0246,0.0259]},"up":{"uv":[10.3996,14.6834],"uv_size":[-0.0246,-0.0518]},"west":{"uv":[10.7008,14.1846],"uv_size":[0.0492,0.0259]}}},{"origin":[-0.24401,10,-4.32635],"size":[0.5,0.25,1.5],"uv":{"down":{"uv":[10.4242,14.1817],"uv_size":[-0.0492,-0.1554]},"east":{"uv":[10.1274,14.1846],"uv_size":[0.1476,0.0259]},"north":{"uv":[10.3758,14.1846],"uv_size":[0.0492,0.0259]},"south":{"uv":[10.3758,14.1846],"uv_size":[0.0492,0.0259]},"up":{"uv":[10.4242,14.6027],"uv_size":[-0.0492,-0.1554]},"west":{"uv":[10.5274,14.1846],"uv_size":[0.1476,0.0259]}}},{"origin":[0.00599,8.75,1.92365],"size":[0.25,0.25,0.5],"uv":{"down":{"uv":[10.3996,13.5255],"uv_size":[-0.0246,-0.0518]},"east":{"uv":[9.6008,14.3162],"uv_size":[0.0492,0.0259]},"north":{"uv":[10.4004,14.3162],"uv_size":[0.0246,0.0259]},"south":{"uv":[10.3754,14.3162],"uv_size":[0.0246,0.0259]},"up":{"uv":[10.3996,15.1571],"uv_size":[-0.0246,-0.0518]},"west":{"uv":[11.1508,14.3162],"uv_size":[0.0492,0.0259]}}},{"origin":[0.00599,8.75,1.17365],"size":[0.25,0.25,0.5],"uv":{"down":{"uv":[10.3996,13.6044],"uv_size":[-0.0246,-0.0518]},"east":{"uv":[9.6758,14.3162],"uv_size":[0.0492,0.0259]},"north":{"uv":[10.4004,14.3162],"uv_size":[0.0246,0.0259]},"south":{"uv":[10.3754,14.3162],"uv_size":[0.0246,0.0259]},"up":{"uv":[10.3996,15.0781],"uv_size":[-0.0246,-0.0518]},"west":{"uv":[11.0758,14.3162],"uv_size":[0.0492,0.0259]}}},{"origin":[0.00599,8.75,0.42365],"size":[0.25,0.25,0.5],"uv":{"down":{"uv":[10.3996,13.6834],"uv_size":[-0.0246,-0.0518]},"east":{"uv":[9.7508,14.3162],"uv_size":[0.0492,0.0259]},"north":{"uv":[10.4004,14.3162],"uv_size":[0.0246,0.0259]},"south":{"uv":[10.3754,14.3162],"uv_size":[0.0246,0.0259]},"up":{"uv":[10.3996,14.9992],"uv_size":[-0.0246,-0.0518]},"west":{"uv":[11.0008,14.3162],"uv_size":[0.0492,0.0259]}}},{"origin":[0.00599,8.75,-0.32635],"size":[0.25,0.25,0.5],"uv":{"down":{"uv":[10.3996,13.7623],"uv_size":[-0.0246,-0.0518]},"east":{"uv":[9.8258,14.3162],"uv_size":[0.0492,0.0259]},"north":{"uv":[10.4004,14.3162],"uv_size":[0.0246,0.0259]},"south":{"uv":[10.3754,14.3162],"uv_size":[0.0246,0.0259]},"up":{"uv":[10.3996,14.9202],"uv_size":[-0.0246,-0.0518]},"west":{"uv":[10.9258,14.3162],"uv_size":[0.0492,0.0259]}}},{"origin":[0.00599,8.75,-1.07635],"size":[0.25,0.25,0.5],"uv":{"down":{"uv":[10.3996,13.8413],"uv_size":[-0.0246,-0.0518]},"east":{"uv":[9.9008,14.3162],"uv_size":[0.0492,0.0259]},"north":{"uv":[10.4004,14.3162],"uv_size":[0.0246,0.0259]},"south":{"uv":[10.3754,14.3162],"uv_size":[0.0246,0.0259]},"up":{"uv":[10.3996,14.8413],"uv_size":[-0.0246,-0.0518]},"west":{"uv":[10.8508,14.3162],"uv_size":[0.0492,0.0259]}}},{"origin":[0.00599,8.75,-1.82635],"size":[0.25,0.25,0.5],"uv":{"down":{"uv":[10.3996,13.9202],"uv_size":[-0.0246,-0.0518]},"east":{"uv":[9.9758,14.3162],"uv_size":[0.0492,0.0259]},"north":{"uv":[10.4004,14.3162],"uv_size":[0.0246,0.0259]},"south":{"uv":[10.3754,14.3162],"uv_size":[0.0246,0.0259]},"up":{"uv":[10.3996,14.7623],"uv_size":[-0.0246,-0.0518]},"west":{"uv":[10.7758,14.3162],"uv_size":[0.0492,0.0259]}}},{"origin":[0.00599,8.75,-2.57635],"size":[0.25,0.25,0.5],"uv":{"down":{"uv":[10.3996,13.9992],"uv_size":[-0.0246,-0.0518]},"east":{"uv":[10.0508,14.3162],"uv_size":[0.0492,0.0259]},"north":{"uv":[10.4004,14.3162],"uv_size":[0.0246,0.0259]},"south":{"uv":[10.3754,14.3162],"uv_size":[0.0246,0.0259]},"up":{"uv":[10.3996,14.6834],"uv_size":[-0.0246,-0.0518]},"west":{"uv":[10.7008,14.3162],"uv_size":[0.0492,0.0259]}}},{"origin":[-0.24401,8.75,-4.32635],"size":[0.5,0.25,1.5],"uv":{"down":{"uv":[10.4242,14.1817],"uv_size":[-0.0492,-0.1554]},"east":{"uv":[10.1274,14.3162],"uv_size":[0.1476,0.0259]},"north":{"uv":[10.3758,14.3162],"uv_size":[0.0492,0.0259]},"south":{"uv":[10.3758,14.3162],"uv_size":[0.0492,0.0259]},"up":{"uv":[10.4242,14.6027],"uv_size":[-0.0492,-0.1554]},"west":{"uv":[10.5274,14.3162],"uv_size":[0.1476,0.0259]}}},{"origin":[0.25599,9.75,1.67365],"size":[0.25,0.25,0.75],"uv":{"down":{"uv":[10.3746,13.5514],"uv_size":[-0.0246,-0.0777]},"east":{"uv":[9.6012,14.2109],"uv_size":[0.0738,0.0259]},"north":{"uv":[10.4254,14.2109],"uv_size":[0.0246,0.0259]},"south":{"uv":[10.3504,14.2109],"uv_size":[0.0246,0.0259]},"up":{"uv":[10.3746,15.1566],"uv_size":[-0.0246,-0.0777]},"west":{"uv":[11.1262,14.2109],"uv_size":[0.0738,0.0259]}}},{"origin":[0.25599,9.75,0.92365],"size":[0.25,0.25,0.5],"uv":{"down":{"uv":[10.3746,13.6307],"uv_size":[-0.0246,-0.0518]},"east":{"uv":[9.7008,14.2109],"uv_size":[0.0492,0.0259]},"north":{"uv":[10.4254,14.2109],"uv_size":[0.0246,0.0259]},"south":{"uv":[10.3504,14.2109],"uv_size":[0.0246,0.0259]},"up":{"uv":[10.3746,15.0518],"uv_size":[-0.0246,-0.0518]},"west":{"uv":[11.0508,14.2109],"uv_size":[0.0492,0.0259]}}},{"origin":[0.25599,9.75,0.17365],"size":[0.25,0.25,0.5],"uv":{"down":{"uv":[10.3746,13.7097],"uv_size":[-0.0246,-0.0518]},"east":{"uv":[9.7758,14.2109],"uv_size":[0.0492,0.0259]},"north":{"uv":[10.4254,14.2109],"uv_size":[0.0246,0.0259]},"south":{"uv":[10.3504,14.2109],"uv_size":[0.0246,0.0259]},"up":{"uv":[10.3746,14.9728],"uv_size":[-0.0246,-0.0518]},"west":{"uv":[10.9758,14.2109],"uv_size":[0.0492,0.0259]}}},{"origin":[0.25599,9.75,-0.57635],"size":[0.25,0.25,0.5],"uv":{"down":{"uv":[10.3746,13.7886],"uv_size":[-0.0246,-0.0518]},"east":{"uv":[9.8508,14.2109],"uv_size":[0.0492,0.0259]},"north":{"uv":[10.4254,14.2109],"uv_size":[0.0246,0.0259]},"south":{"uv":[10.3504,14.2109],"uv_size":[0.0246,0.0259]},"up":{"uv":[10.3746,14.8939],"uv_size":[-0.0246,-0.0518]},"west":{"uv":[10.9008,14.2109],"uv_size":[0.0492,0.0259]}}},{"origin":[0.25599,9.75,-1.32635],"size":[0.25,0.25,0.5],"uv":{"down":{"uv":[10.3746,13.8676],"uv_size":[-0.0246,-0.0518]},"east":{"uv":[9.9258,14.2109],"uv_size":[0.0492,0.0259]},"north":{"uv":[10.4254,14.2109],"uv_size":[0.0246,0.0259]},"south":{"uv":[10.3504,14.2109],"uv_size":[0.0246,0.0259]},"up":{"uv":[10.3746,14.8149],"uv_size":[-0.0246,-0.0518]},"west":{"uv":[10.8258,14.2109],"uv_size":[0.0492,0.0259]}}},{"origin":[0.25599,9.75,-2.07635],"size":[0.25,0.25,0.5],"uv":{"down":{"uv":[10.3746,13.9465],"uv_size":[-0.0246,-0.0518]},"east":{"uv":[10.0008,14.2109],"uv_size":[0.0492,0.0259]},"north":{"uv":[10.4254,14.2109],"uv_size":[0.0246,0.0259]},"south":{"uv":[10.3504,14.2109],"uv_size":[0.0246,0.0259]},"up":{"uv":[10.3746,14.736],"uv_size":[-0.0246,-0.0518]},"west":{"uv":[10.7508,14.2109],"uv_size":[0.0492,0.0259]}}},{"origin":[0.25599,9.75,-2.82635],"size":[0.25,0.25,0.5],"uv":{"down":{"uv":[10.3746,14.0255],"uv_size":[-0.0246,-0.0518]},"east":{"uv":[10.0758,14.2109],"uv_size":[0.0492,0.0259]},"north":{"uv":[10.4254,14.2109],"uv_size":[0.0246,0.0259]},"south":{"uv":[10.3504,14.2109],"uv_size":[0.0246,0.0259]},"up":{"uv":[10.3746,14.6571],"uv_size":[-0.0246,-0.0518]},"west":{"uv":[10.6758,14.2109],"uv_size":[0.0492,0.0259]}}},{"origin":[0.25599,9.75,-4.32635],"size":[0.25,0.25,1.25],"uv":{"down":{"uv":[10.3746,14.1821],"uv_size":[-0.0246,-0.1295]},"east":{"uv":[10.152,14.2109],"uv_size":[0.123,0.0259]},"north":{"uv":[10.4254,14.2109],"uv_size":[0.0246,0.0259]},"south":{"uv":[10.3504,14.2109],"uv_size":[0.0246,0.0259]},"up":{"uv":[10.3746,14.5768],"uv_size":[-0.0246,-0.1295]},"west":{"uv":[10.527,14.2109],"uv_size":[0.123,0.0259]}}},{"origin":[0.25599,9,1.67365],"size":[0.25,0.25,0.75],"uv":{"down":{"uv":[10.3746,13.5514],"uv_size":[-0.0246,-0.0777]},"east":{"uv":[9.6012,14.2899],"uv_size":[0.0738,0.0259]},"north":{"uv":[10.4254,14.2899],"uv_size":[0.0246,0.0259]},"south":{"uv":[10.3504,14.2899],"uv_size":[0.0246,0.0259]},"up":{"uv":[10.3746,15.1566],"uv_size":[-0.0246,-0.0777]},"west":{"uv":[11.1262,14.2899],"uv_size":[0.0738,0.0259]}}},{"origin":[0.25599,9,0.92365],"size":[0.25,0.25,0.5],"uv":{"down":{"uv":[10.3746,13.6307],"uv_size":[-0.0246,-0.0518]},"east":{"uv":[9.7008,14.2899],"uv_size":[0.0492,0.0259]},"north":{"uv":[10.4254,14.2899],"uv_size":[0.0246,0.0259]},"south":{"uv":[10.3504,14.2899],"uv_size":[0.0246,0.0259]},"up":{"uv":[10.3746,15.0518],"uv_size":[-0.0246,-0.0518]},"west":{"uv":[11.0508,14.2899],"uv_size":[0.0492,0.0259]}}},{"origin":[0.25599,9,0.17365],"size":[0.25,0.25,0.5],"uv":{"down":{"uv":[10.3746,13.7097],"uv_size":[-0.0246,-0.0518]},"east":{"uv":[9.7758,14.2899],"uv_size":[0.0492,0.0259]},"north":{"uv":[10.4254,14.2899],"uv_size":[0.0246,0.0259]},"south":{"uv":[10.3504,14.2899],"uv_size":[0.0246,0.0259]},"up":{"uv":[10.3746,14.9728],"uv_size":[-0.0246,-0.0518]},"west":{"uv":[10.9758,14.2899],"uv_size":[0.0492,0.0259]}}},{"origin":[0.25599,9,-0.57635],"size":[0.25,0.25,0.5],"uv":{"down":{"uv":[10.3746,13.7886],"uv_size":[-0.0246,-0.0518]},"east":{"uv":[9.8508,14.2899],"uv_size":[0.0492,0.0259]},"north":{"uv":[10.4254,14.2899],"uv_size":[0.0246,0.0259]},"south":{"uv":[10.3504,14.2899],"uv_size":[0.0246,0.0259]},"up":{"uv":[10.3746,14.8939],"uv_size":[-0.0246,-0.0518]},"west":{"uv":[10.9008,14.2899],"uv_size":[0.0492,0.0259]}}},{"origin":[0.25599,9,-1.32635],"size":[0.25,0.25,0.5],"uv":{"down":{"uv":[10.3746,13.8676],"uv_size":[-0.0246,-0.0518]},"east":{"uv":[9.9258,14.2899],"uv_size":[0.0492,0.0259]},"north":{"uv":[10.4254,14.2899],"uv_size":[0.0246,0.0259]},"south":{"uv":[10.3504,14.2899],"uv_size":[0.0246,0.0259]},"up":{"uv":[10.3746,14.8149],"uv_size":[-0.0246,-0.0518]},"west":{"uv":[10.8258,14.2899],"uv_size":[0.0492,0.0259]}}},{"origin":[0.25599,9,-2.07635],"size":[0.25,0.25,0.5],"uv":{"down":{"uv":[10.3746,13.9465],"uv_size":[-0.0246,-0.0518]},"east":{"uv":[10.0008,14.2899],"uv_size":[0.0492,0.0259]},"north":{"uv":[10.4254,14.2899],"uv_size":[0.0246,0.0259]},"south":{"uv":[10.3504,14.2899],"uv_size":[0.0246,0.0259]},"up":{"uv":[10.3746,14.736],"uv_size":[-0.0246,-0.0518]},"west":{"uv":[10.7508,14.2899],"uv_size":[0.0492,0.0259]}}},{"origin":[0.25599,9,-2.82635],"size":[0.25,0.25,0.5],"uv":{"down":{"uv":[10.3746,14.0255],"uv_size":[-0.0246,-0.0518]},"east":{"uv":[10.0758,14.2899],"uv_size":[0.0492,0.0259]},"north":{"uv":[10.4254,14.2899],"uv_size":[0.0246,0.0259]},"south":{"uv":[10.3504,14.2899],"uv_size":[0.0246,0.0259]},"up":{"uv":[10.3746,14.6571],"uv_size":[-0.0246,-0.0518]},"west":{"uv":[10.6758,14.2899],"uv_size":[0.0492,0.0259]}}},{"origin":[0.25599,9,-4.32635],"size":[0.25,0.25,1.25],"uv":{"down":{"uv":[10.3746,14.1821],"uv_size":[-0.0246,-0.1295]},"east":{"uv":[10.152,14.2899],"uv_size":[0.123,0.0259]},"north":{"uv":[10.4254,14.2899],"uv_size":[0.0246,0.0259]},"south":{"uv":[10.3504,14.2899],"uv_size":[0.0246,0.0259]},"up":{"uv":[10.3746,14.5768],"uv_size":[-0.0246,-0.1295]},"west":{"uv":[10.527,14.2899],"uv_size":[0.123,0.0259]}}},{"origin":[0.50599,9.25,-4.32635],"size":[0.25,0.5,6.75],"uv":{"down":{"uv":[10.3496,14.1728],"uv_size":[-0.0246,-0.6992]},"east":{"uv":[9.6108,14.2377],"uv_size":[0.6642,0.0518]},"north":{"uv":[10.4504,14.2377],"uv_size":[0.0246,0.0518]},"south":{"uv":[10.3254,14.2377],"uv_size":[0.0246,0.0518]},"up":{"uv":[10.3496,15.1465],"uv_size":[-0.0246,-0.6992]},"west":{"uv":[10.5358,14.2377],"uv_size":[0.6642,0.0518]}}},{"origin":[-0.49401,5.75,-5.57635],"size":[1,1,0.25],"uv":{"down":{"uv":[15.2484,9.2627],"uv_size":[-0.0984,-0.0259]},"east":{"uv":[15.1754,9.5017],"uv_size":[0.0246,0.1036]},"north":{"uv":[15.1516,9.5017],"uv_size":[0.0984,0.1036]},"south":{"uv":[15.1516,9.5017],"uv_size":[0.0984,0.1036]},"up":{"uv":[15.2484,9.2891],"uv_size":[-0.0984,-0.0259]},"west":{"uv":[15.2004,9.5017],"uv_size":[0.0246,0.1036]}}},{"origin":[-0.49401,5.75,-5.32635],"size":[1,0.25,0.75],"uv":{"down":{"uv":[15.2484,9.2356],"uv_size":[-0.0984,-0.0777]},"east":{"uv":[15.1012,9.5794],"uv_size":[0.0738,0.0259]},"north":{"uv":[15.1516,9.5794],"uv_size":[0.0984,0.0259]},"south":{"uv":[15.1516,9.5794],"uv_size":[0.0984,0.0259]},"up":{"uv":[15.2484,9.3672],"uv_size":[-0.0984,-0.0777]},"west":{"uv":[15.2262,9.5794],"uv_size":[0.0738,0.0259]}}},{"origin":[-0.24401,6,-5.32635],"size":[0.75,0.25,1],"uv":{"down":{"uv":[15.2238,9.2352],"uv_size":[-0.0738,-0.1036]},"east":{"uv":[15.0766,9.5531],"uv_size":[0.0984,0.0259]},"north":{"uv":[15.1762,9.5531],"uv_size":[0.0738,0.0259]},"south":{"uv":[15.1512,9.5531],"uv_size":[0.0738,0.0259]},"up":{"uv":[15.2238,9.3931],"uv_size":[-0.0738,-0.1036]},"west":{"uv":[15.2266,9.5531],"uv_size":[0.0984,0.0259]}}},{"origin":[-0.49401,6.25,-5.07635],"size":[1,0.5,0.25],"uv":{"down":{"uv":[15.2484,9.2101],"uv_size":[-0.0984,-0.0259]},"east":{"uv":[15.1254,9.5008],"uv_size":[0.0246,0.0518]},"north":{"uv":[15.1516,9.5008],"uv_size":[0.0984,0.0518]},"south":{"uv":[15.1516,9.5008],"uv_size":[0.0984,0.0518]},"up":{"uv":[15.2484,9.3417],"uv_size":[-0.0984,-0.0259]},"west":{"uv":[15.2504,9.5008],"uv_size":[0.0246,0.0518]}}},{"origin":[-0.49401,6.25,-4.57635],"size":[1,0.5,0.25],"uv":{"down":{"uv":[15.2484,9.1575],"uv_size":[-0.0984,-0.0259]},"east":{"uv":[15.0754,9.5008],"uv_size":[0.0246,0.0518]},"north":{"uv":[15.1516,9.5008],"uv_size":[0.0984,0.0518]},"south":{"uv":[15.1516,9.5008],"uv_size":[0.0984,0.0518]},"up":{"uv":[15.2484,9.3943],"uv_size":[-0.0984,-0.0259]},"west":{"uv":[15.3004,9.5008],"uv_size":[0.0246,0.0518]}}},{"origin":[-0.49401,6.75,-5.82635],"size":[1,1.25,0.25],"uv":{"down":{"uv":[15.2484,9.2891],"uv_size":[-0.0984,-0.0259]},"east":{"uv":[15.2004,9.3705],"uv_size":[0.0246,0.1295]},"north":{"uv":[15.1516,9.3705],"uv_size":[0.0984,0.1295]},"south":{"uv":[15.1516,9.3705],"uv_size":[0.0984,0.1295]},"up":{"uv":[15.2484,9.2627],"uv_size":[-0.0984,-0.0259]},"west":{"uv":[15.1754,9.3705],"uv_size":[0.0246,0.1295]}}},{"origin":[-0.49401,6.75,-5.32635],"size":[1,1.25,0.25],"uv":{"down":{"uv":[15.2484,9.2364],"uv_size":[-0.0984,-0.0259]},"east":{"uv":[15.1504,9.3705],"uv_size":[0.0246,0.1295]},"north":{"uv":[15.1516,9.3705],"uv_size":[0.0984,0.1295]},"south":{"uv":[15.1516,9.3705],"uv_size":[0.0984,0.1295]},"up":{"uv":[15.2484,9.3154],"uv_size":[-0.0984,-0.0259]},"west":{"uv":[15.2254,9.3705],"uv_size":[0.0246,0.1295]}}},{"origin":[-0.49401,6.75,-4.82635],"size":[1,1,0.25],"uv":{"down":{"uv":[15.2484,9.1838],"uv_size":[-0.0984,-0.0259]},"east":{"uv":[15.1004,9.3964],"uv_size":[0.0246,0.1036]},"north":{"uv":[15.1516,9.3964],"uv_size":[0.0984,0.1036]},"south":{"uv":[15.1516,9.3964],"uv_size":[0.0984,0.1036]},"up":{"uv":[15.2484,9.368],"uv_size":[-0.0984,-0.0259]},"west":{"uv":[15.2754,9.3964],"uv_size":[0.0246,0.1036]}}},{"origin":[-0.24401,6.25,-5.32635],"size":[0.5,0.5,0.25],"uv":{"down":{"uv":[15.2242,9.2364],"uv_size":[-0.0492,-0.0259]},"east":{"uv":[15.1504,9.5008],"uv_size":[0.0246,0.0518]},"north":{"uv":[15.1758,9.5008],"uv_size":[0.0492,0.0518]},"south":{"uv":[15.1758,9.5008],"uv_size":[0.0492,0.0518]},"up":{"uv":[15.2242,9.3154],"uv_size":[-0.0492,-0.0259]},"west":{"uv":[15.2254,9.5008],"uv_size":[0.0246,0.0518]}}},{"origin":[-0.24401,6.25,-4.82635],"size":[0.5,0.5,0.25],"uv":{"down":{"uv":[15.2242,9.1838],"uv_size":[-0.0492,-0.0259]},"east":{"uv":[15.1004,9.5008],"uv_size":[0.0246,0.0518]},"north":{"uv":[15.1758,9.5008],"uv_size":[0.0492,0.0518]},"south":{"uv":[15.1758,9.5008],"uv_size":[0.0492,0.0518]},"up":{"uv":[15.2242,9.368],"uv_size":[-0.0492,-0.0259]},"west":{"uv":[15.2754,9.5008],"uv_size":[0.0246,0.0518]}}},{"origin":[-0.24401,6.75,-5.57635],"size":[0.5,1.25,0.25],"uv":{"down":{"uv":[15.2242,9.2627],"uv_size":[-0.0492,-0.0259]},"east":{"uv":[15.1754,9.3705],"uv_size":[0.0246,0.1295]},"north":{"uv":[15.1758,9.3705],"uv_size":[0.0492,0.1295]},"south":{"uv":[15.1758,9.3705],"uv_size":[0.0492,0.1295]},"up":{"uv":[15.2242,9.2891],"uv_size":[-0.0492,-0.0259]},"west":{"uv":[15.2004,9.3705],"uv_size":[0.0246,0.1295]}}},{"origin":[-0.24401,6.75,-5.07635],"size":[0.5,1,0.25],"uv":{"down":{"uv":[15.2242,9.2101],"uv_size":[-0.0492,-0.0259]},"east":{"uv":[15.1254,9.3964],"uv_size":[0.0246,0.1036]},"north":{"uv":[15.1758,9.3964],"uv_size":[0.0492,0.1036]},"south":{"uv":[15.1758,9.3964],"uv_size":[0.0492,0.1036]},"up":{"uv":[15.2242,9.3417],"uv_size":[-0.0492,-0.0259]},"west":{"uv":[15.2504,9.3964],"uv_size":[0.0246,0.1036]}}},{"origin":[-0.49401,6,-4.57635],"size":[0.25,0.25,0.25],"uv":{"down":{"uv":[15.2496,9.1575],"uv_size":[-0.0246,-0.0259]},"east":{"uv":[15.0754,9.5531],"uv_size":[0.0246,0.0259]},"north":{"uv":[15.1504,9.5531],"uv_size":[0.0246,0.0259]},"south":{"uv":[15.2254,9.5531],"uv_size":[0.0246,0.0259]},"up":{"uv":[15.2496,9.3943],"uv_size":[-0.0246,-0.0259]},"west":{"uv":[15.3004,9.5531],"uv_size":[0.0246,0.0259]}}},{"origin":[-0.49401,6,-5.07635],"size":[0.25,0.25,0.25],"uv":{"down":{"uv":[15.2496,9.2101],"uv_size":[-0.0246,-0.0259]},"east":{"uv":[15.1254,9.5531],"uv_size":[0.0246,0.0259]},"north":{"uv":[15.1504,9.5531],"uv_size":[0.0246,0.0259]},"south":{"uv":[15.2254,9.5531],"uv_size":[0.0246,0.0259]},"up":{"uv":[15.2496,9.3417],"uv_size":[-0.0246,-0.0259]},"west":{"uv":[15.2504,9.5531],"uv_size":[0.0246,0.0259]}}},{"origin":[-0.24401,10.25,1.92365],"size":[0.5,0.25,0.5],"uv":{"down":{"uv":[15.2242,6.7886],"uv_size":[-0.0492,-0.0518]},"east":{"uv":[14.4008,7.4215],"uv_size":[0.0492,0.0259]},"north":{"uv":[15.1758,7.4215],"uv_size":[0.0492,0.0259]},"south":{"uv":[15.1758,7.4215],"uv_size":[0.0492,0.0259]},"up":{"uv":[15.2242,8.4202],"uv_size":[-0.0492,-0.0518]},"west":{"uv":[15.9508,7.4215],"uv_size":[0.0492,0.0259]}}},{"origin":[-0.24401,10.25,-6.57635],"size":[0.5,0.25,0.25],"uv":{"down":{"uv":[15.2242,7.6838],"uv_size":[-0.0492,-0.0259]},"east":{"uv":[15.2754,7.4215],"uv_size":[0.0246,0.0259]},"north":{"uv":[15.1758,7.4215],"uv_size":[0.0492,0.0259]},"south":{"uv":[15.1758,7.4215],"uv_size":[0.0492,0.0259]},"up":{"uv":[15.2242,7.4996],"uv_size":[-0.0492,-0.0259]},"west":{"uv":[15.1004,7.4215],"uv_size":[0.0246,0.0259]}}},{"origin":[-0.24401,10.25,-6.07635],"size":[0.5,0.25,0.25],"uv":{"down":{"uv":[15.2242,7.6312],"uv_size":[-0.0492,-0.0259]},"east":{"uv":[15.2254,7.4215],"uv_size":[0.0246,0.0259]},"north":{"uv":[15.1758,7.4215],"uv_size":[0.0492,0.0259]},"south":{"uv":[15.1758,7.4215],"uv_size":[0.0492,0.0259]},"up":{"uv":[15.2242,7.5522],"uv_size":[-0.0492,-0.0259]},"west":{"uv":[15.1504,7.4215],"uv_size":[0.0246,0.0259]}}},{"origin":[-0.24401,10.25,-5.57635],"size":[0.5,0.25,0.25],"uv":{"down":{"uv":[15.2242,7.5785],"uv_size":[-0.0492,-0.0259]},"east":{"uv":[15.1754,7.4215],"uv_size":[0.0246,0.0259]},"north":{"uv":[15.1758,7.4215],"uv_size":[0.0492,0.0259]},"south":{"uv":[15.1758,7.4215],"uv_size":[0.0492,0.0259]},"up":{"uv":[15.2242,7.6048],"uv_size":[-0.0492,-0.0259]},"west":{"uv":[15.2004,7.4215],"uv_size":[0.0246,0.0259]}}},{"origin":[-0.24401,10.25,-5.07635],"size":[0.5,0.25,0.25],"uv":{"down":{"uv":[15.2242,7.5259],"uv_size":[-0.0492,-0.0259]},"east":{"uv":[15.1254,7.4215],"uv_size":[0.0246,0.0259]},"north":{"uv":[15.1758,7.4215],"uv_size":[0.0492,0.0259]},"south":{"uv":[15.1758,7.4215],"uv_size":[0.0492,0.0259]},"up":{"uv":[15.2242,7.6575],"uv_size":[-0.0492,-0.0259]},"west":{"uv":[15.2504,7.4215],"uv_size":[0.0246,0.0259]}}},{"origin":[-0.24401,10.25,-4.57635],"size":[0.5,0.25,0.25],"uv":{"down":{"uv":[15.2242,7.4733],"uv_size":[-0.0492,-0.0259]},"east":{"uv":[15.0754,7.4215],"uv_size":[0.0246,0.0259]},"north":{"uv":[15.1758,7.4215],"uv_size":[0.0492,0.0259]},"south":{"uv":[15.1758,7.4215],"uv_size":[0.0492,0.0259]},"up":{"uv":[15.2242,7.7101],"uv_size":[-0.0492,-0.0259]},"west":{"uv":[15.3004,7.4215],"uv_size":[0.0246,0.0259]}}},{"origin":[-0.24401,10.25,-4.07635],"size":[0.5,0.25,0.25],"uv":{"down":{"uv":[15.2242,7.4206],"uv_size":[-0.0492,-0.0259]},"east":{"uv":[15.0254,7.4215],"uv_size":[0.0246,0.0259]},"north":{"uv":[15.1758,7.4215],"uv_size":[0.0492,0.0259]},"south":{"uv":[15.1758,7.4215],"uv_size":[0.0492,0.0259]},"up":{"uv":[15.2242,7.7627],"uv_size":[-0.0492,-0.0259]},"west":{"uv":[15.3504,7.4215],"uv_size":[0.0246,0.0259]}}},{"origin":[-0.24401,10.25,-3.57635],"size":[0.5,0.25,0.25],"uv":{"down":{"uv":[15.2242,7.368],"uv_size":[-0.0492,-0.0259]},"east":{"uv":[14.9754,7.4215],"uv_size":[0.0246,0.0259]},"north":{"uv":[15.1758,7.4215],"uv_size":[0.0492,0.0259]},"south":{"uv":[15.1758,7.4215],"uv_size":[0.0492,0.0259]},"up":{"uv":[15.2242,7.8154],"uv_size":[-0.0492,-0.0259]},"west":{"uv":[15.4004,7.4215],"uv_size":[0.0246,0.0259]}}},{"origin":[-0.24401,10.25,-3.07635],"size":[0.5,0.25,0.25],"uv":{"down":{"uv":[15.2242,7.3154],"uv_size":[-0.0492,-0.0259]},"east":{"uv":[14.9254,7.4215],"uv_size":[0.0246,0.0259]},"north":{"uv":[15.1758,7.4215],"uv_size":[0.0492,0.0259]},"south":{"uv":[15.1758,7.4215],"uv_size":[0.0492,0.0259]},"up":{"uv":[15.2242,7.868],"uv_size":[-0.0492,-0.0259]},"west":{"uv":[15.4504,7.4215],"uv_size":[0.0246,0.0259]}}},{"origin":[-0.24401,10.25,-2.57635],"size":[0.5,0.25,0.25],"uv":{"down":{"uv":[15.2242,7.2627],"uv_size":[-0.0492,-0.0259]},"east":{"uv":[14.8754,7.4215],"uv_size":[0.0246,0.0259]},"north":{"uv":[15.1758,7.4215],"uv_size":[0.0492,0.0259]},"south":{"uv":[15.1758,7.4215],"uv_size":[0.0492,0.0259]},"up":{"uv":[15.2242,7.9206],"uv_size":[-0.0492,-0.0259]},"west":{"uv":[15.5004,7.4215],"uv_size":[0.0246,0.0259]}}},{"origin":[-0.24401,10.25,-2.07635],"size":[0.5,0.25,0.25],"uv":{"down":{"uv":[15.2242,7.2101],"uv_size":[-0.0492,-0.0259]},"east":{"uv":[14.8254,7.4215],"uv_size":[0.0246,0.0259]},"north":{"uv":[15.1758,7.4215],"uv_size":[0.0492,0.0259]},"south":{"uv":[15.1758,7.4215],"uv_size":[0.0492,0.0259]},"up":{"uv":[15.2242,7.9733],"uv_size":[-0.0492,-0.0259]},"west":{"uv":[15.5504,7.4215],"uv_size":[0.0246,0.0259]}}},{"origin":[-0.24401,10.25,-1.57635],"size":[0.5,0.25,0.25],"uv":{"down":{"uv":[15.2242,7.1575],"uv_size":[-0.0492,-0.0259]},"east":{"uv":[14.7754,7.4215],"uv_size":[0.0246,0.0259]},"north":{"uv":[15.1758,7.4215],"uv_size":[0.0492,0.0259]},"south":{"uv":[15.1758,7.4215],"uv_size":[0.0492,0.0259]},"up":{"uv":[15.2242,8.0259],"uv_size":[-0.0492,-0.0259]},"west":{"uv":[15.6004,7.4215],"uv_size":[0.0246,0.0259]}}},{"origin":[-0.24401,10.25,-1.07635],"size":[0.5,0.25,0.25],"uv":{"down":{"uv":[15.2242,7.1048],"uv_size":[-0.0492,-0.0259]},"east":{"uv":[14.7254,7.4215],"uv_size":[0.0246,0.0259]},"north":{"uv":[15.1758,7.4215],"uv_size":[0.0492,0.0259]},"south":{"uv":[15.1758,7.4215],"uv_size":[0.0492,0.0259]},"up":{"uv":[15.2242,8.0785],"uv_size":[-0.0492,-0.0259]},"west":{"uv":[15.6504,7.4215],"uv_size":[0.0246,0.0259]}}},{"origin":[-0.24401,10.25,-0.57635],"size":[0.5,0.25,0.25],"uv":{"down":{"uv":[15.2242,7.0522],"uv_size":[-0.0492,-0.0259]},"east":{"uv":[14.6754,7.4215],"uv_size":[0.0246,0.0259]},"north":{"uv":[15.1758,7.4215],"uv_size":[0.0492,0.0259]},"south":{"uv":[15.1758,7.4215],"uv_size":[0.0492,0.0259]},"up":{"uv":[15.2242,8.1312],"uv_size":[-0.0492,-0.0259]},"west":{"uv":[15.7004,7.4215],"uv_size":[0.0246,0.0259]}}},{"origin":[-0.24401,10.25,-0.07635],"size":[0.5,0.25,0.25],"uv":{"down":{"uv":[15.2242,6.9996],"uv_size":[-0.0492,-0.0259]},"east":{"uv":[14.6254,7.4215],"uv_size":[0.0246,0.0259]},"north":{"uv":[15.1758,7.4215],"uv_size":[0.0492,0.0259]},"south":{"uv":[15.1758,7.4215],"uv_size":[0.0492,0.0259]},"up":{"uv":[15.2242,8.1838],"uv_size":[-0.0492,-0.0259]},"west":{"uv":[15.7504,7.4215],"uv_size":[0.0246,0.0259]}}},{"origin":[-0.24401,10.25,0.42365],"size":[0.5,0.25,0.25],"uv":{"down":{"uv":[15.2242,6.9469],"uv_size":[-0.0492,-0.0259]},"east":{"uv":[14.5754,7.4215],"uv_size":[0.0246,0.0259]},"north":{"uv":[15.1758,7.4215],"uv_size":[0.0492,0.0259]},"south":{"uv":[15.1758,7.4215],"uv_size":[0.0492,0.0259]},"up":{"uv":[15.2242,8.2364],"uv_size":[-0.0492,-0.0259]},"west":{"uv":[15.8004,7.4215],"uv_size":[0.0246,0.0259]}}},{"origin":[-0.24401,10.25,0.92365],"size":[0.5,0.25,0.25],"uv":{"down":{"uv":[15.2242,6.8943],"uv_size":[-0.0492,-0.0259]},"east":{"uv":[14.5254,7.4215],"uv_size":[0.0246,0.0259]},"north":{"uv":[15.1758,7.4215],"uv_size":[0.0492,0.0259]},"south":{"uv":[15.1758,7.4215],"uv_size":[0.0492,0.0259]},"up":{"uv":[15.2242,8.2891],"uv_size":[-0.0492,-0.0259]},"west":{"uv":[15.8504,7.4215],"uv_size":[0.0246,0.0259]}}},{"origin":[-0.24401,10.25,1.42365],"size":[0.5,0.25,0.25],"uv":{"down":{"uv":[15.2242,6.8417],"uv_size":[-0.0492,-0.0259]},"east":{"uv":[14.4754,7.4215],"uv_size":[0.0246,0.0259]},"north":{"uv":[15.1758,7.4215],"uv_size":[0.0492,0.0259]},"south":{"uv":[15.1758,7.4215],"uv_size":[0.0492,0.0259]},"up":{"uv":[15.2242,8.3417],"uv_size":[-0.0492,-0.0259]},"west":{"uv":[15.9004,7.4215],"uv_size":[0.0246,0.0259]}}},{"origin":[-0.49401,9.25,-13.32635],"size":[1,0.5,3.5],"uv":{"down":{"uv":[10.4484,15.1257],"uv_size":[-0.0984,-0.3625]},"east":{"uv":[10.8306,14.2377],"uv_size":[0.3444,0.0518]},"north":{"uv":[10.3516,14.2377],"uv_size":[0.0984,0.0518]},"south":{"uv":[10.3516,14.2377],"uv_size":[0.0984,0.0518]},"up":{"uv":[10.4484,13.8625],"uv_size":[-0.0984,-0.3625]},"west":{"uv":[9.6306,14.2377],"uv_size":[0.3444,0.0518]}}},{"origin":[-0.24401,7.75,-13.32635],"size":[0.5,1.5,0.25],"uv":{"down":{"uv":[10.4242,15.1312],"uv_size":[-0.0492,-0.0259]},"east":{"uv":[11.1504,14.292],"uv_size":[0.0246,0.1554]},"north":{"uv":[10.3758,14.292],"uv_size":[0.0492,0.1554]},"south":{"uv":[10.3758,14.292],"uv_size":[0.0492,0.1554]},"up":{"uv":[10.4242,13.5259],"uv_size":[-0.0492,-0.0259]},"west":{"uv":[9.6254,14.292],"uv_size":[0.0246,0.1554]}}},{"origin":[-0.24401,7.75,-13.07635],"size":[0.5,0.5,0.25],"uv":{"down":{"uv":[10.4242,15.1048],"uv_size":[-0.0492,-0.0259]},"east":{"uv":[11.1254,14.3956],"uv_size":[0.0246,0.0518]},"north":{"uv":[10.3758,14.3956],"uv_size":[0.0492,0.0518]},"south":{"uv":[10.3758,14.3956],"uv_size":[0.0492,0.0518]},"up":{"uv":[10.4242,13.5522],"uv_size":[-0.0492,-0.0259]},"west":{"uv":[9.6504,14.3956],"uv_size":[0.0246,0.0518]}}},{"origin":[-0.24401,8,-12.82635],"size":[0.5,1.25,0.25],"uv":{"down":{"uv":[10.4242,15.0785],"uv_size":[-0.0492,-0.0259]},"east":{"uv":[11.1004,14.2916],"uv_size":[0.0246,0.1295]},"north":{"uv":[10.3758,14.2916],"uv_size":[0.0492,0.1295]},"south":{"uv":[10.3758,14.2916],"uv_size":[0.0492,0.1295]},"up":{"uv":[10.4242,13.5785],"uv_size":[-0.0492,-0.0259]},"west":{"uv":[9.6754,14.2916],"uv_size":[0.0246,0.1295]}}},{"origin":[-0.24401,8.5,-12.57635],"size":[0.5,0.75,1.25],"uv":{"down":{"uv":[10.4242,15.0505],"uv_size":[-0.0492,-0.1295]},"east":{"uv":[10.977,14.2907],"uv_size":[0.123,0.0777]},"north":{"uv":[10.3758,14.2907],"uv_size":[0.0492,0.0777]},"south":{"uv":[10.3758,14.2907],"uv_size":[0.0492,0.0777]},"up":{"uv":[10.4242,13.7084],"uv_size":[-0.0492,-0.1295]},"west":{"uv":[9.702,14.2907],"uv_size":[0.123,0.0777]}}},{"origin":[-0.24401,8.75,-11.32635],"size":[0.5,0.5,1],"uv":{"down":{"uv":[10.4242,14.9194],"uv_size":[-0.0492,-0.1036]},"east":{"uv":[10.8766,14.2903],"uv_size":[0.0984,0.0518]},"north":{"uv":[10.3758,14.2903],"uv_size":[0.0492,0.0518]},"south":{"uv":[10.3758,14.2903],"uv_size":[0.0492,0.0518]},"up":{"uv":[10.4242,13.8141],"uv_size":[-0.0492,-0.1036]},"west":{"uv":[9.8266,14.2903],"uv_size":[0.0984,0.0518]}}},{"origin":[-0.24401,9,-13.07635],"size":[0.5,0.25,0.25],"uv":{"down":{"uv":[10.4242,15.1048],"uv_size":[-0.0492,-0.0259]},"east":{"uv":[11.1254,14.2899],"uv_size":[0.0246,0.0259]},"north":{"uv":[10.3758,14.2899],"uv_size":[0.0492,0.0259]},"south":{"uv":[10.3758,14.2899],"uv_size":[0.0492,0.0259]},"up":{"uv":[10.4242,13.5522],"uv_size":[-0.0492,-0.0259]},"west":{"uv":[9.6504,14.2899],"uv_size":[0.0246,0.0259]}}},{"origin":[-0.24401,9,-10.32635],"size":[0.5,0.25,0.25],"uv":{"down":{"uv":[10.4242,14.8154],"uv_size":[-0.0492,-0.0259]},"east":{"uv":[10.8504,14.2899],"uv_size":[0.0246,0.0259]},"north":{"uv":[10.3758,14.2899],"uv_size":[0.0492,0.0259]},"south":{"uv":[10.3758,14.2899],"uv_size":[0.0492,0.0259]},"up":{"uv":[10.4242,13.8417],"uv_size":[-0.0492,-0.0259]},"west":{"uv":[9.9254,14.2899],"uv_size":[0.0246,0.0259]}}},{"origin":[-0.24401,9.75,-13.32635],"size":[0.5,0.25,3.5],"uv":{"down":{"uv":[10.4242,15.1257],"uv_size":[-0.0492,-0.3625]},"east":{"uv":[10.8306,14.2109],"uv_size":[0.3444,0.0259]},"north":{"uv":[10.3758,14.2109],"uv_size":[0.0492,0.0259]},"south":{"uv":[10.3758,14.2109],"uv_size":[0.0492,0.0259]},"up":{"uv":[10.4242,13.8625],"uv_size":[-0.0492,-0.3625]},"west":{"uv":[9.6306,14.2109],"uv_size":[0.3444,0.0259]}}},{"origin":[-0.49401,9.5,-6.07635],"size":[1,0.25,1.25],"uv":{"down":{"uv":[5.6484,14.3663],"uv_size":[-0.0984,-0.1295]},"east":{"uv":[5.527,14.2373],"uv_size":[0.123,0.0259]},"north":{"uv":[5.5516,14.2373],"uv_size":[0.0984,0.0259]},"south":{"uv":[5.5516,14.2373],"uv_size":[0.0984,0.0259]},"up":{"uv":[5.6484,14.3926],"uv_size":[-0.0984,-0.1295]},"west":{"uv":[5.552,14.2373],"uv_size":[0.123,0.0259]}}},{"origin":[-0.24401,9.75,-6.07635],"size":[0.5,0.25,1.25],"uv":{"down":{"uv":[5.6242,14.3663],"uv_size":[-0.0492,-0.1295]},"east":{"uv":[5.527,14.2109],"uv_size":[0.123,0.0259]},"north":{"uv":[5.5758,14.2109],"uv_size":[0.0492,0.0259]},"south":{"uv":[5.5758,14.2109],"uv_size":[0.0492,0.0259]},"up":{"uv":[5.6242,14.3926],"uv_size":[-0.0492,-0.1295]},"west":{"uv":[5.552,14.2109],"uv_size":[0.123,0.0259]}}},{"origin":[-0.49401,7.75,-13.57635],"size":[1,2,0.25],"uv":{"down":{"uv":[13.6484,8.4206],"uv_size":[-0.0984,-0.0259]},"east":{"uv":[14.3754,7.5034],"uv_size":[0.0246,0.2072]},"north":{"uv":[13.5516,7.5034],"uv_size":[0.0984,0.2072]},"south":{"uv":[13.5516,7.5034],"uv_size":[0.0984,0.2072]},"up":{"uv":[13.6484,6.7627],"uv_size":[-0.0984,-0.0259]},"west":{"uv":[12.8004,7.5034],"uv_size":[0.0246,0.2072]}}},{"origin":[-0.24401,9.75,-13.57635],"size":[0.5,0.25,0.25],"uv":{"down":{"uv":[13.6242,8.4206],"uv_size":[-0.0492,-0.0259]},"east":{"uv":[14.3754,7.4741],"uv_size":[0.0246,0.0259]},"north":{"uv":[13.5758,7.4741],"uv_size":[0.0492,0.0259]},"south":{"uv":[13.5758,7.4741],"uv_size":[0.0492,0.0259]},"up":{"uv":[13.6242,6.7627],"uv_size":[-0.0492,-0.0259]},"west":{"uv":[12.8004,7.4741],"uv_size":[0.0246,0.0259]}}},{"origin":[-0.24401,8.75,-8.32635],"size":[0.5,0.25,0.25],"uv":{"down":{"uv":[10.4242,14.6048],"uv_size":[-0.0492,-0.0259]},"east":{"uv":[10.6504,14.3162],"uv_size":[0.0246,0.0259]},"north":{"uv":[10.3758,14.3162],"uv_size":[0.0492,0.0259]},"south":{"uv":[10.3758,14.3162],"uv_size":[0.0492,0.0259]},"up":{"uv":[10.4242,14.0522],"uv_size":[-0.0492,-0.0259]},"west":{"uv":[10.1254,14.3162],"uv_size":[0.0246,0.0259]}}},{"origin":[-0.49401,6.75,-8.32635],"size":[1,0.75,0.25],"uv":{"down":{"uv":[10.4484,14.6048],"uv_size":[-0.0984,-0.0259]},"east":{"uv":[10.6504,14.4749],"uv_size":[0.0246,0.0777]},"north":{"uv":[10.3516,14.4749],"uv_size":[0.0984,0.0777]},"south":{"uv":[10.3516,14.4749],"uv_size":[0.0984,0.0777]},"up":{"uv":[10.4484,14.0522],"uv_size":[-0.0984,-0.0259]},"west":{"uv":[10.1254,14.4749],"uv_size":[0.0246,0.0777]}}},{"origin":[-0.49401,7,-8.57635],"size":[1,0.25,0.25],"uv":{"down":{"uv":[10.4484,14.6312],"uv_size":[-0.0984,-0.0259]},"east":{"uv":[10.6754,14.5004],"uv_size":[0.0246,0.0259]},"north":{"uv":[10.3516,14.5004],"uv_size":[0.0984,0.0259]},"south":{"uv":[10.3516,14.5004],"uv_size":[0.0984,0.0259]},"up":{"uv":[10.4484,14.0259],"uv_size":[-0.0984,-0.0259]},"west":{"uv":[10.1004,14.5004],"uv_size":[0.0246,0.0259]}}},{"origin":[-0.49401,7,-8.07635],"size":[1,1,0.25],"uv":{"down":{"uv":[10.4484,14.5785],"uv_size":[-0.0984,-0.0259]},"east":{"uv":[10.6254,14.4227],"uv_size":[0.0246,0.1036]},"north":{"uv":[10.3516,14.4227],"uv_size":[0.0984,0.1036]},"south":{"uv":[10.3516,14.4227],"uv_size":[0.0984,0.1036]},"up":{"uv":[10.4484,14.0785],"uv_size":[-0.0984,-0.0259]},"west":{"uv":[10.1504,14.4227],"uv_size":[0.0246,0.1036]}}},{"origin":[-0.49401,7.5,-7.82635],"size":[1,1.5,0.25],"uv":{"down":{"uv":[10.4484,14.5522],"uv_size":[-0.0984,-0.0259]},"east":{"uv":[10.6004,14.3183],"uv_size":[0.0246,0.1554]},"north":{"uv":[10.3516,14.3183],"uv_size":[0.0984,0.1554]},"south":{"uv":[10.3516,14.3183],"uv_size":[0.0984,0.1554]},"up":{"uv":[10.4484,14.1048],"uv_size":[-0.0984,-0.0259]},"west":{"uv":[10.1754,14.3183],"uv_size":[0.0246,0.1554]}}},{"origin":[0.25599,8,-7.57635],"size":[0.25,0.5,0.25],"uv":{"down":{"uv":[10.3746,14.5259],"uv_size":[-0.0246,-0.0259]},"east":{"uv":[10.5754,14.3693],"uv_size":[0.0246,0.0518]},"north":{"uv":[10.4254,14.3693],"uv_size":[0.0246,0.0518]},"south":{"uv":[10.3504,14.3693],"uv_size":[0.0246,0.0518]},"up":{"uv":[10.3746,14.1312],"uv_size":[-0.0246,-0.0259]},"west":{"uv":[10.2004,14.3693],"uv_size":[0.0246,0.0518]}}},{"origin":[-0.49401,8.75,-8.07635],"size":[1,0.25,0.25],"uv":{"down":{"uv":[10.4484,14.5785],"uv_size":[-0.0984,-0.0259]},"east":{"uv":[10.6254,14.3162],"uv_size":[0.0246,0.0259]},"north":{"uv":[10.3516,14.3162],"uv_size":[0.0984,0.0259]},"south":{"uv":[10.3516,14.3162],"uv_size":[0.0984,0.0259]},"up":{"uv":[10.4484,14.0785],"uv_size":[-0.0984,-0.0259]},"west":{"uv":[10.1504,14.3162],"uv_size":[0.0246,0.0259]}}},{"origin":[-0.24401,6.5,-8.32635],"size":[0.5,0.25,0.5],"uv":{"down":{"uv":[10.4242,14.6044],"uv_size":[-0.0492,-0.0518]},"east":{"uv":[10.6258,14.5531],"uv_size":[0.0492,0.0259]},"north":{"uv":[10.3758,14.5531],"uv_size":[0.0492,0.0259]},"south":{"uv":[10.3758,14.5531],"uv_size":[0.0492,0.0259]},"up":{"uv":[10.4242,14.0781],"uv_size":[-0.0492,-0.0518]},"west":{"uv":[10.1258,14.5531],"uv_size":[0.0492,0.0259]}}},{"origin":[-0.24401,6.75,-8.57635],"size":[0.5,0.25,0.25],"uv":{"down":{"uv":[10.4242,14.6312],"uv_size":[-0.0492,-0.0259]},"east":{"uv":[10.6754,14.5267],"uv_size":[0.0246,0.0259]},"north":{"uv":[10.3758,14.5267],"uv_size":[0.0492,0.0259]},"south":{"uv":[10.3758,14.5267],"uv_size":[0.0492,0.0259]},"up":{"uv":[10.4242,14.0259],"uv_size":[-0.0492,-0.0259]},"west":{"uv":[10.1004,14.5267],"uv_size":[0.0246,0.0259]}}},{"origin":[-0.24401,6.75,-8.07635],"size":[0.5,0.25,0.25],"uv":{"down":{"uv":[10.4242,14.5785],"uv_size":[-0.0492,-0.0259]},"east":{"uv":[10.6254,14.5267],"uv_size":[0.0246,0.0259]},"north":{"uv":[10.3758,14.5267],"uv_size":[0.0492,0.0259]},"south":{"uv":[10.3758,14.5267],"uv_size":[0.0492,0.0259]},"up":{"uv":[10.4242,14.0785],"uv_size":[-0.0492,-0.0259]},"west":{"uv":[10.1504,14.5267],"uv_size":[0.0246,0.0259]}}},{"origin":[-0.24401,6.75,-8.82635],"size":[0.5,0.5,0.25],"uv":{"down":{"uv":[10.4242,14.6575],"uv_size":[-0.0492,-0.0259]},"east":{"uv":[10.7004,14.5008],"uv_size":[0.0246,0.0518]},"north":{"uv":[10.3758,14.5008],"uv_size":[0.0492,0.0518]},"south":{"uv":[10.3758,14.5008],"uv_size":[0.0492,0.0518]},"up":{"uv":[10.4242,13.9996],"uv_size":[-0.0492,-0.0259]},"west":{"uv":[10.0754,14.5008],"uv_size":[0.0246,0.0518]}}},{"origin":[-0.24401,7,-7.82635],"size":[0.5,0.5,0.25],"uv":{"down":{"uv":[10.4242,14.5522],"uv_size":[-0.0492,-0.0259]},"east":{"uv":[10.6004,14.4745],"uv_size":[0.0246,0.0518]},"north":{"uv":[10.3758,14.4745],"uv_size":[0.0492,0.0518]},"south":{"uv":[10.3758,14.4745],"uv_size":[0.0492,0.0518]},"up":{"uv":[10.4242,14.1048],"uv_size":[-0.0492,-0.0259]},"west":{"uv":[10.1754,14.4745],"uv_size":[0.0246,0.0518]}}},{"origin":[-0.24401,7.25,-8.57635],"size":[0.5,0.25,0.25],"uv":{"down":{"uv":[10.4242,14.6312],"uv_size":[-0.0492,-0.0259]},"east":{"uv":[10.6754,14.4741],"uv_size":[0.0246,0.0259]},"north":{"uv":[10.3758,14.4741],"uv_size":[0.0492,0.0259]},"south":{"uv":[10.3758,14.4741],"uv_size":[0.0492,0.0259]},"up":{"uv":[10.4242,14.0259],"uv_size":[-0.0492,-0.0259]},"west":{"uv":[10.1004,14.4741],"uv_size":[0.0246,0.0259]}}},{"origin":[-0.24401,7.5,-8.32635],"size":[0.5,0.5,0.25],"uv":{"down":{"uv":[10.4242,14.6048],"uv_size":[-0.0492,-0.0259]},"east":{"uv":[10.6504,14.4219],"uv_size":[0.0246,0.0518]},"north":{"uv":[10.3758,14.4219],"uv_size":[0.0492,0.0518]},"south":{"uv":[10.3758,14.4219],"uv_size":[0.0492,0.0518]},"up":{"uv":[10.4242,14.0522],"uv_size":[-0.0492,-0.0259]},"west":{"uv":[10.1254,14.4219],"uv_size":[0.0246,0.0518]}}},{"origin":[-0.24401,7.5,-7.57635],"size":[0.5,0.5,0.25],"uv":{"down":{"uv":[10.4242,14.5259],"uv_size":[-0.0492,-0.0259]},"east":{"uv":[10.5754,14.4219],"uv_size":[0.0246,0.0518]},"north":{"uv":[10.3758,14.4219],"uv_size":[0.0492,0.0518]},"south":{"uv":[10.3758,14.4219],"uv_size":[0.0492,0.0518]},"up":{"uv":[10.4242,14.1312],"uv_size":[-0.0492,-0.0259]},"west":{"uv":[10.2004,14.4219],"uv_size":[0.0246,0.0518]}}},{"origin":[-0.24401,8,-8.07635],"size":[0.5,0.75,0.25],"uv":{"down":{"uv":[10.4242,14.5785],"uv_size":[-0.0492,-0.0259]},"east":{"uv":[10.6254,14.3434],"uv_size":[0.0246,0.0777]},"north":{"uv":[10.3758,14.3434],"uv_size":[0.0492,0.0777]},"south":{"uv":[10.3758,14.3434],"uv_size":[0.0492,0.0777]},"up":{"uv":[10.4242,14.0785],"uv_size":[-0.0492,-0.0259]},"west":{"uv":[10.1504,14.3434],"uv_size":[0.0246,0.0777]}}},{"origin":[-0.49401,8,-7.57635],"size":[0.5,0.5,0.25],"uv":{"down":{"uv":[10.4492,14.5259],"uv_size":[-0.0492,-0.0259]},"east":{"uv":[10.5754,14.3693],"uv_size":[0.0246,0.0518]},"north":{"uv":[10.3508,14.3693],"uv_size":[0.0492,0.0518]},"south":{"uv":[10.4008,14.3693],"uv_size":[0.0492,0.0518]},"up":{"uv":[10.4492,14.1312],"uv_size":[-0.0492,-0.0259]},"west":{"uv":[10.2004,14.3693],"uv_size":[0.0246,0.0518]}}}],"name":"geyser_custom_z","parent":"geyser_custom_y","pivot":[0.00299,9.03518,-4.03817],"rotation":[0,180,0]}],"description":{"identifier":"geometry.geyser_custom.geo_c0ba519","texture_height":16,"texture_width":16,"visible_bounds_height":4.5,"visible_bounds_offset":[0,0.75,0],"visible_bounds_width":4}}]}