{"format_version":"1.16.0","minecraft:geometry":[{"bones":[{"name":"root","pivot":[0,0,0]},{"name":"waist","parent":"root","pivot":[0,12,0]},{"name":"body","parent":"waist","pivot":[0,24,0]},{"cubes":[{"origin":[-8,12,-2],"size":[4,12,4],"uv":[40,16]}],"name":"rightArm","parent":"body","pivot":[-5,22,0]},{"locators":{"lead_hold":[-6,15,1]},"name":"rightItem","parent":"rightArm","pivot":[-6,15,1]},{"binding":"c.item_slot == 'head' ? 'head' : q.item_slot_to_bone_name(c.item_slot)","name":"geyser_custom","parent":"rightItem","pivot":[0,8,0]},{"name":"geyser_custom_x","parent":"geyser_custom","pivot":[0,8,0]},{"name":"geyser_custom_y","parent":"geyser_custom_x","pivot":[0,8,0]},{"cubes":[{"origin":[0.99436,7.75,-0.49906],"size":[3.375,0.75,0.375],"uv":{"down":{"uv":[6.9446,14.2757],"uv_size":[-0.3321,-0.0388]},"east":{"uv":[7.1256,14.6986],"uv_size":[0.0369,0.0777]},"north":{"uv":[7.4554,14.6986],"uv_size":[0.3321,0.0777]},"south":{"uv":[6.6179,14.6986],"uv_size":[0.3321,0.0777]},"up":{"uv":[6.9446,14.3941],"uv_size":[-0.3321,-0.0388]},"west":{"uv":[7.2381,14.6986],"uv_size":[0.0369,0.0777]}}},{"origin":[3.49436,7,-0.49906],"size":[0.75,0.75,0.375],"uv":{"down":{"uv":[6.6988,14.2757],"uv_size":[-0.0738,-0.0388]},"east":{"uv":[7.1256,14.7776],"uv_size":[0.0369,0.0777]},"north":{"uv":[7.7012,14.7776],"uv_size":[0.0738,0.0777]},"south":{"uv":[6.6262,14.7776],"uv_size":[0.0738,0.0777]},"west":{"uv":[7.2381,14.7776],"uv_size":[0.0369,0.0777]}}},{"origin":[1.11936,7.75,-0.62406],"size":[3.125,0.625,0.125],"uv":{"down":{"uv":[6.9325,14.2893],"uv_size":[-0.3075,-0.0129]},"east":{"uv":[7.1627,14.7116],"uv_size":[0.0123,0.0647]},"north":{"uv":[7.4675,14.7116],"uv_size":[0.3075,0.0647]},"up":{"uv":[6.9325,14.3551],"uv_size":[-0.3075,-0.0129]},"west":{"uv":[7.2252,14.7116],"uv_size":[0.0123,0.0647]}}},{"origin":[1.11936,7.75,-0.12406],"size":[3.125,0.625,0.125],"uv":{"down":{"uv":[6.9325,14.2366],"uv_size":[-0.3075,-0.0129]},"east":{"uv":[7.1127,14.7116],"uv_size":[0.0123,0.0647]},"south":{"uv":[6.63,14.7116],"uv_size":[0.3075,0.0647]},"up":{"uv":[6.9325,14.4077],"uv_size":[-0.3075,-0.0129]},"west":{"uv":[7.2752,14.7116],"uv_size":[0.0123,0.0647]}}},{"origin":[1.49436,8.375,-0.62406],"size":[2.75,0.125,0.125],"uv":{"east":{"uv":[7.1627,14.6976],"uv_size":[0.0123,0.0129]},"north":{"uv":[7.5044,14.6976],"uv_size":[0.2706,0.0129]},"up":{"uv":[6.8956,14.3551],"uv_size":[-0.2706,-0.0129]},"west":{"uv":[7.2252,14.6976],"uv_size":[0.0123,0.0129]}}},{"origin":[1.49436,8.375,-0.12406],"size":[2.75,0.125,0.125],"uv":{"east":{"uv":[7.1127,14.6976],"uv_size":[0.0123,0.0129]},"south":{"uv":[6.6294,14.6976],"uv_size":[0.2706,0.0129]},"up":{"uv":[6.8956,14.4077],"uv_size":[-0.2706,-0.0129]},"west":{"uv":[7.2752,14.6976],"uv_size":[0.0123,0.0129]}}},{"origin":[1.49436,8.5,-0.49906],"size":[2.75,0.125,0.375],"uv":{"east":{"uv":[7.1256,14.6844],"uv_size":[0.0369,0.0129]},"north":{"uv":[7.5044,14.6844],"uv_size":[0.2706,0.0129]},"south":{"uv":[6.6294,14.6844],"uv_size":[0.2706,0.0129]},"up":{"uv":[6.8956,14.3941],"uv_size":[-0.2706,-0.0388]},"west":{"uv":[7.2381,14.6844],"uv_size":[0.0369,0.0129]}}},{"origin":[3.86936,6.875,-0.49906],"size":[0.25,0.125,0.375],"uv":{"down":{"uv":[6.6621,14.2757],"uv_size":[-0.0246,-0.0388]},"east":{"uv":[7.1256,14.8555],"uv_size":[0.0369,0.0129]},"north":{"uv":[7.7379,14.8555],"uv_size":[0.0246,0.0129]},"south":{"uv":[6.6379,14.8555],"uv_size":[0.0246,0.0129]},"west":{"uv":[7.2381,14.8555],"uv_size":[0.0369,0.0129]}}},{"origin":[3.86936,7,-0.62406],"size":[0.25,0.75,0.125],"uv":{"down":{"uv":[6.6621,14.2893],"uv_size":[-0.0246,-0.0129]},"east":{"uv":[7.1627,14.7776],"uv_size":[0.0123,0.0777]},"north":{"uv":[7.7379,14.7776],"uv_size":[0.0246,0.0777]},"west":{"uv":[7.2252,14.7776],"uv_size":[0.0123,0.0777]}}},{"origin":[3.74436,7,-0.12406],"size":[0.375,0.75,0.125],"uv":{"down":{"uv":[6.6744,14.2366],"uv_size":[-0.0369,-0.0129]},"east":{"uv":[7.1127,14.7776],"uv_size":[0.0123,0.0777]},"south":{"uv":[6.6381,14.7776],"uv_size":[0.0369,0.0777]},"west":{"uv":[7.2752,14.7776],"uv_size":[0.0123,0.0777]}}},{"origin":[2.11936,7.75,-0.74906],"size":[2,0.625,0.125],"uv":{"down":{"uv":[6.8343,14.3024],"uv_size":[-0.1968,-0.0129]},"east":{"uv":[7.1752,14.7116],"uv_size":[0.0123,0.0647]},"north":{"uv":[7.5657,14.7116],"uv_size":[0.1968,0.0647]},"up":{"uv":[6.8343,14.3419],"uv_size":[-0.1968,-0.0129]},"west":{"uv":[7.2127,14.7116],"uv_size":[0.0123,0.0647]}}},{"origin":[2.11936,7.75,0.00094],"size":[2,0.625,0.125],"uv":{"down":{"uv":[6.8343,14.2235],"uv_size":[-0.1968,-0.0129]},"east":{"uv":[7.1002,14.7116],"uv_size":[0.0123,0.0647]},"south":{"uv":[6.6407,14.7116],"uv_size":[0.1968,0.0647]},"up":{"uv":[6.8343,14.4208],"uv_size":[-0.1968,-0.0129]},"west":{"uv":[7.2877,14.7116],"uv_size":[0.0123,0.0647]}}},{"origin":[3.86936,7.125,-0.74906],"size":[0.125,0.625,0.125],"uv":{"down":{"uv":[6.6623,14.3024],"uv_size":[-0.0123,-0.0129]},"east":{"uv":[7.1752,14.7774],"uv_size":[0.0123,0.0647]},"north":{"uv":[7.7377,14.7774],"uv_size":[0.0123,0.0647]},"west":{"uv":[7.2127,14.7774],"uv_size":[0.0123,0.0647]}}},{"origin":[3.74436,7.125,0.00094],"size":[0.25,0.625,0.125],"uv":{"down":{"uv":[6.6746,14.2235],"uv_size":[-0.0246,-0.0129]},"east":{"uv":[7.1002,14.7774],"uv_size":[0.0123,0.0647]},"south":{"uv":[6.6504,14.7774],"uv_size":[0.0246,0.0647]},"west":{"uv":[7.2877,14.7774],"uv_size":[0.0123,0.0647]}}},{"origin":[3.49436,7.125,-0.62406],"size":[0.375,0.625,0.125],"uv":{"down":{"uv":[6.6994,14.2893],"uv_size":[-0.0369,-0.0129]},"east":{"uv":[7.1627,14.7774],"uv_size":[0.0123,0.0647]},"north":{"uv":[7.7006,14.7774],"uv_size":[0.0369,0.0647]}}},{"origin":[3.49436,7.25,-0.74906],"size":[0.375,0.5,0.125],"uv":{"down":{"uv":[6.6994,14.3024],"uv_size":[-0.0369,-0.0129]},"east":{"uv":[7.1752,14.7772],"uv_size":[0.0123,0.0518]},"north":{"uv":[7.7006,14.7772],"uv_size":[0.0369,0.0518]}}},{"origin":[3.49436,7.125,-0.12406],"size":[0.25,0.625,0.125],"uv":{"down":{"uv":[6.6996,14.2366],"uv_size":[-0.0246,-0.0129]},"east":{"uv":[7.1127,14.7774],"uv_size":[0.0123,0.0647]},"south":{"uv":[6.6754,14.7774],"uv_size":[0.0246,0.0647]}}},{"origin":[3.49436,7.25,0.00094],"size":[0.25,0.5,0.125],"uv":{"down":{"uv":[6.6996,14.2235],"uv_size":[-0.0246,-0.0129]},"east":{"uv":[7.1002,14.7772],"uv_size":[0.0123,0.0518]},"south":{"uv":[6.6754,14.7772],"uv_size":[0.0246,0.0518]}}},{"origin":[3.11936,7.125,-0.49906],"size":[0.375,0.625,0.375],"uv":{"down":{"uv":[6.7369,14.2757],"uv_size":[-0.0369,-0.0388]},"east":{"uv":[7.1256,14.7774],"uv_size":[0.0369,0.0647]},"north":{"uv":[7.6631,14.7774],"uv_size":[0.0369,0.0647]},"south":{"uv":[6.7006,14.7774],"uv_size":[0.0369,0.0647]}}},{"origin":[3.11936,7.25,-0.62406],"size":[0.375,0.5,0.125],"uv":{"down":{"uv":[6.7369,14.2893],"uv_size":[-0.0369,-0.0129]},"east":{"uv":[7.1627,14.7772],"uv_size":[0.0123,0.0518]},"north":{"uv":[7.6631,14.7772],"uv_size":[0.0369,0.0518]}}},{"origin":[2.99436,7.25,-0.12406],"size":[0.5,0.5,0.125],"uv":{"down":{"uv":[6.7492,14.2366],"uv_size":[-0.0492,-0.0129]},"east":{"uv":[7.1127,14.7772],"uv_size":[0.0123,0.0518]},"north":{"uv":[7.6508,14.7772],"uv_size":[0.0492,0.0518]},"south":{"uv":[6.7008,14.7772],"uv_size":[0.0492,0.0518]}}},{"origin":[3.11936,7.375,-0.74906],"size":[0.375,0.375,0.125],"uv":{"down":{"uv":[6.7369,14.3024],"uv_size":[-0.0369,-0.0129]},"east":{"uv":[7.1752,14.7769],"uv_size":[0.0123,0.0388]},"north":{"uv":[7.6631,14.7769],"uv_size":[0.0369,0.0388]}}},{"origin":[2.99436,7.375,0.00094],"size":[0.5,0.375,0.125],"uv":{"down":{"uv":[6.7492,14.2235],"uv_size":[-0.0492,-0.0129]},"east":{"uv":[7.1002,14.7769],"uv_size":[0.0123,0.0388]},"south":{"uv":[6.7008,14.7769],"uv_size":[0.0492,0.0388]}}},{"origin":[2.74436,7.25,-0.49906],"size":[0.375,0.5,0.375],"uv":{"down":{"uv":[6.7744,14.2757],"uv_size":[-0.0369,-0.0388]},"east":{"uv":[7.1256,14.7772],"uv_size":[0.0369,0.0518]},"north":{"uv":[7.6256,14.7772],"uv_size":[0.0369,0.0518]},"south":{"uv":[6.7381,14.7772],"uv_size":[0.0369,0.0518]}}},{"origin":[2.74436,7.375,-0.62406],"size":[0.375,0.375,0.125],"uv":{"down":{"uv":[6.7744,14.2893],"uv_size":[-0.0369,-0.0129]},"east":{"uv":[7.1627,14.7769],"uv_size":[0.0123,0.0388]},"north":{"uv":[7.6256,14.7769],"uv_size":[0.0369,0.0388]}}},{"origin":[2.74436,7.5,-0.74906],"size":[0.375,0.25,0.125],"uv":{"down":{"uv":[6.7744,14.3024],"uv_size":[-0.0369,-0.0129]},"east":{"uv":[7.1752,14.7767],"uv_size":[0.0123,0.0259]},"north":{"uv":[7.6256,14.7767],"uv_size":[0.0369,0.0259]}}},{"origin":[2.74436,7.375,-0.12406],"size":[0.25,0.375,0.125],"uv":{"down":{"uv":[6.7746,14.2366],"uv_size":[-0.0246,-0.0129]},"east":{"uv":[7.1127,14.7769],"uv_size":[0.0123,0.0388]},"south":{"uv":[6.7504,14.7769],"uv_size":[0.0246,0.0388]}}},{"origin":[2.74436,7.5,0.00094],"size":[0.25,0.25,0.125],"uv":{"down":{"uv":[6.7746,14.2235],"uv_size":[-0.0246,-0.0129]},"east":{"uv":[7.1002,14.7767],"uv_size":[0.0123,0.0259]},"south":{"uv":[6.7504,14.7767],"uv_size":[0.0246,0.0259]}}},{"origin":[2.36936,7.375,-0.49906],"size":[0.375,0.375,0.375],"uv":{"down":{"uv":[6.8119,14.2757],"uv_size":[-0.0369,-0.0388]},"east":{"uv":[7.1256,14.7769],"uv_size":[0.0369,0.0388]},"north":{"uv":[7.5881,14.7769],"uv_size":[0.0369,0.0388]},"south":{"uv":[6.7756,14.7769],"uv_size":[0.0369,0.0388]}}},{"origin":[2.36936,7.5,-0.62406],"size":[0.375,0.25,0.125],"uv":{"down":{"uv":[6.8119,14.2893],"uv_size":[-0.0369,-0.0129]},"east":{"uv":[7.1627,14.7767],"uv_size":[0.0123,0.0259]},"north":{"uv":[7.5881,14.7767],"uv_size":[0.0369,0.0259]}}},{"origin":[2.36936,7.5,-0.12406],"size":[0.375,0.25,0.125],"uv":{"down":{"uv":[6.8119,14.2366],"uv_size":[-0.0369,-0.0129]},"east":{"uv":[7.1127,14.7767],"uv_size":[0.0123,0.0259]},"south":{"uv":[6.7756,14.7767],"uv_size":[0.0369,0.0259]}}},{"origin":[2.36936,7.625,-0.74906],"size":[0.375,0.125,0.125],"uv":{"down":{"uv":[6.8119,14.3024],"uv_size":[-0.0369,-0.0129]},"east":{"uv":[7.1752,14.7765],"uv_size":[0.0123,0.0129]},"north":{"uv":[7.5881,14.7765],"uv_size":[0.0369,0.0129]}}},{"origin":[2.36936,7.625,0.00094],"size":[0.375,0.125,0.125],"uv":{"down":{"uv":[6.8119,14.2235],"uv_size":[-0.0369,-0.0129]},"east":{"uv":[7.1002,14.7765],"uv_size":[0.0123,0.0129]},"south":{"uv":[6.7756,14.7765],"uv_size":[0.0369,0.0129]}}},{"origin":[2.11936,7.5,-0.49906],"size":[0.25,0.25,0.375],"uv":{"down":{"uv":[6.8371,14.2757],"uv_size":[-0.0246,-0.0388]},"east":{"uv":[7.1256,14.7767],"uv_size":[0.0369,0.0259]},"north":{"uv":[7.5629,14.7767],"uv_size":[0.0246,0.0259]},"south":{"uv":[6.8129,14.7767],"uv_size":[0.0246,0.0259]}}},{"origin":[2.11936,7.625,-0.62406],"size":[0.25,0.125,0.125],"uv":{"down":{"uv":[6.8371,14.2893],"uv_size":[-0.0246,-0.0129]},"east":{"uv":[7.1627,14.7765],"uv_size":[0.0123,0.0129]},"north":{"uv":[7.5629,14.7765],"uv_size":[0.0246,0.0129]}}},{"origin":[2.11936,7.625,-0.12406],"size":[0.25,0.125,0.125],"uv":{"down":{"uv":[6.8371,14.2366],"uv_size":[-0.0246,-0.0129]},"east":{"uv":[7.1127,14.7765],"uv_size":[0.0123,0.0129]},"south":{"uv":[6.8129,14.7765],"uv_size":[0.0246,0.0129]}}},{"origin":[1.11936,7.625,-0.49906],"size":[1,0.125,0.375],"uv":{"down":{"uv":[6.9359,14.2757],"uv_size":[-0.0984,-0.0388]},"east":{"uv":[7.1256,14.7765],"uv_size":[0.0369,0.0129]},"north":{"uv":[7.4641,14.7765],"uv_size":[0.0984,0.0129]},"south":{"uv":[6.8391,14.7765],"uv_size":[0.0984,0.0129]}}},{"origin":[1.11936,7.875,-0.74906],"size":[1,0.5,0.125],"uv":{"down":{"uv":[6.9359,14.3024],"uv_size":[-0.0984,-0.0129]},"east":{"uv":[7.1752,14.7114],"uv_size":[0.0123,0.0518]},"north":{"uv":[7.4641,14.7114],"uv_size":[0.0984,0.0518]},"up":{"uv":[6.9359,14.3419],"uv_size":[-0.0984,-0.0129]}}},{"origin":[1.11936,7.875,0.00094],"size":[1,0.375,0.125],"uv":{"down":{"uv":[6.9359,14.2235],"uv_size":[-0.0984,-0.0129]},"east":{"uv":[7.1002,14.7243],"uv_size":[0.0123,0.0388]},"south":{"uv":[6.8391,14.7243],"uv_size":[0.0984,0.0388]},"up":{"uv":[6.9359,14.4208],"uv_size":[-0.0984,-0.0129]}}},{"origin":[1.49436,8.25,0.00094],"size":[0.625,0.125,0.125],"uv":{"east":{"uv":[7.1002,14.7107],"uv_size":[0.0123,0.0129]},"south":{"uv":[6.8385,14.7107],"uv_size":[0.0615,0.0129]},"up":{"uv":[6.899,14.4208],"uv_size":[-0.0615,-0.0129]}}},{"origin":[1.24436,7.5,-0.49906],"size":[0.75,0.125,0.375],"uv":{"down":{"uv":[6.9238,14.2757],"uv_size":[-0.0738,-0.0388]},"east":{"uv":[7.1256,14.7897],"uv_size":[0.0369,0.0129]},"north":{"uv":[7.4762,14.7897],"uv_size":[0.0738,0.0129]},"south":{"uv":[6.8512,14.7897],"uv_size":[0.0738,0.0129]},"west":{"uv":[7.2381,14.7897],"uv_size":[0.0369,0.0129]}}},{"origin":[1.24436,7.625,-0.62406],"size":[0.75,0.125,0.125],"uv":{"down":{"uv":[6.9238,14.2893],"uv_size":[-0.0738,-0.0129]},"east":{"uv":[7.1627,14.7765],"uv_size":[0.0123,0.0129]},"north":{"uv":[7.4762,14.7765],"uv_size":[0.0738,0.0129]},"west":{"uv":[7.2252,14.7765],"uv_size":[0.0123,0.0129]}}},{"origin":[1.24436,7.625,-0.12406],"size":[0.75,0.125,0.125],"uv":{"down":{"uv":[6.9238,14.2366],"uv_size":[-0.0738,-0.0129]},"east":{"uv":[7.1127,14.7765],"uv_size":[0.0123,0.0129]},"south":{"uv":[6.8512,14.7765],"uv_size":[0.0738,0.0129]},"west":{"uv":[7.2752,14.7765],"uv_size":[0.0123,0.0129]}}},{"origin":[1.24436,7.75,-0.74906],"size":[0.75,0.125,0.125],"uv":{"down":{"uv":[6.9238,14.3024],"uv_size":[-0.0738,-0.0129]},"east":{"uv":[7.1752,14.7634],"uv_size":[0.0123,0.0129]},"north":{"uv":[7.4762,14.7634],"uv_size":[0.0738,0.0129]},"west":{"uv":[7.2127,14.7634],"uv_size":[0.0123,0.0129]}}},{"origin":[1.24436,7.75,0.00094],"size":[0.75,0.125,0.125],"uv":{"down":{"uv":[6.9238,14.2235],"uv_size":[-0.0738,-0.0129]},"east":{"uv":[7.1002,14.7634],"uv_size":[0.0123,0.0129]},"south":{"uv":[6.8512,14.7634],"uv_size":[0.0738,0.0129]},"west":{"uv":[7.2877,14.7634],"uv_size":[0.0123,0.0129]}}},{"origin":[1.24436,7.375,-0.49906],"size":[0.5,0.125,0.375],"uv":{"down":{"uv":[6.9242,14.2757],"uv_size":[-0.0492,-0.0388]},"east":{"uv":[7.1256,14.8028],"uv_size":[0.0369,0.0129]},"north":{"uv":[7.4758,14.8028],"uv_size":[0.0492,0.0129]},"south":{"uv":[6.8758,14.8028],"uv_size":[0.0492,0.0129]},"west":{"uv":[7.2381,14.8028],"uv_size":[0.0369,0.0129]}}},{"origin":[1.24436,7.5,-0.62406],"size":[0.5,0.125,0.125],"uv":{"down":{"uv":[6.9242,14.2893],"uv_size":[-0.0492,-0.0129]},"east":{"uv":[7.1627,14.7897],"uv_size":[0.0123,0.0129]},"north":{"uv":[7.4758,14.7897],"uv_size":[0.0492,0.0129]},"west":{"uv":[7.2252,14.7897],"uv_size":[0.0123,0.0129]}}},{"origin":[1.24436,7.5,-0.12406],"size":[0.5,0.125,0.125],"uv":{"down":{"uv":[6.9242,14.2366],"uv_size":[-0.0492,-0.0129]},"east":{"uv":[7.1127,14.7897],"uv_size":[0.0123,0.0129]},"south":{"uv":[6.8758,14.7897],"uv_size":[0.0492,0.0129]},"west":{"uv":[7.2752,14.7897],"uv_size":[0.0123,0.0129]}}},{"origin":[1.24436,7.625,-0.74906],"size":[0.5,0.125,0.125],"uv":{"down":{"uv":[6.9242,14.3024],"uv_size":[-0.0492,-0.0129]},"east":{"uv":[7.1752,14.7765],"uv_size":[0.0123,0.0129]},"north":{"uv":[7.4758,14.7765],"uv_size":[0.0492,0.0129]},"west":{"uv":[7.2127,14.7765],"uv_size":[0.0123,0.0129]}}},{"origin":[1.24436,7.625,0.00094],"size":[0.5,0.125,0.125],"uv":{"down":{"uv":[6.9242,14.2235],"uv_size":[-0.0492,-0.0129]},"east":{"uv":[7.1002,14.7765],"uv_size":[0.0123,0.0129]},"south":{"uv":[6.8758,14.7765],"uv_size":[0.0492,0.0129]},"west":{"uv":[7.2877,14.7765],"uv_size":[0.0123,0.0129]}}},{"origin":[0.99436,8,-0.62406],"size":[0.125,0.5,0.125],"uv":{"down":{"uv":[6.9498,14.2893],"uv_size":[-0.0123,-0.0129]},"east":{"uv":[7.1627,14.6982],"uv_size":[0.0123,0.0518]},"north":{"uv":[7.4502,14.6982],"uv_size":[0.0123,0.0518]},"up":{"uv":[6.9498,14.3551],"uv_size":[-0.0123,-0.0129]},"west":{"uv":[7.2252,14.6982],"uv_size":[0.0123,0.0518]}}},{"origin":[0.99436,8,-0.12406],"size":[0.125,0.5,0.125],"uv":{"down":{"uv":[6.9498,14.2366],"uv_size":[-0.0123,-0.0129]},"east":{"uv":[7.1127,14.6982],"uv_size":[0.0123,0.0518]},"south":{"uv":[6.9377,14.6982],"uv_size":[0.0123,0.0518]},"up":{"uv":[6.9498,14.4077],"uv_size":[-0.0123,-0.0129]},"west":{"uv":[7.2752,14.6982],"uv_size":[0.0123,0.0518]}}},{"origin":[0.99436,8.125,-0.74906],"size":[0.125,0.25,0.125],"uv":{"down":{"uv":[6.9498,14.3024],"uv_size":[-0.0123,-0.0129]},"east":{"uv":[7.1752,14.7109],"uv_size":[0.0123,0.0259]},"north":{"uv":[7.4502,14.7109],"uv_size":[0.0123,0.0259]},"up":{"uv":[6.9498,14.3419],"uv_size":[-0.0123,-0.0129]}}},{"origin":[0.99436,8.125,0.00094],"size":[0.125,0.25,0.125],"uv":{"down":{"uv":[6.9498,14.2235],"uv_size":[-0.0123,-0.0129]},"east":{"uv":[7.1002,14.7109],"uv_size":[0.0123,0.0259]},"south":{"uv":[6.9377,14.7109],"uv_size":[0.0123,0.0259]},"up":{"uv":[6.9498,14.4208],"uv_size":[-0.0123,-0.0129]},"west":{"uv":[7.2877,14.7109],"uv_size":[0.0123,0.0259]}}},{"origin":[-5.38064,8.5,-0.49906],"size":[6.5,0.125,0.375],"uv":{"down":{"uv":[7.5771,14.2757],"uv_size":[-0.6396,-0.0388]},"east":{"uv":[7.1256,14.6844],"uv_size":[0.0369,0.0129]},"north":{"uv":[6.8229,14.6844],"uv_size":[0.6396,0.0129]},"south":{"uv":[6.9479,14.6844],"uv_size":[0.6396,0.0129]},"up":{"uv":[7.5771,14.3941],"uv_size":[-0.6396,-0.0388]},"west":{"uv":[7.2381,14.6844],"uv_size":[0.0369,0.0129]}}},{"origin":[0.86936,8,-0.49906],"size":[0.125,0.5,0.375],"uv":{"down":{"uv":[6.9623,14.2757],"uv_size":[-0.0123,-0.0388]},"east":{"uv":[7.1256,14.6982],"uv_size":[0.0369,0.0518]},"north":{"uv":[7.4377,14.6982],"uv_size":[0.0123,0.0518]},"south":{"uv":[6.9502,14.6982],"uv_size":[0.0123,0.0518]}}},{"origin":[-1.50564,8.125,-0.62406],"size":[2.5,0.375,0.125],"uv":{"down":{"uv":[7.196,14.2893],"uv_size":[-0.246,-0.0129]},"east":{"uv":[7.1627,14.698],"uv_size":[0.0123,0.0388]},"north":{"uv":[7.204,14.698],"uv_size":[0.246,0.0388]},"south":{"uv":[6.954,14.698],"uv_size":[0.246,0.0388]},"up":{"uv":[7.196,14.3551],"uv_size":[-0.246,-0.0129]}}},{"origin":[-1.50564,8.125,-0.12406],"size":[2.5,0.375,0.125],"uv":{"down":{"uv":[7.196,14.2366],"uv_size":[-0.246,-0.0129]},"east":{"uv":[7.1127,14.698],"uv_size":[0.0123,0.0388]},"north":{"uv":[7.204,14.698],"uv_size":[0.246,0.0388]},"south":{"uv":[6.954,14.698],"uv_size":[0.246,0.0388]},"up":{"uv":[7.196,14.4077],"uv_size":[-0.246,-0.0129]}}},{"origin":[-1.50564,8.25,-0.74906],"size":[2.5,0.125,0.125],"uv":{"down":{"uv":[7.196,14.3024],"uv_size":[-0.246,-0.0129]},"east":{"uv":[7.1752,14.7107],"uv_size":[0.0123,0.0129]},"north":{"uv":[7.204,14.7107],"uv_size":[0.246,0.0129]},"up":{"uv":[7.196,14.3419],"uv_size":[-0.246,-0.0129]}}},{"origin":[-1.50564,8.25,0.00094],"size":[2.5,0.125,0.125],"uv":{"down":{"uv":[7.196,14.2235],"uv_size":[-0.246,-0.0129]},"east":{"uv":[7.1002,14.7107],"uv_size":[0.0123,0.0129]},"south":{"uv":[6.954,14.7107],"uv_size":[0.246,0.0129]},"up":{"uv":[7.196,14.4208],"uv_size":[-0.246,-0.0129]}}},{"origin":[-1.50564,8.125,-0.49906],"size":[2.375,0.375,0.375],"uv":{"down":{"uv":[7.1962,14.2757],"uv_size":[-0.2337,-0.0388]},"east":{"uv":[7.1256,14.698],"uv_size":[0.0369,0.0388]}}},{"origin":[-1.50564,8.375,-0.74906],"size":[2.375,0.125,0.125],"uv":{"east":{"uv":[7.1752,14.6976],"uv_size":[0.0123,0.0129]},"north":{"uv":[7.2038,14.6976],"uv_size":[0.2337,0.0129]},"up":{"uv":[7.1962,14.3419],"uv_size":[-0.2337,-0.0129]},"west":{"uv":[7.2127,14.6976],"uv_size":[0.0123,0.0129]}}},{"origin":[-1.50564,8.375,0.00094],"size":[2.375,0.125,0.125],"uv":{"east":{"uv":[7.1002,14.6976],"uv_size":[0.0123,0.0129]},"south":{"uv":[6.9663,14.6976],"uv_size":[0.2337,0.0129]},"up":{"uv":[7.1962,14.4208],"uv_size":[-0.2337,-0.0129]},"west":{"uv":[7.2877,14.6976],"uv_size":[0.0123,0.0129]}}},{"origin":[-5.38064,8.5,-0.62406],"size":[6.25,0.125,0.125],"uv":{"down":{"uv":[7.5775,14.2893],"uv_size":[-0.615,-0.0129]},"east":{"uv":[7.1627,14.6844],"uv_size":[0.0123,0.0129]},"north":{"uv":[6.8225,14.6844],"uv_size":[0.615,0.0129]},"up":{"uv":[7.5775,14.3551],"uv_size":[-0.615,-0.0129]},"west":{"uv":[7.2252,14.6844],"uv_size":[0.0123,0.0129]}}},{"origin":[-5.38064,8.5,-0.12406],"size":[6.25,0.125,0.125],"uv":{"down":{"uv":[7.5775,14.2366],"uv_size":[-0.615,-0.0129]},"east":{"uv":[7.1127,14.6844],"uv_size":[0.0123,0.0129]},"south":{"uv":[6.9725,14.6844],"uv_size":[0.615,0.0129]},"up":{"uv":[7.5775,14.4077],"uv_size":[-0.615,-0.0129]},"west":{"uv":[7.2752,14.6844],"uv_size":[0.0123,0.0129]}}},{"origin":[-5.38064,8.625,-0.49906],"size":[6.25,0.125,0.375],"uv":{"north":{"uv":[6.8225,14.6713],"uv_size":[0.615,0.0129]},"south":{"uv":[6.9725,14.6713],"uv_size":[0.615,0.0129]},"up":{"uv":[7.5775,14.3941],"uv_size":[-0.615,-0.0388]},"west":{"uv":[7.2381,14.6713],"uv_size":[0.0369,0.0129]}}},{"origin":[-5.38064,8.5,-0.74906],"size":[6.125,0.125,0.125],"uv":{"down":{"uv":[7.5777,14.3024],"uv_size":[-0.6027,-0.0129]},"east":{"uv":[7.1752,14.6844],"uv_size":[0.0123,0.0129]},"north":{"uv":[6.8223,14.6844],"uv_size":[0.6027,0.0129]},"up":{"uv":[7.5777,14.3419],"uv_size":[-0.6027,-0.0129]},"west":{"uv":[7.2127,14.6844],"uv_size":[0.0123,0.0129]}}},{"origin":[-5.38064,8.5,0.00094],"size":[6.125,0.125,0.125],"uv":{"down":{"uv":[7.5777,14.2235],"uv_size":[-0.6027,-0.0129]},"east":{"uv":[7.1002,14.6844],"uv_size":[0.0123,0.0129]},"south":{"uv":[6.9848,14.6844],"uv_size":[0.6027,0.0129]},"up":{"uv":[7.5777,14.4208],"uv_size":[-0.6027,-0.0129]},"west":{"uv":[7.2877,14.6844],"uv_size":[0.0123,0.0129]}}},{"origin":[-5.38064,8.625,-0.62406],"size":[6.125,0.125,0.125],"uv":{"east":{"uv":[7.1627,14.6713],"uv_size":[0.0123,0.0129]},"north":{"uv":[6.8223,14.6713],"uv_size":[0.6027,0.0129]},"up":{"uv":[7.5777,14.3551],"uv_size":[-0.6027,-0.0129]},"west":{"uv":[7.2252,14.6713],"uv_size":[0.0123,0.0129]}}},{"origin":[-5.38064,8.625,-0.12406],"size":[6.125,0.125,0.125],"uv":{"east":{"uv":[7.1127,14.6713],"uv_size":[0.0123,0.0129]},"south":{"uv":[6.9848,14.6713],"uv_size":[0.6027,0.0129]},"up":{"uv":[7.5777,14.4077],"uv_size":[-0.6027,-0.0129]},"west":{"uv":[7.2752,14.6713],"uv_size":[0.0123,0.0129]}}},{"origin":[-5.38064,8.75,-0.49906],"size":[6.125,0.125,0.375],"uv":{"north":{"uv":[6.8223,14.6581],"uv_size":[0.6027,0.0129]},"south":{"uv":[6.9848,14.6581],"uv_size":[0.6027,0.0129]},"up":{"uv":[7.5777,14.3941],"uv_size":[-0.6027,-0.0388]},"west":{"uv":[7.2381,14.6581],"uv_size":[0.0369,0.0129]}}},{"origin":[0.49436,7.75,-0.49906],"size":[0.125,0.375,0.375],"uv":{"down":{"uv":[14.9998,9.2231],"uv_size":[-0.0123,-0.0388]},"east":{"uv":[15.1256,9.6848],"uv_size":[0.0369,0.0388]},"north":{"uv":[15.4002,9.6848],"uv_size":[0.0123,0.0388]},"south":{"uv":[14.9877,9.6848],"uv_size":[0.0123,0.0388]},"west":{"uv":[15.2381,9.6848],"uv_size":[0.0369,0.0388]}}},{"origin":[-5.38064,8.625,-0.74906],"size":[6,0.125,0.125],"uv":{"east":{"uv":[7.1752,14.6713],"uv_size":[0.0123,0.0129]},"north":{"uv":[6.8221,14.6713],"uv_size":[0.5904,0.0129]},"up":{"uv":[7.5779,14.3419],"uv_size":[-0.5904,-0.0129]},"west":{"uv":[7.2127,14.6713],"uv_size":[0.0123,0.0129]}}},{"origin":[-5.38064,8.625,0.00094],"size":[6,0.125,0.125],"uv":{"east":{"uv":[7.1002,14.6713],"uv_size":[0.0123,0.0129]},"south":{"uv":[6.9971,14.6713],"uv_size":[0.5904,0.0129]},"up":{"uv":[7.5779,14.4208],"uv_size":[-0.5904,-0.0129]},"west":{"uv":[7.2877,14.6713],"uv_size":[0.0123,0.0129]}}},{"origin":[-5.38064,8.75,-0.62406],"size":[6,0.125,0.125],"uv":{"east":{"uv":[7.1627,14.6581],"uv_size":[0.0123,0.0129]},"north":{"uv":[6.8221,14.6581],"uv_size":[0.5904,0.0129]},"up":{"uv":[7.5779,14.3551],"uv_size":[-0.5904,-0.0129]},"west":{"uv":[7.2252,14.6581],"uv_size":[0.0123,0.0129]}}},{"origin":[-5.38064,8.75,-0.12406],"size":[6,0.125,0.125],"uv":{"east":{"uv":[7.1127,14.6581],"uv_size":[0.0123,0.0129]},"south":{"uv":[6.9971,14.6581],"uv_size":[0.5904,0.0129]},"up":{"uv":[7.5779,14.4077],"uv_size":[-0.5904,-0.0129]},"west":{"uv":[7.2752,14.6581],"uv_size":[0.0123,0.0129]}}},{"origin":[-3.00564,8.875,-0.49906],"size":[3.625,0.125,0.375],"uv":{"north":{"uv":[15.0558,9.5923],"uv_size":[0.3567,0.0129]},"south":{"uv":[14.9933,9.5923],"uv_size":[0.3567,0.0129]},"up":{"uv":[15.3442,9.3415],"uv_size":[-0.3567,-0.0388]},"west":{"uv":[15.2381,9.5923],"uv_size":[0.0369,0.0129]}}},{"origin":[-0.00564,9.25,-0.49906],"size":[0.625,0.125,0.375],"uv":{"down":{"uv":[15.049,5.8546],"uv_size":[-0.0615,-0.0388]},"east":{"uv":[15.1256,6.1844],"uv_size":[0.0369,0.0129]},"north":{"uv":[15.351,6.1844],"uv_size":[0.0615,0.0129]},"south":{"uv":[14.9885,6.1844],"uv_size":[0.0615,0.0129]},"up":{"uv":[15.049,5.9731],"uv_size":[-0.0615,-0.0388]},"west":{"uv":[15.2381,6.1844],"uv_size":[0.0369,0.0129]}}},{"origin":[-0.00564,9.375,-0.62406],"size":[0.625,0.375,0.125],"uv":{"down":{"uv":[15.049,5.8682],"uv_size":[-0.0615,-0.0129]},"east":{"uv":[15.1627,6.1454],"uv_size":[0.0123,0.0388]},"north":{"uv":[15.351,6.1454],"uv_size":[0.0615,0.0388]},"south":{"uv":[14.9885,6.1454],"uv_size":[0.0615,0.0388]},"up":{"uv":[15.049,5.934],"uv_size":[-0.0615,-0.0129]},"west":{"uv":[15.2252,6.1454],"uv_size":[0.0123,0.0388]}}},{"origin":[-0.00564,9.375,-0.12406],"size":[0.625,0.375,0.125],"uv":{"down":{"uv":[15.049,5.8156],"uv_size":[-0.0615,-0.0129]},"east":{"uv":[15.1127,6.1454],"uv_size":[0.0123,0.0388]},"north":{"uv":[15.351,6.1454],"uv_size":[0.0615,0.0388]},"south":{"uv":[14.9885,6.1454],"uv_size":[0.0615,0.0388]},"up":{"uv":[15.049,5.9866],"uv_size":[-0.0615,-0.0129]},"west":{"uv":[15.2752,6.1454],"uv_size":[0.0123,0.0388]}}},{"origin":[-0.00564,9.75,-0.49906],"size":[0.625,0.125,0.375],"uv":{"down":{"uv":[15.049,5.8546],"uv_size":[-0.0615,-0.0388]},"east":{"uv":[15.1256,6.1318],"uv_size":[0.0369,0.0129]},"north":{"uv":[15.351,6.1318],"uv_size":[0.0615,0.0129]},"south":{"uv":[14.9885,6.1318],"uv_size":[0.0615,0.0129]},"up":{"uv":[15.049,5.9731],"uv_size":[-0.0615,-0.0388]},"west":{"uv":[15.2381,6.1318],"uv_size":[0.0369,0.0129]}}},{"origin":[0.11936,7.625,-0.49906],"size":[0.375,0.125,0.375],"uv":{"down":{"uv":[15.0369,9.2231],"uv_size":[-0.0369,-0.0388]},"east":{"uv":[15.1256,9.7239],"uv_size":[0.0369,0.0129]},"north":{"uv":[15.3631,9.7239],"uv_size":[0.0369,0.0129]},"south":{"uv":[15.0006,9.7239],"uv_size":[0.0369,0.0129]},"up":{"uv":[15.0369,9.3415],"uv_size":[-0.0369,-0.0388]},"west":{"uv":[15.2381,9.7239],"uv_size":[0.0369,0.0129]}}},{"origin":[0.36936,7.875,-0.37406],"size":[0.125,0.25,0.125],"uv":{"down":{"uv":[15.0123,9.2103],"uv_size":[-0.0123,-0.0129]},"east":{"uv":[15.1377,9.6846],"uv_size":[0.0123,0.0259]},"north":{"uv":[15.3877,9.6846],"uv_size":[0.0123,0.0259]},"south":{"uv":[15.0002,9.6846],"uv_size":[0.0123,0.0259]}}},{"origin":[0.36936,9.375,-0.49906],"size":[0.125,0.375,0.375],"uv":{"west":{"uv":[15.2381,4.4612],"uv_size":[0.0369,0.0388]}}},{"origin":[0.24436,7.75,-0.37406],"size":[0.125,0.125,0.125],"uv":{"east":{"uv":[15.1377,9.7107],"uv_size":[0.0123,0.0129]},"north":{"uv":[15.3752,9.7107],"uv_size":[0.0123,0.0129]},"south":{"uv":[15.0127,9.7107],"uv_size":[0.0123,0.0129]},"up":{"uv":[15.0248,9.3287],"uv_size":[-0.0123,-0.0129]},"west":{"uv":[15.2502,9.7107],"uv_size":[0.0123,0.0129]}}},{"origin":[-3.13064,9.375,-0.49906],"size":[3.5,0.375,0.375],"uv":{"down":{"uv":[15.3569,5.8546],"uv_size":[-0.3444,-0.0388]},"north":{"uv":[15.0431,6.1454],"uv_size":[0.3444,0.0388]},"south":{"uv":[15.0181,6.1454],"uv_size":[0.3444,0.0388]},"up":{"uv":[15.3569,5.9731],"uv_size":[-0.3444,-0.0388]}}},{"origin":[0.11936,9,-0.49906],"size":[0.125,0.125,0.375],"uv":{"east":{"uv":[15.1256,9.5792],"uv_size":[0.0369,0.0129]},"north":{"uv":[15.3627,9.5792],"uv_size":[0.0123,0.0129]},"south":{"uv":[15.0252,9.5792],"uv_size":[0.0123,0.0129]},"up":{"uv":[15.0373,9.3415],"uv_size":[-0.0123,-0.0388]},"west":{"uv":[15.2381,9.5792],"uv_size":[0.0369,0.0129]}}},{"origin":[-0.00564,7.75,-0.49906],"size":[0.125,0.375,0.375],"uv":{"down":{"uv":[15.0498,9.2231],"uv_size":[-0.0123,-0.0388]},"east":{"uv":[15.1256,9.6848],"uv_size":[0.0369,0.0388]},"north":{"uv":[15.3502,9.6848],"uv_size":[0.0123,0.0388]},"south":{"uv":[15.0377,9.6848],"uv_size":[0.0123,0.0388]},"west":{"uv":[15.2381,9.6848],"uv_size":[0.0369,0.0388]}}},{"origin":[-1.00564,8,-0.62406],"size":[1,0.125,0.625],"uv":{"down":{"uv":[7.1484,14.2884],"uv_size":[-0.0984,-0.0647]},"east":{"uv":[7.1135,14.7371],"uv_size":[0.0615,0.0129]},"north":{"uv":[7.2516,14.7371],"uv_size":[0.0984,0.0129]},"south":{"uv":[7.0516,14.7371],"uv_size":[0.0984,0.0129]},"up":{"uv":[7.1484,14.4068],"uv_size":[-0.0984,-0.0647]},"west":{"uv":[7.226,14.7371],"uv_size":[0.0615,0.0129]}}},{"origin":[-1.00564,8.125,-0.74906],"size":[1,0.125,0.125],"uv":{"down":{"uv":[7.1484,14.3024],"uv_size":[-0.0984,-0.0129]},"east":{"uv":[7.1752,14.7239],"uv_size":[0.0123,0.0129]},"north":{"uv":[7.2516,14.7239],"uv_size":[0.0984,0.0129]},"west":{"uv":[7.2127,14.7239],"uv_size":[0.0123,0.0129]}}},{"origin":[-1.00564,8.125,0.00094],"size":[1,0.125,0.125],"uv":{"down":{"uv":[7.1484,14.2235],"uv_size":[-0.0984,-0.0129]},"east":{"uv":[7.1002,14.7239],"uv_size":[0.0123,0.0129]},"south":{"uv":[7.0516,14.7239],"uv_size":[0.0984,0.0129]},"west":{"uv":[7.2877,14.7239],"uv_size":[0.0123,0.0129]}}},{"origin":[-0.13064,9,-0.49906],"size":[0.125,0.125,0.375],"uv":{"east":{"uv":[15.1256,9.5792],"uv_size":[0.0369,0.0129]},"north":{"uv":[15.3377,9.5792],"uv_size":[0.0123,0.0129]},"south":{"uv":[15.0502,9.5792],"uv_size":[0.0123,0.0129]},"up":{"uv":[15.0623,9.3415],"uv_size":[-0.0123,-0.0388]},"west":{"uv":[15.2381,9.5792],"uv_size":[0.0369,0.0129]}}},{"origin":[-0.63064,9,-0.49906],"size":[0.375,0.125,0.375],"uv":{"east":{"uv":[15.1256,9.5792],"uv_size":[0.0369,0.0129]},"north":{"uv":[15.2881,9.5792],"uv_size":[0.0369,0.0129]},"south":{"uv":[15.0756,9.5792],"uv_size":[0.0369,0.0129]},"up":{"uv":[15.1119,9.3415],"uv_size":[-0.0369,-0.0388]},"west":{"uv":[15.2381,9.5792],"uv_size":[0.0369,0.0129]}}},{"origin":[-0.50564,9.125,-0.49906],"size":[0.25,0.25,0.375],"uv":{"east":{"uv":[15.1256,9.5531],"uv_size":[0.0369,0.0259]},"north":{"uv":[15.3004,9.5531],"uv_size":[0.0246,0.0259]},"south":{"uv":[15.0754,9.5531],"uv_size":[0.0246,0.0259]},"west":{"uv":[15.2381,9.5531],"uv_size":[0.0369,0.0259]}}},{"origin":[-1.25564,7.375,-0.49906],"size":[0.75,0.25,0.375],"uv":{"down":{"uv":[15.1738,9.2231],"uv_size":[-0.0738,-0.0388]},"east":{"uv":[15.1256,9.7373],"uv_size":[0.0369,0.0259]},"north":{"uv":[15.2262,9.7373],"uv_size":[0.0738,0.0259]},"south":{"uv":[15.1012,9.7373],"uv_size":[0.0738,0.0259]},"up":{"uv":[15.1738,9.3415],"uv_size":[-0.0738,-0.0388]},"west":{"uv":[15.2381,9.7373],"uv_size":[0.0369,0.0259]}}},{"origin":[-1.13064,7.625,-0.49906],"size":[0.625,0.375,0.375],"uv":{"east":{"uv":[15.1256,9.698],"uv_size":[0.0369,0.0388]},"north":{"uv":[15.2385,9.698],"uv_size":[0.0615,0.0388]},"south":{"uv":[15.101,9.698],"uv_size":[0.0615,0.0388]},"up":{"uv":[15.1615,9.3415],"uv_size":[-0.0615,-0.0388]},"west":{"uv":[15.2381,9.698],"uv_size":[0.0369,0.0388]}}},{"origin":[-1.13064,6.875,-0.49906],"size":[0.5,0.5,0.375],"uv":{"down":{"uv":[15.1617,9.2231],"uv_size":[-0.0492,-0.0388]},"east":{"uv":[15.1256,9.764],"uv_size":[0.0369,0.0518]},"north":{"uv":[15.2383,9.764],"uv_size":[0.0492,0.0518]},"south":{"uv":[15.1133,9.764],"uv_size":[0.0492,0.0518]},"west":{"uv":[15.2381,9.764],"uv_size":[0.0369,0.0518]}}},{"origin":[-0.88064,9,-0.49906],"size":[0.125,0.125,0.375],"uv":{"east":{"uv":[15.1256,9.5792],"uv_size":[0.0369,0.0129]},"north":{"uv":[15.2627,9.5792],"uv_size":[0.0123,0.0129]},"south":{"uv":[15.1252,9.5792],"uv_size":[0.0123,0.0129]},"up":{"uv":[15.1373,9.3415],"uv_size":[-0.0123,-0.0388]},"west":{"uv":[15.2381,9.5792],"uv_size":[0.0369,0.0129]}}},{"origin":[-1.38064,10,-0.37406],"size":[0.5,0.125,0.125],"uv":{"down":{"uv":[15.1867,5.8419],"uv_size":[-0.0492,-0.0129]},"east":{"uv":[15.1377,6.1055],"uv_size":[0.0123,0.0129]},"north":{"uv":[15.2133,6.1055],"uv_size":[0.0492,0.0129]},"south":{"uv":[15.1383,6.1055],"uv_size":[0.0492,0.0129]},"up":{"uv":[15.1867,5.9603],"uv_size":[-0.0492,-0.0129]},"west":{"uv":[15.2502,6.1055],"uv_size":[0.0123,0.0129]}}},{"origin":[-1.13064,8,-0.49906],"size":[0.125,0.125,0.375],"uv":{"east":{"uv":[15.1256,9.6844],"uv_size":[0.0369,0.0129]},"north":{"uv":[15.2377,9.6844],"uv_size":[0.0123,0.0129]},"south":{"uv":[15.1502,9.6844],"uv_size":[0.0123,0.0129]}}},{"origin":[-1.13064,9,-0.49906],"size":[0.125,0.125,0.375],"uv":{"east":{"uv":[15.1256,9.5792],"uv_size":[0.0369,0.0129]},"north":{"uv":[15.2377,9.5792],"uv_size":[0.0123,0.0129]},"south":{"uv":[15.1502,9.5792],"uv_size":[0.0123,0.0129]},"up":{"uv":[15.1623,9.3415],"uv_size":[-0.0123,-0.0388]},"west":{"uv":[15.2381,9.5792],"uv_size":[0.0369,0.0129]}}},{"origin":[-1.25564,9.75,-0.49906],"size":[0.25,0.125,0.375],"uv":{"east":{"uv":[15.1256,6.1318],"uv_size":[0.0369,0.0129]},"north":{"uv":[15.2254,6.1318],"uv_size":[0.0246,0.0129]},"south":{"uv":[15.1504,6.1318],"uv_size":[0.0246,0.0129]},"up":{"uv":[15.1746,5.9731],"uv_size":[-0.0246,-0.0388]},"west":{"uv":[15.2381,6.1318],"uv_size":[0.0369,0.0129]}}},{"origin":[-1.25564,9.875,-0.37406],"size":[0.25,0.125,0.125],"uv":{"east":{"uv":[15.1377,6.1186],"uv_size":[0.0123,0.0129]},"north":{"uv":[15.2254,6.1186],"uv_size":[0.0246,0.0129]},"south":{"uv":[15.1504,6.1186],"uv_size":[0.0246,0.0129]},"west":{"uv":[15.2502,6.1186],"uv_size":[0.0123,0.0129]}}},{"origin":[-1.25564,10,-0.49906],"size":[0.25,0.125,0.125],"uv":{"down":{"uv":[15.1746,5.8551],"uv_size":[-0.0246,-0.0129]},"east":{"uv":[15.1502,6.1055],"uv_size":[0.0123,0.0129]},"north":{"uv":[15.2254,6.1055],"uv_size":[0.0246,0.0129]},"up":{"uv":[15.1746,5.9472],"uv_size":[-0.0246,-0.0129]},"west":{"uv":[15.2377,6.1055],"uv_size":[0.0123,0.0129]}}},{"origin":[-1.25564,10,-0.24906],"size":[0.25,0.125,0.125],"uv":{"down":{"uv":[15.1746,5.8287],"uv_size":[-0.0246,-0.0129]},"east":{"uv":[15.1252,6.1055],"uv_size":[0.0123,0.0129]},"south":{"uv":[15.1504,6.1055],"uv_size":[0.0246,0.0129]},"up":{"uv":[15.1746,5.9735],"uv_size":[-0.0246,-0.0129]},"west":{"uv":[15.2627,6.1055],"uv_size":[0.0123,0.0129]}}},{"origin":[-1.50564,7,-0.49906],"size":[0.375,0.125,0.375],"uv":{"down":{"uv":[15.1994,9.2231],"uv_size":[-0.0369,-0.0388]},"east":{"uv":[15.1256,9.7897],"uv_size":[0.0369,0.0129]},"north":{"uv":[15.2006,9.7897],"uv_size":[0.0369,0.0129]},"south":{"uv":[15.1631,9.7897],"uv_size":[0.0369,0.0129]},"up":{"uv":[15.1994,9.3415],"uv_size":[-0.0369,-0.0388]}}},{"origin":[-1.25564,7.125,-0.49906],"size":[0.125,0.25,0.375],"uv":{"east":{"uv":[15.1256,9.7636],"uv_size":[0.0369,0.0259]},"north":{"uv":[15.2252,9.7636],"uv_size":[0.0123,0.0259]},"south":{"uv":[15.1627,9.7636],"uv_size":[0.0123,0.0259]}}},{"origin":[-1.38064,7.625,-0.37406],"size":[0.25,0.5,0.125],"uv":{"down":{"uv":[15.1871,9.2103],"uv_size":[-0.0246,-0.0129]},"east":{"uv":[15.1377,9.6851],"uv_size":[0.0123,0.0518]},"north":{"uv":[15.2129,9.6851],"uv_size":[0.0246,0.0518]},"south":{"uv":[15.1629,9.6851],"uv_size":[0.0246,0.0518]},"west":{"uv":[15.2502,9.6851],"uv_size":[0.0123,0.0518]}}},{"origin":[-1.50564,7.125,-0.37406],"size":[0.25,0.5,0.125],"uv":{"east":{"uv":[15.1377,9.7377],"uv_size":[0.0123,0.0518]},"north":{"uv":[15.2004,9.7377],"uv_size":[0.0246,0.0518]},"south":{"uv":[15.1754,9.7377],"uv_size":[0.0246,0.0518]},"up":{"uv":[15.1996,9.3287],"uv_size":[-0.0246,-0.0129]},"west":{"uv":[15.2502,9.7377],"uv_size":[0.0123,0.0518]}}},{"origin":[-1.38064,7.625,-0.49906],"size":[0.125,0.5,0.125],"uv":{"down":{"uv":[15.1873,9.2235],"uv_size":[-0.0123,-0.0129]},"east":{"uv":[15.1502,9.6851],"uv_size":[0.0123,0.0518]},"north":{"uv":[15.2127,9.6851],"uv_size":[0.0123,0.0518]},"west":{"uv":[15.2377,9.6851],"uv_size":[0.0123,0.0518]}}},{"origin":[-1.38064,7.625,-0.24906],"size":[0.125,0.5,0.125],"uv":{"down":{"uv":[15.1873,9.1972],"uv_size":[-0.0123,-0.0129]},"east":{"uv":[15.1252,9.6851],"uv_size":[0.0123,0.0518]},"south":{"uv":[15.1752,9.6851],"uv_size":[0.0123,0.0518]},"west":{"uv":[15.2627,9.6851],"uv_size":[0.0123,0.0518]}}},{"origin":[-1.63064,9,-0.49906],"size":[0.375,0.125,0.375],"uv":{"east":{"uv":[15.1256,9.5792],"uv_size":[0.0369,0.0129]},"north":{"uv":[15.1881,9.5792],"uv_size":[0.0369,0.0129]},"south":{"uv":[15.1756,9.5792],"uv_size":[0.0369,0.0129]},"up":{"uv":[15.2119,9.3415],"uv_size":[-0.0369,-0.0388]},"west":{"uv":[15.2381,9.5792],"uv_size":[0.0369,0.0129]}}},{"origin":[-1.50564,9.125,-0.49906],"size":[0.25,0.25,0.375],"uv":{"east":{"uv":[15.1256,9.5531],"uv_size":[0.0369,0.0259]},"north":{"uv":[15.2004,9.5531],"uv_size":[0.0246,0.0259]},"south":{"uv":[15.1754,9.5531],"uv_size":[0.0246,0.0259]},"west":{"uv":[15.2381,9.5531],"uv_size":[0.0369,0.0259]}}},{"origin":[-1.50564,7.125,-0.49906],"size":[0.125,0.5,0.125],"uv":{"east":{"uv":[15.1502,9.7377],"uv_size":[0.0123,0.0518]},"north":{"uv":[15.2002,9.7377],"uv_size":[0.0123,0.0518]},"up":{"uv":[15.1998,9.3156],"uv_size":[-0.0123,-0.0129]},"west":{"uv":[15.2377,9.7377],"uv_size":[0.0123,0.0518]}}},{"origin":[-1.50564,7.125,-0.24906],"size":[0.125,0.5,0.125],"uv":{"east":{"uv":[15.1252,9.7377],"uv_size":[0.0123,0.0518]},"south":{"uv":[15.1877,9.7377],"uv_size":[0.0123,0.0518]},"up":{"uv":[15.1998,9.3419],"uv_size":[-0.0123,-0.0129]},"west":{"uv":[15.2627,9.7377],"uv_size":[0.0123,0.0518]}}},{"origin":[-5.38064,8.25,-0.49906],"size":[3.875,0.25,0.375],"uv":{"down":{"uv":[7.5813,14.2757],"uv_size":[-0.3813,-0.0388]},"east":{"uv":[7.1256,14.6978],"uv_size":[0.0369,0.0259]},"north":{"uv":[6.8187,14.6978],"uv_size":[0.3813,0.0259]},"south":{"uv":[7.2062,14.6978],"uv_size":[0.3813,0.0259]}}},{"origin":[-5.38064,8.375,-0.62406],"size":[3.875,0.125,0.125],"uv":{"down":{"uv":[7.5813,14.2893],"uv_size":[-0.3813,-0.0129]},"east":{"uv":[7.1627,14.6976],"uv_size":[0.0123,0.0129]},"north":{"uv":[6.8187,14.6976],"uv_size":[0.3813,0.0129]}}},{"origin":[-5.38064,8.375,-0.12406],"size":[3.875,0.125,0.125],"uv":{"down":{"uv":[7.5813,14.2366],"uv_size":[-0.3813,-0.0129]},"east":{"uv":[7.1127,14.6976],"uv_size":[0.0123,0.0129]},"south":{"uv":[7.2062,14.6976],"uv_size":[0.3813,0.0129]}}},{"origin":[-1.88064,9,-0.49906],"size":[0.125,0.125,0.375],"uv":{"east":{"uv":[15.1256,9.5792],"uv_size":[0.0369,0.0129]},"north":{"uv":[15.1627,9.5792],"uv_size":[0.0123,0.0129]},"south":{"uv":[15.2252,9.5792],"uv_size":[0.0123,0.0129]},"up":{"uv":[15.2373,9.3415],"uv_size":[-0.0123,-0.0388]},"west":{"uv":[15.2381,9.5792],"uv_size":[0.0369,0.0129]}}},{"origin":[-3.38064,9.25,-0.49906],"size":[1.25,0.125,0.375],"uv":{"down":{"uv":[15.3855,5.8546],"uv_size":[-0.123,-0.0388]},"east":{"uv":[15.1256,6.1844],"uv_size":[0.0369,0.0129]},"north":{"uv":[15.0145,6.1844],"uv_size":[0.123,0.0129]},"south":{"uv":[15.2645,6.1844],"uv_size":[0.123,0.0129]},"up":{"uv":[15.3855,5.9731],"uv_size":[-0.123,-0.0388]},"west":{"uv":[15.2381,6.1844],"uv_size":[0.0369,0.0129]}}},{"origin":[-3.38064,9.375,-0.62406],"size":[1.25,0.375,0.125],"uv":{"down":{"uv":[15.3855,5.8682],"uv_size":[-0.123,-0.0129]},"east":{"uv":[15.1627,6.1454],"uv_size":[0.0123,0.0388]},"north":{"uv":[15.0145,6.1454],"uv_size":[0.123,0.0388]},"south":{"uv":[15.2645,6.1454],"uv_size":[0.123,0.0388]},"up":{"uv":[15.3855,5.934],"uv_size":[-0.123,-0.0129]},"west":{"uv":[15.2252,6.1454],"uv_size":[0.0123,0.0388]}}},{"origin":[-3.38064,9.375,-0.12406],"size":[1.25,0.375,0.125],"uv":{"down":{"uv":[15.3855,5.8156],"uv_size":[-0.123,-0.0129]},"east":{"uv":[15.1127,6.1454],"uv_size":[0.0123,0.0388]},"north":{"uv":[15.0145,6.1454],"uv_size":[0.123,0.0388]},"south":{"uv":[15.2645,6.1454],"uv_size":[0.123,0.0388]},"up":{"uv":[15.3855,5.9866],"uv_size":[-0.123,-0.0129]},"west":{"uv":[15.2752,6.1454],"uv_size":[0.0123,0.0388]}}},{"origin":[-3.38064,9.75,-0.49906],"size":[1.25,0.125,0.375],"uv":{"down":{"uv":[15.3855,5.8546],"uv_size":[-0.123,-0.0388]},"east":{"uv":[15.1256,6.1318],"uv_size":[0.0369,0.0129]},"north":{"uv":[15.0145,6.1318],"uv_size":[0.123,0.0129]},"south":{"uv":[15.2645,6.1318],"uv_size":[0.123,0.0129]},"up":{"uv":[15.3855,5.9731],"uv_size":[-0.123,-0.0388]},"west":{"uv":[15.2381,6.1318],"uv_size":[0.0369,0.0129]}}},{"origin":[-5.38064,8.875,-0.49906],"size":[2.375,0.125,0.375],"uv":{"east":{"uv":[7.1256,14.6449],"uv_size":[0.0369,0.0129]},"north":{"uv":[6.8163,14.6449],"uv_size":[0.2337,0.0129]},"south":{"uv":[7.3538,14.6449],"uv_size":[0.2337,0.0129]},"up":{"uv":[7.5837,14.3941],"uv_size":[-0.2337,-0.0388]}}},{"origin":[-3.25564,9.375,-0.49906],"size":[0.125,0.375,0.375],"uv":{"east":{"uv":[15.1256,4.4612],"uv_size":[0.0369,0.0388]}}},{"origin":[-6.13064,8.375,-0.37406],"size":[0.75,0.125,0.125],"uv":{"down":{"uv":[15.6613,9.2103],"uv_size":[-0.0738,-0.0129]},"east":{"uv":[15.1377,9.6449],"uv_size":[0.0123,0.0129]},"north":{"uv":[14.7387,9.6449],"uv_size":[0.0738,0.0129]},"south":{"uv":[15.5887,9.6449],"uv_size":[0.0738,0.0129]},"up":{"uv":[15.6613,9.3287],"uv_size":[-0.0738,-0.0129]}}},{"origin":[-8.38064,8.625,-0.49906],"size":[3,0.25,0.375],"uv":{"down":{"uv":[15.8827,9.2231],"uv_size":[-0.2952,-0.0388]},"east":{"uv":[15.1256,9.6057],"uv_size":[0.0369,0.0259]},"north":{"uv":[14.5173,9.6057],"uv_size":[0.2952,0.0259]},"south":{"uv":[15.5923,9.6057],"uv_size":[0.2952,0.0259]},"up":{"uv":[15.8827,9.3415],"uv_size":[-0.2952,-0.0388]},"west":{"uv":[15.2381,9.6057],"uv_size":[0.0369,0.0259]}}},{"origin":[-5.88064,8.5,-0.49906],"size":[0.25,0.125,0.25],"uv":{"down":{"uv":[15.6371,9.2233],"uv_size":[-0.0246,-0.0259]},"east":{"uv":[15.1379,9.6318],"uv_size":[0.0246,0.0129]},"north":{"uv":[14.7629,9.6318],"uv_size":[0.0246,0.0129]},"south":{"uv":[15.6129,9.6318],"uv_size":[0.0246,0.0129]},"west":{"uv":[15.2379,9.6318],"uv_size":[0.0246,0.0129]}}},{"origin":[-5.88064,8.625,-0.62406],"size":[0.25,0.25,0.125],"uv":{"down":{"uv":[15.6371,9.2366],"uv_size":[-0.0246,-0.0129]},"east":{"uv":[15.1627,9.6057],"uv_size":[0.0123,0.0259]},"north":{"uv":[14.7629,9.6057],"uv_size":[0.0246,0.0259]},"up":{"uv":[15.6371,9.3024],"uv_size":[-0.0246,-0.0129]},"west":{"uv":[15.2252,9.6057],"uv_size":[0.0123,0.0259]}}},{"origin":[-5.88064,8.625,-0.12406],"size":[0.25,0.25,0.125],"uv":{"down":{"uv":[15.6371,9.184],"uv_size":[-0.0246,-0.0129]},"east":{"uv":[15.1127,9.6057],"uv_size":[0.0123,0.0259]},"south":{"uv":[15.6129,9.6057],"uv_size":[0.0246,0.0259]},"up":{"uv":[15.6371,9.3551],"uv_size":[-0.0246,-0.0129]},"west":{"uv":[15.2752,9.6057],"uv_size":[0.0123,0.0259]}}},{"origin":[-5.88064,8.875,-0.49906],"size":[0.25,0.125,0.375],"uv":{"east":{"uv":[15.1256,9.5923],"uv_size":[0.0369,0.0129]},"north":{"uv":[14.7629,9.5923],"uv_size":[0.0246,0.0129]},"south":{"uv":[15.6129,9.5923],"uv_size":[0.0246,0.0129]},"up":{"uv":[15.6371,9.3415],"uv_size":[-0.0246,-0.0388]},"west":{"uv":[15.2381,9.5923],"uv_size":[0.0369,0.0129]}}},{"origin":[-7.50564,8.5,-0.37406],"size":[0.125,0.125,0.125],"uv":{"down":{"uv":[15.7998,9.2103],"uv_size":[-0.0123,-0.0129]},"east":{"uv":[15.1377,9.6318],"uv_size":[0.0123,0.0129]},"north":{"uv":[14.6002,9.6318],"uv_size":[0.0123,0.0129]},"south":{"uv":[15.7877,9.6318],"uv_size":[0.0123,0.0129]},"west":{"uv":[15.2502,9.6318],"uv_size":[0.0123,0.0129]}}},{"origin":[-7.50564,8.875,-0.37406],"size":[0.125,0.25,0.125],"uv":{"east":{"uv":[15.1377,9.5794],"uv_size":[0.0123,0.0259]},"north":{"uv":[14.6002,9.5794],"uv_size":[0.0123,0.0259]},"south":{"uv":[15.7877,9.5794],"uv_size":[0.0123,0.0259]},"up":{"uv":[15.7998,9.3287],"uv_size":[-0.0123,-0.0129]},"west":{"uv":[15.2502,9.5794],"uv_size":[0.0123,0.0259]}}}],"name":"geyser_custom_z","parent":"geyser_custom_y","pivot":[-0.00235,8.28289,-0.30921],"rotation":[0,-90,0]}],"description":{"identifier":"geometry.geyser_custom.geo_873783c","texture_height":16,"texture_width":16,"visible_bounds_height":4.5,"visible_bounds_offset":[0,0.75,0],"visible_bounds_width":4}}]}