{"format_version":"1.16.0","minecraft:geometry":[{"bones":[{"name":"root","pivot":[0,0,0]},{"name":"waist","parent":"root","pivot":[0,12,0]},{"name":"body","parent":"waist","pivot":[0,24,0]},{"cubes":[{"origin":[-8,12,-2],"size":[4,12,4],"uv":[40,16]}],"name":"rightArm","parent":"body","pivot":[-5,22,0]},{"locators":{"lead_hold":[-6,15,1]},"name":"rightItem","parent":"rightArm","pivot":[-6,15,1]},{"binding":"c.item_slot == 'head' ? 'head' : q.item_slot_to_bone_name(c.item_slot)","name":"geyser_custom","parent":"rightItem","pivot":[0,8,0]},{"name":"geyser_custom_x","parent":"geyser_custom","pivot":[0,8,0]},{"name":"geyser_custom_y","parent":"geyser_custom_x","pivot":[0,8,0]},{"cubes":[{"origin":[4.09304,9.25,-4.24772],"size":[5.5,1.25,1],"uv":{"down":{"uv":[14.646,6.0246],"uv_size":[-0.246,-0.1036]},"east":{"uv":[15.2266,5.7126],"uv_size":[0.0984,0.1295]},"north":{"uv":[15.754,5.7126],"uv_size":[0.246,0.1295]},"south":{"uv":[14.404,5.7126],"uv_size":[0.246,0.1295]},"up":{"uv":[14.646,5.8667],"uv_size":[-0.246,-0.1036]},"west":{"uv":[15.0766,5.7126],"uv_size":[0.0984,0.1295]}}},{"origin":[6.84304,8.25,-4.24772],"size":[2.5,1,1],"uv":{"down":{"uv":[15.971,6.0246],"uv_size":[-0.246,-0.1036]},"east":{"uv":[15.2266,5.8438],"uv_size":[0.0984,0.1036]},"north":{"uv":[14.429,5.8438],"uv_size":[0.246,0.1036]},"south":{"uv":[15.729,5.8438],"uv_size":[0.246,0.1036]},"west":{"uv":[15.0766,5.8438],"uv_size":[0.0984,0.1036]}}},{"origin":[4.84304,9.25,-4.49772],"size":[4.5,1,0.25],"uv":{"down":{"uv":[14.5722,6.0522],"uv_size":[-0.1722,-0.0259]},"east":{"uv":[15.3254,5.7385],"uv_size":[0.0246,0.1036]},"north":{"uv":[15.8278,5.7385],"uv_size":[0.1722,0.1036]},"up":{"uv":[14.5722,5.7627],"uv_size":[-0.1722,-0.0259]},"west":{"uv":[15.0504,5.7385],"uv_size":[0.0246,0.1036]}}},{"origin":[4.84304,9.25,-3.24772],"size":[4.5,1,0.25],"uv":{"down":{"uv":[14.5722,5.9206],"uv_size":[-0.1722,-0.0259]},"east":{"uv":[15.2004,5.7385],"uv_size":[0.0246,0.1036]},"south":{"uv":[14.4028,5.7385],"uv_size":[0.1722,0.1036]},"up":{"uv":[14.5722,5.8943],"uv_size":[-0.1722,-0.0259]},"west":{"uv":[15.1754,5.7385],"uv_size":[0.0246,0.1036]}}},{"origin":[-0.65696,10.5,-3.99772],"size":[10,0.25,0.5],"uv":{"down":{"uv":[15.1134,5.9992],"uv_size":[-0.7134,-0.0518]},"north":{"uv":[15.2866,5.6846],"uv_size":[0.7134,0.0259]},"south":{"uv":[14.4116,5.6846],"uv_size":[0.7134,0.0259]},"up":{"uv":[15.1134,5.8413],"uv_size":[-0.7134,-0.0518]},"west":{"uv":[15.1008,5.6846],"uv_size":[0.0492,0.0259]}}},{"origin":[8.34304,7.5,-3.99772],"size":[0.75,0.75,0.5],"uv":{"down":{"uv":[15.8238,5.9992],"uv_size":[-0.0738,-0.0518]},"east":{"uv":[15.2508,5.9486],"uv_size":[0.0492,0.0777]},"north":{"uv":[14.5762,5.9486],"uv_size":[0.0738,0.0777]},"south":{"uv":[15.7512,5.9486],"uv_size":[0.0738,0.0777]},"west":{"uv":[15.1008,5.9486],"uv_size":[0.0492,0.0777]}}},{"origin":[8.34304,7.75,-4.24772],"size":[0.75,0.5,0.25],"uv":{"down":{"uv":[15.8238,6.0259],"uv_size":[-0.0738,-0.0259]},"east":{"uv":[15.3004,5.9482],"uv_size":[0.0246,0.0518]},"north":{"uv":[14.5762,5.9482],"uv_size":[0.0738,0.0518]},"west":{"uv":[15.0754,5.9482],"uv_size":[0.0246,0.0518]}}},{"origin":[8.34304,7.75,-3.49772],"size":[0.75,0.5,0.25],"uv":{"down":{"uv":[15.8238,5.9469],"uv_size":[-0.0738,-0.0259]},"east":{"uv":[15.2254,5.9482],"uv_size":[0.0246,0.0518]},"south":{"uv":[15.7512,5.9482],"uv_size":[0.0738,0.0518]},"west":{"uv":[15.1504,5.9482],"uv_size":[0.0246,0.0518]}}},{"origin":[7.59304,8.25,-4.49772],"size":[1.5,1,0.25],"uv":{"down":{"uv":[15.8976,6.0522],"uv_size":[-0.1476,-0.0259]},"east":{"uv":[15.3254,5.8438],"uv_size":[0.0246,0.1036]},"north":{"uv":[14.5024,5.8438],"uv_size":[0.1476,0.1036]},"west":{"uv":[15.0504,5.8438],"uv_size":[0.0246,0.1036]}}},{"origin":[7.59304,8.25,-3.24772],"size":[1.5,1,0.25],"uv":{"down":{"uv":[15.8976,5.9206],"uv_size":[-0.1476,-0.0259]},"east":{"uv":[15.2004,5.8438],"uv_size":[0.0246,0.1036]},"south":{"uv":[15.7524,5.8438],"uv_size":[0.1476,0.1036]},"west":{"uv":[15.1754,5.8438],"uv_size":[0.0246,0.1036]}}},{"origin":[8.34304,8,-4.49772],"size":[0.5,0.25,0.25],"uv":{"down":{"uv":[15.8242,6.0522],"uv_size":[-0.0492,-0.0259]},"east":{"uv":[15.3254,5.9478],"uv_size":[0.0246,0.0259]},"north":{"uv":[14.5758,5.9478],"uv_size":[0.0492,0.0259]},"west":{"uv":[15.0504,5.9478],"uv_size":[0.0246,0.0259]}}},{"origin":[8.34304,8,-3.24772],"size":[0.5,0.25,0.25],"uv":{"down":{"uv":[15.8242,5.9206],"uv_size":[-0.0492,-0.0259]},"east":{"uv":[15.2004,5.9478],"uv_size":[0.0246,0.0259]},"south":{"uv":[15.7758,5.9478],"uv_size":[0.0492,0.0259]},"west":{"uv":[15.1754,5.9478],"uv_size":[0.0246,0.0259]}}},{"origin":[7.59304,7.75,-3.99772],"size":[0.75,0.5,0.5],"uv":{"down":{"uv":[15.8988,5.9992],"uv_size":[-0.0738,-0.0518]},"east":{"uv":[15.2508,5.9482],"uv_size":[0.0492,0.0518]},"north":{"uv":[14.5012,5.9482],"uv_size":[0.0738,0.0518]},"south":{"uv":[15.8262,5.9482],"uv_size":[0.0738,0.0518]}}},{"origin":[7.59304,8,-4.24772],"size":[0.75,0.25,0.25],"uv":{"down":{"uv":[15.8988,6.0259],"uv_size":[-0.0738,-0.0259]},"east":{"uv":[15.3004,5.9478],"uv_size":[0.0246,0.0259]},"north":{"uv":[14.5012,5.9478],"uv_size":[0.0738,0.0259]}}},{"origin":[7.59304,8,-3.49772],"size":[0.75,0.25,0.25],"uv":{"down":{"uv":[15.8988,5.9469],"uv_size":[-0.0738,-0.0259]},"east":{"uv":[15.2254,5.9478],"uv_size":[0.0246,0.0259]},"south":{"uv":[15.8262,5.9478],"uv_size":[0.0738,0.0259]}}},{"origin":[6.84304,8,-3.99772],"size":[0.75,0.25,0.5],"uv":{"down":{"uv":[15.9738,5.9992],"uv_size":[-0.0738,-0.0518]},"east":{"uv":[15.2508,5.9478],"uv_size":[0.0492,0.0259]},"north":{"uv":[14.4262,5.9478],"uv_size":[0.0738,0.0259]},"south":{"uv":[15.9012,5.9478],"uv_size":[0.0738,0.0259]}}},{"origin":[6.84304,8.5,-4.49772],"size":[0.75,0.75,0.25],"uv":{"down":{"uv":[15.9738,6.0522],"uv_size":[-0.0738,-0.0259]},"east":{"uv":[15.3254,5.8434],"uv_size":[0.0246,0.0777]},"north":{"uv":[14.4262,5.8434],"uv_size":[0.0738,0.0777]}}},{"origin":[6.84304,8.5,-3.24772],"size":[0.75,0.75,0.25],"uv":{"down":{"uv":[15.9738,5.9206],"uv_size":[-0.0738,-0.0259]},"east":{"uv":[15.2004,5.8434],"uv_size":[0.0246,0.0777]},"south":{"uv":[15.9012,5.8434],"uv_size":[0.0738,0.0777]}}},{"origin":[6.09304,8.25,-3.99772],"size":[0.75,1,0.5],"uv":{"down":{"uv":[14.4492,5.9992],"uv_size":[-0.0492,-0.0518]},"east":{"uv":[15.2508,5.8438],"uv_size":[0.0492,0.1036]},"north":{"uv":[15.9508,5.8438],"uv_size":[0.0492,0.1036]},"south":{"uv":[14.4008,5.8438],"uv_size":[0.0492,0.1036]}}},{"origin":[6.09304,8.5,-4.24772],"size":[0.75,0.75,0.25],"uv":{"down":{"uv":[14.4492,6.0259],"uv_size":[-0.0492,-0.0259]},"east":{"uv":[15.3004,5.8434],"uv_size":[0.0246,0.0777]},"north":{"uv":[15.9508,5.8434],"uv_size":[0.0492,0.0777]}}},{"origin":[6.09304,8.5,-3.49772],"size":[0.75,0.75,0.25],"uv":{"down":{"uv":[14.4492,5.9469],"uv_size":[-0.0492,-0.0259]},"east":{"uv":[15.2254,5.8434],"uv_size":[0.0246,0.0777]},"south":{"uv":[14.4008,5.8434],"uv_size":[0.0492,0.0777]}}},{"origin":[6.09304,8.75,-4.49772],"size":[0.75,0.5,0.25],"uv":{"down":{"uv":[14.4492,6.0522],"uv_size":[-0.0492,-0.0259]},"east":{"uv":[15.3254,5.8429],"uv_size":[0.0246,0.0518]},"north":{"uv":[15.9508,5.8429],"uv_size":[0.0492,0.0518]}}},{"origin":[6.09304,8.75,-3.24772],"size":[0.75,0.5,0.25],"uv":{"down":{"uv":[14.4492,5.9206],"uv_size":[-0.0492,-0.0259]},"east":{"uv":[15.2004,5.8429],"uv_size":[0.0246,0.0518]},"south":{"uv":[14.4008,5.8429],"uv_size":[0.0492,0.0518]}}},{"origin":[5.59304,8.5,-3.99772],"size":[0.5,0.75,0.5],"uv":{"down":{"uv":[14.4992,5.9992],"uv_size":[-0.0492,-0.0518]},"east":{"uv":[15.2508,5.8434],"uv_size":[0.0492,0.0777]},"north":{"uv":[15.9008,5.8434],"uv_size":[0.0492,0.0777]},"south":{"uv":[14.4508,5.8434],"uv_size":[0.0492,0.0777]}}},{"origin":[5.59304,8.75,-4.24772],"size":[0.5,0.5,0.25],"uv":{"down":{"uv":[14.4992,6.0259],"uv_size":[-0.0492,-0.0259]},"east":{"uv":[15.3004,5.8429],"uv_size":[0.0246,0.0518]},"north":{"uv":[15.9008,5.8429],"uv_size":[0.0492,0.0518]}}},{"origin":[5.59304,8.75,-3.49772],"size":[0.5,0.5,0.25],"uv":{"down":{"uv":[14.4992,5.9469],"uv_size":[-0.0492,-0.0259]},"east":{"uv":[15.2254,5.8429],"uv_size":[0.0246,0.0518]},"south":{"uv":[14.4508,5.8429],"uv_size":[0.0492,0.0518]}}},{"origin":[5.59304,9,-4.49772],"size":[0.5,0.25,0.25],"uv":{"down":{"uv":[14.4992,6.0522],"uv_size":[-0.0492,-0.0259]},"east":{"uv":[15.3254,5.8425],"uv_size":[0.0246,0.0259]},"north":{"uv":[15.9008,5.8425],"uv_size":[0.0492,0.0259]}}},{"origin":[5.59304,9,-3.24772],"size":[0.5,0.25,0.25],"uv":{"down":{"uv":[14.4992,5.9206],"uv_size":[-0.0492,-0.0259]},"east":{"uv":[15.2004,5.8425],"uv_size":[0.0246,0.0259]},"south":{"uv":[14.4508,5.8425],"uv_size":[0.0492,0.0259]}}},{"origin":[4.84304,8.75,-3.99772],"size":[0.75,0.5,0.5],"uv":{"down":{"uv":[14.5738,5.9992],"uv_size":[-0.0738,-0.0518]},"east":{"uv":[15.2508,5.8429],"uv_size":[0.0492,0.0518]},"north":{"uv":[15.8262,5.8429],"uv_size":[0.0738,0.0518]},"south":{"uv":[14.5012,5.8429],"uv_size":[0.0738,0.0518]}}},{"origin":[4.84304,9,-4.24772],"size":[0.75,0.25,0.25],"uv":{"down":{"uv":[14.5738,6.0259],"uv_size":[-0.0738,-0.0259]},"east":{"uv":[15.3004,5.8425],"uv_size":[0.0246,0.0259]},"north":{"uv":[15.8262,5.8425],"uv_size":[0.0738,0.0259]}}},{"origin":[4.84304,9,-3.49772],"size":[0.75,0.25,0.25],"uv":{"down":{"uv":[14.5738,5.9469],"uv_size":[-0.0738,-0.0259]},"east":{"uv":[15.2254,5.8425],"uv_size":[0.0246,0.0259]},"south":{"uv":[14.5012,5.8425],"uv_size":[0.0738,0.0259]}}},{"origin":[4.09304,9,-3.99772],"size":[0.75,0.25,0.5],"uv":{"down":{"uv":[14.6488,5.9992],"uv_size":[-0.0738,-0.0518]},"east":{"uv":[15.2508,5.8425],"uv_size":[0.0492,0.0259]},"north":{"uv":[15.7512,5.8425],"uv_size":[0.0738,0.0259]},"south":{"uv":[14.5762,5.8425],"uv_size":[0.0738,0.0259]}}},{"origin":[4.09304,9.5,-4.49772],"size":[0.75,0.75,0.25],"uv":{"down":{"uv":[14.6488,6.0522],"uv_size":[-0.0738,-0.0259]},"east":{"uv":[15.3254,5.7381],"uv_size":[0.0246,0.0777]},"north":{"uv":[15.7512,5.7381],"uv_size":[0.0738,0.0777]},"up":{"uv":[14.6488,5.7627],"uv_size":[-0.0738,-0.0259]}}},{"origin":[4.09304,9.5,-3.24772],"size":[0.75,0.75,0.25],"uv":{"down":{"uv":[14.6488,5.9206],"uv_size":[-0.0738,-0.0259]},"east":{"uv":[15.2004,5.7381],"uv_size":[0.0246,0.0777]},"south":{"uv":[14.5762,5.7381],"uv_size":[0.0738,0.0777]},"up":{"uv":[14.6488,5.8943],"uv_size":[-0.0738,-0.0259]}}},{"origin":[3.09304,6.75,-4.24772],"size":[1.25,0.5,1],"uv":{"down":{"uv":[14.748,9.3931],"uv_size":[-0.123,-0.1036]},"east":{"uv":[15.2266,9.4219],"uv_size":[0.0984,0.0518]},"north":{"uv":[15.652,9.4219],"uv_size":[0.123,0.0518]},"south":{"uv":[14.627,9.4219],"uv_size":[0.123,0.0518]},"up":{"uv":[14.748,9.2352],"uv_size":[-0.123,-0.1036]},"west":{"uv":[15.0766,9.4219],"uv_size":[0.0984,0.0518]}}},{"origin":[3.09304,7,-4.49772],"size":[1,0.25,0.25],"uv":{"down":{"uv":[14.7484,9.4206],"uv_size":[-0.0984,-0.0259]},"east":{"uv":[15.3254,9.4215],"uv_size":[0.0246,0.0259]},"north":{"uv":[15.6516,9.4215],"uv_size":[0.0984,0.0259]},"up":{"uv":[14.7484,9.1312],"uv_size":[-0.0984,-0.0259]},"west":{"uv":[15.0504,9.4215],"uv_size":[0.0246,0.0259]}}},{"origin":[3.09304,7,-3.24772],"size":[1,0.25,0.25],"uv":{"down":{"uv":[14.7484,9.2891],"uv_size":[-0.0984,-0.0259]},"east":{"uv":[15.2004,9.4215],"uv_size":[0.0246,0.0259]},"south":{"uv":[14.6516,9.4215],"uv_size":[0.0984,0.0259]},"up":{"uv":[14.7484,9.2627],"uv_size":[-0.0984,-0.0259]},"west":{"uv":[15.1754,9.4215],"uv_size":[0.0246,0.0259]}}},{"origin":[2.84304,7.25,-4.24772],"size":[1.25,0.5,1],"uv":{"down":{"uv":[14.773,9.3931],"uv_size":[-0.123,-0.1036]},"east":{"uv":[15.2266,9.3693],"uv_size":[0.0984,0.0518]},"north":{"uv":[15.627,9.3693],"uv_size":[0.123,0.0518]},"south":{"uv":[14.652,9.3693],"uv_size":[0.123,0.0518]},"up":{"uv":[14.773,9.2352],"uv_size":[-0.123,-0.1036]},"west":{"uv":[15.0766,9.3693],"uv_size":[0.0984,0.0518]}}},{"origin":[-0.15696,9.25,-3.99772],"size":[4.25,1,0.25],"uv":{"down":{"uv":[15.0682,5.9996],"uv_size":[-0.4182,-0.0259]},"north":{"uv":[15.3318,5.7385],"uv_size":[0.4182,0.1036]},"south":{"uv":[14.6568,5.7385],"uv_size":[0.4182,0.1036]}}},{"origin":[3.34304,9.25,-3.74772],"size":[0.75,0.25,0.25],"uv":{"down":{"uv":[14.7238,5.9733],"uv_size":[-0.0738,-0.0259]},"south":{"uv":[14.6512,5.8162],"uv_size":[0.0738,0.0259]},"up":{"uv":[14.7238,5.8417],"uv_size":[-0.0738,-0.0259]}}},{"origin":[3.34304,9.5,-4.24772],"size":[0.75,0.25,0.25],"uv":{"down":{"uv":[14.7238,6.0259],"uv_size":[-0.0738,-0.0259]},"north":{"uv":[15.6762,5.7899],"uv_size":[0.0738,0.0259]},"up":{"uv":[14.7238,5.7891],"uv_size":[-0.0738,-0.0259]}}},{"origin":[3.84304,9.5,-3.74772],"size":[0.25,0.5,0.25],"uv":{"south":{"uv":[14.6504,5.764],"uv_size":[0.0246,0.0518]}}},{"origin":[-0.40696,9.5,-3.49772],"size":[4.5,0.25,0.25],"uv":{"down":{"uv":[15.0928,5.9469],"uv_size":[-0.4428,-0.0259]},"north":{"uv":[15.3072,5.7899],"uv_size":[0.4428,0.0259]},"south":{"uv":[14.6572,5.7899],"uv_size":[0.4428,0.0259]}}},{"origin":[3.34304,9.75,-4.49772],"size":[0.75,0.5,0.25],"uv":{"down":{"uv":[14.7238,6.0522],"uv_size":[-0.0738,-0.0259]},"north":{"uv":[15.6762,5.7377],"uv_size":[0.0738,0.0518]},"south":{"uv":[14.6512,5.7377],"uv_size":[0.0738,0.0518]},"up":{"uv":[14.7238,5.7627],"uv_size":[-0.0738,-0.0259]}}},{"origin":[3.59304,9.75,-4.24772],"size":[0.5,0.25,0.25],"uv":{"up":{"uv":[14.6992,5.7891],"uv_size":[-0.0492,-0.0259]}}},{"origin":[-0.90696,9.75,-3.49772],"size":[5,0.5,0.25],"uv":{"down":{"uv":[15.142,9.3154],"uv_size":[-0.492,-0.0259]},"east":{"uv":[15.2254,9.1061],"uv_size":[0.0246,0.0518]},"north":{"uv":[15.258,9.1061],"uv_size":[0.492,0.0518]},"south":{"uv":[14.658,9.1061],"uv_size":[0.492,0.0518]},"up":{"uv":[15.142,9.2364],"uv_size":[-0.492,-0.0259]}}},{"origin":[3.34304,9.75,-3.24772],"size":[0.75,0.5,0.25],"uv":{"down":{"uv":[14.7238,5.9206],"uv_size":[-0.0738,-0.0259]},"south":{"uv":[14.6512,5.7377],"uv_size":[0.0738,0.0518]},"up":{"uv":[14.7238,5.8943],"uv_size":[-0.0738,-0.0259]}}},{"origin":[3.84304,10,-4.24772],"size":[0.25,0.5,0.25],"uv":{"east":{"uv":[15.3004,5.7114],"uv_size":[0.0246,0.0518]},"north":{"uv":[15.7254,5.7114],"uv_size":[0.0246,0.0518]},"south":{"uv":[14.6504,5.7114],"uv_size":[0.0246,0.0518]},"up":{"uv":[14.6746,5.7891],"uv_size":[-0.0246,-0.0259]}}},{"origin":[-10.90696,10,-3.74772],"size":[15,0.25,0.25],"uv":{"down":{"uv":[15.984,9.3417],"uv_size":[-1.334,-0.0259]},"east":{"uv":[15.2504,9.1057],"uv_size":[0.0246,0.0259]},"north":{"uv":[14.416,9.1057],"uv_size":[1.334,0.0259]},"south":{"uv":[14.666,9.1057],"uv_size":[1.334,0.0259]},"up":{"uv":[15.984,9.2101],"uv_size":[-1.334,-0.0259]}}},{"origin":[-0.90696,10.25,-3.99772],"size":[5,0.25,0.5],"uv":{"down":{"uv":[15.142,9.3676],"uv_size":[-0.492,-0.0518]},"north":{"uv":[15.258,9.0794],"uv_size":[0.492,0.0259]},"south":{"uv":[14.658,9.0794],"uv_size":[0.492,0.0259]},"up":{"uv":[15.142,9.2097],"uv_size":[-0.492,-0.0518]}}},{"origin":[3.34304,10.25,-3.49772],"size":[0.75,0.25,0.25],"uv":{"south":{"uv":[14.6512,5.7109],"uv_size":[0.0738,0.0259]},"up":{"uv":[14.7238,5.868],"uv_size":[-0.0738,-0.0259]}}},{"origin":[3.09304,7.25,-4.49772],"size":[0.75,0.25,0.25],"uv":{"east":{"uv":[15.3254,9.3952],"uv_size":[0.0246,0.0259]},"north":{"uv":[15.6512,9.3952],"uv_size":[0.0738,0.0259]},"up":{"uv":[14.7488,9.1312],"uv_size":[-0.0738,-0.0259]},"west":{"uv":[15.0504,9.3952],"uv_size":[0.0246,0.0259]}}},{"origin":[3.09304,7.25,-3.24772],"size":[0.75,0.5,0.25],"uv":{"east":{"uv":[15.2004,9.3693],"uv_size":[0.0246,0.0518]},"south":{"uv":[14.6762,9.3693],"uv_size":[0.0738,0.0518]},"up":{"uv":[14.7488,9.2627],"uv_size":[-0.0738,-0.0259]},"west":{"uv":[15.1754,9.3693],"uv_size":[0.0246,0.0518]}}},{"origin":[2.59304,7.75,-4.24772],"size":[1.25,0.5,1],"uv":{"down":{"uv":[14.798,9.3931],"uv_size":[-0.123,-0.1036]},"east":{"uv":[15.2266,9.3166],"uv_size":[0.0984,0.0518]},"north":{"uv":[15.602,9.3166],"uv_size":[0.123,0.0518]},"south":{"uv":[14.677,9.3166],"uv_size":[0.123,0.0518]},"up":{"uv":[14.798,9.2352],"uv_size":[-0.123,-0.1036]},"west":{"uv":[15.0766,9.3166],"uv_size":[0.0984,0.0518]}}},{"origin":[-0.90696,9.5,-3.74772],"size":[4.75,0.5,0.25],"uv":{"down":{"uv":[15.1424,9.3417],"uv_size":[-0.4674,-0.0259]},"east":{"uv":[15.2504,9.1324],"uv_size":[0.0246,0.0518]},"north":{"uv":[15.2576,9.1324],"uv_size":[0.4674,0.0518]},"south":{"uv":[14.6826,9.1324],"uv_size":[0.4674,0.0518]}}},{"origin":[-0.90696,10,-4.24772],"size":[4.75,0.25,0.25],"uv":{"down":{"uv":[15.1424,9.3943],"uv_size":[-0.4674,-0.0259]},"north":{"uv":[15.2576,9.1057],"uv_size":[0.4674,0.0259]},"south":{"uv":[14.6826,9.1057],"uv_size":[0.4674,0.0259]},"up":{"uv":[15.1424,9.1575],"uv_size":[-0.4674,-0.0259]}}},{"origin":[3.34304,10.25,-4.24772],"size":[0.5,0.25,0.25],"uv":{"north":{"uv":[15.6758,5.7109],"uv_size":[0.0492,0.0259]},"up":{"uv":[14.7242,5.7891],"uv_size":[-0.0492,-0.0259]}}},{"origin":[2.84304,7.5,-4.49772],"size":[0.75,0.5,0.25],"uv":{"down":{"uv":[14.7738,9.4206],"uv_size":[-0.0738,-0.0259]},"east":{"uv":[15.3254,9.3429],"uv_size":[0.0246,0.0518]},"north":{"uv":[15.6262,9.3429],"uv_size":[0.0738,0.0518]},"south":{"uv":[14.7012,9.3429],"uv_size":[0.0738,0.0518]},"up":{"uv":[14.7738,9.1312],"uv_size":[-0.0738,-0.0259]},"west":{"uv":[15.0504,9.3429],"uv_size":[0.0246,0.0518]}}},{"origin":[2.84304,7.75,-3.24772],"size":[0.75,0.5,0.25],"uv":{"down":{"uv":[14.7738,9.2891],"uv_size":[-0.0738,-0.0259]},"east":{"uv":[15.2004,9.3166],"uv_size":[0.0246,0.0518]},"south":{"uv":[14.7012,9.3166],"uv_size":[0.0738,0.0518]},"up":{"uv":[14.7738,9.2627],"uv_size":[-0.0738,-0.0259]},"west":{"uv":[15.1754,9.3166],"uv_size":[0.0246,0.0518]}}},{"origin":[2.34304,8.25,-4.24772],"size":[1.25,0.25,1],"uv":{"down":{"uv":[14.823,9.3931],"uv_size":[-0.123,-0.1036]},"east":{"uv":[15.2266,9.2899],"uv_size":[0.0984,0.0259]},"north":{"uv":[15.577,9.2899],"uv_size":[0.123,0.0259]},"south":{"uv":[14.702,9.2899],"uv_size":[0.123,0.0259]},"up":{"uv":[14.823,9.2352],"uv_size":[-0.123,-0.1036]},"west":{"uv":[15.0766,9.2899],"uv_size":[0.0984,0.0259]}}},{"origin":[-0.90696,9.75,-4.24772],"size":[4.5,0.25,0.25],"uv":{"down":{"uv":[15.1428,9.3943],"uv_size":[-0.4428,-0.0259]},"north":{"uv":[15.2572,9.132],"uv_size":[0.4428,0.0259]},"south":{"uv":[14.7072,9.132],"uv_size":[0.4428,0.0259]}}},{"origin":[3.09304,10.75,-4.74772],"size":[0.5,0.25,0.25],"uv":{"down":{"uv":[14.7492,9.4469],"uv_size":[-0.0492,-0.0259]},"east":{"uv":[15.3504,9.0267],"uv_size":[0.0246,0.0259]},"north":{"uv":[15.6508,9.0267],"uv_size":[0.0492,0.0259]},"south":{"uv":[14.7008,9.0267],"uv_size":[0.0492,0.0259]},"up":{"uv":[14.7492,9.1048],"uv_size":[-0.0492,-0.0259]},"west":{"uv":[15.0254,9.0267],"uv_size":[0.0246,0.0259]}}},{"origin":[3.34304,10.75,-4.49772],"size":[0.25,0.25,1.75],"uv":{"down":{"uv":[14.7246,9.4181],"uv_size":[-0.0246,-0.1813]},"east":{"uv":[15.1778,9.0267],"uv_size":[0.1722,0.0259]},"south":{"uv":[14.7004,9.0267],"uv_size":[0.0246,0.0259]},"up":{"uv":[14.7246,9.2865],"uv_size":[-0.0246,-0.1813]},"west":{"uv":[15.0528,9.0267],"uv_size":[0.1722,0.0259]}}},{"origin":[2.59304,8,-4.49772],"size":[0.75,0.5,0.25],"uv":{"down":{"uv":[14.7988,9.4206],"uv_size":[-0.0738,-0.0259]},"east":{"uv":[15.3254,9.2903],"uv_size":[0.0246,0.0518]},"north":{"uv":[15.6012,9.2903],"uv_size":[0.0738,0.0518]},"south":{"uv":[14.7262,9.2903],"uv_size":[0.0738,0.0518]},"up":{"uv":[14.7988,9.1312],"uv_size":[-0.0738,-0.0259]},"west":{"uv":[15.0504,9.2903],"uv_size":[0.0246,0.0518]}}},{"origin":[2.34304,8.25,-3.24772],"size":[1,0.25,0.25],"uv":{"down":{"uv":[14.8234,9.2891],"uv_size":[-0.0984,-0.0259]},"east":{"uv":[15.2004,9.2899],"uv_size":[0.0246,0.0259]},"south":{"uv":[14.7266,9.2899],"uv_size":[0.0984,0.0259]},"up":{"uv":[14.8234,9.2627],"uv_size":[-0.0984,-0.0259]},"west":{"uv":[15.1754,9.2899],"uv_size":[0.0246,0.0259]}}},{"origin":[2.34304,8.5,-4.24772],"size":[1,0.25,1],"uv":{"east":{"uv":[15.2266,9.2636],"uv_size":[0.0984,0.0259]},"north":{"uv":[15.5766,9.2636],"uv_size":[0.0984,0.0259]},"south":{"uv":[14.7266,9.2636],"uv_size":[0.0984,0.0259]},"up":{"uv":[14.8234,9.2352],"uv_size":[-0.0984,-0.1036]},"west":{"uv":[15.0766,9.2636],"uv_size":[0.0984,0.0259]}}},{"origin":[-0.40696,9,-4.49772],"size":[3.75,1.75,0.25],"uv":{"down":{"uv":[15.094,9.4206],"uv_size":[-0.369,-0.0259]},"east":{"uv":[15.3254,9.0556],"uv_size":[0.0246,0.1813]},"north":{"uv":[15.306,9.0556],"uv_size":[0.369,0.1813]},"south":{"uv":[14.731,9.0556],"uv_size":[0.369,0.1813]},"up":{"uv":[15.094,9.1312],"uv_size":[-0.369,-0.0259]},"west":{"uv":[15.0504,9.0556],"uv_size":[0.0246,0.1813]}}},{"origin":[-0.40696,9,-4.24772],"size":[3.75,0.75,0.25],"uv":{"down":{"uv":[15.094,9.3943],"uv_size":[-0.369,-0.0259]},"east":{"uv":[15.3004,9.1592],"uv_size":[0.0246,0.0777]},"south":{"uv":[14.731,9.1592],"uv_size":[0.369,0.0777]},"west":{"uv":[15.0754,9.1592],"uv_size":[0.0246,0.0777]}}},{"origin":[-0.40696,9,-3.99772],"size":[3.75,0.25,1],"uv":{"down":{"uv":[15.094,9.3667],"uv_size":[-0.369,-0.1036]},"east":{"uv":[15.2016,9.2109],"uv_size":[0.0984,0.0259]},"south":{"uv":[14.731,9.2109],"uv_size":[0.369,0.0259]},"up":{"uv":[15.094,9.2615],"uv_size":[-0.369,-0.1036]},"west":{"uv":[15.1016,9.2109],"uv_size":[0.0984,0.0259]}}},{"origin":[-0.40696,9.25,-3.74772],"size":[3.75,0.25,0.75],"uv":{"east":{"uv":[15.2012,9.1846],"uv_size":[0.0738,0.0259]},"north":{"uv":[15.306,9.1846],"uv_size":[0.369,0.0259]},"south":{"uv":[14.731,9.1846],"uv_size":[0.369,0.0259]},"up":{"uv":[15.094,9.2619],"uv_size":[-0.369,-0.0777]},"west":{"uv":[15.1262,9.1846],"uv_size":[0.0738,0.0259]}}},{"origin":[-0.90696,9.5,-3.24772],"size":[4.25,1.25,0.25],"uv":{"down":{"uv":[15.1432,9.2891],"uv_size":[-0.4182,-0.0259]},"east":{"uv":[15.2004,9.0547],"uv_size":[0.0246,0.1295]},"north":{"uv":[15.2568,9.0547],"uv_size":[0.4182,0.1295]},"south":{"uv":[14.7318,9.0547],"uv_size":[0.4182,0.1295]},"up":{"uv":[15.1432,9.2627],"uv_size":[-0.4182,-0.0259]},"west":{"uv":[15.1754,9.0547],"uv_size":[0.0246,0.1295]}}},{"origin":[-0.90696,10.25,-4.24772],"size":[4.25,0.5,0.25],"uv":{"east":{"uv":[15.3004,9.0535],"uv_size":[0.0246,0.0518]},"north":{"uv":[15.2568,9.0535],"uv_size":[0.4182,0.0518]},"south":{"uv":[14.7318,9.0535],"uv_size":[0.4182,0.0518]},"up":{"uv":[15.1432,9.1575],"uv_size":[-0.4182,-0.0259]},"west":{"uv":[15.0754,9.0535],"uv_size":[0.0246,0.0518]}}},{"origin":[-0.90696,10.25,-3.49772],"size":[4.25,0.5,0.25],"uv":{"east":{"uv":[15.2254,9.0535],"uv_size":[0.0246,0.0518]},"north":{"uv":[15.2568,9.0535],"uv_size":[0.4182,0.0518]},"up":{"uv":[15.1432,9.2364],"uv_size":[-0.4182,-0.0259]},"west":{"uv":[15.1504,9.0535],"uv_size":[0.0246,0.0518]}}},{"origin":[0.84304,10.25,-2.99772],"size":[2.5,0.5,0.25],"uv":{"down":{"uv":[14.971,9.2627],"uv_size":[-0.246,-0.0259]},"east":{"uv":[15.1754,9.0535],"uv_size":[0.0246,0.0518]},"south":{"uv":[14.729,9.0535],"uv_size":[0.246,0.0518]},"up":{"uv":[14.971,9.2891],"uv_size":[-0.246,-0.0259]},"west":{"uv":[15.2004,9.0535],"uv_size":[0.0246,0.0518]}}},{"origin":[2.59304,10.25,-2.74772],"size":[0.75,0.5,0.25],"uv":{"down":{"uv":[14.7988,9.2364],"uv_size":[-0.0738,-0.0259]},"east":{"uv":[15.1504,9.0535],"uv_size":[0.0246,0.0518]},"south":{"uv":[14.7262,9.0535],"uv_size":[0.0738,0.0518]},"up":{"uv":[14.7988,9.3154],"uv_size":[-0.0738,-0.0259]},"west":{"uv":[15.2254,9.0535],"uv_size":[0.0246,0.0518]}}},{"origin":[-0.65696,10.75,-4.24772],"size":[4,0.25,1],"uv":{"down":{"uv":[15.1186,9.3931],"uv_size":[-0.3936,-0.1036]},"east":{"uv":[15.2266,9.0267],"uv_size":[0.0984,0.0259]},"north":{"uv":[15.2814,9.0267],"uv_size":[0.3936,0.0259]},"south":{"uv":[14.7314,9.0267],"uv_size":[0.3936,0.0259]},"up":{"uv":[15.1186,9.2352],"uv_size":[-0.3936,-0.1036]}}},{"origin":[3.09304,10.75,-2.99772],"size":[0.25,0.25,0.25],"uv":{"east":{"uv":[15.1754,9.0267],"uv_size":[0.0246,0.0259]},"north":{"uv":[15.6504,9.0267],"uv_size":[0.0246,0.0259]},"south":{"uv":[14.7254,9.0267],"uv_size":[0.0246,0.0259]},"up":{"uv":[14.7496,9.2891],"uv_size":[-0.0246,-0.0259]}}},{"origin":[1.84304,11,-4.24772],"size":[1.5,0.25,1],"uv":{"east":{"uv":[15.2266,9.0004],"uv_size":[0.0984,0.0259]},"north":{"uv":[15.5274,9.0004],"uv_size":[0.1476,0.0259]},"south":{"uv":[14.7274,9.0004],"uv_size":[0.1476,0.0259]},"up":{"uv":[14.8726,9.2352],"uv_size":[-0.1476,-0.1036]},"west":{"uv":[15.0766,9.0004],"uv_size":[0.0984,0.0259]}}},{"origin":[2.84304,7,-4.24772],"size":[0.25,0.25,1],"uv":{"down":{"uv":[14.7746,9.3931],"uv_size":[-0.0246,-0.1036]},"east":{"uv":[15.2266,9.4215],"uv_size":[0.0984,0.0259]},"north":{"uv":[15.6254,9.4215],"uv_size":[0.0246,0.0259]},"south":{"uv":[14.7504,9.4215],"uv_size":[0.0246,0.0259]}}},{"origin":[2.84304,7.5,-3.24772],"size":[0.25,0.25,0.25],"uv":{"down":{"uv":[14.7746,9.2891],"uv_size":[-0.0246,-0.0259]},"east":{"uv":[15.2004,9.3688],"uv_size":[0.0246,0.0259]},"south":{"uv":[14.7504,9.3688],"uv_size":[0.0246,0.0259]}}},{"origin":[2.34304,8.5,-4.49772],"size":[0.75,0.5,0.25],"uv":{"down":{"uv":[14.8238,9.4206],"uv_size":[-0.0738,-0.0259]},"east":{"uv":[15.3254,9.2377],"uv_size":[0.0246,0.0518]},"north":{"uv":[15.5762,9.2377],"uv_size":[0.0738,0.0518]},"south":{"uv":[14.7512,9.2377],"uv_size":[0.0738,0.0518]},"west":{"uv":[15.0504,9.2377],"uv_size":[0.0246,0.0518]}}},{"origin":[2.34304,8.5,-3.24772],"size":[0.75,0.5,0.25],"uv":{"east":{"uv":[15.2004,9.2377],"uv_size":[0.0246,0.0518]},"north":{"uv":[15.5762,9.2377],"uv_size":[0.0738,0.0518]},"south":{"uv":[14.7512,9.2377],"uv_size":[0.0738,0.0518]},"west":{"uv":[15.1754,9.2377],"uv_size":[0.0246,0.0518]}}},{"origin":[-0.40696,8.75,-4.24772],"size":[3.5,0.25,1],"uv":{"down":{"uv":[15.0944,9.3931],"uv_size":[-0.3444,-0.1036]},"east":{"uv":[15.2266,9.2373],"uv_size":[0.0984,0.0259]},"north":{"uv":[15.3056,9.2373],"uv_size":[0.3444,0.0259]},"south":{"uv":[14.7556,9.2373],"uv_size":[0.3444,0.0259]},"up":{"uv":[15.0944,9.2352],"uv_size":[-0.3444,-0.1036]},"west":{"uv":[15.0766,9.2373],"uv_size":[0.0984,0.0259]}}},{"origin":[-0.65696,10,-4.74772],"size":[3.75,0.5,0.25],"uv":{"down":{"uv":[15.119,9.4469],"uv_size":[-0.369,-0.0259]},"east":{"uv":[15.3504,9.0798],"uv_size":[0.0246,0.0518]},"north":{"uv":[15.281,9.0798],"uv_size":[0.369,0.0518]},"south":{"uv":[14.756,9.0798],"uv_size":[0.369,0.0518]},"up":{"uv":[15.119,9.1048],"uv_size":[-0.369,-0.0259]},"west":{"uv":[15.0254,9.0798],"uv_size":[0.0246,0.0518]}}},{"origin":[-0.65696,11.25,-4.24772],"size":[3.75,0.25,1],"uv":{"down":{"uv":[15.119,9.3931],"uv_size":[-0.369,-0.1036]},"east":{"uv":[15.2266,8.9741],"uv_size":[0.0984,0.0259]},"north":{"uv":[15.281,8.9741],"uv_size":[0.369,0.0259]},"south":{"uv":[14.756,8.9741],"uv_size":[0.369,0.0259]},"up":{"uv":[15.119,9.2352],"uv_size":[-0.369,-0.1036]},"west":{"uv":[15.0766,8.9741],"uv_size":[0.0984,0.0259]}}},{"origin":[0.59304,11.5,-4.24772],"size":[2.5,0.25,0.25],"uv":{"east":{"uv":[15.3004,8.9478],"uv_size":[0.0246,0.0259]},"north":{"uv":[15.404,8.9478],"uv_size":[0.246,0.0259]},"south":{"uv":[14.754,8.9478],"uv_size":[0.246,0.0259]},"up":{"uv":[14.996,9.1575],"uv_size":[-0.246,-0.0259]},"west":{"uv":[15.0754,8.9478],"uv_size":[0.0246,0.0259]}}},{"origin":[2.09304,11.5,-3.99772],"size":[1,0.25,0.75],"uv":{"east":{"uv":[15.2262,8.9478],"uv_size":[0.0738,0.0259]},"south":{"uv":[14.7516,8.9478],"uv_size":[0.0984,0.0259]},"up":{"uv":[14.8484,9.2356],"uv_size":[-0.0984,-0.0777]},"west":{"uv":[15.1012,8.9478],"uv_size":[0.0738,0.0259]}}},{"origin":[2.59304,7.5,-4.24772],"size":[0.25,0.25,1],"uv":{"down":{"uv":[14.7996,9.3931],"uv_size":[-0.0246,-0.1036]},"east":{"uv":[15.2266,9.3688],"uv_size":[0.0984,0.0259]},"north":{"uv":[15.6004,9.3688],"uv_size":[0.0246,0.0259]},"south":{"uv":[14.7754,9.3688],"uv_size":[0.0246,0.0259]}}},{"origin":[2.59304,8,-3.24772],"size":[0.25,0.25,0.25],"uv":{"down":{"uv":[14.7996,9.2891],"uv_size":[-0.0246,-0.0259]},"east":{"uv":[15.2004,9.3162],"uv_size":[0.0246,0.0259]},"south":{"uv":[14.7754,9.3162],"uv_size":[0.0246,0.0259]}}},{"origin":[2.59304,11.5,-4.49772],"size":[0.25,0.25,0.25],"uv":{"down":{"uv":[14.7996,9.4206],"uv_size":[-0.0246,-0.0259]},"east":{"uv":[15.3254,8.9478],"uv_size":[0.0246,0.0259]},"north":{"uv":[15.6004,8.9478],"uv_size":[0.0246,0.0259]},"up":{"uv":[14.7996,9.1312],"uv_size":[-0.0246,-0.0259]},"west":{"uv":[15.0504,8.9478],"uv_size":[0.0246,0.0259]}}},{"origin":[2.59304,11.5,-3.24772],"size":[0.25,0.25,0.25],"uv":{"down":{"uv":[14.7996,9.2891],"uv_size":[-0.0246,-0.0259]},"east":{"uv":[15.2004,8.9478],"uv_size":[0.0246,0.0259]},"south":{"uv":[14.7754,8.9478],"uv_size":[0.0246,0.0259]},"up":{"uv":[14.7996,9.2627],"uv_size":[-0.0246,-0.0259]},"west":{"uv":[15.1754,8.9478],"uv_size":[0.0246,0.0259]}}},{"origin":[2.09304,11.75,-4.24772],"size":[0.75,0.25,0.25],"uv":{"east":{"uv":[15.3004,8.9215],"uv_size":[0.0246,0.0259]},"north":{"uv":[15.5512,8.9215],"uv_size":[0.0738,0.0259]},"south":{"uv":[14.7762,8.9215],"uv_size":[0.0738,0.0259]},"up":{"uv":[14.8488,9.1575],"uv_size":[-0.0738,-0.0259]},"west":{"uv":[15.0754,8.9215],"uv_size":[0.0246,0.0259]}}},{"origin":[2.09304,11.75,-3.49772],"size":[0.75,0.25,0.25],"uv":{"east":{"uv":[15.2254,8.9215],"uv_size":[0.0246,0.0259]},"north":{"uv":[15.5512,8.9215],"uv_size":[0.0738,0.0259]},"south":{"uv":[14.7762,8.9215],"uv_size":[0.0738,0.0259]},"up":{"uv":[14.8488,9.2364],"uv_size":[-0.0738,-0.0259]},"west":{"uv":[15.1504,8.9215],"uv_size":[0.0246,0.0259]}}},{"origin":[-0.40696,8,-4.24772],"size":[3,0.25,1],"uv":{"down":{"uv":[15.0952,9.3931],"uv_size":[-0.2952,-0.1036]},"east":{"uv":[15.2266,9.3162],"uv_size":[0.0984,0.0259]},"north":{"uv":[15.3048,9.3162],"uv_size":[0.2952,0.0259]},"south":{"uv":[14.8048,9.3162],"uv_size":[0.2952,0.0259]},"up":{"uv":[15.0952,9.2352],"uv_size":[-0.2952,-0.1036]}}},{"origin":[2.34304,8.25,-4.49772],"size":[0.25,0.25,0.25],"uv":{"down":{"uv":[14.8246,9.4206],"uv_size":[-0.0246,-0.0259]},"east":{"uv":[15.3254,9.2899],"uv_size":[0.0246,0.0259]},"north":{"uv":[15.5754,9.2899],"uv_size":[0.0246,0.0259]}}},{"origin":[1.84304,8.5,-3.74772],"size":[0.25,0.25,0.25],"uv":{"down":{"uv":[14.8746,9.3417],"uv_size":[-0.0246,-0.0259]},"east":{"uv":[15.2504,9.2636],"uv_size":[0.0246,0.0259]},"north":{"uv":[15.5254,9.2636],"uv_size":[0.0246,0.0259]},"south":{"uv":[14.8504,9.2636],"uv_size":[0.0246,0.0259]},"west":{"uv":[15.1254,9.2636],"uv_size":[0.0246,0.0259]}}},{"origin":[0.59304,11.5,-3.49772],"size":[1.5,0.25,0.25],"uv":{"east":{"uv":[15.2254,8.9478],"uv_size":[0.0246,0.0259]},"north":{"uv":[15.4024,8.9478],"uv_size":[0.1476,0.0259]},"south":{"uv":[14.8524,8.9478],"uv_size":[0.1476,0.0259]},"up":{"uv":[14.9976,9.2364],"uv_size":[-0.1476,-0.0259]}}},{"origin":[1.59304,8.25,-3.74772],"size":[0.25,0.25,0.25],"uv":{"east":{"uv":[15.2504,9.2899],"uv_size":[0.0246,0.0259]},"north":{"uv":[15.5004,9.2899],"uv_size":[0.0246,0.0259]},"south":{"uv":[14.8754,9.2899],"uv_size":[0.0246,0.0259]},"up":{"uv":[14.8996,9.2101],"uv_size":[-0.0246,-0.0259]},"west":{"uv":[15.1254,9.2899],"uv_size":[0.0246,0.0259]}}},{"origin":[1.09304,10.25,-2.74772],"size":[0.5,0.5,0.25],"uv":{"down":{"uv":[14.9492,9.2364],"uv_size":[-0.0492,-0.0259]},"east":{"uv":[15.1504,9.0535],"uv_size":[0.0246,0.0518]},"south":{"uv":[14.9008,9.0535],"uv_size":[0.0492,0.0518]},"up":{"uv":[14.9492,9.3154],"uv_size":[-0.0492,-0.0259]},"west":{"uv":[15.2254,9.0535],"uv_size":[0.0246,0.0518]}}},{"origin":[-0.40696,8.25,-4.24772],"size":[1.75,0.5,1],"uv":{"east":{"uv":[15.2266,9.264],"uv_size":[0.0984,0.0518]},"north":{"uv":[15.3028,9.264],"uv_size":[0.1722,0.0518]},"south":{"uv":[14.9278,9.264],"uv_size":[0.1722,0.0518]},"west":{"uv":[15.0766,9.264],"uv_size":[0.0984,0.0518]}}},{"origin":[-0.40696,9.5,-2.99772],"size":[1.75,0.25,0.25],"uv":{"down":{"uv":[15.0972,9.2627],"uv_size":[-0.1722,-0.0259]},"east":{"uv":[15.1754,9.1583],"uv_size":[0.0246,0.0259]},"south":{"uv":[14.9278,9.1583],"uv_size":[0.1722,0.0259]},"up":{"uv":[15.0972,9.2891],"uv_size":[-0.1722,-0.0259]},"west":{"uv":[15.2004,9.1583],"uv_size":[0.0246,0.0259]}}},{"origin":[0.59304,7,-4.24772],"size":[0.5,0.25,1],"uv":{"down":{"uv":[13.3992,7.7088],"uv_size":[-0.0492,-0.1036]},"east":{"uv":[13.6266,7.7373],"uv_size":[0.0984,0.0259]},"north":{"uv":[13.8008,7.7373],"uv_size":[0.0492,0.0259]},"south":{"uv":[13.3508,7.7373],"uv_size":[0.0492,0.0259]},"up":{"uv":[13.3992,7.5509],"uv_size":[-0.0492,-0.1036]},"west":{"uv":[13.4766,7.7373],"uv_size":[0.0984,0.0259]}}},{"origin":[0.84304,7.25,-4.24772],"size":[0.25,0.75,1],"uv":{"east":{"uv":[13.6266,7.6592],"uv_size":[0.0984,0.0777]},"north":{"uv":[13.8254,7.6592],"uv_size":[0.0246,0.0777]},"south":{"uv":[13.3504,7.6592],"uv_size":[0.0246,0.0777]},"west":{"uv":[13.4766,7.6592],"uv_size":[0.0984,0.0777]}}},{"origin":[-0.40696,8,-4.49772],"size":[1.5,1,0.25],"uv":{"down":{"uv":[15.0976,9.4206],"uv_size":[-0.1476,-0.0259]},"east":{"uv":[15.3254,9.2385],"uv_size":[0.0246,0.1036]},"north":{"uv":[15.3024,9.2385],"uv_size":[0.1476,0.1036]},"south":{"uv":[14.9524,9.2385],"uv_size":[0.1476,0.1036]},"west":{"uv":[15.0504,9.2385],"uv_size":[0.0246,0.1036]}}},{"origin":[-0.40696,8,-3.24772],"size":[1.5,1,0.25],"uv":{"down":{"uv":[15.0976,9.2891],"uv_size":[-0.1476,-0.0259]},"east":{"uv":[15.2004,9.2385],"uv_size":[0.0246,0.1036]},"north":{"uv":[15.3024,9.2385],"uv_size":[0.1476,0.1036]},"south":{"uv":[14.9524,9.2385],"uv_size":[0.1476,0.1036]},"west":{"uv":[15.1754,9.2385],"uv_size":[0.0246,0.1036]}}},{"origin":[0.84304,8.75,-2.99772],"size":[0.25,0.75,0.25],"uv":{"down":{"uv":[14.9746,9.2627],"uv_size":[-0.0246,-0.0259]},"east":{"uv":[15.1754,9.1855],"uv_size":[0.0246,0.0777]},"north":{"uv":[15.4254,9.1855],"uv_size":[0.0246,0.0777]},"south":{"uv":[14.9504,9.1855],"uv_size":[0.0246,0.0777]},"west":{"uv":[15.2004,9.1855],"uv_size":[0.0246,0.0777]}}},{"origin":[-0.65696,6,-4.24772],"size":[1.5,0.25,1],"uv":{"down":{"uv":[13.5226,7.7088],"uv_size":[-0.1476,-0.1036]},"east":{"uv":[13.6266,7.8425],"uv_size":[0.0984,0.0259]},"north":{"uv":[13.6774,7.8425],"uv_size":[0.1476,0.0259]},"south":{"uv":[13.3774,7.8425],"uv_size":[0.1476,0.0259]},"up":{"uv":[13.5226,7.5509],"uv_size":[-0.1476,-0.1036]},"west":{"uv":[13.4766,7.8425],"uv_size":[0.0984,0.0259]}}},{"origin":[0.59304,6.25,-4.24772],"size":[0.25,0.75,1],"uv":{"east":{"uv":[13.6266,7.7644],"uv_size":[0.0984,0.0777]},"north":{"uv":[13.8004,7.7644],"uv_size":[0.0246,0.0777]},"south":{"uv":[13.3754,7.7644],"uv_size":[0.0246,0.0777]},"west":{"uv":[13.4766,7.7644],"uv_size":[0.0984,0.0777]}}},{"origin":[-0.40696,7.25,-3.99772],"size":[1.25,0.5,0.5],"uv":{"down":{"uv":[13.498,7.6834],"uv_size":[-0.123,-0.0518]},"east":{"uv":[13.6508,7.6851],"uv_size":[0.0492,0.0518]},"north":{"uv":[13.702,7.6851],"uv_size":[0.123,0.0518]},"south":{"uv":[13.377,7.6851],"uv_size":[0.123,0.0518]},"up":{"uv":[13.498,7.5255],"uv_size":[-0.123,-0.0518]}}},{"origin":[0.59304,7.75,-3.99772],"size":[0.25,0.25,0.5],"uv":{"north":{"uv":[13.8004,7.6583],"uv_size":[0.0246,0.0259]},"south":{"uv":[13.3754,7.6583],"uv_size":[0.0246,0.0259]}}},{"origin":[0.09304,5.75,-4.24772],"size":[0.5,0.25,1],"uv":{"down":{"uv":[13.4492,7.7088],"uv_size":[-0.0492,-0.1036]},"east":{"uv":[13.6266,7.8688],"uv_size":[0.0984,0.0259]},"north":{"uv":[13.7508,7.8688],"uv_size":[0.0492,0.0259]},"south":{"uv":[13.4008,7.8688],"uv_size":[0.0492,0.0259]},"west":{"uv":[13.4766,7.8688],"uv_size":[0.0984,0.0259]}}},{"origin":[0.34304,6.25,-3.99772],"size":[0.25,1,0.5],"uv":{"east":{"uv":[13.6508,7.7385],"uv_size":[0.0492,0.1036]},"north":{"uv":[13.7754,7.7385],"uv_size":[0.0246,0.1036]},"south":{"uv":[13.4004,7.7385],"uv_size":[0.0246,0.1036]},"west":{"uv":[13.5008,7.7385],"uv_size":[0.0492,0.1036]}}},{"origin":[0.09304,7.25,-4.24772],"size":[0.5,0.75,0.25],"uv":{"down":{"uv":[13.4492,7.7101],"uv_size":[-0.0492,-0.0259]},"east":{"uv":[13.7004,7.6592],"uv_size":[0.0246,0.0777]},"north":{"uv":[13.7508,7.6592],"uv_size":[0.0492,0.0777]},"south":{"uv":[13.4008,7.6592],"uv_size":[0.0492,0.0777]},"west":{"uv":[13.4754,7.6592],"uv_size":[0.0246,0.0777]}}},{"origin":[0.09304,7.25,-3.49772],"size":[0.5,0.75,0.25],"uv":{"down":{"uv":[13.4492,7.6312],"uv_size":[-0.0492,-0.0259]},"east":{"uv":[13.6254,7.6592],"uv_size":[0.0246,0.0777]},"north":{"uv":[13.7508,7.6592],"uv_size":[0.0492,0.0777]},"south":{"uv":[13.4008,7.6592],"uv_size":[0.0492,0.0777]},"west":{"uv":[13.5504,7.6592],"uv_size":[0.0246,0.0777]}}},{"origin":[-0.15696,6.25,-4.24772],"size":[0.5,0.75,0.25],"uv":{"east":{"uv":[13.7004,7.7644],"uv_size":[0.0246,0.0777]},"north":{"uv":[13.7258,7.7644],"uv_size":[0.0492,0.0777]},"up":{"uv":[13.4742,7.4733],"uv_size":[-0.0492,-0.0259]},"west":{"uv":[13.4754,7.7644],"uv_size":[0.0246,0.0777]}}},{"origin":[-0.15696,6.25,-3.99772],"size":[0.5,0.75,0.5],"uv":{"up":{"uv":[15.0742,9.2097],"uv_size":[-0.0492,-0.0518]}}},{"origin":[-0.15696,6.25,-3.49772],"size":[0.5,0.75,0.25],"uv":{"east":{"uv":[13.6254,7.7644],"uv_size":[0.0246,0.0777]},"south":{"uv":[13.4258,7.7644],"uv_size":[0.0492,0.0777]},"up":{"uv":[13.4742,7.5522],"uv_size":[-0.0492,-0.0259]},"west":{"uv":[13.5504,7.7644],"uv_size":[0.0246,0.0777]}}},{"origin":[0.09304,7,-4.24772],"size":[0.25,0.25,0.25],"uv":{"east":{"uv":[13.7004,7.7373],"uv_size":[0.0246,0.0259]},"north":{"uv":[13.7504,7.7373],"uv_size":[0.0246,0.0259]},"west":{"uv":[13.4754,7.7373],"uv_size":[0.0246,0.0259]}}},{"origin":[0.09304,7,-3.49772],"size":[0.25,0.25,0.25],"uv":{"east":{"uv":[13.6254,7.7373],"uv_size":[0.0246,0.0259]},"south":{"uv":[13.4254,7.7373],"uv_size":[0.0246,0.0259]},"west":{"uv":[13.5504,7.7373],"uv_size":[0.0246,0.0259]}}},{"origin":[-0.15696,7,-3.99772],"size":[0.25,0.25,0.5],"uv":{"north":{"uv":[13.7254,7.7373],"uv_size":[0.0246,0.0259]},"south":{"uv":[13.4504,7.7373],"uv_size":[0.0246,0.0259]}}},{"origin":[-0.40696,7.75,-3.99772],"size":[0.5,0.25,0.5],"uv":{"east":{"uv":[13.6508,7.6583],"uv_size":[0.0492,0.0259]},"north":{"uv":[13.7008,7.6583],"uv_size":[0.0492,0.0259]},"south":{"uv":[13.4508,7.6583],"uv_size":[0.0492,0.0259]}}},{"origin":[-0.65696,6.25,-3.99772],"size":[0.5,0.75,0.5],"uv":{"east":{"uv":[13.6508,7.7644],"uv_size":[0.0492,0.0777]},"north":{"uv":[13.6758,7.7644],"uv_size":[0.0492,0.0777]},"south":{"uv":[13.4758,7.7644],"uv_size":[0.0492,0.0777]},"up":{"uv":[13.5242,7.5255],"uv_size":[-0.0492,-0.0518]}}},{"origin":[-0.65696,7,-4.24772],"size":[0.5,0.25,0.25],"uv":{"down":{"uv":[13.5242,7.7101],"uv_size":[-0.0492,-0.0259]},"east":{"uv":[13.7004,7.7373],"uv_size":[0.0246,0.0259]},"north":{"uv":[13.6758,7.7373],"uv_size":[0.0492,0.0259]},"south":{"uv":[13.4758,7.7373],"uv_size":[0.0492,0.0259]},"up":{"uv":[13.5242,7.4733],"uv_size":[-0.0492,-0.0259]},"west":{"uv":[13.4754,7.7373],"uv_size":[0.0246,0.0259]}}},{"origin":[-0.65696,7,-3.49772],"size":[0.5,0.25,0.25],"uv":{"down":{"uv":[13.5242,7.6312],"uv_size":[-0.0492,-0.0259]},"east":{"uv":[13.6254,7.7373],"uv_size":[0.0246,0.0259]},"north":{"uv":[13.6758,7.7373],"uv_size":[0.0492,0.0259]},"south":{"uv":[13.4758,7.7373],"uv_size":[0.0492,0.0259]},"up":{"uv":[13.5242,7.5522],"uv_size":[-0.0492,-0.0259]},"west":{"uv":[13.5504,7.7373],"uv_size":[0.0246,0.0259]}}},{"origin":[-0.40696,7.25,-4.24772],"size":[0.25,0.75,0.25],"uv":{"east":{"uv":[13.7004,7.6592],"uv_size":[0.0246,0.0777]},"north":{"uv":[13.7004,7.6592],"uv_size":[0.0246,0.0777]},"south":{"uv":[13.4754,7.6592],"uv_size":[0.0246,0.0777]},"west":{"uv":[13.4754,7.6592],"uv_size":[0.0246,0.0777]}}},{"origin":[-0.40696,7.25,-3.49772],"size":[0.25,0.75,0.25],"uv":{"east":{"uv":[13.6254,7.6592],"uv_size":[0.0246,0.0777]},"north":{"uv":[13.7004,7.6592],"uv_size":[0.0246,0.0777]},"south":{"uv":[13.4754,7.6592],"uv_size":[0.0246,0.0777]},"west":{"uv":[13.5504,7.6592],"uv_size":[0.0246,0.0777]}}},{"origin":[-0.40696,9.25,-3.99772],"size":[0.25,1,0.25],"uv":{"east":{"uv":[15.2754,9.1069],"uv_size":[0.0246,0.1036]},"north":{"uv":[15.3004,9.1069],"uv_size":[0.0246,0.1036]},"south":{"uv":[15.0754,9.1069],"uv_size":[0.0246,0.1036]}}},{"origin":[-0.40696,10.5,-4.74772],"size":[0.25,0.25,0.25],"uv":{"east":{"uv":[15.3504,9.0531],"uv_size":[0.0246,0.0259]},"north":{"uv":[15.3004,9.0531],"uv_size":[0.0246,0.0259]},"up":{"uv":[15.0996,9.1048],"uv_size":[-0.0246,-0.0259]},"west":{"uv":[15.0254,9.0531],"uv_size":[0.0246,0.0259]}}},{"origin":[-0.65696,6.25,-4.24772],"size":[0.25,0.75,0.25],"uv":{"east":{"uv":[13.7004,7.7644],"uv_size":[0.0246,0.0777]},"north":{"uv":[13.6754,7.7644],"uv_size":[0.0246,0.0777]},"west":{"uv":[13.4754,7.7644],"uv_size":[0.0246,0.0777]}}},{"origin":[-0.65696,6.25,-3.49772],"size":[0.25,0.75,0.25],"uv":{"east":{"uv":[13.6254,7.7644],"uv_size":[0.0246,0.0777]},"south":{"uv":[13.5004,7.7644],"uv_size":[0.0246,0.0777]},"west":{"uv":[13.5504,7.7644],"uv_size":[0.0246,0.0777]}}},{"origin":[-0.65696,7,-3.99772],"size":[0.25,0.25,0.5],"uv":{"east":{"uv":[13.6508,7.7373],"uv_size":[0.0492,0.0259]},"up":{"uv":[13.5246,7.5255],"uv_size":[-0.0246,-0.0518]}}},{"origin":[-0.90696,9.5,-4.49772],"size":[0.5,1.25,0.25],"uv":{"down":{"uv":[15.1492,9.4206],"uv_size":[-0.0492,-0.0259]},"east":{"uv":[15.3254,9.0547],"uv_size":[0.0246,0.1295]},"north":{"uv":[15.2508,9.0547],"uv_size":[0.0492,0.1295]},"south":{"uv":[15.1008,9.0547],"uv_size":[0.0492,0.1295]},"up":{"uv":[15.1492,9.1312],"uv_size":[-0.0492,-0.0259]}}},{"origin":[-0.90696,9.5,-4.24772],"size":[0.5,0.25,0.5],"uv":{"down":{"uv":[15.1492,9.3939],"uv_size":[-0.0492,-0.0518]},"east":{"uv":[15.2758,9.1583],"uv_size":[0.0492,0.0259]},"up":{"uv":[15.1492,9.1834],"uv_size":[-0.0492,-0.0518]},"west":{"uv":[15.0758,9.1583],"uv_size":[0.0492,0.0259]}}},{"origin":[-0.90696,9.5,-3.49772],"size":[0.5,0.25,0.25],"uv":{"down":{"uv":[15.1492,9.3154],"uv_size":[-0.0492,-0.0259]},"east":{"uv":[15.2254,9.1583],"uv_size":[0.0246,0.0259]}}},{"origin":[-0.90696,9.75,-3.99772],"size":[0.5,0.5,0.25],"uv":{"east":{"uv":[15.2754,9.1061],"uv_size":[0.0246,0.0518]},"north":{"uv":[15.2508,9.1061],"uv_size":[0.0492,0.0518]},"south":{"uv":[15.1008,9.1061],"uv_size":[0.0492,0.0518]}}},{"origin":[-0.65696,11,-4.24772],"size":[0.25,0.25,1],"uv":{"east":{"uv":[15.2266,9.0004],"uv_size":[0.0984,0.0259]},"north":{"uv":[15.2754,9.0004],"uv_size":[0.0246,0.0259]},"south":{"uv":[15.1004,9.0004],"uv_size":[0.0246,0.0259]},"west":{"uv":[15.0766,9.0004],"uv_size":[0.0984,0.0259]}}},{"origin":[-0.90696,10.5,-3.99772],"size":[0.25,0.25,0.5],"uv":{"east":{"uv":[15.2508,9.0531],"uv_size":[0.0492,0.0259]},"up":{"uv":[15.1496,9.2097],"uv_size":[-0.0246,-0.0518]}}},{"origin":[-7.15696,9.75,-4.24772],"size":[6.25,0.75,0.25],"uv":{"down":{"uv":[15.765,6.0259],"uv_size":[-0.615,-0.0259]},"east":{"uv":[15.3004,5.7118],"uv_size":[0.0246,0.0777]},"north":{"uv":[14.635,5.7118],"uv_size":[0.615,0.0777]},"south":{"uv":[15.16,5.7118],"uv_size":[0.615,0.0777]},"up":{"uv":[15.765,5.7891],"uv_size":[-0.615,-0.0259]},"west":{"uv":[15.0754,5.7118],"uv_size":[0.0246,0.0777]}}},{"origin":[-7.15696,9.75,-3.99772],"size":[6.25,0.25,0.75],"uv":{"down":{"uv":[15.765,5.9987],"uv_size":[-0.615,-0.0777]},"east":{"uv":[15.2262,5.7636],"uv_size":[0.0738,0.0259]},"south":{"uv":[15.16,5.7636],"uv_size":[0.615,0.0259]},"up":{"uv":[15.765,5.8672],"uv_size":[-0.615,-0.0777]},"west":{"uv":[15.1012,5.7636],"uv_size":[0.0738,0.0259]}}},{"origin":[-7.15696,10,-3.49772],"size":[6.25,0.5,0.25],"uv":{"east":{"uv":[15.2254,5.7114],"uv_size":[0.0246,0.0518]},"north":{"uv":[14.635,5.7114],"uv_size":[0.615,0.0518]},"south":{"uv":[15.16,5.7114],"uv_size":[0.615,0.0518]},"up":{"uv":[15.765,5.868],"uv_size":[-0.615,-0.0259]},"west":{"uv":[15.1504,5.7114],"uv_size":[0.0246,0.0518]}}},{"origin":[-7.15696,10.25,-3.99772],"size":[6.25,0.25,0.5],"uv":{"down":{"uv":[15.765,5.9992],"uv_size":[-0.615,-0.0518]},"east":{"uv":[15.2508,5.7109],"uv_size":[0.0492,0.0259]},"up":{"uv":[15.765,5.8413],"uv_size":[-0.615,-0.0518]}}},{"origin":[-1.65696,9.25,-4.24772],"size":[0.5,0.5,1],"uv":{"down":{"uv":[15.2242,6.0246],"uv_size":[-0.0492,-0.1036]},"east":{"uv":[15.2266,5.7903],"uv_size":[0.0984,0.0518]},"north":{"uv":[15.1758,5.7903],"uv_size":[0.0492,0.0518]},"south":{"uv":[15.1758,5.7903],"uv_size":[0.0492,0.0518]},"up":{"uv":[15.2242,5.8667],"uv_size":[-0.0492,-0.1036]},"west":{"uv":[15.0766,5.7903],"uv_size":[0.0984,0.0518]}}},{"origin":[-1.65696,9.5,-4.49772],"size":[0.5,1.25,0.25],"uv":{"down":{"uv":[15.2242,6.0522],"uv_size":[-0.0492,-0.0259]},"east":{"uv":[15.3254,5.6863],"uv_size":[0.0246,0.1295]},"north":{"uv":[15.1758,5.6863],"uv_size":[0.0492,0.1295]},"south":{"uv":[15.1758,5.6863],"uv_size":[0.0492,0.1295]},"up":{"uv":[15.2242,5.7627],"uv_size":[-0.0492,-0.0259]},"west":{"uv":[15.0504,5.6863],"uv_size":[0.0246,0.1295]}}},{"origin":[-1.65696,9.5,-3.24772],"size":[0.5,1.25,0.25],"uv":{"down":{"uv":[15.2242,5.9206],"uv_size":[-0.0492,-0.0259]},"east":{"uv":[15.2004,5.6863],"uv_size":[0.0246,0.1295]},"north":{"uv":[15.1758,5.6863],"uv_size":[0.0492,0.1295]},"south":{"uv":[15.1758,5.6863],"uv_size":[0.0492,0.1295]},"up":{"uv":[15.2242,5.8943],"uv_size":[-0.0492,-0.0259]},"west":{"uv":[15.1754,5.6863],"uv_size":[0.0246,0.1295]}}},{"origin":[-1.65696,9.75,-4.74772],"size":[0.5,0.75,0.25],"uv":{"down":{"uv":[15.2242,6.0785],"uv_size":[-0.0492,-0.0259]},"east":{"uv":[15.3504,5.7118],"uv_size":[0.0246,0.0777]},"north":{"uv":[15.1758,5.7118],"uv_size":[0.0492,0.0777]},"up":{"uv":[15.2242,5.7364],"uv_size":[-0.0492,-0.0259]},"west":{"uv":[15.0254,5.7118],"uv_size":[0.0246,0.0777]}}},{"origin":[-1.65696,9.75,-2.99772],"size":[0.5,0.75,0.25],"uv":{"down":{"uv":[15.2242,5.8943],"uv_size":[-0.0492,-0.0259]},"east":{"uv":[15.1754,5.7118],"uv_size":[0.0246,0.0777]},"south":{"uv":[15.1758,5.7118],"uv_size":[0.0492,0.0777]},"up":{"uv":[15.2242,5.9206],"uv_size":[-0.0492,-0.0259]},"west":{"uv":[15.2004,5.7118],"uv_size":[0.0246,0.0777]}}},{"origin":[-6.15696,10.5,-4.24772],"size":[5,0.25,1],"uv":{"down":{"uv":[15.667,6.0246],"uv_size":[-0.492,-0.1036]},"east":{"uv":[15.2266,5.6846],"uv_size":[0.0984,0.0259]},"north":{"uv":[14.733,5.6846],"uv_size":[0.492,0.0259]},"south":{"uv":[15.183,5.6846],"uv_size":[0.492,0.0259]},"up":{"uv":[15.667,5.8667],"uv_size":[-0.492,-0.1036]},"west":{"uv":[15.0766,5.6846],"uv_size":[0.0984,0.0259]}}},{"origin":[-1.65696,10.75,-4.24772],"size":[0.5,0.25,1],"uv":{"east":{"uv":[15.2266,5.6583],"uv_size":[0.0984,0.0259]},"north":{"uv":[15.1758,5.6583],"uv_size":[0.0492,0.0259]},"south":{"uv":[15.1758,5.6583],"uv_size":[0.0492,0.0259]},"up":{"uv":[15.2242,5.8667],"uv_size":[-0.0492,-0.1036]},"west":{"uv":[15.0766,5.6583],"uv_size":[0.0984,0.0259]}}},{"origin":[-7.15696,9.5,-4.24772],"size":[5.5,0.25,1],"uv":{"down":{"uv":[15.7662,6.0246],"uv_size":[-0.5412,-0.1036]},"east":{"uv":[15.2266,5.7899],"uv_size":[0.0984,0.0259]},"north":{"uv":[14.6338,5.7899],"uv_size":[0.5412,0.0259]},"south":{"uv":[15.2338,5.7899],"uv_size":[0.5412,0.0259]},"up":{"uv":[15.7662,5.8667],"uv_size":[-0.5412,-0.1036]}}},{"origin":[-7.15696,9.75,-4.49772],"size":[5.5,0.75,0.25],"uv":{"down":{"uv":[15.7662,6.0522],"uv_size":[-0.5412,-0.0259]},"east":{"uv":[15.3254,5.7118],"uv_size":[0.0246,0.0777]},"north":{"uv":[14.6338,5.7118],"uv_size":[0.5412,0.0777]},"up":{"uv":[15.7662,5.7627],"uv_size":[-0.5412,-0.0259]}}},{"origin":[-7.15696,9.75,-3.24772],"size":[5.5,0.75,0.25],"uv":{"down":{"uv":[15.7662,5.9206],"uv_size":[-0.5412,-0.0259]},"east":{"uv":[15.2004,5.7118],"uv_size":[0.0246,0.0777]},"north":{"uv":[14.6338,5.7118],"uv_size":[0.5412,0.0777]},"south":{"uv":[15.2338,5.7118],"uv_size":[0.5412,0.0777]},"up":{"uv":[15.7662,5.8943],"uv_size":[-0.5412,-0.0259]}}},{"origin":[-2.40696,9.25,-4.24772],"size":[0.5,0.25,1],"uv":{"down":{"uv":[15.2992,6.0246],"uv_size":[-0.0492,-0.1036]},"east":{"uv":[15.2266,5.8162],"uv_size":[0.0984,0.0259]},"north":{"uv":[15.1008,5.8162],"uv_size":[0.0492,0.0259]},"south":{"uv":[15.2508,5.8162],"uv_size":[0.0492,0.0259]},"west":{"uv":[15.0766,5.8162],"uv_size":[0.0984,0.0259]}}},{"origin":[-2.40696,9.5,-4.49772],"size":[0.5,0.25,0.25],"uv":{"down":{"uv":[15.2992,6.0522],"uv_size":[-0.0492,-0.0259]},"east":{"uv":[15.3254,5.7899],"uv_size":[0.0246,0.0259]},"north":{"uv":[15.1008,5.7899],"uv_size":[0.0492,0.0259]},"west":{"uv":[15.0504,5.7899],"uv_size":[0.0246,0.0259]}}},{"origin":[-2.40696,9.5,-3.24772],"size":[0.5,0.25,0.25],"uv":{"down":{"uv":[15.2992,5.9206],"uv_size":[-0.0492,-0.0259]},"east":{"uv":[15.2004,5.7899],"uv_size":[0.0246,0.0259]},"south":{"uv":[15.2508,5.7899],"uv_size":[0.0492,0.0259]},"west":{"uv":[15.1754,5.7899],"uv_size":[0.0246,0.0259]}}},{"origin":[-2.40696,9.75,-4.74772],"size":[0.5,0.75,0.25],"uv":{"down":{"uv":[15.2992,6.0785],"uv_size":[-0.0492,-0.0259]},"east":{"uv":[15.3504,5.7118],"uv_size":[0.0246,0.0777]},"north":{"uv":[15.1008,5.7118],"uv_size":[0.0492,0.0777]},"up":{"uv":[15.2992,5.7364],"uv_size":[-0.0492,-0.0259]},"west":{"uv":[15.0254,5.7118],"uv_size":[0.0246,0.0777]}}},{"origin":[-2.40696,9.75,-2.99772],"size":[0.5,0.75,0.25],"uv":{"down":{"uv":[15.2992,5.8943],"uv_size":[-0.0492,-0.0259]},"east":{"uv":[15.1754,5.7118],"uv_size":[0.0246,0.0777]},"south":{"uv":[15.2508,5.7118],"uv_size":[0.0492,0.0777]},"up":{"uv":[15.2992,5.9206],"uv_size":[-0.0492,-0.0259]},"west":{"uv":[15.2004,5.7118],"uv_size":[0.0246,0.0777]}}},{"origin":[-2.40696,10.5,-4.49772],"size":[0.5,0.25,0.25],"uv":{"east":{"uv":[15.3254,5.6846],"uv_size":[0.0246,0.0259]},"north":{"uv":[15.1008,5.6846],"uv_size":[0.0492,0.0259]},"up":{"uv":[15.2992,5.7627],"uv_size":[-0.0492,-0.0259]},"west":{"uv":[15.0504,5.6846],"uv_size":[0.0246,0.0259]}}},{"origin":[-2.40696,10.5,-3.24772],"size":[0.5,0.25,0.25],"uv":{"east":{"uv":[15.2004,5.6846],"uv_size":[0.0246,0.0259]},"south":{"uv":[15.2508,5.6846],"uv_size":[0.0492,0.0259]},"up":{"uv":[15.2992,5.8943],"uv_size":[-0.0492,-0.0259]},"west":{"uv":[15.1754,5.6846],"uv_size":[0.0246,0.0259]}}},{"origin":[-2.40696,10.75,-4.24772],"size":[0.5,0.25,1],"uv":{"east":{"uv":[15.2266,5.6583],"uv_size":[0.0984,0.0259]},"north":{"uv":[15.1008,5.6583],"uv_size":[0.0492,0.0259]},"south":{"uv":[15.2508,5.6583],"uv_size":[0.0492,0.0259]},"up":{"uv":[15.2992,5.8667],"uv_size":[-0.0492,-0.1036]},"west":{"uv":[15.0766,5.6583],"uv_size":[0.0984,0.0259]}}},{"origin":[-3.15696,9.25,-4.24772],"size":[0.5,0.25,1],"uv":{"down":{"uv":[15.3742,6.0246],"uv_size":[-0.0492,-0.1036]},"east":{"uv":[15.2266,5.8162],"uv_size":[0.0984,0.0259]},"north":{"uv":[15.0258,5.8162],"uv_size":[0.0492,0.0259]},"south":{"uv":[15.3258,5.8162],"uv_size":[0.0492,0.0259]},"west":{"uv":[15.0766,5.8162],"uv_size":[0.0984,0.0259]}}},{"origin":[-3.15696,9.5,-4.49772],"size":[0.5,0.25,0.25],"uv":{"down":{"uv":[15.3742,6.0522],"uv_size":[-0.0492,-0.0259]},"east":{"uv":[15.3254,5.7899],"uv_size":[0.0246,0.0259]},"north":{"uv":[15.0258,5.7899],"uv_size":[0.0492,0.0259]},"west":{"uv":[15.0504,5.7899],"uv_size":[0.0246,0.0259]}}},{"origin":[-3.15696,9.5,-3.24772],"size":[0.5,0.25,0.25],"uv":{"down":{"uv":[15.3742,5.9206],"uv_size":[-0.0492,-0.0259]},"east":{"uv":[15.2004,5.7899],"uv_size":[0.0246,0.0259]},"south":{"uv":[15.3258,5.7899],"uv_size":[0.0492,0.0259]},"west":{"uv":[15.1754,5.7899],"uv_size":[0.0246,0.0259]}}},{"origin":[-3.15696,9.75,-4.74772],"size":[0.5,0.75,0.25],"uv":{"down":{"uv":[15.3742,6.0785],"uv_size":[-0.0492,-0.0259]},"east":{"uv":[15.3504,5.7118],"uv_size":[0.0246,0.0777]},"north":{"uv":[15.0258,5.7118],"uv_size":[0.0492,0.0777]},"up":{"uv":[15.3742,5.7364],"uv_size":[-0.0492,-0.0259]},"west":{"uv":[15.0254,5.7118],"uv_size":[0.0246,0.0777]}}},{"origin":[-3.15696,9.75,-2.99772],"size":[0.5,0.75,0.25],"uv":{"down":{"uv":[15.3742,5.8943],"uv_size":[-0.0492,-0.0259]},"east":{"uv":[15.1754,5.7118],"uv_size":[0.0246,0.0777]},"south":{"uv":[15.3258,5.7118],"uv_size":[0.0492,0.0777]},"up":{"uv":[15.3742,5.9206],"uv_size":[-0.0492,-0.0259]},"west":{"uv":[15.2004,5.7118],"uv_size":[0.0246,0.0777]}}},{"origin":[-3.15696,10.5,-4.49772],"size":[0.5,0.25,0.25],"uv":{"east":{"uv":[15.3254,5.6846],"uv_size":[0.0246,0.0259]},"north":{"uv":[15.0258,5.6846],"uv_size":[0.0492,0.0259]},"up":{"uv":[15.3742,5.7627],"uv_size":[-0.0492,-0.0259]},"west":{"uv":[15.0504,5.6846],"uv_size":[0.0246,0.0259]}}},{"origin":[-3.15696,10.5,-3.24772],"size":[0.5,0.25,0.25],"uv":{"east":{"uv":[15.2004,5.6846],"uv_size":[0.0246,0.0259]},"south":{"uv":[15.3258,5.6846],"uv_size":[0.0492,0.0259]},"up":{"uv":[15.3742,5.8943],"uv_size":[-0.0492,-0.0259]},"west":{"uv":[15.1754,5.6846],"uv_size":[0.0246,0.0259]}}},{"origin":[-3.15696,10.75,-4.24772],"size":[0.5,0.25,1],"uv":{"east":{"uv":[15.2266,5.6583],"uv_size":[0.0984,0.0259]},"north":{"uv":[15.0258,5.6583],"uv_size":[0.0492,0.0259]},"south":{"uv":[15.3258,5.6583],"uv_size":[0.0492,0.0259]},"up":{"uv":[15.3742,5.8667],"uv_size":[-0.0492,-0.1036]},"west":{"uv":[15.0766,5.6583],"uv_size":[0.0984,0.0259]}}},{"origin":[-3.90696,9.25,-4.24772],"size":[0.5,0.25,1],"uv":{"down":{"uv":[15.4492,6.0246],"uv_size":[-0.0492,-0.1036]},"east":{"uv":[15.2266,5.8162],"uv_size":[0.0984,0.0259]},"north":{"uv":[14.9508,5.8162],"uv_size":[0.0492,0.0259]},"south":{"uv":[15.4008,5.8162],"uv_size":[0.0492,0.0259]},"west":{"uv":[15.0766,5.8162],"uv_size":[0.0984,0.0259]}}},{"origin":[-3.90696,9.5,-4.49772],"size":[0.5,0.25,0.25],"uv":{"down":{"uv":[15.4492,6.0522],"uv_size":[-0.0492,-0.0259]},"east":{"uv":[15.3254,5.7899],"uv_size":[0.0246,0.0259]},"north":{"uv":[14.9508,5.7899],"uv_size":[0.0492,0.0259]},"west":{"uv":[15.0504,5.7899],"uv_size":[0.0246,0.0259]}}},{"origin":[-3.90696,9.5,-3.24772],"size":[0.5,0.25,0.25],"uv":{"down":{"uv":[15.4492,5.9206],"uv_size":[-0.0492,-0.0259]},"east":{"uv":[15.2004,5.7899],"uv_size":[0.0246,0.0259]},"south":{"uv":[15.4008,5.7899],"uv_size":[0.0492,0.0259]},"west":{"uv":[15.1754,5.7899],"uv_size":[0.0246,0.0259]}}},{"origin":[-3.90696,9.75,-4.74772],"size":[0.5,0.75,0.25],"uv":{"down":{"uv":[15.4492,6.0785],"uv_size":[-0.0492,-0.0259]},"east":{"uv":[15.3504,5.7118],"uv_size":[0.0246,0.0777]},"north":{"uv":[14.9508,5.7118],"uv_size":[0.0492,0.0777]},"up":{"uv":[15.4492,5.7364],"uv_size":[-0.0492,-0.0259]},"west":{"uv":[15.0254,5.7118],"uv_size":[0.0246,0.0777]}}},{"origin":[-3.90696,9.75,-2.99772],"size":[0.5,0.75,0.25],"uv":{"down":{"uv":[15.4492,5.8943],"uv_size":[-0.0492,-0.0259]},"east":{"uv":[15.1754,5.7118],"uv_size":[0.0246,0.0777]},"south":{"uv":[15.4008,5.7118],"uv_size":[0.0492,0.0777]},"up":{"uv":[15.4492,5.9206],"uv_size":[-0.0492,-0.0259]},"west":{"uv":[15.2004,5.7118],"uv_size":[0.0246,0.0777]}}},{"origin":[-3.90696,10.5,-4.49772],"size":[0.5,0.25,0.25],"uv":{"east":{"uv":[15.3254,5.6846],"uv_size":[0.0246,0.0259]},"north":{"uv":[14.9508,5.6846],"uv_size":[0.0492,0.0259]},"up":{"uv":[15.4492,5.7627],"uv_size":[-0.0492,-0.0259]},"west":{"uv":[15.0504,5.6846],"uv_size":[0.0246,0.0259]}}},{"origin":[-3.90696,10.5,-3.24772],"size":[0.5,0.25,0.25],"uv":{"east":{"uv":[15.2004,5.6846],"uv_size":[0.0246,0.0259]},"south":{"uv":[15.4008,5.6846],"uv_size":[0.0492,0.0259]},"up":{"uv":[15.4492,5.8943],"uv_size":[-0.0492,-0.0259]},"west":{"uv":[15.1754,5.6846],"uv_size":[0.0246,0.0259]}}},{"origin":[-3.90696,10.75,-4.24772],"size":[0.5,0.25,1],"uv":{"east":{"uv":[15.2266,5.6583],"uv_size":[0.0984,0.0259]},"north":{"uv":[14.9508,5.6583],"uv_size":[0.0492,0.0259]},"south":{"uv":[15.4008,5.6583],"uv_size":[0.0492,0.0259]},"up":{"uv":[15.4492,5.8667],"uv_size":[-0.0492,-0.1036]},"west":{"uv":[15.0766,5.6583],"uv_size":[0.0984,0.0259]}}},{"origin":[-4.65696,9.25,-4.24772],"size":[0.5,0.25,1],"uv":{"down":{"uv":[15.5242,6.0246],"uv_size":[-0.0492,-0.1036]},"east":{"uv":[15.2266,5.8162],"uv_size":[0.0984,0.0259]},"north":{"uv":[14.8758,5.8162],"uv_size":[0.0492,0.0259]},"south":{"uv":[15.4758,5.8162],"uv_size":[0.0492,0.0259]},"west":{"uv":[15.0766,5.8162],"uv_size":[0.0984,0.0259]}}},{"origin":[-4.65696,9.5,-4.49772],"size":[0.5,0.25,0.25],"uv":{"down":{"uv":[15.5242,6.0522],"uv_size":[-0.0492,-0.0259]},"east":{"uv":[15.3254,5.7899],"uv_size":[0.0246,0.0259]},"north":{"uv":[14.8758,5.7899],"uv_size":[0.0492,0.0259]},"west":{"uv":[15.0504,5.7899],"uv_size":[0.0246,0.0259]}}},{"origin":[-4.65696,9.5,-3.24772],"size":[0.5,0.25,0.25],"uv":{"down":{"uv":[15.5242,5.9206],"uv_size":[-0.0492,-0.0259]},"east":{"uv":[15.2004,5.7899],"uv_size":[0.0246,0.0259]},"south":{"uv":[15.4758,5.7899],"uv_size":[0.0492,0.0259]},"west":{"uv":[15.1754,5.7899],"uv_size":[0.0246,0.0259]}}},{"origin":[-4.65696,9.75,-4.74772],"size":[0.5,0.75,0.25],"uv":{"down":{"uv":[15.5242,6.0785],"uv_size":[-0.0492,-0.0259]},"east":{"uv":[15.3504,5.7118],"uv_size":[0.0246,0.0777]},"north":{"uv":[14.8758,5.7118],"uv_size":[0.0492,0.0777]},"up":{"uv":[15.5242,5.7364],"uv_size":[-0.0492,-0.0259]},"west":{"uv":[15.0254,5.7118],"uv_size":[0.0246,0.0777]}}},{"origin":[-4.65696,9.75,-2.99772],"size":[0.5,0.75,0.25],"uv":{"down":{"uv":[15.5242,5.8943],"uv_size":[-0.0492,-0.0259]},"east":{"uv":[15.1754,5.7118],"uv_size":[0.0246,0.0777]},"south":{"uv":[15.4758,5.7118],"uv_size":[0.0492,0.0777]},"up":{"uv":[15.5242,5.9206],"uv_size":[-0.0492,-0.0259]},"west":{"uv":[15.2004,5.7118],"uv_size":[0.0246,0.0777]}}},{"origin":[-4.65696,10.5,-4.49772],"size":[0.5,0.25,0.25],"uv":{"east":{"uv":[15.3254,5.6846],"uv_size":[0.0246,0.0259]},"north":{"uv":[14.8758,5.6846],"uv_size":[0.0492,0.0259]},"up":{"uv":[15.5242,5.7627],"uv_size":[-0.0492,-0.0259]},"west":{"uv":[15.0504,5.6846],"uv_size":[0.0246,0.0259]}}},{"origin":[-4.65696,10.5,-3.24772],"size":[0.5,0.25,0.25],"uv":{"east":{"uv":[15.2004,5.6846],"uv_size":[0.0246,0.0259]},"south":{"uv":[15.4758,5.6846],"uv_size":[0.0492,0.0259]},"up":{"uv":[15.5242,5.8943],"uv_size":[-0.0492,-0.0259]},"west":{"uv":[15.1754,5.6846],"uv_size":[0.0246,0.0259]}}},{"origin":[-4.65696,10.75,-4.24772],"size":[0.5,0.25,1],"uv":{"east":{"uv":[15.2266,5.6583],"uv_size":[0.0984,0.0259]},"north":{"uv":[14.8758,5.6583],"uv_size":[0.0492,0.0259]},"south":{"uv":[15.4758,5.6583],"uv_size":[0.0492,0.0259]},"up":{"uv":[15.5242,5.8667],"uv_size":[-0.0492,-0.1036]},"west":{"uv":[15.0766,5.6583],"uv_size":[0.0984,0.0259]}}},{"origin":[-5.40696,9.25,-4.24772],"size":[0.5,0.25,1],"uv":{"down":{"uv":[15.5992,6.0246],"uv_size":[-0.0492,-0.1036]},"east":{"uv":[15.2266,5.8162],"uv_size":[0.0984,0.0259]},"north":{"uv":[14.8008,5.8162],"uv_size":[0.0492,0.0259]},"south":{"uv":[15.5508,5.8162],"uv_size":[0.0492,0.0259]},"west":{"uv":[15.0766,5.8162],"uv_size":[0.0984,0.0259]}}},{"origin":[-5.40696,9.5,-4.49772],"size":[0.5,0.25,0.25],"uv":{"down":{"uv":[15.5992,6.0522],"uv_size":[-0.0492,-0.0259]},"east":{"uv":[15.3254,5.7899],"uv_size":[0.0246,0.0259]},"north":{"uv":[14.8008,5.7899],"uv_size":[0.0492,0.0259]},"west":{"uv":[15.0504,5.7899],"uv_size":[0.0246,0.0259]}}},{"origin":[-5.40696,9.5,-3.24772],"size":[0.5,0.25,0.25],"uv":{"down":{"uv":[15.5992,5.9206],"uv_size":[-0.0492,-0.0259]},"east":{"uv":[15.2004,5.7899],"uv_size":[0.0246,0.0259]},"south":{"uv":[15.5508,5.7899],"uv_size":[0.0492,0.0259]},"west":{"uv":[15.1754,5.7899],"uv_size":[0.0246,0.0259]}}},{"origin":[-5.40696,9.75,-4.74772],"size":[0.5,0.75,0.25],"uv":{"down":{"uv":[15.5992,6.0785],"uv_size":[-0.0492,-0.0259]},"east":{"uv":[15.3504,5.7118],"uv_size":[0.0246,0.0777]},"north":{"uv":[14.8008,5.7118],"uv_size":[0.0492,0.0777]},"up":{"uv":[15.5992,5.7364],"uv_size":[-0.0492,-0.0259]},"west":{"uv":[15.0254,5.7118],"uv_size":[0.0246,0.0777]}}},{"origin":[-5.40696,9.75,-2.99772],"size":[0.5,0.75,0.25],"uv":{"down":{"uv":[15.5992,5.8943],"uv_size":[-0.0492,-0.0259]},"east":{"uv":[15.1754,5.7118],"uv_size":[0.0246,0.0777]},"south":{"uv":[15.5508,5.7118],"uv_size":[0.0492,0.0777]},"up":{"uv":[15.5992,5.9206],"uv_size":[-0.0492,-0.0259]},"west":{"uv":[15.2004,5.7118],"uv_size":[0.0246,0.0777]}}},{"origin":[-5.40696,10.5,-4.49772],"size":[0.5,0.25,0.25],"uv":{"east":{"uv":[15.3254,5.6846],"uv_size":[0.0246,0.0259]},"north":{"uv":[14.8008,5.6846],"uv_size":[0.0492,0.0259]},"up":{"uv":[15.5992,5.7627],"uv_size":[-0.0492,-0.0259]},"west":{"uv":[15.0504,5.6846],"uv_size":[0.0246,0.0259]}}},{"origin":[-5.40696,10.5,-3.24772],"size":[0.5,0.25,0.25],"uv":{"east":{"uv":[15.2004,5.6846],"uv_size":[0.0246,0.0259]},"south":{"uv":[15.5508,5.6846],"uv_size":[0.0492,0.0259]},"up":{"uv":[15.5992,5.8943],"uv_size":[-0.0492,-0.0259]},"west":{"uv":[15.1754,5.6846],"uv_size":[0.0246,0.0259]}}},{"origin":[-5.40696,10.75,-4.24772],"size":[0.5,0.25,1],"uv":{"east":{"uv":[15.2266,5.6583],"uv_size":[0.0984,0.0259]},"north":{"uv":[14.8008,5.6583],"uv_size":[0.0492,0.0259]},"south":{"uv":[15.5508,5.6583],"uv_size":[0.0492,0.0259]},"up":{"uv":[15.5992,5.8667],"uv_size":[-0.0492,-0.1036]},"west":{"uv":[15.0766,5.6583],"uv_size":[0.0984,0.0259]}}},{"origin":[-6.15696,9.25,-4.24772],"size":[0.5,0.25,1],"uv":{"down":{"uv":[15.6742,6.0246],"uv_size":[-0.0492,-0.1036]},"east":{"uv":[15.2266,5.8162],"uv_size":[0.0984,0.0259]},"north":{"uv":[14.7258,5.8162],"uv_size":[0.0492,0.0259]},"south":{"uv":[15.6258,5.8162],"uv_size":[0.0492,0.0259]},"west":{"uv":[15.0766,5.8162],"uv_size":[0.0984,0.0259]}}},{"origin":[-6.15696,9.5,-4.49772],"size":[0.5,0.25,0.25],"uv":{"down":{"uv":[15.6742,6.0522],"uv_size":[-0.0492,-0.0259]},"east":{"uv":[15.3254,5.7899],"uv_size":[0.0246,0.0259]},"north":{"uv":[14.7258,5.7899],"uv_size":[0.0492,0.0259]},"west":{"uv":[15.0504,5.7899],"uv_size":[0.0246,0.0259]}}},{"origin":[-6.15696,9.5,-3.24772],"size":[0.5,0.25,0.25],"uv":{"down":{"uv":[15.6742,5.9206],"uv_size":[-0.0492,-0.0259]},"east":{"uv":[15.2004,5.7899],"uv_size":[0.0246,0.0259]},"south":{"uv":[15.6258,5.7899],"uv_size":[0.0492,0.0259]},"west":{"uv":[15.1754,5.7899],"uv_size":[0.0246,0.0259]}}},{"origin":[-6.15696,9.75,-4.74772],"size":[0.5,0.75,0.25],"uv":{"down":{"uv":[15.6742,6.0785],"uv_size":[-0.0492,-0.0259]},"east":{"uv":[15.3504,5.7118],"uv_size":[0.0246,0.0777]},"north":{"uv":[14.7258,5.7118],"uv_size":[0.0492,0.0777]},"up":{"uv":[15.6742,5.7364],"uv_size":[-0.0492,-0.0259]},"west":{"uv":[15.0254,5.7118],"uv_size":[0.0246,0.0777]}}},{"origin":[-6.15696,9.75,-2.99772],"size":[0.5,0.75,0.25],"uv":{"down":{"uv":[15.6742,5.8943],"uv_size":[-0.0492,-0.0259]},"east":{"uv":[15.1754,5.7118],"uv_size":[0.0246,0.0777]},"south":{"uv":[15.6258,5.7118],"uv_size":[0.0492,0.0777]},"up":{"uv":[15.6742,5.9206],"uv_size":[-0.0492,-0.0259]},"west":{"uv":[15.2004,5.7118],"uv_size":[0.0246,0.0777]}}},{"origin":[-6.15696,10.5,-4.49772],"size":[0.5,0.25,0.25],"uv":{"east":{"uv":[15.3254,5.6846],"uv_size":[0.0246,0.0259]},"north":{"uv":[14.7258,5.6846],"uv_size":[0.0492,0.0259]},"up":{"uv":[15.6742,5.7627],"uv_size":[-0.0492,-0.0259]},"west":{"uv":[15.0504,5.6846],"uv_size":[0.0246,0.0259]}}},{"origin":[-6.15696,10.5,-3.24772],"size":[0.5,0.25,0.25],"uv":{"east":{"uv":[15.2004,5.6846],"uv_size":[0.0246,0.0259]},"south":{"uv":[15.6258,5.6846],"uv_size":[0.0492,0.0259]},"up":{"uv":[15.6742,5.8943],"uv_size":[-0.0492,-0.0259]},"west":{"uv":[15.1754,5.6846],"uv_size":[0.0246,0.0259]}}},{"origin":[-6.15696,10.75,-4.24772],"size":[0.5,0.25,1],"uv":{"east":{"uv":[15.2266,5.6583],"uv_size":[0.0984,0.0259]},"north":{"uv":[14.7258,5.6583],"uv_size":[0.0492,0.0259]},"south":{"uv":[15.6258,5.6583],"uv_size":[0.0492,0.0259]},"up":{"uv":[15.6742,5.8667],"uv_size":[-0.0492,-0.1036]},"west":{"uv":[15.0766,5.6583],"uv_size":[0.0984,0.0259]}}},{"origin":[-7.15696,10.5,-3.99772],"size":[1,0.25,0.75],"uv":{"down":{"uv":[15.7734,5.9987],"uv_size":[-0.0984,-0.0777]},"east":{"uv":[15.2262,5.6846],"uv_size":[0.0738,0.0259]},"north":{"uv":[14.6266,5.6846],"uv_size":[0.0984,0.0259]},"south":{"uv":[15.6766,5.6846],"uv_size":[0.0984,0.0259]},"up":{"uv":[15.7734,5.8672],"uv_size":[-0.0984,-0.0777]}}},{"origin":[-7.15696,9.25,-4.24772],"size":[0.75,0.25,1],"uv":{"down":{"uv":[15.7738,6.0246],"uv_size":[-0.0738,-0.1036]},"east":{"uv":[15.2266,5.8162],"uv_size":[0.0984,0.0259]},"north":{"uv":[14.6262,5.8162],"uv_size":[0.0738,0.0259]},"south":{"uv":[15.7012,5.8162],"uv_size":[0.0738,0.0259]},"west":{"uv":[15.0766,5.8162],"uv_size":[0.0984,0.0259]}}},{"origin":[-7.15696,9.5,-4.49772],"size":[0.75,0.25,0.25],"uv":{"down":{"uv":[15.7738,6.0522],"uv_size":[-0.0738,-0.0259]},"east":{"uv":[15.3254,5.7899],"uv_size":[0.0246,0.0259]},"north":{"uv":[14.6262,5.7899],"uv_size":[0.0738,0.0259]},"west":{"uv":[15.0504,5.7899],"uv_size":[0.0246,0.0259]}}},{"origin":[-7.15696,9.5,-3.24772],"size":[0.75,0.25,0.25],"uv":{"down":{"uv":[15.7738,5.9206],"uv_size":[-0.0738,-0.0259]},"east":{"uv":[15.2004,5.7899],"uv_size":[0.0246,0.0259]},"south":{"uv":[15.7012,5.7899],"uv_size":[0.0738,0.0259]},"west":{"uv":[15.1754,5.7899],"uv_size":[0.0246,0.0259]}}},{"origin":[-7.15696,9.75,-4.74772],"size":[0.75,0.75,0.25],"uv":{"down":{"uv":[15.7738,6.0785],"uv_size":[-0.0738,-0.0259]},"east":{"uv":[15.3504,5.7118],"uv_size":[0.0246,0.0777]},"north":{"uv":[14.6262,5.7118],"uv_size":[0.0738,0.0777]},"up":{"uv":[15.7738,5.7364],"uv_size":[-0.0738,-0.0259]},"west":{"uv":[15.0254,5.7118],"uv_size":[0.0246,0.0777]}}},{"origin":[-7.15696,9.75,-2.99772],"size":[0.75,0.75,0.25],"uv":{"down":{"uv":[15.7738,5.8943],"uv_size":[-0.0738,-0.0259]},"east":{"uv":[15.1754,5.7118],"uv_size":[0.0246,0.0777]},"south":{"uv":[15.7012,5.7118],"uv_size":[0.0738,0.0777]},"up":{"uv":[15.7738,5.9206],"uv_size":[-0.0738,-0.0259]},"west":{"uv":[15.2004,5.7118],"uv_size":[0.0246,0.0777]}}},{"origin":[-7.15696,10.5,-4.49772],"size":[0.75,0.25,0.5],"uv":{"down":{"uv":[15.7738,6.0518],"uv_size":[-0.0738,-0.0518]},"east":{"uv":[15.3008,5.6846],"uv_size":[0.0492,0.0259]},"north":{"uv":[14.6262,5.6846],"uv_size":[0.0738,0.0259]},"up":{"uv":[15.7738,5.7886],"uv_size":[-0.0738,-0.0518]},"west":{"uv":[15.0508,5.6846],"uv_size":[0.0492,0.0259]}}},{"origin":[-7.15696,10.5,-3.24772],"size":[0.75,0.25,0.25],"uv":{"east":{"uv":[15.2004,5.6846],"uv_size":[0.0246,0.0259]},"south":{"uv":[15.7012,5.6846],"uv_size":[0.0738,0.0259]},"up":{"uv":[15.7738,5.8943],"uv_size":[-0.0738,-0.0259]},"west":{"uv":[15.1754,5.6846],"uv_size":[0.0246,0.0259]}}},{"origin":[-7.15696,10.75,-4.24772],"size":[0.75,0.25,1],"uv":{"down":{"uv":[15.7738,6.0246],"uv_size":[-0.0738,-0.1036]},"east":{"uv":[15.2266,5.6583],"uv_size":[0.0984,0.0259]},"north":{"uv":[14.6262,5.6583],"uv_size":[0.0738,0.0259]},"south":{"uv":[15.7012,5.6583],"uv_size":[0.0738,0.0259]},"up":{"uv":[15.7738,5.8667],"uv_size":[-0.0738,-0.1036]},"west":{"uv":[15.0766,5.6583],"uv_size":[0.0984,0.0259]}}},{"origin":[-11.15696,9.75,-3.99772],"size":[4,0.25,0.5],"uv":{"down":{"uv":[15.9964,9.3676],"uv_size":[-0.2214,-0.0518]},"east":{"uv":[15.2508,9.132],"uv_size":[0.0492,0.0259]},"north":{"uv":[14.4036,9.132],"uv_size":[0.2214,0.0259]},"south":{"uv":[15.7786,9.132],"uv_size":[0.2214,0.0259]},"up":{"uv":[15.9964,9.2097],"uv_size":[-0.2214,-0.0518]}}},{"origin":[-11.15696,10,-4.24772],"size":[4,0.25,0.25],"uv":{"down":{"uv":[15.9964,9.3943],"uv_size":[-0.2214,-0.0259]},"east":{"uv":[15.3004,9.1057],"uv_size":[0.0246,0.0259]},"north":{"uv":[14.4036,9.1057],"uv_size":[0.2214,0.0259]},"south":{"uv":[15.7786,9.1057],"uv_size":[0.2214,0.0259]},"up":{"uv":[15.9964,9.1575],"uv_size":[-0.2214,-0.0259]}}},{"origin":[-10.90696,10,-3.99772],"size":[3.75,0.5,0.25],"uv":{"east":{"uv":[15.2754,9.0798],"uv_size":[0.0246,0.0518]},"north":{"uv":[14.4036,9.0798],"uv_size":[0.2214,0.0518]},"south":{"uv":[15.7786,9.0798],"uv_size":[0.2214,0.0518]},"up":{"uv":[15.9964,9.1838],"uv_size":[-0.2214,-0.0259]},"west":{"uv":[15.1004,9.0798],"uv_size":[0.0246,0.0518]}}},{"origin":[-11.15696,10,-3.49772],"size":[4,0.25,0.25],"uv":{"down":{"uv":[15.9964,9.3154],"uv_size":[-0.2214,-0.0259]},"east":{"uv":[15.2254,9.1057],"uv_size":[0.0246,0.0259]},"north":{"uv":[14.4036,9.1057],"uv_size":[0.2214,0.0259]},"south":{"uv":[15.7786,9.1057],"uv_size":[0.2214,0.0259]},"up":{"uv":[15.9964,9.2364],"uv_size":[-0.2214,-0.0259]}}},{"origin":[-11.15696,10.25,-3.74772],"size":[4,0.25,0.25],"uv":{"down":{"uv":[15.9964,9.3417],"uv_size":[-0.2214,-0.0259]},"east":{"uv":[15.2504,9.0794],"uv_size":[0.0246,0.0259]},"north":{"uv":[14.4036,9.0794],"uv_size":[0.2214,0.0259]},"south":{"uv":[15.7786,9.0794],"uv_size":[0.2214,0.0259]},"up":{"uv":[15.9964,9.2101],"uv_size":[-0.2214,-0.0259]}}},{"origin":[-7.40696,10.75,-3.99772],"size":[0.25,0.25,0.5],"uv":{"down":{"uv":[15.7996,9.3676],"uv_size":[-0.0246,-0.0518]},"east":{"uv":[15.2508,9.0267],"uv_size":[0.0492,0.0259]},"north":{"uv":[14.6004,9.0267],"uv_size":[0.0246,0.0259]},"south":{"uv":[15.7754,9.0267],"uv_size":[0.0246,0.0259]},"up":{"uv":[15.7996,9.2097],"uv_size":[-0.0246,-0.0518]}}},{"origin":[-8.15696,11,-3.99772],"size":[0.75,0.5,0.5],"uv":{"down":{"uv":[15.8738,9.3676],"uv_size":[-0.0738,-0.0518]},"east":{"uv":[15.2508,8.9745],"uv_size":[0.0492,0.0518]},"north":{"uv":[14.5262,8.9745],"uv_size":[0.0738,0.0518]},"south":{"uv":[15.8012,8.9745],"uv_size":[0.0738,0.0518]},"up":{"uv":[15.8738,9.2097],"uv_size":[-0.0738,-0.0518]},"west":{"uv":[15.1008,8.9745],"uv_size":[0.0492,0.0518]}}},{"origin":[-8.15696,10.75,-3.99772],"size":[0.5,0.25,0.5],"uv":{"down":{"uv":[15.8742,9.3676],"uv_size":[-0.0492,-0.0518]},"east":{"uv":[15.2508,9.0267],"uv_size":[0.0492,0.0259]},"north":{"uv":[14.5258,9.0267],"uv_size":[0.0492,0.0259]},"south":{"uv":[15.8258,9.0267],"uv_size":[0.0492,0.0259]},"west":{"uv":[15.1008,9.0267],"uv_size":[0.0492,0.0259]}}},{"origin":[-8.15696,11.5,-3.99772],"size":[0.5,0.25,0.5],"uv":{"east":{"uv":[15.2508,8.9478],"uv_size":[0.0492,0.0259]},"north":{"uv":[14.5258,8.9478],"uv_size":[0.0492,0.0259]},"south":{"uv":[15.8258,8.9478],"uv_size":[0.0492,0.0259]},"up":{"uv":[15.8742,9.2097],"uv_size":[-0.0492,-0.0518]},"west":{"uv":[15.1008,8.9478],"uv_size":[0.0492,0.0259]}}},{"origin":[-8.15696,10.5,-3.99772],"size":[0.25,0.25,0.5],"uv":{"down":{"uv":[15.8746,9.3676],"uv_size":[-0.0246,-0.0518]},"east":{"uv":[15.2508,9.0531],"uv_size":[0.0492,0.0259]},"north":{"uv":[14.5254,9.0531],"uv_size":[0.0246,0.0259]},"south":{"uv":[15.8504,9.0531],"uv_size":[0.0246,0.0259]},"west":{"uv":[15.1008,9.0531],"uv_size":[0.0492,0.0259]}}},{"origin":[-11.15696,10.25,-3.99772],"size":[0.25,0.25,0.25],"uv":{"down":{"uv":[14.5746,9.368],"uv_size":[-0.0246,-0.0259]},"east":{"uv":[15.2754,9.0794],"uv_size":[0.0246,0.0259]},"north":{"uv":[15.8254,9.0794],"uv_size":[0.0246,0.0259]},"up":{"uv":[14.5746,9.1838],"uv_size":[-0.0246,-0.0259]}}}],"name":"geyser_custom_z","parent":"geyser_custom_y","pivot":[-0.01484,9.40411,-3.73288],"rotation":[0,-90,0]}],"description":{"identifier":"geometry.geyser_custom.geo_bebaa2d","texture_height":16,"texture_width":16,"visible_bounds_height":4.5,"visible_bounds_offset":[0,0.75,0],"visible_bounds_width":4}}]}