{"format_version":"1.16.0","minecraft:geometry":[{"bones":[{"name":"root","pivot":[0,0,0]},{"name":"waist","parent":"root","pivot":[0,12,0]},{"name":"body","parent":"waist","pivot":[0,24,0]},{"cubes":[{"origin":[-8,12,-2],"size":[4,12,4],"uv":[40,16]}],"name":"rightArm","parent":"body","pivot":[-5,22,0]},{"name":"rightItem","parent":"rightArm","pivot":[-6,15,1]},{"binding":"c.item_slot == 'head' ? 'head' : q.item_slot_to_bone_name(c.item_slot)","name":"geyser_custom","parent":"rightItem","pivot":[0,8,1.5]},{"name":"geyser_custom_x","parent":"geyser_custom","pivot":[0,8,0]},{"name":"geyser_custom_y","parent":"geyser_custom_x","pivot":[0,8,0]},{"cubes":[{"origin":[-2.94239,11,-2.25924],"size":[11.25,0.25,0.5],"uv":{"down":{"uv":[14.084,7.4465],"uv_size":[-1.109,-0.0518]},"east":{"uv":[13.4258,7.2109],"uv_size":[0.0492,0.0259]},"north":{"uv":[13.116,7.2109],"uv_size":[1.109,0.0259]},"south":{"uv":[12.991,7.2109],"uv_size":[1.109,0.0259]},"up":{"uv":[14.084,7.7623],"uv_size":[-1.109,-0.0518]},"west":{"uv":[13.7258,7.2109],"uv_size":[0.0492,0.0259]}}},{"origin":[-2.94239,11.25,-2.50924],"size":[11.25,0.25,0.25],"uv":{"down":{"uv":[14.084,7.4733],"uv_size":[-1.109,-0.0259]},"east":{"uv":[13.4754,7.1846],"uv_size":[0.0246,0.0259]},"north":{"uv":[13.116,7.1846],"uv_size":[1.109,0.0259]},"south":{"uv":[12.991,7.1846],"uv_size":[1.109,0.0259]},"up":{"uv":[14.084,7.7101],"uv_size":[-1.109,-0.0259]},"west":{"uv":[13.7004,7.1846],"uv_size":[0.0246,0.0259]}}},{"origin":[-2.94239,11.25,-1.75924],"size":[11.25,0.25,0.25],"uv":{"down":{"uv":[14.084,7.3943],"uv_size":[-1.109,-0.0259]},"east":{"uv":[13.4004,7.1846],"uv_size":[0.0246,0.0259]},"north":{"uv":[13.116,7.1846],"uv_size":[1.109,0.0259]},"south":{"uv":[12.991,7.1846],"uv_size":[1.109,0.0259]},"up":{"uv":[14.084,7.7891],"uv_size":[-1.109,-0.0259]},"west":{"uv":[13.7754,7.1846],"uv_size":[0.0246,0.0259]}}},{"origin":[-2.69239,11.5,-2.50924],"size":[11,0.25,0.25],"uv":{"east":{"uv":[13.4754,7.1583],"uv_size":[0.0246,0.0259]},"north":{"uv":[13.141,7.1583],"uv_size":[1.084,0.0259]},"south":{"uv":[12.991,7.1583],"uv_size":[1.084,0.0259]},"up":{"uv":[14.059,7.7101],"uv_size":[-1.084,-0.0259]},"west":{"uv":[13.7004,7.1583],"uv_size":[0.0246,0.0259]}}},{"origin":[-2.69239,11.5,-1.75924],"size":[11,0.25,0.25],"uv":{"east":{"uv":[13.4004,7.1583],"uv_size":[0.0246,0.0259]},"north":{"uv":[13.141,7.1583],"uv_size":[1.084,0.0259]},"south":{"uv":[12.991,7.1583],"uv_size":[1.084,0.0259]},"up":{"uv":[14.059,7.7891],"uv_size":[-1.084,-0.0259]},"west":{"uv":[13.7754,7.1583],"uv_size":[0.0246,0.0259]}}},{"origin":[-2.94239,11.75,-2.25924],"size":[11.25,0.25,0.5],"uv":{"down":{"uv":[14.084,7.4465],"uv_size":[-1.109,-0.0518]},"east":{"uv":[13.4258,7.132],"uv_size":[0.0492,0.0259]},"north":{"uv":[13.116,7.132],"uv_size":[1.109,0.0259]},"south":{"uv":[12.991,7.132],"uv_size":[1.109,0.0259]},"up":{"uv":[14.084,7.7623],"uv_size":[-1.109,-0.0518]},"west":{"uv":[13.7258,7.132],"uv_size":[0.0492,0.0259]}}},{"origin":[-3.69239,10,-2.25924],"size":[11.5,0.25,0.5],"uv":{"down":{"uv":[14.159,7.4465],"uv_size":[-1.134,-0.0518]},"east":{"uv":[13.4258,7.3162],"uv_size":[0.0492,0.0259]},"north":{"uv":[13.041,7.3162],"uv_size":[1.134,0.0259]},"south":{"uv":[13.041,7.3162],"uv_size":[1.134,0.0259]},"up":{"uv":[14.159,7.7623],"uv_size":[-1.134,-0.0518]},"west":{"uv":[13.7258,7.3162],"uv_size":[0.0492,0.0259]}}},{"origin":[-3.44239,10.25,-2.25924],"size":[11.25,0.25,0.5],"uv":{"east":{"uv":[13.4258,7.2899],"uv_size":[0.0492,0.0259]},"north":{"uv":[13.066,7.2899],"uv_size":[1.109,0.0259]},"south":{"uv":[13.041,7.2899],"uv_size":[1.109,0.0259]},"up":{"uv":[14.134,7.7623],"uv_size":[-1.109,-0.0518]},"west":{"uv":[13.7258,7.2899],"uv_size":[0.0492,0.0259]}}},{"origin":[-3.19239,10.5,-2.50924],"size":[11,0.5,1],"uv":{"down":{"uv":[14.109,7.472],"uv_size":[-1.084,-0.1036]},"east":{"uv":[13.4016,7.2377],"uv_size":[0.0984,0.0518]},"north":{"uv":[13.091,7.2377],"uv_size":[1.084,0.0518]},"south":{"uv":[13.041,7.2377],"uv_size":[1.084,0.0518]},"up":{"uv":[14.109,7.7878],"uv_size":[-1.084,-0.1036]},"west":{"uv":[13.7016,7.2377],"uv_size":[0.0984,0.0518]}}},{"origin":[-3.19239,10.75,-2.75924],"size":[11,0.25,0.25],"uv":{"down":{"uv":[14.109,7.4996],"uv_size":[-1.084,-0.0259]},"east":{"uv":[13.5004,7.2373],"uv_size":[0.0246,0.0259]},"north":{"uv":[13.091,7.2373],"uv_size":[1.084,0.0259]},"up":{"uv":[14.109,7.6838],"uv_size":[-1.084,-0.0259]},"west":{"uv":[13.6754,7.2373],"uv_size":[0.0246,0.0259]}}},{"origin":[-3.19239,10.75,-1.50924],"size":[11,0.25,0.25],"uv":{"down":{"uv":[14.109,7.368],"uv_size":[-1.084,-0.0259]},"east":{"uv":[13.3754,7.2373],"uv_size":[0.0246,0.0259]},"south":{"uv":[13.041,7.2373],"uv_size":[1.084,0.0259]},"up":{"uv":[14.109,7.8154],"uv_size":[-1.084,-0.0259]},"west":{"uv":[13.8004,7.2373],"uv_size":[0.0246,0.0259]}}},{"origin":[-2.94239,11,-2.75924],"size":[10.75,0.5,0.25],"uv":{"east":{"uv":[13.5004,7.1851],"uv_size":[0.0246,0.0518]},"north":{"uv":[13.116,7.1851],"uv_size":[1.059,0.0518]},"south":{"uv":[13.041,7.1851],"uv_size":[1.059,0.0518]},"up":{"uv":[14.084,7.6838],"uv_size":[-1.059,-0.0259]},"west":{"uv":[13.6754,7.1851],"uv_size":[0.0246,0.0518]}}},{"origin":[-2.94239,11,-2.50924],"size":[10.75,0.25,0.25],"uv":{"east":{"uv":[13.4754,7.2109],"uv_size":[0.0246,0.0259]},"west":{"uv":[13.7004,7.2109],"uv_size":[0.0246,0.0259]}}},{"origin":[-2.94239,11,-1.75924],"size":[10.75,0.25,0.5],"uv":{"down":{"uv":[14.084,7.3939],"uv_size":[-1.059,-0.0518]},"east":{"uv":[13.3758,7.2109],"uv_size":[0.0492,0.0259]},"south":{"uv":[13.041,7.2109],"uv_size":[1.059,0.0259]},"up":{"uv":[14.084,7.8149],"uv_size":[-1.059,-0.0518]},"west":{"uv":[13.7758,7.2109],"uv_size":[0.0492,0.0259]}}},{"origin":[7.55761,11.25,-2.25924],"size":[0.25,0.5,0.5],"uv":{"north":{"uv":[15.7504,3.7903],"uv_size":[0.0246,0.0518]},"south":{"uv":[14.6254,3.7903],"uv_size":[0.0246,0.0518]},"west":{"uv":[15.3258,3.7903],"uv_size":[0.0492,0.0518]}}},{"origin":[-2.94239,11.25,-1.50924],"size":[10.75,0.25,0.25],"uv":{"east":{"uv":[13.3754,7.1846],"uv_size":[0.0246,0.0259]},"south":{"uv":[13.041,7.1846],"uv_size":[1.059,0.0259]},"up":{"uv":[14.084,7.8154],"uv_size":[-1.059,-0.0259]},"west":{"uv":[13.8004,7.1846],"uv_size":[0.0246,0.0259]}}},{"origin":[-2.69239,11.5,-2.75924],"size":[10.5,0.25,0.25],"uv":{"east":{"uv":[13.5004,7.1583],"uv_size":[0.0246,0.0259]},"north":{"uv":[13.141,7.1583],"uv_size":[1.034,0.0259]},"up":{"uv":[14.059,7.6838],"uv_size":[-1.034,-0.0259]},"west":{"uv":[13.6754,7.1583],"uv_size":[0.0246,0.0259]}}},{"origin":[-2.69239,11.5,-1.50924],"size":[10.5,0.25,0.25],"uv":{"east":{"uv":[13.3754,7.1583],"uv_size":[0.0246,0.0259]},"south":{"uv":[13.041,7.1583],"uv_size":[1.034,0.0259]},"up":{"uv":[14.059,7.8154],"uv_size":[-1.034,-0.0259]},"west":{"uv":[13.8004,7.1583],"uv_size":[0.0246,0.0259]}}},{"origin":[-2.44239,11.75,-2.50924],"size":[10.25,0.25,0.25],"uv":{"east":{"uv":[13.4754,7.132],"uv_size":[0.0246,0.0259]},"north":{"uv":[13.166,7.132],"uv_size":[1.009,0.0259]},"up":{"uv":[14.034,7.7101],"uv_size":[-1.009,-0.0259]},"west":{"uv":[13.7004,7.132],"uv_size":[0.0246,0.0259]}}},{"origin":[-2.44239,11.75,-1.75924],"size":[10.25,0.25,0.25],"uv":{"east":{"uv":[13.4004,7.132],"uv_size":[0.0246,0.0259]},"south":{"uv":[13.041,7.132],"uv_size":[1.009,0.0259]},"up":{"uv":[14.034,7.7891],"uv_size":[-1.009,-0.0259]},"west":{"uv":[13.7754,7.132],"uv_size":[0.0246,0.0259]}}},{"origin":[7.05761,12,-2.50924],"size":[0.75,0.25,1],"uv":{"down":{"uv":[13.0988,7.472],"uv_size":[-0.0738,-0.1036]},"east":{"uv":[13.4016,7.1057],"uv_size":[0.0984,0.0259]},"north":{"uv":[14.1012,7.1057],"uv_size":[0.0738,0.0259]},"south":{"uv":[13.0262,7.1057],"uv_size":[0.0738,0.0259]},"up":{"uv":[13.0988,7.7878],"uv_size":[-0.0738,-0.1036]},"west":{"uv":[13.7016,7.1057],"uv_size":[0.0984,0.0259]}}},{"origin":[7.05761,12.25,-2.25924],"size":[0.75,0.25,0.5],"uv":{"east":{"uv":[13.4258,7.0794],"uv_size":[0.0492,0.0259]},"north":{"uv":[14.1012,7.0794],"uv_size":[0.0738,0.0259]},"south":{"uv":[13.0262,7.0794],"uv_size":[0.0738,0.0259]},"up":{"uv":[13.0988,7.7623],"uv_size":[-0.0738,-0.0518]},"west":{"uv":[13.7258,7.0794],"uv_size":[0.0492,0.0259]}}},{"origin":[-3.19239,11.25,-2.25924],"size":[10.75,0.5,0.5],"uv":{"down":{"uv":[14.109,7.4465],"uv_size":[-1.059,-0.0518]},"east":{"uv":[13.4258,7.1587],"uv_size":[0.0492,0.0518]},"north":{"uv":[13.091,7.1587],"uv_size":[1.059,0.0518]},"south":{"uv":[13.066,7.1587],"uv_size":[1.059,0.0518]},"up":{"uv":[14.109,7.7623],"uv_size":[-1.059,-0.0518]}}},{"origin":[-2.44239,11.75,-2.75924],"size":[9.5,0.25,0.25],"uv":{"east":{"uv":[13.5004,7.132],"uv_size":[0.0246,0.0259]},"north":{"uv":[13.1652,7.132],"uv_size":[0.9348,0.0259]},"up":{"uv":[14.0348,7.6838],"uv_size":[-0.9348,-0.0259]},"west":{"uv":[13.6754,7.132],"uv_size":[0.0246,0.0259]}}},{"origin":[-1.94239,12,-2.25924],"size":[9,0.25,0.5],"uv":{"east":{"uv":[13.4258,7.1057],"uv_size":[0.0492,0.0259]},"north":{"uv":[13.2144,7.1057],"uv_size":[0.8856,0.0259]},"south":{"uv":[13.1144,7.1057],"uv_size":[0.8856,0.0259]},"up":{"uv":[13.9856,7.7623],"uv_size":[-0.8856,-0.0518]}}},{"origin":[-3.69239,10,-2.50924],"size":[10.5,0.25,0.25],"uv":{"down":{"uv":[14.159,7.4733],"uv_size":[-1.034,-0.0259]},"east":{"uv":[13.4754,7.3162],"uv_size":[0.0246,0.0259]},"north":{"uv":[13.041,7.3162],"uv_size":[1.034,0.0259]},"up":{"uv":[14.159,7.7101],"uv_size":[-1.034,-0.0259]},"west":{"uv":[13.7004,7.3162],"uv_size":[0.0246,0.0259]}}},{"origin":[-3.69239,10,-1.75924],"size":[10.5,0.25,0.25],"uv":{"down":{"uv":[14.159,7.3943],"uv_size":[-1.034,-0.0259]},"east":{"uv":[13.4004,7.3162],"uv_size":[0.0246,0.0259]},"south":{"uv":[13.141,7.3162],"uv_size":[1.034,0.0259]},"up":{"uv":[14.159,7.7891],"uv_size":[-1.034,-0.0259]},"west":{"uv":[13.7754,7.3162],"uv_size":[0.0246,0.0259]}}},{"origin":[-3.44239,10.25,-2.50924],"size":[10.25,0.25,0.25],"uv":{"east":{"uv":[13.4754,7.2899],"uv_size":[0.0246,0.0259]},"north":{"uv":[13.066,7.2899],"uv_size":[1.009,0.0259]},"up":{"uv":[14.134,7.7101],"uv_size":[-1.009,-0.0259]},"west":{"uv":[13.7004,7.2899],"uv_size":[0.0246,0.0259]}}},{"origin":[-3.44239,10.25,-1.75924],"size":[10.25,0.25,0.25],"uv":{"east":{"uv":[13.4004,7.2899],"uv_size":[0.0246,0.0259]},"south":{"uv":[13.141,7.2899],"uv_size":[1.009,0.0259]},"up":{"uv":[14.134,7.7891],"uv_size":[-1.009,-0.0259]},"west":{"uv":[13.7754,7.2899],"uv_size":[0.0246,0.0259]}}},{"origin":[-3.19239,10.5,-2.75924],"size":[10,0.25,0.25],"uv":{"down":{"uv":[14.109,7.4996],"uv_size":[-0.984,-0.0259]},"east":{"uv":[13.5004,7.2636],"uv_size":[0.0246,0.0259]},"north":{"uv":[13.091,7.2636],"uv_size":[0.984,0.0259]},"west":{"uv":[13.6754,7.2636],"uv_size":[0.0246,0.0259]}}},{"origin":[-3.19239,10.5,-1.50924],"size":[10,0.25,0.25],"uv":{"down":{"uv":[14.109,7.368],"uv_size":[-0.984,-0.0259]},"east":{"uv":[13.3754,7.2636],"uv_size":[0.0246,0.0259]},"south":{"uv":[13.141,7.2636],"uv_size":[0.984,0.0259]},"west":{"uv":[13.8004,7.2636],"uv_size":[0.0246,0.0259]}}},{"origin":[-3.19239,10.75,-3.00924],"size":[10,0.25,0.25],"uv":{"down":{"uv":[14.109,7.5259],"uv_size":[-0.984,-0.0259]},"east":{"uv":[13.5254,7.2373],"uv_size":[0.0246,0.0259]},"north":{"uv":[13.091,7.2373],"uv_size":[0.984,0.0259]},"up":{"uv":[14.109,7.6575],"uv_size":[-0.984,-0.0259]},"west":{"uv":[13.6504,7.2373],"uv_size":[0.0246,0.0259]}}},{"origin":[-2.94239,11,-3.00924],"size":[9.75,0.5,0.25],"uv":{"east":{"uv":[13.5254,7.1851],"uv_size":[0.0246,0.0518]},"north":{"uv":[13.1156,7.1851],"uv_size":[0.9594,0.0518]},"up":{"uv":[14.0844,7.6575],"uv_size":[-0.9594,-0.0259]},"west":{"uv":[13.6504,7.1851],"uv_size":[0.0246,0.0518]}}},{"origin":[-2.69239,11.5,-3.00924],"size":[9.5,0.25,0.25],"uv":{"east":{"uv":[13.5254,7.1583],"uv_size":[0.0246,0.0259]},"north":{"uv":[13.1402,7.1583],"uv_size":[0.9348,0.0259]},"up":{"uv":[14.0598,7.6575],"uv_size":[-0.9348,-0.0259]},"west":{"uv":[13.6504,7.1583],"uv_size":[0.0246,0.0259]}}},{"origin":[-2.44239,11.75,-1.50924],"size":[9.25,0.25,0.25],"uv":{"east":{"uv":[13.3754,7.132],"uv_size":[0.0246,0.0259]},"south":{"uv":[13.1398,7.132],"uv_size":[0.9102,0.0259]},"up":{"uv":[14.0352,7.8154],"uv_size":[-0.9102,-0.0259]},"west":{"uv":[13.8004,7.132],"uv_size":[0.0246,0.0259]}}},{"origin":[-3.44239,9.75,-2.25924],"size":[10,0.25,0.5],"uv":{"down":{"uv":[14.134,7.4465],"uv_size":[-0.984,-0.0518]},"east":{"uv":[13.4258,7.3425],"uv_size":[0.0492,0.0259]},"north":{"uv":[13.066,7.3425],"uv_size":[0.984,0.0259]},"south":{"uv":[13.166,7.3425],"uv_size":[0.984,0.0259]},"west":{"uv":[13.7258,7.3425],"uv_size":[0.0492,0.0259]}}},{"origin":[-3.19239,10.75,-1.25924],"size":[9.75,0.25,0.25],"uv":{"down":{"uv":[14.1094,7.3417],"uv_size":[-0.9594,-0.0259]},"east":{"uv":[13.3504,7.2373],"uv_size":[0.0246,0.0259]},"south":{"uv":[13.1656,7.2373],"uv_size":[0.9594,0.0259]},"up":{"uv":[14.1094,7.8417],"uv_size":[-0.9594,-0.0259]},"west":{"uv":[13.8254,7.2373],"uv_size":[0.0246,0.0259]}}},{"origin":[-2.94239,11,-1.25924],"size":[9.5,0.5,0.25],"uv":{"east":{"uv":[13.3504,7.1851],"uv_size":[0.0246,0.0518]},"north":{"uv":[13.1152,7.1851],"uv_size":[0.9348,0.0518]},"south":{"uv":[13.1652,7.1851],"uv_size":[0.9348,0.0518]},"up":{"uv":[14.0848,7.8417],"uv_size":[-0.9348,-0.0259]},"west":{"uv":[13.8254,7.1851],"uv_size":[0.0246,0.0518]}}},{"origin":[-2.69239,11.5,-1.25924],"size":[9.25,0.25,0.25],"uv":{"east":{"uv":[13.3504,7.1583],"uv_size":[0.0246,0.0259]},"south":{"uv":[13.1648,7.1583],"uv_size":[0.9102,0.0259]},"up":{"uv":[14.0602,7.8417],"uv_size":[-0.9102,-0.0259]},"west":{"uv":[13.8254,7.1583],"uv_size":[0.0246,0.0259]}}},{"origin":[3.30761,9.5,-2.25924],"size":[0.25,0.25,0.5],"uv":{"down":{"uv":[15.0746,5.7623],"uv_size":[-0.0246,-0.0518]},"east":{"uv":[15.0258,5.6846],"uv_size":[0.0492,0.0259]},"north":{"uv":[15.3254,5.6846],"uv_size":[0.0246,0.0259]},"south":{"uv":[15.0504,5.6846],"uv_size":[0.0246,0.0259]},"west":{"uv":[15.3258,5.6846],"uv_size":[0.0492,0.0259]}}},{"origin":[3.05761,9.25,-2.25924],"size":[0.25,0.25,0.5],"uv":{"down":{"uv":[15.0996,5.7623],"uv_size":[-0.0246,-0.0518]},"east":{"uv":[15.0258,5.7109],"uv_size":[0.0492,0.0259]},"north":{"uv":[15.3004,5.7109],"uv_size":[0.0246,0.0259]},"south":{"uv":[15.0754,5.7109],"uv_size":[0.0246,0.0259]},"up":{"uv":[15.0996,6.0781],"uv_size":[-0.0246,-0.0518]},"west":{"uv":[15.3258,5.7109],"uv_size":[0.0492,0.0259]}}},{"origin":[2.05761,8.25,-2.25924],"size":[1,0.25,0.5],"uv":{"down":{"uv":[15.1984,5.7623],"uv_size":[-0.0984,-0.0518]},"east":{"uv":[15.0258,5.8162],"uv_size":[0.0492,0.0259]},"north":{"uv":[15.2016,5.8162],"uv_size":[0.0984,0.0259]},"south":{"uv":[15.1016,5.8162],"uv_size":[0.0984,0.0259]},"up":{"uv":[15.1984,6.0781],"uv_size":[-0.0984,-0.0518]},"west":{"uv":[15.3258,5.8162],"uv_size":[0.0492,0.0259]}}},{"origin":[2.80761,8.5,-2.25924],"size":[0.25,0.75,0.5],"uv":{"east":{"uv":[15.0258,5.7381],"uv_size":[0.0492,0.0777]},"north":{"uv":[15.2754,5.7381],"uv_size":[0.0246,0.0777]},"south":{"uv":[15.1004,5.7381],"uv_size":[0.0246,0.0777]},"up":{"uv":[15.1246,6.0781],"uv_size":[-0.0246,-0.0518]},"west":{"uv":[15.3258,5.7381],"uv_size":[0.0492,0.0777]}}},{"origin":[-3.19239,8,-2.25924],"size":[5.25,0.25,0.5],"uv":{"down":{"uv":[15.7166,5.7623],"uv_size":[-0.5166,-0.0518]},"east":{"uv":[15.0258,5.8425],"uv_size":[0.0492,0.0259]},"north":{"uv":[14.6834,5.8425],"uv_size":[0.5166,0.0259]},"south":{"uv":[15.2084,5.8425],"uv_size":[0.5166,0.0259]},"up":{"uv":[15.7166,6.0781],"uv_size":[-0.5166,-0.0518]},"west":{"uv":[15.3258,5.8425],"uv_size":[0.0492,0.0259]}}},{"origin":[1.55761,8.5,-2.25924],"size":[0.25,0.25,0.5],"uv":{"down":{"uv":[15.2496,5.7623],"uv_size":[-0.0246,-0.0518]},"east":{"uv":[15.0258,5.7899],"uv_size":[0.0492,0.0259]},"north":{"uv":[15.1504,5.7899],"uv_size":[0.0246,0.0259]},"south":{"uv":[15.2254,5.7899],"uv_size":[0.0246,0.0259]},"up":{"uv":[15.2496,6.0781],"uv_size":[-0.0246,-0.0518]},"west":{"uv":[15.3258,5.7899],"uv_size":[0.0492,0.0259]}}},{"origin":[1.30761,8.75,-2.25924],"size":[0.25,0.25,0.5],"uv":{"down":{"uv":[15.2746,5.7623],"uv_size":[-0.0246,-0.0518]},"east":{"uv":[15.0258,5.7636],"uv_size":[0.0492,0.0259]},"north":{"uv":[15.1254,5.7636],"uv_size":[0.0246,0.0259]},"south":{"uv":[15.2504,5.7636],"uv_size":[0.0246,0.0259]},"up":{"uv":[15.2746,6.0781],"uv_size":[-0.0246,-0.0518]},"west":{"uv":[15.3258,5.7636],"uv_size":[0.0492,0.0259]}}},{"origin":[1.05761,9,-2.25924],"size":[0.25,0.75,0.5],"uv":{"down":{"uv":[15.2996,5.7623],"uv_size":[-0.0246,-0.0518]},"east":{"uv":[15.0258,5.6855],"uv_size":[0.0492,0.0777]},"north":{"uv":[15.1004,5.6855],"uv_size":[0.0246,0.0777]},"south":{"uv":[15.2754,5.6855],"uv_size":[0.0246,0.0777]},"west":{"uv":[15.3258,5.6855],"uv_size":[0.0492,0.0777]}}},{"origin":[-3.69239,10,-2.75924],"size":[5,0.25,0.25],"uv":{"down":{"uv":[14.167,7.4996],"uv_size":[-0.492,-0.0259]},"east":{"uv":[13.5004,7.3162],"uv_size":[0.0246,0.0259]},"north":{"uv":[13.033,7.3162],"uv_size":[0.492,0.0259]},"up":{"uv":[14.167,7.6838],"uv_size":[-0.492,-0.0259]},"west":{"uv":[13.6754,7.3162],"uv_size":[0.0246,0.0259]}}},{"origin":[-3.69239,10,-1.50924],"size":[5,0.25,0.25],"uv":{"down":{"uv":[14.167,7.368],"uv_size":[-0.492,-0.0259]},"east":{"uv":[13.3754,7.3162],"uv_size":[0.0246,0.0259]},"south":{"uv":[13.683,7.3162],"uv_size":[0.492,0.0259]},"up":{"uv":[14.167,7.8154],"uv_size":[-0.492,-0.0259]},"west":{"uv":[13.8004,7.3162],"uv_size":[0.0246,0.0259]}}},{"origin":[-3.44239,10.25,-2.75924],"size":[4.75,0.25,0.25],"uv":{"east":{"uv":[13.5004,7.2899],"uv_size":[0.0246,0.0259]},"north":{"uv":[13.0576,7.2899],"uv_size":[0.4674,0.0259]},"up":{"uv":[14.1424,7.6838],"uv_size":[-0.4674,-0.0259]},"west":{"uv":[13.6754,7.2899],"uv_size":[0.0246,0.0259]}}},{"origin":[-3.44239,10.25,-1.50924],"size":[4.75,0.25,0.25],"uv":{"east":{"uv":[13.3754,7.2899],"uv_size":[0.0246,0.0259]},"south":{"uv":[13.6826,7.2899],"uv_size":[0.4674,0.0259]},"up":{"uv":[14.1424,7.8154],"uv_size":[-0.4674,-0.0259]},"west":{"uv":[13.8004,7.2899],"uv_size":[0.0246,0.0259]}}},{"origin":[-3.19239,8,-2.75924],"size":[3.75,0.25,0.5],"uv":{"down":{"uv":[14.119,7.4992],"uv_size":[-0.369,-0.0518]},"east":{"uv":[13.4758,7.5267],"uv_size":[0.0492,0.0259]},"north":{"uv":[13.081,7.5267],"uv_size":[0.369,0.0259]},"up":{"uv":[14.119,7.7097],"uv_size":[-0.369,-0.0518]},"west":{"uv":[13.6758,7.5267],"uv_size":[0.0492,0.0259]}}},{"origin":[-3.19239,8,-1.75924],"size":[3.75,0.5,0.25],"uv":{"down":{"uv":[14.119,7.3943],"uv_size":[-0.369,-0.0259]},"east":{"uv":[13.4004,7.5008],"uv_size":[0.0246,0.0518]},"north":{"uv":[13.081,7.5008],"uv_size":[0.369,0.0518]},"south":{"uv":[13.756,7.5008],"uv_size":[0.369,0.0518]},"up":{"uv":[14.119,7.7891],"uv_size":[-0.369,-0.0259]},"west":{"uv":[13.7754,7.5008],"uv_size":[0.0246,0.0518]}}},{"origin":[-3.19239,8,-1.50924],"size":[3.75,0.25,0.25],"uv":{"down":{"uv":[14.119,7.368],"uv_size":[-0.369,-0.0259]},"east":{"uv":[13.3754,7.5267],"uv_size":[0.0246,0.0259]},"south":{"uv":[13.756,7.5267],"uv_size":[0.369,0.0259]},"up":{"uv":[14.119,7.8154],"uv_size":[-0.369,-0.0259]},"west":{"uv":[13.8004,7.5267],"uv_size":[0.0246,0.0259]}}},{"origin":[-3.19239,8.25,-2.50924],"size":[3.75,0.25,0.75],"uv":{"down":{"uv":[14.119,7.4724],"uv_size":[-0.369,-0.0777]},"east":{"uv":[13.4262,7.5004],"uv_size":[0.0738,0.0259]},"north":{"uv":[13.081,7.5004],"uv_size":[0.369,0.0259]},"up":{"uv":[14.119,7.7619],"uv_size":[-0.369,-0.0777]},"west":{"uv":[13.7012,7.5004],"uv_size":[0.0738,0.0259]}}},{"origin":[-2.94239,8.5,-2.50924],"size":[3.5,0.25,1],"uv":{"down":{"uv":[14.0944,7.472],"uv_size":[-0.3444,-0.1036]},"east":{"uv":[13.4016,7.4741],"uv_size":[0.0984,0.0259]},"north":{"uv":[13.1056,7.4741],"uv_size":[0.3444,0.0259]},"south":{"uv":[13.7556,7.4741],"uv_size":[0.3444,0.0259]},"up":{"uv":[14.0944,7.7878],"uv_size":[-0.3444,-0.1036]},"west":{"uv":[13.7016,7.4741],"uv_size":[0.0984,0.0259]}}},{"origin":[-3.19239,9.5,-2.50924],"size":[3.75,0.5,0.25],"uv":{"down":{"uv":[14.119,7.4733],"uv_size":[-0.369,-0.0259]},"east":{"uv":[13.4754,7.3429],"uv_size":[0.0246,0.0518]},"north":{"uv":[13.081,7.3429],"uv_size":[0.369,0.0518]},"south":{"uv":[13.756,7.3429],"uv_size":[0.369,0.0518]},"west":{"uv":[13.7004,7.3429],"uv_size":[0.0246,0.0518]}}},{"origin":[-3.19239,9.5,-2.25924],"size":[3.75,0.25,0.75],"uv":{"down":{"uv":[14.119,7.4461],"uv_size":[-0.369,-0.0777]},"east":{"uv":[13.4012,7.3688],"uv_size":[0.0738,0.0259]},"south":{"uv":[13.756,7.3688],"uv_size":[0.369,0.0259]},"up":{"uv":[14.119,7.7882],"uv_size":[-0.369,-0.0777]},"west":{"uv":[13.7262,7.3688],"uv_size":[0.0738,0.0259]}}},{"origin":[-3.44239,9.75,-1.75924],"size":[4,0.25,0.5],"uv":{"down":{"uv":[14.1436,7.3939],"uv_size":[-0.3936,-0.0518]},"east":{"uv":[13.3758,7.3425],"uv_size":[0.0492,0.0259]},"south":{"uv":[13.7564,7.3425],"uv_size":[0.3936,0.0259]},"up":{"uv":[14.1436,7.8149],"uv_size":[-0.3936,-0.0518]},"west":{"uv":[13.7758,7.3425],"uv_size":[0.0492,0.0259]}}},{"origin":[-3.19239,8.25,-2.75924],"size":[3.5,0.25,0.25],"uv":{"east":{"uv":[13.5004,7.5004],"uv_size":[0.0246,0.0259]},"north":{"uv":[13.0806,7.5004],"uv_size":[0.3444,0.0259]},"up":{"uv":[14.1194,7.6838],"uv_size":[-0.3444,-0.0259]},"west":{"uv":[13.6754,7.5004],"uv_size":[0.0246,0.0259]}}},{"origin":[-3.19239,8.25,-1.50924],"size":[3.5,0.25,0.25],"uv":{"east":{"uv":[13.3754,7.5004],"uv_size":[0.0246,0.0259]},"south":{"uv":[13.7806,7.5004],"uv_size":[0.3444,0.0259]},"up":{"uv":[14.1194,7.8154],"uv_size":[-0.3444,-0.0259]},"west":{"uv":[13.8004,7.5004],"uv_size":[0.0246,0.0259]}}},{"origin":[-2.94239,8.5,-2.75924],"size":[3.25,0.25,0.25],"uv":{"east":{"uv":[13.5004,7.4741],"uv_size":[0.0246,0.0259]},"north":{"uv":[13.1052,7.4741],"uv_size":[0.3198,0.0259]},"up":{"uv":[14.0948,7.6838],"uv_size":[-0.3198,-0.0259]},"west":{"uv":[13.6754,7.4741],"uv_size":[0.0246,0.0259]}}},{"origin":[-2.94239,8.5,-1.50924],"size":[3.25,0.25,0.25],"uv":{"east":{"uv":[13.3754,7.4741],"uv_size":[0.0246,0.0259]},"south":{"uv":[13.7802,7.4741],"uv_size":[0.3198,0.0259]},"up":{"uv":[14.0948,7.8154],"uv_size":[-0.3198,-0.0259]},"west":{"uv":[13.8004,7.4741],"uv_size":[0.0246,0.0259]}}},{"origin":[-2.94239,8.75,-2.50924],"size":[3.25,0.25,1],"uv":{"east":{"uv":[13.4016,7.4478],"uv_size":[0.0984,0.0259]},"north":{"uv":[13.1052,7.4478],"uv_size":[0.3198,0.0259]},"south":{"uv":[13.7802,7.4478],"uv_size":[0.3198,0.0259]},"up":{"uv":[14.0948,7.7878],"uv_size":[-0.3198,-0.1036]},"west":{"uv":[13.7016,7.4478],"uv_size":[0.0984,0.0259]}}},{"origin":[-2.69239,9,-2.50924],"size":[3,0.5,1],"uv":{"east":{"uv":[13.4016,7.3956],"uv_size":[0.0984,0.0518]},"north":{"uv":[13.1298,7.3956],"uv_size":[0.2952,0.0518]},"south":{"uv":[13.7798,7.3956],"uv_size":[0.2952,0.0518]},"up":{"uv":[14.0702,7.7878],"uv_size":[-0.2952,-0.1036]},"west":{"uv":[13.7016,7.3956],"uv_size":[0.0984,0.0518]}}},{"origin":[-3.19239,9.5,-2.75924],"size":[3.5,0.5,0.25],"uv":{"down":{"uv":[14.1194,7.4996],"uv_size":[-0.3444,-0.0259]},"east":{"uv":[13.5004,7.3429],"uv_size":[0.0246,0.0518]},"north":{"uv":[13.0806,7.3429],"uv_size":[0.3444,0.0518]},"west":{"uv":[13.6754,7.3429],"uv_size":[0.0246,0.0518]}}},{"origin":[-3.19239,9.5,-1.50924],"size":[3.5,0.25,0.25],"uv":{"down":{"uv":[14.1194,7.368],"uv_size":[-0.3444,-0.0259]},"east":{"uv":[13.3754,7.3688],"uv_size":[0.0246,0.0259]},"south":{"uv":[13.7806,7.3688],"uv_size":[0.3444,0.0259]},"west":{"uv":[13.8004,7.3688],"uv_size":[0.0246,0.0259]}}},{"origin":[-2.94239,8.75,-2.75924],"size":[3,0.25,0.25],"uv":{"east":{"uv":[13.5004,7.4478],"uv_size":[0.0246,0.0259]},"north":{"uv":[13.1048,7.4478],"uv_size":[0.2952,0.0259]},"up":{"uv":[14.0952,7.6838],"uv_size":[-0.2952,-0.0259]},"west":{"uv":[13.6754,7.4478],"uv_size":[0.0246,0.0259]}}},{"origin":[-2.94239,8.75,-1.50924],"size":[3,0.25,0.25],"uv":{"east":{"uv":[13.3754,7.4478],"uv_size":[0.0246,0.0259]},"south":{"uv":[13.8048,7.4478],"uv_size":[0.2952,0.0259]},"up":{"uv":[14.0952,7.8154],"uv_size":[-0.2952,-0.0259]},"west":{"uv":[13.8004,7.4478],"uv_size":[0.0246,0.0259]}}},{"origin":[-2.69239,9,-2.75924],"size":[2.75,0.5,0.25],"uv":{"east":{"uv":[13.5004,7.3956],"uv_size":[0.0246,0.0518]},"north":{"uv":[13.1294,7.3956],"uv_size":[0.2706,0.0518]},"west":{"uv":[13.6754,7.3956],"uv_size":[0.0246,0.0518]}}},{"origin":[-2.69239,9,-1.50924],"size":[2.75,0.5,0.25],"uv":{"east":{"uv":[13.3754,7.3956],"uv_size":[0.0246,0.0518]},"south":{"uv":[13.8044,7.3956],"uv_size":[0.2706,0.0518]},"west":{"uv":[13.8004,7.3956],"uv_size":[0.0246,0.0518]}}},{"origin":[-3.44239,7,-2.75924],"size":[3.25,0.75,1.5],"uv":{"down":{"uv":[14.1448,7.4975],"uv_size":[-0.3198,-0.1554]},"east":{"uv":[13.3774,7.5802],"uv_size":[0.1476,0.0777]},"north":{"uv":[13.0552,7.5802],"uv_size":[0.3198,0.0777]},"south":{"uv":[13.8302,7.5802],"uv_size":[0.3198,0.0777]},"up":{"uv":[14.1448,7.8133],"uv_size":[-0.3198,-0.1554]},"west":{"uv":[13.6774,7.5802],"uv_size":[0.1476,0.0777]}}},{"origin":[-3.19239,7.75,-2.75924],"size":[3,0.25,1.5],"uv":{"east":{"uv":[13.3774,7.5531],"uv_size":[0.1476,0.0259]},"north":{"uv":[13.0798,7.5531],"uv_size":[0.2952,0.0259]},"south":{"uv":[13.8298,7.5531],"uv_size":[0.2952,0.0259]},"up":{"uv":[14.1202,7.8133],"uv_size":[-0.2952,-0.1554]},"west":{"uv":[13.6774,7.5531],"uv_size":[0.1476,0.0259]}}},{"origin":[-2.94239,8,-3.00924],"size":[2.75,0.5,0.25],"uv":{"down":{"uv":[15.6956,4.1575],"uv_size":[-0.2706,-0.0259]},"east":{"uv":[15.1254,4.1324],"uv_size":[0.0246,0.0518]},"north":{"uv":[14.7044,4.1324],"uv_size":[0.2706,0.0518]},"south":{"uv":[15.4294,4.1324],"uv_size":[0.2706,0.0518]},"up":{"uv":[15.6956,4.2891],"uv_size":[-0.2706,-0.0259]},"west":{"uv":[15.2504,4.1324],"uv_size":[0.0246,0.0518]}}},{"origin":[-2.94239,8,-1.25924],"size":[2.75,0.5,0.25],"uv":{"down":{"uv":[15.6956,3.9733],"uv_size":[-0.2706,-0.0259]},"east":{"uv":[14.9504,4.1324],"uv_size":[0.0246,0.0518]},"north":{"uv":[14.7044,4.1324],"uv_size":[0.2706,0.0518]},"south":{"uv":[15.4294,4.1324],"uv_size":[0.2706,0.0518]},"up":{"uv":[15.6956,4.4733],"uv_size":[-0.2706,-0.0259]},"west":{"uv":[15.4254,4.1324],"uv_size":[0.0246,0.0518]}}},{"origin":[-2.69239,8.5,-3.00924],"size":[2.5,0.5,0.25],"uv":{"east":{"uv":[15.1254,4.0798],"uv_size":[0.0246,0.0518]},"north":{"uv":[14.729,4.0798],"uv_size":[0.246,0.0518]},"south":{"uv":[15.429,4.0798],"uv_size":[0.246,0.0518]},"up":{"uv":[15.671,4.2891],"uv_size":[-0.246,-0.0259]},"west":{"uv":[15.2504,4.0798],"uv_size":[0.0246,0.0518]}}},{"origin":[-2.69239,8.5,-1.25924],"size":[2.5,0.5,0.25],"uv":{"east":{"uv":[14.9504,4.0798],"uv_size":[0.0246,0.0518]},"north":{"uv":[14.729,4.0798],"uv_size":[0.246,0.0518]},"south":{"uv":[15.429,4.0798],"uv_size":[0.246,0.0518]},"up":{"uv":[15.671,4.4733],"uv_size":[-0.246,-0.0259]},"west":{"uv":[15.4254,4.0798],"uv_size":[0.0246,0.0518]}}},{"origin":[-2.44239,9,-3.00924],"size":[2.25,0.25,0.25],"uv":{"east":{"uv":[15.1254,4.0531],"uv_size":[0.0246,0.0259]},"north":{"uv":[14.7536,4.0531],"uv_size":[0.2214,0.0259]},"up":{"uv":[15.6464,4.2891],"uv_size":[-0.2214,-0.0259]},"west":{"uv":[15.2504,4.0531],"uv_size":[0.0246,0.0259]}}},{"origin":[-2.44239,9,-1.25924],"size":[2.25,0.25,0.25],"uv":{"east":{"uv":[14.9504,4.0531],"uv_size":[0.0246,0.0259]},"south":{"uv":[15.4286,4.0531],"uv_size":[0.2214,0.0259]},"up":{"uv":[15.6464,4.4733],"uv_size":[-0.2214,-0.0259]},"west":{"uv":[15.4254,4.0531],"uv_size":[0.0246,0.0259]}}},{"origin":[-0.94239,9.25,-3.00924],"size":[0.75,0.75,0.25],"uv":{"east":{"uv":[15.1254,3.9749],"uv_size":[0.0246,0.0777]},"north":{"uv":[14.9012,3.9749],"uv_size":[0.0738,0.0777]},"south":{"uv":[15.4262,3.9749],"uv_size":[0.0738,0.0777]},"up":{"uv":[15.4988,4.2891],"uv_size":[-0.0738,-0.0259]},"west":{"uv":[15.2504,3.9749],"uv_size":[0.0246,0.0777]}}},{"origin":[-0.94239,9.25,-1.25924],"size":[0.75,0.75,0.25],"uv":{"east":{"uv":[14.9504,3.9749],"uv_size":[0.0246,0.0777]},"north":{"uv":[14.9012,3.9749],"uv_size":[0.0738,0.0777]},"south":{"uv":[15.4262,3.9749],"uv_size":[0.0738,0.0777]},"up":{"uv":[15.4988,4.4733],"uv_size":[-0.0738,-0.0259]},"west":{"uv":[15.4254,3.9749],"uv_size":[0.0246,0.0777]}}},{"origin":[-3.94239,6,-2.75924],"size":[3.5,0.25,1.5],"uv":{"down":{"uv":[14.1944,7.4975],"uv_size":[-0.3444,-0.1554]},"east":{"uv":[13.3774,7.7373],"uv_size":[0.1476,0.0259]},"north":{"uv":[13.0056,7.7373],"uv_size":[0.3444,0.0259]},"south":{"uv":[13.8556,7.7373],"uv_size":[0.3444,0.0259]},"up":{"uv":[14.1944,7.8133],"uv_size":[-0.3444,-0.1554]},"west":{"uv":[13.6774,7.7373],"uv_size":[0.1476,0.0259]}}},{"origin":[-3.69239,6.25,-2.75924],"size":[3.25,0.75,1.5],"uv":{"east":{"uv":[13.3774,7.6592],"uv_size":[0.1476,0.0777]},"north":{"uv":[13.0302,7.6592],"uv_size":[0.3198,0.0777]},"south":{"uv":[13.8552,7.6592],"uv_size":[0.3198,0.0777]},"up":{"uv":[14.1698,7.8133],"uv_size":[-0.3198,-0.1554]},"west":{"uv":[13.6774,7.6592],"uv_size":[0.1476,0.0777]}}},{"origin":[-3.19239,7,-3.00924],"size":[2.75,0.75,0.25],"uv":{"down":{"uv":[15.7206,4.1575],"uv_size":[-0.2706,-0.0259]},"east":{"uv":[15.1254,4.2118],"uv_size":[0.0246,0.0777]},"north":{"uv":[14.6794,4.2118],"uv_size":[0.2706,0.0777]},"up":{"uv":[15.7206,4.2891],"uv_size":[-0.2706,-0.0259]},"west":{"uv":[15.2504,4.2118],"uv_size":[0.0246,0.0777]}}},{"origin":[-3.19239,7,-1.25924],"size":[2.75,0.75,0.25],"uv":{"down":{"uv":[15.7206,3.9733],"uv_size":[-0.2706,-0.0259]},"east":{"uv":[14.9504,4.2118],"uv_size":[0.0246,0.0777]},"south":{"uv":[15.4544,4.2118],"uv_size":[0.2706,0.0777]},"up":{"uv":[15.7206,4.4733],"uv_size":[-0.2706,-0.0259]},"west":{"uv":[15.4254,4.2118],"uv_size":[0.0246,0.0777]}}},{"origin":[-2.94239,7.75,-3.00924],"size":[2.5,0.25,0.25],"uv":{"east":{"uv":[15.1254,4.1846],"uv_size":[0.0246,0.0259]},"north":{"uv":[14.704,4.1846],"uv_size":[0.246,0.0259]},"west":{"uv":[15.2504,4.1846],"uv_size":[0.0246,0.0259]}}},{"origin":[-2.94239,7.75,-1.25924],"size":[2.5,0.25,0.25],"uv":{"east":{"uv":[14.9504,4.1846],"uv_size":[0.0246,0.0259]},"south":{"uv":[15.454,4.1846],"uv_size":[0.246,0.0259]},"west":{"uv":[15.4254,4.1846],"uv_size":[0.0246,0.0259]}}},{"origin":[-3.19239,4.5,-2.75924],"size":[2.5,0.25,1.5],"uv":{"down":{"uv":[14.121,7.4975],"uv_size":[-0.246,-0.1554]},"east":{"uv":[13.3774,7.8952],"uv_size":[0.1476,0.0259]},"north":{"uv":[13.079,7.8952],"uv_size":[0.246,0.0259]},"south":{"uv":[13.879,7.8952],"uv_size":[0.246,0.0259]},"up":{"uv":[14.121,7.8133],"uv_size":[-0.246,-0.1554]},"west":{"uv":[13.6774,7.8952],"uv_size":[0.1476,0.0259]}}},{"origin":[-3.69239,5,-2.75924],"size":[3,1,1.5],"uv":{"down":{"uv":[14.1702,7.4975],"uv_size":[-0.2952,-0.1554]},"east":{"uv":[13.3774,7.7648],"uv_size":[0.1476,0.1036]},"north":{"uv":[13.0298,7.7648],"uv_size":[0.2952,0.1036]},"south":{"uv":[13.8798,7.7648],"uv_size":[0.2952,0.1036]},"west":{"uv":[13.6774,7.7648],"uv_size":[0.1476,0.1036]}}},{"origin":[-3.69239,6,-3.00924],"size":[3,0.25,0.25],"uv":{"down":{"uv":[15.7702,4.1575],"uv_size":[-0.2952,-0.0259]},"east":{"uv":[15.1254,4.3688],"uv_size":[0.0246,0.0259]},"north":{"uv":[14.6298,4.3688],"uv_size":[0.2952,0.0259]},"up":{"uv":[15.7702,4.2891],"uv_size":[-0.2952,-0.0259]},"west":{"uv":[15.2504,4.3688],"uv_size":[0.0246,0.0259]}}},{"origin":[-3.44239,6.25,-3.00924],"size":[2.75,0.75,0.25],"uv":{"east":{"uv":[15.1254,4.2907],"uv_size":[0.0246,0.0777]},"north":{"uv":[14.6544,4.2907],"uv_size":[0.2706,0.0777]},"up":{"uv":[15.7456,4.2891],"uv_size":[-0.2706,-0.0259]},"west":{"uv":[15.2504,4.2907],"uv_size":[0.0246,0.0777]}}},{"origin":[-3.44239,6.25,-1.25924],"size":[2.75,0.75,0.25],"uv":{"down":{"uv":[15.7456,3.9733],"uv_size":[-0.2706,-0.0259]},"east":{"uv":[14.9504,4.2907],"uv_size":[0.0246,0.0777]},"south":{"uv":[15.4794,4.2907],"uv_size":[0.2706,0.0777]},"up":{"uv":[15.7456,4.4733],"uv_size":[-0.2706,-0.0259]},"west":{"uv":[15.4254,4.2907],"uv_size":[0.0246,0.0777]}}},{"origin":[-3.44239,4.75,-2.75924],"size":[2.5,0.25,1.5],"uv":{"down":{"uv":[14.146,7.4975],"uv_size":[-0.246,-0.1554]},"east":{"uv":[13.3774,7.8688],"uv_size":[0.1476,0.0259]},"north":{"uv":[13.054,7.8688],"uv_size":[0.246,0.0259]},"south":{"uv":[13.904,7.8688],"uv_size":[0.246,0.0259]},"west":{"uv":[13.6774,7.8688],"uv_size":[0.1476,0.0259]}}},{"origin":[-3.44239,5,-3.00924],"size":[2.5,0.5,0.25],"uv":{"down":{"uv":[15.746,4.1575],"uv_size":[-0.246,-0.0259]},"east":{"uv":[15.1254,4.4482],"uv_size":[0.0246,0.0518]},"north":{"uv":[14.654,4.4482],"uv_size":[0.246,0.0518]},"up":{"uv":[15.746,4.2891],"uv_size":[-0.246,-0.0259]},"west":{"uv":[15.2504,4.4482],"uv_size":[0.0246,0.0518]}}},{"origin":[-3.44239,5,-1.25924],"size":[2.5,0.5,0.25],"uv":{"down":{"uv":[15.746,3.9733],"uv_size":[-0.246,-0.0259]},"east":{"uv":[14.9504,4.4482],"uv_size":[0.0246,0.0518]},"south":{"uv":[15.504,4.4482],"uv_size":[0.246,0.0518]},"up":{"uv":[15.746,4.4733],"uv_size":[-0.246,-0.0259]},"west":{"uv":[15.4254,4.4482],"uv_size":[0.0246,0.0518]}}},{"origin":[-1.94239,5.5,-3.00924],"size":[1,0.5,0.25],"uv":{"north":{"uv":[14.8016,4.3956],"uv_size":[0.0984,0.0518]},"west":{"uv":[15.2504,4.3956],"uv_size":[0.0246,0.0518]}}},{"origin":[-1.94239,5.5,-1.25924],"size":[1,0.75,0.25],"uv":{"east":{"uv":[14.9504,4.3697],"uv_size":[0.0246,0.0777]},"north":{"uv":[14.8016,4.3697],"uv_size":[0.0984,0.0777]},"south":{"uv":[15.5016,4.3697],"uv_size":[0.0984,0.0777]},"west":{"uv":[15.4254,4.3697],"uv_size":[0.0246,0.0777]}}},{"origin":[-1.44239,9.25,-3.00924],"size":[0.5,0.5,0.25],"uv":{"east":{"uv":[13.5254,9.0535],"uv_size":[0.0246,0.0518]},"north":{"uv":[13.2508,9.0535],"uv_size":[0.0492,0.0518]},"south":{"uv":[13.9008,9.0535],"uv_size":[0.0492,0.0518]}}},{"origin":[-1.44239,9.25,-1.25924],"size":[0.5,0.5,0.25],"uv":{"east":{"uv":[13.3504,9.0535],"uv_size":[0.0246,0.0518]},"north":{"uv":[13.2508,9.0535],"uv_size":[0.0492,0.0518]},"south":{"uv":[13.9008,9.0535],"uv_size":[0.0492,0.0518]}}},{"origin":[-1.94239,9.75,-3.00924],"size":[1,0.25,0.25],"uv":{"down":{"uv":[15.5984,4.1575],"uv_size":[-0.0984,-0.0259]},"east":{"uv":[15.1254,3.9741],"uv_size":[0.0246,0.0259]},"north":{"uv":[14.8016,3.9741],"uv_size":[0.0984,0.0259]},"up":{"uv":[15.5984,4.2891],"uv_size":[-0.0984,-0.0259]}}},{"origin":[-1.94239,9.75,-1.25924],"size":[1,0.25,0.25],"uv":{"down":{"uv":[15.5984,3.9733],"uv_size":[-0.0984,-0.0259]},"east":{"uv":[14.9504,3.9741],"uv_size":[0.0246,0.0259]},"south":{"uv":[15.5016,3.9741],"uv_size":[0.0984,0.0259]},"up":{"uv":[15.5984,4.4733],"uv_size":[-0.0984,-0.0259]}}},{"origin":[-2.44239,9.25,-3.00924],"size":[1,0.25,0.25],"uv":{"east":{"uv":[15.1254,4.0267],"uv_size":[0.0246,0.0259]},"north":{"uv":[14.7516,4.0267],"uv_size":[0.0984,0.0259]},"up":{"uv":[15.6484,4.2891],"uv_size":[-0.0984,-0.0259]}}},{"origin":[-2.44239,9.25,-1.25924],"size":[1,0.25,0.25],"uv":{"east":{"uv":[14.9504,4.0267],"uv_size":[0.0246,0.0259]},"south":{"uv":[15.5516,4.0267],"uv_size":[0.0984,0.0259]},"up":{"uv":[15.6484,4.4733],"uv_size":[-0.0984,-0.0259]}}},{"origin":[-2.19239,9.5,-3.00924],"size":[0.75,0.25,0.25],"uv":{"east":{"uv":[15.1254,4.0004],"uv_size":[0.0246,0.0259]},"north":{"uv":[14.7762,4.0004],"uv_size":[0.0738,0.0259]},"up":{"uv":[15.6238,4.2891],"uv_size":[-0.0738,-0.0259]}}},{"origin":[-2.19239,9.5,-1.25924],"size":[0.75,0.25,0.25],"uv":{"east":{"uv":[14.9504,4.0004],"uv_size":[0.0246,0.0259]},"south":{"uv":[15.5512,4.0004],"uv_size":[0.0738,0.0259]},"up":{"uv":[15.6238,4.4733],"uv_size":[-0.0738,-0.0259]}}},{"origin":[-1.69239,12.25,-2.25924],"size":[0.25,0.25,0.5],"uv":{"east":{"uv":[13.4258,7.0794],"uv_size":[0.0492,0.0259]},"north":{"uv":[13.2254,7.0794],"uv_size":[0.0246,0.0259]},"south":{"uv":[13.9504,7.0794],"uv_size":[0.0246,0.0259]},"up":{"uv":[13.9746,7.7623],"uv_size":[-0.0246,-0.0518]},"west":{"uv":[13.7258,7.0794],"uv_size":[0.0492,0.0259]}}},{"origin":[-2.44239,5.5,-3.00924],"size":[0.5,0.5,0.25],"uv":{"north":{"uv":[13.1508,9.4482],"uv_size":[0.0492,0.0518]}}},{"origin":[-2.44239,5.5,-1.25924],"size":[0.5,0.5,0.25],"uv":{"south":{"uv":[14.0008,9.4482],"uv_size":[0.0492,0.0518]}}},{"origin":[-3.69239,6,-1.25924],"size":[1.75,0.25,0.25],"uv":{"down":{"uv":[15.7722,3.9733],"uv_size":[-0.1722,-0.0259]},"east":{"uv":[14.9504,4.3688],"uv_size":[0.0246,0.0259]},"south":{"uv":[15.6028,4.3688],"uv_size":[0.1722,0.0259]},"up":{"uv":[15.7722,4.4733],"uv_size":[-0.1722,-0.0259]}}},{"origin":[-3.69239,5.5,-3.00924],"size":[1.25,0.5,0.25],"uv":{"down":{"uv":[15.773,4.1575],"uv_size":[-0.123,-0.0259]},"east":{"uv":[15.1254,4.3956],"uv_size":[0.0246,0.0518]},"north":{"uv":[14.627,4.3956],"uv_size":[0.123,0.0518]}}},{"origin":[-3.69239,5.5,-1.25924],"size":[1.25,0.5,0.25],"uv":{"down":{"uv":[15.773,3.9733],"uv_size":[-0.123,-0.0259]},"east":{"uv":[14.9504,4.3956],"uv_size":[0.0246,0.0518]},"south":{"uv":[15.652,4.3956],"uv_size":[0.123,0.0518]}}},{"origin":[-3.44239,9.75,-2.75924],"size":[0.25,0.25,0.5],"uv":{"down":{"uv":[14.1496,7.4992],"uv_size":[-0.0246,-0.0518]},"east":{"uv":[13.4758,7.3425],"uv_size":[0.0492,0.0259]},"north":{"uv":[13.0504,7.3425],"uv_size":[0.0246,0.0259]},"up":{"uv":[14.1496,7.7097],"uv_size":[-0.0246,-0.0518]},"west":{"uv":[13.6758,7.3425],"uv_size":[0.0492,0.0259]}}},{"origin":[-3.69239,5.25,-3.00924],"size":[0.25,0.25,0.25],"uv":{"down":{"uv":[15.7746,4.1575],"uv_size":[-0.0246,-0.0259]},"east":{"uv":[15.1254,4.4478],"uv_size":[0.0246,0.0259]},"north":{"uv":[14.6254,4.4478],"uv_size":[0.0246,0.0259]}}},{"origin":[-3.69239,5.25,-1.25924],"size":[0.25,0.25,0.25],"uv":{"down":{"uv":[15.7746,3.9733],"uv_size":[-0.0246,-0.0259]},"east":{"uv":[14.9504,4.4478],"uv_size":[0.0246,0.0259]},"south":{"uv":[15.7504,4.4478],"uv_size":[0.0246,0.0259]}}},{"origin":[-3.94239,5.25,-2.75924],"size":[0.25,0.75,1.5],"uv":{"down":{"uv":[14.1996,7.4975],"uv_size":[-0.0246,-0.1554]},"east":{"uv":[13.3774,7.7644],"uv_size":[0.1476,0.0777]},"north":{"uv":[13.0004,7.7644],"uv_size":[0.0246,0.0777]},"south":{"uv":[14.1754,7.7644],"uv_size":[0.0246,0.0777]}}}],"name":"geyser_custom_z","parent":"geyser_custom_y","pivot":[0.00217,9.20543,-2.00707],"rotation":[0,90,0]}],"description":{"identifier":"geometry.geyser_custom.geo_1662b58","texture_height":16,"texture_width":16,"visible_bounds_height":4.5,"visible_bounds_offset":[0,0.75,0],"visible_bounds_width":4}}]}