{"format_version":"1.16.0","minecraft:geometry":[{"bones":[{"name":"root","pivot":[0,0,0]},{"name":"waist","parent":"root","pivot":[0,12,0]},{"name":"body","parent":"waist","pivot":[0,24,0]},{"cubes":[{"origin":[-8,12,-2],"size":[4,12,4],"uv":[40,16]}],"name":"rightArm","parent":"body","pivot":[-5,22,0]},{"locators":{"lead_hold":[-6,15,1]},"name":"rightItem","parent":"rightArm","pivot":[-6,15,1]},{"binding":"c.item_slot == 'head' ? 'head' : q.item_slot_to_bone_name(c.item_slot)","name":"geyser_custom","parent":"rightItem","pivot":[0,8,0]},{"name":"geyser_custom_x","parent":"geyser_custom","pivot":[0,8,0]},{"name":"geyser_custom_y","parent":"geyser_custom_x","pivot":[0,8,0]},{"cubes":[{"origin":[-0.35395,10,-1.10132],"size":[0.75,0.25,5.75],"uv":{"down":{"uv":[5.6488,14.3061],"uv_size":[-0.0738,-0.5956]},"east":{"uv":[5.0342,14.1846],"uv_size":[0.5658,0.0259]},"north":{"uv":[5.5512,14.1846],"uv_size":[0.0738,0.0259]},"south":{"uv":[5.5762,14.1846],"uv_size":[0.0738,0.0259]},"up":{"uv":[5.6488,14.9114],"uv_size":[-0.0738,-0.5956]},"west":{"uv":[5.6092,14.1846],"uv_size":[0.5658,0.0259]}}},{"origin":[-0.85395,9.25,0.64868],"size":[0.25,0.25,0.25],"uv":{"down":{"uv":[5.6996,14.1312],"uv_size":[-0.0246,-0.0259]},"east":{"uv":[5.4004,14.2636],"uv_size":[0.0246,0.0259]},"north":{"uv":[5.5004,14.2636],"uv_size":[0.0246,0.0259]},"south":{"uv":[5.6754,14.2636],"uv_size":[0.0246,0.0259]},"up":{"uv":[5.6996,14.5259],"uv_size":[-0.0246,-0.0259]},"west":{"uv":[5.7754,14.2636],"uv_size":[0.0246,0.0259]}}},{"origin":[-0.60395,8.5,-5.60132],"size":[1.25,1,0.75],"uv":{"down":{"uv":[0.873,14.7882],"uv_size":[-0.123,-0.0777]},"east":{"uv":[1.1762,14.2648],"uv_size":[0.0738,0.1036]},"north":{"uv":[0.727,14.2648],"uv_size":[0.123,0.1036]},"south":{"uv":[0.752,14.2648],"uv_size":[0.123,0.1036]},"up":{"uv":[0.873,13.9198],"uv_size":[-0.123,-0.0777]},"west":{"uv":[0.3512,14.2648],"uv_size":[0.0738,0.1036]}}},{"origin":[-0.60395,8.75,-5.85132],"size":[1.25,0.75,0.25],"uv":{"down":{"uv":[0.873,14.8154],"uv_size":[-0.123,-0.0259]},"east":{"uv":[1.2504,14.2644],"uv_size":[0.0246,0.0777]},"north":{"uv":[0.727,14.2644],"uv_size":[0.123,0.0777]},"south":{"uv":[0.752,14.2644],"uv_size":[0.123,0.0777]},"up":{"uv":[0.873,13.8417],"uv_size":[-0.123,-0.0259]},"west":{"uv":[0.3254,14.2644],"uv_size":[0.0246,0.0777]}}},{"origin":[-0.60395,8.75,-4.85132],"size":[1.25,1,4],"uv":{"down":{"uv":[0.873,14.7038],"uv_size":[-0.123,-0.4143]},"east":{"uv":[0.7814,14.2385],"uv_size":[0.3936,0.1036]},"north":{"uv":[0.727,14.2385],"uv_size":[0.123,0.1036]},"south":{"uv":[0.752,14.2385],"uv_size":[0.123,0.1036]},"up":{"uv":[0.873,14.3354],"uv_size":[-0.123,-0.4143]},"west":{"uv":[0.4314,14.2385],"uv_size":[0.3936,0.1036]}}},{"origin":[-0.60395,9,-6.10132],"size":[1.25,0.5,0.25],"uv":{"down":{"uv":[0.873,14.8417],"uv_size":[-0.123,-0.0259]},"east":{"uv":[1.2754,14.264],"uv_size":[0.0246,0.0518]},"north":{"uv":[0.727,14.264],"uv_size":[0.123,0.0518]},"south":{"uv":[0.752,14.264],"uv_size":[0.123,0.0518]},"up":{"uv":[0.873,13.8154],"uv_size":[-0.123,-0.0259]},"west":{"uv":[0.3004,14.264],"uv_size":[0.0246,0.0518]}}},{"origin":[-0.60395,9,-0.85132],"size":[1.25,1,2],"uv":{"down":{"uv":[0.873,14.2861],"uv_size":[-0.123,-0.2072]},"east":{"uv":[0.5782,14.2122],"uv_size":[0.1968,0.1036]},"north":{"uv":[0.727,14.2122],"uv_size":[0.123,0.1036]},"south":{"uv":[0.752,14.2122],"uv_size":[0.123,0.1036]},"up":{"uv":[0.873,14.5493],"uv_size":[-0.123,-0.2072]},"west":{"uv":[0.8282,14.2122],"uv_size":[0.1968,0.1036]}}},{"origin":[-0.60395,9.25,1.14868],"size":[1.25,0.75,1.75],"uv":{"down":{"uv":[0.873,14.076],"uv_size":[-0.123,-0.1813]},"east":{"uv":[0.4028,14.2118],"uv_size":[0.1722,0.0777]},"north":{"uv":[0.727,14.2118],"uv_size":[0.123,0.0777]},"south":{"uv":[0.752,14.2118],"uv_size":[0.123,0.0777]},"up":{"uv":[0.873,14.7339],"uv_size":[-0.123,-0.1813]},"west":{"uv":[1.0278,14.2118],"uv_size":[0.1722,0.0777]}}},{"origin":[-0.60395,9.5,-5.35132],"size":[1.25,0.25,0.5],"uv":{"down":{"uv":[0.873,14.7623],"uv_size":[-0.123,-0.0518]},"east":{"uv":[1.1758,14.2373],"uv_size":[0.0492,0.0259]},"north":{"uv":[0.727,14.2373],"uv_size":[0.123,0.0259]},"south":{"uv":[0.752,14.2373],"uv_size":[0.123,0.0259]},"up":{"uv":[0.873,13.9202],"uv_size":[-0.123,-0.0518]},"west":{"uv":[0.3758,14.2373],"uv_size":[0.0492,0.0259]}}},{"origin":[-0.60395,9.5,2.89868],"size":[1.25,0.5,1.75],"uv":{"down":{"uv":[0.873,13.8918],"uv_size":[-0.123,-0.1813]},"east":{"uv":[0.2278,14.2114],"uv_size":[0.1722,0.0518]},"north":{"uv":[0.727,14.2114],"uv_size":[0.123,0.0518]},"south":{"uv":[0.752,14.2114],"uv_size":[0.123,0.0518]},"up":{"uv":[0.873,14.9181],"uv_size":[-0.123,-0.1813]},"west":{"uv":[1.2028,14.2114],"uv_size":[0.1722,0.0518]}}},{"origin":[-0.60395,9.75,-1.10132],"size":[1.25,0.25,0.25],"uv":{"down":{"uv":[0.873,14.3154],"uv_size":[-0.123,-0.0259]},"east":{"uv":[0.7754,14.2109],"uv_size":[0.0246,0.0259]},"north":{"uv":[0.727,14.2109],"uv_size":[0.123,0.0259]},"south":{"uv":[0.752,14.2109],"uv_size":[0.123,0.0259]},"up":{"uv":[0.873,14.3417],"uv_size":[-0.123,-0.0259]},"west":{"uv":[0.8004,14.2109],"uv_size":[0.0246,0.0259]}}},{"origin":[-0.35395,8.5,-4.85132],"size":[0.75,0.25,1],"uv":{"down":{"uv":[0.8488,14.7088],"uv_size":[-0.0738,-0.1036]},"east":{"uv":[1.0766,14.3425],"uv_size":[0.0984,0.0259]},"north":{"uv":[0.7512,14.3425],"uv_size":[0.0738,0.0259]},"south":{"uv":[0.7762,14.3425],"uv_size":[0.0738,0.0259]},"up":{"uv":[0.8488,14.0246],"uv_size":[-0.0738,-0.1036]},"west":{"uv":[0.4266,14.3425],"uv_size":[0.0984,0.0259]}}},{"origin":[-0.35395,9.25,2.89868],"size":[0.75,0.25,1.75],"uv":{"down":{"uv":[0.8488,13.8918],"uv_size":[-0.0738,-0.1813]},"east":{"uv":[0.2278,14.2636],"uv_size":[0.1722,0.0259]},"north":{"uv":[0.7512,14.2636],"uv_size":[0.0738,0.0259]},"south":{"uv":[0.7762,14.2636],"uv_size":[0.0738,0.0259]},"up":{"uv":[0.8488,14.9181],"uv_size":[-0.0738,-0.1813]},"west":{"uv":[1.2028,14.2636],"uv_size":[0.1722,0.0259]}}},{"origin":[-0.35395,9,1.14868],"size":[0.75,0.25,3.5],"uv":{"down":{"uv":[0.8488,14.0731],"uv_size":[-0.0738,-0.3625]},"east":{"uv":[0.2306,14.2899],"uv_size":[0.3444,0.0259]},"north":{"uv":[0.7512,14.2899],"uv_size":[0.0738,0.0259]},"south":{"uv":[0.7762,14.2899],"uv_size":[0.0738,0.0259]},"up":{"uv":[0.8488,14.9152],"uv_size":[-0.0738,-0.3625]},"west":{"uv":[1.0306,14.2899],"uv_size":[0.3444,0.0259]}}},{"origin":[-0.35395,8.75,-0.85132],"size":[0.75,0.25,2],"uv":{"down":{"uv":[0.8488,14.2861],"uv_size":[-0.0738,-0.2072]},"east":{"uv":[0.5782,14.3162],"uv_size":[0.1968,0.0259]},"north":{"uv":[0.7512,14.3162],"uv_size":[0.0738,0.0259]},"south":{"uv":[0.7762,14.3162],"uv_size":[0.0738,0.0259]},"up":{"uv":[0.8488,14.5493],"uv_size":[-0.0738,-0.2072]},"west":{"uv":[0.8282,14.3162],"uv_size":[0.1968,0.0259]}}},{"origin":[-0.35395,9.5,-6.10132],"size":[0.75,0.25,0.75],"uv":{"down":{"uv":[0.8488,14.8408],"uv_size":[-0.0738,-0.0777]},"east":{"uv":[1.2262,14.2373],"uv_size":[0.0738,0.0259]},"north":{"uv":[0.7512,14.2373],"uv_size":[0.0738,0.0259]},"south":{"uv":[0.7762,14.2373],"uv_size":[0.0738,0.0259]},"up":{"uv":[0.8488,13.8672],"uv_size":[-0.0738,-0.0777]},"west":{"uv":[0.3012,14.2373],"uv_size":[0.0738,0.0259]}}},{"origin":[-0.10395,8.5,-3.85132],"size":[0.25,0.25,1],"uv":{"down":{"uv":[0.8246,14.6036],"uv_size":[-0.0246,-0.1036]},"east":{"uv":[0.9766,14.3425],"uv_size":[0.0984,0.0259]},"north":{"uv":[0.7754,14.3425],"uv_size":[0.0246,0.0259]},"south":{"uv":[0.8004,14.3425],"uv_size":[0.0246,0.0259]},"up":{"uv":[0.8246,14.1299],"uv_size":[-0.0246,-0.1036]},"west":{"uv":[0.5266,14.3425],"uv_size":[0.0984,0.0259]}}},{"origin":[-0.60395,6.75,-6.60132],"size":[1.25,1,0.25],"uv":{"down":{"uv":[15.273,6.4733],"uv_size":[-0.123,-0.0259]},"east":{"uv":[15.7254,6.028],"uv_size":[0.0246,0.1036]},"north":{"uv":[15.127,6.028],"uv_size":[0.123,0.1036]},"south":{"uv":[15.152,6.028],"uv_size":[0.123,0.1036]},"up":{"uv":[15.273,5.3417],"uv_size":[-0.123,-0.0259]},"west":{"uv":[14.6504,6.028],"uv_size":[0.0246,0.1036]}}},{"origin":[-0.60395,7,-6.85132],"size":[1.25,0.25,0.25],"uv":{"down":{"uv":[15.273,6.4996],"uv_size":[-0.123,-0.0259]},"east":{"uv":[15.7504,6.0794],"uv_size":[0.0246,0.0259]},"north":{"uv":[15.127,6.0794],"uv_size":[0.123,0.0259]},"south":{"uv":[15.152,6.0794],"uv_size":[0.123,0.0259]},"up":{"uv":[15.273,5.3154],"uv_size":[-0.123,-0.0259]},"west":{"uv":[14.6254,6.0794],"uv_size":[0.0246,0.0259]}}},{"origin":[-0.60395,7.25,-6.35132],"size":[1.25,1,0.25],"uv":{"down":{"uv":[15.273,6.4469],"uv_size":[-0.123,-0.0259]},"east":{"uv":[15.7004,5.9754],"uv_size":[0.0246,0.1036]},"north":{"uv":[15.127,5.9754],"uv_size":[0.123,0.1036]},"south":{"uv":[15.152,5.9754],"uv_size":[0.123,0.1036]},"up":{"uv":[15.273,5.368],"uv_size":[-0.123,-0.0259]},"west":{"uv":[14.6754,5.9754],"uv_size":[0.0246,0.1036]}}},{"origin":[-0.60395,7.75,-6.10132],"size":[1.25,0.75,0.25],"uv":{"down":{"uv":[15.273,6.4206],"uv_size":[-0.123,-0.0259]},"east":{"uv":[15.6754,5.9486],"uv_size":[0.0246,0.0777]},"north":{"uv":[15.127,5.9486],"uv_size":[0.123,0.0777]},"south":{"uv":[15.152,5.9486],"uv_size":[0.123,0.0777]},"up":{"uv":[15.273,5.3943],"uv_size":[-0.123,-0.0259]},"west":{"uv":[14.7004,5.9486],"uv_size":[0.0246,0.0777]}}},{"origin":[-0.60395,8.25,-5.85132],"size":[1.25,0.5,0.25],"uv":{"down":{"uv":[15.273,6.3943],"uv_size":[-0.123,-0.0259]},"east":{"uv":[15.6504,5.9219],"uv_size":[0.0246,0.0518]},"north":{"uv":[15.127,5.9219],"uv_size":[0.123,0.0518]},"south":{"uv":[15.152,5.9219],"uv_size":[0.123,0.0518]},"up":{"uv":[15.273,5.4206],"uv_size":[-0.123,-0.0259]},"west":{"uv":[14.7254,5.9219],"uv_size":[0.0246,0.0518]}}},{"origin":[-0.35395,6.5,-6.85132],"size":[0.75,0.5,0.25],"uv":{"down":{"uv":[15.2488,6.4996],"uv_size":[-0.0738,-0.0259]},"east":{"uv":[15.7504,6.1061],"uv_size":[0.0246,0.0518]},"north":{"uv":[15.1512,6.1061],"uv_size":[0.0738,0.0518]},"south":{"uv":[15.1762,6.1061],"uv_size":[0.0738,0.0518]},"up":{"uv":[15.2488,5.3154],"uv_size":[-0.0738,-0.0259]},"west":{"uv":[14.6254,6.1061],"uv_size":[0.0246,0.0518]}}},{"origin":[-0.35395,6.5,-6.60132],"size":[0.75,0.25,0.25],"uv":{"down":{"uv":[15.2488,6.4733],"uv_size":[-0.0738,-0.0259]},"east":{"uv":[15.7254,6.132],"uv_size":[0.0246,0.0259]},"north":{"uv":[15.1512,6.132],"uv_size":[0.0738,0.0259]},"south":{"uv":[15.1762,6.132],"uv_size":[0.0738,0.0259]},"up":{"uv":[15.2488,5.3417],"uv_size":[-0.0738,-0.0259]},"west":{"uv":[14.6504,6.132],"uv_size":[0.0246,0.0259]}}},{"origin":[-0.35395,6.75,-7.10132],"size":[0.75,0.25,0.25],"uv":{"down":{"uv":[15.2488,6.5259],"uv_size":[-0.0738,-0.0259]},"east":{"uv":[15.7754,6.1057],"uv_size":[0.0246,0.0259]},"north":{"uv":[15.1512,6.1057],"uv_size":[0.0738,0.0259]},"south":{"uv":[15.1762,6.1057],"uv_size":[0.0738,0.0259]},"up":{"uv":[15.2488,5.2891],"uv_size":[-0.0738,-0.0259]},"west":{"uv":[14.6004,6.1057],"uv_size":[0.0246,0.0259]}}},{"origin":[-0.35395,6.75,-6.35132],"size":[0.75,0.5,0.25],"uv":{"down":{"uv":[15.2488,6.4469],"uv_size":[-0.0738,-0.0259]},"east":{"uv":[15.7004,6.0798],"uv_size":[0.0246,0.0518]},"north":{"uv":[15.1512,6.0798],"uv_size":[0.0738,0.0518]},"south":{"uv":[15.1762,6.0798],"uv_size":[0.0738,0.0518]},"up":{"uv":[15.2488,5.368],"uv_size":[-0.0738,-0.0259]},"west":{"uv":[14.6754,6.0798],"uv_size":[0.0246,0.0518]}}},{"origin":[-0.35395,7.25,-6.10132],"size":[0.75,0.5,0.25],"uv":{"down":{"uv":[15.2488,6.4206],"uv_size":[-0.0738,-0.0259]},"east":{"uv":[15.6754,6.0272],"uv_size":[0.0246,0.0518]},"north":{"uv":[15.1512,6.0272],"uv_size":[0.0738,0.0518]},"south":{"uv":[15.1762,6.0272],"uv_size":[0.0738,0.0518]},"up":{"uv":[15.2488,5.3943],"uv_size":[-0.0738,-0.0259]},"west":{"uv":[14.7004,6.0272],"uv_size":[0.0246,0.0518]}}},{"origin":[-0.35395,7.25,-6.85132],"size":[0.75,0.25,0.25],"uv":{"down":{"uv":[15.2488,6.4996],"uv_size":[-0.0738,-0.0259]},"east":{"uv":[15.7504,6.0531],"uv_size":[0.0246,0.0259]},"north":{"uv":[15.1512,6.0531],"uv_size":[0.0738,0.0259]},"south":{"uv":[15.1762,6.0531],"uv_size":[0.0738,0.0259]},"up":{"uv":[15.2488,5.3154],"uv_size":[-0.0738,-0.0259]},"west":{"uv":[14.6254,6.0531],"uv_size":[0.0246,0.0259]}}},{"origin":[-0.35395,7.75,-6.60132],"size":[0.75,0.25,0.25],"uv":{"down":{"uv":[15.2488,6.4733],"uv_size":[-0.0738,-0.0259]},"east":{"uv":[15.7254,6.0004],"uv_size":[0.0246,0.0259]},"north":{"uv":[15.1512,6.0004],"uv_size":[0.0738,0.0259]},"south":{"uv":[15.1762,6.0004],"uv_size":[0.0738,0.0259]},"up":{"uv":[15.2488,5.3417],"uv_size":[-0.0738,-0.0259]},"west":{"uv":[14.6504,6.0004],"uv_size":[0.0246,0.0259]}}},{"origin":[-0.35395,7.75,-5.85132],"size":[0.75,0.5,0.25],"uv":{"down":{"uv":[15.2488,6.3943],"uv_size":[-0.0738,-0.0259]},"east":{"uv":[15.6504,5.9745],"uv_size":[0.0246,0.0518]},"north":{"uv":[15.1512,5.9745],"uv_size":[0.0738,0.0518]},"south":{"uv":[15.1762,5.9745],"uv_size":[0.0738,0.0518]},"up":{"uv":[15.2488,5.4206],"uv_size":[-0.0738,-0.0259]},"west":{"uv":[14.7254,5.9745],"uv_size":[0.0246,0.0518]}}},{"origin":[-0.35395,8,-5.60132],"size":[0.75,0.5,0.25],"uv":{"down":{"uv":[15.2488,6.368],"uv_size":[-0.0738,-0.0259]},"east":{"uv":[15.6254,5.9482],"uv_size":[0.0246,0.0518]},"north":{"uv":[15.1512,5.9482],"uv_size":[0.0738,0.0518]},"south":{"uv":[15.1762,5.9482],"uv_size":[0.0738,0.0518]},"up":{"uv":[15.2488,5.4469],"uv_size":[-0.0738,-0.0259]},"west":{"uv":[14.7504,5.9482],"uv_size":[0.0246,0.0518]}}},{"origin":[-0.35395,8.25,-6.35132],"size":[0.75,0.25,0.25],"uv":{"down":{"uv":[15.2488,6.4469],"uv_size":[-0.0738,-0.0259]},"east":{"uv":[15.7004,5.9478],"uv_size":[0.0246,0.0259]},"north":{"uv":[15.1512,5.9478],"uv_size":[0.0738,0.0259]},"south":{"uv":[15.1762,5.9478],"uv_size":[0.0738,0.0259]},"up":{"uv":[15.2488,5.368],"uv_size":[-0.0738,-0.0259]},"west":{"uv":[14.6754,5.9478],"uv_size":[0.0246,0.0259]}}},{"origin":[-0.35395,8.25,-5.35132],"size":[0.75,0.25,0.25],"uv":{"down":{"uv":[15.2488,6.3417],"uv_size":[-0.0738,-0.0259]},"east":{"uv":[15.6004,5.9478],"uv_size":[0.0246,0.0259]},"north":{"uv":[15.1512,5.9478],"uv_size":[0.0738,0.0259]},"south":{"uv":[15.1762,5.9478],"uv_size":[0.0738,0.0259]},"up":{"uv":[15.2488,5.4733],"uv_size":[-0.0738,-0.0259]},"west":{"uv":[14.7754,5.9478],"uv_size":[0.0246,0.0259]}}},{"origin":[-0.35395,8.5,-6.10132],"size":[0.75,0.25,0.25],"uv":{"down":{"uv":[15.2488,6.4206],"uv_size":[-0.0738,-0.0259]},"east":{"uv":[15.6754,5.9215],"uv_size":[0.0246,0.0259]},"north":{"uv":[15.1512,5.9215],"uv_size":[0.0738,0.0259]},"south":{"uv":[15.1762,5.9215],"uv_size":[0.0738,0.0259]},"up":{"uv":[15.2488,5.3943],"uv_size":[-0.0738,-0.0259]},"west":{"uv":[14.7004,5.9215],"uv_size":[0.0246,0.0259]}}},{"origin":[-0.10395,7,-7.10132],"size":[0.25,0.25,0.25],"uv":{"down":{"uv":[15.2246,6.5259],"uv_size":[-0.0246,-0.0259]},"east":{"uv":[15.7754,6.0794],"uv_size":[0.0246,0.0259]},"north":{"uv":[15.1754,6.0794],"uv_size":[0.0246,0.0259]},"south":{"uv":[15.2004,6.0794],"uv_size":[0.0246,0.0259]},"up":{"uv":[15.2246,5.2891],"uv_size":[-0.0246,-0.0259]},"west":{"uv":[14.6004,6.0794],"uv_size":[0.0246,0.0259]}}},{"origin":[-0.10395,7.5,-6.85132],"size":[0.25,0.25,0.25],"uv":{"down":{"uv":[15.2246,6.4996],"uv_size":[-0.0246,-0.0259]},"east":{"uv":[15.7504,6.0267],"uv_size":[0.0246,0.0259]},"north":{"uv":[15.1754,6.0267],"uv_size":[0.0246,0.0259]},"south":{"uv":[15.2004,6.0267],"uv_size":[0.0246,0.0259]},"up":{"uv":[15.2246,5.3154],"uv_size":[-0.0246,-0.0259]},"west":{"uv":[14.6254,6.0267],"uv_size":[0.0246,0.0259]}}},{"origin":[-0.10395,6.5,-7.10132],"size":[0.25,0.25,0.25],"uv":{"down":{"uv":[15.2246,6.5259],"uv_size":[-0.0246,-0.0259]},"east":{"uv":[15.7754,6.132],"uv_size":[0.0246,0.0259]},"north":{"uv":[15.1754,6.132],"uv_size":[0.0246,0.0259]},"south":{"uv":[15.2004,6.132],"uv_size":[0.0246,0.0259]},"up":{"uv":[15.2246,5.2891],"uv_size":[-0.0246,-0.0259]},"west":{"uv":[14.6004,6.132],"uv_size":[0.0246,0.0259]}}},{"origin":[-0.10395,8,-6.60132],"size":[0.25,0.25,0.25],"uv":{"down":{"uv":[15.2246,6.4733],"uv_size":[-0.0246,-0.0259]},"east":{"uv":[15.7254,5.9741],"uv_size":[0.0246,0.0259]},"north":{"uv":[15.1754,5.9741],"uv_size":[0.0246,0.0259]},"south":{"uv":[15.2004,5.9741],"uv_size":[0.0246,0.0259]},"up":{"uv":[15.2246,5.3417],"uv_size":[-0.0246,-0.0259]},"west":{"uv":[14.6504,5.9741],"uv_size":[0.0246,0.0259]}}},{"origin":[-0.10395,8.5,-6.35132],"size":[0.25,0.25,0.25],"uv":{"down":{"uv":[15.2246,6.4469],"uv_size":[-0.0246,-0.0259]},"east":{"uv":[15.7004,5.9215],"uv_size":[0.0246,0.0259]},"north":{"uv":[15.1754,5.9215],"uv_size":[0.0246,0.0259]},"south":{"uv":[15.2004,5.9215],"uv_size":[0.0246,0.0259]},"up":{"uv":[15.2246,5.368],"uv_size":[-0.0246,-0.0259]},"west":{"uv":[14.6754,5.9215],"uv_size":[0.0246,0.0259]}}},{"origin":[-0.60395,9.5,4.64868],"size":[1.25,0.5,0.25],"uv":{"down":{"uv":[13.673,8.6575],"uv_size":[-0.123,-0.0259]},"east":{"uv":[13.0004,9.1587],"uv_size":[0.0246,0.0518]},"north":{"uv":[13.527,9.1587],"uv_size":[0.123,0.0518]},"south":{"uv":[13.552,9.1587],"uv_size":[0.123,0.0518]},"up":{"uv":[13.673,9.8943],"uv_size":[-0.123,-0.0259]},"west":{"uv":[14.1754,9.1587],"uv_size":[0.0246,0.0518]}}},{"origin":[-0.60395,9.75,4.89868],"size":[1.25,0.25,0.25],"uv":{"down":{"uv":[13.673,8.6312],"uv_size":[-0.123,-0.0259]},"east":{"uv":[12.9754,9.1583],"uv_size":[0.0246,0.0259]},"north":{"uv":[13.527,9.1583],"uv_size":[0.123,0.0259]},"south":{"uv":[13.552,9.1583],"uv_size":[0.123,0.0259]},"up":{"uv":[13.673,9.9206],"uv_size":[-0.123,-0.0259]},"west":{"uv":[14.2004,9.1583],"uv_size":[0.0246,0.0259]}}},{"origin":[-0.35395,9,4.64868],"size":[0.75,0.5,0.25],"uv":{"down":{"uv":[13.6488,8.6575],"uv_size":[-0.0738,-0.0259]},"east":{"uv":[13.0004,9.2114],"uv_size":[0.0246,0.0518]},"north":{"uv":[13.5512,9.2114],"uv_size":[0.0738,0.0518]},"south":{"uv":[13.5762,9.2114],"uv_size":[0.0738,0.0518]},"up":{"uv":[13.6488,9.8943],"uv_size":[-0.0738,-0.0259]},"west":{"uv":[14.1754,9.2114],"uv_size":[0.0246,0.0518]}}},{"origin":[-0.35395,9.25,4.89868],"size":[0.75,0.5,0.25],"uv":{"down":{"uv":[13.6488,8.6312],"uv_size":[-0.0738,-0.0259]},"east":{"uv":[12.9754,9.1851],"uv_size":[0.0246,0.0518]},"north":{"uv":[13.5512,9.1851],"uv_size":[0.0738,0.0518]},"south":{"uv":[13.5762,9.1851],"uv_size":[0.0738,0.0518]},"up":{"uv":[13.6488,9.9206],"uv_size":[-0.0738,-0.0259]},"west":{"uv":[14.2004,9.1851],"uv_size":[0.0246,0.0518]}}},{"origin":[-0.35395,9.75,5.14868],"size":[0.75,0.25,5.5],"uv":{"down":{"uv":[13.6488,8.6023],"uv_size":[-0.0738,-0.1813]},"east":{"uv":[12.8028,9.1583],"uv_size":[0.1722,0.0259]},"north":{"uv":[13.5512,9.1583],"uv_size":[0.0738,0.0259]},"south":{"uv":[13.5762,9.1583],"uv_size":[0.0738,0.0259]},"up":{"uv":[13.6488,10.1023],"uv_size":[-0.0738,-0.1813]},"west":{"uv":[14.2278,9.1583],"uv_size":[0.1722,0.0259]}}},{"origin":[0.14605,9.75,10.64868],"size":[0.25,0.25,0.5],"uv":{"down":{"uv":[13.5996,9.7097],"uv_size":[-0.0246,-0.0518]},"east":{"uv":[13.9758,9.1583],"uv_size":[0.0492,0.0259]},"north":{"uv":[13.6004,9.1583],"uv_size":[0.0246,0.0259]},"south":{"uv":[13.5754,9.1583],"uv_size":[0.0246,0.0259]},"up":{"uv":[13.5996,8.8676],"uv_size":[-0.0246,-0.0518]},"west":{"uv":[13.1758,9.1583],"uv_size":[0.0492,0.0259]}}},{"origin":[-0.35395,10,4.64868],"size":[0.75,0.25,0.5],"uv":{"down":{"uv":[13.6488,8.6571],"uv_size":[-0.0738,-0.0518]},"east":{"uv":[12.9758,9.132],"uv_size":[0.0492,0.0259]},"north":{"uv":[13.5512,9.132],"uv_size":[0.0738,0.0259]},"south":{"uv":[13.5762,9.132],"uv_size":[0.0738,0.0259]},"up":{"uv":[13.6488,9.9202],"uv_size":[-0.0738,-0.0518]},"west":{"uv":[14.1758,9.132],"uv_size":[0.0492,0.0259]}}},{"origin":[-0.10395,9.5,5.14868],"size":[0.25,0.25,6],"uv":{"down":{"uv":[13.6246,8.6023],"uv_size":[-0.0246,-0.1813]},"east":{"uv":[12.8028,9.1846],"uv_size":[0.1722,0.0259]},"north":{"uv":[13.5754,9.1846],"uv_size":[0.0246,0.0259]},"south":{"uv":[13.6004,9.1846],"uv_size":[0.0246,0.0259]},"up":{"uv":[13.6246,10.1023],"uv_size":[-0.0246,-0.1813]},"west":{"uv":[14.2278,9.1846],"uv_size":[0.1722,0.0259]}}},{"origin":[-0.10395,10,5.14868],"size":[0.25,0.25,6],"uv":{"down":{"uv":[13.6246,8.6023],"uv_size":[-0.0246,-0.1813]},"east":{"uv":[12.8028,9.132],"uv_size":[0.1722,0.0259]},"north":{"uv":[13.5754,9.132],"uv_size":[0.0246,0.0259]},"south":{"uv":[13.6004,9.132],"uv_size":[0.0246,0.0259]},"up":{"uv":[13.6246,10.1023],"uv_size":[-0.0246,-0.1813]},"west":{"uv":[14.2278,9.132],"uv_size":[0.1722,0.0259]}}},{"origin":[-0.10395,10.25,10.39868],"size":[0.25,0.5,0.25],"uv":{"down":{"uv":[13.6246,9.7364],"uv_size":[-0.0246,-0.0259]},"east":{"uv":[14.0254,9.0798],"uv_size":[0.0246,0.0518]},"north":{"uv":[13.5754,9.0798],"uv_size":[0.0246,0.0518]},"south":{"uv":[13.6004,9.0798],"uv_size":[0.0246,0.0518]},"up":{"uv":[13.6246,8.8154],"uv_size":[-0.0246,-0.0259]},"west":{"uv":[13.1504,9.0798],"uv_size":[0.0246,0.0518]}}},{"origin":[-0.10395,10.25,10.64868],"size":[0.25,0.25,0.25],"uv":{"down":{"uv":[13.6246,9.7101],"uv_size":[-0.0246,-0.0259]},"east":{"uv":[14.0004,9.1057],"uv_size":[0.0246,0.0259]},"north":{"uv":[13.5754,9.1057],"uv_size":[0.0246,0.0259]},"south":{"uv":[13.6004,9.1057],"uv_size":[0.0246,0.0259]},"up":{"uv":[13.6246,8.8417],"uv_size":[-0.0246,-0.0259]},"west":{"uv":[13.1754,9.1057],"uv_size":[0.0246,0.0259]}}},{"origin":[-0.35395,9.75,10.64868],"size":[0.25,0.25,0.5],"uv":{"down":{"uv":[13.6496,9.7097],"uv_size":[-0.0246,-0.0518]},"east":{"uv":[13.9758,9.1583],"uv_size":[0.0492,0.0259]},"north":{"uv":[13.5504,9.1583],"uv_size":[0.0246,0.0259]},"south":{"uv":[13.6254,9.1583],"uv_size":[0.0246,0.0259]},"up":{"uv":[13.6496,8.8676],"uv_size":[-0.0246,-0.0518]},"west":{"uv":[13.1758,9.1583],"uv_size":[0.0492,0.0259]}}},{"origin":[-0.35395,5.5,-2.35132],"size":[0.75,1.25,0.25],"uv":{"down":{"uv":[13.6488,7.7101],"uv_size":[-0.0738,-0.0259]},"east":{"uv":[13.7004,7.8179],"uv_size":[0.0246,0.1295]},"north":{"uv":[13.5512,7.8179],"uv_size":[0.0738,0.1295]},"south":{"uv":[13.5762,7.8179],"uv_size":[0.0738,0.1295]},"up":{"uv":[13.6488,7.4733],"uv_size":[-0.0738,-0.0259]},"west":{"uv":[13.4754,7.8179],"uv_size":[0.0246,0.1295]}}},{"origin":[-0.35395,5.5,-2.10132],"size":[0.75,0.25,0.5],"uv":{"down":{"uv":[13.6488,7.6834],"uv_size":[-0.0738,-0.0518]},"east":{"uv":[13.6508,7.9215],"uv_size":[0.0492,0.0259]},"north":{"uv":[13.5512,7.9215],"uv_size":[0.0738,0.0259]},"south":{"uv":[13.5762,7.9215],"uv_size":[0.0738,0.0259]},"up":{"uv":[13.6488,7.5255],"uv_size":[-0.0738,-0.0518]},"west":{"uv":[13.5008,7.9215],"uv_size":[0.0492,0.0259]}}},{"origin":[-0.35395,5.75,-1.85132],"size":[0.75,2,0.25],"uv":{"down":{"uv":[13.6488,7.6575],"uv_size":[-0.0738,-0.0259]},"east":{"uv":[13.6504,7.7139],"uv_size":[0.0246,0.2072]},"north":{"uv":[13.5512,7.7139],"uv_size":[0.0738,0.2072]},"south":{"uv":[13.5762,7.7139],"uv_size":[0.0738,0.2072]},"up":{"uv":[13.6488,7.5259],"uv_size":[-0.0738,-0.0259]},"west":{"uv":[13.5254,7.7139],"uv_size":[0.0246,0.2072]}}},{"origin":[-0.35395,5.75,-1.60132],"size":[0.75,1,0.25],"uv":{"down":{"uv":[13.6488,7.6312],"uv_size":[-0.0738,-0.0259]},"east":{"uv":[13.6254,7.8175],"uv_size":[0.0246,0.1036]},"north":{"uv":[13.5512,7.8175],"uv_size":[0.0738,0.1036]},"south":{"uv":[13.5762,7.8175],"uv_size":[0.0738,0.1036]},"up":{"uv":[13.6488,7.5522],"uv_size":[-0.0738,-0.0259]},"west":{"uv":[13.5504,7.8175],"uv_size":[0.0246,0.1036]}}},{"origin":[-0.35395,5.75,-1.35132],"size":[0.75,0.25,0.5],"uv":{"down":{"uv":[13.6488,7.6044],"uv_size":[-0.0738,-0.0518]},"east":{"uv":[13.5758,7.8952],"uv_size":[0.0492,0.0259]},"north":{"uv":[13.5512,7.8952],"uv_size":[0.0738,0.0259]},"south":{"uv":[13.5762,7.8952],"uv_size":[0.0738,0.0259]},"up":{"uv":[13.6488,7.6044],"uv_size":[-0.0738,-0.0518]},"west":{"uv":[13.5758,7.8952],"uv_size":[0.0492,0.0259]}}},{"origin":[-0.35395,6,-1.10132],"size":[0.75,0.75,0.25],"uv":{"down":{"uv":[13.6488,7.5785],"uv_size":[-0.0738,-0.0259]},"east":{"uv":[13.5754,7.8171],"uv_size":[0.0246,0.0777]},"north":{"uv":[13.5512,7.8171],"uv_size":[0.0738,0.0777]},"south":{"uv":[13.5762,7.8171],"uv_size":[0.0738,0.0777]},"up":{"uv":[13.6488,7.6048],"uv_size":[-0.0738,-0.0259]},"west":{"uv":[13.6004,7.8171],"uv_size":[0.0246,0.0777]}}},{"origin":[-0.35395,6.5,-2.60132],"size":[0.75,1.25,0.25],"uv":{"down":{"uv":[13.6488,7.7364],"uv_size":[-0.0738,-0.0259]},"east":{"uv":[13.7254,7.7126],"uv_size":[0.0246,0.1295]},"north":{"uv":[13.5512,7.7126],"uv_size":[0.0738,0.1295]},"south":{"uv":[13.5762,7.7126],"uv_size":[0.0738,0.1295]},"up":{"uv":[13.6488,7.4469],"uv_size":[-0.0738,-0.0259]},"west":{"uv":[13.4504,7.7126],"uv_size":[0.0246,0.1295]}}},{"origin":[-0.35395,6.75,-2.10132],"size":[0.75,2,0.25],"uv":{"down":{"uv":[13.6488,7.6838],"uv_size":[-0.0738,-0.0259]},"east":{"uv":[13.6754,7.6086],"uv_size":[0.0246,0.2072]},"north":{"uv":[13.5512,7.6086],"uv_size":[0.0738,0.2072]},"south":{"uv":[13.5762,7.6086],"uv_size":[0.0738,0.2072]},"up":{"uv":[13.6488,7.4996],"uv_size":[-0.0738,-0.0259]},"west":{"uv":[13.5004,7.6086],"uv_size":[0.0246,0.2072]}}},{"origin":[-0.35395,6.75,-1.35132],"size":[0.75,1,0.25],"uv":{"down":{"uv":[13.6488,7.6048],"uv_size":[-0.0738,-0.0259]},"east":{"uv":[13.6004,7.7122],"uv_size":[0.0246,0.1036]},"north":{"uv":[13.5512,7.7122],"uv_size":[0.0738,0.1036]},"south":{"uv":[13.5762,7.7122],"uv_size":[0.0738,0.1036]},"up":{"uv":[13.6488,7.5785],"uv_size":[-0.0738,-0.0259]},"west":{"uv":[13.5754,7.7122],"uv_size":[0.0246,0.1036]}}},{"origin":[-0.35395,7.5,-2.85132],"size":[0.75,1.25,0.25],"uv":{"down":{"uv":[13.6488,7.7627],"uv_size":[-0.0738,-0.0259]},"east":{"uv":[13.7504,7.6074],"uv_size":[0.0246,0.1295]},"north":{"uv":[13.5512,7.6074],"uv_size":[0.0738,0.1295]},"south":{"uv":[13.5762,7.6074],"uv_size":[0.0738,0.1295]},"up":{"uv":[13.6488,7.4206],"uv_size":[-0.0738,-0.0259]},"west":{"uv":[13.4254,7.6074],"uv_size":[0.0246,0.1295]}}},{"origin":[-0.35395,7.75,-2.35132],"size":[0.75,1,0.25],"uv":{"down":{"uv":[13.6488,7.7101],"uv_size":[-0.0738,-0.0259]},"east":{"uv":[13.7004,7.6069],"uv_size":[0.0246,0.1036]},"north":{"uv":[13.5512,7.6069],"uv_size":[0.0738,0.1036]},"south":{"uv":[13.5762,7.6069],"uv_size":[0.0738,0.1036]},"up":{"uv":[13.6488,7.4733],"uv_size":[-0.0738,-0.0259]},"west":{"uv":[13.4754,7.6069],"uv_size":[0.0246,0.1036]}}},{"origin":[-0.35395,7.75,-1.60132],"size":[0.75,1,0.25],"uv":{"down":{"uv":[13.6488,7.6312],"uv_size":[-0.0738,-0.0259]},"east":{"uv":[13.6254,7.6069],"uv_size":[0.0246,0.1036]},"north":{"uv":[13.5512,7.6069],"uv_size":[0.0738,0.1036]},"south":{"uv":[13.5762,7.6069],"uv_size":[0.0738,0.1036]},"up":{"uv":[13.6488,7.5522],"uv_size":[-0.0738,-0.0259]},"west":{"uv":[13.5504,7.6069],"uv_size":[0.0246,0.1036]}}},{"origin":[-0.10395,5.75,-2.10132],"size":[0.25,1,0.25],"uv":{"down":{"uv":[13.6246,7.6838],"uv_size":[-0.0246,-0.0259]},"east":{"uv":[13.6754,7.8175],"uv_size":[0.0246,0.1036]},"north":{"uv":[13.5754,7.8175],"uv_size":[0.0246,0.1036]},"south":{"uv":[13.6004,7.8175],"uv_size":[0.0246,0.1036]},"up":{"uv":[13.6246,7.4996],"uv_size":[-0.0246,-0.0259]},"west":{"uv":[13.5004,7.8175],"uv_size":[0.0246,0.1036]}}},{"origin":[-0.10395,6,-1.35132],"size":[0.25,0.75,0.25],"uv":{"down":{"uv":[13.6246,7.6048],"uv_size":[-0.0246,-0.0259]},"east":{"uv":[13.6004,7.8171],"uv_size":[0.0246,0.0777]},"north":{"uv":[13.5754,7.8171],"uv_size":[0.0246,0.0777]},"south":{"uv":[13.6004,7.8171],"uv_size":[0.0246,0.0777]},"up":{"uv":[13.6246,7.5785],"uv_size":[-0.0246,-0.0259]},"west":{"uv":[13.5754,7.8171],"uv_size":[0.0246,0.0777]}}},{"origin":[-0.10395,6.75,-2.35132],"size":[0.25,1,0.25],"uv":{"down":{"uv":[13.6246,7.7101],"uv_size":[-0.0246,-0.0259]},"east":{"uv":[13.7004,7.7122],"uv_size":[0.0246,0.1036]},"north":{"uv":[13.5754,7.7122],"uv_size":[0.0246,0.1036]},"south":{"uv":[13.6004,7.7122],"uv_size":[0.0246,0.1036]},"up":{"uv":[13.6246,7.4733],"uv_size":[-0.0246,-0.0259]},"west":{"uv":[13.4754,7.7122],"uv_size":[0.0246,0.1036]}}},{"origin":[-0.10395,6.75,-1.60132],"size":[0.25,1,0.25],"uv":{"down":{"uv":[13.6246,7.6312],"uv_size":[-0.0246,-0.0259]},"east":{"uv":[13.6254,7.7122],"uv_size":[0.0246,0.1036]},"north":{"uv":[13.5754,7.7122],"uv_size":[0.0246,0.1036]},"south":{"uv":[13.6004,7.7122],"uv_size":[0.0246,0.1036]},"up":{"uv":[13.6246,7.5522],"uv_size":[-0.0246,-0.0259]},"west":{"uv":[13.5504,7.7122],"uv_size":[0.0246,0.1036]}}},{"origin":[-0.10395,7.75,-1.85132],"size":[0.25,1,0.25],"uv":{"down":{"uv":[13.6246,7.6575],"uv_size":[-0.0246,-0.0259]},"east":{"uv":[13.6504,7.6069],"uv_size":[0.0246,0.1036]},"north":{"uv":[13.5754,7.6069],"uv_size":[0.0246,0.1036]},"south":{"uv":[13.6004,7.6069],"uv_size":[0.0246,0.1036]},"up":{"uv":[13.6246,7.5259],"uv_size":[-0.0246,-0.0259]},"west":{"uv":[13.5254,7.6069],"uv_size":[0.0246,0.1036]}}},{"origin":[-0.10395,7.75,-2.60132],"size":[0.25,1,0.25],"uv":{"down":{"uv":[13.6246,7.7364],"uv_size":[-0.0246,-0.0259]},"east":{"uv":[13.7254,7.6069],"uv_size":[0.0246,0.1036]},"north":{"uv":[13.5754,7.6069],"uv_size":[0.0246,0.1036]},"south":{"uv":[13.6004,7.6069],"uv_size":[0.0246,0.1036]},"up":{"uv":[13.6246,7.4469],"uv_size":[-0.0246,-0.0259]},"west":{"uv":[13.4504,7.6069],"uv_size":[0.0246,0.1036]}}},{"origin":[-0.35395,6.5,-12.85132],"size":[0.75,2.75,0.25],"uv":{"down":{"uv":[13.6488,8.8154],"uv_size":[-0.0738,-0.0259]},"east":{"uv":[13.1504,9.2415],"uv_size":[0.0246,0.2848]},"north":{"uv":[13.5512,9.2415],"uv_size":[0.0738,0.2848]},"south":{"uv":[13.5762,9.2415],"uv_size":[0.0738,0.2848]},"up":{"uv":[13.6488,9.7364],"uv_size":[-0.0738,-0.0259]},"west":{"uv":[14.0254,9.2415],"uv_size":[0.0246,0.2848]}}},{"origin":[-0.35395,6.5,-12.60132],"size":[0.75,0.25,0.25],"uv":{"down":{"uv":[13.6488,8.7891],"uv_size":[-0.0738,-0.0259]},"east":{"uv":[13.1254,9.5004],"uv_size":[0.0246,0.0259]},"north":{"uv":[13.5512,9.5004],"uv_size":[0.0738,0.0259]},"south":{"uv":[13.5762,9.5004],"uv_size":[0.0738,0.0259]},"up":{"uv":[13.6488,9.7627],"uv_size":[-0.0738,-0.0259]},"west":{"uv":[14.0504,9.5004],"uv_size":[0.0246,0.0259]}}},{"origin":[0.14605,6.5,-12.35132],"size":[0.25,0.75,0.25],"uv":{"down":{"uv":[13.5996,8.7627],"uv_size":[-0.0246,-0.0259]},"east":{"uv":[13.1004,9.4486],"uv_size":[0.0246,0.0777]},"north":{"uv":[13.6004,9.4486],"uv_size":[0.0246,0.0777]},"south":{"uv":[13.5754,9.4486],"uv_size":[0.0246,0.0777]},"up":{"uv":[13.5996,9.7891],"uv_size":[-0.0246,-0.0259]},"west":{"uv":[14.0754,9.4486],"uv_size":[0.0246,0.0777]}}},{"origin":[0.14605,6.75,-12.60132],"size":[0.25,2.75,0.25],"uv":{"down":{"uv":[13.5996,8.7891],"uv_size":[-0.0246,-0.0259]},"east":{"uv":[13.1254,9.2152],"uv_size":[0.0246,0.2848]},"north":{"uv":[13.6004,9.2152],"uv_size":[0.0246,0.2848]},"south":{"uv":[13.5754,9.2152],"uv_size":[0.0246,0.2848]},"up":{"uv":[13.5996,9.7627],"uv_size":[-0.0246,-0.0259]},"west":{"uv":[14.0504,9.2152],"uv_size":[0.0246,0.2848]}}},{"origin":[0.14605,8.25,-12.35132],"size":[0.25,1.25,0.25],"uv":{"down":{"uv":[13.5996,8.7627],"uv_size":[-0.0246,-0.0259]},"east":{"uv":[13.1004,9.2126],"uv_size":[0.0246,0.1295]},"north":{"uv":[13.6004,9.2126],"uv_size":[0.0246,0.1295]},"south":{"uv":[13.5754,9.2126],"uv_size":[0.0246,0.1295]},"up":{"uv":[13.5996,9.7891],"uv_size":[-0.0246,-0.0259]},"west":{"uv":[14.0754,9.2126],"uv_size":[0.0246,0.1295]}}},{"origin":[0.14605,8.5,-12.10132],"size":[0.25,0.75,0.25],"uv":{"down":{"uv":[13.5996,8.7364],"uv_size":[-0.0246,-0.0259]},"east":{"uv":[13.0754,9.2381],"uv_size":[0.0246,0.0777]},"north":{"uv":[13.6004,9.2381],"uv_size":[0.0246,0.0777]},"south":{"uv":[13.5754,9.2381],"uv_size":[0.0246,0.0777]},"up":{"uv":[13.5996,9.8154],"uv_size":[-0.0246,-0.0259]},"west":{"uv":[14.1004,9.2381],"uv_size":[0.0246,0.0777]}}},{"origin":[-0.35395,8.75,-11.85132],"size":[0.75,0.5,5.75],"uv":{"down":{"uv":[13.6488,10.1002],"uv_size":[-0.0738,-0.3107]},"east":{"uv":[14.1048,9.2377],"uv_size":[0.2952,0.0518]},"north":{"uv":[13.5512,9.2377],"uv_size":[0.0738,0.0518]},"south":{"uv":[13.5762,9.2377],"uv_size":[0.0738,0.0518]},"up":{"uv":[13.6488,8.7318],"uv_size":[-0.0738,-0.3107]},"west":{"uv":[12.8048,9.2377],"uv_size":[0.2952,0.0518]}}},{"origin":[-0.35395,8.75,-6.10132],"size":[0.75,0.25,0.25],"uv":{"down":{"uv":[13.6488,9.7891],"uv_size":[-0.0738,-0.0259]},"east":{"uv":[14.0754,9.2636],"uv_size":[0.0246,0.0259]},"north":{"uv":[13.5512,9.2636],"uv_size":[0.0738,0.0259]},"south":{"uv":[13.5762,9.2636],"uv_size":[0.0738,0.0259]},"up":{"uv":[13.6488,8.7627],"uv_size":[-0.0738,-0.0259]},"west":{"uv":[13.1004,9.2636],"uv_size":[0.0246,0.0259]}}},{"origin":[-0.35395,9.25,-6.35132],"size":[0.75,0.25,0.25],"uv":{"down":{"uv":[13.6488,9.8154],"uv_size":[-0.0738,-0.0259]},"east":{"uv":[14.1004,9.2109],"uv_size":[0.0246,0.0259]},"north":{"uv":[13.5512,9.2109],"uv_size":[0.0738,0.0259]},"south":{"uv":[13.5762,9.2109],"uv_size":[0.0738,0.0259]},"up":{"uv":[13.6488,8.7364],"uv_size":[-0.0738,-0.0259]},"west":{"uv":[13.0754,9.2109],"uv_size":[0.0246,0.0259]}}},{"origin":[-0.35395,8.5,-12.60132],"size":[0.5,1,0.5],"uv":{"down":{"uv":[13.6492,8.7886],"uv_size":[-0.0492,-0.0518]},"east":{"uv":[13.1008,9.2122],"uv_size":[0.0492,0.1036]},"north":{"uv":[13.5508,9.2122],"uv_size":[0.0492,0.1036]},"south":{"uv":[13.6008,9.2122],"uv_size":[0.0492,0.1036]},"up":{"uv":[13.6492,9.7886],"uv_size":[-0.0492,-0.0518]},"west":{"uv":[14.0508,9.2122],"uv_size":[0.0492,0.1036]}}},{"origin":[-0.10395,9.25,-6.60132],"size":[0.25,0.25,0.25],"uv":{"down":{"uv":[13.6246,9.8417],"uv_size":[-0.0246,-0.0259]},"east":{"uv":[14.1254,9.2109],"uv_size":[0.0246,0.0259]},"north":{"uv":[13.5754,9.2109],"uv_size":[0.0246,0.0259]},"south":{"uv":[13.6004,9.2109],"uv_size":[0.0246,0.0259]},"up":{"uv":[13.6246,8.7101],"uv_size":[-0.0246,-0.0259]},"west":{"uv":[13.0504,9.2109],"uv_size":[0.0246,0.0259]}}},{"origin":[-0.35395,8.75,-12.10132],"size":[0.5,0.5,0.25],"uv":{"down":{"uv":[13.6492,8.7364],"uv_size":[-0.0492,-0.0259]},"east":{"uv":[13.0754,9.2377],"uv_size":[0.0246,0.0518]},"north":{"uv":[13.5508,9.2377],"uv_size":[0.0492,0.0518]},"south":{"uv":[13.6008,9.2377],"uv_size":[0.0492,0.0518]},"up":{"uv":[13.6492,9.8154],"uv_size":[-0.0492,-0.0259]},"west":{"uv":[14.1004,9.2377],"uv_size":[0.0246,0.0518]}}},{"origin":[-0.35395,6.5,-12.35132],"size":[0.25,0.75,0.25],"uv":{"down":{"uv":[13.6496,8.7627],"uv_size":[-0.0246,-0.0259]},"east":{"uv":[13.1004,9.4486],"uv_size":[0.0246,0.0777]},"north":{"uv":[13.5504,9.4486],"uv_size":[0.0246,0.0777]},"south":{"uv":[13.6254,9.4486],"uv_size":[0.0246,0.0777]},"up":{"uv":[13.6496,9.7891],"uv_size":[-0.0246,-0.0259]},"west":{"uv":[14.0754,9.4486],"uv_size":[0.0246,0.0777]}}},{"origin":[-0.35395,6.75,-12.60132],"size":[0.25,1.75,0.25],"uv":{"down":{"uv":[13.6496,8.7891],"uv_size":[-0.0246,-0.0259]},"east":{"uv":[13.1254,9.3187],"uv_size":[0.0246,0.1813]},"north":{"uv":[13.5504,9.3187],"uv_size":[0.0246,0.1813]},"south":{"uv":[13.6254,9.3187],"uv_size":[0.0246,0.1813]},"up":{"uv":[13.6496,9.7627],"uv_size":[-0.0246,-0.0259]},"west":{"uv":[14.0504,9.3187],"uv_size":[0.0246,0.1813]}}},{"origin":[-0.35395,8.5,-12.10132],"size":[0.25,0.25,0.25],"uv":{"down":{"uv":[13.6496,8.7364],"uv_size":[-0.0246,-0.0259]},"east":{"uv":[13.0754,9.2899],"uv_size":[0.0246,0.0259]},"north":{"uv":[13.5504,9.2899],"uv_size":[0.0246,0.0259]},"south":{"uv":[13.6254,9.2899],"uv_size":[0.0246,0.0259]},"up":{"uv":[13.6496,9.8154],"uv_size":[-0.0246,-0.0259]},"west":{"uv":[14.1004,9.2899],"uv_size":[0.0246,0.0259]}}},{"origin":[-0.35395,8.25,-12.35132],"size":[0.25,0.25,0.25],"uv":{"down":{"uv":[13.6496,8.7627],"uv_size":[-0.0246,-0.0259]},"east":{"uv":[13.1004,9.3162],"uv_size":[0.0246,0.0259]},"north":{"uv":[13.5504,9.3162],"uv_size":[0.0246,0.0259]},"south":{"uv":[13.6254,9.3162],"uv_size":[0.0246,0.0259]},"up":{"uv":[13.6496,9.7891],"uv_size":[-0.0246,-0.0259]},"west":{"uv":[14.0754,9.3162],"uv_size":[0.0246,0.0259]}}},{"origin":[-0.10395,8.25,-4.35132],"size":[0.25,0.25,0.25],"uv":{"down":{"uv":[15.2246,9.6048],"uv_size":[-0.0246,-0.0259]},"east":{"uv":[15.5004,9.3162],"uv_size":[0.0246,0.0259]},"north":{"uv":[15.1754,9.3162],"uv_size":[0.0246,0.0259]},"south":{"uv":[15.2004,9.3162],"uv_size":[0.0246,0.0259]},"up":{"uv":[15.2246,8.9469],"uv_size":[-0.0246,-0.0259]},"west":{"uv":[14.8754,9.3162],"uv_size":[0.0246,0.0259]}}},{"origin":[-0.10395,7.75,-5.10132],"size":[0.25,0.25,0.5],"uv":{"down":{"uv":[15.2246,9.6834],"uv_size":[-0.0246,-0.0518]},"east":{"uv":[15.5508,9.3688],"uv_size":[0.0492,0.0259]},"north":{"uv":[15.1754,9.3688],"uv_size":[0.0246,0.0259]},"south":{"uv":[15.2004,9.3688],"uv_size":[0.0246,0.0259]},"up":{"uv":[15.2246,8.8939],"uv_size":[-0.0246,-0.0518]},"west":{"uv":[14.8008,9.3688],"uv_size":[0.0492,0.0259]}}},{"origin":[-0.10395,8,-5.35132],"size":[0.25,0.25,0.25],"uv":{"down":{"uv":[15.2246,9.7101],"uv_size":[-0.0246,-0.0259]},"east":{"uv":[15.6004,9.3425],"uv_size":[0.0246,0.0259]},"north":{"uv":[15.1754,9.3425],"uv_size":[0.0246,0.0259]},"south":{"uv":[15.2004,9.3425],"uv_size":[0.0246,0.0259]},"up":{"uv":[15.2246,8.8417],"uv_size":[-0.0246,-0.0259]},"west":{"uv":[14.7754,9.3425],"uv_size":[0.0246,0.0259]}}},{"origin":[-0.10395,8,-4.60132],"size":[0.25,0.25,0.25],"uv":{"down":{"uv":[15.2246,9.6312],"uv_size":[-0.0246,-0.0259]},"east":{"uv":[15.5254,9.3425],"uv_size":[0.0246,0.0259]},"north":{"uv":[15.1754,9.3425],"uv_size":[0.0246,0.0259]},"south":{"uv":[15.2004,9.3425],"uv_size":[0.0246,0.0259]},"up":{"uv":[15.2246,8.9206],"uv_size":[-0.0246,-0.0259]},"west":{"uv":[14.8504,9.3425],"uv_size":[0.0246,0.0259]}}},{"origin":[-0.35395,10.5,-4.10132],"size":[0.25,0.25,0.25],"uv":{"down":{"uv":[15.2496,9.5785],"uv_size":[-0.0246,-0.0259]},"east":{"uv":[15.4754,9.0794],"uv_size":[0.0246,0.0259]},"north":{"uv":[15.1504,9.0794],"uv_size":[0.0246,0.0259]},"south":{"uv":[15.2254,9.0794],"uv_size":[0.0246,0.0259]},"up":{"uv":[15.2496,8.9733],"uv_size":[-0.0246,-0.0259]},"west":{"uv":[14.9004,9.0794],"uv_size":[0.0246,0.0259]}}},{"origin":[-0.35395,10.25,-4.10132],"size":[0.75,0.25,0.5],"uv":{"down":{"uv":[15.2488,9.5781],"uv_size":[-0.0738,-0.0518]},"east":{"uv":[15.4508,9.1057],"uv_size":[0.0492,0.0259]},"north":{"uv":[15.1512,9.1057],"uv_size":[0.0738,0.0259]},"south":{"uv":[15.1762,9.1057],"uv_size":[0.0738,0.0259]},"up":{"uv":[15.2488,8.9992],"uv_size":[-0.0738,-0.0518]},"west":{"uv":[14.9008,9.1057],"uv_size":[0.0492,0.0259]}}},{"origin":[0.14605,10.5,-4.10132],"size":[0.25,0.25,0.25],"uv":{"down":{"uv":[15.1996,9.5785],"uv_size":[-0.0246,-0.0259]},"east":{"uv":[15.4754,9.0794],"uv_size":[0.0246,0.0259]},"north":{"uv":[15.2004,9.0794],"uv_size":[0.0246,0.0259]},"south":{"uv":[15.1754,9.0794],"uv_size":[0.0246,0.0259]},"up":{"uv":[15.1996,8.9733],"uv_size":[-0.0246,-0.0259]},"west":{"uv":[14.9004,9.0794],"uv_size":[0.0246,0.0259]}}},{"origin":[-0.35395,10,-4.35132],"size":[0.75,0.25,3.25],"uv":{"down":{"uv":[15.2488,9.5998],"uv_size":[-0.0738,-0.3366]},"east":{"uv":[15.2052,9.132],"uv_size":[0.3198,0.0259]},"north":{"uv":[15.1512,9.132],"uv_size":[0.0738,0.0259]},"south":{"uv":[15.1762,9.132],"uv_size":[0.0738,0.0259]},"up":{"uv":[15.2488,9.2577],"uv_size":[-0.0738,-0.3366]},"west":{"uv":[14.8802,9.132],"uv_size":[0.3198,0.0259]}}},{"origin":[-0.35395,9.75,-5.10132],"size":[0.75,0.25,0.5],"uv":{"down":{"uv":[15.2488,9.6834],"uv_size":[-0.0738,-0.0518]},"east":{"uv":[15.5508,9.1583],"uv_size":[0.0492,0.0259]},"north":{"uv":[15.1512,9.1583],"uv_size":[0.0738,0.0259]},"south":{"uv":[15.1762,9.1583],"uv_size":[0.0738,0.0259]},"up":{"uv":[15.2488,8.8939],"uv_size":[-0.0738,-0.0518]},"west":{"uv":[14.8008,9.1583],"uv_size":[0.0492,0.0259]}}},{"origin":[-0.60395,9.75,-4.60132],"size":[1.25,0.25,3.5],"uv":{"down":{"uv":[15.273,9.6257],"uv_size":[-0.123,-0.3625]},"east":{"uv":[15.2056,9.1583],"uv_size":[0.3444,0.0259]},"north":{"uv":[15.127,9.1583],"uv_size":[0.123,0.0259]},"south":{"uv":[15.152,9.1583],"uv_size":[0.123,0.0259]},"up":{"uv":[15.273,9.2573],"uv_size":[-0.123,-0.3625]},"west":{"uv":[14.8556,9.1583],"uv_size":[0.3444,0.0259]}}}],"name":"geyser_custom_z","parent":"geyser_custom_y","pivot":[0.01053,8.42895,-3.36316],"rotation":[0,180,0]}],"description":{"identifier":"geometry.geyser_custom.geo_fd65626","texture_height":16,"texture_width":16,"visible_bounds_height":4.5,"visible_bounds_offset":[0,0.75,0],"visible_bounds_width":4}}]}