{"format_version":"1.16.0","minecraft:geometry":[{"bones":[{"name":"root","pivot":[0,0,0]},{"name":"waist","parent":"root","pivot":[0,12,0]},{"name":"body","parent":"waist","pivot":[0,24,0]},{"cubes":[{"origin":[-8,12,-2],"size":[4,12,4],"uv":[40,16]}],"name":"rightArm","parent":"body","pivot":[-5,22,0]},{"locators":{"lead_hold":[-6,15,1]},"name":"rightItem","parent":"rightArm","pivot":[-6,15,1]},{"binding":"c.item_slot == 'head' ? 'head' : q.item_slot_to_bone_name(c.item_slot)","name":"geyser_custom","parent":"rightItem","pivot":[0,8,0]},{"name":"geyser_custom_x","parent":"geyser_custom","pivot":[0,8,0]},{"name":"geyser_custom_y","parent":"geyser_custom_x","pivot":[0,8,0]},{"cubes":[{"origin":[5.63566,8,-3.5688],"size":[0.25,3,0.75],"uv":{"down":{"uv":[14.6496,5.9198],"uv_size":[-0.0246,-0.0777]},"east":{"uv":[15.1512,5.6366],"uv_size":[0.0738,0.3107]},"north":{"uv":[15.7504,5.6366],"uv_size":[0.0246,0.3107]},"south":{"uv":[14.6254,5.6366],"uv_size":[0.0246,0.3107]},"up":{"uv":[14.6496,5.9461],"uv_size":[-0.0246,-0.0777]},"west":{"uv":[15.1762,5.6366],"uv_size":[0.0738,0.3107]}}},{"origin":[5.13566,11,-3.3188],"size":[0.75,0.25,0.25],"uv":{"down":{"uv":[14.6988,5.8943],"uv_size":[-0.0738,-0.0259]},"east":{"uv":[15.1754,5.6057],"uv_size":[0.0246,0.0259]},"north":{"uv":[15.7012,5.6057],"uv_size":[0.0738,0.0259]},"south":{"uv":[14.6262,5.6057],"uv_size":[0.0738,0.0259]},"up":{"uv":[14.6988,5.9206],"uv_size":[-0.0738,-0.0259]},"west":{"uv":[15.2004,5.6057],"uv_size":[0.0246,0.0259]}}},{"origin":[5.38566,8,-3.3188],"size":[0.25,3,0.25],"uv":{"down":{"uv":[14.6746,5.8943],"uv_size":[-0.0246,-0.0259]},"east":{"uv":[15.1754,5.6366],"uv_size":[0.0246,0.3107]},"north":{"uv":[15.7254,5.6366],"uv_size":[0.0246,0.3107]},"south":{"uv":[14.6504,5.6366],"uv_size":[0.0246,0.3107]}}},{"origin":[5.38566,10,-3.5688],"size":[0.25,1,0.25],"uv":{"down":{"uv":[14.6746,5.9206],"uv_size":[-0.0246,-0.0259]},"east":{"uv":[15.2004,5.6333],"uv_size":[0.0246,0.1036]},"north":{"uv":[15.7254,5.6333],"uv_size":[0.0246,0.1036]},"up":{"uv":[14.6746,5.8943],"uv_size":[-0.0246,-0.0259]}}},{"origin":[5.38566,10,-3.0688],"size":[0.25,1,0.25],"uv":{"down":{"uv":[14.6746,5.868],"uv_size":[-0.0246,-0.0259]},"east":{"uv":[15.1504,5.6333],"uv_size":[0.0246,0.1036]},"south":{"uv":[14.6504,5.6333],"uv_size":[0.0246,0.1036]},"up":{"uv":[14.6746,5.9469],"uv_size":[-0.0246,-0.0259]}}},{"origin":[5.13566,10,-3.3188],"size":[0.25,1,0.25],"uv":{"down":{"uv":[14.6996,5.8943],"uv_size":[-0.0246,-0.0259]},"east":{"uv":[15.1754,5.6333],"uv_size":[0.0246,0.1036]},"north":{"uv":[15.7004,5.6333],"uv_size":[0.0246,0.1036]},"south":{"uv":[14.6754,5.6333],"uv_size":[0.0246,0.1036]}}},{"origin":[5.13566,10.25,-3.5688],"size":[0.25,0.75,0.25],"uv":{"down":{"uv":[14.6996,5.9206],"uv_size":[-0.0246,-0.0259]},"east":{"uv":[15.2004,5.6328],"uv_size":[0.0246,0.0777]},"north":{"uv":[15.7004,5.6328],"uv_size":[0.0246,0.0777]},"up":{"uv":[14.6996,5.8943],"uv_size":[-0.0246,-0.0259]}}},{"origin":[5.13566,10.25,-3.0688],"size":[0.25,0.75,0.25],"uv":{"down":{"uv":[14.6996,5.868],"uv_size":[-0.0246,-0.0259]},"east":{"uv":[15.1504,5.6328],"uv_size":[0.0246,0.0777]},"south":{"uv":[14.6754,5.6328],"uv_size":[0.0246,0.0777]},"up":{"uv":[14.6996,5.9469],"uv_size":[-0.0246,-0.0259]}}},{"origin":[-2.86434,10.25,-3.3188],"size":[8,0.25,0.25],"uv":{"down":{"uv":[15.4872,5.8943],"uv_size":[-0.7872,-0.0259]},"north":{"uv":[14.9128,5.6846],"uv_size":[0.7872,0.0259]},"south":{"uv":[14.7128,5.6846],"uv_size":[0.7872,0.0259]},"up":{"uv":[15.4872,5.9206],"uv_size":[-0.7872,-0.0259]}}},{"origin":[-2.86434,10.5,-3.5688],"size":[8,0.25,0.25],"uv":{"down":{"uv":[15.4872,5.9206],"uv_size":[-0.7872,-0.0259]},"north":{"uv":[14.9128,5.6583],"uv_size":[0.7872,0.0259]},"south":{"uv":[14.7128,5.6583],"uv_size":[0.7872,0.0259]},"up":{"uv":[15.4872,5.8943],"uv_size":[-0.7872,-0.0259]}}},{"origin":[4.38566,10.5,-3.3188],"size":[0.75,0.5,0.25],"uv":{"north":{"uv":[15.6262,5.6324],"uv_size":[0.0738,0.0518]},"south":{"uv":[14.7012,5.6324],"uv_size":[0.0738,0.0518]},"up":{"uv":[14.7738,5.9206],"uv_size":[-0.0738,-0.0259]}}},{"origin":[-2.86434,10.5,-3.0688],"size":[8,0.25,0.25],"uv":{"down":{"uv":[15.4872,5.868],"uv_size":[-0.7872,-0.0259]},"north":{"uv":[14.9128,5.6583],"uv_size":[0.7872,0.0259]},"south":{"uv":[14.7128,5.6583],"uv_size":[0.7872,0.0259]},"up":{"uv":[15.4872,5.9469],"uv_size":[-0.7872,-0.0259]}}},{"origin":[3.13566,7,-3.5688],"size":[1.25,0.5,0.75],"uv":{"down":{"uv":[14.898,9.2882],"uv_size":[-0.123,-0.0777]},"east":{"uv":[15.1512,9.3693],"uv_size":[0.0738,0.0518]},"north":{"uv":[15.502,9.3693],"uv_size":[0.123,0.0518]},"south":{"uv":[14.777,9.3693],"uv_size":[0.123,0.0518]},"up":{"uv":[14.898,9.3145],"uv_size":[-0.123,-0.0777]},"west":{"uv":[15.1762,9.3693],"uv_size":[0.0738,0.0518]}}},{"origin":[-0.61434,9.5,-3.3188],"size":[5,0.75,0.25],"uv":{"down":{"uv":[15.267,9.2627],"uv_size":[-0.492,-0.0259]},"east":{"uv":[15.1754,9.0802],"uv_size":[0.0246,0.0777]},"north":{"uv":[15.133,9.0802],"uv_size":[0.492,0.0777]},"south":{"uv":[14.783,9.0802],"uv_size":[0.492,0.0777]},"west":{"uv":[15.2004,9.0802],"uv_size":[0.0246,0.0777]}}},{"origin":[-0.61434,9.75,-3.5688],"size":[5,0.75,0.25],"uv":{"down":{"uv":[15.267,9.2891],"uv_size":[-0.492,-0.0259]},"east":{"uv":[15.2004,9.0539],"uv_size":[0.0246,0.0777]},"north":{"uv":[15.133,9.0539],"uv_size":[0.492,0.0777]},"south":{"uv":[14.783,9.0539],"uv_size":[0.492,0.0777]},"west":{"uv":[15.1754,9.0539],"uv_size":[0.0246,0.0777]}}},{"origin":[-0.61434,9.75,-3.0688],"size":[5,0.75,0.25],"uv":{"down":{"uv":[15.267,9.2364],"uv_size":[-0.492,-0.0259]},"east":{"uv":[15.1504,9.0539],"uv_size":[0.0246,0.0777]},"north":{"uv":[15.133,9.0539],"uv_size":[0.492,0.0777]},"south":{"uv":[14.783,9.0539],"uv_size":[0.492,0.0777]},"west":{"uv":[15.2254,9.0539],"uv_size":[0.0246,0.0777]}}},{"origin":[-2.11434,10.25,-3.8188],"size":[6.5,0.5,0.25],"uv":{"down":{"uv":[15.4146,9.3154],"uv_size":[-0.6396,-0.0259]},"east":{"uv":[15.2254,9.0272],"uv_size":[0.0246,0.0518]},"north":{"uv":[14.9854,9.0272],"uv_size":[0.6396,0.0518]},"south":{"uv":[14.7854,9.0272],"uv_size":[0.6396,0.0518]},"up":{"uv":[15.4146,9.2364],"uv_size":[-0.6396,-0.0259]},"west":{"uv":[15.1504,9.0272],"uv_size":[0.0246,0.0518]}}},{"origin":[-2.11434,10.25,-2.8188],"size":[6.5,0.5,0.25],"uv":{"down":{"uv":[15.4146,9.2101],"uv_size":[-0.6396,-0.0259]},"east":{"uv":[15.1254,9.0272],"uv_size":[0.0246,0.0518]},"north":{"uv":[14.9854,9.0272],"uv_size":[0.6396,0.0518]},"south":{"uv":[14.7854,9.0272],"uv_size":[0.6396,0.0518]},"up":{"uv":[15.4146,9.3417],"uv_size":[-0.6396,-0.0259]},"west":{"uv":[15.2504,9.0272],"uv_size":[0.0246,0.0518]}}},{"origin":[-2.61434,10.5,-3.3188],"size":[7,0.75,0.25],"uv":{"east":{"uv":[15.1754,8.9749],"uv_size":[0.0246,0.0777]},"north":{"uv":[14.9362,8.9749],"uv_size":[0.6888,0.0777]},"south":{"uv":[14.7862,8.9749],"uv_size":[0.6888,0.0777]},"up":{"uv":[15.4638,9.2891],"uv_size":[-0.6888,-0.0259]},"west":{"uv":[15.2004,8.9749],"uv_size":[0.0246,0.0777]}}},{"origin":[-5.86434,10.75,-3.5688],"size":[10.25,0.25,0.25],"uv":{"down":{"uv":[15.784,9.2891],"uv_size":[-1.009,-0.0259]},"east":{"uv":[15.2004,9.0004],"uv_size":[0.0246,0.0259]},"north":{"uv":[14.616,9.0004],"uv_size":[1.009,0.0259]},"south":{"uv":[14.791,9.0004],"uv_size":[1.009,0.0259]},"up":{"uv":[15.784,9.2627],"uv_size":[-1.009,-0.0259]},"west":{"uv":[15.1754,9.0004],"uv_size":[0.0246,0.0259]}}},{"origin":[-5.86434,10.75,-3.0688],"size":[10.25,0.25,0.25],"uv":{"down":{"uv":[15.784,9.2364],"uv_size":[-1.009,-0.0259]},"east":{"uv":[15.1504,9.0004],"uv_size":[0.0246,0.0259]},"north":{"uv":[14.616,9.0004],"uv_size":[1.009,0.0259]},"south":{"uv":[14.791,9.0004],"uv_size":[1.009,0.0259]},"up":{"uv":[15.784,9.3154],"uv_size":[-1.009,-0.0259]},"west":{"uv":[15.2254,9.0004],"uv_size":[0.0246,0.0259]}}},{"origin":[-4.86434,11,-3.5688],"size":[9.25,0.25,0.25],"uv":{"north":{"uv":[14.7148,8.9741],"uv_size":[0.9102,0.0259]},"south":{"uv":[14.7898,8.9741],"uv_size":[0.9102,0.0259]},"up":{"uv":[15.6852,9.2627],"uv_size":[-0.9102,-0.0259]},"west":{"uv":[15.1754,8.9741],"uv_size":[0.0246,0.0259]}}},{"origin":[0.88566,11,-3.0688],"size":[3.5,0.25,0.25],"uv":{"south":{"uv":[14.7806,8.9741],"uv_size":[0.3444,0.0259]},"up":{"uv":[15.1194,9.3154],"uv_size":[-0.3444,-0.0259]},"west":{"uv":[15.2254,8.9741],"uv_size":[0.0246,0.0259]}}},{"origin":[0.88566,11.25,-3.3188],"size":[3.5,0.25,0.25],"uv":{"north":{"uv":[15.2806,8.9478],"uv_size":[0.3444,0.0259]},"south":{"uv":[14.7806,8.9478],"uv_size":[0.3444,0.0259]},"up":{"uv":[15.1194,9.2891],"uv_size":[-0.3444,-0.0259]},"west":{"uv":[15.2004,8.9478],"uv_size":[0.0246,0.0259]}}},{"origin":[2.63566,7.5,-3.5688],"size":[1.5,0.5,0.5],"uv":{"down":{"uv":[14.9476,9.2886],"uv_size":[-0.1476,-0.0518]},"east":{"uv":[15.1758,9.3166],"uv_size":[0.0492,0.0518]},"north":{"uv":[15.4524,9.3166],"uv_size":[0.1476,0.0518]},"south":{"uv":[14.8024,9.3166],"uv_size":[0.1476,0.0518]},"up":{"uv":[14.9476,9.2886],"uv_size":[-0.1476,-0.0518]},"west":{"uv":[15.1758,9.3166],"uv_size":[0.0492,0.0518]}}},{"origin":[2.88566,7.5,-3.0688],"size":[1.25,0.5,0.25],"uv":{"down":{"uv":[14.923,9.2364],"uv_size":[-0.123,-0.0259]},"east":{"uv":[15.1504,9.3166],"uv_size":[0.0246,0.0518]},"south":{"uv":[14.802,9.3166],"uv_size":[0.123,0.0518]},"up":{"uv":[14.923,9.3154],"uv_size":[-0.123,-0.0259]},"west":{"uv":[15.2254,9.3166],"uv_size":[0.0246,0.0518]}}},{"origin":[-0.61434,9.5,-3.5688],"size":[4.75,0.25,0.25],"uv":{"down":{"uv":[15.2674,9.2891],"uv_size":[-0.4674,-0.0259]},"east":{"uv":[15.2004,9.132],"uv_size":[0.0246,0.0259]},"north":{"uv":[15.1326,9.132],"uv_size":[0.4674,0.0259]},"west":{"uv":[15.1754,9.132],"uv_size":[0.0246,0.0259]}}},{"origin":[-0.61434,9.5,-3.0688],"size":[4.75,0.25,0.25],"uv":{"down":{"uv":[15.2674,9.2364],"uv_size":[-0.4674,-0.0259]},"east":{"uv":[15.1504,9.132],"uv_size":[0.0246,0.0259]},"south":{"uv":[14.8076,9.132],"uv_size":[0.4674,0.0259]},"west":{"uv":[15.2254,9.132],"uv_size":[0.0246,0.0259]}}},{"origin":[-0.61434,9.75,-3.8188],"size":[4.75,0.5,0.25],"uv":{"down":{"uv":[15.2674,9.3154],"uv_size":[-0.4674,-0.0259]},"east":{"uv":[15.2254,9.0798],"uv_size":[0.0246,0.0518]},"north":{"uv":[15.1326,9.0798],"uv_size":[0.4674,0.0518]},"west":{"uv":[15.1504,9.0798],"uv_size":[0.0246,0.0518]}}},{"origin":[-0.61434,9.75,-2.8188],"size":[4.75,0.5,0.25],"uv":{"down":{"uv":[15.2674,9.2101],"uv_size":[-0.4674,-0.0259]},"east":{"uv":[15.1254,9.0798],"uv_size":[0.0246,0.0518]},"south":{"uv":[14.8076,9.0798],"uv_size":[0.4674,0.0518]},"west":{"uv":[15.2504,9.0798],"uv_size":[0.0246,0.0518]}}},{"origin":[-0.61434,10,-4.0688],"size":[4.75,1,0.25],"uv":{"down":{"uv":[15.2674,9.3417],"uv_size":[-0.4674,-0.0259]},"east":{"uv":[15.2504,9.0017],"uv_size":[0.0246,0.1036]},"north":{"uv":[15.1326,9.0017],"uv_size":[0.4674,0.1036]},"south":{"uv":[14.8076,9.0017],"uv_size":[0.4674,0.1036]},"up":{"uv":[15.2674,9.2101],"uv_size":[-0.4674,-0.0259]},"west":{"uv":[15.1254,9.0017],"uv_size":[0.0246,0.1036]}}},{"origin":[-0.61434,10,-2.5688],"size":[4.75,0.25,0.25],"uv":{"down":{"uv":[15.2674,9.1838],"uv_size":[-0.4674,-0.0259]},"south":{"uv":[14.8076,9.0794],"uv_size":[0.4674,0.0259]},"up":{"uv":[15.2674,9.368],"uv_size":[-0.4674,-0.0259]},"west":{"uv":[15.2754,9.0794],"uv_size":[0.0246,0.0259]}}},{"origin":[2.88566,10.25,-2.5688],"size":[1.25,0.75,0.25],"uv":{"east":{"uv":[15.1004,9.0013],"uv_size":[0.0246,0.0777]},"north":{"uv":[15.477,9.0013],"uv_size":[0.123,0.0777]},"south":{"uv":[14.802,9.0013],"uv_size":[0.123,0.0777]},"up":{"uv":[14.923,9.368],"uv_size":[-0.123,-0.0259]},"west":{"uv":[15.2754,9.0013],"uv_size":[0.0246,0.0777]}}},{"origin":[-4.86434,10.75,-3.8188],"size":[9,0.25,0.25],"uv":{"down":{"uv":[15.6856,9.3154],"uv_size":[-0.8856,-0.0259]},"north":{"uv":[14.7144,9.0004],"uv_size":[0.8856,0.0259]},"up":{"uv":[15.6856,9.2364],"uv_size":[-0.8856,-0.0259]},"west":{"uv":[15.1504,9.0004],"uv_size":[0.0246,0.0259]}}},{"origin":[-4.86434,10.75,-2.8188],"size":[9,0.25,0.25],"uv":{"down":{"uv":[15.6856,9.2101],"uv_size":[-0.8856,-0.0259]},"south":{"uv":[14.8144,9.0004],"uv_size":[0.8856,0.0259]},"up":{"uv":[15.6856,9.3417],"uv_size":[-0.8856,-0.0259]},"west":{"uv":[15.2504,9.0004],"uv_size":[0.0246,0.0259]}}},{"origin":[-0.61434,11,-3.8188],"size":[4.75,0.25,0.25],"uv":{"north":{"uv":[15.1326,8.9741],"uv_size":[0.4674,0.0259]},"up":{"uv":[15.2674,9.2364],"uv_size":[-0.4674,-0.0259]},"west":{"uv":[15.1504,8.9741],"uv_size":[0.0246,0.0259]}}},{"origin":[0.88566,11,-2.8188],"size":[3.25,0.25,0.25],"uv":{"east":{"uv":[15.1254,8.9741],"uv_size":[0.0246,0.0259]},"south":{"uv":[14.8052,8.9741],"uv_size":[0.3198,0.0259]},"up":{"uv":[15.1198,9.3417],"uv_size":[-0.3198,-0.0259]},"west":{"uv":[15.2504,8.9741],"uv_size":[0.0246,0.0259]}}},{"origin":[-5.11434,11.25,-3.5688],"size":[9.25,0.25,0.25],"uv":{"down":{"uv":[15.7102,9.2891],"uv_size":[-0.9102,-0.0259]},"east":{"uv":[15.2004,8.9478],"uv_size":[0.0246,0.0259]},"north":{"uv":[14.6898,8.9478],"uv_size":[0.9102,0.0259]},"south":{"uv":[14.8148,8.9478],"uv_size":[0.9102,0.0259]},"up":{"uv":[15.7102,9.2627],"uv_size":[-0.9102,-0.0259]},"west":{"uv":[15.1754,8.9478],"uv_size":[0.0246,0.0259]}}},{"origin":[0.88566,11.25,-3.0688],"size":[3.25,0.25,0.25],"uv":{"east":{"uv":[15.1504,8.9478],"uv_size":[0.0246,0.0259]},"south":{"uv":[14.8052,8.9478],"uv_size":[0.3198,0.0259]},"up":{"uv":[15.1198,9.3154],"uv_size":[-0.3198,-0.0259]},"west":{"uv":[15.2254,8.9478],"uv_size":[0.0246,0.0259]}}},{"origin":[3.13566,6.75,-3.5688],"size":[0.75,0.25,0.75],"uv":{"down":{"uv":[14.8988,9.2882],"uv_size":[-0.0738,-0.0777]},"east":{"uv":[15.1512,9.4215],"uv_size":[0.0738,0.0259]},"north":{"uv":[15.5012,9.4215],"uv_size":[0.0738,0.0259]},"south":{"uv":[14.8262,9.4215],"uv_size":[0.0738,0.0259]},"west":{"uv":[15.1762,9.4215],"uv_size":[0.0738,0.0259]}}},{"origin":[1.13566,8,-3.5688],"size":[2.75,0.25,0.75],"uv":{"down":{"uv":[15.0956,9.2882],"uv_size":[-0.2706,-0.0777]},"east":{"uv":[15.1512,9.2899],"uv_size":[0.0738,0.0259]},"north":{"uv":[15.3044,9.2899],"uv_size":[0.2706,0.0259]},"south":{"uv":[14.8294,9.2899],"uv_size":[0.2706,0.0259]},"up":{"uv":[15.0956,9.3145],"uv_size":[-0.2706,-0.0777]},"west":{"uv":[15.1762,9.2899],"uv_size":[0.0738,0.0259]}}},{"origin":[-0.61434,9.5,-3.8188],"size":[4.5,0.25,0.25],"uv":{"down":{"uv":[15.2678,9.3154],"uv_size":[-0.4428,-0.0259]},"east":{"uv":[15.2254,9.132],"uv_size":[0.0246,0.0259]},"north":{"uv":[15.1322,9.132],"uv_size":[0.4428,0.0259]},"west":{"uv":[15.1504,9.132],"uv_size":[0.0246,0.0259]}}},{"origin":[-0.61434,9.5,-2.8188],"size":[4.5,0.25,0.25],"uv":{"down":{"uv":[15.2678,9.2101],"uv_size":[-0.4428,-0.0259]},"east":{"uv":[15.1254,9.132],"uv_size":[0.0246,0.0259]},"south":{"uv":[14.8322,9.132],"uv_size":[0.4428,0.0259]},"west":{"uv":[15.2504,9.132],"uv_size":[0.0246,0.0259]}}},{"origin":[3.13566,11.5,-3.5688],"size":[0.75,0.25,0.25],"uv":{"east":{"uv":[15.2004,8.9215],"uv_size":[0.0246,0.0259]},"north":{"uv":[15.5012,8.9215],"uv_size":[0.0738,0.0259]},"south":{"uv":[14.8262,8.9215],"uv_size":[0.0738,0.0259]},"up":{"uv":[14.8988,9.2627],"uv_size":[-0.0738,-0.0259]},"west":{"uv":[15.1754,8.9215],"uv_size":[0.0246,0.0259]}}},{"origin":[3.13566,11.5,-3.0688],"size":[0.75,0.25,0.25],"uv":{"east":{"uv":[15.1504,8.9215],"uv_size":[0.0246,0.0259]},"north":{"uv":[15.5012,8.9215],"uv_size":[0.0738,0.0259]},"south":{"uv":[14.8262,8.9215],"uv_size":[0.0738,0.0259]},"up":{"uv":[14.8988,9.3154],"uv_size":[-0.0738,-0.0259]},"west":{"uv":[15.2254,8.9215],"uv_size":[0.0246,0.0259]}}},{"origin":[2.38566,8.25,-3.5688],"size":[1.25,0.5,0.75],"uv":{"east":{"uv":[15.1512,9.2377],"uv_size":[0.0738,0.0518]},"north":{"uv":[15.427,9.2377],"uv_size":[0.123,0.0518]},"south":{"uv":[14.852,9.2377],"uv_size":[0.123,0.0518]},"up":{"uv":[14.973,9.3145],"uv_size":[-0.123,-0.0777]},"west":{"uv":[15.1762,9.2377],"uv_size":[0.0738,0.0518]}}},{"origin":[-0.61434,9.25,-3.8188],"size":[4.25,0.25,1.25],"uv":{"down":{"uv":[15.2682,9.3137],"uv_size":[-0.4182,-0.1295]},"east":{"uv":[15.127,9.1583],"uv_size":[0.123,0.0259]},"north":{"uv":[15.1318,9.1583],"uv_size":[0.4182,0.0259]},"south":{"uv":[14.8568,9.1583],"uv_size":[0.4182,0.0259]},"up":{"uv":[15.2682,9.34],"uv_size":[-0.4182,-0.1295]},"west":{"uv":[15.152,9.1583],"uv_size":[0.123,0.0259]}}},{"origin":[3.13566,11.75,-3.5688],"size":[0.5,0.25,0.25],"uv":{"east":{"uv":[15.2004,8.8952],"uv_size":[0.0246,0.0259]},"north":{"uv":[15.5008,8.8952],"uv_size":[0.0492,0.0259]},"south":{"uv":[14.8508,8.8952],"uv_size":[0.0492,0.0259]},"up":{"uv":[14.8992,9.2627],"uv_size":[-0.0492,-0.0259]},"west":{"uv":[15.1754,8.8952],"uv_size":[0.0246,0.0259]}}},{"origin":[3.13566,11.75,-3.0688],"size":[0.5,0.25,0.25],"uv":{"east":{"uv":[15.1504,8.8952],"uv_size":[0.0246,0.0259]},"north":{"uv":[15.5008,8.8952],"uv_size":[0.0492,0.0259]},"south":{"uv":[14.8508,8.8952],"uv_size":[0.0492,0.0259]},"up":{"uv":[14.8992,9.3154],"uv_size":[-0.0492,-0.0259]},"west":{"uv":[15.2254,8.8952],"uv_size":[0.0246,0.0259]}}},{"origin":[3.13566,6.5,-3.5688],"size":[0.25,0.25,0.75],"uv":{"down":{"uv":[14.8996,9.2882],"uv_size":[-0.0246,-0.0777]},"east":{"uv":[15.1512,9.4478],"uv_size":[0.0738,0.0259]},"north":{"uv":[15.5004,9.4478],"uv_size":[0.0246,0.0259]},"south":{"uv":[14.8754,9.4478],"uv_size":[0.0246,0.0259]},"west":{"uv":[15.1762,9.4478],"uv_size":[0.0738,0.0259]}}},{"origin":[-0.61434,8.75,-3.5688],"size":[4,0.5,0.75],"uv":{"down":{"uv":[15.2686,9.2882],"uv_size":[-0.3936,-0.0777]},"east":{"uv":[15.1512,9.1851],"uv_size":[0.0738,0.0518]},"north":{"uv":[15.1314,9.1851],"uv_size":[0.3936,0.0518]},"south":{"uv":[14.8814,9.1851],"uv_size":[0.3936,0.0518]},"west":{"uv":[15.1762,9.1851],"uv_size":[0.0738,0.0518]}}},{"origin":[3.13566,11.5,-3.3188],"size":[0.25,0.25,0.25],"uv":{"east":{"uv":[15.1754,8.9215],"uv_size":[0.0246,0.0259]},"up":{"uv":[14.8996,9.2891],"uv_size":[-0.0246,-0.0259]},"west":{"uv":[15.2004,8.9215],"uv_size":[0.0246,0.0259]}}},{"origin":[2.88566,6.5,-3.3188],"size":[0.25,1,0.25],"uv":{"down":{"uv":[14.9246,9.2627],"uv_size":[-0.0246,-0.0259]},"east":{"uv":[15.1754,9.3701],"uv_size":[0.0246,0.1036]},"north":{"uv":[15.4754,9.3701],"uv_size":[0.0246,0.1036]},"south":{"uv":[14.9004,9.3701],"uv_size":[0.0246,0.1036]},"west":{"uv":[15.2004,9.3701],"uv_size":[0.0246,0.1036]}}},{"origin":[2.88566,7.25,-3.5688],"size":[0.25,0.25,0.25],"uv":{"down":{"uv":[14.9246,9.2891],"uv_size":[-0.0246,-0.0259]},"east":{"uv":[15.2004,9.3688],"uv_size":[0.0246,0.0259]},"north":{"uv":[15.4754,9.3688],"uv_size":[0.0246,0.0259]}}},{"origin":[2.88566,7.25,-3.0688],"size":[0.25,0.25,0.25],"uv":{"down":{"uv":[14.9246,9.2364],"uv_size":[-0.0246,-0.0259]},"east":{"uv":[15.1504,9.3688],"uv_size":[0.0246,0.0259]},"south":{"uv":[14.9004,9.3688],"uv_size":[0.0246,0.0259]}}},{"origin":[-0.36434,9,-3.8188],"size":[3.5,0.25,0.25],"uv":{"down":{"uv":[15.2444,9.3154],"uv_size":[-0.3444,-0.0259]},"east":{"uv":[15.2254,9.1846],"uv_size":[0.0246,0.0259]},"north":{"uv":[15.1556,9.1846],"uv_size":[0.3444,0.0259]},"west":{"uv":[15.1504,9.1846],"uv_size":[0.0246,0.0259]}}},{"origin":[-0.11434,9,-2.8188],"size":[3.25,0.25,0.25],"uv":{"down":{"uv":[15.2198,9.2101],"uv_size":[-0.3198,-0.0259]},"east":{"uv":[15.1254,9.1846],"uv_size":[0.0246,0.0259]},"south":{"uv":[14.9052,9.1846],"uv_size":[0.3198,0.0259]},"west":{"uv":[15.2504,9.1846],"uv_size":[0.0246,0.0259]}}},{"origin":[2.63566,7.25,-3.3188],"size":[0.25,0.25,0.25],"uv":{"down":{"uv":[14.9496,9.2627],"uv_size":[-0.0246,-0.0259]},"east":{"uv":[15.1754,9.3688],"uv_size":[0.0246,0.0259]},"north":{"uv":[15.4504,9.3688],"uv_size":[0.0246,0.0259]},"south":{"uv":[14.9254,9.3688],"uv_size":[0.0246,0.0259]}}},{"origin":[2.38566,7.75,-3.0688],"size":[0.5,0.25,0.25],"uv":{"down":{"uv":[14.9742,9.2364],"uv_size":[-0.0492,-0.0259]},"east":{"uv":[15.1504,9.3162],"uv_size":[0.0246,0.0259]},"north":{"uv":[15.4258,9.3162],"uv_size":[0.0492,0.0259]},"south":{"uv":[14.9258,9.3162],"uv_size":[0.0492,0.0259]}}},{"origin":[-0.61434,10.5,-2.5688],"size":[3.5,0.5,0.25],"uv":{"down":{"uv":[15.2694,9.1838],"uv_size":[-0.3444,-0.0259]},"north":{"uv":[15.1306,9.0008],"uv_size":[0.3444,0.0518]},"south":{"uv":[14.9306,9.0008],"uv_size":[0.3444,0.0518]},"up":{"uv":[15.2694,9.368],"uv_size":[-0.3444,-0.0259]}}},{"origin":[2.38566,7.75,-3.3188],"size":[0.25,0.25,0.25],"uv":{"down":{"uv":[14.9746,9.2627],"uv_size":[-0.0246,-0.0259]},"east":{"uv":[15.1754,9.3162],"uv_size":[0.0246,0.0259]},"north":{"uv":[15.4254,9.3162],"uv_size":[0.0246,0.0259]}}},{"origin":[-0.11434,8.75,-3.8188],"size":[2.75,0.25,0.25],"uv":{"down":{"uv":[15.2206,9.3154],"uv_size":[-0.2706,-0.0259]},"east":{"uv":[15.2254,9.2109],"uv_size":[0.0246,0.0259]},"north":{"uv":[15.1794,9.2109],"uv_size":[0.2706,0.0259]},"west":{"uv":[15.1504,9.2109],"uv_size":[0.0246,0.0259]}}},{"origin":[0.13566,8.75,-2.8188],"size":[2.5,0.25,0.25],"uv":{"down":{"uv":[15.196,9.2101],"uv_size":[-0.246,-0.0259]},"east":{"uv":[15.1254,9.2109],"uv_size":[0.0246,0.0259]},"south":{"uv":[14.954,9.2109],"uv_size":[0.246,0.0259]},"west":{"uv":[15.2504,9.2109],"uv_size":[0.0246,0.0259]}}},{"origin":[1.88566,8.5,-3.3188],"size":[0.25,0.25,0.25],"uv":{"down":{"uv":[15.0246,7.5785],"uv_size":[-0.0246,-0.0259]},"east":{"uv":[15.1754,7.5531],"uv_size":[0.0246,0.0259]},"north":{"uv":[15.3754,7.5531],"uv_size":[0.0246,0.0259]},"south":{"uv":[15.0004,7.5531],"uv_size":[0.0246,0.0259]},"west":{"uv":[15.2004,7.5531],"uv_size":[0.0246,0.0259]}}},{"origin":[1.63566,8.25,-3.3188],"size":[0.25,0.25,0.25],"uv":{"east":{"uv":[15.1754,7.5794],"uv_size":[0.0246,0.0259]},"north":{"uv":[15.3504,7.5794],"uv_size":[0.0246,0.0259]},"south":{"uv":[15.0254,7.5794],"uv_size":[0.0246,0.0259]},"up":{"uv":[15.0496,7.6048],"uv_size":[-0.0246,-0.0259]},"west":{"uv":[15.2004,7.5794],"uv_size":[0.0246,0.0259]}}},{"origin":[0.88566,8.25,-3.5688],"size":[0.25,0.25,0.75],"uv":{"down":{"uv":[15.1246,9.2882],"uv_size":[-0.0246,-0.0777]},"east":{"uv":[15.1512,9.2636],"uv_size":[0.0738,0.0259]},"north":{"uv":[15.2754,9.2636],"uv_size":[0.0246,0.0259]},"south":{"uv":[15.1004,9.2636],"uv_size":[0.0246,0.0259]},"up":{"uv":[15.1246,9.3145],"uv_size":[-0.0246,-0.0777]},"west":{"uv":[15.1762,9.2636],"uv_size":[0.0738,0.0259]}}},{"origin":[0.63566,8.5,-3.5688],"size":[0.25,0.25,0.75],"uv":{"down":{"uv":[15.1496,9.2882],"uv_size":[-0.0246,-0.0777]},"east":{"uv":[15.1512,9.2373],"uv_size":[0.0738,0.0259]},"north":{"uv":[15.2504,9.2373],"uv_size":[0.0246,0.0259]},"south":{"uv":[15.1254,9.2373],"uv_size":[0.0246,0.0259]},"west":{"uv":[15.1762,9.2373],"uv_size":[0.0738,0.0259]}}},{"origin":[-0.11434,11,-3.0688],"size":[1,0.25,0.25],"uv":{"south":{"uv":[15.1266,7.2899],"uv_size":[0.0984,0.0259]},"up":{"uv":[15.2234,7.6312],"uv_size":[-0.0984,-0.0259]}}},{"origin":[-0.11434,11.25,-3.3188],"size":[1,0.25,0.25],"uv":{"south":{"uv":[15.1266,7.2636],"uv_size":[0.0984,0.0259]},"up":{"uv":[15.2234,7.6048],"uv_size":[-0.0984,-0.0259]}}},{"origin":[-0.86434,8.25,-3.5688],"size":[1.25,0.25,0.75],"uv":{"down":{"uv":[15.298,9.2882],"uv_size":[-0.123,-0.0777]},"east":{"uv":[15.1512,9.2636],"uv_size":[0.0738,0.0259]},"north":{"uv":[15.102,9.2636],"uv_size":[0.123,0.0259]},"south":{"uv":[15.177,9.2636],"uv_size":[0.123,0.0259]},"up":{"uv":[15.298,9.3145],"uv_size":[-0.123,-0.0777]},"west":{"uv":[15.1762,9.2636],"uv_size":[0.0738,0.0259]}}},{"origin":[0.13566,8.5,-3.8188],"size":[0.25,0.25,1],"uv":{"down":{"uv":[15.1996,9.3141],"uv_size":[-0.0246,-0.1036]},"east":{"uv":[15.1516,9.2373],"uv_size":[0.0984,0.0259]},"north":{"uv":[15.2004,9.2373],"uv_size":[0.0246,0.0259]},"south":{"uv":[15.1754,9.2373],"uv_size":[0.0246,0.0259]},"up":{"uv":[15.1996,9.3141],"uv_size":[-0.0246,-0.1036]},"west":{"uv":[15.1516,9.2373],"uv_size":[0.0984,0.0259]}}},{"origin":[-0.86434,7.75,-3.5688],"size":[1,0.5,0.75],"uv":{"down":{"uv":[15.2984,9.2882],"uv_size":[-0.0984,-0.0777]},"east":{"uv":[15.1512,9.2903],"uv_size":[0.0738,0.0518]},"north":{"uv":[15.1016,9.2903],"uv_size":[0.0984,0.0518]},"south":{"uv":[15.2016,9.2903],"uv_size":[0.0984,0.0518]},"west":{"uv":[15.1762,9.2903],"uv_size":[0.0738,0.0518]}}},{"origin":[-0.61434,8.5,-3.5688],"size":[0.75,0.25,0.75],"uv":{"east":{"uv":[15.1512,9.2373],"uv_size":[0.0738,0.0259]},"north":{"uv":[15.1262,9.2373],"uv_size":[0.0738,0.0259]},"south":{"uv":[15.2012,9.2373],"uv_size":[0.0738,0.0259]}}},{"origin":[-1.36434,7,-3.5688],"size":[1.25,0.25,0.75],"uv":{"down":{"uv":[15.348,9.2882],"uv_size":[-0.123,-0.0777]},"east":{"uv":[15.1512,9.3952],"uv_size":[0.0738,0.0259]},"north":{"uv":[15.052,9.3952],"uv_size":[0.123,0.0259]},"south":{"uv":[15.227,9.3952],"uv_size":[0.123,0.0259]},"up":{"uv":[15.348,9.3145],"uv_size":[-0.123,-0.0777]},"west":{"uv":[15.1762,9.3952],"uv_size":[0.0738,0.0259]}}},{"origin":[-1.11434,7.25,-3.5688],"size":[1,0.5,0.75],"uv":{"east":{"uv":[15.1512,9.3429],"uv_size":[0.0738,0.0518]},"north":{"uv":[15.0766,9.3429],"uv_size":[0.0984,0.0518]},"south":{"uv":[15.2266,9.3429],"uv_size":[0.0984,0.0518]},"up":{"uv":[15.3234,9.3145],"uv_size":[-0.0984,-0.0777]},"west":{"uv":[15.1762,9.3429],"uv_size":[0.0738,0.0518]}}},{"origin":[-0.61434,10.25,-2.5688],"size":[0.5,0.25,0.25],"uv":{"south":{"uv":[15.2258,9.0531],"uv_size":[0.0492,0.0259]},"west":{"uv":[15.2754,9.0531],"uv_size":[0.0246,0.0259]}}},{"origin":[-4.86434,11,-3.0688],"size":[4.75,0.5,0.25],"uv":{"east":{"uv":[15.1504,8.9482],"uv_size":[0.0246,0.0518]},"north":{"uv":[14.7076,8.9482],"uv_size":[0.4674,0.0518]},"south":{"uv":[15.2326,8.9482],"uv_size":[0.4674,0.0518]},"up":{"uv":[15.6924,9.3154],"uv_size":[-0.4674,-0.0259]},"west":{"uv":[15.2254,8.9482],"uv_size":[0.0246,0.0518]}}},{"origin":[-0.61434,11,-2.8188],"size":[0.5,0.25,0.25],"uv":{"south":{"uv":[15.2258,8.9741],"uv_size":[0.0492,0.0259]},"up":{"uv":[15.2742,9.3417],"uv_size":[-0.0492,-0.0259]},"west":{"uv":[15.2504,8.9741],"uv_size":[0.0246,0.0259]}}},{"origin":[-5.11434,11.25,-3.3188],"size":[5,0.25,0.25],"uv":{"down":{"uv":[15.717,9.2627],"uv_size":[-0.492,-0.0259]},"east":{"uv":[15.1754,8.9478],"uv_size":[0.0246,0.0259]},"south":{"uv":[15.233,8.9478],"uv_size":[0.492,0.0259]},"up":{"uv":[15.717,9.2891],"uv_size":[-0.492,-0.0259]}}},{"origin":[-1.61434,6.5,-3.5688],"size":[1.25,0.25,0.75],"uv":{"down":{"uv":[15.373,9.2882],"uv_size":[-0.123,-0.0777]},"east":{"uv":[15.1512,9.4478],"uv_size":[0.0738,0.0259]},"north":{"uv":[15.027,9.4478],"uv_size":[0.123,0.0259]},"south":{"uv":[15.252,9.4478],"uv_size":[0.123,0.0259]},"up":{"uv":[15.373,9.3145],"uv_size":[-0.123,-0.0777]},"west":{"uv":[15.1762,9.4478],"uv_size":[0.0738,0.0259]}}},{"origin":[-1.36434,6.75,-3.5688],"size":[1,0.25,0.75],"uv":{"east":{"uv":[15.1512,9.4215],"uv_size":[0.0738,0.0259]},"north":{"uv":[15.0516,9.4215],"uv_size":[0.0984,0.0259]},"south":{"uv":[15.2516,9.4215],"uv_size":[0.0984,0.0259]},"west":{"uv":[15.1762,9.4215],"uv_size":[0.0738,0.0259]}}},{"origin":[-1.86434,6,-3.5688],"size":[1.25,0.25,0.75],"uv":{"down":{"uv":[15.398,9.2882],"uv_size":[-0.123,-0.0777]},"east":{"uv":[15.1512,9.5004],"uv_size":[0.0738,0.0259]},"north":{"uv":[15.002,9.5004],"uv_size":[0.123,0.0259]},"south":{"uv":[15.277,9.5004],"uv_size":[0.123,0.0259]},"up":{"uv":[15.398,9.3145],"uv_size":[-0.123,-0.0777]},"west":{"uv":[15.1762,9.5004],"uv_size":[0.0738,0.0259]}}},{"origin":[-1.61434,6.25,-3.5688],"size":[1,0.25,0.75],"uv":{"east":{"uv":[15.1512,9.4741],"uv_size":[0.0738,0.0259]},"north":{"uv":[15.0266,9.4741],"uv_size":[0.0984,0.0259]},"south":{"uv":[15.2766,9.4741],"uv_size":[0.0984,0.0259]},"west":{"uv":[15.1762,9.4741],"uv_size":[0.0738,0.0259]}}},{"origin":[-2.11434,9.75,-3.5688],"size":[1.5,0.25,0.75],"uv":{"down":{"uv":[15.4226,5.9198],"uv_size":[-0.1476,-0.0777]},"east":{"uv":[15.1512,5.7373],"uv_size":[0.0738,0.0259]},"north":{"uv":[14.9774,5.7373],"uv_size":[0.1476,0.0259]},"south":{"uv":[15.2774,5.7373],"uv_size":[0.1476,0.0259]},"up":{"uv":[15.4226,5.9461],"uv_size":[-0.1476,-0.0777]},"west":{"uv":[15.1762,5.7373],"uv_size":[0.0738,0.0259]}}},{"origin":[-2.11434,10,-3.8188],"size":[1.5,0.25,0.25],"uv":{"down":{"uv":[15.4226,5.9469],"uv_size":[-0.1476,-0.0259]},"east":{"uv":[15.2254,5.7109],"uv_size":[0.0246,0.0259]},"north":{"uv":[14.9774,5.7109],"uv_size":[0.1476,0.0259]}}},{"origin":[-2.11434,10,-3.5688],"size":[1.5,0.5,0.25],"uv":{"east":{"uv":[15.2004,9.0535],"uv_size":[0.0246,0.0518]},"north":{"uv":[14.9774,9.0535],"uv_size":[0.1476,0.0518]},"south":{"uv":[15.2774,9.0535],"uv_size":[0.1476,0.0518]}}},{"origin":[-2.11434,10,-3.3188],"size":[1.5,0.25,0.5],"uv":{"up":{"uv":[15.4226,9.3149],"uv_size":[-0.1476,-0.0518]},"west":{"uv":[15.2008,9.0794],"uv_size":[0.0492,0.0259]}}},{"origin":[-2.11434,10,-2.8188],"size":[1.5,0.25,0.25],"uv":{"down":{"uv":[15.4226,5.8417],"uv_size":[-0.1476,-0.0259]},"east":{"uv":[15.1254,5.7109],"uv_size":[0.0246,0.0259]},"south":{"uv":[15.2774,5.7109],"uv_size":[0.1476,0.0259]}}},{"origin":[-0.86434,10,-2.5688],"size":[0.25,1,0.25],"uv":{"down":{"uv":[15.2996,5.8154],"uv_size":[-0.0246,-0.0259]},"east":{"uv":[15.1004,5.6333],"uv_size":[0.0246,0.1036]},"north":{"uv":[15.1004,5.6333],"uv_size":[0.0246,0.1036]},"south":{"uv":[15.2754,5.6333],"uv_size":[0.0246,0.1036]},"up":{"uv":[15.2996,5.9996],"uv_size":[-0.0246,-0.0259]},"west":{"uv":[15.2754,5.6333],"uv_size":[0.0246,0.1036]}}},{"origin":[-2.11434,10.25,-4.0688],"size":[1.5,0.75,0.25],"uv":{"down":{"uv":[15.4226,5.9733],"uv_size":[-0.1476,-0.0259]},"east":{"uv":[15.2504,5.6328],"uv_size":[0.0246,0.0777]},"north":{"uv":[14.9774,5.6328],"uv_size":[0.1476,0.0777]},"south":{"uv":[15.2774,5.6328],"uv_size":[0.1476,0.0777]},"up":{"uv":[15.4226,5.8417],"uv_size":[-0.1476,-0.0259]}}},{"origin":[-3.36434,10.25,-3.0688],"size":[2.75,0.25,0.25],"uv":{"down":{"uv":[15.5456,9.2364],"uv_size":[-0.2706,-0.0259]},"north":{"uv":[14.8544,9.0531],"uv_size":[0.2706,0.0259]},"south":{"uv":[15.2794,9.0531],"uv_size":[0.2706,0.0259]},"up":{"uv":[15.5456,9.3154],"uv_size":[-0.2706,-0.0259]}}},{"origin":[-5.11434,11,-3.8188],"size":[4.5,0.25,0.25],"uv":{"down":{"uv":[15.7178,5.9469],"uv_size":[-0.4428,-0.0259]},"east":{"uv":[15.2254,5.6057],"uv_size":[0.0246,0.0259]},"north":{"uv":[14.6822,5.6057],"uv_size":[0.4428,0.0259]},"south":{"uv":[15.2822,5.6057],"uv_size":[0.4428,0.0259]},"up":{"uv":[15.7178,5.868],"uv_size":[-0.4428,-0.0259]}}},{"origin":[-5.11434,11,-2.8188],"size":[4.5,0.25,0.25],"uv":{"down":{"uv":[15.7178,5.8417],"uv_size":[-0.4428,-0.0259]},"east":{"uv":[15.1254,5.6057],"uv_size":[0.0246,0.0259]},"north":{"uv":[14.6822,5.6057],"uv_size":[0.4428,0.0259]},"south":{"uv":[15.2822,5.6057],"uv_size":[0.4428,0.0259]},"up":{"uv":[15.7178,5.9733],"uv_size":[-0.4428,-0.0259]}}},{"origin":[-1.36434,5.5,-3.5688],"size":[0.5,0.5,0.75],"uv":{"down":{"uv":[15.3492,9.2882],"uv_size":[-0.0492,-0.0777]},"east":{"uv":[15.1512,9.5272],"uv_size":[0.0738,0.0518]},"north":{"uv":[15.0508,9.5272],"uv_size":[0.0492,0.0518]},"south":{"uv":[15.3008,9.5272],"uv_size":[0.0492,0.0518]},"west":{"uv":[15.1762,9.5272],"uv_size":[0.0738,0.0518]}}},{"origin":[-2.11434,10.25,-2.5688],"size":[1.25,0.75,0.25],"uv":{"down":{"uv":[15.423,5.8154],"uv_size":[-0.123,-0.0259]},"east":{"uv":[15.1004,5.6328],"uv_size":[0.0246,0.0777]},"north":{"uv":[14.977,5.6328],"uv_size":[0.123,0.0777]},"south":{"uv":[15.302,5.6328],"uv_size":[0.123,0.0777]},"up":{"uv":[15.423,5.9996],"uv_size":[-0.123,-0.0259]}}},{"origin":[-1.61434,5.75,-3.5688],"size":[0.25,0.25,0.75],"uv":{"down":{"uv":[15.3746,9.2882],"uv_size":[-0.0246,-0.0777]},"east":{"uv":[15.1512,9.5267],"uv_size":[0.0738,0.0259]},"north":{"uv":[15.0254,9.5267],"uv_size":[0.0246,0.0259]},"south":{"uv":[15.3504,9.5267],"uv_size":[0.0246,0.0259]}}},{"origin":[-3.36434,10,-3.5688],"size":[1.25,0.25,0.75],"uv":{"down":{"uv":[15.548,5.9198],"uv_size":[-0.123,-0.0777]},"east":{"uv":[15.1512,5.7109],"uv_size":[0.0738,0.0259]},"north":{"uv":[14.852,5.7109],"uv_size":[0.123,0.0259]},"south":{"uv":[15.427,5.7109],"uv_size":[0.123,0.0259]},"up":{"uv":[15.548,5.9461],"uv_size":[-0.123,-0.0777]},"west":{"uv":[15.1762,5.7109],"uv_size":[0.0738,0.0259]}}},{"origin":[-3.36434,10.25,-3.8188],"size":[1.25,0.25,0.25],"uv":{"down":{"uv":[15.548,5.9469],"uv_size":[-0.123,-0.0259]},"east":{"uv":[15.2254,5.6846],"uv_size":[0.0246,0.0259]},"north":{"uv":[14.852,5.6846],"uv_size":[0.123,0.0259]}}},{"origin":[-3.36434,10.25,-3.5688],"size":[1.25,0.25,0.25],"uv":{"south":{"uv":[15.427,9.0531],"uv_size":[0.123,0.0259]},"up":{"uv":[15.548,9.2627],"uv_size":[-0.123,-0.0259]}}},{"origin":[-3.36434,10.25,-2.8188],"size":[1.25,0.25,0.25],"uv":{"down":{"uv":[15.548,5.8417],"uv_size":[-0.123,-0.0259]},"east":{"uv":[15.1254,5.6846],"uv_size":[0.0246,0.0259]},"south":{"uv":[15.427,5.6846],"uv_size":[0.123,0.0259]}}},{"origin":[-3.36434,10.5,-4.0688],"size":[1.25,0.5,0.25],"uv":{"down":{"uv":[15.548,5.9733],"uv_size":[-0.123,-0.0259]},"east":{"uv":[15.2504,5.6324],"uv_size":[0.0246,0.0518]},"north":{"uv":[14.852,5.6324],"uv_size":[0.123,0.0518]},"south":{"uv":[15.427,5.6324],"uv_size":[0.123,0.0518]},"up":{"uv":[15.548,5.8417],"uv_size":[-0.123,-0.0259]}}},{"origin":[-3.36434,10.5,-3.8188],"size":[1.25,0.25,0.25],"uv":{"south":{"uv":[15.427,9.0267],"uv_size":[0.123,0.0259]}}},{"origin":[-3.36434,10.5,-2.8188],"size":[1.25,0.25,0.25],"uv":{"north":{"uv":[14.852,9.0267],"uv_size":[0.123,0.0259]}}},{"origin":[-3.36434,10.5,-2.5688],"size":[1.25,0.5,0.25],"uv":{"down":{"uv":[15.548,5.8154],"uv_size":[-0.123,-0.0259]},"east":{"uv":[15.1004,5.6324],"uv_size":[0.0246,0.0518]},"north":{"uv":[14.852,5.6324],"uv_size":[0.123,0.0518]},"south":{"uv":[15.427,5.6324],"uv_size":[0.123,0.0518]},"up":{"uv":[15.548,5.9996],"uv_size":[-0.123,-0.0259]}}},{"origin":[-2.36434,11.25,-4.0688],"size":[0.25,0.25,0.5],"uv":{"down":{"uv":[15.4496,9.3413],"uv_size":[-0.0246,-0.0518]},"east":{"uv":[15.2258,8.9478],"uv_size":[0.0492,0.0259]},"north":{"uv":[14.9504,8.9478],"uv_size":[0.0246,0.0259]},"up":{"uv":[15.4496,9.236],"uv_size":[-0.0246,-0.0518]},"west":{"uv":[15.1258,8.9478],"uv_size":[0.0492,0.0259]}}},{"origin":[-2.86434,10.5,-3.3188],"size":[0.25,0.25,0.25],"uv":{"east":{"uv":[15.1754,3.9741],"uv_size":[0.0246,0.0259]}}},{"origin":[-4.86434,10.75,-3.3188],"size":[2.25,0.5,0.25],"uv":{"down":{"uv":[15.6964,9.2627],"uv_size":[-0.2214,-0.0259]},"east":{"uv":[15.1754,8.9745],"uv_size":[0.0246,0.0518]},"north":{"uv":[14.7036,8.9745],"uv_size":[0.2214,0.0518]},"south":{"uv":[15.4786,8.9745],"uv_size":[0.2214,0.0518]}}},{"origin":[-3.36434,10.25,-3.3188],"size":[0.5,0.25,0.25],"uv":{"up":{"uv":[15.5492,9.2891],"uv_size":[-0.0492,-0.0259]}}},{"origin":[-4.36434,10.5,-3.5688],"size":[1.5,0.25,0.25],"uv":{"down":{"uv":[15.6476,9.2891],"uv_size":[-0.1476,-0.0259]},"north":{"uv":[14.7524,9.0267],"uv_size":[0.1476,0.0259]},"south":{"uv":[15.5024,9.0267],"uv_size":[0.1476,0.0259]}}},{"origin":[-4.36434,10.5,-3.0688],"size":[1.5,0.25,0.25],"uv":{"down":{"uv":[15.6476,9.2364],"uv_size":[-0.1476,-0.0259]},"north":{"uv":[14.7524,9.0267],"uv_size":[0.1476,0.0259]},"south":{"uv":[15.5024,9.0267],"uv_size":[0.1476,0.0259]}}},{"origin":[-4.36434,10.25,-3.5688],"size":[1,0.25,0.75],"uv":{"down":{"uv":[15.6484,5.9198],"uv_size":[-0.0984,-0.0777]},"east":{"uv":[15.1512,5.6846],"uv_size":[0.0738,0.0259]},"north":{"uv":[14.7516,5.6846],"uv_size":[0.0984,0.0259]},"south":{"uv":[15.5516,5.6846],"uv_size":[0.0984,0.0259]},"up":{"uv":[15.6484,5.9461],"uv_size":[-0.0984,-0.0777]},"west":{"uv":[15.1762,5.6846],"uv_size":[0.0738,0.0259]}}},{"origin":[-5.11434,10.5,-3.8188],"size":[1.75,0.25,0.25],"uv":{"down":{"uv":[15.7222,5.9469],"uv_size":[-0.1722,-0.0259]},"east":{"uv":[15.2254,5.6583],"uv_size":[0.0246,0.0259]},"north":{"uv":[14.6778,5.6583],"uv_size":[0.1722,0.0259]},"south":{"uv":[15.5528,5.6583],"uv_size":[0.1722,0.0259]},"up":{"uv":[15.7222,5.868],"uv_size":[-0.1722,-0.0259]}}},{"origin":[-5.11434,10.5,-2.8188],"size":[1.75,0.25,0.25],"uv":{"down":{"uv":[15.7222,5.8417],"uv_size":[-0.1722,-0.0259]},"east":{"uv":[15.1254,5.6583],"uv_size":[0.0246,0.0259]},"north":{"uv":[14.6778,5.6583],"uv_size":[0.1722,0.0259]},"south":{"uv":[15.5528,5.6583],"uv_size":[0.1722,0.0259]},"up":{"uv":[15.7222,5.9733],"uv_size":[-0.1722,-0.0259]}}},{"origin":[-5.11434,10.75,-4.0688],"size":[1.75,0.25,0.25],"uv":{"down":{"uv":[15.7222,5.9733],"uv_size":[-0.1722,-0.0259]},"east":{"uv":[15.2504,5.632],"uv_size":[0.0246,0.0259]},"north":{"uv":[14.6778,5.632],"uv_size":[0.1722,0.0259]},"south":{"uv":[15.5528,5.632],"uv_size":[0.1722,0.0259]},"up":{"uv":[15.7222,5.8417],"uv_size":[-0.1722,-0.0259]}}},{"origin":[-5.11434,10.75,-2.5688],"size":[1.75,0.25,0.25],"uv":{"down":{"uv":[15.7222,5.8154],"uv_size":[-0.1722,-0.0259]},"east":{"uv":[15.1004,5.632],"uv_size":[0.0246,0.0259]},"north":{"uv":[14.6778,5.632],"uv_size":[0.1722,0.0259]},"south":{"uv":[15.5528,5.632],"uv_size":[0.1722,0.0259]},"up":{"uv":[15.7222,5.9996],"uv_size":[-0.1722,-0.0259]}}},{"origin":[-4.36434,10.5,-3.3188],"size":[0.5,0.25,0.25],"uv":{"west":{"uv":[15.2004,9.0267],"uv_size":[0.0246,0.0259]}}},{"origin":[-5.11434,10.5,-3.5688],"size":[0.75,0.25,0.75],"uv":{"down":{"uv":[15.7238,5.9198],"uv_size":[-0.0738,-0.0777]},"east":{"uv":[15.1512,5.6583],"uv_size":[0.0738,0.0259]},"up":{"uv":[15.7238,5.9461],"uv_size":[-0.0738,-0.0777]},"west":{"uv":[15.1762,5.6583],"uv_size":[0.0738,0.0259]}}},{"origin":[-5.11434,11.5,-3.3188],"size":[0.5,0.25,0.25],"uv":{"east":{"uv":[15.1754,8.9215],"uv_size":[0.0246,0.0259]},"north":{"uv":[14.6758,8.9215],"uv_size":[0.0492,0.0259]},"south":{"uv":[15.6758,8.9215],"uv_size":[0.0492,0.0259]},"up":{"uv":[15.7242,9.2891],"uv_size":[-0.0492,-0.0259]},"west":{"uv":[15.2004,8.9215],"uv_size":[0.0246,0.0259]}}},{"origin":[-5.11434,11.75,-3.5688],"size":[0.5,0.5,0.25],"uv":{"down":{"uv":[15.7242,9.2891],"uv_size":[-0.0492,-0.0259]},"east":{"uv":[15.2004,8.8693],"uv_size":[0.0246,0.0518]},"north":{"uv":[14.6758,8.8693],"uv_size":[0.0492,0.0518]},"south":{"uv":[15.6758,8.8693],"uv_size":[0.0492,0.0518]},"up":{"uv":[15.7242,9.2627],"uv_size":[-0.0492,-0.0259]},"west":{"uv":[15.1754,8.8693],"uv_size":[0.0246,0.0518]}}},{"origin":[-5.11434,11.75,-3.0688],"size":[0.5,0.5,0.25],"uv":{"down":{"uv":[15.7242,9.2364],"uv_size":[-0.0492,-0.0259]},"east":{"uv":[15.1504,8.8693],"uv_size":[0.0246,0.0518]},"north":{"uv":[14.6758,8.8693],"uv_size":[0.0492,0.0518]},"south":{"uv":[15.6758,8.8693],"uv_size":[0.0492,0.0518]},"up":{"uv":[15.7242,9.3154],"uv_size":[-0.0492,-0.0259]},"west":{"uv":[15.2254,8.8693],"uv_size":[0.0246,0.0518]}}},{"origin":[-5.11434,12.25,-3.3188],"size":[0.5,0.25,0.25],"uv":{"down":{"uv":[15.7242,9.2627],"uv_size":[-0.0492,-0.0259]},"east":{"uv":[15.1754,8.8425],"uv_size":[0.0246,0.0259]},"north":{"uv":[14.6758,8.8425],"uv_size":[0.0492,0.0259]},"south":{"uv":[15.6758,8.8425],"uv_size":[0.0492,0.0259]},"up":{"uv":[15.7242,9.2891],"uv_size":[-0.0492,-0.0259]},"west":{"uv":[15.2004,8.8425],"uv_size":[0.0246,0.0259]}}},{"origin":[-5.11434,10.75,-3.8188],"size":[0.25,0.25,0.25],"uv":{"east":{"uv":[15.2254,5.632],"uv_size":[0.0246,0.0259]}}},{"origin":[-5.11434,10.75,-3.3188],"size":[0.25,0.25,0.25],"uv":{"east":{"uv":[15.1754,3.9478],"uv_size":[0.0246,0.0259]}}},{"origin":[-5.11434,10.75,-2.8188],"size":[0.25,0.25,0.25],"uv":{"east":{"uv":[15.1254,5.632],"uv_size":[0.0246,0.0259]}}},{"origin":[-5.11434,11,-3.5688],"size":[0.25,0.25,0.25],"uv":{"east":{"uv":[15.2004,5.6057],"uv_size":[0.0246,0.0259]}}},{"origin":[-5.86434,11,-3.3188],"size":[1,0.25,0.25],"uv":{"down":{"uv":[15.7984,9.2627],"uv_size":[-0.0984,-0.0259]},"east":{"uv":[15.1754,8.9741],"uv_size":[0.0246,0.0259]},"north":{"uv":[14.6016,8.9741],"uv_size":[0.0984,0.0259]},"south":{"uv":[15.7016,8.9741],"uv_size":[0.0984,0.0259]},"up":{"uv":[15.7984,9.2891],"uv_size":[-0.0984,-0.0259]}}},{"origin":[-5.11434,11,-3.0688],"size":[0.25,0.25,0.25],"uv":{"east":{"uv":[15.1504,5.6057],"uv_size":[0.0246,0.0259]}}},{"origin":[-5.11434,11.25,-3.0688],"size":[0.25,0.25,0.25],"uv":{"east":{"uv":[15.1504,8.9478],"uv_size":[0.0246,0.0259]},"south":{"uv":[15.7004,8.9478],"uv_size":[0.0246,0.0259]},"up":{"uv":[15.7246,9.3154],"uv_size":[-0.0246,-0.0259]}}},{"origin":[-5.86434,10.5,-3.3188],"size":[0.75,0.25,0.25],"uv":{"down":{"uv":[15.7988,9.2627],"uv_size":[-0.0738,-0.0259]},"east":{"uv":[15.1754,9.0267],"uv_size":[0.0246,0.0259]},"north":{"uv":[14.6012,9.0267],"uv_size":[0.0738,0.0259]},"south":{"uv":[15.7262,9.0267],"uv_size":[0.0738,0.0259]},"up":{"uv":[15.7988,9.2891],"uv_size":[-0.0738,-0.0259]}}}],"name":"geyser_custom_z","parent":"geyser_custom_y","pivot":[-0.02907,9.93217,-3.16473],"rotation":[0,-90,0]}],"description":{"identifier":"geometry.geyser_custom.geo_ad3fc32","texture_height":16,"texture_width":16,"visible_bounds_height":4.5,"visible_bounds_offset":[0,0.75,0],"visible_bounds_width":4}}]}