{"format_version":"1.16.0","minecraft:geometry":[{"bones":[{"name":"root","pivot":[0,0,0]},{"name":"waist","parent":"root","pivot":[0,12,0]},{"name":"body","parent":"waist","pivot":[0,24,0]},{"cubes":[{"origin":[-8,12,-2],"size":[4,12,4],"uv":[40,16]}],"name":"rightArm","parent":"body","pivot":[-5,22,0]},{"locators":{"lead_hold":[-6,15,1]},"name":"rightItem","parent":"rightArm","pivot":[-6,15,1]},{"binding":"c.item_slot == 'head' ? 'head' : q.item_slot_to_bone_name(c.item_slot)","name":"geyser_custom","parent":"rightItem","pivot":[0,8,0]},{"name":"geyser_custom_x","parent":"geyser_custom","pivot":[0,8,0]},{"name":"geyser_custom_y","parent":"geyser_custom_x","pivot":[0,8,0]},{"cubes":[{"origin":[5.96906,5.375,-0.03589],"size":[1.125,3,0.75],"uv":{"down":{"uv":[15.8232,5.8145],"uv_size":[-0.1107,-0.0777]},"north":{"uv":[14.5768,5.8603],"uv_size":[0.1107,0.3107]},"south":{"uv":[15.7143,5.8603],"uv_size":[0.1107,0.3107]},"up":{"uv":[15.8232,6.0514],"uv_size":[-0.1107,-0.0777]},"west":{"uv":[15.2762,5.8603],"uv_size":[0.0738,0.3107]}}},{"origin":[6.34406,8.375,-0.03589],"size":[0.75,0.75,0.75],"uv":{"east":{"uv":[15.0512,5.7776],"uv_size":[0.0738,0.0777]},"north":{"uv":[14.6137,5.7776],"uv_size":[0.0738,0.0777]},"south":{"uv":[15.7137,5.7776],"uv_size":[0.0738,0.0777]},"up":{"uv":[15.7863,6.0514],"uv_size":[-0.0738,-0.0777]},"west":{"uv":[15.2762,5.7776],"uv_size":[0.0738,0.0777]}}},{"origin":[5.96906,5.75,-0.41089],"size":[0.75,1.5,0.375],"uv":{"down":{"uv":[15.8238,5.8546],"uv_size":[-0.0738,-0.0388]},"north":{"uv":[14.5762,5.9762],"uv_size":[0.0738,0.1554]},"up":{"uv":[15.8238,5.9731],"uv_size":[-0.0738,-0.0388]},"west":{"uv":[15.2381,5.9762],"uv_size":[0.0369,0.1554]}}},{"origin":[5.96906,5.75,0.71411],"size":[0.75,1.5,0.375],"uv":{"down":{"uv":[15.8238,5.7362],"uv_size":[-0.0738,-0.0388]},"south":{"uv":[15.7512,5.9762],"uv_size":[0.0738,0.1554]},"up":{"uv":[15.8238,6.0915],"uv_size":[-0.0738,-0.0388]},"west":{"uv":[15.3506,5.9762],"uv_size":[0.0369,0.1554]}}},{"origin":[6.34406,7.25,-0.41089],"size":[0.375,1.875,0.375],"uv":{"east":{"uv":[15.1256,5.7795],"uv_size":[0.0369,0.1942]},"north":{"uv":[14.6131,5.7795],"uv_size":[0.0369,0.1942]},"south":{"uv":[15.7506,5.7795],"uv_size":[0.0369,0.1942]},"up":{"uv":[15.7869,5.9731],"uv_size":[-0.0369,-0.0388]},"west":{"uv":[15.2381,5.7795],"uv_size":[0.0369,0.1942]}}},{"origin":[6.34406,7.25,0.71411],"size":[0.375,1.875,0.375],"uv":{"east":{"uv":[15.0131,5.7795],"uv_size":[0.0369,0.1942]},"north":{"uv":[14.6131,5.7795],"uv_size":[0.0369,0.1942]},"south":{"uv":[15.7506,5.7795],"uv_size":[0.0369,0.1942]},"up":{"uv":[15.7869,6.0915],"uv_size":[-0.0369,-0.0388]},"west":{"uv":[15.3506,5.7795],"uv_size":[0.0369,0.1942]}}},{"origin":[2.21906,7.25,-0.41089],"size":[4.125,1.5,0.375],"uv":{"down":{"uv":[12.9968,7.5388],"uv_size":[-0.1968,-0.0388]},"east":{"uv":[13.5256,7.5025],"uv_size":[0.0369,0.1554]},"north":{"uv":[14.2032,7.5025],"uv_size":[0.1968,0.1554]},"south":{"uv":[12.8032,7.5025],"uv_size":[0.1968,0.1554]},"up":{"uv":[12.9968,7.6573],"uv_size":[-0.1968,-0.0388]}}},{"origin":[2.21906,7.25,0.71411],"size":[4.125,1.5,0.375],"uv":{"down":{"uv":[12.9968,7.4204],"uv_size":[-0.1968,-0.0388]},"east":{"uv":[13.4131,7.5025],"uv_size":[0.0369,0.1554]},"north":{"uv":[14.2032,7.5025],"uv_size":[0.1968,0.1554]},"south":{"uv":[12.8032,7.5025],"uv_size":[0.1968,0.1554]},"up":{"uv":[12.9968,7.7757],"uv_size":[-0.1968,-0.0388]}}},{"origin":[-10.90594,8.375,-0.03589],"size":[17.25,0.375,0.75],"uv":{"down":{"uv":[14.2965,7.4987],"uv_size":[-1.4965,-0.0777]},"north":{"uv":[12.9035,7.5006],"uv_size":[1.4965,0.0388]},"south":{"uv":[12.816,7.5006],"uv_size":[1.4965,0.0388]},"up":{"uv":[14.2965,7.7356],"uv_size":[-1.4965,-0.0777]}}},{"origin":[4.84406,5.375,-0.03589],"size":[1.125,3,0.75],"uv":{"down":{"uv":[14.3357,7.4987],"uv_size":[-0.1107,-0.0777]},"east":{"uv":[13.4512,7.5445],"uv_size":[0.0738,0.3107]},"north":{"uv":[12.8643,7.5445],"uv_size":[0.1107,0.3107]},"south":{"uv":[14.2268,7.5445],"uv_size":[0.1107,0.3107]}}},{"origin":[4.84406,5.75,-0.41089],"size":[1.125,1.5,0.375],"uv":{"down":{"uv":[14.3357,7.5388],"uv_size":[-0.1107,-0.0388]},"east":{"uv":[13.5256,7.6604],"uv_size":[0.0369,0.1554]},"north":{"uv":[12.8643,7.6604],"uv_size":[0.1107,0.1554]}}},{"origin":[4.84406,5.75,0.71411],"size":[1.125,1.5,0.375],"uv":{"down":{"uv":[14.3357,7.4204],"uv_size":[-0.1107,-0.0388]},"east":{"uv":[13.4131,7.6604],"uv_size":[0.0369,0.1554]},"south":{"uv":[14.2268,7.6604],"uv_size":[0.1107,0.1554]}}},{"origin":[4.09406,7.625,-0.78589],"size":[1.875,1.125,0.375],"uv":{"down":{"uv":[14.4123,5.8941],"uv_size":[-0.0123,-0.0388]},"east":{"uv":[15.1631,5.8177],"uv_size":[0.0369,0.1165]},"north":{"uv":[15.9877,5.8177],"uv_size":[0.0123,0.1165]},"up":{"uv":[14.4123,5.9336],"uv_size":[-0.0123,-0.0388]},"west":{"uv":[15.2006,5.8177],"uv_size":[0.0369,0.1165]}}},{"origin":[4.09406,7.625,1.08911],"size":[1.875,1.125,0.375],"uv":{"down":{"uv":[14.4123,5.6967],"uv_size":[-0.0123,-0.0388]},"east":{"uv":[14.9756,5.8177],"uv_size":[0.0369,0.1165]},"south":{"uv":[14.4002,5.8177],"uv_size":[0.0123,0.1165]},"up":{"uv":[14.4123,6.1309],"uv_size":[-0.0123,-0.0388]},"west":{"uv":[15.3881,5.8177],"uv_size":[0.0369,0.1165]}}},{"origin":[2.96906,8.75,-0.41089],"size":[3,0.375,1.5],"uv":{"down":{"uv":[14.523,5.8527],"uv_size":[-0.123,-0.1554]},"east":{"uv":[15.0149,5.7769],"uv_size":[0.1476,0.0388]},"north":{"uv":[15.877,5.7769],"uv_size":[0.123,0.0388]},"south":{"uv":[14.402,5.7769],"uv_size":[0.123,0.0388]},"up":{"uv":[14.523,6.0896],"uv_size":[-0.123,-0.1554]},"west":{"uv":[15.2399,5.7769],"uv_size":[0.1476,0.0388]}}},{"origin":[4.46906,5.75,-0.03589],"size":[0.375,2.625,0.75],"uv":{"down":{"uv":[14.3744,7.4987],"uv_size":[-0.0369,-0.0777]},"east":{"uv":[13.4512,7.5439],"uv_size":[0.0738,0.2719]},"north":{"uv":[12.8256,7.5439],"uv_size":[0.0369,0.2719]},"south":{"uv":[14.3381,7.5439],"uv_size":[0.0369,0.2719]}}},{"origin":[4.46906,6.125,-0.41089],"size":[0.375,1.125,0.375],"uv":{"down":{"uv":[14.3744,7.5388],"uv_size":[-0.0369,-0.0388]},"east":{"uv":[13.5256,7.6598],"uv_size":[0.0369,0.1165]},"north":{"uv":[12.8256,7.6598],"uv_size":[0.0369,0.1165]}}},{"origin":[4.46906,6.125,0.71411],"size":[0.375,1.125,0.375],"uv":{"down":{"uv":[14.3744,7.4204],"uv_size":[-0.0369,-0.0388]},"east":{"uv":[13.4131,7.6598],"uv_size":[0.0369,0.1165]},"south":{"uv":[14.3381,7.6598],"uv_size":[0.0369,0.1165]}}},{"origin":[-0.03094,6.125,-0.03589],"size":[4.5,0.75,0.75],"uv":{"down":{"uv":[13.2182,7.4987],"uv_size":[-0.4182,-0.0777]},"east":{"uv":[13.4512,7.6986],"uv_size":[0.0738,0.0777]},"north":{"uv":[13.9818,7.6986],"uv_size":[0.4182,0.0777]},"south":{"uv":[12.8068,7.6986],"uv_size":[0.4182,0.0777]},"up":{"uv":[13.2182,7.7356],"uv_size":[-0.4182,-0.0777]}}},{"origin":[1.84406,6.5,-0.41089],"size":[2.625,0.375,0.375],"uv":{"down":{"uv":[13.0337,7.5388],"uv_size":[-0.2337,-0.0388]},"east":{"uv":[13.5256,7.698],"uv_size":[0.0369,0.0388]},"north":{"uv":[14.1663,7.698],"uv_size":[0.2337,0.0388]},"up":{"uv":[13.0337,7.6573],"uv_size":[-0.2337,-0.0388]}}},{"origin":[1.84406,6.5,0.71411],"size":[2.625,0.375,0.375],"uv":{"down":{"uv":[13.0337,7.4204],"uv_size":[-0.2337,-0.0388]},"east":{"uv":[13.4131,7.698],"uv_size":[0.0369,0.0388]},"south":{"uv":[12.8038,7.698],"uv_size":[0.2337,0.0388]},"up":{"uv":[13.0337,7.7757],"uv_size":[-0.2337,-0.0388]}}},{"origin":[2.21906,6.875,-0.41089],"size":[2.25,0.375,1.5],"uv":{"down":{"uv":[12.9968,7.5369],"uv_size":[-0.1968,-0.1554]},"east":{"uv":[13.4149,7.6585],"uv_size":[0.1476,0.0388]},"north":{"uv":[14.2032,7.6585],"uv_size":[0.1968,0.0388]},"south":{"uv":[12.8032,7.6585],"uv_size":[0.1968,0.0388]},"up":{"uv":[12.9968,7.7738],"uv_size":[-0.1968,-0.1554]},"west":{"uv":[13.6399,7.6585],"uv_size":[0.1476,0.0388]}}},{"origin":[1.84406,7.25,-0.03589],"size":[2.625,1.125,0.75],"uv":{"down":{"uv":[13.0337,7.4987],"uv_size":[-0.2337,-0.0777]},"east":{"uv":[13.4512,7.5414],"uv_size":[0.0738,0.1165]},"north":{"uv":[14.1663,7.5414],"uv_size":[0.2337,0.1165]},"south":{"uv":[12.8038,7.5414],"uv_size":[0.2337,0.1165]}}},{"origin":[3.71906,8,-0.78589],"size":[0.375,0.75,0.375],"uv":{"down":{"uv":[14.4494,5.8941],"uv_size":[-0.0369,-0.0388]},"east":{"uv":[15.1631,5.8171],"uv_size":[0.0369,0.0777]},"north":{"uv":[15.9506,5.8171],"uv_size":[0.0369,0.0777]},"up":{"uv":[14.4494,5.9336],"uv_size":[-0.0369,-0.0388]}}},{"origin":[3.71906,8,1.08911],"size":[0.375,0.75,0.375],"uv":{"down":{"uv":[14.4494,5.6967],"uv_size":[-0.0369,-0.0388]},"east":{"uv":[14.9756,5.8171],"uv_size":[0.0369,0.0777]},"south":{"uv":[14.4131,5.8171],"uv_size":[0.0369,0.0777]},"up":{"uv":[14.4494,6.1309],"uv_size":[-0.0369,-0.0388]}}},{"origin":[3.34406,8.375,-0.78589],"size":[0.375,0.375,0.375],"uv":{"down":{"uv":[14.4869,5.8941],"uv_size":[-0.0369,-0.0388]},"east":{"uv":[15.1631,5.8164],"uv_size":[0.0369,0.0388]},"north":{"uv":[15.9131,5.8164],"uv_size":[0.0369,0.0388]},"up":{"uv":[14.4869,5.9336],"uv_size":[-0.0369,-0.0388]}}},{"origin":[3.34406,8.375,1.08911],"size":[0.375,0.375,0.375],"uv":{"down":{"uv":[14.4869,5.6967],"uv_size":[-0.0369,-0.0388]},"east":{"uv":[14.9756,5.8164],"uv_size":[0.0369,0.0388]},"south":{"uv":[14.4506,5.8164],"uv_size":[0.0369,0.0388]},"up":{"uv":[14.4869,6.1309],"uv_size":[-0.0369,-0.0388]}}},{"origin":[-0.03094,5.75,-0.03589],"size":[2.625,0.375,0.75],"uv":{"down":{"uv":[13.2208,7.4987],"uv_size":[-0.2583,-0.0777]},"east":{"uv":[13.4512,7.7769],"uv_size":[0.0738,0.0388]},"north":{"uv":[13.9792,7.7769],"uv_size":[0.2583,0.0388]},"south":{"uv":[12.9667,7.7769],"uv_size":[0.2583,0.0388]},"west":{"uv":[13.6762,7.7769],"uv_size":[0.0738,0.0388]}}},{"origin":[0.34406,6.125,-0.41089],"size":[2.25,0.375,0.375],"uv":{"down":{"uv":[13.1839,7.5388],"uv_size":[-0.2214,-0.0388]},"east":{"uv":[13.5256,7.7375],"uv_size":[0.0369,0.0388]},"north":{"uv":[14.0161,7.7375],"uv_size":[0.2214,0.0388]},"up":{"uv":[13.1839,7.6573],"uv_size":[-0.2214,-0.0388]},"west":{"uv":[13.6381,7.7375],"uv_size":[0.0369,0.0388]}}},{"origin":[0.34406,6.125,0.71411],"size":[2.25,0.375,0.375],"uv":{"down":{"uv":[13.1839,7.4204],"uv_size":[-0.2214,-0.0388]},"east":{"uv":[13.4131,7.7375],"uv_size":[0.0369,0.0388]},"south":{"uv":[12.9661,7.7375],"uv_size":[0.2214,0.0388]},"up":{"uv":[13.1839,7.7757],"uv_size":[-0.2214,-0.0388]},"west":{"uv":[13.7506,7.7375],"uv_size":[0.0369,0.0388]}}},{"origin":[0.34406,5.375,-0.03589],"size":[1.875,0.375,0.75],"uv":{"down":{"uv":[13.1845,7.4987],"uv_size":[-0.1845,-0.0777]},"east":{"uv":[13.4512,7.8164],"uv_size":[0.0738,0.0388]},"north":{"uv":[14.0155,7.8164],"uv_size":[0.1845,0.0388]},"south":{"uv":[13.003,7.8164],"uv_size":[0.1845,0.0388]},"west":{"uv":[13.6762,7.8164],"uv_size":[0.0738,0.0388]}}},{"origin":[0.34406,5.75,-0.41089],"size":[1.875,0.375,0.375],"uv":{"down":{"uv":[13.1845,7.5388],"uv_size":[-0.1845,-0.0388]},"east":{"uv":[13.5256,7.7769],"uv_size":[0.0369,0.0388]},"north":{"uv":[14.0155,7.7769],"uv_size":[0.1845,0.0388]},"west":{"uv":[13.6381,7.7769],"uv_size":[0.0369,0.0388]}}},{"origin":[0.34406,5.75,0.71411],"size":[1.875,0.375,0.375],"uv":{"down":{"uv":[13.1845,7.4204],"uv_size":[-0.1845,-0.0388]},"east":{"uv":[13.4131,7.7769],"uv_size":[0.0369,0.0388]},"south":{"uv":[13.003,7.7769],"uv_size":[0.1845,0.0388]},"west":{"uv":[13.7506,7.7769],"uv_size":[0.0369,0.0388]}}},{"origin":[1.84406,6.875,-0.03589],"size":[0.375,0.375,0.75],"uv":{"east":{"uv":[13.4512,7.6585],"uv_size":[0.0738,0.0388]},"north":{"uv":[14.1631,7.6585],"uv_size":[0.0369,0.0388]},"south":{"uv":[13.0006,7.6585],"uv_size":[0.0369,0.0388]}}},{"origin":[1.84406,7.625,-0.41089],"size":[0.375,1.125,0.375],"uv":{"down":{"uv":[13.0369,7.5388],"uv_size":[-0.0369,-0.0388]},"east":{"uv":[13.5256,7.5019],"uv_size":[0.0369,0.1165]},"north":{"uv":[14.1631,7.5019],"uv_size":[0.0369,0.1165]},"south":{"uv":[13.0006,7.5019],"uv_size":[0.0369,0.1165]},"up":{"uv":[13.0369,7.6573],"uv_size":[-0.0369,-0.0388]}}},{"origin":[1.84406,7.625,0.71411],"size":[0.375,1.125,0.375],"uv":{"down":{"uv":[13.0369,7.4204],"uv_size":[-0.0369,-0.0388]},"east":{"uv":[13.4131,7.5019],"uv_size":[0.0369,0.1165]},"north":{"uv":[14.1631,7.5019],"uv_size":[0.0369,0.1165]},"south":{"uv":[13.0006,7.5019],"uv_size":[0.0369,0.1165]},"up":{"uv":[13.0369,7.7757],"uv_size":[-0.0369,-0.0388]}}},{"origin":[1.46906,7.625,-0.03589],"size":[0.375,0.75,0.75],"uv":{"down":{"uv":[13.0744,7.4987],"uv_size":[-0.0369,-0.0777]},"east":{"uv":[13.4512,7.5407],"uv_size":[0.0738,0.0777]},"north":{"uv":[14.1256,7.5407],"uv_size":[0.0369,0.0777]},"south":{"uv":[13.0381,7.5407],"uv_size":[0.0369,0.0777]}}},{"origin":[1.46906,8,-0.41089],"size":[0.375,0.75,0.375],"uv":{"down":{"uv":[13.0744,7.5388],"uv_size":[-0.0369,-0.0388]},"east":{"uv":[13.5256,7.5013],"uv_size":[0.0369,0.0777]},"north":{"uv":[14.1256,7.5013],"uv_size":[0.0369,0.0777]},"south":{"uv":[13.0381,7.5013],"uv_size":[0.0369,0.0777]},"up":{"uv":[13.0744,7.6573],"uv_size":[-0.0369,-0.0388]}}},{"origin":[1.46906,8,0.71411],"size":[0.375,0.75,0.375],"uv":{"down":{"uv":[13.0744,7.4204],"uv_size":[-0.0369,-0.0388]},"east":{"uv":[13.4131,7.5013],"uv_size":[0.0369,0.0777]},"north":{"uv":[14.1256,7.5013],"uv_size":[0.0369,0.0777]},"south":{"uv":[13.0381,7.5013],"uv_size":[0.0369,0.0777]},"up":{"uv":[13.0744,7.7757],"uv_size":[-0.0369,-0.0388]}}},{"origin":[0.71906,9.5,-0.03589],"size":[1.125,0.375,0.75],"uv":{"down":{"uv":[14.7482,5.8145],"uv_size":[-0.1107,-0.0777]},"east":{"uv":[15.0512,5.698],"uv_size":[0.0738,0.0388]},"north":{"uv":[15.6518,5.698],"uv_size":[0.1107,0.0388]},"south":{"uv":[14.6393,5.698],"uv_size":[0.1107,0.0388]},"up":{"uv":[14.7482,6.0514],"uv_size":[-0.1107,-0.0777]},"west":{"uv":[15.2762,5.698],"uv_size":[0.0738,0.0388]}}},{"origin":[0.71906,9.875,-0.41089],"size":[1.125,0.75,0.375],"uv":{"down":{"uv":[14.7482,5.8546],"uv_size":[-0.1107,-0.0388]},"east":{"uv":[15.1256,5.6197],"uv_size":[0.0369,0.0777]},"north":{"uv":[15.6518,5.6197],"uv_size":[0.1107,0.0777]},"south":{"uv":[14.6393,5.6197],"uv_size":[0.1107,0.0777]},"up":{"uv":[14.7482,5.9731],"uv_size":[-0.1107,-0.0388]},"west":{"uv":[15.2381,5.6197],"uv_size":[0.0369,0.0777]}}},{"origin":[0.71906,9.875,0.71411],"size":[1.125,0.75,0.375],"uv":{"down":{"uv":[14.7482,5.7362],"uv_size":[-0.1107,-0.0388]},"east":{"uv":[15.0131,5.6197],"uv_size":[0.0369,0.0777]},"north":{"uv":[15.6518,5.6197],"uv_size":[0.1107,0.0777]},"south":{"uv":[14.6393,5.6197],"uv_size":[0.1107,0.0777]},"up":{"uv":[14.7482,6.0915],"uv_size":[-0.1107,-0.0388]},"west":{"uv":[15.3506,5.6197],"uv_size":[0.0369,0.0777]}}},{"origin":[0.71906,10.625,-0.03589],"size":[1.125,0.375,0.75],"uv":{"down":{"uv":[14.7482,5.8145],"uv_size":[-0.1107,-0.0777]},"east":{"uv":[15.0512,5.5796],"uv_size":[0.0738,0.0388]},"north":{"uv":[15.6518,5.5796],"uv_size":[0.1107,0.0388]},"south":{"uv":[14.6393,5.5796],"uv_size":[0.1107,0.0388]},"up":{"uv":[14.7482,6.0514],"uv_size":[-0.1107,-0.0777]},"west":{"uv":[15.2762,5.5796],"uv_size":[0.0738,0.0388]}}},{"origin":[-6.78094,8,-0.03589],"size":[8.25,0.375,0.75],"uv":{"down":{"uv":[13.8868,7.4987],"uv_size":[-0.8118,-0.0777]},"north":{"uv":[13.3132,7.5401],"uv_size":[0.8118,0.0388]},"south":{"uv":[13.0882,7.5401],"uv_size":[0.8118,0.0388]}}},{"origin":[-6.78094,8.375,-0.41089],"size":[8.25,0.375,0.375],"uv":{"down":{"uv":[13.8868,7.5388],"uv_size":[-0.8118,-0.0388]},"north":{"uv":[13.3132,7.5006],"uv_size":[0.8118,0.0388]},"up":{"uv":[13.8868,7.6573],"uv_size":[-0.8118,-0.0388]}}},{"origin":[-6.78094,8.375,0.71411],"size":[8.25,0.375,0.375],"uv":{"down":{"uv":[13.8868,7.4204],"uv_size":[-0.8118,-0.0388]},"south":{"uv":[13.0882,7.5006],"uv_size":[0.8118,0.0388]},"up":{"uv":[13.8868,7.7757],"uv_size":[-0.8118,-0.0388]}}},{"origin":[1.09406,9.875,-0.03589],"size":[0.375,0.75,0.75],"uv":{"west":{"uv":[2.0381,15.4414],"uv_size":[0.0369,0.0388]}}},{"origin":[-1.15594,6.5,-0.41089],"size":[2.25,0.375,0.375],"uv":{"down":{"uv":[13.3339,7.5388],"uv_size":[-0.2214,-0.0388]},"east":{"uv":[13.5256,7.698],"uv_size":[0.0369,0.0388]},"north":{"uv":[13.8661,7.698],"uv_size":[0.2214,0.0388]},"south":{"uv":[13.1161,7.698],"uv_size":[0.2214,0.0388]},"up":{"uv":[13.3339,7.6573],"uv_size":[-0.2214,-0.0388]},"west":{"uv":[13.6381,7.698],"uv_size":[0.0369,0.0388]}}},{"origin":[-1.15594,6.5,0.71411],"size":[2.25,0.375,0.375],"uv":{"down":{"uv":[13.3339,7.4204],"uv_size":[-0.2214,-0.0388]},"east":{"uv":[13.4131,7.698],"uv_size":[0.0369,0.0388]},"north":{"uv":[13.8661,7.698],"uv_size":[0.2214,0.0388]},"south":{"uv":[13.1161,7.698],"uv_size":[0.2214,0.0388]},"up":{"uv":[13.3339,7.7757],"uv_size":[-0.2214,-0.0388]},"west":{"uv":[13.7506,7.698],"uv_size":[0.0369,0.0388]}}},{"origin":[-0.03094,6.875,-0.03589],"size":[1.125,0.375,0.75],"uv":{"north":{"uv":[13.9768,7.6585],"uv_size":[0.1107,0.0388]},"south":{"uv":[13.1143,7.6585],"uv_size":[0.1107,0.0388]},"up":{"uv":[13.2232,7.7356],"uv_size":[-0.1107,-0.0777]},"west":{"uv":[13.6762,7.6585],"uv_size":[0.0738,0.0388]}}},{"origin":[-0.03094,7.625,-0.03589],"size":[1.125,0.375,0.75],"uv":{"down":{"uv":[13.2232,7.4987],"uv_size":[-0.1107,-0.0777]},"north":{"uv":[13.9768,7.5796],"uv_size":[0.1107,0.0388]},"south":{"uv":[13.1143,7.5796],"uv_size":[0.1107,0.0388]},"west":{"uv":[13.6762,7.5796],"uv_size":[0.0738,0.0388]}}},{"origin":[-6.78094,8,-0.41089],"size":[7.875,0.375,0.375],"uv":{"down":{"uv":[13.8874,7.5388],"uv_size":[-0.7749,-0.0388]},"east":{"uv":[13.5256,7.5401],"uv_size":[0.0369,0.0388]},"north":{"uv":[13.3126,7.5401],"uv_size":[0.7749,0.0388]},"west":{"uv":[13.6381,7.5401],"uv_size":[0.0369,0.0388]}}},{"origin":[-6.78094,8,0.71411],"size":[7.875,0.375,0.375],"uv":{"down":{"uv":[13.8874,7.4204],"uv_size":[-0.7749,-0.0388]},"east":{"uv":[13.4131,7.5401],"uv_size":[0.0369,0.0388]},"south":{"uv":[13.1251,7.5401],"uv_size":[0.7749,0.0388]},"west":{"uv":[13.7506,7.5401],"uv_size":[0.0369,0.0388]}}},{"origin":[-4.53094,9.875,-0.03589],"size":[5.625,0.75,0.75],"uv":{"down":{"uv":[15.266,5.8145],"uv_size":[-0.5535,-0.0777]},"north":{"uv":[15.134,5.6197],"uv_size":[0.5535,0.0777]},"south":{"uv":[14.7215,5.6197],"uv_size":[0.5535,0.0777]},"up":{"uv":[15.266,6.0514],"uv_size":[-0.5535,-0.0777]}}},{"origin":[-0.03094,6.875,-0.41089],"size":[0.75,0.375,0.375],"uv":{"east":{"uv":[13.5256,7.6585],"uv_size":[0.0369,0.0388]},"north":{"uv":[13.9762,7.6585],"uv_size":[0.0738,0.0388]},"up":{"uv":[13.2238,7.6573],"uv_size":[-0.0738,-0.0388]},"west":{"uv":[13.6381,7.6585],"uv_size":[0.0369,0.0388]}}},{"origin":[-0.03094,6.875,0.71411],"size":[0.75,0.375,0.375],"uv":{"east":{"uv":[13.4131,7.6585],"uv_size":[0.0369,0.0388]},"south":{"uv":[13.1512,7.6585],"uv_size":[0.0738,0.0388]},"up":{"uv":[13.2238,7.7757],"uv_size":[-0.0738,-0.0388]},"west":{"uv":[13.7506,7.6585],"uv_size":[0.0369,0.0388]}}},{"origin":[-0.03094,7.25,-0.03589],"size":[0.75,0.375,0.75],"uv":{"north":{"uv":[13.9762,7.6191],"uv_size":[0.0738,0.0388]},"south":{"uv":[13.1512,7.6191],"uv_size":[0.0738,0.0388]},"west":{"uv":[13.6762,7.6191],"uv_size":[0.0738,0.0388]}}},{"origin":[-0.03094,7.625,-0.41089],"size":[0.75,0.375,0.375],"uv":{"down":{"uv":[13.2238,7.5388],"uv_size":[-0.0738,-0.0388]},"east":{"uv":[13.5256,7.5796],"uv_size":[0.0369,0.0388]},"north":{"uv":[13.9762,7.5796],"uv_size":[0.0738,0.0388]},"west":{"uv":[13.6381,7.5796],"uv_size":[0.0369,0.0388]}}},{"origin":[-0.03094,7.625,0.71411],"size":[0.75,0.375,0.375],"uv":{"down":{"uv":[13.2238,7.4204],"uv_size":[-0.0738,-0.0388]},"east":{"uv":[13.4131,7.5796],"uv_size":[0.0369,0.0388]},"south":{"uv":[13.1512,7.5796],"uv_size":[0.0738,0.0388]},"west":{"uv":[13.7506,7.5796],"uv_size":[0.0369,0.0388]}}},{"origin":[0.34406,8.75,-0.03589],"size":[0.375,0.375,0.75],"uv":{"east":{"uv":[15.0512,7.4612],"uv_size":[0.0738,0.0388]},"north":{"uv":[15.6131,7.4612],"uv_size":[0.0369,0.0388]},"south":{"uv":[14.7506,7.4612],"uv_size":[0.0369,0.0388]},"up":{"uv":[14.7869,7.7356],"uv_size":[-0.0369,-0.0777]},"west":{"uv":[15.2762,7.4612],"uv_size":[0.0738,0.0388]}}},{"origin":[-0.03094,7.25,-0.41089],"size":[0.375,0.375,0.375],"uv":{"east":{"uv":[13.5256,7.6191],"uv_size":[0.0369,0.0388]},"north":{"uv":[13.9756,7.6191],"uv_size":[0.0369,0.0388]},"west":{"uv":[13.6381,7.6191],"uv_size":[0.0369,0.0388]}}},{"origin":[-0.03094,7.25,0.71411],"size":[0.375,0.375,0.375],"uv":{"east":{"uv":[13.4131,7.6191],"uv_size":[0.0369,0.0388]},"south":{"uv":[13.1881,7.6191],"uv_size":[0.0369,0.0388]},"west":{"uv":[13.7506,7.6191],"uv_size":[0.0369,0.0388]}}},{"origin":[-3.03094,8.75,-0.41089],"size":[3.375,0.375,0.75],"uv":{"down":{"uv":[15.1196,5.854],"uv_size":[-0.3321,-0.0777]},"east":{"uv":[15.0887,5.7769],"uv_size":[0.0738,0.0388]},"north":{"uv":[15.2804,5.7769],"uv_size":[0.3321,0.0388]},"south":{"uv":[14.7929,5.7769],"uv_size":[0.3321,0.0388]},"up":{"uv":[15.1196,6.0119],"uv_size":[-0.3321,-0.0777]},"west":{"uv":[15.2387,5.7769],"uv_size":[0.0738,0.0388]}}},{"origin":[-0.40594,8.75,0.33911],"size":[0.75,0.75,0.375],"uv":{"east":{"uv":[15.0506,5.7381],"uv_size":[0.0369,0.0777]},"north":{"uv":[15.5387,5.7381],"uv_size":[0.0738,0.0777]},"south":{"uv":[14.7887,5.7381],"uv_size":[0.0738,0.0777]},"up":{"uv":[14.8613,6.052],"uv_size":[-0.0738,-0.0388]},"west":{"uv":[15.3131,5.7381],"uv_size":[0.0369,0.0777]}}},{"origin":[-0.40594,8.75,0.71411],"size":[0.75,0.375,0.375],"uv":{"east":{"uv":[15.0131,5.7769],"uv_size":[0.0369,0.0388]},"south":{"uv":[14.7887,5.7769],"uv_size":[0.0738,0.0388]},"up":{"uv":[14.8613,6.0915],"uv_size":[-0.0738,-0.0388]},"west":{"uv":[15.3506,5.7769],"uv_size":[0.0369,0.0388]}}},{"origin":[-3.03094,9.125,-0.03589],"size":[3.375,0.375,0.375],"uv":{"east":{"uv":[15.0881,5.7375],"uv_size":[0.0369,0.0388]},"north":{"uv":[15.2804,5.7375],"uv_size":[0.3321,0.0388]},"south":{"uv":[14.7929,5.7375],"uv_size":[0.3321,0.0388]},"up":{"uv":[15.1196,6.0125],"uv_size":[-0.3321,-0.0388]},"west":{"uv":[15.2756,5.7375],"uv_size":[0.0369,0.0388]}}},{"origin":[-1.15594,6.5,-0.03589],"size":[1.125,0.375,0.75],"uv":{"down":{"uv":[13.3357,7.4987],"uv_size":[-0.1107,-0.0777]},"up":{"uv":[13.3357,7.7356],"uv_size":[-0.1107,-0.0777]}}},{"origin":[-0.78094,6.875,-0.03589],"size":[0.75,0.375,0.75],"uv":{"east":{"uv":[15.0512,5.9743],"uv_size":[0.0738,0.0388]},"north":{"uv":[15.5012,5.9743],"uv_size":[0.0738,0.0388]},"south":{"uv":[14.8262,5.9743],"uv_size":[0.0738,0.0388]},"up":{"uv":[14.8988,6.0514],"uv_size":[-0.0738,-0.0777]}}},{"origin":[-0.40594,7.25,-0.03589],"size":[0.375,0.75,0.75],"uv":{"east":{"uv":[15.0512,5.896],"uv_size":[0.0738,0.0777]},"north":{"uv":[15.5381,5.896],"uv_size":[0.0369,0.0777]},"south":{"uv":[14.8256,5.896],"uv_size":[0.0369,0.0777]},"west":{"uv":[15.2762,5.896],"uv_size":[0.0738,0.0777]}}},{"origin":[-0.40594,8,1.46411],"size":[0.375,0.375,0.375],"uv":{"down":{"uv":[14.8619,5.6573],"uv_size":[-0.0369,-0.0388]},"east":{"uv":[14.9381,5.8559],"uv_size":[0.0369,0.0388]},"north":{"uv":[15.5381,5.8559],"uv_size":[0.0369,0.0388]},"south":{"uv":[14.8256,5.8559],"uv_size":[0.0369,0.0388]},"up":{"uv":[14.8619,6.1704],"uv_size":[-0.0369,-0.0388]},"west":{"uv":[15.4256,5.8559],"uv_size":[0.0369,0.0388]}}},{"origin":[-0.40594,8.375,1.08911],"size":[0.375,0.75,0.375],"uv":{"down":{"uv":[14.8619,5.6967],"uv_size":[-0.0369,-0.0388]},"east":{"uv":[14.9756,5.7776],"uv_size":[0.0369,0.0777]},"north":{"uv":[15.5381,5.7776],"uv_size":[0.0369,0.0777]},"south":{"uv":[14.8256,5.7776],"uv_size":[0.0369,0.0777]},"up":{"uv":[14.8619,6.1309],"uv_size":[-0.0369,-0.0388]},"west":{"uv":[15.3881,5.7776],"uv_size":[0.0369,0.0777]}}},{"origin":[-0.78094,7.625,-0.03589],"size":[0.375,0.375,0.75],"uv":{"down":{"uv":[14.8994,5.8145],"uv_size":[-0.0369,-0.0777]},"east":{"uv":[15.0512,5.8954],"uv_size":[0.0738,0.0388]},"north":{"uv":[15.5006,5.8954],"uv_size":[0.0369,0.0388]},"south":{"uv":[14.8631,5.8954],"uv_size":[0.0369,0.0388]}}},{"origin":[-1.90594,8.75,0.33911],"size":[1.5,0.375,0.375],"uv":{"south":{"uv":[14.8649,7.4612],"uv_size":[0.1476,0.0388]},"up":{"uv":[15.0101,7.7362],"uv_size":[-0.1476,-0.0388]}}},{"origin":[-0.78094,9.5,-0.03589],"size":[0.375,0.375,0.75],"uv":{"down":{"uv":[14.8994,5.8145],"uv_size":[-0.0369,-0.0777]},"east":{"uv":[15.0512,5.698],"uv_size":[0.0738,0.0388]},"north":{"uv":[15.5006,5.698],"uv_size":[0.0369,0.0388]},"south":{"uv":[14.8631,5.698],"uv_size":[0.0369,0.0388]},"west":{"uv":[15.2762,5.698],"uv_size":[0.0738,0.0388]}}},{"origin":[-0.78094,9.875,-0.41089],"size":[0.375,0.75,0.375],"uv":{"down":{"uv":[14.8994,5.8546],"uv_size":[-0.0369,-0.0388]},"east":{"uv":[15.1256,5.6197],"uv_size":[0.0369,0.0777]},"north":{"uv":[15.5006,5.6197],"uv_size":[0.0369,0.0777]},"up":{"uv":[14.8994,5.9731],"uv_size":[-0.0369,-0.0388]},"west":{"uv":[15.2381,5.6197],"uv_size":[0.0369,0.0777]}}},{"origin":[-0.78094,9.875,0.71411],"size":[0.375,0.75,0.375],"uv":{"down":{"uv":[14.8994,5.7362],"uv_size":[-0.0369,-0.0388]},"east":{"uv":[15.0131,5.6197],"uv_size":[0.0369,0.0777]},"south":{"uv":[14.8631,5.6197],"uv_size":[0.0369,0.0777]},"up":{"uv":[14.8994,6.0915],"uv_size":[-0.0369,-0.0388]},"west":{"uv":[15.3506,5.6197],"uv_size":[0.0369,0.0777]}}},{"origin":[-0.78094,10.625,-0.03589],"size":[0.375,0.375,0.75],"uv":{"east":{"uv":[15.0512,5.5796],"uv_size":[0.0738,0.0388]},"north":{"uv":[15.5006,5.5796],"uv_size":[0.0369,0.0388]},"south":{"uv":[14.8631,5.5796],"uv_size":[0.0369,0.0388]},"up":{"uv":[14.8994,6.0514],"uv_size":[-0.0369,-0.0777]},"west":{"uv":[15.2762,5.5796],"uv_size":[0.0738,0.0388]}}},{"origin":[-3.78094,6.125,-0.03589],"size":[2.625,1.125,0.75],"uv":{"down":{"uv":[15.1958,5.8145],"uv_size":[-0.2583,-0.0777]},"east":{"uv":[15.0512,5.9756],"uv_size":[0.0738,0.1165]},"north":{"uv":[15.2042,5.9756],"uv_size":[0.2583,0.1165]},"south":{"uv":[14.9417,5.9756],"uv_size":[0.2583,0.1165]},"west":{"uv":[15.2762,5.9756],"uv_size":[0.0738,0.1165]}}},{"origin":[-2.65594,6.875,-0.41089],"size":[1.5,1.125,0.375],"uv":{"down":{"uv":[13.4851,7.5388],"uv_size":[-0.1476,-0.0388]},"east":{"uv":[13.5256,7.5808],"uv_size":[0.0369,0.1165]},"north":{"uv":[13.7149,7.5808],"uv_size":[0.1476,0.1165]},"south":{"uv":[13.3399,7.5808],"uv_size":[0.1476,0.1165]},"west":{"uv":[13.6381,7.5808],"uv_size":[0.0369,0.1165]}}},{"origin":[-2.65594,6.875,0.71411],"size":[1.5,1.125,0.375],"uv":{"down":{"uv":[13.4851,7.4204],"uv_size":[-0.1476,-0.0388]},"east":{"uv":[13.4131,7.5808],"uv_size":[0.0369,0.1165]},"north":{"uv":[13.7149,7.5808],"uv_size":[0.1476,0.1165]},"south":{"uv":[13.3399,7.5808],"uv_size":[0.1476,0.1165]},"west":{"uv":[13.7506,7.5808],"uv_size":[0.0369,0.1165]}}},{"origin":[-6.78094,7.25,-0.03589],"size":[5.625,0.75,0.75],"uv":{"down":{"uv":[13.891,7.4987],"uv_size":[-0.5535,-0.0777]},"east":{"uv":[13.4512,7.5802],"uv_size":[0.0738,0.0777]},"north":{"uv":[13.309,7.5802],"uv_size":[0.5535,0.0777]},"south":{"uv":[13.3465,7.5802],"uv_size":[0.5535,0.0777]},"west":{"uv":[13.6762,7.5802],"uv_size":[0.0738,0.0777]}}},{"origin":[-1.90594,10.625,-0.03589],"size":[0.75,0.75,0.75],"uv":{"east":{"uv":[15.0512,5.5407],"uv_size":[0.0738,0.0777]},"north":{"uv":[15.3887,5.5407],"uv_size":[0.0738,0.0777]},"south":{"uv":[14.9387,5.5407],"uv_size":[0.0738,0.0777]},"up":{"uv":[15.0113,6.0514],"uv_size":[-0.0738,-0.0777]},"west":{"uv":[15.2762,5.5407],"uv_size":[0.0738,0.0777]}}},{"origin":[-18.65594,8.75,0.33911],"size":[16.75,0.375,0.375],"uv":{"down":{"uv":[15.9842,5.7757],"uv_size":[-0.9717,-0.0388]},"east":{"uv":[15.0506,5.7769],"uv_size":[0.0369,0.0388]},"north":{"uv":[14.4158,5.7769],"uv_size":[0.9717,0.0388]},"south":{"uv":[15.0283,5.7769],"uv_size":[0.9717,0.0388]},"up":{"uv":[15.9842,6.052],"uv_size":[-0.9717,-0.0388]}}},{"origin":[-3.03094,8.75,0.71411],"size":[1.125,0.375,0.375],"uv":{"east":{"uv":[15.0131,5.7769],"uv_size":[0.0369,0.0388]},"south":{"uv":[15.0143,5.7769],"uv_size":[0.1107,0.0388]},"up":{"uv":[15.1232,6.0915],"uv_size":[-0.1107,-0.0388]},"west":{"uv":[15.3506,5.7769],"uv_size":[0.0369,0.0388]}}},{"origin":[-3.03094,9.125,0.33911],"size":[1.125,0.375,0.375],"uv":{"east":{"uv":[15.0506,5.7375],"uv_size":[0.0369,0.0388]},"south":{"uv":[15.0143,5.7375],"uv_size":[0.1107,0.0388]},"up":{"uv":[15.1232,6.052],"uv_size":[-0.1107,-0.0388]},"west":{"uv":[15.3131,5.7375],"uv_size":[0.0369,0.0388]}}},{"origin":[-2.65594,9.5,-0.03589],"size":[0.375,0.375,0.75],"uv":{"down":{"uv":[15.0869,5.8145],"uv_size":[-0.0369,-0.0777]},"east":{"uv":[15.0512,5.698],"uv_size":[0.0738,0.0388]},"north":{"uv":[15.3131,5.698],"uv_size":[0.0369,0.0388]},"south":{"uv":[15.0506,5.698],"uv_size":[0.0369,0.0388]},"west":{"uv":[15.2762,5.698],"uv_size":[0.0738,0.0388]}}},{"origin":[-2.65594,9.875,-0.41089],"size":[0.375,0.75,0.375],"uv":{"down":{"uv":[15.0869,5.8546],"uv_size":[-0.0369,-0.0388]},"east":{"uv":[15.1256,5.6197],"uv_size":[0.0369,0.0777]},"north":{"uv":[15.3131,5.6197],"uv_size":[0.0369,0.0777]},"up":{"uv":[15.0869,5.9731],"uv_size":[-0.0369,-0.0388]},"west":{"uv":[15.2381,5.6197],"uv_size":[0.0369,0.0777]}}},{"origin":[-2.65594,9.875,0.71411],"size":[0.375,0.75,0.375],"uv":{"down":{"uv":[15.0869,5.7362],"uv_size":[-0.0369,-0.0388]},"east":{"uv":[15.0131,5.6197],"uv_size":[0.0369,0.0777]},"south":{"uv":[15.0506,5.6197],"uv_size":[0.0369,0.0777]},"up":{"uv":[15.0869,6.0915],"uv_size":[-0.0369,-0.0388]},"west":{"uv":[15.3506,5.6197],"uv_size":[0.0369,0.0777]}}},{"origin":[-2.65594,10.625,-0.03589],"size":[0.375,0.375,0.75],"uv":{"east":{"uv":[15.0512,5.5796],"uv_size":[0.0738,0.0388]},"north":{"uv":[15.3131,5.5796],"uv_size":[0.0369,0.0388]},"south":{"uv":[15.0506,5.5796],"uv_size":[0.0369,0.0388]},"up":{"uv":[15.0869,6.0514],"uv_size":[-0.0369,-0.0777]},"west":{"uv":[15.2762,5.5796],"uv_size":[0.0738,0.0388]}}},{"origin":[-6.78094,7.25,-0.41089],"size":[4.125,0.75,0.375],"uv":{"down":{"uv":[13.8934,7.5388],"uv_size":[-0.4059,-0.0388]},"east":{"uv":[13.5256,7.5802],"uv_size":[0.0369,0.0777]},"north":{"uv":[13.3066,7.5802],"uv_size":[0.4059,0.0777]}}},{"origin":[-6.78094,7.25,0.71411],"size":[4.125,0.75,0.375],"uv":{"down":{"uv":[13.8934,7.4204],"uv_size":[-0.4059,-0.0388]},"east":{"uv":[13.4131,7.5802],"uv_size":[0.0369,0.0777]},"south":{"uv":[13.4941,7.5802],"uv_size":[0.4059,0.0777]}}},{"origin":[-18.65594,8.75,-0.03589],"size":[15.625,0.375,0.375],"uv":{"down":{"uv":[15.986,5.8152],"uv_size":[-0.861,-0.0388]},"east":{"uv":[15.0881,5.7769],"uv_size":[0.0369,0.0388]},"north":{"uv":[14.414,5.7769],"uv_size":[0.861,0.0388]},"up":{"uv":[15.986,6.0125],"uv_size":[-0.861,-0.0388]}}},{"origin":[-5.28094,9.5,-0.03589],"size":[1.875,0.375,0.75],"uv":{"down":{"uv":[15.347,5.8145],"uv_size":[-0.1845,-0.0777]},"east":{"uv":[15.0512,5.698],"uv_size":[0.0738,0.0388]},"north":{"uv":[15.053,5.698],"uv_size":[0.1845,0.0388]},"south":{"uv":[15.1655,5.698],"uv_size":[0.1845,0.0388]},"up":{"uv":[15.347,6.0514],"uv_size":[-0.1845,-0.0777]},"west":{"uv":[15.2762,5.698],"uv_size":[0.0738,0.0388]}}},{"origin":[-5.28094,9.875,-0.41089],"size":[1.875,0.75,0.375],"uv":{"down":{"uv":[15.347,5.8546],"uv_size":[-0.1845,-0.0388]},"east":{"uv":[15.1256,5.6197],"uv_size":[0.0369,0.0777]},"north":{"uv":[15.053,5.6197],"uv_size":[0.1845,0.0777]},"south":{"uv":[15.1655,5.6197],"uv_size":[0.1845,0.0777]},"up":{"uv":[15.347,5.9731],"uv_size":[-0.1845,-0.0388]},"west":{"uv":[15.2381,5.6197],"uv_size":[0.0369,0.0777]}}},{"origin":[-5.28094,9.875,0.71411],"size":[1.875,0.75,0.375],"uv":{"down":{"uv":[15.347,5.7362],"uv_size":[-0.1845,-0.0388]},"east":{"uv":[15.0131,5.6197],"uv_size":[0.0369,0.0777]},"north":{"uv":[15.053,5.6197],"uv_size":[0.1845,0.0777]},"south":{"uv":[15.1655,5.6197],"uv_size":[0.1845,0.0777]},"up":{"uv":[15.347,6.0915],"uv_size":[-0.1845,-0.0388]},"west":{"uv":[15.3506,5.6197],"uv_size":[0.0369,0.0777]}}},{"origin":[-5.28094,10.625,-0.03589],"size":[1.875,0.375,0.75],"uv":{"down":{"uv":[15.347,5.8145],"uv_size":[-0.1845,-0.0777]},"east":{"uv":[15.0512,5.5796],"uv_size":[0.0738,0.0388]},"north":{"uv":[15.053,5.5796],"uv_size":[0.1845,0.0388]},"south":{"uv":[15.1655,5.5796],"uv_size":[0.1845,0.0388]},"up":{"uv":[15.347,6.0514],"uv_size":[-0.1845,-0.0777]},"west":{"uv":[15.2762,5.5796],"uv_size":[0.0738,0.0388]}}},{"origin":[-4.90594,9.875,-0.03589],"size":[0.375,0.75,0.75],"uv":{"east":{"uv":[1.9256,15.4414],"uv_size":[0.0369,0.0388]}}},{"origin":[-18.65594,8,-0.03589],"size":[11.875,0.375,0.75],"uv":{"down":{"uv":[15.992,5.8145],"uv_size":[-0.492,-0.0777]},"east":{"uv":[15.0512,5.8559],"uv_size":[0.0738,0.0388]},"north":{"uv":[14.408,5.8559],"uv_size":[0.492,0.0388]},"south":{"uv":[15.508,5.8559],"uv_size":[0.492,0.0388]},"up":{"uv":[15.992,6.0514],"uv_size":[-0.492,-0.0777]}}},{"origin":[-18.65594,8.375,-0.41089],"size":[11.875,0.375,0.375],"uv":{"down":{"uv":[15.992,5.8546],"uv_size":[-0.492,-0.0388]},"east":{"uv":[15.1256,5.8164],"uv_size":[0.0369,0.0388]},"north":{"uv":[14.408,5.8164],"uv_size":[0.492,0.0388]},"south":{"uv":[15.508,5.8164],"uv_size":[0.492,0.0388]},"up":{"uv":[15.992,5.9731],"uv_size":[-0.492,-0.0388]}}},{"origin":[-18.65594,8.375,0.71411],"size":[11.875,0.375,0.375],"uv":{"down":{"uv":[15.992,5.7362],"uv_size":[-0.492,-0.0388]},"east":{"uv":[15.0131,5.8164],"uv_size":[0.0369,0.0388]},"north":{"uv":[14.408,5.8164],"uv_size":[0.492,0.0388]},"south":{"uv":[15.508,5.8164],"uv_size":[0.492,0.0388]},"up":{"uv":[15.992,6.0915],"uv_size":[-0.492,-0.0388]}}},{"origin":[-11.28094,8.375,-0.03589],"size":[0.375,0.375,0.75],"uv":{"east":{"uv":[15.0512,4.1322],"uv_size":[0.0738,0.0388]},"up":{"uv":[15.9494,4.3672],"uv_size":[-0.0369,-0.0777]}}}],"name":"geyser_custom_z","parent":"geyser_custom_y","pivot":[-0.03342,8.22277,0.37252],"rotation":[0,-90,0]}],"description":{"identifier":"geometry.geyser_custom.geo_c8d6818","texture_height":16,"texture_width":16,"visible_bounds_height":4.5,"visible_bounds_offset":[0,0.75,0],"visible_bounds_width":4}}]}