{"format_version":"1.16.0","minecraft:geometry":[{"bones":[{"name":"root","pivot":[0,0,0]},{"name":"waist","parent":"root","pivot":[0,12,0]},{"name":"body","parent":"waist","pivot":[0,24,0]},{"cubes":[{"origin":[-8,12,-2],"size":[4,12,4],"uv":[40,16]}],"name":"rightArm","parent":"body","pivot":[-5,22,0]},{"locators":{"lead_hold":[-6,15,1]},"name":"rightItem","parent":"rightArm","pivot":[-6,15,1]},{"binding":"c.item_slot == 'head' ? 'head' : q.item_slot_to_bone_name(c.item_slot)","name":"geyser_custom","parent":"rightItem","pivot":[0,8,0]},{"name":"geyser_custom_x","parent":"geyser_custom","pivot":[0,8,0]},{"name":"geyser_custom_y","parent":"geyser_custom_x","pivot":[0,8,0]},{"cubes":[{"origin":[-0.125,10.25,-12.5],"size":[0.25,0.25,0.25],"uv":{"down":{"uv":[15.2246,6.5746],"uv_size":[-0.0246,-0.0246]},"east":{"uv":[14.5504,7.1254],"uv_size":[0.0246,0.0246]},"north":{"uv":[15.1754,7.1254],"uv_size":[0.0246,0.0246]},"south":{"uv":[15.2004,7.1254],"uv_size":[0.0246,0.0246]},"up":{"uv":[15.2246,7.8496],"uv_size":[-0.0246,-0.0246]},"west":{"uv":[15.8254,7.1254],"uv_size":[0.0246,0.0246]}}},{"origin":[-0.375,11,-6.75],"size":[0.25,0.5,0.25],"uv":{"down":{"uv":[15.2496,12.3996],"uv_size":[-0.0246,-0.0246]},"east":{"uv":[15.5754,11.8258],"uv_size":[0.0246,0.0492]},"north":{"uv":[15.1504,11.8258],"uv_size":[0.0246,0.0492]},"south":{"uv":[15.2254,11.8258],"uv_size":[0.0246,0.0492]},"up":{"uv":[15.2496,11.6246],"uv_size":[-0.0246,-0.0246]},"west":{"uv":[14.8004,11.8258],"uv_size":[0.0246,0.0492]}}},{"origin":[-0.375,11,-6.5],"size":[0.25,0.25,0.75],"uv":{"down":{"uv":[15.2496,12.3738],"uv_size":[-0.0246,-0.0738]},"east":{"uv":[15.5012,11.8504],"uv_size":[0.0738,0.0246]},"north":{"uv":[15.1504,11.8504],"uv_size":[0.0246,0.0246]},"south":{"uv":[15.2254,11.8504],"uv_size":[0.0246,0.0246]},"up":{"uv":[15.2496,11.6988],"uv_size":[-0.0246,-0.0738]},"west":{"uv":[14.8262,11.8504],"uv_size":[0.0738,0.0246]}}},{"origin":[-0.625,11.25,-6.75],"size":[0.25,0.5,0.25],"uv":{"down":{"uv":[15.2746,12.3996],"uv_size":[-0.0246,-0.0246]},"east":{"uv":[15.5754,11.8008],"uv_size":[0.0246,0.0492]},"north":{"uv":[15.1254,11.8008],"uv_size":[0.0246,0.0492]},"south":{"uv":[15.2504,11.8008],"uv_size":[0.0246,0.0492]},"up":{"uv":[15.2746,11.6246],"uv_size":[-0.0246,-0.0246]},"west":{"uv":[14.8004,11.8008],"uv_size":[0.0246,0.0492]}}},{"origin":[-0.875,11.5,-6.5],"size":[0.25,0.5,0.25],"uv":{"down":{"uv":[15.2996,12.3746],"uv_size":[-0.0246,-0.0246]},"east":{"uv":[15.5504,11.7758],"uv_size":[0.0246,0.0492]},"north":{"uv":[15.1004,11.7758],"uv_size":[0.0246,0.0492]},"south":{"uv":[15.2754,11.7758],"uv_size":[0.0246,0.0492]},"up":{"uv":[15.2996,11.6496],"uv_size":[-0.0246,-0.0246]},"west":{"uv":[14.8254,11.7758],"uv_size":[0.0246,0.0492]}}},{"origin":[-0.875,11.75,-6.25],"size":[0.25,0.25,1],"uv":{"down":{"uv":[13.6996,10.7484],"uv_size":[-0.0246,-0.0984]},"east":{"uv":[13.8516,10.1754],"uv_size":[0.0984,0.0246]},"north":{"uv":[13.5004,10.1754],"uv_size":[0.0246,0.0246]},"south":{"uv":[13.6754,10.1754],"uv_size":[0.0246,0.0246]},"up":{"uv":[13.6996,10.1484],"uv_size":[-0.0246,-0.0984]},"west":{"uv":[13.2516,10.1754],"uv_size":[0.0984,0.0246]}}},{"origin":[-0.875,12,-5.75],"size":[0.25,0.25,0.75],"uv":{"down":{"uv":[13.6996,10.6988],"uv_size":[-0.0246,-0.0738]},"east":{"uv":[13.8262,10.1504],"uv_size":[0.0738,0.0246]},"north":{"uv":[13.5004,10.1504],"uv_size":[0.0246,0.0246]},"south":{"uv":[13.6754,10.1504],"uv_size":[0.0246,0.0246]},"up":{"uv":[13.6996,10.1738],"uv_size":[-0.0246,-0.0738]},"west":{"uv":[13.3012,10.1504],"uv_size":[0.0738,0.0246]}}},{"origin":[-1.125,12.25,-5.25],"size":[0.5,0.25,0.25],"uv":{"down":{"uv":[13.7242,10.6496],"uv_size":[-0.0492,-0.0246]},"east":{"uv":[13.8254,10.1254],"uv_size":[0.0246,0.0246]},"north":{"uv":[13.4758,10.1254],"uv_size":[0.0492,0.0246]},"south":{"uv":[13.6758,10.1254],"uv_size":[0.0492,0.0246]},"up":{"uv":[13.7242,10.1746],"uv_size":[-0.0492,-0.0246]},"west":{"uv":[13.3504,10.1254],"uv_size":[0.0246,0.0246]}}},{"origin":[-1.125,11.75,-6],"size":[0.25,0.25,0.75],"uv":{"down":{"uv":[13.7246,10.7238],"uv_size":[-0.0246,-0.0738]},"east":{"uv":[13.8512,10.1754],"uv_size":[0.0738,0.0246]},"north":{"uv":[13.4754,10.1754],"uv_size":[0.0246,0.0246]},"south":{"uv":[13.7004,10.1754],"uv_size":[0.0246,0.0246]},"up":{"uv":[13.7246,10.1488],"uv_size":[-0.0246,-0.0738]},"west":{"uv":[13.2762,10.1754],"uv_size":[0.0738,0.0246]}}},{"origin":[-1.125,12,-5.5],"size":[0.25,0.25,0.5],"uv":{"down":{"uv":[13.7246,10.6742],"uv_size":[-0.0246,-0.0492]},"east":{"uv":[13.8258,10.1504],"uv_size":[0.0492,0.0246]},"north":{"uv":[13.4754,10.1504],"uv_size":[0.0246,0.0246]},"south":{"uv":[13.7004,10.1504],"uv_size":[0.0246,0.0246]},"up":{"uv":[13.7246,10.1742],"uv_size":[-0.0246,-0.0492]},"west":{"uv":[13.3258,10.1504],"uv_size":[0.0492,0.0246]}}},{"origin":[-1.625,6.5,-10],"size":[0.5,0.25,0.5],"uv":{"down":{"uv":[15.3742,11.1242],"uv_size":[-0.0492,-0.0492]},"east":{"uv":[15.8758,10.7004],"uv_size":[0.0492,0.0246]},"north":{"uv":[15.0258,10.7004],"uv_size":[0.0492,0.0246]},"south":{"uv":[15.3258,10.7004],"uv_size":[0.0492,0.0246]},"up":{"uv":[15.3742,9.7242],"uv_size":[-0.0492,-0.0492]},"west":{"uv":[14.4758,10.7004],"uv_size":[0.0492,0.0246]}}},{"origin":[-1.375,6.75,-10],"size":[0.25,0.25,0.5],"uv":{"down":{"uv":[15.3496,11.1242],"uv_size":[-0.0246,-0.0492]},"east":{"uv":[15.8758,10.6754],"uv_size":[0.0492,0.0246]},"north":{"uv":[15.0504,10.6754],"uv_size":[0.0246,0.0246]},"south":{"uv":[15.3254,10.6754],"uv_size":[0.0246,0.0246]},"up":{"uv":[15.3496,9.7242],"uv_size":[-0.0246,-0.0492]},"west":{"uv":[14.4758,10.6754],"uv_size":[0.0492,0.0246]}}},{"origin":[-1.875,6,-10],"size":[0.5,0.25,0.5],"uv":{"down":{"uv":[15.3992,11.1242],"uv_size":[-0.0492,-0.0492]},"east":{"uv":[15.8758,10.7504],"uv_size":[0.0492,0.0246]},"north":{"uv":[15.0008,10.7504],"uv_size":[0.0492,0.0246]},"south":{"uv":[15.3508,10.7504],"uv_size":[0.0492,0.0246]},"up":{"uv":[15.3992,9.7242],"uv_size":[-0.0492,-0.0492]},"west":{"uv":[14.4758,10.7504],"uv_size":[0.0492,0.0246]}}},{"origin":[-1.625,6.25,-10],"size":[0.25,0.25,0.5],"uv":{"down":{"uv":[15.3746,11.1242],"uv_size":[-0.0246,-0.0492]},"east":{"uv":[15.8758,10.7254],"uv_size":[0.0492,0.0246]},"north":{"uv":[15.0254,10.7254],"uv_size":[0.0246,0.0246]},"south":{"uv":[15.3504,10.7254],"uv_size":[0.0246,0.0246]},"up":{"uv":[15.3746,9.7242],"uv_size":[-0.0246,-0.0492]},"west":{"uv":[14.4758,10.7254],"uv_size":[0.0492,0.0246]}}},{"origin":[-2.125,5.5,-10],"size":[0.5,0.25,0.75],"uv":{"down":{"uv":[15.4242,11.1238],"uv_size":[-0.0492,-0.0738]},"east":{"uv":[15.8512,10.8004],"uv_size":[0.0738,0.0246]},"north":{"uv":[14.9758,10.8004],"uv_size":[0.0492,0.0246]},"south":{"uv":[15.3758,10.8004],"uv_size":[0.0492,0.0246]},"up":{"uv":[15.4242,9.7488],"uv_size":[-0.0492,-0.0738]},"west":{"uv":[14.4762,10.8004],"uv_size":[0.0738,0.0246]}}},{"origin":[-1.875,5.75,-10],"size":[0.25,0.25,0.75],"uv":{"down":{"uv":[15.3996,11.1238],"uv_size":[-0.0246,-0.0738]},"east":{"uv":[15.8512,10.7754],"uv_size":[0.0738,0.0246]},"north":{"uv":[15.0004,10.7754],"uv_size":[0.0246,0.0246]},"south":{"uv":[15.3754,10.7754],"uv_size":[0.0246,0.0246]},"up":{"uv":[15.3996,9.7488],"uv_size":[-0.0246,-0.0738]},"west":{"uv":[14.4762,10.7754],"uv_size":[0.0738,0.0246]}}},{"origin":[-2.375,5,-10],"size":[0.5,0.25,0.5],"uv":{"down":{"uv":[15.4492,11.1242],"uv_size":[-0.0492,-0.0492]},"east":{"uv":[15.8758,10.8504],"uv_size":[0.0492,0.0246]},"north":{"uv":[14.9508,10.8504],"uv_size":[0.0492,0.0246]},"south":{"uv":[15.4008,10.8504],"uv_size":[0.0492,0.0246]},"up":{"uv":[15.4492,9.7242],"uv_size":[-0.0492,-0.0492]},"west":{"uv":[14.4758,10.8504],"uv_size":[0.0492,0.0246]}}},{"origin":[-2.125,5.25,-10],"size":[0.25,0.25,0.5],"uv":{"down":{"uv":[15.4246,11.1242],"uv_size":[-0.0246,-0.0492]},"east":{"uv":[15.8758,10.8254],"uv_size":[0.0492,0.0246]},"north":{"uv":[14.9754,10.8254],"uv_size":[0.0246,0.0246]},"south":{"uv":[15.4004,10.8254],"uv_size":[0.0246,0.0246]},"up":{"uv":[15.4246,9.7242],"uv_size":[-0.0246,-0.0492]},"west":{"uv":[14.4758,10.8254],"uv_size":[0.0492,0.0246]}}},{"origin":[-2.625,4.5,-10],"size":[0.5,0.25,0.5],"uv":{"down":{"uv":[15.4742,11.1242],"uv_size":[-0.0492,-0.0492]},"east":{"uv":[15.8758,10.9004],"uv_size":[0.0492,0.0246]},"north":{"uv":[14.9258,10.9004],"uv_size":[0.0492,0.0246]},"south":{"uv":[15.4258,10.9004],"uv_size":[0.0492,0.0246]},"up":{"uv":[15.4742,9.7242],"uv_size":[-0.0492,-0.0492]},"west":{"uv":[14.4758,10.9004],"uv_size":[0.0492,0.0246]}}},{"origin":[-2.375,4.75,-10],"size":[0.25,0.25,0.5],"uv":{"down":{"uv":[15.4496,11.1242],"uv_size":[-0.0246,-0.0492]},"east":{"uv":[15.8758,10.8754],"uv_size":[0.0492,0.0246]},"north":{"uv":[14.9504,10.8754],"uv_size":[0.0246,0.0246]},"south":{"uv":[15.4254,10.8754],"uv_size":[0.0246,0.0246]},"up":{"uv":[15.4496,9.7242],"uv_size":[-0.0246,-0.0492]},"west":{"uv":[14.4758,10.8754],"uv_size":[0.0492,0.0246]}}},{"origin":[-2.875,3.75,-10.5],"size":[0.5,0.25,1.25],"uv":{"down":{"uv":[15.4992,11.173],"uv_size":[-0.0492,-0.123]},"east":{"uv":[15.852,10.9754],"uv_size":[0.123,0.0246]},"north":{"uv":[14.9008,10.9754],"uv_size":[0.0492,0.0246]},"south":{"uv":[15.4508,10.9754],"uv_size":[0.0492,0.0246]},"up":{"uv":[15.4992,9.748],"uv_size":[-0.0492,-0.123]},"west":{"uv":[14.427,10.9754],"uv_size":[0.123,0.0246]}}},{"origin":[-2.875,4,-10.25],"size":[0.5,0.25,0.75],"uv":{"down":{"uv":[15.4992,11.1488],"uv_size":[-0.0492,-0.0738]},"east":{"uv":[15.8762,10.9504],"uv_size":[0.0738,0.0246]},"north":{"uv":[14.9008,10.9504],"uv_size":[0.0492,0.0246]},"south":{"uv":[15.4508,10.9504],"uv_size":[0.0492,0.0246]},"up":{"uv":[15.4992,9.7238],"uv_size":[-0.0492,-0.0738]},"west":{"uv":[14.4512,10.9504],"uv_size":[0.0738,0.0246]}}},{"origin":[-2.625,4.25,-10],"size":[0.25,0.25,0.5],"uv":{"down":{"uv":[15.4746,11.1242],"uv_size":[-0.0246,-0.0492]},"east":{"uv":[15.8758,10.9254],"uv_size":[0.0492,0.0246]},"north":{"uv":[14.9254,10.9254],"uv_size":[0.0246,0.0246]},"south":{"uv":[15.4504,10.9254],"uv_size":[0.0246,0.0246]},"up":{"uv":[15.4746,9.7242],"uv_size":[-0.0246,-0.0492]},"west":{"uv":[14.4758,10.9254],"uv_size":[0.0492,0.0246]}}},{"origin":[-2.875,4,-9.5],"size":[0.25,0.25,0.25],"uv":{"down":{"uv":[15.4996,11.0746],"uv_size":[-0.0246,-0.0246]},"east":{"uv":[15.8504,10.9504],"uv_size":[0.0246,0.0246]},"north":{"uv":[14.9004,10.9504],"uv_size":[0.0246,0.0246]},"south":{"uv":[15.4754,10.9504],"uv_size":[0.0246,0.0246]},"up":{"uv":[15.4996,9.7496],"uv_size":[-0.0246,-0.0246]},"west":{"uv":[14.5254,10.9504],"uv_size":[0.0246,0.0246]}}},{"origin":[2.375,3.75,-10.5],"size":[0.5,0.25,1.25],"uv":{"down":{"uv":[14.9742,11.173],"uv_size":[-0.0492,-0.123]},"east":{"uv":[15.852,10.9754],"uv_size":[0.123,0.0246]},"north":{"uv":[15.4258,10.9754],"uv_size":[0.0492,0.0246]},"south":{"uv":[14.9258,10.9754],"uv_size":[0.0492,0.0246]},"up":{"uv":[14.9742,9.748],"uv_size":[-0.0492,-0.123]},"west":{"uv":[14.427,10.9754],"uv_size":[0.123,0.0246]}}},{"origin":[2.375,4,-10.25],"size":[0.5,0.25,0.75],"uv":{"down":{"uv":[14.9742,11.1488],"uv_size":[-0.0492,-0.0738]},"east":{"uv":[15.8762,10.9504],"uv_size":[0.0738,0.0246]},"north":{"uv":[15.4258,10.9504],"uv_size":[0.0492,0.0246]},"south":{"uv":[14.9258,10.9504],"uv_size":[0.0492,0.0246]},"up":{"uv":[14.9742,9.7238],"uv_size":[-0.0492,-0.0738]},"west":{"uv":[14.4512,10.9504],"uv_size":[0.0738,0.0246]}}},{"origin":[2.625,4,-9.5],"size":[0.25,0.25,0.25],"uv":{"down":{"uv":[14.9496,11.0746],"uv_size":[-0.0246,-0.0246]},"east":{"uv":[15.8504,10.9504],"uv_size":[0.0246,0.0246]},"north":{"uv":[15.4504,10.9504],"uv_size":[0.0246,0.0246]},"south":{"uv":[14.9254,10.9504],"uv_size":[0.0246,0.0246]},"up":{"uv":[14.9496,9.7496],"uv_size":[-0.0246,-0.0246]},"west":{"uv":[14.5254,10.9504],"uv_size":[0.0246,0.0246]}}},{"origin":[2.375,4.25,-10],"size":[0.25,0.5,0.5],"uv":{"down":{"uv":[14.9746,11.1242],"uv_size":[-0.0246,-0.0492]},"east":{"uv":[15.8758,10.9008],"uv_size":[0.0492,0.0492]},"north":{"uv":[15.4254,10.9008],"uv_size":[0.0246,0.0492]},"south":{"uv":[14.9504,10.9008],"uv_size":[0.0246,0.0492]},"up":{"uv":[14.9746,9.7242],"uv_size":[-0.0246,-0.0492]},"west":{"uv":[14.4758,10.9008],"uv_size":[0.0492,0.0492]}}},{"origin":[2.125,4.5,-10],"size":[0.25,0.75,0.5],"uv":{"down":{"uv":[14.9996,11.1242],"uv_size":[-0.0246,-0.0492]},"east":{"uv":[15.8758,10.8512],"uv_size":[0.0492,0.0738]},"north":{"uv":[15.4004,10.8512],"uv_size":[0.0246,0.0738]},"south":{"uv":[14.9754,10.8512],"uv_size":[0.0246,0.0738]},"up":{"uv":[14.9996,9.7242],"uv_size":[-0.0246,-0.0492]},"west":{"uv":[14.4758,10.8512],"uv_size":[0.0492,0.0738]}}},{"origin":[1.875,5,-10],"size":[0.25,0.75,0.5],"uv":{"down":{"uv":[15.0246,11.1242],"uv_size":[-0.0246,-0.0492]},"east":{"uv":[15.8758,10.8012],"uv_size":[0.0492,0.0738]},"north":{"uv":[15.3754,10.8012],"uv_size":[0.0246,0.0738]},"south":{"uv":[15.0004,10.8012],"uv_size":[0.0246,0.0738]},"up":{"uv":[15.0246,9.7242],"uv_size":[-0.0246,-0.0492]},"west":{"uv":[14.4758,10.8012],"uv_size":[0.0492,0.0738]}}},{"origin":[1.625,5.5,-9.5],"size":[0.5,0.25,0.25],"uv":{"down":{"uv":[15.0492,11.0746],"uv_size":[-0.0492,-0.0246]},"east":{"uv":[15.8504,10.8004],"uv_size":[0.0246,0.0246]},"north":{"uv":[15.3508,10.8004],"uv_size":[0.0492,0.0246]},"south":{"uv":[15.0008,10.8004],"uv_size":[0.0492,0.0246]},"up":{"uv":[15.0492,9.7496],"uv_size":[-0.0492,-0.0246]},"west":{"uv":[14.5254,10.8004],"uv_size":[0.0246,0.0246]}}},{"origin":[1.625,5.5,-10],"size":[0.25,0.75,0.5],"uv":{"down":{"uv":[15.0496,11.1242],"uv_size":[-0.0246,-0.0492]},"east":{"uv":[15.8758,10.7512],"uv_size":[0.0492,0.0738]},"north":{"uv":[15.3504,10.7512],"uv_size":[0.0246,0.0738]},"south":{"uv":[15.0254,10.7512],"uv_size":[0.0246,0.0738]},"up":{"uv":[15.0496,9.7242],"uv_size":[-0.0246,-0.0492]},"west":{"uv":[14.4758,10.7512],"uv_size":[0.0492,0.0738]}}},{"origin":[1.625,5.75,-9.5],"size":[0.25,0.25,0.25],"uv":{"down":{"uv":[15.0496,11.0746],"uv_size":[-0.0246,-0.0246]},"east":{"uv":[15.8504,10.7754],"uv_size":[0.0246,0.0246]},"north":{"uv":[15.3504,10.7754],"uv_size":[0.0246,0.0246]},"south":{"uv":[15.0254,10.7754],"uv_size":[0.0246,0.0246]},"up":{"uv":[15.0496,9.7496],"uv_size":[-0.0246,-0.0246]},"west":{"uv":[14.5254,10.7754],"uv_size":[0.0246,0.0246]}}},{"origin":[1.375,6,-10],"size":[0.25,0.75,0.5],"uv":{"down":{"uv":[15.0746,11.1242],"uv_size":[-0.0246,-0.0492]},"east":{"uv":[15.8758,10.7012],"uv_size":[0.0492,0.0738]},"north":{"uv":[15.3254,10.7012],"uv_size":[0.0246,0.0738]},"south":{"uv":[15.0504,10.7012],"uv_size":[0.0246,0.0738]},"up":{"uv":[15.0746,9.7242],"uv_size":[-0.0246,-0.0492]},"west":{"uv":[14.4758,10.7012],"uv_size":[0.0492,0.0738]}}},{"origin":[1.125,6.5,-10],"size":[0.25,0.75,0.5],"uv":{"down":{"uv":[15.0996,11.1242],"uv_size":[-0.0246,-0.0492]},"east":{"uv":[15.8758,10.6512],"uv_size":[0.0492,0.0738]},"north":{"uv":[15.3004,10.6512],"uv_size":[0.0246,0.0738]},"south":{"uv":[15.0754,10.6512],"uv_size":[0.0246,0.0738]},"up":{"uv":[15.0996,9.7242],"uv_size":[-0.0246,-0.0492]},"west":{"uv":[14.4758,10.6512],"uv_size":[0.0492,0.0738]}}},{"origin":[0.625,7.75,-10],"size":[0.25,0.5,0.5],"uv":{"down":{"uv":[15.1496,11.1242],"uv_size":[-0.0246,-0.0492]},"east":{"uv":[15.8758,10.5508],"uv_size":[0.0492,0.0492]},"north":{"uv":[15.2504,10.5508],"uv_size":[0.0246,0.0492]},"south":{"uv":[15.1254,10.5508],"uv_size":[0.0246,0.0492]},"up":{"uv":[15.1496,9.7242],"uv_size":[-0.0246,-0.0492]},"west":{"uv":[14.4758,10.5508],"uv_size":[0.0492,0.0492]}}},{"origin":[-1.125,7.25,-10.25],"size":[0.25,0.25,0.75],"uv":{"down":{"uv":[15.3246,11.1488],"uv_size":[-0.0246,-0.0738]},"east":{"uv":[15.8762,10.6254],"uv_size":[0.0738,0.0246]},"north":{"uv":[15.0754,10.6254],"uv_size":[0.0246,0.0246]},"south":{"uv":[15.3004,10.6254],"uv_size":[0.0246,0.0246]},"up":{"uv":[15.3246,9.7238],"uv_size":[-0.0246,-0.0738]},"west":{"uv":[14.4512,10.6254],"uv_size":[0.0738,0.0246]}}},{"origin":[-1.375,7,-10],"size":[0.5,0.25,0.5],"uv":{"down":{"uv":[15.3492,11.1242],"uv_size":[-0.0492,-0.0492]},"east":{"uv":[15.8758,10.6504],"uv_size":[0.0492,0.0246]},"north":{"uv":[15.0508,10.6504],"uv_size":[0.0492,0.0246]},"south":{"uv":[15.3008,10.6504],"uv_size":[0.0492,0.0246]},"up":{"uv":[15.3492,9.7242],"uv_size":[-0.0492,-0.0492]},"west":{"uv":[14.4758,10.6504],"uv_size":[0.0492,0.0246]}}},{"origin":[-0.875,7.75,-10],"size":[0.25,0.25,0.5],"uv":{"down":{"uv":[15.2996,11.1242],"uv_size":[-0.0246,-0.0492]},"east":{"uv":[15.8758,10.5754],"uv_size":[0.0492,0.0246]},"north":{"uv":[15.1004,10.5754],"uv_size":[0.0246,0.0246]},"south":{"uv":[15.2754,10.5754],"uv_size":[0.0246,0.0246]},"up":{"uv":[15.2996,9.7242],"uv_size":[-0.0246,-0.0492]},"west":{"uv":[14.4758,10.5754],"uv_size":[0.0492,0.0246]}}},{"origin":[-1.125,7.5,-10.25],"size":[0.5,0.25,0.75],"uv":{"down":{"uv":[15.3242,11.1488],"uv_size":[-0.0492,-0.0738]},"east":{"uv":[15.8762,10.6004],"uv_size":[0.0738,0.0246]},"north":{"uv":[15.0758,10.6004],"uv_size":[0.0492,0.0246]},"south":{"uv":[15.2758,10.6004],"uv_size":[0.0492,0.0246]},"up":{"uv":[15.3242,9.7238],"uv_size":[-0.0492,-0.0738]},"west":{"uv":[14.4512,10.6004],"uv_size":[0.0738,0.0246]}}},{"origin":[-0.625,8.25,-10],"size":[0.25,0.25,0.5],"uv":{"down":{"uv":[15.2746,11.1242],"uv_size":[-0.0246,-0.0492]},"east":{"uv":[15.8758,10.5254],"uv_size":[0.0492,0.0246]},"north":{"uv":[15.1254,10.5254],"uv_size":[0.0246,0.0246]},"south":{"uv":[15.2504,10.5254],"uv_size":[0.0246,0.0246]},"up":{"uv":[15.2746,9.7242],"uv_size":[-0.0246,-0.0492]},"west":{"uv":[14.4758,10.5254],"uv_size":[0.0492,0.0246]}}},{"origin":[-0.875,8,-10],"size":[0.5,0.25,0.5],"uv":{"down":{"uv":[15.2992,11.1242],"uv_size":[-0.0492,-0.0492]},"east":{"uv":[15.8758,10.5504],"uv_size":[0.0492,0.0246]},"north":{"uv":[15.1008,10.5504],"uv_size":[0.0492,0.0246]},"south":{"uv":[15.2508,10.5504],"uv_size":[0.0492,0.0246]},"up":{"uv":[15.2992,9.7242],"uv_size":[-0.0492,-0.0492]},"west":{"uv":[14.4758,10.5504],"uv_size":[0.0492,0.0246]}}},{"origin":[-0.375,8.75,-10],"size":[0.25,0.25,0.5],"uv":{"down":{"uv":[15.2496,11.1242],"uv_size":[-0.0246,-0.0492]},"east":{"uv":[15.8758,10.4754],"uv_size":[0.0492,0.0246]},"north":{"uv":[15.1504,10.4754],"uv_size":[0.0246,0.0246]},"south":{"uv":[15.2254,10.4754],"uv_size":[0.0246,0.0246]},"up":{"uv":[15.2496,9.7242],"uv_size":[-0.0246,-0.0492]},"west":{"uv":[14.4758,10.4754],"uv_size":[0.0492,0.0246]}}},{"origin":[-0.625,8.5,-10],"size":[0.5,0.25,0.5],"uv":{"down":{"uv":[15.2742,11.1242],"uv_size":[-0.0492,-0.0492]},"east":{"uv":[15.8758,10.5004],"uv_size":[0.0492,0.0246]},"north":{"uv":[15.1258,10.5004],"uv_size":[0.0492,0.0246]},"south":{"uv":[15.2258,10.5004],"uv_size":[0.0492,0.0246]},"up":{"uv":[15.2742,9.7242],"uv_size":[-0.0492,-0.0492]},"west":{"uv":[14.4758,10.5004],"uv_size":[0.0492,0.0246]}}},{"origin":[-0.375,9,-10],"size":[0.5,0.25,0.5],"uv":{"down":{"uv":[15.2492,11.1242],"uv_size":[-0.0492,-0.0492]},"east":{"uv":[15.8758,10.4504],"uv_size":[0.0492,0.0246]},"north":{"uv":[15.1508,10.4504],"uv_size":[0.0492,0.0246]},"south":{"uv":[15.2008,10.4504],"uv_size":[0.0492,0.0246]},"up":{"uv":[15.2492,9.7242],"uv_size":[-0.0492,-0.0492]},"west":{"uv":[14.4758,10.4504],"uv_size":[0.0492,0.0246]}}},{"origin":[0.375,8,-10],"size":[0.25,0.75,0.5],"uv":{"down":{"uv":[15.1746,11.1242],"uv_size":[-0.0246,-0.0492]},"east":{"uv":[15.8758,10.5012],"uv_size":[0.0492,0.0738]},"north":{"uv":[15.2254,10.5012],"uv_size":[0.0246,0.0738]},"south":{"uv":[15.1504,10.5012],"uv_size":[0.0246,0.0738]},"up":{"uv":[15.1746,9.7242],"uv_size":[-0.0246,-0.0492]},"west":{"uv":[14.4758,10.5012],"uv_size":[0.0492,0.0738]}}},{"origin":[0.125,8.5,-10],"size":[0.25,0.75,0.5],"uv":{"down":{"uv":[15.1996,11.1242],"uv_size":[-0.0246,-0.0492]},"east":{"uv":[15.8758,10.4512],"uv_size":[0.0492,0.0738]},"north":{"uv":[15.2004,10.4512],"uv_size":[0.0246,0.0738]},"south":{"uv":[15.1754,10.4512],"uv_size":[0.0246,0.0738]},"up":{"uv":[15.1996,9.7242],"uv_size":[-0.0246,-0.0492]},"west":{"uv":[14.4758,10.4512],"uv_size":[0.0492,0.0738]}}},{"origin":[0.875,7,-10],"size":[0.25,0.75,0.5],"uv":{"down":{"uv":[15.1246,11.1242],"uv_size":[-0.0246,-0.0492]},"east":{"uv":[15.8758,10.6012],"uv_size":[0.0492,0.0738]},"north":{"uv":[15.2754,10.6012],"uv_size":[0.0246,0.0738]},"south":{"uv":[15.1004,10.6012],"uv_size":[0.0246,0.0738]},"up":{"uv":[15.1246,9.7242],"uv_size":[-0.0246,-0.0492]},"west":{"uv":[14.4758,10.6012],"uv_size":[0.0492,0.0738]}}},{"origin":[0.875,7.25,-10.25],"size":[0.25,0.5,0.25],"uv":{"down":{"uv":[15.1246,11.1496],"uv_size":[-0.0246,-0.0246]},"east":{"uv":[15.9254,10.6008],"uv_size":[0.0246,0.0492]},"north":{"uv":[15.2754,10.6008],"uv_size":[0.0246,0.0492]},"south":{"uv":[15.1004,10.6008],"uv_size":[0.0246,0.0492]},"up":{"uv":[15.1246,9.6746],"uv_size":[-0.0246,-0.0246]},"west":{"uv":[14.4504,10.6008],"uv_size":[0.0246,0.0492]}}},{"origin":[0.625,7.5,-10.25],"size":[0.25,0.25,0.75],"uv":{"down":{"uv":[15.1496,11.1488],"uv_size":[-0.0246,-0.0738]},"east":{"uv":[15.8762,10.6004],"uv_size":[0.0738,0.0246]},"north":{"uv":[15.2504,10.6004],"uv_size":[0.0246,0.0246]},"south":{"uv":[15.1254,10.6004],"uv_size":[0.0246,0.0246]},"up":{"uv":[15.1496,9.7238],"uv_size":[-0.0246,-0.0738]},"west":{"uv":[14.4512,10.6004],"uv_size":[0.0738,0.0246]}}},{"origin":[-0.375,9.25,-10],"size":[0.75,0.25,0.5],"uv":{"down":{"uv":[12.0488,14.3242],"uv_size":[-0.0738,-0.0492]},"east":{"uv":[12.6758,13.6254],"uv_size":[0.0492,0.0246]},"north":{"uv":[11.9512,13.6254],"uv_size":[0.0738,0.0246]},"south":{"uv":[11.9762,13.6254],"uv_size":[0.0738,0.0246]},"up":{"uv":[12.0488,12.9242],"uv_size":[-0.0738,-0.0492]},"west":{"uv":[11.2758,13.6254],"uv_size":[0.0492,0.0246]}}},{"origin":[-0.375,9.25,-10.25],"size":[0.75,0.5,0.25],"uv":{"down":{"uv":[12.0488,14.3496],"uv_size":[-0.0738,-0.0246]},"east":{"uv":[12.7254,13.6008],"uv_size":[0.0246,0.0492]},"north":{"uv":[11.9512,13.6008],"uv_size":[0.0738,0.0492]},"south":{"uv":[11.9762,13.6008],"uv_size":[0.0738,0.0492]},"up":{"uv":[12.0488,12.8746],"uv_size":[-0.0738,-0.0246]},"west":{"uv":[11.2504,13.6008],"uv_size":[0.0246,0.0492]}}},{"origin":[-0.125,9.5,-10],"size":[0.25,0.25,0.5],"uv":{"down":{"uv":[12.0246,14.3242],"uv_size":[-0.0246,-0.0492]},"east":{"uv":[12.6758,13.6004],"uv_size":[0.0492,0.0246]},"north":{"uv":[11.9754,13.6004],"uv_size":[0.0246,0.0246]},"south":{"uv":[12.0004,13.6004],"uv_size":[0.0246,0.0246]},"up":{"uv":[12.0246,12.9242],"uv_size":[-0.0246,-0.0492]},"west":{"uv":[11.2758,13.6004],"uv_size":[0.0492,0.0246]}}},{"origin":[-0.375,9.5,-10.75],"size":[0.75,0.25,0.5],"uv":{"down":{"uv":[12.0488,14.3992],"uv_size":[-0.0738,-0.0492]},"east":{"uv":[12.7508,13.6004],"uv_size":[0.0492,0.0246]},"north":{"uv":[11.9512,13.6004],"uv_size":[0.0738,0.0246]},"south":{"uv":[11.9762,13.6004],"uv_size":[0.0738,0.0246]},"up":{"uv":[12.0488,12.8492],"uv_size":[-0.0738,-0.0492]},"west":{"uv":[11.2008,13.6004],"uv_size":[0.0492,0.0246]}}},{"origin":[-0.125,9.75,-10.75],"size":[0.25,0.25,0.5],"uv":{"down":{"uv":[12.0246,14.3992],"uv_size":[-0.0246,-0.0492]},"east":{"uv":[12.7508,13.5754],"uv_size":[0.0492,0.0246]},"north":{"uv":[11.9754,13.5754],"uv_size":[0.0246,0.0246]},"south":{"uv":[12.0004,13.5754],"uv_size":[0.0246,0.0246]},"up":{"uv":[12.0246,12.8492],"uv_size":[-0.0246,-0.0492]},"west":{"uv":[11.2008,13.5754],"uv_size":[0.0492,0.0246]}}},{"origin":[-0.375,9.25,-11.25],"size":[0.75,0.5,0.25],"uv":{"down":{"uv":[12.0488,12.8496],"uv_size":[-0.0738,-0.0246]},"east":{"uv":[11.2254,13.6008],"uv_size":[0.0246,0.0492]},"north":{"uv":[11.9512,13.6008],"uv_size":[0.0738,0.0492]},"south":{"uv":[11.9762,13.6008],"uv_size":[0.0738,0.0492]},"up":{"uv":[12.0488,14.3746],"uv_size":[-0.0738,-0.0246]},"west":{"uv":[12.7504,13.6008],"uv_size":[0.0246,0.0492]}}},{"origin":[-0.375,9,-11],"size":[0.75,0.75,0.25],"uv":{"down":{"uv":[12.0488,12.8246],"uv_size":[-0.0738,-0.0246]},"east":{"uv":[11.2004,13.6012],"uv_size":[0.0246,0.0738]},"north":{"uv":[11.9512,13.6012],"uv_size":[0.0738,0.0738]},"south":{"uv":[11.9762,13.6012],"uv_size":[0.0738,0.0738]},"up":{"uv":[12.0488,14.3996],"uv_size":[-0.0738,-0.0246]},"west":{"uv":[12.7754,13.6012],"uv_size":[0.0246,0.0738]}}},{"origin":[-0.125,9,-11.25],"size":[0.25,0.25,0.25],"uv":{"down":{"uv":[12.0246,12.8496],"uv_size":[-0.0246,-0.0246]},"east":{"uv":[11.2254,13.6504],"uv_size":[0.0246,0.0246]},"north":{"uv":[11.9754,13.6504],"uv_size":[0.0246,0.0246]},"south":{"uv":[12.0004,13.6504],"uv_size":[0.0246,0.0246]},"up":{"uv":[12.0246,14.3746],"uv_size":[-0.0246,-0.0246]},"west":{"uv":[12.7504,13.6504],"uv_size":[0.0246,0.0246]}}},{"origin":[-0.125,9.25,-10.75],"size":[0.25,0.25,0.5],"uv":{"down":{"uv":[12.0246,14.3992],"uv_size":[-0.0246,-0.0492]},"east":{"uv":[12.7508,13.6254],"uv_size":[0.0492,0.0246]},"north":{"uv":[11.9754,13.6254],"uv_size":[0.0246,0.0246]},"south":{"uv":[12.0004,13.6254],"uv_size":[0.0246,0.0246]},"up":{"uv":[12.0246,12.8492],"uv_size":[-0.0246,-0.0492]},"west":{"uv":[11.2008,13.6254],"uv_size":[0.0492,0.0246]}}},{"origin":[-0.625,10,-9.25],"size":[1.25,0.25,4.75],"uv":{"down":{"uv":[15.273,11.0424],"uv_size":[-0.123,-0.4674]},"east":{"uv":[15.3826,10.3504],"uv_size":[0.4674,0.0246]},"north":{"uv":[15.127,10.3504],"uv_size":[0.123,0.0246]},"south":{"uv":[15.152,10.3504],"uv_size":[0.123,0.0246]},"up":{"uv":[15.273,10.2174],"uv_size":[-0.123,-0.4674]},"west":{"uv":[14.5576,10.3504],"uv_size":[0.4674,0.0246]}}},{"origin":[-0.375,10.25,-8.75],"size":[0.75,0.25,4.25],"uv":{"down":{"uv":[15.2488,10.9932],"uv_size":[-0.0738,-0.4182]},"east":{"uv":[15.3818,10.3254],"uv_size":[0.4182,0.0246]},"north":{"uv":[15.1512,10.3254],"uv_size":[0.0738,0.0246]},"south":{"uv":[15.1762,10.3254],"uv_size":[0.0738,0.0246]},"up":{"uv":[15.2488,10.2182],"uv_size":[-0.0738,-0.4182]},"west":{"uv":[14.6068,10.3254],"uv_size":[0.4182,0.0246]}}},{"origin":[-0.625,10.5,-8.75],"size":[1.25,0.25,3.5],"uv":{"down":{"uv":[0.873,14.1944],"uv_size":[-0.123,-0.3444]},"east":{"uv":[1.0556,13.5004],"uv_size":[0.3444,0.0246]},"north":{"uv":[0.727,13.5004],"uv_size":[0.123,0.0246]},"south":{"uv":[0.752,13.5004],"uv_size":[0.123,0.0246]},"up":{"uv":[0.873,13.3444],"uv_size":[-0.123,-0.3444]},"west":{"uv":[0.2056,13.5004],"uv_size":[0.3444,0.0246]}}},{"origin":[-0.375,10.75,-8.75],"size":[0.75,0.25,3.25],"uv":{"down":{"uv":[0.8488,14.1948],"uv_size":[-0.0738,-0.3198]},"east":{"uv":[1.0802,13.4754],"uv_size":[0.3198,0.0246]},"north":{"uv":[0.7512,13.4754],"uv_size":[0.0738,0.0246]},"south":{"uv":[0.7762,13.4754],"uv_size":[0.0738,0.0246]},"up":{"uv":[0.8488,13.3198],"uv_size":[-0.0738,-0.3198]},"west":{"uv":[0.2052,13.4754],"uv_size":[0.3198,0.0246]}}},{"origin":[-0.125,10.25,-9.25],"size":[0.25,0.25,0.5],"uv":{"down":{"uv":[13.6246,12.6492],"uv_size":[-0.0246,-0.0492]},"east":{"uv":[14.2008,11.9254],"uv_size":[0.0492,0.0246]},"north":{"uv":[13.5754,11.9254],"uv_size":[0.0246,0.0246]},"south":{"uv":[13.6004,11.9254],"uv_size":[0.0246,0.0246]},"up":{"uv":[13.6246,11.3992],"uv_size":[-0.0246,-0.0492]},"west":{"uv":[12.9508,11.9254],"uv_size":[0.0492,0.0246]}}},{"origin":[-0.375,10.5,-9.5],"size":[0.75,0.25,0.75],"uv":{"down":{"uv":[13.6488,12.6738],"uv_size":[-0.0738,-0.0738]},"east":{"uv":[14.2012,11.9004],"uv_size":[0.0738,0.0246]},"north":{"uv":[13.5512,11.9004],"uv_size":[0.0738,0.0246]},"south":{"uv":[13.5762,11.9004],"uv_size":[0.0738,0.0246]},"up":{"uv":[13.6488,11.3988],"uv_size":[-0.0738,-0.0738]},"west":{"uv":[12.9262,11.9004],"uv_size":[0.0738,0.0246]}}},{"origin":[-0.375,10.25,-9.75],"size":[0.75,0.25,0.5],"uv":{"down":{"uv":[13.6488,12.6992],"uv_size":[-0.0738,-0.0492]},"east":{"uv":[14.2508,11.9254],"uv_size":[0.0492,0.0246]},"north":{"uv":[13.5512,11.9254],"uv_size":[0.0738,0.0246]},"south":{"uv":[13.5762,11.9254],"uv_size":[0.0738,0.0246]},"up":{"uv":[13.6488,11.3492],"uv_size":[-0.0738,-0.0492]},"west":{"uv":[12.9008,11.9254],"uv_size":[0.0492,0.0246]}}},{"origin":[-0.125,10,-9.75],"size":[0.25,0.25,0.5],"uv":{"down":{"uv":[13.6246,12.6992],"uv_size":[-0.0246,-0.0492]},"east":{"uv":[14.2508,11.9504],"uv_size":[0.0492,0.0246]},"north":{"uv":[13.5754,11.9504],"uv_size":[0.0246,0.0246]},"south":{"uv":[13.6004,11.9504],"uv_size":[0.0246,0.0246]},"up":{"uv":[13.6246,11.3492],"uv_size":[-0.0246,-0.0492]},"west":{"uv":[12.9008,11.9504],"uv_size":[0.0492,0.0246]}}},{"origin":[-0.375,10,-10.25],"size":[0.75,0.5,0.5],"uv":{"down":{"uv":[13.6488,12.7492],"uv_size":[-0.0738,-0.0492]},"east":{"uv":[14.3008,11.9258],"uv_size":[0.0492,0.0492]},"north":{"uv":[13.5512,11.9258],"uv_size":[0.0738,0.0492]},"south":{"uv":[13.5762,11.9258],"uv_size":[0.0738,0.0492]},"up":{"uv":[13.6488,11.2992],"uv_size":[-0.0738,-0.0492]},"west":{"uv":[12.8508,11.9258],"uv_size":[0.0492,0.0492]}}},{"origin":[-0.125,10.5,-10.25],"size":[0.25,0.25,0.5],"uv":{"down":{"uv":[13.6246,12.7492],"uv_size":[-0.0246,-0.0492]},"east":{"uv":[14.3008,11.9004],"uv_size":[0.0492,0.0246]},"north":{"uv":[13.5754,11.9004],"uv_size":[0.0246,0.0246]},"south":{"uv":[13.6004,11.9004],"uv_size":[0.0246,0.0246]},"up":{"uv":[13.6246,11.2992],"uv_size":[-0.0246,-0.0492]},"west":{"uv":[12.8508,11.9004],"uv_size":[0.0492,0.0246]}}},{"origin":[-0.375,10.25,-10.5],"size":[0.75,0.5,0.25],"uv":{"down":{"uv":[13.6488,12.7746],"uv_size":[-0.0738,-0.0246]},"east":{"uv":[14.3504,11.9008],"uv_size":[0.0246,0.0492]},"north":{"uv":[13.5512,11.9008],"uv_size":[0.0738,0.0492]},"south":{"uv":[13.5762,11.9008],"uv_size":[0.0738,0.0492]},"up":{"uv":[13.6488,11.2496],"uv_size":[-0.0738,-0.0246]},"west":{"uv":[12.8254,11.9008],"uv_size":[0.0246,0.0492]}}},{"origin":[-0.125,10.75,-10.5],"size":[0.25,0.25,0.25],"uv":{"down":{"uv":[13.6246,12.7746],"uv_size":[-0.0246,-0.0246]},"east":{"uv":[14.3504,11.8754],"uv_size":[0.0246,0.0246]},"north":{"uv":[13.5754,11.8754],"uv_size":[0.0246,0.0246]},"south":{"uv":[13.6004,11.8754],"uv_size":[0.0246,0.0246]},"up":{"uv":[13.6246,11.2496],"uv_size":[-0.0246,-0.0246]},"west":{"uv":[12.8254,11.8754],"uv_size":[0.0246,0.0246]}}},{"origin":[-0.375,10.25,-10.75],"size":[0.75,1.25,0.25],"uv":{"down":{"uv":[13.6488,12.7996],"uv_size":[-0.0738,-0.0246]},"east":{"uv":[14.3754,11.827],"uv_size":[0.0246,0.123]},"north":{"uv":[13.5512,11.827],"uv_size":[0.0738,0.123]},"south":{"uv":[13.5762,11.827],"uv_size":[0.0738,0.123]},"up":{"uv":[13.6488,11.2246],"uv_size":[-0.0738,-0.0246]},"west":{"uv":[12.8004,11.827],"uv_size":[0.0246,0.123]}}},{"origin":[-0.125,10,-10.75],"size":[0.25,0.25,0.5],"uv":{"down":{"uv":[13.6246,12.7992],"uv_size":[-0.0246,-0.0492]},"east":{"uv":[14.3508,11.9504],"uv_size":[0.0492,0.0246]},"north":{"uv":[13.5754,11.9504],"uv_size":[0.0246,0.0246]},"south":{"uv":[13.6004,11.9504],"uv_size":[0.0246,0.0246]},"up":{"uv":[13.6246,11.2492],"uv_size":[-0.0246,-0.0492]},"west":{"uv":[12.8008,11.9504],"uv_size":[0.0492,0.0246]}}},{"origin":[-0.375,10,-12.75],"size":[0.75,0.25,1.25],"uv":{"down":{"uv":[13.6488,11.398],"uv_size":[-0.0738,-0.123]},"east":{"uv":[12.877,11.9504],"uv_size":[0.123,0.0246]},"north":{"uv":[13.5512,11.9504],"uv_size":[0.0738,0.0246]},"south":{"uv":[13.5762,11.9504],"uv_size":[0.0738,0.0246]},"up":{"uv":[13.6488,12.723],"uv_size":[-0.0738,-0.123]},"west":{"uv":[14.202,11.9504],"uv_size":[0.123,0.0246]}}},{"origin":[0.125,10.25,-12.75],"size":[0.25,0.5,1.25],"uv":{"down":{"uv":[13.5996,11.398],"uv_size":[-0.0246,-0.123]},"east":{"uv":[12.877,11.9008],"uv_size":[0.123,0.0492]},"north":{"uv":[13.6004,11.9008],"uv_size":[0.0246,0.0492]},"south":{"uv":[13.5754,11.9008],"uv_size":[0.0246,0.0492]},"up":{"uv":[13.5996,12.723],"uv_size":[-0.0246,-0.123]},"west":{"uv":[14.202,11.9008],"uv_size":[0.123,0.0492]}}},{"origin":[-0.375,10.25,-12.25],"size":[0.5,0.5,0.75],"uv":{"down":{"uv":[13.6492,11.3488],"uv_size":[-0.0492,-0.0738]},"east":{"uv":[12.8762,11.9008],"uv_size":[0.0738,0.0492]},"north":{"uv":[13.5508,11.9008],"uv_size":[0.0492,0.0492]},"south":{"uv":[13.6008,11.9008],"uv_size":[0.0492,0.0492]},"up":{"uv":[13.6492,12.7238],"uv_size":[-0.0492,-0.0738]},"west":{"uv":[14.2512,11.9008],"uv_size":[0.0738,0.0492]}}},{"origin":[-0.375,10.5,-12.75],"size":[0.5,0.25,0.5],"uv":{"down":{"uv":[13.6492,11.3992],"uv_size":[-0.0492,-0.0492]},"east":{"uv":[12.9508,11.9004],"uv_size":[0.0492,0.0246]},"north":{"uv":[13.5508,11.9004],"uv_size":[0.0492,0.0246]},"south":{"uv":[13.6008,11.9004],"uv_size":[0.0492,0.0246]},"up":{"uv":[13.6492,12.6492],"uv_size":[-0.0492,-0.0492]},"west":{"uv":[14.2008,11.9004],"uv_size":[0.0492,0.0246]}}},{"origin":[-0.375,10.25,-12.75],"size":[0.25,0.25,0.5],"uv":{"down":{"uv":[13.6496,11.3992],"uv_size":[-0.0246,-0.0492]},"east":{"uv":[12.9508,11.9254],"uv_size":[0.0492,0.0246]},"north":{"uv":[13.5504,11.9254],"uv_size":[0.0246,0.0246]},"south":{"uv":[13.6254,11.9254],"uv_size":[0.0246,0.0246]},"up":{"uv":[13.6496,12.6492],"uv_size":[-0.0246,-0.0492]},"west":{"uv":[14.2008,11.9254],"uv_size":[0.0492,0.0246]}}},{"origin":[-0.375,10,-11.5],"size":[0.75,0.5,0.25],"uv":{"down":{"uv":[15.2488,9.6746],"uv_size":[-0.0738,-0.0246]},"east":{"uv":[14.4504,10.3258],"uv_size":[0.0246,0.0492]},"north":{"uv":[15.1512,10.3258],"uv_size":[0.0738,0.0492]},"south":{"uv":[15.1762,10.3258],"uv_size":[0.0738,0.0492]},"up":{"uv":[15.2488,11.1496],"uv_size":[-0.0738,-0.0246]},"west":{"uv":[15.9254,10.3258],"uv_size":[0.0246,0.0492]}}},{"origin":[-0.125,10,-11.25],"size":[0.25,0.25,0.5],"uv":{"down":{"uv":[15.2246,9.6492],"uv_size":[-0.0246,-0.0492]},"east":{"uv":[14.4008,10.3504],"uv_size":[0.0492,0.0246]},"north":{"uv":[15.1754,10.3504],"uv_size":[0.0246,0.0246]},"south":{"uv":[15.2004,10.3504],"uv_size":[0.0246,0.0246]},"up":{"uv":[15.2246,11.1992],"uv_size":[-0.0246,-0.0492]},"west":{"uv":[15.9508,10.3504],"uv_size":[0.0492,0.0246]}}},{"origin":[-0.375,10.25,-11.25],"size":[0.75,0.25,0.5],"uv":{"down":{"uv":[15.2488,9.6492],"uv_size":[-0.0738,-0.0492]},"east":{"uv":[14.4008,10.3254],"uv_size":[0.0492,0.0246]},"north":{"uv":[15.1512,10.3254],"uv_size":[0.0738,0.0246]},"south":{"uv":[15.1762,10.3254],"uv_size":[0.0738,0.0246]},"up":{"uv":[15.2488,11.1992],"uv_size":[-0.0738,-0.0492]},"west":{"uv":[15.9508,10.3254],"uv_size":[0.0492,0.0246]}}},{"origin":[-0.875,9.5,-4.5],"size":[1.75,0.75,4.75],"uv":{"down":{"uv":[13.6972,12.1674],"uv_size":[-0.1722,-0.4674]},"east":{"uv":[13.3076,11.9512],"uv_size":[0.4674,0.0738]},"north":{"uv":[13.5028,11.9512],"uv_size":[0.1722,0.0738]},"south":{"uv":[13.5278,11.9512],"uv_size":[0.1722,0.0738]},"up":{"uv":[13.6972,12.2924],"uv_size":[-0.1722,-0.4674]},"west":{"uv":[13.4326,11.9512],"uv_size":[0.4674,0.0738]}}},{"origin":[-0.625,10.25,-4.5],"size":[1.25,0.25,5.25],"uv":{"down":{"uv":[13.673,12.1666],"uv_size":[-0.123,-0.5166]},"east":{"uv":[13.2584,11.9254],"uv_size":[0.5166,0.0246]},"north":{"uv":[13.527,11.9254],"uv_size":[0.123,0.0246]},"south":{"uv":[13.552,11.9254],"uv_size":[0.123,0.0246]},"up":{"uv":[13.673,12.3416],"uv_size":[-0.123,-0.5166]},"west":{"uv":[13.4334,11.9254],"uv_size":[0.5166,0.0246]}}},{"origin":[-0.875,10,0.25],"size":[1.75,0.25,0.5],"uv":{"down":{"uv":[13.6972,11.6992],"uv_size":[-0.1722,-0.0492]},"east":{"uv":[13.2508,11.9504],"uv_size":[0.0492,0.0246]},"north":{"uv":[13.5028,11.9504],"uv_size":[0.1722,0.0246]},"south":{"uv":[13.5278,11.9504],"uv_size":[0.1722,0.0246]},"up":{"uv":[13.6972,12.3492],"uv_size":[-0.1722,-0.0492]},"west":{"uv":[13.9008,11.9504],"uv_size":[0.0492,0.0246]}}},{"origin":[-0.625,9.25,-4.5],"size":[1.25,0.25,5],"uv":{"down":{"uv":[13.673,12.167],"uv_size":[-0.123,-0.492]},"east":{"uv":[13.283,12.0254],"uv_size":[0.492,0.0246]},"north":{"uv":[13.527,12.0254],"uv_size":[0.123,0.0246]},"south":{"uv":[13.552,12.0254],"uv_size":[0.123,0.0246]},"up":{"uv":[13.673,12.317],"uv_size":[-0.123,-0.492]},"west":{"uv":[13.433,12.0254],"uv_size":[0.492,0.0246]}}},{"origin":[-0.625,10.5,-5.25],"size":[1.25,0.25,2],"uv":{"down":{"uv":[15.273,10.6468],"uv_size":[-0.123,-0.1968]},"east":{"uv":[15.2532,10.3004],"uv_size":[0.1968,0.0246]},"north":{"uv":[15.127,10.3004],"uv_size":[0.123,0.0246]},"south":{"uv":[15.152,10.3004],"uv_size":[0.123,0.0246]},"up":{"uv":[15.273,10.3468],"uv_size":[-0.123,-0.1968]},"west":{"uv":[14.9532,10.3004],"uv_size":[0.1968,0.0246]}}},{"origin":[-0.375,10.75,-5.5],"size":[0.75,0.25,6.25],"uv":{"down":{"uv":[15.2488,10.665],"uv_size":[-0.0738,-0.615]},"east":{"uv":[14.86,10.2754],"uv_size":[0.615,0.0246]},"north":{"uv":[15.1512,10.2754],"uv_size":[0.0738,0.0246]},"south":{"uv":[15.1762,10.2754],"uv_size":[0.0738,0.0246]},"up":{"uv":[15.2488,10.74],"uv_size":[-0.0738,-0.615]},"west":{"uv":[14.935,10.2754],"uv_size":[0.615,0.0246]}}},{"origin":[-0.625,10.5,-2.75],"size":[1.25,0.25,3.5],"uv":{"down":{"uv":[15.273,10.3944],"uv_size":[-0.123,-0.3444]},"east":{"uv":[14.8556,10.3004],"uv_size":[0.3444,0.0246]},"north":{"uv":[15.127,10.3004],"uv_size":[0.123,0.0246]},"south":{"uv":[15.152,10.3004],"uv_size":[0.123,0.0246]},"up":{"uv":[15.273,10.7444],"uv_size":[-0.123,-0.3444]},"west":{"uv":[15.2056,10.3004],"uv_size":[0.3444,0.0246]}}},{"origin":[-0.375,10.5,-3.25],"size":[0.75,0.25,0.5],"uv":{"down":{"uv":[12.0488,13.6492],"uv_size":[-0.0738,-0.0492]},"east":{"uv":[12.0008,13.5004],"uv_size":[0.0492,0.0246]},"north":{"uv":[11.9512,13.5004],"uv_size":[0.0738,0.0246]},"south":{"uv":[11.9762,13.5004],"uv_size":[0.0738,0.0246]},"up":{"uv":[12.0488,13.5992],"uv_size":[-0.0738,-0.0492]},"west":{"uv":[11.9508,13.5004],"uv_size":[0.0492,0.0246]}}},{"origin":[-0.375,8.75,-2.25],"size":[0.75,0.25,2.5],"uv":{"down":{"uv":[0.8488,13.546],"uv_size":[-0.0738,-0.246]},"east":{"uv":[0.504,13.6754],"uv_size":[0.246,0.0246]},"north":{"uv":[0.7512,13.6754],"uv_size":[0.0738,0.0246]},"south":{"uv":[0.7762,13.6754],"uv_size":[0.0738,0.0246]},"up":{"uv":[0.8488,13.896],"uv_size":[-0.0738,-0.246]},"west":{"uv":[0.854,13.6754],"uv_size":[0.246,0.0246]}}},{"origin":[-0.625,9,-2.25],"size":[1.25,0.25,3],"uv":{"down":{"uv":[0.873,13.5452],"uv_size":[-0.123,-0.2952]},"east":{"uv":[0.4548,13.6504],"uv_size":[0.2952,0.0246]},"north":{"uv":[0.727,13.6504],"uv_size":[0.123,0.0246]},"south":{"uv":[0.752,13.6504],"uv_size":[0.123,0.0246]},"up":{"uv":[0.873,13.9452],"uv_size":[-0.123,-0.2952]},"west":{"uv":[0.8548,13.6504],"uv_size":[0.2952,0.0246]}}},{"origin":[-0.625,8.75,1.5],"size":[1.25,1.75,0.25],"uv":{"down":{"uv":[2.473,13.1746],"uv_size":[-0.123,-0.0246]},"east":{"uv":[1.9504,13.5278],"uv_size":[0.0246,0.1722]},"north":{"uv":[2.327,13.5278],"uv_size":[0.123,0.1722]},"south":{"uv":[2.352,13.5278],"uv_size":[0.123,0.1722]},"up":{"uv":[2.473,14.0496],"uv_size":[-0.123,-0.0246]},"west":{"uv":[2.8254,13.5278],"uv_size":[0.0246,0.1722]}}},{"origin":[-0.625,9.5,1.25],"size":[1.25,0.5,0.25],"uv":{"down":{"uv":[2.473,13.1996],"uv_size":[-0.123,-0.0246]},"east":{"uv":[1.9754,13.5758],"uv_size":[0.0246,0.0492]},"north":{"uv":[2.327,13.5758],"uv_size":[0.123,0.0492]},"south":{"uv":[2.352,13.5758],"uv_size":[0.123,0.0492]},"up":{"uv":[2.473,14.0246],"uv_size":[-0.123,-0.0246]},"west":{"uv":[2.8004,13.5758],"uv_size":[0.0246,0.0492]}}},{"origin":[-0.625,9,1],"size":[1.25,0.5,0.5],"uv":{"down":{"uv":[2.473,13.2242],"uv_size":[-0.123,-0.0492]},"east":{"uv":[1.9758,13.6258],"uv_size":[0.0492,0.0492]},"north":{"uv":[2.327,13.6258],"uv_size":[0.123,0.0492]},"south":{"uv":[2.352,13.6258],"uv_size":[0.123,0.0492]},"up":{"uv":[2.473,14.0242],"uv_size":[-0.123,-0.0492]},"west":{"uv":[2.7758,13.6258],"uv_size":[0.0492,0.0492]}}},{"origin":[-0.875,9,0.75],"size":[1.75,1.75,0.25],"uv":{"down":{"uv":[2.4972,13.2496],"uv_size":[-0.1722,-0.0246]},"east":{"uv":[2.0254,13.5028],"uv_size":[0.0246,0.1722]},"north":{"uv":[2.3028,13.5028],"uv_size":[0.1722,0.1722]},"south":{"uv":[2.3278,13.5028],"uv_size":[0.1722,0.1722]},"up":{"uv":[2.4972,13.9746],"uv_size":[-0.1722,-0.0246]},"west":{"uv":[2.7504,13.5028],"uv_size":[0.0246,0.1722]}}},{"origin":[-0.875,9.25,0.5],"size":[1.75,0.75,0.25],"uv":{"down":{"uv":[2.4972,13.2746],"uv_size":[-0.1722,-0.0246]},"east":{"uv":[2.0504,13.5762],"uv_size":[0.0246,0.0738]},"north":{"uv":[2.3028,13.5762],"uv_size":[0.1722,0.0738]},"south":{"uv":[2.3278,13.5762],"uv_size":[0.1722,0.0738]},"up":{"uv":[2.4972,13.9496],"uv_size":[-0.1722,-0.0246]},"west":{"uv":[2.7254,13.5762],"uv_size":[0.0246,0.0738]}}},{"origin":[-0.875,9.5,0.25],"size":[1.75,0.5,0.25],"uv":{"down":{"uv":[2.4972,13.2996],"uv_size":[-0.1722,-0.0246]},"east":{"uv":[2.0754,13.5758],"uv_size":[0.0246,0.0492]},"north":{"uv":[2.3028,13.5758],"uv_size":[0.1722,0.0492]},"south":{"uv":[2.3278,13.5758],"uv_size":[0.1722,0.0492]},"up":{"uv":[2.4972,13.9246],"uv_size":[-0.1722,-0.0246]},"west":{"uv":[2.7004,13.5758],"uv_size":[0.0246,0.0492]}}},{"origin":[-0.875,9.5,1],"size":[1.75,1.25,0.25],"uv":{"down":{"uv":[2.4972,13.2246],"uv_size":[-0.1722,-0.0246]},"east":{"uv":[2.0004,13.502],"uv_size":[0.0246,0.123]},"north":{"uv":[2.3028,13.502],"uv_size":[0.1722,0.123]},"south":{"uv":[2.3278,13.502],"uv_size":[0.1722,0.123]},"up":{"uv":[2.4972,13.9996],"uv_size":[-0.1722,-0.0246]},"west":{"uv":[2.7754,13.502],"uv_size":[0.0246,0.123]}}},{"origin":[-0.875,10,1.25],"size":[1.75,0.75,0.25],"uv":{"down":{"uv":[2.4972,13.1996],"uv_size":[-0.1722,-0.0246]},"east":{"uv":[1.9754,13.5012],"uv_size":[0.0246,0.0738]},"north":{"uv":[2.3028,13.5012],"uv_size":[0.1722,0.0738]},"south":{"uv":[2.3278,13.5012],"uv_size":[0.1722,0.0738]},"up":{"uv":[2.4972,14.0246],"uv_size":[-0.1722,-0.0246]},"west":{"uv":[2.8004,13.5012],"uv_size":[0.0246,0.0738]}}},{"origin":[-0.875,10.5,1.5],"size":[1.75,0.25,0.25],"uv":{"down":{"uv":[2.4972,13.1746],"uv_size":[-0.1722,-0.0246]},"east":{"uv":[1.9504,13.5004],"uv_size":[0.0246,0.0246]},"north":{"uv":[2.3028,13.5004],"uv_size":[0.1722,0.0246]},"south":{"uv":[2.3278,13.5004],"uv_size":[0.1722,0.0246]},"up":{"uv":[2.4972,14.0496],"uv_size":[-0.1722,-0.0246]},"west":{"uv":[2.8254,13.5004],"uv_size":[0.0246,0.0246]}}},{"origin":[-0.625,10.75,0.75],"size":[1.25,0.25,1.25],"uv":{"down":{"uv":[2.473,13.248],"uv_size":[-0.123,-0.123]},"east":{"uv":[1.927,13.4754],"uv_size":[0.123,0.0246]},"north":{"uv":[2.327,13.4754],"uv_size":[0.123,0.0246]},"south":{"uv":[2.352,13.4754],"uv_size":[0.123,0.0246]},"up":{"uv":[2.473,14.073],"uv_size":[-0.123,-0.123]},"west":{"uv":[2.752,13.4754],"uv_size":[0.123,0.0246]}}},{"origin":[-0.375,8.75,-4],"size":[0.75,0.25,1.5],"uv":{"down":{"uv":[13.6488,10.5226],"uv_size":[-0.0738,-0.1476]},"east":{"uv":[13.5774,10.4754],"uv_size":[0.1476,0.0246]},"north":{"uv":[13.5512,10.4754],"uv_size":[0.0738,0.0246]},"south":{"uv":[13.5762,10.4754],"uv_size":[0.0738,0.0246]},"up":{"uv":[13.6488,10.4226],"uv_size":[-0.0738,-0.1476]},"west":{"uv":[13.4774,10.4754],"uv_size":[0.1476,0.0246]}}},{"origin":[-0.375,9,-3.75],"size":[0.75,0.25,1],"uv":{"down":{"uv":[13.6488,10.4984],"uv_size":[-0.0738,-0.0984]},"east":{"uv":[13.6016,10.4504],"uv_size":[0.0984,0.0246]},"north":{"uv":[13.5512,10.4504],"uv_size":[0.0738,0.0246]},"south":{"uv":[13.5762,10.4504],"uv_size":[0.0738,0.0246]},"up":{"uv":[13.6488,10.3984],"uv_size":[-0.0738,-0.0984]},"west":{"uv":[13.5016,10.4504],"uv_size":[0.0984,0.0246]}}},{"origin":[-0.625,7,-3.5],"size":[1.25,1.75,0.5],"uv":{"down":{"uv":[4.073,13.6742],"uv_size":[-0.123,-0.0492]},"east":{"uv":[4.0258,13.7028],"uv_size":[0.0492,0.1722]},"north":{"uv":[3.927,13.7028],"uv_size":[0.123,0.1722]},"south":{"uv":[3.952,13.7028],"uv_size":[0.123,0.1722]},"up":{"uv":[4.073,13.5742],"uv_size":[-0.123,-0.0492]},"west":{"uv":[3.9258,13.7028],"uv_size":[0.0492,0.1722]}}},{"origin":[-0.625,8,-3.75],"size":[1.25,0.75,0.25],"uv":{"down":{"uv":[4.073,13.6996],"uv_size":[-0.123,-0.0246]},"east":{"uv":[4.0754,13.7012],"uv_size":[0.0246,0.0738]},"north":{"uv":[3.927,13.7012],"uv_size":[0.123,0.0738]},"south":{"uv":[3.952,13.7012],"uv_size":[0.123,0.0738]},"up":{"uv":[4.073,13.5246],"uv_size":[-0.123,-0.0246]},"west":{"uv":[3.9004,13.7012],"uv_size":[0.0246,0.0738]}}},{"origin":[-0.375,8.25,-4],"size":[0.75,0.5,0.25],"uv":{"down":{"uv":[4.0488,13.7246],"uv_size":[-0.0738,-0.0246]},"east":{"uv":[4.1004,13.7008],"uv_size":[0.0246,0.0492]},"north":{"uv":[3.9512,13.7008],"uv_size":[0.0738,0.0492]},"south":{"uv":[3.9762,13.7008],"uv_size":[0.0738,0.0492]},"up":{"uv":[4.0488,13.4996],"uv_size":[-0.0738,-0.0246]},"west":{"uv":[3.8754,13.7008],"uv_size":[0.0246,0.0492]}}},{"origin":[-0.625,8.5,-2.75],"size":[1.25,0.25,0.25],"uv":{"down":{"uv":[4.073,13.5996],"uv_size":[-0.123,-0.0246]},"east":{"uv":[3.9754,13.7004],"uv_size":[0.0246,0.0246]},"north":{"uv":[3.927,13.7004],"uv_size":[0.123,0.0246]},"south":{"uv":[3.952,13.7004],"uv_size":[0.123,0.0246]},"up":{"uv":[4.073,13.6246],"uv_size":[-0.123,-0.0246]},"west":{"uv":[4.0004,13.7004],"uv_size":[0.0246,0.0246]}}},{"origin":[-0.625,7.25,-3],"size":[1.25,1.5,0.25],"uv":{"down":{"uv":[4.073,13.6246],"uv_size":[-0.123,-0.0246]},"east":{"uv":[4.0004,13.7024],"uv_size":[0.0246,0.1476]},"north":{"uv":[3.927,13.7024],"uv_size":[0.123,0.1476]},"south":{"uv":[3.952,13.7024],"uv_size":[0.123,0.1476]},"up":{"uv":[4.073,13.5996],"uv_size":[-0.123,-0.0246]},"west":{"uv":[3.9754,13.7024],"uv_size":[0.0246,0.1476]}}},{"origin":[-0.375,8.25,-2.75],"size":[0.75,0.25,0.25],"uv":{"down":{"uv":[4.0488,13.5996],"uv_size":[-0.0738,-0.0246]},"east":{"uv":[3.9754,13.7254],"uv_size":[0.0246,0.0246]},"north":{"uv":[3.9512,13.7254],"uv_size":[0.0738,0.0246]},"south":{"uv":[3.9762,13.7254],"uv_size":[0.0738,0.0246]},"up":{"uv":[4.0488,13.6246],"uv_size":[-0.0738,-0.0246]},"west":{"uv":[4.0004,13.7254],"uv_size":[0.0246,0.0246]}}},{"origin":[-0.625,7.5,-2.75],"size":[1.25,0.75,0.25],"uv":{"down":{"uv":[4.073,13.5996],"uv_size":[-0.123,-0.0246]},"east":{"uv":[3.9754,13.7512],"uv_size":[0.0246,0.0738]},"north":{"uv":[3.927,13.7512],"uv_size":[0.123,0.0738]},"south":{"uv":[3.952,13.7512],"uv_size":[0.123,0.0738]},"up":{"uv":[4.073,13.6246],"uv_size":[-0.123,-0.0246]},"west":{"uv":[4.0004,13.7512],"uv_size":[0.0246,0.0738]}}},{"origin":[-0.625,7.75,-2.5],"size":[1.25,0.25,0.25],"uv":{"down":{"uv":[4.073,13.5746],"uv_size":[-0.123,-0.0246]},"east":{"uv":[3.9504,13.7754],"uv_size":[0.0246,0.0246]},"north":{"uv":[3.927,13.7754],"uv_size":[0.123,0.0246]},"south":{"uv":[3.952,13.7754],"uv_size":[0.123,0.0246]},"up":{"uv":[4.073,13.6496],"uv_size":[-0.123,-0.0246]},"west":{"uv":[4.0254,13.7754],"uv_size":[0.0246,0.0246]}}},{"origin":[-0.375,7.5,-2.5],"size":[0.75,0.25,0.25],"uv":{"down":{"uv":[4.0488,13.5746],"uv_size":[-0.0738,-0.0246]},"east":{"uv":[3.9504,13.8004],"uv_size":[0.0246,0.0246]},"north":{"uv":[3.9512,13.8004],"uv_size":[0.0738,0.0246]},"south":{"uv":[3.9762,13.8004],"uv_size":[0.0738,0.0246]},"up":{"uv":[4.0488,13.6496],"uv_size":[-0.0738,-0.0246]},"west":{"uv":[4.0254,13.8004],"uv_size":[0.0246,0.0246]}}},{"origin":[-0.375,7.25,-2.75],"size":[0.75,0.25,0.25],"uv":{"down":{"uv":[4.0488,13.5996],"uv_size":[-0.0738,-0.0246]},"east":{"uv":[3.9754,13.8254],"uv_size":[0.0246,0.0246]},"north":{"uv":[3.9512,13.8254],"uv_size":[0.0738,0.0246]},"south":{"uv":[3.9762,13.8254],"uv_size":[0.0738,0.0246]},"up":{"uv":[4.0488,13.6246],"uv_size":[-0.0738,-0.0246]},"west":{"uv":[4.0004,13.8254],"uv_size":[0.0246,0.0246]}}},{"origin":[-0.375,7,-3],"size":[0.75,0.25,0.25],"uv":{"down":{"uv":[4.0488,13.6246],"uv_size":[-0.0738,-0.0246]},"east":{"uv":[4.0004,13.8504],"uv_size":[0.0246,0.0246]},"north":{"uv":[3.9512,13.8504],"uv_size":[0.0738,0.0246]},"south":{"uv":[3.9762,13.8504],"uv_size":[0.0738,0.0246]},"up":{"uv":[4.0488,13.5996],"uv_size":[-0.0738,-0.0246]},"west":{"uv":[3.9754,13.8504],"uv_size":[0.0246,0.0246]}}},{"origin":[-0.375,7,-3.75],"size":[0.75,0.5,0.25],"uv":{"down":{"uv":[4.0488,13.6996],"uv_size":[-0.0738,-0.0246]},"east":{"uv":[4.0754,13.8258],"uv_size":[0.0246,0.0492]},"north":{"uv":[3.9512,13.8258],"uv_size":[0.0738,0.0492]},"south":{"uv":[3.9762,13.8258],"uv_size":[0.0738,0.0492]},"up":{"uv":[4.0488,13.5246],"uv_size":[-0.0738,-0.0246]},"west":{"uv":[3.9004,13.8258],"uv_size":[0.0246,0.0492]}}},{"origin":[-0.375,7.5,-4],"size":[0.75,0.25,0.25],"uv":{"down":{"uv":[4.0488,13.7246],"uv_size":[-0.0738,-0.0246]},"east":{"uv":[4.1004,13.8004],"uv_size":[0.0246,0.0246]},"north":{"uv":[3.9512,13.8004],"uv_size":[0.0738,0.0246]},"south":{"uv":[3.9762,13.8004],"uv_size":[0.0738,0.0246]},"up":{"uv":[4.0488,13.4996],"uv_size":[-0.0738,-0.0246]},"west":{"uv":[3.8754,13.8004],"uv_size":[0.0246,0.0246]}}},{"origin":[-0.625,7.5,-3.75],"size":[1.25,0.25,0.25],"uv":{"down":{"uv":[4.073,13.6996],"uv_size":[-0.123,-0.0246]},"east":{"uv":[4.0754,13.8004],"uv_size":[0.0246,0.0246]},"north":{"uv":[3.927,13.8004],"uv_size":[0.123,0.0246]},"south":{"uv":[3.952,13.8004],"uv_size":[0.123,0.0246]},"up":{"uv":[4.073,13.5246],"uv_size":[-0.123,-0.0246]},"west":{"uv":[3.9004,13.8004],"uv_size":[0.0246,0.0246]}}},{"origin":[-0.375,7.75,-3.75],"size":[0.75,0.25,0.25],"uv":{"down":{"uv":[4.0488,13.6996],"uv_size":[-0.0738,-0.0246]},"east":{"uv":[4.0754,13.7754],"uv_size":[0.0246,0.0246]},"north":{"uv":[3.9512,13.7754],"uv_size":[0.0738,0.0246]},"south":{"uv":[3.9762,13.7754],"uv_size":[0.0738,0.0246]},"up":{"uv":[4.0488,13.5246],"uv_size":[-0.0738,-0.0246]},"west":{"uv":[3.9004,13.7754],"uv_size":[0.0246,0.0246]}}},{"origin":[-0.625,9.25,-4.75],"size":[1.25,0.5,0.25],"uv":{"down":{"uv":[2.473,13.7996],"uv_size":[-0.123,-0.0246]},"east":{"uv":[2.5754,13.6008],"uv_size":[0.0246,0.0492]},"north":{"uv":[2.327,13.6008],"uv_size":[0.123,0.0492]},"south":{"uv":[2.352,13.6008],"uv_size":[0.123,0.0492]},"up":{"uv":[2.473,13.4246],"uv_size":[-0.123,-0.0246]},"west":{"uv":[2.2004,13.6008],"uv_size":[0.0246,0.0492]}}},{"origin":[-0.375,9.25,-5],"size":[0.75,0.5,0.25],"uv":{"down":{"uv":[2.4488,13.8246],"uv_size":[-0.0738,-0.0246]},"east":{"uv":[2.6004,13.6008],"uv_size":[0.0246,0.0492]},"north":{"uv":[2.3512,13.6008],"uv_size":[0.0738,0.0492]},"south":{"uv":[2.3762,13.6008],"uv_size":[0.0738,0.0492]},"up":{"uv":[2.4488,13.3996],"uv_size":[-0.0738,-0.0246]},"west":{"uv":[2.1754,13.6008],"uv_size":[0.0246,0.0492]}}},{"origin":[-0.375,9,-4.75],"size":[0.75,0.25,0.25],"uv":{"down":{"uv":[2.4488,13.7996],"uv_size":[-0.0738,-0.0246]},"east":{"uv":[2.5754,13.6504],"uv_size":[0.0246,0.0246]},"north":{"uv":[2.3512,13.6504],"uv_size":[0.0738,0.0246]},"south":{"uv":[2.3762,13.6504],"uv_size":[0.0738,0.0246]},"up":{"uv":[2.4488,13.4246],"uv_size":[-0.0738,-0.0246]},"west":{"uv":[2.2004,13.6504],"uv_size":[0.0246,0.0246]}}},{"origin":[-0.375,9,-5.25],"size":[0.75,0.25,0.25],"uv":{"down":{"uv":[2.4488,13.8496],"uv_size":[-0.0738,-0.0246]},"east":{"uv":[2.6254,13.6504],"uv_size":[0.0246,0.0246]},"north":{"uv":[2.3512,13.6504],"uv_size":[0.0738,0.0246]},"south":{"uv":[2.3762,13.6504],"uv_size":[0.0738,0.0246]},"up":{"uv":[2.4488,13.3746],"uv_size":[-0.0738,-0.0246]},"west":{"uv":[2.1504,13.6504],"uv_size":[0.0246,0.0246]}}},{"origin":[-0.625,9.25,-5.25],"size":[1.25,0.5,0.25],"uv":{"down":{"uv":[2.473,13.8496],"uv_size":[-0.123,-0.0246]},"east":{"uv":[2.6254,13.6008],"uv_size":[0.0246,0.0492]},"north":{"uv":[2.327,13.6008],"uv_size":[0.123,0.0492]},"south":{"uv":[2.352,13.6008],"uv_size":[0.123,0.0492]},"up":{"uv":[2.473,13.3746],"uv_size":[-0.123,-0.0246]},"west":{"uv":[2.1504,13.6008],"uv_size":[0.0246,0.0492]}}},{"origin":[-0.375,9.25,-5.5],"size":[0.75,0.5,0.25],"uv":{"down":{"uv":[2.4488,13.8746],"uv_size":[-0.0738,-0.0246]},"east":{"uv":[2.6504,13.6008],"uv_size":[0.0246,0.0492]},"north":{"uv":[2.3512,13.6008],"uv_size":[0.0738,0.0492]},"south":{"uv":[2.3762,13.6008],"uv_size":[0.0738,0.0492]},"up":{"uv":[2.4488,13.3496],"uv_size":[-0.0738,-0.0246]},"west":{"uv":[2.1254,13.6008],"uv_size":[0.0246,0.0492]}}},{"origin":[-0.625,9.25,-5.75],"size":[1.25,0.5,0.25],"uv":{"down":{"uv":[2.473,13.8996],"uv_size":[-0.123,-0.0246]},"east":{"uv":[2.6754,13.6008],"uv_size":[0.0246,0.0492]},"north":{"uv":[2.327,13.6008],"uv_size":[0.123,0.0492]},"south":{"uv":[2.352,13.6008],"uv_size":[0.123,0.0492]},"up":{"uv":[2.473,13.3246],"uv_size":[-0.123,-0.0246]},"west":{"uv":[2.1004,13.6008],"uv_size":[0.0246,0.0492]}}},{"origin":[-0.375,9,-5.75],"size":[0.75,0.25,0.25],"uv":{"down":{"uv":[2.4488,13.8996],"uv_size":[-0.0738,-0.0246]},"east":{"uv":[2.6754,13.6504],"uv_size":[0.0246,0.0246]},"north":{"uv":[2.3512,13.6504],"uv_size":[0.0738,0.0246]},"south":{"uv":[2.3762,13.6504],"uv_size":[0.0738,0.0246]},"up":{"uv":[2.4488,13.3246],"uv_size":[-0.0738,-0.0246]},"west":{"uv":[2.1004,13.6504],"uv_size":[0.0246,0.0246]}}},{"origin":[-0.375,9.25,-6],"size":[0.75,0.5,0.25],"uv":{"down":{"uv":[2.4488,13.9246],"uv_size":[-0.0738,-0.0246]},"east":{"uv":[2.7004,13.6008],"uv_size":[0.0246,0.0492]},"north":{"uv":[2.3512,13.6008],"uv_size":[0.0738,0.0492]},"south":{"uv":[2.3762,13.6008],"uv_size":[0.0738,0.0492]},"up":{"uv":[2.4488,13.2996],"uv_size":[-0.0738,-0.0246]},"west":{"uv":[2.0754,13.6008],"uv_size":[0.0246,0.0492]}}},{"origin":[-0.625,9.25,-6.25],"size":[1.25,0.5,0.25],"uv":{"down":{"uv":[2.473,13.9496],"uv_size":[-0.123,-0.0246]},"east":{"uv":[2.7254,13.6008],"uv_size":[0.0246,0.0492]},"north":{"uv":[2.327,13.6008],"uv_size":[0.123,0.0492]},"south":{"uv":[2.352,13.6008],"uv_size":[0.123,0.0492]},"up":{"uv":[2.473,13.2746],"uv_size":[-0.123,-0.0246]},"west":{"uv":[2.0504,13.6008],"uv_size":[0.0246,0.0492]}}},{"origin":[-0.375,9,-6.25],"size":[0.75,0.25,0.25],"uv":{"down":{"uv":[2.4488,13.9496],"uv_size":[-0.0738,-0.0246]},"east":{"uv":[2.7254,13.6504],"uv_size":[0.0246,0.0246]},"north":{"uv":[2.3512,13.6504],"uv_size":[0.0738,0.0246]},"south":{"uv":[2.3762,13.6504],"uv_size":[0.0738,0.0246]},"up":{"uv":[2.4488,13.2746],"uv_size":[-0.0738,-0.0246]},"west":{"uv":[2.0504,13.6504],"uv_size":[0.0246,0.0246]}}},{"origin":[-0.375,9.25,-6.5],"size":[0.75,0.5,0.25],"uv":{"down":{"uv":[2.4488,13.9746],"uv_size":[-0.0738,-0.0246]},"east":{"uv":[2.7504,13.6008],"uv_size":[0.0246,0.0492]},"north":{"uv":[2.3512,13.6008],"uv_size":[0.0738,0.0492]},"south":{"uv":[2.3762,13.6008],"uv_size":[0.0738,0.0492]},"up":{"uv":[2.4488,13.2496],"uv_size":[-0.0738,-0.0246]},"west":{"uv":[2.0254,13.6008],"uv_size":[0.0246,0.0492]}}},{"origin":[-0.625,9.25,-6.75],"size":[1.25,0.5,0.25],"uv":{"down":{"uv":[2.473,13.9996],"uv_size":[-0.123,-0.0246]},"east":{"uv":[2.7754,13.6008],"uv_size":[0.0246,0.0492]},"north":{"uv":[2.327,13.6008],"uv_size":[0.123,0.0492]},"south":{"uv":[2.352,13.6008],"uv_size":[0.123,0.0492]},"up":{"uv":[2.473,13.2246],"uv_size":[-0.123,-0.0246]},"west":{"uv":[2.0004,13.6008],"uv_size":[0.0246,0.0492]}}},{"origin":[-0.375,9,-6.75],"size":[0.75,0.25,0.25],"uv":{"down":{"uv":[2.4488,13.9996],"uv_size":[-0.0738,-0.0246]},"east":{"uv":[2.7754,13.6504],"uv_size":[0.0246,0.0246]},"north":{"uv":[2.3512,13.6504],"uv_size":[0.0738,0.0246]},"south":{"uv":[2.3762,13.6504],"uv_size":[0.0738,0.0246]},"up":{"uv":[2.4488,13.2246],"uv_size":[-0.0738,-0.0246]},"west":{"uv":[2.0004,13.6504],"uv_size":[0.0246,0.0246]}}},{"origin":[-0.375,9.25,-7],"size":[0.75,0.5,0.25],"uv":{"down":{"uv":[2.4488,14.0246],"uv_size":[-0.0738,-0.0246]},"east":{"uv":[2.8004,13.6008],"uv_size":[0.0246,0.0492]},"north":{"uv":[2.3512,13.6008],"uv_size":[0.0738,0.0492]},"south":{"uv":[2.3762,13.6008],"uv_size":[0.0738,0.0492]},"up":{"uv":[2.4488,13.1996],"uv_size":[-0.0738,-0.0246]},"west":{"uv":[1.9754,13.6008],"uv_size":[0.0246,0.0492]}}},{"origin":[-0.625,9.25,-7.25],"size":[1.25,0.5,0.25],"uv":{"down":{"uv":[2.473,14.0496],"uv_size":[-0.123,-0.0246]},"east":{"uv":[2.8254,13.6008],"uv_size":[0.0246,0.0492]},"north":{"uv":[2.327,13.6008],"uv_size":[0.123,0.0492]},"south":{"uv":[2.352,13.6008],"uv_size":[0.123,0.0492]},"up":{"uv":[2.473,13.1746],"uv_size":[-0.123,-0.0246]},"west":{"uv":[1.9504,13.6008],"uv_size":[0.0246,0.0492]}}},{"origin":[-0.375,9,-7.25],"size":[0.75,0.25,0.25],"uv":{"down":{"uv":[2.4488,14.0496],"uv_size":[-0.0738,-0.0246]},"east":{"uv":[2.8254,13.6504],"uv_size":[0.0246,0.0246]},"north":{"uv":[2.3512,13.6504],"uv_size":[0.0738,0.0246]},"south":{"uv":[2.3762,13.6504],"uv_size":[0.0738,0.0246]},"up":{"uv":[2.4488,13.1746],"uv_size":[-0.0738,-0.0246]},"west":{"uv":[1.9504,13.6504],"uv_size":[0.0246,0.0246]}}},{"origin":[-0.375,9.25,-7.5],"size":[0.75,0.5,0.25],"uv":{"down":{"uv":[2.4488,14.0746],"uv_size":[-0.0738,-0.0246]},"east":{"uv":[2.8504,13.6008],"uv_size":[0.0246,0.0492]},"north":{"uv":[2.3512,13.6008],"uv_size":[0.0738,0.0492]},"south":{"uv":[2.3762,13.6008],"uv_size":[0.0738,0.0492]},"up":{"uv":[2.4488,13.1496],"uv_size":[-0.0738,-0.0246]},"west":{"uv":[1.9254,13.6008],"uv_size":[0.0246,0.0492]}}},{"origin":[-0.625,9.25,-7.75],"size":[1.25,0.5,0.25],"uv":{"down":{"uv":[2.473,14.0996],"uv_size":[-0.123,-0.0246]},"east":{"uv":[2.8754,13.6008],"uv_size":[0.0246,0.0492]},"north":{"uv":[2.327,13.6008],"uv_size":[0.123,0.0492]},"south":{"uv":[2.352,13.6008],"uv_size":[0.123,0.0492]},"up":{"uv":[2.473,13.1246],"uv_size":[-0.123,-0.0246]},"west":{"uv":[1.9004,13.6008],"uv_size":[0.0246,0.0492]}}},{"origin":[-0.375,9,-7.75],"size":[0.75,0.25,0.25],"uv":{"down":{"uv":[2.4488,14.0996],"uv_size":[-0.0738,-0.0246]},"east":{"uv":[2.8754,13.6504],"uv_size":[0.0246,0.0246]},"north":{"uv":[2.3512,13.6504],"uv_size":[0.0738,0.0246]},"south":{"uv":[2.3762,13.6504],"uv_size":[0.0738,0.0246]},"up":{"uv":[2.4488,13.1246],"uv_size":[-0.0738,-0.0246]},"west":{"uv":[1.9004,13.6504],"uv_size":[0.0246,0.0246]}}},{"origin":[-0.375,11,-0.5],"size":[0.75,0.25,0.25],"uv":{"down":{"uv":[12.0488,13.3746],"uv_size":[-0.0738,-0.0246]},"east":{"uv":[11.7504,13.4504],"uv_size":[0.0246,0.0246]},"north":{"uv":[11.9512,13.4504],"uv_size":[0.0738,0.0246]},"south":{"uv":[11.9762,13.4504],"uv_size":[0.0738,0.0246]},"up":{"uv":[12.0488,13.8496],"uv_size":[-0.0738,-0.0246]},"west":{"uv":[12.2254,13.4504],"uv_size":[0.0246,0.0246]}}},{"origin":[-0.375,11,-2.75],"size":[0.75,0.25,0.25],"uv":{"down":{"uv":[12.0488,13.5996],"uv_size":[-0.0738,-0.0246]},"east":{"uv":[11.9754,13.4504],"uv_size":[0.0246,0.0246]},"north":{"uv":[11.9512,13.4504],"uv_size":[0.0738,0.0246]},"south":{"uv":[11.9762,13.4504],"uv_size":[0.0738,0.0246]},"up":{"uv":[12.0488,13.6246],"uv_size":[-0.0738,-0.0246]},"west":{"uv":[12.0004,13.4504],"uv_size":[0.0246,0.0246]}}},{"origin":[-0.375,11,-3.25],"size":[0.75,0.25,0.25],"uv":{"down":{"uv":[12.0488,13.6496],"uv_size":[-0.0738,-0.0246]},"east":{"uv":[12.0254,13.4504],"uv_size":[0.0246,0.0246]},"north":{"uv":[11.9512,13.4504],"uv_size":[0.0738,0.0246]},"south":{"uv":[11.9762,13.4504],"uv_size":[0.0738,0.0246]},"up":{"uv":[12.0488,13.5746],"uv_size":[-0.0738,-0.0246]},"west":{"uv":[11.9504,13.4504],"uv_size":[0.0246,0.0246]}}},{"origin":[-0.375,11,-3.75],"size":[0.75,0.25,0.25],"uv":{"down":{"uv":[12.0488,13.6996],"uv_size":[-0.0738,-0.0246]},"east":{"uv":[12.0754,13.4504],"uv_size":[0.0246,0.0246]},"north":{"uv":[11.9512,13.4504],"uv_size":[0.0738,0.0246]},"south":{"uv":[11.9762,13.4504],"uv_size":[0.0738,0.0246]},"up":{"uv":[12.0488,13.5246],"uv_size":[-0.0738,-0.0246]},"west":{"uv":[11.9004,13.4504],"uv_size":[0.0246,0.0246]}}},{"origin":[-0.375,11,-4.25],"size":[0.75,0.25,0.25],"uv":{"down":{"uv":[12.0488,13.7496],"uv_size":[-0.0738,-0.0246]},"east":{"uv":[12.1254,13.4504],"uv_size":[0.0246,0.0246]},"north":{"uv":[11.9512,13.4504],"uv_size":[0.0738,0.0246]},"south":{"uv":[11.9762,13.4504],"uv_size":[0.0738,0.0246]},"up":{"uv":[12.0488,13.4746],"uv_size":[-0.0738,-0.0246]},"west":{"uv":[11.8504,13.4504],"uv_size":[0.0246,0.0246]}}},{"origin":[-0.375,11,-4.75],"size":[0.75,0.25,0.25],"uv":{"down":{"uv":[12.0488,13.7996],"uv_size":[-0.0738,-0.0246]},"east":{"uv":[12.1754,13.4504],"uv_size":[0.0246,0.0246]},"north":{"uv":[11.9512,13.4504],"uv_size":[0.0738,0.0246]},"south":{"uv":[11.9762,13.4504],"uv_size":[0.0738,0.0246]},"up":{"uv":[12.0488,13.4246],"uv_size":[-0.0738,-0.0246]},"west":{"uv":[11.8004,13.4504],"uv_size":[0.0246,0.0246]}}},{"origin":[-0.375,11,-2.5],"size":[0.75,0.25,2],"uv":{"down":{"uv":[15.2488,11.9718],"uv_size":[-0.0738,-0.1968]},"east":{"uv":[14.9782,11.8504],"uv_size":[0.1968,0.0246]},"north":{"uv":[15.1512,11.8504],"uv_size":[0.0738,0.0246]},"south":{"uv":[15.1762,11.8504],"uv_size":[0.0738,0.0246]},"up":{"uv":[15.2488,12.2218],"uv_size":[-0.0738,-0.1968]},"west":{"uv":[15.2282,11.8504],"uv_size":[0.1968,0.0246]}}},{"origin":[-0.125,11.25,-1],"size":[0.25,0.25,0.5],"uv":{"down":{"uv":[15.2246,11.8242],"uv_size":[-0.0246,-0.0492]},"east":{"uv":[14.9758,11.8254],"uv_size":[0.0492,0.0246]},"north":{"uv":[15.1754,11.8254],"uv_size":[0.0246,0.0246]},"south":{"uv":[15.2004,11.8254],"uv_size":[0.0246,0.0246]},"up":{"uv":[15.2246,12.2242],"uv_size":[-0.0246,-0.0492]},"west":{"uv":[15.3758,11.8254],"uv_size":[0.0492,0.0246]}}},{"origin":[-0.375,11.25,-2],"size":[0.75,0.5,1],"uv":{"down":{"uv":[15.2488,11.9234],"uv_size":[-0.0738,-0.0984]},"east":{"uv":[15.0266,11.8008],"uv_size":[0.0984,0.0492]},"north":{"uv":[15.1512,11.8008],"uv_size":[0.0738,0.0492]},"south":{"uv":[15.1762,11.8008],"uv_size":[0.0738,0.0492]},"up":{"uv":[15.2488,12.1734],"uv_size":[-0.0738,-0.0984]},"west":{"uv":[15.2766,11.8008],"uv_size":[0.0984,0.0492]}}},{"origin":[-0.125,11.25,-2.5],"size":[0.25,0.25,0.5],"uv":{"down":{"uv":[15.2246,11.9742],"uv_size":[-0.0246,-0.0492]},"east":{"uv":[15.1258,11.8254],"uv_size":[0.0492,0.0246]},"north":{"uv":[15.1754,11.8254],"uv_size":[0.0246,0.0246]},"south":{"uv":[15.2004,11.8254],"uv_size":[0.0246,0.0246]},"up":{"uv":[15.2246,12.0742],"uv_size":[-0.0246,-0.0492]},"west":{"uv":[15.2258,11.8254],"uv_size":[0.0492,0.0246]}}},{"origin":[-0.375,11.5,-2.5],"size":[0.75,0.25,0.5],"uv":{"down":{"uv":[15.2488,11.9742],"uv_size":[-0.0738,-0.0492]},"east":{"uv":[15.1258,11.8004],"uv_size":[0.0492,0.0246]},"north":{"uv":[15.1512,11.8004],"uv_size":[0.0738,0.0246]},"south":{"uv":[15.1762,11.8004],"uv_size":[0.0738,0.0246]},"up":{"uv":[15.2488,12.0742],"uv_size":[-0.0738,-0.0492]},"west":{"uv":[15.2258,11.8004],"uv_size":[0.0492,0.0246]}}},{"origin":[-0.375,11.5,-1],"size":[0.75,0.25,0.5],"uv":{"down":{"uv":[15.2488,11.8242],"uv_size":[-0.0738,-0.0492]},"east":{"uv":[14.9758,11.8004],"uv_size":[0.0492,0.0246]},"north":{"uv":[15.1512,11.8004],"uv_size":[0.0738,0.0246]},"south":{"uv":[15.1762,11.8004],"uv_size":[0.0738,0.0246]},"up":{"uv":[15.2488,12.2242],"uv_size":[-0.0738,-0.0492]},"west":{"uv":[15.3758,11.8004],"uv_size":[0.0492,0.0246]}}},{"origin":[-0.375,11.75,-2.75],"size":[0.75,0.75,0.25],"uv":{"down":{"uv":[15.2488,10.3996],"uv_size":[-0.0738,-0.0246]},"east":{"uv":[15.1754,10.1262],"uv_size":[0.0246,0.0738]},"north":{"uv":[15.1512,10.1262],"uv_size":[0.0738,0.0738]},"south":{"uv":[15.1762,10.1262],"uv_size":[0.0738,0.0738]},"up":{"uv":[15.2488,10.4246],"uv_size":[-0.0738,-0.0246]},"west":{"uv":[15.2004,10.1262],"uv_size":[0.0246,0.0738]}}},{"origin":[-0.125,11.75,-2.5],"size":[0.25,0.25,0.5],"uv":{"down":{"uv":[15.2246,10.3742],"uv_size":[-0.0246,-0.0492]},"east":{"uv":[15.1258,10.1754],"uv_size":[0.0492,0.0246]},"north":{"uv":[15.1754,10.1754],"uv_size":[0.0246,0.0246]},"south":{"uv":[15.2004,10.1754],"uv_size":[0.0246,0.0246]},"up":{"uv":[15.2246,10.4742],"uv_size":[-0.0246,-0.0492]},"west":{"uv":[15.2258,10.1754],"uv_size":[0.0492,0.0246]}}},{"origin":[-0.375,12,-2.5],"size":[0.75,0.75,0.5],"uv":{"down":{"uv":[15.2488,10.3742],"uv_size":[-0.0738,-0.0492]},"east":{"uv":[15.1258,10.1012],"uv_size":[0.0492,0.0738]},"north":{"uv":[15.1512,10.1012],"uv_size":[0.0738,0.0738]},"south":{"uv":[15.1762,10.1012],"uv_size":[0.0738,0.0738]},"up":{"uv":[15.2488,10.4742],"uv_size":[-0.0738,-0.0492]},"west":{"uv":[15.2258,10.1012],"uv_size":[0.0492,0.0738]}}},{"origin":[-0.375,11.75,-2],"size":[0.75,0.75,0.5],"uv":{"down":{"uv":[15.2488,10.3242],"uv_size":[-0.0738,-0.0492]},"east":{"uv":[15.0758,10.1262],"uv_size":[0.0492,0.0738]},"north":{"uv":[15.1512,10.1262],"uv_size":[0.0738,0.0738]},"south":{"uv":[15.1762,10.1262],"uv_size":[0.0738,0.0738]},"up":{"uv":[15.2488,10.5242],"uv_size":[-0.0738,-0.0492]},"west":{"uv":[15.2758,10.1262],"uv_size":[0.0492,0.0738]}}},{"origin":[-0.125,12.5,-2],"size":[0.25,0.25,0.5],"uv":{"down":{"uv":[15.2246,10.3242],"uv_size":[-0.0246,-0.0492]},"east":{"uv":[15.0758,10.1004],"uv_size":[0.0492,0.0246]},"north":{"uv":[15.1754,10.1004],"uv_size":[0.0246,0.0246]},"south":{"uv":[15.2004,10.1004],"uv_size":[0.0246,0.0246]},"up":{"uv":[15.2246,10.5242],"uv_size":[-0.0246,-0.0492]},"west":{"uv":[15.2758,10.1004],"uv_size":[0.0492,0.0246]}}},{"origin":[-0.125,12.25,-1.5],"size":[0.25,0.25,0.75],"uv":{"down":{"uv":[15.2246,10.2738],"uv_size":[-0.0246,-0.0738]},"east":{"uv":[15.0012,10.1254],"uv_size":[0.0738,0.0246]},"north":{"uv":[15.1754,10.1254],"uv_size":[0.0246,0.0246]},"south":{"uv":[15.2004,10.1254],"uv_size":[0.0246,0.0246]},"up":{"uv":[15.2246,10.5988],"uv_size":[-0.0246,-0.0738]},"west":{"uv":[15.3262,10.1254],"uv_size":[0.0738,0.0246]}}},{"origin":[-0.375,11.75,-1.5],"size":[0.75,0.5,0.75],"uv":{"down":{"uv":[15.2488,10.2738],"uv_size":[-0.0738,-0.0738]},"east":{"uv":[15.0012,10.1508],"uv_size":[0.0738,0.0492]},"north":{"uv":[15.1512,10.1508],"uv_size":[0.0738,0.0492]},"south":{"uv":[15.1762,10.1508],"uv_size":[0.0738,0.0492]},"up":{"uv":[15.2488,10.5988],"uv_size":[-0.0738,-0.0738]},"west":{"uv":[15.3262,10.1508],"uv_size":[0.0738,0.0492]}}},{"origin":[-0.125,11.75,-0.75],"size":[0.25,0.25,0.5],"uv":{"down":{"uv":[15.2246,10.1992],"uv_size":[-0.0246,-0.0492]},"east":{"uv":[14.9508,10.1754],"uv_size":[0.0492,0.0246]},"north":{"uv":[15.1754,10.1754],"uv_size":[0.0246,0.0246]},"south":{"uv":[15.2004,10.1754],"uv_size":[0.0246,0.0246]},"up":{"uv":[15.2246,10.6492],"uv_size":[-0.0246,-0.0492]},"west":{"uv":[15.4008,10.1754],"uv_size":[0.0492,0.0246]}}},{"origin":[-0.375,12,-0.5],"size":[0.75,0.5,0.25],"uv":{"down":{"uv":[15.2488,10.1746],"uv_size":[-0.0738,-0.0246]},"east":{"uv":[14.9504,10.1258],"uv_size":[0.0246,0.0492]},"north":{"uv":[15.1512,10.1258],"uv_size":[0.0738,0.0492]},"south":{"uv":[15.1762,10.1258],"uv_size":[0.0738,0.0492]},"up":{"uv":[15.2488,10.6496],"uv_size":[-0.0738,-0.0246]},"west":{"uv":[15.4254,10.1258],"uv_size":[0.0246,0.0492]}}},{"origin":[-0.375,12,-0.75],"size":[0.75,0.75,0.25],"uv":{"down":{"uv":[15.2488,10.1996],"uv_size":[-0.0738,-0.0246]},"east":{"uv":[14.9754,10.1012],"uv_size":[0.0246,0.0738]},"north":{"uv":[15.1512,10.1012],"uv_size":[0.0738,0.0738]},"south":{"uv":[15.1762,10.1012],"uv_size":[0.0738,0.0738]},"up":{"uv":[15.2488,10.6246],"uv_size":[-0.0738,-0.0246]},"west":{"uv":[15.4004,10.1012],"uv_size":[0.0246,0.0738]}}},{"origin":[-0.125,12.5,-0.5],"size":[0.25,0.25,0.25],"uv":{"down":{"uv":[15.2246,10.1746],"uv_size":[-0.0246,-0.0246]},"east":{"uv":[14.9504,10.1004],"uv_size":[0.0246,0.0246]},"north":{"uv":[15.1754,10.1004],"uv_size":[0.0246,0.0246]},"south":{"uv":[15.2004,10.1004],"uv_size":[0.0246,0.0246]},"up":{"uv":[15.2246,10.6496],"uv_size":[-0.0246,-0.0246]},"west":{"uv":[15.4254,10.1004],"uv_size":[0.0246,0.0246]}}},{"origin":[0.125,12,-3],"size":[0.25,0.5,0.25],"uv":{"down":{"uv":[11.9996,13.6246],"uv_size":[-0.0246,-0.0246]},"east":{"uv":[12.0004,13.3258],"uv_size":[0.0246,0.0492]},"north":{"uv":[12.0004,13.3258],"uv_size":[0.0246,0.0492]},"south":{"uv":[11.9754,13.3258],"uv_size":[0.0246,0.0492]},"up":{"uv":[11.9996,13.5996],"uv_size":[-0.0246,-0.0246]},"west":{"uv":[11.9754,13.3258],"uv_size":[0.0246,0.0492]}}},{"origin":[-0.375,11.75,-3],"size":[0.75,0.25,0.25],"uv":{"down":{"uv":[12.0488,13.6246],"uv_size":[-0.0738,-0.0246]},"east":{"uv":[12.0004,13.3754],"uv_size":[0.0246,0.0246]},"north":{"uv":[11.9512,13.3754],"uv_size":[0.0738,0.0246]},"south":{"uv":[11.9762,13.3754],"uv_size":[0.0738,0.0246]},"up":{"uv":[12.0488,13.5996],"uv_size":[-0.0738,-0.0246]},"west":{"uv":[11.9754,13.3754],"uv_size":[0.0246,0.0246]}}},{"origin":[-0.375,12,-3],"size":[0.25,0.25,0.25],"uv":{"down":{"uv":[12.0496,13.6246],"uv_size":[-0.0246,-0.0246]},"east":{"uv":[12.0004,13.3504],"uv_size":[0.0246,0.0246]},"north":{"uv":[11.9504,13.3504],"uv_size":[0.0246,0.0246]},"south":{"uv":[12.0254,13.3504],"uv_size":[0.0246,0.0246]},"up":{"uv":[12.0496,13.5996],"uv_size":[-0.0246,-0.0246]},"west":{"uv":[11.9754,13.3504],"uv_size":[0.0246,0.0246]}}},{"origin":[-0.375,12.25,-3],"size":[0.5,0.25,0.25],"uv":{"down":{"uv":[12.0492,13.6246],"uv_size":[-0.0492,-0.0246]},"east":{"uv":[12.0004,13.3254],"uv_size":[0.0246,0.0246]},"north":{"uv":[11.9508,13.3254],"uv_size":[0.0492,0.0246]},"south":{"uv":[12.0008,13.3254],"uv_size":[0.0492,0.0246]},"up":{"uv":[12.0492,13.5996],"uv_size":[-0.0492,-0.0246]},"west":{"uv":[11.9754,13.3254],"uv_size":[0.0246,0.0246]}}},{"origin":[-0.375,11.75,-0.25],"size":[0.75,0.75,0.5],"uv":{"down":{"uv":[12.0488,13.3492],"uv_size":[-0.0738,-0.0492]},"east":{"uv":[11.7008,13.3262],"uv_size":[0.0492,0.0738]},"north":{"uv":[11.9512,13.3262],"uv_size":[0.0738,0.0738]},"south":{"uv":[11.9762,13.3262],"uv_size":[0.0738,0.0738]},"up":{"uv":[12.0488,13.8992],"uv_size":[-0.0738,-0.0492]},"west":{"uv":[12.2508,13.3262],"uv_size":[0.0492,0.0738]}}},{"origin":[0.125,12,0.25],"size":[0.25,0.5,0.5],"uv":{"down":{"uv":[11.9996,13.2992],"uv_size":[-0.0246,-0.0492]},"east":{"uv":[11.6508,13.3258],"uv_size":[0.0492,0.0492]},"north":{"uv":[12.0004,13.3258],"uv_size":[0.0246,0.0492]},"south":{"uv":[11.9754,13.3258],"uv_size":[0.0246,0.0492]},"up":{"uv":[11.9996,13.9492],"uv_size":[-0.0246,-0.0492]},"west":{"uv":[12.3008,13.3258],"uv_size":[0.0492,0.0492]}}},{"origin":[-0.375,11.75,0.25],"size":[0.75,0.25,0.5],"uv":{"down":{"uv":[12.0488,13.2992],"uv_size":[-0.0738,-0.0492]},"east":{"uv":[11.6508,13.3754],"uv_size":[0.0492,0.0246]},"north":{"uv":[11.9512,13.3754],"uv_size":[0.0738,0.0246]},"south":{"uv":[11.9762,13.3754],"uv_size":[0.0738,0.0246]},"up":{"uv":[12.0488,13.9492],"uv_size":[-0.0738,-0.0492]},"west":{"uv":[12.3008,13.3754],"uv_size":[0.0492,0.0246]}}},{"origin":[-0.375,12.25,0.25],"size":[0.5,0.25,0.5],"uv":{"down":{"uv":[12.0492,13.2992],"uv_size":[-0.0492,-0.0492]},"east":{"uv":[11.6508,13.3254],"uv_size":[0.0492,0.0246]},"north":{"uv":[11.9508,13.3254],"uv_size":[0.0492,0.0246]},"south":{"uv":[12.0008,13.3254],"uv_size":[0.0492,0.0246]},"up":{"uv":[12.0492,13.9492],"uv_size":[-0.0492,-0.0492]},"west":{"uv":[12.3008,13.3254],"uv_size":[0.0492,0.0246]}}},{"origin":[-0.375,12,0.25],"size":[0.25,0.25,0.5],"uv":{"down":{"uv":[12.0496,13.2992],"uv_size":[-0.0246,-0.0492]},"east":{"uv":[11.6508,13.3504],"uv_size":[0.0492,0.0246]},"north":{"uv":[11.9504,13.3504],"uv_size":[0.0246,0.0246]},"south":{"uv":[12.0254,13.3504],"uv_size":[0.0246,0.0246]},"up":{"uv":[12.0496,13.9492],"uv_size":[-0.0246,-0.0492]},"west":{"uv":[12.3008,13.3504],"uv_size":[0.0492,0.0246]}}},{"origin":[0.125,11.25,0.25],"size":[0.25,0.25,1],"uv":{"down":{"uv":[0.7996,13.2984],"uv_size":[-0.0246,-0.0984]},"east":{"uv":[0.4016,13.4254],"uv_size":[0.0984,0.0246]},"north":{"uv":[0.8004,13.4254],"uv_size":[0.0246,0.0246]},"south":{"uv":[0.7754,13.4254],"uv_size":[0.0246,0.0246]},"up":{"uv":[0.7996,13.9984],"uv_size":[-0.0246,-0.0984]},"west":{"uv":[1.1016,13.4254],"uv_size":[0.0984,0.0246]}}},{"origin":[-0.375,11,0],"size":[0.75,0.25,1.25],"uv":{"down":{"uv":[0.8488,13.323],"uv_size":[-0.0738,-0.123]},"east":{"uv":[0.402,13.4504],"uv_size":[0.123,0.0246]},"north":{"uv":[0.7512,13.4504],"uv_size":[0.0738,0.0246]},"south":{"uv":[0.7762,13.4504],"uv_size":[0.0738,0.0246]},"up":{"uv":[0.8488,13.998],"uv_size":[-0.0738,-0.123]},"west":{"uv":[1.077,13.4504],"uv_size":[0.123,0.0246]}}},{"origin":[-0.375,11.25,0.25],"size":[0.25,0.25,1],"uv":{"down":{"uv":[0.8496,13.2984],"uv_size":[-0.0246,-0.0984]},"east":{"uv":[0.4016,13.4254],"uv_size":[0.0984,0.0246]},"north":{"uv":[0.7504,13.4254],"uv_size":[0.0246,0.0246]},"south":{"uv":[0.8254,13.4254],"uv_size":[0.0246,0.0246]},"up":{"uv":[0.8496,13.9984],"uv_size":[-0.0246,-0.0984]},"west":{"uv":[1.1016,13.4254],"uv_size":[0.0984,0.0246]}}},{"origin":[-0.375,9.25,1.75],"size":[0.75,1,0.25],"uv":{"down":{"uv":[12.0488,13.1496],"uv_size":[-0.0738,-0.0246]},"east":{"uv":[11.5254,13.5516],"uv_size":[0.0246,0.0984]},"north":{"uv":[11.9512,13.5516],"uv_size":[0.0738,0.0984]},"south":{"uv":[11.9762,13.5516],"uv_size":[0.0738,0.0984]},"up":{"uv":[12.0488,14.0746],"uv_size":[-0.0738,-0.0246]},"west":{"uv":[12.4504,13.5516],"uv_size":[0.0246,0.0984]}}},{"origin":[-0.625,10,2],"size":[1.25,0.5,2.25],"uv":{"down":{"uv":[13.673,9.9214],"uv_size":[-0.123,-0.2214]},"east":{"uv":[12.9036,10.3258],"uv_size":[0.2214,0.0492]},"north":{"uv":[13.527,10.3258],"uv_size":[0.123,0.0492]},"south":{"uv":[13.552,10.3258],"uv_size":[0.123,0.0492]},"up":{"uv":[13.673,11.0964],"uv_size":[-0.123,-0.2214]},"west":{"uv":[14.0786,10.3258],"uv_size":[0.2214,0.0492]}}},{"origin":[-0.625,8,4.25],"size":[1.25,2.75,0.5],"uv":{"down":{"uv":[13.673,9.6992],"uv_size":[-0.123,-0.0492]},"east":{"uv":[12.8508,10.3044],"uv_size":[0.0492,0.2706]},"north":{"uv":[13.527,10.3044],"uv_size":[0.123,0.2706]},"south":{"uv":[13.552,10.3044],"uv_size":[0.123,0.2706]},"up":{"uv":[13.673,11.1492],"uv_size":[-0.123,-0.0492]},"west":{"uv":[14.3008,10.3044],"uv_size":[0.0492,0.2706]}}},{"origin":[-0.625,10.5,4],"size":[1.25,0.25,0.25],"uv":{"down":{"uv":[13.673,9.7246],"uv_size":[-0.123,-0.0246]},"east":{"uv":[12.9004,10.3004],"uv_size":[0.0246,0.0246]},"north":{"uv":[13.527,10.3004],"uv_size":[0.123,0.0246]},"south":{"uv":[13.552,10.3004],"uv_size":[0.123,0.0246]},"up":{"uv":[13.673,11.0996],"uv_size":[-0.123,-0.0246]},"west":{"uv":[14.2754,10.3004],"uv_size":[0.0246,0.0246]}}},{"origin":[-0.625,10,4.75],"size":[1.25,0.75,0.25],"uv":{"down":{"uv":[13.673,9.6496],"uv_size":[-0.123,-0.0246]},"east":{"uv":[12.8254,10.3012],"uv_size":[0.0246,0.0738]},"north":{"uv":[13.527,10.3012],"uv_size":[0.123,0.0738]},"south":{"uv":[13.552,10.3012],"uv_size":[0.123,0.0738]},"up":{"uv":[13.673,11.1746],"uv_size":[-0.123,-0.0246]},"west":{"uv":[14.3504,10.3012],"uv_size":[0.0246,0.0738]}}},{"origin":[-0.375,8.5,2],"size":[0.75,0.75,1.25],"uv":{"down":{"uv":[15.2488,11.523],"uv_size":[-0.0738,-0.123]},"east":{"uv":[14.602,12.0512],"uv_size":[0.123,0.0738]},"north":{"uv":[15.1512,12.0512],"uv_size":[0.0738,0.0738]},"south":{"uv":[15.1762,12.0512],"uv_size":[0.0738,0.0738]},"up":{"uv":[15.2488,12.598],"uv_size":[-0.0738,-0.123]},"west":{"uv":[15.677,12.0512],"uv_size":[0.123,0.0738]}}},{"origin":[-0.375,8.25,3.25],"size":[0.75,1,1],"uv":{"down":{"uv":[15.2488,11.3984],"uv_size":[-0.0738,-0.0984]},"east":{"uv":[14.5016,12.0516],"uv_size":[0.0984,0.0984]},"north":{"uv":[15.1512,12.0516],"uv_size":[0.0738,0.0984]},"south":{"uv":[15.1762,12.0516],"uv_size":[0.0738,0.0984]},"up":{"uv":[15.2488,12.6984],"uv_size":[-0.0738,-0.0984]},"west":{"uv":[15.8016,12.0516],"uv_size":[0.0984,0.0984]}}},{"origin":[-0.375,9.75,2],"size":[0.75,0.25,2.25],"uv":{"down":{"uv":[2.4488,13.1214],"uv_size":[-0.0738,-0.2214]},"east":{"uv":[1.7036,13.5754],"uv_size":[0.2214,0.0246]},"north":{"uv":[2.3512,13.5754],"uv_size":[0.0738,0.0246]},"south":{"uv":[2.3762,13.5754],"uv_size":[0.0738,0.0246]},"up":{"uv":[2.4488,14.2964],"uv_size":[-0.0738,-0.2214]},"west":{"uv":[2.8786,13.5754],"uv_size":[0.2214,0.0246]}}},{"origin":[-0.625,9.25,2],"size":[1.25,0.5,2.25],"uv":{"down":{"uv":[2.473,13.1214],"uv_size":[-0.123,-0.2214]},"east":{"uv":[1.7036,13.6008],"uv_size":[0.2214,0.0492]},"north":{"uv":[2.327,13.6008],"uv_size":[0.123,0.0492]},"south":{"uv":[2.352,13.6008],"uv_size":[0.123,0.0492]},"up":{"uv":[2.473,14.2964],"uv_size":[-0.123,-0.2214]},"west":{"uv":[2.8786,13.6008],"uv_size":[0.2214,0.0492]}}},{"origin":[-0.375,6.75,-0.25],"size":[0.75,1.5,0.25],"uv":{"down":{"uv":[2.4488,13.3496],"uv_size":[-0.0738,-0.0246]},"east":{"uv":[2.1254,13.7524],"uv_size":[0.0246,0.1476]},"north":{"uv":[2.3512,13.7524],"uv_size":[0.0738,0.1476]},"south":{"uv":[2.3762,13.7524],"uv_size":[0.0738,0.1476]},"up":{"uv":[2.4488,13.8746],"uv_size":[-0.0738,-0.0246]},"west":{"uv":[2.6504,13.7524],"uv_size":[0.0246,0.1476]}}},{"origin":[-0.375,6.75,0],"size":[0.75,1,0.25],"uv":{"down":{"uv":[2.4488,13.3246],"uv_size":[-0.0738,-0.0246]},"east":{"uv":[2.1004,13.8016],"uv_size":[0.0246,0.0984]},"north":{"uv":[2.3512,13.8016],"uv_size":[0.0738,0.0984]},"south":{"uv":[2.3762,13.8016],"uv_size":[0.0738,0.0984]},"up":{"uv":[2.4488,13.8996],"uv_size":[-0.0738,-0.0246]},"west":{"uv":[2.6754,13.8016],"uv_size":[0.0246,0.0984]}}},{"origin":[-0.375,6.75,0.25],"size":[0.75,0.5,0.25],"uv":{"down":{"uv":[2.4488,13.2996],"uv_size":[-0.0738,-0.0246]},"east":{"uv":[2.0754,13.8508],"uv_size":[0.0246,0.0492]},"north":{"uv":[2.3512,13.8508],"uv_size":[0.0738,0.0492]},"south":{"uv":[2.3762,13.8508],"uv_size":[0.0738,0.0492]},"up":{"uv":[2.4488,13.9246],"uv_size":[-0.0738,-0.0246]},"west":{"uv":[2.7004,13.8508],"uv_size":[0.0246,0.0492]}}},{"origin":[-0.375,7.25,-0.5],"size":[0.75,1.5,0.25],"uv":{"down":{"uv":[2.4488,13.3746],"uv_size":[-0.0738,-0.0246]},"east":{"uv":[2.1504,13.7024],"uv_size":[0.0246,0.1476]},"north":{"uv":[2.3512,13.7024],"uv_size":[0.0738,0.1476]},"south":{"uv":[2.3762,13.7024],"uv_size":[0.0738,0.1476]},"up":{"uv":[2.4488,13.8496],"uv_size":[-0.0738,-0.0246]},"west":{"uv":[2.6254,13.7024],"uv_size":[0.0246,0.1476]}}},{"origin":[-0.375,8,-1],"size":[0.75,0.25,0.5],"uv":{"down":{"uv":[2.4488,13.4242],"uv_size":[-0.0738,-0.0492]},"east":{"uv":[2.1758,13.7504],"uv_size":[0.0492,0.0246]},"north":{"uv":[2.3512,13.7504],"uv_size":[0.0738,0.0246]},"south":{"uv":[2.3762,13.7504],"uv_size":[0.0738,0.0246]},"up":{"uv":[2.4488,13.8242],"uv_size":[-0.0738,-0.0492]},"west":{"uv":[2.5758,13.7504],"uv_size":[0.0492,0.0246]}}},{"origin":[-0.375,8.25,-0.75],"size":[0.75,0.5,0.25],"uv":{"down":{"uv":[2.4488,13.3996],"uv_size":[-0.0738,-0.0246]},"east":{"uv":[2.1754,13.7008],"uv_size":[0.0246,0.0492]},"north":{"uv":[2.3512,13.7008],"uv_size":[0.0738,0.0492]},"south":{"uv":[2.3762,13.7008],"uv_size":[0.0738,0.0492]},"up":{"uv":[2.4488,13.8246],"uv_size":[-0.0738,-0.0246]},"west":{"uv":[2.6004,13.7008],"uv_size":[0.0246,0.0492]}}},{"origin":[-0.375,8.5,-1],"size":[0.75,0.25,0.25],"uv":{"down":{"uv":[2.4488,13.4246],"uv_size":[-0.0738,-0.0246]},"east":{"uv":[2.2004,13.7004],"uv_size":[0.0246,0.0246]},"north":{"uv":[2.3512,13.7004],"uv_size":[0.0738,0.0246]},"south":{"uv":[2.3762,13.7004],"uv_size":[0.0738,0.0246]},"up":{"uv":[2.4488,13.7996],"uv_size":[-0.0738,-0.0246]},"west":{"uv":[2.5754,13.7004],"uv_size":[0.0246,0.0246]}}},{"origin":[-0.125,6.75,-0.5],"size":[0.25,0.5,0.25],"uv":{"down":{"uv":[2.4246,13.3746],"uv_size":[-0.0246,-0.0246]},"east":{"uv":[2.1504,13.8508],"uv_size":[0.0246,0.0492]},"north":{"uv":[2.3754,13.8508],"uv_size":[0.0246,0.0492]},"south":{"uv":[2.4004,13.8508],"uv_size":[0.0246,0.0492]},"up":{"uv":[2.4246,13.8496],"uv_size":[-0.0246,-0.0246]},"west":{"uv":[2.6254,13.8508],"uv_size":[0.0246,0.0492]}}},{"origin":[-0.125,7,0.5],"size":[0.25,0.25,0.25],"uv":{"down":{"uv":[2.4246,13.2746],"uv_size":[-0.0246,-0.0246]},"east":{"uv":[2.0504,13.8504],"uv_size":[0.0246,0.0246]},"north":{"uv":[2.3754,13.8504],"uv_size":[0.0246,0.0246]},"south":{"uv":[2.4004,13.8504],"uv_size":[0.0246,0.0246]},"up":{"uv":[2.4246,13.9496],"uv_size":[-0.0246,-0.0246]},"west":{"uv":[2.7254,13.8504],"uv_size":[0.0246,0.0246]}}},{"origin":[-0.125,7.25,-0.75],"size":[0.25,0.75,0.25],"uv":{"down":{"uv":[2.4246,13.3996],"uv_size":[-0.0246,-0.0246]},"east":{"uv":[2.1754,13.7762],"uv_size":[0.0246,0.0738]},"north":{"uv":[2.3754,13.7762],"uv_size":[0.0246,0.0738]},"south":{"uv":[2.4004,13.7762],"uv_size":[0.0246,0.0738]},"up":{"uv":[2.4246,13.8246],"uv_size":[-0.0246,-0.0246]},"west":{"uv":[2.6004,13.7762],"uv_size":[0.0246,0.0738]}}},{"origin":[-0.125,7.25,0.25],"size":[0.25,0.5,0.25],"uv":{"down":{"uv":[2.4246,13.2996],"uv_size":[-0.0246,-0.0246]},"east":{"uv":[2.0754,13.8008],"uv_size":[0.0246,0.0492]},"north":{"uv":[2.3754,13.8008],"uv_size":[0.0246,0.0492]},"south":{"uv":[2.4004,13.8008],"uv_size":[0.0246,0.0492]},"up":{"uv":[2.4246,13.9246],"uv_size":[-0.0246,-0.0246]},"west":{"uv":[2.7004,13.8008],"uv_size":[0.0246,0.0492]}}},{"origin":[-0.125,7.75,0],"size":[0.25,0.5,0.25],"uv":{"down":{"uv":[2.4246,13.3246],"uv_size":[-0.0246,-0.0246]},"east":{"uv":[2.1004,13.7508],"uv_size":[0.0246,0.0492]},"north":{"uv":[2.3754,13.7508],"uv_size":[0.0246,0.0492]},"south":{"uv":[2.4004,13.7508],"uv_size":[0.0246,0.0492]},"up":{"uv":[2.4246,13.8996],"uv_size":[-0.0246,-0.0246]},"west":{"uv":[2.6754,13.7508],"uv_size":[0.0246,0.0492]}}},{"origin":[-0.125,8.25,-1],"size":[0.25,0.25,0.25],"uv":{"down":{"uv":[2.4246,13.4246],"uv_size":[-0.0246,-0.0246]},"east":{"uv":[2.2004,13.7254],"uv_size":[0.0246,0.0246]},"north":{"uv":[2.3754,13.7254],"uv_size":[0.0246,0.0246]},"south":{"uv":[2.4004,13.7254],"uv_size":[0.0246,0.0246]},"up":{"uv":[2.4246,13.7996],"uv_size":[-0.0246,-0.0246]},"west":{"uv":[2.5754,13.7254],"uv_size":[0.0246,0.0246]}}},{"origin":[-0.125,8.25,-0.25],"size":[0.25,0.5,0.25],"uv":{"down":{"uv":[2.4246,13.3496],"uv_size":[-0.0246,-0.0246]},"east":{"uv":[2.1254,13.7008],"uv_size":[0.0246,0.0492]},"north":{"uv":[2.3754,13.7008],"uv_size":[0.0246,0.0492]},"south":{"uv":[2.4004,13.7008],"uv_size":[0.0246,0.0492]},"up":{"uv":[2.4246,13.8746],"uv_size":[-0.0246,-0.0246]},"west":{"uv":[2.6504,13.7008],"uv_size":[0.0246,0.0492]}}},{"origin":[-0.375,8,-1.5],"size":[0.75,0.25,0.5],"uv":{"down":{"uv":[15.2488,11.8742],"uv_size":[-0.0738,-0.0492]},"east":{"uv":[15.0258,12.1504],"uv_size":[0.0492,0.0246]},"north":{"uv":[15.1512,12.1504],"uv_size":[0.0738,0.0246]},"south":{"uv":[15.1762,12.1504],"uv_size":[0.0738,0.0246]},"up":{"uv":[15.2488,12.1742],"uv_size":[-0.0738,-0.0492]},"west":{"uv":[15.3258,12.1504],"uv_size":[0.0492,0.0246]}}},{"origin":[-0.375,8.25,-1.75],"size":[0.75,0.25,0.25],"uv":{"down":{"uv":[15.2488,11.8996],"uv_size":[-0.0738,-0.0246]},"east":{"uv":[15.0754,12.1254],"uv_size":[0.0246,0.0246]},"north":{"uv":[15.1512,12.1254],"uv_size":[0.0738,0.0246]},"south":{"uv":[15.1762,12.1254],"uv_size":[0.0738,0.0246]},"up":{"uv":[15.2488,12.1246],"uv_size":[-0.0738,-0.0246]},"west":{"uv":[15.3004,12.1254],"uv_size":[0.0246,0.0246]}}},{"origin":[-0.375,8.5,-2],"size":[0.75,0.25,0.25],"uv":{"down":{"uv":[15.2488,11.9246],"uv_size":[-0.0738,-0.0246]},"east":{"uv":[15.1004,12.1004],"uv_size":[0.0246,0.0246]},"north":{"uv":[15.1512,12.1004],"uv_size":[0.0738,0.0246]},"south":{"uv":[15.1762,12.1004],"uv_size":[0.0738,0.0246]},"up":{"uv":[15.2488,12.0996],"uv_size":[-0.0738,-0.0246]},"west":{"uv":[15.2754,12.1004],"uv_size":[0.0246,0.0246]}}},{"origin":[-0.375,9.25,-9.25],"size":[0.25,0.25,0.25],"uv":{"down":{"uv":[15.2496,12.6496],"uv_size":[-0.0246,-0.0246]},"east":{"uv":[15.8254,12.0254],"uv_size":[0.0246,0.0246]},"north":{"uv":[15.1504,12.0254],"uv_size":[0.0246,0.0246]},"south":{"uv":[15.2254,12.0254],"uv_size":[0.0246,0.0246]},"up":{"uv":[15.2496,11.3746],"uv_size":[-0.0246,-0.0246]},"west":{"uv":[14.5504,12.0254],"uv_size":[0.0246,0.0246]}}},{"origin":[-0.375,9,-8.25],"size":[0.75,0.5,0.5],"uv":{"down":{"uv":[15.2488,12.5492],"uv_size":[-0.0738,-0.0492]},"east":{"uv":[15.7008,12.0258],"uv_size":[0.0492,0.0492]},"north":{"uv":[15.1512,12.0258],"uv_size":[0.0738,0.0492]},"south":{"uv":[15.1762,12.0258],"uv_size":[0.0738,0.0492]},"up":{"uv":[15.2488,11.4992],"uv_size":[-0.0738,-0.0492]},"west":{"uv":[14.6508,12.0258],"uv_size":[0.0492,0.0492]}}},{"origin":[-0.125,9,-8.5],"size":[0.25,0.25,0.25],"uv":{"down":{"uv":[15.2246,12.5746],"uv_size":[-0.0246,-0.0246]},"east":{"uv":[15.7504,12.0504],"uv_size":[0.0246,0.0246]},"north":{"uv":[15.1754,12.0504],"uv_size":[0.0246,0.0246]},"south":{"uv":[15.2004,12.0504],"uv_size":[0.0246,0.0246]},"up":{"uv":[15.2246,11.4496],"uv_size":[-0.0246,-0.0246]},"west":{"uv":[14.6254,12.0504],"uv_size":[0.0246,0.0246]}}},{"origin":[-0.375,9.25,-9],"size":[0.75,0.25,0.75],"uv":{"down":{"uv":[15.2488,12.6238],"uv_size":[-0.0738,-0.0738]},"east":{"uv":[15.7512,12.0254],"uv_size":[0.0738,0.0246]},"north":{"uv":[15.1512,12.0254],"uv_size":[0.0738,0.0246]},"south":{"uv":[15.1762,12.0254],"uv_size":[0.0738,0.0246]},"up":{"uv":[15.2488,11.4488],"uv_size":[-0.0738,-0.0738]},"west":{"uv":[14.5762,12.0254],"uv_size":[0.0738,0.0246]}}},{"origin":[-0.125,9,-9.25],"size":[0.5,0.5,0.25],"uv":{"down":{"uv":[15.2242,12.6496],"uv_size":[-0.0492,-0.0246]},"east":{"uv":[15.8254,12.0258],"uv_size":[0.0246,0.0492]},"north":{"uv":[15.1758,12.0258],"uv_size":[0.0492,0.0492]},"south":{"uv":[15.1758,12.0258],"uv_size":[0.0492,0.0492]},"up":{"uv":[15.2242,11.3746],"uv_size":[-0.0492,-0.0246]},"west":{"uv":[14.5504,12.0258],"uv_size":[0.0246,0.0492]}}},{"origin":[-0.375,9.25,-9.5],"size":[0.75,0.25,0.25],"uv":{"down":{"uv":[15.2488,12.6746],"uv_size":[-0.0738,-0.0246]},"east":{"uv":[15.8504,12.0254],"uv_size":[0.0246,0.0246]},"north":{"uv":[15.1512,12.0254],"uv_size":[0.0738,0.0246]},"south":{"uv":[15.1762,12.0254],"uv_size":[0.0738,0.0246]},"up":{"uv":[15.2488,11.3496],"uv_size":[-0.0738,-0.0246]},"west":{"uv":[14.5254,12.0254],"uv_size":[0.0246,0.0246]}}},{"origin":[-0.625,9.5,-9.5],"size":[1.25,0.5,1.75],"uv":{"down":{"uv":[15.273,12.6722],"uv_size":[-0.123,-0.1722]},"east":{"uv":[15.7028,11.9758],"uv_size":[0.1722,0.0492]},"north":{"uv":[15.127,11.9758],"uv_size":[0.123,0.0492]},"south":{"uv":[15.152,11.9758],"uv_size":[0.123,0.0492]},"up":{"uv":[15.273,11.4972],"uv_size":[-0.123,-0.1722]},"west":{"uv":[14.5278,11.9758],"uv_size":[0.1722,0.0492]}}},{"origin":[-0.625,9.75,-7.75],"size":[1.25,0.25,3.25],"uv":{"down":{"uv":[15.273,12.4948],"uv_size":[-0.123,-0.3198]},"east":{"uv":[15.3802,11.9754],"uv_size":[0.3198,0.0246]},"north":{"uv":[15.127,11.9754],"uv_size":[0.123,0.0246]},"south":{"uv":[15.152,11.9754],"uv_size":[0.123,0.0246]},"up":{"uv":[15.273,11.8198],"uv_size":[-0.123,-0.3198]},"west":{"uv":[14.7052,11.9754],"uv_size":[0.3198,0.0246]}}}],"name":"geyser_custom_z","parent":"geyser_custom_y","pivot":[-0.06703,9.26449,-5.05133]}],"description":{"identifier":"geometry.geyser_custom.geo_265b561","texture_height":16,"texture_width":16,"visible_bounds_height":4.5,"visible_bounds_offset":[0,0.75,0],"visible_bounds_width":4}}]}