{"format_version":"1.16.0","minecraft:geometry":[{"bones":[{"name":"root","pivot":[0,0,0]},{"name":"waist","parent":"root","pivot":[0,12,0]},{"name":"body","parent":"waist","pivot":[0,24,0]},{"cubes":[{"origin":[-8,12,-2],"size":[4,12,4],"uv":[40,16]}],"name":"rightArm","parent":"body","pivot":[-5,22,0]},{"locators":{"lead_hold":[-6,15,1]},"name":"rightItem","parent":"rightArm","pivot":[-6,15,1]},{"binding":"c.item_slot == 'head' ? 'head' : q.item_slot_to_bone_name(c.item_slot)","name":"geyser_custom","parent":"rightItem","pivot":[0,8,0]},{"name":"geyser_custom_x","parent":"geyser_custom","pivot":[0,8,0]},{"name":"geyser_custom_y","parent":"geyser_custom_x","pivot":[0,8,0]},{"cubes":[{"origin":[-1.80943,7.5,-2.61066],"size":[0.75,0.25,3],"uv":{"down":{"uv":[15.3738,6.0476],"uv_size":[-0.0738,-0.3107]},"east":{"uv":[15.0548,5.9215],"uv_size":[0.2952,0.0259]},"north":{"uv":[15.0262,5.9215],"uv_size":[0.0738,0.0259]},"south":{"uv":[15.3012,5.9215],"uv_size":[0.0738,0.0259]},"up":{"uv":[15.3738,6.0476],"uv_size":[-0.0738,-0.3107]},"west":{"uv":[15.0548,5.9215],"uv_size":[0.2952,0.0259]}}},{"origin":[-1.80943,7.75,0.13934],"size":[0.75,0.75,0.25],"uv":{"down":{"uv":[15.3738,5.7627],"uv_size":[-0.0738,-0.0259]},"east":{"uv":[15.0504,5.8434],"uv_size":[0.0246,0.0777]},"north":{"uv":[15.0262,5.8434],"uv_size":[0.0738,0.0777]},"south":{"uv":[15.3012,5.8434],"uv_size":[0.0738,0.0777]},"up":{"uv":[15.3738,6.0522],"uv_size":[-0.0738,-0.0259]},"west":{"uv":[15.3254,5.8434],"uv_size":[0.0246,0.0777]}}},{"origin":[-1.80943,7,-0.86066],"size":[0.75,0.25,1],"uv":{"down":{"uv":[15.3738,5.8667],"uv_size":[-0.0738,-0.1036]},"east":{"uv":[15.0766,5.9741],"uv_size":[0.0984,0.0259]},"north":{"uv":[15.0262,5.9741],"uv_size":[0.0738,0.0259]},"south":{"uv":[15.3012,5.9741],"uv_size":[0.0738,0.0259]},"up":{"uv":[15.3738,6.0246],"uv_size":[-0.0738,-0.1036]},"west":{"uv":[15.2266,5.9741],"uv_size":[0.0984,0.0259]}}},{"origin":[-1.80943,7.25,-0.36066],"size":[0.75,0.25,0.5],"uv":{"down":{"uv":[15.3738,5.8149],"uv_size":[-0.0738,-0.0518]},"east":{"uv":[15.0758,5.9478],"uv_size":[0.0492,0.0259]},"north":{"uv":[15.0262,5.9478],"uv_size":[0.0738,0.0259]},"south":{"uv":[15.3012,5.9478],"uv_size":[0.0738,0.0259]},"up":{"uv":[15.3738,6.0255],"uv_size":[-0.0738,-0.0518]},"west":{"uv":[15.2758,5.9478],"uv_size":[0.0492,0.0259]}}},{"origin":[-1.55943,7.75,-2.61066],"size":[0.25,0.75,2.75],"uv":{"down":{"uv":[15.3496,6.048],"uv_size":[-0.0246,-0.2848]},"east":{"uv":[15.0794,5.8434],"uv_size":[0.2706,0.0777]},"north":{"uv":[15.0504,5.8434],"uv_size":[0.0246,0.0777]},"south":{"uv":[15.3254,5.8434],"uv_size":[0.0246,0.0777]},"up":{"uv":[15.3496,6.0217],"uv_size":[-0.0246,-0.2848]},"west":{"uv":[15.0544,5.8434],"uv_size":[0.2706,0.0777]}}},{"origin":[-1.30943,8.25,-2.61066],"size":[0.25,0.25,2.75],"uv":{"down":{"uv":[15.3246,6.048],"uv_size":[-0.0246,-0.2848]},"east":{"uv":[15.0794,5.8425],"uv_size":[0.2706,0.0259]},"north":{"uv":[15.0754,5.8425],"uv_size":[0.0246,0.0259]},"south":{"uv":[15.3004,5.8425],"uv_size":[0.0246,0.0259]},"up":{"uv":[15.3246,6.0217],"uv_size":[-0.0246,-0.2848]},"west":{"uv":[15.0544,5.8425],"uv_size":[0.2706,0.0259]}}},{"origin":[-1.80943,8.25,-2.61066],"size":[0.25,0.25,2.75],"uv":{"down":{"uv":[15.3746,6.048],"uv_size":[-0.0246,-0.2848]},"east":{"uv":[15.0794,5.8425],"uv_size":[0.2706,0.0259]},"north":{"uv":[15.0254,5.8425],"uv_size":[0.0246,0.0259]},"south":{"uv":[15.3504,5.8425],"uv_size":[0.0246,0.0259]},"up":{"uv":[15.3746,6.0217],"uv_size":[-0.0246,-0.2848]},"west":{"uv":[15.0544,5.8425],"uv_size":[0.2706,0.0259]}}},{"origin":[-1.55943,8.5,-2.36066],"size":[0.5,0.5,2.5],"uv":{"down":{"uv":[15.3492,6.0221],"uv_size":[-0.0492,-0.2589]},"east":{"uv":[15.079,5.7903],"uv_size":[0.246,0.0518]},"north":{"uv":[15.0508,5.7903],"uv_size":[0.0492,0.0518]},"south":{"uv":[15.3008,5.7903],"uv_size":[0.0492,0.0518]},"up":{"uv":[15.3492,6.0221],"uv_size":[-0.0492,-0.2589]},"west":{"uv":[15.079,5.7903],"uv_size":[0.246,0.0518]}}},{"origin":[-1.80943,8.5,-0.36066],"size":[0.25,0.5,0.5],"uv":{"down":{"uv":[15.3746,5.8149],"uv_size":[-0.0246,-0.0518]},"east":{"uv":[15.0758,5.7903],"uv_size":[0.0492,0.0518]},"north":{"uv":[15.0254,5.7903],"uv_size":[0.0246,0.0518]},"south":{"uv":[15.3504,5.7903],"uv_size":[0.0246,0.0518]},"up":{"uv":[15.3746,6.0255],"uv_size":[-0.0246,-0.0518]},"west":{"uv":[15.2758,5.7903],"uv_size":[0.0492,0.0518]}}},{"origin":[-1.80943,6.75,-0.86066],"size":[0.75,0.25,0.75],"uv":{"down":{"uv":[15.3738,5.8672],"uv_size":[-0.0738,-0.0777]},"east":{"uv":[15.1012,6.0004],"uv_size":[0.0738,0.0259]},"north":{"uv":[15.0262,6.0004],"uv_size":[0.0738,0.0259]},"south":{"uv":[15.3012,6.0004],"uv_size":[0.0738,0.0259]},"up":{"uv":[15.3738,5.9987],"uv_size":[-0.0738,-0.0777]},"west":{"uv":[15.2262,6.0004],"uv_size":[0.0738,0.0259]}}},{"origin":[-1.80943,9,-2.11066],"size":[0.75,0.25,2],"uv":{"down":{"uv":[15.3738,5.9966],"uv_size":[-0.0738,-0.2072]},"east":{"uv":[15.1032,5.7636],"uv_size":[0.1968,0.0259]},"north":{"uv":[15.0262,5.7636],"uv_size":[0.0738,0.0259]},"south":{"uv":[15.3012,5.7636],"uv_size":[0.0738,0.0259]},"up":{"uv":[15.3738,5.9966],"uv_size":[-0.0738,-0.2072]},"west":{"uv":[15.1032,5.7636],"uv_size":[0.1968,0.0259]}}},{"origin":[6.94057,6.5,-1.86066],"size":[0.5,1.75,1.5],"uv":{"down":{"uv":[12.8992,5.9712],"uv_size":[-0.0492,-0.1554]},"east":{"uv":[13.5274,5.8714],"uv_size":[0.1476,0.1813]},"north":{"uv":[14.3008,5.8714],"uv_size":[0.0492,0.1813]},"south":{"uv":[12.8508,5.8714],"uv_size":[0.0492,0.1813]},"up":{"uv":[12.8992,5.9712],"uv_size":[-0.0492,-0.1554]},"west":{"uv":[13.5274,5.8714],"uv_size":[0.1476,0.1813]}}},{"origin":[6.44057,6.75,-1.86066],"size":[0.5,1.5,1.5],"uv":{"down":{"uv":[12.9492,5.9712],"uv_size":[-0.0492,-0.1554]},"east":{"uv":[13.5274,5.8709],"uv_size":[0.1476,0.1554]},"north":{"uv":[14.2508,5.8709],"uv_size":[0.0492,0.1554]},"south":{"uv":[12.9008,5.8709],"uv_size":[0.0492,0.1554]},"up":{"uv":[12.9492,5.9712],"uv_size":[-0.0492,-0.1554]},"west":{"uv":[13.5274,5.8709],"uv_size":[0.1476,0.1554]}}},{"origin":[5.94057,7,-1.86066],"size":[0.5,1.5,1.5],"uv":{"down":{"uv":[12.9992,5.9712],"uv_size":[-0.0492,-0.1554]},"east":{"uv":[13.5274,5.8446],"uv_size":[0.1476,0.1554]},"north":{"uv":[14.2008,5.8446],"uv_size":[0.0492,0.1554]},"south":{"uv":[12.9508,5.8446],"uv_size":[0.0492,0.1554]},"up":{"uv":[12.9992,5.9712],"uv_size":[-0.0492,-0.1554]},"west":{"uv":[13.5274,5.8446],"uv_size":[0.1476,0.1554]}}},{"origin":[7.44057,7.25,-1.86066],"size":[0.25,0.75,1.5],"uv":{"down":{"uv":[12.8496,5.9712],"uv_size":[-0.0246,-0.1554]},"east":{"uv":[13.5274,5.896],"uv_size":[0.1476,0.0777]},"north":{"uv":[14.3504,5.896],"uv_size":[0.0246,0.0777]},"south":{"uv":[12.8254,5.896],"uv_size":[0.0246,0.0777]},"up":{"uv":[12.8496,5.9712],"uv_size":[-0.0246,-0.1554]},"west":{"uv":[13.5274,5.896],"uv_size":[0.1476,0.0777]}}},{"origin":[5.69057,7.25,-1.86066],"size":[0.25,1.25,1.5],"uv":{"down":{"uv":[13.0246,5.9712],"uv_size":[-0.0246,-0.1554]},"east":{"uv":[13.5274,5.8442],"uv_size":[0.1476,0.1295]},"north":{"uv":[14.1754,5.8442],"uv_size":[0.0246,0.1295]},"south":{"uv":[13.0004,5.8442],"uv_size":[0.0246,0.1295]},"up":{"uv":[13.0246,5.9712],"uv_size":[-0.0246,-0.1554]},"west":{"uv":[13.5274,5.8442],"uv_size":[0.1476,0.1295]}}},{"origin":[0.94057,7.25,-1.86066],"size":[0.5,0.75,1.5],"uv":{"down":{"uv":[13.4992,5.9712],"uv_size":[-0.0492,-0.1554]},"east":{"uv":[13.5274,5.896],"uv_size":[0.1476,0.0777]},"north":{"uv":[13.7008,5.896],"uv_size":[0.0492,0.0777]},"south":{"uv":[13.4508,5.896],"uv_size":[0.0492,0.0777]},"up":{"uv":[13.4992,5.9712],"uv_size":[-0.0492,-0.1554]},"west":{"uv":[13.5274,5.896],"uv_size":[0.1476,0.0777]}}},{"origin":[-1.55943,7.25,-2.36066],"size":[0.25,0.25,2],"uv":{"down":{"uv":[15.3496,6.0229],"uv_size":[-0.0246,-0.2072]},"east":{"uv":[15.1282,5.9478],"uv_size":[0.1968,0.0259]},"north":{"uv":[15.0504,5.9478],"uv_size":[0.0246,0.0259]},"south":{"uv":[15.3254,5.9478],"uv_size":[0.0246,0.0259]},"up":{"uv":[15.3496,5.9703],"uv_size":[-0.0246,-0.2072]},"west":{"uv":[15.0782,5.9478],"uv_size":[0.1968,0.0259]}}},{"origin":[5.44057,7.5,-1.86066],"size":[0.25,1.25,1.5],"uv":{"down":{"uv":[13.0496,5.9712],"uv_size":[-0.0246,-0.1554]},"east":{"uv":[13.5274,5.8179],"uv_size":[0.1476,0.1295]},"north":{"uv":[14.1504,5.8179],"uv_size":[0.0246,0.1295]},"south":{"uv":[13.0254,5.8179],"uv_size":[0.0246,0.1295]},"up":{"uv":[13.0496,5.9712],"uv_size":[-0.0246,-0.1554]},"west":{"uv":[13.5274,5.8179],"uv_size":[0.1476,0.1295]}}},{"origin":[4.94057,7.75,-1.86066],"size":[0.5,1,1.5],"uv":{"down":{"uv":[13.0992,5.9712],"uv_size":[-0.0492,-0.1554]},"east":{"uv":[13.5274,5.8175],"uv_size":[0.1476,0.1036]},"north":{"uv":[14.1008,5.8175],"uv_size":[0.0492,0.1036]},"south":{"uv":[13.0508,5.8175],"uv_size":[0.0492,0.1036]},"up":{"uv":[13.0992,5.9712],"uv_size":[-0.0492,-0.1554]},"west":{"uv":[13.5274,5.8175],"uv_size":[0.1476,0.1036]}}},{"origin":[0.69057,7.75,-1.86066],"size":[0.25,1,1.5],"uv":{"down":{"uv":[13.5246,5.9712],"uv_size":[-0.0246,-0.1554]},"east":{"uv":[13.5274,5.8175],"uv_size":[0.1476,0.1036]},"north":{"uv":[13.6754,5.8175],"uv_size":[0.0246,0.1036]},"south":{"uv":[13.5004,5.8175],"uv_size":[0.0246,0.1036]},"up":{"uv":[13.5246,5.9712],"uv_size":[-0.0246,-0.1554]},"west":{"uv":[13.5274,5.8175],"uv_size":[0.1476,0.1036]}}},{"origin":[4.44057,8,-1.86066],"size":[0.5,0.75,1.5],"uv":{"down":{"uv":[13.1492,5.9712],"uv_size":[-0.0492,-0.1554]},"east":{"uv":[13.5274,5.8171],"uv_size":[0.1476,0.0777]},"north":{"uv":[14.0508,5.8171],"uv_size":[0.0492,0.0777]},"south":{"uv":[13.1008,5.8171],"uv_size":[0.0492,0.0777]},"up":{"uv":[13.1492,5.9712],"uv_size":[-0.0492,-0.1554]},"west":{"uv":[13.5274,5.8171],"uv_size":[0.1476,0.0777]}}},{"origin":[0.94057,8,-1.86066],"size":[0.25,0.25,1.5],"uv":{"down":{"uv":[13.4996,5.9712],"uv_size":[-0.0246,-0.1554]},"east":{"uv":[13.5274,5.8688],"uv_size":[0.1476,0.0259]},"north":{"uv":[13.7004,5.8688],"uv_size":[0.0246,0.0259]},"south":{"uv":[13.4754,5.8688],"uv_size":[0.0246,0.0259]},"up":{"uv":[13.4996,5.9712],"uv_size":[-0.0246,-0.1554]},"west":{"uv":[13.5274,5.8688],"uv_size":[0.1476,0.0259]}}},{"origin":[0.44057,8,-1.86066],"size":[0.25,0.75,1.5],"uv":{"down":{"uv":[13.5496,5.9712],"uv_size":[-0.0246,-0.1554]},"east":{"uv":[13.5274,5.8171],"uv_size":[0.1476,0.0777]},"north":{"uv":[13.6504,5.8171],"uv_size":[0.0246,0.0777]},"south":{"uv":[13.5254,5.8171],"uv_size":[0.0246,0.0777]},"up":{"uv":[13.5496,5.9712],"uv_size":[-0.0246,-0.1554]},"west":{"uv":[13.5274,5.8171],"uv_size":[0.1476,0.0777]}}},{"origin":[6.44057,8.25,-1.86066],"size":[0.25,0.25,1.5],"uv":{"down":{"uv":[12.9496,5.9712],"uv_size":[-0.0246,-0.1554]},"east":{"uv":[13.5274,5.8425],"uv_size":[0.1476,0.0259]},"north":{"uv":[14.2504,5.8425],"uv_size":[0.0246,0.0259]},"south":{"uv":[12.9254,5.8425],"uv_size":[0.0246,0.0259]},"up":{"uv":[12.9496,5.9712],"uv_size":[-0.0246,-0.1554]},"west":{"uv":[13.5274,5.8425],"uv_size":[0.1476,0.0259]}}},{"origin":[3.94057,8.25,-1.86066],"size":[0.5,0.5,1.5],"uv":{"down":{"uv":[13.1992,5.9712],"uv_size":[-0.0492,-0.1554]},"east":{"uv":[13.5274,5.8166],"uv_size":[0.1476,0.0518]},"north":{"uv":[14.0008,5.8166],"uv_size":[0.0492,0.0518]},"south":{"uv":[13.1508,5.8166],"uv_size":[0.0492,0.0518]},"up":{"uv":[13.1992,5.9712],"uv_size":[-0.0492,-0.1554]},"west":{"uv":[13.5274,5.8166],"uv_size":[0.1476,0.0518]}}},{"origin":[-1.05943,8.25,-1.86066],"size":[0.25,1.75,1.5],"uv":{"down":{"uv":[13.6996,7.6554],"uv_size":[-0.0246,-0.1554]},"east":{"uv":[13.5274,7.3714],"uv_size":[0.1476,0.1813]},"north":{"uv":[13.5004,7.3714],"uv_size":[0.0246,0.1813]},"south":{"uv":[13.6754,7.3714],"uv_size":[0.0246,0.1813]},"up":{"uv":[13.6996,7.6554],"uv_size":[-0.0246,-0.1554]},"west":{"uv":[13.5274,7.3714],"uv_size":[0.1476,0.1813]}}},{"origin":[3.19057,8.5,-1.86066],"size":[0.75,0.5,1.5],"uv":{"down":{"uv":[13.2738,5.9712],"uv_size":[-0.0738,-0.1554]},"east":{"uv":[13.5274,5.7903],"uv_size":[0.1476,0.0518]},"north":{"uv":[13.9262,5.7903],"uv_size":[0.0738,0.0518]},"south":{"uv":[13.2012,5.7903],"uv_size":[0.0738,0.0518]},"up":{"uv":[13.2738,5.9712],"uv_size":[-0.0738,-0.1554]},"west":{"uv":[13.5274,5.7903],"uv_size":[0.1476,0.0518]}}},{"origin":[2.44057,8.75,-1.86066],"size":[0.75,0.5,1.5],"uv":{"down":{"uv":[13.3488,5.9712],"uv_size":[-0.0738,-0.1554]},"east":{"uv":[13.5274,5.764],"uv_size":[0.1476,0.0518]},"north":{"uv":[13.8512,5.764],"uv_size":[0.0738,0.0518]},"south":{"uv":[13.2762,5.764],"uv_size":[0.0738,0.0518]},"up":{"uv":[13.3488,5.9712],"uv_size":[-0.0738,-0.1554]},"west":{"uv":[13.5274,5.764],"uv_size":[0.1476,0.0518]}}},{"origin":[-0.80943,8.75,-1.86066],"size":[2,1.25,1.5],"uv":{"down":{"uv":[13.6718,7.6554],"uv_size":[-0.1968,-0.1554]},"east":{"uv":[13.5274,7.3705],"uv_size":[0.1476,0.1295]},"north":{"uv":[13.5282,7.3705],"uv_size":[0.1968,0.1295]},"south":{"uv":[13.4782,7.3705],"uv_size":[0.1968,0.1295]},"up":{"uv":[13.6718,7.6554],"uv_size":[-0.1968,-0.1554]},"west":{"uv":[13.5274,7.3705],"uv_size":[0.1476,0.1295]}}},{"origin":[-1.80943,8.75,-2.36066],"size":[0.25,0.25,2],"uv":{"down":{"uv":[15.3746,6.0229],"uv_size":[-0.0246,-0.2072]},"east":{"uv":[15.1282,5.7899],"uv_size":[0.1968,0.0259]},"north":{"uv":[15.0254,5.7899],"uv_size":[0.0246,0.0259]},"south":{"uv":[15.3504,5.7899],"uv_size":[0.0246,0.0259]},"up":{"uv":[15.3746,5.9703],"uv_size":[-0.0246,-0.2072]},"west":{"uv":[15.0782,5.7899],"uv_size":[0.1968,0.0259]}}},{"origin":[-2.05943,8.75,-1.86066],"size":[0.25,1.25,1.5],"uv":{"down":{"uv":[13.7996,7.6554],"uv_size":[-0.0246,-0.1554]},"east":{"uv":[13.5274,7.3705],"uv_size":[0.1476,0.1295]},"north":{"uv":[13.4004,7.3705],"uv_size":[0.0246,0.1295]},"south":{"uv":[13.7754,7.3705],"uv_size":[0.0246,0.1295]},"up":{"uv":[13.7996,7.6554],"uv_size":[-0.0246,-0.1554]},"west":{"uv":[13.5274,7.3705],"uv_size":[0.1476,0.1295]}}},{"origin":[3.19057,9,-1.86066],"size":[0.25,0.25,1.5],"uv":{"down":{"uv":[13.2746,5.9712],"uv_size":[-0.0246,-0.1554]},"east":{"uv":[13.5274,5.7636],"uv_size":[0.1476,0.0259]},"north":{"uv":[13.9254,5.7636],"uv_size":[0.0246,0.0259]},"south":{"uv":[13.2504,5.7636],"uv_size":[0.0246,0.0259]},"up":{"uv":[13.2746,5.9712],"uv_size":[-0.0246,-0.1554]},"west":{"uv":[13.5274,5.7636],"uv_size":[0.1476,0.0259]}}},{"origin":[1.19057,9,-1.86066],"size":[1,1,1.5],"uv":{"down":{"uv":[13.4734,7.6554],"uv_size":[-0.0984,-0.1554]},"east":{"uv":[13.5274,7.3701],"uv_size":[0.1476,0.1036]},"north":{"uv":[13.7266,7.3701],"uv_size":[0.0984,0.1036]},"south":{"uv":[13.3766,7.3701],"uv_size":[0.0984,0.1036]},"up":{"uv":[13.4734,7.6554],"uv_size":[-0.0984,-0.1554]},"west":{"uv":[13.5274,7.3701],"uv_size":[0.1476,0.1036]}}},{"origin":[2.19057,9.25,-1.86066],"size":[1.5,0.75,1.5],"uv":{"down":{"uv":[13.3726,7.6554],"uv_size":[-0.1476,-0.1554]},"east":{"uv":[13.5274,7.3697],"uv_size":[0.1476,0.0777]},"north":{"uv":[13.8274,7.3697],"uv_size":[0.1476,0.0777]},"south":{"uv":[13.2274,7.3697],"uv_size":[0.1476,0.0777]},"up":{"uv":[13.3726,7.6554],"uv_size":[-0.1476,-0.1554]},"west":{"uv":[13.5274,7.3697],"uv_size":[0.1476,0.0777]}}},{"origin":[-1.80943,9.5,-1.86066],"size":[0.75,0.25,1.5],"uv":{"down":{"uv":[13.7738,7.6554],"uv_size":[-0.0738,-0.1554]},"east":{"uv":[13.5274,7.3952],"uv_size":[0.1476,0.0259]},"north":{"uv":[13.4262,7.3952],"uv_size":[0.0738,0.0259]},"south":{"uv":[13.7012,7.3952],"uv_size":[0.0738,0.0259]},"up":{"uv":[13.7738,7.6554],"uv_size":[-0.0738,-0.1554]},"west":{"uv":[13.5274,7.3952],"uv_size":[0.1476,0.0259]}}},{"origin":[-2.30943,9.5,-1.86066],"size":[0.25,0.5,1.5],"uv":{"down":{"uv":[13.8246,7.6554],"uv_size":[-0.0246,-0.1554]},"east":{"uv":[13.5274,7.3693],"uv_size":[0.1476,0.0518]},"north":{"uv":[13.3754,7.3693],"uv_size":[0.0246,0.0518]},"south":{"uv":[13.8004,7.3693],"uv_size":[0.0246,0.0518]},"up":{"uv":[13.8246,7.6554],"uv_size":[-0.0246,-0.1554]},"west":{"uv":[13.5274,7.3693],"uv_size":[0.1476,0.0518]}}},{"origin":[7.44057,6.25,-1.61066],"size":[0.25,1,1],"uv":{"down":{"uv":[12.8496,5.9457],"uv_size":[-0.0246,-0.1036]},"east":{"uv":[13.5516,5.9754],"uv_size":[0.0984,0.1036]},"north":{"uv":[14.3504,5.9754],"uv_size":[0.0246,0.1036]},"south":{"uv":[12.8254,5.9754],"uv_size":[0.0246,0.1036]},"up":{"uv":[12.8496,5.9457],"uv_size":[-0.0246,-0.1036]},"west":{"uv":[13.5516,5.9754],"uv_size":[0.0984,0.1036]}}},{"origin":[6.94057,6.25,-1.61066],"size":[0.5,0.25,1],"uv":{"down":{"uv":[12.8992,5.9457],"uv_size":[-0.0492,-0.1036]},"east":{"uv":[13.5516,6.0531],"uv_size":[0.0984,0.0259]},"north":{"uv":[14.3008,6.0531],"uv_size":[0.0492,0.0259]},"south":{"uv":[12.8508,6.0531],"uv_size":[0.0492,0.0259]},"up":{"uv":[12.8992,5.9457],"uv_size":[-0.0492,-0.1036]},"west":{"uv":[13.5516,6.0531],"uv_size":[0.0984,0.0259]}}},{"origin":[6.44057,6.5,-1.61066],"size":[0.5,0.25,1],"uv":{"down":{"uv":[12.9492,5.9457],"uv_size":[-0.0492,-0.1036]},"east":{"uv":[13.5516,6.0267],"uv_size":[0.0984,0.0259]},"north":{"uv":[14.2508,6.0267],"uv_size":[0.0492,0.0259]},"south":{"uv":[12.9008,6.0267],"uv_size":[0.0492,0.0259]},"up":{"uv":[12.9492,5.9457],"uv_size":[-0.0492,-0.1036]},"west":{"uv":[13.5516,6.0267],"uv_size":[0.0984,0.0259]}}},{"origin":[-1.80943,6.5,-1.61066],"size":[0.75,0.25,1],"uv":{"down":{"uv":[15.3738,5.9457],"uv_size":[-0.0738,-0.1036]},"east":{"uv":[15.1516,6.0267],"uv_size":[0.0984,0.0259]},"north":{"uv":[15.0262,6.0267],"uv_size":[0.0738,0.0259]},"south":{"uv":[15.3012,6.0267],"uv_size":[0.0738,0.0259]},"up":{"uv":[15.3738,5.9457],"uv_size":[-0.0738,-0.1036]},"west":{"uv":[15.1516,6.0267],"uv_size":[0.0984,0.0259]}}},{"origin":[5.94057,6.75,-1.61066],"size":[0.5,0.25,1],"uv":{"down":{"uv":[12.9992,5.9457],"uv_size":[-0.0492,-0.1036]},"east":{"uv":[13.5516,6.0004],"uv_size":[0.0984,0.0259]},"north":{"uv":[14.2008,6.0004],"uv_size":[0.0492,0.0259]},"south":{"uv":[12.9508,6.0004],"uv_size":[0.0492,0.0259]},"up":{"uv":[12.9992,5.9457],"uv_size":[-0.0492,-0.1036]},"west":{"uv":[13.5516,6.0004],"uv_size":[0.0984,0.0259]}}},{"origin":[5.69057,7,-1.61066],"size":[0.25,0.25,1],"uv":{"down":{"uv":[13.0246,5.9457],"uv_size":[-0.0246,-0.1036]},"east":{"uv":[13.5516,5.9741],"uv_size":[0.0984,0.0259]},"north":{"uv":[14.1754,5.9741],"uv_size":[0.0246,0.0259]},"south":{"uv":[13.0004,5.9741],"uv_size":[0.0246,0.0259]},"up":{"uv":[13.0246,5.9457],"uv_size":[-0.0246,-0.1036]},"west":{"uv":[13.5516,5.9741],"uv_size":[0.0984,0.0259]}}},{"origin":[0.94057,7,-1.61066],"size":[0.5,0.25,1],"uv":{"down":{"uv":[13.4992,5.9457],"uv_size":[-0.0492,-0.1036]},"east":{"uv":[13.5516,5.9741],"uv_size":[0.0984,0.0259]},"north":{"uv":[13.7008,5.9741],"uv_size":[0.0492,0.0259]},"south":{"uv":[13.4508,5.9741],"uv_size":[0.0492,0.0259]},"up":{"uv":[13.4992,5.9457],"uv_size":[-0.0492,-0.1036]},"west":{"uv":[13.5516,5.9741],"uv_size":[0.0984,0.0259]}}},{"origin":[7.69057,7.25,-1.61066],"size":[0.25,1,1],"uv":{"down":{"uv":[12.8246,5.9457],"uv_size":[-0.0246,-0.1036]},"east":{"uv":[13.5516,5.8701],"uv_size":[0.0984,0.1036]},"north":{"uv":[14.3754,5.8701],"uv_size":[0.0246,0.1036]},"south":{"uv":[12.8004,5.8701],"uv_size":[0.0246,0.1036]},"up":{"uv":[12.8246,5.9457],"uv_size":[-0.0246,-0.1036]},"west":{"uv":[13.5516,5.8701],"uv_size":[0.0984,0.1036]}}},{"origin":[5.44057,7.25,-1.61066],"size":[0.25,0.25,1],"uv":{"down":{"uv":[13.0496,5.9457],"uv_size":[-0.0246,-0.1036]},"east":{"uv":[13.5516,5.9478],"uv_size":[0.0984,0.0259]},"north":{"uv":[14.1504,5.9478],"uv_size":[0.0246,0.0259]},"south":{"uv":[13.0254,5.9478],"uv_size":[0.0246,0.0259]},"up":{"uv":[13.0496,5.9457],"uv_size":[-0.0246,-0.1036]},"west":{"uv":[13.5516,5.9478],"uv_size":[0.0984,0.0259]}}},{"origin":[1.44057,7.25,-1.61066],"size":[0.25,0.75,1],"uv":{"down":{"uv":[13.4496,5.9457],"uv_size":[-0.0246,-0.1036]},"east":{"uv":[13.5516,5.896],"uv_size":[0.0984,0.0777]},"north":{"uv":[13.7504,5.896],"uv_size":[0.0246,0.0777]},"south":{"uv":[13.4254,5.896],"uv_size":[0.0246,0.0777]},"up":{"uv":[13.4496,5.9457],"uv_size":[-0.0246,-0.1036]},"west":{"uv":[13.5516,5.896],"uv_size":[0.0984,0.0777]}}},{"origin":[0.69057,7.25,-1.61066],"size":[0.25,0.5,1],"uv":{"down":{"uv":[13.5246,5.9457],"uv_size":[-0.0246,-0.1036]},"east":{"uv":[13.5516,5.9219],"uv_size":[0.0984,0.0518]},"north":{"uv":[13.6754,5.9219],"uv_size":[0.0246,0.0518]},"south":{"uv":[13.5004,5.9219],"uv_size":[0.0246,0.0518]},"up":{"uv":[13.5246,5.9457],"uv_size":[-0.0246,-0.1036]},"west":{"uv":[13.5516,5.9219],"uv_size":[0.0984,0.0518]}}},{"origin":[-1.30943,7.25,-0.86066],"size":[0.25,0.25,0.25],"uv":{"down":{"uv":[15.3246,5.868],"uv_size":[-0.0246,-0.0259]},"east":{"uv":[15.1504,5.9478],"uv_size":[0.0246,0.0259]},"north":{"uv":[15.0754,5.9478],"uv_size":[0.0246,0.0259]},"south":{"uv":[15.3004,5.9478],"uv_size":[0.0246,0.0259]},"up":{"uv":[15.3246,5.9469],"uv_size":[-0.0246,-0.0259]},"west":{"uv":[15.2254,5.9478],"uv_size":[0.0246,0.0259]}}},{"origin":[-1.80943,7.25,-0.86066],"size":[0.25,0.25,0.25],"uv":{"down":{"uv":[15.3746,5.868],"uv_size":[-0.0246,-0.0259]},"east":{"uv":[15.1504,5.9478],"uv_size":[0.0246,0.0259]},"north":{"uv":[15.0254,5.9478],"uv_size":[0.0246,0.0259]},"south":{"uv":[15.3504,5.9478],"uv_size":[0.0246,0.0259]},"up":{"uv":[15.3746,5.9469],"uv_size":[-0.0246,-0.0259]},"west":{"uv":[15.2254,5.9478],"uv_size":[0.0246,0.0259]}}},{"origin":[4.94057,7.5,-1.61066],"size":[0.5,0.25,1],"uv":{"down":{"uv":[13.0992,5.9457],"uv_size":[-0.0492,-0.1036]},"east":{"uv":[13.5516,5.9215],"uv_size":[0.0984,0.0259]},"north":{"uv":[14.1008,5.9215],"uv_size":[0.0492,0.0259]},"south":{"uv":[13.0508,5.9215],"uv_size":[0.0492,0.0259]},"up":{"uv":[13.0992,5.9457],"uv_size":[-0.0492,-0.1036]},"west":{"uv":[13.5516,5.9215],"uv_size":[0.0984,0.0259]}}},{"origin":[-4.05943,7.5,-1.61066],"size":[0.25,1.25,1],"uv":{"down":{"uv":[13.9996,5.9457],"uv_size":[-0.0246,-0.1036]},"east":{"uv":[13.5516,5.8179],"uv_size":[0.0984,0.1295]},"north":{"uv":[13.2004,5.8179],"uv_size":[0.0246,0.1295]},"south":{"uv":[13.9754,5.8179],"uv_size":[0.0246,0.1295]},"up":{"uv":[13.9996,5.9457],"uv_size":[-0.0246,-0.1036]},"west":{"uv":[13.5516,5.8179],"uv_size":[0.0984,0.1295]}}},{"origin":[4.44057,7.75,-1.61066],"size":[0.5,0.25,1],"uv":{"down":{"uv":[13.1492,5.9457],"uv_size":[-0.0492,-0.1036]},"east":{"uv":[13.5516,5.8952],"uv_size":[0.0984,0.0259]},"north":{"uv":[14.0508,5.8952],"uv_size":[0.0492,0.0259]},"south":{"uv":[13.1008,5.8952],"uv_size":[0.0492,0.0259]},"up":{"uv":[13.1492,5.9457],"uv_size":[-0.0492,-0.1036]},"west":{"uv":[13.5516,5.8952],"uv_size":[0.0984,0.0259]}}},{"origin":[0.44057,7.75,-1.61066],"size":[0.25,0.25,1],"uv":{"down":{"uv":[13.5496,5.9457],"uv_size":[-0.0246,-0.1036]},"east":{"uv":[13.5516,5.8952],"uv_size":[0.0984,0.0259]},"north":{"uv":[13.6504,5.8952],"uv_size":[0.0246,0.0259]},"south":{"uv":[13.5254,5.8952],"uv_size":[0.0246,0.0259]},"up":{"uv":[13.5496,5.9457],"uv_size":[-0.0246,-0.1036]},"west":{"uv":[13.5516,5.8952],"uv_size":[0.0984,0.0259]}}},{"origin":[-1.30943,7.75,-1.61066],"size":[0.25,0.5,1],"uv":{"down":{"uv":[15.3246,5.9457],"uv_size":[-0.0246,-0.1036]},"east":{"uv":[15.1516,5.8693],"uv_size":[0.0984,0.0518]},"north":{"uv":[15.0754,5.8693],"uv_size":[0.0246,0.0518]},"south":{"uv":[15.3004,5.8693],"uv_size":[0.0246,0.0518]},"up":{"uv":[15.3246,5.9457],"uv_size":[-0.0246,-0.1036]},"west":{"uv":[15.1516,5.8693],"uv_size":[0.0984,0.0518]}}},{"origin":[-1.80943,7.75,-1.61066],"size":[0.25,0.5,1],"uv":{"down":{"uv":[15.3746,5.9457],"uv_size":[-0.0246,-0.1036]},"east":{"uv":[15.1516,5.8693],"uv_size":[0.0984,0.0518]},"north":{"uv":[15.0254,5.8693],"uv_size":[0.0246,0.0518]},"south":{"uv":[15.3504,5.8693],"uv_size":[0.0246,0.0518]},"up":{"uv":[15.3746,5.9457],"uv_size":[-0.0246,-0.1036]},"west":{"uv":[15.1516,5.8693],"uv_size":[0.0984,0.0518]}}},{"origin":[-3.80943,7.75,-1.61066],"size":[0.25,0.5,1],"uv":{"down":{"uv":[13.9746,5.9457],"uv_size":[-0.0246,-0.1036]},"east":{"uv":[13.5516,5.8693],"uv_size":[0.0984,0.0518]},"north":{"uv":[13.2254,5.8693],"uv_size":[0.0246,0.0518]},"south":{"uv":[13.9504,5.8693],"uv_size":[0.0246,0.0518]},"up":{"uv":[13.9746,5.9457],"uv_size":[-0.0246,-0.1036]},"west":{"uv":[13.5516,5.8693],"uv_size":[0.0984,0.0518]}}},{"origin":[7.44057,8,-1.61066],"size":[0.25,0.25,1],"uv":{"down":{"uv":[12.8496,5.9457],"uv_size":[-0.0246,-0.1036]},"east":{"uv":[13.5516,5.8688],"uv_size":[0.0984,0.0259]},"north":{"uv":[14.3504,5.8688],"uv_size":[0.0246,0.0259]},"south":{"uv":[12.8254,5.8688],"uv_size":[0.0246,0.0259]},"up":{"uv":[12.8496,5.9457],"uv_size":[-0.0246,-0.1036]},"west":{"uv":[13.5516,5.8688],"uv_size":[0.0984,0.0259]}}},{"origin":[3.94057,8,-1.61066],"size":[0.5,0.25,1],"uv":{"down":{"uv":[13.1992,5.9457],"uv_size":[-0.0492,-0.1036]},"east":{"uv":[13.5516,5.8688],"uv_size":[0.0984,0.0259]},"north":{"uv":[14.0008,5.8688],"uv_size":[0.0492,0.0259]},"south":{"uv":[13.1508,5.8688],"uv_size":[0.0492,0.0259]},"up":{"uv":[13.1992,5.9457],"uv_size":[-0.0492,-0.1036]},"west":{"uv":[13.5516,5.8688],"uv_size":[0.0984,0.0259]}}},{"origin":[1.19057,8,-1.61066],"size":[0.25,0.25,1],"uv":{"down":{"uv":[13.4746,5.9457],"uv_size":[-0.0246,-0.1036]},"east":{"uv":[13.5516,5.8688],"uv_size":[0.0984,0.0259]},"north":{"uv":[13.7254,5.8688],"uv_size":[0.0246,0.0259]},"south":{"uv":[13.4504,5.8688],"uv_size":[0.0246,0.0259]},"up":{"uv":[13.4746,5.9457],"uv_size":[-0.0246,-0.1036]},"west":{"uv":[13.5516,5.8688],"uv_size":[0.0984,0.0259]}}},{"origin":[0.19057,8,-1.61066],"size":[0.25,0.75,1],"uv":{"down":{"uv":[13.5746,5.9457],"uv_size":[-0.0246,-0.1036]},"east":{"uv":[13.5516,5.8171],"uv_size":[0.0984,0.0777]},"north":{"uv":[13.6254,5.8171],"uv_size":[0.0246,0.0777]},"south":{"uv":[13.5504,5.8171],"uv_size":[0.0246,0.0777]},"up":{"uv":[13.5746,5.9457],"uv_size":[-0.0246,-0.1036]},"west":{"uv":[13.5516,5.8171],"uv_size":[0.0984,0.0777]}}},{"origin":[-0.55943,8,-1.61066],"size":[0.75,0.25,1],"uv":{"down":{"uv":[13.6488,7.6299],"uv_size":[-0.0738,-0.1036]},"east":{"uv":[13.5516,7.5531],"uv_size":[0.0984,0.0259]},"north":{"uv":[13.5512,7.5531],"uv_size":[0.0738,0.0259]},"south":{"uv":[13.5762,7.5531],"uv_size":[0.0738,0.0259]},"up":{"uv":[13.6488,7.6299],"uv_size":[-0.0738,-0.1036]},"west":{"uv":[13.5516,7.5531],"uv_size":[0.0984,0.0259]}}},{"origin":[6.69057,8.25,-1.61066],"size":[0.75,0.25,1],"uv":{"down":{"uv":[12.9238,5.9457],"uv_size":[-0.0738,-0.1036]},"east":{"uv":[13.5516,5.8425],"uv_size":[0.0984,0.0259]},"north":{"uv":[14.2762,5.8425],"uv_size":[0.0738,0.0259]},"south":{"uv":[12.8512,5.8425],"uv_size":[0.0738,0.0259]},"up":{"uv":[12.9238,5.9457],"uv_size":[-0.0738,-0.1036]},"west":{"uv":[13.5516,5.8425],"uv_size":[0.0984,0.0259]}}},{"origin":[3.19057,8.25,-1.61066],"size":[0.75,0.25,1],"uv":{"down":{"uv":[13.2738,5.9457],"uv_size":[-0.0738,-0.1036]},"east":{"uv":[13.5516,5.8425],"uv_size":[0.0984,0.0259]},"north":{"uv":[13.9262,5.8425],"uv_size":[0.0738,0.0259]},"south":{"uv":[13.2012,5.8425],"uv_size":[0.0738,0.0259]},"up":{"uv":[13.2738,5.9457],"uv_size":[-0.0738,-0.1036]},"west":{"uv":[13.5516,5.8425],"uv_size":[0.0984,0.0259]}}},{"origin":[0.94057,8.25,-1.61066],"size":[0.25,0.5,1],"uv":{"down":{"uv":[13.4996,5.9457],"uv_size":[-0.0246,-0.1036]},"east":{"uv":[13.5516,5.8166],"uv_size":[0.0984,0.0518]},"north":{"uv":[13.7004,5.8166],"uv_size":[0.0246,0.0518]},"south":{"uv":[13.4754,5.8166],"uv_size":[0.0246,0.0518]},"up":{"uv":[13.4996,5.9457],"uv_size":[-0.0246,-0.1036]},"west":{"uv":[13.5516,5.8166],"uv_size":[0.0984,0.0518]}}},{"origin":[-0.80943,8.25,-1.61066],"size":[0.25,0.25,1],"uv":{"down":{"uv":[13.6746,7.6299],"uv_size":[-0.0246,-0.1036]},"east":{"uv":[13.5516,7.5267],"uv_size":[0.0984,0.0259]},"north":{"uv":[13.5254,7.5267],"uv_size":[0.0246,0.0259]},"south":{"uv":[13.6504,7.5267],"uv_size":[0.0246,0.0259]},"up":{"uv":[13.6746,7.6299],"uv_size":[-0.0246,-0.1036]},"west":{"uv":[13.5516,7.5267],"uv_size":[0.0984,0.0259]}}},{"origin":[-4.30943,8.25,-1.61066],"size":[0.25,0.75,1],"uv":{"down":{"uv":[14.0246,5.9457],"uv_size":[-0.0246,-0.1036]},"east":{"uv":[13.5516,5.7907],"uv_size":[0.0984,0.0777]},"north":{"uv":[13.1754,5.7907],"uv_size":[0.0246,0.0777]},"south":{"uv":[14.0004,5.7907],"uv_size":[0.0246,0.0777]},"up":{"uv":[14.0246,5.9457],"uv_size":[-0.0246,-0.1036]},"west":{"uv":[13.5516,5.7907],"uv_size":[0.0984,0.0777]}}},{"origin":[5.69057,8.5,-1.61066],"size":[1,0.25,1],"uv":{"down":{"uv":[13.0234,5.9457],"uv_size":[-0.0984,-0.1036]},"east":{"uv":[13.5516,5.8162],"uv_size":[0.0984,0.0259]},"north":{"uv":[14.1766,5.8162],"uv_size":[0.0984,0.0259]},"south":{"uv":[12.9266,5.8162],"uv_size":[0.0984,0.0259]},"up":{"uv":[13.0234,5.9457],"uv_size":[-0.0984,-0.1036]},"west":{"uv":[13.5516,5.8162],"uv_size":[0.0984,0.0259]}}},{"origin":[2.44057,8.5,-1.61066],"size":[0.75,0.25,1],"uv":{"down":{"uv":[13.3488,5.9457],"uv_size":[-0.0738,-0.1036]},"east":{"uv":[13.5516,5.8162],"uv_size":[0.0984,0.0259]},"north":{"uv":[13.8512,5.8162],"uv_size":[0.0738,0.0259]},"south":{"uv":[13.2762,5.8162],"uv_size":[0.0738,0.0259]},"up":{"uv":[13.3488,5.9457],"uv_size":[-0.0738,-0.1036]},"west":{"uv":[13.5516,5.8162],"uv_size":[0.0984,0.0259]}}},{"origin":[-1.80943,8.5,-1.61066],"size":[0.25,0.25,1],"uv":{"down":{"uv":[15.3746,5.9457],"uv_size":[-0.0246,-0.1036]},"east":{"uv":[15.1516,5.8162],"uv_size":[0.0984,0.0259]},"north":{"uv":[15.0254,5.8162],"uv_size":[0.0246,0.0259]},"south":{"uv":[15.3504,5.8162],"uv_size":[0.0246,0.0259]},"up":{"uv":[15.3746,5.9457],"uv_size":[-0.0246,-0.1036]},"west":{"uv":[15.1516,5.8162],"uv_size":[0.0984,0.0259]}}},{"origin":[-4.55943,8.5,-1.61066],"size":[0.25,1,1],"uv":{"down":{"uv":[14.0496,5.9457],"uv_size":[-0.0246,-0.1036]},"east":{"uv":[13.5516,5.7385],"uv_size":[0.0984,0.1036]},"north":{"uv":[13.1504,5.7385],"uv_size":[0.0246,0.1036]},"south":{"uv":[14.0254,5.7385],"uv_size":[0.0246,0.1036]},"up":{"uv":[14.0496,5.9457],"uv_size":[-0.0246,-0.1036]},"west":{"uv":[13.5516,5.7385],"uv_size":[0.0984,0.1036]}}},{"origin":[3.94057,8.75,-1.61066],"size":[1.75,0.25,1],"uv":{"down":{"uv":[13.1972,5.9457],"uv_size":[-0.1722,-0.1036]},"east":{"uv":[13.5516,5.7899],"uv_size":[0.0984,0.0259]},"north":{"uv":[14.0028,5.7899],"uv_size":[0.1722,0.0259]},"south":{"uv":[13.0278,5.7899],"uv_size":[0.1722,0.0259]},"up":{"uv":[13.1972,5.9457],"uv_size":[-0.1722,-0.1036]},"west":{"uv":[13.5516,5.7899],"uv_size":[0.0984,0.0259]}}},{"origin":[2.19057,8.75,-1.61066],"size":[0.25,0.5,1],"uv":{"down":{"uv":[13.3746,5.9457],"uv_size":[-0.0246,-0.1036]},"east":{"uv":[13.5516,5.764],"uv_size":[0.0984,0.0518]},"north":{"uv":[13.8254,5.764],"uv_size":[0.0246,0.0518]},"south":{"uv":[13.3504,5.764],"uv_size":[0.0246,0.0518]},"up":{"uv":[13.3746,5.9457],"uv_size":[-0.0246,-0.1036]},"west":{"uv":[13.5516,5.764],"uv_size":[0.0984,0.0518]}}},{"origin":[-4.80943,8.75,-1.61066],"size":[0.25,0.75,1],"uv":{"down":{"uv":[14.0746,5.9457],"uv_size":[-0.0246,-0.1036]},"east":{"uv":[13.5516,5.7381],"uv_size":[0.0984,0.0777]},"north":{"uv":[13.1254,5.7381],"uv_size":[0.0246,0.0777]},"south":{"uv":[14.0504,5.7381],"uv_size":[0.0246,0.0777]},"up":{"uv":[14.0746,5.9457],"uv_size":[-0.0246,-0.1036]},"west":{"uv":[13.5516,5.7381],"uv_size":[0.0984,0.0777]}}},{"origin":[3.44057,9,-1.61066],"size":[0.5,0.25,1],"uv":{"down":{"uv":[13.2492,5.9457],"uv_size":[-0.0492,-0.1036]},"east":{"uv":[13.5516,5.7636],"uv_size":[0.0984,0.0259]},"north":{"uv":[13.9508,5.7636],"uv_size":[0.0492,0.0259]},"south":{"uv":[13.2008,5.7636],"uv_size":[0.0492,0.0259]},"up":{"uv":[13.2492,5.9457],"uv_size":[-0.0492,-0.1036]},"west":{"uv":[13.5516,5.7636],"uv_size":[0.0984,0.0259]}}},{"origin":[-3.55943,9,-1.36066],"size":[0.75,0.5,0.75],"uv":{"down":{"uv":[13.9488,5.9198],"uv_size":[-0.0738,-0.0777]},"east":{"uv":[13.5512,5.7377],"uv_size":[0.0738,0.0518]},"north":{"uv":[13.2512,5.7377],"uv_size":[0.0738,0.0518]},"south":{"uv":[13.8762,5.7377],"uv_size":[0.0738,0.0518]},"up":{"uv":[13.9488,5.9461],"uv_size":[-0.0738,-0.0777]},"west":{"uv":[13.5762,5.7377],"uv_size":[0.0738,0.0518]}}},{"origin":[-1.80943,9.25,-1.61066],"size":[0.75,0.25,1],"uv":{"down":{"uv":[15.3738,5.9457],"uv_size":[-0.0738,-0.1036]},"east":{"uv":[15.1516,5.7373],"uv_size":[0.0984,0.0259]},"north":{"uv":[15.0262,5.7373],"uv_size":[0.0738,0.0259]},"south":{"uv":[15.3012,5.7373],"uv_size":[0.0738,0.0259]},"up":{"uv":[15.3738,5.9457],"uv_size":[-0.0738,-0.1036]},"west":{"uv":[15.1516,5.7373],"uv_size":[0.0984,0.0259]}}},{"origin":[-4.30943,9.25,-1.61066],"size":[0.75,0.25,1],"uv":{"down":{"uv":[14.0238,5.9457],"uv_size":[-0.0738,-0.1036]},"east":{"uv":[13.5516,5.7373],"uv_size":[0.0984,0.0259]},"north":{"uv":[13.1762,5.7373],"uv_size":[0.0738,0.0259]},"south":{"uv":[13.9512,5.7373],"uv_size":[0.0738,0.0259]},"up":{"uv":[14.0238,5.9457],"uv_size":[-0.0738,-0.1036]},"west":{"uv":[13.5516,5.7373],"uv_size":[0.0984,0.0259]}}},{"origin":[-5.05943,9.25,-1.61066],"size":[0.25,0.25,1],"uv":{"down":{"uv":[14.0996,5.9457],"uv_size":[-0.0246,-0.1036]},"east":{"uv":[13.5516,5.7373],"uv_size":[0.0984,0.0259]},"north":{"uv":[13.1004,5.7373],"uv_size":[0.0246,0.0259]},"south":{"uv":[14.0754,5.7373],"uv_size":[0.0246,0.0259]},"up":{"uv":[14.0996,5.9457],"uv_size":[-0.0246,-0.1036]},"west":{"uv":[13.5516,5.7373],"uv_size":[0.0984,0.0259]}}},{"origin":[-1.80943,9.75,-0.86066],"size":[0.75,0.25,0.25],"uv":{"down":{"uv":[13.7738,7.5522],"uv_size":[-0.0738,-0.0259]},"east":{"uv":[13.5504,7.3688],"uv_size":[0.0246,0.0259]},"north":{"uv":[13.4262,7.3688],"uv_size":[0.0738,0.0259]},"south":{"uv":[13.7012,7.3688],"uv_size":[0.0738,0.0259]},"up":{"uv":[13.7738,7.6312],"uv_size":[-0.0738,-0.0259]},"west":{"uv":[13.6254,7.3688],"uv_size":[0.0246,0.0259]}}},{"origin":[-7.55943,9.75,-1.61066],"size":[4.75,0.25,1],"uv":{"down":{"uv":[14.3424,7.6299],"uv_size":[-0.4674,-0.1036]},"east":{"uv":[13.5516,7.3688],"uv_size":[0.0984,0.0259]},"north":{"uv":[12.8576,7.3688],"uv_size":[0.4674,0.0259]},"south":{"uv":[13.8826,7.3688],"uv_size":[0.4674,0.0259]},"up":{"uv":[14.3424,7.6299],"uv_size":[-0.4674,-0.1036]},"west":{"uv":[13.5516,7.3688],"uv_size":[0.0984,0.0259]}}},{"origin":[-8.05943,9.75,-0.86066],"size":[0.5,0.25,0.25],"uv":{"down":{"uv":[14.3992,7.5522],"uv_size":[-0.0492,-0.0259]},"east":{"uv":[13.5504,7.3688],"uv_size":[0.0246,0.0259]},"north":{"uv":[12.8008,7.3688],"uv_size":[0.0492,0.0259]},"south":{"uv":[14.3508,7.3688],"uv_size":[0.0492,0.0259]},"up":{"uv":[14.3992,7.6312],"uv_size":[-0.0492,-0.0259]},"west":{"uv":[13.6254,7.3688],"uv_size":[0.0246,0.0259]}}},{"origin":[-1.05943,10,-1.61066],"size":[4.75,0.25,1],"uv":{"down":{"uv":[13.6924,7.6299],"uv_size":[-0.4674,-0.1036]},"east":{"uv":[13.5516,7.3425],"uv_size":[0.0984,0.0259]},"north":{"uv":[13.5076,7.3425],"uv_size":[0.4674,0.0259]},"south":{"uv":[13.2326,7.3425],"uv_size":[0.4674,0.0259]},"up":{"uv":[13.6924,7.6299],"uv_size":[-0.4674,-0.1036]},"west":{"uv":[13.5516,7.3425],"uv_size":[0.0984,0.0259]}}},{"origin":[-2.30943,10,-1.61066],"size":[0.5,0.25,1],"uv":{"down":{"uv":[13.8242,7.6299],"uv_size":[-0.0492,-0.1036]},"east":{"uv":[13.5516,7.3425],"uv_size":[0.0984,0.0259]},"north":{"uv":[13.3758,7.3425],"uv_size":[0.0492,0.0259]},"south":{"uv":[13.7758,7.3425],"uv_size":[0.0492,0.0259]},"up":{"uv":[13.8242,7.6299],"uv_size":[-0.0492,-0.1036]},"west":{"uv":[13.5516,7.3425],"uv_size":[0.0984,0.0259]}}},{"origin":[2.44057,10.25,-1.61066],"size":[1,0.25,1],"uv":{"down":{"uv":[13.3484,7.6299],"uv_size":[-0.0984,-0.1036]},"east":{"uv":[13.5516,7.3162],"uv_size":[0.0984,0.0259]},"north":{"uv":[13.8516,7.3162],"uv_size":[0.0984,0.0259]},"south":{"uv":[13.2516,7.3162],"uv_size":[0.0984,0.0259]},"up":{"uv":[13.3484,7.6299],"uv_size":[-0.0984,-0.1036]},"west":{"uv":[13.5516,7.3162],"uv_size":[0.0984,0.0259]}}},{"origin":[2.44057,10.5,-0.86066],"size":[0.75,0.25,0.25],"uv":{"down":{"uv":[13.3488,7.5522],"uv_size":[-0.0738,-0.0259]},"east":{"uv":[13.5504,7.2899],"uv_size":[0.0246,0.0259]},"north":{"uv":[13.8512,7.2899],"uv_size":[0.0738,0.0259]},"south":{"uv":[13.2762,7.2899],"uv_size":[0.0738,0.0259]},"up":{"uv":[13.3488,7.6312],"uv_size":[-0.0738,-0.0259]},"west":{"uv":[13.6254,7.2899],"uv_size":[0.0246,0.0259]}}},{"origin":[-1.55943,6.75,-2.11066],"size":[0.25,0.5,1.25],"uv":{"down":{"uv":[15.3496,5.9979],"uv_size":[-0.0246,-0.1295]},"east":{"uv":[15.177,5.9745],"uv_size":[0.123,0.0518]},"north":{"uv":[15.0504,5.9745],"uv_size":[0.0246,0.0518]},"south":{"uv":[15.3254,5.9745],"uv_size":[0.0246,0.0518]},"up":{"uv":[15.3496,5.9189],"uv_size":[-0.0246,-0.1295]},"west":{"uv":[15.102,5.9745],"uv_size":[0.123,0.0518]}}},{"origin":[-3.80943,7.25,-1.36066],"size":[0.25,0.5,0.5],"uv":{"down":{"uv":[13.9746,5.9202],"uv_size":[-0.0246,-0.0518]},"east":{"uv":[13.5758,5.9219],"uv_size":[0.0492,0.0518]},"north":{"uv":[13.2254,5.9219],"uv_size":[0.0246,0.0518]},"south":{"uv":[13.9504,5.9219],"uv_size":[0.0246,0.0518]},"up":{"uv":[13.9746,5.9202],"uv_size":[-0.0246,-0.0518]},"west":{"uv":[13.5758,5.9219],"uv_size":[0.0492,0.0518]}}},{"origin":[-4.05943,7.25,-1.36066],"size":[0.25,0.25,0.5],"uv":{"down":{"uv":[13.9996,5.9202],"uv_size":[-0.0246,-0.0518]},"east":{"uv":[13.5758,5.9478],"uv_size":[0.0492,0.0259]},"north":{"uv":[13.2004,5.9478],"uv_size":[0.0246,0.0259]},"south":{"uv":[13.9754,5.9478],"uv_size":[0.0246,0.0259]},"up":{"uv":[13.9996,5.9202],"uv_size":[-0.0246,-0.0518]},"west":{"uv":[13.5758,5.9478],"uv_size":[0.0492,0.0259]}}},{"origin":[-3.55943,7.5,-1.36066],"size":[0.25,0.75,0.5],"uv":{"down":{"uv":[13.9496,5.9202],"uv_size":[-0.0246,-0.0518]},"east":{"uv":[13.5758,5.8697],"uv_size":[0.0492,0.0777]},"north":{"uv":[13.2504,5.8697],"uv_size":[0.0246,0.0777]},"south":{"uv":[13.9254,5.8697],"uv_size":[0.0246,0.0777]},"up":{"uv":[13.9496,5.9202],"uv_size":[-0.0246,-0.0518]},"west":{"uv":[13.5758,5.8697],"uv_size":[0.0492,0.0777]}}},{"origin":[-1.05943,7.75,-1.36066],"size":[0.25,0.5,0.5],"uv":{"down":{"uv":[15.2996,5.9202],"uv_size":[-0.0246,-0.0518]},"east":{"uv":[15.1758,5.8693],"uv_size":[0.0492,0.0518]},"north":{"uv":[15.1004,5.8693],"uv_size":[0.0246,0.0518]},"south":{"uv":[15.2754,5.8693],"uv_size":[0.0246,0.0518]},"up":{"uv":[15.2996,5.9202],"uv_size":[-0.0246,-0.0518]},"west":{"uv":[15.1758,5.8693],"uv_size":[0.0492,0.0518]}}},{"origin":[-2.05943,7.75,-1.36066],"size":[0.25,0.5,0.5],"uv":{"down":{"uv":[15.3996,5.9202],"uv_size":[-0.0246,-0.0518]},"east":{"uv":[15.1758,5.8693],"uv_size":[0.0492,0.0518]},"north":{"uv":[15.0004,5.8693],"uv_size":[0.0246,0.0518]},"south":{"uv":[15.3754,5.8693],"uv_size":[0.0246,0.0518]},"up":{"uv":[15.3996,5.9202],"uv_size":[-0.0246,-0.0518]},"west":{"uv":[15.1758,5.8693],"uv_size":[0.0492,0.0518]}}},{"origin":[-4.30943,7.75,-1.36066],"size":[0.25,0.5,0.5],"uv":{"down":{"uv":[14.0246,5.9202],"uv_size":[-0.0246,-0.0518]},"east":{"uv":[13.5758,5.8693],"uv_size":[0.0492,0.0518]},"north":{"uv":[13.1754,5.8693],"uv_size":[0.0246,0.0518]},"south":{"uv":[14.0004,5.8693],"uv_size":[0.0246,0.0518]},"up":{"uv":[14.0246,5.9202],"uv_size":[-0.0246,-0.0518]},"west":{"uv":[13.5758,5.8693],"uv_size":[0.0492,0.0518]}}},{"origin":[-0.30943,8.25,-1.36066],"size":[0.25,0.25,0.5],"uv":{"down":{"uv":[15.2246,5.9202],"uv_size":[-0.0246,-0.0518]},"east":{"uv":[15.1758,5.8425],"uv_size":[0.0492,0.0259]},"north":{"uv":[15.1754,5.8425],"uv_size":[0.0246,0.0259]},"south":{"uv":[15.2004,5.8425],"uv_size":[0.0246,0.0259]},"up":{"uv":[15.2246,5.9202],"uv_size":[-0.0246,-0.0518]},"west":{"uv":[15.1758,5.8425],"uv_size":[0.0492,0.0259]}}},{"origin":[-3.80943,8.25,-1.36066],"size":[0.25,0.25,0.5],"uv":{"down":{"uv":[13.9746,5.9202],"uv_size":[-0.0246,-0.0518]},"east":{"uv":[13.5758,5.8425],"uv_size":[0.0492,0.0259]},"north":{"uv":[13.2254,5.8425],"uv_size":[0.0246,0.0259]},"south":{"uv":[13.9504,5.8425],"uv_size":[0.0246,0.0259]},"up":{"uv":[13.9746,5.9202],"uv_size":[-0.0246,-0.0518]},"west":{"uv":[13.5758,5.8425],"uv_size":[0.0492,0.0259]}}},{"origin":[-4.55943,8.25,-1.36066],"size":[0.25,0.25,0.5],"uv":{"down":{"uv":[14.0496,5.9202],"uv_size":[-0.0246,-0.0518]},"east":{"uv":[13.5758,5.8425],"uv_size":[0.0492,0.0259]},"north":{"uv":[13.1504,5.8425],"uv_size":[0.0246,0.0259]},"south":{"uv":[14.0254,5.8425],"uv_size":[0.0246,0.0259]},"up":{"uv":[14.0496,5.9202],"uv_size":[-0.0246,-0.0518]},"west":{"uv":[13.5758,5.8425],"uv_size":[0.0492,0.0259]}}},{"origin":[-0.05943,8.5,-1.36066],"size":[0.25,0.25,0.5],"uv":{"down":{"uv":[15.1996,5.9202],"uv_size":[-0.0246,-0.0518]},"east":{"uv":[15.1758,5.8162],"uv_size":[0.0492,0.0259]},"north":{"uv":[15.2004,5.8162],"uv_size":[0.0246,0.0259]},"south":{"uv":[15.1754,5.8162],"uv_size":[0.0246,0.0259]},"up":{"uv":[15.1996,5.9202],"uv_size":[-0.0246,-0.0518]},"west":{"uv":[15.1758,5.8162],"uv_size":[0.0492,0.0259]}}},{"origin":[-4.80943,8.5,-1.36066],"size":[0.25,0.25,0.5],"uv":{"down":{"uv":[14.0746,5.9202],"uv_size":[-0.0246,-0.0518]},"east":{"uv":[13.5758,5.8162],"uv_size":[0.0492,0.0259]},"north":{"uv":[13.1254,5.8162],"uv_size":[0.0246,0.0259]},"south":{"uv":[14.0504,5.8162],"uv_size":[0.0246,0.0259]},"up":{"uv":[14.0746,5.9202],"uv_size":[-0.0246,-0.0518]},"west":{"uv":[13.5758,5.8162],"uv_size":[0.0492,0.0259]}}},{"origin":[-5.05943,8.75,-1.36066],"size":[0.25,0.5,0.5],"uv":{"down":{"uv":[14.0996,5.9202],"uv_size":[-0.0246,-0.0518]},"east":{"uv":[13.5758,5.764],"uv_size":[0.0492,0.0518]},"north":{"uv":[13.1004,5.764],"uv_size":[0.0246,0.0518]},"south":{"uv":[14.0754,5.764],"uv_size":[0.0246,0.0518]},"up":{"uv":[14.0996,5.9202],"uv_size":[-0.0246,-0.0518]},"west":{"uv":[13.5758,5.764],"uv_size":[0.0492,0.0518]}}},{"origin":[-4.30943,9,-1.36066],"size":[0.25,0.25,0.5],"uv":{"down":{"uv":[14.0246,5.9202],"uv_size":[-0.0246,-0.0518]},"east":{"uv":[13.5758,5.7636],"uv_size":[0.0492,0.0259]},"north":{"uv":[13.1754,5.7636],"uv_size":[0.0246,0.0259]},"south":{"uv":[14.0004,5.7636],"uv_size":[0.0246,0.0259]},"up":{"uv":[14.0246,5.9202],"uv_size":[-0.0246,-0.0518]},"west":{"uv":[13.5758,5.7636],"uv_size":[0.0492,0.0259]}}},{"origin":[-5.30943,9.25,-1.36066],"size":[0.25,0.25,0.5],"uv":{"down":{"uv":[14.1246,5.9202],"uv_size":[-0.0246,-0.0518]},"east":{"uv":[13.5758,5.7373],"uv_size":[0.0492,0.0259]},"north":{"uv":[13.0754,5.7373],"uv_size":[0.0246,0.0259]},"south":{"uv":[14.1004,5.7373],"uv_size":[0.0246,0.0259]},"up":{"uv":[14.1246,5.9202],"uv_size":[-0.0246,-0.0518]},"west":{"uv":[13.5758,5.7373],"uv_size":[0.0492,0.0259]}}},{"origin":[-2.80943,9.5,-1.36066],"size":[0.5,0.5,0.5],"uv":{"down":{"uv":[13.8742,9.2886],"uv_size":[-0.0492,-0.0518]},"east":{"uv":[13.5758,9.0535],"uv_size":[0.0492,0.0518]},"north":{"uv":[13.3258,9.0535],"uv_size":[0.0492,0.0518]},"south":{"uv":[13.8258,9.0535],"uv_size":[0.0492,0.0518]},"up":{"uv":[13.8742,9.2886],"uv_size":[-0.0492,-0.0518]},"west":{"uv":[13.5758,9.0535],"uv_size":[0.0492,0.0518]}}},{"origin":[-8.05943,9.5,-1.36066],"size":[5.25,0.25,0.5],"uv":{"down":{"uv":[14.3916,7.6044],"uv_size":[-0.5166,-0.0518]},"east":{"uv":[13.5758,7.3952],"uv_size":[0.0492,0.0259]},"north":{"uv":[12.8084,7.3952],"uv_size":[0.5166,0.0259]},"south":{"uv":[13.8834,7.3952],"uv_size":[0.5166,0.0259]},"up":{"uv":[14.3916,7.6044],"uv_size":[-0.5166,-0.0518]},"west":{"uv":[13.5758,7.3952],"uv_size":[0.0492,0.0259]}}},{"origin":[-1.80943,9.75,-1.36066],"size":[0.75,0.25,0.5],"uv":{"down":{"uv":[13.7738,9.2886],"uv_size":[-0.0738,-0.0518]},"east":{"uv":[13.5758,9.0531],"uv_size":[0.0492,0.0259]},"north":{"uv":[13.4262,9.0531],"uv_size":[0.0738,0.0259]},"south":{"uv":[13.7012,9.0531],"uv_size":[0.0738,0.0259]},"up":{"uv":[13.7738,9.2886],"uv_size":[-0.0738,-0.0518]},"west":{"uv":[13.5758,9.0531],"uv_size":[0.0492,0.0259]}}},{"origin":[-7.80943,9.75,-1.36066],"size":[0.25,0.25,0.5],"uv":{"down":{"uv":[15.9746,4.236],"uv_size":[-0.0246,-0.0518]},"east":{"uv":[15.1758,4.0004],"uv_size":[0.0492,0.0259]},"north":{"uv":[14.4254,4.0004],"uv_size":[0.0246,0.0259]},"south":{"uv":[15.9504,4.0004],"uv_size":[0.0246,0.0259]},"up":{"uv":[15.9746,4.236],"uv_size":[-0.0246,-0.0518]},"west":{"uv":[15.1758,4.0004],"uv_size":[0.0492,0.0259]}}},{"origin":[-8.05943,10,-1.36066],"size":[5.25,0.25,0.5],"uv":{"down":{"uv":[14.3916,7.6044],"uv_size":[-0.5166,-0.0518]},"east":{"uv":[13.5758,7.3425],"uv_size":[0.0492,0.0259]},"north":{"uv":[12.8084,7.3425],"uv_size":[0.5166,0.0259]},"south":{"uv":[13.8834,7.3425],"uv_size":[0.5166,0.0259]},"up":{"uv":[14.3916,7.6044],"uv_size":[-0.5166,-0.0518]},"west":{"uv":[13.5758,7.3425],"uv_size":[0.0492,0.0259]}}},{"origin":[0.69057,10.25,-1.36066],"size":[0.5,0.5,0.5],"uv":{"down":{"uv":[15.1242,5.9202],"uv_size":[-0.0492,-0.0518]},"east":{"uv":[15.1758,5.6061],"uv_size":[0.0492,0.0518]},"north":{"uv":[15.2758,5.6061],"uv_size":[0.0492,0.0518]},"south":{"uv":[15.0758,5.6061],"uv_size":[0.0492,0.0518]},"up":{"uv":[15.1242,5.9202],"uv_size":[-0.0492,-0.0518]},"west":{"uv":[15.1758,5.6061],"uv_size":[0.0492,0.0518]}}},{"origin":[-7.30943,10.25,-1.36066],"size":[0.5,0.25,0.5],"uv":{"down":{"uv":[14.3242,7.6044],"uv_size":[-0.0492,-0.0518]},"east":{"uv":[13.5758,7.3162],"uv_size":[0.0492,0.0259]},"north":{"uv":[12.8758,7.3162],"uv_size":[0.0492,0.0259]},"south":{"uv":[14.2758,7.3162],"uv_size":[0.0492,0.0259]},"up":{"uv":[14.3242,7.6044],"uv_size":[-0.0492,-0.0518]},"west":{"uv":[13.5758,7.3162],"uv_size":[0.0492,0.0259]}}},{"origin":[-1.30943,6.75,-2.11066],"size":[0.25,0.5,0.75],"uv":{"down":{"uv":[15.3246,5.9987],"uv_size":[-0.0246,-0.0777]},"east":{"uv":[15.2262,5.9745],"uv_size":[0.0738,0.0518]},"north":{"uv":[15.0754,5.9745],"uv_size":[0.0246,0.0518]},"south":{"uv":[15.3004,5.9745],"uv_size":[0.0246,0.0518]},"up":{"uv":[15.3246,5.8672],"uv_size":[-0.0246,-0.0777]},"west":{"uv":[15.1012,5.9745],"uv_size":[0.0738,0.0518]}}},{"origin":[-1.80943,6.75,-2.11066],"size":[0.25,0.5,0.75],"uv":{"down":{"uv":[15.3746,5.9987],"uv_size":[-0.0246,-0.0777]},"east":{"uv":[15.2262,5.9745],"uv_size":[0.0738,0.0518]},"north":{"uv":[15.0254,5.9745],"uv_size":[0.0246,0.0518]},"south":{"uv":[15.3504,5.9745],"uv_size":[0.0246,0.0518]},"up":{"uv":[15.3746,5.8672],"uv_size":[-0.0246,-0.0777]},"west":{"uv":[15.1012,5.9745],"uv_size":[0.0738,0.0518]}}},{"origin":[-1.30943,7.25,-1.61066],"size":[0.25,0.25,0.25],"uv":{"down":{"uv":[15.3246,5.9469],"uv_size":[-0.0246,-0.0259]},"east":{"uv":[15.2254,5.9478],"uv_size":[0.0246,0.0259]},"north":{"uv":[15.0754,5.9478],"uv_size":[0.0246,0.0259]},"south":{"uv":[15.3004,5.9478],"uv_size":[0.0246,0.0259]},"up":{"uv":[15.3246,5.868],"uv_size":[-0.0246,-0.0259]},"west":{"uv":[15.1504,5.9478],"uv_size":[0.0246,0.0259]}}},{"origin":[-1.80943,7.25,-1.61066],"size":[0.25,0.25,0.25],"uv":{"down":{"uv":[15.3746,5.9469],"uv_size":[-0.0246,-0.0259]},"east":{"uv":[15.2254,5.9478],"uv_size":[0.0246,0.0259]},"north":{"uv":[15.0254,5.9478],"uv_size":[0.0246,0.0259]},"south":{"uv":[15.3504,5.9478],"uv_size":[0.0246,0.0259]},"up":{"uv":[15.3746,5.868],"uv_size":[-0.0246,-0.0259]},"west":{"uv":[15.1504,5.9478],"uv_size":[0.0246,0.0259]}}},{"origin":[-3.55943,9.25,-1.61066],"size":[0.75,0.25,0.25],"uv":{"down":{"uv":[13.9488,5.9469],"uv_size":[-0.0738,-0.0259]},"east":{"uv":[13.6254,5.7373],"uv_size":[0.0246,0.0259]},"north":{"uv":[13.2512,5.7373],"uv_size":[0.0738,0.0259]},"south":{"uv":[13.8762,5.7373],"uv_size":[0.0738,0.0259]},"up":{"uv":[13.9488,5.868],"uv_size":[-0.0738,-0.0259]},"west":{"uv":[13.5504,5.7373],"uv_size":[0.0246,0.0259]}}},{"origin":[-1.80943,9.75,-1.61066],"size":[0.75,0.25,0.25],"uv":{"down":{"uv":[13.7738,7.6312],"uv_size":[-0.0738,-0.0259]},"east":{"uv":[13.6254,7.3688],"uv_size":[0.0246,0.0259]},"north":{"uv":[13.4262,7.3688],"uv_size":[0.0738,0.0259]},"south":{"uv":[13.7012,7.3688],"uv_size":[0.0738,0.0259]},"up":{"uv":[13.7738,7.5522],"uv_size":[-0.0738,-0.0259]},"west":{"uv":[13.5504,7.3688],"uv_size":[0.0246,0.0259]}}},{"origin":[-8.05943,9.75,-1.61066],"size":[0.5,0.25,0.25],"uv":{"down":{"uv":[14.3992,7.6312],"uv_size":[-0.0492,-0.0259]},"east":{"uv":[13.6254,7.3688],"uv_size":[0.0246,0.0259]},"north":{"uv":[12.8008,7.3688],"uv_size":[0.0492,0.0259]},"south":{"uv":[14.3508,7.3688],"uv_size":[0.0492,0.0259]},"up":{"uv":[14.3992,7.5522],"uv_size":[-0.0492,-0.0259]},"west":{"uv":[13.5504,7.3688],"uv_size":[0.0246,0.0259]}}},{"origin":[2.44057,10.5,-1.61066],"size":[0.75,0.25,0.25],"uv":{"down":{"uv":[13.3488,7.6312],"uv_size":[-0.0738,-0.0259]},"east":{"uv":[13.6254,7.2899],"uv_size":[0.0246,0.0259]},"north":{"uv":[13.8512,7.2899],"uv_size":[0.0738,0.0259]},"south":{"uv":[13.2762,7.2899],"uv_size":[0.0738,0.0259]},"up":{"uv":[13.3488,7.5522],"uv_size":[-0.0738,-0.0259]},"west":{"uv":[13.5504,7.2899],"uv_size":[0.0246,0.0259]}}},{"origin":[-1.30943,7.25,-2.36066],"size":[0.25,0.25,0.5],"uv":{"down":{"uv":[15.3246,6.0255],"uv_size":[-0.0246,-0.0518]},"east":{"uv":[15.2758,5.9478],"uv_size":[0.0492,0.0259]},"north":{"uv":[15.0754,5.9478],"uv_size":[0.0246,0.0259]},"south":{"uv":[15.3004,5.9478],"uv_size":[0.0246,0.0259]},"up":{"uv":[15.3246,5.8149],"uv_size":[-0.0246,-0.0518]},"west":{"uv":[15.0758,5.9478],"uv_size":[0.0492,0.0259]}}},{"origin":[-1.80943,7.25,-2.36066],"size":[0.25,0.25,0.5],"uv":{"down":{"uv":[15.3746,6.0255],"uv_size":[-0.0246,-0.0518]},"east":{"uv":[15.2758,5.9478],"uv_size":[0.0492,0.0259]},"north":{"uv":[15.0254,5.9478],"uv_size":[0.0246,0.0259]},"south":{"uv":[15.3504,5.9478],"uv_size":[0.0246,0.0259]},"up":{"uv":[15.3746,5.8149],"uv_size":[-0.0246,-0.0518]},"west":{"uv":[15.0758,5.9478],"uv_size":[0.0492,0.0259]}}},{"origin":[-1.80943,8.5,-2.36066],"size":[0.25,0.25,0.5],"uv":{"down":{"uv":[15.3746,6.0255],"uv_size":[-0.0246,-0.0518]},"east":{"uv":[15.2758,5.8162],"uv_size":[0.0492,0.0259]},"north":{"uv":[15.0254,5.8162],"uv_size":[0.0246,0.0259]},"south":{"uv":[15.3504,5.8162],"uv_size":[0.0246,0.0259]},"up":{"uv":[15.3746,5.8149],"uv_size":[-0.0246,-0.0518]},"west":{"uv":[15.0758,5.8162],"uv_size":[0.0492,0.0259]}}},{"origin":[-1.80943,7,-2.36066],"size":[0.75,0.25,0.25],"uv":{"down":{"uv":[15.3738,6.0259],"uv_size":[-0.0738,-0.0259]},"east":{"uv":[15.3004,5.9741],"uv_size":[0.0246,0.0259]},"north":{"uv":[15.0262,5.9741],"uv_size":[0.0738,0.0259]},"south":{"uv":[15.3012,5.9741],"uv_size":[0.0738,0.0259]},"up":{"uv":[15.3738,5.7891],"uv_size":[-0.0738,-0.0259]},"west":{"uv":[15.0754,5.9741],"uv_size":[0.0246,0.0259]}}},{"origin":[-1.30943,7.75,-2.61066],"size":[0.25,0.5,0.25],"uv":{"down":{"uv":[15.3246,6.0522],"uv_size":[-0.0246,-0.0259]},"east":{"uv":[15.3254,5.8693],"uv_size":[0.0246,0.0518]},"north":{"uv":[15.0754,5.8693],"uv_size":[0.0246,0.0518]},"south":{"uv":[15.3004,5.8693],"uv_size":[0.0246,0.0518]},"up":{"uv":[15.3246,5.7627],"uv_size":[-0.0246,-0.0259]},"west":{"uv":[15.0504,5.8693],"uv_size":[0.0246,0.0518]}}},{"origin":[-1.80943,7.75,-2.61066],"size":[0.25,0.5,0.25],"uv":{"down":{"uv":[15.3746,6.0522],"uv_size":[-0.0246,-0.0259]},"east":{"uv":[15.3254,5.8693],"uv_size":[0.0246,0.0518]},"north":{"uv":[15.0254,5.8693],"uv_size":[0.0246,0.0518]},"south":{"uv":[15.3504,5.8693],"uv_size":[0.0246,0.0518]},"up":{"uv":[15.3746,5.7627],"uv_size":[-0.0246,-0.0259]},"west":{"uv":[15.0504,5.8693],"uv_size":[0.0246,0.0518]}}}],"name":"geyser_custom_z","parent":"geyser_custom_y","pivot":[0.03996,8.4375,-1.15061],"rotation":[0,-90,0]}],"description":{"identifier":"geometry.geyser_custom.geo_2d8e35e","texture_height":16,"texture_width":16,"visible_bounds_height":4.5,"visible_bounds_offset":[0,0.75,0],"visible_bounds_width":4}}]}