{"format_version":"1.16.0","minecraft:geometry":[{"bones":[{"name":"root","pivot":[0,0,0]},{"name":"waist","parent":"root","pivot":[0,12,0]},{"name":"body","parent":"waist","pivot":[0,24,0]},{"cubes":[{"origin":[-8,12,-2],"size":[4,12,4],"uv":[40,16]}],"name":"rightArm","parent":"body","pivot":[-5,22,0]},{"locators":{"lead_hold":[-6,15,1]},"name":"rightItem","parent":"rightArm","pivot":[-6,15,1]},{"binding":"c.item_slot == 'head' ? 'head' : q.item_slot_to_bone_name(c.item_slot)","name":"geyser_custom","parent":"rightItem","pivot":[0,8,0]},{"name":"geyser_custom_x","parent":"geyser_custom","pivot":[0,8,0]},{"name":"geyser_custom_y","parent":"geyser_custom_x","pivot":[0,8,0]},{"cubes":[{"origin":[-6.63591,10.75,-0.63393],"size":[16,0.25,1],"uv":{"down":{"uv":[15.984,9.1299],"uv_size":[-1.584,-0.1036]},"east":{"uv":[14.9766,8.7899],"uv_size":[0.0984,0.0259]},"north":{"uv":[14.416,8.7899],"uv_size":[1.584,0.0259]},"south":{"uv":[14.416,8.7899],"uv_size":[1.584,0.0259]},"up":{"uv":[15.984,9.4983],"uv_size":[-1.584,-0.1036]},"west":{"uv":[15.3266,8.7899],"uv_size":[0.0984,0.0259]}}},{"origin":[-6.63591,11,-0.88393],"size":[16,0.75,0.25],"uv":{"down":{"uv":[15.984,9.1575],"uv_size":[-1.584,-0.0259]},"east":{"uv":[15.0754,8.7118],"uv_size":[0.0246,0.0777]},"north":{"uv":[14.416,8.7118],"uv_size":[1.584,0.0777]},"south":{"uv":[14.416,8.7118],"uv_size":[1.584,0.0777]},"up":{"uv":[15.984,9.3943],"uv_size":[-1.584,-0.0259]},"west":{"uv":[15.3004,8.7118],"uv_size":[0.0246,0.0777]}}},{"origin":[-6.63591,11,0.36607],"size":[16,0.75,0.25],"uv":{"down":{"uv":[15.984,9.0259],"uv_size":[-1.584,-0.0259]},"east":{"uv":[14.9504,8.7118],"uv_size":[0.0246,0.0777]},"north":{"uv":[14.416,8.7118],"uv_size":[1.584,0.0777]},"south":{"uv":[14.416,8.7118],"uv_size":[1.584,0.0777]},"up":{"uv":[15.984,9.5259],"uv_size":[-1.584,-0.0259]},"west":{"uv":[15.4254,8.7118],"uv_size":[0.0246,0.0777]}}},{"origin":[-6.63591,11.75,-0.63393],"size":[16,0.25,1],"uv":{"down":{"uv":[15.984,9.1299],"uv_size":[-1.584,-0.1036]},"east":{"uv":[14.9766,8.6846],"uv_size":[0.0984,0.0259]},"north":{"uv":[14.416,8.6846],"uv_size":[1.584,0.0259]},"south":{"uv":[14.416,8.6846],"uv_size":[1.584,0.0259]},"up":{"uv":[15.984,9.4983],"uv_size":[-1.584,-0.1036]},"west":{"uv":[15.3266,8.6846],"uv_size":[0.0984,0.0259]}}},{"origin":[7.61409,11,-0.63393],"size":[0.25,0.75,1],"uv":{"west":{"uv":[15.3266,5.3434],"uv_size":[0.0984,0.0777]}}},{"origin":[-6.63591,10.5,-0.88393],"size":[14.25,0.5,0.25],"uv":{"down":{"uv":[15.984,9.1575],"uv_size":[-1.409,-0.0259]},"east":{"uv":[15.0754,8.7903],"uv_size":[0.0246,0.0518]},"north":{"uv":[14.416,8.7903],"uv_size":[1.409,0.0518]},"south":{"uv":[14.591,8.7903],"uv_size":[1.409,0.0518]},"west":{"uv":[15.3004,8.7903],"uv_size":[0.0246,0.0518]}}},{"origin":[-6.63591,10.5,-0.63393],"size":[14.25,0.25,1.25],"uv":{"down":{"uv":[15.984,9.1295],"uv_size":[-1.409,-0.1295]},"east":{"uv":[14.952,8.8162],"uv_size":[0.123,0.0259]},"south":{"uv":[14.591,8.8162],"uv_size":[1.409,0.0259]},"up":{"uv":[15.984,9.5242],"uv_size":[-1.409,-0.1295]},"west":{"uv":[15.327,8.8162],"uv_size":[0.123,0.0259]}}},{"origin":[-6.63591,10.75,-1.13393],"size":[14.25,0.75,0.25],"uv":{"down":{"uv":[15.984,9.1838],"uv_size":[-1.409,-0.0259]},"east":{"uv":[15.1004,8.7381],"uv_size":[0.0246,0.0777]},"north":{"uv":[14.416,8.7381],"uv_size":[1.409,0.0777]},"south":{"uv":[14.591,8.7381],"uv_size":[1.409,0.0777]},"up":{"uv":[15.984,9.368],"uv_size":[-1.409,-0.0259]},"west":{"uv":[15.2754,8.7381],"uv_size":[0.0246,0.0777]}}},{"origin":[-6.63591,10.75,0.36607],"size":[14.25,0.25,0.5],"uv":{"down":{"uv":[15.984,9.0255],"uv_size":[-1.409,-0.0518]},"east":{"uv":[14.9258,8.7899],"uv_size":[0.0492,0.0259]},"south":{"uv":[14.591,8.7899],"uv_size":[1.409,0.0259]},"up":{"uv":[15.984,9.5518],"uv_size":[-1.409,-0.0518]},"west":{"uv":[15.4258,8.7899],"uv_size":[0.0492,0.0259]}}},{"origin":[-6.63591,11,-0.63393],"size":[14.25,0.75,1],"uv":{"east":{"uv":[14.9766,8.7118],"uv_size":[0.0984,0.0777]}}},{"origin":[-6.63591,11,0.61607],"size":[14.25,1,0.25],"uv":{"east":{"uv":[14.9254,8.6859],"uv_size":[0.0246,0.1036]},"north":{"uv":[14.416,8.6859],"uv_size":[1.409,0.1036]},"south":{"uv":[14.591,8.6859],"uv_size":[1.409,0.1036]},"up":{"uv":[15.984,9.5522],"uv_size":[-1.409,-0.0259]},"west":{"uv":[15.4504,8.6859],"uv_size":[0.0246,0.1036]}}},{"origin":[0.86409,11.5,-1.13393],"size":[6.75,0.5,0.25],"uv":{"north":{"uv":[15.1608,8.6851],"uv_size":[0.6642,0.0518]},"south":{"uv":[14.5858,8.6851],"uv_size":[0.6642,0.0518]},"up":{"uv":[15.2392,9.368],"uv_size":[-0.6642,-0.0259]},"west":{"uv":[15.2754,8.6851],"uv_size":[0.0246,0.0518]}}},{"origin":[-6.63591,11.75,-0.88393],"size":[14.25,0.5,0.25],"uv":{"east":{"uv":[15.0754,8.6587],"uv_size":[0.0246,0.0518]},"north":{"uv":[14.416,8.6587],"uv_size":[1.409,0.0518]},"south":{"uv":[14.591,8.6587],"uv_size":[1.409,0.0518]},"up":{"uv":[15.984,9.3943],"uv_size":[-1.409,-0.0259]},"west":{"uv":[15.3004,8.6587],"uv_size":[0.0246,0.0518]}}},{"origin":[-6.63591,11.75,0.36607],"size":[14.25,0.5,0.25],"uv":{"east":{"uv":[14.9504,8.6587],"uv_size":[0.0246,0.0518]},"north":{"uv":[14.416,8.6587],"uv_size":[1.409,0.0518]},"south":{"uv":[14.591,8.6587],"uv_size":[1.409,0.0518]},"up":{"uv":[15.984,9.5259],"uv_size":[-1.409,-0.0259]},"west":{"uv":[15.4254,8.6587],"uv_size":[0.0246,0.0518]}}},{"origin":[-6.63591,12,-0.63393],"size":[14.25,0.25,1],"uv":{"east":{"uv":[14.9766,8.6583],"uv_size":[0.0984,0.0259]},"up":{"uv":[15.984,9.4983],"uv_size":[-1.409,-0.1036]},"west":{"uv":[15.3266,8.6583],"uv_size":[0.0984,0.0259]}}},{"origin":[-4.88591,10.5,-1.38393],"size":[11.75,1,0.25],"uv":{"down":{"uv":[15.809,9.2101],"uv_size":[-1.159,-0.0259]},"east":{"uv":[15.1254,8.7385],"uv_size":[0.0246,0.1036]},"north":{"uv":[14.591,8.7385],"uv_size":[1.159,0.1036]},"south":{"uv":[14.666,8.7385],"uv_size":[1.159,0.1036]},"up":{"uv":[15.809,9.3417],"uv_size":[-1.159,-0.0259]},"west":{"uv":[15.2504,8.7385],"uv_size":[0.0246,0.1036]}}},{"origin":[-6.63591,10.5,-1.13393],"size":[13.5,0.25,0.25],"uv":{"down":{"uv":[15.984,9.1838],"uv_size":[-1.334,-0.0259]},"east":{"uv":[15.1004,8.8162],"uv_size":[0.0246,0.0259]},"north":{"uv":[14.416,8.8162],"uv_size":[1.334,0.0259]},"west":{"uv":[15.2754,8.8162],"uv_size":[0.0246,0.0259]}}},{"origin":[-6.63591,10.5,0.61607],"size":[13.5,0.25,0.25],"uv":{"down":{"uv":[15.984,8.9996],"uv_size":[-1.334,-0.0259]},"east":{"uv":[14.9254,8.8162],"uv_size":[0.0246,0.0259]},"south":{"uv":[14.666,8.8162],"uv_size":[1.334,0.0259]},"west":{"uv":[15.4504,8.8162],"uv_size":[0.0246,0.0259]}}},{"origin":[-4.88591,10.5,0.86607],"size":[11.75,2.5,0.25],"uv":{"down":{"uv":[15.809,8.9733],"uv_size":[-1.159,-0.0259]},"east":{"uv":[14.9004,8.5832],"uv_size":[0.0246,0.2589]},"north":{"uv":[14.591,8.5832],"uv_size":[1.159,0.2589]},"south":{"uv":[14.666,8.5832],"uv_size":[1.159,0.2589]},"up":{"uv":[15.809,9.5785],"uv_size":[-1.159,-0.0259]},"west":{"uv":[15.4754,8.5832],"uv_size":[0.0246,0.2589]}}},{"origin":[0.86409,11.5,-1.38393],"size":[6,1.5,0.25],"uv":{"east":{"uv":[15.1254,8.5815],"uv_size":[0.0246,0.1554]},"north":{"uv":[15.1596,8.5815],"uv_size":[0.5904,0.1554]},"south":{"uv":[14.6596,8.5815],"uv_size":[0.5904,0.1554]},"up":{"uv":[15.2404,9.3417],"uv_size":[-0.5904,-0.0259]},"west":{"uv":[15.2504,8.5815],"uv_size":[0.0246,0.1554]}}},{"origin":[0.86409,12,-1.13393],"size":[6,1.25,0.25],"uv":{"east":{"uv":[15.1004,8.5547],"uv_size":[0.0246,0.1295]},"north":{"uv":[15.1596,8.5547],"uv_size":[0.5904,0.1295]},"south":{"uv":[14.6596,8.5547],"uv_size":[0.5904,0.1295]},"up":{"uv":[15.2404,9.368],"uv_size":[-0.5904,-0.0259]},"west":{"uv":[15.2754,8.5547],"uv_size":[0.0246,0.1295]}}},{"origin":[-6.63591,12,0.61607],"size":[13.5,1,0.25],"uv":{"east":{"uv":[14.9254,8.5806],"uv_size":[0.0246,0.1036]},"north":{"uv":[14.416,8.5806],"uv_size":[1.334,0.1036]},"south":{"uv":[14.666,8.5806],"uv_size":[1.334,0.1036]},"up":{"uv":[15.984,9.5522],"uv_size":[-1.334,-0.0259]},"west":{"uv":[15.4504,8.5806],"uv_size":[0.0246,0.1036]}}},{"origin":[-6.63591,12.25,-0.88393],"size":[13.5,0.75,1.5],"uv":{"down":{"uv":[15.984,9.1554],"uv_size":[-1.334,-0.1554]},"east":{"uv":[14.9524,8.5802],"uv_size":[0.1476,0.0777]},"north":{"uv":[14.416,8.5802],"uv_size":[1.334,0.0777]},"up":{"uv":[15.984,9.5238],"uv_size":[-1.334,-0.1554]},"west":{"uv":[15.3024,8.5802],"uv_size":[0.1476,0.0777]}}},{"origin":[-6.38591,13,-0.88393],"size":[13.25,0.25,1.75],"uv":{"down":{"uv":[15.959,9.1549],"uv_size":[-1.309,-0.1813]},"east":{"uv":[14.9278,8.5531],"uv_size":[0.1722,0.0259]},"north":{"uv":[14.441,8.5531],"uv_size":[1.309,0.0259]},"south":{"uv":[14.666,8.5531],"uv_size":[1.309,0.0259]},"up":{"uv":[15.959,9.5497],"uv_size":[-1.309,-0.1813]},"west":{"uv":[15.3028,8.5531],"uv_size":[0.1722,0.0259]}}},{"origin":[-4.88591,10.25,-1.13393],"size":[11.5,0.25,2],"uv":{"down":{"uv":[15.809,9.1808],"uv_size":[-1.134,-0.2072]},"east":{"uv":[14.9282,8.8425],"uv_size":[0.1968,0.0259]},"north":{"uv":[14.591,8.8425],"uv_size":[1.134,0.0259]},"south":{"uv":[14.691,8.8425],"uv_size":[1.134,0.0259]},"up":{"uv":[15.809,9.5493],"uv_size":[-1.134,-0.2072]},"west":{"uv":[15.2782,8.8425],"uv_size":[0.1968,0.0259]}}},{"origin":[4.86409,13.25,-0.88393],"size":[1.5,0.25,1.5],"uv":{"east":{"uv":[14.9524,8.5267],"uv_size":[0.1476,0.0259]},"north":{"uv":[15.5524,8.5267],"uv_size":[0.1476,0.0259]},"south":{"uv":[14.7024,8.5267],"uv_size":[0.1476,0.0259]},"up":{"uv":[14.8476,9.5238],"uv_size":[-0.1476,-0.1554]},"west":{"uv":[15.3024,8.5267],"uv_size":[0.1476,0.0259]}}},{"origin":[5.11409,13.5,-0.88393],"size":[1.25,0.5,0.25],"uv":{"east":{"uv":[15.0754,8.4745],"uv_size":[0.0246,0.0518]},"north":{"uv":[15.577,8.4745],"uv_size":[0.123,0.0518]},"south":{"uv":[14.702,8.4745],"uv_size":[0.123,0.0518]},"up":{"uv":[14.823,9.3943],"uv_size":[-0.123,-0.0259]},"west":{"uv":[15.3004,8.4745],"uv_size":[0.0246,0.0518]}}},{"origin":[5.36409,13.5,-0.63393],"size":[1,0.25,1.25],"uv":{"east":{"uv":[14.952,8.5004],"uv_size":[0.123,0.0259]},"south":{"uv":[14.7016,8.5004],"uv_size":[0.0984,0.0259]},"up":{"uv":[14.7984,9.5242],"uv_size":[-0.0984,-0.1295]},"west":{"uv":[15.327,8.5004],"uv_size":[0.123,0.0259]}}},{"origin":[5.11409,13.75,0.36607],"size":[1.25,0.25,0.25],"uv":{"down":{"uv":[14.823,9.0259],"uv_size":[-0.123,-0.0259]},"east":{"uv":[14.9504,8.4741],"uv_size":[0.0246,0.0259]},"north":{"uv":[15.577,8.4741],"uv_size":[0.123,0.0259]},"south":{"uv":[14.702,8.4741],"uv_size":[0.123,0.0259]},"up":{"uv":[14.823,9.5259],"uv_size":[-0.123,-0.0259]},"west":{"uv":[15.4254,8.4741],"uv_size":[0.0246,0.0259]}}},{"origin":[5.36409,14,-0.88393],"size":[1,0.25,0.25],"uv":{"east":{"uv":[15.0754,8.4478],"uv_size":[0.0246,0.0259]},"north":{"uv":[15.6016,8.4478],"uv_size":[0.0984,0.0259]},"south":{"uv":[14.7016,8.4478],"uv_size":[0.0984,0.0259]},"up":{"uv":[14.7984,9.3943],"uv_size":[-0.0984,-0.0259]},"west":{"uv":[15.3004,8.4478],"uv_size":[0.0246,0.0259]}}},{"origin":[5.36409,14,0.36607],"size":[1,0.25,0.25],"uv":{"east":{"uv":[14.9504,8.4478],"uv_size":[0.0246,0.0259]},"north":{"uv":[15.6016,8.4478],"uv_size":[0.0984,0.0259]},"south":{"uv":[14.7016,8.4478],"uv_size":[0.0984,0.0259]},"up":{"uv":[14.7984,9.5259],"uv_size":[-0.0984,-0.0259]},"west":{"uv":[15.4254,8.4478],"uv_size":[0.0246,0.0259]}}},{"origin":[2.36409,11.5,-1.63393],"size":[3.75,0.25,0.25],"uv":{"down":{"uv":[15.094,9.2364],"uv_size":[-0.369,-0.0259]},"east":{"uv":[15.1504,8.7109],"uv_size":[0.0246,0.0259]},"north":{"uv":[15.306,8.7109],"uv_size":[0.369,0.0259]},"up":{"uv":[15.094,9.3154],"uv_size":[-0.369,-0.0259]},"west":{"uv":[15.2254,8.7109],"uv_size":[0.0246,0.0259]}}},{"origin":[2.36409,12.25,-1.63393],"size":[3.75,0.25,0.25],"uv":{"down":{"uv":[15.094,9.2364],"uv_size":[-0.369,-0.0259]},"east":{"uv":[15.1504,8.632],"uv_size":[0.0246,0.0259]},"north":{"uv":[15.306,8.632],"uv_size":[0.369,0.0259]},"up":{"uv":[15.094,9.3154],"uv_size":[-0.369,-0.0259]},"west":{"uv":[15.2254,8.632],"uv_size":[0.0246,0.0259]}}},{"origin":[5.61409,13.75,-0.38393],"size":[0.5,0.25,0.5],"uv":{"east":{"uv":[15.0008,8.4741],"uv_size":[0.0492,0.0259]},"north":{"uv":[15.6258,8.4741],"uv_size":[0.0492,0.0259]},"south":{"uv":[14.7258,8.4741],"uv_size":[0.0492,0.0259]},"up":{"uv":[14.7742,9.4728],"uv_size":[-0.0492,-0.0518]},"west":{"uv":[15.3508,8.4741],"uv_size":[0.0492,0.0259]}}},{"origin":[5.61409,13.5,-1.13393],"size":[0.25,0.25,0.25],"uv":{"down":{"uv":[14.7746,9.1838],"uv_size":[-0.0246,-0.0259]},"east":{"uv":[15.1004,8.5004],"uv_size":[0.0246,0.0259]},"north":{"uv":[15.6254,8.5004],"uv_size":[0.0246,0.0259]},"up":{"uv":[14.7746,9.368],"uv_size":[-0.0246,-0.0259]},"west":{"uv":[15.2754,8.5004],"uv_size":[0.0246,0.0259]}}},{"origin":[5.61409,13.5,0.61607],"size":[0.25,0.25,0.25],"uv":{"down":{"uv":[14.7746,8.9996],"uv_size":[-0.0246,-0.0259]},"east":{"uv":[14.9254,8.5004],"uv_size":[0.0246,0.0259]},"south":{"uv":[14.7504,8.5004],"uv_size":[0.0246,0.0259]},"up":{"uv":[14.7746,9.5522],"uv_size":[-0.0246,-0.0259]},"west":{"uv":[15.4504,8.5004],"uv_size":[0.0246,0.0259]}}},{"origin":[5.11409,13.5,0.36607],"size":[0.25,0.25,0.25],"uv":{"east":{"uv":[14.9504,8.5004],"uv_size":[0.0246,0.0259]},"north":{"uv":[15.5754,8.5004],"uv_size":[0.0246,0.0259]},"south":{"uv":[14.8004,8.5004],"uv_size":[0.0246,0.0259]}}},{"origin":[-3.88591,9.75,-1.63393],"size":[8.5,1,0.25],"uv":{"down":{"uv":[15.7114,9.2364],"uv_size":[-0.8364,-0.0259]},"east":{"uv":[15.1504,8.8175],"uv_size":[0.0246,0.1036]},"north":{"uv":[14.6886,8.8175],"uv_size":[0.8364,0.1036]},"south":{"uv":[14.8886,8.8175],"uv_size":[0.8364,0.1036]},"up":{"uv":[15.7114,9.3154],"uv_size":[-0.8364,-0.0259]},"west":{"uv":[15.2254,8.8175],"uv_size":[0.0246,0.1036]}}},{"origin":[-3.88591,9.75,-1.38393],"size":[8.5,0.75,0.25],"uv":{"down":{"uv":[15.7114,9.2101],"uv_size":[-0.8364,-0.0259]},"east":{"uv":[15.1254,8.8434],"uv_size":[0.0246,0.0777]},"south":{"uv":[14.8886,8.8434],"uv_size":[0.8364,0.0777]},"west":{"uv":[15.2504,8.8434],"uv_size":[0.0246,0.0777]}}},{"origin":[-3.88591,9.75,-1.13393],"size":[8.5,0.5,2.5],"uv":{"down":{"uv":[15.7114,9.18],"uv_size":[-0.8364,-0.2589]},"east":{"uv":[14.879,8.8693],"uv_size":[0.246,0.0518]},"south":{"uv":[14.8886,8.8693],"uv_size":[0.8364,0.0518]},"up":{"uv":[15.7114,9.6011],"uv_size":[-0.8364,-0.2589]},"west":{"uv":[15.279,8.8693],"uv_size":[0.246,0.0518]}}},{"origin":[-4.88591,10.25,0.86607],"size":[9.5,0.25,0.25],"uv":{"down":{"uv":[15.8098,8.9733],"uv_size":[-0.9348,-0.0259]},"east":{"uv":[14.9004,8.8425],"uv_size":[0.0246,0.0259]},"south":{"uv":[14.8902,8.8425],"uv_size":[0.9348,0.0259]},"west":{"uv":[15.4754,8.8425],"uv_size":[0.0246,0.0259]}}},{"origin":[-4.63591,10.25,1.11607],"size":[9.25,0.25,0.25],"uv":{"down":{"uv":[15.7852,8.9469],"uv_size":[-0.9102,-0.0259]},"east":{"uv":[14.8754,8.8425],"uv_size":[0.0246,0.0259]},"south":{"uv":[14.8898,8.8425],"uv_size":[0.9102,0.0259]},"up":{"uv":[15.7852,9.6048],"uv_size":[-0.9102,-0.0259]},"west":{"uv":[15.5004,8.8425],"uv_size":[0.0246,0.0259]}}},{"origin":[-4.38591,10.5,1.11607],"size":[9,0.25,0.25],"uv":{"east":{"uv":[14.8754,8.8162],"uv_size":[0.0246,0.0259]},"south":{"uv":[14.8894,8.8162],"uv_size":[0.8856,0.0259]},"up":{"uv":[15.7606,9.6048],"uv_size":[-0.8856,-0.0259]},"west":{"uv":[15.5004,8.8162],"uv_size":[0.0246,0.0259]}}},{"origin":[4.11409,7.75,-0.88393],"size":[0.25,2,1.5],"uv":{"down":{"uv":[14.9246,9.1554],"uv_size":[-0.0246,-0.1554]},"east":{"uv":[14.9524,8.9244],"uv_size":[0.1476,0.2072]},"north":{"uv":[15.4754,8.9244],"uv_size":[0.0246,0.2072]},"south":{"uv":[14.9004,8.9244],"uv_size":[0.0246,0.2072]},"west":{"uv":[15.3024,8.9244],"uv_size":[0.1476,0.2072]}}},{"origin":[-3.38591,9.5,-1.63393],"size":[7.75,0.25,0.75],"uv":{"down":{"uv":[15.6626,9.2356],"uv_size":[-0.7626,-0.0777]},"east":{"uv":[15.1012,8.9215],"uv_size":[0.0738,0.0259]},"north":{"uv":[14.7374,8.9215],"uv_size":[0.7626,0.0259]},"south":{"uv":[14.9124,8.9215],"uv_size":[0.7626,0.0259]},"up":{"uv":[15.6626,9.3672],"uv_size":[-0.7626,-0.0777]},"west":{"uv":[15.2262,8.9215],"uv_size":[0.0738,0.0259]}}},{"origin":[-3.38591,9.5,0.61607],"size":[7.75,0.25,0.75],"uv":{"down":{"uv":[15.6626,8.9987],"uv_size":[-0.7626,-0.0777]},"east":{"uv":[14.8762,8.9215],"uv_size":[0.0738,0.0259]},"north":{"uv":[14.7374,8.9215],"uv_size":[0.7626,0.0259]},"south":{"uv":[14.9124,8.9215],"uv_size":[0.7626,0.0259]},"west":{"uv":[15.4512,8.9215],"uv_size":[0.0738,0.0259]}}},{"origin":[1.86409,7.5,-0.88393],"size":[2.25,0.25,1.5],"uv":{"down":{"uv":[15.1464,9.1554],"uv_size":[-0.2214,-0.1554]},"east":{"uv":[14.9524,9.132],"uv_size":[0.1476,0.0259]},"north":{"uv":[15.2536,9.132],"uv_size":[0.2214,0.0259]},"south":{"uv":[14.9286,9.132],"uv_size":[0.2214,0.0259]},"up":{"uv":[15.1464,9.5238],"uv_size":[-0.2214,-0.1554]},"west":{"uv":[15.3024,9.132],"uv_size":[0.1476,0.0259]}}},{"origin":[-3.38591,9.5,-0.88393],"size":[7.5,0.25,1.5],"uv":{"down":{"uv":[15.663,9.1554],"uv_size":[-0.738,-0.1554]},"east":{"uv":[14.9524,8.9215],"uv_size":[0.1476,0.0259]}}},{"origin":[3.11409,13.25,-0.88393],"size":[0.75,0.25,1.5],"uv":{"east":{"uv":[14.9524,8.5267],"uv_size":[0.1476,0.0259]},"north":{"uv":[15.3762,8.5267],"uv_size":[0.0738,0.0259]},"south":{"uv":[14.9512,8.5267],"uv_size":[0.0738,0.0259]},"up":{"uv":[15.0238,9.5238],"uv_size":[-0.0738,-0.1554]},"west":{"uv":[15.3024,8.5267],"uv_size":[0.1476,0.0259]}}},{"origin":[3.36409,13.5,-0.88393],"size":[0.5,0.75,0.25],"uv":{"east":{"uv":[15.0754,8.4486],"uv_size":[0.0246,0.0777]},"north":{"uv":[15.4008,8.4486],"uv_size":[0.0492,0.0777]},"south":{"uv":[14.9508,8.4486],"uv_size":[0.0492,0.0777]},"up":{"uv":[14.9992,9.3943],"uv_size":[-0.0492,-0.0259]},"west":{"uv":[15.3004,8.4486],"uv_size":[0.0246,0.0777]}}},{"origin":[3.61409,13.5,-0.63393],"size":[0.25,0.25,1.25],"uv":{"east":{"uv":[14.952,8.5004],"uv_size":[0.123,0.0259]},"south":{"uv":[14.9504,8.5004],"uv_size":[0.0246,0.0259]},"up":{"uv":[14.9746,9.5242],"uv_size":[-0.0246,-0.1295]},"west":{"uv":[15.327,8.5004],"uv_size":[0.123,0.0259]}}},{"origin":[3.36409,13.75,0.36607],"size":[0.5,0.5,0.25],"uv":{"down":{"uv":[14.9992,9.0259],"uv_size":[-0.0492,-0.0259]},"east":{"uv":[14.9504,8.4482],"uv_size":[0.0246,0.0518]},"north":{"uv":[15.4008,8.4482],"uv_size":[0.0492,0.0518]},"south":{"uv":[14.9508,8.4482],"uv_size":[0.0492,0.0518]},"up":{"uv":[14.9992,9.5259],"uv_size":[-0.0492,-0.0259]},"west":{"uv":[15.4254,8.4482],"uv_size":[0.0246,0.0518]}}},{"origin":[-3.63591,11.25,1.11607],"size":[7.25,0.25,0.25],"uv":{"down":{"uv":[15.6884,8.9469],"uv_size":[-0.7134,-0.0259]},"east":{"uv":[14.8754,8.7373],"uv_size":[0.0246,0.0259]},"south":{"uv":[14.9866,8.7373],"uv_size":[0.7134,0.0259]},"up":{"uv":[15.6884,9.6048],"uv_size":[-0.7134,-0.0259]},"west":{"uv":[15.5004,8.7373],"uv_size":[0.0246,0.0259]}}},{"origin":[-3.63591,12,1.11607],"size":[7.25,0.25,0.25],"uv":{"down":{"uv":[15.6884,8.9469],"uv_size":[-0.7134,-0.0259]},"east":{"uv":[14.8754,8.6583],"uv_size":[0.0246,0.0259]},"south":{"uv":[14.9866,8.6583],"uv_size":[0.7134,0.0259]},"up":{"uv":[15.6884,9.6048],"uv_size":[-0.7134,-0.0259]},"west":{"uv":[15.5004,8.6583],"uv_size":[0.0246,0.0259]}}},{"origin":[3.36409,13.5,0.36607],"size":[0.25,0.25,0.25],"uv":{"east":{"uv":[14.9504,8.5004],"uv_size":[0.0246,0.0259]},"north":{"uv":[15.4004,8.5004],"uv_size":[0.0246,0.0259]},"south":{"uv":[14.9754,8.5004],"uv_size":[0.0246,0.0259]}}},{"origin":[2.61409,8,-0.38393],"size":[0.25,0.25,0.5],"uv":{"down":{"uv":[15.0746,5.736],"uv_size":[-0.0246,-0.0518]},"east":{"uv":[15.0008,5.7109],"uv_size":[0.0492,0.0259]},"north":{"uv":[15.3254,5.7109],"uv_size":[0.0246,0.0259]},"south":{"uv":[15.0504,5.7109],"uv_size":[0.0246,0.0259]},"up":{"uv":[15.0746,6.1044],"uv_size":[-0.0246,-0.0518]},"west":{"uv":[15.3508,5.7109],"uv_size":[0.0492,0.0259]}}},{"origin":[2.36409,8.25,-0.38393],"size":[0.25,0.25,0.5],"uv":{"down":{"uv":[15.0996,5.736],"uv_size":[-0.0246,-0.0518]},"east":{"uv":[15.0008,5.6846],"uv_size":[0.0492,0.0259]},"north":{"uv":[15.3004,5.6846],"uv_size":[0.0246,0.0259]},"south":{"uv":[15.0754,5.6846],"uv_size":[0.0246,0.0259]},"up":{"uv":[15.0996,6.1044],"uv_size":[-0.0246,-0.0518]},"west":{"uv":[15.3508,5.6846],"uv_size":[0.0492,0.0259]}}},{"origin":[2.11409,9.25,-0.38393],"size":[0.5,0.25,0.5],"uv":{"down":{"uv":[15.1242,5.736],"uv_size":[-0.0492,-0.0518]},"east":{"uv":[15.0008,5.5794],"uv_size":[0.0492,0.0259]},"north":{"uv":[15.2758,5.5794],"uv_size":[0.0492,0.0259]},"south":{"uv":[15.0758,5.5794],"uv_size":[0.0492,0.0259]},"west":{"uv":[15.3508,5.5794],"uv_size":[0.0492,0.0259]}}},{"origin":[2.11409,8.5,-0.38393],"size":[0.25,0.75,0.5],"uv":{"down":{"uv":[15.1246,5.736],"uv_size":[-0.0246,-0.0518]},"east":{"uv":[15.0008,5.6065],"uv_size":[0.0492,0.0777]},"north":{"uv":[15.2754,5.6065],"uv_size":[0.0246,0.0777]},"south":{"uv":[15.1004,5.6065],"uv_size":[0.0246,0.0777]},"west":{"uv":[15.3508,5.6065],"uv_size":[0.0492,0.0777]}}},{"origin":[1.36409,7.75,-0.88393],"size":[0.5,0.25,1.5],"uv":{"down":{"uv":[15.1992,9.1554],"uv_size":[-0.0492,-0.1554]},"east":{"uv":[14.9524,9.1057],"uv_size":[0.1476,0.0259]},"north":{"uv":[15.2008,9.1057],"uv_size":[0.0492,0.0259]},"south":{"uv":[15.1508,9.1057],"uv_size":[0.0492,0.0259]},"up":{"uv":[15.1992,9.5238],"uv_size":[-0.0492,-0.1554]},"west":{"uv":[15.3024,9.1057],"uv_size":[0.1476,0.0259]}}},{"origin":[-2.13591,3.5,-0.88393],"size":[3.5,0.75,1.5],"uv":{"down":{"uv":[15.5444,9.1554],"uv_size":[-0.3444,-0.1554]},"east":{"uv":[14.9524,9.5013],"uv_size":[0.1476,0.0777]},"north":{"uv":[14.8556,9.5013],"uv_size":[0.3444,0.0777]},"south":{"uv":[15.2056,9.5013],"uv_size":[0.3444,0.0777]},"up":{"uv":[15.5444,9.5238],"uv_size":[-0.3444,-0.1554]},"west":{"uv":[15.3024,9.5013],"uv_size":[0.1476,0.0777]}}},{"origin":[-1.88591,8,-1.13393],"size":[3.25,0.25,1.75],"uv":{"down":{"uv":[15.5198,9.1813],"uv_size":[-0.3198,-0.1813]},"east":{"uv":[14.9528,9.0794],"uv_size":[0.1722,0.0259]},"north":{"uv":[14.8802,9.0794],"uv_size":[0.3198,0.0259]},"south":{"uv":[15.2052,9.0794],"uv_size":[0.3198,0.0259]},"up":{"uv":[15.5198,9.5234],"uv_size":[-0.3198,-0.1813]},"west":{"uv":[15.2778,9.0794],"uv_size":[0.1722,0.0259]}}},{"origin":[-1.88591,3.5,-1.13393],"size":[3,4.5,0.25],"uv":{"down":{"uv":[15.5202,9.1838],"uv_size":[-0.2952,-0.0259]},"east":{"uv":[15.1004,9.1128],"uv_size":[0.0246,0.4661]},"north":{"uv":[14.8798,9.1128],"uv_size":[0.2952,0.4661]},"south":{"uv":[15.2298,9.1128],"uv_size":[0.2952,0.4661]},"west":{"uv":[15.2754,9.1128],"uv_size":[0.0246,0.4661]}}},{"origin":[-1.88591,3.5,0.61607],"size":[3,0.75,0.25],"uv":{"down":{"uv":[15.5202,8.9996],"uv_size":[-0.2952,-0.0259]},"east":{"uv":[14.9254,9.5013],"uv_size":[0.0246,0.0777]},"south":{"uv":[15.2298,9.5013],"uv_size":[0.2952,0.0777]},"up":{"uv":[15.5202,9.5522],"uv_size":[-0.2952,-0.0259]},"west":{"uv":[15.4504,9.5013],"uv_size":[0.0246,0.0777]}}},{"origin":[-2.88591,4.25,-0.88393],"size":[4,2.25,1.5],"uv":{"down":{"uv":[15.6186,9.1554],"uv_size":[-0.3936,-0.1554]},"east":{"uv":[14.9524,9.2669],"uv_size":[0.1476,0.2331]},"north":{"uv":[14.7814,9.2669],"uv_size":[0.3936,0.2331]},"south":{"uv":[15.2314,9.2669],"uv_size":[0.3936,0.2331]},"up":{"uv":[15.6186,9.5238],"uv_size":[-0.3936,-0.1554]},"west":{"uv":[15.3024,9.2669],"uv_size":[0.1476,0.2331]}}},{"origin":[-2.63591,6.5,-0.88393],"size":[3.75,0.5,1.5],"uv":{"east":{"uv":[14.9524,9.2114],"uv_size":[0.1476,0.0518]},"north":{"uv":[14.806,9.2114],"uv_size":[0.369,0.0518]},"south":{"uv":[15.231,9.2114],"uv_size":[0.369,0.0518]},"up":{"uv":[15.594,9.5238],"uv_size":[-0.369,-0.1554]},"west":{"uv":[15.3024,9.2114],"uv_size":[0.1476,0.0518]}}},{"origin":[-2.38591,7,-0.88393],"size":[3.5,1,1.5],"uv":{"east":{"uv":[14.9524,9.1069],"uv_size":[0.1476,0.1036]},"north":{"uv":[14.8306,9.1069],"uv_size":[0.3444,0.1036]},"south":{"uv":[15.2306,9.1069],"uv_size":[0.3444,0.1036]},"up":{"uv":[15.5694,9.5238],"uv_size":[-0.3444,-0.1554]},"west":{"uv":[15.3024,9.1069],"uv_size":[0.1476,0.1036]}}},{"origin":[-1.88591,8.25,-1.13393],"size":[3,1.25,1.75],"uv":{"east":{"uv":[14.9528,8.9495],"uv_size":[0.1722,0.1295]},"north":{"uv":[14.8798,8.9495],"uv_size":[0.2952,0.1295]},"south":{"uv":[15.2298,8.9495],"uv_size":[0.2952,0.1295]},"up":{"uv":[15.5202,9.5234],"uv_size":[-0.2952,-0.1813]},"west":{"uv":[15.2778,8.9495],"uv_size":[0.1722,0.1295]}}},{"origin":[-1.38591,-1.5,-0.88393],"size":[2.25,0.25,1.5],"uv":{"down":{"uv":[15.4714,5.7869],"uv_size":[-0.2214,-0.1554]},"east":{"uv":[14.9524,6.7109],"uv_size":[0.1476,0.0259]},"north":{"uv":[14.9286,6.7109],"uv_size":[0.2214,0.0259]},"south":{"uv":[15.2536,6.7109],"uv_size":[0.2214,0.0259]},"up":{"uv":[15.4714,6.1554],"uv_size":[-0.2214,-0.1554]},"west":{"uv":[15.3024,6.7109],"uv_size":[0.1476,0.0259]}}},{"origin":[0.36409,-1.25,-0.88393],"size":[0.5,4.75,0.25],"uv":{"east":{"uv":[15.0754,6.2185],"uv_size":[0.0246,0.492]},"north":{"uv":[15.1008,6.2185],"uv_size":[0.0492,0.492]},"south":{"uv":[15.2508,6.2185],"uv_size":[0.0492,0.492]},"west":{"uv":[15.3004,6.2185],"uv_size":[0.0246,0.492]}}},{"origin":[-1.38591,-1.25,-0.63393],"size":[2.25,4.5,1],"uv":{"east":{"uv":[14.9766,6.2444],"uv_size":[0.0984,0.4661]},"north":{"uv":[14.9286,6.2444],"uv_size":[0.2214,0.4661]},"south":{"uv":[15.2536,6.2444],"uv_size":[0.2214,0.4661]},"up":{"uv":[15.4714,6.1299],"uv_size":[-0.2214,-0.1036]},"west":{"uv":[15.3266,6.2444],"uv_size":[0.0984,0.4661]}}},{"origin":[0.36409,-1.25,0.36607],"size":[0.5,4.75,0.25],"uv":{"east":{"uv":[14.9504,6.2185],"uv_size":[0.0246,0.492]},"north":{"uv":[15.1008,6.2185],"uv_size":[0.0492,0.492]},"south":{"uv":[15.2508,6.2185],"uv_size":[0.0492,0.492]},"west":{"uv":[15.4254,6.2185],"uv_size":[0.0246,0.492]}}},{"origin":[0.61409,3.25,-0.63393],"size":[0.25,0.25,1],"uv":{"east":{"uv":[14.9766,6.2109],"uv_size":[0.0984,0.0259]},"west":{"uv":[15.3266,6.2109],"uv_size":[0.0984,0.0259]}}},{"origin":[-2.38591,4.25,0.61607],"size":[3.25,2.75,0.25],"uv":{"down":{"uv":[15.5698,8.9996],"uv_size":[-0.3198,-0.0259]},"east":{"uv":[14.9254,9.2152],"uv_size":[0.0246,0.2848]},"north":{"uv":[14.8302,9.2152],"uv_size":[0.3198,0.2848]},"south":{"uv":[15.2552,9.2152],"uv_size":[0.3198,0.2848]},"up":{"uv":[15.5698,9.5522],"uv_size":[-0.3198,-0.0259]},"west":{"uv":[15.4504,9.2152],"uv_size":[0.0246,0.2848]}}},{"origin":[-2.13591,7,0.61607],"size":[3,1,0.25],"uv":{"east":{"uv":[14.9254,9.1069],"uv_size":[0.0246,0.1036]},"south":{"uv":[15.2548,9.1069],"uv_size":[0.2952,0.1036]},"up":{"uv":[15.5452,9.5522],"uv_size":[-0.2952,-0.0259]},"west":{"uv":[15.4504,9.1069],"uv_size":[0.0246,0.1036]}}},{"origin":[-1.88591,8,0.61607],"size":[2.75,1.5,0.25],"uv":{"east":{"uv":[14.9254,8.9499],"uv_size":[0.0246,0.1554]},"north":{"uv":[14.8794,8.9499],"uv_size":[0.2706,0.1554]},"south":{"uv":[15.2544,8.9499],"uv_size":[0.2706,0.1554]},"west":{"uv":[15.4504,8.9499],"uv_size":[0.0246,0.1554]}}},{"origin":[-1.38591,11.5,-1.13393],"size":[2.25,1.25,0.25],"uv":{"north":{"uv":[14.9286,5.2389],"uv_size":[0.2214,0.1295]},"south":{"uv":[15.2536,5.2389],"uv_size":[0.2214,0.1295]},"west":{"uv":[15.2754,5.2389],"uv_size":[0.0246,0.1295]}}},{"origin":[-6.63591,12.75,-1.38393],"size":[7.5,0.25,0.5],"uv":{"down":{"uv":[15.988,9.2097],"uv_size":[-0.738,-0.0518]},"east":{"uv":[15.1008,8.5794],"uv_size":[0.0492,0.0259]},"north":{"uv":[14.412,8.5794],"uv_size":[0.738,0.0259]},"up":{"uv":[15.988,9.3676],"uv_size":[-0.738,-0.0518]},"west":{"uv":[15.2508,8.5794],"uv_size":[0.0492,0.0259]}}},{"origin":[-6.38591,13,-1.13393],"size":[7.25,0.25,0.25],"uv":{"east":{"uv":[15.1004,8.5531],"uv_size":[0.0246,0.0259]},"north":{"uv":[14.4366,8.5531],"uv_size":[0.7134,0.0259]},"up":{"uv":[15.9634,9.368],"uv_size":[-0.7134,-0.0259]}}},{"origin":[0.36409,3.25,-0.63393],"size":[0.25,0.25,0.5],"uv":{"east":{"uv":[15.0258,9.5794],"uv_size":[0.0492,0.0259]}}},{"origin":[0.36409,3.25,-0.13393],"size":[0.25,0.25,0.5],"uv":{"east":{"uv":[14.9758,6.2109],"uv_size":[0.0492,0.0259]}}},{"origin":[0.11409,3.25,-0.63393],"size":[0.25,0.25,0.25],"uv":{"north":{"uv":[15.0754,6.2109],"uv_size":[0.0246,0.0259]}}},{"origin":[-1.13591,3.25,-0.38393],"size":[1.5,0.25,0.5],"uv":{"north":{"uv":[14.9524,9.5794],"uv_size":[0.1476,0.0259]},"south":{"uv":[15.3024,9.5794],"uv_size":[0.1476,0.0259]},"west":{"uv":[15.3508,9.5794],"uv_size":[0.0492,0.0259]}}},{"origin":[0.11409,3.25,0.11607],"size":[0.25,0.25,0.25],"uv":{"south":{"uv":[15.3004,6.2109],"uv_size":[0.0246,0.0259]}}},{"origin":[-0.63591,-1.25,-0.88393],"size":[0.75,4.75,0.25],"uv":{"east":{"uv":[15.0754,6.2185],"uv_size":[0.0246,0.492]},"north":{"uv":[15.0012,6.2185],"uv_size":[0.0738,0.492]},"south":{"uv":[15.3262,6.2185],"uv_size":[0.0738,0.492]},"west":{"uv":[15.3004,6.2185],"uv_size":[0.0246,0.492]}}},{"origin":[-0.63591,-1.25,0.36607],"size":[0.75,4.75,0.25],"uv":{"east":{"uv":[14.9504,6.2185],"uv_size":[0.0246,0.492]},"north":{"uv":[15.0012,6.2185],"uv_size":[0.0738,0.492]},"south":{"uv":[15.3262,6.2185],"uv_size":[0.0738,0.492]},"west":{"uv":[15.4254,6.2185],"uv_size":[0.0246,0.492]}}},{"origin":[-0.88591,3.25,-0.63393],"size":[0.25,0.25,0.25],"uv":{"north":{"uv":[14.9754,6.2109],"uv_size":[0.0246,0.0259]}}},{"origin":[-0.88591,3.25,0.11607],"size":[0.25,0.25,0.25],"uv":{"south":{"uv":[15.4004,6.2109],"uv_size":[0.0246,0.0259]}}},{"origin":[-1.38591,-1.25,-0.88393],"size":[0.5,4.75,0.25],"uv":{"east":{"uv":[15.0754,6.2185],"uv_size":[0.0246,0.492]},"north":{"uv":[14.9258,6.2185],"uv_size":[0.0492,0.492]},"south":{"uv":[15.4258,6.2185],"uv_size":[0.0492,0.492]},"west":{"uv":[15.3004,6.2185],"uv_size":[0.0246,0.492]}}},{"origin":[-1.38591,-1.25,0.36607],"size":[0.5,4.75,0.25],"uv":{"east":{"uv":[14.9504,6.2185],"uv_size":[0.0246,0.492]},"north":{"uv":[14.9258,6.2185],"uv_size":[0.0492,0.492]},"south":{"uv":[15.4258,6.2185],"uv_size":[0.0492,0.492]},"west":{"uv":[15.4254,6.2185],"uv_size":[0.0246,0.492]}}},{"origin":[-1.38591,3.25,-0.63393],"size":[0.25,0.25,1],"uv":{"east":{"uv":[14.9766,6.2109],"uv_size":[0.0984,0.0259]},"west":{"uv":[15.3266,6.2109],"uv_size":[0.0984,0.0259]}}},{"origin":[-6.63591,11.5,-1.38393],"size":[5.25,1.25,0.5],"uv":{"down":{"uv":[15.9916,9.2097],"uv_size":[-0.5166,-0.0518]},"east":{"uv":[15.1008,8.6074],"uv_size":[0.0492,0.1295]},"north":{"uv":[14.4084,8.6074],"uv_size":[0.5166,0.1295]},"south":{"uv":[15.4834,8.6074],"uv_size":[0.5166,0.1295]},"west":{"uv":[15.2508,8.6074],"uv_size":[0.0492,0.1295]}}},{"origin":[-2.13591,3.75,-1.13393],"size":[0.25,4.25,0.25],"uv":{"down":{"uv":[15.5496,9.1838],"uv_size":[-0.0246,-0.0259]},"east":{"uv":[15.1004,9.1124],"uv_size":[0.0246,0.4402]},"north":{"uv":[14.8504,9.1124],"uv_size":[0.0246,0.4402]},"south":{"uv":[15.5254,9.1124],"uv_size":[0.0246,0.4402]},"up":{"uv":[15.5496,9.368],"uv_size":[-0.0246,-0.0259]}}},{"origin":[-2.13591,3.75,0.61607],"size":[0.25,0.5,0.25],"uv":{"down":{"uv":[15.5496,8.9996],"uv_size":[-0.0246,-0.0259]},"east":{"uv":[14.9254,9.5008],"uv_size":[0.0246,0.0518]},"south":{"uv":[15.5254,9.5008],"uv_size":[0.0246,0.0518]}}},{"origin":[-2.13591,8,-0.88393],"size":[0.25,1.5,1.5],"uv":{"east":{"uv":[14.9524,8.9499],"uv_size":[0.1476,0.1554]},"north":{"uv":[14.8504,8.9499],"uv_size":[0.0246,0.1554]},"south":{"uv":[15.5254,8.9499],"uv_size":[0.0246,0.1554]},"west":{"uv":[15.3024,8.9499],"uv_size":[0.1476,0.1554]}}},{"origin":[-2.13591,8.75,-1.13393],"size":[0.25,0.75,0.25],"uv":{"down":{"uv":[15.5496,9.1838],"uv_size":[-0.0246,-0.0259]},"east":{"uv":[15.1004,8.9486],"uv_size":[0.0246,0.0777]},"north":{"uv":[14.8504,8.9486],"uv_size":[0.0246,0.0777]}}},{"origin":[-2.13591,8.75,0.61607],"size":[0.25,0.75,0.25],"uv":{"down":{"uv":[15.5496,8.9996],"uv_size":[-0.0246,-0.0259]},"east":{"uv":[14.9254,8.9486],"uv_size":[0.0246,0.0777]},"south":{"uv":[15.5254,8.9486],"uv_size":[0.0246,0.0777]}}},{"origin":[-2.38591,3.75,-0.88393],"size":[0.25,0.5,1.5],"uv":{"down":{"uv":[15.5746,9.1554],"uv_size":[-0.0246,-0.1554]},"east":{"uv":[14.9524,9.5008],"uv_size":[0.1476,0.0518]},"north":{"uv":[14.8254,9.5008],"uv_size":[0.0246,0.0518]},"south":{"uv":[15.5504,9.5008],"uv_size":[0.0246,0.0518]}}},{"origin":[-2.63591,4.25,-1.13393],"size":[0.5,2.25,0.25],"uv":{"down":{"uv":[15.5992,9.1838],"uv_size":[-0.0492,-0.0259]},"east":{"uv":[15.1004,9.2669],"uv_size":[0.0246,0.2331]},"north":{"uv":[14.8008,9.2669],"uv_size":[0.0492,0.2331]},"up":{"uv":[15.5992,9.368],"uv_size":[-0.0492,-0.0259]}}},{"origin":[-2.38591,6.5,-1.13393],"size":[0.25,0.5,0.25],"uv":{"east":{"uv":[15.1004,9.2114],"uv_size":[0.0246,0.0518]},"north":{"uv":[14.8254,9.2114],"uv_size":[0.0246,0.0518]},"up":{"uv":[15.5746,9.368],"uv_size":[-0.0246,-0.0259]}}},{"origin":[-2.38591,8.75,-0.88393],"size":[0.25,0.75,1.5],"uv":{"down":{"uv":[15.5746,9.1554],"uv_size":[-0.0246,-0.1554]},"east":{"uv":[14.9524,8.9486],"uv_size":[0.1476,0.0777]},"north":{"uv":[14.8254,8.9486],"uv_size":[0.0246,0.0777]},"south":{"uv":[15.5504,8.9486],"uv_size":[0.0246,0.0777]}}},{"origin":[-2.38591,9,-1.13393],"size":[0.25,0.5,0.25],"uv":{"down":{"uv":[15.5746,9.1838],"uv_size":[-0.0246,-0.0259]},"east":{"uv":[15.1004,8.9482],"uv_size":[0.0246,0.0518]},"north":{"uv":[14.8254,8.9482],"uv_size":[0.0246,0.0518]}}},{"origin":[-2.38591,9,0.61607],"size":[0.25,0.5,0.25],"uv":{"down":{"uv":[15.5746,8.9996],"uv_size":[-0.0246,-0.0259]},"east":{"uv":[14.9254,8.9482],"uv_size":[0.0246,0.0518]},"south":{"uv":[15.5504,8.9482],"uv_size":[0.0246,0.0518]}}},{"origin":[-2.63591,4.5,0.61607],"size":[0.25,2,0.25],"uv":{"down":{"uv":[15.5996,8.9996],"uv_size":[-0.0246,-0.0259]},"east":{"uv":[14.9254,9.2665],"uv_size":[0.0246,0.2072]},"south":{"uv":[15.5754,9.2665],"uv_size":[0.0246,0.2072]},"up":{"uv":[15.5996,9.5522],"uv_size":[-0.0246,-0.0259]}}},{"origin":[-2.63591,9,-0.88393],"size":[0.25,0.5,1.5],"uv":{"down":{"uv":[15.5996,9.1554],"uv_size":[-0.0246,-0.1554]},"east":{"uv":[14.9524,8.9482],"uv_size":[0.1476,0.0518]},"north":{"uv":[14.8004,8.9482],"uv_size":[0.0246,0.0518]},"south":{"uv":[15.5754,8.9482],"uv_size":[0.0246,0.0518]}}},{"origin":[-2.63591,9.25,-1.13393],"size":[0.25,0.25,0.25],"uv":{"down":{"uv":[15.5996,9.1838],"uv_size":[-0.0246,-0.0259]},"east":{"uv":[15.1004,8.9478],"uv_size":[0.0246,0.0259]},"north":{"uv":[14.8004,8.9478],"uv_size":[0.0246,0.0259]}}},{"origin":[-2.63591,9.25,0.61607],"size":[0.25,0.25,0.25],"uv":{"down":{"uv":[15.5996,8.9996],"uv_size":[-0.0246,-0.0259]},"east":{"uv":[14.9254,8.9478],"uv_size":[0.0246,0.0259]},"south":{"uv":[15.5754,8.9478],"uv_size":[0.0246,0.0259]}}},{"origin":[-3.13591,9.25,-0.88393],"size":[0.5,0.25,1.5],"uv":{"down":{"uv":[15.6492,9.1554],"uv_size":[-0.0492,-0.1554]},"east":{"uv":[14.9524,8.9478],"uv_size":[0.1476,0.0259]},"north":{"uv":[14.7508,8.9478],"uv_size":[0.0492,0.0259]},"south":{"uv":[15.6008,8.9478],"uv_size":[0.0492,0.0259]}}},{"origin":[-5.63591,11.5,-1.63393],"size":[2.5,0.25,0.25],"uv":{"down":{"uv":[15.896,9.2364],"uv_size":[-0.246,-0.0259]},"east":{"uv":[15.1504,8.7109],"uv_size":[0.0246,0.0259]},"north":{"uv":[14.504,8.7109],"uv_size":[0.246,0.0259]},"up":{"uv":[15.896,9.3154],"uv_size":[-0.246,-0.0259]},"west":{"uv":[15.2254,8.7109],"uv_size":[0.0246,0.0259]}}},{"origin":[-5.63591,12.25,-1.63393],"size":[2.5,0.25,0.25],"uv":{"down":{"uv":[15.896,9.2364],"uv_size":[-0.246,-0.0259]},"east":{"uv":[15.1504,8.632],"uv_size":[0.0246,0.0259]},"north":{"uv":[14.504,8.632],"uv_size":[0.246,0.0259]},"up":{"uv":[15.896,9.3154],"uv_size":[-0.246,-0.0259]},"west":{"uv":[15.2254,8.632],"uv_size":[0.0246,0.0259]}}},{"origin":[-4.38591,10,-1.63393],"size":[0.5,0.75,0.25],"uv":{"down":{"uv":[15.7742,9.2364],"uv_size":[-0.0492,-0.0259]},"east":{"uv":[15.1504,8.8171],"uv_size":[0.0246,0.0777]},"north":{"uv":[14.6258,8.8171],"uv_size":[0.0492,0.0777]},"south":{"uv":[15.7258,8.8171],"uv_size":[0.0492,0.0777]},"up":{"uv":[15.7742,9.3154],"uv_size":[-0.0492,-0.0259]}}},{"origin":[-4.38591,10,-1.38393],"size":[0.5,0.5,0.25],"uv":{"down":{"uv":[15.7742,9.2101],"uv_size":[-0.0492,-0.0259]},"east":{"uv":[15.1254,8.8429],"uv_size":[0.0246,0.0518]},"south":{"uv":[15.7258,8.8429],"uv_size":[0.0492,0.0518]}}},{"origin":[-4.38591,10,-1.13393],"size":[0.5,0.25,2.5],"uv":{"down":{"uv":[15.7742,9.18],"uv_size":[-0.0492,-0.2589]},"east":{"uv":[14.879,8.8688],"uv_size":[0.246,0.0259]},"south":{"uv":[15.7258,8.8688],"uv_size":[0.0492,0.0259]},"up":{"uv":[15.7742,9.6011],"uv_size":[-0.0492,-0.2589]}}},{"origin":[-4.63591,10.25,-1.63393],"size":[0.25,0.25,0.5],"uv":{"down":{"uv":[15.7996,9.236],"uv_size":[-0.0246,-0.0518]},"east":{"uv":[15.1258,8.8425],"uv_size":[0.0492,0.0259]},"north":{"uv":[14.6004,8.8425],"uv_size":[0.0246,0.0259]},"up":{"uv":[15.7996,9.3413],"uv_size":[-0.0246,-0.0518]},"west":{"uv":[15.2258,8.8425],"uv_size":[0.0492,0.0259]}}},{"origin":[-6.38591,13.25,-0.88393],"size":[2,0.75,0.25],"uv":{"east":{"uv":[15.0754,8.4749],"uv_size":[0.0246,0.0777]},"north":{"uv":[14.4282,8.4749],"uv_size":[0.1968,0.0777]},"south":{"uv":[15.7782,8.4749],"uv_size":[0.1968,0.0777]},"up":{"uv":[15.9718,9.3943],"uv_size":[-0.1968,-0.0259]},"west":{"uv":[15.3004,8.4749],"uv_size":[0.0246,0.0777]}}},{"origin":[-6.38591,13.25,-0.63393],"size":[2,0.25,1.25],"uv":{"east":{"uv":[14.952,8.5267],"uv_size":[0.123,0.0259]},"south":{"uv":[15.7782,8.5267],"uv_size":[0.1968,0.0259]},"up":{"uv":[15.9718,9.5242],"uv_size":[-0.1968,-0.1295]},"west":{"uv":[15.327,8.5267],"uv_size":[0.123,0.0259]}}},{"origin":[-6.38591,13.5,0.36607],"size":[2,0.5,0.25],"uv":{"east":{"uv":[14.9504,8.4745],"uv_size":[0.0246,0.0518]},"north":{"uv":[14.4282,8.4745],"uv_size":[0.1968,0.0518]},"south":{"uv":[15.7782,8.4745],"uv_size":[0.1968,0.0518]},"up":{"uv":[15.9718,9.5259],"uv_size":[-0.1968,-0.0259]},"west":{"uv":[15.4254,8.4745],"uv_size":[0.0246,0.0518]}}},{"origin":[-4.88591,10.25,-1.38393],"size":[0.25,0.25,0.25],"uv":{"down":{"uv":[15.8246,9.2101],"uv_size":[-0.0246,-0.0259]},"east":{"uv":[15.1254,8.8425],"uv_size":[0.0246,0.0259]},"north":{"uv":[14.5754,8.8425],"uv_size":[0.0246,0.0259]}}},{"origin":[-6.13591,13.5,-0.63393],"size":[1.5,0.25,1],"uv":{"east":{"uv":[14.9766,8.5004],"uv_size":[0.0984,0.0259]},"up":{"uv":[15.9476,9.4983],"uv_size":[-0.1476,-0.1036]},"west":{"uv":[15.3266,8.5004],"uv_size":[0.0984,0.0259]}}},{"origin":[-6.13591,14,-0.88393],"size":[1.5,0.25,0.25],"uv":{"east":{"uv":[15.0754,8.4478],"uv_size":[0.0246,0.0259]},"north":{"uv":[14.4524,8.4478],"uv_size":[0.1476,0.0259]},"south":{"uv":[15.8024,8.4478],"uv_size":[0.1476,0.0259]},"up":{"uv":[15.9476,9.3943],"uv_size":[-0.1476,-0.0259]},"west":{"uv":[15.3004,8.4478],"uv_size":[0.0246,0.0259]}}},{"origin":[-6.13591,14,0.36607],"size":[1.5,0.25,0.25],"uv":{"east":{"uv":[14.9504,8.4478],"uv_size":[0.0246,0.0259]},"north":{"uv":[14.4524,8.4478],"uv_size":[0.1476,0.0259]},"south":{"uv":[15.8024,8.4478],"uv_size":[0.1476,0.0259]},"up":{"uv":[15.9476,9.5259],"uv_size":[-0.1476,-0.0259]},"west":{"uv":[15.4254,8.4478],"uv_size":[0.0246,0.0259]}}},{"origin":[-6.63591,10.75,-1.38393],"size":[1.75,0.75,0.25],"uv":{"down":{"uv":[15.9972,9.2101],"uv_size":[-0.1722,-0.0259]},"east":{"uv":[15.1254,8.7381],"uv_size":[0.0246,0.0777]},"north":{"uv":[14.4028,8.7381],"uv_size":[0.1722,0.0777]}}},{"origin":[-6.63591,10.75,0.86607],"size":[1.75,2.25,0.25],"uv":{"down":{"uv":[15.9972,8.9733],"uv_size":[-0.1722,-0.0259]},"east":{"uv":[14.9004,8.5827],"uv_size":[0.0246,0.2331]},"north":{"uv":[14.4028,8.5827],"uv_size":[0.1722,0.2331]},"south":{"uv":[15.8278,8.5827],"uv_size":[0.1722,0.2331]},"up":{"uv":[15.9972,9.5785],"uv_size":[-0.1722,-0.0259]}}},{"origin":[-5.38591,13.5,-1.13393],"size":[0.25,0.25,0.25],"uv":{"down":{"uv":[15.8746,9.1838],"uv_size":[-0.0246,-0.0259]},"east":{"uv":[15.1004,8.5004],"uv_size":[0.0246,0.0259]},"north":{"uv":[14.5254,8.5004],"uv_size":[0.0246,0.0259]},"up":{"uv":[15.8746,9.368],"uv_size":[-0.0246,-0.0259]},"west":{"uv":[15.2754,8.5004],"uv_size":[0.0246,0.0259]}}},{"origin":[-5.38591,13.5,0.61607],"size":[0.25,0.25,0.25],"uv":{"down":{"uv":[15.8746,8.9996],"uv_size":[-0.0246,-0.0259]},"east":{"uv":[14.9254,8.5004],"uv_size":[0.0246,0.0259]},"south":{"uv":[15.8504,8.5004],"uv_size":[0.0246,0.0259]},"up":{"uv":[15.8746,9.5522],"uv_size":[-0.0246,-0.0259]},"west":{"uv":[15.4504,8.5004],"uv_size":[0.0246,0.0259]}}},{"origin":[-5.63591,13.75,-0.38393],"size":[0.5,0.25,0.5],"uv":{"east":{"uv":[15.0008,8.4741],"uv_size":[0.0492,0.0259]},"north":{"uv":[14.5008,8.4741],"uv_size":[0.0492,0.0259]},"south":{"uv":[15.8508,8.4741],"uv_size":[0.0492,0.0259]},"up":{"uv":[15.8992,9.4728],"uv_size":[-0.0492,-0.0518]},"west":{"uv":[15.3508,8.4741],"uv_size":[0.0492,0.0259]}}}],"name":"geyser_custom_z","parent":"geyser_custom_y","pivot":[-0.06349,9.49603,-0.19742],"rotation":[0,90,0]}],"description":{"identifier":"geometry.geyser_custom.geo_2c3030b","texture_height":16,"texture_width":16,"visible_bounds_height":4.5,"visible_bounds_offset":[0,0.75,0],"visible_bounds_width":4}}]}