{"format_version":"1.16.0","minecraft:geometry":[{"bones":[{"name":"root","pivot":[0,0,0]},{"name":"waist","parent":"root","pivot":[0,12,0]},{"name":"body","parent":"waist","pivot":[0,24,0]},{"cubes":[{"origin":[-8,12,-2],"size":[4,12,4],"uv":[40,16]}],"name":"rightArm","parent":"body","pivot":[-5,22,0]},{"locators":{"lead_hold":[-6,15,1]},"name":"rightItem","parent":"rightArm","pivot":[-6,15,1]},{"binding":"c.item_slot == 'head' ? 'head' : q.item_slot_to_bone_name(c.item_slot)","name":"geyser_custom","parent":"rightItem","pivot":[0,8,0]},{"name":"geyser_custom_x","parent":"geyser_custom","pivot":[0,8,0]},{"name":"geyser_custom_y","parent":"geyser_custom_x","pivot":[0,8,0]},{"cubes":[{"origin":[0.69271,7.75,-0.05161],"size":[3.75,0.625,0.5],"uv":{"down":{"uv":[13.2315,5.9597],"uv_size":[-0.369,-0.0518]},"east":{"uv":[13.6133,6.2511],"uv_size":[0.0492,0.0647]},"north":{"uv":[13.9685,6.2511],"uv_size":[0.369,0.0647]},"south":{"uv":[12.8685,6.2511],"uv_size":[0.369,0.0647]},"up":{"uv":[13.2315,5.8807],"uv_size":[-0.369,-0.0518]},"west":{"uv":[13.5383,6.2511],"uv_size":[0.0492,0.0647]}}},{"origin":[3.19271,7,-0.05161],"size":[1.125,0.75,0.5],"uv":{"down":{"uv":[12.9857,5.9597],"uv_size":[-0.1107,-0.0518]},"east":{"uv":[13.6133,6.3171],"uv_size":[0.0492,0.0777]},"north":{"uv":[14.2143,6.3171],"uv_size":[0.1107,0.0777]},"south":{"uv":[12.8768,6.3171],"uv_size":[0.1107,0.0777]},"west":{"uv":[13.5383,6.3171],"uv_size":[0.0492,0.0777]}}},{"origin":[0.81771,7.75,-0.17661],"size":[3.5,0.5,0.125],"uv":{"down":{"uv":[13.2194,5.9735],"uv_size":[-0.3444,-0.0129]},"east":{"uv":[13.6627,6.264],"uv_size":[0.0123,0.0518]},"north":{"uv":[13.9806,6.264],"uv_size":[0.3444,0.0518]},"up":{"uv":[13.2194,5.8287],"uv_size":[-0.3444,-0.0129]},"west":{"uv":[13.5252,6.264],"uv_size":[0.0123,0.0518]}}},{"origin":[0.81771,7.75,0.44839],"size":[3.5,0.5,0.125],"uv":{"down":{"uv":[13.2194,5.9077],"uv_size":[-0.3444,-0.0129]},"east":{"uv":[13.6002,6.264],"uv_size":[0.0123,0.0518]},"south":{"uv":[12.8806,6.264],"uv_size":[0.3444,0.0518]},"up":{"uv":[13.2194,5.8945],"uv_size":[-0.3444,-0.0129]},"west":{"uv":[13.5877,6.264],"uv_size":[0.0123,0.0518]}}},{"origin":[3.81771,6.625,0.07339],"size":[0.375,0.375,0.25],"uv":{"down":{"uv":[12.9244,5.9469],"uv_size":[-0.0369,-0.0259]},"east":{"uv":[13.6254,6.3954],"uv_size":[0.0246,0.0388]},"north":{"uv":[14.2756,6.3954],"uv_size":[0.0369,0.0388]},"south":{"uv":[12.8881,6.3954],"uv_size":[0.0369,0.0388]},"west":{"uv":[13.5504,6.3954],"uv_size":[0.0246,0.0388]}}},{"origin":[3.81771,6.75,-0.05161],"size":[0.375,0.25,0.125],"uv":{"down":{"uv":[12.9244,5.9603],"uv_size":[-0.0369,-0.0129]},"east":{"uv":[13.6502,6.3952],"uv_size":[0.0123,0.0259]},"north":{"uv":[14.2756,6.3952],"uv_size":[0.0369,0.0259]},"west":{"uv":[13.5377,6.3952],"uv_size":[0.0123,0.0259]}}},{"origin":[3.81771,6.75,0.32339],"size":[0.375,0.25,0.125],"uv":{"down":{"uv":[12.9244,5.9208],"uv_size":[-0.0369,-0.0129]},"east":{"uv":[13.6127,6.3952],"uv_size":[0.0123,0.0259]},"south":{"uv":[12.8881,6.3952],"uv_size":[0.0369,0.0259]},"west":{"uv":[13.5752,6.3952],"uv_size":[0.0123,0.0259]}}},{"origin":[3.81771,6.875,-0.17661],"size":[0.375,0.875,0.125],"uv":{"down":{"uv":[12.9244,5.9735],"uv_size":[-0.0369,-0.0129]},"east":{"uv":[13.6627,6.3173],"uv_size":[0.0123,0.0906]},"north":{"uv":[14.2756,6.3173],"uv_size":[0.0369,0.0906]},"south":{"uv":[12.8881,6.3173],"uv_size":[0.0369,0.0906]},"west":{"uv":[13.5252,6.3173],"uv_size":[0.0123,0.0906]}}},{"origin":[3.81771,6.875,0.44839],"size":[0.375,0.875,0.125],"uv":{"down":{"uv":[12.9244,5.9077],"uv_size":[-0.0369,-0.0129]},"east":{"uv":[13.6002,6.3173],"uv_size":[0.0123,0.0906]},"north":{"uv":[14.2756,6.3173],"uv_size":[0.0369,0.0906]},"south":{"uv":[12.8881,6.3173],"uv_size":[0.0369,0.0906]},"west":{"uv":[13.5877,6.3173],"uv_size":[0.0123,0.0906]}}},{"origin":[3.56771,6.75,0.07339],"size":[0.25,0.25,0.25],"uv":{"down":{"uv":[12.9496,5.9469],"uv_size":[-0.0246,-0.0259]},"east":{"uv":[13.6254,6.3952],"uv_size":[0.0246,0.0259]},"north":{"uv":[14.2504,6.3952],"uv_size":[0.0246,0.0259]},"south":{"uv":[12.9254,6.3952],"uv_size":[0.0246,0.0259]}}},{"origin":[3.56771,6.875,-0.05161],"size":[0.25,0.125,0.125],"uv":{"down":{"uv":[12.9496,5.9603],"uv_size":[-0.0246,-0.0129]},"east":{"uv":[13.6502,6.3949],"uv_size":[0.0123,0.0129]},"north":{"uv":[14.2504,6.3949],"uv_size":[0.0246,0.0129]}}},{"origin":[3.56771,6.875,0.32339],"size":[0.25,0.125,0.125],"uv":{"down":{"uv":[12.9496,5.9208],"uv_size":[-0.0246,-0.0129]},"east":{"uv":[13.6127,6.3949],"uv_size":[0.0123,0.0129]},"south":{"uv":[12.9254,6.3949],"uv_size":[0.0246,0.0129]}}},{"origin":[3.56771,7,-0.17661],"size":[0.25,0.75,0.125],"uv":{"down":{"uv":[12.9496,5.9735],"uv_size":[-0.0246,-0.0129]},"east":{"uv":[13.6627,6.3171],"uv_size":[0.0123,0.0777]},"north":{"uv":[14.2504,6.3171],"uv_size":[0.0246,0.0777]}}},{"origin":[3.56771,7,0.44839],"size":[0.25,0.75,0.125],"uv":{"down":{"uv":[12.9496,5.9077],"uv_size":[-0.0246,-0.0129]},"east":{"uv":[13.6002,6.3171],"uv_size":[0.0123,0.0777]},"south":{"uv":[12.9254,6.3171],"uv_size":[0.0246,0.0777]}}},{"origin":[3.19271,6.875,0.07339],"size":[0.375,0.125,0.25],"uv":{"down":{"uv":[12.9869,5.9469],"uv_size":[-0.0369,-0.0259]},"east":{"uv":[13.6254,6.3949],"uv_size":[0.0246,0.0129]},"north":{"uv":[14.2131,6.3949],"uv_size":[0.0369,0.0129]},"south":{"uv":[12.9506,6.3949],"uv_size":[0.0369,0.0129]}}},{"origin":[3.19271,7.125,-0.17661],"size":[0.375,0.625,0.125],"uv":{"down":{"uv":[12.9869,5.9735],"uv_size":[-0.0369,-0.0129]},"east":{"uv":[13.6627,6.3168],"uv_size":[0.0123,0.0647]},"north":{"uv":[14.2131,6.3168],"uv_size":[0.0369,0.0647]}}},{"origin":[3.06771,7.125,0.44839],"size":[0.5,0.625,0.125],"uv":{"down":{"uv":[12.9992,5.9077],"uv_size":[-0.0492,-0.0129]},"east":{"uv":[13.6002,6.3168],"uv_size":[0.0123,0.0647]},"north":{"uv":[14.2008,6.3168],"uv_size":[0.0492,0.0647]},"south":{"uv":[12.9508,6.3168],"uv_size":[0.0492,0.0647]}}},{"origin":[1.19271,8.25,-0.17661],"size":[2.375,0.125,0.125],"uv":{"east":{"uv":[13.6627,6.2502],"uv_size":[0.0123,0.0129]},"north":{"uv":[14.0163,6.2502],"uv_size":[0.2337,0.0129]},"up":{"uv":[13.1837,5.8287],"uv_size":[-0.2337,-0.0129]},"west":{"uv":[13.5252,6.2502],"uv_size":[0.0123,0.0129]}}},{"origin":[1.19271,8.25,0.44839],"size":[2.375,0.125,0.125],"uv":{"east":{"uv":[13.6002,6.2502],"uv_size":[0.0123,0.0129]},"south":{"uv":[12.9538,6.2502],"uv_size":[0.2337,0.0129]},"up":{"uv":[13.1837,5.8945],"uv_size":[-0.2337,-0.0129]},"west":{"uv":[13.5877,6.2502],"uv_size":[0.0123,0.0129]}}},{"origin":[1.19271,8.375,-0.05161],"size":[2.375,0.125,0.5],"uv":{"east":{"uv":[13.6133,6.2371],"uv_size":[0.0492,0.0129]},"north":{"uv":[14.0163,6.2371],"uv_size":[0.2337,0.0129]},"south":{"uv":[12.9538,6.2371],"uv_size":[0.2337,0.0129]},"up":{"uv":[13.1837,5.8807],"uv_size":[-0.2337,-0.0518]},"west":{"uv":[13.5383,6.2371],"uv_size":[0.0492,0.0129]}}},{"origin":[1.31771,8.375,-0.17661],"size":[2,0.125,0.125],"uv":{"east":{"uv":[13.6627,6.2371],"uv_size":[0.0123,0.0129]},"north":{"uv":[14.0282,6.2371],"uv_size":[0.1968,0.0129]},"up":{"uv":[13.1718,5.8287],"uv_size":[-0.1968,-0.0129]},"west":{"uv":[13.5252,6.2371],"uv_size":[0.0123,0.0129]}}},{"origin":[1.31771,8.375,0.44839],"size":[2,0.125,0.125],"uv":{"east":{"uv":[13.6002,6.2371],"uv_size":[0.0123,0.0129]},"south":{"uv":[12.9782,6.2371],"uv_size":[0.1968,0.0129]},"up":{"uv":[13.1718,5.8945],"uv_size":[-0.1968,-0.0129]},"west":{"uv":[13.5877,6.2371],"uv_size":[0.0123,0.0129]}}},{"origin":[1.31771,8.5,-0.05161],"size":[2,0.125,0.5],"uv":{"east":{"uv":[13.6133,6.2239],"uv_size":[0.0492,0.0129]},"north":{"uv":[14.0282,6.2239],"uv_size":[0.1968,0.0129]},"south":{"uv":[12.9782,6.2239],"uv_size":[0.1968,0.0129]},"up":{"uv":[13.1718,5.8807],"uv_size":[-0.1968,-0.0518]},"west":{"uv":[13.5383,6.2239],"uv_size":[0.0492,0.0129]}}},{"origin":[2.81771,7,0.07339],"size":[0.375,0.75,0.25],"uv":{"down":{"uv":[13.0244,5.9469],"uv_size":[-0.0369,-0.0259]},"east":{"uv":[13.6254,6.3171],"uv_size":[0.0246,0.0777]},"north":{"uv":[14.1756,6.3171],"uv_size":[0.0369,0.0777]},"south":{"uv":[12.9881,6.3171],"uv_size":[0.0369,0.0777]}}},{"origin":[3.06771,7,0.32339],"size":[0.125,0.75,0.125],"uv":{"down":{"uv":[12.9998,5.9208],"uv_size":[-0.0123,-0.0129]},"east":{"uv":[13.6127,6.3171],"uv_size":[0.0123,0.0777]},"south":{"uv":[12.9877,6.3171],"uv_size":[0.0123,0.0777]}}},{"origin":[2.81771,7.125,-0.05161],"size":[0.375,0.625,0.125],"uv":{"down":{"uv":[13.0244,5.9603],"uv_size":[-0.0369,-0.0129]},"east":{"uv":[13.6502,6.3168],"uv_size":[0.0123,0.0647]},"north":{"uv":[14.1756,6.3168],"uv_size":[0.0369,0.0647]}}},{"origin":[2.81771,7.25,-0.17661],"size":[0.375,0.5,0.125],"uv":{"down":{"uv":[13.0244,5.9735],"uv_size":[-0.0369,-0.0129]},"east":{"uv":[13.6627,6.3166],"uv_size":[0.0123,0.0518]},"north":{"uv":[14.1756,6.3166],"uv_size":[0.0369,0.0518]}}},{"origin":[2.56771,7.125,0.32339],"size":[0.5,0.625,0.125],"uv":{"down":{"uv":[13.0492,5.9208],"uv_size":[-0.0492,-0.0129]},"east":{"uv":[13.6127,6.3168],"uv_size":[0.0123,0.0647]},"north":{"uv":[14.1508,6.3168],"uv_size":[0.0492,0.0647]},"south":{"uv":[13.0008,6.3168],"uv_size":[0.0492,0.0647]}}},{"origin":[2.56771,7.25,0.44839],"size":[0.5,0.5,0.125],"uv":{"down":{"uv":[13.0492,5.9077],"uv_size":[-0.0492,-0.0129]},"east":{"uv":[13.6002,6.3166],"uv_size":[0.0123,0.0518]},"south":{"uv":[13.0008,6.3166],"uv_size":[0.0492,0.0518]}}},{"origin":[2.56771,7.125,0.07339],"size":[0.25,0.625,0.25],"uv":{"down":{"uv":[13.0496,5.9469],"uv_size":[-0.0246,-0.0259]},"east":{"uv":[13.6254,6.3168],"uv_size":[0.0246,0.0647]},"north":{"uv":[14.1504,6.3168],"uv_size":[0.0246,0.0647]}}},{"origin":[2.56771,7.25,-0.05161],"size":[0.25,0.5,0.125],"uv":{"down":{"uv":[13.0496,5.9603],"uv_size":[-0.0246,-0.0129]},"east":{"uv":[13.6502,6.3166],"uv_size":[0.0123,0.0518]},"north":{"uv":[14.1504,6.3166],"uv_size":[0.0246,0.0518]}}},{"origin":[2.56771,7.375,-0.17661],"size":[0.25,0.375,0.125],"uv":{"down":{"uv":[13.0496,5.9735],"uv_size":[-0.0246,-0.0129]},"east":{"uv":[13.6627,6.3164],"uv_size":[0.0123,0.0388]},"north":{"uv":[14.1504,6.3164],"uv_size":[0.0246,0.0388]}}},{"origin":[2.19271,7.25,0.07339],"size":[0.375,0.5,0.25],"uv":{"down":{"uv":[13.0869,5.9469],"uv_size":[-0.0369,-0.0259]},"east":{"uv":[13.6254,6.3166],"uv_size":[0.0246,0.0518]},"north":{"uv":[14.1131,6.3166],"uv_size":[0.0369,0.0518]},"south":{"uv":[13.0506,6.3166],"uv_size":[0.0369,0.0518]}}},{"origin":[2.19271,7.375,-0.05161],"size":[0.375,0.375,0.125],"uv":{"down":{"uv":[13.0869,5.9603],"uv_size":[-0.0369,-0.0129]},"east":{"uv":[13.6502,6.3164],"uv_size":[0.0123,0.0388]},"north":{"uv":[14.1131,6.3164],"uv_size":[0.0369,0.0388]}}},{"origin":[2.19271,7.375,0.32339],"size":[0.375,0.375,0.125],"uv":{"down":{"uv":[13.0869,5.9208],"uv_size":[-0.0369,-0.0129]},"east":{"uv":[13.6127,6.3164],"uv_size":[0.0123,0.0388]},"south":{"uv":[13.0506,6.3164],"uv_size":[0.0369,0.0388]}}},{"origin":[2.19271,7.5,-0.17661],"size":[0.375,0.25,0.125],"uv":{"down":{"uv":[13.0869,5.9735],"uv_size":[-0.0369,-0.0129]},"east":{"uv":[13.6627,6.3162],"uv_size":[0.0123,0.0259]},"north":{"uv":[14.1131,6.3162],"uv_size":[0.0369,0.0259]}}},{"origin":[2.19271,7.5,0.44839],"size":[0.375,0.25,0.125],"uv":{"down":{"uv":[13.0869,5.9077],"uv_size":[-0.0369,-0.0129]},"east":{"uv":[13.6002,6.3162],"uv_size":[0.0123,0.0259]},"south":{"uv":[13.0506,6.3162],"uv_size":[0.0369,0.0259]}}},{"origin":[1.94271,7.375,0.07339],"size":[0.25,0.375,0.25],"uv":{"down":{"uv":[13.1121,5.9469],"uv_size":[-0.0246,-0.0259]},"east":{"uv":[13.6254,6.3164],"uv_size":[0.0246,0.0388]},"north":{"uv":[14.0879,6.3164],"uv_size":[0.0246,0.0388]},"south":{"uv":[13.0879,6.3164],"uv_size":[0.0246,0.0388]}}},{"origin":[1.94271,7.5,-0.05161],"size":[0.25,0.25,0.125],"uv":{"down":{"uv":[13.1121,5.9603],"uv_size":[-0.0246,-0.0129]},"east":{"uv":[13.6502,6.3162],"uv_size":[0.0123,0.0259]},"north":{"uv":[14.0879,6.3162],"uv_size":[0.0246,0.0259]}}},{"origin":[1.94271,7.5,0.32339],"size":[0.25,0.25,0.125],"uv":{"down":{"uv":[13.1121,5.9208],"uv_size":[-0.0246,-0.0129]},"east":{"uv":[13.6127,6.3162],"uv_size":[0.0123,0.0259]},"south":{"uv":[13.0879,6.3162],"uv_size":[0.0246,0.0259]}}},{"origin":[1.94271,7.625,-0.17661],"size":[0.25,0.125,0.125],"uv":{"down":{"uv":[13.1121,5.9735],"uv_size":[-0.0246,-0.0129]},"east":{"uv":[13.6627,6.316],"uv_size":[0.0123,0.0129]},"north":{"uv":[14.0879,6.316],"uv_size":[0.0246,0.0129]}}},{"origin":[1.94271,7.625,0.44839],"size":[0.25,0.125,0.125],"uv":{"down":{"uv":[13.1121,5.9077],"uv_size":[-0.0246,-0.0129]},"east":{"uv":[13.6002,6.316],"uv_size":[0.0123,0.0129]},"south":{"uv":[13.0879,6.316],"uv_size":[0.0246,0.0129]}}},{"origin":[0.81771,7.5,0.07339],"size":[1.125,0.25,0.25],"uv":{"down":{"uv":[13.2232,5.9469],"uv_size":[-0.1107,-0.0259]},"east":{"uv":[13.6254,6.3162],"uv_size":[0.0246,0.0259]},"north":{"uv":[13.9768,6.3162],"uv_size":[0.1107,0.0259]},"south":{"uv":[13.1143,6.3162],"uv_size":[0.1107,0.0259]}}},{"origin":[0.69271,7.625,-0.05161],"size":[1.25,0.125,0.125],"uv":{"down":{"uv":[13.2355,5.9603],"uv_size":[-0.123,-0.0129]},"east":{"uv":[13.6502,6.316],"uv_size":[0.0123,0.0129]},"north":{"uv":[13.9645,6.316],"uv_size":[0.123,0.0129]},"south":{"uv":[13.1145,6.316],"uv_size":[0.123,0.0129]}}},{"origin":[0.69271,7.625,0.32339],"size":[1.25,0.125,0.125],"uv":{"down":{"uv":[13.2355,5.9208],"uv_size":[-0.123,-0.0129]},"east":{"uv":[13.6127,6.316],"uv_size":[0.0123,0.0129]},"north":{"uv":[13.9645,6.316],"uv_size":[0.123,0.0129]},"south":{"uv":[13.1145,6.316],"uv_size":[0.123,0.0129]}}},{"origin":[0.81771,7.375,0.07339],"size":[0.75,0.125,0.25],"uv":{"down":{"uv":[13.2238,5.9469],"uv_size":[-0.0738,-0.0259]},"east":{"uv":[13.6254,6.3423],"uv_size":[0.0246,0.0129]},"north":{"uv":[13.9762,6.3423],"uv_size":[0.0738,0.0129]},"south":{"uv":[13.1512,6.3423],"uv_size":[0.0738,0.0129]},"west":{"uv":[13.5504,6.3423],"uv_size":[0.0246,0.0129]}}},{"origin":[0.81771,7.5,-0.05161],"size":[0.75,0.125,0.125],"uv":{"down":{"uv":[13.2238,5.9603],"uv_size":[-0.0738,-0.0129]},"east":{"uv":[13.6502,6.3292],"uv_size":[0.0123,0.0129]},"north":{"uv":[13.9762,6.3292],"uv_size":[0.0738,0.0129]},"west":{"uv":[13.5377,6.3292],"uv_size":[0.0123,0.0129]}}},{"origin":[0.81771,7.5,0.32339],"size":[0.75,0.125,0.125],"uv":{"down":{"uv":[13.2238,5.9208],"uv_size":[-0.0738,-0.0129]},"east":{"uv":[13.6127,6.3292],"uv_size":[0.0123,0.0129]},"south":{"uv":[13.1512,6.3292],"uv_size":[0.0738,0.0129]},"west":{"uv":[13.5752,6.3292],"uv_size":[0.0123,0.0129]}}},{"origin":[0.81771,7.625,-0.17661],"size":[0.75,0.125,0.125],"uv":{"down":{"uv":[13.2238,5.9735],"uv_size":[-0.0738,-0.0129]},"east":{"uv":[13.6627,6.316],"uv_size":[0.0123,0.0129]},"north":{"uv":[13.9762,6.316],"uv_size":[0.0738,0.0129]},"west":{"uv":[13.5252,6.316],"uv_size":[0.0123,0.0129]}}},{"origin":[0.81771,7.625,0.44839],"size":[0.75,0.125,0.125],"uv":{"down":{"uv":[13.2238,5.9077],"uv_size":[-0.0738,-0.0129]},"east":{"uv":[13.6002,6.316],"uv_size":[0.0123,0.0129]},"south":{"uv":[13.1512,6.316],"uv_size":[0.0738,0.0129]},"west":{"uv":[13.5877,6.316],"uv_size":[0.0123,0.0129]}}},{"origin":[0.94271,7.25,0.07339],"size":[0.25,0.125,0.25],"uv":{"down":{"uv":[13.2121,5.9469],"uv_size":[-0.0246,-0.0259]},"east":{"uv":[13.6254,6.3555],"uv_size":[0.0246,0.0129]},"north":{"uv":[13.9879,6.3555],"uv_size":[0.0246,0.0129]},"south":{"uv":[13.1879,6.3555],"uv_size":[0.0246,0.0129]},"west":{"uv":[13.5504,6.3555],"uv_size":[0.0246,0.0129]}}},{"origin":[0.81771,7.375,-0.05161],"size":[0.375,0.125,0.125],"uv":{"down":{"uv":[13.2244,5.9603],"uv_size":[-0.0369,-0.0129]},"east":{"uv":[13.6502,6.3423],"uv_size":[0.0123,0.0129]},"north":{"uv":[13.9756,6.3423],"uv_size":[0.0369,0.0129]},"west":{"uv":[13.5377,6.3423],"uv_size":[0.0123,0.0129]}}},{"origin":[0.81771,7.375,0.32339],"size":[0.375,0.125,0.125],"uv":{"down":{"uv":[13.2244,5.9208],"uv_size":[-0.0369,-0.0129]},"east":{"uv":[13.6127,6.3423],"uv_size":[0.0123,0.0129]},"south":{"uv":[13.1881,6.3423],"uv_size":[0.0369,0.0129]},"west":{"uv":[13.5752,6.3423],"uv_size":[0.0123,0.0129]}}},{"origin":[0.94271,7.5,-0.17661],"size":[0.25,0.125,0.125],"uv":{"down":{"uv":[13.2121,5.9735],"uv_size":[-0.0246,-0.0129]},"east":{"uv":[13.6627,6.3292],"uv_size":[0.0123,0.0129]},"north":{"uv":[13.9879,6.3292],"uv_size":[0.0246,0.0129]},"west":{"uv":[13.5252,6.3292],"uv_size":[0.0123,0.0129]}}},{"origin":[0.94271,7.5,0.44839],"size":[0.25,0.125,0.125],"uv":{"down":{"uv":[13.2121,5.9077],"uv_size":[-0.0246,-0.0129]},"east":{"uv":[13.6002,6.3292],"uv_size":[0.0123,0.0129]},"south":{"uv":[13.1879,6.3292],"uv_size":[0.0246,0.0129]},"west":{"uv":[13.5877,6.3292],"uv_size":[0.0123,0.0129]}}},{"origin":[0.06771,9.125,0.07339],"size":[1,0.125,0.25],"uv":{"down":{"uv":[14.8984,9.3154],"uv_size":[-0.0984,-0.0259]},"east":{"uv":[15.2254,9.5265],"uv_size":[0.0246,0.0129]},"north":{"uv":[15.5016,9.5265],"uv_size":[0.0984,0.0129]},"south":{"uv":[14.8016,9.5265],"uv_size":[0.0984,0.0129]},"up":{"uv":[14.8984,9.2364],"uv_size":[-0.0984,-0.0259]},"west":{"uv":[15.1504,9.5265],"uv_size":[0.0246,0.0129]}}},{"origin":[0.06771,9.25,-0.05161],"size":[1,0.125,0.125],"uv":{"down":{"uv":[14.8984,9.3287],"uv_size":[-0.0984,-0.0129]},"east":{"uv":[15.2502,9.5134],"uv_size":[0.0123,0.0129]},"north":{"uv":[15.5016,9.5134],"uv_size":[0.0984,0.0129]},"south":{"uv":[14.8016,9.5134],"uv_size":[0.0984,0.0129]},"up":{"uv":[14.8984,9.2103],"uv_size":[-0.0984,-0.0129]},"west":{"uv":[15.1377,9.5134],"uv_size":[0.0123,0.0129]}}},{"origin":[0.06771,9.25,0.32339],"size":[1,0.125,0.125],"uv":{"down":{"uv":[14.8984,9.2893],"uv_size":[-0.0984,-0.0129]},"east":{"uv":[15.2127,9.5134],"uv_size":[0.0123,0.0129]},"north":{"uv":[15.5016,9.5134],"uv_size":[0.0984,0.0129]},"south":{"uv":[14.8016,9.5134],"uv_size":[0.0984,0.0129]},"up":{"uv":[14.8984,9.2498],"uv_size":[-0.0984,-0.0129]},"west":{"uv":[15.1752,9.5134],"uv_size":[0.0123,0.0129]}}},{"origin":[0.06771,9.375,-0.17661],"size":[1,0.25,0.125],"uv":{"down":{"uv":[14.8984,9.3419],"uv_size":[-0.0984,-0.0129]},"east":{"uv":[15.2627,9.4873],"uv_size":[0.0123,0.0259]},"north":{"uv":[15.5016,9.4873],"uv_size":[0.0984,0.0259]},"south":{"uv":[14.8016,9.4873],"uv_size":[0.0984,0.0259]},"up":{"uv":[14.8984,9.1972],"uv_size":[-0.0984,-0.0129]},"west":{"uv":[15.1252,9.4873],"uv_size":[0.0123,0.0259]}}},{"origin":[0.06771,9.375,0.44839],"size":[1,0.25,0.125],"uv":{"down":{"uv":[14.8984,9.2761],"uv_size":[-0.0984,-0.0129]},"east":{"uv":[15.2002,9.4873],"uv_size":[0.0123,0.0259]},"north":{"uv":[15.5016,9.4873],"uv_size":[0.0984,0.0259]},"south":{"uv":[14.8016,9.4873],"uv_size":[0.0984,0.0259]},"up":{"uv":[14.8984,9.2629],"uv_size":[-0.0984,-0.0129]},"west":{"uv":[15.1877,9.4873],"uv_size":[0.0123,0.0259]}}},{"origin":[0.06771,9.625,-0.05161],"size":[1,0.125,0.125],"uv":{"down":{"uv":[14.8984,9.3287],"uv_size":[-0.0984,-0.0129]},"east":{"uv":[15.2502,9.4739],"uv_size":[0.0123,0.0129]},"north":{"uv":[15.5016,9.4739],"uv_size":[0.0984,0.0129]},"south":{"uv":[14.8016,9.4739],"uv_size":[0.0984,0.0129]},"up":{"uv":[14.8984,9.2103],"uv_size":[-0.0984,-0.0129]},"west":{"uv":[15.1377,9.4739],"uv_size":[0.0123,0.0129]}}},{"origin":[0.06771,9.625,0.32339],"size":[1,0.125,0.125],"uv":{"down":{"uv":[14.8984,9.2893],"uv_size":[-0.0984,-0.0129]},"east":{"uv":[15.2127,9.4739],"uv_size":[0.0123,0.0129]},"north":{"uv":[15.5016,9.4739],"uv_size":[0.0984,0.0129]},"south":{"uv":[14.8016,9.4739],"uv_size":[0.0984,0.0129]},"up":{"uv":[14.8984,9.2498],"uv_size":[-0.0984,-0.0129]},"west":{"uv":[15.1752,9.4739],"uv_size":[0.0123,0.0129]}}},{"origin":[0.06771,9.75,0.07339],"size":[1,0.125,0.25],"uv":{"down":{"uv":[14.8984,9.3154],"uv_size":[-0.0984,-0.0259]},"east":{"uv":[15.2254,9.4607],"uv_size":[0.0246,0.0129]},"north":{"uv":[15.5016,9.4607],"uv_size":[0.0984,0.0129]},"south":{"uv":[14.8016,9.4607],"uv_size":[0.0984,0.0129]},"up":{"uv":[14.8984,9.2364],"uv_size":[-0.0984,-0.0259]},"west":{"uv":[15.1504,9.4607],"uv_size":[0.0246,0.0129]}}},{"origin":[0.81771,9.25,0.07339],"size":[0.125,0.5,0.25],"uv":{"north":{"uv":[15.5752,4.4219],"uv_size":[0.0123,0.0518]},"south":{"uv":[14.8127,4.4219],"uv_size":[0.0123,0.0518]},"west":{"uv":[15.1504,4.4219],"uv_size":[0.0246,0.0518]}}},{"origin":[0.81771,9.375,-0.05161],"size":[0.125,0.25,0.125],"uv":{"west":{"uv":[15.1377,4.4346],"uv_size":[0.0123,0.0259]}}},{"origin":[0.81771,9.375,0.32339],"size":[0.125,0.25,0.125],"uv":{"west":{"uv":[15.1752,4.4346],"uv_size":[0.0123,0.0259]}}},{"origin":[0.69271,7.625,0.07339],"size":[0.125,0.125,0.25],"uv":{"down":{"uv":[13.2373,5.9469],"uv_size":[-0.0123,-0.0259]},"east":{"uv":[13.6254,6.316],"uv_size":[0.0246,0.0129]}}},{"origin":[0.69271,7.875,-0.17661],"size":[0.125,0.5,0.125],"uv":{"down":{"uv":[13.2373,5.9735],"uv_size":[-0.0123,-0.0129]},"east":{"uv":[13.6627,6.2508],"uv_size":[0.0123,0.0518]},"north":{"uv":[13.9627,6.2508],"uv_size":[0.0123,0.0518]},"up":{"uv":[13.2373,5.8287],"uv_size":[-0.0123,-0.0129]},"west":{"uv":[13.5252,6.2508],"uv_size":[0.0123,0.0518]}}},{"origin":[0.69271,7.875,0.44839],"size":[0.125,0.5,0.125],"uv":{"down":{"uv":[13.2373,5.9077],"uv_size":[-0.0123,-0.0129]},"east":{"uv":[13.6002,6.2508],"uv_size":[0.0123,0.0518]},"south":{"uv":[13.2252,6.2508],"uv_size":[0.0123,0.0518]},"up":{"uv":[13.2373,5.8945],"uv_size":[-0.0123,-0.0129]},"west":{"uv":[13.5877,6.2508],"uv_size":[0.0123,0.0518]}}},{"origin":[-5.18229,8.375,-0.05161],"size":[6,0.125,0.5],"uv":{"down":{"uv":[13.8154,5.9597],"uv_size":[-0.5904,-0.0518]},"east":{"uv":[13.6133,6.2371],"uv_size":[0.0492,0.0129]},"north":{"uv":[13.3846,6.2371],"uv_size":[0.5904,0.0129]},"south":{"uv":[13.2346,6.2371],"uv_size":[0.5904,0.0129]},"up":{"uv":[13.8154,5.8807],"uv_size":[-0.5904,-0.0518]},"west":{"uv":[13.5383,6.2371],"uv_size":[0.0492,0.0129]}}},{"origin":[-4.30729,9.25,0.07339],"size":[5.125,0.5,0.25],"uv":{"down":{"uv":[15.3293,9.3154],"uv_size":[-0.5043,-0.0259]},"north":{"uv":[15.0707,9.4745],"uv_size":[0.5043,0.0518]},"south":{"uv":[14.8332,9.4745],"uv_size":[0.5043,0.0518]},"up":{"uv":[15.3293,9.2364],"uv_size":[-0.5043,-0.0259]}}},{"origin":[-4.30729,9.375,-0.05161],"size":[5.125,0.25,0.125],"uv":{"down":{"uv":[15.3293,9.3287],"uv_size":[-0.5043,-0.0129]},"north":{"uv":[15.0707,9.4873],"uv_size":[0.5043,0.0259]},"up":{"uv":[15.3293,9.2103],"uv_size":[-0.5043,-0.0129]}}},{"origin":[-4.30729,9.375,0.32339],"size":[5.125,0.25,0.125],"uv":{"down":{"uv":[15.3293,9.2893],"uv_size":[-0.5043,-0.0129]},"south":{"uv":[14.8332,9.4873],"uv_size":[0.5043,0.0259]},"up":{"uv":[15.3293,9.2498],"uv_size":[-0.5043,-0.0129]}}},{"origin":[0.56771,7.875,-0.05161],"size":[0.125,0.5,0.5],"uv":{"down":{"uv":[13.2498,5.9597],"uv_size":[-0.0123,-0.0518]},"east":{"uv":[13.6133,6.2508],"uv_size":[0.0492,0.0518]},"north":{"uv":[13.9502,6.2508],"uv_size":[0.0123,0.0518]},"south":{"uv":[13.2377,6.2508],"uv_size":[0.0123,0.0518]}}},{"origin":[0.56771,8,-0.17661],"size":[0.125,0.375,0.125],"uv":{"down":{"uv":[13.2498,5.9735],"uv_size":[-0.0123,-0.0129]},"east":{"uv":[13.6627,6.2506],"uv_size":[0.0123,0.0388]},"north":{"uv":[13.9502,6.2506],"uv_size":[0.0123,0.0388]},"up":{"uv":[13.2498,5.8287],"uv_size":[-0.0123,-0.0129]}}},{"origin":[0.56771,8,0.44839],"size":[0.125,0.375,0.125],"uv":{"down":{"uv":[13.2498,5.9077],"uv_size":[-0.0123,-0.0129]},"east":{"uv":[13.6002,6.2506],"uv_size":[0.0123,0.0388]},"south":{"uv":[13.2377,6.2506],"uv_size":[0.0123,0.0388]},"up":{"uv":[13.2498,5.8945],"uv_size":[-0.0123,-0.0129]}}},{"origin":[-1.68229,8,-0.05161],"size":[2.25,0.375,0.5],"uv":{"down":{"uv":[13.4714,5.9597],"uv_size":[-0.2214,-0.0518]},"east":{"uv":[13.6133,6.2506],"uv_size":[0.0492,0.0388]},"north":{"uv":[13.7286,6.2506],"uv_size":[0.2214,0.0388]},"south":{"uv":[13.2536,6.2506],"uv_size":[0.2214,0.0388]}}},{"origin":[-1.68229,8.125,-0.17661],"size":[2.25,0.375,0.125],"uv":{"down":{"uv":[13.4714,5.9735],"uv_size":[-0.2214,-0.0129]},"east":{"uv":[13.6627,6.2375],"uv_size":[0.0123,0.0388]},"north":{"uv":[13.7286,6.2375],"uv_size":[0.2214,0.0388]},"south":{"uv":[13.2536,6.2375],"uv_size":[0.2214,0.0388]},"up":{"uv":[13.4714,5.8287],"uv_size":[-0.2214,-0.0129]},"west":{"uv":[13.5252,6.2375],"uv_size":[0.0123,0.0388]}}},{"origin":[-1.68229,8.125,0.44839],"size":[2.25,0.25,0.125],"uv":{"down":{"uv":[13.4714,5.9077],"uv_size":[-0.2214,-0.0129]},"east":{"uv":[13.6002,6.2504],"uv_size":[0.0123,0.0259]},"south":{"uv":[13.2536,6.2504],"uv_size":[0.2214,0.0259]},"up":{"uv":[13.4714,5.8945],"uv_size":[-0.2214,-0.0129]}}},{"origin":[-5.18229,8.375,0.44839],"size":[5.625,0.125,0.125],"uv":{"down":{"uv":[13.816,5.9077],"uv_size":[-0.5535,-0.0129]},"east":{"uv":[13.6002,6.2371],"uv_size":[0.0123,0.0129]},"south":{"uv":[13.2715,6.2371],"uv_size":[0.5535,0.0129]},"up":{"uv":[13.816,5.8945],"uv_size":[-0.5535,-0.0129]},"west":{"uv":[13.5877,6.2371],"uv_size":[0.0123,0.0129]}}},{"origin":[-5.18229,8.5,-0.05161],"size":[5.625,0.125,0.5],"uv":{"east":{"uv":[13.6133,6.2239],"uv_size":[0.0492,0.0129]},"north":{"uv":[13.384,6.2239],"uv_size":[0.5535,0.0129]},"south":{"uv":[13.2715,6.2239],"uv_size":[0.5535,0.0129]},"up":{"uv":[13.816,5.8807],"uv_size":[-0.5535,-0.0518]},"west":{"uv":[13.5383,6.2239],"uv_size":[0.0492,0.0129]}}},{"origin":[0.06771,7.625,0.07339],"size":[0.125,0.375,0.25],"uv":{"down":{"uv":[14.8998,9.3154],"uv_size":[-0.0123,-0.0259]},"east":{"uv":[15.2254,9.6585],"uv_size":[0.0246,0.0388]},"north":{"uv":[15.5002,9.6585],"uv_size":[0.0123,0.0388]},"south":{"uv":[14.8877,9.6585],"uv_size":[0.0123,0.0388]},"west":{"uv":[15.1504,9.6585],"uv_size":[0.0246,0.0388]}}},{"origin":[-5.18229,8.5,-0.17661],"size":[5.375,0.125,0.125],"uv":{"down":{"uv":[13.8164,5.9735],"uv_size":[-0.5289,-0.0129]},"east":{"uv":[13.6627,6.2239],"uv_size":[0.0123,0.0129]},"north":{"uv":[13.3836,6.2239],"uv_size":[0.5289,0.0129]},"up":{"uv":[13.8164,5.8287],"uv_size":[-0.5289,-0.0129]},"west":{"uv":[13.5252,6.2239],"uv_size":[0.0123,0.0129]}}},{"origin":[-5.18229,8.5,0.44839],"size":[5.375,0.125,0.125],"uv":{"east":{"uv":[13.6002,6.2239],"uv_size":[0.0123,0.0129]},"south":{"uv":[13.2961,6.2239],"uv_size":[0.5289,0.0129]},"up":{"uv":[13.8164,5.8945],"uv_size":[-0.5289,-0.0129]},"west":{"uv":[13.5877,6.2239],"uv_size":[0.0123,0.0129]}}},{"origin":[-5.18229,8.625,-0.05161],"size":[5.375,0.125,0.125],"uv":{"north":{"uv":[13.3836,6.2107],"uv_size":[0.5289,0.0129]},"south":{"uv":[13.2961,6.2107],"uv_size":[0.5289,0.0129]},"up":{"uv":[13.8164,5.8419],"uv_size":[-0.5289,-0.0129]},"west":{"uv":[13.5377,6.2107],"uv_size":[0.0123,0.0129]}}},{"origin":[-0.80729,8.625,0.07339],"size":[1,0.125,0.375],"uv":{"south":{"uv":[13.2891,6.2107],"uv_size":[0.0984,0.0129]},"up":{"uv":[13.3859,5.8809],"uv_size":[-0.0984,-0.0388]},"west":{"uv":[13.5506,6.2107],"uv_size":[0.0369,0.0129]}}},{"origin":[-0.18229,8.75,0.07339],"size":[0.375,0.25,0.25],"uv":{"east":{"uv":[15.2254,9.5531],"uv_size":[0.0246,0.0259]},"north":{"uv":[15.4756,9.5531],"uv_size":[0.0369,0.0259]},"south":{"uv":[14.8881,9.5531],"uv_size":[0.0369,0.0259]},"up":{"uv":[14.9244,9.2364],"uv_size":[-0.0369,-0.0259]},"west":{"uv":[15.1504,9.5531],"uv_size":[0.0246,0.0259]}}},{"origin":[-0.43229,7.5,0.07339],"size":[0.5,0.125,0.25],"uv":{"down":{"uv":[14.9492,9.3154],"uv_size":[-0.0492,-0.0259]},"east":{"uv":[15.2254,9.6976],"uv_size":[0.0246,0.0129]},"north":{"uv":[15.4508,9.6976],"uv_size":[0.0492,0.0129]},"south":{"uv":[14.9008,9.6976],"uv_size":[0.0492,0.0129]},"up":{"uv":[14.9492,9.2364],"uv_size":[-0.0492,-0.0259]},"west":{"uv":[15.1504,9.6976],"uv_size":[0.0246,0.0129]}}},{"origin":[-0.18229,7.875,0.07339],"size":[0.125,0.125,0.25],"uv":{"down":{"uv":[14.9248,9.3154],"uv_size":[-0.0123,-0.0259]},"east":{"uv":[15.2254,9.6581],"uv_size":[0.0246,0.0129]},"north":{"uv":[15.4752,9.6581],"uv_size":[0.0123,0.0129]},"south":{"uv":[14.9127,9.6581],"uv_size":[0.0123,0.0129]},"west":{"uv":[15.1504,9.6581],"uv_size":[0.0246,0.0129]}}},{"origin":[-0.30729,8.125,0.82339],"size":[0.25,0.25,0.25],"uv":{"down":{"uv":[14.9371,9.2364],"uv_size":[-0.0246,-0.0259]},"east":{"uv":[15.1504,9.6188],"uv_size":[0.0246,0.0259]},"north":{"uv":[15.4629,9.6188],"uv_size":[0.0246,0.0259]},"south":{"uv":[14.9129,9.6188],"uv_size":[0.0246,0.0259]},"up":{"uv":[14.9371,9.3154],"uv_size":[-0.0246,-0.0259]},"west":{"uv":[15.2254,9.6188],"uv_size":[0.0246,0.0259]}}},{"origin":[-0.30729,8.375,0.69839],"size":[0.25,0.25,0.125],"uv":{"down":{"uv":[14.9371,9.2498],"uv_size":[-0.0246,-0.0129]},"east":{"uv":[15.1752,9.5925],"uv_size":[0.0123,0.0259]},"north":{"uv":[15.4629,9.5925],"uv_size":[0.0246,0.0259]},"south":{"uv":[14.9129,9.5925],"uv_size":[0.0246,0.0259]},"up":{"uv":[14.9371,9.2893],"uv_size":[-0.0246,-0.0129]},"west":{"uv":[15.2127,9.5925],"uv_size":[0.0123,0.0259]}}},{"origin":[-0.80729,8.625,0.44839],"size":[0.75,0.125,0.125],"uv":{"east":{"uv":[13.6002,6.2107],"uv_size":[0.0123,0.0129]},"south":{"uv":[13.3137,6.2107],"uv_size":[0.0738,0.0129]},"up":{"uv":[13.3863,5.8945],"uv_size":[-0.0738,-0.0129]},"west":{"uv":[13.5877,6.2107],"uv_size":[0.0123,0.0129]}}},{"origin":[-0.18229,8.75,0.32339],"size":[0.125,0.25,0.25],"uv":{"down":{"uv":[14.9248,9.2891],"uv_size":[-0.0123,-0.0259]},"east":{"uv":[15.2004,9.5531],"uv_size":[0.0246,0.0259]},"south":{"uv":[14.9127,9.5531],"uv_size":[0.0123,0.0259]},"up":{"uv":[14.9248,9.2627],"uv_size":[-0.0123,-0.0259]},"west":{"uv":[15.1754,9.5531],"uv_size":[0.0246,0.0259]}}},{"origin":[-0.30729,8.875,0.57339],"size":[0.25,0.125,0.25],"uv":{"down":{"uv":[14.9371,9.2627],"uv_size":[-0.0246,-0.0259]},"east":{"uv":[15.1754,9.5528],"uv_size":[0.0246,0.0129]},"north":{"uv":[15.4629,9.5528],"uv_size":[0.0246,0.0129]},"south":{"uv":[14.9129,9.5528],"uv_size":[0.0246,0.0129]},"up":{"uv":[14.9371,9.2891],"uv_size":[-0.0246,-0.0259]},"west":{"uv":[15.2004,9.5528],"uv_size":[0.0246,0.0129]}}},{"origin":[-0.30729,7.75,0.07339],"size":[0.125,0.125,0.25],"uv":{"down":{"uv":[14.9373,9.3154],"uv_size":[-0.0123,-0.0259]},"east":{"uv":[15.2254,9.6713],"uv_size":[0.0246,0.0129]},"north":{"uv":[15.4627,9.6713],"uv_size":[0.0123,0.0129]},"south":{"uv":[14.9252,9.6713],"uv_size":[0.0123,0.0129]},"up":{"uv":[14.9373,9.2364],"uv_size":[-0.0123,-0.0259]},"west":{"uv":[15.1504,9.6713],"uv_size":[0.0246,0.0129]}}},{"origin":[-5.18229,8.625,-0.17661],"size":[5,0.125,0.125],"uv":{"east":{"uv":[13.6627,6.2107],"uv_size":[0.0123,0.0129]},"north":{"uv":[13.383,6.2107],"uv_size":[0.492,0.0129]},"up":{"uv":[13.817,5.8287],"uv_size":[-0.492,-0.0129]},"west":{"uv":[13.5252,6.2107],"uv_size":[0.0123,0.0129]}}},{"origin":[-0.43229,8.625,0.69839],"size":[0.25,0.25,0.125],"uv":{"down":{"uv":[14.9496,9.2498],"uv_size":[-0.0246,-0.0129]},"east":{"uv":[15.1752,9.5662],"uv_size":[0.0123,0.0259]},"north":{"uv":[15.4504,9.5662],"uv_size":[0.0246,0.0259]},"south":{"uv":[14.9254,9.5662],"uv_size":[0.0246,0.0259]},"up":{"uv":[14.9496,9.2893],"uv_size":[-0.0246,-0.0129]},"west":{"uv":[15.2127,9.5662],"uv_size":[0.0123,0.0259]}}},{"origin":[-5.18229,8.75,-0.05161],"size":[5,0.125,0.25],"uv":{"down":{"uv":[13.817,5.9601],"uv_size":[-0.492,-0.0259]},"east":{"uv":[13.6379,6.1976],"uv_size":[0.0246,0.0129]},"north":{"uv":[13.383,6.1976],"uv_size":[0.492,0.0129]},"south":{"uv":[13.333,6.1976],"uv_size":[0.492,0.0129]},"up":{"uv":[13.817,5.8548],"uv_size":[-0.492,-0.0259]},"west":{"uv":[13.5379,6.1976],"uv_size":[0.0246,0.0129]}}},{"origin":[-0.80729,8.75,0.19839],"size":[0.625,0.125,0.25],"uv":{"east":{"uv":[13.6129,6.1976],"uv_size":[0.0246,0.0129]},"south":{"uv":[13.326,6.1976],"uv_size":[0.0615,0.0129]},"up":{"uv":[13.3865,5.8812],"uv_size":[-0.0615,-0.0259]},"west":{"uv":[13.5629,6.1976],"uv_size":[0.0246,0.0129]}}},{"origin":[-9.80729,8.875,0.07339],"size":[9.625,0.125,0.25],"uv":{"down":{"uv":[15.8721,9.3154],"uv_size":[-0.9471,-0.0259]},"east":{"uv":[15.2254,9.5528],"uv_size":[0.0246,0.0129]},"north":{"uv":[14.5279,9.5528],"uv_size":[0.9471,0.0129]},"south":{"uv":[14.9404,9.5528],"uv_size":[0.9471,0.0129]},"up":{"uv":[15.8721,9.2364],"uv_size":[-0.9471,-0.0259]}}},{"origin":[-0.30729,8.875,0.32339],"size":[0.125,0.125,0.25],"uv":{"down":{"uv":[14.9373,9.2891],"uv_size":[-0.0123,-0.0259]},"east":{"uv":[15.2004,9.5528],"uv_size":[0.0246,0.0129]},"up":{"uv":[14.9373,9.2627],"uv_size":[-0.0123,-0.0259]}}},{"origin":[-0.55729,7.625,0.07339],"size":[0.125,0.375,0.25],"uv":{"down":{"uv":[14.9623,9.3154],"uv_size":[-0.0123,-0.0259]},"east":{"uv":[15.2254,9.6585],"uv_size":[0.0246,0.0388]},"north":{"uv":[15.4377,9.6585],"uv_size":[0.0123,0.0388]},"south":{"uv":[14.9502,9.6585],"uv_size":[0.0123,0.0388]},"west":{"uv":[15.1504,9.6585],"uv_size":[0.0246,0.0388]}}},{"origin":[-2.18229,9,0.07339],"size":[1.625,0.125,0.25],"uv":{"east":{"uv":[15.2254,9.5397],"uv_size":[0.0246,0.0129]},"north":{"uv":[15.2776,9.5397],"uv_size":[0.1599,0.0129]},"south":{"uv":[14.9651,9.5397],"uv_size":[0.1599,0.0129]},"up":{"uv":[15.1224,9.2364],"uv_size":[-0.1599,-0.0259]},"west":{"uv":[15.1504,9.5397],"uv_size":[0.0246,0.0129]}}},{"origin":[-0.80729,9.125,0.07339],"size":[0.125,0.125,0.25],"uv":{"east":{"uv":[15.2254,9.5265],"uv_size":[0.0246,0.0129]},"north":{"uv":[15.4127,9.5265],"uv_size":[0.0123,0.0129]},"south":{"uv":[14.9752,9.5265],"uv_size":[0.0123,0.0129]},"west":{"uv":[15.1504,9.5265],"uv_size":[0.0246,0.0129]}}},{"origin":[-1.68229,8.625,0.07339],"size":[0.875,0.125,0.375],"uv":{"east":{"uv":[13.6131,14.6318],"uv_size":[0.0369,0.0129]},"south":{"uv":[13.3889,14.6318],"uv_size":[0.0861,0.0129]},"up":{"uv":[13.4736,14.302],"uv_size":[-0.0861,-0.0388]}}},{"origin":[-1.68229,8.75,0.19839],"size":[0.875,0.125,0.125],"uv":{"south":{"uv":[13.3889,14.6186],"uv_size":[0.0861,0.0129]}}},{"origin":[-1.18229,9.75,0.07339],"size":[0.25,0.25,0.25],"uv":{"east":{"uv":[15.2254,9.4478],"uv_size":[0.0246,0.0259]},"north":{"uv":[15.3754,9.4478],"uv_size":[0.0246,0.0259]},"south":{"uv":[15.0004,9.4478],"uv_size":[0.0246,0.0259]},"up":{"uv":[15.0246,9.2364],"uv_size":[-0.0246,-0.0259]},"west":{"uv":[15.1504,9.4478],"uv_size":[0.0246,0.0259]}}},{"origin":[-3.18229,8.125,-0.05161],"size":[1.5,0.25,0.5],"uv":{"down":{"uv":[13.6226,5.9597],"uv_size":[-0.1476,-0.0518]},"east":{"uv":[13.6133,6.2504],"uv_size":[0.0492,0.0259]},"north":{"uv":[13.5774,6.2504],"uv_size":[0.1476,0.0259]},"south":{"uv":[13.4774,6.2504],"uv_size":[0.1476,0.0259]}}},{"origin":[-3.18229,8.25,-0.17661],"size":[1.5,0.25,0.125],"uv":{"down":{"uv":[13.6226,5.9735],"uv_size":[-0.1476,-0.0129]},"east":{"uv":[13.6627,6.2373],"uv_size":[0.0123,0.0259]},"north":{"uv":[13.5774,6.2373],"uv_size":[0.1476,0.0259]},"south":{"uv":[13.4774,6.2373],"uv_size":[0.1476,0.0259]}}},{"origin":[-3.18229,8.25,0.44839],"size":[1.5,0.125,0.125],"uv":{"down":{"uv":[13.6226,5.9077],"uv_size":[-0.1476,-0.0129]},"east":{"uv":[13.6002,6.2502],"uv_size":[0.0123,0.0129]},"south":{"uv":[13.4774,6.2502],"uv_size":[0.1476,0.0129]}}},{"origin":[-9.55729,8.625,0.07339],"size":[7.875,0.125,0.25],"uv":{"down":{"uv":[14.2499,5.9469],"uv_size":[-0.7749,-0.0259]},"north":{"uv":[12.9501,6.2107],"uv_size":[0.7749,0.0129]},"south":{"uv":[13.4876,6.2107],"uv_size":[0.7749,0.0129]},"up":{"uv":[14.2499,5.868],"uv_size":[-0.7749,-0.0259]}}},{"origin":[-5.18229,8.625,0.32339],"size":[3.5,0.25,0.125],"uv":{"north":{"uv":[13.3806,6.1978],"uv_size":[0.3444,0.0259]},"south":{"uv":[13.4806,6.1978],"uv_size":[0.3444,0.0259]},"up":{"uv":[13.8194,5.8814],"uv_size":[-0.3444,-0.0129]},"west":{"uv":[13.5752,6.1978],"uv_size":[0.0123,0.0259]}}},{"origin":[-5.18229,8.625,0.44839],"size":[3.5,0.125,0.125],"uv":{"east":{"uv":[13.6002,6.2107],"uv_size":[0.0123,0.0129]},"south":{"uv":[13.4806,6.2107],"uv_size":[0.3444,0.0129]},"up":{"uv":[13.8194,5.8945],"uv_size":[-0.3444,-0.0129]},"west":{"uv":[13.5877,6.2107],"uv_size":[0.0123,0.0129]}}},{"origin":[-2.05729,9.125,0.07339],"size":[0.125,0.125,0.25],"uv":{"east":{"uv":[15.2254,9.5265],"uv_size":[0.0246,0.0129]},"north":{"uv":[15.2877,9.5265],"uv_size":[0.0123,0.0129]},"south":{"uv":[15.1002,9.5265],"uv_size":[0.0123,0.0129]},"west":{"uv":[15.1504,9.5265],"uv_size":[0.0246,0.0129]}}},{"origin":[-4.55729,9.125,0.07339],"size":[2,0.125,0.25],"uv":{"down":{"uv":[15.3593,9.3154],"uv_size":[-0.1968,-0.0259]},"east":{"uv":[15.2254,9.5265],"uv_size":[0.0246,0.0129]},"north":{"uv":[15.0407,9.5265],"uv_size":[0.1968,0.0129]},"south":{"uv":[15.1657,9.5265],"uv_size":[0.1968,0.0129]},"up":{"uv":[15.3593,9.2364],"uv_size":[-0.1968,-0.0259]},"west":{"uv":[15.1504,9.5265],"uv_size":[0.0246,0.0129]}}},{"origin":[-4.55729,9.25,-0.05161],"size":[2,0.125,0.125],"uv":{"down":{"uv":[15.3593,9.3287],"uv_size":[-0.1968,-0.0129]},"east":{"uv":[15.2502,9.5134],"uv_size":[0.0123,0.0129]},"north":{"uv":[15.0407,9.5134],"uv_size":[0.1968,0.0129]},"south":{"uv":[15.1657,9.5134],"uv_size":[0.1968,0.0129]},"up":{"uv":[15.3593,9.2103],"uv_size":[-0.1968,-0.0129]},"west":{"uv":[15.1377,9.5134],"uv_size":[0.0123,0.0129]}}},{"origin":[-4.55729,9.25,0.32339],"size":[2,0.125,0.125],"uv":{"down":{"uv":[15.3593,9.2893],"uv_size":[-0.1968,-0.0129]},"east":{"uv":[15.2127,9.5134],"uv_size":[0.0123,0.0129]},"north":{"uv":[15.0407,9.5134],"uv_size":[0.1968,0.0129]},"south":{"uv":[15.1657,9.5134],"uv_size":[0.1968,0.0129]},"up":{"uv":[15.3593,9.2498],"uv_size":[-0.1968,-0.0129]},"west":{"uv":[15.1752,9.5134],"uv_size":[0.0123,0.0129]}}},{"origin":[-4.55729,9.375,-0.17661],"size":[2,0.25,0.125],"uv":{"down":{"uv":[15.3593,9.3419],"uv_size":[-0.1968,-0.0129]},"east":{"uv":[15.2627,9.4873],"uv_size":[0.0123,0.0259]},"north":{"uv":[15.0407,9.4873],"uv_size":[0.1968,0.0259]},"south":{"uv":[15.1657,9.4873],"uv_size":[0.1968,0.0259]},"up":{"uv":[15.3593,9.1972],"uv_size":[-0.1968,-0.0129]},"west":{"uv":[15.1252,9.4873],"uv_size":[0.0123,0.0259]}}},{"origin":[-4.55729,9.375,0.44839],"size":[2,0.25,0.125],"uv":{"down":{"uv":[15.3593,9.2761],"uv_size":[-0.1968,-0.0129]},"east":{"uv":[15.2002,9.4873],"uv_size":[0.0123,0.0259]},"north":{"uv":[15.0407,9.4873],"uv_size":[0.1968,0.0259]},"south":{"uv":[15.1657,9.4873],"uv_size":[0.1968,0.0259]},"up":{"uv":[15.3593,9.2629],"uv_size":[-0.1968,-0.0129]},"west":{"uv":[15.1877,9.4873],"uv_size":[0.0123,0.0259]}}},{"origin":[-4.55729,9.625,-0.05161],"size":[2,0.125,0.125],"uv":{"down":{"uv":[15.3593,9.3287],"uv_size":[-0.1968,-0.0129]},"east":{"uv":[15.2502,9.4739],"uv_size":[0.0123,0.0129]},"north":{"uv":[15.0407,9.4739],"uv_size":[0.1968,0.0129]},"south":{"uv":[15.1657,9.4739],"uv_size":[0.1968,0.0129]},"up":{"uv":[15.3593,9.2103],"uv_size":[-0.1968,-0.0129]},"west":{"uv":[15.1377,9.4739],"uv_size":[0.0123,0.0129]}}},{"origin":[-4.55729,9.625,0.32339],"size":[2,0.125,0.125],"uv":{"down":{"uv":[15.3593,9.2893],"uv_size":[-0.1968,-0.0129]},"east":{"uv":[15.2127,9.4739],"uv_size":[0.0123,0.0129]},"north":{"uv":[15.0407,9.4739],"uv_size":[0.1968,0.0129]},"south":{"uv":[15.1657,9.4739],"uv_size":[0.1968,0.0129]},"up":{"uv":[15.3593,9.2498],"uv_size":[-0.1968,-0.0129]},"west":{"uv":[15.1752,9.4739],"uv_size":[0.0123,0.0129]}}},{"origin":[-4.55729,9.75,0.07339],"size":[2,0.125,0.25],"uv":{"down":{"uv":[15.3593,9.3154],"uv_size":[-0.1968,-0.0259]},"east":{"uv":[15.2254,9.4607],"uv_size":[0.0246,0.0129]},"north":{"uv":[15.0407,9.4607],"uv_size":[0.1968,0.0129]},"south":{"uv":[15.1657,9.4607],"uv_size":[0.1968,0.0129]},"up":{"uv":[15.3593,9.2364],"uv_size":[-0.1968,-0.0259]},"west":{"uv":[15.1504,9.4607],"uv_size":[0.0246,0.0129]}}},{"origin":[-5.05729,8.25,-0.05161],"size":[1.875,0.125,0.5],"uv":{"down":{"uv":[13.8095,5.9597],"uv_size":[-0.1845,-0.0518]},"east":{"uv":[13.6133,6.2502],"uv_size":[0.0492,0.0129]},"north":{"uv":[13.3905,6.2502],"uv_size":[0.1845,0.0129]},"south":{"uv":[13.628,6.2502],"uv_size":[0.1845,0.0129]}}},{"origin":[-5.18229,8.375,-0.17661],"size":[2,0.125,0.125],"uv":{"down":{"uv":[13.8218,5.9735],"uv_size":[-0.1968,-0.0129]},"east":{"uv":[13.6627,6.2371],"uv_size":[0.0123,0.0129]},"north":{"uv":[13.3782,6.2371],"uv_size":[0.1968,0.0129]}}},{"origin":[-4.43229,9.25,0.07339],"size":[0.125,0.5,0.25],"uv":{"east":{"uv":[15.2254,4.4219],"uv_size":[0.0246,0.0518]},"north":{"uv":[15.0502,4.4219],"uv_size":[0.0123,0.0518]},"south":{"uv":[15.3377,4.4219],"uv_size":[0.0123,0.0518]}}},{"origin":[-4.43229,9.375,-0.05161],"size":[0.125,0.25,0.125],"uv":{"east":{"uv":[15.2502,4.4346],"uv_size":[0.0123,0.0259]}}},{"origin":[-4.43229,9.375,0.32339],"size":[0.125,0.25,0.125],"uv":{"east":{"uv":[15.2127,4.4346],"uv_size":[0.0123,0.0259]}}},{"origin":[-9.80729,8.5,0.07339],"size":[4.625,0.125,0.25],"uv":{"down":{"uv":[15.8801,9.3154],"uv_size":[-0.4551,-0.0259]},"east":{"uv":[15.2254,9.5923],"uv_size":[0.0246,0.0129]},"north":{"uv":[14.5199,9.5923],"uv_size":[0.4551,0.0129]},"south":{"uv":[15.4324,9.5923],"uv_size":[0.4551,0.0129]},"up":{"uv":[15.8801,9.2364],"uv_size":[-0.4551,-0.0259]}}},{"origin":[-9.80729,8.625,-0.05161],"size":[4.625,0.25,0.125],"uv":{"down":{"uv":[15.8801,9.3287],"uv_size":[-0.4551,-0.0129]},"east":{"uv":[15.2502,9.5662],"uv_size":[0.0123,0.0259]},"north":{"uv":[14.5199,9.5662],"uv_size":[0.4551,0.0259]},"south":{"uv":[15.4324,9.5662],"uv_size":[0.4551,0.0259]},"up":{"uv":[15.8801,9.2103],"uv_size":[-0.4551,-0.0129]},"west":{"uv":[15.1377,9.5662],"uv_size":[0.0123,0.0259]}}},{"origin":[-9.80729,8.625,0.32339],"size":[4.625,0.25,0.125],"uv":{"down":{"uv":[15.8801,9.2893],"uv_size":[-0.4551,-0.0129]},"east":{"uv":[15.2127,9.5662],"uv_size":[0.0123,0.0259]},"north":{"uv":[14.5199,9.5662],"uv_size":[0.4551,0.0259]},"south":{"uv":[15.4324,9.5662],"uv_size":[0.4551,0.0259]},"up":{"uv":[15.8801,9.2498],"uv_size":[-0.4551,-0.0129]}}},{"origin":[-9.55729,8.75,0.07339],"size":[4.375,0.125,0.25],"uv":{"west":{"uv":[15.1504,9.566],"uv_size":[0.0246,0.0129]}}},{"origin":[-9.68229,8.625,0.07339],"size":[0.125,0.25,0.25],"uv":{"east":{"uv":[15.2254,4.5136],"uv_size":[0.0246,0.0259]},"west":{"uv":[15.1504,4.5136],"uv_size":[0.0246,0.0259]}}}],"name":"geyser_custom_z","parent":"geyser_custom_y","pivot":[-0.0232,8.30871,0.22159],"rotation":[0,-90,0]}],"description":{"identifier":"geometry.geyser_custom.geo_ac2e90c","texture_height":16,"texture_width":16,"visible_bounds_height":4.5,"visible_bounds_offset":[0,0.75,0],"visible_bounds_width":4}}]}