{
  "format_version": "1.8.0",
  "minecraft:client_entity": {
    "description": {
      "animation_controllers": [
        {
          "general": "controller.animation.generic.single"
        }
      ],
      "animations": {
        "default": "animation.parkourcroc.chase"
      },
      "geometry": {
        "default": "geometry.cubecraft.minerware.parkourcroc"
      },
      "identifier": "cubecraft:minerware.parkourcroc",
      "materials": {
        "default": "entity_alphatest"
      },
      "render_controllers": [
        "controller.render.agent"
      ],
      "scripts": {
        "scale": "1"
      },
      "textures": {
        "default": "textures/entity/minerware/parkourcroc_texture"
      }
    }
  }
}