{
  "format_version": "1.8.0",
  "minecraft:client_entity": {
    "description": {
      "animation_controllers": [
        {
          "general": "controller.animation.minerware.bouncepad"
        }
      ],
      "animations": {
        "idle": "animation.bouncepad.off",
        "launch": "animation.bouncepad.launch"
      },
      "geometry": {
        "default": "geometry.cubecraft.minerware.bigbouncepad"
      },
      "identifier": "cubecraft:minerware.bigbouncepad",
      "materials": {
        "default": "entity_alphatest"
      },
      "render_controllers": [
        "controller.render.agent"
      ],
      "scripts": {
        "scale": "1"
      },
      "textures": {
        "default": "textures/entity/minerware/bigbouncepad.texture"
      }
    }
  }
}