{
  "format_version": "1.8.0",
  "minecraft:client_entity": {
    "description": {
      "animation_controllers": [
        {
          "general": "controller.animation.minerware.bigcat"
        }
      ],
      "animations": {
        "idle": "animation.bigcat.idle",
        "popup": "animation.bigcat.popup"
      },
      "geometry": {
        "default": "geometry.cubecraft.minerware.bigcat"
      },
      "identifier": "cubecraft:minerware.bigcat",
      "materials": {
        "default": "entity_alphatest"
      },
      "render_controllers": [
        "controller.render.agent"
      ],
      "scripts": {
        "scale": "1"
      },
      "textures": {
        "default": "textures/entity/minerware/bigcat.texture"
      }
    }
  }
}