{
  "format_version": "1.8.0",
  "minecraft:client_entity": {
    "description": {
      "animation_controllers": [
        {
          "general": "controller.animation.generic.walk"
        }
      ],
      "animations": {
        "default": "animation.giantpig.run"
      },
      "geometry": {
        "default": "geometry.cubecraft.minerware.giantpig"
      },
      "identifier": "cubecraft:minerware.giantpig",
      "materials": {
        "default": "entity_alphatest"
      },
      "render_controllers": [
        "controller.render.agent"
      ],
      "scripts": {
        "scale": "1"
      },
      "textures": {
        "default": "textures/entity/minerware/giantpig.texture"
      }
    }
  }
}