{
  "format_version": "1.8.0",
  "minecraft:client_entity": {
    "description": {
      "animation_controllers": [
        {
          "general": "controller.animation.generic.single"
        }
      ],
      "animations": {
        "default": "animation.crosstheroad.car.drive"
      },
      "geometry": {
        "default": "geometry.cubecraft.minerware.crosstheroad.car"
      },
      "identifier": "cubecraft:minerware.car",
      "materials": {
        "default": "entity_alphatest"
      },
      "render_controllers": [
        "controller.render.two_coloured"
      ],
      "textures": {
        "color1": "textures/entity/minerware/crosstheroad_car_texture_green",
        "color2": "textures/entity/minerware/crosstheroad_car_texture_purple"
      }
    }
  }
}