[{"code":"0xE200","name":"COMM"},{"code":"0xE201","name":"Cool"},{"code":"0xE202","name":"AGHQ"},{"code":"0xE203","name":"Pilot"},{"code":"0xE204","name":"Citizen"},{"code":"0xE205","name":"Minecon"},{"code":"0xE206","name":"Helper"},{"code":"0xE207","name":"Staff"},{"code":"0xE208","name":"Staff+"},{"code":"0xE209","name":"Admin"},{"code":"0xE20A","name":"Builder"},{"code":"0xE20B","name":"Designer"},{"code":"0xE20C","name":"CommandPilot"},{"code":"0xE20D","name":"SolarExplorer"},{"code":"0xE250","name":"Mine A"},{"code":"0xE251","name":"Mine B"},{"code":"0xE252","name":"Mine C"},{"code":"0xE253","name":"Mine D"},{"code":"0xE254","name":"Mine E"},{"code":"0xE255","name":"Mine F"},{"code":"0xE256","name":"Mine G"},{"code":"0xE257","name":"Mine H"},{"code":"0xE258","name":"Mine I"},{"code":"0xE259","name":"Mine Mystic"},{"code":"0xE260","name":"Smuggle"},{"code":"0xE261","name":"Hustle"},{"code":"0xE262","name":"Shade"},{"code":"0xE263","name":"Luck"},{"code":"0xE264","name":"Bolt"},{"code":"0xE265","name":"Ultimate"},{"code":"0xE266","name":"Kingpin"},{"code":"0xE270","name":"PrestigeStar1"},{"code":"0xE271","name":"PrestigeStar2"},{"code":"0xE272","name":"PrestigeStar3"},{"code":"0xE273","name":"PrestigeStar4"},{"code":"0xE274","name":"PrestigeStar5"},{"code":"0xE275","name":"PrestigeStar6"},{"code":"0xE276","name":"PrestigeStar7"},{"code":"0xE277","name":"PrestigeStar8"},{"code":"0xE278","name":"PrestigeStar9"},{"code":"0xE279","name":"PrestigeStar10"},{"code":"0xE27A","name":"PrestigeStar11"},{"code":"0xE27B","name":"PrestigeStar12"},{"code":"0xE27C","name":"PrestigeStar13"},{"code":"0xE27D","name":"PrestigeStar14"},{"code":"0xE27E","name":"PrestigeStar15"},{"code":"0xE230","name":"Criminal"},{"code":"0xE231","name":"Recidivist"},{"code":"0xE300","name":"Prestige1"},{"code":"0xE301","name":"Prestige2"},{"code":"0xE302","name":"Prestige3"},{"code":"0xE303","name":"Prestige4"},{"code":"0xE304","name":"Prestige5"},{"code":"0xE305","name":"Prestige6"},{"code":"0xE306","name":"Prestige7"},{"code":"0xE307","name":"Prestige8"},{"code":"0xE308","name":"Prestige9"},{"code":"0xE309","name":"Prestige10"},{"code":"0xE30A","name":"Prestige11"},{"code":"0xE30B","name":"Prestige12"},{"code":"0xE30C","name":"Prestige13"},{"code":"0xE30D","name":"Prestige14"},{"code":"0xE30E","name":"Prestige15"},{"code":"0xE30F","name":"Prestige16"},{"code":"0xE310","name":"Prestige17"},{"code":"0xE311","name":"Prestige18"},{"code":"0xE312","name":"Prestige19"},{"code":"0xE313","name":"Prestige20"},{"code":"0xE314","name":"Prestige21"},{"code":"0xE315","name":"Prestige22"},{"code":"0xE316","name":"Prestige23"},{"code":"0xE317","name":"Prestige24"},{"code":"0xE318","name":"Prestige25"},{"code":"0xE319","name":"Prestige26"},{"code":"0xE31A","name":"Prestige27"},{"code":"0xE31B","name":"Prestige28"},{"code":"0xE31C","name":"Prestige29"},{"code":"0xE31D","name":"Prestige30"},{"code":"0xE31E","name":"Prestige31"},{"code":"0xE31F","name":"Prestige32"},{"code":"0xE320","name":"Prestige33"},{"code":"0xE321","name":"Prestige34"},{"code":"0xE322","name":"Prestige35"},{"code":"0xE323","name":"Prestige36"},{"code":"0xE324","name":"Prestige37"},{"code":"0xE325","name":"Prestige38"},{"code":"0xE326","name":"Prestige39"},{"code":"0xE327","name":"Prestige40"},{"code":"0xE328","name":"Prestige41"},{"code":"0xE329","name":"Prestige42"},{"code":"0xE32A","name":"Prestige43"},{"code":"0xE32B","name":"Prestige44"},{"code":"0xE32C","name":"Prestige45"},{"code":"0xE32D","name":"Prestige46"},{"code":"0xE32E","name":"Prestige47"},{"code":"0xE32F","name":"Prestige48"},{"code":"0xE330","name":"Prestige49"},{"code":"0xE331","name":"Prestige50"},{"code":"0xE332","name":"Prestige51"},{"code":"0xE333","name":"Prestige52"},{"code":"0xE334","name":"Prestige53"},{"code":"0xE335","name":"Prestige54"},{"code":"0xE336","name":"Prestige55"},{"code":"0xE337","name":"Prestige56"},{"code":"0xE338","name":"Prestige57"},{"code":"0xE339","name":"Prestige58"},{"code":"0xE33A","name":"Prestige59"},{"code":"0xE33B","name":"Prestige60"},{"code":"0xE33C","name":"Prestige61"},{"code":"0xE33D","name":"Prestige62"},{"code":"0xE33E","name":"Prestige63"},{"code":"0xE33F","name":"Prestige64"},{"code":"0xE340","name":"Prestige65"},{"code":"0xE341","name":"Prestige66"},{"code":"0xE342","name":"Prestige67"},{"code":"0xE343","name":"Prestige68"},{"code":"0xE344","name":"Prestige69"},{"code":"0xE345","name":"Prestige70"},{"code":"0xE346","name":"Prestige71"},{"code":"0xE347","name":"Prestige72"},{"code":"0xE348","name":"Prestige73"},{"code":"0xE349","name":"Prestige74"},{"code":"0xE34A","name":"Prestige75"},{"code":"0xE34B","name":"Prestige76"},{"code":"0xE34C","name":"Prestige77"},{"code":"0xE34D","name":"Prestige78"},{"code":"0xE34E","name":"Prestige79"},{"code":"0xE34F","name":"Prestige80"},{"code":"0xE50","name":"Prestige81"},{"code":"0xE351","name":"Prestige82"},{"code":"0xE352","name":"Prestige83"},{"code":"0xE353","name":"Prestige84"},{"code":"0xE354","name":"Prestige85"},{"code":"0xE355","name":"Prestige86"},{"code":"0xE356","name":"Prestige87"},{"code":"0xE357","name":"Prestige88"},{"code":"0xE358","name":"Prestige89"},{"code":"0xE359","name":"Prestige90"},{"code":"0xE35A","name":"Prestige91"},{"code":"0xE35B","name":"Prestige92"},{"code":"0xE35C","name":"Prestige93"},{"code":"0xE35D","name":"Prestige94"},{"code":"0xE35E","name":"Prestige95"},{"code":"0xE35F","name":"Prestige96"},{"code":"0xE360","name":"Prestige97"},{"code":"0xE361","name":"Prestige98"},{"code":"0xE362","name":"Prestige99"},{"code":"0xE363","name":"Prestige100"},{"code":"0xE400","name":"Ghost"},{"code":"0xE401","name":"Monster"},{"code":"0xE402","name":"Valedictorian"},{"code":"0xE403","name":"Popular"},{"code":"0xE404","name":"Savior"}]