{"format_version":"1.19.0","minecraft:client_entity":{"description":{"identifier":"lifeboat:gold_hologram","materials":{"default":"skeleton"},"textures":{"default":"textures/entity/gold_hologram"},"geometry":{"default":"geometry.gold_hologram"},"animations":{"general":"animation.gold_hologram.general","controller":"controller.animation.gold_hologram"},"scripts":{"scale":"query.can_fly ? 0 : 1.5","animate":["general","controller"]},"particle_effects":{"gold_holo":"lifeboat:gold_holo"},"render_controllers":["controller.render.default"],"spawn_egg":{"base_color":"#450c53","overlay_color":"#bac5a5"}}}}