{"format_version":"1.19.0","minecraft:client_entity":{"description":{"identifier":"lifeboat:iron_hologram","materials":{"default":"skeleton"},"textures":{"default":"textures/entity/iron_hologram"},"geometry":{"default":"geometry.iron_hologram"},"animations":{"general":"animation.iron_hologram.general","controller":"controller.animation.iron_hologram"},"scripts":{"scale":"query.can_fly ? 0 : 1.5","animate":["general","controller"]},"particle_effects":{"iron_holo":"lifeboat:iron_holo"},"render_controllers":["controller.render.default"],"spawn_egg":{"base_color":"#450c53","overlay_color":"#bac5a5"}}}}