{"format_version":"1.10.0","minecraft:client_entity":{"description":{"animations":{"controller_move":"controller.animation.moving","idle":"animation.pirate_ship.idle","walk":"animation.pirate_ship.idle"},"geometry":{"default":"geometry.pirateship"},"identifier":"inpvp:pirateship","materials":{"default":"entity_alphatest"},"render_controllers":["controller.render.base"],"scripts":{"animate":["controller_move"]},"spawn_egg":{"base_color":"#ffffff","overlay_color":"#ba3df9"},"textures":{"default":"textures/entity/pirateship"}}}}