{"format_version":"1.10.0","minecraft:client_entity":{"description":{"animations":{"controller_move":"controller.animation.moving","idle":"animation.mascot.flip2","walk":"animation.mascot.flip2"},"geometry":{"default":"geometry.tropicalmascot"},"identifier":"inpvp:tropicalmascot","materials":{"default":"entity_alphatest"},"render_controllers":["controller.render.base"],"scripts":{"animate":["controller_move"]},"spawn_egg":{"base_color":"#ffffff","overlay_color":"#ba3df9"},"textures":{"default":"textures/entity/CookCraft/tropicalmascot"}}}}