{
  "format_version": "1.12.0",
  "minecraft:geometry": [
    {
      "bones": [
        {
          "cubes": [
            {
              "origin": [
                -1.5,
                1,
                -5
              ],
              "size": [
                3,
                7,
                10
              ],
              "uv": {
                "down": {
                  "uv": [
                    3,
                    17
                  ],
                  "uv_size": [
                    3,
                    -10
                  ]
                },
                "north": {
                  "uv": [
                    10.3,
                    0
                  ],
                  "uv_size": [
                    2.4,
                    7
                  ]
                },
                "south": {
                  "uv": [
                    12,
                    7
                  ],
                  "uv_size": [
                    3,
                    7
                  ]
                },
                "up": {
                  "uv": [
                    0,
                    7
                  ],
                  "uv_size": [
                    3,
                    10
                  ]
                }
              }
            },
            {
              "origin": [
                -0.5,
                8,
                1
              ],
              "size": [
                1,
                2,
                1
              ],
              "uv": {
                "east": {
                  "uv": [
                    15,
                    9
                  ],
                  "uv_size": [
                    1,
                    2
                  ]
                },
                "north": {
                  "uv": [
                    15,
                    7
                  ],
                  "uv_size": [
                    1,
                    2
                  ]
                },
                "south": {
                  "uv": [
                    15,
                    11
                  ],
                  "uv_size": [
                    1,
                    2
                  ]
                },
                "up": {
                  "uv": [
                    15,
                    15
                  ],
                  "uv_size": [
                    1,
                    1
                  ]
                },
                "west": {
                  "uv": [
                    15,
                    13
                  ],
                  "uv_size": [
                    1,
                    2
                  ]
                }
              }
            },
            {
              "origin": [
                1.5,
                1.01,
                -4.6
              ],
              "pivot": [
                1.5,
                1.01,
                5
              ],
              "rotation": [
                0,
                22.5,
                0
              ],
              "size": [
                3,
                6.98,
                9.6
              ],
              "uv": {
                "down": {
                  "uv": [
                    9,
                    17
                  ],
                  "uv_size": [
                    3,
                    -10
                  ]
                },
                "south": {
                  "uv": [
                    13,
                    0
                  ],
                  "uv_size": [
                    3,
                    7
                  ]
                },
                "up": {
                  "uv": [
                    6,
                    7
                  ],
                  "uv_size": [
                    3,
                    10
                  ]
                },
                "west": {
                  "uv": [
                    0,
                    0
                  ],
                  "uv_size": [
                    10,
                    7
                  ]
                }
              }
            },
            {
              "origin": [
                -4.5,
                1.01,
                -4.6
              ],
              "pivot": [
                -1.5,
                1.01,
                5
              ],
              "rotation": [
                0,
                -22.5,
                0
              ],
              "size": [
                3,
                6.98,
                9.6
              ],
              "uv": {
                "down": {
                  "uv": [
                    12,
                    17
                  ],
                  "uv_size": [
                    -3,
                    -10
                  ]
                },
                "east": {
                  "uv": [
                    10,
                    0
                  ],
                  "uv_size": [
                    -10,
                    7
                  ]
                },
                "south": {
                  "uv": [
                    16,
                    0
                  ],
                  "uv_size": [
                    -3,
                    7
                  ]
                },
                "up": {
                  "uv": [
                    9,
                    7
                  ],
                  "uv_size": [
                    -3,
                    10
                  ]
                }
              }
            }
          ],
          "name": "cake",
          "pivot": [
            0,
            4.625,
            0.37068
          ]
        },
        {
          "cubes": [
            {
              "origin": [
                0,
                10,
                0
              ],
              "size": [
                0,
                2,
                3
              ],
              "uv": {
                "down": {
                  "uv": [
                    0,
                    3
                  ],
                  "uv_size": [
                    0,
                    -3
                  ]
                },
                "north": {
                  "uv": [
                    0,
                    0
                  ],
                  "uv_size": [
                    0,
                    3
                  ]
                },
                "south": {
                  "uv": [
                    0,
                    0
                  ],
                  "uv_size": [
                    0,
                    3
                  ]
                },
                "up": {
                  "uv": [
                    0,
                    0
                  ],
                  "uv_size": [
                    0,
                    3
                  ]
                },
                "west": {
                  "uv": [
                    12,
                    14
                  ],
                  "uv_size": [
                    3,
                    2
                  ]
                }
              }
            }
          ],
          "name": "flame",
          "parent": "cake",
          "pivot": [
            0,
            10,
            1.5
          ]
        }
      ],
      "description": {
        "identifier": "geometry.cubecraft.headhunt.anniversary_cake",
        "texture_height": 16,
        "texture_width": 16,
        "visible_bounds_height": 2.5,
        "visible_bounds_offset": [
          0,
          0.75,
          0
        ],
        "visible_bounds_width": 2
      }
    }
  ]
}