{
  "format_version": "1.12.0",
  "minecraft:geometry": [
    {
      "bones": [
        {
          "cubes": [
            {
              "origin": [
                -1.34698,
                7.75442,
                -3
              ],
              "pivot": [
                -0.82651,
                18.62279,
                0
              ],
              "rotation": [
                0,
                0,
                20
              ],
              "size": [
                6,
                9,
                6
              ],
              "uv": {
                "down": {
                  "uv": [
                    6,
                    16
                  ],
                  "uv_size": [
                    2,
                    -2
                  ]
                },
                "east": {
                  "uv": [
                    12,
                    12
                  ],
                  "uv_size": [
                    2,
                    3
                  ]
                },
                "north": {
                  "uv": [
                    10,
                    12
                  ],
                  "uv_size": [
                    2,
                    3
                  ]
                },
                "south": {
                  "uv": [
                    13,
                    0
                  ],
                  "uv_size": [
                    2,
                    3
                  ]
                },
                "up": {
                  "uv": [
                    4,
                    14
                  ],
                  "uv_size": [
                    2,
                    2
                  ]
                },
                "west": {
                  "uv": [
                    13,
                    3
                  ],
                  "uv_size": [
                    2,
                    3
                  ]
                }
              }
            },
            {
              "origin": [
                -2.84698,
                13.75442,
                -4.5
              ],
              "pivot": [
                -0.82651,
                18.62279,
                0
              ],
              "rotation": [
                0,
                0,
                20
              ],
              "size": [
                9,
                21,
                9
              ],
              "uv": {
                "down": {
                  "uv": [
                    11,
                    12
                  ],
                  "uv_size": [
                    3,
                    -3
                  ]
                },
                "east": {
                  "uv": [
                    3,
                    0
                  ],
                  "uv_size": [
                    3,
                    7
                  ]
                },
                "north": {
                  "uv": [
                    0,
                    0
                  ],
                  "uv_size": [
                    3,
                    7
                  ]
                },
                "south": {
                  "uv": [
                    6,
                    0
                  ],
                  "uv_size": [
                    3,
                    7
                  ]
                },
                "up": {
                  "uv": [
                    7,
                    11
                  ],
                  "uv_size": [
                    3,
                    3
                  ]
                },
                "west": {
                  "uv": [
                    0,
                    7
                  ],
                  "uv_size": [
                    3,
                    7
                  ]
                }
              }
            },
            {
              "origin": [
                -0.52096,
                25.0949,
                -1.5
              ],
              "pivot": [
                -0.82651,
                18.62279,
                0
              ],
              "rotation": [
                0,
                0,
                2.5
              ],
              "size": [
                3,
                15,
                3
              ],
              "uv": {
                "down": {
                  "uv": [
                    14,
                    14
                  ],
                  "uv_size": [
                    1,
                    -1
                  ]
                },
                "east": {
                  "uv": [
                    1,
                    14
                  ],
                  "uv_size": [
                    1,
                    5
                  ]
                },
                "north": {
                  "uv": [
                    0,
                    14
                  ],
                  "uv_size": [
                    1,
                    5
                  ]
                },
                "south": {
                  "uv": [
                    2,
                    14
                  ],
                  "uv_size": [
                    1,
                    5
                  ]
                },
                "up": {
                  "uv": [
                    10,
                    11
                  ],
                  "uv_size": [
                    1,
                    1
                  ]
                },
                "west": {
                  "uv": [
                    3,
                    14
                  ],
                  "uv_size": [
                    1,
                    5
                  ]
                }
              }
            },
            {
              "origin": [
                -4.34698,
                22.75442,
                -6
              ],
              "pivot": [
                -0.82651,
                18.62279,
                0
              ],
              "rotation": [
                0,
                0,
                20
              ],
              "size": [
                12,
                9,
                12
              ],
              "uv": {
                "down": {
                  "uv": [
                    7,
                    11
                  ],
                  "uv_size": [
                    4,
                    -4
                  ]
                },
                "east": {
                  "uv": [
                    9,
                    3
                  ],
                  "uv_size": [
                    4,
                    3
                  ]
                },
                "north": {
                  "uv": [
                    9,
                    0
                  ],
                  "uv_size": [
                    4,
                    3
                  ]
                },
                "south": {
                  "uv": [
                    3,
                    11
                  ],
                  "uv_size": [
                    4,
                    3
                  ]
                },
                "up": {
                  "uv": [
                    3,
                    7
                  ],
                  "uv_size": [
                    4,
                    4
                  ]
                },
                "west": {
                  "uv": [
                    11,
                    6
                  ],
                  "uv_size": [
                    4,
                    3
                  ]
                }
              }
            },
            {
              "origin": [
                0.15302,
                1.75442,
                -1.5
              ],
              "pivot": [
                -0.82651,
                18.62279,
                0
              ],
              "rotation": [
                0,
                0,
                20
              ],
              "size": [
                3,
                6,
                3
              ],
              "uv": {
                "down": {
                  "uv": [
                    10,
                    7
                  ],
                  "uv_size": [
                    1,
                    -1
                  ]
                },
                "east": {
                  "uv": [
                    9,
                    14
                  ],
                  "uv_size": [
                    1,
                    2
                  ]
                },
                "north": {
                  "uv": [
                    8,
                    14
                  ],
                  "uv_size": [
                    1,
                    2
                  ]
                },
                "south": {
                  "uv": [
                    14,
                    9
                  ],
                  "uv_size": [
                    1,
                    2
                  ]
                },
                "up": {
                  "uv": [
                    9,
                    6
                  ],
                  "uv_size": [
                    1,
                    1
                  ]
                },
                "west": {
                  "uv": [
                    14,
                    11
                  ],
                  "uv_size": [
                    1,
                    2
                  ]
                }
              }
            }
          ],
          "name": "icecream",
          "pivot": [
            -0.82651,
            18.62279,
            0
          ]
        }
      ],
      "description": {
        "identifier": "geometry.Cubecraft.headhunt.Icecream",
        "texture_height": 32,
        "texture_width": 32,
        "visible_bounds_height": 4.5,
        "visible_bounds_offset": [
          0,
          1.75,
          0
        ],
        "visible_bounds_width": 2
      }
    }
  ]
}