{
  "format_version": "1.8.0",
  "minecraft:client_entity": {
    "description": {
      "animation_controllers": [
        {
          "general": "controller.animation.generic.single"
        }
      ],
      "animations": {
        "default": "animation.armchair.festivebundle.cage"
      },
      "geometry": {
        "default": "geometry.cubecraft.cage.festivebundle.armchair"
      },
      "identifier": "cubecraft:cage_armchair",
      "materials": {
        "default": "entity_alphatest"
      },
      "render_controllers": [
        "controller.render.agent"
      ],
      "textures": {
        "default": "textures/cc/cage/armchair"
      }
    }
  }
}