{
  "format_version": "1.8.0",
  "minecraft:client_entity": {
    "description": {
      "animation_controllers": [
        {
          "general": "controller.animation.generic.single"
        }
      ],
      "animations": {
        "default": "animation.cage.hallway.default"
      },
      "geometry": {
        "default": "geometry.cubecraft.cage.hallway"
      },
      "identifier": "cubecraft:cage.hallway",
      "materials": {
        "default": "entity_alphatest"
      },
      "render_controllers": [
        "controller.render.agent"
      ],
      "textures": {
        "default": "textures/cc/cage/backrooms_hallway"
      }
    }
  }
}