{
  "format_version": "1.8.0",
  "minecraft:client_entity": {
    "description": {
      "animation_controllers": [
        {
          "general": "controller.animation.generic.single"
        }
      ],
      "animations": {
        "default": "animation.cage.castle.idle"
      },
      "geometry": {
        "default": "geometry.cage.castle"
      },
      "identifier": "cubecraft:cage_castle",
      "materials": {
        "default": "entity_alphatest"
      },
      "render_controllers": [
        "controller.render.agent"
      ],
      "textures": {
        "default": "textures/cc/cage/castle"
      }
    }
  }
}