{
  "format_version": "1.8.0",
  "minecraft:client_entity": {
    "description": {
      "geometry": {
        "default": "geometry.cubecraft.cage.ccbirthday.chocolatecake"
      },
      "identifier": "cubecraft:cage_chocolatecake",
      "materials": {
        "default": "entity_alphatest"
      },
      "render_controllers": [
        "controller.render.agent"
      ],
      "scripts": {
        "scale": "1"
      },
      "textures": {
        "default": "textures/cc/cage/chocolate_cake"
      }
    }
  }
}