{
  "format_version": "1.8.0",
  "minecraft:client_entity": {
    "description": {
      "animation_controllers": [
        {
          "general": "controller.animation.generic.single"
        }
      ],
      "animations": {
        "default": "animation.cage.dancedanceminer.idle"
      },
      "geometry": {
        "default": "geometry.cubecraft.cage.dancedanceminer"
      },
      "identifier": "cubecraft:cage_dancedanceminer",
      "materials": {
        "default": "entity_alphatest"
      },
      "render_controllers": [
        "controller.render.agent"
      ],
      "scripts": {
        "scale": "0.8"
      },
      "textures": {
        "default": "textures/cc/cage/dancedanceminer"
      }
    }
  }
}