{
  "format_version": "1.8.0",
  "minecraft:client_entity": {
    "description": {
      "animation_controllers": [
        {
          "general": "controller.animation.generic.single"
        }
      ],
      "animations": {
        "default": "animation.fryingpan.foodbundle.cage"
      },
      "geometry": {
        "default": "geometry.cubecraft.cage.foodbundle.fryingpan"
      },
      "identifier": "cubecraft:cage_fryingpan",
      "materials": {
        "default": "entity_alphatest"
      },
      "render_controllers": [
        "controller.render.agent"
      ],
      "scripts": {
        "scale": "2.5"
      },
      "textures": {
        "default": "textures/cc/cage/frying_pan"
      }
    }
  }
}