{
  "format_version": "1.8.0",
  "minecraft:client_entity": {
    "description": {
      "animation_controllers": [
        {
          "general": "controller.animation.generic.single"
        }
      ],
      "animations": {
        "default": "animation.cage.rgb_wings.idle"
      },
      "geometry": {
        "default": "geometry.cubecraft.cage.rgb_wings",
        "rgb": "geometry.cubecraft.cage.rgb_wings"
      },
      "identifier": "cubecraft:cage.rgb_wings",
      "materials": {
        "default": "entity_alphatest",
        "rgb": "entity_alphatest"
      },
      "render_controllers": [
        "controller.render.agent",
        "controller.render.rgb"
      ],
      "textures": {
        "default": "textures/cc/cage/rgb_wings",
        "rgb": "textures/cc/cage/rgb_wings_overlay"
      }
    }
  }
}