{
  "format_version": "1.8.0",
  "minecraft:client_entity": {
    "description": {
      "animation_controllers": [
        {
          "general": "controller.animation.generic.single"
        }
      ],
      "animations": {
        "default": "animation.solarsystem.skywars.cage.default"
      },
      "geometry": {
        "default": "geometry.cubecraft.cage.skywars.solarsystem"
      },
      "identifier": "cubecraft:cage_solarsystem",
      "materials": {
        "default": "entity_alphatest"
      },
      "render_controllers": [
        "controller.render.agent"
      ],
      "textures": {
        "default": "textures/cc/cage/solar_system"
      }
    }
  }
}