{
  "format_version": "1.8.0",
  "minecraft:client_entity": {
    "description": {
      "animation_controllers": [
        {
          "general": "controller.animation.generic.beginthenloop"
        }
      ],
      "animations": {
        "begin": "animation.tiger_king.begin",
        "loop": "animation.tiger_king.idle"
      },
      "geometry": {
        "default": "geometry.cubecraft.cage.battlearena.tiger_king"
      },
      "identifier": "cubecraft:cage_tigerking",
      "materials": {
        "default": "entity_alphatest"
      },
      "render_controllers": [
        "controller.render.agent"
      ],
      "textures": {
        "default": "textures/cc/cage/tiger_king"
      }
    }
  }
}