{
    "namespace":"job_leader",
    "main_panel":{
        "type":"stack_panel",
        "anchor_from":"top_middle",
        "anchor_to":"top_middle",
        "$size|default":[
            "100% - 10px",
            "100% - 10px"
        ],

        "variables":[
            {
                "requires":"($pocket_screen)",
                "$size":[
                    "100% - 10px",
                    "100% - 10px"
                ]
            }
        ],
        "size":"$size",
        "max_size":[
            "100% - 10px",
            "100% - 10px"
        ],
        "offset":[
            0,
            -10
        ],
        "orientation":"vertical",
        "controls":[
            {
                "title":{
                    "type":"panel",
                    "anchor_from":"top_left",
                    "anchor_to":"top_left",
                    "size":[
                        "100%",
                        21
                    ],
                    "controls":[
                        {
                            "modal_title":{
                                "type":"label",
                                "font_type":"MinecraftTen",
                                "localize":true,
                                "text":"ui.job_common.title",
                                "color":[
                                    0.768,
                                    0.768,
                                    0.768
                                ],
                                "text_alignment":"left",
                                "font_scale_factor":2,
                                "anchor_from":"top_left",
                                "anchor_to":"top_left",
                                "size":[
                                    "default",
                                    20
                                ],
                                "offset":[
                                    10,
                                    "100% + 5px"
                                ],
                                "layer":53,
                                "shadow":false
                            }
                        },
                        {
                            "modal_title_shadow":{
                                "type":"label",
                                "font_type":"MinecraftTen",
                                "localize":true,
                                "text":"ui.job_common.title",
                                "color":"black",
                                "alpha":0.4,
                                "text_alignment":"left",
                                "font_scale_factor":2,
                                "anchor_from":"top_left",
                                "anchor_to":"top_left",
                                "offset":[
                                    11,
                                    "100% + 7px"
                                ],
                                "size":[
                                    "default",
                                    21
                                ],
                                "layer":52,
                                "shadow":false
                            }
                        },
                        {
                            "close_button@server_form.ng_close_button":{
                                
                            }
                        }
                    ]
                }
            },
            {
                "contents":{
                    "size":[
                        "100% - 10px",
                        "100% - 10px"
                    ],
                    "layer":2,
                    "type":"image",
                    "texture":"textures/job/font_common",
                    "alpha":1,
                    "keep_ratio":false,
                    "controls":[
                        {
                            "back_button":{
                                "type":"image",
                                "texture":"textures/ui/Black",
                                "offset":["-8%",7],
                                "size":[16,16],
                                "layer":5,
                                "alpha":0,
                                "anchor_from":"top_right",
                                "anchor_to":"top_right",
                                "controls":[
                                    {
                                        "back_button@server_form.button_stack":{
                                            "size":[
                                                "100%",
                                                "100%c"
                                            ],
                                            "$button":"job_leader.back_button"
                                        }
                                    }
                                ]
                              
                            }
                        },
                        {
                            "split_panel":{
                                "type":"stack_panel",
                                "orientation":"horizontal",
                                "offset":[
                                    0,
                                    0
                                ],
                                "size":[
                                    "100% - 10px",
                                    "100% - 10px"
                                ],
                                "controls":[
                                    {
                                        "button_scroll_panel@button_scroll_panel":{
                                            "size":[
                                                "25%",
                                                "100%"
                                            ]
                                        }
                                    },
                                    {
                                        "padding":{
                                            "type":"panel",
                                            "size":[
                                                15,
                                                "100%"
                                            ]
                                        }
                                    },
                                    {
                                        "right_panel@right_panel":{
                                            "size":[
                                                "fill",
                                                "80%"
                                            ]
                                        }
                                    },
                                    {
                                        "padding":{
                                            "type":"panel",
                                            "size":[
                                                5,
                                                "100%"
                                            ]
                                        }
                                    },
                                    {
                                        "full_right_panel@full_right_panel":{
                                            "size":[
                                                "35%",
                                                "80%"
                                            ]
                                        }
                                    }
                                ]
                            }
                        }
                    ]
                }
            }
        ]
    },

    "back_button":{
        "type":"panel",
        "size":[
            "100%",
            "100%c"
        ],
        "controls":[
            {
                "back@job_leader.back_button_on":{
                    "bindings":[
                        {
                            "binding_name":"#form_button_text",
                            "binding_name_override":"#form_button_text",
                            "binding_type":"collection",
                            "binding_collection_name":"form_buttons"
                        },
                        {
                            "binding_type":"view",
                            "source_property_name":"(not((#form_button_text - 'back') \u003d #form_button_text))",
                            "target_property_name":"#visible"
                        }
                    ]
                }
            }
        ]
    },

    "back_button_on":{
        "type":"panel",
        "size":[
            "100%",
            "100%x"
        ],
        "controls":[
            {
                "form_button@common.button":{
                    "$default_state|default":false,
                    "$pressed_button_name":"button.form_button_click",
                    "$hover_state|default":false,
                    "size":[
                        "100%",
                        "100%"
                    ],
                    "controls":[
                        {
                            "image":{
                                "type":"image",
                                "texture":"textures/job/skills",
                                "uv_size":[18,18],
                                "uv":[47,355]
                                
                            }
                        },
                        {
                            "hover":{
                                "type":"image",
                                "texture":"textures/job/skills",
                                "uv":[47,335],
                                "uv_size":[18,18]
                            }
                        }
                    ]
                }
            }
        ]

    },

    "right_panel":{
        "type":"stack_panel",
          "size":[
           "100%",
           "100%"
          ],
          "orientation":"vertical",
        "controls":[
            {
                "ipadddin0":{
                    "type":"panel",
                    "size":["100%", "28%"]
                }
            },
            {
                "image1":{
                    "type":"panel",
                    "size":["100%", "25%"],
                    "controls":[
                        {
                            "job_leader_panel_grid@server_form.button_stack":{
                                "size":[
                                    "98%",
                                    "100%c"
                                ],
                                "$button":"job_leader.select_button"
                            }
                        }
                    ]
                }
            },
            {
                "ipadddin1":{
                    "type":"panel",
                    "size":["100%", "2%"]
                }
            },
            {
                "image2":{
                    "type":"panel",
                    "size":["100%", "25%"],
                    "controls":[
                        {
                            "job_leader_panel_grid@server_form.button_stack":{
                                "size":[
                                    "98%",
                                    "100%c"
                                ],
                                "$button":"job_leader.select_button2"
                            }
                        }
                    ]
                }
            },
            {
                "ipadddin3":{
                    "type":"panel",
                    "size":["100%", "3%"]
                }
            },
            {
                "image3":{
                    "type":"panel",
                    "size":["100%", "35%"],
                    "controls":[
                        {
                            "new_image":{
                                "type":"image",
                                "texture":"textures/job/skills",
                                "uv_size":[
                                 152,
                                52
                                ] ,
                                "uv":[
                                 354,
                                 430
                                ],
                                "layer":52,
                                "controls":[
                                    {
                                    "top_3_serveur":{
                                        "type":"label",
                                        "font_type":"MinecraftTen",
                                        "localize":true,
                                        "text":"ui.job_leaderboard.top3",
                                        "color":[
                                            0.768,
                                            0.768,
                                            0.768
                                        ],
                                        "text_alignment":"left",
                                        "font_scale_factor":0.5,
                                        "anchor_from":"top_left",
                                        "anchor_to":"top_left",
                                        "layer":52,
                                        "offset":[
                                            "5%",
                                            "10%"
                                        ],
                                        "controls":[
                                            {
                                                "job_leader_panel_grid@server_form.button_stack":{
                                                    "size":[
                                                        "98%",
                                                        "100%c"
                                                    ],
                                                    "$button":"job_leader.top_button"
                                                }
                                            }
                                        ]                      
                                    }
                                }

                                ]
                             }
                        }
                    ]
                }
            }
        ]
    },

    "top_button":{
        "type":"panel",
        "size":[
            "100%",
            "100%c"
        ],
        "controls":[
            {
                "one_button@job_leader.top":{
                    "$text_pos":"1",
                    "$offset_custom_1": [
                        "100%",
                        "500%"
                    ],
                    "bindings":[
                        {
                            "binding_name":"#form_button_text",
                            "binding_name_override":"#form_button_text",
                            "binding_type":"collection",
                            "binding_collection_name":"form_buttons"
                        },
                        {
                            "binding_type":"view",
                            "source_property_name":"(not((#form_button_text - '§0§0§1') \u003d #form_button_text))",
                            "target_property_name":"#visible"
                        }
                    ]
                }
            },
            {
                "two_button@job_leader.top":{
                    "$text_pos":"2",
                    "$offset_custom_1": [
                        "100%",
                        "900%"
                    ],
                    "bindings":[
                        {
                            "binding_name":"#form_button_text",
                            "binding_name_override":"#form_button_text",
                            "binding_type":"collection",
                            "binding_collection_name":"form_buttons"
                        },
                        {
                            "binding_type":"view",
                            "source_property_name":"(not((#form_button_text - '§0§0§2') \u003d #form_button_text))",
                            "target_property_name":"#visible"
                        }
                    ]
                }
            },
            {
                "three_button@job_leader.top":{
                    "$text_pos":"3",
                    "$offset_custom_1": [
                        "100%",
                        "1300%"
                    ],
                    "bindings":[
                        {
                            "binding_name":"#form_button_text",
                            "binding_name_override":"#form_button_text",
                            "binding_type":"collection",
                            "binding_collection_name":"form_buttons"
                        },
                        {
                            "binding_type":"view",
                            "source_property_name":"(not((#form_button_text - '§0§0§3') \u003d #form_button_text))",
                            "target_property_name":"#visible"
                        }
                    ]
                }
            }
        ]
    },




    "top":{
        "type":"panel",
        "size":[
            "100%",
            "9%x"
        ],
        "controls":[
            {
                "form_button@common.button":{
                    "$default_state|default":false,
                    "$hover_state|default":false,
                    "size":[
                        "50%",
                        "80%"
                    ],
                    "anchor_from":"top_left",
                    "anchor_to":"top_left",
                    "offset":"$offset_custom_1",
                    "controls":[
                        {
                            "arrow":{
                                "type":"image",
                                "size":[
                                    "500%",
                                    "400%"
                                ],
                                "texture":"textures/ui/Black",
                                "layer":2,
                                "color":"black",
                                "alpha":0,
                                "controls":[
                                    {
                                        "pos":{
                                            "type":"image",
                                            "texture":"textures/job/skills",
                                            "uv_size":[
                                                16,
                                                16
                                            ],
                                            "uv":[
                                                129,
                                                252
                                            ],
                                            "size":[
                                                "100%",
                                                "100%"
                                            ],
                                            "anchor_from":"top_left",
                                            "anchor_to":"top_left",
                                            "offset":[
                                                "-40%",
                                                "0%"
                                            ],
                                            "layer":1,
                                            "controls":[
                                                {
                                                    "text_num":{
                                                        "type":"label",
                                                        "font_type":"MinecraftTen",
                                                        "localize":false,
                                                        "text":"$text_pos",
                                                        "color":"white",
                                                        "text_alignment":"center",
                                                        "font_scale_factor":0.8,
                                                        "anchor_from":"middle_center",
                                                        "anchor_to":"middle_center",
                                                        "offset":[
                                                            0,
                                                            -1.5
                                                        ],                                                     
                                                        "layer":2
                                            

                                                    }
                                                }
                                            ]
                                        }
                                    },
                                    {
                                        "tag":{                                         
                                                    "type":"label",
                                                    "font_type":"default",
                                                    "text_alignment":"center",
                                                    "text":"#form_button_text",
                                                    "color":[
                                                        0.768,
                                                        0.768,
                                                        0.768
                                                    ],
                                                    "anchor_from":"top_left",
                                                    "anchor_to":"top_left",
                                                    "offset":[
                                                        "20%",
                                                        "10%"
                                                    ],
                                                    "font_scale_factor":1,
                                                    "layer":1,
                                                    "bindings":[
                                                        {
                                                            "binding_type":"collection",
                                                            "binding_collection_name":"form_buttons",
                                                            "binding_condition":"none",
                                                            "binding_name":"#form_button_text",
                                                            "binding_name_override":"#form_button_text"
                                                        
                                                    
                                                        }
                                            
                                           
                                                        ]

                                        }
                                    },
                                    {
                                        "common_content":{                                         
                                                    "type":"label",
                                                    "font_type":"default",
                                                    "text_alignment":"left",
                                                    "text":"#points",
                                                    "color":[
                                                        0.768,
                                                        0.768,
                                                        0.768
                                                    ],
                                                    "anchor_from":"top_left",
                                                    "anchor_to":"top_left",
                                                    "offset":[
                                                        "100%",
                                                        "15%"
                                                    ],
                                                    "font_scale_factor":0.7,
                                                    "layer":1,
                                                    "bindings":[
                                                        {
                                                            "binding_name":"#form_button_texture",
                                                            "binding_name_override":"#points",
                                                            "binding_type":"collection",
                                                            "binding_collection_name":"form_buttons"
                                                        }
                                                    ]

                                        }
                                    }
                                ]
                            }
                        }
                    ],
                    "bindings":[
                        {
                            "binding_type":"collection_details",
                            "binding_collection_name":"form_buttons"
                        }
                    ]
                }
            }
        ]
    },
    "select_button":{
        "type":"panel",
        "size":[
            "100%",
            "100%c"
        ],
        "controls":[
            {
                "first_button@job_leader.first_ranked":{
                    "bindings":[
                        {
                            "binding_name":"#form_button_text",
                            "binding_name_override":"#form_button_text",
                            "binding_type":"collection",
                            "binding_collection_name":"form_buttons"
                        },
                        {
                            "binding_type":"view",
                            "source_property_name":"(not((#form_button_text - '§r§a§n§k§e§d') \u003d #form_button_text))",
                            "target_property_name":"#visible"
                        }
                    ]
                }
            }
        ]
    },

    "select_button2":{
        "type":"panel",
        "size":[
            "100%",
            "100%c"
        ],
        "controls":[
            {
                "my_button@job_leader.my_ranked":{
                    "bindings":[
                        {
                            "binding_name":"#form_button_text",
                            "binding_name_override":"#form_button_text",
                            "binding_type":"collection",
                            "binding_collection_name":"form_buttons"
                        },
                        {
                            "binding_type":"view",
                            "source_property_name":"(not((#form_button_text - '§m§y') \u003d #form_button_text))",
                            "target_property_name":"#visible"
                        }
                    ]
                }
            }
        ]
    },

    "first_ranked":{
        "type":"panel",
        "size":[
            "100%",
            "20%x"
        ],
        "layer":100,
        "controls":[
            {
                "form_button@common.button":{
                    "$default_state|default":false,
                    "$hover_state|default":false,
                    "size":[
                        "25%",
                        "75%"
                    ],
                    "anchor_from":"middle_right",
                    "anchor_to":"middle_right",
                    "controls":[
                        {
                            "common":{
                                "type":"image",
                                "layer":100,
                                "size":[
                                    "400%",
                                    "350%"
                                ],
                                "texture":"textures/job/skills",
                                "uv_size":[
                                    128,
                                    35],
                                "uv":[
                                    0,
                                    234
                                ],
                                "controls":[
                                    {
                                        "entry_icon2":{
                                            "size":[
                                                "20%",
                                                "30%"
                                            ],
                                            "anchor_from":"top_left",
                                            "anchor_to":"top_left",
                                            "offset":[
                                                "5%",
                                                "35%"
                                            ],
                                            "type":"image",
                                            "layer":102,
                                            "keep_ratio":false,
                                            "bindings":[
                                                {
                                                    "binding_name":"#form_button_texture",
                                                    "binding_name_override":"#texture",
                                                    "binding_type":"collection",
                                                    "binding_collection_name":"form_buttons"
                                                },
                                                {
                                                    "binding_name":"#form_button_texture_file_system",
                                                    "binding_name_override":"#texture_file_system",
                                                    "binding_type":"collection",
                                                    "binding_collection_name":"form_buttons"
                                                },
                                                {
                                                    "binding_type":"view",
                                                    "source_property_name":"(not ((#texture \u003d \u0027\u0027) or (#texture \u003d \u0027loading\u0027)))",
                                                    "target_property_name":"#visible"
                                                }
                                            ]
                                        }
                                    },
                                    {
                                        "text2":{
                                            "type":"label",
                                            "font_type":"default",
                                            "text_alignment":"center",
                                            "text":"ui.job_leaderboard.first",
                                            "localize":true,
                                            "color":"black",
                                            "anchor_from":"top_middle",
                                            "anchor_to":"top_middle",
                                            "offset":[
                                                "5%",
                                                "30%"
                                            ],
                                            "layer":103,
                                            "font_scale_factor":0.6
                                        }
                                    },
                                    {
                                        "text22":{
                                            "type":"label",
                                            "font_type":"default",
                                            "text_alignment":"center",
                                            "text":"#form_button_text",
                                            "color":"black",
                                            "anchor_from":"top_middle",
                                            "anchor_to":"top_middle",
                                            "offset":[
                                                "5%",
                                                "40%"
                                            ],
                                            "font_scale_factor":1,
                                            "layer":103,
                                            "bindings":[
                                                {
                                                    "binding_type":"collection",
                                                    "binding_collection_name":"form_buttons",
                                                    "binding_condition":"none",
                                                    "binding_name":"#form_button_text",
                                                    "binding_name_override":"#form_button_text"
                                                }
                                            ]
                                        }
                                    }
                                ]
                            }
                        }
                    ],
                    "bindings":[
                        {
                            "binding_type":"collection_details",
                            "binding_collection_name":"form_buttons"
                        }
                    ]
                }
            }
        ]
    },
    "my_ranked":{
        "type":"panel",
        "size":[
            "100%",
            "20%x"
        ],
        "controls":[
            {
                "form_button@common.button":{
                    "$default_state|default":false,
                    "$hover_state|default":false,
                    "size":[
                        "25%",
                        "75%"
                    ],
                    "anchor_from":"middle_right",
                    "anchor_to":"middle_right",
                    "controls":[
                        {
                            "common":{
                                "type":"image",
                                "size":[
                                    "400%",
                                    "350%"
                                ],
                                "texture":"textures/job/skills",
                                "layer":2,
                                "uv_size":[
                                    128,
                                    35
                                ],
                                "uv":[
                                    0,
                                    271
                                ],
                                "controls":[
                                    {
                                        "entry_icon":{
                                            "size":[
                                                "20%",
                                                "30%"
                                            ],
                                            "anchor_from":"top_left",
                                            "anchor_to":"top_left",
                                            "offset":[
                                                "5%",
                                                "35%"
                                            ],
                                            "type":"image",
                                            "layer":1,
                                            "keep_ratio":false,
                                            "bindings":[
                                                {
                                                    "binding_name":"#form_button_texture",
                                                    "binding_name_override":"#texture",
                                                    "binding_type":"collection",
                                                    "binding_collection_name":"form_buttons"
                                                },
                                                {
                                                    "binding_name":"#form_button_texture_file_system",
                                                    "binding_name_override":"#texture_file_system",
                                                    "binding_type":"collection",
                                                    "binding_collection_name":"form_buttons"
                                                },
                                                {
                                                    "binding_type":"view",
                                                    "source_property_name":"(not ((#texture \u003d \u0027\u0027) or (#texture \u003d \u0027loading\u0027)))",
                                                    "target_property_name":"#visible"
                                                }
                                            ]
                                        }
                                    },
                                    {
                                        "text":{
                                            "type":"label",
                                            "font_type":"default",
                                            "text_alignment":"center",
                                            "text":"ui.job_leaderboard.monclassement",
                                            "localize":true,
                                            "color":"black",
                                            "anchor_from":"top_middle",
                                            "anchor_to":"top_middle",
                                            "offset":[
                                                "5%",
                                                "30%"
                                            ],
                                            "layer":10,
                                            "font_scale_factor":0.6
                                        }
                                    },
                                    {
                                        "text":{
                                            "type":"label",
                                            "font_type":"default",
                                            "text_alignment":"center",
                                            "text":"#form_button_text",
                                            "color":"black",
                                            "anchor_from":"top_middle",
                                            "anchor_to":"top_middle",
                                            "offset":[
                                                "5%",
                                                "40%"
                                            ],
                                            "font_scale_factor":1,
                                            "layer":10,
                                            "bindings":[
                                                {
                                                    "binding_type":"collection",
                                                    "binding_collection_name":"form_buttons",
                                                    "binding_condition":"none",
                                                    "binding_name":"#form_button_text",
                                                    "binding_name_override":"#form_button_text"
                                                }
                                            ]
                                        }
                                    }
                                ]
                            }
                        }
                    ],
                    "bindings":[
                        {
                            "binding_type":"collection_details",
                            "binding_collection_name":"form_buttons"
                        }
                    ]
                }
            }
        ]
    },


    "full_right_panel":{
        "type":"stack_panel",
        "orientation":"vertical",
        "anchor_from":"top_left",
        "anchor_to":"top_left",
        "controls":[
            {
                "padding":{
                    "type":"panel",
                    "size":[
                        "fill",
                        "25%"
                    ]
                }
            },
            {
                "custom_scroll_panel":{
                    "size":[
                        "95% -5px",
                        "100% - 10px"
                    ],
                    "layer":2,
                    "type":"image",
                    "texture":"textures/common/common_rounded_corners",
                    "alpha":0.5,
                    "color":[
                        0.196,
                        0.196,
                        0.196
                    ],
                    "keep_ratio":false,
                    "controls":[
                        {
                            "custom_scroll_panel_in@custom_scroll_panel_in":{
                                
                            }
                        }
                    ]
                }
            },
            {
                "padding":{
                    "type":"panel",
                    "size":[
                        5,
                        "fill"
                    ]
                }
            }
        ]
    },
    "custom_scroll_panel_in@common.scrolling_panel":{
        "anchor_to":"top_left",
        "anchor_from":"top_left",
        "$show_background":false,
        "size":[
            "100%",
            "90%"
        ],
        "$scrolling_content":"job_leader.custom_wrapper",
        "$scroll_size":[
            5,
            "100% - 18px"
        ],
        "$scrolling_pane_size":[
            "100%",
            "100%"
        ],
        "$scrolling_pane_offset":[
            0,
            10
        ],
        "$scroll_bar_right_padding_size":[
            8,
            0
        ]
    },
    "custom_wrapper":{
        "type":"panel",
        "anchor_from":"top_middle",
        "anchor_to":"top_middle",
        "offset":[
            5,
            0
        ],
        "size":[
            "100% - 8px",
            "100%c + 10px"
        ],
        "controls":[
            {
                "button_list@job_leader.custom_list":{
                    
                }
            }
        ]
    },
    "custom_list":{
        "type":"stack_panel",
        "orientation":"vertical",
        "size":[
            "100%",
            "100%c"
        ],
        "anchor_from":"top_middle",
        "anchor_to":"top_middle",
        "factory":{
            "name":"button_list_factory",
            "control_name":"job_leader.custom_list_entry"
        },
        "collection_name":"form_buttons",
        "bindings":[
            {
                "binding_name":"#form_button_length",
                "binding_name_override":"#collection_length"
            }
        ]
    },
    "custom_list_entry":{
        "type":"panel",
        "size":[
            "100%",
            "100%c"
        ],
        "$flag_banner":"§v§w",
        "controls":[
            {
                "button@common.button":{
                    "size":[
                        "100% +10px",
                        "100%c"
                    ],
                    "layer":1,
                    "default_focus_precedence":1,
                    "controls":[
                        {
                            "default@job_leader.custom_inside":{
                                "$state":"default"
                            }
                        },
                        {
                            "hover@job_leader.custom_inside":{
                                "$state":"hover"
                            }
                        },
                        {
                            "pressed@job_leader.custom_inside":{
                                "$state":"pressed"
                            }
                        }
                    ],
                    "bindings":[
                        {
                            "binding_type":"collection_details",
                            "binding_collection_name":"form_buttons"
                        }
                    ]
                }
            }
        ],
        "bindings":[
            {
                "binding_name":"#form_button_text",
                "binding_name_override":"#form_button_text",
                "binding_type":"collection",
                "binding_collection_name":"form_buttons"
            },
            {
                "binding_type":"view",
                "source_property_name":"(not ((#form_button_text - $flag_banner) \u003d #form_button_text))",
                "target_property_name":"#visible"
            }
        ]
    },
    "custom_inside":{
        "type":"stack_panel",
        "anchor_from":"top_left",
        "anchor_to":"top_left",
        "offset":[
            5,
            5
        ],
        "size":[
            "100% - 10px",
            "100%c"
        ],
        "orientation":"vertical",
        "$color|default":"white",
        "controls":[
            {
                "description_normal":{
                    "size":[
                        "100%",
                        "100%c"
                    ],
                    "layer":2,
                    "type":"image",
                    "$texture|default":"textures/job/leaderboard",
                    "texture":"$texture",
                    "keep_ratio":false,
                    "controls":[
                        {
                            "num_label":{
                                "type":"label",
                                "font_type":"default",
                                "text":"#form_button_text",
                                "line_padding":2,
                                "color":[
                                    0.768,
                                    0.768,
                                    0.768
                                ],
                                "font_scale_factor":1,
                                "anchor_from":"middle_left",
                                "anchor_to":"middle_left",
                                "text_alignment":"left",
                                "offset":[
                                    0,
                                    0
                                ],
                                "size":[
                                    "100% - 8px",
                                    "default"
                                ],
                                "layer":5,
                                "shadow":false,
                                "bindings":[
                                    {
                                        "binding_type":"collection",
                                        "binding_collection_name":"form_buttons",
                                        "binding_condition":"none",
                                        "binding_name":"#form_button_text",
                                        "binding_name_override":"#form_button_text"
                                    }
                                ]
                            }
                        },
                        {
                            "description_label":{
                                "type":"label",
                                "font_type":"default",
                                "text":"#points",
                                "line_padding":2,
                                "color":[
                                    0.768,
                                    0.768,
                                    0.768
                                ],
                                "font_scale_factor":0.7,
                                "anchor_from":"center_middle",
                                "anchor_to":"center_middle",
                                "text_alignment":"center",
                                "offset":[
                                    "36%",
                                    0
                                ],
                                "size":[
                                    "100% - 8px",
                                    "default"
                                ],
                                "layer":5,
                                "shadow":true,
                                "bindings":[
                                    {
                                        "binding_name":"#form_button_texture",
                                        "binding_name_override":"#points",
                                        "binding_type":"collection",
                                        "binding_collection_name":"form_buttons"
                                    }
                                ]
                            }
                        }
                    ]
                }
            }
        ]
    },
    "button_scroll_panel@common.scrolling_panel":{
        "anchor_to":"top_left",
        "anchor_from":"top_left",
        "$show_background":false,
        "size":[
            "100%",
            "100%"
        ],
        "$scrolling_content":"job_leader.button_list_wrapper",
        "$scroll_size":[
            5,
            "100% - 18px"
        ],
        "$scrolling_pane_size":[
            "100%",
            "100%"
        ],
        "$scrolling_pane_offset":[
            0,
            "10% + 4px"
        ],
        "$scroll_bar_right_padding_size":[
            8,
            0
        ]
    },
    "button_list_wrapper":{
        "type":"panel",
        "anchor_from":"top_middle",
        "anchor_to":"top_middle",
        "offset":[
            5,
            5
        ],
        "size":[
            "100% - 1px",
            "100%c + 10px"
        ],
        "controls":[
            {
                "button_list@job_leader.button_list":{
                    
                }
            }
        ]
    },
    "button_list":{
        "type":"stack_panel",
        "orientation":"vertical",
        "size":[
            "100%",
            "100%c"
        ],
        "anchor_from":"top_middle",
        "anchor_to":"top_middle",
        "factory":{
            "name":"button_list_factory",
            "control_name":"job_leader.button_list_entry"
        },
        "collection_name":"form_buttons",
        "bindings":[
            {
                "binding_name":"#form_button_length",
                "binding_name_override":"#collection_length"
            }
        ]
    },
    "button_list_entry":{
        "type":"panel",
        "$flag_job_leader":"§v§w",
        "size":[
            "100%",
            "100%c + 4px"
        ],
        "controls":[
            {
                "button@common.button":{
                    "size":[
                        "100%",
                        "100%c"
                    ],
                    "layer":1,
                    "$pressed_button_name":"button.form_button_click",
                    "default_focus_precedence":1,
                    "controls":[
                        {
                            "default@job_leader.button_list_entry_inside":{
                                "$state":"default"
                            }
                        },
                        {
                            "hover@job_leader.button_list_entry_inside":{
                                "$state":"hover"
                            }
                        },
                        {
                            "pressed@job_leader.button_list_entry_inside":{
                                "$state":"pressed"
                            }
                        }
                    ],
                    "bindings":[
                        {
                            "binding_type":"collection_details",
                            "binding_collection_name":"form_buttons"
                        }
                    ]
                }
            }
        ],
        "bindings":[
            {
                "binding_name":"#form_button_text",
                "binding_name_override":"#form_button_text",
                "binding_type":"collection",
                "binding_collection_name":"form_buttons"
            },
            {
                "binding_type":"view",
                "source_property_name":"((#form_button_text - $flag_job_leader - 'back' - '§r§a§n§k§e§d'- '§m§y' - '§0§0§1'-'§0§0§2'-'§0§0§3') \u003d #form_button_text)",
                "target_property_name":"#visible"
            }
        ]
    },
    "button_list_entry_inside":{
        "type":"stack_panel",
        "anchor_from":"top_left",
        "anchor_to":"top_left",
        "$flag_select":"§b§s",
        "offset":[
            5,
            5
        ],
        "size":[
            "100% - 10px",
            "100%c"
        ],
        "orientation":"vertical",
        "$color|default":"white",
        "variables":[
            {
                "requires":"($state \u003d \u0027hover\u0027)",
                "$texture":"textures/job/button_common_hover",
                "$texture_special":"textures/job/button_special"
            }
        ],
        "controls":[
            {
                "description_normal":{
                    "size":[
                        "100%",
                        "100%c + 15px"
                    ],
                    "layer":2,
                    "type":"image",
                    "$texture|default":"textures/job/button_common",
                    "texture":"$texture",
                    "keep_ratio":false,
                    "controls":[
                        {
                            "description_label":{
                                "type":"label",
                                "font_type":"default",
                                "text":"#form_button_text",
                                "line_padding":2,
                                "color":[
                                    0.768,
                                    0.768,
                                    0.768
                                ],
                                "font_scale_factor":1,
                                "anchor_from":"top_left",
                                "anchor_to":"top_left",
                                "text_alignment":"left",
                                "offset":[
                                    "30%",
                                    7
                                ],
                                "size":[
                                    "100% - 8px",
                                    "default"
                                ],
                                "layer":5,
                                "shadow":true,
                                "bindings":[
                                    {
                                        "binding_type":"collection",
                                        "binding_collection_name":"form_buttons",
                                        "binding_condition":"none",
                                        "binding_name":"#form_button_text",
                                        "binding_name_override":"#form_button_text"
                                    }
                                ],
                                "controls":[
                                    {
                                        "entry_icon":{
                                            "size":[
                                                20,
                                                20
                                            ],
                                            "offset":[
                                                "-70%",
                                                0
                                            ],
                                            "type":"image",
                                            "layer":1,
                                            "keep_ratio":false,
                                            "bindings":[
                                                {
                                                    "binding_name":"#form_button_texture",
                                                    "binding_name_override":"#texture",
                                                    "binding_type":"collection",
                                                    "binding_collection_name":"form_buttons"
                                                },
                                                {
                                                    "binding_name":"#form_button_texture_file_system",
                                                    "binding_name_override":"#texture_file_system",
                                                    "binding_type":"collection",
                                                    "binding_collection_name":"form_buttons"
                                                },
                                                {
                                                    "binding_type":"view",
                                                    "source_property_name":"(not ((#texture \u003d \u0027\u0027) or (#texture \u003d \u0027loading\u0027)))",
                                                    "target_property_name":"#visible"
                                                }
                                            ]
                                        }
                                    }
                                ]
                            }
                        }
                    ],
                    "bindings":[
                        {
                            "binding_name":"#form_button_text",
                            "binding_name_override":"#form_button_text",
                            "binding_type":"collection",
                            "binding_collection_name":"form_buttons"
                        },
                        {
                            "binding_type":"view",
                            "source_property_name":"((#form_button_text - $flag_select) \u003d #form_button_text)",
                            "target_property_name":"#visible"
                        }
                    ]
                }
            },
            {
                "description_selected":{
                    "size":[
                        "100%",
                        "100%c + 15px"
                    ],
                    "layer":2,
                    "type":"image",
                    "$texture_special|default":"textures/job/button_special",
                    "texture":"$texture_special",
                    "keep_ratio":false,
                    "controls":[
                        {
                            "description_label":{
                                "type":"label",
                                "font_type":"default",
                                "text":"#form_button_text",
                                "line_padding":2,
                                "color":[
                                    0.768,
                                    0.768,
                                    0.768
                                ],
                                "font_scale_factor":1,
                                "anchor_from":"top_left",
                                "anchor_to":"top_left",
                                "text_alignment":"left",
                                "offset":[
                                    "30%",
                                    7
                                ],
                                "size":[
                                    "100% - 8px",
                                    "default"
                                ],
                                "layer":5,
                                "shadow":true,
                                "bindings":[
                                    {
                                        "binding_type":"collection",
                                        "binding_collection_name":"form_buttons",
                                        "binding_condition":"none",
                                        "binding_name":"#form_button_text",
                                        "binding_name_override":"#form_button_text"
                                    }
                                ],
                                "controls":[
                                    {
                                        "entry_icon":{
                                            "size":[
                                                20,
                                                20
                                            ],
                                            "offset":[
                                                "-70%",
                                                0
                                            ],
                                            "type":"image",
                                            "layer":1,
                                            "keep_ratio":false,
                                            "bindings":[
                                                {
                                                    "binding_name":"#form_button_texture",
                                                    "binding_name_override":"#texture",
                                                    "binding_type":"collection",
                                                    "binding_collection_name":"form_buttons"
                                                },
                                                {
                                                    "binding_name":"#form_button_texture_file_system",
                                                    "binding_name_override":"#texture_file_system",
                                                    "binding_type":"collection",
                                                    "binding_collection_name":"form_buttons"
                                                },
                                                {
                                                    "binding_type":"view",
                                                    "source_property_name":"(not ((#texture \u003d \u0027\u0027) or (#texture \u003d \u0027loading\u0027)))",
                                                    "target_property_name":"#visible"
                                                }
                                            ]
                                        }
                                    }
                                ]
                            }
                        }
                    ],
                    "bindings":[
                        {
                            "binding_name":"#form_button_text",
                            "binding_name_override":"#form_button_text",
                            "binding_type":"collection",
                            "binding_collection_name":"form_buttons"
                        },
                        {
                            "binding_type":"view",
                            "source_property_name":"(not ((#form_button_text - $flag_select) \u003d #form_button_text))",
                            "target_property_name":"#visible"
                        }
                    ]
                }
            }
        ]
    }
}