{"format_version":"1.8.0","animations":{"animation.duck.move":{"loop":true,"animation_length":1,"bones":{"govde":{"rotation":{"0.0":{"post":[2.5,0,0],"lerp_mode":"catmullrom"},"0.25":{"post":[-1.5,0,0],"lerp_mode":"catmullrom"},"0.5":{"post":[1.5,0,0],"lerp_mode":"catmullrom"},"0.75":{"post":[-1.5,0,0],"lerp_mode":"catmullrom"},"1.0":{"post":[1.5,0,0],"lerp_mode":"catmullrom"}}},"sag_bacaks":{"rotation":{"0.0":{"post":[0,0,0],"lerp_mode":"catmullrom"},"0.25":{"post":[0,0,45],"lerp_mode":"catmullrom"},"0.5":{"post":[0,0,-2.5],"lerp_mode":"catmullrom"},"0.75":{"post":[0,0,-50],"lerp_mode":"catmullrom"},"1.0":{"post":[0,0,0],"lerp_mode":"catmullrom"}}},"sol_bacaks":{"rotation":{"0.0":{"post":[0,0,0],"lerp_mode":"catmullrom"},"0.25":{"post":[3.54002,1.46671,-45.10922],"lerp_mode":"catmullrom"},"0.5":{"post":[0,0,0],"lerp_mode":"catmullrom"},"0.75":{"post":[-3.54002,1.46671,45.10922],"lerp_mode":"catmullrom"},"1.0":{"post":[0,0,0],"lerp_mode":"catmullrom"}}},"sag_kols":{"rotation":{"0.0":{"post":[0,0,0],"lerp_mode":"catmullrom"},"0.25":{"post":[2.78694,-17.85883,-3.68386],"lerp_mode":"catmullrom"},"0.5":{"post":[0,0,0],"lerp_mode":"catmullrom"},"0.75":{"post":[2.78694,-17.85883,-3.68386],"lerp_mode":"catmullrom"},"1.0":{"post":[0,0,0],"lerp_mode":"catmullrom"}}},"sol_kols":{"rotation":{"0.0":{"post":[0,0,0],"lerp_mode":"catmullrom"},"0.25":{"post":[3.2039,18.01812,4.66922],"lerp_mode":"catmullrom"},"0.5":{"post":[0,0,0],"lerp_mode":"catmullrom"},"0.75":{"post":[3.2039,18.01812,4.66922],"lerp_mode":"catmullrom"},"1.0":{"post":[0,0,0],"lerp_mode":"catmullrom"}}},"guyruk":{"rotation":{"0.0":[0.87458,-7.46185,-5.038],"0.25":[0,0,0],"0.5":[0.87458,7.46189,-5.19412],"0.75":[0,0,0],"1.0":[0.87458,-7.46185,-5.038]}}}}}}