{"format_version":"1.8.0","animations":{"animation.fairy_soul.move":{"loop":true,"animation_length":2.08,"bones":{"wing1":{"rotation":{"0.0":{"post":[0,0,0],"lerp_mode":"catmullrom"},"0.08":{"post":[0,60,0],"lerp_mode":"catmullrom"},"0.16":{"post":[0,-60,0],"lerp_mode":"catmullrom"},"0.24":{"post":[0,0,0],"lerp_mode":"catmullrom"},"0.32":{"post":[0,60,0],"lerp_mode":"catmullrom"},"0.4":{"post":[0,-60,0],"lerp_mode":"catmullrom"},"0.48":{"post":[0,0,0],"lerp_mode":"catmullrom"},"0.56":{"post":[0,60,0],"lerp_mode":"catmullrom"},"0.64":{"post":[0,-60,0],"lerp_mode":"catmullrom"},"0.72":{"post":[0,0,0],"lerp_mode":"catmullrom"},"0.8":{"post":[0,60,0],"lerp_mode":"catmullrom"},"0.88":{"post":[0,-60,0],"lerp_mode":"catmullrom"},"0.96":{"post":[0,0,0],"lerp_mode":"catmullrom"},"1.04":{"post":[0,60,0],"lerp_mode":"catmullrom"},"1.12":{"post":[0,-60,0],"lerp_mode":"catmullrom"},"1.2":{"post":[0,0,0],"lerp_mode":"catmullrom"},"1.28":{"post":[0,60,0],"lerp_mode":"catmullrom"},"1.36":{"post":[0,-60,0],"lerp_mode":"catmullrom"},"1.44":{"post":[0,0,0],"lerp_mode":"catmullrom"},"1.52":{"post":[0,60,0],"lerp_mode":"catmullrom"},"1.6":{"post":[0,-60,0],"lerp_mode":"catmullrom"},"1.68":{"post":[0,0,0],"lerp_mode":"catmullrom"},"1.76":{"post":[0,60,0],"lerp_mode":"catmullrom"},"1.84":{"post":[0,-60,0],"lerp_mode":"catmullrom"},"1.92":{"post":[0,0,0],"lerp_mode":"catmullrom"},"2.0":{"post":[0,60,0],"lerp_mode":"catmullrom"},"2.08":{"post":[0,-60,0],"lerp_mode":"catmullrom"}}},"wing2":{"rotation":{"0.0":{"post":[0,0,0],"lerp_mode":"catmullrom"},"0.08":{"post":[0,-60,0],"lerp_mode":"catmullrom"},"0.16":{"post":[0,60,0],"lerp_mode":"catmullrom"},"0.24":{"post":[0,0,0],"lerp_mode":"catmullrom"},"0.32":{"post":[0,-60,0],"lerp_mode":"catmullrom"},"0.4":{"post":[0,60,0],"lerp_mode":"catmullrom"},"0.48":{"post":[0,0,0],"lerp_mode":"catmullrom"},"0.56":{"post":[0,-60,0],"lerp_mode":"catmullrom"},"0.64":{"post":[0,60,0],"lerp_mode":"catmullrom"},"0.72":{"post":[0,0,0],"lerp_mode":"catmullrom"},"0.8":{"post":[0,-60,0],"lerp_mode":"catmullrom"},"0.88":{"post":[0,60,0],"lerp_mode":"catmullrom"},"0.96":{"post":[0,0,0],"lerp_mode":"catmullrom"},"1.04":{"post":[0,-60,0],"lerp_mode":"catmullrom"},"1.12":{"post":[0,60,0],"lerp_mode":"catmullrom"},"1.2":{"post":[0,0,0],"lerp_mode":"catmullrom"},"1.28":{"post":[0,-60,0],"lerp_mode":"catmullrom"},"1.36":{"post":[0,60,0],"lerp_mode":"catmullrom"},"1.44":{"post":[0,0,0],"lerp_mode":"catmullrom"},"1.52":{"post":[0,-60,0],"lerp_mode":"catmullrom"},"1.6":{"post":[0,60,0],"lerp_mode":"catmullrom"},"1.68":{"post":[0,0,0],"lerp_mode":"catmullrom"},"1.76":{"post":[0,-60,0],"lerp_mode":"catmullrom"},"1.84":{"post":[0,60,0],"lerp_mode":"catmullrom"},"1.92":{"post":[0,0,0],"lerp_mode":"catmullrom"},"2.0":{"post":[0,-60,0],"lerp_mode":"catmullrom"},"2.08":{"post":[0,60,0],"lerp_mode":"catmullrom"}}},"head":{"rotation":{"0.0":{"post":[0,0,0],"lerp_mode":"catmullrom"},"0.12":{"post":[0,15,0],"lerp_mode":"catmullrom"},"0.24":{"post":[0,30,0],"lerp_mode":"catmullrom"},"0.36":{"post":[0,40,0],"lerp_mode":"catmullrom"},"0.48":{"post":[0,62.5,0],"lerp_mode":"catmullrom"},"0.68":{"post":[0,95,0],"lerp_mode":"catmullrom"},"0.8":{"post":[0,105,0],"lerp_mode":"catmullrom"},"0.92":{"post":[0,130,0],"lerp_mode":"catmullrom"},"1.08":{"post":[0,172.5,0],"lerp_mode":"catmullrom"},"1.2":{"post":[0,200,0],"lerp_mode":"catmullrom"},"1.36":{"post":[0,215,0],"lerp_mode":"catmullrom"},"1.48":{"post":[0,235,0],"lerp_mode":"catmullrom"},"1.64":{"post":[0,270,0],"lerp_mode":"catmullrom"},"1.76":{"post":[0,285,0],"lerp_mode":"catmullrom"},"1.92":{"post":[0,307.5,0],"lerp_mode":"catmullrom"},"2.08":{"post":[0,360,0],"lerp_mode":"catmullrom"}},"position":{"0.0":{"post":[0,0,0],"lerp_mode":"catmullrom"},"0.52":{"post":[0,0,-8],"lerp_mode":"catmullrom"},"1.04":{"post":[-8,0,-8],"lerp_mode":"catmullrom"},"1.56":{"post":[-8,0,0],"lerp_mode":"catmullrom"},"2.08":{"post":[0,0,0],"lerp_mode":"catmullrom"}}}}}}}