{"format_version":"1.8.0","animations":{"animation.power_orb.spin":{"loop":true,"animation_length":4,"bones":{"outline":{"rotation":{"0.0":[0,0,0],"0.5167":[0,-60,0],"1.0333":[0,-120,0],"1.5667":[0,-180,0],"2.0833":[0,-240,0],"2.6":[0,-297,0],"3.1167":[0,-360,0]},"position":{"0.0":{"post":[0,0,0],"lerp_mode":"catmullrom"},"1.5667":{"post":[0,1.5,0],"lerp_mode":"catmullrom"},"3.1167":{"post":[0,0,0],"lerp_mode":"catmullrom"}}},"head":{"rotation":{"0.0":[0,0,0],"0.5":[0,-90,0],"1.0":[0,-180,0],"1.5":[0,-270,0],"2.0":[0,-360,0],"2.5":[0,-450,0],"3.0":[0,-540,0],"3.5":[0,-630,0],"4.0":[0,-720,0]}}}}}}