{"format_version":"1.8.0","render_controllers":{"controller.render.minion":{"arrays":{"textures":{"Array.skins":["Texture.wheat_1","Texture.wheat_2","Texture.wheat_3","Texture.wheat_4","Texture.wheat_5","Texture.wheat_6","Texture.wheat_7","Texture.wheat_8","Texture.wheat_9","Texture.wheat_10","Texture.wheat_11","Texture.carrot_1","Texture.carrot_2","Texture.carrot_3","Texture.carrot_4","Texture.carrot_5","Texture.carrot_6","Texture.carrot_7","Texture.carrot_8","Texture.carrot_9","Texture.carrot_10","Texture.carrot_11","Texture.potato_1","Texture.potato_2","Texture.potato_3","Texture.potato_4","Texture.potato_5","Texture.potato_6","Texture.potato_7","Texture.potato_8","Texture.potato_9","Texture.potato_10","Texture.potato_11","Texture.pumpkin_1","Texture.pumpkin_2","Texture.pumpkin_3","Texture.pumpkin_4","Texture.pumpkin_5","Texture.pumpkin_6","Texture.pumpkin_7","Texture.pumpkin_8","Texture.pumpkin_9","Texture.pumpkin_10","Texture.pumpkin_11","Texture.melon_1","Texture.melon_2","Texture.melon_3","Texture.melon_4","Texture.melon_5","Texture.melon_6","Texture.melon_7","Texture.melon_8","Texture.melon_9","Texture.melon_10","Texture.melon_11","Texture.mushroom_1","Texture.mushroom_2","Texture.mushroom_3","Texture.mushroom_4","Texture.mushroom_5","Texture.mushroom_6","Texture.mushroom_7","Texture.mushroom_8","Texture.mushroom_9","Texture.mushroom_10","Texture.mushroom_11","Texture.cocoa_1","Texture.cocoa_2","Texture.cocoa_3","Texture.cocoa_4","Texture.cocoa_5","Texture.cocoa_6","Texture.cocoa_7","Texture.cocoa_8","Texture.cocoa_9","Texture.cocoa_10","Texture.cocoa_11","Texture.cactus_1","Texture.cactus_2","Texture.cactus_3","Texture.cactus_4","Texture.cactus_5","Texture.cactus_6","Texture.cactus_7","Texture.cactus_8","Texture.cactus_9","Texture.cactus_10","Texture.cactus_11","Texture.sugar_cane_1","Texture.sugar_cane_2","Texture.sugar_cane_3","Texture.sugar_cane_4","Texture.sugar_cane_5","Texture.sugar_cane_6","Texture.sugar_cane_7","Texture.sugar_cane_8","Texture.sugar_cane_9","Texture.sugar_cane_10","Texture.sugar_cane_11","Texture.cow_1","Texture.cow_2","Texture.cow_3","Texture.cow_4","Texture.cow_5","Texture.cow_6","Texture.cow_7","Texture.cow_8","Texture.cow_9","Texture.cow_10","Texture.cow_11","Texture.pig_1","Texture.pig_2","Texture.pig_3","Texture.pig_4","Texture.pig_5","Texture.pig_6","Texture.pig_7","Texture.pig_8","Texture.pig_9","Texture.pig_10","Texture.pig_11","Texture.chicken_1","Texture.chicken_2","Texture.chicken_3","Texture.chicken_4","Texture.chicken_5","Texture.chicken_6","Texture.chicken_7","Texture.chicken_8","Texture.chicken_9","Texture.chicken_10","Texture.chicken_11","Texture.sheep_1","Texture.sheep_2","Texture.sheep_3","Texture.sheep_4","Texture.sheep_5","Texture.sheep_6","Texture.sheep_7","Texture.sheep_8","Texture.sheep_9","Texture.sheep_10","Texture.sheep_11","Texture.rabbit_1","Texture.rabbit_2","Texture.rabbit_3","Texture.rabbit_4","Texture.rabbit_5","Texture.rabbit_6","Texture.rabbit_7","Texture.rabbit_8","Texture.rabbit_9","Texture.rabbit_10","Texture.rabbit_11","Texture.nether_wart_1","Texture.nether_wart_2","Texture.nether_wart_3","Texture.nether_wart_4","Texture.nether_wart_5","Texture.nether_wart_6","Texture.nether_wart_7","Texture.nether_wart_8","Texture.nether_wart_9","Texture.nether_wart_10","Texture.nether_wart_11","Texture.cobblestone_1","Texture.cobblestone_2","Texture.cobblestone_3","Texture.cobblestone_4","Texture.cobblestone_5","Texture.cobblestone_6","Texture.cobblestone_7","Texture.cobblestone_8","Texture.cobblestone_9","Texture.cobblestone_10","Texture.cobblestone_11","Texture.coal_1","Texture.coal_2","Texture.coal_3","Texture.coal_4","Texture.coal_5","Texture.coal_6","Texture.coal_7","Texture.coal_8","Texture.coal_9","Texture.coal_10","Texture.coal_11","Texture.iron_1","Texture.iron_2","Texture.iron_3","Texture.iron_4","Texture.iron_5","Texture.iron_6","Texture.iron_7","Texture.iron_8","Texture.iron_9","Texture.iron_10","Texture.iron_11","Texture.gold_1","Texture.gold_2","Texture.gold_3","Texture.gold_4","Texture.gold_5","Texture.gold_6","Texture.gold_7","Texture.gold_8","Texture.gold_9","Texture.gold_10","Texture.gold_11","Texture.diamond_1","Texture.diamond_2","Texture.diamond_3","Texture.diamond_4","Texture.diamond_5","Texture.diamond_6","Texture.diamond_7","Texture.diamond_8","Texture.diamond_9","Texture.diamond_10","Texture.diamond_11","Texture.lapis_1","Texture.lapis_2","Texture.lapis_3","Texture.lapis_4","Texture.lapis_5","Texture.lapis_6","Texture.lapis_7","Texture.lapis_8","Texture.lapis_9","Texture.lapis_10","Texture.lapis_11","Texture.emerald_1","Texture.emerald_2","Texture.emerald_3","Texture.emerald_4","Texture.emerald_5","Texture.emerald_6","Texture.emerald_7","Texture.emerald_8","Texture.emerald_9","Texture.emerald_10","Texture.emerald_11","Texture.redstone_1","Texture.redstone_2","Texture.redstone_3","Texture.redstone_4","Texture.redstone_5","Texture.redstone_6","Texture.redstone_7","Texture.redstone_8","Texture.redstone_9","Texture.redstone_10","Texture.redstone_11","Texture.quartz_1","Texture.quartz_2","Texture.quartz_3","Texture.quartz_4","Texture.quartz_5","Texture.quartz_6","Texture.quartz_7","Texture.quartz_8","Texture.quartz_9","Texture.quartz_10","Texture.quartz_11","Texture.obsidian_1","Texture.obsidian_2","Texture.obsidian_3","Texture.obsidian_4","Texture.obsidian_5","Texture.obsidian_6","Texture.obsidian_7","Texture.obsidian_8","Texture.obsidian_9","Texture.obsidian_10","Texture.obsidian_11","Texture.glowstone_1","Texture.glowstone_2","Texture.glowstone_3","Texture.glowstone_4","Texture.glowstone_5","Texture.glowstone_6","Texture.glowstone_7","Texture.glowstone_8","Texture.glowstone_9","Texture.glowstone_10","Texture.glowstone_11","Texture.gravel_1","Texture.gravel_2","Texture.gravel_3","Texture.gravel_4","Texture.gravel_5","Texture.gravel_6","Texture.gravel_7","Texture.gravel_8","Texture.gravel_9","Texture.gravel_10","Texture.gravel_11","Texture.ice_1","Texture.ice_2","Texture.ice_3","Texture.ice_4","Texture.ice_5","Texture.ice_6","Texture.ice_7","Texture.ice_8","Texture.ice_9","Texture.ice_10","Texture.ice_11","Texture.sand_1","Texture.sand_2","Texture.sand_3","Texture.sand_4","Texture.sand_5","Texture.sand_6","Texture.sand_7","Texture.sand_8","Texture.sand_9","Texture.sand_10","Texture.sand_11","Texture.endstone_1","Texture.endstone_2","Texture.endstone_3","Texture.endstone_4","Texture.endstone_5","Texture.endstone_6","Texture.endstone_7","Texture.endstone_8","Texture.endstone_9","Texture.endstone_10","Texture.endstone_11","Texture.clay_1","Texture.clay_2","Texture.clay_3","Texture.clay_4","Texture.clay_5","Texture.clay_6","Texture.clay_7","Texture.clay_8","Texture.clay_9","Texture.clay_10","Texture.clay_11","Texture.zombie_1","Texture.zombie_2","Texture.zombie_3","Texture.zombie_4","Texture.zombie_5","Texture.zombie_6","Texture.zombie_7","Texture.zombie_8","Texture.zombie_9","Texture.zombie_10","Texture.zombie_11","Texture.skeleton_1","Texture.skeleton_2","Texture.skeleton_3","Texture.skeleton_4","Texture.skeleton_5","Texture.skeleton_6","Texture.skeleton_7","Texture.skeleton_8","Texture.skeleton_9","Texture.skeleton_10","Texture.skeleton_11","Texture.spider_1","Texture.spider_2","Texture.spider_3","Texture.spider_4","Texture.spider_5","Texture.spider_6","Texture.spider_7","Texture.spider_8","Texture.spider_9","Texture.spider_10","Texture.spider_11","Texture.cave_spider_1","Texture.cave_spider_2","Texture.cave_spider_3","Texture.cave_spider_4","Texture.cave_spider_5","Texture.cave_spider_6","Texture.cave_spider_7","Texture.cave_spider_8","Texture.cave_spider_9","Texture.cave_spider_10","Texture.cave_spider_11","Texture.creeper_1","Texture.creeper_2","Texture.creeper_3","Texture.creeper_4","Texture.creeper_5","Texture.creeper_6","Texture.creeper_7","Texture.creeper_8","Texture.creeper_9","Texture.creeper_10","Texture.creeper_11","Texture.enderman_1","Texture.enderman_2","Texture.enderman_3","Texture.enderman_4","Texture.enderman_5","Texture.enderman_6","Texture.enderman_7","Texture.enderman_8","Texture.enderman_9","Texture.enderman_10","Texture.enderman_11","Texture.ghast_1","Texture.ghast_2","Texture.ghast_3","Texture.ghast_4","Texture.ghast_5","Texture.ghast_6","Texture.ghast_7","Texture.ghast_8","Texture.ghast_9","Texture.ghast_10","Texture.ghast_11","Texture.slime_1","Texture.slime_2","Texture.slime_3","Texture.slime_4","Texture.slime_5","Texture.slime_6","Texture.slime_7","Texture.slime_8","Texture.slime_9","Texture.slime_10","Texture.slime_11","Texture.blaze_1","Texture.blaze_2","Texture.blaze_3","Texture.blaze_4","Texture.blaze_5","Texture.blaze_6","Texture.blaze_7","Texture.blaze_8","Texture.blaze_9","Texture.blaze_10","Texture.blaze_11","Texture.magma_cube_1","Texture.magma_cube_2","Texture.magma_cube_3","Texture.magma_cube_4","Texture.magma_cube_5","Texture.magma_cube_6","Texture.magma_cube_7","Texture.magma_cube_8","Texture.magma_cube_9","Texture.magma_cube_10","Texture.magma_cube_11","Texture.oak_1","Texture.oak_2","Texture.oak_3","Texture.oak_4","Texture.oak_5","Texture.oak_6","Texture.oak_7","Texture.oak_8","Texture.oak_9","Texture.oak_10","Texture.oak_11","Texture.spruce_1","Texture.spruce_2","Texture.spruce_3","Texture.spruce_4","Texture.spruce_5","Texture.spruce_6","Texture.spruce_7","Texture.spruce_8","Texture.spruce_9","Texture.spruce_10","Texture.spruce_11","Texture.birch_1","Texture.birch_2","Texture.birch_3","Texture.birch_4","Texture.birch_5","Texture.birch_6","Texture.birch_7","Texture.birch_8","Texture.birch_9","Texture.birch_10","Texture.birch_11","Texture.dark_oak_1","Texture.dark_oak_2","Texture.dark_oak_3","Texture.dark_oak_4","Texture.dark_oak_5","Texture.dark_oak_6","Texture.dark_oak_7","Texture.dark_oak_8","Texture.dark_oak_9","Texture.dark_oak_10","Texture.dark_oak_11","Texture.acacia_1","Texture.acacia_2","Texture.acacia_3","Texture.acacia_4","Texture.acacia_5","Texture.acacia_6","Texture.acacia_7","Texture.acacia_8","Texture.acacia_9","Texture.acacia_10","Texture.acacia_11","Texture.jungle_1","Texture.jungle_2","Texture.jungle_3","Texture.jungle_4","Texture.jungle_5","Texture.jungle_6","Texture.jungle_7","Texture.jungle_8","Texture.jungle_9","Texture.jungle_10","Texture.jungle_11","Texture.fishing_1","Texture.fishing_2","Texture.fishing_3","Texture.fishing_4","Texture.fishing_5","Texture.fishing_6","Texture.fishing_7","Texture.fishing_8","Texture.fishing_9","Texture.fishing_10","Texture.fishing_11","Texture.flower_1","Texture.flower_2","Texture.flower_3","Texture.flower_4","Texture.flower_5","Texture.flower_6","Texture.flower_7","Texture.flower_8","Texture.flower_9","Texture.flower_10","Texture.flower_11","Texture.snow_1","Texture.snow_2","Texture.snow_3","Texture.snow_4","Texture.snow_5","Texture.snow_6","Texture.snow_7","Texture.snow_8","Texture.snow_9","Texture.snow_10","Texture.snow_11","Texture.revenant_1","Texture.revenant_2","Texture.revenant_3","Texture.revenant_4","Texture.revenant_5","Texture.revenant_6","Texture.revenant_7","Texture.revenant_8","Texture.revenant_9","Texture.revenant_10","Texture.revenant_11"]}},"geometry":"Geometry.default","materials":[{"*":"Material.default"}],"textures":["Array.skins[query.variant]"]}}}