{
  "format_version": "1.14.0",
  "sound_definitions": {
    "bat_shuriken.sound": {
      "sounds": [
        "sounds/plutonium/bat_shuriken"
      ]
    },
    "christmas_music.sound": {
      "sounds": [
        "sounds/plutonium/christmas_music"
      ]
    },
    "mob.witch.ambient1": {
      "__use_legacy_max_distance": "true",
      "category": "hostile",
      "sounds": [
        "sounds/mob/witch/ambient1"
      ]
    },
    "mob.witch.ambient2": {
      "__use_legacy_max_distance": "true",
      "category": "hostile",
      "sounds": [
        "sounds/mob/witch/ambient2"
      ]
    },
    "mob.witch.ambient3": {
      "__use_legacy_max_distance": "true",
      "category": "hostile",
      "sounds": [
        "sounds/mob/witch/ambient3"
      ]
    },
    "mob.witch.ambient4": {
      "__use_legacy_max_distance": "true",
      "category": "hostile",
      "sounds": [
        "sounds/mob/witch/ambient4"
      ]
    },
    "mob.witch.ambient5": {
      "__use_legacy_max_distance": "true",
      "category": "hostile",
      "sounds": [
        "sounds/mob/witch/ambient5"
      ]
    },
    "whistle.sound": {
      "sounds": [
        "sounds/plutonium/whistle"
      ]
    }
  }
}