{"animations":{"animation.geyser_custom.geo_1293f0e.firstperson_main_hand":{"bones":{"geyser_custom":{"position":[4,18,4],"rotation":[90,60,-40],"scale":2},"geyser_custom_x":{"position":[-1.3913,4.8695,-0.6956],"rotation":[2,0,0],"scale":[0.6,0.6,0.6]},"geyser_custom_y":{"rotation":[0,106,0]},"geyser_custom_z":{"rotation":[0,0,-2]}},"loop":true},"animation.geyser_custom.geo_1293f0e.thirdperson_main_hand":{"bones":{"geyser_custom":{"position":[0,13,-3],"rotation":[90,0,0]},"geyser_custom_x":{"position":[0.2,-1.388,2.0869],"rotation":[0,0,0]},"geyser_custom_y":{"rotation":[0,90,0]},"geyser_custom_z":{"rotation":[0,0,0]}},"loop":true}},"format_version":"1.8.0"}