{
	"format_version": "1.12.0",
	"minecraft:geometry": [
		{
			"description": {
				"identifier": "geometry.epique",
				"texture_width": 128,
				"texture_height": 128,
				"visible_bounds_width": 3,
				"visible_bounds_height": 2.5,
				"visible_bounds_offset": [
					0,
					0.75,
					0
				]
			},
			"bones": [
				{
					"name": "root",
					"pivot": [
						0,
						0,
						0
					]
				},
				{
					"name": "crate",
					"parent": "root",
					"pivot": [
						-10.5,
						9.2,
						-8.5
					],
					"cubes": [
						{
							"origin": [
								-9,
								2,
								-9
							],
							"size": [
								18,
								9,
								18
							],
							"uv": {
								"north": {
									"uv": [
										40,
										0
									],
									"uv_size": [
										18,
										9
									]
								},
								"east": {
									"uv": [
										40,
										9
									],
									"uv_size": [
										18,
										9
									]
								},
								"south": {
									"uv": [
										18,
										40
									],
									"uv_size": [
										18,
										9
									]
								},
								"west": {
									"uv": [
										36,
										40
									],
									"uv_size": [
										18,
										9
									]
								},
								"up": {
									"uv": [
										0,
										22
									],
									"uv_size": [
										18,
										18
									]
								},
								"down": {
									"uv": [
										18,
										40
									],
									"uv_size": [
										18,
										-18
									]
								}
							}
						},
						{
							"origin": [
								-10,
								0,
								-11
							],
							"size": [
								20,
								2,
								22
							],
							"uv": {
								"north": {
									"uv": [
										4,
										68
									],
									"uv_size": [
										20,
										2
									]
								},
								"east": {
									"uv": [
										58,
										16
									],
									"uv_size": [
										22,
										2
									]
								},
								"south": {
									"uv": [
										52,
										69
									],
									"uv_size": [
										20,
										2
									]
								},
								"west": {
									"uv": [
										52,
										67
									],
									"uv_size": [
										22,
										2
									]
								},
								"up": {
									"uv": [
										0,
										0
									],
									"uv_size": [
										20,
										22
									]
								},
								"down": {
									"uv": [
										20,
										22
									],
									"uv_size": [
										20,
										-22
									]
								}
							}
						},
						{
							"origin": [
								-1.5,
								2,
								7
							],
							"size": [
								3,
								9,
								3
							],
							"uv": {
								"north": {
									"uv": [
										74,
										75
									],
									"uv_size": [
										3,
										9
									]
								},
								"east": {
									"uv": [
										23,
										76
									],
									"uv_size": [
										3,
										9
									]
								},
								"south": {
									"uv": [
										26,
										76
									],
									"uv_size": [
										3,
										9
									]
								},
								"west": {
									"uv": [
										77,
										75
									],
									"uv_size": [
										3,
										9
									]
								},
								"up": {
									"uv": [
										18,
										87
									],
									"uv_size": [
										3,
										3
									]
								},
								"down": {
									"uv": [
										87,
										24
									],
									"uv_size": [
										3,
										-3
									]
								}
							}
						}
					]
				},
				{
					"name": "up",
					"parent": "crate",
					"pivot": [
						0,
						11.11004,
						9.54545
					],
					"cubes": [
						{
							"origin": [
								-1.5,
								8,
								-10
							],
							"size": [
								3,
								3,
								0
							],
							"uv": {
								"north": {
									"uv": [
										87,
										24
									],
									"uv_size": [
										3,
										3
									]
								},
								"east": {
									"uv": [
										0,
										0
									],
									"uv_size": [
										0,
										3
									]
								},
								"south": {
									"uv": [
										87,
										27
									],
									"uv_size": [
										3,
										3
									]
								},
								"west": {
									"uv": [
										0,
										0
									],
									"uv_size": [
										0,
										3
									]
								},
								"up": {
									"uv": [
										0,
										0
									],
									"uv_size": [
										3,
										0
									]
								},
								"down": {
									"uv": [
										0,
										0
									],
									"uv_size": [
										3,
										0
									]
								}
							}
						},
						{
							"origin": [
								-1.5,
								11,
								-10
							],
							"size": [
								3,
								5,
								3
							],
							"uv": {
								"north": {
									"uv": [
										74,
										84
									],
									"uv_size": [
										3,
										5
									]
								},
								"east": {
									"uv": [
										77,
										84
									],
									"uv_size": [
										3,
										5
									]
								},
								"south": {
									"uv": [
										85,
										11
									],
									"uv_size": [
										3,
										5
									]
								},
								"west": {
									"uv": [
										85,
										16
									],
									"uv_size": [
										3,
										5
									]
								},
								"up": {
									"uv": [
										12,
										87
									],
									"uv_size": [
										3,
										3
									]
								},
								"down": {
									"uv": [
										15,
										90
									],
									"uv_size": [
										3,
										-3
									]
								}
							}
						},
						{
							"origin": [
								-1.5,
								12.15076,
								-20.70711
							],
							"size": [
								3,
								7,
								3
							],
							"pivot": [
								-10.5,
								1.15076,
								-10.70711
							],
							"rotation": [
								-45,
								0,
								0
							],
							"uv": {
								"north": {
									"uv": [
										80,
										80
									],
									"uv_size": [
										3,
										7
									]
								},
								"east": {
									"uv": [
										81,
										25
									],
									"uv_size": [
										3,
										7
									]
								},
								"south": {
									"uv": [
										29,
										81
									],
									"uv_size": [
										3,
										7
									]
								},
								"west": {
									"uv": [
										32,
										81
									],
									"uv_size": [
										3,
										7
									]
								},
								"up": {
									"uv": [
										6,
										87
									],
									"uv_size": [
										3,
										3
									]
								},
								"down": {
									"uv": [
										9,
										90
									],
									"uv_size": [
										3,
										-3
									]
								}
							}
						},
						{
							"origin": [
								-1.5,
								18,
								-5
							],
							"size": [
								3,
								3,
								10
							],
							"uv": {
								"north": {
									"uv": [
										0,
										87
									],
									"uv_size": [
										3,
										3
									]
								},
								"east": {
									"uv": [
										70,
										63
									],
									"uv_size": [
										10,
										3
									]
								},
								"south": {
									"uv": [
										3,
										87
									],
									"uv_size": [
										3,
										3
									]
								},
								"west": {
									"uv": [
										55,
										71
									],
									"uv_size": [
										10,
										3
									]
								},
								"up": {
									"uv": [
										65,
										71
									],
									"uv_size": [
										3,
										10
									]
								},
								"down": {
									"uv": [
										68,
										81
									],
									"uv_size": [
										3,
										-10
									]
								}
							}
						},
						{
							"origin": [
								9,
								11,
								-10
							],
							"size": [
								3,
								5,
								3
							],
							"uv": {
								"north": {
									"uv": [
										68,
										81
									],
									"uv_size": [
										3,
										5
									]
								},
								"east": {
									"uv": [
										9,
										82
									],
									"uv_size": [
										3,
										5
									]
								},
								"south": {
									"uv": [
										82,
										11
									],
									"uv_size": [
										3,
										5
									]
								},
								"west": {
									"uv": [
										12,
										82
									],
									"uv_size": [
										3,
										5
									]
								},
								"up": {
									"uv": [
										85,
										31
									],
									"uv_size": [
										3,
										3
									]
								},
								"down": {
									"uv": [
										85,
										37
									],
									"uv_size": [
										3,
										-3
									]
								}
							}
						},
						{
							"origin": [
								9,
								12.15076,
								-20.70711
							],
							"size": [
								3,
								7,
								3
							],
							"pivot": [
								0,
								1.15076,
								-10.70711
							],
							"rotation": [
								-45,
								0,
								0
							],
							"uv": {
								"north": {
									"uv": [
										76,
										8
									],
									"uv_size": [
										3,
										7
									]
								},
								"east": {
									"uv": [
										76,
										53
									],
									"uv_size": [
										3,
										7
									]
								},
								"south": {
									"uv": [
										78,
										26
									],
									"uv_size": [
										3,
										7
									]
								},
								"west": {
									"uv": [
										78,
										33
									],
									"uv_size": [
										3,
										7
									]
								},
								"up": {
									"uv": [
										35,
										85
									],
									"uv_size": [
										3,
										3
									]
								},
								"down": {
									"uv": [
										85,
										40
									],
									"uv_size": [
										3,
										-3
									]
								}
							}
						},
						{
							"origin": [
								9,
								18,
								-5
							],
							"size": [
								3,
								3,
								10
							],
							"uv": {
								"north": {
									"uv": [
										51,
										85
									],
									"uv_size": [
										3,
										3
									]
								},
								"east": {
									"uv": [
										40,
										18
									],
									"uv_size": [
										10,
										3
									]
								},
								"south": {
									"uv": [
										64,
										85
									],
									"uv_size": [
										3,
										3
									]
								},
								"west": {
									"uv": [
										4,
										58
									],
									"uv_size": [
										10,
										3
									]
								},
								"up": {
									"uv": [
										4,
										70
									],
									"uv_size": [
										3,
										10
									]
								},
								"down": {
									"uv": [
										7,
										80
									],
									"uv_size": [
										3,
										-10
									]
								}
							}
						},
						{
							"origin": [
								9,
								12.15076,
								17.70711
							],
							"size": [
								3,
								7,
								3
							],
							"pivot": [
								0,
								1.15076,
								10.70711
							],
							"rotation": [
								45,
								0,
								0
							],
							"uv": {
								"north": {
									"uv": [
										78,
										40
									],
									"uv_size": [
										3,
										7
									]
								},
								"east": {
									"uv": [
										78,
										66
									],
									"uv_size": [
										3,
										7
									]
								},
								"south": {
									"uv": [
										79,
										8
									],
									"uv_size": [
										3,
										7
									]
								},
								"west": {
									"uv": [
										79,
										18
									],
									"uv_size": [
										3,
										7
									]
								},
								"up": {
									"uv": [
										85,
										46
									],
									"uv_size": [
										3,
										3
									]
								},
								"down": {
									"uv": [
										85,
										52
									],
									"uv_size": [
										3,
										-3
									]
								}
							}
						},
						{
							"origin": [
								9,
								11,
								7
							],
							"size": [
								3,
								5,
								3
							],
							"uv": {
								"north": {
									"uv": [
										15,
										82
									],
									"uv_size": [
										3,
										5
									]
								},
								"east": {
									"uv": [
										82,
										16
									],
									"uv_size": [
										3,
										5
									]
								},
								"south": {
									"uv": [
										82,
										44
									],
									"uv_size": [
										3,
										5
									]
								},
								"west": {
									"uv": [
										82,
										49
									],
									"uv_size": [
										3,
										5
									]
								},
								"up": {
									"uv": [
										85,
										40
									],
									"uv_size": [
										3,
										3
									]
								},
								"down": {
									"uv": [
										85,
										46
									],
									"uv_size": [
										3,
										-3
									]
								}
							}
						},
						{
							"origin": [
								-9,
								11,
								-9
							],
							"size": [
								18,
								3,
								18
							],
							"uv": {
								"north": {
									"uv": [
										22,
										61
									],
									"uv_size": [
										18,
										3
									]
								},
								"east": {
									"uv": [
										22,
										64
									],
									"uv_size": [
										18,
										3
									]
								},
								"south": {
									"uv": [
										52,
										64
									],
									"uv_size": [
										18,
										3
									]
								},
								"west": {
									"uv": [
										4,
										65
									],
									"uv_size": [
										18,
										3
									]
								},
								"up": {
									"uv": [
										36,
										22
									],
									"uv_size": [
										18,
										18
									]
								},
								"down": {
									"uv": [
										0,
										58
									],
									"uv_size": [
										18,
										-18
									]
								}
							}
						},
						{
							"origin": [
								-9,
								16.8033,
								-10.57538
							],
							"size": [
								18,
								4,
								7
							],
							"pivot": [
								0,
								19.3033,
								-1.57538
							],
							"rotation": [
								45,
								0,
								0
							],
							"uv": {
								"north": {
									"uv": [
										58,
										8
									],
									"uv_size": [
										18,
										4
									]
								},
								"east": {
									"uv": [
										71,
										71
									],
									"uv_size": [
										7,
										4
									]
								},
								"south": {
									"uv": [
										58,
										12
									],
									"uv_size": [
										18,
										4
									]
								},
								"west": {
									"uv": [
										72,
										18
									],
									"uv_size": [
										7,
										4
									]
								},
								"up": {
									"uv": [
										54,
										18
									],
									"uv_size": [
										18,
										7
									]
								},
								"down": {
									"uv": [
										54,
										32
									],
									"uv_size": [
										18,
										-7
									]
								}
							}
						},
						{
							"origin": [
								-12,
								12.15076,
								-20.70711
							],
							"size": [
								3,
								7,
								3
							],
							"pivot": [
								0,
								1.15076,
								-10.70711
							],
							"rotation": [
								-45,
								0,
								0
							],
							"uv": {
								"north": {
									"uv": [
										48,
										79
									],
									"uv_size": [
										3,
										7
									]
								},
								"east": {
									"uv": [
										0,
										80
									],
									"uv_size": [
										3,
										7
									]
								},
								"south": {
									"uv": [
										80,
										0
									],
									"uv_size": [
										3,
										7
									]
								},
								"west": {
									"uv": [
										3,
										80
									],
									"uv_size": [
										3,
										7
									]
								},
								"up": {
									"uv": [
										44,
										86
									],
									"uv_size": [
										3,
										3
									]
								},
								"down": {
									"uv": [
										47,
										89
									],
									"uv_size": [
										3,
										-3
									]
								}
							}
						},
						{
							"origin": [
								-12,
								18,
								-5
							],
							"size": [
								3,
								3,
								10
							],
							"uv": {
								"north": {
									"uv": [
										85,
										64
									],
									"uv_size": [
										3,
										3
									]
								},
								"east": {
									"uv": [
										10,
										70
									],
									"uv_size": [
										10,
										3
									]
								},
								"south": {
									"uv": [
										85,
										67
									],
									"uv_size": [
										3,
										3
									]
								},
								"west": {
									"uv": [
										70,
										60
									],
									"uv_size": [
										10,
										3
									]
								},
								"up": {
									"uv": [
										20,
										70
									],
									"uv_size": [
										3,
										10
									]
								},
								"down": {
									"uv": [
										52,
										81
									],
									"uv_size": [
										3,
										-10
									]
								}
							}
						},
						{
							"origin": [
								-12,
								11,
								-10
							],
							"size": [
								3,
								5,
								3
							],
							"uv": {
								"north": {
									"uv": [
										61,
										83
									],
									"uv_size": [
										3,
										5
									]
								},
								"east": {
									"uv": [
										83,
										73
									],
									"uv_size": [
										3,
										5
									]
								},
								"south": {
									"uv": [
										83,
										78
									],
									"uv_size": [
										3,
										5
									]
								},
								"west": {
									"uv": [
										83,
										83
									],
									"uv_size": [
										3,
										5
									]
								},
								"up": {
									"uv": [
										86,
										52
									],
									"uv_size": [
										3,
										3
									]
								},
								"down": {
									"uv": [
										86,
										58
									],
									"uv_size": [
										3,
										-3
									]
								}
							}
						},
						{
							"origin": [
								-12,
								11,
								7
							],
							"size": [
								3,
								5,
								3
							],
							"uv": {
								"north": {
									"uv": [
										83,
										0
									],
									"uv_size": [
										3,
										5
									]
								},
								"east": {
									"uv": [
										83,
										54
									],
									"uv_size": [
										3,
										5
									]
								},
								"south": {
									"uv": [
										55,
										83
									],
									"uv_size": [
										3,
										5
									]
								},
								"west": {
									"uv": [
										58,
										83
									],
									"uv_size": [
										3,
										5
									]
								},
								"up": {
									"uv": [
										86,
										3
									],
									"uv_size": [
										3,
										3
									]
								},
								"down": {
									"uv": [
										86,
										9
									],
									"uv_size": [
										3,
										-3
									]
								}
							}
						},
						{
							"origin": [
								-12,
								12.15076,
								17.70711
							],
							"size": [
								3,
								7,
								3
							],
							"pivot": [
								0,
								1.15076,
								10.70711
							],
							"rotation": [
								45,
								0,
								0
							],
							"uv": {
								"north": {
									"uv": [
										39,
										79
									],
									"uv_size": [
										3,
										7
									]
								},
								"east": {
									"uv": [
										42,
										79
									],
									"uv_size": [
										3,
										7
									]
								},
								"south": {
									"uv": [
										45,
										79
									],
									"uv_size": [
										3,
										7
									]
								},
								"west": {
									"uv": [
										79,
										47
									],
									"uv_size": [
										3,
										7
									]
								},
								"up": {
									"uv": [
										85,
										70
									],
									"uv_size": [
										3,
										3
									]
								},
								"down": {
									"uv": [
										86,
										3
									],
									"uv_size": [
										3,
										-3
									]
								}
							}
						},
						{
							"origin": [
								-1.5,
								12.15076,
								17.70711
							],
							"size": [
								3,
								7,
								3
							],
							"pivot": [
								-10.5,
								1.15076,
								10.70711
							],
							"rotation": [
								45,
								0,
								0
							],
							"uv": {
								"north": {
									"uv": [
										6,
										80
									],
									"uv_size": [
										3,
										7
									]
								},
								"east": {
									"uv": [
										19,
										80
									],
									"uv_size": [
										3,
										7
									]
								},
								"south": {
									"uv": [
										80,
										54
									],
									"uv_size": [
										3,
										7
									]
								},
								"west": {
									"uv": [
										80,
										73
									],
									"uv_size": [
										3,
										7
									]
								},
								"up": {
									"uv": [
										86,
										82
									],
									"uv_size": [
										3,
										3
									]
								},
								"down": {
									"uv": [
										86,
										88
									],
									"uv_size": [
										3,
										-3
									]
								}
							}
						},
						{
							"origin": [
								-1.5,
								11,
								7
							],
							"size": [
								3,
								5,
								3
							],
							"uv": {
								"north": {
									"uv": [
										84,
										21
									],
									"uv_size": [
										3,
										5
									]
								},
								"east": {
									"uv": [
										84,
										26
									],
									"uv_size": [
										3,
										5
									]
								},
								"south": {
									"uv": [
										84,
										59
									],
									"uv_size": [
										3,
										5
									]
								},
								"west": {
									"uv": [
										71,
										84
									],
									"uv_size": [
										3,
										5
									]
								},
								"up": {
									"uv": [
										86,
										76
									],
									"uv_size": [
										3,
										3
									]
								},
								"down": {
									"uv": [
										86,
										82
									],
									"uv_size": [
										3,
										-3
									]
								}
							}
						},
						{
							"origin": [
								-9,
								14,
								-4
							],
							"size": [
								18,
								5,
								8
							],
							"uv": {
								"north": {
									"uv": [
										54,
										46
									],
									"uv_size": [
										18,
										5
									]
								},
								"east": {
									"uv": [
										24,
										67
									],
									"uv_size": [
										8,
										5
									]
								},
								"south": {
									"uv": [
										54,
										51
									],
									"uv_size": [
										18,
										5
									]
								},
								"west": {
									"uv": [
										32,
										67
									],
									"uv_size": [
										8,
										5
									]
								},
								"up": {
									"uv": [
										18,
										49
									],
									"uv_size": [
										18,
										8
									]
								},
								"down": {
									"uv": [
										36,
										57
									],
									"uv_size": [
										18,
										-8
									]
								}
							}
						},
						{
							"origin": [
								-9,
								16.8033,
								3.57538
							],
							"size": [
								18,
								4,
								7
							],
							"pivot": [
								0,
								19.3033,
								1.57538
							],
							"rotation": [
								-45,
								0,
								0
							],
							"uv": {
								"north": {
									"uv": [
										52,
										60
									],
									"uv_size": [
										18,
										4
									]
								},
								"east": {
									"uv": [
										72,
										22
									],
									"uv_size": [
										7,
										4
									]
								},
								"south": {
									"uv": [
										4,
										61
									],
									"uv_size": [
										18,
										4
									]
								},
								"west": {
									"uv": [
										23,
										72
									],
									"uv_size": [
										7,
										4
									]
								},
								"up": {
									"uv": [
										54,
										32
									],
									"uv_size": [
										18,
										7
									]
								},
								"down": {
									"uv": [
										54,
										46
									],
									"uv_size": [
										18,
										-7
									]
								}
							}
						}
					]
				},
				{
					"name": "part1",
					"parent": "crate",
					"pivot": [
						-8.65684,
						5.31089,
						0
					],
					"cubes": [
						{
							"origin": [
								-10,
								0.7,
								-12
							],
							"size": [
								4,
								4,
								2
							],
							"pivot": [
								-7.5,
								2.2,
								-8.5
							],
							"rotation": [
								0,
								0,
								45
							],
							"uv": {
								"north": {
									"uv": [
										64,
										81
									],
									"uv_size": [
										4,
										4
									]
								},
								"east": {
									"uv": [
										29,
										88
									],
									"uv_size": [
										2,
										4
									]
								},
								"south": {
									"uv": [
										81,
										65
									],
									"uv_size": [
										4,
										4
									]
								},
								"west": {
									"uv": [
										88,
										30
									],
									"uv_size": [
										2,
										4
									]
								},
								"up": {
									"uv": [
										31,
										88
									],
									"uv_size": [
										4,
										2
									]
								},
								"down": {
									"uv": [
										88,
										36
									],
									"uv_size": [
										4,
										-2
									]
								}
							}
						},
						{
							"origin": [
								-10.83569,
								1.14659,
								-10
							],
							"size": [
								3,
								9,
								3
							],
							"pivot": [
								-8.53569,
								6.64659,
								0
							],
							"rotation": [
								0,
								0,
								-22.5
							],
							"uv": {
								"north": {
									"uv": [
										75,
										26
									],
									"uv_size": [
										3,
										9
									]
								},
								"east": {
									"uv": [
										75,
										35
									],
									"uv_size": [
										3,
										9
									]
								},
								"south": {
									"uv": [
										75,
										44
									],
									"uv_size": [
										3,
										9
									]
								},
								"west": {
									"uv": [
										71,
										75
									],
									"uv_size": [
										3,
										9
									]
								},
								"up": {
									"uv": [
										67,
										86
									],
									"uv_size": [
										3,
										3
									]
								},
								"down": {
									"uv": [
										86,
										76
									],
									"uv_size": [
										3,
										-3
									]
								}
							}
						},
						{
							"origin": [
								-13,
								7.7,
								-11
							],
							"size": [
								4,
								4,
								22
							],
							"pivot": [
								-10.5,
								9.2,
								-8.5
							],
							"rotation": [
								0,
								0,
								45
							],
							"uv": {
								"north": {
									"uv": [
										81,
										69
									],
									"uv_size": [
										4,
										4
									]
								},
								"east": {
									"uv": [
										58,
										0
									],
									"uv_size": [
										22,
										4
									]
								},
								"south": {
									"uv": [
										82,
										7
									],
									"uv_size": [
										4,
										4
									]
								},
								"west": {
									"uv": [
										58,
										4
									],
									"uv_size": [
										22,
										4
									]
								},
								"up": {
									"uv": [
										48,
										57
									],
									"uv_size": [
										4,
										22
									]
								},
								"down": {
									"uv": [
										0,
										80
									],
									"uv_size": [
										4,
										-22
									]
								}
							}
						},
						{
							"origin": [
								-10.83569,
								1.14659,
								7
							],
							"size": [
								3,
								9,
								3
							],
							"pivot": [
								-8.53569,
								6.64659,
								0
							],
							"rotation": [
								0,
								0,
								-22.5
							],
							"uv": {
								"north": {
									"uv": [
										16,
										73
									],
									"uv_size": [
										3,
										9
									]
								},
								"east": {
									"uv": [
										55,
										74
									],
									"uv_size": [
										3,
										9
									]
								},
								"south": {
									"uv": [
										58,
										74
									],
									"uv_size": [
										3,
										9
									]
								},
								"west": {
									"uv": [
										61,
										74
									],
									"uv_size": [
										3,
										9
									]
								},
								"up": {
									"uv": [
										38,
										86
									],
									"uv_size": [
										3,
										3
									]
								},
								"down": {
									"uv": [
										41,
										89
									],
									"uv_size": [
										3,
										-3
									]
								}
							}
						},
						{
							"origin": [
								-10,
								0.7,
								10
							],
							"size": [
								4,
								4,
								2
							],
							"pivot": [
								-7.5,
								2.2,
								8.5
							],
							"rotation": [
								0,
								0,
								45
							],
							"uv": {
								"north": {
									"uv": [
										81,
										40
									],
									"uv_size": [
										4,
										4
									]
								},
								"east": {
									"uv": [
										21,
										88
									],
									"uv_size": [
										2,
										4
									]
								},
								"south": {
									"uv": [
										51,
										81
									],
									"uv_size": [
										4,
										4
									]
								},
								"west": {
									"uv": [
										23,
										88
									],
									"uv_size": [
										2,
										4
									]
								},
								"up": {
									"uv": [
										88,
										19
									],
									"uv_size": [
										4,
										2
									]
								},
								"down": {
									"uv": [
										25,
										90
									],
									"uv_size": [
										4,
										-2
									]
								}
							}
						}
					]
				},
				{
					"name": "part2",
					"parent": "crate",
					"pivot": [
						8.65684,
						5.31089,
						0
					],
					"cubes": [
						{
							"origin": [
								6,
								0.7,
								-12
							],
							"size": [
								4,
								4,
								2
							],
							"pivot": [
								7.5,
								2.2,
								-8.5
							],
							"rotation": [
								0,
								0,
								-45
							],
							"uv": {
								"north": {
									"uv": [
										68,
										81
									],
									"uv_size": [
										-4,
										4
									]
								},
								"east": {
									"uv": [
										90,
										30
									],
									"uv_size": [
										-2,
										4
									]
								},
								"south": {
									"uv": [
										85,
										65
									],
									"uv_size": [
										-4,
										4
									]
								},
								"west": {
									"uv": [
										31,
										88
									],
									"uv_size": [
										-2,
										4
									]
								},
								"up": {
									"uv": [
										35,
										88
									],
									"uv_size": [
										-4,
										2
									]
								},
								"down": {
									"uv": [
										92,
										36
									],
									"uv_size": [
										-4,
										-2
									]
								}
							}
						},
						{
							"origin": [
								7.83569,
								1.14659,
								-10
							],
							"size": [
								3,
								9,
								3
							],
							"pivot": [
								8.53569,
								6.64659,
								0
							],
							"rotation": [
								0,
								0,
								22.5
							],
							"uv": {
								"north": {
									"uv": [
										78,
										26
									],
									"uv_size": [
										-3,
										9
									]
								},
								"east": {
									"uv": [
										74,
										75
									],
									"uv_size": [
										-3,
										9
									]
								},
								"south": {
									"uv": [
										78,
										44
									],
									"uv_size": [
										-3,
										9
									]
								},
								"west": {
									"uv": [
										78,
										35
									],
									"uv_size": [
										-3,
										9
									]
								},
								"up": {
									"uv": [
										70,
										86
									],
									"uv_size": [
										-3,
										3
									]
								},
								"down": {
									"uv": [
										89,
										76
									],
									"uv_size": [
										-3,
										-3
									]
								}
							}
						},
						{
							"origin": [
								9,
								7.7,
								-11
							],
							"size": [
								4,
								4,
								22
							],
							"pivot": [
								10.5,
								9.2,
								-8.5
							],
							"rotation": [
								0,
								0,
								-45
							],
							"uv": {
								"north": {
									"uv": [
										85,
										69
									],
									"uv_size": [
										-4,
										4
									]
								},
								"east": {
									"uv": [
										80,
										4
									],
									"uv_size": [
										-22,
										4
									]
								},
								"south": {
									"uv": [
										86,
										7
									],
									"uv_size": [
										-4,
										4
									]
								},
								"west": {
									"uv": [
										80,
										0
									],
									"uv_size": [
										-22,
										4
									]
								},
								"up": {
									"uv": [
										52,
										57
									],
									"uv_size": [
										-4,
										22
									]
								},
								"down": {
									"uv": [
										4,
										80
									],
									"uv_size": [
										-4,
										-22
									]
								}
							}
						},
						{
							"origin": [
								7.83569,
								1.14659,
								7
							],
							"size": [
								3,
								9,
								3
							],
							"pivot": [
								8.53569,
								6.64659,
								0
							],
							"rotation": [
								0,
								0,
								22.5
							],
							"uv": {
								"north": {
									"uv": [
										19,
										73
									],
									"uv_size": [
										-3,
										9
									]
								},
								"east": {
									"uv": [
										64,
										74
									],
									"uv_size": [
										-3,
										9
									]
								},
								"south": {
									"uv": [
										61,
										74
									],
									"uv_size": [
										-3,
										9
									]
								},
								"west": {
									"uv": [
										58,
										74
									],
									"uv_size": [
										-3,
										9
									]
								},
								"up": {
									"uv": [
										41,
										86
									],
									"uv_size": [
										-3,
										3
									]
								},
								"down": {
									"uv": [
										44,
										89
									],
									"uv_size": [
										-3,
										-3
									]
								}
							}
						},
						{
							"origin": [
								6,
								0.7,
								10
							],
							"size": [
								4,
								4,
								2
							],
							"pivot": [
								7.5,
								2.2,
								8.5
							],
							"rotation": [
								0,
								0,
								-45
							],
							"uv": {
								"north": {
									"uv": [
										85,
										40
									],
									"uv_size": [
										-4,
										4
									]
								},
								"east": {
									"uv": [
										25,
										88
									],
									"uv_size": [
										-2,
										4
									]
								},
								"south": {
									"uv": [
										55,
										81
									],
									"uv_size": [
										-4,
										4
									]
								},
								"west": {
									"uv": [
										23,
										88
									],
									"uv_size": [
										-2,
										4
									]
								},
								"up": {
									"uv": [
										92,
										19
									],
									"uv_size": [
										-4,
										2
									]
								},
								"down": {
									"uv": [
										29,
										90
									],
									"uv_size": [
										-4,
										-2
									]
								}
							}
						}
					]
				}
			]
		}
	]
}