{
	"format_version": "1.12.0",
	"minecraft:geometry": [
		{
			"description": {
				"identifier": "geometry.key_rare",
				"texture_width": 32,
				"texture_height": 32,
				"visible_bounds_width": 3,
				"visible_bounds_height": 2.5,
				"visible_bounds_offset": [
					0,
					0.75,
					0
				]
			},
			"bones": [
				{
					"name": "key",
					"pivot": [
						-0.5,
						2,
						-1
					],
					"cubes": [
						{
							"origin": [
								-8,
								-4,
								-4
							],
							"size": [
								0,
								12,
								12
							],
							"pivot": [
								-8,
								2,
								2
							],
							"rotation": [
								-45,
								0,
								0
							],
							"uv": {
								"north": {
									"uv": [
										0,
										0
									],
									"uv_size": [
										0,
										12
									]
								},
								"east": {
									"uv": [
										0,
										0
									],
									"uv_size": [
										12,
										12
									]
								},
								"south": {
									"uv": [
										0,
										0
									],
									"uv_size": [
										0,
										12
									]
								},
								"west": {
									"uv": [
										0,
										12
									],
									"uv_size": [
										12,
										12
									]
								},
								"up": {
									"uv": [
										0,
										0
									],
									"uv_size": [
										0,
										12
									]
								},
								"down": {
									"uv": [
										0,
										12
									],
									"uv_size": [
										0,
										-12
									]
								}
							}
						},
						{
							"origin": [
								-8.5,
								0,
								0
							],
							"size": [
								1,
								4,
								4
							],
							"pivot": [
								-7.5,
								2,
								2
							],
							"rotation": [
								-45,
								0,
								0
							],
							"uv": {
								"north": {
									"uv": [
										12,
										16
									],
									"uv_size": [
										1,
										4
									]
								},
								"east": {
									"uv": [
										12,
										0
									],
									"uv_size": [
										4,
										4
									]
								},
								"south": {
									"uv": [
										13,
										16
									],
									"uv_size": [
										1,
										4
									]
								},
								"west": {
									"uv": [
										12,
										4
									],
									"uv_size": [
										4,
										4
									]
								},
								"up": {
									"uv": [
										14,
										16
									],
									"uv_size": [
										1,
										4
									]
								},
								"down": {
									"uv": [
										16,
										18
									],
									"uv_size": [
										1,
										-4
									]
								}
							}
						},
						{
							"origin": [
								-8.5,
								1.5,
								-6
							],
							"size": [
								1,
								1,
								6
							],
							"pivot": [
								-8,
								2,
								-3
							],
							"rotation": [
								0,
								0,
								-45
							],
							"uv": {
								"north": {
									"uv": [
										19,
										13
									],
									"uv_size": [
										1,
										1
									]
								},
								"east": {
									"uv": [
										16,
										0
									],
									"uv_size": [
										6,
										1
									]
								},
								"south": {
									"uv": [
										19,
										14
									],
									"uv_size": [
										1,
										1
									]
								},
								"west": {
									"uv": [
										16,
										1
									],
									"uv_size": [
										6,
										1
									]
								},
								"up": {
									"uv": [
										16,
										2
									],
									"uv_size": [
										1,
										6
									]
								},
								"down": {
									"uv": [
										16,
										14
									],
									"uv_size": [
										1,
										-6
									]
								}
							}
						},
						{
							"origin": [
								-9,
								0,
								-7
							],
							"size": [
								2,
								4,
								1
							],
							"uv": {
								"north": {
									"uv": [
										12,
										8
									],
									"uv_size": [
										2,
										4
									]
								},
								"east": {
									"uv": [
										15,
										16
									],
									"uv_size": [
										1,
										4
									]
								},
								"south": {
									"uv": [
										12,
										12
									],
									"uv_size": [
										2,
										4
									]
								},
								"west": {
									"uv": [
										17,
										2
									],
									"uv_size": [
										1,
										4
									]
								},
								"up": {
									"uv": [
										18,
										18
									],
									"uv_size": [
										2,
										1
									]
								},
								"down": {
									"uv": [
										19,
										7
									],
									"uv_size": [
										2,
										-1
									]
								}
							}
						},
						{
							"origin": [
								-9,
								2,
								-9
							],
							"size": [
								2,
								2,
								2
							],
							"uv": {
								"north": {
									"uv": [
										17,
										6
									],
									"uv_size": [
										2,
										2
									]
								},
								"east": {
									"uv": [
										17,
										8
									],
									"uv_size": [
										2,
										2
									]
								},
								"south": {
									"uv": [
										17,
										10
									],
									"uv_size": [
										2,
										2
									]
								},
								"west": {
									"uv": [
										17,
										12
									],
									"uv_size": [
										2,
										2
									]
								},
								"up": {
									"uv": [
										17,
										14
									],
									"uv_size": [
										2,
										2
									]
								},
								"down": {
									"uv": [
										17,
										18
									],
									"uv_size": [
										2,
										-2
									]
								}
							}
						},
						{
							"origin": [
								-9,
								0,
								-9
							],
							"size": [
								2,
								1,
								2
							],
							"uv": {
								"north": {
									"uv": [
										19,
										7
									],
									"uv_size": [
										2,
										1
									]
								},
								"east": {
									"uv": [
										19,
										8
									],
									"uv_size": [
										2,
										1
									]
								},
								"south": {
									"uv": [
										19,
										9
									],
									"uv_size": [
										2,
										1
									]
								},
								"west": {
									"uv": [
										19,
										10
									],
									"uv_size": [
										2,
										1
									]
								},
								"up": {
									"uv": [
										18,
										2
									],
									"uv_size": [
										2,
										2
									]
								},
								"down": {
									"uv": [
										18,
										6
									],
									"uv_size": [
										2,
										-2
									]
								}
							}
						},
						{
							"origin": [
								-9,
								0,
								-1
							],
							"size": [
								2,
								4,
								1
							],
							"uv": {
								"north": {
									"uv": [
										14,
										8
									],
									"uv_size": [
										2,
										4
									]
								},
								"east": {
									"uv": [
										16,
										18
									],
									"uv_size": [
										1,
										4
									]
								},
								"south": {
									"uv": [
										14,
										12
									],
									"uv_size": [
										2,
										4
									]
								},
								"west": {
									"uv": [
										17,
										18
									],
									"uv_size": [
										1,
										4
									]
								},
								"up": {
									"uv": [
										19,
										11
									],
									"uv_size": [
										2,
										1
									]
								},
								"down": {
									"uv": [
										19,
										13
									],
									"uv_size": [
										2,
										-1
									]
								}
							}
						}
					]
				}
			]
		}
	]
}