{
	"format_version": "1.12.0",
	"minecraft:geometry": [
		{
			"description": {
				"identifier": "geometry.key_legendaire",
				"texture_width": 16,
				"texture_height": 16,
				"visible_bounds_width": 3,
				"visible_bounds_height": 1.5,
				"visible_bounds_offset": [
					0,
					0.25,
					0
				]
			},
			"bones": [
				{
					"name": "key_4",
					"pivot": [
						-8,
						2.5,
						-3.1
					],
					"cubes": [
						{
							"origin": [
								-8.5,
								2.4,
								-5.2
							],
							"size": [
								1,
								1,
								2
							],
							"uv": {
								"north": {
									"uv": [
										2,
										9
									],
									"uv_size": [
										1,
										1
									]
								},
								"east": {
									"uv": [
										5,
										8
									],
									"uv_size": [
										2,
										1
									]
								},
								"south": {
									"uv": [
										3,
										9
									],
									"uv_size": [
										1,
										1
									]
								},
								"west": {
									"uv": [
										8,
										5
									],
									"uv_size": [
										2,
										1
									]
								},
								"up": {
									"uv": [
										8,
										6
									],
									"uv_size": [
										1,
										2
									]
								},
								"down": {
									"uv": [
										7,
										10
									],
									"uv_size": [
										1,
										-2
									]
								}
							}
						},
						{
							"origin": [
								-8.5,
								2,
								-3
							],
							"size": [
								1,
								1,
								4
							],
							"uv": {
								"north": {
									"uv": [
										9,
										3
									],
									"uv_size": [
										1,
										1
									]
								},
								"east": {
									"uv": [
										0,
										8
									],
									"uv_size": [
										4,
										1
									]
								},
								"south": {
									"uv": [
										9,
										4
									],
									"uv_size": [
										1,
										1
									]
								},
								"west": {
									"uv": [
										8,
										0
									],
									"uv_size": [
										4,
										1
									]
								},
								"up": {
									"uv": [
										8,
										1
									],
									"uv_size": [
										1,
										4
									]
								},
								"down": {
									"uv": [
										4,
										12
									],
									"uv_size": [
										1,
										-4
									]
								}
							}
						},
						{
							"origin": [
								-8.5,
								1.5,
								-3.6
							],
							"size": [
								1,
								2,
								1
							],
							"pivot": [
								-8,
								2.5,
								-3.1
							],
							"rotation": [
								0,
								45,
								0
							],
							"uv": {
								"north": {
									"uv": [
										8,
										8
									],
									"uv_size": [
										1,
										2
									]
								},
								"east": {
									"uv": [
										0,
										9
									],
									"uv_size": [
										1,
										2
									]
								},
								"south": {
									"uv": [
										1,
										9
									],
									"uv_size": [
										1,
										2
									]
								},
								"west": {
									"uv": [
										9,
										1
									],
									"uv_size": [
										1,
										2
									]
								},
								"up": {
									"uv": [
										5,
										9
									],
									"uv_size": [
										1,
										1
									]
								},
								"down": {
									"uv": [
										6,
										10
									],
									"uv_size": [
										1,
										-1
									]
								}
							}
						},
						{
							"origin": [
								-9,
								0,
								0
							],
							"size": [
								2,
								4,
								4
							],
							"pivot": [
								-8,
								2.5,
								1.5
							],
							"rotation": [
								45,
								0,
								0
							],
							"uv": {
								"north": {
									"uv": [
										4,
										0
									],
									"uv_size": [
										2,
										4
									]
								},
								"east": {
									"uv": [
										0,
										0
									],
									"uv_size": [
										4,
										4
									]
								},
								"south": {
									"uv": [
										4,
										4
									],
									"uv_size": [
										2,
										4
									]
								},
								"west": {
									"uv": [
										0,
										4
									],
									"uv_size": [
										4,
										4
									]
								},
								"up": {
									"uv": [
										6,
										0
									],
									"uv_size": [
										2,
										4
									]
								},
								"down": {
									"uv": [
										6,
										8
									],
									"uv_size": [
										2,
										-4
									]
								}
							}
						}
					]
				}
			]
		}
	]
}