{
	"format_version": "1.12.0",
	"minecraft:geometry": [
		{
			"description": {
				"identifier": "geometry.key_epique",
				"texture_width": 16,
				"texture_height": 16,
				"visible_bounds_width": 2,
				"visible_bounds_height": 1.5,
				"visible_bounds_offset": [
					0,
					0.25,
					0
				]
			},
			"bones": [
				{
					"name": "key_3",
					"pivot": [
						-1,
						1,
						1
					],
					"cubes": [
						{
							"origin": [
								-2.5,
								0,
								-0.5
							],
							"size": [
								3,
								1,
								4
							],
							"pivot": [
								-1,
								1,
								1
							],
							"rotation": [
								45,
								0,
								0
							],
							"uv": {
								"north": {
									"uv": [
										8,
										4
									],
									"uv_size": [
										3,
										1
									]
								},
								"east": {
									"uv": [
										2,
										7
									],
									"uv_size": [
										4,
										1
									]
								},
								"south": {
									"uv": [
										8,
										5
									],
									"uv_size": [
										3,
										1
									]
								},
								"west": {
									"uv": [
										2,
										8
									],
									"uv_size": [
										4,
										1
									]
								},
								"up": {
									"uv": [
										0,
										0
									],
									"uv_size": [
										3,
										4
									]
								},
								"down": {
									"uv": [
										3,
										4
									],
									"uv_size": [
										3,
										-4
									]
								}
							}
						},
						{
							"origin": [
								-2,
								-1,
								0
							],
							"size": [
								2,
								3,
								3
							],
							"pivot": [
								-1,
								1,
								1
							],
							"rotation": [
								45,
								0,
								0
							],
							"uv": {
								"north": {
									"uv": [
										6,
										0
									],
									"uv_size": [
										2,
										3
									]
								},
								"east": {
									"uv": [
										0,
										4
									],
									"uv_size": [
										3,
										3
									]
								},
								"south": {
									"uv": [
										6,
										3
									],
									"uv_size": [
										2,
										3
									]
								},
								"west": {
									"uv": [
										3,
										4
									],
									"uv_size": [
										3,
										3
									]
								},
								"up": {
									"uv": [
										6,
										6
									],
									"uv_size": [
										2,
										3
									]
								},
								"down": {
									"uv": [
										0,
										10
									],
									"uv_size": [
										2,
										-3
									]
								}
							}
						},
						{
							"origin": [
								-1.5,
								0.5,
								-2
							],
							"size": [
								1,
								1,
								3
							],
							"uv": {
								"north": {
									"uv": [
										10,
										8
									],
									"uv_size": [
										1,
										1
									]
								},
								"east": {
									"uv": [
										8,
										6
									],
									"uv_size": [
										3,
										1
									]
								},
								"south": {
									"uv": [
										9,
										10
									],
									"uv_size": [
										1,
										1
									]
								},
								"west": {
									"uv": [
										8,
										7
									],
									"uv_size": [
										3,
										1
									]
								},
								"up": {
									"uv": [
										8,
										8
									],
									"uv_size": [
										1,
										3
									]
								},
								"down": {
									"uv": [
										2,
										12
									],
									"uv_size": [
										1,
										-3
									]
								}
							}
						},
						{
							"origin": [
								-3.5,
								0.5,
								-3
							],
							"size": [
								5,
								1,
								1
							],
							"uv": {
								"north": {
									"uv": [
										8,
										0
									],
									"uv_size": [
										5,
										1
									]
								},
								"east": {
									"uv": [
										10,
										9
									],
									"uv_size": [
										1,
										1
									]
								},
								"south": {
									"uv": [
										8,
										1
									],
									"uv_size": [
										5,
										1
									]
								},
								"west": {
									"uv": [
										10,
										10
									],
									"uv_size": [
										1,
										1
									]
								},
								"up": {
									"uv": [
										8,
										2
									],
									"uv_size": [
										5,
										1
									]
								},
								"down": {
									"uv": [
										8,
										4
									],
									"uv_size": [
										5,
										-1
									]
								}
							}
						},
						{
							"origin": [
								0.5,
								0.5,
								-5
							],
							"size": [
								1,
								1,
								2
							],
							"uv": {
								"north": {
									"uv": [
										0,
										11
									],
									"uv_size": [
										1,
										1
									]
								},
								"east": {
									"uv": [
										3,
										9
									],
									"uv_size": [
										2,
										1
									]
								},
								"south": {
									"uv": [
										1,
										11
									],
									"uv_size": [
										1,
										1
									]
								},
								"west": {
									"uv": [
										5,
										9
									],
									"uv_size": [
										2,
										1
									]
								},
								"up": {
									"uv": [
										7,
										9
									],
									"uv_size": [
										1,
										2
									]
								},
								"down": {
									"uv": [
										9,
										10
									],
									"uv_size": [
										1,
										-2
									]
								}
							}
						},
						{
							"origin": [
								-3.5,
								0.5,
								-5
							],
							"size": [
								1,
								1,
								2
							],
							"uv": {
								"north": {
									"uv": [
										3,
										11
									],
									"uv_size": [
										1,
										1
									]
								},
								"east": {
									"uv": [
										0,
										10
									],
									"uv_size": [
										2,
										1
									]
								},
								"south": {
									"uv": [
										4,
										11
									],
									"uv_size": [
										1,
										1
									]
								},
								"west": {
									"uv": [
										3,
										10
									],
									"uv_size": [
										2,
										1
									]
								},
								"up": {
									"uv": [
										5,
										10
									],
									"uv_size": [
										1,
										2
									]
								},
								"down": {
									"uv": [
										6,
										12
									],
									"uv_size": [
										1,
										-2
									]
								}
							}
						}
					]
				}
			]
		}
	]
}