{
	"format_version": "1.12.0",
	"minecraft:geometry": [
		{
			"description": {
				"identifier": "geometry.legendaire",
				"texture_width": 128,
				"texture_height": 128,
				"visible_bounds_width": 3,
				"visible_bounds_height": 3.5,
				"visible_bounds_offset": [
					0,
					1.25,
					0
				]
			},
			"bones": [
				{
					"name": "bone",
					"pivot": [
						1.5,
						12,
						-9.9
					],
					"cubes": [
						{
							"origin": [
								-10,
								2,
								-9
							],
							"size": [
								20,
								10,
								18
							],
							"uv": {
								"north": {
									"uv": [
										42,
										14
									],
									"uv_size": [
										20,
										10
									]
								},
								"east": {
									"uv": [
										16,
										50
									],
									"uv_size": [
										18,
										10
									]
								},
								"south": {
									"uv": [
										42,
										24
									],
									"uv_size": [
										20,
										10
									]
								},
								"west": {
									"uv": [
										34,
										50
									],
									"uv_size": [
										18,
										10
									]
								},
								"up": {
									"uv": [
										22,
										0
									],
									"uv_size": [
										20,
										18
									]
								},
								"down": {
									"uv": [
										22,
										36
									],
									"uv_size": [
										20,
										-18
									]
								}
							}
						},
						{
							"origin": [
								8,
								0.1,
								-11
							],
							"size": [
								4,
								10,
								4
							],
							"uv": {
								"north": {
									"uv": [
										16,
										40
									],
									"uv_size": [
										4,
										10
									]
								},
								"east": {
									"uv": [
										62,
										16
									],
									"uv_size": [
										4,
										10
									]
								},
								"south": {
									"uv": [
										8,
										63
									],
									"uv_size": [
										4,
										10
									]
								},
								"west": {
									"uv": [
										12,
										63
									],
									"uv_size": [
										4,
										10
									]
								},
								"up": {
									"uv": [
										62,
										30
									],
									"uv_size": [
										4,
										4
									]
								},
								"down": {
									"uv": [
										74,
										34
									],
									"uv_size": [
										4,
										-4
									]
								}
							}
						},
						{
							"origin": [
								8,
								-0.3,
								-12.9
							],
							"size": [
								4,
								3,
								3
							],
							"pivot": [
								10,
								1.6,
								-9
							],
							"rotation": [
								-45,
								0,
								0
							],
							"uv": {
								"north": {
									"uv": [
										76,
										13
									],
									"uv_size": [
										4,
										3
									]
								},
								"east": {
									"uv": [
										72,
										82
									],
									"uv_size": [
										3,
										3
									]
								},
								"south": {
									"uv": [
										64,
										76
									],
									"uv_size": [
										4,
										3
									]
								},
								"west": {
									"uv": [
										34,
										84
									],
									"uv_size": [
										3,
										3
									]
								},
								"up": {
									"uv": [
										76,
										66
									],
									"uv_size": [
										4,
										3
									]
								},
								"down": {
									"uv": [
										68,
										79
									],
									"uv_size": [
										4,
										-3
									]
								}
							}
						},
						{
							"origin": [
								8,
								0.01421,
								-13.10122
							],
							"size": [
								4,
								3,
								3
							],
							"uv": {
								"north": {
									"uv": [
										76,
										69
									],
									"uv_size": [
										4,
										3
									]
								},
								"east": {
									"uv": [
										43,
										84
									],
									"uv_size": [
										3,
										3
									]
								},
								"south": {
									"uv": [
										72,
										76
									],
									"uv_size": [
										4,
										3
									]
								},
								"west": {
									"uv": [
										84,
										55
									],
									"uv_size": [
										3,
										3
									]
								},
								"up": {
									"uv": [
										76,
										72
									],
									"uv_size": [
										4,
										3
									]
								},
								"down": {
									"uv": [
										76,
										78
									],
									"uv_size": [
										4,
										-3
									]
								}
							}
						},
						{
							"origin": [
								5.87868,
								0.01421,
								-10.9799
							],
							"size": [
								3,
								3,
								2
							],
							"uv": {
								"north": {
									"uv": [
										56,
										84
									],
									"uv_size": [
										3,
										3
									]
								},
								"east": {
									"uv": [
										52,
										88
									],
									"uv_size": [
										2,
										3
									]
								},
								"south": {
									"uv": [
										84,
										61
									],
									"uv_size": [
										3,
										3
									]
								},
								"west": {
									"uv": [
										54,
										88
									],
									"uv_size": [
										2,
										3
									]
								},
								"up": {
									"uv": [
										30,
										82
									],
									"uv_size": [
										3,
										2
									]
								},
								"down": {
									"uv": [
										88,
										48
									],
									"uv_size": [
										3,
										-2
									]
								}
							}
						},
						{
							"origin": [
								6.0799,
								-0.3,
								-10.9799
							],
							"size": [
								3,
								3,
								2
							],
							"pivot": [
								9.9799,
								1.6,
								-8.9799
							],
							"rotation": [
								0,
								0,
								45
							],
							"uv": {
								"north": {
									"uv": [
										84,
										73
									],
									"uv_size": [
										3,
										3
									]
								},
								"east": {
									"uv": [
										88,
										58
									],
									"uv_size": [
										2,
										3
									]
								},
								"south": {
									"uv": [
										75,
										84
									],
									"uv_size": [
										3,
										3
									]
								},
								"west": {
									"uv": [
										59,
										88
									],
									"uv_size": [
										2,
										3
									]
								},
								"up": {
									"uv": [
										61,
										88
									],
									"uv_size": [
										3,
										2
									]
								},
								"down": {
									"uv": [
										64,
										90
									],
									"uv_size": [
										3,
										-2
									]
								}
							}
						},
						{
							"origin": [
								10.9201,
								-0.3,
								-10.9799
							],
							"size": [
								3,
								3,
								4
							],
							"pivot": [
								10.0201,
								1.6,
								-8.9799
							],
							"rotation": [
								0,
								0,
								-45
							],
							"uv": {
								"north": {
									"uv": [
										84,
										76
									],
									"uv_size": [
										3,
										3
									]
								},
								"east": {
									"uv": [
										0,
										77
									],
									"uv_size": [
										4,
										3
									]
								},
								"south": {
									"uv": [
										84,
										79
									],
									"uv_size": [
										3,
										3
									]
								},
								"west": {
									"uv": [
										78,
										16
									],
									"uv_size": [
										4,
										3
									]
								},
								"up": {
									"uv": [
										30,
										78
									],
									"uv_size": [
										3,
										4
									]
								},
								"down": {
									"uv": [
										78,
										34
									],
									"uv_size": [
										3,
										-4
									]
								}
							}
						},
						{
							"origin": [
								11.12132,
								0.01421,
								-10.9799
							],
							"size": [
								3,
								3,
								4
							],
							"uv": {
								"north": {
									"uv": [
										4,
										85
									],
									"uv_size": [
										3,
										3
									]
								},
								"east": {
									"uv": [
										78,
										19
									],
									"uv_size": [
										4,
										3
									]
								},
								"south": {
									"uv": [
										85,
										16
									],
									"uv_size": [
										3,
										3
									]
								},
								"west": {
									"uv": [
										33,
										78
									],
									"uv_size": [
										4,
										3
									]
								},
								"up": {
									"uv": [
										78,
										34
									],
									"uv_size": [
										3,
										4
									]
								},
								"down": {
									"uv": [
										37,
										82
									],
									"uv_size": [
										3,
										-4
									]
								}
							}
						},
						{
							"origin": [
								10,
								0.01421,
								-7.85858
							],
							"size": [
								2,
								3,
								3
							],
							"uv": {
								"north": {
									"uv": [
										67,
										88
									],
									"uv_size": [
										2,
										3
									]
								},
								"east": {
									"uv": [
										23,
										85
									],
									"uv_size": [
										3,
										3
									]
								},
								"south": {
									"uv": [
										69,
										88
									],
									"uv_size": [
										2,
										3
									]
								},
								"west": {
									"uv": [
										85,
										23
									],
									"uv_size": [
										3,
										3
									]
								},
								"up": {
									"uv": [
										71,
										88
									],
									"uv_size": [
										2,
										3
									]
								},
								"down": {
									"uv": [
										77,
										91
									],
									"uv_size": [
										2,
										-3
									]
								}
							}
						},
						{
							"origin": [
								10,
								-0.3,
								-8.0598
							],
							"size": [
								2,
								3,
								3
							],
							"pivot": [
								10,
								1.6,
								-8.9598
							],
							"rotation": [
								45,
								0,
								0
							],
							"uv": {
								"north": {
									"uv": [
										79,
										88
									],
									"uv_size": [
										2,
										3
									]
								},
								"east": {
									"uv": [
										85,
										30
									],
									"uv_size": [
										3,
										3
									]
								},
								"south": {
									"uv": [
										81,
										88
									],
									"uv_size": [
										2,
										3
									]
								},
								"west": {
									"uv": [
										85,
										33
									],
									"uv_size": [
										3,
										3
									]
								},
								"up": {
									"uv": [
										83,
										88
									],
									"uv_size": [
										2,
										3
									]
								},
								"down": {
									"uv": [
										85,
										91
									],
									"uv_size": [
										2,
										-3
									]
								}
							}
						},
						{
							"origin": [
								7,
								10.1,
								-12
							],
							"size": [
								6,
								2,
								6
							],
							"uv": {
								"north": {
									"uv": [
										76,
										46
									],
									"uv_size": [
										6,
										2
									]
								},
								"east": {
									"uv": [
										78,
										38
									],
									"uv_size": [
										6,
										2
									]
								},
								"south": {
									"uv": [
										40,
										78
									],
									"uv_size": [
										6,
										2
									]
								},
								"west": {
									"uv": [
										78,
										40
									],
									"uv_size": [
										6,
										2
									]
								},
								"up": {
									"uv": [
										70,
										42
									],
									"uv_size": [
										6,
										6
									]
								},
								"down": {
									"uv": [
										64,
										76
									],
									"uv_size": [
										6,
										-6
									]
								}
							}
						},
						{
							"origin": [
								-12,
								-0.3,
								-8.0598
							],
							"size": [
								2,
								3,
								3
							],
							"pivot": [
								-10,
								1.6,
								-8.9598
							],
							"rotation": [
								45,
								0,
								0
							],
							"uv": {
								"north": {
									"uv": [
										87,
										88
									],
									"uv_size": [
										2,
										3
									]
								},
								"east": {
									"uv": [
										37,
										85
									],
									"uv_size": [
										3,
										3
									]
								},
								"south": {
									"uv": [
										0,
										89
									],
									"uv_size": [
										2,
										3
									]
								},
								"west": {
									"uv": [
										40,
										85
									],
									"uv_size": [
										3,
										3
									]
								},
								"up": {
									"uv": [
										89,
										0
									],
									"uv_size": [
										2,
										3
									]
								},
								"down": {
									"uv": [
										6,
										92
									],
									"uv_size": [
										2,
										-3
									]
								}
							}
						},
						{
							"origin": [
								-12,
								0.01421,
								-7.85858
							],
							"size": [
								2,
								3,
								3
							],
							"uv": {
								"north": {
									"uv": [
										89,
										6
									],
									"uv_size": [
										2,
										3
									]
								},
								"east": {
									"uv": [
										85,
										58
									],
									"uv_size": [
										3,
										3
									]
								},
								"south": {
									"uv": [
										8,
										89
									],
									"uv_size": [
										2,
										3
									]
								},
								"west": {
									"uv": [
										59,
										85
									],
									"uv_size": [
										3,
										3
									]
								},
								"up": {
									"uv": [
										89,
										18
									],
									"uv_size": [
										2,
										3
									]
								},
								"down": {
									"uv": [
										19,
										92
									],
									"uv_size": [
										2,
										-3
									]
								}
							}
						},
						{
							"origin": [
								-9.0799,
								-0.3,
								-10.9799
							],
							"size": [
								3,
								3,
								2
							],
							"pivot": [
								-9.9799,
								1.6,
								-8.9799
							],
							"rotation": [
								0,
								0,
								-45
							],
							"uv": {
								"north": {
									"uv": [
										62,
										85
									],
									"uv_size": [
										3,
										3
									]
								},
								"east": {
									"uv": [
										21,
										89
									],
									"uv_size": [
										2,
										3
									]
								},
								"south": {
									"uv": [
										65,
										85
									],
									"uv_size": [
										3,
										3
									]
								},
								"west": {
									"uv": [
										89,
										25
									],
									"uv_size": [
										2,
										3
									]
								},
								"up": {
									"uv": [
										26,
										89
									],
									"uv_size": [
										3,
										2
									]
								},
								"down": {
									"uv": [
										89,
										43
									],
									"uv_size": [
										3,
										-2
									]
								}
							}
						},
						{
							"origin": [
								-8.87868,
								0.01421,
								-10.9799
							],
							"size": [
								3,
								3,
								2
							],
							"uv": {
								"north": {
									"uv": [
										68,
										85
									],
									"uv_size": [
										3,
										3
									]
								},
								"east": {
									"uv": [
										89,
										43
									],
									"uv_size": [
										2,
										3
									]
								},
								"south": {
									"uv": [
										71,
										85
									],
									"uv_size": [
										3,
										3
									]
								},
								"west": {
									"uv": [
										89,
										48
									],
									"uv_size": [
										2,
										3
									]
								},
								"up": {
									"uv": [
										89,
										70
									],
									"uv_size": [
										3,
										2
									]
								},
								"down": {
									"uv": [
										89,
										90
									],
									"uv_size": [
										3,
										-2
									]
								}
							}
						},
						{
							"origin": [
								-13.9201,
								-0.3,
								-10.9799
							],
							"size": [
								3,
								3,
								4
							],
							"pivot": [
								-10.0201,
								1.6,
								-8.9799
							],
							"rotation": [
								0,
								0,
								45
							],
							"uv": {
								"north": {
									"uv": [
										78,
										85
									],
									"uv_size": [
										3,
										3
									]
								},
								"east": {
									"uv": [
										78,
										50
									],
									"uv_size": [
										4,
										3
									]
								},
								"south": {
									"uv": [
										81,
										85
									],
									"uv_size": [
										3,
										3
									]
								},
								"west": {
									"uv": [
										56,
										78
									],
									"uv_size": [
										4,
										3
									]
								},
								"up": {
									"uv": [
										78,
										58
									],
									"uv_size": [
										3,
										4
									]
								},
								"down": {
									"uv": [
										60,
										82
									],
									"uv_size": [
										3,
										-4
									]
								}
							}
						},
						{
							"origin": [
								-14.12132,
								0.01421,
								-10.9799
							],
							"size": [
								3,
								3,
								4
							],
							"uv": {
								"north": {
									"uv": [
										84,
										85
									],
									"uv_size": [
										3,
										3
									]
								},
								"east": {
									"uv": [
										76,
										78
									],
									"uv_size": [
										4,
										3
									]
								},
								"south": {
									"uv": [
										0,
										86
									],
									"uv_size": [
										3,
										3
									]
								},
								"west": {
									"uv": [
										4,
										79
									],
									"uv_size": [
										4,
										3
									]
								},
								"up": {
									"uv": [
										8,
										79
									],
									"uv_size": [
										3,
										4
									]
								},
								"down": {
									"uv": [
										11,
										83
									],
									"uv_size": [
										3,
										-4
									]
								}
							}
						},
						{
							"origin": [
								-12,
								-0.3,
								-12.9
							],
							"size": [
								4,
								3,
								3
							],
							"pivot": [
								-10,
								1.6,
								-9
							],
							"rotation": [
								-45,
								0,
								0
							],
							"uv": {
								"north": {
									"uv": [
										14,
										79
									],
									"uv_size": [
										4,
										3
									]
								},
								"east": {
									"uv": [
										86,
										0
									],
									"uv_size": [
										3,
										3
									]
								},
								"south": {
									"uv": [
										18,
										79
									],
									"uv_size": [
										4,
										3
									]
								},
								"west": {
									"uv": [
										86,
										6
									],
									"uv_size": [
										3,
										3
									]
								},
								"up": {
									"uv": [
										22,
										79
									],
									"uv_size": [
										4,
										3
									]
								},
								"down": {
									"uv": [
										26,
										82
									],
									"uv_size": [
										4,
										-3
									]
								}
							}
						},
						{
							"origin": [
								-12,
								0.01421,
								-13.10122
							],
							"size": [
								4,
								3,
								3
							],
							"uv": {
								"north": {
									"uv": [
										63,
										79
									],
									"uv_size": [
										4,
										3
									]
								},
								"east": {
									"uv": [
										7,
										86
									],
									"uv_size": [
										3,
										3
									]
								},
								"south": {
									"uv": [
										67,
										79
									],
									"uv_size": [
										4,
										3
									]
								},
								"west": {
									"uv": [
										86,
										19
									],
									"uv_size": [
										3,
										3
									]
								},
								"up": {
									"uv": [
										71,
										79
									],
									"uv_size": [
										4,
										3
									]
								},
								"down": {
									"uv": [
										0,
										83
									],
									"uv_size": [
										4,
										-3
									]
								}
							}
						},
						{
							"origin": [
								-12,
								0.1,
								-11
							],
							"size": [
								4,
								10,
								4
							],
							"uv": {
								"north": {
									"uv": [
										16,
										63
									],
									"uv_size": [
										4,
										10
									]
								},
								"east": {
									"uv": [
										20,
										63
									],
									"uv_size": [
										4,
										10
									]
								},
								"south": {
									"uv": [
										24,
										63
									],
									"uv_size": [
										4,
										10
									]
								},
								"west": {
									"uv": [
										28,
										63
									],
									"uv_size": [
										4,
										10
									]
								},
								"up": {
									"uv": [
										74,
										34
									],
									"uv_size": [
										4,
										4
									]
								},
								"down": {
									"uv": [
										74,
										42
									],
									"uv_size": [
										4,
										-4
									]
								}
							}
						},
						{
							"origin": [
								-13,
								10.1,
								-12
							],
							"size": [
								6,
								2,
								6
							],
							"uv": {
								"north": {
									"uv": [
										80,
										0
									],
									"uv_size": [
										6,
										2
									]
								},
								"east": {
									"uv": [
										80,
										2
									],
									"uv_size": [
										6,
										2
									]
								},
								"south": {
									"uv": [
										80,
										7
									],
									"uv_size": [
										6,
										2
									]
								},
								"west": {
									"uv": [
										80,
										9
									],
									"uv_size": [
										6,
										2
									]
								},
								"up": {
									"uv": [
										70,
										64
									],
									"uv_size": [
										6,
										6
									]
								},
								"down": {
									"uv": [
										70,
										76
									],
									"uv_size": [
										6,
										-6
									]
								}
							}
						},
						{
							"origin": [
								10,
								0.01421,
								4.85858
							],
							"size": [
								2,
								3,
								3
							],
							"uv": {
								"north": {
									"uv": [
										10,
										90
									],
									"uv_size": [
										2,
										3
									]
								},
								"east": {
									"uv": [
										20,
										86
									],
									"uv_size": [
										3,
										3
									]
								},
								"south": {
									"uv": [
										12,
										90
									],
									"uv_size": [
										2,
										3
									]
								},
								"west": {
									"uv": [
										26,
										86
									],
									"uv_size": [
										3,
										3
									]
								},
								"up": {
									"uv": [
										14,
										90
									],
									"uv_size": [
										2,
										3
									]
								},
								"down": {
									"uv": [
										16,
										93
									],
									"uv_size": [
										2,
										-3
									]
								}
							}
						},
						{
							"origin": [
								10,
								-0.3,
								5.0598
							],
							"size": [
								2,
								3,
								3
							],
							"pivot": [
								10,
								1.6,
								8.9598
							],
							"rotation": [
								-45,
								0,
								0
							],
							"uv": {
								"north": {
									"uv": [
										29,
										90
									],
									"uv_size": [
										2,
										3
									]
								},
								"east": {
									"uv": [
										86,
										26
									],
									"uv_size": [
										3,
										3
									]
								},
								"south": {
									"uv": [
										31,
										90
									],
									"uv_size": [
										2,
										3
									]
								},
								"west": {
									"uv": [
										86,
										48
									],
									"uv_size": [
										3,
										3
									]
								},
								"up": {
									"uv": [
										33,
										90
									],
									"uv_size": [
										2,
										3
									]
								},
								"down": {
									"uv": [
										35,
										93
									],
									"uv_size": [
										2,
										-3
									]
								}
							}
						},
						{
							"origin": [
								11.12132,
								0.01421,
								6.9799
							],
							"size": [
								3,
								3,
								4
							],
							"uv": {
								"north": {
									"uv": [
										10,
										87
									],
									"uv_size": [
										3,
										3
									]
								},
								"east": {
									"uv": [
										80,
										11
									],
									"uv_size": [
										4,
										3
									]
								},
								"south": {
									"uv": [
										13,
										87
									],
									"uv_size": [
										3,
										3
									]
								},
								"west": {
									"uv": [
										40,
										80
									],
									"uv_size": [
										4,
										3
									]
								},
								"up": {
									"uv": [
										80,
										42
									],
									"uv_size": [
										3,
										4
									]
								},
								"down": {
									"uv": [
										44,
										84
									],
									"uv_size": [
										3,
										-4
									]
								}
							}
						},
						{
							"origin": [
								10.9201,
								-0.3,
								6.9799
							],
							"size": [
								3,
								3,
								4
							],
							"pivot": [
								10.0201,
								1.6,
								8.9799
							],
							"rotation": [
								0,
								0,
								-45
							],
							"uv": {
								"north": {
									"uv": [
										16,
										87
									],
									"uv_size": [
										3,
										3
									]
								},
								"east": {
									"uv": [
										80,
										53
									],
									"uv_size": [
										4,
										3
									]
								},
								"south": {
									"uv": [
										29,
										87
									],
									"uv_size": [
										3,
										3
									]
								},
								"west": {
									"uv": [
										80,
										62
									],
									"uv_size": [
										4,
										3
									]
								},
								"up": {
									"uv": [
										80,
										65
									],
									"uv_size": [
										3,
										4
									]
								},
								"down": {
									"uv": [
										80,
										73
									],
									"uv_size": [
										3,
										-4
									]
								}
							}
						},
						{
							"origin": [
								8,
								-0.3,
								9.9
							],
							"size": [
								4,
								3,
								3
							],
							"pivot": [
								10,
								1.6,
								9
							],
							"rotation": [
								45,
								0,
								0
							],
							"uv": {
								"north": {
									"uv": [
										80,
										73
									],
									"uv_size": [
										4,
										3
									]
								},
								"east": {
									"uv": [
										32,
										87
									],
									"uv_size": [
										3,
										3
									]
								},
								"south": {
									"uv": [
										80,
										76
									],
									"uv_size": [
										4,
										3
									]
								},
								"west": {
									"uv": [
										43,
										87
									],
									"uv_size": [
										3,
										3
									]
								},
								"up": {
									"uv": [
										80,
										79
									],
									"uv_size": [
										4,
										3
									]
								},
								"down": {
									"uv": [
										81,
										33
									],
									"uv_size": [
										4,
										-3
									]
								}
							}
						},
						{
							"origin": [
								8,
								0.01421,
								10.10122
							],
							"size": [
								4,
								3,
								3
							],
							"uv": {
								"north": {
									"uv": [
										33,
										81
									],
									"uv_size": [
										4,
										3
									]
								},
								"east": {
									"uv": [
										46,
										87
									],
									"uv_size": [
										3,
										3
									]
								},
								"south": {
									"uv": [
										81,
										33
									],
									"uv_size": [
										4,
										3
									]
								},
								"west": {
									"uv": [
										49,
										87
									],
									"uv_size": [
										3,
										3
									]
								},
								"up": {
									"uv": [
										56,
										81
									],
									"uv_size": [
										4,
										3
									]
								},
								"down": {
									"uv": [
										81,
										61
									],
									"uv_size": [
										4,
										-3
									]
								}
							}
						},
						{
							"origin": [
								5.87868,
								0.01421,
								8.9799
							],
							"size": [
								3,
								3,
								2
							],
							"uv": {
								"north": {
									"uv": [
										87,
										55
									],
									"uv_size": [
										3,
										3
									]
								},
								"east": {
									"uv": [
										90,
										35
									],
									"uv_size": [
										2,
										3
									]
								},
								"south": {
									"uv": [
										56,
										87
									],
									"uv_size": [
										3,
										3
									]
								},
								"west": {
									"uv": [
										90,
										38
									],
									"uv_size": [
										2,
										3
									]
								},
								"up": {
									"uv": [
										43,
										90
									],
									"uv_size": [
										3,
										2
									]
								},
								"down": {
									"uv": [
										46,
										92
									],
									"uv_size": [
										3,
										-2
									]
								}
							}
						},
						{
							"origin": [
								6.0799,
								-0.3,
								8.9799
							],
							"size": [
								3,
								3,
								2
							],
							"pivot": [
								9.9799,
								1.6,
								8.9799
							],
							"rotation": [
								0,
								0,
								45
							],
							"uv": {
								"north": {
									"uv": [
										87,
										61
									],
									"uv_size": [
										3,
										3
									]
								},
								"east": {
									"uv": [
										49,
										90
									],
									"uv_size": [
										2,
										3
									]
								},
								"south": {
									"uv": [
										87,
										64
									],
									"uv_size": [
										3,
										3
									]
								},
								"west": {
									"uv": [
										90,
										51
									],
									"uv_size": [
										2,
										3
									]
								},
								"up": {
									"uv": [
										90,
										54
									],
									"uv_size": [
										3,
										2
									]
								},
								"down": {
									"uv": [
										56,
										92
									],
									"uv_size": [
										3,
										-2
									]
								}
							}
						},
						{
							"origin": [
								8,
								0.1,
								7
							],
							"size": [
								4,
								10,
								4
							],
							"uv": {
								"north": {
									"uv": [
										32,
										63
									],
									"uv_size": [
										4,
										10
									]
								},
								"east": {
									"uv": [
										36,
										63
									],
									"uv_size": [
										4,
										10
									]
								},
								"south": {
									"uv": [
										40,
										63
									],
									"uv_size": [
										4,
										10
									]
								},
								"west": {
									"uv": [
										44,
										63
									],
									"uv_size": [
										4,
										10
									]
								},
								"up": {
									"uv": [
										74,
										50
									],
									"uv_size": [
										4,
										4
									]
								},
								"down": {
									"uv": [
										56,
										78
									],
									"uv_size": [
										4,
										-4
									]
								}
							}
						},
						{
							"origin": [
								7,
								10.1,
								6
							],
							"size": [
								6,
								2,
								6
							],
							"uv": {
								"north": {
									"uv": [
										80,
										14
									],
									"uv_size": [
										6,
										2
									]
								},
								"east": {
									"uv": [
										81,
										36
									],
									"uv_size": [
										6,
										2
									]
								},
								"south": {
									"uv": [
										82,
										4
									],
									"uv_size": [
										6,
										2
									]
								},
								"west": {
									"uv": [
										14,
										82
									],
									"uv_size": [
										6,
										2
									]
								},
								"up": {
									"uv": [
										0,
										71
									],
									"uv_size": [
										6,
										6
									]
								},
								"down": {
									"uv": [
										72,
										22
									],
									"uv_size": [
										6,
										-6
									]
								}
							}
						},
						{
							"origin": [
								-12,
								-0.3,
								5.0598
							],
							"size": [
								2,
								3,
								3
							],
							"pivot": [
								-10,
								1.6,
								8.9598
							],
							"rotation": [
								-45,
								0,
								0
							],
							"uv": {
								"north": {
									"uv": [
										90,
										56
									],
									"uv_size": [
										2,
										3
									]
								},
								"east": {
									"uv": [
										87,
										67
									],
									"uv_size": [
										3,
										3
									]
								},
								"south": {
									"uv": [
										90,
										59
									],
									"uv_size": [
										2,
										3
									]
								},
								"west": {
									"uv": [
										87,
										73
									],
									"uv_size": [
										3,
										3
									]
								},
								"up": {
									"uv": [
										61,
										90
									],
									"uv_size": [
										2,
										3
									]
								},
								"down": {
									"uv": [
										90,
										65
									],
									"uv_size": [
										2,
										-3
									]
								}
							}
						},
						{
							"origin": [
								-12,
								0.01421,
								4.85858
							],
							"size": [
								2,
								3,
								3
							],
							"uv": {
								"north": {
									"uv": [
										63,
										90
									],
									"uv_size": [
										2,
										3
									]
								},
								"east": {
									"uv": [
										74,
										87
									],
									"uv_size": [
										3,
										3
									]
								},
								"south": {
									"uv": [
										65,
										90
									],
									"uv_size": [
										2,
										3
									]
								},
								"west": {
									"uv": [
										87,
										76
									],
									"uv_size": [
										3,
										3
									]
								},
								"up": {
									"uv": [
										90,
										65
									],
									"uv_size": [
										2,
										3
									]
								},
								"down": {
									"uv": [
										90,
										75
									],
									"uv_size": [
										2,
										-3
									]
								}
							}
						},
						{
							"origin": [
								-9.0799,
								-0.3,
								8.9799
							],
							"size": [
								3,
								3,
								2
							],
							"pivot": [
								-9.9799,
								1.6,
								8.9799
							],
							"rotation": [
								0,
								0,
								-45
							],
							"uv": {
								"north": {
									"uv": [
										87,
										79
									],
									"uv_size": [
										3,
										3
									]
								},
								"east": {
									"uv": [
										73,
										90
									],
									"uv_size": [
										2,
										3
									]
								},
								"south": {
									"uv": [
										87,
										82
									],
									"uv_size": [
										3,
										3
									]
								},
								"west": {
									"uv": [
										75,
										90
									],
									"uv_size": [
										2,
										3
									]
								},
								"up": {
									"uv": [
										90,
										68
									],
									"uv_size": [
										3,
										2
									]
								},
								"down": {
									"uv": [
										90,
										77
									],
									"uv_size": [
										3,
										-2
									]
								}
							}
						},
						{
							"origin": [
								-8.87868,
								0.01421,
								8.9799
							],
							"size": [
								3,
								3,
								2
							],
							"uv": {
								"north": {
									"uv": [
										87,
										85
									],
									"uv_size": [
										3,
										3
									]
								},
								"east": {
									"uv": [
										90,
										77
									],
									"uv_size": [
										2,
										3
									]
								},
								"south": {
									"uv": [
										3,
										88
									],
									"uv_size": [
										3,
										3
									]
								},
								"west": {
									"uv": [
										90,
										80
									],
									"uv_size": [
										2,
										3
									]
								},
								"up": {
									"uv": [
										90,
										83
									],
									"uv_size": [
										3,
										2
									]
								},
								"down": {
									"uv": [
										90,
										87
									],
									"uv_size": [
										3,
										-2
									]
								}
							}
						},
						{
							"origin": [
								-13.9201,
								-0.3,
								6.9799
							],
							"size": [
								3,
								3,
								4
							],
							"pivot": [
								-10.0201,
								1.6,
								8.9799
							],
							"rotation": [
								0,
								0,
								45
							],
							"uv": {
								"north": {
									"uv": [
										88,
										3
									],
									"uv_size": [
										3,
										3
									]
								},
								"east": {
									"uv": [
										75,
										81
									],
									"uv_size": [
										4,
										3
									]
								},
								"south": {
									"uv": [
										88,
										9
									],
									"uv_size": [
										3,
										3
									]
								},
								"west": {
									"uv": [
										4,
										82
									],
									"uv_size": [
										4,
										3
									]
								},
								"up": {
									"uv": [
										82,
										16
									],
									"uv_size": [
										3,
										4
									]
								},
								"down": {
									"uv": [
										20,
										86
									],
									"uv_size": [
										3,
										-4
									]
								}
							}
						},
						{
							"origin": [
								-14.12132,
								0.01421,
								6.9799
							],
							"size": [
								3,
								3,
								4
							],
							"uv": {
								"north": {
									"uv": [
										88,
										12
									],
									"uv_size": [
										3,
										3
									]
								},
								"east": {
									"uv": [
										82,
										20
									],
									"uv_size": [
										4,
										3
									]
								},
								"south": {
									"uv": [
										88,
										15
									],
									"uv_size": [
										3,
										3
									]
								},
								"west": {
									"uv": [
										23,
										82
									],
									"uv_size": [
										4,
										3
									]
								},
								"up": {
									"uv": [
										82,
										23
									],
									"uv_size": [
										3,
										4
									]
								},
								"down": {
									"uv": [
										27,
										86
									],
									"uv_size": [
										3,
										-4
									]
								}
							}
						},
						{
							"origin": [
								-12,
								-0.3,
								9.9
							],
							"size": [
								4,
								3,
								3
							],
							"pivot": [
								-10,
								1.6,
								9
							],
							"rotation": [
								45,
								0,
								0
							],
							"uv": {
								"north": {
									"uv": [
										82,
										27
									],
									"uv_size": [
										4,
										3
									]
								},
								"east": {
									"uv": [
										88,
										22
									],
									"uv_size": [
										3,
										3
									]
								},
								"south": {
									"uv": [
										82,
										50
									],
									"uv_size": [
										4,
										3
									]
								},
								"west": {
									"uv": [
										23,
										88
									],
									"uv_size": [
										3,
										3
									]
								},
								"up": {
									"uv": [
										60,
										82
									],
									"uv_size": [
										4,
										3
									]
								},
								"down": {
									"uv": [
										64,
										85
									],
									"uv_size": [
										4,
										-3
									]
								}
							}
						},
						{
							"origin": [
								-12,
								0.01421,
								10.10122
							],
							"size": [
								4,
								3,
								3
							],
							"uv": {
								"north": {
									"uv": [
										68,
										82
									],
									"uv_size": [
										4,
										3
									]
								},
								"east": {
									"uv": [
										88,
										29
									],
									"uv_size": [
										3,
										3
									]
								},
								"south": {
									"uv": [
										79,
										82
									],
									"uv_size": [
										4,
										3
									]
								},
								"west": {
									"uv": [
										88,
										32
									],
									"uv_size": [
										3,
										3
									]
								},
								"up": {
									"uv": [
										0,
										83
									],
									"uv_size": [
										4,
										3
									]
								},
								"down": {
									"uv": [
										8,
										86
									],
									"uv_size": [
										4,
										-3
									]
								}
							}
						},
						{
							"origin": [
								-12,
								0.1,
								7
							],
							"size": [
								4,
								10,
								4
							],
							"uv": {
								"north": {
									"uv": [
										48,
										63
									],
									"uv_size": [
										4,
										10
									]
								},
								"east": {
									"uv": [
										52,
										64
									],
									"uv_size": [
										4,
										10
									]
								},
								"south": {
									"uv": [
										56,
										64
									],
									"uv_size": [
										4,
										10
									]
								},
								"west": {
									"uv": [
										60,
										64
									],
									"uv_size": [
										4,
										10
									]
								},
								"up": {
									"uv": [
										74,
										58
									],
									"uv_size": [
										4,
										4
									]
								},
								"down": {
									"uv": [
										60,
										78
									],
									"uv_size": [
										4,
										-4
									]
								}
							}
						},
						{
							"origin": [
								-13,
								10.1,
								6
							],
							"size": [
								6,
								2,
								6
							],
							"uv": {
								"north": {
									"uv": [
										82,
										46
									],
									"uv_size": [
										6,
										2
									]
								},
								"east": {
									"uv": [
										37,
										83
									],
									"uv_size": [
										6,
										2
									]
								},
								"south": {
									"uv": [
										83,
										42
									],
									"uv_size": [
										6,
										2
									]
								},
								"west": {
									"uv": [
										83,
										44
									],
									"uv_size": [
										6,
										2
									]
								},
								"up": {
									"uv": [
										6,
										73
									],
									"uv_size": [
										6,
										6
									]
								},
								"down": {
									"uv": [
										12,
										79
									],
									"uv_size": [
										6,
										-6
									]
								}
							}
						},
						{
							"origin": [
								-11,
								0,
								-10
							],
							"size": [
								22,
								2,
								20
							],
							"uv": {
								"north": {
									"uv": [
										58,
										9
									],
									"uv_size": [
										22,
										2
									]
								},
								"east": {
									"uv": [
										62,
										26
									],
									"uv_size": [
										20,
										2
									]
								},
								"south": {
									"uv": [
										58,
										11
									],
									"uv_size": [
										22,
										2
									]
								},
								"west": {
									"uv": [
										62,
										28
									],
									"uv_size": [
										20,
										2
									]
								},
								"up": {
									"uv": [
										0,
										0
									],
									"uv_size": [
										22,
										20
									]
								},
								"down": {
									"uv": [
										0,
										40
									],
									"uv_size": [
										22,
										-20
									]
								}
							}
						},
						{
							"origin": [
								10.6,
								6.1,
								-3
							],
							"size": [
								1,
								5,
								6
							],
							"pivot": [
								11,
								7,
								0
							],
							"rotation": [
								0,
								0,
								-22.5
							],
							"uv": {
								"north": {
									"uv": [
										89,
										90
									],
									"uv_size": [
										1,
										5
									]
								},
								"east": {
									"uv": [
										30,
										73
									],
									"uv_size": [
										6,
										5
									]
								},
								"south": {
									"uv": [
										90,
										90
									],
									"uv_size": [
										1,
										5
									]
								},
								"west": {
									"uv": [
										36,
										73
									],
									"uv_size": [
										6,
										5
									]
								},
								"up": {
									"uv": [
										47,
										78
									],
									"uv_size": [
										1,
										6
									]
								},
								"down": {
									"uv": [
										2,
										95
									],
									"uv_size": [
										1,
										-6
									]
								}
							}
						},
						{
							"origin": [
								-11.6,
								6.1,
								-3
							],
							"size": [
								1,
								5,
								6
							],
							"pivot": [
								-11,
								7,
								0
							],
							"rotation": [
								0,
								0,
								22.5
							],
							"uv": {
								"north": {
									"uv": [
										91,
										0
									],
									"uv_size": [
										1,
										5
									]
								},
								"east": {
									"uv": [
										42,
										73
									],
									"uv_size": [
										6,
										5
									]
								},
								"south": {
									"uv": [
										3,
										91
									],
									"uv_size": [
										1,
										5
									]
								},
								"west": {
									"uv": [
										74,
										0
									],
									"uv_size": [
										6,
										5
									]
								},
								"up": {
									"uv": [
										18,
										90
									],
									"uv_size": [
										1,
										6
									]
								},
								"down": {
									"uv": [
										51,
										96
									],
									"uv_size": [
										1,
										-6
									]
								}
							}
						},
						{
							"origin": [
								-2,
								10,
								9
							],
							"size": [
								4,
								4,
								2
							],
							"uv": {
								"north": {
									"uv": [
										76,
										42
									],
									"uv_size": [
										4,
										4
									]
								},
								"east": {
									"uv": [
										20,
										46
									],
									"uv_size": [
										2,
										4
									]
								},
								"south": {
									"uv": [
										76,
										62
									],
									"uv_size": [
										4,
										4
									]
								},
								"west": {
									"uv": [
										66,
										30
									],
									"uv_size": [
										2,
										4
									]
								},
								"up": {
									"uv": [
										50,
										34
									],
									"uv_size": [
										4,
										2
									]
								},
								"down": {
									"uv": [
										86,
										53
									],
									"uv_size": [
										4,
										-2
									]
								}
							}
						},
						{
							"origin": [
								8,
								7.1,
								-12
							],
							"size": [
								4,
								3,
								0
							],
							"uv": {
								"north": {
									"uv": [
										83,
										65
									],
									"uv_size": [
										4,
										3
									]
								},
								"east": {
									"uv": [
										0,
										0
									],
									"uv_size": [
										0,
										3
									]
								},
								"south": {
									"uv": [
										83,
										68
									],
									"uv_size": [
										4,
										3
									]
								},
								"west": {
									"uv": [
										0,
										0
									],
									"uv_size": [
										0,
										3
									]
								},
								"up": {
									"uv": [
										0,
										0
									],
									"uv_size": [
										4,
										0
									]
								},
								"down": {
									"uv": [
										0,
										0
									],
									"uv_size": [
										4,
										0
									]
								}
							}
						},
						{
							"origin": [
								-12,
								7.1,
								-12
							],
							"size": [
								4,
								3,
								0
							],
							"uv": {
								"north": {
									"uv": [
										83,
										82
									],
									"uv_size": [
										4,
										3
									]
								},
								"east": {
									"uv": [
										0,
										0
									],
									"uv_size": [
										0,
										3
									]
								},
								"south": {
									"uv": [
										84,
										11
									],
									"uv_size": [
										4,
										3
									]
								},
								"west": {
									"uv": [
										0,
										0
									],
									"uv_size": [
										0,
										3
									]
								},
								"up": {
									"uv": [
										0,
										0
									],
									"uv_size": [
										4,
										0
									]
								},
								"down": {
									"uv": [
										0,
										0
									],
									"uv_size": [
										4,
										0
									]
								}
							}
						},
						{
							"origin": [
								8,
								7.1,
								12
							],
							"size": [
								4,
								3,
								0
							],
							"uv": {
								"north": {
									"uv": [
										12,
										84
									],
									"uv_size": [
										4,
										3
									]
								},
								"east": {
									"uv": [
										0,
										0
									],
									"uv_size": [
										0,
										3
									]
								},
								"south": {
									"uv": [
										16,
										84
									],
									"uv_size": [
										4,
										3
									]
								},
								"west": {
									"uv": [
										0,
										0
									],
									"uv_size": [
										0,
										3
									]
								},
								"up": {
									"uv": [
										0,
										0
									],
									"uv_size": [
										4,
										0
									]
								},
								"down": {
									"uv": [
										0,
										0
									],
									"uv_size": [
										4,
										0
									]
								}
							}
						},
						{
							"origin": [
								-12,
								7.1,
								12
							],
							"size": [
								4,
								3,
								0
							],
							"uv": {
								"north": {
									"uv": [
										30,
										84
									],
									"uv_size": [
										4,
										3
									]
								},
								"east": {
									"uv": [
										0,
										0
									],
									"uv_size": [
										0,
										3
									]
								},
								"south": {
									"uv": [
										84,
										38
									],
									"uv_size": [
										4,
										3
									]
								},
								"west": {
									"uv": [
										0,
										0
									],
									"uv_size": [
										0,
										3
									]
								},
								"up": {
									"uv": [
										0,
										0
									],
									"uv_size": [
										4,
										0
									]
								},
								"down": {
									"uv": [
										0,
										0
									],
									"uv_size": [
										4,
										0
									]
								}
							}
						}
					]
				},
				{
					"name": "up",
					"parent": "bone",
					"pivot": [
						0,
						12,
						9
					],
					"cubes": [
						{
							"origin": [
								-8,
								12,
								-9
							],
							"size": [
								16,
								3,
								2
							],
							"uv": {
								"north": {
									"uv": [
										54,
										44
									],
									"uv_size": [
										16,
										3
									]
								},
								"east": {
									"uv": [
										50,
										60
									],
									"uv_size": [
										2,
										3
									]
								},
								"south": {
									"uv": [
										54,
										47
									],
									"uv_size": [
										16,
										3
									]
								},
								"west": {
									"uv": [
										46,
										84
									],
									"uv_size": [
										2,
										3
									]
								},
								"up": {
									"uv": [
										66,
										22
									],
									"uv_size": [
										16,
										2
									]
								},
								"down": {
									"uv": [
										66,
										26
									],
									"uv_size": [
										16,
										-2
									]
								}
							}
						},
						{
							"origin": [
								8,
								12,
								-7
							],
							"size": [
								2,
								3,
								14
							],
							"uv": {
								"north": {
									"uv": [
										35,
										87
									],
									"uv_size": [
										2,
										3
									]
								},
								"east": {
									"uv": [
										8,
										60
									],
									"uv_size": [
										14,
										3
									]
								},
								"south": {
									"uv": [
										88,
										35
									],
									"uv_size": [
										2,
										3
									]
								},
								"west": {
									"uv": [
										22,
										60
									],
									"uv_size": [
										14,
										3
									]
								},
								"up": {
									"uv": [
										48,
										73
									],
									"uv_size": [
										2,
										14
									]
								},
								"down": {
									"uv": [
										50,
										87
									],
									"uv_size": [
										2,
										-14
									]
								}
							}
						},
						{
							"origin": [
								-10,
								12,
								-7
							],
							"size": [
								2,
								3,
								14
							],
							"uv": {
								"north": {
									"uv": [
										37,
										88
									],
									"uv_size": [
										2,
										3
									]
								},
								"east": {
									"uv": [
										36,
										60
									],
									"uv_size": [
										14,
										3
									]
								},
								"south": {
									"uv": [
										88,
										38
									],
									"uv_size": [
										2,
										3
									]
								},
								"west": {
									"uv": [
										60,
										58
									],
									"uv_size": [
										14,
										3
									]
								},
								"up": {
									"uv": [
										52,
										74
									],
									"uv_size": [
										2,
										14
									]
								},
								"down": {
									"uv": [
										54,
										88
									],
									"uv_size": [
										2,
										-14
									]
								}
							}
						},
						{
							"origin": [
								-8,
								12,
								7
							],
							"size": [
								16,
								3,
								2
							],
							"uv": {
								"north": {
									"uv": [
										52,
										55
									],
									"uv_size": [
										16,
										3
									]
								},
								"east": {
									"uv": [
										39,
										88
									],
									"uv_size": [
										2,
										3
									]
								},
								"south": {
									"uv": [
										58,
										0
									],
									"uv_size": [
										16,
										3
									]
								},
								"west": {
									"uv": [
										41,
										88
									],
									"uv_size": [
										2,
										3
									]
								},
								"up": {
									"uv": [
										68,
										56
									],
									"uv_size": [
										16,
										2
									]
								},
								"down": {
									"uv": [
										70,
										50
									],
									"uv_size": [
										16,
										-2
									]
								}
							}
						},
						{
							"origin": [
								-8,
								17,
								-7
							],
							"size": [
								16,
								3,
								14
							],
							"uv": {
								"north": {
									"uv": [
										58,
										3
									],
									"uv_size": [
										16,
										3
									]
								},
								"east": {
									"uv": [
										60,
										61
									],
									"uv_size": [
										14,
										3
									]
								},
								"south": {
									"uv": [
										58,
										6
									],
									"uv_size": [
										16,
										3
									]
								},
								"west": {
									"uv": [
										62,
										13
									],
									"uv_size": [
										14,
										3
									]
								},
								"up": {
									"uv": [
										22,
										36
									],
									"uv_size": [
										16,
										14
									]
								},
								"down": {
									"uv": [
										38,
										50
									],
									"uv_size": [
										16,
										-14
									]
								}
							}
						},
						{
							"origin": [
								-8,
								12,
								-7
							],
							"size": [
								16,
								5,
								14
							],
							"uv": {
								"north": {
									"uv": [
										52,
										50
									],
									"uv_size": [
										16,
										5
									]
								},
								"east": {
									"uv": [
										54,
										34
									],
									"uv_size": [
										14,
										5
									]
								},
								"south": {
									"uv": [
										0,
										54
									],
									"uv_size": [
										16,
										5
									]
								},
								"west": {
									"uv": [
										54,
										39
									],
									"uv_size": [
										14,
										5
									]
								},
								"up": {
									"uv": [
										0,
										40
									],
									"uv_size": [
										16,
										14
									]
								},
								"down": {
									"uv": [
										42,
										14
									],
									"uv_size": [
										16,
										-14
									]
								}
							}
						},
						{
							"origin": [
								-5,
								17.1,
								-1
							],
							"size": [
								2,
								2,
								2
							],
							"pivot": [
								-4,
								18.1,
								0
							],
							"rotation": [
								0,
								0,
								-45
							],
							"uv": {
								"north": {
									"uv": [
										68,
										42
									],
									"uv_size": [
										2,
										2
									]
								},
								"east": {
									"uv": [
										6,
										71
									],
									"uv_size": [
										2,
										2
									]
								},
								"south": {
									"uv": [
										74,
										62
									],
									"uv_size": [
										2,
										2
									]
								},
								"west": {
									"uv": [
										4,
										77
									],
									"uv_size": [
										2,
										2
									]
								},
								"up": {
									"uv": [
										86,
										9
									],
									"uv_size": [
										2,
										2
									]
								},
								"down": {
									"uv": [
										86,
										16
									],
									"uv_size": [
										2,
										-2
									]
								}
							}
						},
						{
							"origin": [
								-4,
								16,
								-3
							],
							"size": [
								8,
								2,
								6
							],
							"uv": {
								"north": {
									"uv": [
										42,
										34
									],
									"uv_size": [
										8,
										2
									]
								},
								"east": {
									"uv": [
										74,
										7
									],
									"uv_size": [
										6,
										2
									]
								},
								"south": {
									"uv": [
										74,
										5
									],
									"uv_size": [
										8,
										2
									]
								},
								"west": {
									"uv": [
										74,
										54
									],
									"uv_size": [
										6,
										2
									]
								},
								"up": {
									"uv": [
										52,
										58
									],
									"uv_size": [
										8,
										6
									]
								},
								"down": {
									"uv": [
										0,
										65
									],
									"uv_size": [
										8,
										-6
									]
								}
							}
						},
						{
							"origin": [
								3,
								17.1,
								-1
							],
							"size": [
								2,
								2,
								2
							],
							"pivot": [
								4,
								18.1,
								0
							],
							"rotation": [
								0,
								0,
								-45
							],
							"uv": {
								"north": {
									"uv": [
										4,
										91
									],
									"uv_size": [
										2,
										2
									]
								},
								"east": {
									"uv": [
										91,
										5
									],
									"uv_size": [
										2,
										2
									]
								},
								"south": {
									"uv": [
										91,
										7
									],
									"uv_size": [
										2,
										2
									]
								},
								"west": {
									"uv": [
										91,
										9
									],
									"uv_size": [
										2,
										2
									]
								},
								"up": {
									"uv": [
										91,
										11
									],
									"uv_size": [
										2,
										2
									]
								},
								"down": {
									"uv": [
										91,
										15
									],
									"uv_size": [
										2,
										-2
									]
								}
							}
						},
						{
							"origin": [
								-3,
								17.1,
								-2.75
							],
							"size": [
								6,
								6,
								5.5
							],
							"pivot": [
								0,
								20.1,
								-11
							],
							"rotation": [
								0,
								0,
								45
							],
							"uv": {
								"north": {
									"uv": [
										64,
										64
									],
									"uv_size": [
										6,
										6
									]
								},
								"east": {
									"uv": [
										0,
										65
									],
									"uv_size": [
										6,
										6
									]
								},
								"south": {
									"uv": [
										66,
										16
									],
									"uv_size": [
										6,
										6
									]
								},
								"west": {
									"uv": [
										68,
										30
									],
									"uv_size": [
										6,
										6
									]
								},
								"up": {
									"uv": [
										68,
										36
									],
									"uv_size": [
										6,
										6
									]
								},
								"down": {
									"uv": [
										68,
										56
									],
									"uv_size": [
										6,
										-6
									]
								}
							}
						}
					]
				},
				{
					"name": "stone",
					"parent": "bone",
					"pivot": [
						10,
						14.1,
						-9
					],
					"cubes": [
						{
							"origin": [
								9,
								13.1,
								-10
							],
							"size": [
								2,
								2,
								2
							],
							"pivot": [
								10,
								14.1,
								-9
							],
							"rotation": [
								0,
								0,
								-45
							],
							"uv": {
								"north": {
									"uv": [
										91,
										15
									],
									"uv_size": [
										2,
										2
									]
								},
								"east": {
									"uv": [
										91,
										17
									],
									"uv_size": [
										2,
										2
									]
								},
								"south": {
									"uv": [
										91,
										19
									],
									"uv_size": [
										2,
										2
									]
								},
								"west": {
									"uv": [
										91,
										21
									],
									"uv_size": [
										2,
										2
									]
								},
								"up": {
									"uv": [
										23,
										91
									],
									"uv_size": [
										2,
										2
									]
								},
								"down": {
									"uv": [
										91,
										25
									],
									"uv_size": [
										2,
										-2
									]
								}
							}
						}
					]
				},
				{
					"name": "stone1",
					"parent": "bone",
					"pivot": [
						-10,
						14.1,
						-9
					],
					"cubes": [
						{
							"origin": [
								-11,
								13.1,
								-10
							],
							"size": [
								2,
								2,
								2
							],
							"pivot": [
								-10,
								14.1,
								-9
							],
							"rotation": [
								0,
								0,
								45
							],
							"uv": {
								"north": {
									"uv": [
										25,
										91
									],
									"uv_size": [
										2,
										2
									]
								},
								"east": {
									"uv": [
										91,
										25
									],
									"uv_size": [
										2,
										2
									]
								},
								"south": {
									"uv": [
										27,
										91
									],
									"uv_size": [
										2,
										2
									]
								},
								"west": {
									"uv": [
										91,
										27
									],
									"uv_size": [
										2,
										2
									]
								},
								"up": {
									"uv": [
										91,
										29
									],
									"uv_size": [
										2,
										2
									]
								},
								"down": {
									"uv": [
										91,
										33
									],
									"uv_size": [
										2,
										-2
									]
								}
							}
						}
					]
				},
				{
					"name": "stone2",
					"parent": "bone",
					"pivot": [
						10,
						14.1,
						9
					],
					"cubes": [
						{
							"origin": [
								9,
								13.1,
								8
							],
							"size": [
								2,
								2,
								2
							],
							"pivot": [
								10,
								14.1,
								9
							],
							"rotation": [
								0,
								0,
								-45
							],
							"uv": {
								"north": {
									"uv": [
										91,
										33
									],
									"uv_size": [
										2,
										2
									]
								},
								"east": {
									"uv": [
										37,
										91
									],
									"uv_size": [
										2,
										2
									]
								},
								"south": {
									"uv": [
										39,
										91
									],
									"uv_size": [
										2,
										2
									]
								},
								"west": {
									"uv": [
										41,
										91
									],
									"uv_size": [
										2,
										2
									]
								},
								"up": {
									"uv": [
										91,
										43
									],
									"uv_size": [
										2,
										2
									]
								},
								"down": {
									"uv": [
										91,
										47
									],
									"uv_size": [
										2,
										-2
									]
								}
							}
						}
					]
				},
				{
					"name": "stone3",
					"parent": "bone",
					"pivot": [
						-10,
						14.1,
						9
					],
					"cubes": [
						{
							"origin": [
								-11,
								13.1,
								8
							],
							"size": [
								2,
								2,
								2
							],
							"pivot": [
								-10,
								14.1,
								9
							],
							"rotation": [
								0,
								0,
								45
							],
							"uv": {
								"north": {
									"uv": [
										91,
										47
									],
									"uv_size": [
										2,
										2
									]
								},
								"east": {
									"uv": [
										91,
										49
									],
									"uv_size": [
										2,
										2
									]
								},
								"south": {
									"uv": [
										52,
										91
									],
									"uv_size": [
										2,
										2
									]
								},
								"west": {
									"uv": [
										54,
										91
									],
									"uv_size": [
										2,
										2
									]
								},
								"up": {
									"uv": [
										59,
										91
									],
									"uv_size": [
										2,
										2
									]
								},
								"down": {
									"uv": [
										67,
										93
									],
									"uv_size": [
										2,
										-2
									]
								}
							}
						}
					]
				},
				{
					"name": "bone2",
					"pivot": [
						0,
						8.1,
						-9
					],
					"cubes": [
						{
							"origin": [
								-3,
								5.1,
								-10
							],
							"size": [
								6,
								6,
								2
							],
							"pivot": [
								0,
								8.1,
								-9
							],
							"rotation": [
								0,
								0,
								45
							],
							"uv": {
								"north": {
									"uv": [
										18,
										73
									],
									"uv_size": [
										6,
										6
									]
								},
								"east": {
									"uv": [
										20,
										40
									],
									"uv_size": [
										2,
										6
									]
								},
								"south": {
									"uv": [
										24,
										73
									],
									"uv_size": [
										6,
										6
									]
								},
								"west": {
									"uv": [
										6,
										65
									],
									"uv_size": [
										2,
										6
									]
								},
								"up": {
									"uv": [
										83,
										71
									],
									"uv_size": [
										6,
										2
									]
								},
								"down": {
									"uv": [
										84,
										55
									],
									"uv_size": [
										6,
										-2
									]
								}
							}
						}
					]
				}
			]
		}
	]
}