{
	"format_version": "1.12.0",
	"minecraft:geometry": [
		{
			"description": {
				"identifier": "geometry.rare",
				"texture_width": 128,
				"texture_height": 128,
				"visible_bounds_width": 3,
				"visible_bounds_height": 2.5,
				"visible_bounds_offset": [
					0,
					0.75,
					0
				]
			},
			"bones": [
				{
					"name": "root",
					"pivot": [
						0,
						0,
						0
					]
				},
				{
					"name": "crate_2",
					"parent": "root",
					"pivot": [
						0,
						6,
						-1
					],
					"cubes": [
						{
							"origin": [
								-10,
								2,
								-9
							],
							"size": [
								20,
								5,
								18
							],
							"uv": {
								"north": {
									"uv": [
										14,
										64
									],
									"uv_size": [
										20,
										5
									]
								},
								"east": {
									"uv": [
										68,
										5
									],
									"uv_size": [
										18,
										5
									]
								},
								"south": {
									"uv": [
										68,
										0
									],
									"uv_size": [
										20,
										5
									]
								},
								"west": {
									"uv": [
										68,
										10
									],
									"uv_size": [
										18,
										5
									]
								},
								"up": {
									"uv": [
										40,
										44
									],
									"uv_size": [
										20,
										18
									]
								},
								"down": {
									"uv": [
										48,
										18
									],
									"uv_size": [
										20,
										-18
									]
								}
							}
						},
						{
							"origin": [
								8,
								0,
								-11
							],
							"size": [
								4,
								4,
								22
							],
							"pivot": [
								10,
								2,
								0
							],
							"rotation": [
								0,
								0,
								-22.5
							],
							"uv": {
								"north": {
									"uv": [
										34,
										86
									],
									"uv_size": [
										4,
										4
									]
								},
								"east": {
									"uv": [
										68,
										15
									],
									"uv_size": [
										22,
										4
									]
								},
								"south": {
									"uv": [
										8,
										90
									],
									"uv_size": [
										4,
										4
									]
								},
								"west": {
									"uv": [
										68,
										19
									],
									"uv_size": [
										22,
										4
									]
								},
								"up": {
									"uv": [
										34,
										64
									],
									"uv_size": [
										4,
										22
									]
								},
								"down": {
									"uv": [
										14,
										91
									],
									"uv_size": [
										4,
										-22
									]
								}
							}
						},
						{
							"origin": [
								-12,
								0,
								-11
							],
							"size": [
								4,
								4,
								22
							],
							"pivot": [
								-10,
								2,
								0
							],
							"rotation": [
								0,
								0,
								22.5
							],
							"uv": {
								"north": {
									"uv": [
										34,
										90
									],
									"uv_size": [
										4,
										4
									]
								},
								"east": {
									"uv": [
										68,
										23
									],
									"uv_size": [
										22,
										4
									]
								},
								"south": {
									"uv": [
										49,
										90
									],
									"uv_size": [
										4,
										4
									]
								},
								"west": {
									"uv": [
										68,
										27
									],
									"uv_size": [
										22,
										4
									]
								},
								"up": {
									"uv": [
										18,
										69
									],
									"uv_size": [
										4,
										22
									]
								},
								"down": {
									"uv": [
										22,
										91
									],
									"uv_size": [
										4,
										-22
									]
								}
							}
						},
						{
							"origin": [
								-10,
								0,
								-10
							],
							"size": [
								20,
								2,
								20
							],
							"uv": {
								"north": {
									"uv": [
										84,
										59
									],
									"uv_size": [
										20,
										2
									]
								},
								"east": {
									"uv": [
										86,
										5
									],
									"uv_size": [
										20,
										2
									]
								},
								"south": {
									"uv": [
										86,
										7
									],
									"uv_size": [
										20,
										2
									]
								},
								"west": {
									"uv": [
										86,
										9
									],
									"uv_size": [
										20,
										2
									]
								},
								"up": {
									"uv": [
										0,
										44
									],
									"uv_size": [
										20,
										20
									]
								},
								"down": {
									"uv": [
										20,
										64
									],
									"uv_size": [
										20,
										-20
									]
								}
							}
						},
						{
							"origin": [
								9,
								3,
								-10
							],
							"size": [
								2,
								4,
								2
							],
							"uv": {
								"north": {
									"uv": [
										38,
										64
									],
									"uv_size": [
										2,
										4
									]
								},
								"east": {
									"uv": [
										38,
										68
									],
									"uv_size": [
										2,
										4
									]
								},
								"south": {
									"uv": [
										38,
										72
									],
									"uv_size": [
										2,
										4
									]
								},
								"west": {
									"uv": [
										38,
										76
									],
									"uv_size": [
										2,
										4
									]
								},
								"up": {
									"uv": [
										48,
										42
									],
									"uv_size": [
										2,
										2
									]
								},
								"down": {
									"uv": [
										50,
										44
									],
									"uv_size": [
										2,
										-2
									]
								}
							}
						},
						{
							"origin": [
								-11,
								3,
								-10
							],
							"size": [
								2,
								4,
								2
							],
							"uv": {
								"north": {
									"uv": [
										62,
										84
									],
									"uv_size": [
										2,
										4
									]
								},
								"east": {
									"uv": [
										32,
										91
									],
									"uv_size": [
										2,
										4
									]
								},
								"south": {
									"uv": [
										93,
										88
									],
									"uv_size": [
										2,
										4
									]
								},
								"west": {
									"uv": [
										93,
										92
									],
									"uv_size": [
										2,
										4
									]
								},
								"up": {
									"uv": [
										52,
										42
									],
									"uv_size": [
										2,
										2
									]
								},
								"down": {
									"uv": [
										54,
										44
									],
									"uv_size": [
										2,
										-2
									]
								}
							}
						},
						{
							"origin": [
								9,
								3,
								8
							],
							"size": [
								2,
								4,
								2
							],
							"uv": {
								"north": {
									"uv": [
										48,
										94
									],
									"uv_size": [
										2,
										4
									]
								},
								"east": {
									"uv": [
										50,
										94
									],
									"uv_size": [
										2,
										4
									]
								},
								"south": {
									"uv": [
										52,
										94
									],
									"uv_size": [
										2,
										4
									]
								},
								"west": {
									"uv": [
										54,
										94
									],
									"uv_size": [
										2,
										4
									]
								},
								"up": {
									"uv": [
										88,
										97
									],
									"uv_size": [
										2,
										2
									]
								},
								"down": {
									"uv": [
										97,
										90
									],
									"uv_size": [
										2,
										-2
									]
								}
							}
						},
						{
							"origin": [
								-11,
								3,
								8
							],
							"size": [
								2,
								4,
								2
							],
							"uv": {
								"north": {
									"uv": [
										56,
										94
									],
									"uv_size": [
										2,
										4
									]
								},
								"east": {
									"uv": [
										58,
										94
									],
									"uv_size": [
										2,
										4
									]
								},
								"south": {
									"uv": [
										60,
										94
									],
									"uv_size": [
										2,
										4
									]
								},
								"west": {
									"uv": [
										62,
										94
									],
									"uv_size": [
										2,
										4
									]
								},
								"up": {
									"uv": [
										97,
										90
									],
									"uv_size": [
										2,
										2
									]
								},
								"down": {
									"uv": [
										97,
										94
									],
									"uv_size": [
										2,
										-2
									]
								}
							}
						},
						{
							"origin": [
								-12,
								7,
								-11
							],
							"size": [
								24,
								1,
								22
							],
							"uv": {
								"north": {
									"uv": [
										90,
										26
									],
									"uv_size": [
										24,
										1
									]
								},
								"east": {
									"uv": [
										90,
										30
									],
									"uv_size": [
										22,
										1
									]
								},
								"south": {
									"uv": [
										90,
										27
									],
									"uv_size": [
										24,
										1
									]
								},
								"west": {
									"uv": [
										90,
										31
									],
									"uv_size": [
										22,
										1
									]
								},
								"up": {
									"uv": [
										24,
										0
									],
									"uv_size": [
										24,
										22
									]
								},
								"down": {
									"uv": [
										24,
										44
									],
									"uv_size": [
										24,
										-22
									]
								}
							}
						}
					]
				},
				{
					"name": "up",
					"parent": "crate_2",
					"pivot": [
						0,
						7.79167,
						10.75
					],
					"cubes": [
						{
							"origin": [
								4,
								6,
								9
							],
							"size": [
								2,
								4,
								3
							],
							"uv": {
								"north": {
									"uv": [
										8,
										94
									],
									"uv_size": [
										2,
										4
									]
								},
								"east": {
									"uv": [
										11,
										84
									],
									"uv_size": [
										3,
										4
									]
								},
								"south": {
									"uv": [
										10,
										94
									],
									"uv_size": [
										2,
										4
									]
								},
								"west": {
									"uv": [
										61,
										90
									],
									"uv_size": [
										3,
										4
									]
								},
								"up": {
									"uv": [
										80,
										69
									],
									"uv_size": [
										2,
										3
									]
								},
								"down": {
									"uv": [
										12,
										91
									],
									"uv_size": [
										2,
										-3
									]
								}
							}
						},
						{
							"origin": [
								-6,
								6,
								9
							],
							"size": [
								2,
								4,
								3
							],
							"uv": {
								"north": {
									"uv": [
										34,
										94
									],
									"uv_size": [
										2,
										4
									]
								},
								"east": {
									"uv": [
										76,
										91
									],
									"uv_size": [
										3,
										4
									]
								},
								"south": {
									"uv": [
										36,
										94
									],
									"uv_size": [
										2,
										4
									]
								},
								"west": {
									"uv": [
										79,
										91
									],
									"uv_size": [
										3,
										4
									]
								},
								"up": {
									"uv": [
										88,
										94
									],
									"uv_size": [
										2,
										3
									]
								},
								"down": {
									"uv": [
										12,
										98
									],
									"uv_size": [
										2,
										-3
									]
								}
							}
						},
						{
							"origin": [
								-12,
								8,
								-11
							],
							"size": [
								24,
								1,
								22
							],
							"uv": {
								"north": {
									"uv": [
										88,
										4
									],
									"uv_size": [
										24,
										1
									]
								},
								"east": {
									"uv": [
										90,
										28
									],
									"uv_size": [
										22,
										1
									]
								},
								"south": {
									"uv": [
										90,
										25
									],
									"uv_size": [
										24,
										1
									]
								},
								"west": {
									"uv": [
										90,
										29
									],
									"uv_size": [
										22,
										1
									]
								},
								"up": {
									"uv": [
										0,
										0
									],
									"uv_size": [
										24,
										22
									]
								},
								"down": {
									"uv": [
										0,
										44
									],
									"uv_size": [
										24,
										-22
									]
								}
							}
						},
						{
							"origin": [
								-11,
								9,
								8
							],
							"size": [
								2,
								3,
								2
							],
							"uv": {
								"north": {
									"uv": [
										14,
										95
									],
									"uv_size": [
										2,
										3
									]
								},
								"east": {
									"uv": [
										16,
										95
									],
									"uv_size": [
										2,
										3
									]
								},
								"south": {
									"uv": [
										18,
										95
									],
									"uv_size": [
										2,
										3
									]
								},
								"west": {
									"uv": [
										20,
										95
									],
									"uv_size": [
										2,
										3
									]
								},
								"up": {
									"uv": [
										56,
										42
									],
									"uv_size": [
										2,
										2
									]
								},
								"down": {
									"uv": [
										58,
										44
									],
									"uv_size": [
										2,
										-2
									]
								}
							}
						},
						{
							"origin": [
								9,
								9,
								8
							],
							"size": [
								2,
								3,
								2
							],
							"uv": {
								"north": {
									"uv": [
										22,
										95
									],
									"uv_size": [
										2,
										3
									]
								},
								"east": {
									"uv": [
										24,
										95
									],
									"uv_size": [
										2,
										3
									]
								},
								"south": {
									"uv": [
										26,
										95
									],
									"uv_size": [
										2,
										3
									]
								},
								"west": {
									"uv": [
										28,
										95
									],
									"uv_size": [
										2,
										3
									]
								},
								"up": {
									"uv": [
										62,
										88
									],
									"uv_size": [
										2,
										2
									]
								},
								"down": {
									"uv": [
										96,
										82
									],
									"uv_size": [
										2,
										-2
									]
								}
							}
						},
						{
							"origin": [
								-10,
								9,
								-9
							],
							"size": [
								20,
								4,
								18
							],
							"uv": {
								"north": {
									"uv": [
										82,
										69
									],
									"uv_size": [
										20,
										4
									]
								},
								"east": {
									"uv": [
										84,
										43
									],
									"uv_size": [
										18,
										4
									]
								},
								"south": {
									"uv": [
										82,
										73
									],
									"uv_size": [
										20,
										4
									]
								},
								"west": {
									"uv": [
										84,
										47
									],
									"uv_size": [
										18,
										4
									]
								},
								"up": {
									"uv": [
										48,
										18
									],
									"uv_size": [
										20,
										18
									]
								},
								"down": {
									"uv": [
										60,
										54
									],
									"uv_size": [
										20,
										-18
									]
								}
							}
						},
						{
							"origin": [
								-3.6,
								17.85,
								-10
							],
							"size": [
								7.3,
								3.35,
								20
							],
							"uv": {
								"north": {
									"uv": [
										90,
										32
									],
									"uv_size": [
										7,
										3
									]
								},
								"east": {
									"uv": [
										82,
										77
									],
									"uv_size": [
										20,
										3
									]
								},
								"south": {
									"uv": [
										42,
										90
									],
									"uv_size": [
										7,
										3
									]
								},
								"west": {
									"uv": [
										72,
										84
									],
									"uv_size": [
										20,
										3
									]
								},
								"up": {
									"uv": [
										0,
										64
									],
									"uv_size": [
										7,
										20
									]
								},
								"down": {
									"uv": [
										7,
										84
									],
									"uv_size": [
										7,
										-20
									]
								}
							}
						},
						{
							"origin": [
								-10,
								14,
								-9
							],
							"size": [
								20,
								4,
								18
							],
							"uv": {
								"north": {
									"uv": [
										84,
										39
									],
									"uv_size": [
										20,
										4
									]
								},
								"east": {
									"uv": [
										84,
										51
									],
									"uv_size": [
										18,
										4
									]
								},
								"south": {
									"uv": [
										42,
										84
									],
									"uv_size": [
										20,
										4
									]
								},
								"west": {
									"uv": [
										84,
										55
									],
									"uv_size": [
										18,
										4
									]
								},
								"up": {
									"uv": [
										60,
										54
									],
									"uv_size": [
										20,
										18
									]
								},
								"down": {
									"uv": [
										40,
										80
									],
									"uv_size": [
										20,
										-18
									]
								}
							}
						},
						{
							"origin": [
								-10,
								12,
								8
							],
							"size": [
								20,
								2,
								2
							],
							"uv": {
								"north": {
									"uv": [
										86,
										11
									],
									"uv_size": [
										20,
										2
									]
								},
								"east": {
									"uv": [
										96,
										82
									],
									"uv_size": [
										2,
										2
									]
								},
								"south": {
									"uv": [
										86,
										13
									],
									"uv_size": [
										20,
										2
									]
								},
								"west": {
									"uv": [
										92,
										96
									],
									"uv_size": [
										2,
										2
									]
								},
								"up": {
									"uv": [
										72,
										87
									],
									"uv_size": [
										20,
										2
									]
								},
								"down": {
									"uv": [
										88,
										2
									],
									"uv_size": [
										20,
										-2
									]
								}
							}
						},
						{
							"origin": [
								8,
								11,
								-11
							],
							"size": [
								4,
								4,
								22
							],
							"pivot": [
								10,
								13,
								0
							],
							"rotation": [
								0,
								0,
								22.5
							],
							"uv": {
								"north": {
									"uv": [
										53,
										90
									],
									"uv_size": [
										4,
										4
									]
								},
								"east": {
									"uv": [
										68,
										31
									],
									"uv_size": [
										22,
										4
									]
								},
								"south": {
									"uv": [
										57,
										90
									],
									"uv_size": [
										4,
										4
									]
								},
								"west": {
									"uv": [
										60,
										72
									],
									"uv_size": [
										22,
										4
									]
								},
								"up": {
									"uv": [
										26,
										69
									],
									"uv_size": [
										4,
										22
									]
								},
								"down": {
									"uv": [
										30,
										91
									],
									"uv_size": [
										4,
										-22
									]
								}
							}
						},
						{
							"origin": [
								1.6955,
								11.5,
								-11
							],
							"size": [
								4,
								4,
								22
							],
							"pivot": [
								17,
								13.5,
								0
							],
							"rotation": [
								0,
								0,
								22.5
							],
							"uv": {
								"north": {
									"uv": [
										12,
										91
									],
									"uv_size": [
										4,
										4
									]
								},
								"east": {
									"uv": [
										60,
										76
									],
									"uv_size": [
										22,
										4
									]
								},
								"south": {
									"uv": [
										16,
										91
									],
									"uv_size": [
										4,
										4
									]
								},
								"west": {
									"uv": [
										80,
										35
									],
									"uv_size": [
										22,
										4
									]
								},
								"up": {
									"uv": [
										38,
										80
									],
									"uv_size": [
										4,
										22
									]
								},
								"down": {
									"uv": [
										80,
										61
									],
									"uv_size": [
										4,
										-22
									]
								}
							}
						},
						{
							"origin": [
								-5.6955,
								11.5,
								-11
							],
							"size": [
								4,
								4,
								22
							],
							"pivot": [
								-17,
								13.5,
								0
							],
							"rotation": [
								0,
								0,
								-22.5
							],
							"uv": {
								"north": {
									"uv": [
										20,
										91
									],
									"uv_size": [
										4,
										4
									]
								},
								"east": {
									"uv": [
										42,
										80
									],
									"uv_size": [
										22,
										4
									]
								},
								"south": {
									"uv": [
										24,
										91
									],
									"uv_size": [
										4,
										4
									]
								},
								"west": {
									"uv": [
										80,
										61
									],
									"uv_size": [
										22,
										4
									]
								},
								"up": {
									"uv": [
										64,
										80
									],
									"uv_size": [
										4,
										22
									]
								},
								"down": {
									"uv": [
										68,
										102
									],
									"uv_size": [
										4,
										-22
									]
								}
							}
						},
						{
							"origin": [
								-12,
								11,
								-11
							],
							"size": [
								4,
								4,
								22
							],
							"pivot": [
								-10,
								13,
								0
							],
							"rotation": [
								0,
								0,
								-22.5
							],
							"uv": {
								"north": {
									"uv": [
										28,
										91
									],
									"uv_size": [
										4,
										4
									]
								},
								"east": {
									"uv": [
										80,
										65
									],
									"uv_size": [
										22,
										4
									]
								},
								"south": {
									"uv": [
										72,
										91
									],
									"uv_size": [
										4,
										4
									]
								},
								"west": {
									"uv": [
										72,
										80
									],
									"uv_size": [
										22,
										4
									]
								},
								"up": {
									"uv": [
										0,
										84
									],
									"uv_size": [
										4,
										22
									]
								},
								"down": {
									"uv": [
										4,
										106
									],
									"uv_size": [
										4,
										-22
									]
								}
							}
						},
						{
							"origin": [
								-10,
								12,
								-10
							],
							"size": [
								20,
								2,
								2
							],
							"uv": {
								"north": {
									"uv": [
										88,
										2
									],
									"uv_size": [
										20,
										2
									]
								},
								"east": {
									"uv": [
										94,
										96
									],
									"uv_size": [
										2,
										2
									]
								},
								"south": {
									"uv": [
										42,
										88
									],
									"uv_size": [
										20,
										2
									]
								},
								"west": {
									"uv": [
										96,
										96
									],
									"uv_size": [
										2,
										2
									]
								},
								"up": {
									"uv": [
										72,
										89
									],
									"uv_size": [
										20,
										2
									]
								},
								"down": {
									"uv": [
										90,
										17
									],
									"uv_size": [
										20,
										-2
									]
								}
							}
						},
						{
							"origin": [
								-10,
								12,
								-10
							],
							"size": [
								20,
								2,
								2
							],
							"uv": {
								"north": {
									"uv": [
										90,
										17
									],
									"uv_size": [
										20,
										2
									]
								},
								"east": {
									"uv": [
										97,
										32
									],
									"uv_size": [
										2,
										2
									]
								},
								"south": {
									"uv": [
										90,
										19
									],
									"uv_size": [
										20,
										2
									]
								},
								"west": {
									"uv": [
										42,
										97
									],
									"uv_size": [
										2,
										2
									]
								},
								"up": {
									"uv": [
										90,
										21
									],
									"uv_size": [
										20,
										2
									]
								},
								"down": {
									"uv": [
										90,
										25
									],
									"uv_size": [
										20,
										-2
									]
								}
							}
						},
						{
							"origin": [
								9,
								9,
								-10
							],
							"size": [
								2,
								3,
								2
							],
							"uv": {
								"north": {
									"uv": [
										30,
										95
									],
									"uv_size": [
										2,
										3
									]
								},
								"east": {
									"uv": [
										32,
										95
									],
									"uv_size": [
										2,
										3
									]
								},
								"south": {
									"uv": [
										72,
										95
									],
									"uv_size": [
										2,
										3
									]
								},
								"west": {
									"uv": [
										74,
										95
									],
									"uv_size": [
										2,
										3
									]
								},
								"up": {
									"uv": [
										44,
										97
									],
									"uv_size": [
										2,
										2
									]
								},
								"down": {
									"uv": [
										46,
										99
									],
									"uv_size": [
										2,
										-2
									]
								}
							}
						},
						{
							"origin": [
								-11,
								9,
								-10
							],
							"size": [
								2,
								3,
								2
							],
							"uv": {
								"north": {
									"uv": [
										76,
										95
									],
									"uv_size": [
										2,
										3
									]
								},
								"east": {
									"uv": [
										78,
										95
									],
									"uv_size": [
										2,
										3
									]
								},
								"south": {
									"uv": [
										80,
										95
									],
									"uv_size": [
										2,
										3
									]
								},
								"west": {
									"uv": [
										95,
										84
									],
									"uv_size": [
										2,
										3
									]
								},
								"up": {
									"uv": [
										97,
										84
									],
									"uv_size": [
										2,
										2
									]
								},
								"down": {
									"uv": [
										97,
										88
									],
									"uv_size": [
										2,
										-2
									]
								}
							}
						}
					]
				},
				{
					"name": "main_lock",
					"parent": "up",
					"pivot": [
						0,
						8,
						-9.5
					],
					"cubes": [
						{
							"origin": [
								-2,
								4,
								-12
							],
							"size": [
								4,
								6,
								3
							],
							"uv": {
								"north": {
									"uv": [
										48,
										36
									],
									"uv_size": [
										4,
										6
									]
								},
								"east": {
									"uv": [
										56,
										36
									],
									"uv_size": [
										3,
										6
									]
								},
								"south": {
									"uv": [
										52,
										36
									],
									"uv_size": [
										4,
										6
									]
								},
								"west": {
									"uv": [
										8,
										84
									],
									"uv_size": [
										3,
										6
									]
								},
								"up": {
									"uv": [
										82,
										91
									],
									"uv_size": [
										4,
										3
									]
								},
								"down": {
									"uv": [
										86,
										94
									],
									"uv_size": [
										4,
										-3
									]
								}
							}
						}
					]
				},
				{
					"name": "locks",
					"parent": "crate_2",
					"pivot": [
						0,
						8,
						-9.5
					],
					"cubes": [
						{
							"origin": [
								4,
								6,
								-12
							],
							"size": [
								2,
								4,
								3
							],
							"uv": {
								"north": {
									"uv": [
										94,
										80
									],
									"uv_size": [
										2,
										4
									]
								},
								"east": {
									"uv": [
										90,
										91
									],
									"uv_size": [
										3,
										4
									]
								},
								"south": {
									"uv": [
										82,
										94
									],
									"uv_size": [
										2,
										4
									]
								},
								"west": {
									"uv": [
										92,
										84
									],
									"uv_size": [
										3,
										4
									]
								},
								"up": {
									"uv": [
										95,
										87
									],
									"uv_size": [
										2,
										3
									]
								},
								"down": {
									"uv": [
										90,
										98
									],
									"uv_size": [
										2,
										-3
									]
								}
							}
						},
						{
							"origin": [
								-6,
								6,
								-12
							],
							"size": [
								2,
								4,
								3
							],
							"uv": {
								"north": {
									"uv": [
										84,
										94
									],
									"uv_size": [
										2,
										4
									]
								},
								"east": {
									"uv": [
										42,
										93
									],
									"uv_size": [
										3,
										4
									]
								},
								"south": {
									"uv": [
										86,
										94
									],
									"uv_size": [
										2,
										4
									]
								},
								"west": {
									"uv": [
										45,
										93
									],
									"uv_size": [
										3,
										4
									]
								},
								"up": {
									"uv": [
										95,
										90
									],
									"uv_size": [
										2,
										3
									]
								},
								"down": {
									"uv": [
										95,
										96
									],
									"uv_size": [
										2,
										-3
									]
								}
							}
						}
					]
				}
			]
		}
	]
}