{
  "format_version": "1.12.0",
  "minecraft:geometry": [
    {
      "bones": [
        {
          "name": "root",
          "pivot": [
            0,
            0,
            0
          ]
        },
        {
          "cubes": [
            {
              "origin": [
                -10,
                0,
                -8
              ],
              "size": [
                20,
                18,
                18
              ],
              "uv": {
                "down": {
                  "uv": [
                    0,
                    58
                  ],
                  "uv_size": [
                    20,
                    -18
                  ]
                },
                "east": {
                  "uv": [
                    40,
                    38
                  ],
                  "uv_size": [
                    18,
                    18
                  ]
                },
                "north": {
                  "uv": [
                    20,
                    0
                  ],
                  "uv_size": [
                    20,
                    18
                  ]
                },
                "south": {
                  "uv": [
                    20,
                    18
                  ],
                  "uv_size": [
                    20,
                    18
                  ]
                },
                "up": {
                  "uv": [
                    20,
                    36
                  ],
                  "uv_size": [
                    20,
                    18
                  ]
                },
                "west": {
                  "uv": [
                    20,
                    54
                  ],
                  "uv_size": [
                    18,
                    18
                  ]
                }
              }
            }
          ],
          "name": "bone",
          "parent": "root",
          "pivot": [
            2,
            0,
            0
          ]
        },
        {
          "cubes": [
            {
              "inflate": -0.01,
              "origin": [
                9,
                18.25442,
                -7.65301
              ],
              "pivot": [
                9.5,
                19.25442,
                -8.65301
              ],
              "rotation": [
                -17.5,
                0,
                0
              ],
              "size": [
                1,
                19,
                10
              ],
              "uv": {
                "down": {
                  "uv": [
                    57,
                    76
                  ],
                  "uv_size": [
                    1,
                    -10
                  ]
                },
                "east": {
                  "uv": [
                    58,
                    0
                  ],
                  "uv_size": [
                    10,
                    19
                  ]
                },
                "north": {
                  "uv": [
                    82,
                    88
                  ],
                  "uv_size": [
                    1,
                    19
                  ]
                },
                "south": {
                  "uv": [
                    83,
                    88
                  ],
                  "uv_size": [
                    1,
                    19
                  ]
                },
                "up": {
                  "uv": [
                    56,
                    66
                  ],
                  "uv_size": [
                    1,
                    10
                  ]
                },
                "west": {
                  "uv": [
                    58,
                    19
                  ],
                  "uv_size": [
                    10,
                    19
                  ]
                }
              }
            },
            {
              "inflate": -0.01,
              "origin": [
                -10,
                18.25442,
                -7.65301
              ],
              "pivot": [
                -9.5,
                19.25442,
                -8.65301
              ],
              "rotation": [
                -17.5,
                0,
                0
              ],
              "size": [
                1,
                19,
                10
              ],
              "uv": {
                "down": {
                  "uv": [
                    34,
                    106
                  ],
                  "uv_size": [
                    1,
                    -10
                  ]
                },
                "east": {
                  "uv": [
                    58,
                    38
                  ],
                  "uv_size": [
                    10,
                    19
                  ]
                },
                "north": {
                  "uv": [
                    47,
                    90
                  ],
                  "uv_size": [
                    1,
                    19
                  ]
                },
                "south": {
                  "uv": [
                    48,
                    90
                  ],
                  "uv_size": [
                    1,
                    19
                  ]
                },
                "up": {
                  "uv": [
                    33,
                    96
                  ],
                  "uv_size": [
                    1,
                    10
                  ]
                },
                "west": {
                  "uv": [
                    58,
                    57
                  ],
                  "uv_size": [
                    10,
                    19
                  ]
                }
              }
            },
            {
              "origin": [
                -10,
                18,
                2
              ],
              "size": [
                20,
                20,
                8
              ],
              "uv": {
                "down": {
                  "uv": [
                    68,
                    56
                  ],
                  "uv_size": [
                    20,
                    -8
                  ]
                },
                "east": {
                  "uv": [
                    68,
                    0
                  ],
                  "uv_size": [
                    8,
                    20
                  ]
                },
                "north": {
                  "uv": [
                    0,
                    0
                  ],
                  "uv_size": [
                    20,
                    20
                  ]
                },
                "south": {
                  "uv": [
                    0,
                    20
                  ],
                  "uv_size": [
                    20,
                    20
                  ]
                },
                "up": {
                  "uv": [
                    68,
                    40
                  ],
                  "uv_size": [
                    20,
                    8
                  ]
                },
                "west": {
                  "uv": [
                    68,
                    20
                  ],
                  "uv_size": [
                    8,
                    20
                  ]
                }
              }
            },
            {
              "origin": [
                -10,
                34,
                -8
              ],
              "size": [
                20,
                4,
                10
              ],
              "uv": {
                "down": {
                  "uv": [
                    0,
                    68
                  ],
                  "uv_size": [
                    20,
                    -10
                  ]
                },
                "east": {
                  "uv": [
                    91,
                    20
                  ],
                  "uv_size": [
                    10,
                    4
                  ]
                },
                "north": {
                  "uv": [
                    76,
                    0
                  ],
                  "uv_size": [
                    20,
                    4
                  ]
                },
                "south": {
                  "uv": [
                    76,
                    4
                  ],
                  "uv_size": [
                    20,
                    4
                  ]
                },
                "up": {
                  "uv": [
                    38,
                    56
                  ],
                  "uv_size": [
                    20,
                    10
                  ]
                },
                "west": {
                  "uv": [
                    96,
                    0
                  ],
                  "uv_size": [
                    10,
                    4
                  ]
                }
              }
            }
          ],
          "name": "bone2",
          "parent": "bone",
          "pivot": [
            2,
            2,
            0
          ]
        },
        {
          "cubes": [
            {
              "origin": [
                -9,
                18.30656,
                -3.5412
              ],
              "size": [
                18,
                19,
                1
              ],
              "uv": {
                "down": {
                  "uv": [
                    96,
                    35
                  ],
                  "uv_size": [
                    18,
                    -1
                  ]
                },
                "east": {
                  "uv": [
                    49,
                    90
                  ],
                  "uv_size": [
                    1,
                    19
                  ]
                },
                "north": {
                  "uv": [
                    40,
                    0
                  ],
                  "uv_size": [
                    18,
                    19
                  ]
                },
                "south": {
                  "uv": [
                    40,
                    19
                  ],
                  "uv_size": [
                    18,
                    19
                  ]
                },
                "up": {
                  "uv": [
                    96,
                    33
                  ],
                  "uv_size": [
                    18,
                    1
                  ]
                },
                "west": {
                  "uv": [
                    28,
                    96
                  ],
                  "uv_size": [
                    1,
                    19
                  ]
                }
              }
            }
          ],
          "name": "bone7",
          "parent": "bone2",
          "pivot": [
            9.5,
            19.30656,
            -7.5412
          ],
          "rotation": [
            -17.5,
            0,
            0
          ]
        },
        {
          "cubes": [
            {
              "origin": [
                -7,
                22.30656,
                -3.5662
              ],
              "size": [
                14,
                12,
                0
              ],
              "uv": {
                "down": {
                  "uv": [
                    0,
                    0
                  ],
                  "uv_size": [
                    14,
                    0
                  ]
                },
                "east": {
                  "uv": [
                    0,
                    0
                  ],
                  "uv_size": [
                    0,
                    12
                  ]
                },
                "north": {
                  "uv": [
                    38,
                    66
                  ],
                  "uv_size": [
                    14,
                    12
                  ]
                },
                "south": {
                  "uv": [
                    0,
                    68
                  ],
                  "uv_size": [
                    14,
                    12
                  ]
                },
                "up": {
                  "uv": [
                    0,
                    0
                  ],
                  "uv_size": [
                    14,
                    0
                  ]
                },
                "west": {
                  "uv": [
                    0,
                    0
                  ],
                  "uv_size": [
                    0,
                    12
                  ]
                }
              }
            }
          ],
          "name": "bone9",
          "parent": "bone7",
          "pivot": [
            0,
            28.30656,
            -3.5662
          ]
        },
        {
          "cubes": [
            {
              "origin": [
                -4,
                22.30656,
                -3.5662
              ],
              "size": [
                7,
                8,
                0
              ],
              "uv": {
                "down": {
                  "uv": [
                    0,
                    0
                  ],
                  "uv_size": [
                    7,
                    0
                  ]
                },
                "east": {
                  "uv": [
                    0,
                    0
                  ],
                  "uv_size": [
                    0,
                    8
                  ]
                },
                "north": {
                  "uv": [
                    16,
                    84
                  ],
                  "uv_size": [
                    7,
                    8
                  ]
                },
                "south": {
                  "uv": [
                    84,
                    16
                  ],
                  "uv_size": [
                    7,
                    8
                  ]
                },
                "up": {
                  "uv": [
                    0,
                    0
                  ],
                  "uv_size": [
                    7,
                    0
                  ]
                },
                "west": {
                  "uv": [
                    0,
                    0
                  ],
                  "uv_size": [
                    0,
                    8
                  ]
                }
              }
            }
          ],
          "name": "bone8",
          "parent": "bone7",
          "pivot": [
            -0.5,
            26.30656,
            -3.5662
          ]
        },
        {
          "cubes": [
            {
              "origin": [
                -9,
                15,
                -10
              ],
              "size": [
                18,
                3,
                8
              ],
              "uv": {
                "down": {
                  "uv": [
                    68,
                    72
                  ],
                  "uv_size": [
                    18,
                    -8
                  ]
                },
                "east": {
                  "uv": [
                    20,
                    96
                  ],
                  "uv_size": [
                    8,
                    3
                  ]
                },
                "north": {
                  "uv": [
                    84,
                    24
                  ],
                  "uv_size": [
                    18,
                    3
                  ]
                },
                "south": {
                  "uv": [
                    84,
                    27
                  ],
                  "uv_size": [
                    18,
                    3
                  ]
                },
                "up": {
                  "uv": [
                    68,
                    56
                  ],
                  "uv_size": [
                    18,
                    8
                  ]
                },
                "west": {
                  "uv": [
                    96,
                    30
                  ],
                  "uv_size": [
                    8,
                    3
                  ]
                }
              }
            }
          ],
          "name": "bone3",
          "parent": "bone2",
          "pivot": [
            2,
            16,
            -8
          ],
          "rotation": [
            20,
            0,
            0
          ]
        },
        {
          "cubes": [
            {
              "origin": [
                -6.12132,
                18,
                -8.42132
              ],
              "size": [
                2,
                1,
                2
              ],
              "uv": {
                "down": {
                  "uv": [
                    18,
                    70
                  ],
                  "uv_size": [
                    2,
                    -2
                  ]
                },
                "east": {
                  "uv": [
                    84,
                    38
                  ],
                  "uv_size": [
                    2,
                    1
                  ]
                },
                "north": {
                  "uv": [
                    35,
                    84
                  ],
                  "uv_size": [
                    2,
                    1
                  ]
                },
                "south": {
                  "uv": [
                    84,
                    39
                  ],
                  "uv_size": [
                    2,
                    1
                  ]
                },
                "up": {
                  "uv": [
                    38,
                    54
                  ],
                  "uv_size": [
                    2,
                    2
                  ]
                },
                "west": {
                  "uv": [
                    35,
                    85
                  ],
                  "uv_size": [
                    2,
                    1
                  ]
                }
              }
            }
          ],
          "name": "bone5",
          "parent": "bone3",
          "pivot": [
            -2.29289,
            18,
            -4.29289
          ],
          "rotation": [
            0,
            45,
            0
          ]
        },
        {
          "cubes": [
            {
              "origin": [
                -4.9201,
                18,
                -7.1201
              ],
              "size": [
                2,
                1,
                2
              ],
              "uv": {
                "down": {
                  "uv": [
                    52,
                    76
                  ],
                  "uv_size": [
                    2,
                    -2
                  ]
                },
                "east": {
                  "uv": [
                    86,
                    39
                  ],
                  "uv_size": [
                    2,
                    1
                  ]
                },
                "north": {
                  "uv": [
                    86,
                    38
                  ],
                  "uv_size": [
                    2,
                    1
                  ]
                },
                "south": {
                  "uv": [
                    86,
                    68
                  ],
                  "uv_size": [
                    2,
                    1
                  ]
                },
                "up": {
                  "uv": [
                    18,
                    70
                  ],
                  "uv_size": [
                    2,
                    2
                  ]
                },
                "west": {
                  "uv": [
                    86,
                    69
                  ],
                  "uv_size": [
                    2,
                    1
                  ]
                }
              }
            }
          ],
          "name": "bone6",
          "parent": "bone3",
          "pivot": [
            -5.29289,
            18,
            -7.29289
          ],
          "rotation": [
            0,
            45,
            0
          ]
        },
        {
          "cubes": [
            {
              "origin": [
                4.5,
                20,
                -7.5
              ],
              "size": [
                2,
                2,
                2
              ],
              "uv": {
                "down": {
                  "uv": [
                    50,
                    84
                  ],
                  "uv_size": [
                    2,
                    -2
                  ]
                },
                "east": {
                  "uv": [
                    50,
                    78
                  ],
                  "uv_size": [
                    2,
                    2
                  ]
                },
                "north": {
                  "uv": [
                    54,
                    74
                  ],
                  "uv_size": [
                    2,
                    2
                  ]
                },
                "south": {
                  "uv": [
                    12,
                    80
                  ],
                  "uv_size": [
                    2,
                    2
                  ]
                },
                "up": {
                  "uv": [
                    12,
                    82
                  ],
                  "uv_size": [
                    2,
                    2
                  ]
                },
                "west": {
                  "uv": [
                    50,
                    80
                  ],
                  "uv_size": [
                    2,
                    2
                  ]
                }
              }
            },
            {
              "origin": [
                5,
                17,
                -7
              ],
              "size": [
                1,
                3,
                1
              ],
              "uv": {
                "down": {
                  "uv": [
                    37,
                    86
                  ],
                  "uv_size": [
                    1,
                    -1
                  ]
                },
                "east": {
                  "uv": [
                    75,
                    84
                  ],
                  "uv_size": [
                    1,
                    3
                  ]
                },
                "north": {
                  "uv": [
                    74,
                    84
                  ],
                  "uv_size": [
                    1,
                    3
                  ]
                },
                "south": {
                  "uv": [
                    43,
                    86
                  ],
                  "uv_size": [
                    1,
                    3
                  ]
                },
                "up": {
                  "uv": [
                    37,
                    84
                  ],
                  "uv_size": [
                    1,
                    1
                  ]
                },
                "west": {
                  "uv": [
                    44,
                    86
                  ],
                  "uv_size": [
                    1,
                    3
                  ]
                }
              }
            }
          ],
          "name": "bone4",
          "parent": "bone3",
          "pivot": [
            5.5,
            18,
            -6.5
          ]
        },
        {
          "name": "human",
          "parent": "root",
          "pivot": [
            -0.4181,
            16,
            -18.29524
          ],
          "rotation": [
            0,
            -177.5,
            0
          ]
        },
        {
          "cubes": [
            {
              "origin": [
                -4.4181,
                12,
                -20.29524
              ],
              "size": [
                8,
                12,
                4
              ],
              "uv": {
                "down": {
                  "uv": [
                    96,
                    12
                  ],
                  "uv_size": [
                    8,
                    -4
                  ]
                },
                "east": {
                  "uv": [
                    46,
                    78
                  ],
                  "uv_size": [
                    4,
                    12
                  ]
                },
                "north": {
                  "uv": [
                    14,
                    72
                  ],
                  "uv_size": [
                    8,
                    12
                  ]
                },
                "south": {
                  "uv": [
                    22,
                    72
                  ],
                  "uv_size": [
                    8,
                    12
                  ]
                },
                "up": {
                  "uv": [
                    96,
                    4
                  ],
                  "uv_size": [
                    8,
                    4
                  ]
                },
                "west": {
                  "uv": [
                    23,
                    84
                  ],
                  "uv_size": [
                    4,
                    12
                  ]
                }
              }
            },
            {
              "inflate": 0.25,
              "origin": [
                -4.4181,
                12,
                -20.29524
              ],
              "size": [
                8,
                12,
                4
              ],
              "uv": {
                "down": {
                  "uv": [
                    96,
                    20
                  ],
                  "uv_size": [
                    8,
                    -4
                  ]
                },
                "east": {
                  "uv": [
                    27,
                    84
                  ],
                  "uv_size": [
                    4,
                    12
                  ]
                },
                "north": {
                  "uv": [
                    30,
                    72
                  ],
                  "uv_size": [
                    8,
                    12
                  ]
                },
                "south": {
                  "uv": [
                    68,
                    72
                  ],
                  "uv_size": [
                    8,
                    12
                  ]
                },
                "up": {
                  "uv": [
                    96,
                    12
                  ],
                  "uv_size": [
                    8,
                    4
                  ]
                },
                "west": {
                  "uv": [
                    31,
                    84
                  ],
                  "uv_size": [
                    4,
                    12
                  ]
                }
              }
            }
          ],
          "name": "Body",
          "parent": "human",
          "pivot": [
            -0.4181,
            12,
            -18.29524
          ],
          "rotation": [
            7.56397,
            7.43547,
            0.98448
          ]
        },
        {
          "cubes": [
            {
              "origin": [
                -4.4181,
                24,
                -22.29524
              ],
              "size": [
                8,
                8,
                8
              ],
              "uv": {
                "down": {
                  "uv": [
                    60,
                    84
                  ],
                  "uv_size": [
                    8,
                    -8
                  ]
                },
                "east": {
                  "uv": [
                    76,
                    16
                  ],
                  "uv_size": [
                    8,
                    8
                  ]
                },
                "north": {
                  "uv": [
                    76,
                    8
                  ],
                  "uv_size": [
                    8,
                    8
                  ]
                },
                "south": {
                  "uv": [
                    76,
                    24
                  ],
                  "uv_size": [
                    8,
                    8
                  ]
                },
                "up": {
                  "uv": [
                    52,
                    76
                  ],
                  "uv_size": [
                    8,
                    8
                  ]
                },
                "west": {
                  "uv": [
                    76,
                    32
                  ],
                  "uv_size": [
                    8,
                    8
                  ]
                }
              }
            },
            {
              "inflate": 0.5,
              "origin": [
                -4.4181,
                24,
                -22.29524
              ],
              "size": [
                8,
                8,
                8
              ],
              "uv": {
                "down": {
                  "uv": [
                    84,
                    16
                  ],
                  "uv_size": [
                    8,
                    -8
                  ]
                },
                "east": {
                  "uv": [
                    38,
                    78
                  ],
                  "uv_size": [
                    8,
                    8
                  ]
                },
                "north": {
                  "uv": [
                    76,
                    72
                  ],
                  "uv_size": [
                    8,
                    8
                  ]
                },
                "south": {
                  "uv": [
                    0,
                    80
                  ],
                  "uv_size": [
                    8,
                    8
                  ]
                },
                "up": {
                  "uv": [
                    8,
                    84
                  ],
                  "uv_size": [
                    8,
                    8
                  ]
                },
                "west": {
                  "uv": [
                    76,
                    80
                  ],
                  "uv_size": [
                    8,
                    8
                  ]
                }
              }
            }
          ],
          "name": "Head",
          "parent": "Body",
          "pivot": [
            -0.4181,
            24,
            -18.29524
          ],
          "rotation": [
            -9.99067,
            0.43399,
            2.46207
          ]
        },
        {
          "name": "armorHat",
          "parent": "Head",
          "pivot": [
            -0.4181,
            28,
            -18.29524
          ]
        },
        {
          "cubes": [
            {
              "origin": [
                3.5819,
                12,
                -20.29524
              ],
              "size": [
                4,
                12,
                4
              ],
              "uv": {
                "down": {
                  "uv": [
                    14,
                    72
                  ],
                  "uv_size": [
                    4,
                    -4
                  ]
                },
                "east": {
                  "uv": [
                    54,
                    84
                  ],
                  "uv_size": [
                    4,
                    12
                  ]
                },
                "north": {
                  "uv": [
                    50,
                    84
                  ],
                  "uv_size": [
                    4,
                    12
                  ]
                },
                "south": {
                  "uv": [
                    58,
                    84
                  ],
                  "uv_size": [
                    4,
                    12
                  ]
                },
                "up": {
                  "uv": [
                    52,
                    66
                  ],
                  "uv_size": [
                    4,
                    4
                  ]
                },
                "west": {
                  "uv": [
                    62,
                    84
                  ],
                  "uv_size": [
                    4,
                    12
                  ]
                }
              }
            },
            {
              "inflate": 0.25,
              "origin": [
                3.5819,
                12,
                -20.29524
              ],
              "size": [
                4,
                12,
                4
              ],
              "uv": {
                "down": {
                  "uv": [
                    8,
                    84
                  ],
                  "uv_size": [
                    4,
                    -4
                  ]
                },
                "east": {
                  "uv": [
                    70,
                    84
                  ],
                  "uv_size": [
                    4,
                    12
                  ]
                },
                "north": {
                  "uv": [
                    66,
                    84
                  ],
                  "uv_size": [
                    4,
                    12
                  ]
                },
                "south": {
                  "uv": [
                    84,
                    72
                  ],
                  "uv_size": [
                    4,
                    12
                  ]
                },
                "up": {
                  "uv": [
                    52,
                    70
                  ],
                  "uv_size": [
                    4,
                    4
                  ]
                },
                "west": {
                  "uv": [
                    84,
                    84
                  ],
                  "uv_size": [
                    4,
                    12
                  ]
                }
              }
            }
          ],
          "name": "LeftArm",
          "parent": "Body",
          "pivot": [
            4.5819,
            22,
            -18.29524
          ],
          "rotation": [
            -92.58492,
            -0.04279,
            -0.64558
          ]
        },
        {
          "name": "rightArmorBoot2",
          "parent": "LeftArm",
          "pivot": [
            5.5819,
            14.5,
            -22.29524
          ]
        },
        {
          "cubes": [
            {
              "origin": [
                -8.4181,
                12,
                -20.29524
              ],
              "size": [
                4,
                12,
                4
              ],
              "uv": {
                "down": {
                  "uv": [
                    84,
                    38
                  ],
                  "uv_size": [
                    4,
                    -4
                  ]
                },
                "east": {
                  "uv": [
                    39,
                    86
                  ],
                  "uv_size": [
                    4,
                    12
                  ]
                },
                "north": {
                  "uv": [
                    35,
                    86
                  ],
                  "uv_size": [
                    4,
                    12
                  ]
                },
                "south": {
                  "uv": [
                    86,
                    56
                  ],
                  "uv_size": [
                    4,
                    12
                  ]
                },
                "up": {
                  "uv": [
                    84,
                    30
                  ],
                  "uv_size": [
                    4,
                    4
                  ]
                },
                "west": {
                  "uv": [
                    0,
                    88
                  ],
                  "uv_size": [
                    4,
                    12
                  ]
                }
              }
            },
            {
              "inflate": 0.25,
              "origin": [
                -8.4181,
                12,
                -20.29524
              ],
              "size": [
                4,
                12,
                4
              ],
              "uv": {
                "down": {
                  "uv": [
                    96,
                    39
                  ],
                  "uv_size": [
                    4,
                    -4
                  ]
                },
                "east": {
                  "uv": [
                    88,
                    30
                  ],
                  "uv_size": [
                    4,
                    12
                  ]
                },
                "north": {
                  "uv": [
                    4,
                    88
                  ],
                  "uv_size": [
                    4,
                    12
                  ]
                },
                "south": {
                  "uv": [
                    88,
                    42
                  ],
                  "uv_size": [
                    4,
                    12
                  ]
                },
                "up": {
                  "uv": [
                    29,
                    96
                  ],
                  "uv_size": [
                    4,
                    4
                  ]
                },
                "west": {
                  "uv": [
                    88,
                    68
                  ],
                  "uv_size": [
                    4,
                    12
                  ]
                }
              }
            }
          ],
          "name": "RightArm",
          "parent": "Body",
          "pivot": [
            -5.4181,
            22,
            -18.29524
          ],
          "rotation": [
            -90,
            -7.5,
            0
          ]
        },
        {
          "name": "armorHat2",
          "parent": "RightArm",
          "pivot": [
            -7.4181,
            13,
            -24.29524
          ]
        },
        {
          "cubes": [
            {
              "origin": [
                -4.3181,
                0,
                -20.29524
              ],
              "size": [
                4,
                12,
                4
              ],
              "uv": {
                "down": {
                  "uv": [
                    96,
                    47
                  ],
                  "uv_size": [
                    4,
                    -4
                  ]
                },
                "east": {
                  "uv": [
                    78,
                    88
                  ],
                  "uv_size": [
                    4,
                    12
                  ]
                },
                "north": {
                  "uv": [
                    74,
                    88
                  ],
                  "uv_size": [
                    4,
                    12
                  ]
                },
                "south": {
                  "uv": [
                    88,
                    80
                  ],
                  "uv_size": [
                    4,
                    12
                  ]
                },
                "up": {
                  "uv": [
                    96,
                    39
                  ],
                  "uv_size": [
                    4,
                    4
                  ]
                },
                "west": {
                  "uv": [
                    43,
                    90
                  ],
                  "uv_size": [
                    4,
                    12
                  ]
                }
              }
            },
            {
              "inflate": 0.25,
              "origin": [
                -4.3181,
                0,
                -20.29524
              ],
              "size": [
                4,
                12,
                4
              ],
              "uv": {
                "down": {
                  "uv": [
                    50,
                    100
                  ],
                  "uv_size": [
                    4,
                    -4
                  ]
                },
                "east": {
                  "uv": [
                    8,
                    92
                  ],
                  "uv_size": [
                    4,
                    12
                  ]
                },
                "north": {
                  "uv": [
                    90,
                    54
                  ],
                  "uv_size": [
                    4,
                    12
                  ]
                },
                "south": {
                  "uv": [
                    92,
                    8
                  ],
                  "uv_size": [
                    4,
                    12
                  ]
                },
                "up": {
                  "uv": [
                    96,
                    47
                  ],
                  "uv_size": [
                    4,
                    4
                  ]
                },
                "west": {
                  "uv": [
                    12,
                    92
                  ],
                  "uv_size": [
                    4,
                    12
                  ]
                }
              }
            }
          ],
          "name": "RightLeg",
          "parent": "human",
          "pivot": [
            -2.3181,
            12,
            -18.29524
          ],
          "rotation": [
            -2.9359,
            4.75756,
            7.26884
          ]
        },
        {
          "name": "rightArmorBoot",
          "parent": "RightLeg",
          "pivot": [
            -0.4181,
            0,
            -18.29524
          ]
        },
        {
          "cubes": [
            {
              "origin": [
                -0.5181,
                0,
                -20.29524
              ],
              "size": [
                4,
                12,
                4
              ],
              "uv": {
                "down": {
                  "uv": [
                    58,
                    100
                  ],
                  "uv_size": [
                    4,
                    -4
                  ]
                },
                "east": {
                  "uv": [
                    92,
                    30
                  ],
                  "uv_size": [
                    4,
                    12
                  ]
                },
                "north": {
                  "uv": [
                    16,
                    92
                  ],
                  "uv_size": [
                    4,
                    12
                  ]
                },
                "south": {
                  "uv": [
                    92,
                    42
                  ],
                  "uv_size": [
                    4,
                    12
                  ]
                },
                "up": {
                  "uv": [
                    54,
                    96
                  ],
                  "uv_size": [
                    4,
                    4
                  ]
                },
                "west": {
                  "uv": [
                    92,
                    66
                  ],
                  "uv_size": [
                    4,
                    12
                  ]
                }
              }
            },
            {
              "inflate": 0.25,
              "origin": [
                -0.5181,
                0,
                -20.29524
              ],
              "size": [
                4,
                12,
                4
              ],
              "uv": {
                "down": {
                  "uv": [
                    66,
                    100
                  ],
                  "uv_size": [
                    4,
                    -4
                  ]
                },
                "east": {
                  "uv": [
                    88,
                    92
                  ],
                  "uv_size": [
                    4,
                    12
                  ]
                },
                "north": {
                  "uv": [
                    92,
                    78
                  ],
                  "uv_size": [
                    4,
                    12
                  ]
                },
                "south": {
                  "uv": [
                    92,
                    90
                  ],
                  "uv_size": [
                    4,
                    12
                  ]
                },
                "up": {
                  "uv": [
                    62,
                    96
                  ],
                  "uv_size": [
                    4,
                    4
                  ]
                },
                "west": {
                  "uv": [
                    94,
                    54
                  ],
                  "uv_size": [
                    4,
                    12
                  ]
                }
              }
            }
          ],
          "name": "LeftLeg",
          "parent": "human",
          "pivot": [
            1.4819,
            12,
            -18.29524
          ],
          "rotation": [
            -0.66963,
            -14.98539,
            -7.41193
          ]
        },
        {
          "name": "leftArmorBoot",
          "parent": "LeftLeg",
          "pivot": [
            1.4819,
            2.5,
            -18.29524
          ]
        }
      ],
      "description": {
        "identifier": "geometry.ng.npc.arcade",
        "texture_height": 128,
        "texture_width": 128,
        "visible_bounds_height": 3.5,
        "visible_bounds_offset": [
          0,
          1.25,
          0
        ],
        "visible_bounds_width": 3
      }
    }
  ]
}