{
  "format_version": "1.12.0",
  "minecraft:geometry": [
    {
      "bones": [
        {
          "cubes": [
            {
              "origin": [
                -5.5,
                19,
                -4.5
              ],
              "size": [
                11,
                11,
                10
              ],
              "uv": [
                0,
                0
              ]
            },
            {
              "origin": [
                -4.5,
                30,
                -3.5
              ],
              "size": [
                9,
                1,
                8
              ],
              "uv": [
                26,
                31
              ]
            },
            {
              "origin": [
                -4.5,
                24,
                -5.5
              ],
              "size": [
                3,
                3,
                1
              ],
              "uv": [
                38,
                4
              ]
            },
            {
              "origin": [
                1.5,
                24,
                -5.5
              ],
              "size": [
                3,
                3,
                1
              ],
              "uv": [
                38,
                0
              ]
            },
            {
              "origin": [
                -0.5,
                22,
                -5.5
              ],
              "size": [
                1,
                2,
                1
              ],
              "uv": [
                6,
                0
              ]
            },
            {
              "origin": [
                -4.5,
                9,
                -3.5
              ],
              "size": [
                9,
                10,
                8
              ],
              "uv": [
                0,
                21
              ]
            },
            {
              "origin": [
                -3.5,
                0,
                -2.5
              ],
              "size": [
                7,
                9,
                6
              ],
              "uv": [
                36,
                15
              ]
            }
          ],
          "name": "body",
          "pivot": [
            0,
            24,
            0
          ]
        },
        {
          "name": "head",
          "pivot": [
            0,
            25,
            0
          ]
        },
        {
          "cubes": [
            {
              "origin": [
                -0.30766,
                30.96194,
                -1.5
              ],
              "size": [
                0,
                8,
                3
              ],
              "uv": [
                26,
                18
              ]
            },
            {
              "origin": [
                -0.30766,
                31.96194,
                1.5
              ],
              "size": [
                0,
                3,
                1
              ],
              "uv": [
                32,
                23
              ]
            },
            {
              "origin": [
                -0.30766,
                34.96194,
                1.5
              ],
              "size": [
                0,
                3,
                1
              ],
              "uv": [
                32,
                20
              ]
            },
            {
              "origin": [
                -0.30766,
                34.96194,
                -2.5
              ],
              "size": [
                0,
                3,
                1
              ],
              "uv": [
                6,
                23
              ]
            },
            {
              "origin": [
                -0.30766,
                31.96194,
                -2.5
              ],
              "size": [
                0,
                3,
                1
              ],
              "uv": [
                6,
                20
              ]
            },
            {
              "origin": [
                -0.30766,
                32.96194,
                -3.5
              ],
              "size": [
                0,
                2,
                1
              ],
              "uv": [
                6,
                26
              ]
            },
            {
              "origin": [
                -0.30766,
                32.96194,
                2.5
              ],
              "size": [
                0,
                2,
                1
              ],
              "uv": [
                4,
                7
              ]
            }
          ],
          "name": "leaf4",
          "parent": "head",
          "pivot": [
            -0.5,
            30.5,
            0
          ],
          "rotation": [
            0,
            0,
            -22.5
          ]
        },
        {
          "cubes": [
            {
              "origin": [
                -1.5,
                30.90954,
                -0.01403
              ],
              "size": [
                3,
                8,
                0
              ],
              "uv": [
                32,
                0
              ]
            },
            {
              "origin": [
                1.5,
                31.90954,
                -0.01403
              ],
              "size": [
                1,
                3,
                0
              ],
              "uv": [
                8,
                39
              ]
            },
            {
              "origin": [
                2.5,
                32.90954,
                -0.01403
              ],
              "size": [
                1,
                2,
                0
              ],
              "uv": [
                36,
                8
              ]
            },
            {
              "origin": [
                -2.5,
                31.90954,
                -0.01403
              ],
              "size": [
                1,
                3,
                0
              ],
              "uv": [
                6,
                39
              ]
            },
            {
              "origin": [
                -3.5,
                32.90954,
                -0.01403
              ],
              "size": [
                1,
                2,
                0
              ],
              "uv": [
                34,
                8
              ]
            },
            {
              "origin": [
                -2.5,
                34.90954,
                -0.01403
              ],
              "size": [
                1,
                3,
                0
              ],
              "uv": [
                4,
                39
              ]
            },
            {
              "origin": [
                1.5,
                34.90954,
                -0.01403
              ],
              "size": [
                1,
                3,
                0
              ],
              "uv": [
                2,
                39
              ]
            }
          ],
          "name": "leaf3",
          "parent": "head",
          "pivot": [
            0,
            30.5,
            0.5
          ],
          "rotation": [
            -20,
            0,
            0
          ]
        },
        {
          "cubes": [
            {
              "origin": [
                0.37059,
                30.98296,
                -1.5
              ],
              "size": [
                0,
                8,
                3
              ],
              "uv": [
                0,
                18
              ]
            },
            {
              "origin": [
                0.37059,
                31.98296,
                1.5
              ],
              "size": [
                0,
                3,
                1
              ],
              "uv": [
                8,
                5
              ]
            },
            {
              "origin": [
                0.37059,
                32.98296,
                2.5
              ],
              "size": [
                0,
                2,
                1
              ],
              "uv": [
                2,
                7
              ]
            },
            {
              "origin": [
                0.37059,
                32.98296,
                -3.5
              ],
              "size": [
                0,
                2,
                1
              ],
              "uv": [
                0,
                7
              ]
            },
            {
              "origin": [
                0.37059,
                31.98296,
                -2.5
              ],
              "size": [
                0,
                3,
                1
              ],
              "uv": [
                8,
                2
              ]
            },
            {
              "origin": [
                0.37059,
                34.98296,
                -2.5
              ],
              "size": [
                0,
                3,
                1
              ],
              "uv": [
                6,
                5
              ]
            },
            {
              "origin": [
                0.37059,
                34.98296,
                1.5
              ],
              "size": [
                0,
                3,
                1
              ],
              "uv": [
                6,
                2
              ]
            }
          ],
          "name": "leaf2",
          "parent": "head",
          "pivot": [
            0.5,
            30.5,
            0
          ],
          "rotation": [
            0,
            0,
            15
          ]
        },
        {
          "cubes": [
            {
              "origin": [
                -1.5,
                30.93058,
                -0.04894
              ],
              "size": [
                3,
                8,
                0
              ],
              "uv": [
                0,
                0
              ]
            },
            {
              "origin": [
                -2.5,
                31.93058,
                -0.04894
              ],
              "size": [
                1,
                3,
                0
              ],
              "uv": [
                0,
                39
              ]
            },
            {
              "origin": [
                -2.5,
                34.93058,
                -0.04894
              ],
              "size": [
                1,
                3,
                0
              ],
              "uv": [
                34,
                27
              ]
            },
            {
              "origin": [
                1.5,
                34.93058,
                -0.04894
              ],
              "size": [
                1,
                3,
                0
              ],
              "uv": [
                34,
                24
              ]
            },
            {
              "origin": [
                1.5,
                31.93058,
                -0.04894
              ],
              "size": [
                1,
                3,
                0
              ],
              "uv": [
                34,
                21
              ]
            },
            {
              "origin": [
                2.5,
                32.93058,
                -0.04894
              ],
              "size": [
                1,
                2,
                0
              ],
              "uv": [
                32,
                27
              ]
            },
            {
              "origin": [
                -3.5,
                32.93058,
                -0.04894
              ],
              "size": [
                1,
                2,
                0
              ],
              "uv": [
                32,
                8
              ]
            }
          ],
          "name": "leaf",
          "parent": "head",
          "pivot": [
            0,
            29.5,
            -0.5
          ],
          "rotation": [
            17.5,
            0,
            0
          ]
        },
        {
          "name": "leftArm",
          "pivot": [
            5,
            22,
            0
          ]
        },
        {
          "name": "rightArm",
          "pivot": [
            -5,
            22,
            0
          ]
        },
        {
          "name": "leftLeg",
          "pivot": [
            1.9,
            12,
            0
          ]
        },
        {
          "name": "rightLeg",
          "pivot": [
            -1.9,
            12,
            0
          ]
        }
      ],
      "description": {
        "identifier": "geometry.ng.shopkeeper.carrot",
        "texture_height": 64,
        "texture_width": 64,
        "visible_bounds_height": 5,
        "visible_bounds_offset": [
          0,
          1.5,
          0
        ],
        "visible_bounds_width": 3
      }
    }
  ]
}