{
  "format_version": "1.12.0",
  "minecraft:geometry": [
    {
      "bones": [
        {
          "name": "bone",
          "pivot": [
            0,
            16,
            0
          ]
        },
        {
          "cubes": [
            {
              "origin": [
                -22,
                33,
                -2
              ],
              "size": [
                12,
                3,
                3
              ],
              "uv": {
                "down": {
                  "uv": [
                    71,
                    56
                  ],
                  "uv_size": [
                    12,
                    -3
                  ]
                },
                "east": {
                  "uv": [
                    78,
                    83
                  ],
                  "uv_size": [
                    3,
                    3
                  ]
                },
                "north": {
                  "uv": [
                    71,
                    44
                  ],
                  "uv_size": [
                    12,
                    3
                  ]
                },
                "south": {
                  "uv": [
                    71,
                    47
                  ],
                  "uv_size": [
                    12,
                    3
                  ]
                },
                "up": {
                  "uv": [
                    71,
                    50
                  ],
                  "uv_size": [
                    12,
                    3
                  ]
                },
                "west": {
                  "uv": [
                    81,
                    83
                  ],
                  "uv_size": [
                    3,
                    3
                  ]
                }
              }
            },
            {
              "origin": [
                -19,
                24,
                -2
              ],
              "size": [
                6,
                3,
                3
              ],
              "uv": {
                "down": {
                  "uv": [
                    78,
                    9
                  ],
                  "uv_size": [
                    6,
                    -3
                  ]
                },
                "east": {
                  "uv": [
                    0,
                    84
                  ],
                  "uv_size": [
                    3,
                    3
                  ]
                },
                "north": {
                  "uv": [
                    54,
                    77
                  ],
                  "uv_size": [
                    6,
                    3
                  ]
                },
                "south": {
                  "uv": [
                    78,
                    0
                  ],
                  "uv_size": [
                    6,
                    3
                  ]
                },
                "up": {
                  "uv": [
                    78,
                    3
                  ],
                  "uv_size": [
                    6,
                    3
                  ]
                },
                "west": {
                  "uv": [
                    84,
                    0
                  ],
                  "uv_size": [
                    3,
                    3
                  ]
                }
              }
            },
            {
              "origin": [
                -22,
                24,
                -2
              ],
              "size": [
                3,
                9,
                3
              ],
              "uv": {
                "down": {
                  "uv": [
                    84,
                    6
                  ],
                  "uv_size": [
                    3,
                    -3
                  ]
                },
                "east": {
                  "uv": [
                    63,
                    74
                  ],
                  "uv_size": [
                    3,
                    9
                  ]
                },
                "north": {
                  "uv": [
                    60,
                    74
                  ],
                  "uv_size": [
                    3,
                    9
                  ]
                },
                "south": {
                  "uv": [
                    66,
                    74
                  ],
                  "uv_size": [
                    3,
                    9
                  ]
                },
                "up": {
                  "uv": [
                    3,
                    84
                  ],
                  "uv_size": [
                    3,
                    3
                  ]
                },
                "west": {
                  "uv": [
                    69,
                    74
                  ],
                  "uv_size": [
                    3,
                    9
                  ]
                }
              }
            },
            {
              "origin": [
                -13,
                30,
                -2
              ],
              "size": [
                3,
                3,
                3
              ],
              "uv": {
                "down": {
                  "uv": [
                    84,
                    18
                  ],
                  "uv_size": [
                    3,
                    -3
                  ]
                },
                "east": {
                  "uv": [
                    84,
                    6
                  ],
                  "uv_size": [
                    3,
                    3
                  ]
                },
                "north": {
                  "uv": [
                    6,
                    84
                  ],
                  "uv_size": [
                    3,
                    3
                  ]
                },
                "south": {
                  "uv": [
                    9,
                    84
                  ],
                  "uv_size": [
                    3,
                    3
                  ]
                },
                "up": {
                  "uv": [
                    84,
                    12
                  ],
                  "uv_size": [
                    3,
                    3
                  ]
                },
                "west": {
                  "uv": [
                    84,
                    9
                  ],
                  "uv_size": [
                    3,
                    3
                  ]
                }
              }
            },
            {
              "origin": [
                -16,
                21,
                -2
              ],
              "size": [
                3,
                3,
                3
              ],
              "uv": {
                "down": {
                  "uv": [
                    84,
                    84
                  ],
                  "uv_size": [
                    3,
                    -3
                  ]
                },
                "east": {
                  "uv": [
                    84,
                    69
                  ],
                  "uv_size": [
                    3,
                    3
                  ]
                },
                "north": {
                  "uv": [
                    84,
                    66
                  ],
                  "uv_size": [
                    3,
                    3
                  ]
                },
                "south": {
                  "uv": [
                    84,
                    72
                  ],
                  "uv_size": [
                    3,
                    3
                  ]
                },
                "up": {
                  "uv": [
                    84,
                    78
                  ],
                  "uv_size": [
                    3,
                    3
                  ]
                },
                "west": {
                  "uv": [
                    84,
                    75
                  ],
                  "uv_size": [
                    3,
                    3
                  ]
                }
              }
            },
            {
              "origin": [
                -16,
                17,
                -2
              ],
              "size": [
                3,
                3,
                3
              ],
              "uv": {
                "down": {
                  "uv": [
                    21,
                    88
                  ],
                  "uv_size": [
                    3,
                    -3
                  ]
                },
                "east": {
                  "uv": [
                    12,
                    85
                  ],
                  "uv_size": [
                    3,
                    3
                  ]
                },
                "north": {
                  "uv": [
                    84,
                    84
                  ],
                  "uv_size": [
                    3,
                    3
                  ]
                },
                "south": {
                  "uv": [
                    15,
                    85
                  ],
                  "uv_size": [
                    3,
                    3
                  ]
                },
                "up": {
                  "uv": [
                    85,
                    18
                  ],
                  "uv_size": [
                    3,
                    3
                  ]
                },
                "west": {
                  "uv": [
                    18,
                    85
                  ],
                  "uv_size": [
                    3,
                    3
                  ]
                }
              }
            }
          ],
          "name": "bone6",
          "parent": "bone",
          "pivot": [
            -15.5,
            26.83333,
            -0.5
          ],
          "rotation": [
            0,
            -90,
            0
          ]
        },
        {
          "cubes": [
            {
              "origin": [
                10,
                33,
                -2
              ],
              "size": [
                12,
                3,
                3
              ],
              "uv": {
                "down": {
                  "uv": [
                    71,
                    65
                  ],
                  "uv_size": [
                    12,
                    -3
                  ]
                },
                "east": {
                  "uv": [
                    85,
                    21
                  ],
                  "uv_size": [
                    3,
                    3
                  ]
                },
                "north": {
                  "uv": [
                    54,
                    71
                  ],
                  "uv_size": [
                    12,
                    3
                  ]
                },
                "south": {
                  "uv": [
                    71,
                    56
                  ],
                  "uv_size": [
                    12,
                    3
                  ]
                },
                "up": {
                  "uv": [
                    71,
                    59
                  ],
                  "uv_size": [
                    12,
                    3
                  ]
                },
                "west": {
                  "uv": [
                    24,
                    85
                  ],
                  "uv_size": [
                    3,
                    3
                  ]
                }
              }
            },
            {
              "origin": [
                13,
                24,
                -2
              ],
              "size": [
                6,
                3,
                3
              ],
              "uv": {
                "down": {
                  "uv": [
                    78,
                    74
                  ],
                  "uv_size": [
                    6,
                    -3
                  ]
                },
                "east": {
                  "uv": [
                    85,
                    24
                  ],
                  "uv_size": [
                    3,
                    3
                  ]
                },
                "north": {
                  "uv": [
                    78,
                    9
                  ],
                  "uv_size": [
                    6,
                    3
                  ]
                },
                "south": {
                  "uv": [
                    78,
                    12
                  ],
                  "uv_size": [
                    6,
                    3
                  ]
                },
                "up": {
                  "uv": [
                    78,
                    15
                  ],
                  "uv_size": [
                    6,
                    3
                  ]
                },
                "west": {
                  "uv": [
                    27,
                    85
                  ],
                  "uv_size": [
                    3,
                    3
                  ]
                }
              }
            },
            {
              "origin": [
                19,
                24,
                -2
              ],
              "size": [
                3,
                9,
                3
              ],
              "uv": {
                "down": {
                  "uv": [
                    30,
                    88
                  ],
                  "uv_size": [
                    3,
                    -3
                  ]
                },
                "east": {
                  "uv": [
                    0,
                    75
                  ],
                  "uv_size": [
                    3,
                    9
                  ]
                },
                "north": {
                  "uv": [
                    72,
                    74
                  ],
                  "uv_size": [
                    3,
                    9
                  ]
                },
                "south": {
                  "uv": [
                    3,
                    75
                  ],
                  "uv_size": [
                    3,
                    9
                  ]
                },
                "up": {
                  "uv": [
                    85,
                    27
                  ],
                  "uv_size": [
                    3,
                    3
                  ]
                },
                "west": {
                  "uv": [
                    6,
                    75
                  ],
                  "uv_size": [
                    3,
                    9
                  ]
                }
              }
            },
            {
              "origin": [
                10,
                30,
                -2
              ],
              "size": [
                3,
                3,
                3
              ],
              "uv": {
                "down": {
                  "uv": [
                    36,
                    89
                  ],
                  "uv_size": [
                    3,
                    -3
                  ]
                },
                "east": {
                  "uv": [
                    33,
                    85
                  ],
                  "uv_size": [
                    3,
                    3
                  ]
                },
                "north": {
                  "uv": [
                    85,
                    30
                  ],
                  "uv_size": [
                    3,
                    3
                  ]
                },
                "south": {
                  "uv": [
                    85,
                    33
                  ],
                  "uv_size": [
                    3,
                    3
                  ]
                },
                "up": {
                  "uv": [
                    85,
                    39
                  ],
                  "uv_size": [
                    3,
                    3
                  ]
                },
                "west": {
                  "uv": [
                    85,
                    36
                  ],
                  "uv_size": [
                    3,
                    3
                  ]
                }
              }
            },
            {
              "origin": [
                13,
                21,
                -2
              ],
              "size": [
                3,
                3,
                3
              ],
              "uv": {
                "down": {
                  "uv": [
                    54,
                    89
                  ],
                  "uv_size": [
                    3,
                    -3
                  ]
                },
                "east": {
                  "uv": [
                    42,
                    86
                  ],
                  "uv_size": [
                    3,
                    3
                  ]
                },
                "north": {
                  "uv": [
                    39,
                    86
                  ],
                  "uv_size": [
                    3,
                    3
                  ]
                },
                "south": {
                  "uv": [
                    45,
                    86
                  ],
                  "uv_size": [
                    3,
                    3
                  ]
                },
                "up": {
                  "uv": [
                    51,
                    86
                  ],
                  "uv_size": [
                    3,
                    3
                  ]
                },
                "west": {
                  "uv": [
                    48,
                    86
                  ],
                  "uv_size": [
                    3,
                    3
                  ]
                }
              }
            },
            {
              "origin": [
                13,
                17,
                -2
              ],
              "size": [
                3,
                3,
                3
              ],
              "uv": {
                "down": {
                  "uv": [
                    72,
                    89
                  ],
                  "uv_size": [
                    3,
                    -3
                  ]
                },
                "east": {
                  "uv": [
                    60,
                    86
                  ],
                  "uv_size": [
                    3,
                    3
                  ]
                },
                "north": {
                  "uv": [
                    57,
                    86
                  ],
                  "uv_size": [
                    3,
                    3
                  ]
                },
                "south": {
                  "uv": [
                    63,
                    86
                  ],
                  "uv_size": [
                    3,
                    3
                  ]
                },
                "up": {
                  "uv": [
                    69,
                    86
                  ],
                  "uv_size": [
                    3,
                    3
                  ]
                },
                "west": {
                  "uv": [
                    66,
                    86
                  ],
                  "uv_size": [
                    3,
                    3
                  ]
                }
              }
            }
          ],
          "name": "bone7",
          "parent": "bone",
          "pivot": [
            15.5,
            26.83333,
            -0.5
          ],
          "rotation": [
            0,
            -90,
            0
          ]
        },
        {
          "cubes": [
            {
              "origin": [
                -6,
                33,
                -17
              ],
              "size": [
                12,
                3,
                3
              ],
              "uv": {
                "down": {
                  "uv": [
                    72,
                    71
                  ],
                  "uv_size": [
                    12,
                    -3
                  ]
                },
                "east": {
                  "uv": [
                    75,
                    86
                  ],
                  "uv_size": [
                    3,
                    3
                  ]
                },
                "north": {
                  "uv": [
                    71,
                    65
                  ],
                  "uv_size": [
                    12,
                    3
                  ]
                },
                "south": {
                  "uv": [
                    66,
                    71
                  ],
                  "uv_size": [
                    12,
                    3
                  ]
                },
                "up": {
                  "uv": [
                    0,
                    72
                  ],
                  "uv_size": [
                    12,
                    3
                  ]
                },
                "west": {
                  "uv": [
                    78,
                    86
                  ],
                  "uv_size": [
                    3,
                    3
                  ]
                }
              }
            },
            {
              "origin": [
                -3,
                24,
                -17
              ],
              "size": [
                6,
                3,
                3
              ],
              "uv": {
                "down": {
                  "uv": [
                    78,
                    83
                  ],
                  "uv_size": [
                    6,
                    -3
                  ]
                },
                "east": {
                  "uv": [
                    81,
                    86
                  ],
                  "uv_size": [
                    3,
                    3
                  ]
                },
                "north": {
                  "uv": [
                    78,
                    74
                  ],
                  "uv_size": [
                    6,
                    3
                  ]
                },
                "south": {
                  "uv": [
                    78,
                    77
                  ],
                  "uv_size": [
                    6,
                    3
                  ]
                },
                "up": {
                  "uv": [
                    54,
                    80
                  ],
                  "uv_size": [
                    6,
                    3
                  ]
                },
                "west": {
                  "uv": [
                    0,
                    87
                  ],
                  "uv_size": [
                    3,
                    3
                  ]
                }
              }
            },
            {
              "origin": [
                -6,
                24,
                -17
              ],
              "size": [
                3,
                9,
                3
              ],
              "uv": {
                "down": {
                  "uv": [
                    3,
                    90
                  ],
                  "uv_size": [
                    3,
                    -3
                  ]
                },
                "east": {
                  "uv": [
                    75,
                    74
                  ],
                  "uv_size": [
                    3,
                    9
                  ]
                },
                "north": {
                  "uv": [
                    9,
                    75
                  ],
                  "uv_size": [
                    3,
                    9
                  ]
                },
                "south": {
                  "uv": [
                    12,
                    76
                  ],
                  "uv_size": [
                    3,
                    9
                  ]
                },
                "up": {
                  "uv": [
                    87,
                    0
                  ],
                  "uv_size": [
                    3,
                    3
                  ]
                },
                "west": {
                  "uv": [
                    15,
                    76
                  ],
                  "uv_size": [
                    3,
                    9
                  ]
                }
              }
            },
            {
              "origin": [
                3,
                30,
                -17
              ],
              "size": [
                3,
                3,
                3
              ],
              "uv": {
                "down": {
                  "uv": [
                    87,
                    15
                  ],
                  "uv_size": [
                    3,
                    -3
                  ]
                },
                "east": {
                  "uv": [
                    6,
                    87
                  ],
                  "uv_size": [
                    3,
                    3
                  ]
                },
                "north": {
                  "uv": [
                    87,
                    3
                  ],
                  "uv_size": [
                    3,
                    3
                  ]
                },
                "south": {
                  "uv": [
                    87,
                    6
                  ],
                  "uv_size": [
                    3,
                    3
                  ]
                },
                "up": {
                  "uv": [
                    87,
                    9
                  ],
                  "uv_size": [
                    3,
                    3
                  ]
                },
                "west": {
                  "uv": [
                    9,
                    87
                  ],
                  "uv_size": [
                    3,
                    3
                  ]
                }
              }
            },
            {
              "origin": [
                0,
                21,
                -17
              ],
              "size": [
                3,
                3,
                3
              ],
              "uv": {
                "down": {
                  "uv": [
                    87,
                    81
                  ],
                  "uv_size": [
                    3,
                    -3
                  ]
                },
                "east": {
                  "uv": [
                    87,
                    66
                  ],
                  "uv_size": [
                    3,
                    3
                  ]
                },
                "north": {
                  "uv": [
                    87,
                    15
                  ],
                  "uv_size": [
                    3,
                    3
                  ]
                },
                "south": {
                  "uv": [
                    87,
                    69
                  ],
                  "uv_size": [
                    3,
                    3
                  ]
                },
                "up": {
                  "uv": [
                    87,
                    75
                  ],
                  "uv_size": [
                    3,
                    3
                  ]
                },
                "west": {
                  "uv": [
                    87,
                    72
                  ],
                  "uv_size": [
                    3,
                    3
                  ]
                }
              }
            },
            {
              "origin": [
                0,
                17,
                -17
              ],
              "size": [
                3,
                3,
                3
              ],
              "uv": {
                "down": {
                  "uv": [
                    15,
                    91
                  ],
                  "uv_size": [
                    3,
                    -3
                  ]
                },
                "east": {
                  "uv": [
                    84,
                    87
                  ],
                  "uv_size": [
                    3,
                    3
                  ]
                },
                "north": {
                  "uv": [
                    87,
                    81
                  ],
                  "uv_size": [
                    3,
                    3
                  ]
                },
                "south": {
                  "uv": [
                    87,
                    84
                  ],
                  "uv_size": [
                    3,
                    3
                  ]
                },
                "up": {
                  "uv": [
                    12,
                    88
                  ],
                  "uv_size": [
                    3,
                    3
                  ]
                },
                "west": {
                  "uv": [
                    87,
                    87
                  ],
                  "uv_size": [
                    3,
                    3
                  ]
                }
              }
            }
          ],
          "name": "bone3",
          "parent": "bone",
          "pivot": [
            0.5,
            26.83333,
            -15.5
          ],
          "rotation": [
            0,
            180,
            0
          ]
        },
        {
          "cubes": [
            {
              "origin": [
                -6,
                48,
                -1
              ],
              "size": [
                12,
                3,
                3
              ],
              "uv": {
                "down": {
                  "uv": [
                    24,
                    76
                  ],
                  "uv_size": [
                    12,
                    -3
                  ]
                },
                "east": {
                  "uv": [
                    18,
                    88
                  ],
                  "uv_size": [
                    3,
                    3
                  ]
                },
                "north": {
                  "uv": [
                    12,
                    73
                  ],
                  "uv_size": [
                    12,
                    3
                  ]
                },
                "south": {
                  "uv": [
                    73,
                    18
                  ],
                  "uv_size": [
                    12,
                    3
                  ]
                },
                "up": {
                  "uv": [
                    73,
                    21
                  ],
                  "uv_size": [
                    12,
                    3
                  ]
                },
                "west": {
                  "uv": [
                    88,
                    18
                  ],
                  "uv_size": [
                    3,
                    3
                  ]
                }
              }
            },
            {
              "origin": [
                -3,
                39,
                -1
              ],
              "size": [
                6,
                3,
                3
              ],
              "uv": {
                "down": {
                  "uv": [
                    83,
                    54
                  ],
                  "uv_size": [
                    6,
                    -3
                  ]
                },
                "east": {
                  "uv": [
                    21,
                    88
                  ],
                  "uv_size": [
                    3,
                    3
                  ]
                },
                "north": {
                  "uv": [
                    83,
                    42
                  ],
                  "uv_size": [
                    6,
                    3
                  ]
                },
                "south": {
                  "uv": [
                    83,
                    45
                  ],
                  "uv_size": [
                    6,
                    3
                  ]
                },
                "up": {
                  "uv": [
                    83,
                    48
                  ],
                  "uv_size": [
                    6,
                    3
                  ]
                },
                "west": {
                  "uv": [
                    88,
                    21
                  ],
                  "uv_size": [
                    3,
                    3
                  ]
                }
              }
            },
            {
              "origin": [
                -6,
                39,
                -1
              ],
              "size": [
                3,
                9,
                3
              ],
              "uv": {
                "down": {
                  "uv": [
                    88,
                    27
                  ],
                  "uv_size": [
                    3,
                    -3
                  ]
                },
                "east": {
                  "uv": [
                    21,
                    76
                  ],
                  "uv_size": [
                    3,
                    9
                  ]
                },
                "north": {
                  "uv": [
                    18,
                    76
                  ],
                  "uv_size": [
                    3,
                    9
                  ]
                },
                "south": {
                  "uv": [
                    24,
                    76
                  ],
                  "uv_size": [
                    3,
                    9
                  ]
                },
                "up": {
                  "uv": [
                    24,
                    88
                  ],
                  "uv_size": [
                    3,
                    3
                  ]
                },
                "west": {
                  "uv": [
                    27,
                    76
                  ],
                  "uv_size": [
                    3,
                    9
                  ]
                }
              }
            },
            {
              "origin": [
                3,
                45,
                -1
              ],
              "size": [
                3,
                3,
                3
              ],
              "uv": {
                "down": {
                  "uv": [
                    88,
                    36
                  ],
                  "uv_size": [
                    3,
                    -3
                  ]
                },
                "east": {
                  "uv": [
                    88,
                    27
                  ],
                  "uv_size": [
                    3,
                    3
                  ]
                },
                "north": {
                  "uv": [
                    27,
                    88
                  ],
                  "uv_size": [
                    3,
                    3
                  ]
                },
                "south": {
                  "uv": [
                    30,
                    88
                  ],
                  "uv_size": [
                    3,
                    3
                  ]
                },
                "up": {
                  "uv": [
                    33,
                    88
                  ],
                  "uv_size": [
                    3,
                    3
                  ]
                },
                "west": {
                  "uv": [
                    88,
                    30
                  ],
                  "uv_size": [
                    3,
                    3
                  ]
                }
              }
            },
            {
              "origin": [
                0,
                36,
                -1
              ],
              "size": [
                3,
                3,
                3
              ],
              "uv": {
                "down": {
                  "uv": [
                    89,
                    45
                  ],
                  "uv_size": [
                    3,
                    -3
                  ]
                },
                "east": {
                  "uv": [
                    88,
                    39
                  ],
                  "uv_size": [
                    3,
                    3
                  ]
                },
                "north": {
                  "uv": [
                    88,
                    36
                  ],
                  "uv_size": [
                    3,
                    3
                  ]
                },
                "south": {
                  "uv": [
                    36,
                    89
                  ],
                  "uv_size": [
                    3,
                    3
                  ]
                },
                "up": {
                  "uv": [
                    42,
                    89
                  ],
                  "uv_size": [
                    3,
                    3
                  ]
                },
                "west": {
                  "uv": [
                    39,
                    89
                  ],
                  "uv_size": [
                    3,
                    3
                  ]
                }
              }
            },
            {
              "origin": [
                0,
                32,
                -1
              ],
              "size": [
                3,
                3,
                3
              ],
              "uv": {
                "down": {
                  "uv": [
                    89,
                    54
                  ],
                  "uv_size": [
                    3,
                    -3
                  ]
                },
                "east": {
                  "uv": [
                    89,
                    45
                  ],
                  "uv_size": [
                    3,
                    3
                  ]
                },
                "north": {
                  "uv": [
                    45,
                    89
                  ],
                  "uv_size": [
                    3,
                    3
                  ]
                },
                "south": {
                  "uv": [
                    48,
                    89
                  ],
                  "uv_size": [
                    3,
                    3
                  ]
                },
                "up": {
                  "uv": [
                    51,
                    89
                  ],
                  "uv_size": [
                    3,
                    3
                  ]
                },
                "west": {
                  "uv": [
                    89,
                    48
                  ],
                  "uv_size": [
                    3,
                    3
                  ]
                }
              }
            }
          ],
          "name": "bone4",
          "parent": "bone",
          "pivot": [
            0.5,
            41.83333,
            0.5
          ],
          "rotation": [
            -90,
            0,
            180
          ]
        },
        {
          "cubes": [
            {
              "origin": [
                -6,
                16,
                -1
              ],
              "size": [
                12,
                3,
                3
              ],
              "uv": {
                "down": {
                  "uv": [
                    73,
                    36
                  ],
                  "uv_size": [
                    12,
                    -3
                  ]
                },
                "east": {
                  "uv": [
                    54,
                    89
                  ],
                  "uv_size": [
                    3,
                    3
                  ]
                },
                "north": {
                  "uv": [
                    73,
                    24
                  ],
                  "uv_size": [
                    12,
                    3
                  ]
                },
                "south": {
                  "uv": [
                    73,
                    27
                  ],
                  "uv_size": [
                    12,
                    3
                  ]
                },
                "up": {
                  "uv": [
                    73,
                    30
                  ],
                  "uv_size": [
                    12,
                    3
                  ]
                },
                "west": {
                  "uv": [
                    89,
                    54
                  ],
                  "uv_size": [
                    3,
                    3
                  ]
                }
              }
            },
            {
              "origin": [
                -3,
                7,
                -1
              ],
              "size": [
                6,
                3,
                3
              ],
              "uv": {
                "down": {
                  "uv": [
                    60,
                    86
                  ],
                  "uv_size": [
                    6,
                    -3
                  ]
                },
                "east": {
                  "uv": [
                    57,
                    89
                  ],
                  "uv_size": [
                    3,
                    3
                  ]
                },
                "north": {
                  "uv": [
                    54,
                    83
                  ],
                  "uv_size": [
                    6,
                    3
                  ]
                },
                "south": {
                  "uv": [
                    83,
                    54
                  ],
                  "uv_size": [
                    6,
                    3
                  ]
                },
                "up": {
                  "uv": [
                    83,
                    57
                  ],
                  "uv_size": [
                    6,
                    3
                  ]
                },
                "west": {
                  "uv": [
                    89,
                    57
                  ],
                  "uv_size": [
                    3,
                    3
                  ]
                }
              }
            },
            {
              "origin": [
                -6,
                7,
                -1
              ],
              "size": [
                3,
                9,
                3
              ],
              "uv": {
                "down": {
                  "uv": [
                    89,
                    63
                  ],
                  "uv_size": [
                    3,
                    -3
                  ]
                },
                "east": {
                  "uv": [
                    33,
                    76
                  ],
                  "uv_size": [
                    3,
                    9
                  ]
                },
                "north": {
                  "uv": [
                    30,
                    76
                  ],
                  "uv_size": [
                    3,
                    9
                  ]
                },
                "south": {
                  "uv": [
                    36,
                    77
                  ],
                  "uv_size": [
                    3,
                    9
                  ]
                },
                "up": {
                  "uv": [
                    60,
                    89
                  ],
                  "uv_size": [
                    3,
                    3
                  ]
                },
                "west": {
                  "uv": [
                    39,
                    77
                  ],
                  "uv_size": [
                    3,
                    9
                  ]
                }
              }
            },
            {
              "origin": [
                3,
                13,
                -1
              ],
              "size": [
                3,
                3,
                3
              ],
              "uv": {
                "down": {
                  "uv": [
                    75,
                    92
                  ],
                  "uv_size": [
                    3,
                    -3
                  ]
                },
                "east": {
                  "uv": [
                    89,
                    63
                  ],
                  "uv_size": [
                    3,
                    3
                  ]
                },
                "north": {
                  "uv": [
                    63,
                    89
                  ],
                  "uv_size": [
                    3,
                    3
                  ]
                },
                "south": {
                  "uv": [
                    66,
                    89
                  ],
                  "uv_size": [
                    3,
                    3
                  ]
                },
                "up": {
                  "uv": [
                    72,
                    89
                  ],
                  "uv_size": [
                    3,
                    3
                  ]
                },
                "west": {
                  "uv": [
                    69,
                    89
                  ],
                  "uv_size": [
                    3,
                    3
                  ]
                }
              }
            },
            {
              "origin": [
                0,
                4,
                -1
              ],
              "size": [
                3,
                3,
                3
              ],
              "uv": {
                "down": {
                  "uv": [
                    90,
                    6
                  ],
                  "uv_size": [
                    3,
                    -3
                  ]
                },
                "east": {
                  "uv": [
                    81,
                    89
                  ],
                  "uv_size": [
                    3,
                    3
                  ]
                },
                "north": {
                  "uv": [
                    78,
                    89
                  ],
                  "uv_size": [
                    3,
                    3
                  ]
                },
                "south": {
                  "uv": [
                    0,
                    90
                  ],
                  "uv_size": [
                    3,
                    3
                  ]
                },
                "up": {
                  "uv": [
                    3,
                    90
                  ],
                  "uv_size": [
                    3,
                    3
                  ]
                },
                "west": {
                  "uv": [
                    90,
                    0
                  ],
                  "uv_size": [
                    3,
                    3
                  ]
                }
              }
            },
            {
              "origin": [
                0,
                0,
                -1
              ],
              "size": [
                3,
                3,
                3
              ],
              "uv": {
                "down": {
                  "uv": [
                    90,
                    18
                  ],
                  "uv_size": [
                    3,
                    -3
                  ]
                },
                "east": {
                  "uv": [
                    90,
                    6
                  ],
                  "uv_size": [
                    3,
                    3
                  ]
                },
                "north": {
                  "uv": [
                    6,
                    90
                  ],
                  "uv_size": [
                    3,
                    3
                  ]
                },
                "south": {
                  "uv": [
                    9,
                    90
                  ],
                  "uv_size": [
                    3,
                    3
                  ]
                },
                "up": {
                  "uv": [
                    90,
                    12
                  ],
                  "uv_size": [
                    3,
                    3
                  ]
                },
                "west": {
                  "uv": [
                    90,
                    9
                  ],
                  "uv_size": [
                    3,
                    3
                  ]
                }
              }
            }
          ],
          "name": "bone8",
          "parent": "bone",
          "pivot": [
            0.5,
            9.83333,
            0.5
          ],
          "rotation": [
            -90,
            0,
            180
          ]
        },
        {
          "cubes": [
            {
              "origin": [
                -6,
                33,
                14
              ],
              "size": [
                12,
                3,
                3
              ],
              "uv": {
                "down": {
                  "uv": [
                    48,
                    77
                  ],
                  "uv_size": [
                    12,
                    -3
                  ]
                },
                "east": {
                  "uv": [
                    90,
                    66
                  ],
                  "uv_size": [
                    3,
                    3
                  ]
                },
                "north": {
                  "uv": [
                    73,
                    36
                  ],
                  "uv_size": [
                    12,
                    3
                  ]
                },
                "south": {
                  "uv": [
                    73,
                    39
                  ],
                  "uv_size": [
                    12,
                    3
                  ]
                },
                "up": {
                  "uv": [
                    36,
                    74
                  ],
                  "uv_size": [
                    12,
                    3
                  ]
                },
                "west": {
                  "uv": [
                    90,
                    69
                  ],
                  "uv_size": [
                    3,
                    3
                  ]
                }
              }
            },
            {
              "origin": [
                -3,
                24,
                14
              ],
              "size": [
                6,
                3,
                3
              ],
              "uv": {
                "down": {
                  "uv": [
                    72,
                    86
                  ],
                  "uv_size": [
                    6,
                    -3
                  ]
                },
                "east": {
                  "uv": [
                    90,
                    72
                  ],
                  "uv_size": [
                    3,
                    3
                  ]
                },
                "north": {
                  "uv": [
                    83,
                    60
                  ],
                  "uv_size": [
                    6,
                    3
                  ]
                },
                "south": {
                  "uv": [
                    83,
                    63
                  ],
                  "uv_size": [
                    6,
                    3
                  ]
                },
                "up": {
                  "uv": [
                    66,
                    83
                  ],
                  "uv_size": [
                    6,
                    3
                  ]
                },
                "west": {
                  "uv": [
                    90,
                    75
                  ],
                  "uv_size": [
                    3,
                    3
                  ]
                }
              }
            },
            {
              "origin": [
                -6,
                24,
                14
              ],
              "size": [
                3,
                9,
                3
              ],
              "uv": {
                "down": {
                  "uv": [
                    90,
                    84
                  ],
                  "uv_size": [
                    3,
                    -3
                  ]
                },
                "east": {
                  "uv": [
                    45,
                    77
                  ],
                  "uv_size": [
                    3,
                    9
                  ]
                },
                "north": {
                  "uv": [
                    42,
                    77
                  ],
                  "uv_size": [
                    3,
                    9
                  ]
                },
                "south": {
                  "uv": [
                    48,
                    77
                  ],
                  "uv_size": [
                    3,
                    9
                  ]
                },
                "up": {
                  "uv": [
                    90,
                    78
                  ],
                  "uv_size": [
                    3,
                    3
                  ]
                },
                "west": {
                  "uv": [
                    51,
                    77
                  ],
                  "uv_size": [
                    3,
                    9
                  ]
                }
              }
            },
            {
              "origin": [
                3,
                30,
                14
              ],
              "size": [
                3,
                3,
                3
              ],
              "uv": {
                "down": {
                  "uv": [
                    12,
                    94
                  ],
                  "uv_size": [
                    3,
                    -3
                  ]
                },
                "east": {
                  "uv": [
                    90,
                    84
                  ],
                  "uv_size": [
                    3,
                    3
                  ]
                },
                "north": {
                  "uv": [
                    84,
                    90
                  ],
                  "uv_size": [
                    3,
                    3
                  ]
                },
                "south": {
                  "uv": [
                    87,
                    90
                  ],
                  "uv_size": [
                    3,
                    3
                  ]
                },
                "up": {
                  "uv": [
                    90,
                    90
                  ],
                  "uv_size": [
                    3,
                    3
                  ]
                },
                "west": {
                  "uv": [
                    90,
                    87
                  ],
                  "uv_size": [
                    3,
                    3
                  ]
                }
              }
            },
            {
              "origin": [
                0,
                21,
                14
              ],
              "size": [
                3,
                3,
                3
              ],
              "uv": {
                "down": {
                  "uv": [
                    24,
                    94
                  ],
                  "uv_size": [
                    3,
                    -3
                  ]
                },
                "east": {
                  "uv": [
                    18,
                    91
                  ],
                  "uv_size": [
                    3,
                    3
                  ]
                },
                "north": {
                  "uv": [
                    15,
                    91
                  ],
                  "uv_size": [
                    3,
                    3
                  ]
                },
                "south": {
                  "uv": [
                    91,
                    18
                  ],
                  "uv_size": [
                    3,
                    3
                  ]
                },
                "up": {
                  "uv": [
                    91,
                    21
                  ],
                  "uv_size": [
                    3,
                    3
                  ]
                },
                "west": {
                  "uv": [
                    21,
                    91
                  ],
                  "uv_size": [
                    3,
                    3
                  ]
                }
              }
            },
            {
              "origin": [
                0,
                17,
                14
              ],
              "size": [
                3,
                3,
                3
              ],
              "uv": {
                "down": {
                  "uv": [
                    33,
                    94
                  ],
                  "uv_size": [
                    3,
                    -3
                  ]
                },
                "east": {
                  "uv": [
                    27,
                    91
                  ],
                  "uv_size": [
                    3,
                    3
                  ]
                },
                "north": {
                  "uv": [
                    91,
                    24
                  ],
                  "uv_size": [
                    3,
                    3
                  ]
                },
                "south": {
                  "uv": [
                    91,
                    27
                  ],
                  "uv_size": [
                    3,
                    3
                  ]
                },
                "up": {
                  "uv": [
                    91,
                    30
                  ],
                  "uv_size": [
                    3,
                    3
                  ]
                },
                "west": {
                  "uv": [
                    30,
                    91
                  ],
                  "uv_size": [
                    3,
                    3
                  ]
                }
              }
            }
          ],
          "name": "bone5",
          "parent": "bone",
          "pivot": [
            0.5,
            26.83333,
            15.5
          ]
        },
        {
          "cubes": [
            {
              "origin": [
                -9,
                35,
                -12
              ],
              "size": [
                18,
                3,
                3
              ],
              "uv": {
                "down": {
                  "uv": [
                    53,
                    56
                  ],
                  "uv_size": [
                    18,
                    -3
                  ]
                },
                "east": {
                  "uv": [
                    91,
                    33
                  ],
                  "uv_size": [
                    3,
                    3
                  ]
                },
                "north": {
                  "uv": [
                    53,
                    44
                  ],
                  "uv_size": [
                    18,
                    3
                  ]
                },
                "south": {
                  "uv": [
                    53,
                    47
                  ],
                  "uv_size": [
                    18,
                    3
                  ]
                },
                "up": {
                  "uv": [
                    53,
                    50
                  ],
                  "uv_size": [
                    18,
                    3
                  ]
                },
                "west": {
                  "uv": [
                    91,
                    36
                  ],
                  "uv_size": [
                    3,
                    3
                  ]
                }
              }
            },
            {
              "origin": [
                -10,
                16,
                -10
              ],
              "size": [
                20,
                20,
                20
              ],
              "uv": {
                "down": {
                  "uv": [
                    40,
                    20
                  ],
                  "uv_size": [
                    20,
                    -20
                  ]
                },
                "east": {
                  "uv": [
                    0,
                    20
                  ],
                  "uv_size": [
                    20,
                    20
                  ]
                },
                "north": {
                  "uv": [
                    0,
                    0
                  ],
                  "uv_size": [
                    20,
                    20
                  ]
                },
                "south": {
                  "uv": [
                    20,
                    0
                  ],
                  "uv_size": [
                    20,
                    20
                  ]
                },
                "up": {
                  "uv": [
                    0,
                    40
                  ],
                  "uv_size": [
                    20,
                    20
                  ]
                },
                "west": {
                  "uv": [
                    20,
                    20
                  ],
                  "uv_size": [
                    20,
                    20
                  ]
                }
              }
            },
            {
              "origin": [
                9,
                14,
                -12
              ],
              "size": [
                3,
                24,
                3
              ],
              "uv": {
                "down": {
                  "uv": [
                    36,
                    95
                  ],
                  "uv_size": [
                    3,
                    -3
                  ]
                },
                "east": {
                  "uv": [
                    40,
                    20
                  ],
                  "uv_size": [
                    3,
                    24
                  ]
                },
                "north": {
                  "uv": [
                    20,
                    40
                  ],
                  "uv_size": [
                    3,
                    24
                  ]
                },
                "south": {
                  "uv": [
                    23,
                    40
                  ],
                  "uv_size": [
                    3,
                    24
                  ]
                },
                "up": {
                  "uv": [
                    91,
                    39
                  ],
                  "uv_size": [
                    3,
                    3
                  ]
                },
                "west": {
                  "uv": [
                    26,
                    40
                  ],
                  "uv_size": [
                    3,
                    24
                  ]
                }
              }
            },
            {
              "origin": [
                -9,
                14,
                -12
              ],
              "size": [
                18,
                3,
                3
              ],
              "uv": {
                "down": {
                  "uv": [
                    55,
                    32
                  ],
                  "uv_size": [
                    18,
                    -3
                  ]
                },
                "east": {
                  "uv": [
                    39,
                    92
                  ],
                  "uv_size": [
                    3,
                    3
                  ]
                },
                "north": {
                  "uv": [
                    55,
                    20
                  ],
                  "uv_size": [
                    18,
                    3
                  ]
                },
                "south": {
                  "uv": [
                    55,
                    23
                  ],
                  "uv_size": [
                    18,
                    3
                  ]
                },
                "up": {
                  "uv": [
                    55,
                    26
                  ],
                  "uv_size": [
                    18,
                    3
                  ]
                },
                "west": {
                  "uv": [
                    42,
                    92
                  ],
                  "uv_size": [
                    3,
                    3
                  ]
                }
              }
            },
            {
              "origin": [
                -9,
                14,
                -12
              ],
              "pivot": [
                0,
                15,
                0
              ],
              "rotation": [
                0,
                -90,
                0
              ],
              "size": [
                18,
                3,
                3
              ],
              "uv": {
                "down": {
                  "uv": [
                    55,
                    44
                  ],
                  "uv_size": [
                    18,
                    -3
                  ]
                },
                "east": {
                  "uv": [
                    92,
                    42
                  ],
                  "uv_size": [
                    3,
                    3
                  ]
                },
                "north": {
                  "uv": [
                    55,
                    32
                  ],
                  "uv_size": [
                    18,
                    3
                  ]
                },
                "south": {
                  "uv": [
                    55,
                    35
                  ],
                  "uv_size": [
                    18,
                    3
                  ]
                },
                "up": {
                  "uv": [
                    55,
                    38
                  ],
                  "uv_size": [
                    18,
                    3
                  ]
                },
                "west": {
                  "uv": [
                    45,
                    92
                  ],
                  "uv_size": [
                    3,
                    3
                  ]
                }
              }
            },
            {
              "origin": [
                -9,
                35,
                -12
              ],
              "pivot": [
                0,
                36,
                0
              ],
              "rotation": [
                0,
                -90,
                0
              ],
              "size": [
                18,
                3,
                3
              ],
              "uv": {
                "down": {
                  "uv": [
                    60,
                    3
                  ],
                  "uv_size": [
                    18,
                    -3
                  ]
                },
                "east": {
                  "uv": [
                    92,
                    45
                  ],
                  "uv_size": [
                    3,
                    3
                  ]
                },
                "north": {
                  "uv": [
                    53,
                    56
                  ],
                  "uv_size": [
                    18,
                    3
                  ]
                },
                "south": {
                  "uv": [
                    53,
                    59
                  ],
                  "uv_size": [
                    18,
                    3
                  ]
                },
                "up": {
                  "uv": [
                    0,
                    60
                  ],
                  "uv_size": [
                    18,
                    3
                  ]
                },
                "west": {
                  "uv": [
                    48,
                    92
                  ],
                  "uv_size": [
                    3,
                    3
                  ]
                }
              }
            },
            {
              "origin": [
                9,
                14,
                -12
              ],
              "pivot": [
                0,
                16,
                0
              ],
              "rotation": [
                0,
                -90,
                0
              ],
              "size": [
                3,
                24,
                3
              ],
              "uv": {
                "down": {
                  "uv": [
                    51,
                    95
                  ],
                  "uv_size": [
                    3,
                    -3
                  ]
                },
                "east": {
                  "uv": [
                    32,
                    40
                  ],
                  "uv_size": [
                    3,
                    24
                  ]
                },
                "north": {
                  "uv": [
                    29,
                    40
                  ],
                  "uv_size": [
                    3,
                    24
                  ]
                },
                "south": {
                  "uv": [
                    35,
                    40
                  ],
                  "uv_size": [
                    3,
                    24
                  ]
                },
                "up": {
                  "uv": [
                    92,
                    48
                  ],
                  "uv_size": [
                    3,
                    3
                  ]
                },
                "west": {
                  "uv": [
                    43,
                    20
                  ],
                  "uv_size": [
                    3,
                    24
                  ]
                }
              }
            },
            {
              "origin": [
                -9,
                35,
                -12
              ],
              "pivot": [
                0,
                36,
                0
              ],
              "rotation": [
                -180,
                0,
                180
              ],
              "size": [
                18,
                3,
                3
              ],
              "uv": {
                "down": {
                  "uv": [
                    60,
                    15
                  ],
                  "uv_size": [
                    18,
                    -3
                  ]
                },
                "east": {
                  "uv": [
                    92,
                    51
                  ],
                  "uv_size": [
                    3,
                    3
                  ]
                },
                "north": {
                  "uv": [
                    60,
                    3
                  ],
                  "uv_size": [
                    18,
                    3
                  ]
                },
                "south": {
                  "uv": [
                    60,
                    6
                  ],
                  "uv_size": [
                    18,
                    3
                  ]
                },
                "up": {
                  "uv": [
                    60,
                    9
                  ],
                  "uv_size": [
                    18,
                    3
                  ]
                },
                "west": {
                  "uv": [
                    54,
                    92
                  ],
                  "uv_size": [
                    3,
                    3
                  ]
                }
              }
            },
            {
              "origin": [
                9,
                14,
                -12
              ],
              "pivot": [
                0,
                16,
                0
              ],
              "rotation": [
                -180,
                0,
                180
              ],
              "size": [
                3,
                24,
                3
              ],
              "uv": {
                "down": {
                  "uv": [
                    57,
                    95
                  ],
                  "uv_size": [
                    3,
                    -3
                  ]
                },
                "east": {
                  "uv": [
                    41,
                    44
                  ],
                  "uv_size": [
                    3,
                    24
                  ]
                },
                "north": {
                  "uv": [
                    38,
                    44
                  ],
                  "uv_size": [
                    3,
                    24
                  ]
                },
                "south": {
                  "uv": [
                    44,
                    44
                  ],
                  "uv_size": [
                    3,
                    24
                  ]
                },
                "up": {
                  "uv": [
                    92,
                    54
                  ],
                  "uv_size": [
                    3,
                    3
                  ]
                },
                "west": {
                  "uv": [
                    46,
                    20
                  ],
                  "uv_size": [
                    3,
                    24
                  ]
                }
              }
            },
            {
              "origin": [
                -9,
                14,
                -12
              ],
              "pivot": [
                0,
                15,
                0
              ],
              "rotation": [
                -180,
                0,
                180
              ],
              "size": [
                18,
                3,
                3
              ],
              "uv": {
                "down": {
                  "uv": [
                    18,
                    67
                  ],
                  "uv_size": [
                    18,
                    -3
                  ]
                },
                "east": {
                  "uv": [
                    92,
                    57
                  ],
                  "uv_size": [
                    3,
                    3
                  ]
                },
                "north": {
                  "uv": [
                    60,
                    15
                  ],
                  "uv_size": [
                    18,
                    3
                  ]
                },
                "south": {
                  "uv": [
                    53,
                    62
                  ],
                  "uv_size": [
                    18,
                    3
                  ]
                },
                "up": {
                  "uv": [
                    0,
                    63
                  ],
                  "uv_size": [
                    18,
                    3
                  ]
                },
                "west": {
                  "uv": [
                    60,
                    92
                  ],
                  "uv_size": [
                    3,
                    3
                  ]
                }
              }
            },
            {
              "origin": [
                -9,
                14,
                -12
              ],
              "pivot": [
                0,
                15,
                0
              ],
              "rotation": [
                0,
                90,
                0
              ],
              "size": [
                18,
                3,
                3
              ],
              "uv": {
                "down": {
                  "uv": [
                    36,
                    71
                  ],
                  "uv_size": [
                    18,
                    -3
                  ]
                },
                "east": {
                  "uv": [
                    92,
                    60
                  ],
                  "uv_size": [
                    3,
                    3
                  ]
                },
                "north": {
                  "uv": [
                    53,
                    65
                  ],
                  "uv_size": [
                    18,
                    3
                  ]
                },
                "south": {
                  "uv": [
                    0,
                    66
                  ],
                  "uv_size": [
                    18,
                    3
                  ]
                },
                "up": {
                  "uv": [
                    18,
                    67
                  ],
                  "uv_size": [
                    18,
                    3
                  ]
                },
                "west": {
                  "uv": [
                    63,
                    92
                  ],
                  "uv_size": [
                    3,
                    3
                  ]
                }
              }
            },
            {
              "origin": [
                -9,
                35,
                -12
              ],
              "pivot": [
                0,
                36,
                0
              ],
              "rotation": [
                0,
                90,
                0
              ],
              "size": [
                18,
                3,
                3
              ],
              "uv": {
                "down": {
                  "uv": [
                    36,
                    74
                  ],
                  "uv_size": [
                    18,
                    -3
                  ]
                },
                "east": {
                  "uv": [
                    92,
                    63
                  ],
                  "uv_size": [
                    3,
                    3
                  ]
                },
                "north": {
                  "uv": [
                    54,
                    68
                  ],
                  "uv_size": [
                    18,
                    3
                  ]
                },
                "south": {
                  "uv": [
                    0,
                    69
                  ],
                  "uv_size": [
                    18,
                    3
                  ]
                },
                "up": {
                  "uv": [
                    18,
                    70
                  ],
                  "uv_size": [
                    18,
                    3
                  ]
                },
                "west": {
                  "uv": [
                    66,
                    92
                  ],
                  "uv_size": [
                    3,
                    3
                  ]
                }
              }
            },
            {
              "origin": [
                9,
                14,
                -12
              ],
              "pivot": [
                0,
                16,
                0
              ],
              "rotation": [
                0,
                90,
                0
              ],
              "size": [
                3,
                24,
                3
              ],
              "uv": {
                "down": {
                  "uv": [
                    72,
                    95
                  ],
                  "uv_size": [
                    3,
                    -3
                  ]
                },
                "east": {
                  "uv": [
                    49,
                    20
                  ],
                  "uv_size": [
                    3,
                    24
                  ]
                },
                "north": {
                  "uv": [
                    47,
                    44
                  ],
                  "uv_size": [
                    3,
                    24
                  ]
                },
                "south": {
                  "uv": [
                    50,
                    44
                  ],
                  "uv_size": [
                    3,
                    24
                  ]
                },
                "up": {
                  "uv": [
                    69,
                    92
                  ],
                  "uv_size": [
                    3,
                    3
                  ]
                },
                "west": {
                  "uv": [
                    52,
                    20
                  ],
                  "uv_size": [
                    3,
                    24
                  ]
                }
              }
            }
          ],
          "name": "bone2",
          "parent": "bone",
          "pivot": [
            0,
            26,
            0
          ]
        }
      ],
      "description": {
        "identifier": "geometry.ng.npc.coming_soon",
        "texture_height": 128,
        "texture_width": 128,
        "visible_bounds_height": 4.5,
        "visible_bounds_offset": [
          0,
          1.75,
          0
        ],
        "visible_bounds_width": 4
      }
    }
  ]
}