{
  "format_version": "1.12.0",
  "minecraft:geometry": [
    {
      "bones": [
        {
          "name": "root",
          "pivot": [
            0,
            0,
            0
          ]
        },
        {
          "cubes": [
            {
              "origin": [
                -5.5,
                -18,
                -4.5
              ],
              "pivot": [
                0,
                0,
                0
              ],
              "rotation": [
                0,
                0,
                -180
              ],
              "size": [
                11,
                17,
                10
              ],
              "uv": [
                0,
                0
              ]
            },
            {
              "origin": [
                -4.5,
                -1,
                -3.5
              ],
              "pivot": [
                0,
                0,
                0
              ],
              "rotation": [
                0,
                0,
                -180
              ],
              "size": [
                9,
                1,
                8
              ],
              "uv": [
                32,
                0
              ]
            },
            {
              "origin": [
                -4.5,
                -28,
                -3.5
              ],
              "pivot": [
                0,
                0,
                0
              ],
              "rotation": [
                0,
                0,
                -180
              ],
              "size": [
                9,
                16,
                8
              ],
              "uv": [
                0,
                27
              ]
            },
            {
              "origin": [
                -3.5,
                -31,
                -2.5
              ],
              "pivot": [
                0,
                0,
                0
              ],
              "rotation": [
                0,
                0,
                -180
              ],
              "size": [
                7,
                3,
                6
              ],
              "uv": [
                48,
                53
              ]
            },
            {
              "origin": [
                -4,
                23,
                -4
              ],
              "size": [
                3,
                3,
                1
              ],
              "uv": [
                0,
                4
              ]
            },
            {
              "origin": [
                -0.5,
                21,
                -4
              ],
              "size": [
                1,
                2,
                1
              ],
              "uv": [
                0,
                27
              ]
            },
            {
              "origin": [
                1,
                23,
                -4
              ],
              "size": [
                3,
                3,
                1
              ],
              "uv": [
                0,
                0
              ]
            }
          ],
          "name": "body",
          "parent": "root",
          "pivot": [
            0,
            24,
            0
          ]
        }
      ],
      "description": {
        "identifier": "geometry.ng.shopkeeper.corn",
        "texture_height": 128,
        "texture_width": 128,
        "visible_bounds_height": 4,
        "visible_bounds_offset": [
          0,
          1,
          0
        ],
        "visible_bounds_width": 3
      }
    }
  ]
}