{
  "format_version": "1.12.0",
  "minecraft:geometry": [
    {
      "bones": [
        {
          "name": "girl",
          "pivot": [
            -13,
            0,
            0
          ]
        },
        {
          "cubes": [
            {
              "origin": [
                -17,
                12,
                -2
              ],
              "size": [
                8,
                12,
                4
              ],
              "uv": {
                "down": {
                  "uv": [
                    132,
                    124
                  ],
                  "uv_size": [
                    8,
                    -4
                  ]
                },
                "east": {
                  "uv": [
                    40,
                    128
                  ],
                  "uv_size": [
                    4,
                    12
                  ]
                },
                "north": {
                  "uv": [
                    112,
                    80
                  ],
                  "uv_size": [
                    8,
                    12
                  ]
                },
                "south": {
                  "uv": [
                    112,
                    92
                  ],
                  "uv_size": [
                    8,
                    12
                  ]
                },
                "up": {
                  "uv": [
                    132,
                    116
                  ],
                  "uv_size": [
                    8,
                    4
                  ]
                },
                "west": {
                  "uv": [
                    128,
                    40
                  ],
                  "uv_size": [
                    4,
                    12
                  ]
                }
              }
            },
            {
              "inflate": 0.25,
              "origin": [
                -17,
                12,
                -2
              ],
              "size": [
                8,
                12,
                4
              ],
              "uv": {
                "down": {
                  "uv": [
                    132,
                    132
                  ],
                  "uv_size": [
                    8,
                    -4
                  ]
                },
                "east": {
                  "uv": [
                    44,
                    128
                  ],
                  "uv_size": [
                    4,
                    12
                  ]
                },
                "north": {
                  "uv": [
                    96,
                    112
                  ],
                  "uv_size": [
                    8,
                    12
                  ]
                },
                "south": {
                  "uv": [
                    104,
                    112
                  ],
                  "uv_size": [
                    8,
                    12
                  ]
                },
                "up": {
                  "uv": [
                    132,
                    124
                  ],
                  "uv_size": [
                    8,
                    4
                  ]
                },
                "west": {
                  "uv": [
                    48,
                    128
                  ],
                  "uv_size": [
                    4,
                    12
                  ]
                }
              }
            }
          ],
          "name": "Body",
          "parent": "girl",
          "pivot": [
            -13,
            12,
            0
          ]
        },
        {
          "cubes": [
            {
              "origin": [
                -17,
                24,
                -4
              ],
              "size": [
                8,
                8,
                8
              ],
              "uv": {
                "down": {
                  "uv": [
                    96,
                    132
                  ],
                  "uv_size": [
                    8,
                    -8
                  ]
                },
                "east": {
                  "uv": [
                    120,
                    112
                  ],
                  "uv_size": [
                    8,
                    8
                  ]
                },
                "north": {
                  "uv": [
                    112,
                    120
                  ],
                  "uv_size": [
                    8,
                    8
                  ]
                },
                "south": {
                  "uv": [
                    120,
                    120
                  ],
                  "uv_size": [
                    8,
                    8
                  ]
                },
                "up": {
                  "uv": [
                    124,
                    88
                  ],
                  "uv_size": [
                    8,
                    8
                  ]
                },
                "west": {
                  "uv": [
                    124,
                    80
                  ],
                  "uv_size": [
                    8,
                    8
                  ]
                }
              }
            },
            {
              "inflate": 0.5,
              "origin": [
                -17,
                24,
                -4
              ],
              "size": [
                8,
                8,
                8
              ],
              "uv": {
                "down": {
                  "uv": [
                    8,
                    136
                  ],
                  "uv_size": [
                    8,
                    -8
                  ]
                },
                "east": {
                  "uv": [
                    104,
                    124
                  ],
                  "uv_size": [
                    8,
                    8
                  ]
                },
                "north": {
                  "uv": [
                    124,
                    96
                  ],
                  "uv_size": [
                    8,
                    8
                  ]
                },
                "south": {
                  "uv": [
                    124,
                    104
                  ],
                  "uv_size": [
                    8,
                    8
                  ]
                },
                "up": {
                  "uv": [
                    128,
                    0
                  ],
                  "uv_size": [
                    8,
                    8
                  ]
                },
                "west": {
                  "uv": [
                    0,
                    128
                  ],
                  "uv_size": [
                    8,
                    8
                  ]
                }
              }
            }
          ],
          "name": "Head",
          "parent": "Body",
          "pivot": [
            -13,
            24,
            0
          ]
        },
        {
          "cubes": [
            {
              "origin": [
                -21,
                12,
                -2
              ],
              "size": [
                4,
                12,
                4
              ],
              "uv": {
                "down": {
                  "uv": [
                    136,
                    4
                  ],
                  "uv_size": [
                    4,
                    -4
                  ]
                },
                "east": {
                  "uv": [
                    128,
                    52
                  ],
                  "uv_size": [
                    4,
                    12
                  ]
                },
                "north": {
                  "uv": [
                    52,
                    128
                  ],
                  "uv_size": [
                    4,
                    12
                  ]
                },
                "south": {
                  "uv": [
                    56,
                    128
                  ],
                  "uv_size": [
                    4,
                    12
                  ]
                },
                "up": {
                  "uv": [
                    0,
                    136
                  ],
                  "uv_size": [
                    4,
                    4
                  ]
                },
                "west": {
                  "uv": [
                    60,
                    128
                  ],
                  "uv_size": [
                    4,
                    12
                  ]
                }
              }
            },
            {
              "inflate": 0.25,
              "origin": [
                -21,
                12,
                -2
              ],
              "size": [
                4,
                12,
                4
              ],
              "uv": {
                "down": {
                  "uv": [
                    136,
                    8
                  ],
                  "uv_size": [
                    4,
                    -4
                  ]
                },
                "east": {
                  "uv": [
                    128,
                    64
                  ],
                  "uv_size": [
                    4,
                    12
                  ]
                },
                "north": {
                  "uv": [
                    64,
                    128
                  ],
                  "uv_size": [
                    4,
                    12
                  ]
                },
                "south": {
                  "uv": [
                    68,
                    128
                  ],
                  "uv_size": [
                    4,
                    12
                  ]
                },
                "up": {
                  "uv": [
                    4,
                    136
                  ],
                  "uv_size": [
                    4,
                    4
                  ]
                },
                "west": {
                  "uv": [
                    72,
                    128
                  ],
                  "uv_size": [
                    4,
                    12
                  ]
                }
              }
            }
          ],
          "name": "RightArm",
          "parent": "Body",
          "pivot": [
            -18,
            22,
            0
          ]
        },
        {
          "cubes": [
            {
              "origin": [
                -28,
                10,
                -17
              ],
              "size": [
                16,
                16,
                16
              ],
              "uv": {
                "down": {
                  "uv": [
                    96,
                    96
                  ],
                  "uv_size": [
                    16,
                    -16
                  ]
                },
                "east": {
                  "uv": [
                    96,
                    48
                  ],
                  "uv_size": [
                    16,
                    16
                  ]
                },
                "north": {
                  "uv": [
                    48,
                    96
                  ],
                  "uv_size": [
                    16,
                    16
                  ]
                },
                "south": {
                  "uv": [
                    64,
                    96
                  ],
                  "uv_size": [
                    16,
                    16
                  ]
                },
                "up": {
                  "uv": [
                    80,
                    96
                  ],
                  "uv_size": [
                    16,
                    16
                  ]
                },
                "west": {
                  "uv": [
                    96,
                    64
                  ],
                  "uv_size": [
                    16,
                    16
                  ]
                }
              }
            }
          ],
          "name": "bone13",
          "parent": "RightArm",
          "pivot": [
            -18,
            14,
            -1
          ]
        },
        {
          "cubes": [
            {
              "origin": [
                -9,
                12,
                -2
              ],
              "size": [
                4,
                12,
                4
              ],
              "uv": {
                "down": {
                  "uv": [
                    136,
                    12
                  ],
                  "uv_size": [
                    4,
                    -4
                  ]
                },
                "east": {
                  "uv": [
                    80,
                    128
                  ],
                  "uv_size": [
                    4,
                    12
                  ]
                },
                "north": {
                  "uv": [
                    76,
                    128
                  ],
                  "uv_size": [
                    4,
                    12
                  ]
                },
                "south": {
                  "uv": [
                    84,
                    128
                  ],
                  "uv_size": [
                    4,
                    12
                  ]
                },
                "up": {
                  "uv": [
                    8,
                    136
                  ],
                  "uv_size": [
                    4,
                    4
                  ]
                },
                "west": {
                  "uv": [
                    88,
                    128
                  ],
                  "uv_size": [
                    4,
                    12
                  ]
                }
              }
            },
            {
              "inflate": 0.25,
              "origin": [
                -9,
                12,
                -2
              ],
              "size": [
                4,
                12,
                4
              ],
              "uv": {
                "down": {
                  "uv": [
                    136,
                    16
                  ],
                  "uv_size": [
                    4,
                    -4
                  ]
                },
                "east": {
                  "uv": [
                    112,
                    128
                  ],
                  "uv_size": [
                    4,
                    12
                  ]
                },
                "north": {
                  "uv": [
                    92,
                    128
                  ],
                  "uv_size": [
                    4,
                    12
                  ]
                },
                "south": {
                  "uv": [
                    128,
                    112
                  ],
                  "uv_size": [
                    4,
                    12
                  ]
                },
                "up": {
                  "uv": [
                    12,
                    136
                  ],
                  "uv_size": [
                    4,
                    4
                  ]
                },
                "west": {
                  "uv": [
                    116,
                    128
                  ],
                  "uv_size": [
                    4,
                    12
                  ]
                }
              }
            }
          ],
          "name": "LeftArm",
          "parent": "Body",
          "pivot": [
            -8,
            22,
            0
          ]
        },
        {
          "name": "bone14",
          "parent": "LeftArm",
          "pivot": [
            -7,
            14,
            0
          ]
        },
        {
          "cubes": [
            {
              "origin": [
                -14,
                10,
                -17
              ],
              "size": [
                16,
                16,
                16
              ],
              "uv": {
                "down": {
                  "uv": [
                    32,
                    128
                  ],
                  "uv_size": [
                    16,
                    -16
                  ]
                },
                "east": {
                  "uv": [
                    0,
                    112
                  ],
                  "uv_size": [
                    16,
                    16
                  ]
                },
                "north": {
                  "uv": [
                    96,
                    96
                  ],
                  "uv_size": [
                    16,
                    16
                  ]
                },
                "south": {
                  "uv": [
                    112,
                    0
                  ],
                  "uv_size": [
                    16,
                    16
                  ]
                },
                "up": {
                  "uv": [
                    112,
                    16
                  ],
                  "uv_size": [
                    16,
                    16
                  ]
                },
                "west": {
                  "uv": [
                    16,
                    112
                  ],
                  "uv_size": [
                    16,
                    16
                  ]
                }
              }
            }
          ],
          "name": "bone15",
          "parent": "bone14",
          "pivot": [
            -4,
            12,
            -4
          ]
        },
        {
          "cubes": [
            {
              "origin": [
                -14,
                10,
                -17
              ],
              "size": [
                16,
                16,
                16
              ],
              "uv": {
                "down": {
                  "uv": [
                    80,
                    128
                  ],
                  "uv_size": [
                    16,
                    -16
                  ]
                },
                "east": {
                  "uv": [
                    48,
                    112
                  ],
                  "uv_size": [
                    16,
                    16
                  ]
                },
                "north": {
                  "uv": [
                    112,
                    32
                  ],
                  "uv_size": [
                    16,
                    16
                  ]
                },
                "south": {
                  "uv": [
                    112,
                    48
                  ],
                  "uv_size": [
                    16,
                    16
                  ]
                },
                "up": {
                  "uv": [
                    112,
                    64
                  ],
                  "uv_size": [
                    16,
                    16
                  ]
                },
                "west": {
                  "uv": [
                    64,
                    112
                  ],
                  "uv_size": [
                    16,
                    16
                  ]
                }
              }
            }
          ],
          "name": "bone16",
          "parent": "bone14",
          "pivot": [
            16,
            0,
            0
          ]
        },
        {
          "cubes": [
            {
              "origin": [
                -28,
                5,
                -4
              ],
              "size": [
                4,
                16,
                4
              ],
              "uv": {
                "down": {
                  "uv": [
                    136,
                    64
                  ],
                  "uv_size": [
                    4,
                    -4
                  ]
                },
                "east": {
                  "uv": [
                    28,
                    128
                  ],
                  "uv_size": [
                    4,
                    16
                  ]
                },
                "north": {
                  "uv": [
                    128,
                    24
                  ],
                  "uv_size": [
                    4,
                    16
                  ]
                },
                "south": {
                  "uv": [
                    32,
                    128
                  ],
                  "uv_size": [
                    4,
                    16
                  ]
                },
                "up": {
                  "uv": [
                    136,
                    56
                  ],
                  "uv_size": [
                    4,
                    4
                  ]
                },
                "west": {
                  "uv": [
                    36,
                    128
                  ],
                  "uv_size": [
                    4,
                    16
                  ]
                }
              }
            },
            {
              "origin": [
                -24,
                15,
                -3
              ],
              "size": [
                5,
                2,
                2
              ],
              "uv": {
                "down": {
                  "uv": [
                    136,
                    104
                  ],
                  "uv_size": [
                    5,
                    -2
                  ]
                },
                "east": {
                  "uv": [
                    136,
                    136
                  ],
                  "uv_size": [
                    2,
                    2
                  ]
                },
                "north": {
                  "uv": [
                    136,
                    96
                  ],
                  "uv_size": [
                    5,
                    2
                  ]
                },
                "south": {
                  "uv": [
                    136,
                    98
                  ],
                  "uv_size": [
                    5,
                    2
                  ]
                },
                "up": {
                  "uv": [
                    136,
                    100
                  ],
                  "uv_size": [
                    5,
                    2
                  ]
                },
                "west": {
                  "uv": [
                    138,
                    112
                  ],
                  "uv_size": [
                    2,
                    2
                  ]
                }
              }
            },
            {
              "origin": [
                -24,
                10,
                -3
              ],
              "size": [
                5,
                2,
                2
              ],
              "uv": {
                "down": {
                  "uv": [
                    136,
                    112
                  ],
                  "uv_size": [
                    5,
                    -2
                  ]
                },
                "east": {
                  "uv": [
                    138,
                    114
                  ],
                  "uv_size": [
                    2,
                    2
                  ]
                },
                "north": {
                  "uv": [
                    136,
                    104
                  ],
                  "uv_size": [
                    5,
                    2
                  ]
                },
                "south": {
                  "uv": [
                    136,
                    106
                  ],
                  "uv_size": [
                    5,
                    2
                  ]
                },
                "up": {
                  "uv": [
                    136,
                    108
                  ],
                  "uv_size": [
                    5,
                    2
                  ]
                },
                "west": {
                  "uv": [
                    128,
                    138
                  ],
                  "uv_size": [
                    2,
                    2
                  ]
                }
              }
            }
          ],
          "name": "bone17",
          "parent": "bone14",
          "pivot": [
            -19.1,
            13,
            -2
          ],
          "rotation": [
            0,
            -90,
            0
          ]
        },
        {
          "cubes": [
            {
              "origin": [
                -16.9,
                0,
                -2
              ],
              "size": [
                4,
                12,
                4
              ],
              "uv": {
                "down": {
                  "uv": [
                    136,
                    24
                  ],
                  "uv_size": [
                    4,
                    -4
                  ]
                },
                "east": {
                  "uv": [
                    124,
                    128
                  ],
                  "uv_size": [
                    4,
                    12
                  ]
                },
                "north": {
                  "uv": [
                    120,
                    128
                  ],
                  "uv_size": [
                    4,
                    12
                  ]
                },
                "south": {
                  "uv": [
                    128,
                    124
                  ],
                  "uv_size": [
                    4,
                    12
                  ]
                },
                "up": {
                  "uv": [
                    136,
                    16
                  ],
                  "uv_size": [
                    4,
                    4
                  ]
                },
                "west": {
                  "uv": [
                    132,
                    8
                  ],
                  "uv_size": [
                    4,
                    12
                  ]
                }
              }
            },
            {
              "inflate": 0.25,
              "origin": [
                -16.9,
                0,
                -2
              ],
              "size": [
                4,
                12,
                4
              ],
              "uv": {
                "down": {
                  "uv": [
                    136,
                    32
                  ],
                  "uv_size": [
                    4,
                    -4
                  ]
                },
                "east": {
                  "uv": [
                    132,
                    32
                  ],
                  "uv_size": [
                    4,
                    12
                  ]
                },
                "north": {
                  "uv": [
                    132,
                    20
                  ],
                  "uv_size": [
                    4,
                    12
                  ]
                },
                "south": {
                  "uv": [
                    132,
                    44
                  ],
                  "uv_size": [
                    4,
                    12
                  ]
                },
                "up": {
                  "uv": [
                    136,
                    24
                  ],
                  "uv_size": [
                    4,
                    4
                  ]
                },
                "west": {
                  "uv": [
                    132,
                    56
                  ],
                  "uv_size": [
                    4,
                    12
                  ]
                }
              }
            }
          ],
          "name": "RightLeg",
          "parent": "girl",
          "pivot": [
            -14.9,
            12,
            0
          ]
        },
        {
          "cubes": [
            {
              "origin": [
                -13.1,
                0,
                -2
              ],
              "size": [
                4,
                12,
                4
              ],
              "uv": {
                "down": {
                  "uv": [
                    136,
                    40
                  ],
                  "uv_size": [
                    4,
                    -4
                  ]
                },
                "east": {
                  "uv": [
                    132,
                    80
                  ],
                  "uv_size": [
                    4,
                    12
                  ]
                },
                "north": {
                  "uv": [
                    132,
                    68
                  ],
                  "uv_size": [
                    4,
                    12
                  ]
                },
                "south": {
                  "uv": [
                    132,
                    92
                  ],
                  "uv_size": [
                    4,
                    12
                  ]
                },
                "up": {
                  "uv": [
                    136,
                    32
                  ],
                  "uv_size": [
                    4,
                    4
                  ]
                },
                "west": {
                  "uv": [
                    96,
                    132
                  ],
                  "uv_size": [
                    4,
                    12
                  ]
                }
              }
            },
            {
              "inflate": 0.25,
              "origin": [
                -13.1,
                0,
                -2
              ],
              "size": [
                4,
                12,
                4
              ],
              "uv": {
                "down": {
                  "uv": [
                    136,
                    48
                  ],
                  "uv_size": [
                    4,
                    -4
                  ]
                },
                "east": {
                  "uv": [
                    104,
                    132
                  ],
                  "uv_size": [
                    4,
                    12
                  ]
                },
                "north": {
                  "uv": [
                    100,
                    132
                  ],
                  "uv_size": [
                    4,
                    12
                  ]
                },
                "south": {
                  "uv": [
                    132,
                    104
                  ],
                  "uv_size": [
                    4,
                    12
                  ]
                },
                "up": {
                  "uv": [
                    136,
                    40
                  ],
                  "uv_size": [
                    4,
                    4
                  ]
                },
                "west": {
                  "uv": [
                    108,
                    132
                  ],
                  "uv_size": [
                    4,
                    12
                  ]
                }
              }
            }
          ],
          "name": "LeftLeg",
          "parent": "girl",
          "pivot": [
            -11.1,
            12,
            0
          ]
        },
        {
          "name": "bone18",
          "pivot": [
            0,
            0,
            0
          ]
        },
        {
          "name": "bone8",
          "parent": "bone18",
          "pivot": [
            0,
            0,
            0
          ]
        },
        {
          "cubes": [
            {
              "origin": [
                -8,
                16,
                -8
              ],
              "size": [
                16,
                16,
                16
              ],
              "uv": {
                "down": {
                  "uv": [
                    16,
                    64
                  ],
                  "uv_size": [
                    16,
                    -16
                  ]
                },
                "east": {
                  "uv": [
                    32,
                    16
                  ],
                  "uv_size": [
                    16,
                    16
                  ]
                },
                "north": {
                  "uv": [
                    16,
                    32
                  ],
                  "uv_size": [
                    16,
                    16
                  ]
                },
                "south": {
                  "uv": [
                    32,
                    32
                  ],
                  "uv_size": [
                    16,
                    16
                  ]
                },
                "up": {
                  "uv": [
                    48,
                    0
                  ],
                  "uv_size": [
                    16,
                    16
                  ]
                },
                "west": {
                  "uv": [
                    0,
                    48
                  ],
                  "uv_size": [
                    16,
                    16
                  ]
                }
              }
            }
          ],
          "name": "bone3",
          "parent": "bone8",
          "pivot": [
            0,
            16,
            0
          ]
        },
        {
          "cubes": [
            {
              "origin": [
                13,
                16,
                -2
              ],
              "size": [
                4,
                16,
                4
              ],
              "uv": {
                "down": {
                  "uv": [
                    132,
                    136
                  ],
                  "uv_size": [
                    4,
                    -4
                  ]
                },
                "east": {
                  "uv": [
                    116,
                    104
                  ],
                  "uv_size": [
                    4,
                    16
                  ]
                },
                "north": {
                  "uv": [
                    112,
                    104
                  ],
                  "uv_size": [
                    4,
                    16
                  ]
                },
                "south": {
                  "uv": [
                    120,
                    80
                  ],
                  "uv_size": [
                    4,
                    16
                  ]
                },
                "up": {
                  "uv": [
                    128,
                    76
                  ],
                  "uv_size": [
                    4,
                    4
                  ]
                },
                "west": {
                  "uv": [
                    120,
                    96
                  ],
                  "uv_size": [
                    4,
                    16
                  ]
                }
              }
            },
            {
              "origin": [
                8,
                26,
                -1
              ],
              "size": [
                5,
                2,
                2
              ],
              "uv": {
                "down": {
                  "uv": [
                    136,
                    72
                  ],
                  "uv_size": [
                    5,
                    -2
                  ]
                },
                "east": {
                  "uv": [
                    136,
                    112
                  ],
                  "uv_size": [
                    2,
                    2
                  ]
                },
                "north": {
                  "uv": [
                    136,
                    64
                  ],
                  "uv_size": [
                    5,
                    2
                  ]
                },
                "south": {
                  "uv": [
                    136,
                    66
                  ],
                  "uv_size": [
                    5,
                    2
                  ]
                },
                "up": {
                  "uv": [
                    136,
                    68
                  ],
                  "uv_size": [
                    5,
                    2
                  ]
                },
                "west": {
                  "uv": [
                    136,
                    114
                  ],
                  "uv_size": [
                    2,
                    2
                  ]
                }
              }
            },
            {
              "origin": [
                8,
                21,
                -1
              ],
              "size": [
                5,
                2,
                2
              ],
              "uv": {
                "down": {
                  "uv": [
                    136,
                    80
                  ],
                  "uv_size": [
                    5,
                    -2
                  ]
                },
                "east": {
                  "uv": [
                    128,
                    136
                  ],
                  "uv_size": [
                    2,
                    2
                  ]
                },
                "north": {
                  "uv": [
                    136,
                    72
                  ],
                  "uv_size": [
                    5,
                    2
                  ]
                },
                "south": {
                  "uv": [
                    136,
                    74
                  ],
                  "uv_size": [
                    5,
                    2
                  ]
                },
                "up": {
                  "uv": [
                    136,
                    76
                  ],
                  "uv_size": [
                    5,
                    2
                  ]
                },
                "west": {
                  "uv": [
                    130,
                    136
                  ],
                  "uv_size": [
                    2,
                    2
                  ]
                }
              }
            }
          ],
          "name": "bone2",
          "parent": "bone8",
          "pivot": [
            8.1,
            25,
            0
          ]
        },
        {
          "cubes": [
            {
              "origin": [
                -17,
                16,
                -2
              ],
              "size": [
                4,
                16,
                4
              ],
              "uv": {
                "down": {
                  "uv": [
                    136,
                    56
                  ],
                  "uv_size": [
                    4,
                    -4
                  ]
                },
                "east": {
                  "uv": [
                    16,
                    128
                  ],
                  "uv_size": [
                    4,
                    16
                  ]
                },
                "north": {
                  "uv": [
                    128,
                    8
                  ],
                  "uv_size": [
                    4,
                    16
                  ]
                },
                "south": {
                  "uv": [
                    20,
                    128
                  ],
                  "uv_size": [
                    4,
                    16
                  ]
                },
                "up": {
                  "uv": [
                    136,
                    48
                  ],
                  "uv_size": [
                    4,
                    4
                  ]
                },
                "west": {
                  "uv": [
                    24,
                    128
                  ],
                  "uv_size": [
                    4,
                    16
                  ]
                }
              }
            },
            {
              "origin": [
                -13,
                26,
                -1
              ],
              "size": [
                5,
                2,
                2
              ],
              "uv": {
                "down": {
                  "uv": [
                    136,
                    88
                  ],
                  "uv_size": [
                    5,
                    -2
                  ]
                },
                "east": {
                  "uv": [
                    132,
                    136
                  ],
                  "uv_size": [
                    2,
                    2
                  ]
                },
                "north": {
                  "uv": [
                    136,
                    80
                  ],
                  "uv_size": [
                    5,
                    2
                  ]
                },
                "south": {
                  "uv": [
                    136,
                    82
                  ],
                  "uv_size": [
                    5,
                    2
                  ]
                },
                "up": {
                  "uv": [
                    136,
                    84
                  ],
                  "uv_size": [
                    5,
                    2
                  ]
                },
                "west": {
                  "uv": [
                    136,
                    132
                  ],
                  "uv_size": [
                    2,
                    2
                  ]
                }
              }
            },
            {
              "origin": [
                -13,
                21,
                -1
              ],
              "size": [
                5,
                2,
                2
              ],
              "uv": {
                "down": {
                  "uv": [
                    136,
                    96
                  ],
                  "uv_size": [
                    5,
                    -2
                  ]
                },
                "east": {
                  "uv": [
                    134,
                    136
                  ],
                  "uv_size": [
                    2,
                    2
                  ]
                },
                "north": {
                  "uv": [
                    136,
                    88
                  ],
                  "uv_size": [
                    5,
                    2
                  ]
                },
                "south": {
                  "uv": [
                    136,
                    90
                  ],
                  "uv_size": [
                    5,
                    2
                  ]
                },
                "up": {
                  "uv": [
                    136,
                    92
                  ],
                  "uv_size": [
                    5,
                    2
                  ]
                },
                "west": {
                  "uv": [
                    136,
                    134
                  ],
                  "uv_size": [
                    2,
                    2
                  ]
                }
              }
            }
          ],
          "name": "bone5",
          "parent": "bone8",
          "pivot": [
            -8.1,
            24,
            0
          ]
        },
        {
          "cubes": [
            {
              "origin": [
                -8,
                0,
                -8
              ],
              "size": [
                16,
                16,
                16
              ],
              "uv": {
                "down": {
                  "uv": [
                    32,
                    16
                  ],
                  "uv_size": [
                    16,
                    -16
                  ]
                },
                "east": {
                  "uv": [
                    0,
                    16
                  ],
                  "uv_size": [
                    16,
                    16
                  ]
                },
                "north": {
                  "uv": [
                    0,
                    0
                  ],
                  "uv_size": [
                    16,
                    16
                  ]
                },
                "south": {
                  "uv": [
                    16,
                    0
                  ],
                  "uv_size": [
                    16,
                    16
                  ]
                },
                "up": {
                  "uv": [
                    0,
                    32
                  ],
                  "uv_size": [
                    16,
                    16
                  ]
                },
                "west": {
                  "uv": [
                    16,
                    16
                  ],
                  "uv_size": [
                    16,
                    16
                  ]
                }
              }
            }
          ],
          "name": "bone4",
          "parent": "bone8",
          "pivot": [
            0,
            0,
            0
          ]
        },
        {
          "cubes": [
            {
              "origin": [
                -8,
                32,
                -8
              ],
              "size": [
                16,
                16,
                16
              ],
              "uv": {
                "down": {
                  "uv": [
                    64,
                    16
                  ],
                  "uv_size": [
                    16,
                    -16
                  ]
                },
                "east": {
                  "uv": [
                    32,
                    48
                  ],
                  "uv_size": [
                    16,
                    16
                  ]
                },
                "north": {
                  "uv": [
                    48,
                    16
                  ],
                  "uv_size": [
                    16,
                    16
                  ]
                },
                "south": {
                  "uv": [
                    48,
                    32
                  ],
                  "uv_size": [
                    16,
                    16
                  ]
                },
                "up": {
                  "uv": [
                    0,
                    64
                  ],
                  "uv_size": [
                    16,
                    16
                  ]
                },
                "west": {
                  "uv": [
                    48,
                    48
                  ],
                  "uv_size": [
                    16,
                    16
                  ]
                }
              }
            }
          ],
          "name": "bone7",
          "parent": "bone18",
          "pivot": [
            0,
            32,
            0
          ]
        },
        {
          "name": "bone6",
          "parent": "bone18",
          "pivot": [
            0,
            0,
            0
          ]
        },
        {
          "cubes": [
            {
              "origin": [
                -8,
                16,
                -8
              ],
              "size": [
                16,
                16,
                16
              ],
              "uv": {
                "down": {
                  "uv": [
                    64,
                    64
                  ],
                  "uv_size": [
                    16,
                    -16
                  ]
                },
                "east": {
                  "uv": [
                    64,
                    16
                  ],
                  "uv_size": [
                    16,
                    16
                  ]
                },
                "north": {
                  "uv": [
                    16,
                    64
                  ],
                  "uv_size": [
                    16,
                    16
                  ]
                },
                "south": {
                  "uv": [
                    32,
                    64
                  ],
                  "uv_size": [
                    16,
                    16
                  ]
                },
                "up": {
                  "uv": [
                    48,
                    64
                  ],
                  "uv_size": [
                    16,
                    16
                  ]
                },
                "west": {
                  "uv": [
                    64,
                    32
                  ],
                  "uv_size": [
                    16,
                    16
                  ]
                }
              }
            }
          ],
          "name": "bone9",
          "parent": "bone6",
          "pivot": [
            0,
            16,
            0
          ]
        },
        {
          "cubes": [
            {
              "origin": [
                -8,
                0,
                -8
              ],
              "size": [
                16,
                16,
                16
              ],
              "uv": {
                "down": {
                  "uv": [
                    32,
                    96
                  ],
                  "uv_size": [
                    16,
                    -16
                  ]
                },
                "east": {
                  "uv": [
                    0,
                    80
                  ],
                  "uv_size": [
                    16,
                    16
                  ]
                },
                "north": {
                  "uv": [
                    64,
                    64
                  ],
                  "uv_size": [
                    16,
                    16
                  ]
                },
                "south": {
                  "uv": [
                    80,
                    0
                  ],
                  "uv_size": [
                    16,
                    16
                  ]
                },
                "up": {
                  "uv": [
                    80,
                    16
                  ],
                  "uv_size": [
                    16,
                    16
                  ]
                },
                "west": {
                  "uv": [
                    16,
                    80
                  ],
                  "uv_size": [
                    16,
                    16
                  ]
                }
              }
            }
          ],
          "name": "bone10",
          "parent": "bone6",
          "pivot": [
            0,
            0,
            0
          ]
        },
        {
          "cubes": [
            {
              "origin": [
                -24,
                16,
                -8
              ],
              "size": [
                16,
                16,
                16
              ],
              "uv": {
                "down": {
                  "uv": [
                    80,
                    96
                  ],
                  "uv_size": [
                    16,
                    -16
                  ]
                },
                "east": {
                  "uv": [
                    48,
                    80
                  ],
                  "uv_size": [
                    16,
                    16
                  ]
                },
                "north": {
                  "uv": [
                    80,
                    32
                  ],
                  "uv_size": [
                    16,
                    16
                  ]
                },
                "south": {
                  "uv": [
                    80,
                    48
                  ],
                  "uv_size": [
                    16,
                    16
                  ]
                },
                "up": {
                  "uv": [
                    80,
                    64
                  ],
                  "uv_size": [
                    16,
                    16
                  ]
                },
                "west": {
                  "uv": [
                    64,
                    80
                  ],
                  "uv_size": [
                    16,
                    16
                  ]
                }
              }
            }
          ],
          "name": "bone11",
          "parent": "bone6",
          "pivot": [
            -8,
            25,
            0
          ]
        },
        {
          "cubes": [
            {
              "origin": [
                8,
                16,
                -8
              ],
              "size": [
                16,
                16,
                16
              ],
              "uv": {
                "down": {
                  "uv": [
                    96,
                    48
                  ],
                  "uv_size": [
                    16,
                    -16
                  ]
                },
                "east": {
                  "uv": [
                    96,
                    0
                  ],
                  "uv_size": [
                    16,
                    16
                  ]
                },
                "north": {
                  "uv": [
                    0,
                    96
                  ],
                  "uv_size": [
                    16,
                    16
                  ]
                },
                "south": {
                  "uv": [
                    16,
                    96
                  ],
                  "uv_size": [
                    16,
                    16
                  ]
                },
                "up": {
                  "uv": [
                    32,
                    96
                  ],
                  "uv_size": [
                    16,
                    16
                  ]
                },
                "west": {
                  "uv": [
                    96,
                    16
                  ],
                  "uv_size": [
                    16,
                    16
                  ]
                }
              }
            }
          ],
          "name": "bone12",
          "parent": "bone6",
          "pivot": [
            8,
            24,
            0
          ]
        }
      ],
      "description": {
        "identifier": "geometry.ng.npc.creative",
        "texture_height": 256,
        "texture_width": 256,
        "visible_bounds_height": 4.5,
        "visible_bounds_offset": [
          0,
          1.75,
          0
        ],
        "visible_bounds_width": 5
      }
    }
  ]
}