{
  "format_version": "1.12.0",
  "minecraft:geometry": [
    {
      "bones": [
        {
          "name": "root",
          "pivot": [
            0,
            0,
            -1
          ]
        },
        {
          "cubes": [
            {
              "origin": [
                -4.5,
                13,
                -4.5
              ],
              "size": [
                9,
                7,
                9
              ],
              "uv": [
                0,
                16
              ]
            },
            {
              "origin": [
                -3.5,
                6,
                -3.5
              ],
              "size": [
                7,
                7,
                7
              ],
              "uv": [
                0,
                32
              ]
            },
            {
              "origin": [
                -2.5,
                0,
                -2.5
              ],
              "size": [
                5,
                6,
                5
              ],
              "uv": [
                28,
                35
              ]
            },
            {
              "origin": [
                -4,
                22,
                -6
              ],
              "size": [
                3,
                3.01,
                2
              ],
              "uv": [
                0,
                5
              ]
            },
            {
              "origin": [
                -1,
                21,
                -6
              ],
              "size": [
                2,
                1,
                2
              ],
              "uv": [
                0,
                20
              ]
            },
            {
              "origin": [
                1,
                22,
                -6
              ],
              "size": [
                3,
                3.01,
                2
              ],
              "uv": [
                0,
                0
              ]
            }
          ],
          "name": "cone",
          "parent": "root",
          "pivot": [
            0,
            24,
            -1
          ]
        },
        {
          "cubes": [
            {
              "origin": [
                -5.5,
                20,
                -5.5
              ],
              "size": [
                11,
                5,
                11
              ],
              "uv": [
                0,
                0
              ]
            },
            {
              "origin": [
                -4.5,
                25,
                -4.5
              ],
              "size": [
                9,
                3,
                9
              ],
              "uv": [
                27,
                23
              ]
            },
            {
              "origin": [
                -3.5,
                28,
                -3.5
              ],
              "size": [
                7,
                2,
                7
              ],
              "uv": [
                33,
                0
              ]
            },
            {
              "origin": [
                1,
                27,
                -1
              ],
              "pivot": [
                3.5,
                29.5,
                -1
              ],
              "rotation": [
                0,
                0,
                -22.5
              ],
              "size": [
                5,
                5,
                2
              ],
              "uv": [
                27,
                16
              ]
            },
            {
              "origin": [
                1,
                24,
                2
              ],
              "pivot": [
                3.5,
                29.5,
                -1
              ],
              "rotation": [
                0,
                0,
                -12.5
              ],
              "size": [
                3,
                2,
                2
              ],
              "uv": [
                41,
                16
              ]
            },
            {
              "origin": [
                -7,
                26,
                -1
              ],
              "pivot": [
                3.5,
                29.5,
                -1
              ],
              "rotation": [
                0,
                0,
                -12.5
              ],
              "size": [
                3,
                2,
                2
              ],
              "uv": [
                21,
                35
              ]
            },
            {
              "origin": [
                -1,
                30,
                -1.01
              ],
              "size": [
                2,
                2,
                2
              ],
              "uv": [
                0,
                16
              ]
            }
          ],
          "name": "icecream",
          "parent": "root",
          "pivot": [
            -1,
            25,
            -1
          ]
        }
      ],
      "description": {
        "identifier": "geometry.ng.shopkeeper.ice_cream",
        "texture_height": 64,
        "texture_width": 64,
        "visible_bounds_height": 4,
        "visible_bounds_offset": [
          0,
          1,
          0
        ],
        "visible_bounds_width": 3
      }
    }
  ]
}