{
  "format_version": "1.12.0",
  "minecraft:geometry": [
    {
      "bones": [
        {
          "name": "root",
          "pivot": [
            0,
            0,
            0
          ]
        },
        {
          "name": "stand",
          "parent": "root",
          "pivot": [
            0,
            17,
            1
          ]
        },
        {
          "cubes": [
            {
              "origin": [
                0.88,
                -4.88,
                0.24
              ],
              "pivot": [
                2.64,
                18,
                2
              ],
              "rotation": [
                -9.85108,
                -1.72794,
                -9.85108
              ],
              "size": [
                1.76,
                22.88,
                1.76
              ],
              "uv": {
                "down": {
                  "uv": [
                    12,
                    13
                  ],
                  "uv_size": [
                    -1,
                    -1
                  ]
                },
                "east": {
                  "uv": [
                    12,
                    13
                  ],
                  "uv_size": [
                    -1,
                    -13
                  ]
                },
                "north": {
                  "uv": [
                    12,
                    13
                  ],
                  "uv_size": [
                    -1,
                    -13
                  ]
                },
                "south": {
                  "uv": [
                    12,
                    13
                  ],
                  "uv_size": [
                    -1,
                    -13
                  ]
                },
                "up": {
                  "uv": [
                    12,
                    1
                  ],
                  "uv_size": [
                    -1,
                    -1
                  ]
                },
                "west": {
                  "uv": [
                    12,
                    13
                  ],
                  "uv_size": [
                    -1,
                    -13
                  ]
                }
              }
            }
          ],
          "name": "bone",
          "parent": "stand",
          "pivot": [
            0,
            18,
            2
          ]
        },
        {
          "cubes": [
            {
              "origin": [
                -2.64,
                -4.88,
                0.24
              ],
              "pivot": [
                -2.64,
                18,
                2
              ],
              "rotation": [
                -9.85108,
                1.72794,
                9.85108
              ],
              "size": [
                1.76,
                22.88,
                1.76
              ],
              "uv": {
                "down": {
                  "uv": [
                    12,
                    13
                  ],
                  "uv_size": [
                    -1,
                    -1
                  ]
                },
                "east": {
                  "uv": [
                    12,
                    13
                  ],
                  "uv_size": [
                    -1,
                    -13
                  ]
                },
                "north": {
                  "uv": [
                    12,
                    13
                  ],
                  "uv_size": [
                    -1,
                    -13
                  ]
                },
                "south": {
                  "uv": [
                    12,
                    13
                  ],
                  "uv_size": [
                    -1,
                    -13
                  ]
                },
                "up": {
                  "uv": [
                    12,
                    1
                  ],
                  "uv_size": [
                    -1,
                    -1
                  ]
                },
                "west": {
                  "uv": [
                    12,
                    13
                  ],
                  "uv_size": [
                    -1,
                    -13
                  ]
                }
              }
            }
          ],
          "name": "bone3",
          "parent": "stand",
          "pivot": [
            0,
            18,
            2
          ]
        },
        {
          "cubes": [
            {
              "origin": [
                -0.88,
                -4.88,
                0.24
              ],
              "size": [
                1.76,
                22.88,
                1.76
              ],
              "uv": {
                "down": {
                  "uv": [
                    13,
                    13
                  ],
                  "uv_size": [
                    -1,
                    -1
                  ]
                },
                "east": {
                  "uv": [
                    13,
                    13
                  ],
                  "uv_size": [
                    -1,
                    -13
                  ]
                },
                "north": {
                  "uv": [
                    13,
                    13
                  ],
                  "uv_size": [
                    -1,
                    -13
                  ]
                },
                "south": {
                  "uv": [
                    13,
                    13
                  ],
                  "uv_size": [
                    -1,
                    -13
                  ]
                },
                "up": {
                  "uv": [
                    13,
                    1
                  ],
                  "uv_size": [
                    -1,
                    -1
                  ]
                },
                "west": {
                  "uv": [
                    13,
                    13
                  ],
                  "uv_size": [
                    -1,
                    -13
                  ]
                }
              }
            }
          ],
          "name": "bone2",
          "parent": "stand",
          "pivot": [
            0,
            18,
            2
          ],
          "rotation": [
            15,
            0,
            0
          ]
        },
        {
          "cubes": [
            {
              "origin": [
                -3.63636,
                3.2648,
                -1.89263
              ],
              "size": [
                7.27273,
                16,
                1.45455
              ],
              "uv": {
                "down": {
                  "uv": [
                    3,
                    10
                  ],
                  "uv_size": [
                    5,
                    1
                  ]
                },
                "east": {
                  "uv": [
                    3,
                    0
                  ],
                  "uv_size": [
                    1,
                    11
                  ]
                },
                "north": {
                  "uv": [
                    3,
                    0
                  ],
                  "uv_size": [
                    5,
                    11
                  ]
                },
                "south": {
                  "uv": [
                    3,
                    11
                  ],
                  "uv_size": [
                    5,
                    -11
                  ]
                },
                "up": {
                  "uv": [
                    8,
                    0
                  ],
                  "uv_size": [
                    -5,
                    1
                  ]
                },
                "west": {
                  "uv": [
                    7,
                    0
                  ],
                  "uv_size": [
                    1,
                    11
                  ]
                }
              }
            },
            {
              "origin": [
                -5.09091,
                4.71935,
                -1.89263
              ],
              "size": [
                1.45455,
                13.09091,
                1.45455
              ],
              "uv": {
                "down": {
                  "uv": [
                    2,
                    9
                  ],
                  "uv_size": [
                    1,
                    1
                  ]
                },
                "east": {
                  "uv": [
                    2,
                    1
                  ],
                  "uv_size": [
                    1,
                    9
                  ]
                },
                "north": {
                  "uv": [
                    2,
                    1
                  ],
                  "uv_size": [
                    1,
                    9
                  ]
                },
                "south": {
                  "uv": [
                    2,
                    1
                  ],
                  "uv_size": [
                    1,
                    9
                  ]
                },
                "up": {
                  "uv": [
                    2,
                    1
                  ],
                  "uv_size": [
                    1,
                    1
                  ]
                },
                "west": {
                  "uv": [
                    2,
                    1
                  ],
                  "uv_size": [
                    1,
                    9
                  ]
                }
              }
            },
            {
              "origin": [
                3.6364,
                4.71935,
                -1.89263
              ],
              "size": [
                1.45455,
                13.09091,
                1.45455
              ],
              "uv": {
                "down": {
                  "uv": [
                    8,
                    9
                  ],
                  "uv_size": [
                    1,
                    1
                  ]
                },
                "east": {
                  "uv": [
                    8,
                    1
                  ],
                  "uv_size": [
                    1,
                    9
                  ]
                },
                "north": {
                  "uv": [
                    8,
                    1
                  ],
                  "uv_size": [
                    1,
                    9
                  ]
                },
                "south": {
                  "uv": [
                    8,
                    10
                  ],
                  "uv_size": [
                    1,
                    -9
                  ]
                },
                "up": {
                  "uv": [
                    8,
                    1
                  ],
                  "uv_size": [
                    1,
                    1
                  ]
                },
                "west": {
                  "uv": [
                    8,
                    1
                  ],
                  "uv_size": [
                    1,
                    9
                  ]
                }
              }
            },
            {
              "origin": [
                -6.54545,
                6.17389,
                -1.89263
              ],
              "size": [
                1.45455,
                10.18182,
                1.45455
              ],
              "uv": {
                "down": {
                  "uv": [
                    1,
                    8
                  ],
                  "uv_size": [
                    1,
                    1
                  ]
                },
                "east": {
                  "uv": [
                    1,
                    2
                  ],
                  "uv_size": [
                    1,
                    7
                  ]
                },
                "north": {
                  "uv": [
                    1,
                    2
                  ],
                  "uv_size": [
                    1,
                    7
                  ]
                },
                "south": {
                  "uv": [
                    1,
                    2
                  ],
                  "uv_size": [
                    1,
                    7
                  ]
                },
                "up": {
                  "uv": [
                    1,
                    2
                  ],
                  "uv_size": [
                    1,
                    1
                  ]
                },
                "west": {
                  "uv": [
                    1,
                    2
                  ],
                  "uv_size": [
                    1,
                    7
                  ]
                }
              }
            },
            {
              "origin": [
                5.09091,
                6.17389,
                -1.89263
              ],
              "size": [
                1.45455,
                10.18182,
                1.45455
              ],
              "uv": {
                "down": {
                  "uv": [
                    9,
                    8
                  ],
                  "uv_size": [
                    1,
                    1
                  ]
                },
                "east": {
                  "uv": [
                    9,
                    2
                  ],
                  "uv_size": [
                    1,
                    7
                  ]
                },
                "north": {
                  "uv": [
                    9,
                    2
                  ],
                  "uv_size": [
                    1,
                    7
                  ]
                },
                "south": {
                  "uv": [
                    9,
                    2
                  ],
                  "uv_size": [
                    1,
                    7
                  ]
                },
                "up": {
                  "uv": [
                    9,
                    2
                  ],
                  "uv_size": [
                    1,
                    1
                  ]
                },
                "west": {
                  "uv": [
                    9,
                    2
                  ],
                  "uv_size": [
                    1,
                    7
                  ]
                }
              }
            },
            {
              "origin": [
                -8,
                7.62844,
                -1.89263
              ],
              "size": [
                1.45455,
                7.27273,
                1.45455
              ],
              "uv": {
                "down": {
                  "uv": [
                    0,
                    7
                  ],
                  "uv_size": [
                    1,
                    1
                  ]
                },
                "east": {
                  "uv": [
                    0,
                    3
                  ],
                  "uv_size": [
                    1,
                    5
                  ]
                },
                "north": {
                  "uv": [
                    0,
                    3
                  ],
                  "uv_size": [
                    1,
                    5
                  ]
                },
                "south": {
                  "uv": [
                    0,
                    3
                  ],
                  "uv_size": [
                    1,
                    5
                  ]
                },
                "up": {
                  "uv": [
                    0,
                    3
                  ],
                  "uv_size": [
                    1,
                    1
                  ]
                },
                "west": {
                  "uv": [
                    0,
                    3
                  ],
                  "uv_size": [
                    1,
                    5
                  ]
                }
              }
            },
            {
              "origin": [
                6.54545,
                7.62844,
                -1.89263
              ],
              "size": [
                1.45455,
                7.27273,
                1.45455
              ],
              "uv": {
                "down": {
                  "uv": [
                    10,
                    7
                  ],
                  "uv_size": [
                    1,
                    1
                  ]
                },
                "east": {
                  "uv": [
                    10,
                    3
                  ],
                  "uv_size": [
                    1,
                    5
                  ]
                },
                "north": {
                  "uv": [
                    10,
                    3
                  ],
                  "uv_size": [
                    1,
                    5
                  ]
                },
                "south": {
                  "uv": [
                    10,
                    3
                  ],
                  "uv_size": [
                    1,
                    5
                  ]
                },
                "up": {
                  "uv": [
                    10,
                    3
                  ],
                  "uv_size": [
                    1,
                    1
                  ]
                },
                "west": {
                  "uv": [
                    10,
                    3
                  ],
                  "uv_size": [
                    1,
                    5
                  ]
                }
              }
            }
          ],
          "name": "target",
          "parent": "root",
          "pivot": [
            0,
            11.2648,
            -1.16535
          ],
          "rotation": [
            -10,
            0,
            0
          ]
        }
      ],
      "description": {
        "identifier": "geometry.ng.lobby.target.ground",
        "texture_height": 13,
        "texture_width": 13,
        "visible_bounds_height": 2.5,
        "visible_bounds_offset": [
          0,
          0.75,
          0
        ],
        "visible_bounds_width": 4
      }
    }
  ]
}