{
  "format_version": "1.12.0",
  "minecraft:geometry": [
    {
      "bones": [
        {
          "name": "bone6",
          "pivot": [
            0,
            0,
            0
          ]
        },
        {
          "name": "bone5",
          "parent": "bone6",
          "pivot": [
            15,
            0,
            0
          ]
        },
        {
          "cubes": [
            {
              "origin": [
                11,
                12,
                -2
              ],
              "size": [
                8,
                12,
                4
              ],
              "uv": {
                "down": {
                  "uv": [
                    80,
                    28
                  ],
                  "uv_size": [
                    8,
                    -4
                  ]
                },
                "east": {
                  "uv": [
                    56,
                    56
                  ],
                  "uv_size": [
                    4,
                    12
                  ]
                },
                "north": {
                  "uv": [
                    12,
                    24
                  ],
                  "uv_size": [
                    8,
                    12
                  ]
                },
                "south": {
                  "uv": [
                    20,
                    24
                  ],
                  "uv_size": [
                    8,
                    12
                  ]
                },
                "up": {
                  "uv": [
                    78,
                    48
                  ],
                  "uv_size": [
                    8,
                    4
                  ]
                },
                "west": {
                  "uv": [
                    60,
                    0
                  ],
                  "uv_size": [
                    4,
                    12
                  ]
                }
              }
            }
          ],
          "name": "body1",
          "parent": "bone5",
          "pivot": [
            15,
            12,
            0
          ]
        },
        {
          "cubes": [
            {
              "origin": [
                11,
                24,
                -4
              ],
              "size": [
                8,
                8,
                8
              ],
              "uv": {
                "down": {
                  "uv": [
                    38,
                    52
                  ],
                  "uv_size": [
                    8,
                    -8
                  ]
                },
                "east": {
                  "uv": [
                    44,
                    8
                  ],
                  "uv_size": [
                    8,
                    8
                  ]
                },
                "north": {
                  "uv": [
                    44,
                    0
                  ],
                  "uv_size": [
                    8,
                    8
                  ]
                },
                "south": {
                  "uv": [
                    44,
                    16
                  ],
                  "uv_size": [
                    8,
                    8
                  ]
                },
                "up": {
                  "uv": [
                    44,
                    32
                  ],
                  "uv_size": [
                    8,
                    8
                  ]
                },
                "west": {
                  "uv": [
                    44,
                    24
                  ],
                  "uv_size": [
                    8,
                    8
                  ]
                }
              }
            }
          ],
          "name": "head1",
          "parent": "body1",
          "pivot": [
            15,
            24,
            0
          ]
        },
        {
          "cubes": [
            {
              "origin": [
                7,
                12,
                -2
              ],
              "size": [
                4,
                12,
                4
              ],
              "uv": {
                "down": {
                  "uv": [
                    32,
                    52
                  ],
                  "uv_size": [
                    4,
                    -4
                  ]
                },
                "east": {
                  "uv": [
                    60,
                    24
                  ],
                  "uv_size": [
                    4,
                    12
                  ]
                },
                "north": {
                  "uv": [
                    60,
                    12
                  ],
                  "uv_size": [
                    4,
                    12
                  ]
                },
                "south": {
                  "uv": [
                    32,
                    60
                  ],
                  "uv_size": [
                    4,
                    12
                  ]
                },
                "up": {
                  "uv": [
                    12,
                    18
                  ],
                  "uv_size": [
                    4,
                    4
                  ]
                },
                "west": {
                  "uv": [
                    36,
                    60
                  ],
                  "uv_size": [
                    4,
                    12
                  ]
                }
              }
            }
          ],
          "name": "leftArm1",
          "parent": "body1",
          "pivot": [
            11,
            22,
            0
          ]
        },
        {
          "cubes": [
            {
              "origin": [
                -3.67157,
                14,
                -13
              ],
              "size": [
                3,
                1,
                3
              ],
              "uv": {
                "down": {
                  "uv": [
                    90,
                    51
                  ],
                  "uv_size": [
                    3,
                    -3
                  ]
                },
                "east": {
                  "uv": [
                    92,
                    7
                  ],
                  "uv_size": [
                    3,
                    1
                  ]
                },
                "north": {
                  "uv": [
                    92,
                    6
                  ],
                  "uv_size": [
                    3,
                    1
                  ]
                },
                "south": {
                  "uv": [
                    8,
                    92
                  ],
                  "uv_size": [
                    3,
                    1
                  ]
                },
                "up": {
                  "uv": [
                    46,
                    90
                  ],
                  "uv_size": [
                    3,
                    3
                  ]
                },
                "west": {
                  "uv": [
                    92,
                    8
                  ],
                  "uv_size": [
                    3,
                    1
                  ]
                }
              }
            },
            {
              "origin": [
                -0.67157,
                14,
                -12
              ],
              "size": [
                1,
                1,
                5
              ],
              "uv": {
                "down": {
                  "uv": [
                    90,
                    91
                  ],
                  "uv_size": [
                    1,
                    -5
                  ]
                },
                "east": {
                  "uv": [
                    90,
                    84
                  ],
                  "uv_size": [
                    5,
                    1
                  ]
                },
                "north": {
                  "uv": [
                    92,
                    55
                  ],
                  "uv_size": [
                    1,
                    1
                  ]
                },
                "south": {
                  "uv": [
                    56,
                    92
                  ],
                  "uv_size": [
                    1,
                    1
                  ]
                },
                "up": {
                  "uv": [
                    81,
                    90
                  ],
                  "uv_size": [
                    1,
                    5
                  ]
                },
                "west": {
                  "uv": [
                    90,
                    85
                  ],
                  "uv_size": [
                    5,
                    1
                  ]
                }
              }
            },
            {
              "origin": [
                0.32843,
                14,
                -11
              ],
              "size": [
                1,
                1,
                5
              ],
              "uv": {
                "down": {
                  "uv": [
                    91,
                    12
                  ],
                  "uv_size": [
                    1,
                    -5
                  ]
                },
                "east": {
                  "uv": [
                    91,
                    0
                  ],
                  "uv_size": [
                    5,
                    1
                  ]
                },
                "north": {
                  "uv": [
                    92,
                    56
                  ],
                  "uv_size": [
                    1,
                    1
                  ]
                },
                "south": {
                  "uv": [
                    57,
                    92
                  ],
                  "uv_size": [
                    1,
                    1
                  ]
                },
                "up": {
                  "uv": [
                    91,
                    2
                  ],
                  "uv_size": [
                    1,
                    5
                  ]
                },
                "west": {
                  "uv": [
                    91,
                    1
                  ],
                  "uv_size": [
                    5,
                    1
                  ]
                }
              }
            },
            {
              "origin": [
                1.32843,
                14,
                -10
              ],
              "size": [
                1,
                1,
                5
              ],
              "uv": {
                "down": {
                  "uv": [
                    91,
                    18
                  ],
                  "uv_size": [
                    1,
                    -5
                  ]
                },
                "east": {
                  "uv": [
                    8,
                    91
                  ],
                  "uv_size": [
                    5,
                    1
                  ]
                },
                "north": {
                  "uv": [
                    92,
                    57
                  ],
                  "uv_size": [
                    1,
                    1
                  ]
                },
                "south": {
                  "uv": [
                    58,
                    92
                  ],
                  "uv_size": [
                    1,
                    1
                  ]
                },
                "up": {
                  "uv": [
                    13,
                    91
                  ],
                  "uv_size": [
                    1,
                    5
                  ]
                },
                "west": {
                  "uv": [
                    91,
                    12
                  ],
                  "uv_size": [
                    5,
                    1
                  ]
                }
              }
            },
            {
              "origin": [
                -2.67157,
                14,
                -10
              ],
              "size": [
                2,
                1,
                1
              ],
              "uv": {
                "down": {
                  "uv": [
                    92,
                    21
                  ],
                  "uv_size": [
                    2,
                    -1
                  ]
                },
                "east": {
                  "uv": [
                    92,
                    58
                  ],
                  "uv_size": [
                    1,
                    1
                  ]
                },
                "north": {
                  "uv": [
                    60,
                    39
                  ],
                  "uv_size": [
                    2,
                    1
                  ]
                },
                "south": {
                  "uv": [
                    92,
                    19
                  ],
                  "uv_size": [
                    2,
                    1
                  ]
                },
                "up": {
                  "uv": [
                    20,
                    92
                  ],
                  "uv_size": [
                    2,
                    1
                  ]
                },
                "west": {
                  "uv": [
                    59,
                    92
                  ],
                  "uv_size": [
                    1,
                    1
                  ]
                }
              }
            },
            {
              "origin": [
                2.32843,
                14,
                -9
              ],
              "size": [
                1,
                1,
                5
              ],
              "uv": {
                "down": {
                  "uv": [
                    91,
                    24
                  ],
                  "uv_size": [
                    1,
                    -5
                  ]
                },
                "east": {
                  "uv": [
                    14,
                    91
                  ],
                  "uv_size": [
                    5,
                    1
                  ]
                },
                "north": {
                  "uv": [
                    92,
                    59
                  ],
                  "uv_size": [
                    1,
                    1
                  ]
                },
                "south": {
                  "uv": [
                    60,
                    92
                  ],
                  "uv_size": [
                    1,
                    1
                  ]
                },
                "up": {
                  "uv": [
                    19,
                    91
                  ],
                  "uv_size": [
                    1,
                    5
                  ]
                },
                "west": {
                  "uv": [
                    91,
                    18
                  ],
                  "uv_size": [
                    5,
                    1
                  ]
                }
              }
            },
            {
              "origin": [
                -1.67157,
                14,
                -9
              ],
              "size": [
                1,
                1,
                1
              ],
              "uv": {
                "down": {
                  "uv": [
                    63,
                    93
                  ],
                  "uv_size": [
                    1,
                    -1
                  ]
                },
                "east": {
                  "uv": [
                    61,
                    92
                  ],
                  "uv_size": [
                    1,
                    1
                  ]
                },
                "north": {
                  "uv": [
                    92,
                    60
                  ],
                  "uv_size": [
                    1,
                    1
                  ]
                },
                "south": {
                  "uv": [
                    92,
                    61
                  ],
                  "uv_size": [
                    1,
                    1
                  ]
                },
                "up": {
                  "uv": [
                    92,
                    62
                  ],
                  "uv_size": [
                    1,
                    1
                  ]
                },
                "west": {
                  "uv": [
                    62,
                    92
                  ],
                  "uv_size": [
                    1,
                    1
                  ]
                }
              }
            },
            {
              "origin": [
                3.32843,
                14,
                -8
              ],
              "size": [
                1,
                1,
                5
              ],
              "uv": {
                "down": {
                  "uv": [
                    31,
                    96
                  ],
                  "uv_size": [
                    1,
                    -5
                  ]
                },
                "east": {
                  "uv": [
                    20,
                    91
                  ],
                  "uv_size": [
                    5,
                    1
                  ]
                },
                "north": {
                  "uv": [
                    92,
                    63
                  ],
                  "uv_size": [
                    1,
                    1
                  ]
                },
                "south": {
                  "uv": [
                    64,
                    92
                  ],
                  "uv_size": [
                    1,
                    1
                  ]
                },
                "up": {
                  "uv": [
                    30,
                    91
                  ],
                  "uv_size": [
                    1,
                    5
                  ]
                },
                "west": {
                  "uv": [
                    25,
                    91
                  ],
                  "uv_size": [
                    5,
                    1
                  ]
                }
              }
            },
            {
              "origin": [
                8.32843,
                14,
                -7
              ],
              "size": [
                2,
                1,
                2
              ],
              "uv": {
                "down": {
                  "uv": [
                    14,
                    24
                  ],
                  "uv_size": [
                    2,
                    -2
                  ]
                },
                "east": {
                  "uv": [
                    22,
                    92
                  ],
                  "uv_size": [
                    2,
                    1
                  ]
                },
                "north": {
                  "uv": [
                    92,
                    21
                  ],
                  "uv_size": [
                    2,
                    1
                  ]
                },
                "south": {
                  "uv": [
                    92,
                    22
                  ],
                  "uv_size": [
                    2,
                    1
                  ]
                },
                "up": {
                  "uv": [
                    12,
                    22
                  ],
                  "uv_size": [
                    2,
                    2
                  ]
                },
                "west": {
                  "uv": [
                    92,
                    23
                  ],
                  "uv_size": [
                    2,
                    1
                  ]
                }
              }
            },
            {
              "origin": [
                4.32843,
                14,
                -7
              ],
              "size": [
                1,
                1,
                7
              ],
              "uv": {
                "down": {
                  "uv": [
                    90,
                    80
                  ],
                  "uv_size": [
                    1,
                    -7
                  ]
                },
                "east": {
                  "uv": [
                    70,
                    90
                  ],
                  "uv_size": [
                    7,
                    1
                  ]
                },
                "north": {
                  "uv": [
                    92,
                    64
                  ],
                  "uv_size": [
                    1,
                    1
                  ]
                },
                "south": {
                  "uv": [
                    65,
                    92
                  ],
                  "uv_size": [
                    1,
                    1
                  ]
                },
                "up": {
                  "uv": [
                    49,
                    90
                  ],
                  "uv_size": [
                    1,
                    7
                  ]
                },
                "west": {
                  "uv": [
                    90,
                    72
                  ],
                  "uv_size": [
                    7,
                    1
                  ]
                }
              }
            },
            {
              "origin": [
                7.32843,
                14,
                -6
              ],
              "size": [
                1,
                1,
                6
              ],
              "uv": {
                "down": {
                  "uv": [
                    81,
                    78
                  ],
                  "uv_size": [
                    1,
                    -6
                  ]
                },
                "east": {
                  "uv": [
                    90,
                    80
                  ],
                  "uv_size": [
                    6,
                    1
                  ]
                },
                "north": {
                  "uv": [
                    92,
                    65
                  ],
                  "uv_size": [
                    1,
                    1
                  ]
                },
                "south": {
                  "uv": [
                    66,
                    92
                  ],
                  "uv_size": [
                    1,
                    1
                  ]
                },
                "up": {
                  "uv": [
                    80,
                    72
                  ],
                  "uv_size": [
                    1,
                    6
                  ]
                },
                "west": {
                  "uv": [
                    90,
                    81
                  ],
                  "uv_size": [
                    6,
                    1
                  ]
                }
              }
            },
            {
              "origin": [
                5.32843,
                14,
                -6
              ],
              "size": [
                1,
                1,
                6
              ],
              "uv": {
                "down": {
                  "uv": [
                    78,
                    96
                  ],
                  "uv_size": [
                    1,
                    -6
                  ]
                },
                "east": {
                  "uv": [
                    90,
                    82
                  ],
                  "uv_size": [
                    6,
                    1
                  ]
                },
                "north": {
                  "uv": [
                    92,
                    66
                  ],
                  "uv_size": [
                    1,
                    1
                  ]
                },
                "south": {
                  "uv": [
                    67,
                    92
                  ],
                  "uv_size": [
                    1,
                    1
                  ]
                },
                "up": {
                  "uv": [
                    77,
                    90
                  ],
                  "uv_size": [
                    1,
                    6
                  ]
                },
                "west": {
                  "uv": [
                    90,
                    83
                  ],
                  "uv_size": [
                    6,
                    1
                  ]
                }
              }
            },
            {
              "origin": [
                8.32843,
                14,
                -5
              ],
              "size": [
                1,
                1,
                2
              ],
              "uv": {
                "down": {
                  "uv": [
                    28,
                    94
                  ],
                  "uv_size": [
                    1,
                    -2
                  ]
                },
                "east": {
                  "uv": [
                    24,
                    92
                  ],
                  "uv_size": [
                    2,
                    1
                  ]
                },
                "north": {
                  "uv": [
                    92,
                    67
                  ],
                  "uv_size": [
                    1,
                    1
                  ]
                },
                "south": {
                  "uv": [
                    68,
                    92
                  ],
                  "uv_size": [
                    1,
                    1
                  ]
                },
                "up": {
                  "uv": [
                    18,
                    92
                  ],
                  "uv_size": [
                    1,
                    2
                  ]
                },
                "west": {
                  "uv": [
                    26,
                    92
                  ],
                  "uv_size": [
                    2,
                    1
                  ]
                }
              }
            },
            {
              "origin": [
                6.32843,
                14,
                -5
              ],
              "size": [
                1,
                1,
                4
              ],
              "uv": {
                "down": {
                  "uv": [
                    71,
                    95
                  ],
                  "uv_size": [
                    1,
                    -4
                  ]
                },
                "east": {
                  "uv": [
                    62,
                    91
                  ],
                  "uv_size": [
                    4,
                    1
                  ]
                },
                "north": {
                  "uv": [
                    92,
                    68
                  ],
                  "uv_size": [
                    1,
                    1
                  ]
                },
                "south": {
                  "uv": [
                    69,
                    92
                  ],
                  "uv_size": [
                    1,
                    1
                  ]
                },
                "up": {
                  "uv": [
                    70,
                    91
                  ],
                  "uv_size": [
                    1,
                    4
                  ]
                },
                "west": {
                  "uv": [
                    66,
                    91
                  ],
                  "uv_size": [
                    4,
                    1
                  ]
                }
              }
            },
            {
              "origin": [
                8.32843,
                14,
                -2
              ],
              "size": [
                1,
                1,
                3
              ],
              "uv": {
                "down": {
                  "uv": [
                    12,
                    95
                  ],
                  "uv_size": [
                    1,
                    -3
                  ]
                },
                "east": {
                  "uv": [
                    92,
                    9
                  ],
                  "uv_size": [
                    3,
                    1
                  ]
                },
                "north": {
                  "uv": [
                    92,
                    69
                  ],
                  "uv_size": [
                    1,
                    1
                  ]
                },
                "south": {
                  "uv": [
                    92,
                    70
                  ],
                  "uv_size": [
                    1,
                    1
                  ]
                },
                "up": {
                  "uv": [
                    11,
                    92
                  ],
                  "uv_size": [
                    1,
                    3
                  ]
                },
                "west": {
                  "uv": [
                    92,
                    10
                  ],
                  "uv_size": [
                    3,
                    1
                  ]
                }
              }
            },
            {
              "origin": [
                3.32843,
                14,
                -2
              ],
              "size": [
                1,
                1,
                3
              ],
              "uv": {
                "down": {
                  "uv": [
                    92,
                    17
                  ],
                  "uv_size": [
                    1,
                    -3
                  ]
                },
                "east": {
                  "uv": [
                    92,
                    11
                  ],
                  "uv_size": [
                    3,
                    1
                  ]
                },
                "north": {
                  "uv": [
                    92,
                    71
                  ],
                  "uv_size": [
                    1,
                    1
                  ]
                },
                "south": {
                  "uv": [
                    72,
                    92
                  ],
                  "uv_size": [
                    1,
                    1
                  ]
                },
                "up": {
                  "uv": [
                    14,
                    92
                  ],
                  "uv_size": [
                    1,
                    3
                  ]
                },
                "west": {
                  "uv": [
                    92,
                    13
                  ],
                  "uv_size": [
                    3,
                    1
                  ]
                }
              }
            },
            {
              "origin": [
                9.32843,
                14,
                -1
              ],
              "size": [
                1,
                1,
                4
              ],
              "uv": {
                "down": {
                  "uv": [
                    76,
                    95
                  ],
                  "uv_size": [
                    1,
                    -4
                  ]
                },
                "east": {
                  "uv": [
                    72,
                    91
                  ],
                  "uv_size": [
                    4,
                    1
                  ]
                },
                "north": {
                  "uv": [
                    73,
                    92
                  ],
                  "uv_size": [
                    1,
                    1
                  ]
                },
                "south": {
                  "uv": [
                    74,
                    92
                  ],
                  "uv_size": [
                    1,
                    1
                  ]
                },
                "up": {
                  "uv": [
                    91,
                    74
                  ],
                  "uv_size": [
                    1,
                    4
                  ]
                },
                "west": {
                  "uv": [
                    91,
                    73
                  ],
                  "uv_size": [
                    4,
                    1
                  ]
                }
              }
            },
            {
              "origin": [
                2.32843,
                14,
                -1
              ],
              "size": [
                1,
                1,
                2
              ],
              "uv": {
                "down": {
                  "uv": [
                    92,
                    54
                  ],
                  "uv_size": [
                    1,
                    -2
                  ]
                },
                "east": {
                  "uv": [
                    50,
                    92
                  ],
                  "uv_size": [
                    2,
                    1
                  ]
                },
                "north": {
                  "uv": [
                    92,
                    74
                  ],
                  "uv_size": [
                    1,
                    1
                  ]
                },
                "south": {
                  "uv": [
                    75,
                    92
                  ],
                  "uv_size": [
                    1,
                    1
                  ]
                },
                "up": {
                  "uv": [
                    29,
                    92
                  ],
                  "uv_size": [
                    1,
                    2
                  ]
                },
                "west": {
                  "uv": [
                    52,
                    92
                  ],
                  "uv_size": [
                    2,
                    1
                  ]
                }
              }
            },
            {
              "origin": [
                10.32843,
                14,
                0
              ],
              "size": [
                2,
                1,
                3
              ],
              "uv": {
                "down": {
                  "uv": [
                    79,
                    93
                  ],
                  "uv_size": [
                    2,
                    -3
                  ]
                },
                "east": {
                  "uv": [
                    15,
                    92
                  ],
                  "uv_size": [
                    3,
                    1
                  ]
                },
                "north": {
                  "uv": [
                    54,
                    92
                  ],
                  "uv_size": [
                    2,
                    1
                  ]
                },
                "south": {
                  "uv": [
                    92,
                    54
                  ],
                  "uv_size": [
                    2,
                    1
                  ]
                },
                "up": {
                  "uv": [
                    60,
                    36
                  ],
                  "uv_size": [
                    2,
                    3
                  ]
                },
                "west": {
                  "uv": [
                    92,
                    17
                  ],
                  "uv_size": [
                    3,
                    1
                  ]
                }
              }
            }
          ],
          "name": "iron_sword",
          "parent": "leftArm1",
          "pivot": [
            8.5,
            14,
            0
          ],
          "rotation": [
            0,
            -45,
            90
          ]
        },
        {
          "cubes": [
            {
              "origin": [
                19,
                12,
                -2
              ],
              "size": [
                4,
                12,
                4
              ],
              "uv": {
                "down": {
                  "uv": [
                    24,
                    90
                  ],
                  "uv_size": [
                    4,
                    -4
                  ]
                },
                "east": {
                  "uv": [
                    16,
                    62
                  ],
                  "uv_size": [
                    4,
                    12
                  ]
                },
                "north": {
                  "uv": [
                    60,
                    56
                  ],
                  "uv_size": [
                    4,
                    12
                  ]
                },
                "south": {
                  "uv": [
                    20,
                    62
                  ],
                  "uv_size": [
                    4,
                    12
                  ]
                },
                "up": {
                  "uv": [
                    40,
                    52
                  ],
                  "uv_size": [
                    4,
                    4
                  ]
                },
                "west": {
                  "uv": [
                    24,
                    62
                  ],
                  "uv_size": [
                    4,
                    12
                  ]
                }
              }
            }
          ],
          "name": "rightArm1",
          "parent": "body1",
          "pivot": [
            19,
            22,
            0
          ]
        },
        {
          "cubes": [
            {
              "origin": [
                11.1,
                0,
                -2
              ],
              "size": [
                4,
                12,
                4
              ],
              "uv": {
                "down": {
                  "uv": [
                    86,
                    40
                  ],
                  "uv_size": [
                    4,
                    -4
                  ]
                },
                "east": {
                  "uv": [
                    62,
                    36
                  ],
                  "uv_size": [
                    4,
                    12
                  ]
                },
                "north": {
                  "uv": [
                    28,
                    62
                  ],
                  "uv_size": [
                    4,
                    12
                  ]
                },
                "south": {
                  "uv": [
                    0,
                    64
                  ],
                  "uv_size": [
                    4,
                    12
                  ]
                },
                "up": {
                  "uv": [
                    28,
                    86
                  ],
                  "uv_size": [
                    4,
                    4
                  ]
                },
                "west": {
                  "uv": [
                    64,
                    0
                  ],
                  "uv_size": [
                    4,
                    12
                  ]
                }
              }
            }
          ],
          "name": "leftLeg1",
          "parent": "bone5",
          "pivot": [
            13.1,
            12,
            0
          ]
        },
        {
          "cubes": [
            {
              "origin": [
                14.9,
                0,
                -2
              ],
              "size": [
                4,
                12,
                4
              ],
              "uv": {
                "down": {
                  "uv": [
                    86,
                    52
                  ],
                  "uv_size": [
                    4,
                    -4
                  ]
                },
                "east": {
                  "uv": [
                    8,
                    64
                  ],
                  "uv_size": [
                    4,
                    12
                  ]
                },
                "north": {
                  "uv": [
                    4,
                    64
                  ],
                  "uv_size": [
                    4,
                    12
                  ]
                },
                "south": {
                  "uv": [
                    12,
                    64
                  ],
                  "uv_size": [
                    4,
                    12
                  ]
                },
                "up": {
                  "uv": [
                    86,
                    40
                  ],
                  "uv_size": [
                    4,
                    4
                  ]
                },
                "west": {
                  "uv": [
                    64,
                    12
                  ],
                  "uv_size": [
                    4,
                    12
                  ]
                }
              }
            }
          ],
          "name": "rightLeg1",
          "parent": "bone5",
          "pivot": [
            16.9,
            12,
            0
          ]
        },
        {
          "name": "bone2",
          "parent": "bone6",
          "pivot": [
            0,
            0,
            0
          ]
        },
        {
          "cubes": [
            {
              "origin": [
                -4,
                12,
                -3
              ],
              "size": [
                8,
                12,
                6
              ],
              "uv": {
                "down": {
                  "uv": [
                    64,
                    30
                  ],
                  "uv_size": [
                    8,
                    -6
                  ]
                },
                "east": {
                  "uv": [
                    32,
                    36
                  ],
                  "uv_size": [
                    6,
                    12
                  ]
                },
                "north": {
                  "uv": [
                    28,
                    0
                  ],
                  "uv_size": [
                    8,
                    12
                  ]
                },
                "south": {
                  "uv": [
                    28,
                    12
                  ],
                  "uv_size": [
                    8,
                    12
                  ]
                },
                "up": {
                  "uv": [
                    62,
                    48
                  ],
                  "uv_size": [
                    8,
                    6
                  ]
                },
                "west": {
                  "uv": [
                    38,
                    32
                  ],
                  "uv_size": [
                    6,
                    12
                  ]
                }
              }
            },
            {
              "inflate": 0.5,
              "origin": [
                -4,
                6,
                -3
              ],
              "size": [
                8,
                18,
                6
              ],
              "uv": {
                "down": {
                  "uv": [
                    40,
                    70
                  ],
                  "uv_size": [
                    8,
                    -6
                  ]
                },
                "east": {
                  "uv": [
                    0,
                    18
                  ],
                  "uv_size": [
                    6,
                    18
                  ]
                },
                "north": {
                  "uv": [
                    0,
                    0
                  ],
                  "uv_size": [
                    8,
                    18
                  ]
                },
                "south": {
                  "uv": [
                    8,
                    0
                  ],
                  "uv_size": [
                    8,
                    18
                  ]
                },
                "up": {
                  "uv": [
                    64,
                    30
                  ],
                  "uv_size": [
                    8,
                    6
                  ]
                },
                "west": {
                  "uv": [
                    6,
                    18
                  ],
                  "uv_size": [
                    6,
                    18
                  ]
                }
              }
            }
          ],
          "name": "body2",
          "parent": "bone2",
          "pivot": [
            0,
            6,
            0
          ]
        },
        {
          "cubes": [
            {
              "origin": [
                -4,
                16,
                -2
              ],
              "size": [
                8,
                4,
                4
              ],
              "uv": {
                "down": {
                  "uv": [
                    56,
                    84
                  ],
                  "uv_size": [
                    8,
                    -4
                  ]
                },
                "east": {
                  "uv": [
                    86,
                    72
                  ],
                  "uv_size": [
                    4,
                    4
                  ]
                },
                "north": {
                  "uv": [
                    80,
                    28
                  ],
                  "uv_size": [
                    8,
                    4
                  ]
                },
                "south": {
                  "uv": [
                    80,
                    32
                  ],
                  "uv_size": [
                    8,
                    4
                  ]
                },
                "up": {
                  "uv": [
                    80,
                    52
                  ],
                  "uv_size": [
                    8,
                    4
                  ]
                },
                "west": {
                  "uv": [
                    86,
                    76
                  ],
                  "uv_size": [
                    4,
                    4
                  ]
                }
              }
            },
            {
              "origin": [
                4,
                16,
                -2
              ],
              "size": [
                4,
                8,
                4
              ],
              "uv": {
                "down": {
                  "uv": [
                    86,
                    88
                  ],
                  "uv_size": [
                    4,
                    -4
                  ]
                },
                "east": {
                  "uv": [
                    80,
                    64
                  ],
                  "uv_size": [
                    4,
                    8
                  ]
                },
                "north": {
                  "uv": [
                    80,
                    56
                  ],
                  "uv_size": [
                    4,
                    8
                  ]
                },
                "south": {
                  "uv": [
                    82,
                    36
                  ],
                  "uv_size": [
                    4,
                    8
                  ]
                },
                "up": {
                  "uv": [
                    86,
                    80
                  ],
                  "uv_size": [
                    4,
                    4
                  ]
                },
                "west": {
                  "uv": [
                    82,
                    72
                  ],
                  "uv_size": [
                    4,
                    8
                  ]
                }
              }
            },
            {
              "origin": [
                -8,
                16,
                -2
              ],
              "size": [
                4,
                8,
                4
              ],
              "uv": {
                "down": {
                  "uv": [
                    87,
                    8
                  ],
                  "uv_size": [
                    4,
                    -4
                  ]
                },
                "east": {
                  "uv": [
                    83,
                    0
                  ],
                  "uv_size": [
                    4,
                    8
                  ]
                },
                "north": {
                  "uv": [
                    82,
                    80
                  ],
                  "uv_size": [
                    4,
                    8
                  ]
                },
                "south": {
                  "uv": [
                    83,
                    8
                  ],
                  "uv_size": [
                    4,
                    8
                  ]
                },
                "up": {
                  "uv": [
                    87,
                    0
                  ],
                  "uv_size": [
                    4,
                    4
                  ]
                },
                "west": {
                  "uv": [
                    83,
                    16
                  ],
                  "uv_size": [
                    4,
                    8
                  ]
                }
              }
            }
          ],
          "name": "arms",
          "parent": "body2",
          "pivot": [
            0,
            22,
            0
          ],
          "rotation": [
            -45,
            0,
            0
          ]
        },
        {
          "cubes": [
            {
              "origin": [
                -4,
                24,
                -4
              ],
              "size": [
                8,
                10,
                8
              ],
              "uv": {
                "down": {
                  "uv": [
                    24,
                    54
                  ],
                  "uv_size": [
                    8,
                    -8
                  ]
                },
                "east": {
                  "uv": [
                    16,
                    36
                  ],
                  "uv_size": [
                    8,
                    10
                  ]
                },
                "north": {
                  "uv": [
                    36,
                    12
                  ],
                  "uv_size": [
                    8,
                    10
                  ]
                },
                "south": {
                  "uv": [
                    36,
                    22
                  ],
                  "uv_size": [
                    8,
                    10
                  ]
                },
                "up": {
                  "uv": [
                    16,
                    46
                  ],
                  "uv_size": [
                    8,
                    8
                  ]
                },
                "west": {
                  "uv": [
                    24,
                    36
                  ],
                  "uv_size": [
                    8,
                    10
                  ]
                }
              }
            }
          ],
          "name": "head2",
          "parent": "body2",
          "pivot": [
            0,
            24,
            0
          ]
        },
        {
          "cubes": [
            {
              "inflate": 0.01,
              "origin": [
                -4,
                27,
                -4
              ],
              "size": [
                8,
                4,
                1
              ],
              "uv": {
                "down": {
                  "uv": [
                    90,
                    32
                  ],
                  "uv_size": [
                    8,
                    -1
                  ]
                },
                "east": {
                  "uv": [
                    91,
                    86
                  ],
                  "uv_size": [
                    1,
                    4
                  ]
                },
                "north": {
                  "uv": [
                    82,
                    44
                  ],
                  "uv_size": [
                    8,
                    4
                  ]
                },
                "south": {
                  "uv": [
                    32,
                    84
                  ],
                  "uv_size": [
                    8,
                    4
                  ]
                },
                "up": {
                  "uv": [
                    90,
                    30
                  ],
                  "uv_size": [
                    8,
                    1
                  ]
                },
                "west": {
                  "uv": [
                    90,
                    91
                  ],
                  "uv_size": [
                    1,
                    4
                  ]
                }
              }
            }
          ],
          "name": "normaleyes",
          "parent": "head2",
          "pivot": [
            0,
            0,
            0
          ]
        },
        {
          "cubes": [
            {
              "inflate": 0.01,
              "origin": [
                -4,
                27,
                -4
              ],
              "size": [
                8,
                4,
                1
              ],
              "uv": {
                "down": {
                  "uv": [
                    62,
                    91
                  ],
                  "uv_size": [
                    8,
                    -1
                  ]
                },
                "east": {
                  "uv": [
                    91,
                    90
                  ],
                  "uv_size": [
                    1,
                    4
                  ]
                },
                "north": {
                  "uv": [
                    56,
                    84
                  ],
                  "uv_size": [
                    8,
                    4
                  ]
                },
                "south": {
                  "uv": [
                    84,
                    56
                  ],
                  "uv_size": [
                    8,
                    4
                  ]
                },
                "up": {
                  "uv": [
                    90,
                    51
                  ],
                  "uv_size": [
                    8,
                    1
                  ]
                },
                "west": {
                  "uv": [
                    92,
                    2
                  ],
                  "uv_size": [
                    1,
                    4
                  ]
                }
              }
            }
          ],
          "name": "deadyeas",
          "parent": "head2",
          "pivot": [
            0,
            0,
            0
          ]
        },
        {
          "cubes": [
            {
              "origin": [
                -1,
                23,
                -6
              ],
              "size": [
                2,
                4,
                2
              ],
              "uv": {
                "down": {
                  "uv": [
                    78,
                    54
                  ],
                  "uv_size": [
                    2,
                    -2
                  ]
                },
                "east": {
                  "uv": [
                    44,
                    40
                  ],
                  "uv_size": [
                    2,
                    4
                  ]
                },
                "north": {
                  "uv": [
                    36,
                    32
                  ],
                  "uv_size": [
                    2,
                    4
                  ]
                },
                "south": {
                  "uv": [
                    36,
                    48
                  ],
                  "uv_size": [
                    2,
                    4
                  ]
                },
                "up": {
                  "uv": [
                    62,
                    54
                  ],
                  "uv_size": [
                    2,
                    2
                  ]
                },
                "west": {
                  "uv": [
                    44,
                    52
                  ],
                  "uv_size": [
                    2,
                    4
                  ]
                }
              }
            }
          ],
          "name": "nose",
          "parent": "head2",
          "pivot": [
            0,
            26,
            0
          ]
        },
        {
          "cubes": [
            {
              "origin": [
                0,
                0,
                -2
              ],
              "size": [
                4,
                12,
                4
              ],
              "uv": {
                "down": {
                  "uv": [
                    87,
                    16
                  ],
                  "uv_size": [
                    4,
                    -4
                  ]
                },
                "east": {
                  "uv": [
                    52,
                    64
                  ],
                  "uv_size": [
                    4,
                    12
                  ]
                },
                "north": {
                  "uv": [
                    48,
                    64
                  ],
                  "uv_size": [
                    4,
                    12
                  ]
                },
                "south": {
                  "uv": [
                    64,
                    54
                  ],
                  "uv_size": [
                    4,
                    12
                  ]
                },
                "up": {
                  "uv": [
                    87,
                    8
                  ],
                  "uv_size": [
                    4,
                    4
                  ]
                },
                "west": {
                  "uv": [
                    66,
                    36
                  ],
                  "uv_size": [
                    4,
                    12
                  ]
                }
              }
            }
          ],
          "name": "leg0",
          "parent": "bone2",
          "pivot": [
            2,
            12,
            0
          ]
        },
        {
          "cubes": [
            {
              "origin": [
                -4,
                0,
                -2
              ],
              "size": [
                4,
                12,
                4
              ],
              "uv": {
                "down": {
                  "uv": [
                    87,
                    24
                  ],
                  "uv_size": [
                    4,
                    -4
                  ]
                },
                "east": {
                  "uv": [
                    68,
                    0
                  ],
                  "uv_size": [
                    4,
                    12
                  ]
                },
                "north": {
                  "uv": [
                    64,
                    66
                  ],
                  "uv_size": [
                    4,
                    12
                  ]
                },
                "south": {
                  "uv": [
                    68,
                    12
                  ],
                  "uv_size": [
                    4,
                    12
                  ]
                },
                "up": {
                  "uv": [
                    87,
                    16
                  ],
                  "uv_size": [
                    4,
                    4
                  ]
                },
                "west": {
                  "uv": [
                    68,
                    54
                  ],
                  "uv_size": [
                    4,
                    12
                  ]
                }
              }
            }
          ],
          "name": "leg1",
          "parent": "bone2",
          "pivot": [
            -2,
            12,
            0
          ]
        },
        {
          "name": "bone",
          "parent": "bone6",
          "pivot": [
            -11,
            0,
            0
          ]
        },
        {
          "cubes": [
            {
              "origin": [
                -15,
                12,
                -2
              ],
              "size": [
                8,
                12,
                4
              ],
              "uv": {
                "down": {
                  "uv": [
                    84,
                    68
                  ],
                  "uv_size": [
                    8,
                    -4
                  ]
                },
                "east": {
                  "uv": [
                    56,
                    68
                  ],
                  "uv_size": [
                    4,
                    12
                  ]
                },
                "north": {
                  "uv": [
                    28,
                    24
                  ],
                  "uv_size": [
                    8,
                    12
                  ]
                },
                "south": {
                  "uv": [
                    0,
                    36
                  ],
                  "uv_size": [
                    8,
                    12
                  ]
                },
                "up": {
                  "uv": [
                    84,
                    60
                  ],
                  "uv_size": [
                    8,
                    4
                  ]
                },
                "west": {
                  "uv": [
                    60,
                    68
                  ],
                  "uv_size": [
                    4,
                    12
                  ]
                }
              }
            },
            {
              "inflate": 0.2,
              "origin": [
                -15,
                12,
                -2
              ],
              "size": [
                8,
                12,
                4
              ],
              "uv": {
                "down": {
                  "uv": [
                    16,
                    90
                  ],
                  "uv_size": [
                    8,
                    -4
                  ]
                },
                "east": {
                  "uv": [
                    68,
                    66
                  ],
                  "uv_size": [
                    4,
                    12
                  ]
                },
                "north": {
                  "uv": [
                    36,
                    0
                  ],
                  "uv_size": [
                    8,
                    12
                  ]
                },
                "south": {
                  "uv": [
                    8,
                    36
                  ],
                  "uv_size": [
                    8,
                    12
                  ]
                },
                "up": {
                  "uv": [
                    84,
                    68
                  ],
                  "uv_size": [
                    8,
                    4
                  ]
                },
                "west": {
                  "uv": [
                    70,
                    36
                  ],
                  "uv_size": [
                    4,
                    12
                  ]
                }
              }
            }
          ],
          "name": "body",
          "parent": "bone",
          "pivot": [
            -11,
            12,
            0
          ]
        },
        {
          "cubes": [
            {
              "origin": [
                -15,
                24,
                -4
              ],
              "size": [
                8,
                8,
                8
              ],
              "uv": {
                "down": {
                  "uv": [
                    52,
                    16
                  ],
                  "uv_size": [
                    8,
                    -8
                  ]
                },
                "east": {
                  "uv": [
                    0,
                    48
                  ],
                  "uv_size": [
                    8,
                    8
                  ]
                },
                "north": {
                  "uv": [
                    46,
                    40
                  ],
                  "uv_size": [
                    8,
                    8
                  ]
                },
                "south": {
                  "uv": [
                    8,
                    48
                  ],
                  "uv_size": [
                    8,
                    8
                  ]
                },
                "up": {
                  "uv": [
                    52,
                    0
                  ],
                  "uv_size": [
                    8,
                    8
                  ]
                },
                "west": {
                  "uv": [
                    46,
                    48
                  ],
                  "uv_size": [
                    8,
                    8
                  ]
                }
              }
            },
            {
              "inflate": 0.2,
              "origin": [
                -15,
                24,
                -4
              ],
              "size": [
                8,
                8,
                8
              ],
              "uv": {
                "down": {
                  "uv": [
                    54,
                    56
                  ],
                  "uv_size": [
                    8,
                    -8
                  ]
                },
                "east": {
                  "uv": [
                    52,
                    32
                  ],
                  "uv_size": [
                    8,
                    8
                  ]
                },
                "north": {
                  "uv": [
                    32,
                    52
                  ],
                  "uv_size": [
                    8,
                    8
                  ]
                },
                "south": {
                  "uv": [
                    16,
                    54
                  ],
                  "uv_size": [
                    8,
                    8
                  ]
                },
                "up": {
                  "uv": [
                    54,
                    40
                  ],
                  "uv_size": [
                    8,
                    8
                  ]
                },
                "west": {
                  "uv": [
                    24,
                    54
                  ],
                  "uv_size": [
                    8,
                    8
                  ]
                }
              }
            }
          ],
          "name": "head",
          "parent": "body",
          "pivot": [
            -11,
            24,
            0
          ]
        },
        {
          "cubes": [
            {
              "origin": [
                -17,
                29,
                -6
              ],
              "size": [
                12,
                1,
                12
              ],
              "uv": {
                "down": {
                  "uv": [
                    16,
                    24
                  ],
                  "uv_size": [
                    12,
                    -12
                  ]
                },
                "east": {
                  "uv": [
                    20,
                    90
                  ],
                  "uv_size": [
                    12,
                    1
                  ]
                },
                "north": {
                  "uv": [
                    8,
                    90
                  ],
                  "uv_size": [
                    12,
                    1
                  ]
                },
                "south": {
                  "uv": [
                    90,
                    24
                  ],
                  "uv_size": [
                    12,
                    1
                  ]
                },
                "up": {
                  "uv": [
                    16,
                    0
                  ],
                  "uv_size": [
                    12,
                    12
                  ]
                },
                "west": {
                  "uv": [
                    90,
                    25
                  ],
                  "uv_size": [
                    12,
                    1
                  ]
                }
              }
            },
            {
              "inflate": 0.2,
              "origin": [
                -15,
                30.2,
                -4
              ],
              "size": [
                8,
                6,
                8
              ],
              "uv": {
                "down": {
                  "uv": [
                    52,
                    32
                  ],
                  "uv_size": [
                    8,
                    -8
                  ]
                },
                "east": {
                  "uv": [
                    70,
                    48
                  ],
                  "uv_size": [
                    8,
                    6
                  ]
                },
                "north": {
                  "uv": [
                    40,
                    70
                  ],
                  "uv_size": [
                    8,
                    6
                  ]
                },
                "south": {
                  "uv": [
                    72,
                    0
                  ],
                  "uv_size": [
                    8,
                    6
                  ]
                },
                "up": {
                  "uv": [
                    52,
                    16
                  ],
                  "uv_size": [
                    8,
                    8
                  ]
                },
                "west": {
                  "uv": [
                    72,
                    6
                  ],
                  "uv_size": [
                    8,
                    6
                  ]
                }
              }
            }
          ],
          "name": "bone4",
          "parent": "head",
          "pivot": [
            -6,
            22,
            0
          ]
        },
        {
          "cubes": [
            {
              "origin": [
                -18,
                12,
                -2
              ],
              "size": [
                3,
                12,
                4
              ],
              "uv": {
                "down": {
                  "uv": [
                    34,
                    94
                  ],
                  "uv_size": [
                    3,
                    -4
                  ]
                },
                "east": {
                  "uv": [
                    72,
                    12
                  ],
                  "uv_size": [
                    4,
                    12
                  ]
                },
                "north": {
                  "uv": [
                    64,
                    78
                  ],
                  "uv_size": [
                    3,
                    12
                  ]
                },
                "south": {
                  "uv": [
                    67,
                    78
                  ],
                  "uv_size": [
                    3,
                    12
                  ]
                },
                "up": {
                  "uv": [
                    90,
                    26
                  ],
                  "uv_size": [
                    3,
                    4
                  ]
                },
                "west": {
                  "uv": [
                    72,
                    24
                  ],
                  "uv_size": [
                    4,
                    12
                  ]
                }
              }
            },
            {
              "inflate": 0.2,
              "origin": [
                -18,
                12,
                -2
              ],
              "size": [
                3,
                12,
                4
              ],
              "uv": {
                "down": {
                  "uv": [
                    37,
                    94
                  ],
                  "uv_size": [
                    3,
                    -4
                  ]
                },
                "east": {
                  "uv": [
                    32,
                    72
                  ],
                  "uv_size": [
                    4,
                    12
                  ]
                },
                "north": {
                  "uv": [
                    70,
                    78
                  ],
                  "uv_size": [
                    3,
                    12
                  ]
                },
                "south": {
                  "uv": [
                    73,
                    78
                  ],
                  "uv_size": [
                    3,
                    12
                  ]
                },
                "up": {
                  "uv": [
                    90,
                    36
                  ],
                  "uv_size": [
                    3,
                    4
                  ]
                },
                "west": {
                  "uv": [
                    36,
                    72
                  ],
                  "uv_size": [
                    4,
                    12
                  ]
                }
              }
            }
          ],
          "name": "leftArm",
          "parent": "body",
          "pivot": [
            -15,
            22,
            0
          ]
        },
        {
          "cubes": [
            {
              "origin": [
                -17.6,
                12.4,
                -5
              ],
              "size": [
                2,
                2,
                8
              ],
              "uv": {
                "down": {
                  "uv": [
                    32,
                    96
                  ],
                  "uv_size": [
                    2,
                    -8
                  ]
                },
                "east": {
                  "uv": [
                    0,
                    88
                  ],
                  "uv_size": [
                    8,
                    2
                  ]
                },
                "north": {
                  "uv": [
                    62,
                    88
                  ],
                  "uv_size": [
                    2,
                    2
                  ]
                },
                "south": {
                  "uv": [
                    91,
                    78
                  ],
                  "uv_size": [
                    2,
                    2
                  ]
                },
                "up": {
                  "uv": [
                    88,
                    24
                  ],
                  "uv_size": [
                    2,
                    8
                  ]
                },
                "west": {
                  "uv": [
                    8,
                    88
                  ],
                  "uv_size": [
                    8,
                    2
                  ]
                }
              }
            },
            {
              "origin": [
                -20.6,
                12.4,
                -13
              ],
              "size": [
                8,
                2,
                8
              ],
              "uv": {
                "down": {
                  "uv": [
                    8,
                    64
                  ],
                  "uv_size": [
                    8,
                    -8
                  ]
                },
                "east": {
                  "uv": [
                    34,
                    88
                  ],
                  "uv_size": [
                    8,
                    2
                  ]
                },
                "north": {
                  "uv": [
                    88,
                    32
                  ],
                  "uv_size": [
                    8,
                    2
                  ]
                },
                "south": {
                  "uv": [
                    88,
                    34
                  ],
                  "uv_size": [
                    8,
                    2
                  ]
                },
                "up": {
                  "uv": [
                    0,
                    56
                  ],
                  "uv_size": [
                    8,
                    8
                  ]
                },
                "west": {
                  "uv": [
                    42,
                    88
                  ],
                  "uv_size": [
                    8,
                    2
                  ]
                }
              }
            },
            {
              "origin": [
                -20.6,
                13.4,
                -13
              ],
              "size": [
                8,
                0,
                8
              ],
              "uv": {
                "down": {
                  "uv": [
                    48,
                    64
                  ],
                  "uv_size": [
                    8,
                    -8
                  ]
                },
                "east": {
                  "uv": [
                    0,
                    0
                  ],
                  "uv_size": [
                    8,
                    0
                  ]
                },
                "north": {
                  "uv": [
                    0,
                    0
                  ],
                  "uv_size": [
                    8,
                    0
                  ]
                },
                "south": {
                  "uv": [
                    0,
                    0
                  ],
                  "uv_size": [
                    8,
                    0
                  ]
                },
                "up": {
                  "uv": [
                    40,
                    56
                  ],
                  "uv_size": [
                    8,
                    8
                  ]
                },
                "west": {
                  "uv": [
                    0,
                    0
                  ],
                  "uv_size": [
                    8,
                    0
                  ]
                }
              }
            }
          ],
          "name": "bone3",
          "parent": "leftArm",
          "pivot": [
            -16.5,
            13.6,
            0
          ]
        },
        {
          "cubes": [
            {
              "origin": [
                -7,
                12,
                -2
              ],
              "size": [
                3,
                12,
                4
              ],
              "uv": {
                "down": {
                  "uv": [
                    90,
                    44
                  ],
                  "uv_size": [
                    3,
                    -4
                  ]
                },
                "east": {
                  "uv": [
                    72,
                    54
                  ],
                  "uv_size": [
                    4,
                    12
                  ]
                },
                "north": {
                  "uv": [
                    76,
                    78
                  ],
                  "uv_size": [
                    3,
                    12
                  ]
                },
                "south": {
                  "uv": [
                    79,
                    78
                  ],
                  "uv_size": [
                    3,
                    12
                  ]
                },
                "up": {
                  "uv": [
                    40,
                    90
                  ],
                  "uv_size": [
                    3,
                    4
                  ]
                },
                "west": {
                  "uv": [
                    72,
                    66
                  ],
                  "uv_size": [
                    4,
                    12
                  ]
                }
              }
            },
            {
              "inflate": 0.2,
              "origin": [
                -7,
                12,
                -2
              ],
              "size": [
                3,
                12,
                4
              ],
              "uv": {
                "down": {
                  "uv": [
                    90,
                    48
                  ],
                  "uv_size": [
                    3,
                    -4
                  ]
                },
                "east": {
                  "uv": [
                    16,
                    74
                  ],
                  "uv_size": [
                    4,
                    12
                  ]
                },
                "north": {
                  "uv": [
                    80,
                    0
                  ],
                  "uv_size": [
                    3,
                    12
                  ]
                },
                "south": {
                  "uv": [
                    80,
                    12
                  ],
                  "uv_size": [
                    3,
                    12
                  ]
                },
                "up": {
                  "uv": [
                    43,
                    90
                  ],
                  "uv_size": [
                    3,
                    4
                  ]
                },
                "west": {
                  "uv": [
                    20,
                    74
                  ],
                  "uv_size": [
                    4,
                    12
                  ]
                }
              }
            }
          ],
          "name": "rightArm",
          "parent": "body",
          "pivot": [
            -7,
            22,
            0
          ]
        },
        {
          "cubes": [
            {
              "origin": [
                -14.9,
                0,
                -2
              ],
              "size": [
                4,
                12,
                4
              ],
              "uv": {
                "down": {
                  "uv": [
                    88,
                    56
                  ],
                  "uv_size": [
                    4,
                    -4
                  ]
                },
                "east": {
                  "uv": [
                    28,
                    74
                  ],
                  "uv_size": [
                    4,
                    12
                  ]
                },
                "north": {
                  "uv": [
                    24,
                    74
                  ],
                  "uv_size": [
                    4,
                    12
                  ]
                },
                "south": {
                  "uv": [
                    74,
                    36
                  ],
                  "uv_size": [
                    4,
                    12
                  ]
                },
                "up": {
                  "uv": [
                    50,
                    88
                  ],
                  "uv_size": [
                    4,
                    4
                  ]
                },
                "west": {
                  "uv": [
                    0,
                    76
                  ],
                  "uv_size": [
                    4,
                    12
                  ]
                }
              }
            },
            {
              "inflate": 0.2,
              "origin": [
                -14.9,
                0,
                -2
              ],
              "size": [
                4,
                12,
                4
              ],
              "uv": {
                "down": {
                  "uv": [
                    58,
                    92
                  ],
                  "uv_size": [
                    4,
                    -4
                  ]
                },
                "east": {
                  "uv": [
                    8,
                    76
                  ],
                  "uv_size": [
                    4,
                    12
                  ]
                },
                "north": {
                  "uv": [
                    4,
                    76
                  ],
                  "uv_size": [
                    4,
                    12
                  ]
                },
                "south": {
                  "uv": [
                    12,
                    76
                  ],
                  "uv_size": [
                    4,
                    12
                  ]
                },
                "up": {
                  "uv": [
                    54,
                    88
                  ],
                  "uv_size": [
                    4,
                    4
                  ]
                },
                "west": {
                  "uv": [
                    76,
                    12
                  ],
                  "uv_size": [
                    4,
                    12
                  ]
                }
              }
            }
          ],
          "name": "leftLeg",
          "parent": "bone",
          "pivot": [
            -12.9,
            12,
            0
          ],
          "rotation": [
            0,
            0,
            0
          ]
        },
        {
          "cubes": [
            {
              "origin": [
                -11.1,
                0,
                -2
              ],
              "size": [
                4,
                12,
                4
              ],
              "uv": {
                "down": {
                  "uv": [
                    86,
                    92
                  ],
                  "uv_size": [
                    4,
                    -4
                  ]
                },
                "east": {
                  "uv": [
                    40,
                    76
                  ],
                  "uv_size": [
                    4,
                    12
                  ]
                },
                "north": {
                  "uv": [
                    76,
                    24
                  ],
                  "uv_size": [
                    4,
                    12
                  ]
                },
                "south": {
                  "uv": [
                    44,
                    76
                  ],
                  "uv_size": [
                    4,
                    12
                  ]
                },
                "up": {
                  "uv": [
                    82,
                    88
                  ],
                  "uv_size": [
                    4,
                    4
                  ]
                },
                "west": {
                  "uv": [
                    48,
                    76
                  ],
                  "uv_size": [
                    4,
                    12
                  ]
                }
              }
            },
            {
              "inflate": 0.2,
              "origin": [
                -11.1,
                0,
                -2
              ],
              "size": [
                4,
                12,
                4
              ],
              "uv": {
                "down": {
                  "uv": [
                    4,
                    94
                  ],
                  "uv_size": [
                    4,
                    -4
                  ]
                },
                "east": {
                  "uv": [
                    76,
                    54
                  ],
                  "uv_size": [
                    4,
                    12
                  ]
                },
                "north": {
                  "uv": [
                    52,
                    76
                  ],
                  "uv_size": [
                    4,
                    12
                  ]
                },
                "south": {
                  "uv": [
                    76,
                    66
                  ],
                  "uv_size": [
                    4,
                    12
                  ]
                },
                "up": {
                  "uv": [
                    0,
                    90
                  ],
                  "uv_size": [
                    4,
                    4
                  ]
                },
                "west": {
                  "uv": [
                    78,
                    36
                  ],
                  "uv_size": [
                    4,
                    12
                  ]
                }
              }
            }
          ],
          "name": "rightLeg",
          "parent": "bone",
          "pivot": [
            -9.1,
            12,
            0
          ]
        }
      ],
      "description": {
        "identifier": "geometry.ng.npc.murder_mystery",
        "texture_height": 128,
        "texture_width": 128,
        "visible_bounds_height": 3.5,
        "visible_bounds_offset": [
          0,
          1.25,
          0
        ],
        "visible_bounds_width": 4
      }
    }
  ]
}