{
  "format_version": "1.12.0",
  "minecraft:geometry": [
    {
      "bones": [
        {
          "name": "root",
          "pivot": [
            0,
            0,
            0
          ],
          "rotation": [
            0,
            180,
            0
          ]
        },
        {
          "cubes": [
            {
              "origin": [
                -4,
                12,
                -2
              ],
              "size": [
                8,
                12,
                4
              ],
              "uv": [
                40,
                16
              ]
            },
            {
              "origin": [
                3.5,
                13,
                -2.5
              ],
              "size": [
                1,
                1.01,
                5
              ],
              "uv": [
                24,
                32
              ]
            },
            {
              "origin": [
                -4.5,
                13,
                -2.5
              ],
              "size": [
                1,
                1.01,
                5
              ],
              "uv": [
                0,
                7
              ]
            },
            {
              "origin": [
                -4,
                13,
                1.5
              ],
              "size": [
                8,
                1,
                1.01
              ],
              "uv": [
                60,
                18
              ]
            },
            {
              "origin": [
                -4,
                13,
                -2.51
              ],
              "size": [
                8,
                1,
                1.05
              ],
              "uv": [
                60,
                16
              ]
            }
          ],
          "name": "body",
          "parent": "root",
          "pivot": [
            0,
            24,
            0
          ],
          "rotation": [
            -0.00238,
            -0.10901,
            0.00238
          ]
        },
        {
          "cubes": [
            {
              "origin": [
                -1.5,
                12,
                2
              ],
              "size": [
                3,
                3,
                1
              ],
              "uv": [
                40,
                45
              ]
            }
          ],
          "name": "bone5",
          "parent": "body",
          "pivot": [
            0,
            13.5,
            2.5
          ],
          "rotation": [
            0,
            0,
            42.5
          ]
        },
        {
          "cubes": [
            {
              "origin": [
                -4.5,
                8,
                -2
              ],
              "size": [
                9,
                12,
                0
              ],
              "uv": [
                60,
                32
              ]
            },
            {
              "origin": [
                -4.5,
                20,
                -2
              ],
              "size": [
                9,
                4,
                0
              ],
              "uv": [
                42,
                0
              ]
            },
            {
              "origin": [
                -4.5,
                5,
                -2
              ],
              "size": [
                1,
                3,
                0
              ],
              "uv": [
                12,
                6
              ]
            },
            {
              "origin": [
                -3.5,
                7,
                -2
              ],
              "size": [
                1,
                1,
                0
              ],
              "uv": [
                12,
                10
              ]
            },
            {
              "origin": [
                -2.5,
                6,
                -2
              ],
              "size": [
                1,
                2,
                0
              ],
              "uv": [
                0,
                22
              ]
            },
            {
              "origin": [
                -1.5,
                7,
                -2
              ],
              "size": [
                1,
                1,
                0
              ],
              "uv": [
                12,
                0
              ]
            },
            {
              "origin": [
                -0.5,
                5,
                -2
              ],
              "size": [
                1,
                3,
                0
              ],
              "uv": [
                12,
                3
              ]
            },
            {
              "origin": [
                3.5,
                5,
                -2
              ],
              "size": [
                1,
                3,
                0
              ],
              "uv": [
                0,
                0
              ]
            },
            {
              "origin": [
                2.5,
                6,
                -2
              ],
              "size": [
                1,
                2,
                0
              ],
              "uv": [
                12,
                12
              ]
            },
            {
              "origin": [
                1.5,
                7,
                -2
              ],
              "size": [
                1,
                1,
                0
              ],
              "uv": [
                3,
                7
              ]
            },
            {
              "origin": [
                0.5,
                6,
                -2
              ],
              "size": [
                1,
                2,
                0
              ],
              "uv": [
                7,
                7
              ]
            }
          ],
          "name": "body2",
          "parent": "body",
          "pivot": [
            0,
            24,
            -3
          ],
          "rotation": [
            -5.00238,
            -0.10901,
            0.00238
          ]
        },
        {
          "cubes": [
            {
              "origin": [
                -4,
                24,
                -4
              ],
              "size": [
                8,
                8,
                8
              ],
              "uv": [
                0,
                32
              ]
            },
            {
              "origin": [
                -1,
                23,
                4
              ],
              "size": [
                2,
                4,
                2
              ],
              "uv": [
                30,
                20
              ]
            }
          ],
          "name": "head",
          "parent": "root",
          "pivot": [
            0,
            24,
            0
          ]
        },
        {
          "cubes": [
            {
              "origin": [
                -8.5,
                28.5,
                -7
              ],
              "size": [
                14,
                2,
                14
              ],
              "uv": [
                0,
                0
              ]
            }
          ],
          "name": "hat",
          "parent": "head",
          "pivot": [
            -1,
            22.5,
            0
          ],
          "rotation": [
            0,
            0,
            12.5
          ]
        },
        {
          "cubes": [
            {
              "origin": [
                -4.5,
                40.10047,
                -3
              ],
              "size": [
                2,
                2,
                2
              ],
              "uv": [
                44,
                10
              ]
            }
          ],
          "name": "bone2",
          "parent": "hat",
          "pivot": [
            -4.68954,
            40.60047,
            -1
          ],
          "rotation": [
            25.65857,
            4.56645,
            -31.17038
          ]
        },
        {
          "cubes": [
            {
              "origin": [
                -5.5,
                32,
                -4.5
              ],
              "size": [
                7,
                6,
                7
              ],
              "uv": [
                32,
                32
              ]
            }
          ],
          "name": "bone",
          "parent": "hat",
          "pivot": [
            -3,
            38,
            0
          ],
          "rotation": [
            23.86436,
            0.9595,
            -15.61643
          ]
        },
        {
          "cubes": [
            {
              "origin": [
                -6.5,
                29,
                -5
              ],
              "size": [
                10,
                6,
                10
              ],
              "uv": [
                0,
                16
              ]
            },
            {
              "origin": [
                -3.5,
                29,
                4.5
              ],
              "size": [
                4,
                5,
                1.5
              ],
              "uv": [
                0,
                16
              ]
            }
          ],
          "name": "bone3",
          "parent": "hat",
          "pivot": [
            -4,
            33.5,
            2
          ]
        },
        {
          "cubes": [
            {
              "origin": [
                -5.5,
                36.10047,
                -4
              ],
              "size": [
                4,
                4,
                4
              ],
              "uv": [
                60,
                44
              ]
            }
          ],
          "name": "bone4",
          "parent": "hat",
          "pivot": [
            -5,
            40.10047,
            -1
          ],
          "rotation": [
            21.99053,
            6.98492,
            -24.96791
          ]
        },
        {
          "cubes": [
            {
              "origin": [
                4,
                12,
                -2
              ],
              "size": [
                4,
                12,
                4
              ],
              "uv": [
                56,
                0
              ]
            },
            {
              "origin": [
                3.5,
                21,
                -2.5
              ],
              "size": [
                5,
                4,
                5
              ],
              "uv": [
                11,
                59
              ]
            }
          ],
          "name": "leftArm",
          "parent": "root",
          "pivot": [
            5,
            22,
            0
          ],
          "rotation": [
            -19.99527,
            0.21782,
            -10.0095
          ]
        },
        {
          "cubes": [
            {
              "origin": [
                -8,
                12,
                -2
              ],
              "size": [
                4,
                12,
                4
              ],
              "uv": [
                0,
                48
              ]
            },
            {
              "origin": [
                -8.5,
                21,
                -2.5
              ],
              "size": [
                5,
                4,
                5
              ],
              "uv": [
                55,
                56
              ]
            }
          ],
          "name": "rightArm",
          "parent": "root",
          "pivot": [
            -5,
            22,
            0
          ],
          "rotation": [
            4.11351,
            -5.21765,
            7.3178
          ]
        },
        {
          "cubes": [
            {
              "origin": [
                -0.1,
                0,
                -2
              ],
              "size": [
                4,
                12,
                4
              ],
              "uv": [
                44,
                45
              ]
            }
          ],
          "name": "leftLeg",
          "parent": "root",
          "pivot": [
            1.9,
            12,
            0
          ],
          "rotation": [
            0,
            0,
            -2.5
          ]
        },
        {
          "cubes": [
            {
              "origin": [
                -3.9,
                0,
                -2
              ],
              "size": [
                4,
                12,
                4
              ],
              "uv": [
                28,
                45
              ]
            }
          ],
          "name": "rightLeg",
          "parent": "root",
          "pivot": [
            -1.9,
            12,
            0
          ],
          "rotation": [
            0,
            0,
            2.5
          ]
        },
        {
          "name": "staff",
          "parent": "root",
          "pivot": [
            0,
            0,
            0
          ]
        },
        {
          "cubes": [
            {
              "origin": [
                -8,
                12,
                2
              ],
              "size": [
                1,
                6,
                1
              ],
              "uv": [
                16,
                48
              ]
            },
            {
              "origin": [
                -8,
                8,
                1
              ],
              "size": [
                1,
                4,
                1
              ],
              "uv": [
                0,
                7
              ]
            },
            {
              "origin": [
                -8,
                7,
                1
              ],
              "size": [
                1,
                1,
                2
              ],
              "uv": [
                7,
                7
              ]
            },
            {
              "origin": [
                -8,
                0,
                2
              ],
              "size": [
                1,
                7,
                1
              ],
              "uv": [
                42,
                4
              ]
            },
            {
              "origin": [
                -8,
                12,
                1
              ],
              "size": [
                1,
                1,
                2
              ],
              "uv": [
                46,
                6
              ]
            }
          ],
          "name": "stick",
          "parent": "staff",
          "pivot": [
            -7.5,
            9,
            2.5
          ],
          "rotation": [
            -7.5,
            0,
            0
          ]
        },
        {
          "cubes": [
            {
              "origin": [
                -9,
                18,
                0
              ],
              "size": [
                3,
                1,
                3
              ],
              "uv": [
                30,
                16
              ]
            },
            {
              "origin": [
                -7,
                19,
                3
              ],
              "size": [
                1,
                1,
                1
              ],
              "uv": [
                24,
                48
              ]
            },
            {
              "origin": [
                -7,
                19,
                -1
              ],
              "size": [
                1,
                2,
                1
              ],
              "uv": [
                9,
                0
              ]
            },
            {
              "origin": [
                -9,
                19,
                3
              ],
              "size": [
                1,
                1,
                1
              ],
              "uv": [
                12,
                48
              ]
            },
            {
              "origin": [
                -9,
                19,
                -1
              ],
              "size": [
                1,
                2,
                1
              ],
              "uv": [
                24,
                32
              ]
            },
            {
              "origin": [
                -10,
                20,
                -1
              ],
              "size": [
                1,
                1,
                1
              ],
              "uv": [
                36,
                20
              ]
            },
            {
              "origin": [
                -6,
                20,
                -1
              ],
              "size": [
                1,
                1,
                1
              ],
              "uv": [
                24,
                35
              ]
            },
            {
              "origin": [
                -8,
                19,
                3
              ],
              "size": [
                1,
                2,
                1
              ],
              "uv": [
                39,
                16
              ]
            },
            {
              "origin": [
                -7,
                20,
                3
              ],
              "size": [
                2,
                1,
                1
              ],
              "uv": [
                50,
                10
              ]
            },
            {
              "origin": [
                -10,
                20,
                3
              ],
              "size": [
                2,
                1,
                1
              ],
              "uv": [
                7,
                10
              ]
            },
            {
              "origin": [
                -8,
                19,
                -1
              ],
              "size": [
                1,
                2,
                1
              ],
              "uv": [
                5,
                22
              ]
            },
            {
              "origin": [
                -7,
                21,
                1
              ],
              "size": [
                1,
                1,
                2
              ],
              "uv": [
                53,
                32
              ]
            },
            {
              "origin": [
                -6,
                19,
                0
              ],
              "size": [
                1,
                1,
                3
              ],
              "uv": [
                0,
                36
              ]
            },
            {
              "origin": [
                -10,
                19,
                0
              ],
              "size": [
                1,
                1,
                3
              ],
              "uv": [
                31,
                32
              ]
            },
            {
              "origin": [
                -9,
                19,
                0
              ],
              "size": [
                3,
                4,
                3
              ],
              "uv": [
                0,
                0
              ]
            },
            {
              "origin": [
                -8,
                20,
                1
              ],
              "size": [
                1,
                4,
                1
              ],
              "uv": [
                0,
                0
              ]
            },
            {
              "origin": [
                -8,
                21,
                0
              ],
              "size": [
                2,
                1,
                1
              ],
              "uv": [
                53,
                35
              ]
            },
            {
              "origin": [
                -6,
                20,
                1
              ],
              "size": [
                1,
                1,
                2
              ],
              "uv": [
                20,
                48
              ]
            },
            {
              "origin": [
                -6,
                20,
                0
              ],
              "size": [
                1,
                1,
                1
              ],
              "uv": [
                35,
                37
              ]
            },
            {
              "origin": [
                -10,
                20,
                2
              ],
              "size": [
                1,
                1,
                1
              ],
              "uv": [
                0,
                48
              ]
            },
            {
              "origin": [
                -10,
                20,
                0
              ],
              "size": [
                1,
                1,
                2
              ],
              "uv": [
                20,
                51
              ]
            },
            {
              "origin": [
                -9,
                21,
                2
              ],
              "size": [
                2,
                1,
                1
              ],
              "uv": [
                53,
                37
              ]
            },
            {
              "origin": [
                -9,
                21,
                3
              ],
              "size": [
                3,
                1,
                1
              ],
              "uv": [
                46,
                4
              ]
            },
            {
              "origin": [
                -9,
                21,
                -1
              ],
              "size": [
                3,
                1,
                1
              ],
              "uv": [
                24,
                38
              ]
            },
            {
              "origin": [
                -10,
                21,
                0
              ],
              "size": [
                1,
                1,
                3
              ],
              "uv": [
                0,
                32
              ]
            },
            {
              "origin": [
                -6,
                21,
                0
              ],
              "size": [
                1,
                1,
                3
              ],
              "uv": [
                0,
                22
              ]
            },
            {
              "origin": [
                -9,
                21,
                0
              ],
              "size": [
                1,
                1,
                2
              ],
              "uv": [
                50,
                7
              ]
            }
          ],
          "name": "ball",
          "parent": "staff",
          "pivot": [
            0,
            0,
            -2
          ],
          "rotation": [
            -7.5,
            0,
            0
          ]
        }
      ],
      "description": {
        "identifier": "geometry.ng.shopkeeper.witch",
        "texture_height": 128,
        "texture_width": 128,
        "visible_bounds_height": 5,
        "visible_bounds_offset": [
          0,
          1.5,
          0
        ],
        "visible_bounds_width": 4
      }
    }
  ]
}