{
  "format_version": "1.8.0",
  "minecraft:client_entity": {
    "description": {
      "geometry": {
        "default": "geometry.cubecraft.luckyislands.luckyblock"
      },
      "identifier": "cubecraft:luckyislands_luckyblock",
      "materials": {
        "default": "entity_alphatest"
      },
      "render_controllers": [
        "controller.render.lucky_block"
      ],
      "textures": {
        "blocks": "textures/entity/luckyislands/blocks_luckyblock",
        "default": "textures/entity/luckyislands/luckyblock",
        "diamond": "textures/entity/luckyislands/diamond_luckyblock",
        "food": "textures/entity/luckyislands/food_luckyblock",
        "special": "textures/entity/luckyislands/special_luckyblock"
      }
    }
  }
}