{
  "format_version": "1.8.0",
  "minecraft:client_entity": {
    "description": {
      "animation_controllers": [
        {
          "general": "controller.animation.generic.single"
        }
      ],
      "animations": {
        "default": "animation.golden_carrot.hop"
      },
      "geometry": {
        "default": "geometry.cubecraft.golden_carrot"
      },
      "identifier": "cubecraft:golden_carrot",
      "materials": {
        "default": "entity_alphatest"
      },
      "render_controllers": [
        "controller.render.agent"
      ],
      "textures": {
        "default": "textures/entity/luckyislands/golden_carrot"
      }
    }
  }
}