{
  "format_version": "1.8.0",
  "minecraft:client_entity": {
    "description": {
      "animation_controllers": [
        {
          "general": "controller.animation.luckyislands.skeletonknight"
        }
      ],
      "animations": {
        "attack": "animation.cubecraft.skeletonknight.attack",
        "idle": "animation.cubecraft.skeletonknight.idle",
        "walk": "animation.cubecraft.skeletonknight.walk"
      },
      "geometry": {
        "default": "geometry.cubecraft.luckyislands.skeletonknight"
      },
      "identifier": "cubecraft:luckyislands.skeletonknight",
      "materials": {
        "default": "entity_alphatest"
      },
      "render_controllers": [
        "controller.render.unlit"
      ],
      "scripts": {
        "scale": "1"
      },
      "textures": {
        "default": "textures/entities/luckyislands/skeletonknight"
      }
    }
  }
}