{
    "resource_pack_name": "vanilla",
    "texture_name": "atlas.items",
    "texture_data": {
		"christmas_biscuit": {
			"textures" : "textures/items/christmas_biscuit"
		},
		"christmas_candycane_blue": {
			"textures" : "textures/items/christmas_candycane_blue"
		},
		"christmas_candycane_green": {
			"textures" : "textures/items/christmas_candycane_green"
		},
		"christmas_candycane_red": {
			"textures" : "textures/items/christmas_candycane_red"
		},
		"christmas_easteregg_green": {
			"textures" : "textures/items/christmas_easteregg_green"
		},
		"christmas_easteregg_lime": {
			"textures" : "textures/items/christmas_easteregg_lime"
		},
		"christmas_easteregg_purple": {
			"textures" : "textures/items/christmas_easteregg_purple"
		},
		"christmas_easteregg_red": {
			"textures" : "textures/items/christmas_easteregg_red"
		},
		"christmas_gift_blue": {
			"textures" : "textures/items/christmas_gift_blue"
		},
		"christmas_gift_green": {
			"textures" : "textures/items/christmas_gift_green"
		},
		"christmas_gift_red": {
			"textures" : "textures/items/christmas_gift_red"
		},
		"christmas_milk": {
			"textures" : "textures/items/christmas_milk"
		},
		"christmas_santaclaus_boots": {
			"textures" : "textures/items/christmas_santaclaus_boots"
		},
		"christmas_santaclaus_chestplate": {
			"textures" : "textures/items/christmas_santaclaus_chestplate"
		},
		"christmas_santaclaus_helmet": {
			"textures" : "textures/items/christmas_santaclaus_helmet"
		},
		"christmas_santaclaus_leggings": {
			"textures" : "textures/items/christmas_santaclaus_leggings"
		},
		"christmas_santaclaus_leggings": {
			"textures" : "textures/items/christmas_santaclaus_leggings"
		},
		"christmas_snowflake": {
			"textures" : "textures/items/christmas_snowflake"
		},
		"christmas_snowglobe": {
			"textures" : "textures/items/christmas_snowglobe"
		},
		"christmas_star": {
			"textures" : "textures/items/christmas_star"
		},
		"christmas_stocking": {
			"textures" : "textures/items/christmas_stocking"
		},
		"frost_knight_boots": {
			"textures" : "textures/items/frost_knight_boots"
		},
		"frost_knight_leggings": {
			"textures" : "textures/items/frost_knight_legging"
		},
		"frost_knight_chestplate": {
			"textures" : "textures/items/frost_knight_chestplate"
		},
		"frost_knight_helmet": {
			"textures" : "textures/items/frost_knight_helmet"
		},
		"frost_knight_axe": {
			"textures" : "textures/items/frost_knight_axe"
		}
    }
}