{
	"format_version": "1.16.0",
	"minecraft:geometry": [
		{
			"description": {
				"identifier": "geometry.lotus_staff",
				"texture_width": 32,
				"texture_height": 32,
				"visible_bounds_width": 2,
				"visible_bounds_height": 3.5,
				"visible_bounds_offset": [0, 1.25, 0]
			},
			"bones": [
				{
					"name": "bb_main",
					"pivot": [0, 0, 0],
					"cubes": [
						{
							"origin": [-1, 2, -1],
							"size": [2, 22, 2],
							"uv": {
								"north": {"uv": [0, 0], "uv_size": [2, 22]},
								"east": {"uv": [4, 0], "uv_size": [-2, 22]},
								"south": {"uv": [4, 0], "uv_size": [2, 22]},
								"west": {"uv": [8, 0], "uv_size": [-2, 22]},
								"up": {"uv": [16, 0], "uv_size": [2, 2]},
								"down": {"uv": [16, 4], "uv_size": [2, -2]}
							}
						},
						{
							"origin": [-1, 24, -1],
							"size": [2, 2, 2],
							"uv": {
								"north": {"uv": [16, 4], "uv_size": [2, 2]},
								"east": {"uv": [16, 6], "uv_size": [2, 2]},
								"south": {"uv": [8, 16], "uv_size": [2, 2]},
								"west": {"uv": [16, 8], "uv_size": [2, 2]},
								"up": {"uv": [10, 16], "uv_size": [2, 2]},
								"down": {"uv": [16, 12], "uv_size": [2, -2]}
							}
						},
						{
							"origin": [-1, 19, 1],
							"size": [2, 2, 2],
							"uv": {
								"north": {"uv": [20, 20], "uv_size": [2, 2]},
								"east": {"uv": [0, 22], "uv_size": [2, 2]},
								"south": {"uv": [22, 0], "uv_size": [2, 2]},
								"west": {"uv": [2, 22], "uv_size": [2, 2]},
								"up": {"uv": [22, 2], "uv_size": [2, 2]},
								"down": {"uv": [4, 24], "uv_size": [2, -2]}
							}
						},
						{
							"origin": [-1, 20, 2],
							"size": [2, 2, 2],
							"uv": {
								"north": {"uv": [22, 4], "uv_size": [2, 2]},
								"east": {"uv": [6, 22], "uv_size": [2, 2]},
								"south": {"uv": [22, 6], "uv_size": [2, 2]},
								"west": {"uv": [8, 22], "uv_size": [2, 2]},
								"up": {"uv": [22, 8], "uv_size": [2, 2]},
								"down": {"uv": [10, 24], "uv_size": [2, -2]}
							}
						},
						{
							"origin": [-1, 20, -4],
							"size": [2, 2, 2],
							"uv": {
								"north": {"uv": [22, 16], "uv_size": [2, 2]},
								"east": {"uv": [18, 22], "uv_size": [2, 2]},
								"south": {"uv": [22, 18], "uv_size": [2, 2]},
								"west": {"uv": [20, 22], "uv_size": [2, 2]},
								"up": {"uv": [22, 20], "uv_size": [2, 2]},
								"down": {"uv": [22, 24], "uv_size": [2, -2]}
							}
						},
						{
							"origin": [-1, 29, -1],
							"size": [2, 2, 2],
							"uv": {
								"north": {"uv": [0, 24], "uv_size": [2, 2]},
								"east": {"uv": [24, 0], "uv_size": [2, 2]},
								"south": {"uv": [2, 24], "uv_size": [2, 2]},
								"west": {"uv": [24, 2], "uv_size": [2, 2]},
								"up": {"uv": [4, 24], "uv_size": [2, 2]},
								"down": {"uv": [24, 6], "uv_size": [2, -2]}
							}
						},
						{
							"origin": [-1, 28, -1],
							"size": [2, 2, 2],
							"uv": {
								"north": {"uv": [0, 24], "uv_size": [2, 2]},
								"east": {"uv": [24, 0], "uv_size": [2, 2]},
								"south": {"uv": [2, 24], "uv_size": [2, 2]},
								"west": {"uv": [24, 2], "uv_size": [2, 2]},
								"up": {"uv": [4, 24], "uv_size": [2, 2]},
								"down": {"uv": [24, 6], "uv_size": [2, -2]}
							}
						},
						{
							"origin": [1, 29, -1],
							"size": [1, 2, 2],
							"uv": {
								"north": {"uv": [26, 9], "uv_size": [1, 2]},
								"east": {"uv": [6, 24], "uv_size": [2, 2]},
								"south": {"uv": [10, 26], "uv_size": [1, 2]},
								"west": {"uv": [24, 6], "uv_size": [2, 2]},
								"up": {"uv": [11, 26], "uv_size": [1, 2]},
								"down": {"uv": [26, 13], "uv_size": [1, -2]}
							}
						},
						{
							"origin": [-1, 29, -2],
							"size": [2, 2, 1],
							"uv": {
								"north": {"uv": [10, 24], "uv_size": [2, 2]},
								"east": {"uv": [15, 26], "uv_size": [1, 2]},
								"south": {"uv": [24, 10], "uv_size": [2, 2]},
								"west": {"uv": [26, 15], "uv_size": [1, 2]},
								"up": {"uv": [16, 26], "uv_size": [2, 1]},
								"down": {"uv": [26, 18], "uv_size": [2, -1]}
							}
						},
						{
							"origin": [-1, 29, 1],
							"size": [2, 2, 1],
							"uv": {
								"north": {"uv": [12, 24], "uv_size": [2, 2]},
								"east": {"uv": [18, 26], "uv_size": [1, 2]},
								"south": {"uv": [24, 12], "uv_size": [2, 2]},
								"west": {"uv": [26, 18], "uv_size": [1, 2]},
								"up": {"uv": [19, 26], "uv_size": [2, 1]},
								"down": {"uv": [26, 21], "uv_size": [2, -1]}
							}
						},
						{
							"origin": [-2, 29, -1],
							"size": [1, 2, 2],
							"uv": {
								"north": {"uv": [12, 26], "uv_size": [1, 2]},
								"east": {"uv": [8, 24], "uv_size": [2, 2]},
								"south": {"uv": [13, 26], "uv_size": [1, 2]},
								"west": {"uv": [24, 8], "uv_size": [2, 2]},
								"up": {"uv": [26, 13], "uv_size": [1, 2]},
								"down": {"uv": [14, 28], "uv_size": [1, -2]}
							}
						},
						{
							"origin": [-1, 19, -3],
							"size": [2, 2, 2],
							"uv": {
								"north": {"uv": [22, 10], "uv_size": [2, 2]},
								"east": {"uv": [12, 22], "uv_size": [2, 2]},
								"south": {"uv": [22, 12], "uv_size": [2, 2]},
								"west": {"uv": [14, 22], "uv_size": [2, 2]},
								"up": {"uv": [22, 14], "uv_size": [2, 2]},
								"down": {"uv": [16, 24], "uv_size": [2, -2]}
							}
						},
						{
							"origin": [-1, 0, -1],
							"size": [2, 2, 2],
							"uv": {
								"north": {"uv": [14, 24], "uv_size": [2, 2]},
								"east": {"uv": [24, 14], "uv_size": [2, 2]},
								"south": {"uv": [16, 24], "uv_size": [2, 2]},
								"west": {"uv": [24, 16], "uv_size": [2, 2]},
								"up": {"uv": [18, 24], "uv_size": [2, 2]},
								"down": {"uv": [24, 20], "uv_size": [2, -2]}
							}
						},
						{
							"origin": [-1, 25, -3],
							"size": [2, 2, 2],
							"uv": {
								"north": {"uv": [12, 16], "uv_size": [2, 2]},
								"east": {"uv": [16, 12], "uv_size": [2, 2]},
								"south": {"uv": [14, 16], "uv_size": [2, 2]},
								"west": {"uv": [16, 14], "uv_size": [2, 2]},
								"up": {"uv": [16, 16], "uv_size": [2, 2]},
								"down": {"uv": [18, 2], "uv_size": [2, -2]}
							}
						},
						{
							"origin": [-1, 26, -4],
							"size": [2, 2, 2],
							"uv": {
								"north": {"uv": [18, 10], "uv_size": [2, 2]},
								"east": {"uv": [12, 18], "uv_size": [2, 2]},
								"south": {"uv": [18, 12], "uv_size": [2, 2]},
								"west": {"uv": [14, 18], "uv_size": [2, 2]},
								"up": {"uv": [18, 14], "uv_size": [2, 2]},
								"down": {"uv": [16, 20], "uv_size": [2, -2]}
							}
						},
						{
							"origin": [-1, 33, -6],
							"size": [2, 1, 2],
							"uv": {
								"north": {"uv": [24, 24], "uv_size": [2, 1]},
								"east": {"uv": [24, 25], "uv_size": [2, 1]},
								"south": {"uv": [0, 26], "uv_size": [2, 1]},
								"west": {"uv": [26, 0], "uv_size": [2, 1]},
								"up": {"uv": [12, 20], "uv_size": [2, 2]},
								"down": {"uv": [20, 14], "uv_size": [2, -2]}
							}
						},
						{
							"origin": [-1, 34, -7],
							"size": [2, 1, 2],
							"uv": {
								"north": {"uv": [4, 26], "uv_size": [2, 1]},
								"east": {"uv": [26, 4], "uv_size": [2, 1]},
								"south": {"uv": [26, 5], "uv_size": [2, 1]},
								"west": {"uv": [6, 26], "uv_size": [2, 1]},
								"up": {"uv": [16, 20], "uv_size": [2, 2]},
								"down": {"uv": [20, 18], "uv_size": [2, -2]}
							}
						},
						{
							"origin": [-1, 33, 4],
							"size": [2, 1, 2],
							"uv": {
								"north": {"uv": [26, 1], "uv_size": [2, 1]},
								"east": {"uv": [2, 26], "uv_size": [2, 1]},
								"south": {"uv": [26, 2], "uv_size": [2, 1]},
								"west": {"uv": [26, 3], "uv_size": [2, 1]},
								"up": {"uv": [14, 20], "uv_size": [2, 2]},
								"down": {"uv": [20, 16], "uv_size": [2, -2]}
							}
						},
						{
							"origin": [-1, 34, 5],
							"size": [2, 1, 2],
							"uv": {
								"north": {"uv": [26, 6], "uv_size": [2, 1]},
								"east": {"uv": [26, 7], "uv_size": [2, 1]},
								"south": {"uv": [8, 26], "uv_size": [2, 1]},
								"west": {"uv": [26, 8], "uv_size": [2, 1]},
								"up": {"uv": [18, 20], "uv_size": [2, 2]},
								"down": {"uv": [20, 20], "uv_size": [2, -2]}
							}
						},
						{
							"origin": [-1, 27, -5],
							"size": [2, 6, 2],
							"uv": {
								"north": {"uv": [8, 0], "uv_size": [2, 8]},
								"east": {"uv": [8, 8], "uv_size": [2, 8]},
								"south": {"uv": [10, 0], "uv_size": [2, 8]},
								"west": {"uv": [10, 8], "uv_size": [2, 8]},
								"up": {"uv": [8, 20], "uv_size": [2, 2]},
								"down": {"uv": [20, 10], "uv_size": [2, -2]}
							}
						},
						{
							"origin": [-1, 27, 3],
							"size": [2, 6, 2],
							"uv": {
								"north": {"uv": [12, 0], "uv_size": [2, 8]},
								"east": {"uv": [12, 8], "uv_size": [2, 8]},
								"south": {"uv": [14, 0], "uv_size": [2, 8]},
								"west": {"uv": [14, 8], "uv_size": [2, 8]},
								"up": {"uv": [10, 20], "uv_size": [2, 2]},
								"down": {"uv": [20, 12], "uv_size": [2, -2]}
							}
						},
						{
							"origin": [-1, 25, 1],
							"size": [2, 2, 2],
							"uv": {
								"north": {"uv": [18, 2], "uv_size": [2, 2]},
								"east": {"uv": [18, 4], "uv_size": [2, 2]},
								"south": {"uv": [18, 6], "uv_size": [2, 2]},
								"west": {"uv": [8, 18], "uv_size": [2, 2]},
								"up": {"uv": [18, 8], "uv_size": [2, 2]},
								"down": {"uv": [10, 20], "uv_size": [2, -2]}
							}
						},
						{
							"origin": [-1, 26, 2],
							"size": [2, 2, 2],
							"uv": {
								"north": {"uv": [18, 16], "uv_size": [2, 2]},
								"east": {"uv": [18, 18], "uv_size": [2, 2]},
								"south": {"uv": [20, 0], "uv_size": [2, 2]},
								"west": {"uv": [20, 2], "uv_size": [2, 2]},
								"up": {"uv": [20, 4], "uv_size": [2, 2]},
								"down": {"uv": [20, 8], "uv_size": [2, -2]}
							}
						}
					]
				}
			]
		}
	]
}