{"format_version":"1.8.0","animations":{"animation.antiaircraftturret.new":{"loop":true,"animation_length":12,"bones":{"tourelle2":{"position":{"0.0":[0,0,0],"0.5417":{"pre":[0,-6,0],"post":[0,-6,0],"lerp_mode":"catmullrom"},"7.9167":{"post":[0,-6,0],"lerp_mode":"catmullrom"},"8.875":{"post":[0,0,0],"lerp_mode":"catmullrom"},"10.0":[0,0,0]}},"rotation":{"rotation":{"0.0":[0,0,0],"0.5417":{"pre":[0,10,0],"post":[0,10,0],"lerp_mode":"catmullrom"},"2.7083":{"post":[0,-143.79,0],"lerp_mode":"catmullrom"},"5.25":{"post":[0,69.79,0],"lerp_mode":"catmullrom"},"7.9167":[0,360,0]}},"arme":{"rotation":{"0.5417":{"pre":[27.5,0,0],"post":[27.5,0,0],"lerp_mode":"catmullrom"},"2.75":{"post":[42.5,0,0],"lerp_mode":"catmullrom"},"5.75":{"post":[30,0,0],"lerp_mode":"catmullrom"},"7.9167":{"post":[35,0,0],"lerp_mode":"catmullrom"},"8.1667":{"post":[62.5,0,0],"lerp_mode":"catmullrom"},"8.875":[35,0,0],"10.0":[27.5,0,0]},"position":{"0.5417":{"pre":[0,0,0],"post":[0,0,0],"lerp_mode":"catmullrom"},"7.9167":{"post":[0,0,0],"lerp_mode":"catmullrom"},"8.1667":{"post":[0,-5,0],"lerp_mode":"catmullrom"},"8.875":{"post":[0,0,0],"lerp_mode":"catmullrom"},"10.0":[0,0,0]}}}}}}