{"format_version":"1.8.0","animations":{"animation.earth.rotate":{"loop":true,"animation_length":24,"bones":{"head":{"rotation":{"0.0":[0,0,0],"23.9583":[0,360,0]},"position":{"0.0":[0,0,0],"4.0":{"pre":[0,1,0],"post":[0,1,0],"lerp_mode":"catmullrom"},"8.0":{"post":[0,0,0],"lerp_mode":"catmullrom"},"12.0":{"post":[0,1,0],"lerp_mode":"catmullrom"},"15.9167":{"post":[0,0,0],"lerp_mode":"catmullrom"},"19.9167":{"post":[0,1,0],"lerp_mode":"catmullrom"},"23.9167":[0,0,0]}},"bone":{"rotation":{"0.0":[0,0,0],"6.4167":{"pre":[0,0,2.5],"post":[0,0,2.5],"lerp_mode":"catmullrom"},"14.2917":{"post":[0,0,-2.5],"lerp_mode":"catmullrom"},"24.0":[0,0,0]}},"cloud_ocean":{"position":{"0.0":[0,0,0],"4.0833":{"pre":[0,2,2],"post":[0,2,2],"lerp_mode":"catmullrom"},"7.9167":{"post":[0,0,0],"lerp_mode":"catmullrom"},"12.0":{"post":[0,2,2],"lerp_mode":"catmullrom"},"16.0":{"post":[0,0,0],"lerp_mode":"catmullrom"},"20.0833":{"post":[0,2,2],"lerp_mode":"catmullrom"},"23.7917":[0,0,0]}},"cloud_oceanie":{"position":{"0.0":[0,0,0],"4.0833":[0,2,2],"7.9167":[0,0,0],"12.0":[0,2,2],"16.0":[0,0,0],"20.0833":[0,2,2],"23.7917":[0,0,0]}},"cloud_europe":{"position":{"0.0":[0,0,0],"4.0833":[0,2,2],"7.9167":[0,0,0],"12.0":[0,2,2],"16.0":[0,0,0],"20.0833":[0,2,2],"23.7917":[0,0,0]}}}}}}