{"format_version":"1.8.0","animations":{"animation.leaderboard.new":{"loop":true,"animation_length":8.04167,"bones":{"bone8":{"rotation":{"0.0":[0,0,0],"1.9583":{"pre":[-7.5,0,0],"post":[-7.5,0,0],"lerp_mode":"catmullrom"},"3.5833":{"post":[0,0,0],"lerp_mode":"catmullrom"},"4.875":{"post":[-7.5,0,0],"lerp_mode":"catmullrom"},"8.0417":{"post":[0,0,0],"lerp_mode":"catmullrom"}}},"bone3":{"rotation":{"1.2083":[0,0,0],"2.0417":{"pre":[-7.5,0,0],"post":[-7.5,0,0],"lerp_mode":"catmullrom"},"4.8333":{"post":[0,0,0],"lerp_mode":"catmullrom"},"6.125":{"post":[-7.5,0,0],"lerp_mode":"catmullrom"},"8.0417":{"post":[0,0,0],"lerp_mode":"catmullrom"}}},"bone4":{"rotation":{"0.0":[0,0,0],"1.5833":{"pre":[-7.5,0,0],"post":[-7.5,0,0],"lerp_mode":"catmullrom"},"3.3333":{"post":[0,0,0],"lerp_mode":"catmullrom"},"4.625":{"post":[-7.5,0,0],"lerp_mode":"catmullrom"},"8.0417":{"post":[0,0,0],"lerp_mode":"catmullrom"}}},"bone5":{"rotation":{"0.7917":[0,0,0],"1.625":{"pre":[-7.5,0,0],"post":[-7.5,0,0],"lerp_mode":"catmullrom"},"5.8333":{"post":[0,0,0],"lerp_mode":"catmullrom"},"7.125":{"post":[-7.5,0,0],"lerp_mode":"catmullrom"},"8.0417":{"post":[0,0,0],"lerp_mode":"catmullrom"}}},"bone6":{"rotation":{"1.2083":[0,0,0],"2.0417":{"pre":[-7.5,0,0],"post":[-7.5,0,0],"lerp_mode":"catmullrom"},"5.1667":{"post":[0,0,0],"lerp_mode":"catmullrom"},"6.4583":{"post":[-7.5,0,0],"lerp_mode":"catmullrom"},"8.0417":{"post":[0,0,0],"lerp_mode":"catmullrom"}}},"bone7":{"rotation":{"0.0":[0,0,0],"1.7917":{"pre":[-7.5,0,0],"post":[-7.5,0,0],"lerp_mode":"catmullrom"},"4.5417":{"post":[0,0,0],"lerp_mode":"catmullrom"},"5.8333":{"post":[-7.5,0,0],"lerp_mode":"catmullrom"},"8.0417":{"post":[0,0,0],"lerp_mode":"catmullrom"}}}}}}}