{"format_version":"1.8.0","animations":{"animation.lotostand.default":{"loop":true,"animation_length":9,"bones":{"bone16":{"rotation":{"0.0":{"post":[-10,-30,35],"lerp_mode":"catmullrom"},"1.9167":{"post":[-0.0163,-0.9985,17.49753],"lerp_mode":"catmullrom"},"3.9583":{"post":[10,30,35],"lerp_mode":"catmullrom"},"6.625":{"post":[3.2337,-2.8226,-2.11509],"lerp_mode":"catmullrom"},"9.0":{"post":[-10,-30,35],"lerp_mode":"catmullrom"}}},"bone13":{"rotation":{"0.0":{"post":[10,30,35],"lerp_mode":"catmullrom"},"1.9167":{"post":[0.01627,0.99848,17.49753],"lerp_mode":"catmullrom"},"3.9583":{"post":[-10,-30,35],"lerp_mode":"catmullrom"},"6.625":{"post":[-3.23374,2.8226,-2.11509],"lerp_mode":"catmullrom"},"9.0":{"post":[10,30,35],"lerp_mode":"catmullrom"}}}}}}}