{"format_version":"1.8.0","animations":{"evil_laugh":{"animation_length":4.85,"bones":{"player_root":{"rotation":{"0.0":[0,0,0],"2.0":[0,0,0],"2.25":[-5,0,0],"4.55":[-5,0,0],"4.85":[0,0,0]}},"waist":{"rotation":{"0.0":[0,0,0],"0.2":[22.5,0,0],"1.85":[22.5,0,0],"2.15":[0,0,0],"2.45":[-22.5,0,0],"4.55":[-22.5,0,0],"4.85":[0,0,0]},"position":[0,0,0]},"head":{"rotation":{"0.0":[0,0,0],"0.2":[0,0,0],"0.35":[7.5,0,0],"0.5":[0,0,0],"0.65":[7.5,0,0],"0.8":[0,0,0],"0.95":[7.5,0,0],"1.1":[0,0,0],"1.25":[7.5,0,0],"1.4":[0,0,0],"1.55":[7.5,0,0],"1.7":[0,0,0],"1.85":[7.5,0,0],"2.0":[0,0,0],"2.15":[7.5,0,0],"2.3":[0,0,0],"2.45":[7.5,0,0],"2.6":[0,0,0],"2.75":[7.5,0,0],"2.9":[0,0,0],"3.05":[7.5,0,0],"3.2":[0,0,0],"3.35":[7.5,0,0],"3.5":[0,0,0],"3.65":[7.5,0,0],"3.8":[0,0,0],"3.95":[7.5,0,0],"4.1":[0,0,0],"4.25":[7.5,0,0],"4.4":[0,0,0],"4.55":[7.5,0,0],"4.7":[0,0,0],"4.85":[7.5,0,0]},"position":{"0.0":[0,0,0],"0.2":[0,0,0]}},"right_arm":{"rotation":{"0.0":[0,0,0],"0.3":[-70.46674,-48.49893,45.57582],"2.0":[-70.46674,-48.49893,45.57582],"2.3":[-35.26439,30,45.26439],"4.55":[-35.26439,30,45.26439],"4.85":[0,0,0]},"position":{"0.0":[0,0,0],"4.85":[0,0,0]}},"right_forearm":{"rotation":{"0.0":[0,0,0],"0.3":[-45,0,0],"2.0":[-45,0,0],"2.3":[-48.28652,0,0],"4.55":[-48.28652,0,0],"4.85":[0,0,0]},"position":{"0.0":[0,0,0],"4.85":[0,0,0]}},"left_arm":{"rotation":{"0.0":[0,0,0],"0.3":[-70.46674,48.4989,-45.5758],"2.0":[-70.46674,48.4989,-45.5758],"2.3":[-35.26437,-30.00004,-45.26435],"4.55":[-35.26437,-30.00004,-45.26435],"4.85":[0,0,0]},"position":{"0.0":[0,0,0],"4.85":[0,0,0]}},"left_forearm":{"rotation":{"0.0":[0,0,0],"0.3":[-45,0,0],"2.0":[-45,0,0],"2.3":[-48.28652,0,0],"4.55":[-48.28652,0,0],"4.85":[0,0,0]},"position":{"0.0":[0,0,0],"4.85":[0,0,0]}},"right_leg":{"rotation":{"0.0":[0,0,0],"0.3":[-12.45392,1.08089,4.88206],"4.55":[-12.45392,1.08089,4.88206],"4.85":[0,0,0]},"position":[0,0,0]},"right_foreleg":{"rotation":{"0.0":[0,0,0],"0.3":[12.5,0,0],"4.55":[12.5,0,0],"4.85":[0,0,0]}},"left_leg":{"rotation":{"0.0":[0,0,0],"2.0":[0,0,0],"2.25":[9.96271,0.86717,-4.92442],"4.55":[9.96271,0.86717,-4.92442],"4.85":[0,0,0]},"position":[0,0,0]},"left_foreleg":{"rotation":{"0.0":[0,0,0],"2.0":[0,0,0],"2.25":[12.5,0,0],"4.55":[12.5,0,0],"4.85":[0,0,0]},"position":{"0.0":[0,0,0],"4.85":[0,0,0]}}}},"big_brain":{"animation_length":1.6,"bones":{"hip":{"rotation":{"0.0":[0,0,0],"0.25":[7.47869,0.32498,2.5355],"1.15":[7.47869,0.32498,2.5355],"1.4":[7.47869,0.32498,2.5355],"1.6":[0,0,0]},"position":{"0.0":[0,0,0],"1.6":[0,0,0]}},"head":{"rotation":{"0.0":[0,0,0],"0.25":[0,0,0],"0.45":[7.5,0,0],"0.65":[0,0,0],"1.4":[0,0,0],"1.6":[0,0,0]},"position":{"0.0":[0,0,0],"0.25":[0,0,0],"1.6":[0,0,0]}},"right_arm":{"rotation":{"0.0":[0,0,0],"0.25":[-104.96431,19.69054,15.76407],"1.4":[-104.96431,19.69054,15.76407],"1.6":[0,0,0]},"position":{"0.0":[0,0,0],"1.6":[0,0,0]}},"right_forearm":{"rotation":{"0.0":[0,0,0],"0.2":[-67.5,0,0],"0.4":[-65.85133,20.70481,9.00717],"0.6":[-67.5,0,0],"0.8":[-65.85133,20.70481,9.00717],"1.0":[-67.5,0,0],"1.2":[-65.85133,20.70481,9.00717],"1.4":[-67.5,0,0],"1.6":[0,0,0]},"position":{"0.0":[0,0,0],"1.6":[0,0,0]}},"left_arm":{"rotation":{"0.0":[0,0,0],"0.25":[-12.43532,-4.10724,-6.54474],"1.4":[-12.43532,-4.10724,-6.54474],"1.6":[0,0,0]},"position":{"0.0":[0,0,0],"1.6":[0,0,0]}}}},"air_punch":{"animation_length":2.2,"bones":{"player_root":{"rotation":{"0.0":[0,0,0],"0.4":[0,0,0],"2.2":[0,0,0]},"position":{"0.0":[0,0,0],"0.4":[0,0,0],"0.6":[0,8,0],"2.0":[0,8,0],"2.2":[0,0,0]}},"hip":{"rotation":{"0.0":[0,0,0],"0.2":[22.5,0,0],"0.4":[0,0,0],"2.2":[0,0,0]},"position":{"0.0":[0,0,0],"0.2":[0,-2,0],"0.4":[0,0,0],"2.2":[0,0,0]}},"right_arm":{"rotation":{"0.0":[0,0,0],"0.2":[-67.5,0,0],"0.4":[0,0,0],"0.6":[-157.70503,51.88568,-10.4862],"2.0":[-157.70503,51.88568,-10.4862],"2.2":[0,0,0]},"position":{"0.0":[0,0,0],"0.4":[0,0,0],"2.2":[0,0,0]}},"left_arm":{"rotation":{"0.0":[0,0,0],"0.4":[0,0,0],"0.6":[-20.94102,-8.42106,-20.94102],"2.0":[-20.94102,-8.42106,-20.94102],"2.2":[0,0,0]},"position":{"0.0":[0,0,0],"0.4":[0,0,0],"2.2":[0,0,0]}},"right_leg":{"rotation":{"0.0":[0,0,0],"0.2":[-45,0,0],"0.4":[0,0,0],"0.6":[22.19157,-3.81024,9.25249],"2.0":[22.19157,-3.81024,9.25249],"2.2":[0,0,0]},"position":{"0.0":[0,0,0],"0.2":[0,-2,0],"0.4":[0,0,0],"2.2":[0,0,0]}},"right_foreleg":{"rotation":{"0.0":[0,0,0],"0.2":[67.5,0,0],"0.4":[0,0,0],"2.2":[0,0,0]},"position":{"0.0":[0,0,0],"0.4":[0,0,0],"2.2":[0,0,0]}},"left_leg":{"rotation":{"0.0":[0,0,0],"0.2":[-45,0,0],"0.4":[0,0,0],"0.6":[-43.44102,-8.42106,-20.94102],"2.0":[-43.44102,-8.42106,-20.94102],"2.2":[0,0,0]},"position":{"0.0":[0,0,0],"0.2":[0,-2,0],"0.4":[0,0,0],"2.2":[0,0,0]}},"left_foreleg":{"rotation":{"0.0":[0,0,0],"0.2":[67.5,0,0],"0.4":[0,0,0],"2.2":[0,0,0]},"position":{"0.0":[0,0,0],"0.4":[0,0,0],"2.2":[0,0,0]}}}},"ballerina":{"loop":true,"animation_length":2.4,"bones":{"player_root":{"rotation":{"0.0":[0,0,0],"1.2":[0,0,0],"2.4":[0,0,0]},"position":{"0.0":[0,0,0],"0.45":[0,0,0],"0.8":[0,12,0],"1.2":[0,0,0],"1.65":[0,0,0],"2.0":[0,12,0],"2.4":[0,0,0]}},"hip":{"rotation":{"0.0":[0,0,0],"0.6":[0,0,0],"1.2":[0,0,0],"1.8":[0,0,0],"2.4":[0,0,0]},"position":{"0.0":[0,0,0],"0.3":[0,-2,0],"0.6":[0,0,0],"1.2":[0,0,0],"1.5":[0,-2,0],"1.8":[0,0,0],"2.4":[0,0,0]}},"right_arm":{"rotation":{"0.0":[0,0,0],"0.6":[0,0,0],"0.8":[-105,0,0],"1.4":[0,0,0],"1.8":[0,0,0],"2.0":[112.5,0,0]},"position":{"0.0":[0,0,0],"0.6":[0,0,0],"1.2":[0,0,0],"1.8":[0,0,0],"2.4":[0,0,0]}},"left_arm":{"rotation":{"0.0":[0,0,0],"0.6":[0,0,0],"0.8":[112.5,0,0],"1.4":[0,0,0],"1.8":[0,0,0],"2.0":[-105,0,0]},"position":{"0.0":[0,0,0],"0.6":[0,0,0],"1.2":[0,0,0],"1.8":[0,0,0],"2.4":[0,0,0]}},"right_leg":{"rotation":{"0.0":[0,0,0],"0.3":[-22.5,0,0],"0.6":[0,0,0],"0.8":[-82.43603,7.43547,0.98448],"1.2":[0,0,0],"1.5":[-22.5,0,0],"1.8":[0,0,0],"2.0":[82.43603,-7.43547,0.98448],"2.4":[0,0,0]},"position":{"0.0":[0,0,0],"0.3":[0,-1,0],"0.6":[0,0,0],"1.2":[0,0,0],"1.5":[0,-1,0],"1.8":[0,0,0],"2.4":[0,0,0]}},"right_foreleg":{"rotation":{"0.0":[0,0,0],"0.3":[45,0,0],"0.6":[0,0,0],"1.2":[0,0,0],"1.5":[45,0,0],"1.8":[0,0,0],"2.4":[0,0,0]},"position":{"0.0":[0,0,0],"0.6":[0,0,0],"1.2":[0,0,0],"1.8":[0,0,0],"2.4":[0,0,0]}},"left_leg":{"rotation":{"0.0":[0,0,0],"0.3":[-22.5,0,0],"0.6":[0,0,0],"0.8":[82.43603,7.43547,-0.98448],"1.2":[0,0,0],"1.5":[-22.5,0,0],"1.8":[0,0,0],"2.0":[-82.43603,-7.43547,-0.98448],"2.4":[0,0,0]},"position":{"0.0":[0,0,0],"0.3":[0,-1,0],"0.6":[0,0,0],"1.2":[0,0,0],"1.5":[0,-1,0],"1.8":[0,0,0],"2.4":[0,0,0]}},"left_foreleg":{"rotation":{"0.0":[0,0,0],"0.3":[45,0,0],"0.6":[0,0,0],"1.2":[0,0,0],"1.5":[45,0,0],"1.8":[0,0,0],"2.4":[0,0,0]},"position":{"0.0":[0,0,0],"0.6":[0,0,0],"1.2":[0,0,0],"1.8":[0,0,0],"2.4":[0,0,0]}},"head":{"rotation":{"0.0":[0,0,0],"0.35":[0,0,0],"0.8":[-22.5,-10,0],"1.2":[0,0,0],"1.55":[0,0,0],"2.0":[-22.5,10,0],"2.4":[0,0,0]},"position":[0,0,0]}}},"smash_flip":{"animation_length":3.5,"bones":{"player_root":{"rotation":{"0.0":[0,0,0],"0.4":[-180,0,0],"0.8":[-360,0,0]},"position":{"0.0":[0,0,0],"0.4":[0,24,-4],"0.8":[0,-4,8]}},"hip":{"rotation":{"0.0":[0,0,0],"0.4":[45,0,0],"0.65":[-22.33104,-2.22265,2.14897],"0.8":[67.5,0,0]},"position":{"0.0":[0,0,0],"0.65":[0,0,0]}},"head":{"rotation":{"0.0":[0,0,0],"0.4":[90,0,0],"0.8":[0,0,0],"1.0":[0,0,0],"1.4":[-45,0,0],"2.5":[-52.5,0,0],"3.5":[-45,0,0]},"position":[0,0,0]},"right_arm":{"rotation":{"0.0":[0,0,0],"0.4":[-112.5,0,0],"0.65":[0,0,0],"0.8":[-67.5,0,0]},"position":{"0.0":[0,0,0],"0.65":[0,0,0],"0.8":[0,-1,-1]}},"right_forearm":{"rotation":{"0.0":[0,0,0],"0.4":[-112.5,0,0],"0.65":[0,0,0],"0.8":[-17.5,0,0]},"position":{"0.0":[0,0,0],"0.65":[0,0,0]}},"left_arm":{"rotation":{"0.0":[0,0,0],"0.4":[-112.5,0,0],"0.65":[0,0,0],"0.8":[-20.23421,-15.69986,-16.32495],"1.4":[-26.47037,-13.91897,-11.492],"2.5":[-20.23421,-15.69986,-16.32495],"3.5":[-26.47037,-13.91897,-11.492]},"position":{"0.0":[0,0,0],"0.65":[0,0,0]}},"left_forearm":{"rotation":{"0.0":[0,0,0],"0.4":[-112.5,0,0],"0.65":[0,0,0],"0.8":[-67.5,0,0]},"position":{"0.0":[0,0,0],"0.65":[0,0,0]}},"right_leg":{"rotation":{"0.0":[0,0,0],"0.4":[-112.5,0,0],"0.65":[0,0,0],"0.8":[0,0,0]},"position":{"0.0":[0,0,0],"0.65":[0,0,0],"0.8":[0,0,0]}},"right_foreleg":{"rotation":{"0.0":[0,0,0],"0.4":[112.5,0,0],"0.65":[0,0,0],"0.8":[90,0,0]},"position":{"0.0":[0,0,0],"0.65":[0,0,0]}},"left_leg":{"rotation":{"0.0":[0,0,0],"0.4":[-90,0,0],"0.65":[0,0,0],"0.8":[-67.5,0,0]},"position":{"0.0":[0,0,0],"0.65":[0,0,0]}},"left_foreleg":{"rotation":{"0.0":[0,0,0],"0.4":[90,0,0],"0.65":[0,0,0],"0.8":[67.5,0,0]},"position":{"0.0":[0,0,0],"0.65":[0,0,0]}}}},"drop_it":{"loop":true,"animation_length":2.5,"bones":{"player_root":{"rotation":{"0.0":[0,0,0],"0.15":[0,0,0],"0.45":[0,0,0],"1.4":[0,0,0],"1.6":[0,0,0],"2.5":[0,0,0]},"position":{"0.0":[0,-2,0],"0.15":[0,-2,0],"0.45":[0,-2,0],"0.65":[0,0,0],"0.8":[0,-2,0],"1.2":[0,0,0],"1.4":[0,-2,0],"1.6":[0,-2,0],"1.75":[0,0,0],"1.95":[0,-2,0],"2.35":[0,0,0],"2.5":[0,-2,0]}},"hip":{"rotation":{"0.0":[0,0,-12.5],"0.15":[0,0,-12.5],"1.4":[0,0,12.5],"1.5":[0,0,12.5],"2.5":[0,0,-12.5]}},"waist":{"rotation":{"0.0":[0,0,0],"1.4":[5,0,0],"2.5":[0,0,0]},"position":[0,0,0]},"head":{"rotation":{"0.0":[0,0,0],"0.15":[0,0,0],"0.8":[12.5,0,0],"1.4":[0,0,0],"1.5":[0,0,0],"1.95":[12.5,0,0],"2.5":[0,0,0]},"position":{"0.0":[0,0,0],"0.15":[0,0,0],"1.4":[0,0,0],"1.5":[0,0,0],"2.5":[0,0,0]}},"right_arm":{"rotation":[-56.13876,60.94471,-43.28141]},"right_forearm":{"rotation":{"0.0":[-180,-22.5,67.5],"0.15":[-180,-22.5,67.5],"0.45":[-264.69087,19.87146,33.8181],"0.75":[-344.23176,-1.2056,0.4959],"1.4":[-540,-22.5,67.5],"1.5":[-540,-22.5,67.5],"1.95":[-344.23176,-1.2056,0.4959],"2.2":[-264.69087,19.87146,33.8181],"2.5":[-180,-22.5,67.5]}},"left_arm":{"rotation":{"0.0":[-185.7776,85.22456,-174.2224],"0.45":[-185.7776,85.22456,-174.2224],"1.4":[4.62111,86.17731,-4.62111],"1.6":[4.62111,86.17731,-4.62111],"2.5":[-185.7776,85.22456,-174.2224]}},"left_forearm":{"rotation":{"0.0":[-7.5,0,-40],"0.2":[-7.5,0,-40],"1.4":[7.5,0,-40],"1.6":[7.5,0,-40],"2.5":[-7.5,0,-40]}},"right_leg":{"rotation":{"0.0":[0,0,7.5],"0.15":[0,0,7.5],"0.45":[0,0,7.5],"0.65":[0,0,7.5],"0.8":[0,0,7.5],"1.2":[0,0,7.5],"1.4":[0,0,7.5],"1.6":[0,0,7.5],"1.75":[0,0,7.5],"1.95":[0,0,7.5],"2.35":[0,0,7.5],"2.5":[0,0,7.5]},"position":{"0.0":[0,2,0],"0.15":[0,2,0],"0.45":[0,2,0],"0.65":[0,0,0],"0.8":[0,2,0],"1.2":[0,0,0],"1.4":[0,2,0],"1.6":[0,2,0],"1.75":[0,0,0],"1.95":[0,2,0],"2.35":[0,0,0],"2.5":[0,2,0]}},"left_leg":{"rotation":{"0.0":[0,0,-7.5],"0.15":[0,0,-7.5],"0.45":[0,0,-7.5],"0.65":[0,0,-7.5],"0.8":[0,0,-7.5],"1.2":[0,0,-7.5],"1.4":[0,0,-7.5],"1.6":[0,0,-7.5],"1.75":[0,0,-7.5],"1.95":[0,0,-7.5],"2.35":[0,0,-7.5],"2.5":[0,0,-7.5]},"position":{"0.0":[0,2,0],"0.15":[0,2,0],"0.45":[0,2,0],"0.65":[0,0,0],"0.8":[0,2,0],"1.2":[0,0,0],"1.4":[0,2,0],"1.6":[0,2,0],"1.75":[0,0,0],"1.95":[0,2,0],"2.35":[0,0,0],"2.5":[0,2,0]}}}},"air_guitar":{"loop":true,"animation_length":2.05,"bones":{"player_root":{"rotation":{"0.0":[0,0,0],"2.05":[0,0,0]},"position":{"0.0":[0,0,0],"2.05":[0,0,0]}},"hip":{"rotation":{"0.0":[5.17995,-12.39135,-1.6575],"0.35":[5.17995,-12.39135,-1.6575],"0.55":[20.17995,-12.39135,-1.6575],"1.75":[0,0,0],"2.05":[5.17995,-12.39135,-1.6575]},"position":{"0.0":[0,0,0],"2.05":[0,0,0]}},"head":{"rotation":{"0.0":[22.5,-22.5,0],"0.25":[45,-22.5,0],"0.55":[22.5,-22.5,0],"0.85":[45,-22.5,0],"1.15":[22.5,-22.5,0],"1.45":[45,-22.5,0],"1.75":[22.5,-22.5,0],"2.05":[22.5,-22.5,0]},"position":{"0.0":[0,0,0],"2.05":[0,0,0]}},"right_arm":{"rotation":{"0.0":[-34.81608,-14.90835,-20.30179],"0.15":[-36.83829,-7.57131,-9.97528],"0.35":[-34.81608,-14.90835,-20.30179],"0.55":[-37.07723,6.06809,7.96341],"0.75":[-34.81608,-14.90835,-20.30179],"0.9":[-36.83829,-7.57131,-9.97528],"1.0":[-34.81608,-14.90835,-20.30179],"1.1":[-36.83829,-7.57131,-9.97528],"1.2":[-34.81608,-14.90835,-20.30179],"1.3":[-36.83829,-7.57131,-9.97528],"1.5":[-34.81608,-14.90835,-20.30179],"1.7":[-37.07723,6.06809,7.96341],"2.05":[-34.81608,-14.90835,-20.30179]},"position":{"0.0":[0,0,0],"2.05":[0,0,0]}},"right_forearm":{"rotation":{"0.0":[0,0,-40],"0.15":[0,0,-17.5],"0.35":[0,0,-40],"0.55":[0,0,5],"0.75":[0,0,-40],"0.9":[0,0,-17.5],"1.0":[0,0,-40],"1.1":[0,0,-17.5],"1.2":[0,0,-40],"1.3":[0,0,-17.5],"1.5":[0,0,-40],"1.7":[0,0,5],"2.05":[0,0,-40]},"position":{"0.0":[0,0,0],"2.05":[0,0,0]}},"left_arm":{"rotation":{"0.0":[-145.18541,-42.76273,80.56544],"2.05":[-145.18541,-42.76273,80.56544]},"position":{"0.0":[0,0,0],"2.05":[0,0,0]}},"left_forearm":{"rotation":{"0.0":[0,0,45],"2.05":[0,0,45]},"position":{"0.0":[0,0,0],"2.05":[0,0,0]}},"right_leg":{"rotation":[5,0,5]},"left_leg":{"rotation":{"0.0":[-14.03205,-17.69324,-8.3319],"2.05":[-14.03205,-17.69324,-8.3319]},"position":{"0.0":[0,0,0],"2.05":[0,0,0]}},"left_foreleg":{"rotation":{"0.0":[15,0,0],"2.05":[15,0,0]},"position":{"0.0":[0,0,0],"2.05":[0,0,0]}}}},"head_banger":{"loop":true,"animation_length":2.1,"bones":{"player_root":{"rotation":[0,0,0],"position":[0,0,0]},"hip":{"rotation":{"0.0":[0,0,0],"0.65":[0,0,-2.5],"1.45":[0,0,2.5],"2.1":[0,0,0]},"position":[0,0,0]},"head":{"rotation":{"0.0":[0,0,0],"0.15":[44.75386,5.29571,-5.31847],"0.3":[0,0,0],"0.45":[49.56145,-7.05302,7.10708],"0.6":[0,0,0],"0.75":[42.60882,-3.68425,-3.38262],"0.9":[0,0,0],"1.05":[50.02311,2.91028,7.35126],"1.2":[0,0,0],"1.35":[45,0,0],"1.5":[0,0,0],"1.65":[45,0,0],"1.8":[0,0,0],"1.95":[57.59891,2.68407,4.22005],"2.1":[0,0,0]},"position":[0,0,0]},"right_arm":{"rotation":{"0.0":[-0.44067,-9.99038,7.53852],"1.0":[14.55933,-9.99038,7.53852],"2.1":[-0.44067,-9.99038,7.53852]}},"right_forearm":{"rotation":[-25,0,0]},"left_arm":{"rotation":{"0.0":[-24.56202,22.9824,-15.11783],"1.0":[-17.06202,22.9824,-15.11783],"2.1":[-24.56202,22.9824,-15.11783]}},"left_forearm":{"rotation":[-10,0,0]},"right_leg":{"rotation":[-14.93656,0.9762,7.43656]},"right_foreleg":{"rotation":[12.5,0,0]},"left_leg":{"rotation":[0.06344,0.9762,-7.4366]},"left_foreleg":{"rotation":[2.5,0,0]}}},"no_parachute":{"animation_length":4,"bones":{"player_root":{"rotation":[-90,0,0],"position":{"0.0":[0,512,0],"0.5":[0,-14,0]}},"hip":{"rotation":{"0.0":[22.5,0,0],"0.5":[22.5,0,0],"0.65":[2.5,0,0]}},"head":{"rotation":{"0.0":[22.5,0,0],"0.5":[22.5,0,0],"0.6":[-22.5,0,0],"0.7":[25,0,0],"0.85":[2.5,0,0],"2.0":[2.5,0,0],"3.0":[22.5,0,0],"3.1":[2.5,0,0]}},"right_arm":{"rotation":{"0.0":[47.26579,-15.69986,61.3249],"0.5":[47.26579,-15.69986,61.3249],"0.65":[-42.73421,-15.69986,61.3249],"0.8":[2.26579,-15.69986,61.3249]}},"right_forearm":{"rotation":{"0.0":[-45,0,0],"0.75":[-45,0,0],"0.85":[0,0,0]}},"left_arm":{"rotation":{"0.0":[47.26579,-15.69986,-61.32495],"0.5":[47.26579,-15.69986,-61.32495],"0.65":[-42.73421,-15.69986,-61.32495],"0.8":[2.26579,-15.69986,-61.32495],"3.5":[2.26579,-15.69986,-61.32495]}},"left_forearm":{"rotation":{"0.0":[-45,0,0],"0.75":[-45,0,0],"0.85":[0,0,0],"3.5":[0,0,0]}},"right_leg":{"rotation":{"0.0":[-43.44102,-8.42106,-20.94102],"0.5":[-43.44102,-8.42106,20.941],"0.6":[1.55898,-8.42106,20.941],"0.75":[-20.94102,-8.42106,20.941],"0.85":[-20.94102,-8.42106,20.941]}},"right_foreleg":{"rotation":{"0.0":[45,0,0],"0.5":[45,0,0],"0.6":[0,0,0],"0.75":[0,0,0],"0.85":[75,0,0]}},"left_leg":{"rotation":{"0.0":[-43.44102,-8.42106,-20.94102],"0.5":[-43.44102,-8.42106,-20.94102],"0.6":[1.55898,-8.42106,-20.94102],"0.75":[-20.94102,-8.42106,-20.94102],"0.85":[1.55898,-8.42106,-20.94102]}},"left_foreleg":{"rotation":{"0.0":[45,0,0],"0.5":[45,0,0],"0.6":[0,0,0]}}}},"bring_the_energy":{"loop":true,"animation_length":1.25,"bones":{"player_root":{"rotation":[0,0,0],"position":{"0.0":[0,0,0],"0.2":[0,6,0],"0.4":[0,0,0],"0.6":[0,6,0],"0.8":[0,0,0],"1.0":[0,6,0],"1.25":[0,0,0]}},"hip":{"rotation":{"0.0":[5,0,0],"0.2":[0,0,0],"0.4":[5,0,0],"0.6":[0,0,0],"0.8":[5,0,0],"1.0":[0,0,0],"1.25":[5,0,0]},"position":{"0.0":[0,-1,0],"0.2":[0,0,0],"0.4":[0,-1,0],"0.6":[0,0,0],"0.8":[0,-1,0],"1.0":[0,0,0],"1.25":[0,-1,0]}},"head":{"rotation":{"0.0":[5,0,0],"0.2":[-2.5,0,0],"0.4":[5,0,0],"0.6":[-2.5,0,0],"0.8":[5,0,0],"1.0":[-2.5,0,0],"1.25":[5,0,0]},"position":[0,0,0]},"right_arm":{"rotation":{"0.0":[-42.73421,58.60029,42.73421],"0.25":[-87.73421,58.60029,42.73421],"0.45":[-42.73421,58.60029,42.73421],"0.65":[-87.73421,58.60029,42.73421],"0.85":[-42.73421,58.60029,42.73421],"1.05":[-87.73421,58.60029,42.73421],"1.25":[-42.73421,58.60029,42.73421]}},"right_forearm":{"rotation":{"0.0":[0,0,0],"0.25":[-45,0,0],"0.45":[0,0,0],"0.65":[-45,0,0],"0.85":[0,0,0],"1.05":[-45,0,0],"1.25":[0,0,0]}},"left_arm":{"rotation":{"0.0":[-42.73421,-58.6003,-42.7342],"0.25":[-87.7342,-58.6003,-42.7342],"0.45":[-42.73421,-58.6003,-42.7342],"0.65":[-87.7342,-58.6003,-42.7342],"0.85":[-42.73421,-58.6003,-42.7342],"1.05":[-87.7342,-58.6003,-42.7342],"1.25":[-42.73421,-58.6003,-42.7342]}},"left_forearm":{"rotation":{"0.0":[0,0,0],"0.25":[-45,0,0],"0.45":[0,0,0],"0.65":[-45,0,0],"0.85":[0,0,0],"1.05":[-45,0,0],"1.25":[0,0,0]}},"right_leg":{"rotation":{"0.0":[-12.5,0,5],"0.2":[7.47178,0.65182,5.04256],"0.4":[-12.5,0,5],"0.6":[7.47178,0.65182,5.04256],"0.8":[-12.5,0,5],"1.0":[7.47178,0.65182,5.04256],"1.25":[-12.5,0,5]}},"right_foreleg":{"rotation":{"0.0":[15,0,0],"0.2":[0,0,0],"0.4":[15,0,0],"0.6":[0,0,0],"0.8":[15,0,0],"1.05":[0,0,0],"1.25":[15,0,0]}},"left_leg":{"rotation":{"0.0":[-10,0,-5],"0.2":[4.98107,-0.43523,-5.01893],"0.4":[-10,0,-5],"0.6":[4.98107,-0.43523,-5.01893],"0.8":[-10,0,-5],"1.0":[4.98107,-0.43523,-5.01893],"1.25":[-10,0,-5]}},"left_foreleg":{"rotation":{"0.0":[12.5,0,0],"0.2":[0,0,0],"0.4":[12.5,0,0],"0.6":[0,0,0],"0.8":[12.5,0,0],"1.05":[0,0,0],"1.25":[12.5,0,0]}}}},"twerk":{"loop":true,"animation_length":0.4,"bones":{"hip":{"rotation":{"0.0":[67.5,0,0],"0.4":[67.5,0,0]},"position":{"0.0":[0,0,0],"0.2":[0,2,2],"0.4":[0,0,0]}},"waist":{"rotation":{"0.0":[-22.5,0,0],"0.2":[0,0,0],"0.4":[-22.5,0,0]}},"chest":{"rotation":{"0.0":[-22.5,0,0],"0.2":[-45,0,0],"0.4":[-22.5,0,0]}},"head":{"rotation":[-52.6143,-70.77165,49.33903],"position":{"0.0":[0,0,0.5],"0.2":[0,-0.25,-1],"0.4":[0,0,0.5]}},"right_arm":{"rotation":{"0.0":[-5.32361,-46.34178,0.30109],"0.4":[-5.32361,-46.34178,0.30109]},"position":{"0.0":[0,0,0],"0.2":[0,-0.25,-1.25],"0.4":[0,0,0]}},"right_forearm":{"rotation":{"0.0":[-22.5,0,0],"0.4":[-22.5,0,0]}},"left_arm":{"rotation":{"0.0":[-5.32361,46.34178,-0.30109],"0.2":[-5.32361,46.34178,-0.30109],"0.4":[-5.32361,46.34178,-0.30109]},"position":{"0.0":[0,0,0],"0.2":[0,-0.25,-1.5],"0.4":[0,0,0]}},"left_forearm":{"rotation":{"0.0":[-22.5,0,0],"0.4":[-22.5,0,0]}},"right_leg":{"rotation":{"0.0":[-45,0,22.5],"0.4":[-45,0,22.5]}},"right_foreleg":{"rotation":{"0.0":[45,0,0],"0.4":[45,0,0]}},"left_leg":{"rotation":{"0.0":[-45,0,-22.5],"0.4":[-45,0,-22.5]}},"left_foreleg":{"rotation":{"0.0":[45,0,0],"0.4":[45,0,0]}},"player_root":{"position":[0,-2,0]}}},"flushed_away":{"animation_length":2.5,"bones":{"player_root":{"rotation":{"0.0":[0,0,0],"0.2":[0,90,0],"0.4":[0,180,0],"0.6":[0,270,0],"0.8":[0,360,0],"1.0":[0,450,0],"1.1":[0,540,0],"1.2":[0,630,0],"1.3":[0,720,0],"1.4":[0,810,0],"1.5":[0,900,0],"1.6":[0,990,0],"1.7":[0,1080,0],"1.8":[0,1170,0],"1.9":[0,1260,0]},"position":{"0.0":[0,0,0],"1.0":[0,0,0],"1.1":[0,-4,0],"1.2":[0,-8,0],"1.3":[0,-12,0],"1.4":[0,-16,0],"1.5":[0,-20,0],"1.6":[0,-24,0],"1.7":[0,-28,0],"1.8":[0,-32,0],"1.9":[0,-36,0]}}}},"gangnam_style":{"loop":true,"animation_length":1.6,"bones":{"player_root":{"rotation":{"0.0":[0,0,0],"1.6":[0,0,0]},"position":{"0.0":[0,2,0],"0.2":[0,0,0],"0.4":[0,2,0],"0.6":[0,0,0],"0.8":[0,2,0],"1.0":[0,0,0],"1.2":[0,2,0],"1.4":[0,0,0],"1.6":[0,2,0]}},"hip":{"rotation":{"0.0":[7.5,0,0],"0.2":[0,0,0],"0.4":[7.5,0,0],"0.6":[0,0,0],"0.8":[7.5,0,0],"1.0":[0,0,0],"1.2":[7.5,0,0],"1.4":[0,0,0],"1.6":[7.5,0,0]}},"head":{"rotation":{"0.0":[10,0,0],"0.3":[0,0,0],"0.5":[10,0,0],"0.7":[0,0,0],"0.9":[10,0,0],"1.1":[0,0,0],"1.3":[10,0,0],"1.5":[0,0,0],"1.6":[10,0,0]}},"right_arm":{"rotation":{"0.0":[-49.63881,-40.78947,-20.94102],"0.2":[-27.13881,-40.78947,-20.94102],"0.4":[-49.63881,-40.78947,-20.94102],"0.6":[-27.13881,-40.78947,-20.94102],"0.8":[-49.63881,-40.78947,-20.94102],"1.0":[-27.13881,-40.78947,-20.94102],"1.2":[-49.63881,-40.78947,-20.94102],"1.4":[-27.13881,-40.78947,-20.94102],"1.6":[-49.63881,-40.78947,-20.94102]}},"right_forearm":{"rotation":{"0.0":[0,0,-20],"0.3":[22.5,0,-20],"0.5":[0,0,-20],"0.7":[22.5,0,-20],"0.9":[0,0,-20],"1.1":[22.5,0,-20],"1.3":[0,0,-20],"1.5":[22.5,0,-20],"1.6":[0,0,-20]}},"left_arm":{"rotation":{"0.0":[-69.63881,40.78947,20.94102],"0.2":[-47.13881,40.78947,20.94102],"0.4":[-69.63881,40.78947,20.94102],"0.6":[-47.13881,40.78947,20.94102],"0.8":[-69.63881,40.78947,20.94102],"1.0":[-47.13881,40.78947,20.94102],"1.2":[-69.63881,40.78947,20.94102],"1.4":[-47.13881,40.78947,20.94102],"1.6":[-69.63881,40.78947,20.94102]}},"left_forearm":{"rotation":{"0.0":[0,0,15],"0.3":[22.5,0,15],"0.5":[0,0,15],"0.7":[22.5,0,15],"0.9":[0,0,15],"1.1":[22.5,0,15],"1.3":[0,0,15],"1.5":[22.5,0,15],"1.6":[0,0,15]}},"right_leg":{"rotation":{"0.0":[-89.34574,4.95712,7.52832],"0.2":[-21.84574,4.95712,7.52832],"0.4":[-89.34574,4.95712,7.52832],"0.6":[-21.84574,4.95712,7.52832],"0.8":[-21.84574,4.95712,7.52832],"1.0":[-21.84574,4.95712,7.52832],"1.2":[-21.84574,4.95712,7.52832],"1.4":[-21.84574,4.95712,7.52832],"1.6":[-89.34574,4.95712,7.52832]}},"right_foreleg":{"rotation":{"0.0":[67.5,0,0],"0.2":[22.5,0,0],"0.4":[67.5,0,0],"0.6":[22.5,0,0],"0.8":[22.5,0,0],"1.0":[22.5,0,0],"1.2":[22.5,0,0],"1.4":[22.5,0,0],"1.6":[67.5,0,0]}},"left_leg":{"rotation":{"0.0":[-35,0,-7.5],"0.2":[-22.5,0,-7.5],"0.4":[-35,0,-7.5],"0.6":[-22.5,0,-7.5],"0.8":[-89.34574,4.95712,7.52832],"1.0":[-22.5,0,-7.5],"1.2":[-89.34574,4.95712,7.52832],"1.4":[-22.5,0,-7.5],"1.6":[-35,0,-7.5]},"position":{"0.0":[0,0,1],"0.2":[0,0,1],"0.4":[0,0,1],"0.6":[0,0,1],"0.8":[0,0,1],"1.0":[0,0,1],"1.2":[0,0,1],"1.4":[0,0,1],"1.6":[0,0,1]}},"left_foreleg":{"rotation":{"0.0":[52.5,0,0],"0.2":[32.5,0,0],"0.4":[52.5,0,0],"0.6":[32.5,0,0],"0.8":[67.5,0,0],"1.0":[32.5,0,0],"1.2":[67.5,0,0],"1.4":[32.5,0,0],"1.6":[52.5,0,0]}}}},"the_force":{"animation_length":9,"bones":{"player_root":{"rotation":{"0.0":[0,0,0],"0.55":[0,-12.5,0]},"position":{"0.0":[0,0,0],"0.55":[0,-1.5,-4],"5.75":[0,-1.5,-4],"6.4":[0,0,0]}},"hip":{"rotation":{"0.0":[0,0,0],"0.55":[22.5,0,0],"5.8":[22.5,0,0],"6.4":[0,0,0]},"position":{"0.0":[0,0,0],"6.4":[0,0,0]}},"waist":{"rotation":{"0.0":[0,0,0],"0.5":[-12.5,0,0],"5.75":[-12.5,0,0],"6.6":[0,0,0]},"position":{"0.0":[0,0,0],"6.6":[0,0,0]}},"head":{"rotation":{"0.0":[0,0,0],"0.5":[67.5,0,0],"1.5":[0,0,0],"5.75":[0,0,0],"7.0":[67.5,0,0]},"position":[0,0,0]},"right_arm":{"rotation":{"0.0":[0,0,0],"1.5":[-90.17458,6.92618,-2.88419],"5.25":[-90.17458,6.92618,-2.88419],"5.45":[0,0,0]},"position":{"0.0":[0,0,0],"5.45":[0,0,0]}},"right_forearm":{"rotation":{"0.0":[0,0,0],"1.5":[0,0,0],"2.55":[-45,0,0],"2.65":[-45.43855,-7.05302,7.10708],"2.75":[-45,0,0],"2.85":[-45.43855,-7.05302,7.10708],"2.95":[-45,0,0],"3.05":[-45.43855,-7.05302,7.10708],"3.15":[-45,0,0],"3.25":[-45.43855,-7.05302,7.10708],"3.35":[-45,0,0],"3.45":[-45.43855,-7.05302,7.10708],"3.55":[-45,0,0],"3.65":[-45.43855,-7.05302,7.10708],"3.75":[-45,0,0],"3.85":[-45.43855,-7.05302,7.10708],"3.95":[-45,0,0],"4.05":[-45.43855,-7.05302,7.10708],"4.15":[-45,0,0],"4.25":[-45.43855,-7.05302,7.10708],"4.35":[-45,0,0],"4.45":[-45.43855,-7.05302,7.10708],"4.55":[-45,0,0],"4.65":[-45.43855,-7.05302,7.10708],"4.75":[-45,0,0],"4.85":[-45.43855,-7.05302,7.10708],"4.95":[-45,0,0],"5.05":[-45.43855,-7.05302,7.10708],"5.15":[-45,0,0],"6.0":[0,0,0]},"position":{"0.0":[0,0,0],"6.0":[0,0,0]}},"right_leg":{"rotation":{"0.0":[0,0,0],"0.55":[-45.10922,-3.53329,3.54002],"5.75":[-45.10922,-3.53329,3.54002],"6.4":[0,0,0]},"position":{"0.0":[0,0,0],"6.4":[0,0,0]}},"right_foreleg":{"rotation":{"0.0":[0,0,0],"0.55":[45,0,0],"5.75":[45,0,0],"6.4":[0,0,0]},"position":{"0.0":[0,0,0],"6.4":[0,0,0]}},"left_leg":{"rotation":{"0.0":[0,0,0],"0.55":[0,0,-2.5],"5.75":[0,0,-2.5],"6.4":[0,0,0]},"position":{"0.0":[0,0,0],"0.55":[0,1,0],"5.75":[0,1,0],"6.4":[0,0,0]}},"left_foreleg":{"rotation":{"0.0":[0,0,0],"0.55":[27.5,0,0],"5.75":[27.5,0,0],"6.4":[0,0,0]},"position":{"0.0":[0,0,0],"6.4":[0,0,0]}},"left_arm":{"rotation":{"0.0":[0,0,0],"0.5":[0,0,-10],"5.7":[0,0,-10],"6.45":[0,0,0]}},"left_forearm":{"rotation":{"0.0":[0,0,0],"0.5":[-22.5,0,0],"6.45":[0,0,0]}}}},"helicopter":{"animation_length":8,"bones":{"player_root":{"rotation":{"0.0":[0,0,0],"2.0":[0,1125,0],"3.0":[0,2250,0],"6.05":[0,9000,0],"7.0":[0,10080,0]},"position":{"0.0":[0,0,0],"3.0":[0,0,0],"4.0":[0,32,0],"4.5":[0,28,0],"5.0":[0,32,0],"5.5":[0,28,0],"6.0":[0,0,0]}},"hip":{"rotation":{"7.0":[0,0,0],"7.4":[0,0,-10],"7.8":[0,0,2.5],"8.0":[0,0,0]}},"head":{"rotation":{"7.0":[0,0,0],"7.4":[-0.88045,9.96156,-5.07673],"7.8":[-2.00307,-14.8687,7.7614],"8.0":[0,0,0]},"position":[0,0,0]},"right_arm":{"rotation":{"0.0":[0,0,0],"1.25":[0,0,0],"2.5":[0,0,90],"3.5":[0,0,112.5],"5.2":[0,0,112.5],"5.7":[0,0,0],"7.0":[0,0,0],"7.4":[0,22.5,22.5],"7.8":[0,0,0],"8.0":[0,0,0]},"position":{"7.0":[0,0,0],"8.0":[0,0,0]}},"right_forearm":{"rotation":{"7.0":[0,0,0],"7.4":[-22.5,0,0],"8.0":[0,0,0]},"position":{"7.0":[0,0,0],"8.0":[0,0,0]}},"left_arm":{"rotation":{"0.0":[0,0,0],"1.25":[0,0,0],"2.5":[0,0,-90],"3.5":[0,0,-112.5],"5.2":[0,0,-112.5],"5.7":[0,0,0],"7.0":[0,0,0],"7.4":[0,0,0],"7.8":[0,-22.5,-22.5],"8.0":[0,0,0]},"position":{"7.0":[0,0,0],"7.4":[0,0,0],"8.0":[0,0,0]}},"left_forearm":{"rotation":{"7.0":[0,0,0],"7.4":[0,0,0],"7.8":[-22.5,0,0],"8.0":[0,0,0]},"position":{"7.0":[0,0,0],"7.4":[0,0,0],"8.0":[0,0,0]}},"right_leg":{"rotation":{"0.0":[0,0,0],"3.0":[0,0,0],"4.0":[0,0,90],"5.2":[0,0,90],"5.7":[0,0,0],"7.0":[0,0,0],"7.4":[0,0,10],"7.8":[0,0,10]}},"left_leg":{"rotation":{"0.0":[0,0,0],"3.0":[0,0,0],"4.0":[0,0,-90],"5.2":[0,0,-90],"5.7":[0,0,0],"7.0":[0,0,0],"7.4":[0,0,0],"7.8":[0,0,-10]}}}},"high_knees":{"loop":true,"animation_length":0.6,"bones":{"player_root":{"position":{"0.0":[0,-1.5,0],"0.15":[0,1,0],"0.3":[0,-1.5,0],"0.45":[0,1,0],"0.6":[0,-1.5,0]}},"hip":{"rotation":{"0.0":[12.5,0,0],"0.15":[10,0,0],"0.3":[12.5,0,0],"0.45":[10,0,0],"0.6":[12.5,0,0]}},"head":{"rotation":{"0.0":[0,0,0],"0.3":[7.5,0,0],"0.6":[0,0,0]}},"right_arm":{"rotation":{"0.0":[-22.5,0,0],"0.3":[22.5,0,0],"0.6":[-22.5,0,0]}},"right_forearm":{"rotation":[-45,0,0]},"left_arm":{"rotation":{"0.0":[22.5,0,0],"0.3":[-22.5,0,0],"0.6":[22.5,0,0]}},"left_forearm":{"rotation":[-45,0,0]},"right_leg":{"rotation":{"0.0":[22.5,0,0],"0.3":[-115,0,0],"0.6":[22.5,0,0]}},"right_foreleg":{"rotation":{"0.0":[0,0,0],"0.3":[107.5,0,0],"0.6":[0,0,0]}},"left_leg":{"rotation":{"0.0":[-115,0,0],"0.3":[22.5,0,0],"0.6":[-115,0,0]}},"left_foreleg":{"rotation":{"0.0":[107.5,0,0],"0.3":[0,0,0],"0.6":[107.5,0,0]}}}},"sanic_fast":{"loop":true,"animation_length":0.4,"bones":{"player_root":{"position":{"0.0":[0,-4,0],"0.1":[0,-1,0],"0.2":[0,-4,0],"0.3":[0,-1,0],"0.4":[0,-4,0]}},"hip":{"rotation":[67.5,0,0]},"head":{"rotation":{"0.0":[-67.5,0,0],"0.2":[-62.5,0,0],"0.4":[-67.5,0,0]}},"right_arm":{"rotation":{"0.0":[22.32648,-2.86313,6.93488],"0.2":[14.94548,-1.29256,4.83045],"0.4":[22.32648,-2.86313,6.93488]}},"left_arm":{"rotation":{"0.0":[22.32648,2.86313,-6.93488],"0.2":[14.94548,1.29256,-4.83045],"0.4":[22.32648,2.86313,-6.93488]}},"right_leg":{"rotation":{"0.0":[67.5,0,0],"0.2":[-67.5,0,0],"0.4":[67.5,0,0]}},"right_foreleg":{"rotation":{"0.0":[0,0,0],"0.05":[22.5,0,0],"0.15":[22.5,0,0],"0.2":[0,0,0],"0.25":[22.5,0,0],"0.4":[0,0,0]}},"left_leg":{"rotation":{"0.0":[-67.5,0,0],"0.2":[67.5,0,0],"0.4":[-67.5,0,0]}},"left_foreleg":{"rotation":{"0.0":[0,0,0],"0.05":[22.5,0,0],"0.15":[22.5,0,0],"0.2":[0,0,0],"0.25":[22.5,0,0],"0.4":[0,0,0]}}}},"float":{"loop":true,"animation_length":6.5,"bones":{"player_root":{"rotation":[0,0,0],"position":{"1.75":[0,0,0],"2.5":[0,8,0],"3.25":[0,10,0],"4.0":[0,8,0],"4.75":[0,10,0],"5.5":[0,8,0],"6.25":[0,10,0],"6.5":[0,0,0]}},"hip":{"rotation":{"0.0":[0,0,0],"1.0":[0,0,0],"1.4":[12.5,0,0],"6.25":[12.5,0,0],"6.5":[0,0,0]},"position":{"0.0":[0,0,0],"1.0":[0,0,0]}},"head":{"rotation":{"0.0":[0,0,0],"0.4":[45,0,0],"0.6":[45,0,0],"1.75":[45,0,0],"6.25":[45,0,0],"6.5":[0,0,0]},"position":{"0.0":[0,0,0],"6.5":[0,0,0]}},"right_arm":{"rotation":{"0.0":[0,0,0],"1.0":[0,0,0],"1.6":[22.5,22.5,22.5],"6.25":[22.5,22.5,22.5],"6.5":[0,0,0]},"position":{"0.0":[0,0,0],"1.0":[0,0,0],"6.5":[0,0,0]}},"right_forearm":{"rotation":{"0.0":[0,0,0],"1.0":[0,0,0],"1.6":[-22.5,0,0],"6.25":[-22.5,0,0],"6.5":[0,0,0]},"position":{"0.0":[0,0,0],"1.0":[0,0,0],"6.5":[0,0,0]}},"left_arm":{"rotation":{"0.0":[0,0,0],"1.0":[0,0,0],"1.6":[22.5,-22.5,-22.5],"6.25":[22.5,-22.5,-22.5],"6.5":[0,0,0]},"position":{"0.0":[0,0,0],"1.0":[0,0,0],"6.5":[0,0,0]}},"left_forearm":{"rotation":{"0.0":[0,0,0],"1.0":[0,0,0],"1.6":[-22.5,0,0],"6.25":[-22.5,0,0],"6.5":[0,0,0]},"position":{"0.0":[0,0,0],"1.0":[0,0,0],"6.5":[0,0,0]}},"right_leg":{"rotation":{"1.8":[0,0,0],"2.25":[-10,0,12.5],"6.25":[-10,0,12.5],"6.5":[0,0,0]},"position":{"1.8":[0,0,0],"6.5":[0,0,0]}},"right_foreleg":{"rotation":{"1.8":[0,0,0],"2.25":[47.5,0,0],"6.25":[47.5,0,0],"6.5":[0,0,0]},"position":{"1.8":[0,0,0],"6.5":[0,0,0]}},"left_leg":{"rotation":{"1.8":[0,0,0],"2.25":[-10,0,-12.5],"6.25":[-10,0,-12.5],"6.5":[0,0,0]},"position":{"1.8":[0,0,0],"6.5":[0,0,0]}},"left_foreleg":{"rotation":{"1.8":[0,0,0],"2.25":[47.5,0,0],"6.25":[47.5,0,0],"6.5":[0,0,0]},"position":{"1.8":[0,0,0],"6.5":[0,0,0]}}}},"search.model.wave":{"loop":true,"animation_length":5.5,"bones":{"hip":{"rotation":{"0.0":[0,0,0],"0.5":[7.5,0,0],"1.0":[7.67995,12.39135,1.6575],"1.25":[7.67995,12.39135,1.6575],"1.75":[7.5,0,0],"2.0":[7.5,0,0],"2.5":[8.64388,-29.7174,-4.30963],"2.75":[8.64388,-29.7174,-4.30963],"3.25":[7.67995,12.39135,1.6575],"3.5":[7.67995,12.39135,1.6575],"4.0":[7.5,0,0],"4.25":[7.5,0,0],"4.75":[8.64388,-29.7174,-4.30963],"5.0":[8.64388,-29.7174,-4.30963],"5.5":[0,0,0]},"position":[0,0,0]},"right_arm":{"rotation":{"0.0":[0,0,0],"0.5":[-142.21619,-14.24,17.60455],"1.25":[-142.21619,-14.24,17.60455],"1.75":[-151.23245,-4.50362,-2.96235],"2.5":[-142.21619,-14.24,17.60455],"3.5":[-142.21619,-14.24,17.60455],"4.0":[-151.23245,-4.50362,-2.96235],"4.75":[-142.21619,-14.24,17.60455],"5.15":[-142.21619,-14.24,17.60455],"5.5":[0,0,0]},"position":{"0.0":[0,0,0],"0.5":[-2,3,-2],"1.25":[-2,3,-2],"2.5":[-2,3,-2],"3.5":[-2,3,-2],"5.5":[0,0,0]}},"right_forearm":{"rotation":{"0.0":[0,0,0],"0.5":[0,0,-15],"1.25":[0,0,-15],"2.5":[0,0,-15],"5.5":[0,0,0]},"position":{"0.0":[0,0,0],"5.5":[0,0,0]}},"right_leg":{"rotation":[0,0,0],"position":[0,0,0]},"right_foreleg":{"rotation":{"0.0":[0,0,0],"0.5":[2.5,0,2.5]},"position":[0,0,0]},"left_leg":{"rotation":{"0.0":[0,0,0],"0.5":[-9.99067,-0.43399,-2.46207]},"position":[0,0,0]},"left_foreleg":{"rotation":{"0.0":[0,0,0],"0.5":[12.5,0,0]},"position":[0,0,0]}}},"sus":{"loop":true,"animation_length":1,"bones":{"hip":{"position":[0,-128,0]},"head":{"rotation":{"0.0":[0,0,0],"0.5":[5,0,0],"1.0":[0,0,0]},"position":[0,117,0]},"right_leg":{"rotation":{"0.0":[0,0,0],"0.5":[-10,0,0],"1.0":[0,0,0]}},"right_foreleg":{"rotation":{"0.0":[0,0,0],"0.5":[22.5,0,0],"1.0":[0,0,0]}},"left_leg":{"rotation":{"0.0":[0,0,0],"0.5":[-10,0,0],"1.0":[0,0,0]}},"left_foreleg":{"rotation":{"0.0":[0,0,0],"0.5":[22.5,0,0],"1.0":[0,0,0]}}}},"floating_head":{"loop":true,"animation_length":4,"bones":{"hip":{"position":[0,-128,0]},"head":{"rotation":{"0.0":[0,0,0],"1.0":[12.45392,1.08089,-4.88206],"2.0":[0,0,0],"3.0":[12.45392,-1.08089,4.88206],"4.0":[0,0,0]},"position":[0,138,0]},"right_leg":{"position":[0,-128,0]},"left_leg":{"position":[0,-128,0]}}},"bouncy":{"loop":true,"animation_length":2.3,"bones":{"player_root":{"rotation":{"0.0":[0,0,0],"0.5":[0,0,0],"0.8":[0,0,0],"1.3":[0,0,0],"1.55":[0,0,0],"2.05":[0,0,0],"2.3":[0,0,0]},"position":{"0.0":[0,0,0],"0.25":[0,-4,0],"0.5":[0,16,0],"0.8":[0,0,0],"1.05":[0,-4,0],"1.3":[0,16,0],"1.55":[0,0,0],"1.8":[0,-4,0],"2.05":[0,16,0],"2.3":[0,0,0]}},"hip":{"rotation":{"0.0":[0,0,0],"0.25":[22.5,0,0],"0.5":[0,0,0],"0.65":[0,0,0],"1.05":[22.5,0,0],"1.3":[0,0,0],"1.45":[0,0,0],"1.8":[22.5,0,0],"2.05":[0,0,0]},"position":{"0.0":[0,0,0],"0.5":[0,0,0],"0.8":[0,0,0],"1.3":[0,0,0],"1.55":[0,0,0],"2.05":[0,0,0],"2.3":[0,0,0]}},"head":{"rotation":{"0.0":[0,0,0],"0.25":[12.5,0,0],"0.5":[0,0,0],"0.75":[0,0,0],"1.0":[12.5,0,0],"1.25":[0,0,0],"1.5":[0,0,0],"1.75":[12.5,0,0],"2.0":[0,0,0]},"position":{"0.0":[0,0,0],"0.5":[0,0,0],"0.75":[0,0,0],"1.25":[0,0,0],"1.5":[0,0,0],"2.0":[0,0,0]}},"right_arm":{"rotation":{"0.0":[0,0,0],"0.25":[22.5,0,22.5],"0.5":[0,0,0],"0.75":[0,0,0],"1.0":[22.5,0,22.5],"1.25":[0,0,0],"1.5":[0,0,0],"1.75":[22.5,0,22.5],"2.0":[0,0,0]},"position":{"0.0":[0,0,0],"0.5":[0,0,0],"0.75":[0,0,0],"1.25":[0,0,0],"1.5":[0,0,0],"2.0":[0,0,0]}},"right_forearm":{"rotation":{"0.0":[0,0,0],"0.25":[-67.5,0,0],"0.5":[0,0,0],"0.75":[0,0,0],"1.0":[-67.5,0,0],"1.25":[0,0,0],"1.5":[0,0,0],"1.75":[-67.5,0,0],"2.0":[0,0,0]},"position":{"0.0":[0,0,0],"0.5":[0,0,0],"0.75":[0,0,0],"1.25":[0,0,0],"1.5":[0,0,0],"2.0":[0,0,0]}},"left_arm":{"rotation":{"0.0":[0,0,0],"0.25":[22.5,0,-22.5],"0.5":[0,0,0],"0.75":[0,0,0],"1.0":[22.5,0,-22.5],"1.25":[0,0,0],"1.5":[0,0,0],"1.75":[22.5,0,-22.5],"2.0":[0,0,0]},"position":{"0.0":[0,0,0],"0.5":[0,0,0],"0.75":[0,0,0],"1.25":[0,0,0],"1.5":[0,0,0],"2.0":[0,0,0]}},"left_forearm":{"rotation":{"0.0":[0,0,0],"0.25":[-67.5,0,0],"0.5":[0,0,0],"0.75":[0,0,0],"1.0":[-67.5,0,0],"1.25":[0,0,0],"1.5":[0,0,0],"1.75":[-67.5,0,0],"2.0":[0,0,0]},"position":{"0.0":[0,0,0],"0.5":[0,0,0],"0.75":[0,0,0],"1.25":[0,0,0],"1.5":[0,0,0],"2.0":[0,0,0]}},"right_leg":{"rotation":{"0.0":[0,0,0],"0.25":[-22.19157,-3.81024,9.2525],"0.5":[0,0,0],"0.8":[0,0,0],"1.05":[-22.19157,-3.81024,9.2525],"1.3":[0,0,0],"1.55":[0,0,0],"1.8":[-22.19157,-3.81024,9.2525],"2.05":[0,0,0],"2.3":[0,0,0]},"position":{"0.0":[0,0,0],"0.25":[0,2.75,1],"0.5":[0,0,0],"0.8":[0,0,0],"1.05":[0,2.75,1],"1.3":[0,0,0],"1.55":[0,0,0],"1.8":[0,2.75,1],"2.05":[0,0,0],"2.3":[0,0,0]}},"right_foreleg":{"rotation":{"0.0":[0,0,0],"0.25":[45,0,0],"0.5":[0,0,0],"0.8":[0,0,0],"1.05":[45,0,0],"1.3":[0,0,0],"1.55":[0,0,0],"1.8":[45,0,0],"2.05":[0,0,0],"2.3":[0,0,0]},"position":{"0.0":[0,0,0],"0.5":[0,0,0],"0.8":[0,0,0],"1.3":[0,0,0],"1.55":[0,0,0],"2.05":[0,0,0],"2.3":[0,0,0]}},"left_leg":{"rotation":{"0.0":[0,0,0],"0.25":[-22.19157,-3.81024,-9.25249],"0.5":[0,0,0],"0.8":[0,0,0],"1.05":[-22.19157,-3.81024,-9.25249],"1.3":[0,0,0],"1.55":[0,0,0],"1.8":[-22.19157,-3.81024,-9.25249],"2.05":[0,0,0],"2.3":[0,0,0]},"position":{"0.0":[0,0,0],"0.25":[0,2.75,1],"0.5":[0,0,0],"0.8":[0,0,0],"1.05":[0,2.75,1],"1.3":[0,0,0],"1.55":[0,0,0],"1.8":[0,2.75,1],"2.05":[0,0,0],"2.3":[0,0,0]}},"left_foreleg":{"rotation":{"0.0":[0,0,0],"0.25":[45,0,0],"0.5":[0,0,0],"0.8":[0,0,0],"1.05":[45,0,0],"1.3":[0,0,0],"1.55":[0,0,0],"1.8":[45,0,0],"2.05":[0,0,0],"2.3":[0,0,0]},"position":{"0.0":[0,0,0],"0.5":[0,0,0],"0.8":[0,0,0],"1.3":[0,0,0],"1.55":[0,0,0],"2.05":[0,0,0],"2.3":[0,0,0]}}}},"sprinkler":{"loop":true,"animation_length":2,"bones":{"hip":{"rotation":{"0.0":[0,45,0],"1.0":[0,-45,0],"2.0":[0,45,0]}},"right_arm":{"rotation":{"0.0":[-90,45,0],"0.15":[-90,22.5,0],"0.3":[-90,45,0],"0.45":[-90,22.5,0],"0.6":[-90,45,0],"0.75":[-90,22.5,0],"0.9":[-90,45,0],"1.05":[-90,22.5,0],"1.2":[-90,45,0],"1.35":[-90,22.5,0],"1.5":[-90,45,0],"1.65":[-90,22.5,0],"1.8":[-90,45,0],"1.95":[-90,22.5,0],"2.0":[-90,45,0]}},"left_arm":{"rotation":{"0.0":[-109.76053,-49.79294,-5.89856],"0.15":[-112.5,0,0],"0.3":[-109.76053,-49.79294,-5.89856],"0.45":[-112.5,0,0],"0.6":[-109.76053,-49.79294,-5.89856],"0.75":[-112.5,0,0],"0.9":[-109.76053,-49.79294,-5.89856],"1.05":[-112.5,0,0],"1.2":[-109.76053,-49.79294,-5.89856],"1.35":[-112.5,0,0],"1.5":[-109.76053,-49.79294,-5.89856],"1.65":[-112.5,0,0],"1.8":[-109.76053,-49.79294,-5.89856],"1.95":[-112.5,0,0],"2.0":[-109.76053,-49.79294,-5.89856]}},"left_forearm":{"rotation":[-112.5,0,0]},"right_leg":{"rotation":[0,2.5,5]},"left_leg":{"rotation":[0,-2.5,-5]}}},"slap_spin":{"animation_length":4.5,"bones":{"player_root":{"rotation":{"3.0":[0,0,0],"3.5":[0,360,0],"4.0":[0,720,0],"4.5":[0,1080,0]}},"head":{"rotation":{"0.0":[0,0,0],"1.5":[0,0,0],"2.0":[0,360,0],"2.5":[0,720,0],"3.0":[0,1080,0]}},"right_arm":{"rotation":{"2.0":[0,0,0],"2.5":[0,360,0],"3.0":[0,720,0]}},"left_arm":{"rotation":{"0.0":[0,0,0],"0.5":[-157.5,0,0],"0.7":[-157.5,0,0],"1.0":[-170.99283,-20.70481,65.85133],"1.35":[-170.99283,-20.70481,65.85133],"1.5":[-136.55898,8.42106,-20.94102],"1.7":[0,0,0],"2.0":[0,0,0],"2.5":[0,360,0],"3.0":[0,720,0]}},"left_forearm":{"rotation":{"0.0":[0,0,0],"1.35":[0,0,0],"1.5":[0,0,22.5],"1.7":[0,0,0]}},"right_leg":{"rotation":{"2.5":[0,0,0],"3.0":[0,360,0]}},"left_leg":{"rotation":{"2.5":[0,0,0],"3.0":[0,360,0]}}}},"facepalm_smash":{"animation_length":3.5,"bones":{"head":{"rotation":{"0.0":[0,0,0],"0.9":[0,0,0],"1.05":[90,0,0],"1.4":[90,0,0],"1.5":[90,0,10],"1.6":[90,0,0],"1.7":[90,0,-10],"1.8":[90,0,0],"1.9":[90,0,10],"2.0":[90,0,0],"2.1":[90,0,-10],"2.2":[90,0,0]},"position":{"0.0":[0,0,0],"0.9":[0,0,0]}},"right_arm":{"rotation":{"0.0":[0,0,0],"0.4":[-45.05005,-29.25153,-3.45216]},"position":[0,0,0]},"right_forearm":{"rotation":{"0.0":[0,0,0],"0.4":[-22.19157,-3.81024,-9.25249]},"position":[0,0,0]}}},"not_today":{"loop":true,"animation_length":4,"bones":{"player_root":{"rotation":{"1.75":[0,0,0],"2.0":[0,180,0]},"position":{"0.0":[0,-3,0],"0.25":[0,0,0],"0.5":[0,-3,0],"0.75":[0,0,0],"1.0":[0,-3,0],"1.25":[0,0,0],"1.5":[0,-3,0],"1.75":[0,0,0],"2.0":[0,-3,0],"2.25":[0,0,0],"2.5":[0,-3,0],"2.75":[0,0,0],"3.0":[0,-3,0],"3.25":[0,0,0],"3.5":[0,-3,0],"3.75":[0,0,0],"4.0":[0,-3,0]}},"hip":{"rotation":{"0.0":[5,0,0],"0.25":[0,0,0],"0.5":[5,0,0],"0.75":[0,0,0],"1.0":[5,0,0],"1.25":[0,0,0],"1.5":[5,0,0],"1.75":[0,0,0],"2.0":[5,0,0],"2.25":[0,0,0],"2.5":[5,0,0],"2.75":[0,0,0],"3.0":[5,0,0],"3.25":[0,0,0],"3.5":[5,0,0],"3.75":[0,0,0],"4.0":[5,0,0]}},"head":{"rotation":{"0.0":[7.5,0,0],"0.25":[0,0,0],"0.5":[7.5,0,0],"0.75":[0,0,0],"1.0":[7.5,0,0],"1.25":[0,0,0],"1.5":[7.5,0,0],"1.75":[0,0,0],"2.0":[7.5,0,0],"2.25":[0,0,0],"2.5":[7.5,0,0],"2.75":[0,0,0],"3.0":[7.5,0,0],"3.25":[0,0,0],"3.5":[7.5,0,0],"3.75":[0,0,0],"4.0":[7.5,0,0]},"position":{"0.0":[0,0,0],"0.5":[0,0,0],"1.0":[0,0,0],"1.5":[0,0,0],"2.0":[0,0,0],"2.5":[0,0,0],"3.0":[0,0,0],"3.5":[0,0,0],"4.0":[0,0,0]}},"right_arm":{"rotation":{"0.0":[44.82648,-2.86313,6.93488],"0.5":[-45.17352,-2.86313,6.93488],"1.0":[44.82648,-2.86313,6.93488],"1.5":[-45.17352,-2.86313,6.93488],"2.0":[44.82648,-2.86313,6.93488],"2.5":[-45.17352,-2.86313,6.93488],"3.0":[44.82648,-2.86313,6.93488],"3.5":[-45.17352,-2.86313,6.93488],"4.0":[44.82648,-2.86313,6.93488]}},"right_forearm":{"rotation":{"0.0":[-22.5,0,0],"0.5":[-45,0,0],"0.9":[-22.5,0,0],"1.0":[-22.5,0,0],"1.5":[-45,0,0],"1.9":[-22.5,0,0],"2.0":[-22.5,0,0],"2.5":[-45,0,0],"2.9":[-22.5,0,0],"3.0":[-22.5,0,0],"3.5":[-45,0,0],"3.9":[-22.5,0,0],"4.0":[-3.75,0,0]}},"left_arm":{"rotation":{"0.0":[-45,0,-7.5],"0.5":[45,0,-7.5],"1.0":[-45,0,-7.5],"1.5":[45,0,-7.5],"2.0":[-45,0,-7.5],"2.5":[45,0,-7.5],"3.0":[-45,0,-7.5],"3.5":[45,0,-7.5],"4.0":[-45,0,-7.5]}},"left_forearm":{"rotation":{"0.0":[-45,0,0],"0.4":[-22.5,0,0],"0.5":[-3.75,0,0],"1.0":[-45,0,0],"1.4":[-22.5,0,0],"1.5":[-3.75,0,0],"2.0":[-45,0,0],"2.4":[-22.5,0,0],"2.5":[-3.75,0,0],"3.0":[-45,0,0],"3.4":[-22.5,0,0],"3.5":[-3.75,0,0],"4.0":[-45,0,0]}},"right_leg":{"rotation":{"0.0":[-67.5,0,0],"0.5":[45,0,0],"1.0":[-67.5,0,0],"1.5":[45,0,0],"2.0":[-67.5,0,0],"2.5":[45,0,0],"3.0":[-67.5,0,0],"3.5":[45,0,0],"4.0":[-67.5,0,0]}},"right_foreleg":{"rotation":{"0.0":[22.5,0,0],"0.5":[0,0,0],"1.0":[22.5,0,0],"1.5":[0,0,0],"2.0":[22.5,0,0],"2.5":[0,0,0],"3.0":[22.5,0,0],"3.5":[0,0,0],"4.0":[22.5,0,0]}},"left_leg":{"rotation":{"0.0":[45,0,0],"0.5":[-67.5,0,0],"1.0":[45,0,0],"1.5":[-67.5,0,0],"2.0":[45,0,0],"2.5":[-67.5,0,0],"3.0":[45,0,0],"3.5":[-67.5,0,0],"4.0":[45,0,0]}},"left_foreleg":{"rotation":{"0.0":[0,0,0],"0.5":[22.5,0,0],"1.0":[0,0,0],"1.5":[22.5,0,0],"2.0":[0,0,0],"2.5":[22.5,0,0],"3.0":[0,0,0],"3.5":[22.5,0,0],"4.0":[0,0,0]}}}},"bull_rage":{"animation_length":3,"bones":{"player_root":{"rotation":{"0.0":[0,0,0],"0.4":[27.5,0,0]},"position":{"0.0":[0,0,0],"0.4":[0,-2,-4]}},"hip":{"rotation":{"0.0":[0,0,0],"0.45":[22.5,0,0],"0.75":[30,0,0],"1.05":[22.5,0,0],"1.35":[30,0,0],"1.65":[22.5,0,0]}},"head":{"rotation":{"0.0":[0,0,0],"0.4":[-40,0,0],"0.7":[-32.5,0,0],"1.0":[-40,0,0],"1.3":[-32.5,0,0],"1.6":[-40,0,0],"2.0":[-37.5,0,0],"2.5":[-40,0,0],"3.0":[-37.5,0,0]}},"right_arm":{"rotation":{"0.0":[0,0,0],"0.4":[-75.60939,21.37778,-24.77398]}},"right_forearm":{"rotation":{"0.0":[0,0,0],"0.4":[0,0,-20],"0.7":[0,0,-27.5],"1.0":[0,0,-20],"1.3":[0,0,-27.5],"1.6":[0,0,-20]}},"left_arm":{"rotation":{"0.0":[0,0,0],"0.4":[-75.60939,-21.3778,24.774]}},"left_forearm":{"rotation":{"0.0":[0,0,0],"0.4":[0,0,20],"0.7":[0,0,27.5],"1.0":[0,0,20],"1.3":[0,0,27.5],"1.6":[0,0,20]}},"right_leg":{"rotation":{"0.0":[0,0,0],"0.4":[-67.42266,4.61854,1.91757],"0.7":[45,0,0],"1.0":[-67.42266,4.61854,1.91757],"1.3":[45,0,0],"1.6":[-67.42266,4.61854,1.91757]}},"right_foreleg":{"rotation":{"0.0":[0,0,0],"0.4":[45,0,0],"0.7":[67.5,0,0],"1.0":[45,0,0],"1.3":[67.5,0,0],"1.6":[45,0,0]}},"left_leg":{"rotation":{"0.0":[0,0,0],"0.4":[-44.82648,-2.86313,-6.93488]}},"left_foreleg":{"rotation":{"0.0":[0,0,0],"0.4":[22.5,0,0]}}}},"hands_up":{"loop":"hold_on_last_frame","animation_length":1,"bones":{"right_arm":{"rotation":{"0.0":[0,0,0],"0.2":[0,90,157.5]}},"left_arm":{"rotation":{"0.0":[0,0,0],"0.2":[0,-90,-157.5]}}}},"quick_stretch":{"animation_length":4,"bones":{"player_root":{"rotation":{"3.0":[0,0,0],"3.5":[0,0,0],"3.75":[0,0,0]},"position":{"3.0":[0,0,0],"3.25":[0,-4,0],"3.5":[0,8,0],"3.75":[0,0,0]}},"hip":{"rotation":{"0.0":[0,0,0],"0.5":[112.5,0,0],"1.5":[112.5,0,0],"2.0":[0,0,0]}},"head":{"rotation":{"2.0":[0,0,0],"2.2":[0,0,-15],"2.4":[0,0,0],"2.6":[0,0,0],"2.8":[0,0,15],"3.0":[0,0,0]}},"right_arm":{"rotation":{"0.0":[0,0,0],"0.5":[-157.5,0,0],"1.5":[-157.5,0,0],"2.0":[0,0,0],"3.25":[0,0,0],"3.55":[4.9969,0.44473,40.72274],"3.75":[0,0,0]}},"right_forearm":{"rotation":{"3.25":[0,0,0],"3.55":[0,0,-12.5],"3.75":[0,0,0]}},"left_arm":{"rotation":{"0.0":[0,0,0],"0.5":[-157.5,0,0],"1.5":[-157.5,0,0],"2.0":[0,0,0],"3.25":[0,0,0],"3.55":[4.9969,-0.44474,-40.72276],"3.75":[0,0,0]}},"left_forearm":{"rotation":{"3.25":[0,0,0],"3.55":[0,0,12.5],"3.75":[0,0,0]}},"right_leg":{"rotation":{"3.0":[0,0,0],"3.25":[-22.12609,6.52104,2.7285],"3.75":[0,0,0]},"position":{"3.0":[0,0,0],"3.25":[0,3,1],"3.75":[0,0,0]}},"right_foreleg":{"rotation":{"3.0":[0,0,0],"3.25":[32.5,0,0],"3.75":[0,0,0]}},"left_leg":{"rotation":{"3.0":[0,0,0],"3.25":[-22.12609,-6.52104,-2.7285],"3.75":[0,0,0]},"position":{"3.0":[0,0,0],"3.25":[0,3,1],"3.75":[0,0,0]}},"left_foreleg":{"rotation":{"3.0":[0,0,0],"3.25":[32.5,0,0],"3.75":[0,0,0]}}}},"smack":{"animation_length":0.65,"bones":{"player_root":{"rotation":{"0.0":[0,0,0],"0.2":[0,22.5,0],"0.45":[0,-22.5,0],"0.65":[0,0,0]},"position":[0,0,0]},"hip":{"rotation":{"0.0":[0,0,0],"0.2":[0,45,0],"0.45":[0,-90,0],"0.65":[0,0,0]},"position":{"0.0":[0,0,0],"0.65":[0,0,0]}},"head":{"rotation":{"0.0":[0,0,0],"0.2":[20.59152,14.34255,4.39479],"0.45":[0.57719,6.84293,4.31703],"0.65":[0,0,0]}},"right_arm":{"rotation":{"0.0":[0,0,0],"0.2":[0,0,67.5],"0.45":[0,0,112.5],"0.65":[0,0,0]}},"right_forearm":{"rotation":{"0.2":[0,0,0],"0.45":[-22.5,0,0]}},"left_arm":{"rotation":{"0.0":[0,0,0],"0.2":[0,0,-22.5],"0.65":[0,0,0]}},"right_leg":{"rotation":{"0.0":[0,0,0],"0.2":[-7.5,22.5,0],"0.65":[0,0,0]}},"right_foreleg":{"rotation":{"0.0":[0,0,0],"0.2":[10,0,0],"0.65":[0,0,0]}},"left_leg":{"rotation":{"0.0":[0,0,0],"0.2":[-5.41199,-23.06265,-5.38894],"0.65":[0,0,0]}},"left_foreleg":{"rotation":{"0.0":[0,0,0],"0.2":[7.5,0,0],"0.65":[0,0,0]}}}},"splits":{"animation_length":2.5,"bones":{"player_root":{"rotation":{"0.0":[0,0,0],"2.5":[0,0,0]},"position":{"0.0":[0,0,0],"0.25":[0,-2.5,0],"0.5":[0,-9,0],"2.25":[0,-9,0],"2.5":[0,0,0]}},"head":{"rotation":{"0.0":[0,0,0],"0.25":[12.5,0,0],"0.5":[0,0,0],"1.35":[5,0,0],"2.25":[0,0,0],"2.5":[0,0,0]}},"right_arm":{"rotation":{"0.05":[0,0,0],"0.35":[0,0,5],"0.6":[0,45,138.75],"2.15":[0,45,138.75],"2.5":[0,0,0]}},"left_arm":{"rotation":{"0.05":[0,0,0],"0.35":[0,0,-5],"0.6":[0,-67.5,-138.75],"2.15":[0,-67.5,-138.75],"2.5":[0,0,0]}},"right_leg":{"rotation":{"0.0":[0,0,0],"0.5":[-90,0,0],"2.25":[-90,0,0],"2.5":[0,0,0]}},"left_leg":{"rotation":{"0.0":[0,0,0],"0.5":[90,0,0],"2.25":[90,0,0],"2.5":[0,0,0]}}}},"potty_dance":{"loop":true,"animation_length":1,"bones":{"player_root":{"rotation":{"0.0":[0,0,0],"0.5":[0,0,0],"1.0":[0,0,0]},"position":{"0.0":[0,0,0],"0.25":[0,-3,0],"0.5":[0,0,0],"0.75":[0,-3,0],"1.0":[0,0,0]}},"hip":{"rotation":{"0.0":[0,0,0],"0.25":[7.5,0,0],"0.5":[0,0,0],"0.75":[7.5,0,0],"1.0":[0,0,0]}},"head":{"rotation":{"0.0":[0,0,0],"0.25":[5,0,0],"0.5":[0,0,0],"0.75":[5,0,0],"1.0":[0,0,0]}},"right_arm":{"rotation":{"0.0":[-17.27498,-18.92342,-26.24309],"0.5":[-17.27498,-18.92342,-26.24309],"1.0":[-17.27498,-18.92342,-26.24309]}},"left_arm":{"rotation":{"0.0":[-19.25656,11.86554,30.48005],"0.5":[-19.25656,11.86554,30.48005],"1.0":[-19.25656,11.86554,30.48005]}},"right_leg":{"rotation":{"0.0":[0,0,0],"0.25":[-17.56689,-5.51973,-0.87694],"0.5":[0,0,0],"0.75":[-17.56689,-5.51973,-0.87694],"1.0":[0,0,0]},"position":{"0.0":[0,0,0],"0.25":[0,3,1],"0.5":[0,0,0],"0.75":[0,3,1],"1.0":[0,0,0]}},"right_foreleg":{"rotation":{"0.0":[0,0,0],"0.25":[22.5,0,0],"0.5":[0,0,0],"0.75":[22.5,0,0],"1.0":[0,0,0]}},"left_leg":{"rotation":{"0.0":[0,0,0],"0.25":[-17.56689,5.51973,0.87694],"0.5":[0,0,0],"0.75":[-17.56689,5.51973,0.87694],"1.0":[0,0,0]},"position":{"0.0":[0,0,0],"0.25":[0,3,1],"0.5":[0,0,0],"0.75":[0,3,1],"1.0":[0,0,0]}},"left_foreleg":{"rotation":{"0.0":[0,0,0],"0.25":[22.5,0,0],"0.5":[0,0,0],"0.75":[22.5,0,0],"1.0":[0,0,0]}}}},"wave":{"animation_length":2.4,"bones":{"player_root":{"position":{"0.0":[0,0,0],"0.05":[0,-0.44444,0],"0.1":[0,-1.55556,0],"0.15":[0,-2,0],"0.2":[0,-1.55556,0],"0.25":[0,-0.44444,0],"0.3":[0,0,0],"0.35":[0,0,0],"0.4":[0,0,0],"0.45":[0,0,0],"0.5":[0,0,0],"0.55":[0,0,0],"0.6":[0,0,0],"0.65":[0,0,0],"0.7":[0,0,0],"0.75":[0,0,0],"0.8":[0,0,0],"0.85":[0,0,0],"0.9":[0,0,0],"0.95":[0,0,0],"1.0":[0,0,0],"1.05":[0,0,0],"1.1":[0,0,0],"1.15":[0,0,0],"1.2":[0,0,0],"1.25":[0,0,0],"1.3":[0,0,0],"1.35":[0,0,0],"1.4":[0,0,0],"1.45":[0,0,0],"1.5":[0,0,0],"1.55":[0,0,0],"1.6":[0,0,0],"1.65":[0,0,0],"1.7":[0,0,0],"1.75":[0,0,0],"1.8":[0,0,0],"1.85":[0,0,0],"1.9":[0,0,0],"1.95":[0,-0.01389,0],"2.0":[0,-0.05556,0],"2.05":[0,-0.125,0],"2.1":[0,-0.19444,0],"2.15":[0,-0.23611,0],"2.2":[0,-0.25,0],"2.25":[0,-0.125,0],"2.3":[0,0,0]}},"hip":{"rotation":{"0.0":[0,0,0],"0.05":[0.55556,0,0],"0.1":[2.22222,0,0],"0.15":[5,0,0],"0.2":[7.77778,0,0],"0.25":[9.44444,0,0],"0.3":[10,0,0],"0.35":[8.125,0,0],"0.4":[2.5,0,0],"0.45":[-3.125,0,0],"0.5":[-5,0,0],"0.55":[-5,0,0.0074],"0.6":[-5,0,0.02959],"0.65":[-5,0,0.06657],"0.7":[-5,0,0.11834],"0.75":[-5,0,0.18491],"0.8":[-5,0,0.26627],"0.85":[-5,0,0.36243],"0.9":[-5,0,0.47337],"0.95":[-5,0,0.59911],"1.0":[-5,0,0.73964],"1.05":[-5,0,0.89497],"1.1":[-5,0,1.06509],"1.15":[-5,0,1.25],"1.2":[-5,0,1.43491],"1.25":[-5,0,1.60503],"1.3":[-5,0,1.76036],"1.35":[-5,0,1.90089],"1.4":[-5,0,2.02663],"1.45":[-5,0,2.13757],"1.5":[-5,0,2.23373],"1.55":[-5,0,2.31509],"1.6":[-5,0,2.38166],"1.65":[-5,0,2.43343],"1.7":[-5,0,2.47041],"1.75":[-5,0,2.4926],"1.8":[-5,0,2.5],"1.85":[-4.2,0,2.3],"1.9":[-1.8,0,1.7],"1.95":[1.8,0,0.8],"2.0":[4.2,0,0.2],"2.05":[5,0,0],"2.1":[4.44444,0,-0.55556],"2.15":[3.05556,0,-1.94444],"2.2":[2.5,0,-2.5],"2.25":[1.94444,0,-1.94444],"2.3":[0.55556,0,-0.55556],"2.35":[0,0,0]}},"waist":{"rotation":{"0.0":[0,0,0],"0.05":[0,0,0],"0.1":[0,0,0],"0.15":[0,0,0],"0.2":[0,0,0],"0.25":[0,0,0],"0.3":[0,0,0],"0.35":[0,0,0],"0.4":[0,0,0],"0.45":[0,0,0],"0.5":[0,0,0],"0.55":[-0.00237,-0.10891,1.24525],"0.6":[-0.00473,-0.21782,2.4905],"0.65":[-0.00472,-0.21783,2.4905],"0.7":[-0.00467,-0.21785,2.49049],"0.75":[-0.0046,-0.21788,2.49048],"0.8":[-0.00449,-0.21793,2.49047],"0.85":[-0.00436,-0.218,2.49046],"0.9":[-0.00419,-0.21807,2.49044],"0.95":[-0.00399,-0.21816,2.49042],"1.0":[-0.00377,-0.21827,2.4904],"1.05":[-0.00351,-0.21839,2.49037],"1.1":[-0.00322,-0.21852,2.49034],"1.15":[-0.0029,-0.21866,2.49031],"1.2":[-0.00255,-0.21882,2.49027],"1.25":[-0.00218,-0.219,2.49023],"1.3":[-0.00183,-0.21916,2.49019],"1.35":[-0.00152,-0.2193,2.49016],"1.4":[-0.00123,-0.21944,2.49013],"1.45":[-0.00097,-0.21955,2.4901],"1.5":[-0.00074,-0.21966,2.49008],"1.55":[-0.00055,-0.21975,2.49006],"1.6":[-0.00038,-0.21983,2.49004],"1.65":[-0.00024,-0.21989,2.49003],"1.7":[-0.00014,-0.21994,2.49001],"1.75":[-6e-05,-0.21997,2.49001],"1.8":[-2e-05,-0.21999,2.49],"1.85":[0,-0.22,2.49],"1.9":[0,-0.1925,2.17875],"1.95":[0,-0.11,1.245],"2.0":[0,-0.0275,0.31125],"2.05":[0,0,0]}},"head":{"rotation":{"0.0":[0,0,0],"0.05":[-2.77778,0,0],"0.1":[-9.72222,0,0],"0.15":[-12.5,0,0],"0.2":[-6.94444,0,0],"0.25":[6.94444,0,0],"0.3":[12.5,0,0],"0.35":[11.05556,0,0],"0.4":[7.44444,0,0],"0.45":[6,0,0],"0.5":[5.99579,-0.09672,1.1069],"0.55":[5.98528,-0.33851,3.87417],"0.6":[5.98107,-0.43523,4.98107],"0.65":[5.98107,-0.43523,4.98107],"0.7":[5.98107,-0.43523,4.98107],"0.75":[5.98107,-0.43523,4.98107],"0.8":[5.98107,-0.43523,4.98107],"0.85":[5.98107,-0.43523,4.98107],"0.9":[5.98107,-0.43523,4.98107],"0.95":[5.98107,-0.43523,4.98107],"1.0":[5.98107,-0.43523,4.98107],"1.05":[5.98107,-0.43523,4.98107],"1.1":[5.98107,-0.43523,4.98107],"1.15":[5.98107,-0.43523,4.98107],"1.2":[5.98107,-0.43523,4.98107],"1.25":[5.98107,-0.43523,4.98107],"1.3":[5.98107,-0.43523,4.98107],"1.35":[5.98107,-0.43523,4.98107],"1.4":[5.98107,-0.43523,4.98107],"1.45":[5.98107,-0.43523,4.98107],"1.5":[5.98107,-0.43523,4.98107],"1.55":[5.98107,-0.43523,4.98107],"1.6":[5.98107,-0.43523,4.98107],"1.65":[5.98107,-0.43523,4.98107],"1.7":[5.98107,-0.43523,4.98107],"1.75":[5.98107,-0.43523,4.98107],"1.8":[5.98107,-0.43523,4.98107],"1.85":[5.42657,-0.41105,4.70434],"1.9":[3.76305,-0.33851,3.87417],"1.95":[0.99053,-0.21762,2.49053],"2.0":[-1.78198,-0.09672,1.1069],"2.05":[-3.4455,-0.02418,0.27673],"2.1":[-4,0,0],"2.15":[-3.11058,-0.02423,-0.55503],"2.2":[-0.88704,-0.08479,-1.9426],"2.25":[0.00238,-0.10901,-2.49762],"2.3":[0.00185,-0.08479,-1.9426],"2.35":[0.00053,-0.02423,-0.55503],"2.4":[0,0,0]}},"right_arm":{"rotation":{"0.0":[0,0,0],"0.05":[0,0,0],"0.1":[0,0,0],"0.15":[0,0,0],"0.2":[0,0,0],"0.25":[0,0,0],"0.3":[0,3.4,11],"0.35":[0,13.6,44],"0.4":[0,28.9,93.5],"0.45":[0,39.1,126.5],"0.5":[0,42.5,137.5],"0.55":[0,42.5,150],"0.6":[0,42.5,162.5],"0.65":[0,42.5,150],"0.7":[0,42.5,137.5],"0.75":[0,42.5,150],"0.8":[0,42.5,162.5],"0.85":[0,42.5,150],"0.9":[0,42.5,137.5],"0.95":[0,42.5,150],"1.0":[0,42.5,162.5],"1.05":[0,42.5,150],"1.1":[0,42.5,137.5],"1.15":[0,42.5,150],"1.2":[0,42.5,162.5],"1.25":[0,42.5,150],"1.3":[0,42.5,137.5],"1.35":[0,42.5,150],"1.4":[0,42.5,162.5],"1.45":[0,42.5,150],"1.5":[0,42.5,137.5],"1.55":[0,42.5,150],"1.6":[0,42.5,162.5],"1.65":[0,42.5,150],"1.7":[0,42.5,137.5],"1.75":[0,42.5,137.5],"1.8":[0,42.5,137.5],"1.85":[0,42.5,137.5],"1.9":[0,42.5,137.5],"1.95":[0,40.13889,129.86111],"2.0":[0,33.05556,106.94444],"2.05":[0,21.25,68.75],"2.1":[0,9.44444,30.55556],"2.15":[0,2.36111,7.63889],"2.2":[0,0,0]},"position":{"0.0":[0,0,0],"0.05":[0,0,0],"0.1":[0,0.22222,0],"0.15":[0,0.77778,0],"0.2":[0,1,0],"0.25":[0,0.55556,0],"0.3":[0,-0.55556,0],"0.35":[0,-1,0],"0.4":[0,0,0],"0.45":[0,1,0],"0.5":[-0.11111,1.27778,0],"0.55":[-0.38889,1.97222,0],"0.6":[-0.5,2.25,0],"0.65":[-0.25,1.625,0],"0.7":[0,1,0],"0.75":[-0.25,1.625,0],"0.8":[-0.5,2.25,0],"0.85":[-0.25,1.625,0],"0.9":[0,1,0],"0.95":[-0.25,1.625,0],"1.0":[-0.5,2.25,0],"1.05":[-0.25,1.625,0],"1.1":[0,1,0],"1.15":[-0.25,1.625,0],"1.2":[-0.5,2.25,0],"1.25":[-0.25,1.625,0],"1.3":[0,1,0],"1.35":[-0.25,1.625,0],"1.4":[-0.5,2.25,0],"1.45":[-0.25,1.625,0],"1.5":[0,1,0],"1.55":[-0.25,1.625,0],"1.6":[-0.5,2.25,0],"1.65":[-0.25,1.625,0],"1.7":[0,1,0],"1.75":[0,0.98,0],"1.8":[0,0.92,0],"1.85":[0,0.82,0],"1.9":[0,0.68,0],"1.95":[0,0.5,0],"2.0":[0,0.32,0],"2.05":[0,0.18,0],"2.1":[0,0.08,0],"2.15":[0,0.02,0],"2.2":[0,0,0]}},"right_forearm":{"rotation":{"0.0":[0,0,0],"0.05":[0,0,0],"0.1":[0,0,0],"0.15":[0,0,0],"0.2":[0,0,0],"0.25":[0,0,0],"0.3":[0,3.52,0],"0.35":[0,14.08,0],"0.4":[0,29.92,0],"0.45":[0,40.48,0],"0.5":[0,44,0],"0.55":[-12.32509,45.03361,0.1859],"0.6":[-24.65019,46.06722,0.3718],"0.65":[-12.32509,45.03361,0.1859],"0.7":[0,44,0],"0.75":[-12.32509,45.03361,0.1859],"0.8":[-24.65019,46.06722,0.3718],"0.85":[-12.32509,45.03361,0.1859],"0.9":[0,44,0],"0.95":[-12.32509,45.03361,0.1859],"1.0":[-24.65019,46.06722,0.3718],"1.05":[-12.32509,45.03361,0.1859],"1.1":[0,44,0],"1.15":[-12.32509,45.03361,0.1859],"1.2":[-24.65019,46.06722,0.3718],"1.25":[-12.32509,45.03361,0.1859],"1.3":[0,44,0],"1.35":[-12.32509,45.03361,0.1859],"1.4":[-24.65019,46.06722,0.3718],"1.45":[-12.32509,45.03361,0.1859],"1.5":[0,44,0],"1.55":[-12.32509,45.03361,0.1859],"1.6":[-24.65019,46.06722,0.3718],"1.65":[-12.32509,45.03361,0.1859],"1.7":[0,44,0],"1.75":[0,44,0],"1.8":[0,44,0],"1.85":[0,44,0],"1.9":[0,44,0],"1.95":[0,44,0],"2.0":[0,40.48,0],"2.05":[0,29.92,0],"2.1":[0,14.08,0],"2.15":[0,3.52,0],"2.2":[0,0,0]}},"left_arm":{"rotation":{"0.0":[0,0,0],"0.05":[0,0,0],"0.1":[0,0,0],"0.15":[0,0,0],"0.2":[0,0,0],"0.25":[0,0,0],"0.3":[0,0,0],"0.35":[0.01028,-0.06682,-3.88833],"0.4":[0.03599,-0.23387,-13.60916],"0.45":[0.04627,-0.30069,-17.4975],"0.5":[0.04628,-0.30069,-17.4975],"0.55":[0.04631,-0.30069,-17.49752],"0.6":[0.04635,-0.30068,-17.49755],"0.65":[0.04641,-0.30067,-17.49759],"0.7":[0.04648,-0.30065,-17.49764],"0.75":[0.04657,-0.30064,-17.4977],"0.8":[0.04668,-0.30062,-17.49777],"0.85":[0.0468,-0.30059,-17.49785],"0.9":[0.04694,-0.30057,-17.49795],"0.95":[0.0471,-0.30054,-17.49805],"1.0":[0.04728,-0.30051,-17.49817],"1.05":[0.04747,-0.30047,-17.4983],"1.1":[0.04767,-0.30043,-17.49844],"1.15":[0.0479,-0.30039,-17.49859],"1.2":[0.04814,-0.30035,-17.49875],"1.25":[0.04838,-0.3003,-17.49891],"1.3":[0.0486,-0.30026,-17.49906],"1.35":[0.04881,-0.30022,-17.4992],"1.4":[0.049,-0.30019,-17.49933],"1.45":[0.04917,-0.30015,-17.49944],"1.5":[0.04933,-0.30012,-17.49955],"1.55":[0.04947,-0.3001,-17.49964],"1.6":[0.04959,-0.30008,-17.49973],"1.65":[0.0497,-0.30006,-17.4998],"1.7":[0.04979,-0.30004,-17.49986],"1.75":[0.04987,-0.30002,-17.49991],"1.8":[0.04993,-0.30001,-17.49995],"1.85":[0.04997,-0.30001,-17.49998],"1.9":[0.04999,-0.3,-17.49999],"1.95":[0.05,-0.3,-17.5],"2.0":[0.046,-0.276,-16.1],"2.05":[0.034,-0.204,-11.9],"2.1":[0.016,-0.096,-5.6],"2.15":[0.004,-0.024,-1.4],"2.2":[0,0,0]},"position":{"0.0":[0,0,0],"0.05":[0,0,0],"0.1":[0,0.22222,0],"0.15":[0,0.77778,0],"0.2":[0,1,0],"0.25":[0,0.55556,0],"0.3":[0,-0.55556,0],"0.35":[0,-1,0],"0.4":[0,0,0],"0.45":[0,1,0],"0.5":[0,1,0],"0.55":[0,1,0],"0.6":[0,1,0],"0.65":[0,1,0],"0.7":[0,1,0],"0.75":[0,1,0],"0.8":[0,1,0],"0.85":[0,1,0],"0.9":[0,1,0],"0.95":[0,1,0],"1.0":[0,1,0],"1.05":[0,1,0],"1.1":[0,1,0],"1.15":[0,1,0],"1.2":[0,1,0],"1.25":[0,1,0],"1.3":[0,1,0],"1.35":[0,1,0],"1.4":[0,1,0],"1.45":[0,1,0],"1.5":[0,1,0],"1.55":[0,1,0],"1.6":[0,1,0],"1.65":[0,1,0],"1.7":[0,1,0],"1.75":[0,1,0],"1.8":[0,1,0],"1.85":[0,1,0],"1.9":[0,1,0],"1.95":[0,1,0],"2.0":[0,1,0],"2.05":[0,0.875,0],"2.1":[0,0.5,0],"2.15":[0,0.125,0],"2.2":[0,0,0]}},"right_leg":{"rotation":{"0.0":[0,0,0],"0.05":[-6.66667,0,0],"0.1":[-23.33333,0,0],"0.15":[-30,0,0],"0.2":[-22.22222,0,1.22222],"0.25":[-2.77778,0,4.27778],"0.3":[5,0,5.5],"0.35":[5,0,5.5],"0.4":[5,0,5.5],"0.45":[5,0,5.5],"0.5":[5,0,5.5],"0.55":[5,0,5.5],"0.6":[5,0,5.5],"0.65":[5,0,5.5],"0.7":[5,0,5.5],"0.75":[5,0,5.5],"0.8":[5,0,5.5],"0.85":[5,0,5.5],"0.9":[5,0,5.5],"0.95":[5,0,5.5],"1.0":[5,0,5.5],"1.05":[5,0,5.5],"1.1":[5,0,5.5],"1.15":[5,0,5.5],"1.2":[5,0,5.5],"1.25":[5,0,5.5],"1.3":[5,0,5.5],"1.35":[5,0,5.5],"1.4":[5,0,5.5],"1.45":[5,0,5.5],"1.5":[5,0,5.5],"1.55":[5,0,5.5],"1.6":[5,0,5.5],"1.65":[5,0,5.5],"1.7":[5,0,5.5],"1.75":[5,0,5.5],"1.8":[5,0,5.5],"1.85":[5,0,5.5],"1.9":[5,0,5.5],"1.95":[4.58333,0,5.19444],"2.0":[3.33333,0,4.27778],"2.05":[1.25,0,2.75],"2.1":[-0.83333,0,1.22222],"2.15":[-2.08333,0,0.30556],"2.2":[-2.5,0,0],"2.25":[-1.25,0,0],"2.3":[0,0,0]},"position":{"0.0":[0,0,0],"0.05":[-0.01389,0,0],"0.1":[-0.05556,0,0],"0.15":[-0.125,0,0],"0.2":[-0.19444,0,0],"0.25":[-0.23611,0,0],"0.3":[-0.25,0,0],"0.35":[-0.25,0,0],"0.4":[-0.25,0,0],"0.45":[-0.25,0,0],"0.5":[-0.25,0,0],"0.55":[-0.25,0,0],"0.6":[-0.25,0,0],"0.65":[-0.25,0,0],"0.7":[-0.25,0,0],"0.75":[-0.25,0,0],"0.8":[-0.25,0,0],"0.85":[-0.25,0,0],"0.9":[-0.25,0,0],"0.95":[-0.25,0,0],"1.0":[-0.25,0,0],"1.05":[-0.25,0,0],"1.1":[-0.25,0,0],"1.15":[-0.25,0,0],"1.2":[-0.25,0,0],"1.25":[-0.25,0,0],"1.3":[-0.25,0,0],"1.35":[-0.25,0,0],"1.4":[-0.25,0,0],"1.45":[-0.25,0,0],"1.5":[-0.25,0,0],"1.55":[-0.25,0,0],"1.6":[-0.25,0,0],"1.65":[-0.25,0,0],"1.7":[-0.25,0,0],"1.75":[-0.25,0,0],"1.8":[-0.25,0,0],"1.85":[-0.25,0,0],"1.9":[-0.25,0,0],"1.95":[-0.23611,0,0],"2.0":[-0.19444,0,0],"2.05":[-0.125,0,0],"2.1":[-0.05556,0,0],"2.15":[-0.01389,0,0],"2.2":[0,0,0]}},"right_foreleg":{"rotation":{"0.0":[0,0,0],"0.05":[13.33333,0,0],"0.1":[46.66667,0,0],"0.15":[60,0,0],"0.2":[46.66667,0,0],"0.25":[13.33333,0,0],"0.3":[0,0,0],"0.35":[0,0,0],"0.4":[0,0,0],"0.45":[0,0,0],"0.5":[0,0,0],"0.55":[0,0,0],"0.6":[0,0,0],"0.65":[0,0,0],"0.7":[0,0,0],"0.75":[0,0,0],"0.8":[0,0,0],"0.85":[0,0,0],"0.9":[0,0,0],"0.95":[0,0,0],"1.0":[0,0,0],"1.05":[0,0,0],"1.1":[0,0,0],"1.15":[0,0,0],"1.2":[0,0,0],"1.25":[0,0,0],"1.3":[0,0,0],"1.35":[0,0,0],"1.4":[0,0,0],"1.45":[0,0,0],"1.5":[0,0,0],"1.55":[0,0,0],"1.6":[0,0,0],"1.65":[0,0,0],"1.7":[0,0,0],"1.75":[0,0,0],"1.8":[0,0,0],"1.85":[0,0,0],"1.9":[0,0,0],"1.95":[0.41667,0,0],"2.0":[1.66667,0,0],"2.05":[3.75,0,0],"2.1":[5.83333,0,0],"2.15":[7.08333,0,0],"2.2":[7.5,0,0],"2.25":[3.75,0,0],"2.3":[0,0,0]}},"left_leg":{"rotation":{"0.0":[0,0,0],"0.05":[-6.66667,0,0],"0.1":[-23.33333,0,0],"0.15":[-30,0,0],"0.2":[-22.22222,0,0],"0.25":[-2.77778,0,0],"0.3":[5,0,0],"0.35":[5,0,0],"0.4":[5,0,0],"0.45":[5,0,0],"0.5":[5,0,0],"0.55":[5,0,0],"0.6":[5,0,0],"0.65":[5,0,0],"0.7":[5,0,0],"0.75":[5,0,0],"0.8":[5,0,0],"0.85":[5,0,0],"0.9":[5,0,0],"0.95":[5,0,0],"1.0":[5,0,0],"1.05":[5,0,0],"1.1":[5,0,0],"1.15":[5,0,0],"1.2":[5,0,0],"1.25":[5,0,0],"1.3":[5,0,0],"1.35":[5,0,0],"1.4":[5,0,0],"1.45":[5,0,0],"1.5":[5,0,0],"1.55":[5,0,0],"1.6":[5,0,0],"1.65":[5,0,0],"1.7":[5,0,0],"1.75":[5,0,0],"1.8":[5,0,0],"1.85":[5,0,0],"1.9":[5,0,0],"1.95":[4.58333,0,0],"2.0":[3.33333,0,0],"2.05":[1.25,0,0],"2.1":[-0.83333,0,0],"2.15":[-2.08333,0,0],"2.2":[-2.5,0,0],"2.25":[-1.25,0,0],"2.3":[0,0,0]},"position":{"0.0":[0,0,0],"0.05":[0.01389,0,0],"0.1":[0.05556,0,0],"0.15":[0.125,0,0],"0.2":[0.19444,0,0],"0.25":[0.23611,0,0],"0.3":[0.25,0,0],"0.35":[0.25,0,0],"0.4":[0.25,0,0],"0.45":[0.25,0,0],"0.5":[0.25,0,0],"0.55":[0.25,0,0],"0.6":[0.25,0,0],"0.65":[0.25,0,0],"0.7":[0.25,0,0],"0.75":[0.25,0,0],"0.8":[0.25,0,0],"0.85":[0.25,0,0],"0.9":[0.25,0,0],"0.95":[0.25,0,0],"1.0":[0.25,0,0],"1.05":[0.25,0,0],"1.1":[0.25,0,0],"1.15":[0.25,0,0],"1.2":[0.25,0,0],"1.25":[0.25,0,0],"1.3":[0.25,0,0],"1.35":[0.25,0,0],"1.4":[0.25,0,0],"1.45":[0.25,0,0],"1.5":[0.25,0,0],"1.55":[0.25,0,0],"1.6":[0.25,0,0],"1.65":[0.25,0,0],"1.7":[0.25,0,0],"1.75":[0.25,0,0],"1.8":[0.25,0,0],"1.85":[0.25,0,0],"1.9":[0.25,0,0],"1.95":[0.23611,0,0],"2.0":[0.19444,0,0],"2.05":[0.125,0,0],"2.1":[0.05556,0,0],"2.15":[0.01389,0,0],"2.2":[0,0,0]}},"left_foreleg":{"rotation":{"0.0":[0,0,0],"0.15":[60,0,0],"0.3":[0,0,0],"1.7":[0,0,0],"1.9":[0,0,0],"2.0":[0,0,0],"2.2":[7.5,0,0],"2.3":[0,0,0]}}}}}}