{"format_version":"1.8.0","animations":{"animation.saxo.play":{"loop":true,"animation_length":1,"bones":{"player_root":{"rotation":{"0.0":[0,0,0],"0.5":[0,0,0],"1.0":[0,0,0]},"position":{"0.0":[0,0,0],"0.25":[0,-3,0],"0.5":[0,0,0],"0.75":[0,-3,0],"1.0":[0,0,0]}},"hip":{"rotation":{"0.0":[0,0,0],"0.25":[7.5,0,0],"0.5":[0,0,0],"0.75":[7.5,0,0],"1.0":[0,0,0]}},"head":{"rotation":{"0.0":[0,0,0],"0.25":[5,0,0],"0.5":[0,0,0],"0.75":[5,0,0],"1.0":[0,0,0]}},"right_arm":{"rotation":{"0.0":[-45.48963,-3.21621,-9.76769],"0.5":[-37.24257,-7.38697,-1.78436],"1.0":[-45.48963,-3.21621,-9.76769]}},"left_arm":{"rotation":{"0.0":[-19.25656,11.86554,30.48005],"0.5":[-19.25656,11.86554,30.48005],"1.0":[-19.25656,11.86554,30.48005]}},"right_leg":{"rotation":{"0.0":[0,0,0],"0.5":[-17.56689,-5.51973,-0.87694],"1.0":[0,0,0]},"position":{"0.0":[0,0,0],"0.5":[0,3,1],"1.0":[0,0,0]}},"right_foreleg":{"rotation":{"0.0":[0,0,0],"0.5":[22.5,0,0],"1.0":[0,0,0]}},"left_leg":{"rotation":{"0.0":[0,0,0],"0.25":[-17.56689,5.51973,0.87694],"0.5":[0,0,0],"0.75":[-17.56689,5.51973,0.87694],"1.0":[0,0,0]},"position":{"0.0":[0,0,0],"0.25":[0,3,1],"0.5":[0,0,0],"0.75":[0,3,1],"1.0":[0,0,0]}},"left_foreleg":{"rotation":{"0.0":[0,0,0],"0.25":[22.5,0,0],"0.5":[0,0,0],"0.75":[22.5,0,0],"1.0":[0,0,0]}},"waist":{"rotation":[-20,0,0]},"leftSleeve":{"rotation":{"0.0":[0,0,0],"0.5":[7.5,0,2.5],"1.0":[0,0,0]}}}}}}