{"format_version":"1.8.0","animations":{"animation.npcwiki.stand":{"loop":true,"animation_length":3.7,"bones":{"bone2":{"rotation":[0,0,-7.5]},"bone5":{"rotation":[5,0,0]},"bone3":{"rotation":[-5,0,5]},"bone4":{"rotation":[7.5,0,0]},"bras":{"rotation":[-47.5,0,0]},"g":{"rotation":{"0.0":{"post":[43.86296,-43.88766,-46.14489],"lerp_mode":"catmullrom"},"2.0":{"post":[41.36296,-43.88766,-46.14489],"lerp_mode":"catmullrom"},"3.4":[43.86296,-43.88766,-46.14489]},"position":[0.8,-0.8,-1.7]},"head":{"rotation":{"0.0":{"post":[10.4855,-18.09367,1.78701],"lerp_mode":"catmullrom"},"1.7":{"post":[14.17435,-17.48634,1.00605],"lerp_mode":"catmullrom"},"3.7":[10.4855,-18.09367,1.78701]},"position":{"0.0":{"post":[0,0,0],"lerp_mode":"catmullrom"},"1.7":{"post":[0,0.4,0],"lerp_mode":"catmullrom"},"3.7":[0,0,0]}},"bone":{"rotation":[-2.41492,0.64686,24.98637]},"bone9":{"rotation":[25,0,0]},"g2":{"rotation":[0,0,42.5]},"bone8":{"rotation":{"0.0":[6.19768,-11.95828,-6.19768],"1.3":[5.6192,-4.37911,-3.18859],"2.0":[5.24133,-17.43127,-1.5741],"3.7":[6.19768,-11.95828,-6.19768]},"position":{"0.0":[0,-2,-6],"3.7":[0,-2,-6]}},"bone13":{"rotation":[-16.56218,23.61321,-5.06541],"position":[-10,-4,11]},"torse":{"position":{"0.0":[0,0,0],"2.5":[0,0.5,0],"3.7":[0,0,0]}},"bone6":{"rotation":{"0.0":{"post":[0,0,0],"lerp_mode":"catmullrom"},"2.0":{"post":[-5,0,0],"lerp_mode":"catmullrom"},"3.7":[0,0,0]}},"bone10":{"rotation":{"0.0":[12.5,0,0],"3.7":[12.5,359,0]},"position":{"0.0":[0,0,0],"2.5":[0,1,0],"3.7":[0,0,0]}},"bone16":{"rotation":{"0.0":{"post":[0,0,-17.5],"lerp_mode":"catmullrom"},"0.5":{"post":[0,0,147.5],"lerp_mode":"catmullrom"},"0.8":[0,0,155]}},"bone17":{"rotation":{"0.0":{"post":[0,0,0],"lerp_mode":"catmullrom"},"1.7":{"post":[0,0,-7.5],"lerp_mode":"catmullrom"},"2.2":{"post":[0,0,-7.5],"lerp_mode":"catmullrom"},"3.7":[0,0,0]}},"bone18":{"scale":{"2.0":[0,0,0],"2.2":[1,1,1],"2.4":[0,0,0]}}}}}}