{"format_version":"1.12.0","minecraft:geometry":[{"bones":[{"cubes":[{"origin":[-5.5,0,-5.5],"size":[11,0.5,11],"uv":{"down":{"uv":[0,32],"uv_size":[16,-16]},"east":{"uv":[36,49],"uv_size":[16,1]},"north":{"uv":[36,48],"uv_size":[16,1]},"south":{"uv":[36,50],"uv_size":[16,1]},"up":{"uv":[0,0],"uv_size":[16,16]},"west":{"uv":[36,51],"uv_size":[16,1]}}},{"origin":[3,0.5,3],"size":[2,24,2],"uv":{"down":{"uv":[52,8],"uv_size":[4,-4]},"east":{"uv":[20,0],"uv_size":[4,48]},"north":{"uv":[16,0],"uv_size":[4,48]},"south":{"uv":[24,0],"uv_size":[4,48]},"up":{"uv":[52,0],"uv_size":[4,4]},"west":{"uv":[28,0],"uv_size":[4,48]}}},{"origin":[-5,0.5,3],"size":[2,24,2],"uv":{"down":{"uv":[52,16],"uv_size":[4,-4]},"east":{"uv":[32,0],"uv_size":[4,48]},"north":{"uv":[0,32],"uv_size":[4,48]},"south":{"uv":[4,32],"uv_size":[4,48]},"up":{"uv":[52,8],"uv_size":[4,4]},"west":{"uv":[8,32],"uv_size":[4,48]}}},{"origin":[-5,0.5,-5],"size":[2,24,2],"uv":{"down":{"uv":[52,24],"uv_size":[4,-4]},"east":{"uv":[36,0],"uv_size":[4,48]},"north":{"uv":[12,32],"uv_size":[4,48]},"south":{"uv":[40,0],"uv_size":[4,48]},"up":{"uv":[52,16],"uv_size":[4,4]},"west":{"uv":[44,0],"uv_size":[4,48]}}},{"origin":[3,0.5,-5],"size":[2,24,2],"uv":{"down":{"uv":[52,32],"uv_size":[4,-4]},"east":{"uv":[16,48],"uv_size":[4,48]},"north":{"uv":[48,0],"uv_size":[4,48]},"south":{"uv":[20,48],"uv_size":[4,48]},"up":{"uv":[52,24],"uv_size":[4,4]},"west":{"uv":[24,48],"uv_size":[4,48]}}},{"origin":[3.5,1,-4],"pivot":[4,1,-3],"rotation":[-45,0,0],"size":[1,10,1],"uv":{"down":{"uv":[52,36],"uv_size":[2,-2]},"east":{"uv":[30,48],"uv_size":[2,20]},"north":{"uv":[28,48],"uv_size":[2,20]},"south":{"uv":[32,48],"uv_size":[2,20]},"up":{"uv":[52,32],"uv_size":[2,2]},"west":{"uv":[34,48],"uv_size":[2,20]}}},{"origin":[3.5,15.75,-4],"pivot":[4,15.75,-3],"rotation":[-45,0,0],"size":[1,10,1],"uv":{"down":{"uv":[52,36],"uv_size":[2,-2]},"east":{"uv":[30,48],"uv_size":[2,20]},"north":{"uv":[28,48],"uv_size":[2,20]},"south":{"uv":[32,48],"uv_size":[2,20]},"up":{"uv":[52,32],"uv_size":[2,2]},"west":{"uv":[34,48],"uv_size":[2,20]}}},{"origin":[3.5,8.375,3],"pivot":[4,8.375,3],"rotation":[45,0,0],"size":[1,10,1],"uv":{"down":{"uv":[52,36],"uv_size":[2,-2]},"east":{"uv":[30,48],"uv_size":[2,20]},"north":{"uv":[28,48],"uv_size":[2,20]},"south":{"uv":[32,48],"uv_size":[2,20]},"up":{"uv":[52,32],"uv_size":[2,2]},"west":{"uv":[34,48],"uv_size":[2,20]}}},{"origin":[3,1,3.5],"pivot":[3,1,4],"rotation":[0,0,-45],"size":[1,10,1],"uv":{"down":{"uv":[52,36],"uv_size":[2,-2]},"east":{"uv":[30,48],"uv_size":[2,20]},"north":{"uv":[28,48],"uv_size":[2,20]},"south":{"uv":[32,48],"uv_size":[2,20]},"up":{"uv":[52,32],"uv_size":[2,2]},"west":{"uv":[34,48],"uv_size":[2,20]}}},{"origin":[-7,15.75,3.5],"pivot":[3,15.75,4],"rotation":[0,0,45],"size":[10,1,1],"uv":{"down":{"uv":[32,68],"uv_size":[-2,-20]},"east":{"uv":[54,34],"uv_size":[2,2]},"north":{"uv":[28,48],"uv_size":[2,20]},"south":{"uv":[32,48],"uv_size":[2,20]},"up":{"uv":[36,68],"uv_size":[-2,-20]},"west":{"uv":[54,34],"uv_size":[2,2]}}},{"origin":[-4,8.375,3.5],"pivot":[-3,8.375,4],"rotation":[0,0,45],"size":[1,10,1],"uv":{"down":{"uv":[56,36],"uv_size":[-2,-2]},"east":{"uv":[30,48],"uv_size":[2,20]},"north":{"uv":[28,48],"uv_size":[2,20]},"south":{"uv":[32,48],"uv_size":[2,20]},"up":{"uv":[56,36],"uv_size":[-2,-2]},"west":{"uv":[34,48],"uv_size":[2,20]}}},{"origin":[-4.5,1,3],"pivot":[-4,1,3],"rotation":[45,0,0],"size":[1,10,1],"uv":{"down":{"uv":[52,36],"uv_size":[2,-2]},"east":{"uv":[30,48],"uv_size":[2,20]},"north":{"uv":[28,48],"uv_size":[2,20]},"south":{"uv":[32,48],"uv_size":[2,20]},"up":{"uv":[52,32],"uv_size":[2,2]},"west":{"uv":[34,48],"uv_size":[2,20]}}},{"origin":[-4.5,15.75,3],"pivot":[-4,15.75,3],"rotation":[45,0,0],"size":[1,10,1],"uv":{"down":{"uv":[56,36],"uv_size":[-2,-2]},"east":{"uv":[30,48],"uv_size":[2,20]},"north":{"uv":[28,48],"uv_size":[2,20]},"south":{"uv":[32,48],"uv_size":[2,20]},"up":{"uv":[56,36],"uv_size":[-2,-2]},"west":{"uv":[34,48],"uv_size":[2,20]}}},{"origin":[-4.5,8.375,-4],"pivot":[-4,8.375,-3],"rotation":[-45,0,0],"size":[1,10,1],"uv":{"down":{"uv":[56,36],"uv_size":[-2,-2]},"east":{"uv":[30,48],"uv_size":[2,20]},"north":{"uv":[28,48],"uv_size":[2,20]},"south":{"uv":[32,48],"uv_size":[2,20]},"up":{"uv":[56,36],"uv_size":[-2,-2]},"west":{"uv":[34,48],"uv_size":[2,20]}}},{"origin":[-4,1,-4.5],"pivot":[-3,1,-4],"rotation":[0,0,45],"size":[1,10,1],"uv":{"down":{"uv":[52,36],"uv_size":[2,-2]},"east":{"uv":[30,48],"uv_size":[2,20]},"north":{"uv":[28,48],"uv_size":[2,20]},"south":{"uv":[32,48],"uv_size":[2,20]},"up":{"uv":[52,32],"uv_size":[2,2]},"west":{"uv":[34,48],"uv_size":[2,20]}}},{"origin":[-4,15.75,-4.5],"pivot":[-3,15.75,-4],"rotation":[0,0,45],"size":[1,10,1],"uv":{"down":{"uv":[56,36],"uv_size":[-2,-2]},"east":{"uv":[30,48],"uv_size":[2,20]},"north":{"uv":[28,48],"uv_size":[2,20]},"south":{"uv":[32,48],"uv_size":[2,20]},"up":{"uv":[56,36],"uv_size":[-2,-2]},"west":{"uv":[34,48],"uv_size":[2,20]}}},{"origin":[3,8.375,-4.5],"pivot":[3,8.375,-4],"rotation":[0,0,-45],"size":[1,10,1],"uv":{"down":{"uv":[56,36],"uv_size":[-2,-2]},"east":{"uv":[30,48],"uv_size":[2,20]},"north":{"uv":[28,48],"uv_size":[2,20]},"south":{"uv":[32,48],"uv_size":[2,20]},"up":{"uv":[56,36],"uv_size":[-2,-2]},"west":{"uv":[34,48],"uv_size":[2,20]}}},{"origin":[-2,0.5,-2],"size":[4,1,4],"uv":{"down":{"uv":[52,50],"uv_size":[4,-4]},"east":{"uv":[54,33],"uv_size":[4,1]},"north":{"uv":[54,32],"uv_size":[4,1]},"south":{"uv":[36,54],"uv_size":[4,1]},"up":{"uv":[52,42],"uv_size":[4,4]},"west":{"uv":[40,54],"uv_size":[4,1]}}},{"origin":[-5.5,23.25,-1],"pivot":[0,23.75,0],"rotation":[0,-45,0],"size":[11,1,2],"uv":{"down":{"uv":[52,38],"uv_size":[11,-2]},"east":{"uv":[44,54],"uv_size":[2,1]},"north":{"uv":[47,52],"uv_size":[11,1]},"south":{"uv":[52,50],"uv_size":[11,1]},"up":{"uv":[36,52],"uv_size":[11,2]},"west":{"uv":[46,54],"uv_size":[2,1]}}},{"origin":[-5.5,23.25,-1],"pivot":[0,23.75,0],"rotation":[0,45,0],"size":[11,1,2],"uv":{"down":{"uv":[52,42],"uv_size":[11,-2]},"east":{"uv":[48,54],"uv_size":[2,1]},"north":{"uv":[52,51],"uv_size":[11,1]},"south":{"uv":[47,53],"uv_size":[11,1]},"up":{"uv":[52,38],"uv_size":[11,2]},"west":{"uv":[50,54],"uv_size":[2,1]}}}],"name":"bone","pivot":[0,0,0]}],"description":{"identifier":"geometry.extractiontower","texture_height":128,"texture_width":128,"visible_bounds_height":3.5,"visible_bounds_offset":[0,1.25,0],"visible_bounds_width":2}}]}