{
  "format_version": "1.8.0",
  "minecraft:client_entity": {
    "description": {
      "animation_controllers": [
        {
          "general": "callofduty.controller"
        }
      ],
      "animations": {
        "search": "animation.callofduty.search",
        "shoot": "animation.callofduty.shoot"
      },
      "enable_attachables": true,
      "geometry": {
        "default": "geometry.callofduty"
      },
      "identifier": "ecpe:callofduty",
      "materials": {
        "default": "translucence"
      },
      "render_controllers": [
        "controller.render.translucence"
      ],
      "textures": {
        "default": "textures/entity/callofduty"
      }
    }
  }
}