{
  "format_version": "1.8.0",
  "minecraft:client_entity": {
    "description": {
      "animation_controllers": [
        {
          "general": "opzeus.controller"
        }
      ],
      "animations": {
        "weapon": "animation.opzeus.weapon"
      },
      "enable_attachables": true,
      "geometry": {
        "default": "geometry.opzeus"
      },
      "identifier": "ecpe:opzeus",
      "materials": {
        "default": "translucence"
      },
      "render_controllers": [
        "controller.render.translucence"
      ],
      "textures": {
        "default": "textures/entity/opzeus"
      }
    }
  }
}