{
  "format_version": "1.10.0",
  "render_controllers": {
    "controller.render.city_blue": {
      "geometry": "Geometry.city_car",
      "materials": [ { "*": "Material.default" } ],
      "textures": [ "Texture.city_blue" ]
    },
    "controller.render.city_white": {
      "geometry": "Geometry.city_car",
      "materials": [ { "*": "Material.default" } ],
      "textures": [ "Texture.city_white" ]
    },
    "controller.render.city_pink": {
      "geometry": "Geometry.city_car",
      "materials": [ { "*": "Material.default" } ],
      "textures": [ "Texture.city_pink" ]
    },
    "controller.render.city_brown": {
      "geometry": "Geometry.city_car",
      "materials": [ { "*": "Material.default" } ],
      "textures": [ "Texture.city_brown" ]
    },
    "controller.render.city_pastel": {
      "geometry": "Geometry.city_car",
      "materials": [ { "*": "Material.default" } ],
      "textures": [ "Texture.city_pastel" ]
    },
    "controller.render.city_gray": {
      "geometry": "Geometry.city_car",
      "materials": [ { "*": "Material.default" } ],
      "textures": [ "Texture.city_gray" ]
    },
    "controller.render.city_green": {
      "geometry": "Geometry.city_car",
      "materials": [ { "*": "Material.default" } ],
      "textures": [ "Texture.city_green" ]
    },
    "controller.render.city_violet": {
      "geometry": "Geometry.city_car",
      "materials": [ { "*": "Material.default" } ],
      "textures": [ "Texture.city_violet" ]
    },
    "controller.render.city_neon": {
      "geometry": "Geometry.city_car",
      "materials": [ { "*": "Material.default" } ],
      "textures": [ "Texture.city_neon" ]
    },
    "controller.render.city_orange": {
      "geometry": "Geometry.city_car",
      "materials": [ { "*": "Material.default" } ],
      "textures": [ "Texture.city_orange" ]
    },
    "controller.render.city_turquoise": {
      "geometry": "Geometry.city_car",
      "materials": [ { "*": "Material.default" } ],
      "textures": [ "Texture.city_turquoise" ]
    },
    "controller.render.city_splash": {
      "geometry": "Geometry.city_car",
      "materials": [ { "*": "Material.default" } ],
      "textures": [ "Texture.city_splash" ]
    },
    "controller.render.city_red": {
      "geometry": "Geometry.city_car",
      "materials": [ { "*": "Material.default" } ],
      "textures": [ "Texture.city_red" ]
    },
    "controller.render.city_yellow": {
      "geometry": "Geometry.city_car",
      "materials": [ { "*": "Material.default" } ],
      "textures": [ "Texture.city_yellow" ]
    }
  }
}