{
  "format_version": "1.10.0",
  "render_controllers": {
    "controller.render.chicken_brown": {
      "geometry": "Geometry.chicken",
      "materials": [ { "*": "Material.default" } ],
      "textures": [ "Texture.chicken_brown" ]
    },
    "controller.render.chicken_gray": {
      "geometry": "Geometry.chicken",
      "materials": [ { "*": "Material.default" } ],
      "textures": [ "Texture.chicken_gray" ]
    },
    "controller.render.chicken_white": {
      "geometry": "Geometry.chicken",
      "materials": [ { "*": "Material.default" } ],
      "textures": [ "Texture.chicken_white" ]
    }
  }
}