{
  "format_version": "1.10.0",
  "render_controllers": {
    "controller.render.black_spider": {
      "geometry": "Geometry.spider",
      "materials": [ { "*": "Material.default" } ],
      "textures": [ "Texture.black_spider" ]
    },
    "controller.render.cave_spider": {
      "geometry": "Geometry.spider",
      "materials": [ { "*": "Material.default" } ],
      "textures": [ "Texture.cave_spider" ]
    },
    "controller.render.crimson_spider": {
      "geometry": "Geometry.spider",
      "materials": [ { "*": "Material.default" } ],
      "textures": [ "Texture.crimson_spider" ]
    }
  }
}