{
  "format_version": "1.8.0",
  "animations": {
    "animation.gtm.bee.speedy_flap": {
      "loop": true,
      "animation_length": 2.08333,
      "bones": {
        "rightwing_bone": {
          "rotation": {
            "0.0": [ 0, 0, 0 ],
            "0.0833": [ 0, 0, 30 ],
            "0.1667": [ 0, 0, 0 ],
            "0.25": [ 0, 0, 30 ],
            "0.3333": [ 0, 0, 0 ],
            "0.4167": [ 0, 0, 30 ],
            "0.5": [ 0, 0, 0 ],
            "0.5833": [ 0, 0, 30 ],
            "0.6667": [ 0, 0, 0 ],
            "0.75": [ 0, 0, 30 ],
            "0.8333": [ 0, 0, 0 ],
            "0.9167": [ 0, 0, 30 ],
            "1.0": [ 0, 0, 0 ],
            "1.0833": [ 0, 0, 30 ],
            "1.1667": [ 0, 0, 0 ],
            "1.25": [ 0, 0, 30 ],
            "1.3333": [ 0, 0, 0 ],
            "1.4167": [ 0, 0, 30 ],
            "1.5": [ 0, 0, 0 ],
            "1.5833": [ 0, 0, 30 ],
            "1.6667": [ 0, 0, 0 ],
            "1.75": [ 0, 0, 30 ],
            "1.8333": [ 0, 0, 0 ],
            "1.9167": [ 0, 0, 30 ],
            "2.0": [ 0, 0, 0 ],
            "2.0833": [ 0, 0, 30 ]
          }
        },
        "leftwing_bone": {
          "rotation": {
            "0.0": [ 0, 0, 0 ],
            "0.0833": [ 0, 0, -30 ],
            "0.1667": [ 0, 0, 0 ],
            "0.25": [ 0, 0, -30 ],
            "0.3333": [ 0, 0, 0 ],
            "0.4167": [ 0, 0, -30 ],
            "0.5": [ 0, 0, 0 ],
            "0.5833": [ 0, 0, -30 ],
            "0.6667": [ 0, 0, 0 ],
            "0.75": [ 0, 0, -30 ],
            "0.8333": [ 0, 0, 0 ],
            "0.9167": [ 0, 0, -30 ],
            "1.0": [ 0, 0, 0 ],
            "1.0833": [ 0, 0, -30 ],
            "1.1667": [ 0, 0, 0 ],
            "1.25": [ 0, 0, -30 ],
            "1.3333": [ 0, 0, 0 ],
            "1.4167": [ 0, 0, -30 ],
            "1.5": [ 0, 0, 0 ],
            "1.5833": [ 0, 0, -30 ],
            "1.6667": [ 0, 0, 0 ],
            "1.75": [ 0, 0, -30 ],
            "1.8333": [ 0, 0, 0 ],
            "1.9167": [ 0, 0, -30 ],
            "2.0": [ 0, 0, 0 ],
            "2.0833": [ 0, 0, -30 ]
          }
        }
      }
    },
    "animation.gtm.bee.normal_flap": {
      "loop": true,
      "animation_length": 2.24,
      "bones": {
        "rightwing_bone": {
          "rotation": {
            "0.0": [ 0, 0, 0 ],
            "0.16": [ 0, 0, 30 ],
            "0.32": [ 0, 0, 0 ],
            "0.48": [ 0, 0, 30 ],
            "0.64": [ 0, 0, 0 ],
            "0.8": [ 0, 0, 30 ],
            "0.96": [ 0, 0, 0 ],
            "1.12": [ 0, 0, 30 ],
            "1.28": [ 0, 0, 0 ],
            "1.44": [ 0, 0, 30 ],
            "1.6": [ 0, 0, 0 ],
            "1.76": [ 0, 0, 30 ],
            "1.92": [ 0, 0, 0 ],
            "2.08": [ 0, 0, 30 ],
            "2.24": [ 0, 0, 0 ]
          }
        },
        "leftwing_bone": {
          "rotation": {
            "0.0": [ 0, 0, 0 ],
            "0.16": [ 0, 0, -30 ],
            "0.32": [ 0, 0, 0 ],
            "0.48": [ 0, 0, -30 ],
            "0.64": [ 0, 0, 0 ],
            "0.8": [ 0, 0, -30 ],
            "0.96": [ 0, 0, 0 ],
            "1.12": [ 0, 0, -30 ],
            "1.28": [ 0, 0, 0 ],
            "1.44": [ 0, 0, -30 ],
            "1.6": [ 0, 0, 0 ],
            "1.76": [ 0, 0, -30 ],
            "1.92": [ 0, 0, 0 ],
            "2.08": [ 0, 0, -30 ],
            "2.24": [ 0, 0, 0 ]
          }
        },
        "body": { "position": { "0.0": [ 0, 0, 0 ], "1.0": [ 0, 1, 0 ], "2.08": [ 0, 0, 0 ] } }
      }
    }
  }
}