{
  "format_version": "1.8.0",
  "animations": {
    "animation.gtm.poultry.breathe": {
      "loop": true,
      "animation_length": 5,
      "bones": {
        "poultry_wing0": { "rotation": { "0.36": [ 0, 0, 0 ], "2.24": [ 0, 0, 6 ], "4.04": [ 0, 0, 0 ] } },
        "poultry_tail": { "rotation": { "0.0": [ 0, 0, 0 ], "2.5": [ -0.75, 0, 0 ], "5.0": [ 0, 0, 0 ] } },
        "poultry_wing1": { "rotation": { "0.36": [ 0, 0, 0 ], "2.24": [ 0, 0, -6 ], "4.04": [ 0, 0, 0 ] } }
      }
    },
    "animation.gtm.poultry.walk": {
      "loop": true,
      "animation_length": 1.33333,
      "bones": {
        "leg0": {
          "rotation": {
            "0.0": [ -20, 0, 0 ],
            "0.3333": [ 20, 0, 0 ],
            "0.6667": [ -20, 0, 0 ],
            "1.0": [ 20, 0, 0 ],
            "1.3333": [ -20, 0, 0 ]
          }
        },
        "leg1": {
          "rotation": {
            "0.0": [ 20, 0, 0 ],
            "0.3333": [ -20, 0, 0 ],
            "0.6667": [ 20, 0, 0 ],
            "1.0": [ -20, 0, 0 ],
            "1.3333": [ 20, 0, 0 ]
          }
        },
        "poultry_wing0": {
          "rotation": {
            "0.0": [ 0, 0, 0 ],
            "0.2917": [ 0, 0, 15 ],
            "0.625": [ 0, 0, 0 ],
            "0.9583": [ 0, 0, 15 ],
            "1.3333": [ 0, 0, 0 ]
          }
        },
        "poultry_wing1": {
          "rotation": {
            "0.0": [ 0, 0, 0 ],
            "0.2917": [ 0, 0, -15 ],
            "0.625": [ 0, 0, 0 ],
            "1.0": [ 0, 0, -15 ],
            "1.3333": [ 0, 0, 0 ]
          }
        }
      }
    }
  }
}