{
  "format_version": "1.10.0",
  "animations": {
    "animation.trident.wield_first_person": {
      "loop": true,
      "bones": {
        "pole": {
          "position": [ -9.0, -1.0, -8.0 ],
          "rotation": [ 159.0, -19.0, 32.0 ]
        }
      }
    },
    "animation.trident.wield_first_person_raise": {
      "loop": true,
      "bones": {
        "pole": {
          "position": [ "math.lerp(8.0, -1.5, variable.charge_amount)", -9.5, "math.lerp(8.0, -1.0, variable.charge_amount)" ], 
          "rotation": [ 35.0, -30.0, -65.0 ]
        }
      }
    },
    "animation.trident.wield_first_person_raise_shake": {
      "loop": true,
      "bones": {
        "pole": {
          "position": [ 0.0, "variable.charge_amount >= 1.0 ? math.sin(q.life_time * 900.0) * 0.05 : 0.0", 0.0 ],
          "rotation": [ 0.0, 0.0, 0.0 ]
        }
      }
    },
  "animation.trident.wield_first_person_riptide": {
    "loop": true,
    "override_previous_animation": true,
    "bones": {
      "pole": {
        "position": [ -2.0, -7.0, -10.0 ],
        "rotation": [ 180.0, 60.0, -36.0 ]
      }
    }
  },
  "animation.trident.wield_third_person": {
    "loop": true,
    "bones": {
      "pole": {
        "position": [ 0.75, -2.5, -10.5 ],
        "rotation": [ 97.0, -1.5, -49.0 ]
      }
    }
  },
  "animation.trident.wield_third_person_raise": {
    "loop": true,
    "bones": {
      "pole": {
        "position": [ 2.0, 1.25, 20.0 ],
        "rotation": [ -1.0, 195.0, 10.0 ]
      }
    }
  }
}
}