{"format_version":"1.12.0","minecraft:geometry":[{"description":{"identifier":"geometry.bankchariot","texture_width":128,"texture_height":128,"visible_bounds_width":5,"visible_bounds_height":5.5,"visible_bounds_offset":[0,2.25,0]},"bones":[{"name":"group","pivot":[1.5,24.20939,0.00417],"cubes":[{"origin":[-16,8,-8],"size":[32,8,16],"uv":{"north":{"uv":[8,25],"uv_size":[16,4]},"east":{"uv":[0,25],"uv_size":[8,4]},"south":{"uv":[32,25],"uv_size":[16,4]},"west":{"uv":[24,25],"uv_size":[8,4]},"up":{"uv":[8,17],"uv_size":[16,8]},"down":{"uv":[24,25],"uv_size":[16,-8]}}},{"origin":[16,14,-8],"size":[8,2,16],"uv":{"north":{"uv":[49,17],"uv_size":[4,1]},"east":{"uv":[41,17],"uv_size":[8,1]},"south":{"uv":[61,17],"uv_size":[4,1]},"west":{"uv":[53,17],"uv_size":[8,1]},"up":{"uv":[49,9],"uv_size":[4,8]},"down":{"uv":[53,17],"uv_size":[4,-8]}}},{"origin":[0,0,-9],"size":[14,14,2],"uv":{"north":{"uv":[15,45],"uv_size":[7,7]},"east":{"uv":[14,45],"uv_size":[1,7]},"south":{"uv":[23,45],"uv_size":[7,7]},"west":{"uv":[22,45],"uv_size":[1,7]},"up":{"uv":[15,44],"uv_size":[7,1]},"down":{"uv":[22,45],"uv_size":[7,-1]}}},{"origin":[0,0,7],"size":[14,14,2],"uv":{"north":{"uv":[14,31],"uv_size":[7,7]},"east":{"uv":[13,31],"uv_size":[1,7]},"south":{"uv":[22,31],"uv_size":[7,7]},"west":{"uv":[21,31],"uv_size":[1,7]},"up":{"uv":[14,30],"uv_size":[7,1]},"down":{"uv":[21,31],"uv_size":[7,-1]}}},{"origin":[-15,0,4],"size":[2,8,4],"uv":{"north":{"uv":[2,19],"uv_size":[1,4]},"east":{"uv":[0,19],"uv_size":[2,4]},"south":{"uv":[5,19],"uv_size":[1,4]},"west":{"uv":[3,19],"uv_size":[2,4]},"up":{"uv":[2,17],"uv_size":[1,2]},"down":{"uv":[3,19],"uv_size":[1,-2]}}},{"origin":[-15,0,-8],"size":[2,8,4],"uv":{"north":{"uv":[2,2],"uv_size":[1,4]},"east":{"uv":[0,2],"uv_size":[2,4]},"south":{"uv":[5,2],"uv_size":[1,4]},"west":{"uv":[3,2],"uv_size":[2,4]},"up":{"uv":[2,0],"uv_size":[1,2]},"down":{"uv":[3,2],"uv_size":[1,-2]}}},{"origin":[-15,19,-28],"size":[30,17,17],"pivot":[0,8,0],"rotation":[-45,0,0],"uv":{"north":{"uv":[8,8],"uv_size":[15,8]},"east":{"uv":[0,8],"uv_size":[8,8]},"west":{"uv":[23,8],"uv_size":[8,8]},"up":{"uv":[8,0],"uv_size":[15,8]}}},{"origin":[-15.25,33,-12],"size":[0.75,2,24],"uv":{"north":{"uv":[37,42],"uv_size":[0,1]},"east":{"uv":[25,42],"uv_size":[12,1]},"south":{"uv":[49,42],"uv_size":[0,1]},"west":{"uv":[37,42],"uv_size":[12,1]},"up":{"uv":[37,30],"uv_size":[0,12]},"down":{"uv":[37,42],"uv_size":[0,-12]}}},{"origin":[14.5,33,-12],"size":[0.75,2,24],"uv":{"north":{"uv":[12,42],"uv_size":[0,1]},"east":{"uv":[0,42],"uv_size":[12,1]},"south":{"uv":[24,42],"uv_size":[0,1]},"west":{"uv":[12,42],"uv_size":[12,1]},"up":{"uv":[12,30],"uv_size":[0,12]},"down":{"uv":[12,42],"uv_size":[0,-12]}}},{"origin":[-16.2,9.8,-2.2],"size":[2.4,35.4,4.4],"uv":{"north":{"uv":[9,46],"uv_size":[1,17]},"east":{"uv":[7,46],"uv_size":[2,17]},"south":{"uv":[12,46],"uv_size":[1,17]},"west":{"uv":[10,46],"uv_size":[2,17]},"up":{"uv":[9,44],"uv_size":[1,2]},"down":{"uv":[10,46],"uv_size":[1,-2]}}},{"origin":[13.8,9.8,-2.2],"size":[2.4,45.4,4.4],"uv":{"north":{"uv":[2,46],"uv_size":[1,22]},"east":{"uv":[0,46],"uv_size":[2,22]},"south":{"uv":[5,46],"uv_size":[1,22]},"west":{"uv":[3,46],"uv_size":[2,22]},"up":{"uv":[2,44],"uv_size":[1,2]},"down":{"uv":[3,46],"uv_size":[1,-2]}}}]},{"name":"group2","parent":"group","pivot":[-6.64286,17.78571,-1.07143],"rotation":[0,-25,0],"cubes":[{"origin":[-8,16,2],"size":[3,10,3],"uv":[96,103]},{"origin":[-12,16,-1],"size":[3,6,3],"uv":[106,114]},{"origin":[-9,16,-5],"size":[3,2,3],"uv":[96,121]},{"origin":[-4,16,1],"size":[3,1,3],"uv":[106,124]},{"origin":[-6,16,-7],"size":[3,1,3],"uv":[116,111]},{"origin":[-12.04368,0,1.3351],"size":[3,1,3],"pivot":[-10.54368,-0.5,2.8351],"rotation":[0,55,0],"uv":[116,111]},{"origin":[14.94498,0,-32.24762],"size":[3,1,3],"pivot":[15.92734,0.5,-32.67947],"rotation":[0,10,0],"uv":[116,111]},{"origin":[-5,16,-2],"size":[3,4,3],"uv":[109,103]}]},{"name":"tenture","parent":"group","pivot":[0,35.57716,-11.97082],"cubes":[{"origin":[-15,29.57716,-12.02082],"size":[30,6,0.1],"uv":{"north":{"uv":[38,34],"uv_size":[15,3]},"east":{"uv":[38,34],"uv_size":[0,3]},"south":{"uv":[53,34],"uv_size":[15,3]},"west":{"uv":[53,34],"uv_size":[0,3]},"up":{"uv":[38,34],"uv_size":[15,0]},"down":{"uv":[53,34],"uv_size":[15,0]}}}]},{"name":"tenture2","parent":"group","pivot":[0,35.57716,12.02918],"cubes":[{"origin":[-15,29.57716,11.97918],"size":[30,6,0.1],"uv":{"north":{"uv":[38,30],"uv_size":[15,3]},"east":{"uv":[38,30],"uv_size":[0,3]},"south":{"uv":[53,30],"uv_size":[15,3]},"west":{"uv":[53,30],"uv_size":[0,3]},"up":{"uv":[38,30],"uv_size":[15,0]},"down":{"uv":[53,30],"uv_size":[15,0]}}}]},{"name":"logo","parent":"group","pivot":[15,61.2,0],"cubes":[{"origin":[9,55.2,-2],"size":[12,12,4],"uv":{"north":{"uv":[116,10],"uv_size":[12,12]},"east":{"uv":[112,2],"uv_size":[2,6]},"south":{"uv":[116,10],"uv_size":[12,12]},"west":{"uv":[120,2],"uv_size":[2,6]},"up":{"uv":[114,0],"uv_size":[6,2]},"down":{"uv":[120,2],"uv_size":[6,-2]}}}]},{"name":"bag","parent":"group","pivot":[59.9934,9.62878,-14.9934],"rotation":[0,30,0],"cubes":[{"origin":[20.35898,2,-38.63397],"size":[9,8,9],"uv":[0,111]},{"origin":[19.35898,0,-39.63397],"size":[11,5,11],"uv":[0,94]},{"origin":[23.35898,10,-35.63397],"size":[3,1,3],"uv":[28,111]},{"origin":[22.35898,18.57226,-33.92749],"size":[5,3,0.05],"pivot":[60,10.5,-15],"rotation":[22.5,0,0],"uv":[28,116]},{"origin":[22.35898,3.92774,-31.42749],"size":[5,3,0.05],"pivot":[60,10.5,-15],"rotation":[-22.5,0,0],"uv":[28,116]},{"origin":[29.34637,-2.07606,-36.63397],"size":[0.05,3,5],"pivot":[60,12.10037,-15],"rotation":[0,0,22.5],"uv":[0,94]},{"origin":[25.62149,24.8197,-36.63397],"size":[0.05,3,5],"pivot":[60,12.10037,-15],"rotation":[0,0,-22.5],"uv":[0,94]}]},{"name":"orbe","parent":"group","pivot":[69.89176,2.79357,-5.92346],"rotation":[-9.91615,1.29876,7.38733],"cubes":[{"origin":[24.26865,-4.79345,-6.06077],"size":[8,12,8],"uv":[47,86]},{"origin":[36.40669,-20.66337,-4.06077],"size":[4,8,4],"pivot":[69.7294,3.15957,-5.80866],"rotation":[0,0,22.5],"uv":[80,86]},{"origin":[21.44264,10.06932,-4.06077],"size":[4,8,4],"pivot":[69.7294,3.15957,-5.80866],"rotation":[0,0,-22.5],"uv":[77,116]},{"origin":[26.26865,-5.23128,-11.32808],"size":[4,8,4],"pivot":[69.7294,3.15957,-5.80866],"rotation":[22.5,0,0],"uv":[64,107]},{"origin":[26.26865,-1.36277,2.63596],"size":[4,8,4],"pivot":[69.7294,3.15957,-5.80866],"rotation":[-22.5,0,0],"uv":[47,107]}]}]}]}