{"format_version":"1.12.0","minecraft:geometry":[{"description":{"identifier":"geometry.coalgenerator","texture_width":128,"texture_height":128,"visible_bounds_width":3,"visible_bounds_height":8,"visible_bounds_offset":[0,3,0]},"bones":[{"name":"bone2","pivot":[0,0,0],"cubes":[{"origin":[-13,0,-13],"size":[26,15,26],"uv":{"north":{"uv":[0,26],"uv_size":[26,15]},"east":{"uv":[0,26],"uv_size":[26,15]},"south":{"uv":[0,26],"uv_size":[26,15]},"west":{"uv":[0,26],"uv_size":[26,15]},"up":{"uv":[0,0],"uv_size":[26,26]},"down":{"uv":[0,26],"uv_size":[26,-26]}}},{"origin":[-12,15,-12],"size":[24,19,24],"uv":{"north":{"uv":[25,76],"uv_size":[24,19]},"east":{"uv":[0,76],"uv_size":[24,19]},"south":{"uv":[0,76],"uv_size":[24,19]},"west":{"uv":[0,76],"uv_size":[24,19]},"up":{"uv":[0,0],"uv_size":[26,26]},"down":{"uv":[0,26],"uv_size":[26,-26]}}},{"origin":[-3.2,0,-15],"size":[6.4,20,30],"pivot":[0,10,0],"rotation":[0,-90,0],"uv":{"north":{"uv":[73,24],"uv_size":[6,20]},"east":{"uv":[0,41],"uv_size":[28,20]},"south":{"uv":[73,24],"uv_size":[6,20]},"west":{"uv":[0,41],"uv_size":[28,20]},"up":{"uv":[66,16],"uv_size":[6,28]},"down":{"uv":[32,25],"uv_size":[3,-3]}}}]},{"name":"bone4","parent":"bone2","pivot":[0,15,0],"cubes":[{"origin":[-9,38,-5],"size":[18,23,10],"pivot":[0,15,0],"rotation":[0,-90,0],"uv":{"north":{"uv":[65,47],"uv_size":[18,23]},"east":{"uv":[55,47],"uv_size":[10,23]},"south":{"uv":[65,47],"uv_size":[18,23]},"west":{"uv":[55,47],"uv_size":[10,23]},"up":{"uv":[65,60],"uv_size":[18,10]},"down":{"uv":[65,70],"uv_size":[18,-10]}}},{"origin":[-9,38,-5],"size":[18,23,10],"uv":{"north":{"uv":[65,47],"uv_size":[18,23]},"east":{"uv":[55,47],"uv_size":[10,23]},"south":{"uv":[65,47],"uv_size":[18,23]},"west":{"uv":[55,47],"uv_size":[10,23]},"up":{"uv":[65,60],"uv_size":[18,10]},"down":{"uv":[0,72],"uv_size":[18,-10]}}}]},{"name":"bone8","parent":"bone4","pivot":[0,15,0],"cubes":[{"origin":[-9,61,-3],"size":[18,19,6],"pivot":[0,15,0],"rotation":[0,-90,0],"uv":{"north":{"uv":[29,55],"uv_size":[18,19]},"east":{"uv":[48,55],"uv_size":[6,19]},"south":{"uv":[29,55],"uv_size":[18,19]},"west":{"uv":[48,55],"uv_size":[6,19]},"up":{"uv":[0,62],"uv_size":[18,6]},"down":{"uv":[0,68],"uv_size":[18,-6]}}},{"origin":[-9,61,-3],"size":[18,19,6],"uv":{"north":{"uv":[29,55],"uv_size":[18,19]},"east":{"uv":[48,55],"uv_size":[6,19]},"south":{"uv":[29,55],"uv_size":[18,19]},"west":{"uv":[48,55],"uv_size":[6,19]},"up":{"uv":[0,62],"uv_size":[18,6]},"down":{"uv":[0,68],"uv_size":[18,-6]}}}]},{"name":"bone3","parent":"bone2","pivot":[0,22,0],"cubes":[{"origin":[-2.5,34,-11],"size":[5,4,22],"pivot":[0,22,0],"rotation":[0,-77,0],"uv":{"north":{"uv":[60,0],"uv_size":[5,4]},"east":{"uv":[38,0],"uv_size":[22,14]},"south":{"uv":[60,0],"uv_size":[5,4]},"west":{"uv":[38,0],"uv_size":[22,14]},"up":{"uv":[32,0],"uv_size":[5,22]},"down":{"uv":[32,22],"uv_size":[5,-22]}}},{"origin":[-2.5,34,-11],"size":[5,4,22],"pivot":[0,22,0],"rotation":[0,50.5,0],"uv":{"north":{"uv":[60,0],"uv_size":[5,4]},"east":{"uv":[38,0],"uv_size":[22,14]},"south":{"uv":[60,0],"uv_size":[5,4]},"west":{"uv":[38,0],"uv_size":[22,14]},"up":{"uv":[32,0],"uv_size":[5,22]},"down":{"uv":[32,22],"uv_size":[5,-22]}}},{"origin":[-2.5,34,-11],"size":[5,4,22],"pivot":[0,22,0],"rotation":[0,76.5,0],"uv":{"north":{"uv":[60,0],"uv_size":[5,4]},"east":{"uv":[38,0],"uv_size":[22,14]},"south":{"uv":[60,0],"uv_size":[5,4]},"west":{"uv":[38,0],"uv_size":[22,14]},"up":{"uv":[32,0],"uv_size":[5,22]},"down":{"uv":[32,22],"uv_size":[5,-22]}}},{"origin":[-2.5,34,-11],"size":[5,4,22],"pivot":[0,22,0],"rotation":[-180,77.5,180],"uv":{"north":{"uv":[60,0],"uv_size":[5,4]},"east":{"uv":[38,0],"uv_size":[22,14]},"south":{"uv":[60,0],"uv_size":[5,4]},"west":{"uv":[38,0],"uv_size":[22,14]},"up":{"uv":[32,0],"uv_size":[5,22]},"down":{"uv":[32,22],"uv_size":[5,-22]}}},{"origin":[-2.5,34,-11],"size":[5,4,22],"pivot":[0,22,0],"rotation":[0,25.5,0],"uv":{"north":{"uv":[60,0],"uv_size":[5,4]},"east":{"uv":[38,0],"uv_size":[22,14]},"south":{"uv":[60,0],"uv_size":[5,4]},"west":{"uv":[38,0],"uv_size":[22,14]},"up":{"uv":[32,0],"uv_size":[5,22]},"down":{"uv":[32,22],"uv_size":[5,-22]}}},{"origin":[-2.5,34,-11],"size":[5,4,22],"uv":{"north":{"uv":[60,0],"uv_size":[5,4]},"east":{"uv":[38,0],"uv_size":[22,14]},"south":{"uv":[60,0],"uv_size":[5,4]},"west":{"uv":[38,0],"uv_size":[22,14]},"up":{"uv":[32,0],"uv_size":[5,22]},"down":{"uv":[32,22],"uv_size":[5,-22]}}},{"origin":[-2.5,34,-11],"size":[5,4,22],"pivot":[0,22,0],"rotation":[0,-26,0],"uv":{"north":{"uv":[60,0],"uv_size":[5,4]},"east":{"uv":[38,0],"uv_size":[22,14]},"south":{"uv":[60,0],"uv_size":[5,4]},"west":{"uv":[38,0],"uv_size":[22,14]},"up":{"uv":[32,0],"uv_size":[5,22]},"down":{"uv":[32,22],"uv_size":[5,-22]}}},{"origin":[-2.5,34,-11],"size":[5,4,22],"pivot":[0,22,0],"rotation":[0,-52,0],"uv":{"north":{"uv":[60,0],"uv_size":[5,4]},"east":{"uv":[38,0],"uv_size":[22,14]},"south":{"uv":[60,0],"uv_size":[5,4]},"west":{"uv":[38,0],"uv_size":[22,14]},"up":{"uv":[32,0],"uv_size":[5,22]},"down":{"uv":[32,22],"uv_size":[5,-22]}}}]},{"name":"bone7","parent":"bone2","pivot":[0,38,0],"cubes":[{"origin":[-2.5,78,-11],"size":[5,3,22],"pivot":[0,62,0],"rotation":[0,-77,0],"uv":{"north":{"uv":[27,37],"uv_size":[5,3]},"east":{"uv":[35,41],"uv_size":[22,3]},"south":{"uv":[27,37],"uv_size":[5,3]},"west":{"uv":[35,41],"uv_size":[22,3]},"up":{"uv":[61,25],"uv_size":[5,22]},"down":{"uv":[73,22],"uv_size":[5,-22]}}},{"origin":[-2.5,78,-11],"size":[5,3,22],"pivot":[0,62,0],"rotation":[0,50.5,0],"uv":{"north":{"uv":[27,37],"uv_size":[5,3]},"east":{"uv":[35,41],"uv_size":[22,3]},"south":{"uv":[27,37],"uv_size":[5,3]},"west":{"uv":[35,41],"uv_size":[22,3]},"up":{"uv":[61,25],"uv_size":[5,22]},"down":{"uv":[73,22],"uv_size":[5,-22]}}},{"origin":[-2.5,78,-11],"size":[5,3,22],"pivot":[0,62,0],"rotation":[0,76.5,0],"uv":{"north":{"uv":[27,37],"uv_size":[5,3]},"east":{"uv":[35,41],"uv_size":[22,3]},"south":{"uv":[27,37],"uv_size":[5,3]},"west":{"uv":[35,41],"uv_size":[22,3]},"up":{"uv":[61,25],"uv_size":[5,22]},"down":{"uv":[73,22],"uv_size":[5,-22]}}},{"origin":[-2.5,78,-11],"size":[5,3,22],"pivot":[0,62,0],"rotation":[-180,77.5,180],"uv":{"north":{"uv":[27,37],"uv_size":[5,3]},"east":{"uv":[35,41],"uv_size":[22,3]},"south":{"uv":[27,37],"uv_size":[5,3]},"west":{"uv":[35,41],"uv_size":[22,3]},"up":{"uv":[61,25],"uv_size":[5,22]},"down":{"uv":[73,22],"uv_size":[5,-22]}}},{"origin":[-2.5,78,-11],"size":[5,3,22],"pivot":[0,62,0],"rotation":[0,25.5,0],"uv":{"north":{"uv":[27,37],"uv_size":[5,3]},"east":{"uv":[35,41],"uv_size":[22,3]},"south":{"uv":[27,37],"uv_size":[5,3]},"west":{"uv":[35,41],"uv_size":[22,3]},"up":{"uv":[61,25],"uv_size":[5,22]},"down":{"uv":[73,22],"uv_size":[5,-22]}}},{"origin":[-2.5,78,-11],"size":[5,3,22],"uv":{"north":{"uv":[27,37],"uv_size":[5,3]},"east":{"uv":[35,41],"uv_size":[22,3]},"south":{"uv":[27,37],"uv_size":[5,3]},"west":{"uv":[35,41],"uv_size":[22,3]},"up":{"uv":[61,25],"uv_size":[5,22]},"down":{"uv":[73,22],"uv_size":[5,-22]}}},{"origin":[-2.5,78,-11],"size":[5,3,22],"pivot":[0,62,0],"rotation":[0,-26,0],"uv":{"north":{"uv":[27,37],"uv_size":[5,3]},"east":{"uv":[35,41],"uv_size":[22,3]},"south":{"uv":[27,37],"uv_size":[5,3]},"west":{"uv":[35,41],"uv_size":[22,3]},"up":{"uv":[61,25],"uv_size":[5,22]},"down":{"uv":[73,22],"uv_size":[5,-22]}}},{"origin":[-2.5,78,-11],"size":[5,3,22],"pivot":[0,62,0],"rotation":[0,-52,0],"uv":{"north":{"uv":[27,37],"uv_size":[5,3]},"east":{"uv":[35,41],"uv_size":[22,3]},"south":{"uv":[27,37],"uv_size":[5,3]},"west":{"uv":[35,41],"uv_size":[22,3]},"up":{"uv":[61,25],"uv_size":[5,22]},"down":{"uv":[73,22],"uv_size":[5,-22]}}}],"locators":{"smoke":[0,80,0]}}]}]}