{"format_version":"1.12.0","minecraft:geometry":[{"description":{"identifier":"geometry.cosmechariot","texture_width":128,"texture_height":128,"visible_bounds_width":7,"visible_bounds_height":5.5,"visible_bounds_offset":[0,2.25,0]},"bones":[{"name":"group","pivot":[1.5,24.20939,0.00417],"cubes":[{"origin":[-16,8,-8],"size":[32,8,16],"uv":{"north":{"uv":[8,25],"uv_size":[16,4]},"east":{"uv":[0,25],"uv_size":[8,4]},"south":{"uv":[32,25],"uv_size":[16,4]},"west":{"uv":[24,25],"uv_size":[8,4]},"up":{"uv":[8,17],"uv_size":[16,8]},"down":{"uv":[24,25],"uv_size":[16,-8]}}},{"origin":[16,14,-8],"size":[8,2,16],"uv":{"north":{"uv":[33,9.5],"uv_size":[4,1]},"east":{"uv":[25,9.5],"uv_size":[8,1]},"south":{"uv":[45,9.5],"uv_size":[4,1]},"west":{"uv":[37,9.5],"uv_size":[8,1]},"up":{"uv":[33,1.5],"uv_size":[4,8]},"down":{"uv":[37,9.5],"uv_size":[4,-8]}}},{"origin":[0,0,-9],"size":[14,14,2],"uv":{"north":{"uv":[1,34],"uv_size":[7,7]},"east":{"uv":[0,34],"uv_size":[1,7]},"south":{"uv":[9,34],"uv_size":[7,7]},"west":{"uv":[8,34],"uv_size":[1,7]},"up":{"uv":[1,33],"uv_size":[7,1]},"down":{"uv":[8,34],"uv_size":[7,-1]}}},{"origin":[0,0,7],"size":[14,14,2],"uv":{"north":{"uv":[1,34],"uv_size":[7,7]},"east":{"uv":[0,34],"uv_size":[1,7]},"south":{"uv":[9,34],"uv_size":[7,7]},"west":{"uv":[8,34],"uv_size":[1,7]},"up":{"uv":[1,33],"uv_size":[7,1]},"down":{"uv":[8,34],"uv_size":[7,-1]}}},{"origin":[-15,0,4],"size":[2,8,4],"uv":{"north":{"uv":[2,19],"uv_size":[1,4]},"east":{"uv":[0,19],"uv_size":[2,4]},"south":{"uv":[5,19],"uv_size":[1,4]},"west":{"uv":[3,19],"uv_size":[2,4]},"up":{"uv":[2,17],"uv_size":[1,2]},"down":{"uv":[3,19],"uv_size":[1,-2]}}},{"origin":[-15,0,-8],"size":[2,8,4],"uv":{"north":{"uv":[2,2],"uv_size":[1,4]},"east":{"uv":[0,2],"uv_size":[2,4]},"south":{"uv":[5,2],"uv_size":[1,4]},"west":{"uv":[3,2],"uv_size":[2,4]},"up":{"uv":[2,0],"uv_size":[1,2]},"down":{"uv":[3,2],"uv_size":[1,-2]}}},{"origin":[-15,19,-28],"size":[30,17,17],"pivot":[0,8,0],"rotation":[-45,0,0],"uv":{"north":{"uv":[8,8],"uv_size":[15,8]},"east":{"uv":[0,8],"uv_size":[8,8]},"west":{"uv":[23,8],"uv_size":[8,8]},"up":{"uv":[8,0],"uv_size":[15,8]}}},{"origin":[-15.25,33,-12],"size":[0.75,2,24],"uv":{"north":{"uv":[12,42],"uv_size":[0,1]},"east":{"uv":[0,42],"uv_size":[12,1]},"south":{"uv":[24,42],"uv_size":[0,1]},"west":{"uv":[12,42],"uv_size":[12,1]},"up":{"uv":[12,30],"uv_size":[0,12]},"down":{"uv":[12,42],"uv_size":[0,-12]}}},{"origin":[14.5,33,-12],"size":[0.75,2,24],"uv":{"north":{"uv":[12,42],"uv_size":[0,1]},"east":{"uv":[0,42],"uv_size":[12,1]},"south":{"uv":[24,42],"uv_size":[0,1]},"west":{"uv":[12,42],"uv_size":[12,1]},"up":{"uv":[12,30],"uv_size":[0,12]},"down":{"uv":[12,42],"uv_size":[0,-12]}}},{"origin":[-16.2,9.8,-2.2],"size":[2.4,35.4,4.4],"uv":{"north":{"uv":[9,46],"uv_size":[1,17]},"east":{"uv":[7,46],"uv_size":[2,17]},"south":{"uv":[12,46],"uv_size":[1,17]},"west":{"uv":[10,46],"uv_size":[2,17]},"up":{"uv":[9,44],"uv_size":[1,2]},"down":{"uv":[10,46],"uv_size":[1,-2]}}},{"origin":[13.8,9.8,-2.2],"size":[2.4,45.4,4.4],"uv":{"north":{"uv":[2,46],"uv_size":[1,22]},"east":{"uv":[0,46],"uv_size":[2,22]},"south":{"uv":[5,46],"uv_size":[1,22]},"west":{"uv":[3,46],"uv_size":[2,22]},"up":{"uv":[2,44],"uv_size":[1,2]},"down":{"uv":[3,46],"uv_size":[1,-2]}}},{"origin":[-26.6,0.2,-38.8],"size":[38.4,0.05,38.4],"pivot":[-21.4,0,-19.6],"rotation":[0,-22.5,0],"uv":[-1,90]},{"origin":[-12.1,15.8,-4],"size":[10,4.5,8],"pivot":[-7.1,18.05,0],"rotation":[0,180,0],"uv":[0,81]}]},{"name":"bone6","parent":"group","pivot":[7,30.5,-0.36829],"rotation":[0,10,0],"cubes":[{"origin":[3,14.6,-4.7],"size":[8,2,8],"pivot":[7,30.1,-0.36829],"rotation":[0,-90,0],"uv":[79,101]},{"origin":[3,20,-4.7],"size":[8,8,8],"uv":[79,84]},{"origin":[6,17.1,-1.7],"size":[2,10,2],"pivot":[7,30.5,-0.36829],"rotation":[0,-90,0],"uv":[117,101]}]},{"name":"head","parent":"bone6","pivot":[7.0673,20,-0.76927]},{"name":"hat","parent":"head","pivot":[7.0673,19,-0.76927]},{"name":"bone7","parent":"hat","pivot":[7.0673,27,-0.76927],"cubes":[{"origin":[0.0673,19,-2.76927],"size":[3,10,3],"uv":[116,48]},{"origin":[0.0673,16,-4.76927],"size":[3,6,2],"uv":[105,48]},{"origin":[11.0673,19,-2.76927],"size":[3,10,3],"uv":[116,48]},{"origin":[11.0673,16,-4.76927],"size":[3,6,2],"uv":[105,48]},{"origin":[2.0673,26,-5.76927],"size":[10,2,10],"uv":[88,23]},{"origin":[2.0673,22,0.23073],"size":[10,4,4],"uv":[100,66]},{"origin":[6.0673,27,-6.76927],"size":[2,4,2],"uv":[105,56]},{"origin":[5.0673,30,-7.76927],"size":[4,1,1],"uv":[117,63]},{"origin":[3.0673,27,-4.76927],"size":[8,5,8],"pivot":[7.0673,27,-0.76927],"rotation":[-12.5,0,0],"uv":[96,35]}]},{"name":"tenture","parent":"group","pivot":[0,35.57716,-11.97082],"cubes":[{"origin":[-15,29.57716,-12.02082],"size":[30,6,0.1],"uv":{"north":{"uv":[0,29.5],"uv_size":[15,3]},"east":{"uv":[0,29.5],"uv_size":[0,3]},"south":{"uv":[0,29.5],"uv_size":[15,3]},"west":{"uv":[15,29.5],"uv_size":[0,3]},"up":{"uv":[0,1],"uv_size":[1,-1]},"down":{"uv":[0,1],"uv_size":[1,-1]}}}]},{"name":"tenture2","parent":"group","pivot":[0,35.57716,12.02918],"cubes":[{"origin":[-15,29.57716,11.97918],"size":[30,6,0.1],"uv":{"north":{"uv":[0,29.5],"uv_size":[15,3]},"east":{"uv":[0,29.5],"uv_size":[0,3]},"south":{"uv":[0,29.5],"uv_size":[15,3]},"west":{"uv":[15,29.5],"uv_size":[0,3]},"up":{"uv":[0,29.5],"uv_size":[15,0]},"down":{"uv":[0,29.5],"uv_size":[15,0]}}}]},{"name":"logo","parent":"group","pivot":[15,61.2,0],"cubes":[{"origin":[9,55.2,-2],"size":[12,12,4],"uv":{"north":{"uv":[116,10],"uv_size":[12,12]},"east":{"uv":[112,2],"uv_size":[2,6]},"south":{"uv":[116,10],"uv_size":[12,12]},"west":{"uv":[120,2],"uv_size":[2,6]},"up":{"uv":[114,0],"uv_size":[6,2]},"down":{"uv":[120,2],"uv_size":[6,-2]}}}]},{"name":"bone","parent":"logo","pivot":[15.36575,54.19633,-1.98066],"cubes":[{"origin":[14.31663,58.87493,-3.91566],"size":[1.548,1.419,2.838],"uv":[102,8]},{"origin":[14.72114,56.19519,-3.27066],"size":[8,2,7],"pivot":[14.95834,58.20505,-1.98066],"rotation":[0,0,-10],"uv":[66,0]},{"origin":[12.20525,52.26133,-2.75466],"size":[5.547,4.128,2.58],"pivot":[15.36575,54.19633,-1.98066],"rotation":[-17.5,0,0],"uv":[96,0]}]},{"name":"bone3","parent":"bone","pivot":[14.95834,58.20505,2.41934],"rotation":[0,180,0],"cubes":[{"origin":[14.72114,56.19519,1.12934],"size":[8,2,7],"pivot":[14.95834,58.20505,2.41934],"rotation":[0,0,-10],"uv":[66,0]}]},{"name":"bone16","parent":"logo","pivot":[6.26799,67.06399,-0.1],"rotation":[-7.5,0,-17.5],"cubes":[{"origin":[21.32557,61.92,2.52098],"size":[5,4,4],"inflate":0.3,"pivot":[12.46799,31.72834,0.92275],"rotation":[6.80423,3.1622,-24.81197],"uv":[47,0]},{"origin":[39.3399,52.61199,3.02098],"size":[3,3,3],"inflate":0.3,"pivot":[12.46799,31.72834,0.92275],"rotation":[3.76613,6.49053,-59.78638],"uv":[47,9]},{"origin":[46.25484,16.79254,4.02098],"size":[1,3,1],"inflate":0.3,"pivot":[12.46799,31.72834,0.92275],"rotation":[-4.04618,6.3202,-122.72348],"uv":[42,0]},{"origin":[45.75484,19.79254,3.52098],"size":[2,2,2],"inflate":0.3,"pivot":[12.46799,31.72834,0.92275],"rotation":[-4.04618,6.3202,-122.72348],"uv":[60,10]}]},{"name":"bone2","parent":"logo","pivot":[23.73201,67.06399,-0.1],"rotation":[-7.5,0,17.5],"cubes":[{"origin":[3.67443,61.92,2.52098],"size":[5,4,4],"inflate":0.3,"pivot":[17.53201,31.72834,0.92275],"rotation":[6.80423,-3.1622,24.81197],"uv":[47,0],"mirror":true},{"origin":[-12.3399,52.61199,3.02098],"size":[3,3,3],"inflate":0.3,"pivot":[17.53201,31.72834,0.92275],"rotation":[3.76613,-6.49053,59.78638],"uv":[47,9],"mirror":true},{"origin":[-17.25484,16.79254,4.02098],"size":[1,3,1],"inflate":0.3,"pivot":[17.53201,31.72834,0.92275],"rotation":[-4.04618,-6.3202,122.72348],"uv":[42,0],"mirror":true},{"origin":[-17.75484,19.79254,3.52098],"size":[2,2,2],"inflate":0.3,"pivot":[17.53201,31.72834,0.92275],"rotation":[-4.04618,-6.3202,122.72348],"uv":[60,10],"mirror":true}]},{"name":"bone4","parent":"logo","pivot":[15.04651,57.53968,1.82307],"rotation":[0,180,0],"cubes":[{"origin":[14.31663,58.87493,-0.11566],"size":[1.548,1.419,2.838],"uv":[102,8]},{"origin":[12.20525,52.26133,1.04534],"size":[5.547,4.128,2.58],"pivot":[15.36575,54.19633,1.81934],"rotation":[-17.5,0,0],"uv":[96,0]}]},{"name":"bone5","parent":"group","pivot":[-24,16.12392,-3.85005],"rotation":[0,-15,0],"cubes":[{"origin":[-28.2,-1.2,-4.2],"size":[2.4,20.4,2.4],"pivot":[-27,19,-4.5],"rotation":[15,0,0],"uv":{"north":{"uv":[9,46],"uv_size":[1,17]},"east":{"uv":[7,46],"uv_size":[2,17]},"south":{"uv":[12,46],"uv_size":[1,17]},"west":{"uv":[10,46],"uv_size":[2,17]},"up":{"uv":[9,44],"uv_size":[1,2]},"down":{"uv":[10,46],"uv_size":[1,-2]}}},{"origin":[-33,0.12392,-4.85005],"size":[12,32,2],"pivot":[-27,16.12392,-3.85005],"rotation":[-5,0,0],"uv":[0,94]}]},{"name":"group2","pivot":[28.04231,13.37687,-25.56614],"rotation":[0,-132.5,0],"cubes":[{"origin":[24,22,-30],"size":[8,8,8],"uv":[79,84]},{"origin":[24,10,-28],"size":[8,12,4],"uv":[79,112]},{"origin":[32,9.6306,-27.33658],"size":[4,12,4],"uv":[112,84]},{"origin":[20,9.6306,-27.33658],"size":[4,12,4],"uv":[104,112]},{"origin":[27,1,-27],"size":[2,10,2],"uv":[117,101]},{"origin":[24,0,-30],"size":[8,2,8],"uv":[79,101]}]},{"name":"bone9","parent":"group2","pivot":[28,16.8,-24.7],"rotation":[0,180,0]},{"name":"jacket","parent":"bone9","pivot":[28,32.8,-22.36667],"rotation":[-37.393,3.04503,0],"cubes":[{"origin":[25.96282,14.12921,-11.60635],"size":[4,4,8],"uv":[49,55]}]},{"name":"bone10","parent":"jacket","pivot":[28,31.8,-15.95],"rotation":[17.5,-12.5,0],"cubes":[{"origin":[29.08124,11.75537,-10.84339],"size":[3,3,9],"uv":[47,67]},{"origin":[31.5236,11.46359,-12.19157],"size":[2,2,7],"pivot":[28,31.8,-8.7],"rotation":[25,-17.5,0],"uv":[52,80]}]},{"name":"bone11","parent":"jacket","pivot":[28,16.8,-24.7]},{"name":"bone12","parent":"jacket","pivot":[43.34723,37.92008,-26.52305]},{"name":"wing3","parent":"bone12","pivot":[31.34723,36.92008,-26.52305],"rotation":[65.53073,-17.59607,-49.23126],"cubes":[{"origin":[31.62479,40.05238,-38.58793],"size":[7,2,2],"pivot":[47.99516,41.65855,-22.7],"rotation":[0,25,-57.5],"uv":[0,72],"mirror":true},{"origin":[35.83792,17.31031,-39.86791],"size":[16,19,0.1],"pivot":[46.90723,46.45992,-23.2],"rotation":[20.48435,17.39631,-9.52348],"uv":[14,44]},{"origin":[23.28192,19.00121,-30.44173],"size":[9,2,2],"uv":[106,78],"mirror":true},{"origin":[23.14093,15.01744,-36.43985],"size":[9,10,0.1],"pivot":[34.5,37.8,-22.7],"rotation":[22.45064,1.52967,-3.6964],"uv":{"north":{"uv":[29,78],"uv_size":[9,10]},"east":{"uv":[29,78],"uv_size":[0,10]},"south":{"uv":[38,78],"uv_size":[9,10]},"west":{"uv":[38,78],"uv_size":[0,10]},"up":{"uv":[31.5,72],"uv_size":[9,0]},"down":{"uv":[40.5,72],"uv_size":[9,0]}}},{"origin":[23.51131,28.86773,-30.44173],"size":[7,2,2],"pivot":[43.5,37.8,-22.7],"rotation":[0,0,-35],"uv":[0,72],"mirror":true},{"origin":[54.92367,22.34046,-34.46536],"size":[10,1,1],"pivot":[43,38.3,-22.7],"rotation":[0,-17.5,75],"uv":[74,26],"mirror":true},{"origin":[54.26605,13.65006,-28.28373],"size":[10,7,0.1],"pivot":[47.33292,34.63112,-20.893],"rotation":[-11.70603,-15.10064,76.48274],"uv":[7,64]},{"origin":[58.31685,23.31303,-30.0346],"size":[14,1,1],"pivot":[47.47728,41.37684,-23.2],"rotation":[-17.1093,-20.97757,73.69064],"uv":[75,78],"mirror":true}]},{"name":"bone13","parent":"wing3","pivot":[50.90723,46.45992,-25.5],"rotation":[26.35883,23.43808,-6.07046],"cubes":[{"origin":[49.97038,32.83984,-43.36671],"size":[11,1,1],"pivot":[50.90723,46.45992,-25.5],"rotation":[0,0,40],"uv":[72,23],"mirror":true},{"origin":[64.29481,28.4825,-43.36671],"size":[13,1,1],"pivot":[58.09632,40.05618,-25.5],"rotation":[0,0,70],"uv":[76,81],"mirror":true}]},{"name":"wing4","parent":"bone12","pivot":[24.65277,36.92008,-26.52305],"rotation":[65.53073,17.59607,49.23126],"cubes":[{"origin":[17.33605,40.00799,-38.63295],"size":[7,2,2],"pivot":[8.00484,41.65855,-22.7],"rotation":[0,-25,57.5],"uv":[0,72]},{"origin":[4.10294,17.30847,-39.91297],"size":[16,19,0.1],"pivot":[9.09277,46.45992,-23.2],"rotation":[20.48435,-17.39631,9.52348],"uv":[14,44],"mirror":true},{"origin":[23.67179,18.99125,-30.49908],"size":[9,2,2],"uv":[106,78]},{"origin":[23.812,15.02692,-36.49665],"size":[9,10,0.1],"pivot":[21.5,37.8,-22.7],"rotation":[22.45064,-1.52967,3.6964],"uv":{"north":{"uv":[38,78],"uv_size":[-9,10]},"east":{"uv":[38,78],"uv_size":[0,10]},"south":{"uv":[47,78],"uv_size":[-9,10]},"west":{"uv":[29,78],"uv_size":[0,10]},"up":{"uv":[40.5,72],"uv_size":[-9,0]},"down":{"uv":[49.5,72],"uv_size":[-9,0]}}},{"origin":[25.45649,28.83301,-30.49908],"size":[7,2,2],"pivot":[12.5,37.8,-22.7],"rotation":[0,0,35],"uv":[0,72]},{"origin":[-8.92703,22.3826,-34.52655],"size":[10,1,1],"pivot":[13,38.3,-22.7],"rotation":[0,17.5,-75],"uv":[74,26]},{"origin":[-8.27091,13.67953,-28.35184],"size":[10,7,0.1],"pivot":[8.66708,34.63112,-20.893],"rotation":[-11.70603,15.10064,-76.48274],"uv":[7,64],"mirror":true},{"origin":[-16.31739,23.33468,-30.10574],"size":[14,1,1],"pivot":[8.52272,41.37684,-23.2],"rotation":[-17.1093,20.97757,-73.69064],"uv":[75,78]}]},{"name":"bone14","parent":"wing4","pivot":[5.09277,46.45992,-25.5],"rotation":[26.35883,-23.43808,6.07046],"cubes":[{"origin":[-5.01808,32.88268,-43.4044],"size":[11,1,1],"pivot":[5.09277,46.45992,-25.5],"rotation":[0,0,-40],"uv":[72,23]},{"origin":[-21.31471,28.54345,-43.4044],"size":[13,1,1],"pivot":[-2.09632,40.05618,-25.5],"rotation":[0,0,-70],"uv":[76,81]}]},{"name":"hat2","parent":"bone9","pivot":[28,16.8,-24.8],"cubes":[{"origin":[23,27.8,-30.1],"size":[10,2,12],"inflate":0.2,"uv":[37,18]},{"origin":[24,27.8,-27.1],"size":[8,7,8],"inflate":0.2,"uv":[67,46]},{"origin":[26,29.8,-29.1],"size":[4,6,9],"inflate":0.2,"uv":[48,37]},{"origin":[25,28.8,-33.1],"size":[6,1,4],"inflate":0.2,"pivot":[28,29.3,-28.1],"rotation":[5,0,0],"uv":[74,71]},{"origin":[25.5,29.8,-33.1],"size":[5,2,6],"inflate":0.2,"pivot":[28,29.8,-27.1],"rotation":[-2.5,0,0],"uv":[66,37]}]},{"name":"corne","parent":"hat2","pivot":[25,52.8,-21.8]},{"name":"bone15","parent":"corne","pivot":[31,52.8,-21.8],"rotation":[-17.5,0,15],"cubes":[{"origin":[35.41756,39.50732,-16.11367],"size":[1,4,1],"inflate":0.2,"uv":[85,64],"mirror":true},{"origin":[34.91756,35.50732,-16.61367],"size":[2,4,2],"inflate":0.2,"uv":[75,63],"mirror":true}]},{"name":"bone17","parent":"corne","pivot":[25,52.8,-21.8],"rotation":[-17.5,0,-15],"cubes":[{"origin":[19.58244,39.50732,-16.11367],"size":[1,4,1],"inflate":0.2,"uv":[85,64]},{"origin":[19.08244,35.50732,-16.61367],"size":[2,4,2],"inflate":0.2,"uv":[75,63]}]},{"name":"leftSleeve","parent":"bone9","pivot":[33,38.8,-24.7],"cubes":[{"origin":[32,11.8,-26],"size":[4,3,4],"inflate":0.25,"uv":[40,34]},{"origin":[31.5,9.8,-27.5],"size":[5,2,6],"inflate":0.25,"uv":[17,33]}]},{"name":"griffes","parent":"leftSleeve","pivot":[28,16.8,-24.7],"cubes":[{"origin":[35,8.8,-22.5],"size":[0,3,3],"uv":[16,30]},{"origin":[32,8.8,-30.5],"size":[0,3,3],"uv":[16,30]},{"origin":[34,8.8,-30.5],"size":[0,3,3],"uv":[16,30]},{"origin":[36,8.8,-30.5],"size":[0,3,3],"uv":[16,30]}]},{"name":"rightSleeve","parent":"bone9","pivot":[23,38.8,-24.7],"cubes":[{"origin":[20,11.8,-26],"size":[4,3,4],"inflate":0.25,"uv":[40,34],"mirror":true},{"origin":[19.5,9.8,-27.5],"size":[5,2,6],"inflate":0.25,"uv":[17,33],"mirror":true}]},{"name":"griffes2","parent":"rightSleeve","pivot":[28,16.8,-24.7],"cubes":[{"origin":[21,8.8,-22.5],"size":[0,3,3],"uv":[16,30],"mirror":true},{"origin":[24,8.8,-30.5],"size":[0,3,3],"uv":[16,30],"mirror":true},{"origin":[22,8.8,-30.5],"size":[0,3,3],"uv":[16,30],"mirror":true},{"origin":[20,8.8,-30.5],"size":[0,3,3],"uv":[16,30],"mirror":true}]}]}]}