{"format_version":"1.12.0","minecraft:geometry":[{"description":{"identifier":"geometry.earth","texture_width":128,"texture_height":128,"visible_bounds_width":4,"visible_bounds_height":3.5,"visible_bounds_offset":[0,1.25,0]},"bones":[{"name":"head","pivot":[3.5,15.5,1.5]},{"name":"bone","parent":"head","pivot":[3.5,15.5,1.5],"cubes":[{"origin":[-12,3,-12],"size":[25,25,25],"uv":{"north":{"uv":[0,0],"uv_size":[25,25]},"east":{"uv":[0,25],"uv_size":[25,25]},"south":{"uv":[25,0],"uv_size":[25,25]},"west":{"uv":[25,25],"uv_size":[25,25]},"up":{"uv":[0,50],"uv_size":[25,25]},"down":{"uv":[50,25],"uv_size":[25,-25]}}},{"origin":[-10,5,13],"size":[21,21,2],"uv":{"north":{"uv":[25,71],"uv_size":[21,21]},"east":{"uv":[42,92],"uv_size":[2,21]},"south":{"uv":[0,75],"uv_size":[21,21]},"west":{"uv":[44,92],"uv_size":[2,21]},"up":{"uv":[104,42],"uv_size":[21,2]},"down":{"uv":[104,46],"uv_size":[21,-2]}}},{"origin":[-10,5,-14],"size":[21,21,2],"uv":{"north":{"uv":[83,84],"uv_size":[21,21]},"east":{"uv":[104,54],"uv_size":[2,21]},"south":{"uv":[46,88],"uv_size":[21,21]},"west":{"uv":[104,75],"uv_size":[2,21]},"up":{"uv":[104,96],"uv_size":[21,2]},"down":{"uv":[104,100],"uv_size":[21,-2]}}},{"origin":[-14,5,-10],"size":[29,21,21],"uv":{"north":{"uv":[25,50],"uv_size":[29,21]},"east":{"uv":[75,0],"uv_size":[21,21]},"south":{"uv":[50,25],"uv_size":[29,21]},"west":{"uv":[79,21],"uv_size":[21,21]},"up":{"uv":[54,46],"uv_size":[29,21]},"down":{"uv":[54,88],"uv_size":[29,-21]}}},{"origin":[-10,1,-10],"size":[21,2,21],"uv":{"north":{"uv":[104,46],"uv_size":[21,2]},"east":{"uv":[104,48],"uv_size":[21,2]},"south":{"uv":[104,50],"uv_size":[21,2]},"west":{"uv":[104,52],"uv_size":[21,2]},"up":{"uv":[83,42],"uv_size":[21,21]},"down":{"uv":[83,84],"uv_size":[21,-21]}}},{"origin":[-10,28,-10],"size":[21,2,21],"uv":{"north":{"uv":[104,100],"uv_size":[21,2]},"east":{"uv":[104,102],"uv_size":[21,2]},"south":{"uv":[104,104],"uv_size":[21,2]},"west":{"uv":[82,105],"uv_size":[21,2]},"up":{"uv":[21,92],"uv_size":[21,21]},"down":{"uv":[0,117],"uv_size":[21,-21]}}},{"origin":[-7,-1,-7],"size":[15,2,15],"uv":{"north":{"uv":[106,54],"uv_size":[15,2]},"east":{"uv":[106,56],"uv_size":[15,2]},"south":{"uv":[106,58],"uv_size":[15,2]},"west":{"uv":[106,60],"uv_size":[15,2]},"up":{"uv":[67,88],"uv_size":[15,15]},"down":{"uv":[96,15],"uv_size":[15,-15]}}},{"origin":[-7,29,-7],"size":[15,3,15],"uv":{"north":{"uv":[100,30],"uv_size":[15,3]},"east":{"uv":[100,33],"uv_size":[15,3]},"south":{"uv":[100,36],"uv_size":[15,3]},"west":{"uv":[100,39],"uv_size":[15,3]},"up":{"uv":[100,15],"uv_size":[15,15]},"down":{"uv":[67,118],"uv_size":[15,-15]}}}]},{"name":"cloud_ocean","parent":"head","pivot":[-28.5,13.5,-4.5],"cubes":[{"origin":[-16,14.5,-3.5],"size":[0.5,2,6],"uv":{"east":{"uv":[46,71],"uv_size":[6,2]},"south":{"uv":[52,86],"uv_size":[1,2]},"west":{"uv":[46,73],"uv_size":[6,2]},"up":{"uv":[52,71],"uv_size":[1,6]},"down":{"uv":[53,77],"uv_size":[1,-6]}}},{"origin":[-16,13.5,-4.5],"size":[0.5,2,6],"uv":{"north":{"uv":[53,86],"uv_size":[1,2]},"east":{"uv":[46,75],"uv_size":[6,2]},"south":{"uv":[24,90],"uv_size":[1,2]},"west":{"uv":[46,77],"uv_size":[6,2]},"down":{"uv":[21,81],"uv_size":[1,-6]}}},{"origin":[-16,15.5,-5.5],"size":[0.5,2,6],"uv":{"north":{"uv":[82,103],"uv_size":[1,2]},"east":{"uv":[46,79],"uv_size":[6,2]},"south":{"uv":[90,107],"uv_size":[1,2]},"west":{"uv":[46,81],"uv_size":[6,2]},"up":{"uv":[22,75],"uv_size":[1,6]}}},{"origin":[-16,14.5,-6.5],"size":[0.5,2,6],"uv":{"north":{"uv":[107,90],"uv_size":[1,2]},"east":{"uv":[46,83],"uv_size":[6,2]},"west":{"uv":[46,85],"uv_size":[6,2]},"up":{"uv":[23,75],"uv_size":[1,6]},"down":{"uv":[24,81],"uv_size":[1,-6]}}},{"origin":[-15,12.5,-8.5],"size":[0.5,1,3],"uv":{"north":{"uv":[53,49],"uv_size":[1,1]},"east":{"uv":[50,46],"uv_size":[3,1]},"south":{"uv":[78,24],"uv_size":[1,1]},"west":{"uv":[50,47],"uv_size":[3,1]},"up":{"uv":[53,46],"uv_size":[1,3]},"down":{"uv":[75,24],"uv_size":[1,-3]}}},{"origin":[-16,7.5,9.5],"size":[0.5,1,3],"uv":{"north":{"uv":[82,42],"uv_size":[1,1]},"east":{"uv":[50,48],"uv_size":[3,1]},"south":{"uv":[107,92],"uv_size":[1,1]},"west":{"uv":[50,49],"uv_size":[3,1]},"up":{"uv":[76,21],"uv_size":[1,3]},"down":{"uv":[77,24],"uv_size":[1,-3]}}},{"origin":[-15,18.5,-8.5],"size":[0.5,1,3],"uv":{"north":{"uv":[99,107],"uv_size":[1,1]},"east":{"uv":[75,24],"uv_size":[3,1]},"south":{"uv":[100,107],"uv_size":[1,1]},"west":{"uv":[79,42],"uv_size":[3,1]},"up":{"uv":[78,21],"uv_size":[1,3]},"down":{"uv":[79,46],"uv_size":[1,-3]}}},{"origin":[-15,5.5,6.5],"size":[0.5,1,3],"uv":{"north":{"uv":[101,107],"uv_size":[1,1]},"east":{"uv":[80,43],"uv_size":[3,1]},"south":{"uv":[102,107],"uv_size":[1,1]},"west":{"uv":[80,44],"uv_size":[3,1]},"up":{"uv":[52,83],"uv_size":[1,3]},"down":{"uv":[53,86],"uv_size":[1,-3]}}},{"origin":[-15,23.5,-8.5],"size":[0.5,1,3],"uv":{"north":{"uv":[106,107],"uv_size":[1,1]},"east":{"uv":[80,45],"uv_size":[3,1]},"south":{"uv":[107,107],"uv_size":[1,1]},"west":{"uv":[21,87],"uv_size":[3,1]},"up":{"uv":[24,87],"uv_size":[1,3]},"down":{"uv":[21,91],"uv_size":[1,-3]}}},{"origin":[-15,22.5,-9.5],"size":[0.5,1,3],"uv":{"north":{"uv":[108,82],"uv_size":[1,1]},"east":{"uv":[46,87],"uv_size":[3,1]},"south":{"uv":[83,108],"uv_size":[1,1]},"west":{"uv":[49,87],"uv_size":[3,1]},"up":{"uv":[22,88],"uv_size":[1,3]},"down":{"uv":[23,91],"uv_size":[1,-3]}}}]},{"name":"cloud_oceanie","parent":"head","pivot":[-3.5,9.5,-4.5],"rotation":[0,-90,0],"cubes":[{"origin":[16,10.5,-3.5],"size":[0.5,2,6],"uv":{"north":{"uv":[91,107],"uv_size":[1,2]},"east":{"uv":[106,62],"uv_size":[6,2]},"south":{"uv":[92,107],"uv_size":[1,2]},"west":{"uv":[106,64],"uv_size":[6,2]},"up":{"uv":[52,77],"uv_size":[1,6]},"down":{"uv":[53,83],"uv_size":[1,-6]}}},{"origin":[16,9.5,-4.5],"size":[0.5,2,6],"uv":{"north":{"uv":[93,107],"uv_size":[1,2]},"east":{"uv":[106,66],"uv_size":[6,2]},"south":{"uv":[94,107],"uv_size":[1,2]},"west":{"uv":[106,68],"uv_size":[6,2]},"up":{"uv":[21,81],"uv_size":[1,6]},"down":{"uv":[22,87],"uv_size":[1,-6]}}},{"origin":[17,18.5,-9.5],"size":[0.5,1,3],"uv":{"north":{"uv":[108,83],"uv_size":[1,1]},"east":{"uv":[21,91],"uv_size":[3,1]},"south":{"uv":[84,108],"uv_size":[1,1]},"west":{"uv":[96,15],"uv_size":[3,1]},"up":{"uv":[96,16],"uv_size":[1,3]},"down":{"uv":[97,19],"uv_size":[1,-3]}}},{"origin":[17,19.5,-8.5],"size":[0.5,1,3],"uv":{"north":{"uv":[108,84],"uv_size":[1,1]},"east":{"uv":[96,19],"uv_size":[3,1]},"south":{"uv":[85,108],"uv_size":[1,1]},"west":{"uv":[96,20],"uv_size":[3,1]},"up":{"uv":[98,16],"uv_size":[1,3]},"down":{"uv":[99,18],"uv_size":[1,-3]}}}]},{"name":"cloud_europe","parent":"head","pivot":[-3.5,15.5,3.5],"cubes":[{"origin":[16,14.5,4.5],"size":[0.5,2,6],"uv":{"north":{"uv":[95,107],"uv_size":[1,2]},"east":{"uv":[106,70],"uv_size":[6,2]},"south":{"uv":[96,107],"uv_size":[1,2]},"west":{"uv":[106,72],"uv_size":[6,2]},"up":{"uv":[23,81],"uv_size":[1,6]},"down":{"uv":[24,87],"uv_size":[1,-6]}}},{"origin":[16,15.5,3.5],"size":[0.5,2,6],"uv":{"north":{"uv":[97,107],"uv_size":[1,2]},"east":{"uv":[106,74],"uv_size":[6,2]},"south":{"uv":[98,107],"uv_size":[1,2]},"west":{"uv":[106,76],"uv_size":[6,2]},"up":{"uv":[82,88],"uv_size":[1,6]},"down":{"uv":[82,100],"uv_size":[1,-6]}}},{"origin":[16,20.5,7.5],"size":[0.5,1,3],"uv":{"north":{"uv":[86,108],"uv_size":[1,1]},"east":{"uv":[106,78],"uv_size":[3,1]},"south":{"uv":[87,108],"uv_size":[1,1]},"west":{"uv":[106,79],"uv_size":[3,1]},"up":{"uv":[99,18],"uv_size":[1,3]},"down":{"uv":[82,103],"uv_size":[1,-3]}}},{"origin":[16,19.5,8.5],"size":[0.5,1,3],"uv":{"north":{"uv":[108,87],"uv_size":[1,1]},"east":{"uv":[106,80],"uv_size":[3,1]},"south":{"uv":[88,108],"uv_size":[1,1]},"west":{"uv":[106,81],"uv_size":[3,1]},"up":{"uv":[103,105],"uv_size":[1,3]},"down":{"uv":[106,85],"uv_size":[1,-3]}}}]},{"name":"cloud_amerique","parent":"head","pivot":[8.5,23.5,-27.5],"rotation":[0,-90,0],"cubes":[{"origin":[21,5.5,-12.5],"size":[0.5,1,3],"uv":{"north":{"uv":[108,88],"uv_size":[1,1]},"east":{"uv":[106,85],"uv_size":[3,1]},"south":{"uv":[108,89],"uv_size":[1,1]},"west":{"uv":[106,86],"uv_size":[3,1]},"up":{"uv":[106,87],"uv_size":[1,3]},"down":{"uv":[106,93],"uv_size":[1,-3]}}},{"origin":[21,18.5,-27.5],"size":[0.5,1,3],"uv":{"north":{"uv":[108,90],"uv_size":[1,1]},"east":{"uv":[106,93],"uv_size":[3,1]},"south":{"uv":[108,91],"uv_size":[1,1]},"west":{"uv":[106,94],"uv_size":[3,1]},"up":{"uv":[104,106],"uv_size":[1,3]},"down":{"uv":[105,109],"uv_size":[1,-3]}}},{"origin":[21,22.5,-28.5],"size":[0.5,1,3],"uv":{"north":{"uv":[108,92],"uv_size":[1,1]},"east":{"uv":[106,95],"uv_size":[3,1]},"south":{"uv":[99,108],"uv_size":[1,1]},"west":{"uv":[106,106],"uv_size":[3,1]},"up":{"uv":[82,107],"uv_size":[1,3]},"down":{"uv":[107,85],"uv_size":[1,-3]}}},{"origin":[21,23.5,-27.5],"size":[0.5,1,3],"uv":{"north":{"uv":[100,108],"uv_size":[1,1]},"east":{"uv":[83,107],"uv_size":[3,1]},"south":{"uv":[101,108],"uv_size":[1,1]},"west":{"uv":[86,107],"uv_size":[3,1]},"up":{"uv":[107,87],"uv_size":[1,3]},"down":{"uv":[89,110],"uv_size":[1,-3]}}}]}]}]}