{"format_version":"1.12.0","minecraft:geometry":[{"description":{"identifier":"geometry.ecotron","texture_width":64,"texture_height":64,"visible_bounds_width":3,"visible_bounds_height":5,"visible_bounds_offset":[0,1.5,0]},"bones":[{"name":"bone","pivot":[5,11.25,0],"cubes":[{"origin":[-9,0,-8],"size":[18,12,16],"uv":{"north":{"uv":[16,16],"uv_size":[18,12]},"east":{"uv":[0,16],"uv_size":[16,12]},"south":{"uv":[34,16],"uv_size":[18,12]},"west":{"uv":[0,16],"uv_size":[16,12]},"up":{"uv":[16,0],"uv_size":[18,16]},"down":{"uv":[34,16],"uv_size":[18,-16]}}},{"origin":[-6,12,-7],"size":[12,10,14],"uv":{"north":{"uv":[14,43],"uv_size":[12,10]},"east":{"uv":[0,43],"uv_size":[14,10]},"south":{"uv":[2,33],"uv_size":[12,10]},"west":{"uv":[0,43],"uv_size":[14,10]},"up":{"uv":[14,29],"uv_size":[12,14]},"down":{"uv":[37,14],"uv_size":[12,-14]}}},{"origin":[-12,26,0],"size":[24,15,0],"uv":{"north":{"uv":[34,29],"uv_size":[24,15]},"east":{"uv":[53,0],"uv_size":[0,15]},"south":{"uv":[34,29],"uv_size":[24,15]},"west":{"uv":[53,0],"uv_size":[0,15]},"up":{"uv":[28,46],"uv_size":[24,0]},"down":{"uv":[28,45],"uv_size":[24,0]}}},{"origin":[2,11,-3],"size":[6,8,6],"pivot":[5,2.25,0],"rotation":[0,0,5],"uv":{"north":{"uv":[27,35],"uv_size":[6,8]},"east":{"uv":[27,35],"uv_size":[6,8]},"south":{"uv":[27,35],"uv_size":[6,8]},"west":{"uv":[27,35],"uv_size":[6,8]},"up":{"uv":[27,29],"uv_size":[6,6]},"down":{"uv":[27,35],"uv_size":[6,-6]}}},{"origin":[-7,19,-2],"size":[4,13,4],"pivot":[-5,2.25,0],"rotation":[0,0,-5],"uv":{"north":{"uv":[4,0],"uv_size":[4,13]},"east":{"uv":[0,0],"uv_size":[4,13]},"south":{"uv":[4,0],"uv_size":[4,13]},"west":{"uv":[0,0],"uv_size":[4,13]},"up":{"uv":[8,9],"uv_size":[4,4]},"down":{"uv":[8,13],"uv_size":[4,-4]}}},{"origin":[-8,11,-3],"size":[6,8,6],"pivot":[-5,2.25,0],"rotation":[0,0,-5],"uv":{"north":{"uv":[27,35],"uv_size":[6,8]},"east":{"uv":[27,35],"uv_size":[6,8]},"south":{"uv":[27,35],"uv_size":[6,8]},"west":{"uv":[27,35],"uv_size":[6,8]},"up":{"uv":[27,29],"uv_size":[6,6]},"down":{"uv":[27,35],"uv_size":[6,-6]}}},{"origin":[3,19,-2],"size":[4,13,4],"pivot":[5,2.25,0],"rotation":[0,0,5],"uv":{"north":{"uv":[4,0],"uv_size":[4,13]},"east":{"uv":[0,0],"uv_size":[4,13]},"south":{"uv":[4,0],"uv_size":[4,13]},"west":{"uv":[0,0],"uv_size":[4,13]},"up":{"uv":[8,9],"uv_size":[4,4]},"down":{"uv":[8,13],"uv_size":[4,-4]}}}]}]}]}