{"format_version":"1.12.0","minecraft:geometry":[{"description":{"identifier":"geometry.electric_repeater","texture_width":128,"texture_height":128,"visible_bounds_width":2,"visible_bounds_height":6.5,"visible_bounds_offset":[0,2.75,0]},"bones":[{"name":"poteau","pivot":[0,0,0],"cubes":[{"origin":[-3,14,-1],"size":[4,65,4],"uv":[0,0]},{"origin":[-6,43,1],"size":[14,32,0.05],"uv":[17,0]},{"origin":[1,61,-1],"size":[4,7,4],"uv":[46,0]},{"origin":[-6,75,0],"size":[18,2,2],"uv":[17,33]},{"origin":[3,77,0.5],"size":[1,1,1],"uv":[46,12]},{"origin":[-5.5,77,0.5],"size":[1,1,1],"uv":[46,12]},{"origin":[9,77,0.5],"size":[1,1,1],"uv":[46,12]},{"origin":[8,62,0.5],"size":[1,1,1],"uv":[46,12]},{"origin":[3,70,0.5],"size":[1,1,1],"uv":[46,12]},{"origin":[-6,69,0],"size":[11,1,2],"uv":[33,43]},{"origin":[-6,60,0],"size":[16,2,2],"uv":[17,38]},{"origin":[-3.5,79,-1.5],"size":[5,1,5],"uv":[46,12]},{"origin":[-3.5,0,-1.5],"size":[5,14,5],"uv":[17,43]}]}]}]}