{"format_version":"1.12.0","minecraft:geometry":[{"description":{"identifier":"geometry.framestone","texture_width":256,"texture_height":256,"visible_bounds_width":8,"visible_bounds_height":6.5,"visible_bounds_offset":[0,2.75,0]},"bones":[{"name":"bone","pivot":[-40.3,40.3,-17],"rotation":[0,0,90],"cubes":[{"origin":[-16.3,40.3,-11],"size":[7,80,6],"uv":[0,97]},{"origin":[-71.3,40.3,-11],"size":[7,80,6],"uv":[0,97]},{"origin":[-64.3,120.3,-11],"size":[48,7,6],"uv":[0,83]},{"origin":[-64.3,33.3,-11],"size":[48,7,6],"uv":[0,83]},{"origin":[-16.3,32.3,-12],"size":[8,8,7],"uv":[58,97]},{"origin":[-16.3,120.3,-12],"size":[8,8,7],"uv":[58,97]},{"origin":[-72.3,70.3,-12],"size":[8,20,7],"uv":[27,97]},{"origin":[-16.3,70.3,-12],"size":[8,20,7],"uv":[27,97]},{"origin":[-72.3,120.3,-12],"size":[8,8,7],"uv":[58,97]},{"origin":[-72.3,32.3,-12],"size":[8,8,7],"uv":[58,97]},{"origin":[-64.3,40.3,-7.2],"size":[48,80,2],"uv":[0,0]},{"origin":[-9.3,40.3,-9.2],"size":[9,80,0.05],"uv":[110,2]},{"origin":[-10,32.6,-11.7],"size":[10.3,7,6],"uv":{"north":{"uv":[6,89],"uv_size":[10,7]},"east":{"uv":[0,89],"uv_size":[6,7]},"south":{"uv":[22,89],"uv_size":[10,7]},"west":{"uv":[16,89],"uv_size":[6,7]},"up":{"uv":[6,83],"uv_size":[10,6]},"down":{"uv":[16,89],"uv_size":[10,-6]}}},{"origin":[-10,120.6,-11.7],"size":[10.3,7,6],"uv":{"north":{"uv":[6,89],"uv_size":[10,7]},"east":{"uv":[0,89],"uv_size":[6,7]},"south":{"uv":[22,89],"uv_size":[10,7]},"west":{"uv":[16,89],"uv_size":[6,7]},"up":{"uv":[6,83],"uv_size":[10,6]},"down":{"uv":[16,89],"uv_size":[10,-6]}}}]}]}]}