{"format_version":"1.12.0","minecraft:geometry":[{"description":{"identifier":"geometry.fuelloader","texture_width":128,"texture_height":128,"visible_bounds_width":3,"visible_bounds_height":5,"visible_bounds_offset":[0,1.5,0]},"bones":[{"name":"bone","pivot":[0,0,0],"cubes":[{"origin":[-9,0,-9],"size":[18,4,18],"uv":[0,0]},{"origin":[-8,4,-8],"size":[16,7,16],"uv":[0,23]},{"origin":[-8,24,-4],"size":[16,1,8],"uv":[0,47]},{"origin":[-1,11,-1],"size":[2,13,2],"uv":[20,23]}]},{"name":"bone4","parent":"bone","pivot":[0,0,0],"cubes":[{"origin":[-14,0,-2],"size":[4,8,4],"uv":[0,0]},{"origin":[-10,4,-2],"size":[17,4,4],"uv":[49,23]}]},{"name":"pompeL","parent":"bone","pivot":[0,0,0],"cubes":[{"origin":[-6.5,11,-2.5],"size":[5,14,5],"uv":[49,47]},{"origin":[-6.5,-2,-2.5],"size":[5,13,5],"uv":[0,57]},{"origin":[-7.5,25,-3.5],"size":[7,1,7],"uv":[55,0]}]},{"name":"pompeR","parent":"bone","pivot":[0,0,0],"cubes":[{"origin":[1.5,24,-2.5],"size":[5,14,5],"uv":[49,47]},{"origin":[1.5,11,-2.5],"size":[5,13,5],"uv":[0,57]},{"origin":[0.5,38,-3.5],"size":[7,1,7],"uv":[55,0]}]}]}]}