{"format_version":"1.12.0","minecraft:geometry":[{"description":{"identifier":"geometry.harpagon","texture_width":128,"texture_height":128,"visible_bounds_width":6,"visible_bounds_height":5.5,"visible_bounds_offset":[0,2.25,0]},"bones":[{"name":"bone","pivot":[0,-8,0]},{"name":"player_root","parent":"bone","pivot":[0,-6,0]},{"name":"hip","parent":"player_root","pivot":[0,7.25,-0.5],"cubes":[{"origin":[-4.25,6.25,-2.375],"size":[8.5,4.75,3.75],"pivot":[0,7.25,-0.5],"rotation":[-2.5,0,0],"uv":[25,0]}]},{"name":"waist","parent":"hip","pivot":[0,11,-0.5],"cubes":[{"origin":[-4.75,9,-2.675],"size":[9.5,4.75,4.75],"uv":[27,24]}]},{"name":"chest","parent":"waist","pivot":[0,15.75,-0.5],"rotation":[25,0,0],"cubes":[{"origin":[-5.75,12.75,-3.375],"size":[11.5,6.75,4.75],"uv":[0,17]}]},{"name":"head","parent":"chest","pivot":[0.09,18.62311,-2.36897],"rotation":[-15,0,0],"cubes":[{"origin":[-3.95,18.5,-4.25],"size":[8,8,8],"uv":[0,0]},{"origin":[-1.95,17.1,-4.45],"size":[4,2,2],"pivot":[0.05,18.5,-3.25],"rotation":[-5,0,0],"uv":[47,20]},{"origin":[-0.85,19.5,-6.25],"size":[2,2,2],"uv":[-1,-1]},{"origin":[-1.95,19.5,-0.75],"size":[4,9,0],"uv":[0,48]},{"origin":[-1.95,19.5,-2.75],"size":[4,9,0],"uv":[44,46]},{"origin":[-3.9,22,-3.5],"size":[8,3,8],"inflate":0.3,"uv":[0,53]}]},{"name":"sourcil","parent":"head","pivot":[-1.05,22.5,-4.05],"cubes":[{"origin":[1.05,22.5,-4.55],"size":[4,2,1],"pivot":[1.05,22.5,-4.05],"rotation":[0,0,-10],"uv":[36,20]},{"origin":[-5.05,22.5,-4.55],"size":[4,2,1],"pivot":[-1.05,22.5,-4.05],"rotation":[0,0,10],"uv":[36,20],"mirror":true}]},{"name":"group","parent":"head","pivot":[15,-1,-8.5]},{"name":"right_arm","parent":"chest","pivot":[-6,17,-0.5],"rotation":[-27.5,0,0],"cubes":[{"origin":[-7.75,12.875,-2.375],"size":[3,5.625,3],"uv":[31,42]}]},{"name":"right_forearm","parent":"right_arm","pivot":[-6.625,12.875,-0.5],"cubes":[{"origin":[-7.75,7.25,-2.375],"size":[3,5.625,3],"uv":[0,39]}]},{"name":"left_arm","parent":"chest","pivot":[6,17,-0.5],"rotation":[-47.5,0,0],"cubes":[{"origin":[4.5,13.875,-2.375],"size":[3,5,3],"uv":[21,33]}]},{"name":"left_forearm","parent":"left_arm","pivot":[6.825,12.0625,-0.9],"cubes":[{"origin":[4.7,9.25,-2.775],"size":[3,5.625,3],"pivot":[6.35625,13.9375,-0.9],"rotation":[-47.5,0,0],"uv":[34,33]}]},{"name":"bag","parent":"left_forearm","pivot":[6.1934,10.62878,-4.3934],"rotation":[22.5,0,0],"cubes":[{"origin":[5.31229,10.8478,-5.28229],"size":[1.77,2.59,1.77],"uv":{"north":{"uv":[32,21],"uv_size":[1,2]},"east":{"uv":[31,21],"uv_size":[1,2]},"south":{"uv":[34,21],"uv_size":[1,2]},"west":{"uv":[33,21],"uv_size":[1,2]},"up":{"uv":[32,20],"uv_size":[1,1]},"down":{"uv":[33,21],"uv_size":[1,-1]}}},{"origin":[3.54229,6.1278,-7.05229],"size":[5.31,5.72,5.31],"uv":{"north":{"uv":[93,26],"uv_size":[9,8]},"east":{"uv":[84,26],"uv_size":[9,8]},"south":{"uv":[111,26],"uv_size":[9,8]},"west":{"uv":[102,26],"uv_size":[9,8]},"up":{"uv":[93,17],"uv_size":[9,9]}}},{"origin":[2.95229,4.9478,-7.64229],"size":[6.49,2.95,6.49],"uv":{"north":{"uv":[95,11],"uv_size":[11,5]},"east":{"uv":[84,11],"uv_size":[11,5]},"south":{"uv":[117,11],"uv_size":[11,5]},"west":{"uv":[106,11],"uv_size":[11,5]},"up":{"uv":[95,0],"uv_size":[11,11]},"down":{"uv":[106,11],"uv_size":[11,-11]}}}]},{"name":"bone2","parent":"bag","pivot":[6.19729,13.1428,-4.39729],"cubes":[{"origin":[4.72229,13.5853,-5.13479],"size":[2.95,1.77,0.0295],"pivot":[6.19729,13.1428,-4.39729],"rotation":[22.5,0,0],"uv":{"north":{"uv":[33,8],"uv_size":[2,1]},"east":{"uv":[33,8],"uv_size":[0,1]},"south":{"uv":[35,8],"uv_size":[2,1]},"west":{"uv":[35,8],"uv_size":[0,1]},"up":{"uv":[33,8],"uv_size":[2,0]},"down":{"uv":[35,8],"uv_size":[2,0]}}},{"origin":[4.72229,13.5853,-3.65979],"size":[2.95,1.77,0.0295],"pivot":[6.19729,13.1428,-4.39729],"rotation":[-22.5,0,0],"uv":{"north":{"uv":[16,31],"uv_size":[2,1]},"east":{"uv":[16,31],"uv_size":[0,1]},"south":{"uv":[18,31],"uv_size":[2,1]},"west":{"uv":[18,31],"uv_size":[0,1]},"up":{"uv":[16,31],"uv_size":[2,0]},"down":{"uv":[18,31],"uv_size":[2,0]}}},{"origin":[7.26663,13.65718,-5.87229],"size":[0.0295,1.77,2.95],"pivot":[6.19729,14.08702,-4.39729],"rotation":[0,0,22.5],"uv":{"north":{"uv":[23,31],"uv_size":[0,1]},"east":{"uv":[21,31],"uv_size":[2,1]},"south":{"uv":[25,31],"uv_size":[0,1]},"west":{"uv":[23,31],"uv_size":[2,1]},"up":{"uv":[23,29],"uv_size":[0,2]},"down":{"uv":[23,31],"uv_size":[0,-2]}}},{"origin":[5.06895,13.65718,-5.87229],"size":[0.0295,1.77,2.95],"pivot":[6.19729,14.08702,-4.39729],"rotation":[0,0,-22.5],"uv":{"north":{"uv":[2,30],"uv_size":[0,1]},"east":{"uv":[0,30],"uv_size":[2,1]},"south":{"uv":[4,30],"uv_size":[0,1]},"west":{"uv":[2,30],"uv_size":[2,1]},"up":{"uv":[2,28],"uv_size":[0,2]},"down":{"uv":[2,30],"uv_size":[0,-2]}}}]},{"name":"right_leg","parent":"player_root","pivot":[-1.875,5.25,-1],"cubes":[{"origin":[-4.25,2.625,-2.375],"size":[3.75,3.625,3.75],"uv":[44,39]}]},{"name":"right_foreleg","parent":"right_leg","pivot":[-1.875,2.625,-1],"cubes":[{"origin":[-3.75,0,-2.875],"size":[2.75,1,1.05],"uv":[0,5]},{"origin":[-3.75,0,-1.875],"size":[2.75,3.625,2.75],"uv":[47,33]}]},{"name":"left_leg","parent":"player_root","pivot":[1.875,5.25,-1],"cubes":[{"origin":[0.5,2.625,-2.375],"size":[3.75,3.625,3.75],"uv":[13,43]}]},{"name":"left_foreleg","parent":"left_leg","pivot":[1.875,2.625,-1],"cubes":[{"origin":[1,0,-1.875],"size":[2.75,3.625,2.75],"uv":[46,6]},{"origin":[1,0,-2.875],"size":[2.75,1,1.05],"uv":[16,28]}]}]}]}