{"format_version":"1.12.0","minecraft:geometry":[{"description":{"identifier":"geometry.helicotaxi","texture_width":512,"texture_height":512,"visible_bounds_width":16,"visible_bounds_height":15.5,"visible_bounds_offset":[0,7.25,0]},"bones":[{"name":"bone6","pivot":[2,71,59],"rotation":[0,-107.5,0]},{"name":"bone","parent":"bone6","pivot":[2,144,65.75],"rotation":[0,0,45]},{"name":"echelle","parent":"bone6","pivot":[-10.37522,71.91886,88.02748],"cubes":[{"origin":[-10,35.8,84],"size":[0,37,15],"pivot":[-10,70.5,91.5],"rotation":[7.47178,-0.65182,4.95744],"uv":[284,76]},{"origin":[-12.90608,1.34047,88.09246],"size":[0,37,15],"pivot":[-14.37522,38.91886,88.02748],"rotation":[14.97178,-0.65182,4.95744],"uv":[284,76]}]},{"name":"bone12","parent":"bone6","pivot":[-1,72,88]},{"name":"elicearriere","parent":"bone12","pivot":[-4,96,150],"cubes":[{"origin":[-4,89,143],"size":[0,14,14],"uv":[118,189]}]},{"name":"eliceprincipale","parent":"bone12","pivot":[-1,104,98],"rotation":[0,-90,0],"cubes":[{"origin":[-1,104,123],"size":[13,1,3],"pivot":[-1,105,124.5],"rotation":[-89.99998,-85,89.99998],"uv":[131,100]},{"origin":[0.5,104,96.5],"size":[25,1,3],"pivot":[-1,104,98],"rotation":[0,-90,0],"uv":[110,55]},{"origin":[-2.5,102,96.5],"size":[3,5,3],"uv":[24,26]}]},{"name":"bone13","parent":"eliceprincipale","pivot":[-1,104,98],"rotation":[0,-90,0],"cubes":[{"origin":[-1,104,123],"size":[13,1,3],"pivot":[-1,105,124.5],"rotation":[-89.99998,-85,89.99998],"uv":[131,100]},{"origin":[0.5,104,96.5],"size":[25,1,3],"pivot":[-1,104,98],"rotation":[0,-90,0],"uv":[110,55]}]},{"name":"bone14","parent":"bone13","pivot":[-1,104,98],"rotation":[0,-90,0],"cubes":[{"origin":[-1,104,123],"size":[13,1,3],"pivot":[-1,105,124.5],"rotation":[-89.99998,-85,89.99998],"uv":[131,100]},{"origin":[0.5,104,96.5],"size":[25,1,3],"pivot":[-1,104,98],"rotation":[0,-90,0],"uv":[110,55]}]},{"name":"bone15","parent":"bone14","pivot":[-1,104,98],"rotation":[0,-90,0],"cubes":[{"origin":[-1,104,123],"size":[13,1,3],"pivot":[-1,105,124.5],"rotation":[-89.99998,-85,89.99998],"uv":[131,100]},{"origin":[0.5,104,96.5],"size":[25,1,3],"pivot":[-1,104,98],"rotation":[0,-90,0],"uv":[110,55]}]},{"name":"helico","parent":"bone12","pivot":[-1,72,88]},{"name":"bone16","parent":"helico","pivot":[-1,79,88]},{"name":"bone17","parent":"bone16","pivot":[-8,72,91],"cubes":[{"origin":[-11,72,77],"size":[3,1,26],"uv":[0,53]},{"origin":[-10.5,73,96],"size":[2,6,2],"uv":[0,26]},{"origin":[-10.5,73,81],"size":[2,6,2],"uv":[0,26]},{"origin":[-10,76,83],"size":[1,1,13],"uv":[92,133]},{"origin":[-11,72,72],"size":[3,1,5],"pivot":[-8,72,77],"rotation":[-25,0,0],"uv":[19,0]}]},{"name":"bone18","parent":"bone17","pivot":[6,72,91],"cubes":[{"origin":[6,72,77],"size":[3,1,26],"uv":[0,53],"mirror":true},{"origin":[6.5,73,96],"size":[2,6,2],"uv":[0,26],"mirror":true},{"origin":[6.5,73,81],"size":[2,6,2],"uv":[0,26],"mirror":true},{"origin":[7,76,83],"size":[1,1,13],"uv":[92,133],"mirror":true},{"origin":[6,72,72],"size":[3,1,5],"pivot":[6,72,77],"rotation":[-25,0,0],"uv":[19,0],"mirror":true}]},{"name":"bone19","parent":"bone16","pivot":[-1,82.25,70]},{"name":"siege2","parent":"bone16","pivot":[8,89,131],"cubes":[{"origin":[0,83,84],"size":[7,2,7],"uv":[19,121]},{"origin":[-0.5,83,90],"size":[8,10,2],"uv":[0,65]},{"origin":[1.5,101,92],"size":[4,4,2],"pivot":[8,89,131],"rotation":[12.5,0,0],"uv":[45,18]}]},{"name":"siege3","parent":"siege2","pivot":[-10,89,131],"cubes":[{"origin":[-9,83,84],"size":[7,2,7],"uv":[19,121],"mirror":true},{"origin":[-9.5,83,90],"size":[8,10,2],"uv":[0,65],"mirror":true},{"origin":[-7.5,101,92],"size":[4,4,2],"pivot":[-10,89,131],"rotation":[12.5,0,0],"uv":[45,18],"mirror":true}]},{"name":"bone20","parent":"bone16","pivot":[-1,89,121],"cubes":[{"origin":[-2,87,113],"size":[2,2,21],"uv":[65,95],"mirror":true},{"origin":[-11,79,76],"size":[20,2,25],"uv":[45,0]},{"origin":[-9,81,85],"size":[16,2,6],"uv":[45,27]},{"origin":[-11,81,93],"size":[20,14,7],"uv":[0,81]},{"origin":[-10,80,90.25],"size":[18,17,3],"pivot":[-1,80,94],"rotation":[-7.5,0,0],"uv":[110,0]},{"origin":[-1.5,86.5,102],"size":[1,6,17],"pivot":[-1,89,121],"rotation":[15,0,0],"uv":[31,115]},{"origin":[-5,86,104],"size":[8,12,9],"uv":[126,63]},{"origin":[-6,86,92],"size":[10,13,12],"uv":[42,90]},{"origin":[-9,97,80],"size":[16,2,12],"uv":[82,27]},{"origin":[-8,98,67],"size":[14,1,13],"pivot":[-1,97,80],"rotation":[37.5,0,0],"uv":[90,95]},{"origin":[-5,98,78],"size":[8,3,16],"uv":[0,102]},{"origin":[-9,95,92],"size":[4,5,15],"uv":[115,118]},{"origin":[3,95,92],"size":[4,5,15],"uv":[67,118]},{"origin":[-5,99,94],"size":[8,3,8],"uv":[0,26]},{"origin":[-5,107,94],"size":[8,2,8],"uv":[36,138]},{"origin":[-10,86,98],"size":[18,16,10],"pivot":[-1,89,121],"rotation":[17.5,0,0],"uv":[64,53]}]},{"name":"bone21","parent":"bone20","pivot":[-1,89,138],"cubes":[{"origin":[-3,89,113],"size":[4,6,37],"uv":[0,0]},{"origin":[-1.5,81.25,143.75],"size":[1,7,5],"pivot":[-1,89,138],"rotation":[15,0,0],"uv":[0,0]},{"origin":[-6,95,149],"size":[5,2,2],"uv":[0,12]},{"origin":[-9,92,134],"size":[16,1,5],"uv":[47,81]},{"origin":[-2,94.25,142.75],"size":[2,12,6],"pivot":[-1,89,138],"rotation":[-25,0,0],"uv":[45,0]}]},{"name":"bone22","parent":"bone20","pivot":[-1,89,131],"cubes":[{"origin":[6,98,67],"size":[2,1,15],"pivot":[-1,97,80],"rotation":[37.5,0,0],"uv":[0,123]},{"origin":[-10,98,67],"size":[2,1,15],"pivot":[-1,97,80],"rotation":[37.5,0,0],"uv":[131,84]},{"origin":[-9,32,93.25],"size":[16,7,7],"pivot":[-1,89,131],"rotation":[-55,0,0],"uv":[110,41]},{"origin":[-10,51,79.25],"size":[18,5,11],"pivot":[-1,89,131],"rotation":[-32.5,0,0],"uv":[79,79]},{"origin":[-8,56,83.25],"size":[14,2,7],"pivot":[-1,89,131],"rotation":[-32.5,0,0],"uv":[53,176]},{"origin":[3,53,90.25],"size":[1,9,1],"pivot":[-1,89,131],"rotation":[-32.5,0,0],"uv":[202,129]},{"origin":[-6,53,90.25],"size":[1,9,1],"pivot":[-1,89,131],"rotation":[-32.5,0,0],"uv":[202,129]}]},{"name":"bone23","parent":"bone20","pivot":[-1,97,80],"cubes":[{"origin":[7.5,93,64],"size":[1,7,17],"pivot":[-1,97,80],"rotation":[90,0,0],"uv":[0,0]},{"origin":[-10.5,93,64],"size":[1,7,17],"pivot":[-1,97,80],"rotation":[90,0,0],"uv":[0,0],"mirror":true},{"origin":[7,87,67],"size":[0,12,11],"pivot":[-1,97,80],"rotation":[37.5,0,0],"uv":[0,42]},{"origin":[6.5,81,75.25],"size":[1,16,2],"pivot":[-1,97,80],"rotation":[12.5,0,0],"uv":[61,0]}]},{"name":"bone24","parent":"bone20","pivot":[-1,97,80],"cubes":[{"origin":[-9,87,67],"size":[0,12,11],"pivot":[-1,97,80],"rotation":[37.5,0,0],"uv":[32,42]},{"origin":[-9.5,81,75.25],"size":[1,16,2],"pivot":[-1,97,80],"rotation":[12.5,0,0],"uv":[120,138]}]},{"name":"bone5","pivot":[-23,29.1,-32.6],"rotation":[0,72.5,0]},{"name":"bone11","parent":"bone5","pivot":[-23,29.1,-32.6],"rotation":[0,-72.5,0]},{"name":"leg4","parent":"bone11","pivot":[-7.9,20.5,-14.4],"cubes":[{"origin":[-1.87443,44,-9.55121],"size":[1,2,1],"uv":[446,426]}]},{"name":"leg5","parent":"bone11","pivot":[-5.9,20.5,-14.4],"cubes":[{"origin":[0.12557,44,-9.55121],"size":[1,2,1],"uv":[446,426]}]},{"name":"body3","parent":"bone11","pivot":[-0.4,48.78108,-9.23215],"rotation":[25,0,0],"cubes":[{"origin":[-1.9,45.78108,-10.73215],"size":[3,6,3],"uv":[413,434]}]},{"name":"wing4","parent":"body3","pivot":[1.1,48.91906,-8.59802],"rotation":[-10,180,0],"cubes":[{"origin":[0.6,46.41906,-10.09802],"size":[1,5,3],"uv":[426,435]}]},{"name":"wing5","parent":"body3","pivot":[-1.9,48.91906,-8.59802],"rotation":[-10,180,0],"cubes":[{"origin":[-2.4,46.41906,-10.09802],"size":[1,5,3],"uv":[426,435]}]},{"name":"head4","parent":"body3","pivot":[-0.4,51.59,-8.88],"rotation":[-17.5,0,0],"cubes":[{"origin":[-1.4,50.8,-9.9],"size":[2,3,2],"uv":[439,398]},{"origin":[-1.4,53.8,-11.9],"size":[2,1,4],"uv":[435,438]},{"origin":[-0.9,51.8,-10.8],"size":[1,2,1],"uv":[399,424]},{"origin":[-0.9,52.1,-11.8],"size":[1,1.7,1],"uv":[446,423]},{"origin":[-0.4,53.1,-11],"size":[0,5,4],"uv":[433,428]}]},{"name":"tail3","parent":"body3","pivot":[-0.4,46.87419,-7.85535],"rotation":[50,0,0],"cubes":[{"origin":[-1.9,42.69931,-7.83582],"size":[3,4,1],"uv":[443,417]}]},{"name":"bone3","pivot":[-65,0,-6],"cubes":[{"origin":[-63,0,-11],"size":[8,12,5],"pivot":[-57,6,-10.5],"rotation":[0,-22.5,0],"uv":{"north":{"uv":[415.77893,10],"uv_size":[16.03685,24]},"east":{"uv":[405.7559,10],"uv_size":[10.02303,24]},"south":{"uv":[441.8388,10],"uv_size":[16.03685,24]},"west":{"uv":[431.81577,10],"uv_size":[10.02303,24]},"up":{"uv":[415.77893,0],"uv_size":[16.03685,10]},"down":{"uv":[431.81577,10],"uv_size":[16.03685,-10]}}},{"origin":[-61,9,-10.5],"size":[1,5,1],"pivot":[-58,16,-13.5],"rotation":[0,-22.5,0],"uv":{"north":{"uv":[471.90789,56],"uv_size":[2.00461,10]},"east":{"uv":[469.90328,56],"uv_size":[2.00461,10]},"south":{"uv":[475.9171,56],"uv_size":[2.00461,10]},"west":{"uv":[473.91249,56],"uv_size":[2.00461,10]}}},{"origin":[-56,9,-10.5],"size":[1,5,1],"pivot":[-58,16,-13.5],"rotation":[0,-22.5,0],"uv":{"north":{"uv":[461.88486,56],"uv_size":[2.00461,10]},"east":{"uv":[459.88025,56],"uv_size":[2.00461,10]},"south":{"uv":[465.89407,56],"uv_size":[2.00461,10]},"west":{"uv":[463.88946,56],"uv_size":[2.00461,10]}}},{"origin":[-61,14,-10.5],"size":[6,1,1],"pivot":[-58,16,-13.5],"rotation":[0,-22.5,0],"uv":{"north":{"uv":[451.86183,38],"uv_size":[12.02763,2]},"east":{"uv":[449.85722,38],"uv_size":[2.00461,2]},"south":{"uv":[465.89407,38],"uv_size":[12.02763,2]},"west":{"uv":[463.88946,38],"uv_size":[2.00461,2]},"up":{"uv":[451.86183,36],"uv_size":[12.02763,2]},"down":{"uv":[463.88946,38],"uv_size":[12.02763,-2]}}}]},{"name":"bone7","parent":"bone3","pivot":[63,17.5,9.5],"cubes":[{"origin":[52,0,7],"size":[8,12,5],"pivot":[57,6,9.5],"rotation":[0,22.5,0],"uv":{"north":{"uv":[415.77893,46],"uv_size":[16.03685,24]},"east":{"uv":[405.7559,46],"uv_size":[10.02303,24]},"south":{"uv":[441.8388,46],"uv_size":[16.03685,24]},"west":{"uv":[431.81577,46],"uv_size":[10.02303,24]},"up":{"uv":[415.77893,36],"uv_size":[16.03685,10]},"down":{"uv":[431.81577,46],"uv_size":[16.03685,-10]}}},{"origin":[53.5,12,8],"size":[6,1,1],"pivot":[63,17.5,9.5],"rotation":[0,22.5,0],"uv":{"north":{"uv":[461.88486,44],"uv_size":[12.02763,2]},"east":{"uv":[459.88025,44],"uv_size":[2.00461,2]},"south":{"uv":[475.9171,44],"uv_size":[12.02763,2]},"west":{"uv":[473.91249,44],"uv_size":[2.00461,2]},"up":{"uv":[461.88486,42],"uv_size":[12.02763,2]},"down":{"uv":[473.91249,44],"uv_size":[12.02763,-2]}}}]},{"name":"bagage","parent":"bone3","pivot":[13,0,-20],"rotation":[0,-32.5,0],"cubes":[{"origin":[7,0,-11],"size":[8,12,5],"uv":{"north":{"uv":[469.90328,10],"uv_size":[16.03685,24]},"east":{"uv":[459.88025,10],"uv_size":[10.02303,24]},"south":{"uv":[495.96315,10],"uv_size":[16.03685,24]},"west":{"uv":[485.94013,10],"uv_size":[10.02303,24]},"up":{"uv":[469.90328,0],"uv_size":[16.03685,10]},"down":{"uv":[485.94013,10],"uv_size":[16.03685,-10]}}},{"origin":[13,12,-8],"size":[1,5,1],"uv":{"north":{"uv":[461.88486,70],"uv_size":[2.00461,10]},"east":{"uv":[459.88025,70],"uv_size":[2.00461,10]},"south":{"uv":[465.89407,70],"uv_size":[2.00461,10]},"west":{"uv":[463.88946,70],"uv_size":[2.00461,10]}}},{"origin":[8,17,-8],"size":[6,1,1],"uv":{"north":{"uv":[461.88486,50],"uv_size":[12.02763,2]},"east":{"uv":[459.88025,50],"uv_size":[2.00461,2]},"south":{"uv":[475.9171,50],"uv_size":[12.02763,2]},"west":{"uv":[473.91249,50],"uv_size":[2.00461,2]},"up":{"uv":[461.88486,48],"uv_size":[12.02763,2]},"down":{"uv":[473.91249,50],"uv_size":[12.02763,-2]}}},{"origin":[8,12,-8],"size":[1,5,1],"uv":{"north":{"uv":[471.90789,70],"uv_size":[2.00461,10]},"east":{"uv":[469.90328,70],"uv_size":[2.00461,10]},"south":{"uv":[475.9171,70],"uv_size":[2.00461,10]},"west":{"uv":[473.91249,70],"uv_size":[2.00461,10]}}}]},{"name":"group3","pivot":[-96,0,1],"cubes":[{"origin":[-23,9,4],"size":[12,8,2],"uv":[267,39]},{"origin":[-56,1,-1],"size":[2,3,2],"uv":[255,39]},{"origin":[-56,-1,-6],"size":[2,2,12],"uv":[255,24]},{"origin":[-9,4,-3],"size":[1,2,6],"uv":[272,6]},{"origin":[-10,1,-1],"size":[2,3,2],"uv":[255,24]},{"origin":[-10,-1,-6],"size":[2,2,12],"uv":[255,9]},{"origin":[-54,5,-6],"size":[14,2,12],"uv":[214,36]},{"origin":[-52,7,5],"size":[2,2,1],"uv":[235,62]},{"origin":[-44,7,5],"size":[2,2,1],"uv":[228,62]},{"origin":[-39,5,-6],"size":[14,2,12],"uv":[214,21]},{"origin":[-37,7,5],"size":[2,2,1],"uv":[221,62]},{"origin":[-29,7,5],"size":[2,2,1],"uv":[214,62]},{"origin":[-38,9,4],"size":[12,8,2],"uv":[243,51]},{"origin":[-24,5,-6],"size":[14,2,12],"uv":[214,6]},{"origin":[-22,7,5],"size":[2,2,1],"uv":[272,50]},{"origin":[-14,7,5],"size":[2,2,1],"uv":[272,15]},{"origin":[-53,9,4],"size":[12,8,2],"uv":[214,51]},{"origin":[-55,4,-2],"size":[46,1,4],"uv":[214,0]},{"origin":[-56,4,-3],"size":[1,2,6],"uv":[266,56]}]},{"name":"group4","pivot":[-74,15,-8.125],"cubes":[{"origin":[-2,-3,-9],"size":[2,43,2],"uv":{"north":{"uv":[502,55],"uv_size":[2,43]},"east":{"uv":[504,55],"uv_size":[2,43]},"south":{"uv":[506,55],"uv_size":[2,43]},"west":{"uv":[508,55],"uv_size":[2,43]},"up":{"uv":[510,55],"uv_size":[2,2]},"down":{"uv":[510,59],"uv_size":[2,-2]}}}]},{"name":"bone9","parent":"group4","pivot":[-58,41.5,-9.225],"cubes":[{"origin":[-14.5,37,-9.25],"size":[27,7,0.05],"pivot":[-1,40.5,-9.225],"rotation":[0,-10,0],"uv":{"north":{"uv":[367,175],"uv_size":[145,38]},"east":{"uv":[458,127],"uv_size":[0,7]},"south":{"uv":[485,127],"uv_size":[27,7]},"west":{"uv":[485,127],"uv_size":[0,7]},"up":{"uv":[458,127],"uv_size":[27,0]},"down":{"uv":[485,127],"uv_size":[27,0]}}},{"origin":[-14.5,28,-9.25],"size":[27,7,0.05],"pivot":[-1,31.5,-9.225],"rotation":[0,10,0],"uv":{"north":{"uv":[367,136],"uv_size":[145,38]},"east":{"uv":[458,127],"uv_size":[0,7]},"south":{"uv":[485,127],"uv_size":[27,7]},"west":{"uv":[485,127],"uv_size":[0,7]},"up":{"uv":[458,127],"uv_size":[27,0]},"down":{"uv":[485,127],"uv_size":[27,0]}}}]},{"name":"group2","pivot":[-98,0,1],"cubes":[{"origin":[41,9,4],"size":[12,8,2],"uv":[352,52]},{"origin":[8,1,-1],"size":[2,3,2],"uv":[340,52]},{"origin":[8,-1,-6],"size":[2,2,12],"uv":[340,37]},{"origin":[55,4,-3],"size":[1,2,6],"uv":[357,19]},{"origin":[54,1,-1],"size":[2,3,2],"uv":[340,37]},{"origin":[54,-1,-6],"size":[2,2,12],"uv":[340,22]},{"origin":[10,5,-6],"size":[14,2,12],"uv":[299,49]},{"origin":[12,7,5],"size":[2,2,1],"uv":[320,75]},{"origin":[20,7,5],"size":[2,2,1],"uv":[313,75]},{"origin":[25,5,-6],"size":[14,2,12],"uv":[299,34]},{"origin":[27,7,5],"size":[2,2,1],"uv":[306,75]},{"origin":[35,7,5],"size":[2,2,1],"uv":[299,75]},{"origin":[26,9,4],"size":[12,8,2],"uv":[328,64]},{"origin":[40,5,-6],"size":[14,2,12],"uv":[299,19]},{"origin":[42,7,5],"size":[2,2,1],"uv":[357,63]},{"origin":[50,7,5],"size":[2,2,1],"uv":[357,28]},{"origin":[11,9,4],"size":[12,8,2],"uv":[299,64]},{"origin":[9,4,-2],"size":[46,1,4],"uv":[299,13]},{"origin":[8,4,-3],"size":[1,2,6],"uv":[351,69]}]},{"name":"group5","pivot":[55,17.5,9],"rotation":[0,17.5,0]},{"name":"bone4","parent":"group5","pivot":[7,43.5,5.775]}]}]}