{"format_version":"1.12.0","minecraft:geometry":[{"description":{"identifier":"geometry.helicoparrot","texture_width":512,"texture_height":512,"visible_bounds_width":16,"visible_bounds_height":15.5,"visible_bounds_offset":[0,7.25,0]},"bones":[{"name":"bone2","pivot":[20,81,34],"rotation":[0,-80,0]},{"name":"bone","parent":"bone2","pivot":[20,154,40.75],"rotation":[0,0,45]},{"name":"echelle","parent":"bone2","pivot":[7.62478,81.91886,63.02748],"cubes":[{"origin":[8,45.8,59],"size":[0,37,15],"pivot":[8,80.5,66.5],"rotation":[7.47178,-0.65182,4.95744],"uv":[284,76]},{"origin":[5.09392,11.34047,63.09246],"size":[0,37,15],"pivot":[3.62478,48.91886,63.02748],"rotation":[14.97178,-0.65182,4.95744],"uv":[284,76]}]},{"name":"bone12","parent":"bone2","pivot":[17,82,63]},{"name":"elicearriere","parent":"bone12","pivot":[14,106,125],"cubes":[{"origin":[14,99,118],"size":[0,14,14],"uv":[118,189]}]},{"name":"eliceprincipale","parent":"bone12","pivot":[17,114,73],"rotation":[0,-90,0],"cubes":[{"origin":[17,114,98],"size":[13,1,3],"pivot":[17,115,99.5],"rotation":[-89.99998,-85,89.99998],"uv":[131,100]},{"origin":[18.5,114,71.5],"size":[25,1,3],"pivot":[17,114,73],"rotation":[0,-90,0],"uv":[110,55]},{"origin":[15.5,112,71.5],"size":[3,5,3],"uv":[24,26]}]},{"name":"bone13","parent":"eliceprincipale","pivot":[17,114,73],"rotation":[0,-90,0],"cubes":[{"origin":[17,114,98],"size":[13,1,3],"pivot":[17,115,99.5],"rotation":[-89.99998,-85,89.99998],"uv":[131,100]},{"origin":[18.5,114,71.5],"size":[25,1,3],"pivot":[17,114,73],"rotation":[0,-90,0],"uv":[110,55]}]},{"name":"bone14","parent":"bone13","pivot":[17,114,73],"rotation":[0,-90,0],"cubes":[{"origin":[17,114,98],"size":[13,1,3],"pivot":[17,115,99.5],"rotation":[-89.99998,-85,89.99998],"uv":[131,100]},{"origin":[18.5,114,71.5],"size":[25,1,3],"pivot":[17,114,73],"rotation":[0,-90,0],"uv":[110,55]}]},{"name":"bone15","parent":"bone14","pivot":[17,114,73],"rotation":[0,-90,0],"cubes":[{"origin":[17,114,98],"size":[13,1,3],"pivot":[17,115,99.5],"rotation":[-89.99998,-85,89.99998],"uv":[131,100]},{"origin":[18.5,114,71.5],"size":[25,1,3],"pivot":[17,114,73],"rotation":[0,-90,0],"uv":[110,55]}]},{"name":"helico","parent":"bone12","pivot":[17,82,63]},{"name":"bone16","parent":"helico","pivot":[17,89,63]},{"name":"bone17","parent":"bone16","pivot":[10,82,66],"cubes":[{"origin":[7,82,52],"size":[3,1,26],"uv":[0,53]},{"origin":[7.5,83,71],"size":[2,6,2],"uv":[0,26]},{"origin":[7.5,83,56],"size":[2,6,2],"uv":[0,26]},{"origin":[8,86,58],"size":[1,1,13],"uv":[92,133]},{"origin":[7,82,47],"size":[3,1,5],"pivot":[10,82,52],"rotation":[-25,0,0],"uv":[19,0]}]},{"name":"bone18","parent":"bone17","pivot":[24,82,66],"cubes":[{"origin":[24,82,52],"size":[3,1,26],"uv":[0,53],"mirror":true},{"origin":[24.5,83,71],"size":[2,6,2],"uv":[0,26],"mirror":true},{"origin":[24.5,83,56],"size":[2,6,2],"uv":[0,26],"mirror":true},{"origin":[25,86,58],"size":[1,1,13],"uv":[92,133],"mirror":true},{"origin":[24,82,47],"size":[3,1,5],"pivot":[24,82,52],"rotation":[-25,0,0],"uv":[19,0],"mirror":true}]},{"name":"bone19","parent":"bone16","pivot":[17,92.25,45]},{"name":"siege2","parent":"bone16","pivot":[26,99,106],"cubes":[{"origin":[18,93,59],"size":[7,2,7],"uv":[19,121]},{"origin":[17.5,93,65],"size":[8,10,2],"uv":[0,65]},{"origin":[19.5,111,67],"size":[4,4,2],"pivot":[26,99,106],"rotation":[12.5,0,0],"uv":[45,18]}]},{"name":"siege3","parent":"siege2","pivot":[8,99,106],"cubes":[{"origin":[9,93,59],"size":[7,2,7],"uv":[19,121],"mirror":true},{"origin":[8.5,93,65],"size":[8,10,2],"uv":[0,65],"mirror":true},{"origin":[10.5,111,67],"size":[4,4,2],"pivot":[8,99,106],"rotation":[12.5,0,0],"uv":[45,18],"mirror":true}]},{"name":"bone20","parent":"bone16","pivot":[17,99,96],"cubes":[{"origin":[16,97,88],"size":[2,2,21],"uv":[65,95],"mirror":true},{"origin":[7,89,51],"size":[20,2,25],"uv":[45,0]},{"origin":[9,91,60],"size":[16,2,6],"uv":[45,27]},{"origin":[7,91,68],"size":[20,14,7],"uv":[0,81]},{"origin":[8,90,65.25],"size":[18,17,3],"pivot":[17,90,69],"rotation":[-7.5,0,0],"uv":[110,0]},{"origin":[16.5,96.5,77],"size":[1,6,17],"pivot":[17,99,96],"rotation":[15,0,0],"uv":[31,115]},{"origin":[13,96,79],"size":[8,12,9],"uv":[126,63]},{"origin":[12,96,67],"size":[10,13,12],"uv":[42,90]},{"origin":[9,107,55],"size":[16,2,12],"uv":[82,27]},{"origin":[10,108,42],"size":[14,1,13],"pivot":[17,107,55],"rotation":[37.5,0,0],"uv":[90,95]},{"origin":[13,108,53],"size":[8,3,16],"uv":[0,102]},{"origin":[9,105,67],"size":[4,5,15],"uv":[115,118]},{"origin":[21,105,67],"size":[4,5,15],"uv":[67,118]},{"origin":[13,109,69],"size":[8,3,8],"uv":[0,26]},{"origin":[13,117,69],"size":[8,2,8],"uv":[36,138]},{"origin":[8,96,73],"size":[18,16,10],"pivot":[17,99,96],"rotation":[17.5,0,0],"uv":[64,53]}]},{"name":"bone21","parent":"bone20","pivot":[17,99,113],"cubes":[{"origin":[15,99,88],"size":[4,6,37],"uv":[0,0]},{"origin":[16.5,91.25,118.75],"size":[1,7,5],"pivot":[17,99,113],"rotation":[15,0,0],"uv":[0,0]},{"origin":[12,105,124],"size":[5,2,2],"uv":[0,12]},{"origin":[9,102,109],"size":[16,1,5],"uv":[47,81]},{"origin":[16,104.25,117.75],"size":[2,12,6],"pivot":[17,99,113],"rotation":[-25,0,0],"uv":[45,0]}]},{"name":"bone22","parent":"bone20","pivot":[17,99,106],"cubes":[{"origin":[24,108,42],"size":[2,1,15],"pivot":[17,107,55],"rotation":[37.5,0,0],"uv":[0,123]},{"origin":[8,108,42],"size":[2,1,15],"pivot":[17,107,55],"rotation":[37.5,0,0],"uv":[131,84]},{"origin":[9,42,68.25],"size":[16,7,7],"pivot":[17,99,106],"rotation":[-55,0,0],"uv":[110,41]},{"origin":[8,61,54.25],"size":[18,5,11],"pivot":[17,99,106],"rotation":[-32.5,0,0],"uv":[79,79]},{"origin":[10,66,58.25],"size":[14,2,7],"pivot":[17,99,106],"rotation":[-32.5,0,0],"uv":[53,176]},{"origin":[21,63,65.25],"size":[1,9,1],"pivot":[17,99,106],"rotation":[-32.5,0,0],"uv":[202,129]},{"origin":[12,63,65.25],"size":[1,9,1],"pivot":[17,99,106],"rotation":[-32.5,0,0],"uv":[202,129]}]},{"name":"bone23","parent":"bone20","pivot":[17,107,55],"cubes":[{"origin":[25.5,103,39],"size":[1,7,17],"pivot":[17,107,55],"rotation":[90,0,0],"uv":[0,0]},{"origin":[7.5,103,39],"size":[1,7,17],"pivot":[17,107,55],"rotation":[90,0,0],"uv":[0,0],"mirror":true},{"origin":[25,97,42],"size":[0,12,11],"pivot":[17,107,55],"rotation":[37.5,0,0],"uv":[0,42]},{"origin":[24.5,91,50.25],"size":[1,16,2],"pivot":[17,107,55],"rotation":[12.5,0,0],"uv":[61,0]}]},{"name":"bone24","parent":"bone20","pivot":[17,107,55],"cubes":[{"origin":[9,97,42],"size":[0,12,11],"pivot":[17,107,55],"rotation":[37.5,0,0],"uv":[32,42]},{"origin":[8.5,91,50.25],"size":[1,16,2],"pivot":[17,107,55],"rotation":[12.5,0,0],"uv":[120,138]}]},{"name":"bone5","pivot":[8,-1,17],"rotation":[0,115,0]},{"name":"bone11","parent":"bone5","pivot":[22.2,18.2,25],"rotation":[0,-72.5,0]},{"name":"leg4","parent":"bone11","pivot":[22.1,17.4,26.2],"cubes":[{"origin":[28.12557,40.9,31.04879],"size":[1,2,1],"uv":[446,426]}]},{"name":"leg5","parent":"bone11","pivot":[24.1,17.4,26.2],"cubes":[{"origin":[30.12557,40.9,31.04879],"size":[1,2,1],"uv":[446,426]}]},{"name":"body3","parent":"bone11","pivot":[29.6,45.68108,31.36785],"rotation":[25,0,0],"cubes":[{"origin":[28.1,42.68108,29.86785],"size":[3,6,3],"uv":[413,434]}]},{"name":"wing4","parent":"body3","pivot":[31.1,45.81906,32.00198],"rotation":[-10,180,0],"cubes":[{"origin":[30.6,43.31906,30.50198],"size":[1,5,3],"uv":[426,435]}]},{"name":"wing5","parent":"body3","pivot":[28.1,45.81906,32.00198],"rotation":[-10,180,0],"cubes":[{"origin":[27.6,43.31906,30.50198],"size":[1,5,3],"uv":[426,435]}]},{"name":"head4","parent":"body3","pivot":[29.6,48.49,31.72],"rotation":[-17.5,0,0],"cubes":[{"origin":[28.6,47.7,30.7],"size":[2,3,2],"uv":[439,398]},{"origin":[28.6,50.7,28.7],"size":[2,1,4],"uv":[435,438]},{"origin":[29.1,48.7,29.8],"size":[1,2,1],"uv":[399,424]},{"origin":[29.1,49,28.8],"size":[1,1.7,1],"uv":[446,423]},{"origin":[29.6,50,29.6],"size":[0,5,4],"uv":[433,428]}]},{"name":"tail3","parent":"body3","pivot":[29.6,43.77419,32.74465],"rotation":[50,0,0],"cubes":[{"origin":[28.1,39.59931,32.76418],"size":[3,4,1],"uv":[443,417]}]},{"name":"bone3","pivot":[5,0,-4],"cubes":[{"origin":[15,0,-15],"size":[8,12,5],"uv":{"north":{"uv":[469.90328,10],"uv_size":[16.03685,24]},"east":{"uv":[459.88025,10],"uv_size":[10.02303,24]},"south":{"uv":[495.96315,10],"uv_size":[16.03685,24]},"west":{"uv":[485.94013,10],"uv_size":[10.02303,24]},"up":{"uv":[469.90328,0],"uv_size":[16.03685,10]},"down":{"uv":[485.94013,10],"uv_size":[16.03685,-10]}}},{"origin":[8,0,-22],"size":[8,12,5],"pivot":[13,6,-19.5],"rotation":[0,22.5,0],"uv":{"north":{"uv":[415.77893,46],"uv_size":[16.03685,24]},"east":{"uv":[405.7559,46],"uv_size":[10.02303,24]},"south":{"uv":[441.8388,46],"uv_size":[16.03685,24]},"west":{"uv":[431.81577,46],"uv_size":[10.02303,24]},"up":{"uv":[415.77893,36],"uv_size":[16.03685,10]},"down":{"uv":[431.81577,46],"uv_size":[16.03685,-10]}}},{"origin":[7,0,-9],"size":[8,12,5],"pivot":[13,6,-8.5],"rotation":[0,-22.5,0],"uv":{"north":{"uv":[415.77893,10],"uv_size":[16.03685,24]},"east":{"uv":[405.7559,10],"uv_size":[10.02303,24]},"south":{"uv":[441.8388,10],"uv_size":[16.03685,24]},"west":{"uv":[431.81577,10],"uv_size":[10.02303,24]},"up":{"uv":[415.77893,0],"uv_size":[16.03685,10]},"down":{"uv":[431.81577,10],"uv_size":[16.03685,-10]}}},{"origin":[16,17,-12],"size":[6,1,1],"uv":{"north":{"uv":[461.88486,50],"uv_size":[12.02763,2]},"east":{"uv":[459.88025,50],"uv_size":[2.00461,2]},"south":{"uv":[475.9171,50],"uv_size":[12.02763,2]},"west":{"uv":[473.91249,50],"uv_size":[2.00461,2]},"up":{"uv":[461.88486,48],"uv_size":[12.02763,2]},"down":{"uv":[473.91249,50],"uv_size":[12.02763,-2]}}},{"origin":[9.5,12,-21],"size":[6,1,1],"pivot":[19,17.5,-19.5],"rotation":[0,22.5,0],"uv":{"north":{"uv":[461.88486,44],"uv_size":[12.02763,2]},"east":{"uv":[459.88025,44],"uv_size":[2.00461,2]},"south":{"uv":[475.9171,44],"uv_size":[12.02763,2]},"west":{"uv":[473.91249,44],"uv_size":[2.00461,2]},"up":{"uv":[461.88486,42],"uv_size":[12.02763,2]},"down":{"uv":[473.91249,44],"uv_size":[12.02763,-2]}}},{"origin":[16,12,-12],"size":[1,5,1],"uv":{"north":{"uv":[471.90789,70],"uv_size":[2.00461,10]},"east":{"uv":[469.90328,70],"uv_size":[2.00461,10]},"south":{"uv":[475.9171,70],"uv_size":[2.00461,10]},"west":{"uv":[473.91249,70],"uv_size":[2.00461,10]}}},{"origin":[21,12,-12],"size":[1,5,1],"uv":{"north":{"uv":[461.88486,70],"uv_size":[2.00461,10]},"east":{"uv":[459.88025,70],"uv_size":[2.00461,10]},"south":{"uv":[465.89407,70],"uv_size":[2.00461,10]},"west":{"uv":[463.88946,70],"uv_size":[2.00461,10]}}},{"origin":[9,9,-8.5],"size":[1,5,1],"pivot":[12,16,-11.5],"rotation":[0,-22.5,0],"uv":{"north":{"uv":[471.90789,56],"uv_size":[2.00461,10]},"east":{"uv":[469.90328,56],"uv_size":[2.00461,10]},"south":{"uv":[475.9171,56],"uv_size":[2.00461,10]},"west":{"uv":[473.91249,56],"uv_size":[2.00461,10]}}},{"origin":[14,9,-8.5],"size":[1,5,1],"pivot":[12,16,-11.5],"rotation":[0,-22.5,0],"uv":{"north":{"uv":[461.88486,56],"uv_size":[2.00461,10]},"east":{"uv":[459.88025,56],"uv_size":[2.00461,10]},"south":{"uv":[465.89407,56],"uv_size":[2.00461,10]},"west":{"uv":[463.88946,56],"uv_size":[2.00461,10]}}},{"origin":[9,14,-8.5],"size":[6,1,1],"pivot":[12,16,-11.5],"rotation":[0,-22.5,0],"uv":{"north":{"uv":[451.86183,38],"uv_size":[12.02763,2]},"east":{"uv":[449.85722,38],"uv_size":[2.00461,2]},"south":{"uv":[465.89407,38],"uv_size":[12.02763,2]},"west":{"uv":[463.88946,38],"uv_size":[2.00461,2]},"up":{"uv":[451.86183,36],"uv_size":[12.02763,2]},"down":{"uv":[463.88946,38],"uv_size":[12.02763,-2]}}}]},{"name":"group","pivot":[14.71274,14,3.94691],"rotation":[0,35,0],"cubes":[{"origin":[-5.80726,14,3.09191],"size":[41.04,27.36,1.71],"uv":{"north":{"uv":[414,290],"uv_size":[48,32]},"east":{"uv":[412,290],"uv_size":[2,32]},"south":{"uv":[464,290],"uv_size":[48,32]},"west":{"uv":[462,290],"uv_size":[2,32]},"up":{"uv":[414,288],"uv_size":[48,2]},"down":{"uv":[462,290],"uv_size":[48,-2]}}},{"origin":[-5.83526,13.972,3.06391],"size":[41.096,27.416,1.766],"inflate":0.2,"uv":{"north":{"uv":[0,259],"uv_size":[380,253]},"east":{"uv":[412,254],"uv_size":[2,32]},"south":{"uv":[464,254],"uv_size":[48,32]},"west":{"uv":[462,254],"uv_size":[2,32]},"up":{"uv":[414,252],"uv_size":[48,2]},"down":{"uv":[462,254],"uv_size":[48,-2]}}},{"origin":[33.52274,0.32,3.09191],"size":[1.71,13.68,1.71],"uv":{"north":{"uv":[424,326],"uv_size":[2,16]},"east":{"uv":[422,326],"uv_size":[2,16]},"south":{"uv":[428,326],"uv_size":[2,16]},"west":{"uv":[426,326],"uv_size":[2,16]},"up":{"uv":[424,324],"uv_size":[2,2]},"down":{"uv":[426,326],"uv_size":[2,-2]}}},{"origin":[-5.80726,0.32,3.09191],"size":[1.71,13.68,1.71],"uv":{"north":{"uv":[414,326],"uv_size":[2,16]},"east":{"uv":[412,326],"uv_size":[2,16]},"south":{"uv":[418,326],"uv_size":[2,16]},"west":{"uv":[416,326],"uv_size":[2,16]},"up":{"uv":[414,324],"uv_size":[2,2]},"down":{"uv":[416,326],"uv_size":[2,-2]}}}]},{"name":"bone4","parent":"group","pivot":[-1.94729,51.51915,4.17938],"rotation":[0,-40,0],"cubes":[{"origin":[8.2875,72.70227,3.36415],"size":[9.12,9.12,0.228],"pivot":[34.32096,45.92,9.67693],"rotation":[0,0,-45],"uv":{"north":{"uv":[468,433],"uv_size":[21,20]},"east":{"uv":[384,436],"uv_size":[0,10]},"south":{"uv":[384,457],"uv_size":[10,10]},"west":{"uv":[394,436],"uv_size":[0,10]},"up":{"uv":[384,384],"uv_size":[0,0]},"down":{"uv":[394,436],"uv_size":[10,0]}}},{"origin":[32.6284,41.36,45.74772],"size":[1.14,11.4,1.14],"pivot":[33.47632,42.5,9.17864],"rotation":[0,-97.5,0],"uv":[479,384]}]},{"name":"group2","pivot":[-20,0,4],"cubes":[{"origin":[-12,9,7],"size":[12,8,2],"uv":[267,39]},{"origin":[-45,1,2],"size":[2,3,2],"uv":[255,39]},{"origin":[-45,-1,-3],"size":[2,2,12],"uv":[255,24]},{"origin":[2,4,0],"size":[1,2,6],"uv":[272,6]},{"origin":[1,1,2],"size":[2,3,2],"uv":[255,24]},{"origin":[1,-1,-3],"size":[2,2,12],"uv":[255,9]},{"origin":[-43,5,-3],"size":[14,2,12],"uv":[214,36]},{"origin":[-41,7,8],"size":[2,2,1],"uv":[235,62]},{"origin":[-33,7,8],"size":[2,2,1],"uv":[228,62]},{"origin":[-28,5,-3],"size":[14,2,12],"uv":[214,21]},{"origin":[-26,7,8],"size":[2,2,1],"uv":[221,62]},{"origin":[-18,7,8],"size":[2,2,1],"uv":[214,62]},{"origin":[-27,9,7],"size":[12,8,2],"uv":[243,51]},{"origin":[-13,5,-3],"size":[14,2,12],"uv":[214,6]},{"origin":[-11,7,8],"size":[2,2,1],"uv":[272,50]},{"origin":[-3,7,8],"size":[2,2,1],"uv":[272,15]},{"origin":[-42,9,7],"size":[12,8,2],"uv":[214,51]},{"origin":[-44,4,1],"size":[46,1,4],"uv":[214,0]},{"origin":[-45,4,0],"size":[1,2,6],"uv":[266,56]}]}]}]}