{"format_version":"1.12.0","minecraft:geometry":[{"description":{"identifier":"geometry.housecosmetic","texture_width":1024,"texture_height":1024,"visible_bounds_width":12,"visible_bounds_height":10,"visible_bounds_offset":[0,4,0]},"bones":[{"name":"bone23","pivot":[0,1,-2],"rotation":[0,90,0]},{"name":"bone14","parent":"bone23","pivot":[13,1,-33],"cubes":[{"origin":[5,1,-41],"size":[16,8,80],"uv":[272,0]},{"origin":[5,10,-41],"size":[16,4,80],"uv":[292,89]},{"origin":[-23,1,-13],"size":[13,13,52],"uv":[92,329]},{"origin":[-27,54,-44],"size":[33,14,85],"uv":[0,92]},{"origin":[5,66,-41],"size":[4,18,79],"uv":[177,330]},{"origin":[5,66,36],"size":[3,18,1],"pivot":[6.5,84,37.5],"rotation":[0,0,37.5],"uv":[272,51]},{"origin":[5,66,-40],"size":[3,18,1],"pivot":[6.5,84,37.5],"rotation":[0,0,37.5],"uv":[249,193]},{"origin":[9,68,36],"size":[1,14,2],"uv":[238,42]},{"origin":[9,68,-41],"size":[1,14,2],"uv":[161,208]},{"origin":[9,82,-41],"size":[1,2,79],"uv":[353,316]},{"origin":[5,84,12],"size":[5,2,8],"uv":[235,246]},{"origin":[5,84,-23],"size":[5,2,8],"uv":[218,193]},{"origin":[9,66,-41],"size":[1,2,79],"uv":[89,193]},{"origin":[-29,68,-45],"size":[37,3,88],"uv":[0,0]},{"origin":[4.4,75,-45],"size":[0.1,48,88],"uv":[177,193]},{"origin":[4.8,75,-45],"size":[0.1,48,88],"uv":[0,192]},{"origin":[6,9,-40],"size":[14,1,78],"uv":[302,174]},{"origin":[6,0,19],"size":[14,1,18],"uv":[89,212]},{"origin":[6,0,-11],"size":[14,1,18],"uv":[171,193]},{"origin":[6,0,-39],"size":[14,1,18],"uv":[89,192]},{"origin":[-26,0,-44],"size":[31,14,3],"uv":[0,158]},{"origin":[-27,0,-44],"size":[3,14,85],"uv":[0,329]},{"origin":[-26,0,38],"size":[31,14,3],"pivot":[-10.5,7,39.5],"rotation":[0,180,0],"uv":[0,67]},{"origin":[-26,0,-43],"size":[4,64,4],"uv":[34,192]},{"origin":[0,0,36],"size":[4,64,4],"uv":[17,192]},{"origin":[-26,0,36],"size":[4,64,4],"uv":[0,192]},{"origin":[0,0,-43],"size":[4,64,4],"uv":[66,92]},{"origin":[-23,-0.1,-40],"size":[10,64.1,2],"uv":[49,0]},{"origin":[-23,42,-38],"size":[9,1,50],"uv":[385,0]},{"origin":[-23,31,14],"size":[13,2,21],"uv":[152,143]},{"origin":[-23,53,14],"size":[13,1,21],"uv":[163,0]},{"origin":[-23,32,-11],"size":[9,1,23],"uv":[163,48]},{"origin":[-23,20,-11],"size":[9,1,23],"uv":[163,23]},{"origin":[-23,53,-38],"size":[11,1,50],"uv":[357,254]},{"origin":[-23,14,-13],"size":[9,29,2],"uv":[140,232]},{"origin":[-23,13.9,35],"size":[13,50.1,2],"uv":[171,213]},{"origin":[-23,13.9,12],"size":[13,50.1,2],"uv":[51,192]},{"origin":[-22,0,-41],"size":[23,64,1],"uv":[0,92]},{"origin":[-22,0,37],"size":[23,64,1],"pivot":[-10.5,12,37.5],"rotation":[0,180,0],"uv":[0,0]},{"origin":[-24,0,-39],"size":[1,64,75],"uv":[279,255]}]},{"name":"eye","parent":"bone14","pivot":[7.5,85,16],"cubes":[{"origin":[4.5,99,-4],"size":[0.3,2,2],"uv":[74,0]},{"origin":[4.5,99,3],"size":[0.3,2,2],"uv":[74,17]}]},{"name":"group7","parent":"bone14","pivot":[37,1,-43],"rotation":[0,45,0],"cubes":[{"origin":[16,0,-95],"size":[25,8,16],"uv":[152,118]},{"origin":[16,8,-95],"size":[25,8,16],"uv":[152,93]}]},{"name":"group8","parent":"group7","pivot":[23,14,-37]},{"name":"group12","parent":"group7","pivot":[37,1,-43],"cubes":[{"origin":[39.25,10.48539,-89.78855],"size":[6,1,1],"pivot":[42.5,11.98539,-86.28855],"rotation":[0,0,45],"uv":[202,83]},{"origin":[39.25,10.48539,-83.78855],"size":[6,1,1],"pivot":[42.5,11.98539,-86.28855],"rotation":[0,0,45],"uv":[30,85]},{"origin":[44.25,10.48539,-88.78855],"size":[1,1,5],"pivot":[42.5,11.98539,-86.28855],"rotation":[0,0,45],"uv":[235,69]}]},{"name":"group13","parent":"group7","pivot":[37,1,-43],"cubes":[{"origin":[11.75,10.48539,-89.78855],"size":[6,1,1],"pivot":[15.5,11.98539,-86.28855],"rotation":[0,0,-45],"uv":[15,85]},{"origin":[11.75,10.48539,-83.78855],"size":[6,1,1],"pivot":[15.5,11.98539,-86.28855],"rotation":[0,0,-45],"uv":[0,85]},{"origin":[11.75,10.48539,-88.78855],"size":[1,1,5],"pivot":[15.5,11.98539,-86.28855],"rotation":[0,0,-45],"uv":[235,62]}]},{"name":"bone13","parent":"bone14","pivot":[0.5,69.5,-43.5],"rotation":[-36.45214,-31.24314,19.67475],"cubes":[{"origin":[-2,68,-69],"size":[2,2,25],"uv":[202,213]}]},{"name":"drapeau","parent":"bone13","pivot":[-1.05,67.9,-59],"cubes":[{"origin":[-1.1,47,-68],"size":[0.1,23,18],"uv":[266,193]}]},{"name":"bone5","parent":"bone14","pivot":[8,68,-1],"rotation":[0,0,22.5]},{"name":"bone6","parent":"bone5","pivot":[18,68,-1],"rotation":[0,0,17.5]},{"name":"bone7","parent":"bone6","pivot":[28,68,-1],"rotation":[0,0,20]},{"name":"bone8","parent":"bone7","pivot":[38,68,-1],"rotation":[0,0,30]},{"name":"bone","parent":"bone14","pivot":[8,68,-1],"rotation":[0,0,22.5]},{"name":"bone2","parent":"bone","pivot":[6,59,-1]},{"name":"bone3","parent":"bone2","pivot":[22.67602,61.10494,-1],"rotation":[0,0,20],"cubes":[{"origin":[5.67602,61.10494,-45],"size":[27,0.1,88],"uv":[149,104]},{"origin":[5.67602,52.10494,43],"size":[27,9,0],"uv":[152,167]},{"origin":[5.67602,52.10494,-45],"size":[27,9,0],"uv":[163,73]}]},{"name":"bone4","parent":"bone3","pivot":[32.67602,61.10494,-1],"rotation":[0,0,30],"cubes":[{"origin":[32.67602,61.10494,-45],"size":[10,0,88],"pivot":[32.67602,61.10494,-1],"rotation":[0,0,15],"uv":[163,4]}]},{"name":"manequin2","parent":"bone23","pivot":[-15.92569,10,-26.97834],"rotation":[0,65,0],"cubes":[{"origin":[-21.92569,0,-27.97834],"size":[12,2,2],"uv":[218,204]},{"origin":[-19.92569,22,-30.97834],"size":[8,8,8],"uv":[272,34]},{"origin":[-19.92569,10,-28.97834],"size":[8,12,4],"uv":[202,213]},{"origin":[-23.94369,10,-30.92667],"size":[4,12,4],"pivot":[-20.94369,21,-28.92667],"rotation":[0,0,12.5],"uv":[152,143]},{"origin":[-12.05631,10,-30.92667],"size":[4,12,4],"pivot":[-12.05631,21,-28.92667],"rotation":[0,0,-15],"uv":[49,126]},{"origin":[-16.92569,2,-27.97834],"size":[2,8,2],"uv":[128,232]},{"origin":[-16.92569,0,-32.97834],"size":[2,2,12],"uv":[136,193]}]},{"name":"hat","parent":"manequin2","pivot":[-16,27,-27],"rotation":[5,0,0]},{"name":"bone15","parent":"hat","pivot":[-16,27,-27],"cubes":[{"origin":[-21,27,-33],"size":[10,1,12],"inflate":0.2,"uv":[205,48]},{"origin":[-20,28,-32],"size":[8,6,10],"inflate":0.2,"uv":[211,0]},{"origin":[-22,27,-32],"size":[1,1,10],"inflate":0.2,"uv":[122,254]},{"origin":[-11,27,-32],"size":[1,1,10],"inflate":0.2,"uv":[211,163]}]},{"name":"bone16","parent":"bone15","pivot":[-12,34,-27],"cubes":[{"origin":[-20,34,-31.975],"size":[8,5,10],"inflate":0.2,"pivot":[-12,34,-27],"rotation":[0,0,-12.5],"uv":[266,235]}]},{"name":"manequin3","parent":"bone23","pivot":[10.53314,10,-55.27234],"rotation":[0,-122.5,0],"cubes":[{"origin":[5.44369,0,-60.32667],"size":[12,2,2],"uv":[163,83]},{"origin":[7.44369,22,-63.32667],"size":[8,8,8],"uv":[272,17]},{"origin":[7.44369,10,-61.32667],"size":[8,12,4],"uv":[136,212]},{"origin":[15.44369,10,-61.32667],"size":[4,12,4],"pivot":[15.44369,21,-59.32667],"rotation":[0,0,-15],"uv":[49,109]},{"origin":[3.55631,10,-61.32667],"size":[4,12,4],"pivot":[6.55631,21,-59.32667],"rotation":[0,0,12.5],"uv":[49,92]},{"origin":[10.44369,2,-60.32667],"size":[2,8,2],"uv":[89,232]},{"origin":[10.44369,0,-65.32667],"size":[2,2,12],"uv":[57,73]}]},{"name":"hat4","parent":"manequin3","pivot":[11.3804,23.2,-59.00067]},{"name":"toque","parent":"hat4","pivot":[11.8804,28.95,-58.50067],"rotation":[-7.5,0,0],"cubes":[{"origin":[6.8804,27.95,-63.50067],"size":[9,10,9],"uv":[200,143]},{"origin":[4.8804,36.45,-66.50067],"size":[13,4,12],"pivot":[11.8804,28.95,-58.50067],"rotation":[-15,0,0],"uv":[89,232]}]},{"name":"jacket","parent":"manequin3","pivot":[13,25,-33],"cubes":[{"origin":[6.5,11.7,-68],"size":[10,0.5,6],"uv":[51,245]},{"origin":[6.5,10.2,-62],"size":[10,3,1],"uv":[163,66]},{"origin":[5.5,10.2,-69],"size":[1,3,8],"uv":[242,267]},{"origin":[16.5,10.2,-69],"size":[1,3,8],"uv":[69,59]},{"origin":[17,12.6,-68.7],"size":[0,12.5,2],"pivot":[17.5,13.2,-68],"rotation":[-40,0,-10],"uv":[102,192]},{"origin":[6,12.6,-68.7],"size":[0,12.5,2],"pivot":[5.5,13.2,-68],"rotation":[-40,0,10],"uv":[82,192]},{"origin":[6.5,10.2,-69],"size":[10,3,1],"uv":[163,41]},{"origin":[6.5,7.2,-69],"size":[10,3,0],"uv":[152,160]}]},{"name":"bone17","parent":"bone23","pivot":[-17.92569,18,25.02166],"rotation":[0,-75,0],"cubes":[{"origin":[-21.92569,14,21.02166],"size":[8,8,8],"pivot":[-17.92569,18,25.02166],"rotation":[0,-90,0],"uv":[272,0]}]},{"name":"hat2","parent":"bone17","pivot":[1,14,-35],"cubes":[{"origin":[-23,15,20],"size":[10,6,1],"uv":[202,230]},{"origin":[-23,16,21],"size":[1,5,1],"uv":[219,93]},{"origin":[-13.5,20,23],"size":[0,4,3],"uv":[218,193]},{"origin":[-14,17,23],"size":[1,3,3],"uv":[236,17]},{"origin":[-14,18,22],"size":[0.5,1,1],"uv":[66,67]},{"origin":[-14,16,21],"size":[1,5,1],"uv":[184,204]},{"origin":[-23,17,23],"size":[1,3,3],"uv":[225,71]},{"origin":[-22.5,20,23],"size":[0,4,3],"uv":[80,58]},{"origin":[-22.5,18,22],"size":[0.5,1,1],"uv":[0,66]}]},{"name":"bone18","parent":"bone23","pivot":[-11.92569,37,24.02166],"rotation":[0,7.5,0],"cubes":[{"origin":[-15.92569,33,20.02166],"size":[8,8,8],"pivot":[-11.92569,37,24.02166],"rotation":[0,-90,0],"uv":[266,251]}]},{"name":"hat6","parent":"bone18","pivot":[-12,34,24],"rotation":[0,-90,0]},{"name":"bone25","parent":"hat6","pivot":[-12,42,24],"cubes":[{"origin":[-19,34,22],"size":[3,10,3],"uv":[49,143]},{"origin":[-19,31,20],"size":[3,6,2],"uv":[205,48]},{"origin":[-8,34,22],"size":[3,10,3],"uv":[74,71]},{"origin":[-8,31,20],"size":[3,6,2],"uv":[136,192]},{"origin":[-17,41,19],"size":[10,2,10],"uv":[202,254]},{"origin":[-17,37,25],"size":[10,4,4],"uv":[205,62]},{"origin":[-13,42,18],"size":[2,4,2],"uv":[228,143]},{"origin":[-14,45,17],"size":[4,1,1],"uv":[45,85]},{"origin":[-16,42,20],"size":[8,5,8],"pivot":[-12,42,24],"rotation":[-12.5,0,0],"uv":[232,222]}]},{"name":"group","parent":"bone23","pivot":[-16.87521,45,-30.37202],"rotation":[0,-10,0],"cubes":[{"origin":[-21,43,-32],"size":[12,4,8],"pivot":[-14.75159,44.25,-30.12362],"rotation":[0,-90,0],"uv":[43,253]}]},{"name":"group6","parent":"group","pivot":[6,15,-56],"cubes":[{"origin":[-21.15,43.85,-32.15],"size":[12.3,3.3,8.3],"pivot":[-14.75159,44.25,-30.12362],"rotation":[0,-90,0],"uv":[33,266]},{"origin":[-13.42592,46,-36.44213],"size":[0,8,16],"pivot":[-14.75159,44.25,-30.12362],"rotation":[-180,-45,180],"uv":[232,197]},{"origin":[-21.42243,46,-28.44911],"size":[16,8,0],"pivot":[-14.75159,44.25,-30.12362],"rotation":[-180,-45,180],"uv":[89,262]},{"origin":[-20,30,-32.25],"size":[11,17,0],"pivot":[-14.75159,44.25,-30.12362],"rotation":[0,-90,0],"uv":[163,48]}]},{"name":"hat5","parent":"bone23","pivot":[13.7,0.9,-33.6]},{"name":"bone24","parent":"hat5","pivot":[-17.3,26.3,-2.725],"rotation":[0,-95,0],"cubes":[{"origin":[-22.3,20.3,-6.6],"size":[10,8,10],"uv":[205,23]},{"origin":[-24.3,27.3,-1.6],"size":[4,4,2],"uv":[224,163]},{"origin":[-14.3,27.3,-1.6],"size":[4,4,2],"uv":[89,220]},{"origin":[-19.8,20.3,-9.6],"size":[5,4,3],"uv":[89,212]}]},{"name":"bottle_one","parent":"bone23","pivot":[-12.3,20.25,9],"rotation":[0,-7.5,0],"cubes":[{"origin":[-24.2,51.4,-10.1],"size":[2.2,1.2,2.2],"uv":[214,42]},{"origin":[-24.6,42.5,-10.5],"size":[3,6,3],"uv":[153,193]},{"origin":[-24.1,48.5,-10],"size":[2,4,2],"uv":[211,0]},{"origin":[-24.7,46.4,-10.6],"size":[3.2,1.2,3.2],"uv":[192,83]}]},{"name":"bottle_one2","parent":"bottle_one","pivot":[-22.5,48.55,-9.8],"rotation":[0,-7.5,0],"cubes":[{"origin":[-24.6,51.2,-14.9],"size":[2.2,1.2,2.2],"uv":[211,17]},{"origin":[-25,42.3,-15.3],"size":[3,6,3],"uv":[69,161]},{"origin":[-24.5,48.3,-14.8],"size":[2,4,2],"uv":[205,23]},{"origin":[-25.1,46.2,-15.4],"size":[3.2,1.2,3.2],"uv":[69,171]}]},{"name":"bottle_one3","parent":"bottle_one","pivot":[-12.3,20.25,8.7],"rotation":[0,-7.5,0],"cubes":[{"origin":[-27,51.4,-18.4],"size":[2.2,1.2,2.2],"uv":[207,167]},{"origin":[-27.4,42.5,-18.8],"size":[3,6,3],"uv":[152,118]},{"origin":[-26.9,48.5,-18.3],"size":[2,4,2],"uv":[200,143]},{"origin":[-27.5,46.4,-18.9],"size":[3.2,1.2,3.2],"uv":[152,128]}]},{"name":"hat3","parent":"bone23","pivot":[-17.4,25,-51]},{"name":"bone19","parent":"hat3","pivot":[-17.4,33,-51],"cubes":[{"origin":[-22.4,33,-1],"size":[10,2,10],"uv":[89,249]},{"origin":[-21.4,35,0],"size":[8,2,8],"uv":[219,93]}]},{"name":"bone20","parent":"bone19","pivot":[-16.4,35,-48.5],"rotation":[0,45,0],"cubes":[{"origin":[-51.6471,19.56401,-14.60913],"size":[5,4,5],"pivot":[-16.4,35,-48.5],"rotation":[0,0,25],"uv":[243,257]},{"origin":[-38.09544,5.81952,-13.60913],"size":[3,3,3],"pivot":[-16.4,35,-48.5],"rotation":[0,0,60],"uv":[219,125]},{"origin":[-3.00395,4.19977,-12.60913],"size":[1,3,1],"pivot":[-16.4,35,-48.5],"rotation":[0,0,122.5],"uv":[81,17]},{"origin":[-3.50395,7.19977,-13.10913],"size":[2,1,2],"pivot":[-16.4,35,-48.5],"rotation":[0,0,122.5],"uv":[205,42]}]},{"name":"bone21","parent":"bone19","pivot":[-18.4,35,-48.5],"rotation":[0,-45,0],"cubes":[{"origin":[11.8471,19.56401,-14.60913],"size":[5,4,5],"pivot":[-18.4,35,-48.5],"rotation":[0,0,-25],"uv":[163,10]},{"origin":[0.29544,5.81952,-13.60913],"size":[3,3,3],"pivot":[-18.4,35,-48.5],"rotation":[0,0,-60],"uv":[219,118]},{"origin":[-32.79605,4.19977,-12.60913],"size":[1,3,1],"pivot":[-18.4,35,-48.5],"rotation":[0,0,-122.5],"uv":[81,0]},{"origin":[-33.29605,7.19977,-13.10913],"size":[2,1,2],"pivot":[-18.4,35,-48.5],"rotation":[0,0,-122.5],"uv":[136,201]}]},{"name":"bone22","parent":"bone21","pivot":[-18.65,35,-53.5],"rotation":[-180,45,180],"cubes":[{"origin":[-73.49693,59.244,-58.5],"size":[5,4,5],"pivot":[-18.65,35,-53.5],"rotation":[0,0,-25],"uv":[163,0]},{"origin":[-46.9,87.1314,-57.5],"size":[3,3,3],"pivot":[-18.65,35,-53.5],"rotation":[0,0,-60],"uv":[74,51]},{"origin":[17.40148,83.38653,-56.5],"size":[1,3,1],"pivot":[-18.65,35,-53.5],"rotation":[0,0,-122.5],"uv":[74,34]},{"origin":[16.90148,86.38653,-57],"size":[2,1,2],"pivot":[-18.65,35,-53.5],"rotation":[0,0,-122.5],"uv":[159,93]}]},{"name":"group15","parent":"bone23","pivot":[-17.27501,47.95423,6.23077],"rotation":[0,90,0],"cubes":[{"origin":[-19.49,43,3],"size":[0,10,6],"uv":[171,193]},{"origin":[-21.49,43,9],"size":[2,10,0],"uv":[82,229]},{"origin":[-13.51,44.5,1],"size":[0,10,6],"pivot":[-8.5,48,4],"rotation":[0,0,-22.5],"uv":[89,192]},{"origin":[-11.51,44.5,1],"size":[0,10,6],"pivot":[-8.5,48,4],"rotation":[0,0,-22.5],"uv":[152,92]},{"origin":[-13.51,44.5,7],"size":[2,10,0],"pivot":[-8.5,48,4],"rotation":[0,0,-22.5],"uv":[163,225]},{"origin":[-15.51,43,1],"size":[0,10,6],"uv":[74,34]},{"origin":[-17.51,43,7],"size":[2,10,0],"uv":[82,218]},{"origin":[-17.5,43,2],"size":[0,10,6],"uv":[74,17]},{"origin":[-19.5,43,2],"size":[0,10,6],"uv":[74,0]},{"origin":[-19.5,43,8],"size":[2,10,0],"uv":[82,207]},{"origin":[-23.48,43,9],"size":[2,10,0],"uv":[184,193]}]},{"name":"group2","parent":"bone23","pivot":[17.75226,16,29.04324],"rotation":[0,5,0],"cubes":[{"origin":[22.56225,14,-71.64113],"size":[12,4,8],"pivot":[-25.18493,44.25,-24.70394],"rotation":[0,-90,0],"uv":[202,241]}]},{"name":"group3","parent":"group2","pivot":[-4.43334,15,-50.58032],"cubes":[{"origin":[22.41225,14.85,-71.79113],"size":[12.3,3.3,8.3],"pivot":[-25.18493,44.25,-24.70394],"rotation":[0,-90,0],"uv":[0,261]},{"origin":[-17.54141,17,-101.06591],"size":[0,8,16],"pivot":[-25.18493,44.25,-24.70394],"rotation":[-180,-45,180],"uv":[218,62]},{"origin":[-25.53792,17,-93.07289],"size":[16,8,0],"pivot":[-25.18493,44.25,-24.70394],"rotation":[-180,-45,180],"uv":[252,93]}]},{"name":"feuillage","parent":"group3","pivot":[22.00226,18,29.54324],"cubes":[{"origin":[23.56225,1,-71.89113],"size":[11,17,0],"pivot":[-25.18493,44.25,-24.70394],"rotation":[0,-90,0],"uv":[163,23]}]}]}]}