{"format_version":"1.12.0","minecraft:geometry":[{"description":{"identifier":"geometry.liquidtank_fuel","texture_width":64,"texture_height":64,"visible_bounds_width":3,"visible_bounds_height":6,"visible_bounds_offset":[0,2,0]},"bones":[{"name":"bone2","pivot":[0,0,0],"cubes":[{"origin":[-2.5,55,-13],"size":[5,2,26],"pivot":[0,55,0],"rotation":[0,22,0],"uv":{"north":{"uv":[34,17],"uv_size":[5,2]},"east":{"uv":[27,23],"uv_size":[26,2]},"south":{"uv":[34,17],"uv_size":[5,2]},"west":{"uv":[27,23],"uv_size":[26,2]},"up":{"uv":[7,34],"uv_size":[5,26]},"down":{"uv":[7,60],"uv_size":[5,-26]}}},{"origin":[-2.5,55,-13],"size":[5,2,26],"pivot":[0,55,0],"rotation":[0,-22,0],"uv":{"north":{"uv":[34,17],"uv_size":[5,2]},"east":{"uv":[27,23],"uv_size":[26,2]},"south":{"uv":[34,17],"uv_size":[5,2]},"west":{"uv":[27,23],"uv_size":[26,2]},"up":{"uv":[7,34],"uv_size":[5,26]},"down":{"uv":[7,60],"uv_size":[5,-26]}}},{"origin":[-2.5,55,-13],"size":[5,2,26],"pivot":[0,55,0],"rotation":[0,43.5,0],"uv":{"north":{"uv":[34,17],"uv_size":[5,2]},"east":{"uv":[27,23],"uv_size":[26,2]},"south":{"uv":[34,17],"uv_size":[5,2]},"west":{"uv":[27,23],"uv_size":[26,2]},"up":{"uv":[7,34],"uv_size":[5,26]},"down":{"uv":[7,60],"uv_size":[5,-26]}}},{"origin":[-2.5,55,-13],"size":[5,2,26],"pivot":[0,55,0],"rotation":[0,65.5,0],"uv":{"north":{"uv":[34,17],"uv_size":[5,2]},"east":{"uv":[27,23],"uv_size":[26,2]},"south":{"uv":[34,17],"uv_size":[5,2]},"west":{"uv":[27,23],"uv_size":[26,2]},"up":{"uv":[7,34],"uv_size":[5,26]},"down":{"uv":[7,60],"uv_size":[5,-26]}}},{"origin":[-2.5,55,-13],"size":[5,2,26],"pivot":[0,55,0],"rotation":[-180,65.5,180],"uv":{"north":{"uv":[34,17],"uv_size":[5,2]},"east":{"uv":[27,23],"uv_size":[26,2]},"south":{"uv":[34,17],"uv_size":[5,2]},"west":{"uv":[27,23],"uv_size":[26,2]},"up":{"uv":[7,34],"uv_size":[5,26]},"down":{"uv":[7,60],"uv_size":[5,-26]}}},{"origin":[-2.5,55,-13],"size":[5,2,26],"pivot":[0,55,0],"rotation":[-180,43.5,180],"uv":{"north":{"uv":[34,17],"uv_size":[5,2]},"east":{"uv":[27,23],"uv_size":[26,2]},"south":{"uv":[34,17],"uv_size":[5,2]},"west":{"uv":[27,23],"uv_size":[26,2]},"up":{"uv":[7,34],"uv_size":[5,26]},"down":{"uv":[7,60],"uv_size":[5,-26]}}}]},{"name":"bone4","parent":"bone2","pivot":[0,8,0],"cubes":[{"origin":[-3.2,0,-14],"size":[6.4,12,28],"pivot":[0,8,0],"rotation":[0,89.5,0],"uv":{"north":{"uv":[46,35],"uv_size":[6,12]},"east":{"uv":[26,0],"uv_size":[28,12]},"south":{"uv":[46,35],"uv_size":[6,12]},"west":{"uv":[26,0],"uv_size":[28,12]},"up":{"uv":[14,34],"uv_size":[6,28]},"down":{"uv":[46,22],"uv_size":[5,-5]}}},{"origin":[-3.2,54.7,-13],"size":[6.4,3,26],"pivot":[0,7.7,0],"rotation":[0,89.5,0],"uv":{"north":{"uv":[27,17],"uv_size":[6,3]},"east":{"uv":[27,13],"uv_size":[26,3]},"south":{"uv":[27,17],"uv_size":[6,3]},"west":{"uv":[27,13],"uv_size":[26,3]},"up":{"uv":[0,34],"uv_size":[6,26]},"down":{"uv":[40,22],"uv_size":[5,-5]}}},{"origin":[-3.2,54.7,-13],"size":[6.4,3,26],"pivot":[0,7.7,0],"rotation":[0,180,0],"uv":{"north":{"uv":[27,17],"uv_size":[6,3]},"east":{"uv":[27,13],"uv_size":[26,3]},"south":{"uv":[27,17],"uv_size":[6,3]},"west":{"uv":[27,13],"uv_size":[26,3]},"up":{"uv":[0,34],"uv_size":[6,26]},"down":{"uv":[40,22],"uv_size":[5,-5]}}},{"origin":[-13,0,-13],"size":[26,8,26],"uv":{"north":{"uv":[26,26],"uv_size":[26,8]},"east":{"uv":[0,26],"uv_size":[26,8]},"south":{"uv":[0,26],"uv_size":[26,8]},"west":{"uv":[0,26],"uv_size":[26,8]},"up":{"uv":[0,0],"uv_size":[26,26]},"down":{"uv":[46,22],"uv_size":[5,-5]}}}]},{"name":"bone","parent":"bone4","pivot":[0,8,0],"cubes":[{"origin":[-2.5,8,-13],"size":[5,2,26],"uv":{"north":{"uv":[34,17],"uv_size":[5,2]},"east":{"uv":[27,23],"uv_size":[26,2]},"south":{"uv":[34,17],"uv_size":[5,2]},"west":{"uv":[27,23],"uv_size":[26,2]},"up":{"uv":[7,34],"uv_size":[5,26]},"down":{"uv":[7,60],"uv_size":[5,-26]}}},{"origin":[-2.5,8,-13],"size":[5,2,26],"pivot":[0,8,0],"rotation":[0,22,0],"uv":{"north":{"uv":[34,17],"uv_size":[5,2]},"east":{"uv":[27,23],"uv_size":[26,2]},"south":{"uv":[34,17],"uv_size":[5,2]},"west":{"uv":[27,23],"uv_size":[26,2]},"up":{"uv":[7,34],"uv_size":[5,26]},"down":{"uv":[7,60],"uv_size":[5,-26]}}},{"origin":[-2.5,8,-13],"size":[5,2,26],"pivot":[0,8,0],"rotation":[0,-22,0],"uv":{"north":{"uv":[34,17],"uv_size":[5,2]},"east":{"uv":[27,23],"uv_size":[26,2]},"south":{"uv":[34,17],"uv_size":[5,2]},"west":{"uv":[27,23],"uv_size":[26,2]},"up":{"uv":[7,34],"uv_size":[5,26]},"down":{"uv":[7,60],"uv_size":[5,-26]}}},{"origin":[-2.5,8,-13],"size":[5,2,26],"pivot":[0,8,0],"rotation":[0,43.5,0],"uv":{"north":{"uv":[34,17],"uv_size":[5,2]},"east":{"uv":[27,23],"uv_size":[26,2]},"south":{"uv":[34,17],"uv_size":[5,2]},"west":{"uv":[27,23],"uv_size":[26,2]},"up":{"uv":[7,34],"uv_size":[5,26]},"down":{"uv":[7,60],"uv_size":[5,-26]}}},{"origin":[-2.5,8,-13],"size":[5,2,26],"pivot":[0,8,0],"rotation":[0,65.5,0],"uv":{"north":{"uv":[34,17],"uv_size":[5,2]},"east":{"uv":[27,23],"uv_size":[26,2]},"south":{"uv":[34,17],"uv_size":[5,2]},"west":{"uv":[27,23],"uv_size":[26,2]},"up":{"uv":[7,34],"uv_size":[5,26]},"down":{"uv":[7,60],"uv_size":[5,-26]}}},{"origin":[-2.5,8,-13],"size":[5,2,26],"pivot":[0,8,0],"rotation":[-180,65.5,180],"uv":{"north":{"uv":[34,17],"uv_size":[5,2]},"east":{"uv":[27,23],"uv_size":[26,2]},"south":{"uv":[34,17],"uv_size":[5,2]},"west":{"uv":[27,23],"uv_size":[26,2]},"up":{"uv":[7,34],"uv_size":[5,26]},"down":{"uv":[7,60],"uv_size":[5,-26]}}},{"origin":[-2.5,8,-13],"size":[5,2,26],"pivot":[0,8,0],"rotation":[-180,43.5,180],"uv":{"north":{"uv":[34,17],"uv_size":[5,2]},"east":{"uv":[27,23],"uv_size":[26,2]},"south":{"uv":[34,17],"uv_size":[5,2]},"west":{"uv":[27,23],"uv_size":[26,2]},"up":{"uv":[7,34],"uv_size":[5,26]},"down":{"uv":[7,60],"uv_size":[5,-26]}}}]},{"name":"bone3","parent":"bone2","pivot":[0,8,0],"cubes":[{"origin":[-2.5,10,-11],"size":[5,46,22],"pivot":[0,8,0],"rotation":[0,-77,0],"uv":{"north":{"uv":[59,0],"uv_size":[5,46]},"east":{"uv":[40,17],"uv_size":[5,5]},"south":{"uv":[59,0],"uv_size":[5,46]},"west":{"uv":[40,17],"uv_size":[5,5]},"up":{"uv":[40,17],"uv_size":[5,5]},"down":{"uv":[40,22],"uv_size":[5,-5]}}},{"origin":[-2.5,10,-11],"size":[5,46,22],"pivot":[0,8,0],"rotation":[0,50.5,0],"uv":{"north":{"uv":[59,0],"uv_size":[5,46]},"east":{"uv":[40,17],"uv_size":[5,5]},"south":{"uv":[59,0],"uv_size":[5,46]},"west":{"uv":[40,17],"uv_size":[5,5]},"up":{"uv":[40,17],"uv_size":[5,5]},"down":{"uv":[40,22],"uv_size":[5,-5]}}},{"origin":[-2.5,10,-11],"size":[5,46,22],"pivot":[0,8,0],"rotation":[0,76.5,0],"uv":{"north":{"uv":[59,0],"uv_size":[5,46]},"east":{"uv":[40,17],"uv_size":[5,5]},"south":{"uv":[59,0],"uv_size":[5,46]},"west":{"uv":[40,17],"uv_size":[5,5]},"up":{"uv":[40,17],"uv_size":[5,5]},"down":{"uv":[40,22],"uv_size":[5,-5]}}},{"origin":[-2.5,10,-11],"size":[5,46,22],"pivot":[0,8,0],"rotation":[-180,77.5,180],"uv":{"north":{"uv":[59,0],"uv_size":[5,46]},"east":{"uv":[40,17],"uv_size":[5,5]},"south":{"uv":[59,0],"uv_size":[5,46]},"west":{"uv":[40,17],"uv_size":[5,5]},"up":{"uv":[40,17],"uv_size":[5,5]},"down":{"uv":[40,22],"uv_size":[5,-5]}}},{"origin":[-2.5,10,-11],"size":[5,46,22],"pivot":[0,8,0],"rotation":[0,25.5,0],"uv":{"north":{"uv":[59,0],"uv_size":[5,46]},"east":{"uv":[40,17],"uv_size":[5,5]},"south":{"uv":[59,0],"uv_size":[5,46]},"west":{"uv":[40,17],"uv_size":[5,5]},"up":{"uv":[40,17],"uv_size":[5,5]},"down":{"uv":[40,22],"uv_size":[5,-5]}}},{"origin":[-2.5,10,-11],"size":[5,46,22],"uv":{"north":{"uv":[54,0],"uv_size":[5,46]},"east":{"uv":[40,17],"uv_size":[5,5]},"south":{"uv":[59,0],"uv_size":[5,46]},"west":{"uv":[40,17],"uv_size":[5,5]},"up":{"uv":[40,17],"uv_size":[5,5]},"down":{"uv":[40,22],"uv_size":[5,-5]}}},{"origin":[-2.5,10,-11],"size":[5,46,22],"pivot":[0,8,0],"rotation":[0,-26,0],"uv":{"north":{"uv":[59,0],"uv_size":[5,46]},"east":{"uv":[40,17],"uv_size":[5,5]},"south":{"uv":[59,0],"uv_size":[5,46]},"west":{"uv":[40,17],"uv_size":[5,5]},"up":{"uv":[40,17],"uv_size":[5,5]},"down":{"uv":[40,22],"uv_size":[5,-5]}}},{"origin":[-2.5,10,-11],"size":[5,46,22],"pivot":[0,8,0],"rotation":[0,-52,0],"uv":{"north":{"uv":[59,0],"uv_size":[5,46]},"east":{"uv":[40,17],"uv_size":[5,5]},"south":{"uv":[59,0],"uv_size":[5,46]},"west":{"uv":[40,17],"uv_size":[5,5]},"up":{"uv":[40,17],"uv_size":[5,5]},"down":{"uv":[40,22],"uv_size":[5,-5]}}}]}]}]}