{"format_version":"1.12.0","minecraft:geometry":[{"description":{"identifier":"geometry.lotostand","texture_width":512,"texture_height":512,"visible_bounds_width":8,"visible_bounds_height":9.5,"visible_bounds_offset":[0,4.25,0]},"bones":[{"name":"bone17","pivot":[0,0,0]},{"name":"bone15","parent":"bone17","pivot":[-4,0,4],"cubes":[{"origin":[0,2,-45],"size":[4,20,4],"uv":[0,11]},{"origin":[-2,0,-47],"size":[8,2,8],"uv":[0,0]}]},{"name":"bone16","parent":"bone15","pivot":[2,12.25,-43],"cubes":[{"origin":[-0.5,14,-45.5],"size":[5,6.5,5],"inflate":2,"uv":[17,11]},{"origin":[0,24.5,-45],"size":[4,41.5,4],"inflate":2,"uv":[87,0]}]},{"name":"bone12","parent":"bone17","pivot":[-4,0,4],"cubes":[{"origin":[0,2,41],"size":[4,20,4],"uv":[0,11]},{"origin":[-2,0,39],"size":[8,2,8],"uv":[0,0]}]},{"name":"bone13","parent":"bone12","pivot":[2,12.25,43],"cubes":[{"origin":[-0.5,14,40.5],"size":[5,6.5,5],"inflate":2,"uv":[17,11]},{"origin":[0,24.5,41],"size":[4,41.5,4],"inflate":2,"uv":[87,0]}]},{"name":"bone23","parent":"bone17","pivot":[0,7,-31.5],"cubes":[{"origin":[1.4,67,-42],"size":[0.1,48,88],"uv":[185,138]}]},{"name":"bone14","parent":"bone23","pivot":[0,1,-31.5],"cubes":[{"origin":[-40,54,-51.5],"size":[33,9,103],"uv":[0,113]},{"origin":[-42,61,-53.5],"size":[37,4,108],"uv":[0,0]},{"origin":[-38,0,-21.1],"size":[1,54,42],"uv":[0,0]},{"origin":[-38,0,20.9],"size":[28,54,28],"uv":[312,328]},{"origin":[-38,0,-48.9],"size":[28,54,28],"pivot":[-24,27,-34.9],"rotation":[0,180,0],"uv":[312,328],"mirror":true},{"origin":[-37,57,-20.1],"size":[40,17,40],"uv":[274,81]},{"origin":[1,51,-29.1],"size":[5,26,58],"uv":[185,275]},{"origin":[1.5,76,14],"size":[5,5,8],"uv":[9,28]},{"origin":[1.5,76,-22],"size":[5,5,8],"uv":[9,28]},{"origin":[-10,0,-32.1],"size":[13,57,11],"uv":[170,113]},{"origin":[-28,69,-51.1],"size":[3,40,11],"uv":[0,150]},{"origin":[-27.5,94,-40.1],"size":[2,2,5],"uv":[25,0]},{"origin":[-27.5,73,-40.1],"size":[2,2,5],"uv":[25,0]},{"origin":[-10,0,21.1],"size":[13,57,11],"uv":[170,113],"mirror":true},{"origin":[-37,48,-21.1],"size":[40,9,42.2],"uv":[274,139]},{"origin":[-37,74,-18.1],"size":[36,16,36],"uv":[254,275]},{"origin":[-35,90,-14.1],"size":[30,39,28],"uv":[308,0]},{"origin":[-20,129,-16.1],"size":[17,4,32],"uv":[0,113]},{"origin":[-32,56,-36.1],"size":[20,45,72],"uv":[0,226]},{"origin":[-34,100,-38.1],"size":[24,4,76],"uv":[183,0]}]},{"name":"bone10","parent":"bone14","pivot":[-15.5,89,39]},{"name":"bone9","parent":"bone14","pivot":[-29,1,-31.5]},{"name":"bone5","parent":"bone14","pivot":[-5,68,0.5],"rotation":[0,0,22.5]},{"name":"bone6","parent":"bone5","pivot":[5,68,0.5],"rotation":[0,0,17.5]},{"name":"bone7","parent":"bone6","pivot":[15,68,0.5],"rotation":[0,0,20]},{"name":"bone8","parent":"bone7","pivot":[25,68,0.5],"rotation":[0,0,30]},{"name":"bone","parent":"bone14","pivot":[-5,68,0.5],"rotation":[0,0,22.5]},{"name":"bone2","parent":"bone","pivot":[-7,59,0.5]},{"name":"bone3","parent":"bone2","pivot":[9.67602,61.10494,0.5],"rotation":[0,0,20]},{"name":"bone4","parent":"bone3","pivot":[19.67602,61.10494,0.5],"rotation":[0,0,30]},{"name":"text_NATIONSMILLIONS","parent":"bone23","pivot":[7.5,65,-17],"rotation":[0,-90,0]},{"name":"character_n2","parent":"text_NATIONSMILLIONS","pivot":[7.5,65,-17],"cubes":[{"origin":[3.5,65,-17],"size":[2,8,4],"uv":[28,23]},{"origin":[7.5,65,-17],"size":[2,8,4],"uv":[28,23]},{"origin":[5.5,68,-17],"size":[1,3,4],"uv":[54,30]},{"origin":[6.5,67,-17],"size":[1,3,4],"uv":[54,30]}]},{"name":"character_a","parent":"text_NATIONSMILLIONS","pivot":[7.5,65,-17],"cubes":[{"origin":[10.5,65,-17],"size":[2,8,4],"uv":[28,23]},{"origin":[12.5,71,-17],"size":[1,2,4],"uv":[56,21]},{"origin":[13.5,65,-17],"size":[2,8,4],"uv":[28,23]},{"origin":[12.5,68,-17],"size":[1,2,4],"uv":[56,21]}]},{"name":"character_t","parent":"text_NATIONSMILLIONS","pivot":[7.5,65,-17],"cubes":[{"origin":[18,65,-17],"size":[2,6,4],"uv":[45,7]},{"origin":[16.5,71,-17],"size":[5,2,4],"uv":[45,0]}]},{"name":"character_i2","parent":"text_NATIONSMILLIONS","pivot":[7.5,65,-17],"cubes":[{"origin":[22.5,65,-17],"size":[2,8,4],"uv":[28,23]}]},{"name":"character_o2","parent":"text_NATIONSMILLIONS","pivot":[7.5,65,-17],"cubes":[{"origin":[25.5,65,-17],"size":[2,8,4],"uv":[28,23]},{"origin":[27.5,71,-17],"size":[2,2,4],"uv":[45,34]},{"origin":[29.5,65,-17],"size":[2,8,4],"uv":[28,23]},{"origin":[27.5,65,-17],"size":[2,2,4],"uv":[45,34]}]},{"name":"character_n3","parent":"text_NATIONSMILLIONS","pivot":[7.5,65,-17],"cubes":[{"origin":[32.5,65,-17],"size":[2,8,4],"uv":[28,23]},{"origin":[36.5,65,-17],"size":[2,8,4],"uv":[28,23]},{"origin":[34.5,68,-17],"size":[1,3,4],"uv":[54,30]},{"origin":[35.5,67,-17],"size":[1,3,4],"uv":[54,30]}]},{"name":"character_s2","parent":"text_NATIONSMILLIONS","pivot":[7.5,65,-17],"cubes":[{"origin":[39.5,65,-17],"size":[5,2,4],"uv":[45,0]},{"origin":[39.5,68,-17],"size":[5,2,4],"uv":[45,0]},{"origin":[39.5,71,-17],"size":[5,2,4],"uv":[45,0]},{"origin":[42.5,67,-17],"size":[2,1,4],"uv":[56,14]},{"origin":[39.5,70,-17],"size":[2,1,4],"uv":[56,14]}]},{"name":"bone11","parent":"text_NATIONSMILLIONS","pivot":[-38.5,56,-17]},{"name":"character_s","parent":"bone11","pivot":[-38.5,56,-17],"cubes":[{"origin":[41.5,56,-17],"size":[5,2,4],"uv":[45,0]},{"origin":[41.5,59,-17],"size":[5,2,4],"uv":[45,0]},{"origin":[41.5,62,-17],"size":[5,2,4],"uv":[45,0]},{"origin":[44.5,58,-17],"size":[2,1,4],"uv":[56,14]},{"origin":[41.5,61,-17],"size":[2,1,4],"uv":[56,14]}]},{"name":"character_n","parent":"bone11","pivot":[-38.5,56,-17],"cubes":[{"origin":[34.5,56,-17],"size":[2,8,4],"uv":[28,23]},{"origin":[38.5,56,-17],"size":[2,8,4],"uv":[28,23]},{"origin":[36.5,59,-17],"size":[1,3,4],"uv":[54,30]},{"origin":[37.5,58,-17],"size":[1,3,4],"uv":[54,30]}]},{"name":"character_o","parent":"bone11","pivot":[-38.5,56,-17],"cubes":[{"origin":[27.5,56,-17],"size":[2,8,4],"uv":[28,23]},{"origin":[29.5,62,-17],"size":[2,2,4],"uv":[45,34]},{"origin":[31.5,56,-17],"size":[2,8,4],"uv":[28,23]},{"origin":[29.5,56,-17],"size":[2,2,4],"uv":[45,34]}]},{"name":"character_i3","parent":"bone11","pivot":[-38.5,56,-17],"cubes":[{"origin":[24.5,56,-17],"size":[2,8,4],"uv":[28,23]}]},{"name":"character_l2","parent":"bone11","pivot":[-38.5,56,-17],"cubes":[{"origin":[18.5,56,-17],"size":[2,8,4],"uv":[28,23]},{"origin":[20.5,56,-17],"size":[3,2,4],"uv":[45,18]}]},{"name":"character_l","parent":"bone11","pivot":[-38.5,56,-17],"cubes":[{"origin":[12.5,56,-17],"size":[2,8,4],"uv":[28,23]},{"origin":[14.5,56,-17],"size":[3,2,4],"uv":[45,18]}]},{"name":"character_i","parent":"bone11","pivot":[-38.5,56,-17],"cubes":[{"origin":[9.5,56,-17],"size":[2,8,4],"uv":[28,23]}]},{"name":"character_m","parent":"bone11","pivot":[-38.5,56,-17],"cubes":[{"origin":[1.5,56,-17],"size":[2,8,4],"uv":[28,23]},{"origin":[3.5,59,-17],"size":[1,4,4],"uv":[45,25]},{"origin":[4.5,58,-17],"size":[1,4,4],"uv":[45,25]},{"origin":[5.5,59,-17],"size":[1,4,4],"uv":[45,25]},{"origin":[6.5,56,-17],"size":[2,8,4],"uv":[28,23]}]},{"name":"bone18","parent":"bone17","pivot":[-11,-1,0],"cubes":[{"origin":[-24,-1,-6],"size":[13,16,13],"uv":[460,438]},{"origin":[-12,-1,-15],"size":[6,10,31],"uv":[416,438]}]},{"name":"bone19","parent":"bone18","pivot":[-17.5,22.625,0.5],"rotation":[0,-45,0],"cubes":[{"origin":[-26,15,-7],"size":[16,16,16],"uv":[416,480]},{"origin":[-19.5,14.625,-0.5],"size":[3,9,3],"uv":[416,438]},{"origin":[-22.5,14.625,-3.5],"size":[9,3,9],"pivot":[-17.5,22.625,0.5],"rotation":[0,-12.5,0],"uv":[465,480]}]},{"name":"bone20","parent":"bone19","pivot":[-11.5,16.625,6.5],"cubes":[{"origin":[-15.5,15.625,-4.5],"size":[2,2,2],"pivot":[-14.5,16.625,-3.5],"rotation":[0,-50,0],"uv":[481,493]},{"origin":[-12.5,15.625,-0.5],"size":[2,2,2],"pivot":[-11.5,16.625,0.5],"rotation":[0,-55,0],"uv":[423,489]},{"origin":[-15.5,17.625,-1.5],"size":[2,2,2],"pivot":[-14.5,18.625,-1.5],"rotation":[0,-10,0],"uv":[465,480]},{"origin":[-20.5,17.625,-2.5],"size":[2,2,2],"pivot":[-19.5,18.625,-1.5],"rotation":[0,-62,0],"uv":[416,486]},{"origin":[-17.5,17.625,2.5],"size":[2,2,2],"pivot":[-16.5,18.625,3.5],"rotation":[0,-18,0],"uv":[423,483]},{"origin":[-19.5,15.625,-6.5],"size":[2,2,2],"pivot":[-18.5,16.625,-5.5],"rotation":[0,-25,0],"uv":[460,443]},{"origin":[-23.5,15.625,4.5],"size":[2,2,2],"pivot":[-22.5,16.625,5.5],"rotation":[0,-120,0],"uv":[460,438]},{"origin":[-23.5,15.625,-4.5],"size":[2,2,2],"pivot":[-22.5,16.625,-3.5],"rotation":[0,-5,0],"uv":[416,480]},{"origin":[-15.5,15.625,3.5],"size":[2,2,2],"pivot":[-14.5,16.625,4.5],"rotation":[0,-30,0],"uv":[434,464]},{"origin":[-12.5,15.625,5.5],"size":[2,2,2],"pivot":[-11.5,16.625,6.5],"rotation":[0,-20,0],"uv":[425,464]},{"origin":[-4.5,8.925,-0.5],"size":[2,2,2],"pivot":[-16.5,19.625,-1.5],"rotation":[0,-10,0],"uv":[416,462]},{"origin":[-8.38868,8.925,-2.01649],"size":[2,2,2],"pivot":[-7.38868,9.925,-1.01649],"rotation":[0,-25,0],"uv":[438,438]}]},{"name":"bone21","parent":"bone20","pivot":[-18.6,18.225,0.5],"rotation":[0,37.5,0],"cubes":[{"origin":[-17.5,16.625,-4.5],"size":[2,2,2],"pivot":[-16.5,17.625,-3.5],"rotation":[0,-50,0],"uv":[434,459]},{"origin":[-14.5,16.625,-0.5],"size":[2,2,2],"pivot":[-13.5,17.625,0.5],"rotation":[0,-55,0],"uv":[425,459]},{"origin":[-17.5,18.625,-4.5],"size":[2,2,2],"pivot":[-16.5,19.625,-1.5],"rotation":[0,-10,0],"uv":[436,446]},{"origin":[-22.5,17.625,-2.5],"size":[2,2,2],"pivot":[-21.5,19.625,-1.5],"rotation":[0,-62,0],"uv":[416,457]},{"origin":[-19.5,17.625,5.5],"size":[2,2,2],"pivot":[-18.5,19.625,3.5],"rotation":[0,-18,0],"uv":[432,454]},{"origin":[-21.5,16.625,-6.5],"size":[2,2,2],"pivot":[-20.5,17.625,-5.5],"rotation":[0,-25,0],"uv":[423,454]},{"origin":[-25.5,14.625,4.5],"size":[2,2,2],"pivot":[-24.5,17.625,5.5],"rotation":[0,-120,0],"uv":[429,443]},{"origin":[-23.5,15.625,-4.5],"size":[2,2,2],"pivot":[-24.5,17.625,-3.5],"rotation":[0,-5,0],"uv":[429,438]},{"origin":[-17.5,16.625,3.5],"size":[2,2,2],"pivot":[-16.5,17.625,4.5],"rotation":[0,-30,0],"uv":[416,451]},{"origin":[-16.5,14.625,5.5],"size":[2,2,2],"pivot":[-13.5,17.625,6.5],"rotation":[0,-20,0],"uv":[427,449]}]}]}]}