{"format_version":"1.12.0","minecraft:geometry":[{"description":{"identifier":"geometry.music","texture_width":1024,"texture_height":1024,"visible_bounds_width":21,"visible_bounds_height":9.5,"visible_bounds_offset":[0,4.25,0]},"bones":[{"name":"stage","pivot":[-7,20,111],"cubes":[{"origin":[-72,0,-79],"size":[80,13,160],"uv":{"north":{"uv":[160,328],"uv_size":[80,13]},"east":{"uv":[0,328],"uv_size":[160,13]},"south":{"uv":[400,328],"uv_size":[80,13]},"west":{"uv":[240,328],"uv_size":[160,13]},"up":{"uv":[160,168],"uv_size":[80,160]},"down":{"uv":[240,328],"uv_size":[80,-160]}}},{"origin":[-69,0,81],"size":[33,8,11],"uv":{"north":{"uv":[68,86],"uv_size":[33,8]},"east":{"uv":[57,86],"uv_size":[11,8]},"south":{"uv":[112,86],"uv_size":[33,8]},"west":{"uv":[101,86],"uv_size":[11,8]},"up":{"uv":[68,75],"uv_size":[33,11]},"down":{"uv":[101,86],"uv_size":[33,-11]}}},{"origin":[-72,15,-43],"size":[35,13,88],"uv":{"north":{"uv":[421,88],"uv_size":[35,13]},"east":{"uv":[333,88],"uv_size":[88,13]},"south":{"uv":[544,88],"uv_size":[35,13]},"west":{"uv":[456,88],"uv_size":[88,13]},"up":{"uv":[421,0],"uv_size":[35,88]},"down":{"uv":[456,88],"uv_size":[35,-88]}}},{"origin":[-49,28,-29],"size":[10,16,58],"inflate":0.5,"uv":{"north":{"uv":[58,58],"uv_size":[10,16]},"east":{"uv":[0,58],"uv_size":[58,16]},"south":{"uv":[126,58],"uv_size":[10,16]},"west":{"uv":[495,299],"uv_size":[528,146]},"up":{"uv":[58,0],"uv_size":[10,58]},"down":{"uv":[68,58],"uv_size":[10,-58]}}},{"origin":[-70,15,45],"size":[31,8,11],"uv":{"north":{"uv":[90,11],"uv_size":[31,8]},"east":{"uv":[79,11],"uv_size":[11,8]},"south":{"uv":[132,11],"uv_size":[31,8]},"west":{"uv":[121,11],"uv_size":[11,8]},"up":{"uv":[90,0],"uv_size":[31,11]},"down":{"uv":[121,11],"uv_size":[31,-11]}}},{"origin":[-74,13,-81],"size":[84,3,164],"uv":{"north":{"uv":[164,164],"uv_size":[84,3]},"east":{"uv":[0,164],"uv_size":[164,3]},"south":{"uv":[412,164],"uv_size":[84,3]},"west":{"uv":[248,164],"uv_size":[164,3]},"up":{"uv":[164,0],"uv_size":[84,164]},"down":{"uv":[248,164],"uv_size":[84,-164]}}},{"origin":[-75,1,-71],"size":[1,101,144],"uv":{"north":{"uv":[481,342],"uv_size":[1,101]},"east":{"uv":[337,342],"uv_size":[144,101]},"south":{"uv":[626,342],"uv_size":[1,101]},"west":{"uv":[0,522],"uv_size":[714,502]},"up":{"uv":[481,198],"uv_size":[1,144]},"down":{"uv":[482,342],"uv_size":[1,-144]}}},{"origin":[-75,0,73],"size":[10,102,10],"uv":{"north":{"uv":[51,178],"uv_size":[10,102]},"east":{"uv":[41,178],"uv_size":[10,102]},"south":{"uv":[71,178],"uv_size":[10,102]},"west":{"uv":[61,178],"uv_size":[10,102]},"up":{"uv":[51,168],"uv_size":[10,10]},"down":{"uv":[61,178],"uv_size":[10,-10]}}},{"origin":[-75,0,-83],"size":[10,102,10],"uv":{"north":{"uv":[10,178],"uv_size":[10,102]},"east":{"uv":[0,178],"uv_size":[10,102]},"south":{"uv":[30,178],"uv_size":[10,102]},"west":{"uv":[20,178],"uv_size":[10,102]},"up":{"uv":[10,168],"uv_size":[10,10]},"down":{"uv":[20,178],"uv_size":[10,-10]}}},{"origin":[-75,-83,-112],"size":[10,166,10],"pivot":[4,0,0],"rotation":[-90,0,0],"uv":{"north":{"uv":[253,352],"uv_size":[10,166]},"east":{"uv":[243,352],"uv_size":[10,166]},"south":{"uv":[273,352],"uv_size":[10,166]},"west":{"uv":[263,352],"uv_size":[10,166]},"up":{"uv":[253,342],"uv_size":[10,10]},"down":{"uv":[263,352],"uv_size":[10,-10]}}}]},{"name":"speaker","parent":"stage","pivot":[-8.91013,20,0]},{"name":"R","parent":"speaker","pivot":[-8.91013,0,100.16711],"cubes":[{"origin":[-15,0,88],"size":[16,40,24],"pivot":[-7,20,111],"rotation":[0,10,0],"uv":{"north":{"uv":[24,99],"uv_size":[16,40]},"east":{"uv":[0,99],"uv_size":[24,40]},"south":{"uv":[64,99],"uv_size":[16,40]},"west":{"uv":[40,99],"uv_size":[24,40]},"up":{"uv":[24,75],"uv_size":[16,24]},"down":{"uv":[40,99],"uv_size":[16,-24]}}}]},{"name":"L","parent":"speaker","pivot":[-8.91013,0,-100.16711],"cubes":[{"origin":[-16.91013,0,-112.16711],"size":[16,40,24],"pivot":[-8.91013,0,-100.16711],"rotation":[0,-10,0],"uv":{"north":{"uv":[24,99],"uv_size":[16,40]},"east":{"uv":[0,99],"uv_size":[24,40]},"south":{"uv":[64,99],"uv_size":[16,40]},"west":{"uv":[40,99],"uv_size":[24,40]},"up":{"uv":[24,75],"uv_size":[16,24]},"down":{"uv":[40,99],"uv_size":[16,-24]}}}]},{"name":"bone","parent":"stage","pivot":[0,0,0]},{"name":"bone3","parent":"stage","pivot":[-59,-26,99],"rotation":[-5,12.5,0],"cubes":[{"origin":[-67,70,114],"size":[12,34,12],"pivot":[-57,35,101],"rotation":[20,0,0],"uv":{"north":{"uv":[12,12],"uv_size":[12,34]},"east":{"uv":[0,12],"uv_size":[12,34]},"south":{"uv":[36,12],"uv_size":[12,34]},"west":{"uv":[24,12],"uv_size":[12,34]},"up":{"uv":[12,0],"uv_size":[12,12]},"down":{"uv":[24,12],"uv_size":[12,-12]}}},{"origin":[-66,-1,101],"size":[12,78,12],"uv":{"north":{"uv":[94,180],"uv_size":[12,78]},"east":{"uv":[82,180],"uv_size":[12,78]},"south":{"uv":[118,180],"uv_size":[12,78]},"west":{"uv":[106,180],"uv_size":[12,78]},"up":{"uv":[94,168],"uv_size":[12,12]},"down":{"uv":[106,180],"uv_size":[12,-12]}}}]},{"name":"bone4","parent":"bone3","pivot":[-57,94,94],"rotation":[20,0,0],"cubes":[{"origin":[-107,99,75],"size":[75,0.1,46],"pivot":[-57,99,100],"rotation":[90,45,0],"uv":{"north":{"uv":[46,482],"uv_size":[75,0]},"east":{"uv":[0,482],"uv_size":[46,0]},"south":{"uv":[167,482],"uv_size":[75,0]},"west":{"uv":[121,482],"uv_size":[46,0]},"up":{"uv":[46,436],"uv_size":[75,46]},"down":{"uv":[121,482],"uv_size":[75,-46]}}},{"origin":[-107,99,75],"size":[75,0.1,46],"pivot":[-57,99,100],"rotation":[90,180,0],"uv":{"north":{"uv":[46,435],"uv_size":[75,0]},"east":{"uv":[0,435],"uv_size":[46,0]},"south":{"uv":[167,435],"uv_size":[75,0]},"west":{"uv":[121,435],"uv_size":[46,0]},"up":{"uv":[46,389],"uv_size":[75,46]},"down":{"uv":[121,435],"uv_size":[75,-46]}}},{"origin":[-107,99,75],"size":[75,0.1,46],"pivot":[-57,99,100],"rotation":[90,-90,0],"uv":{"north":{"uv":[46,388],"uv_size":[75,0]},"east":{"uv":[0,388],"uv_size":[46,0]},"south":{"uv":[167,388],"uv_size":[75,0]},"west":{"uv":[121,388],"uv_size":[46,0]},"up":{"uv":[46,342],"uv_size":[75,46]},"down":{"uv":[121,388],"uv_size":[75,-46]}}},{"origin":[-107,99,75],"size":[75,0.1,46],"pivot":[-57,99,100],"rotation":[90,-45,0],"uv":{"north":{"uv":[379,148],"uv_size":[75,0]},"east":{"uv":[333,148],"uv_size":[46,0]},"south":{"uv":[500,148],"uv_size":[75,0]},"west":{"uv":[454,148],"uv_size":[46,0]},"up":{"uv":[379,102],"uv_size":[75,46]},"down":{"uv":[454,148],"uv_size":[75,-46]}}}]},{"name":"light","parent":"stage","pivot":[-65,105.5,4]},{"name":"lyres","parent":"light","pivot":[0,0,0]},{"name":"lyre4","parent":"lyres","pivot":[-66,101,62],"cubes":[{"origin":[-72,100,56],"size":[12,2,12],"uv":{"north":{"uv":[91,32],"uv_size":[12,2]},"east":{"uv":[79,32],"uv_size":[12,2]},"south":{"uv":[115,32],"uv_size":[12,2]},"west":{"uv":[103,32],"uv_size":[12,2]},"up":{"uv":[91,20],"uv_size":[12,12]},"down":{"uv":[103,32],"uv_size":[12,-12]}}}]},{"name":"bone11","parent":"lyre4","pivot":[-66,101,62],"rotation":[0,15,0],"cubes":[{"origin":[-67,89,56],"size":[2,12,2],"uv":{"north":{"uv":[51,14],"uv_size":[2,12]},"east":{"uv":[49,14],"uv_size":[2,12]},"south":{"uv":[55,14],"uv_size":[2,12]},"west":{"uv":[53,14],"uv_size":[2,12]},"up":{"uv":[51,12],"uv_size":[2,2]},"down":{"uv":[53,14],"uv_size":[2,-2]}}},{"origin":[-67,89,66],"size":[2,12,2],"uv":{"north":{"uv":[51,14],"uv_size":[2,12]},"east":{"uv":[49,14],"uv_size":[2,12]},"south":{"uv":[55,14],"uv_size":[2,12]},"west":{"uv":[53,14],"uv_size":[2,12]},"up":{"uv":[51,12],"uv_size":[2,2]},"down":{"uv":[53,14],"uv_size":[2,-2]}}}]},{"name":"bone12","parent":"bone11","pivot":[-66,90.91667,62],"rotation":[0,0,-47.5],"cubes":[{"origin":[-68.5,86.5,59.5],"size":[5,6.5,5],"inflate":2,"uv":[2,79]},{"origin":[-67.5,92.5,60.5],"size":[3,3.5,3],"inflate":2,"uv":{"north":{"uv":[3,50],"uv_size":[3,3]},"east":{"uv":[0,50],"uv_size":[3,3]},"south":{"uv":[9,50],"uv_size":[3,3]},"west":{"uv":[6,50],"uv_size":[3,3]},"up":{"uv":[3,47],"uv_size":[3,3]},"down":{"uv":[6,50],"uv_size":[3,-3]}}},{"origin":[-68,28,60],"size":[4,54.5,4],"inflate":2,"uv":{"north":{"uv":[117,99],"uv_size":[4,54]},"east":{"uv":[113,99],"uv_size":[4,54]},"south":{"uv":[125,99],"uv_size":[4,54]},"west":{"uv":[121,99],"uv_size":[4,54]},"up":{"uv":[85,95],"uv_size":[4,4]},"down":{"uv":[89,99],"uv_size":[4,-4]}}}]},{"name":"lyre2","parent":"lyres","pivot":[-1,0,0],"cubes":[{"origin":[-66,16,68],"size":[12,2,12],"uv":{"north":{"uv":[91,32],"uv_size":[12,2]},"east":{"uv":[79,32],"uv_size":[12,2]},"south":{"uv":[115,32],"uv_size":[12,2]},"west":{"uv":[103,32],"uv_size":[12,2]},"up":{"uv":[91,20],"uv_size":[12,12]},"down":{"uv":[103,32],"uv_size":[12,-12]}}}]},{"name":"bone7","parent":"lyre2","pivot":[-60,17,74],"rotation":[0,-15,0],"cubes":[{"origin":[-61,17,68],"size":[2,12,2],"uv":{"north":{"uv":[51,14],"uv_size":[2,12]},"east":{"uv":[49,14],"uv_size":[2,12]},"south":{"uv":[55,14],"uv_size":[2,12]},"west":{"uv":[53,14],"uv_size":[2,12]},"up":{"uv":[51,12],"uv_size":[2,2]},"down":{"uv":[53,14],"uv_size":[2,-2]}}},{"origin":[-61,17,78],"size":[2,12,2],"uv":{"north":{"uv":[51,14],"uv_size":[2,12]},"east":{"uv":[49,14],"uv_size":[2,12]},"south":{"uv":[55,14],"uv_size":[2,12]},"west":{"uv":[53,14],"uv_size":[2,12]},"up":{"uv":[51,12],"uv_size":[2,2]},"down":{"uv":[53,14],"uv_size":[2,-2]}}}]},{"name":"bone8","parent":"bone7","pivot":[-60,27.08333,74],"rotation":[0,0,27.5],"cubes":[{"origin":[-62.5,25,71.5],"size":[5,6.5,5],"inflate":2,"uv":{"north":{"uv":[42,5],"uv_size":[5,6]},"east":{"uv":[37,5],"uv_size":[5,6]},"south":{"uv":[52,5],"uv_size":[5,6]},"west":{"uv":[47,5],"uv_size":[5,6]},"up":{"uv":[42,0],"uv_size":[5,5]},"down":{"uv":[47,5],"uv_size":[5,-5]}}},{"origin":[-61.5,22,72.5],"size":[3,3.5,3],"inflate":2,"uv":{"north":{"uv":[3,50],"uv_size":[3,3]},"east":{"uv":[0,50],"uv_size":[3,3]},"south":{"uv":[9,50],"uv_size":[3,3]},"west":{"uv":[6,50],"uv_size":[3,3]},"up":{"uv":[3,47],"uv_size":[3,3]},"down":{"uv":[6,50],"uv_size":[3,-3]}}},{"origin":[-62,35.5,72],"size":[4,54.5,4],"inflate":2,"uv":{"north":{"uv":[85,99],"uv_size":[4,54]},"east":{"uv":[81,99],"uv_size":[4,54]},"south":{"uv":[93,99],"uv_size":[4,54]},"west":{"uv":[89,99],"uv_size":[4,54]},"up":{"uv":[85,95],"uv_size":[4,4]},"down":{"uv":[89,99],"uv_size":[4,-4]}}}]},{"name":"lyre3","parent":"lyres","pivot":[-7,118,12],"cubes":[{"origin":[-72,100,-68],"size":[12,2,12],"uv":{"north":{"uv":[91,32],"uv_size":[12,2]},"east":{"uv":[79,32],"uv_size":[12,2]},"south":{"uv":[115,32],"uv_size":[12,2]},"west":{"uv":[103,32],"uv_size":[12,2]},"up":{"uv":[91,20],"uv_size":[12,12]},"down":{"uv":[103,32],"uv_size":[12,-12]}}}]},{"name":"bone9","parent":"lyre3","pivot":[-66,101,-62],"rotation":[0,-15,0],"cubes":[{"origin":[-67,89,-58],"size":[2,12,2],"uv":{"north":{"uv":[51,14],"uv_size":[2,12]},"east":{"uv":[49,14],"uv_size":[2,12]},"south":{"uv":[55,14],"uv_size":[2,12]},"west":{"uv":[53,14],"uv_size":[2,12]},"up":{"uv":[51,12],"uv_size":[2,2]},"down":{"uv":[53,14],"uv_size":[2,-2]}}},{"origin":[-67,89,-68],"size":[2,12,2],"uv":{"north":{"uv":[51,14],"uv_size":[2,12]},"east":{"uv":[49,14],"uv_size":[2,12]},"south":{"uv":[55,14],"uv_size":[2,12]},"west":{"uv":[53,14],"uv_size":[2,12]},"up":{"uv":[51,12],"uv_size":[2,2]},"down":{"uv":[53,14],"uv_size":[2,-2]}}}]},{"name":"bone10","parent":"bone9","pivot":[-66,90.91667,-62],"rotation":[0,0,-47.5],"cubes":[{"origin":[-68.5,86.5,-64.5],"size":[5,6.5,5],"inflate":2,"uv":[2,79]},{"origin":[-67.5,92.5,-63.5],"size":[3,3.5,3],"inflate":2,"uv":{"north":{"uv":[35,50],"uv_size":[3,3]},"east":{"uv":[32,50],"uv_size":[3,3]},"south":{"uv":[41,50],"uv_size":[3,3]},"west":{"uv":[38,50],"uv_size":[3,3]},"up":{"uv":[3,47],"uv_size":[3,3]},"down":{"uv":[6,50],"uv_size":[3,-3]}}},{"origin":[-68,28,-64],"size":[4,54.5,4],"inflate":2,"uv":{"north":{"uv":[117,99],"uv_size":[4,54]},"east":{"uv":[113,99],"uv_size":[4,54]},"south":{"uv":[125,99],"uv_size":[4,54]},"west":{"uv":[121,99],"uv_size":[4,54]},"up":{"uv":[85,95],"uv_size":[4,4]},"down":{"uv":[89,99],"uv_size":[4,-4]}}}]},{"name":"lyre","parent":"lyres","pivot":[-1,0,0],"cubes":[{"origin":[-66,16,-80],"size":[12,2,12],"uv":{"north":{"uv":[91,32],"uv_size":[12,2]},"east":{"uv":[79,32],"uv_size":[12,2]},"south":{"uv":[115,32],"uv_size":[12,2]},"west":{"uv":[103,32],"uv_size":[12,2]},"up":{"uv":[91,20],"uv_size":[12,12]},"down":{"uv":[103,32],"uv_size":[12,-12]}}}]},{"name":"bone16","parent":"lyre","pivot":[-60,17,-74],"rotation":[0,15,0],"cubes":[{"origin":[-61,17,-70],"size":[2,12,2],"uv":{"north":{"uv":[51,14],"uv_size":[2,12]},"east":{"uv":[49,14],"uv_size":[2,12]},"south":{"uv":[55,14],"uv_size":[2,12]},"west":{"uv":[53,14],"uv_size":[2,12]},"up":{"uv":[51,12],"uv_size":[2,2]},"down":{"uv":[53,14],"uv_size":[2,-2]}}},{"origin":[-61,17,-80],"size":[2,12,2],"uv":{"north":{"uv":[51,14],"uv_size":[2,12]},"east":{"uv":[49,14],"uv_size":[2,12]},"south":{"uv":[55,14],"uv_size":[2,12]},"west":{"uv":[53,14],"uv_size":[2,12]},"up":{"uv":[51,12],"uv_size":[2,2]},"down":{"uv":[53,14],"uv_size":[2,-2]}}}]},{"name":"bone6","parent":"bone16","pivot":[-60,27.08333,-74],"rotation":[0,0,27.5],"cubes":[{"origin":[-62.5,25,-76.5],"size":[5,6.5,5],"inflate":2,"uv":{"north":{"uv":[42,5],"uv_size":[5,6]},"east":{"uv":[37,5],"uv_size":[5,6]},"south":{"uv":[52,5],"uv_size":[5,6]},"west":{"uv":[47,5],"uv_size":[5,6]},"up":{"uv":[42,0],"uv_size":[5,5]},"down":{"uv":[47,5],"uv_size":[5,-5]}}},{"origin":[-61.5,22,-75.5],"size":[3,3.5,3],"inflate":2,"uv":{"north":{"uv":[3,50],"uv_size":[3,3]},"east":{"uv":[0,50],"uv_size":[3,3]},"south":{"uv":[9,50],"uv_size":[3,3]},"west":{"uv":[6,50],"uv_size":[3,3]},"up":{"uv":[3,47],"uv_size":[3,3]},"down":{"uv":[6,50],"uv_size":[3,-3]}}},{"origin":[-62,35.5,-76],"size":[4,54.5,4],"inflate":2,"uv":{"north":{"uv":[85,99],"uv_size":[4,54]},"east":{"uv":[81,99],"uv_size":[4,54]},"south":{"uv":[93,99],"uv_size":[4,54]},"west":{"uv":[89,99],"uv_size":[4,54]},"up":{"uv":[85,95],"uv_size":[4,4]},"down":{"uv":[89,99],"uv_size":[4,-4]}}}]},{"name":"projectorsSol","parent":"light","pivot":[-65,105.5,4]},{"name":"projectors3","parent":"projectorsSol","pivot":[-65,105.5,-2]},{"name":"projector9","parent":"projectors3","pivot":[4.5809,19.31529,-53.5],"rotation":[0,10,0],"cubes":[{"origin":[1.32551,22.86552,-60.3473],"size":[0,4,13],"pivot":[1.67691,23.89743,-22],"rotation":[0,0,145],"uv":{"north":{"uv":[111,108],"uv_size":[0,4]},"east":{"uv":[98,108],"uv_size":[13,4]},"south":{"uv":[111,108],"uv_size":[0,4]},"west":{"uv":[98,108],"uv_size":[13,4]},"up":{"uv":[111,95],"uv_size":[0,13]},"down":{"uv":[111,108],"uv_size":[0,-13]}}},{"origin":[-5.67033,25.74771,-60.3473],"size":[5,5,13],"pivot":[1.67691,23.89743,-22],"rotation":[0,0,-170],"uv":{"north":{"uv":[92,48],"uv_size":[5,5]},"east":{"uv":[79,48],"uv_size":[13,5]},"south":{"uv":[110,48],"uv_size":[5,5]},"west":{"uv":[97,48],"uv_size":[13,5]},"up":{"uv":[92,35],"uv_size":[5,13]},"down":{"uv":[97,48],"uv_size":[5,-13]}}},{"origin":[-4.82672,27.08156,-60.3473],"size":[0,4,13],"pivot":[1.67691,23.89743,-22],"rotation":[0,0,-125],"uv":{"north":{"uv":[111,108],"uv_size":[0,4]},"east":{"uv":[98,108],"uv_size":[13,4]},"south":{"uv":[111,108],"uv_size":[0,4]},"west":{"uv":[98,108],"uv_size":[13,4]},"up":{"uv":[111,95],"uv_size":[0,13]},"down":{"uv":[111,108],"uv_size":[0,-13]}}},{"origin":[-27.09847,25.74771,-51.45589],"size":[0,5,4],"pivot":[1.67691,23.89743,-22],"rotation":[0,-45,-170],"uv":{"north":{"uv":[4,4],"uv_size":[0,5]},"east":{"uv":[0,4],"uv_size":[4,5]},"south":{"uv":[8,4],"uv_size":[0,5]},"west":{"uv":[0,4],"uv_size":[4,5]},"up":{"uv":[4,0],"uv_size":[0,4]},"down":{"uv":[4,4],"uv_size":[0,-4]}}},{"origin":[17.94041,25.74771,-41.58299],"size":[0,5,4],"pivot":[1.67691,23.89743,-22],"rotation":[0,45,-170],"uv":{"north":{"uv":[4,4],"uv_size":[0,5]},"east":{"uv":[0,4],"uv_size":[4,5]},"south":{"uv":[8,4],"uv_size":[0,5]},"west":{"uv":[0,4],"uv_size":[4,5]},"up":{"uv":[4,0],"uv_size":[0,4]},"down":{"uv":[4,4],"uv_size":[0,-4]}}}]},{"name":"projector12","parent":"projectors3","pivot":[-2.4191,19.31529,-72.5],"rotation":[0,40,0],"cubes":[{"origin":[-6.0329,23.11648,-80.28558],"size":[0,4,13],"pivot":[-5.32309,23.89743,-20],"rotation":[0,0,145],"uv":{"north":{"uv":[111,108],"uv_size":[0,4]},"east":{"uv":[98,108],"uv_size":[13,4]},"south":{"uv":[111,108],"uv_size":[0,4]},"west":{"uv":[98,108],"uv_size":[13,4]},"up":{"uv":[111,95],"uv_size":[0,13]},"down":{"uv":[111,108],"uv_size":[0,-13]}}},{"origin":[-13.10121,25.67173,-80.28558],"size":[5,5,13],"pivot":[-5.32309,23.89743,-20],"rotation":[0,0,-170],"uv":{"north":{"uv":[92,48],"uv_size":[5,5]},"east":{"uv":[79,48],"uv_size":[13,5]},"south":{"uv":[110,48],"uv_size":[5,5]},"west":{"uv":[97,48],"uv_size":[13,5]},"up":{"uv":[92,35],"uv_size":[5,13]},"down":{"uv":[97,48],"uv_size":[5,-13]}}},{"origin":[-12.07767,26.72316,-80.28558],"size":[0,4,13],"pivot":[-5.32309,23.89743,-20],"rotation":[0,0,-125],"uv":{"north":{"uv":[111,108],"uv_size":[0,4]},"east":{"uv":[98,108],"uv_size":[13,4]},"south":{"uv":[111,108],"uv_size":[0,4]},"west":{"uv":[98,108],"uv_size":[13,4]},"up":{"uv":[111,95],"uv_size":[0,13]},"down":{"uv":[111,108],"uv_size":[0,-13]}}},{"origin":[-49.91586,25.67173,-64.66392],"size":[0,5,4],"pivot":[-5.32309,23.89743,-20],"rotation":[0,-45,-170],"uv":{"north":{"uv":[4,4],"uv_size":[0,5]},"east":{"uv":[0,4],"uv_size":[4,5]},"south":{"uv":[8,4],"uv_size":[0,5]},"west":{"uv":[0,4],"uv_size":[4,5]},"up":{"uv":[4,0],"uv_size":[0,4]},"down":{"uv":[4,4],"uv_size":[0,-4]}}},{"origin":[26.14843,25.67173,-55.40037],"size":[0,5,4],"pivot":[-5.32309,23.89743,-20],"rotation":[0,45,-170],"uv":{"north":{"uv":[4,4],"uv_size":[0,5]},"east":{"uv":[0,4],"uv_size":[4,5]},"south":{"uv":[8,4],"uv_size":[0,5]},"west":{"uv":[0,4],"uv_size":[4,5]},"up":{"uv":[4,0],"uv_size":[0,4]},"down":{"uv":[4,4],"uv_size":[0,-4]}}}]},{"name":"projectors2","parent":"projectorsSol","pivot":[-65,105.5,4]},{"name":"projector10","parent":"projectors2","pivot":[4.5809,19.31529,55.5],"rotation":[0,-10,0],"cubes":[{"origin":[1.32551,22.86552,49.3473],"size":[0,4,13],"pivot":[1.67691,23.89743,24],"rotation":[0,0,145],"uv":{"north":{"uv":[111,108],"uv_size":[0,4]},"east":{"uv":[98,108],"uv_size":[13,4]},"south":{"uv":[111,108],"uv_size":[0,4]},"west":{"uv":[98,108],"uv_size":[13,4]},"up":{"uv":[111,95],"uv_size":[0,13]},"down":{"uv":[111,108],"uv_size":[0,-13]}}},{"origin":[-5.67033,25.74771,49.3473],"size":[5,5,13],"pivot":[1.67691,23.89743,24],"rotation":[0,0,-170],"uv":{"north":{"uv":[92,48],"uv_size":[5,5]},"east":{"uv":[79,48],"uv_size":[13,5]},"south":{"uv":[110,48],"uv_size":[5,5]},"west":{"uv":[97,48],"uv_size":[13,5]},"up":{"uv":[92,35],"uv_size":[5,13]},"down":{"uv":[97,48],"uv_size":[5,-13]}}},{"origin":[-4.82672,27.08156,49.3473],"size":[0,4,13],"pivot":[1.67691,23.89743,24],"rotation":[0,0,-125],"uv":{"north":{"uv":[111,108],"uv_size":[0,4]},"east":{"uv":[98,108],"uv_size":[13,4]},"south":{"uv":[111,108],"uv_size":[0,4]},"west":{"uv":[98,108],"uv_size":[13,4]},"up":{"uv":[111,95],"uv_size":[0,13]},"down":{"uv":[111,108],"uv_size":[0,-13]}}},{"origin":[-27.09847,25.74771,49.45589],"size":[0,5,4],"pivot":[1.67691,23.89743,24],"rotation":[0,45,-170],"uv":{"north":{"uv":[4,4],"uv_size":[0,5]},"east":{"uv":[0,4],"uv_size":[4,5]},"south":{"uv":[8,4],"uv_size":[0,5]},"west":{"uv":[0,4],"uv_size":[4,5]},"up":{"uv":[4,0],"uv_size":[0,4]},"down":{"uv":[4,4],"uv_size":[0,-4]}}},{"origin":[17.94041,25.74771,39.58299],"size":[0,5,4],"pivot":[1.67691,23.89743,24],"rotation":[0,-45,-170],"uv":{"north":{"uv":[4,4],"uv_size":[0,5]},"east":{"uv":[0,4],"uv_size":[4,5]},"south":{"uv":[8,4],"uv_size":[0,5]},"west":{"uv":[0,4],"uv_size":[4,5]},"up":{"uv":[4,0],"uv_size":[0,4]},"down":{"uv":[4,4],"uv_size":[0,-4]}}}]},{"name":"projector11","parent":"projectors2","pivot":[-2.4191,19.31529,74.5],"rotation":[0,-40,0],"cubes":[{"origin":[-6.0329,23.11648,69.28558],"size":[0,4,13],"pivot":[-5.32309,23.89743,22],"rotation":[0,0,145],"uv":{"north":{"uv":[111,108],"uv_size":[0,4]},"east":{"uv":[98,108],"uv_size":[13,4]},"south":{"uv":[111,108],"uv_size":[0,4]},"west":{"uv":[98,108],"uv_size":[13,4]},"up":{"uv":[111,95],"uv_size":[0,13]},"down":{"uv":[111,108],"uv_size":[0,-13]}}},{"origin":[-13.10121,25.67173,69.28558],"size":[5,5,13],"pivot":[-5.32309,23.89743,22],"rotation":[0,0,-170],"uv":{"north":{"uv":[92,48],"uv_size":[5,5]},"east":{"uv":[79,48],"uv_size":[13,5]},"south":{"uv":[110,48],"uv_size":[5,5]},"west":{"uv":[97,48],"uv_size":[13,5]},"up":{"uv":[92,35],"uv_size":[5,13]},"down":{"uv":[97,48],"uv_size":[5,-13]}}},{"origin":[-12.07767,26.72316,69.28558],"size":[0,4,13],"pivot":[-5.32309,23.89743,22],"rotation":[0,0,-125],"uv":{"north":{"uv":[111,108],"uv_size":[0,4]},"east":{"uv":[98,108],"uv_size":[13,4]},"south":{"uv":[111,108],"uv_size":[0,4]},"west":{"uv":[98,108],"uv_size":[13,4]},"up":{"uv":[111,95],"uv_size":[0,13]},"down":{"uv":[111,108],"uv_size":[0,-13]}}},{"origin":[-49.91586,25.67173,62.66392],"size":[0,5,4],"pivot":[-5.32309,23.89743,22],"rotation":[0,45,-170],"uv":{"north":{"uv":[4,4],"uv_size":[0,5]},"east":{"uv":[0,4],"uv_size":[4,5]},"south":{"uv":[8,4],"uv_size":[0,5]},"west":{"uv":[0,4],"uv_size":[4,5]},"up":{"uv":[4,0],"uv_size":[0,4]},"down":{"uv":[4,4],"uv_size":[0,-4]}}},{"origin":[26.14843,25.67173,53.40037],"size":[0,5,4],"pivot":[-5.32309,23.89743,22],"rotation":[0,-45,-170],"uv":{"north":{"uv":[4,4],"uv_size":[0,5]},"east":{"uv":[0,4],"uv_size":[4,5]},"south":{"uv":[8,4],"uv_size":[0,5]},"west":{"uv":[0,4],"uv_size":[4,5]},"up":{"uv":[4,0],"uv_size":[0,4]},"down":{"uv":[4,4],"uv_size":[0,-4]}}}]},{"name":"projectors","parent":"light","pivot":[-63,112.5,4]},{"name":"projector","parent":"projectors","pivot":[-63,112.5,4],"rotation":[0,0,32.5],"cubes":[{"origin":[-63,106,4],"size":[0,4,13],"pivot":[-63,110,10.5],"rotation":[0,0,-45],"uv":{"north":{"uv":[111,108],"uv_size":[0,4]},"east":{"uv":[98,108],"uv_size":[13,4]},"south":{"uv":[111,108],"uv_size":[0,4]},"west":{"uv":[98,108],"uv_size":[13,4]},"up":{"uv":[111,95],"uv_size":[0,13]},"down":{"uv":[111,108],"uv_size":[0,-13]}}},{"origin":[-68,110,4],"size":[5,5,13],"uv":{"north":{"uv":[92,48],"uv_size":[5,5]},"east":{"uv":[79,48],"uv_size":[13,5]},"south":{"uv":[110,48],"uv_size":[5,5]},"west":{"uv":[97,48],"uv_size":[13,5]},"up":{"uv":[92,35],"uv_size":[5,13]},"down":{"uv":[97,48],"uv_size":[5,-13]}}},{"origin":[-63,115,4],"size":[0,4,13],"pivot":[-63,115,10.5],"rotation":[0,0,45],"uv":{"north":{"uv":[111,108],"uv_size":[0,4]},"east":{"uv":[98,108],"uv_size":[13,4]},"south":{"uv":[111,108],"uv_size":[0,4]},"west":{"uv":[98,108],"uv_size":[13,4]},"up":{"uv":[111,95],"uv_size":[0,13]},"down":{"uv":[111,108],"uv_size":[0,-13]}}},{"origin":[-63,110,17],"size":[0,5,4],"pivot":[-63,112.5,17],"rotation":[0,45,0],"uv":{"north":{"uv":[4,4],"uv_size":[0,5]},"east":{"uv":[0,4],"uv_size":[4,5]},"south":{"uv":[8,4],"uv_size":[0,5]},"west":{"uv":[0,4],"uv_size":[4,5]},"up":{"uv":[4,0],"uv_size":[0,4]},"down":{"uv":[4,4],"uv_size":[0,-4]}}},{"origin":[-63,110,0],"size":[0,5,4],"pivot":[-63,112.5,4],"rotation":[0,-45,0],"uv":{"north":{"uv":[4,4],"uv_size":[0,5]},"east":{"uv":[0,4],"uv_size":[4,5]},"south":{"uv":[8,4],"uv_size":[0,5]},"west":{"uv":[0,4],"uv_size":[4,5]},"up":{"uv":[4,0],"uv_size":[0,4]},"down":{"uv":[4,4],"uv_size":[0,-4]}}}]},{"name":"projector2","parent":"projectors","pivot":[-63,112.5,25],"rotation":[0,0,32.5],"cubes":[{"origin":[-63,106,25],"size":[0,4,13],"pivot":[-63,110,31.5],"rotation":[0,0,-45],"uv":{"north":{"uv":[111,108],"uv_size":[0,4]},"east":{"uv":[98,108],"uv_size":[13,4]},"south":{"uv":[111,108],"uv_size":[0,4]},"west":{"uv":[98,108],"uv_size":[13,4]},"up":{"uv":[111,95],"uv_size":[0,13]},"down":{"uv":[111,108],"uv_size":[0,-13]}}},{"origin":[-68,110,25],"size":[5,5,13],"uv":{"north":{"uv":[92,48],"uv_size":[5,5]},"east":{"uv":[79,48],"uv_size":[13,5]},"south":{"uv":[110,48],"uv_size":[5,5]},"west":{"uv":[97,48],"uv_size":[13,5]},"up":{"uv":[92,35],"uv_size":[5,13]},"down":{"uv":[97,48],"uv_size":[5,-13]}}},{"origin":[-63,115,25],"size":[0,4,13],"pivot":[-63,115,31.5],"rotation":[0,0,45],"uv":{"north":{"uv":[111,108],"uv_size":[0,4]},"east":{"uv":[98,108],"uv_size":[13,4]},"south":{"uv":[111,108],"uv_size":[0,4]},"west":{"uv":[98,108],"uv_size":[13,4]},"up":{"uv":[111,95],"uv_size":[0,13]},"down":{"uv":[111,108],"uv_size":[0,-13]}}},{"origin":[-63,110,38],"size":[0,5,4],"pivot":[-63,112.5,38],"rotation":[0,45,0],"uv":{"north":{"uv":[4,4],"uv_size":[0,5]},"east":{"uv":[0,4],"uv_size":[4,5]},"south":{"uv":[8,4],"uv_size":[0,5]},"west":{"uv":[0,4],"uv_size":[4,5]},"up":{"uv":[4,0],"uv_size":[0,4]},"down":{"uv":[4,4],"uv_size":[0,-4]}}},{"origin":[-63,110,21],"size":[0,5,4],"pivot":[-63,112.5,25],"rotation":[0,-45,0],"uv":{"north":{"uv":[4,4],"uv_size":[0,5]},"east":{"uv":[0,4],"uv_size":[4,5]},"south":{"uv":[8,4],"uv_size":[0,5]},"west":{"uv":[0,4],"uv_size":[4,5]},"up":{"uv":[4,0],"uv_size":[0,4]},"down":{"uv":[4,4],"uv_size":[0,-4]}}}]},{"name":"projector3","parent":"projectors","pivot":[-63,112.5,46],"rotation":[0,0,32.5],"cubes":[{"origin":[-63,106,46],"size":[0,4,13],"pivot":[-63,110,52.5],"rotation":[0,0,-45],"uv":{"north":{"uv":[111,108],"uv_size":[0,4]},"east":{"uv":[98,108],"uv_size":[13,4]},"south":{"uv":[111,108],"uv_size":[0,4]},"west":{"uv":[98,108],"uv_size":[13,4]},"up":{"uv":[111,95],"uv_size":[0,13]},"down":{"uv":[111,108],"uv_size":[0,-13]}}},{"origin":[-68,110,46],"size":[5,5,13],"uv":{"north":{"uv":[92,48],"uv_size":[5,5]},"east":{"uv":[79,48],"uv_size":[13,5]},"south":{"uv":[110,48],"uv_size":[5,5]},"west":{"uv":[97,48],"uv_size":[13,5]},"up":{"uv":[92,35],"uv_size":[5,13]},"down":{"uv":[97,48],"uv_size":[5,-13]}}},{"origin":[-63,115,46],"size":[0,4,13],"pivot":[-63,115,52.5],"rotation":[0,0,45],"uv":{"north":{"uv":[111,108],"uv_size":[0,4]},"east":{"uv":[98,108],"uv_size":[13,4]},"south":{"uv":[111,108],"uv_size":[0,4]},"west":{"uv":[98,108],"uv_size":[13,4]},"up":{"uv":[111,95],"uv_size":[0,13]},"down":{"uv":[111,108],"uv_size":[0,-13]}}},{"origin":[-63,110,59],"size":[0,5,4],"pivot":[-63,112.5,59],"rotation":[0,45,0],"uv":{"north":{"uv":[4,4],"uv_size":[0,5]},"east":{"uv":[0,4],"uv_size":[4,5]},"south":{"uv":[8,4],"uv_size":[0,5]},"west":{"uv":[0,4],"uv_size":[4,5]},"up":{"uv":[4,0],"uv_size":[0,4]},"down":{"uv":[4,4],"uv_size":[0,-4]}}},{"origin":[-63,110,42],"size":[0,5,4],"pivot":[-63,112.5,46],"rotation":[0,-45,0],"uv":{"north":{"uv":[4,4],"uv_size":[0,5]},"east":{"uv":[0,4],"uv_size":[4,5]},"south":{"uv":[8,4],"uv_size":[0,5]},"west":{"uv":[0,4],"uv_size":[4,5]},"up":{"uv":[4,0],"uv_size":[0,4]},"down":{"uv":[4,4],"uv_size":[0,-4]}}}]},{"name":"projector4","parent":"projectors","pivot":[-63,112.5,67],"rotation":[0,0,32.5],"cubes":[{"origin":[-63,106,67],"size":[0,4,13],"pivot":[-63,110,73.5],"rotation":[0,0,-45],"uv":{"north":{"uv":[111,108],"uv_size":[0,4]},"east":{"uv":[98,108],"uv_size":[13,4]},"south":{"uv":[111,108],"uv_size":[0,4]},"west":{"uv":[98,108],"uv_size":[13,4]},"up":{"uv":[111,95],"uv_size":[0,13]},"down":{"uv":[111,108],"uv_size":[0,-13]}}},{"origin":[-68,110,67],"size":[5,5,13],"uv":{"north":{"uv":[92,48],"uv_size":[5,5]},"east":{"uv":[79,48],"uv_size":[13,5]},"south":{"uv":[110,48],"uv_size":[5,5]},"west":{"uv":[97,48],"uv_size":[13,5]},"up":{"uv":[92,35],"uv_size":[5,13]},"down":{"uv":[97,48],"uv_size":[5,-13]}}},{"origin":[-63,115,67],"size":[0,4,13],"pivot":[-63,115,73.5],"rotation":[0,0,45],"uv":{"north":{"uv":[111,108],"uv_size":[0,4]},"east":{"uv":[98,108],"uv_size":[13,4]},"south":{"uv":[111,108],"uv_size":[0,4]},"west":{"uv":[98,108],"uv_size":[13,4]},"up":{"uv":[111,95],"uv_size":[0,13]},"down":{"uv":[111,108],"uv_size":[0,-13]}}},{"origin":[-63,110,80],"size":[0,5,4],"pivot":[-63,112.5,80],"rotation":[0,45,0],"uv":{"north":{"uv":[4,4],"uv_size":[0,5]},"east":{"uv":[0,4],"uv_size":[4,5]},"south":{"uv":[8,4],"uv_size":[0,5]},"west":{"uv":[0,4],"uv_size":[4,5]},"up":{"uv":[4,0],"uv_size":[0,4]},"down":{"uv":[4,4],"uv_size":[0,-4]}}},{"origin":[-63,110,63],"size":[0,5,4],"pivot":[-63,112.5,67],"rotation":[0,-45,0],"uv":{"north":{"uv":[4,4],"uv_size":[0,5]},"east":{"uv":[0,4],"uv_size":[4,5]},"south":{"uv":[8,4],"uv_size":[0,5]},"west":{"uv":[0,4],"uv_size":[4,5]},"up":{"uv":[4,0],"uv_size":[0,4]},"down":{"uv":[4,4],"uv_size":[0,-4]}}}]},{"name":"projector5","parent":"projectors","pivot":[-63,112.5,-17],"rotation":[0,0,32.5],"cubes":[{"origin":[-63,106,-17],"size":[0,4,13],"pivot":[-63,110,-10.5],"rotation":[0,0,-45],"uv":{"north":{"uv":[111,108],"uv_size":[0,4]},"east":{"uv":[98,108],"uv_size":[13,4]},"south":{"uv":[111,108],"uv_size":[0,4]},"west":{"uv":[98,108],"uv_size":[13,4]},"up":{"uv":[111,95],"uv_size":[0,13]},"down":{"uv":[111,108],"uv_size":[0,-13]}}},{"origin":[-68,110,-17],"size":[5,5,13],"uv":{"north":{"uv":[92,48],"uv_size":[5,5]},"east":{"uv":[79,48],"uv_size":[13,5]},"south":{"uv":[110,48],"uv_size":[5,5]},"west":{"uv":[97,48],"uv_size":[13,5]},"up":{"uv":[92,35],"uv_size":[5,13]},"down":{"uv":[97,48],"uv_size":[5,-13]}}},{"origin":[-63,115,-17],"size":[0,4,13],"pivot":[-63,115,-10.5],"rotation":[0,0,45],"uv":{"north":{"uv":[111,108],"uv_size":[0,4]},"east":{"uv":[98,108],"uv_size":[13,4]},"south":{"uv":[111,108],"uv_size":[0,4]},"west":{"uv":[98,108],"uv_size":[13,4]},"up":{"uv":[111,95],"uv_size":[0,13]},"down":{"uv":[111,108],"uv_size":[0,-13]}}},{"origin":[-63,110,-4],"size":[0,5,4],"pivot":[-63,112.5,-4],"rotation":[0,45,0],"uv":{"north":{"uv":[4,4],"uv_size":[0,5]},"east":{"uv":[0,4],"uv_size":[4,5]},"south":{"uv":[8,4],"uv_size":[0,5]},"west":{"uv":[0,4],"uv_size":[4,5]},"up":{"uv":[4,0],"uv_size":[0,4]},"down":{"uv":[4,4],"uv_size":[0,-4]}}},{"origin":[-63,110,-21],"size":[0,5,4],"pivot":[-63,112.5,-17],"rotation":[0,-45,0],"uv":{"north":{"uv":[4,4],"uv_size":[0,5]},"east":{"uv":[0,4],"uv_size":[4,5]},"south":{"uv":[8,4],"uv_size":[0,5]},"west":{"uv":[0,4],"uv_size":[4,5]},"up":{"uv":[4,0],"uv_size":[0,4]},"down":{"uv":[4,4],"uv_size":[0,-4]}}}]},{"name":"projector6","parent":"projectors","pivot":[-63,112.5,-38],"rotation":[0,0,32.5],"cubes":[{"origin":[-63,106,-38],"size":[0,4,13],"pivot":[-63,110,-31.5],"rotation":[0,0,-45],"uv":{"north":{"uv":[111,108],"uv_size":[0,4]},"east":{"uv":[98,108],"uv_size":[13,4]},"south":{"uv":[111,108],"uv_size":[0,4]},"west":{"uv":[98,108],"uv_size":[13,4]},"up":{"uv":[111,95],"uv_size":[0,13]},"down":{"uv":[111,108],"uv_size":[0,-13]}}},{"origin":[-68,110,-38],"size":[5,5,13],"uv":{"north":{"uv":[92,48],"uv_size":[5,5]},"east":{"uv":[79,48],"uv_size":[13,5]},"south":{"uv":[110,48],"uv_size":[5,5]},"west":{"uv":[97,48],"uv_size":[13,5]},"up":{"uv":[92,35],"uv_size":[5,13]},"down":{"uv":[97,48],"uv_size":[5,-13]}}},{"origin":[-63,115,-38],"size":[0,4,13],"pivot":[-63,115,-31.5],"rotation":[0,0,45],"uv":{"north":{"uv":[111,108],"uv_size":[0,4]},"east":{"uv":[98,108],"uv_size":[13,4]},"south":{"uv":[111,108],"uv_size":[0,4]},"west":{"uv":[98,108],"uv_size":[13,4]},"up":{"uv":[111,95],"uv_size":[0,13]},"down":{"uv":[111,108],"uv_size":[0,-13]}}},{"origin":[-63,110,-25],"size":[0,5,4],"pivot":[-63,112.5,-25],"rotation":[0,45,0],"uv":{"north":{"uv":[4,4],"uv_size":[0,5]},"east":{"uv":[0,4],"uv_size":[4,5]},"south":{"uv":[8,4],"uv_size":[0,5]},"west":{"uv":[0,4],"uv_size":[4,5]},"up":{"uv":[4,0],"uv_size":[0,4]},"down":{"uv":[4,4],"uv_size":[0,-4]}}},{"origin":[-63,110,-42],"size":[0,5,4],"pivot":[-63,112.5,-38],"rotation":[0,-45,0],"uv":{"north":{"uv":[4,4],"uv_size":[0,5]},"east":{"uv":[0,4],"uv_size":[4,5]},"south":{"uv":[8,4],"uv_size":[0,5]},"west":{"uv":[0,4],"uv_size":[4,5]},"up":{"uv":[4,0],"uv_size":[0,4]},"down":{"uv":[4,4],"uv_size":[0,-4]}}}]},{"name":"projector7","parent":"projectors","pivot":[-63,112.5,-59],"rotation":[0,0,32.5],"cubes":[{"origin":[-63,106,-59],"size":[0,4,13],"pivot":[-63,110,-52.5],"rotation":[0,0,-45],"uv":{"north":{"uv":[111,108],"uv_size":[0,4]},"east":{"uv":[98,108],"uv_size":[13,4]},"south":{"uv":[111,108],"uv_size":[0,4]},"west":{"uv":[98,108],"uv_size":[13,4]},"up":{"uv":[111,95],"uv_size":[0,13]},"down":{"uv":[111,108],"uv_size":[0,-13]}}},{"origin":[-68,110,-59],"size":[5,5,13],"uv":{"north":{"uv":[92,48],"uv_size":[5,5]},"east":{"uv":[79,48],"uv_size":[13,5]},"south":{"uv":[110,48],"uv_size":[5,5]},"west":{"uv":[97,48],"uv_size":[13,5]},"up":{"uv":[92,35],"uv_size":[5,13]},"down":{"uv":[97,48],"uv_size":[5,-13]}}},{"origin":[-63,115,-59],"size":[0,4,13],"pivot":[-63,115,-52.5],"rotation":[0,0,45],"uv":{"north":{"uv":[111,108],"uv_size":[0,4]},"east":{"uv":[98,108],"uv_size":[13,4]},"south":{"uv":[111,108],"uv_size":[0,4]},"west":{"uv":[98,108],"uv_size":[13,4]},"up":{"uv":[111,95],"uv_size":[0,13]},"down":{"uv":[111,108],"uv_size":[0,-13]}}},{"origin":[-63,110,-46],"size":[0,5,4],"pivot":[-63,112.5,-46],"rotation":[0,45,0],"uv":{"north":{"uv":[4,4],"uv_size":[0,5]},"east":{"uv":[0,4],"uv_size":[4,5]},"south":{"uv":[8,4],"uv_size":[0,5]},"west":{"uv":[0,4],"uv_size":[4,5]},"up":{"uv":[4,0],"uv_size":[0,4]},"down":{"uv":[4,4],"uv_size":[0,-4]}}},{"origin":[-63,110,-63],"size":[0,5,4],"pivot":[-63,112.5,-59],"rotation":[0,-45,0],"uv":{"north":{"uv":[4,4],"uv_size":[0,5]},"east":{"uv":[0,4],"uv_size":[4,5]},"south":{"uv":[8,4],"uv_size":[0,5]},"west":{"uv":[0,4],"uv_size":[4,5]},"up":{"uv":[4,0],"uv_size":[0,4]},"down":{"uv":[4,4],"uv_size":[0,-4]}}}]},{"name":"projector8","parent":"projectors","pivot":[-63,112.5,-80],"rotation":[0,0,32.5],"cubes":[{"origin":[-63,106,-80],"size":[0,4,13],"pivot":[-63,110,-73.5],"rotation":[0,0,-45],"uv":{"north":{"uv":[111,108],"uv_size":[0,4]},"east":{"uv":[98,108],"uv_size":[13,4]},"south":{"uv":[111,108],"uv_size":[0,4]},"west":{"uv":[98,108],"uv_size":[13,4]},"up":{"uv":[111,95],"uv_size":[0,13]},"down":{"uv":[111,108],"uv_size":[0,-13]}}},{"origin":[-68,110,-80],"size":[5,5,13],"uv":{"north":{"uv":[92,48],"uv_size":[5,5]},"east":{"uv":[79,48],"uv_size":[13,5]},"south":{"uv":[110,48],"uv_size":[5,5]},"west":{"uv":[97,48],"uv_size":[13,5]},"up":{"uv":[92,35],"uv_size":[5,13]},"down":{"uv":[97,48],"uv_size":[5,-13]}}},{"origin":[-63,115,-80],"size":[0,4,13],"pivot":[-63,115,-73.5],"rotation":[0,0,45],"uv":{"north":{"uv":[111,108],"uv_size":[0,4]},"east":{"uv":[98,108],"uv_size":[13,4]},"south":{"uv":[111,108],"uv_size":[0,4]},"west":{"uv":[98,108],"uv_size":[13,4]},"up":{"uv":[111,95],"uv_size":[0,13]},"down":{"uv":[111,108],"uv_size":[0,-13]}}},{"origin":[-63,110,-67],"size":[0,5,4],"pivot":[-63,112.5,-67],"rotation":[0,45,0],"uv":{"north":{"uv":[4,4],"uv_size":[0,5]},"east":{"uv":[0,4],"uv_size":[4,5]},"south":{"uv":[8,4],"uv_size":[0,5]},"west":{"uv":[0,4],"uv_size":[4,5]},"up":{"uv":[4,0],"uv_size":[0,4]},"down":{"uv":[4,4],"uv_size":[0,-4]}}},{"origin":[-63,110,-84],"size":[0,5,4],"pivot":[-63,112.5,-80],"rotation":[0,-45,0],"uv":{"north":{"uv":[4,4],"uv_size":[0,5]},"east":{"uv":[0,4],"uv_size":[4,5]},"south":{"uv":[8,4],"uv_size":[0,5]},"west":{"uv":[0,4],"uv_size":[4,5]},"up":{"uv":[4,0],"uv_size":[0,4]},"down":{"uv":[4,4],"uv_size":[0,-4]}}}]}]}]}