{"format_version":"1.12.0","minecraft:geometry":[{"description":{"identifier":"geometry.npccosmerio","texture_width":128,"texture_height":128,"visible_bounds_width":4,"visible_bounds_height":3.5,"visible_bounds_offset":[0,1.25,0]},"bones":[{"name":"bone7","pivot":[-1,11,2]},{"name":"player_root","parent":"bone7","pivot":[-0.32224,-0.97685,-0.05653]},{"name":"hip","parent":"player_root","pivot":[-0.0586,7.55777,-0.35805],"cubes":[{"origin":[-5.34752,6.02315,-3.08066],"size":[10,9,6],"uv":[33,34]}]},{"name":"waist","parent":"hip","pivot":[-0.34752,16.02315,-0.08066]},{"name":"chest","parent":"waist","pivot":[-0.34752,16.02315,-0.08066],"cubes":[{"origin":[-5.84752,12.82315,-3.88066],"size":[11,6,7],"pivot":[-0.34752,16.02315,-0.08066],"rotation":[10,0,0],"uv":[0,12]}]},{"name":"head","parent":"chest","pivot":[-0.34752,18.41234,-1.88911],"cubes":[{"origin":[-0.94752,21.12315,-6.28066],"size":[1.2,1.1,2.2],"uv":[0,26]},{"origin":[-4.34752,18.62315,-4.78066],"size":[8,8,8],"uv":[0,26]},{"origin":[-2.58425,15.99633,-5.38066],"size":[4.3,3.2,2],"pivot":[-0.13425,17.49633,-4.78066],"rotation":[-17.5,0,0],"uv":[65,0]}]},{"name":"hat","parent":"head","pivot":[0,20.4,-1.8]},{"name":"bone8","parent":"hat","pivot":[-0.8,28.4,-1.8],"cubes":[{"origin":[-5.3,23.92375,-5.32016],"size":[10,2,10],"inflate":0.3,"pivot":[-0.3,26.92834,-0.96784],"rotation":[-7.5,0,0],"uv":{"north":{"uv":[98,10],"uv_size":[10,2]},"east":{"uv":[88,10],"uv_size":[10,2]},"south":{"uv":[118,10],"uv_size":[10,2]},"west":{"uv":[108,10],"uv_size":[10,2]},"up":{"uv":[98,0],"uv_size":[10,10]},"down":{"uv":[108,10],"uv_size":[10,-10]}}},{"origin":[-4.1,25.92375,-4.02016],"size":[7.8,1.6,7.4],"inflate":0.3,"pivot":[-0.3,26.92834,-0.96784],"rotation":[-7.5,0,0],"uv":{"north":{"uv":[95,20],"uv_size":[7,1]},"east":{"uv":[88,20],"uv_size":[7,1]},"south":{"uv":[109,20],"uv_size":[7,1]},"west":{"uv":[102,20],"uv_size":[7,1]},"up":{"uv":[95,13],"uv_size":[7,7]},"down":{"uv":[102,20],"uv_size":[7,-7]}}}]},{"name":"bone15","parent":"hat","pivot":[0,-1.6,-1.8],"rotation":[0,-90,0]},{"name":"bone16","parent":"bone15","pivot":[1.86799,27.26399,-2.3],"rotation":[-180,-90,180],"cubes":[{"origin":[-2.90152,27.46771,-3.98639],"size":[5,4,4],"inflate":0.3,"pivot":[2.06799,26.92834,-1.27725],"rotation":[6.80423,3.1622,-24.81197],"uv":{"north":{"uv":[92,26],"uv_size":[5,4]},"east":{"uv":[88,26],"uv_size":[4,4]},"south":{"uv":[101,26],"uv_size":[5,4]},"west":{"uv":[97,26],"uv_size":[4,4]},"up":{"uv":[92,22],"uv_size":[5,4]},"down":{"uv":[97,26],"uv_size":[5,-4]}}},{"origin":[0.60555,31.45315,-3.48639],"size":[3,3,3],"inflate":0.3,"pivot":[2.06799,26.92834,-1.27725],"rotation":[3.76613,6.49053,-59.78638],"uv":{"north":{"uv":[113,16],"uv_size":[3,3]},"east":{"uv":[110,16],"uv_size":[3,3]},"south":{"uv":[119,16],"uv_size":[3,3]},"west":{"uv":[116,16],"uv_size":[3,3]},"up":{"uv":[113,13],"uv_size":[3,3]},"down":{"uv":[116,16],"uv_size":[3,-3]}}},{"origin":[8.26103,29.57174,-2.48639],"size":[1,3,1],"inflate":0.3,"pivot":[2.06799,26.92834,-1.27725],"rotation":[-4.04618,6.3202,-122.72348],"uv":{"north":{"uv":[89,6],"uv_size":[1,3]},"east":{"uv":[88,6],"uv_size":[1,3]},"south":{"uv":[91,6],"uv_size":[1,3]},"west":{"uv":[90,6],"uv_size":[1,3]},"up":{"uv":[89,5],"uv_size":[1,1]},"down":{"uv":[90,6],"uv_size":[1,-1]}}},{"origin":[7.76103,32.57174,-2.98639],"size":[2,2,2],"inflate":0.3,"pivot":[2.06799,26.92834,-1.27725],"rotation":[-4.04618,6.3202,-122.72348],"uv":{"north":{"uv":[90,2],"uv_size":[2,2]},"east":{"uv":[88,2],"uv_size":[2,2]},"south":{"uv":[94,2],"uv_size":[2,2]},"west":{"uv":[92,2],"uv_size":[2,2]},"up":{"uv":[90,0],"uv_size":[2,2]},"down":{"uv":[92,2],"uv_size":[2,-2]}}}]},{"name":"bone17","parent":"bone15","pivot":[1.86145,27.26399,-1.39345],"rotation":[180,90,180],"cubes":[{"origin":[-2.90807,27.46771,-3.70707],"size":[5,4,4],"inflate":0.3,"pivot":[2.06145,26.92834,-2.4162],"rotation":[-6.80423,-3.1622,-24.81197],"uv":{"north":{"uv":[92,26],"uv_size":[5,4]},"east":{"uv":[88,26],"uv_size":[4,4]},"south":{"uv":[101,26],"uv_size":[5,4]},"west":{"uv":[97,26],"uv_size":[4,4]},"up":{"uv":[92,22],"uv_size":[5,4]},"down":{"uv":[97,26],"uv_size":[5,-4]}}},{"origin":[0.59901,31.45315,-3.20707],"size":[3,3,3],"inflate":0.3,"pivot":[2.06145,26.92834,-2.4162],"rotation":[-3.76613,-6.49053,-59.78638],"uv":{"north":{"uv":[113,16],"uv_size":[3,3]},"east":{"uv":[110,16],"uv_size":[3,3]},"south":{"uv":[119,16],"uv_size":[3,3]},"west":{"uv":[116,16],"uv_size":[3,3]},"up":{"uv":[113,13],"uv_size":[3,3]},"down":{"uv":[116,16],"uv_size":[3,-3]}}},{"origin":[8.25448,29.57174,-2.20707],"size":[1,3,1],"inflate":0.3,"pivot":[2.06145,26.92834,-2.4162],"rotation":[4.04618,-6.3202,-122.72348],"uv":{"north":{"uv":[89,6],"uv_size":[1,3]},"east":{"uv":[88,6],"uv_size":[1,3]},"south":{"uv":[91,6],"uv_size":[1,3]},"west":{"uv":[90,6],"uv_size":[1,3]},"up":{"uv":[89,5],"uv_size":[1,1]},"down":{"uv":[90,6],"uv_size":[1,-1]}}},{"origin":[7.75448,32.57174,-2.70707],"size":[2,2,2],"inflate":0.3,"pivot":[2.06145,26.92834,-2.4162],"rotation":[4.04618,-6.3202,-122.72348],"uv":{"north":{"uv":[90,2],"uv_size":[2,2]},"east":{"uv":[88,2],"uv_size":[2,2]},"south":{"uv":[94,2],"uv_size":[2,2]},"west":{"uv":[92,2],"uv_size":[2,2]},"up":{"uv":[90,0],"uv_size":[2,2]},"down":{"uv":[92,2],"uv_size":[2,-2]}}}]},{"name":"bone11","parent":"head","pivot":[-0.37256,20.15393,-4.78066],"rotation":[180,0,2.5],"cubes":[{"origin":[-0.68425,18.69633,-5.78066],"size":[5.3,1.6,2],"pivot":[1.96575,20.44633,-4.78066],"rotation":[0,0,10],"uv":[35,0]},{"origin":[-5.36086,18.69633,-5.78066],"size":[5.3,1.6,2],"pivot":[-2.71086,20.44633,-4.78066],"rotation":[0,0,-10],"uv":[30,12]}]},{"name":"left_arm","parent":"chest","pivot":[2.65248,17.39815,0.91934]},{"name":"bone","parent":"left_arm","pivot":[4.15248,14.52315,0.91934],"cubes":[{"origin":[2.65248,8.02315,-2.08066],"size":[4,6,4],"uv":[54,50]},{"origin":[2.40248,11.52315,-2.33066],"size":[4.5,6.5,4.5],"uv":[0,54]}]},{"name":"right_arm","parent":"chest","pivot":[-3.34752,17.39815,0.91934]},{"name":"bone6","parent":"right_arm","pivot":[-4.84752,17.52315,0.91934],"cubes":[{"origin":[-7.34752,8.03091,-2.29617],"size":[4,9,4],"uv":[37,50]},{"origin":[-7.59752,11.53091,-2.54617],"size":[4.5,6.5,4.5],"uv":[54,13]}]},{"name":"bone10","parent":"bone6","pivot":[0,15,9],"rotation":[67.5,0,0]},{"name":"bone25","parent":"bone10","pivot":[3.61174,14.5222,11.82884],"cubes":[{"origin":[-6.62826,14.5222,-1.48316],"size":[1.024,14.336,1.024],"uv":[17,62]},{"origin":[-7.14026,27.8342,-1.99516],"size":[2.048,2.048,2.048],"uv":[0,0]}]},{"name":"hat2","parent":"bone10","pivot":[-1.2,16.1,3.6]},{"name":"bone18","parent":"hat2","pivot":[0.4368,27.6236,5.8858],"cubes":[{"origin":[-7.262,29.2542,-1.8318],"size":[2.31034,0.11386,2.31034],"inflate":0.3,"pivot":[-3.49852,32.73982,2.12536],"rotation":[-7.5,0,0],"uv":{"north":{"uv":[98,10],"uv_size":[10,2]},"east":{"uv":[88,10],"uv_size":[10,2]},"south":{"uv":[118,10],"uv_size":[10,2]},"west":{"uv":[108,10],"uv_size":[10,2]},"up":{"uv":[98,0],"uv_size":[10,10]},"down":{"uv":[108,10],"uv_size":[10,-10]}}},{"origin":[-6.93253,29.80332,-1.47487],"size":[1.7063,0.00403,1.59648],"inflate":0.3,"pivot":[-3.49852,32.73982,2.12536],"rotation":[-7.5,0,0],"uv":{"north":{"uv":[95,20],"uv_size":[7,1]},"east":{"uv":[88,20],"uv_size":[7,1]},"south":{"uv":[109,20],"uv_size":[7,1]},"west":{"uv":[102,20],"uv_size":[7,1]},"up":{"uv":[95,13],"uv_size":[7,7]},"down":{"uv":[102,20],"uv_size":[7,-7]}}}]},{"name":"bone22","parent":"hat2","pivot":[1.68,14.7536,6.7858],"rotation":[0,-90,0]},{"name":"bone24","parent":"bone22","pivot":[1.70636,29.96326,9.4456],"rotation":[180,90,180],"cubes":[{"origin":[-5.60654,31.59923,1.59416],"size":[0.93754,0.66298,0.66298],"inflate":0.3,"pivot":[-0.87937,32.73982,4.71076],"rotation":[-6.80423,-3.1622,-24.81197],"uv":{"north":{"uv":[92,26],"uv_size":[5,4]},"east":{"uv":[88,26],"uv_size":[4,4]},"south":{"uv":[101,26],"uv_size":[5,4]},"west":{"uv":[97,26],"uv_size":[4,4]},"up":{"uv":[92,22],"uv_size":[5,4]},"down":{"uv":[97,26],"uv_size":[5,-4]}}},{"origin":[-4.86012,35.0195,1.73144],"size":[0.38842,0.38842,0.38842],"inflate":0.3,"pivot":[-0.87937,32.73982,4.71076],"rotation":[-3.76613,-6.49053,-59.78638],"uv":{"north":{"uv":[113,16],"uv_size":[3,3]},"east":{"uv":[110,16],"uv_size":[3,3]},"south":{"uv":[119,16],"uv_size":[3,3]},"west":{"uv":[116,16],"uv_size":[3,3]},"up":{"uv":[113,13],"uv_size":[3,3]},"down":{"uv":[116,16],"uv_size":[3,-3]}}},{"origin":[0.01252,37.42958,2.006],"size":[-0.1607,0.38842,-0.1607],"inflate":0.3,"pivot":[-0.87937,32.73982,4.71076],"rotation":[4.04618,-6.3202,-122.72348],"uv":{"north":{"uv":[89,6],"uv_size":[1,3]},"east":{"uv":[88,6],"uv_size":[1,3]},"south":{"uv":[91,6],"uv_size":[1,3]},"west":{"uv":[90,6],"uv_size":[1,3]},"up":{"uv":[89,5],"uv_size":[1,1]},"down":{"uv":[90,6],"uv_size":[1,-1]}}},{"origin":[-0.12476,38.25326,1.86872],"size":[0.11386,0.11386,0.11386],"inflate":0.3,"pivot":[-0.87937,32.73982,4.71076],"rotation":[4.04618,-6.3202,-122.72348],"uv":{"north":{"uv":[90,2],"uv_size":[2,2]},"east":{"uv":[88,2],"uv_size":[2,2]},"south":{"uv":[94,2],"uv_size":[2,2]},"west":{"uv":[92,2],"uv_size":[2,2]},"up":{"uv":[90,0],"uv_size":[2,2]},"down":{"uv":[92,2],"uv_size":[2,-2]}}}]},{"name":"bone19","parent":"bone22","pivot":[1.70636,29.96326,19.6544],"rotation":[-180,-90,180],"cubes":[{"origin":[-5.60654,31.59923,26.84287],"size":[0.93754,0.66298,0.66298],"inflate":0.3,"pivot":[-0.87937,32.73982,24.38924],"rotation":[6.80423,3.1622,-24.81197],"uv":{"north":{"uv":[106,26],"uv_size":[-5,4]},"east":{"uv":[92,26],"uv_size":[-4,4]},"south":{"uv":[97,26],"uv_size":[-5,4]},"west":{"uv":[101,26],"uv_size":[-4,4]},"up":{"uv":[92,26],"uv_size":[5,-4]},"down":{"uv":[97,22],"uv_size":[5,4]}}},{"origin":[-4.86012,35.0195,26.98015],"size":[0.38842,0.38842,0.38842],"inflate":0.3,"pivot":[-0.87937,32.73982,24.38924],"rotation":[3.76613,6.49053,-59.78638],"uv":{"north":{"uv":[122,16],"uv_size":[-3,3]},"east":{"uv":[113,16],"uv_size":[-3,3]},"south":{"uv":[116,16],"uv_size":[-3,3]},"west":{"uv":[119,16],"uv_size":[-3,3]},"up":{"uv":[113,16],"uv_size":[3,-3]},"down":{"uv":[116,13],"uv_size":[3,3]}}},{"origin":[0.01252,37.42958,27.25471],"size":[-0.1607,0.38842,-0.1607],"inflate":0.3,"pivot":[-0.87937,32.73982,24.38924],"rotation":[-4.04618,6.3202,-122.72348],"uv":{"north":{"uv":[92,6],"uv_size":[-1,3]},"east":{"uv":[89,6],"uv_size":[-1,3]},"south":{"uv":[90,6],"uv_size":[-1,3]},"west":{"uv":[91,6],"uv_size":[-1,3]},"up":{"uv":[89,6],"uv_size":[1,-1]},"down":{"uv":[90,5],"uv_size":[1,1]}}},{"origin":[-0.12476,38.25326,27.11743],"size":[0.11386,0.11386,0.11386],"inflate":0.3,"pivot":[-0.87937,32.73982,24.38924],"rotation":[-4.04618,6.3202,-122.72348],"uv":{"north":{"uv":[96,2],"uv_size":[-2,2]},"east":{"uv":[90,2],"uv_size":[-2,2]},"south":{"uv":[92,2],"uv_size":[-2,2]},"west":{"uv":[94,2],"uv_size":[-2,2]},"up":{"uv":[90,2],"uv_size":[2,-2]},"down":{"uv":[92,0],"uv_size":[2,2]}}}]},{"name":"right_leg","parent":"player_root","pivot":[-3.32224,11.02601,-0.18739],"cubes":[{"origin":[-4.82224,3.02601,-2.68739],"size":[4,7,5],"uv":[45,0]}]},{"name":"bone4","parent":"right_leg","pivot":[-3.32224,7.02601,-2.18739],"cubes":[{"origin":[-4.32224,2.02601,-1.18739],"size":[3,2,3],"uv":[22,62]},{"origin":[-4.32224,0.02601,-2.18739],"size":[3,2,4],"uv":[60,30]}]},{"name":"left_leg","parent":"player_root","pivot":[2.67776,11.02601,-0.18739],"cubes":[{"origin":[0.17776,3.02601,-2.68739],"size":[4,7,5],"uv":[18,49]}]},{"name":"bone5","parent":"left_leg","pivot":[2.67776,7.02601,-2.18739],"cubes":[{"origin":[0.67776,2.02601,-1.18739],"size":[3,2,3],"uv":[62,24]},{"origin":[0.67776,0.02601,-2.18739],"size":[3,2,4],"uv":[50,61]}]}]}]}