{"format_version":"1.12.0","minecraft:geometry":[{"description":{"identifier":"geometry.npcguitare","texture_width":128,"texture_height":128,"visible_bounds_width":3,"visible_bounds_height":3.5,"visible_bounds_offset":[0,1.25,0]},"bones":[{"name":"player_root","pivot":[0,0,0]},{"name":"hip","parent":"player_root","pivot":[0,11.25,0],"cubes":[{"origin":[-3.75,11.25,-1.875],"size":[7.5,3.75,3.75],"uv":{"north":{"uv":[20,92],"uv_size":[8,4]},"east":{"uv":[16,92],"uv_size":[4,4]},"south":{"uv":[32,92],"uv_size":[8,4]},"west":{"uv":[28,92],"uv_size":[4,4]},"up":{"uv":[20,88],"uv_size":[8,4]},"down":{"uv":[28,84],"uv_size":[8,-4]}}},{"origin":[-3.73438,11.26563,-1.85937],"size":[7.46875,3.71875,3.71875],"inflate":0.25,"uv":{"north":{"uv":[20,108],"uv_size":[8,4]},"east":{"uv":[16,108],"uv_size":[4,4]},"south":{"uv":[32,108],"uv_size":[8,4]},"west":{"uv":[28,108],"uv_size":[4,4]},"up":{"uv":[0,64],"uv_size":[8,4]},"down":{"uv":[28,100],"uv_size":[8,-4]}}}]},{"name":"waist","parent":"hip","pivot":[0,15,0],"cubes":[{"origin":[-3.75,15,-1.875],"size":[7.5,3.75,3.75],"uv":{"north":{"uv":[20,88],"uv_size":[8,4]},"east":{"uv":[16,88],"uv_size":[4,4]},"south":{"uv":[32,88],"uv_size":[8,4]},"west":{"uv":[28,88],"uv_size":[4,4]},"up":{"uv":[20,84],"uv_size":[8,4]},"down":{"uv":[20,96],"uv_size":[8,-4]}}},{"origin":[-3.73438,15.01563,-1.85937],"size":[7.46875,3.71875,3.71875],"inflate":0.25,"uv":{"north":{"uv":[20,104],"uv_size":[8,4]},"east":{"uv":[16,104],"uv_size":[4,4]},"south":{"uv":[32,104],"uv_size":[8,4]},"west":{"uv":[28,104],"uv_size":[4,4]},"up":{"uv":[0,64],"uv_size":[8,4]},"down":{"uv":[0,68],"uv_size":[8,-4]}}}]},{"name":"chest","parent":"waist","pivot":[0,18.75,0],"cubes":[{"origin":[-3.75,18.75,-1.875],"size":[7.5,3.75,3.75],"uv":{"north":{"uv":[20,84],"uv_size":[8,4]},"east":{"uv":[16,84],"uv_size":[4,4]},"south":{"uv":[32,84],"uv_size":[8,4]},"west":{"uv":[28,84],"uv_size":[4,4]},"up":{"uv":[20,80],"uv_size":[8,4]},"down":{"uv":[20,92],"uv_size":[8,-4]}}},{"origin":[-3.73438,18.76563,-1.85937],"size":[7.46875,3.71875,3.71875],"inflate":0.25,"uv":{"north":{"uv":[20,100],"uv_size":[8,4]},"east":{"uv":[16,100],"uv_size":[4,4]},"south":{"uv":[32,100],"uv_size":[8,4]},"west":{"uv":[28,100],"uv_size":[4,4]},"up":{"uv":[20,96],"uv_size":[8,4]},"down":{"uv":[0,68],"uv_size":[8,-4]}}}]},{"name":"head","parent":"chest","pivot":[0,22.5,0],"cubes":[{"origin":[-3.75,22.5,-3.75],"size":[7.5,7.5,7.5],"uv":{"north":{"uv":[8,72],"uv_size":[8,8]},"east":{"uv":[0,72],"uv_size":[8,8]},"south":{"uv":[24,72],"uv_size":[8,8]},"west":{"uv":[16,72],"uv_size":[8,8]},"up":{"uv":[8,64],"uv_size":[8,8]},"down":{"uv":[16,72],"uv_size":[8,-8]}}},{"origin":[-3.73438,22.51563,-3.73437],"size":[7.46875,7.46875,7.46875],"inflate":0.5,"uv":{"north":{"uv":[40,72],"uv_size":[8,8]},"east":{"uv":[32,72],"uv_size":[8,8]},"south":{"uv":[56,72],"uv_size":[8,8]},"west":{"uv":[48,72],"uv_size":[8,8]},"up":{"uv":[40,64],"uv_size":[8,8]},"down":{"uv":[48,72],"uv_size":[8,-8]}}}]},{"name":"right_arm","parent":"chest","pivot":[-5,21,0],"cubes":[{"origin":[-7.5,16.875,-1.875],"size":[3.75,5.625,3.75],"uv":{"north":{"uv":[44,84.1],"uv_size":[4,6]},"east":{"uv":[40,84],"uv_size":[4,6]},"south":{"uv":[52,84],"uv_size":[4,6]},"west":{"uv":[48,84],"uv_size":[4,6]},"up":{"uv":[44,80.1],"uv_size":[4,4]},"down":{"uv":[44,94.1],"uv_size":[4,-4]}}},{"origin":[-7.48438,16.89063,-1.85937],"size":[3.71875,5.59375,3.71875],"inflate":0.25,"uv":{"north":{"uv":[44,100],"uv_size":[4,6]},"east":{"uv":[40,100],"uv_size":[4,6]},"south":{"uv":[52,100],"uv_size":[4,6]},"west":{"uv":[48,100],"uv_size":[4,6]},"up":{"uv":[44,96],"uv_size":[4,4]},"down":{"uv":[52,100],"uv_size":[4,-4]}}}]},{"name":"right_forearm","parent":"right_arm","pivot":[-5.625,16.875,0],"cubes":[{"origin":[-7.5,11.25,-1.875],"size":[3.75,5.625,3.75],"uv":{"north":{"uv":[44,90],"uv_size":[4,6]},"east":{"uv":[40,90],"uv_size":[4,6]},"south":{"uv":[52,90],"uv_size":[4,6]},"west":{"uv":[48,90],"uv_size":[4,6]},"up":{"uv":[44,86],"uv_size":[4,4]},"down":{"uv":[48,84],"uv_size":[4,-4]}}},{"origin":[-7.48438,11.26563,-1.85937],"size":[3.71875,5.59375,3.71875],"inflate":0.25,"uv":{"north":{"uv":[44,106],"uv_size":[4,6]},"east":{"uv":[40,106],"uv_size":[4,6]},"south":{"uv":[52,106],"uv_size":[4,6]},"west":{"uv":[48,106],"uv_size":[4,6]},"up":{"uv":[40,96],"uv_size":[4,4]},"down":{"uv":[48,100],"uv_size":[4,-4]}}}]},{"name":"left_arm","parent":"chest","pivot":[5,21,0],"cubes":[{"origin":[3.75,16.875,-1.875],"size":[3.75,5.625,3.75],"uv":{"north":{"uv":[36,116],"uv_size":[4,6]},"east":{"uv":[32,116],"uv_size":[4,6]},"south":{"uv":[44,116],"uv_size":[4,6]},"west":{"uv":[40,116],"uv_size":[4,6]},"up":{"uv":[36,112],"uv_size":[4,4]},"down":{"uv":[36,126],"uv_size":[4,-4]}}},{"origin":[3.76562,16.89063,-1.85937],"size":[3.71875,5.59375,3.71875],"inflate":0.25,"uv":{"north":{"uv":[52,116],"uv_size":[4,6]},"east":{"uv":[48,116],"uv_size":[4,6]},"south":{"uv":[60,116],"uv_size":[4,6]},"west":{"uv":[56,116],"uv_size":[4,6]},"up":{"uv":[52,112],"uv_size":[4,4]},"down":{"uv":[60,116],"uv_size":[4,-4]}}}]},{"name":"left_forearm","parent":"left_arm","pivot":[5.625,16.875,0],"cubes":[{"origin":[3.75,11.25,-1.875],"size":[3.75,5.625,3.75],"uv":{"north":{"uv":[36,122],"uv_size":[4,6]},"east":{"uv":[32,122],"uv_size":[4,6]},"south":{"uv":[44,122],"uv_size":[4,6]},"west":{"uv":[40,122],"uv_size":[4,6]},"up":{"uv":[36,118],"uv_size":[4,4]},"down":{"uv":[40,116],"uv_size":[4,-4]}}},{"origin":[3.76562,11.26563,-1.85937],"size":[3.71875,5.59375,3.71875],"inflate":0.25,"uv":{"north":{"uv":[52,122],"uv_size":[4,6]},"east":{"uv":[48,122],"uv_size":[4,6]},"south":{"uv":[60,122],"uv_size":[4,6]},"west":{"uv":[56,122],"uv_size":[4,6]},"up":{"uv":[48,112],"uv_size":[4,4]},"down":{"uv":[56,116],"uv_size":[4,-4]}}}]},{"name":"jacket","parent":"waist","pivot":[0,22.5,0],"cubes":[{"origin":[-4,10.5,-2],"size":[8,12,4],"inflate":0.2,"uv":[75,96]}]},{"name":"bone","parent":"jacket","pivot":[1,14,-3.38571],"rotation":[0,0,-42.5],"cubes":[{"origin":[-10,8.5,-4.6],"size":[7,11,3],"uv":[108,96]},{"origin":[-11,10.5,-4.6],"size":[1,7,3],"uv":[84,113]},{"origin":[3,13,-4.6],"size":[10,2,1],"uv":[106,92]},{"origin":[13,12.5,-4.6],"size":[4,3,1],"uv":[82,124]},{"origin":[-3,10.5,-4.6],"size":[2,7,3],"uv":[97,94]},{"origin":[2,10.5,-4.6],"size":[1,7,3],"uv":[97,105]},{"origin":[-1,9.5,-4.6],"size":[3,9,3],"uv":[93,116]}]},{"name":"right_leg","parent":"player_root","pivot":[-1.875,11.25,0],"cubes":[{"origin":[-3.75,5.625,-1.875],"size":[3.75,5.625,3.75],"uv":{"north":{"uv":[4,84],"uv_size":[4,6]},"east":{"uv":[0,84],"uv_size":[4,6]},"south":{"uv":[12,84],"uv_size":[4,6]},"west":{"uv":[8,84],"uv_size":[4,6]},"up":{"uv":[4,80],"uv_size":[4,4]},"down":{"uv":[4,94],"uv_size":[4,-4]}}},{"origin":[-3.73438,5.64063,-1.85937],"size":[3.71875,5.59375,3.71875],"inflate":0.25,"uv":{"north":{"uv":[4,100],"uv_size":[4,6]},"east":{"uv":[0,100],"uv_size":[4,6]},"south":{"uv":[12,100],"uv_size":[4,6]},"west":{"uv":[8,100],"uv_size":[4,6]},"up":{"uv":[4,96],"uv_size":[4,4]},"down":{"uv":[12,100],"uv_size":[4,-4]}}}]},{"name":"right_foreleg","parent":"right_leg","pivot":[-1.875,5.625,0],"cubes":[{"origin":[-3.75,0,-1.875],"size":[3.75,5.625,3.75],"uv":{"north":{"uv":[4,90],"uv_size":[4,6]},"east":{"uv":[0,90],"uv_size":[4,6]},"south":{"uv":[12,90],"uv_size":[4,6]},"west":{"uv":[8,90],"uv_size":[4,6]},"up":{"uv":[4,86],"uv_size":[4,4]},"down":{"uv":[8,84],"uv_size":[4,-4]}}},{"origin":[-3.73438,0.01563,-1.85937],"size":[3.71875,5.59375,3.71875],"inflate":0.25,"uv":{"north":{"uv":[4,106],"uv_size":[4,6]},"east":{"uv":[0,106],"uv_size":[4,6]},"south":{"uv":[12,106],"uv_size":[4,6]},"west":{"uv":[8,106],"uv_size":[4,6]},"up":{"uv":[0,96],"uv_size":[4,4]},"down":{"uv":[8,100],"uv_size":[4,-4]}}}]},{"name":"left_leg","parent":"player_root","pivot":[1.875,11.25,0],"cubes":[{"origin":[0,5.625,-1.875],"size":[3.75,5.625,3.75],"uv":{"north":{"uv":[20,116],"uv_size":[4,6]},"east":{"uv":[16,116],"uv_size":[4,6]},"south":{"uv":[28,116],"uv_size":[4,6]},"west":{"uv":[24,116],"uv_size":[4,6]},"up":{"uv":[20,112],"uv_size":[4,4]},"down":{"uv":[20,126],"uv_size":[4,-4]}}},{"origin":[0.01562,5.64063,-1.85937],"size":[3.71875,5.59375,3.71875],"inflate":0.25,"uv":{"north":{"uv":[4,116],"uv_size":[4,6]},"east":{"uv":[0,116],"uv_size":[4,6]},"south":{"uv":[12,116],"uv_size":[4,6]},"west":{"uv":[8,116],"uv_size":[4,6]},"up":{"uv":[4,112],"uv_size":[4,4]},"down":{"uv":[12,116],"uv_size":[4,-4]}}}]},{"name":"left_foreleg","parent":"left_leg","pivot":[1.875,5.625,0],"cubes":[{"origin":[0,0,-1.875],"size":[3.75,5.625,3.75],"uv":{"north":{"uv":[20,122],"uv_size":[4,6]},"east":{"uv":[16,122],"uv_size":[4,6]},"south":{"uv":[28,122],"uv_size":[4,6]},"west":{"uv":[24,122],"uv_size":[4,6]},"up":{"uv":[20,118],"uv_size":[4,4]},"down":{"uv":[24,116],"uv_size":[4,-4]}}},{"origin":[0.01562,0.01563,-1.85938],"size":[3.71875,5.59375,3.71875],"inflate":0.25,"uv":{"north":{"uv":[4,122],"uv_size":[4,6]},"east":{"uv":[0,122],"uv_size":[4,6]},"south":{"uv":[12,122],"uv_size":[4,6]},"west":{"uv":[8,122],"uv_size":[4,6]},"up":{"uv":[0,112],"uv_size":[4,4]},"down":{"uv":[8,116],"uv_size":[4,-4]}}}]}]}]}