{"format_version":"1.12.0","minecraft:geometry":[{"description":{"identifier":"geometry.npcpierre","texture_width":128,"texture_height":128,"visible_bounds_width":6,"visible_bounds_height":5.5,"visible_bounds_offset":[0,2.25,0]},"bones":[{"name":"bone","pivot":[0,0,0]},{"name":"player_root","parent":"bone","pivot":[0,-7.6,0]},{"name":"hip","parent":"player_root","pivot":[0,8.9625,-0.625]},{"name":"waist","parent":"hip","pivot":[0,11.275,-0.625],"rotation":[-7.5,0,0],"cubes":[{"origin":[-5.1875,10.275,-2.96875],"size":[10.375,5.9375,5.1875],"uv":{"north":{"uv":[31,28],"uv_size":[9,4]},"east":{"uv":[27,28],"uv_size":[4,4]},"south":{"uv":[44,28],"uv_size":[9,4]},"west":{"uv":[40,28],"uv_size":[4,4]},"up":{"uv":[31,24],"uv_size":[9,4]},"down":{"uv":[40,28],"uv_size":[9,-4]}}},{"origin":[-5.1875,11.875,-2.96875],"size":[10.375,0.9375,5.1875],"inflate":0.4,"uv":{"north":{"uv":[31,30],"uv_size":[9,1]},"east":{"uv":[27,30],"uv_size":[4,1]},"south":{"uv":[44,30],"uv_size":[9,1]},"west":{"uv":[40,30],"uv_size":[4,1]},"up":{"uv":[44,30],"uv_size":[9,1]},"down":{"uv":[44,31],"uv_size":[9,-1]}}}]},{"name":"chest","parent":"waist","pivot":[0,17.5875,-0.125],"rotation":[15,0,0],"cubes":[{"origin":[-7.1875,15.3375,-3.71875],"size":[14.375,8.4375,5.9375],"uv":{"north":{"uv":[4,21],"uv_size":[11,6]},"east":{"uv":[0,21],"uv_size":[4,6]},"south":{"uv":[19,21],"uv_size":[11,6]},"west":{"uv":[15,21],"uv_size":[4,6]},"up":{"uv":[4,17],"uv_size":[11,4]},"down":{"uv":[15,21],"uv_size":[11,-4]}}}]},{"name":"right_arm","parent":"chest","pivot":[-8.5,19.15,-0.125],"rotation":[-27.5,0,0],"cubes":[{"origin":[-10.6875,15.49375,-2.46875],"size":[3.75,7.03125,3.75],"uv":{"north":{"uv":[34,45],"uv_size":[3,5]},"east":{"uv":[31,45],"uv_size":[3,5]},"south":{"uv":[40,45],"uv_size":[3,5]},"west":{"uv":[37,45],"uv_size":[3,5]},"up":{"uv":[34,42],"uv_size":[3,3]},"down":{"uv":[37,45],"uv_size":[3,-3]}}}]},{"name":"right_forearm","parent":"right_arm","pivot":[-9.28125,13.99375,-0.125],"cubes":[{"origin":[-10.6875,8.4625,-2.46875],"size":[3.75,7.03125,3.75],"uv":{"north":{"uv":[3,42],"uv_size":[3,5]},"east":{"uv":[0,42],"uv_size":[3,5]},"south":{"uv":[9,42],"uv_size":[3,5]},"west":{"uv":[6,42],"uv_size":[3,5]},"up":{"uv":[3,39],"uv_size":[3,3]},"down":{"uv":[6,42],"uv_size":[3,-3]}}},{"origin":[-10.6875,10.0625,-2.46875],"size":[3.75,3.03125,3.75],"inflate":0.3,"uv":{"north":{"uv":[3,44],"uv_size":[3,2]},"east":{"uv":[0,44],"uv_size":[3,2]},"south":{"uv":[9,44],"uv_size":[3,2]},"west":{"uv":[6,44],"uv_size":[3,2]},"up":{"uv":[3,39],"uv_size":[3,3]},"down":{"uv":[3,42],"uv_size":[3,-3]}}}]},{"name":"left_arm","parent":"chest","pivot":[8.875,19.15,-1.125],"rotation":[-47.5,0,0],"cubes":[{"origin":[7,16.74375,-3.46875],"size":[3.75,6.25,3.75],"uv":{"north":{"uv":[24,36],"uv_size":[3,5]},"east":{"uv":[21,36],"uv_size":[3,5]},"south":{"uv":[30,36],"uv_size":[3,5]},"west":{"uv":[27,36],"uv_size":[3,5]},"up":{"uv":[24,33],"uv_size":[3,3]},"down":{"uv":[27,36],"uv_size":[3,-3]}}}]},{"name":"left_forearm","parent":"left_arm","pivot":[9.90625,12.97813,-1.625],"cubes":[{"origin":[7.25,10.9625,-3.96875],"size":[3.75,7.03125,3.75],"pivot":[9.32031,16.82187,-1.625],"rotation":[-47.5,0,0],"uv":{"north":{"uv":[37,36],"uv_size":[3,5]},"east":{"uv":[34,36],"uv_size":[3,5]},"south":{"uv":[43,36],"uv_size":[3,5]},"west":{"uv":[40,36],"uv_size":[3,5]},"up":{"uv":[37,33],"uv_size":[3,3]},"down":{"uv":[40,36],"uv_size":[3,-3]}}},{"origin":[7.25,11.9625,-3.96875],"size":[3.75,3.03125,3.75],"inflate":0.25,"pivot":[9.32031,16.82187,-1.625],"rotation":[-47.5,0,0],"uv":{"north":{"uv":[37,38],"uv_size":[3,2]},"east":{"uv":[34,38],"uv_size":[3,2]},"south":{"uv":[43,38],"uv_size":[3,2]},"west":{"uv":[40,38],"uv_size":[3,2]},"up":{"uv":[37,33],"uv_size":[3,3]},"down":{"uv":[37,36],"uv_size":[3,-3]}}}]},{"name":"bone2","parent":"left_forearm","pivot":[9.75577,15.4343,-9.76118],"rotation":[26.16975,-10.0698,-52.0094]},{"name":"bone3","parent":"bone2","pivot":[9.75577,15.4343,-9.76118],"cubes":[{"origin":[0.04086,14.73473,-10.25571],"size":[16.25,1.25,1.25],"pivot":[11.55023,17.23742,-9.67715],"rotation":[-122.72138,41.00566,-67.69689],"uv":{"north":{"uv":[101,111],"uv_size":[13,1]},"east":{"uv":[100,111],"uv_size":[1,1]},"south":{"uv":[115,111],"uv_size":[13,1]},"west":{"uv":[114,111],"uv_size":[1,1]},"up":{"uv":[101,110],"uv_size":[13,1]},"down":{"uv":[114,111],"uv_size":[13,-1]}}},{"origin":[0.04086,14.42223,-10.56821],"size":[16.25,1.875,1.875],"pivot":[11.55023,17.23742,-9.67715],"rotation":[-122.72138,41.00566,-67.69689],"uv":{"north":{"uv":[101,116],"uv_size":[13,1]},"east":{"uv":[100,116],"uv_size":[1,1]},"south":{"uv":[115,116],"uv_size":[13,1]},"west":{"uv":[114,116],"uv_size":[1,1]},"up":{"uv":[101,115],"uv_size":[13,1]},"down":{"uv":[114,116],"uv_size":[13,-1]}}},{"origin":[11.29086,13.48473,-10.88071],"size":[3.75,3.75,2.5],"pivot":[11.55023,17.23742,-9.67715],"rotation":[-122.72138,41.00566,-67.69689],"uv":{"north":{"uv":[94,92],"uv_size":[3,3]},"east":{"uv":[92,92],"uv_size":[2,3]},"south":{"uv":[99,92],"uv_size":[3,3]},"west":{"uv":[97,92],"uv_size":[2,3]},"up":{"uv":[94,90],"uv_size":[3,2]},"down":{"uv":[97,92],"uv_size":[3,-2]}}}]},{"name":"bone6","parent":"bone3","pivot":[26.90981,43.38854,5.09921],"cubes":[{"origin":[13.44519,20.55313,-9.63071],"size":[2.5,2.5,0],"pivot":[11.55023,17.23742,-9.67715],"rotation":[-114.07753,0.86072,-45.22236],"uv":{"north":{"uv":[117,121],"uv_size":[2,2]},"east":{"uv":[117,121],"uv_size":[0,2]},"south":{"uv":[119,121],"uv_size":[2,2]},"west":{"uv":[119,121],"uv_size":[0,2]},"up":{"uv":[117,121],"uv_size":[2,0]},"down":{"uv":[119,121],"uv_size":[2,0]}}},{"origin":[11.88137,15.92503,-10.25571],"size":[2.5,6.25,1.25],"pivot":[11.55023,17.23742,-9.67715],"rotation":[-116.93624,25.77579,-57.29755],"uv":{"north":{"uv":[109,123],"uv_size":[2,5]},"east":{"uv":[108,123],"uv_size":[1,5]},"south":{"uv":[112,123],"uv_size":[2,5]},"west":{"uv":[111,123],"uv_size":[1,5]},"up":{"uv":[109,122],"uv_size":[2,1]},"down":{"uv":[111,123],"uv_size":[2,-1]}}}]},{"name":"bone7","parent":"bone6","pivot":[26.90981,44.63854,5.09921],"cubes":[{"origin":[3.50861,12.44235,-14.88277],"size":[2.5,2.5,0],"pivot":[4.75861,13.69235,-14.88277],"rotation":[114.21501,5.9847,137.84689],"uv":{"north":{"uv":[117,121],"uv_size":[2,2]},"east":{"uv":[117,121],"uv_size":[0,2]},"south":{"uv":[119,121],"uv_size":[2,2]},"west":{"uv":[119,121],"uv_size":[0,2]},"up":{"uv":[117,121],"uv_size":[2,0]},"down":{"uv":[119,121],"uv_size":[2,0]}}},{"origin":[13.01064,8.71824,-10.25571],"size":[2.5,6.25,1.25],"pivot":[11.55023,17.23742,-9.67715],"rotation":[-134.98067,54.75388,-84.05668],"uv":{"north":{"uv":[105,96],"uv_size":[2,5]},"east":{"uv":[104,96],"uv_size":[1,5]},"south":{"uv":[108,96],"uv_size":[2,5]},"west":{"uv":[107,96],"uv_size":[1,5]},"up":{"uv":[105,95],"uv_size":[2,1]},"down":{"uv":[107,96],"uv_size":[2,-1]}}}]},{"name":"head","parent":"chest","pivot":[0.09,24.22311,-3.36897],"rotation":[-7.5,0,0],"cubes":[{"origin":[-4.2732,24.09015,-5.40048],"size":[8.64,8.64,8.64],"uv":{"north":{"uv":[8,8],"uv_size":[8,8]},"east":{"uv":[0,8],"uv_size":[8,8]},"south":{"uv":[24,8],"uv_size":[8,8]},"west":{"uv":[16,8],"uv_size":[8,8]},"up":{"uv":[8,0],"uv_size":[8,8]},"down":{"uv":[16,8],"uv_size":[8,-8]}}},{"origin":[-4.2732,27.09015,-6.40048],"size":[3.64,1.64,1.64],"pivot":[-2.4532,27.91015,-5.58048],"rotation":[0,0,-2.5],"uv":[83,0]},{"origin":[0.7268,27.09015,-6.40048],"size":[3.64,1.64,1.64],"pivot":[2.5468,27.91015,-5.58048],"rotation":[0,0,2.5],"uv":[83,0]},{"origin":[-2.1132,21.93015,-3.24048],"size":[4.32,2.16,4.32],"uv":{"north":{"uv":[57,4],"uv_size":[4,2]},"east":{"uv":[53,4],"uv_size":[4,2]},"south":{"uv":[65,4],"uv_size":[4,2]},"west":{"uv":[61,4],"uv_size":[4,2]},"up":{"uv":[57,0],"uv_size":[4,4]},"down":{"uv":[61,4],"uv_size":[4,-4]}}},{"origin":[-0.4932,24.52215,-6.48048],"size":[1.08,1.08,1.08],"uv":{"north":{"uv":[1,1],"uv_size":[1,1]},"east":{"uv":[0,1],"uv_size":[1,1]},"south":{"uv":[3,1],"uv_size":[1,1]},"west":{"uv":[2,1],"uv_size":[1,1]},"up":{"uv":[1,0],"uv_size":[1,1]},"down":{"uv":[2,1],"uv_size":[1,-1]}}}]},{"name":"hat","parent":"head","pivot":[0,27.752,-1.048]},{"name":"mineur","parent":"hat","pivot":[-0.0072,30.60912,-2.89744],"cubes":[{"origin":[-6.5032,28.43312,-7.59344],"size":[12.992,1.112,12.992],"inflate":0.25,"uv":{"north":{"uv":[92,85],"uv_size":[12,1]},"east":{"uv":[80,85],"uv_size":[12,1]},"south":{"uv":[116,85],"uv_size":[12,1]},"west":{"uv":[104,85],"uv_size":[12,1]},"up":{"uv":[92,73],"uv_size":[12,12]},"down":{"uv":[104,85],"uv_size":[12,-12]}}},{"origin":[-4.3432,29.51312,-5.43344],"size":[8.672,3.272,8.672],"inflate":0.25,"uv":{"north":{"uv":[103,68],"uv_size":[8,3]},"east":{"uv":[95,68],"uv_size":[8,3]},"south":{"uv":[119,68],"uv_size":[8,3]},"west":{"uv":[111,68],"uv_size":[8,3]},"up":{"uv":[103,60],"uv_size":[8,8]},"down":{"uv":[111,68],"uv_size":[8,-8]}}},{"origin":[-2.1832,29.51312,-7.59344],"size":[4.352,4.352,2.192],"inflate":0.25,"uv":{"north":{"uv":[94,97],"uv_size":[4,4]},"east":{"uv":[92,97],"uv_size":[2,4]},"south":{"uv":[100,97],"uv_size":[4,4]},"west":{"uv":[98,97],"uv_size":[2,4]},"up":{"uv":[94,95],"uv_size":[4,2]},"down":{"uv":[98,97],"uv_size":[4,-2]}}}]},{"name":"sourcil","parent":"head","pivot":[-1.134,30.372,-5.422]},{"name":"group","parent":"head","pivot":[16.2,4.992,-10.228]},{"name":"group2","parent":"head","pivot":[-15,4.5,15.7],"cubes":[{"origin":[-4,20.5,-5.3],"size":[8,4,2],"uv":[105,8]},{"origin":[-4,12.5,-4.3],"size":[8,9,0],"uv":[105,15]},{"origin":[-1.04,14.46,-4.59],"size":[2.08,1.08,0.58],"uv":[122,19]},{"origin":[1.96,16.46,-4.59],"size":[2.08,1.08,0.58],"uv":[124,8]},{"origin":[-4.04,16.46,-4.59],"size":[2.08,1.08,0.58],"uv":[122,17]},{"origin":[-1,14.5,-4.55],"size":[2,1,0.5],"uv":[122,15]}]},{"name":"right_leg","parent":"player_root","pivot":[-2.34375,4.9625,-1],"cubes":[{"origin":[-5.3125,7.68125,-2.71875],"size":[4.6875,4.53125,4.6875],"uv":{"north":{"uv":[47,42],"uv_size":[3,3]},"east":{"uv":[44,42],"uv_size":[3,3]},"south":{"uv":[53,42],"uv_size":[3,3]},"west":{"uv":[50,42],"uv_size":[3,3]},"up":{"uv":[47,39],"uv_size":[3,3]},"down":{"uv":[50,42],"uv_size":[3,-3]}}}]},{"name":"right_foreleg","parent":"right_leg","pivot":[-2.34375,7.68125,-1],"cubes":[{"origin":[-4.6875,-0.1,-3.34375],"size":[3.4375,1.25,1.3125],"uv":{"north":{"uv":[1,6],"uv_size":[2,1]},"east":{"uv":[0,6],"uv_size":[1,1]},"south":{"uv":[4,6],"uv_size":[2,1]},"west":{"uv":[3,6],"uv_size":[1,1]},"up":{"uv":[1,5],"uv_size":[2,1]},"down":{"uv":[3,6],"uv_size":[2,-1]}}},{"origin":[-4.6875,-0.1,-2.09375],"size":[3.4375,4.53125,3.4375],"uv":{"north":{"uv":[49,35],"uv_size":[2,3]},"east":{"uv":[47,35],"uv_size":[2,3]},"south":{"uv":[53,35],"uv_size":[2,3]},"west":{"uv":[51,35],"uv_size":[2,3]},"up":{"uv":[49,33],"uv_size":[2,2]},"down":{"uv":[51,35],"uv_size":[2,-2]}}},{"origin":[-5.2,3.354,-2.61],"size":[4.5,4.35,4.5],"uv":{"north":{"uv":[47,42],"uv_size":[3,3]},"east":{"uv":[44,42],"uv_size":[3,3]},"south":{"uv":[53,42],"uv_size":[3,3]},"west":{"uv":[50,42],"uv_size":[3,3]},"up":{"uv":[47,39],"uv_size":[3,3]},"down":{"uv":[50,42],"uv_size":[3,-3]}}},{"origin":[-5.2,3.354,-2.61],"size":[4.5,1.35,4.5],"inflate":0.25,"uv":{"north":{"uv":[47,44],"uv_size":[3,1]},"east":{"uv":[44,44],"uv_size":[3,1]},"south":{"uv":[53,44],"uv_size":[3,1]},"west":{"uv":[50,44],"uv_size":[3,1]},"up":{"uv":[47,39],"uv_size":[3,3]},"down":{"uv":[50,42],"uv_size":[3,-3]}}}]},{"name":"left_leg","parent":"player_root","pivot":[2.46875,4.9625,-1],"cubes":[{"origin":[0.75,7.68125,-2.71875],"size":[4.6875,4.53125,4.6875],"uv":{"north":{"uv":[16,46],"uv_size":[3,3]},"east":{"uv":[13,46],"uv_size":[3,3]},"south":{"uv":[22,46],"uv_size":[3,3]},"west":{"uv":[19,46],"uv_size":[3,3]},"up":{"uv":[16,43],"uv_size":[3,3]},"down":{"uv":[19,46],"uv_size":[3,-3]}}}]},{"name":"left_foreleg","parent":"left_leg","pivot":[2.46875,7.68125,-1],"cubes":[{"origin":[1.375,-0.1,-2.09375],"size":[3.4375,4.53125,3.4375],"uv":{"north":{"uv":[48,8],"uv_size":[2,3]},"east":{"uv":[46,8],"uv_size":[2,3]},"south":{"uv":[52,8],"uv_size":[2,3]},"west":{"uv":[50,8],"uv_size":[2,3]},"up":{"uv":[48,6],"uv_size":[2,2]},"down":{"uv":[50,8],"uv_size":[2,-2]}}},{"origin":[1.375,-0.1,-3.34375],"size":[3.4375,1.25,1.3125],"uv":{"north":{"uv":[17,29],"uv_size":[2,1]},"east":{"uv":[16,29],"uv_size":[1,1]},"south":{"uv":[20,29],"uv_size":[2,1]},"west":{"uv":[19,29],"uv_size":[1,1]},"up":{"uv":[17,28],"uv_size":[2,1]},"down":{"uv":[19,29],"uv_size":[2,-1]}}},{"origin":[0.82,3.354,-2.61],"size":[4.5,4.35,4.5],"uv":{"north":{"uv":[16,46],"uv_size":[3,3]},"east":{"uv":[13,46],"uv_size":[3,3]},"south":{"uv":[22,46],"uv_size":[3,3]},"west":{"uv":[19,46],"uv_size":[3,3]},"up":{"uv":[16,43],"uv_size":[3,3]},"down":{"uv":[19,46],"uv_size":[3,-3]}}},{"origin":[0.82,3.354,-2.61],"size":[4.5,1.35,4.5],"inflate":0.25,"uv":{"north":{"uv":[16,48],"uv_size":[3,1]},"east":{"uv":[13,48],"uv_size":[3,1]},"south":{"uv":[22,48],"uv_size":[3,1]},"west":{"uv":[19,48],"uv_size":[3,1]},"up":{"uv":[16,43],"uv_size":[3,3]},"down":{"uv":[19,46],"uv_size":[3,-3]}}}]}]}]}