{"format_version":"1.12.0","minecraft:geometry":[{"description":{"identifier":"geometry.npcskyemusic","texture_width":128,"texture_height":128,"visible_bounds_width":2,"visible_bounds_height":3.5,"visible_bounds_offset":[0,1.25,0]},"bones":[{"name":"player_root","pivot":[0.3,0,0]},{"name":"hip","parent":"player_root","pivot":[0.3,11.25,0],"cubes":[{"origin":[-3.43438,11.26563,-1.75937],"size":[7.46875,3.71875,3.51875],"inflate":0.25,"uv":[33,17]},{"origin":[-3.83438,11.96563,-2.25937],"size":[8.46875,1,4.51875],"uv":[0,34]}]},{"name":"waist","parent":"hip","pivot":[0.3,15,0],"cubes":[{"origin":[-4.03438,15.01563,-1.85937],"size":[8.46875,3.71875,3.71875],"inflate":0.25,"uv":[25,0]}]},{"name":"chest","parent":"waist","pivot":[0.3,18.75,0],"cubes":[{"origin":[-4.26563,16.76563,-2.35937],"size":[9,6,5],"inflate":0.25,"uv":[20,36]},{"origin":[-0.26563,14.76563,-2.65937],"size":[1,8,1],"inflate":0.25,"pivot":[-0.7,21.75,0],"rotation":[0,0,-5],"uv":[0,28]},{"origin":[-0.36563,20.76563,-2.85937],"size":[1.2,2,0.2],"inflate":0.25,"uv":[6,29]},{"origin":[-4.26563,9.76563,-2.35937],"size":[9,6.5,5],"inflate":0.25,"uv":[0,48]}]},{"name":"head","parent":"chest","pivot":[0.3,22.5,0],"cubes":[{"origin":[-3.65,22.6,-4.25],"size":[8,5.5,8],"uv":[0,14]},{"origin":[-0.15,23.6,-4.65],"size":[1,1,1],"uv":[10,25]},{"origin":[-3.65,22.6,-4.25],"size":[8,5.5,8],"inflate":0.15,"uv":[0,0]},{"origin":[-3.45,28,2.05],"size":[7.5,1.2,2.2],"pivot":[0.3,29.15,3.65],"rotation":[12.5,0,0],"uv":[27,32]},{"origin":[0.45,27.8,-3.75],"size":[3.6,3.5,8],"pivot":[2.5,29.45,0.25],"rotation":[0,0,-17.5],"uv":[25,24]},{"origin":[-3.45,27.9,-3.65],"size":[3.6,3.5,8],"pivot":[-2.1,29.45,0.25],"rotation":[0,0,17.5],"uv":[25,24]},{"origin":[-3.43438,26.31563,-3.63437],"size":[7.46875,2.46875,7.96875],"inflate":0.5,"pivot":[0.3,28.75001,0],"rotation":[-15,0,0],"uv":[28,7]},{"origin":[-3.03438,27.57493,-4.97138],"size":[2.46875,2.46875,1],"pivot":[-1.80001,28.80931,-4.47138],"rotation":[-15,0,-2.5],"uv":[0,18]},{"origin":[0.96562,27.57493,-4.97138],"size":[2.46875,2.46875,1],"pivot":[2.19999,28.80931,-4.47138],"rotation":[-15,0,2.5],"uv":[0,18]}]},{"name":"bone","parent":"head","pivot":[3.80093,30.96967,-3.25],"cubes":[{"origin":[1.15,30.5,-2.75],"size":[3.6,1.5,1],"pivot":[2.5,29.45,0.25],"rotation":[0,0,-17.5],"uv":[22,29]},{"origin":[1.15,30.5,-1.05],"size":[3.6,1.5,1],"pivot":[2.5,29.45,0.25],"rotation":[0,10,-17.5],"uv":[22,29]},{"origin":[1.15,30.5,0.15],"size":[3.6,1.5,1],"pivot":[2.5,29.45,0.25],"rotation":[0,0,-17.5],"uv":[22,29]},{"origin":[0.1879,30.55201,2.25],"size":[3.6,1.5,1],"pivot":[2.3879,31.30201,3.05],"rotation":[0,-12.5,-17.5],"uv":[22,29]},{"origin":[3.45324,26.56153,2.65],"size":[1,5,1],"pivot":[3.80093,30.96967,-3.25],"rotation":[0,0,-25],"uv":[0,0]},{"origin":[3.45324,25.26153,1.75],"size":[1,6,1],"pivot":[3.80093,30.96967,-3.25],"rotation":[2.86205,-1.47559,-36.57023],"uv":[0,0]},{"origin":[3.45324,24.96153,0.25],"size":[1,6,1],"pivot":[3.80093,30.96967,-3.25],"rotation":[9.98107,0.43523,-36.48107],"uv":[0,0]},{"origin":[3.45324,26.26153,-1.75],"size":[1,5,1],"pivot":[3.80093,30.96967,-3.25],"rotation":[3.90548,-0.86509,-17.5295],"uv":[0,0]},{"origin":[3.45324,26.56153,-0.65],"size":[1,5,1],"pivot":[3.80093,30.96967,-3.25],"rotation":[0,0,-22.5],"uv":[0,0]},{"origin":[3.45324,26.96153,-2.65],"size":[1,5,1],"pivot":[3.80093,30.96967,-3.25],"rotation":[0,0,-22.5],"uv":[0,0]},{"origin":[3.45324,26.26153,-3.75],"size":[1,5,1],"pivot":[3.80093,30.96967,-3.25],"rotation":[0,0,-30],"uv":[0,0]}]},{"name":"bone2","parent":"head","pivot":[3.80093,30.96967,-3.25],"cubes":[{"origin":[-4.05,30.5,-2.15],"size":[3.6,1.5,1],"pivot":[-1.8,29.45,0.85],"rotation":[0,0,17.5],"uv":[22,29]},{"origin":[-4.05,30.5,-0.45],"size":[3.6,1.5,1],"pivot":[-1.8,29.45,0.85],"rotation":[0,-10,17.5],"uv":[22,29]},{"origin":[-4.05,30.5,0.75],"size":[3.6,1.5,1],"pivot":[-1.8,29.45,0.85],"rotation":[0,0,17.5],"uv":[22,29]},{"origin":[-3.0879,30.55201,2.85],"size":[3.6,1.5,1],"pivot":[-1.6879,31.30201,3.65],"rotation":[0,12.5,17.5],"uv":[22,29]},{"origin":[-3.75324,26.56153,3.25],"size":[1,5,1],"pivot":[-3.10093,30.96967,-2.65],"rotation":[0,0,22.5],"uv":[0,0]},{"origin":[-3.75324,25.26153,2.35],"size":[1,6,1],"pivot":[-3.10093,30.96967,-2.65],"rotation":[-0.23032,1.50179,14.06255],"uv":[0,0]},{"origin":[-3.75324,24.96153,0.85],"size":[1,6,1],"pivot":[-3.10093,30.96967,-2.65],"rotation":[5,0,31.5],"uv":[0,0]},{"origin":[-3.75324,26.26153,-1.15],"size":[1,5,1],"pivot":[-3.10093,30.96967,-2.65],"rotation":[4,0,30],"uv":[0,0]},{"origin":[-3.75324,26.56153,-0.05],"size":[1,5,1],"pivot":[-3.10093,30.96967,-2.65],"rotation":[0,0,22.5],"uv":[0,0]},{"origin":[-3.75324,26.96153,-2.05],"size":[1,5,1],"pivot":[-3.10093,30.96967,-2.65],"rotation":[0,0,22.5],"uv":[0,0]},{"origin":[-3.75324,26.26153,-3.15],"size":[1,5,1],"pivot":[-3.10093,30.96967,-2.65],"rotation":[0,0,37.5],"uv":[0,0]}]},{"name":"right_arm","parent":"chest","pivot":[-4.7,21,0],"cubes":[{"origin":[-7.23438,17.39063,-1.45937],"size":[3.71875,5.09375,3.71875],"inflate":0.3,"uv":[49,38]},{"origin":[-7.53438,16.89063,-1.85937],"size":[4.71875,1,4.71875],"inflate":0.25,"uv":[8,28],"mirror":true}]},{"name":"right_forearm","parent":"right_arm","pivot":[-5.325,16.875,0],"cubes":[{"origin":[-7.2,11.25,-1.475],"size":[3.75,5.625,3.75],"uv":[39,48]}]},{"name":"left_arm","parent":"chest","pivot":[6.1,21,0],"cubes":[{"origin":[4.86562,17.39063,-1.45937],"size":[3.71875,5.09375,3.71875],"inflate":0.3,"uv":[49,38],"mirror":true},{"origin":[4.26562,16.89063,-1.85937],"size":[4.71875,1,4.71875],"inflate":0.25,"uv":[8,28]}]},{"name":"left_forearm","parent":"left_arm","pivot":[6.725,16.875,0],"cubes":[{"origin":[4.85,11.25,-1.475],"size":[3.75,5.625,3.75],"uv":[39,48],"mirror":true}]},{"name":"leftSleeve","parent":"left_forearm","pivot":[6.475,12.75,-1.65],"rotation":[-17.5,0,0],"cubes":[{"origin":[6,12.5,-14.4],"size":[1,1,18],"uv":{"north":{"uv":[13.98462,83.98596],"uv_size":[-0.9989,0.99123]},"east":{"uv":[26.97033,83.98596],"uv_size":[-12.98571,0.99123]},"south":{"uv":[27.96923,83.98596],"uv_size":[-0.9989,0.99123]},"west":{"uv":[12.98571,83.98596],"uv_size":[-12.98571,0.99123]},"up":{"uv":[13.98462,71.1],"uv_size":[-0.9989,12.88596]},"down":{"uv":[14.98352,83.98596],"uv_size":[-0.9989,-12.88596]}}},{"origin":[6.4,4.5,-14.4],"size":[0.1,8,6],"pivot":[6.45,12.5,-11.4],"rotation":[0,0,-15],"uv":{"north":{"uv":[122.00659,5.94737],"uv_size":[0,7.92982]},"east":{"uv":[128,128],"uv_size":[-64.95604,-85.46491]},"south":{"uv":[128,5.94737],"uv_size":[0,7.92982]},"west":{"uv":[63.04396,42.46491],"uv_size":[64.95604,85.53509]},"up":{"uv":[122.00659,0],"uv_size":[0,5.94737]},"down":{"uv":[122.00659,5.94737],"uv_size":[0,-5.94737]}}}]},{"name":"right_leg","parent":"player_root","pivot":[-1.575,11.25,0],"cubes":[{"origin":[-3.45,5.625,-1.875],"size":[3.75,5.625,3.75],"uv":[50,5],"mirror":true},{"origin":[-3.8,5.625,-2.375],"size":[4.25,1.625,4.75],"uv":[0,40],"mirror":true}]},{"name":"right_foreleg","parent":"right_leg","pivot":[-1.575,5.625,0],"cubes":[{"origin":[-2.7,2,-1.475],"size":[3,3.625,3],"uv":[40,25]},{"origin":[-2.85,1.6,-1.775],"size":[3.5,1,3.4],"uv":[48,0]},{"origin":[-2.85,0,-2.775],"size":[3.5,1.625,4.4],"uv":[44,32]}]},{"name":"left_leg","parent":"player_root","pivot":[2.175,11.25,0],"cubes":[{"origin":[0.3,5.625,-1.875],"size":[3.75,5.625,3.75],"uv":[50,5]},{"origin":[0.2,5.625,-2.375],"size":[4.25,1.625,4.75],"uv":[0,40]}]},{"name":"left_foreleg","parent":"left_leg","pivot":[2.175,5.625,0],"cubes":[{"origin":[0.35,2,-1.475],"size":[3,3.625,3],"uv":[40,25],"mirror":true},{"origin":[0.15,1.6,-1.775],"size":[3.5,1,3.4],"uv":[48,0],"mirror":true},{"origin":[0.15,0,-2.775],"size":[3.5,1.625,4.4],"uv":[44,32],"mirror":true}]}]}]}