{"format_version":"1.12.0","minecraft:geometry":[{"description":{"identifier":"geometry.npcstephaneplazo","texture_width":128,"texture_height":128,"visible_bounds_width":5,"visible_bounds_height":5.5,"visible_bounds_offset":[0,2.25,0]},"bones":[{"name":"player_root","pivot":[0,0,0]},{"name":"hip","parent":"player_root","pivot":[0,11.25,0],"cubes":[{"origin":[-3.75,11.25,-2.075],"size":[7.5,2.15,4.15],"uv":[0,39]},{"origin":[-3.45,13.25,-1.875],"size":[6.9,2.75,3.75],"uv":[0,46]}]},{"name":"waist","parent":"hip","pivot":[0,18,0],"cubes":[{"origin":[-3.85,16,-1.875],"size":[7.7,5.75,3.75],"uv":[33,0]}]},{"name":"chest","parent":"waist","pivot":[0,21.75,0],"cubes":[{"origin":[-3.75,21.75,-1.875],"size":[7.5,3.75,3.75],"uv":[43,43]}]},{"name":"head","parent":"chest","pivot":[0,25.5,0],"cubes":[{"origin":[-3.75,25.5,-3.75],"size":[7.5,6.5,7.5],"uv":[26,10]},{"origin":[-0.45,26.7,-4.15],"size":[0.8,1.2,1],"pivot":[-0.05,27.3,-3.65],"rotation":[-7.5,0,0],"uv":[0,3]},{"origin":[-3.75,31.5,-3.75],"size":[7.5,1.5,7.5],"uv":[29,24]}]},{"name":"eyes","parent":"head","pivot":[0,25.5,-1.875],"cubes":[{"origin":[0.25,27.5,-3.85],"size":[2.5,2.5,0],"uv":[0,0]},{"origin":[-2.75,27.5,-3.85],"size":[2.5,2.5,0],"uv":[0,0]}]},{"name":"group","parent":"head","pivot":[-15,16,14],"cubes":[{"origin":[-4,24.3,-4],"size":[8,8,8],"uv":[0,0]},{"origin":[-4,32.4,-4],"size":[8,2,8],"pivot":[0,33.3,0],"rotation":[2.5,0,0],"uv":[0,17]}]},{"name":"right_arm","parent":"chest","pivot":[-5,24,0],"cubes":[{"origin":[-7.5,19.875,-1.875],"size":[3.75,5.625,3.75],"uv":[0,52]},{"origin":[-7.5,19.875,-1.875],"size":[3.75,1.625,3.75],"inflate":0.2,"uv":[54,0]}]},{"name":"right_forearm","parent":"right_arm","pivot":[-5.625,19.875,0],"cubes":[{"origin":[-7.2,14.25,-1.875],"size":[3.15,5.625,3.75],"uv":[51,6]}]},{"name":"left_arm","parent":"chest","pivot":[5,24,0],"cubes":[{"origin":[3.75,19.875,-1.875],"size":[3.75,5.625,3.75],"uv":[0,52],"mirror":true},{"origin":[3.75,19.875,-1.875],"size":[3.75,1.625,3.75],"inflate":0.2,"uv":[54,0],"mirror":true}]},{"name":"left_forearm","parent":"left_arm","pivot":[5.625,19.875,0],"cubes":[{"origin":[4.05,14.25,-1.875],"size":[3.15,5.625,3.75],"uv":[51,6],"mirror":true}]},{"name":"group2","parent":"left_forearm","pivot":[6.17964,7.22804,-0.11111],"cubes":[{"origin":[1.4,13.1,-2],"size":[5.6,2.1,0],"pivot":[4.32575,5.05963,-0.07778],"rotation":[0,-90,0],"uv":[13,55]},{"origin":[1.4,13.1,-2],"size":[5.6,2.1,0],"pivot":[4.32575,5.05963,-0.07778],"rotation":[0,-90,0],"uv":[25,0]},{"origin":[-1.4,5.4,-3.75],"size":[11.2,7.7,3.5],"pivot":[4.32575,5.05963,-0.07778],"rotation":[0,-90,0],"uv":[0,28]}]},{"name":"jacket","parent":"chest","pivot":[1.5,25.7,4],"cubes":[{"origin":[-1,23.9,-3.4],"size":[2,2,2],"inflate":-0.4,"pivot":[0,24.9,-2.4],"rotation":[5,0,0],"uv":[55,15]},{"origin":[-1.8,24.6,-2.6],"size":[3.6,1.3,1.2],"inflate":-0.4,"uv":[26,28]},{"origin":[-2,17.7,-4.2],"size":[4,8.2,4],"inflate":-1.5,"uv":[29,33]},{"origin":[-2.1,17.3,-4.1],"size":[3.7,3.7,3.9],"inflate":-1.5,"pivot":[0,18.9,-2.2],"rotation":[0,0,45],"uv":[51,24]}]},{"name":"right_leg","parent":"player_root","pivot":[-1.875,11.25,0],"cubes":[{"origin":[-3.75,5.625,-1.875],"size":[3.75,5.625,3.75],"uv":[45,50]}]},{"name":"right_foreleg","parent":"right_leg","pivot":[-1.875,5.625,0],"cubes":[{"origin":[-3.75,0,-1.875],"size":[3.75,5.625,3.75],"uv":[32,47]},{"origin":[-3.75,0,-2.875],"size":[3.75,1.625,1.05],"uv":[19,39]}]},{"name":"left_leg","parent":"player_root","pivot":[1.875,11.25,0],"cubes":[{"origin":[0,5.625,-1.875],"size":[3.75,5.625,3.75],"uv":[46,33]}]},{"name":"left_foreleg","parent":"left_leg","pivot":[1.875,5.625,0],"cubes":[{"origin":[0,0,-1.875],"size":[3.75,5.625,3.75],"uv":[19,46]},{"origin":[0,0,-2.875],"size":[3.75,1.625,1.05],"uv":[10,52]}]}]}]}