{"format_version":"1.12.0","minecraft:geometry":[{"description":{"identifier":"geometry.npcstella","texture_width":128,"texture_height":128,"visible_bounds_width":6,"visible_bounds_height":6,"visible_bounds_offset":[0,2,0]},"bones":[{"name":"bone","pivot":[0,-2,0]},{"name":"player_root","parent":"bone","pivot":[0,0,0]},{"name":"hip","parent":"player_root","pivot":[0,9,0],"cubes":[{"origin":[-3.3,8.3,-2.1],"size":[6.6,1.9,4.2],"uv":[0,34]}]},{"name":"waist","parent":"hip","pivot":[0,12,0],"cubes":[{"origin":[-2.7375,9.6625,-1.4375],"size":[5.475,4.875,2.875],"inflate":0.25,"uv":[25,0]}]},{"name":"chest","parent":"waist","pivot":[0,15,0],"cubes":[{"origin":[-3.8,12.9,-2.7],"size":[7.6,4.4,5.2],"pivot":[0,15.7,-0.5],"rotation":[-5,0,0],"uv":[28,29]}]},{"name":"right_arm","parent":"chest","pivot":[-4,16.8,0],"cubes":[{"origin":[-6.1,12.7,-1.5],"size":[2.5,4.5,3],"inflate":0.2,"uv":[33,54]}]},{"name":"right_forearm","parent":"right_arm","pivot":[-4.5,13.5,0],"cubes":[{"origin":[-5.8,8.6,-1.5],"size":[2.2,4.5,3],"uv":[0,49]}]},{"name":"group3","parent":"right_forearm","pivot":[-3.87475,8.27141,2.24078],"rotation":[90,0,0],"cubes":[{"origin":[-4.75,16.5,1.25],"size":[1.75,1,2],"uv":{"north":{"uv":[114,12],"uv_size":[2,2]},"east":{"uv":[110,12],"uv_size":[4,2]},"south":{"uv":[120,12],"uv_size":[2,2]},"west":{"uv":[116,12],"uv_size":[4,2]},"up":{"uv":[114,8],"uv_size":[2,4]},"down":{"uv":[116,12],"uv_size":[2,-4]}}},{"origin":[-5,17.5,1.25],"size":[2.25,1.5,2],"uv":{"north":{"uv":[108,4],"uv_size":[4,2]},"east":{"uv":[104,4],"uv_size":[4,2]},"south":{"uv":[116,4],"uv_size":[4,2]},"west":{"uv":[112,4],"uv_size":[4,2]},"up":{"uv":[108,0],"uv_size":[4,4]},"down":{"uv":[112,4],"uv_size":[4,-4]}}},{"origin":[-4.75,-3.75,1.25],"size":[1.75,1.25,2],"uv":{"north":{"uv":[110,34],"uv_size":[2,2]},"east":{"uv":[106,34],"uv_size":[4,2]},"south":{"uv":[116,34],"uv_size":[2,2]},"west":{"uv":[112,34],"uv_size":[4,2]},"up":{"uv":[110,30],"uv_size":[2,4]},"down":{"uv":[112,34],"uv_size":[2,-4]}}},{"origin":[-4.75,1,1.25],"size":[1.75,1.25,2],"uv":{"north":{"uv":[100,38],"uv_size":[2,2]},"east":{"uv":[96,38],"uv_size":[4,2]},"south":{"uv":[106,38],"uv_size":[2,2]},"west":{"uv":[102,38],"uv_size":[4,2]},"up":{"uv":[100,34],"uv_size":[2,4]},"down":{"uv":[102,38],"uv_size":[2,-4]}}},{"origin":[-4.75,6.75,1.25],"size":[1.75,5.25,2],"uv":{"north":{"uv":[86,16],"uv_size":[2,10]},"east":{"uv":[82,16],"uv_size":[4,10]},"south":{"uv":[92,16],"uv_size":[2,10]},"west":{"uv":[88,16],"uv_size":[4,10]},"up":{"uv":[86,12],"uv_size":[2,4]},"down":{"uv":[88,16],"uv_size":[2,-4]}}},{"origin":[-4.5,-4,1.5],"size":[1.25,21.25,1.5],"uv":{"north":{"uv":[74,2],"uv_size":[2,42]},"east":{"uv":[72,2],"uv_size":[2,42]},"south":{"uv":[78,2],"uv_size":[2,42]},"west":{"uv":[76,2],"uv_size":[2,42]},"up":{"uv":[74,0],"uv_size":[2,2]},"down":{"uv":[76,2],"uv_size":[2,-2]}}},{"origin":[-14.78854,-1.12743,1],"size":[2,2,2.5],"pivot":[-3.875,9.78827,2.16704],"rotation":[0,0,-45],"uv":{"north":{"uv":[96,28],"uv_size":[4,4]},"east":{"uv":[92,28],"uv_size":[4,4]},"south":{"uv":[104,28],"uv_size":[4,4]},"west":{"uv":[100,28],"uv_size":[4,4]},"up":{"uv":[96,24],"uv_size":[4,4]},"down":{"uv":[100,28],"uv_size":[4,-4]}}},{"origin":[-9.51996,16.52422,1.5],"size":[1.5,1,1.5],"pivot":[-3.875,9.78827,2.16704],"rotation":[0,0,45],"uv":{"north":{"uv":[84,48],"uv_size":[2,2]},"east":{"uv":[82,48],"uv_size":[2,2]},"south":{"uv":[88,48],"uv_size":[2,2]},"west":{"uv":[86,48],"uv_size":[2,2]},"up":{"uv":[84,46],"uv_size":[2,2]},"down":{"uv":[86,48],"uv_size":[2,-2]}}},{"origin":[0.26996,16.52422,1.5],"size":[1.5,1,1.5],"pivot":[-3.875,9.78827,2.16704],"rotation":[0,0,-45],"uv":{"north":{"uv":[74,48],"uv_size":[2,2]},"east":{"uv":[72,48],"uv_size":[2,2]},"south":{"uv":[78,48],"uv_size":[2,2]},"west":{"uv":[76,48],"uv_size":[2,2]},"up":{"uv":[74,46],"uv_size":[2,2]},"down":{"uv":[76,48],"uv_size":[2,-2]}}},{"origin":[1.75524,15.41635,1],"size":[2.5,2.5,2.5],"pivot":[-3.875,9.78827,2.16704],"rotation":[0,0,-45],"uv":{"north":{"uv":[100,16],"uv_size":[4,4]},"east":{"uv":[96,16],"uv_size":[4,4]},"south":{"uv":[108,16],"uv_size":[4,4]},"west":{"uv":[104,16],"uv_size":[4,4]},"up":{"uv":[100,12],"uv_size":[4,4]},"down":{"uv":[104,16],"uv_size":[4,-4]}}},{"origin":[2.00524,15.66635,0.75],"size":[2,2,3],"pivot":[-3.875,9.78827,2.16704],"rotation":[0,0,-45],"uv":{"north":{"uv":[88,6],"uv_size":[4,4]},"east":{"uv":[82,6],"uv_size":[6,4]},"south":{"uv":[98,6],"uv_size":[4,4]},"west":{"uv":[92,6],"uv_size":[6,4]},"up":{"uv":[88,0],"uv_size":[4,6]},"down":{"uv":[92,6],"uv_size":[4,-6]}}},{"origin":[-14.92161,17.12257,1.5],"size":[1,1.07106,1.5],"pivot":[-3.875,9.78827,2.16704],"rotation":[0,0,45],"uv":{"north":{"uv":[118,46],"uv_size":[2,2]},"east":{"uv":[116,46],"uv_size":[2,2]},"south":{"uv":[122,46],"uv_size":[2,2]},"west":{"uv":[120,46],"uv_size":[2,2]},"up":{"uv":[118,44],"uv_size":[2,2]},"down":{"uv":[120,46],"uv_size":[2,-2]}}},{"origin":[-6.5,20.71447,1.5],"size":[1,2.07106,1.5],"uv":{"north":{"uv":[108,46],"uv_size":[2,4]},"east":{"uv":[106,46],"uv_size":[2,4]},"south":{"uv":[112,46],"uv_size":[2,4]},"west":{"uv":[110,46],"uv_size":[2,4]},"up":{"uv":[108,44],"uv_size":[2,2]},"down":{"uv":[110,46],"uv_size":[2,-2]}}},{"origin":[-13.45714,15.6581,1.5],"size":[2.07106,1,1.5],"pivot":[-3.875,9.78827,2.16704],"rotation":[0,0,45],"uv":{"north":{"uv":[112,40],"uv_size":[4,2]},"east":{"uv":[110,40],"uv_size":[2,2]},"south":{"uv":[118,40],"uv_size":[4,2]},"west":{"uv":[116,40],"uv_size":[2,2]},"up":{"uv":[112,38],"uv_size":[4,2]},"down":{"uv":[116,40],"uv_size":[4,-2]}}},{"origin":[6.17161,17.12257,1.5],"size":[1,1.07106,1.5],"pivot":[-3.875,9.78827,2.16704],"rotation":[0,0,-45],"uv":{"north":{"uv":[118,30],"uv_size":[2,2]},"east":{"uv":[116,30],"uv_size":[2,2]},"south":{"uv":[122,30],"uv_size":[2,2]},"west":{"uv":[120,30],"uv_size":[2,2]},"up":{"uv":[118,28],"uv_size":[2,2]},"down":{"uv":[120,30],"uv_size":[2,-2]}}},{"origin":[-2.25,20.71447,1.5],"size":[1,2.07106,1.5],"uv":{"north":{"uv":[98,44],"uv_size":[2,4]},"east":{"uv":[96,44],"uv_size":[2,4]},"south":{"uv":[102,44],"uv_size":[2,4]},"west":{"uv":[100,44],"uv_size":[2,4]},"up":{"uv":[98,42],"uv_size":[2,2]},"down":{"uv":[100,44],"uv_size":[2,-2]}}},{"origin":[3.63608,15.6581,1.5],"size":[2.07106,1,1.5],"pivot":[-3.875,9.78827,2.16704],"rotation":[0,0,-45],"uv":{"north":{"uv":[108,24],"uv_size":[4,2]},"east":{"uv":[106,24],"uv_size":[2,2]},"south":{"uv":[114,24],"uv_size":[4,2]},"west":{"uv":[112,24],"uv_size":[2,2]},"up":{"uv":[108,22],"uv_size":[4,2]},"down":{"uv":[112,24],"uv_size":[4,-2]}}}]},{"name":"bone8","parent":"group3","pivot":[-3.875,23.815,2.06335],"cubes":[{"origin":[-4.5,22.02409,6.70615],"size":[1.25,1.5,1.5],"pivot":[-3.875,9.78827,2.16704],"rotation":[22.5,0,0],"uv":{"north":{"uv":[122,8],"uv_size":[2,2]},"east":{"uv":[120,8],"uv_size":[2,2]},"south":{"uv":[126,8],"uv_size":[2,2]},"west":{"uv":[124,8],"uv_size":[2,2]},"up":{"uv":[122,6],"uv_size":[2,2]},"down":{"uv":[124,8],"uv_size":[2,-2]}}}]},{"name":"left_arm","parent":"chest","pivot":[4,16.8,0],"cubes":[{"origin":[3.8,12.7,-1.5],"size":[2.5,4.5,3],"inflate":0.2,"uv":[22,53]}]},{"name":"left_forearm","parent":"left_arm","pivot":[4.5,11.25,0],"cubes":[{"origin":[3.8,8.6,-1.5],"size":[2.2,4.5,3],"uv":[53,33]}]},{"name":"head","parent":"chest","pivot":[0,22.5,0],"cubes":[{"origin":[-4.25,17.8,-3.75],"size":[8,8,8],"uv":[0,17]},{"origin":[-1.75,15.5,-1.75],"size":[3.5,4.5,3.5],"uv":[31,46]}]},{"name":"bone3","parent":"head","pivot":[-0.5,0.2,0],"cubes":[{"origin":[-0.75,20.3,-4.45],"size":[1,1,2],"pivot":[-0.25,20.8,-4.45],"rotation":[10,0,0],"uv":[0,0]}]},{"name":"bone4","parent":"bone3","pivot":[-0.25,21.43333,-3.98333],"cubes":[{"origin":[0.75,19.8,-4.75],"size":[3,3,1],"inflate":0.1,"uv":[53,41]},{"origin":[-1.25,21.2,-3.95],"size":[2,1,1],"uv":[0,4]},{"origin":[-4.25,19.8,-4.75],"size":[3,3,1],"inflate":0.1,"uv":[53,41]}]},{"name":"group","parent":"head","pivot":[14.8,-8,-13.9],"cubes":[{"origin":[-4.2,18,-3.9],"size":[8,8,8],"inflate":0.2,"uv":[0,0]},{"origin":[-4.2,10.6,-3.9],"size":[8,7,8],"inflate":0.2,"uv":[25,9]}]},{"name":"group2","parent":"head","pivot":[0,25.05229,1.02638],"rotation":[-7.5,0,0],"cubes":[{"origin":[-7,23,-7],"size":[14,2,14],"uv":[70,80]},{"origin":[-6.5,19,-7],"size":[0,4,12],"uv":[99,103]},{"origin":[6.6,19,-2],"size":[0,4,7],"uv":[113,80]}]},{"name":"bone7","parent":"group2","pivot":[-0.1,26.3097,0.95671],"rotation":[0,10,0],"cubes":[{"origin":[-5.1,22.8097,-4.04329],"size":[10,7,10],"inflate":0.1,"pivot":[-0.1,26.3097,0.95671],"rotation":[-22.5,0,0],"uv":[70,97]}]},{"name":"bone5","parent":"bone7","pivot":[-0.1,30.71751,3.88909],"cubes":[{"origin":[-3.1,27.21751,0.88909],"size":[6,7,6],"inflate":0.1,"pivot":[-0.1,30.71751,3.88909],"rotation":[-45,12.5,0],"uv":[70,115]}]},{"name":"bone6","parent":"bone5","pivot":[0.9,32.83883,8.83883],"cubes":[{"origin":[-0.1,31.33883,5.83883],"size":[2,3,6],"inflate":0.1,"pivot":[0.9,32.83883,8.83883],"rotation":[-45,22.5,0],"uv":[112,97]},{"origin":[2.33829,24.33553,8.93188],"size":[0.05,6,6],"pivot":[2.38829,27.53553,12.43188],"rotation":[-67.5,22.5,0],"uv":{"north":{"uv":[0,74],"uv_size":[0,5]},"east":{"uv":[25,103],"uv_size":[-24,23]},"south":{"uv":[5,74],"uv_size":[0,5]},"west":{"uv":[1,103],"uv_size":[24,23]},"up":{"uv":[0,69],"uv_size":[0,5]},"down":{"uv":[0,74],"uv_size":[0,-5]}}}]},{"name":"right_leg","parent":"player_root","pivot":[-1.5,9,0],"cubes":[{"origin":[-3.3,4.1,-1.5],"size":[3.3,4.5,3],"uv":[50,9]}]},{"name":"right_foreleg","parent":"right_leg","pivot":[-1.5,4.5,0],"cubes":[{"origin":[-3,-0.4,-1.5],"size":[3,4.5,3],"uv":[48,25]},{"origin":[-3,-0.4,-2.3],"size":[3,1.1,1.84],"uv":[0,19]}]},{"name":"left_leg","parent":"player_root","pivot":[1.5,9,0],"cubes":[{"origin":[0,4.1,-1.5],"size":[3.3,4.5,3],"uv":[12,48]}]},{"name":"bone2","parent":"left_leg","pivot":[0,9.91699,-2.5],"rotation":[-2.5,0,0]},{"name":"bone9","parent":"bone2","pivot":[-1.65,9.21603,0.2],"cubes":[{"origin":[-2.8,5.50192,-2.1],"size":[4.3,4.5,4.6],"pivot":[-2.15,9.35,-0.3],"rotation":[0,0,30],"uv":[17,39]}]},{"name":"bone10","parent":"bone2","pivot":[2.15,9.35,-0.3],"cubes":[{"origin":[1,5.1,-2.1],"size":[3.3,4.5,4.6],"pivot":[2.15,6.35,-0.3],"rotation":[0,0,-30],"uv":[0,40]}]},{"name":"left_foreleg","parent":"left_leg","pivot":[1.5,4.5,0],"cubes":[{"origin":[0,-0.4,-1.5],"size":[3,4.5,3],"uv":[44,46]},{"origin":[0,-0.4,-2.3],"size":[3,1.1,1.84],"uv":[0,17]}]}]}]}