{"format_version":"1.12.0","minecraft:geometry":[{"description":{"identifier":"geometry.pumpjack","texture_width":256,"texture_height":256,"visible_bounds_width":7,"visible_bounds_height":8.5,"visible_bounds_offset":[0,3.75,0]},"bones":[{"name":"pomp","pivot":[0,0,0]},{"name":"tuyau","parent":"pomp","pivot":[56.5,2,0],"cubes":[{"origin":[54,9,-1],"size":[5,58,2],"uv":[0,147]}]},{"name":"connect","parent":"pomp","pivot":[-26,32.83333,-0.41667],"cubes":[{"origin":[-29,64,-1],"size":[6,7,2],"uv":[98,39]},{"origin":[-28,62,-17],"size":[4,5,33],"uv":[56,39]},{"origin":[-30,61,13],"size":[8,7,2],"uv":[53,48]},{"origin":[-28,31,13],"size":[4,30,2],"uv":[19,27]},{"origin":[-28,31,-16],"size":[4,30,2],"uv":[19,27]},{"origin":[-30,61,-16],"size":[8,7,2],"uv":[53,48]}]},{"name":"back","parent":"pomp","pivot":[-17,34,0],"cubes":[{"origin":[-18.5,32.5,-11],"size":[3,3,22],"uv":[134,137]},{"origin":[-27.5,32.5,11],"size":[3,3,5],"uv":[69,53]},{"origin":[-27.5,32.5,-17],"size":[3,3,5],"uv":[69,53]},{"origin":[-42,32,9.9],"size":[28,4,2],"uv":[156,37]},{"origin":[-42,32,-11.8],"size":[28,4,2],"uv":[156,37]}]},{"name":"bone4","parent":"back","pivot":[-33.5,-53.5,11.5],"cubes":[{"origin":[-37.5,21.5,-12.5],"size":[7,26,2],"uv":[0,27]},{"origin":[-33.5,15.5,-13],"size":[3,38,3],"uv":[189,189]},{"origin":[-33.5,39.5,-13],"size":[3,14,3],"pivot":[-33.5,53.5,-11.5],"rotation":[0,0,30],"uv":[134,111]},{"origin":[-40.5,27.5,-13],"size":[3,14,3],"uv":[134,111]},{"origin":[1,6.3,-13],"size":[3,14,3],"pivot":[-33.5,-53.5,-11.5],"rotation":[0,0,-30],"uv":[134,111]}]},{"name":"bone3","parent":"back","pivot":[-33.5,-53.5,11.5],"cubes":[{"origin":[-37.5,21.5,10.5],"size":[7,26,2],"uv":[0,27]},{"origin":[-33.5,15.5,10],"size":[3,38,3],"uv":[189,189]},{"origin":[-33.5,39.5,10],"size":[3,14,3],"pivot":[-33.5,53.5,11.5],"rotation":[0,0,30],"uv":[134,111]},{"origin":[-40.5,27.5,10],"size":[3,14,3],"uv":[134,111]},{"origin":[1,6.3,10],"size":[3,14,3],"pivot":[-33.5,-53.5,11.5],"rotation":[0,0,-30],"uv":[134,111]}]},{"name":"top","parent":"pomp","pivot":[12,68,0],"cubes":[{"origin":[5,71,-10],"size":[14,1,20],"uv":[111,64]},{"origin":[6,65,7],"size":[12,6,2],"uv":[53,39]},{"origin":[11,67,-10],"size":[2,2,20],"uv":[91,173]},{"origin":[6,65,-9],"size":[12,6,2],"uv":[53,39]},{"origin":[-28,71,-6],"size":[72,14,12],"uv":[0,0]},{"origin":[43,48,-8],"size":[5,60,16],"uv":[0,70]},{"origin":[-28,66,-6],"size":[5,5,2],"pivot":[-25.5,68.5,-0.5],"rotation":[0,0,-45],"uv":[0,70]},{"origin":[-27,67,-8],"size":[3,3,15],"uv":[188,64]},{"origin":[-28,66,3],"size":[5,5,2],"pivot":[-25.5,68.5,-0.5],"rotation":[0,0,-45],"uv":[0,70]},{"origin":[43,48,-8],"size":[5,9,16],"pivot":[48,48,0],"rotation":[0,0,55],"uv":[169,125]},{"origin":[50.41513,53.15568,-8],"size":[5,13,16],"pivot":[55.4,53.2,0],"rotation":[0,0,30],"uv":[118,163]},{"origin":[56.88596,64.40619,-8],"size":[5,13.8,16],"pivot":[61.9,64.4,0],"rotation":[0,0,7.5],"uv":[163,95]},{"origin":[43,99,-8],"size":[5,9,16],"pivot":[48,108,0],"rotation":[0,0,-55],"uv":[161,163]},{"origin":[50.41513,89.84432,-8],"size":[5,13,16],"pivot":[55.4,102.8,0],"rotation":[0,0,-30],"uv":[160,48]},{"origin":[56.88596,77.99381,-8],"size":[5,13.6,16],"pivot":[61.9,91.6,0],"rotation":[0,0,-7.5],"uv":[68,156]},{"origin":[47,53,-5],"size":[12,50,10],"uv":[43,78]}]},{"name":"bone2","parent":"top","pivot":[61.9,91.6,0]},{"name":"bone","parent":"top","pivot":[61.9,64.4,0]},{"name":"base","parent":"pomp","pivot":[0,0,0],"cubes":[{"origin":[-22,0,-9],"size":[20,7,17],"uv":[98,39]},{"origin":[-22,18,-7],"size":[13,8,13],"uv":[15,156]},{"origin":[-12,18,-6],"size":[10,7,11],"pivot":[-9.5,22.5,-0.5],"rotation":[0,0,45],"uv":[47,186]},{"origin":[-22,27,-6],"size":[10,7,11],"uv":[15,178]},{"origin":[-21,34,-6],"size":[8,4,11],"uv":[150,189]},{"origin":[-20,31,-9],"size":[6,6,3],"uv":[27,70]},{"origin":[-20,31,5],"size":[6,6,3],"uv":[27,70]},{"origin":[-23,26,-8],"size":[14,1,15],"uv":[28,139]},{"origin":[-22,7,-7],"size":[19,11,13],"uv":[111,86]},{"origin":[24,0,-18],"size":[8,6,36],"uv":[0,27]},{"origin":[24,18,-11],"size":[3,3,22],"uv":[134,111]},{"origin":[18,43,-8],"size":[3,3,16],"uv":[187,44]},{"origin":[7,68,-8],"size":[11,3,16],"uv":[153,11]},{"origin":[51,0,-4],"size":[11,12,8],"uv":[188,151]},{"origin":[-23,0,5],"size":[47,6,5],"uv":[53,27]},{"origin":[25,5,12],"size":[6,71,5],"pivot":[28,4.5,14.5],"rotation":[9.99067,0.43399,-12.46207],"uv":[88,78]},{"origin":[-9,18,-2.5],"size":[6,56,5],"pivot":[-6,17.5,0.5],"rotation":[0,0,20],"uv":[111,111]},{"origin":[25,5,-17],"size":[6,71,5],"pivot":[28,4.5,-14.5],"rotation":[-9.99067,-0.43399,-12.46207],"uv":[88,78]},{"origin":[-23,0,-11],"size":[47,6,5],"uv":[53,27]}]}]}]}