{"format_version":"1.12.0","minecraft:geometry":[{"description":{"identifier":"geometry.stellachariot","texture_width":128,"texture_height":128,"visible_bounds_width":5,"visible_bounds_height":5.5,"visible_bounds_offset":[0,2.25,0]},"bones":[{"name":"bb_main","pivot":[0,0,0],"cubes":[{"origin":[-8,0.4,-31],"size":[32,0,32],"pivot":[6,0,-12],"rotation":[0,17.5,0],"uv":{"north":{"uv":[0,0],"uv_size":[0,0]},"east":{"uv":[0,0],"uv_size":[0,0]},"south":{"uv":[0,0],"uv_size":[0,0]},"west":{"uv":[0,0],"uv_size":[0,0]},"up":{"uv":[128,128],"uv_size":[-32,-32]},"down":{"uv":[0,0],"uv_size":[0,0]}}}]},{"name":"group","pivot":[1.5,24.20939,0.00417],"cubes":[{"origin":[-16,8,-8],"size":[32,8,16],"uv":{"north":{"uv":[8,25],"uv_size":[16,4]},"east":{"uv":[0,25],"uv_size":[8,4]},"south":{"uv":[32,25],"uv_size":[16,4]},"west":{"uv":[24,25],"uv_size":[8,4]},"up":{"uv":[8,17],"uv_size":[16,8]},"down":{"uv":[24,25],"uv_size":[16,-8]}}},{"origin":[16,14,-8],"size":[8,2,16],"uv":{"north":{"uv":[49,17],"uv_size":[4,1]},"east":{"uv":[41,17],"uv_size":[8,1]},"south":{"uv":[61,17],"uv_size":[4,1]},"west":{"uv":[53,17],"uv_size":[8,1]},"up":{"uv":[49,9],"uv_size":[4,8]},"down":{"uv":[53,17],"uv_size":[4,-8]}}},{"origin":[0,0,-9],"size":[14,14,2],"uv":{"north":{"uv":[15,45],"uv_size":[7,7]},"east":{"uv":[14,45],"uv_size":[1,7]},"south":{"uv":[23,45],"uv_size":[7,7]},"west":{"uv":[22,45],"uv_size":[1,7]},"up":{"uv":[15,44],"uv_size":[7,1]},"down":{"uv":[22,45],"uv_size":[7,-1]}}},{"origin":[0,0,7],"size":[14,14,2],"uv":{"north":{"uv":[14,31],"uv_size":[7,7]},"east":{"uv":[13,31],"uv_size":[1,7]},"south":{"uv":[22,31],"uv_size":[7,7]},"west":{"uv":[21,31],"uv_size":[1,7]},"up":{"uv":[14,30],"uv_size":[7,1]},"down":{"uv":[21,31],"uv_size":[7,-1]}}},{"origin":[-15,0,4],"size":[2,8,4],"uv":{"north":{"uv":[2,19],"uv_size":[1,4]},"east":{"uv":[0,19],"uv_size":[2,4]},"south":{"uv":[5,19],"uv_size":[1,4]},"west":{"uv":[3,19],"uv_size":[2,4]},"up":{"uv":[2,17],"uv_size":[1,2]},"down":{"uv":[3,19],"uv_size":[1,-2]}}},{"origin":[-15,0,-8],"size":[2,8,4],"uv":{"north":{"uv":[2,2],"uv_size":[1,4]},"east":{"uv":[0,2],"uv_size":[2,4]},"south":{"uv":[5,2],"uv_size":[1,4]},"west":{"uv":[3,2],"uv_size":[2,4]},"up":{"uv":[2,0],"uv_size":[1,2]},"down":{"uv":[3,2],"uv_size":[1,-2]}}},{"origin":[-15,19,-28],"size":[30,17,17],"pivot":[0,8,0],"rotation":[-45,0,0],"uv":{"north":{"uv":[8,8],"uv_size":[15,8]},"east":{"uv":[0,8],"uv_size":[8,8]},"west":{"uv":[23,8],"uv_size":[8,8]},"up":{"uv":[8,16],"uv_size":[15,-8]}}},{"origin":[-15.25,33,-12],"size":[0.75,2,24],"uv":{"north":{"uv":[37,42],"uv_size":[0,1]},"east":{"uv":[25,42],"uv_size":[12,1]},"south":{"uv":[49,42],"uv_size":[0,1]},"west":{"uv":[37,42],"uv_size":[12,1]},"up":{"uv":[37,30],"uv_size":[0,12]},"down":{"uv":[37,42],"uv_size":[0,-12]}}},{"origin":[14.5,33,-12],"size":[0.75,2,24],"uv":{"north":{"uv":[12,42],"uv_size":[0,1]},"east":{"uv":[0,42],"uv_size":[12,1]},"south":{"uv":[24,42],"uv_size":[0,1]},"west":{"uv":[12,42],"uv_size":[12,1]},"up":{"uv":[12,30],"uv_size":[0,12]},"down":{"uv":[12,42],"uv_size":[0,-12]}}},{"origin":[-16.2,9.8,-2.2],"size":[2.4,35.4,4.4],"uv":{"north":{"uv":[9,46],"uv_size":[1,17]},"east":{"uv":[7,46],"uv_size":[2,17]},"south":{"uv":[12,46],"uv_size":[1,17]},"west":{"uv":[10,46],"uv_size":[2,17]},"up":{"uv":[9,44],"uv_size":[1,2]},"down":{"uv":[10,46],"uv_size":[1,-2]}}},{"origin":[13.8,9.8,-2.2],"size":[2.4,45.4,4.4],"uv":{"north":{"uv":[2,46],"uv_size":[1,22]},"east":{"uv":[0,46],"uv_size":[2,22]},"south":{"uv":[5,46],"uv_size":[1,22]},"west":{"uv":[3,46],"uv_size":[2,22]},"up":{"uv":[2,44],"uv_size":[1,2]},"down":{"uv":[3,46],"uv_size":[1,-2]}}}]},{"name":"tenture","parent":"group","pivot":[0,35.57716,-11.97082],"cubes":[{"origin":[-15,29.57716,-12.02082],"size":[30,6,0.05],"uv":{"north":{"uv":[38,30],"uv_size":[15,3]},"east":{"uv":[38,34],"uv_size":[0,3]},"south":{"uv":[53,30],"uv_size":[-15,3]},"west":{"uv":[53,34],"uv_size":[0,3]},"up":{"uv":[23,67],"uv_size":[15,0]},"down":{"uv":[38,67],"uv_size":[15,0]}}}]},{"name":"tenture2","parent":"group","pivot":[0,35.57716,12.02918],"cubes":[{"origin":[-15,29.57716,11.97918],"size":[30,6,0.05],"uv":{"north":{"uv":[38,30],"uv_size":[15,3]},"east":{"uv":[38,30],"uv_size":[0,3]},"south":{"uv":[53,30],"uv_size":[-15,3]},"west":{"uv":[53,30],"uv_size":[0,3]},"up":{"uv":[39,60],"uv_size":[15,0]},"down":{"uv":[54,60],"uv_size":[15,0]}}}]},{"name":"logo","parent":"group","pivot":[15,61.2,0],"cubes":[{"origin":[9,55.2,-2],"size":[12,12,4],"uv":{"north":{"uv":[111,10],"uv_size":[17,17]},"east":{"uv":[112,2],"uv_size":[2,6]},"south":{"uv":[93.5,10],"uv_size":[17,17]},"west":{"uv":[120,2],"uv_size":[2,6]},"up":{"uv":[114,0],"uv_size":[6,2]},"down":{"uv":[120,2],"uv_size":[6,-2]}}}]},{"name":"group2","pivot":[-5.56709,21.94729,0.13318],"cubes":[{"origin":[-10,16,-2.5],"size":[6,1,6],"pivot":[-4.93174,22.50687,0.5],"rotation":[0,-30,0],"uv":[0,110]},{"origin":[-8,17,-0.5],"size":[2,3,2],"pivot":[-4.93174,22.50687,0.5],"rotation":[0,-30,0],"uv":[19,110]}]},{"name":"bone","parent":"group2","pivot":[-6.73197,25.00209,-0.53936],"cubes":[{"origin":[-8.34801,29.02558,0],"size":[7.5,1,1],"pivot":[-4.93174,22.50687,0.5],"rotation":[0,-30,0],"uv":[0,118]},{"origin":[-6.80711,20.01665,0],"size":[6,1,1],"pivot":[-4.93174,22.50687,0.5],"rotation":[0,-30,0],"uv":[25,93]},{"origin":[-0.80711,20.01665,0],"size":[1,10,1],"pivot":[-4.93174,22.50687,0.5],"rotation":[0,-30,0],"uv":[24,117]}]},{"name":"bone3","parent":"bone","pivot":[-6.73197,25.00209,-0.53936],"cubes":[{"origin":[-10.73197,21.00209,-4.53936],"size":[8,8,8],"uv":[0,93]}]}]}]}