{"format_version":"1.12.0","minecraft:geometry":[{"description":{"identifier":"geometry.unclaimer","texture_width":128,"texture_height":128,"visible_bounds_width":26,"visible_bounds_height":44,"visible_bounds_offset":[0,20,0]},"bones":[{"name":"bone16","pivot":[0,0,0]},{"name":"bone7","parent":"bone16","pivot":[-0.6,4,-0.3],"cubes":[{"origin":[-128.6,-2,-129.3],"size":[256,34,256],"uv":{"north":{"uv":[0,35],"uv_size":[38,7]},"east":{"uv":[0,35],"uv_size":[38,7]},"south":{"uv":[0,35],"uv_size":[38,7]},"west":{"uv":[0,35],"uv_size":[38,7]},"up":{"uv":[0,0],"uv_size":[0,0]},"down":{"uv":[0,0],"uv_size":[0,0]}}}]},{"name":"bone8","parent":"bone7","pivot":[-0.6,4,-0.3],"rotation":[0,-22.5,0],"cubes":[{"origin":[-128.6,-2,-129.3],"size":[256,34,256],"uv":{"north":{"uv":[0,35],"uv_size":[38,7]},"east":{"uv":[0,35],"uv_size":[38,7]},"south":{"uv":[0,35],"uv_size":[38,7]},"west":{"uv":[0,35],"uv_size":[38,7]},"up":{"uv":[0,0],"uv_size":[0,0]},"down":{"uv":[0,0],"uv_size":[0,0]}}}]},{"name":"bone9","parent":"bone8","pivot":[-0.6,4,-0.3],"rotation":[0,-22.5,0],"cubes":[{"origin":[-128.6,-2,-129.3],"size":[256,34,256],"uv":{"north":{"uv":[0,35],"uv_size":[38,7]},"east":{"uv":[0,35],"uv_size":[38,7]},"south":{"uv":[0,35],"uv_size":[38,7]},"west":{"uv":[0,35],"uv_size":[38,7]},"up":{"uv":[0,0],"uv_size":[0,0]},"down":{"uv":[0,0],"uv_size":[0,0]}}}]},{"name":"bone10","parent":"bone9","pivot":[-0.6,4,-0.3],"rotation":[0,-22.5,0],"cubes":[{"origin":[-128.6,-2,-129.3],"size":[256,34,256],"uv":{"north":{"uv":[0,35],"uv_size":[38,7]},"east":{"uv":[0,35],"uv_size":[38,7]},"south":{"uv":[0,35],"uv_size":[38,7]},"west":{"uv":[0,35],"uv_size":[38,7]},"up":{"uv":[0,0],"uv_size":[0,0]},"down":{"uv":[0,0],"uv_size":[0,0]}}}]},{"name":"bone","parent":"bone16","pivot":[0,0,-1]},{"name":"1","parent":"bone","pivot":[-0.3157,0,-0.05114]},{"name":"bone4","parent":"1","pivot":[-0.3157,36.5,-1.05114],"cubes":[{"origin":[-15.3157,35,-16.05114],"size":[30,7,30],"uv":{"north":{"uv":[0,62],"uv_size":[30,7]},"east":{"uv":[0,62],"uv_size":[30,7]},"south":{"uv":[0,62],"uv_size":[30,7]},"west":{"uv":[0,62],"uv_size":[30,7]},"up":{"uv":[0,0],"uv_size":[0,0]},"down":{"uv":[0,0],"uv_size":[0,0]}}}]},{"name":"bone6","parent":"bone4","pivot":[-0.3157,53.37498,-1.30114],"rotation":[0,-22.5,0],"cubes":[{"origin":[-15.3157,35,-16.05114],"size":[30,7,30],"uv":{"north":{"uv":[0,62],"uv_size":[30,7]},"east":{"uv":[0,62],"uv_size":[30,7]},"south":{"uv":[0,62],"uv_size":[30,7]},"west":{"uv":[0,62],"uv_size":[30,7]},"up":{"uv":[0,0],"uv_size":[0,0]},"down":{"uv":[0,0],"uv_size":[0,0]}}}]},{"name":"bone14","parent":"bone6","pivot":[-0.3157,53.37498,-1.30114],"rotation":[0,-22.5,0],"cubes":[{"origin":[-15.3157,35,-16.05114],"size":[30,7,30],"uv":{"north":{"uv":[0,62],"uv_size":[30,7]},"east":{"uv":[0,62],"uv_size":[30,7]},"south":{"uv":[0,62],"uv_size":[30,7]},"west":{"uv":[0,62],"uv_size":[30,7]},"up":{"uv":[0,0],"uv_size":[0,0]},"down":{"uv":[0,0],"uv_size":[0,0]}}}]},{"name":"bone15","parent":"bone14","pivot":[-0.3157,53.37498,-1.30114],"rotation":[0,-22.5,0],"cubes":[{"origin":[-15.3157,35,-16.05114],"size":[30,7,30],"uv":{"north":{"uv":[0,62],"uv_size":[30,7]},"east":{"uv":[0,62],"uv_size":[30,7]},"south":{"uv":[0,62],"uv_size":[30,7]},"west":{"uv":[0,62],"uv_size":[30,7]},"up":{"uv":[0,0],"uv_size":[0,0]},"down":{"uv":[0,0],"uv_size":[0,0]}}}]},{"name":"bone2","parent":"1","pivot":[-0.3157,26.5,-1.05114],"cubes":[{"origin":[-15.3157,23,-16.05114],"size":[30,7,30],"uv":{"north":{"uv":[0,62],"uv_size":[30,7]},"east":{"uv":[0,62],"uv_size":[30,7]},"south":{"uv":[0,62],"uv_size":[30,7]},"west":{"uv":[0,62],"uv_size":[30,7]},"up":{"uv":[0,0],"uv_size":[0,0]},"down":{"uv":[0,0],"uv_size":[0,0]}}}]},{"name":"bone11","parent":"bone2","pivot":[-0.3157,53.37498,-1.30114],"rotation":[0,-22.5,0],"cubes":[{"origin":[-15.3157,23,-16.05114],"size":[30,7,30],"uv":{"north":{"uv":[0,62],"uv_size":[30,7]},"east":{"uv":[0,62],"uv_size":[30,7]},"south":{"uv":[0,62],"uv_size":[30,7]},"west":{"uv":[0,62],"uv_size":[30,7]},"up":{"uv":[0,0],"uv_size":[0,0]},"down":{"uv":[0,0],"uv_size":[0,0]}}}]},{"name":"bone12","parent":"bone11","pivot":[-0.3157,53.37498,-1.30114],"rotation":[0,-22.5,0],"cubes":[{"origin":[-15.3157,23,-16.05114],"size":[30,7,30],"uv":{"north":{"uv":[0,62],"uv_size":[30,7]},"east":{"uv":[0,62],"uv_size":[30,7]},"south":{"uv":[0,62],"uv_size":[30,7]},"west":{"uv":[0,62],"uv_size":[30,7]},"up":{"uv":[0,0],"uv_size":[0,0]},"down":{"uv":[0,0],"uv_size":[0,0]}}}]},{"name":"bone13","parent":"bone12","pivot":[-0.3157,53.37498,-1.30114],"rotation":[0,-22.5,0],"cubes":[{"origin":[-15.3157,23,-16.05114],"size":[30,7,30],"uv":{"north":{"uv":[0,62],"uv_size":[30,7]},"east":{"uv":[0,62],"uv_size":[30,7]},"south":{"uv":[0,62],"uv_size":[30,7]},"west":{"uv":[0,62],"uv_size":[30,7]},"up":{"uv":[0,0],"uv_size":[0,0]},"down":{"uv":[0,0],"uv_size":[0,0]}}}]},{"name":"bone5","parent":"1","pivot":[-0.3157,53.37498,-1.30114],"cubes":[{"origin":[-15.3157,47,-16.05114],"size":[30,7,30],"uv":{"north":{"uv":[0,62],"uv_size":[30,7]},"east":{"uv":[0,62],"uv_size":[30,7]},"south":{"uv":[0,62],"uv_size":[30,7]},"west":{"uv":[0,62],"uv_size":[30,7]},"up":{"uv":[0,0],"uv_size":[0,0]},"down":{"uv":[0,0],"uv_size":[0,0]}}}]},{"name":"bone17","parent":"bone5","pivot":[-0.3157,53.37498,-1.30114],"rotation":[0,-22.5,0],"cubes":[{"origin":[-15.3157,47,-16.05114],"size":[30,7,30],"uv":{"north":{"uv":[0,62],"uv_size":[30,7]},"east":{"uv":[0,62],"uv_size":[30,7]},"south":{"uv":[0,62],"uv_size":[30,7]},"west":{"uv":[0,62],"uv_size":[30,7]},"up":{"uv":[0,0],"uv_size":[0,0]},"down":{"uv":[0,0],"uv_size":[0,0]}}}]},{"name":"bone18","parent":"bone17","pivot":[-0.3157,53.37498,-1.30114],"rotation":[0,-22.5,0],"cubes":[{"origin":[-15.3157,47,-16.05114],"size":[30,7,30],"uv":{"north":{"uv":[0,62],"uv_size":[30,7]},"east":{"uv":[0,62],"uv_size":[30,7]},"south":{"uv":[0,62],"uv_size":[30,7]},"west":{"uv":[0,62],"uv_size":[30,7]},"up":{"uv":[0,0],"uv_size":[0,0]},"down":{"uv":[0,0],"uv_size":[0,0]}}}]},{"name":"bone19","parent":"bone18","pivot":[-0.3157,53.37498,-1.30114],"rotation":[0,-22.5,0],"cubes":[{"origin":[-15.3157,47,-16.05114],"size":[30,7,30],"uv":{"north":{"uv":[0,62],"uv_size":[30,7]},"east":{"uv":[0,62],"uv_size":[30,7]},"south":{"uv":[0,62],"uv_size":[30,7]},"west":{"uv":[0,62],"uv_size":[30,7]},"up":{"uv":[0,0],"uv_size":[0,0]},"down":{"uv":[0,0],"uv_size":[0,0]}}}]},{"name":"top","parent":"bone16","pivot":[0,50.75,-1],"cubes":[{"origin":[-2,53,-3],"size":[4,17,4],"uv":[0,75]},{"origin":[-4,70,-5],"size":[8,8,8],"uv":[0,44]}]},{"name":"bone3","parent":"bone16","pivot":[0,0,0],"cubes":[{"origin":[-4,27,-5],"size":[8,26,8],"uv":[0,0]},{"origin":[-6,48,-7],"size":[12,4,12],"uv":[41,29]}]},{"name":"bb_main","parent":"bone16","pivot":[0,1,0.5],"cubes":[{"origin":[-16,1,-16.5],"size":[32,9,32],"uv":[0,75]},{"origin":[-12,10,-12.5],"size":[24,4,24],"uv":{"north":{"uv":[36,70],"uv_size":[24,4]},"east":{"uv":[12,70],"uv_size":[24,4]},"south":{"uv":[84,70],"uv_size":[24,4]},"west":{"uv":[60,70],"uv_size":[24,4]},"up":{"uv":[36,46],"uv_size":[24,24]},"down":{"uv":[68,103],"uv_size":[24,-24]}}},{"origin":[-7,14,-7.5],"size":[14,14,14],"uv":[34,0]},{"origin":[-23,1,-11.9],"size":[46,4,22],"uv":{"north":{"uv":[78,36],"uv_size":[46,4]},"east":{"uv":[0,99],"uv_size":[22,4]},"south":{"uv":[78,36],"uv_size":[46,4]},"west":{"uv":[0,99],"uv_size":[22,4]},"up":{"uv":[61,47],"uv_size":[46,22]},"down":{"uv":[61,69],"uv_size":[46,-22]}}},{"origin":[-23,1,-12],"size":[46,4,22],"pivot":[0,3,-1],"rotation":[0,-90,0],"uv":{"north":{"uv":[78,36],"uv_size":[46,4]},"east":{"uv":[0,99],"uv_size":[22,4]},"south":{"uv":[78,36],"uv_size":[46,4]},"west":{"uv":[0,99],"uv_size":[22,4]},"up":{"uv":[61,47],"uv_size":[46,22]},"down":{"uv":[61,69],"uv_size":[46,-22]}}}]}]}]}