{
  "$1_color_format": [
    0.227,
    0.663,
    1.0
  ],
  "$2_color_format": [
    0.212,
    0.604,
    0.173
  ],
  "$4_color_format": [
    0.706,
    0.165,
    0.169
  ],
  "$5_color_format": [
    0.584,
    0.208,
    0.741
  ],
  "$container_transition_time_pop": 0.2,
  "$container_transition_time_push": 0.2,
  "$is_zeqa": true,
  "$is_zeqa_rp": true,
  "$transition_time_pop": 0.2,
  "$transition_time_pop_size": 0.2,
  "$transition_time_push": 0.2,
  "$transition_time_push_size": 0.2
}