{
  "chat_label": {
    "line_padding": "($chat_line_spacing + 1)",
    "type": "label"
  },
  "hud_tip_text": {
    "offset": [
      0,
      -56
    ],
    "texture": "textures/ui/cps"
  },
  "root_panel": {
    "modifications": [
      {
        "array_name": "controls",
        "operation": "insert_front",
        "value": {
          "rules_toast@hud.rules_toast": {}
        }
      }
    ]
  },
  "rules_toast": {
    "$alpha_anims": [
      "@hud.toast_label_anim"
    ],
    "$display_time": 3.0,
    "$transition_in_time": 0.15,
    "$transition_out_time": 0.15,
    "bindings": [
      {
        "binding_name": "#objective_sidebar_name",
        "binding_type": "global"
      },
      {
        "binding_type": "view",
        "source_property_name": "(not(#objective_sidebar_name = '§l§eZeqa§f Practice'))",
        "target_property_name": "#visible"
      }
    ],
    "controls": [
      {
        "texture": {
          "anchor_from": "top_right",
          "anchor_to": "top_right",
          "anims": "$alpha_anims",
          "controls": [
            {
              "label@hud.toast_label": {
                "bindings": [
                  {
                    "binding_name": "#toast_title"
                  }
                ],
                "font_type": "MinecraftTen",
                "layer": 50,
                "offset": [
                  0,
                  0
                ],
                "size": [
                  200,
                  "default"
                ],
                "text": " Welcome to Zeqa! Please read the rules located on the pause screen.",
                "text_alignment": "center",
                "type": "label"
              }
            }
          ],
          "layer": 49,
          "offset": [
            250,
            2
          ],
          "size": [
            "100%c + 6px",
            "100%c + 13px"
          ],
          "texture": "textures/ui/greyBorder",
          "type": "image"
        }
      }
    ],
    "type": "panel"
  },
  "toast_label_anim": {
    "anim_type": "wait",
    "duration": 6,
    "next": "@hud.toast_label_anim_start"
  },
  "toast_label_anim_end": {
    "anim_type": "offset",
    "destroy_at_end": "rules_toast",
    "duration": 1,
    "easing": "in_sine",
    "from": [
      -2,
      2
    ],
    "to": [
      1500,
      2
    ]
  },
  "toast_label_anim_start": {
    "anim_type": "offset",
    "duration": 1,
    "easing": "spring",
    "from": [
      100,
      2
    ],
    "next": "@hud.toast_label_anim_wait",
    "to": [
      -2,
      2
    ]
  },
  "toast_label_anim_wait": {
    "anim_type": "wait",
    "duration": 6,
    "next": "@hud.toast_label_anim_end"
  }
}