{
  "namespace": "scoreboard",
  "scoreboard_sidebar": {
    "anchor_from": "right_middle",
    "anchor_to": "right_middle",
    "bindings": [
      {
        "binding_name": "#scoreboard_sidebar_visible",
        "binding_name_override": "#visible",
        "binding_type": "global"
      }
    ],
    "controls": [
      {
        "main": {
          "alpha": 0.5,
          "controls": [
            {
              "displayed_objective": {
                "anchor_from": "top_middle",
                "anchor_to": "top_middle",
                "bindings": [
                  {
                    "binding_name": "#objective_sidebar_name",
                    "binding_type": "global"
                  },
                  {
                    "binding_type": "view",
                    "resolve_sibling_scope": true,
                    "source_control_name": "displayed_objective",
                    "source_property_name": "(not(#objective_sidebar_name = '§l§eZeqa§f Practice'))",
                    "target_property_name": "#visible"
                  }
                ],
                "color": "$objective_title_color",
                "inherit_max_sibling_width": true,
                "layer": 1,
                "locked_alpha": 1.0,
                "max_size": [
                  750,
                  750
                ],
                "offset": [
                  0,
                  2
                ],
                "size": [
                  "default",
                  12
                ],
                "text": "#objective_sidebar_name",
                "text_alignment": "center",
                "type": "label"
              }
            },
            {
              "logo": {
                "anchor_from": "top_middle",
                "anchor_to": "top_middle",
                "bindings": [
                  {
                    "binding_name": "#objective_sidebar_name",
                    "binding_type": "global"
                  },
                  {
                    "binding_type": "view",
                    "resolve_sibling_scope": true,
                    "source_control_name": "logo",
                    "source_property_name": "(#objective_sidebar_name = '§l§eZeqa§f Practice')",
                    "target_property_name": "#visible"
                  }
                ],
                "layer": 1,
                "max_size": [
                  750,
                  750
                ],
                "offset": [
                  0,
                  5
                ],
                "size": [
                  57,
                  14
                ],
                "texture": "zeqa/textures/ui/sb/logo_scoreboard",
                "type": "image"
              }
            },
            {
              "lists": {
                "anchor_from": "bottom_left",
                "anchor_to": "bottom_left",
                "controls": [
                  {
                    "players": {
                      "anchor_from": "top_left",
                      "anchor_to": "top_left",
                      "bindings": [
                        {
                          "binding_name": "#scoreboard_sidebar_size",
                          "binding_name_override": "#collection_length",
                          "binding_type": "global"
                        }
                      ],
                      "collection_name": "scoreboard_players",
                      "factory": {
                        "control_name": "scoreboard.scoreboard_sidebar_player",
                        "name": "player_list_factory"
                      },
                      "max_size": [
                        100,
                        750
                      ],
                      "orientation": "vertical",
                      "size": [
                        "100%cm",
                        "100%c"
                      ],
                      "type": "stack_panel"
                    }
                  },
                  {
                    "scores": {
                      "anchor_from": "top_right",
                      "anchor_to": "top_right",
                      "bindings": [
                        {
                          "binding_name": "#scoreboard_sidebar_size",
                          "binding_name_override": "#collection_length",
                          "binding_type": "global"
                        }
                      ],
                      "collection_name": "scoreboard_scores",
                      "factory": {
                        "control_name": "scoreboard.scoreboard_sidebar_score",
                        "name": "player_score_factory"
                      },
                      "max_size": [
                        750,
                        750
                      ],
                      "orientation": "vertical",
                      "size": [
                        "100%cm",
                        "100%c"
                      ],
                      "type": "stack_panel"
                    }
                  }
                ],
                "inherit_max_sibling_width": true,
                "max_size": [
                  750,
                  750
                ],
                "offset": [
                  2,
                  -1
                ],
                "size": [
                  "100%c",
                  "100%cm"
                ],
                "type": "panel"
              }
            }
          ],
          "max_size": [
            750,
            750
          ],
          "size": [
            "100%cm+3px",
            "100%c+5px"
          ],
          "texture": "zeqa/textures/ui/sb/Black_sb",
          "type": "image"
        }
      }
    ],
    "ignored": "$scoreboards_feature_disabled",
    "size": [
      "100%cm",
      "100%c"
    ],
    "type": "panel"
  },
  "scoreboard_sidebar_player": {
    "anchor_from": "top_right",
    "anchor_to": "top_right",
    "bindings": [
      {
        "binding_collection_name": "scoreboard_players",
        "binding_name": "#player_name_sidebar",
        "binding_type": "collection"
      }
    ],
    "color": "$player_name_color",
    "inherit_max_sibling_width": true,
    "layer": 2,
    "locked_alpha": 1.0,
    "max_size": [
      750,
      750
    ],
    "size": [
      "default",
      10
    ],
    "text": "#player_name_sidebar",
    "text_alignment": "left",
    "type": "label"
  },
  "scoreboard_sidebar_score": {
    "anchor_from": "top_right",
    "anchor_to": "top_right",
    "bindings": [
      {
        "binding_collection_name": "scoreboard_scores",
        "binding_name": "#player_score_sidebar",
        "binding_type": "collection"
      }
    ],
    "color": [
      1.0,
      1.0,
      1.0,
      0.0
    ],
    "inherit_max_sibling_width": true,
    "layer": 2,
    "locked_alpha": 0.0,
    "max_size": [
      750,
      750
    ],
    "size": [
      "default",
      10
    ],
    "text": "#player_score_sidebar",
    "text_alignment": "right",
    "type": "label",
    "visible": false
  }
}