{
  "custom_dropdown": {
    "controls": [
      {
        "dropdown@settings_common.option_dropdown": {
          "$dropdown_area": "generated_form",
          "$dropdown_content": "server_form.custom_dropdown_content",
          "$dropdown_name": "custom_dropdown",
          "$dropdown_scroll_content_size": [
            "100%",
            "200%"
          ],
          "$label_bindings": [
            {
              "binding_collection_name": "custom_form",
              "binding_name": "#custom_text",
              "binding_type": "collection"
            }
          ],
          "$option_label": "#custom_text",
          "$options_dropdown_toggle_label_binding": "#dropdown_option_text",
          "$options_dropdown_toggle_label_binding_collection_name": "custom_form",
          "$options_dropdown_toggle_label_binding_type": "collection",
          "$toggle_binding_type": "collection",
          "$toggle_grid_collection_name": "custom_form"
        }
      }
    ],
    "size": [
      "100%",
      "100%c"
    ],
    "type": "panel"
  },
  "custom_dropdown_content@settings_common.option_radio_dropdown_group": {
    "$radio_bindings": [
      {
        "binding_collection_name": "custom_form",
        "binding_name": "#custom_dropdown_length",
        "binding_name_override": "#collection_length",
        "binding_type": "collection"
      }
    ],
    "$radio_buttons": [],
    "$radio_collection_name": "custom_dropdown",
    "$radio_factory": {
      "control_name": "server_form.custom_dropdown_radio",
      "name": "buttons"
    }
  },
  "custom_dropdown_radio@settings_common.radio_with_label": {
    "$radio_label_bindings": [
      {
        "binding_collection_name": "custom_dropdown",
        "binding_name": "#custom_radio_text",
        "binding_type": "collection"
      },
      {
        "binding_type": "collection_details"
      }
    ],
    "$radio_label_text": "#custom_radio_text",
    "$toggle_binding_type": "collection",
    "$toggle_collection_details_type": "collection_details",
    "$toggle_grid_collection_name": "custom_dropdown",
    "$toggle_name": "custom_dropdown_radio_toggle",
    "$toggle_state_binding_name": "#custom_radio_toggled"
  },
  "custom_form_panel": {
    "anchor_from": "top_left",
    "anchor_to": "top_left",
    "controls": [
      {
        "scrolling_panel@common.scrolling_panel": {
          "$scroll_background_image_control": "server_form.zeqa_rail",
          "$scroll_bar_right_padding_size": [
            0,
            0
          ],
          "$scroll_box_mouse_image_control": "server_form.zeqa_scroll_handle",
          "$scroll_box_touch_image_control": "server_form.zeqa_scroll_handle",
          "$scroll_size": [
            4,
            "100% - 4px"
          ],
          "$scroll_track_image_control": "server_form.zeqa_rail",
          "$scrolling_content": "server_form.custom_form_scrolling_content",
          "$scrolling_pane_offset": [
            5,
            0
          ],
          "$scrolling_pane_size": [
            "100% - 4px",
            "100% - 2px"
          ],
          "$show_background": false,
          "anchor_from": "top_left",
          "anchor_to": "top_left",
          "size": [
            "97%",
            "fill"
          ]
        }
      }
    ],
    "layer": 1,
    "orientation": "vertical",
    "size": [
      "100%",
      "100% - 23px"
    ],
    "type": "stack_panel"
  },
  "custom_form_scrolling_content": {
    "anchor_from": "top_left",
    "anchor_to": "top_left",
    "controls": [
      {
        "generated_form@server_form.generated_contents": {}
      },
      {
        "submit_button@common_buttons.light_text_button": {
          "$border_visible": false,
          "$button_text": "gui.submit",
          "$default_button_texture": "textures/ui/zeqa/longform/default_long",
          "$hover_button_texture": "textures/ui/zeqa/longform/default_hover_long",
          "$pressed_button_name": "button.submit_custom_form",
          "$pressed_button_texture": "textures/ui/zeqa/longform/default_pressed_long",
          "anchor_from": "top_left",
          "anchor_to": "top_left",
          "bindings": [
            {
              "binding_name": "#submit_button_visible",
              "binding_name_override": "#visible"
            }
          ],
          "size": [
            "100%",
            32
          ],
          "sound_name": "zeqa.click",
          "sound_volume": 1.0
        }
      }
    ],
    "offset": [
      2,
      0
    ],
    "orientation": "vertical",
    "size": [
      "100% - 4px",
      "100%c"
    ],
    "type": "stack_panel"
  },
  "custom_input@settings_common.option_text_edit": {
    "$label_bindings": [
      {
        "binding_collection_name": "custom_form",
        "binding_name": "#custom_text",
        "binding_type": "collection"
      }
    ],
    "$max_text_edit_length": 100,
    "$option_binding_name": "#custom_input_text",
    "$option_label": "#custom_text",
    "$option_place_holder_text": "#custom_placeholder_text",
    "$text_box_enabled_binding_name": "#custom_input_enabled",
    "$text_box_name": "custom_input",
    "$text_edit_box_content_binding_name": "#custom_input_text",
    "$text_edit_box_content_binding_type": "collection",
    "$text_edit_box_grid_collection_name": "custom_form",
    "$text_edit_box_placeholder_content_binding_name": "$option_place_holder_text",
    "$text_edit_box_placeholder_content_binding_type": "collection"
  },
  "custom_label@settings_common.option_group_label": {
    "$font_scale_factor": 1,
    "$text": "#custom_text",
    "$text_bindings": [
      {
        "binding_collection_name": "custom_form",
        "binding_name": "#custom_text",
        "binding_type": "collection"
      }
    ],
    "anchor_from": "top_left",
    "anchor_to": "top_left",
    "text_alignment": "center"
  },
  "custom_slider@settings_common.option_slider": {
    "$label_bindings": [
      {
        "binding_collection_name": "custom_form",
        "binding_name": "#custom_slider_text",
        "binding_type": "collection"
      }
    ],
    "$option_label": "#custom_slider_text",
    "$slider_binding_type": "collection",
    "$slider_collection_name": "custom_form",
    "$slider_enabled_binding_name": "#custom_slider_enabled",
    "$slider_enabled_binding_type": "collection",
    "$slider_name": "custom_slider",
    "$slider_tts_text_value": "#custom_slider_text_value",
    "$slider_value_binding_name": "#custom_slider_value"
  },
  "custom_step_slider@server_form.custom_slider": {
    "$label_bindings": [
      {
        "binding_collection_name": "custom_form",
        "binding_name": "#custom_slider_step_text",
        "binding_type": "collection"
      }
    ],
    "$option_label": "#custom_slider_step_text",
    "$slider_name": "custom_slider_step",
    "$slider_steps_binding_name": "#custom_slider_steps",
    "$slider_steps_binding_type": "collection",
    "$slider_tts_text_value": "#custom_slider_step_text_value",
    "$slider_value_binding_name": "#custom_slider_step_value"
  },
  "default_custom_form": {
    "anchor_from": "center",
    "anchor_to": "center",
    "controls": [
      {
        "title": {
          "alpha": 1,
          "anchor_from": "top_middle",
          "anchor_to": "top_middle",
          "controls": [
            {
              "title_text": {
                "anchor_from": "top_middle",
                "anchor_to": "top_middle",
                "bindings": [
                  {
                    "binding_name": "#title_text",
                    "binding_type": "global"
                  }
                ],
                "font_scale_factor": 1.3,
                "font_type": "MinecraftSeven",
                "layer": 5,
                "offset": [
                  0,
                  1
                ],
                "shadow": false,
                "text": "#title_text",
                "text_alignment": "center",
                "type": "label"
              }
            }
          ],
          "layer": 4,
          "offset": [
            0,
            -5
          ],
          "size": [
            "100%c +10px",
            "100%c +3px"
          ],
          "texture": "textures/ui/zeqa/longform/titlebg",
          "type": "image"
        }
      },
      {
        "close_button@server_form.zeqa_close_button": {
          "anchor_from": "top_right",
          "anchor_to": "top_right",
          "offset": [
            5,
            -8
          ]
        }
      },
      {
        "contents": {
          "allow_clipping": true,
          "clips_children": true,
          "controls": [
            {
              "add_panel": {
                "anchor_from": "top_left",
                "anchor_to": "top_left",
                "controls": [
                  {
                    "padding": {
                      "size": [
                        "100%",
                        15
                      ],
                      "type": "panel"
                    }
                  },
                  {
                    "custom_form_panel@custom_form_panel": {}
                  }
                ],
                "offset": [
                  0,
                  0
                ],
                "orientation": "vertical",
                "size": [
                  "100%",
                  "100%"
                ],
                "type": "stack_panel"
              }
            }
          ],
          "keep_ratio": false,
          "layer": 2,
          "size": [
            "100%",
            "100%"
          ],
          "texture": "textures/ui/zeqa/longform/background",
          "type": "image"
        }
      }
    ],
    "orientation": "vertical",
    "size": [
      200,
      200
    ],
    "type": "panel"
  },
  "default_long_form": {
    "anchor_from": "center",
    "anchor_to": "center",
    "controls": [
      {
        "title": {
          "alpha": 1,
          "anchor_from": "top_middle",
          "anchor_to": "top_middle",
          "controls": [
            {
              "title_text": {
                "anchor_from": "top_middle",
                "anchor_to": "top_middle",
                "bindings": [
                  {
                    "binding_name": "#title_text",
                    "binding_type": "global"
                  }
                ],
                "font_scale_factor": 1.3,
                "font_type": "MinecraftSeven",
                "layer": 5,
                "offset": [
                  0,
                  1
                ],
                "shadow": false,
                "text": "#title_text",
                "text_alignment": "center",
                "type": "label"
              }
            }
          ],
          "layer": 4,
          "offset": [
            0,
            -5
          ],
          "size": [
            "100%c +10px",
            "100%c +3px"
          ],
          "texture": "textures/ui/zeqa/longform/titlebg",
          "type": "image"
        }
      },
      {
        "close_button@server_form.zeqa_close_button": {
          "anchor_from": "top_right",
          "anchor_to": "top_right",
          "offset": [
            5,
            -8
          ]
        }
      },
      {
        "contents": {
          "allow_clipping": true,
          "clips_children": true,
          "controls": [
            {
              "add_panel": {
                "anchor_from": "top_left",
                "anchor_to": "top_left",
                "controls": [
                  {
                    "padding": {
                      "size": [
                        "100%",
                        15
                      ],
                      "type": "panel"
                    }
                  },
                  {
                    "long_form_panel@long_form_panel": {}
                  }
                ],
                "offset": [
                  0,
                  0
                ],
                "orientation": "vertical",
                "size": [
                  "100%",
                  "100%"
                ],
                "type": "stack_panel"
              }
            }
          ],
          "keep_ratio": false,
          "layer": 2,
          "size": [
            "100%",
            "100%"
          ],
          "texture": "textures/ui/zeqa/longform/background",
          "type": "image"
        }
      }
    ],
    "orientation": "vertical",
    "size": [
      200,
      200
    ],
    "type": "panel"
  },
  "dynamic_button": {
    "controls": [
      {
        "panel_name": {
          "bindings": [
            {
              "binding_type": "view",
              "resolve_sibling_scope": true,
              "source_control_name": "image",
              "source_property_name": "(not (#texture = ''))",
              "target_property_name": "#visible"
            }
          ],
          "controls": [
            {
              "image": {
                "bindings": [
                  {
                    "binding_collection_name": "form_buttons",
                    "binding_name": "#form_button_texture",
                    "binding_name_override": "#texture",
                    "binding_type": "collection"
                  },
                  {
                    "binding_collection_name": "form_buttons",
                    "binding_name": "#form_button_texture_file_system",
                    "binding_name_override": "#texture_file_system",
                    "binding_type": "collection"
                  },
                  {
                    "binding_type": "view",
                    "source_property_name": "(not ((#texture = '') or (#texture = 'loading')))",
                    "target_property_name": "#visible"
                  }
                ],
                "layer": 2,
                "offset": [
                  -2,
                  0
                ],
                "size": [
                  32,
                  32
                ],
                "type": "image"
              }
            },
            {
              "progress@progress.progress_loading_spinner": {
                "bindings": [
                  {
                    "binding_type": "view",
                    "resolve_sibling_scope": true,
                    "source_control_name": "image",
                    "source_property_name": "(#texture = 'loading')",
                    "target_property_name": "#visible"
                  }
                ],
                "offset": [
                  -2,
                  16
                ],
                "size": [
                  14,
                  14
                ]
              }
            }
          ],
          "size": [
            34,
            "100%c"
          ],
          "type": "panel"
        }
      },
      {
        "form_button@common_buttons.light_text_button": {
          "$border_visible": false,
          "$button_text": "#form_button_text",
          "$button_text_binding_type": "collection",
          "$button_text_grid_collection_name": "form_buttons",
          "$button_text_max_size": [
            "100%",
            20
          ],
          "$default_button_texture": "textures/ui/zeqa/longform/default_long",
          "$hover_button_texture": "textures/ui/zeqa/longform/default_hover_long",
          "$pressed_button_name": "button.form_button_click",
          "$pressed_button_texture": "textures/ui/zeqa/longform/default_pressed_long",
          "anchor_from": "top_left",
          "anchor_to": "top_left",
          "bindings": [
            {
              "binding_collection_name": "form_buttons",
              "binding_type": "collection_details"
            }
          ],
          "size": [
            "fill",
            32
          ],
          "sound_name": "zeqa.click",
          "sound_volume": 1.0
        }
      }
    ],
    "orientation": "horizontal",
    "size": [
      "100%",
      32
    ],
    "type": "stack_panel"
  },
  "generated_contents": {
    "anchor_from": "top_left",
    "anchor_to": "top_left",
    "bindings": [
      {
        "binding_name": "#custom_form_length",
        "binding_name_override": "#collection_length"
      }
    ],
    "collection_name": "custom_form",
    "factory": {
      "control_ids": {
        "dropdown": "@server_form.custom_dropdown",
        "input": "@server_form.custom_input",
        "label": "@server_form.custom_label",
        "slider": "@server_form.custom_slider",
        "step_slider": "@server_form.custom_step_slider",
        "toggle": "@server_form.zeqa_toggle"
      },
      "name": "buttons"
    },
    "orientation": "vertical",
    "size": [
      "100%",
      "100%c"
    ],
    "type": "stack_panel"
  },
  "long_form_dynamic_buttons_panel": {
    "anchor_from": "top_middle",
    "anchor_to": "top_middle",
    "bindings": [
      {
        "binding_name": "#form_button_length",
        "binding_name_override": "#collection_length"
      }
    ],
    "collection_name": "form_buttons",
    "factory": {
      "control_name": "server_form.dynamic_button",
      "name": "buttons"
    },
    "offset": [
      2,
      0
    ],
    "orientation": "vertical",
    "size": [
      "100% - 4px",
      "100%c"
    ],
    "type": "stack_panel"
  },
  "long_form_panel": {
    "anchor_from": "top_left",
    "anchor_to": "top_left",
    "controls": [
      {
        "scrolling_panel@common.scrolling_panel": {
          "$scroll_background_image_control": "server_form.zeqa_rail",
          "$scroll_bar_right_padding_size": [
            0,
            0
          ],
          "$scroll_box_mouse_image_control": "server_form.zeqa_scroll_handle",
          "$scroll_box_touch_image_control": "server_form.zeqa_scroll_handle",
          "$scroll_size": [
            4,
            "100% - 4px"
          ],
          "$scroll_track_image_control": "server_form.zeqa_rail",
          "$scrolling_content": "server_form.long_form_scrolling_content",
          "$scrolling_pane_offset": [
            5,
            0
          ],
          "$scrolling_pane_size": [
            "100% - 4px",
            "100% - 2px"
          ],
          "$show_background": false,
          "anchor_from": "top_left",
          "anchor_to": "top_left",
          "size": [
            "97%",
            "fill"
          ]
        }
      }
    ],
    "layer": 1,
    "orientation": "vertical",
    "size": [
      "100%",
      "100% - 23px"
    ],
    "type": "stack_panel"
  },
  "long_form_scrolling_content": {
    "anchor_from": "top_left",
    "anchor_to": "top_left",
    "controls": [
      {
        "label_offset_panel": {
          "controls": [
            {
              "main_label": {
                "anchor_from": "top_left",
                "anchor_to": "top_left",
                "color": "$main_header_text_color",
                "offset": [
                  5,
                  0
                ],
                "size": [
                  "100%",
                  "default"
                ],
                "text": "#form_text",
                "type": "label"
              }
            }
          ],
          "size": [
            "100%",
            "100%c"
          ],
          "type": "panel"
        }
      },
      {
        "wrapping_panel": {
          "controls": [
            {
              "long_form_dynamic_buttons_panel@server_form.long_form_dynamic_buttons_panel": {}
            }
          ],
          "size": [
            "100%",
            "100%c"
          ],
          "type": "panel"
        }
      }
    ],
    "orientation": "vertical",
    "size": [
      "100% - 4px",
      "100%c"
    ],
    "type": "stack_panel"
  },
  "namespace": "server_form",
  "option_toggle_off@server_form.toggleimage": {
    "texture": "textures/ui/zeqa/longform/off"
  },
  "option_toggle_off_hover@server_form.toggleimage": {
    "texture": "textures/ui/zeqa/longform/offhover"
  },
  "option_toggle_on@server_form.toggleimage": {
    "texture": "textures/ui/zeqa/longform/on"
  },
  "option_toggle_on_hover@server_form.toggleimage": {
    "texture": "textures/ui/zeqa/longform/onhover"
  },
  "third_party_server_screen@common.base_screen": {
    "$screen_content": "server_form.zeqa_main_content",
    "button_mappings": [
      {
        "from_button_id": "button.menu_cancel",
        "mapping_type": "global",
        "to_button_id": "button.menu_exit"
      }
    ]
  },
  "toggleimage": {
    "anchor_from": "top_left",
    "anchor_to": "top_left",
    "size": [
      "100%",
      "100%"
    ],
    "type": "image"
  },
  "zeqa_close_button@common.close_button": {
    "$default_button_alpha": 1,
    "anchor_from": "top_right",
    "anchor_to": "top_right",
    "bindings": [
      {
        "binding_name": "(not #is_using_gamepad)",
        "binding_name_override": "#visible"
      }
    ],
    "controls": [
      {
        "default": {
          "controls": [
            {
              "close@common.close_button_panel": {
                "$close_button_texture": "textures/ui/zeqa/longform/exit"
              }
            }
          ],
          "layer": 2,
          "size": [
            "100%c",
            "100%c"
          ],
          "texture": "textures/ui/zeqa/longform/exitbg",
          "type": "image"
        }
      },
      {
        "hover": {
          "controls": [
            {
              "close@common.close_button_panel": {
                "$close_button_texture": "textures/ui/zeqa/longform/exit_hover"
              }
            }
          ],
          "layer": 3,
          "size": [
            "100%c",
            "100%c"
          ],
          "texture": "textures/ui/zeqa/longform/exitbg",
          "type": "image"
        }
      },
      {
        "pressed": {
          "controls": [
            {
              "close@common.close_button_panel": {
                "$close_button_texture": "textures/ui/zeqa/longform/exit_hover"
              }
            }
          ],
          "layer": 2,
          "size": [
            "100%c",
            "100%c"
          ],
          "texture": "textures/ui/zeqa/longform/exitbg",
          "type": "image"
        }
      }
    ],
    "layer": 6,
    "offset": [
      0,
      0
    ],
    "visible": "(not $is_console)"
  },
  "zeqa_main_content": {
    "controls": [
      {
        "server_form_factory": {
          "control_ids": {
            "custom_form": "@server_form.default_custom_form",
            "long_form": "@server_form.zeqas_long_form"
          },
          "type": "factory"
        }
      }
    ],
    "size": [
      "100%",
      "100%"
    ],
    "type": "panel"
  },
  "zeqa_rail@common.scroll_indent_image": {
    "size": [
      "100%",
      "100%"
    ],
    "texture": "textures/ui/zeqa/longform/scrollbarbg"
  },
  "zeqa_scroll_handle@common.scrollbar_box_image": {
    "size": [
      "100%",
      "100%"
    ],
    "texture": "textures/ui/zeqa/longform/scrollbar"
  },
  "zeqa_toggle": {
    "controls": [
      {
        "custom_toggles@common.toggle": {
          "$checked_control": "server_form.option_toggle_on",
          "$checked_hover_control": "server_form.option_toggle_on_hover",
          "$label_bindings": [
            {
              "binding_collection_name": "custom_form",
              "binding_name": "#custom_text",
              "binding_type": "collection"
            }
          ],
          "$option_binding_name": "#custom_toggle_state",
          "$option_label": "#custom_text",
          "$toggle_binding_type": "collection",
          "$toggle_enabled_binding_name": "#custom_toggle_enabled",
          "$toggle_enabled_binding_type": "collection",
          "$toggle_grid_collection_name": "custom_form",
          "$toggle_name": "custom_toggle",
          "$toggle_state_binding_name": "#custom_toggle_state",
          "$unchecked_control": "server_form.option_toggle_off",
          "$unchecked_hover_control": "server_form.option_toggle_off_hover",
          "anchor_from": "top_left",
          "anchor_to": "top_left",
          "layer": 2,
          "offset": [
            1,
            3
          ],
          "size": [
            "15% - 10px",
            "100% - 10px"
          ]
        }
      },
      {
        "custom_label_text@server_form.custom_label": {
          "offset": [
            23,
            3
          ],
          "text_alignment": "center"
        }
      }
    ],
    "size": [
      "100%",
      "15%x"
    ],
    "type": "panel"
  },
  "zeqas_long_form": {
    "$cosmetics": "§w",
    "$emojis": "",
    "$grid": "§j",
    "$maps": "§y",
    "$rank": "",
    "$rules": "",
    "controls": [
      {
        "long_form@default_long_form": {
          "bindings": [
            {
              "binding_condition": "none",
              "binding_name": "#title_text",
              "binding_name_override": "#title_text",
              "binding_type": "global"
            },
            {
              "binding_type": "view",
              "source_property_name": "(((#title_text - $maps)  = #title_text) and ((#title_text - $emojis)  = #title_text) and ((#title_text - $cosmetics)  = #title_text) and ((#title_text - $grid)  = #title_text)  and ((#title_text - $rank) = #title_text)  and ((#title_text - $rules) = #title_text)))",
              "target_property_name": "#visible"
            }
          ]
        }
      },
      {
        "grid@grid.zeqa_long_form": {
          "bindings": [
            {
              "binding_condition": "none",
              "binding_name": "#title_text",
              "binding_name_override": "#title_text",
              "binding_type": "global"
            },
            {
              "binding_type": "view",
              "source_property_name": "(not((#title_text - $grid) = #title_text))",
              "target_property_name": "#visible"
            }
          ]
        }
      },
      {
        "maps@maps.zeqa_long_form": {
          "bindings": [
            {
              "binding_condition": "none",
              "binding_name": "#title_text",
              "binding_name_override": "#title_text",
              "binding_type": "global"
            },
            {
              "binding_type": "view",
              "source_property_name": "(not((#title_text - $maps) = #title_text))",
              "target_property_name": "#visible"
            }
          ]
        }
      },
      {
        "cosmetics@cosmetics.zeqa_cosmetics_form": {
          "bindings": [
            {
              "binding_condition": "none",
              "binding_name": "#title_text",
              "binding_name_override": "#title_text",
              "binding_type": "global"
            },
            {
              "binding_type": "view",
              "source_property_name": "(not((#title_text - $cosmetics) = #title_text))",
              "target_property_name": "#visible"
            }
          ]
        }
      },
      {
        "ranks@static.zeqa_rank_form": {
          "bindings": [
            {
              "binding_condition": "none",
              "binding_name": "#title_text",
              "binding_name_override": "#title_text",
              "binding_type": "global"
            },
            {
              "binding_type": "view",
              "source_property_name": "(not((#title_text - $rank) = #title_text))",
              "target_property_name": "#visible"
            }
          ]
        }
      },
      {
        "rules@static.zeqa_rules_form": {
          "bindings": [
            {
              "binding_condition": "none",
              "binding_name": "#title_text",
              "binding_name_override": "#title_text",
              "binding_type": "global"
            },
            {
              "binding_type": "view",
              "source_property_name": "(not((#title_text - $rules) = #title_text))",
              "target_property_name": "#visible"
            }
          ]
        }
      },
      {
        "emojis@static.zeqa_emojis_form": {
          "bindings": [
            {
              "binding_condition": "none",
              "binding_name": "#title_text",
              "binding_name_override": "#title_text",
              "binding_type": "global"
            },
            {
              "binding_type": "view",
              "source_property_name": "(not((#title_text - $emojis) = #title_text))",
              "target_property_name": "#visible"
            }
          ]
        }
      }
    ],
    "size": [
      "100%",
      "100%"
    ],
    "type": "panel"
  }
}