{
  "animations": {
    "animation.balloonflag.idle": {
      "animation_length": 1.5,
      "bones": {
        "bone": {
          "position": {
            "0.0": [
              0,
              0,
              0
            ],
            "0.4167": [
              0,
              0.25,
              0
            ],
            "0.7083": [
              0,
              0.35,
              0
            ],
            "1.0417": [
              0,
              0.25,
              0
            ],
            "1.5": [
              0,
              0,
              0
            ]
          }
        },
        "burst": {
          "scale": 0
        },
        "string": {
          "scale": {
            "0.0": [
              1,
              1,
              1
            ],
            "0.4167": [
              1,
              1.02,
              1
            ],
            "0.7083": [
              1,
              1.02,
              1
            ],
            "1.0417": [
              1,
              1.02,
              1
            ],
            "1.5": [
              1,
              1,
              1
            ]
          }
        }
      },
      "loop": true
    }
  },
  "format_version": "1.8.0"
}