{
  "animations": {
    "animation.idle.idle": {
      "animation_length": 4.75,
      "bones": {
        "a": {
          "position": {
            "0.1667": {
              "lerp_mode": "catmullrom",
              "post": [
                0,
                0,
                0
              ]
            },
            "2.1667": {
              "lerp_mode": "catmullrom",
              "post": [
                0,
                2,
                0
              ]
            },
            "4.75": {
              "lerp_mode": "catmullrom",
              "post": [
                0,
                0,
                0
              ]
            }
          }
        },
        "k": {
          "position": {
            "0.5833": {
              "lerp_mode": "catmullrom",
              "post": [
                0,
                0,
                0
              ]
            },
            "2.5833": {
              "lerp_mode": "catmullrom",
              "post": [
                0,
                2,
                0
              ]
            },
            "4.75": {
              "lerp_mode": "catmullrom",
              "post": [
                0,
                0,
                0
              ]
            }
          }
        },
        "kStroke": {
          "position": [
            0,
            0,
            0
          ]
        },
        "n": {
          "position": {
            "0.3333": {
              "lerp_mode": "catmullrom",
              "post": [
                0,
                0,
                0
              ]
            },
            "2.3333": {
              "lerp_mode": "catmullrom",
              "post": [
                0,
                2,
                0
              ]
            },
            "4.75": {
              "lerp_mode": "catmullrom",
              "post": [
                0,
                0,
                0
              ]
            }
          }
        },
        "nStroke": {
          "position": [
            0,
            0,
            0
          ]
        },
        "r": {
          "position": {
            "0.0": {
              "lerp_mode": "catmullrom",
              "post": [
                0,
                0,
                0
              ]
            },
            "2.0": {
              "lerp_mode": "catmullrom",
              "post": [
                0,
                2,
                0
              ]
            },
            "4.75": {
              "lerp_mode": "catmullrom",
              "post": [
                0,
                0,
                0
              ]
            }
          }
        },
        "s": {
          "position": {
            "0.75": {
              "lerp_mode": "catmullrom",
              "post": [
                0,
                0,
                0
              ]
            },
            "2.75": {
              "lerp_mode": "catmullrom",
              "post": [
                0,
                2,
                0
              ]
            },
            "4.75": {
              "lerp_mode": "catmullrom",
              "post": [
                0,
                0,
                0
              ]
            }
          }
        }
      },
      "loop": true
    }
  },
  "format_version": "1.8.0"
}