{"format_version":"1.12.0","minecraft:geometry":[{"bones":[{"cubes":[{"origin":[-5.25,14.5,-5.25],"size":[10.5,3.5,7.5],"uv":{"down":{"uv":[22,30],"uv_size":[11,-8]},"east":{"uv":[11,40],"uv_size":[8,4]},"north":{"uv":[33,13],"uv_size":[11,4]},"south":{"uv":[33,17],"uv_size":[11,4]},"up":{"uv":[22,14],"uv_size":[11,8]},"west":{"uv":[41,26],"uv_size":[8,4]}}},{"origin":[-4.5,16,-4.5],"size":[9,10,6],"uv":{"down":{"uv":[21,36],"uv_size":[9,-6]},"east":{"uv":[9,24],"uv_size":[6,10]},"north":{"uv":[13,14],"uv_size":[9,10]},"south":{"uv":[0,16],"uv_size":[9,10]},"up":{"uv":[26,7],"uv_size":[9,6]},"west":{"uv":[15,24],"uv_size":[6,10]}}}],"name":"body","pivot":[0,23.60705,-2.51554]},{"name":"chest","parent":"body","pivot":[0,23.60705,-2.51554]},{"cubes":[{"origin":[-6.5,24.17163,-5.72548],"pivot":[0,23.60705,-2.51554],"rotation":[10,0,0],"size":[13,7,8.5],"uv":{"down":{"uv":[0,16],"uv_size":[13,-8]},"east":{"uv":[0,26],"uv_size":[8,7]},"north":{"uv":[13,0],"uv_size":[13,7]},"south":{"uv":[13,7],"uv_size":[13,7]},"up":{"uv":[0,0],"uv_size":[13,8]},"west":{"uv":[26,0],"uv_size":[8,7]}}}],"name":"chestp","parent":"chest","pivot":[0,25.60705,0.48446]},{"cubes":[{"inflate":0.01,"origin":[6.5,23,-5],"size":[4,7,6],"uv":{"down":{"uv":[47,36],"uv_size":[4,-6]},"east":{"uv":[33,21],"uv_size":[6,7]},"north":{"uv":[9,16],"uv_size":[4,7]},"south":{"uv":[19,43],"uv_size":[4,7]},"up":{"uv":[37,46],"uv_size":[4,6]},"west":{"uv":[34,0],"uv_size":[6,7]}}}],"name":"leftArm","parent":"chest","pivot":[7.5,27.5,-2]},{"cubes":[{"origin":[6.5,14,-4],"size":[4,9,4],"uv":{"down":{"uv":[47,4],"uv_size":[4,-4]},"east":{"uv":[33,37],"uv_size":[4,9]},"north":{"uv":[37,28],"uv_size":[4,9]},"south":{"uv":[37,37],"uv_size":[4,9]},"up":{"uv":[46,22],"uv_size":[4,4]},"west":{"uv":[0,40],"uv_size":[4,9]}}}],"name":"left_elbow","parent":"leftArm","pivot":[10.55,23,0]},{"cubes":[{"inflate":0.01,"origin":[-10.5,23,-5],"size":[4,7,6],"uv":{"down":{"uv":[51,36],"uv_size":[-4,-6]},"east":{"uv":[40,0],"uv_size":[-6,7]},"north":{"uv":[13,16],"uv_size":[-4,7]},"south":{"uv":[23,43],"uv_size":[-4,7]},"up":{"uv":[41,46],"uv_size":[-4,6]},"west":{"uv":[39,21],"uv_size":[-6,7]}}}],"name":"rightArm","parent":"chest","pivot":[-7.5,27.5,-2]},{"cubes":[{"origin":[-10.5,14,-4],"size":[4,9,4],"uv":{"down":{"uv":[51,4],"uv_size":[-4,-4]},"east":{"uv":[4,40],"uv_size":[-4,9]},"north":{"uv":[41,28],"uv_size":[-4,9]},"south":{"uv":[41,37],"uv_size":[-4,9]},"up":{"uv":[50,22],"uv_size":[-4,4]},"west":{"uv":[37,37],"uv_size":[-4,9]}}}],"name":"right_elbow","parent":"rightArm","pivot":[-10.55,23,0]},{"name":"head","parent":"chest","pivot":[0,32,-3]},{"cubes":[{"origin":[-3.5,31.5,-9],"size":[7,5,6],"uv":{"down":{"uv":[41,64],"uv_size":[8,-6]},"east":{"uv":[50,59],"uv_size":[6,5]},"north":{"uv":[56,59],"uv_size":[8,5]},"south":{"uv":[56,53],"uv_size":[8,5]},"up":{"uv":[33,58],"uv_size":[8,6]},"west":{"uv":[50,53],"uv_size":[6,5]}}},{"inflate":0.25,"origin":[-3.5,31.5,-9],"size":[7,5,6],"uv":{"down":{"uv":[0,58],"uv_size":[8,-6]},"east":{"uv":[16,59],"uv_size":[6,5]},"north":{"uv":[8,59],"uv_size":[8,5]},"south":{"uv":[8,54],"uv_size":[8,5]},"up":{"uv":[0,58],"uv_size":[8,6]},"west":{"uv":[16,54],"uv_size":[6,5]}}},{"origin":[-3.75,34.549,-11.25],"size":[7.5,0,2],"uv":{"down":{"uv":[0,58],"uv_size":[8,-6]},"east":{"uv":[16,59],"uv_size":[6,5]},"north":{"uv":[8,59],"uv_size":[8,5]},"south":{"uv":[8,54],"uv_size":[8,5]},"up":{"uv":[22,62],"uv_size":[8,2]},"west":{"uv":[16,54],"uv_size":[6,5]}}}],"name":"skull","parent":"head","pivot":[0,32,-3]},{"cubes":[{"inflate":-0.01,"origin":[-3.5,29.5,-10],"size":[7,2,7],"uv":{"down":{"uv":[0,40],"uv_size":[7,-7]},"east":{"uv":[48,6],"uv_size":[7,2]},"north":{"uv":[48,4],"uv_size":[7,2]},"south":{"uv":[48,8],"uv_size":[7,2]},"up":{"uv":[30,30],"uv_size":[7,7]},"west":{"uv":[48,10],"uv_size":[7,2]}}},{"origin":[1.26564,31.46337,-9.74354],"pivot":[0,32.5,-3.25341],"rotation":[14.78217,-2.57594,-0.3342],"size":[1.25,2.25,1.5],"uv":{"down":{"uv":[56,32],"uv_size":[2,-2]},"east":{"uv":[54,27],"uv_size":[2,3]},"north":{"uv":[52,30],"uv_size":[2,3]},"south":{"uv":[56,27],"uv_size":[2,3]},"up":{"uv":[52,28],"uv_size":[2,2]},"west":{"uv":[54,30],"uv_size":[2,3]}}},{"origin":[-2.51564,31.46337,-9.74354],"pivot":[0,32.5,-3.25341],"rotation":[14.78217,2.57594,0.3342],"size":[1.25,2.25,1.5],"uv":{"down":{"uv":[58,32],"uv_size":[-2,-2]},"east":{"uv":[56,30],"uv_size":[-2,3]},"north":{"uv":[54,30],"uv_size":[-2,3]},"south":{"uv":[58,27],"uv_size":[-2,3]},"up":{"uv":[54,28],"uv_size":[-2,2]},"west":{"uv":[56,27],"uv_size":[-2,3]}}}],"name":"jaw","parent":"skull","pivot":[0,31,-6]},{"cubes":[{"origin":[0.2221,10,-5.14614],"size":[5.5,5,6.5],"uv":{"down":{"uv":[27,44],"uv_size":[6,-7]},"east":{"uv":[40,0],"uv_size":[7,5]},"north":{"uv":[41,40],"uv_size":[6,5]},"south":{"uv":[42,5],"uv_size":[6,5]},"up":{"uv":[21,36],"uv_size":[6,7]},"west":{"uv":[4,40],"uv_size":[7,5]}}}],"name":"leftLeg","parent":"body","pivot":[3,15,-1.5]},{"cubes":[{"origin":[0.9721,6,-4.39614],"size":[4.5,5,5],"uv":{"down":{"uv":[46,50],"uv_size":[5,-5]},"east":{"uv":[4,45],"uv_size":[5,5]},"north":{"uv":[27,44],"uv_size":[5,5]},"south":{"uv":[41,45],"uv_size":[5,5]},"up":{"uv":[32,46],"uv_size":[5,5]},"west":{"uv":[46,17],"uv_size":[5,5]}}}],"name":"lefthips","parent":"leftLeg","pivot":[0.9721,12,-4.39614]},{"cubes":[{"origin":[1,0,-3.5],"size":[3.5,7,4],"uv":{"down":{"uv":[47,44],"uv_size":[4,-4]},"east":{"uv":[44,10],"uv_size":[4,7]},"north":{"uv":[23,43],"uv_size":[4,7]},"south":{"uv":[11,44],"uv_size":[4,7]},"up":{"uv":[47,36],"uv_size":[4,4]},"west":{"uv":[15,44],"uv_size":[4,7]}}}],"name":"left_knee","parent":"lefthips","pivot":[4.5,6,-3.5]},{"cubes":[{"origin":[-5.7221,10,-5.14614],"size":[5.5,5,6.5],"uv":{"down":{"uv":[33,44],"uv_size":[-6,-7]},"east":{"uv":[11,40],"uv_size":[-7,5]},"north":{"uv":[47,40],"uv_size":[-6,5]},"south":{"uv":[48,5],"uv_size":[-6,5]},"up":{"uv":[27,36],"uv_size":[-6,7]},"west":{"uv":[47,0],"uv_size":[-7,5]}}}],"name":"rightLeg","parent":"body","pivot":[-3,15,-1.5]},{"cubes":[{"origin":[-5.4721,6,-4.39614],"size":[4.5,5,5],"uv":{"down":{"uv":[51,50],"uv_size":[-5,-5]},"east":{"uv":[51,17],"uv_size":[-5,5]},"north":{"uv":[32,44],"uv_size":[-5,5]},"south":{"uv":[46,45],"uv_size":[-5,5]},"up":{"uv":[37,46],"uv_size":[-5,5]},"west":{"uv":[9,45],"uv_size":[-5,5]}}}],"name":"righthips","parent":"rightLeg","pivot":[-0.9721,12,-4.39614]},{"cubes":[{"origin":[-4.5,0,-3.5],"size":[3.5,7,4],"uv":{"down":{"uv":[51,44],"uv_size":[-4,-4]},"east":{"uv":[19,44],"uv_size":[-4,7]},"north":{"uv":[27,43],"uv_size":[-4,7]},"south":{"uv":[15,44],"uv_size":[-4,7]},"up":{"uv":[51,36],"uv_size":[-4,4]},"west":{"uv":[48,10],"uv_size":[-4,7]}}}],"name":"right_knee","parent":"righthips","pivot":[-4.5,6,-3.5]}],"description":{"identifier":"geometry.zombie.brute","texture_height":64,"texture_width":64,"visible_bounds_height":3.5,"visible_bounds_offset":[0,1.25,0],"visible_bounds_width":3}}]}