{
  "format_version": "1.8.0",
  "minecraft:client_entity": {
    "description": {
      "animation_controllers": [
        {
          "general": "controller.animation.generic.single"
        }
      ],
      "animations": {
        "default": "animation.dancing_axolandl.lildance"
      },
      "geometry": {
        "default": "geometry.dancing_axolandl"
      },
      "identifier": "cubecraft:dancing_axolandl",
      "materials": {
        "default": "entity_alphatest"
      },
      "render_controllers": [
        "controller.render.agent"
      ],
      "textures": {
        "default": "textures/entity/luckyislands/dancing_axolandl"
      }
    }
  }
}