{"version":1,"content":[{"path":"manifest.json"},{"path":"pack_icon.png"},{"path":"texts/en_US.lang","key":"79HyCwduunTxlJUX2wEcz1mangHJIJeF"},{"path":"texts/languages.json","key":"8zGFt20A7RFuimlpHPUtEwwyUZlntXGW"},{"path":"textures/blocks/dried_kelp_side_a.png","key":"NLroO6o8X3GjU0S9kieKWupyj8APakP4"},{"path":"textures/blocks/dried_kelp_side_b.png","key":"tscM0V3xr5Zjvz0iRyKmCbXKSSYZbv4F"},{"path":"textures/blocks/dried_kelp_top.png","key":"RlzMHqq4vbrt2ZofA3neF1aGh6RNtHUs"},{"path":"textures/blocks/sponge.png","key":"iRQxclM4upbVYov9IXPeRd8Xh49jgO8u"},{"path":"textures/blocks/sponge_wet.png","key":"dkborq3og4UeqHpCIW254HaTPz2Gjbsk"},{"path":"signatures.json","key":"hczverRB2oFjH8CCRQsxsPZaeSn6ncPX"}]}