{
  "format_version": "1.8.0",
  "minecraft:attachable": {
    "description": {
      "geometry": {
        "default": "geometry.player.armor.helmet"
      },
      "identifier": "plutonium:lucky_helmet",
      "materials": {
        "default": "armor",
        "enchanted": "armor_enchanted"
      },
      "render_controllers": [
        "controller.render.armor"
      ],
      "scripts": {
        "parent_setup": "variable.helmet_layer_visible = 0.0;"
      },
      "textures": {
        "default": "textures/models/armor/lucky/lucky_main",
        "enchanted": "textures/misc/enchanted_item_glint"
      }
    }
  }
}