{
  "format_version": "1.8.0",
  "minecraft:attachable": {
    "description": {
      "geometry": {
        "default": "geometry.player.armor.boots"
      },
      "identifier": "plutonium:magic_sandals",
      "materials": {
        "default": "armor",
        "enchanted": "armor_enchanted"
      },
      "render_controllers": [
        "controller.render.armor"
      ],
      "scripts": {
        "parent_setup": "variable.boot_layer_visible = 0.0;"
      },
      "textures": {
        "default": "textures/models/armor/christmas/sandals_main",
        "enchanted": "textures/misc/enchanted_item_glint"
      }
    }
  }
}