{
   "namespace":"loto_list",
   "main_panel":{
      "type":"panel",
      "size":[
         "100%",
         "100%"
      ],
      "controls":[
         {
            "alignment_panel":{
               "type":"stack_panel",
               "size":[
                  "100%",
                  "100%"
               ],
               "orientation":"horizontal",
               "controls":[
                  {
                     "padding":{
                        "type":"panel",
                        "size":[
                           "5%",
                           "100%"
                        ]
                     }
                  },
                  {
                     "iner_panel":{
                        "type":"stack_panel",
                        "size":[
                           "100%",
                           "100%"
                        ],
                        "anchor_from":"top_left",
                        "anchor_to":"top_left",
                        "orientation":"vertical",
                        "controls":[
                           {
                              "padding1":{
                                 "type":"panel",
                                 "size":[
                                    "100%",
                                    "10%"
                                 ]
                              }
                           },
                           {
                              "common_text@loto_main.text":{
                                 "$text":"Tirages terminés"
                              }
                           },
                           {
                              "padding2":{
                                 "type":"panel",
                                 "size":[
                                    "100%",
                                    "2%"
                                 ]
                              }
                           },
                           {
                              "background_font":{
                                 "type":"image",
                                 "texture":"textures/loto/whitetransparency",
                                 "color":[
                                    0.172,
                                    0.172,
                                    0.341
                                 ],
                                 "size":[
                                    "90%",
                                    "80%"
                                 ],
                                 "keep_ratio":false,
                                 "controls":[
                                    {
                                       "panel_scroll":{
                                          "type":"panel",
                                          "size":[
                                             "98%",
                                             "98%"
                                          ],
                                          "controls":[
                                             {
                                                "scrolling_panel@server_form.scrolling_panel":{
                                                   "anchor_from":"top_middle",
                                                   "anchor_to":"top_middle",
                                                   "size":[
                                                      "100%",
                                                      "95%"
                                                   ],
                                                   "$show_background":false,
                                                   "$scroll_bar_side":"right",
                                                   "$scrolling_content":"loto_list.button_list_wrapper",
                                                   "$scroll_size":[
                                                      6,
                                                      "100%"
                                                   ],
                                                   "$scrolling_pane_size":[
                                                      "100% + 20px",
                                                      "100%"
                                                   ],
                                                   "$scrolling_pane_offset":[
                                                      10,
                                                      3
                                                   ],
                                                   "$scroll_bar_right_padding_size":[
                                                      25,
                                                      0
                                                   ]
                                                }
                                             }
                                          ]
                                       }
                                    }
                                 ]
                              }
                           }
                        ]
                     }
                  }
               ]
            }
         }
      ]
   },
   "button_list_wrapper":{
      "anchor_from":"top_middle",
      "anchor_to":"top_middle",
      "controls":[
         {
            "button_list@loto_list.button_list":{
               
            }
         }
      ],
      "offset":[
         5,
         0
      ],
      "size":[
         "95% - 8px",
         "100%c + 10px"
      ],
      "type":"panel"
   },
   "button_list":{
      "type":"stack_panel",
      "orientation":"vertical",
      "size":[
         "100%",
         "100%c"
      ],
      "anchor_from":"top_middle",
      "anchor_to":"top_middle",
      "bindings":[
         {
            "binding_name":"#form_button_length",
            "binding_name_override":"#collection_length"
         }
      ],
      "collection_name":"form_buttons",
      "factory":{
         "control_name":"loto_list.button_list_entry",
         "name":"button_list_factory"
      }
   },
   "button_list_entry":{
      "type":"panel",
      "size":[
         "100%",
         "100%c + 2px"
      ],
      "controls":[
         {
            "button@common.button":{
               "default_focus_precedence":1,
               "layer":1,
               "size":[
                  "100%",
                  "100%c"
               ],
               "$pressed_button_name":"button.form_button_click",
               "controls":[
                  {
                     "default@loto_list.button_list_entry_inside":{
                        "$state":"default"
                     }
                  },
                  {
                     "hover@loto_list.button_list_entry_inside":{
                        "$state":"hover"
                     }
                  },
                  {
                     "pressed@loto_list.button_list_entry_inside":{
                        "$state":"pressed"
                     }
                  }
               ],
               "bindings":[
                  {
                     "binding_name":"#form_button_text",
                     "binding_name_override":"#form_button_text",
                     "binding_type":"collection",
                     "binding_collection_name":"form_buttons"
                  },
                  {
                     "binding_type":"view",
                     "source_property_name":"(not(#form_button_text = 'back'))",
                     "target_property_name":"#visible"
                  }
               ]
            }
         }
      ]
   },
   "button_list_entry_inside":{
      "type":"panel",
      "size":[
         "100%",
         "100%c"
      ],
      "controls":[
         {
            "button_list":{
               "type":"image",
               "keep_ratio":false,
               "layer":2,
               "size":[
                  "100%",
                  "10%x"
               ],
               "texture":"textures/loto/main",
               "uv":[
                  0,
                  446
               ],
               "uv_size":[
                  234,
                  35
               ],
               "controls":[
                  {
                     "common_text@loto_main.text":{
                        "offset":[
                           "2%",
                           "10%"
                        ],
                        "$text":"#form_button_text",
                        "bindings":[
                           {
                              "binding_collection_name":"form_buttons",
                              "binding_condition":"none",
                              "binding_name":"#form_button_text",
                              "binding_type":"collection"
                           },
                           {
                              "binding_type":"view",
                              "source_property_name":"(('%.60s' * #form_button_text) - 'color_yellow' - 'color_red' - 'color_white' - 'color_orange' - 'color_green' - 'color_darkblue' - 'color_blue' - 'color_purple' - 'color_pink' - ':')",
                              "target_property_name":"#form_button_text"
                           }
                        ]
                     }
                  },
                  {
                     "common_text2@loto_main.text":{
                        "offset":[
                           "40%",
                           "10%"
                        ],
                        "$text":"#text",
                        "bindings":[
                           {
                              "binding_collection_name":"form_buttons",
                              "binding_condition":"none",
                              "binding_name":"#form_button_text",
                              "binding_type":"collection"
                           },
                           {
                              "binding_type":"view",
                              "source_property_name":"((#form_button_text - ('%.60s' * #form_button_text)) - 'color_yellow' - 'color_red' - 'color_white' - 'color_orange' - 'color_green' - 'color_darkblue' - 'color_blue' - 'color_purple' - 'color_pink' - ':')",
                              "target_property_name":"#text"
                           }

                        ]
                     }
                  },
                  {
                     "panel_banner":{
                        "type":"panel",
                        "anchor_from":"top_right",
                        "anchor_to":"top_right",
                        "size":[
                           "30%",
                           "100%"
                        ],
                        "controls":[
                           {
                              "jaune@loto_list.color_banner":{
                                 "$uv_color":[
                                    613,
                                    3
                                 ],
                                 "bindings":[
                                    {
                                       "binding_name":"#form_button_text",
                                       "binding_name_override":"#form_button_text",
                                       "binding_type":"collection",
                                       "binding_collection_name":"form_buttons"
                                    },
                                    {
                                       "binding_type":"view",
                                       "source_property_name":"(not((#form_button_text - 'color_yellow') \u003d #form_button_text))",
                                       "target_property_name":"#visible"
                                    }
                                 ]
                              }
                           },
                           {
                              "button2@loto_list.color_banner":{
                                 "$uv_color":[
                                    613,
                                    73
                                 ],
                                 "bindings":[
                                    {
                                       "binding_name":"#form_button_text",
                                       "binding_name_override":"#form_button_text",
                                       "binding_type":"collection",
                                       "binding_collection_name":"form_buttons"
                                    },
                                    {
                                       "binding_type":"view",
                                       "source_property_name":"(not((#form_button_text - 'color_red') \u003d #form_button_text))",
                                       "target_property_name":"#visible"
                                    }
                                 ]
                              }
                           },
                           {
                              "button3@loto_list.color_banner":{
                                 "$uv_color":[
                                    613,
                                    143
                                 ],
                                 "bindings":[
                                    {
                                       "binding_name":"#form_button_text",
                                       "binding_name_override":"#form_button_text",
                                       "binding_type":"collection",
                                       "binding_collection_name":"form_buttons"
                                    },
                                    {
                                       "binding_type":"view",
                                       "source_property_name":"(not((#form_button_text - 'color_orange') \u003d #form_button_text))",
                                       "target_property_name":"#visible"
                                    }
                                 ]
                              }
                           },
                           {
                              "button4@loto_list.color_banner":{
                                 "$uv_color":[
                                    613,
                                    213
                                 ],
                                 "bindings":[
                                    {
                                       "binding_name":"#form_button_text",
                                       "binding_name_override":"#form_button_text",
                                       "binding_type":"collection",
                                       "binding_collection_name":"form_buttons"
                                    },
                                    {
                                       "binding_type":"view",
                                       "source_property_name":"(not((#form_button_text - 'color_green') \u003d #form_button_text))",
                                       "target_property_name":"#visible"
                                    }
                                 ]
                              }
                           },
                           {
                              "button5@loto_list.color_banner":{
                                 "$uv_color":[
                                    613,
                                    283
                                 ],
                                 "bindings":[
                                    {
                                       "binding_name":"#form_button_text",
                                       "binding_name_override":"#form_button_text",
                                       "binding_type":"collection",
                                       "binding_collection_name":"form_buttons"
                                    },
                                    {
                                       "binding_type":"view",
                                       "source_property_name":"(not((#form_button_text - 'color_darkblue') \u003d #form_button_text))",
                                       "target_property_name":"#visible"
                                    }
                                 ]
                              }
                           },
                           {
                              "button6@loto_list.color_banner":{
                                 "$uv_color":[
                                    613,
                                    353
                                 ],
                                 "bindings":[
                                    {
                                       "binding_name":"#form_button_text",
                                       "binding_name_override":"#form_button_text",
                                       "binding_type":"collection",
                                       "binding_collection_name":"form_buttons"
                                    },
                                    {
                                       "binding_type":"view",
                                       "source_property_name":"(not((#form_button_text - 'color_blue') \u003d #form_button_text))",
                                       "target_property_name":"#visible"
                                    }
                                 ]
                              }
                           },
                           {
                              "button7@loto_list.color_banner":{
                                 "$uv_color":[
                                    613,
                                    423
                                 ],
                                 "bindings":[
                                    {
                                       "binding_name":"#form_button_text",
                                       "binding_name_override":"#form_button_text",
                                       "binding_type":"collection",
                                       "binding_collection_name":"form_buttons"
                                    },
                                    {
                                       "binding_type":"view",
                                       "source_property_name":"(not((#form_button_text - 'color_purple') \u003d #form_button_text))",
                                       "target_property_name":"#visible"
                                    }
                                 ]
                              }
                           },
                           {
                              "button8@loto_list.color_banner":{
                                 "$uv_color":[
                                    613,
                                    493
                                 ],
                                 "bindings":[
                                    {
                                       "binding_name":"#form_button_text",
                                       "binding_name_override":"#form_button_text",
                                       "binding_type":"collection",
                                       "binding_collection_name":"form_buttons"
                                    },
                                    {
                                       "binding_type":"view",
                                       "source_property_name":"(not((#form_button_text - 'color_pink') \u003d #form_button_text))",
                                       "target_property_name":"#visible"
                                    }
                                 ]
                              }
                           },
                           {
                              "button9@loto_list.color_banner":{
                                 "$uv_color":[
                                    613,
                                    563
                                 ],
                                 "bindings":[
                                    {
                                       "binding_name":"#form_button_text",
                                       "binding_name_override":"#form_button_text",
                                       "binding_type":"collection",
                                       "binding_collection_name":"form_buttons"
                                    },
                                    {
                                       "binding_type":"view",
                                       "source_property_name":"(not((#form_button_text - 'color_white') \u003d #form_button_text))",
                                       "target_property_name":"#visible"
                                    }
                                 ]
                              }
                           },
                           {
                              "banner_img":{
                                 "type":"image",
                                 "keep_ratio":false,
                                 "size":[
                                    "70%",
                                    "80%"
                                 ],
                                 "offset":[
                                    0,
                                    "-10%"
                                 ],
                                 "layer":10000,
                                 "bindings":[
                                    {
                                       "binding_name":"#form_button_texture",
                                       "binding_name_override":"#texture",
                                       "binding_type":"collection",
                                       "binding_collection_name":"form_buttons"
                                    },
                                    {
                                       "binding_name":"#form_button_texture_file_system",
                                       "binding_name_override":"#texture_file_system",
                                       "binding_type":"collection",
                                       "binding_collection_name":"form_buttons"
                                    },
                                    {
                                       "binding_type":"view",
                                       "source_property_name":"(not ((#texture \u003d \u0027\u0027) or (#texture \u003d \u0027loading\u0027)))",
                                       "target_property_name":"#visible"
                                    }
                                 ]
                              }
                           }
                        ]
                     }
                  }
               ]
            }
         }
      ]
   },
   "color_banner":{
      "type":"image",
      "texture":"textures/loto/main",
      "uv":"$uv_color",
      "uv_size":[
         160,
         61
      ],
      "keep_ratio":false
   }
}