{
    "namespace":"loto_buy",
    "main_panel":{
        "type":"panel",
        "size":[
           "100%",
           "100%"
        ],
        "controls":[
           {
              "inner_panel":{
                 "type":"panel",
                 "size":[
                    "90%",
                    "90%"
                 ],
                 "controls":[
                    {
                       "stack_panel":{
                          "type":"stack_panel",
                          "orientation":"vertical",
                          "size":[
                             "100%",
                             "100%"
                          ],
                          "controls":[
                             {
                                "top_text_panel":{
                                   "type":"panel",
                                   "keep_ratio":false,
                                   "size":[
                                      "100%",
                                      "5%"
                                   ],
                                   "controls":[
                                      {
                                         "common_text@loto_main.text":{
                                            "$text":"Informations"
                                         }
                                      }
                                   ]
                                }
                             },
                             {
                              "padding01":{
                                 "type":"panel",
                                 "size":["100%","1%"]
                              }
                             },
                             {
                                "img2":{
                                   "type":"image",
                                   "texture":"textures/loto/main",
                                   "keep_ratio":false,
                                   "size":[
                                      "100%",
                                      "45%"
                                   ],
                                   "uv":[172,229],
                                   "uv_size":[361,76],
                                   "alpha":1,
                                   "controls":[
                                     {
                                        "left_padding":{
                                           "type":"stack_panel",
                                           "orientation":"horizontal",
                                           "size":["100%","100%"],
                                           "controls":[ 
                                              {
                                                 "padding":{
                                                    "type":"panel",
                                                    "size":["3%","100%"]
                                                 }
                                              },
                                              {
                                                 "int_stack_panel":{
                                                    "type":"stack_panel",
                                                    "orientation":"vertical",
                                                    "size":["80%","100%"],
                                                    "anchor_from":"top_left",
                                                    "anchor_to":"top_left",
                                                    "controls":[ 
                                                       {
                                                          "padding":{
                                                             "type":"panel",
                                                             "size":["100%", "15%"]
                                                          }
                                                       },
                                                       {
                                                          "price_label":{
                                                             "type":"label", 
                                                             "anchor_from":"top_left",
                                                             "anchor_to":"top_left",
                                                             "localize":false,
                                                             "text":"#title_text",
                                                             "text_alignment":"left",
                                                             "font_scale_factor":2,
                                                             "bindings":[
                                                                {
                                                                   "binding_name":"#title_text"
                                                               },
                                                               {
                                                                   "binding_type":"view",
                                                                   "source_property_name":"(#title_text - 'buy' - '[yellow]' - '[red]' - '[orange]' - '[green]' - '[blue]' - '[dark_blue]' - '[pink]' - '[purple]' - '[white]')",
                                                                   "target_property_name":"#title_text"
                                                               }
                                                            ]
                                                          }
                                                       },
                                                       {
                                                          "padding2":{
                                                             "type":"panel",
                                                             "size":["100%", "3%"]
                                                          }
                                                       }
                                                    ]
                                                 }                      
                                              }
                                            
                                           ]
                                        }
                                     },
                                     {
                                       "right_panel":{
                                          "type": "panel",
                                          "size": ["48%","100%"],    
                                          "offset":["26%",0],                                            
                                          "controls":[
                                             {
                                                "right_panel_color@server_form.button_stack":{
                                                   "size":[
                                                      "100%",
                                                      "100%c"
                                                   ],
                                                   "$enab":false,
                                                   "$button":"loto_menu.right_panel_color"
                                                }
                                             }
                                          ]
                                       }
                                    }
                                   ]
                                }
                             },
                             {
                                "bottom_background":{
                                    "type":"image",
                                    "texture": "textures/loto/whitetransparency",
                                    "size":[
                                        "100%",
                                        "fill"
                                    ],
                                    "color":[
                                        0.215,
                                        0.219,
                                        0.431
                                    ],
                                    "keep_ratio": false,
                                    "controls": [
                                        {
                                            "bottom_stack_panel":{
                                               "type":"stack_panel",
                                               "size":[
                                                  "100%",
                                                  "100%"
                                               ],
                                               "orientation":"horizontal",
                                               "controls":[
                                                {
                                                    "padding":{
                                                       "type":"panel",
                                                       "size":[
                                                          "2%",
                                                          "100%"
                                                       ]
                                                    }
                                                 },
                                                  {
                                                     "left_bottom_panel":{
                                                        "type":"stack_panel",
                                                        "orientation":"vertical",
                                                        "anchor_from":"top_left",
                                                        "anchor_to":"top_left",
                                                        "size":[
                                                           "48%",
                                                           "100%"
                                                        ],
                                                        "controls":[
                                                            {
                                                                "img":{
                                                                    "type":"image",
                                                                    "texture":"textures/loto/whitetransparency",
                                                                    "color":[
                                                                    0.172,
                                                                    0.172,
                                                                    0.341
                                                                    ],
                                                                    "size":[
                                                                        "100%",
                                                                        "43%"
                                                                    ],
                                                                    "keep_ratio":false,
                                                                    "controls":[
                                                                        {
                                                                            "button_text@server_form.button_stack":{
                                                                               "size":[
                                                                                  "100%",
                                                                                  "100%c"
                                                                               ],                                                                             
                                                                               "$button":"loto_buy.text_button"
                                                                            }
                                                                         }
                                                                    ]
                                                                }
                                                            },
                                                            {
                                                                "padding":{
                                                                   "type":"panel",
                                                                   "size":[
                                                                      "100%",
                                                                      "5%"
                                                                   ]
                                                                }
                                                             },
                                                            {
                                                                "img":{
                                                                    "type":"image",
                                                                    "texture":"textures/loto/whitetransparency",                                                           
                                                                    "size":[
                                                                        "100%",
                                                                        "43%"
                                                                    ],
                                                                    "keep_ratio":false,
                                                                    "controls":
                                                                    [                                                                   
                                                                            {
                                                                                "yellow@loto_buy.color":{
                                                                                    "$uv":[874,38],
                                                                                    "bindings":[
                                                                                        {
                                                                                            "binding_type":"view",
                                                                                            "source_property_name":"(not((#title_text - [yellow]) = #title_text))",
                                                                                            "target_property_name":"#visible"
                                                                                        }
                                                                                    ]
                                                                                }
                                                                            },
                                                                            {
                                                                                "red@loto_buy.color":{
                                                                                    "$uv":[874,108],
                                                                                    "bindings":[
                                                                                        {
                                                                                            "binding_type":"view",
                                                                                            "source_property_name":"(not((#title_text - [red]) = #title_text))",
                                                                                            "target_property_name":"#visible"
                                                                                        }
                                                                                    ]
                                                                                }
                                                                            },
                                                                            {
                                                                                "orange@loto_buy.color":{
                                                                                    "$uv":[874,178],
                                                                                    "bindings":[
                                                                                        {
                                                                                            "binding_type":"view",
                                                                                            "source_property_name":"(not((#title_text - [orange]) = #title_text))",
                                                                                            "target_property_name":"#visible"
                                                                                        }
                                                                                    ]
                                                                                }
                                                                            },
                                                                            {
                                                                                "green@loto_buy.color":{
                                                                                    "$uv":[874,248],
                                                                                    "bindings":[
                                                                                        {
                                                                                            "binding_type":"view",
                                                                                            "source_property_name":"(not((#title_text - [green]) = #title_text))",
                                                                                            "target_property_name":"#visible"
                                                                                        }
                                                                                    ]
                                                                                }
                                                                            },                {
                                                                                "dark_blue@loto_buy.color":{
                                                                                    "$uv":[874,318],
                                                                                    "bindings":[
                                                                                        {
                                                                                            "binding_type":"view",
                                                                                            "source_property_name":"(not((#title_text - [dark_blue]) = #title_text))",
                                                                                            "target_property_name":"#visible"
                                                                                        }
                                                                                    ]
                                                                                }
                                                                            },
                                                                            {
                                                                                "blue@loto_buy.color":{
                                                                                    "$uv":[874,388],
                                                                                    "bindings":[
                                                                                        {
                                                                                            "binding_type":"view",
                                                                                            "source_property_name":"(not((#title_text - [blue]) = #title_text))",
                                                                                            "target_property_name":"#visible"
                                                                                        }
                                                                                    ]
                                                                                }
                                                                            },
                                                                            {
                                                                                "purple@loto_buy.color":{
                                                                                    "$uv":[874,458],
                                                                                    "bindings":[
                                                                                        {
                                                                                            "binding_type":"view",
                                                                                            "source_property_name":"(not((#title_text - [purple]) = #title_text))",
                                                                                            "target_property_name":"#visible"
                                                                                        }
                                                                                    ]
                                                                                }
                                                                            },
                                                                            {
                                                                                "pink@loto_buy.color":{
                                                                                    "$uv":[874,528],
                                                                                    "bindings":[
                                                                                        {
                                                                                            "binding_type":"view",
                                                                                            "source_property_name":"(not((#title_text - [pink]) = #title_text))",
                                                                                            "target_property_name":"#visible"
                                                                                        }
                                                                                    ]
                                                                                }
                                                                            },
                                                                            {
                                                                                "white@loto_buy.color":{
                                                                                    "$uv":[874,598],
                                                                                    "bindings":[
                                                                                        {
                                                                                            "binding_type":"view",
                                                                                            "source_property_name":"(not((#title_text - [white]) = #title_text))",
                                                                                            "target_property_name":"#visible"
                                                                                        }
                                                                                    ]
                                                                                }
                                                                            }             
                                                                        ]                                                                  
                                                                }
                                                            }
                                                        ]
                                                     }
                                                  },
                                                  {
                                                     "padding":{
                                                        "type":"panel",
                                                        "size":[
                                                           "3%",
                                                           "100%"
                                                        ]
                                                     }
                                                  },
                                                  {
                                                     "right_bottom_panel":{
                                                        "type":"stack_panel",
                                                        "orientation":"vertical",
                                                        "size":[
                                                           "fill",
                                                           "100%"
                                                        ],
                                                        "controls":[
                                                           {
                                                              "top_text_panel":{
                                                                 "type":"panel",
                                                                 "keep_ratio":false,
                                                                 "size":[
                                                                    "100%",
                                                                    "10%"
                                                                 ],
                                                                 "controls":[
                                                                    {
                                                                       "common_text@loto_main.text":{
                                                                          "$text":"Participer",
                                                                          "layer":100
                                                                       }
                                                                    }
                                                                 ]
                                                              }
                                                           },
                                                           {
                                                            "padding":{
                                                                "type":"panel",
                                                                "size":["100%","2%"]
                                                            }
                                                           },
                                                           {
                                                            "input_panel_image":{
                                                                "type":"image",
                                                                "texture":"textures/loto/whitetransparency",
                                                                "color":[
                                                                    0.172,
                                                                    0.172,
                                                                    0.341
                                                                ],
                                                                "size":["95%","80%"],
                                                                "keep_ratio":false,
                                                                "controls":[
                                                                    {
                                                                        "alligment_panel_top":{
                                                                            "type":"stack_panel",
                                                                            "orientation":"vertical",
                                                                            "size":["100%","100%"],
                                                                            "controls":[
                                                                                {
                                                                                    "padding":{ 
                                                                                        "type":"panel",
                                                                                        "size":["100%","7%"]
                                                                                    }
                                                                                },
                                                                                {
                                                                                    "alligment_panel_left":{
                                                                                        "type":"stack_panel",
                                                                                        "orientation":"horizontal",
                                                                                        "size":["100%","100%"],
                                                                                        "controls":[
                                                                                            {
                                                                                                "padding":{ 
                                                                                                    "type":"panel",
                                                                                                    "size":["5%","100%"]
                                                                                                }
                                                                                            },
                                                                                            {
                                                                                                "panel":{
                                                                                                    "type":"panel",
                                                                                                    "anchor_from":"top_left",
                                                                                                    "anchor_to":"top_left",                                                                                                
                                                                                                    "size":["100%","50%"],
                                                                                                    "controls":[
                                                                                                      {
                                                                                                         "stacked_panel":{
                                                                                                            "type":"stack_panel",
                                                                                                            "size":["70%","100%"],
                                                                                                            "orientation":"vertical",
                                                                                                            "anchor_from":"top_left",
                                                                                                            "anchor_to":"top_left",
                                                                                                            "controls":[
                                                                                                               {
                                                                                                                  "common_text@loto_main.text":{
                                                                                                                     "$text":"Tickets",
                                                                                                                     "layer":100
                                                                                                                  }
                                                                                                              },
                                                                                                              {
                                                                                                               "button_normal":{
                                                                                                                  "type":"panel",
                                                                                                                  "size":["100%","20%"],
                                                                                                                  "controls":[
                                                                                                                     {
                                                                                                                     "button_add@server_form.button_stack":{
                                                                                                                        "size":[
                                                                                                                           "100%",
                                                                                                                           "100%c"
                                                                                                                        ],
                                                                                                                        
                                                                                                                        "$button":"loto_buy.button_add"
                                                                                                                     }
                                                                                                                 },
                                                                                                                 {
                                                                                                                     "button_remove@server_form.button_stack":{
                                                                                                                        "size":[
                                                                                                                           "100%",
                                                                                                                           "100%c"
                                                                                                                        ],
                                                                                                                        
                                                                                                                        "$button":"loto_buy.button_remove"
                                                                                                                     }
                                                                                                                 }  
                                                                                                                  ]                                                                                                               
                                                                                                               }
                                                                                                              },
                                                                                                              {
                                                                                                               "padding":{
                                                                                                                  "type":"panel",
                                                                                                                  "size":["100%","30%"]
                                                                                                               }
                                                                                                              },
                                                                                                              {
                                                                                                               "common_text@loto_main.text":{
                                                                                                                  "$text":"Dons",
                                                                                                                  "layer":100
                                                                                                               }
                                                                                                            },
                                                                                                            {
                                                                                                               "button_don":{
                                                                                                                  "type":"panel",
                                                                                                                  "size":["100%","20%"],
                                                                                                                  "controls":[
                                                                                                                     {
                                                                                                                     "button_add@server_form.button_stack":{
                                                                                                                        "size":[
                                                                                                                           "100%",
                                                                                                                           "100%c"
                                                                                                                        ],
                                                                                                                        
                                                                                                                        "$button":"loto_buy.button_don_add"
                                                                                                                     }
                                                                                                                 },
                                                                                                                 {
                                                                                                                     "button_remove@server_form.button_stack":{
                                                                                                                        "size":[
                                                                                                                           "100%",
                                                                                                                           "100%c"
                                                                                                                        ],
                                                                                                                        
                                                                                                                        "$button":"loto_buy.button_don_remove"
                                                                                                                     }
                                                                                                                 }  
                                                                                                                  ]                                                                                                               
                                                                                                               }
                                                                                                              }                                                                                                          
                                                                                                            ]
                                                                                                         }
                                                                                                      },
                                                                                                        {
                                                                                                            "info":{
                                                                                                                "type": "image",
                                                                                                                "texture":"textures/loto/whitetransparency",
                                                                                                                "color":[
                                                                                                                    0.149,
                                                                                                                    0.141,
                                                                                                                    0.294
                                                                                                                ],
                                                                                                                "keep_ratio":false,
                                                                                                                "anchor_from":"top_left",
                                                                                                                "anchor_to":"top_left",
                                                                                                                "size":["43%","70%"],
                                                                                                                "offset":["50%","0%"],
                                                                                                                "controls":[
                                                                                                                    {
                                                                                                                        "description_text":{
                                                                                                                            "type":"label",
                                                                                                                            "font_type":"default",
                                                                                                                            "text":"#form_text",
                                                                                                                            "text_alignment":"left",
                                                                                                                            "line_padding":2,
                                                                                                                            "color": "grey",
                                                                                                                            "anchor_from":"top_left",
                                                                                                                            "anchor_to":"top_left",
                                                                                                                            "font_scale_factor":0.7,
                                                                                                                            "size":[
                                                                                                                               "100%",
                                                                                                                               "default"
                                                                                                                            ],
                                                                                                                            "offset":["2%","10%"],
                                                                                                                            "layer":5
                                                                                                                         }
                                                                                                                     }
                                                                                                                ]
                                                                                                            }
                                                                                                        }                                                                                                        
                                                                                                    ]
                                                                                                }
                                                                                            },
                                                                                            {
                                                                                                "button_participate@server_form.button_stack":{
                                                                                                   "size":[
                                                                                                      "200%",
                                                                                                      "200%c"
                                                                                                   ],
                                                                                                   "$offset_button":["-73%","200%"],
                                                                                                   "$button":"loto_menu.button_participate"
                                                                                                }
                                                                                            }
                                                                                        ]
                                                                                    }
                                                                                }
                                                                                
                                                                            ]
                                                                        }
                                                                    }
                                                                ]
                                                            }
                                                           }
                                                        ]
                                                     }
                                                  }
                                               ]
                                            }
                                         }
                                    ]
                                }
                             }
                          ]
                       }
                    }
                 ]
              }
           }
        ]
     },
     
     "color":{
        "type":"image",
        "texture":"textures/loto/main",
        "uv":"$uv",
        "uv_size":[150,29],
        "layer":11,
        "keep_ratio":false,
        "controls":[
         {
            "button_text@server_form.button_stack":{
               "size":[
                  "100%",
                  "100%c"
               ],                                                                             
               "$button":"loto_buy.text_button_2"
            }
         }
        ]
    },
     "button_add":{
        "type":"panel",
        "size":[
           "10%",
           "10%c"
        ],
        "controls":[
           {
              "add@loto_buy.button_add_inner":{
                "$offset":["0%","500%"],
                 "bindings":[
                    {
                       "binding_name":"#form_button_texture",
                       "binding_name_override":"#form_button_texture",
                       "binding_type":"collection",
                       "binding_collection_name":"form_buttons"
                    },
                    {
                       "binding_type":"view",
                       "source_property_name":"(not((#form_button_texture - 'ticket_add') \u003d #form_button_texture))",
                       "target_property_name":"#visible"
                    }
                 ]
              }
           }
        ]
    },
    "button_remove":{
        "type":"panel",
        "size":[
           "10%",
           "10%c"
        ],
        "controls":[
           {
              "add@loto_buy.button_remove_inner":{
                "$offset":["250%","500%"],
                "$al":1,
                 "bindings":[
                    {
                       "binding_name":"#form_button_texture",
                       "binding_name_override":"#form_button_texture",
                       "binding_type":"collection",
                       "binding_collection_name":"form_buttons"
                    },
                    {
                       "binding_type":"view",
                       "source_property_name":"(not((#form_button_texture - 'ticket_remove') \u003d #form_button_texture))",
                       "target_property_name":"#visible"
                    }
                 ]
              }
           }
        ]
    },
    "button_don_add":{
      "type":"panel",
      "size":[
         "10%",
         "10%c"
      ],
      "controls":[
         {
            "add@loto_buy.button_add_inner":{
              "$offset":["0%","500%"],
               "bindings":[
                  {
                     "binding_name":"#form_button_texture",
                     "binding_name_override":"#form_button_texture",
                     "binding_type":"collection",
                     "binding_collection_name":"form_buttons"
                  },
                  {
                     "binding_type":"view",
                     "source_property_name":"(not((#form_button_texture - 'don_add') \u003d #form_button_texture))",
                     "target_property_name":"#visible"
                  }
               ]
            }
         }
      ]
  },
  "button_don_remove":{
      "type":"panel",
      "size":[
         "10%",
         "10%c"
      ],
      "controls":[
         {
            "add@loto_buy.button_remove_inner":{
              "$offset":["250%","500%"],
              "$al":0,
               "bindings":[
                  {
                     "binding_name":"#form_button_texture",
                     "binding_name_override":"#form_button_texture",
                     "binding_type":"collection",
                     "binding_collection_name":"form_buttons"
                  },
                  {
                     "binding_type":"view",
                     "source_property_name":"(not((#form_button_texture - 'don_remove') \u003d #form_button_texture))",
                     "target_property_name":"#visible"
                  }
               ]
            }
         }
      ]
  },
    "button_add_inner":{
        "type":"panel",
        "size":[
           "100%",
           "100%x"
        ],
        "offset":"$offset",
        "controls":[
           {
              "form_button@common.button":{
                 "$default_state|default":false,
                 "$hover_state|default":false,
                 "$pressed_button_name":"button.form_button_click",
                 "size":[
                    "100%",
                    "100%"
                 ],
                 "anchor_from":"top_left",
                 "anchor_to":"top_left",
                 "controls":[
                    {
                       "button_background":{
                          "type":"image",
                          "texture":"textures/loto/main",
                          "uv":[432,112],
                          "uv_size":[16,16]
                       }
                    },
                    {
                       "hover":{
                          "type":"image",
                          "texture":"textures/loto/main",
                          "uv":[432,112],
                          "uv_size":[16,16],
                          "color":"black",
                          "alpha":0.2                  
                       }
                    },
                    {
                        "common_text@loto_main.text":{
                           "$text":"#form_button_text",
                           "layer":100,
                           "offset":["150%","10%"],
                           "bindings":[
                            {
                               "binding_type":"collection",
                               "binding_collection_name":"form_buttons",
                               "binding_condition":"none",
                               "binding_name":"#form_button_text"
                            }
                         ]
                        }
                    }
                 ],
                 "bindings":[
                    {
                       "binding_type":"collection_details",
                       "binding_collection_name":"form_buttons"
                    }
                 ]
              }
           }
        ]
     },
     "button_remove_inner":{
        "type":"panel",
        "size":[
           "100%",
           "100%x"
        ],
        "offset":"$offset",
        "controls":[
           {
              "form_button@common.button":{
                 "$default_state|default":false,
                 "$hover_state|default":false,
                 "$pressed_button_name":"button.form_button_click",
                 "size":[
                    "100%",
                    "100%"
                 ],
                 "anchor_from":"top_left",
                 "anchor_to":"top_left",
                 "controls":[
                    {
                       "button_background":{
                          "type":"image",
                          "texture":"textures/loto/main",
                          "uv":[464,112],
                          "uv_size":[16,16]
                       }
                    },
                    {
                       "hover":{
                          "type":"image",
                          "texture":"textures/loto/main",
                          "uv":[464,112],
                          "uv_size":[16,16],
                          "color":"black",
                          "alpha":0.2                  
                       }
                    },
                    {
                        "common_text@loto_main.text":{
                           "$text":"#form_button_text",
                           "layer":100,
                           "offset":["250%","150%"],
                           "alpha":"$al",
                           "bindings":[
                            {
                               "binding_type":"collection",
                               "binding_collection_name":"form_buttons",
                               "binding_condition":"none",
                               "binding_name":"#form_button_text"
                            }
                         ]
                        }
                    }
                 ],
                 "bindings":[
                    {
                       "binding_type":"collection_details",
                       "binding_collection_name":"form_buttons"
                    }
                 ]
              }
           }
        ]
     },
     "text_button":{
      "type":"panel",
      "size":[
         "100%",
         "100%c"
      ],
      "controls":[
         {
            "button@loto_buy.text_button_inner":{
               "bindings":[
                  {
                     "binding_name":"#form_button_text",
                     "binding_name_override":"#form_button_text",
                     "binding_type":"collection",
                     "binding_collection_name":"form_buttons"
                  },
                  {
                     "binding_type":"view",
                     "source_property_name":"(not((#form_button_text - 'text_top') \u003d #form_button_text))",
                     "target_property_name":"#visible"
                  }
               ]
            }
         }
      ]
   },
   "text_button_2":{
      "type":"panel",
      "size":[
         "100%",
         "100%c"
      ],
      "controls":[
         {
            "button@loto_buy.text_button_inner":{
               "bindings":[
                  {
                     "binding_name":"#form_button_text",
                     "binding_name_override":"#form_button_text",
                     "binding_type":"collection",
                     "binding_collection_name":"form_buttons"
                  },
                  {
                     "binding_type":"view",
                     "source_property_name":"(not((#form_button_text - 'text_bottom') \u003d #form_button_text))",
                     "target_property_name":"#visible"
                  }
               ]
            }
         }
      ]
   },
   "text_button_inner":{
      "type":"panel",
      "size":[
         "100%",
         "5%x"
      ],
      "offset":["2%","70%"],
      "controls":[
         {
            "form_button@common.button":{
               "$default_state|default":false,
               "$hover_state|default":false,
               "size":[
                  "100%",
                  "100%"
               ],
               "anchor_from":"top_left",
               "anchor_to":"top_left",
               "controls":[
                  {
                     "text":{
                        "type":"label",
                        "font_type":"default",
                        "anchor_from":"top_left",
                        "anchor_to":"top_left",
                        "text_alignment":"left",
                        "text":"#form_button_text",
                        "font_scale_factor":0.9,
                        "size":["default","default"],
                        "bindings": [
                           {
                              "binding_collection_name": "form_buttons",
                              "binding_condition": "none",
                              "binding_name": "#form_button_text",
                              "binding_type": "collection"
                           },
                             {
                                 "binding_type":"view",
                                 "source_property_name":"(#form_button_text - 'text_top' - 'text_bottom')",
                                 "target_property_name":"#form_button_text"
                             }                                
                        ]
                     }
                   }
               ],
               "bindings":[
                  {
                     "binding_type":"collection_details",
                     "binding_collection_name":"form_buttons"
                  }
               ]
            }
         }
      ]
   }
}