{
    "namespace":"loto_main",

    "main_panel":{
        "type":"panel",
        "size":["80%","70%"],
        "controls":[
            {
                "screen_panel":{
                   "type":"stack_panel",
                   "orientation":"vertical",
                   "anchor_from":"top_left",
                   "anchor_to":"top_left",
                   "size":["100%","100%"],
                   "controls":[
                    {
                        "top_line_panel":{
                            "type":"panel",                          
                            "size":["100%",4],
                            "controls":[
                                {
                                    "top_border@loto_main.border":{}
                                },
                                {
                                    "stack_light":{
                                        "type":"stack_panel",
                                        "orientation":"horizontal",
                                        "anchor_from":"top_left",
                                        "anchor_to":"top_left",
                                        "size":["100%","100%"],
                                        "offset":[-6,-6],
                                        "controls":[ 
                                            {
                                                "pannel_1":{
                                                    "type":"panel",
                                                    "size":["20%","100%"],
                                                    "anchor_from":"top_left",
                                                    "anchor_to":"top_left",                                                 
                                                    "controls":[
                                                        {
                                                            "light4@loto_main.light":{
                                                                "$anim":"@loto_main.alpha2_color",
                                                                "$anim2":"@loto_main.alpha2_color2",
                                                                "anchor_from":"top_left",
                                                                "anchor_to":"top_left"
                                                            }
                                                        }
                                                    ]
                                                }
                                            },
                                            {
                                                "pannel_2":{
                                                    "type":"panel",
                                                    "size":["20%","100%"],
                                                    "anchor_from":"top_left",
                                                    "anchor_to":"top_left",                                                 
                                                    "controls":[
                                                        {
                                                            "light3@loto_main.light":{                                                              
                                                                "anchor_from":"top_left",
                                                                "anchor_to":"top_left"
                                                            }
                                                        }                                                     
                                                    ]
                                                }
                                            },
                                            {
                                                "pannel_2":{
                                                    "type":"panel",
                                                    "size":["20%","100%"],
                                                    "anchor_from":"top_left",
                                                    "anchor_to":"top_left",                                                 
                                                    "controls":[
                                                        {
                                                            "light3@loto_main.light":{                                                              
                                                                "anchor_from":"top_left",
                                                                "anchor_to":"top_left"
                                                            }
                                                        }                                                     
                                                    ]
                                                }
                                            },
                                            {
                                                "pannel_3":{
                                                    "type":"panel",
                                                    "size":["20%","100%"],
                                                    "anchor_from":"top_left",
                                                    "anchor_to":"top_left",                                                 
                                                    "controls":[
                                                        {
                                                            "light4@loto_main.light":{
                                                                "$anim":"@loto_main.alpha2_color",
                                                                "$anim2":"@loto_main.alpha2_color2",
                                                                "anchor_from":"top_left",
                                                                "anchor_to":"top_left"
                                                            }
                                                        }
                                                    ]
                                                }
                                            },
                                            {
                                                "pannel_4":{
                                                    "type":"panel",
                                                    "size":["21%","100%"],
                                                    "anchor_from":"top_left",
                                                    "anchor_to":"top_left",                                                 
                                                    "controls":[
                                                         {
                                                            "light4@loto_main.light":{
                                                                "$anim":"@loto_main.alpha2_color",
                                                                "$anim2":"@loto_main.alpha2_color2",
                                                                "anchor_from":"top_left",
                                                                "anchor_to":"top_left"
                                                            }
                                                        }
                                                    ]
                                                }
                                            },
                                            {
                                                "pannel_4":{
                                                    "type":"panel",
                                                    "size":["20%","100%"],
                                                    "anchor_from":"top_left",
                                                    "anchor_to":"top_left",                                                 
                                                    "controls":[
                                                        {
                                                            "light3@loto_main.light":{                                                              
                                                                "anchor_from":"top_left",
                                                                "anchor_to":"top_left"
                                                            }
                                                        }
                                                    ]
                                                }
                                            }
                                        ]
                                    }
                                }
                            ]
                        }
                    },
                    {
                        "int_panel":{
                            "type":"stack_panel",
                            "anchor_from":"top_left",
                            "anchor_to":"top_left",
                            "orientation":"horizontal",
                            "size":["100%", "100%"],
                            "controls":[
                                {
                                    "left_line_panel":{
                                        "type":"panel",
                                        "size":[4,"100%" ],
                                        "controls":[
                                            {
                                                "left_border@loto_main.border":{}
                                            },
                                            {
                                                "stack_light":{
                                                    "type":"stack_panel",
                                                    "orientation":"vertical",
                                                    "anchor_from":"top_left",
                                                    "anchor_to":"top_left",
                                                    "offset":[-6,-6],
                                                    "size":["100%","100%"],
                                                    "controls":[ 
                                                        {
                                                            "pannel_1":{
                                                                "type":"panel",
                                                                "size":["100%","30%"],
                                                                "anchor_from":"top_left",
                                                                "anchor_to":"top_left"
                                                            }
                                                        },
                                                        {
                                                            "pannel_2":{
                                                                "type":"panel",
                                                                "size":["100%","15%"],
                                                                "anchor_from":"top_left",
                                                                "anchor_to":"top_left",                                                 
                                                                "controls":[                                                                 
                                                                    {
                                                                        "light3@loto_main.light":{                                                              
                                                                            "anchor_from":"top_left",
                                                                            "anchor_to":"top_left"
                                                                        }
                                                                    }
                                                                ]
                                                            }
                                                        },
                                                        {
                                                            "pannel_3":{
                                                                "type":"panel",
                                                                "size":["100%","25%"],
                                                                "anchor_from":"top_left",
                                                                "anchor_to":"top_left",                                                 
                                                                "controls":[
                                                                ]
                                                            }
                                                        },
                                                        {
                                                            "pannel_4":{
                                                                "type":"panel",
                                                                "size":["100%","25%"],
                                                                "anchor_from":"top_left",
                                                                "anchor_to":"top_left",                                                 
                                                                "controls":[
                                                                    {
                                                                        "light4@loto_main.light":{
                                                                            "$anim":"@loto_main.alpha2_color",
                                                                            "$anim2":"@loto_main.alpha2_color2",
                                                                            "anchor_from":"top_left",
                                                                            "anchor_to":"top_left"
                                                                        }
                                                                    }
                                                                ]
                                                            }
                                                        }
                                                    ]
                                                }
                                            }
                                        ]
                                    }
                                },
                                {
                                    "image":{
                                        "type":"image",
                                        "texture":"textures/loto/main",
                                        "uv_size":[366,204],
                                        "uv":[7,7],
                                        "keep_ratio":false,
                                        "controls":[
                                        {
                                            "close_button@server_form.close_button":{}
                                        },
                                        {
                                            "back_button@server_form.button_stack":{
                                               "size":[
                                                  "100%",
                                                  "100%c"
                                               ],
                                               "$button":"loto_main.back"
                                            }
                                         },
                                        {
                                            "ng_loto_menu@loto_menu.main_panel":{
                                               "enabled":false,
                                               "visible":false,
                                               "bindings":[
                                                  {
                                                     "binding_type":"global",
                                                     "binding_condition":"none",
                                                     "binding_name":"#title_text",
                                                     "binding_name_override":"#title_text"
                                                  },
                                                  {
                                                     "source_property_name":"(not ((#title_text - 'menu') \u003d #title_text))",
                                                     "binding_type":"view",
                                                     "target_property_name":"#visible"
                                                  },
                                                  {
                                                     "source_property_name":"(not ((#title_text - 'menu') \u003d #title_text))",
                                                     "binding_type":"view",
                                                     "target_property_name":"#enabled"
                                                  }
                                               ]
                                            }
                                         },
                                         {
                                            "ng_loto_buy@loto_buy.main_panel":{
                                               "enabled":false,
                                               "visible":false,
                                               "bindings":[
                                                  {
                                                     "binding_type":"global",
                                                     "binding_condition":"none",
                                                     "binding_name":"#title_text",
                                                     "binding_name_override":"#title_text"
                                                  },
                                                  {
                                                     "source_property_name":"(not ((#title_text - 'buy') \u003d #title_text))",
                                                     "binding_type":"view",
                                                     "target_property_name":"#visible"
                                                  },
                                                  {
                                                     "source_property_name":"(not ((#title_text - 'buy') \u003d #title_text))",
                                                     "binding_type":"view",
                                                     "target_property_name":"#enabled"
                                                  }
                                               ]
                                            }
                                         },
                                         {
                                            "ng_loto_list@loto_list.main_panel":{
                                               "enabled":false,
                                               "visible":false,
                                               "bindings":[
                                                  {
                                                     "binding_type":"global",
                                                     "binding_condition":"none",
                                                     "binding_name":"#title_text",
                                                     "binding_name_override":"#title_text"
                                                  },
                                                  {
                                                     "source_property_name":"(not ((#title_text - 'list') \u003d #title_text))",
                                                     "binding_type":"view",
                                                     "target_property_name":"#visible"
                                                  },
                                                  {
                                                     "source_property_name":"(not ((#title_text - 'list') \u003d #title_text))",
                                                     "binding_type":"view",
                                                     "target_property_name":"#enabled"
                                                  }
                                               ]
                                            }
                                         }
                                    ]
                                }
                                },
                                {
                                    "right_line_panel":{
                                        "type":"panel",
                                        "size":[4,"100%" ],
                                        "controls":[
                                            {
                                                "right_border@loto_main.border":{}
                                            },
                                            {
                                                "stack_light":{
                                                    "type":"stack_panel",
                                                    "orientation":"vertical",
                                                    "anchor_from":"top_left",
                                                    "anchor_to":"top_left",
                                                    "offset":[-6,-6],
                                                    "size":["100%","100%"],
                                                    "controls":[ 
                                                        {
                                                            "pannel_1":{
                                                                "type":"panel",
                                                                "size":["100%","30%"],
                                                                "anchor_from":"top_left",
                                                                "anchor_to":"top_left"
                                                            }
                                                        },
                                                        {
                                                            "pannel_2":{
                                                                "type":"panel",
                                                                "size":["100%","15%"],
                                                                "anchor_from":"top_left",
                                                                "anchor_to":"top_left",                                                 
                                                                "controls":[
                                                                    
                                                                    {
                                                                        "light4@loto_main.light":{
                                                                            "$anim":"@loto_main.alpha2_color",
                                                                            "$anim2":"@loto_main.alpha2_color2",
                                                                            "anchor_from":"top_left",
                                                                            "anchor_to":"top_left"
                                                                        }
                                                                    }
                                                                ]
                                                            }
                                                        },
                                                        {
                                                            "pannel_3":{
                                                                "type":"panel",
                                                                "size":["100%","25%"],
                                                                "anchor_from":"top_left",
                                                                "anchor_to":"top_left",                                                 
                                                                "controls":[
                                                                   
                                                                ]
                                                            }
                                                        },
                                                        {
                                                            "pannel_4":{
                                                                "type":"panel",
                                                                "size":["100%","25%"],
                                                                "anchor_from":"top_left",
                                                                "anchor_to":"top_left",                                                 
                                                                "controls":[
                                                                    {
                                                                        "light3@loto_main.light":{                                                              
                                                                            "anchor_from":"top_left",
                                                                            "anchor_to":"top_left"
                                                                        }
                                                                    }
                                                                ]
                                                            }
                                                        }
                                                    ]
                                                }
                                            }
                                        ]
                                    }
                                }
                            ]
                        }
                    },
                    {
                        "bottom_line_panel":{
                            "type":"panel",                          
                            "size":["100%+8px",4],
                            "controls":[
                                {
                                    "bottom_border@loto_main.border":{}
                                },
                                {
                                    "stack_light":{
                                        "type":"stack_panel",
                                        "orientation":"horizontal",
                                        "anchor_from":"top_left",
                                        "anchor_to":"top_left",
                                        "offset":[-6,-6],
                                        "size":["100%","100%"],
                                        "controls":[ 
                                            {
                                                "pannel_1":{
                                                    "type":"panel",
                                                    "size":["20%","100%"],
                                                    "anchor_from":"top_left",
                                                    "anchor_to":"top_left",                                                 
                                                    "controls":[
                                                        {
                                                            "light3@loto_main.light":{                                                              
                                                                "anchor_from":"top_left",
                                                                "anchor_to":"top_left"
                                                            }
                                                        }
                                                    ]
                                                }
                                            },
                                            {
                                                "pannel_10":{
                                                    "type":"panel",
                                                    "size":["20%","100%"],
                                                    "anchor_from":"top_left",
                                                    "anchor_to":"top_left",                                                 
                                                    "controls":[
                                                       
                                                        {
                                                            "light4@loto_main.light":{
                                                                "$anim":"@loto_main.alpha2_color",
                                                                "$anim2":"@loto_main.alpha2_color2",
                                                                "anchor_from":"top_left",
                                                                "anchor_to":"top_left"
                                                            }
                                                        }
                                                    ]
                                                }
                                            },
                                            {
                                                "pannel_2":{
                                                    "type":"panel",
                                                    "size":["20%","100%"],
                                                    "anchor_from":"top_left",
                                                    "anchor_to":"top_left",                                                 
                                                    "controls":[
                                                      
                                                        {
                                                            "light3@loto_main.light":{                                                              
                                                                "anchor_from":"top_left",
                                                                "anchor_to":"top_left"
                                                            }
                                                        }
                                                    ]
                                                }
                                            },
                                            {
                                                "pannel_3":{
                                                    "type":"panel",
                                                    "size":["20%","100%"],
                                                    "anchor_from":"top_left",
                                                    "anchor_to":"top_left",                                                 
                                                    "controls":[
                                                     
                                                        {
                                                            "light4@loto_main.light":{
                                                                "$anim":"@loto_main.alpha2_color",
                                                                "$anim2":"@loto_main.alpha2_color2",
                                                                "anchor_from":"top_left",
                                                                "anchor_to":"top_left"
                                                            }
                                                        }
                                                    ]
                                                }
                                            },
                                            {
                                                "pannel_4":{
                                                    "type":"panel",
                                                    "size":["19%","100%"],
                                                    "anchor_from":"top_left",
                                                    "anchor_to":"top_left",                                                 
                                                    "controls":[
                                                    
                                                        {
                                                            "light3@loto_main.light":{                                                              
                                                                "anchor_from":"top_left",
                                                                "anchor_to":"top_left"
                                                            }
                                                        }
                                                    ]
                                                }
                                            },
                                            {
                                                "pannel_5":{
                                                    "type":"panel",
                                                    "size":["25%","100%"],
                                                    "anchor_from":"top_left",
                                                    "anchor_to":"top_left",                                                 
                                                    "controls":[

                                                        {
                                                            "light4@loto_main.light":{
                                                                "$anim":"@loto_main.alpha2_color",
                                                                "$anim2":"@loto_main.alpha2_color2",
                                                                "anchor_from":"top_left",
                                                                "anchor_to":"top_left"
                                                            }
                                                        }
                                                    ]
                                                }
                                            }
                                        ]
                                    }
                                }
                            ]
                        }
                    }
                   ]
                }
            },
            {
                "title_image":{
                    "type":"image",
                    "texture":"textures/loto/main",
                    "uv":[268,408],
                    "uv_size":[151,73],
                    "size":["30%","40%"],
                    "anchor_from":"top_middle",
                    "anchor_to":"top_middle",
                    "offset":[0,"-10%"],
                    "layer":100,
                    "controls":[
                        {
                            "light_image":{
                                "type":"image",
                                "texture":"textures/loto/logo",                                
                                "keep_ratio":false,
                                "size":["100%","100%"],
                                "offset":[0,"-35%"]
                            }
                        }
                    ]
                }
            }
        ]
    },

    "border":{
        "type":"panel",
        "controls":[
            {
                "yellow@loto_main.border_image":{
                    "$bordercode":"[yellow]",
                    "color":[
                        1,
                        1,
                        0
                    ]
                }
            },
            {
                "red@loto_main.border_image":{
                    "$bordercode":"[red]",
                    "color":[
                        0.898,
                        0.141,
                        0.235
                    ]
                }
            },
            {
                "orange@loto_main.border_image":{
                    "$bordercode":"[orange]",
                    "color":[
                        0.862,
                        0.552,
                        0.270
                    ]
                }
            },
            {
                "green@loto_main.border_image":{
                    "$bordercode":"[green]",               
                    "color":[
                        0.478,
                        0.788,
                        0.372
                    ]
                }
            },
            {
                "blue@loto_main.border_image":{
                    "$bordercode":"[blue]",                
                    "color":[
                        0.431,
                        0.752,
                        0.933
                    ]
                }
            },
            {
                "dark_blue@loto_main.border_image":{
                    "$bordercode":"[dark_blue]",             
                    "color":[
                        0.431,
                        0.462,
                        0.933
                    ]
                }
            },
            {
                "pink@loto_main.border_image":{
                    "$bordercode":"[pink]",               
                    "color":[
                        0.890,
                        0.498,
                        0.733
                    ]
                }
            },
            {
                "purple@loto_main.border_image":{
                    "$bordercode":"[purple]",               
                    "color":[
                        0.682,
                        0.431,
                        0.933
                    ]
                }
            },
            {
                "white@loto_main.border_image":{
                    "$bordercode":"[white]",
                    "color":[
                        0.921,
                        0.996,
                        0.980
                    ],
                    "$uv_button_participate":[779,3]
                }
            }
        ]
    },


    "border_image":{
        "type":"image",
        "$bordercode|default":"",
        "texture":"textures/loto/whitetransparency",
        "anchor_from":"top_left",
        "anchor_to":"top_left",
        "layer":2,
        "keep_ratio":false,
        "bindings":[
            {
                "binding_type":"view",
                "source_property_name":"(not((#title_text - $bordercode) = #title_text))",
                "target_property_name":"#visible"
            }
        ]
    },

        "light@loto_main.ball_common":{
            "uv":[400,0],
            "uv_size":[16,16],
            "size":[16,16],
            "layer":10,
            "$anim|default":"@loto_main.alpha_color",
            "anims":["$anim"],
            "controls":[
                {
                    "yellow@loto_main.ball_common":{
                        "$uv":[400,16],
                        "bindings":[
                            {
                                "binding_type":"view",
                                "source_property_name":"(not((#title_text - [yellow]) = #title_text))",
                                "target_property_name":"#visible"
                            }
                        ]
                    }
                },
                {
                    "red@loto_main.ball_common":{
                        "$uv":[400,32],
                        "bindings":[
                            {
                                "binding_type":"view",
                                "source_property_name":"(not((#title_text - [red]) = #title_text))",
                                "target_property_name":"#visible"
                            }
                        ]
                    }
                },
                {
                    "orange@loto_main.ball_common":{
                        "$uv":[400,48],
                        "bindings":[
                            {
                                "binding_type":"view",
                                "source_property_name":"(not((#title_text - [orange]) = #title_text))",
                                "target_property_name":"#visible"
                            }
                        ]
                    }
                },
                {
                    "green@loto_main.ball_common":{
                        "$uv":[400,64],
                        "bindings":[
                            {
                                "binding_type":"view",
                                "source_property_name":"(not((#title_text - [green]) = #title_text))",
                                "target_property_name":"#visible"
                            }
                        ]
                    }
                },                {
                    "dark_blue@loto_main.ball_common":{
                        "$uv":[400,80],
                        "bindings":[
                            {
                                "binding_type":"view",
                                "source_property_name":"(not((#title_text - [darkblue]) = #title_text))",
                                "target_property_name":"#visible"
                            }
                        ]
                    }
                },
                {
                    "blue@loto_main.ball_common":{
                        "$uv":[400,96],
                        "bindings":[
                            {
                                "binding_type":"view",
                                "source_property_name":"(not((#title_text - [blue]) = #title_text))",
                                "target_property_name":"#visible"
                            }
                        ]
                    }
                },
                {
                    "purple@loto_main.ball_common":{
                        "$uv":[400,112],
                        "bindings":[
                            {
                                "binding_type":"view",
                                "source_property_name":"(not((#title_text - [purple]) = #title_text))",
                                "target_property_name":"#visible"
                            }
                        ]
                    }
                },
                {
                    "pink@loto_main.ball_common":{
                        "$uv":[400,128],
                        "bindings":[
                            {
                                "binding_type":"view",
                                "source_property_name":"(not((#title_text - [pink]) = #title_text))",
                                "target_property_name":"#visible"
                            }
                        ]
                    }
                },
                {
                    "white@loto_main.ball_common":{
                        "$uv":[400,144],
                        "bindings":[
                            {
                                "binding_type":"view",
                                "source_property_name":"(not((#title_text - [white]) = #title_text))",
                                "target_property_name":"#visible"
                            }
                        ]
                    }
                }             
            ]
        },


        "ball_common":{
            "type":"image",
            "texture":"textures/loto/main",
            "uv":"$uv",
            "uv_size":[16,16],
            "layer":11,
            "keep_ratio":false,
            "$anim2|default":"@loto_main.alpha_color2",
            "anims":["$anim2"]
        },
        "alpha_color":{
            "anim_type":"alpha",
            "from":1,
            "to":0,
            "duration":0,
            "next":"@loto_main.alpha_wait1"
        },
        "alpha_wait1":{
            "anim_type":"wait",
            "duration":1,
            "next":"@loto_main.alpha_color2"
        },
        "alpha_wait2":{
            "anim_type":"wait",
            "duration":1,
            "next":"@loto_main.alpha_color"
        },
        "alpha_color2":{
            "anim_type":"alpha",
            "from":0,
            "to":1,
            "duration":0,
            "next":"@loto_main.alpha_wait2"
        },
        

        "alpha2_color":{
            "anim_type":"alpha",
            "from":0,
            "to":1,
            "duration":0,
            "next":"@loto_main.alpha2_wait1"
        },
        "alpha2_wait1":{
            "anim_type":"wait",
            "duration":1,
            "next":"@loto_main.alpha2_color2"
        },
        "alpha2_wait2":{
            "anim_type":"wait",
            "duration":1,
            "next":"@loto_main.alpha2_color"
        },
        "alpha2_color2":{
            "anim_type":"alpha",
            "from":1,
            "to":0,
            "duration":0,
            "next":"@loto_main.alpha2_wait2"
        },

        "previous":{
            "type":"panel",
            "size":[
                "100%",
                "100%c"
            ],
            "$anchor_from":"left_middle",
            "$anchor_to":"left_middle",
            "$uv":[465,28],
            "$uv_hover":[453,28],
            "$offset":["-2%","80%"],
            "controls":[
                {
                    "action@loto_main.action_button":{
                        "bindings":[
                            {
                                "binding_name":"#form_button_text",
                                "binding_name_override":"#form_button_text",
                                "binding_type":"collection",
                                "binding_collection_name":"form_buttons"
                            },
                            {
                                "binding_type":"view",
                                "source_property_name":"(not((#form_button_text - 'previous') \u003d #form_button_text))",
                                "target_property_name":"#visible"
                            }
                        ]
                    }
                }
            ]
        },

        "next":{
            "type":"panel",
            "size":[
                "100%",
                "100%c"
            ],
            "$anchor_from":"right_middle",
            "$anchor_to":"right_middle",
            "$uv":[428,28],
            "$uv_hover":[440,28],
            "$offset":["2%","80%"],
            "controls":[
                {
                    "action@loto_main.action_button":{
                        "bindings":[
                            {
                                "binding_name":"#form_button_text",
                                "binding_name_override":"#form_button_text",
                                "binding_type":"collection",
                                "binding_collection_name":"form_buttons"
                            },
                            {
                                "binding_type":"view",
                                "source_property_name":"(not((#form_button_text - 'next') \u003d #form_button_text))",
                                "target_property_name":"#visible"
                            }
                        ]
                    }
                }
            ]
        },
        "back":{
            "type":"panel",
            "size":[
                "100%",
                "100%c"
            ],
            "$anchor_from":"top_right",
            "$anchor_to":"top_right",
            "$uv":[448,96],
            "$uv_hover":[432,64],
            "$offset":["-3%",0],
            "controls":[
                {
                    "action@loto_main.back_button":{
                        "bindings":[
                            {
                                "binding_name":"#form_button_text",
                                "binding_name_override":"#form_button_text",
                                "binding_type":"collection",
                                "binding_collection_name":"form_buttons"
                            },
                            {
                                "binding_type":"view",
                                "source_property_name":"(not((#form_button_text - 'back') \u003d #form_button_text))",
                                "target_property_name":"#visible"
                            }
                        ]
                    }
                }
            ]
        },
        "action_button":{
            "type":"panel",
            "size":[
                "10%",
                "100%x"
            ],
            "anchor_from":"$anchor_from",
            "anchor_to":"$anchor_to",
            "offset":"$offset",
            "controls":[
                {
     
                    "form_button@common.button":{
                        "$default_state|default":false,
                        "$pressed_button_name":"button.form_button_click",
                        "$hover_state|default":false,
                        "size":[
                            "50%","50%"
                        ],
                        "controls":[
                           {
                               "default":{
                                   "type":"image",
                                   "texture":"textures/loto/main",
                                   "uv_size":[12,20],
                                   "uv":"$uv"
                               }
                           },
                           {
                            "hover":{
                                "type":"image",
                                   "texture":"textures/loto/main",
                                   "uv_size":[12,20],
                                   "uv":"$uv_hover"
                            }
                           }
                        ],
                        "bindings":[
                            {
                                "binding_type":"collection_details",
                                "binding_collection_name":"form_buttons"
                            }
                        ]
                    }
                }
            ]
        },

        "back_button":{
            "type":"panel",
            "size":[
                "80%",
                "8%x"
            ],
            "controls":[
                {
     
                    "form_button@common.button":{
                        "$default_state|default":false,
                        "$pressed_button_name":"button.form_button_click",
                        "$hover_state|default":false,
                        "size":[
                            "20%",
                            "75%"
                        ],
                        "anchor_from":"top_right",
                        "anchor_to":"top_right",
                        "controls":[
                           {
                               "default":{
                                   "type":"image",
                                   "texture":"textures/loto/main",
                                   "uv_size":[16,16],
                                   "uv":"$uv"
                               }
                           },
                           {
                            "hover":{
                                "type":"image",
                                   "texture":"textures/loto/main",
                                   "uv_size":[16,16],
                                   "uv":"$uv_hover"
                            }
                           },
                           {
                            "common_text@loto_main.text":{
                               "$text":"Retour",
                               "offset":["70%","25%"]
                            }
                         }
                        ],
                        "bindings":[
                            {
                                "binding_type":"collection_details",
                                "binding_collection_name":"form_buttons"
                            }
                        ]
                    }
                }
            ]
        },

        "text":{
            "type":"label",
            "font_type":"default",
            "text_alignment":"left",
            "anchor_from":"top_left",
            "anchor_to":"top_left",
            "size":[
                "default",
                "default"
            ],
            "text":"$text",
            "color":"grey",
            "font_size":"medium",
            "offset":"$offset"
        }
} 
