{
    "format_version": "1.8.0",
    "minecraft:attachable": {
      "description": {
        "identifier": "endiorite:travel_leggings",
        "materials": {
          "default": "armor",
          "enchanted": "armor_enchanted"
        },
        "textures": {
          "default": "textures/endioritemod/models/armor/travel_2",
          "enchanted": "textures/misc/enchanted_item_glint"
        },
        "geometry": {
          "default": "geometry.humanoid.armor.leggings"
        },
        "scripts": {
          "parent_setup": "variable.helmet_layer_visible = 0.0;"
        },
        "render_controllers": [ "controller.render.armor" ]
      }
    }
  }
  