{"format_version":"1.10.0","particle_effect":{"components":{"minecraft:emitter_lifetime_once":{"active_time":1},"minecraft:emitter_rate_steady":{"max_particles":1000,"spawn_rate":40},"minecraft:emitter_shape_disc":{"direction":"outwards","offset":[0,0.4,0],"radius":1.2},"minecraft:particle_appearance_billboard":{"facing_camera_mode":"lookat_xyz","size":[0.05,0.05],"uv":{"flipbook":{"base_UV":[64,96],"max_frame":8,"size_UV":[8,8],"step_UV":[-8,0],"stretch_to_lifetime":true},"texture_height":128,"texture_width":128}},"minecraft:particle_appearance_tinting":{"color":{"gradient":{"0.0":"#FFEC42FF","0.88":"#FF692DFF"},"interpolant":"v.particle_age / v.particle_lifetime"}},"minecraft:particle_initial_speed":1,"minecraft:particle_kill_plane":[0,10,0,0],"minecraft:particle_lifetime_expression":{"max_lifetime":"Math.random(1, 1.4)"},"minecraft:particle_motion_dynamic":{"linear_acceleration":["(variable.particle_random_1-0.5)",1.2,"(variable.particle_random_1-0.5)"]}},"description":{"basic_render_parameters":{"material":"particles_alpha","texture":"textures/particle/particles"},"identifier":"inpvp:magic_small"}}}