{"format_version":"1.8.0","animations":{"animation.gold_hologram.general":{"loop":true,"animation_length":10,"bones":{"body":{"rotation":{"0.0":[0,0,0],"10.0":[0,1440,0]},"position":{"0.0":[0,0,0],"2.52":[0,0,0],"5.0":[0,0,0],"7.52":[0,0,0],"10.0":[0,0,0]}}},"particle_effects":{"0.0":{"effect":"gold_holo","locator":"gold_holo"},"1.0":{"effect":"gold_holo","locator":"gold_holo"},"2.0":{"effect":"gold_holo","locator":"gold_holo"},"3.0":{"effect":"gold_holo","locator":"gold_holo"},"4.0":{"effect":"gold_holo","locator":"gold_holo"},"5.0":{"effect":"gold_holo","locator":"gold_holo"},"6.0":{"effect":"gold_holo","locator":"gold_holo"},"7.0":{"effect":"gold_holo","locator":"gold_holo"},"8.0":{"effect":"gold_holo","locator":"gold_holo"},"9.0":{"effect":"gold_holo","locator":"gold_holo"}}}}}