{"namespace":"scoreboard_topbar","scoreboard_topbar_1":{"alpha":0.75,"anchor_from":"top_right","anchor_to":"top_right","bindings":[{"binding_collection_name":"scoreboard_players","binding_name":"#player_name_sidebar","binding_type":"collection"},{"binding_type":"view","source_property_name":"(not ((#player_name_sidebar - '[1]') = #player_name_sidebar))","target_property_name":"#visible"}],"controls":[{"lists":{"anchor_from":"top_right","anchor_to":"top_right","bindings":[{"binding_collection_name":"scoreboard_players","binding_name":"#player_name_sidebar","binding_type":"collection"},{"binding_type":"view","source_property_name":"(#player_name_sidebar - '[1]' - '[gold]' - '[scrap]')","target_property_name":"#modified_text"}],"color":"$player_name_color","layer":2,"locked_alpha":1.0,"offset":[-5,2],"size":["default",10],"text":"#modified_text","text_alignment":"right","type":"label"}}],"size":["100%cm + 8px","100%c + 4px"],"texture":"textures/ui/mineville_bg","type":"image"},"scoreboard_topbar_2":{"alpha":0.75,"anchor_from":"top_right","anchor_to":"top_right","bindings":[{"binding_collection_name":"scoreboard_players","binding_name":"#player_name_sidebar","binding_type":"collection"},{"binding_type":"view","source_property_name":"(not ((#player_name_sidebar - '[2]') = #player_name_sidebar))","target_property_name":"#visible"}],"controls":[{"lists":{"anchor_from":"top_right","anchor_to":"top_right","bindings":[{"binding_collection_name":"scoreboard_players","binding_name":"#player_name_sidebar","binding_type":"collection"},{"binding_type":"view","source_property_name":"(#player_name_sidebar - '[2]' - '[gold]' - '[scrap]')","target_property_name":"#modified_text"}],"color":"$player_name_color","layer":2,"locked_alpha":1.0,"offset":[-5,2],"size":["default",10],"text":"#modified_text","text_alignment":"right","type":"label"}}],"size":["100%cm + 8px","100%c + 4px"],"texture":"textures/ui/mineville_bg","type":"image"},"scoreboard_topbar_3":{"alpha":0.75,"anchor_from":"top_right","anchor_to":"top_right","bindings":[{"binding_collection_name":"scoreboard_players","binding_name":"#player_name_sidebar","binding_type":"collection"},{"binding_type":"view","source_property_name":"(not ((#player_name_sidebar - '[3]') = #player_name_sidebar))","target_property_name":"#visible"}],"controls":[{"lists":{"anchor_from":"top_right","anchor_to":"top_right","bindings":[{"binding_collection_name":"scoreboard_players","binding_name":"#player_name_sidebar","binding_type":"collection"},{"binding_type":"view","source_property_name":"(#player_name_sidebar - '[3]' - '[gold]' - '[scrap]')","target_property_name":"#modified_text"}],"color":"$player_name_color","layer":2,"locked_alpha":1.0,"offset":[-5,2],"size":["default",10],"text":"#modified_text","text_alignment":"right","type":"label"}}],"size":["100%cm + 8px","100%c + 4px"],"texture":"textures/ui/mineville_bg","type":"image"},"scoreboard_topbar_panel_1":{"$panelkey|default":"[]","anchor_from":"top_right","anchor_to":"top_right","controls":[{"scoreboard@scoreboard_topbar_1":{}},{"gold":{"alpha":0.75,"anchor_from":"top_right","anchor_to":"top_right","bindings":[{"binding_collection_name":"scoreboard_players","binding_name":"#player_name_sidebar","binding_type":"collection"},{"binding_type":"view","source_property_name":"(not ((#player_name_sidebar - '[gold]') = #player_name_sidebar))","target_property_name":"#visible"}],"controls":[{"gold_image":{"anchor_from":"top_right","anchor_to":"top_right","bindings":[{"binding_collection_name":"scoreboard_players","binding_name":"#player_name_sidebar","binding_type":"collection"},{"binding_type":"view","source_property_name":"(not ((#player_name_sidebar - '[gold]') = #player_name_sidebar))","target_property_name":"#visible"}],"layer":5,"locked_alpha":1.0,"size":[12,12],"texture":"textures/ui/PRUI/daily-reward-1","type":"image"}}],"offset":[13,0],"size":["100%cm","100%c + 2px"],"texture":"textures/ui/mineville_bg","type":"image"}}],"offset":[-40,20],"size":["100%cm","100%c"],"type":"panel"},"scoreboard_topbar_panel_2":{"anchor_from":"top_right","anchor_to":"top_right","controls":[{"scoreboard@scoreboard_topbar_2":{}},{"gold":{"alpha":0.75,"anchor_from":"top_right","anchor_to":"top_right","bindings":[{"binding_collection_name":"scoreboard_players","binding_name":"#player_name_sidebar","binding_type":"collection"},{"binding_type":"view","source_property_name":"(not ((#player_name_sidebar - '[scrap]') = #player_name_sidebar))","target_property_name":"#visible"}],"controls":[{"gold_image":{"anchor_from":"top_right","anchor_to":"top_right","bindings":[{"binding_collection_name":"scoreboard_players","binding_name":"#player_name_sidebar","binding_type":"collection"},{"binding_type":"view","source_property_name":"(not ((#player_name_sidebar - '[scrap]') = #player_name_sidebar))","target_property_name":"#visible"}],"layer":5,"locked_alpha":1.0,"size":[12,12],"texture":"textures/ui/PRUI/scrap_metal","type":"image"}}],"offset":[13,0],"size":["100%cm","100%c + 2px"],"texture":"textures/ui/mineville_bg","type":"image"}}],"offset":[-40,35],"size":["100%cm","100%c"],"type":"panel"},"scoreboard_topbar_panel_3":{"anchor_from":"top_right","anchor_to":"top_right","controls":[{"scoreboard@scoreboard_topbar_3":{}},{"gold":{"alpha":0.75,"anchor_from":"top_right","anchor_to":"top_right","bindings":[{"binding_collection_name":"scoreboard_players","binding_name":"#player_name_sidebar","binding_type":"collection"},{"binding_type":"view","source_property_name":"(not ((#player_name_sidebar - '') = #player_name_sidebar))","target_property_name":"#visible"}],"controls":[{"gold_image":{"anchor_from":"top_right","anchor_to":"top_right","bindings":[{"binding_collection_name":"scoreboard_players","binding_name":"#player_name_sidebar","binding_type":"collection"},{"binding_type":"view","source_property_name":"(not ((#player_name_sidebar - '') = #player_name_sidebar))","target_property_name":"#visible"}],"layer":5,"locked_alpha":1.0,"size":[12,12],"texture":"textures/ui/PRUI/scrap_metal","type":"image"}}],"offset":[13,0],"size":["100%cm","100%c + 2px"],"texture":"textures/ui/mineville_bg","type":"image"}}],"offset":[-40,50],"size":["100%cm","100%c"],"type":"panel"},"topbar@scoreboard_entry.entry":{"anchor_from":"center","anchor_to":"center","controls":[{"top@scoreboard_topbar.scoreboard_topbar_panel_1":{}},{"top2@scoreboard_topbar.scoreboard_topbar_panel_2":{}},{"top3@scoreboard_topbar.scoreboard_topbar_panel_3":{}}],"size":["100%","100%"],"type":"panel"}}