{"close_button_NPC":{"$button_tts_header|default":"accessibility.button.close","$button_tts_name|default":"","$close_button_offset|default":[-2,2],"$close_button_panel_size|default":[15,15],"$close_button_to_button_id|default":"button.menu_exit","$close_button_visible_binding_name|default":"#close_button_visible","$close_button_visible_binding_type|default":"none","$default_button_alpha|default":1,"$default_hover_alpha|default":1,"$default_pressed_alpha|default":1,"$tts_section_header|default":"","anchor_from":"top_right","anchor_to":"top_right","bindings":[{"binding_name":"$close_button_visible_binding_name","binding_name_override":"#visible","binding_type":"$close_button_visible_binding_type"},{"binding_name":"#tts_enabled","binding_name_override":"#focus_enabled"}],"button_mappings":[{"from_button_id":"button.menu_select","mapping_type":"pressed","to_button_id":"$close_button_to_button_id"},{"from_button_id":"button.menu_ok","mapping_type":"focused","to_button_id":"$close_button_to_button_id"}],"controls":[{"default@common.close_button_panel":{"$button_alpha":"$default_button_alpha","$close_button_texture":"textures/ui/Empty"}},{"hover@common.close_button_panel":{"$close_button_texture":"textures/ui/Empty"}},{"pressed@common.close_button_panel":{"$close_button_texture":"textures/ui/Empty"}}],"default_control":"default","hover_control":"hover","layer":10,"locked_control":"","offset":"$close_button_offset","pressed_control":"pressed","size":[25,25],"sound_name":"random.click","sound_pitch":1.0,"sound_volume":1.0,"tts_control_header":"$button_tts_header","tts_name":"$button_tts_name","tts_section_header":"$tts_section_header","type":"button"},"common_panel_NPC":{"$close_button_layer|default":2,"$close_button_offset|default":[-130,-130],"$close_button_visible_binding_name|default":"#close_button_visible","$dialog_background|default":"common.dialog_background_opaque","$divider_offset|default":["42.5%","22px"],"$divider_size|default":["5px","100% - 29px"],"$divider_visible_binding_name|default":"","$divider_visible_binding_type|default":"none","$show_close_button|default":true,"$show_divider|default":false,"$use_compact_close_button|default":false,"controls":[{"bg_image@$dialog_background":{"layer":1}},{"dialog_divider@common.dialog_divider":{"anchor_from":"top_left","anchor_to":"top_left","bindings":[{"binding_name":"$divider_visible_binding_name","binding_name_override":"#visible","binding_type":"$divider_visible_binding_type"}],"offset":"$divider_offset","size":"$divider_size","visible":"$show_divider"}},{"close_button_holder":{"bindings":[{"binding_name":"$close_button_visible_binding_name","binding_name_override":"#visible"}],"controls":[{"close@common.close_button_NPC":{"ignored":"$use_compact_close_button","layer":"$close_button_layer","offset":[-24,50]}},{"compact_close@common.compact_close_button":{"ignored":"(not $use_compact_close_button)","layer":"$close_button_layer","offset":[-24,50]}}],"ignored":"(not $show_close_button)","type":"panel"}}],"type":"panel"},"common_panel_Rewards":{"$close_button_layer|default":2,"$close_button_offset|default":[-130,-130],"$close_button_visible_binding_name|default":"#close_button_visible","$dialog_background|default":"common.dialog_background_opaque","$divider_offset|default":["42.5%","22px"],"$divider_size|default":["5px","100% - 29px"],"$divider_visible_binding_name|default":"","$divider_visible_binding_type|default":"none","$show_close_button|default":true,"$show_divider|default":false,"$use_compact_close_button|default":false,"controls":[{"bg_image@$dialog_background":{"layer":1}},{"dialog_divider@common.dialog_divider":{"anchor_from":"top_left","anchor_to":"top_left","bindings":[{"binding_name":"$divider_visible_binding_name","binding_name_override":"#visible","binding_type":"$divider_visible_binding_type"}],"offset":"$divider_offset","size":"$divider_size","visible":"$show_divider"}},{"close_button_holder":{"bindings":[{"binding_name":"$close_button_visible_binding_name","binding_name_override":"#visible"}],"controls":[{"close@common.close_button_NPC":{"ignored":"$use_compact_close_button","layer":"$close_button_layer","offset":[-33,14]}},{"compact_close@common.compact_close_button":{"ignored":"(not $use_compact_close_button)","layer":"$close_button_layer","offset":[-24,50]}}],"ignored":"(not $show_close_button)","type":"panel"}}],"type":"panel"},"common_panel_ccui":{"$close_button_layer|default":2,"$close_button_offset|default":[-130,-130],"$close_button_visible_binding_name|default":"#close_button_visible","$dialog_background|default":"common.dialog_background_opaque","$divider_offset|default":["42.5%","22px"],"$divider_size|default":["5px","100% - 29px"],"$divider_visible_binding_name|default":"","$divider_visible_binding_type|default":"none","$show_close_button|default":true,"$show_divider|default":false,"$use_compact_close_button|default":false,"controls":[{"bg_image@$dialog_background":{"layer":1}},{"dialog_divider@common.dialog_divider":{"anchor_from":"top_left","anchor_to":"top_left","bindings":[{"binding_name":"$divider_visible_binding_name","binding_name_override":"#visible","binding_type":"$divider_visible_binding_type"}],"offset":"$divider_offset","size":"$divider_size","visible":"$show_divider"}},{"close_button_holder":{"bindings":[{"binding_name":"$close_button_visible_binding_name","binding_name_override":"#visible"}],"controls":[{"close@common.close_button_NPC":{"ignored":"$use_compact_close_button","layer":"$close_button_layer","offset":[-24,50]}},{"compact_close@common.compact_close_button":{"ignored":"(not $use_compact_close_button)","layer":"$close_button_layer","offset":[-24,50]}}],"ignored":"(not $show_close_button)","type":"panel"}}],"type":"panel"},"common_panel_hsui_noface":{"$close_button_layer|default":2,"$close_button_offset|default":[-40,-160],"$close_button_visible_binding_name|default":"#close_button_visible","$dialog_background|default":"common.dialog_background_opaque","$divider_offset|default":["42.5%","22px"],"$divider_size|default":["5px","100% - 29px"],"$divider_visible_binding_name|default":"","$divider_visible_binding_type|default":"none","$show_close_button|default":true,"$show_divider|default":false,"$use_compact_close_button|default":false,"controls":[{"bg_image@$dialog_background":{"layer":1}},{"dialog_divider@common.dialog_divider":{"anchor_from":"top_left","anchor_to":"top_left","bindings":[{"binding_name":"$divider_visible_binding_name","binding_name_override":"#visible","binding_type":"$divider_visible_binding_type"}],"offset":"$divider_offset","size":"$divider_size","visible":"$show_divider"}},{"close_button_holder":{"bindings":[{"binding_name":"$close_button_visible_binding_name","binding_name_override":"#visible"}],"controls":[{"close@common.close_button_NPC":{"ignored":"$use_compact_close_button","layer":"$close_button_layer","offset":[-10,14]}},{"compact_close@common.compact_close_button":{"ignored":"(not $use_compact_close_button)","layer":"$close_button_layer","offset":[0,50]}}],"ignored":"(not $show_close_button)","type":"panel"}}],"type":"panel"},"common_panel_sbui":{"$close_button_layer|default":2,"$close_button_offset|default":[-130,-130],"$close_button_visible_binding_name|default":"#close_button_visible","$dialog_background|default":"common.dialog_background_opaque","$divider_offset|default":["42.5%","22px"],"$divider_size|default":["5px","100% - 29px"],"$divider_visible_binding_name|default":"","$divider_visible_binding_type|default":"none","$show_close_button|default":true,"$show_divider|default":false,"$use_compact_close_button|default":false,"controls":[{"bg_image@$dialog_background":{"layer":1}},{"dialog_divider@common.dialog_divider":{"anchor_from":"top_left","anchor_to":"top_left","bindings":[{"binding_name":"$divider_visible_binding_name","binding_name_override":"#visible","binding_type":"$divider_visible_binding_type"}],"offset":"$divider_offset","size":"$divider_size","visible":"$show_divider"}},{"close_button_holder":{"bindings":[{"binding_name":"$close_button_visible_binding_name","binding_name_override":"#visible"}],"controls":[{"close@common.close_button_NPC":{"ignored":"$use_compact_close_button","layer":"$close_button_layer","offset":[-33,14]}},{"compact_close@common.compact_close_button":{"ignored":"(not $use_compact_close_button)","layer":"$close_button_layer","offset":[-24,50]}}],"ignored":"(not $show_close_button)","type":"panel"}}],"type":"panel"},"dialog_background_hollow_ccui@dialog_background_hollow_common_ccui":{"texture":"textures/ui/CCUI/BG_CookCraft_1"},"dialog_background_hollow_common_ccui@dialog_background_common":{"$dialog_background_texture|default":"textures/ui/control","$fill_alpha|default":0.0,"controls":[{"control":{"alpha":"$fill_alpha","layer":-1,"size":["100% - 8px","100% - 8px"],"texture":"$dialog_background_texture","type":"image"}}],"layer":2,"variables":[{"$fill_alpha":0.0,"requires":"$is_holographic"}]},"dialog_background_hollow_common_hsui@dialog_background_common":{"$dialog_background_texture|default":"textures/ui/control","$fill_alpha|default":0.0,"controls":[{"control":{"alpha":"$fill_alpha","layer":-1,"size":["100% - 8px","100% - 8px"],"texture":"$dialog_background_texture","type":"image"}}],"layer":2,"variables":[{"$fill_alpha":0.0,"requires":"$is_holographic"}]},"dialog_background_hollow_common_prui@dialog_background_common":{"$dialog_background_texture|default":"textures/ui/control","$fill_alpha|default":0.0,"controls":[{"control":{"alpha":"$fill_alpha","layer":-1,"size":["100% - 8px","100% - 8px"],"texture":"$dialog_background_texture","type":"image"}}],"layer":2,"variables":[{"$fill_alpha":0.0,"requires":"$is_holographic"}]},"dialog_background_hollow_hsui@dialog_background_hollow_common_hsui":{"texture":"textures/ui/HSNPCBG"},"dialog_background_hollow_hsui_noface@dialog_background_hollow_common_prui":{"texture":"textures/ui/HSBG.png"},"dialog_background_hollow_prrewards@dialog_background_hollow_common_prui":{"texture":"textures/ui/PRUI/PrisonDailyRewardsBG"},"dialog_background_hollow_prui@dialog_background_hollow_common_prui":{"texture":"textures/ui/PRNPCBG"},"dialog_background_hollow_sbui@dialog_background_hollow_common_prui":{"texture":"textures/ui/SBUI/SkyblockBG.png"},"namespace":"common"}