{"Empty_button_assets@common.button":{"$default_button_texture|default":"textures/ui/Empty","$default_content_alpha|default":1,"$default_font|default":"default","$font_type":"$default_font","$hover_button_texture|default":"textures/ui/Empty","$hover_content_alpha|default":1,"$locked_alpha":1,"$locked_button_texture|default":"textures/ui/disabledButtonNoBorder","$pressed_button_texture|default":"textures/ui/Empty","locked_control":"locked"},"Empty_text_button@Empty_button_assets":{"$button_binding_condition|default":"none","$button_font_scale_factor|default":1.0,"$button_font_size|default":"normal","$button_offset|default":[0,0],"$button_pressed_offset|default":[0,1],"$button_state_panel|default":"common_buttons.new_ui_button_panel_empty","$button_text_binding_type|default":"none","$button_text_grid_collection_name|default":"","$button_text|default":"","$button_type_panel":"common_buttons.new_ui_binding_button_label","$default_button_alpha|default":1,"$default_button_pressed_offset|default":[0,1],"$default_hover_alpha|default":1,"$default_pressed_alpha|default":1,"$default_state|default":false,"$default_text_color|default":"$light_button_default_text_color","$hover_state|default":false,"$hover_text_color|default":"$light_button_hover_text_color","$locked_state|default":false,"$locked_text_color|default":"$light_button_locked_text_color","$pressed_alpha|default":1,"$pressed_state|default":false,"$pressed_text_color|default":"$light_button_pressed_text_color","controls":[{"default@$button_state_panel":{"$border_color":[0.992,0.949,0.851],"$border_layer":2,"$button_alpha":"$default_button_alpha","$content_alpha":"$default_content_alpha","$default_state":true,"$new_ui_button_texture":"$default_button_texture","$secondary_text_color":"$light_button_secondary_default_text_color","$text_color":"$default_text_color","layer":1}},{"hover@$button_state_panel":{"$border_color":"$light_border_hover_color","$border_layer":4,"$button_alpha":"$default_hover_alpha","$content_alpha":1,"$hover_state":true,"$new_ui_button_texture":"$hover_button_texture","$secondary_text_color":"$light_button_secondary_hover_text_color","$text_color":"$default_text_color","layer":4}},{"pressed@$button_state_panel":{"$border_color":"$light_border_pressed_color","$border_layer":5,"$button_alpha":"$default_pressed_alpha","$button_offset|default":"$button_pressed_offset","$content_alpha":"$pressed_alpha","$new_ui_button_texture":"$pressed_button_texture","$pressed_state":true,"$secondary_text_color":"$light_button_secondary_pressed_text_color","$text_color":"$default_text_color","layer":5}},{"locked@$button_state_panel":{"$border_color":"$light_border_locked_color","$border_layer":1,"$button_image":"common_buttons.locked_button_image","$content_alpha":"$locked_alpha","$locked_state":true,"$new_ui_button_texture":"$locked_button_texture","$secondary_text_color":"$light_button_secondary_locked_text_color","$text_color":"$default_text_color","layer":1}}]},"HSUI_button_assets@common.button":{"$default_button_texture|default":"textures/ui/HSButton","$default_content_alpha|default":1,"$default_font|default":"default","$font_type":"$default_font","$hover_button_texture|default":"textures/ui/HSButtonPressed","$hover_content_alpha|default":1,"$locked_alpha":1,"$locked_button_texture|default":"textures/ui/disabledButtonNoBorder","$pressed_button_texture|default":"textures/ui/HSButtonPressed","locked_control":"locked"},"HSUI_noface_text_button@HSUI_button_assets":{"$button_binding_condition|default":"none","$button_font_scale_factor|default":1.0,"$button_font_size|default":"normal","$button_offset|default":[0,0],"$button_pressed_offset|default":[0,1],"$button_state_panel|default":"common_buttons.new_ui_button_panel_empty","$button_text_binding_type|default":"none","$button_text_grid_collection_name|default":"","$button_text|default":"","$button_type_panel":"common_buttons.new_ui_binding_button_label","$default_button_alpha|default":1,"$default_button_pressed_offset|default":[0,1],"$default_hover_alpha|default":1,"$default_pressed_alpha|default":1,"$default_state|default":false,"$default_text_color|default":"$light_button_default_text_color","$hover_state|default":false,"$hover_text_color|default":"$light_button_hover_text_color","$locked_state|default":false,"$locked_text_color|default":"$light_button_locked_text_color","$pressed_alpha|default":1,"$pressed_state|default":false,"$pressed_text_color|default":"$light_button_pressed_text_color","controls":[{"default@$button_state_panel":{"$border_color":[0.992,0.949,0.851],"$border_layer":2,"$button_alpha":"$default_button_alpha","$content_alpha":"$default_content_alpha","$default_state":true,"$new_ui_button_texture":"$default_button_texture","$secondary_text_color":"$light_button_secondary_default_text_color","$text_color":"$default_text_color","layer":1}},{"hover@$button_state_panel":{"$border_color":"$light_border_hover_color","$border_layer":2,"$button_alpha":"$default_hover_alpha","$content_alpha":1,"$hover_state":true,"$new_ui_button_texture":"$hover_button_texture","$secondary_text_color":"$light_button_secondary_hover_text_color","$text_color":"$default_text_color","layer":2}},{"pressed@$button_state_panel":{"$border_color":"$light_border_hover_color","$border_layer":2,"$button_alpha":"$default_hover_alpha","$content_alpha":1,"$hover_state":true,"$new_ui_button_texture":"$hover_button_texture","$secondary_text_color":"$light_button_secondary_hover_text_color","$text_color":"$default_text_color","layer":2}},{"locked@$button_state_panel":{"$border_color":"$light_border_locked_color","$border_layer":1,"$button_image":"common_buttons.locked_button_image","$content_alpha":"$locked_alpha","$locked_state":true,"$new_ui_button_texture":"$locked_button_texture","$secondary_text_color":"$light_button_secondary_locked_text_color","$text_color":"$default_text_color","layer":1}}]},"Reward_button_assets@common.button":{"$default_button_texture|default":"textures/ui/PRUI/PRbutton","$default_content_alpha|default":1,"$default_font|default":"default","$font_type":"$default_font","$hover_button_texture|default":"textures/ui/PRUI/PRbutton_highlight","$hover_content_alpha|default":1,"$locked_alpha":1,"$locked_button_texture|default":"textures/ui/disabledButtonNoBorder","$pressed_button_texture|default":"textures/ui/PRUI/PRbutton_highlight","locked_control":"locked"},"Reward_text_button@Reward_button_assets":{"$button_binding_condition|default":"none","$button_font_scale_factor|default":1.0,"$button_font_size|default":"normal","$button_offset|default":[30,0],"$button_pressed_offset|default":[0,1],"$button_state_panel|default":"common_buttons.new_ui_button_panel_empty","$button_text_binding_type|default":"none","$button_text_grid_collection_name|default":"","$button_text|default":"","$button_type_panel":"common_buttons.new_ui_binding_button_label","$default_button_alpha|default":1,"$default_button_pressed_offset|default":[0,1],"$default_hover_alpha|default":1,"$default_pressed_alpha|default":1,"$default_state|default":false,"$default_text_color|default":"$light_button_default_text_color","$hover_state|default":false,"$hover_text_color|default":"$light_button_hover_text_color","$locked_state|default":false,"$locked_text_color|default":"$light_button_locked_text_color","$pressed_alpha|default":1,"$pressed_state|default":false,"$pressed_text_color|default":"$light_button_pressed_text_color","controls":[{"default@$button_state_panel":{"$border_color":[0.992,0.949,0.851],"$border_layer":2,"$button_alpha":"$default_button_alpha","$content_alpha":"$default_content_alpha","$default_state":true,"$new_ui_button_texture":"$default_button_texture","$secondary_text_color":"$light_button_secondary_default_text_color","$text_color":"$default_text_color","layer":1}},{"hover@$button_state_panel":{"$border_color":"$light_border_hover_color","$border_layer":2,"$button_alpha":"$default_hover_alpha","$content_alpha":1,"$hover_state":true,"$new_ui_button_texture":"$hover_button_texture","$secondary_text_color":"$light_button_secondary_hover_text_color","$text_color":"$default_text_color","layer":2}},{"pressed@$button_state_panel":{"$border_color":"$light_border_hover_color","$border_layer":2,"$button_alpha":"$default_hover_alpha","$content_alpha":1,"$hover_state":true,"$new_ui_button_texture":"$hover_button_texture","$secondary_text_color":"$light_button_secondary_hover_text_color","$text_color":"$default_text_color","layer":2}},{"locked@$button_state_panel":{"$border_color":"$light_border_locked_color","$border_layer":1,"$button_image":"common_buttons.locked_button_image","$content_alpha":"$locked_alpha","$locked_state":true,"$new_ui_button_texture":"$locked_button_texture","$secondary_text_color":"$light_button_secondary_locked_text_color","$text_color":"$default_text_color","layer":1}}]},"SBUI_button_assets@common.button":{"$default_button_texture|default":"textures/ui/SBUI/SBbutton","$default_content_alpha|default":1,"$default_font|default":"default","$font_type":"$default_font","$hover_button_texture|default":"textures/ui/SBUI/SBbutton_highlight","$hover_content_alpha|default":1,"$locked_alpha":1,"$locked_button_texture|default":"textures/ui/disabledButtonNoBorder","$pressed_button_texture|default":"textures/ui/SBUI/SBbutton_highlight","locked_control":"locked"},"SBUI_text_button@SBUI_button_assets":{"$button_binding_condition|default":"none","$button_font_scale_factor|default":1.0,"$button_font_size|default":"normal","$button_offset|default":[30,0],"$button_pressed_offset|default":[0,1],"$button_state_panel|default":"common_buttons.new_ui_button_panel_empty","$button_text_binding_type|default":"none","$button_text_grid_collection_name|default":"","$button_text|default":"","$button_type_panel":"common_buttons.new_ui_binding_button_label","$default_button_alpha|default":1,"$default_button_pressed_offset|default":[0,1],"$default_hover_alpha|default":1,"$default_pressed_alpha|default":1,"$default_state|default":false,"$default_text_color|default":"$light_button_default_text_color","$hover_state|default":false,"$hover_text_color|default":"$light_button_hover_text_color","$locked_state|default":false,"$locked_text_color|default":"$light_button_locked_text_color","$pressed_alpha|default":1,"$pressed_state|default":false,"$pressed_text_color|default":"$light_button_pressed_text_color","controls":[{"default@$button_state_panel":{"$border_color":[0.992,0.949,0.851],"$border_layer":2,"$button_alpha":"$default_button_alpha","$content_alpha":"$default_content_alpha","$default_state":true,"$new_ui_button_texture":"$default_button_texture","$secondary_text_color":"$light_button_secondary_default_text_color","$text_color":"$default_text_color","layer":1}},{"hover@$button_state_panel":{"$border_color":"$light_border_hover_color","$border_layer":2,"$button_alpha":"$default_hover_alpha","$content_alpha":1,"$hover_state":true,"$new_ui_button_texture":"$hover_button_texture","$secondary_text_color":"$light_button_secondary_hover_text_color","$text_color":"$default_text_color","layer":2}},{"pressed@$button_state_panel":{"$border_color":"$light_border_hover_color","$border_layer":2,"$button_alpha":"$default_hover_alpha","$content_alpha":1,"$hover_state":true,"$new_ui_button_texture":"$hover_button_texture","$secondary_text_color":"$light_button_secondary_hover_text_color","$text_color":"$default_text_color","layer":2}},{"locked@$button_state_panel":{"$border_color":"$light_border_locked_color","$border_layer":1,"$button_image":"common_buttons.locked_button_image","$content_alpha":"$locked_alpha","$locked_state":true,"$new_ui_button_texture":"$locked_button_texture","$secondary_text_color":"$light_button_secondary_locked_text_color","$text_color":"$default_text_color","layer":1}}]},"background_button_image":{"alpha":"$content_alpha","layer":1,"texture":"textures/ui/button_borderless_imagelesshoverbg","type":"image"},"button_image":{"$button_alpha|default":"$content_alpha","alpha":"$button_alpha","layer":1,"texture":"$new_ui_button_texture","type":"image"},"ccui_button_assets@common.button":{"$default_button_texture|default":"textures/ui/CCUI/CookCraftButton","$default_content_alpha|default":1,"$default_font|default":"default","$font_type":"$default_font","$hover_button_texture|default":"textures/ui/CCUI/CookCraftButtonPressed","$hover_content_alpha|default":1,"$locked_alpha":1,"$locked_button_texture|default":"textures/ui/disabledButtonNoBorder","$pressed_button_texture|default":"textures/ui/CCUI/CookCraftButtonPressed","locked_control":"locked"},"ccui_text_button@ccui_button_assets":{"$button_binding_condition|default":"none","$button_font_scale_factor|default":1.0,"$button_font_size|default":"normal","$button_offset|default":[0,0],"$button_pressed_offset|default":[0,1],"$button_state_panel|default":"common_buttons.new_ui_button_panel_empty","$button_text_binding_type|default":"none","$button_text_grid_collection_name|default":"","$button_text|default":"","$button_type_panel":"common_buttons.new_ui_binding_button_label","$default_button_alpha|default":1,"$default_button_pressed_offset|default":[0,1],"$default_hover_alpha|default":1,"$default_pressed_alpha|default":1,"$default_state|default":false,"$default_text_color|default":"$light_button_default_text_color","$hover_state|default":false,"$hover_text_color|default":"$light_button_hover_text_color","$locked_state|default":false,"$locked_text_color|default":"$light_button_locked_text_color","$pressed_alpha|default":1,"$pressed_state|default":false,"$pressed_text_color|default":"$light_button_pressed_text_color","controls":[{"default@$button_state_panel":{"$border_color":[0.992,0.949,0.851],"$border_layer":2,"$button_alpha":"$default_button_alpha","$content_alpha":"$default_content_alpha","$default_state":true,"$new_ui_button_texture":"$default_button_texture","$secondary_text_color":"$light_button_secondary_default_text_color","$text_color":"$default_text_color","layer":1}},{"hover@$button_state_panel":{"$border_color":"$light_border_hover_color","$border_layer":2,"$button_alpha":"$default_hover_alpha","$content_alpha":1,"$hover_state":true,"$new_ui_button_texture":"$hover_button_texture","$secondary_text_color":"$light_button_secondary_hover_text_color","$text_color":"$default_text_color","layer":2}},{"pressed@$button_state_panel":{"$border_color":"$light_border_hover_color","$border_layer":2,"$button_alpha":"$default_hover_alpha","$content_alpha":1,"$hover_state":true,"$new_ui_button_texture":"$hover_button_texture","$secondary_text_color":"$light_button_secondary_hover_text_color","$text_color":"$default_text_color","layer":2}},{"locked@$button_state_panel":{"$border_color":"$light_border_locked_color","$border_layer":1,"$button_image":"common_buttons.locked_button_image","$content_alpha":"$locked_alpha","$locked_state":true,"$new_ui_button_texture":"$locked_button_texture","$secondary_text_color":"$light_button_secondary_locked_text_color","$text_color":"$default_text_color","layer":1}}]},"light_text_button2@light_button_assets":{"$button_binding_condition|default":"none","$button_font_scale_factor|default":1.0,"$button_font_size|default":"normal","$button_offset|default":[0,0],"$button_pressed_offset|default":[0,1],"$button_state_panel|default":"common_buttons.new_ui_button_panel2","$button_text_binding_type|default":"none","$button_text_grid_collection_name|default":"","$button_text|default":"","$button_type_panel":"common_buttons.new_ui_binding_button_label","$default_button_alpha|default":1,"$default_button_pressed_offset|default":[0,1],"$default_hover_alpha|default":1,"$default_pressed_alpha|default":1,"$default_state|default":false,"$default_text_color|default":"$light_button_default_text_color","$hover_state|default":false,"$hover_text_color|default":"$light_button_hover_text_color","$locked_state|default":false,"$locked_text_color|default":"$light_button_locked_text_color","$pressed_alpha|default":1,"$pressed_state|default":false,"$pressed_text_color|default":"$light_button_pressed_text_color","controls":[{"default@$button_state_panel":{"$border_color":"$light_border_default_color","$border_layer":2,"$button_alpha":"$default_button_alpha","$content_alpha":"$default_content_alpha","$default_state":true,"$new_ui_button_texture":"$default_button_texture","$secondary_text_color":"$light_button_secondary_default_text_color","$text_color":"$default_text_color","layer":1}},{"hover@$button_state_panel":{"$border_color":"$light_border_hover_color","$border_layer":4,"$button_alpha":"$default_hover_alpha","$content_alpha":1,"$hover_state":true,"$new_ui_button_texture":"$hover_button_texture","$secondary_text_color":"$light_button_secondary_hover_text_color","$text_color":"$hover_text_color","layer":4}},{"pressed@$button_state_panel":{"$border_color":"$light_border_pressed_color","$border_layer":5,"$button_alpha":"$default_pressed_alpha","$button_offset|default":"$button_pressed_offset","$content_alpha":"$pressed_alpha","$new_ui_button_texture":"$pressed_button_texture","$pressed_state":true,"$secondary_text_color":"$light_button_secondary_pressed_text_color","$text_color":"$pressed_text_color","layer":5}},{"locked@$button_state_panel":{"$border_color":"$light_border_locked_color","$border_layer":1,"$button_image":"common_buttons.locked_button_image","$content_alpha":"$locked_alpha","$locked_state":true,"$new_ui_button_texture":"$locked_button_texture","$secondary_text_color":"$light_button_secondary_locked_text_color","$text_color":"$locked_text_color","layer":1}}]},"locked_button_image":{"alpha":"$content_alpha","layer":1,"texture":"$new_ui_button_texture","type":"image"},"namespace":"common_buttons","new_ui_button_panel2":{"$border_alpha|default":1,"$border_visible|default":true,"$button_alpha|default":1,"$button_anchor_from|default":"center","$button_anchor_to|default":"center","$button_image_color|default":[1.0,1.0,1.0],"$button_image_fill|default":false,"$button_image_size|default":["100% - 2px","100% - 2px"],"$button_image_visible|default":true,"$button_image|default":"common_buttons.button_image3","$button_size_override|default":["100%","100%"],"$content_alpha|default":1,"$image_anchor|default":"center","$image_offset|default":[0,0],"anchor_from":"$button_anchor_from","anchor_to":"$button_anchor_to","controls":[{"$button_image@$button_image":{"anchor_from":"$image_anchor","anchor_to":"$image_anchor","color":"$button_image_color","fill":"$button_image_fill","ignored":"(not $button_image_visible)","layer":1,"offset":"$image_offset","size":"$button_image_size"}},{"button_content":{"$button_content_size|default":["100% - 6px","100% - 6px"],"controls":[{"$button_type_panel@$button_type_panel":{"layer":3}}],"size":"$button_content_size","type":"panel"}},{"border@common_buttons.focus_border":{"alpha":"$border_alpha","color":"$border_color","ignored":"(not $border_visible)","layer":"$border_layer"}}],"layer":1,"offset":[20,0],"size":"$button_size_override","type":"panel"},"new_ui_button_panel_empty":{"$border_alpha|default":1,"$border_visible|default":true,"$button_alpha|default":1,"$button_anchor_from|default":"center","$button_anchor_to|default":"center","$button_image_color|default":[1.0,1.0,1.0],"$button_image_fill|default":false,"$button_image_size|default":["100% - 2px","100% - 2px"],"$button_image_visible|default":true,"$button_image|default":"common_buttons.button_image","$button_size_override|default":["100%","100%"],"$content_alpha|default":1,"$image_anchor|default":"center","$image_offset|default":[0,0],"anchor_from":"$button_anchor_from","anchor_to":"$button_anchor_to","controls":[{"$button_image@$button_image":{"anchor_from":"$image_anchor","anchor_to":"$image_anchor","color":"$button_image_color","fill":"$button_image_fill","ignored":"(not $button_image_visible)","layer":1,"offset":"$image_offset","size":"$button_image_size"}},{"button_content":{"$button_content_size|default":["100% - 6px","100% - 6px"],"controls":[{"$button_type_panel@$button_type_panel":{"layer":3}}],"size":"$button_content_size","type":"panel"}}],"layer":1,"size":"$button_size_override","type":"panel"}}