{"format_version":"1.12.0","minecraft:geometry":[{"description":{"identifier":"geometry.bundle_xmas_present1","texture_width":128,"texture_height":128,"visible_bounds_width":3,"visible_bounds_height":2.5,"visible_bounds_offset":[0,0.75,0]},"bones":[{"name":"bone","pivot":[8,0,-8],"cubes":[{"origin":[-12.5,0,-7.5],"size":[25,5,15],"uv":{"north":{"uv":[15,36],"uv_size":[25,5]},"east":{"uv":[0,36],"uv_size":[15,5]},"south":{"uv":[55,36],"uv_size":[25,5]},"west":{"uv":[40,36],"uv_size":[15,5]},"down":{"uv":[40,36],"uv_size":[25,-15]}}},{"origin":[-13.5,5,-8.5],"size":[27,4,17],"uv":{"north":{"uv":[17,17],"uv_size":[27,4]},"east":{"uv":[0,17],"uv_size":[17,4]},"south":{"uv":[61,17],"uv_size":[27,4]},"west":{"uv":[44,17],"uv_size":[17,4]},"up":{"uv":[17,0],"uv_size":[27,17]},"down":{"uv":[44,17],"uv_size":[27,-17]}}},{"origin":[-1.5,9,-1],"size":[3,3,2],"uv":{"north":{"uv":[2,2],"uv_size":[3,3]},"east":{"uv":[0,2],"uv_size":[2,3]},"south":{"uv":[7,2],"uv_size":[3,3]},"west":{"uv":[5,2],"uv_size":[2,3]},"up":{"uv":[2,0],"uv_size":[3,2]}}},{"origin":[-5.22678,10.66305,-0.5],"size":[4,3,1],"pivot":[-4.02678,10.46305,0],"rotation":[0,0,22.5],"uv":{"north":{"uv":[1,6],"uv_size":[4,3]},"east":{"uv":[0,6],"uv_size":[1,3]},"south":{"uv":[6,6],"uv_size":[4,3]},"west":{"uv":[5,6],"uv_size":[1,3]},"up":{"uv":[1,5],"uv_size":[4,1]},"down":{"uv":[5,6],"uv_size":[4,-1]}}},{"origin":[1.22678,10.66305,-0.5],"size":[4,3,1],"pivot":[4.02678,10.46305,0],"rotation":[0,0,-22.5],"uv":{"north":{"uv":[5,6],"uv_size":[-4,3]},"east":{"uv":[6,6],"uv_size":[-1,3]},"south":{"uv":[10,6],"uv_size":[-4,3]},"west":{"uv":[1,6],"uv_size":[-1,3]},"up":{"uv":[5,5],"uv_size":[-4,1]},"down":{"uv":[9,6],"uv_size":[-4,-1]}}}]}]}]}