{
  "animations": {
    "animation.ball": {
      "animation_length": 2,
      "bones": {
        "bb_main": {
          "position": [
            0,
            0,
            0
          ],
          "rotation": {
            "0.0": [
              0,
              0,
              0
            ],
            "2.0": {
              "lerp_mode": "catmullrom",
              "post": [
                360,
                0,
                0
              ],
              "pre": [
                360,
                0,
                0
              ]
            }
          },
          "scale": 1
        }
      }
    }
  },
  "format_version": "1.8.0"
}