{
  "animations": {
    "animation.bat_shuriken": {
      "animation_length": 1,
      "bones": {
        "bat_shuriken": {
          "rotation": {
            "0.0": [
              0,
              0,
              0
            ],
            "0.5": [
              0,
              180,
              0
            ],
            "1.0": [
              0,
              360,
              0
            ]
          }
        }
      },
      "loop": true
    },
    "animation.bat_shuriken.stop": {
      "bones": {
        "bat_shuriken": {
          "position": [
            0,
            0,
            0
          ],
          "rotation": [
            0,
            0,
            0
          ],
          "scale": 1
        }
      },
      "loop": true
    }
  },
  "format_version": "1.8.0"
}