{
  "animations": {
    "animation.lucky_block": {
      "animation_length": 2,
      "bones": {
        "block": {
          "position": {
            "0.0": [
              0,
              0,
              0
            ],
            "2.0": [
              0,
              32,
              0
            ]
          },
          "rotation": {
            "0.0": [
              0,
              0,
              0
            ],
            "1.0": [
              0,
              180,
              0
            ],
            "2.0": [
              0,
              360,
              0
            ]
          },
          "scale": {
            "0.0": [
              1,
              1,
              1
            ],
            "2.0": [
              1.3,
              1.3,
              1.3
            ]
          }
        }
      }
    }
  },
  "format_version": "1.8.0"
}