{
  "animations": {
    "animation.present": {
      "animation_length": 14.75,
      "bones": {
        "cadeau": {
          "position": {
            "0.0": [
              0,
              0,
              0
            ],
            "0.2083": [
              0,
              5,
              0
            ],
            "0.4583": [
              0,
              9,
              0
            ],
            "0.5833": [
              0,
              10,
              0
            ],
            "0.6667": [
              0,
              9,
              0
            ],
            "0.9167": [
              0,
              0,
              0
            ]
          },
          "rotation": {
            "0.0": [
              0,
              0,
              0
            ],
            "0.5": [
              0,
              -220,
              0
            ],
            "0.9167": [
              0,
              -360,
              0
            ]
          }
        },
        "couvercle": {
          "position": {
            "0.0": [
              0,
              0,
              0
            ],
            "0.9167": [
              0,
              0,
              0
            ],
            "0.9583": [
              0,
              -1,
              0
            ],
            "1.0417": [
              0,
              0,
              0
            ],
            "2.0417": [
              0,
              0,
              0
            ],
            "2.2083": [
              0,
              -1,
              0
            ],
            "2.3333": [
              0,
              0,
              0
            ],
            "2.4583": [
              0,
              -1,
              0
            ],
            "2.5833": [
              0,
              0,
              0
            ],
            "3.5417": [
              0,
              0,
              0
            ],
            "3.7083": [
              0,
              0,
              0
            ],
            "3.875": [
              0,
              -2,
              0
            ],
            "4.5": [
              0,
              -0.3,
              0
            ],
            "5.125": [
              0,
              0,
              0
            ],
            "5.2083": [
              0,
              14,
              0
            ],
            "5.4167": [
              0,
              18,
              -2
            ],
            "5.625": [
              0,
              14.33,
              -10.67
            ],
            "5.75": [
              0,
              8,
              -17
            ]
          },
          "rotation": {
            "0.0": [
              0,
              0,
              0
            ],
            "5.2083": [
              0,
              0,
              0
            ],
            "5.4167": [
              52.5,
              0,
              0
            ],
            "5.75": [
              180,
              0,
              0
            ]
          }
        },
        "papier": {
          "rotation": [
            0,
            -180,
            0
          ]
        }
      },
      "loop": true
    }
  },
  "format_version": "1.8.0"
}