{
  "animations": {
    "animation.bigcat.idle": {
      "bones": {
        "head": {
          "position": [
            0,
            -80,
            -3
          ]
        },
        "paw1": {
          "position": [
            0,
            -57,
            0
          ],
          "rotation": [
            -90,
            0,
            0
          ]
        },
        "paw2": {
          "position": [
            0,
            -57,
            0
          ],
          "rotation": [
            -90,
            0,
            0
          ]
        }
      },
      "loop": true
    },
    "animation.bigcat.popup": {
      "animation_length": 6.5,
      "bones": {
        "head": {
          "position": {
            "0.0": [
              0,
              -80,
              -3
            ],
            "2.4583": [
              0,
              -80,
              -3
            ],
            "2.8333": [
              0,
              -41,
              -3
            ],
            "2.9583": [
              0,
              -44,
              -3
            ],
            "3.7083": [
              0,
              -44,
              -3
            ],
            "3.9583": [
              0,
              -1,
              -3
            ],
            "4.2083": [
              0,
              -6,
              -3
            ],
            "4.8333": [
              0,
              -3,
              -3
            ],
            "5.0": [
              0,
              -6,
              -3
            ],
            "5.875": [
              0,
              -3,
              -3
            ],
            "6.0": [
              0,
              -3,
              -3
            ],
            "6.5": [
              0,
              -80,
              -3
            ]
          }
        },
        "paw1": {
          "position": {
            "0.0": [
              0,
              -57,
              0
            ],
            "1.0": [
              0,
              0,
              0
            ],
            "6.0": [
              0,
              0,
              0
            ],
            "6.5": [
              0,
              -57,
              0
            ]
          },
          "rotation": {
            "0.0": [
              -90,
              0,
              0
            ],
            "0.4583": [
              -115,
              0,
              0
            ],
            "1.0": [
              0,
              0,
              0
            ],
            "6.0": [
              0,
              0,
              0
            ],
            "6.5": [
              -90,
              0,
              0
            ]
          }
        },
        "paw2": {
          "position": {
            "0.0": [
              0,
              -57,
              0
            ],
            "1.0": [
              0,
              -57,
              0
            ],
            "1.9583": [
              0,
              0,
              0
            ],
            "4.5": [
              0,
              0,
              0
            ],
            "4.7083": [
              0,
              0,
              11
            ],
            "4.7917": [
              11.5,
              0,
              -12.5
            ],
            "4.875": [
              6,
              3,
              -33
            ],
            "4.9583": [
              -13.5,
              8,
              -42.5
            ],
            "5.0833": [
              -48,
              8,
              -39
            ],
            "5.3333": [
              -12,
              14.43,
              -16.71
            ],
            "5.5": [
              0,
              0,
              0
            ],
            "6.0": [
              0,
              0,
              0
            ],
            "6.5": [
              0,
              -57,
              0
            ]
          },
          "rotation": {
            "0.0": [
              -90,
              0,
              0
            ],
            "1.0": [
              -90,
              0,
              0
            ],
            "1.5417": [
              -115,
              0,
              0
            ],
            "1.9583": [
              0,
              0,
              0
            ],
            "4.5": [
              0,
              0,
              0
            ],
            "4.7083": [
              -77.5,
              0,
              0
            ],
            "5.0833": [
              56.83037,
              14.98539,
              87.41193
            ],
            "5.5": [
              0,
              0,
              0
            ],
            "6.0": [
              0,
              0,
              0
            ],
            "6.5": [
              -90,
              0,
              0
            ]
          }
        }
      },
      "loop": true
    }
  },
  "format_version": "1.8.0"
}