{
  "animations": {
    "animation.crosstheroad.car.drive": {
      "animation_length": 0.5,
      "bones": {
        "frame": {
          "rotation": {
            "0.0": [
              0,
              0,
              -0.5
            ],
            "0.25": [
              0,
              0,
              0.5
            ],
            "0.5": [
              0,
              0,
              -0.5
            ]
          }
        },
        "head": {
          "rotation": [
            0,
            "q.head_y_rotation(0)",
            0
          ]
        },
        "wheels1": {
          "rotation": {
            "0.0": [
              0,
              0,
              0
            ],
            "0.5": [
              360,
              0,
              0
            ]
          }
        },
        "wheels2": {
          "rotation": {
            "0.0": [
              0,
              0,
              0
            ],
            "0.5": [
              360,
              0,
              0
            ]
          }
        }
      },
      "loop": true
    }
  },
  "format_version": "1.8.0"
}