{
  "animations": {
    "animation.giantpig.run": {
      "animation_length": 0.5,
      "bones": {
        "giantpig": {
          "position": {
            "0.0": [
              0,
              0,
              0
            ],
            "0.125": [
              0,
              -1,
              0
            ],
            "0.25": [
              0,
              0,
              0
            ],
            "0.375": [
              0,
              -1,
              0
            ],
            "0.5": [
              0,
              0,
              0
            ]
          }
        },
        "head": {
          "rotation": [
            "q.head_x_rotation(0)-this",
            "q.head_y_rotation(0)-query.body_y_rotation",
            0
          ]
        },
        "leg1": {
          "rotation": {
            "0.0": [
              -32.5,
              0,
              0
            ],
            "0.25": [
              22.5,
              0,
              0
            ],
            "0.5": [
              -32.5,
              0,
              0
            ]
          }
        },
        "leg2": {
          "rotation": {
            "0.0": [
              25,
              0,
              0
            ],
            "0.25": [
              -32.5,
              0,
              0
            ],
            "0.5": [
              25,
              0,
              0
            ]
          }
        },
        "leg3": {
          "rotation": {
            "0.0": [
              -25,
              0,
              0
            ],
            "0.25": [
              22.5,
              0,
              0
            ],
            "0.5": [
              -25,
              0,
              0
            ]
          }
        },
        "leg4": {
          "rotation": {
            "0.0": [
              22.5,
              0,
              0
            ],
            "0.25": [
              -32.5,
              0,
              0
            ],
            "0.5": [
              22.5,
              0,
              0
            ]
          }
        }
      },
      "loop": true
    }
  },
  "format_version": "1.8.0"
}