{"format_version":"1.10.0","minecraft:attachable":{"description":{"animations":{"firstperson_main_hand":"animation.tmd_melees.geo_fd794fa.firstperson_main_hand","thirdperson_main_hand":"animation.tmd_melees.geo_fd794fa.thirdperson_main_hand"},"geometry":{"default":"geometry.tmd_melees.geo_fd794fa"},"identifier":"geyser_custom:melee_combatknife","materials":{"default":"entity_alphatest_one_sided","enchanted":"entity_alphatest_one_sided"},"render_controllers":["controller.render.item_default"],"scripts":{"animate":[{"thirdperson_main_hand":"v.main_hand && !c.is_first_person"},{"firstperson_main_hand":"v.main_hand && c.is_first_person"}],"pre_animation":["v.main_hand = c.item_slot == 'main_hand';"]},"textures":{"default":"textures/geyser/tmd_melees/3","enchanted":"textures/misc/enchanted_item_glint"}}}}