{
  "namespace": "join_main",
  "main_panel": {
    "type": "panel",
    "size": [
      "100%",
      "100%"
    ],
    "controls": [
      {
        "background_all@server_form.color_global": {
          "type": "image",
          "texture": "textures/global/background_full_color_white",
          "color": "$color4",
          "alpha": 0.8,
          "keep_ratio": false,
          "anchor_from": "top_left",
          "anchor_to": "top_left",
          "size": [
            "100%",
            "100%"
          ]
        }
      },
      {
        "close_button@server_form.close_button_blue": {
          "layer": 18,
          "offset": [
            0,
            0
          ]
        }
      },
      {
        "panel": {
          "type": "stack_panel",
          "size": [
            356.67,
            200
          ],
          "orientation": "vertical",
          "controls": [
            {
              "top_panel": {
                "type": "panel",
                "size": [
                  "100%",
                  55
                ],
                "controls": [
                  {
                    "title_one@server_form.text": {
                      "$text": "SE CONNECTER AUX SERVEURS",
                      "$font_type": "MinecraftTen",
                      "anchor_from": "center",
                      "anchor_to": "center",
                      "font_scale_factor": 1,
                      "$font_size": "large",
                      "$color": "white",
                      "offset": [
                        0,
                        0
                      ]
                    }
                  },
                  {
                    "title_too@server_form.text": {
                      "$text": "OU SOUHAITES-TU TE RENDRE ?",
                      "$font_type": "MinecraftTen",
                      "$color": [
                        0.4745,
                        0.4745,
                        0.7176
                      ],
                      "anchor_from": "center",
                      "anchor_to": "center",
                      "font_scale_factor": 1.3,
                      "$font_size": "normal",
                      "offset": [
                        0,
                        18
                      ]
                    }
                  }
                ]
              }
            },
            {
              "choice_server": {
                "type": "stack_panel",
                "anchor_from": "top_left",
                "anchor_to": "top_left",
                "size": [
                  "100%",
                  69.29
                ],
                "orientation": "horizontal",
                "controls": [
                  {
                    "buttons_warzone@server_form.button_one": {
                      "$button": "join_main.choice_server_button"
                    }
                  }
                ]
              }
            },
            {
              "choice_server_event": {
                "type": "panel",
                "anchor_from": "top_left",
                "anchor_to": "top_left",
                "size": [
                  "100%",
                  69.29
                ],
                "orientation": "horizontal",
                "controls": [
                  {
                    "buttons_warzone@server_form.button_one": {
                      "offset": [
                        0,
                        40
                      ],
                      "$button": "join_main.choice_server_event_button"
                    }
                  }
                ]
              }
            }
          ]
        }
      }
    ]
  },
  "choice_server_button": {
    "type": "panel",
    "controls": [
      {
        "alpha@join_main.choice_server_inner": {
          "$font_type": "MinecraftTen",
          "$text_value": "ALPHA",
          "$color_all": [
            0.9569,
            0.1490,
            0.2902
          ],
          "offset": [
            9,
            25
          ],
          "bindings": [
            {
              "binding_name": "#form_button_text",
              "binding_name_override": "#form_button_text",
              "binding_type": "collection",
              "binding_collection_name": "form_buttons"
            },
            {
              "binding_type": "view",
              "source_property_name": "(not((#form_button_text - '§a§a§j§j') \u003d #form_button_text))",
              "target_property_name": "#visible"
            }
          ]
        }
      },
      {
        "sigma@join_main.choice_server_inner": {
          "$font_type": "MinecraftTen",
          "$text_value": "SIGMA",
          "$color_all": [
            0.1294,
            0.1294,
            0.1804
          ],
          "offset": [
            79,
            25
          ],
          "bindings": [
            {
              "binding_name": "#form_button_text",
              "binding_name_override": "#form_button_text",
              "binding_type": "collection",
              "binding_collection_name": "form_buttons"
            },
            {
              "binding_type": "view",
              "source_property_name": "(not((#form_button_text - '§s§s§j§j') \u003d #form_button_text))",
              "target_property_name": "#visible"
            }
          ]
        }
      },
      {
        "gamma@join_main.choice_server_inner": {
          "$font_type": "MinecraftTen",
          "$text_value": "GAMMA",
          "$color_all": [
            0.3098,
            0.6588,
            0.3020
          ],
          "offset": [
            149,
            25
          ],
          "bindings": [
            {
              "binding_name": "#form_button_text",
              "binding_name_override": "#form_button_text",
              "binding_type": "collection",
              "binding_collection_name": "form_buttons"
            },
            {
              "binding_type": "view",
              "source_property_name": "(not((#form_button_text - '§g§g§j§j') \u003d #form_button_text))",
              "target_property_name": "#visible"
            }
          ]
        }
      },
      {
        "omega@join_main.choice_server_inner": {
          "$font_type": "MinecraftTen",
          "$text_value": "OMEGA",
          "$color_all": [
            0.5098,
            0.5098,
            0.5804
          ],
          "offset": [
            219,
            25
          ],
          "bindings": [
            {
              "binding_name": "#form_button_text",
              "binding_name_override": "#form_button_text",
              "binding_type": "collection",
              "binding_collection_name": "form_buttons"
            },
            {
              "binding_type": "view",
              "source_property_name": "(not((#form_button_text - '§o§o§j§j') \u003d #form_button_text))",
              "target_property_name": "#visible"
            }
          ]
        }
      },
      {
        "delta@join_main.choice_server_inner": {
          "$font_type": "MinecraftTen",
          "$text_value": "DELTA",
          "$color_all": [
            0.9647,
            0.7529,
            0.0157
          ],
          "offset": [
            289,
            25
          ],
          "bindings": [
            {
              "binding_name": "#form_button_text",
              "binding_name_override": "#form_button_text",
              "binding_type": "collection",
              "binding_collection_name": "form_buttons"
            },
            {
              "binding_type": "view",
              "source_property_name": "(not((#form_button_text - '§d§d§j§j') \u003d #form_button_text))",
              "target_property_name": "#visible"
            }
          ]
        }
      }
    ]
  },
  "choice_server_inner": {
    "type": "panel",
    "anchor_from": "top_left",
    "anchor_to": "top_left",
    "size": [
      60,
      69.29
    ],
    "controls": [
      {
        "form_button@common.button": {
          "$pressed_button_name": "button.form_button_click",
          "$default_state|default": false,
          "$hover_state|default": false,
          "controls": [
            {
              "default": {
                "type": "panel",
                "controls": [
                  {
                    "background": {
                      "type": "image",
                      "texture": "textures/global/blazon",
                      "keep_ratio": false,
                      "color": "$color_all",
                      "layer": 15,
                      "size": [
                        "100%",
                        "100%"
                      ]
                    }
                  },
                  {
                    "label@server_form.text": {
                      "$text": "SERVEUR",
                      "$color": "white",
                      "$font_type": "default",
                      "anchor_from": "center",
                      "anchor_to": "center",
                      "font_scale_factor": 0.6,
                      "layer": 16,
                      "offset": [
                        0,
                        -6
                      ]
                    }
                  },
                  {
                    "name_server@server_form.text": {
                      "$text": "$text_value",
                      "$color": "white",
                      "$font_type": "MinecraftTen",
                      "anchor_from": "center",
                      "anchor_to": "center",
                      "font_scale_factor": 1.5,
                      "layer": 16,
                      "offset": [
                        0,
                        2
                      ]
                    }
                  }
                ]
              }
            },
            {
              "hover": {
                "type": "panel",
                "controls": [
                  {
                    "background": {
                      "type": "image",
                      "texture": "textures/global/blazon",
                      "keep_ratio": false,
                      "color": "white",
                      "layer": 15,
                      "size": [
                        "100%",
                        "100%"
                      ]
                    }
                  },
                  {
                    "label@server_form.text": {
                      "$text": "SERVEUR",
                      "$color": "$color_all",
                      "$font_type": "default",
                      "anchor_from": "center",
                      "anchor_to": "center",
                      "font_scale_factor": 0.6,
                      "layer": 16,
                      "offset": [
                        0,
                        -6
                      ]
                    }
                  },
                  {
                    "name_server@server_form.text": {
                      "$text": "$text_value",
                      "$color": "$color_all",
                      "$font_type": "MinecraftTen",
                      "anchor_from": "center",
                      "anchor_to": "center",
                      "font_scale_factor": 1.5,
                      "layer": 16,
                      "offset": [
                        0,
                        2
                      ]
                    }
                  }
                ]
              }
            }
          ],
          "bindings": [
            {
              "binding_type": "collection_details",
              "binding_collection_name": "form_buttons"
            }
          ]
        }
      }
    ]
  },
  "choice_server_event_button": {
    "type": "panel",
    "controls": [
      {
        "event@join_main.event_choice": {
          "$font_type": "MinecraftTen",
          "bindings": [
            {
              "binding_name": "#form_button_text",
              "binding_name_override": "#form_button_text",
              "binding_type": "collection",
              "binding_collection_name": "form_buttons"
            },
            {
              "binding_type": "view",
              "source_property_name": "(not((#form_button_text - '§e§e§j§j') \u003d #form_button_text))",
              "target_property_name": "#visible"
            }
          ]
        }
      }
    ]
  },
  "event_choice@server_form.color_global": {
    "type": "panel",
    "size": [
      100,
      20
    ],
    "controls": [
      {
        "form_button@common.button": {
          "$pressed_button_name": "button.form_button_click",
          "$default_state|default": false,
          "$hover_state|default": false,
          "controls": [
            {
              "default": {
                "type": "panel",
                "controls": [
                  {
                    "background": {
                      "type": "image",
                      "texture": "textures/global/button_color_white",
                      "color": "$color8",
                      "keep_ratio": false,
                      "layer": 15,
                      "size": [
                        "100%c+8px",
                        "100%c+6px"
                      ],
                      "controls": [

                        {
                          "name_server@server_form.text": {
                            "$text": "#value_server",
                            "$color": "white",
                            "$font_type": "MinecraftTen",
                            "anchor_from": "center",
                            "anchor_to": "center",
                            "layer": 16,
                            "offset": [
                              0,
                              -1
                            ],
                            "bindings": [
                              {
                                "binding_collection_name": "form_buttons",
                                "binding_type": "collection",
                                "binding_condition": "none",
                                "binding_name": "#form_button_text",
                                "binding_name_override": "#value_server"
                              }
                            ]
                          }
                        }
                      ]
                    }
                  }
                ]
              }
            },
            {
              "hover": {
                "type": "panel",
                "controls": [
                  {
                    "background": {
                      "type": "image",
                      "texture": "textures/global/button_color_prime-hover",
                      "keep_ratio": false,
                      "color": "white",
                      "layer": 15,
                      "size": [
                        "100%c+8px",
                        "100%c+6px"
                      ],
                      "controls": [
                        {
                          "name_server@server_form.text": {
                            "$text": "#value_server",
                            "anchor_from": "center",
                            "anchor_to": "center",
                            "$color": [
                              0.109,
                              0.117,
                              0.258
                            ],
                            "$font_type": "MinecraftTen",
                            "offset": [
                              0,
                              -1
                            ],
                            "layer": 16,
                            "bindings": [
                              {
                                "binding_collection_name": "form_buttons",
                                "binding_type": "collection",
                                "binding_condition": "none",
                                "binding_name": "#form_button_text",
                                "binding_name_override": "#value_server"
                              }
                            ]
                          }
                        }
                      ]
                    }
                  }
                ]
              }
            }
          ],
          "bindings": [
            {
              "binding_type": "collection_details",
              "binding_collection_name": "form_buttons"
            }
          ]
        }
      }
    ]
  }
}