{
  "namespace": "menu_main",
  "main_panel": {
    "type": "stack_panel",
    "size": [
      "100%",
      "100%"
    ],
    "orientation": "vertical",
    "controls": [
      {
        "top": {
          "type": "panel",
          "size": [
            "100%",
            15
          ]
        }
      },
      {
        "view": {
          "type": "panel",
          "size": [
            "100%",
            102
          ],
          "controls": [
            {
              "buttons_view@server_form.button_one": {
                "offset": [
                  14,
                  0
                ],
                "$button": "menu_main.view_affiche"
              }
            }
          ]
        }
      },
      {
        "padding": {
          "type": "panel",
          "size": [
            "100%",
            5
          ]
        }
      },
      {
        "choice": {
          "type": "panel",
          "size": [
            "100%",
            55
          ],
          "controls": [
            {
              "buttons_choice@menu_main.button_list_wrapper_daily": {
                "offset": [
                  14,
                  0
                ]
              }
            }
          ]
        }
      }
    ]
  },
  "button_list_wrapper_daily": {
    "type": "panel",
    "anchor_from": "top_left",
    "anchor_to": "top_left",
    "size": [
      "100%",
      "100%c"
    ],
    "controls": [
      {
        "button_list@menu_main.button_grid": {
        }
      }
    ]
  },
  "button_grid": {
    "type": "grid",
    "size": [
      "100%",
      "100%c"
    ],
    "offset": [
      -11,
      0
    ],
    "grid_item_template": "menu_main.app_option",
    "grid_rescaling_type": "horizontal",
    "collection_name": "form_buttons",
    "bindings": [
      {
        "binding_name": "#form_button_length",
        "binding_name_override": "#maximum_grid_items"
      }
    ]
  },
  "app_option": {
    "type": "panel",
    "size": [
      "100%c",
      "100%c"
    ],
    "controls": [
      {
        "pays@menu_main.app_button": {
          "$text_value": "PAYS",
          "$texture": "textures/global/pays",
          "$color_background": "$color_blue",
          "$color_logo": "$color_blue_dark",
          "$color_background_hover": "$color_blue",
          "$color_logo_hover": "$color_blue_dark",
          "$offset_logo": [
            0,
            0
          ],
          "$size_logo": [
            22,
            22
          ],
          "$size_logo_hover": [27, 27],
          "bindings": [
            {
              "binding_name": "#form_button_text",
              "binding_name_override": "#form_button_text",
              "binding_type": "collection",
              "binding_collection_name": "form_buttons"
            },
            {
              "binding_type": "view",
              "source_property_name": "(not((#form_button_text - '§p§a§y§s') \u003d #form_button_text))",
              "target_property_name": "#visible"
            }
          ]
        }
      },
      {
        "entreprise@menu_main.app_button": {
          "$text_value": "ENTREPRISE",
          "$texture": "textures/global/society",
          "$color_background": "$color_coral",
          "$color_logo": "$color_coral_dark",
          "$color_background_hover": "$color_coral",
          "$color_logo_hover": "$color_coral_dark",
          "$offset_logo": [
            0,
            0
          ],
          "$size_logo": [
            22,
            22
          ],
          "$size_logo_hover": [27, 27],
          "bindings": [
            {
              "binding_name": "#form_button_text",
              "binding_name_override": "#form_button_text",
              "binding_type": "collection",
              "binding_collection_name": "form_buttons"
            },
            {
              "binding_type": "view",
              "source_property_name": "(not((#form_button_text - '§e§n§t§r') \u003d #form_button_text))",
              "target_property_name": "#visible"
            }
          ]
        }
      },
      {
        "skills@menu_main.app_button": {
          "$text_value": "Compétences",
          "$texture": "textures/global/skills",
          "$color_background": "$color_orange",
          "$color_logo": "$color_orange_dark",
          "$color_background_hover": "$color_orange",
          "$color_logo_hover": "$color_orange_dark",
          "$offset_logo": [
            0,
            0
          ],
          "$size_logo": [
            22,
            22
          ],
          "$size_logo_hover": [27, 27],
          "bindings": [
            {
              "binding_name": "#form_button_text",
              "binding_name_override": "#form_button_text",
              "binding_type": "collection",
              "binding_collection_name": "form_buttons"
            },
            {
              "binding_type": "view",
              "source_property_name": "(not((#form_button_text - '§s§k§i§l') \u003d #form_button_text))",
              "target_property_name": "#visible"
            }
          ]
        }
      },
      {
        "boutique@menu_main.app_button": {
          "$text_value": "BOUTIQUES",
          "$texture": "textures/global/shop_build",
          "$color_background": "$color_lime",
          "$color_logo": "$color_lime_dark",
          "$color_background_hover": "$color_lime",
          "$color_logo_hover": "$color_lime_dark",
          "$offset_logo": [
            0,
            0
          ],
          "$size_logo": [
            22,
            22
          ],
          "$size_logo_hover": [27, 27],
          "bindings": [
            {
              "binding_name": "#form_button_text",
              "binding_name_override": "#form_button_text",
              "binding_type": "collection",
              "binding_collection_name": "form_buttons"
            },
            {
              "binding_type": "view",
              "source_property_name": "(not((#form_button_text - '§s§h§o§p') \u003d #form_button_text))",
              "target_property_name": "#visible"
            }
          ]
        }
      },
      {
        "voyager@menu_main.app_button": {
          "$text_value": "Voyager",
          "$texture": "textures/global/voyage",
          "$color_background": "$color_cyan",
          "$color_logo": "white",
          "$color_background_hover": "$color_cyan",
          "$color_logo_hover": "white",
          "$offset_logo": [
            0,
            0
          ],
          "$size_logo": [
            22,
            22
          ],
          "$size_logo_hover": [27, 27],
          "bindings": [
            {
              "binding_name": "#form_button_text",
              "binding_name_override": "#form_button_text",
              "binding_type": "collection",
              "binding_collection_name": "form_buttons"
            },
            {
              "binding_type": "view",
              "source_property_name": "(not((#form_button_text - '§v§o§y§a') \u003d #form_button_text))",
              "target_property_name": "#visible"
            }
          ]
        }
      },
      {
        "map@menu_main.app_button": {
          "$text_value": "MAP",
          "$texture": "textures/global/compass",
          "$color_background": "$color_cyan",
          "$color_logo": "white",
          "$color_background_hover": "$color_cyan",
          "$color_logo_hover": "white",
          "$offset_logo": [
            0,
            0
          ],
          "$size_logo": [
            22,
            22
          ],
          "$size_logo_hover": [27, 27],
          "bindings": [
            {
              "binding_name": "#form_button_text",
              "binding_name_override": "#form_button_text",
              "binding_type": "collection",
              "binding_collection_name": "form_buttons"
            },
            {
              "binding_type": "view",
              "source_property_name": "(not((#form_button_text - '§m§a§p§e') \u003d #form_button_text))",
              "target_property_name": "#visible"
            }
          ]
        }
      },
      {
        "cos@menu_main.app_button": {
          "$text_value": "COSMETIQUES",
          "$texture": "",
          "$color_background": "$color_purple",
          "$color_logo": "",
          "$color_background_hover": "white",
          "$color_logo_hover": "",
          "$color_img_web": "$color_purple",
          "$offset_logo": [
            0,
            0
          ],
          "$size_logo": [
            45,
            45
          ],
          "bindings": [
            {
              "binding_name": "#form_button_text",
              "binding_name_override": "#form_button_text",
              "binding_type": "collection",
              "binding_collection_name": "form_buttons"
            },
            {
              "binding_type": "view",
              "source_property_name": "(not((#form_button_text - '§c§o§a§p') \u003d #form_button_text))",
              "target_property_name": "#visible"
            }
          ]
        }
      },
      {
        "loto@menu_main.app_button": {
          "$text_value": "LOTERIE",
          "$texture": "",
          "$color_background": "$color_yellow",
          "$color_logo": "",
          "$color_background_hover": "white",
          "$color_logo_hover": "",
          "$color_img_web": "$color_yellow",
          "$offset_logo": [
            0,
            0
          ],
          "$size_logo": [
            45,
            45
          ],
          "bindings": [
            {
              "binding_name": "#form_button_text",
              "binding_name_override": "#form_button_text",
              "binding_type": "collection",
              "binding_collection_name": "form_buttons"
            },
            {
              "binding_type": "view",
              "source_property_name": "(not((#form_button_text - '§l§o§a§p') \u003d #form_button_text))",
              "target_property_name": "#visible"
            }
          ]
        }
      },
      {
        "wr@menu_main.app_button": {
          "$text_value": "WARZONE",
          "$texture": "textures/global/sword",
          "$color_background": "$color_red",
          "$color_logo": "$color_red_dark",
          "$color_background_hover": "$color_red",
          "$color_logo_hover": "$color_red_dark",
          "$offset_logo": [
            0,
            0
          ],
          "$size_logo": [
            22,
            22
          ],
          "$size_logo_hover": [27, 27],
          "bindings": [
            {
              "binding_name": "#form_button_text",
              "binding_name_override": "#form_button_text",
              "binding_type": "collection",
              "binding_collection_name": "form_buttons"
            },
            {
              "binding_type": "view",
              "source_property_name": "(not((#form_button_text - '§w§z§a§p') \u003d #form_button_text))",
              "target_property_name": "#visible"
            }
          ]
        }
      },
      {
        "wiki@menu_main.app_button": {
          "$text_value": "WIKI",
          "$texture": "textures/global/wiki",
          "$color_background": "$color_blue",
          "$color_logo": "white",
          "$color_background_hover": "$color_blue",
          "$color_logo_hover": "white",
          "$offset_logo": [
            0,
            0
          ],
          "$size_logo": [
            22,
            22
          ],
          "$size_logo_hover": [27, 27],
          "bindings": [
            {
              "binding_name": "#form_button_text",
              "binding_name_override": "#form_button_text",
              "binding_type": "collection",
              "binding_collection_name": "form_buttons"
            },
            {
              "binding_type": "view",
              "source_property_name": "(not((#form_button_text - '§w§i§a§p') \u003d #form_button_text))",
              "target_property_name": "#visible"
            }
          ]
        }
      },
      {
        "padding": {
          "type": "panel",
          "size": [
            11,
            55
          ]
        }
      }
    ]
  },
  "app_button": {
    "type": "panel",
    "anchor_from": "top_left",
    "anchor_to": "top_left",
    "size": [
      45,
      55
    ],
    "controls": [
      {
        "form_button@common.button": {
          "$pressed_button_name": "button.form_button_click",
          "$default_state|default": false,
          "$hover_state|default": false,
          "controls": [
            {
              "default": {
                "type": "panel",
                "controls": [
                  {
                    "background": {
                      "type": "image",
                      "texture": "textures/global/button_color_white",
                      "color": "$color_background",
                      "size": [
                        45,
                        45
                      ]
                    }
                  },
                  {
                    "img": {
                      "type": "image",
                      "texture": "$texture",
                      "color": "$color_logo",
                      "size": "$size_logo",
                      "anchor_from": "center",
                      "anchor_to": "center",
                      "offset": "$offset_logo"
                    }
                  },
                  {
                    "img_web": {
                      "type": "image",
                      "texture": "#texture",
                      "layer": 15,
                      "color": "$color_img_web",
                      "size": "$size_logo",
                      "anchor_from": "center",
                      "anchor_to": "center",
                      "bindings": [
                        {
                          "binding_name": "#form_button_texture",
                          "binding_name_override": "#texture",
                          "binding_type": "collection",
                          "binding_collection_name": "form_buttons"
                        },
                        {
                          "binding_name": "#form_button_texture_file_system",
                          "binding_name_override": "#texture_file_system",
                          "binding_type": "collection",
                          "binding_collection_name": "form_buttons"
                        },
                        {
                          "binding_type": "view",
                          "source_property_name": "(not ((#texture \u003d \u0027\u0027) or (#texture \u003d \u0027loading\u0027)))",
                          "target_property_name": "#visible"
                        }
                      ]
                    }
                  }
                ]
              }
            },
            {
              "hover": {
                "type": "panel",
                "controls": [
                  {
                    "background": {
                      "type": "image",
                      "texture": "textures/global/button_color_white",
                      "color": "$color_background_hover",
                      "size": [
                        45,
                        45
                      ]
                    }
                  },
                  {
                    "img": {
                      "type": "image",
                      "texture": "$texture",
                      "color": "$color_logo_hover",
                      "size": "$size_logo_hover",
                      "anchor_from": "center",
                      "anchor_to": "center",
                      "offset": "$offset_logo"
                    }
                  },
                  {
                    "img_web": {
                      "type": "image",
                      "texture": "#texture",
                      "layer": 15,
                      "color": "$color_img_web",
                      "size": "$size_logo",
                      "anchor_from": "center",
                      "anchor_to": "center",
                      "bindings": [
                        {
                          "binding_name": "#form_button_texture",
                          "binding_name_override": "#texture",
                          "binding_type": "collection",
                          "binding_collection_name": "form_buttons"
                        },
                        {
                          "binding_name": "#form_button_texture_file_system",
                          "binding_name_override": "#texture_file_system",
                          "binding_type": "collection",
                          "binding_collection_name": "form_buttons"
                        },
                        {
                          "binding_type": "view",
                          "source_property_name": "(not ((#texture \u003d \u0027\u0027) or (#texture \u003d \u0027loading\u0027)))",
                          "target_property_name": "#visible"
                        }
                      ]
                    }
                  }
                ]
              }
            }
          ],
          "bindings": [
            {
              "binding_type": "collection_details",
              "binding_collection_name": "form_buttons"
            }
          ]
        }
      },
      {
        "value_title@server_form.text": {
          "$text": "$text_value",
          "color": "white",
          "$offset": [
            0,
            3
          ],
          "font_type": "MinecraftTen",
          "$font_size": "$font_size",
          "anchor_from": "bottom_middle",
          "anchor_to": "bottom_middle",
          "font_scale_factor": 0.7
        }
      }
    ]
  },
  "view_affiche": {
    "type": "panel",
    "controls": [
      {
        "title@menu_main.text_view": {
          "anchor_from": "top_left",
          "anchor_to": "top_left",
          "bindings": [
            {
              "binding_name": "#form_button_text",
              "binding_name_override": "#form_button_text",
              "binding_type": "collection",
              "binding_collection_name": "form_buttons"
            },
            {
              "binding_type": "view",
              "source_property_name": "(not((#form_button_text - '§t§i§t§l') \u003d #form_button_text))",
              "target_property_name": "#visible"
            }
          ]
        }
      },
      {
        "little_text_view@menu_main.little_text_view": {
          "anchor_from": "top_left",
          "anchor_to": "top_left",
          "bindings": [
            {
              "binding_name": "#form_button_text",
              "binding_name_override": "#form_button_text",
              "binding_type": "collection",
              "binding_collection_name": "form_buttons"
            },
            {
              "binding_type": "view",
              "source_property_name": "(not((#form_button_text - '§l§i§t§i') \u003d #form_button_text))",
              "target_property_name": "#visible"
            }
          ]
        }
      },
      {
        "background@menu_main.view_background": {
          "anchor_from": "top_left",
          "anchor_to": "top_left",
          "bindings": [
            {
              "binding_name": "#form_button_text",
              "binding_name_override": "#form_button_text",
              "binding_type": "collection",
              "binding_collection_name": "form_buttons"
            },
            {
              "binding_type": "view",
              "source_property_name": "(not((#form_button_text - '§d§e§s§c') \u003d #form_button_text))",
              "target_property_name": "#visible"
            }
          ]
        }
      },
      {
        "action@menu_main.action_button": {
          "offset": [
            -75,
            0
          ],
          "bindings": [
            {
              "binding_name": "#form_button_text",
              "binding_name_override": "#form_button_text",
              "binding_type": "collection",
              "binding_collection_name": "form_buttons"
            },
            {
              "binding_type": "view",
              "source_property_name": "(not((#form_button_text - '§a§c§t§i') \u003d #form_button_text))",
              "target_property_name": "#visible"
            }
          ]
        }
      },
      {
        "cos@menu_main.option_inner": {
          "$text_value": "COSMERIO",
          "$text2_value": "COSMETIQUES",
          "offset": [
            -32,
            0
          ],
          "$color_background": [
            0.6824,
            0.4314,
            0.9333
          ],
          "anchor_from": "top_right",
          "anchor_to": "top_right",
          "$position_render": "bottom_left",
          "$position_text": "top_right",
          "$offset_text": [
            -8,
            13
          ],
          "$offset_text2": [
            -10,
            22
          ],
          "$scale_text_2": 0.6,
          "$color_text_2": "white",
          "bindings": [
            {
              "binding_name": "#form_button_text",
              "binding_name_override": "#form_button_text",
              "binding_type": "collection",
              "binding_collection_name": "form_buttons"
            },
            {
              "binding_type": "view",
              "source_property_name": "(not((#form_button_text - '§c§o§s§m') \u003d #form_button_text))",
              "target_property_name": "#visible"
            }
          ]
        }
      },
      {
        "loto@menu_main.option_inner": {
          "$text_value": "LOTERIE",
          "$text2_value": "#form_button_text",
          "$alpha_text_3": 0,
          "$color_background": [
            0.9647,
            0.7529,
            0.0157
          ],
          "$position_render": "bottom_left",
          "$position_text": "top_right",
          "$offset_text": [
            -6,
            13
          ],
          "$offset_text2": [
            -6,
            12
          ],
          "$scale_text_2": 0.9,
          "$color_text_2": [
            0.0824,
            0.0824,
            0.1529
          ],
          "offset": [
            -32,
            0
          ],
          "anchor_from": "top_right",
          "anchor_to": "top_right",
          "bindings": [
            {
              "binding_name": "#form_button_text",
              "binding_name_override": "#form_button_text",
              "binding_type": "collection",
              "binding_collection_name": "form_buttons"
            },
            {
              "binding_type": "view",
              "source_property_name": "(not((#form_button_text - '§l§o§t§o') \u003d #form_button_text))",
              "target_property_name": "#visible"
            }
          ]
        }
      },
      {
        "login@menu_main.app_button": {
          "$text_value": "Connexion",
          "$texture": "textures/global/spawn",
          "$color_background": "white",
          "$color_logo": "",
          "$color_background_hover": "white",
          "$color_logo_hover": "",
          "anchor_from": "top_right",
          "anchor_to": "top_right",
          "$offset_logo": [
            0,
            0
          ],
          "$size_logo": [
            22,
            22
          ],
          "offset": [
            -87,
            45
          ],
          "$size_logo_hover": [27, 27],
          "bindings": [
            {
              "binding_name": "#form_button_text",
              "binding_name_override": "#form_button_text",
              "binding_type": "collection",
              "binding_collection_name": "form_buttons"
            },
            {
              "binding_type": "view",
              "source_property_name": "(not((#form_button_text - '§l§o§g§i') \u003d #form_button_text))",
              "target_property_name": "#visible"
            }
          ]
        }
      },
      {
        "ranks@menu_main.app_button": {
          "$text_value": "Classement",
          "$texture": "textures/global/ranking",
          "$color_background": "$color_yellow",
          "$color_logo": "$color_black",
          "$color_background_hover": "$color_yellow",
          "$color_logo_hover": "$color_black",
          "anchor_from": "top_right",
          "anchor_to": "top_right",
          "$size_logo": [
            22,
            22
          ],
          "offset": [
            -87,
            48
          ],
          "$size_logo_hover": [27, 27],
          "bindings": [
            {
              "binding_name": "#form_button_text",
              "binding_name_override": "#form_button_text",
              "binding_type": "collection",
              "binding_collection_name": "form_buttons"
            },
            {
              "binding_type": "view",
              "source_property_name": "(not((#form_button_text - '§r§a§n§k') \u003d #form_button_text))",
              "target_property_name": "#visible"
            }
          ]
        }
      },
      {
        "joueur@menu_main.app_button": {
          "$text_value": "LISTE JOUEURS",
          "$texture": "textures/global/onlineplayer",
          "$color_background": "$color_blue",
          "$color_logo": "white",
          "$color_background_hover": "$color_blue",
          "$color_logo_hover": "white",
          "anchor_from": "top_right",
          "anchor_to": "top_right",
          "$size_logo": [
            22,
            22
          ],
          "offset": [
            -32,
            48
          ],
          "$size_logo_hover": [27, 27],
          "bindings": [
            {
              "binding_name": "#form_button_text",
              "binding_name_override": "#form_button_text",
              "binding_type": "collection",
              "binding_collection_name": "form_buttons"
            },
            {
              "binding_type": "view",
              "source_property_name": "(not((#form_button_text - '§p§l§a§y') \u003d #form_button_text))",
              "target_property_name": "#visible"
            }
          ]
        }
      }
    ]
  },
  "action_button": {
    "type": "panel",
    "size": [
      60,
      9
    ],
    "layer": 102,
    "controls": [
      {
        "form_button@common.button": {
          "offset": [
            56,
            80
          ],
          "$pressed_button_name": "button.form_button_click",
          "$default_state|default": false,
          "$hover_state|default": false,
          "controls": [
            {
              "default": {
                "type": "panel",
                "controls": [
                  {
                    "choice_prime": {
                      "type": "image",
                      "texture": "textures/global/button_color_white",
                      "color": [
                        0.729,
                        0.729,
                        0.855
                      ],
                      "size": [
                        "100%",
                        16
                      ],
                      "controls": [
                        {
                          "text@server_form.text": {
                            "$text": "#form_button_text",
                            "$font_size": "normal",
                            "anchor_from": "center",
                            "anchor_to": "center",
                            "font_scale_factor": 0.7,
                            "$color": [
                              0.180,
                              0.180,
                              0.337
                            ],
                            "bindings": [
                              {
                                "binding_name": "#form_button_text",
                                "binding_name_override": "#form_button_text",
                                "binding_type": "collection",
                                "binding_collection_name": "form_buttons"
                              },
                              {
                                "binding_type": "view",
                                "source_property_name": "(not((#form_button_text - '§a§c§t§i') \u003d #form_button_text))",
                                "target_property_name": "#visible"
                              }
                            ]
                          }
                        }
                      ]
                    }
                  }
                ]
              }
            },
            {
              "hover": {
                "type": "panel",
                "controls": [
                  {
                    "choice_prime": {
                      "type": "image",
                      "texture": "textures/global/button_color_white",
                      "size": [
                        "100%",
                        16
                      ],
                      "controls": [
                        {
                          "text@server_form.text": {
                            "$text": "#form_button_text",
                            "$font_size": "normal",
                            "anchor_from": "center",
                            "anchor_to": "center",
                            "font_scale_factor": 0.7,
                            "$color": [
                              0.180,
                              0.180,
                              0.337
                            ],
                            "bindings": [
                              {
                                "binding_name": "#form_button_text",
                                "binding_name_override": "#form_button_text",
                                "binding_type": "collection",
                                "binding_collection_name": "form_buttons"
                              },
                              {
                                "binding_type": "view",
                                "source_property_name": "(not((#form_button_text - '§a§c§t§i') \u003d #form_button_text))",
                                "target_property_name": "#visible"
                              }
                            ]
                          }
                        }
                      ]
                    }
                  }
                ]
              }
            }
          ],
          "bindings": [
            {
              "binding_type": "collection_details",
              "binding_collection_name": "form_buttons"
            }
          ]
        }
      }
    ]
  },
  "view_background": {
    "type": "panel",
    "size": [
      213,
      105
    ],
    "controls": [
      {
        "background": {
          "type": "image",
          "texture": "#texture",
          "keep_ratio": false,
          "layer": 98,
          "size": [
            "100%",
            "100%"
          ],
          "bindings": [
            {
              "binding_name": "#form_button_texture",
              "binding_name_override": "#texture",
              "binding_type": "collection",
              "binding_collection_name": "form_buttons"
            },
            {
              "binding_name": "#form_button_texture_file_system",
              "binding_name_override": "#texture_file_system",
              "binding_type": "collection",
              "binding_collection_name": "form_buttons"
            },
            {
              "binding_type": "view",
              "source_property_name": "(not ((#texture \u003d \u0027\u0027) or (#texture \u003d \u0027loading\u0027)))",
              "target_property_name": "#visible"
            }
          ]
        }
      },
      {
        "background_default": {
          "type": "image",
          "texture": "textures/global/background",
          "keep_ratio": false,
          "color": "$color8",
          "layer": 97,
          "size": [
            "100%",
            "100%"
          ]
        }
      },
      {
        "desc@server_form.text": {
          "type": "label",
          "anchor_from": "left_middle",
          "anchor_to": "left_middle",
          "$text": "#form_button_text",
          "color": "$color_grey",
          "keep_ratio": true,
          "$font_type": "MinecraftTen",
          "font_scale_factor": 0.7,
          "layer": 101,
          "offset": [
            10,
            6
          ],
          "bindings": [
            {
              "binding_name": "#form_button_text",
              "binding_name_override": "#form_button_text",
              "binding_type": "collection",
              "binding_collection_name": "form_buttons"
            },
            {
              "binding_type": "view",
              "source_property_name": "(not((#form_button_text - '§d§e§s§c') \u003d #form_button_text))",
              "target_property_name": "#visible"
            }
          ]
        }
      }
    ]
  },
  "text_view": {
    "type": "panel",
    "controls": [
      {
        "title@server_form.text": {
          "type": "label",
          "anchor_from": "top_left",
          "anchor_to": "top_left",
          "$text": "#form_button_text",
          "color": "white",
          "$font_type": "MinecraftTen",
          "offset": [
            10,
            25
          ],
          "layer": 101,
          "bindings": [
            {
              "binding_name": "#form_button_text",
              "binding_name_override": "#form_button_text",
              "binding_type": "collection",
              "binding_collection_name": "form_buttons"
            },
            {
              "binding_type": "view",
              "source_property_name": "(not((#form_button_text - '§t§i§t§l') \u003d #form_button_text))",
              "target_property_name": "#visible"
            }
          ]
        }
      }
    ]
  },
  "little_text_view": {
    "type": "panel",
    "controls": [
      {
        "little_title@server_form.text": {
          "type": "label",
          "anchor_from": "top_left",
          "anchor_to": "top_left",
          "$text": "#form_button_text",
          "color": "$color_grey",
          "$font_type": "MinecraftTen",
          "font_scale_factor": 0.7,
          "offset": [
            10,
            18
          ],
          "layer": 101,
          "bindings": [
            {
              "binding_name": "#form_button_text",
              "binding_name_override": "#form_button_text",
              "binding_type": "collection",
              "binding_collection_name": "form_buttons"
            },
            {
              "binding_type": "view",
              "source_property_name": "(not((#form_button_text - '§l§i§t§i') \u003d #form_button_text))",
              "target_property_name": "#visible"
            }
          ]
        }
      }
    ]
  },
  "option_inner": {
    "type": "panel",
    "anchor_from": "top_right",
    "anchor_to": "top_right",
    "size": [
      101,
      45
    ],
    "controls": [
      {
        "form_button@common.button": {
          "$pressed_button_name": "button.form_button_click",
          "$default_state|default": false,
          "$hover_state|default": false,
          "controls": [
            {
              "default": {
                "type": "panel",
                "controls": [
                  {
                    "background": {
                      "type": "image",
                      "texture": "textures/global/button_color_white",
                      "color": "$color_background",
                      "size": [
                        "100%",
                        "100%"
                      ]
                    }
                  },
                  {
                    "value_title@server_form.text": {
                      "$text": "$text_value",
                      "color": [
                        0.0824,
                        0.0824,
                        0.1529
                      ],
                      "font_type": "MinecraftTen",
                      "$offset": "$offset_text",
                      "$font_size": "normal",
                      "anchor_from": "$position_text",
                      "anchor_to": "$position_text",
                      "font_scale_factor": 0.9
                    }
                  },
                  {
                    "value_title2@server_form.text": {
                      "$text": "$text2_value",
                      "color": "$color_text_2",
                      "font_type": "MinecraftTen",
                      "$offset": "$offset_text2",
                      "$font_size": "normal",
                      "anchor_from": "$position_text",
                      "anchor_to": "$position_text",
                      "font_scale_factor": "$scale_text_2"
                    }
                  },
                  {
                    "img": {
                      "type": "image",
                      "texture": "#texture",
                      "layer": 100,
                      "size": [
                        60,
                        50
                      ],
                      "offset": "$offset_render",
                      "anchor_from": "$position_render",
                      "anchor_to": "$position_render",
                      "bindings": [
                        {
                          "binding_name": "#form_button_texture",
                          "binding_name_override": "#texture",
                          "binding_type": "collection",
                          "binding_collection_name": "form_buttons"
                        },
                        {
                          "binding_name": "#form_button_texture_file_system",
                          "binding_name_override": "#texture_file_system",
                          "binding_type": "collection",
                          "binding_collection_name": "form_buttons"
                        },
                        {
                          "binding_type": "view",
                          "source_property_name": "(not ((#texture \u003d \u0027\u0027) or (#texture \u003d \u0027loading\u0027)))",
                          "target_property_name": "#visible"
                        }
                      ]
                    }
                  }
                ]
              }
            },
            {
              "hover": {
                "type": "panel",
                "controls": [
                  {
                    "background": {
                      "type": "image",
                      "texture": "textures/global/button_color_white",
                      "color": "white",
                      "size": [
                        "100%",
                        "100%"
                      ]
                    }
                  },
                  {
                    "value_title@server_form.text": {
                      "$text": "$text_value",
                      "color": [
                        0.0824,
                        0.0824,
                        0.1529
                      ],
                      "font_type": "MinecraftTen",
                      "$offset": "$offset_text",
                      "$font_size": "normal",
                      "anchor_from": "$position_text",
                      "anchor_to": "$position_text",
                      "font_scale_factor": 0.9
                    }
                  },
                  {
                    "value_title2@server_form.text": {
                      "$text": "$text2_value",
                      "color": [
                        0.0824,
                        0.0824,
                        0.1529
                      ],
                      "font_type": "MinecraftTen",
                      "$offset": "$offset_text2",
                      "$font_size": "normal",
                      "anchor_from": "$position_text",
                      "anchor_to": "$position_text",
                      "font_scale_factor": "$scale_text_2"
                    }
                  },
                  {
                    "img": {
                      "type": "image",
                      "texture": "#texture",
                      "layer": 100,
                      "size": [
                        60,
                        50
                      ],
                      "offset": "$offset_render",
                      "anchor_from": "$position_render",
                      "anchor_to": "$position_render",
                      "bindings": [
                        {
                          "binding_name": "#form_button_texture",
                          "binding_name_override": "#texture",
                          "binding_type": "collection",
                          "binding_collection_name": "form_buttons"
                        },
                        {
                          "binding_name": "#form_button_texture_file_system",
                          "binding_name_override": "#texture_file_system",
                          "binding_type": "collection",
                          "binding_collection_name": "form_buttons"
                        },
                        {
                          "binding_type": "view",
                          "source_property_name": "(not ((#texture \u003d \u0027\u0027) or (#texture \u003d \u0027loading\u0027)))",
                          "target_property_name": "#visible"
                        }
                      ]
                    }
                  }
                ]
              }
            }
          ],
          "bindings": [
            {
              "binding_type": "collection_details",
              "binding_collection_name": "form_buttons"
            }
          ]
        }
      }
    ]
  },
  "buttons_view_inner": {
    "type": "panel",
    "size": [
      73,
      13
    ],
    "offset": [
      0,
      19
    ],
    "controls": [
      {
        "form_button@common.button": {
          "$pressed_button_name": "button.form_button_click",
          "$default_state|default": false,
          "$hover_state|default": false,
          "controls": [
            {
              "default": {
                "type": "panel",
                "controls": [
                  {
                    "choice_prime": {
                      "type": "image",
                      "texture": "textures/global/button_color_prime",
                      "size": [
                        "100%",
                        16
                      ],
                      "controls": [
                        {
                          "text@server_form.text": {
                            "$text": "PRIME WHELLS",
                            "$font_size": "normal",
                            "anchor_from": "center",
                            "anchor_to": "center",
                            "font_scale_factor": 0.7,
                            "offset": [
                              -8,
                              0
                            ],
                            "$color": "white"
                          }
                        },
                        {
                          "prime": {
                            "type": "image",
                            "anchor_from": "center",
                            "anchor_to": "center",
                            "keep_ratio": false,
                            "texture": "textures/global/prime_white",
                            "layer": 15,
                            "size": [
                              8,
                              8
                            ],
                            "offset": [
                              25,
                              -0.5
                            ]
                          }
                        }
                      ]
                    }
                  }
                ]
              }
            },
            {
              "hover": {
                "type": "panel",
                "controls": [
                  {
                    "choice_prime": {
                      "type": "image",
                      "texture": "textures/global/button_color_white",
                      "size": [
                        "100%",
                        16
                      ],
                      "controls": [
                        {
                          "text@server_form.text": {
                            "$text": "PRIME WHELLS",
                            "$font_size": "normal",
                            "anchor_from": "center",
                            "anchor_to": "center",
                            "font_scale_factor": 0.7,
                            "$color": [
                              0.6824,
                              0.4314,
                              0.9333
                            ],
                            "offset": [
                              -8,
                              0
                            ]
                          }
                        },
                        {
                          "prime": {
                            "type": "image",
                            "anchor_from": "center",
                            "anchor_to": "center",
                            "keep_ratio": false,
                            "texture": "textures/global/prime_white",
                            "color": [
                              0.6824,
                              0.4314,
                              0.9333
                            ],
                            "layer": 15,
                            "size": [
                              8,
                              8
                            ],
                            "offset": [
                              25,
                              -0.5
                            ]
                          }
                        }
                      ]
                    }
                  }
                ]
              }
            }
          ],
          "bindings": [
            {
              "binding_type": "collection_details",
              "binding_collection_name": "form_buttons"
            }
          ]
        }
      }
    ]
  }
}