{
  "namespace": "rank_main",
  "main_panel": {
    "type": "stack_panel",
    "size": [
      "100%",
      "100%"
    ],
    "orientation": "vertical",
    "controls": [
      {
        "top_title": {
          "type": "panel",
          "size": [
            "100%",
            35
          ],
          "controls": [
            {
              "global_title": {
                "type": "panel",
                "size": [
                  "100%",
                  "100%"
                ],
                "offset": [
                  3,
                  0
                ],
                "controls": [
                  {
                    "title@server_form.text": {
                      "$text": "LES CLASSEMENTS",
                      "$font_size": "normal",
                      "$font_type": "MinecraftTen",
                      "font_scale_factor": 1.4,
                      "$color": "white",
                      "offset": [
                        0,
                        9
                      ]
                    }
                  },
                  {
                    "subtitle@server_form.text": {
                      "$text": "ACCUEIL",
                      "$font_size": "normal",
                      "$font_type": "MinecraftTen",
                      "font_scale_factor": 0.9,
                      "$color": "$color_yellow",
                      "offset": [
                        0,
                        22
                      ]
                    }
                  }
                ]
              }
            }
          ]
        }
      },
      {
        "info": {
          "type": "panel",
          "size": [
            "100%",
            85
          ],
          "controls": [
            {
              "affiche": {
                "type": "image",
                "texture": "textures/global/background_full_color_white",
                "keep_ratio": false,
                "color": "$color7",
                "size": [
                  339,
                  "100%"
                ],
                "offset": [
                  3,
                  0
                ],
                "anchor_from": "top_left",
                "anchor_to": "top_left",
                "controls": [
                  {
                    "view@server_form.button_one": {
                      "offset": [
                        0,
                        0
                      ],
                      "$button": "rank_main.view"
                    }
                  }
                ]
              }
            }
          ]
        }
      },
      {
        "padding": {
          "type": "panel",
          "size": [
            "100%",
            10
          ]
        }
      },
      {
        "choice": {
          "type": "panel",
          "size": [
            "100%",
            52
          ],
          "controls": [
            {
              "buttons_choice@server_form.button_horizontal": {
                "offset": [
                  0,
                  0
                ],
                "$button": "rank_main.choice_option"
              }
            }
          ]
        }
      }
    ]
  },
  "choice_option": {
    "type": "panel",
    "size": [
      "100%c",
      "100%c"
    ],
    "controls": [
      {
        "notation@rank_main.choice_option_inner": {
          "$texture": "textures/global/ranking",
          "$offset": [
            0,
            0
          ],
          "bindings": [
            {
              "binding_name": "#form_button_text",
              "binding_name_override": "#form_button_text",
              "binding_type": "collection",
              "binding_collection_name": "form_buttons"
            },
            {
              "binding_type": "view",
              "source_property_name": "(not((#form_button_text - '§n§o§t§a') \u003d #form_button_text))",
              "target_property_name": "#visible"
            }
          ]
        }
      },
      {
        "mmr@rank_main.choice_option_inner": {
          "$texture": "textures/global/mmr",
          "bindings": [
            {
              "binding_name": "#form_button_text",
              "binding_name_override": "#form_button_text",
              "binding_type": "collection",
              "binding_collection_name": "form_buttons"
            },
            {
              "binding_type": "view",
              "source_property_name": "(not((#form_button_text - '§m§m§r§r') \u003d #form_button_text))",
              "target_property_name": "#visible"
            }
          ]
        }
      },
      {
        "warzone@rank_main.choice_option_inner": {
          "$texture": "textures/global/sword",
          "bindings": [
            {
              "binding_name": "#form_button_text",
              "binding_name_override": "#form_button_text",
              "binding_type": "collection",
              "binding_collection_name": "form_buttons"
            },
            {
              "binding_type": "view",
              "source_property_name": "(not((#form_button_text - '§w§a§r§a') \u003d #form_button_text))",
              "target_property_name": "#visible"
            }
          ]
        }
      },
      {
        "skills@rank_main.choice_option_inner": {
          "$texture": "textures/global/skills",
          "bindings": [
            {
              "binding_name": "#form_button_text",
              "binding_name_override": "#form_button_text",
              "binding_type": "collection",
              "binding_collection_name": "form_buttons"
            },
            {
              "binding_type": "view",
              "source_property_name": "(not((#form_button_text - '§s§k§i§l') \u003d #form_button_text))",
              "target_property_name": "#visible"
            }
          ]
        }
      },
      {
        "bank@rank_main.choice_option_inner": {
          "$texture": "textures/global/dolard",
          "bindings": [
            {
              "binding_name": "#form_button_text",
              "binding_name_override": "#form_button_text",
              "binding_type": "collection",
              "binding_collection_name": "form_buttons"
            },
            {
              "binding_type": "view",
              "source_property_name": "(not((#form_button_text - '§b§a§n§k') \u003d #form_button_text))",
              "target_property_name": "#visible"
            }
          ]
        }
      },
      {
        "entreprise@rank_main.choice_option_inner": {
          "$texture": "textures/global/society",
          "bindings": [
            {
              "binding_name": "#form_button_text",
              "binding_name_override": "#form_button_text",
              "binding_type": "collection",
              "binding_collection_name": "form_buttons"
            },
            {
              "binding_type": "view",
              "source_property_name": "(not((#form_button_text - '§c§o§m§p') \u003d #form_button_text))",
              "target_property_name": "#visible"
            }
          ]
        }
      }
    ]
  },
  "choice_option_inner": {
    "type": "panel",
    "anchor_from": "top_left",
    "anchor_to": "top_left",
    "size": [
      "100%c",
      "100%c"
    ],
    "controls": [
      {
        "form_button@common.button": {
          "$pressed_button_name": "button.form_button_click",
          "$default_state|default": false,
          "$hover_state|default": false,
          "size": [
            53,
            44
          ],
          "controls": [
            {
              "default": {
                "type": "panel",
                "controls": [
                  {
                    "background": {
                      "type": "image",
                      "texture": "textures/global/button_color_white",
                      "color": "$color7",
                      "size": [
                        "100%",
                        "100%"
                      ]
                    }
                  },
                  {
                    "value_dollars@server_form.text": {
                      "$font_type": "MinecraftTen",
                      "$text": "#title",
                      "font_scale_factor": 0.7,
                      "color": [
                        0.729,
                        0.729,
                        0.855
                      ],
                      "$offset": [
                        0,
                        13
                      ],
                      "$font_size": "$font_size",
                      "anchor_from": "center",
                      "anchor_to": "center",
                      "bindings": [
                        {
                          "binding_collection_name": "form_buttons",
                          "binding_type": "collection",
                          "binding_condition": "none",
                          "binding_name": "#form_button_text",
                          "binding_name_override": "#title"
                        }
                      ]
                    }
                  },
                  {
                    "img": {
                      "type": "image",
                      "texture": "$texture",
                      "color": [
                        0.475,
                        0.475,
                        0.718
                      ],
                      "size": [
                        24,
                        24
                      ],
                      "anchor_from": "center",
                      "anchor_to": "center",
                      "offset": [
                        0,
                        -5
                      ]
                    }
                  }
                ]
              }
            },
            {
              "hover": {
                "type": "panel",
                "controls": [
                  {
                    "background": {
                      "type": "image",
                      "texture": "textures/global/button_color_white",
                      "color": "$color_yellow",
                      "size": [
                        "100%",
                        "100%"
                      ]
                    }
                  },
                  {
                    "value_dollars@server_form.text": {
                      "$font_type": "MinecraftTen",
                      "$text": "#title",
                      "font_scale_factor": 0.7,
                      "color": [
                        0.1451,
                        0.1451,
                        0.2706
                      ],
                      "$offset": [
                        0,
                        13
                      ],
                      "$font_size": "$font_size",
                      "anchor_from": "center",
                      "anchor_to": "center",
                      "bindings": [
                        {
                          "binding_collection_name": "form_buttons",
                          "binding_type": "collection",
                          "binding_condition": "none",
                          "binding_name": "#form_button_text",
                          "binding_name_override": "#title"
                        }
                      ]
                    }
                  },
                  {
                    "img": {
                      "type": "image",
                      "texture": "$texture",
                      "color": [
                        0.1451,
                        0.1451,
                        0.2706
                      ],
                      "size": [
                        24,
                        24
                      ],
                      "anchor_from": "center",
                      "anchor_to": "center",
                      "offset": [
                        0,
                        -5
                      ]
                    }
                  }
                ]
              }
            }
          ],
          "bindings": [
            {
              "binding_type": "collection_details",
              "binding_collection_name": "form_buttons"
            }
          ]
        }
      },
      {
        "padding": {
          "type": "panel",
          "size": [
            4,
            "100%"
          ]
        }
      }
    ]
  },
  "view": {
    "type": "panel",
    "controls": [
      {
        "background@rank_main.view_background": {
          "bindings": [
            {
              "binding_name": "#form_button_text",
              "binding_name_override": "#form_button_text",
              "binding_type": "collection",
              "binding_collection_name": "form_buttons"
            },
            {
              "binding_type": "view",
              "source_property_name": "(not((#form_button_text - '§c§o§l§o') \u003d #form_button_text))",
              "target_property_name": "#visible"
            }
          ]
        }
      },
      {
        "pnj@rank_main.view_pnj": {
          "bindings": [
            {
              "binding_name": "#form_button_text",
              "binding_name_override": "#form_button_text",
              "binding_type": "collection",
              "binding_collection_name": "form_buttons"
            },
            {
              "binding_type": "view",
              "source_property_name": "(not((#form_button_text - '§p§n§j§p') \u003d #form_button_text))",
              "target_property_name": "#visible"
            }
          ]
        }
      }
    ]
  },
  "view_background": {
    "type": "panel",
    "anchor_from": "top_left",
    "anchor_to": "top_left",
    "size": [
      339,
      85
    ],
    "controls": [
      {
        "background_render": {
          "type": "image",
          "texture": "#texture",
          "layer": 99,
          "size": [
            "100%",
            "100%"
          ],
          "bindings": [
            {
              "binding_name": "#form_button_texture",
              "binding_name_override": "#texture",
              "binding_type": "collection",
              "binding_collection_name": "form_buttons"
            },
            {
              "binding_name": "#form_button_texture_file_system",
              "binding_name_override": "#texture_file_system",
              "binding_type": "collection",
              "binding_collection_name": "form_buttons"
            },
            {
              "binding_type": "view",
              "source_property_name": "(not ((#texture \u003d \u0027\u0027) or (#texture \u003d \u0027loading\u0027)))",
              "target_property_name": "#visible"
            }
          ]
        }
      },
      {
        "title@server_form.text": {
          "type": "label",
          "anchor_from": "top_left",
          "anchor_to": "top_left",
          "$text": "#form_button_text",
          "color": "$color3",
          "$font_type": "MinecraftTen",
          "font_scale_factor": 1.4,
          "offset": [
            10,
            19
          ],
          "layer": 101,
          "bindings": [
            {
              "binding_name": "#form_button_text",
              "binding_name_override": "#form_button_text",
              "binding_type": "collection",
              "binding_collection_name": "form_buttons"
            },
            {
              "binding_type": "view",
              "source_property_name": "(not((#form_button_text - '§c§o§l§o') \u003d #form_button_text))",
              "target_property_name": "#visible"
            }
          ]
        }
      }
    ]
  },
  "view_pnj": {
    "type": "panel",
    "anchor_from": "top_right",
    "anchor_to": "top_right",
    "size": [
      339,
      85
    ],
    "controls": [
      {
        "background_render": {
          "type": "image",
          "texture": "#texture",
          "layer": 100,
          "size": [
            148,
            100
          ],
          "offset": [
            75,
            -7
          ],
          "bindings": [
            {
              "binding_name": "#form_button_texture",
              "binding_name_override": "#texture",
              "binding_type": "collection",
              "binding_collection_name": "form_buttons"
            },
            {
              "binding_name": "#form_button_texture_file_system",
              "binding_name_override": "#texture_file_system",
              "binding_type": "collection",
              "binding_collection_name": "form_buttons"
            },
            {
              "binding_type": "view",
              "source_property_name": "(not ((#texture \u003d \u0027\u0027) or (#texture \u003d \u0027loading\u0027)))",
              "target_property_name": "#visible"
            }
          ]
        }
      },
      {
        "title@server_form.text": {
          "type": "label",
          "anchor_from": "top_left",
          "anchor_to": "top_left",
          "$text": "#form_button_text",
          "color": "$color3",
          "font_scale_factor": 0.8,
          "offset": [
            10,
            38
          ],
          "layer": 101,
          "bindings": [
            {
              "binding_name": "#form_button_text",
              "binding_name_override": "#form_button_text",
              "binding_type": "collection",
              "binding_collection_name": "form_buttons"
            },
            {
              "binding_type": "view",
              "source_property_name": "(not((#form_button_text - '§p§n§j§p') \u003d #form_button_text))",
              "target_property_name": "#visible"
            }
          ]
        }
      }
    ]
  }
}