{"format_version":"1.8.0","animations":{"animation.fantasy_dragon.idle":{"animation_length":2.08,"loop":true,"bones":{"all":{"rotation":{"0.0":[0,0,0],"1.04":[-2.5,0,0],"2.08":[0,0,0]}},"rightArm":{"rotation":{"0.0":[0,0,0],"1.04":[2.5,0,0],"2.08":[0,0,0]},"position":{"0.0":[0,0,0],"1.04":[0,-0.3,0],"2.08":[0,0,0]}},"leftArm":{"rotation":{"0.0":[0,0,0],"1.04":[2.5,0,0],"2.08":[0,0,0]},"position":{"0.0":[0,0,0],"1.04":[0,-0.3,0],"2.08":[0,0,0]}},"neck":{"rotation":{"0.0":[0,0,0],"1.04":[7.5,0,0],"2.08":[0,0,0]}},"head":{"rotation":{"0.0":[0,0,0],"1.04":[0,0,0],"2.08":[0,0,0]},"position":{"0.0":[0,0,0],"1.04":[0,-1,-1.3],"2.08":[0,0,0]}},"jaw":{"rotation":{"0.0":[5,0,0],"1.04":[-5,0,0],"2.08":[5,0,0]}},"tail":{"rotation":{"0.0":[0,0,0],"1.04":[5,0,0],"2.08":[0,0,0]}},"leftLeg":{"rotation":{"0.0":[0,0,0],"1.04":[2.5,0,0],"2.08":[0,0,0]},"position":{"0.0":[0,0,0],"1.04":[0,0.4,0],"2.08":[0,0,0]}},"rightLeg":{"rotation":{"0.0":[0,0,0],"1.04":[2.5,0,0],"2.08":[0,0,0]},"position":{"0.0":[0,0,0],"1.04":[0,0.4,0],"2.08":[0,0,0]}}}}}}