{"format_version":"1.8.0","animations":{"animation.kid_fantasy.fly":{"loop":true,"animation_length":1.04,"bones":{"3":{"rotation":{"0.0":[10,0,0],"0.52":[20,0,0],"1.04":[10,0,0]}},"4":{"rotation":{"0.0":[0,0,0],"0.52":[-25,0,0],"1.04":[0,0,0]}},"5":{"rotation":{"0.0":[0,0,0],"0.52":[-20,0,0],"1.04":[0,0,0]}},"6":{"rotation":{"0.0":[0,0,0],"0.52":[-17.5,0,0],"1.04":[0,0,0]}},"all":{"rotation":{"0.0":[10,0,0],"0.52":[5,0,0],"1.04":[10,0,0]}},"rightArm":{"rotation":{"0.0":[32.5,0,-17.5],"0.52":[40,0,-17.5],"1.04":[32.5,0,-17.5]}},"bone":{"rotation":{"0.0":[62.5,0,0],"0.52":[62.5,0,0],"1.04":[62.5,0,0]}},"leftArm":{"rotation":{"0.0":[32.5,0,17.5],"0.52":[40,0,17.5],"1.04":[32.5,0,17.5]}},"bone3":{"rotation":{"0.0":[62.5,0,0],"0.52":[62.5,0,0],"1.0":[62.5,0,0]}},"head":{"rotation":{"0.0":[-27.5,0,0],"0.52":[-30,0,0],"1.04":[-27.5,0,0]}},"tail":{"rotation":{"0.0":[0,0,0],"0.52":[12.5,0,0],"1.04":[0,0,0]}},"leftLeg":{"rotation":{"0.0":[0,0,15],"0.52":[10,0,15],"1.04":[0,0,15]}},"bone4":{"rotation":{"0.0":[62.5,0,0],"0.52":[62.5,0,0],"1.04":[62.5,0,0]}},"rightLeg":{"rotation":{"0.0":[0,0,-15],"0.52":[10,0,-15],"1.04":[0,0,-15]}},"bone2":{"rotation":{"0.0":[62.5,0,0],"0.52":[62.5,0,0],"1.04":[62.5,0,0]}},"WingLeft":{"rotation":{"0.0":[0,52.5,-10],"0.52":[57.5,52.5,85],"1.04":[0,52.5,-10]}},"wL1":{"rotation":{"0.0":[0,-80,-25],"0.52":[0,-80,-5],"1.04":[0,-80,-25]}},"wL2":{"rotation":{"0.0":[0,15,0],"0.52":[0,15,0],"1.04":[0,15,0]}},"wL3":{"rotation":{"0.0":[0,17.5,0],"0.52":[0,17.5,0],"1.04":[0,17.5,0]}},"wL4":{"rotation":{"0.0":[20,12.5,10],"0.52":[-30,10,-15],"1.04":[20,12.5,10]}},"wL5":{"rotation":{"0.0":[22.5,10,10],"0.52":[-37.5,5,-17.5],"1.04":[22.5,10,10]}},"WingRight":{"rotation":{"0.0":[0,-52.5,10],"0.52":[57.5,-52.5,-85],"1.04":[0,-52.5,10]}},"wR1":{"rotation":{"0.0":[0,80,25],"0.52":[0,80,-5],"1.04":[0,80,25]}},"wR2":{"rotation":{"0.0":[0,-15,0],"0.52":[0,-15,0],"1.04":[0,-15,0]}},"wR3":{"rotation":{"0.0":[0,-17.5,0],"0.52":[0,-17.5,0],"1.04":[0,-17.5,0]}},"wR4":{"rotation":{"0.0":[20,-12.5,-10],"0.52":[-30,-10,15],"1.04":[20,-12.5,-10]}},"wR5":{"rotation":{"0.0":[22.5,-10,-10],"0.52":[-37.5,-5,17.5],"1.04":[22.5,-10,-10]}}}},"animation.kid_fantasy.idle":{"loop":true,"animation_length":2.08,"bones":{"all":{"rotation":{"0.0":[0,0,0],"1.04":[-2.5,0,0],"2.08":[0,0,0]}},"rightArm":{"rotation":{"0.0":[0,0,0],"1.04":[2.5,0,0],"2.08":[0,0,0]},"position":{"0.0":[0,0,0],"1.04":[0,-0.3,0],"2.08":[0,0,0]}},"leftArm":{"rotation":{"0.0":[0,0,0],"1.04":[2.5,0,0],"2.08":[0,0,0]},"position":{"0.0":[0,0,0],"1.04":[0,-0.3,0],"2.08":[0,0,0]}},"neck":{"rotation":{"0.0":[0,0,0],"1.04":[7.5,0,0],"2.08":[0,0,0]}},"head":{"rotation":{"0.0":[0,0,0],"1.04":[0,0,0],"2.08":[0,0,0]}},"jaw":{"rotation":{"0.0":[5,0,0],"1.04":[-5,0,0],"2.08":[5,0,0]}},"tail":{"rotation":{"0.0":[0,0,0],"1.04":[5,0,0],"2.08":[0,0,0]}},"leftLeg":{"rotation":{"0.0":[0,0,0],"1.04":[2.5,0,0],"2.08":[0,0,0]},"position":{"0.0":[0,0,0],"1.04":[0,0.4,0],"2.08":[0,0,0]}},"rightLeg":{"rotation":{"0.0":[0,0,0],"1.04":[2.5,0,0],"2.08":[0,0,0]},"position":{"0.0":[0,0,0],"1.04":[0,0.4,0],"2.08":[0,0,0]}}}},"animation.kid_fantasy.attack":{"animation_length":0.52,"bones":{"all":{"rotation":{"0.0":[0,0,0],"0.08":[5,0,0],"0.52":[0,0,0]},"position":{"0.0":[0,0,0],"0.08":[0,0,-2],"0.52":[0,0,0]}},"rightArm":{"rotation":{"0.0":[0,0,0],"0.08":[-5,0,0],"0.52":[0,0,0]},"position":{"0.0":[0,0,0],"0.08":[0,1,0],"0.52":[0,0,0]}},"leftArm":{"rotation":{"0.0":[0,0,0],"0.08":[-5,0,0],"0.52":[0,0,0]},"position":{"0.0":[0,0,0],"0.08":[0,1,0],"0.52":[0,0,0]}},"neck":{"rotation":{"0.0":[0,0,0],"0.08":[27.5,0,0],"0.52":[0,0,0]}},"head":{"rotation":{"0.0":[0,0,0],"0.08":[-30,22.5,0],"0.52":[0,0,0]}},"jaw":{"rotation":{"0.0":[0,0,0],"0.08":[52.5,0,0],"0.52":[0,0,0]}},"tail":{"rotation":{"0.0":[0,0,0],"0.08":[-7.5,0,0],"0.52":[0,0,0]}},"leftLeg":{"rotation":{"0.0":[0,0,0],"0.08":[0,0,0],"0.52":[0,0,0]},"position":{"0.0":[0,0,0],"0.08":[0,-0.7,0],"0.52":[0,0,0]}},"rightLeg":{"rotation":{"0.0":[0,0,0],"0.08":[0,0,0],"0.52":[0,0,0]},"position":{"0.0":[0,0,0],"0.08":[0,-0.7,0],"0.52":[0,0,0]}},"WingLeft":{"rotation":{"0.0":[0,0,0],"0.32":[0,20,0],"0.52":[0,0,0]}},"WingRight":{"rotation":{"0.0":[0,0,0],"0.32":[0,-20,0],"0.52":[0,0,0]}}}},"animation.kid_fantasy.death":{"animation_length":1.56,"bones":{"all":{"rotation":{"0.0":[0,0,0],"0.52":[-22.5,0,0],"0.72":[-22.5,0,0],"1.04":[-7.5,-5,-100]},"position":{"0.0":[0,0,0],"0.52":[0,3,1.1],"0.72":[0,3,1.1],"1.04":[0,-4,0]}},"rightArm":{"rotation":{"0.0":[0,0,0],"0.52":[32.5,0,-25],"0.72":[32.5,0,-25],"1.04":[32.5,0,-10],"1.56":[32.5,0,-10]},"position":{"0.72":[0,0,0],"1.04":[1,0,0],"1.56":[1,0,0]}},"bone":{"rotation":{"0.0":[0,0,0],"0.52":[65,0,0]}},"leftArm":{"rotation":{"0.0":[0,0,0],"0.52":[27.5,0,22.5],"0.72":[27.5,0,22.5],"1.04":[27.5,0,22.5],"1.56":[27.5,0,22.5]}},"bone3":{"rotation":{"0.0":[0,0,0],"0.52":[52.5,0,0]}},"neck":{"rotation":{"0.0":[0,0,0],"0.52":[0,0,0],"0.72":[0,0,0],"1.04":[0,17.5,0]}},"head":{"rotation":{"0.0":[0,0,0],"0.52":[0,25,10],"0.72":[0,25,10],"1.04":[0,-30,5]}},"tail":{"rotation":{"0.0":[0,0,0],"0.52":[27.5,0,0],"1.04":[17.5,-5,0]}},"leftLeg":{"rotation":{"0.0":[0,0,0],"0.52":[20,0,0],"0.72":[20,0,0],"1.04":[20,17.5,-10],"1.56":[20,17.5,-10]}},"rightLeg":{"rotation":{"0.0":[0,0,0],"0.52":[20,0,0],"0.72":[20,0,0],"1.04":[20,17.5,-10],"1.56":[20,17.5,-10]},"position":{"0.72":[0,0,0],"1.04":[0,0,0]}},"WingLeft":{"rotation":{"0.0":[0,0,0],"0.52":[0,25,0],"0.72":[0,25,0],"1.04":[0,0,0]}},"wL1":{"rotation":{"0.0":[0,0,0],"0.52":[0,-35,0],"0.72":[0,-35,0],"1.04":[0,0,0]}},"wL2":{"rotation":{"0.0":[0,0,0],"0.52":[0,25,0],"0.72":[0,10,0],"1.04":[0,0,0]}},"wL3":{"rotation":{"0.0":[0,0,0],"0.52":[0,17.5,0],"0.72":[0,17.5,0],"1.04":[0,0,0]}},"wL4":{"rotation":{"0.0":[0,0,0],"0.52":[0,15,0],"0.72":[0,15,0],"1.04":[0,0,0]}},"wL5":{"rotation":{"0.0":[0,0,0],"0.52":[0,12.5,0],"0.72":[0,12.5,0],"1.04":[0,0,0]}},"WingRight":{"rotation":{"0.0":[0,0,0],"0.52":[0,-25,0],"0.72":[0,-25,0],"1.04":[0,37.5,25]}},"wR1":{"rotation":{"0.0":[0,0,0],"0.52":[0,35,0],"0.72":[0,35,0],"1.04":[0,0,0]}},"wR2":{"rotation":{"0.0":[0,0,0],"0.52":[0,-27.5,0],"0.72":[0,-17.5,0],"1.04":[0,0,0]}},"wR3":{"rotation":{"0.0":[0,0,0],"0.52":[0,-17.5,0],"0.72":[0,-17.5,0],"1.04":[0,0,0]}},"wR4":{"rotation":{"0.0":[0,0,0],"0.52":[0,-17.5,0],"0.72":[0,-17.5,0],"1.04":[0,0,0]}},"wR5":{"rotation":{"0.0":[0,0,0],"0.52":[0,-12.5,0],"0.72":[0,-12.5,0],"1.04":[0,-12.5,0]}}}}}}