{"format_version":"1.8.0","animations":{"animation.prison_statue.new":{"loop":true,"animation_length":2.28,"bones":{"0":{"position":{"0.16":[0,0,0],"0.96":[0,16,0],"1.32":[0,16,0],"1.4":[0,0,0]}},"1":{"scale":{"0.12":[0,0,0],"0.16":[1.001,1.001,1.001],"0.96":[1.001,1.001,1.001],"1.0":[0,0,0]}},"2":{"scale":{"0.2":[0,0,0],"0.24":[1.001,1.001,1.001],"0.96":[1.001,1.001,1.001],"1.0":[0,0,0]}},"3":{"scale":{"0.32":[0,0,0],"0.36":[1.001,1.001,1.001],"0.96":[1.001,1.001,1.001],"1.0":[0,0,0]}},"4":{"scale":{"0.4":[0,0,0],"0.44":[1.001,1.001,1.001],"0.96":[1.001,1.001,1.001],"1.0":[0,0,0]}},"5":{"scale":{"0.52":[0,0,0],"0.56":[1.001,1.001,1.001],"0.96":[1.001,1.001,1.001],"1.0":[0,0,0]}},"6":{"scale":{"0.6":[0,0,0],"0.64":[1.001,1.001,1.001],"0.96":[1.001,1.001,1.001],"1.0":[0,0,0]}},"7":{"scale":{"0.72":[0,0,0],"0.76":[1.001,1.001,1.001],"0.96":[1.001,1.001,1.001],"1.0":[0,0,0]}},"8":{"scale":{"0.84":[0,0,0],"0.88":[1.001,1.001,1.001],"0.96":[1.001,1.001,1.001],"1.0":[0,0,0]}},"9":{"rotation":{"1.2":[0,0,0],"1.48":[0,47.5,0]},"position":{"0.96":[0,0,0],"1.08":{"pre":[-8,5,8],"post":[-8,5,8],"lerp_mode":"catmullrom"},"1.2":[-10,1,11],"1.48":{"pre":[-14,1,15],"post":[-14,1,15],"lerp_mode":"catmullrom"}},"scale":{"0.92":[0,0,0],"0.96":[1,1,1],"1.68":[1,1,1],"2.0":[0,0,0]}},"10":{"rotation":{"1.2":[0,0,0],"1.48":[0,47.5,0]},"position":{"0.96":[0,0,0],"1.08":{"pre":[-8,5,0],"post":[-8,5,0],"lerp_mode":"catmullrom"},"1.2":[-10,1,-8],"1.48":[-14,-16,0],"1.76":[-14,-16,2]},"scale":{"0.92":[0,0,0],"0.96":[1,1,1],"1.68":[1,1,1],"2.0":[0,0,0]}},"11":{"position":{"0.88":[0,0,0],"1.12":{"pre":[-3,8,-1],"post":[-3,8,-1],"lerp_mode":"catmullrom"},"1.28":[1,4,-8],"1.44":[1,-1,-5]},"scale":{"0.92":[0,0,0],"0.96":[1,1,1],"1.68":[1,1,1],"2.0":[0,0,0]}},"12":{"rotation":{"0.96":[0,0,0],"1.48":[0,80,0]},"position":{"0.96":[0,0,0],"1.48":[0,2,0]}},"body3":{"rotation":{"0.08":[0,0,0],"0.12":[-10,-15,5],"0.28":[0,0,0],"0.32":[0,0,0],"0.36":[-10,-15,5],"0.52":[0,0,0],"0.56":[0,0,0],"0.6":[-10,-15,5],"0.76":[0,0,0],"0.8":[0,0,0],"0.84":[-10,-15,5],"1.0":[0,0,0]}},"head3":{"rotation":{"0.0":[0,0,0],"0.6":[-10,0,0],"1.0":[0,0,0],"1.48":[0,0,0],"1.64":[-12.5,-10,0],"1.8":[-12.5,15,0],"1.92":[-12.5,-15,0],"2.08":[-12.5,15,0],"2.28":[0,0,0]}},"leftArm3":{"rotation":{"0.0":[0,0,0],"0.04":[15,-17.5,0],"0.08":[15,-50,15],"0.12":[15,-30,15],"0.16":[7.5,20,-2.5],"0.2":[7.5,27.5,-2.5],"0.24":[0,0,0],"0.28":[15,-17.5,0],"0.32":[15,-50,15],"0.36":[15,-30,15],"0.4":[7.5,20,-2.5],"0.44":[7.5,27.5,-2.5],"0.48":[0,0,0],"0.52":[15,-17.5,0],"0.56":[15,-50,15],"0.6":[15,-30,15],"0.64":[7.5,20,-2.5],"0.68":[7.5,27.5,-2.5],"0.72":[0,0,0],"0.76":[15,-17.5,0],"0.8":[15,-50,15],"0.84":[15,-30,15],"0.88":[7.5,20,-2.5],"0.92":[7.5,27.5,-2.5],"1.0":[-25,10,0],"1.56":{"pre":[-35,10,15],"post":[-35,10,15],"lerp_mode":"catmullrom"},"2.04":[-25,10,0],"2.28":[0,0,0]}},"rightArm3":{"rotation":{"0.0":[0,0,0],"0.12":[0,0,5],"0.24":[0,0,0],"0.36":[0,0,5],"0.48":[0,0,0],"0.6":[0,0,5],"0.72":[0,0,0],"0.84":[0,0,5],"1.0":[0,0,0],"1.6":{"pre":[0,0,-10],"post":[0,0,-10],"lerp_mode":"catmullrom"},"2.2":[0,0,2.5]}},"bone6":{"position":{"0.0":[0,0,0],"1.4":[-7,10,0]},"scale":{"0.0":[0,0,0],"0.52":[1,1,1],"0.76":[0.8,0.8,0.8],"1.08":[1,1,1],"1.4":[0,0,0]}},"bone9":{"position":{"0.56":[0,0,0],"1.96":[3,10,-8]},"scale":{"0.56":[0,0,0],"1.08":[1,1,1],"1.32":[0.8,0.8,0.8],"1.64":[1,1,1],"1.96":[0,0,0]}},"bone10":{"position":{"1.08":[0,0,0],"2.28":[4.23,-3.33,10]},"scale":{"1.08":[0,0,0],"1.4":[1,1,1],"1.64":[0.8,0.8,0.8],"1.96":[1,1,1],"2.28":[0,0,0]}}}}}}