{"format_version":"1.8.0","animations":{"animation.geometry.skyblock.new":{"loop":true,"animation_length":4.48,"bones":{"1":{"scale":{"0.0":[1.01,1.01,1.01],"0.04":[0,0,0],"2.12":[0,0,0],"2.16":[1.01,1.01,1.01],"3.12":[1.01,1.01,1.01],"3.16":[0,0,0]}},"2":{"scale":{"0.04":[1.009,1.009,1.009],"0.08":[0,0,0],"2.2":[0,0,0],"2.24":[1.01,1.01,1.01],"3.12":[1.01,1.01,1.01],"3.16":[0,0,0]}},"3":{"scale":{"0.08":[1.008,1.008,1.008],"0.12":[0,0,0],"2.24":[0,0,0],"2.28":[1.01,1.01,1.01],"3.12":[1.01,1.01,1.01],"3.16":[0,0,0]}},"4":{"scale":{"0.2":[1.007,1.007,1.007],"0.24":[0,0,0],"2.36":[0,0,0],"2.4":[1.01,1.01,1.01],"3.12":[1.01,1.01,1.01],"3.16":[0,0,0]}},"5":{"scale":{"0.32":[1.006,1.006,1.006],"0.36":[0,0,0],"2.48":[0,0,0],"2.52":[1.01,1.01,1.01],"3.12":[1.01,1.01,1.01],"3.16":[0,0,0]}},"6":{"scale":{"0.44":[1.005,1.005,1.005],"0.48":[0,0,0],"2.6":[0,0,0],"2.64":[1.01,1.01,1.01],"3.12":[1.01,1.01,1.01],"3.16":[0,0,0]}},"7":{"scale":{"0.56":[1.004,1.004,1.004],"0.6":[0,0,0],"2.72":[0,0,0],"2.76":[1.01,1.01,1.01],"3.12":[1.01,1.01,1.01],"3.16":[0,0,0]}},"8":{"scale":{"0.68":[1.003,1.003,1.003],"0.72":[0,0,0],"2.84":[0,0,0],"2.88":[1.01,1.01,1.01],"3.12":[1.01,1.01,1.01],"3.16":[0,0,0]}},"9":{"scale":{"0.8":[1.002,1.002,1.002],"0.84":[0,0,0],"2.96":[0,0,0],"3.0":[1.01,1.01,1.01],"3.12":[1.01,1.01,1.01],"3.16":[0,0,0]}},"10":{"scale":{"0.92":[1,1,1],"0.96":[0,0,0],"3.08":[0,0,0],"3.12":[1.01,1.01,1.01],"3.16":[0,0,0]}},"head3":{"rotation":{"0.2":[0,-35,0],"0.4":{"pre":[0,0,0],"post":[0,0,0],"lerp_mode":"catmullrom"},"0.52":[0,0,0],"4.12":[0,0,0],"4.4":{"pre":[0,-35,0],"post":[0,-35,0],"lerp_mode":"catmullrom"}}},"Player2":{"position":[0,0,0]},"body2":{"rotation":{"0.04":[0,0,0],"0.08":[-10,-15,5],"0.24":[0,0,0],"0.28":[0,0,0],"0.32":[-10,-15,5],"0.48":[0,0,0],"0.52":[0,0,0],"0.56":[-10,-15,5],"0.72":[0,0,0],"0.76":[0,0,0],"0.8":[-10,-15,5],"0.96":[0,0,0],"2.32":[0,0,0],"2.36":[-10,-15,5],"2.52":[0,0,0],"2.56":[0,0,0],"2.6":[-10,-15,5],"2.76":[0,0,0],"2.8":[0,0,0],"2.84":[-10,-15,5],"3.0":[0,0,0],"3.04":[0,0,0],"3.08":[-10,-15,5],"3.24":[0,0,0]}},"head2":{"rotation":{"1.0":[-12.5,0,0],"1.24":[-25,10,0],"1.96":[-25,10,0],"2.2":[-12.5,0,0],"3.16":[-12.5,0,0],"3.52":[-5,-5,0],"4.12":[-5,-5,0],"4.44":[-12.5,0,0]}},"leftArm2":{"rotation":{"0.0":[0,0,0],"0.04":[15,-17.5,0],"0.08":[15,-50,15],"0.12":[15,-30,15],"0.16":[7.5,20,-2.5],"0.2":[7.5,27.5,-2.5],"0.24":[0,0,0],"0.28":[15,-17.5,0],"0.32":[15,-50,15],"0.36":[15,-30,15],"0.4":[7.5,20,-2.5],"0.44":[7.5,27.5,-2.5],"0.48":[0,0,0],"0.52":[15,-17.5,0],"0.56":[15,-50,15],"0.6":[15,-30,15],"0.64":[7.5,20,-2.5],"0.68":[7.5,27.5,-2.5],"0.72":[0,0,0],"0.76":[15,-17.5,0],"0.8":[15,-50,15],"0.84":[15,-30,15],"0.88":[7.5,20,-2.5],"0.92":[7.5,27.5,-2.5],"0.96":[-25,10,0],"1.56":{"pre":[-35,10,15],"post":[-35,10,15],"lerp_mode":"catmullrom"},"2.16":[-25,10,0],"2.2":[0,0,0],"2.24":[15,-17.5,0],"2.28":[15,-50,15],"2.32":[15,-30,15],"2.36":[7.5,20,-2.5],"2.4":[7.5,27.5,-2.5],"2.44":[0,0,0],"2.48":[15,-17.5,0],"2.52":[15,-50,15],"2.56":[15,-30,15],"2.6":[7.5,20,-2.5],"2.64":[7.5,27.5,-2.5],"2.68":[0,0,0],"2.72":[15,-17.5,0],"2.76":[15,-50,15],"2.8":[15,-30,15],"2.84":[7.5,20,-2.5],"2.88":[7.5,27.5,-2.5],"2.92":[0,0,0],"2.96":[15,-17.5,0],"3.0":[15,-50,15],"3.04":[15,-30,15],"3.08":[7.5,20,-2.5],"3.12":[7.5,27.5,-2.5],"3.16":[-25,10,0],"3.76":{"pre":[-35,10,15],"post":[-35,10,15],"lerp_mode":"catmullrom"},"4.44":[-25,10,0],"4.48":[0,0,0]}},"rightArm2":{"rotation":{"0.0":[0,0,0],"0.12":[0,0,5],"0.24":[0,0,0],"0.36":[0,0,5],"0.48":[0,0,0],"0.6":[0,0,5],"0.72":[0,0,0],"0.84":[0,0,5],"0.96":[0,0,0],"1.56":{"pre":[0,0,-10],"post":[0,0,-10],"lerp_mode":"catmullrom"},"2.16":[0,0,2.5],"2.28":[0,0,0],"2.4":[0,0,5],"2.52":[0,0,0],"2.64":[0,0,5],"2.76":[0,0,0],"2.88":[0,0,5],"3.0":[0,0,0],"3.12":[0,0,5],"3.24":[0,0,0],"3.84":{"pre":[0,0,-10],"post":[0,0,-10],"lerp_mode":"catmullrom"},"4.36":[0,0,2.5],"4.48":[0,0,0]},"position":[0,-1,0]},"bone6":{"rotation":{"0.88":[0,0,0],"1.88":[0,112.5,0],"2.0":[0,0,0],"3.12":[0,0,0],"4.08":[0,120,0],"4.2":[0,0,0]},"position":{"0.0":[0,0,16],"0.88":[0,5,16],"1.08":{"pre":[-5,13,12],"post":[-5,13,12],"lerp_mode":"catmullrom"},"1.28":[-13,11,3],"1.8":[-13,13,3],"1.88":{"pre":[-24,25,3],"post":[-24,25,3],"lerp_mode":"catmullrom"},"2.0":[0,0,16],"2.16":[0,0,16],"3.12":[0,5,16],"3.32":{"pre":[4,13,22],"post":[4,13,22],"lerp_mode":"catmullrom"},"3.52":[9,10,31],"4.0":[9,12,31],"4.08":[26.8,10.8,32.8],"4.2":[0,0,16],"4.36":[0,0,16]},"scale":{"0.0":[1,1,1],"0.88":[0.3,0.3,0.3],"1.84":[0.3,0.3,0.3],"1.88":[0,0,0],"1.96":[0,0,0],"2.0":[1,1,1],"2.16":[1,1,1],"3.08":[0,0,0],"3.12":[0.3,0.3,0.3],"4.0":[0.3,0.3,0.3],"4.08":[0,0,0],"4.16":[0,0,0],"4.2":[1,1,1],"4.36":[1,1,1]}},"bone8":{"rotation":{"1.24":[0,0,0],"1.56":[0,-25,0],"3.52":[0,-25,0],"3.72":[35,-25,0]},"position":{"0.92":[0,6,16],"1.08":{"pre":[-5,13,20],"post":[-5,13,20],"lerp_mode":"catmullrom"},"1.24":[-11,9,25],"1.56":{"pre":[-14,9,28],"post":[-14,9,28],"lerp_mode":"catmullrom"},"1.6":[-14,9,28],"2.16":[-14,9,28],"2.2":[0,6,16],"3.12":[0,6,16],"3.32":{"pre":[-6,13,19],"post":[-6,13,19],"lerp_mode":"catmullrom"},"3.52":[-13,8.6,23.2],"3.72":[-13,6.8,22.4],"4.44":[-13,4.8,22.4]},"scale":{"0.92":[0.1,0.1,0.1],"2.12":[0.1,0.1,0.1],"2.16":[0,0,0],"3.12":[0.1,0.1,0.1]}},"bone9":{"rotation":{"1.24":[0,125,0],"1.6":[0,72.5,0],"3.44":[0,125,0],"3.8":[0,72.5,0]},"position":{"0.92":[0,6,16],"1.08":{"pre":[-1,14,14],"post":[-1,14,14],"lerp_mode":"catmullrom"},"1.24":[-5,9,5],"1.6":{"pre":[-6,9,2],"post":[-6,9,2],"lerp_mode":"catmullrom"},"1.64":[-6,9,2],"2.32":[-6,9,2],"2.36":[0,6,16],"3.12":[0,6,16],"3.28":{"pre":[-1,14,19],"post":[-1,14,19],"lerp_mode":"catmullrom"},"3.44":[-1,9,25],"3.8":[-1,9,26.2]},"scale":{"0.92":[0.1,0.1,0.1],"2.24":[0.1,0.1,0.1],"2.28":[0,0,0],"3.12":[0.1,0.1,0.1],"4.44":[0.1,0.1,0.1],"4.48":[0,0,0]}},"bone10":{"position":{"0.92":[0,6,16],"1.08":{"pre":[-1,2,11],"post":[-1,2,11],"lerp_mode":"catmullrom"},"1.24":[-14,-3,14]},"scale":0.1},"bone11":{"rotation":{"1.24":[0,0,0],"1.36":[0,-57.5,0],"3.44":[0,0,0],"3.56":[0,-57.5,0]},"position":{"0.92":[0,6,16],"1.08":{"pre":[4,12,12],"post":[4,12,12],"lerp_mode":"catmullrom"},"1.24":{"post":[10,9,5],"lerp_mode":"catmullrom"},"1.64":[13,8.7,2],"2.04":[13,8.7,2],"2.08":[0,6,16],"3.12":[0,6,16],"3.28":{"pre":[1,9,14],"post":[1,9,14],"lerp_mode":"catmullrom"},"3.6":{"post":[2,-3,14],"lerp_mode":"catmullrom"}},"scale":{"0.92":[0.1,0.1,0.1],"2.0":[0.1,0.1,0.1],"2.04":[0,0,0],"3.12":[0.1,0.1,0.1],"4.2":[0.1,0.1,0.1],"4.24":[0,0,0]}},"bone12":{"rotation":{"1.24":[0,0,0],"1.52":[0,-35,0],"3.32":[0,0,0],"3.52":[0,-35,0]},"position":{"0.92":[0,6,16],"1.08":{"pre":[1,12,20],"post":[1,12,20],"lerp_mode":"catmullrom"},"1.24":[4,9,27],"1.52":[6.43,8.86,33.14],"1.8":[6.43,8.86,33.14],"1.84":[0,6,16],"3.12":[0,6,16],"3.2":{"pre":[1,9,20],"post":[1,9,20],"lerp_mode":"catmullrom"},"3.32":[2,7,23],"3.52":[3.43,-2.14,17.14]},"scale":{"0.92":[0.1,0.1,0.1],"1.76":[0.1,0.1,0.1],"1.8":[0,0,0],"3.12":[0.1,0.1,0.1],"3.96":[0.1,0.1,0.1],"4.0":[0,0,0]}},"bone13":{"position":{"0.92":[0,6,16],"1.08":{"pre":[4,10,14],"post":[4,10,14],"lerp_mode":"catmullrom"},"1.36":{"post":[14,5,11],"lerp_mode":"catmullrom"},"1.92":[10.33,3.46,10.47],"3.12":[0,6,16],"3.28":{"pre":[2,8,14],"post":[2,8,14],"lerp_mode":"catmullrom"},"3.44":{"post":[6,-5,9],"lerp_mode":"catmullrom"}},"scale":{"0.92":[0.1,0.1,0.1],"1.92":[0.1,0.1,0.1],"1.96":[0,0,0],"3.12":[0.1,0.1,0.1],"4.12":[0.1,0.1,0.1],"4.16":[0,0,0]}},"bone14":{"position":{"0.92":[0,6,16],"1.08":{"pre":[-5,8,16],"post":[-5,8,16],"lerp_mode":"catmullrom"},"1.24":[-11,7,16],"2.76":[-11.32,5.4,16],"3.12":[0,6,16],"3.32":{"pre":[-5,10,15],"post":[-5,10,15],"lerp_mode":"catmullrom"},"3.56":[-13,7,12],"4.0":[-13,6.26,12],"4.44":[-13,5.53,12]},"scale":{"0.92":[0.1,0.1,0.1],"3.12":[0.1,0.1,0.1]}},"bone7":{"position":{"0.92":[0,0,16],"1.08":{"pre":[2,2,16],"post":[2,2,16],"lerp_mode":"catmullrom"},"1.24":[6,-14,16],"1.36":[7,-14,16]},"scale":0.1},"TossedRock":{"rotation":{"0.68":[-170,10,-77.5],"1.24":[-170,10,-200],"1.4":[-177.5,2.5,-155],"1.52":[-177.5,2.5,-175]},"position":{"0.68":[42.8,7.1,-57.4],"0.96":{"pre":[22.8,24.1,-58.4],"post":[22.8,24.1,-58.4],"lerp_mode":"catmullrom"},"1.24":{"post":[-2.2,9.1,-62.4],"lerp_mode":"catmullrom"},"1.4":{"post":[7.8,4.1,-64.4],"lerp_mode":"catmullrom"},"1.52":{"post":[3.8,0.1,-64.4],"lerp_mode":"catmullrom"}},"scale":{"0.64":[0,0,0],"0.68":[1,1,1],"1.56":[1,1,1],"1.6":[0,0,0]}},"bone":{"rotation":{"0.6":{"pre":[0,0,0],"post":[0,0,0],"lerp_mode":"catmullrom"},"0.8":{"post":[0,0,-115],"lerp_mode":"catmullrom"},"1.52":{"post":[0,0,0],"lerp_mode":"catmullrom"}},"position":{"0.6":[0,0,0],"0.8":[2,0,0],"1.52":[0,0,0]}},"bone15":{"position":[0,0,0],"scale":{"0.72":[1,1,1],"0.76":[0,0,0],"4.04":[0,0,0],"4.08":[1,1,1]}},"body":{"scale":{"0.0":[1,1,1],"1.04":{"pre":[1.05,1.02,1.05],"post":[1.05,1.02,1.05],"lerp_mode":"catmullrom"},"2.08":[1,1,1],"3.2":{"pre":[1.05,1.02,1.05],"post":[1.05,1.02,1.05],"lerp_mode":"catmullrom"},"4.36":[1,1,1]}},"leftLeg5":{"rotation":{"0.0":[0,0,0],"1.04":{"pre":[2,0,0],"post":[2,0,0],"lerp_mode":"catmullrom"},"2.08":[0,0,0],"3.2":{"pre":[2,0,0],"post":[2,0,0],"lerp_mode":"catmullrom"},"4.36":[0,0,0]}},"Leftleg3":{"rotation":{"0.0":[0,0,0],"1.04":{"pre":[-2,0,0],"post":[-2,0,0],"lerp_mode":"catmullrom"},"2.08":[0,0,0],"3.2":{"pre":[-2,0,0],"post":[-2,0,0],"lerp_mode":"catmullrom"},"4.36":[0,0,0]}},"ChestTop":{"rotation":[0,0,0]},"HollaHolla":{"rotation":[0,-90,0],"position":{"1.48":[0,-1,0],"1.88":{"pre":[0,11,0],"post":[0,11,0],"lerp_mode":"catmullrom"},"2.8":[0,14,0]},"scale":{"1.72":[1.5,1.5,1.5],"2.8":[0,0,0]}}},"particle_effects":{}}}}