{"format_version":"1.8.0","animations":{"animation.thors_hammer.thirdperson_main_hand":{"loop":true,"bones":{"root":{"rotation":[90,0,0],"position":[0,18,-3],"scale":0.5},"root_x":{"rotation":[-38,0,0],"position":[0,2.25,0.5]},"root_y":{"rotation":[0,-90,0]},"root_z":{"rotation":[0,0,0]}}},"animation.thors_hammer.firstperson_main_hand":{"loop":true,"bones":{"root":{"rotation":[90,60,-40],"position":[0,15,-3],"scale":0.5},"root_x":{"rotation":[0,90,0],"position":[0,2.25,0.5]},"root_y":{"rotation":[0,0,0]},"root_z":{"rotation":[-17.5,0,0]}}}}}