{"resource_pack_name":"vanilla","texture_name":"atlas.items","texture_data":{"lifeboat:iron_hammer":{"textures":"textures/items/iron_hammer"},"lifeboat:tnt_pickaxe":{"textures":"textures/items/tnt_pickaxe"},"lifeboat:sm_ender_backpack_item":{"textures":"textures/items/sm_ender_backpack_item"},"lifeboat:sm_ender_backpack_item_b":{"textures":"textures/items/sm_ender_backpack_item_b"},"lifeboat:auto_sell_backpack_item":{"textures":"textures/items/auto_sell_backpack_hr"},"lifeboat:thors_hammer":{"textures":"textures/items/thors_hammer"},"lifeboat:duplication_pickaxe":{"textures":"textures/items/duplication_pickaxe"},"lifeboat:bedrock_pickaxe":{"textures":"textures/items/bedrock_pickaxe"},"lifeboat:jack_hammer":{"textures":"textures/items/jack_hammer"},"ender_backpack":{"textures":"textures/entity/sm_ender_backpack"},"auto_sell_backpack":{"textures":"textures/entity/auto_sell_backpack_texture"},"lifeboat:ground_mine":{"textures":"textures/items/ground_mine"},"lifeboat:alarm":{"textures":"textures/items/alarm"},"lifeboat:creeper_pickaxe":{"textures":"textures/items/creeper_pickaxe"},"lifeboat:hacker_pickaxe":{"textures":"textures/items/hacker_pickaxe"}}}