{"animations":{"animation.babyenderdragon.fly":{"animation_length":1,"bones":{"Body":{"position":{"0.0":[0,11.675,0],"0.2917":[0,"22+Math.sin((query.anim_time)*10)*18",0],"0.5417":[0.75,13.89,0],"0.75":[0,"22+Math.sin((query.anim_time)*10)*18",0],"1.0":[0,11.675,0]},"rotation":{"0.0":[0,0,0],"0.2917":[-10,0,5],"0.5417":[0,0,-2.5],"0.75":[-10,0,8.63636],"1.0":[0,0,0]}},"Head":{"rotation":{"0.0":{"lerp_mode":"catmullrom","post":[5,0,-7]},"0.2917":{"lerp_mode":"catmullrom","post":[20.66687,0,-7]},"0.5":{"lerp_mode":"catmullrom","post":[1.66761,0,-7]},"0.75":{"lerp_mode":"catmullrom","post":[20.66687,0,-7]},"1.0":{"lerp_mode":"catmullrom","post":[5,0,-7]}}},"foot1":{"rotation":{"0.0":{"lerp_mode":"catmullrom","post":[64.3652,-6.793,8.70121]},"0.25":{"lerp_mode":"catmullrom","post":[86.84575,19.7104,-0.08628]},"0.5":{"lerp_mode":"catmullrom","post":[79.92389,-38.11045,10.08453]},"0.75":{"lerp_mode":"catmullrom","post":[72.61281,19.38931,-4.16889]},"1.0":{"lerp_mode":"catmullrom","post":[64.3652,-6.793,8.70121]}}},"foot2":{"rotation":{"0.0":{"lerp_mode":"catmullrom","post":[-627.07924,32.46626,-715.93116]},"1.0":{"lerp_mode":"catmullrom","post":[-627.07924,32.46626,-715.93116]}}},"foot3":{"rotation":{"0.0":{"lerp_mode":"catmullrom","post":[93.05099,-34.96182,-1.74942]},"0.2917":{"lerp_mode":"catmullrom","post":[95.89834,-64.88331,-5.34402]},"0.4583":{"lerp_mode":"catmullrom","post":[92.81044,18.53901,0.85908]},"0.6667":{"lerp_mode":"catmullrom","post":[92.67913,-6.98825,-0.20355]},"1.0":{"lerp_mode":"catmullrom","post":[93.05099,-34.96182,-1.74942]}}},"foot4":{"rotation":{"0.0":{"lerp_mode":"catmullrom","post":[87.11386,-29.96852,1.44261]},"1.0":{"lerp_mode":"catmullrom","post":[87.11386,-29.96852,1.44261]}}},"leg1":{"position":{"0.0":[0,2,0],"1.0":[0,2,0]},"rotation":{"0.0":[0,-40,87.5],"0.2917":[0,-17.5,87.5],"0.4583":[0,-36.95756,87.5],"0.6667":[0,-17.5,87.5],"1.0":[0,-40,87.5]}},"leg2":{"position":{"0.0":[0,-1.175,1.525],"1.0":[0,-1.175,1.525]},"rotation":{"0.0":[-360,-64.92828,-271.91437],"0.375":[-360,-69.92828,-271.91437],"0.625":[-360,-50.90828,-271.91437],"0.875":[-360,-85.06976,-271.91437],"1.0":[-360,-64.92828,-271.91437]}},"leg3":{"position":{"0.0":[0,1.325,0],"1.0":[0,1.325,0]},"rotation":{"0.0":[10.91858,49.64303,-84.21562],"0.2917":[8.35116,32.38187,-88.08292],"0.4583":[11.43709,49.63889,-83.64638],"0.6667":[8.35116,32.38187,-88.08292],"1.0":[10.91858,49.64303,-84.21562]}},"leg4":{"position":{"0.0":[0,-1.225,1.075],"1.0":[0,-1.225,1.075]},"rotation":{"0.0":[0,67.5,-90],"0.375":[0,80,-90],"0.625":[0,48.95556,-90],"0.875":[0,85.85556,-90],"1.0":[0,67.5,-90]}},"neck":{"position":{"0.0":[0,0,0],"0.2917":[0,2.18,0],"0.625":[0,1.38,0],"0.75":[0,2.18,0],"1.0":[0,0,0]},"rotation":{"0.0":[-17.5,0,0],"0.2917":[8.05221,0,0],"0.75":[8.05221,0,0],"1.0":[-17.5,0,0]}},"neck1":{"rotation":{"0.0":{"lerp_mode":"catmullrom","post":[17.5,0,0]},"0.2917":{"lerp_mode":"catmullrom","post":[-12.17168,-0.09744,3.28546]},"0.5":{"lerp_mode":"catmullrom","post":[0,0,14.6611]},"0.75":{"lerp_mode":"catmullrom","post":[-12.17168,-0.09744,3.28546]},"1.0":{"lerp_mode":"catmullrom","post":[17.5,0,0]}}},"tail":{"rotation":{"0.0":[-8.08,-21.8,3.02],"0.4583":[-8.68602,30.21395,-4.39413],"0.9167":[-8.08,-21.8,3.02]}},"tail1":{"rotation":{"0.0":{"lerp_mode":"catmullrom","post":[-5.35373,-20.91633,1.91617]},"0.5":{"lerp_mode":"catmullrom","post":[-5.28652,18.92494,-1.71894]},"0.9583":{"lerp_mode":"catmullrom","post":[-5.35373,-20.91633,1.91617]}}},"tail2":{"position":[0,0,0],"rotation":{"0.0":{"lerp_mode":"catmullrom","post":[-5.47043,-23.90296,2.2222]},"0.625":{"lerp_mode":"catmullrom","post":[-5.20041,15.93749,-1.43161]},"1.0":{"lerp_mode":"catmullrom","post":[-5.47043,-23.90296,2.2222]}}},"tail3":{"rotation":{"0.0":{"lerp_mode":"catmullrom","post":[-2.80535,-26.97222,1.2732]},"0.7083":{"lerp_mode":"catmullrom","post":[-2.76942,25.47399,-1.19189]},"1.0":{"lerp_mode":"catmullrom","post":[-2.80535,-26.97222,1.2732]}}},"wing1":{"rotation":{"0.0":{"lerp_mode":"catmullrom","post":[0,0,60.83862]},"0.2083":{"lerp_mode":"catmullrom","post":[0,0,-39.95949]},"0.2917":{"lerp_mode":"catmullrom","post":[0,0,51.56237]},"0.5417":{"lerp_mode":"catmullrom","post":[0,0,-47.32143]},"0.6667":{"lerp_mode":"catmullrom","post":[0,0,54.88161]},"0.875":{"lerp_mode":"catmullrom","post":[0,0,72.5]},"1.0":{"lerp_mode":"catmullrom","post":[0,0,60.83862]}}},"wing2":{"rotation":{"0.0":[0,0,-18.67043],"0.2917":[0,0,-126.759],"0.4583":[0,0,-18.67043],"0.6667":[0,0,-126.759],"0.8333":[0,0,-102.5],"1.0":[0,0,-18.67043]}},"wing3":{"rotation":{"0.0":[0,"Math.sin((query.anim_time)*100)*18 ",32.5],"0.2917":[0,"Math.sin((query.anim_time)*100)*18 ",128.9025],"0.4583":[0,0,32.56979],"0.6667":[0,0,124.11912],"0.8333":[0,0,112.5],"1.0":[0,0,32.5]}},"wing5":{"rotation":{"0.0":[0,0,-75],"0.2083":[0,0,35],"0.2917":[0,0,-54.9537],"0.5417":[0,0,35],"0.6667":[0,0,-54.9537],"0.875":[0,0,-75],"1.0":[0,0,-75]}}},"loop":true}},"format_version":"1.8.0"}