{"animations":{"animation.register.close":{"animation_length":0.5,"bones":{"bone":{"position":{"0.0":{"lerp_mode":"catmullrom","post":[0,0,0]},"0.125":{"lerp_mode":"catmullrom","post":[0,0.6,0]},"0.2083":{"lerp_mode":"catmullrom","post":[0,1.25,0]},"0.25":{"lerp_mode":"catmullrom","post":[0,0.57,0]},"0.375":{"lerp_mode":"catmullrom","post":[0,0,0]}},"rotation":{"0.0":{"lerp_mode":"catmullrom","post":[0,0,0]},"0.125":{"lerp_mode":"catmullrom","post":[0,-1.06,0]},"0.2083":{"lerp_mode":"catmullrom","post":[0,-2.5,0]},"0.2917":{"lerp_mode":"catmullrom","post":[0,-1.34,0]},"0.375":{"lerp_mode":"catmullrom","post":[0,0,0]}}},"bone2":{"position":{"0.0":{"lerp_mode":"catmullrom","post":[7,0,0]},"0.1667":{"lerp_mode":"catmullrom","post":[7,0,0]},"0.375":{"lerp_mode":"catmullrom","post":[0,0,0]},"0.5":{"lerp_mode":"catmullrom","post":[0,0,0]}}}},"loop":"hold_on_last_frame","override_previous_animation":true},"animation.register.open":{"animation_length":0.5,"bones":{"bone":{"position":{"0.0":{"lerp_mode":"catmullrom","post":[0,0,0]},"0.125":{"lerp_mode":"catmullrom","post":[0,0.6,0]},"0.2083":{"lerp_mode":"catmullrom","post":[0,1.25,0]},"0.25":{"lerp_mode":"catmullrom","post":[0,0.57,0]},"0.375":{"lerp_mode":"catmullrom","post":[0,0,0]}},"rotation":{"0.0":{"lerp_mode":"catmullrom","post":[0,0,0]},"0.125":{"lerp_mode":"catmullrom","post":[0,1.06,0]},"0.2083":{"lerp_mode":"catmullrom","post":[0,2.5,0]},"0.2917":{"lerp_mode":"catmullrom","post":[0,1.34,0]},"0.375":{"lerp_mode":"catmullrom","post":[0,0,0]}}},"bone2":{"position":{"0.0":{"lerp_mode":"catmullrom","post":[0,0,0]},"0.125":{"lerp_mode":"catmullrom","post":[0,0,0]},"0.3333":{"lerp_mode":"catmullrom","post":[7,0,0]},"0.5":{"lerp_mode":"catmullrom","post":[7,0,0]}}}},"loop":"hold_on_last_frame","override_previous_animation":true}},"format_version":"1.8.0"}