{"animations":{"animation.cookcraft.loop":{"animation_length":5.5,"bones":{"Head":{"rotation":{"0.0":{"lerp_mode":"catmullrom","post":[15,-30,0]},"0.5":{"lerp_mode":"catmullrom","post":[15,-30,0]},"1.0":{"lerp_mode":"catmullrom","post":[15,-30,0]},"1.5":{"lerp_mode":"catmullrom","post":[15,17.5,0]},"2.0":{"lerp_mode":"catmullrom","post":[15,17.5,0]},"2.5":{"lerp_mode":"catmullrom","post":[15,-30,0]},"3.6667":{"lerp_mode":"catmullrom","post":[15,-30,0]},"4.4167":{"lerp_mode":"catmullrom","post":[-42.5,-15,0]},"5.0417":{"lerp_mode":"catmullrom","post":[15,-30,0]}}},"RightArm":{"position":{"0.0":{"lerp_mode":"catmullrom","post":[0,0,0]},"3.0":{"lerp_mode":"catmullrom","post":[0,0,0]},"3.5":{"lerp_mode":"catmullrom","post":[1,0,-2]},"4.625":{"lerp_mode":"catmullrom","post":[0,0,0]}},"rotation":{"0.0":{"lerp_mode":"catmullrom","post":[0,0,0]},"0.5417":{"lerp_mode":"catmullrom","post":[-50,0,0]},"2.0":{"lerp_mode":"catmullrom","post":[-50,0,0]},"3.0":{"lerp_mode":"catmullrom","post":[-32.5,-42.5,0]},"3.6667":{"lerp_mode":"catmullrom","post":[-32.5,-42.5,0]},"4.1667":{"lerp_mode":"catmullrom","post":[-107.5,-42.5,0]},"4.2917":{"lerp_mode":"catmullrom","post":[-107.5,-42.5,0]},"4.625":{"lerp_mode":"catmullrom","post":[0,0,0]}}},"RightArm2":{"rotation":{"3.0":{"lerp_mode":"catmullrom","post":[0,0,0]},"3.75":{"lerp_mode":"catmullrom","post":[0,0,-3.33]},"4.2083":{"lerp_mode":"catmullrom","post":[0,0,-12.5]},"4.5417":{"lerp_mode":"catmullrom","post":[0,0,-3.65]},"5.0417":{"lerp_mode":"catmullrom","post":[0,0,0]}}},"bone10":{"rotation":[0,"-math.sin(query.anim_time*2500)*1",0]},"bone11":{"position":{"3.0":{"lerp_mode":"catmullrom","post":[0,0,0]},"3.5":{"lerp_mode":"catmullrom","post":[-0.5,0.25,0.5]},"3.7917":{"lerp_mode":"catmullrom","post":[-0.5,5.25,0.5]},"4.4167":{"lerp_mode":"catmullrom","post":[-0.5,42.25,0.5]},"5.0417":{"lerp_mode":"catmullrom","post":[-0.5,0.25,0.5]}},"rotation":{"3.0":{"lerp_mode":"catmullrom","post":[0,0,0]},"3.5":{"lerp_mode":"catmullrom","post":[10.9675,44.85974,14.0697]},"3.6667":{"lerp_mode":"catmullrom","post":[10.97,44.86,14.07]},"5.0417":{"lerp_mode":"catmullrom","post":[-180,-20,0]}}},"bone4":{"position":{"0.0":{"lerp_mode":"catmullrom","post":[0,"math.sin(query.anim_time*720)*0.01",0]}},"rotation":{"0.0":{"lerp_mode":"catmullrom","post":[0,0,"-math.sin(query.anim_time*2500)*1"]}}},"bone5":{"position":[0,"-math.sin(query.anim_time*720)*0.05",0],"rotation":[0,0,"math.sin(query.anim_time*2500)*1"]},"bone7":{"rotation":[0,"-math.sin(query.anim_time*2500)*1",0]},"bone8":{"rotation":[0,"-math.sin(query.anim_time*2500)*1",0]},"bone9":{"rotation":[0,"math.sin(query.anim_time*2500)*1",0]},"chef":{"position":[0,0,0]},"spatula":{"rotation":{"0.0":{"lerp_mode":"catmullrom","post":[0,0,0]},"2.0":{"lerp_mode":"catmullrom","post":[0,0,0]},"3.0":{"lerp_mode":"catmullrom","post":[0,37.5,0]}}}},"loop":true,"particle_effects":{}}},"format_version":"1.8.0"}