{"animations":{"animation.garcia.flip":{"animation_length":2.125,"bones":{"Body":{"rotation":{"0.0":[0,0,0],"0.5":[15,0,0],"1.0":[-20,0,0],"1.5833":[-20,0,0],"1.9167":[2.5,0,0],"2.125":[0,0,0]}},"Head":{"rotation":{"0.0":[0,0,0],"0.4167":[15,15,0],"1.0":[7.5,15,0],"1.2917":[-27.5,15,0],"1.9167":[7.5,15,0],"2.125":[0,0,0]}},"LeftArm":{"rotation":{"0.0":[0,0,0],"0.4167":[0,0,-15],"1.5833":[0,0,-15],"2.0":[0,0,0],"2.125":[0,0,0]}},"RightArm":{"rotation":{"0.0":[0,0,0],"0.5":[10,0,0],"1.0":[-60,0,0],"1.0417":[-65,0,0],"1.5833":[-65,0,0],"1.9167":[-32.5,0,0],"2.125":[0,0,0]}},"Spatula":{"rotation":{"0.0":[0,0,0],"0.4583":[0,-12.5,0],"0.8333":[0,40,0],"2.125":[0,0,0]}},"pancake":{"position":{"0.9583":{"lerp_mode":"catmullrom","post":[0,0,0]},"1.125":{"lerp_mode":"catmullrom","post":[12.1,0,-9.32]},"1.2917":{"lerp_mode":"catmullrom","post":[16.85298,0,-14.14133]},"1.4583":{"lerp_mode":"catmullrom","post":[12.1,0,-9.32]},"1.5833":{"lerp_mode":"catmullrom","post":[0,0,0]}},"rotation":{"0.9583":{"lerp_mode":"catmullrom","post":[0,0,0]},"1.5833":{"lerp_mode":"catmullrom","post":[-180,0,0]}}}},"loop":true}},"format_version":"1.8.0"}