{"animations":{"animation.krakenhead.idle":{"animation_length":4.125,"bones":{"bone":{"position":{"0.0":{"lerp_mode":"catmullrom","post":[0,-4.9,0]},"0.5833":{"lerp_mode":"catmullrom","post":[0,1.1,0]},"1.1667":{"lerp_mode":"catmullrom","post":[0,-0.8,0]},"1.9167":{"lerp_mode":"catmullrom","post":[0,0.8,0]},"2.5417":{"lerp_mode":"catmullrom","post":[0,-0.8,0]},"3.2917":{"lerp_mode":"catmullrom","post":[0,0.8,0]},"4.0417":{"lerp_mode":"catmullrom","post":[0,-4.9,0]}},"rotation":{"0.0833":{"lerp_mode":"catmullrom","post":[-80.50142,-0.16504,0.98629],"pre":[-80.50142,-0.16504,0.98629]},"0.75":{"lerp_mode":"catmullrom","post":[-80.5355,-0.82422,4.93177]},"1.4167":{"lerp_mode":"catmullrom","post":[-80.51278,0.49492,-2.95893]},"2.0417":{"lerp_mode":"catmullrom","post":[-80.50568,-0.33003,1.97259]},"2.7917":{"lerp_mode":"catmullrom","post":[-80.50142,0.16504,-0.98629]},"3.4167":{"lerp_mode":"catmullrom","post":[-80.5355,-0.82422,4.93177]},"4.125":{"lerp_mode":"catmullrom","post":[-80.50142,-0.16504,0.98629]}}},"bone2":{"position":{"0.0":{"lerp_mode":"catmullrom","post":[0,0,0]},"0.7917":{"lerp_mode":"catmullrom","post":[0,0,0.8]},"1.5833":{"lerp_mode":"catmullrom","post":[0,2.3,-3.3]},"2.2917":{"lerp_mode":"catmullrom","post":[0,2.3,-3.3]},"2.9167":{"lerp_mode":"catmullrom","post":[0,-5.7,0.8]},"3.6667":{"lerp_mode":"catmullrom","post":[0,-5.7,0.8]},"4.125":{"lerp_mode":"catmullrom","post":[0,0,0]}}},"bone3":{"position":{"0.0":{"lerp_mode":"catmullrom","post":[0,0,0]},"0.7917":{"lerp_mode":"catmullrom","post":[0,0,0.8]},"1.5833":{"lerp_mode":"catmullrom","post":[0,2.3,-3.3]},"2.2917":{"lerp_mode":"catmullrom","post":[0,2.3,-3.3]},"2.9167":{"lerp_mode":"catmullrom","post":[0,-5.7,0.8]},"3.6667":{"lerp_mode":"catmullrom","post":[0,-5.7,0.8]},"4.125":{"lerp_mode":"catmullrom","post":[0,0,0]}}}},"loop":true},"animation.krakenhead.open_beak":{"animation_length":4.125,"bones":{"beak1":{"rotation":{"1.0833":{"lerp_mode":"catmullrom","post":[0,0,0],"pre":[0,0,0]},"1.5417":{"lerp_mode":"catmullrom","post":[-22.5,0,0]},"3.6667":{"lerp_mode":"catmullrom","post":[-22.5,0,0]},"3.9583":{"lerp_mode":"catmullrom","post":[0,0,0]}}},"beak2":{"rotation":{"0.0":{"lerp_mode":"catmullrom","post":[0,0,0]},"1.0833":{"lerp_mode":"catmullrom","post":[0,0,0]},"1.5417":{"lerp_mode":"catmullrom","post":[30,0,0]},"3.6667":{"lerp_mode":"catmullrom","post":[30,0,0]},"3.9583":{"lerp_mode":"catmullrom","post":[0,0,0]}}},"bone":{"position":{"0.0":{"lerp_mode":"catmullrom","post":[0,-4.9,0]},"0.5833":{"lerp_mode":"catmullrom","post":[0,1.1,0]},"1.1667":{"lerp_mode":"catmullrom","post":[0,-0.8,0]},"1.9167":{"lerp_mode":"catmullrom","post":[0,0.8,0]},"2.5417":{"lerp_mode":"catmullrom","post":[0,-0.8,0]},"3.2917":{"lerp_mode":"catmullrom","post":[0,0.8,0]},"4.0417":{"lerp_mode":"catmullrom","post":[0,-4.9,0]}},"rotation":{"0.0833":{"lerp_mode":"catmullrom","post":[-80.50142,-0.16504,0.98629],"pre":[-80.50142,-0.16504,0.98629]},"0.75":{"lerp_mode":"catmullrom","post":[-80.5355,-0.82422,4.93177]},"1.4167":{"lerp_mode":"catmullrom","post":[-80.51278,0.49492,-2.95893]},"2.0417":{"lerp_mode":"catmullrom","post":[-80.50568,-0.33003,1.97259]},"2.7917":{"lerp_mode":"catmullrom","post":[-80.50142,0.16504,-0.98629]},"3.4167":{"lerp_mode":"catmullrom","post":[-80.5355,-0.82422,4.93177]},"4.125":{"lerp_mode":"catmullrom","post":[-80.50142,-0.16504,0.98629]}}},"bone2":{"position":{"0.0":{"lerp_mode":"catmullrom","post":[0,0,0]},"0.7917":{"lerp_mode":"catmullrom","post":[0,0,0.8]},"1.5833":{"lerp_mode":"catmullrom","post":[0,2.3,-3.3]},"2.2917":{"lerp_mode":"catmullrom","post":[0,2.3,-3.3]},"2.9167":{"lerp_mode":"catmullrom","post":[0,-5.7,0.8]},"3.6667":{"lerp_mode":"catmullrom","post":[0,-5.7,0.8]},"4.125":{"lerp_mode":"catmullrom","post":[0,0,0]}}},"bone3":{"position":{"0.0":{"lerp_mode":"catmullrom","post":[0,0,0]},"0.7917":{"lerp_mode":"catmullrom","post":[0,0,0.8]},"1.5833":{"lerp_mode":"catmullrom","post":[0,2.3,-3.3]},"2.2917":{"lerp_mode":"catmullrom","post":[0,2.3,-3.3]},"2.9167":{"lerp_mode":"catmullrom","post":[0,-5.7,0.8]},"3.6667":{"lerp_mode":"catmullrom","post":[0,-5.7,0.8]},"4.125":{"lerp_mode":"catmullrom","post":[0,0,0]}}}},"loop":true},"animation.model.new":{"animation_length":5.58333,"bones":{"bone":{"rotation":[-47.5,0,0]}}}},"format_version":"1.8.0"}