{"animations":{"animation.dancing":{"animation_length":4,"bones":{"SpawnerBooster":{"position":{"0.0":{"lerp_mode":"catmullrom","post":[0,0,-1]},"0.5":{"lerp_mode":"catmullrom","post":[0,0,-2]},"1.1667":{"lerp_mode":"catmullrom","post":[0,0,-4]},"1.9583":{"lerp_mode":"catmullrom","post":[0,0,-1]},"2.7083":{"lerp_mode":"catmullrom","post":[0,0,-1]},"3.25":{"lerp_mode":"catmullrom","post":[3,0,2]},"4.0":{"lerp_mode":"catmullrom","post":[0,0,-1]}},"rotation":{"0.25":{"lerp_mode":"catmullrom","post":[0,0,-4]},"0.875":{"lerp_mode":"catmullrom","post":[0,0,-6]},"1.8333":{"lerp_mode":"catmullrom","post":[0,0,-6]},"3.2083":{"lerp_mode":"catmullrom","post":[0,0,-23]},"3.7083":{"lerp_mode":"catmullrom","post":[0,0,-32]},"4.0":{"lerp_mode":"catmullrom","post":[0,0,-4]}}},"body":{"position":{"0.0":{"lerp_mode":"catmullrom","post":[0,2.15,19]},"0.6667":{"lerp_mode":"catmullrom","post":[-10.02,7.35,4.03]},"1.125":{"lerp_mode":"catmullrom","post":[-13.76,12.355,-6.77]},"2.0":{"lerp_mode":"catmullrom","post":[8,5,-19]},"2.25":{"lerp_mode":"catmullrom","post":[11.5,5.78,-16.17]},"2.375":{"lerp_mode":"catmullrom","post":[12.39,6.075,-14.08]},"2.5":{"lerp_mode":"catmullrom","post":[11.5,5.78,-16.17]},"2.625":{"lerp_mode":"catmullrom","post":[12.39,6.075,-14.08]},"2.75":{"lerp_mode":"catmullrom","post":[11.5,5.78,-16.17]},"3.25":{"lerp_mode":"catmullrom","post":[15,10,0]},"4.0":{"lerp_mode":"catmullrom","post":[0,2.15,19]}},"rotation":{"0.0":{"lerp_mode":"catmullrom","post":[0,-25,0]},"0.4167":{"lerp_mode":"catmullrom","post":[19.15162,-36.70661,-34.05543]},"0.7083":{"lerp_mode":"catmullrom","post":[39.82988,-47.20187,-52.86913]},"1.0417":{"lerp_mode":"catmullrom","post":[39.38152,-67.10507,-41.7032]},"1.4167":{"lerp_mode":"catmullrom","post":[34.26526,-40.61232,-37.24213]},"1.7917":{"lerp_mode":"catmullrom","post":[33.03912,39.30748,7.34131]},"2.125":{"lerp_mode":"catmullrom","post":[0,34.52921,0]},"2.3333":{"lerp_mode":"catmullrom","post":[-2.4,21.16,9.71]},"2.6667":{"lerp_mode":"catmullrom","post":[0.24099,31.74043,17.37055]},"3.25":{"lerp_mode":"catmullrom","post":[0.01332,39.44575,0.70368]},"4.0":{"lerp_mode":"catmullrom","post":[0,-25,0]}},"scale":{"0.0":[1,1,1],"0.3333":[1,1,1],"0.625":[1,1.13,1],"1.0417":[1,1,1],"2.0417":[1,1,1],"2.25":[1.135,0.9,1],"2.4167":[0.975,1.1,1],"2.625":[1.135,0.9,1],"2.7917":[1,1,1]}},"crystalpoints":{"rotation":{"0.0":{"lerp_mode":"catmullrom","post":[0,0,-2]},"0.2917":{"lerp_mode":"catmullrom","post":[0,0,-2]},"0.625":{"lerp_mode":"catmullrom","post":[0,0,-5]},"1.125":{"lerp_mode":"catmullrom","post":[0,0,-2]},"1.875":{"lerp_mode":"catmullrom","post":[0,0,-0.625]},"2.4583":{"lerp_mode":"catmullrom","post":[0,0,4]},"4.0":{"lerp_mode":"catmullrom","post":[0,0,-2]}}},"fingers":{"rotation":{"0.0":{"lerp_mode":"catmullrom","post":[0,0,80]},"0.2917":{"lerp_mode":"catmullrom","post":[0,0,95]},"0.7917":{"lerp_mode":"catmullrom","post":[0,0,80]},"1.4583":{"lerp_mode":"catmullrom","post":[0,0,-20]},"4.0":{"lerp_mode":"catmullrom","post":[0,0,80]}}},"fingers2":{"rotation":{"0.0":{"lerp_mode":"catmullrom","post":[0,0,-105]},"0.2917":{"lerp_mode":"catmullrom","post":[0,0,-120]},"1.0":{"lerp_mode":"catmullrom","post":[0,0,-105]},"1.4167":{"lerp_mode":"catmullrom","post":[0,0,37]},"4.0":{"lerp_mode":"catmullrom","post":[0,0,-105]}}},"hands":{"position":{"0.0":{"lerp_mode":"catmullrom","post":[0,0,0]},"0.3333":{"lerp_mode":"catmullrom","post":[0,4.75,0]},"0.6667":{"lerp_mode":"catmullrom","post":[-1.575,-4.1,0]},"1.0":{"lerp_mode":"catmullrom","post":[0,0,0]},"1.4583":{"lerp_mode":"catmullrom","post":[-1,0,0]},"1.875":{"lerp_mode":"catmullrom","post":[-0.94,-4.6,0]},"2.3333":{"lerp_mode":"catmullrom","post":[-1.33,-4.855,0]},"2.5833":{"lerp_mode":"catmullrom","post":[-1.33,-6.08,0]},"2.8333":{"lerp_mode":"catmullrom","post":[-1.33,-4.855,0]},"4.0":{"lerp_mode":"catmullrom","post":[0,0,0]}},"rotation":{"0.0":{"lerp_mode":"catmullrom","post":[-102.5,0,-52.5]},"0.3333":{"lerp_mode":"catmullrom","post":[-102.5,0,-52.5]},"0.6667":{"lerp_mode":"catmullrom","post":[-102.27737,2.36691,-41.7546]},"1.0":{"lerp_mode":"catmullrom","post":[-101.76782,4.2453,-32.9377]},"1.4583":{"lerp_mode":"catmullrom","post":[-108.2565,-22.97501,68.55774]},"1.875":{"lerp_mode":"catmullrom","post":[-62.23697,-63.30616,40.74772]},"2.3333":{"lerp_mode":"catmullrom","post":[145.10009,35.89159,198.35489]},"2.5833":{"lerp_mode":"catmullrom","post":[145.10009,35.89159,198.35489]},"2.8333":{"lerp_mode":"catmullrom","post":[145.10009,35.89159,198.35489]},"3.2083":{"lerp_mode":"catmullrom","post":[-12.39362,-30.81413,36.22529]},"4.0":{"lerp_mode":"catmullrom","post":[-102.5,0,-52.5]}}},"hands2":{"position":{"0.0":{"lerp_mode":"catmullrom","post":[0.555,-0.18,0.93]},"0.3333":{"lerp_mode":"catmullrom","post":[0.555,-5.63,0.93]},"0.6667":{"lerp_mode":"catmullrom","post":[0.555,12.095,0.93]},"1.0":{"lerp_mode":"catmullrom","post":[-1.395,-4.38,0.93]},"1.4167":{"lerp_mode":"catmullrom","post":[1.375,-0.175,0.925]},"1.875":{"lerp_mode":"catmullrom","post":[1.32,-1.305,0.93]},"2.3333":{"lerp_mode":"catmullrom","post":[1.11,-5.08,0.93]},"2.5833":{"lerp_mode":"catmullrom","post":[1.11,-6.355,0.93]},"2.8333":{"lerp_mode":"catmullrom","post":[1.11,-5.08,0.93]},"4.0":{"lerp_mode":"catmullrom","post":[0.555,-0.18,0.93]}},"rotation":{"0.0":{"lerp_mode":"catmullrom","post":[-115.35862,22.28076,-309.76246]},"0.3333":{"lerp_mode":"catmullrom","post":[-115.35862,22.28076,-309.76246]},"0.6667":{"lerp_mode":"catmullrom","post":[-115.35862,22.28076,-309.76246]},"1.0":{"lerp_mode":"catmullrom","post":[-110.27021,26.95283,-297.59484]},"1.4167":{"lerp_mode":"catmullrom","post":[-98.61949,-16.10848,-383.16806]},"1.875":{"lerp_mode":"catmullrom","post":[-85.04208,-34.92699,-346.66703]},"2.3333":{"lerp_mode":"catmullrom","post":[134.71315,-48.48402,-565.36654]},"2.5833":{"lerp_mode":"catmullrom","post":[134.71315,-48.48402,-565.36654]},"2.8333":{"lerp_mode":"catmullrom","post":[134.71315,-48.48402,-565.36654]},"3.2083":{"lerp_mode":"catmullrom","post":[-18.81546,21.86998,-384.77748]},"4.0":{"lerp_mode":"catmullrom","post":[-115.35862,22.28076,-309.76246]}}},"mouth":{"position":[0,0,0]},"mouth2":{"position":{"0.0":[0,0,0],"0.5":[0,0,0],"0.7083":[0,0.3,0],"1.1667":[0,0,0],"1.9583":[0,0,0],"2.375":[0.65,0,0],"2.9583":[0.65,0,0],"4.0":[0,0,0]},"rotation":{"2.0417":[0,0,0],"2.4167":[0,0,-23],"3.0417":[0,0,-23],"4.0":[0,0,0]}},"open":{"position":{"0.0":[0,0,0],"0.75":[0,0,0],"1.0":[-0.4,0.625,0],"1.625":[-0.4,0.63,0],"1.875":[0.6,0.28,0],"4.0":[0,0,0]},"scale":{"1.3333":[1,1,1],"1.7917":[1,0,1],"3.4583":[1,0,1],"4.0":[1,1,1]}},"open2":{"position":{"2.125":[0,0,0],"2.625":[0.125,0.075,0],"3.1667":[0.12,0.08,0],"3.625":[-0.155,0.08,0],"4.0":[0,0,0]},"scale":{"0.0":{"lerp_mode":"catmullrom","post":[1,0,1]},"1.3333":{"lerp_mode":"catmullrom","post":[1,0,1]},"1.5":{"lerp_mode":"catmullrom","post":[1,0,1]},"2.0833":{"lerp_mode":"catmullrom","post":[1,1,1]},"3.0417":{"lerp_mode":"catmullrom","post":[1,1,1]},"3.4583":{"lerp_mode":"catmullrom","post":[1,0,1]}}},"sparkle1":{"position":{"0.0":{"lerp_mode":"catmullrom","post":[0,0,0]},"0.2083":{"lerp_mode":"catmullrom","post":[0,0,0]},"0.2917":{"lerp_mode":"catmullrom","post":[0,-2.7,0]},"0.5":{"lerp_mode":"catmullrom","post":[0,0,0]},"0.8333":{"lerp_mode":"catmullrom","post":[-12.6,-15.7,0]},"1.125":{"lerp_mode":"catmullrom","post":[-12.6,-15.7,0]},"1.25":{"lerp_mode":"catmullrom","post":[0,0,0]},"1.5833":{"lerp_mode":"catmullrom","post":[11.575,-6.6,-2.9]},"2.0":{"lerp_mode":"catmullrom","post":[11.575,-6.6,-2.9]},"2.3333":{"lerp_mode":"catmullrom","post":[15.88,-18.675,-2.9]},"2.5":{"lerp_mode":"catmullrom","post":[0,0,0]},"2.7083":{"lerp_mode":"catmullrom","post":[0,0,0]},"2.7917":{"lerp_mode":"catmullrom","post":[0,-2.7,0]},"3.0":{"lerp_mode":"catmullrom","post":[0,0,0]},"3.3333":{"lerp_mode":"catmullrom","post":[-12.6,-15.7,0]}},"rotation":{"0.0":{"lerp_mode":"catmullrom","post":[0,0,0]},"0.2083":{"lerp_mode":"catmullrom","post":[0,0,0]},"0.2917":{"lerp_mode":"catmullrom","post":[0,0,0]},"0.5":{"lerp_mode":"catmullrom","post":[0,0,0]},"0.8333":{"lerp_mode":"catmullrom","post":[0,0,-367.5]},"1.125":{"lerp_mode":"catmullrom","post":[0,0,-367.5]},"1.25":{"lerp_mode":"catmullrom","post":[0,0,0]},"1.5833":{"lerp_mode":"catmullrom","post":[0,0,0]},"2.0":{"lerp_mode":"catmullrom","post":[0,0,0]},"2.3333":{"lerp_mode":"catmullrom","post":[0,0,337.5]},"2.5":{"lerp_mode":"catmullrom","post":[0,0,0]},"2.7083":{"lerp_mode":"catmullrom","post":[0,0,0]},"2.7917":{"lerp_mode":"catmullrom","post":[0,0,0]},"3.0":{"lerp_mode":"catmullrom","post":[0,0,0]},"3.3333":{"lerp_mode":"catmullrom","post":[0,0,-367.5]}},"scale":{"0.0":{"lerp_mode":"catmullrom","post":[1,0,1]},"0.2083":{"lerp_mode":"catmullrom","post":[1,0,1]},"0.2917":{"lerp_mode":"catmullrom","post":[1,0,1]},"0.5":{"lerp_mode":"catmullrom","post":[1,1,1]},"0.8333":{"lerp_mode":"catmullrom","post":[1,0,1]},"0.9583":{"lerp_mode":"catmullrom","post":[1,0,1]},"1.125":{"lerp_mode":"catmullrom","post":[1,0,1]},"1.25":{"lerp_mode":"catmullrom","post":[1,0,1]},"1.5833":{"lerp_mode":"catmullrom","post":[1,0,1]},"2.0":{"lerp_mode":"catmullrom","post":[1,1,1]},"2.3333":{"lerp_mode":"catmullrom","post":[1,0,1]},"2.5":{"lerp_mode":"catmullrom","post":[1,0,1]},"2.7083":{"lerp_mode":"catmullrom","post":[1,0,1]},"2.7917":{"lerp_mode":"catmullrom","post":[1,0,1]},"3.0":{"lerp_mode":"catmullrom","post":[1,1,1]},"3.3333":{"lerp_mode":"catmullrom","post":[1,0,1]}}},"sparkle2":{"position":{"0.0":{"lerp_mode":"catmullrom","post":[0,0,0]},"0.3333":{"lerp_mode":"catmullrom","post":[6.85,-15.775,0]},"0.8333":{"lerp_mode":"catmullrom","post":[6.85,-15.775,0]},"1.125":{"lerp_mode":"catmullrom","post":[-0.15,-5.775,-3]},"1.4583":{"lerp_mode":"catmullrom","post":[0,0,0]},"1.875":{"lerp_mode":"catmullrom","post":[-16.99,2.29,0.15]},"2.1667":{"lerp_mode":"catmullrom","post":[6.85,-15.775,0]},"2.6667":{"lerp_mode":"catmullrom","post":[6.85,-15.775,0]},"2.9583":{"lerp_mode":"catmullrom","post":[-0.15,-5.775,-3]},"3.5":{"lerp_mode":"catmullrom","post":[0,0,0]},"3.6667":{"lerp_mode":"catmullrom","post":[0,0,0]},"3.9583":{"lerp_mode":"catmullrom","post":[0,0,0]}},"rotation":{"0.0":{"lerp_mode":"catmullrom","post":[0,0,0]},"0.3333":{"lerp_mode":"catmullrom","post":[0,0,225]},"0.8333":{"lerp_mode":"catmullrom","post":[0,0,225]},"1.125":{"lerp_mode":"catmullrom","post":[0,0,225]},"1.4583":{"lerp_mode":"catmullrom","post":[0,0,0]},"1.7917":{"lerp_mode":"catmullrom","post":[0,0,-203.76667]},"2.1667":{"lerp_mode":"catmullrom","post":[0,0,225]},"2.6667":{"lerp_mode":"catmullrom","post":[0,0,225]},"2.9583":{"lerp_mode":"catmullrom","post":[0,0,225]},"3.4167":{"lerp_mode":"catmullrom","post":[0,0,-203.76667]},"3.5833":{"lerp_mode":"catmullrom","post":[0,0,-203.76667]},"3.9583":{"lerp_mode":"catmullrom","post":[0,0,0]}},"scale":{"0.0":{"lerp_mode":"catmullrom","post":[1,1,1]},"0.375":{"lerp_mode":"catmullrom","post":[0,0,1]},"0.875":{"lerp_mode":"catmullrom","post":[0,0,1]},"1.125":{"lerp_mode":"catmullrom","post":[0,0,1]},"1.4583":{"lerp_mode":"catmullrom","post":[1,1,1]},"1.7917":{"lerp_mode":"catmullrom","post":[0,0,1]},"2.2083":{"lerp_mode":"catmullrom","post":[0,0,1]},"2.7083":{"lerp_mode":"catmullrom","post":[0,0,1]},"2.9583":{"lerp_mode":"catmullrom","post":[0,0,1]},"3.4167":{"lerp_mode":"catmullrom","post":[0,0,0]},"3.5833":{"lerp_mode":"catmullrom","post":[0,0,0]},"3.9583":{"lerp_mode":"catmullrom","post":[1,1,1]}}},"sparkle3":{"position":{"0.625":{"lerp_mode":"catmullrom","post":[0,0,0]},"0.7917":{"lerp_mode":"catmullrom","post":[0,0,0]},"1.1667":{"lerp_mode":"catmullrom","post":[0,0,0]},"1.4167":{"lerp_mode":"catmullrom","post":[0,0,0]}},"rotation":{"0.625":{"lerp_mode":"catmullrom","post":[0,0,0]},"0.7917":{"lerp_mode":"catmullrom","post":[0,0,0]},"1.0417":{"lerp_mode":"catmullrom","post":[0,0,0]},"1.1667":{"lerp_mode":"catmullrom","post":[0,0,-25]},"1.4167":{"lerp_mode":"catmullrom","post":[0,0,0]}},"scale":{"0.625":{"lerp_mode":"catmullrom","post":[0,0,1]},"0.7917":{"lerp_mode":"catmullrom","post":[0,0,1]},"1.0417":{"lerp_mode":"catmullrom","post":[1,1,1]},"1.4167":{"lerp_mode":"catmullrom","post":[0,0,1]}}},"thumb":{"rotation":{"0.0":{"lerp_mode":"catmullrom","post":[15,-37.5,0]},"0.2917":{"lerp_mode":"catmullrom","post":[12.51359,18.61581,13.31691]},"0.4167":{"lerp_mode":"catmullrom","post":[13.49394,28.36097,15.76742]},"0.9167":{"lerp_mode":"catmullrom","post":[20.54797,-54.19601,-7.64511]},"1.5":{"lerp_mode":"catmullrom","post":[12.20302,13.73151,12.20302]},"1.8333":{"lerp_mode":"catmullrom","post":[12.93785,23.49317,14.49677]},"2.3333":{"lerp_mode":"catmullrom","post":[20.11307,-21.3634,-1.55142]},"3.375":{"lerp_mode":"catmullrom","post":[15,-37.5,0]}}},"thumb2":{"rotation":{"0.0":[67.5,0,0],"0.875":[50,0,0],"1.75":[-25,0,0],"2.2917":[57.30864,4.21541,57.40093],"2.9583":[67.5,0,0]}}},"loop":true}},"format_version":"1.8.0"}