{"animations":{"animation.toucan.fly":{"animation_length":0.83333,"bones":{"Toucan":{"position":{"0.0":{"lerp_mode":"catmullrom","post":[0,2,0]}},"rotation":{"0.0":{"lerp_mode":"catmullrom","post":[20,0,0]}}},"body":{"position":{"0.0":{"lerp_mode":"catmullrom","post":[0,3,0]},"0.375":{"lerp_mode":"catmullrom","post":[0,2.375,0]},"0.8333":{"lerp_mode":"catmullrom","post":[0,3,0]}},"rotation":{"0.0":{"lerp_mode":"catmullrom","post":[22.5,0,0]},"0.4167":{"lerp_mode":"catmullrom","post":[25.5,0,0]},"0.8333":{"lerp_mode":"catmullrom","post":[22.5,0,0]}}},"feather1":{"position":{"0.0":{"lerp_mode":"catmullrom","post":[0,0.15,0.925]},"0.2917":{"lerp_mode":"catmullrom","post":[0,-0.575,-0.545]},"0.375":{"lerp_mode":"catmullrom","post":[0,-1.215,-0.845]},"0.8333":{"lerp_mode":"catmullrom","post":[0,0.15,0.925]}},"rotation":{"0.0":{"lerp_mode":"catmullrom","post":[-9.0896,42.0467,"- 134.3207"]},"0.25":{"lerp_mode":"catmullrom","post":[-19.7807,-14.876,-28.2026]},"0.375":{"lerp_mode":"catmullrom","post":[-67.71947,-1.24663,7.11194]},"0.8333":{"lerp_mode":"catmullrom","post":[-9.0896,42.0467,"- 134.3207"]}}},"feather2":{"position":{"0.0":{"lerp_mode":"catmullrom","post":[0,0.15,0.925]},"0.2917":{"lerp_mode":"catmullrom","post":[0,-0.575,-0.545]},"0.375":{"lerp_mode":"catmullrom","post":[0,-0.54,-1.245]},"0.8333":{"lerp_mode":"catmullrom","post":[0,0.15,0.925]}},"rotation":{"0.0":{"lerp_mode":"catmullrom","post":[9.0896,-42.04669,134.3207]},"0.25":{"lerp_mode":"catmullrom","post":[-15.21929,14.87604,28.20256]},"0.375":{"lerp_mode":"catmullrom","post":[-67.71947,-1.24663,7.11194]},"0.8333":{"lerp_mode":"catmullrom","post":[9.0896,-42.04669,134.3207]}}},"feet1":{"position":{"0.0":{"lerp_mode":"catmullrom","post":[0,0,-0.275]},"0.4167":{"lerp_mode":"catmullrom","post":[0,0,0.12]},"0.8333":{"lerp_mode":"catmullrom","post":[0,0,-0.275]}},"rotation":{"0.0":{"lerp_mode":"catmullrom","post":[30,0,0]},"0.375":{"lerp_mode":"catmullrom","post":[47.5,0,0]},"0.8333":{"lerp_mode":"catmullrom","post":[30,0,0]}}},"feet2":{"position":{"0.0":{"lerp_mode":"catmullrom","post":[0,0,-0.275]},"0.4167":{"lerp_mode":"catmullrom","post":[0,0,0.12]},"0.8333":{"lerp_mode":"catmullrom","post":[0,0,-0.275]}},"rotation":{"0.0":{"lerp_mode":"catmullrom","post":[30,0,0]},"0.375":{"lerp_mode":"catmullrom","post":[47.5,0,0]},"0.8333":{"lerp_mode":"catmullrom","post":[30,0,0]}}},"head":{"position":{"0.0":{"lerp_mode":"catmullrom","post":[0,-1.385,-1.69]},"0.4167":{"lerp_mode":"catmullrom","post":[0,-1.25,-1.45]},"0.5833":{"lerp_mode":"catmullrom","post":[0,-1.615,-2.16]},"0.7083":{"lerp_mode":"catmullrom","post":[0,-1.385,-2.14]},"0.8333":{"lerp_mode":"catmullrom","post":[0,-1.385,-1.69]}},"rotation":{"0.0":{"lerp_mode":"catmullrom","post":[-35,0,0]},"0.375":{"lerp_mode":"catmullrom","post":[-25,0,0]},"0.8333":{"lerp_mode":"catmullrom","post":[-35,0,0]}}},"tail":{"rotation":{"0.0":{"lerp_mode":"catmullrom","post":[30,0,0]},"0.4167":{"lerp_mode":"catmullrom","post":[70,0,0]},"0.8333":{"lerp_mode":"catmullrom","post":[30,0,0]}}}},"loop":true}},"format_version":"1.8.0"}