{"animations":{"animation.mascot.flip2":{"animation_length":8,"bones":{"body":{"rotation":{"0.0":{"lerp_mode":"catmullrom","post":[0,0,0]},"1.0":{"lerp_mode":"catmullrom","post":[0,0,20]},"3.0":{"lerp_mode":"catmullrom","post":[0,0,20]},"4.0":{"lerp_mode":"catmullrom","post":[0,0,0]},"5.0":{"lerp_mode":"catmullrom","post":[0,0,0]},"5.5":{"lerp_mode":"catmullrom","post":[15,0,0]},"6.0":{"lerp_mode":"catmullrom","post":[-20,0,0]},"6.5833":{"lerp_mode":"catmullrom","post":[-20,0,0]},"6.9167":{"lerp_mode":"catmullrom","post":[2.5,0,0]},"7.125":{"lerp_mode":"catmullrom","post":[0,0,0]}}},"body2":{"rotation":{"0.0":{"lerp_mode":"catmullrom","post":[0,0,0]},"1.0":{"lerp_mode":"catmullrom","post":[0,0,27.5]},"3.0":{"lerp_mode":"catmullrom","post":[0,0,27.5]},"4.0":{"lerp_mode":"catmullrom","post":[0,0,0]},"5.0":{"lerp_mode":"catmullrom","post":[0,0,0]},"5.5":{"lerp_mode":"catmullrom","post":[15,0,0]},"6.0":{"lerp_mode":"catmullrom","post":[-20,0,0]},"6.5833":{"lerp_mode":"catmullrom","post":[-20,0,0]},"6.9167":{"lerp_mode":"catmullrom","post":[2.5,0,0]},"7.125":{"lerp_mode":"catmullrom","post":[0,0,0]}}},"head":{"rotation":{"5.0":{"lerp_mode":"catmullrom","post":[0,0,0]},"5.4167":{"lerp_mode":"catmullrom","post":[15,15,0]},"6.0":{"lerp_mode":"catmullrom","post":[7.5,15,0]},"6.2917":{"lerp_mode":"catmullrom","post":[-27.5,15,0]},"6.9167":{"lerp_mode":"catmullrom","post":[7.5,15,0]},"7.125":{"lerp_mode":"catmullrom","post":[0,0,0]}}},"rightarm":{"position":{"0.0":{"lerp_mode":"catmullrom","post":[0,0,0]},"1.0":{"lerp_mode":"catmullrom","post":[0,0.92388,0.38268]},"3.0":{"lerp_mode":"catmullrom","post":[0,0.92388,0.38268]},"4.0":{"lerp_mode":"catmullrom","post":[0,0,0]}},"rotation":{"0.0":{"lerp_mode":"catmullrom","post":[0,0,0]},"1.0":{"lerp_mode":"catmullrom","post":[-167.5,0,-122.5]},"3.0":{"lerp_mode":"catmullrom","post":[-167.5,0,-122.5]},"4.0":{"lerp_mode":"catmullrom","post":[0,0,0]},"5.0":{"lerp_mode":"catmullrom","post":[0,0,0]},"5.5":{"lerp_mode":"catmullrom","post":[-40,0,0]},"6.0":{"lerp_mode":"catmullrom","post":[-97.5,0,0]},"6.2917":{"lerp_mode":"catmullrom","post":[-79,0,0]},"6.5833":{"lerp_mode":"catmullrom","post":[-65,0,0]},"6.9167":{"lerp_mode":"catmullrom","post":[-32.5,0,0]},"7.125":{"lerp_mode":"catmullrom","post":[0,0,0]}}},"rightarm2":{"rotation":{"0.0":{"lerp_mode":"catmullrom","post":[0,0,0]},"1.0":{"lerp_mode":"catmullrom","post":[45,0,0]},"3.0":{"lerp_mode":"catmullrom","post":[45,0,0]},"4.0":{"lerp_mode":"catmullrom","post":[0,0,0]}}},"rightleg":{"rotation":{"0.0":{"lerp_mode":"catmullrom","post":[0,0,0]},"1.0":{"lerp_mode":"catmullrom","post":[0,0,45]},"3.0":{"lerp_mode":"catmullrom","post":[0,0,45]},"4.0":{"lerp_mode":"catmullrom","post":[0,0,0]}}},"sign":{"position":{"0.0":{"lerp_mode":"catmullrom","post":[0,0,0]},"1.0":{"lerp_mode":"catmullrom","post":[1.13442,-0.5709,0.62222]},"4.0":{"lerp_mode":"catmullrom","post":[0,0,0]},"5.0":{"lerp_mode":"catmullrom","post":[0,0,0]},"5.9583":{"lerp_mode":"catmullrom","post":[0.16316,-0.57249,1.90936]},"6.125":{"lerp_mode":"catmullrom","post":[-8.88682,-23.7017,1.12783]},"6.375":{"lerp_mode":"catmullrom","post":[-24.09825,-52.3829,-20.43708]},"6.8333":{"lerp_mode":"catmullrom","post":[1.67475,0.94739,-0.47162]}},"rotation":{"0.0":{"lerp_mode":"catmullrom","post":[0,0,0]},"1.0":{"lerp_mode":"catmullrom","post":[42.5,0,-40]},"3.0":{"lerp_mode":"catmullrom","post":[42.5,"360*4",-40]},"4.0":{"lerp_mode":"catmullrom","post":[0,"360*4",0]},"5.0":{"lerp_mode":"catmullrom","post":[0,1440,0]},"5.9583":{"lerp_mode":"catmullrom","post":[85,1440,0]},"6.5417":{"lerp_mode":"catmullrom","post":[207.42,1470.09,-17.07]},"7.125":{"lerp_mode":"catmullrom","post":[172.57094,1471.77203,-25.70094]}}}},"loop":true,"override_previous_animation":true}},"format_version":"1.8.0"}