{"animations":{"animation.volcano.loop":{"animation_length":14.4,"bones":{"Eye":{"position":{"0.0":{"lerp_mode":"catmullrom","post":[0,0,0]},"0.92":{"lerp_mode":"catmullrom","post":[0,-0.5,0]},"1.44":{"lerp_mode":"catmullrom","post":[0.25,-0.75,0]},"1.8":{"lerp_mode":"catmullrom","post":[0,0,0]},"12.36":{"lerp_mode":"catmullrom","post":[0.05,-0.38,0]},"14.28":{"lerp_mode":"catmullrom","post":[0,0,0]},"2.92":{"lerp_mode":"catmullrom","post":[0,-0.5,0]},"3.44":{"lerp_mode":"catmullrom","post":[0.25,-0.75,0]},"3.8":{"lerp_mode":"catmullrom","post":[0,0,0]},"4.68":{"lerp_mode":"catmullrom","post":[0,-0.5,0]},"5.2":{"lerp_mode":"catmullrom","post":[0.25,-0.75,0]}},"rotation":{"0.0":{"lerp_mode":"catmullrom","post":[0,0,0]},"1.8":{"lerp_mode":"catmullrom","post":[0,0,0]},"14.28":{"lerp_mode":"catmullrom","post":[0,0,0]},"3.8":{"lerp_mode":"catmullrom","post":[0,0,0]}}},"Eye2":{"position":{"0.0":{"lerp_mode":"catmullrom","post":[0,0,0]},"0.92":{"lerp_mode":"catmullrom","post":[0,-0.5,0]},"1.44":{"lerp_mode":"catmullrom","post":[-0.25,-0.5,0]},"1.8":{"lerp_mode":"catmullrom","post":[0,0,0]},"10.76":{"lerp_mode":"catmullrom","post":[0,-0.49,0]},"14.28":{"lerp_mode":"catmullrom","post":[0,0,0]},"2.92":{"lerp_mode":"catmullrom","post":[0,-0.5,0]},"3.44":{"lerp_mode":"catmullrom","post":[-0.25,-0.5,0]},"3.8":{"lerp_mode":"catmullrom","post":[0,0,0]},"4.68":{"lerp_mode":"catmullrom","post":[0,-0.5,0]},"5.2":{"lerp_mode":"catmullrom","post":[-0.25,-0.5,0]},"5.56":{"lerp_mode":"catmullrom","post":[0,0,0]},"6.4":{"lerp_mode":"catmullrom","post":[0,-0.5,0]}},"rotation":{"0.0":{"lerp_mode":"catmullrom","post":[0,0,0]},"1.8":{"lerp_mode":"catmullrom","post":[0,0,0]},"14.28":{"lerp_mode":"catmullrom","post":[0,0,0]},"3.8":{"lerp_mode":"catmullrom","post":[0,0,0]},"5.56":{"lerp_mode":"catmullrom","post":[0,0,0]}}},"V_Body":{"position":{"3.52":[0,0,0],"4.0":["Math.sin((query.life_time)*600)*0.1",0,"Math.cos((query.life_time)*600)*0.1"],"4.88":[0,0,0],"6.88":[0,0,0],"8.68":["Math.sin((query.life_time)*800)*0.3",0,"Math.cos((query.life_time)*800)*0.3"],"9.4":[0,0,0]}},"body":{"position":{"0.0":{"lerp_mode":"catmullrom","post":[0,0,0]},"1.0":{"lerp_mode":"catmullrom","post":[0,0.5,0]},"1.52":{"lerp_mode":"catmullrom","post":[0,-0.5,0]},"14.2":{"lerp_mode":"catmullrom","post":[0,0,0]},"2.0":{"lerp_mode":"catmullrom","post":[0,0,0]},"3.04":{"lerp_mode":"catmullrom","post":[0,0.5,0]},"3.48":{"lerp_mode":"catmullrom","post":[0,-0.5,0]},"3.88":{"lerp_mode":"catmullrom","post":[0,0,0]},"4.72":{"lerp_mode":"catmullrom","post":[0,0.5,0]},"5.16":{"lerp_mode":"catmullrom","post":[0,-0.5,0]},"5.56":{"lerp_mode":"catmullrom","post":[0,0,0]},"5.96":{"lerp_mode":"catmullrom","post":[0,0,0]},"6.64":{"lerp_mode":"catmullrom","post":[0,-0.5,0]},"7.32":{"lerp_mode":"catmullrom","post":[0,0.5,0]},"7.96":{"lerp_mode":"catmullrom","post":[0,-0.5,0]},"8.84":{"lerp_mode":"catmullrom","post":[0,0.5,0]},"9.52":{"lerp_mode":"catmullrom","post":[0,-0.5,0]}},"rotation":{"0.0":{"lerp_mode":"catmullrom","post":[0,-10,0]},"0.48":{"lerp_mode":"catmullrom","post":[-7.5,12.5,0]},"1.0":{"lerp_mode":"catmullrom","post":[-12.5,25,0]},"1.52":{"lerp_mode":"catmullrom","post":[5,-32.5,0]},"14.2":{"lerp_mode":"catmullrom","post":[0,-10,0]},"2.0":{"lerp_mode":"catmullrom","post":[0,-10,0]},"2.52":{"lerp_mode":"catmullrom","post":[-7.5,12.5,0]},"3.04":{"lerp_mode":"catmullrom","post":[-12.5,25,0]},"3.48":{"lerp_mode":"catmullrom","post":[5,-32.5,0]},"3.88":{"lerp_mode":"catmullrom","post":[0,-10,0]},"4.28":{"lerp_mode":"catmullrom","post":[-7.5,12.5,0]},"4.72":{"lerp_mode":"catmullrom","post":[-12.5,25,0]},"5.16":{"lerp_mode":"catmullrom","post":[5,-32.5,0]},"5.56":{"lerp_mode":"catmullrom","post":[0,-10,0]},"5.96":{"lerp_mode":"catmullrom","post":[0,-10,0]}}},"body2":{"rotation":{"10.6":{"lerp_mode":"catmullrom","post":[-35,0,0]},"11.16":{"lerp_mode":"catmullrom","post":[-27.5,0,0]},"11.72":{"lerp_mode":"catmullrom","post":[25,0,0]},"12.44":{"lerp_mode":"catmullrom","post":[0,0,0]},"5.6":{"lerp_mode":"catmullrom","post":[0,0,0]},"6.24":{"lerp_mode":"catmullrom","post":[-17.5,0,0]},"6.8":{"lerp_mode":"catmullrom","post":[-30,0,0]},"9.56":{"lerp_mode":"catmullrom","post":[-30,0,0]}}},"bottom":{"position":{"3.84":[0,0,0],"4.32":["Math.sin((query.life_time)*600)*0.1",0,"Math.cos((query.life_time)*600)*0.1"],"5.2":[0,0,0],"7.4":[0,0,0],"9.08":["Math.sin((query.life_time)*800)*0.4",0,"Math.cos((query.life_time)*800)*0.4"],"9.8":[0,0,0]}},"eyebro1":{"position":{"0.0":{"lerp_mode":"catmullrom","post":[0,0,0]},"0.92":{"lerp_mode":"catmullrom","post":[0,0.5,0]},"1.44":{"lerp_mode":"catmullrom","post":[0,-0.5,0]},"1.8":{"lerp_mode":"catmullrom","post":[0,0,0]},"10.2":{"lerp_mode":"catmullrom","post":[0,0.25,0]},"11.72":{"lerp_mode":"catmullrom","post":[-0.5,-0.35,0]},"13.44":{"lerp_mode":"catmullrom","post":[-0.5,0.05,0]},"14.28":{"lerp_mode":"catmullrom","post":[0,0,0]},"2.92":{"lerp_mode":"catmullrom","post":[0,0.5,0]},"3.44":{"lerp_mode":"catmullrom","post":[0,-0.5,0]},"3.8":{"lerp_mode":"catmullrom","post":[0,0,0]},"4.68":{"lerp_mode":"catmullrom","post":[0,0.5,0]},"5.2":{"lerp_mode":"catmullrom","post":[0,-0.5,0]},"6.2":{"lerp_mode":"catmullrom","post":[0,0,0]},"7.52":{"lerp_mode":"catmullrom","post":[-0.5,0.5,0]},"8.04":{"lerp_mode":"catmullrom","post":[-0.5,-0.5,0]},"8.96":{"lerp_mode":"catmullrom","post":[-0.5,0.5,0]}},"rotation":{"0.0":{"lerp_mode":"catmullrom","post":[0,0,0]},"1.44":{"lerp_mode":"catmullrom","post":[0,0,27.5]},"1.8":{"lerp_mode":"catmullrom","post":[0,0,0]},"10.2":{"lerp_mode":"catmullrom","post":[0,0,-32.5]},"11.72":{"lerp_mode":"catmullrom","post":[0,0,-47.64]},"13.4":{"lerp_mode":"catmullrom","post":[0,0,-47.64]},"14.28":{"lerp_mode":"catmullrom","post":[0,0,0]},"3.44":{"lerp_mode":"catmullrom","post":[0,0,27.5]},"3.8":{"lerp_mode":"catmullrom","post":[0,0,0]},"5.2":{"lerp_mode":"catmullrom","post":[0,0,27.5]},"5.76":{"lerp_mode":"catmullrom","post":[0,0,-15]},"7.48":{"lerp_mode":"catmullrom","post":[0,0,-13.77]},"8.96":{"lerp_mode":"catmullrom","post":[0,0,-15]}}},"eyebro2":{"position":{"0.0":{"lerp_mode":"catmullrom","post":[0,0,0]},"0.92":{"lerp_mode":"catmullrom","post":[0,0.5,0]},"1.44":{"lerp_mode":"catmullrom","post":[0,-0.5,0]},"1.8":{"lerp_mode":"catmullrom","post":[0,0,0]},"10.2":{"lerp_mode":"catmullrom","post":[0.5,-0.75,0]},"11.72":{"lerp_mode":"catmullrom","post":[0.5,-0.58,0]},"13.36":{"lerp_mode":"catmullrom","post":[0.6,-0.36,0]},"14.28":{"lerp_mode":"catmullrom","post":[0,0,0]},"2.92":{"lerp_mode":"catmullrom","post":[0,0.5,0]},"3.44":{"lerp_mode":"catmullrom","post":[0,-0.5,0]},"3.8":{"lerp_mode":"catmullrom","post":[0,0,0]},"4.68":{"lerp_mode":"catmullrom","post":[0,0.5,0]},"5.2":{"lerp_mode":"catmullrom","post":[0,-0.5,0]},"6.2":{"lerp_mode":"catmullrom","post":[0,0,0]},"7.52":{"lerp_mode":"catmullrom","post":[0.5,0.5,0]},"8.08":{"lerp_mode":"catmullrom","post":[0.5,-0.5,0]},"9.0":{"lerp_mode":"catmullrom","post":[0.5,0.5,0]}},"rotation":{"0.0":{"lerp_mode":"catmullrom","post":[0,0,0]},"1.44":{"lerp_mode":"catmullrom","post":[0,0,-17.5]},"1.8":{"lerp_mode":"catmullrom","post":[0,0,0]},"11.72":{"lerp_mode":"catmullrom","post":[0,0,52.81]},"13.4":{"lerp_mode":"catmullrom","post":[0,0,52.81]},"14.28":{"lerp_mode":"catmullrom","post":[0,0,0]},"3.44":{"lerp_mode":"catmullrom","post":[0,0,-17.5]},"3.8":{"lerp_mode":"catmullrom","post":[0,0,0]},"5.2":{"lerp_mode":"catmullrom","post":[0,0,-17.5]},"5.76":{"lerp_mode":"catmullrom","post":[0,0,25]},"7.48":{"lerp_mode":"catmullrom","post":[0,0,19.92]}}},"head":{"position":{"0.0":{"lerp_mode":"catmullrom","post":[0,0,0]},"14.28":{"lerp_mode":"catmullrom","post":[0,0,0]},"5.88":{"lerp_mode":"catmullrom","post":[0,0,0]}},"rotation":{"0.0":{"lerp_mode":"catmullrom","post":[0,0,0]},"0.56":{"lerp_mode":"catmullrom","post":[-3.88,-22.99,0]},"1.0":{"lerp_mode":"catmullrom","post":[7.5,-32.5,0]},"1.4":{"lerp_mode":"catmullrom","post":[17.5,15,0]},"1.8":{"lerp_mode":"catmullrom","post":[-1.69,21.63,0]},"10.6":{"lerp_mode":"catmullrom","post":[-12.5,17.5,0]},"11.16":{"lerp_mode":"catmullrom","post":[-10,17.5,0]},"11.56":{"lerp_mode":"catmullrom","post":[-9.01,0.98,0]},"14.28":{"lerp_mode":"catmullrom","post":[0,0,0]},"2.24":{"lerp_mode":"catmullrom","post":[-20.53,-2.26,0]},"2.76":{"lerp_mode":"catmullrom","post":[12.5,-30,0]},"3.08":{"lerp_mode":"catmullrom","post":[18.32,-37.3,0]},"3.32":{"lerp_mode":"catmullrom","post":[17.5,5,0]},"3.48":{"lerp_mode":"catmullrom","post":[14.38,28.18,0]},"3.92":{"lerp_mode":"catmullrom","post":[-11.33,-9.93,0]},"4.52":{"lerp_mode":"catmullrom","post":[12.5,-32.5,0]},"4.88":{"lerp_mode":"catmullrom","post":[17.88,-23.9,0]},"5.12":{"lerp_mode":"catmullrom","post":[18.5,16.19,0]},"5.88":{"lerp_mode":"catmullrom","post":[0,0,0]},"9.56":{"lerp_mode":"catmullrom","post":[0,17.5,0]}}},"leftarm":{"position":{"0.0":{"lerp_mode":"catmullrom","post":[0,0,0]},"14.36":{"lerp_mode":"catmullrom","post":[0,0,0]},"6.68":{"lerp_mode":"catmullrom","post":[0,0,0]}},"rotation":{"0.0":{"lerp_mode":"catmullrom","post":[0,0,0]},"0.92":{"lerp_mode":"catmullrom","post":[-12.5,-47.5,-67.5]},"1.48":{"lerp_mode":"catmullrom","post":[45,-5,-10]},"14.36":{"lerp_mode":"catmullrom","post":[0,0,0]},"2.0":{"lerp_mode":"catmullrom","post":[55,-5,-10]},"2.92":{"lerp_mode":"catmullrom","post":[-12.5,-47.5,-67.5]},"3.48":{"lerp_mode":"catmullrom","post":[45,-5,-10]},"4.0":{"lerp_mode":"catmullrom","post":[55,-5,-10]},"4.6":{"lerp_mode":"catmullrom","post":[-12.5,-47.5,-67.5]},"5.16":{"lerp_mode":"catmullrom","post":[45,-5,-10]},"5.68":{"lerp_mode":"catmullrom","post":[55,-5,-10]},"6.0":{"lerp_mode":"catmullrom","post":[0,0,0]},"6.68":{"lerp_mode":"catmullrom","post":[0,0,0]},"7.4":{"lerp_mode":"catmullrom","post":[0,-72.5,-37.5]},"8.08":{"lerp_mode":"catmullrom","post":[0,-47.5,7.5]},"8.88":{"lerp_mode":"catmullrom","post":[-25,-55,-80]},"9.64":{"lerp_mode":"catmullrom","post":[0,-47.5,7.5]}},"scale":1},"leftarm2":{"position":{"0.0":{"lerp_mode":"catmullrom","post":[0,0,0]},"14.08":{"lerp_mode":"catmullrom","post":[0,0,0]}},"rotation":{"0.0":{"lerp_mode":"catmullrom","post":[0,0,0]},"0.92":{"lerp_mode":"catmullrom","post":[15,20,0]},"1.2":{"lerp_mode":"catmullrom","post":[-71.25,6.25,0]},"1.48":{"lerp_mode":"catmullrom","post":[-27.5,-10,0]},"14.08":{"lerp_mode":"catmullrom","post":[0,0,0]},"2.0":{"lerp_mode":"catmullrom","post":[-12.5,-10,0]},"2.92":{"lerp_mode":"catmullrom","post":[15,20,0]},"3.2":{"lerp_mode":"catmullrom","post":[-71.25,6.25,0]},"3.48":{"lerp_mode":"catmullrom","post":[-27.5,-10,0]},"4.0":{"lerp_mode":"catmullrom","post":[-12.5,-10,0]},"4.6":{"lerp_mode":"catmullrom","post":[15,20,0]},"4.88":{"lerp_mode":"catmullrom","post":[-71.25,6.25,0]},"5.16":{"lerp_mode":"catmullrom","post":[-27.5,-10,0]},"5.68":{"lerp_mode":"catmullrom","post":[-12.5,-10,0]},"6.0":{"lerp_mode":"catmullrom","post":[0,0,0]},"6.68":{"lerp_mode":"catmullrom","post":[-62.5,0,0]},"7.52":{"lerp_mode":"catmullrom","post":[-17.5,0,0]},"8.2":{"lerp_mode":"catmullrom","post":[-82.5,0,0]},"9.04":{"lerp_mode":"catmullrom","post":[7.5,0,0]}}},"leftleg5":{"position":{"0.0":{"lerp_mode":"catmullrom","post":[0,0,0]},"0.92":{"lerp_mode":"catmullrom","post":[0,0,0.5]},"1.52":{"lerp_mode":"catmullrom","post":[0,0,-0.5]},"14.2":{"lerp_mode":"catmullrom","post":[0,0,0]},"2.0":{"lerp_mode":"catmullrom","post":[0,0,0]},"2.92":{"lerp_mode":"catmullrom","post":[0,0,0.5]},"3.52":{"lerp_mode":"catmullrom","post":[0,0,-0.5]},"3.88":{"lerp_mode":"catmullrom","post":[0,0,0]},"4.6":{"lerp_mode":"catmullrom","post":[0,0,0.5]},"5.2":{"lerp_mode":"catmullrom","post":[0,0,-0.5]},"5.56":{"lerp_mode":"catmullrom","post":[0,0,0]},"6.64":{"lerp_mode":"catmullrom","post":[0,0,0]},"7.2":{"lerp_mode":"catmullrom","post":[0,0,0.5]},"7.88":{"lerp_mode":"catmullrom","post":[0,0,0]},"8.8":{"lerp_mode":"catmullrom","post":[0,0,0.5]},"9.48":{"lerp_mode":"catmullrom","post":[0,0,0]}},"rotation":{"0.0":{"lerp_mode":"catmullrom","post":[0,0,0]},"0.92":{"lerp_mode":"catmullrom","post":[-10,0,0]},"1.52":{"lerp_mode":"catmullrom","post":[12.5,0,0]},"14.2":{"lerp_mode":"catmullrom","post":[0,0,0]},"2.0":{"lerp_mode":"catmullrom","post":[0,0,0]},"2.92":{"lerp_mode":"catmullrom","post":[-10,0,0]},"3.52":{"lerp_mode":"catmullrom","post":[12.5,0,0]},"3.88":{"lerp_mode":"catmullrom","post":[0,0,0]},"4.6":{"lerp_mode":"catmullrom","post":[-10,0,0]},"5.2":{"lerp_mode":"catmullrom","post":[12.5,0,0]},"5.56":{"lerp_mode":"catmullrom","post":[0,0,0]},"6.64":{"lerp_mode":"catmullrom","post":[7.5,0,0]},"7.2":{"lerp_mode":"catmullrom","post":[-5,0,0]},"7.88":{"lerp_mode":"catmullrom","post":[7.5,0,0]},"8.8":{"lerp_mode":"catmullrom","post":[-5,0,0]},"9.48":{"lerp_mode":"catmullrom","post":[7.5,0,0]}}},"leftleg6":{"position":{"0.0":{"lerp_mode":"catmullrom","post":[0,0,0]},"14.2":{"lerp_mode":"catmullrom","post":[0,0,0]}},"rotation":{"0.0":{"lerp_mode":"catmullrom","post":[0,0,0]},"0.88":{"lerp_mode":"catmullrom","post":[30,-10,0]},"1.52":{"lerp_mode":"catmullrom","post":[-27.5,0,0]},"14.2":{"lerp_mode":"catmullrom","post":[0,0,0]},"2.0":{"lerp_mode":"catmullrom","post":[-5,0,0]},"2.92":{"lerp_mode":"catmullrom","post":[30,0,0]},"3.52":{"lerp_mode":"catmullrom","post":[-37.5,0,0]},"3.88":{"lerp_mode":"catmullrom","post":[-7.5,0,0]},"4.6":{"lerp_mode":"catmullrom","post":[27.5,10,0]},"5.04":{"lerp_mode":"catmullrom","post":[-18.22,5.92,0]},"5.52":{"lerp_mode":"catmullrom","post":[0,0,0]},"6.64":{"lerp_mode":"catmullrom","post":[-15,0,0]},"7.2":{"lerp_mode":"catmullrom","post":[2.5,0,0]},"7.88":{"lerp_mode":"catmullrom","post":[-20,0,0]},"8.8":{"lerp_mode":"catmullrom","post":[2.5,0,0]},"9.48":{"lerp_mode":"catmullrom","post":[-20,0,0]}}},"mid_bot":{"scale":{"7.0":[1,1,1],"8.24":[1.05,1.05,1.05],"8.64":[0.9,0.9,0.9],"9.6":[1,1,1]}},"mid_top":{"scale":{"7.36":[1,1,1],"8.6":[1.05,1.05,1.05],"9.0":[0.9,0.9,0.9],"9.96":[1,1,1]}},"mouth":{"position":{"0.0":{"lerp_mode":"catmullrom","post":[0,0,0]},"0.52":{"lerp_mode":"catmullrom","post":[-0.5,-0.5,0]},"0.92":{"lerp_mode":"catmullrom","post":[-1.5,0,0]},"1.44":{"lerp_mode":"catmullrom","post":[0,0,0]},"1.8":{"lerp_mode":"catmullrom","post":[0,0,0]},"10.16":{"lerp_mode":"catmullrom","post":[-0.94,-0.27,0]},"11.72":{"lerp_mode":"catmullrom","post":[-1.5,-0.16,0]},"14.28":{"lerp_mode":"catmullrom","post":[0,0,0]},"2.4":{"lerp_mode":"catmullrom","post":[-0.5,-0.5,0]},"2.92":{"lerp_mode":"catmullrom","post":[-1.5,0,0]},"3.44":{"lerp_mode":"catmullrom","post":[0,0,0]},"3.8":{"lerp_mode":"catmullrom","post":[0,0,0]},"4.24":{"lerp_mode":"catmullrom","post":[-0.5,-0.5,0]},"4.68":{"lerp_mode":"catmullrom","post":[-1.5,0,0]},"5.2":{"lerp_mode":"catmullrom","post":[0,0,0]},"5.56":{"lerp_mode":"catmullrom","post":[0,0,0]},"6.4":{"lerp_mode":"catmullrom","post":[0,-0.5,0]},"7.52":{"lerp_mode":"catmullrom","post":[0,-0.355,0]},"8.08":{"lerp_mode":"catmullrom","post":[0,-0.5,0]},"9.0":{"lerp_mode":"catmullrom","post":[0,-0.355,0]}},"rotation":{"0.0":{"lerp_mode":"catmullrom","post":[0,0,0]},"1.8":{"lerp_mode":"catmullrom","post":[0,0,0]},"14.28":{"lerp_mode":"catmullrom","post":[0,0,0]},"3.8":{"lerp_mode":"catmullrom","post":[0,0,0]},"5.56":{"lerp_mode":"catmullrom","post":[0,0,0]}},"scale":{"0.0":{"lerp_mode":"catmullrom","post":[1,1,1]},"0.92":{"lerp_mode":"catmullrom","post":[2.075,0.575,1]},"1.44":{"lerp_mode":"catmullrom","post":[1,1,1]},"1.8":{"lerp_mode":"catmullrom","post":[1,1,1]},"10.2":{"lerp_mode":"catmullrom","post":[1.8701,0.94,1]},"11.72":{"lerp_mode":"catmullrom","post":[2.9538,0.4705,1]},"14.28":{"lerp_mode":"catmullrom","post":[1,1,1]},"2.92":{"lerp_mode":"catmullrom","post":[2.075,0.575,1]},"3.44":{"lerp_mode":"catmullrom","post":[1,1,1]},"3.8":{"lerp_mode":"catmullrom","post":[1,1,1]},"4.68":{"lerp_mode":"catmullrom","post":[2.075,0.575,1]},"5.2":{"lerp_mode":"catmullrom","post":[1,1,1]},"5.56":{"lerp_mode":"catmullrom","post":[1,1,1]},"6.4":{"lerp_mode":"catmullrom","post":[2.4,1.6,1]},"8.08":{"lerp_mode":"catmullrom","post":[2.8,1.7,1]},"8.64":{"lerp_mode":"catmullrom","post":[2.8,1.7,1]},"9.36":{"lerp_mode":"catmullrom","post":[1.9689,0.9677,1]}}},"npc":{"position":[2,0,-5],"rotation":[0,-12.5,0]},"ob_bot":{"position":{"0.0":{"lerp_mode":"catmullrom","post":[0,0,0]}},"rotation":{"0.0":{"lerp_mode":"catmullrom","post":[0,0,0]},"1.36":{"lerp_mode":"catmullrom","post":[0,0,0]},"1.52":{"lerp_mode":"catmullrom","post":[-1.76749,-0.02727,-1.76749]},"3.32":{"lerp_mode":"catmullrom","post":[-1.77,-0.03,-1.77]},"3.44":{"lerp_mode":"catmullrom","post":[-3.5358,-0.11182,-3.53572]},"5.08":{"lerp_mode":"catmullrom","post":[-3.54,-0.11,-3.54]},"5.2":{"lerp_mode":"catmullrom","post":[-5.30244,-0.24628,-5.30243]},"5.84":{"lerp_mode":"catmullrom","post":[-5.30244,-0.24628,-5.30243]},"6.0":{"lerp_mode":"catmullrom","post":[0,0,0]}}},"ob_top":{"position":{"0.0":{"lerp_mode":"catmullrom","post":[0,0,0]}},"rotation":{"0.0":{"lerp_mode":"catmullrom","post":[0,0,0]},"1.36":{"lerp_mode":"catmullrom","post":[0,0,0]},"1.52":{"lerp_mode":"catmullrom","post":[1.76749,-0.02727,1.76749]},"3.32":{"lerp_mode":"catmullrom","post":[1.77,-0.03,1.77]},"3.44":{"lerp_mode":"catmullrom","post":[3.5358,-0.11182,3.53572]},"5.08":{"lerp_mode":"catmullrom","post":[3.54,-0.11,3.54]},"5.2":{"lerp_mode":"catmullrom","post":[5.30244,-0.24628,5.30243]},"5.84":{"lerp_mode":"catmullrom","post":[5.30244,-0.24628,5.30243]},"6.0":{"lerp_mode":"catmullrom","post":[0,0,0]}}},"obblock":{"position":{"10.6":{"lerp_mode":"catmullrom","post":[-7.61,73.7,29.65]},"11.6":{"lerp_mode":"catmullrom","post":[0,0,0]},"5.2":{"lerp_mode":"catmullrom","post":[0,0,0]},"5.88":{"lerp_mode":"catmullrom","post":[3.88,5.82,-2.85]},"6.52":{"lerp_mode":"catmullrom","post":[8.35,3.69,-6.13]},"6.96":{"lerp_mode":"catmullrom","post":[11.27,5.96,-8.27]},"7.24":{"lerp_mode":"catmullrom","post":[15,13,-11]},"9.2":{"lerp_mode":"catmullrom","post":[-25,36,43]}},"rotation":{"11.6":[0,0,0],"5.2":[0,0,0],"7.36":[0,720,0],"9.2":[90,720,270]},"scale":{"10.12":[1,1,1],"5.2":[1,1,1],"7.32":[0,0,0],"9.2":[0,0,0]}},"rightItem":{"position":{"0.0":[0,0,-1],"1.0":[-0.5,-0.5,-0.62],"2.12":[-0.5,-0.5,-0.62],"3.12":[-0.5,-0.5,-0.62],"3.76":[-0.5,-0.5,-0.62],"4.84":[-0.5,-0.5,-0.62],"5.08":[-0.5,-0.5,-0.62],"5.2":[-0.5,-0.5,-1.62],"5.76":[-0.5,-0.5,-0.62],"6.0":[0,0,-1],"6.68":[-1,0,-1]},"rotation":{"0.0":[-22.5,0,0],"1.0":[7.5,10,-10],"1.36":[17.5,10,5],"1.4":[10,10,5],"1.48":[0,10,5],"1.56":[-5,10,5],"1.68":[-10,10,5],"1.76":[-12.5,10,5],"1.84":[-13.06,10,1.67],"2.12":[7.5,10,-10],"3.12":[7.5,10,-10],"3.4":[0,10,-10],"3.44":[-7.5,10,-10],"3.48":[-10,10,-10],"3.56":[-15,10,-10],"3.76":[7.5,10,-10],"4.84":[7.5,10,-10],"5.08":[1.2323,5.94633,19.78952],"5.2":[-38.25481,6.70332,3.95911],"5.36":[-50,10,-10],"5.48":[-46.13187,6.78927,-14.7652],"5.76":[7.5,10,-10],"6.0":[-22.5,0,0],"6.68":[-22.5,2.5,0]}},"rightarm":{"position":{"0.0":{"lerp_mode":"catmullrom","post":[0,0,0]},"1.0":{"lerp_mode":"catmullrom","post":[0,0,0]},"11.72":{"lerp_mode":"catmullrom","post":[0,0,0]},"14.36":{"lerp_mode":"catmullrom","post":[0,0,0]},"2.92":{"lerp_mode":"catmullrom","post":[0,0,0]},"4.6":{"lerp_mode":"catmullrom","post":[0,0,0]},"5.88":{"lerp_mode":"catmullrom","post":[0,0,0]},"6.68":{"lerp_mode":"catmullrom","post":[0,0,0]}},"rotation":{"0.0":{"lerp_mode":"catmullrom","post":[0,0,0]},"1.0":{"lerp_mode":"catmullrom","post":[-2.5,145,12.5]},"1.4":{"lerp_mode":"catmullrom","post":[-60,17.5,-15]},"11.72":{"lerp_mode":"catmullrom","post":[0,31.58,-2.52]},"12.68":{"lerp_mode":"catmullrom","post":[-24.51,16.48,-2.44]},"13.6":{"lerp_mode":"catmullrom","post":[-24.51,16.48,-2.44]},"14.36":{"lerp_mode":"catmullrom","post":[0,0,0]},"2.24":{"lerp_mode":"catmullrom","post":[-36.42,42.29,-23.02]},"2.92":{"lerp_mode":"catmullrom","post":[-2.5,145,12.5]},"3.32":{"lerp_mode":"catmullrom","post":[-60,17.5,-15]},"4.6":{"lerp_mode":"catmullrom","post":[-2.5,145,12.5]},"5.0":{"lerp_mode":"catmullrom","post":[-60,17.5,-15]},"5.88":{"lerp_mode":"catmullrom","post":[0,0,0]},"6.68":{"lerp_mode":"catmullrom","post":[0,0,0]},"7.44":{"lerp_mode":"catmullrom","post":[0,62.5,40]},"8.12":{"lerp_mode":"catmullrom","post":[0,62.5,0]},"8.92":{"lerp_mode":"catmullrom","post":[0,62.5,40]},"9.68":{"lerp_mode":"catmullrom","post":[0,62.5,0]}}},"rightarm2":{"position":{"0.0":{"lerp_mode":"catmullrom","post":[0,0,0]},"1.0":{"lerp_mode":"catmullrom","post":[0,0,0]},"11.8":{"lerp_mode":"catmullrom","post":[0,0,0]},"14.4":{"lerp_mode":"catmullrom","post":[0,0,0]},"2.92":{"lerp_mode":"catmullrom","post":[0,0,0]},"4.6":{"lerp_mode":"catmullrom","post":[0,0,0]},"5.88":{"lerp_mode":"catmullrom","post":[0,0,0]}},"rotation":{"0.0":{"lerp_mode":"catmullrom","post":[0,0,0]},"1.0":{"lerp_mode":"catmullrom","post":[5,0,0]},"1.16":{"lerp_mode":"catmullrom","post":[-29.68,0.1,-61.83]},"1.28":{"lerp_mode":"catmullrom","post":[-28.24,-7.31,-58.74]},"1.4":{"lerp_mode":"catmullrom","post":[26.02,-6.12,-5.2]},"11.8":{"lerp_mode":"catmullrom","post":[-75,0,-25]},"12.76":{"lerp_mode":"catmullrom","post":[40,0,-17.5]},"13.68":{"lerp_mode":"catmullrom","post":[40,0,-17.5]},"14.4":{"lerp_mode":"catmullrom","post":[0,0,0]},"2.92":{"lerp_mode":"catmullrom","post":[5,0,0]},"3.08":{"lerp_mode":"catmullrom","post":[-29.68,0.1,-61.83]},"3.2":{"lerp_mode":"catmullrom","post":[-28.24,-7.31,-58.74]},"3.32":{"lerp_mode":"catmullrom","post":[26.02,-6.12,-5.2]},"4.6":{"lerp_mode":"catmullrom","post":[5,0,0]},"4.76":{"lerp_mode":"catmullrom","post":[-29.68,0.1,-61.83]},"4.88":{"lerp_mode":"catmullrom","post":[-28.24,-7.31,-58.74]},"5.0":{"lerp_mode":"catmullrom","post":[26.02,-6.12,-5.2]},"5.88":{"lerp_mode":"catmullrom","post":[0,0,0]},"6.68":{"lerp_mode":"catmullrom","post":[-52.5,0,0]},"7.56":{"lerp_mode":"catmullrom","post":[-15,0,-17.5]},"8.24":{"lerp_mode":"catmullrom","post":[-75,0,-25]},"9.04":{"lerp_mode":"catmullrom","post":[-15,0,-17.5]},"9.76":{"lerp_mode":"catmullrom","post":[-75,0,-25]}}},"rightarm3":{"rotation":{"14.24":[0,0,0],"6.0":[0,0,0],"6.68":[0,25,0],"7.44":[0,39.99,0],"8.12":[45,13.49,0],"8.92":[16.62,24.23,0]}},"rightleg":{"position":{"0.0":{"lerp_mode":"catmullrom","post":[0,0,0]},"14.2":{"lerp_mode":"catmullrom","post":[0,0,0]},"5.56":{"lerp_mode":"catmullrom","post":[0,0,0]}},"rotation":{"0.0":{"lerp_mode":"catmullrom","post":[0,0,0]},"1.08":{"lerp_mode":"catmullrom","post":[12.5,0,5]},"1.52":{"lerp_mode":"catmullrom","post":[-15,0,17.5]},"14.2":{"lerp_mode":"catmullrom","post":[0,0,0]},"3.04":{"lerp_mode":"catmullrom","post":[17.5,0,5]},"3.48":{"lerp_mode":"catmullrom","post":[-26.58,6,4.36]},"3.8":{"lerp_mode":"catmullrom","post":[-25,0,5]},"4.24":{"lerp_mode":"catmullrom","post":[-4.57,-1.61,5.32]},"4.72":{"lerp_mode":"catmullrom","post":[15,-2.5,7.5]},"5.16":{"lerp_mode":"catmullrom","post":[-2.9,-1.44,9.29]},"5.56":{"lerp_mode":"catmullrom","post":[0,0,0]},"6.64":{"lerp_mode":"catmullrom","post":[-15,12.5,0]},"7.2":{"lerp_mode":"catmullrom","post":[10,-2.5,0]},"7.88":{"lerp_mode":"catmullrom","post":[-10,-2.5,10]},"8.8":{"lerp_mode":"catmullrom","post":[7.5,-2.5,10]},"9.48":{"lerp_mode":"catmullrom","post":[-5,-2.5,10]}}},"rightleg2":{"position":{"0.32":{"lerp_mode":"catmullrom","post":[0,0,0]},"1.08":{"lerp_mode":"catmullrom","post":[0,0,1]},"1.72":{"lerp_mode":"catmullrom","post":[0,0,0]},"14.2":{"lerp_mode":"catmullrom","post":[0,0,0]},"3.04":{"lerp_mode":"catmullrom","post":[0,0,1]},"3.64":{"lerp_mode":"catmullrom","post":[0,0,0]},"4.68":{"lerp_mode":"catmullrom","post":[0,0,1]},"5.64":{"lerp_mode":"catmullrom","post":[0,0,0]},"6.68":{"lerp_mode":"catmullrom","post":[0,0,0]},"7.24":{"lerp_mode":"catmullrom","post":[0,0,0.5]},"7.92":{"lerp_mode":"catmullrom","post":[0,0,0]},"8.84":{"lerp_mode":"catmullrom","post":[0,0,0.5]},"9.52":{"lerp_mode":"catmullrom","post":[0,0,0]}},"rotation":{"0.32":{"lerp_mode":"catmullrom","post":[0,0,0]},"1.08":{"lerp_mode":"catmullrom","post":[-15,0,0]},"1.72":{"lerp_mode":"catmullrom","post":[22.5,0,0]},"14.2":{"lerp_mode":"catmullrom","post":[0,0,0]},"3.04":{"lerp_mode":"catmullrom","post":[-15,0,0]},"3.64":{"lerp_mode":"catmullrom","post":[25,0,0]},"4.68":{"lerp_mode":"catmullrom","post":[-20,0,0]},"5.28":{"lerp_mode":"catmullrom","post":[15,0,0]},"5.64":{"lerp_mode":"catmullrom","post":[0,0,0]},"6.68":{"lerp_mode":"catmullrom","post":[7.5,0,0]},"7.24":{"lerp_mode":"catmullrom","post":[-5,0,0]},"7.92":{"lerp_mode":"catmullrom","post":[7.5,0,0]},"8.84":{"lerp_mode":"catmullrom","post":[-5,0,0]},"9.52":{"lerp_mode":"catmullrom","post":[7.5,0,0]}}},"rocks":{"position":{"10.2":[0,0,0],"4.32":[0,0,0],"4.8":["Math.sin((query.life_time)*600)*0.1",0,"Math.cos((query.life_time)*600)*0.1"],"5.68":[0,0,0],"7.8":[0,0,0],"9.48":["Math.sin((query.life_time)*800)*0.2",0,"Math.cos((query.life_time)*800)*0.2"]}},"top":{"scale":{"10.28":[1,1,1],"7.68":[1,1,1],"8.92":[1.05,1.05,1.05],"9.4":[0.85,0.85,0.85]}},"topbody":{"scale":"1+Math.sin((query.life_time)*150)*0.03"}},"loop":true,"particle_effects":{}}},"format_version":"1.8.0"}