{"animations":{"animation.fountain.water":{"animation_length":7.2,"bones":{"1":{"position":{"0.08":{"lerp_mode":"catmullrom","post":[8,-10,-7.5]},"0.2":{"lerp_mode":"catmullrom","post":[4.94,-0.75,-5.03]},"0.6":{"lerp_mode":"catmullrom","post":[-1,40,1]},"1.12":[-5,35,5],"1.16":[-12,35,12],"1.4":{"lerp_mode":"catmullrom","post":[8,-10,-7.5]},"1.52":{"lerp_mode":"catmullrom","post":[4.94,-0.75,-5.03]},"1.92":{"lerp_mode":"catmullrom","post":[-1,40,1]},"2.44":[-5,35,5],"2.48":[-12,35,12],"2.88":{"lerp_mode":"catmullrom","post":[8,-10,-7.5]},"3.0":{"lerp_mode":"catmullrom","post":[4.94,-0.75,-5.03]},"3.4":{"lerp_mode":"catmullrom","post":[-1,40,1]},"3.92":[-5,35,5],"3.96":[-12,35,12],"4.24":{"lerp_mode":"catmullrom","post":[8,-10,-7.5]},"4.36":{"lerp_mode":"catmullrom","post":[4.94,-0.75,-5.03]},"4.76":{"lerp_mode":"catmullrom","post":[-1,40,1]},"5.28":[-5,35,5],"5.32":[-12,35,12],"5.56":{"lerp_mode":"catmullrom","post":[8,-10,-7.5]},"5.68":{"lerp_mode":"catmullrom","post":[4.94,-0.75,-5.03]},"6.08":{"lerp_mode":"catmullrom","post":[-1,40,1]},"6.6":[-5,35,5],"6.64":[-12,35,12]},"rotation":{"0.08":{"lerp_mode":"catmullrom","post":[0,0,0]},"0.76":{"lerp_mode":"catmullrom","post":[-52.352,-22.42537,-53.49858]},"1.04":{"lerp_mode":"catmullrom","post":[-78.40809,-70.25884,-76.90435]},"1.16":{"lerp_mode":"catmullrom","post":[-69.97338,-84.71739,-100.37871]},"1.24":{"lerp_mode":"catmullrom","post":[0,-90,-180]},"1.4":{"lerp_mode":"catmullrom","post":[0,0,0]},"2.08":{"lerp_mode":"catmullrom","post":[-52.352,-22.42537,-53.49858]},"2.36":{"lerp_mode":"catmullrom","post":[-78.40809,-70.25884,-76.90435]},"2.48":{"lerp_mode":"catmullrom","post":[-69.97338,-84.71739,-100.37871]},"2.56":{"lerp_mode":"catmullrom","post":[0,-90,-180]},"2.88":{"lerp_mode":"catmullrom","post":[0,0,0]},"3.56":{"lerp_mode":"catmullrom","post":[-52.352,-22.42537,-53.49858]},"3.84":{"lerp_mode":"catmullrom","post":[-78.40809,-70.25884,-76.90435]},"3.96":{"lerp_mode":"catmullrom","post":[-69.97338,-84.71739,-100.37871]},"4.04":{"lerp_mode":"catmullrom","post":[0,-90,-180]},"4.24":{"lerp_mode":"catmullrom","post":[0,0,0]},"4.92":{"lerp_mode":"catmullrom","post":[-52.352,-22.42537,-53.49858]},"5.2":{"lerp_mode":"catmullrom","post":[-78.40809,-70.25884,-76.90435]},"5.32":{"lerp_mode":"catmullrom","post":[-69.97338,-84.71739,-100.37871]},"5.4":{"lerp_mode":"catmullrom","post":[0,-90,-180]},"5.56":{"lerp_mode":"catmullrom","post":[0,0,0]},"6.24":{"lerp_mode":"catmullrom","post":[-52.352,-22.42537,-53.49858]},"6.52":{"lerp_mode":"catmullrom","post":[-78.40809,-70.25884,-76.90435]},"6.64":{"lerp_mode":"catmullrom","post":[-69.97338,-84.71739,-100.37871]},"6.72":{"lerp_mode":"catmullrom","post":[0,-90,-180]}},"scale":{"0.0":[0,0,0],"0.08":{"lerp_mode":"catmullrom","post":[0.2,0.2,0.2]},"0.6":{"lerp_mode":"catmullrom","post":[0.8,0.8,0.8]},"1.12":{"lerp_mode":"catmullrom","post":[1,1,1]},"1.16":[0,0,0],"1.32":[0,0,0],"1.4":{"lerp_mode":"catmullrom","post":[0.2,0.2,0.2]},"1.92":{"lerp_mode":"catmullrom","post":[0.8,0.8,0.8]},"2.44":{"lerp_mode":"catmullrom","post":[1,1,1]},"2.48":[0,0,0],"2.8":[0,0,0],"2.88":{"lerp_mode":"catmullrom","post":[0.2,0.2,0.2]},"3.4":{"lerp_mode":"catmullrom","post":[0.8,0.8,0.8]},"3.92":{"lerp_mode":"catmullrom","post":[1,1,1]},"3.96":[0,0,0],"4.16":[0,0,0],"4.24":{"lerp_mode":"catmullrom","post":[0.2,0.2,0.2]},"4.76":{"lerp_mode":"catmullrom","post":[0.8,0.8,0.8]},"5.28":{"lerp_mode":"catmullrom","post":[1,1,1]},"5.32":[0,0,0],"5.48":[0,0,0],"5.56":{"lerp_mode":"catmullrom","post":[0.2,0.2,0.2]},"6.08":{"lerp_mode":"catmullrom","post":[0.8,0.8,0.8]},"6.6":{"lerp_mode":"catmullrom","post":[1,1,1]},"6.64":[0,0,0]}},"10":{"position":{"0.36":{"lerp_mode":"catmullrom","post":[-8,-10,7.5]},"0.48":{"lerp_mode":"catmullrom","post":[-4.94,-0.75,5.03]},"0.88":{"lerp_mode":"catmullrom","post":[1,40,-1]},"1.4":[5,35,-5],"1.44":[12,35,-12],"1.68":{"lerp_mode":"catmullrom","post":[-8,-10,7.5]},"1.8":{"lerp_mode":"catmullrom","post":[-4.94,-0.75,5.03]},"2.2":{"lerp_mode":"catmullrom","post":[1,40,-1]},"2.72":[5,35,-5],"2.76":[12,35,-12],"3.16":{"lerp_mode":"catmullrom","post":[-8,-10,7.5]},"3.28":{"lerp_mode":"catmullrom","post":[-4.94,-0.75,5.03]},"3.68":{"lerp_mode":"catmullrom","post":[1,40,-1]},"4.2":[5,35,-5],"4.24":[12,35,-12],"4.52":{"lerp_mode":"catmullrom","post":[-8,-10,7.5]},"4.64":{"lerp_mode":"catmullrom","post":[-4.94,-0.75,5.03]},"5.04":{"lerp_mode":"catmullrom","post":[1,40,-1]},"5.56":[5,35,-5],"5.6":[12,35,-12],"5.84":{"lerp_mode":"catmullrom","post":[-8,-10,7.5]},"5.96":{"lerp_mode":"catmullrom","post":[-4.94,-0.75,5.03]},"6.36":{"lerp_mode":"catmullrom","post":[1,40,-1]},"6.88":[5,35,-5],"6.92":[12,35,-12]},"rotation":{"0.36":{"lerp_mode":"catmullrom","post":[0,0,0]},"1.04":{"lerp_mode":"catmullrom","post":[52.352,-22.42537,53.4986]},"1.32":{"lerp_mode":"catmullrom","post":[78.4081,-70.25884,76.9043]},"1.44":{"lerp_mode":"catmullrom","post":[69.9734,-84.71739,100.3787]},"1.52":{"lerp_mode":"catmullrom","post":[0,-90,180]},"1.68":{"lerp_mode":"catmullrom","post":[0,0,0]},"2.36":{"lerp_mode":"catmullrom","post":[52.352,-22.42537,53.4986]},"2.64":{"lerp_mode":"catmullrom","post":[78.4081,-70.25884,76.9043]},"2.76":{"lerp_mode":"catmullrom","post":[69.9734,-84.71739,100.3787]},"2.84":{"lerp_mode":"catmullrom","post":[0,-90,180]},"3.16":{"lerp_mode":"catmullrom","post":[0,0,0]},"3.84":{"lerp_mode":"catmullrom","post":[52.352,-22.42537,53.4986]},"4.12":{"lerp_mode":"catmullrom","post":[78.4081,-70.25884,76.9043]},"4.24":{"lerp_mode":"catmullrom","post":[69.9734,-84.71739,100.3787]},"4.32":{"lerp_mode":"catmullrom","post":[0,-90,180]},"4.52":{"lerp_mode":"catmullrom","post":[0,0,0]},"5.2":{"lerp_mode":"catmullrom","post":[52.352,-22.42537,53.4986]},"5.48":{"lerp_mode":"catmullrom","post":[78.4081,-70.25884,76.9043]},"5.6":{"lerp_mode":"catmullrom","post":[69.9734,-84.71739,100.3787]},"5.68":{"lerp_mode":"catmullrom","post":[0,-90,180]},"5.84":{"lerp_mode":"catmullrom","post":[0,0,0]},"6.52":{"lerp_mode":"catmullrom","post":[52.352,-22.42537,53.4986]},"6.8":{"lerp_mode":"catmullrom","post":[78.4081,-70.25884,76.9043]},"6.92":{"lerp_mode":"catmullrom","post":[69.9734,-84.71739,100.3787]},"7.0":{"lerp_mode":"catmullrom","post":[0,-90,180]}},"scale":{"0.28":[0,0,0],"0.36":{"lerp_mode":"catmullrom","post":[0.2,0.2,0.2]},"0.88":{"lerp_mode":"catmullrom","post":[0.8,0.8,0.8]},"1.4":{"lerp_mode":"catmullrom","post":[1,1,1]},"1.44":[0,0,0],"1.6":[0,0,0],"1.68":{"lerp_mode":"catmullrom","post":[0.2,0.2,0.2]},"2.2":{"lerp_mode":"catmullrom","post":[0.8,0.8,0.8]},"2.72":{"lerp_mode":"catmullrom","post":[1,1,1]},"2.76":[0,0,0],"3.08":[0,0,0],"3.16":{"lerp_mode":"catmullrom","post":[0.2,0.2,0.2]},"3.68":{"lerp_mode":"catmullrom","post":[0.8,0.8,0.8]},"4.2":{"lerp_mode":"catmullrom","post":[1,1,1]},"4.24":[0,0,0],"4.44":[0,0,0],"4.52":{"lerp_mode":"catmullrom","post":[0.2,0.2,0.2]},"5.04":{"lerp_mode":"catmullrom","post":[0.8,0.8,0.8]},"5.56":{"lerp_mode":"catmullrom","post":[1,1,1]},"5.6":[0,0,0],"5.76":[0,0,0],"5.84":{"lerp_mode":"catmullrom","post":[0.2,0.2,0.2]},"6.36":{"lerp_mode":"catmullrom","post":[0.8,0.8,0.8]},"6.88":{"lerp_mode":"catmullrom","post":[1,1,1]},"6.92":[0,0,0]}},"11":{"rotation":{"0.08":[0,0,0],"1.24":[0,720,0],"1.4":[0,0,0],"2.56":[0,-720,0],"2.76":[0,0,0],"3.92":[0,720,0],"4.12":[0,0,0],"5.28":[0,-720,0],"5.44":[0,0,0],"6.6":[0,720,0]}},"12":{"scale":{"0.08":[1,1,1],"0.6":[1,1,1],"1.04":[1.6,1.6,1.6],"1.08":[0,0,0],"1.4":[1,1,1],"1.92":[1,1,1],"2.36":[1.6,1.6,1.6],"2.4":[0,0,0],"2.76":[1,1,1],"3.28":[1,1,1],"3.72":[1.6,1.6,1.6],"3.76":[0,0,0],"4.12":[1,1,1],"4.64":[1,1,1],"5.08":[1.6,1.6,1.6],"5.12":[0,0,0],"5.44":[1,1,1],"5.96":[1,1,1],"6.4":[1.6,1.6,1.6],"6.44":[0,0,0]}},"13":{"rotation":{"0.36":[0,0,0],"1.52":[0,-720,0],"1.68":[0,0,0],"2.84":[0,-720,0],"3.16":[0,0,0],"4.32":[0,720,0],"4.52":[0,0,0],"5.68":[0,-720,0],"5.84":[0,0,0],"7.0":[0,720,0]}},"14":{"scale":{"0.36":[1,1,1],"0.88":[1,1,1],"1.32":[1.6,1.6,1.6],"1.36":[0,0,0],"1.68":[1,1,1],"2.2":[1,1,1],"2.64":[1.6,1.6,1.6],"2.68":[0,0,0],"3.16":[1,1,1],"3.68":[1,1,1],"4.12":[1.6,1.6,1.6],"4.16":[0,0,0],"4.52":[1,1,1],"5.04":[1,1,1],"5.48":[1.6,1.6,1.6],"5.52":[0,0,0],"5.84":[1,1,1],"6.36":[1,1,1],"6.8":[1.6,1.6,1.6],"6.84":[0,0,0]}},"15":{"position":{"0.2":{"lerp_mode":"catmullrom","post":[-8,-10,7.5]},"0.32":{"lerp_mode":"catmullrom","post":[-4.94,-0.75,5.03]},"0.72":{"lerp_mode":"catmullrom","post":[1,40,-1]},"1.24":[5,35,-5],"1.28":[12,35,-12],"2.16":{"lerp_mode":"catmullrom","post":[-8,-10,7.5]},"2.28":{"lerp_mode":"catmullrom","post":[-4.94,-0.75,5.03]},"2.68":{"lerp_mode":"catmullrom","post":[1,40,-1]},"3.2":[5,35,-5],"3.24":[12,35,-12],"4.4":{"lerp_mode":"catmullrom","post":[-8,-10,7.5]},"4.52":{"lerp_mode":"catmullrom","post":[-4.94,-0.75,5.03]},"4.92":{"lerp_mode":"catmullrom","post":[1,40,-1]},"5.44":[5,35,-5],"5.48":[12,35,-12],"5.84":{"lerp_mode":"catmullrom","post":[-8,-10,7.5]},"5.96":{"lerp_mode":"catmullrom","post":[-4.94,-0.75,5.03]},"6.36":{"lerp_mode":"catmullrom","post":[1,40,-1]},"6.88":[5,35,-5],"6.92":[12,35,-12]},"rotation":{"0.2":{"lerp_mode":"catmullrom","post":[0,0,0]},"0.88":{"lerp_mode":"catmullrom","post":[52.352,-22.42537,53.4986]},"1.16":{"lerp_mode":"catmullrom","post":[78.4081,-70.25884,76.9043]},"1.28":{"lerp_mode":"catmullrom","post":[69.9734,-84.71739,100.3787]},"1.36":{"lerp_mode":"catmullrom","post":[0,-90,180]},"2.16":{"lerp_mode":"catmullrom","post":[0,0,0]},"2.84":{"lerp_mode":"catmullrom","post":[52.352,-22.42537,53.4986]},"3.12":{"lerp_mode":"catmullrom","post":[78.4081,-70.25884,76.9043]},"3.24":{"lerp_mode":"catmullrom","post":[69.9734,-84.71739,100.3787]},"3.32":{"lerp_mode":"catmullrom","post":[0,-90,180]},"4.4":{"lerp_mode":"catmullrom","post":[0,0,0]},"5.08":{"lerp_mode":"catmullrom","post":[52.352,-22.42537,53.4986]},"5.36":{"lerp_mode":"catmullrom","post":[78.4081,-70.25884,76.9043]},"5.48":{"lerp_mode":"catmullrom","post":[69.9734,-84.71739,100.3787]},"5.56":{"lerp_mode":"catmullrom","post":[0,-90,180]},"5.84":{"lerp_mode":"catmullrom","post":[0,0,0]},"6.52":{"lerp_mode":"catmullrom","post":[52.352,-22.42537,53.4986]},"6.8":{"lerp_mode":"catmullrom","post":[78.4081,-70.25884,76.9043]},"6.92":{"lerp_mode":"catmullrom","post":[69.9734,-84.71739,100.3787]},"7.0":{"lerp_mode":"catmullrom","post":[0,-90,180]}},"scale":{"0.12":[0,0,0],"0.2":{"lerp_mode":"catmullrom","post":[0.2,0.2,0.2]},"0.72":{"lerp_mode":"catmullrom","post":[0.8,0.8,0.8]},"1.24":{"lerp_mode":"catmullrom","post":[1,1,1]},"1.28":[0,0,0],"2.08":[0,0,0],"2.16":{"lerp_mode":"catmullrom","post":[0.2,0.2,0.2]},"2.68":{"lerp_mode":"catmullrom","post":[0.8,0.8,0.8]},"3.2":{"lerp_mode":"catmullrom","post":[1,1,1]},"3.24":[0,0,0],"4.32":[0,0,0],"4.4":{"lerp_mode":"catmullrom","post":[0.2,0.2,0.2]},"4.92":{"lerp_mode":"catmullrom","post":[0.8,0.8,0.8]},"5.44":{"lerp_mode":"catmullrom","post":[1,1,1]},"5.48":[0,0,0],"5.76":[0,0,0],"5.84":{"lerp_mode":"catmullrom","post":[0.2,0.2,0.2]},"6.36":{"lerp_mode":"catmullrom","post":[0.8,0.8,0.8]},"6.88":{"lerp_mode":"catmullrom","post":[1,1,1]},"6.92":[0,0,0]}},"16":{"rotation":{"0.2":[0,0,0],"1.36":[0,720,0],"2.16":[0,0,0],"3.32":[0,-720,0],"4.4":[0,0,0],"5.56":[0,720,0],"5.84":[0,0,0],"7.0":[0,-720,0]}},"17":{"position":{"0.64":{"lerp_mode":"catmullrom","post":[-8,-10,7.5]},"0.76":{"lerp_mode":"catmullrom","post":[-4.94,-0.75,5.03]},"1.16":{"lerp_mode":"catmullrom","post":[1,40,-1]},"1.68":[5,35,-5],"1.72":[12,35,-12],"2.24":{"lerp_mode":"catmullrom","post":[-8,-10,7.5]},"2.36":{"lerp_mode":"catmullrom","post":[-4.94,-0.75,5.03]},"2.76":{"lerp_mode":"catmullrom","post":[1,40,-1]},"3.28":[5,35,-5],"3.32":[12,35,-12],"3.88":{"lerp_mode":"catmullrom","post":[-8,-10,7.5]},"4.0":{"lerp_mode":"catmullrom","post":[-4.94,-0.75,5.03]},"4.4":{"lerp_mode":"catmullrom","post":[1,40,-1]},"4.92":[5,35,-5],"4.96":[12,35,-12],"5.48":{"lerp_mode":"catmullrom","post":[-8,-10,7.5]},"5.6":{"lerp_mode":"catmullrom","post":[-4.94,-0.75,5.03]},"6.0":{"lerp_mode":"catmullrom","post":[1,40,-1]},"6.52":[5,35,-5],"6.56":[12,35,-12]},"rotation":{"0.64":{"lerp_mode":"catmullrom","post":[0,0,0]},"1.32":{"lerp_mode":"catmullrom","post":[52.352,-22.42537,53.4986]},"1.6":{"lerp_mode":"catmullrom","post":[78.4081,-70.25884,76.9043]},"1.72":{"lerp_mode":"catmullrom","post":[69.9734,-84.71739,100.3787]},"1.8":{"lerp_mode":"catmullrom","post":[0,-90,180]},"2.24":{"lerp_mode":"catmullrom","post":[0,0,0]},"2.92":{"lerp_mode":"catmullrom","post":[52.352,-22.42537,53.4986]},"3.2":{"lerp_mode":"catmullrom","post":[78.4081,-70.25884,76.9043]},"3.32":{"lerp_mode":"catmullrom","post":[69.9734,-84.71739,100.3787]},"3.4":{"lerp_mode":"catmullrom","post":[0,-90,180]},"3.88":{"lerp_mode":"catmullrom","post":[0,0,0]},"4.56":{"lerp_mode":"catmullrom","post":[52.352,-22.42537,53.4986]},"4.84":{"lerp_mode":"catmullrom","post":[78.4081,-70.25884,76.9043]},"4.96":{"lerp_mode":"catmullrom","post":[69.9734,-84.71739,100.3787]},"5.04":{"lerp_mode":"catmullrom","post":[0,-90,180]},"5.48":{"lerp_mode":"catmullrom","post":[0,0,0]},"6.16":{"lerp_mode":"catmullrom","post":[52.352,-22.42537,53.4986]},"6.44":{"lerp_mode":"catmullrom","post":[78.4081,-70.25884,76.9043]},"6.56":{"lerp_mode":"catmullrom","post":[69.9734,-84.71739,100.3787]},"6.64":{"lerp_mode":"catmullrom","post":[0,-90,180]}},"scale":{"0.56":[0,0,0],"0.64":{"lerp_mode":"catmullrom","post":[0.2,0.2,0.2]},"1.16":{"lerp_mode":"catmullrom","post":[0.8,0.8,0.8]},"1.68":{"lerp_mode":"catmullrom","post":[1,1,1]},"1.72":[0,0,0],"2.16":[0,0,0],"2.24":{"lerp_mode":"catmullrom","post":[0.2,0.2,0.2]},"2.76":{"lerp_mode":"catmullrom","post":[0.8,0.8,0.8]},"3.28":{"lerp_mode":"catmullrom","post":[1,1,1]},"3.32":[0,0,0],"3.8":[0,0,0],"3.88":{"lerp_mode":"catmullrom","post":[0.2,0.2,0.2]},"4.4":{"lerp_mode":"catmullrom","post":[0.8,0.8,0.8]},"4.92":{"lerp_mode":"catmullrom","post":[1,1,1]},"4.96":[0,0,0],"5.4":[0,0,0],"5.48":{"lerp_mode":"catmullrom","post":[0.2,0.2,0.2]},"6.0":{"lerp_mode":"catmullrom","post":[0.8,0.8,0.8]},"6.52":{"lerp_mode":"catmullrom","post":[1,1,1]},"6.56":[0,0,0]}},"18":{"rotation":{"0.64":[0,0,0],"1.8":[0,-720,0],"2.24":[0,0,0],"3.4":[0,720,0],"3.88":[0,0,0],"5.04":[0,-720,0],"5.48":[0,0,0],"6.64":[0,720,0]}},"19":{"position":{"0.48":{"lerp_mode":"catmullrom","post":[-8,-10,7.5]},"0.6":{"lerp_mode":"catmullrom","post":[-4.94,-0.75,5.03]},"1.0":{"lerp_mode":"catmullrom","post":[1,40,-1]},"1.52":[5,35,-5],"1.56":[12,35,-12],"2.2":{"lerp_mode":"catmullrom","post":[-8,-10,7.5]},"2.32":{"lerp_mode":"catmullrom","post":[-4.94,-0.75,5.03]},"2.72":{"lerp_mode":"catmullrom","post":[1,40,-1]},"3.24":[5,35,-5],"3.28":[12,35,-12],"4.2":{"lerp_mode":"catmullrom","post":[-8,-10,7.5]},"4.32":{"lerp_mode":"catmullrom","post":[-4.94,-0.75,5.03]},"4.72":{"lerp_mode":"catmullrom","post":[1,40,-1]},"5.24":[5,35,-5],"5.28":[12,35,-12],"5.72":{"lerp_mode":"catmullrom","post":[-8,-10,7.5]},"5.84":{"lerp_mode":"catmullrom","post":[-4.94,-0.75,5.03]},"6.24":{"lerp_mode":"catmullrom","post":[1,40,-1]},"6.76":[5,35,-5],"6.8":[12,35,-12]},"rotation":{"0.48":{"lerp_mode":"catmullrom","post":[0,0,0]},"1.16":{"lerp_mode":"catmullrom","post":[52.352,-22.42537,53.4986]},"1.44":{"lerp_mode":"catmullrom","post":[78.4081,-70.25884,76.9043]},"1.56":{"lerp_mode":"catmullrom","post":[69.9734,-84.71739,100.3787]},"1.64":{"lerp_mode":"catmullrom","post":[0,-90,180]},"2.2":{"lerp_mode":"catmullrom","post":[0,0,0]},"2.88":{"lerp_mode":"catmullrom","post":[52.352,-22.42537,53.4986]},"3.16":{"lerp_mode":"catmullrom","post":[78.4081,-70.25884,76.9043]},"3.28":{"lerp_mode":"catmullrom","post":[69.9734,-84.71739,100.3787]},"3.36":{"lerp_mode":"catmullrom","post":[0,-90,180]},"4.2":{"lerp_mode":"catmullrom","post":[0,0,0]},"4.88":{"lerp_mode":"catmullrom","post":[52.352,-22.42537,53.4986]},"5.16":{"lerp_mode":"catmullrom","post":[78.4081,-70.25884,76.9043]},"5.28":{"lerp_mode":"catmullrom","post":[69.9734,-84.71739,100.3787]},"5.36":{"lerp_mode":"catmullrom","post":[0,-90,180]},"5.72":{"lerp_mode":"catmullrom","post":[0,0,0]},"6.4":{"lerp_mode":"catmullrom","post":[52.352,-22.42537,53.4986]},"6.68":{"lerp_mode":"catmullrom","post":[78.4081,-70.25884,76.9043]},"6.8":{"lerp_mode":"catmullrom","post":[69.9734,-84.71739,100.3787]},"6.88":{"lerp_mode":"catmullrom","post":[0,-90,180]}},"scale":{"0.4":[0,0,0],"0.48":{"lerp_mode":"catmullrom","post":[0.2,0.2,0.2]},"1.0":{"lerp_mode":"catmullrom","post":[0.8,0.8,0.8]},"1.52":{"lerp_mode":"catmullrom","post":[1,1,1]},"1.56":[0,0,0],"2.12":[0,0,0],"2.2":{"lerp_mode":"catmullrom","post":[0.2,0.2,0.2]},"2.72":{"lerp_mode":"catmullrom","post":[0.8,0.8,0.8]},"3.24":{"lerp_mode":"catmullrom","post":[1,1,1]},"3.28":[0,0,0],"4.12":[0,0,0],"4.2":{"lerp_mode":"catmullrom","post":[0.2,0.2,0.2]},"4.72":{"lerp_mode":"catmullrom","post":[0.8,0.8,0.8]},"5.24":{"lerp_mode":"catmullrom","post":[1,1,1]},"5.28":[0,0,0],"5.64":[0,0,0],"5.72":{"lerp_mode":"catmullrom","post":[0.2,0.2,0.2]},"6.24":{"lerp_mode":"catmullrom","post":[0.8,0.8,0.8]},"6.76":{"lerp_mode":"catmullrom","post":[1,1,1]},"6.8":[0,0,0]}},"2":{"position":{"0.32":{"lerp_mode":"catmullrom","post":[8,-10,-7.5]},"0.44":{"lerp_mode":"catmullrom","post":[4.94,-0.75,-5.03]},"0.84":{"lerp_mode":"catmullrom","post":[-1,40,1]},"1.36":[-5,35,5],"1.4":[-12,35,12],"1.72":{"lerp_mode":"catmullrom","post":[8,-10,-7.5]},"1.84":{"lerp_mode":"catmullrom","post":[4.94,-0.75,-5.03]},"2.24":{"lerp_mode":"catmullrom","post":[-1,40,1]},"2.76":[-5,35,5],"2.8":[-12,35,12],"3.12":{"lerp_mode":"catmullrom","post":[8,-10,-7.5]},"3.24":{"lerp_mode":"catmullrom","post":[4.94,-0.75,-5.03]},"3.64":{"lerp_mode":"catmullrom","post":[-1,40,1]},"4.16":[-5,35,5],"4.2":[-12,35,12],"4.52":{"lerp_mode":"catmullrom","post":[8,-10,-7.5]},"4.64":{"lerp_mode":"catmullrom","post":[4.94,-0.75,-5.03]},"5.04":{"lerp_mode":"catmullrom","post":[-1,40,1]},"5.56":[-5,35,5],"5.6":[-12,35,12],"5.88":{"lerp_mode":"catmullrom","post":[8,-10,-7.5]},"6.0":{"lerp_mode":"catmullrom","post":[4.94,-0.75,-5.03]},"6.4":{"lerp_mode":"catmullrom","post":[-1,40,1]},"6.92":[-5,35,5],"6.96":[-12,35,12]},"rotation":{"0.32":{"lerp_mode":"catmullrom","post":[0,0,0]},"1.0":{"lerp_mode":"catmullrom","post":[-52.352,-22.42537,-53.49858]},"1.28":{"lerp_mode":"catmullrom","post":[-78.40809,-70.25884,-76.90435]},"1.4":{"lerp_mode":"catmullrom","post":[-69.97338,-84.71739,-100.37871]},"1.48":{"lerp_mode":"catmullrom","post":[0,-90,-180]},"1.72":{"lerp_mode":"catmullrom","post":[0,0,0]},"2.4":{"lerp_mode":"catmullrom","post":[-52.352,-22.42537,-53.49858]},"2.68":{"lerp_mode":"catmullrom","post":[-78.40809,-70.25884,-76.90435]},"2.8":{"lerp_mode":"catmullrom","post":[-69.97338,-84.71739,-100.37871]},"2.88":{"lerp_mode":"catmullrom","post":[0,-90,-180]},"3.12":{"lerp_mode":"catmullrom","post":[0,0,0]},"3.8":{"lerp_mode":"catmullrom","post":[-52.352,-22.42537,-53.49858]},"4.08":{"lerp_mode":"catmullrom","post":[-78.40809,-70.25884,-76.90435]},"4.2":{"lerp_mode":"catmullrom","post":[-69.97338,-84.71739,-100.37871]},"4.28":{"lerp_mode":"catmullrom","post":[0,-90,-180]},"4.52":{"lerp_mode":"catmullrom","post":[0,0,0]},"5.2":{"lerp_mode":"catmullrom","post":[-52.352,-22.42537,-53.49858]},"5.48":{"lerp_mode":"catmullrom","post":[-78.40809,-70.25884,-76.90435]},"5.6":{"lerp_mode":"catmullrom","post":[-69.97338,-84.71739,-100.37871]},"5.68":{"lerp_mode":"catmullrom","post":[0,-90,-180]},"5.88":{"lerp_mode":"catmullrom","post":[0,0,0]},"6.56":{"lerp_mode":"catmullrom","post":[-52.352,-22.42537,-53.49858]},"6.84":{"lerp_mode":"catmullrom","post":[-78.40809,-70.25884,-76.90435]},"6.96":{"lerp_mode":"catmullrom","post":[-69.97338,-84.71739,-100.37871]},"7.04":{"lerp_mode":"catmullrom","post":[0,-90,-180]}},"scale":{"0.24":[0,0,0],"0.32":{"lerp_mode":"catmullrom","post":[0.2,0.2,0.2]},"0.84":{"lerp_mode":"catmullrom","post":[0.8,0.8,0.8]},"1.36":{"lerp_mode":"catmullrom","post":[1,1,1]},"1.4":[0,0,0],"1.64":[0,0,0],"1.72":{"lerp_mode":"catmullrom","post":[0.2,0.2,0.2]},"2.24":{"lerp_mode":"catmullrom","post":[0.8,0.8,0.8]},"2.76":{"lerp_mode":"catmullrom","post":[1,1,1]},"2.8":[0,0,0],"3.04":[0,0,0],"3.12":{"lerp_mode":"catmullrom","post":[0.2,0.2,0.2]},"3.64":{"lerp_mode":"catmullrom","post":[0.8,0.8,0.8]},"4.16":{"lerp_mode":"catmullrom","post":[1,1,1]},"4.2":[0,0,0],"4.44":[0,0,0],"4.52":{"lerp_mode":"catmullrom","post":[0.2,0.2,0.2]},"5.04":{"lerp_mode":"catmullrom","post":[0.8,0.8,0.8]},"5.56":{"lerp_mode":"catmullrom","post":[1,1,1]},"5.6":[0,0,0],"5.8":[0,0,0],"5.88":{"lerp_mode":"catmullrom","post":[0.2,0.2,0.2]},"6.4":{"lerp_mode":"catmullrom","post":[0.8,0.8,0.8]},"6.92":{"lerp_mode":"catmullrom","post":[1,1,1]},"6.96":[0,0,0]}},"20":{"rotation":{"0.48":[0,0,0],"1.64":[0,720,0],"2.16":[0,0,0],"3.32":[0,-720,0],"4.2":[0,0,0],"5.36":[0,720,0],"5.72":[0,0,0],"6.88":[0,-720,0]}},"21":{"position":{"1.04":{"lerp_mode":"catmullrom","post":[-8,-10,7.5]},"1.16":{"lerp_mode":"catmullrom","post":[-4.94,-0.75,5.03]},"1.56":{"lerp_mode":"catmullrom","post":[1,40,-1]},"2.08":[5,35,-5],"2.12":[12,35,-12],"2.4":{"lerp_mode":"catmullrom","post":[-8,-10,7.5]},"2.52":{"lerp_mode":"catmullrom","post":[-4.94,-0.75,5.03]},"2.92":{"lerp_mode":"catmullrom","post":[1,40,-1]},"3.44":[5,35,-5],"3.48":[12,35,-12],"3.96":{"lerp_mode":"catmullrom","post":[-8,-10,7.5]},"4.08":{"lerp_mode":"catmullrom","post":[-4.94,-0.75,5.03]},"4.48":{"lerp_mode":"catmullrom","post":[1,40,-1]},"5.0":[5,35,-5],"5.04":[12,35,-12],"5.68":{"lerp_mode":"catmullrom","post":[-8,-10,7.5]},"5.8":{"lerp_mode":"catmullrom","post":[-4.94,-0.75,5.03]},"6.2":{"lerp_mode":"catmullrom","post":[1,40,-1]},"6.72":[5,35,-5],"6.76":[12,35,-12]},"rotation":{"1.04":{"lerp_mode":"catmullrom","post":[0,0,0]},"1.72":{"lerp_mode":"catmullrom","post":[52.352,-22.42537,53.4986]},"2.0":{"lerp_mode":"catmullrom","post":[78.4081,-70.25884,76.9043]},"2.12":{"lerp_mode":"catmullrom","post":[69.9734,-84.71739,100.3787]},"2.2":{"lerp_mode":"catmullrom","post":[0,-90,180]},"2.4":{"lerp_mode":"catmullrom","post":[0,0,0]},"3.08":{"lerp_mode":"catmullrom","post":[52.352,-22.42537,53.4986]},"3.36":{"lerp_mode":"catmullrom","post":[78.4081,-70.25884,76.9043]},"3.48":{"lerp_mode":"catmullrom","post":[69.9734,-84.71739,100.3787]},"3.56":{"lerp_mode":"catmullrom","post":[0,-90,180]},"3.96":{"lerp_mode":"catmullrom","post":[0,0,0]},"4.64":{"lerp_mode":"catmullrom","post":[52.352,-22.42537,53.4986]},"4.92":{"lerp_mode":"catmullrom","post":[78.4081,-70.25884,76.9043]},"5.04":{"lerp_mode":"catmullrom","post":[69.9734,-84.71739,100.3787]},"5.12":{"lerp_mode":"catmullrom","post":[0,-90,180]},"5.68":{"lerp_mode":"catmullrom","post":[0,0,0]},"6.36":{"lerp_mode":"catmullrom","post":[52.352,-22.42537,53.4986]},"6.64":{"lerp_mode":"catmullrom","post":[78.4081,-70.25884,76.9043]},"6.76":{"lerp_mode":"catmullrom","post":[69.9734,-84.71739,100.3787]},"6.84":{"lerp_mode":"catmullrom","post":[0,-90,180]}},"scale":{"0.96":[0,0,0],"1.04":{"lerp_mode":"catmullrom","post":[0.2,0.2,0.2]},"1.56":{"lerp_mode":"catmullrom","post":[0.8,0.8,0.8]},"2.08":{"lerp_mode":"catmullrom","post":[1,1,1]},"2.12":[0,0,0],"2.32":[0,0,0],"2.4":{"lerp_mode":"catmullrom","post":[0.2,0.2,0.2]},"2.92":{"lerp_mode":"catmullrom","post":[0.8,0.8,0.8]},"3.44":{"lerp_mode":"catmullrom","post":[1,1,1]},"3.48":[0,0,0],"3.88":[0,0,0],"3.96":{"lerp_mode":"catmullrom","post":[0.2,0.2,0.2]},"4.48":{"lerp_mode":"catmullrom","post":[0.8,0.8,0.8]},"5.0":{"lerp_mode":"catmullrom","post":[1,1,1]},"5.04":[0,0,0],"5.6":[0,0,0],"5.68":{"lerp_mode":"catmullrom","post":[0.2,0.2,0.2]},"6.2":{"lerp_mode":"catmullrom","post":[0.8,0.8,0.8]},"6.72":{"lerp_mode":"catmullrom","post":[1,1,1]},"6.76":[0,0,0]}},"22":{"rotation":{"1.04":[0,0,0],"2.2":[0,-720,0],"2.4":[0,0,0],"3.56":[0,720,0],"3.96":[0,0,0],"5.12":[0,-720,0],"5.68":[0,0,0],"6.84":[0,720,0]}},"23":{"position":{"0.08":{"lerp_mode":"catmullrom","post":[8,-10,7.5]},"0.2":{"lerp_mode":"catmullrom","post":[4.94,-0.75,5.03]},"0.6":{"lerp_mode":"catmullrom","post":[4,27,4]},"1.12":[-1,18,-1],"1.16":[-5,18,-5],"1.64":{"lerp_mode":"catmullrom","post":[8,-10,7.5]},"1.76":{"lerp_mode":"catmullrom","post":[4.94,-0.75,5.03]},"2.16":{"lerp_mode":"catmullrom","post":[4,27,4]},"2.68":[-1,18,-1],"2.72":[-5,18,-5],"3.24":{"lerp_mode":"catmullrom","post":[8,-10,7.5]},"3.36":{"lerp_mode":"catmullrom","post":[4.94,-0.75,5.03]},"3.76":{"lerp_mode":"catmullrom","post":[4,27,4]},"4.28":[-1,18,-1],"4.32":[-5,18,-5],"4.88":{"lerp_mode":"catmullrom","post":[8,-10,7.5]},"5.0":{"lerp_mode":"catmullrom","post":[4.94,-0.75,5.03]},"5.4":{"lerp_mode":"catmullrom","post":[4,27,4]},"5.92":[-1,18,-1],"5.96":[-5,18,-5]},"rotation":{"0.08":{"lerp_mode":"catmullrom","post":[0,0,0]},"0.76":{"lerp_mode":"catmullrom","post":[52.352,25.07463,-53.49858]},"1.04":{"lerp_mode":"catmullrom","post":[78.4081,70.2588,-76.90435]},"1.16":{"lerp_mode":"catmullrom","post":[69.9734,84.7174,-100.37871]},"1.24":{"lerp_mode":"catmullrom","post":[0,90,-180]},"1.64":{"lerp_mode":"catmullrom","post":[0,0,0]},"2.32":{"lerp_mode":"catmullrom","post":[52.352,25.07463,-53.49858]},"2.6":{"lerp_mode":"catmullrom","post":[78.4081,70.2588,-76.90435]},"2.72":{"lerp_mode":"catmullrom","post":[69.9734,84.7174,-100.37871]},"2.8":{"lerp_mode":"catmullrom","post":[0,90,-180]},"3.24":{"lerp_mode":"catmullrom","post":[0,0,0]},"3.92":{"lerp_mode":"catmullrom","post":[52.352,25.07463,-53.49858]},"4.2":{"lerp_mode":"catmullrom","post":[78.4081,70.2588,-76.90435]},"4.32":{"lerp_mode":"catmullrom","post":[69.9734,84.7174,-100.37871]},"4.4":{"lerp_mode":"catmullrom","post":[0,90,-180]},"4.88":{"lerp_mode":"catmullrom","post":[0,0,0]},"5.56":{"lerp_mode":"catmullrom","post":[52.352,25.07463,-53.49858]},"5.84":{"lerp_mode":"catmullrom","post":[78.4081,70.2588,-76.90435]},"5.96":{"lerp_mode":"catmullrom","post":[69.9734,84.7174,-100.37871]},"6.04":{"lerp_mode":"catmullrom","post":[0,90,-180]}},"scale":{"0.0":[0,0,0],"0.08":{"lerp_mode":"catmullrom","post":[0.2,0.2,0.2]},"0.6":{"lerp_mode":"catmullrom","post":[0.8,0.8,0.8]},"1.12":{"lerp_mode":"catmullrom","post":[1,1,1]},"1.16":[0,0,0],"1.56":[0,0,0],"1.64":{"lerp_mode":"catmullrom","post":[0.2,0.2,0.2]},"2.16":{"lerp_mode":"catmullrom","post":[0.8,0.8,0.8]},"2.68":{"lerp_mode":"catmullrom","post":[1,1,1]},"2.72":[0,0,0],"3.16":[0,0,0],"3.24":{"lerp_mode":"catmullrom","post":[0.2,0.2,0.2]},"3.76":{"lerp_mode":"catmullrom","post":[0.8,0.8,0.8]},"4.28":{"lerp_mode":"catmullrom","post":[1,1,1]},"4.32":[0,0,0],"4.8":[0,0,0],"4.88":{"lerp_mode":"catmullrom","post":[0.2,0.2,0.2]},"5.4":{"lerp_mode":"catmullrom","post":[0.8,0.8,0.8]},"5.92":{"lerp_mode":"catmullrom","post":[1,1,1]},"5.96":[0,0,0]}},"24":{"rotation":{"0.08":[0,0,0],"1.24":[0,-720,0],"1.6":[0,0,0],"2.76":[0,720,0],"3.24":[0,0,0],"4.4":[0,-720,0],"4.88":[0,0,0],"6.04":[0,720,0]}},"25":{"scale":{"0.08":[1,1,1],"0.6":[1,1,1],"1.04":[0.8,0.8,0.8],"1.08":[0,0,0],"1.6":[1,1,1],"2.12":[1,1,1],"2.56":[0.8,0.8,0.8],"2.6":[0,0,0],"3.24":[1,1,1],"3.76":[1,1,1],"4.2":[0.8,0.8,0.8],"4.24":[0,0,0],"4.88":[1,1,1],"5.4":[1,1,1],"5.84":[0.8,0.8,0.8],"5.88":[0,0,0]}},"26":{"position":{"1.12":{"lerp_mode":"catmullrom","post":[8,-10,7.5]},"1.24":{"lerp_mode":"catmullrom","post":[4.94,-0.75,5.03]},"1.64":{"lerp_mode":"catmullrom","post":[4,27,4]},"2.16":[-1,18,-1],"2.2":[-5,18,-5],"2.68":{"lerp_mode":"catmullrom","post":[8,-10,7.5]},"2.8":{"lerp_mode":"catmullrom","post":[4.94,-0.75,5.03]},"3.2":{"lerp_mode":"catmullrom","post":[4,27,4]},"3.72":[-1,18,-1],"3.76":[-5,18,-5],"4.36":{"lerp_mode":"catmullrom","post":[8,-10,7.5]},"4.48":{"lerp_mode":"catmullrom","post":[4.94,-0.75,5.03]},"4.88":{"lerp_mode":"catmullrom","post":[4,27,4]},"5.4":[-1,18,-1],"5.44":[-5,18,-5],"5.8":{"lerp_mode":"catmullrom","post":[8,-10,7.5]},"5.92":{"lerp_mode":"catmullrom","post":[4.94,-0.75,5.03]},"6.32":{"lerp_mode":"catmullrom","post":[4,27,4]},"6.84":[-1,18,-1],"6.88":[-5,18,-5]},"rotation":{"1.12":{"lerp_mode":"catmullrom","post":[0,0,0]},"1.8":{"lerp_mode":"catmullrom","post":[52.352,25.07463,-53.49858]},"2.08":{"lerp_mode":"catmullrom","post":[78.4081,70.2588,-76.90435]},"2.2":{"lerp_mode":"catmullrom","post":[69.9734,84.7174,-100.37871]},"2.28":{"lerp_mode":"catmullrom","post":[0,90,-180]},"2.68":{"lerp_mode":"catmullrom","post":[0,0,0]},"3.36":{"lerp_mode":"catmullrom","post":[52.352,25.07463,-53.49858]},"3.64":{"lerp_mode":"catmullrom","post":[78.4081,70.2588,-76.90435]},"3.76":{"lerp_mode":"catmullrom","post":[69.9734,84.7174,-100.37871]},"3.84":{"lerp_mode":"catmullrom","post":[0,90,-180]},"4.36":{"lerp_mode":"catmullrom","post":[0,0,0]},"5.04":{"lerp_mode":"catmullrom","post":[52.352,25.07463,-53.49858]},"5.32":{"lerp_mode":"catmullrom","post":[78.4081,70.2588,-76.90435]},"5.44":{"lerp_mode":"catmullrom","post":[69.9734,84.7174,-100.37871]},"5.52":{"lerp_mode":"catmullrom","post":[0,90,-180]},"5.8":{"lerp_mode":"catmullrom","post":[0,0,0]},"6.48":{"lerp_mode":"catmullrom","post":[52.352,25.07463,-53.49858]},"6.76":{"lerp_mode":"catmullrom","post":[78.4081,70.2588,-76.90435]},"6.88":{"lerp_mode":"catmullrom","post":[69.9734,84.7174,-100.37871]},"6.96":{"lerp_mode":"catmullrom","post":[0,90,-180]}},"scale":{"1.04":[0,0,0],"1.12":{"lerp_mode":"catmullrom","post":[0.2,0.2,0.2]},"1.64":{"lerp_mode":"catmullrom","post":[0.8,0.8,0.8]},"2.16":{"lerp_mode":"catmullrom","post":[1,1,1]},"2.2":[0,0,0],"2.6":[0,0,0],"3.2":{"lerp_mode":"catmullrom","post":[0.8,0.8,0.8]},"3.72":{"lerp_mode":"catmullrom","post":[1,1,1]},"3.76":[0,0,0],"4.28":[0,0,0],"4.36":{"lerp_mode":"catmullrom","post":[0.2,0.2,0.2]},"4.88":{"lerp_mode":"catmullrom","post":[0.8,0.8,0.8]},"5.4":{"lerp_mode":"catmullrom","post":[1,1,1]},"5.44":[0,0,0],"5.72":[0,0,0],"5.8":{"lerp_mode":"catmullrom","post":[0.2,0.2,0.2]},"6.32":{"lerp_mode":"catmullrom","post":[0.8,0.8,0.8]},"6.84":{"lerp_mode":"catmullrom","post":[1,1,1]},"6.88":[0,0,0]}},"27":{"rotation":{"1.12":[0,0,0],"2.28":[0,720,0],"2.68":[0,0,0],"3.84":[0,-720,0],"4.36":[0,0,0],"5.52":[0,720,0],"5.8":[0,0,0],"6.96":[0,-720,0]}},"28":{"position":{"0.52":{"lerp_mode":"catmullrom","post":[8,-10,7.5]},"0.64":{"lerp_mode":"catmullrom","post":[4.94,-0.75,5.03]},"1.04":{"lerp_mode":"catmullrom","post":[4,27,4]},"1.56":[-1,18,-1],"1.6":[-5,18,-5],"2.76":{"lerp_mode":"catmullrom","post":[8,-10,7.5]},"2.88":{"lerp_mode":"catmullrom","post":[4.94,-0.75,5.03]},"3.28":{"lerp_mode":"catmullrom","post":[4,27,4]},"3.8":[-1,18,-1],"3.84":[-5,18,-5],"4.88":{"lerp_mode":"catmullrom","post":[8,-10,7.5]},"5.0":{"lerp_mode":"catmullrom","post":[4.94,-0.75,5.03]},"5.4":{"lerp_mode":"catmullrom","post":[4,27,4]},"5.92":[-1,18,-1],"5.96":[-5,18,-5]},"rotation":{"0.52":{"lerp_mode":"catmullrom","post":[0,0,0]},"1.2":{"lerp_mode":"catmullrom","post":[52.352,25.07463,-53.49858]},"1.48":{"lerp_mode":"catmullrom","post":[78.4081,70.2588,-76.90435]},"1.6":{"lerp_mode":"catmullrom","post":[69.9734,84.7174,-100.37871]},"1.68":{"lerp_mode":"catmullrom","post":[0,90,-180]},"2.76":{"lerp_mode":"catmullrom","post":[0,0,0]},"3.44":{"lerp_mode":"catmullrom","post":[52.352,25.07463,-53.49858]},"3.72":{"lerp_mode":"catmullrom","post":[78.4081,70.2588,-76.90435]},"3.84":{"lerp_mode":"catmullrom","post":[69.9734,84.7174,-100.37871]},"3.92":{"lerp_mode":"catmullrom","post":[0,90,-180]},"4.88":{"lerp_mode":"catmullrom","post":[0,0,0]},"5.56":{"lerp_mode":"catmullrom","post":[52.352,25.07463,-53.49858]},"5.84":{"lerp_mode":"catmullrom","post":[78.4081,70.2588,-76.90435]},"5.96":{"lerp_mode":"catmullrom","post":[69.9734,84.7174,-100.37871]},"6.04":{"lerp_mode":"catmullrom","post":[0,90,-180]}},"scale":{"0.44":[0,0,0],"0.52":{"lerp_mode":"catmullrom","post":[0.2,0.2,0.2]},"1.04":{"lerp_mode":"catmullrom","post":[0.8,0.8,0.8]},"1.56":{"lerp_mode":"catmullrom","post":[1,1,1]},"1.6":[0,0,0],"2.68":[0,0,0],"2.76":{"lerp_mode":"catmullrom","post":[0.2,0.2,0.2]},"3.28":{"lerp_mode":"catmullrom","post":[0.8,0.8,0.8]},"3.8":{"lerp_mode":"catmullrom","post":[1,1,1]},"3.84":[0,0,0],"4.8":[0,0,0],"4.88":{"lerp_mode":"catmullrom","post":[0.2,0.2,0.2]},"5.4":{"lerp_mode":"catmullrom","post":[0.8,0.8,0.8]},"5.92":{"lerp_mode":"catmullrom","post":[1,1,1]},"5.96":[0,0,0]}},"29":{"rotation":{"0.52":[0,0,0],"1.68":[0,-720,0],"2.76":[0,0,0],"3.92":[0,720,0],"4.88":[0,0,0],"6.04":[0,-720,0]}},"3":{"rotation":{"0.32":[0,0,0],"1.48":[0,-720,0],"1.72":[0,0,0],"2.88":[0,720,0],"3.12":[0,0,0],"4.28":[0,-720,0],"4.52":[0,0,0],"5.68":[0,720,0],"5.88":[0,0,0],"7.04":[0,-720,0]}},"30":{"position":{"0.32":{"lerp_mode":"catmullrom","post":[8,-10,7.5]},"0.44":{"lerp_mode":"catmullrom","post":[4.94,-0.75,5.03]},"0.84":{"lerp_mode":"catmullrom","post":[4,27,4]},"1.36":[-1,18,-1],"1.4":[-5,18,-5],"1.6":{"lerp_mode":"catmullrom","post":[8,-10,7.5]},"1.72":{"lerp_mode":"catmullrom","post":[4.94,-0.75,5.03]},"2.12":{"lerp_mode":"catmullrom","post":[4,27,4]},"2.64":[-1,18,-1],"2.68":[-5,18,-5],"3.0":{"lerp_mode":"catmullrom","post":[8,-10,7.5]},"3.12":{"lerp_mode":"catmullrom","post":[4.94,-0.75,5.03]},"3.52":{"lerp_mode":"catmullrom","post":[4,27,4]},"4.04":[-1,18,-1],"4.08":[-5,18,-5],"4.48":{"lerp_mode":"catmullrom","post":[8,-10,7.5]},"4.6":{"lerp_mode":"catmullrom","post":[4.94,-0.75,5.03]},"5.0":{"lerp_mode":"catmullrom","post":[4,27,4]},"5.52":[-1,18,-1],"5.56":[-5,18,-5]},"rotation":{"0.32":{"lerp_mode":"catmullrom","post":[0,0,0]},"1.0":{"lerp_mode":"catmullrom","post":[52.352,25.07463,-53.49858]},"1.28":{"lerp_mode":"catmullrom","post":[78.4081,70.2588,-76.90435]},"1.4":{"lerp_mode":"catmullrom","post":[69.9734,84.7174,-100.37871]},"1.48":{"lerp_mode":"catmullrom","post":[0,90,-180]},"1.6":{"lerp_mode":"catmullrom","post":[0,0,0]},"2.28":{"lerp_mode":"catmullrom","post":[52.352,25.07463,-53.49858]},"2.56":{"lerp_mode":"catmullrom","post":[78.4081,70.2588,-76.90435]},"2.68":{"lerp_mode":"catmullrom","post":[69.9734,84.7174,-100.37871]},"2.76":{"lerp_mode":"catmullrom","post":[0,90,-180]},"3.0":{"lerp_mode":"catmullrom","post":[0,0,0]},"3.68":{"lerp_mode":"catmullrom","post":[52.352,25.07463,-53.49858]},"3.96":{"lerp_mode":"catmullrom","post":[78.4081,70.2588,-76.90435]},"4.08":{"lerp_mode":"catmullrom","post":[69.9734,84.7174,-100.37871]},"4.16":{"lerp_mode":"catmullrom","post":[0,90,-180]},"4.48":{"lerp_mode":"catmullrom","post":[0,0,0]},"5.16":{"lerp_mode":"catmullrom","post":[52.352,25.07463,-53.49858]},"5.44":{"lerp_mode":"catmullrom","post":[78.4081,70.2588,-76.90435]},"5.56":{"lerp_mode":"catmullrom","post":[69.9734,84.7174,-100.37871]},"5.64":{"lerp_mode":"catmullrom","post":[0,90,-180]}},"scale":{"0.24":[0,0,0],"0.32":{"lerp_mode":"catmullrom","post":[0.2,0.2,0.2]},"0.84":{"lerp_mode":"catmullrom","post":[0.8,0.8,0.8]},"1.36":{"lerp_mode":"catmullrom","post":[1,1,1]},"1.4":[0,0,0],"1.52":[0,0,0],"1.6":{"lerp_mode":"catmullrom","post":[0.2,0.2,0.2]},"2.12":{"lerp_mode":"catmullrom","post":[0.8,0.8,0.8]},"2.64":{"lerp_mode":"catmullrom","post":[1,1,1]},"2.68":[0,0,0],"2.92":[0,0,0],"3.0":{"lerp_mode":"catmullrom","post":[0.2,0.2,0.2]},"3.52":{"lerp_mode":"catmullrom","post":[0.8,0.8,0.8]},"4.04":{"lerp_mode":"catmullrom","post":[1,1,1]},"4.08":[0,0,0],"4.4":[0,0,0],"4.48":{"lerp_mode":"catmullrom","post":[0.2,0.2,0.2]},"5.0":{"lerp_mode":"catmullrom","post":[0.8,0.8,0.8]},"5.52":{"lerp_mode":"catmullrom","post":[1,1,1]},"5.56":[0,0,0]}},"31":{"rotation":{"0.32":[0,0,0],"1.48":[0,720,0],"1.6":[0,0,0],"2.76":[0,-720,0],"3.0":[0,0,0],"4.16":[0,720,0],"4.48":[0,0,0],"5.64":[0,-720,0]}},"32":{"position":{"0.24":{"lerp_mode":"catmullrom","post":[8,-10,7.5]},"0.36":{"lerp_mode":"catmullrom","post":[4.94,-0.75,5.03]},"0.76":{"lerp_mode":"catmullrom","post":[4,27,4]},"1.28":[-1,18,-1],"1.32":[-5,18,-5],"1.72":{"lerp_mode":"catmullrom","post":[8,-10,7.5]},"1.84":{"lerp_mode":"catmullrom","post":[4.94,-0.75,5.03]},"2.24":{"lerp_mode":"catmullrom","post":[4,27,4]},"2.76":[-1,18,-1],"2.8":[-5,18,-5],"3.28":{"lerp_mode":"catmullrom","post":[8,-10,7.5]},"3.4":{"lerp_mode":"catmullrom","post":[4.94,-0.75,5.03]},"3.8":{"lerp_mode":"catmullrom","post":[4,27,4]},"4.32":[-1,18,-1],"4.36":[-5,18,-5],"4.64":{"lerp_mode":"catmullrom","post":[8,-10,7.5]},"4.76":{"lerp_mode":"catmullrom","post":[4.94,-0.75,5.03]},"5.16":{"lerp_mode":"catmullrom","post":[4,27,4]},"5.68":[-1,18,-1],"5.72":[-5,18,-5],"6.0":{"lerp_mode":"catmullrom","post":[8,-10,7.5]},"6.12":{"lerp_mode":"catmullrom","post":[4.94,-0.75,5.03]},"6.52":{"lerp_mode":"catmullrom","post":[4,27,4]},"7.04":[-1,18,-1],"7.08":[-5,18,-5]},"rotation":{"0.24":{"lerp_mode":"catmullrom","post":[0,0,0]},"0.92":{"lerp_mode":"catmullrom","post":[52.352,25.07463,-53.49858]},"1.2":{"lerp_mode":"catmullrom","post":[78.4081,70.2588,-76.90435]},"1.32":{"lerp_mode":"catmullrom","post":[69.9734,84.7174,-100.37871]},"1.4":{"lerp_mode":"catmullrom","post":[0,90,-180]},"1.72":{"lerp_mode":"catmullrom","post":[0,0,0]},"2.4":{"lerp_mode":"catmullrom","post":[52.352,25.07463,-53.49858]},"2.68":{"lerp_mode":"catmullrom","post":[78.4081,70.2588,-76.90435]},"2.8":{"lerp_mode":"catmullrom","post":[69.9734,84.7174,-100.37871]},"2.88":{"lerp_mode":"catmullrom","post":[0,90,-180]},"3.28":{"lerp_mode":"catmullrom","post":[0,0,0]},"3.96":{"lerp_mode":"catmullrom","post":[52.352,25.07463,-53.49858]},"4.24":{"lerp_mode":"catmullrom","post":[78.4081,70.2588,-76.90435]},"4.36":{"lerp_mode":"catmullrom","post":[69.9734,84.7174,-100.37871]},"4.44":{"lerp_mode":"catmullrom","post":[0,90,-180]},"4.64":{"lerp_mode":"catmullrom","post":[0,0,0]},"5.32":{"lerp_mode":"catmullrom","post":[52.352,25.07463,-53.49858]},"5.6":{"lerp_mode":"catmullrom","post":[78.4081,70.2588,-76.90435]},"5.72":{"lerp_mode":"catmullrom","post":[69.9734,84.7174,-100.37871]},"5.8":{"lerp_mode":"catmullrom","post":[0,90,-180]},"6.0":{"lerp_mode":"catmullrom","post":[0,0,0]},"6.68":{"lerp_mode":"catmullrom","post":[52.352,25.07463,-53.49858]},"6.96":{"lerp_mode":"catmullrom","post":[78.4081,70.2588,-76.90435]},"7.08":{"lerp_mode":"catmullrom","post":[69.9734,84.7174,-100.37871]},"7.16":{"lerp_mode":"catmullrom","post":[0,90,-180]}},"scale":{"0.16":[0,0,0],"0.24":{"lerp_mode":"catmullrom","post":[0.2,0.2,0.2]},"0.76":{"lerp_mode":"catmullrom","post":[0.8,0.8,0.8]},"1.28":{"lerp_mode":"catmullrom","post":[1,1,1]},"1.32":[0,0,0],"1.64":[0,0,0],"1.72":{"lerp_mode":"catmullrom","post":[0.2,0.2,0.2]},"2.24":{"lerp_mode":"catmullrom","post":[0.8,0.8,0.8]},"2.76":{"lerp_mode":"catmullrom","post":[1,1,1]},"2.8":[0,0,0],"3.2":[0,0,0],"3.28":{"lerp_mode":"catmullrom","post":[0.2,0.2,0.2]},"3.8":{"lerp_mode":"catmullrom","post":[0.8,0.8,0.8]},"4.32":{"lerp_mode":"catmullrom","post":[1,1,1]},"4.36":[0,0,0],"4.56":[0,0,0],"4.64":{"lerp_mode":"catmullrom","post":[0.2,0.2,0.2]},"5.16":{"lerp_mode":"catmullrom","post":[0.8,0.8,0.8]},"5.68":{"lerp_mode":"catmullrom","post":[1,1,1]},"5.72":[0,0,0],"5.92":[0,0,0],"6.0":{"lerp_mode":"catmullrom","post":[0.2,0.2,0.2]},"6.52":{"lerp_mode":"catmullrom","post":[0.8,0.8,0.8]},"7.04":{"lerp_mode":"catmullrom","post":[1,1,1]},"7.08":[0,0,0]}},"33":{"rotation":{"0.24":[0,0,0],"1.4":[0,-720,0],"1.72":[0,0,0],"2.88":[0,720,0],"3.28":[0,0,0],"4.44":[0,720,0],"4.64":[0,0,0],"5.8":[0,-720,0],"6.0":[0,0,0],"7.16":[0,720,0]}},"34":{"position":{"0.16":{"lerp_mode":"catmullrom","post":[-8,-10,-7.5]},"0.28":{"lerp_mode":"catmullrom","post":[-4.94,-0.75,-5.03]},"0.68":{"lerp_mode":"catmullrom","post":[-4,27,-4]},"1.2":[1,18,1],"1.24":[5,18,5],"1.76":{"lerp_mode":"catmullrom","post":[-8,-10,-7.5]},"1.88":{"lerp_mode":"catmullrom","post":[-4.94,-0.75,-5.03]},"2.28":{"lerp_mode":"catmullrom","post":[-4,27,-4]},"2.8":[1,18,1],"2.84":[5,18,5],"3.2":{"lerp_mode":"catmullrom","post":[-8,-10,-7.5]},"3.32":{"lerp_mode":"catmullrom","post":[-4.94,-0.75,-5.03]},"3.72":{"lerp_mode":"catmullrom","post":[-4,27,-4]},"4.24":[1,18,1],"4.28":[5,18,5],"4.72":{"lerp_mode":"catmullrom","post":[-8,-10,-7.5]},"4.84":{"lerp_mode":"catmullrom","post":[-4.94,-0.75,-5.03]},"5.24":{"lerp_mode":"catmullrom","post":[-4,27,-4]},"5.76":[1,18,1],"5.8":[5,18,5],"6.0":{"lerp_mode":"catmullrom","post":[-8,-10,-7.5]},"6.12":{"lerp_mode":"catmullrom","post":[-4.94,-0.75,-5.03]},"6.52":{"lerp_mode":"catmullrom","post":[-4,27,-4]},"7.04":[1,18,1],"7.08":[5,18,5]},"rotation":{"0.16":{"lerp_mode":"catmullrom","post":[0,0,0]},"0.84":{"lerp_mode":"catmullrom","post":[-52.352,25.07463,53.4986]},"1.12":{"lerp_mode":"catmullrom","post":[-78.4081,70.2588,76.9043]},"1.24":{"lerp_mode":"catmullrom","post":[-69.9734,84.7174,100.3787]},"1.32":{"lerp_mode":"catmullrom","post":[0,90,180]},"1.76":{"lerp_mode":"catmullrom","post":[0,0,0]},"2.44":{"lerp_mode":"catmullrom","post":[-52.352,25.07463,53.4986]},"2.72":{"lerp_mode":"catmullrom","post":[-78.4081,70.2588,76.9043]},"2.84":{"lerp_mode":"catmullrom","post":[-69.9734,84.7174,100.3787]},"2.92":{"lerp_mode":"catmullrom","post":[0,90,180]},"3.2":{"lerp_mode":"catmullrom","post":[0,0,0]},"3.88":{"lerp_mode":"catmullrom","post":[-52.352,25.07463,53.4986]},"4.16":{"lerp_mode":"catmullrom","post":[-78.4081,70.2588,76.9043]},"4.28":{"lerp_mode":"catmullrom","post":[-69.9734,84.7174,100.3787]},"4.36":{"lerp_mode":"catmullrom","post":[0,90,180]},"4.72":{"lerp_mode":"catmullrom","post":[0,0,0]},"5.4":{"lerp_mode":"catmullrom","post":[-52.352,25.07463,53.4986]},"5.68":{"lerp_mode":"catmullrom","post":[-78.4081,70.2588,76.9043]},"5.8":{"lerp_mode":"catmullrom","post":[-69.9734,84.7174,100.3787]},"5.88":{"lerp_mode":"catmullrom","post":[0,90,180]},"6.0":{"lerp_mode":"catmullrom","post":[0,0,0]},"6.68":{"lerp_mode":"catmullrom","post":[-52.352,25.07463,53.4986]},"6.96":{"lerp_mode":"catmullrom","post":[-78.4081,70.2588,76.9043]},"7.08":{"lerp_mode":"catmullrom","post":[-69.9734,84.7174,100.3787]},"7.16":{"lerp_mode":"catmullrom","post":[0,90,180]}},"scale":{"0.08":[0,0,0],"0.16":{"lerp_mode":"catmullrom","post":[0.2,0.2,0.2]},"0.68":{"lerp_mode":"catmullrom","post":[0.8,0.8,0.8]},"1.2":{"lerp_mode":"catmullrom","post":[1,1,1]},"1.24":[0,0,0],"1.68":[0,0,0],"1.76":{"lerp_mode":"catmullrom","post":[0.2,0.2,0.2]},"2.28":{"lerp_mode":"catmullrom","post":[0.8,0.8,0.8]},"2.8":{"lerp_mode":"catmullrom","post":[1,1,1]},"2.84":[0,0,0],"3.12":[0,0,0],"3.2":{"lerp_mode":"catmullrom","post":[0.2,0.2,0.2]},"3.72":{"lerp_mode":"catmullrom","post":[0.8,0.8,0.8]},"4.24":{"lerp_mode":"catmullrom","post":[1,1,1]},"4.28":[0,0,0],"4.64":[0,0,0],"4.72":{"lerp_mode":"catmullrom","post":[0.2,0.2,0.2]},"5.24":{"lerp_mode":"catmullrom","post":[0.8,0.8,0.8]},"5.76":{"lerp_mode":"catmullrom","post":[1,1,1]},"5.8":[0,0,0],"5.92":[0,0,0],"6.0":{"lerp_mode":"catmullrom","post":[0.2,0.2,0.2]},"6.52":{"lerp_mode":"catmullrom","post":[0.8,0.8,0.8]},"7.04":{"lerp_mode":"catmullrom","post":[1,1,1]},"7.08":[0,0,0]}},"35":{"rotation":{"0.16":[0,0,0],"1.32":[0,-720,0],"1.76":[0,0,0],"2.92":[0,720,0],"3.2":[0,0,0],"4.36":[0,-720,0],"4.72":[0,0,0],"5.88":[0,720,0],"6.0":[0,0,0],"7.16":[0,-720,0]}},"36":{"scale":{"0.0":[1,1,1],"0.16":[1,1,1],"0.68":[1,1,1],"1.12":[0.8,0.8,0.8],"1.16":[0,0,0],"1.76":[1,1,1],"2.28":[1,1,1],"2.72":[0.8,0.8,0.8],"2.76":[0,0,0],"3.2":[1,1,1],"3.72":[1,1,1],"4.16":[0.8,0.8,0.8],"4.2":[0,0,0],"4.72":[1,1,1],"5.24":[1,1,1],"5.68":[0.8,0.8,0.8],"5.72":[0,0,0],"6.0":[1,1,1],"6.52":[1,1,1],"6.96":[0.8,0.8,0.8],"7.0":[0,0,0]}},"37":{"position":{"1.2":{"lerp_mode":"catmullrom","post":[-8,-10,-7.5]},"1.32":{"lerp_mode":"catmullrom","post":[-4.94,-0.75,-5.03]},"1.72":{"lerp_mode":"catmullrom","post":[-4,27,-4]},"2.24":[1,18,1],"2.28":[5,18,5],"3.0":{"lerp_mode":"catmullrom","post":[-8,-10,-7.5]},"3.12":{"lerp_mode":"catmullrom","post":[-4.94,-0.75,-5.03]},"3.52":{"lerp_mode":"catmullrom","post":[-4,27,-4]},"4.04":[1,18,1],"4.08":[5,18,5],"4.44":{"lerp_mode":"catmullrom","post":[-8,-10,-7.5]},"4.56":{"lerp_mode":"catmullrom","post":[-4.94,-0.75,-5.03]},"4.96":{"lerp_mode":"catmullrom","post":[-4,27,-4]},"5.48":[1,18,1],"5.52":[5,18,5],"5.8":{"lerp_mode":"catmullrom","post":[-8,-10,-7.5]},"5.92":{"lerp_mode":"catmullrom","post":[-4.94,-0.75,-5.03]},"6.32":{"lerp_mode":"catmullrom","post":[-4,27,-4]},"6.84":[1,18,1],"6.88":[5,18,5]},"rotation":{"1.2":{"lerp_mode":"catmullrom","post":[0,0,0]},"1.88":{"lerp_mode":"catmullrom","post":[-52.352,25.07463,53.4986]},"2.16":{"lerp_mode":"catmullrom","post":[-78.4081,70.2588,76.9043]},"2.28":{"lerp_mode":"catmullrom","post":[-69.9734,84.7174,100.3787]},"2.36":{"lerp_mode":"catmullrom","post":[0,90,180]},"3.0":{"lerp_mode":"catmullrom","post":[0,0,0]},"3.68":{"lerp_mode":"catmullrom","post":[-52.352,25.07463,53.4986]},"3.96":{"lerp_mode":"catmullrom","post":[-78.4081,70.2588,76.9043]},"4.08":{"lerp_mode":"catmullrom","post":[-69.9734,84.7174,100.3787]},"4.16":{"lerp_mode":"catmullrom","post":[0,90,180]},"4.44":{"lerp_mode":"catmullrom","post":[0,0,0]},"5.12":{"lerp_mode":"catmullrom","post":[-52.352,25.07463,53.4986]},"5.4":{"lerp_mode":"catmullrom","post":[-78.4081,70.2588,76.9043]},"5.52":{"lerp_mode":"catmullrom","post":[-69.9734,84.7174,100.3787]},"5.6":{"lerp_mode":"catmullrom","post":[0,90,180]},"5.8":{"lerp_mode":"catmullrom","post":[0,0,0]},"6.48":{"lerp_mode":"catmullrom","post":[-52.352,25.07463,53.4986]},"6.76":{"lerp_mode":"catmullrom","post":[-78.4081,70.2588,76.9043]},"6.88":{"lerp_mode":"catmullrom","post":[-69.9734,84.7174,100.3787]},"6.96":{"lerp_mode":"catmullrom","post":[0,90,180]}},"scale":{"1.12":[0,0,0],"1.2":{"lerp_mode":"catmullrom","post":[0.2,0.2,0.2]},"1.72":{"lerp_mode":"catmullrom","post":[0.8,0.8,0.8]},"2.24":{"lerp_mode":"catmullrom","post":[1,1,1]},"2.28":[0,0,0],"2.92":[0,0,0],"3.0":{"lerp_mode":"catmullrom","post":[0.2,0.2,0.2]},"3.52":{"lerp_mode":"catmullrom","post":[0.8,0.8,0.8]},"4.04":{"lerp_mode":"catmullrom","post":[1,1,1]},"4.08":[0,0,0],"4.36":[0,0,0],"4.44":{"lerp_mode":"catmullrom","post":[0.2,0.2,0.2]},"4.96":{"lerp_mode":"catmullrom","post":[0.8,0.8,0.8]},"5.48":{"lerp_mode":"catmullrom","post":[1,1,1]},"5.52":[0,0,0],"5.72":[0,0,0],"5.8":{"lerp_mode":"catmullrom","post":[0.2,0.2,0.2]},"6.32":{"lerp_mode":"catmullrom","post":[0.8,0.8,0.8]},"6.84":{"lerp_mode":"catmullrom","post":[1,1,1]},"6.88":[0,0,0]}},"38":{"rotation":{"1.2":[0,0,0],"2.36":[0,-720,0],"3.0":[0,0,0],"4.16":[0,720,0],"4.44":[0,0,0],"5.6":[0,-720,0],"5.8":[0,0,0],"6.96":[0,-20,0]}},"39":{"position":{"0.56":{"lerp_mode":"catmullrom","post":[-8,-10,-7.5]},"0.68":{"lerp_mode":"catmullrom","post":[-4.94,-0.75,-5.03]},"1.08":{"lerp_mode":"catmullrom","post":[-4,27,-4]},"1.6":[1,18,1],"1.64":[5,18,5],"2.16":{"lerp_mode":"catmullrom","post":[-8,-10,-7.5]},"2.28":{"lerp_mode":"catmullrom","post":[-4.94,-0.75,-5.03]},"2.68":{"lerp_mode":"catmullrom","post":[-4,27,-4]},"3.2":[1,18,1],"3.24":[5,18,5],"3.84":{"lerp_mode":"catmullrom","post":[-8,-10,-7.5]},"3.96":{"lerp_mode":"catmullrom","post":[-4.94,-0.75,-5.03]},"4.36":{"lerp_mode":"catmullrom","post":[-4,27,-4]},"4.88":[1,18,1],"4.92":[5,18,5]},"rotation":{"0.56":{"lerp_mode":"catmullrom","post":[0,0,0]},"1.24":{"lerp_mode":"catmullrom","post":[-52.352,25.07463,53.4986]},"1.52":{"lerp_mode":"catmullrom","post":[-78.4081,70.2588,76.9043]},"1.64":{"lerp_mode":"catmullrom","post":[-69.9734,84.7174,100.3787]},"1.72":{"lerp_mode":"catmullrom","post":[0,90,180]},"2.16":{"lerp_mode":"catmullrom","post":[0,0,0]},"2.84":{"lerp_mode":"catmullrom","post":[-52.352,25.07463,53.4986]},"3.12":{"lerp_mode":"catmullrom","post":[-78.4081,70.2588,76.9043]},"3.24":{"lerp_mode":"catmullrom","post":[-69.9734,84.7174,100.3787]},"3.32":{"lerp_mode":"catmullrom","post":[0,90,180]},"3.84":{"lerp_mode":"catmullrom","post":[0,0,0]},"4.52":{"lerp_mode":"catmullrom","post":[-52.352,25.07463,53.4986]},"4.8":{"lerp_mode":"catmullrom","post":[-78.4081,70.2588,76.9043]},"4.92":{"lerp_mode":"catmullrom","post":[-69.9734,84.7174,100.3787]},"5.0":{"lerp_mode":"catmullrom","post":[0,90,180]}},"scale":{"0.48":[0,0,0],"0.56":{"lerp_mode":"catmullrom","post":[0.2,0.2,0.2]},"1.08":{"lerp_mode":"catmullrom","post":[0.8,0.8,0.8]},"1.6":{"lerp_mode":"catmullrom","post":[1,1,1]},"1.64":[0,0,0],"2.08":[0,0,0],"2.16":{"lerp_mode":"catmullrom","post":[0.2,0.2,0.2]},"2.68":{"lerp_mode":"catmullrom","post":[0.8,0.8,0.8]},"3.2":{"lerp_mode":"catmullrom","post":[1,1,1]},"3.24":[0,0,0],"3.76":[0,0,0],"3.84":{"lerp_mode":"catmullrom","post":[0.2,0.2,0.2]},"4.36":{"lerp_mode":"catmullrom","post":[0.8,0.8,0.8]},"4.88":{"lerp_mode":"catmullrom","post":[1,1,1]},"4.92":[0,0,0]}},"4":{"position":{"0.6":{"lerp_mode":"catmullrom","post":[8,-10,-7.5]},"0.72":{"lerp_mode":"catmullrom","post":[4.94,-0.75,-5.03]},"1.12":{"lerp_mode":"catmullrom","post":[-1,40,1]},"1.64":[-5,35,5],"1.68":[-12,35,12],"2.08":{"lerp_mode":"catmullrom","post":[8,-10,-7.5]},"2.2":{"lerp_mode":"catmullrom","post":[4.94,-0.75,-5.03]},"2.6":{"lerp_mode":"catmullrom","post":[-1,40,1]},"3.12":[-5,35,5],"3.16":[-12,35,12],"3.72":{"lerp_mode":"catmullrom","post":[8,-10,-7.5]},"3.84":{"lerp_mode":"catmullrom","post":[4.94,-0.75,-5.03]},"4.24":{"lerp_mode":"catmullrom","post":[-1,40,1]},"4.76":[-5,35,5],"4.8":[-12,35,12],"5.32":{"lerp_mode":"catmullrom","post":[8,-10,-7.5]},"5.44":{"lerp_mode":"catmullrom","post":[4.94,-0.75,-5.03]},"5.84":{"lerp_mode":"catmullrom","post":[-1,40,1]},"6.36":[-5,35,5],"6.4":[-12,35,12]},"rotation":{"0.6":{"lerp_mode":"catmullrom","post":[0,0,0]},"1.28":{"lerp_mode":"catmullrom","post":[-52.352,-22.42537,-53.49858]},"1.56":{"lerp_mode":"catmullrom","post":[-78.40809,-70.25884,-76.90435]},"1.68":{"lerp_mode":"catmullrom","post":[-69.97338,-84.71739,-100.37871]},"1.76":{"lerp_mode":"catmullrom","post":[0,-90,-180]},"2.08":{"lerp_mode":"catmullrom","post":[0,0,0]},"2.76":{"lerp_mode":"catmullrom","post":[-52.352,-22.42537,-53.49858]},"3.04":{"lerp_mode":"catmullrom","post":[-78.40809,-70.25884,-76.90435]},"3.16":{"lerp_mode":"catmullrom","post":[-69.97338,-84.71739,-100.37871]},"3.24":{"lerp_mode":"catmullrom","post":[0,-90,-180]},"3.72":{"lerp_mode":"catmullrom","post":[0,0,0]},"4.4":{"lerp_mode":"catmullrom","post":[-52.352,-22.42537,-53.49858]},"4.68":{"lerp_mode":"catmullrom","post":[-78.40809,-70.25884,-76.90435]},"4.8":{"lerp_mode":"catmullrom","post":[-69.97338,-84.71739,-100.37871]},"4.88":{"lerp_mode":"catmullrom","post":[0,-90,-180]},"5.32":{"lerp_mode":"catmullrom","post":[0,0,0]},"6.0":{"lerp_mode":"catmullrom","post":[-52.352,-22.42537,-53.49858]},"6.28":{"lerp_mode":"catmullrom","post":[-78.40809,-70.25884,-76.90435]},"6.4":{"lerp_mode":"catmullrom","post":[-69.97338,-84.71739,-100.37871]},"6.48":{"lerp_mode":"catmullrom","post":[0,-90,-180]}},"scale":{"0.52":[0,0,0],"0.6":{"lerp_mode":"catmullrom","post":[0.2,0.2,0.2]},"1.12":{"lerp_mode":"catmullrom","post":[0.8,0.8,0.8]},"1.64":{"lerp_mode":"catmullrom","post":[1,1,1]},"1.68":[0,0,0],"2.0":[0,0,0],"2.08":{"lerp_mode":"catmullrom","post":[0.2,0.2,0.2]},"2.6":{"lerp_mode":"catmullrom","post":[0.8,0.8,0.8]},"3.12":{"lerp_mode":"catmullrom","post":[1,1,1]},"3.16":[0,0,0],"3.64":[0,0,0],"3.72":{"lerp_mode":"catmullrom","post":[0.2,0.2,0.2]},"4.24":{"lerp_mode":"catmullrom","post":[0.8,0.8,0.8]},"4.76":{"lerp_mode":"catmullrom","post":[1,1,1]},"4.8":[0,0,0],"5.24":[0,0,0],"5.32":{"lerp_mode":"catmullrom","post":[0.2,0.2,0.2]},"5.84":{"lerp_mode":"catmullrom","post":[0.8,0.8,0.8]},"6.36":{"lerp_mode":"catmullrom","post":[1,1,1]},"6.4":[0,0,0]}},"40":{"rotation":{"0.56":[0,0,0],"1.72":[0,720,0],"2.16":[0,0,0],"3.32":[0,-720,0],"3.84":[0,0,0],"5.0":[0,720,0]}},"41":{"position":{"0.36":{"lerp_mode":"catmullrom","post":[-8,-10,-7.5]},"0.48":{"lerp_mode":"catmullrom","post":[-4.94,-0.75,-5.03]},"0.88":{"lerp_mode":"catmullrom","post":[-4,27,-4]},"1.4":[1,18,1],"1.44":[5,18,5],"2.68":{"lerp_mode":"catmullrom","post":[-8,-10,-7.5]},"2.8":{"lerp_mode":"catmullrom","post":[-4.94,-0.75,-5.03]},"3.2":{"lerp_mode":"catmullrom","post":[-4,27,-4]},"3.72":[1,18,1],"3.76":[5,18,5],"4.16":{"lerp_mode":"catmullrom","post":[-8,-10,-7.5]},"4.28":{"lerp_mode":"catmullrom","post":[-4.94,-0.75,-5.03]},"4.68":{"lerp_mode":"catmullrom","post":[-4,27,-4]},"5.2":[1,18,1],"5.24":[5,18,5],"5.68":{"lerp_mode":"catmullrom","post":[-8,-10,-7.5]},"5.8":{"lerp_mode":"catmullrom","post":[-4.94,-0.75,-5.03]},"6.2":{"lerp_mode":"catmullrom","post":[-4,27,-4]},"6.72":[1,18,1],"6.76":[5,18,5]},"rotation":{"0.36":{"lerp_mode":"catmullrom","post":[0,0,0]},"1.04":{"lerp_mode":"catmullrom","post":[-52.352,25.07463,53.4986]},"1.32":{"lerp_mode":"catmullrom","post":[-78.4081,70.2588,76.9043]},"1.44":{"lerp_mode":"catmullrom","post":[-69.9734,84.7174,100.3787]},"1.52":{"lerp_mode":"catmullrom","post":[0,90,180]},"2.68":{"lerp_mode":"catmullrom","post":[0,0,0]},"3.36":{"lerp_mode":"catmullrom","post":[-52.352,25.07463,53.4986]},"3.64":{"lerp_mode":"catmullrom","post":[-78.4081,70.2588,76.9043]},"3.76":{"lerp_mode":"catmullrom","post":[-69.9734,84.7174,100.3787]},"3.84":{"lerp_mode":"catmullrom","post":[0,90,180]},"4.16":{"lerp_mode":"catmullrom","post":[0,0,0]},"4.84":{"lerp_mode":"catmullrom","post":[-52.352,25.07463,53.4986]},"5.12":{"lerp_mode":"catmullrom","post":[-78.4081,70.2588,76.9043]},"5.24":{"lerp_mode":"catmullrom","post":[-69.9734,84.7174,100.3787]},"5.32":{"lerp_mode":"catmullrom","post":[0,90,180]},"5.68":{"lerp_mode":"catmullrom","post":[0,0,0]},"6.36":{"lerp_mode":"catmullrom","post":[-52.352,25.07463,53.4986]},"6.64":{"lerp_mode":"catmullrom","post":[-78.4081,70.2588,76.9043]},"6.76":{"lerp_mode":"catmullrom","post":[-69.9734,84.7174,100.3787]},"6.84":{"lerp_mode":"catmullrom","post":[0,90,180]}},"scale":{"0.28":[0,0,0],"0.36":{"lerp_mode":"catmullrom","post":[0.2,0.2,0.2]},"0.88":{"lerp_mode":"catmullrom","post":[0.8,0.8,0.8]},"1.4":{"lerp_mode":"catmullrom","post":[1,1,1]},"1.44":[0,0,0],"2.6":[0,0,0],"2.68":{"lerp_mode":"catmullrom","post":[0.2,0.2,0.2]},"3.2":{"lerp_mode":"catmullrom","post":[0.8,0.8,0.8]},"3.72":{"lerp_mode":"catmullrom","post":[1,1,1]},"3.76":[0,0,0],"4.08":[0,0,0],"4.16":{"lerp_mode":"catmullrom","post":[0.2,0.2,0.2]},"4.68":{"lerp_mode":"catmullrom","post":[0.8,0.8,0.8]},"5.2":{"lerp_mode":"catmullrom","post":[1,1,1]},"5.24":[0,0,0],"5.6":[0,0,0],"5.68":{"lerp_mode":"catmullrom","post":[0.2,0.2,0.2]},"6.2":{"lerp_mode":"catmullrom","post":[0.8,0.8,0.8]},"6.72":{"lerp_mode":"catmullrom","post":[1,1,1]},"6.76":[0,0,0]}},"42":{"rotation":{"0.36":[0,0,0],"1.52":[0,-720,0],"2.68":[0,0,0],"3.84":[0,720,0],"4.16":[0,0,0],"5.32":[0,-720,0],"5.64":[0,0,0],"6.8":[0,720,0]}},"43":{"position":{"0.92":{"lerp_mode":"catmullrom","post":[-8,-10,-7.5]},"1.04":{"lerp_mode":"catmullrom","post":[-4.94,-0.75,-5.03]},"1.44":{"lerp_mode":"catmullrom","post":[-4,27,-4]},"1.96":[1,18,1],"2.0":[5,18,5],"2.64":{"lerp_mode":"catmullrom","post":[-8,-10,-7.5]},"2.76":{"lerp_mode":"catmullrom","post":[-4.94,-0.75,-5.03]},"3.16":{"lerp_mode":"catmullrom","post":[-4,27,-4]},"3.68":[1,18,1],"3.72":[5,18,5],"5.12":{"lerp_mode":"catmullrom","post":[-8,-10,-7.5]},"5.24":{"lerp_mode":"catmullrom","post":[-4.94,-0.75,-5.03]},"5.64":{"lerp_mode":"catmullrom","post":[-4,27,-4]},"6.16":[1,18,1],"6.2":[5,18,5]},"rotation":{"0.92":{"lerp_mode":"catmullrom","post":[0,0,0]},"1.6":{"lerp_mode":"catmullrom","post":[-52.352,25.07463,53.4986]},"1.88":{"lerp_mode":"catmullrom","post":[-78.4081,70.2588,76.9043]},"2.0":{"lerp_mode":"catmullrom","post":[-69.9734,84.7174,100.3787]},"2.08":{"lerp_mode":"catmullrom","post":[0,90,180]},"2.64":{"lerp_mode":"catmullrom","post":[0,0,0]},"3.32":{"lerp_mode":"catmullrom","post":[-52.352,25.07463,53.4986]},"3.6":{"lerp_mode":"catmullrom","post":[-78.4081,70.2588,76.9043]},"3.72":{"lerp_mode":"catmullrom","post":[-69.9734,84.7174,100.3787]},"3.8":{"lerp_mode":"catmullrom","post":[0,90,180]},"5.12":{"lerp_mode":"catmullrom","post":[0,0,0]},"5.8":{"lerp_mode":"catmullrom","post":[-52.352,25.07463,53.4986]},"6.08":{"lerp_mode":"catmullrom","post":[-78.4081,70.2588,76.9043]},"6.2":{"lerp_mode":"catmullrom","post":[-69.9734,84.7174,100.3787]},"6.28":{"lerp_mode":"catmullrom","post":[0,90,180]}},"scale":{"0.84":[0,0,0],"0.92":{"lerp_mode":"catmullrom","post":[0.2,0.2,0.2]},"1.44":{"lerp_mode":"catmullrom","post":[0.8,0.8,0.8]},"1.96":{"lerp_mode":"catmullrom","post":[1,1,1]},"2.0":[0,0,0],"2.56":[0,0,0],"2.64":{"lerp_mode":"catmullrom","post":[0.2,0.2,0.2]},"3.16":{"lerp_mode":"catmullrom","post":[0.8,0.8,0.8]},"3.68":{"lerp_mode":"catmullrom","post":[1,1,1]},"3.72":[0,0,0],"5.04":[0,0,0],"5.12":{"lerp_mode":"catmullrom","post":[0.2,0.2,0.2]},"5.64":{"lerp_mode":"catmullrom","post":[0.8,0.8,0.8]},"6.16":{"lerp_mode":"catmullrom","post":[1,1,1]},"6.2":[0,0,0]}},"44":{"rotation":{"0.92":[0,0,0],"2.08":[0,720,0],"2.64":[0,0,0],"3.8":[0,-720,0],"5.12":[0,0,0],"6.28":[0,-720,0]}},"5":{"rotation":{"0.6":[0,0,0],"1.76":[0,720,0],"2.08":[0,0,0],"3.24":[0,-720,0],"3.72":[0,0,0],"4.88":[0,720,0],"5.32":[0,0,0],"6.48":[0,-720,0]}},"6":{"position":{"0.92":{"lerp_mode":"catmullrom","post":[8,-10,-7.5]},"1.04":{"lerp_mode":"catmullrom","post":[4.94,-0.75,-5.03]},"1.44":{"lerp_mode":"catmullrom","post":[-1,40,1]},"1.96":[-5,35,5],"2.0":[-12,35,12],"2.68":{"lerp_mode":"catmullrom","post":[8,-10,-7.5]},"2.8":{"lerp_mode":"catmullrom","post":[4.94,-0.75,-5.03]},"3.2":{"lerp_mode":"catmullrom","post":[-1,40,1]},"3.72":[-5,35,5],"3.76":[-12,35,12],"4.04":{"lerp_mode":"catmullrom","post":[8,-10,-7.5]},"4.16":{"lerp_mode":"catmullrom","post":[4.94,-0.75,-5.03]},"4.56":{"lerp_mode":"catmullrom","post":[-1,40,1]},"5.08":[-5,35,5],"5.12":[-12,35,12],"5.44":{"lerp_mode":"catmullrom","post":[8,-10,-7.5]},"5.56":{"lerp_mode":"catmullrom","post":[4.94,-0.75,-5.03]},"5.96":{"lerp_mode":"catmullrom","post":[-1,40,1]},"6.48":[-5,35,5],"6.52":[-12,35,12]},"rotation":{"0.92":{"lerp_mode":"catmullrom","post":[0,0,0]},"1.6":{"lerp_mode":"catmullrom","post":[-52.352,-22.42537,-53.49858]},"1.88":{"lerp_mode":"catmullrom","post":[-78.40809,-70.25884,-76.90435]},"2.0":{"lerp_mode":"catmullrom","post":[-69.97338,-84.71739,-100.37871]},"2.08":{"lerp_mode":"catmullrom","post":[0,-90,-180]},"2.68":{"lerp_mode":"catmullrom","post":[0,0,0]},"3.36":{"lerp_mode":"catmullrom","post":[-52.352,-22.42537,-53.49858]},"3.64":{"lerp_mode":"catmullrom","post":[-78.40809,-70.25884,-76.90435]},"3.76":{"lerp_mode":"catmullrom","post":[-69.97338,-84.71739,-100.37871]},"3.84":{"lerp_mode":"catmullrom","post":[0,-90,-180]},"4.04":{"lerp_mode":"catmullrom","post":[0,0,0]},"4.72":{"lerp_mode":"catmullrom","post":[-52.352,-22.42537,-53.49858]},"5.0":{"lerp_mode":"catmullrom","post":[-78.40809,-70.25884,-76.90435]},"5.12":{"lerp_mode":"catmullrom","post":[-69.97338,-84.71739,-100.37871]},"5.2":{"lerp_mode":"catmullrom","post":[0,-90,-180]},"5.44":{"lerp_mode":"catmullrom","post":[0,0,0]},"6.12":{"lerp_mode":"catmullrom","post":[-52.352,-22.42537,-53.49858]},"6.4":{"lerp_mode":"catmullrom","post":[-78.40809,-70.25884,-76.90435]},"6.52":{"lerp_mode":"catmullrom","post":[-69.97338,-84.71739,-100.37871]},"6.6":{"lerp_mode":"catmullrom","post":[0,-90,-180]}},"scale":{"0.84":[0,0,0],"0.92":{"lerp_mode":"catmullrom","post":[0.2,0.2,0.2]},"1.44":{"lerp_mode":"catmullrom","post":[0.8,0.8,0.8]},"1.96":{"lerp_mode":"catmullrom","post":[1,1,1]},"2.0":[0,0,0],"2.6":[0,0,0],"2.68":{"lerp_mode":"catmullrom","post":[0.2,0.2,0.2]},"3.2":{"lerp_mode":"catmullrom","post":[0.8,0.8,0.8]},"3.72":{"lerp_mode":"catmullrom","post":[1,1,1]},"3.76":[0,0,0],"3.96":[0,0,0],"4.04":{"lerp_mode":"catmullrom","post":[0.2,0.2,0.2]},"4.56":{"lerp_mode":"catmullrom","post":[0.8,0.8,0.8]},"5.08":{"lerp_mode":"catmullrom","post":[1,1,1]},"5.12":[0,0,0],"5.36":[0,0,0],"5.44":{"lerp_mode":"catmullrom","post":[0.2,0.2,0.2]},"5.96":{"lerp_mode":"catmullrom","post":[0.8,0.8,0.8]},"6.48":{"lerp_mode":"catmullrom","post":[1,1,1]},"6.52":[0,0,0]}},"7":{"rotation":{"0.92":[0,0,0],"2.08":[0,-720,0],"2.68":[0,0,0],"3.84":[0,720,0],"4.04":[0,0,0],"5.2":[0,-720,0],"5.44":[0,0,0],"6.6":[0,720,0]}},"8":{"position":{"1.4":{"lerp_mode":"catmullrom","post":[8,-10,-7.5]},"1.52":{"lerp_mode":"catmullrom","post":[4.94,-0.75,-5.03]},"1.92":{"lerp_mode":"catmullrom","post":[-1,40,1]},"2.44":[-5,35,5],"2.48":[-12,35,12],"3.0":{"lerp_mode":"catmullrom","post":[8,-10,-7.5]},"3.12":{"lerp_mode":"catmullrom","post":[4.94,-0.75,-5.03]},"3.52":{"lerp_mode":"catmullrom","post":[-1,40,1]},"4.04":[-5,35,5],"4.08":[-12,35,12],"4.4":{"lerp_mode":"catmullrom","post":[8,-10,-7.5]},"4.52":{"lerp_mode":"catmullrom","post":[4.94,-0.75,-5.03]},"4.92":{"lerp_mode":"catmullrom","post":[-1,40,1]},"5.44":[-5,35,5],"5.48":[-12,35,12],"5.8":{"lerp_mode":"catmullrom","post":[8,-10,-7.5]},"5.92":{"lerp_mode":"catmullrom","post":[4.94,-0.75,-5.03]},"6.32":{"lerp_mode":"catmullrom","post":[-1,40,1]},"6.84":[-5,35,5],"6.88":[-12,35,12]},"rotation":{"1.4":{"lerp_mode":"catmullrom","post":[0,0,0]},"2.08":{"lerp_mode":"catmullrom","post":[-52.352,-22.42537,-53.49858]},"2.36":{"lerp_mode":"catmullrom","post":[-78.40809,-70.25884,-76.90435]},"2.48":{"lerp_mode":"catmullrom","post":[-69.97338,-84.71739,-100.37871]},"2.56":{"lerp_mode":"catmullrom","post":[0,-90,-180]},"3.0":{"lerp_mode":"catmullrom","post":[0,0,0]},"3.68":{"lerp_mode":"catmullrom","post":[-52.352,-22.42537,-53.49858]},"3.96":{"lerp_mode":"catmullrom","post":[-78.40809,-70.25884,-76.90435]},"4.08":{"lerp_mode":"catmullrom","post":[-69.97338,-84.71739,-100.37871]},"4.16":{"lerp_mode":"catmullrom","post":[0,-90,-180]},"4.4":{"lerp_mode":"catmullrom","post":[0,0,0]},"5.08":{"lerp_mode":"catmullrom","post":[-52.352,-22.42537,-53.49858]},"5.36":{"lerp_mode":"catmullrom","post":[-78.40809,-70.25884,-76.90435]},"5.48":{"lerp_mode":"catmullrom","post":[-69.97338,-84.71739,-100.37871]},"5.56":{"lerp_mode":"catmullrom","post":[0,-90,-180]},"5.8":{"lerp_mode":"catmullrom","post":[0,0,0]},"6.48":{"lerp_mode":"catmullrom","post":[-52.352,-22.42537,-53.49858]},"6.76":{"lerp_mode":"catmullrom","post":[-78.40809,-70.25884,-76.90435]},"6.88":{"lerp_mode":"catmullrom","post":[-69.97338,-84.71739,-100.37871]},"6.96":{"lerp_mode":"catmullrom","post":[0,-90,-180]}},"scale":{"1.32":[0,0,0],"1.4":{"lerp_mode":"catmullrom","post":[0.2,0.2,0.2]},"1.92":{"lerp_mode":"catmullrom","post":[0.8,0.8,0.8]},"2.44":{"lerp_mode":"catmullrom","post":[1,1,1]},"2.48":[0,0,0],"2.92":[0,0,0],"3.0":{"lerp_mode":"catmullrom","post":[0.2,0.2,0.2]},"3.52":{"lerp_mode":"catmullrom","post":[0.8,0.8,0.8]},"4.04":{"lerp_mode":"catmullrom","post":[1,1,1]},"4.08":[0,0,0],"4.32":[0,0,0],"4.4":{"lerp_mode":"catmullrom","post":[0.2,0.2,0.2]},"4.92":{"lerp_mode":"catmullrom","post":[0.8,0.8,0.8]},"5.44":{"lerp_mode":"catmullrom","post":[1,1,1]},"5.48":[0,0,0],"5.72":[0,0,0],"5.8":{"lerp_mode":"catmullrom","post":[0.2,0.2,0.2]},"6.32":{"lerp_mode":"catmullrom","post":[0.8,0.8,0.8]},"6.84":{"lerp_mode":"catmullrom","post":[1,1,1]},"6.88":[0,0,0]}},"9":{"rotation":{"1.4":[0,0,0],"2.56":[0,720,0],"3.0":[0,0,0],"4.16":[0,-720,0],"4.4":[0,0,0],"5.56":[0,720,0],"5.8":[0,0,0],"6.96":[0,-720,0]}},"bone":{"scale":{"0.32":[1,1,1],"0.84":[1,1,1],"1.28":[1.6,1.6,1.6],"1.32":[0,0,0],"1.72":[1,1,1],"2.24":[1,1,1],"2.68":[1.6,1.6,1.6],"2.72":[0,0,0],"3.12":[1,1,1],"3.64":[1,1,1],"4.08":[1.6,1.6,1.6],"4.12":[0,0,0],"4.52":[1,1,1],"5.04":[1,1,1],"5.48":[1.6,1.6,1.6],"5.52":[0,0,0],"5.88":[1,1,1],"6.4":[1,1,1],"6.84":[1.6,1.6,1.6],"6.88":[0,0,0]}},"bone10":{"scale":{"0.52":[1,1,1],"1.04":[1,1,1],"1.48":[0.8,0.8,0.8],"1.52":[0,0,0],"2.76":[1,1,1],"3.28":[1,1,1],"3.72":[0.8,0.8,0.8],"3.76":[0,0,0],"4.88":[1,1,1],"5.4":[1,1,1],"5.84":[0.8,0.8,0.8],"5.88":[0,0,0]}},"bone11":{"scale":{"0.32":[1,1,1],"0.84":[1,1,1],"1.28":[0.8,0.8,0.8],"1.32":[0,0,0],"1.6":[1,1,1],"2.12":[1,1,1],"2.56":[0.8,0.8,0.8],"2.6":[0,0,0],"3.0":[1,1,1],"3.52":[1,1,1],"3.96":[0.8,0.8,0.8],"4.0":[0,0,0],"4.48":[1,1,1],"5.0":[1,1,1],"5.44":[0.8,0.8,0.8],"5.48":[0,0,0]}},"bone12":{"scale":{"0.24":[1,1,1],"0.76":[1,1,1],"1.2":[0.8,0.8,0.8],"1.24":[0,0,0],"1.72":[1,1,1],"2.24":[1,1,1],"2.68":[0.8,0.8,0.8],"2.72":[0,0,0],"3.28":[1,1,1],"3.8":[1,1,1],"4.24":[0.8,0.8,0.8],"4.28":[0,0,0],"4.64":[1,1,1],"5.16":[1,1,1],"5.6":[0.8,0.8,0.8],"5.64":[0,0,0],"6.0":[1,1,1],"6.52":[1,1,1],"6.96":[0.8,0.8,0.8],"7.0":[0,0,0]}},"bone13":{"scale":{"1.2":[1,1,1],"1.72":[1,1,1],"2.16":[0.8,0.8,0.8],"2.2":[0,0,0],"3.0":[1,1,1],"3.52":[1,1,1],"3.96":[0.8,0.8,0.8],"4.0":[0,0,0],"4.44":[1,1,1],"4.96":[1,1,1],"5.4":[0.8,0.8,0.8],"5.44":[0,0,0],"5.8":[1,1,1],"6.32":[1,1,1],"6.76":[0.8,0.8,0.8],"6.8":[0,0,0]}},"bone14":{"scale":{"0.56":[1,1,1],"1.08":[1,1,1],"1.52":[0.8,0.8,0.8],"1.56":[0,0,0],"2.16":[1,1,1],"2.68":[1,1,1],"3.12":[0.8,0.8,0.8],"3.16":[0,0,0],"3.84":[1,1,1],"4.36":[1,1,1],"4.8":[0.8,0.8,0.8],"4.84":[0,0,0]}},"bone15":{"scale":{"0.36":[1,1,1],"0.88":[1,1,1],"1.32":[0.8,0.8,0.8],"1.36":[0,0,0],"2.68":[1,1,1],"3.2":[1,1,1],"3.64":[0.8,0.8,0.8],"3.68":[0,0,0],"4.16":[1,1,1],"4.68":[1,1,1],"5.12":[0.8,0.8,0.8],"5.16":[0,0,0],"5.64":[1,1,1],"6.16":[1,1,1],"6.6":[0.8,0.8,0.8],"6.64":[0,0,0]}},"bone16":{"scale":{"0.92":[1,1,1],"1.44":[1,1,1],"1.88":[0.8,0.8,0.8],"1.92":[0,0,0],"2.64":[1,1,1],"3.16":[1,1,1],"3.6":[0.8,0.8,0.8],"3.64":[0,0,0],"5.12":[1,1,1],"5.64":[1,1,1],"6.08":[0.8,0.8,0.8],"6.12":[0,0,0]}},"bone2":{"scale":{"0.6":[1,1,1],"1.12":[1,1,1],"1.56":[1.6,1.6,1.6],"1.6":[0,0,0],"2.08":[1,1,1],"2.6":[1,1,1],"3.04":[1.6,1.6,1.6],"3.08":[0,0,0],"3.72":[1,1,1],"4.24":[1,1,1],"4.68":[1.6,1.6,1.6],"4.72":[0,0,0],"5.32":[1,1,1],"5.84":[1,1,1],"6.28":[1.6,1.6,1.6],"6.32":[0,0,0]}},"bone3":{"scale":{"0.92":[1,1,1],"1.44":[1,1,1],"1.88":[1.6,1.6,1.6],"1.92":[0,0,0],"2.68":[1,1,1],"3.2":[1,1,1],"3.64":[1.6,1.6,1.6],"3.68":[0,0,0],"4.04":[1,1,1],"4.56":[1,1,1],"5.0":[1.6,1.6,1.6],"5.04":[0,0,0],"5.44":[1,1,1],"5.96":[1,1,1],"6.4":[1.6,1.6,1.6],"6.44":[0,0,0]}},"bone4":{"scale":{"1.4":[1,1,1],"1.92":[1,1,1],"2.36":[1.6,1.6,1.6],"2.4":[0,0,0],"3.0":[1,1,1],"3.52":[1,1,1],"3.96":[1.6,1.6,1.6],"4.0":[0,0,0],"4.4":[1,1,1],"4.92":[1,1,1],"5.36":[1.6,1.6,1.6],"5.4":[0,0,0],"5.8":[1,1,1],"6.32":[1,1,1],"6.76":[1.6,1.6,1.6],"6.8":[0,0,0]}},"bone5":{"scale":{"0.2":[1,1,1],"0.72":[1,1,1],"1.16":[1.6,1.6,1.6],"1.2":[0,0,0],"2.16":[1,1,1],"2.68":[1,1,1],"3.12":[1.6,1.6,1.6],"3.16":[0,0,0],"4.4":[1,1,1],"4.92":[1,1,1],"5.36":[1.6,1.6,1.6],"5.4":[0,0,0],"5.84":[1,1,1],"6.36":[1,1,1],"6.8":[1.6,1.6,1.6],"6.84":[0,0,0]}},"bone6":{"scale":{"0.64":[1,1,1],"1.16":[1,1,1],"1.6":[1.6,1.6,1.6],"1.64":[0,0,0],"2.24":[1,1,1],"2.76":[1,1,1],"3.2":[1.6,1.6,1.6],"3.24":[0,0,0],"3.88":[1,1,1],"4.4":[1,1,1],"4.84":[1.6,1.6,1.6],"4.88":[0,0,0],"5.48":[1,1,1],"6.0":[1,1,1],"6.44":[1.6,1.6,1.6],"6.48":[0,0,0]}},"bone7":{"scale":{"0.48":[1,1,1],"1.0":[1,1,1],"1.44":[1.6,1.6,1.6],"1.48":[0,0,0],"2.2":[1,1,1],"2.72":[1,1,1],"3.16":[1.6,1.6,1.6],"3.2":[0,0,0],"4.2":[1,1,1],"4.72":[1,1,1],"5.16":[1.6,1.6,1.6],"5.2":[0,0,0],"5.72":[1,1,1],"6.24":[1,1,1],"6.68":[1.6,1.6,1.6],"6.72":[0,0,0]}},"bone8":{"scale":{"1.04":[1,1,1],"1.56":[1,1,1],"2.0":[1.6,1.6,1.6],"2.04":[0,0,0],"2.4":[1,1,1],"2.92":[1,1,1],"3.36":[1.6,1.6,1.6],"3.4":[0,0,0],"3.96":[1,1,1],"4.48":[1,1,1],"4.92":[1.6,1.6,1.6],"4.96":[0,0,0],"5.68":[1,1,1],"6.2":[1,1,1],"6.64":[1.6,1.6,1.6],"6.68":[0,0,0]}},"bone9":{"scale":{"1.12":[1,1,1],"1.64":[1,1,1],"2.08":[0.8,0.8,0.8],"2.12":[0,0,0],"2.68":[1,1,1],"3.2":[1,1,1],"3.64":[0.8,0.8,0.8],"3.68":[0,0,0],"4.36":[1,1,1],"4.88":[1,1,1],"5.32":[0.8,0.8,0.8],"5.36":[0,0,0],"5.8":[1,1,1],"6.32":[1,1,1],"6.76":[0.8,0.8,0.8],"6.8":[0,0,0]}}},"loop":true}},"format_version":"1.8.0"}