{"animations":{"animation.wave.lava":{"animation_length":0.5,"bones":{"left":{"scale":{"0.0":{"lerp_mode":"catmullrom","post":[0,1,0.4]},"0.1667":{"lerp_mode":"catmullrom","post":[0.7619,1,0.7491]},"0.2917":{"lerp_mode":"catmullrom","post":[1,1,1]}}},"right":{"scale":{"0.0":{"lerp_mode":"catmullrom","post":[0,1,0.4]},"0.1667":{"lerp_mode":"catmullrom","post":[0.7619,1,0.7491]},"0.2917":{"lerp_mode":"catmullrom","post":[1,1,1]}}},"wave":{"position":{"0.0":{"lerp_mode":"catmullrom","post":[0,0,0]},"0.2917":{"lerp_mode":"catmullrom","post":[0,0,-64]}},"scale":{"0.25":[1,1,1],"0.3333":[0,0,0]}}},"loop":"hold_on_last_frame","particle_effects":{}},"animation.wave.water":{"animation_length":0.5,"bones":{"left":{"scale":{"0.0":{"lerp_mode":"catmullrom","post":[0,1,0.4]},"0.1667":{"lerp_mode":"catmullrom","post":[0.7619,1,0.7491]},"0.2917":{"lerp_mode":"catmullrom","post":[1,1,1]}}},"right":{"scale":{"0.0":{"lerp_mode":"catmullrom","post":[0,1,0.4]},"0.1667":{"lerp_mode":"catmullrom","post":[0.7619,1,0.7491]},"0.2917":{"lerp_mode":"catmullrom","post":[1,1,1]}}},"wave":{"position":{"0.0":{"lerp_mode":"catmullrom","post":[0,0,0]},"0.2917":{"lerp_mode":"catmullrom","post":[0,0,-64]}},"scale":{"0.25":[1,1,1],"0.3333":[0,0,0]}}},"loop":"hold_on_last_frame","particle_effects":{}}},"format_version":"1.8.0"}