{
  "geometry.trident": {
    "texturewidth": 32,
    "textureheight": 32,
    "visible_bounds_width": 1,
    "visible_bounds_height": 1,
    "visible_bounds_offset": [ 0, 0.5, 0 ],
    "bones": [
      {
        "name": "pole",
        "pivot": [ 0, 23, 0 ],
        "cubes": [
          { "origin": [ 0.5, 11, -0.5 ], "size": [ 1, 1, 1 ], "uv": [ 20, 30 ], "inflate": 0.01 },
          { "origin": [ -1.5, 11, -0.5 ], "size": [ 1, 1, 1 ], "uv": [ 20, 30 ], "inflate": 0.01 },
          { "origin": [ -0.5, 10, -0.5 ], "size": [ 1, 1, 1 ], "uv": [ 20, 30 ], "inflate": 0.01 },
          {
            "origin": [ -0.5, 13.25, -0.5 ],
            "size": [ 1, 4, 1 ],
            "uv": [ 24, 27 ],
            "inflate": 0.1
          },
          {
            "origin": [ 0.25, 10.25, -0.5 ],
            "size": [ 1, 1, 1 ],
            "uv": [ 20, 30 ],
            "inflate": 0.01
          },
          {
            "origin": [ -1.25, 10.25, -0.5 ],
            "size": [ 1, 1, 1 ],
            "uv": [ 20, 30 ],
            "inflate": 0.01
          },
          {
            "origin": [ 0.25, 11.75, -0.5 ],
            "size": [ 1, 1, 1 ],
            "uv": [ 20, 30 ],
            "inflate": 0.01
          },
          {
            "origin": [ -1.25, 11.75, -0.5 ],
            "size": [ 1, 1, 1 ],
            "uv": [ 20, 30 ],
            "inflate": 0.01
          },
          { "origin": [ -0.5, 21.5, -2.5 ], "size": [ 1, 1, 2 ], "uv": [ 0, 0 ], "inflate": 0.1 },
          { "origin": [ -0.5, 21.3, -4 ], "size": [ 1, 1, 2 ], "uv": [ 0, 0 ] },
          { "origin": [ -0.5, 21.5, 0.5 ], "size": [ 1, 1, 2 ], "uv": [ 0, 0 ], "inflate": 0.1 },
          { "origin": [ -0.5, 21.3, 2 ], "size": [ 1, 1, 2 ], "uv": [ 0, 0 ] },
          { "origin": [ -0.5, 20.3, 3.25 ], "size": [ 1, 2, 1 ], "uv": [ 0, 0 ], "inflate": -0.2 },
          { "origin": [ 0.5, 21.5, -0.5 ], "size": [ 2, 1, 1 ], "uv": [ 0, 0 ], "inflate": 0.1 },
          { "origin": [ -2.5, 21.5, -0.5 ], "size": [ 2, 1, 1 ], "uv": [ 0, 0 ], "inflate": 0.1 },
          { "origin": [ -4, 21.3, -0.5 ], "size": [ 2, 1, 1 ], "uv": [ 0, 0 ] },
          { "origin": [ 2, 21.3, -0.5 ], "size": [ 2, 1, 1 ], "uv": [ 0, 0 ] },
          { "origin": [ -0.5, 21.5, -0.5 ], "size": [ 1, 1, 1 ], "uv": [ 0, 0 ], "inflate": 0.3 },
          {
            "origin": [ -0.5, 20.25, -0.5 ],
            "size": [ 1, 2, 1 ],
            "uv": [ 0, 0 ],
            "inflate": 0.15
          },
          {
            "origin": [ -0.5, 12, -0.5 ],
            "size": [ 1, 11, 1 ],
            "uv": [ 20, 20 ],
            "inflate": 0.01
          },
          { "origin": [ -0.35, 14.75, -0.5 ], "size": [ 1, 1, 1 ], "uv": [ 28, 30 ] },
          { "origin": [ -0.35, 13.5, -0.5 ], "size": [ 1, 1, 1 ], "uv": [ 28, 30 ] },
          { "origin": [ -0.35, 16, -0.5 ], "size": [ 1, 1, 1 ], "uv": [ 28, 30 ] },
          { "origin": [ -0.65, 13.5, -0.5 ], "size": [ 1, 1, 1 ], "uv": [ 28, 30 ] },
          { "origin": [ -0.65, 16, -0.5 ], "size": [ 1, 1, 1 ], "uv": [ 28, 30 ] },
          { "origin": [ -0.65, 14.75, -0.5 ], "size": [ 1, 1, 1 ], "uv": [ 28, 30 ] },
          { "origin": [ -0.5, 16, -0.65 ], "size": [ 1, 1, 1 ], "uv": [ 28, 30 ] },
          { "origin": [ -0.5, 14.75, -0.65 ], "size": [ 1, 1, 1 ], "uv": [ 28, 30 ] },
          { "origin": [ -0.5, 13.5, -0.65 ], "size": [ 1, 1, 1 ], "uv": [ 28, 30 ] },
          { "origin": [ -0.5, 16, -0.35 ], "size": [ 1, 1, 1 ], "uv": [ 28, 30 ] },
          { "origin": [ -0.5, 14.75, -0.35 ], "size": [ 1, 1, 1 ], "uv": [ 28, 30 ] },
          { "origin": [ -0.5, 13.5, -0.35 ], "size": [ 1, 1, 1 ], "uv": [ 28, 30 ] },
          {
            "origin": [ -0.5, 20.3, -4.25 ],
            "size": [ 1, 2, 1 ],
            "uv": [ 0, 0 ],
            "inflate": -0.2
          },
          {
            "origin": [ 3.25, 20.3, -0.55 ],
            "size": [ 1, 2, 1 ],
            "uv": [ 0, 0 ],
            "inflate": -0.2
          },
          {
            "origin": [ -4.25, 20.3, -0.55 ],
            "size": [ 1, 2, 1 ],
            "uv": [ 0, 0 ],
            "inflate": -0.2
          }
        ]
      }
    ]
  }
}