{
  "format_version": "1.12.0",
  "minecraft:geometry": [
    {
      "description": {
        "identifier": "geometry.trident",
        "texture_width": 32,
        "texture_height": 32,
        "visible_bounds_width": 1,
        "visible_bounds_height": 1,
        "visible_bounds_offset": [ 0, 0.5, 0 ]
      },
      "bones": [
        { "name": "root", "pivot": [ 0, 0, 0 ] },
        { "name": "waist", "parent": "root", "pivot": [ 0, 12, 0 ] },
        { "name": "body", "parent": "waist", "pivot": [ 0, 24, 0 ] },
        { "name": "head", "parent": "body", "pivot": [ 0, 24, 0 ] },
        { "name": "hat", "parent": "head", "pivot": [ 0, 24, 0 ] },
        { "name": "cape", "parent": "body", "pivot": [ 0, 24, 3 ] },
        { "name": "leftArm", "parent": "body", "pivot": [ 5, 22, 0 ] },
        { "name": "leftSleeve", "parent": "leftArm", "pivot": [ 5, 22, 0 ] },
        { "name": "leftItem", "parent": "leftArm", "pivot": [ 6, 15, 1 ] },
        { "name": "rightArm", "parent": "body", "pivot": [ -5, 22, 0 ] },
        { "name": "rightSleeve", "parent": "rightArm", "pivot": [ -5, 22, 0 ] },
        {
          "name": "rightItem",
          "parent": "rightArm",
          "pivot": [ -6, 15, 1 ],
          "locators": { "lead_hold": [ -6, 15, 1 ] }
        },
        {
          "name": "pole",
          "parent": "rightArm",
          "pivot": [ 0, 24, 0 ],
          "cubes": [
            { "origin": [ 0.5, 3, -0.5 ], "size": [ 1, 1, 1 ], "uv": [ 20, 30 ], "inflate": 0.01 },
            {
              "origin": [ -1.5, 3, -0.5 ],
              "size": [ 1, 1, 1 ],
              "uv": [ 20, 30 ],
              "inflate": 0.01
            },
            {
              "origin": [ -0.5, 2, -0.5 ],
              "size": [ 1, 1, 1 ],
              "uv": [ 20, 30 ],
              "inflate": 0.01
            },
            {
              "origin": [ -0.5, 5.25, -0.5 ],
              "size": [ 1, 4, 1 ],
              "uv": [ 24, 27 ],
              "inflate": 0.1
            },
            {
              "origin": [ 0.25, 2.25, -0.5 ],
              "size": [ 1, 1, 1 ],
              "uv": [ 20, 30 ],
              "inflate": 0.01
            },
            {
              "origin": [ -1.25, 2.25, -0.5 ],
              "size": [ 1, 1, 1 ],
              "uv": [ 20, 30 ],
              "inflate": 0.01
            },
            {
              "origin": [ 0.25, 3.75, -0.5 ],
              "size": [ 1, 1, 1 ],
              "uv": [ 20, 30 ],
              "inflate": 0.01
            },
            {
              "origin": [ -1.25, 3.75, -0.5 ],
              "size": [ 1, 1, 1 ],
              "uv": [ 20, 30 ],
              "inflate": 0.01
            },
            {
              "origin": [ -0.5, 13.5, -2.5 ],
              "size": [ 1, 1, 2 ],
              "uv": [ 0, 0 ],
              "inflate": 0.1
            },
            { "origin": [ -0.5, 13.3, -4 ], "size": [ 1, 1, 2 ], "uv": [ 0, 0 ] },
            { "origin": [ -0.5, 13.5, 0.5 ], "size": [ 1, 1, 2 ], "uv": [ 0, 0 ], "inflate": 0.1 },
            { "origin": [ -0.5, 13.3, 2 ], "size": [ 1, 1, 2 ], "uv": [ 0, 0 ] },
            {
              "origin": [ -0.5, 12.3, 3.25 ],
              "size": [ 1, 2, 1 ],
              "uv": [ 0, 0 ],
              "inflate": -0.2
            },
            { "origin": [ 0.5, 13.5, -0.5 ], "size": [ 2, 1, 1 ], "uv": [ 0, 0 ], "inflate": 0.1 },
            {
              "origin": [ -2.5, 13.5, -0.5 ],
              "size": [ 2, 1, 1 ],
              "uv": [ 0, 0 ],
              "inflate": 0.1
            },
            { "origin": [ -4, 13.3, -0.5 ], "size": [ 2, 1, 1 ], "uv": [ 0, 0 ] },
            { "origin": [ 2, 13.3, -0.5 ], "size": [ 2, 1, 1 ], "uv": [ 0, 0 ] },
            {
              "origin": [ -0.5, 13.5, -0.5 ],
              "size": [ 1, 1, 1 ],
              "uv": [ 0, 0 ],
              "inflate": 0.3
            },
            {
              "origin": [ -0.5, 12.25, -0.5 ],
              "size": [ 1, 2, 1 ],
              "uv": [ 0, 0 ],
              "inflate": 0.15
            },
            {
              "origin": [ -0.5, 4, -0.5 ],
              "size": [ 1, 11, 1 ],
              "uv": [ 20, 20 ],
              "inflate": 0.01
            },
            { "origin": [ -0.35, 6.75, -0.5 ], "size": [ 1, 1, 1 ], "uv": [ 28, 30 ] },
            { "origin": [ -0.35, 5.5, -0.5 ], "size": [ 1, 1, 1 ], "uv": [ 28, 30 ] },
            { "origin": [ -0.35, 8, -0.5 ], "size": [ 1, 1, 1 ], "uv": [ 28, 30 ] },
            { "origin": [ -0.65, 5.5, -0.5 ], "size": [ 1, 1, 1 ], "uv": [ 28, 30 ] },
            { "origin": [ -0.65, 8, -0.5 ], "size": [ 1, 1, 1 ], "uv": [ 28, 30 ] },
            { "origin": [ -0.65, 6.75, -0.5 ], "size": [ 1, 1, 1 ], "uv": [ 28, 30 ] },
            { "origin": [ -0.5, 8, -0.65 ], "size": [ 1, 1, 1 ], "uv": [ 28, 30 ] },
            { "origin": [ -0.5, 6.75, -0.65 ], "size": [ 1, 1, 1 ], "uv": [ 28, 30 ] },
            { "origin": [ -0.5, 5.5, -0.65 ], "size": [ 1, 1, 1 ], "uv": [ 28, 30 ] },
            { "origin": [ -0.5, 8, -0.35 ], "size": [ 1, 1, 1 ], "uv": [ 28, 30 ] },
            { "origin": [ -0.5, 6.75, -0.35 ], "size": [ 1, 1, 1 ], "uv": [ 28, 30 ] },
            { "origin": [ -0.5, 5.5, -0.35 ], "size": [ 1, 1, 1 ], "uv": [ 28, 30 ] },
            {
              "origin": [ -0.5, 12.3, -4.25 ],
              "size": [ 1, 2, 1 ],
              "uv": [ 0, 0 ],
              "inflate": -0.2
            },
            {
              "origin": [ 3.25, 12.3, -0.55 ],
              "size": [ 1, 2, 1 ],
              "uv": [ 0, 0 ],
              "inflate": -0.2
            },
            {
              "origin": [ -4.25, 12.3, -0.55 ],
              "size": [ 1, 2, 1 ],
              "uv": [ 0, 0 ],
              "inflate": -0.2
            }
          ]
        },
        { "name": "jacket", "parent": "body", "pivot": [ 0, 24, 0 ] },
        { "name": "leftLeg", "parent": "root", "pivot": [ 1.9, 12, 0 ] },
        { "name": "leftPants", "parent": "leftLeg", "pivot": [ 1.9, 12, 0 ] },
        { "name": "rightLeg", "parent": "root", "pivot": [ -1.9, 12, 0 ] },
        { "name": "rightPants", "parent": "rightLeg", "pivot": [ -1.9, 12, 0 ] }
      ]
    }
  ]
}