{"format_version":"1.10.0","minecraft:attachable":{"description":{"identifier":"nationsglory:eco_bow","item":{"nationsglory:eco_bow":"query.owner_identifier == 'minecraft:player'"},"materials":{"default":"entity_alphatest","enchanted":"entity_alphatest_glint"},"textures":{"default":"textures/items/eco_bow","bow_pulling_0":"textures/items/eco_bow_1","bow_pulling_1":"textures/items/eco_bow_2","bow_pulling_2":"textures/items/eco_bow_3","enchanted":"textures/misc/enchanted_item_glint"},"geometry":{"default":"geometry.bow_standby","bow_pulling_0":"geometry.bow_pulling_0","bow_pulling_1":"geometry.bow_pulling_1","bow_pulling_2":"geometry.bow_pulling_2"},"animations":{"wield":"animation.player.bow_custom.first_person","wield_first_person_pull":"animation.bow.wield_first_person_pull"},"scripts":{"animate":["wield",{"wield_first_person_pull":"query.main_hand_item_use_duration > 0.0f && c.is_first_person && query.is_stackable"}]},"render_controllers":["controller.render.bow_custom"]}}}