{"format_version":"1.10.0","minecraft:attachable":{"description":{"identifier":"nationsglory:alpha_boots.player","item":{"nationsglory:alpha_boots":"query.owner_identifier == 'minecraft:player'"},"materials":{"default":"armor","enchanted":"armor_enchanted"},"textures":{"default":"textures/models/armor/alpha_1","enchanted":"textures/misc/enchanted_item_glint"},"geometry":{"default":"geometry.player.armor.boots"},"scripts":{"parent_setup":"variable.boot_layer_visible = 0.0;","animate":["offset"]},"animations":{"offset":"animation.armor.boots.offset"},"render_controllers":["controller.render.armor"]}}}