{
  "format_version": "1.10.0",
  "minecraft:client_entity": {
    "description": {
      "geometry": {
        "default": "geometry.ng.lobby.target.dummy"
      },
      "identifier": "ng:lobby_target_dummy",
      "materials": {
        "default": "entity_alphatest"
      },
      "particle_effects": {
        "straw_hit": "ng:lobby_target_dummy_straw"
      },
      "render_controllers": [
        "controller.render.default"
      ],
      "sound_effects": {
        "loom_use": "block.loom.use",
        "straw_hit": "hit.grass",
        "straw_punch": "block.itemframe.break"
      },
      "textures": {
        "default": "textures/entity/lobby_target_dummy"
      }
    }
  }
}