{
  "format_version": "1.10.0",
  "minecraft:client_entity": {
    "description": {
      "animations": {
        "setup": "animation.ng.lobby.crate.setup"
      },
      "geometry": {
        "default": "geometry.ng.lobby.lobby_crate"
      },
      "identifier": "ng:lobby_crate",
      "materials": {
        "default": "entity_alphatest"
      },
      "particle_effects": {
        "lobby_crate_ambient": "ng:lobby_crate_ambient",
        "lobby_crate_portal": "ng:lobby_crate_portal"
      },
      "render_controllers": [
        "controller.render.default"
      ],
      "scripts": {
        "animate": [
          "setup"
        ]
      },
      "sound_effects": {
        "keyappear": "ng.lobby.crate.keyappear",
        "lock": "ng.lobby.crate.lock",
        "portal": "portal.portal",
        "portal2": "respawn_anchor.set_spawn",
        "shuffle": "ng.lobby.crate.shuffle",
        "unlock": "ng.lobby.crate.unlock"
      },
      "textures": {
        "default": "textures/entity/lobby_crate"
      }
    }
  }
}