{
  "format_version": "1.10.0",
  "minecraft:client_entity": {
    "description": {
      "animations": {
        "controller_move": "controller.animation.maze_pet.move",
        "setup": "animation.maze_pet.setup",
        "walk": "animation.maze_pet.walk"
      },
      "geometry": {
        "default": "geometry.maze_pet"
      },
      "identifier": "ng:maze_pet",
      "materials": {
        "default": "entity_alphatest"
      },
      "render_controllers": [
        "controller.render.default"
      ],
      "scripts": {
        "animate": [
          "controller_move"
        ]
      },
      "textures": {
        "default": "textures/entity/maze_pet"
      }
    }
  }
}