{
  "format_version": "1.10.0",
  "minecraft:client_entity": {
    "description": {
      "animations": {
        "play": "animation.ng.npc.uhc.play"
      },
      "geometry": {
        "default": "geometry.ng.npc.uhc"
      },
      "identifier": "ng:uhc_npc",
      "materials": {
        "default": "entity_alphatest"
      },
      "render_controllers": [
        "controller.render.default"
      ],
      "scripts": {
        "animate": [
          "play"
        ]
      },
      "textures": {
        "default": "textures/entity/npc/uhc"
      }
    }
  }
}