{"format_version":"1.16.0","minecraft:geometry":[{"bones":[{"binding":"c.item_slot == 'head' ? 'head' : q.item_slot_to_bone_name(c.item_slot)","name":"geyser_custom","pivot":[0,8,0]},{"name":"geyser_custom_x","parent":"geyser_custom","pivot":[0,8,0]},{"name":"geyser_custom_y","parent":"geyser_custom_x","pivot":[0,8,0]},{"cubes":[{"origin":[-5,4,-1],"size":[10,8,4],"uv":{"down":{"uv":[20,4],"uv_size":[10,-4]},"east":{"uv":[20,20],"uv_size":[4,8]},"north":{"uv":[0,0],"uv_size":[10,8]},"south":{"uv":[0,8],"uv_size":[10,8]},"up":{"uv":[10,18],"uv_size":[10,4]},"west":{"uv":[0,22],"uv_size":[4,8]}}},{"origin":[-5,5,-2],"size":[10,6,1],"uv":{"down":{"uv":[30,1],"uv_size":[10,-1]},"east":{"uv":[16,35],"uv_size":[1,6]},"north":{"uv":[10,0],"uv_size":[10,6]},"south":{"uv":[10,6],"uv_size":[10,6]},"up":{"uv":[0,30],"uv_size":[10,1]},"west":{"uv":[17,35],"uv_size":[1,6]}}},{"origin":[-5,5,3],"size":[10,6,1],"uv":{"down":{"uv":[30,3],"uv_size":[10,-1]},"east":{"uv":[18,35],"uv_size":[1,6]},"north":{"uv":[10,12],"uv_size":[10,6]},"south":{"uv":[0,16],"uv_size":[10,6]},"up":{"uv":[30,1],"uv_size":[10,1]},"west":{"uv":[19,35],"uv_size":[1,6]}}},{"origin":[-5,6,-3],"size":[10,4,1],"uv":{"down":{"uv":[30,5],"uv_size":[10,-1]},"east":{"uv":[12,37],"uv_size":[1,4]},"north":{"uv":[20,4],"uv_size":[10,4]},"south":{"uv":[20,8],"uv_size":[10,4]},"up":{"uv":[30,3],"uv_size":[10,1]},"west":{"uv":[13,37],"uv_size":[1,4]}}},{"origin":[-5,6,4],"size":[10,4,1],"uv":{"down":{"uv":[30,7],"uv_size":[10,-1]},"east":{"uv":[14,37],"uv_size":[1,4]},"north":{"uv":[20,12],"uv_size":[10,4]},"south":{"uv":[20,16],"uv_size":[10,4]},"up":{"uv":[30,5],"uv_size":[10,1]},"west":{"uv":[15,37],"uv_size":[1,4]}}},{"origin":[-4,3,-1],"size":[8,1,4],"uv":{"down":{"uv":[12,26],"uv_size":[8,-4]},"east":{"uv":[16,31],"uv_size":[4,1]},"north":{"uv":[30,7],"uv_size":[8,1]},"south":{"uv":[30,8],"uv_size":[8,1]},"up":{"uv":[4,22],"uv_size":[8,4]},"west":{"uv":[40,3],"uv_size":[4,1]}}},{"origin":[-4,4,-2],"size":[8,1,1],"uv":{"down":{"uv":[30,12],"uv_size":[8,-1]},"east":{"uv":[44,13],"uv_size":[1,1]},"north":{"uv":[30,9],"uv_size":[8,1]},"south":{"uv":[10,30],"uv_size":[8,1]},"up":{"uv":[30,10],"uv_size":[8,1]},"west":{"uv":[14,44],"uv_size":[1,1]}}},{"origin":[-4,4,3],"size":[8,1,1],"uv":{"down":{"uv":[30,16],"uv_size":[8,-1]},"east":{"uv":[44,14],"uv_size":[1,1]},"north":{"uv":[30,12],"uv_size":[8,1]},"south":{"uv":[30,13],"uv_size":[8,1]},"up":{"uv":[30,14],"uv_size":[8,1]},"west":{"uv":[15,44],"uv_size":[1,1]}}},{"origin":[-4,5,-3],"size":[8,1,1],"uv":{"down":{"uv":[30,20],"uv_size":[8,-1]},"east":{"uv":[44,15],"uv_size":[1,1]},"north":{"uv":[30,16],"uv_size":[8,1]},"south":{"uv":[30,17],"uv_size":[8,1]},"up":{"uv":[30,18],"uv_size":[8,1]},"west":{"uv":[16,44],"uv_size":[1,1]}}},{"origin":[-4,5,4],"size":[8,1,1],"uv":{"down":{"uv":[8,33],"uv_size":[8,-1]},"east":{"uv":[44,16],"uv_size":[1,1]},"north":{"uv":[0,31],"uv_size":[8,1]},"south":{"uv":[8,31],"uv_size":[8,1]},"up":{"uv":[0,32],"uv_size":[8,1]},"west":{"uv":[17,44],"uv_size":[1,1]}}},{"origin":[-4,6,-4],"size":[8,4,1],"uv":{"down":{"uv":[32,21],"uv_size":[8,-1]},"east":{"uv":[6,40],"uv_size":[1,4]},"north":{"uv":[24,20],"uv_size":[8,4]},"south":{"uv":[24,24],"uv_size":[8,4]},"up":{"uv":[16,32],"uv_size":[8,1]},"west":{"uv":[7,40],"uv_size":[1,4]}}},{"origin":[-4,6,5],"size":[8,4,1],"uv":{"down":{"uv":[32,23],"uv_size":[8,-1]},"east":{"uv":[8,40],"uv_size":[1,4]},"north":{"uv":[4,26],"uv_size":[8,4]},"south":{"uv":[12,26],"uv_size":[8,4]},"up":{"uv":[32,21],"uv_size":[8,1]},"west":{"uv":[9,40],"uv_size":[1,4]}}},{"origin":[-4,10,-3],"size":[8,1,1],"uv":{"down":{"uv":[32,26],"uv_size":[8,-1]},"east":{"uv":[44,17],"uv_size":[1,1]},"north":{"uv":[32,23],"uv_size":[8,1]},"south":{"uv":[24,32],"uv_size":[8,1]},"up":{"uv":[32,24],"uv_size":[8,1]},"west":{"uv":[18,44],"uv_size":[1,1]}}},{"origin":[-4,10,4],"size":[8,1,1],"uv":{"down":{"uv":[0,34],"uv_size":[8,-1]},"east":{"uv":[44,18],"uv_size":[1,1]},"north":{"uv":[32,26],"uv_size":[8,1]},"south":{"uv":[32,27],"uv_size":[8,1]},"up":{"uv":[32,32],"uv_size":[8,1]},"west":{"uv":[19,44],"uv_size":[1,1]}}},{"origin":[-4,11,-2],"size":[8,1,1],"uv":{"down":{"uv":[32,34],"uv_size":[8,-1]},"east":{"uv":[44,19],"uv_size":[1,1]},"north":{"uv":[8,33],"uv_size":[8,1]},"south":{"uv":[16,33],"uv_size":[8,1]},"up":{"uv":[24,33],"uv_size":[8,1]},"west":{"uv":[20,44],"uv_size":[1,1]}}},{"origin":[-4,11,3],"size":[8,1,1],"uv":{"down":{"uv":[24,35],"uv_size":[8,-1]},"east":{"uv":[44,20],"uv_size":[1,1]},"north":{"uv":[0,34],"uv_size":[8,1]},"south":{"uv":[8,34],"uv_size":[8,1]},"up":{"uv":[16,34],"uv_size":[8,1]},"west":{"uv":[21,44],"uv_size":[1,1]}}},{"origin":[-4,12,-1],"size":[8,1,4],"uv":{"down":{"uv":[28,32],"uv_size":[8,-4]},"east":{"uv":[40,4],"uv_size":[4,1]},"north":{"uv":[32,34],"uv_size":[8,1]},"south":{"uv":[0,35],"uv_size":[8,1]},"up":{"uv":[20,28],"uv_size":[8,4]},"west":{"uv":[40,5],"uv_size":[4,1]}}},{"origin":[-3,3,-2],"size":[6,1,1],"uv":{"down":{"uv":[0,37],"uv_size":[6,-1]},"east":{"uv":[44,21],"uv_size":[1,1]},"north":{"uv":[20,35],"uv_size":[6,1]},"south":{"uv":[26,35],"uv_size":[6,1]},"up":{"uv":[32,35],"uv_size":[6,1]},"west":{"uv":[22,44],"uv_size":[1,1]}}},{"origin":[-3,3,3],"size":[6,1,1],"uv":{"down":{"uv":[36,30],"uv_size":[6,-1]},"east":{"uv":[44,22],"uv_size":[1,1]},"north":{"uv":[20,36],"uv_size":[6,1]},"south":{"uv":[26,36],"uv_size":[6,1]},"up":{"uv":[36,28],"uv_size":[6,1]},"west":{"uv":[23,44],"uv_size":[1,1]}}},{"origin":[-3,4,-3],"size":[6,1,1],"uv":{"down":{"uv":[0,38],"uv_size":[6,-1]},"east":{"uv":[44,23],"uv_size":[1,1]},"north":{"uv":[36,30],"uv_size":[6,1]},"south":{"uv":[36,31],"uv_size":[6,1]},"up":{"uv":[32,36],"uv_size":[6,1]},"west":{"uv":[24,44],"uv_size":[1,1]}}},{"origin":[-3,4,4],"size":[6,1,1],"uv":{"down":{"uv":[32,38],"uv_size":[6,-1]},"east":{"uv":[44,24],"uv_size":[1,1]},"north":{"uv":[6,37],"uv_size":[6,1]},"south":{"uv":[20,37],"uv_size":[6,1]},"up":{"uv":[26,37],"uv_size":[6,1]},"west":{"uv":[25,44],"uv_size":[1,1]}}},{"origin":[-3,5,-4],"size":[6,1,1],"uv":{"down":{"uv":[38,9],"uv_size":[6,-1]},"east":{"uv":[44,25],"uv_size":[1,1]},"north":{"uv":[0,38],"uv_size":[6,1]},"south":{"uv":[6,38],"uv_size":[6,1]},"up":{"uv":[38,7],"uv_size":[6,1]},"west":{"uv":[26,44],"uv_size":[1,1]}}},{"origin":[-3,5,5],"size":[6,1,1],"uv":{"down":{"uv":[38,13],"uv_size":[6,-1]},"east":{"uv":[44,26],"uv_size":[1,1]},"north":{"uv":[38,9],"uv_size":[6,1]},"south":{"uv":[38,10],"uv_size":[6,1]},"up":{"uv":[38,11],"uv_size":[6,1]},"west":{"uv":[27,44],"uv_size":[1,1]}}},{"origin":[-3,10,-4],"size":[6,1,1],"uv":{"down":{"uv":[38,17],"uv_size":[6,-1]},"east":{"uv":[44,27],"uv_size":[1,1]},"north":{"uv":[38,13],"uv_size":[6,1]},"south":{"uv":[38,14],"uv_size":[6,1]},"up":{"uv":[38,15],"uv_size":[6,1]},"west":{"uv":[30,44],"uv_size":[1,1]}}},{"origin":[-3,10,5],"size":[6,1,1],"uv":{"down":{"uv":[20,39],"uv_size":[6,-1]},"east":{"uv":[31,44],"uv_size":[1,1]},"north":{"uv":[38,17],"uv_size":[6,1]},"south":{"uv":[38,18],"uv_size":[6,1]},"up":{"uv":[38,19],"uv_size":[6,1]},"west":{"uv":[44,32],"uv_size":[1,1]}}},{"origin":[-3,11,-3],"size":[6,1,1],"uv":{"down":{"uv":[38,37],"uv_size":[6,-1]},"east":{"uv":[44,33],"uv_size":[1,1]},"north":{"uv":[26,38],"uv_size":[6,1]},"south":{"uv":[32,38],"uv_size":[6,1]},"up":{"uv":[38,35],"uv_size":[6,1]},"west":{"uv":[34,44],"uv_size":[1,1]}}},{"origin":[-3,11,4],"size":[6,1,1],"uv":{"down":{"uv":[6,40],"uv_size":[6,-1]},"east":{"uv":[44,34],"uv_size":[1,1]},"north":{"uv":[38,37],"uv_size":[6,1]},"south":{"uv":[38,38],"uv_size":[6,1]},"up":{"uv":[0,39],"uv_size":[6,1]},"west":{"uv":[35,44],"uv_size":[1,1]}}},{"origin":[-3,12,-2],"size":[6,1,1],"uv":{"down":{"uv":[38,40],"uv_size":[6,-1]},"east":{"uv":[44,35],"uv_size":[1,1]},"north":{"uv":[20,39],"uv_size":[6,1]},"south":{"uv":[26,39],"uv_size":[6,1]},"up":{"uv":[32,39],"uv_size":[6,1]},"west":{"uv":[36,44],"uv_size":[1,1]}}},{"origin":[-3,12,3],"size":[6,1,1],"uv":{"down":{"uv":[40,3],"uv_size":[6,-1]},"east":{"uv":[44,36],"uv_size":[1,1]},"north":{"uv":[0,40],"uv_size":[6,1]},"south":{"uv":[40,0],"uv_size":[6,1]},"up":{"uv":[40,1],"uv_size":[6,1]},"west":{"uv":[37,44],"uv_size":[1,1]}}},{"origin":[-2,3,-3],"size":[4,1,1],"uv":{"down":{"uv":[40,22],"uv_size":[4,-1]},"east":{"uv":[44,37],"uv_size":[1,1]},"north":{"uv":[40,6],"uv_size":[4,1]},"south":{"uv":[20,40],"uv_size":[4,1]},"up":{"uv":[40,20],"uv_size":[4,1]},"west":{"uv":[38,44],"uv_size":[1,1]}}},{"origin":[-2,3,4],"size":[4,1,1],"uv":{"down":{"uv":[40,25],"uv_size":[4,-1]},"east":{"uv":[44,38],"uv_size":[1,1]},"north":{"uv":[40,22],"uv_size":[4,1]},"south":{"uv":[40,23],"uv_size":[4,1]},"up":{"uv":[24,40],"uv_size":[4,1]},"west":{"uv":[39,44],"uv_size":[1,1]}}},{"origin":[-2,4,-4],"size":[4,1,1],"uv":{"down":{"uv":[28,41],"uv_size":[4,-1]},"east":{"uv":[44,39],"uv_size":[1,1]},"north":{"uv":[40,25],"uv_size":[4,1]},"south":{"uv":[40,26],"uv_size":[4,1]},"up":{"uv":[40,27],"uv_size":[4,1]},"west":{"uv":[40,44],"uv_size":[1,1]}}},{"origin":[-2,4,5],"size":[4,1,1],"uv":{"down":{"uv":[40,35],"uv_size":[4,-1]},"east":{"uv":[44,40],"uv_size":[1,1]},"north":{"uv":[32,40],"uv_size":[4,1]},"south":{"uv":[40,32],"uv_size":[4,1]},"up":{"uv":[40,33],"uv_size":[4,1]},"west":{"uv":[41,44],"uv_size":[1,1]}}},{"origin":[-2,7,6],"size":[4,2,1],"uv":{"down":{"uv":[40,41],"uv_size":[4,-1]},"east":{"uv":[28,43],"uv_size":[1,2]},"north":{"uv":[8,35],"uv_size":[4,2]},"south":{"uv":[12,35],"uv_size":[4,2]},"up":{"uv":[36,40],"uv_size":[4,1]},"west":{"uv":[29,43],"uv_size":[1,2]}}},{"origin":[-2,7,7],"size":[4,1,1],"uv":{"down":{"uv":[18,42],"uv_size":[4,-1]},"east":{"uv":[44,41],"uv_size":[1,1]},"north":{"uv":[0,41],"uv_size":[4,1]},"south":{"uv":[10,41],"uv_size":[4,1]},"up":{"uv":[14,41],"uv_size":[4,1]},"west":{"uv":[42,44],"uv_size":[1,1]}}},{"origin":[-2,11,-4],"size":[4,1,1],"uv":{"down":{"uv":[34,42],"uv_size":[4,-1]},"east":{"uv":[44,42],"uv_size":[1,1]},"north":{"uv":[22,41],"uv_size":[4,1]},"south":{"uv":[26,41],"uv_size":[4,1]},"up":{"uv":[30,41],"uv_size":[4,1]},"west":{"uv":[43,44],"uv_size":[1,1]}}},{"origin":[-2,11,5],"size":[4,1,1],"uv":{"down":{"uv":[14,43],"uv_size":[4,-1]},"east":{"uv":[44,43],"uv_size":[1,1]},"north":{"uv":[38,41],"uv_size":[4,1]},"south":{"uv":[0,42],"uv_size":[4,1]},"up":{"uv":[10,42],"uv_size":[4,1]},"west":{"uv":[44,44],"uv_size":[1,1]}}},{"origin":[-2,12,-3],"size":[4,1,1],"uv":{"down":{"uv":[42,29],"uv_size":[4,-1]},"east":{"uv":[0,45],"uv_size":[1,1]},"north":{"uv":[18,42],"uv_size":[4,1]},"south":{"uv":[22,42],"uv_size":[4,1]},"up":{"uv":[26,42],"uv_size":[4,1]},"west":{"uv":[1,45],"uv_size":[1,1]}}},{"origin":[-2,12,4],"size":[4,1,1],"uv":{"down":{"uv":[42,32],"uv_size":[4,-1]},"east":{"uv":[45,3],"uv_size":[1,1]},"north":{"uv":[42,29],"uv_size":[4,1]},"south":{"uv":[30,42],"uv_size":[4,1]},"up":{"uv":[42,30],"uv_size":[4,1]},"west":{"uv":[45,4],"uv_size":[1,1]}}},{"origin":[-1,6,6],"size":[2,1,1],"uv":{"down":{"uv":[30,44],"uv_size":[2,-1]},"east":{"uv":[5,45],"uv_size":[1,1]},"north":{"uv":[18,30],"uv_size":[2,1]},"south":{"uv":[6,36],"uv_size":[2,1]},"up":{"uv":[10,40],"uv_size":[2,1]},"west":{"uv":[6,45],"uv_size":[1,1]}}},{"origin":[-1,7,8],"size":[2,2,1],"uv":{"down":{"uv":[0,45],"uv_size":[2,-1]},"east":{"uv":[32,43],"uv_size":[1,2]},"north":{"uv":[4,41],"uv_size":[2,2]},"south":{"uv":[34,42],"uv_size":[2,2]},"up":{"uv":[42,43],"uv_size":[2,1]},"west":{"uv":[33,43],"uv_size":[1,2]}}},{"origin":[0,7,9],"size":[1,2,1],"uv":{"down":{"uv":[8,46],"uv_size":[1,-1]},"east":{"uv":[3,44],"uv_size":[1,2]},"north":{"uv":[2,44],"uv_size":[1,2]},"south":{"uv":[44,3],"uv_size":[1,2]},"up":{"uv":[7,45],"uv_size":[1,1]},"west":{"uv":[4,44],"uv_size":[1,2]}}},{"origin":[0,7,10],"size":[1,1,1],"uv":{"down":{"uv":[45,13],"uv_size":[1,-1]},"east":{"uv":[10,45],"uv_size":[1,1]},"north":{"uv":[9,45],"uv_size":[1,1]},"south":{"uv":[11,45],"uv_size":[1,1]},"up":{"uv":[12,45],"uv_size":[1,1]},"west":{"uv":[45,11],"uv_size":[1,1]}}},{"origin":[-2,8,7],"size":[3,1,1],"uv":{"down":{"uv":[13,44],"uv_size":[3,-1]},"east":{"uv":[45,13],"uv_size":[1,1]},"north":{"uv":[0,43],"uv_size":[3,1]},"south":{"uv":[3,43],"uv_size":[3,1]},"up":{"uv":[10,43],"uv_size":[3,1]},"west":{"uv":[14,45],"uv_size":[1,1]}}},{"origin":[-2,9,6],"size":[3,1,1],"uv":{"down":{"uv":[25,44],"uv_size":[3,-1]},"east":{"uv":[45,14],"uv_size":[1,1]},"north":{"uv":[16,43],"uv_size":[3,1]},"south":{"uv":[19,43],"uv_size":[3,1]},"up":{"uv":[22,43],"uv_size":[3,1]},"west":{"uv":[15,45],"uv_size":[1,1]}}},{"origin":[-1,6,7],"size":[1,1,1],"uv":{"down":{"uv":[18,46],"uv_size":[1,-1]},"east":{"uv":[16,45],"uv_size":[1,1]},"north":{"uv":[45,15],"uv_size":[1,1]},"south":{"uv":[45,16],"uv_size":[1,1]},"up":{"uv":[45,17],"uv_size":[1,1]},"west":{"uv":[17,45],"uv_size":[1,1]}}},{"origin":[-2,8,9],"size":[2,1,2],"uv":{"down":{"uv":[38,44],"uv_size":[2,-2]},"east":{"uv":[44,5],"uv_size":[2,1]},"north":{"uv":[5,44],"uv_size":[2,1]},"south":{"uv":[44,6],"uv_size":[2,1]},"up":{"uv":[36,42],"uv_size":[2,2]},"west":{"uv":[7,44],"uv_size":[2,1]}}},{"origin":[-1,8,11],"size":[1,1,1],"uv":{"down":{"uv":[21,46],"uv_size":[1,-1]},"east":{"uv":[19,45],"uv_size":[1,1]},"north":{"uv":[45,18],"uv_size":[1,1]},"south":{"uv":[45,19],"uv_size":[1,1]},"up":{"uv":[45,20],"uv_size":[1,1]},"west":{"uv":[20,45],"uv_size":[1,1]}}},{"origin":[-2,9,7],"size":[2,1,2],"uv":{"down":{"uv":[42,43],"uv_size":[2,-2]},"east":{"uv":[44,8],"uv_size":[2,1]},"north":{"uv":[44,7],"uv_size":[2,1]},"south":{"uv":[9,44],"uv_size":[2,1]},"up":{"uv":[40,42],"uv_size":[2,2]},"west":{"uv":[44,9],"uv_size":[2,1]}}},{"origin":[-1,9,9],"size":[1,1,1],"uv":{"down":{"uv":[24,46],"uv_size":[1,-1]},"east":{"uv":[22,45],"uv_size":[1,1]},"north":{"uv":[45,21],"uv_size":[1,1]},"south":{"uv":[45,22],"uv_size":[1,1]},"up":{"uv":[45,23],"uv_size":[1,1]},"west":{"uv":[23,45],"uv_size":[1,1]}}},{"origin":[-1,10,6],"size":[1,1,2],"uv":{"down":{"uv":[13,46],"uv_size":[1,-2]},"east":{"uv":[44,10],"uv_size":[2,1]},"north":{"uv":[45,24],"uv_size":[1,1]},"south":{"uv":[25,45],"uv_size":[1,1]},"up":{"uv":[44,11],"uv_size":[1,2]},"west":{"uv":[11,44],"uv_size":[2,1]}}},{"origin":[-2,8,8],"size":[1,1,1],"uv":{"down":{"uv":[28,46],"uv_size":[1,-1]},"east":{"uv":[26,45],"uv_size":[1,1]},"north":{"uv":[45,25],"uv_size":[1,1]},"south":{"uv":[45,26],"uv_size":[1,1]},"up":{"uv":[45,27],"uv_size":[1,1]},"west":{"uv":[27,45],"uv_size":[1,1]}}},{"origin":[-3,8,6],"size":[1,1,1],"uv":{"down":{"uv":[33,46],"uv_size":[1,-1]},"east":{"uv":[30,45],"uv_size":[1,1]},"north":{"uv":[29,45],"uv_size":[1,1]},"south":{"uv":[31,45],"uv_size":[1,1]},"up":{"uv":[45,32],"uv_size":[1,1]},"west":{"uv":[32,45],"uv_size":[1,1]}}}],"name":"geyser_custom_z","parent":"geyser_custom_y","pivot":[0,8,0]}],"description":{"identifier":"geometry.geyser_custom.eyeball","texture_height":64,"texture_width":64,"visible_bounds_height":2.5,"visible_bounds_offset":[0,0.75,0],"visible_bounds_width":3}}]}