{
  "format_version": "1.8.0",
  "minecraft:client_entity": {
    "description": {
      "animation_controllers": [
        {
          "general": "controller.animation.parkour.medal"
        }
      ],
      "animations": {
        "collected": "animation.medal.collected",
        "default": "animation.medal.spin"
      },
      "geometry": {
        "default": "geometry.cubecraft.parkour.medal"
      },
      "identifier": "cubecraft:parkour.medal",
      "materials": {
        "default": "entity_alphatest"
      },
      "render_controllers": [
        "controller.render.parkour_medal"
      ],
      "textures": {
        "bronze": "textures/parkour/medals/medal_bronze_texture",
        "default": "textures/parkour/medals/medal_invisible_texture",
        "gold": "textures/parkour/medals/medal_gold_texture",
        "modifier_java": "textures/parkour/medals/medal_green_texture",
        "modifier_mco": "textures/parkour/medals/medal_blue_texture",
        "silver": "textures/parkour/medals/medal_silver_texture"
      }
    }
  }
}