{"$lb_title":[1,1,1],"$lb_body":[1,1,1],"$lb_button_default":[1,1,1],"$lb_button_hover":[1,1,1],"$lb_button_text_bg_color":[0.9,0.2,0.03],"$lb_scroll_bg_alpha_default":0.6,"$lb_scroll_bg_texture_default":"textures/ui/lb_common/9_black","$lb_header_offset":[0,5],"$tab_button_font":"MinecraftTen","$tab_button_font_scale_factor":1.3,"$tab_button_label_offset":[0,-1.5],"$tab_button_text_bg_offset":[-1,-1],"$tab_button_text_bg_size":[0,0],"$main_button_font":"default","$main_button_label_offset":[3,-1.5],"$main_button_text_bg_offset":[0,-0.5],"$main_button_text_bg_size":["100%+3px","100%+1px"],"$main_button_font_scale_factor":1,"$button_text_bg_texture":"textures/ui/lb_common/9_lb_red","$button_text_bg_alpha":0.8,"$body_text_font":"default","$body_text_offset":[4,0],"$body_text_size":["100%-4px","default"],"$transition_time_push_size":0.24,"$transition_time_pop_size":0.1,"$transition_time_push":0.16,"$transition_time_pop":0.16,"$container_transition_time_push":0.16,"$container_transition_time_pop":0.16,"$loading_bar_transition":1.2}