{"namespace":"popup_dialog","light_text_button@light_button_assets":{"$button_offset|default":[0,0],"$button_pressed_offset|default":[0,0],"$button_text|default":"","$button_font_size|default":"normal","$button_font_scale_factor|default":1,"$pressed_alpha|default":1,"$default_button_alpha|default":0.7,"$default_hover_alpha|default":0.8,"$default_pressed_alpha|default":1,"$default_button_pressed_offset|default":[0,0],"$default_text_color|default":"$lb_button_default","$hover_text_color|default":"$lb_button_hover","$pressed_text_color|default":"$lb_button_hover","$locked_text_color|default":"$lb_button_default","$button_text_binding_type|default":"none","$button_binding_condition|default":"none","$button_text_grid_collection_name|default":"","$button_type_panel":"lb_custom_01.new_ui_binding_button_label","$button_state_panel|default":"lb_custom_01.new_ui_button_panel","$default_state|default":false,"$hover_state|default":false,"$pressed_state|default":false,"$locked_state|default":false,"controls":[{"default@$button_state_panel":{"$new_ui_button_texture":"$default_button_texture","$text_color":"$lb_button_default","$secondary_text_color":"$light_button_secondary_default_text_color","$content_alpha":"$default_content_alpha","$border_color":"$light_border_default_color","$border_layer":2,"$default_state":true,"$button_alpha":"$default_button_alpha","layer":1}},{"hover@$button_state_panel":{"$new_ui_button_texture":"$hover_button_texture","$text_color":"$lb_button_hover","$secondary_text_color":"$light_button_secondary_hover_text_color","$content_alpha":1,"$border_color":"$light_border_hover_color","$border_layer":4,"$hover_state":true,"$button_alpha":"$default_hover_alpha","layer":4}},{"pressed@$button_state_panel":{"$new_ui_button_texture":"$pressed_button_texture","$text_color":"$lb_button_hover","$secondary_text_color":"$light_button_secondary_pressed_text_color","$button_offset|default":"$button_pressed_offset","$content_alpha":"$pressed_alpha","$border_color":"$light_border_pressed_color","$border_layer":5,"$pressed_state":true,"$button_alpha":"$default_pressed_alpha","layer":5}},{"locked@$button_state_panel":{"$new_ui_button_texture":"$locked_button_texture","$text_color":"$locked_text_color","$secondary_text_color":"$light_button_secondary_locked_text_color","$content_alpha":"$locked_alpha","$border_color":"$light_border_locked_color","$button_image":"common_buttons.locked_button_image","$border_layer":1,"$locked_state":true,"layer":1}}]},"light_button_assets@common.button":{"$default_button_texture|default":"textures/ui/lb_common/9_black","$default_content_alpha|default":0.7,"$hover_content_alpha|default":0.8,"$hover_button_texture|default":"textures/ui/lb_common/9_black","$pressed_button_texture|default":"textures/ui/lb_common/9_black","$locked_button_texture|default":"textures/ui/disabledButtonNoBorder","locked_control":"locked","$default_font|default":"default","$font_type":"$default_font","$locked_alpha":1},"modal_left_button@light_text_button":{"anchor_to":"top_middle","anchor_from":"top_middle","size":["100%","50%-1px"],"$pressed_button_name":"$popup_dialog_left_button_name","$button_text":"#modal_left_button_text","$left_focus_number|default":0,"default_focus_precedence":"$left_focus_number"},"modal_middle_button@light_text_button":{"anchor_to":"center","anchor_from":"center","size":["100%","50%-1px"],"$pressed_button_name":"$popup_dialog_middle_button_name","$button_text":"#modal_middle_button_text","$middle_focus_number|default":0,"default_focus_precedence":"$middle_focus_number"},"modal_rightcancel_button@light_text_button":{"anchor_to":"bottom_middle","anchor_from":"bottom_middle","size":["100%","50%-1px"],"$pressed_button_name":"$popup_dialog_rightcancel_button_name","$button_text":"#modal_rightcancel_button_text","$right_focus_number|default":1,"default_focus_precedence":"$right_focus_number"},"modal_dialog_popup":{"type":"panel","variables":[{"requires":"$three_buttons_visible","$modal_screen_size":[214,190],"$dialog_background_override":"common.lb_background","$button_panel":"popup_dialog.three_buttons_panel","$modal_panel_label_size":["100% - 8px","100% - 124px"]},{"requires":"$destructive_three_buttons_visible","$modal_screen_size":[214,190],"$dialog_background_override":"common.lb_background","$button_panel":"popup_dialog.destructive_three_buttons_panel","$modal_panel_label_size":["100% - 8px","100% - 124px"]},{"requires":"$two_buttons_visible","$modal_screen_size":[214,175],"$dialog_background_override":"common.lb_background","$button_panel":"popup_dialog.two_buttons_panel","$modal_panel_label_size":["100% - 8px","100% - 96px"]},{"requires":"$destructive_two_buttons_visible","$modal_screen_size":[214,175],"$dialog_background_override":"common.lb_background","$button_panel":"popup_dialog.destructive_two_buttons_panel","$modal_panel_label_size":["100% - 8px","100% - 96px"]},{"requires":"$single_button_visible","$modal_screen_size":[214,130],"$dialog_background_override":"common.lb_background","$button_panel":"popup_dialog.single_button_panel","$modal_panel_label_size":["100% - 8px","100% - 62px"]},{"requires":"$no_buttons_visible","$modal_screen_size":[214,100],"$dialog_background_override":"common.lb_background","$button_panel":"common.empty_panel","$modal_panel_label_size":["100% - 8px","100% - 28px"]}],"controls":[{"modal_input@popup_dialog.modal_input_panel":{"$show_black_background|default":false,"controls":[{"modal_bg_buttons@popup_dialog.modal_dialog_with_buttons":{"$visibility_source_control_name|default":"modal_bg_buttons","layer":2}},{"black_background":{"type":"image","texture":"textures/ui/realms_text_background","ignored":"(not $show_black_background)","layer":1}}]}}]},"three_buttons_panel":{"type":"panel","anchor_to":"bottom_middle","anchor_from":"bottom_middle","size":["100%-8px",90],"offset":[0,-4],"controls":[{"left@popup_dialog.modal_left_button":{"size":["100%","33% - 1px"]}},{"middle@popup_dialog.modal_middle_button":{"size":["100%","33% - 1px"]}},{"right@popup_dialog.modal_rightcancel_button":{"size":["100%","33% - 1px"]}}]},"destructive_three_buttons_panel":{"type":"panel","anchor_to":"bottom_middle","anchor_from":"bottom_middle","size":["100%-8px",90],"offset":[0,-4],"controls":[{"left@popup_dialog.modal_left_button":{"size":["100%","33% - 1px"]}},{"middle@popup_dialog.modal_middle_button":{"size":["100%","33% - 1px"]}},{"right@popup_dialog.modal_rightcancel_button":{"size":["100%","33% - 1px"]}}]},"two_buttons_panel":{"type":"panel","anchor_to":"bottom_middle","anchor_from":"bottom_middle","size":["100%-8px",64],"offset":[0,-4],"controls":[{"left@popup_dialog.modal_left_button":{}},{"right@popup_dialog.modal_rightcancel_button":{}}]},"destructive_two_buttons_panel":{"type":"panel","anchor_to":"bottom_middle","anchor_from":"bottom_middle","size":["100%-8px",64],"offset":[0,-4],"controls":[{"left@popup_dialog.modal_left_button":{}},{"right@popup_dialog.modal_rightcancel_button":{}}]},"single_button_panel":{"type":"panel","anchor_to":"bottom_middle","anchor_from":"bottom_middle","size":["100%-8px",30],"offset":[0,-4],"controls":[{"left@popup_dialog.modal_middle_button":{"size":["100%","100%"]}}]},"modal_title_text":{"type":"label","color":"$lb_title","font_type":"MinecraftTen","font_scale_factor":1.3,"font_size":"normal","$title_text_offset":[0,1.75],"size":["100% - 8px",20],"offset":"$title_text_offset","$title_text_anchor|default":"top_middle","$title_text_alignment|default":"center","anchor_to":"$title_text_anchor","anchor_from":"$title_text_anchor","text_alignment":"$title_text_alignment","layer":2,"text":"#text","text_tts":"#tts_text","shadow":false,"bindings":[{"binding_type":"view","source_control_name":"$visibility_source_control_name","source_property_name":"#modal_title_text","target_property_name":"#text"},{"binding_type":"view","source_control_name":"$visibility_source_control_name","source_property_name":"#modal_title_tts","target_property_name":"#tts_text"}]},"modal_label_text":{"type":"stack_panel","size":["100% - 4px","100%c"],"anchor_to":"top_middle","anchor_from":"top_middle","offset":[2,-2],"controls":[{"text":{"type":"label","size":["100%","default"],"anchor_to":"top_middle","anchor_from":"top_middle","layer":2,"text":"#text","text_tts":"#tts_text","color":"$lb_body","font_type":"smooth","shadow":false,"bindings":[{"binding_type":"view","source_control_name":"$visibility_source_control_name","source_property_name":"#modal_label_text","target_property_name":"#text"},{"binding_type":"view","source_control_name":"$visibility_source_control_name","source_property_name":"#modal_label_tts","target_property_name":"#tts_text"}]}}]},"modal_dialog_with_buttons":{"type":"panel","anchor_to":"center","anchor_from":"center","size":"$modal_screen_size","controls":[{"background_with_buttons@common.common_panel":{"$dialog_background":"$dialog_background_override","$fill_bg":true}},{"title@popup_dialog.modal_title_text":{}},{"text@popup_dialog.modal_label_panel":{"anchor_from":"top_middle","anchor_to":"top_middle","offset":[0,22],"size":"$modal_panel_label_size"}},{"button_panel@$button_panel":{}}]},"modal_label_panel":{"type":"panel","controls":[{"modal_label_panel_inside@common.lb_scrolling_panel":{"$scrolling_pane_size":["100% + 0px","100% + 2px"],"$scrolling_pane_offset":[0,0],"$scrolling_content":"popup_dialog.modal_label_text","$scroll_size":[5,"100% - 4px"],"$show_background":false,"$scroll_background_image_control":"common.lb_black_background","$scroll_box_mouse_image_control":"common.lb_scrollbar_box_image","$scroll_box_touch_image_control":"common.lb_touch_scrollbar_box_image","layer":1,"anchor_from":"top_middle","anchor_to":"top_middle","$always_handle_scrolling":true}},{"bg@common.lb_black_background":{"ignored":true}}]}}