{"namespace":"scoreboard","scoreboard_sidebar":{"type":"panel","size":["100%c",0],"$scoreboard_offset|default":[-2,5],"$scoreboard_alignment":"top_right","offset":"$scoreboard_offset","anchor_from":"$scoreboard_alignment","anchor_to":"$scoreboard_alignment","controls":[{"players":{"type":"stack_panel","anchor_from":"top_right","anchor_to":"top_right","size":["100%c","100%c"],"orientation":"horizontal","collection_name":"scoreboard_players","factory":{"name":"player_list_factory","control_name":"scoreboard.lifeboat_scoreboard"},"bindings":[{"binding_name":"#scoreboard_sidebar_size","binding_type":"global","binding_name_override":"#collection_length"}]}}],"bindings":[{"binding_name":"#scoreboard_sidebar_visible","binding_type":"global","binding_name_override":"#visible"}],"variables":[{"requires":"($pocket_screen)","$scoreboard_offset":[0,20],"$scoreboard_alignment":"top_middle"}]},"lifeboat_scoreboard":{"type":"panel","size":["100%cm + 3px","100%cm"],"controls":[{"text":{"type":"label","text":"#player_name_sidebar","layer":2,"bindings":[{"binding_name":"#player_name_sidebar","binding_type":"collection","binding_collection_name":"scoreboard_players"}]}},{"background":{"type":"image","texture":"textures/ui/lb_common/hud_tip_text_background","alpha":0.7,"size":["100%sm + 4px","100%sm + 8px"]}}]}}