{"namespace":"common","lb_background":{"type":"image","layer":2,"texture":"textures/ui/lb_common/color/background_1","$keep_ratio_bg|default":false,"keep_ratio":"$keep_ratio_bg","$fill_bg|default":false,"fill":"$fill_bg","alpha":0.9,"variables":[{"requires":"$is_holographic","$fill_alpha":1}]},"progress_loading_bars":{"type":"image","layer":2,"texture":"textures/ui/loading_bar","anchor_from":"center","anchor_to":"center","size":["50%","50%"],"uv_size":[64,8],"uv":"@common.bar_animation","color":[0.7,0.7,0.7,1],"bindings":[{"binding_name":"#bar_animation_visible","binding_name_override":"#visible"}]},"bar_animation":{"anim_type":"flip_book","initial_uv":[0,0],"frame_count":10,"frame_step":64,"fps":10,"reversible":true,"easing":"linear"},"lb_scrollbar_box_image":{"type":"image","texture":"textures/ui/lb_common/scroll_handle","size":[5,"100%"],"layer":20},"lb_touch_scrollbar_box_image":{"type":"image","texture":"textures/ui/lb_common/scroll_handle","layer":20,"alpha":"@common.anim_scrollbar_box_fadeout"},"lb_scroll_box":{"type":"panel","controls":[{"box":{"type":"scrollbar_box","anchor_to":"top_left","anchor_from":"top_left","layer":10,"visible":"$scroll_box_visible","contained":true,"draggable":"vertical","$scroll_box_mouse_image_control|default":"common.lb_scrollbar_box_image","$scroll_box_touch_image_control|default":"common.lb_touch_scrollbar_box_image","button_mappings":[{"from_button_id":"button.menu_select","to_button_id":"button.menu_select","mapping_type":"pressed","button_up_right_of_first_refusal":true}],"controls":[{"mouse_box@$scroll_box_mouse_image_control":{"ignored":"$touch"}},{"touch_box@$scroll_box_touch_image_control":{"ignored":"(not $touch)"}}]}}]},"lb_scrolling_panel_base":{"type":"input_panel","anchor_to":"top_left","anchor_from":"top_left","$scroll_panel_consume_hover_events|default":true,"consume_hover_events":"$scroll_panel_consume_hover_events","$scroll_view_name|default":"lb_scroll_view","controls":[{"$scroll_view_name@common.lb_scroll_view_control":{}}],"$scrolling_panel_base_button_mappings|default":[],"button_mappings":"$scrolling_panel_base_button_mappings","tts_ignore_count":true},"lb_scrolling_panel":{"type":"panel","$scrolling_pane_size|default":["100%","100%"],"$scrolling_pane_offset|default":[0,0],"$scroll_view_control_size|default":["100%","100%"],"$background_size|default":["100%","100%"],"$background_offset|default":[0,0],"$scroll_view_port_size|default":["100%","100%"],"$scroll_view_port_max_size|default":["100%","100%"],"$scroll_view_port_offset|default":[0,0],"$scroll_bar_left_padding_size|default":[2,0],"$scroll_bar_right_padding_size|default":[2,0],"$view_port_size|default":["fill","100%"],"$scroll_bar_contained|default":false,"$scroll_size|default":[4,"100%"],"$background_size_touch|default":["100%","100%"],"$background_offset_touch|default":[0,0],"$scroll_view_port_size_touch|default":["100%","100%"],"$scroll_view_port_max_size_touch|default":["100%","100%"],"$scroll_view_port_offset_touch|default":[0,0],"$scroll_bar_left_padding_size_touch|default":[0,0],"$scroll_bar_right_padding_size_touch|default":[1,0],"$view_port_size_touch|default":["100%","100%"],"$scroll_bar_contained_touch|default":true,"$scroll_size_touch|default":[4,"100%"],"$scroll_background_image_control":"common.lb_black_background","$scroll_box_visible|default":true,"$scroll_box_visible_touch|default":false,"$use_touch_mode|default":false,"$show_background|default":true,"controls":[{"scroll_touch@common.lb_scrolling_panel_base":{"ignored":"(not $touch)","size":"$scrolling_pane_size","offset":"$scrolling_pane_offset","$scroll_bar_contained":"$scroll_bar_contained_touch","$use_touch_mode":true,"$scroll_box_visible":"$scroll_box_visible_touch","$background_size":"$background_size_touch","$background_offset":"$background_offset_touch","$scroll_view_port_size":"$scroll_view_port_size_touch","$scroll_view_port_max_size":"$scroll_view_port_max_size_touch","$scroll_view_port_offset":"$scroll_view_port_offset_touch","$scroll_track_image_control":"common.empty_panel","$scroll_bar_left_padding_size":"$scroll_bar_left_padding_size_touch","$scroll_bar_right_padding_size":"$scroll_bar_right_padding_size_touch","$view_port_size":"$view_port_size_touch","$scroll_size":"$scroll_size_touch"}},{"scroll_mouse@common.lb_scrolling_panel_base":{"ignored":"$touch","size":"$scrolling_pane_size","offset":"$scrolling_pane_offset"}}]},"lb_scroll_background_and_viewport":{"type":"panel","size":"$view_port_size","anchor_from":"top_left","anchor_to":"top_left","clips_children":true,"controls":[{"background@$scroll_background_image_control":{"visible":"$show_background","anchor_to":"top_left","anchor_from":"top_left","offset":"$background_offset","size":"$background_size"}},{"scrolling_view_port":{"layer":1,"type":"panel","anchor_from":"top_left","anchor_to":"top_left","clips_children":true,"offset":"$scroll_view_port_offset","size":"$scroll_view_port_size","max_size":"$scroll_view_port_max_size","controls":[{"scrolling_content@$scrolling_content":{"layer":1,"$scrolling_content_anchor_from|default":"top_left","$scrolling_content_anchor_to|default":"top_left","anchor_from":"$scrolling_content_anchor_from","anchor_to":"$scrolling_content_anchor_to"}}]}}]},"lb_scroll_bar_and_track":{"type":"panel","$scroll_bar_and_track_size|default":["100%c","100%"],"size":"$scroll_bar_and_track_size","clips_children":true,"anchor_from":"right_middle","anchor_to":"right_middle","controls":[{"stack_panel":{"type":"stack_panel","orientation":"horizontal","anchor_from":"center","anchor_to":"center","size":["default","100%"],"controls":[{"empty_panel_0@common.empty_panel":{"ignored":"$scroll_bar_contained","size":"$scroll_bar_left_padding_size"}},{"panel":{"type":"panel","size":["100%c","100%"],"controls":[{"centered_panel":{"type":"panel","size":"$scroll_size","$scroll_track_anchor|default":"center","anchor_from":"$scroll_track_anchor","anchor_to":"$scroll_track_anchor","$scroll_track_offset|default":[0,0],"offset":"$scroll_track_offset","controls":[{"track@common.scrollbar_track":{"layer":2,"anchor_from":"center","anchor_to":"center"}},{"scroll_box@common.lb_scroll_box":{"layer":5,"anchor_from":"center","anchor_to":"center"}}]}}]}},{"empty_panel_1@common.empty_panel":{"size":"$scroll_bar_right_padding_size"}}]}}]},"lb_scroll_view_control":{"type":"scroll_view","size":"$scroll_view_control_size","scroll_speed":15,"scrollbar_track_button":"button.scrollbar_skip_track","scrollbar_touch_button":"button.scrollbar_touch","touch_mode":"$use_touch_mode","always_listen_to_input":true,"always_handle_pointer":true,"$always_handle_scrolling|default":false,"always_handle_scrolling":"$always_handle_scrolling","scrollbar_track":"track","scrollbar_box":"box","scroll_content":"scrolling_content","scroll_view_port":"scrolling_view_port","scroll_box_and_track_panel":"bar_and_track","$jump_to_bottom_on_update|default":false,"jump_to_bottom_on_update":"$jump_to_bottom_on_update","$scroll_background_image_control|default":"scroll_indent_image","$scroll_track_image_control|default":"scroll_indent_image","button_mappings":[{"from_button_id":"button.menu_select","to_button_id":"button.scrollbar_touch","mapping_type":"pressed","button_up_right_of_first_refusal":true}],"bindings":[{"binding_name":"#gesture_control_enabled"}],"controls":[{"background":{"type":"image","texture":"textures/ui/lb_common/9_black","size":["100%","100%"],"alpha":0.6,"layer":2}},{"stack_panel":{"ignored":"$scroll_bar_contained","type":"stack_panel","orientation":"horizontal","anchor_to":"top_left","anchor_from":"top_left","size":["100%","100% - 4px"],"offset":[0,2],"controls":[{"background_and_viewport@common.lb_scroll_background_and_viewport":{}},{"bar_and_track@common.lb_scroll_bar_and_track":{}}]}},{"panel":{"ignored":"(not $scroll_bar_contained)","type":"panel","anchor_to":"top_left","anchor_from":"top_left","$view_port_size|default":["100%","100%"],"size":["100%","100% - 4px"],"offset":[0,2],"controls":[{"background_and_viewport@common.lb_scroll_background_and_viewport":{}},{"bar_and_track@common.lb_scroll_bar_and_track":{}}]}}]},"lb_black_background":{"type":"image","texture":"textures/ui/lb_common/9_black","alpha":0.6},"lb_new_ui_button_panel":{"type":"panel","$button_alpha|default":1,"layer":1,"$button_size_override|default":["100%","100%"],"size":"$button_size_override","$content_alpha|default":1,"$button_image|default":"button_image","$button_image_visible|default":true,"$button_image_size|default":["100%","100%"],"$image_anchor|default":"center","$image_offset|default":[0,0],"$border_visible|default":true,"$border_alpha|default":1,"$button_anchor_to|default":"center","$button_anchor_from|default":"center","anchor_to":"$button_anchor_to","anchor_from":"$button_anchor_from","$button_image_fill|default":false,"$button_image_color|default":[1,1,1],"$label_visible|default":true,"$label_bg_visible|default":false,"$tooltip_visible|default":false,"$label_offset|default":[0,0],"$label_anchor|default":"center","controls":[{"$button_image@$button_image":{"ignored":"(not $button_image_visible)","size":"$button_image_size","offset":"$image_offset","anchor_from":"$image_anchor","anchor_to":"$image_anchor","layer":1,"fill":"$button_image_fill","color":"$button_image_color"}},{"tooltip":{"type":"custom","ignored":"(not $tooltip_visible)","renderer":"hover_text_renderer","layer":50,"allow_clipping":false,"bindings":[{"binding_type":"collection","binding_collection_name":"form_buttons","binding_name":"#form_button_text","binding_name_override":"#hover_text"},{"binding_type":"collection","binding_collection_name":"form_buttons","binding_name":"(not ((#form_button_text - §t - §u - §v) = ''))","binding_name_override":"#visible"}]}},{"button_content":{"type":"panel","ignored":"(not $label_visible)","size":["100%","100%"],"clips_children":true,"controls":[{"new_ui_binding_button_label":{"type":"label","layer":10,"text":"$button_text","color":"$text_color","$font_type|default":"$default_font","font_type":"$font_type","font_size":"$button_font_size","$button_font_scale_factor|default":1,"font_scale_factor":"$button_font_scale_factor","$button_font_size|default":"normal","$line_padding|default":0,"line_padding":"$line_padding","$label_offset|default":[0,0],"offset":"$label_offset","$label_anchor|default":"center","anchor_from":"$label_anchor","anchor_to":"$label_anchor","shadow":false,"$button_text_size|default":["default","default"],"size":"$button_text_size","$button_text_max_size|default":["100%","100%"],"max_size":"$button_text_max_size","$text_alignment|default":"center","text_alignment":"$text_alignment","$tts_section_header|default":"","tts_section_header":"$tts_section_header","$text_bg_size|default":"$main_button_text_bg_size","$button_text_bg_offset|default":"$main_button_text_bg_offset","localize":true,"bindings":[{"binding_type":"$button_text_binding_type","binding_condition":"$button_binding_condition","binding_collection_name":"$button_text_grid_collection_name","binding_name":"$button_text","binding_name_override":"$button_text"}],"controls":[{"text_bg":{"type":"image","ignored":"(not $label_bg_visible)","texture":"$button_text_bg_texture","alpha":"$button_text_bg_alpha","size":"$text_bg_size","offset":"$button_text_bg_offset","layer":-1,"bindings":[{"binding_type":"$button_text_binding_type","binding_condition":"$button_binding_condition","binding_collection_name":"$button_text_grid_collection_name","binding_name":"(not(($button_text -§t -§u -§v) = ''))","binding_name_override":"#visible"}]}}]}}]}},{"border":{"color":"$border_color","layer":"$border_layer","alpha":"$border_alpha","ignored":"(not $border_visible)","$focus_border_size|default":["100%","100%"],"size":"$focus_border_size","type":"image","texture":"textures/ui/focus_border_white"}}]},"dropdown_chevron_image":{"$alpha|default":1,"type":"image","layer":1,"texture":"textures/ui/lb_common/dropdown/dropdown_chevron","size":[8,8],"alpha":"$alpha"},"button_image":{"type":"image","layer":1,"texture":"$new_ui_button_texture","$button_alpha|default":"$content_alpha","alpha":"$button_alpha","$button_image_bindings|default":[],"bindings":"$button_image_bindings"},"locked_button_image":{"type":"image","layer":1,"texture":"$new_ui_button_texture","alpha":"$content_alpha"},"lb_light_text_button@lb_light_button_assets":{"$button_offset|default":[0,0],"$button_pressed_offset|default":[0,0],"$button_text|default":"","$button_font_size|default":"normal","$button_font_scale_factor|default":1,"$pressed_alpha|default":1,"$default_button_alpha|default":1,"$default_hover_alpha|default":1,"$default_pressed_alpha|default":1,"$default_button_pressed_offset|default":[0,0],"$default_text_color|default":"$lb_button_default","$hover_text_color|default":"$lb_button_hover","$pressed_text_color|default":"$lb_button_hover","$locked_text_color|default":"$light_button_locked_text_color","$button_text_binding_type|default":"none","$button_binding_condition|default":"none","$button_text_grid_collection_name|default":"","$button_type_panel":"new_ui_binding_button_label","$button_state_panel|default":"common.lb_new_ui_button_panel","$default_state|default":false,"$hover_state|default":false,"$pressed_state|default":false,"$locked_state|default":false,"controls":[{"default@$button_state_panel":{"$new_ui_button_texture":"$default_button_texture","$text_color":"$default_text_color","$secondary_text_color":"$light_button_secondary_default_text_color","$content_alpha":"$default_content_alpha","$border_color":"$light_border_default_color","$border_layer":12,"$border_visible":false,"$default_state":true,"$button_alpha":"$default_button_alpha","layer":11,"$tooltip_visible":false}},{"hover@$button_state_panel":{"$new_ui_button_texture":"$hover_button_texture","$text_color":"$hover_text_color","$secondary_text_color":"$light_button_secondary_hover_text_color","$content_alpha":1,"$border_color":"$light_border_hover_color","$border_layer":15,"$hover_state":true,"$button_alpha":"$default_hover_alpha","layer":14,"$tooltip_visible|default":false}},{"pressed@$button_state_panel":{"$new_ui_button_texture":"$pressed_button_texture","$text_color":"$pressed_text_color","$secondary_text_color":"$light_button_secondary_pressed_text_color","$button_offset|default":"$button_pressed_offset","$content_alpha":"$pressed_alpha","$border_color":"$light_border_pressed_color","$border_layer":16,"$pressed_state":true,"$button_alpha":"$default_pressed_alpha","layer":15,"$tooltip_visible|default":false}},{"locked@$button_state_panel":{"$new_ui_button_texture":"$locked_button_texture","$text_color":"$locked_text_color","$secondary_text_color":"$light_button_secondary_locked_text_color","$content_alpha":"$locked_alpha","$border_color":"$light_border_locked_color","$button_image":"locked_button_image","$border_layer":11,"$locked_state":true,"layer":1,"$tooltip_visible":false}}]},"lb_light_button_assets@lb_button":{"$default_button_texture|default":"textures/ui/lb_common/9_black","$default_content_alpha|default":1,"$hover_content_alpha|default":1,"$hover_button_texture|default":"textures/ui/lb_common/9_black","$pressed_button_texture|default":"textures/ui/lb_common/9_black","$locked_button_texture|default":"textures/ui/disabledButtonNoBorder","locked_control":"locked","$default_font|default":"default","$font_type":"$default_font","$locked_alpha":1},"lb_button":{"type":"button","$focus_id|default":"","$focus_override_down|default":"","$focus_override_up|default":"","$focus_override_left|default":"","$focus_override_right|default":"","focus_identifier":"$focus_id","focus_change_down":"$focus_override_down","focus_change_up":"$focus_override_up","focus_change_left":"$focus_override_left","focus_change_right":"$focus_override_right","$focus_enabled|default":true,"focus_enabled":"$focus_enabled","focus_magnet_enabled":true,"$focus_wrap_enabled|default":true,"focus_wrap_enabled":"$focus_wrap_enabled","$button_focus_precedence|default":0,"default_focus_precedence":"$button_focus_precedence","$button_tts_name|default":"accessibility.button.tts.title","$button_tts_header|default":"","$tts_section_header|default":"","$button_tts_control_type_order_priority|default":100,"$button_tts_index_priority|default":150,"tts_name":"$button_tts_name","tts_control_header":"$button_tts_header","tts_section_header":"$tts_section_header","tts_control_type_order_priority":"$button_tts_control_type_order_priority","tts_index_priority":"$button_tts_index_priority","layer":1,"sound_name":"random.click","sound_volume":1,"sound_pitch":1,"locked_control":"","default_control":"default","hover_control":"hover","pressed_control":"pressed","button_mappings":[{"from_button_id":"button.menu_select","to_button_id":"$pressed_button_name","mapping_type":"pressed"},{"from_button_id":"button.menu_ok","to_button_id":"$pressed_button_name","mapping_type":"focused"}],"$button_bindings|default":[{"binding_type":"collection_details","binding_collection_name":"form_buttons"}],"bindings":"$button_bindings"}}