{
  "format_version": "1.8.0",
  "minecraft:client_entity": {
    "description": {
      "animation_controllers": [
        {
          "general": "controller.animation.lobby.hotairballoon"
        }
      ],
      "animations": {
        "collapse": "animation.cubecraft.hotairballoon.collapse",
        "idle": "animation.cubecraft.hotairballoon.idle"
      },
      "geometry": {
        "default": "geometry.cubecraft.lobby.hotairballoon"
      },
      "identifier": "cubecraft:hot_air_balloon",
      "materials": {
        "default": "entity_alphatest"
      },
      "render_controllers": [
        "controller.render.unlit"
      ],
      "scripts": {
        "scale": "1"
      },
      "textures": {
        "default": "textures/transport/hot_air_balloon"
      }
    }
  }
}