{
  "format_version": "1.8.0",
  "minecraft:client_entity": {
    "description": {
      "animation_controllers": [
        {
          "general": "controller.animation.lobby.train.locomotive"
        }
      ],
      "animations": {
        "default": "animation.cubecraft.train.locomotive"
      },
      "geometry": {
        "default": "geometry.cubecraft.lobby.train.locomotive"
      },
      "identifier": "cubecraft:train_locomotive",
      "materials": {
        "default": "entity_alphatest"
      },
      "render_controllers": [
        "controller.render.unlit"
      ],
      "scripts": {
        "scale": "0.8"
      },
      "textures": {
        "default": "textures/transport/train_locomotive"
      }
    }
  }
}