{"format_version":"1.10.0","minecraft:client_entity":{"description":{"identifier":"trpixel:baby_slime_sheep","min_engine_version":"1.8.0","materials":{"default":"slime_outer"},"textures":{"default":"textures/entity/slime_sheep/baby_slime_sheep"},"geometry":{"default":"geometry.sheep.v1.8","sheared":"geometry.sheep.sheared.v1.8"},"animations":{"setup":"animation.sheep.setup","grazing":"animation.sheep.grazing","walk":"animation.quadruped.walk","look_at_target":"animation.common.look_at_target","baby_transform":"animation.sheep.baby_transform","move":"controller.animation.sheep.move"},"scripts":{"animate":["setup","look_at_target","move",{"baby_transform":"query.is_baby"}]},"render_controllers":["controller.render.sheep"],"spawn_egg":{"texture":"spawn_egg","texture_index":3}}}}