{"format_version":"1.8.0","minecraft:client_entity":{"description":{"identifier":"trpixel:minion","min_engine_version":"1.8.0","materials":{"default":"entity_alphatest"},"textures":{"wheat_1":"textures/entity/minion/wheat/wheat_1","wheat_2":"textures/entity/minion/wheat/wheat_2","wheat_3":"textures/entity/minion/wheat/wheat_3","wheat_4":"textures/entity/minion/wheat/wheat_4","wheat_5":"textures/entity/minion/wheat/wheat_5","wheat_6":"textures/entity/minion/wheat/wheat_6","wheat_7":"textures/entity/minion/wheat/wheat_7","wheat_8":"textures/entity/minion/wheat/wheat_8","wheat_9":"textures/entity/minion/wheat/wheat_9","wheat_10":"textures/entity/minion/wheat/wheat_10","wheat_11":"textures/entity/minion/wheat/wheat_11","carrot_1":"textures/entity/minion/carrot/carrot_1","carrot_2":"textures/entity/minion/carrot/carrot_2","carrot_3":"textures/entity/minion/carrot/carrot_3","carrot_4":"textures/entity/minion/carrot/carrot_4","carrot_5":"textures/entity/minion/carrot/carrot_5","carrot_6":"textures/entity/minion/carrot/carrot_6","carrot_7":"textures/entity/minion/carrot/carrot_7","carrot_8":"textures/entity/minion/carrot/carrot_8","carrot_9":"textures/entity/minion/carrot/carrot_9","carrot_10":"textures/entity/minion/carrot/carrot_10","carrot_11":"textures/entity/minion/carrot/carrot_11","potato_1":"textures/entity/minion/potato/potato_1","potato_2":"textures/entity/minion/potato/potato_2","potato_3":"textures/entity/minion/potato/potato_3","potato_4":"textures/entity/minion/potato/potato_4","potato_5":"textures/entity/minion/potato/potato_5","potato_6":"textures/entity/minion/potato/potato_6","potato_7":"textures/entity/minion/potato/potato_7","potato_8":"textures/entity/minion/potato/potato_8","potato_9":"textures/entity/minion/potato/potato_9","potato_10":"textures/entity/minion/potato/potato_10","potato_11":"textures/entity/minion/potato/potato_11","pumpkin_1":"textures/entity/minion/pumpkin/pumpkin_1","pumpkin_2":"textures/entity/minion/pumpkin/pumpkin_2","pumpkin_3":"textures/entity/minion/pumpkin/pumpkin_3","pumpkin_4":"textures/entity/minion/pumpkin/pumpkin_4","pumpkin_5":"textures/entity/minion/pumpkin/pumpkin_5","pumpkin_6":"textures/entity/minion/pumpkin/pumpkin_6","pumpkin_7":"textures/entity/minion/pumpkin/pumpkin_7","pumpkin_8":"textures/entity/minion/pumpkin/pumpkin_8","pumpkin_9":"textures/entity/minion/pumpkin/pumpkin_9","pumpkin_10":"textures/entity/minion/pumpkin/pumpkin_10","pumpkin_11":"textures/entity/minion/pumpkin/pumpkin_11","melon_1":"textures/entity/minion/melon/melon_1","melon_2":"textures/entity/minion/melon/melon_2","melon_3":"textures/entity/minion/melon/melon_3","melon_4":"textures/entity/minion/melon/melon_4","melon_5":"textures/entity/minion/melon/melon_5","melon_6":"textures/entity/minion/melon/melon_6","melon_7":"textures/entity/minion/melon/melon_7","melon_8":"textures/entity/minion/melon/melon_8","melon_9":"textures/entity/minion/melon/melon_9","melon_10":"textures/entity/minion/melon/melon_10","melon_11":"textures/entity/minion/melon/melon_11","mushroom_1":"textures/entity/minion/mushroom/mushroom_1","mushroom_2":"textures/entity/minion/mushroom/mushroom_2","mushroom_3":"textures/entity/minion/mushroom/mushroom_3","mushroom_4":"textures/entity/minion/mushroom/mushroom_4","mushroom_5":"textures/entity/minion/mushroom/mushroom_5","mushroom_6":"textures/entity/minion/mushroom/mushroom_6","mushroom_7":"textures/entity/minion/mushroom/mushroom_7","mushroom_8":"textures/entity/minion/mushroom/mushroom_8","mushroom_9":"textures/entity/minion/mushroom/mushroom_9","mushroom_10":"textures/entity/minion/mushroom/mushroom_10","mushroom_11":"textures/entity/minion/mushroom/mushroom_11","cocoa_1":"textures/entity/minion/cocoa/cocoa_1","cocoa_2":"textures/entity/minion/cocoa/cocoa_2","cocoa_3":"textures/entity/minion/cocoa/cocoa_3","cocoa_4":"textures/entity/minion/cocoa/cocoa_4","cocoa_5":"textures/entity/minion/cocoa/cocoa_5","cocoa_6":"textures/entity/minion/cocoa/cocoa_6","cocoa_7":"textures/entity/minion/cocoa/cocoa_7","cocoa_8":"textures/entity/minion/cocoa/cocoa_8","cocoa_9":"textures/entity/minion/cocoa/cocoa_9","cocoa_10":"textures/entity/minion/cocoa/cocoa_10","cocoa_11":"textures/entity/minion/cocoa/cocoa_11","cactus_1":"textures/entity/minion/cactus/cactus_1","cactus_2":"textures/entity/minion/cactus/cactus_2","cactus_3":"textures/entity/minion/cactus/cactus_3","cactus_4":"textures/entity/minion/cactus/cactus_4","cactus_5":"textures/entity/minion/cactus/cactus_5","cactus_6":"textures/entity/minion/cactus/cactus_6","cactus_7":"textures/entity/minion/cactus/cactus_7","cactus_8":"textures/entity/minion/cactus/cactus_8","cactus_9":"textures/entity/minion/cactus/cactus_9","cactus_10":"textures/entity/minion/cactus/cactus_10","cactus_11":"textures/entity/minion/cactus/cactus_11","sugar_cane_1":"textures/entity/minion/sugar_cane/sugar_cane_1","sugar_cane_2":"textures/entity/minion/sugar_cane/sugar_cane_2","sugar_cane_3":"textures/entity/minion/sugar_cane/sugar_cane_3","sugar_cane_4":"textures/entity/minion/sugar_cane/sugar_cane_4","sugar_cane_5":"textures/entity/minion/sugar_cane/sugar_cane_5","sugar_cane_6":"textures/entity/minion/sugar_cane/sugar_cane_6","sugar_cane_7":"textures/entity/minion/sugar_cane/sugar_cane_7","sugar_cane_8":"textures/entity/minion/sugar_cane/sugar_cane_8","sugar_cane_9":"textures/entity/minion/sugar_cane/sugar_cane_9","sugar_cane_10":"textures/entity/minion/sugar_cane/sugar_cane_10","sugar_cane_11":"textures/entity/minion/sugar_cane/sugar_cane_11","cow_1":"textures/entity/minion/cow/cow_1","cow_2":"textures/entity/minion/cow/cow_2","cow_3":"textures/entity/minion/cow/cow_3","cow_4":"textures/entity/minion/cow/cow_4","cow_5":"textures/entity/minion/cow/cow_5","cow_6":"textures/entity/minion/cow/cow_6","cow_7":"textures/entity/minion/cow/cow_7","cow_8":"textures/entity/minion/cow/cow_8","cow_9":"textures/entity/minion/cow/cow_9","cow_10":"textures/entity/minion/cow/cow_10","cow_11":"textures/entity/minion/cow/cow_11","pig_1":"textures/entity/minion/pig/pig_1","pig_2":"textures/entity/minion/pig/pig_2","pig_3":"textures/entity/minion/pig/pig_3","pig_4":"textures/entity/minion/pig/pig_4","pig_5":"textures/entity/minion/pig/pig_5","pig_6":"textures/entity/minion/pig/pig_6","pig_7":"textures/entity/minion/pig/pig_7","pig_8":"textures/entity/minion/pig/pig_8","pig_9":"textures/entity/minion/pig/pig_9","pig_10":"textures/entity/minion/pig/pig_10","pig_11":"textures/entity/minion/pig/pig_11","chicken_1":"textures/entity/minion/chicken/chicken_1","chicken_2":"textures/entity/minion/chicken/chicken_2","chicken_3":"textures/entity/minion/chicken/chicken_3","chicken_4":"textures/entity/minion/chicken/chicken_4","chicken_5":"textures/entity/minion/chicken/chicken_5","chicken_6":"textures/entity/minion/chicken/chicken_6","chicken_7":"textures/entity/minion/chicken/chicken_7","chicken_8":"textures/entity/minion/chicken/chicken_8","chicken_9":"textures/entity/minion/chicken/chicken_9","chicken_10":"textures/entity/minion/chicken/chicken_10","chicken_11":"textures/entity/minion/chicken/chicken_11","sheep_1":"textures/entity/minion/sheep/sheep_1","sheep_2":"textures/entity/minion/sheep/sheep_2","sheep_3":"textures/entity/minion/sheep/sheep_3","sheep_4":"textures/entity/minion/sheep/sheep_4","sheep_5":"textures/entity/minion/sheep/sheep_5","sheep_6":"textures/entity/minion/sheep/sheep_6","sheep_7":"textures/entity/minion/sheep/sheep_7","sheep_8":"textures/entity/minion/sheep/sheep_8","sheep_9":"textures/entity/minion/sheep/sheep_9","sheep_10":"textures/entity/minion/sheep/sheep_10","sheep_11":"textures/entity/minion/sheep/sheep_11","rabbit_1":"textures/entity/minion/rabbit/rabbit_1","rabbit_2":"textures/entity/minion/rabbit/rabbit_2","rabbit_3":"textures/entity/minion/rabbit/rabbit_3","rabbit_4":"textures/entity/minion/rabbit/rabbit_4","rabbit_5":"textures/entity/minion/rabbit/rabbit_5","rabbit_6":"textures/entity/minion/rabbit/rabbit_6","rabbit_7":"textures/entity/minion/rabbit/rabbit_7","rabbit_8":"textures/entity/minion/rabbit/rabbit_8","rabbit_9":"textures/entity/minion/rabbit/rabbit_9","rabbit_10":"textures/entity/minion/rabbit/rabbit_10","rabbit_11":"textures/entity/minion/rabbit/rabbit_11","nether_wart_1":"textures/entity/minion/nether_wart/nether_wart_1","nether_wart_2":"textures/entity/minion/nether_wart/nether_wart_2","nether_wart_3":"textures/entity/minion/nether_wart/nether_wart_3","nether_wart_4":"textures/entity/minion/nether_wart/nether_wart_4","nether_wart_5":"textures/entity/minion/nether_wart/nether_wart_5","nether_wart_6":"textures/entity/minion/nether_wart/nether_wart_6","nether_wart_7":"textures/entity/minion/nether_wart/nether_wart_7","nether_wart_8":"textures/entity/minion/nether_wart/nether_wart_8","nether_wart_9":"textures/entity/minion/nether_wart/nether_wart_9","nether_wart_10":"textures/entity/minion/nether_wart/nether_wart_10","nether_wart_11":"textures/entity/minion/nether_wart/nether_wart_11","cobblestone_1":"textures/entity/minion/cobblestone/cobblestone_1","cobblestone_2":"textures/entity/minion/cobblestone/cobblestone_2","cobblestone_3":"textures/entity/minion/cobblestone/cobblestone_3","cobblestone_4":"textures/entity/minion/cobblestone/cobblestone_4","cobblestone_5":"textures/entity/minion/cobblestone/cobblestone_5","cobblestone_6":"textures/entity/minion/cobblestone/cobblestone_6","cobblestone_7":"textures/entity/minion/cobblestone/cobblestone_7","cobblestone_8":"textures/entity/minion/cobblestone/cobblestone_8","cobblestone_9":"textures/entity/minion/cobblestone/cobblestone_9","cobblestone_10":"textures/entity/minion/cobblestone/cobblestone_10","cobblestone_11":"textures/entity/minion/cobblestone/cobblestone_11","coal_1":"textures/entity/minion/coal/coal_1","coal_2":"textures/entity/minion/coal/coal_2","coal_3":"textures/entity/minion/coal/coal_3","coal_4":"textures/entity/minion/coal/coal_4","coal_5":"textures/entity/minion/coal/coal_5","coal_6":"textures/entity/minion/coal/coal_6","coal_7":"textures/entity/minion/coal/coal_7","coal_8":"textures/entity/minion/coal/coal_8","coal_9":"textures/entity/minion/coal/coal_9","coal_10":"textures/entity/minion/coal/coal_10","coal_11":"textures/entity/minion/coal/coal_11","iron_1":"textures/entity/minion/iron/iron_1","iron_2":"textures/entity/minion/iron/iron_2","iron_3":"textures/entity/minion/iron/iron_3","iron_4":"textures/entity/minion/iron/iron_4","iron_5":"textures/entity/minion/iron/iron_5","iron_6":"textures/entity/minion/iron/iron_6","iron_7":"textures/entity/minion/iron/iron_7","iron_8":"textures/entity/minion/iron/iron_8","iron_9":"textures/entity/minion/iron/iron_9","iron_10":"textures/entity/minion/iron/iron_10","iron_11":"textures/entity/minion/iron/iron_11","gold_1":"textures/entity/minion/gold/gold_1","gold_2":"textures/entity/minion/gold/gold_2","gold_3":"textures/entity/minion/gold/gold_3","gold_4":"textures/entity/minion/gold/gold_4","gold_5":"textures/entity/minion/gold/gold_5","gold_6":"textures/entity/minion/gold/gold_6","gold_7":"textures/entity/minion/gold/gold_7","gold_8":"textures/entity/minion/gold/gold_8","gold_9":"textures/entity/minion/gold/gold_9","gold_10":"textures/entity/minion/gold/gold_10","gold_11":"textures/entity/minion/gold/gold_11","diamond_1":"textures/entity/minion/diamond/diamond_1","diamond_2":"textures/entity/minion/diamond/diamond_2","diamond_3":"textures/entity/minion/diamond/diamond_3","diamond_4":"textures/entity/minion/diamond/diamond_4","diamond_5":"textures/entity/minion/diamond/diamond_5","diamond_6":"textures/entity/minion/diamond/diamond_6","diamond_7":"textures/entity/minion/diamond/diamond_7","diamond_8":"textures/entity/minion/diamond/diamond_8","diamond_9":"textures/entity/minion/diamond/diamond_9","diamond_10":"textures/entity/minion/diamond/diamond_10","diamond_11":"textures/entity/minion/diamond/diamond_11","lapis_1":"textures/entity/minion/lapis/lapis_1","lapis_2":"textures/entity/minion/lapis/lapis_2","lapis_3":"textures/entity/minion/lapis/lapis_3","lapis_4":"textures/entity/minion/lapis/lapis_4","lapis_5":"textures/entity/minion/lapis/lapis_5","lapis_6":"textures/entity/minion/lapis/lapis_6","lapis_7":"textures/entity/minion/lapis/lapis_7","lapis_8":"textures/entity/minion/lapis/lapis_8","lapis_9":"textures/entity/minion/lapis/lapis_9","lapis_10":"textures/entity/minion/lapis/lapis_10","lapis_11":"textures/entity/minion/lapis/lapis_11","emerald_1":"textures/entity/minion/emerald/emerald_1","emerald_2":"textures/entity/minion/emerald/emerald_2","emerald_3":"textures/entity/minion/emerald/emerald_3","emerald_4":"textures/entity/minion/emerald/emerald_4","emerald_5":"textures/entity/minion/emerald/emerald_5","emerald_6":"textures/entity/minion/emerald/emerald_6","emerald_7":"textures/entity/minion/emerald/emerald_7","emerald_8":"textures/entity/minion/emerald/emerald_8","emerald_9":"textures/entity/minion/emerald/emerald_9","emerald_10":"textures/entity/minion/emerald/emerald_10","emerald_11":"textures/entity/minion/emerald/emerald_11","redstone_1":"textures/entity/minion/redstone/redstone_1","redstone_2":"textures/entity/minion/redstone/redstone_2","redstone_3":"textures/entity/minion/redstone/redstone_3","redstone_4":"textures/entity/minion/redstone/redstone_4","redstone_5":"textures/entity/minion/redstone/redstone_5","redstone_6":"textures/entity/minion/redstone/redstone_6","redstone_7":"textures/entity/minion/redstone/redstone_7","redstone_8":"textures/entity/minion/redstone/redstone_8","redstone_9":"textures/entity/minion/redstone/redstone_9","redstone_10":"textures/entity/minion/redstone/redstone_10","redstone_11":"textures/entity/minion/redstone/redstone_11","quartz_1":"textures/entity/minion/quartz/quartz_1","quartz_2":"textures/entity/minion/quartz/quartz_2","quartz_3":"textures/entity/minion/quartz/quartz_3","quartz_4":"textures/entity/minion/quartz/quartz_4","quartz_5":"textures/entity/minion/quartz/quartz_5","quartz_6":"textures/entity/minion/quartz/quartz_6","quartz_7":"textures/entity/minion/quartz/quartz_7","quartz_8":"textures/entity/minion/quartz/quartz_8","quartz_9":"textures/entity/minion/quartz/quartz_9","quartz_10":"textures/entity/minion/quartz/quartz_10","quartz_11":"textures/entity/minion/quartz/quartz_11","obsidian_1":"textures/entity/minion/obsidian/obsidian_1","obsidian_2":"textures/entity/minion/obsidian/obsidian_2","obsidian_3":"textures/entity/minion/obsidian/obsidian_3","obsidian_4":"textures/entity/minion/obsidian/obsidian_4","obsidian_5":"textures/entity/minion/obsidian/obsidian_5","obsidian_6":"textures/entity/minion/obsidian/obsidian_6","obsidian_7":"textures/entity/minion/obsidian/obsidian_7","obsidian_8":"textures/entity/minion/obsidian/obsidian_8","obsidian_9":"textures/entity/minion/obsidian/obsidian_9","obsidian_10":"textures/entity/minion/obsidian/obsidian_10","obsidian_11":"textures/entity/minion/obsidian/obsidian_11","glowstone_1":"textures/entity/minion/glowstone/glowstone_1","glowstone_2":"textures/entity/minion/glowstone/glowstone_2","glowstone_3":"textures/entity/minion/glowstone/glowstone_3","glowstone_4":"textures/entity/minion/glowstone/glowstone_4","glowstone_5":"textures/entity/minion/glowstone/glowstone_5","glowstone_6":"textures/entity/minion/glowstone/glowstone_6","glowstone_7":"textures/entity/minion/glowstone/glowstone_7","glowstone_8":"textures/entity/minion/glowstone/glowstone_8","glowstone_9":"textures/entity/minion/glowstone/glowstone_9","glowstone_10":"textures/entity/minion/glowstone/glowstone_10","glowstone_11":"textures/entity/minion/glowstone/glowstone_11","gravel_1":"textures/entity/minion/gravel/gravel_1","gravel_2":"textures/entity/minion/gravel/gravel_2","gravel_3":"textures/entity/minion/gravel/gravel_3","gravel_4":"textures/entity/minion/gravel/gravel_4","gravel_5":"textures/entity/minion/gravel/gravel_5","gravel_6":"textures/entity/minion/gravel/gravel_6","gravel_7":"textures/entity/minion/gravel/gravel_7","gravel_8":"textures/entity/minion/gravel/gravel_8","gravel_9":"textures/entity/minion/gravel/gravel_9","gravel_10":"textures/entity/minion/gravel/gravel_10","gravel_11":"textures/entity/minion/gravel/gravel_11","ice_1":"textures/entity/minion/ice/ice_1","ice_2":"textures/entity/minion/ice/ice_2","ice_3":"textures/entity/minion/ice/ice_3","ice_4":"textures/entity/minion/ice/ice_4","ice_5":"textures/entity/minion/ice/ice_5","ice_6":"textures/entity/minion/ice/ice_6","ice_7":"textures/entity/minion/ice/ice_7","ice_8":"textures/entity/minion/ice/ice_8","ice_9":"textures/entity/minion/ice/ice_9","ice_10":"textures/entity/minion/ice/ice_10","ice_11":"textures/entity/minion/ice/ice_11","sand_1":"textures/entity/minion/sand/sand_1","sand_2":"textures/entity/minion/sand/sand_2","sand_3":"textures/entity/minion/sand/sand_3","sand_4":"textures/entity/minion/sand/sand_4","sand_5":"textures/entity/minion/sand/sand_5","sand_6":"textures/entity/minion/sand/sand_6","sand_7":"textures/entity/minion/sand/sand_7","sand_8":"textures/entity/minion/sand/sand_8","sand_9":"textures/entity/minion/sand/sand_9","sand_10":"textures/entity/minion/sand/sand_10","sand_11":"textures/entity/minion/sand/sand_11","endstone_1":"textures/entity/minion/endstone/endstone_1","endstone_2":"textures/entity/minion/endstone/endstone_2","endstone_3":"textures/entity/minion/endstone/endstone_3","endstone_4":"textures/entity/minion/endstone/endstone_4","endstone_5":"textures/entity/minion/endstone/endstone_5","endstone_6":"textures/entity/minion/endstone/endstone_6","endstone_7":"textures/entity/minion/endstone/endstone_7","endstone_8":"textures/entity/minion/endstone/endstone_8","endstone_9":"textures/entity/minion/endstone/endstone_9","endstone_10":"textures/entity/minion/endstone/endstone_10","endstone_11":"textures/entity/minion/endstone/endstone_11","clay_1":"textures/entity/minion/clay/clay_1","clay_2":"textures/entity/minion/clay/clay_2","clay_3":"textures/entity/minion/clay/clay_3","clay_4":"textures/entity/minion/clay/clay_4","clay_5":"textures/entity/minion/clay/clay_5","clay_6":"textures/entity/minion/clay/clay_6","clay_7":"textures/entity/minion/clay/clay_7","clay_8":"textures/entity/minion/clay/clay_8","clay_9":"textures/entity/minion/clay/clay_9","clay_10":"textures/entity/minion/clay/clay_10","clay_11":"textures/entity/minion/clay/clay_11","zombie_1":"textures/entity/minion/zombie/zombie_1","zombie_2":"textures/entity/minion/zombie/zombie_2","zombie_3":"textures/entity/minion/zombie/zombie_3","zombie_4":"textures/entity/minion/zombie/zombie_4","zombie_5":"textures/entity/minion/zombie/zombie_5","zombie_6":"textures/entity/minion/zombie/zombie_6","zombie_7":"textures/entity/minion/zombie/zombie_7","zombie_8":"textures/entity/minion/zombie/zombie_8","zombie_9":"textures/entity/minion/zombie/zombie_9","zombie_10":"textures/entity/minion/zombie/zombie_10","zombie_11":"textures/entity/minion/zombie/zombie_11","skeleton_1":"textures/entity/minion/skeleton/skeleton_1","skeleton_2":"textures/entity/minion/skeleton/skeleton_2","skeleton_3":"textures/entity/minion/skeleton/skeleton_3","skeleton_4":"textures/entity/minion/skeleton/skeleton_4","skeleton_5":"textures/entity/minion/skeleton/skeleton_5","skeleton_6":"textures/entity/minion/skeleton/skeleton_6","skeleton_7":"textures/entity/minion/skeleton/skeleton_7","skeleton_8":"textures/entity/minion/skeleton/skeleton_8","skeleton_9":"textures/entity/minion/skeleton/skeleton_9","skeleton_10":"textures/entity/minion/skeleton/skeleton_10","skeleton_11":"textures/entity/minion/skeleton/skeleton_11","spider_1":"textures/entity/minion/spider/spider_1","spider_2":"textures/entity/minion/spider/spider_2","spider_3":"textures/entity/minion/spider/spider_3","spider_4":"textures/entity/minion/spider/spider_4","spider_5":"textures/entity/minion/spider/spider_5","spider_6":"textures/entity/minion/spider/spider_6","spider_7":"textures/entity/minion/spider/spider_7","spider_8":"textures/entity/minion/spider/spider_8","spider_9":"textures/entity/minion/spider/spider_9","spider_10":"textures/entity/minion/spider/spider_10","spider_11":"textures/entity/minion/spider/spider_11","cave_spider_1":"textures/entity/minion/cave_spider/cave_spider_1","cave_spider_2":"textures/entity/minion/cave_spider/cave_spider_2","cave_spider_3":"textures/entity/minion/cave_spider/cave_spider_3","cave_spider_4":"textures/entity/minion/cave_spider/cave_spider_4","cave_spider_5":"textures/entity/minion/cave_spider/cave_spider_5","cave_spider_6":"textures/entity/minion/cave_spider/cave_spider_6","cave_spider_7":"textures/entity/minion/cave_spider/cave_spider_7","cave_spider_8":"textures/entity/minion/cave_spider/cave_spider_8","cave_spider_9":"textures/entity/minion/cave_spider/cave_spider_9","cave_spider_10":"textures/entity/minion/cave_spider/cave_spider_10","cave_spider_11":"textures/entity/minion/cave_spider/cave_spider_11","creeper_1":"textures/entity/minion/creeper/creeper_1","creeper_2":"textures/entity/minion/creeper/creeper_2","creeper_3":"textures/entity/minion/creeper/creeper_3","creeper_4":"textures/entity/minion/creeper/creeper_4","creeper_5":"textures/entity/minion/creeper/creeper_5","creeper_6":"textures/entity/minion/creeper/creeper_6","creeper_7":"textures/entity/minion/creeper/creeper_7","creeper_8":"textures/entity/minion/creeper/creeper_8","creeper_9":"textures/entity/minion/creeper/creeper_9","creeper_10":"textures/entity/minion/creeper/creeper_10","creeper_11":"textures/entity/minion/creeper/creeper_11","enderman_1":"textures/entity/minion/enderman/enderman_1","enderman_2":"textures/entity/minion/enderman/enderman_2","enderman_3":"textures/entity/minion/enderman/enderman_3","enderman_4":"textures/entity/minion/enderman/enderman_4","enderman_5":"textures/entity/minion/enderman/enderman_5","enderman_6":"textures/entity/minion/enderman/enderman_6","enderman_7":"textures/entity/minion/enderman/enderman_7","enderman_8":"textures/entity/minion/enderman/enderman_8","enderman_9":"textures/entity/minion/enderman/enderman_9","enderman_10":"textures/entity/minion/enderman/enderman_10","enderman_11":"textures/entity/minion/enderman/enderman_11","ghast_1":"textures/entity/minion/ghast/ghast_1","ghast_2":"textures/entity/minion/ghast/ghast_2","ghast_3":"textures/entity/minion/ghast/ghast_3","ghast_4":"textures/entity/minion/ghast/ghast_4","ghast_5":"textures/entity/minion/ghast/ghast_5","ghast_6":"textures/entity/minion/ghast/ghast_6","ghast_7":"textures/entity/minion/ghast/ghast_7","ghast_8":"textures/entity/minion/ghast/ghast_8","ghast_9":"textures/entity/minion/ghast/ghast_9","ghast_10":"textures/entity/minion/ghast/ghast_10","ghast_11":"textures/entity/minion/ghast/ghast_11","slime_1":"textures/entity/minion/slime/slime_1","slime_2":"textures/entity/minion/slime/slime_2","slime_3":"textures/entity/minion/slime/slime_3","slime_4":"textures/entity/minion/slime/slime_4","slime_5":"textures/entity/minion/slime/slime_5","slime_6":"textures/entity/minion/slime/slime_6","slime_7":"textures/entity/minion/slime/slime_7","slime_8":"textures/entity/minion/slime/slime_8","slime_9":"textures/entity/minion/slime/slime_9","slime_10":"textures/entity/minion/slime/slime_10","slime_11":"textures/entity/minion/slime/slime_11","blaze_1":"textures/entity/minion/blaze/blaze_1","blaze_2":"textures/entity/minion/blaze/blaze_2","blaze_3":"textures/entity/minion/blaze/blaze_3","blaze_4":"textures/entity/minion/blaze/blaze_4","blaze_5":"textures/entity/minion/blaze/blaze_5","blaze_6":"textures/entity/minion/blaze/blaze_6","blaze_7":"textures/entity/minion/blaze/blaze_7","blaze_8":"textures/entity/minion/blaze/blaze_8","blaze_9":"textures/entity/minion/blaze/blaze_9","blaze_10":"textures/entity/minion/blaze/blaze_10","blaze_11":"textures/entity/minion/blaze/blaze_11","magma_cube_1":"textures/entity/minion/magma_cube/magma_cube_1","magma_cube_2":"textures/entity/minion/magma_cube/magma_cube_2","magma_cube_3":"textures/entity/minion/magma_cube/magma_cube_3","magma_cube_4":"textures/entity/minion/magma_cube/magma_cube_4","magma_cube_5":"textures/entity/minion/magma_cube/magma_cube_5","magma_cube_6":"textures/entity/minion/magma_cube/magma_cube_6","magma_cube_7":"textures/entity/minion/magma_cube/magma_cube_7","magma_cube_8":"textures/entity/minion/magma_cube/magma_cube_8","magma_cube_9":"textures/entity/minion/magma_cube/magma_cube_9","magma_cube_10":"textures/entity/minion/magma_cube/magma_cube_10","magma_cube_11":"textures/entity/minion/magma_cube/magma_cube_11","oak_1":"textures/entity/minion/oak/oak_1","oak_2":"textures/entity/minion/oak/oak_2","oak_3":"textures/entity/minion/oak/oak_3","oak_4":"textures/entity/minion/oak/oak_4","oak_5":"textures/entity/minion/oak/oak_5","oak_6":"textures/entity/minion/oak/oak_6","oak_7":"textures/entity/minion/oak/oak_7","oak_8":"textures/entity/minion/oak/oak_8","oak_9":"textures/entity/minion/oak/oak_9","oak_10":"textures/entity/minion/oak/oak_10","oak_11":"textures/entity/minion/oak/oak_11","spruce_1":"textures/entity/minion/spruce/spruce_1","spruce_2":"textures/entity/minion/spruce/spruce_2","spruce_3":"textures/entity/minion/spruce/spruce_3","spruce_4":"textures/entity/minion/spruce/spruce_4","spruce_5":"textures/entity/minion/spruce/spruce_5","spruce_6":"textures/entity/minion/spruce/spruce_6","spruce_7":"textures/entity/minion/spruce/spruce_7","spruce_8":"textures/entity/minion/spruce/spruce_8","spruce_9":"textures/entity/minion/spruce/spruce_9","spruce_10":"textures/entity/minion/spruce/spruce_10","spruce_11":"textures/entity/minion/spruce/spruce_11","birch_1":"textures/entity/minion/birch/birch_1","birch_2":"textures/entity/minion/birch/birch_2","birch_3":"textures/entity/minion/birch/birch_3","birch_4":"textures/entity/minion/birch/birch_4","birch_5":"textures/entity/minion/birch/birch_5","birch_6":"textures/entity/minion/birch/birch_6","birch_7":"textures/entity/minion/birch/birch_7","birch_8":"textures/entity/minion/birch/birch_8","birch_9":"textures/entity/minion/birch/birch_9","birch_10":"textures/entity/minion/birch/birch_10","birch_11":"textures/entity/minion/birch/birch_11","dark_oak_1":"textures/entity/minion/dark_oak/dark_oak_1","dark_oak_2":"textures/entity/minion/dark_oak/dark_oak_2","dark_oak_3":"textures/entity/minion/dark_oak/dark_oak_3","dark_oak_4":"textures/entity/minion/dark_oak/dark_oak_4","dark_oak_5":"textures/entity/minion/dark_oak/dark_oak_5","dark_oak_6":"textures/entity/minion/dark_oak/dark_oak_6","dark_oak_7":"textures/entity/minion/dark_oak/dark_oak_7","dark_oak_8":"textures/entity/minion/dark_oak/dark_oak_8","dark_oak_9":"textures/entity/minion/dark_oak/dark_oak_9","dark_oak_10":"textures/entity/minion/dark_oak/dark_oak_10","dark_oak_11":"textures/entity/minion/dark_oak/dark_oak_11","acacia_1":"textures/entity/minion/acacia/acacia_1","acacia_2":"textures/entity/minion/acacia/acacia_2","acacia_3":"textures/entity/minion/acacia/acacia_3","acacia_4":"textures/entity/minion/acacia/acacia_4","acacia_5":"textures/entity/minion/acacia/acacia_5","acacia_6":"textures/entity/minion/acacia/acacia_6","acacia_7":"textures/entity/minion/acacia/acacia_7","acacia_8":"textures/entity/minion/acacia/acacia_8","acacia_9":"textures/entity/minion/acacia/acacia_9","acacia_10":"textures/entity/minion/acacia/acacia_10","acacia_11":"textures/entity/minion/acacia/acacia_11","jungle_1":"textures/entity/minion/jungle/jungle_1","jungle_2":"textures/entity/minion/jungle/jungle_2","jungle_3":"textures/entity/minion/jungle/jungle_3","jungle_4":"textures/entity/minion/jungle/jungle_4","jungle_5":"textures/entity/minion/jungle/jungle_5","jungle_6":"textures/entity/minion/jungle/jungle_6","jungle_7":"textures/entity/minion/jungle/jungle_7","jungle_8":"textures/entity/minion/jungle/jungle_8","jungle_9":"textures/entity/minion/jungle/jungle_9","jungle_10":"textures/entity/minion/jungle/jungle_10","jungle_11":"textures/entity/minion/jungle/jungle_11","fishing_1":"textures/entity/minion/fishing/fishing_1","fishing_2":"textures/entity/minion/fishing/fishing_2","fishing_3":"textures/entity/minion/fishing/fishing_3","fishing_4":"textures/entity/minion/fishing/fishing_4","fishing_5":"textures/entity/minion/fishing/fishing_5","fishing_6":"textures/entity/minion/fishing/fishing_6","fishing_7":"textures/entity/minion/fishing/fishing_7","fishing_8":"textures/entity/minion/fishing/fishing_8","fishing_9":"textures/entity/minion/fishing/fishing_9","fishing_10":"textures/entity/minion/fishing/fishing_10","fishing_11":"textures/entity/minion/fishing/fishing_11","flower_1":"textures/entity/minion/flower/flower_1","flower_2":"textures/entity/minion/flower/flower_2","flower_3":"textures/entity/minion/flower/flower_3","flower_4":"textures/entity/minion/flower/flower_4","flower_5":"textures/entity/minion/flower/flower_5","flower_6":"textures/entity/minion/flower/flower_6","flower_7":"textures/entity/minion/flower/flower_7","flower_8":"textures/entity/minion/flower/flower_8","flower_9":"textures/entity/minion/flower/flower_9","flower_10":"textures/entity/minion/flower/flower_10","flower_11":"textures/entity/minion/flower/flower_11","snow_1":"textures/entity/minion/snow/snow_1","snow_2":"textures/entity/minion/snow/snow_2","snow_3":"textures/entity/minion/snow/snow_3","snow_4":"textures/entity/minion/snow/snow_4","snow_5":"textures/entity/minion/snow/snow_5","snow_6":"textures/entity/minion/snow/snow_6","snow_7":"textures/entity/minion/snow/snow_7","snow_8":"textures/entity/minion/snow/snow_8","snow_9":"textures/entity/minion/snow/snow_9","snow_10":"textures/entity/minion/snow/snow_10","snow_11":"textures/entity/minion/snow/snow_11","revenant_1":"textures/entity/minion/revenant/revenant_1","revenant_2":"textures/entity/minion/revenant/revenant_2","revenant_3":"textures/entity/minion/revenant/revenant_3","revenant_4":"textures/entity/minion/revenant/revenant_4","revenant_5":"textures/entity/minion/revenant/revenant_5","revenant_6":"textures/entity/minion/revenant/revenant_6","revenant_7":"textures/entity/minion/revenant/revenant_7","revenant_8":"textures/entity/minion/revenant/revenant_8","revenant_9":"textures/entity/minion/revenant/revenant_9","revenant_10":"textures/entity/minion/revenant/revenant_10","revenant_11":"textures/entity/minion/revenant/revenant_11"},"geometry":{"default":"geometry.minion"},"scripts":{"pre_animation":["variable.tcos0 = (Math.cos(query.modified_distance_moved * 38.17) * query.modified_move_speed / variable.gliding_speed_value) * 57.3;"]},"animations":{"look_at_target_default":"animation.humanoid.look_at_target.default","look_at_target_gliding":"animation.humanoid.look_at_target.gliding","look_at_target_swimming":"animation.humanoid.look_at_target.swimming","move":"animation.humanoid.move","riding.arms":"animation.humanoid.riding.arms","riding.legs":"animation.humanoid.riding.legs","holding":"animation.humanoid.holding","brandish_spear":"animation.humanoid.brandish_spear","charging":"animation.humanoid.charging","attack.rotations":"animation.humanoid.attack.rotations","sneaking":"animation.humanoid.sneaking","bob":"animation.humanoid.bob","damage_nearby_mobs":"animation.humanoid.damage_nearby_mobs","bow_and_arrow":"animation.humanoid.bow_and_arrow","swimming":"animation.zombie.swimming","use_item_progress":"animation.humanoid.use_item_progress","skeleton_attack":"animation.skeleton.attack"},"animation_controllers":[{"look_at_target":"controller.animation.humanoid.look_at_target"},{"move":"controller.animation.humanoid.move"},{"riding":"controller.animation.humanoid.riding"},{"holding":"controller.animation.humanoid.holding"},{"brandish_spear":"controller.animation.humanoid.brandish_spear"},{"charging":"controller.animation.humanoid.charging"},{"attack":"controller.animation.humanoid.attack"},{"sneaking":"controller.animation.humanoid.sneaking"},{"bob":"controller.animation.humanoid.bob"},{"damage_nearby_mobs":"controller.animation.humanoid.damage_nearby_mobs"},{"bow_and_arrow":"controller.animation.humanoid.bow_and_arrow"},{"swimming":"controller.animation.zombie.swimming"},{"use_item_progress":"controller.animation.humanoid.use_item_progress"},{"skeleton_attack":"controller.animation.skeleton.attack"}],"enable_attachables":true,"render_controllers":["controller.render.minion"]}}}