{"format_version":"1.10.0","minecraft:client_entity":{"description":{"identifier":"trpixel:pack_spirit","min_engine_version":"1.12.0","materials":{"default":"zombie"},"textures":{"default":"textures/entity/pack_spirit"},"geometry":{"default":"geometry.pack_spirit"},"animations":{"move":"animation.crafters_wolf.move","look_at_target":"animation.common.look_at_target","attack":"animation.crafters_wolf.attack"},"scripts":{"animate":[{"move":"query.modified_move_speed"},{"attack":"variable.attack_time >= 0"},"look_at_target"]},"render_controllers":["controller.render.zombie"]}}}