{"format_version":"1.8.0","minecraft:client_entity":{"description":{"identifier":"trpixel:phyruss_boomerang","min_engine_version":"1.8.0","materials":{"default":"zombie"},"textures":{"default":"textures/entity/boomerang/phyruss_boomerang"},"geometry":{"default":"geometry.phyruss_boomerang"},"scripts":{"pre_animation":["variable.tcos0 = (Math.cos(query.modified_distance_moved * 38.17) * query.modified_move_speed / variable.gliding_speed_value) * 57.3;"]},"animations":{"spin":"animation.boomerang.spin"},"animation_controllers":[{"move":"controller.animation.boomerang.move"}],"render_controllers":["controller.render.zombie"],"enable_attachables":true}}}