{"format_version":"1.8.0","minecraft:client_entity":{"description":{"identifier":"trpixel:power_orb","min_engine_version":"1.8.0","materials":{"default":"zombie"},"textures":{"radiant":"textures/entity/power_orbs/radiant","mana_flux":"textures/entity/power_orbs/mana_flux","overflux":"textures/entity/power_orbs/overflux","plasmaflux":"textures/entity/power_orbs/plasmaflux"},"geometry":{"default":"geometry.skull"},"animations":{"spin":"animation.power_orb.spin"},"animation_controllers":[{"move":"controller.animation.power_orb.move"}],"render_controllers":["controller.render.power_orb"]}}}