{"format_version":"1.8.0","minecraft:client_entity":{"description":{"identifier":"trpixel:quest_tracker","materials":{"default":"quest_tracker","back":"quest_tracker_back","back_inner":"quest_tracker_back_inner","front":"quest_tracker_front"},"textures":{"default":"textures/entity/quest_tracker","sword":"textures/entity/quest_tracker_sword","arrow":"textures/entity/quest_tracker_arrow"},"geometry":{"default":"geometry.quest_tracker","sword":"geometry.quest_tracker.sword","arrow":"geometry.quest_tracker.arrow"},"scripts":{"pre_animation":["variable.tracker_scale = (query.distance_from_camera / 15) + 0.5;"]},"animations":{"look_to_target":"animation.quest_tracker.look_to_target","summon":"animation.quest_tracker.summon","despawn":"animation.quest_tracker.despawn","despawned":"animation.quest_tracker.despawned","pulse":"animation.quest_tracker.pulse"},"animation_controllers":[{"idle":"controller.animation.quest_tracker.idle"},{"dissapear":"controller.animation.quest_tracker.dissapear"}],"render_controllers":["controller.render.quest_tracker"]}}}