{"format_version":"1.8.0","minecraft:client_entity":{"description":{"identifier":"trpixel:retina_laser","min_engine_version":"1.8.0","materials":{"default":"zombie"},"textures":{"default":"textures/entity/retina_laser/retina_laser"},"geometry":{"default":"geometry.retina_laser"},"scripts":{"pre_animation":["variable.tcos0 = (Math.cos(query.modified_distance_moved * 38.17) * query.modified_move_speed / variable.gliding_speed_value) * 57.3;"]},"animations":{"spin":"animation.retina_laser.spin"},"animation_controllers":[{"move":"controller.animation.retina_laser.move"}],"render_controllers":["controller.render.zombie"],"enable_attachables":true}}}