{"format_version":"1.8.0","minecraft:client_entity":{"description":{"identifier":"trpixel:tarantula_broodfather","min_engine_version":"1.8.0","materials":{"default":"spider","invisible":"spider_invisible"},"textures":{"default":"textures/entity/slayer/tarantula_broodfather"},"geometry":{"default":"geometry.spider.v1.8"},"animations":{"default_leg_pose":"animation.spider.default_leg_pose","look_at_target":"animation.spider.look_at_target","walk":"animation.spider.walk"},"animation_controllers":[{"move":"controller.animation.spider.move"}],"render_controllers":["controller.render.spider"],"spawn_egg":{"texture":"spawn_egg","texture_index":11}}}}