{"histeria:box":[{"customies:rotation":2},{"customies:rotation":3},{"customies:rotation":4},{"customies:rotation":5}],"histeria:drawer":[{"customies:rotation":2},{"customies:rotation":3},{"customies:rotation":4},{"customies:rotation":5}],"histeria:histerite_anvil":[{"customies:rotation":2},{"customies:rotation":3},{"customies:rotation":4},{"customies:rotation":5}],"histeria:histerite_chest":[{"customies:rotation":2},{"customies:rotation":3},{"customies:rotation":4},{"customies:rotation":5}],"histeria:nocturite_chest":[{"customies:rotation":2},{"customies:rotation":3},{"customies:rotation":4},{"customies:rotation":5}],"histeria:nocturite_plant":[{"customies:plant_age":0},{"customies:plant_age":1},{"customies:plant_age":2},{"customies:plant_age":3}]}
