{"format_version":"1.16.0","inpvp:zzcandieddeepslate":{"sound":"wood","textures":{"down":"candied_deepslate","east":"candied_deepslate","north":"candied_deepslate","south":"candied_deepslate","up":"candied_deepslate","west":"candied_deepslate"}},"inpvp:zzdiamondchest":{"sound":"wood","textures":{"down":"diamond_chest_top","east":"diamond_chest_front","north":"diamond_chest_side","south":"diamond_chest_side","up":"diamond_chest_top","west":"diamond_chest_front"}},"inpvp:zzfrenzyblock":{"sound":"wood","textures":{"down":"frenzyblock","east":"frenzyblock","north":"frenzyblock","south":"frenzyblock","up":"frenzyblock","west":"frenzyblock"}},"inpvp:zzgoldchest":{"sound":"wood","textures":{"down":"gold_chest_top","east":"gold_chest_front","north":"gold_chest_side","south":"gold_chest_side","up":"gold_chest_top","west":"gold_chest_front"}},"inpvp:zzironchest":{"sound":"wood","textures":{"down":"iron_chest_top","east":"iron_chest_front","north":"iron_chest_side","south":"iron_chest_side","up":"iron_chest_top","west":"iron_chest_front"}}}