{
  "animations": {
    "animation.buddy.scientist.idle": {
      "animation_length": 4.68,
      "bones": {
        "Head": {
          "rotation": {
            "0.0": [
              0,
              0,
              -2.5
            ],
            "0.52": [
              0,
              0,
              0
            ],
            "1.04": [
              -7.56513,
              12.47843,
              -0.33411
            ],
            "1.76": [
              -7.00906,
              12.79559,
              2.20727
            ],
            "2.52": [
              2.55299,
              -7.35361,
              2.2681
            ],
            "3.28": [
              3.18676,
              -7.10311,
              -2.76566
            ],
            "4.16": [
              2.55299,
              -7.35361,
              2.2681
            ],
            "4.68": [
              0,
              0,
              -2.5
            ]
          }
        },
        "LeftArm": {
          "rotation": {
            "0.0": [
              0,
              0,
              0
            ],
            "1.04": [
              -25,
              0,
              0
            ],
            "3.64": [
              -25,
              0,
              0
            ],
            "4.16": [
              0,
              0,
              0
            ]
          }
        },
        "RightArm": {
          "rotation": {
            "0.0": [
              5,
              0,
              0
            ],
            "0.8": [
              -5,
              0,
              0
            ],
            "1.56": [
              5,
              0,
              0
            ],
            "2.36": [
              -5,
              0,
              0
            ],
            "3.12": [
              5,
              0,
              0
            ],
            "3.96": [
              -5,
              0,
              0
            ],
            "4.68": [
              5,
              0,
              0
            ]
          }
        },
        "camera": {
          "scale": 0
        },
        "leftarm2": {
          "position": {
            "0.0": [
              0,
              0,
              0
            ],
            "1.04": [
              0,
              0.5,
              0
            ],
            "3.64": [
              0,
              0.5,
              0
            ],
            "4.16": [
              0,
              0,
              0
            ]
          },
          "rotation": {
            "0.0": [
              0,
              0,
              0
            ],
            "1.04": [
              0,
              0,
              20
            ],
            "3.64": [
              0,
              0,
              20
            ],
            "4.16": [
              0,
              0,
              0
            ]
          }
        },
        "paper": {
          "scale": {
            "0.0": [
              0,
              0,
              0
            ],
            "0.52": [
              1,
              1,
              1
            ],
            "3.64": [
              1,
              1,
              1
            ],
            "4.16": [
              0,
              0,
              0
            ]
          }
        }
      },
      "loop": true
    },
    "animation.buddy.scientist.move": {
      "animation_length": 4.08,
      "bones": {
        "Head": {
          "rotation": {
            "0.0": [
              0,
              0,
              0
            ],
            "0.52": [
              -7.5,
              0,
              0
            ],
            "1.28": [
              -22.61435,
              9.91358,
              -1.31845
            ],
            "1.96": [
              -21.6959,
              -5.39793,
              -5.83135
            ],
            "2.6": [
              -7.13888,
              -4.79535,
              -0.84805
            ],
            "3.12": [
              0,
              0,
              0
            ],
            "3.64": [
              5,
              0,
              0
            ],
            "4.08": [
              0,
              0,
              0
            ]
          }
        },
        "LeftArm": {
          "rotation": {
            "0.0": [
              0,
              0,
              0
            ],
            "0.28": [
              10,
              0,
              0
            ],
            "0.8": [
              -10,
              0,
              0
            ],
            "1.28": [
              10,
              0,
              0
            ],
            "1.8": [
              -10,
              0,
              0
            ],
            "2.28": [
              10,
              0,
              0
            ],
            "2.8": [
              -10,
              0,
              0
            ],
            "3.28": [
              10,
              0,
              0
            ],
            "3.8": [
              -10,
              0,
              0
            ],
            "4.08": [
              0,
              0,
              0
            ]
          }
        },
        "LeftLeg": {
          "rotation": {
            "0.0": [
              0,
              0,
              0
            ],
            "0.28": [
              -15,
              0,
              0
            ],
            "0.8": [
              15,
              0,
              0
            ],
            "1.28": [
              -15,
              0,
              0
            ],
            "1.84": [
              15,
              0,
              0
            ],
            "2.28": [
              -15,
              0,
              0
            ],
            "2.8": [
              15,
              0,
              0
            ],
            "3.28": [
              -15,
              0,
              0
            ],
            "3.84": [
              15,
              0,
              0
            ],
            "4.08": [
              0,
              0,
              0
            ]
          }
        },
        "RightArm": {
          "rotation": {
            "0.0": [
              0,
              0,
              0
            ],
            "0.52": [
              -50,
              0,
              0
            ],
            "1.04": [
              -65,
              0,
              0
            ],
            "1.56": [
              -64.40129,
              10.80355,
              6.32526
            ],
            "2.08": [
              -56.87281,
              -9.3149,
              -6.33859
            ],
            "2.6": [
              -50,
              0,
              0
            ],
            "3.12": [
              0,
              0,
              0
            ]
          }
        },
        "RightLeg": {
          "rotation": {
            "0.0": [
              0,
              0,
              0
            ],
            "0.28": [
              15,
              0,
              0
            ],
            "0.8": [
              -15,
              0,
              0
            ],
            "1.28": [
              15,
              0,
              0
            ],
            "1.84": [
              -15,
              0,
              0
            ],
            "2.28": [
              15,
              0,
              0
            ],
            "2.8": [
              -15,
              0,
              0
            ],
            "3.28": [
              15,
              0,
              0
            ],
            "3.84": [
              -15,
              0,
              0
            ],
            "4.08": [
              0,
              0,
              0
            ]
          }
        },
        "all": {
          "position": {
            "0.0": [
              0,
              0,
              0
            ],
            "0.28": [
              0,
              1,
              0
            ],
            "0.52": [
              0,
              0,
              0
            ],
            "0.8": [
              0,
              1,
              0
            ],
            "1.04": [
              0,
              0,
              0
            ],
            "1.28": [
              0,
              1,
              0
            ],
            "1.52": [
              0,
              0,
              0
            ],
            "1.8": [
              0,
              1,
              0
            ],
            "2.04": [
              0,
              0,
              0
            ],
            "2.28": [
              0,
              1,
              0
            ],
            "2.52": [
              0,
              0,
              0
            ],
            "2.8": [
              0,
              1,
              0
            ],
            "3.04": [
              0,
              0,
              0
            ],
            "3.28": [
              0,
              1,
              0
            ],
            "3.52": [
              0,
              0,
              0
            ],
            "3.8": [
              0,
              1,
              0
            ],
            "4.08": [
              0,
              0,
              0
            ]
          }
        },
        "camera": {
          "scale": {
            "0.0": [
              0,
              0,
              0
            ],
            "0.52": [
              1,
              1,
              1
            ],
            "2.6": [
              1,
              1,
              1
            ],
            "3.12": [
              0,
              0,
              0
            ]
          }
        },
        "paper": {
          "scale": 0
        },
        "rightarm2": {
          "position": {
            "0.0": [
              0,
              0,
              0
            ],
            "0.52": [
              0.1,
              1.1,
              0.5
            ],
            "2.6": [
              0.1,
              1.1,
              0.5
            ],
            "3.12": [
              0,
              0,
              0
            ]
          },
          "rotation": {
            "0.0": [
              0,
              0,
              0
            ],
            "0.52": [
              -50,
              0,
              0
            ],
            "2.6": [
              -50,
              0,
              0
            ],
            "3.12": [
              0,
              0,
              0
            ]
          }
        }
      },
      "loop": true
    }
  },
  "format_version": "1.8.0"
}