{
  "animations": {
    "animation.dinosaur.idle": {
      "animation_length": 3.5,
      "bones": {
        "neck": {
          "rotation": {
            "0.0": [
              0,
              0,
              0
            ],
            "0.5": [
              6.25,
              0,
              0
            ],
            "1.0": [
              6.25,
              0,
              0
            ],
            "1.5": [
              12.5,
              0,
              0
            ],
            "2.0": [
              12.5,
              0,
              0
            ],
            "2.5": [
              6.25,
              0,
              0
            ],
            "3.0": [
              6.25,
              0,
              0
            ],
            "3.5": [
              0,
              0,
              0
            ]
          }
        },
        "tail": {
          "rotation": {
            "0.0": [
              0,
              0,
              0
            ],
            "0.5": [
              -12.5,
              0,
              0
            ],
            "1.0": [
              -12.5,
              0,
              0
            ],
            "1.5": [
              -12.5,
              0,
              0
            ],
            "2.0417": [
              -12.5,
              0,
              0
            ],
            "2.5417": [
              -12.5,
              0,
              0
            ],
            "3.0": [
              0,
              0,
              0
            ]
          }
        },
        "toydino": {
          "position": {
            "0.0": [
              0,
              0,
              0
            ],
            "0.25": [
              0,
              4,
              0
            ],
            "0.5": [
              0,
              0,
              0
            ]
          }
        }
      },
      "loop": true
    },
    "animation.dinosaur.walk": {
      "animation_length": 2,
      "bones": {
        "neck": {
          "rotation": {
            "0.0": [
              0,
              0,
              0
            ],
            "0.2083": [
              12.5,
              0,
              0
            ],
            "0.4583": [
              0,
              0,
              0
            ],
            "0.7083": [
              12.5,
              0,
              0
            ],
            "0.9583": [
              0,
              0,
              0
            ],
            "1.2083": [
              12.5,
              0,
              0
            ],
            "1.4583": [
              0,
              0,
              0
            ],
            "1.75": [
              12.5,
              0,
              0
            ],
            "2.0": [
              0,
              0,
              0
            ]
          }
        },
        "toydino": {
          "position": {
            "0.0": [
              0,
              0,
              0
            ],
            "0.25": [
              7,
              6,
              0
            ],
            "0.5": [
              0,
              0,
              0
            ],
            "0.75": [
              -7,
              6,
              0
            ],
            "1.0": [
              0,
              0,
              0
            ],
            "1.25": [
              7,
              6,
              0
            ],
            "1.5": [
              0,
              0,
              0
            ],
            "1.75": [
              -7,
              6,
              0
            ],
            "2.0": [
              0,
              0,
              0
            ]
          },
          "rotation": {
            "0.0": [
              0,
              0,
              0
            ],
            "0.25": [
              0,
              0,
              17.5
            ],
            "0.5": [
              0,
              0,
              0
            ],
            "0.75": [
              0,
              0,
              -17.5
            ],
            "1.0": [
              0,
              0,
              0
            ],
            "1.25": [
              0,
              0,
              17.5
            ],
            "1.5": [
              0,
              0,
              0
            ],
            "1.75": [
              0,
              0,
              -17.5
            ],
            "2.0": [
              0,
              0,
              0
            ]
          }
        }
      },
      "loop": true
    }
  },
  "format_version": "1.8.0"
}