{
  "animations": {
    "animation.lantern.lunaryear.buddy.idle": {
      "animation_length": 4,
      "bones": {
        "Lantern1": {
          "position": {
            "0.0": [
              0,
              -1,
              0
            ],
            "0.4167": [
              0,
              -0.09,
              0
            ],
            "0.4583": [
              0,
              0,
              0
            ],
            "0.8333": [
              0,
              0.84,
              0
            ],
            "1.0": [
              0,
              1,
              0
            ],
            "1.25": [
              0,
              0.42,
              0
            ],
            "1.4167": [
              0,
              0,
              0
            ],
            "1.6667": [
              0,
              -0.19,
              0
            ],
            "1.7917": [
              0,
              0,
              0
            ],
            "2.0833": [
              0,
              1.03,
              0
            ],
            "2.4167": [
              0,
              2,
              0
            ],
            "2.5": [
              0,
              1.96,
              0
            ],
            "2.9167": [
              0,
              0.92,
              0
            ],
            "3.25": [
              0,
              0,
              0
            ],
            "3.3333": [
              0,
              -0.16,
              0
            ],
            "3.75": [
              0,
              -0.78,
              0
            ],
            "4.0": [
              0,
              -1,
              0
            ]
          }
        },
        "Lantern2": {
          "position": {
            "0.0": [
              0,
              0,
              0
            ],
            "0.4167": [
              0,
              0.68,
              0
            ],
            "0.7083": [
              0,
              1,
              0
            ],
            "0.8333": [
              0,
              0.87,
              0
            ],
            "1.2083": [
              0,
              0,
              0
            ],
            "1.25": [
              0,
              -0.03,
              0
            ],
            "1.6667": [
              0,
              -0.08,
              0
            ],
            "1.7917": [
              0,
              0,
              0
            ],
            "2.0833": [
              0,
              0.82,
              0
            ],
            "2.2083": [
              0,
              1,
              0
            ],
            "2.5": [
              0,
              0.7,
              0
            ],
            "2.875": [
              0,
              0,
              0
            ],
            "2.9167": [
              0,
              -0.07,
              0
            ],
            "3.3333": [
              0,
              -0.88,
              0
            ],
            "3.5": [
              0,
              -1,
              0
            ],
            "3.75": [
              0,
              -0.56,
              0
            ],
            "4.0": [
              0,
              0,
              0
            ]
          }
        },
        "Lantern3": {
          "position": {
            "0.0": [
              0,
              -1,
              0
            ],
            "0.3333": [
              0,
              0,
              0
            ],
            "0.4167": [
              0,
              -0.06,
              0
            ],
            "0.8333": [
              0,
              -0.94,
              0
            ],
            "0.9167": [
              0,
              -1,
              0
            ],
            "1.25": [
              0,
              -0.19,
              0
            ],
            "1.4167": [
              0,
              0,
              0
            ],
            "1.6667": [
              0,
              -0.73,
              0
            ],
            "2.0417": [
              0,
              -2,
              0
            ],
            "2.0833": [
              0,
              -2.02,
              0
            ],
            "2.5": [
              0,
              -1.65,
              0
            ],
            "2.9167": [
              0,
              -1,
              0
            ],
            "3.3333": [
              0,
              -0.14,
              0
            ],
            "3.5": [
              0,
              0,
              0
            ],
            "3.75": [
              0,
              -0.44,
              0
            ],
            "4.0": [
              0,
              -1,
              0
            ]
          }
        }
      },
      "loop": true
    },
    "animation.lantern.lunaryear.buddy.move": {
      "animation_length": 5.16667,
      "bones": {
        "Lantern1": {
          "position": {
            "0.0": [
              0,
              -1,
              0
            ],
            "0.4167": [
              0,
              -0.12,
              0.16
            ],
            "0.8333": [
              0,
              0.85,
              0.33
            ],
            "1.0": [
              0,
              0.97,
              0.35
            ],
            "1.25": [
              0,
              0.58,
              0.28
            ],
            "1.6667": [
              0,
              -0.72,
              0.05
            ],
            "1.875": [
              0,
              -1,
              0
            ],
            "2.0833": [
              0,
              -0.87,
              0.02
            ],
            "2.5": [
              0,
              -0.11,
              0.16
            ],
            "2.9167": [
              0,
              0.73,
              0.3
            ],
            "3.2083": [
              0,
              0.97,
              0.35
            ],
            "3.3333": [
              0,
              0.92,
              0.34
            ],
            "3.75": [
              0,
              0.29,
              0.23
            ],
            "4.1667": [
              0,
              -0.59,
              0.07
            ],
            "4.4583": [
              0,
              -1,
              0
            ],
            "4.5833": [
              0,
              -1.12,
              -0.02
            ],
            "5.0": [
              0,
              -1.03,
              0
            ],
            "5.125": [
              0,
              -1,
              0
            ]
          }
        },
        "Lantern2": {
          "position": {
            "0.0": [
              0,
              0,
              0
            ],
            "0.4167": [
              0,
              0.6,
              0.11
            ],
            "0.8333": [
              0,
              1.43,
              0.25
            ],
            "1.25": [
              0,
              1.95,
              0.34
            ],
            "1.3333": [
              0,
              1.97,
              0.35
            ],
            "1.6667": [
              0,
              1.66,
              0.29
            ],
            "2.0833": [
              0,
              0.8,
              0.14
            ],
            "2.5": [
              0,
              0.08,
              0.01
            ],
            "2.6667": [
              0,
              0,
              0
            ],
            "2.9167": [
              0,
              0.19,
              0.03
            ],
            "3.3333": [
              0,
              1.03,
              0.18
            ],
            "3.75": [
              0,
              1.83,
              0.32
            ],
            "3.9583": [
              0,
              1.97,
              0.35
            ],
            "4.1667": [
              0,
              1.84,
              0.32
            ],
            "4.5833": [
              0,
              1.06,
              0.19
            ],
            "5.0": [
              0,
              0.2,
              0.04
            ],
            "5.1667": [
              0,
              0,
              0
            ]
          }
        },
        "Lantern3": {
          "position": {
            "0.0": [
              0,
              -1,
              0
            ],
            "0.4167": [
              0,
              -1.09,
              -0.02
            ],
            "0.8333": [
              0,
              -1.13,
              -0.02
            ],
            "1.0417": [
              0,
              -1,
              0
            ],
            "1.25": [
              0,
              -0.65,
              0.06
            ],
            "1.6667": [
              0,
              0.43,
              0.25
            ],
            "2.0417": [
              0,
              0.97,
              0.35
            ],
            "2.0833": [
              0,
              0.96,
              0.35
            ],
            "2.5": [
              0,
              0.05,
              0.18
            ],
            "2.9167": [
              0,
              -0.96,
              0.01
            ],
            "3.0": [
              0,
              -1,
              0
            ],
            "3.3333": [
              0,
              -0.36,
              0.11
            ],
            "3.75": [
              0,
              0.86,
              0.33
            ],
            "3.875": [
              0,
              0.97,
              0.35
            ],
            "4.1667": [
              0,
              0.75,
              0.31
            ],
            "4.5833": [
              0,
              -0.02,
              0.17
            ],
            "5.0": [
              0,
              -0.81,
              0.03
            ],
            "5.1667": [
              0,
              -1,
              0
            ]
          }
        },
        "Lanterns": {
          "rotation": [
            10,
            0,
            0
          ]
        }
      },
      "loop": true
    }
  },
  "format_version": "1.8.0"
}