{
  "animations": {
    "animation.monster.buddy.mott.idle": {
      "animation_length": 4,
      "bones": {
        "body": {
          "position": {
            "0.0": [
              0,
              0,
              0
            ],
            "0.12": [
              0,
              0,
              -0.01
            ],
            "0.24": [
              0,
              0,
              -0.03
            ],
            "0.36": [
              0,
              0,
              -0.04
            ],
            "0.48": [
              0,
              0,
              -0.06
            ],
            "0.6": [
              0,
              0,
              -0.09
            ],
            "0.72": [
              0,
              0,
              -0.11
            ],
            "0.84": [
              0,
              0,
              -0.14
            ],
            "0.96": [
              0,
              0,
              -0.16
            ],
            "1.08": [
              0,
              0,
              -0.19
            ],
            "1.2": [
              0,
              0,
              -0.21
            ],
            "1.32": [
              0,
              0,
              -0.23
            ],
            "1.44": [
              0,
              0,
              -0.25
            ],
            "1.56": [
              0,
              0,
              -0.27
            ],
            "1.68": [
              0,
              0,
              -0.28
            ],
            "1.8": [
              0,
              0,
              -0.29
            ],
            "1.92": [
              0,
              0,
              -0.3
            ],
            "2.0": [
              0,
              0,
              -0.3
            ],
            "2.04": [
              0,
              0,
              -0.3
            ],
            "2.16": [
              0,
              0,
              -0.3
            ],
            "2.28": [
              0,
              0,
              -0.29
            ],
            "2.4": [
              0,
              0,
              -0.27
            ],
            "2.52": [
              0,
              0,
              -0.26
            ],
            "2.64": [
              0,
              0,
              -0.24
            ],
            "2.76": [
              0,
              0,
              -0.22
            ],
            "2.88": [
              0,
              0,
              -0.19
            ],
            "3.0": [
              0,
              0,
              -0.17
            ],
            "3.12": [
              0,
              0,
              -0.14
            ],
            "3.24": [
              0,
              0,
              -0.12
            ],
            "3.36": [
              0,
              0,
              -0.09
            ],
            "3.48": [
              0,
              0,
              -0.07
            ],
            "3.6": [
              0,
              0,
              -0.05
            ],
            "3.72": [
              0,
              0,
              -0.03
            ],
            "3.84": [
              0,
              0,
              -0.02
            ],
            "3.96": [
              0,
              0,
              0
            ],
            "4.0": [
              0,
              0,
              0
            ]
          },
          "rotation": {
            "0.0": [
              0,
              0,
              0
            ],
            "0.12": [
              0.28,
              0,
              0
            ],
            "0.24": [
              0.65,
              0,
              0
            ],
            "0.36": [
              1.1,
              0,
              0
            ],
            "0.48": [
              1.61,
              0,
              0
            ],
            "0.6": [
              2.17,
              0,
              0
            ],
            "0.72": [
              2.77,
              0,
              0
            ],
            "0.84": [
              3.39,
              0,
              0
            ],
            "0.96": [
              4.01,
              0,
              0
            ],
            "1.08": [
              4.63,
              0,
              0
            ],
            "1.2": [
              5.22,
              0,
              0
            ],
            "1.32": [
              5.77,
              0,
              0
            ],
            "1.44": [
              6.28,
              0,
              0
            ],
            "1.56": [
              6.71,
              0,
              0
            ],
            "1.68": [
              7.07,
              0,
              0
            ],
            "1.8": [
              7.32,
              0,
              0
            ],
            "1.92": [
              7.47,
              0,
              0
            ],
            "2.0": [
              7.5,
              0,
              0
            ],
            "2.04": [
              7.49,
              0,
              0
            ],
            "2.16": [
              7.39,
              0,
              0
            ],
            "2.28": [
              7.16,
              0,
              0
            ],
            "2.4": [
              6.84,
              0,
              0
            ],
            "2.52": [
              6.43,
              0,
              0
            ],
            "2.64": [
              5.95,
              0,
              0
            ],
            "2.76": [
              5.41,
              0,
              0
            ],
            "2.88": [
              4.83,
              0,
              0
            ],
            "3.0": [
              4.22,
              0,
              0
            ],
            "3.12": [
              3.6,
              0,
              0
            ],
            "3.24": [
              2.97,
              0,
              0
            ],
            "3.36": [
              2.37,
              0,
              0
            ],
            "3.48": [
              1.79,
              0,
              0
            ],
            "3.6": [
              1.26,
              0,
              0
            ],
            "3.72": [
              0.79,
              0,
              0
            ],
            "3.84": [
              0.39,
              0,
              0
            ],
            "3.96": [
              0.08,
              0,
              0
            ],
            "4.0": [
              0,
              0,
              0
            ]
          }
        },
        "head": {
          "rotation": {
            "0.0": [
              0,
              0,
              0
            ],
            "0.12": [
              -0.18,
              0,
              0
            ],
            "0.24": [
              -0.43,
              0,
              0
            ],
            "0.36": [
              -0.73,
              0,
              0
            ],
            "0.48": [
              -1.07,
              0,
              0
            ],
            "0.6": [
              -1.45,
              0,
              0
            ],
            "0.72": [
              -1.85,
              0,
              0
            ],
            "0.84": [
              -2.26,
              0,
              0
            ],
            "0.96": [
              -2.67,
              0,
              0
            ],
            "1.08": [
              -3.09,
              0,
              0
            ],
            "1.2": [
              -3.48,
              0,
              0
            ],
            "1.32": [
              -3.85,
              0,
              0
            ],
            "1.44": [
              -4.18,
              0,
              0
            ],
            "1.56": [
              -4.47,
              0,
              0
            ],
            "1.68": [
              -4.71,
              0,
              0
            ],
            "1.8": [
              -4.88,
              0,
              0
            ],
            "1.92": [
              -4.98,
              0,
              0
            ],
            "2.0": [
              -5,
              0,
              0
            ],
            "2.04": [
              -5,
              0,
              0
            ],
            "2.16": [
              -4.92,
              0,
              0
            ],
            "2.28": [
              -4.78,
              0,
              0
            ],
            "2.4": [
              -4.56,
              0,
              0
            ],
            "2.52": [
              -4.29,
              0,
              0
            ],
            "2.64": [
              -3.97,
              0,
              0
            ],
            "2.76": [
              -3.61,
              0,
              0
            ],
            "2.88": [
              -3.22,
              0,
              0
            ],
            "3.0": [
              -2.81,
              0,
              0
            ],
            "3.12": [
              -2.4,
              0,
              0
            ],
            "3.24": [
              -1.98,
              0,
              0
            ],
            "3.36": [
              -1.58,
              0,
              0
            ],
            "3.48": [
              -1.19,
              0,
              0
            ],
            "3.6": [
              -0.84,
              0,
              0
            ],
            "3.72": [
              -0.53,
              0,
              0
            ],
            "3.84": [
              -0.26,
              0,
              0
            ],
            "3.96": [
              -0.05,
              0,
              0
            ],
            "4.0": [
              0,
              0,
              0
            ]
          }
        },
        "left_arm": {
          "rotation": {
            "0.0": [
              0,
              0,
              0
            ],
            "0.12": [
              0.09,
              0,
              0.28
            ],
            "0.24": [
              0.22,
              0,
              0.65
            ],
            "0.36": [
              0.37,
              0,
              1.1
            ],
            "0.48": [
              0.54,
              0,
              1.61
            ],
            "0.6": [
              0.72,
              0,
              2.17
            ],
            "0.72": [
              0.92,
              0,
              2.77
            ],
            "0.84": [
              1.13,
              0,
              3.39
            ],
            "0.96": [
              1.34,
              0,
              4.01
            ],
            "1.08": [
              1.54,
              0,
              4.63
            ],
            "1.2": [
              1.74,
              0,
              5.22
            ],
            "1.32": [
              1.92,
              0,
              5.77
            ],
            "1.44": [
              2.09,
              0,
              6.28
            ],
            "1.56": [
              2.24,
              0,
              6.71
            ],
            "1.68": [
              2.36,
              0,
              7.07
            ],
            "1.8": [
              2.44,
              0,
              7.32
            ],
            "1.92": [
              2.49,
              0,
              7.47
            ],
            "2.0": [
              2.5,
              0,
              7.5
            ],
            "2.04": [
              2.5,
              0,
              7.49
            ],
            "2.16": [
              2.46,
              0,
              7.39
            ],
            "2.28": [
              2.39,
              0,
              7.16
            ],
            "2.4": [
              2.28,
              0,
              6.84
            ],
            "2.52": [
              2.14,
              0,
              6.43
            ],
            "2.64": [
              1.98,
              0,
              5.95
            ],
            "2.76": [
              1.8,
              0,
              5.41
            ],
            "2.88": [
              1.61,
              0,
              4.83
            ],
            "3.0": [
              1.41,
              0,
              4.22
            ],
            "3.12": [
              1.2,
              0,
              3.6
            ],
            "3.24": [
              0.99,
              0,
              2.97
            ],
            "3.36": [
              0.79,
              0,
              2.37
            ],
            "3.48": [
              0.6,
              0,
              1.79
            ],
            "3.6": [
              0.42,
              0,
              1.26
            ],
            "3.72": [
              0.26,
              0,
              0.79
            ],
            "3.84": [
              0.13,
              0,
              0.39
            ],
            "3.96": [
              0.03,
              0,
              0.08
            ],
            "4.0": [
              0,
              0,
              0
            ]
          }
        },
        "left_leg": {
          "rotation": {
            "0.0": [
              0,
              0,
              0
            ],
            "0.12": [
              -0.28,
              0,
              0
            ],
            "0.24": [
              -0.65,
              0,
              0
            ],
            "0.36": [
              -1.1,
              0,
              0
            ],
            "0.48": [
              -1.61,
              0,
              0
            ],
            "0.6": [
              -2.17,
              0,
              0
            ],
            "0.72": [
              -2.77,
              0,
              0
            ],
            "0.84": [
              -3.39,
              0,
              0
            ],
            "0.96": [
              -4.01,
              0,
              0
            ],
            "1.08": [
              -4.63,
              0,
              0
            ],
            "1.2": [
              -5.22,
              0,
              0
            ],
            "1.32": [
              -5.77,
              0,
              0
            ],
            "1.44": [
              -6.28,
              0,
              0
            ],
            "1.56": [
              -6.71,
              0,
              0
            ],
            "1.68": [
              -7.07,
              0,
              0
            ],
            "1.8": [
              -7.32,
              0,
              0
            ],
            "1.92": [
              -7.47,
              0,
              0
            ],
            "2.0": [
              -7.5,
              0,
              0
            ],
            "2.04": [
              -7.49,
              0,
              0
            ],
            "2.16": [
              -7.39,
              0,
              0
            ],
            "2.28": [
              -7.16,
              0,
              0
            ],
            "2.4": [
              -6.84,
              0,
              0
            ],
            "2.52": [
              -6.43,
              0,
              0
            ],
            "2.64": [
              -5.95,
              0,
              0
            ],
            "2.76": [
              -5.41,
              0,
              0
            ],
            "2.88": [
              -4.83,
              0,
              0
            ],
            "3.0": [
              -4.22,
              0,
              0
            ],
            "3.12": [
              -3.6,
              0,
              0
            ],
            "3.24": [
              -2.97,
              0,
              0
            ],
            "3.36": [
              -2.37,
              0,
              0
            ],
            "3.48": [
              -1.79,
              0,
              0
            ],
            "3.6": [
              -1.26,
              0,
              0
            ],
            "3.72": [
              -0.79,
              0,
              0
            ],
            "3.84": [
              -0.39,
              0,
              0
            ],
            "3.96": [
              -0.08,
              0,
              0
            ],
            "4.0": [
              0,
              0,
              0
            ]
          }
        },
        "right_arm": {
          "rotation": {
            "0.0": [
              0,
              0,
              0
            ],
            "0.12": [
              0.09,
              0,
              -0.28
            ],
            "0.24": [
              0.22,
              0,
              -0.65
            ],
            "0.36": [
              0.37,
              0,
              -1.1
            ],
            "0.48": [
              0.54,
              0,
              -1.61
            ],
            "0.6": [
              0.72,
              0,
              -2.17
            ],
            "0.72": [
              0.92,
              0,
              -2.77
            ],
            "0.84": [
              1.13,
              0,
              -3.39
            ],
            "0.96": [
              1.34,
              0,
              -4.01
            ],
            "1.08": [
              1.54,
              0,
              -4.63
            ],
            "1.2": [
              1.74,
              0,
              -5.22
            ],
            "1.32": [
              1.92,
              0,
              -5.77
            ],
            "1.44": [
              2.09,
              0,
              -6.28
            ],
            "1.56": [
              2.24,
              0,
              -6.71
            ],
            "1.68": [
              2.36,
              0,
              -7.07
            ],
            "1.8": [
              2.44,
              0,
              -7.32
            ],
            "1.92": [
              2.49,
              0,
              -7.47
            ],
            "2.0": [
              2.5,
              0,
              -7.5
            ],
            "2.04": [
              2.5,
              0,
              -7.49
            ],
            "2.16": [
              2.46,
              0,
              -7.39
            ],
            "2.28": [
              2.39,
              0,
              -7.16
            ],
            "2.4": [
              2.28,
              0,
              -6.84
            ],
            "2.52": [
              2.14,
              0,
              -6.43
            ],
            "2.64": [
              1.98,
              0,
              -5.95
            ],
            "2.76": [
              1.8,
              0,
              -5.41
            ],
            "2.88": [
              1.61,
              0,
              -4.83
            ],
            "3.0": [
              1.41,
              0,
              -4.22
            ],
            "3.12": [
              1.2,
              0,
              -3.6
            ],
            "3.24": [
              0.99,
              0,
              -2.97
            ],
            "3.36": [
              0.79,
              0,
              -2.37
            ],
            "3.48": [
              0.6,
              0,
              -1.79
            ],
            "3.6": [
              0.42,
              0,
              -1.26
            ],
            "3.72": [
              0.26,
              0,
              -0.79
            ],
            "3.84": [
              0.13,
              0,
              -0.39
            ],
            "3.96": [
              0.03,
              0,
              -0.08
            ],
            "4.0": [
              0,
              0,
              0
            ]
          }
        },
        "right_leg": {
          "rotation": {
            "0.0": [
              0,
              0,
              0
            ],
            "0.12": [
              -0.28,
              0,
              0
            ],
            "0.24": [
              -0.65,
              0,
              0
            ],
            "0.36": [
              -1.1,
              0,
              0
            ],
            "0.48": [
              -1.61,
              0,
              0
            ],
            "0.6": [
              -2.17,
              0,
              0
            ],
            "0.72": [
              -2.77,
              0,
              0
            ],
            "0.84": [
              -3.39,
              0,
              0
            ],
            "0.96": [
              -4.01,
              0,
              0
            ],
            "1.08": [
              -4.63,
              0,
              0
            ],
            "1.2": [
              -5.22,
              0,
              0
            ],
            "1.32": [
              -5.77,
              0,
              0
            ],
            "1.44": [
              -6.28,
              0,
              0
            ],
            "1.56": [
              -6.71,
              0,
              0
            ],
            "1.68": [
              -7.07,
              0,
              0
            ],
            "1.8": [
              -7.32,
              0,
              0
            ],
            "1.92": [
              -7.47,
              0,
              0
            ],
            "2.0": [
              -7.5,
              0,
              0
            ],
            "2.04": [
              -7.49,
              0,
              0
            ],
            "2.16": [
              -7.39,
              0,
              0
            ],
            "2.28": [
              -7.16,
              0,
              0
            ],
            "2.4": [
              -6.84,
              0,
              0
            ],
            "2.52": [
              -6.43,
              0,
              0
            ],
            "2.64": [
              -5.95,
              0,
              0
            ],
            "2.76": [
              -5.41,
              0,
              0
            ],
            "2.88": [
              -4.83,
              0,
              0
            ],
            "3.0": [
              -4.22,
              0,
              0
            ],
            "3.12": [
              -3.6,
              0,
              0
            ],
            "3.24": [
              -2.97,
              0,
              0
            ],
            "3.36": [
              -2.37,
              0,
              0
            ],
            "3.48": [
              -1.79,
              0,
              0
            ],
            "3.6": [
              -1.26,
              0,
              0
            ],
            "3.72": [
              -0.79,
              0,
              0
            ],
            "3.84": [
              -0.39,
              0,
              0
            ],
            "3.96": [
              -0.08,
              0,
              0
            ],
            "4.0": [
              0,
              0,
              0
            ]
          }
        }
      },
      "loop": true
    },
    "animation.monster.buddy.mott.walk": {
      "animation_length": 1,
      "bones": {
        "body": {
          "position": {
            "0.0": {
              "lerp_mode": "catmullrom",
              "post": [
                0,
                -0.5,
                0
              ]
            },
            "0.24": {
              "lerp_mode": "catmullrom",
              "post": [
                0,
                0,
                0
              ]
            },
            "0.52": {
              "lerp_mode": "catmullrom",
              "post": [
                0,
                -0.5,
                0
              ]
            },
            "0.76": {
              "lerp_mode": "catmullrom",
              "post": [
                0,
                0,
                0
              ]
            },
            "1.0": {
              "lerp_mode": "catmullrom",
              "post": [
                0,
                -0.5,
                0
              ]
            }
          },
          "rotation": {
            "0.0": {
              "lerp_mode": "catmullrom",
              "post": [
                -2.5,
                10,
                -5
              ]
            },
            "0.52": {
              "lerp_mode": "catmullrom",
              "post": [
                -2.5,
                -10,
                5
              ]
            },
            "1.0": {
              "lerp_mode": "catmullrom",
              "post": [
                -2.5,
                10,
                -5
              ]
            }
          }
        },
        "head": {
          "rotation": {
            "0.0": {
              "lerp_mode": "catmullrom",
              "post": [
                7.5,
                -5,
                -5
              ]
            },
            "0.52": {
              "lerp_mode": "catmullrom",
              "post": [
                7.5,
                5,
                5
              ]
            },
            "1.0": {
              "lerp_mode": "catmullrom",
              "post": [
                7.5,
                -5,
                -5
              ]
            }
          }
        },
        "left_arm": {
          "rotation": {
            "0.0": {
              "lerp_mode": "catmullrom",
              "post": [
                25,
                0,
                10
              ]
            },
            "0.52": {
              "lerp_mode": "catmullrom",
              "post": [
                -30,
                0,
                0
              ]
            },
            "1.0": {
              "lerp_mode": "catmullrom",
              "post": [
                25,
                0,
                10
              ]
            }
          }
        },
        "left_leg": {
          "rotation": {
            "0.0": {
              "lerp_mode": "catmullrom",
              "post": [
                -20,
                0,
                0
              ]
            },
            "0.52": {
              "lerp_mode": "catmullrom",
              "post": [
                40,
                0,
                0
              ]
            },
            "0.76": {
              "lerp_mode": "catmullrom",
              "post": [
                -17.5,
                0,
                0
              ]
            },
            "1.0": {
              "lerp_mode": "catmullrom",
              "post": [
                -20,
                0,
                0
              ]
            }
          }
        },
        "right_arm": {
          "rotation": {
            "0.0": {
              "lerp_mode": "catmullrom",
              "post": [
                -30,
                0,
                0
              ]
            },
            "0.52": {
              "lerp_mode": "catmullrom",
              "post": [
                25,
                0,
                -10
              ]
            },
            "1.0": {
              "lerp_mode": "catmullrom",
              "post": [
                -30,
                0,
                0
              ]
            }
          }
        },
        "right_leg": {
          "rotation": {
            "0.0": {
              "lerp_mode": "catmullrom",
              "post": [
                40,
                0,
                0
              ]
            },
            "0.24": {
              "lerp_mode": "catmullrom",
              "post": [
                -17.5,
                0,
                0
              ]
            },
            "0.52": {
              "lerp_mode": "catmullrom",
              "post": [
                -20,
                0,
                0
              ]
            },
            "1.0": {
              "lerp_mode": "catmullrom",
              "post": [
                40,
                0,
                0
              ]
            }
          }
        }
      },
      "loop": true
    }
  },
  "format_version": "1.8.0"
}