{
  "animations": {
    "animation.monster.buddy.frostoise.idle": {
      "animation_length": 0.16667,
      "bones": {
        "back_left_leg": {
          "position": [
            1,
            4.5,
            -2
          ],
          "rotation": [
            -10,
            0,
            12.5
          ]
        },
        "back_right_leg": {
          "position": [
            1,
            4.5,
            -2
          ],
          "rotation": [
            -10,
            0,
            12.5
          ]
        },
        "body": {
          "position": {
            "0.0": {
              "lerp_mode": "catmullrom",
              "post": [
                0,
                -3,
                0
              ]
            }
          },
          "rotation": {
            "0.0": {
              "lerp_mode": "catmullrom",
              "post": [
                -0.5,
                0,
                0
              ]
            }
          }
        },
        "front_left_leg": {
          "position": [
            -1,
            4.5,
            4
          ],
          "rotation": [
            10,
            0,
            -12.5
          ]
        },
        "front_right_leg": {
          "position": [
            2,
            4.5,
            4
          ],
          "rotation": [
            -10,
            0,
            12.5
          ]
        },
        "head": {
          "position": [
            0,
            0,
            14
          ],
          "rotation": [
            12.5,
            0,
            0
          ]
        }
      },
      "loop": true
    },
    "animation.monster.buddy.frostoise.idleend": {
      "animation_length": 0.83333,
      "bones": {
        "back_left_leg": {
          "position": {
            "0.1667": [
              1,
              4.5,
              -2
            ],
            "0.2917": [
              0.86,
              3.87,
              -1.72
            ],
            "0.4167": [
              0.65,
              2.94,
              -1.31
            ],
            "0.5417": [
              0.42,
              1.9,
              -0.84
            ],
            "0.6667": [
              0.2,
              0.91,
              -0.41
            ],
            "0.7917": [
              0.04,
              0.17,
              -0.07
            ],
            "0.8333": [
              0,
              0,
              0
            ]
          },
          "rotation": {
            "0.4167": [
              -10,
              0,
              12.5
            ],
            "0.5417": [
              -7.42,
              0,
              9.27
            ],
            "0.6667": [
              -3.76,
              0,
              4.7
            ],
            "0.7917": [
              -0.64,
              0,
              0.8
            ],
            "0.8333": [
              0,
              0,
              0
            ]
          }
        },
        "back_right_leg": {
          "position": {
            "0.0": [
              1,
              4.5,
              -2
            ],
            "0.125": [
              0.86,
              3.87,
              -1.72
            ],
            "0.25": [
              0.65,
              2.94,
              -1.31
            ],
            "0.375": [
              0.42,
              1.9,
              -0.84
            ],
            "0.5": [
              0.2,
              0.91,
              -0.41
            ],
            "0.625": [
              0.04,
              0.17,
              -0.07
            ],
            "0.6667": [
              0,
              0,
              0
            ]
          },
          "rotation": {
            "0.25": [
              -10,
              0,
              12.5
            ],
            "0.375": [
              -7.42,
              0,
              9.28
            ],
            "0.5": [
              -3.76,
              0,
              4.7
            ],
            "0.625": [
              -0.64,
              0,
              0.8
            ],
            "0.6667": [
              0,
              0,
              0
            ]
          }
        },
        "body": {
          "position": {
            "0.25": {
              "lerp_mode": "catmullrom",
              "post": [
                0,
                -3,
                0
              ]
            },
            "0.5": {
              "lerp_mode": "catmullrom",
              "post": [
                0,
                -4.25,
                0
              ]
            },
            "0.8333": {
              "lerp_mode": "catmullrom",
              "post": [
                0,
                0,
                0
              ]
            }
          },
          "rotation": {
            "0.25": {
              "lerp_mode": "catmullrom",
              "post": [
                -0.5,
                0,
                0
              ]
            },
            "0.5": {
              "lerp_mode": "catmullrom",
              "post": [
                9.5,
                0,
                0
              ]
            },
            "0.8333": {
              "lerp_mode": "catmullrom",
              "post": [
                0,
                0,
                0
              ]
            }
          }
        },
        "front_left_leg": {
          "position": {
            "0.3333": [
              -1,
              4.5,
              4
            ],
            "0.4583": [
              -0.77,
              3.48,
              3.09
            ],
            "0.5833": [
              -0.44,
              1.99,
              1.77
            ],
            "0.7083": [
              -0.13,
              0.61,
              0.54
            ],
            "0.7917": [
              0,
              0,
              0
            ]
          },
          "rotation": {
            "0.5833": [
              10,
              0,
              -12.5
            ],
            "0.7083": [
              3.76,
              0,
              -4.7
            ],
            "0.7917": [
              0,
              0,
              0
            ]
          }
        },
        "front_right_leg": {
          "position": {
            "0.2917": [
              2,
              4.5,
              4
            ],
            "0.4167": [
              1.63,
              3.68,
              3.27
            ],
            "0.5417": [
              1.1,
              2.47,
              2.19
            ],
            "0.6667": [
              0.53,
              1.2,
              1.07
            ],
            "0.7917": [
              0.09,
              0.21,
              0.19
            ],
            "0.8333": [
              0,
              0,
              0
            ]
          },
          "rotation": {
            "0.5417": [
              -10,
              0,
              12.5
            ],
            "0.6667": [
              -5.89,
              0,
              7.36
            ],
            "0.7917": [
              -0.99,
              0,
              1.24
            ],
            "0.8333": [
              0,
              0,
              0
            ]
          }
        },
        "head": {
          "position": {
            "0.2083": [
              0,
              0,
              14
            ],
            "0.3333": [
              0,
              0,
              11.16
            ],
            "0.4583": [
              0,
              0,
              7
            ],
            "0.5833": [
              0,
              0,
              2.84
            ],
            "0.7083": [
              0,
              0,
              0
            ]
          },
          "rotation": {
            "0.2083": [
              12.5,
              0,
              0
            ],
            "0.3333": [
              9.96,
              0,
              0
            ],
            "0.4583": [
              6.25,
              0,
              0
            ],
            "0.5833": [
              2.54,
              0,
              0
            ],
            "0.7083": [
              0,
              0,
              0
            ]
          }
        }
      },
      "loop": "hold_on_last_frame"
    },
    "animation.monster.buddy.frostoise.idlestart": {
      "animation_length": 0.83333,
      "bones": {
        "back_left_leg": {
          "position": {
            "0.0": [
              0,
              0,
              0
            ],
            "0.125": [
              0.14,
              0.63,
              -0.28
            ],
            "0.25": [
              0.35,
              1.56,
              -0.69
            ],
            "0.375": [
              0.58,
              2.6,
              -1.16
            ],
            "0.5": [
              0.8,
              3.59,
              -1.59
            ],
            "0.625": [
              0.96,
              4.33,
              -1.93
            ],
            "0.6667": [
              1,
              4.5,
              -2
            ]
          },
          "rotation": {
            "0.0": [
              0,
              0,
              0
            ],
            "0.125": [
              -2.58,
              0,
              3.23
            ],
            "0.25": [
              -6.24,
              0,
              7.8
            ],
            "0.375": [
              -9.36,
              0,
              11.7
            ],
            "0.4167": [
              -10,
              0,
              12.5
            ]
          }
        },
        "back_right_leg": {
          "position": {
            "0.1667": [
              0,
              0,
              0
            ],
            "0.2917": [
              0.14,
              0.63,
              -0.28
            ],
            "0.4167": [
              0.35,
              1.56,
              -0.69
            ],
            "0.5417": [
              0.58,
              2.6,
              -1.16
            ],
            "0.6667": [
              0.8,
              3.59,
              -1.59
            ],
            "0.7917": [
              0.96,
              4.33,
              -1.93
            ],
            "0.8333": [
              1,
              4.5,
              -2
            ]
          },
          "rotation": {
            "0.1667": [
              0,
              0,
              0
            ],
            "0.2917": [
              -2.58,
              0,
              3.22
            ],
            "0.4167": [
              -6.24,
              0,
              7.8
            ],
            "0.5417": [
              -9.36,
              0,
              11.7
            ],
            "0.5833": [
              -10,
              0,
              12.5
            ]
          }
        },
        "body": {
          "position": {
            "0.0": {
              "lerp_mode": "catmullrom",
              "post": [
                0,
                0,
                0
              ]
            },
            "0.3333": {
              "lerp_mode": "catmullrom",
              "post": [
                0,
                -4.25,
                0
              ]
            },
            "0.5833": {
              "lerp_mode": "catmullrom",
              "post": [
                0,
                -3,
                0
              ]
            }
          },
          "rotation": {
            "0.0": {
              "lerp_mode": "catmullrom",
              "post": [
                0,
                0,
                0
              ]
            },
            "0.3333": {
              "lerp_mode": "catmullrom",
              "post": [
                9.5,
                0,
                0
              ]
            },
            "0.5833": {
              "lerp_mode": "catmullrom",
              "post": [
                -0.5,
                0,
                0
              ]
            }
          }
        },
        "front_left_leg": {
          "position": {
            "0.0417": [
              0,
              0,
              0
            ],
            "0.1667": [
              -0.23,
              1.02,
              0.91
            ],
            "0.2917": [
              -0.56,
              2.51,
              2.23
            ],
            "0.4167": [
              -0.87,
              3.89,
              3.46
            ],
            "0.5": [
              -1,
              4.5,
              4
            ]
          },
          "rotation": {
            "0.0417": [
              0,
              0,
              0
            ],
            "0.1667": [
              6.24,
              0,
              -7.8
            ],
            "0.25": [
              10,
              0,
              -12.5
            ]
          }
        },
        "front_right_leg": {
          "position": {
            "0.0": [
              0,
              0,
              0
            ],
            "0.125": [
              0.37,
              0.82,
              0.73
            ],
            "0.25": [
              0.9,
              2.03,
              1.81
            ],
            "0.375": [
              1.47,
              3.3,
              2.93
            ],
            "0.5": [
              1.91,
              4.29,
              3.81
            ],
            "0.5417": [
              2,
              4.5,
              4
            ]
          },
          "rotation": {
            "0.0": [
              0,
              0,
              0
            ],
            "0.125": [
              -4.11,
              0,
              5.14
            ],
            "0.25": [
              -9.01,
              0,
              11.26
            ],
            "0.2917": [
              -10,
              0,
              12.5
            ]
          }
        },
        "head": {
          "position": {
            "0.125": [
              0,
              0,
              0
            ],
            "0.25": [
              0,
              0,
              2.84
            ],
            "0.375": [
              0,
              0,
              7
            ],
            "0.5": [
              0,
              0,
              11.16
            ],
            "0.625": [
              0,
              0,
              14
            ]
          },
          "rotation": {
            "0.125": [
              0,
              0,
              0
            ],
            "0.25": [
              2.54,
              0,
              0
            ],
            "0.375": [
              6.25,
              0,
              0
            ],
            "0.5": [
              9.96,
              0,
              0
            ],
            "0.625": [
              12.5,
              0,
              0
            ]
          }
        }
      },
      "loop": "hold_on_last_frame"
    },
    "animation.monster.buddy.frostoise.walk": {
      "animation_length": 1,
      "bones": {
        "back_left_leg": {
          "rotation": {
            "0.0": [
              0,
              0,
              0
            ],
            "0.25": [
              15,
              0,
              0
            ],
            "0.6875": [
              -15,
              0,
              0
            ],
            "1.0": [
              0,
              0,
              0
            ]
          }
        },
        "back_right_leg": {
          "rotation": {
            "0.0": [
              0,
              0,
              0
            ],
            "0.25": [
              -15,
              0,
              0
            ],
            "0.6875": [
              15,
              0,
              0
            ],
            "1.0": [
              0,
              0,
              0
            ]
          }
        },
        "body": {
          "position": {
            "0.0": {
              "lerp_mode": "catmullrom",
              "post": [
                0,
                0,
                0
              ]
            },
            "0.25": {
              "lerp_mode": "catmullrom",
              "post": [
                0,
                0.25,
                0
              ]
            },
            "0.5": {
              "lerp_mode": "catmullrom",
              "post": [
                0,
                0,
                0
              ]
            },
            "0.75": {
              "lerp_mode": "catmullrom",
              "post": [
                0,
                0.25,
                0
              ]
            },
            "1.0": {
              "lerp_mode": "catmullrom",
              "post": [
                0,
                0,
                0
              ]
            }
          }
        },
        "front_left_leg": {
          "rotation": {
            "0.0": [
              0,
              0,
              0
            ],
            "0.25": [
              -15,
              0,
              0
            ],
            "0.6875": [
              15,
              0,
              0
            ],
            "1.0": [
              0,
              0,
              0
            ]
          }
        },
        "front_right_leg": {
          "rotation": {
            "0.0": [
              0,
              0,
              0
            ],
            "0.25": [
              15,
              0,
              0
            ],
            "0.6875": [
              -15,
              0,
              0
            ],
            "1.0": [
              0,
              0,
              0
            ]
          }
        },
        "head": {
          "rotation": {
            "0.0": {
              "lerp_mode": "catmullrom",
              "post": [
                0,
                0,
                0
              ]
            },
            "0.5": {
              "lerp_mode": "catmullrom",
              "post": [
                -5,
                0,
                0
              ]
            },
            "1.0": {
              "lerp_mode": "catmullrom",
              "post": [
                0,
                0,
                0
              ]
            }
          }
        }
      },
      "loop": true
    }
  },
  "format_version": "1.8.0"
}