{
  "animations": {
    "animation.monster.buddy.firesentry.idlewalk": {
      "animation_length": 3,
      "bones": {
        "body": {
          "position": {
            "0.0": {
              "lerp_mode": "catmullrom",
              "post": [
                0,
                4,
                0
              ]
            },
            "1.5": {
              "lerp_mode": "catmullrom",
              "post": [
                0,
                0,
                0
              ]
            },
            "3.0": [
              0,
              4,
              0
            ]
          }
        },
        "head": {
          "rotation": {
            "0.0": {
              "lerp_mode": "catmullrom",
              "post": [
                0,
                0,
                0
              ]
            },
            "1.4583": {
              "lerp_mode": "catmullrom",
              "post": [
                5,
                0,
                0
              ]
            },
            "2.8333": [
              0,
              0,
              0
            ]
          }
        },
        "left_arm": {
          "rotation": [
            0,
            0,
            -2.5
          ]
        },
        "lower_left_arm": {
          "rotation": {
            "0.0": {
              "lerp_mode": "catmullrom",
              "post": [
                -15,
                0,
                0
              ]
            },
            "1.6667": {
              "lerp_mode": "catmullrom",
              "post": [
                -7.5,
                0,
                0
              ]
            },
            "2.8333": [
              -15,
              0,
              0
            ]
          }
        },
        "lower_right_arm": {
          "rotation": {
            "0.0": {
              "lerp_mode": "catmullrom",
              "post": [
                -35,
                0,
                0
              ]
            },
            "1.6667": {
              "lerp_mode": "catmullrom",
              "post": [
                -27.5,
                0,
                0
              ]
            },
            "2.8333": [
              -35,
              0,
              0
            ]
          }
        },
        "right_arm": {
          "rotation": [
            -2.5,
            0,
            0
          ]
        }
      },
      "loop": true
    }
  },
  "format_version": "1.8.0"
}