{
  "animations": {
    "animation.pocketpet.idle": {
      "animation_length": 15,
      "bones": {
        "animation1": {
          "position": {
            "0.0": [
              0,
              0,
              0
            ],
            "0.5": [
              0,
              0,
              0
            ],
            "0.5417": [
              0,
              0,
              -0.1
            ],
            "1.0": [
              0,
              0,
              -0.1
            ],
            "1.0417": [
              0,
              0,
              0
            ],
            "1.5": [
              0,
              0,
              0
            ],
            "2.0": [
              0,
              0,
              0
            ],
            "2.0417": [
              0,
              0,
              -0.1
            ],
            "2.5": [
              0,
              0,
              -0.1
            ],
            "2.5417": [
              0,
              0,
              0
            ],
            "2.8333": [
              0,
              0,
              0
            ],
            "2.875": [
              0,
              0,
              -0.1
            ]
          }
        },
        "animation2": {
          "position": {
            "0.0": [
              0,
              0,
              -1
            ],
            "0.5": [
              0,
              0,
              -1
            ],
            "0.5417": [
              0,
              0,
              -0.75
            ],
            "1.0": [
              0,
              0,
              -0.75
            ],
            "1.0417": [
              0,
              0,
              -0.95
            ],
            "1.5": [
              0,
              0,
              -1
            ],
            "2.0": [
              0,
              0,
              -1
            ],
            "2.0417": [
              0,
              0,
              -0.75
            ],
            "2.5": [
              0,
              0,
              -0.75
            ],
            "2.5417": [
              0,
              0,
              -0.95
            ],
            "2.8333": [
              0,
              0,
              -0.95
            ],
            "2.875": [
              0,
              0,
              -0.95
            ]
          }
        },
        "buttonLsmall": {
          "position": {
            "0.0": [
              0,
              0,
              0
            ],
            "11.4583": [
              0,
              0,
              0
            ],
            "11.6667": [
              0,
              0,
              -0.1
            ],
            "11.875": [
              0,
              0,
              0
            ],
            "3.2917": [
              0,
              0,
              0
            ],
            "3.5": [
              0,
              0,
              -0.1
            ],
            "3.5833": [
              0,
              0,
              0
            ]
          }
        },
        "buttonrsmall": {
          "position": {
            "11.4583": [
              0,
              0,
              0
            ],
            "11.6667": [
              0,
              0,
              -0.1
            ],
            "11.875": [
              0,
              0,
              0
            ],
            "6.7917": [
              0,
              0,
              0
            ],
            "7.0": [
              0,
              0,
              -0.1
            ],
            "7.2083": [
              0,
              0,
              0
            ]
          }
        },
        "cake1": {
          "position": {
            "0.0": [
              0,
              0,
              -0.4
            ],
            "11.9167": [
              0,
              0,
              -0.4
            ],
            "11.9583": [
              0,
              -0.2,
              -0.2
            ],
            "12.5": [
              0,
              -0.2,
              -0.2
            ],
            "12.5417": [
              0,
              -0.2,
              -0.3
            ]
          }
        },
        "cake2": {
          "position": {
            "12.5": [
              0,
              0,
              0
            ],
            "12.5417": [
              0,
              -0.2,
              1.2
            ],
            "13.5": [
              0,
              -0.2,
              1.2
            ],
            "13.5417": [
              0,
              -0.2,
              1.1
            ]
          }
        },
        "cake3": {
          "position": {
            "13.5": [
              0,
              0,
              0
            ],
            "13.5417": [
              0,
              -0.25,
              0.2
            ],
            "14.5": [
              0,
              -0.25,
              0.2
            ],
            "14.5417": [
              0,
              -0.25,
              0.1
            ]
          }
        },
        "eat": {
          "position": {
            "0.0": [
              -0.5,
              0,
              -0.2
            ],
            "11.9167": [
              -0.5,
              0,
              -0.225
            ],
            "11.9583": [
              -0.5,
              0,
              -0.15
            ],
            "12.5": [
              -0.5,
              0,
              -0.15
            ],
            "12.5417": [
              -0.5,
              0,
              -0.225
            ],
            "13.0": [
              -0.5,
              0,
              -0.22
            ],
            "13.0417": [
              -0.5,
              0,
              -0.17
            ],
            "13.5": [
              -0.5,
              0,
              -0.17
            ],
            "13.5417": [
              -0.5,
              0,
              -0.27
            ],
            "14.0": [
              -0.5,
              0,
              -0.27
            ],
            "14.0417": [
              -0.5,
              0,
              -0.17
            ],
            "14.5": [
              -0.5,
              0,
              -0.17
            ],
            "14.5417": [
              -0.5,
              0,
              -0.22
            ]
          }
        },
        "eat2": {
          "position": {
            "0.0": [
              -0.5,
              0,
              0.15
            ],
            "11.9167": [
              -0.5,
              0,
              0.05
            ],
            "11.9583": [
              -0.5,
              0,
              0.15
            ],
            "12.5": [
              -0.5,
              0,
              0.15
            ],
            "12.5417": [
              -0.5,
              0,
              0.25
            ],
            "13.0": [
              -0.5,
              0,
              0.25
            ],
            "13.0417": [
              -0.5,
              0,
              0.2
            ],
            "13.5": [
              -0.5,
              0,
              0.2
            ],
            "13.5417": [
              -0.5,
              0,
              0.3
            ],
            "14.0": [
              -0.5,
              0,
              0.3
            ],
            "14.0417": [
              -0.5,
              0,
              0.15
            ],
            "14.5": [
              -0.5,
              0,
              0.2
            ],
            "14.5417": [
              -0.5,
              0,
              0.25
            ],
            "14.7083": [
              -0.5,
              0,
              0.25
            ],
            "14.75": [
              -0.5,
              0,
              -0.025
            ]
          }
        },
        "ground": {
          "scale": [
            1,
            1.1,
            1
          ]
        },
        "icons": {
          "position": {
            "11.9167": [
              0,
              0,
              -0.1
            ],
            "11.9583": [
              0,
              0,
              0
            ],
            "14.7083": [
              0,
              0,
              0
            ],
            "14.875": [
              0,
              0,
              -0.25
            ],
            "15.0": [
              0,
              0,
              -0.25
            ],
            "2.8333": [
              0,
              0,
              0
            ],
            "2.875": [
              0,
              0,
              -0.1
            ],
            "4.0417": [
              0,
              0,
              -0.1
            ],
            "4.0833": [
              0,
              0,
              0
            ],
            "6.25": [
              0,
              0,
              0
            ],
            "6.2917": [
              0,
              0,
              -0.1
            ]
          },
          "scale": [
            1,
            0.9175,
            1
          ]
        },
        "musicnote1": {
          "position": {
            "4.0": [
              0,
              0,
              -0.095
            ],
            "4.0417": [
              0,
              0,
              -0.025
            ],
            "4.0833": [
              0,
              0,
              0
            ],
            "4.5833": [
              0,
              0,
              0
            ],
            "4.625": [
              0,
              0,
              -0.1
            ],
            "5.0833": [
              0,
              0,
              -0.1
            ],
            "5.125": [
              0,
              0,
              0
            ],
            "5.5417": [
              0,
              0,
              0
            ],
            "5.5833": [
              0,
              0,
              -0.1
            ],
            "6.0417": [
              0,
              0,
              -0.1
            ],
            "6.0833": [
              0,
              0,
              0
            ],
            "6.25": [
              0,
              0,
              0
            ],
            "6.2917": [
              0,
              0,
              -0.1
            ]
          }
        },
        "musicnote2": {
          "position": {
            "4.0417": [
              0,
              0,
              -0.1
            ],
            "4.0833": [
              0,
              0,
              -0.1
            ],
            "4.5833": [
              0,
              0,
              -0.1
            ],
            "4.625": [
              0,
              0,
              0
            ],
            "5.0833": [
              0,
              0,
              0
            ],
            "5.125": [
              0,
              0,
              -0.085
            ],
            "5.5417": [
              0,
              0,
              -0.1
            ],
            "5.5833": [
              0,
              0,
              0
            ],
            "6.0417": [
              0,
              0,
              0
            ],
            "6.0833": [
              0,
              0,
              -0.075
            ]
          }
        },
        "poop": {
          "position": {
            "0.0": [
              0,
              0,
              0
            ],
            "2.8333": [
              0,
              0,
              0
            ],
            "2.875": [
              0,
              0,
              -0.1
            ]
          }
        },
        "poopsteam1": {
          "position": {
            "0.0": [
              0,
              0,
              -0.05
            ],
            "0.5": [
              0,
              0,
              -0.05
            ],
            "0.5417": [
              0,
              0,
              0.05
            ],
            "1.0": [
              0,
              0,
              0.05
            ],
            "1.0417": [
              0,
              0,
              -0.05
            ],
            "1.5": [
              0,
              0,
              -0.05
            ],
            "2.0": [
              0,
              0,
              -0.05
            ],
            "2.0417": [
              0,
              0,
              0.05
            ],
            "2.5": [
              0,
              0,
              0.05
            ],
            "2.5417": [
              0,
              0,
              -0.05
            ],
            "2.8333": [
              0,
              0,
              -0.05
            ],
            "2.875": [
              0,
              0,
              -0.15
            ]
          }
        },
        "poopsteam2": {
          "position": {
            "0.0": [
              0,
              0,
              0
            ],
            "0.5": [
              0,
              0,
              0
            ],
            "0.5417": [
              0,
              0,
              -0.1
            ],
            "1.0": [
              0,
              0,
              -0.1
            ],
            "1.0417": [
              0,
              0,
              0
            ],
            "1.5": [
              0,
              0,
              0
            ],
            "2.0": [
              0,
              0,
              0
            ],
            "2.0417": [
              0,
              0,
              -0.1
            ],
            "2.5": [
              0,
              0,
              -0.1
            ],
            "2.5417": [
              0,
              0,
              0
            ],
            "2.8333": [
              0,
              0,
              0
            ],
            "2.875": [
              0,
              0,
              -0.1
            ]
          }
        },
        "root": {
          "position": {
            "0.0": {
              "lerp_mode": "catmullrom",
              "post": [
                0,
                8,
                0
              ]
            },
            "1.5": {
              "lerp_mode": "catmullrom",
              "post": [
                0,
                6,
                0
              ]
            },
            "10.5": {
              "lerp_mode": "catmullrom",
              "post": [
                0,
                6,
                0
              ]
            },
            "12.0": {
              "lerp_mode": "catmullrom",
              "post": [
                0,
                8,
                0
              ]
            },
            "13.5": {
              "lerp_mode": "catmullrom",
              "post": [
                0,
                6,
                0
              ]
            },
            "15.0": {
              "lerp_mode": "catmullrom",
              "post": [
                0,
                8,
                0
              ]
            },
            "3.0": {
              "lerp_mode": "catmullrom",
              "post": [
                0,
                8,
                0
              ]
            },
            "4.5": {
              "lerp_mode": "catmullrom",
              "post": [
                0,
                6,
                0
              ]
            },
            "6.0": {
              "lerp_mode": "catmullrom",
              "post": [
                0,
                8,
                0
              ]
            },
            "7.5": {
              "lerp_mode": "catmullrom",
              "post": [
                0,
                6,
                0
              ]
            },
            "9.0": {
              "lerp_mode": "catmullrom",
              "post": [
                0,
                8,
                0
              ]
            }
          }
        },
        "singing": {
          "position": {
            "4.0417": [
              0,
              0,
              -1.3
            ],
            "4.0833": [
              0,
              0,
              -1.3
            ],
            "4.5833": [
              0,
              0,
              -1.3
            ],
            "4.625": [
              0,
              0,
              -1.25
            ],
            "5.0833": [
              0,
              0,
              -1.25
            ],
            "5.125": [
              0,
              0,
              -1.3
            ],
            "5.5417": [
              0,
              0,
              -1.3
            ],
            "5.5833": [
              0,
              0,
              -1.25
            ],
            "6.0417": [
              0,
              0,
              -1.25
            ],
            "6.0833": [
              0,
              0,
              -1.3
            ]
          }
        },
        "singing2": {
          "position": {
            "4.0417": [
              0,
              0,
              -0.05
            ],
            "4.0833": [
              0,
              0,
              0.05
            ],
            "4.5833": [
              0,
              0,
              0.05
            ],
            "4.625": [
              0,
              0,
              -0.25
            ],
            "5.0833": [
              0,
              0,
              -0.25
            ],
            "5.125": [
              0,
              0,
              0.05
            ],
            "5.5417": [
              0,
              0,
              0.05
            ],
            "5.5833": [
              0,
              0,
              -0.25
            ],
            "6.0417": [
              0,
              0,
              -0.25
            ],
            "6.0833": [
              0,
              0,
              0.05
            ],
            "6.25": [
              0,
              0,
              0.05
            ],
            "6.2917": [
              0,
              0,
              -0.075
            ]
          }
        },
        "sleep": {
          "position": {
            "0.0": [
              0.1,
              0,
              -0.2
            ],
            "11.2083": [
              0.1,
              0,
              -0.15
            ],
            "11.25": [
              0.1,
              0,
              -0.225
            ],
            "7.9583": [
              0.1,
              0,
              -0.25
            ],
            "8.0": [
              0.1,
              0,
              -0.15
            ]
          }
        },
        "willyoueat": {
          "position": {
            "11.25": [
              -0.8,
              0,
              0
            ],
            "11.2917": [
              -0.8,
              0,
              0.25
            ],
            "11.875": [
              -0.8,
              0,
              0.25
            ],
            "11.9167": [
              -0.8,
              0,
              0.05
            ]
          }
        },
        "willyousing": {
          "position": {
            "0.0": [
              0,
              0,
              0
            ],
            "2.8333": [
              0,
              0,
              0
            ],
            "2.9167": [
              -0.175,
              -0.075,
              0.25
            ],
            "3.9167": [
              -0.175,
              -0.075,
              0.25
            ],
            "4.0": [
              -0.175,
              -0.075,
              0.25
            ],
            "4.0417": [
              0,
              0,
              0
            ]
          },
          "scale": [
            1,
            0.85,
            1
          ]
        },
        "willyousleep": {
          "position": {
            "6.2917": [
              0,
              0,
              -2
            ],
            "6.3333": [
              0,
              0,
              -1.7
            ],
            "7.9167": [
              0,
              0,
              -1.7
            ],
            "7.9583": [
              0,
              0,
              -1.8
            ]
          }
        },
        "zzzzz": {
          "position": {
            "0.0": [
              -2.475,
              0.375,
              -0.325
            ],
            "11.1667": [
              -2.48,
              0.71,
              -0.13
            ],
            "11.2083": [
              -2.48,
              0.71,
              -0.185
            ],
            "11.25": [
              -2.48,
              0.705,
              -0.19
            ],
            "7.9583": [
              -2.48,
              0.38,
              -0.195
            ],
            "8.0": [
              -2.48,
              0.63,
              -0.09
            ]
          },
          "scale": {
            "10.4583": [
              1,
              1,
              1
            ],
            "11.1667": [
              0.25,
              0.25,
              0.25
            ],
            "11.2083": [
              0.25,
              0.25,
              0.25
            ],
            "7.9583": [
              1,
              1,
              1
            ],
            "8.0": [
              1,
              1,
              1
            ],
            "8.4583": [
              0.25,
              0.25,
              0.25
            ],
            "9.0833": [
              1,
              1,
              1
            ],
            "9.75": [
              0.25,
              0.25,
              0.25
            ]
          }
        }
      },
      "loop": true,
      "override_previous_animation": true
    }
  },
  "format_version": "1.8.0"
}