{
  "animations": {
    "animation.rcplane.idle": {
      "animation_length": 4,
      "bones": {
        "propellers": {
          "rotation": {
            "0.0": [
              0,
              0,
              0
            ],
            "4.0": [
              0,
              0,
              4240
            ]
          }
        },
        "rcplane": {
          "position": {
            "0.0": [
              0,
              0,
              -1
            ],
            "0.1667": [
              -1.33,
              0.93,
              -3.95
            ],
            "0.3333": [
              -2.48,
              3.09,
              -6.24
            ],
            "0.5": [
              -3,
              6.19,
              -7
            ],
            "0.6667": [
              -2.48,
              8.77,
              -6.24
            ],
            "0.8333": [
              -1.41,
              10.43,
              -4.13
            ],
            "1.0": [
              0,
              11,
              -1
            ],
            "1.1667": [
              1.41,
              10.43,
              2.31
            ],
            "1.3333": [
              2.48,
              8.77,
              4.57
            ],
            "1.5": [
              3,
              6.19,
              5.38
            ],
            "1.6667": [
              2.48,
              3.09,
              4.57
            ],
            "1.8333": [
              1.26,
              0.87,
              2.31
            ],
            "2.0": [
              0,
              0,
              -1
            ],
            "2.1667": [
              1.26,
              0.87,
              -4.13
            ],
            "2.3333": [
              2.48,
              3.09,
              -6.24
            ],
            "2.5": [
              3,
              6.19,
              -7
            ],
            "2.6667": [
              2.48,
              8.77,
              -6.24
            ],
            "2.8333": [
              1.41,
              10.43,
              -4.13
            ],
            "3.0": [
              0,
              11,
              -1
            ],
            "3.1667": [
              -1.41,
              10.43,
              2.31
            ],
            "3.3333": [
              -2.48,
              8.77,
              4.57
            ],
            "3.5": [
              -3,
              6.19,
              5.38
            ],
            "3.6667": [
              -2.48,
              3.09,
              4.57
            ],
            "3.8333": [
              -1.33,
              0.93,
              2.14
            ],
            "4.0": [
              0,
              0,
              -1
            ]
          },
          "rotation": {
            "0.0": [
              0,
              0,
              -25
            ],
            "0.1667": [
              -19.58,
              2.97,
              -22.54
            ],
            "0.3333": [
              -46.67,
              7.5,
              -19.35
            ],
            "0.5": [
              -78.75,
              12.66,
              -15.47
            ],
            "0.6667": [
              -113.33,
              17.5,
              -10.93
            ],
            "0.8333": [
              -147.92,
              21.09,
              -5.76
            ],
            "1.0": [
              -180,
              22.5,
              0
            ],
            "1.1667": [
              -210,
              21.41,
              7.71
            ],
            "1.3333": [
              -240,
              18.52,
              17.69
            ],
            "1.5": [
              -270,
              14.38,
              28.28
            ],
            "1.6667": [
              -300,
              9.54,
              37.87
            ],
            "1.8333": [
              -330,
              4.56,
              44.82
            ],
            "2.0": [
              -360,
              0,
              47.5
            ],
            "2.1667": [
              -390,
              -4.93,
              44.82
            ],
            "2.3333": [
              -420,
              -10.83,
              37.87
            ],
            "2.5": [
              -450,
              -16.87,
              28.28
            ],
            "2.6667": [
              -480,
              -22.22,
              17.69
            ],
            "2.8333": [
              -510,
              -26.04,
              7.71
            ],
            "3.0": [
              -540,
              -27.5,
              0
            ],
            "3.1667": [
              -572.08,
              -25.78,
              -5.76
            ],
            "3.3333": [
              -606.67,
              -21.39,
              -10.93
            ],
            "3.5": [
              -641.25,
              -15.47,
              -15.47
            ],
            "3.6667": [
              -673.33,
              -9.17,
              -19.35
            ],
            "3.8333": [
              -700.42,
              -3.63,
              -22.54
            ],
            "4.0": [
              -720,
              0,
              -25
            ]
          }
        }
      },
      "loop": true
    },
    "animation.rcplane.moving": {
      "animation_length": 3,
      "bones": {
        "propellers": {
          "rotation": {
            "0.0": [
              0,
              0,
              0
            ],
            "0.5833": [
              0,
              0,
              618.33
            ],
            "1.1667": [
              0,
              0,
              1236.67
            ],
            "1.75": [
              0,
              0,
              1855
            ],
            "2.3333": [
              0,
              0,
              2473.33
            ],
            "2.9167": [
              0,
              0,
              3091.67
            ],
            "3.0": [
              0,
              0,
              3180
            ]
          }
        },
        "rcplane": {
          "position": {
            "0.0": [
              0,
              0,
              -1
            ],
            "0.5833": [
              0,
              0.41,
              -1
            ],
            "1.1667": [
              0,
              0.89,
              -1
            ],
            "1.5": [
              0,
              1,
              -1
            ],
            "1.75": [
              0,
              0.94,
              -1
            ],
            "2.3333": [
              0,
              0.49,
              -1
            ],
            "2.9167": [
              0,
              0.03,
              -1
            ],
            "3.0": [
              0,
              0,
              -1
            ]
          },
          "rotation": {
            "0.0": [
              0,
              0,
              -25
            ],
            "0.5833": [
              -8.93,
              0,
              -6.04
            ],
            "0.75": [
              -10,
              0,
              0
            ],
            "1.1667": [
              -6.06,
              0,
              17.32
            ],
            "1.5": [
              0,
              0,
              25
            ],
            "1.75": [
              6.57,
              0,
              20.37
            ],
            "2.25": [
              17.5,
              0,
              0
            ],
            "2.3333": [
              17,
              0,
              -2.91
            ],
            "2.9167": [
              1.37,
              0,
              -23.32
            ],
            "3.0": [
              0,
              0,
              -25
            ]
          }
        }
      },
      "loop": true
    }
  },
  "format_version": "1.8.0"
}