{
  "animations": {
    "animation.buddy.rgb_scythe.idle": {
      "animation_length": 4,
      "bones": {
        "all": {
          "position": {
            "0.0": [
              0,
              0,
              0
            ],
            "1.0": [
              0,
              2,
              0
            ],
            "2.0": [
              0,
              0,
              0
            ],
            "3.0": [
              0,
              2,
              0
            ],
            "4.0": [
              0,
              0,
              0
            ]
          }
        },
        "blue": {
          "position": {
            "1.64": [
              -6,
              2,
              2
            ],
            "2.88": [
              -6,
              22,
              2
            ]
          },
          "scale": {
            "1.64": [
              0,
              0,
              0
            ],
            "1.68": [
              1,
              0.44,
              1
            ],
            "2.28": [
              1,
              11,
              1
            ],
            "2.84": [
              1,
              0.44,
              1
            ],
            "2.88": [
              0,
              0,
              0
            ]
          }
        },
        "green": {
          "position": {
            "2.6": [
              5,
              2,
              -3
            ],
            "3.84": [
              5,
              20,
              -3
            ]
          },
          "scale": {
            "2.6": [
              0,
              0,
              0
            ],
            "2.64": [
              1,
              0.44,
              1
            ],
            "3.24": [
              1,
              11,
              1
            ],
            "3.8": [
              1,
              0.44,
              1
            ],
            "3.84": [
              0,
              0,
              0
            ]
          }
        },
        "orange": {
          "position": {
            "1.16": [
              3,
              11,
              -3
            ],
            "2.4": [
              3,
              32,
              -3
            ]
          },
          "scale": {
            "1.16": [
              0,
              0,
              0
            ],
            "1.2": [
              1,
              0.44,
              1
            ],
            "1.8": [
              1,
              11,
              1
            ],
            "2.36": [
              1,
              0.44,
              1
            ],
            "2.4": [
              0,
              0,
              0
            ]
          }
        },
        "pink": {
          "position": {
            "0.16": [
              -3,
              10,
              2
            ],
            "1.4": [
              -3,
              28,
              2
            ]
          },
          "scale": {
            "0.16": [
              0,
              0,
              0
            ],
            "0.2": [
              1,
              0.44,
              1
            ],
            "0.8": [
              1,
              11,
              1
            ],
            "1.36": [
              1,
              0.44,
              1
            ],
            "1.4": [
              0,
              0,
              0
            ]
          }
        },
        "purple": {
          "position": {
            "2.72": [
              -14,
              10,
              2
            ],
            "3.96": [
              -14,
              31,
              2
            ]
          },
          "scale": {
            "2.72": [
              0,
              0,
              0
            ],
            "2.76": [
              1,
              0.44,
              1
            ],
            "3.36": [
              1,
              11,
              1
            ],
            "3.92": [
              1,
              0.44,
              1
            ],
            "3.96": [
              0,
              0,
              0
            ]
          }
        },
        "rainbow": {
          "scale": 0
        },
        "red": {
          "position": {
            "0.0": [
              -6,
              11,
              -3
            ],
            "0.64": [
              -6,
              28,
              -3
            ],
            "3.44": [
              -6,
              3,
              -3
            ],
            "4.0": [
              -6,
              11,
              -3
            ]
          },
          "scale": {
            "0.0": [
              1,
              11,
              1
            ],
            "0.6": [
              1,
              0.44,
              1
            ],
            "0.64": [
              0,
              0,
              0
            ],
            "3.44": [
              0,
              0,
              0
            ],
            "3.48": [
              1,
              0.44,
              1
            ],
            "4.0": [
              1,
              11,
              1
            ]
          }
        },
        "yellow": {
          "position": {
            "0.64": [
              12,
              11,
              -3
            ],
            "1.88": [
              12,
              32,
              -3
            ]
          },
          "scale": {
            "0.64": [
              0,
              0,
              0
            ],
            "0.68": [
              1,
              0.44,
              1
            ],
            "1.28": [
              1,
              11,
              1
            ],
            "1.84": [
              1,
              0.44,
              1
            ],
            "1.88": [
              0,
              0,
              0
            ]
          }
        }
      },
      "loop": true
    },
    "animation.buddy.rgb_scythe.move": {
      "animation_length": 6.16,
      "bones": {
        "all": {
          "position": {
            "0.0": [
              0,
              0,
              0
            ],
            "1.0": [
              0,
              3,
              0
            ],
            "2.0": [
              0,
              0,
              0
            ],
            "3.0": [
              0,
              3,
              0
            ],
            "4.0": [
              0,
              0,
              0
            ],
            "5.0": [
              0,
              3,
              0
            ],
            "6.0": [
              0,
              0,
              0
            ]
          },
          "rotation": {
            "4.68": [
              0,
              0,
              0
            ],
            "5.0": [
              0,
              0,
              10
            ],
            "6.0": [
              0,
              0,
              -370
            ],
            "6.16": [
              0,
              0,
              -360
            ]
          }
        },
        "rainbow": {
          "scale": {
            "5.04": [
              0,
              0,
              0
            ],
            "5.08": [
              1,
              1,
              1
            ],
            "6.04": [
              1,
              1,
              1
            ],
            "6.08": [
              0,
              0,
              0
            ]
          }
        },
        "streaks": {
          "scale": 0
        }
      },
      "loop": true
    }
  },
  "format_version": "1.8.0"
}