{
  "animations": {
    "animation.summerbear.summer.buddy.bear_buddy_idle2": {
      "animation_length": 2.08,
      "bones": {
        "arm_L": {
          "rotation": {
            "0.0": [
              -5,
              0,
              0
            ],
            "1.04": [
              5,
              0,
              0
            ],
            "2.08": [
              -5,
              0,
              0
            ]
          }
        },
        "arm_R": {
          "rotation": {
            "0.0": [
              5,
              0,
              0
            ],
            "1.04": [
              -5,
              0,
              0
            ],
            "2.08": [
              5,
              0,
              0
            ]
          }
        },
        "drink": {
          "scale": 0
        },
        "eyes": {
          "position": {
            "0.68": [
              0,
              0,
              0
            ],
            "0.72": [
              0,
              0,
              0.5
            ],
            "1.12": [
              0,
              0,
              0.5
            ],
            "1.16": [
              0,
              0,
              0
            ]
          }
        },
        "head": {
          "rotation": {
            "0.0": [
              0,
              0,
              -2.5
            ],
            "1.04": [
              0,
              0,
              2.5
            ],
            "2.08": [
              0,
              0,
              -2.5
            ]
          }
        }
      },
      "loop": true
    },
    "animation.summerbear.summer.buddy.idle": {
      "animation_length": 4.68,
      "bones": {
        "arm_L": {
          "position": {
            "0.0": [
              0,
              0,
              0
            ],
            "1.08": [
              0,
              0,
              0
            ],
            "1.84": [
              0,
              -1.75,
              0
            ],
            "3.12": [
              0,
              -1.75,
              0
            ],
            "4.0": [
              0,
              0,
              0
            ],
            "4.68": [
              0,
              0,
              0
            ]
          },
          "rotation": {
            "0.0": [
              0,
              0,
              0
            ],
            "1.08": [
              0,
              0,
              0
            ],
            "1.84": [
              -74.23047,
              -24.73213,
              -2.13157
            ],
            "3.12": [
              -74.23047,
              -24.73213,
              -2.13157
            ],
            "4.0": [
              0,
              0,
              0
            ],
            "4.68": [
              0,
              0,
              0
            ]
          }
        },
        "arm_R": {
          "position": {
            "1.08": [
              0,
              0,
              0
            ],
            "1.84": [
              0,
              -1.5,
              0
            ],
            "3.12": [
              0,
              -1.5,
              0
            ],
            "4.0": [
              0,
              0,
              0
            ]
          },
          "rotation": {
            "1.08": [
              0,
              0,
              0
            ],
            "1.84": [
              -68.10058,
              19.84302,
              10.82777
            ],
            "3.12": [
              -68.10058,
              19.84302,
              10.82777
            ],
            "4.0": [
              0,
              0,
              0
            ]
          }
        },
        "drink": {
          "rotation": [
            0,
            4,
            22.5
          ],
          "scale": {
            "1.32": [
              0,
              0,
              0
            ],
            "1.72": [
              1,
              1,
              1
            ],
            "3.6": [
              1,
              1,
              1
            ],
            "3.92": [
              0,
              0,
              0
            ]
          }
        },
        "eyes": {
          "position": {
            "1.84": [
              0,
              0,
              0
            ],
            "1.88": [
              0,
              0,
              0.2
            ],
            "3.32": [
              0,
              0,
              0.2
            ],
            "3.36": [
              0,
              0,
              0
            ]
          }
        },
        "head": {
          "rotation": {
            "0.0": [
              0,
              0,
              -2.5
            ],
            "1.04": [
              0,
              0,
              2.5
            ],
            "1.92": [
              12.5,
              0,
              0
            ],
            "2.32": [
              5,
              0,
              0
            ],
            "2.68": [
              12.5,
              0,
              0
            ],
            "3.0": [
              5,
              0,
              0
            ],
            "3.4": [
              12.5,
              0,
              0
            ],
            "3.92": [
              0,
              0,
              0
            ],
            "4.68": [
              0,
              0,
              -2.5
            ]
          }
        }
      },
      "loop": true
    },
    "animation.summerbear.summer.buddy.move": {
      "animation_length": 2.08,
      "bones": {
        "arm_L": {
          "rotation": {
            "0.0": [
              0,
              0,
              0
            ],
            "0.52": [
              -15,
              0,
              0
            ],
            "1.04": [
              0,
              0,
              0
            ],
            "1.56": [
              15,
              0,
              0
            ],
            "2.08": [
              0,
              0,
              0
            ]
          }
        },
        "arm_R": {
          "rotation": {
            "0.0": [
              0,
              0,
              0
            ],
            "0.52": [
              15,
              0,
              0
            ],
            "1.04": [
              0,
              0,
              0
            ],
            "1.56": [
              -15,
              0,
              0
            ],
            "2.08": [
              0,
              0,
              0
            ]
          }
        },
        "bear": {
          "position": {
            "0.0": [
              0,
              0,
              0
            ],
            "0.52": [
              0,
              1,
              0
            ],
            "1.04": [
              0,
              0,
              0
            ],
            "1.56": [
              0,
              1,
              0
            ],
            "2.08": [
              0,
              0,
              0
            ]
          }
        },
        "drink": {
          "scale": 0
        },
        "eyes": {
          "position": {
            "0.88": [
              0,
              0,
              0
            ],
            "0.92": [
              0,
              0,
              0.5
            ],
            "1.28": [
              0,
              0,
              0.5
            ],
            "1.32": [
              0,
              0,
              0
            ]
          },
          "scale": {
            "0.0": [
              1,
              1,
              1
            ],
            "0.92": [
              1,
              1,
              1
            ],
            "0.96": [
              0,
              0,
              0
            ],
            "1.24": [
              0,
              0,
              0
            ],
            "1.28": [
              1,
              1,
              1
            ]
          }
        },
        "head": {
          "rotation": {
            "0.0": [
              0,
              0,
              0
            ],
            "0.52": [
              0,
              0,
              -5
            ],
            "1.04": [
              0,
              0,
              0
            ],
            "1.56": [
              0,
              0,
              5
            ],
            "2.08": [
              0,
              0,
              0
            ]
          }
        },
        "leg_L": {
          "rotation": {
            "0.0": [
              0,
              0,
              0
            ],
            "0.52": [
              25,
              0,
              0
            ],
            "1.04": [
              0,
              0,
              0
            ],
            "1.56": [
              -25,
              0,
              0
            ],
            "2.08": [
              0,
              0,
              0
            ]
          }
        },
        "leg_R": {
          "rotation": {
            "0.0": [
              0,
              0,
              0
            ],
            "0.52": [
              -25,
              0,
              0
            ],
            "1.04": [
              0,
              0,
              0
            ],
            "1.56": [
              25,
              0,
              0
            ],
            "2.08": [
              0,
              0,
              0
            ]
          }
        }
      },
      "loop": true
    }
  },
  "format_version": "1.8.0"
}