{
  "animations": {
    "animation.whale.buddy.idle": {
      "animation_length": 4.04,
      "bones": {
        "eyes_open": {
          "scale": 0
        },
        "fin_left": {
          "position": {
            "0.0": [
              0,
              -0.5,
              0
            ],
            "2.0": [
              0,
              -0.2,
              0
            ],
            "4.04": [
              0,
              -0.5,
              0
            ]
          },
          "rotation": {
            "0.0": [
              0,
              0,
              -7.5
            ],
            "2.0": [
              0,
              0,
              10
            ],
            "4.04": [
              0,
              0,
              -7.5
            ]
          }
        },
        "fin_right": {
          "position": {
            "0.0": [
              0,
              -0.5,
              0
            ],
            "2.0": [
              0,
              -0.2,
              0
            ],
            "4.04": [
              0,
              -0.5,
              0
            ]
          },
          "rotation": {
            "0.0": [
              0,
              0,
              7.5
            ],
            "2.0": [
              0,
              0,
              -10
            ],
            "4.04": [
              0,
              0,
              7.5
            ]
          }
        },
        "head": {
          "rotation": {
            "0.0": [
              -2.5,
              0,
              0
            ],
            "2.04": [
              2.5,
              0,
              0
            ],
            "4.04": [
              -2.5,
              0,
              0
            ]
          }
        },
        "tail": {
          "position": {
            "0.0": [
              0,
              0.5,
              -3
            ],
            "2.08": [
              0,
              0.5,
              0.75
            ],
            "4.04": [
              0,
              0.5,
              -3
            ]
          },
          "rotation": {
            "0.0": [
              -10,
              0,
              0
            ],
            "2.08": [
              5,
              0,
              0
            ],
            "4.04": [
              -10,
              0,
              0
            ]
          }
        },
        "tail2": {
          "position": {
            "0.0": [
              0,
              0,
              -0.6
            ],
            "2.04": [
              0,
              0.2,
              -0.6
            ],
            "4.04": [
              0,
              0,
              -0.6
            ]
          },
          "rotation": {
            "0.0": [
              -5,
              0,
              0
            ],
            "2.04": [
              7,
              0,
              0
            ],
            "4.04": [
              -5,
              0,
              0
            ]
          }
        },
        "tail3": {
          "position": {
            "0.0": [
              0,
              0.3,
              -0.9
            ],
            "2.0": [
              0,
              0,
              -1.1
            ],
            "4.04": [
              0,
              0.3,
              -0.9
            ]
          },
          "rotation": {
            "0.0": [
              -12.5,
              0,
              0
            ],
            "2.0": [
              13,
              0,
              0
            ],
            "4.04": [
              -12.5,
              0,
              0
            ]
          }
        },
        "tail_end": {
          "position": {
            "0.0": [
              0,
              0.3,
              0
            ],
            "2.0": [
              0,
              0.55,
              0
            ],
            "4.04": [
              0,
              0.3,
              0
            ]
          },
          "rotation": {
            "0.0": [
              -3,
              0,
              0
            ],
            "2.0": [
              3,
              0,
              0
            ],
            "4.04": [
              -3,
              0,
              0
            ]
          }
        },
        "whale": {
          "position": {
            "0.0": [
              0,
              1,
              0
            ],
            "1.88": [
              0,
              0,
              0
            ],
            "4.04": [
              0,
              1,
              0
            ]
          }
        }
      },
      "loop": true
    },
    "animation.whale.buddy.walk": {
      "animation_length": 5,
      "bones": {
        "eyes_open": {
          "scale": {
            "0.0": [
              1,
              1,
              1
            ],
            "2.12": [
              1,
              1,
              1
            ],
            "2.16": [
              0,
              0,
              0
            ],
            "2.92": [
              0,
              0,
              0
            ],
            "2.96": [
              1,
              1,
              1
            ],
            "5.0": [
              1,
              1,
              1
            ]
          }
        },
        "fin_left": {
          "position": {
            "0.0": [
              0,
              -0.1,
              0
            ],
            "1.08": [
              0,
              0.6,
              0
            ],
            "2.4": [
              0,
              -0.1,
              0
            ],
            "3.72": [
              0,
              0.6,
              0
            ],
            "5.0": [
              0,
              -0.1,
              0
            ]
          },
          "rotation": {
            "0.0": [
              0,
              0,
              -30
            ],
            "1.08": [
              0,
              0,
              12.5
            ],
            "2.4": [
              0,
              0,
              -30
            ],
            "3.72": [
              0,
              0,
              12.5
            ],
            "5.0": [
              0,
              0,
              -30
            ]
          }
        },
        "fin_right": {
          "position": {
            "0.0": [
              0,
              -0.2,
              0
            ],
            "1.08": [
              0,
              0.4,
              0
            ],
            "2.4": [
              0,
              -0.2,
              0
            ],
            "3.76": [
              0,
              0.4,
              0
            ],
            "5.0": [
              0,
              -0.2,
              0
            ]
          },
          "rotation": {
            "0.0": [
              0,
              0,
              30
            ],
            "1.08": [
              0,
              0,
              -12.5
            ],
            "2.4": [
              0,
              0,
              30
            ],
            "3.76": [
              0,
              0,
              -12.5
            ],
            "5.0": [
              0,
              0,
              30
            ]
          }
        },
        "head": {
          "rotation": {
            "0.0": [
              -2.5,
              0,
              0
            ],
            "1.16": [
              2.5,
              0,
              0
            ],
            "2.48": [
              -2.5,
              0,
              0
            ],
            "3.8": [
              2.5,
              0,
              0
            ],
            "5.0": [
              -2.5,
              0,
              0
            ]
          }
        },
        "tail": {
          "position": {
            "0.0": [
              0,
              0.5,
              -3
            ],
            "1.12": [
              0,
              0.5,
              1.75
            ],
            "2.48": [
              0,
              0.5,
              -3
            ],
            "3.8": [
              0,
              0.5,
              1.75
            ],
            "5.0": [
              0,
              0.5,
              -3
            ]
          },
          "rotation": {
            "0.0": [
              -10,
              0,
              0
            ],
            "1.12": [
              10,
              0,
              0
            ],
            "2.48": [
              -10,
              0,
              0
            ],
            "3.8": [
              10,
              0,
              0
            ],
            "5.0": [
              -10,
              0,
              0
            ]
          }
        },
        "tail2": {
          "position": {
            "0.0": [
              0,
              0,
              -0.6
            ],
            "1.08": [
              0,
              0.2,
              -0.6
            ],
            "2.48": [
              0,
              0,
              -0.6
            ],
            "3.76": [
              0,
              0.2,
              -0.6
            ],
            "5.0": [
              0,
              0,
              -0.6
            ]
          },
          "rotation": {
            "0.0": [
              -12.5,
              0,
              0
            ],
            "1.12": [
              12.5,
              0,
              0
            ],
            "2.48": [
              -12.5,
              0,
              0
            ],
            "3.76": [
              12.5,
              0,
              0
            ],
            "5.0": [
              -12.5,
              0,
              0
            ]
          }
        },
        "tail3": {
          "position": {
            "0.0": [
              0,
              0.7,
              -0.9
            ],
            "1.08": [
              0,
              -0.4,
              -1.4
            ],
            "2.48": [
              0,
              0.7,
              -0.9
            ],
            "3.76": [
              0,
              -0.4,
              -1.4
            ],
            "5.0": [
              0,
              0.7,
              -0.9
            ]
          },
          "rotation": {
            "0.0": [
              -32.5,
              0,
              0
            ],
            "1.08": [
              32.5,
              0,
              0
            ],
            "2.48": [
              -32.5,
              0,
              0
            ],
            "3.76": [
              32.5,
              0,
              0
            ],
            "5.0": [
              -32.5,
              0,
              0
            ]
          }
        },
        "tail_end": {
          "position": {
            "0.0": [
              0,
              -0.5,
              0
            ],
            "1.08": [
              0,
              1.25,
              0
            ],
            "2.44": [
              0,
              -0.5,
              0
            ],
            "3.76": [
              0,
              1.25,
              0
            ],
            "5.0": [
              0,
              -0.5,
              0
            ]
          },
          "rotation": {
            "0.0": [
              -25,
              0,
              0
            ],
            "1.08": [
              25,
              0,
              0
            ],
            "2.44": [
              -25,
              0,
              0
            ],
            "3.76": [
              25,
              0,
              0
            ],
            "5.0": [
              -25,
              0,
              0
            ]
          }
        },
        "whale": {
          "position": {
            "0.0": [
              0,
              1,
              0
            ],
            "1.2": [
              0,
              -1,
              0
            ],
            "2.48": [
              0,
              1,
              0
            ],
            "3.8": [
              0,
              -1,
              0
            ],
            "5.0": [
              0,
              1,
              0
            ]
          },
          "rotation": {
            "0.0": [
              0,
              7.5,
              0
            ],
            "2.48": [
              0,
              -7.5,
              0
            ],
            "5.0": [
              0,
              7.5,
              0
            ]
          }
        }
      },
      "loop": true
    }
  },
  "format_version": "1.8.0"
}