{"format_version":"1.14.0","sound_definitions":{"inpvp.balltoy":{"__use_legacy_max_distance":"true","category":"music","sounds":["sounds/squeekyballtoy"]},"inpvp.dogtoy":{"__use_legacy_max_distance":"true","category":"music","sounds":["sounds/squeekydogtoy"]},"inpvp.frenzysong":{"__use_legacy_max_distance":"true","category":"music","sounds":["sounds/frenzysong"]},"inpvp.halloweensong":{"__use_legacy_max_distance":"true","category":"music","sounds":["sounds/halloweensong"]},"inpvp.jumpscare":{"__use_legacy_max_distance":"true","category":"music","sounds":["sounds/jumpscare"]},"inpvp.scream":{"__use_legacy_max_distance":"true","category":"music","sounds":["sounds/scream"]}}}