{
  "animation_controllers": {
    "controller.animation.easter_rabbit_boss.walk": {
      "initial_state": "idle",
      "states": {
        "idle": {
          "animations": [
            "idle"
          ],
          "transitions": [
            {
              "walk": "query.ground_speed"
            }
          ]
        },
        "walk": {
          "animations": [
            "walk"
          ],
          "blend_transition": 0.25,
          "transitions": [
            {
              "idle": "!query.ground_speed"
            }
          ]
        }
      }
    }
  },
  "format_version": "1.10.0"
}