{
	"format_version": "1.12.0",
	"minecraft:geometry": [
		{
			"description": {
				"identifier": "geometry.player.armor.frost_knight_chestplate",
				"texture_width": 128,
				"texture_height": 128,
				"visible_bounds_width": 5,
				"visible_bounds_height": 6,
				"visible_bounds_offset": [0, 1, 0]
			},
			"bones": [
				{
					"name": "waist",
					"pivot": [0, 12, 0]
				},
				{
					"name": "body",
					"parent": "waist",
					"pivot": [0, 24, 0],
					"cubes": [
						{"origin": [-5, 14, -4.7], "size": [10, 5.4, 9.5], "inflate": 0.25, "uv": [0, 56]},
						{"origin": [-2.6, 9.1, -4], "size": [5.2, 7.3, 1.2], "inflate": 0.25, "pivot": [0, 13.7, -3.4], "rotation": [5, 0, 0], "uv": [114, 69]},
						{"origin": [-7, 17, -2], "size": [14, 8, 7], "inflate": 0.25, "uv": [24, 21]},
						{"origin": [-6.5, 16.2, -4], "size": [13, 8, 7], "pivot": [-0.70495, 20.25912, -4.45787], "rotation": [5, 0, 0], "uv": [31, 0]},
						{"origin": [-7.6, 17.48894, -5.769], "size": [7, 7, 7.6], "pivot": [-4, 22.18894, -5.669], "rotation": [0, 2.5, -7.5], "uv": [68, 64]},
						{"origin": [0.6, 17.48894, -5.769], "size": [7, 7, 7.6], "pivot": [4, 22.18894, -5.669], "rotation": [0, -2.5, 7.5], "uv": [68, 49]},
						{"origin": [-4.6, 10, -3], "size": [9.2, 4, 7.4], "inflate": 0.25, "uv": [65, 30]}
					]
				},
				{
					"name": "rightArm",
					"parent": "body",
					"pivot": [-4.62832, 22.39487, 0.68],
					"cubes": [
						{"origin": [-10, 20, -2.6], "size": [6, 2, 5.975], "inflate": 0.25, "pivot": [-7, 21, -0.1], "rotation": [0, 0, -2.5], "uv": [0, 28]},
						{"origin": [-11, 22, -4], "size": [7, 6, 7.975], "inflate": 0.25, "pivot": [-7.5, 22, -0.5], "rotation": [0, 0, -7.5], "uv": [20, 80]},
						{"origin": [-9, 16, -2], "size": [5, 8, 4.975], "inflate": 0.25, "uv": [41, 102]},
						{"origin": [-8, 12, -2], "size": [4, 12, 4.975], "uv": [97, 69]},
						{"origin": [-9, 11, -2], "size": [5, 4, 4.975], "inflate": 0.25, "uv": [26, 37]}
					]
				},
				{
					"name": "leftArm",
					"parent": "body",
					"pivot": [4.62832, 22.39487, 0.68],
					"cubes": [
						{"origin": [4, 11, -2], "size": [5, 4, 4.975], "inflate": 0.25, "uv": [108, 86]},
						{"origin": [4, 12, -2], "size": [4, 12, 4.975], "uv": [97, 69]},
						{"origin": [4, 16, -2], "size": [5, 8, 4.975], "inflate": 0.25, "uv": [101, 109]},
						{"origin": [4, 22, -4], "size": [7, 6, 7.975], "inflate": 0.25, "pivot": [7.5, 22, -0.5], "rotation": [0, 0, 7.5], "uv": [42, 88]},
						{"origin": [4, 20, -2.6], "size": [6, 2, 5.975], "inflate": 0.25, "pivot": [7, 21, -0.1], "rotation": [0, 0, 2.5], "uv": [72, 0]}
					]
				}
			]
		}
	]
}