{
	"format_version": "1.12.0",
	"minecraft:geometry": [
		{
			"description": {
				"identifier": "geometry.player.armor.frost_knight_helmet",
				"texture_width": 128,
				"texture_height": 128,
				"visible_bounds_width": 5,
				"visible_bounds_height": 4,
				"visible_bounds_offset": [0, 2, 0]
			},
			"bones": [
				{
					"name": "waist",
					"pivot": [0, 24, 0]
				},
				{
					"name": "head",
					"parent": "waist",
					"pivot": [0, 24, -1],
					"cubes": [
						{"origin": [-4.5, 24, -6], "size": [9, 9, 9.9], "uv": [37, 37]},
						{"origin": [-3.5, 25, -7], "size": [7, 7, 11.9], "uv": [0, 37]},
						{"origin": [-5.5, 25, -5], "size": [11, 7, 7.9], "uv": [65, 9]},
						{"origin": [-3.5, 32, -5], "size": [7, 2, 7.9], "uv": [86, 88]}
					]
				},
				{
					"name": "bone",
					"parent": "head",
					"pivot": [0, 35.9, 3],
					"cubes": [
						{"origin": [-2, 30.5, -4.2], "size": [4, 6, 7.9], "pivot": [0, 32.9, 1.5], "rotation": [8, 0, 0], "uv": [0, 87]}
					]
				},
				{
					"name": "bone2",
					"parent": "bone",
					"pivot": [0, 36.3, 2.5],
					"rotation": [15, 0, 0],
					"cubes": [
						{"origin": [-2, 25.3, 1.5], "size": [2, 11, 2.9], "pivot": [0, 36.3, 2.5], "rotation": [7.48107, -0.43523, 4.98107], "uv": [14, 113]},
						{"origin": [-1.5, 24.3, 1.5], "size": [2, 12, 2.9], "pivot": [0, 36.3, 2.5], "rotation": [12.5, 0, 0], "uv": [60, 102]},
						{"origin": [0, 25.3, 1.5], "size": [2, 11, 2.9], "pivot": [0, 36.3, 2.5], "rotation": [4.99527, 0.21782, -2.4905], "uv": [114, 34]}
					]
				}
			]
		}
	]
}