{
	"format_version": "1.12.0",
	"minecraft:geometry": [
		{
			"description": {
				"identifier": "geometry.player.armor.frost_knight_leg",
				"texture_width": 128,
				"texture_height": 128,
				"visible_bounds_width": 5,
				"visible_bounds_height": 4,
				"visible_bounds_offset": [0, 2, 0]
			},
			"bones": [
				{
					"name": "waist",
					"pivot": [0, 24, 0]
				},
				{
					"name": "body",
					"parent": "waist",
					"pivot": [0, 12, 0]
				},
				{
					"name": "leftLeg",
					"parent": "body",
					"pivot": [4.37819, 7.74952, -0.45],
					"cubes": [
						{"origin": [1.9, 7, -3.6], "size": [6, 5, 6.2], "inflate": 0.25, "pivot": [4.9, 8.5, -0.5], "rotation": [0, 0, -2.5], "uv": [91, 24]},
						{"origin": [2.35, 0, -2.5], "size": [4, 12, 4], "inflate": 0.25, "uv": [84, 98]}
					]
				},
				{
					"name": "rightLeg",
					"parent": "body",
					"pivot": [-0.37819, 7.74952, -0.45],
					"cubes": [
						{"origin": [-4.225, 7, -3.6], "size": [6, 5, 6.2], "inflate": 0.25, "pivot": [-0.9, 8.5, -0.5], "rotation": [0, 0, 2.5], "uv": [90, 42]},
						{"origin": [-2.65, 0, -2.5], "size": [4, 12, 4], "inflate": 0.25, "uv": [97, 69], "mirror": true}
					]
				}
			]
		}
	]
}