{
  "base_player_button@common_buttons.dark_content_button": {
    "$pressed_button_name": "button.score_player_profile_card",
    "anchor_from": "top_left",
    "anchor_to": "top_left",
    "bindings": [
      {
        "binding_collection_name": "$sb_collection_name",
        "binding_name": "#button_disabled",
        "binding_name_override": "#visible",
        "binding_type": "collection"
      },
      {
        "binding_collection_name": "$sb_collection_name",
        "binding_name": "#can_click_player_button",
        "binding_name_override": "#enabled",
        "binding_type": "collection"
      },
      {
        "binding_collection_name": "$sb_collection_name",
        "binding_type": "collection_details"
      }
    ],
    "size": [
      "fill",
      "100% + 1px"
    ]
  },
  "list_objective_label": {
    "bindings": [
      {
        "binding_name": "#player_list_title"
      }
    ],
    "color": "$main_header_text_color",
    "layer": 1,
    "size": [
      "100%",
      10
    ],
    "text": "#player_list_title",
    "type": "label"
  },
  "namespace": "scoreboard",
  "player_content": {
    "controls": [
      {
        "icon@scoreboard.player_icon_panel": {}
      },
      {
        "padding": {
          "size": [
            4,
            "100%"
          ],
          "type": "panel"
        }
      },
      {
        "details@scoreboard.player_details": {}
      }
    ],
    "orientation": "horizontal",
    "size": [
      "100%",
      "100%"
    ],
    "type": "stack_panel"
  },
  "player_details": {
    "controls": [
      {
        "name_panel": {
          "controls": [
            {
              "name@scoreboard.player_name": {
                "text_alignment": "left"
              }
            }
          ],
          "size": [
            "100%",
            "100%c"
          ],
          "type": "panel"
        }
      },
      {
        "score_panel": {
          "controls": [
            {
              "score@scoreboard.player_score": {
                "text_alignment": "right"
              }
            }
          ],
          "ignored": "(not $has_score)",
          "size": [
            "100%",
            "100%c"
          ],
          "type": "panel"
        }
      }
    ],
    "orientation": "vertical",
    "size": [
      "fill",
      "90%"
    ],
    "type": "stack_panel"
  },
  "player_icon_panel": {
    "controls": [
      {
        "player_icon": {
          "bindings": [
            {
              "binding_collection_name": "$sb_collection_name",
              "binding_name": "#player_icon",
              "binding_name_override": "#texture",
              "binding_type": "collection"
            },
            {
              "binding_collection_name": "$sb_collection_name",
              "binding_name": "#player_icon_filesystem",
              "binding_name_override": "#texture_file_system",
              "binding_type": "collection"
            }
          ],
          "controls": [
            {
              "player_panel_black_border@pause.pause_screen_border": {
                "color": [
                  0,
                  0,
                  0
                ],
                "size": [
                  "100% + 2px",
                  "100% + 2px"
                ]
              }
            }
          ],
          "ignored": "$education_edition",
          "size": [
            "80%",
            "80%"
          ],
          "type": "image"
        }
      },
      {
        "permission_icon": {
          "bindings": [
            {
              "binding_collection_name": "$sb_collection_name",
              "binding_name": "#permission_icon",
              "binding_name_override": "#texture",
              "binding_type": "collection"
            }
          ],
          "ignored": "(not $education_edition)",
          "size": [
            "80%",
            "80%"
          ],
          "type": "image"
        }
      }
    ],
    "size": [
      "100%y",
      "100%"
    ],
    "type": "panel"
  },
  "player_name": {
    "bindings": [
      {
        "binding_collection_name": "$sb_collection_name",
        "binding_name": "#player_name",
        "binding_type": "collection"
      }
    ],
    "color": "$player_name_color",
    "layer": 2,
    "offset": [
      0,
      1
    ],
    "shadow": true,
    "size": [
      "100%",
      10
    ],
    "text": "#player_name",
    "type": "label"
  },
  "player_panel": {
    "controls": [
      {
        "rank_base": {
          "controls": [
            {
              "player_rank@scoreboard.player_rank_panel": {}
            }
          ],
          "ignored": "(not $has_score)",
          "size": [
            "100%y",
            "100% + 1px"
          ],
          "type": "panel"
        }
      },
      {
        "player_button@scoreboard.base_player_button": {
          "$button_content": "scoreboard.player_content"
        }
      }
    ],
    "orientation": "horizontal",
    "size": [
      "100%",
      27
    ],
    "type": "stack_panel"
  },
  "player_rank_panel": {
    "controls": [
      {
        "player_rank_bg": {
          "controls": [
            {
              "player_rank": {
                "bindings": [
                  {
                    "binding_collection_name": "$sb_collection_name",
                    "binding_name": "#player_rank",
                    "binding_type": "collection"
                  }
                ],
                "color": "$player_list_rank_color",
                "layer": 1,
                "text": "#player_rank",
                "text_alignment": "center",
                "type": "label"
              }
            }
          ],
          "offset": [
            1,
            0
          ],
          "size": [
            "100%y",
            "100%"
          ],
          "texture": "textures/ui/scoreboard_list_background",
          "type": "image"
        }
      }
    ],
    "ignored": "(not $has_score)",
    "size": [
      "100%y",
      "100%"
    ],
    "type": "panel"
  },
  "player_score": {
    "bindings": [
      {
        "binding_collection_name": "$sb_collection_name",
        "binding_name": "#player_score",
        "binding_type": "collection"
      }
    ],
    "color": "$player_list_score_color",
    "layer": 2,
    "offset": [
      0,
      1
    ],
    "shadow": true,
    "size": [
      "100%",
      10
    ],
    "text": "#player_score",
    "type": "label"
  },
  "players_grid_list": {
    "$has_score|default": false,
    "$sb_collection_name|default": "empty",
    "anchor_from": "top_left",
    "anchor_to": "top_left",
    "collection_name": "$sb_collection_name",
    "size": [
      "100%",
      "default"
    ],
    "type": "stack_panel"
  },
  "players_scored_grid_list@scoreboard.players_grid_list": {
    "$has_score": true,
    "$sb_collection_name": "scoreboard_scored_list_collection",
    "bindings": [
      {
        "binding_name": "#scored_list_size",
        "binding_name_override": "#collection_length",
        "binding_type": "global"
      }
    ],
    "factory": {
      "control_name": "scoreboard.player_panel",
      "name": "scored_list_factory"
    }
  },
  "players_unscored_grid_list@scoreboard.players_grid_list": {
    "$sb_collection_name": "scoreboard_unscored_list_collection",
    "bindings": [
      {
        "binding_name": "#unscored_list_size",
        "binding_name_override": "#collection_length",
        "binding_type": "global"
      }
    ],
    "factory": {
      "control_name": "scoreboard.player_panel",
      "name": "unscored_list_factory"
    }
  },
  "scoreboard_player_list": {
    "anchor_from": "top_left",
    "anchor_to": "top_left",
    "controls": [
      {
        "vertical_padding_0@pause.vertical_padding": {
          "size": [
            "100%",
            4
          ]
        }
      },
      {
        "permissions_button@common_buttons.dark_text_button": {
          "$button_text": "permissions.title",
          "$pressed_button_name": "button.menu_permission",
          "ignored": "$education_edition",
          "size": [
            "100%",
            24
          ]
        }
      },
      {
        "vertical_padding_1@pause.vertical_padding": {
          "ignored": "$education_edition",
          "size": [
            "100%",
            4
          ]
        }
      },
      {
        "players_label@scoreboard.list_objective_label": {}
      },
      {
        "vertical_padding_2@pause.vertical_padding": {
          "size": [
            "100%",
            4
          ]
        }
      },
      {
        "scored_players_grid_panel@scoreboard.players_scored_grid_list": {}
      },
      {
        "vertical_padding_3@pause.vertical_padding": {
          "bindings": [
            {
              "binding_name": "#list_scores_not_empty",
              "binding_name_override": "#visible"
            }
          ],
          "size": [
            "100%",
            5
          ]
        }
      },
      {
        "unscored_players_grid_panel@scoreboard.players_unscored_grid_list": {}
      },
      {
        "vertical_padding_4@pause.vertical_padding": {
          "bindings": [
            {
              "binding_name": "#unscored_not_empty",
              "binding_name_override": "#visible"
            }
          ],
          "size": [
            "100%",
            5
          ]
        }
      },
      {
        "invite_players_button_panel@pause.invite_players_button_panel": {}
      },
      {
        "vertical_padding_5@pause.vertical_padding": {
          "size": [
            "100%",
            4
          ]
        }
      },
      {
        "disconnected_from_multiplayer_label_panel@pause.disconnected_from_multiplayer_label_panel": {}
      },
      {
        "vertical_padding_6@pause.vertical_padding": {
          "size": [
            "100%",
            4
          ]
        }
      }
    ],
    "focus_container": true,
    "focus_navigation_mode_right": "contained",
    "size": [
      "100%",
      "100%c"
    ],
    "type": "stack_panel",
    "use_last_focus": true
  },
  "scoreboard_sidebar": {
    "anchor_from": "right_middle",
    "anchor_to": "right_middle",
    "bindings": [
      {
        "binding_name": "#scoreboard_sidebar_visible",
        "binding_name_override": "#visible",
        "binding_type": "global"
      }
    ],
    "controls": [
      {
        "main": {
          "alpha": 0.7,
          "controls": [
            {
              "displayed_objective": {
                "anchor_from": "top_middle",
                "anchor_to": "top_middle",
                "bindings": [
                  {
                    "binding_name": "#objective_sidebar_name",
                    "binding_type": "global"
                  }
                ],
                "color": "$objective_title_color",
                "controls": [
                  {
                    "title_image": {
                      "offset": [
                        0,
                        7
                      ],
                      "size": [
                        "100% + 7px",
                        "100% + 7px"
                      ],
                      "texture": "textures/ui/title",
                      "type": "image"
                    }
                  }
                ],
                "inherit_max_sibling_width": true,
                "layer": 1,
                "locked_alpha": 1.0,
                "size": [
                  "default",
                  10
                ],
                "text": "",
                "text_alignment": "center",
                "type": "label"
              }
            },
            {
              "lists": {
                "anchor_from": "top_left",
                "anchor_to": "top_left",
                "controls": [
                  {
                    "players": {
                      "anchor_from": "top_left",
                      "anchor_to": "top_left",
                      "bindings": [
                        {
                          "binding_name": "#scoreboard_sidebar_size",
                          "binding_name_override": "#collection_length",
                          "binding_type": "global"
                        }
                      ],
                      "collection_name": "scoreboard_players",
                      "factory": {
                        "control_name": "scoreboard.scoreboard_sidebar_player",
                        "name": "player_list_factory"
                      },
                      "orientation": "vertical",
                      "size": [
                        "100%cm",
                        "100%c"
                      ],
                      "type": "stack_panel"
                    }
                  },
                  {
                    "scores": {
                      "anchor_from": "top_right",
                      "anchor_to": "top_right",
                      "bindings": [
                        {
                          "binding_name": "#scoreboard_sidebar_size",
                          "binding_name_override": "#collection_length",
                          "binding_type": "global"
                        }
                      ],
                      "collection_name": "scoreboard_scores",
                      "factory": {
                        "control_name": "scoreboard.scoreboard_sidebar_score",
                        "name": "player_score_factory"
                      },
                      "orientation": "vertical",
                      "size": [
                        "100%cm",
                        "100%c"
                      ],
                      "type": "stack_panel",
                      "use_child_anchors": true
                    }
                  }
                ],
                "offset": [
                  0,
                  10
                ],
                "size": [
                  "100%c",
                  "100%cm"
                ],
                "type": "panel"
              }
            }
          ],
          "size": [
            "100%cm",
            "100%c"
          ],
          "texture": "textures/ui/black_scoreboard",
          "type": "image"
        }
      }
    ],
    "size": [
      "100%cm",
      "100%c"
    ],
    "type": "panel"
  },
  "scoreboard_sidebar_player": {
    "bindings": [
      {
        "binding_collection_name": "scoreboard_players",
        "binding_name": "#player_name_sidebar",
        "binding_type": "collection"
      }
    ],
    "color": "$player_name_color",
    "layer": 2,
    "locked_alpha": 1.0,
    "max_size": [
      "default",
      "default"
    ],
    "size": [
      "default",
      10
    ],
    "text": "#player_name_sidebar",
    "type": "label"
  },
  "scoreboard_sidebar_score": {
    "anchor_from": "top_right",
    "anchor_to": "top_right",
    "bindings": [
      {
        "binding_collection_name": "scoreboard_scores",
        "binding_name": "#player_score_sidebar",
        "binding_type": "collection"
      }
    ],
    "color": "$player_score_color",
    "layer": 2,
    "locked_alpha": 1.0,
    "size": [
      0,
      0
    ],
    "text": "#player_score_sidebar",
    "type": "label"
  }
}