{
  "format_version": "1.12.0",
  "minecraft:geometry": [
    {
      "bones": [
        {
          "cubes": [
            {
              "origin": [
                -4,
                37,
                -3
              ],
              "size": [
                7,
                5,
                9
              ],
              "uv": [
                26,
                38
              ]
            },
            {
              "origin": [
                -7,
                36.75,
                -3.25
              ],
              "size": [
                13,
                8,
                0
              ],
              "uv": [
                83,
                41
              ]
            },
            {
              "origin": [
                3.7,
                38.9,
                1.8
              ],
              "size": [
                0,
                5,
                4
              ],
              "uv": [
                19,
                22
              ]
            },
            {
              "mirror": true,
              "origin": [
                -4.7,
                38.9,
                1.8
              ],
              "size": [
                0,
                5,
                4
              ],
              "uv": [
                19,
                22
              ]
            },
            {
              "origin": [
                -3,
                42,
                -2
              ],
              "size": [
                5,
                1,
                7
              ],
              "uv": [
                51,
                26
              ]
            },
            {
              "origin": [
                -1.05,
                38.8,
                -4.5
              ],
              "pivot": [
                3.5,
                36.5,
                -5.5
              ],
              "rotation": [
                -22.5,
                0,
                0
              ],
              "size": [
                1,
                2,
                2
              ],
              "uv": [
                0,
                0
              ]
            },
            {
              "origin": [
                -4.5,
                33.9819,
                -3.49524
              ],
              "size": [
                8,
                3,
                9
              ],
              "uv": [
                26,
                26
              ]
            },
            {
              "origin": [
                -2.4,
                34.4,
                -1.4
              ],
              "pivot": [
                -0.4,
                35.9,
                5.1
              ],
              "rotation": [
                2.5,
                0,
                0
              ],
              "size": [
                6,
                8,
                6
              ],
              "uv": [
                86,
                21
              ]
            },
            {
              "mirror": true,
              "origin": [
                -4.6,
                34.4,
                -1.4
              ],
              "pivot": [
                0.4,
                35.9,
                5.1
              ],
              "rotation": [
                2.5,
                0,
                0
              ],
              "size": [
                6,
                8,
                6
              ],
              "uv": [
                86,
                21
              ]
            },
            {
              "origin": [
                1.5,
                34.7,
                -3.7
              ],
              "pivot": [
                2,
                36,
                -4
              ],
              "rotation": [
                22.5,
                0,
                0
              ],
              "size": [
                1,
                3,
                1
              ],
              "uv": [
                0,
                26
              ]
            },
            {
              "origin": [
                -3.5,
                34.7,
                -3.7
              ],
              "pivot": [
                2,
                36,
                -4
              ],
              "rotation": [
                22.5,
                0,
                0
              ],
              "size": [
                1,
                3,
                1
              ],
              "uv": [
                0,
                26
              ]
            }
          ],
          "name": "head",
          "pivot": [
            0.13889,
            35.58132,
            4.53942
          ],
          "rotation": [
            17.5,
            0,
            0
          ]
        },
        {
          "cubes": [
            {
              "origin": [
                -7,
                16,
                1
              ],
              "size": [
                13,
                19,
                7
              ],
              "uv": [
                0,
                0
              ]
            },
            {
              "origin": [
                -7.5,
                8.5,
                -0.7
              ],
              "size": [
                14,
                27,
                9
              ],
              "uv": [
                2,
                68
              ]
            },
            {
              "origin": [
                -0.5,
                35,
                1
              ],
              "size": [
                1,
                3,
                7
              ],
              "uv": [
                108,
                117
              ]
            },
            {
              "origin": [
                -7,
                25,
                0
              ],
              "size": [
                13,
                9,
                1
              ],
              "uv": [
                40,
                16
              ]
            },
            {
              "origin": [
                0.05078,
                31.66076,
                1.1
              ],
              "pivot": [
                3.75078,
                36.46076,
                4.3
              ],
              "rotation": [
                0,
                0,
                22.5
              ],
              "size": [
                8,
                5,
                7
              ],
              "uv": [
                0,
                49
              ]
            },
            {
              "mirror": true,
              "origin": [
                -8.05078,
                31.66076,
                1.2
              ],
              "pivot": [
                -3.75078,
                36.46076,
                4.3
              ],
              "rotation": [
                0,
                0,
                -22.5
              ],
              "size": [
                8,
                5,
                7
              ],
              "uv": [
                0,
                49
              ]
            }
          ],
          "name": "body",
          "pivot": [
            0,
            6,
            0
          ]
        },
        {
          "cubes": [
            {
              "origin": [
                6.75,
                26.2,
                1
              ],
              "size": [
                6,
                9,
                7
              ],
              "uv": [
                40,
                0
              ]
            },
            {
              "origin": [
                6.25,
                26,
                0.5
              ],
              "size": [
                7,
                10,
                8
              ],
              "uv": [
                48,
                70
              ]
            }
          ],
          "name": "left_shoulder",
          "pivot": [
            8.75,
            32.75,
            4.5
          ],
          "rotation": [
            0,
            0,
            -7.5
          ]
        },
        {
          "cubes": [
            {
              "origin": [
                6.35,
                17.2,
                0.5
              ],
              "size": [
                7,
                10,
                8
              ],
              "uv": [
                57,
                89
              ]
            },
            {
              "origin": [
                7.25,
                18.1,
                1.5
              ],
              "size": [
                5,
                9,
                6
              ],
              "uv": [
                30,
                52
              ]
            },
            {
              "origin": [
                6.55,
                14.2,
                1
              ],
              "size": [
                6,
                4,
                7
              ],
              "uv": [
                51,
                45
              ]
            },
            {
              "origin": [
                4.6,
                12.2,
                -1.5
              ],
              "size": [
                2,
                10,
                13
              ],
              "uv": [
                96,
                77
              ]
            }
          ],
          "name": "left_forearm",
          "parent": "left_shoulder",
          "pivot": [
            9.68333,
            26.36667,
            4.5
          ],
          "rotation": [
            -15,
            0,
            0
          ]
        },
        {
          "cubes": [
            {
              "origin": [
                -0.25,
                0,
                1
              ],
              "size": [
                6,
                16,
                7
              ],
              "uv": [
                0,
                26
              ]
            }
          ],
          "name": "left_leg",
          "pivot": [
            2.5,
            6.5,
            4.5
          ]
        },
        {
          "cubes": [
            {
              "mirror": true,
              "origin": [
                -13.75,
                26.2,
                0.75
              ],
              "size": [
                6,
                9,
                7
              ],
              "uv": [
                40,
                0
              ]
            },
            {
              "mirror": true,
              "origin": [
                -14.25,
                26,
                0.25
              ],
              "size": [
                7,
                10,
                8
              ],
              "uv": [
                48,
                70
              ]
            }
          ],
          "name": "right_shoulder",
          "pivot": [
            -9.75,
            32.75,
            4.25
          ],
          "rotation": [
            0,
            0,
            0.5
          ]
        },
        {
          "cubes": [
            {
              "mirror": true,
              "origin": [
                -14.35,
                17.2,
                0.25
              ],
              "size": [
                7,
                10,
                8
              ],
              "uv": [
                57,
                89
              ]
            },
            {
              "mirror": true,
              "origin": [
                -13.25,
                18.1,
                1.25
              ],
              "size": [
                5,
                9,
                6
              ],
              "uv": [
                30,
                52
              ]
            },
            {
              "mirror": true,
              "origin": [
                -13.55,
                14.2,
                0.75
              ],
              "size": [
                6,
                4,
                7
              ],
              "uv": [
                51,
                45
              ]
            }
          ],
          "name": "right_forearm",
          "parent": "right_shoulder",
          "pivot": [
            -10.68333,
            26.36667,
            4.25
          ],
          "rotation": [
            -2.5,
            0,
            0
          ]
        },
        {
          "cubes": [
            {
              "mirror": true,
              "origin": [
                -6.5,
                0,
                1
              ],
              "size": [
                6,
                16,
                7
              ],
              "uv": [
                0,
                26
              ]
            }
          ],
          "name": "right_leg",
          "pivot": [
            -3.25,
            6.5,
            4.5
          ]
        }
      ],
      "description": {
        "identifier": "geometry.race.wurg.sorcerer.male.a",
        "texture_height": 128,
        "texture_width": 128,
        "visible_bounds_height": 6,
        "visible_bounds_offset": [
          0,
          2,
          0
        ],
        "visible_bounds_width": 4
      }
    }
  ]
}