{
  "format_version": "1.12.0",
  "minecraft:geometry": [
    {
      "bones": [
        {
          "cubes": [
            {
              "origin": [
                -4,
                37,
                -3
              ],
              "size": [
                7,
                5,
                9
              ],
              "uv": {
                "down": {
                  "uv": [
                    42,
                    47
                  ],
                  "uv_size": [
                    7,
                    -9
                  ]
                },
                "east": {
                  "uv": [
                    26,
                    47
                  ],
                  "uv_size": [
                    9,
                    5
                  ]
                },
                "north": {
                  "uv": [
                    35,
                    47
                  ],
                  "uv_size": [
                    7,
                    5
                  ]
                },
                "south": {
                  "uv": [
                    51,
                    47
                  ],
                  "uv_size": [
                    7,
                    5
                  ]
                },
                "up": {
                  "uv": [
                    35,
                    38
                  ],
                  "uv_size": [
                    7,
                    9
                  ]
                },
                "west": {
                  "uv": [
                    42,
                    47
                  ],
                  "uv_size": [
                    9,
                    5
                  ]
                }
              }
            },
            {
              "origin": [
                -5.25,
                33.9,
                -3.05
              ],
              "size": [
                9,
                10,
                10
              ],
              "uv": {
                "down": {
                  "uv": [
                    23,
                    116
                  ],
                  "uv_size": [
                    9,
                    -10
                  ]
                },
                "east": {
                  "uv": [
                    4,
                    116
                  ],
                  "uv_size": [
                    10,
                    10
                  ]
                },
                "north": {
                  "uv": [
                    14,
                    116
                  ],
                  "uv_size": [
                    9,
                    10
                  ]
                },
                "south": {
                  "uv": [
                    33,
                    116
                  ],
                  "uv_size": [
                    9,
                    10
                  ]
                },
                "up": {
                  "uv": [
                    14,
                    106
                  ],
                  "uv_size": [
                    9,
                    10
                  ]
                },
                "west": {
                  "uv": [
                    23,
                    116
                  ],
                  "uv_size": [
                    10,
                    10
                  ]
                }
              }
            },
            {
              "origin": [
                -5.25,
                43.4,
                -3.05
              ],
              "size": [
                9,
                0,
                10
              ],
              "uv": {
                "down": {
                  "uv": [
                    14,
                    116
                  ],
                  "uv_size": [
                    9,
                    -10
                  ]
                },
                "east": {
                  "uv": [
                    4,
                    116
                  ],
                  "uv_size": [
                    10,
                    0
                  ]
                },
                "north": {
                  "uv": [
                    14,
                    116
                  ],
                  "uv_size": [
                    9,
                    0
                  ]
                },
                "south": {
                  "uv": [
                    33,
                    116
                  ],
                  "uv_size": [
                    9,
                    0
                  ]
                },
                "up": {
                  "uv": [
                    14,
                    106
                  ],
                  "uv_size": [
                    9,
                    10
                  ]
                },
                "west": {
                  "uv": [
                    23,
                    116
                  ],
                  "uv_size": [
                    10,
                    0
                  ]
                }
              }
            },
            {
              "origin": [
                -7,
                36.75,
                -3.25
              ],
              "size": [
                13,
                8,
                0
              ],
              "uv": {
                "down": {
                  "uv": [
                    96,
                    41
                  ],
                  "uv_size": [
                    13,
                    0
                  ]
                },
                "east": {
                  "uv": [
                    83,
                    41
                  ],
                  "uv_size": [
                    0,
                    8
                  ]
                },
                "north": {
                  "uv": [
                    83,
                    41
                  ],
                  "uv_size": [
                    13,
                    8
                  ]
                },
                "south": {
                  "uv": [
                    96,
                    41
                  ],
                  "uv_size": [
                    13,
                    8
                  ]
                },
                "up": {
                  "uv": [
                    83,
                    41
                  ],
                  "uv_size": [
                    13,
                    0
                  ]
                },
                "west": {
                  "uv": [
                    96,
                    41
                  ],
                  "uv_size": [
                    0,
                    8
                  ]
                }
              }
            },
            {
              "origin": [
                3.7,
                38.9,
                1.8
              ],
              "size": [
                0,
                5,
                4
              ],
              "uv": {
                "down": {
                  "uv": [
                    23,
                    26
                  ],
                  "uv_size": [
                    0,
                    -4
                  ]
                },
                "east": {
                  "uv": [
                    19,
                    26
                  ],
                  "uv_size": [
                    4,
                    5
                  ]
                },
                "north": {
                  "uv": [
                    23,
                    26
                  ],
                  "uv_size": [
                    0,
                    5
                  ]
                },
                "south": {
                  "uv": [
                    27,
                    26
                  ],
                  "uv_size": [
                    0,
                    5
                  ]
                },
                "up": {
                  "uv": [
                    23,
                    22
                  ],
                  "uv_size": [
                    0,
                    4
                  ]
                },
                "west": {
                  "uv": [
                    23,
                    26
                  ],
                  "uv_size": [
                    4,
                    5
                  ]
                }
              }
            },
            {
              "origin": [
                -4.7,
                38.9,
                1.8
              ],
              "size": [
                0,
                5,
                4
              ],
              "uv": {
                "down": {
                  "uv": [
                    23,
                    26
                  ],
                  "uv_size": [
                    0,
                    -4
                  ]
                },
                "east": {
                  "uv": [
                    27,
                    26
                  ],
                  "uv_size": [
                    -4,
                    5
                  ]
                },
                "north": {
                  "uv": [
                    23,
                    26
                  ],
                  "uv_size": [
                    0,
                    5
                  ]
                },
                "south": {
                  "uv": [
                    27,
                    26
                  ],
                  "uv_size": [
                    0,
                    5
                  ]
                },
                "up": {
                  "uv": [
                    23,
                    22
                  ],
                  "uv_size": [
                    0,
                    4
                  ]
                },
                "west": {
                  "uv": [
                    23,
                    26
                  ],
                  "uv_size": [
                    -4,
                    5
                  ]
                }
              }
            },
            {
              "origin": [
                -3,
                42,
                -2
              ],
              "size": [
                5,
                1,
                7
              ],
              "uv": {
                "down": {
                  "uv": [
                    63,
                    33
                  ],
                  "uv_size": [
                    5,
                    -7
                  ]
                },
                "east": {
                  "uv": [
                    51,
                    33
                  ],
                  "uv_size": [
                    7,
                    1
                  ]
                },
                "north": {
                  "uv": [
                    58,
                    33
                  ],
                  "uv_size": [
                    5,
                    1
                  ]
                },
                "south": {
                  "uv": [
                    70,
                    33
                  ],
                  "uv_size": [
                    5,
                    1
                  ]
                },
                "up": {
                  "uv": [
                    58,
                    26
                  ],
                  "uv_size": [
                    5,
                    7
                  ]
                },
                "west": {
                  "uv": [
                    63,
                    33
                  ],
                  "uv_size": [
                    7,
                    1
                  ]
                }
              }
            },
            {
              "origin": [
                -1.05,
                38.8,
                -4.5
              ],
              "pivot": [
                3.5,
                36.5,
                -5.5
              ],
              "rotation": [
                -22.5,
                0,
                0
              ],
              "size": [
                1,
                2,
                2
              ],
              "uv": {
                "down": {
                  "uv": [
                    3,
                    2
                  ],
                  "uv_size": [
                    1,
                    -2
                  ]
                },
                "east": {
                  "uv": [
                    0,
                    2
                  ],
                  "uv_size": [
                    2,
                    2
                  ]
                },
                "north": {
                  "uv": [
                    2,
                    2
                  ],
                  "uv_size": [
                    1,
                    2
                  ]
                },
                "south": {
                  "uv": [
                    5,
                    2
                  ],
                  "uv_size": [
                    1,
                    2
                  ]
                },
                "up": {
                  "uv": [
                    2,
                    0
                  ],
                  "uv_size": [
                    1,
                    2
                  ]
                },
                "west": {
                  "uv": [
                    3,
                    2
                  ],
                  "uv_size": [
                    2,
                    2
                  ]
                }
              }
            },
            {
              "origin": [
                -4.5,
                33.9819,
                -3.49524
              ],
              "size": [
                8,
                3,
                9
              ],
              "uv": {
                "down": {
                  "uv": [
                    43,
                    35
                  ],
                  "uv_size": [
                    8,
                    -9
                  ]
                },
                "east": {
                  "uv": [
                    26,
                    35
                  ],
                  "uv_size": [
                    9,
                    3
                  ]
                },
                "north": {
                  "uv": [
                    35,
                    35
                  ],
                  "uv_size": [
                    8,
                    3
                  ]
                },
                "south": {
                  "uv": [
                    52,
                    35
                  ],
                  "uv_size": [
                    8,
                    3
                  ]
                },
                "up": {
                  "uv": [
                    35,
                    26
                  ],
                  "uv_size": [
                    8,
                    9
                  ]
                },
                "west": {
                  "uv": [
                    43,
                    35
                  ],
                  "uv_size": [
                    9,
                    3
                  ]
                }
              }
            },
            {
              "origin": [
                -2.4,
                34.4,
                -1.4
              ],
              "pivot": [
                -0.4,
                35.9,
                5.1
              ],
              "rotation": [
                2.5,
                0,
                0
              ],
              "size": [
                6,
                8,
                6
              ],
              "uv": {
                "down": {
                  "uv": [
                    98,
                    27
                  ],
                  "uv_size": [
                    6,
                    -6
                  ]
                },
                "east": {
                  "uv": [
                    86,
                    27
                  ],
                  "uv_size": [
                    6,
                    8
                  ]
                },
                "north": {
                  "uv": [
                    92,
                    27
                  ],
                  "uv_size": [
                    6,
                    8
                  ]
                },
                "south": {
                  "uv": [
                    104,
                    27
                  ],
                  "uv_size": [
                    6,
                    8
                  ]
                },
                "up": {
                  "uv": [
                    92,
                    21
                  ],
                  "uv_size": [
                    6,
                    6
                  ]
                },
                "west": {
                  "uv": [
                    98,
                    27
                  ],
                  "uv_size": [
                    6,
                    8
                  ]
                }
              }
            },
            {
              "origin": [
                -4.6,
                34.4,
                -1.4
              ],
              "pivot": [
                0.4,
                35.9,
                5.1
              ],
              "rotation": [
                2.5,
                0,
                0
              ],
              "size": [
                6,
                8,
                6
              ],
              "uv": {
                "down": {
                  "uv": [
                    104,
                    27
                  ],
                  "uv_size": [
                    -6,
                    -6
                  ]
                },
                "east": {
                  "uv": [
                    104,
                    27
                  ],
                  "uv_size": [
                    -6,
                    8
                  ]
                },
                "north": {
                  "uv": [
                    98,
                    27
                  ],
                  "uv_size": [
                    -6,
                    8
                  ]
                },
                "south": {
                  "uv": [
                    110,
                    27
                  ],
                  "uv_size": [
                    -6,
                    8
                  ]
                },
                "up": {
                  "uv": [
                    98,
                    21
                  ],
                  "uv_size": [
                    -6,
                    6
                  ]
                },
                "west": {
                  "uv": [
                    92,
                    27
                  ],
                  "uv_size": [
                    -6,
                    8
                  ]
                }
              }
            },
            {
              "origin": [
                1.5,
                34.7,
                -3.7
              ],
              "pivot": [
                2,
                36,
                -4
              ],
              "rotation": [
                22.5,
                0,
                0
              ],
              "size": [
                1,
                3,
                1
              ],
              "uv": {
                "down": {
                  "uv": [
                    2,
                    27
                  ],
                  "uv_size": [
                    1,
                    -1
                  ]
                },
                "east": {
                  "uv": [
                    0,
                    27
                  ],
                  "uv_size": [
                    1,
                    3
                  ]
                },
                "north": {
                  "uv": [
                    1,
                    27
                  ],
                  "uv_size": [
                    1,
                    3
                  ]
                },
                "south": {
                  "uv": [
                    3,
                    27
                  ],
                  "uv_size": [
                    1,
                    3
                  ]
                },
                "up": {
                  "uv": [
                    1,
                    26
                  ],
                  "uv_size": [
                    1,
                    1
                  ]
                },
                "west": {
                  "uv": [
                    2,
                    27
                  ],
                  "uv_size": [
                    1,
                    3
                  ]
                }
              }
            },
            {
              "origin": [
                -3.5,
                34.7,
                -3.7
              ],
              "pivot": [
                2,
                36,
                -4
              ],
              "rotation": [
                22.5,
                0,
                0
              ],
              "size": [
                1,
                3,
                1
              ],
              "uv": {
                "down": {
                  "uv": [
                    2,
                    27
                  ],
                  "uv_size": [
                    1,
                    -1
                  ]
                },
                "east": {
                  "uv": [
                    0,
                    27
                  ],
                  "uv_size": [
                    1,
                    3
                  ]
                },
                "north": {
                  "uv": [
                    1,
                    27
                  ],
                  "uv_size": [
                    1,
                    3
                  ]
                },
                "south": {
                  "uv": [
                    3,
                    27
                  ],
                  "uv_size": [
                    1,
                    3
                  ]
                },
                "up": {
                  "uv": [
                    1,
                    26
                  ],
                  "uv_size": [
                    1,
                    1
                  ]
                },
                "west": {
                  "uv": [
                    2,
                    27
                  ],
                  "uv_size": [
                    1,
                    3
                  ]
                }
              }
            }
          ],
          "name": "head",
          "pivot": [
            0.13889,
            35.58132,
            4.53942
          ],
          "rotation": [
            17.5,
            0,
            0
          ]
        },
        {
          "cubes": [
            {
              "origin": [
                -7,
                16,
                1
              ],
              "size": [
                13,
                19,
                7
              ],
              "uv": {
                "down": {
                  "uv": [
                    20,
                    7
                  ],
                  "uv_size": [
                    13,
                    -7
                  ]
                },
                "east": {
                  "uv": [
                    0,
                    7
                  ],
                  "uv_size": [
                    7,
                    19
                  ]
                },
                "north": {
                  "uv": [
                    7,
                    7
                  ],
                  "uv_size": [
                    13,
                    19
                  ]
                },
                "south": {
                  "uv": [
                    27,
                    7
                  ],
                  "uv_size": [
                    13,
                    19
                  ]
                },
                "up": {
                  "uv": [
                    7,
                    0
                  ],
                  "uv_size": [
                    13,
                    7
                  ]
                },
                "west": {
                  "uv": [
                    20,
                    7
                  ],
                  "uv_size": [
                    7,
                    19
                  ]
                }
              }
            },
            {
              "origin": [
                -7.5,
                8.5,
                -0.7
              ],
              "size": [
                14,
                27,
                9
              ],
              "uv": {
                "down": {
                  "uv": [
                    25,
                    77
                  ],
                  "uv_size": [
                    14,
                    -9
                  ]
                },
                "east": {
                  "uv": [
                    2,
                    77
                  ],
                  "uv_size": [
                    9,
                    27
                  ]
                },
                "north": {
                  "uv": [
                    11,
                    77
                  ],
                  "uv_size": [
                    14,
                    27
                  ]
                },
                "south": {
                  "uv": [
                    34,
                    77
                  ],
                  "uv_size": [
                    14,
                    27
                  ]
                },
                "up": {
                  "uv": [
                    11,
                    68
                  ],
                  "uv_size": [
                    14,
                    9
                  ]
                },
                "west": {
                  "uv": [
                    25,
                    77
                  ],
                  "uv_size": [
                    9,
                    27
                  ]
                }
              }
            },
            {
              "origin": [
                -0.5,
                35,
                1
              ],
              "size": [
                1,
                3,
                7
              ],
              "uv": {
                "down": {
                  "uv": [
                    116,
                    124
                  ],
                  "uv_size": [
                    1,
                    -7
                  ]
                },
                "east": {
                  "uv": [
                    108,
                    124
                  ],
                  "uv_size": [
                    7,
                    3
                  ]
                },
                "north": {
                  "uv": [
                    115,
                    124
                  ],
                  "uv_size": [
                    1,
                    3
                  ]
                },
                "south": {
                  "uv": [
                    123,
                    124
                  ],
                  "uv_size": [
                    1,
                    3
                  ]
                },
                "up": {
                  "uv": [
                    115,
                    117
                  ],
                  "uv_size": [
                    1,
                    7
                  ]
                },
                "west": {
                  "uv": [
                    116,
                    124
                  ],
                  "uv_size": [
                    7,
                    3
                  ]
                }
              }
            },
            {
              "origin": [
                -7,
                25,
                0
              ],
              "size": [
                13,
                9,
                1
              ],
              "uv": {
                "down": {
                  "uv": [
                    54,
                    17
                  ],
                  "uv_size": [
                    13,
                    -1
                  ]
                },
                "east": {
                  "uv": [
                    40,
                    17
                  ],
                  "uv_size": [
                    1,
                    9
                  ]
                },
                "north": {
                  "uv": [
                    41,
                    17
                  ],
                  "uv_size": [
                    13,
                    9
                  ]
                },
                "south": {
                  "uv": [
                    55,
                    17
                  ],
                  "uv_size": [
                    13,
                    9
                  ]
                },
                "up": {
                  "uv": [
                    41,
                    16
                  ],
                  "uv_size": [
                    13,
                    1
                  ]
                },
                "west": {
                  "uv": [
                    54,
                    17
                  ],
                  "uv_size": [
                    1,
                    9
                  ]
                }
              }
            },
            {
              "origin": [
                0.05078,
                31.66076,
                1.1
              ],
              "pivot": [
                3.75078,
                36.46076,
                4.3
              ],
              "rotation": [
                0,
                0,
                22.5
              ],
              "size": [
                8,
                5,
                7
              ],
              "uv": {
                "down": {
                  "uv": [
                    15,
                    56
                  ],
                  "uv_size": [
                    8,
                    -7
                  ]
                },
                "east": {
                  "uv": [
                    0,
                    56
                  ],
                  "uv_size": [
                    7,
                    5
                  ]
                },
                "north": {
                  "uv": [
                    7,
                    56
                  ],
                  "uv_size": [
                    8,
                    5
                  ]
                },
                "south": {
                  "uv": [
                    22,
                    56
                  ],
                  "uv_size": [
                    8,
                    5
                  ]
                },
                "up": {
                  "uv": [
                    7,
                    49
                  ],
                  "uv_size": [
                    8,
                    7
                  ]
                },
                "west": {
                  "uv": [
                    15,
                    56
                  ],
                  "uv_size": [
                    7,
                    5
                  ]
                }
              }
            },
            {
              "origin": [
                -8.05078,
                31.66076,
                1.2
              ],
              "pivot": [
                -3.75078,
                36.46076,
                4.3
              ],
              "rotation": [
                0,
                0,
                -22.5
              ],
              "size": [
                8,
                5,
                7
              ],
              "uv": {
                "down": {
                  "uv": [
                    23,
                    56
                  ],
                  "uv_size": [
                    -8,
                    -7
                  ]
                },
                "east": {
                  "uv": [
                    22,
                    56
                  ],
                  "uv_size": [
                    -7,
                    5
                  ]
                },
                "north": {
                  "uv": [
                    15,
                    56
                  ],
                  "uv_size": [
                    -8,
                    5
                  ]
                },
                "south": {
                  "uv": [
                    30,
                    56
                  ],
                  "uv_size": [
                    -8,
                    5
                  ]
                },
                "up": {
                  "uv": [
                    15,
                    49
                  ],
                  "uv_size": [
                    -8,
                    7
                  ]
                },
                "west": {
                  "uv": [
                    7,
                    56
                  ],
                  "uv_size": [
                    -7,
                    5
                  ]
                }
              }
            }
          ],
          "name": "body",
          "pivot": [
            0,
            6,
            0
          ]
        },
        {
          "cubes": [
            {
              "origin": [
                6.75,
                26.2,
                1
              ],
              "size": [
                6,
                9,
                7
              ],
              "uv": {
                "down": {
                  "uv": [
                    53,
                    7
                  ],
                  "uv_size": [
                    6,
                    -7
                  ]
                },
                "east": {
                  "uv": [
                    40,
                    7
                  ],
                  "uv_size": [
                    7,
                    9
                  ]
                },
                "north": {
                  "uv": [
                    47,
                    7
                  ],
                  "uv_size": [
                    6,
                    9
                  ]
                },
                "south": {
                  "uv": [
                    60,
                    7
                  ],
                  "uv_size": [
                    6,
                    9
                  ]
                },
                "up": {
                  "uv": [
                    47,
                    0
                  ],
                  "uv_size": [
                    6,
                    7
                  ]
                },
                "west": {
                  "uv": [
                    53,
                    7
                  ],
                  "uv_size": [
                    7,
                    9
                  ]
                }
              }
            },
            {
              "origin": [
                6.25,
                26,
                0.5
              ],
              "size": [
                7,
                10,
                8
              ],
              "uv": {
                "down": {
                  "uv": [
                    63,
                    78
                  ],
                  "uv_size": [
                    7,
                    -8
                  ]
                },
                "east": {
                  "uv": [
                    48,
                    78
                  ],
                  "uv_size": [
                    8,
                    10
                  ]
                },
                "north": {
                  "uv": [
                    56,
                    78
                  ],
                  "uv_size": [
                    7,
                    10
                  ]
                },
                "south": {
                  "uv": [
                    71,
                    78
                  ],
                  "uv_size": [
                    7,
                    10
                  ]
                },
                "up": {
                  "uv": [
                    56,
                    70
                  ],
                  "uv_size": [
                    7,
                    8
                  ]
                },
                "west": {
                  "uv": [
                    63,
                    78
                  ],
                  "uv_size": [
                    8,
                    10
                  ]
                }
              }
            }
          ],
          "name": "left_shoulder",
          "pivot": [
            8.75,
            32.75,
            4.5
          ],
          "rotation": [
            0,
            0,
            -1.5
          ]
        },
        {
          "cubes": [
            {
              "origin": [
                6.35,
                17.2,
                0.5
              ],
              "size": [
                7,
                10,
                8
              ],
              "uv": {
                "down": {
                  "uv": [
                    72,
                    97
                  ],
                  "uv_size": [
                    7,
                    -8
                  ]
                },
                "east": {
                  "uv": [
                    57,
                    97
                  ],
                  "uv_size": [
                    8,
                    10
                  ]
                },
                "north": {
                  "uv": [
                    65,
                    97
                  ],
                  "uv_size": [
                    7,
                    10
                  ]
                },
                "south": {
                  "uv": [
                    80,
                    97
                  ],
                  "uv_size": [
                    7,
                    10
                  ]
                },
                "up": {
                  "uv": [
                    65,
                    89
                  ],
                  "uv_size": [
                    7,
                    8
                  ]
                },
                "west": {
                  "uv": [
                    72,
                    97
                  ],
                  "uv_size": [
                    8,
                    10
                  ]
                }
              }
            },
            {
              "origin": [
                7.25,
                18.1,
                1.5
              ],
              "size": [
                5,
                9,
                6
              ],
              "uv": {
                "down": {
                  "uv": [
                    41,
                    58
                  ],
                  "uv_size": [
                    5,
                    -6
                  ]
                },
                "east": {
                  "uv": [
                    30,
                    58
                  ],
                  "uv_size": [
                    6,
                    9
                  ]
                },
                "north": {
                  "uv": [
                    36,
                    58
                  ],
                  "uv_size": [
                    5,
                    9
                  ]
                },
                "south": {
                  "uv": [
                    47,
                    58
                  ],
                  "uv_size": [
                    5,
                    9
                  ]
                },
                "up": {
                  "uv": [
                    36,
                    52
                  ],
                  "uv_size": [
                    5,
                    6
                  ]
                },
                "west": {
                  "uv": [
                    41,
                    58
                  ],
                  "uv_size": [
                    6,
                    9
                  ]
                }
              }
            },
            {
              "origin": [
                6.55,
                14.2,
                1
              ],
              "size": [
                6,
                4,
                7
              ],
              "uv": {
                "down": {
                  "uv": [
                    64,
                    52
                  ],
                  "uv_size": [
                    6,
                    -7
                  ]
                },
                "east": {
                  "uv": [
                    51,
                    52
                  ],
                  "uv_size": [
                    7,
                    4
                  ]
                },
                "north": {
                  "uv": [
                    58,
                    52
                  ],
                  "uv_size": [
                    6,
                    4
                  ]
                },
                "south": {
                  "uv": [
                    71,
                    52
                  ],
                  "uv_size": [
                    6,
                    4
                  ]
                },
                "up": {
                  "uv": [
                    58,
                    45
                  ],
                  "uv_size": [
                    6,
                    7
                  ]
                },
                "west": {
                  "uv": [
                    64,
                    52
                  ],
                  "uv_size": [
                    7,
                    4
                  ]
                }
              }
            }
          ],
          "name": "left_forearm",
          "parent": "left_shoulder",
          "pivot": [
            9.68333,
            26.36667,
            4.5
          ],
          "rotation": [
            -15,
            0,
            0
          ]
        },
        {
          "cubes": [
            {
              "origin": [
                -0.25,
                0,
                1
              ],
              "size": [
                6,
                16,
                7
              ],
              "uv": {
                "down": {
                  "uv": [
                    13,
                    33
                  ],
                  "uv_size": [
                    6,
                    -7
                  ]
                },
                "east": {
                  "uv": [
                    0,
                    33
                  ],
                  "uv_size": [
                    7,
                    16
                  ]
                },
                "north": {
                  "uv": [
                    7,
                    33
                  ],
                  "uv_size": [
                    6,
                    16
                  ]
                },
                "south": {
                  "uv": [
                    20,
                    33
                  ],
                  "uv_size": [
                    6,
                    16
                  ]
                },
                "up": {
                  "uv": [
                    7,
                    26
                  ],
                  "uv_size": [
                    6,
                    7
                  ]
                },
                "west": {
                  "uv": [
                    13,
                    33
                  ],
                  "uv_size": [
                    7,
                    16
                  ]
                }
              }
            }
          ],
          "name": "left_leg",
          "pivot": [
            2.5,
            6.5,
            4.5
          ]
        },
        {
          "cubes": [
            {
              "origin": [
                -13.75,
                26.2,
                0.75
              ],
              "size": [
                6,
                9,
                7
              ],
              "uv": {
                "down": {
                  "uv": [
                    59,
                    7
                  ],
                  "uv_size": [
                    -6,
                    -7
                  ]
                },
                "east": {
                  "uv": [
                    60,
                    7
                  ],
                  "uv_size": [
                    -7,
                    9
                  ]
                },
                "north": {
                  "uv": [
                    53,
                    7
                  ],
                  "uv_size": [
                    -6,
                    9
                  ]
                },
                "south": {
                  "uv": [
                    66,
                    7
                  ],
                  "uv_size": [
                    -6,
                    9
                  ]
                },
                "up": {
                  "uv": [
                    53,
                    0
                  ],
                  "uv_size": [
                    -6,
                    7
                  ]
                },
                "west": {
                  "uv": [
                    47,
                    7
                  ],
                  "uv_size": [
                    -7,
                    9
                  ]
                }
              }
            },
            {
              "origin": [
                -14.25,
                26,
                0.25
              ],
              "size": [
                7,
                10,
                8
              ],
              "uv": {
                "down": {
                  "uv": [
                    70,
                    78
                  ],
                  "uv_size": [
                    -7,
                    -8
                  ]
                },
                "east": {
                  "uv": [
                    71,
                    78
                  ],
                  "uv_size": [
                    -8,
                    10
                  ]
                },
                "north": {
                  "uv": [
                    63,
                    78
                  ],
                  "uv_size": [
                    -7,
                    10
                  ]
                },
                "south": {
                  "uv": [
                    78,
                    78
                  ],
                  "uv_size": [
                    -7,
                    10
                  ]
                },
                "up": {
                  "uv": [
                    63,
                    70
                  ],
                  "uv_size": [
                    -7,
                    8
                  ]
                },
                "west": {
                  "uv": [
                    56,
                    78
                  ],
                  "uv_size": [
                    -8,
                    10
                  ]
                }
              }
            }
          ],
          "name": "right_shoulder",
          "pivot": [
            -9.75,
            32.75,
            4.25
          ],
          "rotation": [
            0,
            0,
            0.5
          ]
        },
        {
          "cubes": [
            {
              "origin": [
                -14.35,
                17.2,
                0.25
              ],
              "size": [
                7,
                10,
                8
              ],
              "uv": {
                "down": {
                  "uv": [
                    79,
                    97
                  ],
                  "uv_size": [
                    -7,
                    -8
                  ]
                },
                "east": {
                  "uv": [
                    80,
                    97
                  ],
                  "uv_size": [
                    -8,
                    10
                  ]
                },
                "north": {
                  "uv": [
                    72,
                    97
                  ],
                  "uv_size": [
                    -7,
                    10
                  ]
                },
                "south": {
                  "uv": [
                    87,
                    97
                  ],
                  "uv_size": [
                    -7,
                    10
                  ]
                },
                "up": {
                  "uv": [
                    72,
                    89
                  ],
                  "uv_size": [
                    -7,
                    8
                  ]
                },
                "west": {
                  "uv": [
                    65,
                    97
                  ],
                  "uv_size": [
                    -8,
                    10
                  ]
                }
              }
            },
            {
              "origin": [
                -13.25,
                18.1,
                1.25
              ],
              "size": [
                5,
                9,
                6
              ],
              "uv": {
                "down": {
                  "uv": [
                    46,
                    58
                  ],
                  "uv_size": [
                    -5,
                    -6
                  ]
                },
                "east": {
                  "uv": [
                    47,
                    58
                  ],
                  "uv_size": [
                    -6,
                    9
                  ]
                },
                "north": {
                  "uv": [
                    41,
                    58
                  ],
                  "uv_size": [
                    -5,
                    9
                  ]
                },
                "south": {
                  "uv": [
                    52,
                    58
                  ],
                  "uv_size": [
                    -5,
                    9
                  ]
                },
                "up": {
                  "uv": [
                    41,
                    52
                  ],
                  "uv_size": [
                    -5,
                    6
                  ]
                },
                "west": {
                  "uv": [
                    36,
                    58
                  ],
                  "uv_size": [
                    -6,
                    9
                  ]
                }
              }
            },
            {
              "origin": [
                -13.55,
                14.2,
                0.75
              ],
              "size": [
                6,
                4,
                7
              ],
              "uv": {
                "down": {
                  "uv": [
                    70,
                    52
                  ],
                  "uv_size": [
                    -6,
                    -7
                  ]
                },
                "east": {
                  "uv": [
                    71,
                    52
                  ],
                  "uv_size": [
                    -7,
                    4
                  ]
                },
                "north": {
                  "uv": [
                    64,
                    52
                  ],
                  "uv_size": [
                    -6,
                    4
                  ]
                },
                "south": {
                  "uv": [
                    77,
                    52
                  ],
                  "uv_size": [
                    -6,
                    4
                  ]
                },
                "up": {
                  "uv": [
                    64,
                    45
                  ],
                  "uv_size": [
                    -6,
                    7
                  ]
                },
                "west": {
                  "uv": [
                    58,
                    52
                  ],
                  "uv_size": [
                    -7,
                    4
                  ]
                }
              }
            }
          ],
          "name": "right_forearm",
          "parent": "right_shoulder",
          "pivot": [
            -10.68333,
            26.36667,
            4.25
          ],
          "rotation": [
            -2.5,
            0,
            0
          ]
        },
        {
          "cubes": [
            {
              "origin": [
                -6.5,
                0,
                1
              ],
              "size": [
                6,
                16,
                7
              ],
              "uv": {
                "down": {
                  "uv": [
                    19,
                    33
                  ],
                  "uv_size": [
                    -6,
                    -7
                  ]
                },
                "east": {
                  "uv": [
                    20,
                    33
                  ],
                  "uv_size": [
                    -7,
                    16
                  ]
                },
                "north": {
                  "uv": [
                    13,
                    33
                  ],
                  "uv_size": [
                    -6,
                    16
                  ]
                },
                "south": {
                  "uv": [
                    26,
                    33
                  ],
                  "uv_size": [
                    -6,
                    16
                  ]
                },
                "up": {
                  "uv": [
                    13,
                    26
                  ],
                  "uv_size": [
                    -6,
                    7
                  ]
                },
                "west": {
                  "uv": [
                    7,
                    33
                  ],
                  "uv_size": [
                    -7,
                    16
                  ]
                }
              }
            }
          ],
          "name": "right_leg",
          "pivot": [
            -3.25,
            6.5,
            4.5
          ]
        }
      ],
      "description": {
        "identifier": "geometry.race.wurg.civillian.male.a",
        "texture_height": 128,
        "texture_width": 128,
        "visible_bounds_height": 6,
        "visible_bounds_offset": [
          0,
          2,
          0
        ],
        "visible_bounds_width": 4
      }
    }
  ]
}