{"format_version":"1.10.0","minecraft:client_entity":{"description":{"animations":{"controller_move":"controller.animation.threestates","state0":"animation.golemforge.idle","state1":"animation.golemforge.working_idle_loop","state2":"animation.golemforge.working_end"},"geometry":{"default":"geometry.golemforge"},"identifier":"inpvp:golemforge","materials":{"default":"entity_alphatest"},"render_controllers":["controller.render.base"],"scripts":{"animate":["controller_move"]},"spawn_egg":{"base_color":"#ffffff","overlay_color":"#ba3df9"},"textures":{"default":"textures/entity/Prison/golemforge"}}}}