{"format_version":"1.10.0","minecraft:client_entity":{"description":{"animations":{"controller_move":"controller.animation.interact","idle":"animation.maxsecurityguardidle","interact":"animation.maxsecurityguardrun"},"geometry":{"default":"geometry.maxsecurityguard"},"identifier":"inpvp:maxsecurityguard","materials":{"default":"entity_alphatest"},"render_controllers":["controller.render.base"],"scripts":{"animate":["controller_move"]},"spawn_egg":{"base_color":"#ffffff","overlay_color":"#ba3df9"},"textures":{"default":"textures/entity/Prison/maxsecurityguard"}}}}