{"format_version":"1.10.0","minecraft:client_entity":{"description":{"animations":{"basic_attack":"animation.scaryhairy.basic_attack","controller_move":"controller.animation.scaryhairy","death":"animation.scaryhairy.death","hurt":"animation.scaryhairy.hurt","idle":"animation.scaryhairy.idle","idle_blink":"animation.scaryhairy.idle_blink","idle_quirk":"animation.scaryhairy.idle_quirk","ult_attack":"animation.scaryhairy.ult_attack","walk":"animation.scaryhairy.walk"},"geometry":{"default":"geometry.scaryhairy"},"identifier":"inpvp:scaryhairy","materials":{"default":"entity_alphatest"},"render_controllers":["controller.render.base"],"scripts":{"animate":["controller_move"]},"spawn_egg":{"base_color":"#ffffff","overlay_color":"#ba3df9"},"textures":{"default":"textures/entity/Prison/scaryhairy"}}}}