{"format_version":"1.10.0","minecraft:client_entity":{"description":{"animations":{"controller_move":"controller.animation.threestates","state0":"animation.silvergolem.idle","state1":"animation.silvergolem.walk","state2":"animation.silvergolem.attack"},"geometry":{"default":"geometry.silvergolem"},"identifier":"inpvp:silvergolem","materials":{"default":"entity_alphatest"},"render_controllers":["controller.render.base"],"scripts":{"animate":["controller_move"]},"spawn_egg":{"base_color":"#ffffff","overlay_color":"#ba3df9"},"textures":{"default":"textures/entity/Prison/silvergolem"}}}}