{"format_version":"1.10.0","minecraft:client_entity":{"description":{"animations":{"controller_move":"controller.animation.interact","idle":"animation.ufomodel.crashed","interact":"animation.ufomodel.crashed"},"geometry":{"default":"geometry.ufomodel"},"identifier":"inpvp:ufomodel","materials":{"default":"entity_alphatest"},"render_controllers":["controller.render.base"],"scripts":{"animate":["controller_move"]},"spawn_egg":{"base_color":"#ffffff","overlay_color":"#ba3df9"},"textures":{"default":"textures/entity/Prison/ufomodel"}}}}