{
  "animations": {
    "animation.headhunt.anniversary_cake.idle": {
      "animation_length": 2,
      "bones": {
        "cake": {
          "position": {
            "0.0": [
              0,
              0,
              0
            ],
            "1.0": [
              0,
              1,
              0
            ],
            "2.0": [
              0,
              0,
              0
            ]
          },
          "rotation": {
            "0.0": [
              0,
              0,
              0
            ],
            "2.0": [
              0,
              360,
              0
            ]
          }
        },
        "flame": {
          "scale": {
            "0.0": [
              1,
              1,
              1
            ],
            "0.25": [
              1,
              0.8,
              1
            ],
            "0.5": [
              1,
              1,
              1
            ],
            "0.75": [
              1,
              0.8,
              1
            ],
            "1.0": [
              1,
              1,
              1
            ],
            "1.25": [
              1,
              0.8,
              1
            ],
            "1.5": [
              1,
              1,
              1
            ],
            "1.75": [
              1,
              0.8,
              1
            ],
            "2.0": [
              1,
              1,
              1
            ]
          }
        }
      },
      "loop": true
    }
  },
  "format_version": "1.8.0"
}