{
  "animations": {
    "animation.headhunt.ilde": {
      "animation_length": 3,
      "bones": {
        "icecream": {
          "position": {
            "0.0": [
              0,
              0,
              0
            ],
            "0.3333": [
              0,
              0.58,
              0
            ],
            "0.6667": [
              0,
              1.46,
              0
            ],
            "1.0": [
              0,
              2.33,
              0
            ],
            "1.3333": [
              0,
              2.91,
              0
            ],
            "1.5": [
              0,
              3,
              0
            ],
            "1.6667": [
              0,
              2.91,
              0
            ],
            "2.0": [
              0,
              2.33,
              0
            ],
            "2.3333": [
              0,
              1.46,
              0
            ],
            "2.6667": [
              0,
              0.58,
              0
            ],
            "3.0": [
              0,
              0,
              0
            ]
          },
          "rotation": {
            "0.0": [
              0,
              0,
              0
            ],
            "3.0": [
              0,
              360,
              0
            ]
          }
        }
      },
      "loop": true
    }
  },
  "format_version": "1.8.0"
}