{"format_version":"1.12.0","minecraft:geometry":[{"bones":[{"name":"Billboard","pivot":[0,8,0]},{"cubes":[{"origin":[-68,12,-1],"size":[136,4,3],"uv":[0,73]},{"origin":[64,16,-1],"size":[4,56,3],"uv":[32,131]},{"origin":[-68,72,-1],"size":[136,4,3],"uv":[0,80]},{"origin":[-68,16,-1],"size":[4,56,3],"uv":[46,131]},{"origin":[-64,16,0],"size":[128,56,1],"uv":[0,0]}],"name":"billboard_mid","parent":"Billboard","pivot":[-21,70,0]},{"cubes":[{"origin":[-71,6,-2],"size":[142,3,5],"uv":[0,65]},{"origin":[71,6,-2],"size":[3,76,5],"uv":[16,121]},{"origin":[66,25,-1.5],"size":[5,8,4],"uv":[88,87]},{"origin":[66,55,-1.5],"size":[5,8,4],"uv":[70,87]},{"origin":[-71,79,-2],"size":[142,3,5],"uv":[0,57]},{"origin":[-74,6,-2],"size":[3,76,5],"uv":[0,121]},{"origin":[-71,55,-1.5],"size":[5,8,4],"uv":[0,97]},{"origin":[-71,25,-1.5],"size":[5,8,4],"uv":[48,95]}],"name":"billboard_border","parent":"Billboard","pivot":[21,70,0]},{"name":"propelers","parent":"Billboard","pivot":[0,8,0]},{"name":"propeler_r","parent":"propelers","pivot":[-61.03441,52.61568,-19]},{"cubes":[{"origin":[65,77,-4],"size":[4,9,2],"uv":[128,98]},{"origin":[65,77,-2],"size":[4,2,5],"uv":[84,107]},{"origin":[65,77,3],"size":[4,9,2],"uv":[128,87]},{"origin":[65,84,-2],"size":[4,2,5],"uv":[66,107]},{"origin":[64,85,-2],"size":[6,3,5],"uv":[48,87]},{"origin":[64.5,88,-1.5],"size":[5,1,4],"uv":[0,109]}],"name":"base_r","parent":"propeler_r","pivot":[36,70,0]},{"cubes":[{"origin":[63,90,-37.5],"pivot":[67,91,0.5],"rotation":[0,0,-10],"size":[8,2,32],"uv":[80,87]},{"origin":[65,89.5,-7.5],"size":[4,3,5],"uv":[84,99]},{"origin":[64,89,-2.5],"size":[6,4,6],"uv":[0,87]},{"origin":[70,89.5,-1.5],"size":[5,3,4],"uv":[48,107]},{"origin":[73,90,-3.5],"pivot":[67,90.5,0.5],"rotation":[10,0,0],"size":[32,2,8],"uv":[112,121]},{"origin":[29,90,-3.5],"pivot":[67,90.5,0.5],"rotation":[-10,0,0],"size":[32,2,8],"uv":[32,121]},{"origin":[59,89.5,-1.5],"size":[5,3,4],"uv":[14,105]},{"origin":[65,89.5,3.5],"size":[4,3,5],"uv":[66,99]},{"origin":[63,90,6.5],"pivot":[67,91,0.5],"rotation":[0,0,10],"size":[8,2,32],"uv":[0,87]}],"name":"fan_r","parent":"propeler_r","pivot":[67,91,0.5],"rotation":[0,-30,0]},{"name":"propeler_l","parent":"propelers","pivot":[61.03441,52.61568,-19]},{"cubes":[{"mirror":true,"origin":[-69,77,-3],"size":[4,9,2],"uv":[128,98]},{"mirror":true,"origin":[-69,77,-1],"size":[4,2,5],"uv":[84,107]},{"mirror":true,"origin":[-69,77,4],"size":[4,9,2],"uv":[128,87]},{"mirror":true,"origin":[-69,84,-1],"size":[4,2,5],"uv":[66,107]},{"mirror":true,"origin":[-70,85,-1],"size":[6,3,5],"uv":[48,87]},{"mirror":true,"origin":[-69.5,88,-0.5],"size":[5,1,4],"uv":[0,109]}],"name":"base_l","parent":"propeler_l","pivot":[-36,70,1]},{"cubes":[{"mirror":true,"origin":[-71,90,-37.5],"pivot":[-67,91,0.5],"rotation":[0,0,10],"size":[8,2,32],"uv":[80,87]},{"mirror":true,"origin":[-69,89.5,-7.5],"size":[4,3,5],"uv":[84,99]},{"mirror":true,"origin":[-70,89,-2.5],"size":[6,4,6],"uv":[0,87]},{"mirror":true,"origin":[-75,89.5,-1.5],"size":[5,3,4],"uv":[48,107]},{"mirror":true,"origin":[-105,90,-3.5],"pivot":[-67,90.5,0.5],"rotation":[10,0,0],"size":[32,2,8],"uv":[112,121]},{"mirror":true,"origin":[-61,90,-3.5],"pivot":[-67,90.5,0.5],"rotation":[-10,0,0],"size":[32,2,8],"uv":[32,121]},{"mirror":true,"origin":[-64,89.5,-1.5],"size":[5,3,4],"uv":[14,105]},{"mirror":true,"origin":[-69,89.5,3.5],"size":[4,3,5],"uv":[66,99]},{"mirror":true,"origin":[-71,90,6.5],"pivot":[-67,91,0.5],"rotation":[0,0,-10],"size":[8,2,32],"uv":[0,87]}],"name":"fan_l","parent":"propeler_l","pivot":[-67,91,0.5],"rotation":[0,-2.5,0]}],"description":{"identifier":"geometry.billboard","texture_height":512,"texture_width":512,"visible_bounds_height":7.5,"visible_bounds_offset":[0,3.25,0],"visible_bounds_width":15}}]}