{"format_version":"1.12.0","minecraft:geometry":[{"bones":[{"cubes":[{"origin":[-48,0,-48],"size":[96,0,96],"uv":[0,0]}],"name":"bb_main","pivot":[0,0,0]},{"cubes":[{"origin":[-6,3,-34],"size":[2,1,12],"uv":[54,13]},{"origin":[-4,3,-24],"size":[8,1,2],"uv":[40,0]},{"origin":[-6,0,-34],"size":[12,3,12],"uv":[90,96]},{"origin":[4,3,-34],"size":[2,1,12],"uv":[54,0]},{"origin":[-4,3,-34],"size":[8,1,2],"uv":[27,16]}],"name":"water","pivot":[0,3.1,-28],"rotation":[0,27.5,0]},{"cubes":[{"origin":[-20,0,-3],"size":[11,6,11],"uv":[0,110]}],"name":"bone5","parent":"water","pivot":[-14.5,3,2.5]},{"cubes":[{"origin":[21,11,24],"size":[3,5,21],"uv":[0,26]},{"origin":[21,4,24],"size":[3,5,21],"uv":[0,0]},{"origin":[21.5,0,26.5],"size":[2,19,3],"uv":[81,61]},{"origin":[21.5,0,39.5],"size":[2,19,3],"uv":[75,39]}],"name":"bone","pivot":[22,9.75,34.5],"rotation":[0,-52.5,0]},{"cubes":[{"origin":[35,11,-10],"size":[3,5,21],"uv":[27,31]},{"origin":[35,4,-10],"size":[3,5,21],"uv":[27,5]},{"origin":[35.5,0,-7.5],"size":[2,19,3],"uv":[85,22]},{"origin":[35.5,0,5.5],"size":[2,19,3],"uv":[82,0]}],"name":"bone2","pivot":[36,9.75,0.5],"rotation":[0,5,0]},{"cubes":[{"origin":[16,11,-43],"size":[3,5,21],"uv":[27,57]},{"origin":[16,4,-43],"size":[3,5,21],"uv":[0,52]},{"origin":[16.5,0,-40.5],"size":[2,19,3],"uv":[55,101]},{"origin":[16.5,0,-27.5],"size":[2,19,3],"uv":[45,101]}],"name":"bone3","pivot":[17,9.75,-32.5],"rotation":[0,52.5,0]},{"cubes":[{"origin":[-32,11,-39],"size":[3,5,21],"uv":[0,78]},{"origin":[-32,4,-39],"size":[3,5,21],"uv":[54,75]},{"origin":[-31.5,0,-36.5],"size":[2,19,3],"uv":[75,101]},{"origin":[-31.5,0,-23.5],"size":[2,19,3],"uv":[65,101]}],"name":"bone4","pivot":[-30,9.75,-28.5],"rotation":[0,-40,0]},{"name":"big_dog","pivot":[-31,0,15],"rotation":[0,-55,0]},{"cubes":[{"origin":[-32.5,13.25,8],"size":[3,3,2],"uv":[70,68]},{"origin":[-33.5,9.5,11],"size":[5,2,5],"uv":[0,26]},{"origin":[-31,7.5,11],"size":[0,2,5],"uv":[10,14]},{"origin":[-31,8.5,10],"size":[0,2,1],"uv":[19,28]},{"origin":[-31,9.5,8],"size":[0,4,2],"uv":[41,29]},{"inflate":0.1,"origin":[-34,10.5,10],"size":[6,5,6],"uv":[54,57]},{"origin":[-33.5,15.5,10],"size":[5,1,6],"uv":[54,68]},{"origin":[-31,15.5,10],"size":[0,3,6],"uv":[54,7]}],"name":"body","parent":"big_dog","pivot":[-31,13.5,10]},{"cubes":[{"inflate":0.1,"origin":[-33.5,10.5,16],"size":[5,4,7],"uv":[54,31]},{"origin":[-33,14.5,16],"size":[4,1,7],"uv":[27,83]},{"origin":[-31,14.5,16],"size":[0,3,8],"uv":[0,8]},{"origin":[-33,9.5,16],"size":[4,2,4],"uv":[27,64]},{"origin":[-31,7.5,16],"size":[0,2,5],"uv":[10,14]},{"origin":[-32,9.5,19],"size":[2,1,3],"uv":[24,104]}],"name":"backbody","parent":"body","pivot":[-31,12.5,16]},{"cubes":[{"origin":[-32,9.5,22],"size":[2,5,2],"uv":[85,101]},{"origin":[-31,9.5,23],"size":[0,6,2],"uv":[54,29]}],"name":"tail","parent":"backbody","pivot":[-31,14.5,23],"rotation":[35,0,0]},{"cubes":[{"inflate":0.25,"origin":[-31.5,4.5,22.5],"size":[1,5,1],"uv":[43,67]},{"origin":[-31,5.5,22.5],"size":[0,5,2],"uv":[15,24]},{"origin":[-31.5,0.5,21.5],"size":[1,5,4],"uv":[70,0]}],"name":"tail2","parent":"tail","pivot":[-31,9.5,23],"rotation":[-10,0,0]},{"cubes":[{"inflate":0.1,"origin":[-34,6.25,18.25],"size":[2,5,4],"uv":[54,3]}],"name":"rightLeg","parent":"backbody","pivot":[-33,10.25,19.25]},{"cubes":[{"origin":[-34,1,19.5],"size":[2,6,3],"uv":[54,16]},{"origin":[-33,4,21.5],"size":[0,4,2],"uv":[0,39]},{"origin":[-33,5,23.5],"size":[0,4,2],"uv":[27,37]},{"origin":[-33,0.5,22],"size":[0,2,1],"uv":[27,15]},{"origin":[-33,1.5,23],"size":[0,2,1],"uv":[18,12]}],"name":"right_leg_back2","parent":"rightLeg","pivot":[-33,5,19.5]},{"cubes":[{"inflate":0.25,"origin":[-34,0.15,18.75],"size":[2,1,3],"uv":[11,87]},{"inflate":-0.2,"origin":[-32.45,-0.4,17.55],"size":[1,1,2],"uv":[54,68]},{"inflate":-0.2,"origin":[-33.5,-0.4,17.55],"size":[1,1,2],"uv":[54,68]},{"inflate":-0.2,"origin":[-34.55,-0.4,17.55],"size":[1,1,2],"uv":[54,68]}],"name":"right_leg_back3","parent":"right_leg_back2","pivot":[-33,1,20.5]},{"cubes":[{"inflate":0.1,"origin":[-30,6.25,18.25],"size":[2,5,4],"uv":[54,3]}],"name":"leftLeg","parent":"backbody","pivot":[-29,10.25,19.25]},{"cubes":[{"origin":[-30,1,19.5],"size":[2,6,3],"uv":[54,16]},{"origin":[-29,4,21.5],"size":[0,4,2],"uv":[0,39]},{"origin":[-29,5,23.5],"size":[0,4,2],"uv":[27,37]},{"origin":[-29,0.5,22],"size":[0,2,1],"uv":[27,15]},{"origin":[-29,1.5,23],"size":[0,2,1],"uv":[18,12]}],"name":"left_leg_back5","parent":"leftLeg","pivot":[-29,5,19.5]},{"cubes":[{"inflate":0.25,"origin":[-30,0.15,18.75],"size":[2,1,3],"uv":[11,87]},{"inflate":-0.2,"origin":[-30.55,-0.4,17.55],"size":[1,1,2],"uv":[54,68]},{"inflate":-0.2,"origin":[-29.5,-0.4,17.55],"size":[1,1,2],"uv":[54,68]},{"inflate":-0.2,"origin":[-28.45,-0.4,17.55],"size":[1,1,2],"uv":[54,68]}],"name":"left_leg_back6","parent":"left_leg_back5","pivot":[-29,1,20.5]},{"cubes":[{"origin":[-33,18,5.5],"size":[4,1,3],"uv":[46,89]},{"origin":[-33,13,5.5],"size":[4,1,3],"uv":[0,88]},{"origin":[-33.5,14,4.5],"size":[5,4,4],"uv":[0,52]},{"origin":[-33,14,8.5],"size":[4,4,1],"uv":[11,60]}],"name":"head","parent":"body","pivot":[-31,16,9.5]},{"cubes":[{"inflate":0.05,"origin":[-32.5,14.5,1.5],"size":[3,1,4],"uv":[0,83]}],"name":"topmouth","parent":"head","pivot":[-31.5,15.5,4.5]},{"cubes":[{"origin":[-32.5,14.5,1.5],"size":[3,1,3],"uv":[9,93]}],"name":"topmouth2","parent":"topmouth","pivot":[-31,15.5,1.5],"rotation":[15,0,0]},{"cubes":[{"inflate":0.01,"origin":[-32.5,13.5,1.6],"size":[3,1,4],"uv":[0,78]}],"name":"botmouth","parent":"head","pivot":[-31,13.5,4.6]},{"cubes":[{"origin":[-32,12.5,2.1],"size":[0,1,4],"uv":[13,32]},{"origin":[-30,12.5,2.1],"size":[0,1,4],"uv":[13,32]}],"name":"botmouth2","parent":"botmouth","pivot":[-31,12.5,5.6],"rotation":[-5,0,0]},{"cubes":[{"mirror":true,"origin":[-30,18,7],"size":[2,4,1],"uv":[14,0]},{"mirror":true,"origin":[-30,22,7],"size":[1,2,1],"uv":[0,66]}],"name":"left_ear","parent":"head","pivot":[-28.5,19,8]},{"cubes":[{"origin":[-34,18,7],"size":[2,4,1],"uv":[14,0]},{"origin":[-33,22,7],"size":[1,2,1],"uv":[0,66]}],"name":"right_ear","parent":"head","pivot":[-33.5,19,8]},{"cubes":[{"inflate":0.1,"origin":[-34.25,6.5,11],"size":[2,5,3],"uv":[81,83]}],"name":"rightArm","parent":"body","pivot":[-33.25,10.5,12.5]},{"cubes":[{"origin":[-34.25,1,11],"size":[2,6,3],"uv":[54,16]},{"origin":[-33.25,0.5,13.75],"size":[0,2,1],"uv":[27,15]},{"origin":[-33.25,4.5,14],"size":[0,3,1],"uv":[45,4]},{"origin":[-33.25,1.5,14.75],"size":[0,2,1],"uv":[18,12]},{"origin":[-33.25,5.5,15],"size":[0,3,1],"uv":[19,39]}],"name":"right_leg_front2","parent":"rightArm","pivot":[-33.25,7,12.5]},{"cubes":[{"inflate":-0.2,"origin":[-32.7,-0.4,9.3],"size":[1,1,2],"uv":[54,68]},{"inflate":-0.2,"origin":[-33.75,-0.4,9.3],"size":[1,1,2],"uv":[54,68]},{"inflate":-0.2,"origin":[-34.8,-0.4,9.3],"size":[1,1,2],"uv":[54,68]},{"inflate":0.25,"origin":[-34.25,0.15,10.5],"size":[2,1,3],"uv":[11,87]}],"name":"right_leg_front3","parent":"right_leg_front2","pivot":[-33.25,1,12.5]},{"cubes":[{"inflate":0.1,"origin":[-29.75,6.5,11],"size":[2,5,3],"uv":[81,83]}],"name":"leftArm","parent":"body","pivot":[-28.75,10.5,12.5]},{"cubes":[{"origin":[-29.75,1,11],"size":[2,6,3],"uv":[54,16]},{"origin":[-28.75,0.5,13.75],"size":[0,2,1],"uv":[27,15]},{"origin":[-28.75,4.5,14],"size":[0,3,1],"uv":[45,4]},{"origin":[-28.75,1.5,14.75],"size":[0,2,1],"uv":[18,12]},{"origin":[-28.75,5.5,15],"size":[0,3,1],"uv":[19,39]}],"name":"left_leg_front5","parent":"leftArm","pivot":[-28.75,7,12.5]},{"cubes":[{"inflate":-0.2,"origin":[-30.3,-0.4,9.3],"size":[1,1,2],"uv":[54,68]},{"inflate":-0.2,"origin":[-29.25,-0.4,9.3],"size":[1,1,2],"uv":[54,68]},{"inflate":-0.2,"origin":[-28.2,-0.4,9.3],"size":[1,1,2],"uv":[54,68]},{"inflate":0.25,"origin":[-29.75,0.15,10.5],"size":[2,1,3],"uv":[11,87]}],"name":"left_leg_front6","parent":"left_leg_front5","pivot":[-28.75,1,12.5]},{"name":"baby_cat","pivot":[-5,6,10],"rotation":[-180,-75,180]},{"cubes":[{"origin":[-11.8473,9.5,1.96962],"size":[3,1,4],"uv":[71,32]},{"inflate":0.2,"origin":[-11.8473,10.25,1.96962],"size":[3,3,4],"uv":[70,18]},{"inflate":0.1,"origin":[-11.8473,12.75,1.96962],"size":[3,1,4],"uv":[71,27]}],"name":"body2","parent":"baby_cat","pivot":[-10.3473,11.66667,3.96962],"rotation":[0,-10,0]},{"cubes":[{"inflate":0.1,"origin":[-11.8473,10.25,5.96962],"size":[3,3,3],"uv":[56,83]},{"origin":[-11.8473,12.75,5.96962],"size":[3,1,3],"uv":[36,92]},{"origin":[-11.3473,9.75,5.96962],"size":[2,1,1],"uv":[46,3]},{"origin":[-10.8473,9.75,6.96962],"size":[1,1,1],"uv":[70,0]}],"name":"backbody2","parent":"body2","pivot":[-10.3473,13.25,5.96962]},{"cubes":[{"origin":[-10.8473,10.25,7.96962],"size":[1,3,1],"uv":[43,60]}],"name":"tail3","parent":"backbody2","pivot":[-10.3473,13.25,8.96962],"rotation":[35,0,0]},{"cubes":[{"inflate":-0.1,"origin":[-10.8473,6.5,7.96962],"size":[1,4,1],"uv":[54,42]}],"name":"tail4","parent":"tail3","pivot":[-10.3473,10.25,7.96962],"rotation":[37.5,0,0]},{"cubes":[{"inflate":0.2,"origin":[-9.5973,10.25,7.46962],"size":[1,2,1],"uv":[27,64]}],"name":"leftLeg2","parent":"backbody2","pivot":[-9.0973,12.25,7.46962]},{"cubes":[{"inflate":0.1,"origin":[-9.5973,7,7.71962],"size":[1,3,1],"uv":[0,60]}],"name":"left_leg_back2","parent":"leftLeg2","pivot":[-9.0973,10,7.71962]},{"cubes":[{"origin":[-10.0973,5.9,6.96962],"size":[2,1,2],"uv":[62,75]},{"inflate":-0.3,"origin":[-10.3973,5.5,6.26962],"size":[1,1,1],"uv":[16,69]},{"inflate":-0.3,"origin":[-10.3973,5.75,6.26962],"size":[1,1,1],"uv":[16,69]},{"inflate":-0.3,"origin":[-9.5973,5.5,6.26962],"size":[1,1,1],"uv":[16,69]},{"inflate":-0.3,"origin":[-9.5973,5.75,6.26962],"size":[1,1,1],"uv":[16,69]},{"inflate":-0.3,"origin":[-8.7973,5.5,6.26962],"size":[1,1,1],"uv":[16,69]},{"inflate":-0.3,"origin":[-8.7973,5.75,6.26962],"size":[1,1,1],"uv":[16,69]}],"name":"left_leg_back3","parent":"left_leg_back2","pivot":[-9.0973,6.75,8.71962]},{"cubes":[{"inflate":0.2,"origin":[-12.0973,10.25,7.46962],"size":[1,2,1],"uv":[27,64]}],"name":"rightLeg2","parent":"backbody2","pivot":[-11.5973,12.25,7.46962]},{"cubes":[{"inflate":0.1,"origin":[-12.0973,7,7.71962],"size":[1,3,1],"uv":[0,60]}],"name":"right_leg_back4","parent":"rightLeg2","pivot":[-11.5973,10,7.71962]},{"cubes":[{"origin":[-12.5973,5.9,6.96962],"size":[2,1,2],"uv":[62,75]},{"inflate":-0.3,"origin":[-11.2973,5.5,6.26962],"size":[1,1,1],"uv":[16,69]},{"inflate":-0.3,"origin":[-11.2973,5.75,6.26962],"size":[1,1,1],"uv":[16,69]},{"inflate":-0.3,"origin":[-12.0973,5.5,6.26962],"size":[1,1,1],"uv":[16,69]},{"inflate":-0.3,"origin":[-12.0973,5.75,6.26962],"size":[1,1,1],"uv":[16,69]},{"inflate":-0.3,"origin":[-12.8973,5.5,6.26962],"size":[1,1,1],"uv":[16,69]},{"inflate":-0.3,"origin":[-12.8973,5.75,6.26962],"size":[1,1,1],"uv":[16,69]}],"name":"right_leg_back5","parent":"right_leg_back4","pivot":[-11.5973,6.75,8.71962]},{"cubes":[{"inflate":-0.5,"origin":[-12.8473,12.25,-1.03038],"size":[5,4,4],"uv":[27,39]},{"inflate":-0.1,"origin":[-11.8473,12.25,-0.53038],"size":[3,1,2],"uv":[70,9]},{"origin":[-8.3473,13.65,0.21962],"size":[1,1,0],"uv":[18,5]},{"origin":[-13.3473,13.65,0.21962],"size":[1,1,0],"uv":[4,1]}],"name":"head2","parent":"body2","pivot":[-10.3473,13.25,2.46962]},{"cubes":[{"inflate":0.05,"origin":[-11.3473,13.25,-1.53038],"size":[2,1,2],"uv":[65,83]},{"inflate":-0.2,"origin":[-10.8473,13.25,-1.93038],"size":[1,1,1],"uv":[16,69]}],"name":"topmouth3","parent":"head2","pivot":[-10.8473,14.25,0.46962]},{"name":"topmouth4","parent":"topmouth3","pivot":[-10.8473,14.25,-2.53038],"rotation":[15,0,0]},{"cubes":[{"inflate":-0.45,"origin":[-12.0973,13.5,-2.03038],"size":[2,1,1],"uv":[40,3]}],"name":"wisker","parent":"topmouth3","pivot":[-10.5973,14,-1.53038],"rotation":[0,-5,22.5]},{"cubes":[{"inflate":-0.45,"origin":[-10.5973,13.5,-2.03038],"size":[2,1,1],"uv":[40,3]}],"name":"wisker3","parent":"topmouth3","pivot":[-10.0973,14,-1.53038],"rotation":[0,5,-22.5]},{"cubes":[{"inflate":-0.45,"origin":[-12.0973,13,-2.03038],"size":[2,1,1],"uv":[40,3]}],"name":"wisker2","parent":"topmouth3","pivot":[-10.5973,13.5,-1.53038],"rotation":[0,-5,-22.5]},{"cubes":[{"inflate":-0.45,"origin":[-10.5973,13,-2.03038],"size":[2,1,1],"uv":[40,3]}],"name":"wisker4","parent":"topmouth3","pivot":[-10.0973,13.5,-1.53038],"rotation":[0,5,22.5]},{"cubes":[{"inflate":0.01,"origin":[-11.3473,12.5,-1.43038],"size":[2,1,2],"uv":[76,0]}],"name":"botmouth3","parent":"head2","pivot":[-10.8473,14,0.56962]},{"cubes":[{"mirror":true,"origin":[-9.8473,15,0.46962],"size":[2,2,1],"uv":[14,52]}],"name":"left_ear2","parent":"head2","pivot":[-8.3473,15.75,1.96962]},{"cubes":[{"origin":[-12.8473,15,0.46962],"size":[2,2,1],"uv":[14,52]}],"name":"right_ear2","parent":"head2","pivot":[-12.3473,15.75,1.96962]},{"cubes":[{"inflate":0.2,"origin":[-9.5973,8.75,2.96962],"size":[1,3,1],"uv":[54,3]}],"name":"leftArm2","parent":"body2","pivot":[-10.0973,11.75,3.96962]},{"cubes":[{"inflate":0.1,"origin":[-9.5973,7,2.96962],"size":[1,2,1],"uv":[61,16]}],"name":"left_leg_front2","parent":"leftArm2","pivot":[-9.0973,9,3.96962]},{"cubes":[{"origin":[-10.0973,5.9,1.96962],"size":[2,1,2],"uv":[62,75]},{"inflate":-0.3,"origin":[-8.7973,5.5,1.26962],"size":[1,1,1],"uv":[16,69]},{"inflate":-0.3,"origin":[-8.7973,5.75,1.26962],"size":[1,1,1],"uv":[16,69]},{"inflate":-0.3,"origin":[-10.3973,5.5,1.26962],"size":[1,1,1],"uv":[16,69]},{"inflate":-0.3,"origin":[-10.3973,5.75,1.26962],"size":[1,1,1],"uv":[16,69]},{"inflate":-0.3,"origin":[-9.5973,5.5,1.26962],"size":[1,1,1],"uv":[16,69]},{"inflate":-0.3,"origin":[-9.5973,5.75,1.26962],"size":[1,1,1],"uv":[16,69]}],"name":"left_leg_front3","parent":"left_leg_front2","pivot":[-9.0973,6.75,2.96962]},{"cubes":[{"inflate":0.2,"origin":[-12.0973,8.75,2.96962],"size":[1,3,1],"uv":[54,3]}],"name":"rightArm2","parent":"body2","pivot":[-11.5973,11.75,3.96962]},{"cubes":[{"inflate":0.1,"origin":[-12.0973,7,2.96962],"size":[1,2,1],"uv":[61,16]}],"name":"right_leg_front4","parent":"rightArm2","pivot":[-11.5973,9,3.96962]},{"cubes":[{"inflate":-0.3,"origin":[-11.2973,5.5,1.26962],"size":[1,1,1],"uv":[16,69]},{"inflate":-0.3,"origin":[-11.2973,5.75,1.26962],"size":[1,1,1],"uv":[16,69]},{"inflate":-0.3,"origin":[-12.0973,5.5,1.26962],"size":[1,1,1],"uv":[16,69]},{"inflate":-0.3,"origin":[-12.0973,5.75,1.26962],"size":[1,1,1],"uv":[16,69]},{"inflate":-0.3,"origin":[-12.8973,5.5,1.26962],"size":[1,1,1],"uv":[16,69]},{"inflate":-0.3,"origin":[-12.8973,5.75,1.26962],"size":[1,1,1],"uv":[16,69]},{"origin":[-12.5973,5.9,1.96962],"size":[2,1,2],"uv":[62,75]}],"name":"right_leg_front5","parent":"right_leg_front4","pivot":[-11.5973,6.75,2.96962]},{"name":"big_cat","pivot":[-22,0,23],"rotation":[0,-30,0]},{"cubes":[{"inflate":0.2,"origin":[-24,7.75,18],"size":[4,1,5],"uv":[54,42]},{"inflate":0.3,"origin":[-24,8.5,18],"size":[4,3,5],"uv":[0,33]},{"inflate":0.2,"origin":[-24,11,18],"size":[4,1,5],"uv":[0,41]},{"origin":[-21,11.5,18],"size":[0,2,5],"uv":[0,14]},{"origin":[-23,11.5,18],"size":[0,2,5],"uv":[0,14]}],"name":"body3","parent":"big_cat","pivot":[-22,11.5,18]},{"cubes":[{"inflate":0.1,"origin":[-24,8.5,22],"size":[4,3,6],"uv":[0,0]},{"origin":[-24,11,22],"size":[4,1,6],"uv":[0,9]},{"origin":[-21,11,23],"size":[0,2,5],"uv":[0,14]},{"origin":[-23,11,23],"size":[0,2,5],"uv":[0,14]},{"origin":[-24,8,22],"size":[4,1,3],"uv":[42,83]},{"origin":[-23,8,25],"size":[2,1,2],"uv":[54,75]}],"name":"backbody3","parent":"body3","pivot":[-22,14.5,22]},{"cubes":[{"origin":[-22.5,6.5,27],"size":[1,5,1],"uv":[54,57]}],"name":"tail5","parent":"backbody3","pivot":[-22,11.5,28],"rotation":[50,0,0]},{"cubes":[{"inflate":0.1,"origin":[-22.5,0.5,27],"size":[1,6,1],"uv":[62,0]},{"origin":[-22,0.5,26],"size":[0,6,2],"uv":[14,7]}],"name":"tail6","parent":"tail5","pivot":[-22,6.5,27],"rotation":[75,0,0]},{"cubes":[{"inflate":0.2,"origin":[-22.5,-3.5,27],"size":[1,4,1],"uv":[27,0]},{"origin":[-22,-3.5,25.5],"size":[0,4,2],"uv":[0,31]},{"inflate":0.4,"origin":[-22.5,-4.5,27],"size":[1,1,1],"uv":[67,45]}],"name":"tail7","parent":"tail6","pivot":[-22,0.5,28],"rotation":[-47.5,0,0]},{"cubes":[{"origin":[-21.5,5.5,24.75],"size":[2,4,3],"uv":[85,44]},{"origin":[-20.5,5.5,26.25],"size":[0,4,3],"uv":[0,6]}],"name":"leftLeg3","parent":"backbody3","pivot":[-20.5,9.5,25.75]},{"cubes":[{"inflate":-0.1,"origin":[-21.5,1.25,26],"size":[2,5,2],"uv":[85,51]},{"origin":[-20.5,0.5,27],"size":[0,5,2],"uv":[0,24]}],"name":"left_leg_back4","parent":"leftLeg3","pivot":[-20.5,6.25,26]},{"cubes":[{"inflate":0.25,"origin":[-21.5,0.15,25.25],"size":[2,1,2],"uv":[39,64]},{"inflate":0.1,"origin":[-21.5,0.9,25.25],"size":[2,1,2],"uv":[39,64]},{"inflate":-0.2,"origin":[-21.8,-0.5,24.3],"size":[1,1,1],"uv":[57,36]},{"inflate":-0.2,"origin":[-21.8,0,24.3],"size":[1,1,1],"uv":[57,36]},{"inflate":-0.2,"origin":[-21,-0.5,24.3],"size":[1,1,1],"uv":[57,36]},{"inflate":-0.2,"origin":[-21,0,24.3],"size":[1,1,1],"uv":[57,36]},{"inflate":-0.2,"origin":[-20.2,-0.5,24.3],"size":[1,1,1],"uv":[57,36]},{"inflate":-0.2,"origin":[-20.2,0,24.3],"size":[1,1,1],"uv":[57,36]}],"name":"left_leg_back7","parent":"left_leg_back4","pivot":[-20.5,1,27]},{"cubes":[{"origin":[-24.5,5.5,24.75],"size":[2,4,3],"uv":[85,44]},{"origin":[-23.5,5.5,26.25],"size":[0,4,3],"uv":[0,6]}],"name":"rightLeg3","parent":"backbody3","pivot":[-23.5,9.5,25.75]},{"cubes":[{"inflate":-0.1,"origin":[-24.5,1.25,26],"size":[2,5,2],"uv":[85,51]},{"origin":[-23.5,0.5,27],"size":[0,5,2],"uv":[0,24]}],"name":"right_leg_back6","parent":"rightLeg3","pivot":[-23.5,6.25,26]},{"cubes":[{"inflate":0.25,"origin":[-24.5,0.15,25.25],"size":[2,1,2],"uv":[39,64]},{"inflate":0.1,"origin":[-24.5,0.9,25.25],"size":[2,1,2],"uv":[39,64]},{"inflate":-0.2,"origin":[-23.2,-0.5,24.3],"size":[1,1,1],"uv":[57,36]},{"inflate":-0.2,"origin":[-23.2,0,24.3],"size":[1,1,1],"uv":[57,36]},{"inflate":-0.2,"origin":[-24,-0.5,24.3],"size":[1,1,1],"uv":[57,36]},{"inflate":-0.2,"origin":[-24,0,24.3],"size":[1,1,1],"uv":[57,36]},{"inflate":-0.2,"origin":[-24.8,-0.5,24.3],"size":[1,1,1],"uv":[57,36]},{"inflate":-0.2,"origin":[-24.8,0,24.3],"size":[1,1,1],"uv":[57,36]}],"name":"right_leg_back7","parent":"right_leg_back6","pivot":[-23.5,1,27]},{"cubes":[{"inflate":-0.5,"origin":[-24.5,9.5,14.5],"size":[5,4,4],"uv":[27,31]},{"inflate":-0.1,"origin":[-23.5,9.5,15],"size":[3,1,3],"uv":[0,92]},{"inflate":-0.1,"origin":[-23.5,12.5,15],"size":[3,1,3],"uv":[81,91]},{"mirror":true,"origin":[-20.25,9.75,15.75],"size":[1,1,0],"uv":[4,0]},{"mirror":true,"origin":[-20.25,10,16.5],"size":[1,1,0],"uv":[0,0]},{"mirror":true,"origin":[-20.05,10.9,15.75],"size":[1,1,0],"uv":[0,0]},{"mirror":true,"origin":[-20.05,11.15,16.5],"size":[1,1,0],"uv":[4,0]},{"origin":[-24.75,9.75,15.75],"size":[1,1,0],"uv":[0,0]},{"origin":[-24.75,10,16.5],"size":[1,1,0],"uv":[4,0]},{"origin":[-24.95,10.9,15.75],"size":[1,1,0],"uv":[4,0]},{"origin":[-24.95,11.15,16.5],"size":[1,1,0],"uv":[0,0]}],"name":"head3","parent":"body3","pivot":[-22,10.5,18]},{"cubes":[{"inflate":0.05,"origin":[-23,10.5,14],"size":[2,1,2],"uv":[67,42]},{"inflate":-0.2,"origin":[-22.5,10.5,13.6],"size":[1,1,1],"uv":[58,0]}],"name":"topmouth5","parent":"head3","pivot":[-22.5,11.5,16]},{"name":"topmouth6","parent":"topmouth5","pivot":[-22.5,11.5,13],"rotation":[15,0,0]},{"cubes":[{"inflate":-0.45,"origin":[-24.75,10.75,13.5],"size":[3,1,1],"uv":[35,19]}],"name":"wisker5","parent":"topmouth5","pivot":[-22.25,11.25,14],"rotation":[0,-5,10]},{"cubes":[{"inflate":-0.45,"origin":[-22.25,10.75,13.5],"size":[3,1,1],"uv":[35,19]}],"name":"wisker6","parent":"topmouth5","pivot":[-21.75,11.25,14],"rotation":[0,5,-10]},{"cubes":[{"inflate":-0.45,"origin":[-24.75,10.25,13.5],"size":[3,1,1],"uv":[35,19]}],"name":"wisker7","parent":"topmouth5","pivot":[-22.25,10.75,14],"rotation":[0,-5,-10]},{"cubes":[{"inflate":0.01,"origin":[-23,9.75,14.1],"size":[2,1,2],"uv":[12,66]}],"name":"botmouth4","parent":"head3","pivot":[-22.5,11.25,16.1]},{"cubes":[{"inflate":-0.45,"origin":[-22.25,10.25,13.5],"size":[3,1,1],"uv":[35,19]}],"name":"wisker8","parent":"botmouth4","pivot":[-21.75,10.75,14],"rotation":[0,5,10]},{"cubes":[{"mirror":true,"origin":[-21.5,13,16],"size":[2,3,1],"uv":[41,8]}],"name":"left_ear3","parent":"head3","pivot":[-20,13,17.5]},{"cubes":[{"origin":[-24.5,13,16],"size":[2,3,1],"uv":[41,8]}],"name":"right_ear3","parent":"head3","pivot":[-24,13,17.5]},{"cubes":[{"origin":[-21.5,5,18],"size":[2,4,2],"uv":[16,104]},{"origin":[-20.5,5,20],"size":[0,4,2],"uv":[27,29]}],"name":"leftArm3","parent":"body3","pivot":[-21.5,9,19]},{"cubes":[{"inflate":-0.1,"origin":[-21.5,1.25,18],"size":[2,4,2],"uv":[8,104]},{"origin":[-20.5,1,19],"size":[0,4,2],"uv":[27,6]}],"name":"left_leg_front4","parent":"leftArm3","pivot":[-20.5,5.25,20]},{"cubes":[{"inflate":0.25,"origin":[-21.5,0.15,17],"size":[2,1,2],"uv":[39,64]},{"inflate":0.1,"origin":[-21.5,0.9,17],"size":[2,1,2],"uv":[39,64]},{"inflate":-0.2,"origin":[-20.2,-0.5,16.05],"size":[1,1,1],"uv":[57,36]},{"inflate":-0.2,"origin":[-20.2,0,16.05],"size":[1,1,1],"uv":[57,36]},{"inflate":-0.2,"origin":[-21.8,-0.5,16.05],"size":[1,1,1],"uv":[57,36]},{"inflate":-0.2,"origin":[-21.8,0,16.05],"size":[1,1,1],"uv":[57,36]},{"inflate":-0.2,"origin":[-21,-0.5,16.05],"size":[1,1,1],"uv":[57,36]},{"inflate":-0.2,"origin":[-21,0,16.05],"size":[1,1,1],"uv":[57,36]}],"name":"left_leg_front7","parent":"left_leg_front4","pivot":[-20.5,1,19]},{"cubes":[{"origin":[-24.5,5,18],"size":[2,4,2],"uv":[16,104]},{"origin":[-23.5,5,20],"size":[0,4,2],"uv":[27,29]}],"name":"rightArm3","parent":"body3","pivot":[-23.5,9,19]},{"cubes":[{"inflate":-0.1,"origin":[-24.5,1.25,18],"size":[2,4,2],"uv":[8,104]},{"origin":[-23.5,1,19],"size":[0,4,2],"uv":[27,6]}],"name":"right_leg_front6","parent":"rightArm3","pivot":[-23.5,5.25,20]},{"cubes":[{"inflate":-0.2,"origin":[-23.2,-0.5,16.05],"size":[1,1,1],"uv":[57,36]},{"inflate":-0.2,"origin":[-23.2,0,16.05],"size":[1,1,1],"uv":[57,36]},{"inflate":-0.2,"origin":[-24,-0.5,16.05],"size":[1,1,1],"uv":[57,36]},{"inflate":-0.2,"origin":[-24,0,16.05],"size":[1,1,1],"uv":[57,36]},{"inflate":-0.2,"origin":[-24.8,-0.5,16.05],"size":[1,1,1],"uv":[57,36]},{"inflate":-0.2,"origin":[-24.8,0,16.05],"size":[1,1,1],"uv":[57,36]},{"inflate":0.25,"origin":[-24.5,0.15,17],"size":[2,1,2],"uv":[39,64]},{"inflate":0.1,"origin":[-24.5,0.9,17],"size":[2,1,2],"uv":[39,64]}],"name":"right_leg_front7","parent":"right_leg_front6","pivot":[-23.5,1,19]},{"name":"baby_dog","pivot":[16,0,1],"rotation":[-180,-12.5,180]},{"cubes":[{"origin":[14,5.5,-3],"size":[4,1,3],"uv":[54,48]},{"origin":[16,4.5,-4],"size":[0,1,1],"uv":[0,0]},{"origin":[16,3.5,-3],"size":[0,2,3],"uv":[0,10]},{"origin":[16,5.5,-5],"size":[0,1,2],"uv":[14,3]},{"origin":[16,6.5,-5],"size":[0,1,1],"uv":[0,0]},{"inflate":0.1,"origin":[13.5,6.5,-4],"size":[5,4,4],"uv":[27,8]},{"inflate":0.1,"origin":[14,10.5,-4],"size":[4,1,4],"uv":[0,66]},{"origin":[14,7.5,-5],"size":[4,3,1],"uv":[27,95]},{"origin":[16,10.5,-4],"size":[0,3,4],"uv":[13,29]}],"name":"body4","parent":"baby_dog","pivot":[16,9.5,-4]},{"cubes":[{"inflate":0.1,"origin":[14,6.5,0],"size":[4,3,5],"uv":[27,0]},{"inflate":0.1,"origin":[14.5,9.5,0],"size":[3,1,5],"uv":[0,60]},{"origin":[16,10.5,0],"size":[0,2,4],"uv":[27,15]},{"origin":[14.5,5.5,0],"size":[3,1,2],"uv":[65,48]},{"origin":[16,4.5,0],"size":[0,1,3],"uv":[0,2]},{"origin":[15.5,5.5,2],"size":[1,1,2],"uv":[41,39]}],"name":"backbody4","parent":"body4","pivot":[16,12.5,0]},{"cubes":[{"origin":[15,5.5,4],"size":[2,4,2],"uv":[0,104]}],"name":"tail8","parent":"backbody4","pivot":[16,9.5,5],"rotation":[35,0,0]},{"cubes":[{"inflate":0.25,"origin":[15.5,2.5,4.5],"size":[1,3,1],"uv":[0,52]},{"origin":[16,1.5,4.5],"size":[0,3,2],"uv":[16,14]}],"name":"tail9","parent":"tail8","pivot":[16,5.5,5],"rotation":[-10,0,0]},{"cubes":[{"inflate":0.1,"origin":[17,4.25,2.25],"size":[2,4,3],"uv":[11,80]}],"name":"leftLeg4","parent":"backbody4","pivot":[18,8.25,3.25]},{"cubes":[{"origin":[17,1,3.5],"size":[2,4,2],"uv":[93,101]},{"origin":[18,1,5.5],"size":[0,4,1],"uv":[18,8]},{"origin":[18,3,6.5],"size":[0,3,1],"uv":[18,36]}],"name":"left_leg_back8","parent":"leftLeg4","pivot":[18,5,3.5]},{"cubes":[{"inflate":0.25,"origin":[17,0.15,2.75],"size":[2,1,2],"uv":[40,57]},{"inflate":-0.2,"origin":[16.45,-0.4,1.8],"size":[1,1,1],"uv":[43,19]},{"inflate":-0.2,"origin":[17.5,-0.4,1.8],"size":[1,1,1],"uv":[43,19]},{"inflate":-0.2,"origin":[18.55,-0.4,1.8],"size":[1,1,1],"uv":[43,19]}],"name":"left_leg_back9","parent":"left_leg_back8","pivot":[18,1,4.5]},{"cubes":[{"inflate":0.1,"origin":[13,4.25,2.25],"size":[2,4,3],"uv":[11,80]}],"name":"rightLeg4","parent":"backbody4","pivot":[14,8.25,3.25]},{"cubes":[{"origin":[13,1,3.5],"size":[2,4,2],"uv":[93,101]},{"origin":[14,1,5.5],"size":[0,4,1],"uv":[18,8]},{"origin":[14,3,6.5],"size":[0,3,1],"uv":[18,36]}],"name":"right_leg_back8","parent":"rightLeg4","pivot":[14,5,3.5]},{"cubes":[{"inflate":0.25,"origin":[13,0.15,2.75],"size":[2,1,2],"uv":[40,57]},{"inflate":-0.2,"origin":[14.55,-0.4,1.8],"size":[1,1,1],"uv":[43,19]},{"inflate":-0.2,"origin":[13.5,-0.4,1.8],"size":[1,1,1],"uv":[43,19]},{"inflate":-0.2,"origin":[12.45,-0.4,1.8],"size":[1,1,1],"uv":[43,19]}],"name":"right_leg_back9","parent":"right_leg_back8","pivot":[14,1,4.5]},{"cubes":[{"origin":[13.5,8.5,-7.5],"size":[5,4,3],"uv":[27,57]},{"origin":[13.5,7.5,-7.5],"size":[5,1,2],"uv":[27,70]}],"name":"head4","parent":"body4","pivot":[16,9.5,-4.5]},{"cubes":[{"inflate":0.05,"origin":[14.5,8.25,-9.5],"size":[3,1,3],"uv":[27,91]}],"name":"topmouth7","parent":"head4","pivot":[15.5,9.25,-6.5]},{"cubes":[{"origin":[14.5,8.25,-9.5],"size":[3,1,3],"uv":[60,89]}],"name":"topmouth8","parent":"topmouth7","pivot":[15.5,9.25,-9.5],"rotation":[15,0,0]},{"cubes":[{"inflate":0.01,"origin":[14.5,7.25,-9.4],"size":[3,1,3],"uv":[70,13]}],"name":"botmouth5","parent":"head4","pivot":[15.5,8.25,-6.4]},{"cubes":[{"origin":[18.25,9.75,-6.5],"size":[1,3,2],"uv":[0,0]}],"name":"left_ear4","parent":"head4","pivot":[18.5,12.5,-5]},{"cubes":[{"origin":[12.75,9.75,-6.5],"size":[1,3,2],"uv":[0,0]}],"name":"right_ear4","parent":"head4","pivot":[13.5,12.5,-5]},{"cubes":[{"inflate":0.1,"origin":[16.75,4,-3],"size":[2,4,2],"uv":[88,58]}],"name":"leftArm4","parent":"body4","pivot":[16.75,8,-2]},{"cubes":[{"origin":[16.75,1,-3],"size":[2,3,2],"uv":[13,41]},{"origin":[17.75,1,-2],"size":[0,3,2],"uv":[16,14]},{"origin":[17.75,2,0],"size":[0,3,1],"uv":[19,25]}],"name":"left_leg_front8","parent":"leftArm4","pivot":[17.75,4,-1]},{"cubes":[{"inflate":0.25,"origin":[16.75,0.15,-4],"size":[2,1,2],"uv":[40,57]},{"inflate":-0.2,"origin":[18.3,-0.4,-4.95],"size":[1,1,1],"uv":[43,19]},{"inflate":-0.2,"origin":[16.2,-0.4,-4.95],"size":[1,1,1],"uv":[43,19]},{"inflate":-0.2,"origin":[17.25,-0.4,-4.95],"size":[1,1,1],"uv":[43,19]}],"name":"left_leg_front9","parent":"left_leg_front8","pivot":[17.75,1,-2]},{"cubes":[{"inflate":0.1,"origin":[13.25,4,-3],"size":[2,4,2],"uv":[88,58]}],"name":"rightArm4","parent":"body4","pivot":[14.25,8,-2]},{"cubes":[{"origin":[13.25,1,-3],"size":[2,3,2],"uv":[13,41]},{"origin":[14.25,1,-2],"size":[0,3,2],"uv":[16,14]},{"origin":[14.25,2,0],"size":[0,3,1],"uv":[19,25]}],"name":"right_leg_front8","parent":"rightArm4","pivot":[14.25,4,-1]},{"cubes":[{"inflate":-0.2,"origin":[14.8,-0.4,-4.95],"size":[1,1,1],"uv":[43,19]},{"inflate":-0.2,"origin":[13.75,-0.4,-4.95],"size":[1,1,1],"uv":[43,19]},{"inflate":-0.2,"origin":[12.7,-0.4,-4.95],"size":[1,1,1],"uv":[43,19]},{"inflate":0.25,"origin":[13.25,0.15,-4],"size":[2,1,2],"uv":[40,57]}],"name":"right_leg_front9","parent":"right_leg_front8","pivot":[14.25,1,-2]}],"description":{"identifier":"geometry.evolutions","texture_height":384,"texture_width":384,"visible_bounds_height":2.5,"visible_bounds_offset":[0,0.75,0],"visible_bounds_width":7}}]}