{"format_version":"1.12.0","minecraft:geometry":[{"bones":[{"cubes":[{"origin":[22,29,-1],"pivot":[24.5,31.5,0],"rotation":[0,0,50],"size":[5,5,2],"uv":{"down":{"uv":[39,52],"uv_size":[5,-2]},"east":{"uv":[30,50],"uv_size":[2,5]},"north":{"uv":[10,50],"uv_size":[5,5]},"south":{"uv":[15,50],"uv_size":[5,5]},"up":{"uv":[34,50],"uv_size":[5,2]},"west":{"uv":[32,50],"uv_size":[2,5]}}},{"origin":[-24.5,8.175,0],"size":[49,25,0],"uv":{"down":{"uv":[0,0],"uv_size":[49,0]},"east":{"uv":[0,0],"uv_size":[0,25]},"north":{"uv":[0,0],"uv_size":[49,25]},"south":{"uv":[0,25],"uv_size":[49,25]},"up":{"uv":[0,0],"uv_size":[49,0]},"west":{"uv":[0,0],"uv_size":[0,25]}}},{"origin":[-27,8,0.1],"pivot":[-27.5,31.5,0],"rotation":[0,0,7.5],"size":[5,25,0],"uv":{"down":{"uv":[0,0],"uv_size":[5,0]},"east":{"uv":[0,0],"uv_size":[0,25]},"north":{"uv":[49,0],"uv_size":[5,25]},"south":{"uv":[49,25],"uv_size":[5,25]},"up":{"uv":[0,0],"uv_size":[5,0]},"west":{"uv":[0,0],"uv_size":[0,25]}}},{"origin":[22,8,0.1],"pivot":[27.5,31.5,0],"rotation":[0,0,-7.5],"size":[5,25,0],"uv":{"down":{"uv":[0,0],"uv_size":[5,0]},"east":{"uv":[0,0],"uv_size":[0,25]},"north":{"uv":[0,50],"uv_size":[5,25]},"south":{"uv":[5,50],"uv_size":[5,25]},"up":{"uv":[0,0],"uv_size":[5,0]},"west":{"uv":[0,0],"uv_size":[0,25]}}},{"origin":[-27,29,-1],"pivot":[-24.5,31.5,0],"rotation":[0,0,-50],"size":[5,5,2],"uv":{"down":{"uv":[34,54],"uv_size":[5,-2]},"east":{"uv":[44,50],"uv_size":[2,5]},"north":{"uv":[20,50],"uv_size":[5,5]},"south":{"uv":[25,50],"uv_size":[5,5]},"up":{"uv":[48,50],"uv_size":[5,2]},"west":{"uv":[46,50],"uv_size":[2,5]}}}],"name":"banner","pivot":[-24.5,31.5,0]},{"name":"alpa","pivot":[-11,22,-0.75]},{"cubes":[{"inflate":0.1,"origin":[-21.99361,27.81799,-1.18198],"pivot":[-21.76869,27.28889,-0.7071],"rotation":[0,0,23],"size":[1.8936,0.87774,0.94976],"uv":{"down":{"uv":[37,60],"uv_size":[2,-1]},"east":{"uv":[61,59],"uv_size":[1,1]},"north":{"uv":[59,34],"uv_size":[2,1]},"south":{"uv":[59,35],"uv_size":[2,1]},"up":{"uv":[59,36],"uv_size":[2,1]},"west":{"uv":[60,61],"uv_size":[1,1]}}},{"inflate":0.1,"origin":[-21.99361,26.10192,-1.18198],"pivot":[-21.76869,27.28889,-0.7071],"rotation":[0,0,23],"size":[1.37878,0.87774,0.94976],"uv":{"down":{"uv":[62,5],"uv_size":[1,-1]},"east":{"uv":[62,0],"uv_size":[1,1]},"north":{"uv":[61,61],"uv_size":[1,1]},"south":{"uv":[62,1],"uv_size":[1,1]},"up":{"uv":[62,3],"uv_size":[1,1]},"west":{"uv":[62,2],"uv_size":[1,1]}}},{"inflate":0.1,"origin":[-23.17553,26.20762,-1.18198],"pivot":[-21.76869,27.28889,-0.7071],"rotation":[0,0,113],"size":[4.41284,0.65634,0.94976],"uv":{"down":{"uv":[22,57],"uv_size":[4,-1]},"east":{"uv":[62,5],"uv_size":[1,1]},"north":{"uv":[10,56],"uv_size":[4,1]},"south":{"uv":[14,56],"uv_size":[4,1]},"up":{"uv":[18,56],"uv_size":[4,1]},"west":{"uv":[62,6],"uv_size":[1,1]}}}],"name":"F2","parent":"alpa","pivot":[3.4114,14.13,-0.75]},{"cubes":[{"inflate":0.1,"origin":[-18.86625,26.09032,-1.18198],"pivot":[-18.14437,24.97523,-0.7071],"rotation":[0,0,15.25],"size":[1.15717,0.65634,0.94976],"uv":{"down":{"uv":[11,63],"uv_size":[1,-1]},"east":{"uv":[62,8],"uv_size":[1,1]},"north":{"uv":[62,7],"uv_size":[1,1]},"south":{"uv":[62,9],"uv_size":[1,1]},"up":{"uv":[62,10],"uv_size":[1,1]},"west":{"uv":[10,62],"uv_size":[1,1]}}},{"inflate":0.1,"origin":[-19.91581,23.39699,-1.18198],"pivot":[-18.14437,24.97523,-0.7071],"rotation":[0,0,105.25],"size":[4.41284,0.65634,0.94976],"uv":{"down":{"uv":[38,57],"uv_size":[4,-1]},"east":{"uv":[62,11],"uv_size":[1,1]},"north":{"uv":[26,56],"uv_size":[4,1]},"south":{"uv":[30,56],"uv_size":[4,1]},"up":{"uv":[34,56],"uv_size":[4,1]},"west":{"uv":[12,62],"uv_size":[1,1]}}},{"inflate":0.1,"origin":[-18.00941,24.41296,-1.18198],"pivot":[-18.22495,25.38977,-0.7071],"rotation":[0,0,-19.75],"size":[0.86396,0.65634,0.94976],"uv":{"down":{"uv":[15,63],"uv_size":[1,-1]},"east":{"uv":[13,62],"uv_size":[1,1]},"north":{"uv":[62,12],"uv_size":[1,1]},"south":{"uv":[62,13],"uv_size":[1,1]},"up":{"uv":[62,14],"uv_size":[1,1]},"west":{"uv":[14,62],"uv_size":[1,1]}}},{"inflate":0.1,"origin":[-18.28791,23.6614,-1.18198],"pivot":[-18.36373,25.23963,-0.7071],"rotation":[0,0,-74.75],"size":[0.86396,0.87774,0.94976],"uv":{"down":{"uv":[18,63],"uv_size":[1,-1]},"east":{"uv":[16,62],"uv_size":[1,1]},"north":{"uv":[62,15],"uv_size":[1,1]},"south":{"uv":[62,16],"uv_size":[1,1]},"up":{"uv":[62,17],"uv_size":[1,1]},"west":{"uv":[17,62],"uv_size":[1,1]}}},{"inflate":0.1,"origin":[-18.68734,26.19222,-1.18198],"pivot":[-18.32035,25.03982,-0.7071],"rotation":[0,0,50.25],"size":[0.86396,0.65634,0.94976],"uv":{"down":{"uv":[21,63],"uv_size":[1,-1]},"east":{"uv":[19,62],"uv_size":[1,1]},"north":{"uv":[62,18],"uv_size":[1,1]},"south":{"uv":[62,19],"uv_size":[1,1]},"up":{"uv":[62,20],"uv_size":[1,1]},"west":{"uv":[20,62],"uv_size":[1,1]}}},{"inflate":0.1,"origin":[-18.81613,24.65934,-1.18198],"pivot":[-18.09424,25.41518,-0.7071],"rotation":[0,0,15.25],"size":[1.20717,0.65634,0.94976],"uv":{"down":{"uv":[24,63],"uv_size":[1,-1]},"east":{"uv":[22,62],"uv_size":[1,1]},"north":{"uv":[62,21],"uv_size":[1,1]},"south":{"uv":[62,22],"uv_size":[1,1]},"up":{"uv":[62,23],"uv_size":[1,1]},"west":{"uv":[23,62],"uv_size":[1,1]}}},{"origin":[-21.14104,24.69427,-1.26482],"pivot":[-18.14437,24.97523,-0.7071],"rotation":[0,0,-109.75],"size":[3.07696,1.04342,1.11544],"uv":{"down":{"uv":[58,51],"uv_size":[3,-1]},"east":{"uv":[62,24],"uv_size":[1,1]},"north":{"uv":[42,58],"uv_size":[3,1]},"south":{"uv":[45,58],"uv_size":[3,1]},"up":{"uv":[48,58],"uv_size":[3,1]},"west":{"uv":[25,62],"uv_size":[1,1]}}}],"name":"R2","parent":"F2","pivot":[4.48067,9.74785,-0.81]},{"cubes":[{"inflate":0.1,"origin":[-14.89088,24.75515,-1.18198],"pivot":[-14.62622,23.42541,-0.7071],"rotation":[0,0,10.5],"size":[1.8936,0.87774,0.94976],"uv":{"down":{"uv":[59,40],"uv_size":[2,-1]},"east":{"uv":[62,25],"uv_size":[1,1]},"north":{"uv":[59,37],"uv_size":[2,1]},"south":{"uv":[59,38],"uv_size":[2,1]},"up":{"uv":[39,59],"uv_size":[2,1]},"west":{"uv":[26,62],"uv_size":[1,1]}}},{"inflate":0.1,"origin":[-14.89088,23.03908,-1.18198],"pivot":[-14.62622,23.42541,-0.7071],"rotation":[0,0,10.5],"size":[1.37878,0.87774,0.94976],"uv":{"down":{"uv":[29,63],"uv_size":[1,-1]},"east":{"uv":[27,62],"uv_size":[1,1]},"north":{"uv":[62,26],"uv_size":[1,1]},"south":{"uv":[62,27],"uv_size":[1,1]},"up":{"uv":[62,28],"uv_size":[1,1]},"west":{"uv":[28,62],"uv_size":[1,1]}}},{"inflate":0.1,"origin":[-16.83369,22.3044,-1.18198],"pivot":[-14.62622,23.42541,-0.7071],"rotation":[0,0,100.5],"size":[4.41284,0.65634,0.94976],"uv":{"down":{"uv":[54,57],"uv_size":[4,-1]},"east":{"uv":[62,29],"uv_size":[1,1]},"north":{"uv":[42,56],"uv_size":[4,1]},"south":{"uv":[46,56],"uv_size":[4,1]},"up":{"uv":[50,56],"uv_size":[4,1]},"west":{"uv":[30,62],"uv_size":[1,1]}}},{"inflate":0.1,"origin":[-14.89088,21.21793,-1.18198],"pivot":[-14.62622,23.42541,-0.7071],"rotation":[0,0,10.5],"size":[1.8936,0.87774,0.94976],"uv":{"down":{"uv":[59,43],"uv_size":[2,-1]},"east":{"uv":[62,30],"uv_size":[1,1]},"north":{"uv":[59,40],"uv_size":[2,1]},"south":{"uv":[41,59],"uv_size":[2,1]},"up":{"uv":[59,41],"uv_size":[2,1]},"west":{"uv":[31,62],"uv_size":[1,1]}}}],"name":"E7","parent":"R2","pivot":[-15.8455,15.85004,-0.7671]},{"cubes":[{"inflate":0.1,"origin":[-10.89433,23.68954,-1.18198],"pivot":[-10.62967,22.3598,-0.7071],"rotation":[0,0,10],"size":[1.8936,0.87774,0.94976],"uv":{"down":{"uv":[45,60],"uv_size":[2,-1]},"east":{"uv":[62,31],"uv_size":[1,1]},"north":{"uv":[43,59],"uv_size":[2,1]},"south":{"uv":[59,43],"uv_size":[2,1]},"up":{"uv":[59,44],"uv_size":[2,1]},"west":{"uv":[32,62],"uv_size":[1,1]}}},{"inflate":0.1,"origin":[-10.89433,21.97347,-1.18198],"pivot":[-10.62967,22.3598,-0.7071],"rotation":[0,0,10],"size":[1.37878,0.87774,0.94976],"uv":{"down":{"uv":[36,63],"uv_size":[1,-1]},"east":{"uv":[33,62],"uv_size":[1,1]},"north":{"uv":[62,32],"uv_size":[1,1]},"south":{"uv":[62,33],"uv_size":[1,1]},"up":{"uv":[35,62],"uv_size":[1,1]},"west":{"uv":[34,62],"uv_size":[1,1]}}},{"inflate":0.1,"origin":[-12.83715,21.23879,-1.18198],"pivot":[-10.62967,22.3598,-0.7071],"rotation":[0,0,100],"size":[4.41284,0.65634,0.94976],"uv":{"down":{"uv":[22,58],"uv_size":[4,-1]},"east":{"uv":[37,62],"uv_size":[1,1]},"north":{"uv":[10,57],"uv_size":[4,1]},"south":{"uv":[14,57],"uv_size":[4,1]},"up":{"uv":[18,57],"uv_size":[4,1]},"west":{"uv":[38,62],"uv_size":[1,1]}}},{"inflate":0.1,"origin":[-10.89433,20.15232,-1.18198],"pivot":[-10.62967,22.3598,-0.7071],"rotation":[0,0,10],"size":[1.8936,0.87774,0.94976],"uv":{"down":{"uv":[59,48],"uv_size":[2,-1]},"east":{"uv":[39,62],"uv_size":[1,1]},"north":{"uv":[59,45],"uv_size":[2,1]},"south":{"uv":[59,46],"uv_size":[2,1]},"up":{"uv":[47,59],"uv_size":[2,1]},"west":{"uv":[40,62],"uv_size":[1,1]}}}],"name":"E8","parent":"E7","pivot":[-13.7172,12.38442,-0.7671]},{"cubes":[{"inflate":0.1,"origin":[-3.7583,19.79035,-1.22943],"pivot":[-2.14059,20.69363,-0.70031],"rotation":[0,0,100.25],"size":[3.2128,0.73071,1.05636],"uv":{"down":{"uv":[58,54],"uv_size":[3,-1]},"east":{"uv":[41,62],"uv_size":[1,1]},"north":{"uv":[51,58],"uv_size":[3,1]},"south":{"uv":[58,51],"uv_size":[3,1]},"up":{"uv":[58,52],"uv_size":[3,1]},"west":{"uv":[42,62],"uv_size":[1,1]}}},{"inflate":0.1,"origin":[-1.77074,21.66859,-1.22943],"pivot":[-2.22223,20.65291,-0.70031],"rotation":[0,0,177.75],"size":[1.01198,0.49381,1.05636],"uv":{"down":{"uv":[48,63],"uv_size":[1,-1]},"east":{"uv":[44,62],"uv_size":[1,1]},"north":{"uv":[43,62],"uv_size":[1,1]},"south":{"uv":[45,62],"uv_size":[1,1]},"up":{"uv":[47,62],"uv_size":[1,1]},"west":{"uv":[46,62],"uv_size":[1,1]}}},{"inflate":0.11,"origin":[-5.69528,22.01693,-1.21943],"pivot":[-2.28616,20.7894,-0.70031],"rotation":[0,0,100.25],"size":[4.84759,0.71446,1.04011],"uv":{"down":{"uv":[48,54],"uv_size":[5,-1]},"east":{"uv":[49,62],"uv_size":[1,1]},"north":{"uv":[39,52],"uv_size":[5,1]},"south":{"uv":[48,52],"uv_size":[5,1]},"up":{"uv":[39,53],"uv_size":[5,1]},"west":{"uv":[50,62],"uv_size":[1,1]}}},{"inflate":0.11,"origin":[-3.34105,21.58068,-1.21943],"pivot":[-2.26307,20.5902,-0.70031],"rotation":[0,0,-104.75],"size":[4.84759,0.71446,1.04011],"uv":{"down":{"uv":[53,54],"uv_size":[5,-1]},"east":{"uv":[51,62],"uv_size":[1,1]},"north":{"uv":[53,50],"uv_size":[5,1]},"south":{"uv":[53,51],"uv_size":[5,1]},"up":{"uv":[53,52],"uv_size":[5,1]},"west":{"uv":[52,62],"uv_size":[1,1]}}},{"inflate":0.1,"origin":[-3.60653,19.83594,-1.22943],"pivot":[-1.92085,20.63092,-0.70031],"rotation":[0,0,-104.75],"size":[3.37219,0.73071,1.05636],"uv":{"down":{"uv":[57,59],"uv_size":[3,-1]},"east":{"uv":[53,62],"uv_size":[1,1]},"north":{"uv":[54,58],"uv_size":[3,1]},"south":{"uv":[58,54],"uv_size":[3,1]},"up":{"uv":[58,56],"uv_size":[3,1]},"west":{"uv":[54,62],"uv_size":[1,1]}}},{"inflate":0.1,"origin":[-3.31543,21.85862,-1.22943],"pivot":[-2.0071,20.66063,-0.70031],"rotation":[0,0,177.75],"size":[0.77509,0.49381,1.05636],"uv":{"down":{"uv":[62,59],"uv_size":[1,-1]},"east":{"uv":[62,55],"uv_size":[1,1]},"north":{"uv":[55,62],"uv_size":[1,1]},"south":{"uv":[56,62],"uv_size":[1,1]},"up":{"uv":[58,62],"uv_size":[1,1]},"west":{"uv":[57,62],"uv_size":[1,1]}}},{"inflate":0.11,"origin":[-2.93717,21.51854,-1.2213],"pivot":[-2.32085,21.99222,-0.70125],"rotation":[0,0,-179],"size":[0.96263,0.8526,1.04011],"uv":{"down":{"uv":[62,62],"uv_size":[1,-1]},"east":{"uv":[62,59],"uv_size":[1,1]},"north":{"uv":[59,62],"uv_size":[1,1]},"south":{"uv":[60,62],"uv_size":[1,1]},"up":{"uv":[61,62],"uv_size":[1,1]},"west":{"uv":[62,60],"uv_size":[1,1]}}}],"name":"W2","parent":"E8","pivot":[2.95367,7.48527,-0.81]},{"cubes":[{"inflate":0.1,"origin":[1.8278,22.99791,-1.21922],"pivot":[2.11799,21.58209,-0.7041],"rotation":[0,0,-4.75],"size":[2.04015,0.95319,1.03025],"uv":{"down":{"uv":[48,61],"uv_size":[2,-1]},"east":{"uv":[63,36],"uv_size":[1,1]},"north":{"uv":[42,60],"uv_size":[2,1]},"south":{"uv":[44,60],"uv_size":[2,1]},"up":{"uv":[46,60],"uv_size":[2,1]},"west":{"uv":[37,63],"uv_size":[1,1]}}},{"inflate":0.1,"origin":[1.8278,21.16172,-1.21922],"pivot":[2.11799,21.58209,-0.7041],"rotation":[0,0,-4.75],"size":[1.4893,0.95319,1.03025],"uv":{"down":{"uv":[63,5],"uv_size":[1,-1]},"east":{"uv":[63,0],"uv_size":[1,1]},"north":{"uv":[62,62],"uv_size":[1,1]},"south":{"uv":[63,1],"uv_size":[1,1]},"up":{"uv":[63,3],"uv_size":[1,1]},"west":{"uv":[63,2],"uv_size":[1,1]}}},{"inflate":0.1,"origin":[-0.25101,20.37561,-1.21922],"pivot":[2.11799,21.58209,-0.7041],"rotation":[0,0,85.25],"size":[4.73574,0.71629,1.03025],"uv":{"down":{"uv":[54,4],"uv_size":[5,-1]},"east":{"uv":[63,5],"uv_size":[1,1]},"north":{"uv":[54,0],"uv_size":[5,1]},"south":{"uv":[54,1],"uv_size":[5,1]},"up":{"uv":[54,2],"uv_size":[5,1]},"west":{"uv":[63,6],"uv_size":[1,1]}}},{"inflate":0.1,"origin":[1.8278,19.21309,-1.21922],"pivot":[2.11799,21.58209,-0.7041],"rotation":[0,0,-4.75],"size":[2.04015,0.95319,1.03025],"uv":{"down":{"uv":[51,60],"uv_size":[2,-1]},"east":{"uv":[63,7],"uv_size":[1,1]},"north":{"uv":[59,48],"uv_size":[2,1]},"south":{"uv":[49,59],"uv_size":[2,1]},"up":{"uv":[59,49],"uv_size":[2,1]},"west":{"uv":[63,8],"uv_size":[1,1]}}}],"name":"E9","parent":"W2","pivot":[0.39589,11.51913,-0.7641]},{"cubes":[{"inflate":0.1,"origin":[5.58963,23.30554,-1.21922],"pivot":[5.87982,21.88973,-0.7041],"rotation":[0,0,-10.5],"size":[2.04015,0.95319,1.03025],"uv":{"down":{"uv":[60,56],"uv_size":[2,-1]},"east":{"uv":[63,37],"uv_size":[1,1]},"north":{"uv":[50,60],"uv_size":[2,1]},"south":{"uv":[52,60],"uv_size":[2,1]},"up":{"uv":[54,60],"uv_size":[2,1]},"west":{"uv":[38,63],"uv_size":[1,1]}}},{"inflate":0.1,"origin":[5.58963,21.46935,-1.21922],"pivot":[5.87982,21.88973,-0.7041],"rotation":[0,0,-10.5],"size":[1.4893,0.95319,1.03025],"uv":{"down":{"uv":[12,64],"uv_size":[1,-1]},"east":{"uv":[10,63],"uv_size":[1,1]},"north":{"uv":[63,9],"uv_size":[1,1]},"south":{"uv":[63,10],"uv_size":[1,1]},"up":{"uv":[63,11],"uv_size":[1,1]},"west":{"uv":[11,63],"uv_size":[1,1]}}},{"inflate":0.1,"origin":[3.51081,20.68325,-1.21922],"pivot":[5.87982,21.88973,-0.7041],"rotation":[0,0,79.5],"size":[4.73574,0.71629,1.03025],"uv":{"down":{"uv":[54,8],"uv_size":[5,-1]},"east":{"uv":[63,12],"uv_size":[1,1]},"north":{"uv":[54,4],"uv_size":[5,1]},"south":{"uv":[54,5],"uv_size":[5,1]},"up":{"uv":[54,6],"uv_size":[5,1]},"west":{"uv":[13,63],"uv_size":[1,1]}}},{"inflate":0.1,"origin":[5.58963,19.52073,-1.21922],"pivot":[5.87982,21.88973,-0.7041],"rotation":[0,0,-10.5],"size":[2.04015,0.95319,1.03025],"uv":{"down":{"uv":[59,60],"uv_size":[2,-1]},"east":{"uv":[63,13],"uv_size":[1,1]},"north":{"uv":[53,59],"uv_size":[2,1]},"south":{"uv":[55,59],"uv_size":[2,1]},"up":{"uv":[57,59],"uv_size":[2,1]},"west":{"uv":[14,63],"uv_size":[1,1]}}}],"name":"E10","parent":"E9","pivot":[7.21902,13.127,-0.7641]},{"cubes":[{"inflate":0.1,"origin":[6.55092,22.18834,-1.2313],"pivot":[8.87239,22.67214,-0.70312],"rotation":[0,0,77.75],"size":[4.83045,0.73071,1.05636],"uv":{"down":{"uv":[54,12],"uv_size":[5,-1]},"east":{"uv":[63,14],"uv_size":[1,1]},"north":{"uv":[54,8],"uv_size":[5,1]},"south":{"uv":[54,9],"uv_size":[5,1]},"up":{"uv":[54,10],"uv_size":[5,1]},"west":{"uv":[15,63],"uv_size":[1,1]}}},{"origin":[5.86025,22.2946,-1.31255],"pivot":[9.05991,22.67214,-0.70312],"rotation":[0,0,122.75],"size":[3.49031,1.1301,1.21886],"uv":{"down":{"uv":[59,3],"uv_size":[3,-1]},"east":{"uv":[63,15],"uv_size":[1,1]},"north":{"uv":[58,57],"uv_size":[3,1]},"south":{"uv":[59,0],"uv_size":[3,1]},"up":{"uv":[59,1],"uv_size":[3,1]},"west":{"uv":[16,63],"uv_size":[1,1]}}},{"origin":[8.57414,20.96785,-1.31255],"pivot":[10.29461,21.72042,-0.70312],"rotation":[0,0,-137.25],"size":[3.0659,1.1301,1.21886],"uv":{"down":{"uv":[59,7],"uv_size":[3,-1]},"east":{"uv":[63,16],"uv_size":[1,1]},"north":{"uv":[59,3],"uv_size":[3,1]},"south":{"uv":[59,4],"uv_size":[3,1]},"up":{"uv":[59,5],"uv_size":[3,1]},"west":{"uv":[17,63],"uv_size":[1,1]}}}],"name":"K2","parent":"E10","pivot":[0.87895,6.07432,-0.81]},{"cubes":[{"inflate":0.1,"origin":[13.21033,24.84902,-1.21922],"pivot":[13.49288,23.47186,-0.7041],"rotation":[0,0,-15.75],"size":[2.04015,0.95319,1.03025],"uv":{"down":{"uv":[16,61],"uv_size":[2,-1]},"east":{"uv":[63,17],"uv_size":[1,1]},"north":{"uv":[10,60],"uv_size":[2,1]},"south":{"uv":[12,60],"uv_size":[2,1]},"up":{"uv":[14,60],"uv_size":[2,1]},"west":{"uv":[18,63],"uv_size":[1,1]}}},{"inflate":0.1,"origin":[13.21033,23.01283,-1.21922],"pivot":[13.49288,23.47186,-0.7041],"rotation":[0,0,-15.75],"size":[1.4893,0.95319,1.03025],"uv":{"down":{"uv":[21,64],"uv_size":[1,-1]},"east":{"uv":[19,63],"uv_size":[1,1]},"north":{"uv":[63,18],"uv_size":[1,1]},"south":{"uv":[63,19],"uv_size":[1,1]},"up":{"uv":[63,20],"uv_size":[1,1]},"west":{"uv":[20,63],"uv_size":[1,1]}}},{"inflate":0.1,"origin":[11.16253,22.27302,-1.21922],"pivot":[13.49288,23.47186,-0.7041],"rotation":[0,0,74.25],"size":[4.73574,0.71629,1.03025],"uv":{"down":{"uv":[54,16],"uv_size":[5,-1]},"east":{"uv":[63,21],"uv_size":[1,1]},"north":{"uv":[54,12],"uv_size":[5,1]},"south":{"uv":[54,13],"uv_size":[5,1]},"up":{"uv":[54,14],"uv_size":[5,1]},"west":{"uv":[22,63],"uv_size":[1,1]}}},{"inflate":0.1,"origin":[13.21033,21.06421,-1.21922],"pivot":[13.49288,23.47186,-0.7041],"rotation":[0,0,-15.75],"size":[2.04015,0.95319,1.03025],"uv":{"down":{"uv":[24,61],"uv_size":[2,-1]},"east":{"uv":[63,22],"uv_size":[1,1]},"north":{"uv":[18,60],"uv_size":[2,1]},"south":{"uv":[20,60],"uv_size":[2,1]},"up":{"uv":[22,60],"uv_size":[2,1]},"west":{"uv":[23,63],"uv_size":[1,1]}}}],"name":"E11","parent":"K2","pivot":[10.57137,14.23417,-0.7641]},{"cubes":[{"inflate":0.1,"origin":[15.45506,23.65963,-1.2313],"pivot":[17.50474,25.31869,-0.70312],"rotation":[0,0,69.25],"size":[4.84452,0.96761,1.05636],"uv":{"down":{"uv":[54,20],"uv_size":[5,-1]},"east":{"uv":[63,23],"uv_size":[1,1]},"north":{"uv":[54,16],"uv_size":[5,1]},"south":{"uv":[54,17],"uv_size":[5,1]},"up":{"uv":[54,18],"uv_size":[5,1]},"west":{"uv":[24,63],"uv_size":[1,1]}}},{"inflate":0.09,"origin":[15.54896,25.06866,-1.23943],"pivot":[17.50474,25.31869,-0.70312],"rotation":[0,0,24.25],"size":[3.34156,0.98386,1.07261],"uv":{"down":{"uv":[10,60],"uv_size":[3,-1]},"east":{"uv":[63,24],"uv_size":[1,1]},"north":{"uv":[59,7],"uv_size":[3,1]},"south":{"uv":[59,8],"uv_size":[3,1]},"up":{"uv":[59,9],"uv_size":[3,1]},"west":{"uv":[25,63],"uv_size":[1,1]}}},{"inflate":0.1,"origin":[14.7099,23.65963,-1.2313],"pivot":[17.50474,25.31869,-0.70312],"rotation":[0,0,-110.75],"size":[4.84452,0.96761,1.05636],"uv":{"down":{"uv":[54,24],"uv_size":[5,-1]},"east":{"uv":[63,25],"uv_size":[1,1]},"north":{"uv":[54,20],"uv_size":[5,1]},"south":{"uv":[54,21],"uv_size":[5,1]},"up":{"uv":[54,22],"uv_size":[5,1]},"west":{"uv":[26,63],"uv_size":[1,1]}}}],"name":"N2","parent":"E11","pivot":[15.04168,19.96841,-0.76312],"rotation":[0,0,-1.75]},{"cubes":[{"inflate":0.1,"origin":[21.32178,28.03276,-1.2313],"pivot":[22.30525,26.56781,-0.70312],"rotation":[0,0,-11.25],"size":[1.71267,0.96761,1.05636],"uv":{"down":{"uv":[32,61],"uv_size":[2,-1]},"east":{"uv":[63,26],"uv_size":[1,1]},"north":{"uv":[26,60],"uv_size":[2,1]},"south":{"uv":[28,60],"uv_size":[2,1]},"up":{"uv":[30,60],"uv_size":[2,1]},"west":{"uv":[27,63],"uv_size":[1,1]}}},{"inflate":0.1,"origin":[19.8727,24.65363,-1.2313],"pivot":[22.30525,26.56781,-0.70312],"rotation":[0,0,78.75],"size":[4.83045,0.73071,1.05636],"uv":{"down":{"uv":[54,28],"uv_size":[5,-1]},"east":{"uv":[63,27],"uv_size":[1,1]},"north":{"uv":[54,24],"uv_size":[5,1]},"south":{"uv":[54,25],"uv_size":[5,1]},"up":{"uv":[54,26],"uv_size":[5,1]},"west":{"uv":[28,63],"uv_size":[1,1]}}},{"inflate":0.1,"origin":[21.65243,24.05258,-1.2313],"pivot":[22.17137,26.51909,-0.70312],"rotation":[0,0,-46.25],"size":[0.9626,0.96761,1.05636],"uv":{"down":{"uv":[31,64],"uv_size":[1,-1]},"east":{"uv":[29,63],"uv_size":[1,1]},"north":{"uv":[63,28],"uv_size":[1,1]},"south":{"uv":[63,29],"uv_size":[1,1]},"up":{"uv":[63,30],"uv_size":[1,1]},"west":{"uv":[30,63],"uv_size":[1,1]}}},{"inflate":0.1,"origin":[20.57189,24.88627,-1.2313],"pivot":[22.30525,26.56781,-0.70312],"rotation":[0,0,-101.25],"size":[3.49908,0.73071,1.05636],"uv":{"down":{"uv":[13,60],"uv_size":[3,-1]},"east":{"uv":[63,31],"uv_size":[1,1]},"north":{"uv":[59,10],"uv_size":[3,1]},"south":{"uv":[59,11],"uv_size":[3,1]},"up":{"uv":[59,12],"uv_size":[3,1]},"west":{"uv":[32,63],"uv_size":[1,1]}}},{"inflate":0.1,"origin":[21.63014,28.13008,-1.2313],"pivot":[22.16764,26.60469,-0.70312],"rotation":[0,0,23.75],"size":[0.9626,0.96761,1.05636],"uv":{"down":{"uv":[35,64],"uv_size":[1,-1]},"east":{"uv":[33,63],"uv_size":[1,1]},"north":{"uv":[63,32],"uv_size":[1,1]},"south":{"uv":[63,33],"uv_size":[1,1]},"up":{"uv":[63,34],"uv_size":[1,1]},"west":{"uv":[34,63],"uv_size":[1,1]}}},{"inflate":0.1,"origin":[21.32178,24.1676,-1.2313],"pivot":[22.30525,26.56781,-0.70312],"rotation":[0,0,-11.25],"size":[1.71267,0.96761,1.05636],"uv":{"down":{"uv":[40,61],"uv_size":[2,-1]},"east":{"uv":[63,35],"uv_size":[1,1]},"north":{"uv":[34,60],"uv_size":[2,1]},"south":{"uv":[36,60],"uv_size":[2,1]},"up":{"uv":[38,60],"uv_size":[2,1]},"west":{"uv":[36,63],"uv_size":[1,1]}}}],"name":"D2","parent":"N2","pivot":[20.71974,24.24675,-0.76312],"rotation":[0,0,-12]},{"cubes":[{"inflate":0.1,"origin":[-21.34361,27.11799,0.06802],"pivot":[-21.11869,26.58889,-0.7071],"rotation":[0,0,23],"size":[1.8936,0.87774,-0.20024],"uv":{"down":{"uv":[60,61],"uv_size":[2,-1]},"east":{"uv":[63,38],"uv_size":[1,1]},"north":{"uv":[56,60],"uv_size":[2,1]},"south":{"uv":[58,60],"uv_size":[2,1]},"up":{"uv":[60,58],"uv_size":[2,1]},"west":{"uv":[39,63],"uv_size":[1,1]}}},{"inflate":0.1,"origin":[-21.34361,25.40192,0.06802],"pivot":[-21.11869,26.58889,-0.7071],"rotation":[0,0,23],"size":[1.37878,0.87774,-0.20024],"uv":{"down":{"uv":[42,64],"uv_size":[1,-1]},"east":{"uv":[40,63],"uv_size":[1,1]},"north":{"uv":[63,39],"uv_size":[1,1]},"south":{"uv":[63,40],"uv_size":[1,1]},"up":{"uv":[63,41],"uv_size":[1,1]},"west":{"uv":[41,63],"uv_size":[1,1]}}},{"inflate":0.1,"origin":[-22.52553,25.50762,0.06802],"pivot":[-21.11869,26.58889,-0.7071],"rotation":[0,0,113],"size":[4.41284,0.65634,-0.20024],"uv":{"down":{"uv":[38,58],"uv_size":[4,-1]},"east":{"uv":[63,42],"uv_size":[1,1]},"north":{"uv":[26,57],"uv_size":[4,1]},"south":{"uv":[30,57],"uv_size":[4,1]},"up":{"uv":[34,57],"uv_size":[4,1]},"west":{"uv":[43,63],"uv_size":[1,1]}}}],"name":"F3","parent":"alpa","pivot":[4.0614,13.43,-0.75]},{"cubes":[{"inflate":0.1,"origin":[-18.21625,25.39032,0.06802],"pivot":[-17.49437,24.27523,-0.7071],"rotation":[0,0,15.25],"size":[1.20717,0.65634,-0.20024],"uv":{"down":{"uv":[46,64],"uv_size":[1,-1]},"east":{"uv":[44,63],"uv_size":[1,1]},"north":{"uv":[63,43],"uv_size":[1,1]},"south":{"uv":[63,44],"uv_size":[1,1]},"up":{"uv":[63,45],"uv_size":[1,1]},"west":{"uv":[45,63],"uv_size":[1,1]}}},{"inflate":0.1,"origin":[-19.26581,22.69699,0.06802],"pivot":[-17.49437,24.27523,-0.7071],"rotation":[0,0,105.25],"size":[4.41284,0.65634,-0.20024],"uv":{"down":{"uv":[54,58],"uv_size":[4,-1]},"east":{"uv":[63,46],"uv_size":[1,1]},"north":{"uv":[42,57],"uv_size":[4,1]},"south":{"uv":[46,57],"uv_size":[4,1]},"up":{"uv":[50,57],"uv_size":[4,1]},"west":{"uv":[47,63],"uv_size":[1,1]}}},{"inflate":0.1,"origin":[-17.35941,23.71296,0.06802],"pivot":[-17.57495,24.68977,-0.7071],"rotation":[0,0,-19.75],"size":[0.86396,0.65634,-0.20024],"uv":{"down":{"uv":[50,64],"uv_size":[1,-1]},"east":{"uv":[48,63],"uv_size":[1,1]},"north":{"uv":[63,47],"uv_size":[1,1]},"south":{"uv":[63,48],"uv_size":[1,1]},"up":{"uv":[63,49],"uv_size":[1,1]},"west":{"uv":[49,63],"uv_size":[1,1]}}},{"inflate":0.1,"origin":[-17.61346,22.94203,0.06802],"pivot":[-17.68928,24.52026,-0.7071],"rotation":[0,0,-74.75],"size":[0.86396,0.87774,-0.20024],"uv":{"down":{"uv":[53,64],"uv_size":[1,-1]},"east":{"uv":[51,63],"uv_size":[1,1]},"north":{"uv":[63,50],"uv_size":[1,1]},"south":{"uv":[63,51],"uv_size":[1,1]},"up":{"uv":[63,52],"uv_size":[1,1]},"west":{"uv":[52,63],"uv_size":[1,1]}}},{"inflate":0.1,"origin":[-17.98299,25.48178,0.06802],"pivot":[-17.61601,24.32938,-0.7071],"rotation":[0,0,50.25],"size":[0.86396,0.65634,-0.20024],"uv":{"down":{"uv":[56,64],"uv_size":[1,-1]},"east":{"uv":[54,63],"uv_size":[1,1]},"north":{"uv":[63,53],"uv_size":[1,1]},"south":{"uv":[63,54],"uv_size":[1,1]},"up":{"uv":[63,55],"uv_size":[1,1]},"west":{"uv":[55,63],"uv_size":[1,1]}}},{"inflate":0.1,"origin":[-18.16613,23.95934,0.06802],"pivot":[-17.44424,24.71518,-0.7071],"rotation":[0,0,15.25],"size":[1.20717,0.65634,-0.20024],"uv":{"down":{"uv":[59,64],"uv_size":[1,-1]},"east":{"uv":[57,63],"uv_size":[1,1]},"north":{"uv":[63,56],"uv_size":[1,1]},"south":{"uv":[63,57],"uv_size":[1,1]},"up":{"uv":[63,58],"uv_size":[1,1]},"west":{"uv":[58,63],"uv_size":[1,1]}}},{"origin":[-20.49104,23.99427,-0.01482],"pivot":[-17.49437,24.27523,-0.7071],"rotation":[0,0,-109.75],"size":[3.07696,1.04342,-0.03456],"uv":{"down":{"uv":[16,60],"uv_size":[3,-1]},"east":{"uv":[63,59],"uv_size":[1,1]},"north":{"uv":[59,13],"uv_size":[3,1]},"south":{"uv":[59,14],"uv_size":[3,1]},"up":{"uv":[59,15],"uv_size":[3,1]},"west":{"uv":[60,63],"uv_size":[1,1]}}}],"name":"R3","parent":"F3","pivot":[5.13067,9.04785,-0.81]},{"cubes":[{"inflate":0.1,"origin":[-14.24088,24.05515,0.06802],"pivot":[-13.97622,22.72541,-0.7071],"rotation":[0,0,10.5],"size":[1.8936,0.87774,-0.20024],"uv":{"down":{"uv":[16,62],"uv_size":[2,-1]},"east":{"uv":[63,60],"uv_size":[1,1]},"north":{"uv":[10,61],"uv_size":[2,1]},"south":{"uv":[12,61],"uv_size":[2,1]},"up":{"uv":[14,61],"uv_size":[2,1]},"west":{"uv":[61,63],"uv_size":[1,1]}}},{"inflate":0.1,"origin":[-14.24088,22.33908,0.06802],"pivot":[-13.97622,22.72541,-0.7071],"rotation":[0,0,10.5],"size":[1.37878,0.87774,-0.20024],"uv":{"down":{"uv":[64,2],"uv_size":[1,-1]},"east":{"uv":[62,63],"uv_size":[1,1]},"north":{"uv":[63,61],"uv_size":[1,1]},"south":{"uv":[63,62],"uv_size":[1,1]},"up":{"uv":[64,0],"uv_size":[1,1]},"west":{"uv":[63,63],"uv_size":[1,1]}}},{"inflate":0.1,"origin":[-16.18369,21.6044,0.06802],"pivot":[-13.97622,22.72541,-0.7071],"rotation":[0,0,100.5],"size":[4.41284,0.65634,-0.20024],"uv":{"down":{"uv":[22,59],"uv_size":[4,-1]},"east":{"uv":[64,2],"uv_size":[1,1]},"north":{"uv":[10,58],"uv_size":[4,1]},"south":{"uv":[14,58],"uv_size":[4,1]},"up":{"uv":[18,58],"uv_size":[4,1]},"west":{"uv":[64,3],"uv_size":[1,1]}}},{"inflate":0.1,"origin":[-14.24088,20.51793,0.06802],"pivot":[-13.97622,22.72541,-0.7071],"rotation":[0,0,10.5],"size":[1.8936,0.87774,-0.20024],"uv":{"down":{"uv":[24,62],"uv_size":[2,-1]},"east":{"uv":[64,4],"uv_size":[1,1]},"north":{"uv":[18,61],"uv_size":[2,1]},"south":{"uv":[20,61],"uv_size":[2,1]},"up":{"uv":[22,61],"uv_size":[2,1]},"west":{"uv":[64,5],"uv_size":[1,1]}}}],"name":"E2","parent":"R3","pivot":[-15.1955,15.15004,-0.7671]},{"cubes":[{"inflate":0.1,"origin":[-10.24433,22.98954,0.06802],"pivot":[-9.97967,21.6598,-0.7071],"rotation":[0,0,10],"size":[1.8936,0.87774,-0.20024],"uv":{"down":{"uv":[32,62],"uv_size":[2,-1]},"east":{"uv":[64,6],"uv_size":[1,1]},"north":{"uv":[26,61],"uv_size":[2,1]},"south":{"uv":[28,61],"uv_size":[2,1]},"up":{"uv":[30,61],"uv_size":[2,1]},"west":{"uv":[64,7],"uv_size":[1,1]}}},{"inflate":0.1,"origin":[-10.24433,21.27347,0.06802],"pivot":[-9.97967,21.6598,-0.7071],"rotation":[0,0,10],"size":[1.37878,0.87774,-0.20024],"uv":{"down":{"uv":[64,12],"uv_size":[1,-1]},"east":{"uv":[64,9],"uv_size":[1,1]},"north":{"uv":[64,8],"uv_size":[1,1]},"south":{"uv":[10,64],"uv_size":[1,1]},"up":{"uv":[11,64],"uv_size":[1,1]},"west":{"uv":[64,10],"uv_size":[1,1]}}},{"inflate":0.1,"origin":[-12.18715,20.53879,0.06802],"pivot":[-9.97967,21.6598,-0.7071],"rotation":[0,0,100],"size":[4.41284,0.65634,-0.20024],"uv":{"down":{"uv":[38,59],"uv_size":[4,-1]},"east":{"uv":[12,64],"uv_size":[1,1]},"north":{"uv":[26,58],"uv_size":[4,1]},"south":{"uv":[30,58],"uv_size":[4,1]},"up":{"uv":[34,58],"uv_size":[4,1]},"west":{"uv":[64,12],"uv_size":[1,1]}}},{"inflate":0.1,"origin":[-10.24433,19.45232,0.06802],"pivot":[-9.97967,21.6598,-0.7071],"rotation":[0,0,10],"size":[1.8936,0.87774,-0.20024],"uv":{"down":{"uv":[36,62],"uv_size":[2,-1]},"east":{"uv":[13,64],"uv_size":[1,1]},"north":{"uv":[34,61],"uv_size":[2,1]},"south":{"uv":[61,34],"uv_size":[2,1]},"up":{"uv":[61,35],"uv_size":[2,1]},"west":{"uv":[64,13],"uv_size":[1,1]}}}],"name":"E3","parent":"E2","pivot":[-13.0672,11.68442,-0.7671]},{"cubes":[{"inflate":0.1,"origin":[-3.1083,19.09035,0.02057],"pivot":[-1.49059,19.99363,-0.70031],"rotation":[0,0,100.25],"size":[3.2128,0.73071,-0.19364],"uv":{"down":{"uv":[19,60],"uv_size":[3,-1]},"east":{"uv":[14,64],"uv_size":[1,1]},"north":{"uv":[59,16],"uv_size":[3,1]},"south":{"uv":[59,17],"uv_size":[3,1]},"up":{"uv":[59,18],"uv_size":[3,1]},"west":{"uv":[64,14],"uv_size":[1,1]}}},{"inflate":0.1,"origin":[-1.12074,20.96859,0.02057],"pivot":[-1.57223,19.95291,-0.70031],"rotation":[0,0,177.75],"size":[1.01198,0.49381,-0.19364],"uv":{"down":{"uv":[64,18],"uv_size":[1,-1]},"east":{"uv":[64,15],"uv_size":[1,1]},"north":{"uv":[15,64],"uv_size":[1,1]},"south":{"uv":[16,64],"uv_size":[1,1]},"up":{"uv":[17,64],"uv_size":[1,1]},"west":{"uv":[64,16],"uv_size":[1,1]}}},{"inflate":0.11,"origin":[-5.04528,21.31693,0.03057],"pivot":[-1.63616,20.0894,-0.70031],"rotation":[0,0,100.25],"size":[4.84759,0.71446,-0.20989],"uv":{"down":{"uv":[54,32],"uv_size":[5,-1]},"east":{"uv":[18,64],"uv_size":[1,1]},"north":{"uv":[54,28],"uv_size":[5,1]},"south":{"uv":[54,29],"uv_size":[5,1]},"up":{"uv":[54,30],"uv_size":[5,1]},"west":{"uv":[64,18],"uv_size":[1,1]}}},{"inflate":0.11,"origin":[-2.69105,20.88068,0.03057],"pivot":[-1.61307,19.8902,-0.70031],"rotation":[0,0,-104.75],"size":[4.84759,0.71446,-0.20989],"uv":{"down":{"uv":[54,35],"uv_size":[5,-1]},"east":{"uv":[19,64],"uv_size":[1,1]},"north":{"uv":[54,32],"uv_size":[5,1]},"south":{"uv":[54,33],"uv_size":[5,1]},"up":{"uv":[34,54],"uv_size":[5,1]},"west":{"uv":[64,19],"uv_size":[1,1]}}},{"inflate":0.1,"origin":[-2.95653,19.13594,0.02057],"pivot":[-1.27085,19.93092,-0.70031],"rotation":[0,0,-104.75],"size":[3.37219,0.73071,-0.19364],"uv":{"down":{"uv":[22,60],"uv_size":[3,-1]},"east":{"uv":[20,64],"uv_size":[1,1]},"north":{"uv":[59,19],"uv_size":[3,1]},"south":{"uv":[59,20],"uv_size":[3,1]},"up":{"uv":[59,21],"uv_size":[3,1]},"west":{"uv":[64,20],"uv_size":[1,1]}}},{"inflate":0.1,"origin":[-2.66543,21.15862,0.02057],"pivot":[-1.3571,19.96063,-0.70031],"rotation":[0,0,177.75],"size":[0.77509,0.49381,-0.19364],"uv":{"down":{"uv":[64,24],"uv_size":[1,-1]},"east":{"uv":[64,21],"uv_size":[1,1]},"north":{"uv":[21,64],"uv_size":[1,1]},"south":{"uv":[22,64],"uv_size":[1,1]},"up":{"uv":[23,64],"uv_size":[1,1]},"west":{"uv":[64,22],"uv_size":[1,1]}}},{"inflate":0.11,"origin":[-2.28717,20.81854,0.0287],"pivot":[-1.67085,21.29222,-0.70125],"rotation":[0,0,-179],"size":[0.96263,0.8526,-0.20989],"uv":{"down":{"uv":[64,27],"uv_size":[1,-1]},"east":{"uv":[64,24],"uv_size":[1,1]},"north":{"uv":[24,64],"uv_size":[1,1]},"south":{"uv":[25,64],"uv_size":[1,1]},"up":{"uv":[26,64],"uv_size":[1,1]},"west":{"uv":[64,25],"uv_size":[1,1]}}}],"name":"W3","parent":"E3","pivot":[3.60367,6.78527,-0.81]},{"cubes":[{"inflate":0.1,"origin":[2.4778,22.29791,0.03078],"pivot":[2.76799,20.88209,-0.7041],"rotation":[0,0,-4.75],"size":[2.04015,0.95319,-0.21975],"uv":{"down":{"uv":[61,39],"uv_size":[2,-1]},"east":{"uv":[27,64],"uv_size":[1,1]},"north":{"uv":[61,36],"uv_size":[2,1]},"south":{"uv":[61,37],"uv_size":[2,1]},"up":{"uv":[38,61],"uv_size":[2,1]},"west":{"uv":[64,27],"uv_size":[1,1]}}},{"inflate":0.1,"origin":[2.4778,20.46172,0.03078],"pivot":[2.76799,20.88209,-0.7041],"rotation":[0,0,-4.75],"size":[1.4893,0.95319,-0.21975],"uv":{"down":{"uv":[64,31],"uv_size":[1,-1]},"east":{"uv":[64,28],"uv_size":[1,1]},"north":{"uv":[28,64],"uv_size":[1,1]},"south":{"uv":[29,64],"uv_size":[1,1]},"up":{"uv":[30,64],"uv_size":[1,1]},"west":{"uv":[64,29],"uv_size":[1,1]}}},{"inflate":0.1,"origin":[0.39899,19.67561,0.03078],"pivot":[2.76799,20.88209,-0.7041],"rotation":[0,0,85.25],"size":[4.73574,0.71629,-0.21975],"uv":{"down":{"uv":[54,39],"uv_size":[5,-1]},"east":{"uv":[31,64],"uv_size":[1,1]},"north":{"uv":[54,35],"uv_size":[5,1]},"south":{"uv":[54,36],"uv_size":[5,1]},"up":{"uv":[54,37],"uv_size":[5,1]},"west":{"uv":[64,31],"uv_size":[1,1]}}},{"inflate":0.1,"origin":[2.4778,18.51309,0.03078],"pivot":[2.76799,20.88209,-0.7041],"rotation":[0,0,-4.75],"size":[2.04015,0.95319,-0.21975],"uv":{"down":{"uv":[61,42],"uv_size":[2,-1]},"east":{"uv":[32,64],"uv_size":[1,1]},"north":{"uv":[61,39],"uv_size":[2,1]},"south":{"uv":[40,61],"uv_size":[2,1]},"up":{"uv":[61,40],"uv_size":[2,1]},"west":{"uv":[64,32],"uv_size":[1,1]}}}],"name":"E4","parent":"W3","pivot":[1.04589,10.81913,-0.7641]},{"cubes":[{"inflate":0.1,"origin":[6.23963,22.60554,0.03078],"pivot":[6.52982,21.18973,-0.7041],"rotation":[0,0,-10.5],"size":[2.04015,0.95319,-0.21975],"uv":{"down":{"uv":[44,62],"uv_size":[2,-1]},"east":{"uv":[33,64],"uv_size":[1,1]},"north":{"uv":[42,61],"uv_size":[2,1]},"south":{"uv":[61,42],"uv_size":[2,1]},"up":{"uv":[61,43],"uv_size":[2,1]},"west":{"uv":[64,33],"uv_size":[1,1]}}},{"inflate":0.1,"origin":[6.23963,20.76935,0.03078],"pivot":[6.52982,21.18973,-0.7041],"rotation":[0,0,-10.5],"size":[1.4893,0.95319,-0.21975],"uv":{"down":{"uv":[64,37],"uv_size":[1,-1]},"east":{"uv":[64,34],"uv_size":[1,1]},"north":{"uv":[34,64],"uv_size":[1,1]},"south":{"uv":[35,64],"uv_size":[1,1]},"up":{"uv":[36,64],"uv_size":[1,1]},"west":{"uv":[64,35],"uv_size":[1,1]}}},{"inflate":0.1,"origin":[4.16081,19.98325,0.03078],"pivot":[6.52982,21.18973,-0.7041],"rotation":[0,0,79.5],"size":[4.73574,0.71629,-0.21975],"uv":{"down":{"uv":[54,42],"uv_size":[5,-1]},"east":{"uv":[37,64],"uv_size":[1,1]},"north":{"uv":[39,54],"uv_size":[5,1]},"south":{"uv":[54,39],"uv_size":[5,1]},"up":{"uv":[54,40],"uv_size":[5,1]},"west":{"uv":[64,37],"uv_size":[1,1]}}},{"inflate":0.1,"origin":[6.23963,18.82073,0.03078],"pivot":[6.52982,21.18973,-0.7041],"rotation":[0,0,-10.5],"size":[2.04015,0.95319,-0.21975],"uv":{"down":{"uv":[61,47],"uv_size":[2,-1]},"east":{"uv":[38,64],"uv_size":[1,1]},"north":{"uv":[61,44],"uv_size":[2,1]},"south":{"uv":[61,45],"uv_size":[2,1]},"up":{"uv":[46,61],"uv_size":[2,1]},"west":{"uv":[64,38],"uv_size":[1,1]}}}],"name":"E5","parent":"E4","pivot":[7.86902,12.427,-0.7641]},{"cubes":[{"inflate":0.1,"origin":[7.20092,21.48834,0.0187],"pivot":[9.52239,21.97214,-0.70312],"rotation":[0,0,77.75],"size":[4.83045,0.73071,-0.19364],"uv":{"down":{"uv":[54,46],"uv_size":[5,-1]},"east":{"uv":[39,64],"uv_size":[1,1]},"north":{"uv":[54,42],"uv_size":[5,1]},"south":{"uv":[54,43],"uv_size":[5,1]},"up":{"uv":[54,44],"uv_size":[5,1]},"west":{"uv":[64,39],"uv_size":[1,1]}}},{"origin":[6.51025,21.5946,-0.06255],"pivot":[9.70991,21.97214,-0.70312],"rotation":[0,0,122.75],"size":[3.49031,1.1301,-0.03114],"uv":{"down":{"uv":[25,60],"uv_size":[3,-1]},"east":{"uv":[40,64],"uv_size":[1,1]},"north":{"uv":[59,22],"uv_size":[3,1]},"south":{"uv":[59,23],"uv_size":[3,1]},"up":{"uv":[59,24],"uv_size":[3,1]},"west":{"uv":[64,40],"uv_size":[1,1]}}},{"origin":[9.22414,20.26785,-0.06255],"pivot":[10.94461,21.02042,-0.70312],"rotation":[0,0,-137.25],"size":[3.0659,1.1301,-0.03114],"uv":{"down":{"uv":[28,60],"uv_size":[3,-1]},"east":{"uv":[41,64],"uv_size":[1,1]},"north":{"uv":[59,25],"uv_size":[3,1]},"south":{"uv":[59,26],"uv_size":[3,1]},"up":{"uv":[59,27],"uv_size":[3,1]},"west":{"uv":[64,41],"uv_size":[1,1]}}}],"name":"K3","parent":"E5","pivot":[1.52895,5.37432,-0.81]},{"cubes":[{"inflate":0.1,"origin":[13.86033,24.14902,0.03078],"pivot":[14.14288,22.77186,-0.7041],"rotation":[0,0,-15.75],"size":[2.04015,0.95319,-0.21975],"uv":{"down":{"uv":[61,50],"uv_size":[2,-1]},"east":{"uv":[42,64],"uv_size":[1,1]},"north":{"uv":[61,47],"uv_size":[2,1]},"south":{"uv":[48,61],"uv_size":[2,1]},"up":{"uv":[61,48],"uv_size":[2,1]},"west":{"uv":[64,42],"uv_size":[1,1]}}},{"inflate":0.1,"origin":[13.86033,22.31283,0.03078],"pivot":[14.14288,22.77186,-0.7041],"rotation":[0,0,-15.75],"size":[1.4893,0.95319,-0.21975],"uv":{"down":{"uv":[64,46],"uv_size":[1,-1]},"east":{"uv":[64,43],"uv_size":[1,1]},"north":{"uv":[43,64],"uv_size":[1,1]},"south":{"uv":[44,64],"uv_size":[1,1]},"up":{"uv":[45,64],"uv_size":[1,1]},"west":{"uv":[64,44],"uv_size":[1,1]}}},{"inflate":0.1,"origin":[11.81253,21.57302,0.03078],"pivot":[14.14288,22.77186,-0.7041],"rotation":[0,0,74.25],"size":[4.73574,0.71629,-0.21975],"uv":{"down":{"uv":[54,49],"uv_size":[5,-1]},"east":{"uv":[46,64],"uv_size":[1,1]},"north":{"uv":[54,46],"uv_size":[5,1]},"south":{"uv":[54,47],"uv_size":[5,1]},"up":{"uv":[48,54],"uv_size":[5,1]},"west":{"uv":[64,46],"uv_size":[1,1]}}},{"inflate":0.1,"origin":[13.86033,20.36421,0.03078],"pivot":[14.14288,22.77186,-0.7041],"rotation":[0,0,-15.75],"size":[2.04015,0.95319,-0.21975],"uv":{"down":{"uv":[52,62],"uv_size":[2,-1]},"east":{"uv":[47,64],"uv_size":[1,1]},"north":{"uv":[50,61],"uv_size":[2,1]},"south":{"uv":[61,50],"uv_size":[2,1]},"up":{"uv":[61,51],"uv_size":[2,1]},"west":{"uv":[64,47],"uv_size":[1,1]}}}],"name":"E6","parent":"K3","pivot":[11.22137,13.53417,-0.7641]},{"cubes":[{"inflate":0.1,"origin":[16.10506,22.95963,0.0187],"pivot":[18.15474,24.61869,-0.70312],"rotation":[0,0,69.25],"size":[4.84452,0.96761,-0.19364],"uv":{"down":{"uv":[15,56],"uv_size":[5,-1]},"east":{"uv":[48,64],"uv_size":[1,1]},"north":{"uv":[54,49],"uv_size":[5,1]},"south":{"uv":[53,54],"uv_size":[5,1]},"up":{"uv":[10,55],"uv_size":[5,1]},"west":{"uv":[64,48],"uv_size":[1,1]}}},{"inflate":0.09,"origin":[16.19896,24.36866,0.01057],"pivot":[18.15474,24.61869,-0.70312],"rotation":[0,0,24.25],"size":[3.34156,0.98386,-0.17739],"uv":{"down":{"uv":[31,60],"uv_size":[3,-1]},"east":{"uv":[49,64],"uv_size":[1,1]},"north":{"uv":[59,28],"uv_size":[3,1]},"south":{"uv":[59,29],"uv_size":[3,1]},"up":{"uv":[59,30],"uv_size":[3,1]},"west":{"uv":[64,49],"uv_size":[1,1]}}},{"inflate":0.1,"origin":[15.3599,22.95963,0.0187],"pivot":[18.15474,24.61869,-0.70312],"rotation":[0,0,-110.75],"size":[4.84452,0.96761,-0.19364],"uv":{"down":{"uv":[35,56],"uv_size":[5,-1]},"east":{"uv":[50,64],"uv_size":[1,1]},"north":{"uv":[20,55],"uv_size":[5,1]},"south":{"uv":[25,55],"uv_size":[5,1]},"up":{"uv":[30,55],"uv_size":[5,1]},"west":{"uv":[64,50],"uv_size":[1,1]}}}],"name":"N3","parent":"E6","pivot":[15.69168,19.26841,-0.76312],"rotation":[0,0,-1.75]},{"cubes":[{"inflate":0.1,"origin":[21.97178,27.33276,0.0187],"pivot":[22.95525,25.86781,-0.70312],"rotation":[0,0,-11.25],"size":[1.71267,0.96761,-0.19364],"uv":{"down":{"uv":[61,55],"uv_size":[2,-1]},"east":{"uv":[51,64],"uv_size":[1,1]},"north":{"uv":[61,52],"uv_size":[2,1]},"south":{"uv":[61,53],"uv_size":[2,1]},"up":{"uv":[54,61],"uv_size":[2,1]},"west":{"uv":[64,51],"uv_size":[1,1]}}},{"inflate":0.1,"origin":[20.5227,23.95363,0.0187],"pivot":[22.95525,25.86781,-0.70312],"rotation":[0,0,78.75],"size":[4.83045,0.73071,-0.19364],"uv":{"down":{"uv":[55,56],"uv_size":[5,-1]},"east":{"uv":[52,64],"uv_size":[1,1]},"north":{"uv":[40,55],"uv_size":[5,1]},"south":{"uv":[45,55],"uv_size":[5,1]},"up":{"uv":[50,55],"uv_size":[5,1]},"west":{"uv":[64,52],"uv_size":[1,1]}}},{"inflate":0.1,"origin":[22.30243,23.35258,0.0187],"pivot":[22.82137,25.81909,-0.70312],"rotation":[0,0,-46.25],"size":[0.9626,0.96761,-0.19364],"uv":{"down":{"uv":[64,56],"uv_size":[1,-1]},"east":{"uv":[64,53],"uv_size":[1,1]},"north":{"uv":[53,64],"uv_size":[1,1]},"south":{"uv":[54,64],"uv_size":[1,1]},"up":{"uv":[55,64],"uv_size":[1,1]},"west":{"uv":[64,54],"uv_size":[1,1]}}},{"inflate":0.1,"origin":[21.22189,24.18627,0.0187],"pivot":[22.95525,25.86781,-0.70312],"rotation":[0,0,-101.25],"size":[3.49908,0.73071,-0.19364],"uv":{"down":{"uv":[34,60],"uv_size":[3,-1]},"east":{"uv":[56,64],"uv_size":[1,1]},"north":{"uv":[59,31],"uv_size":[3,1]},"south":{"uv":[59,32],"uv_size":[3,1]},"up":{"uv":[59,33],"uv_size":[3,1]},"west":{"uv":[64,56],"uv_size":[1,1]}}},{"inflate":0.1,"origin":[22.28014,27.43008,0.0187],"pivot":[22.81764,25.90469,-0.70312],"rotation":[0,0,23.75],"size":[0.9626,0.96761,-0.19364],"uv":{"down":{"uv":[64,60],"uv_size":[1,-1]},"east":{"uv":[64,57],"uv_size":[1,1]},"north":{"uv":[57,64],"uv_size":[1,1]},"south":{"uv":[58,64],"uv_size":[1,1]},"up":{"uv":[59,64],"uv_size":[1,1]},"west":{"uv":[64,58],"uv_size":[1,1]}}},{"inflate":0.1,"origin":[21.97178,23.4676,0.0187],"pivot":[22.95525,25.86781,-0.70312],"rotation":[0,0,-11.25],"size":[1.71267,0.96761,-0.19364],"uv":{"down":{"uv":[58,62],"uv_size":[2,-1]},"east":{"uv":[60,64],"uv_size":[1,1]},"north":{"uv":[56,61],"uv_size":[2,1]},"south":{"uv":[61,56],"uv_size":[2,1]},"up":{"uv":[61,57],"uv_size":[2,1]},"west":{"uv":[64,60],"uv_size":[1,1]}}}],"name":"D3","parent":"N3","pivot":[21.36974,23.54675,-0.76312],"rotation":[0,0,-12]}],"description":{"identifier":"geometry.freeweekendbanner","texture_height":128,"texture_width":128,"visible_bounds_height":3.5,"visible_bounds_offset":[0,1.25,0],"visible_bounds_width":5}}]}