{"format_version":"1.12.0","minecraft:geometry":[{"bones":[{"name":"Pot","pivot":[3,0,-9],"rotation":[0,-90,0]},{"cubes":[{"origin":[7.6449,1.26057,-10.08355],"size":[13.728,10.608,14.976],"uv":{"down":{"uv":[14,15],"uv_size":[13.75,-15]},"east":{"uv":[28,0],"uv_size":[15,10.625]},"north":{"uv":[13,30],"uv_size":[13.75,10.625]},"south":{"uv":[27,35],"uv_size":[13.75,10.625]},"up":{"uv":[0,0],"uv_size":[13.75,15]},"west":{"uv":[28,11],"uv_size":[15,10.625]}}},{"origin":[8.2689,11.86857,-8.83555],"size":[12.48,1.248,12.48],"uv":{"down":{"uv":[0,42.5],"uv_size":[12.5,-12.5]},"east":{"uv":[49,35],"uv_size":[12.5,1.25]},"north":{"uv":[25,48],"uv_size":[12.5,1.25]},"south":{"uv":[49,37],"uv_size":[12.5,1.25]},"up":{"uv":[28,22],"uv_size":[12.5,12.5]},"west":{"uv":[38,49],"uv_size":[12.5,1.25]}}},{"origin":[7.6449,12.49257,-10.08355],"size":[13.728,1.872,14.976],"uv":{"down":{"uv":[14,30],"uv_size":[13.75,-15]},"east":{"uv":[43,7],"uv_size":[15,1.875]},"north":{"uv":[43,11],"uv_size":[13.75,1.875]},"south":{"uv":[43,13],"uv_size":[13.75,1.875]},"up":{"uv":[0,15],"uv_size":[13.75,15]},"west":{"uv":[43,9],"uv_size":[15,1.875]}}},{"inflate":-0.025,"origin":[8.8835,11.59397,-8.84495],"size":[11.2508,1.8908,12.4988],"uv":{"down":{"uv":[41,34.5],"uv_size":[11.25,-12.5]},"east":{"uv":[43,15],"uv_size":[12.5,1.875]},"north":{"uv":[43,19],"uv_size":[11.25,1.875]},"south":{"uv":[25,46],"uv_size":[11.25,1.875]},"up":{"uv":[13,41],"uv_size":[11.25,12.5]},"west":{"uv":[43,17],"uv_size":[12.5,1.875]}}},{"origin":[10.7649,11.25497,6.01828],"pivot":[14.5089,11.82697,4.58045],"rotation":[-60,0,0],"size":[7.488,0,6.864],"uv":{"down":{"uv":[41,48.875],"uv_size":[7.5,-6.875]},"east":{"uv":[0,0],"uv_size":[6.875,0]},"north":{"uv":[0,0],"uv_size":[7.5,0]},"south":{"uv":[0,0],"uv_size":[7.5,0]},"up":{"uv":[41,35],"uv_size":[7.5,6.875]},"west":{"uv":[0,0],"uv_size":[6.875,0]}}},{"origin":[10.7649,11.17697,-18.07338],"pivot":[14.5089,11.82697,-10.39555],"rotation":[60,0,0],"size":[7.488,0,6.864],"uv":{"down":{"uv":[43,6.875],"uv_size":[7.5,-6.875]},"east":{"uv":[0,0],"uv_size":[6.875,0]},"north":{"uv":[0,0],"uv_size":[7.5,0]},"south":{"uv":[0,0],"uv_size":[7.5,0]},"up":{"uv":[0,43],"uv_size":[7.5,6.875]},"west":{"uv":[0,0],"uv_size":[6.875,0]}}}],"name":"bone2","parent":"Pot","pivot":[7.056,-0.576,-9.312]},{"cubes":[{"origin":[8.8929,-0.55943,3.02045],"pivot":[8.5809,2.24857,3.95645],"rotation":[42.5,0,0],"size":[1.872,4.368,1.872],"uv":{"down":{"uv":[50,58.875],"uv_size":[1.875,-1.875]},"east":{"uv":[53,51],"uv_size":[1.875,4.375]},"north":{"uv":[25,41],"uv_size":[1.875,4.375]},"south":{"uv":[0,54],"uv_size":[1.875,4.375]},"up":{"uv":[48,57],"uv_size":[1.875,1.875]},"west":{"uv":[2,54],"uv_size":[1.875,4.375]}}},{"origin":[18.2529,-0.55943,3.02045],"pivot":[8.5809,2.24857,3.95645],"rotation":[42.5,0,0],"size":[1.872,4.368,1.872],"uv":{"down":{"uv":[56,58.875],"uv_size":[1.875,-1.875]},"east":{"uv":[6,54],"uv_size":[1.875,4.375]},"north":{"uv":[4,54],"uv_size":[1.875,4.375]},"south":{"uv":[12,54],"uv_size":[1.875,4.375]},"up":{"uv":[54,57],"uv_size":[1.875,1.875]},"west":{"uv":[14,54],"uv_size":[1.875,4.375]}}}],"name":"bone3","parent":"bone2","pivot":[7.056,-0.576,3.792]},{"cubes":[{"origin":[8.8929,-0.55943,-10.08355],"pivot":[8.5809,2.24857,-9.14755],"rotation":[-42.5,0,0],"size":[1.872,4.368,1.872],"uv":{"down":{"uv":[58,9.875],"uv_size":[1.875,-1.875]},"east":{"uv":[18,54],"uv_size":[1.875,4.375]},"north":{"uv":[16,54],"uv_size":[1.875,4.375]},"south":{"uv":[20,54],"uv_size":[1.875,4.375]},"up":{"uv":[58,6],"uv_size":[1.875,1.875]},"west":{"uv":[22,54],"uv_size":[1.875,4.375]}}},{"origin":[18.2529,-0.55943,-10.08355],"pivot":[8.5809,2.24857,-9.14755],"rotation":[-42.5,0,0],"size":[1.872,4.368,1.872],"uv":{"down":{"uv":[34,59.875],"uv_size":[1.875,-1.875]},"east":{"uv":[26,54],"uv_size":[1.875,4.375]},"north":{"uv":[24,54],"uv_size":[1.875,4.375]},"south":{"uv":[28,54],"uv_size":[1.875,4.375]},"up":{"uv":[32,58],"uv_size":[1.875,1.875]},"west":{"uv":[30,54],"uv_size":[1.875,4.375]}}}],"name":"bone4","parent":"bone2","pivot":[7.056,-0.576,22.512]},{"cubes":[{"origin":[11.20871,13.45977,-2.41878],"pivot":[12.76871,15.38377,-0.85878],"rotation":[-180,-22.5,180],"size":[3.12,1.248,3.12],"uv":{"down":{"uv":[8,50.125],"uv_size":[3.125,-3.125]},"east":{"uv":[51,4],"uv_size":[3.125,1.25]},"north":{"uv":[37,46],"uv_size":[3.125,1.25]},"south":{"uv":[53,33],"uv_size":[3.125,1.25]},"up":{"uv":[8,43],"uv_size":[3.125,3.125]},"west":{"uv":[53,43],"uv_size":[3.125,1.25]}}},{"origin":[11.20871,14.70777,-2.41878],"pivot":[12.76871,16.63177,-0.85878],"rotation":[-180,-45,180],"size":[3.12,1.248,3.12],"uv":{"down":{"uv":[49,46.125],"uv_size":[3.125,-3.125]},"east":{"uv":[32,54],"uv_size":[3.125,1.25]},"north":{"uv":[53,45],"uv_size":[3.125,1.25]},"south":{"uv":[55,0],"uv_size":[3.125,1.25]},"up":{"uv":[49,39],"uv_size":[3.125,3.125]},"west":{"uv":[55,2],"uv_size":[3.125,1.25]}}},{"origin":[11.20871,14.70777,3.68082],"pivot":[12.76871,16.00777,5.24082],"rotation":[0,-57.5,0],"size":[3.12,1.248,3.12],"uv":{"down":{"uv":[29,53.125],"uv_size":[3.125,-3.125]},"east":{"uv":[44,55],"uv_size":[3.125,1.25]},"north":{"uv":[40,55],"uv_size":[3.125,1.25]},"south":{"uv":[55,47],"uv_size":[3.125,1.25]},"up":{"uv":[25,50],"uv_size":[3.125,3.125]},"west":{"uv":[48,55],"uv_size":[3.125,1.25]}}},{"origin":[11.20871,13.45977,3.68082],"pivot":[12.76871,16.00777,5.24082],"rotation":[0,-85,0],"size":[3.12,1.248,3.12],"uv":{"down":{"uv":[4,53.125],"uv_size":[3.125,-3.125]},"east":{"uv":[8,55],"uv_size":[3.125,1.25]},"north":{"uv":[55,4],"uv_size":[3.125,1.25]},"south":{"uv":[55,19],"uv_size":[3.125,1.25]},"up":{"uv":[0,50],"uv_size":[3.125,3.125]},"west":{"uv":[36,55],"uv_size":[3.125,1.25]}}},{"origin":[7.46471,13.53777,-0.54678],"pivot":[8.40071,15.46177,0.38922],"rotation":[0,-85,0],"size":[1.872,0.624,1.872],"uv":{"down":{"uv":[52,57.875],"uv_size":[1.875,-1.875]},"east":{"uv":[45,21],"uv_size":[1.875,0.625]},"north":{"uv":[43,21],"uv_size":[1.875,0.625]},"south":{"uv":[47,21],"uv_size":[1.875,0.625]},"up":{"uv":[49,47],"uv_size":[1.875,1.875]},"west":{"uv":[38,48],"uv_size":[1.875,0.625]}}},{"origin":[7.46471,14.16177,-0.54678],"pivot":[8.40071,15.46177,0.38922],"rotation":[0,-57.5,0],"size":[1.872,0.624,1.872],"uv":{"down":{"uv":[59,1.875],"uv_size":[1.875,-1.875]},"east":{"uv":[58,10],"uv_size":[1.875,0.625]},"north":{"uv":[55,6],"uv_size":[1.875,0.625]},"south":{"uv":[59,49],"uv_size":[1.875,0.625]},"up":{"uv":[0,59],"uv_size":[1.875,1.875]},"west":{"uv":[50,59],"uv_size":[1.875,0.625]}}},{"origin":[15.46751,14.00577,-0.54678],"pivot":[16.40351,15.30577,0.38922],"rotation":[0,-57.5,0],"size":[1.872,0.624,1.872],"uv":{"down":{"uv":[59,20.875],"uv_size":[1.875,-1.875]},"east":{"uv":[50,60],"uv_size":[1.875,0.625]},"north":{"uv":[34,60],"uv_size":[1.875,0.625]},"south":{"uv":[52,60],"uv_size":[1.875,0.625]},"up":{"uv":[18,59],"uv_size":[1.875,1.875]},"west":{"uv":[54,60],"uv_size":[1.875,0.625]}}},{"origin":[15.46751,13.38177,-0.54678],"pivot":[16.40351,15.30577,0.38922],"rotation":[0,-85,0],"size":[1.872,0.624,1.872],"uv":{"down":{"uv":[16,60.875],"uv_size":[1.875,-1.875]},"east":{"uv":[60,17],"uv_size":[1.875,0.625]},"north":{"uv":[60,16],"uv_size":[1.875,0.625]},"south":{"uv":[60,18],"uv_size":[1.875,0.625]},"up":{"uv":[14,59],"uv_size":[1.875,1.875]},"west":{"uv":[32,60],"uv_size":[1.875,0.625]}}},{"origin":[14.28191,13.31937,1.87122],"pivot":[15.21791,15.24337,2.80722],"rotation":[-180,-56,180],"size":[1.872,0.624,1.872],"uv":{"down":{"uv":[22,60.875],"uv_size":[1.875,-1.875]},"east":{"uv":[60,57],"uv_size":[1.875,0.625]},"north":{"uv":[56,60],"uv_size":[1.875,0.625]},"south":{"uv":[58,60],"uv_size":[1.875,0.625]},"up":{"uv":[20,59],"uv_size":[1.875,1.875]},"west":{"uv":[60,58],"uv_size":[1.875,0.625]}}},{"origin":[11.20871,15.98697,1.54362],"pivot":[8.40071,15.46177,4.13322],"rotation":[0,-35,0],"size":[1.872,0.624,1.872],"uv":{"down":{"uv":[59,5.875],"uv_size":[1.875,-1.875]},"east":{"uv":[59,54],"uv_size":[1.875,0.625]},"north":{"uv":[54,59],"uv_size":[1.875,0.625]},"south":{"uv":[59,55],"uv_size":[1.875,0.625]},"up":{"uv":[4,59],"uv_size":[1.875,1.875]},"west":{"uv":[56,59],"uv_size":[1.875,0.625]}}},{"origin":[11.48008,16.61097,3.77174],"pivot":[12.41608,18.22297,4.92614],"rotation":[0,-12.5,0],"size":[1.872,0.624,1.872],"uv":{"down":{"uv":[12,60.875],"uv_size":[1.875,-1.875]},"east":{"uv":[60,9],"uv_size":[1.875,0.625]},"north":{"uv":[60,8],"uv_size":[1.875,0.625]},"south":{"uv":[60,10],"uv_size":[1.875,0.625]},"up":{"uv":[10,59],"uv_size":[1.875,1.875]},"west":{"uv":[60,15],"uv_size":[1.875,0.625]}}},{"origin":[4.16122,3.21577,-9.28907],"pivot":[5.30341,2.26417,-8.07382],"rotation":[0,-52.5,0],"size":[1.872,0.624,1.872],"uv":{"down":{"uv":[30,60.875],"uv_size":[1.875,-1.875]},"east":{"uv":[2,61],"uv_size":[1.875,0.625]},"north":{"uv":[61,1],"uv_size":[1.875,0.625]},"south":{"uv":[61,2],"uv_size":[1.875,0.625]},"up":{"uv":[28,59],"uv_size":[1.875,1.875]},"west":{"uv":[61,3],"uv_size":[1.875,0.625]}}},{"origin":[4.15363,2.59177,-8.98713],"pivot":[5.30341,2.26417,-8.07382],"rotation":[0,-47.5,0],"size":[1.872,0.624,1.872],"uv":{"down":{"uv":[26,60.875],"uv_size":[1.875,-1.875]},"east":{"uv":[60,60],"uv_size":[1.875,0.625]},"north":{"uv":[60,59],"uv_size":[1.875,0.625]},"south":{"uv":[0,61],"uv_size":[1.875,0.625]},"up":{"uv":[24,59],"uv_size":[1.875,1.875]},"west":{"uv":[61,0],"uv_size":[1.875,0.625]}}},{"origin":[-1.6552,1.26577,-9.01529],"pivot":[-0.72452,1.13317,-7.92556],"rotation":[-180,-30,180],"size":[1.872,0.624,1.872],"uv":{"down":{"uv":[38,60.875],"uv_size":[1.875,-1.875]},"east":{"uv":[61,4],"uv_size":[1.875,0.625]},"north":{"uv":[4,61],"uv_size":[1.875,0.625]},"south":{"uv":[61,5],"uv_size":[1.875,0.625]},"up":{"uv":[36,59],"uv_size":[1.875,1.875]},"west":{"uv":[6,61],"uv_size":[1.875,0.625]}}},{"origin":[7.15695,0.01777,-9.25724],"pivot":[-0.64305,2.20177,-8.05604],"rotation":[0,-65,0],"size":[1.872,0.624,1.872],"uv":{"down":{"uv":[42,60.875],"uv_size":[1.875,-1.875]},"east":{"uv":[10,61],"uv_size":[1.875,0.625]},"north":{"uv":[8,61],"uv_size":[1.875,0.625]},"south":{"uv":[61,11],"uv_size":[1.875,0.625]},"up":{"uv":[40,59],"uv_size":[1.875,1.875]},"west":{"uv":[12,61],"uv_size":[1.875,0.625]}}},{"origin":[-2.73653,0.01777,1.18681],"pivot":[-1.80053,0.32977,2.12281],"rotation":[-180,-42.5,180],"size":[1.872,0.624,1.872],"uv":{"down":{"uv":[46,60.875],"uv_size":[1.875,-1.875]},"east":{"uv":[61,13],"uv_size":[1.875,0.625]},"north":{"uv":[61,12],"uv_size":[1.875,0.625]},"south":{"uv":[14,61],"uv_size":[1.875,0.625]},"up":{"uv":[44,59],"uv_size":[1.875,1.875]},"west":{"uv":[61,14],"uv_size":[1.875,0.625]}}},{"origin":[4.00945,1.31257,-9.65938],"pivot":[5.30341,2.26417,-8.07382],"rotation":[0,-70,0],"size":[3.12,1.248,3.12],"uv":{"down":{"uv":[37,54.125],"uv_size":[3.125,-3.125]},"east":{"uv":[56,17],"uv_size":[3.125,1.25]},"north":{"uv":[56,15],"uv_size":[3.125,1.25]},"south":{"uv":[32,56],"uv_size":[3.125,1.25]},"up":{"uv":[8,51],"uv_size":[3.125,3.125]},"west":{"uv":[8,57],"uv_size":[3.125,1.25]}}},{"origin":[-2.17018,0.06457,-9.38266],"pivot":[-0.72452,1.13317,-7.92556],"rotation":[0,-80,0],"size":[3.12,1.248,3.12],"uv":{"down":{"uv":[45,54.125],"uv_size":[3.125,-3.125]},"east":{"uv":[57,13],"uv_size":[3.125,1.25]},"north":{"uv":[57,11],"uv_size":[3.125,1.25]},"south":{"uv":[57,21],"uv_size":[3.125,1.25]},"up":{"uv":[41,51],"uv_size":[3.125,3.125]},"west":{"uv":[57,23],"uv_size":[3.125,1.25]}}},{"origin":[-0.66642,0.06457,-14.09015],"pivot":[0.89358,0.68857,-12.53015],"rotation":[180,-55,-180],"size":[3.12,1.248,3.12],"uv":{"down":{"uv":[53,28.125],"uv_size":[3.125,-3.125]},"east":{"uv":[36,57],"uv_size":[3.125,1.25]},"north":{"uv":[57,33],"uv_size":[3.125,1.25]},"south":{"uv":[57,39],"uv_size":[3.125,1.25]},"up":{"uv":[53,21],"uv_size":[3.125,3.125]},"west":{"uv":[40,57],"uv_size":[3.125,1.25]}}},{"origin":[-0.66642,1.31257,-14.09015],"pivot":[0.89358,1.93657,-12.53015],"rotation":[180,-72.5,-180],"size":[3.12,1.248,3.12],"uv":{"down":{"uv":[53,42.125],"uv_size":[3.125,-3.125]},"east":{"uv":[57,43],"uv_size":[3.125,1.25]},"north":{"uv":[57,41],"uv_size":[3.125,1.25]},"south":{"uv":[44,57],"uv_size":[3.125,1.25]},"up":{"uv":[53,29],"uv_size":[3.125,3.125]},"west":{"uv":[57,45],"uv_size":[3.125,1.25]}}},{"origin":[-1.0312,1.26577,4.71271],"pivot":[-0.10052,1.13317,5.80244],"rotation":[0,-67.5,0],"size":[1.872,0.624,1.872],"uv":{"down":{"uv":[48,60.875],"uv_size":[1.875,-1.875]},"east":{"uv":[18,61],"uv_size":[1.875,0.625]},"north":{"uv":[16,61],"uv_size":[1.875,0.625]},"south":{"uv":[61,19],"uv_size":[1.875,0.625]},"up":{"uv":[59,47],"uv_size":[1.875,1.875]},"west":{"uv":[20,61],"uv_size":[1.875,0.625]}}},{"origin":[-1.54618,0.06457,4.34534],"pivot":[-0.10052,1.13317,5.80244],"rotation":[-180,-62.5,180],"size":[3.12,1.248,3.12],"uv":{"down":{"uv":[49,54.125],"uv_size":[3.125,-3.125]},"east":{"uv":[57,27],"uv_size":[3.125,1.25]},"north":{"uv":[57,25],"uv_size":[3.125,1.25]},"south":{"uv":[57,29],"uv_size":[3.125,1.25]},"up":{"uv":[51,47],"uv_size":[3.125,3.125]},"west":{"uv":[57,31],"uv_size":[3.125,1.25]}}},{"origin":[3.96759,0.06457,-9.77933],"pivot":[5.30341,2.26417,-8.07382],"rotation":[-180,-82.5,180],"size":[3.12,1.248,3.12],"uv":{"down":{"uv":[51,3.125],"uv_size":[3.125,-3.125]},"east":{"uv":[55,51],"uv_size":[3.125,1.25]},"north":{"uv":[55,49],"uv_size":[3.125,1.25]},"south":{"uv":[55,53],"uv_size":[3.125,1.25]},"up":{"uv":[33,50],"uv_size":[3.125,3.125]},"west":{"uv":[55,55],"uv_size":[3.125,1.25]}}},{"origin":[7.46471,14.16177,3.19722],"pivot":[8.40071,15.46177,4.13322],"rotation":[0,-67.5,0],"size":[1.872,0.624,1.872],"uv":{"down":{"uv":[8,60.875],"uv_size":[1.875,-1.875]},"east":{"uv":[58,59],"uv_size":[1.875,0.625]},"north":{"uv":[59,56],"uv_size":[1.875,0.625]},"south":{"uv":[60,6],"uv_size":[1.875,0.625]},"up":{"uv":[6,59],"uv_size":[1.875,1.875]},"west":{"uv":[60,7],"uv_size":[1.875,0.625]}}},{"origin":[7.46471,13.53777,3.19722],"pivot":[8.40071,15.46177,4.13322],"rotation":[-180,-85,180],"size":[1.872,0.624,1.872],"uv":{"down":{"uv":[59,3.875],"uv_size":[1.875,-1.875]},"east":{"uv":[59,51],"uv_size":[1.875,0.625]},"north":{"uv":[59,50],"uv_size":[1.875,0.625]},"south":{"uv":[59,52],"uv_size":[1.875,0.625]},"up":{"uv":[2,59],"uv_size":[1.875,1.875]},"west":{"uv":[59,53],"uv_size":[1.875,0.625]}}},{"origin":[12.6369,16.03377,-11.33155],"pivot":[-2.6511,0.37657,-6.65155],"rotation":[0,-32.5,0],"size":[1.872,0.624,1.872],"uv":{"down":{"uv":[58,58.875],"uv_size":[1.875,-1.875]},"east":{"uv":[51,6],"uv_size":[1.875,0.625]},"north":{"uv":[49,21],"uv_size":[1.875,0.625]},"south":{"uv":[51,21],"uv_size":[1.875,0.625]},"up":{"uv":[52,58],"uv_size":[1.875,1.875]},"west":{"uv":[53,6],"uv_size":[1.875,0.625]}}}],"name":"bone","parent":"Pot","pivot":[0.192,-0.888,-8.064],"rotation":[0,22.5,0]}],"description":{"identifier":"geometry.goldpot","texture_height":64,"texture_width":64,"visible_bounds_height":3.5,"visible_bounds_offset":[0,1.25,0],"visible_bounds_width":5}}]}