{"format_version":"1.12.0","minecraft:geometry":[{"bones":[{"name":"highschool","pivot":[0,0,0]},{"cubes":[{"inflate":0.1,"origin":[-47,9,-4],"size":[15,2,15],"uv":{"down":{"uv":[481,265],"uv_size":[15,-15]},"east":{"uv":[305,364],"uv_size":[15,2]},"north":{"uv":[156,362],"uv_size":[15,2]},"south":{"uv":[320,364],"uv_size":[15,2]},"up":{"uv":[205,476],"uv_size":[15,15]},"west":{"uv":[335,364],"uv_size":[15,2]}}},{"inflate":0.1,"origin":[-46,1.8,-3],"size":[2,7,2],"uv":{"down":{"uv":[356,366],"uv_size":[2,-2]},"east":{"uv":[497,548],"uv_size":[2,7]},"north":{"uv":[495,548],"uv_size":[2,7]},"south":{"uv":[499,548],"uv_size":[2,7]},"up":{"uv":[354,364],"uv_size":[2,2]},"west":{"uv":[518,548],"uv_size":[2,7]}}},{"inflate":0.1,"origin":[-35,1.8,-3],"size":[2,7,2],"uv":{"down":{"uv":[352,366],"uv_size":[2,-2]},"east":{"uv":[297,548],"uv_size":[2,7]},"north":{"uv":[266,548],"uv_size":[2,7]},"south":{"uv":[355,548],"uv_size":[2,7]},"up":{"uv":[350,364],"uv_size":[2,2]},"west":{"uv":[493,548],"uv_size":[2,7]}}},{"inflate":0.1,"origin":[-46,1.8,8],"size":[2,7,2],"uv":{"down":{"uv":[297,458],"uv_size":[2,-2]},"east":{"uv":[545,548],"uv_size":[2,7]},"north":{"uv":[520,548],"uv_size":[2,7]},"south":{"uv":[547,548],"uv_size":[2,7]},"up":{"uv":[119,454],"uv_size":[2,2]},"west":{"uv":[0,549],"uv_size":[2,7]}}},{"inflate":0.1,"origin":[-35,1.8,8],"size":[2,7,2],"uv":{"down":{"uv":[301,458],"uv_size":[2,-2]},"east":{"uv":[2,549],"uv_size":[2,7]},"north":{"uv":[549,0],"uv_size":[2,7]},"south":{"uv":[4,549],"uv_size":[2,7]},"up":{"uv":[299,456],"uv_size":[2,2]},"west":{"uv":[6,549],"uv_size":[2,7]}}}],"name":"bone24","parent":"highschool","pivot":[0,0,0]},{"cubes":[{"inflate":0.1,"origin":[-62,6,-3],"size":[13,2,13],"uv":{"down":{"uv":[173,509],"uv_size":[13,-13]},"east":{"uv":[126,542],"uv_size":[13,2]},"north":{"uv":[541,462],"uv_size":[13,2]},"south":{"uv":[188,542],"uv_size":[13,2]},"up":{"uv":[346,493],"uv_size":[13,13]},"west":{"uv":[201,542],"uv_size":[13,2]}}},{"origin":[-61,12,-3],"size":[2,8,13],"uv":{"down":{"uv":[522,553],"uv_size":[2,-13]},"east":{"uv":[224,466],"uv_size":[13,8]},"north":{"uv":[448,543],"uv_size":[2,8]},"south":{"uv":[47,544],"uv_size":[2,8]},"up":{"uv":[502,540],"uv_size":[2,13]},"west":{"uv":[525,115],"uv_size":[13,8]}}},{"origin":[-62,2,-2],"size":[2,17,2],"uv":{"down":{"uv":[360,460],"uv_size":[2,-2]},"east":{"uv":[47,496],"uv_size":[2,17]},"north":{"uv":[365,493],"uv_size":[2,17]},"south":{"uv":[357,506],"uv_size":[2,17]},"up":{"uv":[303,456],"uv_size":[2,2]},"west":{"uv":[365,510],"uv_size":[2,17]}}},{"origin":[-62,2,7],"size":[2,17,2],"uv":{"down":{"uv":[364,460],"uv_size":[2,-2]},"east":{"uv":[391,522],"uv_size":[2,17]},"north":{"uv":[389,522],"uv_size":[2,17]},"south":{"uv":[357,523],"uv_size":[2,17]},"up":{"uv":[362,458],"uv_size":[2,2]},"west":{"uv":[45,527],"uv_size":[2,17]}}},{"origin":[-52,2,-2],"size":[2,5,2],"uv":{"down":{"uv":[247,512],"uv_size":[2,-2]},"east":{"uv":[446,550],"uv_size":[2,5]},"north":{"uv":[365,527],"uv_size":[2,5]},"south":{"uv":[551,392],"uv_size":[2,5]},"up":{"uv":[173,494],"uv_size":[2,2]},"west":{"uv":[551,397],"uv_size":[2,5]}}},{"origin":[-52,2,7],"size":[2,5,2],"uv":{"down":{"uv":[47,515],"uv_size":[2,-2]},"east":{"uv":[551,407],"uv_size":[2,5]},"north":{"uv":[551,402],"uv_size":[2,5]},"south":{"uv":[410,551],"uv_size":[2,5]},"up":{"uv":[249,510],"uv_size":[2,2]},"west":{"uv":[412,551],"uv_size":[2,5]}}}],"name":"bone20","parent":"highschool","pivot":[-56.58333,8.83333,3.5]},{"name":"bone9","parent":"highschool","pivot":[105,0,-11]},{"cubes":[{"inflate":0.1,"origin":[-12,6,29],"size":[13,2,13],"uv":{"down":{"uv":[212,510],"uv_size":[13,-13]},"east":{"uv":[13,543],"uv_size":[13,2]},"north":{"uv":[0,543],"uv_size":[13,2]},"south":{"uv":[543,249],"uv_size":[13,2]},"up":{"uv":[199,497],"uv_size":[13,13]},"west":{"uv":[543,251],"uv_size":[13,2]}}},{"inflate":0.1,"origin":[15,1.8,29],"size":[2,7,2],"uv":{"down":{"uv":[190,554],"uv_size":[2,-2]},"east":{"uv":[549,388],"uv_size":[2,7]},"north":{"uv":[549,381],"uv_size":[2,7]},"south":{"uv":[549,395],"uv_size":[2,7]},"up":{"uv":[188,552],"uv_size":[2,2]},"west":{"uv":[549,402],"uv_size":[2,7]}}},{"inflate":0.1,"origin":[4,1.8,29],"size":[2,7,2],"uv":{"down":{"uv":[194,554],"uv_size":[2,-2]},"east":{"uv":[549,416],"uv_size":[2,7]},"north":{"uv":[549,409],"uv_size":[2,7]},"south":{"uv":[470,549],"uv_size":[2,7]},"up":{"uv":[192,552],"uv_size":[2,2]},"west":{"uv":[472,549],"uv_size":[2,7]}}},{"inflate":0.1,"origin":[4,1.8,40],"size":[2,7,2],"uv":{"down":{"uv":[198,554],"uv_size":[2,-2]},"east":{"uv":[299,550],"uv_size":[2,7]},"north":{"uv":[549,544],"uv_size":[2,7]},"south":{"uv":[301,550],"uv_size":[2,7]},"up":{"uv":[196,552],"uv_size":[2,2]},"west":{"uv":[303,550],"uv_size":[2,7]}}},{"inflate":0.1,"origin":[15,1.8,40],"size":[2,7,2],"uv":{"down":{"uv":[202,554],"uv_size":[2,-2]},"east":{"uv":[307,550],"uv_size":[2,7]},"north":{"uv":[305,550],"uv_size":[2,7]},"south":{"uv":[309,550],"uv_size":[2,7]},"up":{"uv":[200,552],"uv_size":[2,2]},"west":{"uv":[311,550],"uv_size":[2,7]}}},{"inflate":0.1,"origin":[3,9,28],"size":[15,2,15],"uv":{"down":{"uv":[458,496],"uv_size":[15,-15]},"east":{"uv":[541,111],"uv_size":[15,2]},"north":{"uv":[540,531],"uv_size":[15,2]},"south":{"uv":[541,426],"uv_size":[15,2]},"up":{"uv":[443,481],"uv_size":[15,15]},"west":{"uv":[541,428],"uv_size":[15,2]}}},{"origin":[-11,12,29],"size":[2,8,13],"uv":{"down":{"uv":[512,555],"uv_size":[2,-13]},"east":{"uv":[483,525],"uv_size":[13,8]},"north":{"uv":[541,544],"uv_size":[2,8]},"south":{"uv":[543,544],"uv_size":[2,8]},"up":{"uv":[510,542],"uv_size":[2,13]},"west":{"uv":[496,525],"uv_size":[13,8]}}},{"origin":[-12,2,30],"size":[2,17,2],"uv":{"down":{"uv":[206,554],"uv_size":[2,-2]},"east":{"uv":[539,448],"uv_size":[2,17]},"north":{"uv":[432,539],"uv_size":[2,17]},"south":{"uv":[40,540],"uv_size":[2,17]},"up":{"uv":[204,552],"uv_size":[2,2]},"west":{"uv":[42,540],"uv_size":[2,17]}}},{"origin":[-12,2,39],"size":[2,17,2],"uv":{"down":{"uv":[210,554],"uv_size":[2,-2]},"east":{"uv":[176,540],"uv_size":[2,17]},"north":{"uv":[174,540],"uv_size":[2,17]},"south":{"uv":[178,540],"uv_size":[2,17]},"up":{"uv":[208,552],"uv_size":[2,2]},"west":{"uv":[180,540],"uv_size":[2,17]}}},{"origin":[-2,2,30],"size":[2,5,2],"uv":{"down":{"uv":[251,554],"uv_size":[2,-2]},"east":{"uv":[64,552],"uv_size":[2,5]},"north":{"uv":[62,552],"uv_size":[2,5]},"south":{"uv":[66,552],"uv_size":[2,5]},"up":{"uv":[212,552],"uv_size":[2,2]},"west":{"uv":[68,552],"uv_size":[2,5]}}},{"origin":[-2,2,39],"size":[2,5,2],"uv":{"down":{"uv":[255,554],"uv_size":[2,-2]},"east":{"uv":[72,552],"uv_size":[2,5]},"north":{"uv":[70,552],"uv_size":[2,5]},"south":{"uv":[74,552],"uv_size":[2,5]},"up":{"uv":[253,552],"uv_size":[2,2]},"west":{"uv":[76,552],"uv_size":[2,5]}}}],"name":"bone8","parent":"highschool","pivot":[1.18182,7.65455,35.5],"rotation":[0,115,0]},{"name":"Player4","parent":"highschool","pivot":[4,3.5,-63],"rotation":[0,180,0]},{"cubes":[{"origin":[0.6,6.5,-67],"size":[7,6,6],"uv":{"down":{"uv":[518,540],"uv_size":[7,-6]},"east":{"uv":[464,534],"uv_size":[6,6]},"north":{"uv":[534,108],"uv_size":[7,6]},"south":{"uv":[450,534],"uv_size":[7,6]},"up":{"uv":[457,534],"uv_size":[7,6]},"west":{"uv":[210,536],"uv_size":[6,6]}}}],"name":"body4","parent":"Player4","pivot":[4.1,6.5,-64]},{"cubes":[{"inflate":0.1,"origin":[-0.9,12.5,-70],"size":[10,11,11],"uv":{"down":{"uv":[209,524],"uv_size":[10,-11]},"east":{"uv":[324,497],"uv_size":[11,11]},"north":{"uv":[335,497],"uv_size":[10,11]},"south":{"uv":[189,513],"uv_size":[10,11]},"up":{"uv":[199,513],"uv_size":[10,11]},"west":{"uv":[274,512],"uv_size":[11,11]}}}],"name":"head4","parent":"body4","pivot":[4.1,12,-64.5]},{"name":"hat4","parent":"head4","pivot":[-67.9,33.05,-97.5]},{"cubes":[{"inflate":0.025,"origin":[1.05,16.6,-58.8],"size":[2,3,0],"uv":{"south":{"uv":[537,87],"uv_size":[2,3]}}},{"inflate":0.025,"origin":[5.15,16.6,-58.8],"size":[2,3,0],"uv":{"south":{"uv":[538,144],"uv_size":[2,3]}}}],"name":"eye4","parent":"head4","pivot":[4.1,18.1,-58.8]},{"cubes":[{"origin":[0.05,16.6,-58.8],"size":[8,3,0],"uv":{"down":{"uv":[0,0],"uv_size":[8,0]},"east":{"uv":[0,0],"uv_size":[0,3]},"north":{"uv":[481,363],"uv_size":[8,3]},"south":{"uv":[299,543],"uv_size":[8,3]},"up":{"uv":[0,0],"uv_size":[8,0]},"west":{"uv":[0,0],"uv_size":[0,3]}}}],"name":"close4","parent":"head4","pivot":[4.05,18.1,-58.8]},{"cubes":[{"origin":[0.05,13.6,-58.8],"size":[8,3,0],"uv":{"down":{"uv":[0,0],"uv_size":[8,0]},"east":{"uv":[0,0],"uv_size":[0,3]},"north":{"uv":[543,300],"uv_size":[8,3]},"south":{"uv":[543,303],"uv_size":[8,3]},"up":{"uv":[0,0],"uv_size":[8,0]},"west":{"uv":[0,0],"uv_size":[0,3]}}}],"name":"mouth7","parent":"head4","pivot":[-68.1,26,-97.5]},{"cubes":[{"inflate":0.025,"origin":[0.05,13.6,-58.8],"size":[8,3,0],"uv":{"down":{"uv":[0,0],"uv_size":[8,0]},"east":{"uv":[0,0],"uv_size":[0,3]},"north":{"uv":[543,306],"uv_size":[8,3]},"south":{"uv":[307,543],"uv_size":[8,3]},"up":{"uv":[0,0],"uv_size":[8,0]},"west":{"uv":[0,0],"uv_size":[0,3]}}}],"name":"mouth8","parent":"mouth7","pivot":[-67.95,26.1,-91.8]},{"cubes":[{"origin":[8.6,7,-64],"size":[4,4,4],"uv":{"down":{"uv":[4,549],"uv_size":[4,-4]},"east":{"uv":[544,145],"uv_size":[4,4]},"north":{"uv":[252,527],"uv_size":[4,4]},"south":{"uv":[544,523],"uv_size":[4,4]},"up":{"uv":[545,0],"uv_size":[4,4]},"west":{"uv":[0,545],"uv_size":[4,4]}}}],"name":"handr4","parent":"body4","pivot":[10.6,9,-62]},{"cubes":[{"origin":[-4.6,7,-64],"size":[4,4,4],"uv":{"down":{"uv":[20,549],"uv_size":[4,-4]},"east":{"uv":[8,545],"uv_size":[4,4]},"north":{"uv":[545,4],"uv_size":[4,4]},"south":{"uv":[545,8],"uv_size":[4,4]},"up":{"uv":[16,545],"uv_size":[4,4]},"west":{"uv":[12,545],"uv_size":[4,4]}}}],"name":"handr6","parent":"body4","pivot":[-2.6,9,-62]},{"cubes":[{"origin":[4.6,2,-66],"size":[4,4,4],"uv":{"down":{"uv":[545,111],"uv_size":[4,-4]},"east":{"uv":[545,91],"uv_size":[4,4]},"north":{"uv":[545,87],"uv_size":[4,4]},"south":{"uv":[545,95],"uv_size":[4,4]},"up":{"uv":[545,103],"uv_size":[4,4]},"west":{"uv":[545,99],"uv_size":[4,4]}}}],"name":"legr4","parent":"Player4","pivot":[6.6,4,-64]},{"cubes":[{"origin":[-0.4,2,-66],"size":[4,4,4],"uv":{"down":{"uv":[236,549],"uv_size":[4,-4]},"east":{"uv":[220,545],"uv_size":[4,4]},"north":{"uv":[216,545],"uv_size":[4,4]},"south":{"uv":[224,545],"uv_size":[4,4]},"up":{"uv":[232,545],"uv_size":[4,4]},"west":{"uv":[228,545],"uv_size":[4,4]}}}],"name":"legl4","parent":"Player4","pivot":[1.6,4,-64]},{"name":"Player3","parent":"highschool","pivot":[1,3.5,-16],"rotation":[0,180,0]},{"cubes":[{"origin":[-2.4,6.5,-17],"size":[7,6,6],"uv":{"down":{"uv":[196,542],"uv_size":[7,-6]},"east":{"uv":[537,485],"uv_size":[6,6]},"north":{"uv":[126,536],"uv_size":[7,6]},"south":{"uv":[133,536],"uv_size":[7,6]},"up":{"uv":[189,536],"uv_size":[7,6]},"west":{"uv":[538,114],"uv_size":[6,6]}}}],"name":"body3","parent":"Player3","pivot":[1.1,6.5,-14]},{"cubes":[{"inflate":0.1,"origin":[-3.9,12.5,-20],"size":[10,11,11],"uv":{"down":{"uv":[30,526],"uv_size":[10,-11]},"east":{"uv":[285,512],"uv_size":[11,11]},"north":{"uv":[0,515],"uv_size":[10,11]},"south":{"uv":[10,515],"uv_size":[10,11]},"up":{"uv":[20,515],"uv_size":[10,11]},"west":{"uv":[296,512],"uv_size":[11,11]}}},{"inflate":0.3,"origin":[-3.9,12.5,-20],"size":[10,11,11],"uv":{"down":{"uv":[294,534],"uv_size":[10,-11]},"east":{"uv":[307,512],"uv_size":[11,11]},"north":{"uv":[518,512],"uv_size":[10,11]},"south":{"uv":[274,523],"uv_size":[10,11]},"up":{"uv":[284,523],"uv_size":[10,11]},"west":{"uv":[318,512],"uv_size":[11,11]}}}],"name":"head3","parent":"body3","pivot":[1.1,13,-14.5]},{"cubes":[{"inflate":0.025,"origin":[-2.95,13.6,-8.8],"size":[8,3,0],"uv":{"down":{"uv":[0,0],"uv_size":[8,0]},"east":{"uv":[0,0],"uv_size":[0,3]},"north":{"uv":[315,543],"uv_size":[8,3]},"south":{"uv":[543,315],"uv_size":[8,3]},"up":{"uv":[0,0],"uv_size":[8,0]},"west":{"uv":[0,0],"uv_size":[0,3]}}}],"name":"mouth6","parent":"head3","pivot":[1.05,15.1,-8.8]},{"cubes":[{"origin":[-2.95,13.6,-8.8],"size":[8,3,0],"uv":{"down":{"uv":[0,0],"uv_size":[8,0]},"east":{"uv":[0,0],"uv_size":[0,3]},"north":{"uv":[543,309],"uv_size":[8,3]},"south":{"uv":[543,312],"uv_size":[8,3]},"up":{"uv":[0,0],"uv_size":[8,0]},"west":{"uv":[0,0],"uv_size":[0,3]}}}],"name":"mouth5","parent":"head3","pivot":[1.05,15.1,-8.8]},{"cubes":[{"origin":[-7.4,7,-14],"size":[4,4,4],"uv":{"down":{"uv":[545,285],"uv_size":[4,-4]},"east":{"uv":[545,265],"uv_size":[4,4]},"north":{"uv":[545,261],"uv_size":[4,4]},"south":{"uv":[545,269],"uv_size":[4,4]},"up":{"uv":[545,277],"uv_size":[4,4]},"west":{"uv":[545,273],"uv_size":[4,4]}}}],"name":"handl3","parent":"body3","pivot":[-5.4,9,-12]},{"cubes":[{"origin":[5.6,7,-14],"size":[4,4,4],"uv":{"down":{"uv":[545,370],"uv_size":[4,-4]},"east":{"uv":[545,289],"uv_size":[4,4]},"north":{"uv":[545,285],"uv_size":[4,4]},"south":{"uv":[545,293],"uv_size":[4,4]},"up":{"uv":[545,362],"uv_size":[4,4]},"west":{"uv":[545,348],"uv_size":[4,4]}}}],"name":"handr3","parent":"body3","pivot":[7.6,9,-12]},{"cubes":[{"origin":[1.6,2,-16],"size":[4,4,4],"uv":{"down":{"uv":[545,394],"uv_size":[4,-4]},"east":{"uv":[545,374],"uv_size":[4,4]},"north":{"uv":[545,370],"uv_size":[4,4]},"south":{"uv":[545,378],"uv_size":[4,4]},"up":{"uv":[545,386],"uv_size":[4,4]},"west":{"uv":[545,382],"uv_size":[4,4]}}}],"name":"legr3","parent":"Player3","pivot":[3.6,4,-14]},{"cubes":[{"origin":[-3.4,2,-16],"size":[4,4,4],"uv":{"down":{"uv":[545,418],"uv_size":[4,-4]},"east":{"uv":[545,398],"uv_size":[4,4]},"north":{"uv":[545,394],"uv_size":[4,4]},"south":{"uv":[545,402],"uv_size":[4,4]},"up":{"uv":[545,410],"uv_size":[4,4]},"west":{"uv":[545,406],"uv_size":[4,4]}}}],"name":"legl3","parent":"Player3","pivot":[-1.4,4,-14]},{"name":"Player2","parent":"highschool","pivot":[-22.5,3.5,-24],"rotation":[0,180,0]},{"cubes":[{"origin":[-25.4,6.5,-28],"size":[7,6,6],"uv":{"down":{"uv":[537,21],"uv_size":[7,-6]},"east":{"uv":[538,120],"uv_size":[6,6]},"north":{"uv":[203,536],"uv_size":[7,6]},"south":{"uv":[509,536],"uv_size":[7,6]},"up":{"uv":[533,536],"uv_size":[7,6]},"west":{"uv":[538,126],"uv_size":[6,6]}}}],"name":"body5","parent":"Player2","pivot":[-21.9,6.5,-25]},{"cubes":[{"inflate":0.1,"origin":[-26.9,12.5,-31],"size":[10,11,11],"uv":{"down":{"uv":[334,534],"uv_size":[10,-11]},"east":{"uv":[329,512],"uv_size":[11,11]},"north":{"uv":[304,523],"uv_size":[10,11]},"south":{"uv":[314,523],"uv_size":[10,11]},"up":{"uv":[324,523],"uv_size":[10,11]},"west":{"uv":[440,512],"uv_size":[11,11]}}},{"inflate":0.3,"origin":[-23.9,18.55,-36.2],"pivot":[-21.9,20.5,-32.35],"rotation":[12.26074,0.45371,2.71234],"size":[4,4,4],"uv":{"down":{"uv":[299,550],"uv_size":[4,-4]},"east":{"uv":[545,422],"uv_size":[4,4]},"north":{"uv":[545,418],"uv_size":[4,4]},"south":{"uv":[470,545],"uv_size":[4,4]},"up":{"uv":[545,544],"uv_size":[4,4]},"west":{"uv":[545,493],"uv_size":[4,4]}}},{"inflate":0.1,"origin":[-23.9,18.55,-32],"pivot":[-21.9,20.5,-32.35],"rotation":[12.26074,0.45371,2.71234],"size":[4,4,3],"uv":{"down":{"uv":[545,300],"uv_size":[4,-3]},"east":{"uv":[440,492],"uv_size":[3,4]},"north":{"uv":[303,546],"uv_size":[4,4]},"south":{"uv":[307,546],"uv_size":[4,4]},"up":{"uv":[544,149],"uv_size":[4,3]},"west":{"uv":[548,523],"uv_size":[3,4]}}},{"origin":[-16.8,10.4,-22.9],"size":[0,2,1],"uv":{"down":{"uv":[0,1],"uv_size":[0,-1]},"east":{"uv":[358,364],"uv_size":[1,2]},"north":{"uv":[0,0],"uv_size":[0,2]},"south":{"uv":[0,0],"uv_size":[0,2]},"up":{"uv":[0,0],"uv_size":[0,1]},"west":{"uv":[121,454],"uv_size":[1,2]}}},{"origin":[-27.05,10.4,-22.9],"size":[0,2,1],"uv":{"down":{"uv":[0,1],"uv_size":[0,-1]},"east":{"uv":[219,513],"uv_size":[1,2]},"north":{"uv":[0,0],"uv_size":[0,2]},"south":{"uv":[0,0],"uv_size":[0,2]},"up":{"uv":[0,0],"uv_size":[0,1]},"west":{"uv":[219,515],"uv_size":[1,2]}}}],"name":"head5","parent":"body5","pivot":[-21.90911,12.37952,-27.00425]},{"cubes":[{"inflate":0.025,"origin":[-25.95,16.6,-19.8],"size":[8,3,0],"uv":{"down":{"uv":[0,0],"uv_size":[8,0]},"east":{"uv":[0,0],"uv_size":[0,3]},"north":{"uv":[543,318],"uv_size":[8,3]},"south":{"uv":[323,543],"uv_size":[8,3]},"up":{"uv":[0,0],"uv_size":[8,0]},"west":{"uv":[0,0],"uv_size":[0,3]}}}],"name":"close","parent":"head5","pivot":[-21.95,18.1,-19.8]},{"cubes":[{"origin":[-24.95,16.6,-19.8],"size":[2,3,0],"uv":{"down":{"uv":[0,0],"uv_size":[2,0]},"south":{"uv":[539,104],"uv_size":[2,3]}}},{"origin":[-20.85,16.6,-19.8],"size":[2,3,0],"uv":{"down":{"uv":[0,0],"uv_size":[2,0]},"south":{"uv":[545,12],"uv_size":[2,3]}}}],"name":"eye3","parent":"head5","pivot":[-93.9,29,-58.5]},{"cubes":[{"origin":[-25.95,13.6,-19.8],"size":[8,3,0],"uv":{"down":{"uv":[0,0],"uv_size":[8,0]},"east":{"uv":[0,0],"uv_size":[0,3]},"north":{"uv":[331,543],"uv_size":[8,3]},"south":{"uv":[395,543],"uv_size":[8,3]},"up":{"uv":[0,0],"uv_size":[8,0]},"west":{"uv":[0,0],"uv_size":[0,3]}}}],"name":"mouth3","parent":"head5","pivot":[-94.1,26,-58.5]},{"cubes":[{"inflate":0.025,"origin":[-25.95,13.6,-19.8],"size":[8,3,0],"uv":{"down":{"uv":[0,0],"uv_size":[8,0]},"east":{"uv":[0,0],"uv_size":[0,3]},"north":{"uv":[403,543],"uv_size":[8,3]},"south":{"uv":[440,543],"uv_size":[8,3]},"up":{"uv":[0,0],"uv_size":[8,0]},"west":{"uv":[0,0],"uv_size":[0,3]}}}],"name":"mouth4","parent":"mouth3","pivot":[-93.95,26.1,-52.8]},{"cubes":[{"origin":[-30.4,7,-25],"size":[4,4,4],"uv":{"down":{"uv":[331,550],"uv_size":[4,-4]},"east":{"uv":[315,546],"uv_size":[4,4]},"north":{"uv":[311,546],"uv_size":[4,4]},"south":{"uv":[319,546],"uv_size":[4,4]},"up":{"uv":[327,546],"uv_size":[4,4]},"west":{"uv":[323,546],"uv_size":[4,4]}}}],"name":"handl2","parent":"body5","pivot":[-28.4,9,-23]},{"cubes":[{"origin":[-17.4,7,-25],"size":[4,4,4],"uv":{"down":{"uv":[546,442],"uv_size":[4,-4]},"east":{"uv":[395,546],"uv_size":[4,4]},"north":{"uv":[335,546],"uv_size":[4,4]},"south":{"uv":[399,546],"uv_size":[4,4]},"up":{"uv":[407,546],"uv_size":[4,4]},"west":{"uv":[403,546],"uv_size":[4,4]}}}],"name":"handr2","parent":"body5","pivot":[-15.4,9,-23]},{"cubes":[{"origin":[-21.4,2,-27],"size":[4,4,4],"uv":{"down":{"uv":[546,458],"uv_size":[4,-4]},"east":{"uv":[546,442],"uv_size":[4,4]},"north":{"uv":[440,546],"uv_size":[4,4]},"south":{"uv":[444,546],"uv_size":[4,4]},"up":{"uv":[546,450],"uv_size":[4,4]},"west":{"uv":[546,446],"uv_size":[4,4]}}}],"name":"legr2","parent":"Player2","pivot":[-19.4,4,-25]},{"cubes":[{"origin":[-26.4,2,-27],"size":[4,4,4],"uv":{"down":{"uv":[546,540],"uv_size":[4,-4]},"east":{"uv":[546,497],"uv_size":[4,4]},"north":{"uv":[546,458],"uv_size":[4,4]},"south":{"uv":[546,501],"uv_size":[4,4]},"up":{"uv":[546,519],"uv_size":[4,4]},"west":{"uv":[546,515],"uv_size":[4,4]}}}],"name":"legl2","parent":"Player2","pivot":[-24.4,4,-25]},{"name":"Player5","parent":"highschool","pivot":[-51.5,3.5,-21],"rotation":[0,180,0]},{"cubes":[{"origin":[-56.4,6.5,-24],"size":[7,6,6],"uv":{"down":{"uv":[537,39],"uv_size":[7,-6]},"east":{"uv":[538,132],"uv_size":[6,6]},"north":{"uv":[537,21],"uv_size":[7,6]},"south":{"uv":[25,537],"uv_size":[7,6]},"up":{"uv":[537,27],"uv_size":[7,6]},"west":{"uv":[538,138],"uv_size":[6,6]}}}],"name":"body6","parent":"Player5","pivot":[-52.9,5.5,-21]},{"cubes":[{"inflate":0.1,"origin":[-57.9,12.5,-27],"size":[10,11,11],"uv":{"down":{"uv":[518,534],"uv_size":[10,-11]},"east":{"uv":[451,512],"uv_size":[11,11]},"north":{"uv":[440,523],"uv_size":[10,11]},"south":{"uv":[450,523],"uv_size":[10,11]},"up":{"uv":[460,523],"uv_size":[10,11]},"west":{"uv":[462,512],"uv_size":[11,11]}}},{"inflate":0.075,"origin":[-57.9,11.62383,-27.4643],"pivot":[-124.9,10.17439,-59.28352],"rotation":[-6,0,0],"size":[10,5,2],"uv":{"down":{"uv":[543,487],"uv_size":[10,-2]},"east":{"uv":[78,552],"uv_size":[2,5]},"north":{"uv":[385,460],"uv_size":[10,5]},"south":{"uv":[237,466],"uv_size":[10,5]},"up":{"uv":[171,362],"uv_size":[10,2]},"west":{"uv":[80,552],"uv_size":[2,5]}}},{"inflate":0.075,"origin":[-48.875,10.325,-16.975],"size":[1,2,1],"uv":{"down":{"uv":[398,182],"uv_size":[1,-1]},"east":{"uv":[219,519],"uv_size":[1,2]},"north":{"uv":[219,517],"uv_size":[1,2]},"south":{"uv":[219,521],"uv_size":[1,2]},"up":{"uv":[397,181],"uv_size":[1,1]},"west":{"uv":[219,523],"uv_size":[1,2]}}},{"inflate":0.075,"origin":[-47.725,10.325,-16.975],"size":[1,1,1],"uv":{"down":{"uv":[404,182],"uv_size":[1,-1]},"east":{"uv":[400,181],"uv_size":[1,1]},"north":{"uv":[399,181],"uv_size":[1,1]},"south":{"uv":[401,181],"uv_size":[1,1]},"up":{"uv":[403,181],"uv_size":[1,1]},"west":{"uv":[402,181],"uv_size":[1,1]}}},{"inflate":0.075,"origin":[-59.075,8.325,-17.975],"size":[1,1,2],"uv":{"down":{"uv":[472,525],"uv_size":[1,-2]},"east":{"uv":[393,181],"uv_size":[2,1]},"north":{"uv":[405,181],"uv_size":[1,1]},"south":{"uv":[406,181],"uv_size":[1,1]},"up":{"uv":[344,523],"uv_size":[1,2]},"west":{"uv":[395,181],"uv_size":[2,1]}}},{"inflate":0.075,"origin":[-57.925,8.325,-16.975],"size":[1,4,1],"uv":{"down":{"uv":[408,182],"uv_size":[1,-1]},"east":{"uv":[247,470],"uv_size":[1,4]},"north":{"uv":[247,466],"uv_size":[1,4]},"south":{"uv":[345,497],"uv_size":[1,4]},"up":{"uv":[407,181],"uv_size":[1,1]},"west":{"uv":[345,501],"uv_size":[1,4]}}},{"inflate":0.075,"origin":[-57.9,11.63951,-28.61347],"pivot":[-124.9,10.19007,-59.43269],"rotation":[-6,0,0],"size":[10,2,1],"uv":{"down":{"uv":[371,182],"uv_size":[10,-1]},"east":{"uv":[344,525],"uv_size":[1,2]},"north":{"uv":[543,487],"uv_size":[10,2]},"south":{"uv":[543,489],"uv_size":[10,2]},"up":{"uv":[361,181],"uv_size":[10,1]},"west":{"uv":[344,527],"uv_size":[1,2]}}}],"name":"head6","parent":"body6","pivot":[-52.9,11.332,-20.30861]},{"cubes":[{"inflate":0.1,"origin":[-56.06669,42.50243,-22.5],"pivot":[-124.9,22,-54.5],"rotation":[0,0,13.25],"size":[3,1,3],"uv":{"down":{"uv":[548,152],"uv_size":[3,-3]},"east":{"uv":[384,181],"uv_size":[3,1]},"north":{"uv":[381,181],"uv_size":[3,1]},"south":{"uv":[387,181],"uv_size":[3,1]},"up":{"uv":[489,363],"uv_size":[3,3]},"west":{"uv":[390,181],"uv_size":[3,1]}}},{"inflate":0.1,"origin":[-61.06669,37.50243,-27.5],"pivot":[-124.9,22,-54.5],"rotation":[0,0,13.25],"size":[13,5,12],"uv":{"down":{"uv":[264,509],"uv_size":[13,-12]},"east":{"uv":[526,502],"uv_size":[12,5]},"north":{"uv":[256,526],"uv_size":[13,5]},"south":{"uv":[526,497],"uv_size":[13,5]},"up":{"uv":[251,497],"uv_size":[13,12]},"west":{"uv":[530,245],"uv_size":[12,5]}}}],"name":"hat2","parent":"head6","pivot":[-124.9,33.05,-54.5]},{"cubes":[{"inflate":0.025,"origin":[-56.95,16.6,-15.8],"size":[8,3,0],"uv":{"south":{"uv":[543,464],"uv_size":[8,3]}}}],"name":"close2","parent":"head6","pivot":[-52.95,18.1,-15.8]},{"cubes":[{"origin":[-55.95,16.6,-15.8],"size":[2,3,0],"uv":{"south":{"uv":[547,84],"uv_size":[2,3]}}},{"origin":[-51.85,16.6,-15.8],"size":[2,3,0],"uv":{"south":{"uv":[548,533],"uv_size":[2,3]}}}],"name":"eye5","parent":"head6","pivot":[-52.9,18.1,-15.8]},{"cubes":[{"origin":[-56.95,13.6,-15.8],"size":[8,3,0],"uv":{"south":{"uv":[543,467],"uv_size":[8,3]}}}],"name":"mouth10","parent":"head6","pivot":[-124.95,26.1,-48.8]},{"cubes":[{"inflate":0.025,"origin":[-56.95,13.6,-15.8],"size":[8,3,0],"uv":{"south":{"uv":[543,470],"uv_size":[8,3]}}}],"name":"mouth9","parent":"mouth10","pivot":[-52.95,15.1,-15.8]},{"cubes":[{"origin":[-61.4,7,-21],"size":[4,4,4],"uv":{"down":{"uv":[547,32],"uv_size":[4,-4]},"east":{"uv":[547,12],"uv_size":[4,4]},"north":{"uv":[546,540],"uv_size":[4,4]},"south":{"uv":[547,16],"uv_size":[4,4]},"up":{"uv":[547,24],"uv_size":[4,4]},"west":{"uv":[547,20],"uv_size":[4,4]}}}],"name":"handl5","parent":"body6","pivot":[-59.4,9,-19]},{"cubes":[{"origin":[-48.4,7,-21],"size":[4,4,4],"uv":{"down":{"uv":[547,56],"uv_size":[4,-4]},"east":{"uv":[547,36],"uv_size":[4,4]},"north":{"uv":[547,32],"uv_size":[4,4]},"south":{"uv":[547,40],"uv_size":[4,4]},"up":{"uv":[547,48],"uv_size":[4,4]},"west":{"uv":[547,44],"uv_size":[4,4]}}}],"name":"handr5","parent":"body6","pivot":[-46.4,9,-19]},{"cubes":[{"origin":[-52.4,2,-23],"size":[4,4,4],"uv":{"down":{"uv":[547,80],"uv_size":[4,-4]},"east":{"uv":[547,60],"uv_size":[4,4]},"north":{"uv":[547,56],"uv_size":[4,4]},"south":{"uv":[547,64],"uv_size":[4,4]},"up":{"uv":[547,72],"uv_size":[4,4]},"west":{"uv":[547,68],"uv_size":[4,4]}}}],"name":"legr5","parent":"Player5","pivot":[-50.4,4,-21]},{"cubes":[{"origin":[-57.4,2,-23],"size":[4,4,4],"uv":{"down":{"uv":[547,133],"uv_size":[4,-4]},"east":{"uv":[547,113],"uv_size":[4,4]},"north":{"uv":[547,80],"uv_size":[4,4]},"south":{"uv":[547,117],"uv_size":[4,4]},"up":{"uv":[547,125],"uv_size":[4,4]},"west":{"uv":[547,121],"uv_size":[4,4]}}}],"name":"legl5","parent":"Player5","pivot":[-55.4,4,-21]},{"cubes":[{"origin":[-59,-3,-56],"size":[46,5,70],"uv":{"down":{"uv":[183,456],"uv_size":[46,-92]},"east":{"uv":[476,152],"uv_size":[92,5]},"north":{"uv":[481,225],"uv_size":[46,5]},"south":{"uv":[481,230],"uv_size":[46,5]},"up":{"uv":[122,364],"uv_size":[46,92]},"west":{"uv":[476,157],"uv_size":[92,5]}}},{"origin":[-59,-3,14],"size":[46,5,58],"uv":{"down":{"uv":[305,424],"uv_size":[46,-58]},"east":{"uv":[481,191],"uv_size":[58,5]},"north":{"uv":[481,235],"uv_size":[46,5]},"south":{"uv":[481,240],"uv_size":[46,5]},"up":{"uv":[244,364],"uv_size":[46,58]},"west":{"uv":[481,196],"uv_size":[58,5]}}},{"origin":[-13,-3,14],"size":[77,5,58],"uv":{"down":{"uv":[359,332],"uv_size":[77,-58]},"east":{"uv":[476,162],"uv_size":[58,5]},"north":{"uv":[361,176],"uv_size":[77,5]},"south":{"uv":[126,456],"uv_size":[77,5]},"up":{"uv":[359,182],"uv_size":[77,58]},"west":{"uv":[476,167],"uv_size":[58,5]}}},{"origin":[-13,-3,-56],"size":[77,5,70],"uv":{"down":{"uv":[0,432],"uv_size":[77,-70]},"east":{"uv":[481,181],"uv_size":[70,5]},"north":{"uv":[248,460],"uv_size":[77,5]},"south":{"uv":[126,461],"uv_size":[77,5]},"up":{"uv":[361,0],"uv_size":[77,70]},"west":{"uv":[481,186],"uv_size":[70,5]}}},{"origin":[-54,0,70.25],"size":[115,93,2],"uv":{"down":{"uv":[481,225],"uv_size":[115,-2]},"east":{"uv":[393,475],"uv_size":[2,93]},"north":{"uv":[233,182],"uv_size":[115,93]},"south":{"uv":[181,273],"uv_size":[115,93]},"up":{"uv":[481,221],"uv_size":[115,2]},"west":{"uv":[434,492],"uv_size":[2,93]}}},{"inflate":-0.025,"origin":[60,-4,67.25],"size":[7,98,7],"uv":{"down":{"uv":[490,540],"uv_size":[7,-7]},"east":{"uv":[49,454],"uv_size":[7,98]},"north":{"uv":[415,440],"uv_size":[7,98]},"south":{"uv":[56,454],"uv_size":[7,98]},"up":{"uv":[530,354],"uv_size":[7,7]},"west":{"uv":[63,454],"uv_size":[7,98]}}},{"inflate":-0.025,"origin":[60,-4,-60],"size":[7,98,7],"uv":{"down":{"uv":[533,519],"uv_size":[7,-7]},"east":{"uv":[77,454],"uv_size":[7,98]},"north":{"uv":[70,454],"uv_size":[7,98]},"south":{"uv":[84,454],"uv_size":[7,98]},"up":{"uv":[497,533],"uv_size":[7,7]},"west":{"uv":[91,454],"uv_size":[7,98]}}},{"inflate":-0.025,"origin":[-61,-4,67.25],"size":[7,98,7],"uv":{"down":{"uv":[533,533],"uv_size":[7,-7]},"east":{"uv":[105,454],"uv_size":[7,98]},"north":{"uv":[98,454],"uv_size":[7,98]},"south":{"uv":[112,454],"uv_size":[7,98]},"up":{"uv":[533,519],"uv_size":[7,7]},"west":{"uv":[119,456],"uv_size":[7,98]}}},{"origin":[63,-2,-55],"size":[2,95,128],"uv":{"down":{"uv":[424,620],"uv_size":[2,-180]},"east":{"uv":[181,0],"uv_size":[180,91]},"north":{"uv":[436,492],"uv_size":[2,91]},"south":{"uv":[438,492],"uv_size":[2,91]},"up":{"uv":[422,440],"uv_size":[2,180]},"west":{"uv":[181,91],"uv_size":[180,91]}}}],"name":"bb_main2","parent":"highschool","pivot":[29.2,32,31.7]},{"cubes":[{"inflate":0.1,"origin":[60,14,-39.2],"size":[3,4,78],"uv":{"down":{"uv":[380,589],"uv_size":[3,-114]},"east":{"uv":[476,172],"uv_size":[114,4]},"north":{"uv":[551,360],"uv_size":[3,4]},"south":{"uv":[551,364],"uv_size":[3,4]},"up":{"uv":[377,475],"uv_size":[3,114]},"west":{"uv":[481,201],"uv_size":[114,4]}}},{"inflate":0.1,"origin":[60,57,-39.2],"size":[3,4,78],"uv":{"down":{"uv":[386,589],"uv_size":[3,-114]},"east":{"uv":[481,205],"uv_size":[114,4]},"north":{"uv":[551,368],"uv_size":[3,4]},"south":{"uv":[551,372],"uv_size":[3,4]},"up":{"uv":[383,475],"uv_size":[3,114]},"west":{"uv":[481,209],"uv_size":[114,4]}}},{"inflate":0.1,"origin":[60,14,-43.4],"size":[3,47,4],"uv":{"down":{"uv":[551,384],"uv_size":[3,-4]},"east":{"uv":[389,475],"uv_size":[4,47]},"north":{"uv":[359,493],"uv_size":[3,47]},"south":{"uv":[362,493],"uv_size":[3,47]},"up":{"uv":[551,376],"uv_size":[3,4]},"west":{"uv":[367,485],"uv_size":[4,47]}}},{"origin":[60,15,-39],"size":[3,42,78],"uv":{"down":{"uv":[374,590],"uv_size":[3,-115]},"east":{"uv":[361,92],"uv_size":[115,42]},"north":{"uv":[351,506],"uv_size":[3,42]},"south":{"uv":[354,506],"uv_size":[3,42]},"up":{"uv":[371,475],"uv_size":[3,115]},"west":{"uv":[361,134],"uv_size":[115,42]}}},{"inflate":0.1,"origin":[60,14,39],"size":[3,47,4],"uv":{"down":{"uv":[551,392],"uv_size":[3,-4]},"east":{"uv":[426,492],"uv_size":[4,47]},"north":{"uv":[345,506],"uv_size":[3,47]},"south":{"uv":[348,506],"uv_size":[3,47]},"up":{"uv":[551,384],"uv_size":[3,4]},"west":{"uv":[430,492],"uv_size":[4,47]}}}],"name":"bone11","parent":"bb_main2","pivot":[-77,0,19]},{"cubes":[{"origin":[6,2,53],"size":[5,74,15],"uv":{"down":{"uv":[35,541],"uv_size":[5,-15]},"east":{"uv":[366,366],"uv_size":[15,74]},"north":{"uv":[395,460],"uv_size":[5,74]},"south":{"uv":[400,460],"uv_size":[5,74]},"up":{"uv":[242,525],"uv_size":[5,15]},"west":{"uv":[381,366],"uv_size":[15,74]}}},{"origin":[-48,2,53],"size":[5,74,15],"uv":{"down":{"uv":[149,541],"uv_size":[5,-15]},"east":{"uv":[396,366],"uv_size":[15,74]},"north":{"uv":[405,460],"uv_size":[5,74]},"south":{"uv":[410,460],"uv_size":[5,74]},"up":{"uv":[144,526],"uv_size":[5,15]},"west":{"uv":[411,366],"uv_size":[15,74]}}},{"origin":[-43,73,53],"size":[49,3,15],"uv":{"down":{"uv":[443,416],"uv_size":[49,-15]},"east":{"uv":[532,176],"uv_size":[15,3]},"north":{"uv":[496,348],"uv_size":[49,3]},"south":{"uv":[496,351],"uv_size":[49,3]},"up":{"uv":[443,386],"uv_size":[49,15]},"west":{"uv":[533,533],"uv_size":[15,3]}}},{"origin":[-43,51,53],"size":[49,5,15],"uv":{"down":{"uv":[443,446],"uv_size":[49,-15]},"east":{"uv":[370,460],"uv_size":[15,5]},"north":{"uv":[0,479],"uv_size":[49,5]},"south":{"uv":[481,245],"uv_size":[49,5]},"up":{"uv":[443,416],"uv_size":[49,15]},"west":{"uv":[525,147],"uv_size":[15,5]}}},{"origin":[-43,2,53],"size":[49,20,15],"uv":{"down":{"uv":[0,469],"uv_size":[49,-15]},"east":{"uv":[175,476],"uv_size":[15,20]},"north":{"uv":[366,440],"uv_size":[49,20]},"south":{"uv":[443,366],"uv_size":[49,20]},"up":{"uv":[443,446],"uv_size":[49,15]},"west":{"uv":[190,476],"uv_size":[15,20]}}}],"name":"bone6","parent":"bb_main2","pivot":[-62.5,43.6,60.5]},{"cubes":[{"origin":[-41,56,56],"size":[5,12,9],"uv":{"down":{"uv":[0,543],"uv_size":[5,-9]},"east":{"uv":[40,515],"uv_size":[9,12]},"north":{"uv":[532,54],"uv_size":[5,12]},"south":{"uv":[532,66],"uv_size":[5,12]},"up":{"uv":[504,533],"uv_size":[5,9]},"west":{"uv":[189,524],"uv_size":[9,12]}}},{"origin":[-36,56,56],"size":[5,13,9],"uv":{"down":{"uv":[10,543],"uv_size":[5,-9]},"east":{"uv":[473,512],"uv_size":[9,13]},"north":{"uv":[184,526],"uv_size":[5,13]},"south":{"uv":[269,526],"uv_size":[5,13]},"up":{"uv":[5,534],"uv_size":[5,9]},"west":{"uv":[482,512],"uv_size":[9,13]}}},{"origin":[-31,56,56],"size":[5,13,9],"uv":{"down":{"uv":[20,543],"uv_size":[5,-9]},"east":{"uv":[491,512],"uv_size":[9,13]},"north":{"uv":[40,527],"uv_size":[5,13]},"south":{"uv":[247,527],"uv_size":[5,13]},"up":{"uv":[15,534],"uv_size":[5,9]},"west":{"uv":[500,512],"uv_size":[9,13]}}},{"origin":[-24,55.475,56],"pivot":[-23.5,61,60.5],"rotation":[0,0,-22.5],"size":[5,10,9],"uv":{"down":{"uv":[534,108],"uv_size":[5,-9]},"east":{"uv":[126,526],"uv_size":[9,10]},"north":{"uv":[480,533],"uv_size":[5,10]},"south":{"uv":[485,533],"uv_size":[5,10]},"up":{"uv":[534,90],"uv_size":[5,9]},"west":{"uv":[135,526],"uv_size":[9,10]}}},{"origin":[-2,56,56],"size":[5,13,9],"uv":{"down":{"uv":[279,543],"uv_size":[5,-9]},"east":{"uv":[509,512],"uv_size":[9,13]},"north":{"uv":[528,512],"uv_size":[5,13]},"south":{"uv":[528,525],"uv_size":[5,13]},"up":{"uv":[274,534],"uv_size":[5,9]},"west":{"uv":[126,513],"uv_size":[9,13]}}},{"origin":[-7,56,56],"size":[5,12,9],"uv":{"down":{"uv":[289,543],"uv_size":[5,-9]},"east":{"uv":[198,524],"uv_size":[9,12]},"north":{"uv":[532,78],"uv_size":[5,12]},"south":{"uv":[365,532],"uv_size":[5,12]},"up":{"uv":[284,534],"uv_size":[5,9]},"west":{"uv":[207,524],"uv_size":[9,12]}}},{"origin":[-12,56,56],"size":[5,13,9],"uv":{"down":{"uv":[299,543],"uv_size":[5,-9]},"east":{"uv":[135,513],"uv_size":[9,13]},"north":{"uv":[252,531],"uv_size":[5,13]},"south":{"uv":[257,531],"uv_size":[5,13]},"up":{"uv":[294,534],"uv_size":[5,9]},"west":{"uv":[144,513],"uv_size":[9,13]}}},{"origin":[-2,22,56],"size":[5,13,9],"uv":{"down":{"uv":[309,543],"uv_size":[5,-9]},"east":{"uv":[153,513],"uv_size":[9,13]},"north":{"uv":[262,531],"uv_size":[5,13]},"south":{"uv":[532,15],"uv_size":[5,13]},"up":{"uv":[304,534],"uv_size":[5,9]},"west":{"uv":[162,513],"uv_size":[9,13]}}},{"origin":[-7,22,56],"size":[5,12,9],"uv":{"down":{"uv":[319,543],"uv_size":[5,-9]},"east":{"uv":[525,91],"uv_size":[9,12]},"north":{"uv":[216,533],"uv_size":[5,12]},"south":{"uv":[221,533],"uv_size":[5,12]},"up":{"uv":[314,534],"uv_size":[5,9]},"west":{"uv":[525,103],"uv_size":[9,12]}}},{"origin":[-15,24,56],"pivot":[-15.5,28.5,60.5],"rotation":[0,0,45],"size":[5,11,9],"uv":{"down":{"uv":[329,543],"uv_size":[5,-9]},"east":{"uv":[509,525],"uv_size":[9,11]},"north":{"uv":[340,512],"uv_size":[5,11]},"south":{"uv":[475,533],"uv_size":[5,11]},"up":{"uv":[324,534],"uv_size":[5,9]},"west":{"uv":[26,526],"uv_size":[9,11]}}},{"origin":[-33,22,56],"size":[5,13,9],"uv":{"down":{"uv":[339,543],"uv_size":[5,-9]},"east":{"uv":[171,513],"uv_size":[9,13]},"north":{"uv":[532,28],"uv_size":[5,13]},"south":{"uv":[532,41],"uv_size":[5,13]},"up":{"uv":[334,534],"uv_size":[5,9]},"west":{"uv":[180,513],"uv_size":[9,13]}}},{"origin":[-38,22,56],"size":[5,15,9],"uv":{"down":{"uv":[400,543],"uv_size":[5,-9]},"east":{"uv":[220,510],"uv_size":[9,15]},"north":{"uv":[154,526],"uv_size":[5,15]},"south":{"uv":[159,526],"uv_size":[5,15]},"up":{"uv":[395,534],"uv_size":[5,9]},"west":{"uv":[229,510],"uv_size":[9,15]}}},{"origin":[-43,22,56],"size":[5,15,9],"uv":{"down":{"uv":[410,543],"uv_size":[5,-9]},"east":{"uv":[238,510],"uv_size":[9,15]},"north":{"uv":[164,526],"uv_size":[5,15]},"south":{"uv":[169,526],"uv_size":[5,15]},"up":{"uv":[405,534],"uv_size":[5,9]},"west":{"uv":[247,512],"uv_size":[9,15]}}},{"origin":[-28,22,56],"size":[5,14,9],"uv":{"down":{"uv":[445,543],"uv_size":[5,-9]},"east":{"uv":[256,512],"uv_size":[9,14]},"north":{"uv":[174,526],"uv_size":[5,14]},"south":{"uv":[179,526],"uv_size":[5,14]},"up":{"uv":[440,534],"uv_size":[5,9]},"west":{"uv":[265,512],"uv_size":[9,14]}}}],"name":"bone7","parent":"bone6","pivot":[-82.5,62,60.5]},{"cubes":[{"inflate":0.1,"origin":[74,1.8,6.75],"size":[2,13,2],"uv":{"down":{"uv":[367,554],"uv_size":[2,-2]},"east":{"uv":[537,542],"uv_size":[2,13]},"north":{"uv":[535,542],"uv_size":[2,13]},"south":{"uv":[26,543],"uv_size":[2,13]},"up":{"uv":[365,552],"uv_size":[2,2]},"west":{"uv":[28,543],"uv_size":[2,13]}}},{"inflate":0.1,"origin":[63,1.8,6.75],"size":[2,13,2],"uv":{"down":{"uv":[450,554],"uv_size":[2,-2]},"east":{"uv":[543,261],"uv_size":[2,13]},"north":{"uv":[30,543],"uv_size":[2,13]},"south":{"uv":[273,543],"uv_size":[2,13]},"up":{"uv":[369,552],"uv_size":[2,2]},"west":{"uv":[543,274],"uv_size":[2,13]}}},{"inflate":0.1,"origin":[63,1.8,65.75],"size":[2,13,2],"uv":{"down":{"uv":[454,554],"uv_size":[2,-2]},"east":{"uv":[277,543],"uv_size":[2,13]},"north":{"uv":[275,543],"uv_size":[2,13]},"south":{"uv":[279,543],"uv_size":[2,13]},"up":{"uv":[452,552],"uv_size":[2,2]},"west":{"uv":[281,543],"uv_size":[2,13]}}},{"inflate":0.1,"origin":[62,15,5.75],"size":[17,2,63],"uv":{"down":{"uv":[426,492],"uv_size":[17,-63]},"east":{"uv":[297,458],"uv_size":[63,2]},"north":{"uv":[122,362],"uv_size":[17,2]},"south":{"uv":[139,362],"uv_size":[17,2]},"up":{"uv":[426,366],"uv_size":[17,63]},"west":{"uv":[492,479],"uv_size":[63,2]}}},{"inflate":0.1,"origin":[68,17.25,8.75],"size":[5,6,5],"uv":{"down":{"uv":[294,548],"uv_size":[5,-5]},"east":{"uv":[541,444],"uv_size":[5,6]},"north":{"uv":[541,438],"uv_size":[5,6]},"south":{"uv":[541,450],"uv_size":[5,6]},"up":{"uv":[289,543],"uv_size":[5,5]},"west":{"uv":[541,456],"uv_size":[5,6]}}},{"inflate":0.1,"origin":[74,1.8,65.75],"size":[2,13,2],"uv":{"down":{"uv":[458,554],"uv_size":[2,-2]},"east":{"uv":[285,543],"uv_size":[2,13]},"north":{"uv":[283,543],"uv_size":[2,13]},"south":{"uv":[287,543],"uv_size":[2,13]},"up":{"uv":[456,552],"uv_size":[2,2]},"west":{"uv":[543,287],"uv_size":[2,13]}}}],"name":"bone22","pivot":[69.83333,11.575,32.91667]},{"cubes":[{"origin":[70.275,23.25,8.75],"pivot":[70.275,29.25,11.25],"rotation":[0,-90,0],"size":[0,12,5],"uv":{"down":{"uv":[0,5],"uv_size":[0,-5]},"east":{"uv":[226,533],"uv_size":[5,12]},"north":{"uv":[0,0],"uv_size":[0,12]},"south":{"uv":[0,0],"uv_size":[0,12]},"up":{"uv":[0,0],"uv_size":[0,5]},"west":{"uv":[231,533],"uv_size":[5,12]}}},{"origin":[70.275,23.25,8.75],"size":[0,12,5],"uv":{"down":{"uv":[0,5],"uv_size":[0,-5]},"east":{"uv":[236,533],"uv_size":[5,12]},"north":{"uv":[0,0],"uv_size":[0,12]},"south":{"uv":[0,0],"uv_size":[0,12]},"up":{"uv":[0,0],"uv_size":[0,5]},"west":{"uv":[470,533],"uv_size":[5,12]}}}],"name":"bone23","parent":"bone22","pivot":[70.275,29.25,11.25],"rotation":[0,-45,0]}],"description":{"identifier":"geometry.highschool","texture_height":1024,"texture_width":1024,"visible_bounds_height":10,"visible_bounds_offset":[0,2,0],"visible_bounds_width":25}}]}