{"format_version":"1.12.0","minecraft:geometry":[{"bones":[{"cubes":[{"origin":[-12,1,-23],"size":[23,1,3],"uv":[34,13]},{"origin":[-12,0,-24],"size":[23,4,1],"uv":[34,26]},{"origin":[-8,0,-25],"size":[15,4,1],"uv":[25,63]},{"origin":[-4,1,-24],"size":[7,5,5],"uv":[68,38]},{"origin":[11,0,-23],"size":[1,4,3],"uv":[0,17]},{"origin":[11,0,-20],"size":[1,5,4],"uv":[0,1]},{"origin":[-13,0,-20],"size":[1,5,4],"uv":[0,32]},{"origin":[-13,0,-23],"size":[1,4,3],"uv":[22,24]},{"origin":[-5,0,-26],"size":[9,5,3],"uv":[18,76]},{"origin":[-6,0.25,-17],"size":[2,1,30],"uv":[0,1]},{"origin":[-3,3,-21],"size":[5,4,4],"uv":[82,13]},{"origin":[-3,6,-19],"size":[5,2,6],"uv":[78,52]},{"origin":[-5,8,-13],"size":[9,4,4],"uv":[28,68]},{"origin":[-11,0.25,-9],"size":[21,1,2],"uv":[34,58]},{"mirror":true,"origin":[10,0,-9.5],"size":[1,4,15],"uv":[34,35]},{"origin":[-5,2,-20],"size":[9,2,9],"uv":[55,61]},{"origin":[-12,0,-9.5],"size":[1,4,15],"uv":[34,35]},{"mirror":true,"origin":[11,0,-5.5],"size":[1,4,8],"uv":[34,76]},{"origin":[-13,0,-5.5],"size":[1,4,8],"uv":[34,76]},{"origin":[-5,2,-6.25],"size":[9,2,7],"uv":[0,63]},{"origin":[-5,6.85,4.75],"size":[9,2,3],"uv":[82,26]},{"origin":[-4,1,4.75],"size":[1,6,1],"uv":[26,41]},{"origin":[2,1,4.75],"size":[1,6,1],"uv":[26,9]},{"origin":[-12.5,0.5,12.25],"size":[24,3,4],"uv":[34,6]},{"origin":[11,1,11.5],"size":[3,4,3],"uv":[13,48]},{"origin":[-15,1,11.5],"size":[3,4,3],"uv":[34,42]},{"origin":[-13.5,3.5,16.5],"size":[26,3,3],"uv":[34,0]},{"origin":[-15,2,14.5],"size":[3,4,3],"uv":[51,43]},{"origin":[-3,4.5,19.5],"size":[6,4,1.5],"uv":[51,38]},{"origin":[6,0.25,6],"size":[2,4,9],"uv":[0,17]},{"origin":[-9,0.25,6],"size":[2,4,9],"uv":[0,48]},{"origin":[-1,2,-11],"size":[1,6,1],"uv":[25,48]},{"origin":[-1,1,7.25],"size":[5,4,3],"uv":[13,17]},{"origin":[-3,1,7.75],"size":[2,3,2],"uv":[0,48]},{"mirror":true,"origin":[-9,1,-7.5],"size":[3,6,10],"uv":[0,32]},{"origin":[5,1,-7.5],"size":[3,6,10],"uv":[0,32]},{"origin":[-12,0.25,-18.5],"size":[23,1,2],"uv":[34,32]},{"origin":[3,0.25,-17],"size":[2,1,30],"uv":[0,32]},{"origin":[-11,0.25,-4],"size":[21,1,2],"uv":[51,35]},{"origin":[-11,0.25,1],"size":[21,1,4],"uv":[34,17]},{"origin":[-3,6,-17],"size":[5,3,4],"uv":[82,60]},{"origin":[-4,7,-15],"size":[7,4,4],"uv":[78,79]},{"origin":[-3.5,7.25,-7],"size":[6,6,1],"uv":[74,71]},{"origin":[-1,9.75,-11],"size":[1,1,4],"uv":[6,0]},{"origin":[-3.75,3.25,-17],"size":[6.5,5,3.5],"uv":[54,108]},{"origin":[-5,3.78033,0.53033],"size":[9,2,2],"uv":[54,76]},{"origin":[5,0.66421,4.41421],"size":[4,7,2],"uv":[16,0]},{"mirror":true,"origin":[-10,0.66421,3.41421],"size":[4,7,2],"uv":[16,0]},{"origin":[-3,2.20711,17.45711],"size":[6,3,2.5],"uv":[42,0]},{"origin":[-5,4.78033,1.53033],"size":[9,2,2],"uv":[54,76]},{"origin":[-5,5.78033,2.53033],"size":[9,2,2],"uv":[54,76]},{"origin":[-5,6.78033,3.53033],"size":[9,2,2],"uv":[54,76]},{"origin":[-3,0.20711,16.45711],"size":[6,3,1.5],"uv":[45,0]},{"origin":[11,2,14.5],"size":[3,4,3],"uv":[52,83]}],"name":"body","pivot":[0,0,0]},{"cubes":[{"origin":[8,-0.25,-14],"size":[4,1,3],"uv":[86,87]},{"origin":[8,0.75,-14],"size":[3,3,3],"uv":[24,87]},{"origin":[-13,1.75,-13],"size":[25,1,1],"uv":[34,24]},{"origin":[8,3.75,-14],"size":[4,1,3],"uv":[0,87]},{"origin":[8,0.75,-11],"size":[4,3,1],"uv":[87,38]},{"origin":[8,0.75,-15],"size":[4,3,1],"uv":[18,72]},{"origin":[-13,-0.25,-14],"size":[4,1,3],"uv":[85,21]},{"origin":[-12,0.75,-14],"size":[3,3,3],"uv":[15,84]},{"origin":[-13,0.75,-11],"size":[4,3,1],"uv":[64,83]},{"origin":[-13,3.75,-14],"size":[4,1,3],"uv":[84,31]},{"origin":[-13,0.75,-15],"size":[4,3,1],"uv":[58,90]}],"name":"leftLeg","pivot":[0,1.5,-12.5]},{"cubes":[{"origin":[-13,1.75,8],"size":[25,1,1],"uv":[34,22]},{"origin":[8,0.75,7],"size":[3,3,3],"uv":[11,90]},{"origin":[8,0.75,10],"size":[4,3,1],"uv":[48,90]},{"origin":[8,-0.25,7],"size":[4,1,3],"uv":[34,54]},{"origin":[8,0.75,6],"size":[4,3,1],"uv":[0,91]},{"origin":[8,3.75,7],"size":[4,1,3],"uv":[68,48]},{"origin":[-12,0.75,7],"size":[3,3,3],"uv":[36,88]},{"origin":[-13,-0.25,7],"size":[4,1,3],"uv":[82,48]},{"origin":[-13,0.75,10],"size":[4,3,1],"uv":[44,80]},{"origin":[-13,3.75,7],"size":[4,1,3],"uv":[86,6]},{"origin":[-13,0.75,6],"size":[4,3,1],"uv":[44,76]}],"name":"rightLeg","pivot":[0,1.5,8.5]}],"description":{"identifier":"geometry.kart","texture_height":128,"texture_width":128,"visible_bounds_height":2,"visible_bounds_offset":[0,1,0],"visible_bounds_width":4}}]}