{"format_version":"1.12.0","minecraft:geometry":[{"bones":[{"cubes":[{"origin":[-36,0,-39],"size":[59,5,62],"uv":[0,67]},{"origin":[-36,46,-39],"size":[59,5,62],"uv":[0,0]},{"origin":[-34,5,14],"size":[16,41,4],"uv":[0,175]},{"origin":[-2,5,14],"size":[20,41,4],"uv":[0,0]},{"origin":[-18,32,14],"size":[16,14,4],"uv":[180,36]},{"origin":[-18,5,14],"size":[16,11,4],"uv":[180,67]}],"name":"total","pivot":[4,3,-5]},{"cubes":[{"origin":[19.02513,5,20.52513],"pivot":[20.52513,25.5,20.52513],"rotation":[0,-45,0],"size":[3,41,0],"uv":[197,190]},{"origin":[19.02513,5,20.52513],"pivot":[20.52513,25.5,20.52513],"rotation":[-180,-45,180],"size":[3,41,0],"uv":[191,190]}],"name":"bone4","parent":"total","pivot":[20.52513,25.5,20.52513]},{"cubes":[{"origin":[19.02513,5,-36.47487],"pivot":[20.52513,25.5,-36.47487],"rotation":[0,-45,0],"size":[3,41,0],"uv":[54,0]},{"origin":[19.02513,5,-36.47487],"pivot":[20.52513,25.5,-36.47487],"rotation":[-180,-45,180],"size":[3,41,0],"uv":[48,0]}],"name":"bone5","parent":"total","pivot":[20.52513,25.5,-36.47487]},{"cubes":[{"origin":[-34.97487,5,20.52513],"pivot":[-33.47487,25.5,20.52513],"rotation":[-180,-45,180],"size":[3,41,0],"uv":[56,67]},{"origin":[-34.97487,5,20.52513],"pivot":[-33.47487,25.5,20.52513],"rotation":[0,-45,0],"size":[3,41,0],"uv":[40,175]}],"name":"bone3","parent":"total","pivot":[-33.47487,25.5,20.52513]},{"cubes":[{"origin":[-33,5,-36],"size":[0,41,50],"uv":[0,84]},{"origin":[-33,5,-36],"size":[47,41,0],"uv":[108,134]}],"name":"bone6","parent":"total","pivot":[4,3,-5]},{"cubes":[{"origin":[14,5,-37],"size":[4,30,51],"uv":[49,134]},{"origin":[13,40.5,-24],"size":[6,2,12],"uv":[180,82]},{"origin":[13,33.5,-12],"size":[6,9,2],"uv":[46,51]},{"origin":[13,33.5,-26],"size":[6,9,2],"uv":[0,117]},{"origin":[13,33.5,-24],"size":[6,2,12],"uv":[180,96]},{"origin":[16,35,-24],"size":[0,6,12],"uv":[38,33]},{"origin":[14,35,-37],"size":[4,6,11],"uv":[29,106]},{"origin":[14,35,-10],"size":[4,6,24],"uv":[0,67]},{"origin":[14,41,-37],"size":[4,5,51],"uv":[159,134]}],"name":"bone2","parent":"total","pivot":[-16,3,-13]},{"cubes":[{"origin":[1,10,-30],"size":[3,2,1],"uv":[0,55]},{"origin":[0.5,11.5,-29.25],"pivot":[1.5,9.5,-29],"rotation":[0,0,30],"size":[3,25,0],"uv":[202,134]},{"origin":[-3,9,-29],"size":[17,4,32],"uv":[180,0]},{"origin":[1,10,3],"size":[3,2,1],"uv":[48,41]},{"origin":[0.5,11.5,3.25],"pivot":[1.5,9.5,3],"rotation":[0,0,30],"size":[3,25,0],"uv":[202,159]}],"name":"bone8","parent":"bone2","pivot":[1.5,9.5,3]},{"cubes":[{"origin":[-18,16,14],"size":[16,16,4],"uv":[0,97]}],"name":"block","parent":"total","pivot":[-10,24,16]},{"name":"GRGR","parent":"total","pivot":[27,0,8]},{"name":"Guard","parent":"GRGR","pivot":[26,0,8],"rotation":[0,90,-5]},{"name":"bone12","parent":"Guard","pivot":[26,13,8],"rotation":[12.5,0,0]},{"cubes":[{"origin":[22,24,4],"size":[8,8,8],"uv":[180,16]},{"inflate":0.5,"origin":[22,24,4],"size":[8,8,8],"uv":[180,0]}],"name":"Head2","parent":"bone12","pivot":[26,24,8],"rotation":[-155.60166,17.01245,179.39913]},{"cubes":[{"origin":[22,12,6],"size":[8,12,4],"uv":[32,67]},{"inflate":0.25,"origin":[22,12,6],"size":[8,12,4],"uv":[0,67]}],"name":"Body2","parent":"bone12","pivot":[26,24,8],"rotation":[-180,0,180]},{"cubes":[{"origin":[30,18,6],"size":[4,6,4],"uv":[58,215]}],"name":"LeftArm3","parent":"bone12","pivot":[31,22,8],"rotation":[56.30993,-25.65891,16.10211]},{"cubes":[{"inflate":0.01,"origin":[30,12,6],"size":[4,6,4],"uv":[212,116]}],"name":"bone15","parent":"LeftArm3","pivot":[34,18,10],"rotation":[0,0,52.5]},{"cubes":[{"origin":[18,18,6],"size":[4,6,4],"uv":[203,206]}],"name":"RightArm2","parent":"bone12","pivot":[21,22,8],"rotation":[35.25766,11.2531,-22.47096]},{"cubes":[{"inflate":0.01,"origin":[18,12,6],"size":[4,6,4],"uv":[204,82]}],"name":"bone14","parent":"RightArm2","pivot":[18,18,10],"rotation":[0,0,-45]},{"cubes":[{"origin":[25.9,6,6],"size":[4,6,4],"uv":[156,175]},{"inflate":0.25,"origin":[25.9,6,6],"size":[4,6,4],"uv":[140,175]}],"name":"LeftLeg2","parent":"Guard","pivot":[27.9,12,8]},{"cubes":[{"origin":[25.9,0,6],"size":[4,6,4],"uv":[124,175]},{"inflate":0.25,"origin":[25.9,0,6],"size":[4,6,4],"uv":[108,175]}],"name":"bone11","parent":"LeftLeg2","pivot":[26,0,8]},{"cubes":[{"origin":[22.1,6,6],"size":[4,6,4],"uv":[78,175]},{"inflate":0.25,"origin":[22.1,6,6],"size":[4,6,4],"uv":[62,175]}],"name":"RightLeg2","parent":"Guard","pivot":[24.1,12,8],"rotation":[17.5,0,0]},{"cubes":[{"origin":[22.1,0,6],"size":[4,6,4],"uv":[46,175]},{"inflate":0.25,"origin":[22.1,0,6],"size":[4,6,4],"uv":[16,119]}],"name":"bone13","parent":"RightLeg2","pivot":[22.1,6,10],"rotation":[-65,0,0]},{"name":"PRIPRI","parent":"total","pivot":[-10.5,5,-13]},{"name":"Prisoner","parent":"PRIPRI","pivot":[1,2,-11],"rotation":[0,90,0]},{"name":"bone10","parent":"Prisoner","pivot":[1,14,-11],"rotation":[-22.5,0,0]},{"cubes":[{"origin":[-3,26,-15],"size":[8,8,8],"uv":[159,190]},{"inflate":0.5,"origin":[-3,26,-15],"size":[8,8,8],"uv":[180,110]}],"name":"Head","parent":"bone10","pivot":[1,26,-11],"rotation":[32.5,0,0]},{"cubes":[{"origin":[-3,14,-13],"size":[8,12,4],"uv":[159,206]},{"inflate":0.25,"origin":[-3,14,-13],"size":[8,12,4],"uv":[203,190]}],"name":"Body","parent":"bone10","pivot":[1,26,-11]},{"cubes":[{"origin":[5,20,-13],"size":[4,6,4],"uv":[16,220]},{"inflate":0.25,"origin":[5,20,-13],"size":[4,6,4],"uv":[0,220]}],"name":"LeftArm","parent":"bone10","pivot":[6,24,-11],"rotation":[35,0,0]},{"cubes":[{"inflate":0.01,"origin":[5,14,-13],"size":[4,6,4],"uv":[203,218]},{"inflate":0.26,"origin":[5,14,-13],"size":[4,6,4],"uv":[218,174]}],"name":"LeftArm2","parent":"LeftArm","pivot":[6,20,-11]},{"cubes":[{"origin":[-7,20,-13],"size":[4,6,4],"uv":[218,164]},{"inflate":0.25,"origin":[-7,20,-13],"size":[4,6,4],"uv":[218,154]}],"name":"RightArm","parent":"bone10","pivot":[-4,24,-11],"rotation":[35,0,0]},{"cubes":[{"inflate":0.01,"origin":[-7,14,-13],"size":[4,6,4],"uv":[218,144]},{"inflate":0.26,"origin":[-7,14,-13],"size":[4,6,4],"uv":[218,134]}],"name":"LeftArm4","parent":"RightArm","pivot":[-4,20,-11]},{"cubes":[{"inflate":-0.25,"origin":[-6,15,-20],"size":[2,2,16],"uv":[246,0]},{"inflate":-0.25,"origin":[-6.25,13,-19],"size":[2.5,6,2],"uv":[125,58]},{"inflate":-0.25,"origin":[-6.25,7.34151,-19.09151],"pivot":[-7.25,13.34151,-19.09151],"rotation":[30,0,0],"size":[2.5,6,2],"uv":[125,58]},{"inflate":-0.25,"origin":[-6.25,18.65849,-19.09151],"pivot":[-7.25,18.65849,-19.09151],"rotation":[-30,0,0],"size":[2.5,6,2],"uv":[125,58]}],"name":"pickaxe","parent":"LeftArm4","pivot":[-6.5,19,-19]},{"cubes":[{"origin":[0.9,8,-13],"size":[4,6,4],"uv":[216,88]},{"inflate":0.25,"origin":[0.9,8,-13],"size":[4,6,4],"uv":[216,50]}],"name":"LeftLeg","parent":"Prisoner","pivot":[2.9,14,-11],"rotation":[-80,0,0]},{"cubes":[{"origin":[0.9,2,-13],"size":[4,6,4],"uv":[215,212]},{"inflate":0.26,"origin":[0.9,2,-13],"size":[4,6,4],"uv":[138,215]}],"name":"bone9","parent":"LeftLeg","pivot":[4.9,8,-13],"rotation":[50,0,0]},{"cubes":[{"origin":[-2.9,8,-13],"size":[4,6,4],"uv":[122,215]},{"inflate":0.25,"origin":[-2.9,8,-13],"size":[4,6,4],"uv":[106,215]}],"name":"RightLeg","parent":"Prisoner","pivot":[-0.9,14,-11],"rotation":[-80,0,0]},{"cubes":[{"origin":[-2.9,2,-13],"size":[4,6,4],"uv":[90,215]},{"inflate":0.26,"origin":[-2.9,2,-13],"size":[4,6,4],"uv":[74,215]}],"name":"bone7","parent":"RightLeg","pivot":[-2.9,8,-13],"rotation":[50,0,0]}],"description":{"identifier":"geometry.prison","texture_height":512,"texture_width":512,"visible_bounds_height":5,"visible_bounds_offset":[0,1.5,0],"visible_bounds_width":9}}]}