{"format_version":"1.12.0","minecraft:geometry":[{"bones":[{"cubes":[{"origin":[-2,1,-15],"size":[4,4,3],"uv":[0,0]},{"origin":[-5,0,-12],"size":[10,9,17],"uv":[0,0]}],"name":"torso","pivot":[0,3.75,-8.5]},{"cubes":[{"origin":[-4,6,-12.6],"size":[2,2,1],"uv":[28,27]}],"name":"eyeberow1","parent":"torso","pivot":[-3,7,-12.1]},{"cubes":[{"origin":[2,6,-12.6],"size":[2,2,1],"uv":[28,27]}],"name":"eyeberow2","parent":"torso","pivot":[3,7,-12.1]},{"cubes":[{"origin":[-10,2,-10],"pivot":[-5,2.5,-7],"rotation":[0,0,-25],"size":[6,1,6],"uv":[0,37]}],"name":"flopper1","parent":"torso","pivot":[-5,2.5,-7]},{"cubes":[{"origin":[4,2,-10],"pivot":[5,2.5,-7],"rotation":[0,0,25],"size":[6,1,6],"uv":[41,0]}],"name":"flopper2","parent":"torso","pivot":[5,2.5,-7]},{"cubes":[{"origin":[-4,0,5],"size":[8,7,7],"uv":[29,29]}],"name":"lower","parent":"torso","pivot":[0,3.5,4.5]},{"cubes":[{"origin":[-5,2,12],"size":[10,2,8],"uv":[0,26]}],"name":"tail","parent":"lower","pivot":[0,3,12]}],"description":{"identifier":"geometry.seal","texture_height":128,"texture_width":128,"visible_bounds_height":2.5,"visible_bounds_offset":[0,0.75,0],"visible_bounds_width":4}}]}