{"format_version":"1.12.0","minecraft:geometry":[{"bones":[{"name":"Shark","pivot":[0,1.5,-11]},{"name":"lower","parent":"Shark","pivot":[0,4.5,5.5]},{"cubes":[{"origin":[-3,1,1],"size":[6,7,13],"uv":{"down":{"uv":[42,55],"uv_size":[6,-13]},"east":{"uv":[23,55],"uv_size":[13,7]},"north":{"uv":[36,55],"uv_size":[6,7]},"south":{"uv":[55,55],"uv_size":[6,7]},"up":{"uv":[36,42],"uv_size":[6,13]},"west":{"uv":[42,55],"uv_size":[13,7]}}}],"name":"lower2","parent":"lower","pivot":[0,4.5,4.5]},{"cubes":[{"origin":[-1,0.31596,10.87939],"pivot":[0,5.5,12.5],"rotation":[50,0,0],"size":[2,7,16],"uv":{"down":{"uv":[18,41],"uv_size":[2,-16]},"east":{"uv":[0,41],"uv_size":[16,7]},"north":{"uv":[16,41],"uv_size":[2,7]},"south":{"uv":[34,41],"uv_size":[2,7]},"up":{"uv":[16,25],"uv_size":[2,16]},"west":{"uv":[18,41],"uv_size":[16,7]}}},{"inflate":0.001,"origin":[-1,2.68404,10.87939],"pivot":[0,4.5,12.5],"rotation":[-40,0,0],"size":[2,7,11],"uv":{"down":{"uv":[13,62],"uv_size":[2,-11]},"east":{"uv":[0,62],"uv_size":[11,7]},"north":{"uv":[11,62],"uv_size":[2,7]},"south":{"uv":[24,62],"uv_size":[2,7]},"up":{"uv":[11,51],"uv_size":[2,11]},"west":{"uv":[13,62],"uv_size":[11,7]}}},{"origin":[-2,0.80466,11.63816],"pivot":[0,1.87627,12.03737],"rotation":[-30,0,0],"size":[4,3,9],"uv":{"down":{"uv":[65,20],"uv_size":[4,-9]},"east":{"uv":[52,20],"uv_size":[9,3]},"north":{"uv":[61,20],"uv_size":[4,3]},"south":{"uv":[74,20],"uv_size":[4,3]},"up":{"uv":[61,11],"uv_size":[4,9]},"west":{"uv":[65,20],"uv_size":[9,3]}}},{"origin":[-2,5.31596,11.87939],"pivot":[0,6.5,12.5],"rotation":[50,0,0],"size":[4,3,15],"uv":{"down":{"uv":[65,62],"uv_size":[4,-15]},"east":{"uv":[46,62],"uv_size":[15,3]},"north":{"uv":[61,62],"uv_size":[4,3]},"south":{"uv":[80,62],"uv_size":[4,3]},"up":{"uv":[61,47],"uv_size":[4,15]},"west":{"uv":[65,62],"uv_size":[15,3]}}}],"name":"tail","parent":"lower2","pivot":[0,4.19268,12.73195]},{"cubes":[{"origin":[-5,0,-11],"size":[10,9,16],"uv":{"down":{"uv":[26,16],"uv_size":[10,-16]},"east":{"uv":[0,16],"uv_size":[16,9]},"north":{"uv":[16,16],"uv_size":[10,9]},"south":{"uv":[42,16],"uv_size":[10,9]},"up":{"uv":[16,0],"uv_size":[10,16]},"west":{"uv":[26,16],"uv_size":[16,9]}}},{"origin":[-1,7,-4],"pivot":[0,12,-1],"rotation":[-22.5,0,0],"size":[2,9,7],"uv":{"down":{"uv":[28,69],"uv_size":[2,-7]},"east":{"uv":[19,69],"uv_size":[7,9]},"north":{"uv":[26,69],"uv_size":[2,9]},"south":{"uv":[35,69],"uv_size":[2,9]},"up":{"uv":[26,62],"uv_size":[2,7]},"west":{"uv":[28,69],"uv_size":[7,9]}}},{"origin":[-5.4077,-3.20106,0],"pivot":[-4.9077,-0.70106,2.5],"rotation":[25,0,37.5],"size":[1,5,5],"uv":{"down":{"uv":[76,51],"uv_size":[-1,-5]},"east":{"uv":[69,51],"uv_size":[5,5]},"north":{"uv":[74,51],"uv_size":[1,5]},"south":{"uv":[80,51],"uv_size":[1,5]},"up":{"uv":[75,51],"uv_size":[-1,-5]},"west":{"uv":[75,51],"uv_size":[5,5]}}},{"origin":[4.4077,-3.20106,0],"pivot":[4.9077,-0.70106,2.5],"rotation":[25,0,-37.5],"size":[1,5,5],"uv":{"down":{"uv":[75,51],"uv_size":[1,-5]},"east":{"uv":[80,51],"uv_size":[-5,5]},"north":{"uv":[75,51],"uv_size":[-1,5]},"south":{"uv":[81,51],"uv_size":[-1,5]},"up":{"uv":[74,51],"uv_size":[1,-5]},"west":{"uv":[74,51],"uv_size":[-5,5]}}}],"name":"torso","parent":"lower","pivot":[0,3.61115,-2.68235]},{"cubes":[{"origin":[-13,0,-10],"size":[8,2,5],"uv":{"down":{"uv":[85,5],"uv_size":[-8,-5]},"east":{"uv":[82,5],"uv_size":[-5,2]},"north":{"uv":[77,5],"uv_size":[-8,2]},"south":{"uv":[90,5],"uv_size":[-8,2]},"up":{"uv":[77,0],"uv_size":[-8,5]},"west":{"uv":[69,5],"uv_size":[-5,2]}}}],"name":"fin1","parent":"torso","pivot":[-5,1,-7.5]},{"cubes":[{"origin":[5,0,-10],"size":[8,2,5],"uv":{"down":{"uv":[77,5],"uv_size":[8,-5]},"east":{"uv":[64,5],"uv_size":[5,2]},"north":{"uv":[69,5],"uv_size":[8,2]},"south":{"uv":[82,5],"uv_size":[8,2]},"up":{"uv":[69,0],"uv_size":[8,5]},"west":{"uv":[77,5],"uv_size":[5,2]}}}],"name":"fin2","parent":"torso","pivot":[4,1,-7.5]},{"cubes":[{"inflate":0.025,"origin":[-5,3,-22],"size":[10,6,11],"uv":{"down":{"uv":[57,36],"uv_size":[10,-11]},"east":{"uv":[36,36],"uv_size":[11,6]},"north":{"uv":[47,36],"uv_size":[10,6]},"south":{"uv":[68,36],"uv_size":[10,6]},"up":{"uv":[47,25],"uv_size":[10,11]},"west":{"uv":[57,36],"uv_size":[11,6]}}}],"name":"head","parent":"torso","pivot":[0,3.75,-10.75]},{"cubes":[{"origin":[5.15,4,-14.5],"size":[0,2,2],"uv":{"down":{"uv":[57,28],"uv_size":[0,-3]},"east":{"uv":[81,40],"uv_size":[-2,2]},"north":{"uv":[47,36],"uv_size":[0,6]},"south":{"uv":[68,36],"uv_size":[10,6]},"up":{"uv":[47,25],"uv_size":[0,3]},"west":{"uv":[79,40],"uv_size":[2,2]}}}],"name":"eye1","parent":"head","pivot":[5.15,5,-13.5]},{"cubes":[{"origin":[-5.1,4,-14.5],"size":[0,2,2],"uv":{"down":{"uv":[57,28],"uv_size":[0,-3]},"east":{"uv":[81,40],"uv_size":[-2,2]},"north":{"uv":[47,36],"uv_size":[0,6]},"south":{"uv":[68,36],"uv_size":[10,6]},"up":{"uv":[47,25],"uv_size":[0,3]},"west":{"uv":[79,40],"uv_size":[2,2]}}}],"name":"eye2","parent":"head","pivot":[-5.1,5,-13.5]},{"cubes":[{"inflate":-0.025,"origin":[-5,0.05237,-18.99672],"size":[10,3,8],"uv":{"down":{"uv":[54,8],"uv_size":[10,-8]},"east":{"uv":[36,8],"uv_size":[8,3]},"north":{"uv":[44,8],"uv_size":[10,3]},"south":{"uv":[62,8],"uv_size":[10,3]},"up":{"uv":[44,0],"uv_size":[10,8]},"west":{"uv":[54,8],"uv_size":[8,3]}}}],"name":"mouth","parent":"head","pivot":[0,1.90236,-14.99977]}],"description":{"identifier":"geometry.shark","texture_height":128,"texture_width":128,"visible_bounds_height":2.5,"visible_bounds_offset":[0,0.75,0],"visible_bounds_width":5}}]}