{"format_version":"1.12.0","minecraft:geometry":[{"bones":[{"cubes":[{"origin":[-7,7,-6],"size":[14,1,12],"uv":[54,0]},{"origin":[6,0.025,-8],"size":[2,6,2],"uv":[0,19]},{"origin":[6,0.025,6],"size":[2,6,2],"uv":[8,19]},{"mirror":true,"origin":[-8,0.025,-8],"size":[2,6,2],"uv":[0,19]},{"mirror":true,"origin":[-8,0.025,6],"size":[2,6,2],"uv":[8,19]},{"origin":[-9,6.025,-9],"size":[18,1,18],"uv":[0,19]},{"origin":[-7,0,-7],"size":[14,7,14],"uv":[0,38]}],"name":"Chest","pivot":[0,0,0]},{"cubes":[{"origin":[-9,6.975,-9],"size":[18,1,18],"uv":[0,0]},{"origin":[6,7.975,-8],"size":[2,5,2],"uv":[0,38]},{"origin":[6,12.975,-8],"size":[2,2,16],"uv":[54,19]},{"origin":[6,7.975,6],"size":[2,5,2],"uv":[0,27]},{"mirror":true,"origin":[-8,7.975,-8],"size":[2,5,2],"uv":[0,38]},{"mirror":true,"origin":[-8,12.975,-8],"size":[2,2,16],"uv":[54,19]},{"mirror":true,"origin":[-8,7.975,6],"size":[2,5,2],"uv":[0,27]},{"origin":[-7,7,-7],"size":[14,7,14],"uv":[42,45]},{"inflate":0.25,"origin":[-3,5,-9],"size":[6,4,2],"uv":[0,0]}],"name":"Lid","parent":"Chest","pivot":[8,7,8]}],"description":{"identifier":"geometry.treasurechest","texture_height":128,"texture_width":128,"visible_bounds_height":3.5,"visible_bounds_offset":[0,1.25,0],"visible_bounds_width":3}}]}