{"version":1,"content":[{"path":"entity/Prison/Furniture/airhockey.json","key":"wmcygKuiZcCZHx6UyWWo9uur2tZGCv6X"},{"path":"entity/Prison/Furniture/american_chair.json","key":"JyT1uR4CP0oGJeACgseI62lYHARB9EQh"},{"path":"entity/Prison/Furniture/american_jukebox.json","key":"UYebj1xpohGTHe7aXL9i8dmumlIafomk"},{"path":"entity/Prison/Furniture/american_plant2.json","key":"VMaGp4cfZAFFFf2b6wIunbTdJnANqMMj"},{"path":"entity/Prison/Furniture/american_table.json","key":"7j3Zujyx2BxwwSbqd6vblT4CXjpxpKFB"},{"path":"entity/Prison/Furniture/amethyst_bed.json","key":"zFctAayDj8j6XHMEbXes9igSiGQF93Fo"},{"path":"entity/Prison/Furniture/amethyst_block_trophy.json","key":"wTkzkSM2MdLWTfN2HbdxGBRQULDtlPZV"},{"path":"entity/Prison/Furniture/amethyst_crystal.json","key":"jInkZrki1hcAAW3rLkwreWBZIFPJVM8L"},{"path":"entity/Prison/Furniture/amethyst_staff.json","key":"Dt27Bg0NmSWCuRdbzp78nqP4m11wk7U9"},{"path":"entity/Prison/Furniture/basic_fancy_prisonbed.json","key":"cTOR30I5N4n6Q0hBufCwje0HjpkbheJG"},{"path":"entity/Prison/Furniture/basic_prisonbed.json","key":"b5tlQORrrzTh3ac8UTOsTYGXyvHZUR7U"},{"path":"entity/Prison/Furniture/basic_rug.json","key":"UJd4Gc4IW5ZXrH44qKK8ZSROiNo23Z4L"},{"path":"entity/Prison/Furniture/benchpress.json","key":"9WEbGd3ruW6srJZlOWOQkIdBdLNitOrN"},{"path":"entity/Prison/Furniture/bohemian_rug.json","key":"wSQlVld1ISrgNyWkVIQQG4sc7sE82SiP"},{"path":"entity/Prison/Furniture/chinese_plant.json","key":"egoM67Ad3muSsUsWp4VwhI2ll7sj4z2z"},{"path":"entity/Prison/Furniture/circular_rug.json","key":"QPI1WntjkYe0YbGUVSqgKabRLRNr8I4h"},{"path":"entity/Prison/Furniture/coal_item_trophy.json","key":"qguBJOdHKfd72m3BrLq9j5eGlhFszenB"},{"path":"entity/Prison/Furniture/cobblestone_item_trophy.json","key":"uqSsaWSWhkpPFUZkO7l3qP1FpS6h66ls"},{"path":"entity/Prison/Furniture/cookchair1.json","key":"mhLgWusBY90TT2c8ehoqzyyVL3XzTWbX"},{"path":"entity/Prison/Furniture/cookchair2.json","key":"7fROp9y9aHvZAuR3GhLgDqK71uWkIKLe"},{"path":"entity/Prison/Furniture/cookchair3.json","key":"t3l0NhjaTESkB0omK1Ah3oh508XToXAx"},{"path":"entity/Prison/Furniture/cookchair4.json","key":"p2JC5dcf8bNENNBkKRk0EQhn95QBrVXW"},{"path":"entity/Prison/Furniture/cookplant1.json","key":"izij5hcncZ5FEg8vylvrkM7KQkM8IqJ4"},{"path":"entity/Prison/Furniture/cookplant2.json","key":"laEYjHBdJp4Mm20HUO6PQZq9MIrI3BLn"},{"path":"entity/Prison/Furniture/cookplant3.json","key":"r99xzq2RX64zzqcnR6B8dQW9XzQ9q39j"},{"path":"entity/Prison/Furniture/cookplant4.json","key":"26n0bIsm5MxDbDVtH90BPBUHasdGsTMe"},{"path":"entity/Prison/Furniture/cookplant5.json","key":"1qIEHmfYd0zCoJsIJsgVsRwFWJngfYqz"},{"path":"entity/Prison/Furniture/cooktable1.json","key":"AQJSZqZRHTTjea5F4fEU59Re1CRUtgxC"},{"path":"entity/Prison/Furniture/cooktable2.json","key":"xBfFNHGiRrGC9vWkmsBrqeKxXZih2ymo"},{"path":"entity/Prison/Furniture/cooktable3.json","key":"exwKZ8s18VJEwL7LJ0bpUJCiDAN3kA0h"},{"path":"entity/Prison/Furniture/cooktable4.json","key":"LI3jqrIFpqXCK7KI0cCbAssjMz9PEYnz"},{"path":"entity/Prison/Furniture/crying_obsidian_trophy.json","key":"XwkqADWLXyppJpKXATcMVmSecNoi8qes"},{"path":"entity/Prison/Furniture/diamond_block_trophy.json","key":"drs04CgtLB8ZvNsmBsv22J5giT6jrYuA"},{"path":"entity/Prison/Furniture/diamond_chest.json","key":"M7ofgA8GiwO0CyKhDn0dTOVZRYAhumvh"},{"path":"entity/Prison/Furniture/diamond_item_trophy.json","key":"bmuMSrOedzZj2yJqlxh4c1F9tpNnhY0z"},{"path":"entity/Prison/Furniture/emerald_block_trophy.json","key":"YB6T7oFODPFOKDPucZwAWgb4jhTY1bcb"},{"path":"entity/Prison/Furniture/emerald_item_trophy.json","key":"dXqmVdnyudtoSyniEzbCxVpuGQdQs0ci"},{"path":"entity/Prison/Furniture/entertainment_system.json","key":"TYTQhiDxTmhQpjP5bTuvlCGUxWpFs78o"},{"path":"entity/Prison/Furniture/fancy_rug.json","key":"glCgSicXVNppi0w7D6SrWyIXLIXAFXqn"},{"path":"entity/Prison/Furniture/fengshui_wallart.json","key":"qHy5KS3rsTiZcCQvfLXYZgSsn8B1D5C3"},{"path":"entity/Prison/Furniture/frenzy_block_trophy.json","key":"tN5WFNlEGwKpfJ9kfYPaHrdCTJkTTOXf"},{"path":"entity/Prison/Furniture/gold_block_trophy.json","key":"ReL6auiyRQPYWuvAdChsS85TP47Itxss"},{"path":"entity/Prison/Furniture/gold_ingot_item_trophy.json","key":"IeTNoosscpndhUhfpRLhY57DNK5f6kPL"},{"path":"entity/Prison/Furniture/goldencreeper.json","key":"osc2vtjA9PirznBfbTEEyHIh2lX4TXOv"},{"path":"entity/Prison/Furniture/goldscaryhairystatue.json","key":"sGBsrkxLGUk6GDxiHnpAbYNUkLpU1Afv"},{"path":"entity/Prison/Furniture/grand_piano.json","key":"Lk6iq5nfNpGbjqTfxS9NsIhYaDMktqEF"},{"path":"entity/Prison/Furniture/great_fancy_prisonbed.json","key":"SiNoQlGfLP9mnUSmSRWeIYa23xhgkYNs"},{"path":"entity/Prison/Furniture/great_prisonbed.json","key":"MLfd8TR9kCa5Iu2sIG05LvUoyVqkxTDD"},{"path":"entity/Prison/Furniture/groovy_rug.json","key":"AW6fwz6RTaFKIj6AYFUIkBiU86bwqRzD"},{"path":"entity/Prison/Furniture/indian_tapestry2.json","key":"l9T1jeqNMRnqug92UKjBNyzaZ4KfHoK5"},{"path":"entity/Prison/Furniture/iron_block_trophy.json","key":"WmbJpsbjYpv5Djx2KgC0uIt8PdzV2uCH"},{"path":"entity/Prison/Furniture/iron_ingot_item_trophy.json","key":"eZrSghNsSw6E0mk9DuP5yN94LpxPe6CY"},{"path":"entity/Prison/Furniture/italian_chair.json","key":"o6SiWs4KuZvryZgOU1D0FBIG8v3fHLyN"},{"path":"entity/Prison/Furniture/italian_table.json","key":"BeWBuwjwfkVwlfrVjEOtY1Xm08O0jhJo"},{"path":"entity/Prison/Furniture/japan_painting.json","key":"NEHHYt9qfjLT6JBNjGLxDCW3wucFBWvh"},{"path":"entity/Prison/Furniture/japan_plant1.json","key":"5yaCfYj4gg0Oowrumg74BQVJ9WBoqGZG"},{"path":"entity/Prison/Furniture/japan_plant2.json","key":"ZLtlBx7R0fpHHgCKIzeJRahpQyfbEvKz"},{"path":"entity/Prison/Furniture/knight_armor.json","key":"7Iqy8fAJzJDU8psalyd5EATiKgtXirZe"},{"path":"entity/Prison/Furniture/lapis_lazuli_item_trophy.json","key":"PCdHPBKVmiRQB9JkVsJEf27ZQpxrf8VS"},{"path":"entity/Prison/Furniture/large_sofa.json","key":"LX2kB5qTuF0Hx53fHwdhndrPJfIr4jdG"},{"path":"entity/Prison/Furniture/magic_sword.json","key":"ByBVWQtJTg52W3kKzc2UdhCYIrsBUWSw"},{"path":"entity/Prison/Furniture/magic_wand.json","key":"1EtC5OBMn9dL9CODEkDlacg1uhsbssOf"},{"path":"entity/Prison/Furniture/medium_fancy_prisonbed.json","key":"lKwfztUDkJxfFiQ3EtZ7nVcjnlHr1MmE"},{"path":"entity/Prison/Furniture/medium_prisonbed.json","key":"2iLIl4JAEQuyzyiLXNQjMBXAkoUhWzGg"},{"path":"entity/Prison/Furniture/mob_spawner_trophy.json","key":"fa8iX1FJTSoqjuopVqWFnnBqQm9XT2PE"},{"path":"entity/Prison/Furniture/morocan_painting.json","key":"F0Mx8QO8sCIFHmXEtsDERC3k6Rs6ZtSm"},{"path":"entity/Prison/Furniture/morocan_plant2.json","key":"J0xFKK8a5xDJsOBVEdtmQxK3xHsjaRgJ"},{"path":"entity/Prison/Furniture/obsidian_trophy.json","key":"64WrCML7bCQIwBP94Ig7OChwoI7on1vO"},{"path":"entity/Prison/Furniture/oldtelevision.json","key":"DnHlW7UheV68vqbgsIq2NKkN2p7g6jpm"},{"path":"entity/Prison/Furniture/olivetree.json","key":"r4AJyZcTuyPYp9nEXNDe6VlG6wRM7Crg"},{"path":"entity/Prison/Furniture/paintinghorizontal1.json","key":"ll0vWhOPjRtnOABVgmY74ju3D3otGUQm"},{"path":"entity/Prison/Furniture/paintingvertical2.json","key":"9oT8oXQUBnAxUUbvVdVG6dpiBC9qxUWL"},{"path":"entity/Prison/Furniture/pedestal_aipickaxe.json","key":"qOceQSrkUrr3lNnafkQgj5fgqnqUyc94"},{"path":"entity/Prison/Furniture/pedestal_alphabetpickaxe.json","key":"H42U6YXGTsHwyaHAgwTk7h2lszzWMUWp"},{"path":"entity/Prison/Furniture/pedestal_armorerpickaxe.json","key":"z3EdYCCPjihJxl4R7cCpHqJwrLs9TOVK"},{"path":"entity/Prison/Furniture/pedestal_chargedcreeperpickaxe.json","key":"LOzIBElxVos5nYKCpdwIbcYInCajvcrf"},{"path":"entity/Prison/Furniture/pedestal_creeperbombpickaxe.json","key":"u8PUhSUxZVsZUW5CsSkXt9NBgDenT8MS"},{"path":"entity/Prison/Furniture/pedestal_deepdivepickaxe.json","key":"Ef5er8bIa0Ms4IcM5rFsiGcUXgXHr4e4"},{"path":"entity/Prison/Furniture/pedestal_diamondpickaxe.json","key":"mVBtE3dJbFLzzSv78PuhOKYBT54o4Vcz"},{"path":"entity/Prison/Furniture/pedestal_dragoncallerpickaxe.json","key":"HcY7U4858i5vfu4w8KZPL6tK1AO1lxrv"},{"path":"entity/Prison/Furniture/pedestal_drillpickaxe.json","key":"LwmB7RQQYeLbFsq7AVlcKOXqSBj12O1i"},{"path":"entity/Prison/Furniture/pedestal_firepickaxe.json","key":"XFyMjLE2bfwvRxiPEAK6ipVB5LvAbEpL"},{"path":"entity/Prison/Furniture/pedestal_flamethrowerpickaxe.json","key":"26DBR2q8pFoZIwYiofS8VygReBlOjyYW"},{"path":"entity/Prison/Furniture/pedestal_frenzypickaxe.json","key":"H2mS3iwaCyOO5DmoXipMsQvsJriFSPxY"},{"path":"entity/Prison/Furniture/pedestal_glitchpickaxe.json","key":"vlReqtRIXJ6MtpeqaU9ysDZsl04ZV2KL"},{"path":"entity/Prison/Furniture/pedestal_jackfrostpickaxe.json","key":"hQUnPN47m2krMnkVdIoikKdUYiPuqoKS"},{"path":"entity/Prison/Furniture/pedestal_lightningpickaxe.json","key":"81ytrSF3vjB1bwdILUNaDIyezxdsuimR"},{"path":"entity/Prison/Furniture/pedestal_meteoritepickaxe.json","key":"SDttrSx0mUP8XBtsmlxYMv6VYZGm5oQ4"},{"path":"entity/Prison/Furniture/pedestal_mysticpickaxe.json","key":"aVX3jVIqLJPqbnalvaBAMUSnZ9oVQ3SJ"},{"path":"entity/Prison/Furniture/pedestal_naturalpickaxe.json","key":"iziTAvHSUkVQypbVPl3c26sYgvOKrlkn"},{"path":"entity/Prison/Furniture/pedestal_portalpickaxe.json","key":"7UI4WWowrOpkT457gozxN7RY8mDOnZVT"},{"path":"entity/Prison/Furniture/pedestal_rainbowpickaxe.json","key":"NvlPIX3bvbuD6An2NKEu3OhL17RBu7mG"},{"path":"entity/Prison/Furniture/pedestal_summonerpickaxe.json","key":"6yMWI8N0tBaWHgEn3Lury0vQZRE4ZaIZ"},{"path":"entity/Prison/Furniture/pedestal_surfpickaxe.json","key":"vMZk1QV1m37jU5FVrDef9lQ2ClhwmIBF"},{"path":"entity/Prison/Furniture/pedestal_suspiciouspickaxe.json","key":"UUiWVS9UGO2TObQMxV5qsZ430xHdIGdV"},{"path":"entity/Prison/Furniture/pedestal_tntpickaxe.json","key":"A182JdVI1cJtujbGAKpwKFqeRCmGvrvm"},{"path":"entity/Prison/Furniture/pedestal_trophy.json","key":"zLkYqVoayKlUtNxdzkr8oKq9bMI7L0a4"},{"path":"entity/Prison/Furniture/pedestal_waterpickaxe.json","key":"BvPeCRkwesecNHM7FGPzTOjlnmAl8Ztl"},{"path":"entity/Prison/Furniture/pedestal_webshooterpickaxe.json","key":"Rl3lqC1pO1ZK72SBhdsm2Zowx8gOeE85"},{"path":"entity/Prison/Furniture/platinum_creeper.json","key":"oG9STc2UnJ57Lpfge8XCWyP9SdH3SpZp"},{"path":"entity/Prison/Furniture/redstone_item_trophy.json","key":"Ur4udkP4mDkhC3UpOkEruL091I0hU88S"},{"path":"entity/Prison/Furniture/ruffy_signedposter.json","key":"DWDkIV2AvjF2Bq5AsLXxdXLkFT2fAQu8"},{"path":"entity/Prison/Furniture/small_sofa.json","key":"KBQmweZIIlbgp7hYAP66Ct3tGFL5O2lM"},{"path":"entity/Prison/Furniture/small_sofa_red.json","key":"LeKU1WZGGMNkL49kiXNAwscgVWqAx8P8"},{"path":"entity/Prison/Furniture/starry_rug.json","key":"vJkQyE9elwKpfw25hf5yErlj5mdxUMdL"},{"path":"entity/Prison/Furniture/sushistation.json","key":"17Q29Jdu9aK10gufLqZ3PPfPoyjuww53"},{"path":"entity/Prison/Furniture/tea_set.json","key":"2oAKs0x9dofDJCg8SXdI6hc4E3RNOKAf"},{"path":"entity/Prison/Furniture/threepaintings.json","key":"PvU8EWbQsN95Uz78OQSRGJ3fY5qVVkYl"},{"path":"entity/Prison/Furniture/treadmill.json","key":"dswWSUHECiU0zZrz9lqhcrO5DymO9eBG"},{"path":"entity/Prison/Furniture/vinyls.json","key":"bfBVBeIXOf4Y9a5j9RgYY8ZNLfOmx9ko"},{"path":"entity/Prison/american_chair.json","key":"1TTdd0X86Ny4YFgeZ0A0mORiy78hdUrt"},{"path":"entity/Prison/armorer.json","key":"yu3yMwk2xlpHmzmgSw4DL6J7ETfbQqdy"},{"path":"entity/Prison/cannon.json","key":"eoTsNLGw59M08jgUan3PRGJdWXeXhjYM"},{"path":"entity/Prison/coppergolem.json","key":"wNCjKXLqxHQhawKcUsxMfzq2st2cUjDU"},{"path":"entity/Prison/drill.json","key":"xU3rv5CyavQsWDb5A6CEXyzZgyG5cJjn"},{"path":"entity/Prison/drillpickaxe.json","key":"LgbrNXbWdpwhyW7AKpBz2VJtiWKERbnJ"},{"path":"entity/Prison/elevator-diamond.json","key":"j6HXZhQo8FRKgJOaApT0BmluIp72kadC"},{"path":"entity/Prison/elevator-gold.json","key":"2U9IZZSG1OZLWI9qlYeoRly2V0UZ1dSC"},{"path":"entity/Prison/elevator.json","key":"oWNulplewj1d4Mjo31tYx4JTLiJrzs75"},{"path":"entity/Prison/gigacreeper.json","key":"4z6Esr2vToQ0iTKEzi5WIftRjgEUPqkY"},{"path":"entity/Prison/glitchcrystal.json","key":"ukpY2ZFj4Tm0CLbLgWBnkgEsNCre5hGV"},{"path":"entity/Prison/goldgolem.json","key":"dSfOskZVLd8mJA624BPxIbsbMR73tu8k"},{"path":"entity/Prison/golemforge.json","key":"LKTplZnPcgnBWWugraw8KAGrgj1nhklv"},{"path":"entity/Prison/idleancientdragon.json","key":"1f2514vwq3I9ZR6Q4LmcH9cJtLqeelqK"},{"path":"entity/Prison/maxprisonbillboard.json","key":"mo0RX6gtjl85K8BJkK7sUQTRGb0igo0z"},{"path":"entity/Prison/maxsecurityguard.json","key":"HmFIE9LOKVlgiyeAeK4gHf5vqr68HsST"},{"path":"entity/Prison/prisonbuyer.json","key":"QOLuZCNZe5jXlA92EG2w0vhcu1Xji4E6"},{"path":"entity/Prison/prisoncharlie.json","key":"01y1HM18Vy2u66yCSTIATjlipjMy0ylm"},{"path":"entity/Prison/scaryhairy.json","key":"ykRfl6Mx80JLzMe9LCb9e6tR51iXcMuR"},{"path":"entity/Prison/silvergolem.json","key":"ZHBHMPjd8Vv1KfkRZBU9m2vnhX6RWPAv"},{"path":"entity/Prison/surfboard_red.json","key":"UZg9X0xzkbYGWqL3T8YIBB5GP88TY2WP"},{"path":"entity/Prison/tractorbeam.json","key":"edp6YneeW01UQomCTNeQXSFUPcD2hAcT"},{"path":"entity/Prison/ufoalien.json","key":"bOyj07N5L7Y7c8tEtAoD8cVoRjOiCR9k"},{"path":"entity/Prison/ufomodel.json","key":"qoY9DenznvUSqTxCOLxD0LqzsUkb1nyb"},{"path":"entity/Prison/warden.json","key":"GzwWZg9CJ00PP3uKTlogUgiyzb4T2P3x"},{"path":"entity/Prison/waterwaveBig.json","key":"yy47Oa9zGpgmP8B1B7sunq62tB0z7m2f"},{"path":"manifest.json","key":null},{"path":"models/entity/Prison/airhockey.json","key":"8KUCWLZ8RIbaRURwcBVx9Pz26mKBrxV8"},{"path":"models/entity/Prison/american_chair.geo.json","key":"jgUOJaoP33jLcwQ27vJQTuJRYFqeBg06"},{"path":"models/entity/Prison/american_jukebox.geo.json","key":"tbDTZrNEz7SZ8Rb0YC8ZZLGEzFKdtZ01"},{"path":"models/entity/Prison/american_plant2.geo.json","key":"qXFqOZyvhe6xfC3UVqLjOt7QxYXB38HQ"},{"path":"models/entity/Prison/american_table.geo.json","key":"Irs58nPluWHwFoye0MGeElxv458Ll61Q"},{"path":"models/entity/Prison/amethyst_bed.json","key":"Qg1B7N4p1vI3elGRGXG9sPVV7gOOPyuH"},{"path":"models/entity/Prison/amethyst_block_trophy.json","key":"oSu3TWhcuImNbPfpDdTDCVTSJveHIvAB"},{"path":"models/entity/Prison/amethyst_crystal.json","key":"hJpZ5kyep3lmjsXSUmgG8A1wOgxdc1qp"},{"path":"models/entity/Prison/amethyst_staff.json","key":"4rHBUR5wm4qWr6GLIqaW29jRHOB2v4Pq"},{"path":"models/entity/Prison/armorer.json","key":"pxAABNY4lfJV7hN1JuPpzMcxE8pfPD1h"},{"path":"models/entity/Prison/basic_fancy_prisonbed.json","key":"ef7uRqhDxqwnDmOKG0rtYSOiLn2pt5sx"},{"path":"models/entity/Prison/basic_prisonbed.json","key":"BeoZTcqAMSAdkV6iqTO4QDDzfuhf9eRQ"},{"path":"models/entity/Prison/basic_rug.json","key":"BCKxCc3jyjX3q7vTUBrk2PxY7Xz2CdBD"},{"path":"models/entity/Prison/benchpress.json","key":"QO7iJAHhtbmU8ziciJnPCv8O5TtDhiKo"},{"path":"models/entity/Prison/bohemian_rug.json","key":"O3zGmmJqS8MChtmIJMj8Z9cBcEOn3Rs5"},{"path":"models/entity/Prison/cannon.geo.json","key":"Cq5QcS5rQ5lqjZthsdW3OPSOKHv181Ni"},{"path":"models/entity/Prison/chinese_plant.geo.json","key":"21Nx1Bw2grqLuhxuyB2l2KYfbbXXhTND"},{"path":"models/entity/Prison/circular_rug.json","key":"Zb9Ef4TbJUsXzSVwNY3yJmhEaxMbJ0UF"},{"path":"models/entity/Prison/coal_item_trophy.json","key":"KzlCaami824B5LolJG0cAjwvRedsysmk"},{"path":"models/entity/Prison/cobblestone_item_trophy.json","key":"HkaXZqoIf0Qxgx5RQhuHtPgveNLEvOYI"},{"path":"models/entity/Prison/cookchair1.json","key":"Z43bC82MvOgiLZdJpsgzNbLbwQRdrJTD"},{"path":"models/entity/Prison/cookchair2.json","key":"4z7MhQ62FGbniNNwgardeNjR8Ln9RauW"},{"path":"models/entity/Prison/cookchair3.json","key":"oA7J1awddAdAhNrM9i0VSlT7qUjWG9xM"},{"path":"models/entity/Prison/cookchair4.json","key":"aLyVTSqm06BRAuZ08eDl7rFdBZ8PUsw5"},{"path":"models/entity/Prison/cookplant1.json","key":"lEtfaeiGUtdAygDzBt7UCdKeuLnCjs7r"},{"path":"models/entity/Prison/cookplant2.json","key":"WIvi4ZKYzBOC8VDZSmip9xbPxJczPGfK"},{"path":"models/entity/Prison/cookplant3.json","key":"3eRdu1e5ymdsJihcYf4xA2wzGSOFpHO5"},{"path":"models/entity/Prison/cookplant4.json","key":"KZduYwpKNtGlgSnxwfWyXpR4rEPV8w2A"},{"path":"models/entity/Prison/cookplant5.json","key":"goFNtPFPa8rwLW5SmV88TET5K5S3HPZV"},{"path":"models/entity/Prison/cooktable1.json","key":"yHizTvWqm2LZ1DdMHEXFbK3oM7Rtacnt"},{"path":"models/entity/Prison/cooktable2.json","key":"tXGhl8q0Sn0w3VRmPUqNRQIQgvWyKRqs"},{"path":"models/entity/Prison/cooktable3.json","key":"O3GM0xOMt45S08s7CFkywVt3piZPFQBz"},{"path":"models/entity/Prison/cooktable4.json","key":"ffqNY10sd6WIEQvDkE6mlwtA1W9a7DGn"},{"path":"models/entity/Prison/coppergolem.json","key":"4hVQUre7Xdah6rghE5z9Caa4O53ypA93"},{"path":"models/entity/Prison/crying_obsidian_trophy.json","key":"RMtDErA2AYNWRrMOjhQJEJCG95Ku4EOk"},{"path":"models/entity/Prison/diamond_block_trophy.json","key":"pVm30efmJa5FPN670nBGDFZq8hUVaABi"},{"path":"models/entity/Prison/diamond_chest.json","key":"B3CpRay2pf8GDp96sfIC39IXg0uzaXsr"},{"path":"models/entity/Prison/diamond_item_trophy.json","key":"9Gk6Ty5idJZJF1TwzqickSjvgDTFsAJ1"},{"path":"models/entity/Prison/drill.json","key":"vu9VQQS2gxMOIfIYctnGKYBCt05WzXeR"},{"path":"models/entity/Prison/drillpickaxe.json","key":"ENhlf2SkV8mgsDCBKaY86YpJxhkdi8Pl"},{"path":"models/entity/Prison/elevator.json","key":"uyrY6uLtw97hqEcfwseyhzEN2Sc6Ah09"},{"path":"models/entity/Prison/emerald_block_trophy.json","key":"52kE6WpuED1Rsz7hkOvzK0u67x6ozPnZ"},{"path":"models/entity/Prison/emerald_item_trophy.json","key":"Vhg9SXbDgd4fM6vm2Q1uBq1cP09zfGid"},{"path":"models/entity/Prison/entertainment_system.json","key":"bXjR82po2NNdJaXG7wbHI18ymSjlPDyl"},{"path":"models/entity/Prison/fancy_rug.json","key":"sJjflUszJ4td65xA9VBqP184WvcKWc1a"},{"path":"models/entity/Prison/fengshui_wallart.geo.json","key":"YXGc6rkXBivPNpXc4VZyFqUbYOeQ0Yz2"},{"path":"models/entity/Prison/frenzy_block_trophy.json","key":"Xly9gKjNY4fLZsIaf8y8gn1SE0Bc7Xbq"},{"path":"models/entity/Prison/gigacreeper.geo.json","key":"cYCUDb9jdBI5PrTEbUGP4s9EsZLnKzEW"},{"path":"models/entity/Prison/glitchcrystal.json","key":"BJozkVd6O5OhxWIjInIxXzn5s56zCRyJ"},{"path":"models/entity/Prison/gold_block_trophy.json","key":"FeolOmlxnawtu5zTU3zZyvIwr5Ca0yTi"},{"path":"models/entity/Prison/gold_ingot_item_trophy.json","key":"i1akbvgradDGwosofK2tCHMC07V7gG5T"},{"path":"models/entity/Prison/goldencreeper.json","key":"0JF7fMUttG0R4lUaVnIF9bpR9hpVskPJ"},{"path":"models/entity/Prison/goldgolem.json","key":"RXDQS3tGywGUpZWbOLop2lLE0eufjH6D"},{"path":"models/entity/Prison/goldscaryhairystatue.json","key":"Vwu2HSZj8mOQI66K4cF7AnWUSlmZyCWp"},{"path":"models/entity/Prison/golemforge.json","key":"mmwzBxZ8Hb2K3RIeDdmW0hwxByuDQ5JF"},{"path":"models/entity/Prison/grand_piano.json","key":"oT96Mhbd1Bs6DOmSFhlFTO1zufphKAvM"},{"path":"models/entity/Prison/great_fancy_prisonbed.json","key":"t3SaO871PAKchL4MXk7NM1qhShmnTWEg"},{"path":"models/entity/Prison/great_prisonbed.json","key":"QOHpJcGGMqLzAAjWw4Tjw7jU5TJKOfnN"},{"path":"models/entity/Prison/groovy_rug.json","key":"03YlZdqN7dwGyHOdDZnHunrzRX2UQD4I"},{"path":"models/entity/Prison/indian_tapestry2.geo.json","key":"rVd3WbSuQaLeJv3Mg48yk8cdABrKs3j8"},{"path":"models/entity/Prison/iron_block_trophy.json","key":"DiAJzxhWMFGwkDeHZ2vNvhgzbznHdh2G"},{"path":"models/entity/Prison/iron_ingot_item_trophy.json","key":"HnjDDYQjDmvDTj4Wb0zdplEIJIAIA5KH"},{"path":"models/entity/Prison/italian_chair.geo.json","key":"ij16xgG2GjlPHIkfSFf1ROiMYUUdaq4U"},{"path":"models/entity/Prison/italian_table.geo.json","key":"G81bj8aOQX0z9140FV35RL1BYc37Kc5s"},{"path":"models/entity/Prison/japan_painting.geo.json","key":"3sQCwPlul0VzfQKnEMaTQ1ueYk5bj2jT"},{"path":"models/entity/Prison/japan_plant.geo.json","key":"zDeIZcyPiXqfoEPJxdeH4wXMPa7ZaLhY"},{"path":"models/entity/Prison/japan_plant2.geo.json","key":"HgERzFH6IsjJT5GgE8qtzI8CFlSNsPTU"},{"path":"models/entity/Prison/knight_armor.json","key":"DfYTTcePRVwcPWOza7as44GrdomyEGjj"},{"path":"models/entity/Prison/lapis_lazuli_item_trophy.json","key":"a4ceHTNCEHdoGwZlecDg8BXjM6xXenYF"},{"path":"models/entity/Prison/large_sofa.json","key":"cVieJtMqoepmaMJgiEbPJO5zOqxTVFoB"},{"path":"models/entity/Prison/magic_sword.json","key":"QC3NolPQ8zBmTgNh3aJrXZzWeTOOmg4V"},{"path":"models/entity/Prison/magic_wand.json","key":"olFhMQg5g1BvCxkgAVNLtignZaZKNp1f"},{"path":"models/entity/Prison/maxprisonbillboard.json","key":"6H8CifyhlIgkbxPqQk6m3bwXFFPMaMrr"},{"path":"models/entity/Prison/maxsecurityguard.json","key":"mpwOtVujCuaWgqnrLooL6CQodisn9B84"},{"path":"models/entity/Prison/medium_fancy_prisonbed.json","key":"lpPzUPGbxjlK7q9fW7TUw9dFjrY7aaCJ"},{"path":"models/entity/Prison/medium_prisonbed.json","key":"JDcZbfUTh03mmeJ73o9ihm0zlq8KQ9DM"},{"path":"models/entity/Prison/mob_spawner_trophy.json","key":"0mISpocpJ4KqgE0BiNKkzYOTTAP7eka0"},{"path":"models/entity/Prison/morocan_painting.geo.json","key":"bYuZw9ps1fKvjRWkCLYzeNMN4EBfW7rX"},{"path":"models/entity/Prison/morocan_plant2.geo.json","key":"hB825WsS2rODmZ1TH8UTyqtA3fPH0gHH"},{"path":"models/entity/Prison/obsidian_trophy.json","key":"Vjivz01sm4UxCuajvR0c0MeAaPKXN85d"},{"path":"models/entity/Prison/oldtelevision.json","key":"3zJ05UwjwyZBdJOv8qeqmaAu7KVdu89q"},{"path":"models/entity/Prison/olivetree.json","key":"AiOrznpUE2xCMqUSyHhSVKmUCUSMW9Ld"},{"path":"models/entity/Prison/paintinghorizontal.json","key":"87FDSnzic2Apmd5SJ1NlnhMoosyCuUvB"},{"path":"models/entity/Prison/paintingvertical.json","key":"ej6pIrWhMpesEGSDr4s1aUkOW1eeKLyR"},{"path":"models/entity/Prison/pedestal_aipickaxe.json","key":"HzSiZ22vpsqLLG0l3v0oALI0iladpfxw"},{"path":"models/entity/Prison/pedestal_alphabetpickaxe.json","key":"g66D4wXY6rn6DZYOZdfx46zyFXJADSYJ"},{"path":"models/entity/Prison/pedestal_armorerpickaxe.json","key":"Ghlore89hIzFiBcLO9sMHsWb2AZ8iaby"},{"path":"models/entity/Prison/pedestal_chargedcreeperpickaxe.json","key":"oKi2czKoPhnAwlda1kFFKbeKg4KtrMZ8"},{"path":"models/entity/Prison/pedestal_creeperbombpickaxe.json","key":"DskY8RE0gZQV8UohC3IgMOZTC54h0aiQ"},{"path":"models/entity/Prison/pedestal_deepdivepickaxe.json","key":"66H5i9Gp112GpCRE6ChllBIeXrg1lzyv"},{"path":"models/entity/Prison/pedestal_diamondpickaxe.json","key":"9tIsryZn8zoWXllMqGtG5czGdVM6o1St"},{"path":"models/entity/Prison/pedestal_dragoncallerpickaxe.json","key":"l45e8nrtWhxMjR6ReXsLgdeZcgj23YP9"},{"path":"models/entity/Prison/pedestal_drillpickaxe.json","key":"WqziCifBB7gjMva4Dv5Zsln5EiOw5iog"},{"path":"models/entity/Prison/pedestal_firepickaxe.json","key":"vcCG9VnOdZ3mSHcjQhOtqwHNBax8oZzI"},{"path":"models/entity/Prison/pedestal_flamethrowerpickaxe.json","key":"xONGH1hmXmVECnmWSnlfCTScnd45o6mD"},{"path":"models/entity/Prison/pedestal_frenzypickaxe.json","key":"f4qCkJhEd3VkhPYodMrlqYUGCsPCoUqD"},{"path":"models/entity/Prison/pedestal_glitchpickaxe.json","key":"6B7ozKf3q7d9klC9NkOdiXkbXULnJW1B"},{"path":"models/entity/Prison/pedestal_jackfrostpickaxe.json","key":"5fJhX4T2oyccPRxPpvHBqdkBeq5pewSv"},{"path":"models/entity/Prison/pedestal_lightningpickaxe.json","key":"ArfMS6Q8wnZhx3QKI8J6Ezs1dsJHMOPS"},{"path":"models/entity/Prison/pedestal_meteoritepickaxe.json","key":"7HqIGER8W5GBL2VorQCKD0djxI1HdujH"},{"path":"models/entity/Prison/pedestal_mysticpickaxe.json","key":"ju5SlmnRjl1UIyvcWWE7pLs3jJlKjpDe"},{"path":"models/entity/Prison/pedestal_naturalpickaxe.json","key":"TAQRseTBKQKoVXLqsrPCD50srSq7Ya3p"},{"path":"models/entity/Prison/pedestal_portalpickaxe.json","key":"q5dSh5ImaHUsp4B1ms2YZYOVkytLGrlt"},{"path":"models/entity/Prison/pedestal_rainbowpickaxe.json","key":"MowKuvEEMAODopPe3LWh7BNPlCXUaB2u"},{"path":"models/entity/Prison/pedestal_summonerpickaxe.json","key":"mOhkUvH8Fds0fzIJ2zlAxwtOfTzO3gLg"},{"path":"models/entity/Prison/pedestal_surfpickaxe.json","key":"olsh9ctP4HGlGEFueu3sS7IjQ1y0myAw"},{"path":"models/entity/Prison/pedestal_suspiciouspickaxe.json","key":"zlDC8nJ8Twua43f9NkIVNSrxgjfmTHtj"},{"path":"models/entity/Prison/pedestal_tntpickaxe.json","key":"R7wLr2ZXp2colqJUcFGt9UEtNOZ3Gr4l"},{"path":"models/entity/Prison/pedestal_trophy.json","key":"OgmGaC9deEfLUa45gjCVPrh23najjCoW"},{"path":"models/entity/Prison/pedestal_waterpickaxe.json","key":"EpT3mZh1c46O81uKqzQZJsvw6Uj73IzB"},{"path":"models/entity/Prison/pedestal_webshooterpickaxe.json","key":"Ty5DjmEZcCH9HhL77R7WlwGbnEFJg4ZT"},{"path":"models/entity/Prison/platinum_creeper.json","key":"wRpGAcYT02kf7R9daGMdJ6EiGT8foA7L"},{"path":"models/entity/Prison/prisonbuyer.json","key":"pk644pEOqmNlpnLDaU7QJMx1UbCjtZyq"},{"path":"models/entity/Prison/prisoncharlie.json","key":"6NzV5qKiqjGEXrelqZGUFgeXqLFtjnes"},{"path":"models/entity/Prison/redstone_item_trophy.json","key":"uypyG6dOn0jWEX04TAD4R26CfYDnSNMN"},{"path":"models/entity/Prison/ruffy_signedposter.json","key":"qT9S7DAmmMjYmlZmQq5rfk0jj6JyJ8yo"},{"path":"models/entity/Prison/scaryhairy.json","key":"dSCMl44iLwxWNeX6Od9TFIu1K1E8pzpi"},{"path":"models/entity/Prison/silvergolem.json","key":"LwYRlX6KFHvlWlZ33t1tWcG1hJgIHtUj"},{"path":"models/entity/Prison/small_sofa.json","key":"ZX5QBIu5owu4aIdzcqNcY02UKppMHKXR"},{"path":"models/entity/Prison/starry_rug.json","key":"ewSgZytvAX3wUuSUpazrz4N4rvStN2HO"},{"path":"models/entity/Prison/surfboard.json","key":"qEkKrTM4J9REjKRwWdPNPUUTgHsnwHFE"},{"path":"models/entity/Prison/sushistation.json","key":"X05QwcxzDo8U35Ds72KjyQfvZb4ppMii"},{"path":"models/entity/Prison/tea_set.json","key":"wzSv3BB3BTQI4ip7wG1mVEDi0pw6xGh2"},{"path":"models/entity/Prison/threepaintings.json","key":"DnorlvxofcSmsZYfOPQx9KkRcUn7yxz4"},{"path":"models/entity/Prison/tractorbeam.json","key":"b4HnmiLs7cMyYWgYAhWLAduwNditNOGm"},{"path":"models/entity/Prison/treadmill.json","key":"qadGZqSRn2dm9yfynsBPl0hATExPYnsM"},{"path":"models/entity/Prison/ufoalien.json","key":"sbE7NLxhHo0mzJWCfEJITEIOccy7GI4e"},{"path":"models/entity/Prison/ufomodel.json","key":"OqVX6TGPiUzBOmXs9WkRqrz9GjzLWVI5"},{"path":"models/entity/Prison/vinyls.geo.json","key":"2zhoZp459prXXkjfoia6uNsUM3ptH6x5"},{"path":"models/entity/Prison/warden.json","key":"aXQxhYDSR2TNiXNunbMOOqYrc7j7B0R7"},{"path":"models/entity/Prison/waveBig.json","key":"HvrPMnvJobQIFn3UEYGEY95LSqM9lDRU"},{"path":"pack_icon.png","key":null},{"path":"textures/entity/Prison/airhockey.png","key":"FGzYkkbu8RpL87iWWuXpqbOWeydn4Kg7"},{"path":"textures/entity/Prison/american_chair.png","key":"nS7A0K4j5IUrZK2Arrvin6wq2vDVEsZK"},{"path":"textures/entity/Prison/american_jukebox.png","key":"9A9qyNhb1XUzv7n1KdNSqDSufei9Y3Xt"},{"path":"textures/entity/Prison/american_plant2.png","key":"gGZYy17i52IFxTYwwRIVJpox1DaHkIVy"},{"path":"textures/entity/Prison/american_table.png","key":"2heVUSwhDDwv5UNWQfoTuRbmqXZaFxxh"},{"path":"textures/entity/Prison/amethyst_bed.png","key":"FSJnnnJlgypKn8EJZlR2L6Od8uAAfNrd"},{"path":"textures/entity/Prison/amethyst_block_trophy.png","key":"ZbxqTjnLS2g2gIo9WJa7WMq23MXOkC46"},{"path":"textures/entity/Prison/amethyst_crystal.png","key":"qv8MXU2fkHXbWos9FR6ibTLMBgznVksW"},{"path":"textures/entity/Prison/amethyst_staff.png","key":"h3FchxPZIbTj0pZuDHaNy6tzWf039org"},{"path":"textures/entity/Prison/armorer.png","key":"gn0B8dh6JUscLCTWrNaTGjG6pXiyxFXx"},{"path":"textures/entity/Prison/basic_fancy_prisonbed.png","key":"upUc1memCEbwji1pTcdFjXL75yUFSJgr"},{"path":"textures/entity/Prison/basic_prisonbed.png","key":"QdVyUiZvGLXnXkcCVrRzMo4l1lgaTGx6"},{"path":"textures/entity/Prison/basic_rug.png","key":"9qVj6gH1QkZ7xMfRpAzUn6Ak8XAylkFE"},{"path":"textures/entity/Prison/benchpress.png","key":"B2j2lJn6KvvqEKoJX2VJDmVdtUSp80ks"},{"path":"textures/entity/Prison/bohemian_rug.png","key":"fLUT4zQRW1kowCvzIdFMXYSd3pnz87Tk"},{"path":"textures/entity/Prison/cannon.png","key":"j1pSTROhmoaZrBLQ4rcL6PL0Bt2wbEBt"},{"path":"textures/entity/Prison/chinese_plant.png","key":"K4TBAtmg1qKGnL8fhvxNHnNDv9hlwlvg"},{"path":"textures/entity/Prison/circular_rug.png","key":"oIw5KkqiYouivH2JXikXJaEV0PbMPclB"},{"path":"textures/entity/Prison/coal_item_trophy.png","key":"vZbTECVLqWSQeQqQaF3OtTzzDSrcz2ca"},{"path":"textures/entity/Prison/cobblestone_item_trophy.png","key":"bDorOSWOy4QPx8VNQP2b5DjcxsIml66e"},{"path":"textures/entity/Prison/cookchair1.png","key":"4xlSYa2Ep8ED1aAscMrwPdre1Ntv4ZAu"},{"path":"textures/entity/Prison/cookchair2.png","key":"thHU3TQZY99Y2uvRo5Jp0RBZWmKm6v9k"},{"path":"textures/entity/Prison/cookchair3.png","key":"ZXb1jmqlmTLv0yCqvSVNKijEn3p5IhXz"},{"path":"textures/entity/Prison/cookchair4.png","key":"DFfiCjs9HMktnuQcha5iAtDDoqzrcPF2"},{"path":"textures/entity/Prison/cookplant1.png","key":"SpqT1wqF6rDqX2TQVq89ncynPV9OVrhy"},{"path":"textures/entity/Prison/cookplant2.png","key":"TX4hUvPmZN8cpantzSxBLtS0EMRR238B"},{"path":"textures/entity/Prison/cookplant3.png","key":"ZLkeR75eqB1GcZcYs2nYS8tPS0tRQ7Wb"},{"path":"textures/entity/Prison/cookplant4.png","key":"EfuPLYoZC5vCgjCzAc8RmBHrrRs2MuwI"},{"path":"textures/entity/Prison/cookplant5.png","key":"2eSQTkmaodlqeaA80mEsKQeIhUhxVAxy"},{"path":"textures/entity/Prison/cooktable1.png","key":"Trhjh12ClvSmgjdLkXS4QNgg449gagM3"},{"path":"textures/entity/Prison/cooktable2.png","key":"A4TMNRPUbZOMC3TqbcIzoDpkfEQtHS7x"},{"path":"textures/entity/Prison/cooktable3.png","key":"y6CaE2AnBz1oSUZRbhGmgI71RytqEjkh"},{"path":"textures/entity/Prison/cooktable4.png","key":"EeGhFCjESXx1F30kNifFQLHB3jwAr7Ds"},{"path":"textures/entity/Prison/coppergolem.png","key":"WQA3N5atf6xgUFr0ry8Lsxn0N3lb5i6o"},{"path":"textures/entity/Prison/crying_obsidian_trophy.png","key":"4Z08zE5ZylgbbQTz46yJahTBuBlW7gOk"},{"path":"textures/entity/Prison/diamond_block_trophy.png","key":"bURJd3qddU5SQSCn0VpijP6Rro3ta6BM"},{"path":"textures/entity/Prison/diamond_chest.png","key":"OBLMgO533aOpTUtvIcAUeNM4U7mlys4t"},{"path":"textures/entity/Prison/diamond_item_trophy.png","key":"052PMTUwZlHlmGpCqNCYdJgTYpLn8rJp"},{"path":"textures/entity/Prison/drill.png","key":"43HOIklXYDEoQESls8eMfHXaBAsTvVZL"},{"path":"textures/entity/Prison/drillpickaxe.png","key":"ORgQzZr4z4VJJQjJax90qmrineVLtcUJ"},{"path":"textures/entity/Prison/elevator-diamond.png","key":"7hOH2pg30WUgSFc3pXbOvWeBO7Q8cfWH"},{"path":"textures/entity/Prison/elevator-gold.png","key":"v2vAwzfCFTs2iEtS9m2ukHJ07ODfZcqm"},{"path":"textures/entity/Prison/elevator.png","key":"k9m1Jt3HX7g6Q8gD7NUgr5i7WqYJEgj7"},{"path":"textures/entity/Prison/emerald_block_trophy.png","key":"ZGrW0jHmfcEh7juvlplPzvfDmSfPtyen"},{"path":"textures/entity/Prison/emerald_item_trophy.png","key":"YaB86udinwnUYl7tI6y3csvq6jxvpUyw"},{"path":"textures/entity/Prison/entertainment_system.png","key":"lhQRM5oiL5u2MBCCXA4N2PWsnttu9iTM"},{"path":"textures/entity/Prison/fancy_rug.png","key":"w1AA2SNUU6qXPJN6WEyIFTkQSScjcAxy"},{"path":"textures/entity/Prison/fengshui_wallart.png","key":"dq0X9s68aNT0HK9tV7XUUw9CY9H8U3DS"},{"path":"textures/entity/Prison/frenzy_block_trophy.png","key":"8vt6eXMv4jb9D6PzV0LcNHvwFyLEw5oO"},{"path":"textures/entity/Prison/gigacreeper.png","key":"9s4AjuMHXGibqOsz7ZRWEBwgbSFnpcpo"},{"path":"textures/entity/Prison/glitchcrystal.png","key":"PrM5IyWJbwdVFKprCous7nC7NgNJRjNe"},{"path":"textures/entity/Prison/gold_block_trophy.png","key":"B7ouDqV6Mb4CnfrCqvlia8ZSOxKNrrBb"},{"path":"textures/entity/Prison/gold_ingot_item_trophy.png","key":"Ph8VRt91yeGBEd85DHorEacT5UwUQe47"},{"path":"textures/entity/Prison/goldencreeper.png","key":"5DyZWGwUDPcCRcwPGjO8UPBhGSsUK5uy"},{"path":"textures/entity/Prison/goldgolem.png","key":"Am8ScCCscKSmqbTtwJT6y0f3yHqx7XgT"},{"path":"textures/entity/Prison/goldscaryhairystatue.png","key":"O4wJGHmFybkv06pGfFF5bNLK1oqZKym2"},{"path":"textures/entity/Prison/golemforge.png","key":"XP4t59I9KdhP4eop1wR91PCZ9m09V813"},{"path":"textures/entity/Prison/grand_piano.png","key":"KVnhJWpVKdfGgcG9hiuGgdJvhtTZxh6A"},{"path":"textures/entity/Prison/great_fancy_prisonbed.png","key":"PqPiQ548J0768FBts8ZURt0An6sVV4oj"},{"path":"textures/entity/Prison/great_prisonbed.png","key":"E1PH55RObzh6XM6hYTOdX2m2IPltD8uI"},{"path":"textures/entity/Prison/groovy_rug.png","key":"ctLvt3SM45pGzsrPPbSLBDj6yRbrnUKx"},{"path":"textures/entity/Prison/indian_tapestry2.png","key":"b5AeMN5hjMOLaaYKPhfwQd85hdlJHwIx"},{"path":"textures/entity/Prison/iron_block_trophy.png","key":"LoiubaDOkKPdShHUotdmh2xQ8t1KE8zU"},{"path":"textures/entity/Prison/iron_ingot_item_trophy.png","key":"RQXLNkGhVicS51cUl4Te9MXvubeoXi4z"},{"path":"textures/entity/Prison/italian_chair.png","key":"fEm6POPpzKEYbhr5kO5sjiFm3fFvAe2X"},{"path":"textures/entity/Prison/italian_table.png","key":"fmPzzFwJaNh5N5CPcC32oG7GkJbt4rrd"},{"path":"textures/entity/Prison/japan_painting.png","key":"fYdoMG5DYyWCn8EiVjvxMk8vdQgYdyGk"},{"path":"textures/entity/Prison/japan_plant.png","key":"Bzzl7D79TJ5sUsTfnQ6FlVd8i3Il4216"},{"path":"textures/entity/Prison/japan_plant2.png","key":"jvNoktLbc9CJpmZR4qaciG1v9umqEnCT"},{"path":"textures/entity/Prison/knight_armor.png","key":"ESAgp0Z26AdyPY65WT4WiDx8hNETb4Db"},{"path":"textures/entity/Prison/lapis_lazuli_item_trophy.png","key":"QPUUOLqaOfe0ULHZQMEf59sGjgCMKrpV"},{"path":"textures/entity/Prison/large_sofa.png","key":"HBFrSmZNS3nvqH7JhNgPMq3PHcZDWweV"},{"path":"textures/entity/Prison/magic_sword.png","key":"JfxAavUwOH2aA0rA1kDqvRM8Fpu1FJkI"},{"path":"textures/entity/Prison/magic_wand.png","key":"ryghHUsLmTQuP1lqQfurvrBbwkUh0vZf"},{"path":"textures/entity/Prison/maxprisonbillboard.png","key":"1nNjTecXXip8p6hgLs3uJA1oIblJFvt3"},{"path":"textures/entity/Prison/maxsecurityguard.png","key":"2iN7CMtbHKkvHCzschXB8CQ716mvh1s8"},{"path":"textures/entity/Prison/medium_fancy_prisonbed.png","key":"JEx3aY4YWBnVT4jlBq5zrCn79jGDTymK"},{"path":"textures/entity/Prison/medium_prisonbed.png","key":"paeFWmGeTFUBxgr4lMqCdiF1lz0V3Aw3"},{"path":"textures/entity/Prison/mob_spawner_trophy.png","key":"B6tXJbIgftfiQk0YiC4WtBJzQNtWs8KU"},{"path":"textures/entity/Prison/morocan_painting.png","key":"L7GlP49SRHyg5jMhhGnsyoX8a528bT44"},{"path":"textures/entity/Prison/morocan_plant2.png","key":"CLrwbt3DQK7k3cKtsPtN0e031s9tC9EM"},{"path":"textures/entity/Prison/obsidian_trophy.png","key":"G2fErVATKB3BTijaOtHlcQ8q7Rp6pYsQ"},{"path":"textures/entity/Prison/oldtelevision.png","key":"dX0wfxsP6oUz82rHLX2zFEwpzRxYeWYA"},{"path":"textures/entity/Prison/olivetree.png","key":"NrMawlE4K4qH4xn2yUttoAqnsoTjzThC"},{"path":"textures/entity/Prison/paintinghorizontal1.png","key":"vqnpIiTRt52HYsepLWX6Xvd5thKHPv2l"},{"path":"textures/entity/Prison/paintingvertical2.png","key":"kidjXj2FVRpmkRr5RTtDlVX9U8YR8ySJ"},{"path":"textures/entity/Prison/pedestal_aipickaxe.png","key":"hwFIXMbS7pCM8I16iLglvNorEOpIDTCc"},{"path":"textures/entity/Prison/pedestal_alphabetpickaxe.png","key":"DNhp1cN3KoO5tugf3QJOPpFtEO9ZRGCo"},{"path":"textures/entity/Prison/pedestal_armorerpickaxe.png","key":"G6IOQ9EN9kzGRqH37uXLASyC4tytWmxJ"},{"path":"textures/entity/Prison/pedestal_chargedcreeperpickaxe.png","key":"2ACZcM3TUce9aBetSxO4Az1jzipUMJZb"},{"path":"textures/entity/Prison/pedestal_creeperbombpickaxe.png","key":"DrsDR4H3rUZuhceNSfkmPXXfpxscD7Rv"},{"path":"textures/entity/Prison/pedestal_deepdivepickaxe.png","key":"cFZJN1gJJmmLn7frCbRjK4Ce5XkQqCyH"},{"path":"textures/entity/Prison/pedestal_diamondpickaxe.png","key":"Dg0BJxq2Skr4hjBdd4uH66xyHNsLcjPw"},{"path":"textures/entity/Prison/pedestal_dragoncallerpickaxe.png","key":"jXekWAWZhb5GRWSmB0W6kfgsIWK2yeXt"},{"path":"textures/entity/Prison/pedestal_drillpickaxe.png","key":"yTDGChKMTUiLJWvNuXVy9nnQbbZO3hle"},{"path":"textures/entity/Prison/pedestal_firepickaxe.png","key":"JsOYa1JrLPN2qiyIMole9wSvu963XVFY"},{"path":"textures/entity/Prison/pedestal_flamethrowerpickaxe.png","key":"bspjpjNEdIS1072lfeDG37BA438GuUpw"},{"path":"textures/entity/Prison/pedestal_frenzypickaxe.png","key":"9PhDWo74Qowhs6HvXCz6a5ZCP8HtpaCW"},{"path":"textures/entity/Prison/pedestal_glitchpickaxe.png","key":"o4PksBssOzpSYwhVttVzzFszvJJgZtkx"},{"path":"textures/entity/Prison/pedestal_jackfrostpickaxe.png","key":"IdNA4ThinTC4lYHFDtHjDblhut9nMUz8"},{"path":"textures/entity/Prison/pedestal_lightningpickaxe.png","key":"HG36G9jjzd3snI768pkjuqXtGROYnRgJ"},{"path":"textures/entity/Prison/pedestal_meteoritepickaxe.png","key":"mKqZi50svGIquXeBzPNDkMfY7sOiYPRZ"},{"path":"textures/entity/Prison/pedestal_mysticpickaxe.png","key":"gz2zZfVZ6COMDjMAbJFAsv2HOBjHGA7z"},{"path":"textures/entity/Prison/pedestal_naturalpickaxe.png","key":"ztQ2Dc30LXKawOF7J7wpryaemiiHRhMh"},{"path":"textures/entity/Prison/pedestal_portalpickaxe.png","key":"TvQUIF15JJgpNSIA73TCoTvbNIt2Tifv"},{"path":"textures/entity/Prison/pedestal_rainbowpickaxe.png","key":"izSwg76eTHJ0uSd19RTe2LQ4t7KDvgMM"},{"path":"textures/entity/Prison/pedestal_summonerpickaxe.png","key":"ozj4sjR5lslkwblM1r3wxuxE0Aw4Lfwi"},{"path":"textures/entity/Prison/pedestal_surfpickaxe.png","key":"R9eqZBEZZ7BUOT0yoiQiIIiWKqD93ohU"},{"path":"textures/entity/Prison/pedestal_suspiciouspickaxe.png","key":"eMKwVU6ITRE5ZyD52mXFy8SxMO752tIb"},{"path":"textures/entity/Prison/pedestal_tntpickaxe.png","key":"NUfHBZseeMJfAI1gIsJREH9vKnDx81Rr"},{"path":"textures/entity/Prison/pedestal_trophy.png","key":"u4hzzNqBGYS8wlktLIhePBnvbomcyygP"},{"path":"textures/entity/Prison/pedestal_waterpickaxe.png","key":"4PQ9JKigyVWqA16uqYSoQQ2EOINaiZaZ"},{"path":"textures/entity/Prison/pedestal_webshooterpickaxe.png","key":"ckgidRULuJ1Etn1n3bL3reaNGE9Fxhhg"},{"path":"textures/entity/Prison/platinum_creeper.png","key":"t1ZfH619QhTa0UWoHzE9roOVFR67JPS0"},{"path":"textures/entity/Prison/prisonbuyer.png","key":"UibFxvMg6FHdoWUeTbMyOaiN33wK6z3f"},{"path":"textures/entity/Prison/prisoncharlie.png","key":"V4JPTygzsV1qsKxTC6lX2ZmjUefOW4My"},{"path":"textures/entity/Prison/redstone_item_trophy.png","key":"bMAaaMOadmoDBqSxhsmiDdh5gS5F2eMY"},{"path":"textures/entity/Prison/ruffy_signedposter.png","key":"5NN2Thgm5EWNuJZLGpILu1s7ApcCsCTA"},{"path":"textures/entity/Prison/scaryhairy.png","key":"NuKd5KhbOgAp0Iqn1yJS1KU9fUZoTLMa"},{"path":"textures/entity/Prison/silvergolem.png","key":"BnZCUiK7HjtPGqIM9SHMD3yRaboJ05XF"},{"path":"textures/entity/Prison/small_sofa.png","key":"nVLoaSuvRfgzYLeVM6Ds1Gf5DrWpLntF"},{"path":"textures/entity/Prison/small_sofa_red.png","key":"3DGNFGiY03V2R4nBiZBsFE91keBkxVPm"},{"path":"textures/entity/Prison/starry_rug.png","key":"hYFVezULuEANadfbMuKbb9UmP6BLX65E"},{"path":"textures/entity/Prison/surfboard_red.png","key":"eDTTxB62F8ahdjIm6GasFtXdikqFRZ97"},{"path":"textures/entity/Prison/sushistation.png","key":"TeqLGqj7immwh5M5ftvjIJ6qQ1HFEvBY"},{"path":"textures/entity/Prison/tea_set.png","key":"2vNay36SC1vxyBBfZ7WxdaqTzTzdhaI3"},{"path":"textures/entity/Prison/threepainting.png","key":"WVNiaVV1It7ZSMf7IbDAYz1bX3YZJBX8"},{"path":"textures/entity/Prison/tractorbeam.png","key":"e2ZqYApKIkGlGnRrnBPpNKCGim5YwOL7"},{"path":"textures/entity/Prison/treadmill.png","key":"HpJX2TIUWJNujlyOtnoPEY1nuaikGHVn"},{"path":"textures/entity/Prison/ufoalien.png","key":"zZVnIv20so2niPzqKJquBncjNCv8yCuN"},{"path":"textures/entity/Prison/ufomodel.png","key":"cuv5yZT8HqLeqRPaduCUkuFgxVRR9MBe"},{"path":"textures/entity/Prison/vinyls.png","key":"krt9fEkkCvCZbNsRcckwUg3w8TyK9cry"},{"path":"textures/entity/Prison/warden.png","key":"NN2bZNFRRVC6IFHQG7sRY0U0n86fM3MI"},{"path":"textures/entity/Prison/wave_water.png","key":"cYdP3665IZsZP1pU3tqIHJzduEiNPRNj"}]}