{"version":1,"content":[{"path":"manifest.json"},{"path":"pack_icon.png"},{"path":"animations/brick_hologram.animation.json","key":"9Q7j1sAku3mZiV7BRRmDlAvgzbTCWYJb"},{"path":"animations/gold_hologram.json","key":"oDdGnYq6UC39KMPXukBD9QW5CuvGAEbT"},{"path":"animations/iron_hologram.json","key":"j7hqxm0ZU1wiZfjX5JlTLjkWBb8V411o"},{"path":"animation_controllers/brick_hologram.json","key":"4aZEwVWtQ62uXT7FYmxQZrNIycgKWcdh"},{"path":"animation_controllers/gold_hologram.json","key":"PTbXvIBkMIJbyJ9MxVZE3UHEKCGhTaTt"},{"path":"animation_controllers/iron_hologram.json","key":"2CFBdMzgRJCrHMVEhcNWHOSw8tQTCEqp"},{"path":"entity/brick_hologram.json","key":"2FKaksdIHxAmkJyLgHw4PSccYeked8Hz"},{"path":"entity/gold_hologram.json","key":"a02atPM983Sdo9HMbNhxhJzRZvISj0QD"},{"path":"entity/iron_hologram.json","key":"SjIGs7cL1YbYf719rGMIKz1Uc13GWHLO"},{"path":"materials/entity.material","key":"8Eh5g9U5ZHouqpcBvlfUUm7rnPzwzQOk"},{"path":"particles/brick_holo.json","key":"eyvq7sOuZxyRthy8F40rMpwvzCMUvMtY"},{"path":"particles/gold_holo.json","key":"zftbG0dqiNMNHg6IjAU91lFf5RfEyC20"},{"path":"particles/iron_holo.json","key":"GSYCaWnZNRT7OLmhDLBs751AnwOKZiak"},{"path":"render_controllers/default.render_controllers.json","key":"u0hOvLKnhYucm7BAglF0cTvdC6gU2heQ"},{"path":"texts/en_US.lang","key":"sdT21zKe4es6OCCYkKypQE5tgsFAMcik"},{"path":"texts/languages.json","key":"SuWnzSf9CBAwxwdKrELf0QcNICKGBjWI"},{"path":"models/entity/brick_hologram.json"},{"path":"models/entity/gold_hologram.json"},{"path":"models/entity/iron_hologram.json"},{"path":"textures/entity/brick_hologram.png","key":"UFwXmAGYikMSqKJyqbCyqEASFx7hDAQZ"},{"path":"textures/entity/gold_hologram.png","key":"53RPHz59ETJYcOBU8uehwC1zVgrC6pnC"},{"path":"textures/entity/iron_hologram.png","key":"tsQ6FobBcQaCOEHeaC2vzzQX1q8rWlXX"},{"path":"textures/particle/square.png","key":"XJQfZkWkLXMvQCcqmOGAaiTklNUbZaIl"},{"path":"signatures.json","key":"OXTNnYhc8YYhTxncZBLwFcJVy8DI2jPO"}]}