{"format_version":"1.16.200","minecraft:attachable":{"description":{"identifier":"lifeboat:thors_hammer","materials":{"default":"armor","enchanted":"armor_enchanted"},"textures":{"enchanted":"textures/misc/enchanted_item_glint","default":"textures/items/thors_hammer"},"geometry":{"default":"geometry.thors_hammer"},"scripts":{"pre_animation":["v.main_hand = c.item_slot == 'main_hand';","v.off_hand = c.item_slot == 'off_hand';","v.head = c.item_slot == 'head';"],"animate":[{"thirdperson_main_hand":"v.main_hand && !c.is_first_person"},{"firstperson_main_hand":"v.main_hand && c.is_first_person"}]},"animations":{"thirdperson_main_hand":"animation.thors_hammer.thirdperson_main_hand","firstperson_main_hand":"animation.thors_hammer.firstperson_main_hand"},"render_controllers":["controller.render.item_default"]}}}