{"format_version":"1.10.0","minecraft:attachable":{"description":{"identifier":"trpixel:armor_of_magma_chestplate.player","item":{"trpixel:armor_of_magma_chestplate":"query.owner_identifier == 'minecraft:player'"},"materials":{"default":"armor","enchanted":"armor_enchanted"},"textures":{"default":"textures/models/armor/armor_of_magma_armor_1","enchanted":"textures/misc/enchanted_item_glint"},"geometry":{"default":"geometry.player.armor.chestplate"},"scripts":{"parent_setup":"variable.chest_layer_visible = 0.0;"},"render_controllers":["controller.render.armor"]}}}