{"format_version":"1.12.0","minecraft:geometry":[{"bones":[{"cubes":[{"origin":[-4,27,-2],"size":[8,12,4],"uv":[48,53]},{"inflate":0.25,"origin":[-4,27,-2],"size":[8,12,4],"uv":[50,0]}],"name":"body","pivot":[0,39,0]},{"cubes":[{"origin":[-6,34,2],"size":[12,7,7],"uv":[29,23]},{"origin":[-9,18.14645,1.38763],"pivot":[0,21.14645,4.38763],"rotation":[-15,0,0],"size":[18,7,7],"uv":[0,0]},{"origin":[-6,24,2],"size":[12,10,6],"uv":[0,14]},{"origin":[-8,25,3],"size":[2,8,4],"uv":[63,33]},{"origin":[6,25,3],"size":[2,8,4],"uv":[60,16]},{"inflate":0.25,"origin":[-4,18.14645,1.38763],"pivot":[0,21.14645,4.38763],"rotation":[-15,0,0],"size":[2,7,7],"uv":[48,69]},{"inflate":0.25,"origin":[2,18.14645,1.38763],"pivot":[6,21.14645,4.38763],"rotation":[-15,0,0],"size":[2,7,7],"uv":[48,69]}],"name":"bag","parent":"body","pivot":[6,21.14645,4.38763]},{"cubes":[{"inflate":0.25,"origin":[-4,39,-4],"size":[8,8,8],"uv":[0,30]}],"name":"head","pivot":[0,39,0]},{"cubes":[{"origin":[-4,39,-4],"size":[8,8,8],"uv":[32,37]}],"name":"headwear","pivot":[0,39,0]},{"cubes":[{"origin":[-6,9,-1],"size":[2,30,2],"uv":[40,53]},{"inflate":0.25,"origin":[-6,23,-1],"size":[2,16,2],"uv":[8,46]}],"name":"right_arm","pivot":[5,37,0]},{"cubes":[{"mirror":false,"origin":[4,9,-1],"size":[2,30,2],"uv":[32,53]},{"inflate":0.25,"mirror":false,"origin":[4,23,-1],"size":[2,16,2],"uv":[0,46]}],"mirror":true,"name":"left_arm","pivot":[-5,37,0]},{"cubes":[{"origin":[-3,0,-1],"size":[2,30,2],"uv":[24,46]}],"name":"right_leg","pivot":[2,30,0]},{"cubes":[{"mirror":false,"origin":[1,0,-1],"size":[2,30,2],"uv":[16,46]}],"mirror":true,"name":"left_leg","pivot":[-2,30,0]}],"description":{"identifier":"geometry.endermerchant","texture_height":128,"texture_width":128,"visible_bounds_height":4.5,"visible_bounds_offset":[0,1.75,0],"visible_bounds_width":3}}]}