{"format_version":"1.12.0","minecraft:geometry":[{"bones":[{"name":"bb_main","pivot":[0,0,0]},{"cubes":[{"origin":[-2,33,-2],"pivot":[0,32.1,0],"rotation":[0,-90,0],"size":[4,2,4],"uv":[36,4]},{"origin":[-3,25,-3],"pivot":[0,27,0],"rotation":[0,-90,-180],"size":[6,4,6],"uv":[0,12]},{"origin":[-4,29,-4],"pivot":[0,31,0],"rotation":[0,-90,-180],"size":[8,4,8],"uv":[0,0]},{"origin":[-1,35,-1],"pivot":[0,32.1,0],"rotation":[0,-90,0],"size":[2,5,2],"uv":[0,0]},{"origin":[0,15,-12],"pivot":[0,32.1,0],"rotation":[-180,-45,180],"size":[0,32,24],"uv":[0,0]}],"name":"top","parent":"bb_main","pivot":[0,32.1,0]},{"cubes":[{"origin":[-3,11,-3],"size":[6,4,6],"uv":[0,12]},{"origin":[-2,5,-2],"size":[4,2,4],"uv":[36,4]},{"origin":[-1,0,-1],"pivot":[0,2.5,0],"rotation":[0,0,-180],"size":[2,5,2],"uv":[0,0]},{"origin":[0,-7,-12],"pivot":[0,9,0],"rotation":[-180,-45,0],"size":[0,32,24],"uv":[0,0]},{"origin":[-4,7,-4],"size":[8,4,8],"uv":[0,0]}],"name":"bottom","parent":"bb_main","pivot":[0,0,0]},{"cubes":[{"origin":[-2,18,-2],"size":[4,4,4],"uv":[24,12]},{"inflate":0.25,"origin":[-2,18,-2],"size":[4,4,4],"uv":[24,0]}],"name":"eye","parent":"bb_main","pivot":[0,20,0],"rotation":[-61.51653,25.49671,-38.42684]}],"description":{"identifier":"geometry.endteleport","texture_height":64,"texture_width":64,"visible_bounds_height":4.5,"visible_bounds_offset":[0,1.75,0],"visible_bounds_width":3}}]}