{"format_version":"1.12.0","minecraft:geometry":[{"bones":[{"cubes":[{"origin":[-1.5,0,-1.5],"size":[3,7,3],"uv":[9,7]},{"origin":[-1.5,0,-1.75],"pivot":[0,0,0],"rotation":[12.5,0,32.5],"size":[3,5,3],"uv":[30,0]},{"origin":[-1.75,0,-1.25],"pivot":[0,0,0],"rotation":[-10,0,-32.5],"size":[3,5,3],"uv":[9,28]},{"origin":[-2.08151,-0.14453,-0.88257],"pivot":[0,2.01286,0],"rotation":[-94.46386,72.4748,-92.14859],"size":[3,6,3],"uv":[21,9]},{"origin":[-0.16849,0.35547,-2.11743],"pivot":[0,2.01286,0],"rotation":[115.24139,74.17435,103.80734],"size":[3,6,3],"uv":[18,0]},{"origin":[-2.3746,1.84593,-0.56324],"pivot":[-0.89339,0.42456,-0.54462],"rotation":[33.94518,53.45843,40.20633],"size":[3,4,2],"uv":[21,33]},{"origin":[-3.08579,2.26243,-0.68618],"pivot":[-0.83579,3.76243,0.56382],"rotation":[-25.01008,38.14924,-27.87755],"size":[3,4,3.25],"uv":[30,28]},{"inflate":0.25,"origin":[-3.08579,2.26243,-0.68618],"pivot":[-0.83579,3.76243,0.56382],"rotation":[-25.01008,38.14924,-27.87755],"size":[3,4,3.25],"uv":[30,15]},{"inflate":0.25,"origin":[-2.3746,1.84593,-0.56324],"pivot":[-0.89339,0.42456,-0.54462],"rotation":[33.94518,53.45843,40.20633],"size":[3,4,2],"uv":[33,8]},{"inflate":0.25,"origin":[-0.16849,0.35547,-2.11743],"pivot":[0,2.01286,0],"rotation":[115.24139,74.17435,103.80734],"size":[3,6,3],"uv":[12,17]},{"inflate":0.25,"origin":[-2.08151,-0.14453,-0.88257],"pivot":[0,2.01286,0],"rotation":[-94.46386,72.4748,-92.14859],"size":[3,6,3],"uv":[0,14]},{"inflate":0.25,"origin":[-1.75,0,-1.25],"pivot":[0,0,0],"rotation":[-10,0,-32.5],"size":[3,5,3],"uv":[21,23]},{"inflate":0.25,"origin":[-1.5,0,-1.5],"size":[3,7,3],"uv":[0,0]},{"inflate":0.25,"origin":[-1.5,0,-1.75],"pivot":[0,0,0],"rotation":[12.5,0,32.5],"size":[3,5,3],"uv":[0,23]},{"inflate":0.25,"mirror":true,"origin":[-1.5,-5,-1.75],"pivot":[0,0,0],"rotation":[-12.5,0,32.5],"size":[3,5,3],"uv":[0,23]},{"inflate":0.25,"mirror":true,"origin":[-1.5,-7,-1.5],"size":[3,7,3],"uv":[0,0]},{"inflate":0.25,"mirror":true,"origin":[-1.25,-5,-1.25],"pivot":[0,0,0],"rotation":[10,0,-32.5],"size":[3,5,3],"uv":[21,23]},{"inflate":0.25,"mirror":true,"origin":[-0.91849,-5.85547,-0.88257],"pivot":[0,-2.01286,0],"rotation":[94.46386,-72.4748,-92.14859],"size":[3,6,3],"uv":[0,14]},{"inflate":0.25,"mirror":true,"origin":[-2.83151,-6.35547,-2.11743],"pivot":[0,-2.01286,0],"rotation":[-115.24139,-74.17435,103.80734],"size":[3,6,3],"uv":[12,17]},{"inflate":0.25,"mirror":true,"origin":[-0.6254,-5.84593,-0.56324],"pivot":[0.89339,-0.42456,-0.54462],"rotation":[-33.94518,-53.45843,40.20633],"size":[3,4,2],"uv":[33,8]},{"inflate":0.25,"mirror":true,"origin":[0.08579,-6.26243,-0.68618],"pivot":[0.83579,-3.76243,0.56382],"rotation":[25.01008,-38.14924,-27.87755],"size":[3,4,3.25],"uv":[30,15]},{"mirror":true,"origin":[0.08579,-6.26243,-0.68618],"pivot":[0.83579,-3.76243,0.56382],"rotation":[25.01008,-38.14924,-27.87755],"size":[3,4,3.25],"uv":[30,28]},{"mirror":true,"origin":[-0.6254,-5.84593,-0.56324],"pivot":[0.89339,-0.42456,-0.54462],"rotation":[-33.94518,-53.45843,40.20633],"size":[3,4,2],"uv":[21,33]},{"mirror":true,"origin":[-2.83151,-6.35547,-2.11743],"pivot":[0,-2.01286,0],"rotation":[-115.24139,-74.17435,103.80734],"size":[3,6,3],"uv":[18,0]},{"mirror":true,"origin":[-0.91849,-5.85547,-0.88257],"pivot":[0,-2.01286,0],"rotation":[94.46386,-72.4748,-92.14859],"size":[3,6,3],"uv":[21,9]},{"mirror":true,"origin":[-1.25,-5,-1.25],"pivot":[0,0,0],"rotation":[10,0,-32.5],"size":[3,5,3],"uv":[9,28]},{"mirror":true,"origin":[-1.5,-5,-1.75],"pivot":[0,0,0],"rotation":[-12.5,0,32.5],"size":[3,5,3],"uv":[30,0]},{"mirror":true,"origin":[-1.5,-7,-1.5],"size":[3,7,3],"uv":[9,7]},{"origin":[-5,-1,-5],"size":[10,2,10],"uv":[0,52]},{"inflate":-0.25,"origin":[-4,1,-4],"size":[8,1,8],"uv":[32,48]},{"inflate":-0.25,"origin":[-4,-2,-4],"size":[8,1,8],"uv":[32,48]}],"name":"bone","pivot":[0,0,0]}],"description":{"identifier":"geometry.shards","texture_height":64,"texture_width":64,"visible_bounds_height":1.5,"visible_bounds_offset":[0,0.25,0],"visible_bounds_width":2}}]}