{"content":[{"path":"manifest.json","key":""},{"path":"pack_icon.png","key":""},{"path":"textures/ui/boosters/exp.png","key":"ho6BnlPtct8XQdApZ3fECz9Yx8V1bAWv"},{"path":"textures/ui/boosters/exp_hover.png","key":"1COSVBD5UMPuZ696duQGfPD3SJfXFPmh"},{"path":"textures/ui/boosters/legendaryloot.png","key":"3XBxSIcl0WFe5ZFww6oGkSN5si9DLEHl"},{"path":"textures/ui/boosters/legendaryloot_hover.png","key":"1Aw3zkb9a1sMecKk8drFC6V5VBflfHYI"},{"path":"textures/ui/boosters/money.png","key":"Y9CLW4WHCAhQ8HMUthrYrlIORwNGXqXy"},{"path":"textures/ui/boosters/money_hover.png","key":"8G4oLYlzTXZc8HHpgWqKSj11GBcNEh7p"},{"path":"textures/ui/buttons/blue.json","key":"Bdt9h0tVej6Q9tVQY5Z9GIHrKPEVDVtZ"},{"path":"textures/ui/buttons/blue.png","key":"X6DrIYHyaYUeFGFATDoJmwoPgOIrbKd2"},{"path":"textures/ui/buttons/blue_hover.json","key":"cK8QU1lDhfnxq9Ce23LCPm9OHVMvW254"},{"path":"textures/ui/buttons/blue_hover.png","key":"gWcUF6IySQF1ee4Ln2RM9N3BOfcVdZjn"},{"path":"textures/ui/buttons/dark_green.json","key":"adhImTDnsPGZfB7LMX1LpEATKFXtMfz1"},{"path":"textures/ui/buttons/dark_green.png","key":"lOrAWPLpMNQxwX7oGl30lavXu80AaO8h"},{"path":"textures/ui/buttons/dark_green_hover.json","key":"84evbuuVTPu7HiWlCjPIoNFkVB6xaDuA"},{"path":"textures/ui/buttons/dark_green_hover.png","key":"ahw7WFDNr5Ti8JbJUCR7kG6C3Y7Ub6I0"},{"path":"textures/ui/buttons/disabled.json","key":"Mxrxa0lS3uDyaoexGdzkF8kNCZki5Gjr"},{"path":"textures/ui/buttons/disabled.png","key":"CK3QDGBeDzoDItygN8MaHqudb7GDRaAI"},{"path":"textures/ui/buttons/disabled_hover.json","key":"Laeu8zKhyizWlp1g6HI8bL88brYhHBMQ"},{"path":"textures/ui/buttons/disabled_hover.png","key":"WSyOEH3YK7ATo5uo0DsQSkDtzrZSOPmc"},{"path":"textures/ui/buttons/focus_border_white_alt.json","key":"Ye0agPGl5XzaUy9Fb9dDKzVrtpEcnSed"},{"path":"textures/ui/buttons/focus_border_white_alt.png","key":"XIndU5WAcHqCvbtpUrjTXTB6nxERXigY"},{"path":"textures/ui/buttons/gray.json","key":"Oj4OrO6dz7qQuaIczPAh8ElatXAZMTpP"},{"path":"textures/ui/buttons/gray.png","key":"73FyhqWt7oG1lE0RwpLENzyVUoytLEV2"},{"path":"textures/ui/buttons/gray_hover.json","key":"9fwfglG6rky9XJeG223RsVW4k9GI5ZV1"},{"path":"textures/ui/buttons/gray_hover.png","key":"u9PldrFMdIGiNIrBxUwj09kgze3aRuPu"},{"path":"textures/ui/buttons/green.json","key":"NGllZTOeZZ9C8oqEt1JWD0rhHBT21iCq"},{"path":"textures/ui/buttons/green.png","key":"ipEOZswai65VzrhBJJR2m9WCCcQ4EIUh"},{"path":"textures/ui/buttons/green_alt.json","key":"jtUZDpJEikwuokf3GdOcvvsM0CcBJXqc"},{"path":"textures/ui/buttons/green_alt.png","key":"d9QYsW00uENTbNU76y91nRJtmN2csr4z"},{"path":"textures/ui/buttons/green_hover.json","key":"9U9MPwihMQnHWQRuPwV1pigIjzTuDEmJ"},{"path":"textures/ui/buttons/green_hover.png","key":"dGlN1BQDPZKGpIs1BXES1F9vYTHh5Kvb"},{"path":"textures/ui/buttons/help.json","key":"vNOyioMaxALTeISpc35HfB9Y2iKzLVQb"},{"path":"textures/ui/buttons/help.png","key":"B4n29MFEKC4dOS9n8aH3XIAoe75FK76r"},{"path":"textures/ui/buttons/help_hover.json","key":"HSPiOtLAcgn2JT3AXsBvRVjH0WJ8yHc0"},{"path":"textures/ui/buttons/help_hover.png","key":"2KnJLMHiAaXUh6E7uHy9K94X0sc1sHGK"},{"path":"textures/ui/buttons/orange.json","key":"9BqlwLcpZRGmn1PyeTrqdYrICMNbvOQQ"},{"path":"textures/ui/buttons/orange.png","key":"4IvNz5BQSnnnOy2lHM8QyoS0gjKjkOuF"},{"path":"textures/ui/buttons/orange_hover.json","key":"PtcBwgEioMuf8MDU0qBRUjQGzzz1m7RE"},{"path":"textures/ui/buttons/orange_hover.png","key":"xFu0EVsatIyBQD7nIh7TaNT9Ri1VotLf"},{"path":"textures/ui/buttons/red.json","key":"yP0pON4a2fj3gmYeqCvCiJiYw0gx0lvu"},{"path":"textures/ui/buttons/red.png","key":"y5Flk9DwWjW3xkVeOZcmxiLYp8qEV2w5"},{"path":"textures/ui/buttons/red_hover.json","key":"hDxNhK2vCJXf9ANrFjnrFbduNBxXusK3"},{"path":"textures/ui/buttons/red_hover.png","key":"DhvIHlQBSnTuIBe5TTpFtxHRf7JTI0VZ"},{"path":"textures/ui/buttons/teal.json","key":"47TBpfK5vvzPxJ63stKgjFSBuSPmH3mq"},{"path":"textures/ui/buttons/teal.png","key":"2n4g9S0gvzfMoJh9FEtXBOb9fCffwhPa"},{"path":"textures/ui/buttons/teal_dark.json","key":"BcoV7Sp0Uc49Ard3exjnBjI7i3GZOSSK"},{"path":"textures/ui/buttons/teal_dark.png","key":"bJg35tMXQUUM9s1oFbFPmXyiCw75o5Fb"},{"path":"textures/ui/buttons/teal_hover.json","key":"nn3oFZCeDu11z7pFEvEe7l6gLTgBibKV"},{"path":"textures/ui/buttons/teal_hover.png","key":"YpcbWoPVFHx3cIDaOkWVsoGNUEBqvJTZ"},{"path":"textures/ui/coinmenu/boosters.png","key":"KZC3LbKpOYFFceSYSKmogh5PdaQQQsz6"},{"path":"textures/ui/coinmenu/boosters_hover.png","key":"2hHtGicAVplCwaILUzPz8EaIIqMtdnCD"},{"path":"textures/ui/coinmenu/coinshop.png","key":"Z7LmfY0gi99lCGcUXCYE8PtN3p09LsZE"},{"path":"textures/ui/coinmenu/coinshop_hover.png","key":"K6AmyV5VGGIp4As7HuIJ0hoQ04wBhrA7"},{"path":"textures/ui/coinmenu/supplydrops.png","key":"HSc5A8XB93lkbZf7GZaZTZGdiW2lG4Zb"},{"path":"textures/ui/coinmenu/supplydrops_hover.png","key":"ttHEXDxyNNgSRrfUttZkRm0cxrVdrP6W"},{"path":"textures/ui/cratebgs/crate-opening-carnage.png","key":"V1M5ILEhvPKMuehbMj1rAlPIleBaFUD4"},{"path":"textures/ui/cratebgs/crate-opening-godly.png","key":"XFX1jzrjR5ZccMTAco5XjDUfk3xK0Ua0"},{"path":"textures/ui/cratebgs/crate-opening-halloween.png","key":"D8arHKo0kg5iUtVq4FJBEtasxEKRXMie"},{"path":"textures/ui/cratebgs/crate-opening-july4.png","key":"BIXY2afVUm1V2CwQyoJO3N5wr2KbMRv7"},{"path":"textures/ui/cratebgs/crate-opening-legendary.png","key":"GqIXwCYWQvh7DZret0h6vRNdewEUeXBk"},{"path":"textures/ui/cratebgs/crate-opening-lightning.png","key":"nle6e09UkRuXxoKsNXn6oCdHl4t2GDsV"},{"path":"textures/ui/cratebgs/crate-opening-mythical.png","key":"f20eVGH44Kn20mkjQWmvr6O3xHNUbVMa"},{"path":"textures/ui/cratebgs/crate-opening-rare.png","key":"5opp2tV0yGzqSDWgt3AOaG3Pes0NK1G8"},{"path":"textures/ui/cratebgs/crate-opening-vote.png","key":"7lyX2GsmAA2aKwPAoeNcKKKIHzS5U7dI"},{"path":"textures/ui/cratebgs/crate-preview-carnage.png","key":"c03WaQczLeb0pHMGq6QoaQxAdmTBVUmV"},{"path":"textures/ui/cratebgs/crate-preview-godly.png","key":"aii0fToBZ3Dw0Q6G09Okd4SPmicieos6"},{"path":"textures/ui/cratebgs/crate-preview-halloween.png","key":"BYTdq6xCLnv8PciKA3LT8XfQFYLaWCol"},{"path":"textures/ui/cratebgs/crate-preview-july4.png","key":"4znv2Gyz3PTNIfQ9grc0c3dGoiMBFlM0"},{"path":"textures/ui/cratebgs/crate-preview-legendary.png","key":"4UTT866q1H0FXWJjTxzjc8FcS1v9gUiA"},{"path":"textures/ui/cratebgs/crate-preview-lightning.png","key":"zjgRdo3YWuuN1eedjUpZGTffkE3qgrO8"},{"path":"textures/ui/cratebgs/crate-preview-mythical.png","key":"eq7rkhaU1wSdqeGzBSTn3j4PdmDaHH5w"},{"path":"textures/ui/cratebgs/crate-preview-rare.png","key":"aTgYx6pzkNGUc0ZdqGTp5gnjeW0apbum"},{"path":"textures/ui/cratebgs/crate-preview-vote.png","key":"hqad9vaKCRKSUX5HvcNMMFSijDpIVfG5"},{"path":"textures/ui/crates/godly_crate.png","key":"ZVzDQwcaeh4ATYFDdYtYd5WKRL4SaVCR"},{"path":"textures/ui/crates/godly_crate_hover.png","key":"wD4nWG9csVUwnlq4freko3FGFdnZQh55"},{"path":"textures/ui/crates/legendary_crate.png","key":"goUSjn6WKs1OKG1rAZkuWNMHqqnIvH4k"},{"path":"textures/ui/crates/legendary_crate_hover.png","key":"8fHIBoTlNkqwSoAHtEloc7orUzpOh5Za"},{"path":"textures/ui/crates/monthly_bonus.png","key":"QHjqkiUonKLozDyHP6V7u9KiPvw6umcJ"},{"path":"textures/ui/crates/monthly_bonus_hover.png","key":"uSGMpsETBqAveww8Yjls7YidhtfVZRmT"},{"path":"textures/ui/crates/mythical_crate.png","key":"IDMYc14fuwaYnhXHinNsoBDBsBEcnvK5"},{"path":"textures/ui/crates/mythical_crate_hover.png","key":"4fICTAafRrPRkxi97tMr7NnvheBMEwWY"},{"path":"textures/ui/crates/rare_crate.png","key":"WLpG3xvfPJS79IjZWpAz9Jagt2VCroUD"},{"path":"textures/ui/crates/rare_crate_hover.png","key":"NzLjutfnaJJDeNlQW9DCVvfFCbQDsoRs"},{"path":"textures/ui/crates/voting_crate.png","key":"T9dcZrrfLG3BwsNmZUCTyGO78uUKzWp0"},{"path":"textures/ui/crates/voting_crate_hover.png","key":"AGQqe9cByTLcosdVjLqJCh26rPstJbl1"},{"path":"textures/ui/crosshair/aimed.png","key":"vbFAlyyZFfx5QpGp3sqhdnXpaZIxPOMs"},{"path":"textures/ui/crosshair/assaultrifle.png","key":"40sMEQwEVw82abkgZuJGFqZS1bR4ERkq"},{"path":"textures/ui/crosshair/crossbow.png","key":"SH3hm3eaL7Z0HyZ5f6KPUG4K4QveJvIl"},{"path":"textures/ui/crosshair/flamethrower.png","key":"Oo3PGfonWMevgqyRNj3elWEjJIIU8Zvk"},{"path":"textures/ui/crosshair/grenadelauncher.png","key":"p4JXw8xeQYgQOaUlEFYhQYbxsgKpD55j"},{"path":"textures/ui/crosshair/lmg.png","key":"J0cYtn9kUZNXsfr98xPHoFBk8ZJWExYr"},{"path":"textures/ui/crosshair/melee.png","key":"5XaCWT6HmbSzpnWduxJNIFyBJ0cOE3lC"},{"path":"textures/ui/crosshair/pistol.png","key":"8pnjfBFRf3SBw2oqORuRkYJUarBMXO8A"},{"path":"textures/ui/crosshair/rocketlauncher.png","key":"mdWafzkkPaaDFZ3oixkUuO330Q5ecMiK"},{"path":"textures/ui/crosshair/shotgun.png","key":"DMazv89wI1Bi2H5aifkdpemMT83sz3jh"},{"path":"textures/ui/crosshair/smg.png","key":"lx28UpCD3gvAi5oES2U3fBlWy1L4UwwG"},{"path":"textures/ui/crosshair/sniper.png","key":"ApnSVESfkG3VH80lhzjnMgo3IgHxGg0Q"},{"path":"textures/ui/general/black.png","key":"zjVixPG5xa2LgsViuzlGJFbCyVJ5wYSt"},{"path":"textures/ui/general/gray_rounded.json","key":"Nhr08I2tTq5VurAdvliopUOrLmZZi1ak"},{"path":"textures/ui/general/gray_rounded.png","key":"fGZy6oKiAOGUkLwVKHe8f9fbJMLmW99I"},{"path":"textures/ui/general/more_black.png","key":"OI1D91Lb9pWbkOT6PwOlQfGYKYt8Phw2"},{"path":"textures/ui/general/question_mark.png","key":"Qq0M8qaIrHUGo9tVxQEFwk4KkwDsSkfK"},{"path":"textures/ui/general/rounded_red.json","key":"mmA99JTEzUhpuNX8u4vx3868OqA03fxt"},{"path":"textures/ui/general/rounded_red.png","key":"HWtmcqDIwvbhLBOsQz6sgLkTgjy4zuXI"},{"path":"textures/ui/general/rounded_red_bg.json","key":"Fmt5pDoO2VUqioKqYRvo6GST4T1IxirU"},{"path":"textures/ui/general/rounded_red_bg.png","key":"bAbL28J7nF6GyOnPb6Przlyv5f2xsrJD"},{"path":"textures/ui/general/rounded_white_thin.json","key":"NlHxxLEKAlKftlUXonWcw2iW8dvEh3Ce"},{"path":"textures/ui/general/rounded_white_thin.png","key":"po0NuD7A2QH6fFINt8JbjAvkP7yDHDVK"},{"path":"textures/ui/general/white.png","key":"Nisz4BbVYPspnElEcBPFq8o3hHFq5fYq"},{"path":"textures/ui/help/achievements.png","key":"WSk7yQnqLlKKd5hsptVeizy8x1sn3coo"},{"path":"textures/ui/help/cmd.png","key":"GyhqpqQhM0VREDoy6VY6Dx9qtCwMhEgT"},{"path":"textures/ui/help/confirms.png","key":"lGbAZzObZwRXQiw980BDbJaCZY5XUJZZ"},{"path":"textures/ui/help/discord.png","key":"uCxaSoT0UhN1SsJ55Q6LHiufuVZV1rYe"},{"path":"textures/ui/help/emblems.png","key":"1XeOm52qJv2UdrjyYkBpOeLs4hYwzIWw"},{"path":"textures/ui/help/gradient_horizontal.png","key":"a33yF1MpArDbsFTquyfKWGy2B9guAPQl"},{"path":"textures/ui/help/link_hover.json","key":"az6GEf7rr1X0D5eKBxACTGuEFydcb5l6"},{"path":"textures/ui/help/link_hover.png","key":"Xdh5OPuTiHIDWtJg9WOZ541yFyIMe3WY"},{"path":"textures/ui/help/lvl.png","key":"LrsOdis6katZHvgjB37yQb6YAzaSBdfl"},{"path":"textures/ui/help/shop.png","key":"YdQRrSGZM2KCYoVXTIxlosqqUndFQDa3"},{"path":"textures/ui/help/social.png","key":"6XpXXew8GfCHqYAWgXQSDvloXiuv4cbd"},{"path":"textures/ui/help/tp.png","key":"pZCARbfsaIujVdsmFY8SlMZ2klxubX3T"},{"path":"textures/ui/help/vote.png","key":"gtO3jrLUXA9izOnh9ml6Li3GE9jVZzIO"},{"path":"textures/ui/help/vote_btn.png","key":"khwCFhN8L3mxVcYCV5k99PJTzYk2vdbp"},{"path":"textures/ui/help/website.png","key":"CNrseblpOkooIb4D0tO2cnW0aiyl9TOd"},{"path":"textures/ui/levels/bg1-10.png","key":"8C8sztEG8B4AQmJm1BtFhbbqWb2ZStVn"},{"path":"textures/ui/levels/bg11-20.png","key":"pHkcBzEpJeD2WWRbavrNEk3q9DFyR7xv"},{"path":"textures/ui/levels/bg21-30.png","key":"wsGp1MAYC6tgl8RxkwcZiL1lU9vi4IYx"},{"path":"textures/ui/levels/bg31-40.png","key":"5c8sMqce3aBpa17cuMtDWa6EF9wvKcel"},{"path":"textures/ui/levels/bg41-50.png","key":"CoTdzRKVzyTxpatoxb2JYe7BirWmj9qW"},{"path":"textures/ui/levels/bg51-60.png","key":"LMdl81SCT301XqmZE2phoiI4kjchMEyz"},{"path":"textures/ui/levels/bg61-70.png","key":"M9L8vpiT1kW02myHEKJwbEKAUGR54K1i"},{"path":"textures/ui/levels/bg71-80.png","key":"3j52oTDrYdP2k2753wnZBxeE9C6gFvgV"},{"path":"textures/ui/levels/bg81-90.png","key":"q280W3Bvj01CCghCnyPMvbJyNUVu6BIK"},{"path":"textures/ui/levels/bg91-100.png","key":"eUYYuTrAFpalvAKfKuh7J0s4pNy2FD6P"},{"path":"textures/ui/levels/exp00.png","key":"B42WQCBkgXu7tTGZSXToWje5mE8uax2D"},{"path":"textures/ui/levels/exp01.png","key":"yqsQFAu7RtAizENWkK23kCMGBCNFiXOJ"},{"path":"textures/ui/levels/exp02.png","key":"uLqvLc6eEXZ1ORkEexMzetD8kyeizumi"},{"path":"textures/ui/levels/exp03.png","key":"pcQhrv2KtQRJA5X9u6YrCogCNXwHvYhj"},{"path":"textures/ui/levels/exp04.png","key":"LSQbkLecaLPr3coCmsSfsFC42lFP11oM"},{"path":"textures/ui/levels/exp05.png","key":"u5bovhVJ9fOC8kVv5Z1hDcMOBmvRQcLd"},{"path":"textures/ui/levels/exp06.png","key":"oIowfcf049KuSRAd6AYK7Qy6utKQZaVq"},{"path":"textures/ui/levels/exp07.png","key":"II0jS87ksYfHvV4uDoUYC2BQoNhtmxPa"},{"path":"textures/ui/levels/exp08.png","key":"RZNk7Ud4fC053y6U8fX59BqztE8rO8XC"},{"path":"textures/ui/levels/exp09.png","key":"qPfgFqQdwe3NGJIU2SVxSFOe6KjhBkQ3"},{"path":"textures/ui/levels/exp10.png","key":"rvKsrPSlK4sAqXWM5MnVFEr6H8lEXcdH"},{"path":"textures/ui/levels/exp11.png","key":"VJNCbEf45ECqhfQuCs2WSgFNHNYMgntT"},{"path":"textures/ui/levels/exp12.png","key":"armyGEraDecxxtYAT2lAcgfIbu4ps8nR"},{"path":"textures/ui/levels/exp13.png","key":"R6tfU2qZsJHVNkgJLmEYttJ10UqXCm7u"},{"path":"textures/ui/levels/exp14.png","key":"69bX7lCvHrej602e4CNDDN4q85emYegc"},{"path":"textures/ui/levels/exp15.png","key":"bHyiYdxqgeiC1mFo0h41OrxSR9T8fm1V"},{"path":"textures/ui/levels/exp16.png","key":"Bzf7G4jqR2FqmjsHv4PdHamdw9Iuo7il"},{"path":"textures/ui/levels/exp17.png","key":"M54JWBWzpk4yvTz904qzifNrVgxZedhL"},{"path":"textures/ui/menu/close_button.png","key":"EREdf75ku7TDIaqomxqjgHJ7X7VW2kDn"},{"path":"textures/ui/menu/close_button_hover.png","key":"GVx1l5MyRZ3DnrZUsEYyMgzsz2WCM9Ge"},{"path":"textures/ui/pause/emerald.png","key":"KU8vnbek76VoeT9Dr0iw0ibSAfIjib0h"},{"path":"textures/ui/safezones/berxley.png","key":"canWD6kIt0kJ6ACsdtuxwm0zowS5d0rw"},{"path":"textures/ui/safezones/berxley_hover.png","key":"LssWjl10IIrRRnmqqSoDabMgg4Zy5d9D"},{"path":"textures/ui/safezones/mallowbridge.png","key":"WLEYfIN3ZNl7paHrsTKRNq7nAKU8udY0"},{"path":"textures/ui/safezones/mallowbridge_hover.png","key":"jZwq7y0xVtzQj0IXLtFH9iIKAcIktVlF"},{"path":"textures/ui/safezones/maxwell.png","key":"eKpUfM0ha6tpbP9eMBFZnlyhRXZUxe97"},{"path":"textures/ui/safezones/maxwell_hover.png","key":"HOd9xdq3eZOSI7xLYnD55GLhXCr50l97"},{"path":"textures/ui/safezones/school.png","key":"eXHm1kBNyO0OlY5AruQxtzv30OgHB8Ud"},{"path":"textures/ui/safezones/school_hover.png","key":"xwLuNqhUusGrajSzUtiP02f9UedlwTKr"},{"path":"textures/ui/safezones/travelier.png","key":"W1izaJsLLTDW73OTRnTRoV1PEEs7K76n"},{"path":"textures/ui/safezones/travelier_hover.png","key":"0OWw0CgU1RLXaSjTMEea1MXyEvix484k"},{"path":"textures/ui/serverselector/big_button_hover.png","key":"HCgS6rbdihpmPSETv7bE2ifPnU0D3BSo"},{"path":"textures/ui/serverselector/button_background.json","key":"lMWsH1gpW5vyjzNAaONNJEqPfcfZ2gkE"},{"path":"textures/ui/serverselector/button_background.png","key":"UMhCRCCe2DkEaj0g8ReTw81ZbcjfufQa"},{"path":"textures/ui/serverselector/button_hover.png","key":"L9Jt0LzCjXqO43tYeCEQqTT51VXR5ASZ"},{"path":"textures/ui/serverselector/carol.png","key":"b3iaZfVtarQBfgTv2T1cmelYM68fKt8H"},{"path":"textures/ui/serverselector/daryl.png","key":"vj1BWfZJbVcArZ7J7OVRAoI11SfJuhUk"},{"path":"textures/ui/serverselector/ezekiel.png","key":"envlMTaA6BILjM7UOb8n6JEfIwEv7yej"},{"path":"textures/ui/serverselector/michonne.png","key":"Fff2N0jJFy6FpzPoQPayCoSFNOhoVFVR"},{"path":"textures/ui/serverselector/negan.png","key":"CLZqb4WSsoHle2zlbPX5178AjRqwmEXE"},{"path":"textures/ui/serverselector/pve.png","key":"RHSFBbPyDvuX4wSTFF8jFwpuKDZxmyUn"},{"path":"textures/ui/serverselector/pvp.png","key":"SszVXAvWlwRWddwzm9efBtIJ6SZdG8KK"},{"path":"textures/ui/serverselector/rick.png","key":"RCEhp91PAm9xg1w7RkOlHYYZd3WJSTTD"},{"path":"textures/ui/serverselector/zombie01.png","key":"OzRCefgFpqB6IDnugEBigwOjuGAalrKX"},{"path":"textures/ui/serverselector/zombie02.png","key":"5gC4NbjmS6j9TKvK7Z6dNikEx0EzFpWD"},{"path":"textures/ui/serverselector/zombie03.png","key":"nbLjSOiMQDAOGSRJwIjrSoZW0lxwXiKc"},{"path":"textures/ui/serverselector/zombie04.png","key":"Ijo0wyn1Ry9Pi2WwBjAyr6SanK4vE8Dd"},{"path":"textures/ui/serverselector/zombie05.png","key":"Lp8NMI9dWj4ixD2EbJpOhf3FXwz44Nhk"},{"path":"textures/ui/serverselector/zombie06.png","key":"bidXChHJiKClpYoFRzm6otQj1Vt2T0IJ"},{"path":"textures/ui/shop/background/bg1.json","key":"vs1YLJgg9mq0fvfwPVtpxLXYitSJS8m2"},{"path":"textures/ui/shop/background/bg1.png","key":"ZrSbxBxPOk2FV8Q4IQ7upuMezrN3YWdG"},{"path":"textures/ui/shop/background/bg10.json","key":"HCDldOcJTwq38ukUfscq4sUkFtgsbR66"},{"path":"textures/ui/shop/background/bg10.png","key":"5l4iIJyGNC9zj9vID9ZW3C0io09DfxK5"},{"path":"textures/ui/shop/background/bg11.json","key":"JFhXMdLusLDzqYd16SQZ1CK9yEluemFR"},{"path":"textures/ui/shop/background/bg11.png","key":"DEI6vBF0eHKBBHDBUxky2IkXVPCJ6hyi"},{"path":"textures/ui/shop/background/bg12.json","key":"DqLnBeFTTpalkAFzRw4w2lAYV1QpogM7"},{"path":"textures/ui/shop/background/bg12.png","key":"RvV1ygGY5v6HH2xUm9tav5kf5M6zIu7R"},{"path":"textures/ui/shop/background/bg2.json","key":"JUpZVx2mGXrHsydoowOsatfRThyat0bI"},{"path":"textures/ui/shop/background/bg2.png","key":"6FatjhtgcQFUCiimHNlH6v1Ew3Ef9JBw"},{"path":"textures/ui/shop/background/bg3.json","key":"Brkwv2TgARfFnGEJcFL6Fs6KcJTArRH1"},{"path":"textures/ui/shop/background/bg3.png","key":"dDb0Pof5Emfkuwgh57rwzegtmCGFxUKc"},{"path":"textures/ui/shop/background/bg4.json","key":"87gdUUirvmnesAuqfnQOLy1MmellgapR"},{"path":"textures/ui/shop/background/bg4.png","key":"oLiT556XqYzSWqFLl2MNr9L0uCHWQbtz"},{"path":"textures/ui/shop/background/bg5.json","key":"FmsVzaS3R5NjkrPu5AtmwMH2ImNFA74T"},{"path":"textures/ui/shop/background/bg5.png","key":"zrENabWhqkEm55Q8EZNBen3u8sSUQg45"},{"path":"textures/ui/shop/background/bg6.json","key":"2yYQwGW2C2rcquOyZ9hFWEwdUAjUDTCO"},{"path":"textures/ui/shop/background/bg6.png","key":"Bkar17wZZNpUDmsdflhfxdLgCAIAyHtj"},{"path":"textures/ui/shop/background/bg7.json","key":"uLzMMD29dWeS1mdhVOoyPccJ2RIWtTfZ"},{"path":"textures/ui/shop/background/bg7.png","key":"Z1skGJw6UrxXTvenLuSyzCclnnUWgHo6"},{"path":"textures/ui/shop/background/bg8.json","key":"zM9NXVUTBd6qCeOjR4suxxXFI6d91v61"},{"path":"textures/ui/shop/background/bg8.png","key":"SGxTtM7J9C5iDpSt7p2dbNgAgveyzSny"},{"path":"textures/ui/shop/background/bg9.json","key":"Xg8kmNEpqu1PTcIXwv7joqj4TRzSGSln"},{"path":"textures/ui/shop/background/bg9.png","key":"Zbn5p64ZEbJ4sCWZzfgvdK8iJAFGxAMh"},{"path":"textures/ui/shop/cell_image_green.json","key":"CbU63Kb51JSjphFOrcXRmHuGG2CmhNBf"},{"path":"textures/ui/shop/cell_image_green.png","key":"PAkIIrodrUKui8hibvG1ApWgPF0B1gia"},{"path":"textures/ui/shop/cell_image_red.json","key":"w0dDl3ZGAy7gqVsEjMJUGVJWL7mNaZ1M"},{"path":"textures/ui/shop/cell_image_red.png","key":"29C8UGmGxin0lw5smDitBJrfcjrRMV2a"},{"path":"textures/ui/shop/confirm_item_bg.png","key":"QLM1ETIe1T8l3oTUJIh69PneM6g5X4ye"},{"path":"textures/ui/shop/desc_bg.json","key":"A1rOlfEmlLBoEv38vtD09pm8iT2lZ9eT"},{"path":"textures/ui/shop/desc_bg.png","key":"W9gFrfHKLkFzSGYhwdDypr6OPWYpxucH"},{"path":"textures/ui/shop/item_bg.png","key":"TByS2uFCe7VSi19qzFPXreIh2PkP2Hkb"},{"path":"textures/ui/shop/item_bg_hover.png","key":"AIYar7wp66irX2aY9dOb5FyuyxtyjJFa"},{"path":"textures/ui/supplydrops/armory.png","key":"ZHYnR5zbCkcMCV7vF6MHjfiWp5obpbSG"},{"path":"textures/ui/supplydrops/armory_hover.png","key":"zD6H0nxaqjSVxHdNZasiPfmXXihMljPk"},{"path":"textures/ui/supplydrops/generic.png","key":"27s4rrM9P1aC6MlRK7FmCeK77G0QHLaw"},{"path":"textures/ui/supplydrops/generic_hover.png","key":"CkTarWzhRr3T25W7kYPa2fY9DAhwSlxb"},{"path":"textures/ui/supplydrops/weaponry.png","key":"t6lSx0Mq0RM8fZbkRMo4OmOu2TwV8IjS"},{"path":"textures/ui/supplydrops/weaponry_hover.png","key":"YLC9Awk7pEGMG3nPcCvF7srVXv7J66Cl"},{"path":"textures/ui/thirst/thirst0.png","key":"RtRqj8aySLaqraDUzbUUdO0dzi5LbdRP"},{"path":"textures/ui/thirst/thirst1.png","key":"XUn6zpNIHYVO3KZgqrKYLxyCKbsH88pW"},{"path":"textures/ui/thirst/thirst10.png","key":"56o1OxTPOqadzRv2uXRaBZXiTZ0ItN9W"},{"path":"textures/ui/thirst/thirst11.png","key":"wRZ0Bb5KXXXEBc0gMEY8fYw4BVQekaOG"},{"path":"textures/ui/thirst/thirst12.png","key":"OH6kQR8duFqvSQW4nQMDALYi0icffxSY"},{"path":"textures/ui/thirst/thirst13.png","key":"hUFdEOi2QHZ9PPR9S7ckob2eMHRTXb5i"},{"path":"textures/ui/thirst/thirst14.png","key":"Woq11SLowBFvfbPFN1RSE7MmocsNV7A1"},{"path":"textures/ui/thirst/thirst15.png","key":"jjI7z1T9AfHHi3Yvj724IQAmfEkjxx21"},{"path":"textures/ui/thirst/thirst16.png","key":"pOsYnExgCTG0YNOaUZnO4xcNsZFWjQe2"},{"path":"textures/ui/thirst/thirst17.png","key":"KON5XF09N0wz44bc7oKnkMnUpy7LO7uL"},{"path":"textures/ui/thirst/thirst18.png","key":"duW02j69NdzbcWeL0wuBgJcwABDyxCpe"},{"path":"textures/ui/thirst/thirst19.png","key":"sSDHv6p2eDH7yr1zqaFh39gVq6COaLcp"},{"path":"textures/ui/thirst/thirst2.png","key":"NyCe6Beq0JbB4lXMJrI0Of9xzN2A2nPM"},{"path":"textures/ui/thirst/thirst20.png","key":"C91syZNqq2TE1bTlVSpMiLywV2Gd8vje"},{"path":"textures/ui/thirst/thirst3.png","key":"BNE2vLahlttfq0MTidu56dDyuBbOFTlI"},{"path":"textures/ui/thirst/thirst4.png","key":"A4W89g4seoDop5PaYMw8c7WQErUdhhqr"},{"path":"textures/ui/thirst/thirst5.png","key":"E35hQ8VhC8occjudO4Nj4bBYFHepbkP8"},{"path":"textures/ui/thirst/thirst6.png","key":"53HLEGO3s5WJMiYTCXJqiB0RT9Kv8eN0"},{"path":"textures/ui/thirst/thirst7.png","key":"MAn9HsHBmW8ECZNuczYSij2SuILt7C7V"},{"path":"textures/ui/thirst/thirst8.png","key":"2HLCAh7V6BPTwZkMecAEmj8Oa9eJbf7N"},{"path":"textures/ui/thirst/thirst9.png","key":"jC72xFGMH9LupZQqElldzs4Mqjf9yj6Q"},{"path":"textures/ui/vaults/extra_1.png","key":"JVglovSOLxOrgnd9xjasfk8ufhzbf1Vd"},{"path":"textures/ui/vaults/extra_1_hover.png","key":"3LHOOclkjHx8gZCTIoLKPPDB12xBg3wo"},{"path":"textures/ui/vaults/extra_2.png","key":"rdo9L4fY2JWTurOwmcxmIVpVyeuHK5UU"},{"path":"textures/ui/vaults/extra_2_hover.png","key":"SsQZLj0CotoyQZf7mGbjjJavOkQ9c7qf"},{"path":"textures/ui/vaults/ranked_1.png","key":"p4VDZDnYpa1joPNrZMK9GhT24LGHHca6"},{"path":"textures/ui/vaults/ranked_1_hover.png","key":"39U8h1BoUpFSnWyXVEuWN7FM6x3u1vP0"},{"path":"textures/ui/vaults/ranked_2.png","key":"9vn9lDosCZxx7KBRIglFXASoICoZyzPT"},{"path":"textures/ui/vaults/ranked_2_hover.png","key":"qS8naajKDvx7Cdh41SNgFJpVaFLnrHzT"},{"path":"textures/ui/vaults/standard.png","key":"LpbdkvpGNPkhVCTWc1lnUqSjedWaRtsv"},{"path":"textures/ui/vaults/standard_hover.png","key":"PYRtnvccYKfXs7ocewTAOTXzgKmyIgdd"},{"path":"textures/ui/vaults/vault_icon.png","key":"i9sHcT6s82rsN1E4GY31eLqCAU9P481g"},{"path":"textures/ui/warps/alexandria.png","key":"ubtTcmbELgHkIrhFB65XA9DJvTwnT04G"},{"path":"textures/ui/warps/alexandria_hover.png","key":"KRxuSiOmP6p6YMPzjI0PFt0InoNw1yld"},{"path":"textures/ui/warps/atlanta.png","key":"mLJHgzxWeyYWBkaWJo8V64I3DFsKXDb3"},{"path":"textures/ui/warps/atlanta_hover.png","key":"OQM8Tyf7Jiy5BkwtUKEf8MsT0GfyHKIw"},{"path":"textures/ui/warps/hershels_farm.png","key":"LgPOaBubjuaY5kjgGZ6eNYR0JcPt9f1S"},{"path":"textures/ui/warps/hershels_farm_hover.png","key":"sfPkybaAG98da51Bhy7ikbdIco9gISmM"},{"path":"textures/ui/warps/hilltop.png","key":"rNtJtQaPITXgX15uvgt1Cl7ba0ig2nKw"},{"path":"textures/ui/warps/hilltop_hover.png","key":"Cbpe5iwvzP4znoxFotaPY4tmCc1QzHHb"},{"path":"textures/ui/warps/prison.png","key":"PMagnXnZ0e9f058posuy3aFhMahMbsvb"},{"path":"textures/ui/warps/prison_hover.png","key":"f7LIZKjNfSRAakJBUjrcamJFcavtYj17"},{"path":"textures/ui/warps/terminus.png","key":"BwHBIIfQha58MDTyeHWittiUZx3wQm3T"},{"path":"textures/ui/warps/terminus_hover.png","key":"fpbJ4UvUnS39A3zoyN0UGRURfqgy1SqK"},{"path":"textures/ui/warps/woodbury.png","key":"mDbsHmyFSRNuci2v8jfmVRroLQ0F03hb"},{"path":"textures/ui/warps/woodbury_hover.png","key":"fpWe6ddAgdS2dy0KnL0ti4N7Xxr0xPVY"},{"path":"ui/_ui_defs.json","key":"VtxgMztFxzM4O9yUQBghac4JfUHjGDLm"},{"path":"ui/chest_screen.json","key":"asst2LTzxvWKi8gCegfUOj4wZb0m4N66"},{"path":"ui/content_log.json","key":"Vqvjadz52KjKjjrK31YSv54s3KdOwhpL"},{"path":"ui/havoc/chests/crates.json","key":"b4LFT4atQSWxIntxxYxopLaolpfpHcnQ"},{"path":"ui/havoc/chests/menus.json","key":"yaPrT6EGxuq8lqdwVtnKaYbFBfN04EId"},{"path":"ui/havoc/forms/dropdown_menu.json","key":"xvrYsvYT0wHAMXPtO8cAJxsQDH3LXsz7"},{"path":"ui/havoc/forms/general.json","key":"3T8H2k4xMtk4bHgxjbjGLySMSvcETnkc"},{"path":"ui/havoc/forms/grid_menu.json","key":"5GRkJhCuKxAsQZQQnbaR6C7H5xOGudpC"},{"path":"ui/havoc/forms/help_menu.json","key":"rXKJPlZndjtT8S7ExnywT2gi9BWhFkv8"},{"path":"ui/havoc/forms/level_menu.json","key":"YweeGsbc2fICuQHf96x6iICrBaOVP7Qz"},{"path":"ui/havoc/forms/new_defaults.json","key":"FSpETPJAuYd1fTddvQzGlcLzhZPSrwVJ"},{"path":"ui/havoc/forms/play_menu.json","key":"llyhyvJCbQR0GrBLSuTbPR69hYXOKiJW"},{"path":"ui/havoc/forms/server_selector.json","key":"xK3rxL6y3eNsC2HAaxQDkbh5JmbQEQrR"},{"path":"ui/havoc/forms/server_selector_main.json","key":"8TzzyoO2IyiEU2RWtRUjWXAAS58GT7WU"},{"path":"ui/havoc/forms/shop_menu.json","key":"qoFZaQ9wxj62TxSihjV6TAP5w7M6e3CH"},{"path":"ui/havoc/forms/vertical_desc.json","key":"SQAPfPf0MOrN6CJnKSOaES1rPETgCHHU"},{"path":"ui/havoc/scoreboard/crosshair.json","key":"3pL2zskinWwcxRpNgfIery14BjHiCnsi"},{"path":"ui/havoc/scoreboard/hud.json","key":"8yF6GiyZ0NVYovGsi2GXUVGMRTJxwBPL"},{"path":"ui/havoc/scoreboard/map.json","key":"vWbr9j8Gvk2SjEI38wbxxxKuYMMyFZIY"},{"path":"ui/havoc/scoreboard/sb_ui.json","key":"wRX93FG9ZUUrPQeB9qqyhr2NnIYorfEB"},{"path":"ui/havoc/scoreboard/thirst.json","key":"38OJNzfsu3z5LQJM2DsFyr6UxUpH3yZs"},{"path":"ui/havoc/toolkit/menu.json","key":"QtHRHH69DQXjXVqlGXCUtqGFBKdFJ9ET"},{"path":"ui/hud_screen.json","key":"O3lCdXehgCsGUdsiHLCUA83jMDyB46de"},{"path":"ui/inventory_screen.json","key":"jXzD0o7bqM4Vmfpl06pBBejE3nCmhEE7"},{"path":"ui/inventory_screen_pocket.json","key":"JZF4uqAPNm4v2iYlS4PiqS7OOhxhtXPj"},{"path":"ui/pause_screen.json","key":"wcMyojVDlMdJPILzjf2ftpVgj0gCczyA"},{"path":"ui/pocket_containers.json","key":"YZcg5nef7g9nnbf2MvB5R6Q237QkWx7X"},{"path":"ui/scoreboards.json","key":"PG3PHkJLDfuKeBu39TbH1aLGALZpCbO3"},{"path":"ui/server_form.json","key":"WdtWRjtURT9j2XlByo4UidQGs9Pc2rdd"}]}