{"format_version":"1.10.0","minecraft:client_entity":{"description":{"geometry":{"default":"geometry.m"},"identifier":"inpvp:m","materials":{"default":"entity_alphatest"},"render_controllers":["controller.render.alphabet"],"textures":{"aqua":"textures/entity/alphabet/aqua","black":"textures/entity/alphabet/black","blue":"textures/entity/alphabet/blue","darkaqua":"textures/entity/alphabet/darkaqua","darkblue":"textures/entity/alphabet/darkblue","darkgray":"textures/entity/alphabet/darkgray","darkgreen":"textures/entity/alphabet/darkgreen","darkpurple":"textures/entity/alphabet/darkpurple","darkred":"textures/entity/alphabet/red","gold":"textures/entity/alphabet/gold","gray":"textures/entity/alphabet/gray","green":"textures/entity/alphabet/green","lightpurple":"textures/entity/alphabet/lightpurple","red":"textures/entity/alphabet/red","white":"textures/entity/alphabet/white","yellow":"textures/entity/alphabet/yellow"}}}}