{
  "format_version": "1.8.0",
  "minecraft:client_entity": {
    "description": {
      "animation_controllers": [
        {
          "general": "controller.animation.battles.general"
        }
      ],
      "animations": {
        "fight": "animation.battles.fight"
      },
      "geometry": {
        "default": "geometry.battles"
      },
      "identifier": "lobby:battles",
      "materials": {
        "default": "translucence"
      },
      "render_controllers": [
        "controller.render.translucence"
      ],
      "textures": {
        "default": "textures/entity/lobby/battles"
      }
    }
  }
}