{
  "format_version": "1.8.0",
  "minecraft:client_entity": {
    "description": {
      "animation_controllers": [
        {
          "general": "controller.animation.jetski.general"
        }
      ],
      "animations": {
        "idle": "animation.jetski.idle",
        "vroom": "animation.jetski.vroom",
        "vroomdone": "animation.jetski.vroomdone"
      },
      "geometry": {
        "default": "geometry.jetski"
      },
      "identifier": "lobby:jetski",
      "materials": {
        "default": "translucence"
      },
      "render_controllers": [
        "controller.render.jetski"
      ],
      "textures": {
        "black": "textures/entity/lobby/jetski/black",
        "blue": "textures/entity/lobby/jetski/blue",
        "darkblue": "textures/entity/lobby/jetski/dark_blue",
        "default": "textures/entity/lobby/jetski/red",
        "lime": "textures/entity/lobby/jetski/lime",
        "magenta": "textures/entity/lobby/jetski/magenta",
        "orange": "textures/entity/lobby/jetski/orange",
        "pink": "textures/entity/lobby/jetski/pink",
        "purple": "textures/entity/lobby/jetski/purple",
        "red": "textures/entity/lobby/jetski/red",
        "seagreen": "textures/entity/lobby/jetski/seagreen",
        "white": "textures/entity/lobby/jetski/white",
        "yellow": "textures/entity/lobby/jetski/yellow"
      }
    }
  }
}