{"namespace":"havoccrate","havoc_crate_router":{"type":"panel","$crate_preview":"(not (($var_chest_title - 'crate.preview.') = $var_chest_title))","$crate_opening":"(not (($var_chest_title - 'crate.opening.') = $var_chest_title))","controls":[{"crate_previews@havoccrate.crate_preview_router":{"ignored":"$crate_opening","$panel_size":[267,189],"$grid_size":[243,135],"$grid_dimensions":[9,5],"$open_button_ignored":false}},{"crate_openings@havoccrate.crate_opening_router":{"ignored":"$crate_preview","$panel_size":[267,108],"$grid_size":[243,81],"$grid_dimensions":[9,3],"$no_white_border":true}}]},"crate_preview_router":{"type":"panel","controls":[{"vote_prev@havoccrate.crate_menu":{"ignored":"(($var_chest_title - 'crate.preview.vote') = $var_chest_title)","$panel_bg":"textures/ui/cratebgs/crate-preview-vote"}},{"rare_prev@havoccrate.crate_menu":{"ignored":"(($var_chest_title - 'crate.preview.rare') = $var_chest_title)","$panel_bg":"textures/ui/cratebgs/crate-preview-rare"}},{"godly_prev@havoccrate.crate_menu":{"ignored":"(($var_chest_title - 'crate.preview.godly') = $var_chest_title)","$panel_bg":"textures/ui/cratebgs/crate-preview-godly"}},{"legendary_prev@havoccrate.crate_menu":{"ignored":"(($var_chest_title - 'crate.preview.legendary') = $var_chest_title)","$panel_bg":"textures/ui/cratebgs/crate-preview-legendary"}},{"mythical_prev@havoccrate.crate_menu":{"ignored":"(($var_chest_title - 'crate.preview.mythical') = $var_chest_title)","$panel_bg":"textures/ui/cratebgs/crate-preview-mythical"}},{"july4_prev@havoccrate.crate_menu":{"ignored":"(($var_chest_title - 'crate.preview.july4') = $var_chest_title)","$panel_bg":"textures/ui/cratebgs/crate-preview-july4"}},{"lightning_prev@havoccrate.crate_menu":{"ignored":"(($var_chest_title - 'crate.preview.lightning') = $var_chest_title)","$panel_bg":"textures/ui/cratebgs/crate-preview-lightning"}},{"carnage_prev@havoccrate.crate_menu":{"ignored":"(($var_chest_title - 'crate.preview.carnage') = $var_chest_title)","$panel_bg":"textures/ui/cratebgs/crate-preview-carnage"}},{"halloween_prev@havoccrate.crate_menu":{"ignored":"(($var_chest_title - 'crate.preview.halloween') = $var_chest_title)","$panel_bg":"textures/ui/cratebgs/crate-preview-halloween"}}]},"crate_opening_router":{"type":"panel","controls":[{"godly_open@havoccrate.crate_menu":{"ignored":"(($var_chest_title - 'crate.opening.godly') = $var_chest_title)","$panel_bg":"textures/ui/cratebgs/crate-opening-godly"}},{"vote_open@havoccrate.crate_menu":{"ignored":"(($var_chest_title - 'crate.opening.vote') = $var_chest_title)","$panel_bg":"textures/ui/cratebgs/crate-opening-vote"}},{"rare_open@havoccrate.crate_menu":{"ignored":"(($var_chest_title - 'crate.opening.rare') = $var_chest_title)","$panel_bg":"textures/ui/cratebgs/crate-opening-rare"}},{"godly_open@havoccrate.crate_menu":{"ignored":"(($var_chest_title - 'crate.opening.godly') = $var_chest_title)","$panel_bg":"textures/ui/cratebgs/crate-opening-godly"}},{"legendary_open@havoccrate.crate_menu":{"ignored":"(($var_chest_title - 'crate.opening.legendary') = $var_chest_title)","$panel_bg":"textures/ui/cratebgs/crate-opening-legendary"}},{"mythical_open@havoccrate.crate_menu":{"ignored":"(($var_chest_title - 'crate.opening.mythical') = $var_chest_title)","$panel_bg":"textures/ui/cratebgs/crate-opening-mythical"}},{"july4_open@havoccrate.crate_menu":{"ignored":"(($var_chest_title - 'crate.opening.july4') = $var_chest_title)","$panel_bg":"textures/ui/cratebgs/crate-opening-july4"}},{"lightning_open@havoccrate.crate_menu":{"ignored":"(($var_chest_title - 'crate.opening.lightning') = $var_chest_title)","$panel_bg":"textures/ui/cratebgs/crate-opening-lightning"}},{"carnage_open@havoccrate.crate_menu":{"ignored":"(($var_chest_title - 'crate.opening.carnage') = $var_chest_title)","$panel_bg":"textures/ui/cratebgs/crate-opening-carnage"}},{"halloween_open@havoccrate.crate_menu":{"ignored":"(($var_chest_title - 'crate.opening.halloween') = $var_chest_title)","$panel_bg":"textures/ui/cratebgs/crate-opening-halloween"}}]},"crate_menu":{"type":"panel","controls":[{"container_gamepad_helpers@common.container_gamepad_helpers":{}},{"selected_item_details_factory@common.selected_item_details_factory":{}},{"root_panel@common.root_panel":{"size":"$panel_size","layer":1,"controls":[{"close_button@hvtk_menu.close_button":{"offset":[-10,10],"anchor_to":"top_right","anchor_from":"top_right"}},{"chest_bg":{"type":"image","layer":4,"size":["100%","default"],"$panel_bg|default":"","texture":"$panel_bg","anchor_from":"top_left","anchor_to":"top_left"}},{"chest_panel":{"type":"panel","layer":5,"controls":[{"chest_panel_top@havoccrate.no_inv_chest":{}}]}},{"inventory_selected_icon_button@common.inventory_selected_icon_button":{}},{"gamepad_cursor@common.gamepad_cursor_button":{}}]}}]},"no_inv_chest":{"type":"panel","size":["100%","50%"],"offset":[0,12],"anchor_to":"top_left","anchor_from":"top_left","controls":[{"no_inv_chest_grid@havoccrate.no_inv_chest_grid":{"offset":[12,13.5]}},{"open_crate@havoccrate.open_button_wrapper":{"offset":[92,150.5]}}]},"no_inv_chest_grid":{"type":"grid","size":"$grid_size","anchor_from":"top_left","anchor_to":"top_left","grid_dimensions":"$grid_dimensions","grid_item_template":"havoccrate.no_inv_chest_grid_item","collection_name":"container_items"},"no_inv_chest_grid_item":{"type":"panel","$item_collection_name":"container_items","controls":[{"big_item@common.container_item":{"size":[27,27],"$cell_image_size":[0,0],"$item_renderer_panel_size":[27,27],"$item_renderer_size":[23,23],"$button_ref":"havocchest.no_highlight_container_slot_button"}}]},"open_button_wrapper":{"$open_button_ignored|default":true,"ignored":"$open_button_ignored","type":"stack_panel","size":["100%c","100%c"],"anchor_from":"top_left","anchor_to":"top_left","collection_name":"container_items","controls":[{"open_button@common.container_item":{"$item_collection_name":"container_items","collection_index":49,"size":[83,23],"$cell_image_size":[0,0],"$item_renderer_panel_size":[83,23],"$item_renderer_size":[0,0],"$button_ref":"havocchest.no_highlight_container_slot_button"}}]}}