{"9x6_pocket_ui_container_item@common.container_item":{"$button_ref|default":"havocchest.custom_container_slot_button","$cell_image_size":["100%","100%"],"$item_renderer_panel_size":["100%","100%"],"$item_renderer_size":["85%","85%"],"size":["10.9%","100%x"]},"basket_value":{"collection_name":"container_items","controls":[{"label@basket_value_label":{"collection_index":41}}],"size":["100%c","100%c"],"type":"stack_panel"},"basket_value_label":{"bindings":[{"binding_collection_name":"container_items","binding_name":"#item_lodestone_tracking_handle","binding_type":"collection"},{"binding_type":"view","source_property_name":"('§8Total:\n§2$' + #item_lodestone_tracking_handle)","target_property_name":"#alt_text"}],"size":["default","20px"],"text":"#alt_text","text_alignment":"center","type":"label"},"button":{"collection_name":"container_items","controls":[{"sellbuttonwrapper@havocchest.sellbutton":{"$item_collection_name":"container_items","collection_index":39}}],"size":["100%c","100%c"],"type":"stack_panel"},"cell_image_green":{"layer":1,"texture":"textures/ui/shop/cell_image_green","type":"image"},"cell_image_red":{"layer":1,"texture":"textures/ui/shop/cell_image_red","type":"image"},"custom_chest_grid":{"anchor_from":"top_left","anchor_to":"top_left","collection_name":"container_items","grid_dimensions":"$grid_dimensions","grid_item_template":"chest.chest_grid_item","size":"$grid_size","type":"grid"},"custom_chest_label@chest.chest_label":{"$chest_title":"('§r' + $var_chest_title - 'havoc.9>' - 'havoc.18>' - 'havoc.36>' - 'havoc.45>' - 'havoc.pocket54>' - 'havoc.pocket45>' - 'havoc.pocket36>' - 'havoc.pocket27>' - 'havoc.pocket18>' - 'havoc.pocket9>' - 'havoc.base18>')","text":"$chest_title"},"custom_chest_panel":{"controls":[{"container_gamepad_helpers@common.container_gamepad_helpers":{}},{"flying_item_renderer@common.flying_item_renderer":{"layer":14}},{"selected_item_details_factory@common.selected_item_details_factory":{}},{"item_lock_notification_factory@common.item_lock_notification_factory":{}},{"root_panel@common.root_panel":{"controls":[{"common_panel@common.common_panel":{}},{"chest_panel":{"controls":[{"custom_chest_panel_top_half@havocchest.custom_chest_panel_top_half":{}},{"inventory_panel_bottom_half_with_label@common.inventory_panel_bottom_half_with_label":{}},{"hotbar_grid@common.hotbar_grid_template":{}},{"inventory_take_progress_icon_button@common.inventory_take_progress_icon_button":{}}],"layer":5,"type":"panel"}},{"inventory_selected_icon_button@common.inventory_selected_icon_button":{}},{"gamepad_cursor@common.gamepad_cursor_button":{}}],"layer":1,"size":"$panel_size"}}],"type":"panel"},"custom_chest_panel_top_half":{"anchor_from":"top_left","anchor_to":"top_left","controls":[{"chest_label@havocchest.custom_chest_label":{}},{"custom_chest_grid@havocchest.custom_chest_grid":{"offset":[7,9]}}],"offset":[0,12],"size":["100%","50%"],"type":"panel"},"custom_container_slot_button@common.container_slot_button_prototype":{"button_mappings":[{"from_button_id":"button.menu_select","mapping_type":"pressed","to_button_id":"button.drop_one"},{"from_button_id":"button.menu_ok","mapping_type":"pressed","to_button_id":"button.drop_one"},{"from_button_id":"button.menu_select","mapping_type":"double_pressed","to_button_id":"button.drop_one"},{"from_button_id":"button.menu_ok","mapping_type":"double_pressed","to_button_id":"button.drop_one"}]},"havoc_chest_router":{"controls":[{"sell_menu@havocchest.sell_chest_panel":{"ignored":"(($var_chest_title - 'havoc.shop_sell') = $var_chest_title)"}},{"trade_desktop@chest.large_chest_panel":{"$container_title":"('§r' + $var_chest_title - 'havoc.trade>')","ignored":"($pocket_screen or (($var_chest_title - 'havoc.trade>') = $var_chest_title))"}},{"trade_pocket@pocket_containers.panel":{"$container_size":54,"$container_title":"('§r' + $var_chest_title - 'havoc.trade>')","$pk_grid_item_template":"havocchest.9x6_pocket_ui_container_item","ignored":"($desktop_screen or (($var_chest_title - 'havoc.trade>') = $var_chest_title))"}},{"base18_desktop@havocchest.custom_chest_panel":{"$button_ref":"havocchest.custom_container_slot_button","$grid_dimensions":[9,2],"$grid_size":[162,36],"$panel_size":[176,148],"ignored":"($pocket_screen or (($var_chest_title - 'havoc.base18>') = $var_chest_title))"}},{"base18_pocket@pocket_containers.panel":{"$container_size":18,"$container_title":"('§r' + $var_chest_title - 'havoc.base18>')","$pk_grid_item_template":"havocchest.9x6_pocket_ui_container_item","ignored":"($desktop_screen or (($var_chest_title - 'havoc.base18>') = $var_chest_title))"}},{"base54_desktop@chest.large_chest_panel":{"$container_title":"('§r' + $var_chest_title - 'havoc.base54>')","ignored":"($pocket_screen or (($var_chest_title - 'havoc.base54>') = $var_chest_title))"}},{"base54_pocket@pocket_containers.panel":{"$button_ref":"common.container_slot_button_prototype","$container_size":54,"$container_title":"('§r' + $var_chest_title - 'havoc.base54>')","$pk_grid_item_template":"havocchest.9x6_pocket_ui_container_item","ignored":"($desktop_screen or (($var_chest_title - 'havoc.base54>') = $var_chest_title))"}},{"9_slot_desktop@havocchest.custom_chest_panel":{"$grid_dimensions":[9,1],"$grid_size":[162,18],"$panel_size":[176,130],"ignored":"($pocket_screen or (($var_chest_title - 'havoc.9>') = $var_chest_title))"}},{"18_slot_desktop@havocchest.custom_chest_panel":{"$grid_dimensions":[9,2],"$grid_size":[162,36],"$panel_size":[176,148],"ignored":"($pocket_screen or (($var_chest_title - 'havoc.18>') = $var_chest_title))"}},{"36_slot_desktop@havocchest.custom_chest_panel":{"$grid_dimensions":[9,4],"$grid_size":[162,72],"$panel_size":[176,184],"ignored":"($pocket_screen or (($var_chest_title - 'havoc.36>') = $var_chest_title))"}},{"45_slot_desktop@havocchest.custom_chest_panel":{"$grid_dimensions":[9,5],"$grid_size":[162,90],"$panel_size":[176,202],"ignored":"($pocket_screen or (($var_chest_title - 'havoc.45>') = $var_chest_title))"}},{"9_slot_pocket@pocket_containers.panel":{"$container_size":9,"$container_title":"('§r' + $var_chest_title - 'havoc.9>')","ignored":"($desktop_screen or (($var_chest_title - 'havoc.9>') = $var_chest_title))"}},{"18_slot_pocket@pocket_containers.panel":{"$container_size":18,"$container_title":"('§r' + $var_chest_title - 'havoc.18>')","ignored":"($desktop_screen or (($var_chest_title - 'havoc.18>') = $var_chest_title))"}},{"36_slot_pocket@pocket_containers.panel":{"$container_size":36,"$container_title":"('§r' + $var_chest_title - 'havoc.36>')","ignored":"($desktop_screen or (($var_chest_title - 'havoc.36>') = $var_chest_title))"}},{"45_slot_pocket@pocket_containers.panel":{"$container_size":45,"$container_title":"('§r' + $var_chest_title - 'havoc.45>')","ignored":"($desktop_screen or (($var_chest_title - 'havoc.45>') = $var_chest_title))"}},{"big_54_slot_desktop@chest.large_chest_panel":{"$container_title":"('§r' + $var_chest_title - 'havoc.pocket54>')","ignored":"($pocket_screen or (($var_chest_title - 'havoc.pocket54>') = $var_chest_title))"}},{"big_54_slot_pocket@havocchest.no_inv_chest_panel":{"$grid_dimensions":[9,6],"$grid_size":[252,168],"$panel_size":[266,196],"ignored":"($desktop_screen or (($var_chest_title - 'havoc.pocket54>') = $var_chest_title))"}},{"big_45_slot_desktop@havocchest.custom_chest_panel":{"$grid_dimensions":[9,5],"$grid_size":[162,90],"$panel_size":[176,202],"ignored":"($pocket_screen or (($var_chest_title - 'havoc.pocket45>') = $var_chest_title))"}},{"big_45_slot_pocket@havocchest.no_inv_chest_panel":{"$grid_dimensions":[9,5],"$grid_size":[252,140],"$panel_size":[266,168],"ignored":"($desktop_screen or (($var_chest_title - 'havoc.pocket45>') = $var_chest_title))"}},{"big_36_slot_desktop@havocchest.custom_chest_panel":{"$grid_dimensions":[9,4],"$grid_size":[162,72],"$panel_size":[176,184],"ignored":"($pocket_screen or (($var_chest_title - 'havoc.pocket36>') = $var_chest_title))"}},{"big_36_slot_pocket@havocchest.no_inv_chest_panel":{"$grid_dimensions":[9,4],"$grid_size":[252,112],"$panel_size":[266,140],"ignored":"($desktop_screen or (($var_chest_title - 'havoc.pocket36>') = $var_chest_title))"}},{"big_27_slot_both@havocchest.no_inv_chest_panel":{"$grid_dimensions":[9,3],"$grid_size":[252,84],"$panel_size":[266,112],"ignored":"(($var_chest_title - 'havoc.pocket27>') = $var_chest_title)"}},{"big_18_slot_desktop@havocchest.custom_chest_panel":{"$grid_dimensions":[9,2],"$grid_size":[162,36],"$panel_size":[176,148],"ignored":"($pocket_screen or (($var_chest_title - 'havoc.pocket18>') = $var_chest_title))"}},{"big_18_slot_pocket@havocchest.no_inv_chest_panel":{"$grid_dimensions":[9,2],"$grid_size":[252,56],"$panel_size":[266,84],"ignored":"($desktop_screen or (($var_chest_title - 'havoc.pocket18>') = $var_chest_title))"}},{"big_9_slot_desktop@havocchest.custom_chest_panel":{"$grid_dimensions":[9,1],"$grid_size":[162,18],"$panel_size":[176,130],"ignored":"($pocket_screen or (($var_chest_title - 'havoc.pocket9>') = $var_chest_title))"}},{"big_9_slot_pocket@havocchest.no_inv_chest_panel":{"$grid_dimensions":[9,1],"$grid_size":[252,28],"$panel_size":[266,56],"ignored":"($desktop_screen or (($var_chest_title - 'havoc.pocket9>') = $var_chest_title))"}}],"type":"panel"},"namespace":"havocchest","no_click_container_slot_button@common.container_slot_button_prototype":{"button_mappings":[]},"no_highlight_container_slot_button@common.container_slot_button_prototype":{"$highlight_control":"havocchest.no_highlight_slot_panel","button_mappings":[{"from_button_id":"button.menu_select","mapping_type":"pressed","to_button_id":"button.drop_one"},{"from_button_id":"button.menu_ok","mapping_type":"pressed","to_button_id":"button.drop_one"},{"from_button_id":"button.menu_select","mapping_type":"double_pressed","to_button_id":"button.drop_one"},{"from_button_id":"button.menu_ok","mapping_type":"double_pressed","to_button_id":"button.drop_one"}]},"no_highlight_slot_panel":{"controls":[{"highlight@common.highlight_slot":{"alpha":0,"bindings":[{"binding_name":"#show_persistent_bundle_hover_text","binding_name_override":"#visible"}],"controls":[{"hover_text@common.hover_text":{"$hover_text_binding_name|default":"#hover_text","bindings":[{"binding_collection_name":"$item_collection_name","binding_name":"$hover_text_binding_name","binding_name_override":"#hover_text","binding_type":"collection"}],"layer":29}},{"bundle_tooltip@common.bundle_tooltip":{"$hover_text_binding_name|default":"#hover_text","bindings":[{"binding_collection_name":"$item_collection_name","binding_name":"$hover_text_binding_name","binding_name_override":"#hover_text","binding_type":"collection"},{"binding_collection_name":"$item_collection_name","binding_name":"#hover_items_id","binding_name_override":"#hover_items_id","binding_type":"collection"}],"layer":29}}]}},{"white_border@havocchest.white_border_slot":{"bindings":[{"binding_name":"#show_persistent_bundle_hover_text","binding_name_override":"#visible"}]}}],"type":"panel"},"no_inv_chest":{"anchor_from":"top_left","anchor_to":"top_left","controls":[{"chest_label@havocchest.custom_chest_label":{}},{"no_inv_chest_grid@havocchest.no_inv_chest_grid":{"offset":[7,9]}}],"offset":[0,12],"size":["100%","50%"],"type":"panel"},"no_inv_chest_grid":{"anchor_from":"top_left","anchor_to":"top_left","collection_name":"container_items","grid_dimensions":"$grid_dimensions","grid_item_template":"havocchest.no_inv_chest_grid_item","size":"$grid_size","type":"grid"},"no_inv_chest_grid_item":{"$item_collection_name":"container_items","controls":[{"big_item@common.container_item":{"$button_ref":"havocchest.custom_container_slot_button","$cell_image_size":[28,28],"$item_renderer_panel_size":[28,28],"$item_renderer_size":[24,24],"size":[28,28]}}],"type":"panel"},"no_inv_chest_panel":{"controls":[{"container_gamepad_helpers@common.container_gamepad_helpers":{}},{"selected_item_details_factory@common.selected_item_details_factory":{}},{"root_panel@common.root_panel":{"controls":[{"common_panel@common.common_panel":{}},{"chest_panel":{"controls":[{"chest_panel_top@havocchest.no_inv_chest":{}}],"layer":5,"type":"panel"}},{"inventory_selected_icon_button@common.inventory_selected_icon_button":{}},{"gamepad_cursor@common.gamepad_cursor_button":{}}],"layer":1,"size":"$panel_size"}}],"type":"panel"},"sell_button":{"$hover_state|default":false,"controls":[{"bbackground@havocchest.sell_button_background":{}},{"blabel@havocchest.sell_button_label":{}}],"size":["100%","22px"],"type":"panel"},"sell_button_background":{"$texture|default":"","anchor_from":"bottom_middle","anchor_to":"bottom_middle","fill":true,"layer":4,"size":["100%","100%"],"texture":"$texture","type":"image","variables":[{"$texture":"textures/ui/buttons/green_alt","requires":"(not ($hover_state))"},{"$texture":"textures/ui/buttons/green_hover","requires":"$hover_state"}]},"sell_button_label":{"anchor_from":"center","anchor_to":"center","font_scale_factor":1.8,"font_type":"MinecraftTen","layer":6,"offset":[0,-3],"size":["default","18px"],"text":"SELL","text_alignment":"center","type":"label"},"sell_chest_grid":{"anchor_from":"top_left","anchor_to":"top_left","collection_name":"container_items","grid_dimensions":[9,4],"grid_item_template":"havocchest.sell_chest_grid_item_generator","size":[162,72],"type":"grid"},"sell_chest_grid_item_generator":{"controls":[{"default@common.container_item":{"$button_ref":"havocchest.custom_container_slot_button","$item_collection_name":"container_items","bindings":[{"binding_collection_name":"container_items","binding_name":"(#item_lodestone_tracking_handle = 0)","binding_name_override":"#visible","binding_type":"collection"}]}},{"green@common.container_item":{"$button_ref":"havocchest.custom_container_slot_button","$cell_overlay_ref":"havocchest.cell_image_green","$item_collection_name":"container_items","bindings":[{"binding_collection_name":"container_items","binding_name":"(#item_lodestone_tracking_handle = 1)","binding_name_override":"#visible","binding_type":"collection"}]}},{"red@common.container_item":{"$button_ref":"havocchest.no_click_container_slot_button","$cell_overlay_ref":"havocchest.cell_image_red","$item_collection_name":"container_items","bindings":[{"binding_collection_name":"container_items","binding_name":"(#item_lodestone_tracking_handle = 2)","binding_name_override":"#visible","binding_type":"collection"}]}}],"type":"panel"},"sell_chest_label":{"anchor_from":"top_left","anchor_to":"top_left","color":"$title_text_color","layer":2,"offset":[7,-1],"size":["90%","default"],"text":"Select Items to Sell","type":"label"},"sell_chest_panel":{"controls":[{"container_gamepad_helpers@common.container_gamepad_helpers":{}},{"selected_item_details_factory@common.selected_item_details_factory":{}},{"root_panel@common.root_panel":{"controls":[{"common_panel@common.common_panel":{}},{"chest_panel":{"controls":[{"large_chest_panel_top_half@havocchest.sell_menu_chest":{}}],"layer":5,"type":"panel"}},{"inventory_selected_icon_button@common.inventory_selected_icon_button":{}},{"gamepad_cursor@common.gamepad_cursor_button":{}}],"layer":1,"size":[176,150]}}],"type":"panel"},"sell_menu_chest":{"anchor_from":"top_left","anchor_to":"top_left","controls":[{"chest_label@havocchest.sell_chest_label":{}},{"sell_chest_grid@havocchest.sell_chest_grid":{"offset":[7,10]}},{"butn@havocchest.button":{"offset":[0,54]}},{"basket_value@havocchest.basket_value":{"offset":[0,30]}}],"offset":[0,11],"size":["100%",132],"type":"panel"},"sellbutton@common.button":{"$pressed_button_name":"button.drop_one","bindings":[{"binding_collection_name":"$item_collection_name","binding_condition":"once","binding_type":"collection_details"}],"controls":[{"default@havocchest.sell_button":{}},{"hover@havocchest.sell_button":{"$hover_state":true}},{"pressed@havocchest.sell_button":{"$hover_state":true}}],"layer":1,"size":[70,24]},"white_border_slot":{"$no_white_border|default":false,"ignored":"$no_white_border","size":["100%","100%"],"texture":"textures/ui/buttons/focus_border_white_alt","type":"image"}}