{"format_version":"1.12.0","minecraft:geometry":[{"bones":[{"cubes":[{"origin":[-1,0,-1],"size":[2,32,2],"uv":{"down":{"uv":[30,8],"uv_size":[2,-2]},"east":{"uv":[2,12],"uv_size":[2,32]},"north":{"uv":[0,12],"uv_size":[2,32]},"south":{"uv":[4,12],"uv_size":[2,32]},"up":{"uv":[22,9],"uv_size":[2,2]},"west":{"uv":[6,12],"uv_size":[2,32]}}},{"origin":[-5.5,32,0],"size":[11,12,0],"uv":{"down":{"uv":[0,0],"uv_size":[11,0]},"east":{"uv":[0,0],"uv_size":[0,12]},"north":{"uv":[0,0],"uv_size":[11,12]},"south":{"uv":[11,0],"uv_size":[11,12]},"up":{"uv":[0,0],"uv_size":[11,0]},"west":{"uv":[0,0],"uv_size":[0,12]}}},{"origin":[0,32,-5.5],"size":[0,12,11],"uv":{"down":{"uv":[0,0],"uv_size":[11,0]},"east":{"uv":[0,0],"uv_size":[11,12]},"north":{"uv":[0,0],"uv_size":[0,12]},"south":{"uv":[0,0],"uv_size":[0,12]},"up":{"uv":[0,0],"uv_size":[11,0]},"west":{"uv":[11,0],"uv_size":[11,12]}}}],"name":"bb_main","pivot":[0,0,0]},{"cubes":[{"origin":[-6.07787,10.49155,-2],"pivot":[-3.07787,20.99155,0],"rotation":[0,0,-27.5],"size":[0,10,4],"uv":{"down":{"uv":[0,4],"uv_size":[0,-4]},"east":{"uv":[8,12],"uv_size":[4,10]},"north":{"uv":[0,0],"uv_size":[0,10]},"south":{"uv":[0,0],"uv_size":[0,10]},"up":{"uv":[0,0],"uv_size":[0,4]},"west":{"uv":[12,12],"uv_size":[4,10]}}},{"origin":[-7.22876,16.70534,-2],"pivot":[-7.22876,16.70534,0],"rotation":[0,0,35],"size":[0,3,4],"uv":{"down":{"uv":[0,4],"uv_size":[0,-4]},"east":{"uv":[41,18],"uv_size":[4,3]},"north":{"uv":[0,0],"uv_size":[0,3]},"south":{"uv":[0,0],"uv_size":[0,3]},"up":{"uv":[0,0],"uv_size":[0,4]},"west":{"uv":[38,41],"uv_size":[4,3]}}},{"origin":[-2,2.49155,-6.07787],"pivot":[0,12.99155,-3.07787],"rotation":[27.5,0,0],"size":[4,10,0],"uv":{"down":{"uv":[0,0],"uv_size":[4,0]},"east":{"uv":[0,0],"uv_size":[0,10]},"north":{"uv":[16,12],"uv_size":[4,10]},"south":{"uv":[20,12],"uv_size":[4,10]},"up":{"uv":[0,0],"uv_size":[4,0]},"west":{"uv":[0,0],"uv_size":[0,10]}}},{"origin":[-2,8.70534,-7.22876],"pivot":[0,8.70534,-7.22876],"rotation":[-35,0,0],"size":[4,3,0],"uv":{"down":{"uv":[0,0],"uv_size":[4,0]},"east":{"uv":[0,0],"uv_size":[0,3]},"north":{"uv":[42,41],"uv_size":[4,3]},"south":{"uv":[43,21],"uv_size":[4,3]},"up":{"uv":[0,0],"uv_size":[4,0]},"west":{"uv":[0,0],"uv_size":[0,3]}}},{"origin":[6.80343,10.05514,-2],"pivot":[6.80343,10.05514,0],"rotation":[0,0,-35],"size":[0,3,4],"uv":{"down":{"uv":[0,4],"uv_size":[0,-4]},"east":{"uv":[41,12],"uv_size":[4,3]},"north":{"uv":[0,0],"uv_size":[0,3]},"south":{"uv":[0,0],"uv_size":[0,3]},"up":{"uv":[0,0],"uv_size":[0,4]},"west":{"uv":[41,15],"uv_size":[4,3]}}},{"origin":[5.07787,4.49155,-2],"pivot":[3.07787,12.99155,0],"rotation":[0,0,27.5],"size":[0,9,4],"uv":{"down":{"uv":[0,4],"uv_size":[0,-4]},"east":{"uv":[22,0],"uv_size":[4,9]},"north":{"uv":[0,0],"uv_size":[0,9]},"south":{"uv":[0,0],"uv_size":[0,9]},"up":{"uv":[0,0],"uv_size":[0,4]},"west":{"uv":[8,22],"uv_size":[4,9]}}},{"origin":[3.80899,16.4978,-2],"pivot":[4.47398,22.90194,0],"rotation":[0,0,45],"size":[0,9,4],"uv":{"down":{"uv":[0,4],"uv_size":[0,-4]},"east":{"uv":[20,22],"uv_size":[4,9]},"north":{"uv":[0,0],"uv_size":[0,9]},"south":{"uv":[0,0],"uv_size":[0,9]},"up":{"uv":[0,0],"uv_size":[0,4]},"west":{"uv":[24,9],"uv_size":[4,9]}}},{"origin":[6.47002,21.69131,-2],"pivot":[4.47398,22.90194,0],"rotation":[0,0,-17.5],"size":[0,3,4],"uv":{"down":{"uv":[0,4],"uv_size":[0,-4]},"east":{"uv":[43,33],"uv_size":[4,3]},"north":{"uv":[0,0],"uv_size":[0,3]},"south":{"uv":[0,0],"uv_size":[0,3]},"up":{"uv":[0,0],"uv_size":[0,4]},"west":{"uv":[43,36],"uv_size":[4,3]}}},{"origin":[3.80899,27.4978,-2],"pivot":[4.47398,33.90194,0],"rotation":[0,0,45],"size":[0,9,4],"uv":{"down":{"uv":[0,4],"uv_size":[0,-4]},"east":{"uv":[24,27],"uv_size":[4,9]},"north":{"uv":[0,0],"uv_size":[0,9]},"south":{"uv":[0,0],"uv_size":[0,9]},"up":{"uv":[0,0],"uv_size":[0,4]},"west":{"uv":[28,9],"uv_size":[4,9]}}},{"origin":[6.47002,32.69131,-2],"pivot":[4.47398,33.90194,0],"rotation":[0,0,-17.5],"size":[0,3,4],"uv":{"down":{"uv":[0,4],"uv_size":[0,-4]},"east":{"uv":[44,3],"uv_size":[4,3]},"north":{"uv":[0,0],"uv_size":[0,3]},"south":{"uv":[0,0],"uv_size":[0,3]},"up":{"uv":[0,0],"uv_size":[0,4]},"west":{"uv":[4,44],"uv_size":[4,3]}}},{"origin":[-2,15.49155,-5.07787],"pivot":[0,23.99155,-3.07787],"rotation":[27.5,0,0],"size":[4,9,0],"uv":{"down":{"uv":[0,0],"uv_size":[4,0]},"east":{"uv":[0,0],"uv_size":[0,9]},"north":{"uv":[12,22],"uv_size":[4,9]},"south":{"uv":[16,22],"uv_size":[4,9]},"up":{"uv":[0,0],"uv_size":[4,0]},"west":{"uv":[0,0],"uv_size":[0,9]}}},{"origin":[-2,21.05514,-6.80343],"pivot":[0,21.05514,-6.80343],"rotation":[-35,0,0],"size":[4,3,0],"uv":{"down":{"uv":[0,0],"uv_size":[4,0]},"east":{"uv":[0,0],"uv_size":[0,3]},"north":{"uv":[43,27],"uv_size":[4,3]},"south":{"uv":[43,30],"uv_size":[4,3]},"up":{"uv":[0,0],"uv_size":[4,0]},"west":{"uv":[0,0],"uv_size":[0,3]}}},{"origin":[-2,32.05514,-6.80343],"pivot":[0,32.05514,-6.80343],"rotation":[-35,0,0],"size":[4,3,0],"uv":{"down":{"uv":[0,0],"uv_size":[4,0]},"east":{"uv":[0,0],"uv_size":[0,3]},"north":{"uv":[0,44],"uv_size":[4,3]},"south":{"uv":[44,0],"uv_size":[4,3]},"up":{"uv":[0,0],"uv_size":[4,0]},"west":{"uv":[0,0],"uv_size":[0,3]}}},{"origin":[-2,26.49155,-5.07787],"pivot":[0,34.99155,-3.07787],"rotation":[27.5,0,0],"size":[4,9,0],"uv":{"down":{"uv":[0,0],"uv_size":[4,0]},"east":{"uv":[0,0],"uv_size":[0,9]},"north":{"uv":[24,18],"uv_size":[4,9]},"south":{"uv":[26,0],"uv_size":[4,9]},"up":{"uv":[0,0],"uv_size":[4,0]},"west":{"uv":[0,0],"uv_size":[0,9]}}},{"origin":[-2,7.82526,3.34876],"pivot":[0,11.42526,2.34876],"rotation":[-42.5,0,0],"size":[4,6,0],"uv":{"down":{"uv":[0,0],"uv_size":[4,0]},"east":{"uv":[0,0],"uv_size":[0,6]},"north":{"uv":[30,0],"uv_size":[4,6]},"south":{"uv":[28,30],"uv_size":[4,6]},"up":{"uv":[0,0],"uv_size":[4,0]},"west":{"uv":[0,0],"uv_size":[0,6]}}},{"origin":[-2,10.06168,6.42818],"pivot":[0,10.06168,6.42818],"rotation":[35,0,0],"size":[4,3,0],"uv":{"down":{"uv":[0,0],"uv_size":[4,0]},"east":{"uv":[0,0],"uv_size":[0,3]},"north":{"uv":[30,42],"uv_size":[4,3]},"south":{"uv":[34,42],"uv_size":[4,3]},"up":{"uv":[0,0],"uv_size":[4,0]},"west":{"uv":[0,0],"uv_size":[0,3]}}},{"origin":[3.34876,10.82526,-2],"pivot":[2.34876,14.42526,0],"rotation":[0,0,42.5],"size":[0,6,4],"uv":{"down":{"uv":[0,4],"uv_size":[0,-4]},"east":{"uv":[8,31],"uv_size":[4,6]},"north":{"uv":[0,0],"uv_size":[0,6]},"south":{"uv":[0,0],"uv_size":[0,6]},"up":{"uv":[0,0],"uv_size":[0,4]},"west":{"uv":[12,31],"uv_size":[4,6]}}},{"origin":[6.42818,13.06168,-2],"pivot":[6.42818,13.06168,0],"rotation":[0,0,-35],"size":[0,3,4],"uv":{"down":{"uv":[0,4],"uv_size":[0,-4]},"east":{"uv":[23,43],"uv_size":[4,3]},"north":{"uv":[0,0],"uv_size":[0,3]},"south":{"uv":[0,0],"uv_size":[0,3]},"up":{"uv":[0,0],"uv_size":[0,4]},"west":{"uv":[43,24],"uv_size":[4,3]}}},{"origin":[-3.34876,5.82526,-2],"pivot":[-2.34876,9.42526,0],"rotation":[0,0,-42.5],"size":[0,6,4],"uv":{"down":{"uv":[0,4],"uv_size":[0,-4]},"east":{"uv":[28,18],"uv_size":[4,6]},"north":{"uv":[0,0],"uv_size":[0,6]},"south":{"uv":[0,0],"uv_size":[0,6]},"up":{"uv":[0,0],"uv_size":[0,4]},"west":{"uv":[28,24],"uv_size":[4,6]}}},{"origin":[-6.42818,8.06168,-2],"pivot":[-6.42818,8.06168,0],"rotation":[0,0,35],"size":[0,3,4],"uv":{"down":{"uv":[0,4],"uv_size":[0,-4]},"east":{"uv":[30,39],"uv_size":[4,3]},"north":{"uv":[0,0],"uv_size":[0,3]},"south":{"uv":[0,0],"uv_size":[0,3]},"up":{"uv":[0,0],"uv_size":[0,4]},"west":{"uv":[34,39],"uv_size":[4,3]}}},{"origin":[-6.42818,30.06168,-2],"pivot":[-6.42818,30.06168,0],"rotation":[0,0,35],"size":[0,3,4],"uv":{"down":{"uv":[0,4],"uv_size":[0,-4]},"east":{"uv":[44,6],"uv_size":[4,3]},"north":{"uv":[0,0],"uv_size":[0,3]},"south":{"uv":[0,0],"uv_size":[0,3]},"up":{"uv":[0,0],"uv_size":[0,4]},"west":{"uv":[8,44],"uv_size":[4,3]}}},{"origin":[-3.34876,27.82526,-2],"pivot":[-2.34876,31.42526,0],"rotation":[0,0,-42.5],"size":[0,6,4],"uv":{"down":{"uv":[0,4],"uv_size":[0,-4]},"east":{"uv":[16,31],"uv_size":[4,6]},"north":{"uv":[0,0],"uv_size":[0,6]},"south":{"uv":[0,0],"uv_size":[0,6]},"up":{"uv":[0,0],"uv_size":[0,4]},"west":{"uv":[20,31],"uv_size":[4,6]}}},{"origin":[-2,28.06168,6.42818],"pivot":[0,28.06168,6.42818],"rotation":[35,0,0],"size":[4,3,0],"uv":{"down":{"uv":[0,0],"uv_size":[4,0]},"east":{"uv":[0,0],"uv_size":[0,3]},"north":{"uv":[44,9],"uv_size":[4,3]},"south":{"uv":[12,44],"uv_size":[4,3]},"up":{"uv":[0,0],"uv_size":[4,0]},"west":{"uv":[0,0],"uv_size":[0,3]}}},{"origin":[-2,25.82526,3.34876],"pivot":[0,29.42526,2.34876],"rotation":[-42.5,0,0],"size":[4,6,0],"uv":{"down":{"uv":[0,0],"uv_size":[4,0]},"east":{"uv":[0,0],"uv_size":[0,6]},"north":{"uv":[32,6],"uv_size":[4,6]},"south":{"uv":[32,12],"uv_size":[4,6]},"up":{"uv":[0,0],"uv_size":[4,0]},"west":{"uv":[0,0],"uv_size":[0,6]}}},{"origin":[-9.00621,12.24102,0],"pivot":[-6.50621,14.44102,0],"rotation":[0,0,-40],"size":[5,4,0],"uv":{"down":{"uv":[0,0],"uv_size":[5,0]},"east":{"uv":[0,0],"uv_size":[0,4]},"north":{"uv":[38,21],"uv_size":[5,4]},"south":{"uv":[38,25],"uv_size":[5,4]},"up":{"uv":[0,0],"uv_size":[5,0]},"west":{"uv":[0,0],"uv_size":[0,4]}}},{"origin":[0,15.46375,-0.99873],"pivot":[1,9.96375,3.25127],"rotation":[-42.5,0,0],"size":[0,4,5],"uv":{"down":{"uv":[0,5],"uv_size":[0,-5]},"east":{"uv":[38,29],"uv_size":[5,4]},"north":{"uv":[0,0],"uv_size":[0,4]},"south":{"uv":[0,0],"uv_size":[0,4]},"up":{"uv":[0,0],"uv_size":[0,5]},"west":{"uv":[38,33],"uv_size":[5,4]}}},{"origin":[4.23003,18.72753,0],"pivot":[5.43003,20.85253,0],"rotation":[0,0,37.5],"size":[5,4,0],"uv":{"down":{"uv":[0,0],"uv_size":[5,0]},"east":{"uv":[0,0],"uv_size":[0,4]},"north":{"uv":[38,37],"uv_size":[5,4]},"south":{"uv":[39,0],"uv_size":[5,4]},"up":{"uv":[0,0],"uv_size":[5,0]},"west":{"uv":[0,0],"uv_size":[0,4]}}},{"origin":[-1.5,8.46375,-0.52373],"pivot":[1,9.96375,3.25127],"rotation":[-42.5,0,0],"size":[3,7,3],"uv":{"down":{"uv":[16,47],"uv_size":[3,-3]},"east":{"uv":[32,25],"uv_size":[3,7]},"north":{"uv":[32,18],"uv_size":[3,7]},"south":{"uv":[32,32],"uv_size":[3,7]},"up":{"uv":[27,43],"uv_size":[3,3]},"west":{"uv":[35,18],"uv_size":[3,7]}}},{"origin":[0.71719,12.65246,-1.5],"pivot":[2.59219,16.15246,0],"rotation":[180,0,-144],"size":[3,7,3],"uv":{"down":{"uv":[38,47],"uv_size":[3,-3]},"east":{"uv":[35,32],"uv_size":[3,7]},"north":{"uv":[35,25],"uv_size":[3,7]},"south":{"uv":[36,0],"uv_size":[3,7]},"up":{"uv":[19,44],"uv_size":[3,3]},"west":{"uv":[36,7],"uv_size":[3,7]}}},{"origin":[-6.36769,20.79126,-1.5],"pivot":[-4.64043,26.94701,0],"rotation":[-180,0,136.5],"size":[3,7,3],"uv":{"down":{"uv":[45,18],"uv_size":[3,-3]},"east":{"uv":[17,37],"uv_size":[3,7]},"north":{"uv":[14,37],"uv_size":[3,7]},"south":{"uv":[20,37],"uv_size":[3,7]},"up":{"uv":[45,12],"uv_size":[3,3]},"west":{"uv":[38,14],"uv_size":[3,7]}}},{"origin":[-7.29809,27.60779,0],"pivot":[-4.64043,26.94701,0],"rotation":[0,0,-45],"size":[5,4,0],"uv":{"down":{"uv":[0,0],"uv_size":[5,0]},"east":{"uv":[0,0],"uv_size":[0,4]},"north":{"uv":[39,4],"uv_size":[5,4]},"south":{"uv":[39,8],"uv_size":[5,4]},"up":{"uv":[0,0],"uv_size":[5,0]},"west":{"uv":[0,0],"uv_size":[0,4]}}},{"origin":[-3.91913,7.0119,-1.5],"pivot":[-2.41913,10.5119,0],"rotation":[0,90,-41],"size":[3,7,3],"uv":{"down":{"uv":[44,47],"uv_size":[3,-3]},"east":{"uv":[27,36],"uv_size":[3,7]},"north":{"uv":[24,36],"uv_size":[3,7]},"south":{"uv":[8,37],"uv_size":[3,7]},"up":{"uv":[41,44],"uv_size":[3,3]},"west":{"uv":[11,37],"uv_size":[3,7]}}}],"name":"bone","pivot":[-6.42818,8.06168,0]}],"description":{"identifier":"geometry.cornharvestable","texture_height":64,"texture_width":64,"visible_bounds_height":4.5,"visible_bounds_offset":[0,1.75,0],"visible_bounds_width":4}}]}