{"format_version":"1.12.0","minecraft:geometry":[{"bones":[{"cubes":[{"origin":[-1,0,-1],"size":[2,23,2],"uv":{"down":{"uv":[18,31],"uv_size":[2,-2]},"east":{"uv":[2,0],"uv_size":[2,23]},"north":{"uv":[0,0],"uv_size":[2,23]},"south":{"uv":[4,0],"uv_size":[2,23]},"up":{"uv":[18,27],"uv_size":[2,2]},"west":{"uv":[6,0],"uv_size":[2,23]}}}],"name":"bb_main","pivot":[0,0,0]},{"cubes":[{"origin":[-6.07787,10.49155,-2],"pivot":[-3.07787,20.99155,0],"rotation":[0,0,-27.5],"size":[0,10,4],"uv":{"down":{"uv":[0,4],"uv_size":[0,-4]},"east":{"uv":[8,0],"uv_size":[4,10]},"north":{"uv":[0,0],"uv_size":[0,10]},"south":{"uv":[0,0],"uv_size":[0,10]},"up":{"uv":[0,0],"uv_size":[0,4]},"west":{"uv":[8,10],"uv_size":[4,10]}}},{"origin":[-7.22876,16.70534,-2],"pivot":[-7.22876,16.70534,0],"rotation":[0,0,35],"size":[0,3,4],"uv":{"down":{"uv":[0,4],"uv_size":[0,-4]},"east":{"uv":[30,23],"uv_size":[4,3]},"north":{"uv":[0,0],"uv_size":[0,3]},"south":{"uv":[0,0],"uv_size":[0,3]},"up":{"uv":[0,0],"uv_size":[0,4]},"west":{"uv":[29,30],"uv_size":[4,3]}}},{"origin":[-2,2.49155,-6.07787],"pivot":[0,12.99155,-3.07787],"rotation":[27.5,0,0],"size":[4,10,0],"uv":{"down":{"uv":[0,0],"uv_size":[4,0]},"east":{"uv":[0,0],"uv_size":[0,10]},"north":{"uv":[12,0],"uv_size":[4,10]},"south":{"uv":[12,10],"uv_size":[4,10]},"up":{"uv":[0,0],"uv_size":[4,0]},"west":{"uv":[0,0],"uv_size":[0,10]}}},{"origin":[-2,8.70534,-7.22876],"pivot":[0,8.70534,-7.22876],"rotation":[-35,0,0],"size":[4,3,0],"uv":{"down":{"uv":[0,0],"uv_size":[4,0]},"east":{"uv":[0,0],"uv_size":[0,3]},"north":{"uv":[31,0],"uv_size":[4,3]},"south":{"uv":[31,3],"uv_size":[4,3]},"up":{"uv":[0,0],"uv_size":[4,0]},"west":{"uv":[0,0],"uv_size":[0,3]}}},{"origin":[6.80343,10.05514,-2],"pivot":[6.80343,10.05514,0],"rotation":[0,0,-35],"size":[0,3,4],"uv":{"down":{"uv":[0,4],"uv_size":[0,-4]},"east":{"uv":[18,31],"uv_size":[4,3]},"north":{"uv":[0,0],"uv_size":[0,3]},"south":{"uv":[0,0],"uv_size":[0,3]},"up":{"uv":[0,0],"uv_size":[0,4]},"west":{"uv":[6,33],"uv_size":[4,3]}}},{"origin":[5.07787,4.49155,-2],"pivot":[3.07787,12.99155,0],"rotation":[0,0,27.5],"size":[0,9,4],"uv":{"down":{"uv":[0,4],"uv_size":[0,-4]},"east":{"uv":[16,0],"uv_size":[4,9]},"north":{"uv":[0,0],"uv_size":[0,9]},"south":{"uv":[0,0],"uv_size":[0,9]},"up":{"uv":[0,0],"uv_size":[0,4]},"west":{"uv":[16,9],"uv_size":[4,9]}}},{"origin":[3.80899,16.4978,-2],"pivot":[4.47398,22.90194,0],"rotation":[0,0,45],"size":[0,9,4],"uv":{"down":{"uv":[0,4],"uv_size":[0,-4]},"east":{"uv":[16,18],"uv_size":[4,9]},"north":{"uv":[0,0],"uv_size":[0,9]},"south":{"uv":[0,0],"uv_size":[0,9]},"up":{"uv":[0,0],"uv_size":[0,4]},"west":{"uv":[20,0],"uv_size":[4,9]}}},{"origin":[6.47002,21.69131,-2],"pivot":[4.47398,22.90194,0],"rotation":[0,0,-17.5],"size":[0,3,4],"uv":{"down":{"uv":[0,4],"uv_size":[0,-4]},"east":{"uv":[33,6],"uv_size":[4,3]},"north":{"uv":[0,0],"uv_size":[0,3]},"south":{"uv":[0,0],"uv_size":[0,3]},"up":{"uv":[0,0],"uv_size":[0,4]},"west":{"uv":[10,33],"uv_size":[4,3]}}},{"origin":[-2,15.49155,-5.07787],"pivot":[0,23.99155,-3.07787],"rotation":[27.5,0,0],"size":[4,9,0],"uv":{"down":{"uv":[0,0],"uv_size":[4,0]},"east":{"uv":[0,0],"uv_size":[0,9]},"north":{"uv":[8,20],"uv_size":[4,9]},"south":{"uv":[20,9],"uv_size":[4,9]},"up":{"uv":[0,0],"uv_size":[4,0]},"west":{"uv":[0,0],"uv_size":[0,9]}}},{"origin":[-2,21.05514,-6.80343],"pivot":[0,21.05514,-6.80343],"rotation":[-35,0,0],"size":[4,3,0],"uv":{"down":{"uv":[0,0],"uv_size":[4,0]},"east":{"uv":[0,0],"uv_size":[0,3]},"north":{"uv":[22,33],"uv_size":[4,3]},"south":{"uv":[26,33],"uv_size":[4,3]},"up":{"uv":[0,0],"uv_size":[4,0]},"west":{"uv":[0,0],"uv_size":[0,3]}}},{"origin":[-2,7.82526,3.34876],"pivot":[0,11.42526,2.34876],"rotation":[-42.5,0,0],"size":[4,6,0],"uv":{"down":{"uv":[0,0],"uv_size":[4,0]},"east":{"uv":[0,0],"uv_size":[0,6]},"north":{"uv":[12,20],"uv_size":[4,6]},"south":{"uv":[20,18],"uv_size":[4,6]},"up":{"uv":[0,0],"uv_size":[4,0]},"west":{"uv":[0,0],"uv_size":[0,6]}}},{"origin":[-2,10.06168,6.42818],"pivot":[0,10.06168,6.42818],"rotation":[35,0,0],"size":[4,3,0],"uv":{"down":{"uv":[0,0],"uv_size":[4,0]},"east":{"uv":[0,0],"uv_size":[0,3]},"north":{"uv":[30,33],"uv_size":[4,3]},"south":{"uv":[33,30],"uv_size":[4,3]},"up":{"uv":[0,0],"uv_size":[4,0]},"west":{"uv":[0,0],"uv_size":[0,3]}}},{"origin":[3.34876,10.82526,-2],"pivot":[2.34876,14.42526,0],"rotation":[0,0,42.5],"size":[0,6,4],"uv":{"down":{"uv":[0,4],"uv_size":[0,-4]},"east":{"uv":[0,23],"uv_size":[4,6]},"north":{"uv":[0,0],"uv_size":[0,6]},"south":{"uv":[0,0],"uv_size":[0,6]},"up":{"uv":[0,0],"uv_size":[0,4]},"west":{"uv":[4,23],"uv_size":[4,6]}}},{"origin":[6.42818,13.06168,-2],"pivot":[6.42818,13.06168,0],"rotation":[0,0,-35],"size":[0,3,4],"uv":{"down":{"uv":[0,4],"uv_size":[0,-4]},"east":{"uv":[14,34],"uv_size":[4,3]},"north":{"uv":[0,0],"uv_size":[0,3]},"south":{"uv":[0,0],"uv_size":[0,3]},"up":{"uv":[0,0],"uv_size":[0,4]},"west":{"uv":[18,34],"uv_size":[4,3]}}},{"origin":[-3.34876,5.82526,-2],"pivot":[-2.34876,9.42526,0],"rotation":[0,0,-42.5],"size":[0,6,4],"uv":{"down":{"uv":[0,4],"uv_size":[0,-4]},"east":{"uv":[24,0],"uv_size":[4,6]},"north":{"uv":[0,0],"uv_size":[0,6]},"south":{"uv":[0,0],"uv_size":[0,6]},"up":{"uv":[0,0],"uv_size":[0,4]},"west":{"uv":[24,6],"uv_size":[4,6]}}},{"origin":[-6.42818,8.06168,-2],"pivot":[-6.42818,8.06168,0],"rotation":[0,0,35],"size":[0,3,4],"uv":{"down":{"uv":[0,4],"uv_size":[0,-4]},"east":{"uv":[34,23],"uv_size":[4,3]},"north":{"uv":[0,0],"uv_size":[0,3]},"south":{"uv":[0,0],"uv_size":[0,3]},"up":{"uv":[0,0],"uv_size":[0,4]},"west":{"uv":[34,26],"uv_size":[4,3]}}},{"origin":[-9.00621,12.24102,0],"pivot":[-6.50621,14.44102,0],"rotation":[0,0,-40],"size":[5,4,0],"uv":{"down":{"uv":[0,0],"uv_size":[5,0]},"east":{"uv":[0,0],"uv_size":[0,4]},"north":{"uv":[28,7],"uv_size":[5,4]},"south":{"uv":[6,29],"uv_size":[5,4]},"up":{"uv":[0,0],"uv_size":[5,0]},"west":{"uv":[0,0],"uv_size":[0,4]}}},{"origin":[0,14.91375,-1.54873],"pivot":[1,9.96375,3.25127],"rotation":[-42.5,0,0],"size":[0,4,5],"uv":{"down":{"uv":[0,5],"uv_size":[0,-5]},"east":{"uv":[29,26],"uv_size":[5,4]},"north":{"uv":[0,0],"uv_size":[0,4]},"south":{"uv":[0,0],"uv_size":[0,4]},"up":{"uv":[0,0],"uv_size":[0,5]},"west":{"uv":[30,11],"uv_size":[5,4]}}},{"origin":[4.14193,17.05924,0],"pivot":[7.06693,19.28424,0],"rotation":[0,0,42.5],"size":[5,4,0],"uv":{"down":{"uv":[0,0],"uv_size":[5,0]},"east":{"uv":[0,0],"uv_size":[0,4]},"north":{"uv":[30,15],"uv_size":[5,4]},"south":{"uv":[30,19],"uv_size":[5,4]},"up":{"uv":[0,0],"uv_size":[5,0]},"west":{"uv":[0,0],"uv_size":[0,4]}}},{"origin":[-3.91913,7.0119,-1.5],"pivot":[-2.41913,10.5119,0],"rotation":[0,90,-41],"size":[3,7,3],"uv":{"down":{"uv":[35,18],"uv_size":[3,-3]},"east":{"uv":[28,0],"uv_size":[3,7]},"north":{"uv":[27,19],"uv_size":[3,7]},"south":{"uv":[0,29],"uv_size":[3,7]},"up":{"uv":[35,12],"uv_size":[3,3]},"west":{"uv":[3,29],"uv_size":[3,7]}}},{"origin":[-1.5579,9.47302,0.69113],"pivot":[-0.0579,12.72302,2.09113],"rotation":[-42.5,0,-1.5],"size":[3,7,3],"uv":{"down":{"uv":[35,18],"uv_size":[3,-3]},"east":{"uv":[27,19],"uv_size":[3,7]},"north":{"uv":[3,29],"uv_size":[3,7]},"south":{"uv":[28,0],"uv_size":[3,7]},"up":{"uv":[35,12],"uv_size":[3,3]},"west":{"uv":[0,29],"uv_size":[3,7]}}},{"origin":[1.11285,12.25829,-1.38778],"pivot":[2.61285,15.75829,0.11222],"rotation":[-89,-88.5,132.5],"size":[3,7,3],"uv":{"down":{"uv":[35,18],"uv_size":[3,-3]},"east":{"uv":[3,29],"uv_size":[3,7]},"north":{"uv":[0,29],"uv_size":[3,7]},"south":{"uv":[27,19],"uv_size":[3,7]},"up":{"uv":[35,12],"uv_size":[3,3]},"west":{"uv":[28,0],"uv_size":[3,7]}}}],"name":"bone","pivot":[-6.42818,8.06168,0]}],"description":{"identifier":"geometry.cornstalk","texture_height":64,"texture_width":64,"visible_bounds_height":4.5,"visible_bounds_offset":[0,1.75,0],"visible_bounds_width":4}}]}