{"format_version":"1.12.0","minecraft:geometry":[{"bones":[{"cubes":[{"origin":[-50,29,-1],"size":[100,47,3],"uv":{"down":{"uv":[116,132],"uv_size":[100,-3]},"east":{"uv":[124,136],"uv_size":[3,47]},"north":{"uv":[0,216],"uv_size":[256,120]},"south":{"uv":[0,47],"uv_size":[100,47]},"up":{"uv":[16,129],"uv_size":[100,3]},"west":{"uv":[127,136],"uv_size":[3,47]}}},{"origin":[-50,76,-33],"size":[100,4,35],"uv":{"down":{"uv":[100,35],"uv_size":[100,-35]},"east":{"uv":[130,136],"uv_size":[35,4]},"north":{"uv":[100,113],"uv_size":[100,4]},"south":{"uv":[100,117],"uv_size":[100,4]},"up":{"uv":[0,94],"uv_size":[100,35]},"west":{"uv":[138,132],"uv_size":[35,4]}}},{"origin":[-56,0,-4],"size":[10,4,9],"uv":{"down":{"uv":[83,154],"uv_size":[10,-9]},"east":{"uv":[163,150],"uv_size":[9,4]},"north":{"uv":[161,156],"uv_size":[10,4]},"south":{"uv":[161,160],"uv_size":[10,4]},"up":{"uv":[73,145],"uv_size":[10,9]},"west":{"uv":[165,136],"uv_size":[9,4]}}},{"origin":[46,0,-4],"size":[10,4,9],"uv":{"down":{"uv":[93,154],"uv_size":[-10,-9]},"east":{"uv":[174,136],"uv_size":[-9,4]},"north":{"uv":[171,156],"uv_size":[-10,4]},"south":{"uv":[171,160],"uv_size":[-10,4]},"up":{"uv":[83,145],"uv_size":[-10,9]},"west":{"uv":[172,150],"uv_size":[-9,4]}}},{"origin":[50,73,-4],"size":[6,8,9],"uv":{"down":{"uv":[94,163],"uv_size":[6,-9]},"east":{"uv":[28,153],"uv_size":[9,8]},"north":{"uv":[145,157],"uv_size":[6,8]},"south":{"uv":[157,148],"uv_size":[6,8]},"up":{"uv":[88,154],"uv_size":[6,9]},"west":{"uv":[73,154],"uv_size":[9,8]}}},{"origin":[-56,73,-4],"size":[6,8,9],"uv":{"down":{"uv":[82,163],"uv_size":[6,-9]},"east":{"uv":[139,149],"uv_size":[9,8]},"north":{"uv":[139,157],"uv_size":[6,8]},"south":{"uv":[157,140],"uv_size":[6,8]},"up":{"uv":[37,153],"uv_size":[6,9]},"west":{"uv":[148,149],"uv_size":[9,8]}}},{"origin":[-54,0,-1],"size":[4,80,3],"uv":{"down":{"uv":[185,161],"uv_size":[4,-3]},"east":{"uv":[22,132],"uv_size":[3,80]},"north":{"uv":[8,129],"uv_size":[4,80]},"south":{"uv":[12,129],"uv_size":[4,80]},"up":{"uv":[185,155],"uv_size":[4,3]},"west":{"uv":[25,132],"uv_size":[3,80]}}},{"origin":[-50,26,-2],"size":[100,4,5],"uv":{"down":{"uv":[100,113],"uv_size":[100,-5]},"east":{"uv":[167,146],"uv_size":[5,4]},"north":{"uv":[100,121],"uv_size":[100,4]},"south":{"uv":[100,125],"uv_size":[100,4]},"up":{"uv":[100,103],"uv_size":[100,5]},"west":{"uv":[173,141],"uv_size":[5,4]}}},{"inflate":-0.025,"origin":[-34.26795,-6.35898,-1],"pivot":[-32.26795,33.64102,0.5],"rotation":[0,0,30],"size":[4,38,3],"uv":{"down":{"uv":[185,167],"uv_size":[4,-3]},"east":{"uv":[45,145],"uv_size":[3,38]},"north":{"uv":[108,136],"uv_size":[4,38]},"south":{"uv":[112,136],"uv_size":[4,38]},"up":{"uv":[185,161],"uv_size":[4,3]},"west":{"uv":[48,145],"uv_size":[3,38]}}},{"inflate":-0.025,"origin":[-54,2.62563,-5.00431],"pivot":[-52,8.62563,-3.50431],"rotation":[45,0,0],"size":[4,25,3],"uv":{"down":{"uv":[77,189],"uv_size":[4,-3]},"east":{"uv":[103,145],"uv_size":[3,25]},"north":{"uv":[57,145],"uv_size":[4,25]},"south":{"uv":[61,145],"uv_size":[4,25]},"up":{"uv":[73,186],"uv_size":[4,3]},"west":{"uv":[130,148],"uv_size":[3,25]}}},{"inflate":-0.025,"origin":[50,2.62563,-5.00431],"pivot":[52,8.62563,-3.50431],"rotation":[45,0,0],"size":[4,25,3],"uv":{"down":{"uv":[85,189],"uv_size":[4,-3]},"east":{"uv":[133,148],"uv_size":[3,25]},"north":{"uv":[65,145],"uv_size":[4,25]},"south":{"uv":[69,145],"uv_size":[4,25]},"up":{"uv":[81,186],"uv_size":[4,3]},"west":{"uv":[136,148],"uv_size":[3,25]}}},{"inflate":-0.025,"origin":[30.26795,-6.35898,-1],"pivot":[32.26795,33.64102,0.5],"rotation":[0,0,-30],"size":[4,38,3],"uv":{"down":{"uv":[69,189],"uv_size":[4,-3]},"east":{"uv":[51,145],"uv_size":[3,38]},"north":{"uv":[116,136],"uv_size":[4,38]},"south":{"uv":[120,136],"uv_size":[4,38]},"up":{"uv":[183,185],"uv_size":[4,3]},"west":{"uv":[54,145],"uv_size":[3,38]}}},{"origin":[50,0,-1],"size":[4,80,3],"uv":{"down":{"uv":[185,155],"uv_size":[4,-3]},"east":{"uv":[16,132],"uv_size":[3,80]},"north":{"uv":[0,129],"uv_size":[4,80]},"south":{"uv":[4,129],"uv_size":[4,80]},"up":{"uv":[69,170],"uv_size":[4,3]},"west":{"uv":[19,132],"uv_size":[3,80]}}},{"origin":[-54,19,-18],"size":[108,8,17],"uv":{"down":{"uv":[100,69],"uv_size":[108,-17]},"east":{"uv":[130,140],"uv_size":[17,8]},"north":{"uv":[100,87],"uv_size":[108,8]},"south":{"uv":[100,95],"uv_size":[108,8]},"up":{"uv":[100,35],"uv_size":[108,17]},"west":{"uv":[28,145],"uv_size":[17,8]}}},{"origin":[-55,19,-20],"size":[110,9,2],"uv":{"down":{"uv":[28,136],"uv_size":[110,-2]},"east":{"uv":[99,184],"uv_size":[2,9]},"north":{"uv":[100,69],"uv_size":[110,9]},"south":{"uv":[100,78],"uv_size":[110,9]},"up":{"uv":[28,132],"uv_size":[110,2]},"west":{"uv":[138,184],"uv_size":[2,9]}}},{"origin":[54,19,-18],"size":[1,9,20],"uv":{"down":{"uv":[56,203],"uv_size":[1,-20]},"east":{"uv":[28,136],"uv_size":[20,9]},"north":{"uv":[102,154],"uv_size":[1,9]},"south":{"uv":[42,162],"uv_size":[1,9]},"up":{"uv":[156,180],"uv_size":[1,20]},"west":{"uv":[48,136],"uv_size":[20,9]}}},{"origin":[-55,19,-18],"size":[1,9,20],"uv":{"down":{"uv":[175,203],"uv_size":[1,-20]},"east":{"uv":[68,136],"uv_size":[20,9]},"north":{"uv":[99,163],"uv_size":[1,9]},"south":{"uv":[101,184],"uv_size":[1,9]},"up":{"uv":[174,183],"uv_size":[1,20]},"west":{"uv":[88,136],"uv_size":[20,9]}}}],"name":"bb_main4","pivot":[0,0,0]},{"cubes":[{"origin":[-44,23.25,-14],"size":[6,6,6],"uv":{"down":{"uv":[57,176],"uv_size":[6,-6]},"east":{"uv":[73,167],"uv_size":[6,6]},"north":{"uv":[143,165],"uv_size":[6,6]},"south":{"uv":[167,140],"uv_size":[6,6]},"up":{"uv":[28,170],"uv_size":[6,6]},"west":{"uv":[165,168],"uv_size":[6,6]}}},{"inflate":0.025,"origin":[-44.19829,30.22389,-13.05],"pivot":[-43.19829,35.22389,-12.05],"rotation":[12.5,0,-17.5],"size":[2,10,2],"uv":{"down":{"uv":[165,156],"uv_size":[2,-2]},"east":{"uv":[106,176],"uv_size":[2,10]},"north":{"uv":[149,165],"uv_size":[2,10]},"south":{"uv":[38,178],"uv_size":[2,10]},"up":{"uv":[163,154],"uv_size":[2,2]},"west":{"uv":[181,139],"uv_size":[2,10]}}},{"inflate":0.025,"origin":[-39.80171,30.22389,-13.05],"pivot":[-38.80171,35.22389,-12.05],"rotation":[12.5,0,17.5],"size":[2,10,2],"uv":{"down":{"uv":[106,170],"uv_size":[2,-2]},"east":{"uv":[181,159],"uv_size":[2,10]},"north":{"uv":[181,149],"uv_size":[2,10]},"south":{"uv":[28,182],"uv_size":[2,10]},"up":{"uv":[167,154],"uv_size":[2,2]},"west":{"uv":[30,182],"uv_size":[2,10]}}},{"origin":[-39.80171,30.22389,-10.95],"pivot":[-38.80171,35.22389,-9.95],"rotation":[-12.5,0,17.5],"size":[2,10,2],"uv":{"down":{"uv":[34,172],"uv_size":[2,-2]},"east":{"uv":[42,182],"uv_size":[2,10]},"north":{"uv":[40,182],"uv_size":[2,10]},"south":{"uv":[57,182],"uv_size":[2,10]},"up":{"uv":[169,154],"uv_size":[2,2]},"west":{"uv":[59,182],"uv_size":[2,10]}}},{"origin":[-44.19829,30.22389,-10.95],"pivot":[-43.19829,35.22389,-9.95],"rotation":[-12.5,0,-17.5],"size":[2,10,2],"uv":{"down":{"uv":[172,154],"uv_size":[2,-2]},"east":{"uv":[63,182],"uv_size":[2,10]},"north":{"uv":[61,182],"uv_size":[2,10]},"south":{"uv":[65,182],"uv_size":[2,10]},"up":{"uv":[36,170],"uv_size":[2,2]},"west":{"uv":[67,182],"uv_size":[2,10]}}},{"origin":[-42,29.25,-12],"size":[2,2,2],"uv":{"down":{"uv":[140,186],"uv_size":[2,-2]},"east":{"uv":[174,166],"uv_size":[2,2]},"north":{"uv":[174,152],"uv_size":[2,2]},"south":{"uv":[149,175],"uv_size":[2,2]},"up":{"uv":[181,169],"uv_size":[2,2]},"west":{"uv":[32,176],"uv_size":[2,2]}}}],"name":"bb_main","pivot":[-41,27.2,-11],"rotation":[0,0,-10]},{"cubes":[{"origin":[-33.875,22.775,-14],"size":[6,6,6],"uv":{"down":{"uv":[34,178],"uv_size":[6,-6]},"east":{"uv":[102,170],"uv_size":[6,6]},"north":{"uv":[63,170],"uv_size":[6,6]},"south":{"uv":[143,171],"uv_size":[6,6]},"up":{"uv":[171,168],"uv_size":[6,6]},"west":{"uv":[171,154],"uv_size":[6,6]}}},{"inflate":0.025,"origin":[-34.07329,29.74889,-13.05],"pivot":[-33.07329,34.74889,-12.05],"rotation":[12.5,0,-17.5],"size":[2,10,2],"uv":{"down":{"uv":[97,188],"uv_size":[2,-2]},"east":{"uv":[104,182],"uv_size":[2,10]},"north":{"uv":[102,182],"uv_size":[2,10]},"south":{"uv":[130,182],"uv_size":[2,10]},"up":{"uv":[185,167],"uv_size":[2,2]},"west":{"uv":[132,182],"uv_size":[2,10]}}},{"inflate":0.025,"origin":[-29.67671,29.74889,-13.05],"pivot":[-28.67671,34.74889,-12.05],"rotation":[12.5,0,17.5],"size":[2,10,2],"uv":{"down":{"uv":[140,188],"uv_size":[2,-2]},"east":{"uv":[136,182],"uv_size":[2,10]},"north":{"uv":[134,182],"uv_size":[2,10]},"south":{"uv":[44,183],"uv_size":[2,10]},"up":{"uv":[106,186],"uv_size":[2,2]},"west":{"uv":[46,183],"uv_size":[2,10]}}},{"origin":[-29.67671,29.74889,-10.95],"pivot":[-28.67671,34.74889,-9.95],"rotation":[-12.5,0,17.5],"size":[2,10,2],"uv":{"down":{"uv":[154,189],"uv_size":[2,-2]},"east":{"uv":[50,183],"uv_size":[2,10]},"north":{"uv":[48,183],"uv_size":[2,10]},"south":{"uv":[52,183],"uv_size":[2,10]},"up":{"uv":[180,186],"uv_size":[2,2]},"west":{"uv":[54,183],"uv_size":[2,10]}}},{"origin":[-34.07329,29.74889,-10.95],"pivot":[-33.07329,34.74889,-9.95],"rotation":[-12.5,0,-17.5],"size":[2,10,2],"uv":{"down":{"uv":[97,190],"uv_size":[2,-2]},"east":{"uv":[110,183],"uv_size":[2,10]},"north":{"uv":[108,183],"uv_size":[2,10]},"south":{"uv":[112,183],"uv_size":[2,10]},"up":{"uv":[172,187],"uv_size":[2,2]},"west":{"uv":[114,183],"uv_size":[2,10]}}},{"origin":[-31.875,28.775,-12],"size":[2,2,2],"uv":{"down":{"uv":[106,192],"uv_size":[2,-2]},"east":{"uv":[140,188],"uv_size":[2,2]},"north":{"uv":[106,188],"uv_size":[2,2]},"south":{"uv":[154,189],"uv_size":[2,2]},"up":{"uv":[97,190],"uv_size":[2,2]},"west":{"uv":[172,189],"uv_size":[2,2]}}}],"name":"bb_main2","pivot":[-30.875,26.725,-11],"rotation":[16.8442,43.46474,25.75509]},{"cubes":[{"origin":[45.125,22.575,-14],"size":[6,6,6],"uv":{"down":{"uv":[93,179],"uv_size":[6,-6]},"east":{"uv":[69,173],"uv_size":[6,6]},"north":{"uv":[172,146],"uv_size":[6,6]},"south":{"uv":[75,173],"uv_size":[6,6]},"up":{"uv":[87,173],"uv_size":[6,6]},"west":{"uv":[81,173],"uv_size":[6,6]}}},{"inflate":0.025,"origin":[44.92671,29.54889,-13.05],"pivot":[45.92671,34.54889,-12.05],"rotation":[12.5,0,-17.5],"size":[2,10,2],"uv":{"down":{"uv":[190,152],"uv_size":[2,-2]},"east":{"uv":[118,183],"uv_size":[2,10]},"north":{"uv":[116,183],"uv_size":[2,10]},"south":{"uv":[120,183],"uv_size":[2,10]},"up":{"uv":[140,190],"uv_size":[2,2]},"west":{"uv":[122,183],"uv_size":[2,10]}}},{"inflate":0.025,"origin":[49.32329,29.54889,-13.05],"pivot":[50.32329,34.54889,-12.05],"rotation":[12.5,0,17.5],"size":[2,10,2],"uv":{"down":{"uv":[166,192],"uv_size":[2,-2]},"east":{"uv":[126,183],"uv_size":[2,10]},"north":{"uv":[124,183],"uv_size":[2,10]},"south":{"uv":[128,183],"uv_size":[2,10]},"up":{"uv":[164,190],"uv_size":[2,2]},"west":{"uv":[183,139],"uv_size":[2,10]}}},{"origin":[49.32329,29.54889,-10.95],"pivot":[50.32329,34.54889,-9.95],"rotation":[-12.5,0,17.5],"size":[2,10,2],"uv":{"down":{"uv":[170,192],"uv_size":[2,-2]},"east":{"uv":[144,183],"uv_size":[2,10]},"north":{"uv":[142,183],"uv_size":[2,10]},"south":{"uv":[146,183],"uv_size":[2,10]},"up":{"uv":[168,190],"uv_size":[2,2]},"west":{"uv":[148,183],"uv_size":[2,10]}}},{"origin":[44.92671,29.54889,-10.95],"pivot":[45.92671,34.54889,-9.95],"rotation":[-12.5,0,-17.5],"size":[2,10,2],"uv":{"down":{"uv":[172,193],"uv_size":[2,-2]},"east":{"uv":[183,159],"uv_size":[2,10]},"north":{"uv":[183,149],"uv_size":[2,10]},"south":{"uv":[160,183],"uv_size":[2,10]},"up":{"uv":[153,191],"uv_size":[2,2]},"west":{"uv":[162,183],"uv_size":[2,10]}}},{"origin":[47.125,28.575,-12],"size":[2,2,2],"uv":{"down":{"uv":[188,193],"uv_size":[2,-2]},"east":{"uv":[182,191],"uv_size":[2,2]},"north":{"uv":[180,191],"uv_size":[2,2]},"south":{"uv":[184,191],"uv_size":[2,2]},"up":{"uv":[186,191],"uv_size":[2,2]},"west":{"uv":[191,185],"uv_size":[2,2]}}}],"name":"bb_main3","pivot":[48.125,26.525,-11],"rotation":[-12.34302,29.43016,-14.6809]},{"cubes":[{"origin":[45.24713,36.11655,-10.3],"pivot":[48.24713,46.61655,-8.3],"rotation":[0,0,-27.5],"size":[0,10,4],"uv":{"down":{"uv":[0,4],"uv_size":[0,-4]},"east":{"uv":[38,162],"uv_size":[4,10]},"north":{"uv":[0,0],"uv_size":[0,10]},"south":{"uv":[0,0],"uv_size":[0,10]},"up":{"uv":[0,0],"uv_size":[0,4]},"west":{"uv":[83,163],"uv_size":[4,10]}}},{"origin":[44.09624,42.33034,-10.3],"pivot":[44.09624,42.33034,-8.3],"rotation":[0,0,35],"size":[0,3,4],"uv":{"down":{"uv":[0,4],"uv_size":[0,-4]},"east":{"uv":[89,186],"uv_size":[4,3]},"north":{"uv":[0,0],"uv_size":[0,3]},"south":{"uv":[0,0],"uv_size":[0,3]},"up":{"uv":[0,0],"uv_size":[0,4]},"west":{"uv":[93,186],"uv_size":[4,3]}}},{"origin":[49.325,28.11655,-14.37787],"pivot":[51.325,38.61655,-11.37787],"rotation":[27.5,0,0],"size":[4,10,0],"uv":{"down":{"uv":[0,0],"uv_size":[4,0]},"east":{"uv":[0,0],"uv_size":[0,10]},"north":{"uv":[87,163],"uv_size":[4,10]},"south":{"uv":[91,163],"uv_size":[4,10]},"up":{"uv":[0,0],"uv_size":[4,0]},"west":{"uv":[0,0],"uv_size":[0,10]}}},{"origin":[49.325,34.33034,-15.52876],"pivot":[51.325,34.33034,-15.52876],"rotation":[-35,0,0],"size":[4,3,0],"uv":{"down":{"uv":[0,0],"uv_size":[4,0]},"east":{"uv":[0,0],"uv_size":[0,3]},"north":{"uv":[176,186],"uv_size":[4,3]},"south":{"uv":[150,187],"uv_size":[4,3]},"up":{"uv":[0,0],"uv_size":[4,0]},"west":{"uv":[0,0],"uv_size":[0,3]}}},{"origin":[58.12843,35.68014,-10.3],"pivot":[58.12843,35.68014,-8.3],"rotation":[0,0,-35],"size":[0,3,4],"uv":{"down":{"uv":[0,4],"uv_size":[0,-4]},"east":{"uv":[164,187],"uv_size":[4,3]},"north":{"uv":[0,0],"uv_size":[0,3]},"south":{"uv":[0,0],"uv_size":[0,3]},"up":{"uv":[0,0],"uv_size":[0,4]},"west":{"uv":[168,187],"uv_size":[4,3]}}},{"origin":[56.40287,30.11655,-10.3],"pivot":[54.40287,38.61655,-8.3],"rotation":[0,0,27.5],"size":[0,9,4],"uv":{"down":{"uv":[0,4],"uv_size":[0,-4]},"east":{"uv":[130,173],"uv_size":[4,9]},"north":{"uv":[0,0],"uv_size":[0,9]},"south":{"uv":[0,0],"uv_size":[0,9]},"up":{"uv":[0,0],"uv_size":[0,4]},"west":{"uv":[134,173],"uv_size":[4,9]}}},{"origin":[55.13399,42.1228,-10.3],"pivot":[55.79898,48.52694,-8.3],"rotation":[0,0,45],"size":[0,9,4],"uv":{"down":{"uv":[0,4],"uv_size":[0,-4]},"east":{"uv":[108,174],"uv_size":[4,9]},"north":{"uv":[0,0],"uv_size":[0,9]},"south":{"uv":[0,0],"uv_size":[0,9]},"up":{"uv":[0,0],"uv_size":[0,4]},"west":{"uv":[112,174],"uv_size":[4,9]}}},{"origin":[57.79502,47.31631,-10.3],"pivot":[55.79898,48.52694,-8.3],"rotation":[0,0,-17.5],"size":[0,3,4],"uv":{"down":{"uv":[0,4],"uv_size":[0,-4]},"east":{"uv":[187,185],"uv_size":[4,3]},"north":{"uv":[0,0],"uv_size":[0,3]},"south":{"uv":[0,0],"uv_size":[0,3]},"up":{"uv":[0,0],"uv_size":[0,4]},"west":{"uv":[188,167],"uv_size":[4,3]}}},{"origin":[49.325,41.11655,-13.37787],"pivot":[51.325,49.61655,-11.37787],"rotation":[27.5,0,0],"size":[4,9,0],"uv":{"down":{"uv":[0,0],"uv_size":[4,0]},"east":{"uv":[0,0],"uv_size":[0,9]},"north":{"uv":[116,174],"uv_size":[4,9]},"south":{"uv":[120,174],"uv_size":[4,9]},"up":{"uv":[0,0],"uv_size":[4,0]},"west":{"uv":[0,0],"uv_size":[0,9]}}},{"origin":[49.325,46.68014,-15.10343],"pivot":[51.325,46.68014,-15.10343],"rotation":[-35,0,0],"size":[4,3,0],"uv":{"down":{"uv":[0,0],"uv_size":[4,0]},"east":{"uv":[0,0],"uv_size":[0,3]},"north":{"uv":[188,170],"uv_size":[4,3]},"south":{"uv":[188,173],"uv_size":[4,3]},"up":{"uv":[0,0],"uv_size":[4,0]},"west":{"uv":[0,0],"uv_size":[0,3]}}},{"origin":[49.325,33.45026,-4.95124],"pivot":[51.325,37.05026,-5.95124],"rotation":[-42.5,0,0],"size":[4,6,0],"uv":{"down":{"uv":[0,0],"uv_size":[4,0]},"east":{"uv":[0,0],"uv_size":[0,6]},"north":{"uv":[79,167],"uv_size":[4,6]},"south":{"uv":[174,160],"uv_size":[4,6]},"up":{"uv":[0,0],"uv_size":[4,0]},"west":{"uv":[0,0],"uv_size":[0,6]}}},{"origin":[49.325,35.68668,-1.87182],"pivot":[51.325,35.68668,-1.87182],"rotation":[35,0,0],"size":[4,3,0],"uv":{"down":{"uv":[0,0],"uv_size":[4,0]},"east":{"uv":[0,0],"uv_size":[0,3]},"north":{"uv":[188,176],"uv_size":[4,3]},"south":{"uv":[188,179],"uv_size":[4,3]},"up":{"uv":[0,0],"uv_size":[4,0]},"west":{"uv":[0,0],"uv_size":[0,3]}}},{"origin":[54.67376,36.45026,-10.3],"pivot":[53.67376,40.05026,-8.3],"rotation":[0,0,42.5],"size":[0,6,4],"uv":{"down":{"uv":[0,4],"uv_size":[0,-4]},"east":{"uv":[28,176],"uv_size":[4,6]},"north":{"uv":[0,0],"uv_size":[0,6]},"south":{"uv":[0,0],"uv_size":[0,6]},"up":{"uv":[0,0],"uv_size":[0,4]},"west":{"uv":[40,176],"uv_size":[4,6]}}},{"origin":[57.75318,38.68668,-10.3],"pivot":[57.75318,38.68668,-8.3],"rotation":[0,0,-35],"size":[0,3,4],"uv":{"down":{"uv":[0,4],"uv_size":[0,-4]},"east":{"uv":[180,188],"uv_size":[4,3]},"north":{"uv":[0,0],"uv_size":[0,3]},"south":{"uv":[0,0],"uv_size":[0,3]},"up":{"uv":[0,0],"uv_size":[0,4]},"west":{"uv":[188,182],"uv_size":[4,3]}}},{"origin":[47.97624,31.45026,-10.3],"pivot":[48.97624,35.05026,-8.3],"rotation":[0,0,-42.5],"size":[0,6,4],"uv":{"down":{"uv":[0,4],"uv_size":[0,-4]},"east":{"uv":[57,176],"uv_size":[4,6]},"north":{"uv":[0,0],"uv_size":[0,6]},"south":{"uv":[0,0],"uv_size":[0,6]},"up":{"uv":[0,0],"uv_size":[0,4]},"west":{"uv":[61,176],"uv_size":[4,6]}}},{"origin":[44.89682,33.68668,-10.3],"pivot":[44.89682,33.68668,-8.3],"rotation":[0,0,35],"size":[0,3,4],"uv":{"down":{"uv":[0,4],"uv_size":[0,-4]},"east":{"uv":[184,188],"uv_size":[4,3]},"north":{"uv":[0,0],"uv_size":[0,3]},"south":{"uv":[0,0],"uv_size":[0,3]},"up":{"uv":[0,0],"uv_size":[0,4]},"west":{"uv":[188,188],"uv_size":[4,3]}}},{"origin":[42.31879,37.86602,-8.3],"pivot":[44.81879,40.06602,-8.3],"rotation":[0,0,-40],"size":[5,4,0],"uv":{"down":{"uv":[0,0],"uv_size":[5,0]},"east":{"uv":[0,0],"uv_size":[0,4]},"north":{"uv":[164,183],"uv_size":[5,4]},"south":{"uv":[169,183],"uv_size":[5,4]},"up":{"uv":[0,0],"uv_size":[5,0]},"west":{"uv":[0,0],"uv_size":[0,4]}}},{"origin":[51.325,40.53875,-9.84873],"pivot":[52.325,35.58875,-5.04873],"rotation":[-42.5,0,0],"size":[0,4,5],"uv":{"down":{"uv":[0,5],"uv_size":[0,-5]},"east":{"uv":[183,169],"uv_size":[5,4]},"north":{"uv":[0,0],"uv_size":[0,4]},"south":{"uv":[0,0],"uv_size":[0,4]},"up":{"uv":[0,0],"uv_size":[0,5]},"west":{"uv":[183,173],"uv_size":[5,4]}}},{"origin":[55.46693,42.68424,-8.3],"pivot":[58.39193,44.90924,-8.3],"rotation":[0,0,42.5],"size":[5,4,0],"uv":{"down":{"uv":[0,0],"uv_size":[5,0]},"east":{"uv":[0,0],"uv_size":[0,4]},"north":{"uv":[183,177],"uv_size":[5,4]},"south":{"uv":[183,181],"uv_size":[5,4]},"up":{"uv":[0,0],"uv_size":[5,0]},"west":{"uv":[0,0],"uv_size":[0,4]}}},{"origin":[47.40587,32.6369,-9.8],"pivot":[48.90587,36.1369,-8.3],"rotation":[0,90,-41],"size":[3,7,3],"uv":{"down":{"uv":[40,175],"uv_size":[3,-3]},"east":{"uv":[177,172],"uv_size":[3,7]},"north":{"uv":[99,177],"uv_size":[3,7]},"south":{"uv":[32,178],"uv_size":[3,7]},"up":{"uv":[171,160],"uv_size":[3,3]},"west":{"uv":[35,178],"uv_size":[3,7]}}},{"origin":[49.7671,35.09802,-7.60887],"pivot":[51.2671,38.34802,-6.20887],"rotation":[-42.5,0,-1.5],"size":[3,7,3],"uv":{"down":{"uv":[178,152],"uv_size":[3,-3]},"east":{"uv":[178,139],"uv_size":[3,7]},"north":{"uv":[178,132],"uv_size":[3,7]},"south":{"uv":[178,158],"uv_size":[3,7]},"up":{"uv":[178,146],"uv_size":[3,3]},"west":{"uv":[69,179],"uv_size":[3,7]}}},{"origin":[52.43785,37.88329,-9.68778],"pivot":[53.93785,41.38329,-8.18778],"rotation":[-89,-88.5,132.5],"size":[3,7,3],"uv":{"down":{"uv":[157,192],"uv_size":[3,-3]},"east":{"uv":[75,179],"uv_size":[3,7]},"north":{"uv":[72,179],"uv_size":[3,7]},"south":{"uv":[78,179],"uv_size":[3,7]},"up":{"uv":[157,186],"uv_size":[3,3]},"west":{"uv":[81,179],"uv_size":[3,7]}}},{"origin":[50.325,25.625,-9.3],"size":[2,23,2],"uv":{"down":{"uv":[28,194],"uv_size":[2,-2]},"east":{"uv":[43,153],"uv_size":[2,23]},"north":{"uv":[106,145],"uv_size":[2,23]},"south":{"uv":[100,154],"uv_size":[2,23]},"up":{"uv":[190,191],"uv_size":[2,2]},"west":{"uv":[151,157],"uv_size":[2,23]}}}],"name":"bone","pivot":[44.89682,33.68668,-8.3],"rotation":[0,0,7]},{"cubes":[{"origin":[-45.24713,36.11655,-10.3],"pivot":[-48.24713,46.61655,-8.3],"rotation":[0,0,27.5],"size":[0,10,4],"uv":{"down":{"uv":[0,4],"uv_size":[0,-4]},"east":{"uv":[95,163],"uv_size":[4,10]},"north":{"uv":[0,0],"uv_size":[0,10]},"south":{"uv":[0,0],"uv_size":[0,10]},"up":{"uv":[0,0],"uv_size":[0,4]},"west":{"uv":[163,140],"uv_size":[4,10]}}},{"origin":[-44.09624,42.33034,-10.3],"pivot":[-44.09624,42.33034,-8.3],"rotation":[0,0,-35],"size":[0,3,4],"uv":{"down":{"uv":[0,4],"uv_size":[0,-4]},"east":{"uv":[32,189],"uv_size":[4,3]},"north":{"uv":[0,0],"uv_size":[0,3]},"south":{"uv":[0,0],"uv_size":[0,3]},"up":{"uv":[0,0],"uv_size":[0,4]},"west":{"uv":[36,189],"uv_size":[4,3]}}},{"origin":[-53.325,28.11655,-14.37787],"pivot":[-51.325,38.61655,-11.37787],"rotation":[27.5,0,0],"size":[4,10,0],"uv":{"down":{"uv":[0,0],"uv_size":[4,0]},"east":{"uv":[0,0],"uv_size":[0,10]},"north":{"uv":[161,164],"uv_size":[4,10]},"south":{"uv":[139,165],"uv_size":[4,10]},"up":{"uv":[0,0],"uv_size":[4,0]},"west":{"uv":[0,0],"uv_size":[0,10]}}},{"origin":[-53.325,34.33034,-15.52876],"pivot":[-51.325,34.33034,-15.52876],"rotation":[-35,0,0],"size":[4,3,0],"uv":{"down":{"uv":[0,0],"uv_size":[4,0]},"east":{"uv":[0,0],"uv_size":[0,3]},"north":{"uv":[69,189],"uv_size":[4,3]},"south":{"uv":[73,189],"uv_size":[4,3]},"up":{"uv":[0,0],"uv_size":[4,0]},"west":{"uv":[0,0],"uv_size":[0,3]}}},{"origin":[-58.12843,35.68014,-10.3],"pivot":[-58.12843,35.68014,-8.3],"rotation":[0,0,35],"size":[0,3,4],"uv":{"down":{"uv":[0,4],"uv_size":[0,-4]},"east":{"uv":[77,189],"uv_size":[4,3]},"north":{"uv":[0,0],"uv_size":[0,3]},"south":{"uv":[0,0],"uv_size":[0,3]},"up":{"uv":[0,0],"uv_size":[0,4]},"west":{"uv":[81,189],"uv_size":[4,3]}}},{"origin":[-56.40287,30.11655,-10.3],"pivot":[-54.40287,38.61655,-8.3],"rotation":[0,0,-27.5],"size":[0,9,4],"uv":{"down":{"uv":[0,4],"uv_size":[0,-4]},"east":{"uv":[174,132],"uv_size":[4,9]},"north":{"uv":[0,0],"uv_size":[0,9]},"south":{"uv":[0,0],"uv_size":[0,9]},"up":{"uv":[0,0],"uv_size":[0,4]},"west":{"uv":[161,174],"uv_size":[4,9]}}},{"origin":[-55.13399,42.1228,-10.3],"pivot":[-55.79898,48.52694,-8.3],"rotation":[0,0,-45],"size":[0,9,4],"uv":{"down":{"uv":[0,4],"uv_size":[0,-4]},"east":{"uv":[165,174],"uv_size":[4,9]},"north":{"uv":[0,0],"uv_size":[0,9]},"south":{"uv":[0,0],"uv_size":[0,9]},"up":{"uv":[0,0],"uv_size":[0,4]},"west":{"uv":[169,174],"uv_size":[4,9]}}},{"origin":[-57.79502,47.31631,-10.3],"pivot":[-55.79898,48.52694,-8.3],"rotation":[0,0,17.5],"size":[0,3,4],"uv":{"down":{"uv":[0,4],"uv_size":[0,-4]},"east":{"uv":[85,189],"uv_size":[4,3]},"north":{"uv":[0,0],"uv_size":[0,3]},"south":{"uv":[0,0],"uv_size":[0,3]},"up":{"uv":[0,0],"uv_size":[0,4]},"west":{"uv":[89,189],"uv_size":[4,3]}}},{"origin":[-53.325,41.11655,-13.37787],"pivot":[-51.325,49.61655,-11.37787],"rotation":[27.5,0,0],"size":[4,9,0],"uv":{"down":{"uv":[0,0],"uv_size":[4,0]},"east":{"uv":[0,0],"uv_size":[0,9]},"north":{"uv":[173,174],"uv_size":[4,9]},"south":{"uv":[138,175],"uv_size":[4,9]},"up":{"uv":[0,0],"uv_size":[4,0]},"west":{"uv":[0,0],"uv_size":[0,9]}}},{"origin":[-53.325,46.68014,-15.10343],"pivot":[-51.325,46.68014,-15.10343],"rotation":[-35,0,0],"size":[4,3,0],"uv":{"down":{"uv":[0,0],"uv_size":[4,0]},"east":{"uv":[0,0],"uv_size":[0,3]},"north":{"uv":[93,189],"uv_size":[4,3]},"south":{"uv":[189,132],"uv_size":[4,3]},"up":{"uv":[0,0],"uv_size":[4,0]},"west":{"uv":[0,0],"uv_size":[0,3]}}},{"origin":[-53.325,33.45026,-4.95124],"pivot":[-51.325,37.05026,-5.95124],"rotation":[-42.5,0,0],"size":[4,6,0],"uv":{"down":{"uv":[0,0],"uv_size":[4,0]},"east":{"uv":[0,0],"uv_size":[0,6]},"north":{"uv":[65,176],"uv_size":[4,6]},"south":{"uv":[102,176],"uv_size":[4,6]},"up":{"uv":[0,0],"uv_size":[4,0]},"west":{"uv":[0,0],"uv_size":[0,6]}}},{"origin":[-53.325,35.68668,-1.87182],"pivot":[-51.325,35.68668,-1.87182],"rotation":[35,0,0],"size":[4,3,0],"uv":{"down":{"uv":[0,0],"uv_size":[4,0]},"east":{"uv":[0,0],"uv_size":[0,3]},"north":{"uv":[189,152],"uv_size":[4,3]},"south":{"uv":[189,155],"uv_size":[4,3]},"up":{"uv":[0,0],"uv_size":[4,0]},"west":{"uv":[0,0],"uv_size":[0,3]}}},{"origin":[-54.67376,36.45026,-10.3],"pivot":[-53.67376,40.05026,-8.3],"rotation":[0,0,-42.5],"size":[0,6,4],"uv":{"down":{"uv":[0,4],"uv_size":[0,-4]},"east":{"uv":[142,177],"uv_size":[4,6]},"north":{"uv":[0,0],"uv_size":[0,6]},"south":{"uv":[0,0],"uv_size":[0,6]},"up":{"uv":[0,0],"uv_size":[0,4]},"west":{"uv":[146,177],"uv_size":[4,6]}}},{"origin":[-57.75318,38.68668,-10.3],"pivot":[-57.75318,38.68668,-8.3],"rotation":[0,0,35],"size":[0,3,4],"uv":{"down":{"uv":[0,4],"uv_size":[0,-4]},"east":{"uv":[189,158],"uv_size":[4,3]},"north":{"uv":[0,0],"uv_size":[0,3]},"south":{"uv":[0,0],"uv_size":[0,3]},"up":{"uv":[0,0],"uv_size":[0,4]},"west":{"uv":[189,161],"uv_size":[4,3]}}},{"origin":[-47.97624,31.45026,-10.3],"pivot":[-48.97624,35.05026,-8.3],"rotation":[0,0,42.5],"size":[0,6,4],"uv":{"down":{"uv":[0,4],"uv_size":[0,-4]},"east":{"uv":[177,152],"uv_size":[4,6]},"north":{"uv":[0,0],"uv_size":[0,6]},"south":{"uv":[0,0],"uv_size":[0,6]},"up":{"uv":[0,0],"uv_size":[0,4]},"west":{"uv":[177,166],"uv_size":[4,6]}}},{"origin":[-44.89682,33.68668,-10.3],"pivot":[-44.89682,33.68668,-8.3],"rotation":[0,0,-35],"size":[0,3,4],"uv":{"down":{"uv":[0,4],"uv_size":[0,-4]},"east":{"uv":[189,164],"uv_size":[4,3]},"north":{"uv":[0,0],"uv_size":[0,3]},"south":{"uv":[0,0],"uv_size":[0,3]},"up":{"uv":[0,0],"uv_size":[0,4]},"west":{"uv":[176,189],"uv_size":[4,3]}}},{"origin":[-47.31879,37.86602,-8.3],"pivot":[-44.81879,40.06602,-8.3],"rotation":[0,0,40],"size":[5,4,0],"uv":{"down":{"uv":[0,0],"uv_size":[5,0]},"east":{"uv":[0,0],"uv_size":[0,4]},"north":{"uv":[184,132],"uv_size":[5,4]},"south":{"uv":[32,185],"uv_size":[5,4]},"up":{"uv":[0,0],"uv_size":[5,0]},"west":{"uv":[0,0],"uv_size":[0,4]}}},{"origin":[-51.325,40.53875,-9.84873],"pivot":[-52.325,35.58875,-5.04873],"rotation":[-42.5,0,0],"size":[0,4,5],"uv":{"down":{"uv":[0,5],"uv_size":[0,-5]},"east":{"uv":[185,136],"uv_size":[5,4]},"north":{"uv":[0,0],"uv_size":[0,4]},"south":{"uv":[0,0],"uv_size":[0,4]},"up":{"uv":[0,0],"uv_size":[0,5]},"west":{"uv":[185,140],"uv_size":[5,4]}}},{"origin":[-60.46693,42.68424,-8.3],"pivot":[-58.39193,44.90924,-8.3],"rotation":[0,0,-42.5],"size":[5,4,0],"uv":{"down":{"uv":[0,0],"uv_size":[5,0]},"east":{"uv":[0,0],"uv_size":[0,4]},"north":{"uv":[185,144],"uv_size":[5,4]},"south":{"uv":[185,148],"uv_size":[5,4]},"up":{"uv":[0,0],"uv_size":[5,0]},"west":{"uv":[0,0],"uv_size":[0,4]}}},{"origin":[-50.40587,32.6369,-9.8],"pivot":[-48.90587,36.1369,-8.3],"rotation":[0,-90,41],"size":[3,7,3],"uv":{"down":{"uv":[190,141],"uv_size":[3,-3]},"east":{"uv":[87,179],"uv_size":[3,7]},"north":{"uv":[84,179],"uv_size":[3,7]},"south":{"uv":[90,179],"uv_size":[3,7]},"up":{"uv":[190,135],"uv_size":[3,3]},"west":{"uv":[93,179],"uv_size":[3,7]}}},{"origin":[-52.7671,35.09802,-7.60887],"pivot":[-51.2671,38.34802,-6.20887],"rotation":[-42.5,0,1.5],"size":[3,7,3],"uv":{"down":{"uv":[190,147],"uv_size":[3,-3]},"east":{"uv":[157,179],"uv_size":[3,7]},"north":{"uv":[96,179],"uv_size":[3,7]},"south":{"uv":[177,179],"uv_size":[3,7]},"up":{"uv":[190,141],"uv_size":[3,3]},"west":{"uv":[150,180],"uv_size":[3,7]}}},{"origin":[-55.43785,37.88329,-9.68778],"pivot":[-53.93785,41.38329,-8.18778],"rotation":[-89,88.5,-132.5],"size":[3,7,3],"uv":{"down":{"uv":[150,193],"uv_size":[3,-3]},"east":{"uv":[180,172],"uv_size":[3,7]},"north":{"uv":[153,180],"uv_size":[3,7]},"south":{"uv":[180,179],"uv_size":[3,7]},"up":{"uv":[190,147],"uv_size":[3,3]},"west":{"uv":[181,132],"uv_size":[3,7]}}},{"origin":[-52.325,25.625,-9.3],"size":[2,23,2],"uv":{"down":{"uv":[32,194],"uv_size":[2,-2]},"east":{"uv":[155,157],"uv_size":[2,23]},"north":{"uv":[153,157],"uv_size":[2,23]},"south":{"uv":[157,156],"uv_size":[2,23]},"up":{"uv":[30,192],"uv_size":[2,2]},"west":{"uv":[159,156],"uv_size":[2,23]}}}],"name":"bone2","pivot":[-44.89682,33.68668,-8.3],"rotation":[0,0,-7]}],"description":{"identifier":"geometry.farmingsimbillboard","texture_height":512,"texture_width":512,"visible_bounds_height":7,"visible_bounds_offset":[0,2.5,0],"visible_bounds_width":9}}]}