{"format_version":"1.12.0","minecraft:geometry":[{"bones":[{"cubes":[{"origin":[-3,-3.95,-3],"size":[6,6,6],"uv":[0,0]},{"inflate":0.025,"origin":[-3.19829,3.02389,-2.05],"pivot":[-2.19829,8.02389,-1.05],"rotation":[12.5,0,-17.5],"size":[2,10,2],"uv":[22,22]},{"inflate":0.025,"origin":[1.19829,3.02389,-2.05],"pivot":[2.19829,8.02389,-1.05],"rotation":[12.5,0,17.5],"size":[2,10,2],"uv":[0,12]},{"origin":[1.19829,3.02389,0.05],"pivot":[2.19829,8.02389,1.05],"rotation":[-12.5,0,17.5],"size":[2,10,2],"uv":[8,12]},{"mirror":true,"origin":[-3.19829,3.02389,0.05],"pivot":[-2.19829,8.02389,1.05],"rotation":[-12.5,0,-17.5],"size":[2,10,2],"uv":[8,12]},{"origin":[-1,2.05,-1],"size":[2,2,2],"uv":[18,0]}],"name":"bb_main","pivot":[0,0,0]}],"description":{"identifier":"geometry.onionstage1","texture_height":64,"texture_width":64,"visible_bounds_height":2.5,"visible_bounds_offset":[0,0.75,0],"visible_bounds_width":2}}]}