{"format_version":"1.12.0","minecraft:geometry":[{"bones":[{"name":"bb_main","pivot":[0,0,0]},{"cubes":[{"origin":[0,0,-4],"pivot":[0,8,0],"rotation":[0,45,0],"size":[0,16,8],"uv":{"down":{"uv":[0,8],"uv_size":[0,-8]},"east":{"uv":[0,0],"uv_size":[8,16]},"north":{"uv":[0,0],"uv_size":[0,16]},"south":{"uv":[0,0],"uv_size":[0,16]},"up":{"uv":[0,0],"uv_size":[0,8]},"west":{"uv":[8,0],"uv_size":[8,16]}}},{"origin":[-4,0,0],"pivot":[0,8,0],"rotation":[0,45,0],"size":[8,16,0],"uv":{"down":{"uv":[0,0],"uv_size":[8,0]},"east":{"uv":[0,0],"uv_size":[0,16]},"north":{"uv":[0,16],"uv_size":[8,16]},"south":{"uv":[16,0],"uv_size":[8,16]},"up":{"uv":[0,0],"uv_size":[8,0]},"west":{"uv":[0,0],"uv_size":[0,16]}}},{"origin":[0,16,-4],"pivot":[0,24,0],"rotation":[0,45,0],"size":[0,16,8],"uv":{"down":{"uv":[0,8],"uv_size":[0,-8]},"east":{"uv":[0,0],"uv_size":[8,16]},"north":{"uv":[0,0],"uv_size":[0,16]},"south":{"uv":[0,0],"uv_size":[0,16]},"up":{"uv":[0,0],"uv_size":[0,8]},"west":{"uv":[8,0],"uv_size":[8,16]}}},{"origin":[-4,16,0],"pivot":[0,24,0],"rotation":[0,45,0],"size":[8,16,0],"uv":{"down":{"uv":[0,0],"uv_size":[8,0]},"east":{"uv":[0,0],"uv_size":[0,16]},"north":{"uv":[0,16],"uv_size":[8,16]},"south":{"uv":[16,0],"uv_size":[8,16]},"up":{"uv":[0,0],"uv_size":[8,0]},"west":{"uv":[0,0],"uv_size":[0,16]}}}],"name":"bone","parent":"bb_main","pivot":[0,8,0]},{"cubes":[{"origin":[-3,28.425,-0.575],"pivot":[0,32,0],"rotation":[-35,0,0],"size":[6,6,0],"uv":{"down":{"uv":[0,0],"uv_size":[6,0]},"east":{"uv":[0,0],"uv_size":[0,6]},"north":{"uv":[8,16],"uv_size":[6,6]},"south":{"uv":[14,16],"uv_size":[6,6]},"up":{"uv":[0,0],"uv_size":[6,0]},"west":{"uv":[0,0],"uv_size":[0,6]}}},{"origin":[-3,28.425,-0.525],"pivot":[0,32,0],"rotation":[-35,0,0],"size":[6,6,0],"uv":{"down":{"uv":[0,0],"uv_size":[6,0]},"east":{"uv":[0,0],"uv_size":[0,6]},"north":{"uv":[20,16],"uv_size":[6,6]},"south":{"uv":[8,22],"uv_size":[6,6]},"up":{"uv":[0,0],"uv_size":[6,0]},"west":{"uv":[0,0],"uv_size":[0,6]}}}],"name":"bone2","parent":"bone","pivot":[2,34.45746,1.72073]}],"description":{"identifier":"geometry.sunflowerstem1","texture_height":32,"texture_width":32,"visible_bounds_height":3.5,"visible_bounds_offset":[0,1.25,0],"visible_bounds_width":2}}]}