{"format_version":"1.12.0","minecraft:geometry":[{"bones":[{"cubes":[{"origin":[-9,11,-9],"size":[18,1,3],"uv":{"down":{"uv":[36,42],"uv_size":[18,-3]},"east":{"uv":[65,43],"uv_size":[3,1]},"north":{"uv":[60,44],"uv_size":[18,1]},"south":{"uv":[60,45],"uv_size":[18,1]},"up":{"uv":[36,36],"uv_size":[18,3]},"west":{"uv":[68,27],"uv_size":[3,1]}}},{"inflate":0.025,"origin":[-9,11,-9],"size":[3,1,18],"uv":{"down":{"uv":[39,60],"uv_size":[3,-18]},"east":{"uv":[60,46],"uv_size":[18,1]},"north":{"uv":[68,28],"uv_size":[3,1]},"south":{"uv":[68,29],"uv_size":[3,1]},"up":{"uv":[36,42],"uv_size":[3,18]},"west":{"uv":[60,47],"uv_size":[18,1]}}},{"origin":[-9,11,6],"size":[18,1,3],"uv":{"down":{"uv":[0,47],"uv_size":[18,-3]},"east":{"uv":[30,68],"uv_size":[3,1]},"north":{"uv":[60,48],"uv_size":[18,1]},"south":{"uv":[60,49],"uv_size":[18,1]},"up":{"uv":[42,42],"uv_size":[18,3]},"west":{"uv":[68,30],"uv_size":[3,1]}}},{"inflate":0.025,"origin":[6,11,-9],"size":[3,1,18],"uv":{"down":{"uv":[21,62],"uv_size":[3,-18]},"east":{"uv":[60,50],"uv_size":[18,1]},"north":{"uv":[68,31],"uv_size":[3,1]},"south":{"uv":[68,32],"uv_size":[3,1]},"up":{"uv":[18,44],"uv_size":[3,18]},"west":{"uv":[60,51],"uv_size":[18,1]}}},{"origin":[7,0,-1],"size":[1,22,2],"uv":{"down":{"uv":[59,42],"uv_size":[1,-2]},"east":{"uv":[42,51],"uv_size":[2,22]},"north":{"uv":[4,53],"uv_size":[1,22]},"south":{"uv":[5,53],"uv_size":[1,22]},"up":{"uv":[58,40],"uv_size":[1,2]},"west":{"uv":[44,51],"uv_size":[2,22]}}},{"origin":[-8,0,-1],"size":[1,22,2],"uv":{"down":{"uv":[35,64],"uv_size":[1,-2]},"east":{"uv":[46,51],"uv_size":[2,22]},"north":{"uv":[6,53],"uv_size":[1,22]},"south":{"uv":[7,53],"uv_size":[1,22]},"up":{"uv":[34,62],"uv_size":[1,2]},"west":{"uv":[48,51],"uv_size":[2,22]}}},{"origin":[-1,0,7],"size":[2,22,1],"uv":{"down":{"uv":[32,70],"uv_size":[2,-1]},"east":{"uv":[8,53],"uv_size":[1,22]},"north":{"uv":[50,51],"uv_size":[2,22]},"south":{"uv":[52,51],"uv_size":[2,22]},"up":{"uv":[40,63],"uv_size":[2,1]},"west":{"uv":[9,53],"uv_size":[1,22]}}},{"origin":[-1,0,-8],"size":[2,22,1],"uv":{"down":{"uv":[69,35],"uv_size":[2,-1]},"east":{"uv":[10,53],"uv_size":[1,22]},"north":{"uv":[0,53],"uv_size":[2,22]},"south":{"uv":[2,53],"uv_size":[2,22]},"up":{"uv":[34,69],"uv_size":[2,1]},"west":{"uv":[11,53],"uv_size":[1,22]}}},{"inflate":0.025,"origin":[6,20,-9],"size":[3,1,18],"uv":{"down":{"uv":[27,62],"uv_size":[3,-18]},"east":{"uv":[60,52],"uv_size":[18,1]},"north":{"uv":[33,68],"uv_size":[3,1]},"south":{"uv":[68,33],"uv_size":[3,1]},"up":{"uv":[24,44],"uv_size":[3,18]},"west":{"uv":[60,53],"uv_size":[18,1]}}},{"inflate":0.025,"origin":[-9,20,-9],"size":[3,1,18],"uv":{"down":{"uv":[33,62],"uv_size":[3,-18]},"east":{"uv":[60,54],"uv_size":[18,1]},"north":{"uv":[36,68],"uv_size":[3,1]},"south":{"uv":[39,68],"uv_size":[3,1]},"up":{"uv":[30,44],"uv_size":[3,18]},"west":{"uv":[60,55],"uv_size":[18,1]}}},{"origin":[-9,20,6],"size":[18,1,3],"uv":{"down":{"uv":[0,50],"uv_size":[18,-3]},"east":{"uv":[68,43],"uv_size":[3,1]},"north":{"uv":[60,56],"uv_size":[18,1]},"south":{"uv":[60,57],"uv_size":[18,1]},"up":{"uv":[42,45],"uv_size":[18,3]},"west":{"uv":[60,68],"uv_size":[3,1]}}},{"origin":[-9,20,-9],"size":[18,1,3],"uv":{"down":{"uv":[0,53],"uv_size":[18,-3]},"east":{"uv":[68,60],"uv_size":[3,1]},"north":{"uv":[60,58],"uv_size":[18,1]},"south":{"uv":[60,59],"uv_size":[18,1]},"up":{"uv":[42,48],"uv_size":[18,3]},"west":{"uv":[68,61],"uv_size":[3,1]}}},{"origin":[7,0,-8],"size":[1,22,1],"uv":{"down":{"uv":[33,68],"uv_size":[1,-1]},"east":{"uv":[13,53],"uv_size":[1,22]},"north":{"uv":[12,53],"uv_size":[1,22]},"south":{"uv":[14,53],"uv_size":[1,22]},"up":{"uv":[33,66],"uv_size":[1,1]},"west":{"uv":[15,53],"uv_size":[1,22]}}},{"origin":[-8,0,-8],"size":[1,22,1],"uv":{"down":{"uv":[36,70],"uv_size":[1,-1]},"east":{"uv":[17,53],"uv_size":[1,22]},"north":{"uv":[16,53],"uv_size":[1,22]},"south":{"uv":[54,0],"uv_size":[1,22]},"up":{"uv":[69,35],"uv_size":[1,1]},"west":{"uv":[54,51],"uv_size":[1,22]}}},{"origin":[7,0,7],"size":[1,22,1],"uv":{"down":{"uv":[37,70],"uv_size":[1,-1]},"east":{"uv":[55,51],"uv_size":[1,22]},"north":{"uv":[55,0],"uv_size":[1,22]},"south":{"uv":[56,0],"uv_size":[1,22]},"up":{"uv":[69,36],"uv_size":[1,1]},"west":{"uv":[56,51],"uv_size":[1,22]}}},{"origin":[7,0,7],"size":[1,22,1],"uv":{"down":{"uv":[38,70],"uv_size":[1,-1]},"east":{"uv":[57,51],"uv_size":[1,22]},"north":{"uv":[57,0],"uv_size":[1,22]},"south":{"uv":[58,0],"uv_size":[1,22]},"up":{"uv":[69,37],"uv_size":[1,1]},"west":{"uv":[58,51],"uv_size":[1,22]}}},{"origin":[-8,0,7],"size":[1,22,1],"uv":{"down":{"uv":[39,70],"uv_size":[1,-1]},"east":{"uv":[59,51],"uv_size":[1,22]},"north":{"uv":[59,0],"uv_size":[1,22]},"south":{"uv":[60,0],"uv_size":[1,22]},"up":{"uv":[69,38],"uv_size":[1,1]},"west":{"uv":[60,22],"uv_size":[1,22]}}},{"inflate":0.05,"origin":[-9,0,-9],"size":[18,22,18],"uv":{"down":{"uv":[36,36],"uv_size":[18,-18]},"east":{"uv":[18,0],"uv_size":[18,22]},"north":{"uv":[0,0],"uv_size":[18,22]},"south":{"uv":[0,22],"uv_size":[18,22]},"up":{"uv":[36,0],"uv_size":[18,18]},"west":{"uv":[18,22],"uv_size":[18,22]}}}],"name":"bb_main","pivot":[0,0,0]},{"cubes":[{"origin":[-14.99551,18.2712,7.05],"pivot":[-12.99551,18.2712,9.55],"rotation":[0,0,-55],"size":[4,0,3],"uv":{"down":{"uv":[65,18],"uv_size":[4,-3]},"east":{"uv":[0,0],"uv_size":[3,0]},"north":{"uv":[0,0],"uv_size":[4,0]},"south":{"uv":[0,0],"uv_size":[4,0]},"up":{"uv":[65,12],"uv_size":[4,3]},"west":{"uv":[0,0],"uv_size":[3,0]}}},{"origin":[-14.14248,14.63347,7.05],"pivot":[-14.14248,14.63347,8.55],"rotation":[0,0,-90],"size":[2,0,3],"uv":{"down":{"uv":[58,28],"uv_size":[2,-3]},"east":{"uv":[0,0],"uv_size":[3,0]},"north":{"uv":[0,0],"uv_size":[2,0]},"south":{"uv":[0,0],"uv_size":[2,0]},"up":{"uv":[58,22],"uv_size":[2,3]},"west":{"uv":[0,0],"uv_size":[3,0]}}},{"origin":[-12.05,20.05,8.05],"pivot":[-11.55,20.55,8.55],"rotation":[0,0,-20],"size":[3,0,1],"uv":{"down":{"uv":[63,69],"uv_size":[3,-1]},"east":{"uv":[0,0],"uv_size":[1,0]},"north":{"uv":[0,0],"uv_size":[3,0]},"south":{"uv":[0,0],"uv_size":[3,0]},"up":{"uv":[68,62],"uv_size":[3,1]},"west":{"uv":[0,0],"uv_size":[1,0]}}},{"origin":[-5.95,18.95,9.05],"pivot":[-5.45,19.45,11.55],"rotation":[-20,0,0],"size":[1,0,3],"uv":{"down":{"uv":[66,71],"uv_size":[1,-3]},"east":{"uv":[0,0],"uv_size":[3,0]},"north":{"uv":[0,0],"uv_size":[1,0]},"south":{"uv":[0,0],"uv_size":[1,0]},"up":{"uv":[68,63],"uv_size":[1,3]},"west":{"uv":[0,0],"uv_size":[3,0]}}},{"origin":[-6.95,17.1712,10.99551],"pivot":[-4.45,17.1712,12.99551],"rotation":[-55,0,0],"size":[3,0,4],"uv":{"down":{"uv":[65,26],"uv_size":[3,-4]},"east":{"uv":[0,0],"uv_size":[4,0]},"north":{"uv":[0,0],"uv_size":[3,0]},"south":{"uv":[0,0],"uv_size":[3,0]},"up":{"uv":[65,18],"uv_size":[3,4]},"west":{"uv":[0,0],"uv_size":[4,0]}}},{"origin":[-6.95,13.53347,12.14248],"pivot":[-5.45,13.53347,14.14248],"rotation":[-90,0,0],"size":[3,0,2],"uv":{"down":{"uv":[68,20],"uv_size":[3,-2]},"east":{"uv":[0,0],"uv_size":[2,0]},"north":{"uv":[0,0],"uv_size":[3,0]},"south":{"uv":[0,0],"uv_size":[3,0]},"up":{"uv":[30,66],"uv_size":[3,2]},"west":{"uv":[0,0],"uv_size":[2,0]}}},{"origin":[-1.95,13.24449,8.23205],"pivot":[-1.45,11.62782,12.29089],"rotation":[-2.5,0,0],"size":[1,0,3],"uv":{"down":{"uv":[67,71],"uv_size":[1,-3]},"east":{"uv":[0,0],"uv_size":[3,0]},"north":{"uv":[0,0],"uv_size":[1,0]},"south":{"uv":[0,0],"uv_size":[1,0]},"up":{"uv":[68,66],"uv_size":[1,3]},"west":{"uv":[0,0],"uv_size":[3,0]}}},{"origin":[-2.95,12.34461,10.49568],"pivot":[-1.45,11.62782,12.29089],"rotation":[-37.5,0,0],"size":[3,0,4],"uv":{"down":{"uv":[65,34],"uv_size":[3,-4]},"east":{"uv":[0,0],"uv_size":[4,0]},"north":{"uv":[0,0],"uv_size":[3,0]},"south":{"uv":[0,0],"uv_size":[3,0]},"up":{"uv":[65,26],"uv_size":[3,4]},"west":{"uv":[0,0],"uv_size":[4,0]}}},{"origin":[-2.95,13.47942,13.68524],"pivot":[-1.45,11.62782,12.29089],"rotation":[-72.5,0,0],"size":[3,0,2],"uv":{"down":{"uv":[68,24],"uv_size":[3,-2]},"east":{"uv":[0,0],"uv_size":[2,0]},"north":{"uv":[0,0],"uv_size":[3,0]},"south":{"uv":[0,0],"uv_size":[3,0]},"up":{"uv":[68,20],"uv_size":[3,2]},"west":{"uv":[0,0],"uv_size":[2,0]}}},{"origin":[8.23205,12.21949,-6.05],"pivot":[12.29089,10.60282,-5.55],"rotation":[0,0,2.5],"size":[3,0,1],"uv":{"down":{"uv":[69,2],"uv_size":[3,-1]},"east":{"uv":[0,0],"uv_size":[1,0]},"north":{"uv":[0,0],"uv_size":[3,0]},"south":{"uv":[0,0],"uv_size":[3,0]},"up":{"uv":[69,0],"uv_size":[3,1]},"west":{"uv":[0,0],"uv_size":[1,0]}}},{"origin":[10.49568,11.31961,-7.05],"pivot":[12.29089,10.60282,-5.55],"rotation":[0,0,37.5],"size":[4,0,3],"uv":{"down":{"uv":[65,40],"uv_size":[4,-3]},"east":{"uv":[0,0],"uv_size":[3,0]},"north":{"uv":[0,0],"uv_size":[4,0]},"south":{"uv":[0,0],"uv_size":[4,0]},"up":{"uv":[65,34],"uv_size":[4,3]},"west":{"uv":[0,0],"uv_size":[3,0]}}},{"origin":[13.68524,12.45442,-7.05],"pivot":[12.29089,10.60282,-5.55],"rotation":[0,0,72.5],"size":[2,0,3],"uv":{"down":{"uv":[58,34],"uv_size":[2,-3]},"east":{"uv":[0,0],"uv_size":[3,0]},"north":{"uv":[0,0],"uv_size":[2,0]},"south":{"uv":[0,0],"uv_size":[2,0]},"up":{"uv":[58,28],"uv_size":[2,3]},"west":{"uv":[0,0],"uv_size":[3,0]}}},{"origin":[-11.23205,18.71949,-3.075],"pivot":[-12.29089,17.10282,-2.575],"rotation":[0,0,-12.5],"size":[3,0,1],"uv":{"down":{"uv":[69,4],"uv_size":[3,-1]},"east":{"uv":[0,0],"uv_size":[1,0]},"north":{"uv":[0,0],"uv_size":[3,0]},"south":{"uv":[0,0],"uv_size":[3,0]},"up":{"uv":[69,2],"uv_size":[3,1]},"west":{"uv":[0,0],"uv_size":[1,0]}}},{"origin":[-14.49568,17.81961,-4.075],"pivot":[-12.29089,17.10282,-2.575],"rotation":[0,0,-47.5],"size":[4,0,3],"uv":{"down":{"uv":[18,69],"uv_size":[4,-3]},"east":{"uv":[0,0],"uv_size":[3,0]},"north":{"uv":[0,0],"uv_size":[4,0]},"south":{"uv":[0,0],"uv_size":[4,0]},"up":{"uv":[65,40],"uv_size":[4,3]},"west":{"uv":[0,0],"uv_size":[3,0]}}},{"origin":[-15.68524,18.95442,-4.075],"pivot":[-12.29089,17.10282,-2.575],"rotation":[0,0,-82.5],"size":[2,0,3],"uv":{"down":{"uv":[58,40],"uv_size":[2,-3]},"east":{"uv":[0,0],"uv_size":[3,0]},"north":{"uv":[0,0],"uv_size":[2,0]},"south":{"uv":[0,0],"uv_size":[2,0]},"up":{"uv":[58,34],"uv_size":[2,3]},"west":{"uv":[0,0],"uv_size":[3,0]}}},{"origin":[-15.68524,5.60442,-8.45],"pivot":[-12.29089,3.75282,-6.95],"rotation":[0,0,-82.5],"size":[2,0,3],"uv":{"down":{"uv":[68,27],"uv_size":[2,-3]},"east":{"uv":[0,0],"uv_size":[3,0]},"north":{"uv":[0,0],"uv_size":[2,0]},"south":{"uv":[0,0],"uv_size":[2,0]},"up":{"uv":[40,60],"uv_size":[2,3]},"west":{"uv":[0,0],"uv_size":[3,0]}}},{"origin":[-14.49568,4.46961,-8.45],"pivot":[-12.29089,3.75282,-6.95],"rotation":[0,0,-47.5],"size":[4,0,3],"uv":{"down":{"uv":[26,69],"uv_size":[4,-3]},"east":{"uv":[0,0],"uv_size":[3,0]},"north":{"uv":[0,0],"uv_size":[4,0]},"south":{"uv":[0,0],"uv_size":[4,0]},"up":{"uv":[22,66],"uv_size":[4,3]},"west":{"uv":[0,0],"uv_size":[3,0]}}},{"origin":[-11.23205,5.36949,-7.45],"pivot":[-12.29089,3.75282,-6.95],"rotation":[0,0,-12.5],"size":[3,0,1],"uv":{"down":{"uv":[69,6],"uv_size":[3,-1]},"east":{"uv":[0,0],"uv_size":[1,0]},"north":{"uv":[0,0],"uv_size":[3,0]},"south":{"uv":[0,0],"uv_size":[3,0]},"up":{"uv":[69,4],"uv_size":[3,1]},"west":{"uv":[0,0],"uv_size":[1,0]}}}],"name":"bone","pivot":[-11.55,20.55,8.55]},{"cubes":[{"origin":[-3.25,6.87027,-14.06764],"pivot":[-1.25,8.79527,-11.74264],"rotation":[-15,0,0],"size":[4,4,4],"uv":{"down":{"uv":[36,64],"uv_size":[4,-4]},"east":{"uv":[54,26],"uv_size":[4,4]},"north":{"uv":[54,22],"uv_size":[4,4]},"south":{"uv":[54,30],"uv_size":[4,4]},"up":{"uv":[54,38],"uv_size":[4,4]},"west":{"uv":[54,34],"uv_size":[4,4]}}},{"origin":[-1.925,10.66949,-11.13205],"pivot":[-1.425,9.05282,-12.19089],"rotation":[12.5,0,0],"size":[1,0,3],"uv":{"down":{"uv":[69,12],"uv_size":[1,-3]},"east":{"uv":[0,0],"uv_size":[3,0]},"north":{"uv":[0,0],"uv_size":[1,0]},"south":{"uv":[0,0],"uv_size":[1,0]},"up":{"uv":[69,6],"uv_size":[1,3]},"west":{"uv":[0,0],"uv_size":[3,0]}}}],"name":"bone2","pivot":[-1.3375,9.99014,-10.99263],"rotation":[12.5,0,0]},{"cubes":[{"origin":[0.775,15.34527,-14.06764],"pivot":[2.775,17.27027,-11.74264],"rotation":[-15,0,0],"size":[4,4,4],"uv":{"down":{"uv":[61,20],"uv_size":[4,-4]},"east":{"uv":[61,0],"uv_size":[4,4]},"north":{"uv":[60,60],"uv_size":[4,4]},"south":{"uv":[61,4],"uv_size":[4,4]},"up":{"uv":[61,12],"uv_size":[4,4]},"west":{"uv":[61,8],"uv_size":[4,4]}}},{"origin":[2.1,19.14449,-11.13205],"pivot":[2.6,17.52782,-12.19089],"rotation":[12.5,0,0],"size":[1,0,3],"uv":{"down":{"uv":[69,18],"uv_size":[1,-3]},"east":{"uv":[0,0],"uv_size":[3,0]},"north":{"uv":[0,0],"uv_size":[1,0]},"south":{"uv":[0,0],"uv_size":[1,0]},"up":{"uv":[69,12],"uv_size":[1,3]},"west":{"uv":[0,0],"uv_size":[3,0]}}}],"name":"bone7","pivot":[2.6875,18.46514,-10.99263],"rotation":[12.5,0,0]},{"cubes":[{"origin":[-14.13751,7.44342,-2.94707],"pivot":[-11.81251,9.36842,-0.94707],"rotation":[0,0,15],"size":[4,4,4],"uv":{"down":{"uv":[61,44],"uv_size":[4,-4]},"east":{"uv":[61,24],"uv_size":[4,4]},"north":{"uv":[61,20],"uv_size":[4,4]},"south":{"uv":[61,28],"uv_size":[4,4]},"up":{"uv":[61,36],"uv_size":[4,4]},"west":{"uv":[61,32],"uv_size":[4,4]}}},{"origin":[-11.20192,11.24263,-1.27207],"pivot":[-12.26076,9.62596,-0.77207],"rotation":[0,0,-12.5],"size":[3,0,1],"uv":{"down":{"uv":[21,70],"uv_size":[3,-1]},"east":{"uv":[0,0],"uv_size":[1,0]},"north":{"uv":[0,0],"uv_size":[3,0]},"south":{"uv":[0,0],"uv_size":[3,0]},"up":{"uv":[18,69],"uv_size":[3,1]},"west":{"uv":[0,0],"uv_size":[1,0]}}}],"name":"bone3","pivot":[-11.10976,10.64156,-0.85957],"rotation":[0,0,-12.5]},{"cubes":[{"origin":[2.47774,11.54342,10.21818],"pivot":[4.47774,13.46842,11.89318],"rotation":[15,0,0],"size":[4,4,4],"uv":{"down":{"uv":[38,68],"uv_size":[4,-4]},"east":{"uv":[22,62],"uv_size":[4,4]},"north":{"uv":[18,62],"uv_size":[4,4]},"south":{"uv":[26,62],"uv_size":[4,4]},"up":{"uv":[34,64],"uv_size":[4,4]},"west":{"uv":[30,62],"uv_size":[4,4]}}},{"origin":[4.15274,15.34263,8.28259],"pivot":[4.65274,13.72596,12.34143],"rotation":[-12.5,0,0],"size":[1,0,3],"uv":{"down":{"uv":[25,72],"uv_size":[1,-3]},"east":{"uv":[0,0],"uv_size":[3,0]},"north":{"uv":[0,0],"uv_size":[1,0]},"south":{"uv":[0,0],"uv_size":[1,0]},"up":{"uv":[24,69],"uv_size":[1,3]},"west":{"uv":[0,0],"uv_size":[3,0]}}}],"name":"bone6","pivot":[4.56524,14.74156,11.19043],"rotation":[-12.5,0,0]},{"cubes":[{"origin":[10.293,9.54342,-0.42207],"pivot":[11.968,11.46842,1.57793],"rotation":[0,0,-15],"size":[4,4,4],"uv":{"down":{"uv":[65,12],"uv_size":[4,-4]},"east":{"uv":[64,60],"uv_size":[4,4]},"north":{"uv":[60,64],"uv_size":[4,4]},"south":{"uv":[64,64],"uv_size":[4,4]},"up":{"uv":[65,4],"uv_size":[4,4]},"west":{"uv":[65,0],"uv_size":[4,4]}}},{"origin":[8.35741,13.34263,0.90293],"pivot":[12.41625,11.72596,1.40293],"rotation":[0,0,12.5],"size":[3,0,1],"uv":{"down":{"uv":[29,70],"uv_size":[3,-1]},"east":{"uv":[0,0],"uv_size":[1,0]},"north":{"uv":[0,0],"uv_size":[3,0]},"south":{"uv":[0,0],"uv_size":[3,0]},"up":{"uv":[26,69],"uv_size":[3,1]},"west":{"uv":[0,0],"uv_size":[1,0]}}}],"name":"bone5","pivot":[11.26524,12.74156,1.49043],"rotation":[-2.47864,0.32621,7.49294]}],"description":{"identifier":"geometry.tomatoharvestable","texture_height":128,"texture_width":128,"visible_bounds_height":2.5,"visible_bounds_offset":[0,0.75,0],"visible_bounds_width":3}}]}