{"format_version":"1.12.0","minecraft:geometry":[{"bones":[{"cubes":[{"origin":[-9,11,-9],"size":[18,1,3],"uv":{"down":{"uv":[36,42],"uv_size":[18,-3]},"east":{"uv":[64,20],"uv_size":[3,1]},"north":{"uv":[60,44],"uv_size":[18,1]},"south":{"uv":[60,45],"uv_size":[18,1]},"up":{"uv":[36,36],"uv_size":[18,3]},"west":{"uv":[64,21],"uv_size":[3,1]}}},{"inflate":0.025,"origin":[-9,11,-9],"size":[3,1,18],"uv":{"down":{"uv":[39,60],"uv_size":[3,-18]},"east":{"uv":[60,46],"uv_size":[18,1]},"north":{"uv":[64,22],"uv_size":[3,1]},"south":{"uv":[64,23],"uv_size":[3,1]},"up":{"uv":[36,42],"uv_size":[3,18]},"west":{"uv":[60,47],"uv_size":[18,1]}}},{"origin":[-9,11,6],"size":[18,1,3],"uv":{"down":{"uv":[0,47],"uv_size":[18,-3]},"east":{"uv":[64,24],"uv_size":[3,1]},"north":{"uv":[60,48],"uv_size":[18,1]},"south":{"uv":[60,49],"uv_size":[18,1]},"up":{"uv":[42,42],"uv_size":[18,3]},"west":{"uv":[64,25],"uv_size":[3,1]}}},{"inflate":0.025,"origin":[6,11,-9],"size":[3,1,18],"uv":{"down":{"uv":[21,62],"uv_size":[3,-18]},"east":{"uv":[60,50],"uv_size":[18,1]},"north":{"uv":[64,26],"uv_size":[3,1]},"south":{"uv":[64,27],"uv_size":[3,1]},"up":{"uv":[18,44],"uv_size":[3,18]},"west":{"uv":[60,51],"uv_size":[18,1]}}},{"origin":[7,0,-1],"size":[1,22,2],"uv":{"down":{"uv":[29,67],"uv_size":[1,-2]},"east":{"uv":[42,51],"uv_size":[2,22]},"north":{"uv":[4,53],"uv_size":[1,22]},"south":{"uv":[5,53],"uv_size":[1,22]},"up":{"uv":[65,10],"uv_size":[1,2]},"west":{"uv":[44,51],"uv_size":[2,22]}}},{"origin":[-8,0,-1],"size":[1,22,2],"uv":{"down":{"uv":[31,67],"uv_size":[1,-2]},"east":{"uv":[46,51],"uv_size":[2,22]},"north":{"uv":[6,53],"uv_size":[1,22]},"south":{"uv":[7,53],"uv_size":[1,22]},"up":{"uv":[30,65],"uv_size":[1,2]},"west":{"uv":[48,51],"uv_size":[2,22]}}},{"origin":[-1,0,7],"size":[2,22,1],"uv":{"down":{"uv":[32,66],"uv_size":[2,-1]},"east":{"uv":[8,53],"uv_size":[1,22]},"north":{"uv":[50,51],"uv_size":[2,22]},"south":{"uv":[52,51],"uv_size":[2,22]},"up":{"uv":[34,62],"uv_size":[2,1]},"west":{"uv":[9,53],"uv_size":[1,22]}}},{"origin":[-1,0,-8],"size":[2,22,1],"uv":{"down":{"uv":[36,66],"uv_size":[2,-1]},"east":{"uv":[10,53],"uv_size":[1,22]},"north":{"uv":[0,53],"uv_size":[2,22]},"south":{"uv":[2,53],"uv_size":[2,22]},"up":{"uv":[34,65],"uv_size":[2,1]},"west":{"uv":[11,53],"uv_size":[1,22]}}},{"inflate":0.025,"origin":[6,20,-9],"size":[3,1,18],"uv":{"down":{"uv":[27,62],"uv_size":[3,-18]},"east":{"uv":[60,52],"uv_size":[18,1]},"north":{"uv":[64,28],"uv_size":[3,1]},"south":{"uv":[64,29],"uv_size":[3,1]},"up":{"uv":[24,44],"uv_size":[3,18]},"west":{"uv":[60,53],"uv_size":[18,1]}}},{"inflate":0.025,"origin":[-9,20,-9],"size":[3,1,18],"uv":{"down":{"uv":[33,62],"uv_size":[3,-18]},"east":{"uv":[60,54],"uv_size":[18,1]},"north":{"uv":[64,30],"uv_size":[3,1]},"south":{"uv":[64,31],"uv_size":[3,1]},"up":{"uv":[30,44],"uv_size":[3,18]},"west":{"uv":[60,55],"uv_size":[18,1]}}},{"origin":[-9,20,6],"size":[18,1,3],"uv":{"down":{"uv":[0,50],"uv_size":[18,-3]},"east":{"uv":[64,32],"uv_size":[3,1]},"north":{"uv":[60,56],"uv_size":[18,1]},"south":{"uv":[60,57],"uv_size":[18,1]},"up":{"uv":[42,45],"uv_size":[18,3]},"west":{"uv":[64,33],"uv_size":[3,1]}}},{"origin":[-9,20,-9],"size":[18,1,3],"uv":{"down":{"uv":[0,53],"uv_size":[18,-3]},"east":{"uv":[64,34],"uv_size":[3,1]},"north":{"uv":[60,58],"uv_size":[18,1]},"south":{"uv":[60,59],"uv_size":[18,1]},"up":{"uv":[42,48],"uv_size":[18,3]},"west":{"uv":[64,35],"uv_size":[3,1]}}},{"origin":[7,0,-8],"size":[1,22,1],"uv":{"down":{"uv":[39,66],"uv_size":[1,-1]},"east":{"uv":[13,53],"uv_size":[1,22]},"north":{"uv":[12,53],"uv_size":[1,22]},"south":{"uv":[14,53],"uv_size":[1,22]},"up":{"uv":[38,65],"uv_size":[1,1]},"west":{"uv":[15,53],"uv_size":[1,22]}}},{"origin":[-8,0,-8],"size":[1,22,1],"uv":{"down":{"uv":[61,66],"uv_size":[1,-1]},"east":{"uv":[17,53],"uv_size":[1,22]},"north":{"uv":[16,53],"uv_size":[1,22]},"south":{"uv":[54,0],"uv_size":[1,22]},"up":{"uv":[60,65],"uv_size":[1,1]},"west":{"uv":[54,51],"uv_size":[1,22]}}},{"origin":[7,0,7],"size":[1,22,1],"uv":{"down":{"uv":[63,66],"uv_size":[1,-1]},"east":{"uv":[55,51],"uv_size":[1,22]},"north":{"uv":[55,0],"uv_size":[1,22]},"south":{"uv":[56,0],"uv_size":[1,22]},"up":{"uv":[62,65],"uv_size":[1,1]},"west":{"uv":[56,51],"uv_size":[1,22]}}},{"origin":[7,0,7],"size":[1,22,1],"uv":{"down":{"uv":[65,66],"uv_size":[1,-1]},"east":{"uv":[57,51],"uv_size":[1,22]},"north":{"uv":[57,0],"uv_size":[1,22]},"south":{"uv":[58,0],"uv_size":[1,22]},"up":{"uv":[64,65],"uv_size":[1,1]},"west":{"uv":[58,51],"uv_size":[1,22]}}},{"origin":[-8,0,7],"size":[1,22,1],"uv":{"down":{"uv":[66,3],"uv_size":[1,-1]},"east":{"uv":[59,51],"uv_size":[1,22]},"north":{"uv":[59,0],"uv_size":[1,22]},"south":{"uv":[60,0],"uv_size":[1,22]},"up":{"uv":[66,1],"uv_size":[1,1]},"west":{"uv":[60,22],"uv_size":[1,22]}}},{"inflate":0.05,"origin":[-9,0,-9],"size":[18,22,18],"uv":{"down":{"uv":[36,36],"uv_size":[18,-18]},"east":{"uv":[18,0],"uv_size":[18,22]},"north":{"uv":[0,0],"uv_size":[18,22]},"south":{"uv":[0,22],"uv_size":[18,22]},"up":{"uv":[36,0],"uv_size":[18,18]},"west":{"uv":[18,22],"uv_size":[18,22]}}}],"name":"bb_main","pivot":[0,0,0]},{"cubes":[{"origin":[-14.99551,18.2712,7.05],"pivot":[-12.99551,18.2712,9.55],"rotation":[0,0,-55],"size":[4,0,3],"uv":{"down":{"uv":[54,28],"uv_size":[4,-3]},"east":{"uv":[0,0],"uv_size":[3,0]},"north":{"uv":[0,0],"uv_size":[4,0]},"south":{"uv":[0,0],"uv_size":[4,0]},"up":{"uv":[54,22],"uv_size":[4,3]},"west":{"uv":[0,0],"uv_size":[3,0]}}},{"origin":[-14.14248,14.63347,7.05],"pivot":[-14.14248,14.63347,8.55],"rotation":[0,0,-90],"size":[2,0,3],"uv":{"down":{"uv":[58,28],"uv_size":[2,-3]},"east":{"uv":[0,0],"uv_size":[3,0]},"north":{"uv":[0,0],"uv_size":[2,0]},"south":{"uv":[0,0],"uv_size":[2,0]},"up":{"uv":[58,22],"uv_size":[2,3]},"west":{"uv":[0,0],"uv_size":[3,0]}}},{"origin":[-12.05,20.05,8.05],"pivot":[-11.55,20.55,8.55],"rotation":[0,0,-20],"size":[3,0,1],"uv":{"down":{"uv":[64,38],"uv_size":[3,-1]},"east":{"uv":[0,0],"uv_size":[1,0]},"north":{"uv":[0,0],"uv_size":[3,0]},"south":{"uv":[0,0],"uv_size":[3,0]},"up":{"uv":[64,36],"uv_size":[3,1]},"west":{"uv":[0,0],"uv_size":[1,0]}}},{"origin":[8.23205,12.21949,-6.05],"pivot":[12.29089,10.60282,-5.55],"rotation":[0,0,2.5],"size":[3,0,1],"uv":{"down":{"uv":[64,42],"uv_size":[3,-1]},"east":{"uv":[0,0],"uv_size":[1,0]},"north":{"uv":[0,0],"uv_size":[3,0]},"south":{"uv":[0,0],"uv_size":[3,0]},"up":{"uv":[64,40],"uv_size":[3,1]},"west":{"uv":[0,0],"uv_size":[1,0]}}},{"origin":[10.49568,11.31961,-7.05],"pivot":[12.29089,10.60282,-5.55],"rotation":[0,0,37.5],"size":[4,0,3],"uv":{"down":{"uv":[54,34],"uv_size":[4,-3]},"east":{"uv":[0,0],"uv_size":[3,0]},"north":{"uv":[0,0],"uv_size":[4,0]},"south":{"uv":[0,0],"uv_size":[4,0]},"up":{"uv":[54,28],"uv_size":[4,3]},"west":{"uv":[0,0],"uv_size":[3,0]}}},{"origin":[13.68524,12.45442,-7.05],"pivot":[12.29089,10.60282,-5.55],"rotation":[0,0,72.5],"size":[2,0,3],"uv":{"down":{"uv":[58,34],"uv_size":[2,-3]},"east":{"uv":[0,0],"uv_size":[3,0]},"north":{"uv":[0,0],"uv_size":[2,0]},"south":{"uv":[0,0],"uv_size":[2,0]},"up":{"uv":[58,28],"uv_size":[2,3]},"west":{"uv":[0,0],"uv_size":[3,0]}}},{"origin":[-11.23205,18.71949,-3.075],"pivot":[-12.29089,17.10282,-2.575],"rotation":[0,0,-12.5],"size":[3,0,1],"uv":{"down":{"uv":[64,44],"uv_size":[3,-1]},"east":{"uv":[0,0],"uv_size":[1,0]},"north":{"uv":[0,0],"uv_size":[3,0]},"south":{"uv":[0,0],"uv_size":[3,0]},"up":{"uv":[64,42],"uv_size":[3,1]},"west":{"uv":[0,0],"uv_size":[1,0]}}},{"origin":[-14.49568,17.81961,-4.075],"pivot":[-12.29089,17.10282,-2.575],"rotation":[0,0,-47.5],"size":[4,0,3],"uv":{"down":{"uv":[54,40],"uv_size":[4,-3]},"east":{"uv":[0,0],"uv_size":[3,0]},"north":{"uv":[0,0],"uv_size":[4,0]},"south":{"uv":[0,0],"uv_size":[4,0]},"up":{"uv":[54,34],"uv_size":[4,3]},"west":{"uv":[0,0],"uv_size":[3,0]}}},{"origin":[-15.68524,18.95442,-4.075],"pivot":[-12.29089,17.10282,-2.575],"rotation":[0,0,-82.5],"size":[2,0,3],"uv":{"down":{"uv":[58,40],"uv_size":[2,-3]},"east":{"uv":[0,0],"uv_size":[3,0]},"north":{"uv":[0,0],"uv_size":[2,0]},"south":{"uv":[0,0],"uv_size":[2,0]},"up":{"uv":[58,34],"uv_size":[2,3]},"west":{"uv":[0,0],"uv_size":[3,0]}}},{"origin":[-11.23205,11.71949,-1.075],"pivot":[-12.29089,10.10282,-0.575],"rotation":[0,0,-12.5],"size":[3,0,1],"uv":{"down":{"uv":[64,62],"uv_size":[3,-1]},"east":{"uv":[0,0],"uv_size":[1,0]},"north":{"uv":[0,0],"uv_size":[3,0]},"south":{"uv":[0,0],"uv_size":[3,0]},"up":{"uv":[64,60],"uv_size":[3,1]},"west":{"uv":[0,0],"uv_size":[1,0]}}},{"origin":[-14.49568,10.81961,-2.075],"pivot":[-12.29089,10.10282,-0.575],"rotation":[0,0,-47.5],"size":[4,0,3],"uv":{"down":{"uv":[60,63],"uv_size":[4,-3]},"east":{"uv":[0,0],"uv_size":[3,0]},"north":{"uv":[0,0],"uv_size":[4,0]},"south":{"uv":[0,0],"uv_size":[4,0]},"up":{"uv":[36,60],"uv_size":[4,3]},"west":{"uv":[0,0],"uv_size":[3,0]}}},{"origin":[-15.68524,11.95442,-2.075],"pivot":[-12.29089,10.10282,-0.575],"rotation":[0,0,-82.5],"size":[2,0,3],"uv":{"down":{"uv":[24,65],"uv_size":[2,-3]},"east":{"uv":[0,0],"uv_size":[3,0]},"north":{"uv":[0,0],"uv_size":[2,0]},"south":{"uv":[0,0],"uv_size":[2,0]},"up":{"uv":[40,60],"uv_size":[2,3]},"west":{"uv":[0,0],"uv_size":[3,0]}}},{"origin":[-15.68524,5.60442,-8.45],"pivot":[-12.29089,3.75282,-6.95],"rotation":[0,0,-82.5],"size":[2,0,3],"uv":{"down":{"uv":[28,65],"uv_size":[2,-3]},"east":{"uv":[0,0],"uv_size":[3,0]},"north":{"uv":[0,0],"uv_size":[2,0]},"south":{"uv":[0,0],"uv_size":[2,0]},"up":{"uv":[26,62],"uv_size":[2,3]},"west":{"uv":[0,0],"uv_size":[3,0]}}},{"origin":[-14.49568,4.46961,-8.45],"pivot":[-12.29089,3.75282,-6.95],"rotation":[0,0,-47.5],"size":[4,0,3],"uv":{"down":{"uv":[61,6],"uv_size":[4,-3]},"east":{"uv":[0,0],"uv_size":[3,0]},"north":{"uv":[0,0],"uv_size":[4,0]},"south":{"uv":[0,0],"uv_size":[4,0]},"up":{"uv":[61,0],"uv_size":[4,3]},"west":{"uv":[0,0],"uv_size":[3,0]}}},{"origin":[-11.23205,5.36949,-7.45],"pivot":[-12.29089,3.75282,-6.95],"rotation":[0,0,-12.5],"size":[3,0,1],"uv":{"down":{"uv":[65,1],"uv_size":[3,-1]},"east":{"uv":[0,0],"uv_size":[1,0]},"north":{"uv":[0,0],"uv_size":[3,0]},"south":{"uv":[0,0],"uv_size":[3,0]},"up":{"uv":[64,62],"uv_size":[3,1]},"west":{"uv":[0,0],"uv_size":[1,0]}}}],"name":"bone","pivot":[-11.55,20.55,8.55]},{"cubes":[{"origin":[8.23205,14.21949,0.95],"pivot":[12.29089,12.60282,1.45],"rotation":[0,0,2.5],"size":[3,0,1],"uv":{"down":{"uv":[64,40],"uv_size":[3,-1]},"east":{"uv":[0,0],"uv_size":[1,0]},"north":{"uv":[0,0],"uv_size":[3,0]},"south":{"uv":[0,0],"uv_size":[3,0]},"up":{"uv":[64,38],"uv_size":[3,1]},"west":{"uv":[0,0],"uv_size":[1,0]}}},{"origin":[10.49568,13.31961,-0.05],"pivot":[12.29089,12.60282,1.45],"rotation":[0,0,37.5],"size":[4,0,3],"uv":{"down":{"uv":[61,12],"uv_size":[4,-3]},"east":{"uv":[0,0],"uv_size":[3,0]},"north":{"uv":[0,0],"uv_size":[4,0]},"south":{"uv":[0,0],"uv_size":[4,0]},"up":{"uv":[61,6],"uv_size":[4,3]},"west":{"uv":[0,0],"uv_size":[3,0]}}},{"origin":[13.68524,14.45442,-0.05],"pivot":[12.29089,12.60282,1.45],"rotation":[0,0,72.5],"size":[2,0,3],"uv":{"down":{"uv":[32,65],"uv_size":[2,-3]},"east":{"uv":[0,0],"uv_size":[3,0]},"north":{"uv":[0,0],"uv_size":[2,0]},"south":{"uv":[0,0],"uv_size":[2,0]},"up":{"uv":[30,62],"uv_size":[2,3]},"west":{"uv":[0,0],"uv_size":[3,0]}}}],"name":"bone2","parent":"bone","pivot":[12.29089,12.60282,1.45]},{"cubes":[{"origin":[2.075,20.00913,-11.60396],"pivot":[2.575,18.39246,-12.6628],"rotation":[5.5,0,0],"size":[1,0,3],"uv":{"down":{"uv":[41,66],"uv_size":[1,-3]},"east":{"uv":[0,0],"uv_size":[3,0]},"north":{"uv":[0,0],"uv_size":[1,0]},"south":{"uv":[0,0],"uv_size":[1,0]},"up":{"uv":[40,63],"uv_size":[1,3]},"west":{"uv":[0,0],"uv_size":[3,0]}}},{"origin":[1.075,19.10925,-14.86759],"pivot":[2.575,18.39246,-12.6628],"rotation":[40.5,0,0],"size":[3,0,4],"uv":{"down":{"uv":[61,20],"uv_size":[3,-4]},"east":{"uv":[0,0],"uv_size":[4,0]},"north":{"uv":[0,0],"uv_size":[3,0]},"south":{"uv":[0,0],"uv_size":[3,0]},"up":{"uv":[61,12],"uv_size":[3,4]},"west":{"uv":[0,0],"uv_size":[4,0]}}},{"origin":[1.075,20.24406,-16.05715],"pivot":[2.575,18.39246,-12.6628],"rotation":[75.5,0,0],"size":[3,0,2],"uv":{"down":{"uv":[57,42],"uv_size":[3,-2]},"east":{"uv":[0,0],"uv_size":[2,0]},"north":{"uv":[0,0],"uv_size":[3,0]},"south":{"uv":[0,0],"uv_size":[3,0]},"up":{"uv":[54,40],"uv_size":[3,2]},"west":{"uv":[0,0],"uv_size":[2,0]}}},{"origin":[-1.925,11.97806,-11.50466],"pivot":[-1.425,10.36139,-12.5635],"rotation":[5.5,0,0],"size":[1,0,3],"uv":{"down":{"uv":[65,7],"uv_size":[1,-3]},"east":{"uv":[0,0],"uv_size":[3,0]},"north":{"uv":[0,0],"uv_size":[1,0]},"south":{"uv":[0,0],"uv_size":[1,0]},"up":{"uv":[65,4],"uv_size":[1,-3]},"west":{"uv":[0,0],"uv_size":[3,0]}}},{"origin":[-2.925,11.07818,-14.76829],"pivot":[-1.425,10.36139,-12.5635],"rotation":[40.5,0,0],"size":[3,0,4],"uv":{"down":{"uv":[61,28],"uv_size":[3,-4]},"east":{"uv":[0,0],"uv_size":[4,0]},"north":{"uv":[0,0],"uv_size":[3,0]},"south":{"uv":[0,0],"uv_size":[3,0]},"up":{"uv":[61,20],"uv_size":[3,4]},"west":{"uv":[0,0],"uv_size":[4,0]}}},{"origin":[-2.925,12.21299,-15.95785],"pivot":[-1.425,10.36139,-12.5635],"rotation":[75.5,0,0],"size":[3,0,2],"uv":{"down":{"uv":[37,65],"uv_size":[3,-2]},"east":{"uv":[0,0],"uv_size":[2,0]},"north":{"uv":[0,0],"uv_size":[3,0]},"south":{"uv":[0,0],"uv_size":[3,0]},"up":{"uv":[34,63],"uv_size":[3,2]},"west":{"uv":[0,0],"uv_size":[2,0]}}},{"origin":[-2.95,13.27335,13.58593],"pivot":[-1.45,11.42175,12.19158],"rotation":[-75.5,0,0],"size":[3,0,2],"uv":{"down":{"uv":[63,65],"uv_size":[3,-2]},"east":{"uv":[0,0],"uv_size":[2,0]},"north":{"uv":[0,0],"uv_size":[3,0]},"south":{"uv":[0,0],"uv_size":[3,0]},"up":{"uv":[60,63],"uv_size":[3,2]},"west":{"uv":[0,0],"uv_size":[2,0]}}},{"origin":[-1.95,13.03842,8.13274],"pivot":[-1.45,11.42175,12.19158],"rotation":[-5.5,0,0],"size":[1,0,3],"uv":{"down":{"uv":[24,68],"uv_size":[1,-3]},"east":{"uv":[0,0],"uv_size":[3,0]},"north":{"uv":[0,0],"uv_size":[1,0]},"south":{"uv":[0,0],"uv_size":[1,0]},"up":{"uv":[65,7],"uv_size":[1,3]},"west":{"uv":[0,0],"uv_size":[3,0]}}},{"origin":[-2.95,12.13854,10.39637],"pivot":[-1.45,11.42175,12.19158],"rotation":[-40.5,0,0],"size":[3,0,4],"uv":{"down":{"uv":[61,36],"uv_size":[3,-4]},"east":{"uv":[0,0],"uv_size":[4,0]},"north":{"uv":[0,0],"uv_size":[3,0]},"south":{"uv":[0,0],"uv_size":[3,0]},"up":{"uv":[61,28],"uv_size":[3,4]},"west":{"uv":[0,0],"uv_size":[4,0]}}},{"origin":[4.05,16.45357,8.85637],"pivot":[4.55,14.8369,12.91521],"rotation":[-5.5,0,0],"size":[1,0,3],"uv":{"down":{"uv":[26,68],"uv_size":[1,-3]},"east":{"uv":[0,0],"uv_size":[3,0]},"north":{"uv":[0,0],"uv_size":[1,0]},"south":{"uv":[0,0],"uv_size":[1,0]},"up":{"uv":[25,65],"uv_size":[1,3]},"west":{"uv":[0,0],"uv_size":[3,0]}}},{"origin":[3.05,16.6885,14.30956],"pivot":[4.55,14.8369,12.91521],"rotation":[-75.5,0,0],"size":[3,0,2],"uv":{"down":{"uv":[64,16],"uv_size":[3,-2]},"east":{"uv":[0,0],"uv_size":[2,0]},"north":{"uv":[0,0],"uv_size":[3,0]},"south":{"uv":[0,0],"uv_size":[3,0]},"up":{"uv":[64,12],"uv_size":[3,2]},"west":{"uv":[0,0],"uv_size":[2,0]}}},{"origin":[3.05,15.55369,11.12],"pivot":[4.55,14.8369,12.91521],"rotation":[-40.5,0,0],"size":[3,0,4],"uv":{"down":{"uv":[61,44],"uv_size":[3,-4]},"east":{"uv":[0,0],"uv_size":[4,0]},"north":{"uv":[0,0],"uv_size":[3,0]},"south":{"uv":[0,0],"uv_size":[3,0]},"up":{"uv":[61,36],"uv_size":[3,4]},"west":{"uv":[0,0],"uv_size":[4,0]}}},{"origin":[-5.95,19.45357,8.85637],"pivot":[-5.45,17.8369,12.91521],"rotation":[-5.5,0,0],"size":[1,0,3],"uv":{"down":{"uv":[28,68],"uv_size":[1,-3]},"east":{"uv":[0,0],"uv_size":[3,0]},"north":{"uv":[0,0],"uv_size":[1,0]},"south":{"uv":[0,0],"uv_size":[1,0]},"up":{"uv":[27,65],"uv_size":[1,3]},"west":{"uv":[0,0],"uv_size":[3,0]}}},{"origin":[-6.95,18.55369,11.12],"pivot":[-5.45,17.8369,12.91521],"rotation":[-40.5,0,0],"size":[3,0,4],"uv":{"down":{"uv":[21,66],"uv_size":[3,-4]},"east":{"uv":[0,0],"uv_size":[4,0]},"north":{"uv":[0,0],"uv_size":[3,0]},"south":{"uv":[0,0],"uv_size":[3,0]},"up":{"uv":[18,62],"uv_size":[3,4]},"west":{"uv":[0,0],"uv_size":[4,0]}}},{"origin":[-6.95,19.6885,14.30956],"pivot":[-5.45,17.8369,12.91521],"rotation":[-75.5,0,0],"size":[3,0,2],"uv":{"down":{"uv":[64,20],"uv_size":[3,-2]},"east":{"uv":[0,0],"uv_size":[2,0]},"north":{"uv":[0,0],"uv_size":[3,0]},"south":{"uv":[0,0],"uv_size":[3,0]},"up":{"uv":[64,16],"uv_size":[3,2]},"west":{"uv":[0,0],"uv_size":[2,0]}}}],"name":"bone3","parent":"bone","pivot":[12.29089,12.60282,-10.55]}],"description":{"identifier":"geometry.tomatovines","texture_height":128,"texture_width":128,"visible_bounds_height":2.5,"visible_bounds_offset":[0,0.75,0],"visible_bounds_width":3}}]}