{"format_version":"1.12.0","minecraft:geometry":[{"bones":[{"cubes":[{"origin":[-1.475,-0.3,-1],"size":[3,1,2],"uv":[0,0]},{"origin":[-9,11,-9],"size":[18,1,3],"uv":[0,19]},{"inflate":0.025,"origin":[-9,11,-9],"size":[3,1,18],"uv":[0,0]},{"origin":[-9,11,6],"size":[18,1,3],"uv":[0,19]},{"inflate":0.025,"origin":[6,11,-9],"size":[3,1,18],"uv":[0,0]},{"mirror":true,"origin":[7,0,-1],"size":[1,22,2],"uv":[0,23]},{"origin":[-8,0,-1],"size":[1,22,2],"uv":[0,23]},{"mirror":true,"origin":[-1,0,7],"size":[2,22,1],"uv":[6,23]},{"origin":[-1,0,-8],"size":[2,22,1],"uv":[6,23]},{"inflate":0.025,"origin":[6,20,-9],"size":[3,1,18],"uv":[0,0]},{"inflate":0.025,"origin":[-9,20,-9],"size":[3,1,18],"uv":[0,0]},{"origin":[-9,20,6],"size":[18,1,3],"uv":[0,19]},{"origin":[-9,20,-9],"size":[18,1,3],"uv":[0,19]},{"mirror":true,"origin":[7,0,-8],"size":[1,22,1],"uv":[12,23]},{"origin":[-8,0,-8],"size":[1,22,1],"uv":[12,23]},{"mirror":true,"origin":[7,0,7],"size":[1,22,1],"uv":[12,23]},{"mirror":true,"origin":[7,0,7],"size":[1,22,1],"uv":[12,23]},{"origin":[-8,0,7],"size":[1,22,1],"uv":[12,23]},{"origin":[1.525,0.149,-1],"size":[2,0,2],"uv":[0,3]}],"name":"bb_main","pivot":[0,0,0]}],"description":{"identifier":"geometry.tomatoseedling","texture_height":64,"texture_width":64,"visible_bounds_height":2.5,"visible_bounds_offset":[0,0.75,0],"visible_bounds_width":3}}]}