{
	"resource_pack_name": "Endiorite V3.5",
	"texture_name": "atlas.items",
	"texture_data": {
		"slimy_helmet": {
			"textures": "textures/endioritemod/armor/slimy_helmet"
		},
		"travel_chestplate": {
			"textures": "textures/endioritemod/armor/travel_chestplate"
		},
		"travel_leggings": {
			"textures": "textures/endioritemod/armor/travel_leggings"
		},
		"travel_boots": {
			"textures": "textures/endioritemod/armor/travel_boots"
		},
		"amethyste_helmet": {
			"textures": "textures/endioritemod/armor/amethyste_helmet"
		},
		"amethyste_chestplate": {
			"textures": "textures/endioritemod/armor/amethyste_chestplate"
		},
		"amethyste_leggings": {
			"textures": "textures/endioritemod/armor/amethyste_leggings"
		},
		"amethyste_boots": {
			"textures": "textures/endioritemod/armor/amethyste_boots"
		},
		"titane_helmet": {
			"textures": "textures/endioritemod/armor/titane_helmet"
		},
		"titane_chestplate": {
			"textures": "textures/endioritemod/armor/titane_chestplate"
		},
		"titane_leggings": {
			"textures": "textures/endioritemod/armor/titane_leggings"
		},
		"titane_boots": {
			"textures": "textures/endioritemod/armor/titane_boots"
		},
		"palladium_helmet": {
			"textures": "textures/endioritemod/armor/palladium_helmet"
		},
		"palladium_chestplate": {
			"textures": "textures/endioritemod/armor/palladium_chestplate"
		},
		"palladium_leggings": {
			"textures": "textures/endioritemod/armor/palladium_leggings"
		},
		"palladium_boots": {
			"textures": "textures/endioritemod/armor/palladium_boots"
		},
		"greenpalladium_helmet": {
			"textures": "textures/endioritemod/armor/greenpalladium_helmet"
		},
		"greenpalladium_chestplate": {
			"textures": "textures/endioritemod/armor/greenpalladium_chestplate"
		},
		"greenpalladium_leggings": {
			"textures": "textures/endioritemod/armor/greenpalladium_leggings"
		},
		"greenpalladium_boots": {
			"textures": "textures/endioritemod/armor/greenpalladium_boots"
		},
		"endiorite_helmet": {
			"textures": "textures/endioritemod/armor/endiorite_helmet"
		},
		"endiorite_chestplate": {
			"textures": "textures/endioritemod/armor/endiorite_chestplate"
		},
		"endiorite_leggings": {
			"textures": "textures/endioritemod/armor/endiorite_leggings"
		},
		"endiorite_boots": {"textures": "textures/endioritemod/armor/endiorite_boots"},

		"amethyste_stick": {"textures": "textures/endioritemod/sticks/amethyste_stick"},
		"titane_stick": {"textures": "textures/endioritemod/sticks/titane_stick"},
		"palladium_stick": {"textures": "textures/endioritemod/sticks/palladium_stick"},

		"jump_stick": {"textures": "textures/endioritemod/sticks/jump_stick"},
		"speed_stick": {"textures": "textures/endioritemod/sticks/speed_stick"},
		"heal_stick": {"textures": "textures/endioritemod/sticks/heal_stick"},
		"strenght_stick": {"textures": "textures/endioritemod/sticks/strenght_stick"},
		"damage_stick": {"textures": "textures/endioritemod/sticks/damage_stick"},
		"stick_of_god": {"textures": "textures/endioritemod/sticks/stick_of_god"},

		"wing": {"textures": "textures/endioritemod/hangglider/wing"},
		"hangglider": {"textures": "textures/endioritemod/hangglider/hangglider"},

		"amethyste_ingot": {"textures": "textures/endioritemod/ore/amethyste_ingot"},
		"titane_ingot": {"textures": "textures/endioritemod/ore/titane_ingot"},
		"palladium_ingot": {"textures": "textures/endioritemod/ore/palladium_ingot"},
		"greenpalladium_ingot": {"textures": "textures/endioritemod/ore/greenpalladium_ingot"},
		"endiorite_ingot": {"textures": "textures/endioritemod/ore/endiorite_ingot"},
		"endiorite_nugget": {"textures": "textures/endioritemod/ore/endiorite_nugget"},
		"findium": {"textures": "textures/endioritemod/ore/findium"},
		"trixium_ingot": {"textures": "textures/endioritemod/ore/trixium"},

		"iron_particle": {"textures": "textures/endioritemod/ore/particle/particle_iron"},
		"gold_particle": {"textures": "textures/endioritemod/ore/particle/particle_gold"},
		"diamond_particle": {"textures": "textures/endioritemod/ore/particle/particle_diamond"},
		"amethyste_particle": {"textures": "textures/endioritemod/ore/particle/particle_amethyste"},
		"titane_particle": {"textures": "textures/endioritemod/ore/particle/particle_titane"},
		"palladium_particle": {"textures": "textures/endioritemod/ore/particle/particle_palladium"},

		"palladium_apple": {"textures": "textures/endioritemod/food/palladium_apple"},

		"magical_tool": {"textures": "textures/endioritemod/tools/magical_tool"},
		"voidstone": {"textures": "textures/endioritemod/utils/voidstone"},
		"voidstone_minage": {"textures": "textures/endioritemod/utils/voidstone_minage"},
		"potion_launcher": {"textures": "textures/endioritemod/utils/potion_launcher"},

		"amethyste_sword": {"textures": "textures/endioritemod/swords/basic/amethyste_sword"},
		"titane_sword": {"textures": "textures/endioritemod/swords/basic/titane_sword"},
		"palladium_sword": {"textures": "textures/endioritemod/swords/basic/palladium_sword"},
		"greenpalladium_sword": {"textures": "textures/endioritemod/swords/basic/greenpalladium_sword"},
		"endiorite_sword": {"textures": "textures/endioritemod/swords/basic/endiorite_sword"},
		"InfernalKnocker": {"textures": "textures/endioritemod/swords/InfernalKnocker"},

		"amethyste_fastsword": {"textures": "textures/endioritemod/swords/fastsword/amethyste_fastsword"},
		"titane_fastsword": {"textures": "textures/endioritemod/swords/fastsword/titane_fastsword"},
		"palladium_fastsword": {"textures": "textures/endioritemod/swords/fastsword/palladium_fastsword"},

		"amethyste_broadsword": {"textures": "textures/endioritemod/swords/broadsword/amethyste_broadsword"},
		"titane_broadsword": {"textures": "textures/endioritemod/swords/broadsword/titane_broadsword"},
		"palladium_broadsword": {"textures": "textures/endioritemod/swords/broadsword/palladium_broadsword"},

		"backpack": {"textures": "textures/endioritemod/backpack/backpack"},
		"amethyste_backpack": {"textures": "textures/endioritemod/backpack/amethyste_backpack"},
		"titane_backpack": {"textures": "textures/endioritemod/backpack/titane_backpack"},
		"palladium_backpack": {"textures": "textures/endioritemod/backpack/palladium_backpack"},
		"endiorite_backpack": {"textures": "textures/endioritemod/backpack/endiorite_backpack"},

		"pickaxeofgod_1": {"textures": "textures/endioritemod/pickaxeofgod/pickaxegod_1"},
		"pickaxeofgod_2": {"textures": "textures/endioritemod/pickaxeofgod/pickaxegod_2"},
		"pickaxeofgod_3": {"textures": "textures/endioritemod/pickaxeofgod/pickaxegod_3"},
		"pickaxeofgod_4": {"textures": "textures/endioritemod/pickaxeofgod/pickaxegod_4"},
		"pickaxeofgod_5": {"textures": "textures/endioritemod/pickaxeofgod/pickaxegod_5"},
		"pickaxeofgod_6": {"textures": "textures/endioritemod/pickaxeofgod/pickaxegod_6"},
		"pickaxeofgod_7": {"textures": "textures/endioritemod/pickaxeofgod/pickaxegod_7"},
		"pickaxeofgod_8": {"textures": "textures/endioritemod/pickaxeofgod/pickaxegod_8"},
		"pickaxeofgod_9": {"textures": "textures/endioritemod/pickaxeofgod/pickaxegod_9"},
		"pickaxeofgod_10": {"textures": "textures/endioritemod/pickaxeofgod/pickaxegod_10"},
		"pickaxeofgod_11": {"textures": "textures/endioritemod/pickaxeofgod/pickaxegod_11"},
		"pickaxeofgod_12": {"textures": "textures/endioritemod/pickaxeofgod/pickaxegod_12"},
		"pickaxeofgod_13": {"textures": "textures/endioritemod/pickaxeofgod/pickaxegod_13"},
		"pickaxeofgod_14": {"textures": "textures/endioritemod/pickaxeofgod/pickaxegod_14"},
		"pickaxeofgod_15": {"textures": "textures/endioritemod/pickaxeofgod/pickaxegod_15"},
		"pickaxeofgod_16": {"textures": "textures/endioritemod/pickaxeofgod/pickaxegod_16"},
		"pickaxeofgod_17": {"textures": "textures/endioritemod/pickaxeofgod/pickaxegod_17"},
		"pickaxeofgod_18": {"textures": "textures/endioritemod/pickaxeofgod/pickaxegod_18"},
		"pickaxeofgod_19": {"textures": "textures/endioritemod/pickaxeofgod/pickaxegod_19"},
		"pickaxeofgod_20": {"textures": "textures/endioritemod/pickaxeofgod/pickaxegod_20"},

		"dynamite": {"textures": "textures/endioritemod/dynamite/dynamite"},
		"dynamite_big": {"textures": "textures/endioritemod/dynamite/dynamite_big"},
		"dynamite_ninja": {"textures": "textures/endioritemod/dynamite/dynamite_ninja"},
		"dynamite_endiorite": {"textures": "textures/endioritemod/dynamite/dynamite_endiorite"},

		"amethyste_pickaxe": {"textures": "textures/endioritemod/tools/amethyste_pickaxe"},
		"titane_pickaxe": {"textures": "textures/endioritemod/tools/titane_pickaxe"},
		"palladium_pickaxe": {"textures": "textures/endioritemod/tools/palladium_pickaxe"},
		"greenpalladium_pickaxe": {"textures": "textures/endioritemod/tools/greenpalladium_pickaxe"},
		"endiorite_pickaxe": {"textures": "textures/endioritemod/tools/endiorite_pickaxe"},
		"hood_helmet": {"textures": "textures/endioritemod/armor/hood_helmet"},
		"scuba_helmet": {"textures": "textures/endioritemod/armor/scuba_helmet"},

		"diamond_string": {"textures": "textures/endioritemod/utils/diamond_string"},
		"palladium_core": {"textures": "textures/endioritemod/utils/palladium_core"},

		"cash_item": {"textures": "textures/endioritemod/utils/cash"},
			"custom_bucket": {"textures": "textures/endioritemod/utils/custom_bucket"},

		"cb_titane_upgrade": {"textures": "textures/endioritemod/utils/cobblebreaker_titane_upgrade"},
		"cb_amethyste_upgrade": {"textures": "textures/endioritemod/utils/cobblebreaker_amethyste_upgrade"},
		"cb_palladium_upgrade": {"textures": "textures/endioritemod/utils/cobblebreaker_palladium_upgrade"},
		
		"unclaim_finder": {"textures": "textures/endioritemod/unclaimfinder/unclaimFinder"},
		"unclaim_finderOrange": {"textures": "textures/endioritemod/unclaimfinder/unclaimFinder_orange"},
		"unclaim_finderRed": {"textures": "textures/endioritemod/unclaimfinder/unclaimFinder_red"},

		"amethyste_hammer": {"textures": "textures/endioritemod/hammer/amethyste_hammer"},
		"titane_hammer": {"textures": "textures/endioritemod/hammer/titane_hammer"},
		"palladium_hammer": {"textures": "textures/endioritemod/hammer/palladium_hammer"},
		 
		"eggplants": {"textures": "textures/endioritemod/fruit/eggplants"},
		"chervil": {"textures": "textures/endioritemod/fruit/chervil"},
		"kiwano": {"textures": "textures/endioritemod/fruit/kiwano"},
		"orangeblue": {"textures": "textures/endioritemod/fruit/orangeblue"},

		"eggplantseed": {"textures": "textures/endioritemod/seeds/eggplant"},
		"chervilseed": {"textures": "textures/endioritemod/seeds/chervil"},
		"kiwanoseed": {"textures": "textures/endioritemod/seeds/kiwano"},
		"orangeblueseed": {"textures": "textures/endioritemod/seeds/orangeblue"},

		"goldMixedCoal": {"textures": "textures/endioritemod/mixedCoal/goldMixedCoal"},
		"amethysteMixedCoal": {"textures": "textures/endioritemod/mixedCoal/amethysteMixedCoal"},
		"titaneMixedCoal": {"textures": "textures/endioritemod/mixedCoal/titaneMixedCoal"},
		"pallaMixedCoal": {"textures": "textures/endioritemod/mixedCoal/pallaMixedCoal"},

		"compressed_palladium": {"textures": "textures/endioritemod/ore/compressed_palladium"},
		"compressed_titane": {"textures": "textures/endioritemod/ore/compressed_titane"},
		"compressed_amethyste": {"textures": "textures/endioritemod/ore/compressed_amethyste"},

		"orb_heal": {"textures": "textures/endioritemod/orbe/orb_heal"},
		"orb_jump": {"textures": "textures/endioritemod/orbe/orb_jump"},
		"orb_knockback": {"textures": "textures/endioritemod/orbe/orb_knockback"},
		"orb_speed": {"textures": "textures/endioritemod/orbe/orb_speed"},
		"orb_strenght": {"textures": "textures/endioritemod/orbe/orb_strenght"},
		
		"patern_axe": {"textures": "textures/endioritemod/patern/axe"},
		"patern_broadsword": {"textures": "textures/endioritemod/patern/broadsword"},
		"patern_fastsword": {"textures": "textures/endioritemod/patern/fastsword"},
		"patern_hammer": {"textures": "textures/endioritemod/patern/hammer"},
		"patern_pickaxe": {"textures": "textures/endioritemod/patern/pickaxe"},
		"patern_shovel": {"textures": "textures/endioritemod/patern/shovel"},
		"patern_sword": {"textures": "textures/endioritemod/patern/sword"},
		"patern_block": {"textures": "textures/endioritemod/patern/block"},
		"patern_item": {"textures": "textures/endioritemod/patern/ingot"},
		"socket": {"textures": "textures/endioritemod/patern/socket"},

		"head_axe": {"textures": "textures/endioritemod/toolpart/head_axe"},
		"head_broadsword": {"textures": "textures/endioritemod/toolpart/head_broadsword"},
		"head_fastsword": {"textures": "textures/endioritemod/toolpart/head_fastsword"},
		"head_hammer": {"textures": "textures/endioritemod/toolpart/head_hammer"},
		"head_pickaxe": {"textures": "textures/endioritemod/toolpart/head_pickaxe"},
		"head_shovel": {"textures": "textures/endioritemod/toolpart/head_shovel"},
		"head_sword": {"textures": "textures/endioritemod/toolpart/head_sword"},

		"fortune": {"textures": "textures/endioritemod/modifiers/fortune"},
		"smelt": {"textures": "textures/endioritemod/modifiers/smelt"},
		"speed": {"textures": "textures/endioritemod/modifiers/speed"},

		"amethyste_shovel": {"textures": "textures/endioritemod/tools/amethyste_shovel"},
		"titane_shovel": {"textures": "textures/endioritemod/tools/titane_axe"},
		"palladium_shovel": {"textures": "textures/endioritemod/tools/palladium_shovel"},

		"amethyste_axe": {"textures": "textures/endioritemod/tools/amethyste_axe"},
		"titane_axe": {"textures": "textures/endioritemod/tools/titane_axe"},
		"palladium_axe": {"textures": "textures/endioritemod/tools/palladium_axe"},

		"seed_planter_1" : {"textures": "textures/endioritemod/seedplanter/seedplanter_lvl1"},
		"seed_planter_2" : {"textures": "textures/endioritemod/seedplanter/seedplanter_lvl2"},
		"seed_planter_3" : {"textures": "textures/endioritemod/seedplanter/seedplanter_lvl3"},
		"seed_planter_4" : {"textures": "textures/endioritemod/seedplanter/seedplanter_lvl4"},

		"totemoffertility_item" : {"textures": "textures/endioritemod/utils/totemoffertility_item"}
	}
}