{
    "resource_pack_name": "vanilla",
    "texture_name": "atlas.items",
    "texture_data": {
        "lb_wand": {
            "textures": "textures/items/lb_wand"
        },
        "healing_wand": {
            "textures": "textures/items/healing_wand"
        },
        "gravity_wand": {
            "textures": "textures/items/gravity_wand"
        },
        "fire_wand": {
            "textures": "textures/items/fire_wand"
        },
        "hot_wand": {
            "textures": "textures/items/hot_wand"
        },
        "bubble_wand": {
            "textures": "textures/items/bubble_wand"
        },
        "stun_bow": {
            "textures": "textures/items/stun_bow"
        },
        "shooter_bow": {
            "textures": "textures/items/shooter_bow"
        },
        "homing_bow": {
            "textures": "textures/items/homing_bow"
        }
    }
}