{"acacia_door":{"blockshape":"door"},"acacia_stairs":{"blockshape":"stairs"},"andesite":{"blockshape":"block"},"basalt":{"blockshape":"block"},"bedrock":{"blockshape":"block"},"birch_door":{"blockshape":"door"},"birch_stairs":{"blockshape":"stairs"},"black_glazed_terracotta":{"blockshape":"terracotta"},"blue_glazed_terracotta":{"blockshape":"terracotta"},"bookshelf":{"blockshape":"block"},"brick_block":{"blockshape":"block"},"brick_stairs":{"blockshape":"stairs"},"brown_glazed_terracotta":{"blockshape":"terracotta"},"carpet":{"blockshape":"block"},"clay":{"blockshape":"block"},"coal_block":{"blockshape":"block"},"coal_ore":{"blockshape":"block"},"cobblestone":{"blockshape":"block"},"concrete":{"blockshape":"block"},"concretePowder":{"blockshape":"block"},"crafting_table":{"blockshape":"block"},"cyan_glazed_terracotta":{"blockshape":"terracotta"},"dark_oak_door":{"blockshape":"door"},"dark_oak_stairs":{"blockshape":"stairs"},"deepslate":{"blockshape":"block"},"diamond_block":{"blockshape":"block"},"diamond_ore":{"blockshape":"block"},"diorite":{"blockshape":"block"},"dirt":{"blockshape":"block"},"dispenser":{"blockshape":"block"},"double_stone_slab":{"blockshape":"block"},"double_stone_slab2":{"blockshape":"block"},"double_wooden_slab":{"blockshape":"block"},"dropper":{"blockshape":"block"},"emerald_block":{"blockshape":"block"},"emerald_ore":{"blockshape":"block"},"end_bricks":{"blockshape":"block"},"end_stone":{"blockshape":"block"},"flowing_lava":{"blockshape":"water"},"flowing_water":{"blockshape":"water"},"frosted_ice":{"blockshape":"block"},"glowingobsidian":{"blockshape":"block"},"glowstone":{"blockshape":"block"},"gold_block":{"blockshape":"block"},"gold_ore":{"blockshape":"block"},"granite":{"blockshape":"block"},"grass":{"blockshape":"block"},"grass_path":{"blockshape":"block"},"gravel":{"blockshape":"block"},"gray_glazed_terracotta":{"blockshape":"terracotta"},"green_glazed_terracotta":{"blockshape":"terracotta"},"hardened_clay":{"blockshape":"block"},"hay_block":{"blockshape":"tree"},"ice":{"blockshape":"block"},"iron_block":{"blockshape":"block"},"iron_door":{"blockshape":"door"},"iron_ore":{"blockshape":"block"},"iron_trapdoor":{"blockshape":"block_half"},"jungle_door":{"blockshape":"door"},"jungle_stairs":{"blockshape":"stairs"},"lapis_block":{"blockshape":"block"},"lapis_ore":{"blockshape":"block"},"lava":{"blockshape":"water"},"leaves":{"blockshape":"block"},"leaves2":{"blockshape":"block"},"light_blue_glazed_terracotta":{"blockshape":"terracotta"},"lime_glazed_terracotta":{"blockshape":"terracotta"},"lit_redstone_ore":{"blockshape":"block"},"log":{"blockshape":"tree"},"log2":{"blockshape":"tree"},"magenta_glazed_terracotta":{"blockshape":"terracotta"},"mob_spawner":{"blockshape":"block"},"mossy_cobblestone":{"blockshape":"block"},"mycelium":{"blockshape":"block"},"nether_brick":{"blockshape":"block"},"nether_brick_stairs":{"blockshape":"stairs"},"netherrack":{"blockshape":"block"},"noteblock":{"blockshape":"block"},"oak_stairs":{"blockshape":"stairs"},"obsidian":{"blockshape":"block"},"orange_glazed_terracotta":{"blockshape":"terracotta"},"packed_ice":{"blockshape":"block"},"pink_glazed_terracotta":{"blockshape":"terracotta"},"planks":{"blockshape":"block"},"podzol":{"blockshape":"block"},"portal":{"blockshape":"block"},"purple_glazed_terracotta":{"blockshape":"terracotta"},"purpur_block":{"blockshape":"tree"},"purpur_stairs":{"blockshape":"stairs"},"quartz_block":{"blockshape":"tree"},"quartz_ore":{"blockshape":"block"},"quartz_stairs":{"blockshape":"stairs"},"red_glazed_terracotta":{"blockshape":"terracotta"},"red_sandstone":{"blockshape":"block"},"red_sandstone_stairs":{"blockshape":"stairs"},"redstone_block":{"blockshape":"block"},"redstone_ore":{"blockshape":"block"},"sand":{"blockshape":"block"},"sandstone":{"blockshape":"block"},"sandstone_stairs":{"blockshape":"stairs"},"silver_glazed_terracotta":{"blockshape":"terracotta"},"slime":{"blockshape":"slime_block"},"snow":{"blockshape":"block"},"snow_layer":{"blockshape":"top_snow"},"soul_sand":{"blockshape":"block"},"soul_soil":{"blockshape":"block"},"spruce_door":{"blockshape":"door"},"spruce_stairs":{"blockshape":"stairs"},"stained_glass":{"blockshape":"block"},"stained_hardened_clay":{"blockshape":"block"},"sticky_piston":{"blockshape":"piston"},"stone":{"blockshape":"block"},"stone_brick_stairs":{"blockshape":"stairs"},"stone_pressure_plate":{"blockshape":"block"},"stone_slab":{"blockshape":"block_half"},"stone_slab2":{"blockshape":"block_half"},"stone_stairs":{"blockshape":"stairs"},"stonebrick":{"blockshape":"block"},"trapdoor":{"blockshape":"block_half"},"trapped_chest":{"blockshape":"chest"},"tuff":{"blockshape":"block"},"water":{"blockshape":"water"},"white_glazed_terracotta":{"blockshape":"terracotta"},"wooden_door":{"blockshape":"door"},"wooden_pressure_plate":{"blockshape":"block"},"wooden_slab":{"blockshape":"block_half"},"wool":{"blockshape":"block"},"yellow_glazed_terracotta":{"blockshape":"terracotta"}}