{"version":1,"content":[{"path":"blocks.json","key":"xnxDmC3u96GXSqXjh3xVvTnQAjUTQOet"},{"path":"manifest.json"},{"path":"pack_icon.png"},{"path":"animations/animation.jackhammer.json","key":"rwouXPxyVJq9LT8HkMtUUJXTBjWKLl2W"},{"path":"animations/animation.shepherd.json","key":"oSgkU2hytd6vtBaWZt1EyTEXGrsVvkLd"},{"path":"animations/become_creeper.animation.json","key":"1o0ZE7js1jH0PC84RMqh0D7Jg36mge2D"},{"path":"animations/become_creeper_dlc.animation.json","key":"6hj2oCUvz8TcQDBpuG7vcQD9ji49Roiu"},{"path":"animations/bedwars_statue.animation.json","key":"xGUX9GGxzdBYZobXr2yHKYOJo1W2PShN"},{"path":"animations/creative_statue.json","key":"iOKC5NX2Qm6xMyg2myovWzqkdVheeP04"},{"path":"animations/fantasy_dragon.animation.json","key":"IGXDNFCfWvHUKKMUtjJzJkRDQqvXdASJ"},{"path":"animations/grid_oriented.json","key":"QHR2o3n9k3TATOg57L0GbOid6z6QXMdz"},{"path":"animations/jeep.animation.json","key":"KK6lqyeT335iX1avNuTAsZoTdsKFm2ql"},{"path":"animations/kid_dragon_fantasy.animation.json","key":"1NFtX91HnIxmTUnUU1nZRqajbWPeuEJq"},{"path":"animations/oneblock.animation.json","key":"fCch85YyYsXKG9DcVGdNec2vA2x8aKXB"},{"path":"animations/prison_statue.json","key":"dE7HMRODDVbiVoY2Xji5pLVmrG7DKiX2"},{"path":"animations/skyblock.animation.json","key":"M4Mx3JCgSMYJQcBpucw2CXyMfhHHw0NE"},{"path":"animations/sm_statue.animation.json","key":"hwYSm7uIr2AA6r5q3EJUEWDKDQqUqaOQ"},{"path":"animations/spinner.animation.json","key":"C1rv54MPali2fRnoYBITUbWrnMtmrOWM"},{"path":"animations/thors_hammer.json","key":"1XmuvE51EQ4U9daPsIbsOlI528WX1LuR"},{"path":"animations/unicorn.animation.json","key":"DnYlMqVOdSOw4Y8bWq3N9UZBL4juCDvA"},{"path":"animations/villager_zombie.json","key":"31Ipf3Be5HkYu5cW1quYGQmUJ10sUtSe"},{"path":"animations/za_statue.json","key":"SFZc3nirKstdbsVtrCFIG0ATSU3PPm48"},{"path":"animation_controllers/transformer_controller.json","key":"Ez0tTvolSTMAAhSM12ipaTiZ5GneGJVc"},{"path":"attachables/auto_sell_backpack_attachable.json","key":"xwtoS487BZbUxqwVKpoBXxj0Sl4SRyMr"},{"path":"attachables/shepherd_officer.json","key":"YCIuTQql5LexGBYzbyIkuOKMDAg0BJLu"},{"path":"attachables/sm_ender_backpack.json","key":"rm4ajQrOxZ4BIKMs2CFs8X5dwmFgnqcn"},{"path":"attachables/thors_hammer.json","key":"MdLXl3AcJdFNxw6jcXHEul4JCLoEyIbF"},{"path":"entity/alarm_entity.json","key":"ySDTa38PiCi2xg9Z1hYsmrAlB3VSjcWe"},{"path":"entity/become_creeper.json","key":"RQdGkkLFwDYrFXBalVEXTimSMfmDtzRt"},{"path":"entity/become_creeper_dlc.json","key":"ukVWttzpBm72soRdSGYavE5sN0O2MhFs"},{"path":"entity/bedwars_statue.json","key":"cWBa7QkWgTL9xEBvSItLTumSa2JwnIvF"},{"path":"entity/cats_officer.json","key":"hrnTwdzoICg4JssjYJgvMqyqkD2oKTsC"},{"path":"entity/craftable_dragons1.json","key":"Qb0sPValxHynYZ2AHhtzdwCafvF3oDqw"},{"path":"entity/craftable_dragons2.json","key":"NDeENB9KP9vVMrVaiukPnsGPLbLLehdy"},{"path":"entity/creative_statue.json","key":"OaBLO8n6gz0sljg9OqDp5z1fybyyB5yo"},{"path":"entity/ctf_flag.json","key":"qoKMDFbe3l53ZVnKAxmEhfqkNJEXgfSx"},{"path":"entity/ctf_statue.json","key":"26hxD6zRuTDZqKKZdOyN49fPjcwetUfI"},{"path":"entity/golems_plus.json","key":"dR7ztWQRsGNRROzCl4iNlZoFvr910crY"},{"path":"entity/golems_plus2.json","key":"ZAjnAHelYtxNpG42sLD0H5KJdEZu2hhC"},{"path":"entity/golems_plus3.json","key":"iiEhLmeSOEp3o5CeBZyLYZe8z5o8p6Di"},{"path":"entity/jackhammer_entity.json","key":"itRysZMCEXwBiBuODrzG5p2fxiD3ImAX"},{"path":"entity/jeep.json","key":"Npr6nsLBxxSxxzNcJPsqLXVxmBSEB1id"},{"path":"entity/mine_entity.json","key":"oeBcKp78gTHzv5V2cmBLOgNlZSVDBA40"},{"path":"entity/oic.json","key":"LBvPJC2OH4E1GEnUZtQjKMLPzbHCFBHt"},{"path":"entity/one_block.json","key":"qE4zuYsQmXUSud8jCkxWik0dDnohqP2b"},{"path":"entity/prison_statue.json","key":"RHGNAMPb0CzNDwDQg40sxnhqKlU4vKDi"},{"path":"entity/sg_statue.json","key":"R0Uje7mkeU15bpmHmVjIxPMSkNTPLx0X"},{"path":"entity/shepherd.json","key":"pLBaKRNeymR7XQWians8fMpVMpc0rNdU"},{"path":"entity/skyblock.json","key":"QlENTDBbCpm7fJcVHaAnaZJiA7GXhAzV"},{"path":"entity/sm_statue.json","key":"ZNbqEkgiFS6nZX3bhEzfgLVB4z3VRPWw"},{"path":"entity/za_statue.json","key":"vyvB7xreStCJd3IrVJKcU5JeWRAqL5K6"},{"path":"fogs/red_fog.json","key":"wD3NIChgUrflIcIaSFuSw7xLMQexoURg"},{"path":"items/auto_sell_backpack_item.json","key":"24NzkBWVELa1FcboVMoiWHQx3xA7utyk"},{"path":"items/ender backpack.json","key":"UklCmOr4NZusb6SeVu40j9ERiBlRRnxf"},{"path":"materials/entity.material","key":"t0wsoMfWxPn0begncNUAkfExokXGuk3E"},{"path":"render_controllers/default.render_controllers.json","key":"kFLTWWqNmJdss9cBewQ5s514EMyfr5xq"},{"path":"render_controllers/pumpkin.render_controllers.json","key":"hZCscHg0zdQQ91zKFDoxJkQil99ee8hV"},{"path":"render_controllers/transformer.render_controllers.json","key":"Lft0CVkK4SFMN5lDM98CPmXMhCuwj8Q4"},{"path":"texts/en_US.lang","key":"TzaCJZ2wJU6CYVYpBAiz0CBDyfcUnwI5"},{"path":"texts/languages.json","key":"JakrEoH5HDKLVtsVsSMMDuKN0q8JcjTX"},{"path":"textures/item_texture.json","key":"WOUP062LKqsdUYnIEAiUMGp8OuvBG9ED"},{"path":"textures/textya.png","key":"erzMYjrNWepvLPgouLPTtOZXFONw6vR2"},{"path":"models/entity/alarm_entity.json"},{"path":"models/entity/auto_sell_backpack_geo.json"},{"path":"models/entity/become_creeper.json"},{"path":"models/entity/become_creeper_dlc.json"},{"path":"models/entity/bedwars_statue.json"},{"path":"models/entity/cats_officer.json"},{"path":"models/entity/creative_statue.json"},{"path":"models/entity/ctf_flag.json"},{"path":"models/entity/ctf_statue.json"},{"path":"models/entity/fantasy_dragon.json"},{"path":"models/entity/fantasy_dragon_kid.json"},{"path":"models/entity/jackhammer_entity.json"},{"path":"models/entity/jeep.json"},{"path":"models/entity/jeep_robot.json"},{"path":"models/entity/mine_entity.json"},{"path":"models/entity/oic.geo.json"},{"path":"models/entity/oneblock.geo.json"},{"path":"models/entity/prison_statue.json"},{"path":"models/entity/sg_statue.json"},{"path":"models/entity/shepherd.json"},{"path":"models/entity/shepherd_officer.json"},{"path":"models/entity/skyblock.geo.json"},{"path":"models/entity/sm_ender_backpack.json"},{"path":"models/entity/sm_statue.json"},{"path":"models/entity/thors_hammer.json"},{"path":"models/entity/za_statue.json"},{"path":"textures/entity/alarm_entity.png","key":"XcL7E1nEXL9tSvBonYeUENtt8OLI4HPL"},{"path":"textures/entity/artic_survival.png","key":"TqtsPFcjO2dVQplWAUB2Xn5Boo7w3xsD"},{"path":"textures/entity/auto_sell_backpack_texture.png","key":"vdWSzF5T5UemrX1Nr1xzph49JFQXu7SJ"},{"path":"textures/entity/become_creeper.png","key":"Q20jAKC1AItjLWZhObSQ7VINp8HOkqxE"},{"path":"textures/entity/become_creeper_dlc.png","key":"FEf8cmiysqTsBE5TcHdTRYamsdILhlN4"},{"path":"textures/entity/bedwars_statue.png","key":"ZH5ubHVhv31cuj8Jvv1V6KMUuCVrWlsg"},{"path":"textures/entity/charter_business.png","key":"6Kcf0GxwosJR5VSHydpkQFTBoHAly5fE"},{"path":"textures/entity/corgy_officer.png","key":"78260ElPFNnRBgvRcOhJm5H0JXPDvw5H"},{"path":"textures/entity/creative_statue.png","key":"6Z1eTj8wwtBeoval2GAfIPLAefNqweLX"},{"path":"textures/entity/ctf_flag.png","key":"SrzqpbDQvsoNqm185EWWeZu1cyYnMPar"},{"path":"textures/entity/ctf_statue.png","key":"r0Enici8lh8eSjTa5obbDW1DJ8Lvw2Dz"},{"path":"textures/entity/diamond_golem.png","key":"tdFxI3cjjQyxzcv8SVywlWCR7C26k0QE"},{"path":"textures/entity/dragon1.png","key":"WOdNFLVDxiUSiqaoTEEXjoPriHX8IrTH"},{"path":"textures/entity/dragon2.png","key":"9P31VjPykPQ7q3fvMMkeZ9Xd24WMUT6t"},{"path":"textures/entity/falcon_officer.png","key":"IdaqoDulG34YKcYlksOQw6E8upFdG6g2"},{"path":"textures/entity/ice_golem.png","key":"N2vPq4nr40QmUaKo0q0Gu3JoVdHZDa4l"},{"path":"textures/entity/jackhammer_entity.png","key":"dPp54tYOFxd1zv3CdmjgBrbRiscKSAma"},{"path":"textures/entity/jeep.png","key":"IPdVH655Mng9pYVvCjRy00aWh1T8zJzd"},{"path":"textures/entity/mine_entity.png","key":"eSBhsZRekV7bdWmrO80OREmWhufKrGlJ"},{"path":"textures/entity/oic.png","key":"qx2wW6x6F3mrS5GPAi0ALCdpeUR1or0J"},{"path":"textures/entity/one_block.png","key":"31cBpLLtLZyrxPP6L0MpCvLB0cWj0QO9"},{"path":"textures/entity/prison_statue.png","key":"tJz5LWRtc3meQTD81LxNUjEkeobSJd2l"},{"path":"textures/entity/redstone_golem.png","key":"0KqPxOGaMSFmudGUqGwAtpc7WejhNDaS"},{"path":"textures/entity/sg_statue.png","key":"2BnHkFBJWu8hR986rAw3NQdhTsurleO0"},{"path":"textures/entity/shepherd.png","key":"hAFSAWnu68ICAnII56Dn83rvtuDEw74k"},{"path":"textures/entity/skyblock.png","key":"5Z2pfz0C8qEFHGX1ezSyq6C8UBI0mN4x"},{"path":"textures/entity/sm_ender_backpack.png","key":"P0sjw1Gie9dU3dX3sitgfuo6t405ob1a"},{"path":"textures/entity/sm_statue.png","key":"AwB3VekFTAEpRpC58OwePGk13njMC8OS"},{"path":"textures/entity/za_statue.png","key":"qm28fSXzN5yyvZCm7AXAZhVR3VNoNb5p"},{"path":"textures/items/alarm.png","key":"3PrD4Iz5BZv6epEOMqUNN8DhAsRqhZcf"},{"path":"textures/items/alarm_shop.png","key":"Tp4YNQvktGCJSoz197wvxi63D165XegM"},{"path":"textures/items/auto_sell_backpack_hr.png","key":"ukK4Iimke8TuSdwss5RpZfgqgOAFry9p"},{"path":"textures/items/bedrock_pickaxe.png","key":"jFwyw8qkl3B13CcmgFyNkcuWva58fwgL"},{"path":"textures/items/creeper_pickaxe.png","key":"C5WfweW0mxKmggJDBfyijFHDJsrS1QzE"},{"path":"textures/items/duplication_pickaxe.png","key":"8yIe5fQaGYHrOxqMVAU3wwdG4cxbgFq7"},{"path":"textures/items/ground_mine.png","key":"4maqQi3RSvSae28iJj2M06GSESLAc5S3"},{"path":"textures/items/hacker_pickaxe.png","key":"zniZSXHCBJAHCjgIJaTyXAZEuTlX0M4J"},{"path":"textures/items/iron_hammer.png","key":"rhxBwUDx6VI78TFY2i9To4WOP7PLnm1p"},{"path":"textures/items/jack_hammer.png","key":"y3BL6DmEIzdhAdEdzWq0CyKcO2KVtdKq"},{"path":"textures/items/mine_shop.png","key":"cf7rYsCGsesVW8Ozg8BuVMKlhQ6e5OVM"},{"path":"textures/items/sm_ender_backpack_item.png","key":"Zh880QVQxBaMawa4IqukNnDCz36kO5N6"},{"path":"textures/items/sm_ender_backpack_item_b.png","key":"2jaWD0dZApbpPKsEVRHEx51s9YYkcspB"},{"path":"textures/items/thors_hammer.png","key":"iFTUxUNcs93nvJoeK4WZovRklBT7KUFY"},{"path":"textures/items/tnt_pickaxe.png","key":"QSEAVYErGiRUjkUEM7WIfoyoZxPSeJiG"},{"path":"signatures.json","key":"RkSLfLFcXEDOvzfCTWTs4KEOlhQ3tXx0"}]}