[{"hash":"fHi4u4g2c+EEkhTvjlre8oIx314npda5ITMCH0TiFWs=","path":"manifest.json"},{"hash":"ag39u5CszHyCiUl0LKaKS02CTSYWIvl5Kfnq5AoZqfY=","path":"pack_icon.png"},{"hash":"NBqKj2xK3TvUXxC4YuSiUd8PvlYnR+29P3hSh8u+/Vo=","path":"models/entity/alarm_entity.json"},{"hash":"TLcmJfgfQV04w9iDS49d9chP3e/+8XS4vpgm66kdjjo=","path":"models/entity/auto_sell_backpack_geo.json"},{"hash":"k6fxx4tZCIpVpVWVYe0WofPbU5/tbXHULYZQBgD4vdc=","path":"models/entity/become_creeper.json"},{"hash":"fY6hHygtH+FZjH72ueQLp6wKtyrMDl9/xm/DMJxFofk=","path":"models/entity/become_creeper_dlc.json"},{"hash":"RUpqDy6k8R4v94nkoQYkTu8JoO3XrLQmp7JMen6nuB8=","path":"models/entity/bedwars_statue.json"},{"hash":"2grIaeVLL9ISRhva+cz7SUd7EMHZtkQ0V6CLdp4siu0=","path":"models/entity/cats_officer.json"},{"hash":"m+dZYxnMs8gtbYXCH3Pjlc4B9S1pt2KefA1AG7rgSXM=","path":"models/entity/creative_statue.json"},{"hash":"bRdRiO7XQiMuywG2s/9llNy9dGgSjwlC8/enTvvDSUo=","path":"models/entity/ctf_flag.json"},{"hash":"SvLJEKNLXS8+bgMMeXDIv4+KIh+x9JvIqWjwRXCQY44=","path":"models/entity/ctf_statue.json"},{"hash":"RuBvLysIaBqhXTzHV8RICpEFVMcWyRzZBrOO8OcYWbQ=","path":"models/entity/fantasy_dragon.json"},{"hash":"sn38amZmZgM0jblMI9LdrQadTG8ByBGMjiKfxGqJXyI=","path":"models/entity/fantasy_dragon_kid.json"},{"hash":"qcxp8P0N2Cyy5GlxQac8gdBLh5B0CVc5nGaaWWfKhRM=","path":"models/entity/jackhammer_entity.json"},{"hash":"pG6FDT+8W1n59fytSXhFrl35N/RciD6sNAejlQoyjrg=","path":"models/entity/jeep.json"},{"hash":"g7lGaig5lIX6RZvMIuyoxTyov3lgBJL0T9bVHNPTgEY=","path":"models/entity/jeep_robot.json"},{"hash":"BjiC6ZpYMjPSANK9hBhwsqkkdfQY4ulvNlYBHRDgSkE=","path":"models/entity/mine_entity.json"},{"hash":"NNilWlxXUlZEg94xjDhXHOEVRpuiQ+RxItnulM0rvcE=","path":"models/entity/oic.geo.json"},{"hash":"XacjzjYwdm/khxkKgHn892DOozSKbJnuebmzud2KyqQ=","path":"models/entity/oneblock.geo.json"},{"hash":"JY467D8qAvHZDByDaBIQxpnpChiKKuq2tZlAl3dx+54=","path":"models/entity/prison_statue.json"},{"hash":"lFVNMFFoemExgf35KAE2Qox2uFacEaO8l7oezyopcWk=","path":"models/entity/sg_statue.json"},{"hash":"VRAniN2MiJ4GjIWY/24ZkWnrAs76uKOsD+egI8p3e6U=","path":"models/entity/shepherd.json"},{"hash":"vowbNGLDJbS8F74XbaEPXhhLhPV7cSB/LyO08JMZTQU=","path":"models/entity/shepherd_officer.json"},{"hash":"y+eWkbtrLc1BWqMQ6bbZDYnGULkIYEqqBqZXzhQd5mY=","path":"models/entity/skyblock.geo.json"},{"hash":"ex1RFlBM1fy0gteQo0OPSVUhyAYwNT9s9r4DVo3LmOs=","path":"models/entity/sm_ender_backpack.json"},{"hash":"3eokF4hhTJ1/Z22g06csuH9GHrwopVYrvKnzg9q/tOw=","path":"models/entity/sm_statue.json"},{"hash":"NB6kgH8sIFfj+yqpQgQf52PZKdNLK/U6hh3wgV9pG7k=","path":"models/entity/thors_hammer.json"},{"hash":"w4J1iVHxKTU2IwHKPM9X3ebZIAU3jy+07Uo8Zvk6/ko=","path":"models/entity/za_statue.json"}]