{
  "format_version": "1.12.0",
  "minecraft:geometry": [
    {
      "bones": [
        {
          "cubes": [
            {
              "origin": [
                100,
                0,
                -100
              ],
              "pivot": [
                0,
                0,
                0
              ],
              "rotation": [
                0,
                180,
                0
              ],
              "size": [
                8,
                0,
                208
              ],
              "uv": {
                "down": {
                  "uv": [
                    0,
                    256
                  ],
                  "uv_size": [
                    8,
                    -8
                  ]
                },
                "east": {
                  "uv": [
                    0,
                    120.5
                  ],
                  "uv_size": [
                    3.76563,
                    0
                  ]
                },
                "north": {
                  "uv": [
                    3.76563,
                    120.5
                  ],
                  "uv_size": [
                    0.125,
                    0
                  ]
                },
                "south": {
                  "uv": [
                    7.65625,
                    120.5
                  ],
                  "uv_size": [
                    0.125,
                    0
                  ]
                },
                "up": {
                  "uv": [
                    8,
                    224
                  ],
                  "uv_size": [
                    -8,
                    -208
                  ]
                },
                "west": {
                  "uv": [
                    8,
                    120.5
                  ],
                  "uv_size": [
                    -0.34375,
                    0
                  ]
                }
              }
            },
            {
              "origin": [
                100,
                0,
                -100
              ],
              "size": [
                8,
                0,
                208
              ],
              "uv": {
                "down": {
                  "uv": [
                    8,
                    256
                  ],
                  "uv_size": [
                    -8,
                    -8
                  ]
                },
                "east": {
                  "uv": [
                    0.375,
                    116.5
                  ],
                  "uv_size": [
                    3.64063,
                    0
                  ]
                },
                "north": {
                  "uv": [
                    4.01563,
                    116.5
                  ],
                  "uv_size": [
                    0.125,
                    0
                  ]
                },
                "south": {
                  "uv": [
                    7.78125,
                    116.5
                  ],
                  "uv_size": [
                    0.125,
                    0
                  ]
                },
                "up": {
                  "uv": [
                    8,
                    224
                  ],
                  "uv_size": [
                    -8,
                    -208
                  ]
                },
                "west": {
                  "uv": [
                    4.14063,
                    116.5
                  ],
                  "uv_size": [
                    3.64063,
                    0
                  ]
                }
              }
            },
            {
              "origin": [
                100,
                0,
                -100
              ],
              "pivot": [
                0,
                0,
                0
              ],
              "rotation": [
                0,
                -90,
                0
              ],
              "size": [
                8,
                0,
                208
              ],
              "uv": {
                "down": {
                  "uv": [
                    8,
                    256
                  ],
                  "uv_size": [
                    -8,
                    -8
                  ]
                },
                "east": {
                  "uv": [
                    0,
                    124.5
                  ],
                  "uv_size": [
                    0.125,
                    0
                  ]
                },
                "north": {
                  "uv": [
                    0.125,
                    124.5
                  ],
                  "uv_size": [
                    3.5,
                    0
                  ]
                },
                "south": {
                  "uv": [
                    3.75,
                    124.5
                  ],
                  "uv_size": [
                    3.5,
                    0
                  ]
                },
                "up": {
                  "uv": [
                    8,
                    224
                  ],
                  "uv_size": [
                    -8,
                    -208
                  ]
                },
                "west": {
                  "uv": [
                    3.625,
                    124.5
                  ],
                  "uv_size": [
                    0.125,
                    0
                  ]
                }
              }
            },
            {
              "origin": [
                100,
                0,
                -100
              ],
              "pivot": [
                0,
                0,
                0
              ],
              "rotation": [
                0,
                90,
                0
              ],
              "size": [
                8,
                0,
                208
              ],
              "uv": {
                "down": {
                  "uv": [
                    8,
                    256
                  ],
                  "uv_size": [
                    -8,
                    -8
                  ]
                },
                "east": {
                  "uv": [
                    0,
                    128.5
                  ],
                  "uv_size": [
                    0.125,
                    0
                  ]
                },
                "north": {
                  "uv": [
                    0.125,
                    128.5
                  ],
                  "uv_size": [
                    3.375,
                    0
                  ]
                },
                "south": {
                  "uv": [
                    3.625,
                    128.5
                  ],
                  "uv_size": [
                    3.375,
                    0
                  ]
                },
                "up": {
                  "uv": [
                    8,
                    224
                  ],
                  "uv_size": [
                    -8,
                    -208
                  ]
                },
                "west": {
                  "uv": [
                    3.5,
                    128.5
                  ],
                  "uv_size": [
                    0.125,
                    0
                  ]
                }
              }
            }
          ],
          "name": "plane_zone",
          "pivot": [
            0,
            0,
            0
          ]
        }
      ],
      "description": {
        "identifier": "geometry.ffa.events.plane_zone",
        "texture_height": 256,
        "texture_width": 8,
        "visible_bounds_height": 5,
        "visible_bounds_offset": [
          0,
          0.5,
          0
        ],
        "visible_bounds_width": 17
      }
    }
  ]
}